0x0	[0x0, nil]
0x40	[0x40, nil]
0xf	[0xf, nil]
0x4	[0x4, nil]
0x8	[0x8, nil]
0x1f	[0x1f, nil]
0x2	[0x2, nil]
0x5	[0x5, nil]
0x7	[0x7, nil]
0xd	[0xd, nil]
0x10	[0x10, nil]
0x12	[0x12, nil]
0x14	[0x14, nil]
0x19	[0x19, nil]
0x1a	[0x1a, nil]
0x24	[0x24, nil]
0x25	[0x25, nil]
0x2a	[0x2a, nil]
0x2f	[0x2f, nil]
0x35	[0x35, nil]
0x3a	[0x3a, nil]
0x45	[0x45, nil]
0x4b	[0x4b, nil]
0x50	[0x50, nil]
0x56	[0x56, nil]
0x5b	[0x5b, nil]
0x61	[0x61, nil]
0x66	[0x66, nil]
0x6b	[0x6b, nil]
0x71	[0x71, nil]
0x76	[0x76, nil]
0x7c	[0x7c, nil]
0x81	[0x81, nil]
0x87	[0x87, nil]
0x8c	[0x8c, nil]
0x92	[0x92, nil]
0x97	[0x97, nil]
0x9d	[0x9d, nil]
0xa2	[0xa2, nil]
0xa7	[0xa7, nil]
0xad	[0xad, nil]
0xb2	[0xb2, nil]
0xb3	[0xb3, nil]
0xb8	[0xb8, nil]
0xbd	[0xbd, nil]
0xc3	[0xc3, nil]
0xc8	[0xc8, nil]
0xce	[0xce, nil]
0xd3	[0xd3, nil]
0xd9	[0xd9, nil]
0xde	[0xde, nil]
0xe4	[0xe4, nil]
0xe9	[0xe9, nil]
0xef	[0xef, nil]
0xf4	[0xf4, nil]
0xf9	[0xf9, nil]
0xff	[0xff, nil]
0x104	[0x104, nil]
0x10a	[0x10a, nil]
0x10f	[0x10f, nil]
0x115	[0x115, nil]
0x11a	[0x11a, nil]
0x120	[0x120, nil]
0x125	[0x125, nil]
0x12b	[0x12b, nil]
0x130	[0x130, nil]
0x136	[0x136, nil]
0x13b	[0x13b, nil]
0x13d	[0x13d, nil]
0x13e	[0x13e, nil]
0x142	[0x142, nil]
0x148	[0x148, nil]
0x14b	[0x14b, nil]
0x150	[0x150, nil]
0x152	[0x152, nil]
0x153	[0x153, nil]
0x158	[0x158, nil]
0x15d	[0x15d, nil]
0x15f	[0x15f, nil]
0x162	[0x162, nil]
0x166	[0x166, nil]
0x168	[0x168, nil]
0x169	[0x169, nil]
0x16d	[0x16d, nil]
0x173	[0x173, nil]
0x176	[0x176, nil]
0x179	[0x179, nil]
0x17a	[0x17a, nil]
0x17c	[0x17c, nil]
0x17e	[0x17e, nil]
0x183	[0x183, nil]
0x188	[0x188, nil]
0x18d	[0x18d, nil]
0x18f	[0x18f, nil]
0x190	[0x190, nil]
0x195	[0x195, nil]
0x19a	[0x19a, nil]
0x19c	[0x19c, nil]
0x19f	[0x19f, nil]
0x1a3	[0x1a3, nil]
0x1a5	[0x1a5, nil]
0x1a6	[0x1a6, nil]
0x1aa	[0x1aa, nil]
0x1b0	[0x1b0, nil]
0x1b3	[0x1b3, nil]
0x1b8	[0x1b8, nil]
0x1ba	[0x1ba, nil]
0x1bb	[0x1bb, nil]
0x1c0	[0x1c0, nil]
0x1c5	[0x1c5, nil]
0x1c7	[0x1c7, nil]
0x1ca	[0x1ca, nil]
0x1ce	[0x1ce, nil]
0x1d0	[0x1d0, nil]
0x1d1	[0x1d1, nil]
0x1d5	[0x1d5, nil]
0x1db	[0x1db, nil]
0x1de	[0x1de, nil]
0x1e1	[0x1e1, nil]
0x1e2	[0x1e2, nil]
0x1e4	[0x1e4, nil]
0x1e6	[0x1e6, nil]
0x1eb	[0x1eb, nil]
0x1f0	[0x1f0, nil]
0x1f5	[0x1f5, nil]
0x1f7	[0x1f7, nil]
0x1f8	[0x1f8, nil]
0x1fd	[0x1fd, nil]
0x202	[0x202, nil]
0x204	[0x204, nil]
0x207	[0x207, nil]
0x20b	[0x20b, nil]
0x20d	[0x20d, nil]
0x20e	[0x20e, nil]
0x212	[0x212, nil]
0x218	[0x218, nil]
0x21b	[0x21b, nil]
0x220	[0x220, nil]
0x222	[0x222, nil]
0x223	[0x223, nil]
0x228	[0x228, nil]
0x22d	[0x22d, nil]
0x22f	[0x22f, nil]
0x232	[0x232, nil]
0x236	[0x236, nil]
0x238	[0x238, nil]
0x239	[0x239, nil]
0x23d	[0x23d, nil]
0x243	[0x243, nil]
0x246	[0x246, nil]
0x249	[0x249, nil]
0x24a	[0x24a, nil]
0x24c	[0x24c, nil]
0x24e	[0x24e, nil]
0x253	[0x253, nil]
0x258	[0x258, nil]
0x25d	[0x25d, nil]
0x25f	[0x25f, nil]
0x260	[0x260, nil]
0x265	[0x265, nil]
0x26a	[0x26a, nil]
0x26c	[0x26c, nil]
0x26f	[0x26f, nil]
0x273	[0x273, nil]
0x276	[0x276, nil]
0x279	[0x279, nil]
0x27a	[0x27a, nil]
0x27c	[0x27c, nil]
0x27e	[0x27e, nil]
0x283	[0x283, nil]
0x288	[0x288, nil]
0x28d	[0x28d, nil]
0x28f	[0x28f, nil]
0x290	[0x290, nil]
0x295	[0x295, nil]
0x29a	[0x29a, nil]
0x29c	[0x29c, nil]
0x29f	[0x29f, nil]
0x2a3	[0x2a3, nil]
0x2a5	[0x2a5, nil]
0x2a6	[0x2a6, nil]
0x2aa	[0x2aa, nil]
0x2b0	[0x2b0, nil]
0x2b3	[0x2b3, nil]
0x2b8	[0x2b8, nil]
0x2ba	[0x2ba, nil]
0x2bb	[0x2bb, nil]
0x2c0	[0x2c0, nil]
0x2c5	[0x2c5, nil]
0x2c7	[0x2c7, nil]
0x2ca	[0x2ca, nil]
0x2ce	[0x2ce, nil]
0x2d0	[0x2d0, nil]
0x2d1	[0x2d1, nil]
0x2d5	[0x2d5, nil]
0x2db	[0x2db, nil]
0x2de	[0x2de, nil]
0x2e1	[0x2e1, nil]
0x2e2	[0x2e2, nil]
0x2e4	[0x2e4, nil]
0x2e6	[0x2e6, nil]
0x2eb	[0x2eb, nil]
0x2f0	[0x2f0, nil]
0x2f7	[0x2f7, nil]
0x2f9	[0x2f9, nil]
0x2fa	[0x2fa, nil]
0x2fe	[0x2fe, nil]
0x304	[0x304, nil]
0x307	[0x307, nil]
0x30c	[0x30c, nil]
0x30e	[0x30e, nil]
0x30f	[0x30f, nil]
0x314	[0x314, nil]
0x319	[0x319, nil]
0x31b	[0x31b, nil]
0x31e	[0x31e, nil]
0x322	[0x322, nil]
0x324	[0x324, nil]
0x325	[0x325, nil]
0x329	[0x329, nil]
0x32f	[0x32f, nil]
0x332	[0x332, nil]
0x335	[0x335, nil]
0x336	[0x336, nil]
0x338	[0x338, nil]
0x33a	[0x33a, nil]
0x33f	[0x33f, nil]
0x344	[0x344, nil]
0x349	[0x349, nil]
0x34b	[0x34b, nil]
0x34c	[0x34c, nil]
0x351	[0x351, nil]
0x356	[0x356, nil]
0x358	[0x358, nil]
0x35b	[0x35b, nil]
0x35f	[0x35f, nil]
0x361	[0x361, nil]
0x362	[0x362, nil]
0x366	[0x366, nil]
0x36c	[0x36c, nil]
0x36f	[0x36f, nil]
0x372	[0x372, nil]
0x373	[0x373, nil]
0x375	[0x375, nil]
0x377	[0x377, nil]
0x37c	[0x37c, nil]
0x381	[0x381, nil]
0x386	[0x386, nil]
0x388	[0x388, nil]
0x389	[0x389, nil]
0x38e	[0x38e, nil]
0x393	[0x393, nil]
0x395	[0x395, nil]
0x398	[0x398, nil]
0x39c	[0x39c, nil]
0x39e	[0x39e, nil]
0x39f	[0x39f, nil]
0x3a3	[0x3a3, nil]
0x3a9	[0x3a9, nil]
0x3ac	[0x3ac, nil]
0x3af	[0x3af, nil]
0x3b0	[0x3b0, nil]
0x3b2	[0x3b2, nil]
0x3b4	[0x3b4, nil]
0x3b9	[0x3b9, nil]
0x3be	[0x3be, nil]
0x3c3	[0x3c3, nil]
0x3c5	[0x3c5, nil]
0x3c6	[0x3c6, nil]
0x3cb	[0x3cb, nil]
0x3d0	[0x3d0, nil]
0x3d2	[0x3d2, nil]
0x3d5	[0x3d5, nil]
0x3d9	[0x3d9, nil]
0x3dc	[0x3dc, nil]
0x3df	[0x3df, nil]
0x3e0	[0x3e0, nil]
0x3e2	[0x3e2, nil]
0x3e4	[0x3e4, nil]
0x3e9	[0x3e9, nil]
0x3ee	[0x3ee, nil]
0x3f3	[0x3f3, nil]
0x3f5	[0x3f5, nil]
0x3f6	[0x3f6, nil]
0x3fb	[0x3fb, nil]
0x400	[0x400, nil]
0x402	[0x402, nil]
0x405	[0x405, nil]
0x409	[0x409, nil]
0x40b	[0x40b, nil]
0x40c	[0x40c, nil]
0x410	[0x410, nil]
0x416	[0x416, nil]
0x419	[0x419, nil]
0x41e	[0x41e, nil]
0x420	[0x420, nil]
0x421	[0x421, nil]
0x426	[0x426, nil]
0x42b	[0x42b, nil]
0x42d	[0x42d, nil]
0x430	[0x430, nil]
0x434	[0x434, nil]
0x436	[0x436, nil]
0x437	[0x437, nil]
0x43b	[0x43b, nil]
0x441	[0x441, nil]
0x444	[0x444, nil]
0x447	[0x447, nil]
0x448	[0x448, nil]
0x44a	[0x44a, nil]
0x44c	[0x44c, nil]
0x451	[0x451, nil]
0x456	[0x456, nil]
0x45b	[0x45b, nil]
0x45d	[0x45d, nil]
0x45e	[0x45e, nil]
0x463	[0x463, nil]
0x468	[0x468, nil]
0x46a	[0x46a, nil]
0x46d	[0x46d, nil]
0x471	[0x471, nil]
0x474	[0x474, nil]
0x477	[0x477, nil]
0x478	[0x478, nil]
0x47a	[0x47a, nil]
0x47c	[0x47c, nil]
0x481	[0x481, nil]
0x486	[0x486, nil]
0x48d	[0x48d, nil]
0x48f	[0x48f, nil]
0x490	[0x490, nil]
0x494	[0x494, nil]
0x49a	[0x49a, nil]
0x49d	[0x49d, nil]
0x4a0	[0x4a0, nil]
0x4a1	[0x4a1, nil]
0x4a3	[0x4a3, nil]
0x4a5	[0x4a5, nil]
0x4aa	[0x4aa, nil]
0x4af	[0x4af, nil]
0x4b6	[0x4b6, nil]
0x4b8	[0x4b8, nil]
0x4b9	[0x4b9, nil]
0x4bd	[0x4bd, nil]
0x4c3	[0x4c3, nil]
0x4c6	[0x4c6, nil]
0x4cb	[0x4cb, nil]
0x4cd	[0x4cd, nil]
0x4ce	[0x4ce, nil]
0x4d3	[0x4d3, nil]
0x4d8	[0x4d8, nil]
0x4da	[0x4da, nil]
0x4dd	[0x4dd, nil]
0x4e1	[0x4e1, nil]
0x4e3	[0x4e3, nil]
0x4e4	[0x4e4, nil]
0x4e8	[0x4e8, nil]
0x4ee	[0x4ee, nil]
0x4f1	[0x4f1, nil]
0x4f6	[0x4f6, nil]
0x4f8	[0x4f8, nil]
0x4f9	[0x4f9, nil]
0x4fe	[0x4fe, nil]
0x503	[0x503, nil]
0x505	[0x505, nil]
0x508	[0x508, nil]
0x50c	[0x50c, nil]
0x50e	[0x50e, nil]
0x50f	[0x50f, nil]
0x513	[0x513, nil]
0x519	[0x519, nil]
0x51c	[0x51c, nil]
0x521	[0x521, nil]
0x523	[0x523, nil]
0x524	[0x524, nil]
0x529	[0x529, nil]
0x52e	[0x52e, nil]
0x530	[0x530, nil]
0x533	[0x533, nil]
0x537	[0x537, nil]
0x539	[0x539, nil]
0x53a	[0x53a, nil]
0x53e	[0x53e, nil]
0x544	[0x544, nil]
0x547	[0x547, nil]
0x54a	[0x54a, nil]
0x54b	[0x54b, nil]
0x54d	[0x54d, nil]
0x54f	[0x54f, nil]
0x554	[0x554, nil]
0x559	[0x559, nil]
0x55e	[0x55e, nil]
0x560	[0x560, nil]
0x561	[0x561, nil]
0x566	[0x566, nil]
0x56b	[0x56b, nil]
0x56d	[0x56d, nil]
0x570	[0x570, nil]
0x574	[0x574, nil]
0x576	[0x576, nil]
0x579	[0x579, nil]
0x57b	[0x57b, nil]
0x57e	[0x57e, nil]
0x580	[0x580, nil]
0x581	[0x581, nil]
0x596	[0x596, nil]
0x59a	[0x59a, nil]
0x59c	[0x59c, nil]
0x5a0	[0x5a0, nil]
0x5a3	[0x5a3, nil]
0x5a5	[0x5a5, nil]
0x5a7	[0x5a7, nil]
0x5a8	[0x5a8, nil]
0x5ae	[0x5ae, nil]
0x5b2	[0x5b2, nil]
0x5b4	[0x5b4, nil]
0x6b0	[0x6b0, nil]
0x6d4	[0x6d4, nil]
0x6d6	[0x6d6, nil]
0x6da	[0x6da, nil]
0x6dd	[0x6dd, nil]
0x6df	[0x6df, nil]
0x6e1	[0x6e1, nil]
0x6e2	[0x6e2, nil]
0x6e6	[0x6e6, nil]
0x6e9	[0x6e9, nil]
0x6eb	[0x6eb, nil]
0x6ed	[0x6ed, nil]
0x6ee	[0x6ee, nil]
0x6f2	[0x6f2, nil]
0x6f5	[0x6f5, nil]
0x6f7	[0x6f7, nil]
0x6f9	[0x6f9, nil]
0x6fa	[0x6fa, nil]
0x702	[0x702, nil]
0x706	[0x706, nil]
0x708	[0x708, nil]
0x70b	[0x70b, nil]
0x710	[0x710, nil]
0x715	[0x715, nil]
0x71a	[0x71a, nil]
0x71c	[0x71c, nil]
0x721	[0x721, nil]
0x723	[0x723, nil]
0x727	[0x727, nil]
0x729	[0x729, nil]
0x72a	[0x72a, nil]
0x72c	[0x72c, nil]
0x72d	[0x72d, nil]
0x730	[0x730, nil]
0x745	[0x745, nil]
0x746	[0x746, nil]
0x75b	[0x75b, nil]
0x75e	[0x75e, nil]
0x760	[0x760, nil]
0x764	[0x764, nil]
0x766	[0x766, nil]
0x767	[0x767, nil]
0x769	[0x769, nil]
0x76a	[0x76a, nil]
0x76d	[0x76d, nil]
0x772	[0x772, nil]
0x774	[0x774, nil]
0x77c	[0x77c, nil]
0x77e	[0x77e, nil]
0x783	[0x783, nil]
0x785	[0x785, nil]
0x789	[0x789, nil]
0x78b	[0x78b, nil]
0x78c	[0x78c, nil]
0x78e	[0x78e, nil]
0x78f	[0x78f, nil]
0x792	[0x792, nil]
0x7a7	[0x7a7, nil]
0x7a8	[0x7a8, nil]
0x7bd	[0x7bd, nil]
0x7c0	[0x7c0, nil]
0x7c2	[0x7c2, nil]
0x7c6	[0x7c6, nil]
0x7c8	[0x7c8, nil]
0x7c9	[0x7c9, nil]
0x7cb	[0x7cb, nil]
0x7cc	[0x7cc, nil]
0x7d1	[0x7d1, nil]
0x7d3	[0x7d3, nil]
0x7d7	[0x7d7, nil]
0x7d9	[0x7d9, nil]
0x7da	[0x7da, nil]
0x7dc	[0x7dc, nil]
0x7e2	[0x7e2, nil]
0x7f7	[0x7f7, nil]
0x7fa	[0x7fa, nil]
0x80f	[0x80f, nil]
0x810	[0x810, nil]
0x833	[0x833, nil]
0x835	[0x835, nil]
0x836	[0x836, nil]
0x83c	[0x83c, nil]
0x841	[0x841, nil]
0x843	[0x843, nil]
0x846	[0x846, nil]
0x851	[0x851, nil]
0x853	[0x853, nil]
0x855	[0x855, nil]
0x957	[0x957, nil]
0x959	[0x959, nil]
0xa52	[0xa52, nil]
0xa54	[0xa54, nil]
0xa58	[0xa58, nil]
0xa5b	[0xa5b, nil]
0xa5d	[0xa5d, nil]
0xa5f	[0xa5f, nil]
0xa60	[0xa60, nil]
0xa64	[0xa64, nil]
0xa67	[0xa67, nil]
0xa69	[0xa69, nil]
0xa6b	[0xa6b, nil]
0xa6c	[0xa6c, nil]
0xa70	[0xa70, nil]
0xa73	[0xa73, nil]
0xa75	[0xa75, nil]
0xa77	[0xa77, nil]
0xa78	[0xa78, nil]
0xa80	[0xa80, nil]
0xc22	[0xc22, nil]
0xd3e	[0xd3e, nil]
0xd41	[0xd41, nil]
0xd46	[0xd46, nil]
0xd48	[0xd48, nil]
0xd4a	[0xd4a, nil]
0xd4f	[0xd4f, nil]
0xd51	[0xd51, nil]
0xd55	[0xd55, nil]
0xd57	[0xd57, nil]
0xd58	[0xd58, nil]
0xd5a	[0xd5a, nil]
0xd5b	[0xd5b, nil]
0xd5e	[0xd5e, nil]
0xd73	[0xd73, nil]
0xd74	[0xd74, nil]
0xd89	[0xd89, nil]
0xd8c	[0xd8c, nil]
0xd8e	[0xd8e, nil]
0xd92	[0xd92, nil]
0xd94	[0xd94, nil]
0xd95	[0xd95, nil]
0xd97	[0xd97, nil]
0xd98	[0xd98, nil]
0xd9d	[0xd9d, nil]
0xd9f	[0xd9f, nil]
0xda3	[0xda3, nil]
0xda5	[0xda5, nil]
0xda6	[0xda6, nil]
0xda8	[0xda8, nil]
0xda9	[0xda9, nil]
0xdaa	[0xdaa, nil]
0xdab	[0xdab, nil]
0xdaf	[0xdaf, nil]
0xdb1	[0xdb1, nil]
0xdb2	[0xdb2, nil]
0xdd5	[0xdd5, nil]
0xdd7	[0xdd7, nil]
0xdd8	[0xdd8, nil]
0xddc	[0xddc, nil]
0xde1	[0xde1, nil]
0xde3	[0xde3, nil]
0xde6	[0xde6, nil]
0xdea	[0xdea, nil]
0xded	[0xded, nil]
0xdf0	[0xdf0, nil]
0xdf2	[0xdf2, nil]
0xdf5	[0xdf5, nil]
0xdf7	[0xdf7, nil]
0xdfa	[0xdfa, nil]
0xdfc	[0xdfc, nil]
0xdfd	[0xdfd, nil]
0xe12	[0xe12, nil]
0xe13	[0xe13, nil]
0xe28	[0xe28, nil]
0xe29	[0xe29, nil]
0xe2e	[0xe2e, nil]
0xe4f	[0xe4f, nil]
0xe51	[0xe51, nil]
0xe53	[0xe53, nil]
0xe58	[0xe58, nil]
0xe59	[0xe59, nil]
0xe5b	[0xe5b, nil]
0xe5e	[0xe5e, nil]
0xe60	[0xe60, nil]
0xe61	[0xe61, nil]
0xe66	[0xe66, nil]
0xe6b	[0xe6b, nil]
0xe6d	[0xe6d, nil]
0xe6f	[0xe6f, nil]
0xe72	[0xe72, nil]
0xe76	[0xe76, nil]
0xe77	[0xe77, nil]
0xe79	[0xe79, nil]
0xe7a	[0xe7a, nil]
0xe7e	[0xe7e, nil]
0xe84	[0xe84, nil]
0xe85	[0xe85, nil]
0xe86	[0xe86, nil]
0xe88	[0xe88, nil]
0xe89	[0xe89, nil]
0xe8d	[0xe8d, nil]
0xe8e	[0xe8e, nil]
0xe92	[0xe92, nil]
0xe93	[0xe93, nil]
0xe9b	[0xe9b, nil]
0xe9d	[0xe9d, nil]
0xe9e	[0xe9e, nil]
0xe9f	[0xe9f, nil]
0xea1	[0xea1, nil]
0xea2	[0xea2, nil]
0xea5	[0xea5, nil]
0xea6	[0xea6, nil]
0xea8	[0xea8, nil]
0xeaa	[0xeaa, nil]
0xeaf	[0xeaf, nil]
0xeb1	[0xeb1, nil]
0xeb6	[0xeb6, nil]
0xebc	[0xebc, nil]
0xebd	[0xebd, nil]
0xebe	[0xebe, nil]
0xec2	[0xec2, nil]
0xec4	[0xec4, nil]
0xec5	[0xec5, nil]
0xee8	[0xee8, nil]
0xeea	[0xeea, nil]
0xeeb	[0xeeb, nil]
0xeef	[0xeef, nil]
0xef4	[0xef4, nil]
0xef6	[0xef6, nil]
0xef9	[0xef9, nil]
0xefd	[0xefd, nil]
0xf02	[0xf02, nil]
0xf03	[0xf03, nil]
0xf04	[0xf04, nil]
0xf08	[0xf08, nil]
0xf0d	[0xf0d, nil]
0xf0e	[0xf0e, nil]
0xf0f	[0xf0f, nil]
0xf16	[0xf16, nil]
0xf18	[0xf18, nil]
0xf19	[0xf19, nil]
0xf1f	[0xf1f, nil]
0xf21	[0xf21, nil]
0xf22	[0xf22, nil]
0xf24	[0xf24, nil]
0xf25	[0xf25, nil]
0xf26	[0xf26, nil]
0xf27	[0xf27, nil]
0xf29	[0xf29, nil]
0xf2a	[0xf2a, nil]
0xf2b	[0xf2b, nil]
0xf40	[0xf40, nil]
0xf44	[0xf44, nil]
0xf46	[0xf46, nil]
0xf47	[0xf47, nil]
0xf4d	[0xf4d, nil]
0xf4f	[0xf4f, nil]
0xf50	[0xf50, nil]
0xf52	[0xf52, nil]
0xf53	[0xf53, nil]
0xf54	[0xf54, nil]
0xf55	[0xf55, nil]
0xf57	[0xf57, nil]
0xf58	[0xf58, nil]
0xf59	[0xf59, nil]
0xf6e	[0xf6e, nil]
0xf6f	[0xf6f, nil]
0xf70	[0xf70, nil]
0xf71	[0xf71, nil]
0xf75	[0xf75, nil]
0xf77	[0xf77, nil]
0xf78	[0xf78, nil]
0xf9b	[0xf9b, nil]
0xf9d	[0xf9d, nil]
0xf9e	[0xf9e, nil]
0xfa2	[0xfa2, nil]
0xfa7	[0xfa7, nil]
0xfa9	[0xfa9, nil]
0xfac	[0xfac, nil]
0xfb2	[0xfb2, nil]
0xfb4	[0xfb4, nil]
0xfb8	[0xfb8, nil]
0xfbe	[0xfbe, nil]
0xfc0	[0xfc0, nil]
0xfe8	[0xfe8, nil]
0xfea	[0xfea, nil]
0xfeb	[0xfeb, nil]
0xff1	[0xff1, nil]
0xff3	[0xff3, nil]
0xff4	[0xff4, nil]
0xff6	[0xff6, nil]
0xff7	[0xff7, nil]
0xff8	[0xff8, nil]
0xff9	[0xff9, nil]
0xffb	[0xffb, nil]
0xffc	[0xffc, nil]
0xffd	[0xffd, nil]
0xfff	[0xfff, nil]
0x1000	[0x1000, nil]
0x1002	[0x1002, nil]
0x1003	[0x1003, nil]
0x100d	[0x100d, nil]
0x1012	[0x1012, nil]
0x1014	[0x1014, nil]
0x1015	[0x1015, nil]
0x1019	[0x1019, nil]
0x101a	[0x101a, nil]
0x101e	[0x101e, nil]
0x1022	[0x1022, nil]
0x1024	[0x1024, nil]
0x1026	[0x1026, nil]
0x1027	[0x1027, nil]
0x102a	[0x102a, nil]
0x102c	[0x102c, nil]
0x102e	[0x102e, nil]
0x1030	[0x1030, nil]
0x1032	[0x1032, nil]
0x1033	[0x1033, nil]
0x1035	[0x1035, nil]
0x1036	[0x1036, nil]
0x103c	[0x103c, nil]
0x1041	[0x1041, nil]
0x1043	[0x1043, nil]
0x1044	[0x1044, nil]
0x1048	[0x1048, nil]
0x1049	[0x1049, nil]
0x104d	[0x104d, nil]
0x1051	[0x1051, nil]
0x1053	[0x1053, nil]
0x1055	[0x1055, nil]
0x1056	[0x1056, nil]
0x1059	[0x1059, nil]
0x105b	[0x105b, nil]
0x1061	[0x1061, nil]
0x1063	[0x1063, nil]
0x1064	[0x1064, nil]
0x106a	[0x106a, nil]
0x106c	[0x106c, nil]
0x106d	[0x106d, nil]
0x106f	[0x106f, nil]
0x1070	[0x1070, nil]
0x1071	[0x1071, nil]
0x1072	[0x1072, nil]
0x1074	[0x1074, nil]
0x1075	[0x1075, nil]
0x1079	[0x1079, nil]
0x107b	[0x107b, nil]
0x107c	[0x107c, nil]
0x1082	[0x1082, nil]
0x1084	[0x1084, nil]
0x1085	[0x1085, nil]
0x1087	[0x1087, nil]
0x1088	[0x1088, nil]
0x1089	[0x1089, nil]
0x108a	[0x108a, nil]
0x108c	[0x108c, nil]
0x108d	[0x108d, nil]
0x1091	[0x1091, nil]
0x1093	[0x1093, nil]
0x1094	[0x1094, nil]
0x109a	[0x109a, nil]
0x109c	[0x109c, nil]
0x109d	[0x109d, nil]
0x109f	[0x109f, nil]
0x10a0	[0x10a0, nil]
0x10a1	[0x10a1, nil]
0x10a2	[0x10a2, nil]
0x10a4	[0x10a4, nil]
0x10a5	[0x10a5, nil]
0x10a6	[0x10a6, nil]
0x10a8	[0x10a8, nil]
0x10a9	[0x10a9, nil]
0x10ad	[0x10ad, nil]
0x10af	[0x10af, nil]
0x10b0	[0x10b0, nil]
0x10b3	[0x10b3, nil]
0x10b5	[0x10b5, nil]
0x10b6	[0x10b6, nil]
0x10be	[0x10be, nil]
0x10c3	[0x10c3, nil]
0x10c5	[0x10c5, nil]
0x10c7	[0x10c7, nil]
0x10c8	[0x10c8, nil]
0x10cb	[0x10cb, nil]
0x10cf	[0x10cf, nil]
0x10d2	[0x10d2, nil]
0x10d3	[0x10d3, nil]
0x10d4	[0x10d4, nil]
0x10d6	[0x10d6, nil]
0x10d7	[0x10d7, nil]
0x10db	[0x10db, nil]
0x10dc	[0x10dc, nil]
0x10e0	[0x10e0, nil]
0x10e1	[0x10e1, nil]
0x10e8	[0x10e8, nil]
0x10ea	[0x10ea, nil]
0x10ec	[0x10ec, nil]
0x10ed	[0x10ed, nil]
0x10ee	[0x10ee, nil]
0x10f1	[0x10f1, nil]
0x10f3	[0x10f3, nil]
0x1108	[0x1108, nil]
0x110a	[0x110a, nil]
0x111f	[0x111f, nil]
0x1120	[0x1120, nil]
0x1121	[0x1121, nil]
0x1122	[0x1122, nil]
0x1126	[0x1126, nil]
0x1128	[0x1128, nil]
0x1129	[0x1129, nil]
0x114c	[0x114c, nil]
0x114e	[0x114e, nil]
0x114f	[0x114f, nil]
0x1153	[0x1153, nil]
0x1158	[0x1158, nil]
0x115a	[0x115a, nil]
0x115d	[0x115d, nil]
0x1164	[0x1164, nil]
0x1166	[0x1166, nil]
0x1167	[0x1167, nil]
0x116d	[0x116d, nil]
0x116f	[0x116f, nil]
0x1170	[0x1170, nil]
0x1172	[0x1172, nil]
0x1173	[0x1173, nil]
0x1174	[0x1174, nil]
0x1175	[0x1175, nil]
0x1177	[0x1177, nil]
0x1178	[0x1178, nil]
0x1179	[0x1179, nil]
0x118e	[0x118e, nil]
0x1190	[0x1190, nil]
0x11a5	[0x11a5, nil]
0x11a6	[0x11a6, nil]
0x11a7	[0x11a7, nil]
0x11ab	[0x11ab, nil]
0x11ad	[0x11ad, nil]
0x11ae	[0x11ae, nil]
0x11d1	[0x11d1, nil]
0x11d3	[0x11d3, nil]
0x11d4	[0x11d4, nil]
0x11d8	[0x11d8, nil]
0x11dd	[0x11dd, nil]
0x11df	[0x11df, nil]
0x11e2	[0x11e2, nil]
0x11e6	[0x11e6, nil]
0x11ec	[0x11ec, nil]
0x11ee	[0x11ee, nil]
0x11ef	[0x11ef, nil]
0x11f5	[0x11f5, nil]
0x11f7	[0x11f7, nil]
0x11f8	[0x11f8, nil]
0x11fa	[0x11fa, nil]
0x11fb	[0x11fb, nil]
0x11fc	[0x11fc, nil]
0x11fd	[0x11fd, nil]
0x11ff	[0x11ff, nil]
0x1200	[0x1200, nil]
0x1202	[0x1202, nil]
0x1209	[0x1209, nil]
0x121e	[0x121e, nil]
0x1221	[0x1221, nil]
0x1236	[0x1236, nil]
0x1237	[0x1237, nil]
0x125a	[0x125a, nil]
0x125c	[0x125c, nil]
0x125d	[0x125d, nil]
0x1263	[0x1263, nil]
0x1268	[0x1268, nil]
0x126a	[0x126a, nil]
0x126d	[0x126d, nil]
0x1275	[0x1275, nil]
0x1277	[0x1277, nil]
0x127b	[0x127b, nil]
0x1282	[0x1282, nil]
0x1284	[0x1284, nil]
0x1289	[0x1289, nil]
0x128b	[0x128b, nil]
0x128f	[0x128f, nil]
0x1291	[0x1291, nil]
0x1292	[0x1292, nil]
0x1294	[0x1294, nil]
0x1295	[0x1295, nil]
0x1298	[0x1298, nil]
0x12ad	[0x12ad, nil]
0x12ae	[0x12ae, nil]
0x12c3	[0x12c3, nil]
0x12c6	[0x12c6, nil]
0x12c8	[0x12c8, nil]
0x12cc	[0x12cc, nil]
0x12ce	[0x12ce, nil]
0x12cf	[0x12cf, nil]
0x12d1	[0x12d1, nil]
0x12d2	[0x12d2, nil]
0x12d7	[0x12d7, nil]
0x12d9	[0x12d9, nil]
0x12dd	[0x12dd, nil]
0x12df	[0x12df, nil]
0x12e0	[0x12e0, nil]
0x12e2	[0x12e2, nil]
0x12e7	[0x12e7, nil]
0x12ec	[0x12ec, nil]
0x12f3	[0x12f3, nil]
0x1308	[0x1308, nil]
0x130a	[0x130a, nil]
0x132c	[0x132c, nil]
0x132e	[0x132e, nil]
0x132f	[0x132f, nil]
0x1334	[0x1334, nil]
0x1339	[0x1339, nil]
0x133b	[0x133b, nil]
0x133e	[0x133e, nil]
0x1349	[0x1349, nil]
0x134b	[0x134b, nil]
0x134e	[0x134e, nil]
0x1350	[0x1350, nil]
0x1353	[0x1353, nil]
0x1355	[0x1355, nil]
0x1356	[0x1356, nil]
0x1358	[0x1358, nil]
0x135a	[0x135a, nil]
0x135f	[0x135f, nil]
0x1362	[0x1362, nil]
0x1369	[0x1369, nil]
0x136e	[0x136e, nil]
0x1371	[0x1371, nil]
0x1373	[0x1373, nil]
0x1376	[0x1376, nil]
0x1378	[0x1378, nil]
0x1379	[0x1379, nil]
0x137b	[0x137b, nil]
0x137c	[0x137c, nil]
0x137e	[0x137e, nil]
0x1382	[0x1382, nil]
0x1384	[0x1384, nil]
0x1385	[0x1385, nil]
0x13a8	[0x13a8, nil]
0x13aa	[0x13aa, nil]
0x13ab	[0x13ab, nil]
0x13af	[0x13af, nil]
0x13b4	[0x13b4, nil]
0x13b6	[0x13b6, nil]
0x13b9	[0x13b9, nil]
0x13bd	[0x13bd, nil]
0x13c0	[0x13c0, nil]
0x13c3	[0x13c3, nil]
0x13c5	[0x13c5, nil]
0x13c8	[0x13c8, nil]
0x13ca	[0x13ca, nil]
0x13cb	[0x13cb, nil]
0x13cd	[0x13cd, nil]
0x13ce	[0x13ce, nil]
0x13d2	[0x13d2, nil]
0x13d3	[0x13d3, nil]
0x13d7	[0x13d7, nil]
0x13d9	[0x13d9, nil]
0x13db	[0x13db, nil]
0x13dd	[0x13dd, nil]
0x13e0	[0x13e0, nil]
0x13e2	[0x13e2, nil]
0x13e4	[0x13e4, nil]
0x13e6	[0x13e6, nil]
0x13e7	[0x13e7, nil]
0x13e8	[0x13e8, nil]
0x13eb	[0x13eb, nil]
0x13ec	[0x13ec, nil]
0x13ed	[0x13ed, nil]
0x13ee	[0x13ee, nil]
0x13f2	[0x13f2, nil]
0x13f4	[0x13f4, nil]
0x13f7	[0x13f7, nil]
0x13fa	[0x13fa, nil]
0x13fc	[0x13fc, nil]
0x13fe	[0x13fe, nil]
0x1400	[0x1400, nil]
0x1401	[0x1401, nil]
0x1402	[0x1402, nil]
0x1405	[0x1405, nil]
0x1406	[0x1406, nil]
0x1407	[0x1407, nil]
0x1408	[0x1408, nil]
0x140e	[0x140e, nil]
0x1410	[0x1410, nil]
0x1412	[0x1412, nil]
0x1415	[0x1415, nil]
0x1417	[0x1417, nil]
0x1419	[0x1419, nil]
0x142e	[0x142e, nil]
0x142f	[0x142f, nil]
0x1430	[0x1430, nil]
0x1433	[0x1433, nil]
0x1448	[0x1448, nil]
0x1449	[0x1449, nil]
0x144a	[0x144a, nil]
0x144e	[0x144e, nil]
0x1451	[0x1451, nil]
0x1456	[0x1456, nil]
0x145d	[0x145d, nil]
0x145f	[0x145f, nil]
0x1461	[0x1461, nil]
0x1464	[0x1464, nil]
0x1466	[0x1466, nil]
0x1468	[0x1468, nil]
0x147d	[0x147d, nil]
0x147e	[0x147e, nil]
0x147f	[0x147f, nil]
0x1482	[0x1482, nil]
0x1497	[0x1497, nil]
0x1498	[0x1498, nil]
0x1499	[0x1499, nil]
0x149d	[0x149d, nil]
0x149f	[0x149f, nil]
0x14a1	[0x14a1, nil]
0x14a3	[0x14a3, nil]
0x14a6	[0x14a6, nil]
0x14a8	[0x14a8, nil]
0x14aa	[0x14aa, nil]
0x14bf	[0x14bf, nil]
0x14c0	[0x14c0, nil]
0x14c1	[0x14c1, nil]
0x14c4	[0x14c4, nil]
0x14d9	[0x14d9, nil]
0x14da	[0x14da, nil]
0x14db	[0x14db, nil]
0x14df	[0x14df, nil]
0x1500	[0x1500, nil]
0x1502	[0x1502, nil]
0x1505	[0x1505, nil]
0x1507	[0x1507, nil]
0x150a	[0x150a, nil]
0x150c	[0x150c, nil]
0x150d	[0x150d, nil]
0x1522	[0x1522, nil]
0x1523	[0x1523, nil]
0x1538	[0x1538, nil]
0x1539	[0x1539, nil]
0x153e	[0x153e, nil]
0x1540	[0x1540, nil]
0x1542	[0x1542, nil]
0x1547	[0x1547, nil]
0x1548	[0x1548, nil]
0x154a	[0x154a, nil]
0x154d	[0x154d, nil]
0x154f	[0x154f, nil]
0x1550	[0x1550, nil]
0x1552	[0x1552, nil]
0x1554	[0x1554, nil]
0x1557	[0x1557, nil]
0x155b	[0x155b, nil]
0x155c	[0x155c, nil]
0x155e	[0x155e, nil]
0x155f	[0x155f, nil]
0x1563	[0x1563, nil]
0x1569	[0x1569, nil]
0x156a	[0x156a, nil]
0x156b	[0x156b, nil]
0x156d	[0x156d, nil]
0x156e	[0x156e, nil]
0x1572	[0x1572, nil]
0x1573	[0x1573, nil]
0x1577	[0x1577, nil]
0x1578	[0x1578, nil]
0x1580	[0x1580, nil]
0x1582	[0x1582, nil]
0x1583	[0x1583, nil]
0x1584	[0x1584, nil]
0x1588	[0x1588, nil]
0x1589	[0x1589, nil]
0x158b	[0x158b, nil]
0x158c	[0x158c, nil]
0x158f	[0x158f, nil]
0x1590	[0x1590, nil]
0x1592	[0x1592, nil]
0x1594	[0x1594, nil]
0x1599	[0x1599, nil]
0x159b	[0x159b, nil]
0x15a0	[0x15a0, nil]
0x15a6	[0x15a6, nil]
0x15a8	[0x15a8, nil]
0x15aa	[0x15aa, nil]
0x15ab	[0x15ab, nil]
0x15ac	[0x15ac, nil]
0x15af	[0x15af, nil]
0x15b4	[0x15b4, nil]
0x15b5	[0x15b5, nil]
0x15b7	[0x15b7, nil]
0x15b8	[0x15b8, nil]
0x15ba	[0x15ba, nil]
0x15bb	[0x15bb, nil]
0x15c3	[0x15c3, nil]
0x15c8	[0x15c8, nil]
0x15ca	[0x15ca, nil]
0x15cb	[0x15cb, nil]
0x15cf	[0x15cf, nil]
0x15d0	[0x15d0, nil]
0x15d4	[0x15d4, nil]
0x15d8	[0x15d8, nil]
0x15da	[0x15da, nil]
0x15dc	[0x15dc, nil]
0x15dd	[0x15dd, nil]
0x15de	[0x15de, nil]
0x15e5	[0x15e5, nil]
0x15e6	[0x15e6, nil]
0x15ea	[0x15ea, nil]
0x15ed	[0x15ed, nil]
0x15ef	[0x15ef, nil]
0x15f2	[0x15f2, nil]
0x15f4	[0x15f4, nil]
0x15f6	[0x15f6, nil]
0x15f8	[0x15f8, nil]
0x15f9	[0x15f9, nil]
0x15fa	[0x15fa, nil]
0x15fd	[0x15fd, nil]
0x15fe	[0x15fe, nil]
0x15ff	[0x15ff, nil]
0x1600	[0x1600, nil]
0x160a	[0x160a, nil]
0x160c	[0x160c, nil]
0x160f	[0x160f, nil]
0x1611	[0x1611, nil]
0x1614	[0x1614, nil]
0x1616	[0x1616, nil]
0x1617	[0x1617, nil]
0x162c	[0x162c, nil]
0x16e2	[0x16e2, nil]
0x16e4	[0x16e4, nil]
0x16e7	[0x16e7, nil]
0x16e9	[0x16e9, nil]
0x16ec	[0x16ec, nil]
0x16ee	[0x16ee, nil]
0x16ef	[0x16ef, nil]
0x1704	[0x1704, nil]
0x1708	[0x1708, nil]
0x170a	[0x170a, nil]
0x170e	[0x170e, nil]
0x1711	[0x1711, nil]
0x1713	[0x1713, nil]
0x1715	[0x1715, nil]
0x1716	[0x1716, nil]
0x171a	[0x171a, nil]
0x171d	[0x171d, nil]
0x171f	[0x171f, nil]
0x1721	[0x1721, nil]
0x1722	[0x1722, nil]
0x1729	[0x1729, nil]
0x172d	[0x172d, nil]
0x172f	[0x172f, nil]
0x1732	[0x1732, nil]
0x1734	[0x1734, nil]
0x1737	[0x1737, nil]
0x1739	[0x1739, nil]
0x173a	[0x173a, nil]
0x174f	[0x174f, nil]
0x1750	[0x1750, nil]
0x1765	[0x1765, nil]
0x1766	[0x1766, nil]
0x176b	[0x176b, nil]
0x178c	[0x178c, nil]
0x178e	[0x178e, nil]
0x1790	[0x1790, nil]
0x1795	[0x1795, nil]
0x1796	[0x1796, nil]
0x1798	[0x1798, nil]
0x179b	[0x179b, nil]
0x179d	[0x179d, nil]
0x179e	[0x179e, nil]
0x17a3	[0x17a3, nil]
0x17a8	[0x17a8, nil]
0x17aa	[0x17aa, nil]
0x17ac	[0x17ac, nil]
0x17af	[0x17af, nil]
0x17b3	[0x17b3, nil]
0x17b4	[0x17b4, nil]
0x17b6	[0x17b6, nil]
0x17b7	[0x17b7, nil]
0x17bb	[0x17bb, nil]
0x17c1	[0x17c1, nil]
0x17c2	[0x17c2, nil]
0x17c3	[0x17c3, nil]
0x17c5	[0x17c5, nil]
0x17c6	[0x17c6, nil]
0x17ca	[0x17ca, nil]
0x17cb	[0x17cb, nil]
0x17cf	[0x17cf, nil]
0x17d0	[0x17d0, nil]
0x17d8	[0x17d8, nil]
0x17da	[0x17da, nil]
0x17db	[0x17db, nil]
0x17dc	[0x17dc, nil]
0x17de	[0x17de, nil]
0x17df	[0x17df, nil]
0x17e2	[0x17e2, nil]
0x17e3	[0x17e3, nil]
0x17e5	[0x17e5, nil]
0x17e7	[0x17e7, nil]
0x17ec	[0x17ec, nil]
0x17ee	[0x17ee, nil]
0x17f3	[0x17f3, nil]
0x17f8	[0x17f8, nil]
0x17f9	[0x17f9, nil]
0x17fa	[0x17fa, nil]
0x17fb	[0x17fb, nil]
0x17ff	[0x17ff, nil]
0x1801	[0x1801, nil]
0x1802	[0x1802, nil]
0x1825	[0x1825, nil]
0x1827	[0x1827, nil]
0x1828	[0x1828, nil]
0x182c	[0x182c, nil]
0x1831	[0x1831, nil]
0x1833	[0x1833, nil]
0x1836	[0x1836, nil]
0x183a	[0x183a, nil]
0x183c	[0x183c, nil]
0x183e	[0x183e, nil]
0x1841	[0x1841, nil]
0x1843	[0x1843, nil]
0x1846	[0x1846, nil]
0x1848	[0x1848, nil]
0x1849	[0x1849, nil]
0x185e	[0x185e, nil]
0x185f	[0x185f, nil]
0x1874	[0x1874, nil]
0x1875	[0x1875, nil]
0x187a	[0x187a, nil]
0x189b	[0x189b, nil]
0x189d	[0x189d, nil]
0x189f	[0x189f, nil]
0x18a4	[0x18a4, nil]
0x18a5	[0x18a5, nil]
0x18a7	[0x18a7, nil]
0x18aa	[0x18aa, nil]
0x18ac	[0x18ac, nil]
0x18ad	[0x18ad, nil]
0x18b2	[0x18b2, nil]
0x18b7	[0x18b7, nil]
0x18b9	[0x18b9, nil]
0x18bb	[0x18bb, nil]
0x18be	[0x18be, nil]
0x18c2	[0x18c2, nil]
0x18c3	[0x18c3, nil]
0x18c5	[0x18c5, nil]
0x18c6	[0x18c6, nil]
0x18ca	[0x18ca, nil]
0x18d0	[0x18d0, nil]
0x18d1	[0x18d1, nil]
0x18d2	[0x18d2, nil]
0x18d4	[0x18d4, nil]
0x18d5	[0x18d5, nil]
0x18d9	[0x18d9, nil]
0x18da	[0x18da, nil]
0x18de	[0x18de, nil]
0x18df	[0x18df, nil]
0x18e7	[0x18e7, nil]
0x18e9	[0x18e9, nil]
0x18ea	[0x18ea, nil]
0x18eb	[0x18eb, nil]
0x18ed	[0x18ed, nil]
0x18ee	[0x18ee, nil]
0x18f1	[0x18f1, nil]
0x18f2	[0x18f2, nil]
0x18f4	[0x18f4, nil]
0x18f6	[0x18f6, nil]
0x18fb	[0x18fb, nil]
0x18fd	[0x18fd, nil]
0x1902	[0x1902, nil]
0x1909	[0x1909, nil]
0x190b	[0x190b, nil]
0x1920	[0x1920, nil]
0x1922	[0x1922, nil]
0x1937	[0x1937, nil]
0x1938	[0x1938, nil]
0x1939	[0x1939, nil]
0x193a	[0x193a, nil]
0x193e	[0x193e, nil]
0x1940	[0x1940, nil]
0x1943	[0x1943, nil]
0x1945	[0x1945, nil]
0x1948	[0x1948, nil]
0x194a	[0x194a, nil]
0x194b	[0x194b, nil]
0x1960	[0x1960, nil]
0x1965	[0x1965, nil]
0x197a	[0x197a, nil]
0x197b	[0x197b, nil]
0x197e	[0x197e, nil]
0x1981	[0x1981, nil]
0x1982	[0x1982, nil]
0x1984	[0x1984, nil]
0x1986	[0x1986, nil]
0x1987	[0x1987, nil]
0x1989	[0x1989, nil]
0x198b	[0x198b, nil]
0x198e	[0x198e, nil]
0x1993	[0x1993, nil]
0x1999	[0x1999, nil]
0x199b	[0x199b, nil]
0x199c	[0x199c, nil]
0x19a0	[0x19a0, nil]
0x19a1	[0x19a1, nil]
0x19a5	[0x19a5, nil]
0x19a6	[0x19a6, nil]
0x19ac	[0x19ac, nil]
0x19c1	[0x19c1, nil]
0x19c2	[0x19c2, nil]
0x19c5	[0x19c5, nil]
0x19ca	[0x19ca, nil]
0x19df	[0x19df, nil]
0x19e0	[0x19e0, nil]
0x1a01	[0x1a01, nil]
0x1a02	[0x1a02, nil]
0x1a04	[0x1a04, nil]
0x1a05	[0x1a05, nil]
0x1a0a	[0x1a0a, nil]
0x1a0f	[0x1a0f, nil]
0x1a11	[0x1a11, nil]
0x1a14	[0x1a14, nil]
0x1a1a	[0x1a1a, nil]
0x1a1e	[0x1a1e, nil]
0x1a20	[0x1a20, nil]
0x1a22	[0x1a22, nil]
0x1a25	[0x1a25, nil]
0x1a27	[0x1a27, nil]
0x1a2a	[0x1a2a, nil]
0x1a2c	[0x1a2c, nil]
0x1a2d	[0x1a2d, nil]
0x1a42	[0x1a42, nil]
0x1a43	[0x1a43, nil]
0x1a58	[0x1a58, nil]
0x1a59	[0x1a59, nil]
0x1a61	[0x1a61, nil]
0x1a66	[0x1a66, nil]
0x1a84	[0x1a84, nil]
0x1a86	[0x1a86, nil]
0x1a89	[0x1a89, nil]
0x1a8b	[0x1a8b, nil]
0x1a8e	[0x1a8e, nil]
0x1a90	[0x1a90, nil]
0x1a91	[0x1a91, nil]
0x1a93	[0x1a93, nil]
0x1a95	[0x1a95, nil]
0x1a9a	[0x1a9a, nil]
0x1a9d	[0x1a9d, nil]
0x1aa4	[0x1aa4, nil]
0x1aa9	[0x1aa9, nil]
0x1aac	[0x1aac, nil]
0x1aae	[0x1aae, nil]
0x1ab1	[0x1ab1, nil]
0x1ab3	[0x1ab3, nil]
0x1ab4	[0x1ab4, nil]
0x1ab6	[0x1ab6, nil]
0x1ab7	[0x1ab7, nil]
0x1ab9	[0x1ab9, nil]
0x1abd	[0x1abd, nil]
0x1abf	[0x1abf, nil]
0x1ac0	[0x1ac0, nil]
0x1ae3	[0x1ae3, nil]
0x1ae5	[0x1ae5, nil]
0x1ae6	[0x1ae6, nil]
0x1aea	[0x1aea, nil]
0x1aef	[0x1aef, nil]
0x1af1	[0x1af1, nil]
0x1af4	[0x1af4, nil]
0x1af8	[0x1af8, nil]
0x1afb	[0x1afb, nil]
0x1afe	[0x1afe, nil]
0x1b00	[0x1b00, nil]
0x1b03	[0x1b03, nil]
0x1b05	[0x1b05, nil]
0x1b06	[0x1b06, nil]
0x1b08	[0x1b08, nil]
0x1b09	[0x1b09, nil]
0x1b0d	[0x1b0d, nil]
0x1b0e	[0x1b0e, nil]
0x1b12	[0x1b12, nil]
0x1b14	[0x1b14, nil]
0x1b16	[0x1b16, nil]
0x1b18	[0x1b18, nil]
0x1b1b	[0x1b1b, nil]
0x1b1d	[0x1b1d, nil]
0x1b1f	[0x1b1f, nil]
0x1b21	[0x1b21, nil]
0x1b22	[0x1b22, nil]
0x1b23	[0x1b23, nil]
0x1b26	[0x1b26, nil]
0x1b27	[0x1b27, nil]
0x1b28	[0x1b28, nil]
0x1b29	[0x1b29, nil]
0x1b2d	[0x1b2d, nil]
0x1b2f	[0x1b2f, nil]
0x1b32	[0x1b32, nil]
0x1b35	[0x1b35, nil]
0x1b37	[0x1b37, nil]
0x1b39	[0x1b39, nil]
0x1b3b	[0x1b3b, nil]
0x1b3c	[0x1b3c, nil]
0x1b3d	[0x1b3d, nil]
0x1b40	[0x1b40, nil]
0x1b41	[0x1b41, nil]
0x1b42	[0x1b42, nil]
0x1b43	[0x1b43, nil]
0x1b49	[0x1b49, nil]
0x1b4a	[0x1b4a, nil]
0x1b4e	[0x1b4e, nil]
0x1b51	[0x1b51, nil]
0x1b53	[0x1b53, nil]
0x1b56	[0x1b56, nil]
0x1b58	[0x1b58, nil]
0x1b5a	[0x1b5a, nil]
0x1b5c	[0x1b5c, nil]
0x1b5d	[0x1b5d, nil]
0x1b5e	[0x1b5e, nil]
0x1b61	[0x1b61, nil]
0x1b62	[0x1b62, nil]
0x1b63	[0x1b63, nil]
0x1b64	[0x1b64, nil]
0x1c5c	[0x1c5c, nil]
0x1c61	[0x1c61, nil]
0x1c66	[0x1c66, nil]
0x1c67	[0x1c67, nil]
0x1c68	[0x1c68, nil]
0x1c6c	[0x1c6c, nil]
0x1c6e	[0x1c6e, nil]
0x1c6f	[0x1c6f, nil]
0x1c92	[0x1c92, nil]
0x1c94	[0x1c94, nil]
0x1c95	[0x1c95, nil]
0x1c99	[0x1c99, nil]
0x1c9e	[0x1c9e, nil]
0x1ca0	[0x1ca0, nil]
0x1ca3	[0x1ca3, nil]
0x1cb9	[0x1cb9, nil]
0x1cbe	[0x1cbe, nil]
0x1cc0	[0x1cc0, nil]
0x1cc3	[0x1cc3, nil]
0x1cc5	[0x1cc5, nil]
0x1cc8	[0x1cc8, nil]
0x1cca	[0x1cca, nil]
0x1ccb	[0x1ccb, nil]
0x1ce0	[0x1ce0, nil]
0x1ce1	[0x1ce1, nil]
0x1cf6	[0x1cf6, nil]
0x1cf7	[0x1cf7, nil]
0x1cfe	[0x1cfe, nil]
0x1d03	[0x1d03, nil]
0x1d9b	[0x1d9b, nil]
0x1d9d	[0x1d9d, nil]
0x1da2	[0x1da2, nil]
0x1da4	[0x1da4, nil]
0x1da6	[0x1da6, nil]
0x1da8	[0x1da8, nil]
0x1da9	[0x1da9, nil]
0x1dad	[0x1dad, nil]
0x1db1	[0x1db1, nil]
0x1db3	[0x1db3, nil]
0x1db4	[0x1db4, nil]
0x1dd8	[0x1dd8, nil]
0x1fdd	[0x1fdd, nil]
0x1fe1	[0x1fe1, nil]
0x1fe2	[0x1fe2, nil]
0x1fe5	[0x1fe5, nil]
0x1fe9	[0x1fe9, nil]
0x1feb	[0x1feb, nil]
0x1fec	[0x1fec, nil]
0x200f	[0x200f, nil]
0x2011	[0x2011, nil]
0x2012	[0x2012, nil]
0x2017	[0x2017, nil]
0x201c	[0x201c, nil]
0x201e	[0x201e, nil]
0x2021	[0x2021, nil]
0x2026	[0x2026, nil]
0x202a	[0x202a, nil]
0x2038	[0x2038, nil]
0x203b	[0x203b, nil]
0x203d	[0x203d, nil]
0x205e	[0x205e, nil]
0x2060	[0x2060, nil]
0x2064	[0x2064, nil]
0x2069	[0x2069, nil]
0x206a	[0x206a, nil]
0x206c	[0x206c, nil]
0x206d	[0x206d, nil]
0x2072	[0x2072, nil]
0x2075	[0x2075, nil]
0x2077	[0x2077, nil]
0x2078	[0x2078, nil]
0x2813	[0x2813, nil]
0x2815	[0x2815, nil]
0x2818	[0x2818, nil]
0x281b	[0x281b, nil]
0x2822	[0x2822, nil]
0x2843	[0x2843, nil]
0x2846	[0x2846, nil]
0x2848	[0x2848, nil]
0x284b	[0x284b, nil]
0x2ba3	[0x2ba3, nil]
0x2ba5	[0x2ba5, nil]
0x2ba9	[0x2ba9, nil]
0x2bb0	[0x2bb0, nil]
0x2bb5	[0x2bb5, nil]
0x2bba	[0x2bba, nil]
0x2bbd	[0x2bbd, nil]
0x2bc0	[0x2bc0, nil]
0x2bc5	[0x2bc5, nil]
0x2bca	[0x2bca, nil]
0x2bcd	[0x2bcd, nil]
0x30da	[0x30da, nil]
0x6481	[0x136, nil]
0x64a5	[0x136, nil]
0x64c9	[0x136, nil]
0x64ed	[0x136, nil]
0x12400	[0xeff, nil]
0x12e00	[0xf0a, nil]
0x13800	[0x1367, nil]
0x14200	[0x137d, nil]
0x14c00	[0x140c, nil]
0x15600	[0x1604, nil]
0x16000	[0x1963, nil]
0x16a00	[0x1aa2, nil]
0x17400	[0x1ab8, nil]
0x17e00	[0x1b47, nil]
0x18800	[0x1b68, nil]
0x1a600	[0x2079, nil]
0x78c10	[0x9, nil]
0x79610	[0x30, nil]
0x7a010	[0x3b, nil]
0x7aa10	[0x46, nil]
0x7b410	[0x51, nil]
0x7be10	[0x5c, nil]
0x7c810	[0x67, nil]
0x7d210	[0x77, nil]
0x7dc10	[0x82, nil]
0x7e610	[0x8d, nil]
0x7f010	[0x98, nil]
0x7fa10	[0xa3, nil]
0x80410	[0xbe, nil]
0x80e10	[0xc9, nil]
0x81810	[0xd4, nil]
0x82210	[0xdf, nil]
0x82c10	[0xea, nil]
0x83610	[0xf5, nil]
0x84010	[0x105, nil]
0x84a10	[0x110, nil]
0x85410	[0x11b, nil]
0x85e10	[0x126, nil]
0x86810	[0x131, nil]
0x87230	[0x13a, nil]
0x87c30	[0x165, nil]
0x88630	[0x1a2, nil]
0x89030	[0x1cd, nil]
0x89a30	[0x20a, nil]
0x8a430	[0x235, nil]
0x8ae30	[0x272, nil]
0x8b830	[0x2a2, nil]
0x8c230	[0x2cd, nil]
0x8cc30	[0x2f6, nil]
0x8d630	[0x321, nil]
0x8e030	[0x35e, nil]
0x8ea30	[0x39b, nil]
0x8f430	[0x3d8, nil]
0x8fe30	[0x408, nil]
0x90830	[0x433, nil]
0x91230	[0x470, nil]
0x91c30	[0x48c, nil]
0x92630	[0x4b5, nil]
0x93030	[0x4e0, nil]
0x93a30	[0x50b, nil]
0x94430	[0x536, nil]
0x94e30	[0x135, nil]
0x1f3	[0x1f3, nil]
0x28b	[0x28b, nil]
0x459	[0x459, nil]
0xb660x39b	[0xb66, nil]
0x1bbe0x470	[0x1bbe, nil]
0x1c430x470	[0x1c43, nil]
0x1b6e0x470	[0x1b6e, nil]
0xbeb0x39b	[0xbeb, nil]
0xb160x39b	[0xb16, nil]
0xb040x39b	[0xb04, nil]
0xad70x39b	[0xad7, nil]
0x1c530x470	[0x1c53, nil]
0x1c500x470	[0x1c50, nil]
0x1c4e0x470	[0x1c4e, nil]
0x1c490x470	[0x1c49, nil]
0x1c420x470	[0x1c42, nil]
0x1c400x470	[0x1c40, nil]
0x1c1d0x470	[0x1c1d, nil]
0x1c1c0x470	[0x1c1c, nil]
0x1c070x470	[0x1c07, nil]
0x1c010x470	[0x1c01, nil]
0x1bff0x470	[0x1bff, nil]
0x1bfe0x470	[0x1bfe, nil]
0x1bfc0x470	[0x1bfc, nil]
0x1bf80x470	[0x1bf8, nil]
0x1bf60x470	[0x1bf6, nil]
0x1bf30x470	[0x1bf3, nil]
0x1bde0x470	[0x1bde, nil]
0x1bdd0x470	[0x1bdd, nil]
0x1bc80x470	[0x1bc8, nil]
0x1bc50x470	[0x1bc5, nil]
0x1bc30x470	[0x1bc3, nil]
0x1bbd0x470	[0x1bbd, nil]
0x1bb80x470	[0x1bb8, nil]
0x1bb20x470	[0x1bb2, nil]
0x1bb10x470	[0x1bb1, nil]
0x1bb00x470	[0x1bb0, nil]
0x1bae0x470	[0x1bae, nil]
0x1bad0x470	[0x1bad, nil]
0x1bab0x470	[0x1bab, nil]
0x1ba70x470	[0x1ba7, nil]
0x1ba50x470	[0x1ba5, nil]
0x1ba20x470	[0x1ba2, nil]
0x1b8d0x470	[0x1b8d, nil]
0x1b8c0x470	[0x1b8c, nil]
0x1b770x470	[0x1b77, nil]
0x1b740x470	[0x1b74, nil]
0x1b720x470	[0x1b72, nil]
0x1b6c0x470	[0x1b6c, nil]
0xbfb0x39b	[0xbfb, nil]
0xbf80x39b	[0xbf8, nil]
0xbf60x39b	[0xbf6, nil]
0xbf10x39b	[0xbf1, nil]
0xbea0x39b	[0xbea, nil]
0xbe80x39b	[0xbe8, nil]
0xbc50x39b	[0xbc5, nil]
0xbc40x39b	[0xbc4, nil]
0xbaf0x39b	[0xbaf, nil]
0xba90x39b	[0xba9, nil]
0xba70x39b	[0xba7, nil]
0xba60x39b	[0xba6, nil]
0xba40x39b	[0xba4, nil]
0xba00x39b	[0xba0, nil]
0xb9e0x39b	[0xb9e, nil]
0xb9b0x39b	[0xb9b, nil]
0xb860x39b	[0xb86, nil]
0xb850x39b	[0xb85, nil]
0xb700x39b	[0xb70, nil]
0xb6d0x39b	[0xb6d, nil]
0xb6b0x39b	[0xb6b, nil]
0xb650x39b	[0xb65, nil]
0xb600x39b	[0xb60, nil]
0xb5a0x39b	[0xb5a, nil]
0xb590x39b	[0xb59, nil]
0xb580x39b	[0xb58, nil]
0xb560x39b	[0xb56, nil]
0xb550x39b	[0xb55, nil]
0xb530x39b	[0xb53, nil]
0xb4f0x39b	[0xb4f, nil]
0xb4d0x39b	[0xb4d, nil]
0xb4a0x39b	[0xb4a, nil]
0xb350x39b	[0xb35, nil]
0xb340x39b	[0xb34, nil]
0xb1f0x39b	[0xb1f, nil]
0xb1c0x39b	[0xb1c, nil]
0xb1a0x39b	[0xb1a, nil]
0xb120x39b	[0xb12, nil]
0xb0f0x39b	[0xb0f, nil]
0xb0d0x39b	[0xb0d, nil]
0xb080x39b	[0xb08, nil]
0xb030x39b	[0xb03, nil]
0xb010x39b	[0xb01, nil]
0xade0x39b	[0xade, nil]
0xadd0x39b	[0xadd, nil]
0xadb0x39b	[0xadb, nil]
0xad60x39b	[0xad6, nil]
0xad50x39b	[0xad5, nil]
0xac00x39b	[0xac0, nil]
0xabf0x39b	[0xabf, nil]
0xabe0x39b	[0xabe, nil]
0xaa90x39b	[0xaa9, nil]
0xaa80x39b	[0xaa8, nil]
0xa930x39b	[0xa93, nil]
0xa920x39b	[0xa92, nil]
0xa900x39b	[0xa90, nil]
0xa8d0x39b	[0xa8d, nil]
0xa8b0x39b	[0xa8b, nil]
0xa880x39b	[0xa88, nil]
0xa860x39b	[0xa86, nil]
0xa840x39b	[0xa84, nil]
0x1d0aS0x140c	[0x1454, [0x1d0a, nil]]
0x1d0cS0x140c	[0x1454, [0x1d0c, nil]]
0x1d0aS0x15a4	[0x15b2, [0x1d0a, nil]]
0x1d0cS0x15a4	[0x15b2, [0x1d0c, nil]]
0x1cb1S0x19a9	[0x19c8, [0x1cb1, nil]]
0x1cb3S0x19a9	[0x19c8, [0x1cb3, nil]]
0x1a6dS0x135e	[0x1365, [0x1a6d, nil]]
0x1a70S0x135e	[0x1365, [0x1a70, nil]]
0x1a73S0x135e	[0x1365, [0x1a73, nil]]
0x1a76S0x135e	[0x1365, [0x1a76, nil]]
0x1a79S0x135e	[0x1365, [0x1a79, nil]]
0x1a7cS0x135e	[0x1365, [0x1a7c, nil]]
0x1a6dS0x1a99	[0x1aa0, [0x1a6d, nil]]
0x1a70S0x1a99	[0x1aa0, [0x1a70, nil]]
0x1a73S0x1a99	[0x1aa0, [0x1a73, nil]]
0x1a76S0x1a99	[0x1aa0, [0x1a76, nil]]
0x1a79S0x1a99	[0x1aa0, [0x1a79, nil]]
0x1a7cS0x1a99	[0x1aa0, [0x1a7c, nil]]
0x2e7aS0xdaf	[0xddf, [0x2e7a, nil]]
0x2e7cS0xdaf	[0xddf, [0x2e7c, nil]]
0x2e7fS0xdaf	[0xddf, [0x2e7f, nil]]
0x2e84S0xdaf	[0xddf, [0x2e84, nil]]
0x2e85S0xdaf	[0xddf, [0x2e85, nil]]
0x2e88S0xdaf	[0xddf, [0x2e88, nil]]
0x2e8aS0xdaf	[0xddf, [0x2e8a, nil]]
0x2e8eS0xdaf	[0xddf, [0x2e8e, nil]]
0x2962S0xdaf	[0xddf, [0x2962, nil]]
0x2983S0xdaf	[0xddf, [0x2983, nil]]
0x2986S0xdaf	[0xddf, [0x2986, nil]]
0x2988S0xdaf	[0xddf, [0x2988, nil]]
0x298bS0xdaf	[0xddf, [0x298b, nil]]
0x2953S0xdaf	[0xddf, [0x2953, nil]]
0x2955S0xdaf	[0xddf, [0x2955, nil]]
0x2958S0xdaf	[0xddf, [0x2958, nil]]
0x295bS0xdaf	[0xddf, [0x295b, nil]]
0x30c9S0x2952S0xdaf	[0xddf, [0x295e, [0x30c9, nil]]]
0x30ceS0x2952S0xdaf	[0xddf, [0x295e, [0x30ce, nil]]]
0x30d1S0x2952S0xdaf	[0xddf, [0x295e, [0x30d1, nil]]]
0x2ddaS0xec2	[0xef2, [0x2dda, nil]]
0x2ddcS0xec2	[0xef2, [0x2ddc, nil]]
0x2ddfS0xec2	[0xef2, [0x2ddf, nil]]
0x2de4S0xec2	[0xef2, [0x2de4, nil]]
0x2de5S0xec2	[0xef2, [0x2de5, nil]]
0x2de8S0xec2	[0xef2, [0x2de8, nil]]
0x2deaS0xec2	[0xef2, [0x2dea, nil]]
0x2deeS0xec2	[0xef2, [0x2dee, nil]]
0x27e2S0xec2	[0xef2, [0x27e2, nil]]
0x2803S0xec2	[0xef2, [0x2803, nil]]
0x2806S0xec2	[0xef2, [0x2806, nil]]
0x2808S0xec2	[0xef2, [0x2808, nil]]
0x280bS0xec2	[0xef2, [0x280b, nil]]
0x27d3S0xec2	[0xef2, [0x27d3, nil]]
0x27d5S0xec2	[0xef2, [0x27d5, nil]]
0x27d8S0xec2	[0xef2, [0x27d8, nil]]
0x27dbS0xec2	[0xef2, [0x27db, nil]]
0x30c9S0x27d2S0xec2	[0xef2, [0x27de, [0x30c9, nil]]]
0x30ceS0x27d2S0xec2	[0xef2, [0x27de, [0x30ce, nil]]]
0x30d1S0x27d2S0xec2	[0xef2, [0x27de, [0x30d1, nil]]]
0x2e3aS0xf75	[0xfa5, [0x2e3a, nil]]
0x2e3cS0xf75	[0xfa5, [0x2e3c, nil]]
0x2e3fS0xf75	[0xfa5, [0x2e3f, nil]]
0x2e44S0xf75	[0xfa5, [0x2e44, nil]]
0x2e45S0xf75	[0xfa5, [0x2e45, nil]]
0x2e48S0xf75	[0xfa5, [0x2e48, nil]]
0x2e4aS0xf75	[0xfa5, [0x2e4a, nil]]
0x2e4eS0xf75	[0xfa5, [0x2e4e, nil]]
0x28e2S0xf75	[0xfa5, [0x28e2, nil]]
0x2903S0xf75	[0xfa5, [0x2903, nil]]
0x2906S0xf75	[0xfa5, [0x2906, nil]]
0x2908S0xf75	[0xfa5, [0x2908, nil]]
0x290bS0xf75	[0xfa5, [0x290b, nil]]
0x28d3S0xf75	[0xfa5, [0x28d3, nil]]
0x28d5S0xf75	[0xfa5, [0x28d5, nil]]
0x28d8S0xf75	[0xfa5, [0x28d8, nil]]
0x28dbS0xf75	[0xfa5, [0x28db, nil]]
0x30c9S0x28d2S0xf75	[0xfa5, [0x28de, [0x30c9, nil]]]
0x30ceS0x28d2S0xf75	[0xfa5, [0x28de, [0x30ce, nil]]]
0x30d1S0x28d2S0xf75	[0xfa5, [0x28de, [0x30d1, nil]]]
0x2dbaS0x1126	[0x1156, [0x2dba, nil]]
0x2dbcS0x1126	[0x1156, [0x2dbc, nil]]
0x2dbfS0x1126	[0x1156, [0x2dbf, nil]]
0x2dc4S0x1126	[0x1156, [0x2dc4, nil]]
0x2dc5S0x1126	[0x1156, [0x2dc5, nil]]
0x2dc8S0x1126	[0x1156, [0x2dc8, nil]]
0x2dcaS0x1126	[0x1156, [0x2dca, nil]]
0x2dceS0x1126	[0x1156, [0x2dce, nil]]
0x27a2S0x1126	[0x1156, [0x27a2, nil]]
0x27c3S0x1126	[0x1156, [0x27c3, nil]]
0x27c6S0x1126	[0x1156, [0x27c6, nil]]
0x27c8S0x1126	[0x1156, [0x27c8, nil]]
0x27cbS0x1126	[0x1156, [0x27cb, nil]]
0x2793S0x1126	[0x1156, [0x2793, nil]]
0x2795S0x1126	[0x1156, [0x2795, nil]]
0x2798S0x1126	[0x1156, [0x2798, nil]]
0x279bS0x1126	[0x1156, [0x279b, nil]]
0x30c9S0x2792S0x1126	[0x1156, [0x279e, [0x30c9, nil]]]
0x30ceS0x2792S0x1126	[0x1156, [0x279e, [0x30ce, nil]]]
0x30d1S0x2792S0x1126	[0x1156, [0x279e, [0x30d1, nil]]]
0x2e9aS0x11ab	[0x11db, [0x2e9a, nil]]
0x2e9cS0x11ab	[0x11db, [0x2e9c, nil]]
0x2e9fS0x11ab	[0x11db, [0x2e9f, nil]]
0x2ea4S0x11ab	[0x11db, [0x2ea4, nil]]
0x2ea5S0x11ab	[0x11db, [0x2ea5, nil]]
0x2ea8S0x11ab	[0x11db, [0x2ea8, nil]]
0x2eaaS0x11ab	[0x11db, [0x2eaa, nil]]
0x2eaeS0x11ab	[0x11db, [0x2eae, nil]]
0x29a2S0x11ab	[0x11db, [0x29a2, nil]]
0x29c3S0x11ab	[0x11db, [0x29c3, nil]]
0x29c6S0x11ab	[0x11db, [0x29c6, nil]]
0x29c8S0x11ab	[0x11db, [0x29c8, nil]]
0x29cbS0x11ab	[0x11db, [0x29cb, nil]]
0x2993S0x11ab	[0x11db, [0x2993, nil]]
0x2995S0x11ab	[0x11db, [0x2995, nil]]
0x2998S0x11ab	[0x11db, [0x2998, nil]]
0x299bS0x11ab	[0x11db, [0x299b, nil]]
0x30c9S0x2992S0x11ab	[0x11db, [0x299e, [0x30c9, nil]]]
0x30ceS0x2992S0x11ab	[0x11db, [0x299e, [0x30ce, nil]]]
0x30d1S0x2992S0x11ab	[0x11db, [0x299e, [0x30d1, nil]]]
0x2ebaS0x1382	[0x13b2, [0x2eba, nil]]
0x2ebcS0x1382	[0x13b2, [0x2ebc, nil]]
0x2ebfS0x1382	[0x13b2, [0x2ebf, nil]]
0x2ec4S0x1382	[0x13b2, [0x2ec4, nil]]
0x2ec5S0x1382	[0x13b2, [0x2ec5, nil]]
0x2ec8S0x1382	[0x13b2, [0x2ec8, nil]]
0x2ecaS0x1382	[0x13b2, [0x2eca, nil]]
0x2eceS0x1382	[0x13b2, [0x2ece, nil]]
0x29e2S0x1382	[0x13b2, [0x29e2, nil]]
0x2a03S0x1382	[0x13b2, [0x2a03, nil]]
0x2a06S0x1382	[0x13b2, [0x2a06, nil]]
0x2a08S0x1382	[0x13b2, [0x2a08, nil]]
0x2a29S0x1382	[0x13b2, [0x2a29, nil]]
0x2a2cS0x1382	[0x13b2, [0x2a2c, nil]]
0x2a2eS0x1382	[0x13b2, [0x2a2e, nil]]
0x2a31S0x1382	[0x13b2, [0x2a31, nil]]
0x29d3S0x1382	[0x13b2, [0x29d3, nil]]
0x29d5S0x1382	[0x13b2, [0x29d5, nil]]
0x29d8S0x1382	[0x13b2, [0x29d8, nil]]
0x29dbS0x1382	[0x13b2, [0x29db, nil]]
0x30c9S0x29d2S0x1382	[0x13b2, [0x29de, [0x30c9, nil]]]
0x30ceS0x29d2S0x1382	[0x13b2, [0x29de, [0x30ce, nil]]]
0x30d1S0x29d2S0x1382	[0x13b2, [0x29de, [0x30d1, nil]]]
0x2e1aS0x17ff	[0x182f, [0x2e1a, nil]]
0x2e1cS0x17ff	[0x182f, [0x2e1c, nil]]
0x2e1fS0x17ff	[0x182f, [0x2e1f, nil]]
0x2e24S0x17ff	[0x182f, [0x2e24, nil]]
0x2e25S0x17ff	[0x182f, [0x2e25, nil]]
0x2e28S0x17ff	[0x182f, [0x2e28, nil]]
0x2e2aS0x17ff	[0x182f, [0x2e2a, nil]]
0x2e2eS0x17ff	[0x182f, [0x2e2e, nil]]
0x28a2S0x17ff	[0x182f, [0x28a2, nil]]
0x28c3S0x17ff	[0x182f, [0x28c3, nil]]
0x28c6S0x17ff	[0x182f, [0x28c6, nil]]
0x28c8S0x17ff	[0x182f, [0x28c8, nil]]
0x28cbS0x17ff	[0x182f, [0x28cb, nil]]
0x2893S0x17ff	[0x182f, [0x2893, nil]]
0x2895S0x17ff	[0x182f, [0x2895, nil]]
0x2898S0x17ff	[0x182f, [0x2898, nil]]
0x289bS0x17ff	[0x182f, [0x289b, nil]]
0x30c9S0x2892S0x17ff	[0x182f, [0x289e, [0x30c9, nil]]]
0x30ceS0x2892S0x17ff	[0x182f, [0x289e, [0x30ce, nil]]]
0x30d1S0x2892S0x17ff	[0x182f, [0x289e, [0x30d1, nil]]]
0x2ebaS0x1abd	[0x1aed, [0x2eba, nil]]
0x2ebcS0x1abd	[0x1aed, [0x2ebc, nil]]
0x2ebfS0x1abd	[0x1aed, [0x2ebf, nil]]
0x2ec4S0x1abd	[0x1aed, [0x2ec4, nil]]
0x2ec5S0x1abd	[0x1aed, [0x2ec5, nil]]
0x2ec8S0x1abd	[0x1aed, [0x2ec8, nil]]
0x2ecaS0x1abd	[0x1aed, [0x2eca, nil]]
0x2eceS0x1abd	[0x1aed, [0x2ece, nil]]
0x29e2S0x1abd	[0x1aed, [0x29e2, nil]]
0x2a03S0x1abd	[0x1aed, [0x2a03, nil]]
0x2a06S0x1abd	[0x1aed, [0x2a06, nil]]
0x2a08S0x1abd	[0x1aed, [0x2a08, nil]]
0x2a29S0x1abd	[0x1aed, [0x2a29, nil]]
0x2a2cS0x1abd	[0x1aed, [0x2a2c, nil]]
0x2a2eS0x1abd	[0x1aed, [0x2a2e, nil]]
0x2a31S0x1abd	[0x1aed, [0x2a31, nil]]
0x29d3S0x1abd	[0x1aed, [0x29d3, nil]]
0x29d5S0x1abd	[0x1aed, [0x29d5, nil]]
0x29d8S0x1abd	[0x1aed, [0x29d8, nil]]
0x29dbS0x1abd	[0x1aed, [0x29db, nil]]
0x30c9S0x29d2S0x1abd	[0x1aed, [0x29de, [0x30c9, nil]]]
0x30ceS0x29d2S0x1abd	[0x1aed, [0x29de, [0x30ce, nil]]]
0x30d1S0x29d2S0x1abd	[0x1aed, [0x29de, [0x30d1, nil]]]
0x2dfaS0x1c6c	[0x1c9c, [0x2dfa, nil]]
0x2dfcS0x1c6c	[0x1c9c, [0x2dfc, nil]]
0x2dffS0x1c6c	[0x1c9c, [0x2dff, nil]]
0x2e04S0x1c6c	[0x1c9c, [0x2e04, nil]]
0x2e05S0x1c6c	[0x1c9c, [0x2e05, nil]]
0x2e08S0x1c6c	[0x1c9c, [0x2e08, nil]]
0x2e0aS0x1c6c	[0x1c9c, [0x2e0a, nil]]
0x2e0eS0x1c6c	[0x1c9c, [0x2e0e, nil]]
0x2862S0x1c6c	[0x1c9c, [0x2862, nil]]
0x2883S0x1c6c	[0x1c9c, [0x2883, nil]]
0x2886S0x1c6c	[0x1c9c, [0x2886, nil]]
0x2888S0x1c6c	[0x1c9c, [0x2888, nil]]
0x288bS0x1c6c	[0x1c9c, [0x288b, nil]]
0x2853S0x1c6c	[0x1c9c, [0x2853, nil]]
0x2855S0x1c6c	[0x1c9c, [0x2855, nil]]
0x2858S0x1c6c	[0x1c9c, [0x2858, nil]]
0x285bS0x1c6c	[0x1c9c, [0x285b, nil]]
0x30c9S0x2852S0x1c6c	[0x1c9c, [0x285e, [0x30c9, nil]]]
0x30ceS0x2852S0x1c6c	[0x1c9c, [0x285e, [0x30ce, nil]]]
0x30d1S0x2852S0x1c6c	[0x1c9c, [0x285e, [0x30d1, nil]]]
0x2d98S0x1fe9	[0x201a, [0x2d98, nil]]
0x2d9aS0x1fe9	[0x201a, [0x2d9a, nil]]
0x2d9dS0x1fe9	[0x201a, [0x2d9d, nil]]
0x2da2S0x1fe9	[0x201a, [0x2da2, nil]]
0x2da3S0x1fe9	[0x201a, [0x2da3, nil]]
0x2da6S0x1fe9	[0x201a, [0x2da6, nil]]
0x2da8S0x1fe9	[0x201a, [0x2da8, nil]]
0x2dadS0x1fe9	[0x201a, [0x2dad, nil]]
0x2765S0x1fe9	[0x201a, [0x2765, nil]]
0x276aS0x1fe9	[0x201a, [0x276a, nil]]
0x3095S0x1fe9	[0x201a, [0x3095, nil]]
0x3098S0x1fe9	[0x201a, [0x3098, nil]]
0x2771S0x1fe9	[0x201a, [0x2771, nil]]
0x2776S0x1fe9	[0x201a, [0x2776, nil]]
0x2779S0x1fe9	[0x201a, [0x2779, nil]]
0x277aS0x1fe9	[0x201a, [0x277a, nil]]
0x277fS0x1fe9	[0x201a, [0x277f, nil]]
0x2783S0x1fe9	[0x201a, [0x2783, nil]]
0x2789S0x1fe9	[0x201a, [0x2789, nil]]
0x3181S0x1fe9	[0x201a, [0x3181, nil]]
0x3183S0x1fe9	[0x201a, [0x3183, nil]]
0x3185S0x1fe9	[0x201a, [0x3185, nil]]
0x3186S0x1fe9	[0x201a, [0x3186, nil]]
0x3189S0x1fe9	[0x201a, [0x3189, nil]]
0x318aS0x1fe9	[0x201a, [0x318a, nil]]
0x275aS0x1fe9	[0x201a, [0x275a, nil]]
0x275cS0x1fe9	[0x201a, [0x275c, nil]]
0x2760S0x1fe9	[0x201a, [0x2760, nil]]
0x30c9S0x2764S0x1fe9	[0x201a, [0x276d, [0x30c9, nil]]]
0x30ceS0x2764S0x1fe9	[0x201a, [0x276d, [0x30ce, nil]]]
0x30d1S0x2764S0x1fe9	[0x201a, [0x276d, [0x30d1, nil]]]
0x316aS0x276eS0x1fe9	[0x201a, [0x277d, [0x316a, nil]]]
0x316eS0x276eS0x1fe9	[0x201a, [0x277d, [0x316e, nil]]]
0x1e200S0x276eS0x1fe9	[0x201a, [0x277d, [0x3170, nil]]]
0x3144S0x276eS0x1fe9	[0x201a, [0x277d, [0x3144, nil]]]
0x1d800S0x276eS0x1fe9	[0x201a, [0x277d, [0x3146, nil]]]
0x3164S0x276eS0x1fe9	[0x201a, [0x277d, [0x3164, nil]]]
0x3165S0x276eS0x1fe9	[0x201a, [0x277d, [0x3165, nil]]]
0x3166S0x276eS0x1fe9	[0x201a, [0x277d, [0x3166, nil]]]
0x3149S0x276eS0x1fe9	[0x201a, [0x277d, [0x3149, nil]]]
0x314aS0x276eS0x1fe9	[0x201a, [0x277d, [0x314a, nil]]]
0x314bS0x276eS0x1fe9	[0x201a, [0x277d, [0x314b, nil]]]
0x3151S0x276eS0x1fe9	[0x201a, [0x277d, [0x3151, nil]]]
0x3152S0x276eS0x1fe9	[0x201a, [0x277d, [0x3152, nil]]]
0x3155S0x276eS0x1fe9	[0x201a, [0x277d, [0x3155, nil]]]
0x3157S0x276eS0x1fe9	[0x201a, [0x277d, [0x3157, nil]]]
0x315aS0x276eS0x1fe9	[0x201a, [0x277d, [0x315a, nil]]]
0x315dS0x276eS0x1fe9	[0x201a, [0x277d, [0x315d, nil]]]
0x2aeeS0xadb0x39b	[0xb0b, [0x2aee, nil]]
0x2b0fS0xadb0x39b	[0xb0b, [0x2b0f, nil]]
0x2b12S0xadb0x39b	[0xb0b, [0x2b12, nil]]
0x2b14S0xadb0x39b	[0xb0b, [0x2b14, nil]]
0x2b17S0xadb0x39b	[0xb0b, [0x2b17, nil]]
0x2adfS0xadb0x39b	[0xb0b, [0x2adf, nil]]
0x2ae1S0xadb0x39b	[0xb0b, [0x2ae1, nil]]
0x2ae4S0xadb0x39b	[0xb0b, [0x2ae4, nil]]
0x2ae7S0xadb0x39b	[0xb0b, [0x2ae7, nil]]
0x2f1aS0xadb0x39b	[0xb0b, [0x2f1a, nil]]
0x2f1cS0xadb0x39b	[0xb0b, [0x2f1c, nil]]
0x2f1fS0xadb0x39b	[0xb0b, [0x2f1f, nil]]
0x2f24S0xadb0x39b	[0xb0b, [0x2f24, nil]]
0x2f25S0xadb0x39b	[0xb0b, [0x2f25, nil]]
0x2f28S0xadb0x39b	[0xb0b, [0x2f28, nil]]
0x2f2aS0xadb0x39b	[0xb0b, [0x2f2a, nil]]
0x2f2eS0xadb0x39b	[0xb0b, [0x2f2e, nil]]
0x30c9S0x2adeS0xadb0x39b	[0xb0b, [0x2aea, [0x30c9, nil]]]
0x30ceS0x2adeS0xadb0x39b	[0xb0b, [0x2aea, [0x30ce, nil]]]
0x30d1S0x2adeS0xadb0x39b	[0xb0b, [0x2aea, [0x30d1, nil]]]
0x2c77S0x30b	[0x317, [0x2c77, nil]]
0x2c79S0x30b	[0x317, [0x2c79, nil]]
0x2c7cS0x30b	[0x317, [0x2c7c, nil]]
0x2c7fS0x30b	[0x317, [0x2c7f, nil]]
0x2c82S0x30b	[0x317, [0x2c82, nil]]
0x2c85S0x30b	[0x317, [0x2c85, nil]]
0x2c87S0x30b	[0x317, [0x2c87, nil]]
0x26f4S0x30b	[0x317, [0x26f4, nil]]
0x26f8S0x30b	[0x317, [0x26f8, nil]]
0x30f7S0x26f3S0x30b	[0x317, [0x26fb, [0x30f7, nil]]]
0x30faS0x26f3S0x30b	[0x317, [0x26fb, [0x30fa, nil]]]
0x30fbS0x26f3S0x30b	[0x317, [0x26fb, [0x30fb, nil]]]
0x271eS0x2bad	[0x2bb8, [0x271e, nil]]
0x3177S0x2bad	[0x2bb8, [0x3177, nil]]
0x2712S0x2bad	[0x2bb8, [0x2712, nil]]
0x2715S0x2bad	[0x2bb8, [0x2715, nil]]
0x2719S0x2bad	[0x2bb8, [0x2719, nil]]
0x3103S0x2711S0x2bad	[0x2bb8, [0x271c, [0x3103, nil]]]
0x271eS0x2bb9	[0x2bc8, [0x271e, nil]]
0x3177S0x2bb9	[0x2bc8, [0x3177, nil]]
0x2712S0x2bb9	[0x2bc8, [0x2712, nil]]
0x2715S0x2bb9	[0x2bc8, [0x2715, nil]]
0x2719S0x2bb9	[0x2bc8, [0x2719, nil]]
0x3103S0x2711S0x2bb9	[0x2bc8, [0x271c, [0x3103, nil]]]
0x2bdaS0x14f	[0x15b, [0x2bda, nil]]
0x2bdcS0x14f	[0x15b, [0x2bdc, nil]]
0x2bdfS0x14f	[0x15b, [0x2bdf, nil]]
0x2be2S0x14f	[0x15b, [0x2be2, nil]]
0x2be5S0x14f	[0x15b, [0x2be5, nil]]
0x2be8S0x14f	[0x15b, [0x2be8, nil]]
0x2beaS0x14f	[0x15b, [0x2bea, nil]]
0x2687S0x2bd9S0x14f	[0x15b, [0x2bed, [0x2687, nil]]]
0x268bS0x2bd9S0x14f	[0x15b, [0x2bed, [0x268b, nil]]]
0x30e5S0x2686S0x2bd9S0x14f	[0x15b, [0x2bed, [0x268e, [0x30e5, nil]]]]
0x30e7S0x2686S0x2bd9S0x14f	[0x15b, [0x2bed, [0x268e, [0x30e7, nil]]]]
0x30ebS0x2686S0x2bd9S0x14f	[0x15b, [0x2bed, [0x268e, [0x30eb, nil]]]]
0x310dS0x2686S0x2bd9S0x14f	[0x15b, [0x2bed, [0x268e, [0x310d, nil]]]]
0x310fS0x2686S0x2bd9S0x14f	[0x15b, [0x2bed, [0x268e, [0x310f, nil]]]]
0x3125S0x2686S0x2bd9S0x14f	[0x15b, [0x2bed, [0x268e, [0x3125, nil]]]]
0x2f5aS0x18c	[0x198, [0x2f5a, nil]]
0x2f5cS0x18c	[0x198, [0x2f5c, nil]]
0x2f5fS0x18c	[0x198, [0x2f5f, nil]]
0x2f62S0x18c	[0x198, [0x2f62, nil]]
0x2f65S0x18c	[0x198, [0x2f65, nil]]
0x2f68S0x18c	[0x198, [0x2f68, nil]]
0x2f6aS0x18c	[0x198, [0x2f6a, nil]]
0x2b6eS0x2f59S0x18c	[0x198, [0x2f6d, [0x2b6e, nil]]]
0x2b72S0x2f59S0x18c	[0x198, [0x2f6d, [0x2b72, nil]]]
0x312dS0x2b6dS0x2f59S0x18c	[0x198, [0x2f6d, [0x2b75, [0x312d, nil]]]]
0x2f5aS0x1b7	[0x1c3, [0x2f5a, nil]]
0x2f5cS0x1b7	[0x1c3, [0x2f5c, nil]]
0x2f5fS0x1b7	[0x1c3, [0x2f5f, nil]]
0x2f62S0x1b7	[0x1c3, [0x2f62, nil]]
0x2f65S0x1b7	[0x1c3, [0x2f65, nil]]
0x2f68S0x1b7	[0x1c3, [0x2f68, nil]]
0x2f6aS0x1b7	[0x1c3, [0x2f6a, nil]]
0x2b6eS0x2f59S0x1b7	[0x1c3, [0x2f6d, [0x2b6e, nil]]]
0x2b72S0x2f59S0x1b7	[0x1c3, [0x2f6d, [0x2b72, nil]]]
0x312dS0x2b6dS0x2f59S0x1b7	[0x1c3, [0x2f6d, [0x2b75, [0x312d, nil]]]]
0x2c55S0x1f4	[0x200, [0x2c55, nil]]
0x2c57S0x1f4	[0x200, [0x2c57, nil]]
0x2c5aS0x1f4	[0x200, [0x2c5a, nil]]
0x2c5fS0x1f4	[0x200, [0x2c5f, nil]]
0x2c60S0x1f4	[0x200, [0x2c60, nil]]
0x2c63S0x1f4	[0x200, [0x2c63, nil]]
0x2c65S0x1f4	[0x200, [0x2c65, nil]]
0x2c6aS0x1f4	[0x200, [0x2c6a, nil]]
0x267bS0x2c54S0x1f4	[0x200, [0x2c6d, [0x267b, nil]]]
0x267eS0x2c54S0x1f4	[0x200, [0x2c6d, [0x267e, nil]]]
0x2b5fS0x2c54S0x1f4	[0x200, [0x2c6d, [0x2b5f, nil]]]
0x2b63S0x2c54S0x1f4	[0x200, [0x2c6d, [0x2b63, nil]]]
0x26a1S0x2c54S0x1f4	[0x200, [0x2c6d, [0x26a1, nil]]]
0x26a6S0x2c54S0x1f4	[0x200, [0x2c6d, [0x26a6, nil]]]
0x307fS0x2c54S0x1f4	[0x200, [0x2c6d, [0x307f, nil]]]
0x3082S0x2c54S0x1f4	[0x200, [0x2c6d, [0x3082, nil]]]
0x26adS0x2c54S0x1f4	[0x200, [0x2c6d, [0x26ad, nil]]]
0x26b1S0x2c54S0x1f4	[0x200, [0x2c6d, [0x26b1, nil]]]
0x30adS0x2c54S0x1f4	[0x200, [0x2c6d, [0x30ad, nil]]]
0x30b2S0x2c54S0x1f4	[0x200, [0x2c6d, [0x30b2, nil]]]
0x30b5S0x2c54S0x1f4	[0x200, [0x2c6d, [0x30b5, nil]]]
0x26b7S0x2c54S0x1f4	[0x200, [0x2c6d, [0x26b7, nil]]]
0x1ce00S0x2c54S0x1f4	[0x200, [0x2c6d, [0x26b9, nil]]]
0x306fS0x2c54S0x1f4	[0x200, [0x2c6d, [0x306f, nil]]]
0x3074S0x2c54S0x1f4	[0x200, [0x2c6d, [0x3074, nil]]]
0x3077S0x2c54S0x1f4	[0x200, [0x2c6d, [0x3077, nil]]]
0x26d0S0x2c54S0x1f4	[0x200, [0x2c6d, [0x26d0, nil]]]
0x26d4S0x2c54S0x1f4	[0x200, [0x2c6d, [0x26d4, nil]]]
0x266fS0x2c54S0x1f4	[0x200, [0x2c6d, [0x266f, nil]]]
0x2671S0x2c54S0x1f4	[0x200, [0x2c6d, [0x2671, nil]]]
0x2676S0x2c54S0x1f4	[0x200, [0x2c6d, [0x2676, nil]]]
0x26dcS0x2c54S0x1f4	[0x200, [0x2c6d, [0x26dc, nil]]]
0x26dfS0x2c54S0x1f4	[0x200, [0x2c6d, [0x26df, nil]]]
0x26e2S0x2c54S0x1f4	[0x200, [0x2c6d, [0x26e2, nil]]]
0x30a0S0x2c54S0x1f4	[0x200, [0x2c6d, [0x30a0, nil]]]
0x30a2S0x2c54S0x1f4	[0x200, [0x2c6d, [0x30a2, nil]]]
0x30a5S0x2c54S0x1f4	[0x200, [0x2c6d, [0x30a5, nil]]]
0x26bcS0x2c54S0x1f4	[0x200, [0x2c6d, [0x26bc, nil]]]
0x26bdS0x2c54S0x1f4	[0x200, [0x2c6d, [0x26bd, nil]]]
0x26beS0x2c54S0x1f4	[0x200, [0x2c6d, [0x26be, nil]]]
0x2696S0x2c54S0x1f4	[0x200, [0x2c6d, [0x2696, nil]]]
0x2698S0x2c54S0x1f4	[0x200, [0x2c6d, [0x2698, nil]]]
0x269cS0x2c54S0x1f4	[0x200, [0x2c6d, [0x269c, nil]]]
0x26c3S0x2c54S0x1f4	[0x200, [0x2c6d, [0x26c3, nil]]]
0x26c4S0x2c54S0x1f4	[0x200, [0x2c6d, [0x26c4, nil]]]
0x26c9S0x2c54S0x1f4	[0x200, [0x2c6d, [0x26c9, nil]]]
0x312dS0x2b5eS0x2c54S0x1f4	[0x200, [0x2c6d, [0x2b66, [0x312d, nil]]]]
0x2c92S0x21f	[0x22b, [0x2c92, nil]]
0x2c94S0x21f	[0x22b, [0x2c94, nil]]
0x2c97S0x21f	[0x22b, [0x2c97, nil]]
0x2c9aS0x21f	[0x22b, [0x2c9a, nil]]
0x2c9dS0x21f	[0x22b, [0x2c9d, nil]]
0x2ca0S0x21f	[0x22b, [0x2ca0, nil]]
0x2ca2S0x21f	[0x22b, [0x2ca2, nil]]
0x2703S0x2c91S0x21f	[0x22b, [0x2ca5, [0x2703, nil]]]
0x2707S0x2c91S0x21f	[0x22b, [0x2ca5, [0x2707, nil]]]
0x3103S0x2702S0x2c91S0x21f	[0x22b, [0x2ca5, [0x270a, [0x3103, nil]]]]
0x2f5aS0x25c	[0x268, [0x2f5a, nil]]
0x2f5cS0x25c	[0x268, [0x2f5c, nil]]
0x2f5fS0x25c	[0x268, [0x2f5f, nil]]
0x2f62S0x25c	[0x268, [0x2f62, nil]]
0x2f65S0x25c	[0x268, [0x2f65, nil]]
0x2f68S0x25c	[0x268, [0x2f68, nil]]
0x2f6aS0x25c	[0x268, [0x2f6a, nil]]
0x2b6eS0x2f59S0x25c	[0x268, [0x2f6d, [0x2b6e, nil]]]
0x2b72S0x2f59S0x25c	[0x268, [0x2f6d, [0x2b72, nil]]]
0x312dS0x2b6dS0x2f59S0x25c	[0x268, [0x2f6d, [0x2b75, [0x312d, nil]]]]
0x2f5aS0x28c	[0x298, [0x2f5a, nil]]
0x2f5cS0x28c	[0x298, [0x2f5c, nil]]
0x2f5fS0x28c	[0x298, [0x2f5f, nil]]
0x2f62S0x28c	[0x298, [0x2f62, nil]]
0x2f65S0x28c	[0x298, [0x2f65, nil]]
0x2f68S0x28c	[0x298, [0x2f68, nil]]
0x2f6aS0x28c	[0x298, [0x2f6a, nil]]
0x2b6eS0x2f59S0x28c	[0x298, [0x2f6d, [0x2b6e, nil]]]
0x2b72S0x2f59S0x28c	[0x298, [0x2f6d, [0x2b72, nil]]]
0x312dS0x2b6dS0x2f59S0x28c	[0x298, [0x2f6d, [0x2b75, [0x312d, nil]]]]
0x2c92S0x2b7	[0x2c3, [0x2c92, nil]]
0x2c94S0x2b7	[0x2c3, [0x2c94, nil]]
0x2c97S0x2b7	[0x2c3, [0x2c97, nil]]
0x2c9aS0x2b7	[0x2c3, [0x2c9a, nil]]
0x2c9dS0x2b7	[0x2c3, [0x2c9d, nil]]
0x2ca0S0x2b7	[0x2c3, [0x2ca0, nil]]
0x2ca2S0x2b7	[0x2c3, [0x2ca2, nil]]
0x2703S0x2c91S0x2b7	[0x2c3, [0x2ca5, [0x2703, nil]]]
0x2707S0x2c91S0x2b7	[0x2c3, [0x2ca5, [0x2707, nil]]]
0x3103S0x2702S0x2c91S0x2b7	[0x2c3, [0x2ca5, [0x270a, [0x3103, nil]]]]
0x2f5aS0x348	[0x354, [0x2f5a, nil]]
0x2f5cS0x348	[0x354, [0x2f5c, nil]]
0x2f5fS0x348	[0x354, [0x2f5f, nil]]
0x2f62S0x348	[0x354, [0x2f62, nil]]
0x2f65S0x348	[0x354, [0x2f65, nil]]
0x2f68S0x348	[0x354, [0x2f68, nil]]
0x2f6aS0x348	[0x354, [0x2f6a, nil]]
0x2b6eS0x2f59S0x348	[0x354, [0x2f6d, [0x2b6e, nil]]]
0x2b72S0x2f59S0x348	[0x354, [0x2f6d, [0x2b72, nil]]]
0x312dS0x2b6dS0x2f59S0x348	[0x354, [0x2f6d, [0x2b75, [0x312d, nil]]]]
0x2f5aS0x385	[0x391, [0x2f5a, nil]]
0x2f5cS0x385	[0x391, [0x2f5c, nil]]
0x2f5fS0x385	[0x391, [0x2f5f, nil]]
0x2f62S0x385	[0x391, [0x2f62, nil]]
0x2f65S0x385	[0x391, [0x2f65, nil]]
0x2f68S0x385	[0x391, [0x2f68, nil]]
0x2f6aS0x385	[0x391, [0x2f6a, nil]]
0x2b6eS0x2f59S0x385	[0x391, [0x2f6d, [0x2b6e, nil]]]
0x2b72S0x2f59S0x385	[0x391, [0x2f6d, [0x2b72, nil]]]
0x312dS0x2b6dS0x2f59S0x385	[0x391, [0x2f6d, [0x2b75, [0x312d, nil]]]]
0x2f5aS0x3c2	[0x3ce, [0x2f5a, nil]]
0x2f5cS0x3c2	[0x3ce, [0x2f5c, nil]]
0x2f5fS0x3c2	[0x3ce, [0x2f5f, nil]]
0x2f62S0x3c2	[0x3ce, [0x2f62, nil]]
0x2f65S0x3c2	[0x3ce, [0x2f65, nil]]
0x2f68S0x3c2	[0x3ce, [0x2f68, nil]]
0x2f6aS0x3c2	[0x3ce, [0x2f6a, nil]]
0x2b6eS0x2f59S0x3c2	[0x3ce, [0x2f6d, [0x2b6e, nil]]]
0x2b72S0x2f59S0x3c2	[0x3ce, [0x2f6d, [0x2b72, nil]]]
0x312dS0x2b6dS0x2f59S0x3c2	[0x3ce, [0x2f6d, [0x2b75, [0x312d, nil]]]]
0x2f5aS0x3f2	[0x3fe, [0x2f5a, nil]]
0x2f5cS0x3f2	[0x3fe, [0x2f5c, nil]]
0x2f5fS0x3f2	[0x3fe, [0x2f5f, nil]]
0x2f62S0x3f2	[0x3fe, [0x2f62, nil]]
0x2f65S0x3f2	[0x3fe, [0x2f65, nil]]
0x2f68S0x3f2	[0x3fe, [0x2f68, nil]]
0x2f6aS0x3f2	[0x3fe, [0x2f6a, nil]]
0x2b6eS0x2f59S0x3f2	[0x3fe, [0x2f6d, [0x2b6e, nil]]]
0x2b72S0x2f59S0x3f2	[0x3fe, [0x2f6d, [0x2b72, nil]]]
0x312dS0x2b6dS0x2f59S0x3f2	[0x3fe, [0x2f6d, [0x2b75, [0x312d, nil]]]]
0x2c92S0x41d	[0x429, [0x2c92, nil]]
0x2c94S0x41d	[0x429, [0x2c94, nil]]
0x2c97S0x41d	[0x429, [0x2c97, nil]]
0x2c9aS0x41d	[0x429, [0x2c9a, nil]]
0x2c9dS0x41d	[0x429, [0x2c9d, nil]]
0x2ca0S0x41d	[0x429, [0x2ca0, nil]]
0x2ca2S0x41d	[0x429, [0x2ca2, nil]]
0x2703S0x2c91S0x41d	[0x429, [0x2ca5, [0x2703, nil]]]
0x2707S0x2c91S0x41d	[0x429, [0x2ca5, [0x2707, nil]]]
0x3103S0x2702S0x2c91S0x41d	[0x429, [0x2ca5, [0x270a, [0x3103, nil]]]]
0x2c55S0x45a	[0x466, [0x2c55, nil]]
0x2c57S0x45a	[0x466, [0x2c57, nil]]
0x2c5aS0x45a	[0x466, [0x2c5a, nil]]
0x2c5fS0x45a	[0x466, [0x2c5f, nil]]
0x2c60S0x45a	[0x466, [0x2c60, nil]]
0x2c63S0x45a	[0x466, [0x2c63, nil]]
0x2c65S0x45a	[0x466, [0x2c65, nil]]
0x2c6aS0x45a	[0x466, [0x2c6a, nil]]
0x267bS0x2c54S0x45a	[0x466, [0x2c6d, [0x267b, nil]]]
0x267eS0x2c54S0x45a	[0x466, [0x2c6d, [0x267e, nil]]]
0x2b5fS0x2c54S0x45a	[0x466, [0x2c6d, [0x2b5f, nil]]]
0x2b63S0x2c54S0x45a	[0x466, [0x2c6d, [0x2b63, nil]]]
0x26a1S0x2c54S0x45a	[0x466, [0x2c6d, [0x26a1, nil]]]
0x26a6S0x2c54S0x45a	[0x466, [0x2c6d, [0x26a6, nil]]]
0x307fS0x2c54S0x45a	[0x466, [0x2c6d, [0x307f, nil]]]
0x3082S0x2c54S0x45a	[0x466, [0x2c6d, [0x3082, nil]]]
0x26adS0x2c54S0x45a	[0x466, [0x2c6d, [0x26ad, nil]]]
0x26b1S0x2c54S0x45a	[0x466, [0x2c6d, [0x26b1, nil]]]
0x30adS0x2c54S0x45a	[0x466, [0x2c6d, [0x30ad, nil]]]
0x30b2S0x2c54S0x45a	[0x466, [0x2c6d, [0x30b2, nil]]]
0x30b5S0x2c54S0x45a	[0x466, [0x2c6d, [0x30b5, nil]]]
0x26b7S0x2c54S0x45a	[0x466, [0x2c6d, [0x26b7, nil]]]
0x1ce00S0x2c54S0x45a	[0x466, [0x2c6d, [0x26b9, nil]]]
0x306fS0x2c54S0x45a	[0x466, [0x2c6d, [0x306f, nil]]]
0x3074S0x2c54S0x45a	[0x466, [0x2c6d, [0x3074, nil]]]
0x3077S0x2c54S0x45a	[0x466, [0x2c6d, [0x3077, nil]]]
0x26d0S0x2c54S0x45a	[0x466, [0x2c6d, [0x26d0, nil]]]
0x26d4S0x2c54S0x45a	[0x466, [0x2c6d, [0x26d4, nil]]]
0x266fS0x2c54S0x45a	[0x466, [0x2c6d, [0x266f, nil]]]
0x2671S0x2c54S0x45a	[0x466, [0x2c6d, [0x2671, nil]]]
0x2676S0x2c54S0x45a	[0x466, [0x2c6d, [0x2676, nil]]]
0x26dcS0x2c54S0x45a	[0x466, [0x2c6d, [0x26dc, nil]]]
0x26dfS0x2c54S0x45a	[0x466, [0x2c6d, [0x26df, nil]]]
0x26e2S0x2c54S0x45a	[0x466, [0x2c6d, [0x26e2, nil]]]
0x30a0S0x2c54S0x45a	[0x466, [0x2c6d, [0x30a0, nil]]]
0x30a2S0x2c54S0x45a	[0x466, [0x2c6d, [0x30a2, nil]]]
0x30a5S0x2c54S0x45a	[0x466, [0x2c6d, [0x30a5, nil]]]
0x26bcS0x2c54S0x45a	[0x466, [0x2c6d, [0x26bc, nil]]]
0x26bdS0x2c54S0x45a	[0x466, [0x2c6d, [0x26bd, nil]]]
0x26beS0x2c54S0x45a	[0x466, [0x2c6d, [0x26be, nil]]]
0x2696S0x2c54S0x45a	[0x466, [0x2c6d, [0x2696, nil]]]
0x2698S0x2c54S0x45a	[0x466, [0x2c6d, [0x2698, nil]]]
0x269cS0x2c54S0x45a	[0x466, [0x2c6d, [0x269c, nil]]]
0x26c3S0x2c54S0x45a	[0x466, [0x2c6d, [0x26c3, nil]]]
0x26c4S0x2c54S0x45a	[0x466, [0x2c6d, [0x26c4, nil]]]
0x26c9S0x2c54S0x45a	[0x466, [0x2c6d, [0x26c9, nil]]]
0x312dS0x2b5eS0x2c54S0x45a	[0x466, [0x2c6d, [0x2b66, [0x312d, nil]]]]
0x2bdaS0x4ca	[0x4d6, [0x2bda, nil]]
0x2bdcS0x4ca	[0x4d6, [0x2bdc, nil]]
0x2bdfS0x4ca	[0x4d6, [0x2bdf, nil]]
0x2be2S0x4ca	[0x4d6, [0x2be2, nil]]
0x2be5S0x4ca	[0x4d6, [0x2be5, nil]]
0x2be8S0x4ca	[0x4d6, [0x2be8, nil]]
0x2beaS0x4ca	[0x4d6, [0x2bea, nil]]
0x2687S0x2bd9S0x4ca	[0x4d6, [0x2bed, [0x2687, nil]]]
0x268bS0x2bd9S0x4ca	[0x4d6, [0x2bed, [0x268b, nil]]]
0x30e5S0x2686S0x2bd9S0x4ca	[0x4d6, [0x2bed, [0x268e, [0x30e5, nil]]]]
0x30e7S0x2686S0x2bd9S0x4ca	[0x4d6, [0x2bed, [0x268e, [0x30e7, nil]]]]
0x30ebS0x2686S0x2bd9S0x4ca	[0x4d6, [0x2bed, [0x268e, [0x30eb, nil]]]]
0x310dS0x2686S0x2bd9S0x4ca	[0x4d6, [0x2bed, [0x268e, [0x310d, nil]]]]
0x310fS0x2686S0x2bd9S0x4ca	[0x4d6, [0x2bed, [0x268e, [0x310f, nil]]]]
0x3125S0x2686S0x2bd9S0x4ca	[0x4d6, [0x2bed, [0x268e, [0x3125, nil]]]]
0x2f5aS0x4f5	[0x501, [0x2f5a, nil]]
0x2f5cS0x4f5	[0x501, [0x2f5c, nil]]
0x2f5fS0x4f5	[0x501, [0x2f5f, nil]]
0x2f62S0x4f5	[0x501, [0x2f62, nil]]
0x2f65S0x4f5	[0x501, [0x2f65, nil]]
0x2f68S0x4f5	[0x501, [0x2f68, nil]]
0x2f6aS0x4f5	[0x501, [0x2f6a, nil]]
0x2b6eS0x2f59S0x4f5	[0x501, [0x2f6d, [0x2b6e, nil]]]
0x2b72S0x2f59S0x4f5	[0x501, [0x2f6d, [0x2b72, nil]]]
0x312dS0x2b6dS0x2f59S0x4f5	[0x501, [0x2f6d, [0x2b75, [0x312d, nil]]]]
0x2bdaS0x520	[0x52c, [0x2bda, nil]]
0x2bdcS0x520	[0x52c, [0x2bdc, nil]]
0x2bdfS0x520	[0x52c, [0x2bdf, nil]]
0x2be2S0x520	[0x52c, [0x2be2, nil]]
0x2be5S0x520	[0x52c, [0x2be5, nil]]
0x2be8S0x520	[0x52c, [0x2be8, nil]]
0x2beaS0x520	[0x52c, [0x2bea, nil]]
0x2687S0x2bd9S0x520	[0x52c, [0x2bed, [0x2687, nil]]]
0x268bS0x2bd9S0x520	[0x52c, [0x2bed, [0x268b, nil]]]
0x30e5S0x2686S0x2bd9S0x520	[0x52c, [0x2bed, [0x268e, [0x30e5, nil]]]]
0x30e7S0x2686S0x2bd9S0x520	[0x52c, [0x2bed, [0x268e, [0x30e7, nil]]]]
0x30ebS0x2686S0x2bd9S0x520	[0x52c, [0x2bed, [0x268e, [0x30eb, nil]]]]
0x310dS0x2686S0x2bd9S0x520	[0x52c, [0x2bed, [0x268e, [0x310d, nil]]]]
0x310fS0x2686S0x2bd9S0x520	[0x52c, [0x2bed, [0x268e, [0x310f, nil]]]]
0x3125S0x2686S0x2bd9S0x520	[0x52c, [0x2bed, [0x268e, [0x3125, nil]]]]
0x2f5aS0x55d	[0x569, [0x2f5a, nil]]
0x2f5cS0x55d	[0x569, [0x2f5c, nil]]
0x2f5fS0x55d	[0x569, [0x2f5f, nil]]
0x2f62S0x55d	[0x569, [0x2f62, nil]]
0x2f65S0x55d	[0x569, [0x2f65, nil]]
0x2f68S0x55d	[0x569, [0x2f68, nil]]
0x2f6aS0x55d	[0x569, [0x2f6a, nil]]
0x2b6eS0x2f59S0x55d	[0x569, [0x2f6d, [0x2b6e, nil]]]
0x2b72S0x2f59S0x55d	[0x569, [0x2f6d, [0x2b72, nil]]]
0x312dS0x2b6dS0x2f59S0x55d	[0x569, [0x2f6d, [0x2b75, [0x312d, nil]]]]
0x2c92S0x172c	[0x17a6, [0x2c92, nil]]
0x2c94S0x172c	[0x17a6, [0x2c94, nil]]
0x2c97S0x172c	[0x17a6, [0x2c97, nil]]
0x2c9aS0x172c	[0x17a6, [0x2c9a, nil]]
0x2c9dS0x172c	[0x17a6, [0x2c9d, nil]]
0x2ca0S0x172c	[0x17a6, [0x2ca0, nil]]
0x2ca2S0x172c	[0x17a6, [0x2ca2, nil]]
0x2703S0x2c91S0x172c	[0x17a6, [0x2ca5, [0x2703, nil]]]
0x2707S0x2c91S0x172c	[0x17a6, [0x2ca5, [0x2707, nil]]]
0x3103S0x2702S0x2c91S0x172c	[0x17a6, [0x2ca5, [0x270a, [0x3103, nil]]]]
0x2f75S0x719	[0x83f, [0x2f75, nil]]
0x2f77S0x719	[0x83f, [0x2f77, nil]]
0x2f7aS0x719	[0x83f, [0x2f7a, nil]]
0x2f7dS0x719	[0x83f, [0x2f7d, nil]]
0x2f80S0x719	[0x83f, [0x2f80, nil]]
0x2f83S0x719	[0x83f, [0x2f83, nil]]
0x2f85S0x719	[0x83f, [0x2f85, nil]]
0x2f8aS0x719	[0x83f, [0x2f8a, nil]]
0x2f8dS0x719	[0x83f, [0x2f8d, nil]]
0x2f90S0x719	[0x83f, [0x2f90, nil]]
0x2f92S0x719	[0x83f, [0x2f92, nil]]
0x2b6eS0x2f74S0x719	[0x83f, [0x2f88, [0x2b6e, nil]]]
0x2b72S0x2f74S0x719	[0x83f, [0x2f88, [0x2b72, nil]]]
0x312dS0x2b6dS0x2f74S0x719	[0x83f, [0x2f88, [0x2b75, [0x312d, nil]]]]
0x2b6eS0x2f89S0x719	[0x83f, [0x2f95, [0x2b6e, nil]]]
0x2b72S0x2f89S0x719	[0x83f, [0x2f95, [0x2b72, nil]]]
0x312dS0x2b6dS0x2f89S0x719	[0x83f, [0x2f95, [0x2b75, [0x312d, nil]]]]
0x2c92S0xde9	[0xe69, [0x2c92, nil]]
0x2c94S0xde9	[0xe69, [0x2c94, nil]]
0x2c97S0xde9	[0xe69, [0x2c97, nil]]
0x2c9aS0xde9	[0xe69, [0x2c9a, nil]]
0x2c9dS0xde9	[0xe69, [0x2c9d, nil]]
0x2ca0S0xde9	[0xe69, [0x2ca0, nil]]
0x2ca2S0xde9	[0xe69, [0x2ca2, nil]]
0x2703S0x2c91S0xde9	[0xe69, [0x2ca5, [0x2703, nil]]]
0x2707S0x2c91S0xde9	[0xe69, [0x2ca5, [0x2707, nil]]]
0x3103S0x2702S0x2c91S0xde9	[0xe69, [0x2ca5, [0x270a, [0x3103, nil]]]]
0x2539S0xe96	[0xeb9, [0x2539, nil]]
0x252cS0xe96	[0xeb9, [0x252c, nil]]
0x252eS0xe96	[0xeb9, [0x252e, nil]]
0x2532S0xe96	[0xeb9, [0x2532, nil]]
0x2533S0xe96	[0xeb9, [0x2533, nil]]
0x2534S0xe96	[0xeb9, [0x2534, nil]]
0x2535S0xe96	[0xeb9, [0x2535, nil]]
0x253eS0xe96	[0xeb9, [0x253e, nil]]
0x2540S0xe96	[0xeb9, [0x2540, nil]]
0x2546S0xe96	[0xeb9, [0x2546, nil]]
0x2547S0xe96	[0xeb9, [0x2547, nil]]
0x2328S0x253dS0xe96	[0xeb9, [0x254a, [0x2328, nil]]]
0x232bS0x253dS0xe96	[0xeb9, [0x254a, [0x232b, nil]]]
0x232eS0x253dS0xe96	[0xeb9, [0x254a, [0x232e, nil]]]
0x2332S0x253dS0xe96	[0xeb9, [0x254a, [0x2332, nil]]]
0x31e6S0x2327B0x253dS0xe96	[0xeb9, [0x2335, [0x31e6, nil]]]
0x31e1S0x2327B0x253dS0xe96	[0xeb9, [0x2335, [0x31e1, nil]]]
0x31e2S0x2327B0x253dS0xe96	[0xeb9, [0x2335, [0x31e2, nil]]]
0x31d7S0x2327B0x253dS0xe96	[0xeb9, [0x2335, [0x31d7, nil]]]
0x31dbS0x2327B0x253dS0xe96	[0xeb9, [0x2335, [0x31db, nil]]]
0x312dS0x31d6S0x2327B0x253dS0xe96	[0xeb9, [0x2335, [0x31de, [0x312d, nil]]]]
0x2cf2S0xff0	[0x1010, [0x2cf2, nil]]
0x2cf4S0xff0	[0x1010, [0x2cf4, nil]]
0x2cf7S0xff0	[0x1010, [0x2cf7, nil]]
0x2cfaS0xff0	[0x1010, [0x2cfa, nil]]
0x2cfdS0xff0	[0x1010, [0x2cfd, nil]]
0x2d00S0xff0	[0x1010, [0x2d00, nil]]
0x2d02S0xff0	[0x1010, [0x2d02, nil]]
0x2d07S0xff0	[0x1010, [0x2d07, nil]]
0x2d0aS0xff0	[0x1010, [0x2d0a, nil]]
0x2d0dS0xff0	[0x1010, [0x2d0d, nil]]
0x2d0fS0xff0	[0x1010, [0x2d0f, nil]]
0x2d14S0xff0	[0x1010, [0x2d14, nil]]
0x2d17S0xff0	[0x1010, [0x2d17, nil]]
0x2d1aS0xff0	[0x1010, [0x2d1a, nil]]
0x2d1cS0xff0	[0x1010, [0x2d1c, nil]]
0x2d21S0xff0	[0x1010, [0x2d21, nil]]
0x2d24S0xff0	[0x1010, [0x2d24, nil]]
0x2d27S0xff0	[0x1010, [0x2d27, nil]]
0x2d29S0xff0	[0x1010, [0x2d29, nil]]
0x2d2eS0xff0	[0x1010, [0x2d2e, nil]]
0x2d31S0xff0	[0x1010, [0x2d31, nil]]
0x2d34S0xff0	[0x1010, [0x2d34, nil]]
0x2d36S0xff0	[0x1010, [0x2d36, nil]]
0x2d3bS0xff0	[0x1010, [0x2d3b, nil]]
0x2d3eS0xff0	[0x1010, [0x2d3e, nil]]
0x2d41S0xff0	[0x1010, [0x2d41, nil]]
0x2d43S0xff0	[0x1010, [0x2d43, nil]]
0x2703S0x2cf1S0xff0	[0x1010, [0x2d05, [0x2703, nil]]]
0x2707S0x2cf1S0xff0	[0x1010, [0x2d05, [0x2707, nil]]]
0x3103S0x2702S0x2cf1S0xff0	[0x1010, [0x2d05, [0x270a, [0x3103, nil]]]]
0x2b6eS0x2d06S0xff0	[0x1010, [0x2d12, [0x2b6e, nil]]]
0x2b72S0x2d06S0xff0	[0x1010, [0x2d12, [0x2b72, nil]]]
0x312dS0x2b6dS0x2d06S0xff0	[0x1010, [0x2d12, [0x2b75, [0x312d, nil]]]]
0x2687S0x2d13S0xff0	[0x1010, [0x2d1f, [0x2687, nil]]]
0x268bS0x2d13S0xff0	[0x1010, [0x2d1f, [0x268b, nil]]]
0x30e5S0x2686S0x2d13S0xff0	[0x1010, [0x2d1f, [0x268e, [0x30e5, nil]]]]
0x30e7S0x2686S0x2d13S0xff0	[0x1010, [0x2d1f, [0x268e, [0x30e7, nil]]]]
0x30ebS0x2686S0x2d13S0xff0	[0x1010, [0x2d1f, [0x268e, [0x30eb, nil]]]]
0x310dS0x2686S0x2d13S0xff0	[0x1010, [0x2d1f, [0x268e, [0x310d, nil]]]]
0x310fS0x2686S0x2d13S0xff0	[0x1010, [0x2d1f, [0x268e, [0x310f, nil]]]]
0x3125S0x2686S0x2d13S0xff0	[0x1010, [0x2d1f, [0x268e, [0x3125, nil]]]]
0x2b6eS0x2d20S0xff0	[0x1010, [0x2d2c, [0x2b6e, nil]]]
0x2b72S0x2d20S0xff0	[0x1010, [0x2d2c, [0x2b72, nil]]]
0x312dS0x2b6dS0x2d20S0xff0	[0x1010, [0x2d2c, [0x2b75, [0x312d, nil]]]]
0x2b6eS0x2d2dS0xff0	[0x1010, [0x2d39, [0x2b6e, nil]]]
0x2b72S0x2d2dS0xff0	[0x1010, [0x2d39, [0x2b72, nil]]]
0x312dS0x2b6dS0x2d2dS0xff0	[0x1010, [0x2d39, [0x2b75, [0x312d, nil]]]]
0x2687S0x2d3aS0xff0	[0x1010, [0x2d46, [0x2687, nil]]]
0x268bS0x2d3aS0xff0	[0x1010, [0x2d46, [0x268b, nil]]]
0x30e5S0x2686S0x2d3aS0xff0	[0x1010, [0x2d46, [0x268e, [0x30e5, nil]]]]
0x30e7S0x2686S0x2d3aS0xff0	[0x1010, [0x2d46, [0x268e, [0x30e7, nil]]]]
0x30ebS0x2686S0x2d3aS0xff0	[0x1010, [0x2d46, [0x268e, [0x30eb, nil]]]]
0x310dS0x2686S0x2d3aS0xff0	[0x1010, [0x2d46, [0x268e, [0x310d, nil]]]]
0x310fS0x2686S0x2d3aS0xff0	[0x1010, [0x2d46, [0x268e, [0x310f, nil]]]]
0x3125S0x2686S0x2d3aS0xff0	[0x1010, [0x2d46, [0x268e, [0x3125, nil]]]]
0x2d53S0x1099	[0x10c1, [0x2d53, nil]]
0x2d55S0x1099	[0x10c1, [0x2d55, nil]]
0x2d58S0x1099	[0x10c1, [0x2d58, nil]]
0x2d5bS0x1099	[0x10c1, [0x2d5b, nil]]
0x2d5eS0x1099	[0x10c1, [0x2d5e, nil]]
0x2d61S0x1099	[0x10c1, [0x2d61, nil]]
0x2d63S0x1099	[0x10c1, [0x2d63, nil]]
0x2d68S0x1099	[0x10c1, [0x2d68, nil]]
0x2d6bS0x1099	[0x10c1, [0x2d6b, nil]]
0x2d6eS0x1099	[0x10c1, [0x2d6e, nil]]
0x2d70S0x1099	[0x10c1, [0x2d70, nil]]
0x2d75S0x1099	[0x10c1, [0x2d75, nil]]
0x2d78S0x1099	[0x10c1, [0x2d78, nil]]
0x2d7bS0x1099	[0x10c1, [0x2d7b, nil]]
0x2d7dS0x1099	[0x10c1, [0x2d7d, nil]]
0x2b7dS0x1099	[0x10c1, [0x2b7d, nil]]
0x2b81S0x1099	[0x10c1, [0x2b81, nil]]
0x2d82S0x1099	[0x10c1, [0x2d82, nil]]
0x2d85S0x1099	[0x10c1, [0x2d85, nil]]
0x2d88S0x1099	[0x10c1, [0x2d88, nil]]
0x2d8aS0x1099	[0x10c1, [0x2d8a, nil]]
0x3137S0x2b7cS0x1099	[0x10c1, [0x2b84, [0x3137, nil]]]
0x3139S0x2b7cS0x1099	[0x10c1, [0x2b84, [0x3139, nil]]]
0x313cS0x2b7cS0x1099	[0x10c1, [0x2b84, [0x313c, nil]]]
0x2703S0x2d52S0x1099	[0x10c1, [0x2d66, [0x2703, nil]]]
0x2707S0x2d52S0x1099	[0x10c1, [0x2d66, [0x2707, nil]]]
0x3103S0x2702S0x2d52S0x1099	[0x10c1, [0x2d66, [0x270a, [0x3103, nil]]]]
0x2703S0x2d74S0x1099	[0x10c1, [0x2d80, [0x2703, nil]]]
0x2707S0x2d74S0x1099	[0x10c1, [0x2d80, [0x2707, nil]]]
0x3103S0x2702S0x2d74S0x1099	[0x10c1, [0x2d80, [0x270a, [0x3103, nil]]]]
0x2703S0x2d81S0x1099	[0x10c1, [0x2d8d, [0x2703, nil]]]
0x2707S0x2d81S0x1099	[0x10c1, [0x2d8d, [0x2707, nil]]]
0x3103S0x2702S0x2d81S0x1099	[0x10c1, [0x2d8d, [0x270a, [0x3103, nil]]]]
0x2f75S0x1206	[0x1266, [0x2f75, nil]]
0x2f77S0x1206	[0x1266, [0x2f77, nil]]
0x2f7aS0x1206	[0x1266, [0x2f7a, nil]]
0x2f7dS0x1206	[0x1266, [0x2f7d, nil]]
0x2f80S0x1206	[0x1266, [0x2f80, nil]]
0x2f83S0x1206	[0x1266, [0x2f83, nil]]
0x2f85S0x1206	[0x1266, [0x2f85, nil]]
0x2f8aS0x1206	[0x1266, [0x2f8a, nil]]
0x2f8dS0x1206	[0x1266, [0x2f8d, nil]]
0x2f90S0x1206	[0x1266, [0x2f90, nil]]
0x2f92S0x1206	[0x1266, [0x2f92, nil]]
0x2b6eS0x2f74S0x1206	[0x1266, [0x2f88, [0x2b6e, nil]]]
0x2b72S0x2f74S0x1206	[0x1266, [0x2f88, [0x2b72, nil]]]
0x312dS0x2b6dS0x2f74S0x1206	[0x1266, [0x2f88, [0x2b75, [0x312d, nil]]]]
0x2b6eS0x2f89S0x1206	[0x1266, [0x2f95, [0x2b6e, nil]]]
0x2b72S0x2f89S0x1206	[0x1266, [0x2f95, [0x2b72, nil]]]
0x312dS0x2b6dS0x2f89S0x1206	[0x1266, [0x2f95, [0x2b75, [0x312d, nil]]]]
0x2f5aS0x12f0	[0x1337, [0x2f5a, nil]]
0x2f5cS0x12f0	[0x1337, [0x2f5c, nil]]
0x2f5fS0x12f0	[0x1337, [0x2f5f, nil]]
0x2f62S0x12f0	[0x1337, [0x2f62, nil]]
0x2f65S0x12f0	[0x1337, [0x2f65, nil]]
0x2f68S0x12f0	[0x1337, [0x2f68, nil]]
0x2f6aS0x12f0	[0x1337, [0x2f6a, nil]]
0x2b6eS0x2f59S0x12f0	[0x1337, [0x2f6d, [0x2b6e, nil]]]
0x2b72S0x2f59S0x12f0	[0x1337, [0x2f6d, [0x2b72, nil]]]
0x312dS0x2b6dS0x2f59S0x12f0	[0x1337, [0x2f6d, [0x2b75, [0x312d, nil]]]]
0x24f8S0x157b	[0x15a3, [0x24f8, nil]]
0x2512S0x157b	[0x15a3, [0x2512, nil]]
0x24ebS0x157b	[0x15a3, [0x24eb, nil]]
0x24edS0x157b	[0x15a3, [0x24ed, nil]]
0x24f1S0x157b	[0x15a3, [0x24f1, nil]]
0x24f2S0x157b	[0x15a3, [0x24f2, nil]]
0x24f3S0x157b	[0x15a3, [0x24f3, nil]]
0x24f4S0x157b	[0x15a3, [0x24f4, nil]]
0x24fdS0x157b	[0x15a3, [0x24fd, nil]]
0x2500S0x157b	[0x15a3, [0x2500, nil]]
0x2501S0x157b	[0x15a3, [0x2501, nil]]
0x2502S0x157b	[0x15a3, [0x2502, nil]]
0x250cS0x157b	[0x15a3, [0x250c, nil]]
0x250dS0x157b	[0x15a3, [0x250d, nil]]
0x250eS0x157b	[0x15a3, [0x250e, nil]]
0x2517S0x157b	[0x15a3, [0x2517, nil]]
0x251dS0x157b	[0x15a3, [0x251d, nil]]
0x251eS0x157b	[0x15a3, [0x251e, nil]]
0x2257S0x2516S0x157b	[0x15a3, [0x2521, [0x2257, nil]]]
0x2286S0x2516S0x157b	[0x15a3, [0x2521, [0x2286, nil]]]
0x3055S0x2516S0x157b	[0x15a3, [0x2521, [0x3055, nil]]]
0x225dS0x2516S0x157b	[0x15a3, [0x2521, [0x225d, nil]]]
0x225eS0x2516S0x157b	[0x15a3, [0x2521, [0x225e, nil]]]
0x2261S0x2516S0x157b	[0x15a3, [0x2521, [0x2261, nil]]]
0x2265S0x2516S0x157b	[0x15a3, [0x2521, [0x2265, nil]]]
0x2274S0x2516S0x157b	[0x15a3, [0x2521, [0x2274, nil]]]
0x2277S0x2516S0x157b	[0x15a3, [0x2521, [0x2277, nil]]]
0x2278S0x2516S0x157b	[0x15a3, [0x2521, [0x2278, nil]]]
0x227bS0x2516S0x157b	[0x15a3, [0x2521, [0x227b, nil]]]
0x227fS0x2516S0x157b	[0x15a3, [0x2521, [0x227f, nil]]]
0x2280S0x2516S0x157b	[0x15a3, [0x2521, [0x2280, nil]]]
0x2281S0x2516S0x157b	[0x15a3, [0x2521, [0x2281, nil]]]
0x2282S0x2516S0x157b	[0x15a3, [0x2521, [0x2282, nil]]]
0x226aS0x2516S0x157b	[0x15a3, [0x2521, [0x226a, nil]]]
0x3043S0x2516S0x157b	[0x15a3, [0x2521, [0x3043, nil]]]
0x3045S0x2516S0x157b	[0x15a3, [0x2521, [0x3045, nil]]]
0x304fS0x2516S0x157b	[0x15a3, [0x2521, [0x304f, nil]]]
0x3050S0x2516S0x157b	[0x15a3, [0x2521, [0x3050, nil]]]
0x3051S0x2516S0x157b	[0x15a3, [0x2521, [0x3051, nil]]]
0x228bS0x2516S0x157b	[0x15a3, [0x2521, [0x228b, nil]]]
0x2291S0x2516S0x157b	[0x15a3, [0x2521, [0x2291, nil]]]
0x224bS0x2516S0x157b	[0x15a3, [0x2521, [0x224b, nil]]]
0x224eS0x2516S0x157b	[0x15a3, [0x2521, [0x224e, nil]]]
0x2251S0x2516S0x157b	[0x15a3, [0x2521, [0x2251, nil]]]
0x2252S0x2516S0x157b	[0x15a3, [0x2521, [0x2252, nil]]]
0x2253S0x2516S0x157b	[0x15a3, [0x2521, [0x2253, nil]]]
0x305aS0x2516S0x157b	[0x15a3, [0x2521, [0x305a, nil]]]
0x305cS0x2516S0x157b	[0x15a3, [0x2521, [0x305c, nil]]]
0x305dS0x2516S0x157b	[0x15a3, [0x2521, [0x305d, nil]]]
0x3060S0x2516S0x157b	[0x15a3, [0x2521, [0x3060, nil]]]
0x3061S0x2516S0x157b	[0x15a3, [0x2521, [0x3061, nil]]]
0x3064S0x2516S0x157b	[0x15a3, [0x2521, [0x3064, nil]]]
0x3067S0x2516S0x157b	[0x15a3, [0x2521, [0x3067, nil]]]
0x2fbcS0x2269S0x2516S0x157b	[0x15a3, [0x2521, [0x226d, [0x2fbc, nil]]]]
0x2f9eS0x2269S0x2516S0x157b	[0x15a3, [0x2521, [0x226d, [0x2f9e, nil]]]]
0x2fa0S0x2269S0x2516S0x157b	[0x15a3, [0x2521, [0x226d, [0x2fa0, nil]]]]
0x2fa2S0x2269S0x2516S0x157b	[0x15a3, [0x2521, [0x226d, [0x2fa2, nil]]]]
0x2fa7S0x2269S0x2516S0x157b	[0x15a3, [0x2521, [0x226d, [0x2fa7, nil]]]]
0x2faaS0x2269S0x2516S0x157b	[0x15a3, [0x2521, [0x226d, [0x2faa, nil]]]]
0x2fabS0x2269S0x2516S0x157b	[0x15a3, [0x2521, [0x226d, [0x2fab, nil]]]]
0x2fb5S0x2269S0x2516S0x157b	[0x15a3, [0x2521, [0x226d, [0x2fb5, nil]]]]
0x2fb6S0x2269S0x2516S0x157b	[0x15a3, [0x2521, [0x226d, [0x2fb6, nil]]]]
0x2fb7S0x2269S0x2516S0x157b	[0x15a3, [0x2521, [0x226d, [0x2fb7, nil]]]]
0x2fb8S0x2269S0x2516S0x157b	[0x15a3, [0x2521, [0x226d, [0x2fb8, nil]]]]
0x2fc2S0x2269S0x2516S0x157b	[0x15a3, [0x2521, [0x226d, [0x2fc2, nil]]]]
0x316aS0x228aS0x2516S0x157b	[0x15a3, [0x2521, [0x2294, [0x316a, nil]]]]
0x316eS0x228aS0x2516S0x157b	[0x15a3, [0x2521, [0x2294, [0x316e, nil]]]]
0x1e200S0x228aS0x2516S0x157b	[0x15a3, [0x2521, [0x2294, [0x3170, nil]]]]
0x3144S0x228aS0x2516S0x157b	[0x15a3, [0x2521, [0x2294, [0x3144, nil]]]]
0x1d800S0x228aS0x2516S0x157b	[0x15a3, [0x2521, [0x2294, [0x3146, nil]]]]
0x3164S0x228aS0x2516S0x157b	[0x15a3, [0x2521, [0x2294, [0x3164, nil]]]]
0x3165S0x228aS0x2516S0x157b	[0x15a3, [0x2521, [0x2294, [0x3165, nil]]]]
0x3166S0x228aS0x2516S0x157b	[0x15a3, [0x2521, [0x2294, [0x3166, nil]]]]
0x3149S0x228aS0x2516S0x157b	[0x15a3, [0x2521, [0x2294, [0x3149, nil]]]]
0x314aS0x228aS0x2516S0x157b	[0x15a3, [0x2521, [0x2294, [0x314a, nil]]]]
0x314bS0x228aS0x2516S0x157b	[0x15a3, [0x2521, [0x2294, [0x314b, nil]]]]
0x3151S0x228aS0x2516S0x157b	[0x15a3, [0x2521, [0x2294, [0x3151, nil]]]]
0x3152S0x228aS0x2516S0x157b	[0x15a3, [0x2521, [0x2294, [0x3152, nil]]]]
0x3155S0x228aS0x2516S0x157b	[0x15a3, [0x2521, [0x2294, [0x3155, nil]]]]
0x3157S0x228aS0x2516S0x157b	[0x15a3, [0x2521, [0x2294, [0x3157, nil]]]]
0x315aS0x228aS0x2516S0x157b	[0x15a3, [0x2521, [0x2294, [0x315a, nil]]]]
0x315dS0x228aS0x2516S0x157b	[0x15a3, [0x2521, [0x2294, [0x315d, nil]]]]
0x2cadS0x15b3	[0x15c6, [0x2cad, nil]]
0x2cafS0x15b3	[0x15c6, [0x2caf, nil]]
0x2cb2S0x15b3	[0x15c6, [0x2cb2, nil]]
0x2cb5S0x15b3	[0x15c6, [0x2cb5, nil]]
0x2cb8S0x15b3	[0x15c6, [0x2cb8, nil]]
0x2cbbS0x15b3	[0x15c6, [0x2cbb, nil]]
0x2cbdS0x15b3	[0x15c6, [0x2cbd, nil]]
0x2cc2S0x15b3	[0x15c6, [0x2cc2, nil]]
0x2cc5S0x15b3	[0x15c6, [0x2cc5, nil]]
0x2cc8S0x15b3	[0x15c6, [0x2cc8, nil]]
0x2ccaS0x15b3	[0x15c6, [0x2cca, nil]]
0x2ccfS0x15b3	[0x15c6, [0x2ccf, nil]]
0x2cd2S0x15b3	[0x15c6, [0x2cd2, nil]]
0x2cd5S0x15b3	[0x15c6, [0x2cd5, nil]]
0x2cd7S0x15b3	[0x15c6, [0x2cd7, nil]]
0x2cdcS0x15b3	[0x15c6, [0x2cdc, nil]]
0x2cdfS0x15b3	[0x15c6, [0x2cdf, nil]]
0x2ce2S0x15b3	[0x15c6, [0x2ce2, nil]]
0x2ce4S0x15b3	[0x15c6, [0x2ce4, nil]]
0x2703S0x2cacS0x15b3	[0x15c6, [0x2cc0, [0x2703, nil]]]
0x2707S0x2cacS0x15b3	[0x15c6, [0x2cc0, [0x2707, nil]]]
0x3103S0x2702S0x2cacS0x15b3	[0x15c6, [0x2cc0, [0x270a, [0x3103, nil]]]]
0x2703S0x2cc1S0x15b3	[0x15c6, [0x2ccd, [0x2703, nil]]]
0x2707S0x2cc1S0x15b3	[0x15c6, [0x2ccd, [0x2707, nil]]]
0x3103S0x2702S0x2cc1S0x15b3	[0x15c6, [0x2ccd, [0x270a, [0x3103, nil]]]]
0x2b6eS0x2cceS0x15b3	[0x15c6, [0x2cda, [0x2b6e, nil]]]
0x2b72S0x2cceS0x15b3	[0x15c6, [0x2cda, [0x2b72, nil]]]
0x312dS0x2b6dS0x2cceS0x15b3	[0x15c6, [0x2cda, [0x2b75, [0x312d, nil]]]]
0x2687S0x2cdbS0x15b3	[0x15c6, [0x2ce7, [0x2687, nil]]]
0x268bS0x2cdbS0x15b3	[0x15c6, [0x2ce7, [0x268b, nil]]]
0x30e5S0x2686S0x2cdbS0x15b3	[0x15c6, [0x2ce7, [0x268e, [0x30e5, nil]]]]
0x30e7S0x2686S0x2cdbS0x15b3	[0x15c6, [0x2ce7, [0x268e, [0x30e7, nil]]]]
0x30ebS0x2686S0x2cdbS0x15b3	[0x15c6, [0x2ce7, [0x268e, [0x30eb, nil]]]]
0x310dS0x2686S0x2cdbS0x15b3	[0x15c6, [0x2ce7, [0x268e, [0x310d, nil]]]]
0x310fS0x2686S0x2cdbS0x15b3	[0x15c6, [0x2ce7, [0x268e, [0x310f, nil]]]]
0x3125S0x2686S0x2cdbS0x15b3	[0x15c6, [0x2ce7, [0x268e, [0x3125, nil]]]]
0x2539S0x17d3	[0x17f6, [0x2539, nil]]
0x252cS0x17d3	[0x17f6, [0x252c, nil]]
0x252eS0x17d3	[0x17f6, [0x252e, nil]]
0x2532S0x17d3	[0x17f6, [0x2532, nil]]
0x2533S0x17d3	[0x17f6, [0x2533, nil]]
0x2534S0x17d3	[0x17f6, [0x2534, nil]]
0x2535S0x17d3	[0x17f6, [0x2535, nil]]
0x253eS0x17d3	[0x17f6, [0x253e, nil]]
0x2540S0x17d3	[0x17f6, [0x2540, nil]]
0x2546S0x17d3	[0x17f6, [0x2546, nil]]
0x2547S0x17d3	[0x17f6, [0x2547, nil]]
0x2328S0x253dS0x17d3	[0x17f6, [0x254a, [0x2328, nil]]]
0x232bS0x253dS0x17d3	[0x17f6, [0x254a, [0x232b, nil]]]
0x232eS0x253dS0x17d3	[0x17f6, [0x254a, [0x232e, nil]]]
0x2332S0x253dS0x17d3	[0x17f6, [0x254a, [0x2332, nil]]]
0x31e6S0x2327B0x253dS0x17d3	[0x17f6, [0x2335, [0x31e6, nil]]]
0x31e1S0x2327B0x253dS0x17d3	[0x17f6, [0x2335, [0x31e1, nil]]]
0x31e2S0x2327B0x253dS0x17d3	[0x17f6, [0x2335, [0x31e2, nil]]]
0x31d7S0x2327B0x253dS0x17d3	[0x17f6, [0x2335, [0x31d7, nil]]]
0x31dbS0x2327B0x253dS0x17d3	[0x17f6, [0x2335, [0x31db, nil]]]
0x312dS0x31d6S0x2327B0x253dS0x17d3	[0x17f6, [0x2335, [0x31de, [0x312d, nil]]]]
0x2c92S0x1839	[0x18b5, [0x2c92, nil]]
0x2c94S0x1839	[0x18b5, [0x2c94, nil]]
0x2c97S0x1839	[0x18b5, [0x2c97, nil]]
0x2c9aS0x1839	[0x18b5, [0x2c9a, nil]]
0x2c9dS0x1839	[0x18b5, [0x2c9d, nil]]
0x2ca0S0x1839	[0x18b5, [0x2ca0, nil]]
0x2ca2S0x1839	[0x18b5, [0x2ca2, nil]]
0x2703S0x2c91S0x1839	[0x18b5, [0x2ca5, [0x2703, nil]]]
0x2707S0x2c91S0x1839	[0x18b5, [0x2ca5, [0x2707, nil]]]
0x3103S0x2702S0x2c91S0x1839	[0x18b5, [0x2ca5, [0x270a, [0x3103, nil]]]]
0x2539S0x18e2	[0x1905, [0x2539, nil]]
0x252cS0x18e2	[0x1905, [0x252c, nil]]
0x252eS0x18e2	[0x1905, [0x252e, nil]]
0x2532S0x18e2	[0x1905, [0x2532, nil]]
0x2533S0x18e2	[0x1905, [0x2533, nil]]
0x2534S0x18e2	[0x1905, [0x2534, nil]]
0x2535S0x18e2	[0x1905, [0x2535, nil]]
0x253eS0x18e2	[0x1905, [0x253e, nil]]
0x2540S0x18e2	[0x1905, [0x2540, nil]]
0x2546S0x18e2	[0x1905, [0x2546, nil]]
0x2547S0x18e2	[0x1905, [0x2547, nil]]
0x2328S0x253dS0x18e2	[0x1905, [0x254a, [0x2328, nil]]]
0x232bS0x253dS0x18e2	[0x1905, [0x254a, [0x232b, nil]]]
0x232eS0x253dS0x18e2	[0x1905, [0x254a, [0x232e, nil]]]
0x2332S0x253dS0x18e2	[0x1905, [0x254a, [0x2332, nil]]]
0x31e6S0x2327B0x253dS0x18e2	[0x1905, [0x2335, [0x31e6, nil]]]
0x31e1S0x2327B0x253dS0x18e2	[0x1905, [0x2335, [0x31e1, nil]]]
0x31e2S0x2327B0x253dS0x18e2	[0x1905, [0x2335, [0x31e2, nil]]]
0x31d7S0x2327B0x253dS0x18e2	[0x1905, [0x2335, [0x31d7, nil]]]
0x31dbS0x2327B0x253dS0x18e2	[0x1905, [0x2335, [0x31db, nil]]]
0x312dS0x31d6S0x2327B0x253dS0x18e2	[0x1905, [0x2335, [0x31de, [0x312d, nil]]]]
0x2f5aS0x19c9	[0x1a0d, [0x2f5a, nil]]
0x2f5cS0x19c9	[0x1a0d, [0x2f5c, nil]]
0x2f5fS0x19c9	[0x1a0d, [0x2f5f, nil]]
0x2f62S0x19c9	[0x1a0d, [0x2f62, nil]]
0x2f65S0x19c9	[0x1a0d, [0x2f65, nil]]
0x2f68S0x19c9	[0x1a0d, [0x2f68, nil]]
0x2f6aS0x19c9	[0x1a0d, [0x2f6a, nil]]
0x2b6eS0x2f59S0x19c9	[0x1a0d, [0x2f6d, [0x2b6e, nil]]]
0x2b72S0x2f59S0x19c9	[0x1a0d, [0x2f6d, [0x2b72, nil]]]
0x312dS0x2b6dS0x2f59S0x19c9	[0x1a0d, [0x2f6d, [0x2b75, [0x312d, nil]]]]
0x2f75S0xb670x39b	[0xbf4, [0x2f75, nil]]
0x2f77S0xb670x39b	[0xbf4, [0x2f77, nil]]
0x2f7aS0xb670x39b	[0xbf4, [0x2f7a, nil]]
0x2f7dS0xb670x39b	[0xbf4, [0x2f7d, nil]]
0x2f80S0xb670x39b	[0xbf4, [0x2f80, nil]]
0x2f83S0xb670x39b	[0xbf4, [0x2f83, nil]]
0x2f85S0xb670x39b	[0xbf4, [0x2f85, nil]]
0x2f8aS0xb670x39b	[0xbf4, [0x2f8a, nil]]
0x2f8dS0xb670x39b	[0xbf4, [0x2f8d, nil]]
0x2f90S0xb670x39b	[0xbf4, [0x2f90, nil]]
0x2f92S0xb670x39b	[0xbf4, [0x2f92, nil]]
0x2b6eS0x2f74S0xb670x39b	[0xbf4, [0x2f88, [0x2b6e, nil]]]
0x2b72S0x2f74S0xb670x39b	[0xbf4, [0x2f88, [0x2b72, nil]]]
0x312dS0x2b6dS0x2f74S0xb670x39b	[0xbf4, [0x2f88, [0x2b75, [0x312d, nil]]]]
0x2b6eS0x2f89S0xb670x39b	[0xbf4, [0x2f95, [0x2b6e, nil]]]
0x2b72S0x2f89S0xb670x39b	[0xbf4, [0x2f95, [0x2b72, nil]]]
0x312dS0x2b6dS0x2f89S0xb670x39b	[0xbf4, [0x2f95, [0x2b75, [0x312d, nil]]]]
0x2f75S0x1bbf0x470	[0x1c4c, [0x2f75, nil]]
0x2f77S0x1bbf0x470	[0x1c4c, [0x2f77, nil]]
0x2f7aS0x1bbf0x470	[0x1c4c, [0x2f7a, nil]]
0x2f7dS0x1bbf0x470	[0x1c4c, [0x2f7d, nil]]
0x2f80S0x1bbf0x470	[0x1c4c, [0x2f80, nil]]
0x2f83S0x1bbf0x470	[0x1c4c, [0x2f83, nil]]
0x2f85S0x1bbf0x470	[0x1c4c, [0x2f85, nil]]
0x2f8aS0x1bbf0x470	[0x1c4c, [0x2f8a, nil]]
0x2f8dS0x1bbf0x470	[0x1c4c, [0x2f8d, nil]]
0x2f90S0x1bbf0x470	[0x1c4c, [0x2f90, nil]]
0x2f92S0x1bbf0x470	[0x1c4c, [0x2f92, nil]]
0x2b6eS0x2f74S0x1bbf0x470	[0x1c4c, [0x2f88, [0x2b6e, nil]]]
0x2b72S0x2f74S0x1bbf0x470	[0x1c4c, [0x2f88, [0x2b72, nil]]]
0x312dS0x2b6dS0x2f74S0x1bbf0x470	[0x1c4c, [0x2f88, [0x2b75, [0x312d, nil]]]]
0x2b6eS0x2f89S0x1bbf0x470	[0x1c4c, [0x2f95, [0x2b6e, nil]]]
0x2b72S0x2f89S0x1bbf0x470	[0x1c4c, [0x2f95, [0x2b72, nil]]]
0x312dS0x2b6dS0x2f89S0x1bbf0x470	[0x1c4c, [0x2f95, [0x2b75, [0x312d, nil]]]]
0x235fS0x171	[0x186, [0x235f, nil]]
0x2352S0x171	[0x186, [0x2352, nil]]
0x2354S0x171	[0x186, [0x2354, nil]]
0x2358S0x171	[0x186, [0x2358, nil]]
0x2359S0x171	[0x186, [0x2359, nil]]
0x235aS0x171	[0x186, [0x235a, nil]]
0x235bS0x171	[0x186, [0x235b, nil]]
0x2364S0x171	[0x186, [0x2364, nil]]
0x2366S0x171	[0x186, [0x2366, nil]]
0x236cS0x171	[0x186, [0x236c, nil]]
0x236dS0x171	[0x186, [0x236d, nil]]
0x2083S0x2363S0x171	[0x186, [0x2370, [0x2083, nil]]]
0x2086S0x2363S0x171	[0x186, [0x2370, [0x2086, nil]]]
0x2089S0x2363S0x171	[0x186, [0x2370, [0x2089, nil]]]
0x208dS0x2363S0x171	[0x186, [0x2370, [0x208d, nil]]]
0x31a1S0x2082S0x2363S0x171	[0x186, [0x2370, [0x2090, [0x31a1, nil]]]]
0x3192S0x2082S0x2363S0x171	[0x186, [0x2370, [0x2090, [0x3192, nil]]]]
0x3196S0x2082S0x2363S0x171	[0x186, [0x2370, [0x2090, [0x3196, nil]]]]
0x319cS0x2082S0x2363S0x171	[0x186, [0x2370, [0x2090, [0x319c, nil]]]]
0x319dS0x2082S0x2363S0x171	[0x186, [0x2370, [0x2090, [0x319d, nil]]]]
0x30e5S0x3191S0x2082S0x2363S0x171	[0x186, [0x2370, [0x2090, [0x3199, [0x30e5, nil]]]]]
0x30e7S0x3191S0x2082S0x2363S0x171	[0x186, [0x2370, [0x2090, [0x3199, [0x30e7, nil]]]]]
0x30ebS0x3191S0x2082S0x2363S0x171	[0x186, [0x2370, [0x2090, [0x3199, [0x30eb, nil]]]]]
0x310dS0x3191S0x2082S0x2363S0x171	[0x186, [0x2370, [0x2090, [0x3199, [0x310d, nil]]]]]
0x310fS0x3191S0x2082S0x2363S0x171	[0x186, [0x2370, [0x2090, [0x3199, [0x310f, nil]]]]]
0x3125S0x3191S0x2082S0x2363S0x171	[0x186, [0x2370, [0x2090, [0x3199, [0x3125, nil]]]]]
0x25a1S0x241	[0x256, [0x25a1, nil]]
0x2591S0x241	[0x256, [0x2591, nil]]
0x2594S0x241	[0x256, [0x2594, nil]]
0x2596S0x241	[0x256, [0x2596, nil]]
0x259aS0x241	[0x256, [0x259a, nil]]
0x259bS0x241	[0x256, [0x259b, nil]]
0x259cS0x241	[0x256, [0x259c, nil]]
0x259dS0x241	[0x256, [0x259d, nil]]
0x25a6S0x241	[0x256, [0x25a6, nil]]
0x25a8S0x241	[0x256, [0x25a8, nil]]
0x25aeS0x241	[0x256, [0x25ae, nil]]
0x25afS0x241	[0x256, [0x25af, nil]]
0x25b7S0x241	[0x256, [0x25b7, nil]]
0x25b9S0x241	[0x256, [0x25b9, nil]]
0x25bfS0x241	[0x256, [0x25bf, nil]]
0x25c0S0x241	[0x256, [0x25c0, nil]]
0x25c8S0x241	[0x256, [0x25c8, nil]]
0x25caS0x241	[0x256, [0x25ca, nil]]
0x25d0S0x241	[0x256, [0x25d0, nil]]
0x25d1S0x241	[0x256, [0x25d1, nil]]
0x2313S0x25a5S0x241	[0x256, [0x25b2, [0x2313, nil]]]
0x2316S0x25a5S0x241	[0x256, [0x25b2, [0x2316, nil]]]
0x2319S0x25a5S0x241	[0x256, [0x25b2, [0x2319, nil]]]
0x231dS0x25a5S0x241	[0x256, [0x25b2, [0x231d, nil]]]
0x2313S0x25c4S0x241	[0x256, [0x25d4, [0x2313, nil]]]
0x2316S0x25c4S0x241	[0x256, [0x25d4, [0x2316, nil]]]
0x2319S0x25c4S0x241	[0x256, [0x25d4, [0x2319, nil]]]
0x231dS0x25c4S0x241	[0x256, [0x25d4, [0x231d, nil]]]
0x31e6S0x2312B0x25a5S0x241	[0x256, [0x2320, [0x31e6, nil]]]
0x31e1S0x2312B0x25a5S0x241	[0x256, [0x2320, [0x31e1, nil]]]
0x31e2S0x2312B0x25a5S0x241	[0x256, [0x2320, [0x31e2, nil]]]
0x31d7S0x2312B0x25a5S0x241	[0x256, [0x2320, [0x31d7, nil]]]
0x31dbS0x2312B0x25a5S0x241	[0x256, [0x2320, [0x31db, nil]]]
0x312dS0x31d6S0x2312B0x25a5S0x241	[0x256, [0x2320, [0x31de, [0x312d, nil]]]]
0x31e6S0x2312B0x25c4S0x241	[0x256, [0x2320, [0x31e6, nil]]]
0x31e1S0x2312B0x25c4S0x241	[0x256, [0x2320, [0x31e1, nil]]]
0x31e2S0x2312B0x25c4S0x241	[0x256, [0x2320, [0x31e2, nil]]]
0x31d7S0x2312B0x25c4S0x241	[0x256, [0x2320, [0x31d7, nil]]]
0x31dbS0x2312B0x25c4S0x241	[0x256, [0x2320, [0x31db, nil]]]
0x312dS0x31d6S0x2312B0x25c4S0x241	[0x256, [0x2320, [0x31de, [0x312d, nil]]]]
0x2083S0x25b3S0x241	[0x256, [0x25c3, [0x2083, nil]]]
0x2086S0x25b3S0x241	[0x256, [0x25c3, [0x2086, nil]]]
0x2089S0x25b3S0x241	[0x256, [0x25c3, [0x2089, nil]]]
0x208dS0x25b3S0x241	[0x256, [0x25c3, [0x208d, nil]]]
0x31a1S0x2082S0x25b3S0x241	[0x256, [0x25c3, [0x2090, [0x31a1, nil]]]]
0x3192S0x2082S0x25b3S0x241	[0x256, [0x25c3, [0x2090, [0x3192, nil]]]]
0x3196S0x2082S0x25b3S0x241	[0x256, [0x25c3, [0x2090, [0x3196, nil]]]]
0x319cS0x2082S0x25b3S0x241	[0x256, [0x25c3, [0x2090, [0x319c, nil]]]]
0x319dS0x2082S0x25b3S0x241	[0x256, [0x25c3, [0x2090, [0x319d, nil]]]]
0x30e5S0x3191S0x2082S0x25b3S0x241	[0x256, [0x25c3, [0x2090, [0x3199, [0x30e5, nil]]]]]
0x30e7S0x3191S0x2082S0x25b3S0x241	[0x256, [0x25c3, [0x2090, [0x3199, [0x30e7, nil]]]]]
0x30ebS0x3191S0x2082S0x25b3S0x241	[0x256, [0x25c3, [0x2090, [0x3199, [0x30eb, nil]]]]]
0x310dS0x3191S0x2082S0x25b3S0x241	[0x256, [0x25c3, [0x2090, [0x3199, [0x310d, nil]]]]]
0x310fS0x3191S0x2082S0x25b3S0x241	[0x256, [0x25c3, [0x2090, [0x3199, [0x310f, nil]]]]]
0x3125S0x3191S0x2082S0x25b3S0x241	[0x256, [0x25c3, [0x2090, [0x3199, [0x3125, nil]]]]]
0x2389S0x2d9	[0x2ee, [0x2389, nil]]
0x237bS0x2d9	[0x2ee, [0x237b, nil]]
0x237eS0x2d9	[0x2ee, [0x237e, nil]]
0x2382S0x2d9	[0x2ee, [0x2382, nil]]
0x2383S0x2d9	[0x2ee, [0x2383, nil]]
0x2384S0x2d9	[0x2ee, [0x2384, nil]]
0x2385S0x2d9	[0x2ee, [0x2385, nil]]
0x238eS0x2d9	[0x2ee, [0x238e, nil]]
0x2390S0x2d9	[0x2ee, [0x2390, nil]]
0x2396S0x2d9	[0x2ee, [0x2396, nil]]
0x2397S0x2d9	[0x2ee, [0x2397, nil]]
0x239fS0x2d9	[0x2ee, [0x239f, nil]]
0x23a1S0x2d9	[0x2ee, [0x23a1, nil]]
0x23a7S0x2d9	[0x2ee, [0x23a7, nil]]
0x23a8S0x2d9	[0x2ee, [0x23a8, nil]]
0x2083S0x238dS0x2d9	[0x2ee, [0x239a, [0x2083, nil]]]
0x2086S0x238dS0x2d9	[0x2ee, [0x239a, [0x2086, nil]]]
0x2089S0x238dS0x2d9	[0x2ee, [0x239a, [0x2089, nil]]]
0x208dS0x238dS0x2d9	[0x2ee, [0x239a, [0x208d, nil]]]
0x31a1S0x2082S0x238dS0x2d9	[0x2ee, [0x239a, [0x2090, [0x31a1, nil]]]]
0x3192S0x2082S0x238dS0x2d9	[0x2ee, [0x239a, [0x2090, [0x3192, nil]]]]
0x3196S0x2082S0x238dS0x2d9	[0x2ee, [0x239a, [0x2090, [0x3196, nil]]]]
0x319cS0x2082S0x238dS0x2d9	[0x2ee, [0x239a, [0x2090, [0x319c, nil]]]]
0x319dS0x2082S0x238dS0x2d9	[0x2ee, [0x239a, [0x2090, [0x319d, nil]]]]
0x30e5S0x3191S0x2082S0x238dS0x2d9	[0x2ee, [0x239a, [0x2090, [0x3199, [0x30e5, nil]]]]]
0x30e7S0x3191S0x2082S0x238dS0x2d9	[0x2ee, [0x239a, [0x2090, [0x3199, [0x30e7, nil]]]]]
0x30ebS0x3191S0x2082S0x238dS0x2d9	[0x2ee, [0x239a, [0x2090, [0x3199, [0x30eb, nil]]]]]
0x310dS0x3191S0x2082S0x238dS0x2d9	[0x2ee, [0x239a, [0x2090, [0x3199, [0x310d, nil]]]]]
0x310fS0x3191S0x2082S0x238dS0x2d9	[0x2ee, [0x239a, [0x2090, [0x3199, [0x310f, nil]]]]]
0x3125S0x3191S0x2082S0x238dS0x2d9	[0x2ee, [0x239a, [0x2090, [0x3199, [0x3125, nil]]]]]
0x2083S0x239bS0x2d9	[0x2ee, [0x23ab, [0x2083, nil]]]
0x2086S0x239bS0x2d9	[0x2ee, [0x23ab, [0x2086, nil]]]
0x2089S0x239bS0x2d9	[0x2ee, [0x23ab, [0x2089, nil]]]
0x208dS0x239bS0x2d9	[0x2ee, [0x23ab, [0x208d, nil]]]
0x31a1S0x2082S0x239bS0x2d9	[0x2ee, [0x23ab, [0x2090, [0x31a1, nil]]]]
0x3192S0x2082S0x239bS0x2d9	[0x2ee, [0x23ab, [0x2090, [0x3192, nil]]]]
0x3196S0x2082S0x239bS0x2d9	[0x2ee, [0x23ab, [0x2090, [0x3196, nil]]]]
0x319cS0x2082S0x239bS0x2d9	[0x2ee, [0x23ab, [0x2090, [0x319c, nil]]]]
0x319dS0x2082S0x239bS0x2d9	[0x2ee, [0x23ab, [0x2090, [0x319d, nil]]]]
0x30e5S0x3191S0x2082S0x239bS0x2d9	[0x2ee, [0x23ab, [0x2090, [0x3199, [0x30e5, nil]]]]]
0x30e7S0x3191S0x2082S0x239bS0x2d9	[0x2ee, [0x23ab, [0x2090, [0x3199, [0x30e7, nil]]]]]
0x30ebS0x3191S0x2082S0x239bS0x2d9	[0x2ee, [0x23ab, [0x2090, [0x3199, [0x30eb, nil]]]]]
0x310dS0x3191S0x2082S0x239bS0x2d9	[0x2ee, [0x23ab, [0x2090, [0x3199, [0x310d, nil]]]]]
0x310fS0x3191S0x2082S0x239bS0x2d9	[0x2ee, [0x23ab, [0x2090, [0x3199, [0x310f, nil]]]]]
0x3125S0x3191S0x2082S0x239bS0x2d9	[0x2ee, [0x23ab, [0x2090, [0x3199, [0x3125, nil]]]]]
0x23c5S0x32d	[0x342, [0x23c5, nil]]
0x23b7S0x32d	[0x342, [0x23b7, nil]]
0x23baS0x32d	[0x342, [0x23ba, nil]]
0x23beS0x32d	[0x342, [0x23be, nil]]
0x23bfS0x32d	[0x342, [0x23bf, nil]]
0x23c0S0x32d	[0x342, [0x23c0, nil]]
0x23c1S0x32d	[0x342, [0x23c1, nil]]
0x23caS0x32d	[0x342, [0x23ca, nil]]
0x23ccS0x32d	[0x342, [0x23cc, nil]]
0x23d2S0x32d	[0x342, [0x23d2, nil]]
0x23d3S0x32d	[0x342, [0x23d3, nil]]
0x23dbS0x32d	[0x342, [0x23db, nil]]
0x23ddS0x32d	[0x342, [0x23dd, nil]]
0x23e3S0x32d	[0x342, [0x23e3, nil]]
0x23e4S0x32d	[0x342, [0x23e4, nil]]
0x2313S0x23d7S0x32d	[0x342, [0x23e7, [0x2313, nil]]]
0x2316S0x23d7S0x32d	[0x342, [0x23e7, [0x2316, nil]]]
0x2319S0x23d7S0x32d	[0x342, [0x23e7, [0x2319, nil]]]
0x231dS0x23d7S0x32d	[0x342, [0x23e7, [0x231d, nil]]]
0x31e6S0x2312B0x23d7S0x32d	[0x342, [0x2320, [0x31e6, nil]]]
0x31e1S0x2312B0x23d7S0x32d	[0x342, [0x2320, [0x31e1, nil]]]
0x31e2S0x2312B0x23d7S0x32d	[0x342, [0x2320, [0x31e2, nil]]]
0x31d7S0x2312B0x23d7S0x32d	[0x342, [0x2320, [0x31d7, nil]]]
0x31dbS0x2312B0x23d7S0x32d	[0x342, [0x2320, [0x31db, nil]]]
0x312dS0x31d6S0x2312B0x23d7S0x32d	[0x342, [0x2320, [0x31de, [0x312d, nil]]]]
0x2083S0x23c9S0x32d	[0x342, [0x23d6, [0x2083, nil]]]
0x2086S0x23c9S0x32d	[0x342, [0x23d6, [0x2086, nil]]]
0x2089S0x23c9S0x32d	[0x342, [0x23d6, [0x2089, nil]]]
0x208dS0x23c9S0x32d	[0x342, [0x23d6, [0x208d, nil]]]
0x31a1S0x2082S0x23c9S0x32d	[0x342, [0x23d6, [0x2090, [0x31a1, nil]]]]
0x3192S0x2082S0x23c9S0x32d	[0x342, [0x23d6, [0x2090, [0x3192, nil]]]]
0x3196S0x2082S0x23c9S0x32d	[0x342, [0x23d6, [0x2090, [0x3196, nil]]]]
0x319cS0x2082S0x23c9S0x32d	[0x342, [0x23d6, [0x2090, [0x319c, nil]]]]
0x319dS0x2082S0x23c9S0x32d	[0x342, [0x23d6, [0x2090, [0x319d, nil]]]]
0x30e5S0x3191S0x2082S0x23c9S0x32d	[0x342, [0x23d6, [0x2090, [0x3199, [0x30e5, nil]]]]]
0x30e7S0x3191S0x2082S0x23c9S0x32d	[0x342, [0x23d6, [0x2090, [0x3199, [0x30e7, nil]]]]]
0x30ebS0x3191S0x2082S0x23c9S0x32d	[0x342, [0x23d6, [0x2090, [0x3199, [0x30eb, nil]]]]]
0x310dS0x3191S0x2082S0x23c9S0x32d	[0x342, [0x23d6, [0x2090, [0x3199, [0x310d, nil]]]]]
0x310fS0x3191S0x2082S0x23c9S0x32d	[0x342, [0x23d6, [0x2090, [0x3199, [0x310f, nil]]]]]
0x3125S0x3191S0x2082S0x23c9S0x32d	[0x342, [0x23d6, [0x2090, [0x3199, [0x3125, nil]]]]]
0x25a1S0x36a	[0x37f, [0x25a1, nil]]
0x2591S0x36a	[0x37f, [0x2591, nil]]
0x2594S0x36a	[0x37f, [0x2594, nil]]
0x2596S0x36a	[0x37f, [0x2596, nil]]
0x259aS0x36a	[0x37f, [0x259a, nil]]
0x259bS0x36a	[0x37f, [0x259b, nil]]
0x259cS0x36a	[0x37f, [0x259c, nil]]
0x259dS0x36a	[0x37f, [0x259d, nil]]
0x25a6S0x36a	[0x37f, [0x25a6, nil]]
0x25a8S0x36a	[0x37f, [0x25a8, nil]]
0x25aeS0x36a	[0x37f, [0x25ae, nil]]
0x25afS0x36a	[0x37f, [0x25af, nil]]
0x25b7S0x36a	[0x37f, [0x25b7, nil]]
0x25b9S0x36a	[0x37f, [0x25b9, nil]]
0x25bfS0x36a	[0x37f, [0x25bf, nil]]
0x25c0S0x36a	[0x37f, [0x25c0, nil]]
0x25c8S0x36a	[0x37f, [0x25c8, nil]]
0x25caS0x36a	[0x37f, [0x25ca, nil]]
0x25d0S0x36a	[0x37f, [0x25d0, nil]]
0x25d1S0x36a	[0x37f, [0x25d1, nil]]
0x2313S0x25a5S0x36a	[0x37f, [0x25b2, [0x2313, nil]]]
0x2316S0x25a5S0x36a	[0x37f, [0x25b2, [0x2316, nil]]]
0x2319S0x25a5S0x36a	[0x37f, [0x25b2, [0x2319, nil]]]
0x231dS0x25a5S0x36a	[0x37f, [0x25b2, [0x231d, nil]]]
0x2313S0x25c4S0x36a	[0x37f, [0x25d4, [0x2313, nil]]]
0x2316S0x25c4S0x36a	[0x37f, [0x25d4, [0x2316, nil]]]
0x2319S0x25c4S0x36a	[0x37f, [0x25d4, [0x2319, nil]]]
0x231dS0x25c4S0x36a	[0x37f, [0x25d4, [0x231d, nil]]]
0x31e6S0x2312B0x25a5S0x36a	[0x37f, [0x2320, [0x31e6, nil]]]
0x31e1S0x2312B0x25a5S0x36a	[0x37f, [0x2320, [0x31e1, nil]]]
0x31e2S0x2312B0x25a5S0x36a	[0x37f, [0x2320, [0x31e2, nil]]]
0x31d7S0x2312B0x25a5S0x36a	[0x37f, [0x2320, [0x31d7, nil]]]
0x31dbS0x2312B0x25a5S0x36a	[0x37f, [0x2320, [0x31db, nil]]]
0x312dS0x31d6S0x2312B0x25a5S0x36a	[0x37f, [0x2320, [0x31de, [0x312d, nil]]]]
0x31e6S0x2312B0x25c4S0x36a	[0x37f, [0x2320, [0x31e6, nil]]]
0x31e1S0x2312B0x25c4S0x36a	[0x37f, [0x2320, [0x31e1, nil]]]
0x31e2S0x2312B0x25c4S0x36a	[0x37f, [0x2320, [0x31e2, nil]]]
0x31d7S0x2312B0x25c4S0x36a	[0x37f, [0x2320, [0x31d7, nil]]]
0x31dbS0x2312B0x25c4S0x36a	[0x37f, [0x2320, [0x31db, nil]]]
0x312dS0x31d6S0x2312B0x25c4S0x36a	[0x37f, [0x2320, [0x31de, [0x312d, nil]]]]
0x2083S0x25b3S0x36a	[0x37f, [0x25c3, [0x2083, nil]]]
0x2086S0x25b3S0x36a	[0x37f, [0x25c3, [0x2086, nil]]]
0x2089S0x25b3S0x36a	[0x37f, [0x25c3, [0x2089, nil]]]
0x208dS0x25b3S0x36a	[0x37f, [0x25c3, [0x208d, nil]]]
0x31a1S0x2082S0x25b3S0x36a	[0x37f, [0x25c3, [0x2090, [0x31a1, nil]]]]
0x3192S0x2082S0x25b3S0x36a	[0x37f, [0x25c3, [0x2090, [0x3192, nil]]]]
0x3196S0x2082S0x25b3S0x36a	[0x37f, [0x25c3, [0x2090, [0x3196, nil]]]]
0x319cS0x2082S0x25b3S0x36a	[0x37f, [0x25c3, [0x2090, [0x319c, nil]]]]
0x319dS0x2082S0x25b3S0x36a	[0x37f, [0x25c3, [0x2090, [0x319d, nil]]]]
0x30e5S0x3191S0x2082S0x25b3S0x36a	[0x37f, [0x25c3, [0x2090, [0x3199, [0x30e5, nil]]]]]
0x30e7S0x3191S0x2082S0x25b3S0x36a	[0x37f, [0x25c3, [0x2090, [0x3199, [0x30e7, nil]]]]]
0x30ebS0x3191S0x2082S0x25b3S0x36a	[0x37f, [0x25c3, [0x2090, [0x3199, [0x30eb, nil]]]]]
0x310dS0x3191S0x2082S0x25b3S0x36a	[0x37f, [0x25c3, [0x2090, [0x3199, [0x310d, nil]]]]]
0x310fS0x3191S0x2082S0x25b3S0x36a	[0x37f, [0x25c3, [0x2090, [0x3199, [0x310f, nil]]]]]
0x3125S0x3191S0x2082S0x25b3S0x36a	[0x37f, [0x25c3, [0x2090, [0x3199, [0x3125, nil]]]]]
0x23c5S0x3a7	[0x3bc, [0x23c5, nil]]
0x23b7S0x3a7	[0x3bc, [0x23b7, nil]]
0x23baS0x3a7	[0x3bc, [0x23ba, nil]]
0x23beS0x3a7	[0x3bc, [0x23be, nil]]
0x23bfS0x3a7	[0x3bc, [0x23bf, nil]]
0x23c0S0x3a7	[0x3bc, [0x23c0, nil]]
0x23c1S0x3a7	[0x3bc, [0x23c1, nil]]
0x23caS0x3a7	[0x3bc, [0x23ca, nil]]
0x23ccS0x3a7	[0x3bc, [0x23cc, nil]]
0x23d2S0x3a7	[0x3bc, [0x23d2, nil]]
0x23d3S0x3a7	[0x3bc, [0x23d3, nil]]
0x23dbS0x3a7	[0x3bc, [0x23db, nil]]
0x23ddS0x3a7	[0x3bc, [0x23dd, nil]]
0x23e3S0x3a7	[0x3bc, [0x23e3, nil]]
0x23e4S0x3a7	[0x3bc, [0x23e4, nil]]
0x2313S0x23d7S0x3a7	[0x3bc, [0x23e7, [0x2313, nil]]]
0x2316S0x23d7S0x3a7	[0x3bc, [0x23e7, [0x2316, nil]]]
0x2319S0x23d7S0x3a7	[0x3bc, [0x23e7, [0x2319, nil]]]
0x231dS0x23d7S0x3a7	[0x3bc, [0x23e7, [0x231d, nil]]]
0x31e6S0x2312B0x23d7S0x3a7	[0x3bc, [0x2320, [0x31e6, nil]]]
0x31e1S0x2312B0x23d7S0x3a7	[0x3bc, [0x2320, [0x31e1, nil]]]
0x31e2S0x2312B0x23d7S0x3a7	[0x3bc, [0x2320, [0x31e2, nil]]]
0x31d7S0x2312B0x23d7S0x3a7	[0x3bc, [0x2320, [0x31d7, nil]]]
0x31dbS0x2312B0x23d7S0x3a7	[0x3bc, [0x2320, [0x31db, nil]]]
0x312dS0x31d6S0x2312B0x23d7S0x3a7	[0x3bc, [0x2320, [0x31de, [0x312d, nil]]]]
0x2083S0x23c9S0x3a7	[0x3bc, [0x23d6, [0x2083, nil]]]
0x2086S0x23c9S0x3a7	[0x3bc, [0x23d6, [0x2086, nil]]]
0x2089S0x23c9S0x3a7	[0x3bc, [0x23d6, [0x2089, nil]]]
0x208dS0x23c9S0x3a7	[0x3bc, [0x23d6, [0x208d, nil]]]
0x31a1S0x2082S0x23c9S0x3a7	[0x3bc, [0x23d6, [0x2090, [0x31a1, nil]]]]
0x3192S0x2082S0x23c9S0x3a7	[0x3bc, [0x23d6, [0x2090, [0x3192, nil]]]]
0x3196S0x2082S0x23c9S0x3a7	[0x3bc, [0x23d6, [0x2090, [0x3196, nil]]]]
0x319cS0x2082S0x23c9S0x3a7	[0x3bc, [0x23d6, [0x2090, [0x319c, nil]]]]
0x319dS0x2082S0x23c9S0x3a7	[0x3bc, [0x23d6, [0x2090, [0x319d, nil]]]]
0x30e5S0x3191S0x2082S0x23c9S0x3a7	[0x3bc, [0x23d6, [0x2090, [0x3199, [0x30e5, nil]]]]]
0x30e7S0x3191S0x2082S0x23c9S0x3a7	[0x3bc, [0x23d6, [0x2090, [0x3199, [0x30e7, nil]]]]]
0x30ebS0x3191S0x2082S0x23c9S0x3a7	[0x3bc, [0x23d6, [0x2090, [0x3199, [0x30eb, nil]]]]]
0x310dS0x3191S0x2082S0x23c9S0x3a7	[0x3bc, [0x23d6, [0x2090, [0x3199, [0x310d, nil]]]]]
0x310fS0x3191S0x2082S0x23c9S0x3a7	[0x3bc, [0x23d6, [0x2090, [0x3199, [0x310f, nil]]]]]
0x3125S0x3191S0x2082S0x23c9S0x3a7	[0x3bc, [0x23d6, [0x2090, [0x3199, [0x3125, nil]]]]]
0x2389S0x498	[0x4ad, [0x2389, nil]]
0x237bS0x498	[0x4ad, [0x237b, nil]]
0x237eS0x498	[0x4ad, [0x237e, nil]]
0x2382S0x498	[0x4ad, [0x2382, nil]]
0x2383S0x498	[0x4ad, [0x2383, nil]]
0x2384S0x498	[0x4ad, [0x2384, nil]]
0x2385S0x498	[0x4ad, [0x2385, nil]]
0x238eS0x498	[0x4ad, [0x238e, nil]]
0x2390S0x498	[0x4ad, [0x2390, nil]]
0x2396S0x498	[0x4ad, [0x2396, nil]]
0x2397S0x498	[0x4ad, [0x2397, nil]]
0x239fS0x498	[0x4ad, [0x239f, nil]]
0x23a1S0x498	[0x4ad, [0x23a1, nil]]
0x23a7S0x498	[0x4ad, [0x23a7, nil]]
0x23a8S0x498	[0x4ad, [0x23a8, nil]]
0x2083S0x238dS0x498	[0x4ad, [0x239a, [0x2083, nil]]]
0x2086S0x238dS0x498	[0x4ad, [0x239a, [0x2086, nil]]]
0x2089S0x238dS0x498	[0x4ad, [0x239a, [0x2089, nil]]]
0x208dS0x238dS0x498	[0x4ad, [0x239a, [0x208d, nil]]]
0x31a1S0x2082S0x238dS0x498	[0x4ad, [0x239a, [0x2090, [0x31a1, nil]]]]
0x3192S0x2082S0x238dS0x498	[0x4ad, [0x239a, [0x2090, [0x3192, nil]]]]
0x3196S0x2082S0x238dS0x498	[0x4ad, [0x239a, [0x2090, [0x3196, nil]]]]
0x319cS0x2082S0x238dS0x498	[0x4ad, [0x239a, [0x2090, [0x319c, nil]]]]
0x319dS0x2082S0x238dS0x498	[0x4ad, [0x239a, [0x2090, [0x319d, nil]]]]
0x30e5S0x3191S0x2082S0x238dS0x498	[0x4ad, [0x239a, [0x2090, [0x3199, [0x30e5, nil]]]]]
0x30e7S0x3191S0x2082S0x238dS0x498	[0x4ad, [0x239a, [0x2090, [0x3199, [0x30e7, nil]]]]]
0x30ebS0x3191S0x2082S0x238dS0x498	[0x4ad, [0x239a, [0x2090, [0x3199, [0x30eb, nil]]]]]
0x310dS0x3191S0x2082S0x238dS0x498	[0x4ad, [0x239a, [0x2090, [0x3199, [0x310d, nil]]]]]
0x310fS0x3191S0x2082S0x238dS0x498	[0x4ad, [0x239a, [0x2090, [0x3199, [0x310f, nil]]]]]
0x3125S0x3191S0x2082S0x238dS0x498	[0x4ad, [0x239a, [0x2090, [0x3199, [0x3125, nil]]]]]
0x2083S0x239bS0x498	[0x4ad, [0x23ab, [0x2083, nil]]]
0x2086S0x239bS0x498	[0x4ad, [0x23ab, [0x2086, nil]]]
0x2089S0x239bS0x498	[0x4ad, [0x23ab, [0x2089, nil]]]
0x208dS0x239bS0x498	[0x4ad, [0x23ab, [0x208d, nil]]]
0x31a1S0x2082S0x239bS0x498	[0x4ad, [0x23ab, [0x2090, [0x31a1, nil]]]]
0x3192S0x2082S0x239bS0x498	[0x4ad, [0x23ab, [0x2090, [0x3192, nil]]]]
0x3196S0x2082S0x239bS0x498	[0x4ad, [0x23ab, [0x2090, [0x3196, nil]]]]
0x319cS0x2082S0x239bS0x498	[0x4ad, [0x23ab, [0x2090, [0x319c, nil]]]]
0x319dS0x2082S0x239bS0x498	[0x4ad, [0x23ab, [0x2090, [0x319d, nil]]]]
0x30e5S0x3191S0x2082S0x239bS0x498	[0x4ad, [0x23ab, [0x2090, [0x3199, [0x30e5, nil]]]]]
0x30e7S0x3191S0x2082S0x239bS0x498	[0x4ad, [0x23ab, [0x2090, [0x3199, [0x30e7, nil]]]]]
0x30ebS0x3191S0x2082S0x239bS0x498	[0x4ad, [0x23ab, [0x2090, [0x3199, [0x30eb, nil]]]]]
0x310dS0x3191S0x2082S0x239bS0x498	[0x4ad, [0x23ab, [0x2090, [0x3199, [0x310d, nil]]]]]
0x310fS0x3191S0x2082S0x239bS0x498	[0x4ad, [0x23ab, [0x2090, [0x3199, [0x310f, nil]]]]]
0x3125S0x3191S0x2082S0x239bS0x498	[0x4ad, [0x23ab, [0x2090, [0x3199, [0x3125, nil]]]]]
0x16a0S0x4ec	[0x4f4, [0x16a0, nil]]
0x16afS0x4ec	[0x4f4, [0x16af, nil]]
0x16b0S0x4ec	[0x4f4, [0x16b0, nil]]
0x16b4S0x4ec	[0x4f4, [0x16b4, nil]]
0x16b5S0x4ec	[0x4f4, [0x16b5, nil]]
0x1630S0x4ec	[0x4f4, [0x1630, nil]]
0x1632S0x4ec	[0x4f4, [0x1632, nil]]
0x1634S0x4ec	[0x4f4, [0x1634, nil]]
0x1637S0x4ec	[0x4f4, [0x1637, nil]]
0x1639S0x4ec	[0x4f4, [0x1639, nil]]
0x163cS0x4ec	[0x4f4, [0x163c, nil]]
0x163eS0x4ec	[0x4f4, [0x163e, nil]]
0x163fS0x4ec	[0x4f4, [0x163f, nil]]
0x1654S0x4ec	[0x4f4, [0x1654, nil]]
0x1655S0x4ec	[0x4f4, [0x1655, nil]]
0x166aS0x4ec	[0x4f4, [0x166a, nil]]
0x166bS0x4ec	[0x4f4, [0x166b, nil]]
0x1670S0x4ec	[0x4f4, [0x1670, nil]]
0x1671S0x4ec	[0x4f4, [0x1671, nil]]
0x1673S0x4ec	[0x4f4, [0x1673, nil]]
0x1675S0x4ec	[0x4f4, [0x1675, nil]]
0x167aS0x4ec	[0x4f4, [0x167a, nil]]
0x167bS0x4ec	[0x4f4, [0x167b, nil]]
0x167dS0x4ec	[0x4f4, [0x167d, nil]]
0x1680S0x4ec	[0x4f4, [0x1680, nil]]
0x1682S0x4ec	[0x4f4, [0x1682, nil]]
0x1683S0x4ec	[0x4f4, [0x1683, nil]]
0x1688S0x4ec	[0x4f4, [0x1688, nil]]
0x168dS0x4ec	[0x4f4, [0x168d, nil]]
0x168fS0x4ec	[0x4f4, [0x168f, nil]]
0x1691S0x4ec	[0x4f4, [0x1691, nil]]
0x1694S0x4ec	[0x4f4, [0x1694, nil]]
0x1698S0x4ec	[0x4f4, [0x1698, nil]]
0x1699S0x4ec	[0x4f4, [0x1699, nil]]
0x169bS0x4ec	[0x4f4, [0x169b, nil]]
0x169cS0x4ec	[0x4f4, [0x169c, nil]]
0x16a6S0x4ec	[0x4f4, [0x16a6, nil]]
0x16a7S0x4ec	[0x4f4, [0x16a7, nil]]
0x16a8S0x4ec	[0x4f4, [0x16a8, nil]]
0x16aaS0x4ec	[0x4f4, [0x16aa, nil]]
0x16abS0x4ec	[0x4f4, [0x16ab, nil]]
0x16bdS0x4ec	[0x4f4, [0x16bd, nil]]
0x16bfS0x4ec	[0x4f4, [0x16bf, nil]]
0x16c0S0x4ec	[0x4f4, [0x16c0, nil]]
0x16c1S0x4ec	[0x4f4, [0x16c1, nil]]
0x16c3S0x4ec	[0x4f4, [0x16c3, nil]]
0x16c4S0x4ec	[0x4f4, [0x16c4, nil]]
0x16c7S0x4ec	[0x4f4, [0x16c7, nil]]
0x16c8S0x4ec	[0x4f4, [0x16c8, nil]]
0x16caS0x4ec	[0x4f4, [0x16ca, nil]]
0x16ccS0x4ec	[0x4f4, [0x16cc, nil]]
0x16d1S0x4ec	[0x4f4, [0x16d1, nil]]
0x16d3S0x4ec	[0x4f4, [0x16d3, nil]]
0x16d8S0x4ec	[0x4f4, [0x16d8, nil]]
0x2bdaS0x162fS0x4ec	[0x4f4, [0x168b, [0x2bda, nil]]]
0x2bdcS0x162fS0x4ec	[0x4f4, [0x168b, [0x2bdc, nil]]]
0x2bdfS0x162fS0x4ec	[0x4f4, [0x168b, [0x2bdf, nil]]]
0x2be2S0x162fS0x4ec	[0x4f4, [0x168b, [0x2be2, nil]]]
0x2be5S0x162fS0x4ec	[0x4f4, [0x168b, [0x2be5, nil]]]
0x2be8S0x162fS0x4ec	[0x4f4, [0x168b, [0x2be8, nil]]]
0x2beaS0x162fS0x4ec	[0x4f4, [0x168b, [0x2bea, nil]]]
0x2687S0x2bd9S0x162fS0x4ec	[0x4f4, [0x168b, [0x2bed, [0x2687, nil]]]]
0x268bS0x2bd9S0x162fS0x4ec	[0x4f4, [0x168b, [0x2bed, [0x268b, nil]]]]
0x30e5S0x2686S0x2bd9S0x162fS0x4ec	[0x4f4, [0x168b, [0x2bed, [0x268e, [0x30e5, nil]]]]]
0x30e7S0x2686S0x2bd9S0x162fS0x4ec	[0x4f4, [0x168b, [0x2bed, [0x268e, [0x30e7, nil]]]]]
0x30ebS0x2686S0x2bd9S0x162fS0x4ec	[0x4f4, [0x168b, [0x2bed, [0x268e, [0x30eb, nil]]]]]
0x310dS0x2686S0x2bd9S0x162fS0x4ec	[0x4f4, [0x168b, [0x2bed, [0x268e, [0x310d, nil]]]]]
0x310fS0x2686S0x2bd9S0x162fS0x4ec	[0x4f4, [0x168b, [0x2bed, [0x268e, [0x310f, nil]]]]]
0x3125S0x2686S0x2bd9S0x162fS0x4ec	[0x4f4, [0x168b, [0x2bed, [0x268e, [0x3125, nil]]]]]
0x2539S0x16b8S0x4ec	[0x4f4, [0x16db, [0x2539, nil]]]
0x252cS0x16b8S0x4ec	[0x4f4, [0x16db, [0x252c, nil]]]
0x252eS0x16b8S0x4ec	[0x4f4, [0x16db, [0x252e, nil]]]
0x2532S0x16b8S0x4ec	[0x4f4, [0x16db, [0x2532, nil]]]
0x2533S0x16b8S0x4ec	[0x4f4, [0x16db, [0x2533, nil]]]
0x2534S0x16b8S0x4ec	[0x4f4, [0x16db, [0x2534, nil]]]
0x2535S0x16b8S0x4ec	[0x4f4, [0x16db, [0x2535, nil]]]
0x253eS0x16b8S0x4ec	[0x4f4, [0x16db, [0x253e, nil]]]
0x2540S0x16b8S0x4ec	[0x4f4, [0x16db, [0x2540, nil]]]
0x2546S0x16b8S0x4ec	[0x4f4, [0x16db, [0x2546, nil]]]
0x2547S0x16b8S0x4ec	[0x4f4, [0x16db, [0x2547, nil]]]
0x2328S0x253dS0x16b8S0x4ec	[0x4f4, [0x16db, [0x254a, [0x2328, nil]]]]
0x232bS0x253dS0x16b8S0x4ec	[0x4f4, [0x16db, [0x254a, [0x232b, nil]]]]
0x232eS0x253dS0x16b8S0x4ec	[0x4f4, [0x16db, [0x254a, [0x232e, nil]]]]
0x2332S0x253dS0x16b8S0x4ec	[0x4f4, [0x16db, [0x254a, [0x2332, nil]]]]
0x31e6S0x2327B0x253dS0x16b8S0x4ec	[0x4f4, [0x16db, [0x2335, [0x31e6, nil]]]]
0x31e1S0x2327B0x253dS0x16b8S0x4ec	[0x4f4, [0x16db, [0x2335, [0x31e1, nil]]]]
0x31e2S0x2327B0x253dS0x16b8S0x4ec	[0x4f4, [0x16db, [0x2335, [0x31e2, nil]]]]
0x31d7S0x2327B0x253dS0x16b8S0x4ec	[0x4f4, [0x16db, [0x2335, [0x31d7, nil]]]]
0x31dbS0x2327B0x253dS0x16b8S0x4ec	[0x4f4, [0x16db, [0x2335, [0x31db, nil]]]]
0x312dS0x31d6S0x2327B0x253dS0x16b8S0x4ec	[0x4f4, [0x16db, [0x2335, [0x31de, [0x312d, nil]]]]]
0x2563S0x542	[0x557, [0x2563, nil]]
0x2555S0x542	[0x557, [0x2555, nil]]
0x2558S0x542	[0x557, [0x2558, nil]]
0x255cS0x542	[0x557, [0x255c, nil]]
0x255dS0x542	[0x557, [0x255d, nil]]
0x255eS0x542	[0x557, [0x255e, nil]]
0x255fS0x542	[0x557, [0x255f, nil]]
0x2568S0x542	[0x557, [0x2568, nil]]
0x256aS0x542	[0x557, [0x256a, nil]]
0x2570S0x542	[0x557, [0x2570, nil]]
0x2571S0x542	[0x557, [0x2571, nil]]
0x2579S0x542	[0x557, [0x2579, nil]]
0x257bS0x542	[0x557, [0x257b, nil]]
0x2581S0x542	[0x557, [0x2581, nil]]
0x2582S0x542	[0x557, [0x2582, nil]]
0x2313S0x2567S0x542	[0x557, [0x2574, [0x2313, nil]]]
0x2316S0x2567S0x542	[0x557, [0x2574, [0x2316, nil]]]
0x2319S0x2567S0x542	[0x557, [0x2574, [0x2319, nil]]]
0x231dS0x2567S0x542	[0x557, [0x2574, [0x231d, nil]]]
0x31e6S0x2312B0x2567S0x542	[0x557, [0x2320, [0x31e6, nil]]]
0x31e1S0x2312B0x2567S0x542	[0x557, [0x2320, [0x31e1, nil]]]
0x31e2S0x2312B0x2567S0x542	[0x557, [0x2320, [0x31e2, nil]]]
0x31d7S0x2312B0x2567S0x542	[0x557, [0x2320, [0x31d7, nil]]]
0x31dbS0x2312B0x2567S0x542	[0x557, [0x2320, [0x31db, nil]]]
0x312dS0x31d6S0x2312B0x2567S0x542	[0x557, [0x2320, [0x31de, [0x312d, nil]]]]
0x2083S0x2575S0x542	[0x557, [0x2585, [0x2083, nil]]]
0x2086S0x2575S0x542	[0x557, [0x2585, [0x2086, nil]]]
0x2089S0x2575S0x542	[0x557, [0x2585, [0x2089, nil]]]
0x208dS0x2575S0x542	[0x557, [0x2585, [0x208d, nil]]]
0x31a1S0x2082S0x2575S0x542	[0x557, [0x2585, [0x2090, [0x31a1, nil]]]]
0x3192S0x2082S0x2575S0x542	[0x557, [0x2585, [0x2090, [0x3192, nil]]]]
0x3196S0x2082S0x2575S0x542	[0x557, [0x2585, [0x2090, [0x3196, nil]]]]
0x319cS0x2082S0x2575S0x542	[0x557, [0x2585, [0x2090, [0x319c, nil]]]]
0x319dS0x2082S0x2575S0x542	[0x557, [0x2585, [0x2090, [0x319d, nil]]]]
0x30e5S0x3191S0x2082S0x2575S0x542	[0x557, [0x2585, [0x2090, [0x3199, [0x30e5, nil]]]]]
0x30e7S0x3191S0x2082S0x2575S0x542	[0x557, [0x2585, [0x2090, [0x3199, [0x30e7, nil]]]]]
0x30ebS0x3191S0x2082S0x2575S0x542	[0x557, [0x2585, [0x2090, [0x3199, [0x30eb, nil]]]]]
0x310dS0x3191S0x2082S0x2575S0x542	[0x557, [0x2585, [0x2090, [0x3199, [0x310d, nil]]]]]
0x310fS0x3191S0x2082S0x2575S0x542	[0x557, [0x2585, [0x2090, [0x3199, [0x310f, nil]]]]]
0x3125S0x3191S0x2082S0x2575S0x542	[0x557, [0x2585, [0x2090, [0x3199, [0x3125, nil]]]]]
0x2404S0x272	[0x286, [0x2404, nil]]
0x23f3S0x272	[0x286, [0x23f3, nil]]
0x23f6S0x272	[0x286, [0x23f6, nil]]
0x23f9S0x272	[0x286, [0x23f9, nil]]
0x23fdS0x272	[0x286, [0x23fd, nil]]
0x23feS0x272	[0x286, [0x23fe, nil]]
0x23ffS0x272	[0x286, [0x23ff, nil]]
0x2400S0x272	[0x286, [0x2400, nil]]
0x2409S0x272	[0x286, [0x2409, nil]]
0x240bS0x272	[0x286, [0x240b, nil]]
0x2411S0x272	[0x286, [0x2411, nil]]
0x2412S0x272	[0x286, [0x2412, nil]]
0x241aS0x272	[0x286, [0x241a, nil]]
0x241cS0x272	[0x286, [0x241c, nil]]
0x2422S0x272	[0x286, [0x2422, nil]]
0x2423S0x272	[0x286, [0x2423, nil]]
0x242bS0x272	[0x286, [0x242b, nil]]
0x242dS0x272	[0x286, [0x242d, nil]]
0x2433S0x272	[0x286, [0x2433, nil]]
0x2434S0x272	[0x286, [0x2434, nil]]
0x243cS0x272	[0x286, [0x243c, nil]]
0x243eS0x272	[0x286, [0x243e, nil]]
0x2444S0x272	[0x286, [0x2444, nil]]
0x2445S0x272	[0x286, [0x2445, nil]]
0x2313S0x2416S0x272	[0x286, [0x2426, [0x2313, nil]]]
0x2316S0x2416S0x272	[0x286, [0x2426, [0x2316, nil]]]
0x2319S0x2416S0x272	[0x286, [0x2426, [0x2319, nil]]]
0x231dS0x2416S0x272	[0x286, [0x2426, [0x231d, nil]]]
0x2313S0x2438S0x272	[0x286, [0x2448, [0x2313, nil]]]
0x2316S0x2438S0x272	[0x286, [0x2448, [0x2316, nil]]]
0x2319S0x2438S0x272	[0x286, [0x2448, [0x2319, nil]]]
0x231dS0x2438S0x272	[0x286, [0x2448, [0x231d, nil]]]
0x31e6S0x2312B0x2416S0x272	[0x286, [0x2320, [0x31e6, nil]]]
0x31e1S0x2312B0x2416S0x272	[0x286, [0x2320, [0x31e1, nil]]]
0x31e2S0x2312B0x2416S0x272	[0x286, [0x2320, [0x31e2, nil]]]
0x31d7S0x2312B0x2416S0x272	[0x286, [0x2320, [0x31d7, nil]]]
0x31dbS0x2312B0x2416S0x272	[0x286, [0x2320, [0x31db, nil]]]
0x312dS0x31d6S0x2312B0x2416S0x272	[0x286, [0x2320, [0x31de, [0x312d, nil]]]]
0x31e6S0x2312B0x2438S0x272	[0x286, [0x2320, [0x31e6, nil]]]
0x31e1S0x2312B0x2438S0x272	[0x286, [0x2320, [0x31e1, nil]]]
0x31e2S0x2312B0x2438S0x272	[0x286, [0x2320, [0x31e2, nil]]]
0x31d7S0x2312B0x2438S0x272	[0x286, [0x2320, [0x31d7, nil]]]
0x31dbS0x2312B0x2438S0x272	[0x286, [0x2320, [0x31db, nil]]]
0x312dS0x31d6S0x2312B0x2438S0x272	[0x286, [0x2320, [0x31de, [0x312d, nil]]]]
0x2083S0x2408S0x272	[0x286, [0x2415, [0x2083, nil]]]
0x2086S0x2408S0x272	[0x286, [0x2415, [0x2086, nil]]]
0x2089S0x2408S0x272	[0x286, [0x2415, [0x2089, nil]]]
0x208dS0x2408S0x272	[0x286, [0x2415, [0x208d, nil]]]
0x31a1S0x2082S0x2408S0x272	[0x286, [0x2415, [0x2090, [0x31a1, nil]]]]
0x3192S0x2082S0x2408S0x272	[0x286, [0x2415, [0x2090, [0x3192, nil]]]]
0x3196S0x2082S0x2408S0x272	[0x286, [0x2415, [0x2090, [0x3196, nil]]]]
0x319cS0x2082S0x2408S0x272	[0x286, [0x2415, [0x2090, [0x319c, nil]]]]
0x319dS0x2082S0x2408S0x272	[0x286, [0x2415, [0x2090, [0x319d, nil]]]]
0x30e5S0x3191S0x2082S0x2408S0x272	[0x286, [0x2415, [0x2090, [0x3199, [0x30e5, nil]]]]]
0x30e7S0x3191S0x2082S0x2408S0x272	[0x286, [0x2415, [0x2090, [0x3199, [0x30e7, nil]]]]]
0x30ebS0x3191S0x2082S0x2408S0x272	[0x286, [0x2415, [0x2090, [0x3199, [0x30eb, nil]]]]]
0x310dS0x3191S0x2082S0x2408S0x272	[0x286, [0x2415, [0x2090, [0x3199, [0x310d, nil]]]]]
0x310fS0x3191S0x2082S0x2408S0x272	[0x286, [0x2415, [0x2090, [0x3199, [0x310f, nil]]]]]
0x3125S0x3191S0x2082S0x2408S0x272	[0x286, [0x2415, [0x2090, [0x3199, [0x3125, nil]]]]]
0x2083S0x2427S0x272	[0x286, [0x2437, [0x2083, nil]]]
0x2086S0x2427S0x272	[0x286, [0x2437, [0x2086, nil]]]
0x2089S0x2427S0x272	[0x286, [0x2437, [0x2089, nil]]]
0x208dS0x2427S0x272	[0x286, [0x2437, [0x208d, nil]]]
0x31a1S0x2082S0x2427S0x272	[0x286, [0x2437, [0x2090, [0x31a1, nil]]]]
0x3192S0x2082S0x2427S0x272	[0x286, [0x2437, [0x2090, [0x3192, nil]]]]
0x3196S0x2082S0x2427S0x272	[0x286, [0x2437, [0x2090, [0x3196, nil]]]]
0x319cS0x2082S0x2427S0x272	[0x286, [0x2437, [0x2090, [0x319c, nil]]]]
0x319dS0x2082S0x2427S0x272	[0x286, [0x2437, [0x2090, [0x319d, nil]]]]
0x30e5S0x3191S0x2082S0x2427S0x272	[0x286, [0x2437, [0x2090, [0x3199, [0x30e5, nil]]]]]
0x30e7S0x3191S0x2082S0x2427S0x272	[0x286, [0x2437, [0x2090, [0x3199, [0x30e7, nil]]]]]
0x30ebS0x3191S0x2082S0x2427S0x272	[0x286, [0x2437, [0x2090, [0x3199, [0x30eb, nil]]]]]
0x310dS0x3191S0x2082S0x2427S0x272	[0x286, [0x2437, [0x2090, [0x3199, [0x310d, nil]]]]]
0x310fS0x3191S0x2082S0x2427S0x272	[0x286, [0x2437, [0x2090, [0x3199, [0x310f, nil]]]]]
0x3125S0x3191S0x2082S0x2427S0x272	[0x286, [0x2437, [0x2090, [0x3199, [0x3125, nil]]]]]
0x25a1S0x3d8	[0x3ec, [0x25a1, nil]]
0x2591S0x3d8	[0x3ec, [0x2591, nil]]
0x2594S0x3d8	[0x3ec, [0x2594, nil]]
0x2596S0x3d8	[0x3ec, [0x2596, nil]]
0x259aS0x3d8	[0x3ec, [0x259a, nil]]
0x259bS0x3d8	[0x3ec, [0x259b, nil]]
0x259cS0x3d8	[0x3ec, [0x259c, nil]]
0x259dS0x3d8	[0x3ec, [0x259d, nil]]
0x25a6S0x3d8	[0x3ec, [0x25a6, nil]]
0x25a8S0x3d8	[0x3ec, [0x25a8, nil]]
0x25aeS0x3d8	[0x3ec, [0x25ae, nil]]
0x25afS0x3d8	[0x3ec, [0x25af, nil]]
0x25b7S0x3d8	[0x3ec, [0x25b7, nil]]
0x25b9S0x3d8	[0x3ec, [0x25b9, nil]]
0x25bfS0x3d8	[0x3ec, [0x25bf, nil]]
0x25c0S0x3d8	[0x3ec, [0x25c0, nil]]
0x25c8S0x3d8	[0x3ec, [0x25c8, nil]]
0x25caS0x3d8	[0x3ec, [0x25ca, nil]]
0x25d0S0x3d8	[0x3ec, [0x25d0, nil]]
0x25d1S0x3d8	[0x3ec, [0x25d1, nil]]
0x2313S0x25a5S0x3d8	[0x3ec, [0x25b2, [0x2313, nil]]]
0x2316S0x25a5S0x3d8	[0x3ec, [0x25b2, [0x2316, nil]]]
0x2319S0x25a5S0x3d8	[0x3ec, [0x25b2, [0x2319, nil]]]
0x231dS0x25a5S0x3d8	[0x3ec, [0x25b2, [0x231d, nil]]]
0x2313S0x25c4S0x3d8	[0x3ec, [0x25d4, [0x2313, nil]]]
0x2316S0x25c4S0x3d8	[0x3ec, [0x25d4, [0x2316, nil]]]
0x2319S0x25c4S0x3d8	[0x3ec, [0x25d4, [0x2319, nil]]]
0x231dS0x25c4S0x3d8	[0x3ec, [0x25d4, [0x231d, nil]]]
0x31e6S0x2312B0x25a5S0x3d8	[0x3ec, [0x2320, [0x31e6, nil]]]
0x31e1S0x2312B0x25a5S0x3d8	[0x3ec, [0x2320, [0x31e1, nil]]]
0x31e2S0x2312B0x25a5S0x3d8	[0x3ec, [0x2320, [0x31e2, nil]]]
0x31d7S0x2312B0x25a5S0x3d8	[0x3ec, [0x2320, [0x31d7, nil]]]
0x31dbS0x2312B0x25a5S0x3d8	[0x3ec, [0x2320, [0x31db, nil]]]
0x312dS0x31d6S0x2312B0x25a5S0x3d8	[0x3ec, [0x2320, [0x31de, [0x312d, nil]]]]
0x31e6S0x2312B0x25c4S0x3d8	[0x3ec, [0x2320, [0x31e6, nil]]]
0x31e1S0x2312B0x25c4S0x3d8	[0x3ec, [0x2320, [0x31e1, nil]]]
0x31e2S0x2312B0x25c4S0x3d8	[0x3ec, [0x2320, [0x31e2, nil]]]
0x31d7S0x2312B0x25c4S0x3d8	[0x3ec, [0x2320, [0x31d7, nil]]]
0x31dbS0x2312B0x25c4S0x3d8	[0x3ec, [0x2320, [0x31db, nil]]]
0x312dS0x31d6S0x2312B0x25c4S0x3d8	[0x3ec, [0x2320, [0x31de, [0x312d, nil]]]]
0x2083S0x25b3S0x3d8	[0x3ec, [0x25c3, [0x2083, nil]]]
0x2086S0x25b3S0x3d8	[0x3ec, [0x25c3, [0x2086, nil]]]
0x2089S0x25b3S0x3d8	[0x3ec, [0x25c3, [0x2089, nil]]]
0x208dS0x25b3S0x3d8	[0x3ec, [0x25c3, [0x208d, nil]]]
0x31a1S0x2082S0x25b3S0x3d8	[0x3ec, [0x25c3, [0x2090, [0x31a1, nil]]]]
0x3192S0x2082S0x25b3S0x3d8	[0x3ec, [0x25c3, [0x2090, [0x3192, nil]]]]
0x3196S0x2082S0x25b3S0x3d8	[0x3ec, [0x25c3, [0x2090, [0x3196, nil]]]]
0x319cS0x2082S0x25b3S0x3d8	[0x3ec, [0x25c3, [0x2090, [0x319c, nil]]]]
0x319dS0x2082S0x25b3S0x3d8	[0x3ec, [0x25c3, [0x2090, [0x319d, nil]]]]
0x30e5S0x3191S0x2082S0x25b3S0x3d8	[0x3ec, [0x25c3, [0x2090, [0x3199, [0x30e5, nil]]]]]
0x30e7S0x3191S0x2082S0x25b3S0x3d8	[0x3ec, [0x25c3, [0x2090, [0x3199, [0x30e7, nil]]]]]
0x30ebS0x3191S0x2082S0x25b3S0x3d8	[0x3ec, [0x25c3, [0x2090, [0x3199, [0x30eb, nil]]]]]
0x310dS0x3191S0x2082S0x25b3S0x3d8	[0x3ec, [0x25c3, [0x2090, [0x3199, [0x310d, nil]]]]]
0x310fS0x3191S0x2082S0x25b3S0x3d8	[0x3ec, [0x25c3, [0x2090, [0x3199, [0x310f, nil]]]]]
0x3125S0x3191S0x2082S0x25b3S0x3d8	[0x3ec, [0x25c3, [0x2090, [0x3199, [0x3125, nil]]]]]
0x2464S0x1d9	[0x1ee, [0x2464, nil]]
0x247eS0x1d9	[0x1ee, [0x247e, nil]]
0x24a7S0x1d9	[0x1ee, [0x24a7, nil]]
0x2456S0x1d9	[0x1ee, [0x2456, nil]]
0x2459S0x1d9	[0x1ee, [0x2459, nil]]
0x245dS0x1d9	[0x1ee, [0x245d, nil]]
0x245eS0x1d9	[0x1ee, [0x245e, nil]]
0x245fS0x1d9	[0x1ee, [0x245f, nil]]
0x2460S0x1d9	[0x1ee, [0x2460, nil]]
0x2469S0x1d9	[0x1ee, [0x2469, nil]]
0x246cS0x1d9	[0x1ee, [0x246c, nil]]
0x246dS0x1d9	[0x1ee, [0x246d, nil]]
0x246eS0x1d9	[0x1ee, [0x246e, nil]]
0x2478S0x1d9	[0x1ee, [0x2478, nil]]
0x2479S0x1d9	[0x1ee, [0x2479, nil]]
0x247aS0x1d9	[0x1ee, [0x247a, nil]]
0x2483S0x1d9	[0x1ee, [0x2483, nil]]
0x2489S0x1d9	[0x1ee, [0x2489, nil]]
0x248aS0x1d9	[0x1ee, [0x248a, nil]]
0x2492S0x1d9	[0x1ee, [0x2492, nil]]
0x2495S0x1d9	[0x1ee, [0x2495, nil]]
0x2496S0x1d9	[0x1ee, [0x2496, nil]]
0x2497S0x1d9	[0x1ee, [0x2497, nil]]
0x24a1S0x1d9	[0x1ee, [0x24a1, nil]]
0x24a2S0x1d9	[0x1ee, [0x24a2, nil]]
0x24a3S0x1d9	[0x1ee, [0x24a3, nil]]
0x24acS0x1d9	[0x1ee, [0x24ac, nil]]
0x24b2S0x1d9	[0x1ee, [0x24b2, nil]]
0x24b3S0x1d9	[0x1ee, [0x24b3, nil]]
0x21aaS0x24abS0x1d9	[0x1ee, [0x24b6, [0x21aa, nil]]]
0x21e2S0x24abS0x1d9	[0x1ee, [0x24b6, [0x21e2, nil]]]
0x302dS0x24abS0x1d9	[0x1ee, [0x24b6, [0x302d, nil]]]
0x21b0S0x24abS0x1d9	[0x1ee, [0x24b6, [0x21b0, nil]]]
0x21b1S0x24abS0x1d9	[0x1ee, [0x24b6, [0x21b1, nil]]]
0x21b4S0x24abS0x1d9	[0x1ee, [0x24b6, [0x21b4, nil]]]
0x21b8S0x24abS0x1d9	[0x1ee, [0x24b6, [0x21b8, nil]]]
0x21c8S0x24abS0x1d9	[0x1ee, [0x24b6, [0x21c8, nil]]]
0x21cbS0x24abS0x1d9	[0x1ee, [0x24b6, [0x21cb, nil]]]
0x21ceS0x24abS0x1d9	[0x1ee, [0x24b6, [0x21ce, nil]]]
0x21d1S0x24abS0x1d9	[0x1ee, [0x24b6, [0x21d1, nil]]]
0x21d6S0x24abS0x1d9	[0x1ee, [0x24b6, [0x21d6, nil]]]
0x21d9S0x24abS0x1d9	[0x1ee, [0x24b6, [0x21d9, nil]]]
0x21dbS0x24abS0x1d9	[0x1ee, [0x24b6, [0x21db, nil]]]
0x21dcS0x24abS0x1d9	[0x1ee, [0x24b6, [0x21dc, nil]]]
0x21ddS0x24abS0x1d9	[0x1ee, [0x24b6, [0x21dd, nil]]]
0x21deS0x24abS0x1d9	[0x1ee, [0x24b6, [0x21de, nil]]]
0x21bdS0x24abS0x1d9	[0x1ee, [0x24b6, [0x21bd, nil]]]
0x301bS0x24abS0x1d9	[0x1ee, [0x24b6, [0x301b, nil]]]
0x301dS0x24abS0x1d9	[0x1ee, [0x24b6, [0x301d, nil]]]
0x3027S0x24abS0x1d9	[0x1ee, [0x24b6, [0x3027, nil]]]
0x3028S0x24abS0x1d9	[0x1ee, [0x24b6, [0x3028, nil]]]
0x3029S0x24abS0x1d9	[0x1ee, [0x24b6, [0x3029, nil]]]
0x21e7S0x24abS0x1d9	[0x1ee, [0x24b6, [0x21e7, nil]]]
0x1c400S0x24abS0x1d9	[0x1ee, [0x24b6, [0x21e9, nil]]]
0x21ffS0x24abS0x1d9	[0x1ee, [0x24b6, [0x21ff, nil]]]
0x2202S0x24abS0x1d9	[0x1ee, [0x24b6, [0x2202, nil]]]
0x2205S0x24abS0x1d9	[0x1ee, [0x24b6, [0x2205, nil]]]
0x2208S0x24abS0x1d9	[0x1ee, [0x24b6, [0x2208, nil]]]
0x220cS0x24abS0x1d9	[0x1ee, [0x24b6, [0x220c, nil]]]
0x220fS0x24abS0x1d9	[0x1ee, [0x24b6, [0x220f, nil]]]
0x2212S0x24abS0x1d9	[0x1ee, [0x24b6, [0x2212, nil]]]
0x21ecS0x24abS0x1d9	[0x1ee, [0x24b6, [0x21ec, nil]]]
0x21edS0x24abS0x1d9	[0x1ee, [0x24b6, [0x21ed, nil]]]
0x21eeS0x24abS0x1d9	[0x1ee, [0x24b6, [0x21ee, nil]]]
0x219eS0x24abS0x1d9	[0x1ee, [0x24b6, [0x219e, nil]]]
0x21a1S0x24abS0x1d9	[0x1ee, [0x24b6, [0x21a1, nil]]]
0x21a4S0x24abS0x1d9	[0x1ee, [0x24b6, [0x21a4, nil]]]
0x21a5S0x24abS0x1d9	[0x1ee, [0x24b6, [0x21a5, nil]]]
0x21a6S0x24abS0x1d9	[0x1ee, [0x24b6, [0x21a6, nil]]]
0x3032S0x24abS0x1d9	[0x1ee, [0x24b6, [0x3032, nil]]]
0x3035S0x24abS0x1d9	[0x1ee, [0x24b6, [0x3035, nil]]]
0x3038S0x24abS0x1d9	[0x1ee, [0x24b6, [0x3038, nil]]]
0x303bS0x24abS0x1d9	[0x1ee, [0x24b6, [0x303b, nil]]]
0x21f3S0x24abS0x1d9	[0x1ee, [0x24b6, [0x21f3, nil]]]
0x21f8S0x24abS0x1d9	[0x1ee, [0x24b6, [0x21f8, nil]]]
0x2fbcS0x21bcS0x24abS0x1d9	[0x1ee, [0x24b6, [0x21c0, [0x2fbc, nil]]]]
0x2f9eS0x21bcS0x24abS0x1d9	[0x1ee, [0x24b6, [0x21c0, [0x2f9e, nil]]]]
0x2fa0S0x21bcS0x24abS0x1d9	[0x1ee, [0x24b6, [0x21c0, [0x2fa0, nil]]]]
0x2fa2S0x21bcS0x24abS0x1d9	[0x1ee, [0x24b6, [0x21c0, [0x2fa2, nil]]]]
0x2fa7S0x21bcS0x24abS0x1d9	[0x1ee, [0x24b6, [0x21c0, [0x2fa7, nil]]]]
0x2faaS0x21bcS0x24abS0x1d9	[0x1ee, [0x24b6, [0x21c0, [0x2faa, nil]]]]
0x2fabS0x21bcS0x24abS0x1d9	[0x1ee, [0x24b6, [0x21c0, [0x2fab, nil]]]]
0x2fb5S0x21bcS0x24abS0x1d9	[0x1ee, [0x24b6, [0x21c0, [0x2fb5, nil]]]]
0x2fb6S0x21bcS0x24abS0x1d9	[0x1ee, [0x24b6, [0x21c0, [0x2fb6, nil]]]]
0x2fb7S0x21bcS0x24abS0x1d9	[0x1ee, [0x24b6, [0x21c0, [0x2fb7, nil]]]]
0x2fb8S0x21bcS0x24abS0x1d9	[0x1ee, [0x24b6, [0x21c0, [0x2fb8, nil]]]]
0x2fc2S0x21bcS0x24abS0x1d9	[0x1ee, [0x24b6, [0x21c0, [0x2fc2, nil]]]]
0x2313S0x21f2S0x24abS0x1d9	[0x1ee, [0x24b6, [0x21fb, [0x2313, nil]]]]
0x2316S0x21f2S0x24abS0x1d9	[0x1ee, [0x24b6, [0x21fb, [0x2316, nil]]]]
0x2319S0x21f2S0x24abS0x1d9	[0x1ee, [0x24b6, [0x21fb, [0x2319, nil]]]]
0x231dS0x21f2S0x24abS0x1d9	[0x1ee, [0x24b6, [0x21fb, [0x231d, nil]]]]
0x31e6S0x2312B0x21f2S0x24abS0x1d9	[0x1ee, [0x24b6, [0x2320, [0x31e6, nil]]]]
0x31e1S0x2312B0x21f2S0x24abS0x1d9	[0x1ee, [0x24b6, [0x2320, [0x31e1, nil]]]]
0x31e2S0x2312B0x21f2S0x24abS0x1d9	[0x1ee, [0x24b6, [0x2320, [0x31e2, nil]]]]
0x31d7S0x2312B0x21f2S0x24abS0x1d9	[0x1ee, [0x24b6, [0x2320, [0x31d7, nil]]]]
0x31dbS0x2312B0x21f2S0x24abS0x1d9	[0x1ee, [0x24b6, [0x2320, [0x31db, nil]]]]
0x312dS0x31d6S0x2312B0x21f2S0x24abS0x1d9	[0x1ee, [0x24b6, [0x2320, [0x31de, [0x312d, nil]]]]]
0x20a4S0x2482S0x1d9	[0x1ee, [0x248d, [0x20a4, nil]]]
0x20dcS0x2482S0x1d9	[0x1ee, [0x248d, [0x20dc, nil]]]
0x2fddS0x2482S0x1d9	[0x1ee, [0x248d, [0x2fdd, nil]]]
0x20aaS0x2482S0x1d9	[0x1ee, [0x248d, [0x20aa, nil]]]
0x20abS0x2482S0x1d9	[0x1ee, [0x248d, [0x20ab, nil]]]
0x20aeS0x2482S0x1d9	[0x1ee, [0x248d, [0x20ae, nil]]]
0x20b2S0x2482S0x1d9	[0x1ee, [0x248d, [0x20b2, nil]]]
0x20c2S0x2482S0x1d9	[0x1ee, [0x248d, [0x20c2, nil]]]
0x20c5S0x2482S0x1d9	[0x1ee, [0x248d, [0x20c5, nil]]]
0x20c8S0x2482S0x1d9	[0x1ee, [0x248d, [0x20c8, nil]]]
0x20cbS0x2482S0x1d9	[0x1ee, [0x248d, [0x20cb, nil]]]
0x20d0S0x2482S0x1d9	[0x1ee, [0x248d, [0x20d0, nil]]]
0x20d3S0x2482S0x1d9	[0x1ee, [0x248d, [0x20d3, nil]]]
0x20d5S0x2482S0x1d9	[0x1ee, [0x248d, [0x20d5, nil]]]
0x20d6S0x2482S0x1d9	[0x1ee, [0x248d, [0x20d6, nil]]]
0x20d7S0x2482S0x1d9	[0x1ee, [0x248d, [0x20d7, nil]]]
0x20d8S0x2482S0x1d9	[0x1ee, [0x248d, [0x20d8, nil]]]
0x20b7S0x2482S0x1d9	[0x1ee, [0x248d, [0x20b7, nil]]]
0x2fcbS0x2482S0x1d9	[0x1ee, [0x248d, [0x2fcb, nil]]]
0x2fcdS0x2482S0x1d9	[0x1ee, [0x248d, [0x2fcd, nil]]]
0x2fd7S0x2482S0x1d9	[0x1ee, [0x248d, [0x2fd7, nil]]]
0x2fd8S0x2482S0x1d9	[0x1ee, [0x248d, [0x2fd8, nil]]]
0x2fd9S0x2482S0x1d9	[0x1ee, [0x248d, [0x2fd9, nil]]]
0x20e1S0x2482S0x1d9	[0x1ee, [0x248d, [0x20e1, nil]]]
0x1b000S0x2482S0x1d9	[0x1ee, [0x248d, [0x20e3, nil]]]
0x20f9S0x2482S0x1d9	[0x1ee, [0x248d, [0x20f9, nil]]]
0x20fcS0x2482S0x1d9	[0x1ee, [0x248d, [0x20fc, nil]]]
0x20ffS0x2482S0x1d9	[0x1ee, [0x248d, [0x20ff, nil]]]
0x2102S0x2482S0x1d9	[0x1ee, [0x248d, [0x2102, nil]]]
0x2106S0x2482S0x1d9	[0x1ee, [0x248d, [0x2106, nil]]]
0x2109S0x2482S0x1d9	[0x1ee, [0x248d, [0x2109, nil]]]
0x210cS0x2482S0x1d9	[0x1ee, [0x248d, [0x210c, nil]]]
0x20e6S0x2482S0x1d9	[0x1ee, [0x248d, [0x20e6, nil]]]
0x20e7S0x2482S0x1d9	[0x1ee, [0x248d, [0x20e7, nil]]]
0x20e8S0x2482S0x1d9	[0x1ee, [0x248d, [0x20e8, nil]]]
0x2098S0x2482S0x1d9	[0x1ee, [0x248d, [0x2098, nil]]]
0x209bS0x2482S0x1d9	[0x1ee, [0x248d, [0x209b, nil]]]
0x209eS0x2482S0x1d9	[0x1ee, [0x248d, [0x209e, nil]]]
0x209fS0x2482S0x1d9	[0x1ee, [0x248d, [0x209f, nil]]]
0x20a0S0x2482S0x1d9	[0x1ee, [0x248d, [0x20a0, nil]]]
0x2fe2S0x2482S0x1d9	[0x1ee, [0x248d, [0x2fe2, nil]]]
0x2fe5S0x2482S0x1d9	[0x1ee, [0x248d, [0x2fe5, nil]]]
0x2fe8S0x2482S0x1d9	[0x1ee, [0x248d, [0x2fe8, nil]]]
0x2febS0x2482S0x1d9	[0x1ee, [0x248d, [0x2feb, nil]]]
0x20edS0x2482S0x1d9	[0x1ee, [0x248d, [0x20ed, nil]]]
0x20f2S0x2482S0x1d9	[0x1ee, [0x248d, [0x20f2, nil]]]
0x2fbcS0x20b6S0x2482S0x1d9	[0x1ee, [0x248d, [0x20ba, [0x2fbc, nil]]]]
0x2f9eS0x20b6S0x2482S0x1d9	[0x1ee, [0x248d, [0x20ba, [0x2f9e, nil]]]]
0x2fa0S0x20b6S0x2482S0x1d9	[0x1ee, [0x248d, [0x20ba, [0x2fa0, nil]]]]
0x2fa2S0x20b6S0x2482S0x1d9	[0x1ee, [0x248d, [0x20ba, [0x2fa2, nil]]]]
0x2fa7S0x20b6S0x2482S0x1d9	[0x1ee, [0x248d, [0x20ba, [0x2fa7, nil]]]]
0x2faaS0x20b6S0x2482S0x1d9	[0x1ee, [0x248d, [0x20ba, [0x2faa, nil]]]]
0x2fabS0x20b6S0x2482S0x1d9	[0x1ee, [0x248d, [0x20ba, [0x2fab, nil]]]]
0x2fb5S0x20b6S0x2482S0x1d9	[0x1ee, [0x248d, [0x20ba, [0x2fb5, nil]]]]
0x2fb6S0x20b6S0x2482S0x1d9	[0x1ee, [0x248d, [0x20ba, [0x2fb6, nil]]]]
0x2fb7S0x20b6S0x2482S0x1d9	[0x1ee, [0x248d, [0x20ba, [0x2fb7, nil]]]]
0x2fb8S0x20b6S0x2482S0x1d9	[0x1ee, [0x248d, [0x20ba, [0x2fb8, nil]]]]
0x2fc2S0x20b6S0x2482S0x1d9	[0x1ee, [0x248d, [0x20ba, [0x2fc2, nil]]]]
0x2083S0x20ecS0x2482S0x1d9	[0x1ee, [0x248d, [0x20f5, [0x2083, nil]]]]
0x2086S0x20ecS0x2482S0x1d9	[0x1ee, [0x248d, [0x20f5, [0x2086, nil]]]]
0x2089S0x20ecS0x2482S0x1d9	[0x1ee, [0x248d, [0x20f5, [0x2089, nil]]]]
0x208dS0x20ecS0x2482S0x1d9	[0x1ee, [0x248d, [0x20f5, [0x208d, nil]]]]
0x31a1S0x2082S0x20ecS0x2482S0x1d9	[0x1ee, [0x248d, [0x20f5, [0x2090, [0x31a1, nil]]]]]
0x3192S0x2082S0x20ecS0x2482S0x1d9	[0x1ee, [0x248d, [0x20f5, [0x2090, [0x3192, nil]]]]]
0x3196S0x2082S0x20ecS0x2482S0x1d9	[0x1ee, [0x248d, [0x20f5, [0x2090, [0x3196, nil]]]]]
0x319cS0x2082S0x20ecS0x2482S0x1d9	[0x1ee, [0x248d, [0x20f5, [0x2090, [0x319c, nil]]]]]
0x319dS0x2082S0x20ecS0x2482S0x1d9	[0x1ee, [0x248d, [0x20f5, [0x2090, [0x319d, nil]]]]]
0x30e5S0x3191S0x2082S0x20ecS0x2482S0x1d9	[0x1ee, [0x248d, [0x20f5, [0x2090, [0x3199, [0x30e5, nil]]]]]]
0x30e7S0x3191S0x2082S0x20ecS0x2482S0x1d9	[0x1ee, [0x248d, [0x20f5, [0x2090, [0x3199, [0x30e7, nil]]]]]]
0x30ebS0x3191S0x2082S0x20ecS0x2482S0x1d9	[0x1ee, [0x248d, [0x20f5, [0x2090, [0x3199, [0x30eb, nil]]]]]]
0x310dS0x3191S0x2082S0x20ecS0x2482S0x1d9	[0x1ee, [0x248d, [0x20f5, [0x2090, [0x3199, [0x310d, nil]]]]]]
0x310fS0x3191S0x2082S0x20ecS0x2482S0x1d9	[0x1ee, [0x248d, [0x20f5, [0x2090, [0x3199, [0x310f, nil]]]]]]
0x3125S0x3191S0x2082S0x20ecS0x2482S0x1d9	[0x1ee, [0x248d, [0x20f5, [0x2090, [0x3199, [0x3125, nil]]]]]]
0x894S0x2ef	[0x2f3, [0x894, nil]]
0x896S0x2ef	[0x2f3, [0x896, nil]]
0x897S0x2ef	[0x2f3, [0x897, nil]]
0x8baS0x2ef	[0x2f3, [0x8ba, nil]]
0x8bcS0x2ef	[0x2f3, [0x8bc, nil]]
0x8bdS0x2ef	[0x2f3, [0x8bd, nil]]
0x8c1S0x2ef	[0x2f3, [0x8c1, nil]]
0x8e9S0x2ef	[0x2f3, [0x8e9, nil]]
0x8ebS0x2ef	[0x2f3, [0x8eb, nil]]
0x8edS0x2ef	[0x2f3, [0x8ed, nil]]
0x8efS0x2ef	[0x2f3, [0x8ef, nil]]
0x8f2S0x2ef	[0x2f3, [0x8f2, nil]]
0x8f4S0x2ef	[0x2f3, [0x8f4, nil]]
0x8f6S0x2ef	[0x2f3, [0x8f6, nil]]
0x8f8S0x2ef	[0x2f3, [0x8f8, nil]]
0x8f9S0x2ef	[0x2f3, [0x8f9, nil]]
0x8faS0x2ef	[0x2f3, [0x8fa, nil]]
0x8fdS0x2ef	[0x2f3, [0x8fd, nil]]
0x8feS0x2ef	[0x2f3, [0x8fe, nil]]
0x8ffS0x2ef	[0x2f3, [0x8ff, nil]]
0x900S0x2ef	[0x2f3, [0x900, nil]]
0x904S0x2ef	[0x2f3, [0x904, nil]]
0x906S0x2ef	[0x2f3, [0x906, nil]]
0x909S0x2ef	[0x2f3, [0x909, nil]]
0x90cS0x2ef	[0x2f3, [0x90c, nil]]
0x90eS0x2ef	[0x2f3, [0x90e, nil]]
0x910S0x2ef	[0x2f3, [0x910, nil]]
0x912S0x2ef	[0x2f3, [0x912, nil]]
0x913S0x2ef	[0x2f3, [0x913, nil]]
0x914S0x2ef	[0x2f3, [0x914, nil]]
0x917S0x2ef	[0x2f3, [0x917, nil]]
0x918S0x2ef	[0x2f3, [0x918, nil]]
0x919S0x2ef	[0x2f3, [0x919, nil]]
0x91aS0x2ef	[0x2f3, [0x91a, nil]]
0xf200S0x2ef	[0x2f3, [0x91e, nil]]
0x937S0x2ef	[0x2f3, [0x937, nil]]
0x93aS0x2ef	[0x2f3, [0x93a, nil]]
0x93cS0x2ef	[0x2f3, [0x93c, nil]]
0x93fS0x2ef	[0x2f3, [0x93f, nil]]
0x941S0x2ef	[0x2f3, [0x941, nil]]
0x943S0x2ef	[0x2f3, [0x943, nil]]
0x945S0x2ef	[0x2f3, [0x945, nil]]
0x946S0x2ef	[0x2f3, [0x946, nil]]
0x947S0x2ef	[0x2f3, [0x947, nil]]
0x94aS0x2ef	[0x2f3, [0x94a, nil]]
0x94bS0x2ef	[0x2f3, [0x94b, nil]]
0x94cS0x2ef	[0x2f3, [0x94c, nil]]
0x94dS0x2ef	[0x2f3, [0x94d, nil]]
0xfc00S0x2ef	[0x2f3, [0x951, nil]]
0x85bS0x2ef	[0x2f3, [0x85b, nil]]
0x85dS0x2ef	[0x2f3, [0x85d, nil]]
0x860S0x2ef	[0x2f3, [0x860, nil]]
0x862S0x2ef	[0x2f3, [0x862, nil]]
0x865S0x2ef	[0x2f3, [0x865, nil]]
0x867S0x2ef	[0x2f3, [0x867, nil]]
0x868S0x2ef	[0x2f3, [0x868, nil]]
0x86aS0x2ef	[0x2f3, [0x86a, nil]]
0x86cS0x2ef	[0x2f3, [0x86c, nil]]
0x87bS0x2ef	[0x2f3, [0x87b, nil]]
0xde00S0x2ef	[0x2f3, [0x879, nil]]
0x890S0x2ef	[0x2f3, [0x890, nil]]
0x8cfS0x2ef	[0x2f3, [0x8cf, nil]]
0x8d2S0x2ef	[0x2f3, [0x8d2, nil]]
0x8d5S0x2ef	[0x2f3, [0x8d5, nil]]
0x8d7S0x2ef	[0x2f3, [0x8d7, nil]]
0x8daS0x2ef	[0x2f3, [0x8da, nil]]
0x8dcS0x2ef	[0x2f3, [0x8dc, nil]]
0x8ddS0x2ef	[0x2f3, [0x8dd, nil]]
0x8dfS0x2ef	[0x2f3, [0x8df, nil]]
0x8e0S0x2ef	[0x2f3, [0x8e0, nil]]
0x8e4S0x2ef	[0x2f3, [0x8e4, nil]]
0x8e5S0x2ef	[0x2f3, [0x8e5, nil]]
0x8c6S0x2ef	[0x2f3, [0x8c6, nil]]
0x8c8S0x2ef	[0x2f3, [0x8c8, nil]]
0x8cbS0x2ef	[0x2f3, [0x8cb, nil]]
0x91fS0x2ef	[0x2f3, [0x91f, nil]]
0x922S0x2ef	[0x2f3, [0x922, nil]]
0x927S0x2ef	[0x2f3, [0x927, nil]]
0x92cS0x2ef	[0x2f3, [0x92c, nil]]
0x932S0x2ef	[0x2f3, [0x932, nil]]
0x933S0x2ef	[0x2f3, [0x933, nil]]
0x871S0x2ef	[0x2f3, [0x871, nil]]
0x874S0x2ef	[0x2f3, [0x874, nil]]
0x880S0x2ef	[0x2f3, [0x880, nil]]
0x883S0x2ef	[0x2f3, [0x883, nil]]
0x885S0x2ef	[0x2f3, [0x885, nil]]
0x888S0x2ef	[0x2f3, [0x888, nil]]
0x88aS0x2ef	[0x2f3, [0x88a, nil]]
0x88bS0x2ef	[0x2f3, [0x88b, nil]]
0x88dS0x2ef	[0x2f3, [0x88d, nil]]
0x88eS0x2ef	[0x2f3, [0x88e, nil]]
0xe800S0x2ef	[0x2f3, [0x88f, nil]]
0x1a6dS0x870S0x2ef	[0x2f3, [0x877, [0x1a6d, nil]]]
0x1a70S0x870S0x2ef	[0x2f3, [0x877, [0x1a70, nil]]]
0x1a73S0x870S0x2ef	[0x2f3, [0x877, [0x1a73, nil]]]
0x1a76S0x870S0x2ef	[0x2f3, [0x877, [0x1a76, nil]]]
0x1a79S0x870S0x2ef	[0x2f3, [0x877, [0x1a79, nil]]]
0x1a7cS0x870S0x2ef	[0x2f3, [0x877, [0x1a7c, nil]]]
0x2ebaS0x894S0x2ef	[0x2f3, [0x8c4, [0x2eba, nil]]]
0x2ebcS0x894S0x2ef	[0x2f3, [0x8c4, [0x2ebc, nil]]]
0x2ebfS0x894S0x2ef	[0x2f3, [0x8c4, [0x2ebf, nil]]]
0x2ec4S0x894S0x2ef	[0x2f3, [0x8c4, [0x2ec4, nil]]]
0x2ec5S0x894S0x2ef	[0x2f3, [0x8c4, [0x2ec5, nil]]]
0x2ec8S0x894S0x2ef	[0x2f3, [0x8c4, [0x2ec8, nil]]]
0x2ecaS0x894S0x2ef	[0x2f3, [0x8c4, [0x2eca, nil]]]
0x2eceS0x894S0x2ef	[0x2f3, [0x8c4, [0x2ece, nil]]]
0x29e2S0x894S0x2ef	[0x2f3, [0x8c4, [0x29e2, nil]]]
0x2a03S0x894S0x2ef	[0x2f3, [0x8c4, [0x2a03, nil]]]
0x2a06S0x894S0x2ef	[0x2f3, [0x8c4, [0x2a06, nil]]]
0x2a08S0x894S0x2ef	[0x2f3, [0x8c4, [0x2a08, nil]]]
0x2a29S0x894S0x2ef	[0x2f3, [0x8c4, [0x2a29, nil]]]
0x2a2cS0x894S0x2ef	[0x2f3, [0x8c4, [0x2a2c, nil]]]
0x2a2eS0x894S0x2ef	[0x2f3, [0x8c4, [0x2a2e, nil]]]
0x2a31S0x894S0x2ef	[0x2f3, [0x8c4, [0x2a31, nil]]]
0x29d3S0x894S0x2ef	[0x2f3, [0x8c4, [0x29d3, nil]]]
0x29d5S0x894S0x2ef	[0x2f3, [0x8c4, [0x29d5, nil]]]
0x29d8S0x894S0x2ef	[0x2f3, [0x8c4, [0x29d8, nil]]]
0x29dbS0x894S0x2ef	[0x2f3, [0x8c4, [0x29db, nil]]]
0x30c9S0x29d2S0x894S0x2ef	[0x2f3, [0x8c4, [0x29de, [0x30c9, nil]]]]
0x30ceS0x29d2S0x894S0x2ef	[0x2f3, [0x8c4, [0x29de, [0x30ce, nil]]]]
0x30d1S0x29d2S0x894S0x2ef	[0x2f3, [0x8c4, [0x29de, [0x30d1, nil]]]]
0x9e00x95fS0x343	[0x347, [0x9e0, nil]]
0x9e40x95fS0x343	[0x347, [0x9e4, nil]]
0x9df0x95fS0x343	[0x347, [0x9df, nil]]
0x9dd0x95fS0x343	[0x347, [0x9dd, nil]]
0x9ba0x95fS0x343	[0x347, [0x9ba, nil]]
0x9b90x95fS0x343	[0x347, [0x9b9, nil]]
0x9b70x95fS0x343	[0x347, [0x9b7, nil]]
0x960S0x343	[0x347, [0x960, nil]]
0x962S0x343	[0x347, [0x962, nil]]
0x964S0x343	[0x347, [0x964, nil]]
0x967S0x343	[0x347, [0x967, nil]]
0x969S0x343	[0x347, [0x969, nil]]
0x96cS0x343	[0x347, [0x96c, nil]]
0x96eS0x343	[0x347, [0x96e, nil]]
0x96fS0x343	[0x347, [0x96f, nil]]
0x984S0x343	[0x347, [0x984, nil]]
0x985S0x343	[0x347, [0x985, nil]]
0x99aS0x343	[0x347, [0x99a, nil]]
0x99bS0x343	[0x347, [0x99b, nil]]
0x99cS0x343	[0x347, [0x99c, nil]]
0x9b1S0x343	[0x347, [0x9b1, nil]]
0x9b2S0x343	[0x347, [0x9b2, nil]]
0x9b3S0x343	[0x347, [0x9b3, nil]]
0x1bbe0x95fS0x343	[0x347, [0x1bbe, nil]]
0x1b6e0x95fS0x343	[0x347, [0x1b6e, nil]]
0x1bbd0x95fS0x343	[0x347, [0x1bbd, nil]]
0x1bb80x95fS0x343	[0x347, [0x1bb8, nil]]
0x1bb20x95fS0x343	[0x347, [0x1bb2, nil]]
0x1bb10x95fS0x343	[0x347, [0x1bb1, nil]]
0x1bb00x95fS0x343	[0x347, [0x1bb0, nil]]
0x1bae0x95fS0x343	[0x347, [0x1bae, nil]]
0x1bad0x95fS0x343	[0x347, [0x1bad, nil]]
0x1bab0x95fS0x343	[0x347, [0x1bab, nil]]
0x1ba70x95fS0x343	[0x347, [0x1ba7, nil]]
0x1ba50x95fS0x343	[0x347, [0x1ba5, nil]]
0x1ba20x95fS0x343	[0x347, [0x1ba2, nil]]
0x1b8d0x95fS0x343	[0x347, [0x1b8d, nil]]
0x1b8c0x95fS0x343	[0x347, [0x1b8c, nil]]
0x1b770x95fS0x343	[0x347, [0x1b77, nil]]
0x1b740x95fS0x343	[0x347, [0x1b74, nil]]
0x1b720x95fS0x343	[0x347, [0x1b72, nil]]
0x1b6c0x95fS0x343	[0x347, [0x1b6c, nil]]
0x106000x95fS0x343	[0x347, [0xa3f, nil]]
0x1c430x95fS0x343	[0x347, [0x1c43, nil]]
0x1c490x95fS0x343	[0x347, [0x1c49, nil]]
0x1c420x95fS0x343	[0x347, [0x1c42, nil]]
0x1c400x95fS0x343	[0x347, [0x1c40, nil]]
0x1c1d0x95fS0x343	[0x347, [0x1c1d, nil]]
0x1c1c0x95fS0x343	[0x347, [0x1c1c, nil]]
0x1c070x95fS0x343	[0x347, [0x1c07, nil]]
0x1c010x95fS0x343	[0x347, [0x1c01, nil]]
0x1bff0x95fS0x343	[0x347, [0x1bff, nil]]
0x1bfe0x95fS0x343	[0x347, [0x1bfe, nil]]
0x1bfc0x95fS0x343	[0x347, [0x1bfc, nil]]
0x1bf80x95fS0x343	[0x347, [0x1bf8, nil]]
0x1bf60x95fS0x343	[0x347, [0x1bf6, nil]]
0x1bf30x95fS0x343	[0x347, [0x1bf3, nil]]
0x1bde0x95fS0x343	[0x347, [0x1bde, nil]]
0x1bdd0x95fS0x343	[0x347, [0x1bdd, nil]]
0x1bc80x95fS0x343	[0x347, [0x1bc8, nil]]
0x1bc50x95fS0x343	[0x347, [0x1bc5, nil]]
0x1bc30x95fS0x343	[0x347, [0x1bc3, nil]]
0xa450x95fS0x343	[0x347, [0xa45, nil]]
0xa400x95fS0x343	[0x347, [0xa40, nil]]
0xa380x95fS0x343	[0x347, [0xa38, nil]]
0xa370x95fS0x343	[0x347, [0xa37, nil]]
0xa360x95fS0x343	[0x347, [0xa36, nil]]
0xa310x95fS0x343	[0x347, [0xa31, nil]]
0xa300x95fS0x343	[0x347, [0xa30, nil]]
0xa2e0x95fS0x343	[0x347, [0xa2e, nil]]
0xa2d0x95fS0x343	[0x347, [0xa2d, nil]]
0xa2b0x95fS0x343	[0x347, [0xa2b, nil]]
0xa270x95fS0x343	[0x347, [0xa27, nil]]
0xa250x95fS0x343	[0x347, [0xa25, nil]]
0xa220x95fS0x343	[0x347, [0xa22, nil]]
0xa0d0x95fS0x343	[0x347, [0xa0d, nil]]
0xa0c0x95fS0x343	[0x347, [0xa0c, nil]]
0x9f70x95fS0x343	[0x347, [0x9f7, nil]]
0x9f40x95fS0x343	[0x347, [0x9f4, nil]]
0x9f20x95fS0x343	[0x347, [0x9f2, nil]]
0x1c530x95fS0x343	[0x347, [0x1c53, nil]]
0x1c500x95fS0x343	[0x347, [0x1c50, nil]]
0x1c4e0x95fS0x343	[0x347, [0x1c4e, nil]]
0x9ee0x95fS0x343	[0x347, [0x9ee, nil]]
0x9eb0x95fS0x343	[0x347, [0x9eb, nil]]
0x9e90x95fS0x343	[0x347, [0x9e9, nil]]
0x2aeeS0x9b70x95fS0x343	[0x347, [0x9e7, [0x2aee, nil]]]
0x2b0fS0x9b70x95fS0x343	[0x347, [0x9e7, [0x2b0f, nil]]]
0x2b12S0x9b70x95fS0x343	[0x347, [0x9e7, [0x2b12, nil]]]
0x2b14S0x9b70x95fS0x343	[0x347, [0x9e7, [0x2b14, nil]]]
0x2b17S0x9b70x95fS0x343	[0x347, [0x9e7, [0x2b17, nil]]]
0x2adfS0x9b70x95fS0x343	[0x347, [0x9e7, [0x2adf, nil]]]
0x2ae1S0x9b70x95fS0x343	[0x347, [0x9e7, [0x2ae1, nil]]]
0x2ae4S0x9b70x95fS0x343	[0x347, [0x9e7, [0x2ae4, nil]]]
0x2ae7S0x9b70x95fS0x343	[0x347, [0x9e7, [0x2ae7, nil]]]
0x2f1aS0x9b70x95fS0x343	[0x347, [0x9e7, [0x2f1a, nil]]]
0x2f1cS0x9b70x95fS0x343	[0x347, [0x9e7, [0x2f1c, nil]]]
0x2f1fS0x9b70x95fS0x343	[0x347, [0x9e7, [0x2f1f, nil]]]
0x2f24S0x9b70x95fS0x343	[0x347, [0x9e7, [0x2f24, nil]]]
0x2f25S0x9b70x95fS0x343	[0x347, [0x9e7, [0x2f25, nil]]]
0x2f28S0x9b70x95fS0x343	[0x347, [0x9e7, [0x2f28, nil]]]
0x2f2aS0x9b70x95fS0x343	[0x347, [0x9e7, [0x2f2a, nil]]]
0x2f2eS0x9b70x95fS0x343	[0x347, [0x9e7, [0x2f2e, nil]]]
0x30c9S0x2adeS0x9b70x95fS0x343	[0x347, [0x9e7, [0x2aea, [0x30c9, nil]]]]
0x30ceS0x2adeS0x9b70x95fS0x343	[0x347, [0x9e7, [0x2aea, [0x30ce, nil]]]]
0x30d1S0x2adeS0x9b70x95fS0x343	[0x347, [0x9e7, [0x2aea, [0x30d1, nil]]]]
0x2f75S0x1bbf0x95fS0x343	[0x347, [0x1c4c, [0x2f75, nil]]]
0x2f77S0x1bbf0x95fS0x343	[0x347, [0x1c4c, [0x2f77, nil]]]
0x2f7aS0x1bbf0x95fS0x343	[0x347, [0x1c4c, [0x2f7a, nil]]]
0x2f7dS0x1bbf0x95fS0x343	[0x347, [0x1c4c, [0x2f7d, nil]]]
0x2f80S0x1bbf0x95fS0x343	[0x347, [0x1c4c, [0x2f80, nil]]]
0x2f83S0x1bbf0x95fS0x343	[0x347, [0x1c4c, [0x2f83, nil]]]
0x2f85S0x1bbf0x95fS0x343	[0x347, [0x1c4c, [0x2f85, nil]]]
0x2f8aS0x1bbf0x95fS0x343	[0x347, [0x1c4c, [0x2f8a, nil]]]
0x2f8dS0x1bbf0x95fS0x343	[0x347, [0x1c4c, [0x2f8d, nil]]]
0x2f90S0x1bbf0x95fS0x343	[0x347, [0x1c4c, [0x2f90, nil]]]
0x2f92S0x1bbf0x95fS0x343	[0x347, [0x1c4c, [0x2f92, nil]]]
0x2b6eS0x2f74S0x1bbf0x95fS0x343	[0x347, [0x1c4c, [0x2f88, [0x2b6e, nil]]]]
0x2b72S0x2f74S0x1bbf0x95fS0x343	[0x347, [0x1c4c, [0x2f88, [0x2b72, nil]]]]
0x312dS0x2b6dS0x2f74S0x1bbf0x95fS0x343	[0x347, [0x1c4c, [0x2f88, [0x2b75, [0x312d, nil]]]]]
0x2b6eS0x2f89S0x1bbf0x95fS0x343	[0x347, [0x1c4c, [0x2f95, [0x2b6e, nil]]]]
0x2b72S0x2f89S0x1bbf0x95fS0x343	[0x347, [0x1c4c, [0x2f95, [0x2b72, nil]]]]
0x312dS0x2b6dS0x2f89S0x1bbf0x95fS0x343	[0x347, [0x1c4c, [0x2f95, [0x2b75, [0x312d, nil]]]]]
0xc04S0x3ed	[0x3f1, [0xc04, nil]]
0xc06S0x3ed	[0x3f1, [0xc06, nil]]
0xc09S0x3ed	[0x3f1, [0xc09, nil]]
0xc0cS0x3ed	[0x3f1, [0xc0c, nil]]
0xc14S0x3ed	[0x3f1, [0xc14, nil]]
0xc17S0x3ed	[0x3f1, [0xc17, nil]]
0x1cb1S0xc03S0x3ed	[0x3f1, [0xc0f, [0x1cb1, nil]]]
0x1cb3S0xc03S0x3ed	[0x3f1, [0xc0f, [0x1cb3, nil]]]
0x2464S0x43f	[0x454, [0x2464, nil]]
0x247eS0x43f	[0x454, [0x247e, nil]]
0x24a7S0x43f	[0x454, [0x24a7, nil]]
0x2456S0x43f	[0x454, [0x2456, nil]]
0x2459S0x43f	[0x454, [0x2459, nil]]
0x245dS0x43f	[0x454, [0x245d, nil]]
0x245eS0x43f	[0x454, [0x245e, nil]]
0x245fS0x43f	[0x454, [0x245f, nil]]
0x2460S0x43f	[0x454, [0x2460, nil]]
0x2469S0x43f	[0x454, [0x2469, nil]]
0x246cS0x43f	[0x454, [0x246c, nil]]
0x246dS0x43f	[0x454, [0x246d, nil]]
0x246eS0x43f	[0x454, [0x246e, nil]]
0x2478S0x43f	[0x454, [0x2478, nil]]
0x2479S0x43f	[0x454, [0x2479, nil]]
0x247aS0x43f	[0x454, [0x247a, nil]]
0x2483S0x43f	[0x454, [0x2483, nil]]
0x2489S0x43f	[0x454, [0x2489, nil]]
0x248aS0x43f	[0x454, [0x248a, nil]]
0x2492S0x43f	[0x454, [0x2492, nil]]
0x2495S0x43f	[0x454, [0x2495, nil]]
0x2496S0x43f	[0x454, [0x2496, nil]]
0x2497S0x43f	[0x454, [0x2497, nil]]
0x24a1S0x43f	[0x454, [0x24a1, nil]]
0x24a2S0x43f	[0x454, [0x24a2, nil]]
0x24a3S0x43f	[0x454, [0x24a3, nil]]
0x24acS0x43f	[0x454, [0x24ac, nil]]
0x24b2S0x43f	[0x454, [0x24b2, nil]]
0x24b3S0x43f	[0x454, [0x24b3, nil]]
0x21aaS0x24abS0x43f	[0x454, [0x24b6, [0x21aa, nil]]]
0x21e2S0x24abS0x43f	[0x454, [0x24b6, [0x21e2, nil]]]
0x302dS0x24abS0x43f	[0x454, [0x24b6, [0x302d, nil]]]
0x21b0S0x24abS0x43f	[0x454, [0x24b6, [0x21b0, nil]]]
0x21b1S0x24abS0x43f	[0x454, [0x24b6, [0x21b1, nil]]]
0x21b4S0x24abS0x43f	[0x454, [0x24b6, [0x21b4, nil]]]
0x21b8S0x24abS0x43f	[0x454, [0x24b6, [0x21b8, nil]]]
0x21c8S0x24abS0x43f	[0x454, [0x24b6, [0x21c8, nil]]]
0x21cbS0x24abS0x43f	[0x454, [0x24b6, [0x21cb, nil]]]
0x21ceS0x24abS0x43f	[0x454, [0x24b6, [0x21ce, nil]]]
0x21d1S0x24abS0x43f	[0x454, [0x24b6, [0x21d1, nil]]]
0x21d6S0x24abS0x43f	[0x454, [0x24b6, [0x21d6, nil]]]
0x21d9S0x24abS0x43f	[0x454, [0x24b6, [0x21d9, nil]]]
0x21dbS0x24abS0x43f	[0x454, [0x24b6, [0x21db, nil]]]
0x21dcS0x24abS0x43f	[0x454, [0x24b6, [0x21dc, nil]]]
0x21ddS0x24abS0x43f	[0x454, [0x24b6, [0x21dd, nil]]]
0x21deS0x24abS0x43f	[0x454, [0x24b6, [0x21de, nil]]]
0x21bdS0x24abS0x43f	[0x454, [0x24b6, [0x21bd, nil]]]
0x301bS0x24abS0x43f	[0x454, [0x24b6, [0x301b, nil]]]
0x301dS0x24abS0x43f	[0x454, [0x24b6, [0x301d, nil]]]
0x3027S0x24abS0x43f	[0x454, [0x24b6, [0x3027, nil]]]
0x3028S0x24abS0x43f	[0x454, [0x24b6, [0x3028, nil]]]
0x3029S0x24abS0x43f	[0x454, [0x24b6, [0x3029, nil]]]
0x21e7S0x24abS0x43f	[0x454, [0x24b6, [0x21e7, nil]]]
0x1c400S0x24abS0x43f	[0x454, [0x24b6, [0x21e9, nil]]]
0x21ffS0x24abS0x43f	[0x454, [0x24b6, [0x21ff, nil]]]
0x2202S0x24abS0x43f	[0x454, [0x24b6, [0x2202, nil]]]
0x2205S0x24abS0x43f	[0x454, [0x24b6, [0x2205, nil]]]
0x2208S0x24abS0x43f	[0x454, [0x24b6, [0x2208, nil]]]
0x220cS0x24abS0x43f	[0x454, [0x24b6, [0x220c, nil]]]
0x220fS0x24abS0x43f	[0x454, [0x24b6, [0x220f, nil]]]
0x2212S0x24abS0x43f	[0x454, [0x24b6, [0x2212, nil]]]
0x21ecS0x24abS0x43f	[0x454, [0x24b6, [0x21ec, nil]]]
0x21edS0x24abS0x43f	[0x454, [0x24b6, [0x21ed, nil]]]
0x21eeS0x24abS0x43f	[0x454, [0x24b6, [0x21ee, nil]]]
0x219eS0x24abS0x43f	[0x454, [0x24b6, [0x219e, nil]]]
0x21a1S0x24abS0x43f	[0x454, [0x24b6, [0x21a1, nil]]]
0x21a4S0x24abS0x43f	[0x454, [0x24b6, [0x21a4, nil]]]
0x21a5S0x24abS0x43f	[0x454, [0x24b6, [0x21a5, nil]]]
0x21a6S0x24abS0x43f	[0x454, [0x24b6, [0x21a6, nil]]]
0x3032S0x24abS0x43f	[0x454, [0x24b6, [0x3032, nil]]]
0x3035S0x24abS0x43f	[0x454, [0x24b6, [0x3035, nil]]]
0x3038S0x24abS0x43f	[0x454, [0x24b6, [0x3038, nil]]]
0x303bS0x24abS0x43f	[0x454, [0x24b6, [0x303b, nil]]]
0x21f3S0x24abS0x43f	[0x454, [0x24b6, [0x21f3, nil]]]
0x21f8S0x24abS0x43f	[0x454, [0x24b6, [0x21f8, nil]]]
0x2fbcS0x21bcS0x24abS0x43f	[0x454, [0x24b6, [0x21c0, [0x2fbc, nil]]]]
0x2f9eS0x21bcS0x24abS0x43f	[0x454, [0x24b6, [0x21c0, [0x2f9e, nil]]]]
0x2fa0S0x21bcS0x24abS0x43f	[0x454, [0x24b6, [0x21c0, [0x2fa0, nil]]]]
0x2fa2S0x21bcS0x24abS0x43f	[0x454, [0x24b6, [0x21c0, [0x2fa2, nil]]]]
0x2fa7S0x21bcS0x24abS0x43f	[0x454, [0x24b6, [0x21c0, [0x2fa7, nil]]]]
0x2faaS0x21bcS0x24abS0x43f	[0x454, [0x24b6, [0x21c0, [0x2faa, nil]]]]
0x2fabS0x21bcS0x24abS0x43f	[0x454, [0x24b6, [0x21c0, [0x2fab, nil]]]]
0x2fb5S0x21bcS0x24abS0x43f	[0x454, [0x24b6, [0x21c0, [0x2fb5, nil]]]]
0x2fb6S0x21bcS0x24abS0x43f	[0x454, [0x24b6, [0x21c0, [0x2fb6, nil]]]]
0x2fb7S0x21bcS0x24abS0x43f	[0x454, [0x24b6, [0x21c0, [0x2fb7, nil]]]]
0x2fb8S0x21bcS0x24abS0x43f	[0x454, [0x24b6, [0x21c0, [0x2fb8, nil]]]]
0x2fc2S0x21bcS0x24abS0x43f	[0x454, [0x24b6, [0x21c0, [0x2fc2, nil]]]]
0x2313S0x21f2S0x24abS0x43f	[0x454, [0x24b6, [0x21fb, [0x2313, nil]]]]
0x2316S0x21f2S0x24abS0x43f	[0x454, [0x24b6, [0x21fb, [0x2316, nil]]]]
0x2319S0x21f2S0x24abS0x43f	[0x454, [0x24b6, [0x21fb, [0x2319, nil]]]]
0x231dS0x21f2S0x24abS0x43f	[0x454, [0x24b6, [0x21fb, [0x231d, nil]]]]
0x31e6S0x2312B0x21f2S0x24abS0x43f	[0x454, [0x24b6, [0x2320, [0x31e6, nil]]]]
0x31e1S0x2312B0x21f2S0x24abS0x43f	[0x454, [0x24b6, [0x2320, [0x31e1, nil]]]]
0x31e2S0x2312B0x21f2S0x24abS0x43f	[0x454, [0x24b6, [0x2320, [0x31e2, nil]]]]
0x31d7S0x2312B0x21f2S0x24abS0x43f	[0x454, [0x24b6, [0x2320, [0x31d7, nil]]]]
0x31dbS0x2312B0x21f2S0x24abS0x43f	[0x454, [0x24b6, [0x2320, [0x31db, nil]]]]
0x312dS0x31d6S0x2312B0x21f2S0x24abS0x43f	[0x454, [0x24b6, [0x2320, [0x31de, [0x312d, nil]]]]]
0x20a4S0x2482S0x43f	[0x454, [0x248d, [0x20a4, nil]]]
0x20dcS0x2482S0x43f	[0x454, [0x248d, [0x20dc, nil]]]
0x2fddS0x2482S0x43f	[0x454, [0x248d, [0x2fdd, nil]]]
0x20aaS0x2482S0x43f	[0x454, [0x248d, [0x20aa, nil]]]
0x20abS0x2482S0x43f	[0x454, [0x248d, [0x20ab, nil]]]
0x20aeS0x2482S0x43f	[0x454, [0x248d, [0x20ae, nil]]]
0x20b2S0x2482S0x43f	[0x454, [0x248d, [0x20b2, nil]]]
0x20c2S0x2482S0x43f	[0x454, [0x248d, [0x20c2, nil]]]
0x20c5S0x2482S0x43f	[0x454, [0x248d, [0x20c5, nil]]]
0x20c8S0x2482S0x43f	[0x454, [0x248d, [0x20c8, nil]]]
0x20cbS0x2482S0x43f	[0x454, [0x248d, [0x20cb, nil]]]
0x20d0S0x2482S0x43f	[0x454, [0x248d, [0x20d0, nil]]]
0x20d3S0x2482S0x43f	[0x454, [0x248d, [0x20d3, nil]]]
0x20d5S0x2482S0x43f	[0x454, [0x248d, [0x20d5, nil]]]
0x20d6S0x2482S0x43f	[0x454, [0x248d, [0x20d6, nil]]]
0x20d7S0x2482S0x43f	[0x454, [0x248d, [0x20d7, nil]]]
0x20d8S0x2482S0x43f	[0x454, [0x248d, [0x20d8, nil]]]
0x20b7S0x2482S0x43f	[0x454, [0x248d, [0x20b7, nil]]]
0x2fcbS0x2482S0x43f	[0x454, [0x248d, [0x2fcb, nil]]]
0x2fcdS0x2482S0x43f	[0x454, [0x248d, [0x2fcd, nil]]]
0x2fd7S0x2482S0x43f	[0x454, [0x248d, [0x2fd7, nil]]]
0x2fd8S0x2482S0x43f	[0x454, [0x248d, [0x2fd8, nil]]]
0x2fd9S0x2482S0x43f	[0x454, [0x248d, [0x2fd9, nil]]]
0x20e1S0x2482S0x43f	[0x454, [0x248d, [0x20e1, nil]]]
0x1b000S0x2482S0x43f	[0x454, [0x248d, [0x20e3, nil]]]
0x20f9S0x2482S0x43f	[0x454, [0x248d, [0x20f9, nil]]]
0x20fcS0x2482S0x43f	[0x454, [0x248d, [0x20fc, nil]]]
0x20ffS0x2482S0x43f	[0x454, [0x248d, [0x20ff, nil]]]
0x2102S0x2482S0x43f	[0x454, [0x248d, [0x2102, nil]]]
0x2106S0x2482S0x43f	[0x454, [0x248d, [0x2106, nil]]]
0x2109S0x2482S0x43f	[0x454, [0x248d, [0x2109, nil]]]
0x210cS0x2482S0x43f	[0x454, [0x248d, [0x210c, nil]]]
0x20e6S0x2482S0x43f	[0x454, [0x248d, [0x20e6, nil]]]
0x20e7S0x2482S0x43f	[0x454, [0x248d, [0x20e7, nil]]]
0x20e8S0x2482S0x43f	[0x454, [0x248d, [0x20e8, nil]]]
0x2098S0x2482S0x43f	[0x454, [0x248d, [0x2098, nil]]]
0x209bS0x2482S0x43f	[0x454, [0x248d, [0x209b, nil]]]
0x209eS0x2482S0x43f	[0x454, [0x248d, [0x209e, nil]]]
0x209fS0x2482S0x43f	[0x454, [0x248d, [0x209f, nil]]]
0x20a0S0x2482S0x43f	[0x454, [0x248d, [0x20a0, nil]]]
0x2fe2S0x2482S0x43f	[0x454, [0x248d, [0x2fe2, nil]]]
0x2fe5S0x2482S0x43f	[0x454, [0x248d, [0x2fe5, nil]]]
0x2fe8S0x2482S0x43f	[0x454, [0x248d, [0x2fe8, nil]]]
0x2febS0x2482S0x43f	[0x454, [0x248d, [0x2feb, nil]]]
0x20edS0x2482S0x43f	[0x454, [0x248d, [0x20ed, nil]]]
0x20f2S0x2482S0x43f	[0x454, [0x248d, [0x20f2, nil]]]
0x2fbcS0x20b6S0x2482S0x43f	[0x454, [0x248d, [0x20ba, [0x2fbc, nil]]]]
0x2f9eS0x20b6S0x2482S0x43f	[0x454, [0x248d, [0x20ba, [0x2f9e, nil]]]]
0x2fa0S0x20b6S0x2482S0x43f	[0x454, [0x248d, [0x20ba, [0x2fa0, nil]]]]
0x2fa2S0x20b6S0x2482S0x43f	[0x454, [0x248d, [0x20ba, [0x2fa2, nil]]]]
0x2fa7S0x20b6S0x2482S0x43f	[0x454, [0x248d, [0x20ba, [0x2fa7, nil]]]]
0x2faaS0x20b6S0x2482S0x43f	[0x454, [0x248d, [0x20ba, [0x2faa, nil]]]]
0x2fabS0x20b6S0x2482S0x43f	[0x454, [0x248d, [0x20ba, [0x2fab, nil]]]]
0x2fb5S0x20b6S0x2482S0x43f	[0x454, [0x248d, [0x20ba, [0x2fb5, nil]]]]
0x2fb6S0x20b6S0x2482S0x43f	[0x454, [0x248d, [0x20ba, [0x2fb6, nil]]]]
0x2fb7S0x20b6S0x2482S0x43f	[0x454, [0x248d, [0x20ba, [0x2fb7, nil]]]]
0x2fb8S0x20b6S0x2482S0x43f	[0x454, [0x248d, [0x20ba, [0x2fb8, nil]]]]
0x2fc2S0x20b6S0x2482S0x43f	[0x454, [0x248d, [0x20ba, [0x2fc2, nil]]]]
0x2083S0x20ecS0x2482S0x43f	[0x454, [0x248d, [0x20f5, [0x2083, nil]]]]
0x2086S0x20ecS0x2482S0x43f	[0x454, [0x248d, [0x20f5, [0x2086, nil]]]]
0x2089S0x20ecS0x2482S0x43f	[0x454, [0x248d, [0x20f5, [0x2089, nil]]]]
0x208dS0x20ecS0x2482S0x43f	[0x454, [0x248d, [0x20f5, [0x208d, nil]]]]
0x31a1S0x2082S0x20ecS0x2482S0x43f	[0x454, [0x248d, [0x20f5, [0x2090, [0x31a1, nil]]]]]
0x3192S0x2082S0x20ecS0x2482S0x43f	[0x454, [0x248d, [0x20f5, [0x2090, [0x3192, nil]]]]]
0x3196S0x2082S0x20ecS0x2482S0x43f	[0x454, [0x248d, [0x20f5, [0x2090, [0x3196, nil]]]]]
0x319cS0x2082S0x20ecS0x2482S0x43f	[0x454, [0x248d, [0x20f5, [0x2090, [0x319c, nil]]]]]
0x319dS0x2082S0x20ecS0x2482S0x43f	[0x454, [0x248d, [0x20f5, [0x2090, [0x319d, nil]]]]]
0x30e5S0x3191S0x2082S0x20ecS0x2482S0x43f	[0x454, [0x248d, [0x20f5, [0x2090, [0x3199, [0x30e5, nil]]]]]]
0x30e7S0x3191S0x2082S0x20ecS0x2482S0x43f	[0x454, [0x248d, [0x20f5, [0x2090, [0x3199, [0x30e7, nil]]]]]]
0x30ebS0x3191S0x2082S0x20ecS0x2482S0x43f	[0x454, [0x248d, [0x20f5, [0x2090, [0x3199, [0x30eb, nil]]]]]]
0x310dS0x3191S0x2082S0x20ecS0x2482S0x43f	[0x454, [0x248d, [0x20f5, [0x2090, [0x3199, [0x310d, nil]]]]]]
0x310fS0x3191S0x2082S0x20ecS0x2482S0x43f	[0x454, [0x248d, [0x20f5, [0x2090, [0x3199, [0x310f, nil]]]]]]
0x3125S0x3191S0x2082S0x20ecS0x2482S0x43f	[0x454, [0x248d, [0x20f5, [0x2090, [0x3199, [0x3125, nil]]]]]]
0x1d12S0x1a19	[0x1a67, [0x1d12, nil]]
0x1d16S0x1a19	[0x1a67, [0x1d16, nil]]
0x1d1bS0x1a19	[0x1a67, [0x1d1b, nil]]
0x1d1dS0x1a19	[0x1a67, [0x1d1d, nil]]
0x1d21S0x1a19	[0x1a67, [0x1d21, nil]]
0x1d23S0x1a19	[0x1a67, [0x1d23, nil]]
0x1d24S0x1a19	[0x1a67, [0x1d24, nil]]
0x1d26S0x1a19	[0x1a67, [0x1d26, nil]]
0x1d27S0x1a19	[0x1a67, [0x1d27, nil]]
0x1d2eS0x1a19	[0x1a67, [0x1d2e, nil]]
0x1d33S0x1a19	[0x1a67, [0x1d33, nil]]
0x1d35S0x1a19	[0x1a67, [0x1d35, nil]]
0x1d36S0x1a19	[0x1a67, [0x1d36, nil]]
0x1d3aS0x1a19	[0x1a67, [0x1d3a, nil]]
0x1d3bS0x1a19	[0x1a67, [0x1d3b, nil]]
0x1d3fS0x1a19	[0x1a67, [0x1d3f, nil]]
0x1d43S0x1a19	[0x1a67, [0x1d43, nil]]
0x1d60S0x1a19	[0x1a67, [0x1d60, nil]]
0x1d61S0x1a19	[0x1a67, [0x1d61, nil]]
0x1d62S0x1a19	[0x1a67, [0x1d62, nil]]
0x1d65S0x1a19	[0x1a67, [0x1d65, nil]]
0x1d67S0x1a19	[0x1a67, [0x1d67, nil]]
0x1d68S0x1a19	[0x1a67, [0x1d68, nil]]
0x1d88S0x1a19	[0x1a67, [0x1d88, nil]]
0x1d89S0x1a19	[0x1a67, [0x1d89, nil]]
0x1d90S0x1a19	[0x1a67, [0x1d90, nil]]
0x2bf5S0x1d11S0x1a19	[0x1a67, [0x1d31, [0x2bf5, nil]]]
0x2bf7S0x1d11S0x1a19	[0x1a67, [0x1d31, [0x2bf7, nil]]]
0x2bfaS0x1d11S0x1a19	[0x1a67, [0x1d31, [0x2bfa, nil]]]
0x2bfdS0x1d11S0x1a19	[0x1a67, [0x1d31, [0x2bfd, nil]]]
0x2c00S0x1d11S0x1a19	[0x1a67, [0x1d31, [0x2c00, nil]]]
0x2c03S0x1d11S0x1a19	[0x1a67, [0x1d31, [0x2c03, nil]]]
0x2c05S0x1d11S0x1a19	[0x1a67, [0x1d31, [0x2c05, nil]]]
0x2c0aS0x1d11S0x1a19	[0x1a67, [0x1d31, [0x2c0a, nil]]]
0x2c0dS0x1d11S0x1a19	[0x1a67, [0x1d31, [0x2c0d, nil]]]
0x2c10S0x1d11S0x1a19	[0x1a67, [0x1d31, [0x2c10, nil]]]
0x2c12S0x1d11S0x1a19	[0x1a67, [0x1d31, [0x2c12, nil]]]
0x2c17S0x1d11S0x1a19	[0x1a67, [0x1d31, [0x2c17, nil]]]
0x2c1aS0x1d11S0x1a19	[0x1a67, [0x1d31, [0x2c1a, nil]]]
0x2c1dS0x1d11S0x1a19	[0x1a67, [0x1d31, [0x2c1d, nil]]]
0x2c1fS0x1d11S0x1a19	[0x1a67, [0x1d31, [0x2c1f, nil]]]
0x2687S0x2bf4S0x1d11S0x1a19	[0x1a67, [0x1d31, [0x2c08, [0x2687, nil]]]]
0x268bS0x2bf4S0x1d11S0x1a19	[0x1a67, [0x1d31, [0x2c08, [0x268b, nil]]]]
0x30e5S0x2686S0x2bf4S0x1d11S0x1a19	[0x1a67, [0x1d31, [0x2c08, [0x268e, [0x30e5, nil]]]]]
0x30e7S0x2686S0x2bf4S0x1d11S0x1a19	[0x1a67, [0x1d31, [0x2c08, [0x268e, [0x30e7, nil]]]]]
0x30ebS0x2686S0x2bf4S0x1d11S0x1a19	[0x1a67, [0x1d31, [0x2c08, [0x268e, [0x30eb, nil]]]]]
0x310dS0x2686S0x2bf4S0x1d11S0x1a19	[0x1a67, [0x1d31, [0x2c08, [0x268e, [0x310d, nil]]]]]
0x310fS0x2686S0x2bf4S0x1d11S0x1a19	[0x1a67, [0x1d31, [0x2c08, [0x268e, [0x310f, nil]]]]]
0x3125S0x2686S0x2bf4S0x1d11S0x1a19	[0x1a67, [0x1d31, [0x2c08, [0x268e, [0x3125, nil]]]]]
0x2687S0x2c09S0x1d11S0x1a19	[0x1a67, [0x1d31, [0x2c15, [0x2687, nil]]]]
0x268bS0x2c09S0x1d11S0x1a19	[0x1a67, [0x1d31, [0x2c15, [0x268b, nil]]]]
0x30e5S0x2686S0x2c09S0x1d11S0x1a19	[0x1a67, [0x1d31, [0x2c15, [0x268e, [0x30e5, nil]]]]]
0x30e7S0x2686S0x2c09S0x1d11S0x1a19	[0x1a67, [0x1d31, [0x2c15, [0x268e, [0x30e7, nil]]]]]
0x30ebS0x2686S0x2c09S0x1d11S0x1a19	[0x1a67, [0x1d31, [0x2c15, [0x268e, [0x30eb, nil]]]]]
0x310dS0x2686S0x2c09S0x1d11S0x1a19	[0x1a67, [0x1d31, [0x2c15, [0x268e, [0x310d, nil]]]]]
0x310fS0x2686S0x2c09S0x1d11S0x1a19	[0x1a67, [0x1d31, [0x2c15, [0x268e, [0x310f, nil]]]]]
0x3125S0x2686S0x2c09S0x1d11S0x1a19	[0x1a67, [0x1d31, [0x2c15, [0x268e, [0x3125, nil]]]]]
0x2b6eS0x2c16S0x1d11S0x1a19	[0x1a67, [0x1d31, [0x2c22, [0x2b6e, nil]]]]
0x2b72S0x2c16S0x1d11S0x1a19	[0x1a67, [0x1d31, [0x2c22, [0x2b72, nil]]]]
0x312dS0x2b6dS0x2c16S0x1d11S0x1a19	[0x1a67, [0x1d31, [0x2c22, [0x2b75, [0x312d, nil]]]]]
0x1e8eS0x1d32S0x1a19	[0x1a67, [0x1d93, [0x1e8e, nil]]]
0x1e90S0x1d32S0x1a19	[0x1a67, [0x1d93, [0x1e90, nil]]]
0x1e91S0x1d32S0x1a19	[0x1a67, [0x1d93, [0x1e91, nil]]]
0x1eb4S0x1d32S0x1a19	[0x1a67, [0x1d93, [0x1eb4, nil]]]
0x1eb6S0x1d32S0x1a19	[0x1a67, [0x1d93, [0x1eb6, nil]]]
0x1eb7S0x1d32S0x1a19	[0x1a67, [0x1d93, [0x1eb7, nil]]]
0x1ebbS0x1d32S0x1a19	[0x1a67, [0x1d93, [0x1ebb, nil]]]
0x1f0dS0x1d32S0x1a19	[0x1a67, [0x1d93, [0x1f0d, nil]]]
0x1f0fS0x1d32S0x1a19	[0x1a67, [0x1d93, [0x1f0f, nil]]]
0x1f12S0x1d32S0x1a19	[0x1a67, [0x1d93, [0x1f12, nil]]]
0x1f14S0x1d32S0x1a19	[0x1a67, [0x1d93, [0x1f14, nil]]]
0x1f15S0x1d32S0x1a19	[0x1a67, [0x1d93, [0x1f15, nil]]]
0x1f17S0x1d32S0x1a19	[0x1a67, [0x1d93, [0x1f17, nil]]]
0x1f18S0x1d32S0x1a19	[0x1a67, [0x1d93, [0x1f18, nil]]]
0x1f19S0x1d32S0x1a19	[0x1a67, [0x1d93, [0x1f19, nil]]]
0x1f1bS0x1d32S0x1a19	[0x1a67, [0x1d93, [0x1f1b, nil]]]
0x1f1cS0x1d32S0x1a19	[0x1a67, [0x1d93, [0x1f1c, nil]]]
0x1f1fS0x1d32S0x1a19	[0x1a67, [0x1d93, [0x1f1f, nil]]]
0x1f22S0x1d32S0x1a19	[0x1a67, [0x1d93, [0x1f22, nil]]]
0x1f23S0x1d32S0x1a19	[0x1a67, [0x1d93, [0x1f23, nil]]]
0x1f25S0x1d32S0x1a19	[0x1a67, [0x1d93, [0x1f25, nil]]]
0x1f28S0x1d32S0x1a19	[0x1a67, [0x1d93, [0x1f28, nil]]]
0x1f2aS0x1d32S0x1a19	[0x1a67, [0x1d93, [0x1f2a, nil]]]
0x1f3eS0x1d32S0x1a19	[0x1a67, [0x1d93, [0x1f3e, nil]]]
0x1f40S0x1d32S0x1a19	[0x1a67, [0x1d93, [0x1f40, nil]]]
0x1f41S0x1d32S0x1a19	[0x1a67, [0x1d93, [0x1f41, nil]]]
0x1f64S0x1d32S0x1a19	[0x1a67, [0x1d93, [0x1f64, nil]]]
0x1f66S0x1d32S0x1a19	[0x1a67, [0x1d93, [0x1f66, nil]]]
0x1f67S0x1d32S0x1a19	[0x1a67, [0x1d93, [0x1f67, nil]]]
0x1f6bS0x1d32S0x1a19	[0x1a67, [0x1d93, [0x1f6b, nil]]]
0x1f9bS0x1d32S0x1a19	[0x1a67, [0x1d93, [0x1f9b, nil]]]
0x1f9dS0x1d32S0x1a19	[0x1a67, [0x1d93, [0x1f9d, nil]]]
0x1f9eS0x1d32S0x1a19	[0x1a67, [0x1d93, [0x1f9e, nil]]]
0x1fc1S0x1d32S0x1a19	[0x1a67, [0x1d93, [0x1fc1, nil]]]
0x1fc3S0x1d32S0x1a19	[0x1a67, [0x1d93, [0x1fc3, nil]]]
0x1fc4S0x1d32S0x1a19	[0x1a67, [0x1d93, [0x1fc4, nil]]]
0x1fc8S0x1d32S0x1a19	[0x1a67, [0x1d93, [0x1fc8, nil]]]
0x1e6bS0x1d32S0x1a19	[0x1a67, [0x1d93, [0x1e6b, nil]]]
0x1e6fS0x1d32S0x1a19	[0x1a67, [0x1d93, [0x1e6f, nil]]]
0x1e84S0x1d32S0x1a19	[0x1a67, [0x1d93, [0x1e84, nil]]]
0x1e85S0x1d32S0x1a19	[0x1a67, [0x1d93, [0x1e85, nil]]]
0x1e88S0x1d32S0x1a19	[0x1a67, [0x1d93, [0x1e88, nil]]]
0x1e8aS0x1d32S0x1a19	[0x1a67, [0x1d93, [0x1e8a, nil]]]
0x1ec9S0x1d32S0x1a19	[0x1a67, [0x1d93, [0x1ec9, nil]]]
0x1ecbS0x1d32S0x1a19	[0x1a67, [0x1d93, [0x1ecb, nil]]]
0x1eceS0x1d32S0x1a19	[0x1a67, [0x1d93, [0x1ece, nil]]]
0x1ee3S0x1d32S0x1a19	[0x1a67, [0x1d93, [0x1ee3, nil]]]
0x1ee5S0x1d32S0x1a19	[0x1a67, [0x1d93, [0x1ee5, nil]]]
0x1ee7S0x1d32S0x1a19	[0x1a67, [0x1d93, [0x1ee7, nil]]]
0x1ee8S0x1d32S0x1a19	[0x1a67, [0x1d93, [0x1ee8, nil]]]
0x1eedS0x1d32S0x1a19	[0x1a67, [0x1d93, [0x1eed, nil]]]
0x1ec0S0x1d32S0x1a19	[0x1a67, [0x1d93, [0x1ec0, nil]]]
0x1ec2S0x1d32S0x1a19	[0x1a67, [0x1d93, [0x1ec2, nil]]]
0x1ec5S0x1d32S0x1a19	[0x1a67, [0x1d93, [0x1ec5, nil]]]
0x1ef2S0x1d32S0x1a19	[0x1a67, [0x1d93, [0x1ef2, nil]]]
0x1ef4S0x1d32S0x1a19	[0x1a67, [0x1d93, [0x1ef4, nil]]]
0x1ef6S0x1d32S0x1a19	[0x1a67, [0x1d93, [0x1ef6, nil]]]
0x1ef9S0x1d32S0x1a19	[0x1a67, [0x1d93, [0x1ef9, nil]]]
0x1efbS0x1d32S0x1a19	[0x1a67, [0x1d93, [0x1efb, nil]]]
0x1efeS0x1d32S0x1a19	[0x1a67, [0x1d93, [0x1efe, nil]]]
0x1effS0x1d32S0x1a19	[0x1a67, [0x1d93, [0x1eff, nil]]]
0x1f03S0x1d32S0x1a19	[0x1a67, [0x1d93, [0x1f03, nil]]]
0x1f05S0x1d32S0x1a19	[0x1a67, [0x1d93, [0x1f05, nil]]]
0x1f08S0x1d32S0x1a19	[0x1a67, [0x1d93, [0x1f08, nil]]]
0x1f09S0x1d32S0x1a19	[0x1a67, [0x1d93, [0x1f09, nil]]]
0x1f2fS0x1d32S0x1a19	[0x1a67, [0x1d93, [0x1f2f, nil]]]
0x19200S0x1d32S0x1a19	[0x1a67, [0x1d93, [0x1f33, nil]]]
0x1f3aS0x1d32S0x1a19	[0x1a67, [0x1d93, [0x1f3a, nil]]]
0x1f79S0x1d32S0x1a19	[0x1a67, [0x1d93, [0x1f79, nil]]]
0x1f7cS0x1d32S0x1a19	[0x1a67, [0x1d93, [0x1f7c, nil]]]
0x1f7dS0x1d32S0x1a19	[0x1a67, [0x1d93, [0x1f7d, nil]]]
0x1f7eS0x1d32S0x1a19	[0x1a67, [0x1d93, [0x1f7e, nil]]]
0x1f7fS0x1d32S0x1a19	[0x1a67, [0x1d93, [0x1f7f, nil]]]
0x1f70S0x1d32S0x1a19	[0x1a67, [0x1d93, [0x1f70, nil]]]
0x1f72S0x1d32S0x1a19	[0x1a67, [0x1d93, [0x1f72, nil]]]
0x1f75S0x1d32S0x1a19	[0x1a67, [0x1d93, [0x1f75, nil]]]
0x1f97S0x1d32S0x1a19	[0x1a67, [0x1d93, [0x1f97, nil]]]
0x19c00S0x1d32S0x1a19	[0x1a67, [0x1d93, [0x1fd6, nil]]]
0x1fcdS0x1d32S0x1a19	[0x1a67, [0x1d93, [0x1fcd, nil]]]
0x1fcfS0x1d32S0x1a19	[0x1a67, [0x1d93, [0x1fcf, nil]]]
0x1fd2S0x1d32S0x1a19	[0x1a67, [0x1d93, [0x1fd2, nil]]]
0x1f85S0x1d32S0x1a19	[0x1a67, [0x1d93, [0x1f85, nil]]]
0x1f87S0x1d32S0x1a19	[0x1a67, [0x1d93, [0x1f87, nil]]]
0x1f89S0x1d32S0x1a19	[0x1a67, [0x1d93, [0x1f89, nil]]]
0x1f8bS0x1d32S0x1a19	[0x1a67, [0x1d93, [0x1f8b, nil]]]
0x1f8dS0x1d32S0x1a19	[0x1a67, [0x1d93, [0x1f8d, nil]]]
0x1f92S0x1d32S0x1a19	[0x1a67, [0x1d93, [0x1f92, nil]]]
0x2f3aS0x1e8eS0x1d32S0x1a19	[0x1a67, [0x1d93, [0x1ebe, [0x2f3a, nil]]]]
0x2f3cS0x1e8eS0x1d32S0x1a19	[0x1a67, [0x1d93, [0x1ebe, [0x2f3c, nil]]]]
0x2f3fS0x1e8eS0x1d32S0x1a19	[0x1a67, [0x1d93, [0x1ebe, [0x2f3f, nil]]]]
0x2f44S0x1e8eS0x1d32S0x1a19	[0x1a67, [0x1d93, [0x1ebe, [0x2f44, nil]]]]
0x2f45S0x1e8eS0x1d32S0x1a19	[0x1a67, [0x1d93, [0x1ebe, [0x2f45, nil]]]]
0x2f48S0x1e8eS0x1d32S0x1a19	[0x1a67, [0x1d93, [0x1ebe, [0x2f48, nil]]]]
0x2f4aS0x1e8eS0x1d32S0x1a19	[0x1a67, [0x1d93, [0x1ebe, [0x2f4a, nil]]]]
0x2f4eS0x1e8eS0x1d32S0x1a19	[0x1a67, [0x1d93, [0x1ebe, [0x2f4e, nil]]]]
0x2b2eS0x1e8eS0x1d32S0x1a19	[0x1a67, [0x1d93, [0x1ebe, [0x2b2e, nil]]]]
0x2b4fS0x1e8eS0x1d32S0x1a19	[0x1a67, [0x1d93, [0x1ebe, [0x2b4f, nil]]]]
0x2b52S0x1e8eS0x1d32S0x1a19	[0x1a67, [0x1d93, [0x1ebe, [0x2b52, nil]]]]
0x2b54S0x1e8eS0x1d32S0x1a19	[0x1a67, [0x1d93, [0x1ebe, [0x2b54, nil]]]]
0x2b57S0x1e8eS0x1d32S0x1a19	[0x1a67, [0x1d93, [0x1ebe, [0x2b57, nil]]]]
0x2b1fS0x1e8eS0x1d32S0x1a19	[0x1a67, [0x1d93, [0x1ebe, [0x2b1f, nil]]]]
0x2b21S0x1e8eS0x1d32S0x1a19	[0x1a67, [0x1d93, [0x1ebe, [0x2b21, nil]]]]
0x2b24S0x1e8eS0x1d32S0x1a19	[0x1a67, [0x1d93, [0x1ebe, [0x2b24, nil]]]]
0x2b27S0x1e8eS0x1d32S0x1a19	[0x1a67, [0x1d93, [0x1ebe, [0x2b27, nil]]]]
0x30c9S0x2b1eS0x1e8eS0x1d32S0x1a19	[0x1a67, [0x1d93, [0x1ebe, [0x2b2a, [0x30c9, nil]]]]]
0x30ceS0x2b1eS0x1e8eS0x1d32S0x1a19	[0x1a67, [0x1d93, [0x1ebe, [0x2b2a, [0x30ce, nil]]]]]
0x30d1S0x2b1eS0x1e8eS0x1d32S0x1a19	[0x1a67, [0x1d93, [0x1ebe, [0x2b2a, [0x30d1, nil]]]]]
0x2e5aS0x1f3eS0x1d32S0x1a19	[0x1a67, [0x1d93, [0x1f6e, [0x2e5a, nil]]]]
0x2e5cS0x1f3eS0x1d32S0x1a19	[0x1a67, [0x1d93, [0x1f6e, [0x2e5c, nil]]]]
0x2e5fS0x1f3eS0x1d32S0x1a19	[0x1a67, [0x1d93, [0x1f6e, [0x2e5f, nil]]]]
0x2e64S0x1f3eS0x1d32S0x1a19	[0x1a67, [0x1d93, [0x1f6e, [0x2e64, nil]]]]
0x2e65S0x1f3eS0x1d32S0x1a19	[0x1a67, [0x1d93, [0x1f6e, [0x2e65, nil]]]]
0x2e68S0x1f3eS0x1d32S0x1a19	[0x1a67, [0x1d93, [0x1f6e, [0x2e68, nil]]]]
0x2e6aS0x1f3eS0x1d32S0x1a19	[0x1a67, [0x1d93, [0x1f6e, [0x2e6a, nil]]]]
0x2e6eS0x1f3eS0x1d32S0x1a19	[0x1a67, [0x1d93, [0x1f6e, [0x2e6e, nil]]]]
0x2922S0x1f3eS0x1d32S0x1a19	[0x1a67, [0x1d93, [0x1f6e, [0x2922, nil]]]]
0x2943S0x1f3eS0x1d32S0x1a19	[0x1a67, [0x1d93, [0x1f6e, [0x2943, nil]]]]
0x2946S0x1f3eS0x1d32S0x1a19	[0x1a67, [0x1d93, [0x1f6e, [0x2946, nil]]]]
0x2948S0x1f3eS0x1d32S0x1a19	[0x1a67, [0x1d93, [0x1f6e, [0x2948, nil]]]]
0x294bS0x1f3eS0x1d32S0x1a19	[0x1a67, [0x1d93, [0x1f6e, [0x294b, nil]]]]
0x2913S0x1f3eS0x1d32S0x1a19	[0x1a67, [0x1d93, [0x1f6e, [0x2913, nil]]]]
0x2915S0x1f3eS0x1d32S0x1a19	[0x1a67, [0x1d93, [0x1f6e, [0x2915, nil]]]]
0x2918S0x1f3eS0x1d32S0x1a19	[0x1a67, [0x1d93, [0x1f6e, [0x2918, nil]]]]
0x291bS0x1f3eS0x1d32S0x1a19	[0x1a67, [0x1d93, [0x1f6e, [0x291b, nil]]]]
0x30c9S0x2912S0x1f3eS0x1d32S0x1a19	[0x1a67, [0x1d93, [0x1f6e, [0x291e, [0x30c9, nil]]]]]
0x30ceS0x2912S0x1f3eS0x1d32S0x1a19	[0x1a67, [0x1d93, [0x1f6e, [0x291e, [0x30ce, nil]]]]]
0x30d1S0x2912S0x1f3eS0x1d32S0x1a19	[0x1a67, [0x1d93, [0x1f6e, [0x291e, [0x30d1, nil]]]]]
0x2efaS0x1f9bS0x1d32S0x1a19	[0x1a67, [0x1d93, [0x1fcb, [0x2efa, nil]]]]
0x2efcS0x1f9bS0x1d32S0x1a19	[0x1a67, [0x1d93, [0x1fcb, [0x2efc, nil]]]]
0x2effS0x1f9bS0x1d32S0x1a19	[0x1a67, [0x1d93, [0x1fcb, [0x2eff, nil]]]]
0x2f04S0x1f9bS0x1d32S0x1a19	[0x1a67, [0x1d93, [0x1fcb, [0x2f04, nil]]]]
0x2f05S0x1f9bS0x1d32S0x1a19	[0x1a67, [0x1d93, [0x1fcb, [0x2f05, nil]]]]
0x2f08S0x1f9bS0x1d32S0x1a19	[0x1a67, [0x1d93, [0x1fcb, [0x2f08, nil]]]]
0x2f0aS0x1f9bS0x1d32S0x1a19	[0x1a67, [0x1d93, [0x1fcb, [0x2f0a, nil]]]]
0x2f0eS0x1f9bS0x1d32S0x1a19	[0x1a67, [0x1d93, [0x1fcb, [0x2f0e, nil]]]]
0x2a88S0x1f9bS0x1d32S0x1a19	[0x1a67, [0x1d93, [0x1fcb, [0x2a88, nil]]]]
0x2aa9S0x1f9bS0x1d32S0x1a19	[0x1a67, [0x1d93, [0x1fcb, [0x2aa9, nil]]]]
0x2aacS0x1f9bS0x1d32S0x1a19	[0x1a67, [0x1d93, [0x1fcb, [0x2aac, nil]]]]
0x2aaeS0x1f9bS0x1d32S0x1a19	[0x1a67, [0x1d93, [0x1fcb, [0x2aae, nil]]]]
0x2acfS0x1f9bS0x1d32S0x1a19	[0x1a67, [0x1d93, [0x1fcb, [0x2acf, nil]]]]
0x2ad2S0x1f9bS0x1d32S0x1a19	[0x1a67, [0x1d93, [0x1fcb, [0x2ad2, nil]]]]
0x2ad4S0x1f9bS0x1d32S0x1a19	[0x1a67, [0x1d93, [0x1fcb, [0x2ad4, nil]]]]
0x2ad7S0x1f9bS0x1d32S0x1a19	[0x1a67, [0x1d93, [0x1fcb, [0x2ad7, nil]]]]
0x2a79S0x1f9bS0x1d32S0x1a19	[0x1a67, [0x1d93, [0x1fcb, [0x2a79, nil]]]]
0x2a7bS0x1f9bS0x1d32S0x1a19	[0x1a67, [0x1d93, [0x1fcb, [0x2a7b, nil]]]]
0x2a7eS0x1f9bS0x1d32S0x1a19	[0x1a67, [0x1d93, [0x1fcb, [0x2a7e, nil]]]]
0x2a81S0x1f9bS0x1d32S0x1a19	[0x1a67, [0x1d93, [0x1fcb, [0x2a81, nil]]]]
0x30c9S0x2a78S0x1f9bS0x1d32S0x1a19	[0x1a67, [0x1d93, [0x1fcb, [0x2a84, [0x30c9, nil]]]]]
0x30ceS0x2a78S0x1f9bS0x1d32S0x1a19	[0x1a67, [0x1d93, [0x1fcb, [0x2a84, [0x30ce, nil]]]]]
0x30d1S0x2a78S0x1f9bS0x1d32S0x1a19	[0x1a67, [0x1d93, [0x1fcb, [0x2a84, [0x30d1, nil]]]]]
0x2b8cS0x1ec8S0x1d32S0x1a19	[0x1a67, [0x1d93, [0x1ef0, [0x2b8c, nil]]]]
0x2b8eS0x1ec8S0x1d32S0x1a19	[0x1a67, [0x1d93, [0x1ef0, [0x2b8e, nil]]]]
0x2b93S0x1ec8S0x1d32S0x1a19	[0x1a67, [0x1d93, [0x1ef0, [0x2b93, nil]]]]
0x2734S0x1ec8S0x1d32S0x1a19	[0x1a67, [0x1d93, [0x1ef0, [0x2734, nil]]]]
0x2739S0x1ec8S0x1d32S0x1a19	[0x1a67, [0x1d93, [0x1ef0, [0x2739, nil]]]]
0x308aS0x1ec8S0x1d32S0x1a19	[0x1a67, [0x1d93, [0x1ef0, [0x308a, nil]]]]
0x308dS0x1ec8S0x1d32S0x1a19	[0x1a67, [0x1d93, [0x1ef0, [0x308d, nil]]]]
0x2740S0x1ec8S0x1d32S0x1a19	[0x1a67, [0x1d93, [0x1ef0, [0x2740, nil]]]]
0x2745S0x1ec8S0x1d32S0x1a19	[0x1a67, [0x1d93, [0x1ef0, [0x2745, nil]]]]
0x2748S0x1ec8S0x1d32S0x1a19	[0x1a67, [0x1d93, [0x1ef0, [0x2748, nil]]]]
0x2749S0x1ec8S0x1d32S0x1a19	[0x1a67, [0x1d93, [0x1ef0, [0x2749, nil]]]]
0x30beS0x1ec8S0x1d32S0x1a19	[0x1a67, [0x1d93, [0x1ef0, [0x30be, nil]]]]
0x2750S0x1ec8S0x1d32S0x1a19	[0x1a67, [0x1d93, [0x1ef0, [0x2750, nil]]]]
0x2729S0x1ec8S0x1d32S0x1a19	[0x1a67, [0x1d93, [0x1ef0, [0x2729, nil]]]]
0x272bS0x1ec8S0x1d32S0x1a19	[0x1a67, [0x1d93, [0x1ef0, [0x272b, nil]]]]
0x272fS0x1ec8S0x1d32S0x1a19	[0x1a67, [0x1d93, [0x1ef0, [0x272f, nil]]]]
0x316aS0x273dS0x1ec8S0x1d32S0x1a19	[0x1a67, [0x1d93, [0x1ef0, [0x274c, [0x316a, nil]]]]]
0x316eS0x273dS0x1ec8S0x1d32S0x1a19	[0x1a67, [0x1d93, [0x1ef0, [0x274c, [0x316e, nil]]]]]
0x1e200S0x273dS0x1ec8S0x1d32S0x1a19	[0x1a67, [0x1d93, [0x1ef0, [0x274c, [0x3170, nil]]]]]
0x3144S0x273dS0x1ec8S0x1d32S0x1a19	[0x1a67, [0x1d93, [0x1ef0, [0x274c, [0x3144, nil]]]]]
0x1d800S0x273dS0x1ec8S0x1d32S0x1a19	[0x1a67, [0x1d93, [0x1ef0, [0x274c, [0x3146, nil]]]]]
0x3164S0x273dS0x1ec8S0x1d32S0x1a19	[0x1a67, [0x1d93, [0x1ef0, [0x274c, [0x3164, nil]]]]]
0x3165S0x273dS0x1ec8S0x1d32S0x1a19	[0x1a67, [0x1d93, [0x1ef0, [0x274c, [0x3165, nil]]]]]
0x3166S0x273dS0x1ec8S0x1d32S0x1a19	[0x1a67, [0x1d93, [0x1ef0, [0x274c, [0x3166, nil]]]]]
0x3149S0x273dS0x1ec8S0x1d32S0x1a19	[0x1a67, [0x1d93, [0x1ef0, [0x274c, [0x3149, nil]]]]]
0x314aS0x273dS0x1ec8S0x1d32S0x1a19	[0x1a67, [0x1d93, [0x1ef0, [0x274c, [0x314a, nil]]]]]
0x314bS0x273dS0x1ec8S0x1d32S0x1a19	[0x1a67, [0x1d93, [0x1ef0, [0x274c, [0x314b, nil]]]]]
0x3151S0x273dS0x1ec8S0x1d32S0x1a19	[0x1a67, [0x1d93, [0x1ef0, [0x274c, [0x3151, nil]]]]]
0x3152S0x273dS0x1ec8S0x1d32S0x1a19	[0x1a67, [0x1d93, [0x1ef0, [0x274c, [0x3152, nil]]]]]
0x3155S0x273dS0x1ec8S0x1d32S0x1a19	[0x1a67, [0x1d93, [0x1ef0, [0x274c, [0x3155, nil]]]]]
0x3157S0x273dS0x1ec8S0x1d32S0x1a19	[0x1a67, [0x1d93, [0x1ef0, [0x274c, [0x3157, nil]]]]]
0x315aS0x273dS0x1ec8S0x1d32S0x1a19	[0x1a67, [0x1d93, [0x1ef0, [0x274c, [0x315a, nil]]]]]
0x315dS0x273dS0x1ec8S0x1d32S0x1a19	[0x1a67, [0x1d93, [0x1ef0, [0x274c, [0x315d, nil]]]]]
0x24cfS0x1f83B0x1d32S0x1a19	[0x1a67, [0x1f95, [0x24cf, nil]]]
0x24d4S0x1f83B0x1d32S0x1a19	[0x1a67, [0x1f95, [0x24d4, nil]]]
0x24d6S0x1f83B0x1d32S0x1a19	[0x1a67, [0x1f95, [0x24d6, nil]]]
0x24dcS0x1f83B0x1d32S0x1a19	[0x1a67, [0x1f95, [0x24dc, nil]]]
0x24ddS0x1f83B0x1d32S0x1a19	[0x1a67, [0x1f95, [0x24dd, nil]]]
0x24c2S0x1f83B0x1d32S0x1a19	[0x1a67, [0x1f95, [0x24c2, nil]]]
0x24c4S0x1f83B0x1d32S0x1a19	[0x1a67, [0x1f95, [0x24c4, nil]]]
0x24c8S0x1f83B0x1d32S0x1a19	[0x1a67, [0x1f95, [0x24c8, nil]]]
0x24c9S0x1f83B0x1d32S0x1a19	[0x1a67, [0x1f95, [0x24c9, nil]]]
0x24caS0x1f83B0x1d32S0x1a19	[0x1a67, [0x1f95, [0x24ca, nil]]]
0x24cbS0x1f83B0x1d32S0x1a19	[0x1a67, [0x1f95, [0x24cb, nil]]]
0x2221S0x24d3S0x1f83B0x1d32S0x1a19	[0x1a67, [0x1f95, [0x24e0, [0x2221, nil]]]]
0x2224S0x24d3S0x1f83B0x1d32S0x1a19	[0x1a67, [0x1f95, [0x24e0, [0x2224, nil]]]]
0x2227S0x24d3S0x1f83B0x1d32S0x1a19	[0x1a67, [0x1f95, [0x24e0, [0x2227, nil]]]]
0x222bS0x24d3S0x1f83B0x1d32S0x1a19	[0x1a67, [0x1f95, [0x24e0, [0x222b, nil]]]]
0x31b8S0x2220S0x24d3S0x1f83B0x1d32S0x1a19	[0x1a67, [0x1f95, [0x24e0, [0x222e, [0x31b8, nil]]]]]
0x31a9S0x2220S0x24d3S0x1f83B0x1d32S0x1a19	[0x1a67, [0x1f95, [0x24e0, [0x222e, [0x31a9, nil]]]]]
0x31adS0x2220S0x24d3S0x1f83B0x1d32S0x1a19	[0x1a67, [0x1f95, [0x24e0, [0x222e, [0x31ad, nil]]]]]
0x31b3S0x2220S0x24d3S0x1f83B0x1d32S0x1a19	[0x1a67, [0x1f95, [0x24e0, [0x222e, [0x31b3, nil]]]]]
0x31b4S0x2220S0x24d3S0x1f83B0x1d32S0x1a19	[0x1a67, [0x1f95, [0x24e0, [0x222e, [0x31b4, nil]]]]]
0x30f7S0x31a8S0x2220S0x24d3S0x1f83B0x1d32S0x1a19	[0x1a67, [0x1f95, [0x24e0, [0x222e, [0x31b0, [0x30f7, nil]]]]]]
0x30faS0x31a8S0x2220S0x24d3S0x1f83B0x1d32S0x1a19	[0x1a67, [0x1f95, [0x24e0, [0x222e, [0x31b0, [0x30fa, nil]]]]]]
0x30fbS0x31a8S0x2220S0x24d3S0x1f83B0x1d32S0x1a19	[0x1a67, [0x1f95, [0x24e0, [0x222e, [0x31b0, [0x30fb, nil]]]]]]
0x1de5S0x1cb8	[0x1d04, [0x1de5, nil]]
0x1de9S0x1cb8	[0x1d04, [0x1de9, nil]]
0x1deeS0x1cb8	[0x1d04, [0x1dee, nil]]
0x1df0S0x1cb8	[0x1d04, [0x1df0, nil]]
0x1df3S0x1cb8	[0x1d04, [0x1df3, nil]]
0x1df5S0x1cb8	[0x1d04, [0x1df5, nil]]
0x1df6S0x1cb8	[0x1d04, [0x1df6, nil]]
0x1df8S0x1cb8	[0x1d04, [0x1df8, nil]]
0x1df9S0x1cb8	[0x1d04, [0x1df9, nil]]
0x1dffS0x1cb8	[0x1d04, [0x1dff, nil]]
0x1e04S0x1cb8	[0x1d04, [0x1e04, nil]]
0x1e06S0x1cb8	[0x1d04, [0x1e06, nil]]
0x1e07S0x1cb8	[0x1d04, [0x1e07, nil]]
0x1e0bS0x1cb8	[0x1d04, [0x1e0b, nil]]
0x1e0cS0x1cb8	[0x1d04, [0x1e0c, nil]]
0x1e10S0x1cb8	[0x1d04, [0x1e10, nil]]
0x1e14S0x1cb8	[0x1d04, [0x1e14, nil]]
0x1e31S0x1cb8	[0x1d04, [0x1e31, nil]]
0x1e32S0x1cb8	[0x1d04, [0x1e32, nil]]
0x1e33S0x1cb8	[0x1d04, [0x1e33, nil]]
0x1e36S0x1cb8	[0x1d04, [0x1e36, nil]]
0x1e38S0x1cb8	[0x1d04, [0x1e38, nil]]
0x1e39S0x1cb8	[0x1d04, [0x1e39, nil]]
0x1e59S0x1cb8	[0x1d04, [0x1e59, nil]]
0x1e5aS0x1cb8	[0x1d04, [0x1e5a, nil]]
0x1e61S0x1cb8	[0x1d04, [0x1e61, nil]]
0x2c2cS0x1de4S0x1cb8	[0x1d04, [0x1e02, [0x2c2c, nil]]]
0x2c2eS0x1de4S0x1cb8	[0x1d04, [0x1e02, [0x2c2e, nil]]]
0x2c31S0x1de4S0x1cb8	[0x1d04, [0x1e02, [0x2c31, nil]]]
0x2c34S0x1de4S0x1cb8	[0x1d04, [0x1e02, [0x2c34, nil]]]
0x2c37S0x1de4S0x1cb8	[0x1d04, [0x1e02, [0x2c37, nil]]]
0x2c3aS0x1de4S0x1cb8	[0x1d04, [0x1e02, [0x2c3a, nil]]]
0x2c3cS0x1de4S0x1cb8	[0x1d04, [0x1e02, [0x2c3c, nil]]]
0x2c41S0x1de4S0x1cb8	[0x1d04, [0x1e02, [0x2c41, nil]]]
0x2c44S0x1de4S0x1cb8	[0x1d04, [0x1e02, [0x2c44, nil]]]
0x2c47S0x1de4S0x1cb8	[0x1d04, [0x1e02, [0x2c47, nil]]]
0x2c49S0x1de4S0x1cb8	[0x1d04, [0x1e02, [0x2c49, nil]]]
0x2687S0x2c2bS0x1de4S0x1cb8	[0x1d04, [0x1e02, [0x2c3f, [0x2687, nil]]]]
0x268bS0x2c2bS0x1de4S0x1cb8	[0x1d04, [0x1e02, [0x2c3f, [0x268b, nil]]]]
0x30e5S0x2686S0x2c2bS0x1de4S0x1cb8	[0x1d04, [0x1e02, [0x2c3f, [0x268e, [0x30e5, nil]]]]]
0x30e7S0x2686S0x2c2bS0x1de4S0x1cb8	[0x1d04, [0x1e02, [0x2c3f, [0x268e, [0x30e7, nil]]]]]
0x30ebS0x2686S0x2c2bS0x1de4S0x1cb8	[0x1d04, [0x1e02, [0x2c3f, [0x268e, [0x30eb, nil]]]]]
0x310dS0x2686S0x2c2bS0x1de4S0x1cb8	[0x1d04, [0x1e02, [0x2c3f, [0x268e, [0x310d, nil]]]]]
0x310fS0x2686S0x2c2bS0x1de4S0x1cb8	[0x1d04, [0x1e02, [0x2c3f, [0x268e, [0x310f, nil]]]]]
0x3125S0x2686S0x2c2bS0x1de4S0x1cb8	[0x1d04, [0x1e02, [0x2c3f, [0x268e, [0x3125, nil]]]]]
0x2b6eS0x2c40S0x1de4S0x1cb8	[0x1d04, [0x1e02, [0x2c4c, [0x2b6e, nil]]]]
0x2b72S0x2c40S0x1de4S0x1cb8	[0x1d04, [0x1e02, [0x2c4c, [0x2b72, nil]]]]
0x312dS0x2b6dS0x2c40S0x1de4S0x1cb8	[0x1d04, [0x1e02, [0x2c4c, [0x2b75, [0x312d, nil]]]]]
0x1e8eS0x1e03S0x1cb8	[0x1d04, [0x1e64, [0x1e8e, nil]]]
0x1e90S0x1e03S0x1cb8	[0x1d04, [0x1e64, [0x1e90, nil]]]
0x1e91S0x1e03S0x1cb8	[0x1d04, [0x1e64, [0x1e91, nil]]]
0x1eb4S0x1e03S0x1cb8	[0x1d04, [0x1e64, [0x1eb4, nil]]]
0x1eb6S0x1e03S0x1cb8	[0x1d04, [0x1e64, [0x1eb6, nil]]]
0x1eb7S0x1e03S0x1cb8	[0x1d04, [0x1e64, [0x1eb7, nil]]]
0x1ebbS0x1e03S0x1cb8	[0x1d04, [0x1e64, [0x1ebb, nil]]]
0x1f0dS0x1e03S0x1cb8	[0x1d04, [0x1e64, [0x1f0d, nil]]]
0x1f0fS0x1e03S0x1cb8	[0x1d04, [0x1e64, [0x1f0f, nil]]]
0x1f12S0x1e03S0x1cb8	[0x1d04, [0x1e64, [0x1f12, nil]]]
0x1f14S0x1e03S0x1cb8	[0x1d04, [0x1e64, [0x1f14, nil]]]
0x1f15S0x1e03S0x1cb8	[0x1d04, [0x1e64, [0x1f15, nil]]]
0x1f17S0x1e03S0x1cb8	[0x1d04, [0x1e64, [0x1f17, nil]]]
0x1f18S0x1e03S0x1cb8	[0x1d04, [0x1e64, [0x1f18, nil]]]
0x1f19S0x1e03S0x1cb8	[0x1d04, [0x1e64, [0x1f19, nil]]]
0x1f1bS0x1e03S0x1cb8	[0x1d04, [0x1e64, [0x1f1b, nil]]]
0x1f1cS0x1e03S0x1cb8	[0x1d04, [0x1e64, [0x1f1c, nil]]]
0x1f1fS0x1e03S0x1cb8	[0x1d04, [0x1e64, [0x1f1f, nil]]]
0x1f22S0x1e03S0x1cb8	[0x1d04, [0x1e64, [0x1f22, nil]]]
0x1f23S0x1e03S0x1cb8	[0x1d04, [0x1e64, [0x1f23, nil]]]
0x1f25S0x1e03S0x1cb8	[0x1d04, [0x1e64, [0x1f25, nil]]]
0x1f28S0x1e03S0x1cb8	[0x1d04, [0x1e64, [0x1f28, nil]]]
0x1f2aS0x1e03S0x1cb8	[0x1d04, [0x1e64, [0x1f2a, nil]]]
0x1f3eS0x1e03S0x1cb8	[0x1d04, [0x1e64, [0x1f3e, nil]]]
0x1f40S0x1e03S0x1cb8	[0x1d04, [0x1e64, [0x1f40, nil]]]
0x1f41S0x1e03S0x1cb8	[0x1d04, [0x1e64, [0x1f41, nil]]]
0x1f64S0x1e03S0x1cb8	[0x1d04, [0x1e64, [0x1f64, nil]]]
0x1f66S0x1e03S0x1cb8	[0x1d04, [0x1e64, [0x1f66, nil]]]
0x1f67S0x1e03S0x1cb8	[0x1d04, [0x1e64, [0x1f67, nil]]]
0x1f6bS0x1e03S0x1cb8	[0x1d04, [0x1e64, [0x1f6b, nil]]]
0x1f9bS0x1e03S0x1cb8	[0x1d04, [0x1e64, [0x1f9b, nil]]]
0x1f9dS0x1e03S0x1cb8	[0x1d04, [0x1e64, [0x1f9d, nil]]]
0x1f9eS0x1e03S0x1cb8	[0x1d04, [0x1e64, [0x1f9e, nil]]]
0x1fc1S0x1e03S0x1cb8	[0x1d04, [0x1e64, [0x1fc1, nil]]]
0x1fc3S0x1e03S0x1cb8	[0x1d04, [0x1e64, [0x1fc3, nil]]]
0x1fc4S0x1e03S0x1cb8	[0x1d04, [0x1e64, [0x1fc4, nil]]]
0x1fc8S0x1e03S0x1cb8	[0x1d04, [0x1e64, [0x1fc8, nil]]]
0x1e6bS0x1e03S0x1cb8	[0x1d04, [0x1e64, [0x1e6b, nil]]]
0x1e6fS0x1e03S0x1cb8	[0x1d04, [0x1e64, [0x1e6f, nil]]]
0x1e84S0x1e03S0x1cb8	[0x1d04, [0x1e64, [0x1e84, nil]]]
0x1e85S0x1e03S0x1cb8	[0x1d04, [0x1e64, [0x1e85, nil]]]
0x1e88S0x1e03S0x1cb8	[0x1d04, [0x1e64, [0x1e88, nil]]]
0x1e8aS0x1e03S0x1cb8	[0x1d04, [0x1e64, [0x1e8a, nil]]]
0x1ec9S0x1e03S0x1cb8	[0x1d04, [0x1e64, [0x1ec9, nil]]]
0x1ecbS0x1e03S0x1cb8	[0x1d04, [0x1e64, [0x1ecb, nil]]]
0x1eceS0x1e03S0x1cb8	[0x1d04, [0x1e64, [0x1ece, nil]]]
0x1ee3S0x1e03S0x1cb8	[0x1d04, [0x1e64, [0x1ee3, nil]]]
0x1ee5S0x1e03S0x1cb8	[0x1d04, [0x1e64, [0x1ee5, nil]]]
0x1ee7S0x1e03S0x1cb8	[0x1d04, [0x1e64, [0x1ee7, nil]]]
0x1ee8S0x1e03S0x1cb8	[0x1d04, [0x1e64, [0x1ee8, nil]]]
0x1eedS0x1e03S0x1cb8	[0x1d04, [0x1e64, [0x1eed, nil]]]
0x1ec0S0x1e03S0x1cb8	[0x1d04, [0x1e64, [0x1ec0, nil]]]
0x1ec2S0x1e03S0x1cb8	[0x1d04, [0x1e64, [0x1ec2, nil]]]
0x1ec5S0x1e03S0x1cb8	[0x1d04, [0x1e64, [0x1ec5, nil]]]
0x1ef2S0x1e03S0x1cb8	[0x1d04, [0x1e64, [0x1ef2, nil]]]
0x1ef4S0x1e03S0x1cb8	[0x1d04, [0x1e64, [0x1ef4, nil]]]
0x1ef6S0x1e03S0x1cb8	[0x1d04, [0x1e64, [0x1ef6, nil]]]
0x1ef9S0x1e03S0x1cb8	[0x1d04, [0x1e64, [0x1ef9, nil]]]
0x1efbS0x1e03S0x1cb8	[0x1d04, [0x1e64, [0x1efb, nil]]]
0x1efeS0x1e03S0x1cb8	[0x1d04, [0x1e64, [0x1efe, nil]]]
0x1effS0x1e03S0x1cb8	[0x1d04, [0x1e64, [0x1eff, nil]]]
0x1f03S0x1e03S0x1cb8	[0x1d04, [0x1e64, [0x1f03, nil]]]
0x1f05S0x1e03S0x1cb8	[0x1d04, [0x1e64, [0x1f05, nil]]]
0x1f08S0x1e03S0x1cb8	[0x1d04, [0x1e64, [0x1f08, nil]]]
0x1f09S0x1e03S0x1cb8	[0x1d04, [0x1e64, [0x1f09, nil]]]
0x1f2fS0x1e03S0x1cb8	[0x1d04, [0x1e64, [0x1f2f, nil]]]
0x19200S0x1e03S0x1cb8	[0x1d04, [0x1e64, [0x1f33, nil]]]
0x1f3aS0x1e03S0x1cb8	[0x1d04, [0x1e64, [0x1f3a, nil]]]
0x1f79S0x1e03S0x1cb8	[0x1d04, [0x1e64, [0x1f79, nil]]]
0x1f7cS0x1e03S0x1cb8	[0x1d04, [0x1e64, [0x1f7c, nil]]]
0x1f7dS0x1e03S0x1cb8	[0x1d04, [0x1e64, [0x1f7d, nil]]]
0x1f7eS0x1e03S0x1cb8	[0x1d04, [0x1e64, [0x1f7e, nil]]]
0x1f7fS0x1e03S0x1cb8	[0x1d04, [0x1e64, [0x1f7f, nil]]]
0x1f70S0x1e03S0x1cb8	[0x1d04, [0x1e64, [0x1f70, nil]]]
0x1f72S0x1e03S0x1cb8	[0x1d04, [0x1e64, [0x1f72, nil]]]
0x1f75S0x1e03S0x1cb8	[0x1d04, [0x1e64, [0x1f75, nil]]]
0x1f97S0x1e03S0x1cb8	[0x1d04, [0x1e64, [0x1f97, nil]]]
0x19c00S0x1e03S0x1cb8	[0x1d04, [0x1e64, [0x1fd6, nil]]]
0x1fcdS0x1e03S0x1cb8	[0x1d04, [0x1e64, [0x1fcd, nil]]]
0x1fcfS0x1e03S0x1cb8	[0x1d04, [0x1e64, [0x1fcf, nil]]]
0x1fd2S0x1e03S0x1cb8	[0x1d04, [0x1e64, [0x1fd2, nil]]]
0x1f85S0x1e03S0x1cb8	[0x1d04, [0x1e64, [0x1f85, nil]]]
0x1f87S0x1e03S0x1cb8	[0x1d04, [0x1e64, [0x1f87, nil]]]
0x1f89S0x1e03S0x1cb8	[0x1d04, [0x1e64, [0x1f89, nil]]]
0x1f8bS0x1e03S0x1cb8	[0x1d04, [0x1e64, [0x1f8b, nil]]]
0x1f8dS0x1e03S0x1cb8	[0x1d04, [0x1e64, [0x1f8d, nil]]]
0x1f92S0x1e03S0x1cb8	[0x1d04, [0x1e64, [0x1f92, nil]]]
0x2f3aS0x1e8eS0x1e03S0x1cb8	[0x1d04, [0x1e64, [0x1ebe, [0x2f3a, nil]]]]
0x2f3cS0x1e8eS0x1e03S0x1cb8	[0x1d04, [0x1e64, [0x1ebe, [0x2f3c, nil]]]]
0x2f3fS0x1e8eS0x1e03S0x1cb8	[0x1d04, [0x1e64, [0x1ebe, [0x2f3f, nil]]]]
0x2f44S0x1e8eS0x1e03S0x1cb8	[0x1d04, [0x1e64, [0x1ebe, [0x2f44, nil]]]]
0x2f45S0x1e8eS0x1e03S0x1cb8	[0x1d04, [0x1e64, [0x1ebe, [0x2f45, nil]]]]
0x2f48S0x1e8eS0x1e03S0x1cb8	[0x1d04, [0x1e64, [0x1ebe, [0x2f48, nil]]]]
0x2f4aS0x1e8eS0x1e03S0x1cb8	[0x1d04, [0x1e64, [0x1ebe, [0x2f4a, nil]]]]
0x2f4eS0x1e8eS0x1e03S0x1cb8	[0x1d04, [0x1e64, [0x1ebe, [0x2f4e, nil]]]]
0x2b2eS0x1e8eS0x1e03S0x1cb8	[0x1d04, [0x1e64, [0x1ebe, [0x2b2e, nil]]]]
0x2b4fS0x1e8eS0x1e03S0x1cb8	[0x1d04, [0x1e64, [0x1ebe, [0x2b4f, nil]]]]
0x2b52S0x1e8eS0x1e03S0x1cb8	[0x1d04, [0x1e64, [0x1ebe, [0x2b52, nil]]]]
0x2b54S0x1e8eS0x1e03S0x1cb8	[0x1d04, [0x1e64, [0x1ebe, [0x2b54, nil]]]]
0x2b57S0x1e8eS0x1e03S0x1cb8	[0x1d04, [0x1e64, [0x1ebe, [0x2b57, nil]]]]
0x2b1fS0x1e8eS0x1e03S0x1cb8	[0x1d04, [0x1e64, [0x1ebe, [0x2b1f, nil]]]]
0x2b21S0x1e8eS0x1e03S0x1cb8	[0x1d04, [0x1e64, [0x1ebe, [0x2b21, nil]]]]
0x2b24S0x1e8eS0x1e03S0x1cb8	[0x1d04, [0x1e64, [0x1ebe, [0x2b24, nil]]]]
0x2b27S0x1e8eS0x1e03S0x1cb8	[0x1d04, [0x1e64, [0x1ebe, [0x2b27, nil]]]]
0x30c9S0x2b1eS0x1e8eS0x1e03S0x1cb8	[0x1d04, [0x1e64, [0x1ebe, [0x2b2a, [0x30c9, nil]]]]]
0x30ceS0x2b1eS0x1e8eS0x1e03S0x1cb8	[0x1d04, [0x1e64, [0x1ebe, [0x2b2a, [0x30ce, nil]]]]]
0x30d1S0x2b1eS0x1e8eS0x1e03S0x1cb8	[0x1d04, [0x1e64, [0x1ebe, [0x2b2a, [0x30d1, nil]]]]]
0x2e5aS0x1f3eS0x1e03S0x1cb8	[0x1d04, [0x1e64, [0x1f6e, [0x2e5a, nil]]]]
0x2e5cS0x1f3eS0x1e03S0x1cb8	[0x1d04, [0x1e64, [0x1f6e, [0x2e5c, nil]]]]
0x2e5fS0x1f3eS0x1e03S0x1cb8	[0x1d04, [0x1e64, [0x1f6e, [0x2e5f, nil]]]]
0x2e64S0x1f3eS0x1e03S0x1cb8	[0x1d04, [0x1e64, [0x1f6e, [0x2e64, nil]]]]
0x2e65S0x1f3eS0x1e03S0x1cb8	[0x1d04, [0x1e64, [0x1f6e, [0x2e65, nil]]]]
0x2e68S0x1f3eS0x1e03S0x1cb8	[0x1d04, [0x1e64, [0x1f6e, [0x2e68, nil]]]]
0x2e6aS0x1f3eS0x1e03S0x1cb8	[0x1d04, [0x1e64, [0x1f6e, [0x2e6a, nil]]]]
0x2e6eS0x1f3eS0x1e03S0x1cb8	[0x1d04, [0x1e64, [0x1f6e, [0x2e6e, nil]]]]
0x2922S0x1f3eS0x1e03S0x1cb8	[0x1d04, [0x1e64, [0x1f6e, [0x2922, nil]]]]
0x2943S0x1f3eS0x1e03S0x1cb8	[0x1d04, [0x1e64, [0x1f6e, [0x2943, nil]]]]
0x2946S0x1f3eS0x1e03S0x1cb8	[0x1d04, [0x1e64, [0x1f6e, [0x2946, nil]]]]
0x2948S0x1f3eS0x1e03S0x1cb8	[0x1d04, [0x1e64, [0x1f6e, [0x2948, nil]]]]
0x294bS0x1f3eS0x1e03S0x1cb8	[0x1d04, [0x1e64, [0x1f6e, [0x294b, nil]]]]
0x2913S0x1f3eS0x1e03S0x1cb8	[0x1d04, [0x1e64, [0x1f6e, [0x2913, nil]]]]
0x2915S0x1f3eS0x1e03S0x1cb8	[0x1d04, [0x1e64, [0x1f6e, [0x2915, nil]]]]
0x2918S0x1f3eS0x1e03S0x1cb8	[0x1d04, [0x1e64, [0x1f6e, [0x2918, nil]]]]
0x291bS0x1f3eS0x1e03S0x1cb8	[0x1d04, [0x1e64, [0x1f6e, [0x291b, nil]]]]
0x30c9S0x2912S0x1f3eS0x1e03S0x1cb8	[0x1d04, [0x1e64, [0x1f6e, [0x291e, [0x30c9, nil]]]]]
0x30ceS0x2912S0x1f3eS0x1e03S0x1cb8	[0x1d04, [0x1e64, [0x1f6e, [0x291e, [0x30ce, nil]]]]]
0x30d1S0x2912S0x1f3eS0x1e03S0x1cb8	[0x1d04, [0x1e64, [0x1f6e, [0x291e, [0x30d1, nil]]]]]
0x2efaS0x1f9bS0x1e03S0x1cb8	[0x1d04, [0x1e64, [0x1fcb, [0x2efa, nil]]]]
0x2efcS0x1f9bS0x1e03S0x1cb8	[0x1d04, [0x1e64, [0x1fcb, [0x2efc, nil]]]]
0x2effS0x1f9bS0x1e03S0x1cb8	[0x1d04, [0x1e64, [0x1fcb, [0x2eff, nil]]]]
0x2f04S0x1f9bS0x1e03S0x1cb8	[0x1d04, [0x1e64, [0x1fcb, [0x2f04, nil]]]]
0x2f05S0x1f9bS0x1e03S0x1cb8	[0x1d04, [0x1e64, [0x1fcb, [0x2f05, nil]]]]
0x2f08S0x1f9bS0x1e03S0x1cb8	[0x1d04, [0x1e64, [0x1fcb, [0x2f08, nil]]]]
0x2f0aS0x1f9bS0x1e03S0x1cb8	[0x1d04, [0x1e64, [0x1fcb, [0x2f0a, nil]]]]
0x2f0eS0x1f9bS0x1e03S0x1cb8	[0x1d04, [0x1e64, [0x1fcb, [0x2f0e, nil]]]]
0x2a88S0x1f9bS0x1e03S0x1cb8	[0x1d04, [0x1e64, [0x1fcb, [0x2a88, nil]]]]
0x2aa9S0x1f9bS0x1e03S0x1cb8	[0x1d04, [0x1e64, [0x1fcb, [0x2aa9, nil]]]]
0x2aacS0x1f9bS0x1e03S0x1cb8	[0x1d04, [0x1e64, [0x1fcb, [0x2aac, nil]]]]
0x2aaeS0x1f9bS0x1e03S0x1cb8	[0x1d04, [0x1e64, [0x1fcb, [0x2aae, nil]]]]
0x2acfS0x1f9bS0x1e03S0x1cb8	[0x1d04, [0x1e64, [0x1fcb, [0x2acf, nil]]]]
0x2ad2S0x1f9bS0x1e03S0x1cb8	[0x1d04, [0x1e64, [0x1fcb, [0x2ad2, nil]]]]
0x2ad4S0x1f9bS0x1e03S0x1cb8	[0x1d04, [0x1e64, [0x1fcb, [0x2ad4, nil]]]]
0x2ad7S0x1f9bS0x1e03S0x1cb8	[0x1d04, [0x1e64, [0x1fcb, [0x2ad7, nil]]]]
0x2a79S0x1f9bS0x1e03S0x1cb8	[0x1d04, [0x1e64, [0x1fcb, [0x2a79, nil]]]]
0x2a7bS0x1f9bS0x1e03S0x1cb8	[0x1d04, [0x1e64, [0x1fcb, [0x2a7b, nil]]]]
0x2a7eS0x1f9bS0x1e03S0x1cb8	[0x1d04, [0x1e64, [0x1fcb, [0x2a7e, nil]]]]
0x2a81S0x1f9bS0x1e03S0x1cb8	[0x1d04, [0x1e64, [0x1fcb, [0x2a81, nil]]]]
0x30c9S0x2a78S0x1f9bS0x1e03S0x1cb8	[0x1d04, [0x1e64, [0x1fcb, [0x2a84, [0x30c9, nil]]]]]
0x30ceS0x2a78S0x1f9bS0x1e03S0x1cb8	[0x1d04, [0x1e64, [0x1fcb, [0x2a84, [0x30ce, nil]]]]]
0x30d1S0x2a78S0x1f9bS0x1e03S0x1cb8	[0x1d04, [0x1e64, [0x1fcb, [0x2a84, [0x30d1, nil]]]]]
0x2b8cS0x1ec8S0x1e03S0x1cb8	[0x1d04, [0x1e64, [0x1ef0, [0x2b8c, nil]]]]
0x2b8eS0x1ec8S0x1e03S0x1cb8	[0x1d04, [0x1e64, [0x1ef0, [0x2b8e, nil]]]]
0x2b93S0x1ec8S0x1e03S0x1cb8	[0x1d04, [0x1e64, [0x1ef0, [0x2b93, nil]]]]
0x2734S0x1ec8S0x1e03S0x1cb8	[0x1d04, [0x1e64, [0x1ef0, [0x2734, nil]]]]
0x2739S0x1ec8S0x1e03S0x1cb8	[0x1d04, [0x1e64, [0x1ef0, [0x2739, nil]]]]
0x308aS0x1ec8S0x1e03S0x1cb8	[0x1d04, [0x1e64, [0x1ef0, [0x308a, nil]]]]
0x308dS0x1ec8S0x1e03S0x1cb8	[0x1d04, [0x1e64, [0x1ef0, [0x308d, nil]]]]
0x2740S0x1ec8S0x1e03S0x1cb8	[0x1d04, [0x1e64, [0x1ef0, [0x2740, nil]]]]
0x2745S0x1ec8S0x1e03S0x1cb8	[0x1d04, [0x1e64, [0x1ef0, [0x2745, nil]]]]
0x2748S0x1ec8S0x1e03S0x1cb8	[0x1d04, [0x1e64, [0x1ef0, [0x2748, nil]]]]
0x2749S0x1ec8S0x1e03S0x1cb8	[0x1d04, [0x1e64, [0x1ef0, [0x2749, nil]]]]
0x30beS0x1ec8S0x1e03S0x1cb8	[0x1d04, [0x1e64, [0x1ef0, [0x30be, nil]]]]
0x2750S0x1ec8S0x1e03S0x1cb8	[0x1d04, [0x1e64, [0x1ef0, [0x2750, nil]]]]
0x2729S0x1ec8S0x1e03S0x1cb8	[0x1d04, [0x1e64, [0x1ef0, [0x2729, nil]]]]
0x272bS0x1ec8S0x1e03S0x1cb8	[0x1d04, [0x1e64, [0x1ef0, [0x272b, nil]]]]
0x272fS0x1ec8S0x1e03S0x1cb8	[0x1d04, [0x1e64, [0x1ef0, [0x272f, nil]]]]
0x316aS0x273dS0x1ec8S0x1e03S0x1cb8	[0x1d04, [0x1e64, [0x1ef0, [0x274c, [0x316a, nil]]]]]
0x316eS0x273dS0x1ec8S0x1e03S0x1cb8	[0x1d04, [0x1e64, [0x1ef0, [0x274c, [0x316e, nil]]]]]
0x1e200S0x273dS0x1ec8S0x1e03S0x1cb8	[0x1d04, [0x1e64, [0x1ef0, [0x274c, [0x3170, nil]]]]]
0x3144S0x273dS0x1ec8S0x1e03S0x1cb8	[0x1d04, [0x1e64, [0x1ef0, [0x274c, [0x3144, nil]]]]]
0x1d800S0x273dS0x1ec8S0x1e03S0x1cb8	[0x1d04, [0x1e64, [0x1ef0, [0x274c, [0x3146, nil]]]]]
0x3164S0x273dS0x1ec8S0x1e03S0x1cb8	[0x1d04, [0x1e64, [0x1ef0, [0x274c, [0x3164, nil]]]]]
0x3165S0x273dS0x1ec8S0x1e03S0x1cb8	[0x1d04, [0x1e64, [0x1ef0, [0x274c, [0x3165, nil]]]]]
0x3166S0x273dS0x1ec8S0x1e03S0x1cb8	[0x1d04, [0x1e64, [0x1ef0, [0x274c, [0x3166, nil]]]]]
0x3149S0x273dS0x1ec8S0x1e03S0x1cb8	[0x1d04, [0x1e64, [0x1ef0, [0x274c, [0x3149, nil]]]]]
0x314aS0x273dS0x1ec8S0x1e03S0x1cb8	[0x1d04, [0x1e64, [0x1ef0, [0x274c, [0x314a, nil]]]]]
0x314bS0x273dS0x1ec8S0x1e03S0x1cb8	[0x1d04, [0x1e64, [0x1ef0, [0x274c, [0x314b, nil]]]]]
0x3151S0x273dS0x1ec8S0x1e03S0x1cb8	[0x1d04, [0x1e64, [0x1ef0, [0x274c, [0x3151, nil]]]]]
0x3152S0x273dS0x1ec8S0x1e03S0x1cb8	[0x1d04, [0x1e64, [0x1ef0, [0x274c, [0x3152, nil]]]]]
0x3155S0x273dS0x1ec8S0x1e03S0x1cb8	[0x1d04, [0x1e64, [0x1ef0, [0x274c, [0x3155, nil]]]]]
0x3157S0x273dS0x1ec8S0x1e03S0x1cb8	[0x1d04, [0x1e64, [0x1ef0, [0x274c, [0x3157, nil]]]]]
0x315aS0x273dS0x1ec8S0x1e03S0x1cb8	[0x1d04, [0x1e64, [0x1ef0, [0x274c, [0x315a, nil]]]]]
0x315dS0x273dS0x1ec8S0x1e03S0x1cb8	[0x1d04, [0x1e64, [0x1ef0, [0x274c, [0x315d, nil]]]]]
0x24cfS0x1f83B0x1e03S0x1cb8	[0x1d04, [0x1f95, [0x24cf, nil]]]
0x24d4S0x1f83B0x1e03S0x1cb8	[0x1d04, [0x1f95, [0x24d4, nil]]]
0x24d6S0x1f83B0x1e03S0x1cb8	[0x1d04, [0x1f95, [0x24d6, nil]]]
0x24dcS0x1f83B0x1e03S0x1cb8	[0x1d04, [0x1f95, [0x24dc, nil]]]
0x24ddS0x1f83B0x1e03S0x1cb8	[0x1d04, [0x1f95, [0x24dd, nil]]]
0x24c2S0x1f83B0x1e03S0x1cb8	[0x1d04, [0x1f95, [0x24c2, nil]]]
0x24c4S0x1f83B0x1e03S0x1cb8	[0x1d04, [0x1f95, [0x24c4, nil]]]
0x24c8S0x1f83B0x1e03S0x1cb8	[0x1d04, [0x1f95, [0x24c8, nil]]]
0x24c9S0x1f83B0x1e03S0x1cb8	[0x1d04, [0x1f95, [0x24c9, nil]]]
0x24caS0x1f83B0x1e03S0x1cb8	[0x1d04, [0x1f95, [0x24ca, nil]]]
0x24cbS0x1f83B0x1e03S0x1cb8	[0x1d04, [0x1f95, [0x24cb, nil]]]
0x2221S0x24d3S0x1f83B0x1e03S0x1cb8	[0x1d04, [0x1f95, [0x24e0, [0x2221, nil]]]]
0x2224S0x24d3S0x1f83B0x1e03S0x1cb8	[0x1d04, [0x1f95, [0x24e0, [0x2224, nil]]]]
0x2227S0x24d3S0x1f83B0x1e03S0x1cb8	[0x1d04, [0x1f95, [0x24e0, [0x2227, nil]]]]
0x222bS0x24d3S0x1f83B0x1e03S0x1cb8	[0x1d04, [0x1f95, [0x24e0, [0x222b, nil]]]]
0x31b8S0x2220S0x24d3S0x1f83B0x1e03S0x1cb8	[0x1d04, [0x1f95, [0x24e0, [0x222e, [0x31b8, nil]]]]]
0x31a9S0x2220S0x24d3S0x1f83B0x1e03S0x1cb8	[0x1d04, [0x1f95, [0x24e0, [0x222e, [0x31a9, nil]]]]]
0x31adS0x2220S0x24d3S0x1f83B0x1e03S0x1cb8	[0x1d04, [0x1f95, [0x24e0, [0x222e, [0x31ad, nil]]]]]
0x31b3S0x2220S0x24d3S0x1f83B0x1e03S0x1cb8	[0x1d04, [0x1f95, [0x24e0, [0x222e, [0x31b3, nil]]]]]
0x31b4S0x2220S0x24d3S0x1f83B0x1e03S0x1cb8	[0x1d04, [0x1f95, [0x24e0, [0x222e, [0x31b4, nil]]]]]
0x30f7S0x31a8S0x2220S0x24d3S0x1f83B0x1e03S0x1cb8	[0x1d04, [0x1f95, [0x24e0, [0x222e, [0x31b0, [0x30f7, nil]]]]]]
0x30faS0x31a8S0x2220S0x24d3S0x1f83B0x1e03S0x1cb8	[0x1d04, [0x1f95, [0x24e0, [0x222e, [0x31b0, [0x30fa, nil]]]]]]
0x30fbS0x31a8S0x2220S0x24d3S0x1f83B0x1e03S0x1cb8	[0x1d04, [0x1f95, [0x24e0, [0x222e, [0x31b0, [0x30fb, nil]]]]]]
0x25f3S0x470	[0x484, [0x25f3, nil]]
0x2651S0x470	[0x484, [0x2651, nil]]
0x25e0S0x470	[0x484, [0x25e0, nil]]
0x25e3S0x470	[0x484, [0x25e3, nil]]
0x25e6S0x470	[0x484, [0x25e6, nil]]
0x25e8S0x470	[0x484, [0x25e8, nil]]
0x25ecS0x470	[0x484, [0x25ec, nil]]
0x25edS0x470	[0x484, [0x25ed, nil]]
0x25eeS0x470	[0x484, [0x25ee, nil]]
0x25efS0x470	[0x484, [0x25ef, nil]]
0x25f8S0x470	[0x484, [0x25f8, nil]]
0x25faS0x470	[0x484, [0x25fa, nil]]
0x2600S0x470	[0x484, [0x2600, nil]]
0x2601S0x470	[0x484, [0x2601, nil]]
0x2609S0x470	[0x484, [0x2609, nil]]
0x260bS0x470	[0x484, [0x260b, nil]]
0x2611S0x470	[0x484, [0x2611, nil]]
0x2612S0x470	[0x484, [0x2612, nil]]
0x261aS0x470	[0x484, [0x261a, nil]]
0x261cS0x470	[0x484, [0x261c, nil]]
0x2622S0x470	[0x484, [0x2622, nil]]
0x2623S0x470	[0x484, [0x2623, nil]]
0x262bS0x470	[0x484, [0x262b, nil]]
0x262dS0x470	[0x484, [0x262d, nil]]
0x2633S0x470	[0x484, [0x2633, nil]]
0x2634S0x470	[0x484, [0x2634, nil]]
0x263cS0x470	[0x484, [0x263c, nil]]
0x263fS0x470	[0x484, [0x263f, nil]]
0x2640S0x470	[0x484, [0x2640, nil]]
0x2641S0x470	[0x484, [0x2641, nil]]
0x264bS0x470	[0x484, [0x264b, nil]]
0x264cS0x470	[0x484, [0x264c, nil]]
0x264dS0x470	[0x484, [0x264d, nil]]
0x2656S0x470	[0x484, [0x2656, nil]]
0x265cS0x470	[0x484, [0x265c, nil]]
0x265dS0x470	[0x484, [0x265d, nil]]
0x2313S0x25f7S0x470	[0x484, [0x2604, [0x2313, nil]]]
0x2316S0x25f7S0x470	[0x484, [0x2604, [0x2316, nil]]]
0x2319S0x25f7S0x470	[0x484, [0x2604, [0x2319, nil]]]
0x231dS0x25f7S0x470	[0x484, [0x2604, [0x231d, nil]]]
0x2313S0x2616S0x470	[0x484, [0x2626, [0x2313, nil]]]
0x2316S0x2616S0x470	[0x484, [0x2626, [0x2316, nil]]]
0x2319S0x2616S0x470	[0x484, [0x2626, [0x2319, nil]]]
0x231dS0x2616S0x470	[0x484, [0x2626, [0x231d, nil]]]
0x2313S0x2627S0x470	[0x484, [0x2637, [0x2313, nil]]]
0x2316S0x2627S0x470	[0x484, [0x2637, [0x2316, nil]]]
0x2319S0x2627S0x470	[0x484, [0x2637, [0x2319, nil]]]
0x231dS0x2627S0x470	[0x484, [0x2637, [0x231d, nil]]]
0x31e6S0x2312B0x25f7S0x470	[0x484, [0x2320, [0x31e6, nil]]]
0x31e1S0x2312B0x25f7S0x470	[0x484, [0x2320, [0x31e1, nil]]]
0x31e2S0x2312B0x25f7S0x470	[0x484, [0x2320, [0x31e2, nil]]]
0x31d7S0x2312B0x25f7S0x470	[0x484, [0x2320, [0x31d7, nil]]]
0x31dbS0x2312B0x25f7S0x470	[0x484, [0x2320, [0x31db, nil]]]
0x312dS0x31d6S0x2312B0x25f7S0x470	[0x484, [0x2320, [0x31de, [0x312d, nil]]]]
0x31e6S0x2312B0x2616S0x470	[0x484, [0x2320, [0x31e6, nil]]]
0x31e1S0x2312B0x2616S0x470	[0x484, [0x2320, [0x31e1, nil]]]
0x31e2S0x2312B0x2616S0x470	[0x484, [0x2320, [0x31e2, nil]]]
0x31d7S0x2312B0x2616S0x470	[0x484, [0x2320, [0x31d7, nil]]]
0x31dbS0x2312B0x2616S0x470	[0x484, [0x2320, [0x31db, nil]]]
0x312dS0x31d6S0x2312B0x2616S0x470	[0x484, [0x2320, [0x31de, [0x312d, nil]]]]
0x31e6S0x2312B0x2627S0x470	[0x484, [0x2320, [0x31e6, nil]]]
0x31e1S0x2312B0x2627S0x470	[0x484, [0x2320, [0x31e1, nil]]]
0x31e2S0x2312B0x2627S0x470	[0x484, [0x2320, [0x31e2, nil]]]
0x31d7S0x2312B0x2627S0x470	[0x484, [0x2320, [0x31d7, nil]]]
0x31dbS0x2312B0x2627S0x470	[0x484, [0x2320, [0x31db, nil]]]
0x312dS0x31d6S0x2312B0x2627S0x470	[0x484, [0x2320, [0x31de, [0x312d, nil]]]]
0x2083S0x2605S0x470	[0x484, [0x2615, [0x2083, nil]]]
0x2086S0x2605S0x470	[0x484, [0x2615, [0x2086, nil]]]
0x2089S0x2605S0x470	[0x484, [0x2615, [0x2089, nil]]]
0x208dS0x2605S0x470	[0x484, [0x2615, [0x208d, nil]]]
0x31a1S0x2082S0x2605S0x470	[0x484, [0x2615, [0x2090, [0x31a1, nil]]]]
0x3192S0x2082S0x2605S0x470	[0x484, [0x2615, [0x2090, [0x3192, nil]]]]
0x3196S0x2082S0x2605S0x470	[0x484, [0x2615, [0x2090, [0x3196, nil]]]]
0x319cS0x2082S0x2605S0x470	[0x484, [0x2615, [0x2090, [0x319c, nil]]]]
0x319dS0x2082S0x2605S0x470	[0x484, [0x2615, [0x2090, [0x319d, nil]]]]
0x30e5S0x3191S0x2082S0x2605S0x470	[0x484, [0x2615, [0x2090, [0x3199, [0x30e5, nil]]]]]
0x30e7S0x3191S0x2082S0x2605S0x470	[0x484, [0x2615, [0x2090, [0x3199, [0x30e7, nil]]]]]
0x30ebS0x3191S0x2082S0x2605S0x470	[0x484, [0x2615, [0x2090, [0x3199, [0x30eb, nil]]]]]
0x310dS0x3191S0x2082S0x2605S0x470	[0x484, [0x2615, [0x2090, [0x3199, [0x310d, nil]]]]]
0x310fS0x3191S0x2082S0x2605S0x470	[0x484, [0x2615, [0x2090, [0x3199, [0x310f, nil]]]]]
0x3125S0x3191S0x2082S0x2605S0x470	[0x484, [0x2615, [0x2090, [0x3199, [0x3125, nil]]]]]
0x2127S0x2655S0x470	[0x484, [0x2660, [0x2127, nil]]]
0x215fS0x2655S0x470	[0x484, [0x2660, [0x215f, nil]]]
0x22acS0x2655S0x470	[0x484, [0x2660, [0x22ac, nil]]]
0x3005S0x2655S0x470	[0x484, [0x2660, [0x3005, nil]]]
0x212dS0x2655S0x470	[0x484, [0x2660, [0x212d, nil]]]
0x212eS0x2655S0x470	[0x484, [0x2660, [0x212e, nil]]]
0x2131S0x2655S0x470	[0x484, [0x2660, [0x2131, nil]]]
0x2135S0x2655S0x470	[0x484, [0x2660, [0x2135, nil]]]
0x2145S0x2655S0x470	[0x484, [0x2660, [0x2145, nil]]]
0x2148S0x2655S0x470	[0x484, [0x2660, [0x2148, nil]]]
0x214bS0x2655S0x470	[0x484, [0x2660, [0x214b, nil]]]
0x214eS0x2655S0x470	[0x484, [0x2660, [0x214e, nil]]]
0x2153S0x2655S0x470	[0x484, [0x2660, [0x2153, nil]]]
0x2156S0x2655S0x470	[0x484, [0x2660, [0x2156, nil]]]
0x2158S0x2655S0x470	[0x484, [0x2660, [0x2158, nil]]]
0x2159S0x2655S0x470	[0x484, [0x2660, [0x2159, nil]]]
0x215aS0x2655S0x470	[0x484, [0x2660, [0x215a, nil]]]
0x215bS0x2655S0x470	[0x484, [0x2660, [0x215b, nil]]]
0x213aS0x2655S0x470	[0x484, [0x2660, [0x213a, nil]]]
0x2ff3S0x2655S0x470	[0x484, [0x2660, [0x2ff3, nil]]]
0x2ff5S0x2655S0x470	[0x484, [0x2660, [0x2ff5, nil]]]
0x2fffS0x2655S0x470	[0x484, [0x2660, [0x2fff, nil]]]
0x3000S0x2655S0x470	[0x484, [0x2660, [0x3000, nil]]]
0x3001S0x2655S0x470	[0x484, [0x2660, [0x3001, nil]]]
0x2164S0x2655S0x470	[0x484, [0x2660, [0x2164, nil]]]
0x1ba00S0x2655S0x470	[0x484, [0x2660, [0x2166, nil]]]
0x217cS0x2655S0x470	[0x484, [0x2660, [0x217c, nil]]]
0x217fS0x2655S0x470	[0x484, [0x2660, [0x217f, nil]]]
0x2182S0x2655S0x470	[0x484, [0x2660, [0x2182, nil]]]
0x2185S0x2655S0x470	[0x484, [0x2660, [0x2185, nil]]]
0x2189S0x2655S0x470	[0x484, [0x2660, [0x2189, nil]]]
0x218cS0x2655S0x470	[0x484, [0x2660, [0x218c, nil]]]
0x218fS0x2655S0x470	[0x484, [0x2660, [0x218f, nil]]]
0x229fS0x2655S0x470	[0x484, [0x2660, [0x229f, nil]]]
0x22a1S0x2655S0x470	[0x484, [0x2660, [0x22a1, nil]]]
0x22a5S0x2655S0x470	[0x484, [0x2660, [0x22a5, nil]]]
0x22a6S0x2655S0x470	[0x484, [0x2660, [0x22a6, nil]]]
0x22a7S0x2655S0x470	[0x484, [0x2660, [0x22a7, nil]]]
0x22a8S0x2655S0x470	[0x484, [0x2660, [0x22a8, nil]]]
0x2169S0x2655S0x470	[0x484, [0x2660, [0x2169, nil]]]
0x216aS0x2655S0x470	[0x484, [0x2660, [0x216a, nil]]]
0x216bS0x2655S0x470	[0x484, [0x2660, [0x216b, nil]]]
0x22b1S0x2655S0x470	[0x484, [0x2660, [0x22b1, nil]]]
0x22b4S0x2655S0x470	[0x484, [0x2660, [0x22b4, nil]]]
0x22b6S0x2655S0x470	[0x484, [0x2660, [0x22b6, nil]]]
0x22bdS0x2655S0x470	[0x484, [0x2660, [0x22bd, nil]]]
0x22bfS0x2655S0x470	[0x484, [0x2660, [0x22bf, nil]]]
0x22c5S0x2655S0x470	[0x484, [0x2660, [0x22c5, nil]]]
0x22c6S0x2655S0x470	[0x484, [0x2660, [0x22c6, nil]]]
0x22cbS0x2655S0x470	[0x484, [0x2660, [0x22cb, nil]]]
0x22ceS0x2655S0x470	[0x484, [0x2660, [0x22ce, nil]]]
0x22d1S0x2655S0x470	[0x484, [0x2660, [0x22d1, nil]]]
0x22d3S0x2655S0x470	[0x484, [0x2660, [0x22d3, nil]]]
0x22d9S0x2655S0x470	[0x484, [0x2660, [0x22d9, nil]]]
0x22daS0x2655S0x470	[0x484, [0x2660, [0x22da, nil]]]
0x22dfS0x2655S0x470	[0x484, [0x2660, [0x22df, nil]]]
0x22e2S0x2655S0x470	[0x484, [0x2660, [0x22e2, nil]]]
0x22e5S0x2655S0x470	[0x484, [0x2660, [0x22e5, nil]]]
0x22e7S0x2655S0x470	[0x484, [0x2660, [0x22e7, nil]]]
0x22edS0x2655S0x470	[0x484, [0x2660, [0x22ed, nil]]]
0x22eeS0x2655S0x470	[0x484, [0x2660, [0x22ee, nil]]]
0x22f3S0x2655S0x470	[0x484, [0x2660, [0x22f3, nil]]]
0x22f6S0x2655S0x470	[0x484, [0x2660, [0x22f6, nil]]]
0x22f9S0x2655S0x470	[0x484, [0x2660, [0x22f9, nil]]]
0x22fbS0x2655S0x470	[0x484, [0x2660, [0x22fb, nil]]]
0x2301S0x2655S0x470	[0x484, [0x2660, [0x2301, nil]]]
0x2302S0x2655S0x470	[0x484, [0x2660, [0x2302, nil]]]
0x2307S0x2655S0x470	[0x484, [0x2660, [0x2307, nil]]]
0x230aS0x2655S0x470	[0x484, [0x2660, [0x230a, nil]]]
0x211bS0x2655S0x470	[0x484, [0x2660, [0x211b, nil]]]
0x211eS0x2655S0x470	[0x484, [0x2660, [0x211e, nil]]]
0x2121S0x2655S0x470	[0x484, [0x2660, [0x2121, nil]]]
0x2122S0x2655S0x470	[0x484, [0x2660, [0x2122, nil]]]
0x2123S0x2655S0x470	[0x484, [0x2660, [0x2123, nil]]]
0x300aS0x2655S0x470	[0x484, [0x2660, [0x300a, nil]]]
0x300dS0x2655S0x470	[0x484, [0x2660, [0x300d, nil]]]
0x3010S0x2655S0x470	[0x484, [0x2660, [0x3010, nil]]]
0x3013S0x2655S0x470	[0x484, [0x2660, [0x3013, nil]]]
0x2170S0x2655S0x470	[0x484, [0x2660, [0x2170, nil]]]
0x2175S0x2655S0x470	[0x484, [0x2660, [0x2175, nil]]]
0x2fbcS0x2139S0x2655S0x470	[0x484, [0x2660, [0x213d, [0x2fbc, nil]]]]
0x2f9eS0x2139S0x2655S0x470	[0x484, [0x2660, [0x213d, [0x2f9e, nil]]]]
0x2fa0S0x2139S0x2655S0x470	[0x484, [0x2660, [0x213d, [0x2fa0, nil]]]]
0x2fa2S0x2139S0x2655S0x470	[0x484, [0x2660, [0x213d, [0x2fa2, nil]]]]
0x2fa7S0x2139S0x2655S0x470	[0x484, [0x2660, [0x213d, [0x2fa7, nil]]]]
0x2faaS0x2139S0x2655S0x470	[0x484, [0x2660, [0x213d, [0x2faa, nil]]]]
0x2fabS0x2139S0x2655S0x470	[0x484, [0x2660, [0x213d, [0x2fab, nil]]]]
0x2fb5S0x2139S0x2655S0x470	[0x484, [0x2660, [0x213d, [0x2fb5, nil]]]]
0x2fb6S0x2139S0x2655S0x470	[0x484, [0x2660, [0x213d, [0x2fb6, nil]]]]
0x2fb7S0x2139S0x2655S0x470	[0x484, [0x2660, [0x213d, [0x2fb7, nil]]]]
0x2fb8S0x2139S0x2655S0x470	[0x484, [0x2660, [0x213d, [0x2fb8, nil]]]]
0x2fc2S0x2139S0x2655S0x470	[0x484, [0x2660, [0x213d, [0x2fc2, nil]]]]
0x2fbcS0x22b0S0x2655S0x470	[0x484, [0x2660, [0x22b9, [0x2fbc, nil]]]]
0x2f9eS0x22b0S0x2655S0x470	[0x484, [0x2660, [0x22b9, [0x2f9e, nil]]]]
0x2fa0S0x22b0S0x2655S0x470	[0x484, [0x2660, [0x22b9, [0x2fa0, nil]]]]
0x2fa2S0x22b0S0x2655S0x470	[0x484, [0x2660, [0x22b9, [0x2fa2, nil]]]]
0x2fa7S0x22b0S0x2655S0x470	[0x484, [0x2660, [0x22b9, [0x2fa7, nil]]]]
0x2faaS0x22b0S0x2655S0x470	[0x484, [0x2660, [0x22b9, [0x2faa, nil]]]]
0x2fabS0x22b0S0x2655S0x470	[0x484, [0x2660, [0x22b9, [0x2fab, nil]]]]
0x2fb5S0x22b0S0x2655S0x470	[0x484, [0x2660, [0x22b9, [0x2fb5, nil]]]]
0x2fb6S0x22b0S0x2655S0x470	[0x484, [0x2660, [0x22b9, [0x2fb6, nil]]]]
0x2fb7S0x22b0S0x2655S0x470	[0x484, [0x2660, [0x22b9, [0x2fb7, nil]]]]
0x2fb8S0x22b0S0x2655S0x470	[0x484, [0x2660, [0x22b9, [0x2fb8, nil]]]]
0x2fc2S0x22b0S0x2655S0x470	[0x484, [0x2660, [0x22b9, [0x2fc2, nil]]]]
0x2083S0x22baS0x2655S0x470	[0x484, [0x2660, [0x22c9, [0x2083, nil]]]]
0x2086S0x22baS0x2655S0x470	[0x484, [0x2660, [0x22c9, [0x2086, nil]]]]
0x2089S0x22baS0x2655S0x470	[0x484, [0x2660, [0x22c9, [0x2089, nil]]]]
0x208dS0x22baS0x2655S0x470	[0x484, [0x2660, [0x22c9, [0x208d, nil]]]]
0x31a1S0x2082S0x22baS0x2655S0x470	[0x484, [0x2660, [0x22c9, [0x2090, [0x31a1, nil]]]]]
0x3192S0x2082S0x22baS0x2655S0x470	[0x484, [0x2660, [0x22c9, [0x2090, [0x3192, nil]]]]]
0x3196S0x2082S0x22baS0x2655S0x470	[0x484, [0x2660, [0x22c9, [0x2090, [0x3196, nil]]]]]
0x319cS0x2082S0x22baS0x2655S0x470	[0x484, [0x2660, [0x22c9, [0x2090, [0x319c, nil]]]]]
0x319dS0x2082S0x22baS0x2655S0x470	[0x484, [0x2660, [0x22c9, [0x2090, [0x319d, nil]]]]]
0x30e5S0x3191S0x2082S0x22baS0x2655S0x470	[0x484, [0x2660, [0x22c9, [0x2090, [0x3199, [0x30e5, nil]]]]]]
0x30e7S0x3191S0x2082S0x22baS0x2655S0x470	[0x484, [0x2660, [0x22c9, [0x2090, [0x3199, [0x30e7, nil]]]]]]
0x30ebS0x3191S0x2082S0x22baS0x2655S0x470	[0x484, [0x2660, [0x22c9, [0x2090, [0x3199, [0x30eb, nil]]]]]]
0x310dS0x3191S0x2082S0x22baS0x2655S0x470	[0x484, [0x2660, [0x22c9, [0x2090, [0x3199, [0x310d, nil]]]]]]
0x310fS0x3191S0x2082S0x22baS0x2655S0x470	[0x484, [0x2660, [0x22c9, [0x2090, [0x3199, [0x310f, nil]]]]]]
0x3125S0x3191S0x2082S0x22baS0x2655S0x470	[0x484, [0x2660, [0x22c9, [0x2090, [0x3199, [0x3125, nil]]]]]]
0x233dS0x22caS0x2655S0x470	[0x484, [0x2660, [0x22dd, [0x233d, nil]]]]
0x2340S0x22caS0x2655S0x470	[0x484, [0x2660, [0x22dd, [0x2340, nil]]]]
0x2343S0x22caS0x2655S0x470	[0x484, [0x2660, [0x22dd, [0x2343, nil]]]]
0x2347S0x22caS0x2655S0x470	[0x484, [0x2660, [0x22dd, [0x2347, nil]]]]
0x31fdS0x233cS0x22caS0x2655S0x470	[0x484, [0x2660, [0x22dd, [0x234a, [0x31fd, nil]]]]]
0x31eeS0x233cS0x22caS0x2655S0x470	[0x484, [0x2660, [0x22dd, [0x234a, [0x31ee, nil]]]]]
0x31f2S0x233cS0x22caS0x2655S0x470	[0x484, [0x2660, [0x22dd, [0x234a, [0x31f2, nil]]]]]
0x31f8S0x233cS0x22caS0x2655S0x470	[0x484, [0x2660, [0x22dd, [0x234a, [0x31f8, nil]]]]]
0x31f9S0x233cS0x22caS0x2655S0x470	[0x484, [0x2660, [0x22dd, [0x234a, [0x31f9, nil]]]]]
0x3137S0x31edS0x233cS0x22caS0x2655S0x470	[0x484, [0x2660, [0x22dd, [0x234a, [0x31f5, [0x3137, nil]]]]]]
0x3139S0x31edS0x233cS0x22caS0x2655S0x470	[0x484, [0x2660, [0x22dd, [0x234a, [0x31f5, [0x3139, nil]]]]]]
0x313cS0x31edS0x233cS0x22caS0x2655S0x470	[0x484, [0x2660, [0x22dd, [0x234a, [0x31f5, [0x313c, nil]]]]]]
0x2236S0x22deS0x2655S0x470	[0x484, [0x2660, [0x22f1, [0x2236, nil]]]]
0x2239S0x22deS0x2655S0x470	[0x484, [0x2660, [0x22f1, [0x2239, nil]]]]
0x223cS0x22deS0x2655S0x470	[0x484, [0x2660, [0x22f1, [0x223c, nil]]]]
0x2240S0x22deS0x2655S0x470	[0x484, [0x2660, [0x22f1, [0x2240, nil]]]]
0x31cfS0x2235S0x22deS0x2655S0x470	[0x484, [0x2660, [0x22f1, [0x2243, [0x31cf, nil]]]]]
0x31c0S0x2235S0x22deS0x2655S0x470	[0x484, [0x2660, [0x22f1, [0x2243, [0x31c0, nil]]]]]
0x31c4S0x2235S0x22deS0x2655S0x470	[0x484, [0x2660, [0x22f1, [0x2243, [0x31c4, nil]]]]]
0x31caS0x2235S0x22deS0x2655S0x470	[0x484, [0x2660, [0x22f1, [0x2243, [0x31ca, nil]]]]]
0x31cbS0x2235S0x22deS0x2655S0x470	[0x484, [0x2660, [0x22f1, [0x2243, [0x31cb, nil]]]]]
0x3103S0x31bfS0x2235S0x22deS0x2655S0x470	[0x484, [0x2660, [0x22f1, [0x2243, [0x31c7, [0x3103, nil]]]]]]
0x2236S0x22f2S0x2655S0x470	[0x484, [0x2660, [0x2305, [0x2236, nil]]]]
0x2239S0x22f2S0x2655S0x470	[0x484, [0x2660, [0x2305, [0x2239, nil]]]]
0x223cS0x22f2S0x2655S0x470	[0x484, [0x2660, [0x2305, [0x223c, nil]]]]
0x2240S0x22f2S0x2655S0x470	[0x484, [0x2660, [0x2305, [0x2240, nil]]]]
0x31cfS0x2235S0x22f2S0x2655S0x470	[0x484, [0x2660, [0x2305, [0x2243, [0x31cf, nil]]]]]
0x31c0S0x2235S0x22f2S0x2655S0x470	[0x484, [0x2660, [0x2305, [0x2243, [0x31c0, nil]]]]]
0x31c4S0x2235S0x22f2S0x2655S0x470	[0x484, [0x2660, [0x2305, [0x2243, [0x31c4, nil]]]]]
0x31caS0x2235S0x22f2S0x2655S0x470	[0x484, [0x2660, [0x2305, [0x2243, [0x31ca, nil]]]]]
0x31cbS0x2235S0x22f2S0x2655S0x470	[0x484, [0x2660, [0x2305, [0x2243, [0x31cb, nil]]]]]
0x3103S0x31bfS0x2235S0x22f2S0x2655S0x470	[0x484, [0x2660, [0x2305, [0x2243, [0x31c7, [0x3103, nil]]]]]]
0x347	[0x347, nil]
0x3f1	[0x3f1, nil]
0x1ee	[0x1ee, nil]
0x454	[0x454, nil]
0x484	[0x484, nil]
0x4f4	[0x4f4, nil]
0x186	[0x186, nil]
0x2ee	[0x2ee, nil]
0x4ad	[0x4ad, nil]
0x342	[0x342, nil]
0x3bc	[0x3bc, nil]
0x286	[0x286, nil]
0x557	[0x557, nil]
0x256	[0x256, nil]
0x37f	[0x37f, nil]
0x3ec	[0x3ec, nil]
0x15a3	[0x15a3, nil]
0xeb9	[0xeb9, nil]
0x17f6	[0x17f6, nil]
0x1905	[0x1905, nil]
0x15b	[0x15b, nil]
0x4d6	[0x4d6, nil]
0x52c	[0x52c, nil]
0x200	[0x200, nil]
0x466	[0x466, nil]
0x22b	[0x22b, nil]
0x2c3	[0x2c3, nil]
0x429	[0x429, nil]
0xe69	[0xe69, nil]
0x17a6	[0x17a6, nil]
0x18b5	[0x18b5, nil]
0x15c6	[0x15c6, nil]
0x1010	[0x1010, nil]
0x10c1	[0x10c1, nil]
0x198	[0x198, nil]
0x1c3	[0x1c3, nil]
0x268	[0x268, nil]
0x298	[0x298, nil]
0x354	[0x354, nil]
0x391	[0x391, nil]
0x3ce	[0x3ce, nil]
0x3fe	[0x3fe, nil]
0x501	[0x501, nil]
0x569	[0x569, nil]
0x1337	[0x1337, nil]
0x1a0d	[0x1a0d, nil]
0x83f	[0x83f, nil]
0x1266	[0x1266, nil]
0xbf40x39b	[0xbf4, nil]
0x1c4c0x470	[0x1c4c, nil]
0x317	[0x317, nil]
0x201a	[0x201a, nil]
0x1156	[0x1156, nil]
0xef2	[0xef2, nil]
0x1c9c	[0x1c9c, nil]
0x182f	[0x182f, nil]
0xfa5	[0xfa5, nil]
0xddf	[0xddf, nil]
0x11db	[0x11db, nil]
0x13b2	[0x13b2, nil]
0x1aed	[0x1aed, nil]
0xb0b0x39b	[0xb0b, nil]
0x1365	[0x1365, nil]
0x1aa0	[0x1aa0, nil]
0x19c8	[0x19c8, nil]
0x1454	[0x1454, nil]
0x15b2	[0x15b2, nil]
0x2f3	[0x2f3, nil]
0x4b2	[0x4b2, nil]
0x70e	[0x70e, nil]
0x718	[0x718, nil]
0xd44	[0xd44, nil]
0x12ef	[0x12ef, nil]
0x1a67	[0x1a67, nil]
0x1d04	[0x1d04, nil]
0x2bb8	[0x2bb8, nil]
0x2bc8	[0x2bc8, nil]
0x87250	[0x13a, nil]
0x87c50	[0x165, nil]
0x88650	[0x1a2, nil]
0x89050	[0x1cd, nil]
0x89a50	[0x20a, nil]
0x8a450	[0x235, nil]
0x8ae50	[0x272, nil]
0x8b850	[0x2a2, nil]
0x8c250	[0x2cd, nil]
0x8cc50	[0x2f6, nil]
0x8d650	[0x321, nil]
0x8e050	[0x35e, nil]
0x8ea50	[0x39b, nil]
0x8f450	[0x3d8, nil]
0x8fe50	[0x408, nil]
0x90850	[0x433, nil]
0x91250	[0x470, nil]
0x91c50	[0x48c, nil]
0x92650	[0x4b5, nil]
0x93050	[0x4e0, nil]
0x93a50	[0x50b, nil]
0x94450	[0x536, nil]
0x94e50	[0x135, nil]
0x6e	[0x6e, nil]
0xaa	[0xaa, nil]
0xfc	[0xfc, nil]
0x14e	[0x14e, nil]
0x18b	[0x18b, nil]
0x1b6	[0x1b6, nil]
0x21e	[0x21e, nil]
0x25b	[0x25b, nil]
0x2b6	[0x2b6, nil]
0x30a	[0x30a, nil]
0x384	[0x384, nil]
0x3c1	[0x3c1, nil]
0x41c	[0x41c, nil]
0x489	[0x489, nil]
0x4c9	[0x4c9, nil]
0x51f	[0x51f, nil]
0x55c	[0x55c, nil]
0x598	[0x598, nil]
0x5b0	[0x5b0, nil]
0x5b6	[0x5b6, nil]
0x6d2	[0x6d2, nil]
0x704	[0x704, nil]
0x859	[0x859, nil]
0x95e	[0x95e, nil]
0xa82	[0xa82, nil]
0xc44	[0xc44, nil]
0xfbb	[0xfbb, nil]
0x103f	[0x103f, nil]
0x1205	[0x1205, nil]
0x127e	[0x127e, nil]
0x1347	[0x1347, nil]
0x162e	[0x162e, nil]
0x1706	[0x1706, nil]
0x172b	[0x172b, nil]
0x1ddb	[0x1ddb, nil]
0x2036	[0x2036, nil]
0x281e	[0x281e, nil]
0x2851	[0x2851, nil]
0x2bac	[0x2bac, nil]
0x2bd8	[0x2bd8, nil]
0x30e3	[0x30e3, nil]
0x12420	[0xeff, nil]
0x12e20	[0xf0a, nil]
0x13820	[0x1367, nil]
0x14220	[0x137d, nil]
0x14c20	[0x140c, nil]
0x15620	[0x1604, nil]
0x16020	[0x1963, nil]
0x16a20	[0x1aa2, nil]
0x17420	[0x1ab8, nil]
0x17e20	[0x1b47, nil]
0x18820	[0x1b68, nil]
0x1a620	[0x2079, nil]
0xc020x39b	[0xc02, nil]
0x1c5a0x470	[0x1c5a, nil]
0x1d	[0x1d, nil]
0x28	[0x28, nil]
0xb6	[0xb6, nil]
0x141	[0x141, nil]
0x16c	[0x16c, nil]
0x1a9	[0x1a9, nil]
0x1d4	[0x1d4, nil]
0x211	[0x211, nil]
0x23c	[0x23c, nil]
0x2a9	[0x2a9, nil]
0x2d4	[0x2d4, nil]
0x2fd	[0x2fd, nil]
0x328	[0x328, nil]
0x365	[0x365, nil]
0x3a2	[0x3a2, nil]
0x40f	[0x40f, nil]
0x43a	[0x43a, nil]
0x493	[0x493, nil]
0x4bc	[0x4bc, nil]
0x4e7	[0x4e7, nil]
0x512	[0x512, nil]
0x53d	[0x53d, nil]
0xdae	[0xdae, nil]
0xe7d	[0xe7d, nil]
0xe8c	[0xe8c, nil]
0xec1	[0xec1, nil]
0xf07	[0xf07, nil]
0xf12	[0xf12, nil]
0xf1c	[0xf1c, nil]
0xf4a	[0xf4a, nil]
0xf74	[0xf74, nil]
0xfee	[0xfee, nil]
0x1067	[0x1067, nil]
0x107f	[0x107f, nil]
0x1097	[0x1097, nil]
0x10da	[0x10da, nil]
0x1125	[0x1125, nil]
0x116a	[0x116a, nil]
0x11aa	[0x11aa, nil]
0x11f2	[0x11f2, nil]
0x135d	[0x135d, nil]
0x136c	[0x136c, nil]
0x1381	[0x1381, nil]
0x13d6	[0x13d6, nil]
0x1562	[0x1562, nil]
0x1571	[0x1571, nil]
0x15e9	[0x15e9, nil]
0x17ba	[0x17ba, nil]
0x17c9	[0x17c9, nil]
0x17fe	[0x17fe, nil]
0x18c9	[0x18c9, nil]
0x18d8	[0x18d8, nil]
0x193d	[0x193d, nil]
0x199f	[0x199f, nil]
0x1a98	[0x1a98, nil]
0x1aa7	[0x1aa7, nil]
0x1abc	[0x1abc, nil]
0x1b11	[0x1b11, nil]
0x1b4d	[0x1b4d, nil]
0x1c6b	[0x1c6b, nil]
0x1fe8	[0x1fe8, nil]
0x2070	[0x2070, nil]
0x78c30	[0x9, nil]
0x79630	[0x30, nil]
0x7a030	[0x3b, nil]
0x7aa30	[0x46, nil]
0x7b430	[0x51, nil]
0x7be30	[0x5c, nil]
0x7c830	[0x67, nil]
0x7d230	[0x77, nil]
0x7dc30	[0x82, nil]
0x7e630	[0x8d, nil]
0x7f030	[0x98, nil]
0x7fa30	[0xa3, nil]
0x80430	[0xbe, nil]
0x80e30	[0xc9, nil]
0x81830	[0xd4, nil]
0x82230	[0xdf, nil]
0x82c30	[0xea, nil]
0x83630	[0xf5, nil]
0x84030	[0x105, nil]
0x84a30	[0x110, nil]
0x85430	[0x11b, nil]
0x85e30	[0x126, nil]
0x86830	[0x131, nil]
0xada0x39b	[0xada, nil]
0x84f	[0x84f, nil]
0x1a18	[0x1a18, nil]
0x1a6b	[0x1a6b, nil]
0x1caf	[0x1caf, nil]
0x1d08	[0x1d08, nil]
0x1de3	[0x1de3, nil]
0x3c488	[0x1608, nil]
0x3c4aa	[0x1b6a, nil]
0x3c4f7	[0x2081, nil]
0x3c564	[0x1608, nil]
0x3c586	[0x1b6a, nil]
0x3c5d3	[0x2081, nil]
0xbfd0x39b	[0xbfd, nil]
0x1c550x470	[0x1c55, nil]
0x1a16	[0x1a16, nil]
0x848	[0x848, nil]
0x126f	[0x126f, nil]
0x1340	[0x1340, nil]
0x2f5	[0x2f5, nil]
0x48b	[0x48b, nil]
0x4b4	[0x4b4, nil]
0x164	[0x164, nil]
0x1a1	[0x1a1, nil]
0x1cc	[0x1cc, nil]
0x209	[0x209, nil]
0x234	[0x234, nil]
0x271	[0x271, nil]
0x2a1	[0x2a1, nil]
0x2cc	[0x2cc, nil]
0x320	[0x320, nil]
0x35d	[0x35d, nil]
0x39a	[0x39a, nil]
0x3d7	[0x3d7, nil]
0x407	[0x407, nil]
0x432	[0x432, nil]
0x46f	[0x46f, nil]
0x4df	[0x4df, nil]
0x50a	[0x50a, nil]
0x535	[0x535, nil]
0x572	[0x572, nil]
0x139	[0x139, nil]
0x145	[0x145, nil]
0x170	[0x170, nil]
0x1ad	[0x1ad, nil]
0x1d8	[0x1d8, nil]
0x215	[0x215, nil]
0x240	[0x240, nil]
0x2ad	[0x2ad, nil]
0x2d8	[0x2d8, nil]
0x301	[0x301, nil]
0x32c	[0x32c, nil]
0x369	[0x369, nil]
0x3a6	[0x3a6, nil]
0x413	[0x413, nil]
0x43e	[0x43e, nil]
0x497	[0x497, nil]
0x4c0	[0x4c0, nil]
0x4eb	[0x4eb, nil]
0x516	[0x516, nil]
0x541	[0x541, nil]
0xde8	[0xde8, nil]
0xe81	[0xe81, nil]
0xe95	[0xe95, nil]
0xefb	[0xefb, nil]
0xfae	[0xfae, nil]
0x10e3	[0x10e3, nil]
0x115f	[0x115f, nil]
0x11e4	[0x11e4, nil]
0x13bb	[0x13bb, nil]
0x1566	[0x1566, nil]
0x157a	[0x157a, nil]
0x17be	[0x17be, nil]
0x17d2	[0x17d2, nil]
0x1838	[0x1838, nil]
0x18cd	[0x18cd, nil]
0x18e1	[0x18e1, nil]
0x19a8	[0x19a8, nil]
0x1af6	[0x1af6, nil]
0x1ca5	[0x1ca5, nil]
0x2023	[0x2023, nil]
0x6484	[0x139, nil]
0x64a8	[0x139, nil]
0x64cc	[0x139, nil]
0x64f0	[0x139, nil]
0xb140x39b	[0xb14, nil]
0x59e	[0x59e, nil]
0x5a2	[0x5a2, nil]
0x6d8	[0x6d8, nil]
0x6dc	[0x6dc, nil]
0x6e4	[0x6e4, nil]
0x6e8	[0x6e8, nil]
0x6f0	[0x6f0, nil]
0x6f4	[0x6f4, nil]
0x720	[0x720, nil]
0x726	[0x726, nil]
0x75d	[0x75d, nil]
0x763	[0x763, nil]
0x782	[0x782, nil]
0x788	[0x788, nil]
0x7bf	[0x7bf, nil]
0x7c5	[0x7c5, nil]
0x7d0	[0x7d0, nil]
0x7d6	[0x7d6, nil]
0xa56	[0xa56, nil]
0xa5a	[0xa5a, nil]
0xa62	[0xa62, nil]
0xa66	[0xa66, nil]
0xa6e	[0xa6e, nil]
0xa72	[0xa72, nil]
0xd4e	[0xd4e, nil]
0xd54	[0xd54, nil]
0xd8b	[0xd8b, nil]
0xd91	[0xd91, nil]
0xd9c	[0xd9c, nil]
0xda2	[0xda2, nil]
0xdd4	[0xdd4, nil]
0xe5d	[0xe5d, nil]
0xeac	[0xeac, nil]
0xee7	[0xee7, nil]
0xf9a	[0xf9a, nil]
0x101c	[0x101c, nil]
0x1020	[0x1020, nil]
0x104b	[0x104b, nil]
0x104f	[0x104f, nil]
0x10ac	[0x10ac, nil]
0x10b2	[0x10b2, nil]
0x114b	[0x114b, nil]
0x11d0	[0x11d0, nil]
0x1288	[0x1288, nil]
0x128e	[0x128e, nil]
0x12c5	[0x12c5, nil]
0x12cb	[0x12cb, nil]
0x12d6	[0x12d6, nil]
0x12dc	[0x12dc, nil]
0x13a7	[0x13a7, nil]
0x154c	[0x154c, nil]
0x1596	[0x1596, nil]
0x15d2	[0x15d2, nil]
0x15d6	[0x15d6, nil]
0x170c	[0x170c, nil]
0x1710	[0x1710, nil]
0x1718	[0x1718, nil]
0x171c	[0x171c, nil]
0x179a	[0x179a, nil]
0x17e9	[0x17e9, nil]
0x1824	[0x1824, nil]
0x18a9	[0x18a9, nil]
0x18f8	[0x18f8, nil]
0x1ae2	[0x1ae2, nil]
0x1c91	[0x1c91, nil]
0x1dab	[0x1dab, nil]
0x1db0	[0x1db0, nil]
0x1dd6	[0x1dd6, nil]
0x200e	[0x200e, nil]
0x2847	[0x2847, nil]
0xb000x39b	[0xb00, nil]
0xb4c0x39b	[0xb4c, nil]
0xb520x39b	[0xb52, nil]
0xb9d0x39b	[0xb9d, nil]
0xba30x39b	[0xba3, nil]
0x1ba40x470	[0x1ba4, nil]
0x1baa0x470	[0x1baa, nil]
0x1bf50x470	[0x1bf5, nil]
0x1bfb0x470	[0x1bfb, nil]
0x778	[0x778, nil]
0x7df	[0x7df, nil]
0x12e5	[0x12e5, nil]
0x13f0	[0x13f0, nil]
0x140a	[0x140a, nil]
0x144c	[0x144c, nil]
0x145a	[0x145a, nil]
0x149b	[0x149b, nil]
0x14dd	[0x14dd, nil]
0x15e2	[0x15e2, nil]
0x1602	[0x1602, nil]
0x1b2b	[0x1b2b, nil]
0x1b45	[0x1b45, nil]
0x1b66	[0x1b66, nil]
0xbac0x39b	[0xbac, nil]
0x1c040x470	[0x1c04, nil]
0xe91	[0xe91, nil]
0x10df	[0x10df, nil]
0x1576	[0x1576, nil]
0x1587	[0x1587, nil]
0x17ce	[0x17ce, nil]
0x18dd	[0x18dd, nil]
0x19a4	[0x19a4, nil]
0xf1d	[0xf1d, nil]
0xf4b	[0xf4b, nil]
0xfef	[0xfef, nil]
0x1068	[0x1068, nil]
0x1080	[0x1080, nil]
0x1098	[0x1098, nil]
0x116b	[0x116b, nil]
0x11f3	[0x11f3, nil]
0x1d10S0x140c	[0x1454, [0x1d10, nil]]
0x1d10S0x15a4	[0x15b2, [0x1d10, nil]]
0x1cb7S0x19a9	[0x19c8, [0x1cb7, nil]]
0x1a82S0x135e	[0x1365, [0x1a82, nil]]
0x1a82S0x1a99	[0x1aa0, [0x1a82, nil]]
0x2e91S0xdaf	[0xddf, [0x2e91, nil]]
0x2e89S0xdaf	[0xddf, [0x2e89, nil]]
0x2991S0xdaf	[0xddf, [0x2991, nil]]
0x2987S0xdaf	[0xddf, [0x2987, nil]]
0x2e98S0xdaf	[0xddf, [0x2e98, nil]]
0x295eS0xdaf	[0xddf, [0x295e, nil]]
0x30d8S0x2952S0xdaf	[0xddf, [0x295e, [0x30d8, nil]]]
0x30cdS0x2952S0xdaf	[0xddf, [0x295e, [0x30cd, nil]]]
0x2df1S0xec2	[0xef2, [0x2df1, nil]]
0x2de9S0xec2	[0xef2, [0x2de9, nil]]
0x2811S0xec2	[0xef2, [0x2811, nil]]
0x2807S0xec2	[0xef2, [0x2807, nil]]
0x2df8S0xec2	[0xef2, [0x2df8, nil]]
0x27deS0xec2	[0xef2, [0x27de, nil]]
0x30d8S0x27d2S0xec2	[0xef2, [0x27de, [0x30d8, nil]]]
0x30cdS0x27d2S0xec2	[0xef2, [0x27de, [0x30cd, nil]]]
0x2e51S0xf75	[0xfa5, [0x2e51, nil]]
0x2e49S0xf75	[0xfa5, [0x2e49, nil]]
0x2911S0xf75	[0xfa5, [0x2911, nil]]
0x2907S0xf75	[0xfa5, [0x2907, nil]]
0x2e58S0xf75	[0xfa5, [0x2e58, nil]]
0x28deS0xf75	[0xfa5, [0x28de, nil]]
0x30d8S0x28d2S0xf75	[0xfa5, [0x28de, [0x30d8, nil]]]
0x30cdS0x28d2S0xf75	[0xfa5, [0x28de, [0x30cd, nil]]]
0x2dd1S0x1126	[0x1156, [0x2dd1, nil]]
0x2dc9S0x1126	[0x1156, [0x2dc9, nil]]
0x27d1S0x1126	[0x1156, [0x27d1, nil]]
0x27c7S0x1126	[0x1156, [0x27c7, nil]]
0x2dd8S0x1126	[0x1156, [0x2dd8, nil]]
0x279eS0x1126	[0x1156, [0x279e, nil]]
0x30d8S0x2792S0x1126	[0x1156, [0x279e, [0x30d8, nil]]]
0x30cdS0x2792S0x1126	[0x1156, [0x279e, [0x30cd, nil]]]
0x2eb1S0x11ab	[0x11db, [0x2eb1, nil]]
0x2ea9S0x11ab	[0x11db, [0x2ea9, nil]]
0x29d1S0x11ab	[0x11db, [0x29d1, nil]]
0x29c7S0x11ab	[0x11db, [0x29c7, nil]]
0x2eb8S0x11ab	[0x11db, [0x2eb8, nil]]
0x299eS0x11ab	[0x11db, [0x299e, nil]]
0x30d8S0x2992S0x11ab	[0x11db, [0x299e, [0x30d8, nil]]]
0x30cdS0x2992S0x11ab	[0x11db, [0x299e, [0x30cd, nil]]]
0x2ed1S0x1382	[0x13b2, [0x2ed1, nil]]
0x2ec9S0x1382	[0x13b2, [0x2ec9, nil]]
0x2a37S0x1382	[0x13b2, [0x2a37, nil]]
0x2a07S0x1382	[0x13b2, [0x2a07, nil]]
0x2a2dS0x1382	[0x13b2, [0x2a2d, nil]]
0x2ed8S0x1382	[0x13b2, [0x2ed8, nil]]
0x29deS0x1382	[0x13b2, [0x29de, nil]]
0x30d8S0x29d2S0x1382	[0x13b2, [0x29de, [0x30d8, nil]]]
0x30cdS0x29d2S0x1382	[0x13b2, [0x29de, [0x30cd, nil]]]
0x2e31S0x17ff	[0x182f, [0x2e31, nil]]
0x2e29S0x17ff	[0x182f, [0x2e29, nil]]
0x28d1S0x17ff	[0x182f, [0x28d1, nil]]
0x28c7S0x17ff	[0x182f, [0x28c7, nil]]
0x2e38S0x17ff	[0x182f, [0x2e38, nil]]
0x289eS0x17ff	[0x182f, [0x289e, nil]]
0x30d8S0x2892S0x17ff	[0x182f, [0x289e, [0x30d8, nil]]]
0x30cdS0x2892S0x17ff	[0x182f, [0x289e, [0x30cd, nil]]]
0x2ed1S0x1abd	[0x1aed, [0x2ed1, nil]]
0x2ec9S0x1abd	[0x1aed, [0x2ec9, nil]]
0x2a37S0x1abd	[0x1aed, [0x2a37, nil]]
0x2a07S0x1abd	[0x1aed, [0x2a07, nil]]
0x2a2dS0x1abd	[0x1aed, [0x2a2d, nil]]
0x2ed8S0x1abd	[0x1aed, [0x2ed8, nil]]
0x29deS0x1abd	[0x1aed, [0x29de, nil]]
0x30d8S0x29d2S0x1abd	[0x1aed, [0x29de, [0x30d8, nil]]]
0x30cdS0x29d2S0x1abd	[0x1aed, [0x29de, [0x30cd, nil]]]
0x2e11S0x1c6c	[0x1c9c, [0x2e11, nil]]
0x2e09S0x1c6c	[0x1c9c, [0x2e09, nil]]
0x2891S0x1c6c	[0x1c9c, [0x2891, nil]]
0x2887S0x1c6c	[0x1c9c, [0x2887, nil]]
0x2e18S0x1c6c	[0x1c9c, [0x2e18, nil]]
0x285eS0x1c6c	[0x1c9c, [0x285e, nil]]
0x30d8S0x2852S0x1c6c	[0x1c9c, [0x285e, [0x30d8, nil]]]
0x30cdS0x2852S0x1c6c	[0x1c9c, [0x285e, [0x30cd, nil]]]
0x2db0S0x1fe9	[0x201a, [0x2db0, nil]]
0x2da7S0x1fe9	[0x201a, [0x2da7, nil]]
0x276dS0x1fe9	[0x201a, [0x276d, nil]]
0x309eS0x1fe9	[0x201a, [0x309e, nil]]
0x277dS0x1fe9	[0x201a, [0x277d, nil]]
0x2786S0x1fe9	[0x201a, [0x2786, nil]]
0x2791S0x1fe9	[0x201a, [0x2791, nil]]
0x3190S0x1fe9	[0x201a, [0x3190, nil]]
0x2db8S0x1fe9	[0x201a, [0x2db8, nil]]
0x2763S0x1fe9	[0x201a, [0x2763, nil]]
0x30d8S0x2764S0x1fe9	[0x201a, [0x276d, [0x30d8, nil]]]
0x30cdS0x2764S0x1fe9	[0x201a, [0x276d, [0x30cd, nil]]]
0x1e220S0x276eS0x1fe9	[0x201a, [0x277d, [0x3170, nil]]]
0x316fS0x276eS0x1fe9	[0x201a, [0x277d, [0x316f, nil]]]
0x1d820S0x276eS0x1fe9	[0x201a, [0x277d, [0x3146, nil]]]
0x3169S0x276eS0x1fe9	[0x201a, [0x277d, [0x3169, nil]]]
0x314eS0x276eS0x1fe9	[0x201a, [0x277d, [0x314e, nil]]]
0x3c51cS0x276eS0x1fe9	[0x201a, [0x277d, [0x3175, nil]]]
0x3c5f8S0x276eS0x1fe9	[0x201a, [0x277d, [0x3175, nil]]]
0x3160S0x276eS0x1fe9	[0x201a, [0x277d, [0x3160, nil]]]
0x3156S0x276eS0x1fe9	[0x201a, [0x277d, [0x3156, nil]]]
0x2b1dS0xadb0x39b	[0xb0b, [0x2b1d, nil]]
0x2b13S0xadb0x39b	[0xb0b, [0x2b13, nil]]
0x2f38S0xadb0x39b	[0xb0b, [0x2f38, nil]]
0x2aeaS0xadb0x39b	[0xb0b, [0x2aea, nil]]
0x2f31S0xadb0x39b	[0xb0b, [0x2f31, nil]]
0x2f29S0xadb0x39b	[0xb0b, [0x2f29, nil]]
0x30d8S0x2adeS0xadb0x39b	[0xb0b, [0x2aea, [0x30d8, nil]]]
0x30cdS0x2adeS0xadb0x39b	[0xb0b, [0x2aea, [0x30cd, nil]]]
0x2c8aS0x30b	[0x317, [0x2c8a, nil]]
0x2701S0x30b	[0x317, [0x2701, nil]]
0x26feS0x30b	[0x317, [0x26fe, nil]]
0x2c90S0x30b	[0x317, [0x2c90, nil]]
0x26fbS0x30b	[0x317, [0x26fb, nil]]
0x3101S0x26f3S0x30b	[0x317, [0x26fb, [0x3101, nil]]]
0x2727S0x2bad	[0x2bb8, [0x2727, nil]]
0x2724S0x2bad	[0x2bb8, [0x2724, nil]]
0x2721S0x2bad	[0x2bb8, [0x2721, nil]]
0x317fS0x2bad	[0x2bb8, [0x317f, nil]]
0x271cS0x2bad	[0x2bb8, [0x271c, nil]]
0x310bS0x2711S0x2bad	[0x2bb8, [0x271c, [0x310b, nil]]]
0x2727S0x2bb9	[0x2bc8, [0x2727, nil]]
0x2724S0x2bb9	[0x2bc8, [0x2724, nil]]
0x2721S0x2bb9	[0x2bc8, [0x2721, nil]]
0x317fS0x2bb9	[0x2bc8, [0x317f, nil]]
0x271cS0x2bb9	[0x2bc8, [0x271c, nil]]
0x310bS0x2711S0x2bb9	[0x2bc8, [0x271c, [0x310b, nil]]]
0x2bedS0x14f	[0x15b, [0x2bed, nil]]
0x2bf3S0x14f	[0x15b, [0x2bf3, nil]]
0x2694S0x2bd9S0x14f	[0x15b, [0x2bed, [0x2694, nil]]]
0x2691S0x2bd9S0x14f	[0x15b, [0x2bed, [0x2691, nil]]]
0x268eS0x2bd9S0x14f	[0x15b, [0x2bed, [0x268e, nil]]]
0x30eeS0x2686S0x2bd9S0x14f	[0x15b, [0x2bed, [0x268e, [0x30ee, nil]]]]
0x30f5S0x2686S0x2bd9S0x14f	[0x15b, [0x2bed, [0x268e, [0x30f5, nil]]]]
0x312bS0x2686S0x2bd9S0x14f	[0x15b, [0x2bed, [0x268e, [0x312b, nil]]]]
0x2f6dS0x18c	[0x198, [0x2f6d, nil]]
0x2f73S0x18c	[0x198, [0x2f73, nil]]
0x2b7bS0x2f59S0x18c	[0x198, [0x2f6d, [0x2b7b, nil]]]
0x2b78S0x2f59S0x18c	[0x198, [0x2f6d, [0x2b78, nil]]]
0x2b75S0x2f59S0x18c	[0x198, [0x2f6d, [0x2b75, nil]]]
0x3135S0x2b6dS0x2f59S0x18c	[0x198, [0x2f6d, [0x2b75, [0x3135, nil]]]]
0x2f6dS0x1b7	[0x1c3, [0x2f6d, nil]]
0x2f73S0x1b7	[0x1c3, [0x2f73, nil]]
0x2b7bS0x2f59S0x1b7	[0x1c3, [0x2f6d, [0x2b7b, nil]]]
0x2b78S0x2f59S0x1b7	[0x1c3, [0x2f6d, [0x2b78, nil]]]
0x2b75S0x2f59S0x1b7	[0x1c3, [0x2f6d, [0x2b75, nil]]]
0x3135S0x2b6dS0x2f59S0x1b7	[0x1c3, [0x2f6d, [0x2b75, [0x3135, nil]]]]
0x2c6dS0x1f4	[0x200, [0x2c6d, nil]]
0x2c64S0x1f4	[0x200, [0x2c64, nil]]
0x2c75S0x1f4	[0x200, [0x2c75, nil]]
0x2685S0x2c54S0x1f4	[0x200, [0x2c6d, [0x2685, nil]]]
0x2b66S0x2c54S0x1f4	[0x200, [0x2c6d, [0x2b66, nil]]]
0x26a9S0x2c54S0x1f4	[0x200, [0x2c6d, [0x26a9, nil]]]
0x3088S0x2c54S0x1f4	[0x200, [0x2c6d, [0x3088, nil]]]
0x26b4S0x2c54S0x1f4	[0x200, [0x2c6d, [0x26b4, nil]]]
0x30bcS0x2c54S0x1f4	[0x200, [0x2c6d, [0x30bc, nil]]]
0x30b1S0x2c54S0x1f4	[0x200, [0x2c6d, [0x30b1, nil]]]
0x1ce20S0x2c54S0x1f4	[0x200, [0x2c6d, [0x26b9, nil]]]
0x307dS0x2c54S0x1f4	[0x200, [0x2c6d, [0x307d, nil]]]
0x26f2S0x2c54S0x1f4	[0x200, [0x2c6d, [0x26f2, nil]]]
0x26d7S0x2c54S0x1f4	[0x200, [0x2c6d, [0x26d7, nil]]]
0x2679S0x2c54S0x1f4	[0x200, [0x2c6d, [0x2679, nil]]]
0x26e5S0x2c54S0x1f4	[0x200, [0x2c6d, [0x26e5, nil]]]
0x30abS0x2c54S0x1f4	[0x200, [0x2c6d, [0x30ab, nil]]]
0x26c1S0x2c54S0x1f4	[0x200, [0x2c6d, [0x26c1, nil]]]
0x2b6cS0x2c54S0x1f4	[0x200, [0x2c6d, [0x2b6c, nil]]]
0x2b69S0x2c54S0x1f4	[0x200, [0x2c6d, [0x2b69, nil]]]
0x269fS0x2c54S0x1f4	[0x200, [0x2c6d, [0x269f, nil]]]
0x26ccS0x2c54S0x1f4	[0x200, [0x2c6d, [0x26cc, nil]]]
0x3135S0x2b5eS0x2c54S0x1f4	[0x200, [0x2c6d, [0x2b66, [0x3135, nil]]]]
0x2ca5S0x21f	[0x22b, [0x2ca5, nil]]
0x2cabS0x21f	[0x22b, [0x2cab, nil]]
0x2710S0x2c91S0x21f	[0x22b, [0x2ca5, [0x2710, nil]]]
0x270dS0x2c91S0x21f	[0x22b, [0x2ca5, [0x270d, nil]]]
0x270aS0x2c91S0x21f	[0x22b, [0x2ca5, [0x270a, nil]]]
0x310bS0x2702S0x2c91S0x21f	[0x22b, [0x2ca5, [0x270a, [0x310b, nil]]]]
0x2f6dS0x25c	[0x268, [0x2f6d, nil]]
0x2f73S0x25c	[0x268, [0x2f73, nil]]
0x2b7bS0x2f59S0x25c	[0x268, [0x2f6d, [0x2b7b, nil]]]
0x2b78S0x2f59S0x25c	[0x268, [0x2f6d, [0x2b78, nil]]]
0x2b75S0x2f59S0x25c	[0x268, [0x2f6d, [0x2b75, nil]]]
0x3135S0x2b6dS0x2f59S0x25c	[0x268, [0x2f6d, [0x2b75, [0x3135, nil]]]]
0x2f6dS0x28c	[0x298, [0x2f6d, nil]]
0x2f73S0x28c	[0x298, [0x2f73, nil]]
0x2b7bS0x2f59S0x28c	[0x298, [0x2f6d, [0x2b7b, nil]]]
0x2b78S0x2f59S0x28c	[0x298, [0x2f6d, [0x2b78, nil]]]
0x2b75S0x2f59S0x28c	[0x298, [0x2f6d, [0x2b75, nil]]]
0x3135S0x2b6dS0x2f59S0x28c	[0x298, [0x2f6d, [0x2b75, [0x3135, nil]]]]
0x2ca5S0x2b7	[0x2c3, [0x2ca5, nil]]
0x2cabS0x2b7	[0x2c3, [0x2cab, nil]]
0x2710S0x2c91S0x2b7	[0x2c3, [0x2ca5, [0x2710, nil]]]
0x270dS0x2c91S0x2b7	[0x2c3, [0x2ca5, [0x270d, nil]]]
0x270aS0x2c91S0x2b7	[0x2c3, [0x2ca5, [0x270a, nil]]]
0x310bS0x2702S0x2c91S0x2b7	[0x2c3, [0x2ca5, [0x270a, [0x310b, nil]]]]
0x2f6dS0x348	[0x354, [0x2f6d, nil]]
0x2f73S0x348	[0x354, [0x2f73, nil]]
0x2b7bS0x2f59S0x348	[0x354, [0x2f6d, [0x2b7b, nil]]]
0x2b78S0x2f59S0x348	[0x354, [0x2f6d, [0x2b78, nil]]]
0x2b75S0x2f59S0x348	[0x354, [0x2f6d, [0x2b75, nil]]]
0x3135S0x2b6dS0x2f59S0x348	[0x354, [0x2f6d, [0x2b75, [0x3135, nil]]]]
0x2f6dS0x385	[0x391, [0x2f6d, nil]]
0x2f73S0x385	[0x391, [0x2f73, nil]]
0x2b7bS0x2f59S0x385	[0x391, [0x2f6d, [0x2b7b, nil]]]
0x2b78S0x2f59S0x385	[0x391, [0x2f6d, [0x2b78, nil]]]
0x2b75S0x2f59S0x385	[0x391, [0x2f6d, [0x2b75, nil]]]
0x3135S0x2b6dS0x2f59S0x385	[0x391, [0x2f6d, [0x2b75, [0x3135, nil]]]]
0x2f6dS0x3c2	[0x3ce, [0x2f6d, nil]]
0x2f73S0x3c2	[0x3ce, [0x2f73, nil]]
0x2b7bS0x2f59S0x3c2	[0x3ce, [0x2f6d, [0x2b7b, nil]]]
0x2b78S0x2f59S0x3c2	[0x3ce, [0x2f6d, [0x2b78, nil]]]
0x2b75S0x2f59S0x3c2	[0x3ce, [0x2f6d, [0x2b75, nil]]]
0x3135S0x2b6dS0x2f59S0x3c2	[0x3ce, [0x2f6d, [0x2b75, [0x3135, nil]]]]
0x2f6dS0x3f2	[0x3fe, [0x2f6d, nil]]
0x2f73S0x3f2	[0x3fe, [0x2f73, nil]]
0x2b7bS0x2f59S0x3f2	[0x3fe, [0x2f6d, [0x2b7b, nil]]]
0x2b78S0x2f59S0x3f2	[0x3fe, [0x2f6d, [0x2b78, nil]]]
0x2b75S0x2f59S0x3f2	[0x3fe, [0x2f6d, [0x2b75, nil]]]
0x3135S0x2b6dS0x2f59S0x3f2	[0x3fe, [0x2f6d, [0x2b75, [0x3135, nil]]]]
0x2ca5S0x41d	[0x429, [0x2ca5, nil]]
0x2cabS0x41d	[0x429, [0x2cab, nil]]
0x2710S0x2c91S0x41d	[0x429, [0x2ca5, [0x2710, nil]]]
0x270dS0x2c91S0x41d	[0x429, [0x2ca5, [0x270d, nil]]]
0x270aS0x2c91S0x41d	[0x429, [0x2ca5, [0x270a, nil]]]
0x310bS0x2702S0x2c91S0x41d	[0x429, [0x2ca5, [0x270a, [0x310b, nil]]]]
0x2c6dS0x45a	[0x466, [0x2c6d, nil]]
0x2c64S0x45a	[0x466, [0x2c64, nil]]
0x2c75S0x45a	[0x466, [0x2c75, nil]]
0x2685S0x2c54S0x45a	[0x466, [0x2c6d, [0x2685, nil]]]
0x2b66S0x2c54S0x45a	[0x466, [0x2c6d, [0x2b66, nil]]]
0x26a9S0x2c54S0x45a	[0x466, [0x2c6d, [0x26a9, nil]]]
0x3088S0x2c54S0x45a	[0x466, [0x2c6d, [0x3088, nil]]]
0x26b4S0x2c54S0x45a	[0x466, [0x2c6d, [0x26b4, nil]]]
0x30bcS0x2c54S0x45a	[0x466, [0x2c6d, [0x30bc, nil]]]
0x30b1S0x2c54S0x45a	[0x466, [0x2c6d, [0x30b1, nil]]]
0x1ce20S0x2c54S0x45a	[0x466, [0x2c6d, [0x26b9, nil]]]
0x307dS0x2c54S0x45a	[0x466, [0x2c6d, [0x307d, nil]]]
0x26f2S0x2c54S0x45a	[0x466, [0x2c6d, [0x26f2, nil]]]
0x26d7S0x2c54S0x45a	[0x466, [0x2c6d, [0x26d7, nil]]]
0x2679S0x2c54S0x45a	[0x466, [0x2c6d, [0x2679, nil]]]
0x26e5S0x2c54S0x45a	[0x466, [0x2c6d, [0x26e5, nil]]]
0x30abS0x2c54S0x45a	[0x466, [0x2c6d, [0x30ab, nil]]]
0x26c1S0x2c54S0x45a	[0x466, [0x2c6d, [0x26c1, nil]]]
0x2b6cS0x2c54S0x45a	[0x466, [0x2c6d, [0x2b6c, nil]]]
0x2b69S0x2c54S0x45a	[0x466, [0x2c6d, [0x2b69, nil]]]
0x269fS0x2c54S0x45a	[0x466, [0x2c6d, [0x269f, nil]]]
0x26ccS0x2c54S0x45a	[0x466, [0x2c6d, [0x26cc, nil]]]
0x3135S0x2b5eS0x2c54S0x45a	[0x466, [0x2c6d, [0x2b66, [0x3135, nil]]]]
0x2bedS0x4ca	[0x4d6, [0x2bed, nil]]
0x2bf3S0x4ca	[0x4d6, [0x2bf3, nil]]
0x2694S0x2bd9S0x4ca	[0x4d6, [0x2bed, [0x2694, nil]]]
0x2691S0x2bd9S0x4ca	[0x4d6, [0x2bed, [0x2691, nil]]]
0x268eS0x2bd9S0x4ca	[0x4d6, [0x2bed, [0x268e, nil]]]
0x30eeS0x2686S0x2bd9S0x4ca	[0x4d6, [0x2bed, [0x268e, [0x30ee, nil]]]]
0x30f5S0x2686S0x2bd9S0x4ca	[0x4d6, [0x2bed, [0x268e, [0x30f5, nil]]]]
0x312bS0x2686S0x2bd9S0x4ca	[0x4d6, [0x2bed, [0x268e, [0x312b, nil]]]]
0x2f6dS0x4f5	[0x501, [0x2f6d, nil]]
0x2f73S0x4f5	[0x501, [0x2f73, nil]]
0x2b7bS0x2f59S0x4f5	[0x501, [0x2f6d, [0x2b7b, nil]]]
0x2b78S0x2f59S0x4f5	[0x501, [0x2f6d, [0x2b78, nil]]]
0x2b75S0x2f59S0x4f5	[0x501, [0x2f6d, [0x2b75, nil]]]
0x3135S0x2b6dS0x2f59S0x4f5	[0x501, [0x2f6d, [0x2b75, [0x3135, nil]]]]
0x2bedS0x520	[0x52c, [0x2bed, nil]]
0x2bf3S0x520	[0x52c, [0x2bf3, nil]]
0x2694S0x2bd9S0x520	[0x52c, [0x2bed, [0x2694, nil]]]
0x2691S0x2bd9S0x520	[0x52c, [0x2bed, [0x2691, nil]]]
0x268eS0x2bd9S0x520	[0x52c, [0x2bed, [0x268e, nil]]]
0x30eeS0x2686S0x2bd9S0x520	[0x52c, [0x2bed, [0x268e, [0x30ee, nil]]]]
0x30f5S0x2686S0x2bd9S0x520	[0x52c, [0x2bed, [0x268e, [0x30f5, nil]]]]
0x312bS0x2686S0x2bd9S0x520	[0x52c, [0x2bed, [0x268e, [0x312b, nil]]]]
0x2f6dS0x55d	[0x569, [0x2f6d, nil]]
0x2f73S0x55d	[0x569, [0x2f73, nil]]
0x2b7bS0x2f59S0x55d	[0x569, [0x2f6d, [0x2b7b, nil]]]
0x2b78S0x2f59S0x55d	[0x569, [0x2f6d, [0x2b78, nil]]]
0x2b75S0x2f59S0x55d	[0x569, [0x2f6d, [0x2b75, nil]]]
0x3135S0x2b6dS0x2f59S0x55d	[0x569, [0x2f6d, [0x2b75, [0x3135, nil]]]]
0x2ca5S0x172c	[0x17a6, [0x2ca5, nil]]
0x2cabS0x172c	[0x17a6, [0x2cab, nil]]
0x2710S0x2c91S0x172c	[0x17a6, [0x2ca5, [0x2710, nil]]]
0x270dS0x2c91S0x172c	[0x17a6, [0x2ca5, [0x270d, nil]]]
0x270aS0x2c91S0x172c	[0x17a6, [0x2ca5, [0x270a, nil]]]
0x310bS0x2702S0x2c91S0x172c	[0x17a6, [0x2ca5, [0x270a, [0x310b, nil]]]]
0x2f88S0x719	[0x83f, [0x2f88, nil]]
0x2f95S0x719	[0x83f, [0x2f95, nil]]
0x2f9cS0x719	[0x83f, [0x2f9c, nil]]
0x2b7bS0x2f74S0x719	[0x83f, [0x2f88, [0x2b7b, nil]]]
0x2b78S0x2f74S0x719	[0x83f, [0x2f88, [0x2b78, nil]]]
0x2b75S0x2f74S0x719	[0x83f, [0x2f88, [0x2b75, nil]]]
0x3135S0x2b6dS0x2f74S0x719	[0x83f, [0x2f88, [0x2b75, [0x3135, nil]]]]
0x2b7bS0x2f89S0x719	[0x83f, [0x2f95, [0x2b7b, nil]]]
0x2b78S0x2f89S0x719	[0x83f, [0x2f95, [0x2b78, nil]]]
0x2b75S0x2f89S0x719	[0x83f, [0x2f95, [0x2b75, nil]]]
0x3135S0x2b6dS0x2f89S0x719	[0x83f, [0x2f95, [0x2b75, [0x3135, nil]]]]
0x2ca5S0xde9	[0xe69, [0x2ca5, nil]]
0x2cabS0xde9	[0xe69, [0x2cab, nil]]
0x2710S0x2c91S0xde9	[0xe69, [0x2ca5, [0x2710, nil]]]
0x270dS0x2c91S0xde9	[0xe69, [0x2ca5, [0x270d, nil]]]
0x270aS0x2c91S0xde9	[0xe69, [0x2ca5, [0x270a, nil]]]
0x310bS0x2702S0x2c91S0xde9	[0xe69, [0x2ca5, [0x270a, [0x310b, nil]]]]
0x253cS0xe96	[0xeb9, [0x253c, nil]]
0x2538S0xe96	[0xeb9, [0x2538, nil]]
0x254aS0xe96	[0xeb9, [0x254a, nil]]
0x2553S0xe96	[0xeb9, [0x2553, nil]]
0x2335S0x253dS0xe96	[0xeb9, [0x254a, [0x2335, nil]]]
0x233bS0x253dS0xe96	[0xeb9, [0x254a, [0x233b, nil]]]
0x31e9S0x2327B0x253dS0xe96	[0xeb9, [0x2335, [0x31e9, nil]]]
0x31e5S0x2327B0x253dS0xe96	[0xeb9, [0x2335, [0x31e5, nil]]]
0x31ecS0x2327B0x253dS0xe96	[0xeb9, [0x2335, [0x31ec, nil]]]
0x31deS0x2327B0x253dS0xe96	[0xeb9, [0x2335, [0x31de, nil]]]
0x3135S0x31d6S0x2327B0x253dS0xe96	[0xeb9, [0x2335, [0x31de, [0x3135, nil]]]]
0x2d05S0xff0	[0x1010, [0x2d05, nil]]
0x2d12S0xff0	[0x1010, [0x2d12, nil]]
0x2d1fS0xff0	[0x1010, [0x2d1f, nil]]
0x2d2cS0xff0	[0x1010, [0x2d2c, nil]]
0x2d39S0xff0	[0x1010, [0x2d39, nil]]
0x2d46S0xff0	[0x1010, [0x2d46, nil]]
0x2d51S0xff0	[0x1010, [0x2d51, nil]]
0x2710S0x2cf1S0xff0	[0x1010, [0x2d05, [0x2710, nil]]]
0x270dS0x2cf1S0xff0	[0x1010, [0x2d05, [0x270d, nil]]]
0x270aS0x2cf1S0xff0	[0x1010, [0x2d05, [0x270a, nil]]]
0x310bS0x2702S0x2cf1S0xff0	[0x1010, [0x2d05, [0x270a, [0x310b, nil]]]]
0x2b7bS0x2d06S0xff0	[0x1010, [0x2d12, [0x2b7b, nil]]]
0x2b78S0x2d06S0xff0	[0x1010, [0x2d12, [0x2b78, nil]]]
0x2b75S0x2d06S0xff0	[0x1010, [0x2d12, [0x2b75, nil]]]
0x3135S0x2b6dS0x2d06S0xff0	[0x1010, [0x2d12, [0x2b75, [0x3135, nil]]]]
0x2694S0x2d13S0xff0	[0x1010, [0x2d1f, [0x2694, nil]]]
0x2691S0x2d13S0xff0	[0x1010, [0x2d1f, [0x2691, nil]]]
0x268eS0x2d13S0xff0	[0x1010, [0x2d1f, [0x268e, nil]]]
0x30eeS0x2686S0x2d13S0xff0	[0x1010, [0x2d1f, [0x268e, [0x30ee, nil]]]]
0x30f5S0x2686S0x2d13S0xff0	[0x1010, [0x2d1f, [0x268e, [0x30f5, nil]]]]
0x312bS0x2686S0x2d13S0xff0	[0x1010, [0x2d1f, [0x268e, [0x312b, nil]]]]
0x2b7bS0x2d20S0xff0	[0x1010, [0x2d2c, [0x2b7b, nil]]]
0x2b78S0x2d20S0xff0	[0x1010, [0x2d2c, [0x2b78, nil]]]
0x2b75S0x2d20S0xff0	[0x1010, [0x2d2c, [0x2b75, nil]]]
0x3135S0x2b6dS0x2d20S0xff0	[0x1010, [0x2d2c, [0x2b75, [0x3135, nil]]]]
0x2b7bS0x2d2dS0xff0	[0x1010, [0x2d39, [0x2b7b, nil]]]
0x2b78S0x2d2dS0xff0	[0x1010, [0x2d39, [0x2b78, nil]]]
0x2b75S0x2d2dS0xff0	[0x1010, [0x2d39, [0x2b75, nil]]]
0x3135S0x2b6dS0x2d2dS0xff0	[0x1010, [0x2d39, [0x2b75, [0x3135, nil]]]]
0x2694S0x2d3aS0xff0	[0x1010, [0x2d46, [0x2694, nil]]]
0x2691S0x2d3aS0xff0	[0x1010, [0x2d46, [0x2691, nil]]]
0x268eS0x2d3aS0xff0	[0x1010, [0x2d46, [0x268e, nil]]]
0x30eeS0x2686S0x2d3aS0xff0	[0x1010, [0x2d46, [0x268e, [0x30ee, nil]]]]
0x30f5S0x2686S0x2d3aS0xff0	[0x1010, [0x2d46, [0x268e, [0x30f5, nil]]]]
0x312bS0x2686S0x2d3aS0xff0	[0x1010, [0x2d46, [0x268e, [0x312b, nil]]]]
0x2d66S0x1099	[0x10c1, [0x2d66, nil]]
0x2b8aS0x1099	[0x10c1, [0x2b8a, nil]]
0x2b87S0x1099	[0x10c1, [0x2b87, nil]]
0x2d73S0x1099	[0x10c1, [0x2d73, nil]]
0x2d80S0x1099	[0x10c1, [0x2d80, nil]]
0x2b84S0x1099	[0x10c1, [0x2b84, nil]]
0x2d8dS0x1099	[0x10c1, [0x2d8d, nil]]
0x2d96S0x1099	[0x10c1, [0x2d96, nil]]
0x3142S0x2b7cS0x1099	[0x10c1, [0x2b84, [0x3142, nil]]]
0x2710S0x2d52S0x1099	[0x10c1, [0x2d66, [0x2710, nil]]]
0x270dS0x2d52S0x1099	[0x10c1, [0x2d66, [0x270d, nil]]]
0x270aS0x2d52S0x1099	[0x10c1, [0x2d66, [0x270a, nil]]]
0x310bS0x2702S0x2d52S0x1099	[0x10c1, [0x2d66, [0x270a, [0x310b, nil]]]]
0x2710S0x2d74S0x1099	[0x10c1, [0x2d80, [0x2710, nil]]]
0x270dS0x2d74S0x1099	[0x10c1, [0x2d80, [0x270d, nil]]]
0x270aS0x2d74S0x1099	[0x10c1, [0x2d80, [0x270a, nil]]]
0x310bS0x2702S0x2d74S0x1099	[0x10c1, [0x2d80, [0x270a, [0x310b, nil]]]]
0x2710S0x2d81S0x1099	[0x10c1, [0x2d8d, [0x2710, nil]]]
0x270dS0x2d81S0x1099	[0x10c1, [0x2d8d, [0x270d, nil]]]
0x270aS0x2d81S0x1099	[0x10c1, [0x2d8d, [0x270a, nil]]]
0x310bS0x2702S0x2d81S0x1099	[0x10c1, [0x2d8d, [0x270a, [0x310b, nil]]]]
0x2f88S0x1206	[0x1266, [0x2f88, nil]]
0x2f95S0x1206	[0x1266, [0x2f95, nil]]
0x2f9cS0x1206	[0x1266, [0x2f9c, nil]]
0x2b7bS0x2f74S0x1206	[0x1266, [0x2f88, [0x2b7b, nil]]]
0x2b78S0x2f74S0x1206	[0x1266, [0x2f88, [0x2b78, nil]]]
0x2b75S0x2f74S0x1206	[0x1266, [0x2f88, [0x2b75, nil]]]
0x3135S0x2b6dS0x2f74S0x1206	[0x1266, [0x2f88, [0x2b75, [0x3135, nil]]]]
0x2b7bS0x2f89S0x1206	[0x1266, [0x2f95, [0x2b7b, nil]]]
0x2b78S0x2f89S0x1206	[0x1266, [0x2f95, [0x2b78, nil]]]
0x2b75S0x2f89S0x1206	[0x1266, [0x2f95, [0x2b75, nil]]]
0x3135S0x2b6dS0x2f89S0x1206	[0x1266, [0x2f95, [0x2b75, [0x3135, nil]]]]
0x2f6dS0x12f0	[0x1337, [0x2f6d, nil]]
0x2f73S0x12f0	[0x1337, [0x2f73, nil]]
0x2b7bS0x2f59S0x12f0	[0x1337, [0x2f6d, [0x2b7b, nil]]]
0x2b78S0x2f59S0x12f0	[0x1337, [0x2f6d, [0x2b78, nil]]]
0x2b75S0x2f59S0x12f0	[0x1337, [0x2f6d, [0x2b75, nil]]]
0x3135S0x2b6dS0x2f59S0x12f0	[0x1337, [0x2f6d, [0x2b75, [0x3135, nil]]]]
0x24fbS0x157b	[0x15a3, [0x24fb, nil]]
0x2515S0x157b	[0x15a3, [0x2515, nil]]
0x24f7S0x157b	[0x15a3, [0x24f7, nil]]
0x2511S0x157b	[0x15a3, [0x2511, nil]]
0x2521S0x157b	[0x15a3, [0x2521, nil]]
0x252aS0x157b	[0x15a3, [0x252a, nil]]
0x225aS0x2516S0x157b	[0x15a3, [0x2521, [0x225a, nil]]]
0x2289S0x2516S0x157b	[0x15a3, [0x2521, [0x2289, nil]]]
0x3058S0x2516S0x157b	[0x15a3, [0x2521, [0x3058, nil]]]
0x2268S0x2516S0x157b	[0x15a3, [0x2521, [0x2268, nil]]]
0x2285S0x2516S0x157b	[0x15a3, [0x2521, [0x2285, nil]]]
0x2273S0x2516S0x157b	[0x15a3, [0x2521, [0x2273, nil]]]
0x226dS0x2516S0x157b	[0x15a3, [0x2521, [0x226d, nil]]]
0x3054S0x2516S0x157b	[0x15a3, [0x2521, [0x3054, nil]]]
0x2294S0x2516S0x157b	[0x15a3, [0x2521, [0x2294, nil]]]
0x229dS0x2516S0x157b	[0x15a3, [0x2521, [0x229d, nil]]]
0x2256S0x2516S0x157b	[0x15a3, [0x2521, [0x2256, nil]]]
0x306dS0x2516S0x157b	[0x15a3, [0x2521, [0x306d, nil]]]
0x2fbfS0x2269S0x2516S0x157b	[0x15a3, [0x2521, [0x226d, [0x2fbf, nil]]]]
0x2fbbS0x2269S0x2516S0x157b	[0x15a3, [0x2521, [0x226d, [0x2fbb, nil]]]]
0x2fc9S0x2269S0x2516S0x157b	[0x15a3, [0x2521, [0x226d, [0x2fc9, nil]]]]
0x2fc4S0x2269S0x2516S0x157b	[0x15a3, [0x2521, [0x226d, [0x2fc4, nil]]]]
0x1e220S0x228aS0x2516S0x157b	[0x15a3, [0x2521, [0x2294, [0x3170, nil]]]]
0x316fS0x228aS0x2516S0x157b	[0x15a3, [0x2521, [0x2294, [0x316f, nil]]]]
0x1d820S0x228aS0x2516S0x157b	[0x15a3, [0x2521, [0x2294, [0x3146, nil]]]]
0x3169S0x228aS0x2516S0x157b	[0x15a3, [0x2521, [0x2294, [0x3169, nil]]]]
0x314eS0x228aS0x2516S0x157b	[0x15a3, [0x2521, [0x2294, [0x314e, nil]]]]
0x3c51cS0x228aS0x2516S0x157b	[0x15a3, [0x2521, [0x2294, [0x3175, nil]]]]
0x3c5f8S0x228aS0x2516S0x157b	[0x15a3, [0x2521, [0x2294, [0x3175, nil]]]]
0x3160S0x228aS0x2516S0x157b	[0x15a3, [0x2521, [0x2294, [0x3160, nil]]]]
0x3156S0x228aS0x2516S0x157b	[0x15a3, [0x2521, [0x2294, [0x3156, nil]]]]
0x2cc0S0x15b3	[0x15c6, [0x2cc0, nil]]
0x2ccdS0x15b3	[0x15c6, [0x2ccd, nil]]
0x2cdaS0x15b3	[0x15c6, [0x2cda, nil]]
0x2ce7S0x15b3	[0x15c6, [0x2ce7, nil]]
0x2cf0S0x15b3	[0x15c6, [0x2cf0, nil]]
0x2710S0x2cacS0x15b3	[0x15c6, [0x2cc0, [0x2710, nil]]]
0x270dS0x2cacS0x15b3	[0x15c6, [0x2cc0, [0x270d, nil]]]
0x270aS0x2cacS0x15b3	[0x15c6, [0x2cc0, [0x270a, nil]]]
0x310bS0x2702S0x2cacS0x15b3	[0x15c6, [0x2cc0, [0x270a, [0x310b, nil]]]]
0x2710S0x2cc1S0x15b3	[0x15c6, [0x2ccd, [0x2710, nil]]]
0x270dS0x2cc1S0x15b3	[0x15c6, [0x2ccd, [0x270d, nil]]]
0x270aS0x2cc1S0x15b3	[0x15c6, [0x2ccd, [0x270a, nil]]]
0x310bS0x2702S0x2cc1S0x15b3	[0x15c6, [0x2ccd, [0x270a, [0x310b, nil]]]]
0x2b7bS0x2cceS0x15b3	[0x15c6, [0x2cda, [0x2b7b, nil]]]
0x2b78S0x2cceS0x15b3	[0x15c6, [0x2cda, [0x2b78, nil]]]
0x2b75S0x2cceS0x15b3	[0x15c6, [0x2cda, [0x2b75, nil]]]
0x3135S0x2b6dS0x2cceS0x15b3	[0x15c6, [0x2cda, [0x2b75, [0x3135, nil]]]]
0x2694S0x2cdbS0x15b3	[0x15c6, [0x2ce7, [0x2694, nil]]]
0x2691S0x2cdbS0x15b3	[0x15c6, [0x2ce7, [0x2691, nil]]]
0x268eS0x2cdbS0x15b3	[0x15c6, [0x2ce7, [0x268e, nil]]]
0x30eeS0x2686S0x2cdbS0x15b3	[0x15c6, [0x2ce7, [0x268e, [0x30ee, nil]]]]
0x30f5S0x2686S0x2cdbS0x15b3	[0x15c6, [0x2ce7, [0x268e, [0x30f5, nil]]]]
0x312bS0x2686S0x2cdbS0x15b3	[0x15c6, [0x2ce7, [0x268e, [0x312b, nil]]]]
0x253cS0x17d3	[0x17f6, [0x253c, nil]]
0x2538S0x17d3	[0x17f6, [0x2538, nil]]
0x254aS0x17d3	[0x17f6, [0x254a, nil]]
0x2553S0x17d3	[0x17f6, [0x2553, nil]]
0x2335S0x253dS0x17d3	[0x17f6, [0x254a, [0x2335, nil]]]
0x233bS0x253dS0x17d3	[0x17f6, [0x254a, [0x233b, nil]]]
0x31e9S0x2327B0x253dS0x17d3	[0x17f6, [0x2335, [0x31e9, nil]]]
0x31e5S0x2327B0x253dS0x17d3	[0x17f6, [0x2335, [0x31e5, nil]]]
0x31ecS0x2327B0x253dS0x17d3	[0x17f6, [0x2335, [0x31ec, nil]]]
0x31deS0x2327B0x253dS0x17d3	[0x17f6, [0x2335, [0x31de, nil]]]
0x3135S0x31d6S0x2327B0x253dS0x17d3	[0x17f6, [0x2335, [0x31de, [0x3135, nil]]]]
0x2ca5S0x1839	[0x18b5, [0x2ca5, nil]]
0x2cabS0x1839	[0x18b5, [0x2cab, nil]]
0x2710S0x2c91S0x1839	[0x18b5, [0x2ca5, [0x2710, nil]]]
0x270dS0x2c91S0x1839	[0x18b5, [0x2ca5, [0x270d, nil]]]
0x270aS0x2c91S0x1839	[0x18b5, [0x2ca5, [0x270a, nil]]]
0x310bS0x2702S0x2c91S0x1839	[0x18b5, [0x2ca5, [0x270a, [0x310b, nil]]]]
0x253cS0x18e2	[0x1905, [0x253c, nil]]
0x2538S0x18e2	[0x1905, [0x2538, nil]]
0x254aS0x18e2	[0x1905, [0x254a, nil]]
0x2553S0x18e2	[0x1905, [0x2553, nil]]
0x2335S0x253dS0x18e2	[0x1905, [0x254a, [0x2335, nil]]]
0x233bS0x253dS0x18e2	[0x1905, [0x254a, [0x233b, nil]]]
0x31e9S0x2327B0x253dS0x18e2	[0x1905, [0x2335, [0x31e9, nil]]]
0x31e5S0x2327B0x253dS0x18e2	[0x1905, [0x2335, [0x31e5, nil]]]
0x31ecS0x2327B0x253dS0x18e2	[0x1905, [0x2335, [0x31ec, nil]]]
0x31deS0x2327B0x253dS0x18e2	[0x1905, [0x2335, [0x31de, nil]]]
0x3135S0x31d6S0x2327B0x253dS0x18e2	[0x1905, [0x2335, [0x31de, [0x3135, nil]]]]
0x2f6dS0x19c9	[0x1a0d, [0x2f6d, nil]]
0x2f73S0x19c9	[0x1a0d, [0x2f73, nil]]
0x2b7bS0x2f59S0x19c9	[0x1a0d, [0x2f6d, [0x2b7b, nil]]]
0x2b78S0x2f59S0x19c9	[0x1a0d, [0x2f6d, [0x2b78, nil]]]
0x2b75S0x2f59S0x19c9	[0x1a0d, [0x2f6d, [0x2b75, nil]]]
0x3135S0x2b6dS0x2f59S0x19c9	[0x1a0d, [0x2f6d, [0x2b75, [0x3135, nil]]]]
0x2f88S0xb670x39b	[0xbf4, [0x2f88, nil]]
0x2f95S0xb670x39b	[0xbf4, [0x2f95, nil]]
0x2f9cS0xb670x39b	[0xbf4, [0x2f9c, nil]]
0x2b7bS0x2f74S0xb670x39b	[0xbf4, [0x2f88, [0x2b7b, nil]]]
0x2b78S0x2f74S0xb670x39b	[0xbf4, [0x2f88, [0x2b78, nil]]]
0x2b75S0x2f74S0xb670x39b	[0xbf4, [0x2f88, [0x2b75, nil]]]
0x3135S0x2b6dS0x2f74S0xb670x39b	[0xbf4, [0x2f88, [0x2b75, [0x3135, nil]]]]
0x2b7bS0x2f89S0xb670x39b	[0xbf4, [0x2f95, [0x2b7b, nil]]]
0x2b78S0x2f89S0xb670x39b	[0xbf4, [0x2f95, [0x2b78, nil]]]
0x2b75S0x2f89S0xb670x39b	[0xbf4, [0x2f95, [0x2b75, nil]]]
0x3135S0x2b6dS0x2f89S0xb670x39b	[0xbf4, [0x2f95, [0x2b75, [0x3135, nil]]]]
0x2f88S0x1bbf0x470	[0x1c4c, [0x2f88, nil]]
0x2f95S0x1bbf0x470	[0x1c4c, [0x2f95, nil]]
0x2f9cS0x1bbf0x470	[0x1c4c, [0x2f9c, nil]]
0x2b7bS0x2f74S0x1bbf0x470	[0x1c4c, [0x2f88, [0x2b7b, nil]]]
0x2b78S0x2f74S0x1bbf0x470	[0x1c4c, [0x2f88, [0x2b78, nil]]]
0x2b75S0x2f74S0x1bbf0x470	[0x1c4c, [0x2f88, [0x2b75, nil]]]
0x3135S0x2b6dS0x2f74S0x1bbf0x470	[0x1c4c, [0x2f88, [0x2b75, [0x3135, nil]]]]
0x2b7bS0x2f89S0x1bbf0x470	[0x1c4c, [0x2f95, [0x2b7b, nil]]]
0x2b78S0x2f89S0x1bbf0x470	[0x1c4c, [0x2f95, [0x2b78, nil]]]
0x2b75S0x2f89S0x1bbf0x470	[0x1c4c, [0x2f95, [0x2b75, nil]]]
0x3135S0x2b6dS0x2f89S0x1bbf0x470	[0x1c4c, [0x2f95, [0x2b75, [0x3135, nil]]]]
0x2362S0x171	[0x186, [0x2362, nil]]
0x235eS0x171	[0x186, [0x235e, nil]]
0x2370S0x171	[0x186, [0x2370, nil]]
0x2379S0x171	[0x186, [0x2379, nil]]
0x2096S0x2363S0x171	[0x186, [0x2370, [0x2096, nil]]]
0x2090S0x2363S0x171	[0x186, [0x2370, [0x2090, nil]]]
0x31a4S0x2082S0x2363S0x171	[0x186, [0x2370, [0x2090, [0x31a4, nil]]]]
0x3199S0x2082S0x2363S0x171	[0x186, [0x2370, [0x2090, [0x3199, nil]]]]
0x31a0S0x2082S0x2363S0x171	[0x186, [0x2370, [0x2090, [0x31a0, nil]]]]
0x31a7S0x2082S0x2363S0x171	[0x186, [0x2370, [0x2090, [0x31a7, nil]]]]
0x30eeS0x3191S0x2082S0x2363S0x171	[0x186, [0x2370, [0x2090, [0x3199, [0x30ee, nil]]]]]
0x30f5S0x3191S0x2082S0x2363S0x171	[0x186, [0x2370, [0x2090, [0x3199, [0x30f5, nil]]]]]
0x312bS0x3191S0x2082S0x2363S0x171	[0x186, [0x2370, [0x2090, [0x3199, [0x312b, nil]]]]]
0x25a4S0x241	[0x256, [0x25a4, nil]]
0x25a0S0x241	[0x256, [0x25a0, nil]]
0x25b2S0x241	[0x256, [0x25b2, nil]]
0x25c3S0x241	[0x256, [0x25c3, nil]]
0x25d4S0x241	[0x256, [0x25d4, nil]]
0x25deS0x241	[0x256, [0x25de, nil]]
0x2320S0x25a5S0x241	[0x256, [0x25b2, [0x2320, nil]]]
0x2320S0x25c4S0x241	[0x256, [0x25d4, [0x2320, nil]]]
0x31e9S0x2312B0x25a5S0x241	[0x256, [0x2320, [0x31e9, nil]]]
0x31e5S0x2312B0x25a5S0x241	[0x256, [0x2320, [0x31e5, nil]]]
0x31deS0x2312B0x25a5S0x241	[0x256, [0x2320, [0x31de, nil]]]
0x3135S0x31d6S0x2312B0x25a5S0x241	[0x256, [0x2320, [0x31de, [0x3135, nil]]]]
0x31e9S0x2312B0x25c4S0x241	[0x256, [0x2320, [0x31e9, nil]]]
0x31e5S0x2312B0x25c4S0x241	[0x256, [0x2320, [0x31e5, nil]]]
0x31deS0x2312B0x25c4S0x241	[0x256, [0x2320, [0x31de, nil]]]
0x3135S0x31d6S0x2312B0x25c4S0x241	[0x256, [0x2320, [0x31de, [0x3135, nil]]]]
0x2326S0x25a5S0x241	[0x256, [0x25b2, [0x2326, nil]]]
0x2326S0x25c4S0x241	[0x256, [0x25d4, [0x2326, nil]]]
0x31ecS0x2312B0x25a5S0x241	[0x256, [0x2320, [0x31ec, nil]]]
0x31ecS0x2312B0x25c4S0x241	[0x256, [0x2320, [0x31ec, nil]]]
0x2096S0x25b3S0x241	[0x256, [0x25c3, [0x2096, nil]]]
0x2090S0x25b3S0x241	[0x256, [0x25c3, [0x2090, nil]]]
0x31a4S0x2082S0x25b3S0x241	[0x256, [0x25c3, [0x2090, [0x31a4, nil]]]]
0x3199S0x2082S0x25b3S0x241	[0x256, [0x25c3, [0x2090, [0x3199, nil]]]]
0x31a0S0x2082S0x25b3S0x241	[0x256, [0x25c3, [0x2090, [0x31a0, nil]]]]
0x31a7S0x2082S0x25b3S0x241	[0x256, [0x25c3, [0x2090, [0x31a7, nil]]]]
0x30eeS0x3191S0x2082S0x25b3S0x241	[0x256, [0x25c3, [0x2090, [0x3199, [0x30ee, nil]]]]]
0x30f5S0x3191S0x2082S0x25b3S0x241	[0x256, [0x25c3, [0x2090, [0x3199, [0x30f5, nil]]]]]
0x312bS0x3191S0x2082S0x25b3S0x241	[0x256, [0x25c3, [0x2090, [0x3199, [0x312b, nil]]]]]
0x238cS0x2d9	[0x2ee, [0x238c, nil]]
0x2388S0x2d9	[0x2ee, [0x2388, nil]]
0x239aS0x2d9	[0x2ee, [0x239a, nil]]
0x23abS0x2d9	[0x2ee, [0x23ab, nil]]
0x23b5S0x2d9	[0x2ee, [0x23b5, nil]]
0x2096S0x238dS0x2d9	[0x2ee, [0x239a, [0x2096, nil]]]
0x2090S0x238dS0x2d9	[0x2ee, [0x239a, [0x2090, nil]]]
0x31a4S0x2082S0x238dS0x2d9	[0x2ee, [0x239a, [0x2090, [0x31a4, nil]]]]
0x3199S0x2082S0x238dS0x2d9	[0x2ee, [0x239a, [0x2090, [0x3199, nil]]]]
0x31a0S0x2082S0x238dS0x2d9	[0x2ee, [0x239a, [0x2090, [0x31a0, nil]]]]
0x31a7S0x2082S0x238dS0x2d9	[0x2ee, [0x239a, [0x2090, [0x31a7, nil]]]]
0x30eeS0x3191S0x2082S0x238dS0x2d9	[0x2ee, [0x239a, [0x2090, [0x3199, [0x30ee, nil]]]]]
0x30f5S0x3191S0x2082S0x238dS0x2d9	[0x2ee, [0x239a, [0x2090, [0x3199, [0x30f5, nil]]]]]
0x312bS0x3191S0x2082S0x238dS0x2d9	[0x2ee, [0x239a, [0x2090, [0x3199, [0x312b, nil]]]]]
0x2096S0x239bS0x2d9	[0x2ee, [0x23ab, [0x2096, nil]]]
0x2090S0x239bS0x2d9	[0x2ee, [0x23ab, [0x2090, nil]]]
0x31a4S0x2082S0x239bS0x2d9	[0x2ee, [0x23ab, [0x2090, [0x31a4, nil]]]]
0x3199S0x2082S0x239bS0x2d9	[0x2ee, [0x23ab, [0x2090, [0x3199, nil]]]]
0x31a0S0x2082S0x239bS0x2d9	[0x2ee, [0x23ab, [0x2090, [0x31a0, nil]]]]
0x31a7S0x2082S0x239bS0x2d9	[0x2ee, [0x23ab, [0x2090, [0x31a7, nil]]]]
0x30eeS0x3191S0x2082S0x239bS0x2d9	[0x2ee, [0x23ab, [0x2090, [0x3199, [0x30ee, nil]]]]]
0x30f5S0x3191S0x2082S0x239bS0x2d9	[0x2ee, [0x23ab, [0x2090, [0x3199, [0x30f5, nil]]]]]
0x312bS0x3191S0x2082S0x239bS0x2d9	[0x2ee, [0x23ab, [0x2090, [0x3199, [0x312b, nil]]]]]
0x23c8S0x32d	[0x342, [0x23c8, nil]]
0x23c4S0x32d	[0x342, [0x23c4, nil]]
0x23d6S0x32d	[0x342, [0x23d6, nil]]
0x23e7S0x32d	[0x342, [0x23e7, nil]]
0x23f1S0x32d	[0x342, [0x23f1, nil]]
0x2320S0x23d7S0x32d	[0x342, [0x23e7, [0x2320, nil]]]
0x31e9S0x2312B0x23d7S0x32d	[0x342, [0x2320, [0x31e9, nil]]]
0x31e5S0x2312B0x23d7S0x32d	[0x342, [0x2320, [0x31e5, nil]]]
0x31deS0x2312B0x23d7S0x32d	[0x342, [0x2320, [0x31de, nil]]]
0x3135S0x31d6S0x2312B0x23d7S0x32d	[0x342, [0x2320, [0x31de, [0x3135, nil]]]]
0x2326S0x23d7S0x32d	[0x342, [0x23e7, [0x2326, nil]]]
0x31ecS0x2312B0x23d7S0x32d	[0x342, [0x2320, [0x31ec, nil]]]
0x2096S0x23c9S0x32d	[0x342, [0x23d6, [0x2096, nil]]]
0x2090S0x23c9S0x32d	[0x342, [0x23d6, [0x2090, nil]]]
0x31a4S0x2082S0x23c9S0x32d	[0x342, [0x23d6, [0x2090, [0x31a4, nil]]]]
0x3199S0x2082S0x23c9S0x32d	[0x342, [0x23d6, [0x2090, [0x3199, nil]]]]
0x31a0S0x2082S0x23c9S0x32d	[0x342, [0x23d6, [0x2090, [0x31a0, nil]]]]
0x31a7S0x2082S0x23c9S0x32d	[0x342, [0x23d6, [0x2090, [0x31a7, nil]]]]
0x30eeS0x3191S0x2082S0x23c9S0x32d	[0x342, [0x23d6, [0x2090, [0x3199, [0x30ee, nil]]]]]
0x30f5S0x3191S0x2082S0x23c9S0x32d	[0x342, [0x23d6, [0x2090, [0x3199, [0x30f5, nil]]]]]
0x312bS0x3191S0x2082S0x23c9S0x32d	[0x342, [0x23d6, [0x2090, [0x3199, [0x312b, nil]]]]]
0x25a4S0x36a	[0x37f, [0x25a4, nil]]
0x25a0S0x36a	[0x37f, [0x25a0, nil]]
0x25b2S0x36a	[0x37f, [0x25b2, nil]]
0x25c3S0x36a	[0x37f, [0x25c3, nil]]
0x25d4S0x36a	[0x37f, [0x25d4, nil]]
0x25deS0x36a	[0x37f, [0x25de, nil]]
0x2320S0x25a5S0x36a	[0x37f, [0x25b2, [0x2320, nil]]]
0x2320S0x25c4S0x36a	[0x37f, [0x25d4, [0x2320, nil]]]
0x31e9S0x2312B0x25a5S0x36a	[0x37f, [0x2320, [0x31e9, nil]]]
0x31e5S0x2312B0x25a5S0x36a	[0x37f, [0x2320, [0x31e5, nil]]]
0x31deS0x2312B0x25a5S0x36a	[0x37f, [0x2320, [0x31de, nil]]]
0x3135S0x31d6S0x2312B0x25a5S0x36a	[0x37f, [0x2320, [0x31de, [0x3135, nil]]]]
0x31e9S0x2312B0x25c4S0x36a	[0x37f, [0x2320, [0x31e9, nil]]]
0x31e5S0x2312B0x25c4S0x36a	[0x37f, [0x2320, [0x31e5, nil]]]
0x31deS0x2312B0x25c4S0x36a	[0x37f, [0x2320, [0x31de, nil]]]
0x3135S0x31d6S0x2312B0x25c4S0x36a	[0x37f, [0x2320, [0x31de, [0x3135, nil]]]]
0x2326S0x25a5S0x36a	[0x37f, [0x25b2, [0x2326, nil]]]
0x2326S0x25c4S0x36a	[0x37f, [0x25d4, [0x2326, nil]]]
0x31ecS0x2312B0x25a5S0x36a	[0x37f, [0x2320, [0x31ec, nil]]]
0x31ecS0x2312B0x25c4S0x36a	[0x37f, [0x2320, [0x31ec, nil]]]
0x2096S0x25b3S0x36a	[0x37f, [0x25c3, [0x2096, nil]]]
0x2090S0x25b3S0x36a	[0x37f, [0x25c3, [0x2090, nil]]]
0x31a4S0x2082S0x25b3S0x36a	[0x37f, [0x25c3, [0x2090, [0x31a4, nil]]]]
0x3199S0x2082S0x25b3S0x36a	[0x37f, [0x25c3, [0x2090, [0x3199, nil]]]]
0x31a0S0x2082S0x25b3S0x36a	[0x37f, [0x25c3, [0x2090, [0x31a0, nil]]]]
0x31a7S0x2082S0x25b3S0x36a	[0x37f, [0x25c3, [0x2090, [0x31a7, nil]]]]
0x30eeS0x3191S0x2082S0x25b3S0x36a	[0x37f, [0x25c3, [0x2090, [0x3199, [0x30ee, nil]]]]]
0x30f5S0x3191S0x2082S0x25b3S0x36a	[0x37f, [0x25c3, [0x2090, [0x3199, [0x30f5, nil]]]]]
0x312bS0x3191S0x2082S0x25b3S0x36a	[0x37f, [0x25c3, [0x2090, [0x3199, [0x312b, nil]]]]]
0x23c8S0x3a7	[0x3bc, [0x23c8, nil]]
0x23c4S0x3a7	[0x3bc, [0x23c4, nil]]
0x23d6S0x3a7	[0x3bc, [0x23d6, nil]]
0x23e7S0x3a7	[0x3bc, [0x23e7, nil]]
0x23f1S0x3a7	[0x3bc, [0x23f1, nil]]
0x2320S0x23d7S0x3a7	[0x3bc, [0x23e7, [0x2320, nil]]]
0x31e9S0x2312B0x23d7S0x3a7	[0x3bc, [0x2320, [0x31e9, nil]]]
0x31e5S0x2312B0x23d7S0x3a7	[0x3bc, [0x2320, [0x31e5, nil]]]
0x31deS0x2312B0x23d7S0x3a7	[0x3bc, [0x2320, [0x31de, nil]]]
0x3135S0x31d6S0x2312B0x23d7S0x3a7	[0x3bc, [0x2320, [0x31de, [0x3135, nil]]]]
0x2326S0x23d7S0x3a7	[0x3bc, [0x23e7, [0x2326, nil]]]
0x31ecS0x2312B0x23d7S0x3a7	[0x3bc, [0x2320, [0x31ec, nil]]]
0x2096S0x23c9S0x3a7	[0x3bc, [0x23d6, [0x2096, nil]]]
0x2090S0x23c9S0x3a7	[0x3bc, [0x23d6, [0x2090, nil]]]
0x31a4S0x2082S0x23c9S0x3a7	[0x3bc, [0x23d6, [0x2090, [0x31a4, nil]]]]
0x3199S0x2082S0x23c9S0x3a7	[0x3bc, [0x23d6, [0x2090, [0x3199, nil]]]]
0x31a0S0x2082S0x23c9S0x3a7	[0x3bc, [0x23d6, [0x2090, [0x31a0, nil]]]]
0x31a7S0x2082S0x23c9S0x3a7	[0x3bc, [0x23d6, [0x2090, [0x31a7, nil]]]]
0x30eeS0x3191S0x2082S0x23c9S0x3a7	[0x3bc, [0x23d6, [0x2090, [0x3199, [0x30ee, nil]]]]]
0x30f5S0x3191S0x2082S0x23c9S0x3a7	[0x3bc, [0x23d6, [0x2090, [0x3199, [0x30f5, nil]]]]]
0x312bS0x3191S0x2082S0x23c9S0x3a7	[0x3bc, [0x23d6, [0x2090, [0x3199, [0x312b, nil]]]]]
0x238cS0x498	[0x4ad, [0x238c, nil]]
0x2388S0x498	[0x4ad, [0x2388, nil]]
0x239aS0x498	[0x4ad, [0x239a, nil]]
0x23abS0x498	[0x4ad, [0x23ab, nil]]
0x23b5S0x498	[0x4ad, [0x23b5, nil]]
0x2096S0x238dS0x498	[0x4ad, [0x239a, [0x2096, nil]]]
0x2090S0x238dS0x498	[0x4ad, [0x239a, [0x2090, nil]]]
0x31a4S0x2082S0x238dS0x498	[0x4ad, [0x239a, [0x2090, [0x31a4, nil]]]]
0x3199S0x2082S0x238dS0x498	[0x4ad, [0x239a, [0x2090, [0x3199, nil]]]]
0x31a0S0x2082S0x238dS0x498	[0x4ad, [0x239a, [0x2090, [0x31a0, nil]]]]
0x31a7S0x2082S0x238dS0x498	[0x4ad, [0x239a, [0x2090, [0x31a7, nil]]]]
0x30eeS0x3191S0x2082S0x238dS0x498	[0x4ad, [0x239a, [0x2090, [0x3199, [0x30ee, nil]]]]]
0x30f5S0x3191S0x2082S0x238dS0x498	[0x4ad, [0x239a, [0x2090, [0x3199, [0x30f5, nil]]]]]
0x312bS0x3191S0x2082S0x238dS0x498	[0x4ad, [0x239a, [0x2090, [0x3199, [0x312b, nil]]]]]
0x2096S0x239bS0x498	[0x4ad, [0x23ab, [0x2096, nil]]]
0x2090S0x239bS0x498	[0x4ad, [0x23ab, [0x2090, nil]]]
0x31a4S0x2082S0x239bS0x498	[0x4ad, [0x23ab, [0x2090, [0x31a4, nil]]]]
0x3199S0x2082S0x239bS0x498	[0x4ad, [0x23ab, [0x2090, [0x3199, nil]]]]
0x31a0S0x2082S0x239bS0x498	[0x4ad, [0x23ab, [0x2090, [0x31a0, nil]]]]
0x31a7S0x2082S0x239bS0x498	[0x4ad, [0x23ab, [0x2090, [0x31a7, nil]]]]
0x30eeS0x3191S0x2082S0x239bS0x498	[0x4ad, [0x23ab, [0x2090, [0x3199, [0x30ee, nil]]]]]
0x30f5S0x3191S0x2082S0x239bS0x498	[0x4ad, [0x23ab, [0x2090, [0x3199, [0x30f5, nil]]]]]
0x312bS0x3191S0x2082S0x239bS0x498	[0x4ad, [0x23ab, [0x2090, [0x3199, [0x312b, nil]]]]]
0x16a3S0x4ec	[0x4f4, [0x16a3, nil]]
0x16b7S0x4ec	[0x4f4, [0x16b7, nil]]
0x16b3S0x4ec	[0x4f4, [0x16b3, nil]]
0x168bS0x4ec	[0x4f4, [0x168b, nil]]
0x167fS0x4ec	[0x4f4, [0x167f, nil]]
0x169fS0x4ec	[0x4f4, [0x169f, nil]]
0x16aeS0x4ec	[0x4f4, [0x16ae, nil]]
0x16dbS0x4ec	[0x4f4, [0x16db, nil]]
0x16ceS0x4ec	[0x4f4, [0x16ce, nil]]
0x16e0S0x4ec	[0x4f4, [0x16e0, nil]]
0x2bedS0x162fS0x4ec	[0x4f4, [0x168b, [0x2bed, nil]]]
0x2bf3S0x162fS0x4ec	[0x4f4, [0x168b, [0x2bf3, nil]]]
0x2694S0x2bd9S0x162fS0x4ec	[0x4f4, [0x168b, [0x2bed, [0x2694, nil]]]]
0x2691S0x2bd9S0x162fS0x4ec	[0x4f4, [0x168b, [0x2bed, [0x2691, nil]]]]
0x268eS0x2bd9S0x162fS0x4ec	[0x4f4, [0x168b, [0x2bed, [0x268e, nil]]]]
0x30eeS0x2686S0x2bd9S0x162fS0x4ec	[0x4f4, [0x168b, [0x2bed, [0x268e, [0x30ee, nil]]]]]
0x30f5S0x2686S0x2bd9S0x162fS0x4ec	[0x4f4, [0x168b, [0x2bed, [0x268e, [0x30f5, nil]]]]]
0x312bS0x2686S0x2bd9S0x162fS0x4ec	[0x4f4, [0x168b, [0x2bed, [0x268e, [0x312b, nil]]]]]
0x253cS0x16b8S0x4ec	[0x4f4, [0x16db, [0x253c, nil]]]
0x2538S0x16b8S0x4ec	[0x4f4, [0x16db, [0x2538, nil]]]
0x254aS0x16b8S0x4ec	[0x4f4, [0x16db, [0x254a, nil]]]
0x2553S0x16b8S0x4ec	[0x4f4, [0x16db, [0x2553, nil]]]
0x2335S0x253dS0x16b8S0x4ec	[0x4f4, [0x16db, [0x254a, [0x2335, nil]]]]
0x233bS0x253dS0x16b8S0x4ec	[0x4f4, [0x16db, [0x254a, [0x233b, nil]]]]
0x31e9S0x2327B0x253dS0x16b8S0x4ec	[0x4f4, [0x16db, [0x2335, [0x31e9, nil]]]]
0x31e5S0x2327B0x253dS0x16b8S0x4ec	[0x4f4, [0x16db, [0x2335, [0x31e5, nil]]]]
0x31ecS0x2327B0x253dS0x16b8S0x4ec	[0x4f4, [0x16db, [0x2335, [0x31ec, nil]]]]
0x31deS0x2327B0x253dS0x16b8S0x4ec	[0x4f4, [0x16db, [0x2335, [0x31de, nil]]]]
0x3135S0x31d6S0x2327B0x253dS0x16b8S0x4ec	[0x4f4, [0x16db, [0x2335, [0x31de, [0x3135, nil]]]]]
0x2566S0x542	[0x557, [0x2566, nil]]
0x2562S0x542	[0x557, [0x2562, nil]]
0x2574S0x542	[0x557, [0x2574, nil]]
0x2585S0x542	[0x557, [0x2585, nil]]
0x258fS0x542	[0x557, [0x258f, nil]]
0x2320S0x2567S0x542	[0x557, [0x2574, [0x2320, nil]]]
0x31e9S0x2312B0x2567S0x542	[0x557, [0x2320, [0x31e9, nil]]]
0x31e5S0x2312B0x2567S0x542	[0x557, [0x2320, [0x31e5, nil]]]
0x31deS0x2312B0x2567S0x542	[0x557, [0x2320, [0x31de, nil]]]
0x3135S0x31d6S0x2312B0x2567S0x542	[0x557, [0x2320, [0x31de, [0x3135, nil]]]]
0x2326S0x2567S0x542	[0x557, [0x2574, [0x2326, nil]]]
0x31ecS0x2312B0x2567S0x542	[0x557, [0x2320, [0x31ec, nil]]]
0x2096S0x2575S0x542	[0x557, [0x2585, [0x2096, nil]]]
0x2090S0x2575S0x542	[0x557, [0x2585, [0x2090, nil]]]
0x31a4S0x2082S0x2575S0x542	[0x557, [0x2585, [0x2090, [0x31a4, nil]]]]
0x3199S0x2082S0x2575S0x542	[0x557, [0x2585, [0x2090, [0x3199, nil]]]]
0x31a0S0x2082S0x2575S0x542	[0x557, [0x2585, [0x2090, [0x31a0, nil]]]]
0x31a7S0x2082S0x2575S0x542	[0x557, [0x2585, [0x2090, [0x31a7, nil]]]]
0x30eeS0x3191S0x2082S0x2575S0x542	[0x557, [0x2585, [0x2090, [0x3199, [0x30ee, nil]]]]]
0x30f5S0x3191S0x2082S0x2575S0x542	[0x557, [0x2585, [0x2090, [0x3199, [0x30f5, nil]]]]]
0x312bS0x3191S0x2082S0x2575S0x542	[0x557, [0x2585, [0x2090, [0x3199, [0x312b, nil]]]]]
0x2407S0x272	[0x286, [0x2407, nil]]
0x2403S0x272	[0x286, [0x2403, nil]]
0x2415S0x272	[0x286, [0x2415, nil]]
0x2426S0x272	[0x286, [0x2426, nil]]
0x2437S0x272	[0x286, [0x2437, nil]]
0x2448S0x272	[0x286, [0x2448, nil]]
0x2454S0x272	[0x286, [0x2454, nil]]
0x2320S0x2416S0x272	[0x286, [0x2426, [0x2320, nil]]]
0x2320S0x2438S0x272	[0x286, [0x2448, [0x2320, nil]]]
0x31e9S0x2312B0x2416S0x272	[0x286, [0x2320, [0x31e9, nil]]]
0x31e5S0x2312B0x2416S0x272	[0x286, [0x2320, [0x31e5, nil]]]
0x31deS0x2312B0x2416S0x272	[0x286, [0x2320, [0x31de, nil]]]
0x3135S0x31d6S0x2312B0x2416S0x272	[0x286, [0x2320, [0x31de, [0x3135, nil]]]]
0x31e9S0x2312B0x2438S0x272	[0x286, [0x2320, [0x31e9, nil]]]
0x31e5S0x2312B0x2438S0x272	[0x286, [0x2320, [0x31e5, nil]]]
0x31deS0x2312B0x2438S0x272	[0x286, [0x2320, [0x31de, nil]]]
0x3135S0x31d6S0x2312B0x2438S0x272	[0x286, [0x2320, [0x31de, [0x3135, nil]]]]
0x2326S0x2416S0x272	[0x286, [0x2426, [0x2326, nil]]]
0x2326S0x2438S0x272	[0x286, [0x2448, [0x2326, nil]]]
0x31ecS0x2312B0x2416S0x272	[0x286, [0x2320, [0x31ec, nil]]]
0x31ecS0x2312B0x2438S0x272	[0x286, [0x2320, [0x31ec, nil]]]
0x2096S0x2408S0x272	[0x286, [0x2415, [0x2096, nil]]]
0x2090S0x2408S0x272	[0x286, [0x2415, [0x2090, nil]]]
0x31a4S0x2082S0x2408S0x272	[0x286, [0x2415, [0x2090, [0x31a4, nil]]]]
0x3199S0x2082S0x2408S0x272	[0x286, [0x2415, [0x2090, [0x3199, nil]]]]
0x31a0S0x2082S0x2408S0x272	[0x286, [0x2415, [0x2090, [0x31a0, nil]]]]
0x31a7S0x2082S0x2408S0x272	[0x286, [0x2415, [0x2090, [0x31a7, nil]]]]
0x30eeS0x3191S0x2082S0x2408S0x272	[0x286, [0x2415, [0x2090, [0x3199, [0x30ee, nil]]]]]
0x30f5S0x3191S0x2082S0x2408S0x272	[0x286, [0x2415, [0x2090, [0x3199, [0x30f5, nil]]]]]
0x312bS0x3191S0x2082S0x2408S0x272	[0x286, [0x2415, [0x2090, [0x3199, [0x312b, nil]]]]]
0x2096S0x2427S0x272	[0x286, [0x2437, [0x2096, nil]]]
0x2090S0x2427S0x272	[0x286, [0x2437, [0x2090, nil]]]
0x31a4S0x2082S0x2427S0x272	[0x286, [0x2437, [0x2090, [0x31a4, nil]]]]
0x3199S0x2082S0x2427S0x272	[0x286, [0x2437, [0x2090, [0x3199, nil]]]]
0x31a0S0x2082S0x2427S0x272	[0x286, [0x2437, [0x2090, [0x31a0, nil]]]]
0x31a7S0x2082S0x2427S0x272	[0x286, [0x2437, [0x2090, [0x31a7, nil]]]]
0x30eeS0x3191S0x2082S0x2427S0x272	[0x286, [0x2437, [0x2090, [0x3199, [0x30ee, nil]]]]]
0x30f5S0x3191S0x2082S0x2427S0x272	[0x286, [0x2437, [0x2090, [0x3199, [0x30f5, nil]]]]]
0x312bS0x3191S0x2082S0x2427S0x272	[0x286, [0x2437, [0x2090, [0x3199, [0x312b, nil]]]]]
0x25a4S0x3d8	[0x3ec, [0x25a4, nil]]
0x25a0S0x3d8	[0x3ec, [0x25a0, nil]]
0x25b2S0x3d8	[0x3ec, [0x25b2, nil]]
0x25c3S0x3d8	[0x3ec, [0x25c3, nil]]
0x25d4S0x3d8	[0x3ec, [0x25d4, nil]]
0x25deS0x3d8	[0x3ec, [0x25de, nil]]
0x2320S0x25a5S0x3d8	[0x3ec, [0x25b2, [0x2320, nil]]]
0x2320S0x25c4S0x3d8	[0x3ec, [0x25d4, [0x2320, nil]]]
0x31e9S0x2312B0x25a5S0x3d8	[0x3ec, [0x2320, [0x31e9, nil]]]
0x31e5S0x2312B0x25a5S0x3d8	[0x3ec, [0x2320, [0x31e5, nil]]]
0x31deS0x2312B0x25a5S0x3d8	[0x3ec, [0x2320, [0x31de, nil]]]
0x3135S0x31d6S0x2312B0x25a5S0x3d8	[0x3ec, [0x2320, [0x31de, [0x3135, nil]]]]
0x31e9S0x2312B0x25c4S0x3d8	[0x3ec, [0x2320, [0x31e9, nil]]]
0x31e5S0x2312B0x25c4S0x3d8	[0x3ec, [0x2320, [0x31e5, nil]]]
0x31deS0x2312B0x25c4S0x3d8	[0x3ec, [0x2320, [0x31de, nil]]]
0x3135S0x31d6S0x2312B0x25c4S0x3d8	[0x3ec, [0x2320, [0x31de, [0x3135, nil]]]]
0x2326S0x25a5S0x3d8	[0x3ec, [0x25b2, [0x2326, nil]]]
0x2326S0x25c4S0x3d8	[0x3ec, [0x25d4, [0x2326, nil]]]
0x31ecS0x2312B0x25a5S0x3d8	[0x3ec, [0x2320, [0x31ec, nil]]]
0x31ecS0x2312B0x25c4S0x3d8	[0x3ec, [0x2320, [0x31ec, nil]]]
0x2096S0x25b3S0x3d8	[0x3ec, [0x25c3, [0x2096, nil]]]
0x2090S0x25b3S0x3d8	[0x3ec, [0x25c3, [0x2090, nil]]]
0x31a4S0x2082S0x25b3S0x3d8	[0x3ec, [0x25c3, [0x2090, [0x31a4, nil]]]]
0x3199S0x2082S0x25b3S0x3d8	[0x3ec, [0x25c3, [0x2090, [0x3199, nil]]]]
0x31a0S0x2082S0x25b3S0x3d8	[0x3ec, [0x25c3, [0x2090, [0x31a0, nil]]]]
0x31a7S0x2082S0x25b3S0x3d8	[0x3ec, [0x25c3, [0x2090, [0x31a7, nil]]]]
0x30eeS0x3191S0x2082S0x25b3S0x3d8	[0x3ec, [0x25c3, [0x2090, [0x3199, [0x30ee, nil]]]]]
0x30f5S0x3191S0x2082S0x25b3S0x3d8	[0x3ec, [0x25c3, [0x2090, [0x3199, [0x30f5, nil]]]]]
0x312bS0x3191S0x2082S0x25b3S0x3d8	[0x3ec, [0x25c3, [0x2090, [0x3199, [0x312b, nil]]]]]
0x2467S0x1d9	[0x1ee, [0x2467, nil]]
0x2481S0x1d9	[0x1ee, [0x2481, nil]]
0x24aaS0x1d9	[0x1ee, [0x24aa, nil]]
0x2463S0x1d9	[0x1ee, [0x2463, nil]]
0x247dS0x1d9	[0x1ee, [0x247d, nil]]
0x248dS0x1d9	[0x1ee, [0x248d, nil]]
0x24a6S0x1d9	[0x1ee, [0x24a6, nil]]
0x24b6S0x1d9	[0x1ee, [0x24b6, nil]]
0x24c0S0x1d9	[0x1ee, [0x24c0, nil]]
0x21adS0x24abS0x1d9	[0x1ee, [0x24b6, [0x21ad, nil]]]
0x21e5S0x24abS0x1d9	[0x1ee, [0x24b6, [0x21e5, nil]]]
0x3030S0x24abS0x1d9	[0x1ee, [0x24b6, [0x3030, nil]]]
0x21bbS0x24abS0x1d9	[0x1ee, [0x24b6, [0x21bb, nil]]]
0x21e1S0x24abS0x1d9	[0x1ee, [0x24b6, [0x21e1, nil]]]
0x21c7S0x24abS0x1d9	[0x1ee, [0x24b6, [0x21c7, nil]]]
0x21c0S0x24abS0x1d9	[0x1ee, [0x24b6, [0x21c0, nil]]]
0x302cS0x24abS0x1d9	[0x1ee, [0x24b6, [0x302c, nil]]]
0x1c420S0x24abS0x1d9	[0x1ee, [0x24b6, [0x21e9, nil]]]
0x2215S0x24abS0x1d9	[0x1ee, [0x24b6, [0x2215, nil]]]
0x21feS0x24abS0x1d9	[0x1ee, [0x24b6, [0x21fe, nil]]]
0x21f1S0x24abS0x1d9	[0x1ee, [0x24b6, [0x21f1, nil]]]
0x21a9S0x24abS0x1d9	[0x1ee, [0x24b6, [0x21a9, nil]]]
0x3041S0x24abS0x1d9	[0x1ee, [0x24b6, [0x3041, nil]]]
0x21fbS0x24abS0x1d9	[0x1ee, [0x24b6, [0x21fb, nil]]]
0x2fbfS0x21bcS0x24abS0x1d9	[0x1ee, [0x24b6, [0x21c0, [0x2fbf, nil]]]]
0x2fbbS0x21bcS0x24abS0x1d9	[0x1ee, [0x24b6, [0x21c0, [0x2fbb, nil]]]]
0x2fc9S0x21bcS0x24abS0x1d9	[0x1ee, [0x24b6, [0x21c0, [0x2fc9, nil]]]]
0x2fc4S0x21bcS0x24abS0x1d9	[0x1ee, [0x24b6, [0x21c0, [0x2fc4, nil]]]]
0x2320S0x21f2S0x24abS0x1d9	[0x1ee, [0x24b6, [0x21fb, [0x2320, nil]]]]
0x31e9S0x2312B0x21f2S0x24abS0x1d9	[0x1ee, [0x24b6, [0x2320, [0x31e9, nil]]]]
0x31e5S0x2312B0x21f2S0x24abS0x1d9	[0x1ee, [0x24b6, [0x2320, [0x31e5, nil]]]]
0x31deS0x2312B0x21f2S0x24abS0x1d9	[0x1ee, [0x24b6, [0x2320, [0x31de, nil]]]]
0x3135S0x31d6S0x2312B0x21f2S0x24abS0x1d9	[0x1ee, [0x24b6, [0x2320, [0x31de, [0x3135, nil]]]]]
0x221fS0x24abS0x1d9	[0x1ee, [0x24b6, [0x221f, nil]]]
0x2326S0x21f2S0x24abS0x1d9	[0x1ee, [0x24b6, [0x21fb, [0x2326, nil]]]]
0x31ecS0x2312B0x21f2S0x24abS0x1d9	[0x1ee, [0x24b6, [0x2320, [0x31ec, nil]]]]
0x20a7S0x2482S0x1d9	[0x1ee, [0x248d, [0x20a7, nil]]]
0x20dfS0x2482S0x1d9	[0x1ee, [0x248d, [0x20df, nil]]]
0x2fe0S0x2482S0x1d9	[0x1ee, [0x248d, [0x2fe0, nil]]]
0x20b5S0x2482S0x1d9	[0x1ee, [0x248d, [0x20b5, nil]]]
0x20dbS0x2482S0x1d9	[0x1ee, [0x248d, [0x20db, nil]]]
0x20c1S0x2482S0x1d9	[0x1ee, [0x248d, [0x20c1, nil]]]
0x20baS0x2482S0x1d9	[0x1ee, [0x248d, [0x20ba, nil]]]
0x2fdcS0x2482S0x1d9	[0x1ee, [0x248d, [0x2fdc, nil]]]
0x1b020S0x2482S0x1d9	[0x1ee, [0x248d, [0x20e3, nil]]]
0x2119S0x2482S0x1d9	[0x1ee, [0x248d, [0x2119, nil]]]
0x210fS0x2482S0x1d9	[0x1ee, [0x248d, [0x210f, nil]]]
0x20f8S0x2482S0x1d9	[0x1ee, [0x248d, [0x20f8, nil]]]
0x20ebS0x2482S0x1d9	[0x1ee, [0x248d, [0x20eb, nil]]]
0x20a3S0x2482S0x1d9	[0x1ee, [0x248d, [0x20a3, nil]]]
0x2ff1S0x2482S0x1d9	[0x1ee, [0x248d, [0x2ff1, nil]]]
0x20f5S0x2482S0x1d9	[0x1ee, [0x248d, [0x20f5, nil]]]
0x2fbfS0x20b6S0x2482S0x1d9	[0x1ee, [0x248d, [0x20ba, [0x2fbf, nil]]]]
0x2fbbS0x20b6S0x2482S0x1d9	[0x1ee, [0x248d, [0x20ba, [0x2fbb, nil]]]]
0x2fc9S0x20b6S0x2482S0x1d9	[0x1ee, [0x248d, [0x20ba, [0x2fc9, nil]]]]
0x2fc4S0x20b6S0x2482S0x1d9	[0x1ee, [0x248d, [0x20ba, [0x2fc4, nil]]]]
0x2096S0x20ecS0x2482S0x1d9	[0x1ee, [0x248d, [0x20f5, [0x2096, nil]]]]
0x2090S0x20ecS0x2482S0x1d9	[0x1ee, [0x248d, [0x20f5, [0x2090, nil]]]]
0x31a4S0x2082S0x20ecS0x2482S0x1d9	[0x1ee, [0x248d, [0x20f5, [0x2090, [0x31a4, nil]]]]]
0x3199S0x2082S0x20ecS0x2482S0x1d9	[0x1ee, [0x248d, [0x20f5, [0x2090, [0x3199, nil]]]]]
0x31a0S0x2082S0x20ecS0x2482S0x1d9	[0x1ee, [0x248d, [0x20f5, [0x2090, [0x31a0, nil]]]]]
0x31a7S0x2082S0x20ecS0x2482S0x1d9	[0x1ee, [0x248d, [0x20f5, [0x2090, [0x31a7, nil]]]]]
0x30eeS0x3191S0x2082S0x20ecS0x2482S0x1d9	[0x1ee, [0x248d, [0x20f5, [0x2090, [0x3199, [0x30ee, nil]]]]]]
0x30f5S0x3191S0x2082S0x20ecS0x2482S0x1d9	[0x1ee, [0x248d, [0x20f5, [0x2090, [0x3199, [0x30f5, nil]]]]]]
0x312bS0x3191S0x2082S0x20ecS0x2482S0x1d9	[0x1ee, [0x248d, [0x20f5, [0x2090, [0x3199, [0x312b, nil]]]]]]
0x8c4S0x2ef	[0x2f3, [0x8c4, nil]]
0x8b9S0x2ef	[0x2f3, [0x8b9, nil]]
0xf220S0x2ef	[0x2f3, [0x91e, nil]]
0x902S0x2ef	[0x2f3, [0x902, nil]]
0x91cS0x2ef	[0x2f3, [0x91c, nil]]
0xfc20S0x2ef	[0x2f3, [0x951, nil]]
0x94fS0x2ef	[0x2f3, [0x94f, nil]]
0x86fS0x2ef	[0x2f3, [0x86f, nil]]
0x87eS0x2ef	[0x2f3, [0x87e, nil]]
0xde20S0x2ef	[0x2f3, [0x879, nil]]
0x893S0x2ef	[0x2f3, [0x893, nil]]
0x8e8S0x2ef	[0x2f3, [0x8e8, nil]]
0x8cdS0x2ef	[0x2f3, [0x8cd, nil]]
0x925S0x2ef	[0x2f3, [0x925, nil]]
0x92fS0x2ef	[0x2f3, [0x92f, nil]]
0x936S0x2ef	[0x2f3, [0x936, nil]]
0x3c464S0x2ef	[0x2f3, [0x955, nil]]
0x3c540S0x2ef	[0x2f3, [0x955, nil]]
0x877S0x2ef	[0x2f3, [0x877, nil]]
0xe820S0x2ef	[0x2f3, [0x88f, nil]]
0x1a82S0x870S0x2ef	[0x2f3, [0x877, [0x1a82, nil]]]
0x2ed1S0x894S0x2ef	[0x2f3, [0x8c4, [0x2ed1, nil]]]
0x2ec9S0x894S0x2ef	[0x2f3, [0x8c4, [0x2ec9, nil]]]
0x2a37S0x894S0x2ef	[0x2f3, [0x8c4, [0x2a37, nil]]]
0x2a07S0x894S0x2ef	[0x2f3, [0x8c4, [0x2a07, nil]]]
0x2a2dS0x894S0x2ef	[0x2f3, [0x8c4, [0x2a2d, nil]]]
0x29deS0x894S0x2ef	[0x2f3, [0x8c4, [0x29de, nil]]]
0x30d8S0x29d2S0x894S0x2ef	[0x2f3, [0x8c4, [0x29de, [0x30d8, nil]]]]
0x30cdS0x29d2S0x894S0x2ef	[0x2f3, [0x8c4, [0x29de, [0x30cd, nil]]]]
0x2ed8S0x894S0x2ef	[0x2f3, [0x8c4, [0x2ed8, nil]]]
0x9e70x95fS0x343	[0x347, [0x9e7, nil]]
0x9dc0x95fS0x343	[0x347, [0x9dc, nil]]
0x9b6S0x343	[0x347, [0x9b6, nil]]
0x1ba40x95fS0x343	[0x347, [0x1ba4, nil]]
0x1baa0x95fS0x343	[0x347, [0x1baa, nil]]
0x106200x95fS0x343	[0x347, [0xa3f, nil]]
0x1c4c0x95fS0x343	[0x347, [0x1c4c, nil]]
0x1bf50x95fS0x343	[0x347, [0x1bf5, nil]]
0x1bfb0x95fS0x343	[0x347, [0x1bfb, nil]]
0x1c040x95fS0x343	[0x347, [0x1c04, nil]]
0xa480x95fS0x343	[0x347, [0xa48, nil]]
0xa3b0x95fS0x343	[0x347, [0xa3b, nil]]
0xa240x95fS0x343	[0x347, [0xa24, nil]]
0xa2a0x95fS0x343	[0x347, [0xa2a, nil]]
0x1c5a0x95fS0x343	[0x347, [0x1c5a, nil]]
0x1c550x95fS0x343	[0x347, [0x1c55, nil]]
0x9f00x95fS0x343	[0x347, [0x9f0, nil]]
0x2b1dS0x9b70x95fS0x343	[0x347, [0x9e7, [0x2b1d, nil]]]
0x2b13S0x9b70x95fS0x343	[0x347, [0x9e7, [0x2b13, nil]]]
0x2aeaS0x9b70x95fS0x343	[0x347, [0x9e7, [0x2aea, nil]]]
0x2f31S0x9b70x95fS0x343	[0x347, [0x9e7, [0x2f31, nil]]]
0x2f29S0x9b70x95fS0x343	[0x347, [0x9e7, [0x2f29, nil]]]
0x30d8S0x2adeS0x9b70x95fS0x343	[0x347, [0x9e7, [0x2aea, [0x30d8, nil]]]]
0x30cdS0x2adeS0x9b70x95fS0x343	[0x347, [0x9e7, [0x2aea, [0x30cd, nil]]]]
0x2f88S0x1bbf0x95fS0x343	[0x347, [0x1c4c, [0x2f88, nil]]]
0x2f95S0x1bbf0x95fS0x343	[0x347, [0x1c4c, [0x2f95, nil]]]
0x2b75S0x2f74S0x1bbf0x95fS0x343	[0x347, [0x1c4c, [0x2f88, [0x2b75, nil]]]]
0x3135S0x2b6dS0x2f74S0x1bbf0x95fS0x343	[0x347, [0x1c4c, [0x2f88, [0x2b75, [0x3135, nil]]]]]
0x2b75S0x2f89S0x1bbf0x95fS0x343	[0x347, [0x1c4c, [0x2f95, [0x2b75, nil]]]]
0x3135S0x2b6dS0x2f89S0x1bbf0x95fS0x343	[0x347, [0x1c4c, [0x2f95, [0x2b75, [0x3135, nil]]]]]
0xa500x95fS0x343	[0x347, [0xa50, nil]]
0x2f38S0x9b70x95fS0x343	[0x347, [0x9e7, [0x2f38, nil]]]
0x2f9cS0x1bbf0x95fS0x343	[0x347, [0x1c4c, [0x2f9c, nil]]]
0x2b7bS0x2f74S0x1bbf0x95fS0x343	[0x347, [0x1c4c, [0x2f88, [0x2b7b, nil]]]]
0x2b78S0x2f74S0x1bbf0x95fS0x343	[0x347, [0x1c4c, [0x2f88, [0x2b78, nil]]]]
0x2b7bS0x2f89S0x1bbf0x95fS0x343	[0x347, [0x1c4c, [0x2f95, [0x2b7b, nil]]]]
0x2b78S0x2f89S0x1bbf0x95fS0x343	[0x347, [0x1c4c, [0x2f95, [0x2b78, nil]]]]
0xc0fS0x3ed	[0x3f1, [0xc0f, nil]]
0xc20S0x3ed	[0x3f1, [0xc20, nil]]
0x1cb7S0xc03S0x3ed	[0x3f1, [0xc0f, [0x1cb7, nil]]]
0x2467S0x43f	[0x454, [0x2467, nil]]
0x2481S0x43f	[0x454, [0x2481, nil]]
0x24aaS0x43f	[0x454, [0x24aa, nil]]
0x2463S0x43f	[0x454, [0x2463, nil]]
0x247dS0x43f	[0x454, [0x247d, nil]]
0x248dS0x43f	[0x454, [0x248d, nil]]
0x24a6S0x43f	[0x454, [0x24a6, nil]]
0x24b6S0x43f	[0x454, [0x24b6, nil]]
0x24c0S0x43f	[0x454, [0x24c0, nil]]
0x21adS0x24abS0x43f	[0x454, [0x24b6, [0x21ad, nil]]]
0x21e5S0x24abS0x43f	[0x454, [0x24b6, [0x21e5, nil]]]
0x3030S0x24abS0x43f	[0x454, [0x24b6, [0x3030, nil]]]
0x21bbS0x24abS0x43f	[0x454, [0x24b6, [0x21bb, nil]]]
0x21e1S0x24abS0x43f	[0x454, [0x24b6, [0x21e1, nil]]]
0x21c7S0x24abS0x43f	[0x454, [0x24b6, [0x21c7, nil]]]
0x21c0S0x24abS0x43f	[0x454, [0x24b6, [0x21c0, nil]]]
0x302cS0x24abS0x43f	[0x454, [0x24b6, [0x302c, nil]]]
0x1c420S0x24abS0x43f	[0x454, [0x24b6, [0x21e9, nil]]]
0x2215S0x24abS0x43f	[0x454, [0x24b6, [0x2215, nil]]]
0x21feS0x24abS0x43f	[0x454, [0x24b6, [0x21fe, nil]]]
0x21f1S0x24abS0x43f	[0x454, [0x24b6, [0x21f1, nil]]]
0x21a9S0x24abS0x43f	[0x454, [0x24b6, [0x21a9, nil]]]
0x3041S0x24abS0x43f	[0x454, [0x24b6, [0x3041, nil]]]
0x21fbS0x24abS0x43f	[0x454, [0x24b6, [0x21fb, nil]]]
0x2fbfS0x21bcS0x24abS0x43f	[0x454, [0x24b6, [0x21c0, [0x2fbf, nil]]]]
0x2fbbS0x21bcS0x24abS0x43f	[0x454, [0x24b6, [0x21c0, [0x2fbb, nil]]]]
0x2fc9S0x21bcS0x24abS0x43f	[0x454, [0x24b6, [0x21c0, [0x2fc9, nil]]]]
0x2fc4S0x21bcS0x24abS0x43f	[0x454, [0x24b6, [0x21c0, [0x2fc4, nil]]]]
0x2320S0x21f2S0x24abS0x43f	[0x454, [0x24b6, [0x21fb, [0x2320, nil]]]]
0x31e9S0x2312B0x21f2S0x24abS0x43f	[0x454, [0x24b6, [0x2320, [0x31e9, nil]]]]
0x31e5S0x2312B0x21f2S0x24abS0x43f	[0x454, [0x24b6, [0x2320, [0x31e5, nil]]]]
0x31deS0x2312B0x21f2S0x24abS0x43f	[0x454, [0x24b6, [0x2320, [0x31de, nil]]]]
0x3135S0x31d6S0x2312B0x21f2S0x24abS0x43f	[0x454, [0x24b6, [0x2320, [0x31de, [0x3135, nil]]]]]
0x221fS0x24abS0x43f	[0x454, [0x24b6, [0x221f, nil]]]
0x2326S0x21f2S0x24abS0x43f	[0x454, [0x24b6, [0x21fb, [0x2326, nil]]]]
0x31ecS0x2312B0x21f2S0x24abS0x43f	[0x454, [0x24b6, [0x2320, [0x31ec, nil]]]]
0x20a7S0x2482S0x43f	[0x454, [0x248d, [0x20a7, nil]]]
0x20dfS0x2482S0x43f	[0x454, [0x248d, [0x20df, nil]]]
0x2fe0S0x2482S0x43f	[0x454, [0x248d, [0x2fe0, nil]]]
0x20b5S0x2482S0x43f	[0x454, [0x248d, [0x20b5, nil]]]
0x20dbS0x2482S0x43f	[0x454, [0x248d, [0x20db, nil]]]
0x20c1S0x2482S0x43f	[0x454, [0x248d, [0x20c1, nil]]]
0x20baS0x2482S0x43f	[0x454, [0x248d, [0x20ba, nil]]]
0x2fdcS0x2482S0x43f	[0x454, [0x248d, [0x2fdc, nil]]]
0x1b020S0x2482S0x43f	[0x454, [0x248d, [0x20e3, nil]]]
0x2119S0x2482S0x43f	[0x454, [0x248d, [0x2119, nil]]]
0x210fS0x2482S0x43f	[0x454, [0x248d, [0x210f, nil]]]
0x20f8S0x2482S0x43f	[0x454, [0x248d, [0x20f8, nil]]]
0x20ebS0x2482S0x43f	[0x454, [0x248d, [0x20eb, nil]]]
0x20a3S0x2482S0x43f	[0x454, [0x248d, [0x20a3, nil]]]
0x2ff1S0x2482S0x43f	[0x454, [0x248d, [0x2ff1, nil]]]
0x20f5S0x2482S0x43f	[0x454, [0x248d, [0x20f5, nil]]]
0x2fbfS0x20b6S0x2482S0x43f	[0x454, [0x248d, [0x20ba, [0x2fbf, nil]]]]
0x2fbbS0x20b6S0x2482S0x43f	[0x454, [0x248d, [0x20ba, [0x2fbb, nil]]]]
0x2fc9S0x20b6S0x2482S0x43f	[0x454, [0x248d, [0x20ba, [0x2fc9, nil]]]]
0x2fc4S0x20b6S0x2482S0x43f	[0x454, [0x248d, [0x20ba, [0x2fc4, nil]]]]
0x2096S0x20ecS0x2482S0x43f	[0x454, [0x248d, [0x20f5, [0x2096, nil]]]]
0x2090S0x20ecS0x2482S0x43f	[0x454, [0x248d, [0x20f5, [0x2090, nil]]]]
0x31a4S0x2082S0x20ecS0x2482S0x43f	[0x454, [0x248d, [0x20f5, [0x2090, [0x31a4, nil]]]]]
0x3199S0x2082S0x20ecS0x2482S0x43f	[0x454, [0x248d, [0x20f5, [0x2090, [0x3199, nil]]]]]
0x31a0S0x2082S0x20ecS0x2482S0x43f	[0x454, [0x248d, [0x20f5, [0x2090, [0x31a0, nil]]]]]
0x31a7S0x2082S0x20ecS0x2482S0x43f	[0x454, [0x248d, [0x20f5, [0x2090, [0x31a7, nil]]]]]
0x30eeS0x3191S0x2082S0x20ecS0x2482S0x43f	[0x454, [0x248d, [0x20f5, [0x2090, [0x3199, [0x30ee, nil]]]]]]
0x30f5S0x3191S0x2082S0x20ecS0x2482S0x43f	[0x454, [0x248d, [0x20f5, [0x2090, [0x3199, [0x30f5, nil]]]]]]
0x312bS0x3191S0x2082S0x20ecS0x2482S0x43f	[0x454, [0x248d, [0x20f5, [0x2090, [0x3199, [0x312b, nil]]]]]]
0x1d31S0x1a19	[0x1a67, [0x1d31, nil]]
0x1d99S0x1a19	[0x1a67, [0x1d99, nil]]
0x1d93S0x1a19	[0x1a67, [0x1d93, nil]]
0x1d3dS0x1a19	[0x1a67, [0x1d3d, nil]]
0x1d41S0x1a19	[0x1a67, [0x1d41, nil]]
0x1d8bS0x1a19	[0x1a67, [0x1d8b, nil]]
0x2c08S0x1d11S0x1a19	[0x1a67, [0x1d31, [0x2c08, nil]]]
0x2c15S0x1d11S0x1a19	[0x1a67, [0x1d31, [0x2c15, nil]]]
0x2c22S0x1d11S0x1a19	[0x1a67, [0x1d31, [0x2c22, nil]]]
0x268eS0x2bf4S0x1d11S0x1a19	[0x1a67, [0x1d31, [0x2c08, [0x268e, nil]]]]
0x30eeS0x2686S0x2bf4S0x1d11S0x1a19	[0x1a67, [0x1d31, [0x2c08, [0x268e, [0x30ee, nil]]]]]
0x312bS0x2686S0x2bf4S0x1d11S0x1a19	[0x1a67, [0x1d31, [0x2c08, [0x268e, [0x312b, nil]]]]]
0x268eS0x2c09S0x1d11S0x1a19	[0x1a67, [0x1d31, [0x2c15, [0x268e, nil]]]]
0x30eeS0x2686S0x2c09S0x1d11S0x1a19	[0x1a67, [0x1d31, [0x2c15, [0x268e, [0x30ee, nil]]]]]
0x312bS0x2686S0x2c09S0x1d11S0x1a19	[0x1a67, [0x1d31, [0x2c15, [0x268e, [0x312b, nil]]]]]
0x2b75S0x2c16S0x1d11S0x1a19	[0x1a67, [0x1d31, [0x2c22, [0x2b75, nil]]]]
0x3135S0x2b6dS0x2c16S0x1d11S0x1a19	[0x1a67, [0x1d31, [0x2c22, [0x2b75, [0x3135, nil]]]]]
0x1ebeS0x1d32S0x1a19	[0x1a67, [0x1d93, [0x1ebe, nil]]]
0x1eb3S0x1d32S0x1a19	[0x1a67, [0x1d93, [0x1eb3, nil]]]
0x1f2dS0x1d32S0x1a19	[0x1a67, [0x1d93, [0x1f2d, nil]]]
0x1f1eS0x1d32S0x1a19	[0x1a67, [0x1d93, [0x1f1e, nil]]]
0x1f21S0x1d32S0x1a19	[0x1a67, [0x1d93, [0x1f21, nil]]]
0x1f29S0x1d32S0x1a19	[0x1a67, [0x1d93, [0x1f29, nil]]]
0x1f6eS0x1d32S0x1a19	[0x1a67, [0x1d93, [0x1f6e, nil]]]
0x1f63S0x1d32S0x1a19	[0x1a67, [0x1d93, [0x1f63, nil]]]
0x1fcbS0x1d32S0x1a19	[0x1a67, [0x1d93, [0x1fcb, nil]]]
0x1fc0S0x1d32S0x1a19	[0x1a67, [0x1d93, [0x1fc0, nil]]]
0x1e8dS0x1d32S0x1a19	[0x1a67, [0x1d93, [0x1e8d, nil]]]
0x1ef0S0x1d32S0x1a19	[0x1a67, [0x1d93, [0x1ef0, nil]]]
0x1ec7S0x1d32S0x1a19	[0x1a67, [0x1d93, [0x1ec7, nil]]]
0x1f0cS0x1d32S0x1a19	[0x1a67, [0x1d93, [0x1f0c, nil]]]
0x19220S0x1d32S0x1a19	[0x1a67, [0x1d93, [0x1f33, nil]]]
0x1f3dS0x1d32S0x1a19	[0x1a67, [0x1d93, [0x1f3d, nil]]]
0x1f82S0x1d32S0x1a19	[0x1a67, [0x1d93, [0x1f82, nil]]]
0x1f77S0x1d32S0x1a19	[0x1a67, [0x1d93, [0x1f77, nil]]]
0x1f9aS0x1d32S0x1a19	[0x1a67, [0x1d93, [0x1f9a, nil]]]
0x19c20S0x1d32S0x1a19	[0x1a67, [0x1d93, [0x1fd6, nil]]]
0x1fd4S0x1d32S0x1a19	[0x1a67, [0x1d93, [0x1fd4, nil]]]
0x1f95S0x1d32S0x1a19	[0x1a67, [0x1d93, [0x1f95, nil]]]
0x2f51S0x1e8eS0x1d32S0x1a19	[0x1a67, [0x1d93, [0x1ebe, [0x2f51, nil]]]]
0x2f49S0x1e8eS0x1d32S0x1a19	[0x1a67, [0x1d93, [0x1ebe, [0x2f49, nil]]]]
0x2b5dS0x1e8eS0x1d32S0x1a19	[0x1a67, [0x1d93, [0x1ebe, [0x2b5d, nil]]]]
0x2b53S0x1e8eS0x1d32S0x1a19	[0x1a67, [0x1d93, [0x1ebe, [0x2b53, nil]]]]
0x2b2aS0x1e8eS0x1d32S0x1a19	[0x1a67, [0x1d93, [0x1ebe, [0x2b2a, nil]]]]
0x30d8S0x2b1eS0x1e8eS0x1d32S0x1a19	[0x1a67, [0x1d93, [0x1ebe, [0x2b2a, [0x30d8, nil]]]]]
0x30cdS0x2b1eS0x1e8eS0x1d32S0x1a19	[0x1a67, [0x1d93, [0x1ebe, [0x2b2a, [0x30cd, nil]]]]]
0x2e71S0x1f3eS0x1d32S0x1a19	[0x1a67, [0x1d93, [0x1f6e, [0x2e71, nil]]]]
0x2e69S0x1f3eS0x1d32S0x1a19	[0x1a67, [0x1d93, [0x1f6e, [0x2e69, nil]]]]
0x2951S0x1f3eS0x1d32S0x1a19	[0x1a67, [0x1d93, [0x1f6e, [0x2951, nil]]]]
0x2947S0x1f3eS0x1d32S0x1a19	[0x1a67, [0x1d93, [0x1f6e, [0x2947, nil]]]]
0x291eS0x1f3eS0x1d32S0x1a19	[0x1a67, [0x1d93, [0x1f6e, [0x291e, nil]]]]
0x30d8S0x2912S0x1f3eS0x1d32S0x1a19	[0x1a67, [0x1d93, [0x1f6e, [0x291e, [0x30d8, nil]]]]]
0x30cdS0x2912S0x1f3eS0x1d32S0x1a19	[0x1a67, [0x1d93, [0x1f6e, [0x291e, [0x30cd, nil]]]]]
0x2f11S0x1f9bS0x1d32S0x1a19	[0x1a67, [0x1d93, [0x1fcb, [0x2f11, nil]]]]
0x2f09S0x1f9bS0x1d32S0x1a19	[0x1a67, [0x1d93, [0x1fcb, [0x2f09, nil]]]]
0x2addS0x1f9bS0x1d32S0x1a19	[0x1a67, [0x1d93, [0x1fcb, [0x2add, nil]]]]
0x2aadS0x1f9bS0x1d32S0x1a19	[0x1a67, [0x1d93, [0x1fcb, [0x2aad, nil]]]]
0x2ad3S0x1f9bS0x1d32S0x1a19	[0x1a67, [0x1d93, [0x1fcb, [0x2ad3, nil]]]]
0x2a84S0x1f9bS0x1d32S0x1a19	[0x1a67, [0x1d93, [0x1fcb, [0x2a84, nil]]]]
0x30d8S0x2a78S0x1f9bS0x1d32S0x1a19	[0x1a67, [0x1d93, [0x1fcb, [0x2a84, [0x30d8, nil]]]]]
0x30cdS0x2a78S0x1f9bS0x1d32S0x1a19	[0x1a67, [0x1d93, [0x1fcb, [0x2a84, [0x30cd, nil]]]]]
0x2b96S0x1ec8S0x1d32S0x1a19	[0x1a67, [0x1d93, [0x1ef0, [0x2b96, nil]]]]
0x273cS0x1ec8S0x1d32S0x1a19	[0x1a67, [0x1d93, [0x1ef0, [0x273c, nil]]]]
0x3093S0x1ec8S0x1d32S0x1a19	[0x1a67, [0x1d93, [0x1ef0, [0x3093, nil]]]]
0x274cS0x1ec8S0x1d32S0x1a19	[0x1a67, [0x1d93, [0x1ef0, [0x274c, nil]]]]
0x30c7S0x1ec8S0x1d32S0x1a19	[0x1a67, [0x1d93, [0x1ef0, [0x30c7, nil]]]]
0x2758S0x1ec8S0x1d32S0x1a19	[0x1a67, [0x1d93, [0x1ef0, [0x2758, nil]]]]
0x2732S0x1ec8S0x1d32S0x1a19	[0x1a67, [0x1d93, [0x1ef0, [0x2732, nil]]]]
0x1e220S0x273dS0x1ec8S0x1d32S0x1a19	[0x1a67, [0x1d93, [0x1ef0, [0x274c, [0x3170, nil]]]]]
0x316fS0x273dS0x1ec8S0x1d32S0x1a19	[0x1a67, [0x1d93, [0x1ef0, [0x274c, [0x316f, nil]]]]]
0x1d820S0x273dS0x1ec8S0x1d32S0x1a19	[0x1a67, [0x1d93, [0x1ef0, [0x274c, [0x3146, nil]]]]]
0x3169S0x273dS0x1ec8S0x1d32S0x1a19	[0x1a67, [0x1d93, [0x1ef0, [0x274c, [0x3169, nil]]]]]
0x314eS0x273dS0x1ec8S0x1d32S0x1a19	[0x1a67, [0x1d93, [0x1ef0, [0x274c, [0x314e, nil]]]]]
0x3160S0x273dS0x1ec8S0x1d32S0x1a19	[0x1a67, [0x1d93, [0x1ef0, [0x274c, [0x3160, nil]]]]]
0x3156S0x273dS0x1ec8S0x1d32S0x1a19	[0x1a67, [0x1d93, [0x1ef0, [0x274c, [0x3156, nil]]]]]
0x2c2aS0x1d11S0x1a19	[0x1a67, [0x1d31, [0x2c2a, nil]]]
0x2694S0x2bf4S0x1d11S0x1a19	[0x1a67, [0x1d31, [0x2c08, [0x2694, nil]]]]
0x2691S0x2bf4S0x1d11S0x1a19	[0x1a67, [0x1d31, [0x2c08, [0x2691, nil]]]]
0x30f5S0x2686S0x2bf4S0x1d11S0x1a19	[0x1a67, [0x1d31, [0x2c08, [0x268e, [0x30f5, nil]]]]]
0x2694S0x2c09S0x1d11S0x1a19	[0x1a67, [0x1d31, [0x2c15, [0x2694, nil]]]]
0x2691S0x2c09S0x1d11S0x1a19	[0x1a67, [0x1d31, [0x2c15, [0x2691, nil]]]]
0x30f5S0x2686S0x2c09S0x1d11S0x1a19	[0x1a67, [0x1d31, [0x2c15, [0x268e, [0x30f5, nil]]]]]
0x2b7bS0x2c16S0x1d11S0x1a19	[0x1a67, [0x1d31, [0x2c22, [0x2b7b, nil]]]]
0x2b78S0x2c16S0x1d11S0x1a19	[0x1a67, [0x1d31, [0x2c22, [0x2b78, nil]]]]
0x3c4cfS0x1d32S0x1a19	[0x1a67, [0x1d93, [0x1fdb, nil]]]
0x3c5abS0x1d32S0x1a19	[0x1a67, [0x1d93, [0x1fdb, nil]]]
0x2f58S0x1e8eS0x1d32S0x1a19	[0x1a67, [0x1d93, [0x1ebe, [0x2f58, nil]]]]
0x2e78S0x1f3eS0x1d32S0x1a19	[0x1a67, [0x1d93, [0x1f6e, [0x2e78, nil]]]]
0x2f18S0x1f9bS0x1d32S0x1a19	[0x1a67, [0x1d93, [0x1fcb, [0x2f18, nil]]]]
0x2ba1S0x1ec8S0x1d32S0x1a19	[0x1a67, [0x1d93, [0x1ef0, [0x2ba1, nil]]]]
0x3c51cS0x273dS0x1ec8S0x1d32S0x1a19	[0x1a67, [0x1d93, [0x1ef0, [0x274c, [0x3175, nil]]]]]
0x3c5f8S0x273dS0x1ec8S0x1d32S0x1a19	[0x1a67, [0x1d93, [0x1ef0, [0x274c, [0x3175, nil]]]]]
0x24d2S0x1f83B0x1d32S0x1a19	[0x1a67, [0x1f95, [0x24d2, nil]]]
0x24e0S0x1f83B0x1d32S0x1a19	[0x1a67, [0x1f95, [0x24e0, nil]]]
0x24e9S0x1f83B0x1d32S0x1a19	[0x1a67, [0x1f95, [0x24e9, nil]]]
0x24ceS0x1f83B0x1d32S0x1a19	[0x1a67, [0x1f95, [0x24ce, nil]]]
0x2234S0x24d3S0x1f83B0x1d32S0x1a19	[0x1a67, [0x1f95, [0x24e0, [0x2234, nil]]]]
0x222eS0x24d3S0x1f83B0x1d32S0x1a19	[0x1a67, [0x1f95, [0x24e0, [0x222e, nil]]]]
0x31bbS0x2220S0x24d3S0x1f83B0x1d32S0x1a19	[0x1a67, [0x1f95, [0x24e0, [0x222e, [0x31bb, nil]]]]]
0x31b0S0x2220S0x24d3S0x1f83B0x1d32S0x1a19	[0x1a67, [0x1f95, [0x24e0, [0x222e, [0x31b0, nil]]]]]
0x31b7S0x2220S0x24d3S0x1f83B0x1d32S0x1a19	[0x1a67, [0x1f95, [0x24e0, [0x222e, [0x31b7, nil]]]]]
0x31beS0x2220S0x24d3S0x1f83B0x1d32S0x1a19	[0x1a67, [0x1f95, [0x24e0, [0x222e, [0x31be, nil]]]]]
0x3101S0x31a8S0x2220S0x24d3S0x1f83B0x1d32S0x1a19	[0x1a67, [0x1f95, [0x24e0, [0x222e, [0x31b0, [0x3101, nil]]]]]]
0x1e02S0x1cb8	[0x1d04, [0x1e02, nil]]
0x1e69S0x1cb8	[0x1d04, [0x1e69, nil]]
0x1e64S0x1cb8	[0x1d04, [0x1e64, nil]]
0x1e0eS0x1cb8	[0x1d04, [0x1e0e, nil]]
0x1e12S0x1cb8	[0x1d04, [0x1e12, nil]]
0x1e5cS0x1cb8	[0x1d04, [0x1e5c, nil]]
0x2c3fS0x1de4S0x1cb8	[0x1d04, [0x1e02, [0x2c3f, nil]]]
0x2c4cS0x1de4S0x1cb8	[0x1d04, [0x1e02, [0x2c4c, nil]]]
0x268eS0x2c2bS0x1de4S0x1cb8	[0x1d04, [0x1e02, [0x2c3f, [0x268e, nil]]]]
0x30eeS0x2686S0x2c2bS0x1de4S0x1cb8	[0x1d04, [0x1e02, [0x2c3f, [0x268e, [0x30ee, nil]]]]]
0x312bS0x2686S0x2c2bS0x1de4S0x1cb8	[0x1d04, [0x1e02, [0x2c3f, [0x268e, [0x312b, nil]]]]]
0x2b75S0x2c40S0x1de4S0x1cb8	[0x1d04, [0x1e02, [0x2c4c, [0x2b75, nil]]]]
0x3135S0x2b6dS0x2c40S0x1de4S0x1cb8	[0x1d04, [0x1e02, [0x2c4c, [0x2b75, [0x3135, nil]]]]]
0x1ebeS0x1e03S0x1cb8	[0x1d04, [0x1e64, [0x1ebe, nil]]]
0x1eb3S0x1e03S0x1cb8	[0x1d04, [0x1e64, [0x1eb3, nil]]]
0x1f2dS0x1e03S0x1cb8	[0x1d04, [0x1e64, [0x1f2d, nil]]]
0x1f1eS0x1e03S0x1cb8	[0x1d04, [0x1e64, [0x1f1e, nil]]]
0x1f21S0x1e03S0x1cb8	[0x1d04, [0x1e64, [0x1f21, nil]]]
0x1f29S0x1e03S0x1cb8	[0x1d04, [0x1e64, [0x1f29, nil]]]
0x1f6eS0x1e03S0x1cb8	[0x1d04, [0x1e64, [0x1f6e, nil]]]
0x1f63S0x1e03S0x1cb8	[0x1d04, [0x1e64, [0x1f63, nil]]]
0x1fcbS0x1e03S0x1cb8	[0x1d04, [0x1e64, [0x1fcb, nil]]]
0x1fc0S0x1e03S0x1cb8	[0x1d04, [0x1e64, [0x1fc0, nil]]]
0x1e8dS0x1e03S0x1cb8	[0x1d04, [0x1e64, [0x1e8d, nil]]]
0x1ef0S0x1e03S0x1cb8	[0x1d04, [0x1e64, [0x1ef0, nil]]]
0x1ec7S0x1e03S0x1cb8	[0x1d04, [0x1e64, [0x1ec7, nil]]]
0x1f0cS0x1e03S0x1cb8	[0x1d04, [0x1e64, [0x1f0c, nil]]]
0x19220S0x1e03S0x1cb8	[0x1d04, [0x1e64, [0x1f33, nil]]]
0x1f3dS0x1e03S0x1cb8	[0x1d04, [0x1e64, [0x1f3d, nil]]]
0x1f82S0x1e03S0x1cb8	[0x1d04, [0x1e64, [0x1f82, nil]]]
0x1f77S0x1e03S0x1cb8	[0x1d04, [0x1e64, [0x1f77, nil]]]
0x1f9aS0x1e03S0x1cb8	[0x1d04, [0x1e64, [0x1f9a, nil]]]
0x19c20S0x1e03S0x1cb8	[0x1d04, [0x1e64, [0x1fd6, nil]]]
0x1fd4S0x1e03S0x1cb8	[0x1d04, [0x1e64, [0x1fd4, nil]]]
0x1f95S0x1e03S0x1cb8	[0x1d04, [0x1e64, [0x1f95, nil]]]
0x2f51S0x1e8eS0x1e03S0x1cb8	[0x1d04, [0x1e64, [0x1ebe, [0x2f51, nil]]]]
0x2f49S0x1e8eS0x1e03S0x1cb8	[0x1d04, [0x1e64, [0x1ebe, [0x2f49, nil]]]]
0x2b5dS0x1e8eS0x1e03S0x1cb8	[0x1d04, [0x1e64, [0x1ebe, [0x2b5d, nil]]]]
0x2b53S0x1e8eS0x1e03S0x1cb8	[0x1d04, [0x1e64, [0x1ebe, [0x2b53, nil]]]]
0x2b2aS0x1e8eS0x1e03S0x1cb8	[0x1d04, [0x1e64, [0x1ebe, [0x2b2a, nil]]]]
0x30d8S0x2b1eS0x1e8eS0x1e03S0x1cb8	[0x1d04, [0x1e64, [0x1ebe, [0x2b2a, [0x30d8, nil]]]]]
0x30cdS0x2b1eS0x1e8eS0x1e03S0x1cb8	[0x1d04, [0x1e64, [0x1ebe, [0x2b2a, [0x30cd, nil]]]]]
0x2e71S0x1f3eS0x1e03S0x1cb8	[0x1d04, [0x1e64, [0x1f6e, [0x2e71, nil]]]]
0x2e69S0x1f3eS0x1e03S0x1cb8	[0x1d04, [0x1e64, [0x1f6e, [0x2e69, nil]]]]
0x2951S0x1f3eS0x1e03S0x1cb8	[0x1d04, [0x1e64, [0x1f6e, [0x2951, nil]]]]
0x2947S0x1f3eS0x1e03S0x1cb8	[0x1d04, [0x1e64, [0x1f6e, [0x2947, nil]]]]
0x291eS0x1f3eS0x1e03S0x1cb8	[0x1d04, [0x1e64, [0x1f6e, [0x291e, nil]]]]
0x30d8S0x2912S0x1f3eS0x1e03S0x1cb8	[0x1d04, [0x1e64, [0x1f6e, [0x291e, [0x30d8, nil]]]]]
0x30cdS0x2912S0x1f3eS0x1e03S0x1cb8	[0x1d04, [0x1e64, [0x1f6e, [0x291e, [0x30cd, nil]]]]]
0x2f11S0x1f9bS0x1e03S0x1cb8	[0x1d04, [0x1e64, [0x1fcb, [0x2f11, nil]]]]
0x2f09S0x1f9bS0x1e03S0x1cb8	[0x1d04, [0x1e64, [0x1fcb, [0x2f09, nil]]]]
0x2addS0x1f9bS0x1e03S0x1cb8	[0x1d04, [0x1e64, [0x1fcb, [0x2add, nil]]]]
0x2aadS0x1f9bS0x1e03S0x1cb8	[0x1d04, [0x1e64, [0x1fcb, [0x2aad, nil]]]]
0x2ad3S0x1f9bS0x1e03S0x1cb8	[0x1d04, [0x1e64, [0x1fcb, [0x2ad3, nil]]]]
0x2a84S0x1f9bS0x1e03S0x1cb8	[0x1d04, [0x1e64, [0x1fcb, [0x2a84, nil]]]]
0x30d8S0x2a78S0x1f9bS0x1e03S0x1cb8	[0x1d04, [0x1e64, [0x1fcb, [0x2a84, [0x30d8, nil]]]]]
0x30cdS0x2a78S0x1f9bS0x1e03S0x1cb8	[0x1d04, [0x1e64, [0x1fcb, [0x2a84, [0x30cd, nil]]]]]
0x2b96S0x1ec8S0x1e03S0x1cb8	[0x1d04, [0x1e64, [0x1ef0, [0x2b96, nil]]]]
0x273cS0x1ec8S0x1e03S0x1cb8	[0x1d04, [0x1e64, [0x1ef0, [0x273c, nil]]]]
0x3093S0x1ec8S0x1e03S0x1cb8	[0x1d04, [0x1e64, [0x1ef0, [0x3093, nil]]]]
0x274cS0x1ec8S0x1e03S0x1cb8	[0x1d04, [0x1e64, [0x1ef0, [0x274c, nil]]]]
0x30c7S0x1ec8S0x1e03S0x1cb8	[0x1d04, [0x1e64, [0x1ef0, [0x30c7, nil]]]]
0x2758S0x1ec8S0x1e03S0x1cb8	[0x1d04, [0x1e64, [0x1ef0, [0x2758, nil]]]]
0x2732S0x1ec8S0x1e03S0x1cb8	[0x1d04, [0x1e64, [0x1ef0, [0x2732, nil]]]]
0x1e220S0x273dS0x1ec8S0x1e03S0x1cb8	[0x1d04, [0x1e64, [0x1ef0, [0x274c, [0x3170, nil]]]]]
0x316fS0x273dS0x1ec8S0x1e03S0x1cb8	[0x1d04, [0x1e64, [0x1ef0, [0x274c, [0x316f, nil]]]]]
0x1d820S0x273dS0x1ec8S0x1e03S0x1cb8	[0x1d04, [0x1e64, [0x1ef0, [0x274c, [0x3146, nil]]]]]
0x3169S0x273dS0x1ec8S0x1e03S0x1cb8	[0x1d04, [0x1e64, [0x1ef0, [0x274c, [0x3169, nil]]]]]
0x314eS0x273dS0x1ec8S0x1e03S0x1cb8	[0x1d04, [0x1e64, [0x1ef0, [0x274c, [0x314e, nil]]]]]
0x3160S0x273dS0x1ec8S0x1e03S0x1cb8	[0x1d04, [0x1e64, [0x1ef0, [0x274c, [0x3160, nil]]]]]
0x3156S0x273dS0x1ec8S0x1e03S0x1cb8	[0x1d04, [0x1e64, [0x1ef0, [0x274c, [0x3156, nil]]]]]
0x2c53S0x1de4S0x1cb8	[0x1d04, [0x1e02, [0x2c53, nil]]]
0x2694S0x2c2bS0x1de4S0x1cb8	[0x1d04, [0x1e02, [0x2c3f, [0x2694, nil]]]]
0x2691S0x2c2bS0x1de4S0x1cb8	[0x1d04, [0x1e02, [0x2c3f, [0x2691, nil]]]]
0x30f5S0x2686S0x2c2bS0x1de4S0x1cb8	[0x1d04, [0x1e02, [0x2c3f, [0x268e, [0x30f5, nil]]]]]
0x2b7bS0x2c40S0x1de4S0x1cb8	[0x1d04, [0x1e02, [0x2c4c, [0x2b7b, nil]]]]
0x2b78S0x2c40S0x1de4S0x1cb8	[0x1d04, [0x1e02, [0x2c4c, [0x2b78, nil]]]]
0x3c4cfS0x1e03S0x1cb8	[0x1d04, [0x1e64, [0x1fdb, nil]]]
0x3c5abS0x1e03S0x1cb8	[0x1d04, [0x1e64, [0x1fdb, nil]]]
0x2f58S0x1e8eS0x1e03S0x1cb8	[0x1d04, [0x1e64, [0x1ebe, [0x2f58, nil]]]]
0x2e78S0x1f3eS0x1e03S0x1cb8	[0x1d04, [0x1e64, [0x1f6e, [0x2e78, nil]]]]
0x2f18S0x1f9bS0x1e03S0x1cb8	[0x1d04, [0x1e64, [0x1fcb, [0x2f18, nil]]]]
0x2ba1S0x1ec8S0x1e03S0x1cb8	[0x1d04, [0x1e64, [0x1ef0, [0x2ba1, nil]]]]
0x3c51cS0x273dS0x1ec8S0x1e03S0x1cb8	[0x1d04, [0x1e64, [0x1ef0, [0x274c, [0x3175, nil]]]]]
0x3c5f8S0x273dS0x1ec8S0x1e03S0x1cb8	[0x1d04, [0x1e64, [0x1ef0, [0x274c, [0x3175, nil]]]]]
0x24d2S0x1f83B0x1e03S0x1cb8	[0x1d04, [0x1f95, [0x24d2, nil]]]
0x24e0S0x1f83B0x1e03S0x1cb8	[0x1d04, [0x1f95, [0x24e0, nil]]]
0x24e9S0x1f83B0x1e03S0x1cb8	[0x1d04, [0x1f95, [0x24e9, nil]]]
0x24ceS0x1f83B0x1e03S0x1cb8	[0x1d04, [0x1f95, [0x24ce, nil]]]
0x2234S0x24d3S0x1f83B0x1e03S0x1cb8	[0x1d04, [0x1f95, [0x24e0, [0x2234, nil]]]]
0x222eS0x24d3S0x1f83B0x1e03S0x1cb8	[0x1d04, [0x1f95, [0x24e0, [0x222e, nil]]]]
0x31bbS0x2220S0x24d3S0x1f83B0x1e03S0x1cb8	[0x1d04, [0x1f95, [0x24e0, [0x222e, [0x31bb, nil]]]]]
0x31b0S0x2220S0x24d3S0x1f83B0x1e03S0x1cb8	[0x1d04, [0x1f95, [0x24e0, [0x222e, [0x31b0, nil]]]]]
0x31b7S0x2220S0x24d3S0x1f83B0x1e03S0x1cb8	[0x1d04, [0x1f95, [0x24e0, [0x222e, [0x31b7, nil]]]]]
0x31beS0x2220S0x24d3S0x1f83B0x1e03S0x1cb8	[0x1d04, [0x1f95, [0x24e0, [0x222e, [0x31be, nil]]]]]
0x3101S0x31a8S0x2220S0x24d3S0x1f83B0x1e03S0x1cb8	[0x1d04, [0x1f95, [0x24e0, [0x222e, [0x31b0, [0x3101, nil]]]]]]
0x25f6S0x470	[0x484, [0x25f6, nil]]
0x2654S0x470	[0x484, [0x2654, nil]]
0x25f2S0x470	[0x484, [0x25f2, nil]]
0x2604S0x470	[0x484, [0x2604, nil]]
0x2615S0x470	[0x484, [0x2615, nil]]
0x2626S0x470	[0x484, [0x2626, nil]]
0x2637S0x470	[0x484, [0x2637, nil]]
0x2650S0x470	[0x484, [0x2650, nil]]
0x2660S0x470	[0x484, [0x2660, nil]]
0x266dS0x470	[0x484, [0x266d, nil]]
0x2320S0x25f7S0x470	[0x484, [0x2604, [0x2320, nil]]]
0x2320S0x2616S0x470	[0x484, [0x2626, [0x2320, nil]]]
0x2320S0x2627S0x470	[0x484, [0x2637, [0x2320, nil]]]
0x31e9S0x2312B0x25f7S0x470	[0x484, [0x2320, [0x31e9, nil]]]
0x31e5S0x2312B0x25f7S0x470	[0x484, [0x2320, [0x31e5, nil]]]
0x31deS0x2312B0x25f7S0x470	[0x484, [0x2320, [0x31de, nil]]]
0x3135S0x31d6S0x2312B0x25f7S0x470	[0x484, [0x2320, [0x31de, [0x3135, nil]]]]
0x31e9S0x2312B0x2616S0x470	[0x484, [0x2320, [0x31e9, nil]]]
0x31e5S0x2312B0x2616S0x470	[0x484, [0x2320, [0x31e5, nil]]]
0x31deS0x2312B0x2616S0x470	[0x484, [0x2320, [0x31de, nil]]]
0x3135S0x31d6S0x2312B0x2616S0x470	[0x484, [0x2320, [0x31de, [0x3135, nil]]]]
0x31e9S0x2312B0x2627S0x470	[0x484, [0x2320, [0x31e9, nil]]]
0x31e5S0x2312B0x2627S0x470	[0x484, [0x2320, [0x31e5, nil]]]
0x31deS0x2312B0x2627S0x470	[0x484, [0x2320, [0x31de, nil]]]
0x3135S0x31d6S0x2312B0x2627S0x470	[0x484, [0x2320, [0x31de, [0x3135, nil]]]]
0x2090S0x2605S0x470	[0x484, [0x2615, [0x2090, nil]]]
0x31a4S0x2082S0x2605S0x470	[0x484, [0x2615, [0x2090, [0x31a4, nil]]]]
0x3199S0x2082S0x2605S0x470	[0x484, [0x2615, [0x2090, [0x3199, nil]]]]
0x31a0S0x2082S0x2605S0x470	[0x484, [0x2615, [0x2090, [0x31a0, nil]]]]
0x30eeS0x3191S0x2082S0x2605S0x470	[0x484, [0x2615, [0x2090, [0x3199, [0x30ee, nil]]]]]
0x312bS0x3191S0x2082S0x2605S0x470	[0x484, [0x2615, [0x2090, [0x3199, [0x312b, nil]]]]]
0x2326S0x25f7S0x470	[0x484, [0x2604, [0x2326, nil]]]
0x2326S0x2616S0x470	[0x484, [0x2626, [0x2326, nil]]]
0x2326S0x2627S0x470	[0x484, [0x2637, [0x2326, nil]]]
0x31ecS0x2312B0x25f7S0x470	[0x484, [0x2320, [0x31ec, nil]]]
0x31ecS0x2312B0x2616S0x470	[0x484, [0x2320, [0x31ec, nil]]]
0x31ecS0x2312B0x2627S0x470	[0x484, [0x2320, [0x31ec, nil]]]
0x2096S0x2605S0x470	[0x484, [0x2615, [0x2096, nil]]]
0x31a7S0x2082S0x2605S0x470	[0x484, [0x2615, [0x2090, [0x31a7, nil]]]]
0x30f5S0x3191S0x2082S0x2605S0x470	[0x484, [0x2615, [0x2090, [0x3199, [0x30f5, nil]]]]]
0x212aS0x2655S0x470	[0x484, [0x2660, [0x212a, nil]]]
0x2162S0x2655S0x470	[0x484, [0x2660, [0x2162, nil]]]
0x22afS0x2655S0x470	[0x484, [0x2660, [0x22af, nil]]]
0x3008S0x2655S0x470	[0x484, [0x2660, [0x3008, nil]]]
0x2138S0x2655S0x470	[0x484, [0x2660, [0x2138, nil]]]
0x215eS0x2655S0x470	[0x484, [0x2660, [0x215e, nil]]]
0x2144S0x2655S0x470	[0x484, [0x2660, [0x2144, nil]]]
0x213dS0x2655S0x470	[0x484, [0x2660, [0x213d, nil]]]
0x3004S0x2655S0x470	[0x484, [0x2660, [0x3004, nil]]]
0x1ba20S0x2655S0x470	[0x484, [0x2660, [0x2166, nil]]]
0x219cS0x2655S0x470	[0x484, [0x2660, [0x219c, nil]]]
0x2192S0x2655S0x470	[0x484, [0x2660, [0x2192, nil]]]
0x217bS0x2655S0x470	[0x484, [0x2660, [0x217b, nil]]]
0x22abS0x2655S0x470	[0x484, [0x2660, [0x22ab, nil]]]
0x216eS0x2655S0x470	[0x484, [0x2660, [0x216e, nil]]]
0x22b9S0x2655S0x470	[0x484, [0x2660, [0x22b9, nil]]]
0x22c9S0x2655S0x470	[0x484, [0x2660, [0x22c9, nil]]]
0x22ddS0x2655S0x470	[0x484, [0x2660, [0x22dd, nil]]]
0x22cfS0x2655S0x470	[0x484, [0x2660, [0x22cf, nil]]]
0x22f1S0x2655S0x470	[0x484, [0x2660, [0x22f1, nil]]]
0x22e3S0x2655S0x470	[0x484, [0x2660, [0x22e3, nil]]]
0x2305S0x2655S0x470	[0x484, [0x2660, [0x2305, nil]]]
0x22f7S0x2655S0x470	[0x484, [0x2660, [0x22f7, nil]]]
0x2311S0x2655S0x470	[0x484, [0x2660, [0x2311, nil]]]
0x230bS0x2655S0x470	[0x484, [0x2660, [0x230b, nil]]]
0x2126S0x2655S0x470	[0x484, [0x2660, [0x2126, nil]]]
0x3019S0x2655S0x470	[0x484, [0x2660, [0x3019, nil]]]
0x2178S0x2655S0x470	[0x484, [0x2660, [0x2178, nil]]]
0x2fbfS0x2139S0x2655S0x470	[0x484, [0x2660, [0x213d, [0x2fbf, nil]]]]
0x2fbbS0x2139S0x2655S0x470	[0x484, [0x2660, [0x213d, [0x2fbb, nil]]]]
0x2fc9S0x2139S0x2655S0x470	[0x484, [0x2660, [0x213d, [0x2fc9, nil]]]]
0x2fc4S0x2139S0x2655S0x470	[0x484, [0x2660, [0x213d, [0x2fc4, nil]]]]
0x2fbfS0x22b0S0x2655S0x470	[0x484, [0x2660, [0x22b9, [0x2fbf, nil]]]]
0x2fbbS0x22b0S0x2655S0x470	[0x484, [0x2660, [0x22b9, [0x2fbb, nil]]]]
0x2fc9S0x22b0S0x2655S0x470	[0x484, [0x2660, [0x22b9, [0x2fc9, nil]]]]
0x2fc4S0x22b0S0x2655S0x470	[0x484, [0x2660, [0x22b9, [0x2fc4, nil]]]]
0x2096S0x22baS0x2655S0x470	[0x484, [0x2660, [0x22c9, [0x2096, nil]]]]
0x2090S0x22baS0x2655S0x470	[0x484, [0x2660, [0x22c9, [0x2090, nil]]]]
0x31a4S0x2082S0x22baS0x2655S0x470	[0x484, [0x2660, [0x22c9, [0x2090, [0x31a4, nil]]]]]
0x3199S0x2082S0x22baS0x2655S0x470	[0x484, [0x2660, [0x22c9, [0x2090, [0x3199, nil]]]]]
0x31a0S0x2082S0x22baS0x2655S0x470	[0x484, [0x2660, [0x22c9, [0x2090, [0x31a0, nil]]]]]
0x31a7S0x2082S0x22baS0x2655S0x470	[0x484, [0x2660, [0x22c9, [0x2090, [0x31a7, nil]]]]]
0x30eeS0x3191S0x2082S0x22baS0x2655S0x470	[0x484, [0x2660, [0x22c9, [0x2090, [0x3199, [0x30ee, nil]]]]]]
0x30f5S0x3191S0x2082S0x22baS0x2655S0x470	[0x484, [0x2660, [0x22c9, [0x2090, [0x3199, [0x30f5, nil]]]]]]
0x312bS0x3191S0x2082S0x22baS0x2655S0x470	[0x484, [0x2660, [0x22c9, [0x2090, [0x3199, [0x312b, nil]]]]]]
0x234aS0x22caS0x2655S0x470	[0x484, [0x2660, [0x22dd, [0x234a, nil]]]]
0x2350S0x22caS0x2655S0x470	[0x484, [0x2660, [0x22dd, [0x2350, nil]]]]
0x3200S0x233cS0x22caS0x2655S0x470	[0x484, [0x2660, [0x22dd, [0x234a, [0x3200, nil]]]]]
0x31f5S0x233cS0x22caS0x2655S0x470	[0x484, [0x2660, [0x22dd, [0x234a, [0x31f5, nil]]]]]
0x31fcS0x233cS0x22caS0x2655S0x470	[0x484, [0x2660, [0x22dd, [0x234a, [0x31fc, nil]]]]]
0x3203S0x233cS0x22caS0x2655S0x470	[0x484, [0x2660, [0x22dd, [0x234a, [0x3203, nil]]]]]
0x3142S0x31edS0x233cS0x22caS0x2655S0x470	[0x484, [0x2660, [0x22dd, [0x234a, [0x31f5, [0x3142, nil]]]]]]
0x2249S0x22deS0x2655S0x470	[0x484, [0x2660, [0x22f1, [0x2249, nil]]]]
0x2243S0x22deS0x2655S0x470	[0x484, [0x2660, [0x22f1, [0x2243, nil]]]]
0x31d2S0x2235S0x22deS0x2655S0x470	[0x484, [0x2660, [0x22f1, [0x2243, [0x31d2, nil]]]]]
0x31c7S0x2235S0x22deS0x2655S0x470	[0x484, [0x2660, [0x22f1, [0x2243, [0x31c7, nil]]]]]
0x31ceS0x2235S0x22deS0x2655S0x470	[0x484, [0x2660, [0x22f1, [0x2243, [0x31ce, nil]]]]]
0x31d5S0x2235S0x22deS0x2655S0x470	[0x484, [0x2660, [0x22f1, [0x2243, [0x31d5, nil]]]]]
0x310bS0x31bfS0x2235S0x22deS0x2655S0x470	[0x484, [0x2660, [0x22f1, [0x2243, [0x31c7, [0x310b, nil]]]]]]
0x2249S0x22f2S0x2655S0x470	[0x484, [0x2660, [0x2305, [0x2249, nil]]]]
0x2243S0x22f2S0x2655S0x470	[0x484, [0x2660, [0x2305, [0x2243, nil]]]]
0x31d2S0x2235S0x22f2S0x2655S0x470	[0x484, [0x2660, [0x2305, [0x2243, [0x31d2, nil]]]]]
0x31c7S0x2235S0x22f2S0x2655S0x470	[0x484, [0x2660, [0x2305, [0x2243, [0x31c7, nil]]]]]
0x31ceS0x2235S0x22f2S0x2655S0x470	[0x484, [0x2660, [0x2305, [0x2243, [0x31ce, nil]]]]]
0x31d5S0x2235S0x22f2S0x2655S0x470	[0x484, [0x2660, [0x2305, [0x2243, [0x31d5, nil]]]]]
0x310bS0x31bfS0x2235S0x22f2S0x2655S0x470	[0x484, [0x2660, [0x2305, [0x2243, [0x31c7, [0x310b, nil]]]]]]
0x5c3S0x1ef	[0x1f3, [0x5c3, nil]]
0x5c5S0x1ef	[0x1f3, [0x5c5, nil]]
0x5c6S0x1ef	[0x1f3, [0x5c6, nil]]
0x5e9S0x1ef	[0x1f3, [0x5e9, nil]]
0x5ebS0x1ef	[0x1f3, [0x5eb, nil]]
0x5ecS0x1ef	[0x1f3, [0x5ec, nil]]
0x5f0S0x1ef	[0x1f3, [0x5f0, nil]]
0x5f3S0x1ef	[0x1f3, [0x5f3, nil]]
0x5e8S0x1ef	[0x1f3, [0x5e8, nil]]
0x611S0x1ef	[0x1f3, [0x611, nil]]
0x614S0x1ef	[0x1f3, [0x614, nil]]
0x654S0x1ef	[0x1f3, [0x654, nil]]
0x65aS0x1ef	[0x1f3, [0x65a, nil]]
0x65cS0x1ef	[0x1f3, [0x65c, nil]]
0x65dS0x1ef	[0x1f3, [0x65d, nil]]
0x660S0x1ef	[0x1f3, [0x660, nil]]
0xb040x5b7S0x1ef	[0x1f3, [0xb04, nil]]
0xb080x5b7S0x1ef	[0x1f3, [0xb08, nil]]
0xb030x5b7S0x1ef	[0x1f3, [0xb03, nil]]
0xb010x5b7S0x1ef	[0x1f3, [0xb01, nil]]
0xade0x5b7S0x1ef	[0x1f3, [0xade, nil]]
0xadd0x5b7S0x1ef	[0x1f3, [0xadd, nil]]
0xadb0x5b7S0x1ef	[0x1f3, [0xadb, nil]]
0xb0b0x5b7S0x1ef	[0x1f3, [0xb0b, nil]]
0xb000x5b7S0x1ef	[0x1f3, [0xb00, nil]]
0x661S0x1ef	[0x1f3, [0x661, nil]]
0x675S0x1ef	[0x1f3, [0x675, nil]]
0x68eS0x1ef	[0x1f3, [0x68e, nil]]
0x5b8S0x1ef	[0x1f3, [0x5b8, nil]]
0x5bbS0x1ef	[0x1f3, [0x5bb, nil]]
0x5bdS0x1ef	[0x1f3, [0x5bd, nil]]
0x5beS0x1ef	[0x1f3, [0x5be, nil]]
0x5bfS0x1ef	[0x1f3, [0x5bf, nil]]
0x5c2S0x1ef	[0x1f3, [0x5c2, nil]]
0x5ffS0x1ef	[0x1f3, [0x5ff, nil]]
0x600S0x1ef	[0x1f3, [0x600, nil]]
0x60aS0x1ef	[0x1f3, [0x60a, nil]]
0x60cS0x1ef	[0x1f3, [0x60c, nil]]
0x60dS0x1ef	[0x1f3, [0x60d, nil]]
0x610S0x1ef	[0x1f3, [0x610, nil]]
0x5f5S0x1ef	[0x1f3, [0x5f5, nil]]
0x5f7S0x1ef	[0x1f3, [0x5f7, nil]]
0x5faS0x1ef	[0x1f3, [0x5fa, nil]]
0x5fcS0x1ef	[0x1f3, [0x5fc, nil]]
0x617S0x1ef	[0x1f3, [0x617, nil]]
0x619S0x1ef	[0x1f3, [0x619, nil]]
0x61fS0x1ef	[0x1f3, [0x61f, nil]]
0x621S0x1ef	[0x1f3, [0x621, nil]]
0x622S0x1ef	[0x1f3, [0x622, nil]]
0x624S0x1ef	[0x1f3, [0x624, nil]]
0x626S0x1ef	[0x1f3, [0x626, nil]]
0x627S0x1ef	[0x1f3, [0x627, nil]]
0x62bS0x1ef	[0x1f3, [0x62b, nil]]
0x62cS0x1ef	[0x1f3, [0x62c, nil]]
0x62fS0x1ef	[0x1f3, [0x62f, nil]]
0x61dS0x1ef	[0x1f3, [0x61d, nil]]
0x629S0x1ef	[0x1f3, [0x629, nil]]
0x648S0x1ef	[0x1f3, [0x648, nil]]
0xd400S0x1ef	[0x1f3, [0x64a, nil]]
0xd420S0x1ef	[0x1f3, [0x64a, nil]]
0x6aeS0x1ef	[0x1f3, [0x6ae, nil]]
0x687S0x1ef	[0x1f3, [0x687, nil]]
0x689S0x1ef	[0x1f3, [0x689, nil]]
0x68aS0x1ef	[0x1f3, [0x68a, nil]]
0x68dS0x1ef	[0x1f3, [0x68d, nil]]
0x663S0x1ef	[0x1f3, [0x663, nil]]
0x665S0x1ef	[0x1f3, [0x665, nil]]
0x666S0x1ef	[0x1f3, [0x666, nil]]
0x668S0x1ef	[0x1f3, [0x668, nil]]
0x669S0x1ef	[0x1f3, [0x669, nil]]
0x66aS0x1ef	[0x1f3, [0x66a, nil]]
0x66eS0x1ef	[0x1f3, [0x66e, nil]]
0x670S0x1ef	[0x1f3, [0x670, nil]]
0x671S0x1ef	[0x1f3, [0x671, nil]]
0x674S0x1ef	[0x1f3, [0x674, nil]]
0x677S0x1ef	[0x1f3, [0x677, nil]]
0x679S0x1ef	[0x1f3, [0x679, nil]]
0x67aS0x1ef	[0x1f3, [0x67a, nil]]
0x67cS0x1ef	[0x1f3, [0x67c, nil]]
0x67dS0x1ef	[0x1f3, [0x67d, nil]]
0x67eS0x1ef	[0x1f3, [0x67e, nil]]
0x67fS0x1ef	[0x1f3, [0x67f, nil]]
0x682S0x1ef	[0x1f3, [0x682, nil]]
0x690S0x1ef	[0x1f3, [0x690, nil]]
0x692S0x1ef	[0x1f3, [0x692, nil]]
0x693S0x1ef	[0x1f3, [0x693, nil]]
0x695S0x1ef	[0x1f3, [0x695, nil]]
0x696S0x1ef	[0x1f3, [0x696, nil]]
0x69eS0x1ef	[0x1f3, [0x69e, nil]]
0x6a0S0x1ef	[0x1f3, [0x6a0, nil]]
0x6a4S0x1ef	[0x1f3, [0x6a4, nil]]
0x6a7S0x1ef	[0x1f3, [0x6a7, nil]]
0x699S0x1ef	[0x1f3, [0x699, nil]]
0x64cS0x1ef	[0x1f3, [0x64c, nil]]
0x64eS0x1ef	[0x1f3, [0x64e, nil]]
0x64fS0x1ef	[0x1f3, [0x64f, nil]]
0x650S0x1ef	[0x1f3, [0x650, nil]]
0x653S0x1ef	[0x1f3, [0x653, nil]]
0x631S0x1ef	[0x1f3, [0x631, nil]]
0x633S0x1ef	[0x1f3, [0x633, nil]]
0x634S0x1ef	[0x1f3, [0x634, nil]]
0x637S0x1ef	[0x1f3, [0x637, nil]]
0x639S0x1ef	[0x1f3, [0x639, nil]]
0x63eS0x1ef	[0x1f3, [0x63e, nil]]
0xca00S0x1ef	[0x1f3, [0x644, nil]]
0xca20S0x1ef	[0x1f3, [0x644, nil]]
0x63bS0x1ef	[0x1f3, [0x63b, nil]]
0xb660x5b7S0x1ef	[0x1f3, [0xb66, nil]]
0xb160x5b7S0x1ef	[0x1f3, [0xb16, nil]]
0xb650x5b7S0x1ef	[0x1f3, [0xb65, nil]]
0xb600x5b7S0x1ef	[0x1f3, [0xb60, nil]]
0xb5a0x5b7S0x1ef	[0x1f3, [0xb5a, nil]]
0xb590x5b7S0x1ef	[0x1f3, [0xb59, nil]]
0xb580x5b7S0x1ef	[0x1f3, [0xb58, nil]]
0xb560x5b7S0x1ef	[0x1f3, [0xb56, nil]]
0xb550x5b7S0x1ef	[0x1f3, [0xb55, nil]]
0xb530x5b7S0x1ef	[0x1f3, [0xb53, nil]]
0xb4f0x5b7S0x1ef	[0x1f3, [0xb4f, nil]]
0xb4d0x5b7S0x1ef	[0x1f3, [0xb4d, nil]]
0xb4a0x5b7S0x1ef	[0x1f3, [0xb4a, nil]]
0xb350x5b7S0x1ef	[0x1f3, [0xb35, nil]]
0xb340x5b7S0x1ef	[0x1f3, [0xb34, nil]]
0xb1f0x5b7S0x1ef	[0x1f3, [0xb1f, nil]]
0xb1c0x5b7S0x1ef	[0x1f3, [0xb1c, nil]]
0xb1a0x5b7S0x1ef	[0x1f3, [0xb1a, nil]]
0xb4c0x5b7S0x1ef	[0x1f3, [0xb4c, nil]]
0xb520x5b7S0x1ef	[0x1f3, [0xb52, nil]]
0xbeb0x5b7S0x1ef	[0x1f3, [0xbeb, nil]]
0xbf10x5b7S0x1ef	[0x1f3, [0xbf1, nil]]
0xbea0x5b7S0x1ef	[0x1f3, [0xbea, nil]]
0xbe80x5b7S0x1ef	[0x1f3, [0xbe8, nil]]
0xbc50x5b7S0x1ef	[0x1f3, [0xbc5, nil]]
0xbc40x5b7S0x1ef	[0x1f3, [0xbc4, nil]]
0xbaf0x5b7S0x1ef	[0x1f3, [0xbaf, nil]]
0xba90x5b7S0x1ef	[0x1f3, [0xba9, nil]]
0xba70x5b7S0x1ef	[0x1f3, [0xba7, nil]]
0xba60x5b7S0x1ef	[0x1f3, [0xba6, nil]]
0xba40x5b7S0x1ef	[0x1f3, [0xba4, nil]]
0xba00x5b7S0x1ef	[0x1f3, [0xba0, nil]]
0xb9e0x5b7S0x1ef	[0x1f3, [0xb9e, nil]]
0xb9b0x5b7S0x1ef	[0x1f3, [0xb9b, nil]]
0xb860x5b7S0x1ef	[0x1f3, [0xb86, nil]]
0xb850x5b7S0x1ef	[0x1f3, [0xb85, nil]]
0xb700x5b7S0x1ef	[0x1f3, [0xb70, nil]]
0xb6d0x5b7S0x1ef	[0x1f3, [0xb6d, nil]]
0xb6b0x5b7S0x1ef	[0x1f3, [0xb6b, nil]]
0xbf40x5b7S0x1ef	[0x1f3, [0xbf4, nil]]
0xb9d0x5b7S0x1ef	[0x1f3, [0xb9d, nil]]
0xba30x5b7S0x1ef	[0x1f3, [0xba3, nil]]
0xbac0x5b7S0x1ef	[0x1f3, [0xbac, nil]]
0xad70x5b7S0x1ef	[0x1f3, [0xad7, nil]]
0xad60x5b7S0x1ef	[0x1f3, [0xad6, nil]]
0xad50x5b7S0x1ef	[0x1f3, [0xad5, nil]]
0xac00x5b7S0x1ef	[0x1f3, [0xac0, nil]]
0xabf0x5b7S0x1ef	[0x1f3, [0xabf, nil]]
0xabe0x5b7S0x1ef	[0x1f3, [0xabe, nil]]
0xaa90x5b7S0x1ef	[0x1f3, [0xaa9, nil]]
0xaa80x5b7S0x1ef	[0x1f3, [0xaa8, nil]]
0xa930x5b7S0x1ef	[0x1f3, [0xa93, nil]]
0xa920x5b7S0x1ef	[0x1f3, [0xa92, nil]]
0xa900x5b7S0x1ef	[0x1f3, [0xa90, nil]]
0xa8d0x5b7S0x1ef	[0x1f3, [0xa8d, nil]]
0xa8b0x5b7S0x1ef	[0x1f3, [0xa8b, nil]]
0xa880x5b7S0x1ef	[0x1f3, [0xa88, nil]]
0xa860x5b7S0x1ef	[0x1f3, [0xa86, nil]]
0xa840x5b7S0x1ef	[0x1f3, [0xa84, nil]]
0xada0x5b7S0x1ef	[0x1f3, [0xada, nil]]
0xbfb0x5b7S0x1ef	[0x1f3, [0xbfb, nil]]
0xbf80x5b7S0x1ef	[0x1f3, [0xbf8, nil]]
0xbf60x5b7S0x1ef	[0x1f3, [0xbf6, nil]]
0xc020x5b7S0x1ef	[0x1f3, [0xc02, nil]]
0xbfd0x5b7S0x1ef	[0x1f3, [0xbfd, nil]]
0xb120x5b7S0x1ef	[0x1f3, [0xb12, nil]]
0xb0f0x5b7S0x1ef	[0x1f3, [0xb0f, nil]]
0xb0d0x5b7S0x1ef	[0x1f3, [0xb0d, nil]]
0xb140x5b7S0x1ef	[0x1f3, [0xb14, nil]]
0x2edaS0x5c3S0x1ef	[0x1f3, [0x5f3, [0x2eda, nil]]]
0x2edcS0x5c3S0x1ef	[0x1f3, [0x5f3, [0x2edc, nil]]]
0x2edfS0x5c3S0x1ef	[0x1f3, [0x5f3, [0x2edf, nil]]]
0x2ee4S0x5c3S0x1ef	[0x1f3, [0x5f3, [0x2ee4, nil]]]
0x2ee5S0x5c3S0x1ef	[0x1f3, [0x5f3, [0x2ee5, nil]]]
0x2ee8S0x5c3S0x1ef	[0x1f3, [0x5f3, [0x2ee8, nil]]]
0x2eeaS0x5c3S0x1ef	[0x1f3, [0x5f3, [0x2eea, nil]]]
0x2eeeS0x5c3S0x1ef	[0x1f3, [0x5f3, [0x2eee, nil]]]
0x2ef1S0x5c3S0x1ef	[0x1f3, [0x5f3, [0x2ef1, nil]]]
0x2ee9S0x5c3S0x1ef	[0x1f3, [0x5f3, [0x2ee9, nil]]]
0x2a48S0x5c3S0x1ef	[0x1f3, [0x5f3, [0x2a48, nil]]]
0x2a69S0x5c3S0x1ef	[0x1f3, [0x5f3, [0x2a69, nil]]]
0x2a6cS0x5c3S0x1ef	[0x1f3, [0x5f3, [0x2a6c, nil]]]
0x2a6eS0x5c3S0x1ef	[0x1f3, [0x5f3, [0x2a6e, nil]]]
0x2a71S0x5c3S0x1ef	[0x1f3, [0x5f3, [0x2a71, nil]]]
0x2a77S0x5c3S0x1ef	[0x1f3, [0x5f3, [0x2a77, nil]]]
0x2a6dS0x5c3S0x1ef	[0x1f3, [0x5f3, [0x2a6d, nil]]]
0x2a39S0x5c3S0x1ef	[0x1f3, [0x5f3, [0x2a39, nil]]]
0x2a3bS0x5c3S0x1ef	[0x1f3, [0x5f3, [0x2a3b, nil]]]
0x2a3eS0x5c3S0x1ef	[0x1f3, [0x5f3, [0x2a3e, nil]]]
0x2a41S0x5c3S0x1ef	[0x1f3, [0x5f3, [0x2a41, nil]]]
0x2a44S0x5c3S0x1ef	[0x1f3, [0x5f3, [0x2a44, nil]]]
0x30c9S0x2a38S0x5c3S0x1ef	[0x1f3, [0x5f3, [0x2a44, [0x30c9, nil]]]]
0x30ceS0x2a38S0x5c3S0x1ef	[0x1f3, [0x5f3, [0x2a44, [0x30ce, nil]]]]
0x30d1S0x2a38S0x5c3S0x1ef	[0x1f3, [0x5f3, [0x2a44, [0x30d1, nil]]]]
0x30d8S0x2a38S0x5c3S0x1ef	[0x1f3, [0x5f3, [0x2a44, [0x30d8, nil]]]]
0x30cdS0x2a38S0x5c3S0x1ef	[0x1f3, [0x5f3, [0x2a44, [0x30cd, nil]]]]
0x2aeeS0xadb0x5b7S0x1ef	[0x1f3, [0xb0b, [0x2aee, nil]]]
0x2b0fS0xadb0x5b7S0x1ef	[0x1f3, [0xb0b, [0x2b0f, nil]]]
0x2b12S0xadb0x5b7S0x1ef	[0x1f3, [0xb0b, [0x2b12, nil]]]
0x2b14S0xadb0x5b7S0x1ef	[0x1f3, [0xb0b, [0x2b14, nil]]]
0x2b17S0xadb0x5b7S0x1ef	[0x1f3, [0xb0b, [0x2b17, nil]]]
0x2b1dS0xadb0x5b7S0x1ef	[0x1f3, [0xb0b, [0x2b1d, nil]]]
0x2b13S0xadb0x5b7S0x1ef	[0x1f3, [0xb0b, [0x2b13, nil]]]
0x2adfS0xadb0x5b7S0x1ef	[0x1f3, [0xb0b, [0x2adf, nil]]]
0x2ae1S0xadb0x5b7S0x1ef	[0x1f3, [0xb0b, [0x2ae1, nil]]]
0x2ae4S0xadb0x5b7S0x1ef	[0x1f3, [0xb0b, [0x2ae4, nil]]]
0x2ae7S0xadb0x5b7S0x1ef	[0x1f3, [0xb0b, [0x2ae7, nil]]]
0x2aeaS0xadb0x5b7S0x1ef	[0x1f3, [0xb0b, [0x2aea, nil]]]
0x2f1aS0xadb0x5b7S0x1ef	[0x1f3, [0xb0b, [0x2f1a, nil]]]
0x2f1cS0xadb0x5b7S0x1ef	[0x1f3, [0xb0b, [0x2f1c, nil]]]
0x2f1fS0xadb0x5b7S0x1ef	[0x1f3, [0xb0b, [0x2f1f, nil]]]
0x2f24S0xadb0x5b7S0x1ef	[0x1f3, [0xb0b, [0x2f24, nil]]]
0x2f25S0xadb0x5b7S0x1ef	[0x1f3, [0xb0b, [0x2f25, nil]]]
0x2f28S0xadb0x5b7S0x1ef	[0x1f3, [0xb0b, [0x2f28, nil]]]
0x2f2aS0xadb0x5b7S0x1ef	[0x1f3, [0xb0b, [0x2f2a, nil]]]
0x2f2eS0xadb0x5b7S0x1ef	[0x1f3, [0xb0b, [0x2f2e, nil]]]
0x2f31S0xadb0x5b7S0x1ef	[0x1f3, [0xb0b, [0x2f31, nil]]]
0x2f29S0xadb0x5b7S0x1ef	[0x1f3, [0xb0b, [0x2f29, nil]]]
0x30c9S0x2adeS0xadb0x5b7S0x1ef	[0x1f3, [0xb0b, [0x2aea, [0x30c9, nil]]]]
0x30ceS0x2adeS0xadb0x5b7S0x1ef	[0x1f3, [0xb0b, [0x2aea, [0x30ce, nil]]]]
0x30d1S0x2adeS0xadb0x5b7S0x1ef	[0x1f3, [0xb0b, [0x2aea, [0x30d1, nil]]]]
0x30d8S0x2adeS0xadb0x5b7S0x1ef	[0x1f3, [0xb0b, [0x2aea, [0x30d8, nil]]]]
0x30cdS0x2adeS0xadb0x5b7S0x1ef	[0x1f3, [0xb0b, [0x2aea, [0x30cd, nil]]]]
0x2f75S0xb670x5b7S0x1ef	[0x1f3, [0xbf4, [0x2f75, nil]]]
0x2f77S0xb670x5b7S0x1ef	[0x1f3, [0xbf4, [0x2f77, nil]]]
0x2f7aS0xb670x5b7S0x1ef	[0x1f3, [0xbf4, [0x2f7a, nil]]]
0x2f7dS0xb670x5b7S0x1ef	[0x1f3, [0xbf4, [0x2f7d, nil]]]
0x2f80S0xb670x5b7S0x1ef	[0x1f3, [0xbf4, [0x2f80, nil]]]
0x2f83S0xb670x5b7S0x1ef	[0x1f3, [0xbf4, [0x2f83, nil]]]
0x2f85S0xb670x5b7S0x1ef	[0x1f3, [0xbf4, [0x2f85, nil]]]
0x2f88S0xb670x5b7S0x1ef	[0x1f3, [0xbf4, [0x2f88, nil]]]
0x2f8aS0xb670x5b7S0x1ef	[0x1f3, [0xbf4, [0x2f8a, nil]]]
0x2f8dS0xb670x5b7S0x1ef	[0x1f3, [0xbf4, [0x2f8d, nil]]]
0x2f90S0xb670x5b7S0x1ef	[0x1f3, [0xbf4, [0x2f90, nil]]]
0x2f92S0xb670x5b7S0x1ef	[0x1f3, [0xbf4, [0x2f92, nil]]]
0x2f95S0xb670x5b7S0x1ef	[0x1f3, [0xbf4, [0x2f95, nil]]]
0x2b6eS0x2f74S0xb670x5b7S0x1ef	[0x1f3, [0xbf4, [0x2f88, [0x2b6e, nil]]]]
0x2b72S0x2f74S0xb670x5b7S0x1ef	[0x1f3, [0xbf4, [0x2f88, [0x2b72, nil]]]]
0x2b75S0x2f74S0xb670x5b7S0x1ef	[0x1f3, [0xbf4, [0x2f88, [0x2b75, nil]]]]
0x312dS0x2b6dS0x2f74S0xb670x5b7S0x1ef	[0x1f3, [0xbf4, [0x2f88, [0x2b75, [0x312d, nil]]]]]
0x3135S0x2b6dS0x2f74S0xb670x5b7S0x1ef	[0x1f3, [0xbf4, [0x2f88, [0x2b75, [0x3135, nil]]]]]
0x2b6eS0x2f89S0xb670x5b7S0x1ef	[0x1f3, [0xbf4, [0x2f95, [0x2b6e, nil]]]]
0x2b72S0x2f89S0xb670x5b7S0x1ef	[0x1f3, [0xbf4, [0x2f95, [0x2b72, nil]]]]
0x2b75S0x2f89S0xb670x5b7S0x1ef	[0x1f3, [0xbf4, [0x2f95, [0x2b75, nil]]]]
0x312dS0x2b6dS0x2f89S0xb670x5b7S0x1ef	[0x1f3, [0xbf4, [0x2f95, [0x2b75, [0x312d, nil]]]]]
0x3135S0x2b6dS0x2f89S0xb670x5b7S0x1ef	[0x1f3, [0xbf4, [0x2f95, [0x2b75, [0x3135, nil]]]]]
0x2ef8S0x5c3S0x1ef	[0x1f3, [0x5f3, [0x2ef8, nil]]]
0x2f38S0xadb0x5b7S0x1ef	[0x1f3, [0xb0b, [0x2f38, nil]]]
0x2f9cS0xb670x5b7S0x1ef	[0x1f3, [0xbf4, [0x2f9c, nil]]]
0x2b7bS0x2f74S0xb670x5b7S0x1ef	[0x1f3, [0xbf4, [0x2f88, [0x2b7b, nil]]]]
0x2b78S0x2f74S0xb670x5b7S0x1ef	[0x1f3, [0xbf4, [0x2f88, [0x2b78, nil]]]]
0x2b7bS0x2f89S0xb670x5b7S0x1ef	[0x1f3, [0xbf4, [0x2f95, [0x2b7b, nil]]]]
0x2b78S0x2f89S0xb670x5b7S0x1ef	[0x1f3, [0xbf4, [0x2f95, [0x2b78, nil]]]]
0xc51S0x455	[0x459, [0xc51, nil]]
0xc53S0x455	[0x459, [0xc53, nil]]
0xc54S0x455	[0x459, [0xc54, nil]]
0xc77S0x455	[0x459, [0xc77, nil]]
0xc79S0x455	[0x459, [0xc79, nil]]
0xc7aS0x455	[0x459, [0xc7a, nil]]
0xc7eS0x455	[0x459, [0xc7e, nil]]
0xc81S0x455	[0x459, [0xc81, nil]]
0xc76S0x455	[0x459, [0xc76, nil]]
0xc9fS0x455	[0x459, [0xc9f, nil]]
0xca2S0x455	[0x459, [0xca2, nil]]
0xce2S0x455	[0x459, [0xce2, nil]]
0xce8S0x455	[0x459, [0xce8, nil]]
0xceaS0x455	[0x459, [0xcea, nil]]
0xcebS0x455	[0x459, [0xceb, nil]]
0xceeS0x455	[0x459, [0xcee, nil]]
0x9e00xc45S0x455	[0x459, [0x9e0, nil]]
0x9e40xc45S0x455	[0x459, [0x9e4, nil]]
0x9df0xc45S0x455	[0x459, [0x9df, nil]]
0x9dd0xc45S0x455	[0x459, [0x9dd, nil]]
0x9ba0xc45S0x455	[0x459, [0x9ba, nil]]
0x9b90xc45S0x455	[0x459, [0x9b9, nil]]
0x9b70xc45S0x455	[0x459, [0x9b7, nil]]
0x9e70xc45S0x455	[0x459, [0x9e7, nil]]
0x9dc0xc45S0x455	[0x459, [0x9dc, nil]]
0xcefS0x455	[0x459, [0xcef, nil]]
0xd03S0x455	[0x459, [0xd03, nil]]
0xd1cS0x455	[0x459, [0xd1c, nil]]
0xc46S0x455	[0x459, [0xc46, nil]]
0xc49S0x455	[0x459, [0xc49, nil]]
0xc4bS0x455	[0x459, [0xc4b, nil]]
0xc4cS0x455	[0x459, [0xc4c, nil]]
0xc4dS0x455	[0x459, [0xc4d, nil]]
0xc50S0x455	[0x459, [0xc50, nil]]
0xc8dS0x455	[0x459, [0xc8d, nil]]
0xc8eS0x455	[0x459, [0xc8e, nil]]
0xc98S0x455	[0x459, [0xc98, nil]]
0xc9aS0x455	[0x459, [0xc9a, nil]]
0xc9bS0x455	[0x459, [0xc9b, nil]]
0xc9eS0x455	[0x459, [0xc9e, nil]]
0xc83S0x455	[0x459, [0xc83, nil]]
0xc85S0x455	[0x459, [0xc85, nil]]
0xc88S0x455	[0x459, [0xc88, nil]]
0xc8aS0x455	[0x459, [0xc8a, nil]]
0xca5S0x455	[0x459, [0xca5, nil]]
0xca7S0x455	[0x459, [0xca7, nil]]
0xcadS0x455	[0x459, [0xcad, nil]]
0xcafS0x455	[0x459, [0xcaf, nil]]
0xcb0S0x455	[0x459, [0xcb0, nil]]
0xcb2S0x455	[0x459, [0xcb2, nil]]
0xcb4S0x455	[0x459, [0xcb4, nil]]
0xcb5S0x455	[0x459, [0xcb5, nil]]
0xcb9S0x455	[0x459, [0xcb9, nil]]
0xcbaS0x455	[0x459, [0xcba, nil]]
0xcbdS0x455	[0x459, [0xcbd, nil]]
0xcabS0x455	[0x459, [0xcab, nil]]
0xcb7S0x455	[0x459, [0xcb7, nil]]
0xcd6S0x455	[0x459, [0xcd6, nil]]
0x11a00S0x455	[0x459, [0xcd8, nil]]
0x11a20S0x455	[0x459, [0xcd8, nil]]
0xd3cS0x455	[0x459, [0xd3c, nil]]
0xd15S0x455	[0x459, [0xd15, nil]]
0xd17S0x455	[0x459, [0xd17, nil]]
0xd18S0x455	[0x459, [0xd18, nil]]
0xd1bS0x455	[0x459, [0xd1b, nil]]
0xcf1S0x455	[0x459, [0xcf1, nil]]
0xcf3S0x455	[0x459, [0xcf3, nil]]
0xcf4S0x455	[0x459, [0xcf4, nil]]
0xcf6S0x455	[0x459, [0xcf6, nil]]
0xcf7S0x455	[0x459, [0xcf7, nil]]
0xcf8S0x455	[0x459, [0xcf8, nil]]
0xcfcS0x455	[0x459, [0xcfc, nil]]
0xcfeS0x455	[0x459, [0xcfe, nil]]
0xcffS0x455	[0x459, [0xcff, nil]]
0xd02S0x455	[0x459, [0xd02, nil]]
0xd05S0x455	[0x459, [0xd05, nil]]
0xd07S0x455	[0x459, [0xd07, nil]]
0xd08S0x455	[0x459, [0xd08, nil]]
0xd0aS0x455	[0x459, [0xd0a, nil]]
0xd0bS0x455	[0x459, [0xd0b, nil]]
0xd0cS0x455	[0x459, [0xd0c, nil]]
0xd0dS0x455	[0x459, [0xd0d, nil]]
0xd10S0x455	[0x459, [0xd10, nil]]
0xd1eS0x455	[0x459, [0xd1e, nil]]
0xd20S0x455	[0x459, [0xd20, nil]]
0xd21S0x455	[0x459, [0xd21, nil]]
0xd23S0x455	[0x459, [0xd23, nil]]
0xd24S0x455	[0x459, [0xd24, nil]]
0xd2cS0x455	[0x459, [0xd2c, nil]]
0xd2eS0x455	[0x459, [0xd2e, nil]]
0xd32S0x455	[0x459, [0xd32, nil]]
0xd35S0x455	[0x459, [0xd35, nil]]
0xd27S0x455	[0x459, [0xd27, nil]]
0xcdaS0x455	[0x459, [0xcda, nil]]
0xcdcS0x455	[0x459, [0xcdc, nil]]
0xcddS0x455	[0x459, [0xcdd, nil]]
0xcdeS0x455	[0x459, [0xcde, nil]]
0xce1S0x455	[0x459, [0xce1, nil]]
0xcbfS0x455	[0x459, [0xcbf, nil]]
0xcc1S0x455	[0x459, [0xcc1, nil]]
0xcc2S0x455	[0x459, [0xcc2, nil]]
0xcc5S0x455	[0x459, [0xcc5, nil]]
0xcc7S0x455	[0x459, [0xcc7, nil]]
0xcccS0x455	[0x459, [0xccc, nil]]
0x11000S0x455	[0x459, [0xcd2, nil]]
0x11020S0x455	[0x459, [0xcd2, nil]]
0xcc9S0x455	[0x459, [0xcc9, nil]]
0x1bbe0xc45S0x455	[0x459, [0x1bbe, nil]]
0x1b6e0xc45S0x455	[0x459, [0x1b6e, nil]]
0x1bbd0xc45S0x455	[0x459, [0x1bbd, nil]]
0x1bb80xc45S0x455	[0x459, [0x1bb8, nil]]
0x1bb20xc45S0x455	[0x459, [0x1bb2, nil]]
0x1bb10xc45S0x455	[0x459, [0x1bb1, nil]]
0x1bb00xc45S0x455	[0x459, [0x1bb0, nil]]
0x1bae0xc45S0x455	[0x459, [0x1bae, nil]]
0x1bad0xc45S0x455	[0x459, [0x1bad, nil]]
0x1bab0xc45S0x455	[0x459, [0x1bab, nil]]
0x1ba70xc45S0x455	[0x459, [0x1ba7, nil]]
0x1ba50xc45S0x455	[0x459, [0x1ba5, nil]]
0x1ba20xc45S0x455	[0x459, [0x1ba2, nil]]
0x1b8d0xc45S0x455	[0x459, [0x1b8d, nil]]
0x1b8c0xc45S0x455	[0x459, [0x1b8c, nil]]
0x1b770xc45S0x455	[0x459, [0x1b77, nil]]
0x1b740xc45S0x455	[0x459, [0x1b74, nil]]
0x1b720xc45S0x455	[0x459, [0x1b72, nil]]
0x1b6c0xc45S0x455	[0x459, [0x1b6c, nil]]
0x1ba40xc45S0x455	[0x459, [0x1ba4, nil]]
0x1baa0xc45S0x455	[0x459, [0x1baa, nil]]
0x106000xc45S0x455	[0x459, [0xa3f, nil]]
0x106200xc45S0x455	[0x459, [0xa3f, nil]]
0x1c430xc45S0x455	[0x459, [0x1c43, nil]]
0x1c490xc45S0x455	[0x459, [0x1c49, nil]]
0x1c420xc45S0x455	[0x459, [0x1c42, nil]]
0x1c400xc45S0x455	[0x459, [0x1c40, nil]]
0x1c1d0xc45S0x455	[0x459, [0x1c1d, nil]]
0x1c1c0xc45S0x455	[0x459, [0x1c1c, nil]]
0x1c070xc45S0x455	[0x459, [0x1c07, nil]]
0x1c010xc45S0x455	[0x459, [0x1c01, nil]]
0x1bff0xc45S0x455	[0x459, [0x1bff, nil]]
0x1bfe0xc45S0x455	[0x459, [0x1bfe, nil]]
0x1bfc0xc45S0x455	[0x459, [0x1bfc, nil]]
0x1bf80xc45S0x455	[0x459, [0x1bf8, nil]]
0x1bf60xc45S0x455	[0x459, [0x1bf6, nil]]
0x1bf30xc45S0x455	[0x459, [0x1bf3, nil]]
0x1bde0xc45S0x455	[0x459, [0x1bde, nil]]
0x1bdd0xc45S0x455	[0x459, [0x1bdd, nil]]
0x1bc80xc45S0x455	[0x459, [0x1bc8, nil]]
0x1bc50xc45S0x455	[0x459, [0x1bc5, nil]]
0x1bc30xc45S0x455	[0x459, [0x1bc3, nil]]
0x1c4c0xc45S0x455	[0x459, [0x1c4c, nil]]
0x1bf50xc45S0x455	[0x459, [0x1bf5, nil]]
0x1bfb0xc45S0x455	[0x459, [0x1bfb, nil]]
0x1c040xc45S0x455	[0x459, [0x1c04, nil]]
0xa450xc45S0x455	[0x459, [0xa45, nil]]
0xa400xc45S0x455	[0x459, [0xa40, nil]]
0xa480xc45S0x455	[0x459, [0xa48, nil]]
0xa380xc45S0x455	[0x459, [0xa38, nil]]
0xa370xc45S0x455	[0x459, [0xa37, nil]]
0xa360xc45S0x455	[0x459, [0xa36, nil]]
0xa310xc45S0x455	[0x459, [0xa31, nil]]
0xa300xc45S0x455	[0x459, [0xa30, nil]]
0xa2e0xc45S0x455	[0x459, [0xa2e, nil]]
0xa2d0xc45S0x455	[0x459, [0xa2d, nil]]
0xa2b0xc45S0x455	[0x459, [0xa2b, nil]]
0xa270xc45S0x455	[0x459, [0xa27, nil]]
0xa250xc45S0x455	[0x459, [0xa25, nil]]
0xa220xc45S0x455	[0x459, [0xa22, nil]]
0xa0d0xc45S0x455	[0x459, [0xa0d, nil]]
0xa0c0xc45S0x455	[0x459, [0xa0c, nil]]
0x9f70xc45S0x455	[0x459, [0x9f7, nil]]
0x9f40xc45S0x455	[0x459, [0x9f4, nil]]
0x9f20xc45S0x455	[0x459, [0x9f2, nil]]
0xa3b0xc45S0x455	[0x459, [0xa3b, nil]]
0xa240xc45S0x455	[0x459, [0xa24, nil]]
0xa2a0xc45S0x455	[0x459, [0xa2a, nil]]
0x9b30xc45S0x455	[0x459, [0x9b3, nil]]
0x9b20xc45S0x455	[0x459, [0x9b2, nil]]
0x9b10xc45S0x455	[0x459, [0x9b1, nil]]
0x99c0xc45S0x455	[0x459, [0x99c, nil]]
0x99b0xc45S0x455	[0x459, [0x99b, nil]]
0x99a0xc45S0x455	[0x459, [0x99a, nil]]
0x9850xc45S0x455	[0x459, [0x985, nil]]
0x9840xc45S0x455	[0x459, [0x984, nil]]
0x96f0xc45S0x455	[0x459, [0x96f, nil]]
0x96e0xc45S0x455	[0x459, [0x96e, nil]]
0x96c0xc45S0x455	[0x459, [0x96c, nil]]
0x9690xc45S0x455	[0x459, [0x969, nil]]
0x9670xc45S0x455	[0x459, [0x967, nil]]
0x9640xc45S0x455	[0x459, [0x964, nil]]
0x9620xc45S0x455	[0x459, [0x962, nil]]
0x9600xc45S0x455	[0x459, [0x960, nil]]
0x9b60xc45S0x455	[0x459, [0x9b6, nil]]
0x1c530xc45S0x455	[0x459, [0x1c53, nil]]
0x1c500xc45S0x455	[0x459, [0x1c50, nil]]
0x1c4e0xc45S0x455	[0x459, [0x1c4e, nil]]
0x1c5a0xc45S0x455	[0x459, [0x1c5a, nil]]
0x1c550xc45S0x455	[0x459, [0x1c55, nil]]
0x9ee0xc45S0x455	[0x459, [0x9ee, nil]]
0x9eb0xc45S0x455	[0x459, [0x9eb, nil]]
0x9e90xc45S0x455	[0x459, [0x9e9, nil]]
0x9f00xc45S0x455	[0x459, [0x9f0, nil]]
0x2edaS0xc51S0x455	[0x459, [0xc81, [0x2eda, nil]]]
0x2edcS0xc51S0x455	[0x459, [0xc81, [0x2edc, nil]]]
0x2edfS0xc51S0x455	[0x459, [0xc81, [0x2edf, nil]]]
0x2ee4S0xc51S0x455	[0x459, [0xc81, [0x2ee4, nil]]]
0x2ee5S0xc51S0x455	[0x459, [0xc81, [0x2ee5, nil]]]
0x2ee8S0xc51S0x455	[0x459, [0xc81, [0x2ee8, nil]]]
0x2eeaS0xc51S0x455	[0x459, [0xc81, [0x2eea, nil]]]
0x2eeeS0xc51S0x455	[0x459, [0xc81, [0x2eee, nil]]]
0x2ef1S0xc51S0x455	[0x459, [0xc81, [0x2ef1, nil]]]
0x2ee9S0xc51S0x455	[0x459, [0xc81, [0x2ee9, nil]]]
0x2a48S0xc51S0x455	[0x459, [0xc81, [0x2a48, nil]]]
0x2a69S0xc51S0x455	[0x459, [0xc81, [0x2a69, nil]]]
0x2a6cS0xc51S0x455	[0x459, [0xc81, [0x2a6c, nil]]]
0x2a6eS0xc51S0x455	[0x459, [0xc81, [0x2a6e, nil]]]
0x2a71S0xc51S0x455	[0x459, [0xc81, [0x2a71, nil]]]
0x2a77S0xc51S0x455	[0x459, [0xc81, [0x2a77, nil]]]
0x2a6dS0xc51S0x455	[0x459, [0xc81, [0x2a6d, nil]]]
0x2a39S0xc51S0x455	[0x459, [0xc81, [0x2a39, nil]]]
0x2a3bS0xc51S0x455	[0x459, [0xc81, [0x2a3b, nil]]]
0x2a3eS0xc51S0x455	[0x459, [0xc81, [0x2a3e, nil]]]
0x2a41S0xc51S0x455	[0x459, [0xc81, [0x2a41, nil]]]
0x2a44S0xc51S0x455	[0x459, [0xc81, [0x2a44, nil]]]
0x30c9S0x2a38S0xc51S0x455	[0x459, [0xc81, [0x2a44, [0x30c9, nil]]]]
0x30ceS0x2a38S0xc51S0x455	[0x459, [0xc81, [0x2a44, [0x30ce, nil]]]]
0x30d1S0x2a38S0xc51S0x455	[0x459, [0xc81, [0x2a44, [0x30d1, nil]]]]
0x30d8S0x2a38S0xc51S0x455	[0x459, [0xc81, [0x2a44, [0x30d8, nil]]]]
0x30cdS0x2a38S0xc51S0x455	[0x459, [0xc81, [0x2a44, [0x30cd, nil]]]]
0x2aeeS0x9b70xc45S0x455	[0x459, [0x9e7, [0x2aee, nil]]]
0x2b0fS0x9b70xc45S0x455	[0x459, [0x9e7, [0x2b0f, nil]]]
0x2b12S0x9b70xc45S0x455	[0x459, [0x9e7, [0x2b12, nil]]]
0x2b14S0x9b70xc45S0x455	[0x459, [0x9e7, [0x2b14, nil]]]
0x2b17S0x9b70xc45S0x455	[0x459, [0x9e7, [0x2b17, nil]]]
0x2b1dS0x9b70xc45S0x455	[0x459, [0x9e7, [0x2b1d, nil]]]
0x2b13S0x9b70xc45S0x455	[0x459, [0x9e7, [0x2b13, nil]]]
0x2adfS0x9b70xc45S0x455	[0x459, [0x9e7, [0x2adf, nil]]]
0x2ae1S0x9b70xc45S0x455	[0x459, [0x9e7, [0x2ae1, nil]]]
0x2ae4S0x9b70xc45S0x455	[0x459, [0x9e7, [0x2ae4, nil]]]
0x2ae7S0x9b70xc45S0x455	[0x459, [0x9e7, [0x2ae7, nil]]]
0x2aeaS0x9b70xc45S0x455	[0x459, [0x9e7, [0x2aea, nil]]]
0x2f1aS0x9b70xc45S0x455	[0x459, [0x9e7, [0x2f1a, nil]]]
0x2f1cS0x9b70xc45S0x455	[0x459, [0x9e7, [0x2f1c, nil]]]
0x2f1fS0x9b70xc45S0x455	[0x459, [0x9e7, [0x2f1f, nil]]]
0x2f24S0x9b70xc45S0x455	[0x459, [0x9e7, [0x2f24, nil]]]
0x2f25S0x9b70xc45S0x455	[0x459, [0x9e7, [0x2f25, nil]]]
0x2f28S0x9b70xc45S0x455	[0x459, [0x9e7, [0x2f28, nil]]]
0x2f2aS0x9b70xc45S0x455	[0x459, [0x9e7, [0x2f2a, nil]]]
0x2f2eS0x9b70xc45S0x455	[0x459, [0x9e7, [0x2f2e, nil]]]
0x2f31S0x9b70xc45S0x455	[0x459, [0x9e7, [0x2f31, nil]]]
0x2f29S0x9b70xc45S0x455	[0x459, [0x9e7, [0x2f29, nil]]]
0x30c9S0x2adeS0x9b70xc45S0x455	[0x459, [0x9e7, [0x2aea, [0x30c9, nil]]]]
0x30ceS0x2adeS0x9b70xc45S0x455	[0x459, [0x9e7, [0x2aea, [0x30ce, nil]]]]
0x30d1S0x2adeS0x9b70xc45S0x455	[0x459, [0x9e7, [0x2aea, [0x30d1, nil]]]]
0x30d8S0x2adeS0x9b70xc45S0x455	[0x459, [0x9e7, [0x2aea, [0x30d8, nil]]]]
0x30cdS0x2adeS0x9b70xc45S0x455	[0x459, [0x9e7, [0x2aea, [0x30cd, nil]]]]
0x2f75S0x1bbf0xc45S0x455	[0x459, [0x1c4c, [0x2f75, nil]]]
0x2f77S0x1bbf0xc45S0x455	[0x459, [0x1c4c, [0x2f77, nil]]]
0x2f7aS0x1bbf0xc45S0x455	[0x459, [0x1c4c, [0x2f7a, nil]]]
0x2f7dS0x1bbf0xc45S0x455	[0x459, [0x1c4c, [0x2f7d, nil]]]
0x2f80S0x1bbf0xc45S0x455	[0x459, [0x1c4c, [0x2f80, nil]]]
0x2f83S0x1bbf0xc45S0x455	[0x459, [0x1c4c, [0x2f83, nil]]]
0x2f85S0x1bbf0xc45S0x455	[0x459, [0x1c4c, [0x2f85, nil]]]
0x2f88S0x1bbf0xc45S0x455	[0x459, [0x1c4c, [0x2f88, nil]]]
0x2f8aS0x1bbf0xc45S0x455	[0x459, [0x1c4c, [0x2f8a, nil]]]
0x2f8dS0x1bbf0xc45S0x455	[0x459, [0x1c4c, [0x2f8d, nil]]]
0x2f90S0x1bbf0xc45S0x455	[0x459, [0x1c4c, [0x2f90, nil]]]
0x2f92S0x1bbf0xc45S0x455	[0x459, [0x1c4c, [0x2f92, nil]]]
0x2f95S0x1bbf0xc45S0x455	[0x459, [0x1c4c, [0x2f95, nil]]]
0x2b6eS0x2f74S0x1bbf0xc45S0x455	[0x459, [0x1c4c, [0x2f88, [0x2b6e, nil]]]]
0x2b72S0x2f74S0x1bbf0xc45S0x455	[0x459, [0x1c4c, [0x2f88, [0x2b72, nil]]]]
0x2b75S0x2f74S0x1bbf0xc45S0x455	[0x459, [0x1c4c, [0x2f88, [0x2b75, nil]]]]
0x312dS0x2b6dS0x2f74S0x1bbf0xc45S0x455	[0x459, [0x1c4c, [0x2f88, [0x2b75, [0x312d, nil]]]]]
0x3135S0x2b6dS0x2f74S0x1bbf0xc45S0x455	[0x459, [0x1c4c, [0x2f88, [0x2b75, [0x3135, nil]]]]]
0x2b6eS0x2f89S0x1bbf0xc45S0x455	[0x459, [0x1c4c, [0x2f95, [0x2b6e, nil]]]]
0x2b72S0x2f89S0x1bbf0xc45S0x455	[0x459, [0x1c4c, [0x2f95, [0x2b72, nil]]]]
0x2b75S0x2f89S0x1bbf0xc45S0x455	[0x459, [0x1c4c, [0x2f95, [0x2b75, nil]]]]
0x312dS0x2b6dS0x2f89S0x1bbf0xc45S0x455	[0x459, [0x1c4c, [0x2f95, [0x2b75, [0x312d, nil]]]]]
0x3135S0x2b6dS0x2f89S0x1bbf0xc45S0x455	[0x459, [0x1c4c, [0x2f95, [0x2b75, [0x3135, nil]]]]]
0xa500xc45S0x455	[0x459, [0xa50, nil]]
0x2ef8S0xc51S0x455	[0x459, [0xc81, [0x2ef8, nil]]]
0x2f38S0x9b70xc45S0x455	[0x459, [0x9e7, [0x2f38, nil]]]
0x2f9cS0x1bbf0xc45S0x455	[0x459, [0x1c4c, [0x2f9c, nil]]]
0x2b7bS0x2f74S0x1bbf0xc45S0x455	[0x459, [0x1c4c, [0x2f88, [0x2b7b, nil]]]]
0x2b78S0x2f74S0x1bbf0xc45S0x455	[0x459, [0x1c4c, [0x2f88, [0x2b78, nil]]]]
0x2b7bS0x2f89S0x1bbf0xc45S0x455	[0x459, [0x1c4c, [0x2f95, [0x2b7b, nil]]]]
0x2b78S0x2f89S0x1bbf0xc45S0x455	[0x459, [0x1c4c, [0x2f95, [0x2b78, nil]]]]
