0xf	0xd	0
0x4	0x0	1
0x4	0x2	0
0x8	0x5	1
0x8	0x7	0
0x12	0xf	1
0x12	0x10	0
0x19	0x12	1
0x19	0x14	0
0x24	0x1f	0
0x24	0x12	1
0x2f	0x12	1
0x2f	0x2a	0
0x3a	0x12	1
0x3a	0x35	0
0x45	0x40	0
0x45	0x12	1
0x50	0x12	1
0x50	0x4b	0
0x5b	0x12	1
0x5b	0x56	0
0x66	0x12	1
0x66	0x61	0
0x76	0x12	1
0x76	0x71	0
0x81	0x12	1
0x81	0x7c	0
0x8c	0x12	1
0x8c	0x87	0
0x97	0x12	1
0x97	0x92	0
0xa2	0x12	1
0xa2	0x9d	0
0xb2	0x12	1
0xb2	0xad	0
0xbd	0x12	1
0xbd	0xb8	0
0xc8	0x12	1
0xc8	0xc3	0
0xd3	0x12	1
0xd3	0xce	0
0xde	0x12	1
0xde	0xd9	0
0xe9	0x12	1
0xe9	0xe4	0
0xf4	0x12	1
0xf4	0xef	0
0x104	0x12	1
0x104	0xff	0
0x10f	0x12	1
0x10f	0x10a	0
0x11a	0x12	1
0x11a	0x115	0
0x125	0x12	1
0x125	0x120	0
0x130	0x12	1
0x130	0x12b	0
0x13d	0x13b	0
0x152	0x150	0
0x15f	0x15d	0
0x162	0x15f	1
0x162	0x2bdfV0x14f	0
0x168	0x166	0
0x17a	0x176	1
0x17a	0x179	0
0x17c	0x176	0
0x17c	0x17a	1
0x18f	0x18d	0
0x19c	0x19a	0
0x19f	0x19c	1
0x19f	0x2f5fV0x18c	0
0x1a5	0x1a3	0
0x1ba	0x1b8	0
0x1c7	0x1c5	0
0x1ca	0x1c7	1
0x1ca	0x2f5fV0x1b7	0
0x1d0	0x1ce	0
0x1e2	0x1de	1
0x1e2	0x1e1	0
0x1e4	0x1de	0
0x1e4	0x1e2	1
0x1f7	0x1f5	0
0x204	0x202	0
0x207	0x204	1
0x207	0x26e6_0x6V0x2c54V0x1f4	0
0x20d	0x20b	0
0x222	0x220	0
0x22f	0x22d	0
0x232	0x22f	1
0x232	0x2c97V0x21f	0
0x238	0x236	0
0x24a	0x246	1
0x24a	0x249	0
0x24c	0x246	0
0x24c	0x24a	1
0x25f	0x25d	0
0x26c	0x26a	0
0x26f	0x26c	1
0x26f	0x2f5fV0x25c	0
0x27a	0x276	1
0x27a	0x279	0
0x27c	0x276	0
0x27c	0x27a	1
0x28f	0x28d	0
0x29c	0x29a	0
0x29f	0x29c	1
0x29f	0x2f5fV0x28c	0
0x2a5	0x2a3	0
0x2ba	0x2b8	0
0x2c7	0x2c5	0
0x2ca	0x2c7	1
0x2ca	0x2c97V0x2b7	0
0x2d0	0x2ce	0
0x2e2	0x2de	1
0x2e2	0x2e1	0
0x2e4	0x2de	0
0x2e4	0x2e2	1
0x2f9	0x2f7	0
0x30e	0x30c	0
0x31b	0x319	0
0x31e	0x31b	1
0x31e	0x2c7cV0x30b	0
0x324	0x322	0
0x336	0x332	1
0x336	0x335	0
0x338	0x332	0
0x338	0x336	1
0x34b	0x349	0
0x358	0x356	0
0x35b	0x358	1
0x35b	0x2f5fV0x348	0
0x361	0x35f	0
0x373	0x36f	1
0x373	0x372	0
0x375	0x36f	0
0x375	0x373	1
0x388	0x386	0
0x395	0x393	0
0x398	0x395	1
0x398	0x2f5fV0x385	0
0x39e	0x39c	0
0x3b0	0x3ac	1
0x3b0	0x3af	0
0x3b2	0x3ac	0
0x3b2	0x3b0	1
0x3c5	0x3c3	0
0x3d2	0x3d0	0
0x3d5	0x3d2	1
0x3d5	0x2f5fV0x3c2	0
0x3e0	0x3dc	1
0x3e0	0x3df	0
0x3e2	0x3dc	0
0x3e2	0x3e0	1
0x3f5	0x3f3	0
0x402	0x400	0
0x405	0x402	1
0x405	0x2f5fV0x3f2	0
0x40b	0x409	0
0x420	0x41e	0
0x42d	0x42b	0
0x430	0x42d	1
0x430	0x2c97V0x41d	0
0x436	0x434	0
0x448	0x444	1
0x448	0x447	0
0x44a	0x444	0
0x44a	0x448	1
0x45d	0x45b	0
0x46a	0x468	0
0x46d	0x46a	1
0x46d	0x26e6_0x6V0x2c54V0x45a	0
0x478	0x474	1
0x478	0x477	0
0x47a	0x474	0
0x47a	0x478	1
0x48f	0x48d	0
0x4a1	0x49d	1
0x4a1	0x4a0	0
0x4a3	0x49d	0
0x4a3	0x4a1	1
0x4b8	0x4b6	0
0x4cd	0x4cb	0
0x4da	0x4d8	0
0x4dd	0x4da	1
0x4dd	0x2bdfV0x4ca	0
0x4e3	0x4e1	0
0x4f8	0x4f6	0
0x505	0x503	0
0x508	0x505	1
0x508	0x2f5fV0x4f5	0
0x50e	0x50c	0
0x523	0x521	0
0x530	0x52e	0
0x533	0x530	1
0x533	0x2bdfV0x520	0
0x539	0x537	0
0x54b	0x547	1
0x54b	0x54a	0
0x54d	0x547	0
0x54d	0x54b	1
0x560	0x55e	0
0x56d	0x56b	0
0x570	0x56d	1
0x570	0x2f5fV0x55d	0
0x579	0x574	0
0x57e	0x576	1
0x57e	0x57b	0
0x580	0x579	0
0x580	0x57e	1
0x596	0x580	1
0x596	0x581	0
0x5a7	0x5a3	1
0x5a7	0x5a5	0
0x5ae	0x5a7	0
0x5b4	0x5b2	0
0x6e1	0x6dd	1
0x6e1	0x6df	0
0x6ed	0x6e9	1
0x6ed	0x6eb	0
0x6f9	0x6f5	1
0x6f9	0x6f7	0
0x702	0x6f9	0
0x723	0x71c	1
0x723	0x721	0
0x729	0x723	1
0x729	0x727	0
0x72c	0x729	1
0x72c	0x72a	0
0x745	0x730	0
0x745	0x705arg0x1	1
0x75b	0x745	1
0x75b	0x746	0
0x760	0x72d	1
0x760	0x75e	0
0x766	0x760	1
0x766	0x764	0
0x769	0x766	1
0x769	0x767	0
0x76d	0x769	0
0x774	0x76d	1
0x774	0x772	0
0x785	0x77e	1
0x785	0x783	0
0x78b	0x785	1
0x78b	0x789	0
0x78e	0x78b	1
0x78e	0x78c	0
0x7a7	0x792	0
0x7a7	0x705arg0x1	1
0x7bd	0x7a7	1
0x7bd	0x7a8	0
0x7c2	0x78f	1
0x7c2	0x7c0	0
0x7c8	0x7c2	1
0x7c8	0x7c6	0
0x7cb	0x7c8	1
0x7cb	0x7c9	0
0x7d3	0x7cc	1
0x7d3	0x7d1	0
0x7d9	0x7d3	1
0x7d9	0x7d7	0
0x7dc	0x7d9	1
0x7dc	0x7da	0
0x7f7	0x7e2	0
0x7f7	0x705arg0x1	1
0x80f	0x7fa	0
0x80f	0x705arg0x3	1
0x835	0x833	0
0x843	0x841	0
0x846	0x843	1
0x846	0x2f7aV0x719	0
0x855	0x853	0
0xa5f	0xa5b	1
0xa5f	0xa5d	0
0xa6b	0xa67	1
0xa6b	0xa69	0
0xa77	0xa73	1
0xa77	0xa75	0
0xa80	0xa77	0
0xd51	0xd4a	1
0xd51	0xd4f	0
0xd57	0xd51	1
0xd57	0xd55	0
0xd5a	0xd57	1
0xd5a	0xd58	0
0xd73	0xd5e	0
0xd73	0x2086V0x2605V0x470	1
0xd89	0xd73	1
0xd89	0xd74	0
0xd8e	0xd5b	1
0xd8e	0xd8c	0
0xd94	0xd8e	1
0xd94	0xd92	0
0xd97	0xd94	1
0xd97	0xd95	0
0xd9f	0xd98	1
0xd9f	0xd9d	0
0xda5	0xd9f	1
0xda5	0xda3	0
0xda8	0xda5	1
0xda8	0xda6	0
0xda9	0xda8	0
0xdaa	0xd46	1
0xdaa	0xda9	0
0xdb1	0xdaf	0
0xdd7	0xdb1	1
0xdd7	0xdd5	0
0xde3	0xde1	0
0xde6	0xde3	1
0xde6	0x298bV0xdaf	0
0xded	0x2fa2V0x2139V0x2655V0x470	0
0xdf5	0xdf0	0
0xdfa	0xdf2	1
0xdfa	0xdf7	0
0xdfc	0xdf5	0
0xdfc	0xdfa	1
0xe12	0xdfc	1
0xe12	0xdfd	0
0xe28	0xe12	1
0xe28	0xe13	0
0xe51	0xe4f	0
0xe58	0xe29	1
0xe58	0xe53	0
0xe5b	0xe58	1
0xe5b	0xe59	0
0xe60	0xe51	1
0xe60	0xe5e	0
0xe6f	0xe6d	0
0xe72	0xe6f	1
0xe72	0x2c97V0xde9	0
0xe76	0xe28	0
0xe77	0xe76	0
0xe79	0xe77	0
0xe85	0xe28	1
0xe85	0xe6b	5
0xe85	0xe6f	2
0xe85	0xe6f	4
0xe85	0xe72	3
0xe85	0xe84	0
0xe86	0xe85	0
0xe88	0xe86	0
0xe9d	0xe9b	0
0xea1	0xe9f	0
0xea5	0xe9e	0
0xea5	0xea2	1
0xea6	0xea1	1
0xea6	0xea5	0
0xea8	0xe9d	0
0xea8	0xea6	1
0xeaf	0xe9d	0
0xeaf	0xe9e	1
0xebc	0xded	0
0xebc	0x232bV0x253dV0xe96	1
0xebd	0xebc	0
0xec4	0xec2	0
0xeea	0xec4	1
0xeea	0xee8	0
0xef6	0xef4	0
0xef9	0xef6	1
0xef9	0x280bV0xec2	0
0xf02	0xded	1
0xf02	0xeff_0x0	0
0xf03	0xf02	0
0xf0d	0xf0a_0x0	0
0xf0d	0xf0a_0x1	1
0xf0e	0xf0d	0
0xf16	0x2fa2V0x2139V0x2655V0x470	0
0xf18	0xf16	1
0xf18	0xf13_0x0	0
0xf21	0xf1f	0
0xf21	0xf1e_0x0	1
0xf24	0xf21	1
0xf24	0xf22	0
0xf25	0xf24	0
0xf25	0x2fa2V0x2139V0x2655V0x470	1
0xf26	0xf25	0
0xf29	0xf26	1
0xf29	0xf27	0
0xf2a	0xf29	0
0xf40	0xf2a	1
0xf40	0xf2b	0
0xf44	0x2fa2V0x2139V0x2655V0x470	0
0xf46	0xf44	1
0xf46	0xf1e_0x3	0
0xf4f	0xf4d	0
0xf4f	0xf4c_0x0	1
0xf52	0xf4f	1
0xf52	0xf50	0
0xf53	0xf52	0
0xf53	0x2fa2V0x2139V0x2655V0x470	1
0xf54	0xf53	0
0xf57	0xf54	1
0xf57	0xf55	0
0xf58	0xf57	0
0xf6e	0xf58	1
0xf6e	0xf59	0
0xf6f	0xf40	1
0xf6f	0xf6e	0
0xf70	0xf6f	0
0xf77	0xf75	0
0xf9d	0xf77	1
0xf9d	0xf9b	0
0xfa9	0xfa7	0
0xfac	0xfa9	1
0xfac	0x290bV0xf75	0
0xfb4	0xfb2	0
0xfb4	0xfaf_0x0	1
0xfe8	0x2fa2V0x2139V0x2655V0x470	0
0xfea	0xfe8	1
0xfea	0xfbc_0x1	0
0xff3	0xff1	0
0xff3	0xff0_0x0	1
0xff6	0xff3	1
0xff6	0xff4	0
0xff7	0xff6	0
0xff7	0x2fa2V0x2139V0x2655V0x470	1
0xff8	0xff7	0
0xffb	0xff8	1
0xffb	0xff9	0
0xffc	0xffb	0
0xfff	0xffd	0
0x1002	0xfff	1
0x1002	0x1000	0
0x1014	0x1012	0
0x1019	0x1014	1
0x1019	0x2cf7V0xff0	0
0x101a	0x1015	1
0x101a	0x1019	0
0x1022	0x1014	0
0x1026	0x1014	1
0x1026	0x1024	0
0x1027	0x1022	1
0x1027	0x1026	0
0x102e	0x102c	0
0x1032	0x1030	0
0x1035	0x1032	1
0x1035	0x1033	0
0x1043	0x1041	0
0x1048	0x1043	1
0x1048	0x2bcd	0
0x1049	0x1044	1
0x1049	0x1048	0
0x1051	0x1043	0
0x1055	0x1043	1
0x1055	0x1053	0
0x1056	0x1051	1
0x1056	0x1055	0
0x1061	0x2fa2V0x2139V0x2655V0x470	0
0x1063	0x1061	1
0x1063	0x1040_0x3	0
0x106c	0x106a	0
0x106c	0x1069_0x0	1
0x106f	0x106c	1
0x106f	0x106d	0
0x1070	0x106f	0
0x1070	0x2fa2V0x2139V0x2655V0x470	1
0x1071	0x1070	0
0x1074	0x1071	1
0x1074	0x1072	0
0x1075	0x1074	0
0x1079	0x2fa2V0x2139V0x2655V0x470	0
0x107b	0x1079	1
0x107b	0x1069_0x7	0
0x1084	0x1082	0
0x1084	0x1081_0x0	1
0x1087	0x1084	1
0x1087	0x1085	0
0x1088	0x1087	0
0x1088	0x2fa2V0x2139V0x2655V0x470	1
0x1089	0x1088	0
0x108c	0x1089	1
0x108c	0x108a	0
0x108d	0x108c	0
0x1091	0x2fa2V0x2139V0x2655V0x470	0
0x1093	0x1091	1
0x1093	0x1081_0x8	0
0x109c	0x109a	0
0x109c	0x1099_0x0	1
0x109f	0x109c	1
0x109f	0x109d	0
0x10a0	0x109f	0
0x10a0	0x2fa2V0x2139V0x2655V0x470	1
0x10a1	0x10a0	0
0x10a4	0x10a1	1
0x10a4	0x10a2	0
0x10a5	0x10a4	0
0x10a8	0x10a6	0
0x10af	0x10a8	1
0x10af	0x10ad	0
0x10b5	0x10b3	0
0x10c7	0x10c5	0
0x10cb	0x10c7	0
0x10cb	0x10c8	1
0x10cf	0x10c7	1
0x10cf	0x2d58V0x1099	0
0x10d3	0x105b	1
0x10d3	0x10c3	5
0x10d3	0x10c7	2
0x10d3	0x10cb	4
0x10d3	0x10cf	3
0x10d3	0x10d2	0
0x10d4	0x10d3	0
0x10d6	0x10d4	0
0x10ec	0x10ea	0
0x10ed	0x10e8	1
0x10ed	0x10ec	0
0x10ee	0x10ed	0
0x1108	0x10f1	1
0x1108	0x10f3	0
0x111f	0x10ee	1
0x111f	0x110a	0
0x1120	0x1108	1
0x1120	0x111f	0
0x1121	0x1120	0
0x1128	0x1126	0
0x114e	0x1128	1
0x114e	0x114c	0
0x115a	0x1158	0
0x115d	0x115a	1
0x115d	0x27cbV0x1126	0
0x1164	0x2fa2V0x2139V0x2655V0x470	0
0x1166	0x1164	1
0x1166	0x1160_0x3	0
0x116f	0x116d	0
0x116f	0x116c_0x0	1
0x1172	0x116f	1
0x1172	0x1170	0
0x1173	0x1172	0
0x1173	0x2fa2V0x2139V0x2655V0x470	1
0x1174	0x1173	0
0x1177	0x1174	1
0x1177	0x1175	0
0x1178	0x1177	0
0x118e	0x1178	1
0x118e	0x1179	0
0x11a5	0x10ee	1
0x11a5	0x1190	0
0x11a6	0x118e	1
0x11a6	0x11a5	0
0x11ad	0x11ab	0
0x11d3	0x11ad	1
0x11d3	0x11d1	0
0x11df	0x11dd	0
0x11e2	0x11df	1
0x11e2	0x29cbV0x11ab	0
0x11ec	0x2fa2V0x2139V0x2655V0x470	0
0x11ee	0x11ec	1
0x11ee	0x11e5_0x3	0
0x11f7	0x11f5	0
0x11f7	0x11f4_0x0	1
0x11fa	0x11f7	1
0x11fa	0x11f8	0
0x11fb	0x11fa	0
0x11fb	0x2fa2V0x2139V0x2655V0x470	1
0x11fc	0x11fb	0
0x11ff	0x11fc	1
0x11ff	0x11fd	0
0x1200	0x11ff	0
0x121e	0x10ee	1
0x121e	0x1209	0
0x1236	0x1221	0
0x1236	0x2086V0x2605V0x470	1
0x125c	0x125a	0
0x126a	0x1268	0
0x126d	0x126a	1
0x126d	0x2f7aV0x1206	0
0x1277	0x1275	0
0x1277	0x1267_0x8	1
0x128b	0x1284	1
0x128b	0x1289	0
0x1291	0x128b	1
0x1291	0x128f	0
0x1294	0x1291	1
0x1294	0x1292	0
0x12ad	0x1298	0
0x12ad	0x2086V0x2605V0x470	1
0x12c3	0x12ad	1
0x12c3	0x12ae	0
0x12c8	0x1295	1
0x12c8	0x12c6	0
0x12ce	0x12c8	1
0x12ce	0x12cc	0
0x12d1	0x12ce	1
0x12d1	0x12cf	0
0x12d9	0x12d2	1
0x12d9	0x12d7	0
0x12df	0x12d9	1
0x12df	0x12dd	0
0x12e2	0x12df	1
0x12e2	0x12e0	0
0x1308	0x12f3	0
0x1308	0x2086V0x2605V0x470	1
0x132e	0x132c	0
0x133b	0x1339	0
0x133e	0x133b	1
0x133e	0x2f5fV0x12f0	0
0x134e	0x1349	0
0x1353	0x134b	1
0x1353	0x1350	0
0x1355	0x134e	0
0x1355	0x1353	1
0x1358	0x1355	1
0x1358	0x1356	0
0x1371	0x136e	0
0x1376	0x136e	1
0x1376	0x1373	0
0x1378	0x1371	0
0x1378	0x1376	1
0x137b	0x1378	1
0x137b	0x1379	0
0x137c	0x137b	0
0x1384	0x1382	0
0x13aa	0x1384	1
0x13aa	0x13a8	0
0x13b6	0x13b4	0
0x13b9	0x13b6	1
0x13b9	0x2a31V0x1382	0
0x13c3	0x13bd	0
0x13c8	0x13c0	1
0x13c8	0x13c5	0
0x13ca	0x13c3	0
0x13ca	0x13c8	1
0x13cd	0x13ca	1
0x13cd	0x13cb	0
0x13ce	0x13cd	0
0x13d2	0x13ce	0
0x13e0	0x13db	1
0x13e0	0x13dd	0
0x13e2	0x13d9	0
0x13e6	0x13e0	1
0x13e6	0x13e4	0
0x13e7	0x13e6	0
0x13e8	0x13e2	1
0x13e8	0x13e7	0
0x13eb	0x13d7	0
0x13ec	0x13eb	0
0x13ed	0x13e0	1
0x13ed	0x13ec	0
0x13ee	0x13e8	1
0x13ee	0x13ed	0
0x13fa	0x13f4	1
0x13fa	0x13f7	0
0x13fc	0x13f4	0
0x1400	0x13fa	1
0x1400	0x13fe	0
0x1401	0x1400	0
0x1402	0x13fc	1
0x1402	0x1401	0
0x1405	0x13f2	0
0x1406	0x1405	0
0x1407	0x13fa	1
0x1407	0x1406	0
0x1408	0x1402	1
0x1408	0x1407	0
0x1415	0x1410	1
0x1415	0x1412	0
0x1417	0x140e	0
0x142e	0x1415	1
0x142e	0x1419	0
0x142f	0x142e	0
0x1430	0x1417	1
0x1430	0x142f	0
0x1448	0x1433	0
0x1448	0x1348arg0x1	1
0x1449	0x1415	1
0x1449	0x1448	0
0x144a	0x1430	1
0x144a	0x1449	0
0x1464	0x145f	1
0x1464	0x1461	0
0x1466	0x145d	0
0x147d	0x1464	1
0x147d	0x1468	0
0x147e	0x147d	0
0x147f	0x1466	1
0x147f	0x147e	0
0x1497	0x1482	0
0x1497	0x1348arg0x0	1
0x1498	0x1464	1
0x1498	0x1497	0
0x1499	0x147f	1
0x1499	0x1498	0
0x14a6	0x14a1	1
0x14a6	0x14a3	0
0x14a8	0x149f	0
0x14bf	0x14a6	1
0x14bf	0x14aa	0
0x14c0	0x14bf	0
0x14c1	0x14a8	1
0x14c1	0x14c0	0
0x14d9	0x149d	1
0x14d9	0x14c4	0
0x14da	0x14a6	1
0x14da	0x14d9	0
0x14db	0x14c1	1
0x14db	0x14da	0
0x1505	0x1500	0
0x150a	0x1502	1
0x150a	0x1507	0
0x150c	0x1505	0
0x150c	0x150a	1
0x1522	0x150c	1
0x1522	0x150d	0
0x1538	0x1522	1
0x1538	0x1523	0
0x1540	0x153e	0
0x1547	0x1539	1
0x1547	0x1542	0
0x154a	0x1547	1
0x154a	0x1548	0
0x154f	0x1540	1
0x154f	0x154d	0
0x1554	0x1552	0
0x1557	0x154f	0
0x1557	0x1554	1
0x155b	0x1538	0
0x155c	0x155b	0
0x155e	0x155c	0
0x156a	0x1538	1
0x156a	0x1550	5
0x156a	0x1554	2
0x156a	0x1554	4
0x156a	0x1557	3
0x156a	0x1569	0
0x156b	0x156a	0
0x156d	0x156b	0
0x1582	0x1580	0
0x158b	0x1589	0
0x158f	0x1588	0
0x158f	0x158c	1
0x1590	0x158b	1
0x1590	0x158f	0
0x1592	0x1582	0
0x1592	0x1590	1
0x1599	0x1582	0
0x1599	0x1588	1
0x15a6	0x2fa2V0x2269V0x2516V0x157b	0
0x15aa	0x15a8	0
0x15aa	0x2fa2V0x2269V0x2516V0x157b	1
0x15ab	0x15a6	1
0x15ab	0x15aa	0
0x15b7	0x15b5	0
0x15ba	0x15b7	1
0x15ba	0x15b8	0
0x15ca	0x15c8	0
0x15cf	0x15ca	1
0x15cf	0x2cb2V0x15b3	0
0x15d0	0x15cb	1
0x15d0	0x15cf	0
0x15d8	0x15ca	0
0x15dc	0x15ca	1
0x15dc	0x15da	0
0x15dd	0x15d8	1
0x15dd	0x15dc	0
0x15e5	0x13ce	0
0x15f2	0x15ed	1
0x15f2	0x15ef	0
0x15f4	0x15ea	0
0x15f8	0x15f2	1
0x15f8	0x15f6	0
0x15f9	0x15f8	0
0x15fa	0x15f4	1
0x15fa	0x15f9	0
0x15fd	0x15ea	0
0x15fe	0x15fd	0
0x15ff	0x15f2	1
0x15ff	0x15fe	0
0x1600	0x15fa	1
0x1600	0x15ff	0
0x160f	0x160a	0
0x1614	0x160c	1
0x1614	0x1611	0
0x1616	0x160f	0
0x1616	0x1614	1
0x162c	0x1616	1
0x162c	0x1617	0
0x16e7	0x16e2	0
0x16ec	0x16e4	1
0x16ec	0x16e9	0
0x16ee	0x16e7	0
0x16ee	0x16ec	1
0x1704	0x16ee	1
0x1704	0x16ef	0
0x1715	0x1711	1
0x1715	0x1713	0
0x1721	0x171d	1
0x1721	0x171f	0
0x1729	0x1721	0
0x1732	0x172d	0
0x1737	0x172f	1
0x1737	0x1734	0
0x1739	0x1732	0
0x1739	0x1737	1
0x174f	0x1739	1
0x174f	0x173a	0
0x1765	0x174f	1
0x1765	0x1750	0
0x178e	0x178c	0
0x1795	0x1766	1
0x1795	0x1790	0
0x1798	0x1795	1
0x1798	0x1796	0
0x179d	0x178e	1
0x179d	0x179b	0
0x17ac	0x17aa	0
0x17af	0x17ac	1
0x17af	0x2c97V0x172c	0
0x17b3	0x1765	0
0x17b4	0x17b3	0
0x17b6	0x17b4	0
0x17c2	0x1765	1
0x17c2	0x17a8	5
0x17c2	0x17ac	2
0x17c2	0x17ac	4
0x17c2	0x17af	3
0x17c2	0x17c1	0
0x17c3	0x17c2	0
0x17c5	0x17c3	0
0x17da	0x17d8	0
0x17de	0x17dc	0
0x17e2	0x17db	0
0x17e2	0x17df	1
0x17e3	0x17de	1
0x17e3	0x17e2	0
0x17e5	0x17da	0
0x17e5	0x17e3	1
0x17ec	0x17da	0
0x17ec	0x17db	1
0x17f9	0x17f8	0
0x17f9	0x232bV0x253dV0x17d3	1
0x17fa	0x17f9	0
0x1801	0x17ff	0
0x1827	0x1801	1
0x1827	0x1825	0
0x1833	0x1831	0
0x1836	0x1833	1
0x1836	0x28cbV0x17ff	0
0x1841	0x183c	0
0x1846	0x183e	1
0x1846	0x1843	0
0x1848	0x1841	0
0x1848	0x1846	1
0x185e	0x1848	1
0x185e	0x1849	0
0x1874	0x185e	1
0x1874	0x185f	0
0x189d	0x189b	0
0x18a4	0x1875	1
0x18a4	0x189f	0
0x18a7	0x18a4	1
0x18a7	0x18a5	0
0x18ac	0x189d	1
0x18ac	0x18aa	0
0x18bb	0x18b9	0
0x18be	0x18bb	1
0x18be	0x2c97V0x1839	0
0x18c2	0x1874	0
0x18c3	0x18c2	0
0x18c5	0x18c3	0
0x18d1	0x1874	1
0x18d1	0x18b7	5
0x18d1	0x18bb	2
0x18d1	0x18bb	4
0x18d1	0x18be	3
0x18d1	0x18d0	0
0x18d2	0x18d1	0
0x18d4	0x18d2	0
0x18e9	0x18e7	0
0x18ed	0x18eb	0
0x18f1	0x18ea	0
0x18f1	0x18ee	1
0x18f2	0x18ed	1
0x18f2	0x18f1	0
0x18f4	0x18e9	0
0x18f4	0x18f2	1
0x18fb	0x18e9	0
0x18fb	0x18ea	1
0x1920	0x1909	1
0x1920	0x190b	0
0x1937	0x1922	0
0x1937	0x232bV0x253dV0x18e2	1
0x1938	0x1920	1
0x1938	0x1937	0
0x1939	0x1938	0
0x1943	0x193e	0
0x1948	0x1940	1
0x1948	0x1945	0
0x194a	0x1943	0
0x194a	0x1948	1
0x1960	0x194a	1
0x1960	0x194b	0
0x197a	0x1965	0
0x197a	0x1963_0x0	1
0x1981	0x197e	0
0x1982	0x197b	1
0x1982	0x1981	0
0x1986	0x1984	0
0x198b	0x1989	0
0x198e	0x1986	0
0x198e	0x198b	1
0x1993	0x197a	1
0x1993	0x197e	2
0x1993	0x1982	0
0x1993	0x1987	6
0x1993	0x198b	3
0x1993	0x198b	5
0x1993	0x198e	4
0x1999	0x1993	0
0x199b	0x1999	0
0x19c1	0x19ac	0
0x19c1	0x19a9_0x1	1
0x19df	0x19ca	0
0x19df	0x1cb3V0x19a9	1
0x1a04	0x1a02	0
0x1a11	0x1a0f	0
0x1a14	0x1a11	1
0x1a14	0x2f5fV0x19c9	0
0x1a25	0x1a20	0
0x1a2a	0x1a22	1
0x1a2a	0x1a27	0
0x1a2c	0x1a25	0
0x1a2c	0x1a2a	1
0x1a42	0x1a2c	1
0x1a42	0x1a2d	0
0x1a58	0x1a42	1
0x1a58	0x1a43	0
0x1a66	0x1a59	1
0x1a66	0x1a61	0
0x1a89	0x1a84	0
0x1a8e	0x1a86	1
0x1a8e	0x1a8b	0
0x1a90	0x1a89	0
0x1a90	0x1a8e	1
0x1a93	0x1a90	1
0x1a93	0x1a91	0
0x1aac	0x1aa9	0
0x1ab1	0x1aa9	1
0x1ab1	0x1aae	0
0x1ab3	0x1aac	0
0x1ab3	0x1ab1	1
0x1ab6	0x1ab3	1
0x1ab6	0x1ab4	0
0x1ab7	0x1ab6	0
0x1abf	0x1abd	0
0x1ae5	0x1abf	1
0x1ae5	0x1ae3	0
0x1af1	0x1aef	0
0x1af4	0x1af1	1
0x1af4	0x2a31V0x1abd	0
0x1afe	0x1af8	0
0x1b03	0x1afb	1
0x1b03	0x1b00	0
0x1b05	0x1afe	0
0x1b05	0x1b03	1
0x1b08	0x1b05	1
0x1b08	0x1b06	0
0x1b09	0x1b08	0
0x1b0d	0x1b09	0
0x1b1b	0x1b16	1
0x1b1b	0x1b18	0
0x1b1d	0x1b14	0
0x1b21	0x1b1b	1
0x1b21	0x1b1f	0
0x1b22	0x1b21	0
0x1b23	0x1b1d	1
0x1b23	0x1b22	0
0x1b26	0x1b12	0
0x1b27	0x1b26	0
0x1b28	0x1b1b	1
0x1b28	0x1b27	0
0x1b29	0x1b23	1
0x1b29	0x1b28	0
0x1b35	0x1b2f	1
0x1b35	0x1b32	0
0x1b37	0x1b2f	0
0x1b3b	0x1b35	1
0x1b3b	0x1b39	0
0x1b3c	0x1b3b	0
0x1b3d	0x1b37	1
0x1b3d	0x1b3c	0
0x1b40	0x1b2d	0
0x1b41	0x1b40	0
0x1b42	0x1b35	1
0x1b42	0x1b41	0
0x1b43	0x1b3d	1
0x1b43	0x1b42	0
0x1b49	0x1b09	0
0x1b56	0x1b51	1
0x1b56	0x1b53	0
0x1b58	0x1b4e	0
0x1b5c	0x1b56	1
0x1b5c	0x1b5a	0
0x1b5d	0x1b5c	0
0x1b5e	0x1b58	1
0x1b5e	0x1b5d	0
0x1b61	0x1b4e	0
0x1b62	0x1b61	0
0x1b63	0x1b56	1
0x1b63	0x1b62	0
0x1b64	0x1b5e	1
0x1b64	0x1b63	0
0x1c61	0x1c5barg0x1	0
0x1c61	0x1c5barg0x0	1
0x1c66	0x1c61	0
0x1c66	0x1c5barg0x1	1
0x1c67	0x1c66	0
0x1c6e	0x1c6c	0
0x1c94	0x1c6e	1
0x1c94	0x1c92	0
0x1ca0	0x1c9e	0
0x1ca3	0x1ca0	1
0x1ca3	0x288bV0x1c6c	0
0x1cc3	0x1cbe	0
0x1cc8	0x1cc0	1
0x1cc8	0x1cc5	0
0x1cca	0x1cc3	0
0x1cca	0x1cc8	1
0x1ce0	0x1cca	1
0x1ce0	0x1ccb	0
0x1cf6	0x1ce0	1
0x1cf6	0x1ce1	0
0x1d03	0x1cf7	1
0x1d03	0x1cfe	0
0x1da4	0x1da2	0
0x1da8	0x1da4	1
0x1da8	0x1da6	0
0x1db3	0x1da4	1
0x1db3	0x1db1	0
0x1fe1	0x1d9aarg0x0	0
0x1fe1	0x1d9aarg0x1	1
0x1fe2	0x1fe1	0
0x1feb	0x1fe9	0
0x2011	0x1feb	1
0x2011	0x200f	0
0x201e	0x201c	0
0x2021	0x201e	1
0x2021	0x2789V0x1fe9	0
0x202a	0x1d9aarg0x0	1
0x202a	0x1d9aarg0x1	0
0x2060	0x203d	1
0x2060	0x205e	0
0x2064	0x2037arg0x0	0
0x2069	0x2060	1
0x2069	0x2064	0
0x206a	0x2069	0
0x206c	0x206a	0
0x2075	0x2072	0
0x2075	0x2072	1
0x2077	0x2064	0
0x2077	0x2075	1
0x2078	0x2077	0
0x2846	0x1035	0
0x2846	0x2843	1
0x284b	0x1035	0
0x284b	0x2848	1
0x2bbd	0x284b	0
0x2bbd	0x2bba	1
0x2bcd	0x2bbd	0
0x2bcd	0x2bca	1
0x1f3	0x1f0	0
0x28b	0x273	5
0x28b	0x288	0
0x28b	0x2316V0x2416V0x272	3
0x28b	0x2316V0x2438V0x272	1
0x28b	0x2086V0x2408V0x272	4
0x28b	0x2086V0x2427V0x272	2
0x459	0x456	0
0xb660x39b	0x39b0xb16	3
0xb660x39b	0x39b0xb65	0
0xb660x39b	0x39b0xb59	2
0xb660x39b	0x2316V0x23d7V0x3a7	1
0x1bbe0x470	0x4700x1b6e	3
0x1bbe0x470	0x4700x1bbd	0
0x1bbe0x470	0x4700x1bb1	2
0x1bbe0x470	0x2316V0x2627V0x470	1
0xeff_0x0	0xefd	-1
0xeff_0x0	0x1277	-1
0xf0a_0x0	0xf08	-1
0xf0a_0x0	0xfb4	-1
0xf0a_0x1	0xefd	-1
0xf0a_0x1	0x1277	-1
0xf13_0x0	0xf08	-1
0xf13_0x0	0xfb4	-1
0xf1e_0x0	0xf08	-1
0xf1e_0x0	0xfb4	-1
0xf1e_0x3	0xefd	-1
0xf1e_0x3	0x1277	-1
0xf4c_0x0	0xefd	-1
0xf4c_0x0	0x1277	-1
0xfaf_0x0	0xf08	-1
0xfaf_0x0	0xfb4	-1
0xfbc_0x1	0xefd	-1
0xfbc_0x1	0x1277	-1
0xff0_0x0	0xefd	-1
0xff0_0x0	0x1277	-1
0x1040_0x3	0xefd	-1
0x1040_0x3	0x1277	-1
0x1069_0x0	0xefd	-1
0x1069_0x0	0x1277	-1
0x1069_0x7	0xefd	-1
0x1069_0x7	0x1277	-1
0x1081_0x0	0xefd	-1
0x1081_0x0	0x1277	-1
0x1081_0x8	0xefd	-1
0x1081_0x8	0x1277	-1
0x1099_0x0	0xefd	-1
0x1099_0x0	0x1277	-1
0x1160_0x3	0xefd	-1
0x1160_0x3	0x1277	-1
0x116c_0x0	0xefd	-1
0x116c_0x0	0x1277	-1
0x11e5_0x3	0xefd	-1
0x11e5_0x3	0x1277	-1
0x11f4_0x0	0xefd	-1
0x11f4_0x0	0x1277	-1
0x1267_0x8	0xefd	-1
0x1267_0x8	0x1277	-1
0x1367_0x0	0x1358	-1
0x1367_0x0	0x1a7cV0x135e	-1
0x137d_0x0	0x1358	-1
0x137d_0x0	0x137c	-1
0x137d_0x0	0x1a7cV0x135e	-1
0x1963_0x0	0x1960	-1
0x1963_0x0	0x232bV0x253dV0x18e2	-1
0x19a9_0x1	0x1960	-1
0x19a9_0x1	0x232bV0x253dV0x18e2	-1
0x1aa2_0x0	0x1a93	-1
0x1aa2_0x0	0x1a7cV0x1a99	-1
0x1ab8_0x0	0x1a93	-1
0x1ab8_0x0	0x1ab7	-1
0x1ab8_0x0	0x1a7cV0x1a99	-1
0x1c530x470	0x4700x1c50	1
0x1c530x470	0x2f7aV0x1bbf0x470	0
0x1c500x470	0x4700x1c4e	0
0x1c420x470	0x4700x1c40	0
0x1c1c0x470	0x1200	1
0x1c1c0x470	0x4700x1c07	0
0x1c010x470	0x4700x1bff	0
0x1c010x470	0x4700x1bfe	1
0x1bfe0x470	0x4700x1bfc	0
0x1bfe0x470	0x4700x1bf8	1
0x1bf80x470	0x4700x1bf6	0
0x1bf80x470	0x4700x1bc5	1
0x1bf30x470	0x4700x1bde	0
0x1bf30x470	0x4700x1bdd	1
0x1bdd0x470	0x1200	1
0x1bdd0x470	0x4700x1bc8	0
0x1bbd0x470	0x4700x1bb8	0
0x1bbd0x470	0x4700x1bb2	1
0x1bb10x470	0x4700x1bb0	0
0x1bb00x470	0x4700x1bae	0
0x1bb00x470	0x4700x1bad	1
0x1bad0x470	0x4700x1bab	0
0x1bad0x470	0x4700x1ba7	1
0x1ba70x470	0x4700x1ba5	0
0x1ba70x470	0x4700x1b74	1
0x1ba20x470	0x4700x1b8d	0
0x1ba20x470	0x4700x1b8c	1
0x1b8c0x470	0x1200	1
0x1b8c0x470	0x4700x1b77	0
0xbfb0x39b	0x39b0xbf8	1
0xbfb0x39b	0x2f7aV0xb670x39b	0
0xbf80x39b	0x39b0xbf6	0
0xbea0x39b	0x39b0xbe8	0
0xbc40x39b	0x39b0xbaf	0
0xbc40x39b	0x2086V0x23c9V0x3a7	1
0xba90x39b	0x39b0xba7	0
0xba90x39b	0x39b0xba6	1
0xba60x39b	0x39b0xba4	0
0xba60x39b	0x39b0xba0	1
0xba00x39b	0x39b0xb9e	0
0xba00x39b	0x39b0xb6d	1
0xb9b0x39b	0x39b0xb86	0
0xb9b0x39b	0x39b0xb85	1
0xb850x39b	0x39b0xb70	0
0xb850x39b	0x2086V0x23c9V0x3a7	1
0xb650x39b	0x39b0xb60	0
0xb650x39b	0x39b0xb5a	1
0xb590x39b	0x39b0xb58	0
0xb580x39b	0x39b0xb56	0
0xb580x39b	0x39b0xb55	1
0xb550x39b	0x39b0xb53	0
0xb550x39b	0x39b0xb4f	1
0xb4f0x39b	0x39b0xb4d	0
0xb4f0x39b	0x39b0xb1c	1
0xb4a0x39b	0x39b0xb35	0
0xb4a0x39b	0x39b0xb34	1
0xb340x39b	0x39b0xb1f	0
0xb340x39b	0x2086V0x23c9V0x3a7	1
0xb120x39b	0x39b0xb0f	1
0xb120x39b	0x2b17V0xadb0x39b	0
0xb0f0x39b	0x39b0xb0d	0
0xb030x39b	0x39b0xb01	0
0xb030x39b	0x39b0xadd	1
0xadd0x39b	0x39b0xadb	0
0xad60x39b	0x39b0xad5	0
0xad60x39b	0x39b0xabe	1
0xad50x39b	0x39b0xac0	0
0xad50x39b	0x39b0xabf	1
0xabe0x39b	0x39b0xaa9	0
0xabe0x39b	0x39b0xaa8	1
0xaa80x39b	0x39b0xa93	0
0xaa80x39b	0x39b0xa92	1
0xa920x39b	0x39b0xa90	1
0xa920x39b	0x39b0xa8b	0
0xa900x39b	0x39b0xa8d	0
0xa900x39b	0x39b0xa88	1
0xa8b0x39b	0x39b0xa86	0
0x1a76S0x135e	0x1a70V0x135e	0
0x1a7cS0x135e	0x1a76V0x135e	0
0x1a7cS0x135e	0x1a79V0x135e	1
0x1a76S0x1a99	0x1a70V0x1a99	0
0x1a7cS0x1a99	0x1a76V0x1a99	0
0x1a7cS0x1a99	0x1a79V0x1a99	1
0x2e7fS0xdaf	0xdd7	0
0x2e7fS0xdaf	0x2e7cV0xdaf	1
0x2e84S0xdaf	0xdd7	1
0x2e84S0xdaf	0x2e7fV0xdaf	0
0x2e88S0xdaf	0xdd7	0
0x2e88S0xdaf	0x2e85V0xdaf	1
0x2986S0xdaf	0x2983V0xdaf	1
0x2986S0xdaf	0x30d1V0x2952V0xdaf	0
0x298bS0xdaf	0x2988V0xdaf	1
0x298bS0xdaf	0x30d1V0x2952V0xdaf	0
0x30d1S0x2952S0xdaf	0x2e7fV0xdaf	0
0x30d1S0x2952S0xdaf	0x30ceV0x2952V0xdaf	1
0x2ddfS0xec2	0xeea	0
0x2ddfS0xec2	0x2ddcV0xec2	1
0x2de4S0xec2	0xeea	1
0x2de4S0xec2	0x2ddfV0xec2	0
0x2de8S0xec2	0xeea	0
0x2de8S0xec2	0x2de5V0xec2	1
0x2806S0xec2	0x2803V0xec2	1
0x2806S0xec2	0x30d1V0x27d2V0xec2	0
0x280bS0xec2	0x2808V0xec2	1
0x280bS0xec2	0x30d1V0x27d2V0xec2	0
0x30d1S0x27d2S0xec2	0x2ddfV0xec2	0
0x30d1S0x27d2S0xec2	0x30ceV0x27d2V0xec2	1
0x2e3fS0xf75	0xf9d	0
0x2e3fS0xf75	0x2e3cV0xf75	1
0x2e44S0xf75	0xf9d	1
0x2e44S0xf75	0x2e3fV0xf75	0
0x2e48S0xf75	0xf9d	0
0x2e48S0xf75	0x2e45V0xf75	1
0x2906S0xf75	0x2903V0xf75	1
0x2906S0xf75	0x30d1V0x28d2V0xf75	0
0x290bS0xf75	0x2908V0xf75	1
0x290bS0xf75	0x30d1V0x28d2V0xf75	0
0x30d1S0x28d2S0xf75	0x2e3fV0xf75	0
0x30d1S0x28d2S0xf75	0x30ceV0x28d2V0xf75	1
0x2dbfS0x1126	0x114e	0
0x2dbfS0x1126	0x2dbcV0x1126	1
0x2dc4S0x1126	0x114e	1
0x2dc4S0x1126	0x2dbfV0x1126	0
0x2dc8S0x1126	0x114e	0
0x2dc8S0x1126	0x2dc5V0x1126	1
0x27c6S0x1126	0x27c3V0x1126	1
0x27c6S0x1126	0x30d1V0x2792V0x1126	0
0x27cbS0x1126	0x27c8V0x1126	1
0x27cbS0x1126	0x30d1V0x2792V0x1126	0
0x30d1S0x2792S0x1126	0x2dbfV0x1126	0
0x30d1S0x2792S0x1126	0x30ceV0x2792V0x1126	1
0x2e9fS0x11ab	0x11d3	0
0x2e9fS0x11ab	0x2e9cV0x11ab	1
0x2ea4S0x11ab	0x11d3	1
0x2ea4S0x11ab	0x2e9fV0x11ab	0
0x2ea8S0x11ab	0x11d3	0
0x2ea8S0x11ab	0x2ea5V0x11ab	1
0x29c6S0x11ab	0x29c3V0x11ab	1
0x29c6S0x11ab	0x30d1V0x2992V0x11ab	0
0x29cbS0x11ab	0x29c8V0x11ab	1
0x29cbS0x11ab	0x30d1V0x2992V0x11ab	0
0x30d1S0x2992S0x11ab	0x2e9fV0x11ab	0
0x30d1S0x2992S0x11ab	0x30ceV0x2992V0x11ab	1
0x2ebfS0x1382	0x13aa	0
0x2ebfS0x1382	0x2ebcV0x1382	1
0x2ec4S0x1382	0x13aa	1
0x2ec4S0x1382	0x2ebfV0x1382	0
0x2ec8S0x1382	0x13aa	0
0x2ec8S0x1382	0x2ec5V0x1382	1
0x2a06S0x1382	0x2a03V0x1382	1
0x2a06S0x1382	0x30d1V0x29d2V0x1382	0
0x2a2cS0x1382	0x2a29V0x1382	1
0x2a2cS0x1382	0x30d1V0x29d2V0x1382	0
0x2a31S0x1382	0x2a2eV0x1382	1
0x2a31S0x1382	0x30d1V0x29d2V0x1382	0
0x30d1S0x29d2S0x1382	0x2ebfV0x1382	0
0x30d1S0x29d2S0x1382	0x30ceV0x29d2V0x1382	1
0x2e1fS0x17ff	0x1827	0
0x2e1fS0x17ff	0x2e1cV0x17ff	1
0x2e24S0x17ff	0x1827	1
0x2e24S0x17ff	0x2e1fV0x17ff	0
0x2e28S0x17ff	0x1827	0
0x2e28S0x17ff	0x2e25V0x17ff	1
0x28c6S0x17ff	0x28c3V0x17ff	1
0x28c6S0x17ff	0x30d1V0x2892V0x17ff	0
0x28cbS0x17ff	0x28c8V0x17ff	1
0x28cbS0x17ff	0x30d1V0x2892V0x17ff	0
0x30d1S0x2892S0x17ff	0x2e1fV0x17ff	0
0x30d1S0x2892S0x17ff	0x30ceV0x2892V0x17ff	1
0x2ebfS0x1abd	0x1ae5	0
0x2ebfS0x1abd	0x2ebcV0x1abd	1
0x2ec4S0x1abd	0x1ae5	1
0x2ec4S0x1abd	0x2ebfV0x1abd	0
0x2ec8S0x1abd	0x1ae5	0
0x2ec8S0x1abd	0x2ec5V0x1abd	1
0x2a06S0x1abd	0x2a03V0x1abd	1
0x2a06S0x1abd	0x30d1V0x29d2V0x1abd	0
0x2a2cS0x1abd	0x2a29V0x1abd	1
0x2a2cS0x1abd	0x30d1V0x29d2V0x1abd	0
0x2a31S0x1abd	0x2a2eV0x1abd	1
0x2a31S0x1abd	0x30d1V0x29d2V0x1abd	0
0x30d1S0x29d2S0x1abd	0x2ebfV0x1abd	0
0x30d1S0x29d2S0x1abd	0x30ceV0x29d2V0x1abd	1
0x2dffS0x1c6c	0x1c94	0
0x2dffS0x1c6c	0x2dfcV0x1c6c	1
0x2e04S0x1c6c	0x1c94	1
0x2e04S0x1c6c	0x2dffV0x1c6c	0
0x2e08S0x1c6c	0x1c94	0
0x2e08S0x1c6c	0x2e05V0x1c6c	1
0x2886S0x1c6c	0x2883V0x1c6c	1
0x2886S0x1c6c	0x30d1V0x2852V0x1c6c	0
0x288bS0x1c6c	0x2888V0x1c6c	1
0x288bS0x1c6c	0x30d1V0x2852V0x1c6c	0
0x30d1S0x2852S0x1c6c	0x2dffV0x1c6c	0
0x30d1S0x2852S0x1c6c	0x30ceV0x2852V0x1c6c	1
0x2d9dS0x1fe9	0x2011	0
0x2d9dS0x1fe9	0x2d9aV0x1fe9	1
0x2da2S0x1fe9	0x2011	1
0x2da2S0x1fe9	0x2d9dV0x1fe9	0
0x2da6S0x1fe9	0x2011	0
0x2da6S0x1fe9	0x2da3V0x1fe9	1
0x3098S0x1fe9	0x1da4	0
0x2779S0x1fe9	0x1da4	0
0x2779S0x1fe9	0x2776V0x1fe9	1
0x2789S0x1fe9	0x318aV0x1fe9	1
0x2789S0x1fe9	0x30d1V0x2764V0x1fe9	0
0x3185S0x1fe9	0x3183V0x1fe9	0
0x3189S0x1fe9	0x3098V0x1fe9	0
0x3189S0x1fe9	0x3186V0x1fe9	1
0x318aS0x1fe9	0x3185V0x1fe9	1
0x318aS0x1fe9	0x3189V0x1fe9	0
0x30d1S0x2764S0x1fe9	0x2d9dV0x1fe9	0
0x30d1S0x2764S0x1fe9	0x30ceV0x2764V0x1fe9	1
0x316eS0x276eS0x1fe9	0x3098V0x1fe9	1
0x316eS0x276eS0x1fe9	0x30d1V0x2764V0x1fe9	0
0x3164S0x276eS0x1fe9	0x3098V0x1fe9	1
0x3164S0x276eS0x1fe9	0x3161_0x0V0x276eV0x1fe9	0
0x3165S0x276eS0x1fe9	0x3164V0x276eV0x1fe9	0
0x3161_0x0S0x276eS0x1fe9	0x3144V0x276eV0x1fe9	-1
0x3161_0x0S0x276eS0x1fe9	0x315aV0x276eV0x1fe9	-1
0x3149S0x276eS0x1fe9	0x3098V0x1fe9	1
0x3149S0x276eS0x1fe9	0x3146_0x0V0x276eV0x1fe9	0
0x314aS0x276eS0x1fe9	0x3149V0x276eV0x1fe9	0
0x3146_0x0S0x276eS0x1fe9	0x3144V0x276eV0x1fe9	-1
0x3146_0x0S0x276eS0x1fe9	0x315aV0x276eV0x1fe9	-1
0x3151S0x276eS0x1fe9	0x2779V0x1fe9	0
0x3151S0x276eS0x1fe9	0x314f_0x0V0x276eV0x1fe9	1
0x3152S0x276eS0x1fe9	0x3151V0x276eV0x1fe9	0
0x3155S0x276eS0x1fe9	0x30d1V0x2764V0x1fe9	0
0x3155S0x276eS0x1fe9	0x314f_0x0V0x276eV0x1fe9	1
0x315aS0x276eS0x1fe9	0x3157V0x276eV0x1fe9	1
0x315aS0x276eS0x1fe9	0x314f_0x0V0x276eV0x1fe9	0
0x314f_0x0S0x276eS0x1fe9	0x3144V0x276eV0x1fe9	-1
0x314f_0x0S0x276eS0x1fe9	0x315aV0x276eV0x1fe9	-1
0x2b12S0xadb0x39b	0x2b0fV0xadb0x39b	1
0x2b12S0xadb0x39b	0x30d1V0x2adeV0xadb0x39b	0
0x2b17S0xadb0x39b	0x2b14V0xadb0x39b	1
0x2b17S0xadb0x39b	0x30d1V0x2adeV0xadb0x39b	0
0x2f1fS0xadb0x39b	0x39b0xb03	0
0x2f1fS0xadb0x39b	0x2f1cV0xadb0x39b	1
0x2f24S0xadb0x39b	0x39b0xb03	1
0x2f24S0xadb0x39b	0x2f1fV0xadb0x39b	0
0x2f28S0xadb0x39b	0x39b0xb03	0
0x2f28S0xadb0x39b	0x2f25V0xadb0x39b	1
0x30d1S0x2adeS0xadb0x39b	0x2f1fV0xadb0x39b	0
0x30d1S0x2adeS0xadb0x39b	0x30ceV0x2adeV0xadb0x39b	1
0x2c7cS0x30b	0x30e	0
0x2c7cS0x30b	0x2c79V0x30b	1
0x2c85S0x30b	0x30e	0
0x2c85S0x30b	0x2c82V0x30b	1
0x30faS0x26f3S0x30b	0x959	0
0x30fbS0x26f3S0x30b	0x30faV0x26f3V0x30b	0
0x2bdfS0x14f	0x152	0
0x2bdfS0x14f	0x2bdcV0x14f	1
0x2be8S0x14f	0x152	0
0x2be8S0x14f	0x2be5V0x14f	1
0x3125S0x2686S0x2bd9S0x14f	0x596	0
0x3125S0x2686S0x2bd9S0x14f	0x310fV0x2686V0x2bd9V0x14f	1
0x2f5fS0x18c	0x18f	0
0x2f5fS0x18c	0x2f5cV0x18c	1
0x2f68S0x18c	0x18f	0
0x2f68S0x18c	0x2f65V0x18c	1
0x2f5fS0x1b7	0x1ba	0
0x2f5fS0x1b7	0x2f5cV0x1b7	1
0x2f68S0x1b7	0x1ba	0
0x2f68S0x1b7	0x2f65V0x1b7	1
0x2c5aS0x1f4	0x1f7	0
0x2c5aS0x1f4	0x2c57V0x1f4	1
0x2c5fS0x1f4	0x1f7	1
0x2c5fS0x1f4	0x2c5aV0x1f4	0
0x2c63S0x1f4	0x1f7	0
0x2c63S0x1f4	0x2c60V0x1f4	1
0x267eS0x2c54S0x1f4	0x267bV0x2c54V0x1f4	1
0x267eS0x2c54S0x1f4	0x267a_0x2V0x2c54V0x1f4	0
0x267a_0x2S0x2c54S0x1f4	0x267eV0x2c54V0x1f4	-1
0x267a_0x2S0x2c54S0x1f4	0x30b5V0x2c54V0x1f4	-1
0x3082S0x2c54S0x1f4	0x619V0x1ef	0
0x30b5S0x2c54S0x1f4	0x2c5aV0x1f4	0
0x30b5S0x2c54S0x1f4	0x30b2V0x2c54V0x1f4	1
0x3077S0x2c54S0x1f4	0x3074V0x2c54V0x1f4	1
0x3077S0x2c54S0x1f4	0x619V0x1ef	0
0x26e6_0x6S0x2c54S0x1f4	0x267eV0x2c54V0x1f4	-1
0x26e6_0x6S0x2c54S0x1f4	0x30b5V0x2c54V0x1f4	-1
0x26dfS0x2c54S0x1f4	0x26dcV0x2c54V0x1f4	1
0x26dfS0x2c54S0x1f4	0x26d8_0x2V0x2c54V0x1f4	0
0x26d8_0x2S0x2c54S0x1f4	0x26b7V0x2c54V0x1f4	-1
0x26d8_0x2S0x2c54S0x1f4	0x26dfV0x2c54V0x1f4	-1
0x30a5S0x2c54S0x1f4	0x30a2V0x2c54V0x1f4	1
0x30a5S0x2c54S0x1f4	0x309f_0x0V0x2c54V0x1f4	0
0x309f_0x0S0x2c54S0x1f4	0x3077V0x2c54V0x1f4	-1
0x309f_0x0S0x2c54S0x1f4	0x30a5V0x2c54V0x1f4	-1
0x26bcS0x2c54S0x1f4	0x3082V0x2c54V0x1f4	1
0x26bcS0x2c54S0x1f4	0x26b9_0x0V0x2c54V0x1f4	0
0x26bdS0x2c54S0x1f4	0x26bcV0x2c54V0x1f4	0
0x26b9_0x0S0x2c54S0x1f4	0x26b7V0x2c54V0x1f4	-1
0x26b9_0x0S0x2c54S0x1f4	0x26dfV0x2c54V0x1f4	-1
0x2b67_0x2S0x2c54S0x1f4	0x267eV0x2c54V0x1f4	-1
0x2b67_0x2S0x2c54S0x1f4	0x30b5V0x2c54V0x1f4	-1
0x26c3S0x2c54S0x1f4	0x26c2_0x1V0x2c54V0x1f4	0
0x26c2_0x1S0x2c54S0x1f4	0x3077V0x2c54V0x1f4	-1
0x26c2_0x1S0x2c54S0x1f4	0x30a5V0x2c54V0x1f4	-1
0x2c97S0x21f	0x222	0
0x2c97S0x21f	0x2c94V0x21f	1
0x2ca0S0x21f	0x222	0
0x2ca0S0x21f	0x2c9dV0x21f	1
0x2f5fS0x25c	0x25f	0
0x2f5fS0x25c	0x2f5cV0x25c	1
0x2f68S0x25c	0x25f	0
0x2f68S0x25c	0x2f65V0x25c	1
0x2f5fS0x28c	0x28f	0
0x2f5fS0x28c	0x2f5cV0x28c	1
0x2f68S0x28c	0x28f	0
0x2f68S0x28c	0x2f65V0x28c	1
0x2c97S0x2b7	0x2ba	0
0x2c97S0x2b7	0x2c94V0x2b7	1
0x2ca0S0x2b7	0x2ba	0
0x2ca0S0x2b7	0x2c9dV0x2b7	1
0x2f5fS0x348	0x34b	0
0x2f5fS0x348	0x2f5cV0x348	1
0x2f68S0x348	0x34b	0
0x2f68S0x348	0x2f65V0x348	1
0x2f5fS0x385	0x388	0
0x2f5fS0x385	0x2f5cV0x385	1
0x2f68S0x385	0x388	0
0x2f68S0x385	0x2f65V0x385	1
0x2f5fS0x3c2	0x3c5	0
0x2f5fS0x3c2	0x2f5cV0x3c2	1
0x2f68S0x3c2	0x3c5	0
0x2f68S0x3c2	0x2f65V0x3c2	1
0x2f5fS0x3f2	0x3f5	0
0x2f5fS0x3f2	0x2f5cV0x3f2	1
0x2f68S0x3f2	0x3f5	0
0x2f68S0x3f2	0x2f65V0x3f2	1
0x2c97S0x41d	0x420	0
0x2c97S0x41d	0x2c94V0x41d	1
0x2ca0S0x41d	0x420	0
0x2ca0S0x41d	0x2c9dV0x41d	1
0x2c5aS0x45a	0x45d	0
0x2c5aS0x45a	0x2c57V0x45a	1
0x2c5fS0x45a	0x45d	1
0x2c5fS0x45a	0x2c5aV0x45a	0
0x2c63S0x45a	0x45d	0
0x2c63S0x45a	0x2c60V0x45a	1
0x267eS0x2c54S0x45a	0x267bV0x2c54V0x45a	1
0x267eS0x2c54S0x45a	0x267a_0x2V0x2c54V0x45a	0
0x267a_0x2S0x2c54S0x45a	0x267eV0x2c54V0x45a	-1
0x267a_0x2S0x2c54S0x45a	0x30b5V0x2c54V0x45a	-1
0x3082S0x2c54S0x45a	0xca7V0x455	0
0x30b5S0x2c54S0x45a	0x2c5aV0x45a	0
0x30b5S0x2c54S0x45a	0x30b2V0x2c54V0x45a	1
0x3077S0x2c54S0x45a	0x3074V0x2c54V0x45a	1
0x3077S0x2c54S0x45a	0xca7V0x455	0
0x26e6_0x6S0x2c54S0x45a	0x267eV0x2c54V0x45a	-1
0x26e6_0x6S0x2c54S0x45a	0x30b5V0x2c54V0x45a	-1
0x26dfS0x2c54S0x45a	0x26dcV0x2c54V0x45a	1
0x26dfS0x2c54S0x45a	0x26d8_0x2V0x2c54V0x45a	0
0x26d8_0x2S0x2c54S0x45a	0x26b7V0x2c54V0x45a	-1
0x26d8_0x2S0x2c54S0x45a	0x26dfV0x2c54V0x45a	-1
0x30a5S0x2c54S0x45a	0x30a2V0x2c54V0x45a	1
0x30a5S0x2c54S0x45a	0x309f_0x0V0x2c54V0x45a	0
0x309f_0x0S0x2c54S0x45a	0x3077V0x2c54V0x45a	-1
0x309f_0x0S0x2c54S0x45a	0x30a5V0x2c54V0x45a	-1
0x26bcS0x2c54S0x45a	0x3082V0x2c54V0x45a	1
0x26bcS0x2c54S0x45a	0x26b9_0x0V0x2c54V0x45a	0
0x26bdS0x2c54S0x45a	0x26bcV0x2c54V0x45a	0
0x26b9_0x0S0x2c54S0x45a	0x26b7V0x2c54V0x45a	-1
0x26b9_0x0S0x2c54S0x45a	0x26dfV0x2c54V0x45a	-1
0x2b67_0x2S0x2c54S0x45a	0x267eV0x2c54V0x45a	-1
0x2b67_0x2S0x2c54S0x45a	0x30b5V0x2c54V0x45a	-1
0x26c3S0x2c54S0x45a	0x26c2_0x1V0x2c54V0x45a	0
0x26c2_0x1S0x2c54S0x45a	0x3077V0x2c54V0x45a	-1
0x26c2_0x1S0x2c54S0x45a	0x30a5V0x2c54V0x45a	-1
0x2bdfS0x4ca	0x4cd	0
0x2bdfS0x4ca	0x2bdcV0x4ca	1
0x2be8S0x4ca	0x4cd	0
0x2be8S0x4ca	0x2be5V0x4ca	1
0x3125S0x2686S0x2bd9S0x4ca	0x162c	0
0x3125S0x2686S0x2bd9S0x4ca	0x310fV0x2686V0x2bd9V0x4ca	1
0x2f5fS0x4f5	0x4f8	0
0x2f5fS0x4f5	0x2f5cV0x4f5	1
0x2f68S0x4f5	0x4f8	0
0x2f68S0x4f5	0x2f65V0x4f5	1
0x2bdfS0x520	0x523	0
0x2bdfS0x520	0x2bdcV0x520	1
0x2be8S0x520	0x523	0
0x2be8S0x520	0x2be5V0x520	1
0x3125S0x2686S0x2bd9S0x520	0x1704	0
0x3125S0x2686S0x2bd9S0x520	0x310fV0x2686V0x2bd9V0x520	1
0x2f5fS0x55d	0x560	0
0x2f5fS0x55d	0x2f5cV0x55d	1
0x2f68S0x55d	0x560	0
0x2f68S0x55d	0x2f65V0x55d	1
0x2c97S0x172c	0x179d	0
0x2c97S0x172c	0x2c94V0x172c	1
0x2ca0S0x172c	0x179d	0
0x2ca0S0x172c	0x2c9dV0x172c	1
0x2f7aS0x719	0x835	0
0x2f7aS0x719	0x2f77V0x719	1
0x2f83S0x719	0x835	0
0x2f83S0x719	0x2f80V0x719	1
0x2f90S0x719	0x835	0
0x2f90S0x719	0x2f8dV0x719	1
0x2c97S0xde9	0xe60	0
0x2c97S0xde9	0x2c94V0xde9	1
0x2ca0S0xde9	0xe60	0
0x2ca0S0xde9	0x2c9dV0xde9	1
0x2532S0xe96	0xe9d	1
0x2532S0xe96	0xeaf	0
0x2533S0xe96	0x252eV0xe96	1
0x2533S0xe96	0x2532V0xe96	0
0x2534S0xe96	0x2533V0xe96	0
0x2546S0xe96	0xe9d	0
0x2546S0xe96	0x253eV0xe96	1
0x232bS0x253dS0xe96	0x2546V0xe96	0
0x31e1S0x2327B0x253dS0xe96	0x232bV0x253dV0xe96	0
0x31e1S0x2327B0x253dS0xe96	0x232bV0x253dV0xe96	1
0x2cf7S0xff0	0x1002	0
0x2cf7S0xff0	0x2cf4V0xff0	1
0x2d00S0xff0	0x1002	0
0x2d00S0xff0	0x2cfdV0xff0	1
0x2d0dS0xff0	0x1002	0
0x2d0dS0xff0	0x2d0aV0xff0	1
0x2d1aS0xff0	0x1002	0
0x2d1aS0xff0	0x2d17V0xff0	1
0x2d27S0xff0	0x1002	0
0x2d27S0xff0	0x2d24V0xff0	1
0x2d34S0xff0	0x1002	0
0x2d34S0xff0	0x2d31V0xff0	1
0x2d41S0xff0	0x1002	0
0x2d41S0xff0	0x2d3eV0xff0	1
0x3125S0x2686S0x2d13S0xff0	0x310fV0x2686V0x2d13V0xff0	1
0x3125S0x2686S0x2d13S0xff0	0x2086V0x2605V0x470	0
0x3125S0x2686S0x2d3aS0xff0	0xffc	0
0x3125S0x2686S0x2d3aS0xff0	0x310fV0x2686V0x2d3aV0xff0	1
0x2d58S0x1099	0x10b5	0
0x2d58S0x1099	0x2d55V0x1099	1
0x2d61S0x1099	0x10b5	0
0x2d61S0x1099	0x2d5eV0x1099	1
0x2d6eS0x1099	0x10b5	0
0x2d6eS0x1099	0x2d6bV0x1099	1
0x2d7bS0x1099	0x10b5	0
0x2d7bS0x1099	0x2d78V0x1099	1
0x2d88S0x1099	0x10b5	0
0x2d88S0x1099	0x2d85V0x1099	1
0x313cS0x2b7cS0x1099	0x1075	0
0x313cS0x2b7cS0x1099	0x3139V0x2b7cV0x1099	1
0x2f7aS0x1206	0x125c	0
0x2f7aS0x1206	0x2f77V0x1206	1
0x2f83S0x1206	0x125c	0
0x2f83S0x1206	0x2f80V0x1206	1
0x2f90S0x1206	0x125c	0
0x2f90S0x1206	0x2f8dV0x1206	1
0x2f5fS0x12f0	0x132e	0
0x2f5fS0x12f0	0x2f5cV0x12f0	1
0x2f68S0x12f0	0x132e	0
0x2f68S0x12f0	0x2f65V0x12f0	1
0x24f1S0x157b	0x1582	1
0x24f1S0x157b	0x1599	0
0x24f2S0x157b	0x24edV0x157b	1
0x24f2S0x157b	0x24f1V0x157b	0
0x24f3S0x157b	0x24f2V0x157b	0
0x2500S0x157b	0x1582	0
0x2500S0x157b	0x24fdV0x157b	1
0x2501S0x157b	0x2500V0x157b	0
0x250cS0x157b	0x2501V0x157b	0
0x250cS0x157b	0x2502V0x157b	1
0x250dS0x157b	0x250cV0x157b	0
0x251dS0x157b	0x1582	0
0x251dS0x157b	0x2501V0x157b	1
0x225dS0x2516S0x157b	0x251dV0x157b	0
0x2277S0x2516S0x157b	0x251dV0x157b	0
0x2277S0x2516S0x157b	0x2274V0x2516V0x157b	1
0x227bS0x2516S0x157b	0x2278V0x2516V0x157b	1
0x227bS0x2516S0x157b	0x2fa2V0x2269V0x2516V0x157b	0
0x227fS0x2516S0x157b	0x225dV0x2516V0x157b	1
0x227fS0x2516S0x157b	0x2277V0x2516V0x157b	0
0x2280S0x2516S0x157b	0x1599	1
0x2280S0x2516S0x157b	0x227fV0x2516V0x157b	0
0x2281S0x2516S0x157b	0x2280V0x2516V0x157b	0
0x304fS0x2516S0x157b	0x225dV0x2516V0x157b	0
0x304fS0x2516S0x157b	0x3045V0x2516V0x157b	1
0x3050S0x2516S0x157b	0x304fV0x2516V0x157b	0
0x2251S0x2516S0x157b	0x251dV0x157b	0
0x2251S0x2516S0x157b	0x224eV0x2516V0x157b	1
0x2252S0x2516S0x157b	0x1599	1
0x2252S0x2516S0x157b	0x2251V0x2516V0x157b	0
0x305cS0x2516S0x157b	0x305aV0x2516V0x157b	0
0x3060S0x2516S0x157b	0x225dV0x2516V0x157b	0
0x3060S0x2516S0x157b	0x305dV0x2516V0x157b	1
0x3061S0x2516S0x157b	0x305cV0x2516V0x157b	1
0x3061S0x2516S0x157b	0x3060V0x2516V0x157b	0
0x3067S0x2516S0x157b	0x3061V0x2516V0x157b	0
0x3067S0x2516S0x157b	0x3064V0x2516V0x157b	1
0x2fa2S0x2269S0x2516S0x157b	0x2fa0V0x2269V0x2516V0x157b	0
0x2fa7S0x2269S0x2516S0x157b	0x3067V0x2516V0x157b	1
0x2fa7S0x2269S0x2516S0x157b	0x2fa2V0x2269V0x2516V0x157b	0
0x2faaS0x2269S0x2516S0x157b	0x2fa2V0x2269V0x2516V0x157b	1
0x2faaS0x2269S0x2516S0x157b	0x2fa7V0x2269V0x2516V0x157b	0
0x2fb5S0x2269S0x2516S0x157b	0x2fa7V0x2269V0x2516V0x157b	0
0x2fb5S0x2269S0x2516S0x157b	0x2fabV0x2269V0x2516V0x157b	1
0x2fb6S0x2269S0x2516S0x157b	0x2faaV0x2269V0x2516V0x157b	1
0x2fb6S0x2269S0x2516S0x157b	0x2fb5V0x2269V0x2516V0x157b	0
0x2fb7S0x2269S0x2516S0x157b	0x2fb6V0x2269V0x2516V0x157b	0
0x316eS0x228aS0x2516S0x157b	0x225dV0x2516V0x157b	1
0x316eS0x228aS0x2516S0x157b	0x227bV0x2516V0x157b	0
0x3164S0x228aS0x2516S0x157b	0x225dV0x2516V0x157b	1
0x3164S0x228aS0x2516S0x157b	0x3161_0x0V0x228aV0x2516V0x157b	0
0x3165S0x228aS0x2516S0x157b	0x3164V0x228aV0x2516V0x157b	0
0x3161_0x0S0x228aS0x2516S0x157b	0x3144V0x228aV0x2516V0x157b	-1
0x3161_0x0S0x228aS0x2516S0x157b	0x315aV0x228aV0x2516V0x157b	-1
0x3149S0x228aS0x2516S0x157b	0x225dV0x2516V0x157b	1
0x3149S0x228aS0x2516S0x157b	0x3146_0x0V0x228aV0x2516V0x157b	0
0x314aS0x228aS0x2516S0x157b	0x3149V0x228aV0x2516V0x157b	0
0x3146_0x0S0x228aS0x2516S0x157b	0x3144V0x228aV0x2516V0x157b	-1
0x3146_0x0S0x228aS0x2516S0x157b	0x315aV0x228aV0x2516V0x157b	-1
0x3151S0x228aS0x2516S0x157b	0x2277V0x2516V0x157b	0
0x3151S0x228aS0x2516S0x157b	0x314f_0x0V0x228aV0x2516V0x157b	1
0x3152S0x228aS0x2516S0x157b	0x3151V0x228aV0x2516V0x157b	0
0x3155S0x228aS0x2516S0x157b	0x227bV0x2516V0x157b	0
0x3155S0x228aS0x2516S0x157b	0x314f_0x0V0x228aV0x2516V0x157b	1
0x315aS0x228aS0x2516S0x157b	0x3157V0x228aV0x2516V0x157b	1
0x315aS0x228aS0x2516S0x157b	0x314f_0x0V0x228aV0x2516V0x157b	0
0x314f_0x0S0x228aS0x2516S0x157b	0x3144V0x228aV0x2516V0x157b	-1
0x314f_0x0S0x228aS0x2516S0x157b	0x315aV0x228aV0x2516V0x157b	-1
0x2cb2S0x15b3	0x15ba	0
0x2cb2S0x15b3	0x2cafV0x15b3	1
0x2cbbS0x15b3	0x15ba	0
0x2cbbS0x15b3	0x2cb8V0x15b3	1
0x2cc8S0x15b3	0x15ba	0
0x2cc8S0x15b3	0x2cc5V0x15b3	1
0x2cd5S0x15b3	0x15ba	0
0x2cd5S0x15b3	0x2cd2V0x15b3	1
0x2ce2S0x15b3	0x15ba	0
0x2ce2S0x15b3	0x2cdfV0x15b3	1
0x3125S0x2686S0x2cdbS0x15b3	0x15b4	0
0x3125S0x2686S0x2cdbS0x15b3	0x310fV0x2686V0x2cdbV0x15b3	1
0x2532S0x17d3	0x17da	1
0x2532S0x17d3	0x17ec	0
0x2533S0x17d3	0x252eV0x17d3	1
0x2533S0x17d3	0x2532V0x17d3	0
0x2534S0x17d3	0x2533V0x17d3	0
0x2546S0x17d3	0x17da	0
0x2546S0x17d3	0x253eV0x17d3	1
0x232bS0x253dS0x17d3	0x2546V0x17d3	0
0x31e1S0x2327B0x253dS0x17d3	0x232bV0x253dV0x17d3	0
0x31e1S0x2327B0x253dS0x17d3	0x232bV0x253dV0x17d3	1
0x2c97S0x1839	0x18ac	0
0x2c97S0x1839	0x2c94V0x1839	1
0x2ca0S0x1839	0x18ac	0
0x2ca0S0x1839	0x2c9dV0x1839	1
0x2532S0x18e2	0x18e9	1
0x2532S0x18e2	0x18fb	0
0x2533S0x18e2	0x252eV0x18e2	1
0x2533S0x18e2	0x2532V0x18e2	0
0x2534S0x18e2	0x2533V0x18e2	0
0x2546S0x18e2	0x18e9	0
0x2546S0x18e2	0x253eV0x18e2	1
0x232bS0x253dS0x18e2	0x2546V0x18e2	0
0x31e1S0x2327B0x253dS0x18e2	0x232bV0x253dV0x18e2	0
0x31e1S0x2327B0x253dS0x18e2	0x232bV0x253dV0x18e2	1
0x2f5fS0x19c9	0x1a04	0
0x2f5fS0x19c9	0x2f5cV0x19c9	1
0x2f68S0x19c9	0x1a04	0
0x2f68S0x19c9	0x2f65V0x19c9	1
0x2f7aS0xb670x39b	0x39b0xbea	0
0x2f7aS0xb670x39b	0x2f77V0xb670x39b	1
0x2f83S0xb670x39b	0x39b0xbea	0
0x2f83S0xb670x39b	0x2f80V0xb670x39b	1
0x2f90S0xb670x39b	0x39b0xbea	0
0x2f90S0xb670x39b	0x2f8dV0xb670x39b	1
0x2f7aS0x1bbf0x470	0x4700x1c42	0
0x2f7aS0x1bbf0x470	0x2f77V0x1bbf0x470	1
0x2f83S0x1bbf0x470	0x4700x1c42	0
0x2f83S0x1bbf0x470	0x2f80V0x1bbf0x470	1
0x2f90S0x1bbf0x470	0x4700x1c42	0
0x2f90S0x1bbf0x470	0x2f8dV0x1bbf0x470	1
0x2358S0x171	0x176	1
0x2358S0x171	0x17c	0
0x2359S0x171	0x2354V0x171	1
0x2359S0x171	0x2358V0x171	0
0x235aS0x171	0x2359V0x171	0
0x236cS0x171	0x176	0
0x236cS0x171	0x2364V0x171	1
0x2086S0x2363S0x171	0x236cV0x171	0
0x319cS0x2082S0x2363S0x171	0x2086V0x2363V0x171	0
0x319cS0x2082S0x2363S0x171	0x3125V0x3191V0x2082V0x2363V0x171	1
0x3125S0x3191S0x2082S0x2363S0x171	0x2086V0x2363V0x171	0
0x3125S0x3191S0x2082S0x2363S0x171	0x310fV0x3191V0x2082V0x2363V0x171	1
0x259aS0x241	0x246	1
0x259aS0x241	0x24c	0
0x259bS0x241	0x2596V0x241	1
0x259bS0x241	0x259aV0x241	0
0x259cS0x241	0x259bV0x241	0
0x25aeS0x241	0x246	0
0x25aeS0x241	0x25a6V0x241	1
0x25bfS0x241	0x246	0
0x25bfS0x241	0x25b7V0x241	1
0x25d0S0x241	0x246	0
0x25d0S0x241	0x25c8V0x241	1
0x2316S0x25a5S0x241	0x25aeV0x241	0
0x2316S0x25c4S0x241	0x25d0V0x241	0
0x31e1S0x2312B0x25a5S0x241	0x2316V0x25a5V0x241	0
0x31e1S0x2312B0x25a5S0x241	0x2316V0x25a5V0x241	1
0x31e1S0x2312B0x25c4S0x241	0x2316V0x25c4V0x241	0
0x31e1S0x2312B0x25c4S0x241	0x2316V0x25c4V0x241	1
0x2086S0x25b3S0x241	0x25bfV0x241	0
0x319cS0x2082S0x25b3S0x241	0x2086V0x25b3V0x241	0
0x319cS0x2082S0x25b3S0x241	0x3125V0x3191V0x2082V0x25b3V0x241	1
0x3125S0x3191S0x2082S0x25b3S0x241	0x2086V0x25b3V0x241	0
0x3125S0x3191S0x2082S0x25b3S0x241	0x310fV0x3191V0x2082V0x25b3V0x241	1
0x2382S0x2d9	0x2de	1
0x2382S0x2d9	0x2e4	0
0x2383S0x2d9	0x237eV0x2d9	1
0x2383S0x2d9	0x2382V0x2d9	0
0x2384S0x2d9	0x2383V0x2d9	0
0x2396S0x2d9	0x2de	0
0x2396S0x2d9	0x238eV0x2d9	1
0x23a7S0x2d9	0x2de	0
0x23a7S0x2d9	0x239fV0x2d9	1
0x2086S0x238dS0x2d9	0x2396V0x2d9	0
0x319cS0x2082S0x238dS0x2d9	0x2086V0x238dV0x2d9	0
0x319cS0x2082S0x238dS0x2d9	0x3125V0x3191V0x2082V0x238dV0x2d9	1
0x3125S0x3191S0x2082S0x238dS0x2d9	0x2086V0x238dV0x2d9	0
0x3125S0x3191S0x2082S0x238dS0x2d9	0x310fV0x3191V0x2082V0x238dV0x2d9	1
0x2086S0x239bS0x2d9	0x23a7V0x2d9	0
0x319cS0x2082S0x239bS0x2d9	0x2086V0x239bV0x2d9	0
0x319cS0x2082S0x239bS0x2d9	0x3125V0x3191V0x2082V0x239bV0x2d9	1
0x3125S0x3191S0x2082S0x239bS0x2d9	0x2086V0x239bV0x2d9	0
0x3125S0x3191S0x2082S0x239bS0x2d9	0x310fV0x3191V0x2082V0x239bV0x2d9	1
0x23beS0x32d	0x332	1
0x23beS0x32d	0x338	0
0x23bfS0x32d	0x23baV0x32d	1
0x23bfS0x32d	0x23beV0x32d	0
0x23c0S0x32d	0x23bfV0x32d	0
0x23d2S0x32d	0x332	0
0x23d2S0x32d	0x23caV0x32d	1
0x23e3S0x32d	0x332	0
0x23e3S0x32d	0x23dbV0x32d	1
0x2316S0x23d7S0x32d	0x23e3V0x32d	0
0x31e1S0x2312B0x23d7S0x32d	0x2316V0x23d7V0x32d	0
0x31e1S0x2312B0x23d7S0x32d	0x2316V0x23d7V0x32d	1
0x2086S0x23c9S0x32d	0x23d2V0x32d	0
0x319cS0x2082S0x23c9S0x32d	0x2086V0x23c9V0x32d	0
0x319cS0x2082S0x23c9S0x32d	0x3125V0x3191V0x2082V0x23c9V0x32d	1
0x3125S0x3191S0x2082S0x23c9S0x32d	0x2086V0x23c9V0x32d	0
0x3125S0x3191S0x2082S0x23c9S0x32d	0x310fV0x3191V0x2082V0x23c9V0x32d	1
0x259aS0x36a	0x36f	1
0x259aS0x36a	0x375	0
0x259bS0x36a	0x2596V0x36a	1
0x259bS0x36a	0x259aV0x36a	0
0x259cS0x36a	0x259bV0x36a	0
0x25aeS0x36a	0x36f	0
0x25aeS0x36a	0x25a6V0x36a	1
0x25bfS0x36a	0x36f	0
0x25bfS0x36a	0x25b7V0x36a	1
0x25d0S0x36a	0x36f	0
0x25d0S0x36a	0x25c8V0x36a	1
0x2316S0x25a5S0x36a	0x25aeV0x36a	0
0x2316S0x25c4S0x36a	0x25d0V0x36a	0
0x31e1S0x2312B0x25a5S0x36a	0x2316V0x25a5V0x36a	0
0x31e1S0x2312B0x25a5S0x36a	0x2316V0x25a5V0x36a	1
0x31e1S0x2312B0x25c4S0x36a	0x2316V0x25c4V0x36a	0
0x31e1S0x2312B0x25c4S0x36a	0x2316V0x25c4V0x36a	1
0x2086S0x25b3S0x36a	0x25bfV0x36a	0
0x319cS0x2082S0x25b3S0x36a	0x2086V0x25b3V0x36a	0
0x319cS0x2082S0x25b3S0x36a	0x3125V0x3191V0x2082V0x25b3V0x36a	1
0x3125S0x3191S0x2082S0x25b3S0x36a	0x2086V0x25b3V0x36a	0
0x3125S0x3191S0x2082S0x25b3S0x36a	0x310fV0x3191V0x2082V0x25b3V0x36a	1
0x23beS0x3a7	0x3ac	1
0x23beS0x3a7	0x3b2	0
0x23bfS0x3a7	0x23baV0x3a7	1
0x23bfS0x3a7	0x23beV0x3a7	0
0x23c0S0x3a7	0x23bfV0x3a7	0
0x23d2S0x3a7	0x3ac	0
0x23d2S0x3a7	0x23caV0x3a7	1
0x23e3S0x3a7	0x3ac	0
0x23e3S0x3a7	0x23dbV0x3a7	1
0x2316S0x23d7S0x3a7	0x23e3V0x3a7	0
0x31e1S0x2312B0x23d7S0x3a7	0x2316V0x23d7V0x3a7	0
0x31e1S0x2312B0x23d7S0x3a7	0x2316V0x23d7V0x3a7	1
0x2086S0x23c9S0x3a7	0x23d2V0x3a7	0
0x319cS0x2082S0x23c9S0x3a7	0x2086V0x23c9V0x3a7	0
0x319cS0x2082S0x23c9S0x3a7	0x3125V0x3191V0x2082V0x23c9V0x3a7	1
0x3125S0x3191S0x2082S0x23c9S0x3a7	0x2086V0x23c9V0x3a7	0
0x3125S0x3191S0x2082S0x23c9S0x3a7	0x310fV0x3191V0x2082V0x23c9V0x3a7	1
0x2382S0x498	0x49d	1
0x2382S0x498	0x4a3	0
0x2383S0x498	0x237eV0x498	1
0x2383S0x498	0x2382V0x498	0
0x2384S0x498	0x2383V0x498	0
0x2396S0x498	0x49d	0
0x2396S0x498	0x238eV0x498	1
0x23a7S0x498	0x49d	0
0x23a7S0x498	0x239fV0x498	1
0x2086S0x238dS0x498	0x2396V0x498	0
0x319cS0x2082S0x238dS0x498	0x2086V0x238dV0x498	0
0x319cS0x2082S0x238dS0x498	0x3125V0x3191V0x2082V0x238dV0x498	1
0x3125S0x3191S0x2082S0x238dS0x498	0x2086V0x238dV0x498	0
0x3125S0x3191S0x2082S0x238dS0x498	0x310fV0x3191V0x2082V0x238dV0x498	1
0x2086S0x239bS0x498	0x23a7V0x498	0
0x319cS0x2082S0x239bS0x498	0x2086V0x239bV0x498	0
0x319cS0x2082S0x239bS0x498	0x3125V0x3191V0x2082V0x239bV0x498	1
0x3125S0x3191S0x2082S0x239bS0x498	0x2086V0x239bV0x498	0
0x3125S0x3191S0x2082S0x239bS0x498	0x310fV0x3191V0x2082V0x239bV0x498	1
0x1637S0x4ec	0x1632V0x4ec	0
0x163cS0x4ec	0x1634V0x4ec	1
0x163cS0x4ec	0x1639V0x4ec	0
0x163eS0x4ec	0x1637V0x4ec	0
0x163eS0x4ec	0x163cV0x4ec	1
0x1654S0x4ec	0x163eV0x4ec	1
0x1654S0x4ec	0x163fV0x4ec	0
0x166aS0x4ec	0x1654V0x4ec	1
0x166aS0x4ec	0x1655V0x4ec	0
0x1673S0x4ec	0x1671V0x4ec	0
0x167aS0x4ec	0x166bV0x4ec	1
0x167aS0x4ec	0x1675V0x4ec	0
0x167dS0x4ec	0x167aV0x4ec	1
0x167dS0x4ec	0x167bV0x4ec	0
0x1682S0x4ec	0x1673V0x4ec	1
0x1682S0x4ec	0x1680V0x4ec	0
0x1691S0x4ec	0x168fV0x4ec	0
0x1694S0x4ec	0x1691V0x4ec	1
0x1694S0x4ec	0x2bdfV0x162fV0x4ec	0
0x1698S0x4ec	0x166aV0x4ec	0
0x1699S0x4ec	0x1698V0x4ec	0
0x169bS0x4ec	0x1699V0x4ec	0
0x16a7S0x4ec	0x166aV0x4ec	1
0x16a7S0x4ec	0x168dV0x4ec	5
0x16a7S0x4ec	0x1691V0x4ec	2
0x16a7S0x4ec	0x1691V0x4ec	4
0x16a7S0x4ec	0x1694V0x4ec	3
0x16a7S0x4ec	0x16a6V0x4ec	0
0x16a8S0x4ec	0x16a7V0x4ec	0
0x16aaS0x4ec	0x16a8V0x4ec	0
0x16bfS0x4ec	0x16bdV0x4ec	0
0x16c3S0x4ec	0x16c1V0x4ec	0
0x16c7S0x4ec	0x16c0V0x4ec	0
0x16c7S0x4ec	0x16c4V0x4ec	1
0x16c8S0x4ec	0x16c3V0x4ec	1
0x16c8S0x4ec	0x16c7V0x4ec	0
0x16caS0x4ec	0x16bfV0x4ec	0
0x16caS0x4ec	0x16c8V0x4ec	1
0x16d1S0x4ec	0x16bfV0x4ec	0
0x16d1S0x4ec	0x16c0V0x4ec	1
0x2bdfS0x162fS0x4ec	0x1682V0x4ec	0
0x2bdfS0x162fS0x4ec	0x2bdcV0x162fV0x4ec	1
0x2be8S0x162fS0x4ec	0x1682V0x4ec	0
0x2be8S0x162fS0x4ec	0x2be5V0x162fV0x4ec	1
0x3125S0x2686S0x2bd9S0x162fS0x4ec	0x1670V0x4ec	0
0x3125S0x2686S0x2bd9S0x162fS0x4ec	0x310fV0x2686V0x2bd9V0x162fV0x4ec	1
0x2532S0x16b8S0x4ec	0x16bfV0x4ec	1
0x2532S0x16b8S0x4ec	0x16d1V0x4ec	0
0x2533S0x16b8S0x4ec	0x252eV0x16b8V0x4ec	1
0x2533S0x16b8S0x4ec	0x2532V0x16b8V0x4ec	0
0x2534S0x16b8S0x4ec	0x2533V0x16b8V0x4ec	0
0x2546S0x16b8S0x4ec	0x16bfV0x4ec	0
0x2546S0x16b8S0x4ec	0x253eV0x16b8V0x4ec	1
0x232bS0x253dS0x16b8S0x4ec	0x2546V0x16b8V0x4ec	0
0x31e1S0x2327B0x253dS0x16b8S0x4ec	0x232bV0x253dV0x16b8V0x4ec	0
0x31e1S0x2327B0x253dS0x16b8S0x4ec	0x232bV0x253dV0x16b8V0x4ec	1
0x255cS0x542	0x547	1
0x255cS0x542	0x54d	0
0x255dS0x542	0x2558V0x542	1
0x255dS0x542	0x255cV0x542	0
0x255eS0x542	0x255dV0x542	0
0x2570S0x542	0x547	0
0x2570S0x542	0x2568V0x542	1
0x2581S0x542	0x547	0
0x2581S0x542	0x2579V0x542	1
0x2316S0x2567S0x542	0x2570V0x542	0
0x31e1S0x2312B0x2567S0x542	0x2316V0x2567V0x542	0
0x31e1S0x2312B0x2567S0x542	0x2316V0x2567V0x542	1
0x2086S0x2575S0x542	0x2581V0x542	0
0x319cS0x2082S0x2575S0x542	0x2086V0x2575V0x542	0
0x319cS0x2082S0x2575S0x542	0x3125V0x3191V0x2082V0x2575V0x542	1
0x3125S0x3191S0x2082S0x2575S0x542	0x2086V0x2575V0x542	0
0x3125S0x3191S0x2082S0x2575S0x542	0x310fV0x3191V0x2082V0x2575V0x542	1
0x23fdS0x272	0x276	1
0x23fdS0x272	0x27c	0
0x23feS0x272	0x23f9V0x272	1
0x23feS0x272	0x23fdV0x272	0
0x23ffS0x272	0x23feV0x272	0
0x2411S0x272	0x276	0
0x2411S0x272	0x2409V0x272	1
0x2422S0x272	0x276	0
0x2422S0x272	0x241aV0x272	1
0x2433S0x272	0x276	0
0x2433S0x272	0x242bV0x272	1
0x2444S0x272	0x276	0
0x2444S0x272	0x243cV0x272	1
0x2316S0x2416S0x272	0x2422V0x272	0
0x2316S0x2438S0x272	0x2444V0x272	0
0x31e1S0x2312B0x2416S0x272	0x2316V0x2416V0x272	0
0x31e1S0x2312B0x2416S0x272	0x2316V0x2416V0x272	1
0x31e1S0x2312B0x2438S0x272	0x2316V0x2438V0x272	0
0x31e1S0x2312B0x2438S0x272	0x2316V0x2438V0x272	1
0x2086S0x2408S0x272	0x2411V0x272	0
0x319cS0x2082S0x2408S0x272	0x2086V0x2408V0x272	0
0x319cS0x2082S0x2408S0x272	0x3125V0x3191V0x2082V0x2408V0x272	1
0x3125S0x3191S0x2082S0x2408S0x272	0x2086V0x2408V0x272	0
0x3125S0x3191S0x2082S0x2408S0x272	0x310fV0x3191V0x2082V0x2408V0x272	1
0x2086S0x2427S0x272	0x2433V0x272	0
0x319cS0x2082S0x2427S0x272	0x2086V0x2427V0x272	0
0x319cS0x2082S0x2427S0x272	0x3125V0x3191V0x2082V0x2427V0x272	1
0x3125S0x3191S0x2082S0x2427S0x272	0x2086V0x2427V0x272	0
0x3125S0x3191S0x2082S0x2427S0x272	0x310fV0x3191V0x2082V0x2427V0x272	1
0x259aS0x3d8	0x3dc	1
0x259aS0x3d8	0x3e2	0
0x259bS0x3d8	0x2596V0x3d8	1
0x259bS0x3d8	0x259aV0x3d8	0
0x259cS0x3d8	0x259bV0x3d8	0
0x25aeS0x3d8	0x3dc	0
0x25aeS0x3d8	0x25a6V0x3d8	1
0x25bfS0x3d8	0x3dc	0
0x25bfS0x3d8	0x25b7V0x3d8	1
0x25d0S0x3d8	0x3dc	0
0x25d0S0x3d8	0x25c8V0x3d8	1
0x2316S0x25a5S0x3d8	0x25aeV0x3d8	0
0x2316S0x25c4S0x3d8	0x25d0V0x3d8	0
0x31e1S0x2312B0x25a5S0x3d8	0x2316V0x25a5V0x3d8	0
0x31e1S0x2312B0x25a5S0x3d8	0x2316V0x25a5V0x3d8	1
0x31e1S0x2312B0x25c4S0x3d8	0x2316V0x25c4V0x3d8	0
0x31e1S0x2312B0x25c4S0x3d8	0x2316V0x25c4V0x3d8	1
0x2086S0x25b3S0x3d8	0x25bfV0x3d8	0
0x319cS0x2082S0x25b3S0x3d8	0x2086V0x25b3V0x3d8	0
0x319cS0x2082S0x25b3S0x3d8	0x3125V0x3191V0x2082V0x25b3V0x3d8	1
0x3125S0x3191S0x2082S0x25b3S0x3d8	0x2086V0x25b3V0x3d8	0
0x3125S0x3191S0x2082S0x25b3S0x3d8	0x310fV0x3191V0x2082V0x25b3V0x3d8	1
0x245dS0x1d9	0x1de	1
0x245dS0x1d9	0x1e4	0
0x245eS0x1d9	0x2459V0x1d9	1
0x245eS0x1d9	0x245dV0x1d9	0
0x245fS0x1d9	0x245eV0x1d9	0
0x246cS0x1d9	0x1de	0
0x246cS0x1d9	0x2469V0x1d9	1
0x246dS0x1d9	0x246cV0x1d9	0
0x2478S0x1d9	0x246dV0x1d9	0
0x2478S0x1d9	0x246eV0x1d9	1
0x2479S0x1d9	0x2478V0x1d9	0
0x2489S0x1d9	0x1de	0
0x2489S0x1d9	0x246dV0x1d9	1
0x2495S0x1d9	0x1de	0
0x2495S0x1d9	0x2492V0x1d9	1
0x2496S0x1d9	0x2495V0x1d9	0
0x24a1S0x1d9	0x2496V0x1d9	0
0x24a1S0x1d9	0x2497V0x1d9	1
0x24a2S0x1d9	0x24a1V0x1d9	0
0x24b2S0x1d9	0x1de	0
0x24b2S0x1d9	0x2496V0x1d9	1
0x21b0S0x24abS0x1d9	0x24b2V0x1d9	0
0x21cbS0x24abS0x1d9	0x24b2V0x1d9	0
0x21cbS0x24abS0x1d9	0x21c8V0x24abV0x1d9	1
0x21d1S0x24abS0x1d9	0x21ceV0x24abV0x1d9	1
0x21d1S0x24abS0x1d9	0x2fa2V0x21bcV0x24abV0x1d9	0
0x21d9S0x24abS0x1d9	0x21b0V0x24abV0x1d9	0
0x21d9S0x24abS0x1d9	0x21d6V0x24abV0x1d9	1
0x21dbS0x24abS0x1d9	0x21cbV0x24abV0x1d9	0
0x21dbS0x24abS0x1d9	0x21d9V0x24abV0x1d9	1
0x21dcS0x24abS0x1d9	0x1e4	1
0x21dcS0x24abS0x1d9	0x21dbV0x24abV0x1d9	0
0x21ddS0x24abS0x1d9	0x21dcV0x24abV0x1d9	0
0x3027S0x24abS0x1d9	0x21b0V0x24abV0x1d9	0
0x3027S0x24abS0x1d9	0x301dV0x24abV0x1d9	1
0x3028S0x24abS0x1d9	0x3027V0x24abV0x1d9	0
0x2202S0x24abS0x1d9	0x21ffV0x24abV0x1d9	1
0x2202S0x24abS0x1d9	0x21fc_0x4V0x24abV0x1d9	0
0x2208S0x24abS0x1d9	0x2205V0x24abV0x1d9	1
0x2208S0x24abS0x1d9	0x21fc_0x3V0x24abV0x1d9	0
0x220fS0x24abS0x1d9	0x220cV0x24abV0x1d9	1
0x220fS0x24abS0x1d9	0x21fc_0x2V0x24abV0x1d9	0
0x21fc_0x2S0x24abS0x1d9	0x21e7V0x24abV0x1d9	-1
0x21fc_0x2S0x24abS0x1d9	0x220fV0x24abV0x1d9	-1
0x21fc_0x3S0x24abS0x1d9	0x21cbV0x24abV0x1d9	-1
0x21fc_0x3S0x24abS0x1d9	0x2208V0x24abV0x1d9	-1
0x21fc_0x4S0x24abS0x1d9	0x21d1V0x24abV0x1d9	-1
0x21fc_0x4S0x24abS0x1d9	0x2202V0x24abV0x1d9	-1
0x21ecS0x24abS0x1d9	0x21b0V0x24abV0x1d9	1
0x21ecS0x24abS0x1d9	0x21e9_0x0V0x24abV0x1d9	0
0x21edS0x24abS0x1d9	0x21ecV0x24abV0x1d9	0
0x21e9_0x0S0x24abS0x1d9	0x21e7V0x24abV0x1d9	-1
0x21e9_0x0S0x24abS0x1d9	0x220fV0x24abV0x1d9	-1
0x21a4S0x24abS0x1d9	0x24b2V0x1d9	0
0x21a4S0x24abS0x1d9	0x21a1V0x24abV0x1d9	1
0x21a5S0x24abS0x1d9	0x1e4	1
0x21a5S0x24abS0x1d9	0x21a4V0x24abV0x1d9	0
0x3035S0x24abS0x1d9	0x21b0V0x24abV0x1d9	0
0x3035S0x24abS0x1d9	0x3032V0x24abV0x1d9	1
0x303bS0x24abS0x1d9	0x3035V0x24abV0x1d9	0
0x303bS0x24abS0x1d9	0x3038V0x24abV0x1d9	1
0x21f2_0x1S0x24abS0x1d9	0x21cbV0x24abV0x1d9	-1
0x21f2_0x1S0x24abS0x1d9	0x2208V0x24abV0x1d9	-1
0x2fa2S0x21bcS0x24abS0x1d9	0x2fa0V0x21bcV0x24abV0x1d9	0
0x2fa7S0x21bcS0x24abS0x1d9	0x303bV0x24abV0x1d9	1
0x2fa7S0x21bcS0x24abS0x1d9	0x2fa2V0x21bcV0x24abV0x1d9	0
0x2faaS0x21bcS0x24abS0x1d9	0x2fa2V0x21bcV0x24abV0x1d9	1
0x2faaS0x21bcS0x24abS0x1d9	0x2fa7V0x21bcV0x24abV0x1d9	0
0x2fb5S0x21bcS0x24abS0x1d9	0x2fa7V0x21bcV0x24abV0x1d9	0
0x2fb5S0x21bcS0x24abS0x1d9	0x2fabV0x21bcV0x24abV0x1d9	1
0x2fb6S0x21bcS0x24abS0x1d9	0x2faaV0x21bcV0x24abV0x1d9	1
0x2fb6S0x21bcS0x24abS0x1d9	0x2fb5V0x21bcV0x24abV0x1d9	0
0x2fb7S0x21bcS0x24abS0x1d9	0x2fb6V0x21bcV0x24abV0x1d9	0
0x2316S0x21f2S0x24abS0x1d9	0x21f2_0x1V0x24abV0x1d9	0
0x31e1S0x2312B0x21f2S0x24abS0x1d9	0x2316V0x21f2V0x24abV0x1d9	0
0x31e1S0x2312B0x21f2S0x24abS0x1d9	0x2316V0x21f2V0x24abV0x1d9	1
0x20aaS0x2482S0x1d9	0x2489V0x1d9	0
0x20c5S0x2482S0x1d9	0x2489V0x1d9	0
0x20c5S0x2482S0x1d9	0x20c2V0x2482V0x1d9	1
0x20cbS0x2482S0x1d9	0x20c8V0x2482V0x1d9	1
0x20cbS0x2482S0x1d9	0x2fa2V0x20b6V0x2482V0x1d9	0
0x20d3S0x2482S0x1d9	0x20aaV0x2482V0x1d9	0
0x20d3S0x2482S0x1d9	0x20d0V0x2482V0x1d9	1
0x20d5S0x2482S0x1d9	0x20c5V0x2482V0x1d9	0
0x20d5S0x2482S0x1d9	0x20d3V0x2482V0x1d9	1
0x20d6S0x2482S0x1d9	0x1e4	1
0x20d6S0x2482S0x1d9	0x20d5V0x2482V0x1d9	0
0x20d7S0x2482S0x1d9	0x20d6V0x2482V0x1d9	0
0x2fd7S0x2482S0x1d9	0x20aaV0x2482V0x1d9	0
0x2fd7S0x2482S0x1d9	0x2fcdV0x2482V0x1d9	1
0x2fd8S0x2482S0x1d9	0x2fd7V0x2482V0x1d9	0
0x20fcS0x2482S0x1d9	0x20f9V0x2482V0x1d9	1
0x20fcS0x2482S0x1d9	0x20f6_0x4V0x2482V0x1d9	0
0x2102S0x2482S0x1d9	0x20ffV0x2482V0x1d9	1
0x2102S0x2482S0x1d9	0x20f6_0x3V0x2482V0x1d9	0
0x2109S0x2482S0x1d9	0x2106V0x2482V0x1d9	1
0x2109S0x2482S0x1d9	0x20f6_0x2V0x2482V0x1d9	0
0x20f6_0x2S0x2482S0x1d9	0x20e1V0x2482V0x1d9	-1
0x20f6_0x2S0x2482S0x1d9	0x2109V0x2482V0x1d9	-1
0x20f6_0x3S0x2482S0x1d9	0x20c5V0x2482V0x1d9	-1
0x20f6_0x3S0x2482S0x1d9	0x2102V0x2482V0x1d9	-1
0x20f6_0x4S0x2482S0x1d9	0x20cbV0x2482V0x1d9	-1
0x20f6_0x4S0x2482S0x1d9	0x20fcV0x2482V0x1d9	-1
0x20e6S0x2482S0x1d9	0x20aaV0x2482V0x1d9	1
0x20e6S0x2482S0x1d9	0x20e3_0x0V0x2482V0x1d9	0
0x20e7S0x2482S0x1d9	0x20e6V0x2482V0x1d9	0
0x20e3_0x0S0x2482S0x1d9	0x20e1V0x2482V0x1d9	-1
0x20e3_0x0S0x2482S0x1d9	0x2109V0x2482V0x1d9	-1
0x209eS0x2482S0x1d9	0x2489V0x1d9	0
0x209eS0x2482S0x1d9	0x209bV0x2482V0x1d9	1
0x209fS0x2482S0x1d9	0x1e4	1
0x209fS0x2482S0x1d9	0x209eV0x2482V0x1d9	0
0x2fe5S0x2482S0x1d9	0x20aaV0x2482V0x1d9	0
0x2fe5S0x2482S0x1d9	0x2fe2V0x2482V0x1d9	1
0x2febS0x2482S0x1d9	0x2fe5V0x2482V0x1d9	0
0x2febS0x2482S0x1d9	0x2fe8V0x2482V0x1d9	1
0x20ec_0x1S0x2482S0x1d9	0x20c5V0x2482V0x1d9	-1
0x20ec_0x1S0x2482S0x1d9	0x2102V0x2482V0x1d9	-1
0x2fa2S0x20b6S0x2482S0x1d9	0x2fa0V0x20b6V0x2482V0x1d9	0
0x2fa7S0x20b6S0x2482S0x1d9	0x2febV0x2482V0x1d9	1
0x2fa7S0x20b6S0x2482S0x1d9	0x2fa2V0x20b6V0x2482V0x1d9	0
0x2faaS0x20b6S0x2482S0x1d9	0x2fa2V0x20b6V0x2482V0x1d9	1
0x2faaS0x20b6S0x2482S0x1d9	0x2fa7V0x20b6V0x2482V0x1d9	0
0x2fb5S0x20b6S0x2482S0x1d9	0x2fa7V0x20b6V0x2482V0x1d9	0
0x2fb5S0x20b6S0x2482S0x1d9	0x2fabV0x20b6V0x2482V0x1d9	1
0x2fb6S0x20b6S0x2482S0x1d9	0x2faaV0x20b6V0x2482V0x1d9	1
0x2fb6S0x20b6S0x2482S0x1d9	0x2fb5V0x20b6V0x2482V0x1d9	0
0x2fb7S0x20b6S0x2482S0x1d9	0x2fb6V0x20b6V0x2482V0x1d9	0
0x2086S0x20ecS0x2482S0x1d9	0x20ec_0x1V0x2482V0x1d9	0
0x319cS0x2082S0x20ecS0x2482S0x1d9	0x2086V0x20ecV0x2482V0x1d9	0
0x319cS0x2082S0x20ecS0x2482S0x1d9	0x3125V0x3191V0x2082V0x20ecV0x2482V0x1d9	1
0x3125S0x3191S0x2082S0x20ecS0x2482S0x1d9	0x2086V0x20ecV0x2482V0x1d9	0
0x3125S0x3191S0x2082S0x20ecS0x2482S0x1d9	0x310fV0x3191V0x2082V0x20ecV0x2482V0x1d9	1
0x896S0x2ef	0x894V0x2ef	0
0x8bcS0x2ef	0x896V0x2ef	1
0x8bcS0x2ef	0x8baV0x2ef	0
0x8f2S0x2ef	0x8edV0x2ef	1
0x8f2S0x2ef	0x8efV0x2ef	0
0x8f4S0x2ef	0x8ebV0x2ef	0
0x8f8S0x2ef	0x8f2V0x2ef	1
0x8f8S0x2ef	0x8f6V0x2ef	0
0x8f9S0x2ef	0x8f8V0x2ef	0
0x8faS0x2ef	0x8f4V0x2ef	1
0x8faS0x2ef	0x8f9V0x2ef	0
0x8fdS0x2ef	0x8e9V0x2ef	0
0x8feS0x2ef	0x8fdV0x2ef	0
0x8ffS0x2ef	0x8f2V0x2ef	1
0x8ffS0x2ef	0x8feV0x2ef	0
0x900S0x2ef	0x8faV0x2ef	1
0x900S0x2ef	0x8ffV0x2ef	0
0x90cS0x2ef	0x906V0x2ef	1
0x90cS0x2ef	0x909V0x2ef	0
0x90eS0x2ef	0x906V0x2ef	0
0x912S0x2ef	0x90cV0x2ef	1
0x912S0x2ef	0x910V0x2ef	0
0x913S0x2ef	0x912V0x2ef	0
0x914S0x2ef	0x90eV0x2ef	1
0x914S0x2ef	0x913V0x2ef	0
0x917S0x2ef	0x904V0x2ef	0
0x918S0x2ef	0x917V0x2ef	0
0x919S0x2ef	0x90cV0x2ef	1
0x919S0x2ef	0x918V0x2ef	0
0x91aS0x2ef	0x914V0x2ef	1
0x91aS0x2ef	0x919V0x2ef	0
0x93fS0x2ef	0x93aV0x2ef	1
0x93fS0x2ef	0x93cV0x2ef	0
0x941S0x2ef	0x937V0x2ef	0
0x945S0x2ef	0x93fV0x2ef	1
0x945S0x2ef	0x943V0x2ef	0
0x946S0x2ef	0x945V0x2ef	0
0x947S0x2ef	0x941V0x2ef	1
0x947S0x2ef	0x946V0x2ef	0
0x94aS0x2ef	0x937V0x2ef	0
0x94bS0x2ef	0x94aV0x2ef	0
0x94cS0x2ef	0x93fV0x2ef	1
0x94cS0x2ef	0x94bV0x2ef	0
0x94dS0x2ef	0x947V0x2ef	1
0x94dS0x2ef	0x94cV0x2ef	0
0x860S0x2ef	0x85bV0x2ef	0
0x865S0x2ef	0x85dV0x2ef	1
0x865S0x2ef	0x862V0x2ef	0
0x867S0x2ef	0x860V0x2ef	0
0x867S0x2ef	0x865V0x2ef	1
0x86aS0x2ef	0x867V0x2ef	1
0x86aS0x2ef	0x868V0x2ef	0
0x879_0x0S0x2ef	0x86aV0x2ef	-1
0x879_0x0S0x2ef	0x1a7cV0x870V0x2ef	-1
0x88f_0x0S0x2ef	0x86aV0x2ef	-1
0x88f_0x0S0x2ef	0x88eV0x2ef	-1
0x88f_0x0S0x2ef	0x1a7cV0x870V0x2ef	-1
0x8d5S0x2ef	0x8cfV0x2ef	0
0x8daS0x2ef	0x8d2V0x2ef	1
0x8daS0x2ef	0x8d7V0x2ef	0
0x8dcS0x2ef	0x8d5V0x2ef	0
0x8dcS0x2ef	0x8daV0x2ef	1
0x8dfS0x2ef	0x8dcV0x2ef	1
0x8dfS0x2ef	0x8ddV0x2ef	0
0x8e0S0x2ef	0x8dfV0x2ef	0
0x8e4S0x2ef	0x8e0V0x2ef	0
0x8c8S0x2ef	0x8c6V0x2ef	0
0x8cbS0x2ef	0x8c8V0x2ef	1
0x8cbS0x2ef	0x2a31V0x894V0x2ef	0
0x932S0x2ef	0x8e0V0x2ef	0
0x883S0x2ef	0x880V0x2ef	0
0x888S0x2ef	0x880V0x2ef	1
0x888S0x2ef	0x885V0x2ef	0
0x88aS0x2ef	0x883V0x2ef	0
0x88aS0x2ef	0x888V0x2ef	1
0x88dS0x2ef	0x88aV0x2ef	1
0x88dS0x2ef	0x88bV0x2ef	0
0x88eS0x2ef	0x88dV0x2ef	0
0x1a76S0x870S0x2ef	0x1a70V0x870V0x2ef	0
0x1a7cS0x870S0x2ef	0x1a76V0x870V0x2ef	0
0x1a7cS0x870S0x2ef	0x1a79V0x870V0x2ef	1
0x2ebfS0x894S0x2ef	0x8bcV0x2ef	0
0x2ebfS0x894S0x2ef	0x2ebcV0x894V0x2ef	1
0x2ec4S0x894S0x2ef	0x8bcV0x2ef	1
0x2ec4S0x894S0x2ef	0x2ebfV0x894V0x2ef	0
0x2ec8S0x894S0x2ef	0x8bcV0x2ef	0
0x2ec8S0x894S0x2ef	0x2ec5V0x894V0x2ef	1
0x2a06S0x894S0x2ef	0x2a03V0x894V0x2ef	1
0x2a06S0x894S0x2ef	0x30d1V0x29d2V0x894V0x2ef	0
0x2a2cS0x894S0x2ef	0x2a29V0x894V0x2ef	1
0x2a2cS0x894S0x2ef	0x30d1V0x29d2V0x894V0x2ef	0
0x2a31S0x894S0x2ef	0x2a2eV0x894V0x2ef	1
0x2a31S0x894S0x2ef	0x30d1V0x29d2V0x894V0x2ef	0
0x30d1S0x29d2S0x894S0x2ef	0x2ebfV0x894V0x2ef	0
0x30d1S0x29d2S0x894S0x2ef	0x30ceV0x29d2V0x894V0x2ef	1
0x9df0x95fS0x343	0x95f0x9ddV0x343	0
0x9df0x95fS0x343	0x95f0x9b9V0x343	1
0x9b90x95fS0x343	0x95f0x9b7V0x343	0
0x967S0x343	0x962V0x343	0
0x96cS0x343	0x964V0x343	1
0x96cS0x343	0x969V0x343	0
0x96eS0x343	0x967V0x343	0
0x96eS0x343	0x96cV0x343	1
0x984S0x343	0x96eV0x343	1
0x984S0x343	0x96fV0x343	0
0x99aS0x343	0x984V0x343	1
0x99aS0x343	0x985V0x343	0
0x9b1S0x343	0x99bV0x343	1
0x9b1S0x343	0x99cV0x343	0
0x9b2S0x343	0x99aV0x343	1
0x9b2S0x343	0x9b1V0x343	0
0x1bbe0x95fS0x343	0x95f0x1b6eV0x343	3
0x1bbe0x95fS0x343	0x1b6b0x95f_0x0V0x343	1
0x1bbe0x95fS0x343	0x95f0x1bbdV0x343	0
0x1bbe0x95fS0x343	0x95f0x1bb1V0x343	2
0x1b6b0x95f_0x0S0x343	0x2316V0x23d7V0x32d	-1
0x1b6b0x95f_0x0S0x343	0x95f0xa31V0x343	-1
0x1bbd0x95fS0x343	0x95f0x1bb8V0x343	0
0x1bbd0x95fS0x343	0x95f0x1bb2V0x343	1
0x1bb10x95fS0x343	0x95f0x1bb0V0x343	0
0x1bb00x95fS0x343	0x95f0x1baeV0x343	0
0x1bb00x95fS0x343	0x95f0x1badV0x343	1
0x1bad0x95fS0x343	0x95f0x1babV0x343	0
0x1bad0x95fS0x343	0x95f0x1ba7V0x343	1
0x1ba70x95fS0x343	0x95f0x1ba5V0x343	0
0x1ba70x95fS0x343	0x95f0x1b74V0x343	1
0x1ba20x95fS0x343	0x95f0x1b8dV0x343	0
0x1ba20x95fS0x343	0x95f0x1b8cV0x343	1
0x1b8c0x95fS0x343	0x2086V0x23c9V0x32d	1
0x1b8c0x95fS0x343	0x95f0x1b77V0x343	0
0x1bbf0x95f_0x2S0x343	0x2316V0x23d7V0x32d	-1
0x1bbf0x95f_0x2S0x343	0x95f0xa31V0x343	-1
0x1c420x95fS0x343	0x95f0x1c40V0x343	0
0x1c1c0x95fS0x343	0x2086V0x23c9V0x32d	1
0x1c1c0x95fS0x343	0x95f0x1c07V0x343	0
0x1c010x95fS0x343	0x95f0x1bffV0x343	0
0x1c010x95fS0x343	0x95f0x1bfeV0x343	1
0x1bfe0x95fS0x343	0x95f0x1bfcV0x343	0
0x1bfe0x95fS0x343	0x95f0x1bf8V0x343	1
0x1bf80x95fS0x343	0x95f0x1bf6V0x343	0
0x1bf80x95fS0x343	0x95f0x1bc5V0x343	1
0x1bf30x95fS0x343	0x95f0x1bdeV0x343	0
0x1bf30x95fS0x343	0x95f0x1bddV0x343	1
0x1bdd0x95fS0x343	0x2086V0x23c9V0x32d	1
0x1bdd0x95fS0x343	0x95f0x1bc8V0x343	0
0xa370x95fS0x343	0x95f0xa36V0x343	0
0xa360x95fS0x343	0x2316V0x23d7V0x32d	1
0xa360x95fS0x343	0x95f0xa31V0x343	0
0xa310x95fS0x343	0x95f0xa30V0x343	0
0xa300x95fS0x343	0x95f0xa2eV0x343	0
0xa300x95fS0x343	0x95f0xa2dV0x343	1
0xa2d0x95fS0x343	0x95f0xa2bV0x343	0
0xa2d0x95fS0x343	0x95f0xa27V0x343	1
0xa270x95fS0x343	0x95f0xa25V0x343	0
0xa270x95fS0x343	0x95f0x9f4V0x343	1
0xa220x95fS0x343	0x95f0xa0dV0x343	0
0xa220x95fS0x343	0x95f0xa0cV0x343	1
0xa0c0x95fS0x343	0x2086V0x23c9V0x32d	1
0xa0c0x95fS0x343	0x95f0x9f7V0x343	0
0x1c530x95fS0x343	0x95f0x1c50V0x343	1
0x1c530x95fS0x343	0x2f7aV0x1bbf0x95fV0x343	0
0x1c500x95fS0x343	0x95f0x1c4eV0x343	0
0x9ee0x95fS0x343	0x95f0x9ebV0x343	1
0x9ee0x95fS0x343	0x2b17V0x9b70x95fV0x343	0
0x9eb0x95fS0x343	0x95f0x9e9V0x343	0
0x2b12S0x9b70x95fS0x343	0x2b0fV0x9b70x95fV0x343	1
0x2b12S0x9b70x95fS0x343	0x30d1V0x2adeV0x9b70x95fV0x343	0
0x2b17S0x9b70x95fS0x343	0x2b14V0x9b70x95fV0x343	1
0x2b17S0x9b70x95fS0x343	0x30d1V0x2adeV0x9b70x95fV0x343	0
0x2f1fS0x9b70x95fS0x343	0x95f0x9dfV0x343	0
0x2f1fS0x9b70x95fS0x343	0x2f1cV0x9b70x95fV0x343	1
0x2f24S0x9b70x95fS0x343	0x95f0x9dfV0x343	1
0x2f24S0x9b70x95fS0x343	0x2f1fV0x9b70x95fV0x343	0
0x2f28S0x9b70x95fS0x343	0x95f0x9dfV0x343	0
0x2f28S0x9b70x95fS0x343	0x2f25V0x9b70x95fV0x343	1
0x30d1S0x2adeS0x9b70x95fS0x343	0x2f1fV0x9b70x95fV0x343	0
0x30d1S0x2adeS0x9b70x95fS0x343	0x30ceV0x2adeV0x9b70x95fV0x343	1
0x2f7aS0x1bbf0x95fS0x343	0x95f0x1c42V0x343	0
0x2f7aS0x1bbf0x95fS0x343	0x2f77V0x1bbf0x95fV0x343	1
0x2f83S0x1bbf0x95fS0x343	0x95f0x1c42V0x343	0
0x2f83S0x1bbf0x95fS0x343	0x2f80V0x1bbf0x95fV0x343	1
0x2f90S0x1bbf0x95fS0x343	0x95f0x1c42V0x343	0
0x2f90S0x1bbf0x95fS0x343	0x2f8dV0x1bbf0x95fV0x343	1
0xc17S0x3ed	0x2316V0x25a5V0x3d8	3
0xc17S0x3ed	0x2316V0x25c4V0x3d8	1
0xc17S0x3ed	0x2086V0x25b3V0x3d8	2
0xc17S0x3ed	0xc06V0x3ed	5
0xc17S0x3ed	0xc14V0x3ed	0
0xc17S0x3ed	0x1cb3V0xc03V0x3ed	4
0x245dS0x43f	0x444	1
0x245dS0x43f	0x44a	0
0x245eS0x43f	0x2459V0x43f	1
0x245eS0x43f	0x245dV0x43f	0
0x245fS0x43f	0x245eV0x43f	0
0x246cS0x43f	0x444	0
0x246cS0x43f	0x2469V0x43f	1
0x246dS0x43f	0x246cV0x43f	0
0x2478S0x43f	0x246dV0x43f	0
0x2478S0x43f	0x246eV0x43f	1
0x2479S0x43f	0x2478V0x43f	0
0x2489S0x43f	0x444	0
0x2489S0x43f	0x246dV0x43f	1
0x2495S0x43f	0x444	0
0x2495S0x43f	0x2492V0x43f	1
0x2496S0x43f	0x2495V0x43f	0
0x24a1S0x43f	0x2496V0x43f	0
0x24a1S0x43f	0x2497V0x43f	1
0x24a2S0x43f	0x24a1V0x43f	0
0x24b2S0x43f	0x444	0
0x24b2S0x43f	0x2496V0x43f	1
0x21b0S0x24abS0x43f	0x24b2V0x43f	0
0x21cbS0x24abS0x43f	0x24b2V0x43f	0
0x21cbS0x24abS0x43f	0x21c8V0x24abV0x43f	1
0x21d1S0x24abS0x43f	0x21ceV0x24abV0x43f	1
0x21d1S0x24abS0x43f	0x2fa2V0x21bcV0x24abV0x43f	0
0x21d9S0x24abS0x43f	0x21b0V0x24abV0x43f	0
0x21d9S0x24abS0x43f	0x21d6V0x24abV0x43f	1
0x21dbS0x24abS0x43f	0x21cbV0x24abV0x43f	0
0x21dbS0x24abS0x43f	0x21d9V0x24abV0x43f	1
0x21dcS0x24abS0x43f	0x44a	1
0x21dcS0x24abS0x43f	0x21dbV0x24abV0x43f	0
0x21ddS0x24abS0x43f	0x21dcV0x24abV0x43f	0
0x3027S0x24abS0x43f	0x21b0V0x24abV0x43f	0
0x3027S0x24abS0x43f	0x301dV0x24abV0x43f	1
0x3028S0x24abS0x43f	0x3027V0x24abV0x43f	0
0x2202S0x24abS0x43f	0x21ffV0x24abV0x43f	1
0x2202S0x24abS0x43f	0x21fc_0x4V0x24abV0x43f	0
0x2208S0x24abS0x43f	0x2205V0x24abV0x43f	1
0x2208S0x24abS0x43f	0x21fc_0x3V0x24abV0x43f	0
0x220fS0x24abS0x43f	0x220cV0x24abV0x43f	1
0x220fS0x24abS0x43f	0x21fc_0x2V0x24abV0x43f	0
0x21fc_0x2S0x24abS0x43f	0x21e7V0x24abV0x43f	-1
0x21fc_0x2S0x24abS0x43f	0x220fV0x24abV0x43f	-1
0x21fc_0x3S0x24abS0x43f	0x21cbV0x24abV0x43f	-1
0x21fc_0x3S0x24abS0x43f	0x2208V0x24abV0x43f	-1
0x21fc_0x4S0x24abS0x43f	0x21d1V0x24abV0x43f	-1
0x21fc_0x4S0x24abS0x43f	0x2202V0x24abV0x43f	-1
0x21ecS0x24abS0x43f	0x21b0V0x24abV0x43f	1
0x21ecS0x24abS0x43f	0x21e9_0x0V0x24abV0x43f	0
0x21edS0x24abS0x43f	0x21ecV0x24abV0x43f	0
0x21e9_0x0S0x24abS0x43f	0x21e7V0x24abV0x43f	-1
0x21e9_0x0S0x24abS0x43f	0x220fV0x24abV0x43f	-1
0x21a4S0x24abS0x43f	0x24b2V0x43f	0
0x21a4S0x24abS0x43f	0x21a1V0x24abV0x43f	1
0x21a5S0x24abS0x43f	0x44a	1
0x21a5S0x24abS0x43f	0x21a4V0x24abV0x43f	0
0x3035S0x24abS0x43f	0x21b0V0x24abV0x43f	0
0x3035S0x24abS0x43f	0x3032V0x24abV0x43f	1
0x303bS0x24abS0x43f	0x3035V0x24abV0x43f	0
0x303bS0x24abS0x43f	0x3038V0x24abV0x43f	1
0x21f2_0x1S0x24abS0x43f	0x21cbV0x24abV0x43f	-1
0x21f2_0x1S0x24abS0x43f	0x2208V0x24abV0x43f	-1
0x2fa2S0x21bcS0x24abS0x43f	0x2fa0V0x21bcV0x24abV0x43f	0
0x2fa7S0x21bcS0x24abS0x43f	0x303bV0x24abV0x43f	1
0x2fa7S0x21bcS0x24abS0x43f	0x2fa2V0x21bcV0x24abV0x43f	0
0x2faaS0x21bcS0x24abS0x43f	0x2fa2V0x21bcV0x24abV0x43f	1
0x2faaS0x21bcS0x24abS0x43f	0x2fa7V0x21bcV0x24abV0x43f	0
0x2fb5S0x21bcS0x24abS0x43f	0x2fa7V0x21bcV0x24abV0x43f	0
0x2fb5S0x21bcS0x24abS0x43f	0x2fabV0x21bcV0x24abV0x43f	1
0x2fb6S0x21bcS0x24abS0x43f	0x2faaV0x21bcV0x24abV0x43f	1
0x2fb6S0x21bcS0x24abS0x43f	0x2fb5V0x21bcV0x24abV0x43f	0
0x2fb7S0x21bcS0x24abS0x43f	0x2fb6V0x21bcV0x24abV0x43f	0
0x2316S0x21f2S0x24abS0x43f	0x21f2_0x1V0x24abV0x43f	0
0x31e1S0x2312B0x21f2S0x24abS0x43f	0x2316V0x21f2V0x24abV0x43f	0
0x31e1S0x2312B0x21f2S0x24abS0x43f	0x2316V0x21f2V0x24abV0x43f	1
0x20aaS0x2482S0x43f	0x2489V0x43f	0
0x20c5S0x2482S0x43f	0x2489V0x43f	0
0x20c5S0x2482S0x43f	0x20c2V0x2482V0x43f	1
0x20cbS0x2482S0x43f	0x20c8V0x2482V0x43f	1
0x20cbS0x2482S0x43f	0x2fa2V0x20b6V0x2482V0x43f	0
0x20d3S0x2482S0x43f	0x20aaV0x2482V0x43f	0
0x20d3S0x2482S0x43f	0x20d0V0x2482V0x43f	1
0x20d5S0x2482S0x43f	0x20c5V0x2482V0x43f	0
0x20d5S0x2482S0x43f	0x20d3V0x2482V0x43f	1
0x20d6S0x2482S0x43f	0x44a	1
0x20d6S0x2482S0x43f	0x20d5V0x2482V0x43f	0
0x20d7S0x2482S0x43f	0x20d6V0x2482V0x43f	0
0x2fd7S0x2482S0x43f	0x20aaV0x2482V0x43f	0
0x2fd7S0x2482S0x43f	0x2fcdV0x2482V0x43f	1
0x2fd8S0x2482S0x43f	0x2fd7V0x2482V0x43f	0
0x20fcS0x2482S0x43f	0x20f9V0x2482V0x43f	1
0x20fcS0x2482S0x43f	0x20f6_0x4V0x2482V0x43f	0
0x2102S0x2482S0x43f	0x20ffV0x2482V0x43f	1
0x2102S0x2482S0x43f	0x20f6_0x3V0x2482V0x43f	0
0x2109S0x2482S0x43f	0x2106V0x2482V0x43f	1
0x2109S0x2482S0x43f	0x20f6_0x2V0x2482V0x43f	0
0x20f6_0x2S0x2482S0x43f	0x20e1V0x2482V0x43f	-1
0x20f6_0x2S0x2482S0x43f	0x2109V0x2482V0x43f	-1
0x20f6_0x3S0x2482S0x43f	0x20c5V0x2482V0x43f	-1
0x20f6_0x3S0x2482S0x43f	0x2102V0x2482V0x43f	-1
0x20f6_0x4S0x2482S0x43f	0x20cbV0x2482V0x43f	-1
0x20f6_0x4S0x2482S0x43f	0x20fcV0x2482V0x43f	-1
0x20e6S0x2482S0x43f	0x20aaV0x2482V0x43f	1
0x20e6S0x2482S0x43f	0x20e3_0x0V0x2482V0x43f	0
0x20e7S0x2482S0x43f	0x20e6V0x2482V0x43f	0
0x20e3_0x0S0x2482S0x43f	0x20e1V0x2482V0x43f	-1
0x20e3_0x0S0x2482S0x43f	0x2109V0x2482V0x43f	-1
0x209eS0x2482S0x43f	0x2489V0x43f	0
0x209eS0x2482S0x43f	0x209bV0x2482V0x43f	1
0x209fS0x2482S0x43f	0x44a	1
0x209fS0x2482S0x43f	0x209eV0x2482V0x43f	0
0x2fe5S0x2482S0x43f	0x20aaV0x2482V0x43f	0
0x2fe5S0x2482S0x43f	0x2fe2V0x2482V0x43f	1
0x2febS0x2482S0x43f	0x2fe5V0x2482V0x43f	0
0x2febS0x2482S0x43f	0x2fe8V0x2482V0x43f	1
0x20ec_0x1S0x2482S0x43f	0x20c5V0x2482V0x43f	-1
0x20ec_0x1S0x2482S0x43f	0x2102V0x2482V0x43f	-1
0x2fa2S0x20b6S0x2482S0x43f	0x2fa0V0x20b6V0x2482V0x43f	0
0x2fa7S0x20b6S0x2482S0x43f	0x2febV0x2482V0x43f	1
0x2fa7S0x20b6S0x2482S0x43f	0x2fa2V0x20b6V0x2482V0x43f	0
0x2faaS0x20b6S0x2482S0x43f	0x2fa2V0x20b6V0x2482V0x43f	1
0x2faaS0x20b6S0x2482S0x43f	0x2fa7V0x20b6V0x2482V0x43f	0
0x2fb5S0x20b6S0x2482S0x43f	0x2fa7V0x20b6V0x2482V0x43f	0
0x2fb5S0x20b6S0x2482S0x43f	0x2fabV0x20b6V0x2482V0x43f	1
0x2fb6S0x20b6S0x2482S0x43f	0x2faaV0x20b6V0x2482V0x43f	1
0x2fb6S0x20b6S0x2482S0x43f	0x2fb5V0x20b6V0x2482V0x43f	0
0x2fb7S0x20b6S0x2482S0x43f	0x2fb6V0x20b6V0x2482V0x43f	0
0x2086S0x20ecS0x2482S0x43f	0x20ec_0x1V0x2482V0x43f	0
0x319cS0x2082S0x20ecS0x2482S0x43f	0x2086V0x20ecV0x2482V0x43f	0
0x319cS0x2082S0x20ecS0x2482S0x43f	0x3125V0x3191V0x2082V0x20ecV0x2482V0x43f	1
0x3125S0x3191S0x2082S0x20ecS0x2482S0x43f	0x2086V0x20ecV0x2482V0x43f	0
0x3125S0x3191S0x2082S0x20ecS0x2482S0x43f	0x310fV0x3191V0x2082V0x20ecV0x2482V0x43f	1
0x1d1dS0x1a19	0x1d16V0x1a19	1
0x1d1dS0x1a19	0x1d1bV0x1a19	0
0x1d23S0x1a19	0x1d21V0x1a19	0
0x1d26S0x1a19	0x1d23V0x1a19	1
0x1d26S0x1a19	0x1d24V0x1a19	0
0x1d35S0x1a19	0x1d33V0x1a19	0
0x1d3aS0x1a19	0x1d35V0x1a19	1
0x1d3aS0x1a19	0x2bfaV0x1d11V0x1a19	0
0x1d3bS0x1a19	0x1d36V0x1a19	1
0x1d3bS0x1a19	0x1d3aV0x1a19	0
0x1d60S0x1a19	0x1d43V0x1a19	0
0x1d61S0x1a19	0x1d1dV0x1a19	1
0x1d61S0x1a19	0x1d60V0x1a19	0
0x1d65S0x1a19	0x1d35V0x1a19	0
0x1d65S0x1a19	0x1d62V0x1a19	1
0x1d67S0x1a19	0x1d65V0x1a19	0
0x1d88S0x1a19	0x1d67V0x1a19	0
0x1d88S0x1a19	0x1d68V0x1a19	1
0x1d89S0x1a19	0x1d61V0x1a19	1
0x1d89S0x1a19	0x1d88V0x1a19	0
0x2bfaS0x1d11S0x1a19	0x1d26V0x1a19	0
0x2bfaS0x1d11S0x1a19	0x2bf7V0x1d11V0x1a19	1
0x2c03S0x1d11S0x1a19	0x1d26V0x1a19	0
0x2c03S0x1d11S0x1a19	0x2c00V0x1d11V0x1a19	1
0x2c10S0x1d11S0x1a19	0x1d26V0x1a19	0
0x2c10S0x1d11S0x1a19	0x2c0dV0x1d11V0x1a19	1
0x2c1dS0x1d11S0x1a19	0x1d26V0x1a19	0
0x2c1dS0x1d11S0x1a19	0x2c1aV0x1d11V0x1a19	1
0x3125S0x2686S0x2bf4S0x1d11S0x1a19	0x310fV0x2686V0x2bf4V0x1d11V0x1a19	1
0x3125S0x2686S0x2bf4S0x1d11S0x1a19	0x1a19arg0x1	0
0x3125S0x2686S0x2c09S0x1d11S0x1a19	0x1a1e	0
0x3125S0x2686S0x2c09S0x1d11S0x1a19	0x310fV0x2686V0x2c09V0x1d11V0x1a19	1
0x1e90S0x1d32S0x1a19	0x1e8eV0x1d32V0x1a19	0
0x1eb6S0x1d32S0x1a19	0x1e90V0x1d32V0x1a19	1
0x1eb6S0x1d32S0x1a19	0x1eb4V0x1d32V0x1a19	0
0x1f0fS0x1d32S0x1a19	0x1f0dV0x1d32V0x1a19	0
0x1f14S0x1d32S0x1a19	0x1f12V0x1d32V0x1a19	0
0x1f18S0x1d32S0x1a19	0x1f15V0x1d32V0x1a19	1
0x1f18S0x1d32S0x1a19	0x1f17V0x1d32V0x1a19	0
0x1f19S0x1d32S0x1a19	0x1f14V0x1d32V0x1a19	1
0x1f19S0x1d32S0x1a19	0x1f18V0x1d32V0x1a19	0
0x1f1bS0x1d32S0x1a19	0x1f0fV0x1d32V0x1a19	0
0x1f1bS0x1d32S0x1a19	0x1f19V0x1d32V0x1a19	1
0x1f28S0x1d32S0x1a19	0x1f0fV0x1d32V0x1a19	0
0x1f28S0x1d32S0x1a19	0x1f25V0x1d32V0x1a19	1
0x1f40S0x1d32S0x1a19	0x1f3eV0x1d32V0x1a19	0
0x1f66S0x1d32S0x1a19	0x1f40V0x1d32V0x1a19	1
0x1f66S0x1d32S0x1a19	0x1f64V0x1d32V0x1a19	0
0x1f9dS0x1d32S0x1a19	0x1f9bV0x1d32V0x1a19	0
0x1fc3S0x1d32S0x1a19	0x1f9dV0x1d32V0x1a19	1
0x1fc3S0x1d32S0x1a19	0x1fc1V0x1d32V0x1a19	0
0x1e84S0x1d32S0x1a19	0x1a58	1
0x1e84S0x1d32S0x1a19	0x1e6fV0x1d32V0x1a19	0
0x1e88S0x1d32S0x1a19	0x1e6bV0x1d32V0x1a19	2
0x1e88S0x1d32S0x1a19	0x1e84V0x1d32V0x1a19	1
0x1e88S0x1d32S0x1a19	0x1e85V0x1d32V0x1a19	0
0x1ee3S0x1d32S0x1a19	0x1a58	1
0x1ee3S0x1d32S0x1a19	0x1eceV0x1d32V0x1a19	0
0x1ee7S0x1d32S0x1a19	0x1ee5V0x1d32V0x1a19	0
0x1ec2S0x1d32S0x1a19	0x1ec0V0x1d32V0x1a19	0
0x1ec5S0x1d32S0x1a19	0x1ec2V0x1d32V0x1a19	1
0x1ec5S0x1d32S0x1a19	0x2b57V0x1e8eV0x1d32V0x1a19	0
0x1ef6S0x1d32S0x1a19	0x1ef4V0x1d32V0x1a19	0
0x1ef9S0x1d32S0x1a19	0x1ef6V0x1d32V0x1a19	1
0x1ef9S0x1d32S0x1a19	0x2750V0x1ec8V0x1d32V0x1a19	0
0x1effS0x1d32S0x1a19	0x1ee3V0x1d32V0x1a19	1
0x1effS0x1d32S0x1a19	0x1ef2V0x1d32V0x1a19	6
0x1effS0x1d32S0x1a19	0x1ef6V0x1d32V0x1a19	3
0x1effS0x1d32S0x1a19	0x1ef6V0x1d32V0x1a19	5
0x1effS0x1d32S0x1a19	0x1ef9V0x1d32V0x1a19	4
0x1effS0x1d32S0x1a19	0x1efbV0x1d32V0x1a19	2
0x1effS0x1d32S0x1a19	0x1efeV0x1d32V0x1a19	0
0x1f08S0x1d32S0x1a19	0x1f03V0x1d32V0x1a19	0
0x1f08S0x1d32S0x1a19	0x1f05V0x1d32V0x1a19	1
0x1f7cS0x1d32S0x1a19	0x1f78_0x0V0x1d32V0x1a19	0
0x1f7dS0x1d32S0x1a19	0x1f79V0x1d32V0x1a19	1
0x1f7dS0x1d32S0x1a19	0x1f7cV0x1d32V0x1a19	0
0x1f7eS0x1d32S0x1a19	0x1f7dV0x1d32V0x1a19	0
0x1f78_0x0S0x1d32S0x1a19	0x1f0fV0x1d32V0x1a19	-1
0x1f78_0x0S0x1d32S0x1a19	0x1f2fV0x1d32V0x1a19	-1
0x1f72S0x1d32S0x1a19	0x1f70V0x1d32V0x1a19	0
0x1f75S0x1d32S0x1a19	0x1f72V0x1d32V0x1a19	1
0x1f75S0x1d32S0x1a19	0x294bV0x1f3eV0x1d32V0x1a19	0
0x1fcfS0x1d32S0x1a19	0x1fcdV0x1d32V0x1a19	0
0x1fd2S0x1d32S0x1a19	0x1fcfV0x1d32V0x1a19	1
0x1fd2S0x1d32S0x1a19	0x2ad7V0x1f9bV0x1d32V0x1a19	0
0x1f87S0x1d32S0x1a19	0x1f85V0x1d32V0x1a19	0
0x1f87S0x1d32S0x1a19	0x1f83_0x0V0x1d32V0x1a19	1
0x1f89S0x1d32S0x1a19	0x1f83_0x0V0x1d32V0x1a19	0
0x1f8bS0x1d32S0x1a19	0x1f87V0x1d32V0x1a19	0
0x1f8bS0x1d32S0x1a19	0x1f89V0x1d32V0x1a19	1
0x1f83_0x0S0x1d32S0x1a19	0x1f0fV0x1d32V0x1a19	-1
0x1f83_0x0S0x1d32S0x1a19	0x1f2fV0x1d32V0x1a19	-1
0x2f3fS0x1e8eS0x1d32S0x1a19	0x1eb6V0x1d32V0x1a19	0
0x2f3fS0x1e8eS0x1d32S0x1a19	0x2f3cV0x1e8eV0x1d32V0x1a19	1
0x2f44S0x1e8eS0x1d32S0x1a19	0x1eb6V0x1d32V0x1a19	1
0x2f44S0x1e8eS0x1d32S0x1a19	0x2f3fV0x1e8eV0x1d32V0x1a19	0
0x2f48S0x1e8eS0x1d32S0x1a19	0x1eb6V0x1d32V0x1a19	0
0x2f48S0x1e8eS0x1d32S0x1a19	0x2f45V0x1e8eV0x1d32V0x1a19	1
0x2b52S0x1e8eS0x1d32S0x1a19	0x2b4fV0x1e8eV0x1d32V0x1a19	1
0x2b52S0x1e8eS0x1d32S0x1a19	0x30d1V0x2b1eV0x1e8eV0x1d32V0x1a19	0
0x2b57S0x1e8eS0x1d32S0x1a19	0x2b54V0x1e8eV0x1d32V0x1a19	1
0x2b57S0x1e8eS0x1d32S0x1a19	0x30d1V0x2b1eV0x1e8eV0x1d32V0x1a19	0
0x30d1S0x2b1eS0x1e8eS0x1d32S0x1a19	0x2f3fV0x1e8eV0x1d32V0x1a19	0
0x30d1S0x2b1eS0x1e8eS0x1d32S0x1a19	0x30ceV0x2b1eV0x1e8eV0x1d32V0x1a19	1
0x2e5fS0x1f3eS0x1d32S0x1a19	0x1f66V0x1d32V0x1a19	0
0x2e5fS0x1f3eS0x1d32S0x1a19	0x2e5cV0x1f3eV0x1d32V0x1a19	1
0x2e64S0x1f3eS0x1d32S0x1a19	0x1f66V0x1d32V0x1a19	1
0x2e64S0x1f3eS0x1d32S0x1a19	0x2e5fV0x1f3eV0x1d32V0x1a19	0
0x2e68S0x1f3eS0x1d32S0x1a19	0x1f66V0x1d32V0x1a19	0
0x2e68S0x1f3eS0x1d32S0x1a19	0x2e65V0x1f3eV0x1d32V0x1a19	1
0x2946S0x1f3eS0x1d32S0x1a19	0x2943V0x1f3eV0x1d32V0x1a19	1
0x2946S0x1f3eS0x1d32S0x1a19	0x30d1V0x2912V0x1f3eV0x1d32V0x1a19	0
0x294bS0x1f3eS0x1d32S0x1a19	0x2948V0x1f3eV0x1d32V0x1a19	1
0x294bS0x1f3eS0x1d32S0x1a19	0x30d1V0x2912V0x1f3eV0x1d32V0x1a19	0
0x30d1S0x2912S0x1f3eS0x1d32S0x1a19	0x2e5fV0x1f3eV0x1d32V0x1a19	0
0x30d1S0x2912S0x1f3eS0x1d32S0x1a19	0x30ceV0x2912V0x1f3eV0x1d32V0x1a19	1
0x2effS0x1f9bS0x1d32S0x1a19	0x1fc3V0x1d32V0x1a19	0
0x2effS0x1f9bS0x1d32S0x1a19	0x2efcV0x1f9bV0x1d32V0x1a19	1
0x2f04S0x1f9bS0x1d32S0x1a19	0x1fc3V0x1d32V0x1a19	1
0x2f04S0x1f9bS0x1d32S0x1a19	0x2effV0x1f9bV0x1d32V0x1a19	0
0x2f08S0x1f9bS0x1d32S0x1a19	0x1fc3V0x1d32V0x1a19	0
0x2f08S0x1f9bS0x1d32S0x1a19	0x2f05V0x1f9bV0x1d32V0x1a19	1
0x2aacS0x1f9bS0x1d32S0x1a19	0x2aa9V0x1f9bV0x1d32V0x1a19	1
0x2aacS0x1f9bS0x1d32S0x1a19	0x30d1V0x2a78V0x1f9bV0x1d32V0x1a19	0
0x2ad2S0x1f9bS0x1d32S0x1a19	0x2acfV0x1f9bV0x1d32V0x1a19	1
0x2ad2S0x1f9bS0x1d32S0x1a19	0x30d1V0x2a78V0x1f9bV0x1d32V0x1a19	0
0x2ad7S0x1f9bS0x1d32S0x1a19	0x2ad4V0x1f9bV0x1d32V0x1a19	1
0x2ad7S0x1f9bS0x1d32S0x1a19	0x30d1V0x2a78V0x1f9bV0x1d32V0x1a19	0
0x30d1S0x2a78S0x1f9bS0x1d32S0x1a19	0x2effV0x1f9bV0x1d32V0x1a19	0
0x30d1S0x2a78S0x1f9bS0x1d32S0x1a19	0x30ceV0x2a78V0x1f9bV0x1d32V0x1a19	1
0x308dS0x1ec8S0x1d32S0x1a19	0x1d35V0x1a19	0
0x2748S0x1ec8S0x1d32S0x1a19	0x1d35V0x1a19	0
0x2748S0x1ec8S0x1d32S0x1a19	0x2745V0x1ec8V0x1d32V0x1a19	1
0x2750S0x1ec8S0x1d32S0x1a19	0x1ee7V0x1d32V0x1a19	0
0x2750S0x1ec8S0x1d32S0x1a19	0x308dV0x1ec8V0x1d32V0x1a19	1
0x316eS0x273dS0x1ec8S0x1d32S0x1a19	0x1ee7V0x1d32V0x1a19	0
0x316eS0x273dS0x1ec8S0x1d32S0x1a19	0x308dV0x1ec8V0x1d32V0x1a19	1
0x3164S0x273dS0x1ec8S0x1d32S0x1a19	0x308dV0x1ec8V0x1d32V0x1a19	1
0x3164S0x273dS0x1ec8S0x1d32S0x1a19	0x3161_0x0V0x273dV0x1ec8V0x1d32V0x1a19	0
0x3165S0x273dS0x1ec8S0x1d32S0x1a19	0x3164V0x273dV0x1ec8V0x1d32V0x1a19	0
0x3161_0x0S0x273dS0x1ec8S0x1d32S0x1a19	0x3144V0x273dV0x1ec8V0x1d32V0x1a19	-1
0x3161_0x0S0x273dS0x1ec8S0x1d32S0x1a19	0x315aV0x273dV0x1ec8V0x1d32V0x1a19	-1
0x3149S0x273dS0x1ec8S0x1d32S0x1a19	0x308dV0x1ec8V0x1d32V0x1a19	1
0x3149S0x273dS0x1ec8S0x1d32S0x1a19	0x3146_0x0V0x273dV0x1ec8V0x1d32V0x1a19	0
0x314aS0x273dS0x1ec8S0x1d32S0x1a19	0x3149V0x273dV0x1ec8V0x1d32V0x1a19	0
0x3146_0x0S0x273dS0x1ec8S0x1d32S0x1a19	0x3144V0x273dV0x1ec8V0x1d32V0x1a19	-1
0x3146_0x0S0x273dS0x1ec8S0x1d32S0x1a19	0x315aV0x273dV0x1ec8V0x1d32V0x1a19	-1
0x3151S0x273dS0x1ec8S0x1d32S0x1a19	0x2748V0x1ec8V0x1d32V0x1a19	0
0x3151S0x273dS0x1ec8S0x1d32S0x1a19	0x314f_0x0V0x273dV0x1ec8V0x1d32V0x1a19	1
0x3152S0x273dS0x1ec8S0x1d32S0x1a19	0x3151V0x273dV0x1ec8V0x1d32V0x1a19	0
0x3155S0x273dS0x1ec8S0x1d32S0x1a19	0x1ee7V0x1d32V0x1a19	0
0x3155S0x273dS0x1ec8S0x1d32S0x1a19	0x314f_0x0V0x273dV0x1ec8V0x1d32V0x1a19	1
0x315aS0x273dS0x1ec8S0x1d32S0x1a19	0x3157V0x273dV0x1ec8V0x1d32V0x1a19	1
0x315aS0x273dS0x1ec8S0x1d32S0x1a19	0x314f_0x0V0x273dV0x1ec8V0x1d32V0x1a19	0
0x314f_0x0S0x273dS0x1ec8S0x1d32S0x1a19	0x3144V0x273dV0x1ec8V0x1d32V0x1a19	-1
0x314f_0x0S0x273dS0x1ec8S0x1d32S0x1a19	0x315aV0x273dV0x1ec8V0x1d32V0x1a19	-1
0x24dcS0x1f83B0x1d32S0x1a19	0x1f87V0x1d32V0x1a19	0
0x24dcS0x1f83B0x1d32S0x1a19	0x24d4V0x1f83B0x1d32V0x1a19	1
0x24c8S0x1f83B0x1d32S0x1a19	0x1f87V0x1d32V0x1a19	1
0x24c8S0x1f83B0x1d32S0x1a19	0x1f8bV0x1d32V0x1a19	0
0x24c9S0x1f83B0x1d32S0x1a19	0x24c4V0x1f83B0x1d32V0x1a19	1
0x24c9S0x1f83B0x1d32S0x1a19	0x24c8V0x1f83B0x1d32V0x1a19	0
0x24caS0x1f83B0x1d32S0x1a19	0x24c9V0x1f83B0x1d32V0x1a19	0
0x2224S0x24d3S0x1f83B0x1d32S0x1a19	0x24dcV0x1f83B0x1d32V0x1a19	0
0x31b3S0x2220S0x24d3S0x1f83B0x1d32S0x1a19	0x2224V0x24d3V0x1f83B0x1d32V0x1a19	0
0x31b3S0x2220S0x24d3S0x1f83B0x1d32S0x1a19	0x30fbV0x31a8V0x2220V0x24d3V0x1f83B0x1d32V0x1a19	1
0x30faS0x31a8S0x2220S0x24d3S0x1f83B0x1d32S0x1a19	0x2224V0x24d3V0x1f83B0x1d32V0x1a19	0
0x30fbS0x31a8S0x2220S0x24d3S0x1f83B0x1d32S0x1a19	0x30faV0x31a8V0x2220V0x24d3V0x1f83B0x1d32V0x1a19	0
0x1df0S0x1cb8	0x1de9V0x1cb8	1
0x1df0S0x1cb8	0x1deeV0x1cb8	0
0x1df5S0x1cb8	0x1df3V0x1cb8	0
0x1df8S0x1cb8	0x1df5V0x1cb8	1
0x1df8S0x1cb8	0x1df6V0x1cb8	0
0x1e06S0x1cb8	0x1e04V0x1cb8	0
0x1e0bS0x1cb8	0x1e06V0x1cb8	1
0x1e0bS0x1cb8	0x2c31V0x1de4V0x1cb8	0
0x1e0cS0x1cb8	0x1e07V0x1cb8	1
0x1e0cS0x1cb8	0x1e0bV0x1cb8	0
0x1e31S0x1cb8	0x1e14V0x1cb8	0
0x1e32S0x1cb8	0x1df0V0x1cb8	1
0x1e32S0x1cb8	0x1e31V0x1cb8	0
0x1e36S0x1cb8	0x1e06V0x1cb8	0
0x1e36S0x1cb8	0x1e33V0x1cb8	1
0x1e38S0x1cb8	0x1e36V0x1cb8	0
0x1e59S0x1cb8	0x1e38V0x1cb8	0
0x1e59S0x1cb8	0x1e39V0x1cb8	1
0x1e5aS0x1cb8	0x1e32V0x1cb8	1
0x1e5aS0x1cb8	0x1e59V0x1cb8	0
0x2c31S0x1de4S0x1cb8	0x1df8V0x1cb8	0
0x2c31S0x1de4S0x1cb8	0x2c2eV0x1de4V0x1cb8	1
0x2c3aS0x1de4S0x1cb8	0x1df8V0x1cb8	0
0x2c3aS0x1de4S0x1cb8	0x2c37V0x1de4V0x1cb8	1
0x2c47S0x1de4S0x1cb8	0x1df8V0x1cb8	0
0x2c47S0x1de4S0x1cb8	0x2c44V0x1de4V0x1cb8	1
0x3125S0x2686S0x2c2bS0x1de4S0x1cb8	0x310fV0x2686V0x2c2bV0x1de4V0x1cb8	1
0x3125S0x2686S0x2c2bS0x1de4S0x1cb8	0x1cb8arg0x1	0
0x1e90S0x1e03S0x1cb8	0x1e8eV0x1e03V0x1cb8	0
0x1eb6S0x1e03S0x1cb8	0x1e90V0x1e03V0x1cb8	1
0x1eb6S0x1e03S0x1cb8	0x1eb4V0x1e03V0x1cb8	0
0x1f0fS0x1e03S0x1cb8	0x1f0dV0x1e03V0x1cb8	0
0x1f14S0x1e03S0x1cb8	0x1f12V0x1e03V0x1cb8	0
0x1f18S0x1e03S0x1cb8	0x1f15V0x1e03V0x1cb8	1
0x1f18S0x1e03S0x1cb8	0x1f17V0x1e03V0x1cb8	0
0x1f19S0x1e03S0x1cb8	0x1f14V0x1e03V0x1cb8	1
0x1f19S0x1e03S0x1cb8	0x1f18V0x1e03V0x1cb8	0
0x1f1bS0x1e03S0x1cb8	0x1f0fV0x1e03V0x1cb8	0
0x1f1bS0x1e03S0x1cb8	0x1f19V0x1e03V0x1cb8	1
0x1f28S0x1e03S0x1cb8	0x1f0fV0x1e03V0x1cb8	0
0x1f28S0x1e03S0x1cb8	0x1f25V0x1e03V0x1cb8	1
0x1f40S0x1e03S0x1cb8	0x1f3eV0x1e03V0x1cb8	0
0x1f66S0x1e03S0x1cb8	0x1f40V0x1e03V0x1cb8	1
0x1f66S0x1e03S0x1cb8	0x1f64V0x1e03V0x1cb8	0
0x1f9dS0x1e03S0x1cb8	0x1f9bV0x1e03V0x1cb8	0
0x1fc3S0x1e03S0x1cb8	0x1f9dV0x1e03V0x1cb8	1
0x1fc3S0x1e03S0x1cb8	0x1fc1V0x1e03V0x1cb8	0
0x1e84S0x1e03S0x1cb8	0x1cf6	1
0x1e84S0x1e03S0x1cb8	0x1e6fV0x1e03V0x1cb8	0
0x1e88S0x1e03S0x1cb8	0x1e6bV0x1e03V0x1cb8	2
0x1e88S0x1e03S0x1cb8	0x1e84V0x1e03V0x1cb8	1
0x1e88S0x1e03S0x1cb8	0x1e85V0x1e03V0x1cb8	0
0x1ee3S0x1e03S0x1cb8	0x1cf6	1
0x1ee3S0x1e03S0x1cb8	0x1eceV0x1e03V0x1cb8	0
0x1ee7S0x1e03S0x1cb8	0x1ee5V0x1e03V0x1cb8	0
0x1ec2S0x1e03S0x1cb8	0x1ec0V0x1e03V0x1cb8	0
0x1ec5S0x1e03S0x1cb8	0x1ec2V0x1e03V0x1cb8	1
0x1ec5S0x1e03S0x1cb8	0x2b57V0x1e8eV0x1e03V0x1cb8	0
0x1ef6S0x1e03S0x1cb8	0x1ef4V0x1e03V0x1cb8	0
0x1ef9S0x1e03S0x1cb8	0x1ef6V0x1e03V0x1cb8	1
0x1ef9S0x1e03S0x1cb8	0x2750V0x1ec8V0x1e03V0x1cb8	0
0x1effS0x1e03S0x1cb8	0x1ee3V0x1e03V0x1cb8	1
0x1effS0x1e03S0x1cb8	0x1ef2V0x1e03V0x1cb8	6
0x1effS0x1e03S0x1cb8	0x1ef6V0x1e03V0x1cb8	3
0x1effS0x1e03S0x1cb8	0x1ef6V0x1e03V0x1cb8	5
0x1effS0x1e03S0x1cb8	0x1ef9V0x1e03V0x1cb8	4
0x1effS0x1e03S0x1cb8	0x1efbV0x1e03V0x1cb8	2
0x1effS0x1e03S0x1cb8	0x1efeV0x1e03V0x1cb8	0
0x1f08S0x1e03S0x1cb8	0x1f03V0x1e03V0x1cb8	0
0x1f08S0x1e03S0x1cb8	0x1f05V0x1e03V0x1cb8	1
0x1f7cS0x1e03S0x1cb8	0x1f78_0x0V0x1e03V0x1cb8	0
0x1f7dS0x1e03S0x1cb8	0x1f79V0x1e03V0x1cb8	1
0x1f7dS0x1e03S0x1cb8	0x1f7cV0x1e03V0x1cb8	0
0x1f7eS0x1e03S0x1cb8	0x1f7dV0x1e03V0x1cb8	0
0x1f78_0x0S0x1e03S0x1cb8	0x1f0fV0x1e03V0x1cb8	-1
0x1f78_0x0S0x1e03S0x1cb8	0x1f2fV0x1e03V0x1cb8	-1
0x1f72S0x1e03S0x1cb8	0x1f70V0x1e03V0x1cb8	0
0x1f75S0x1e03S0x1cb8	0x1f72V0x1e03V0x1cb8	1
0x1f75S0x1e03S0x1cb8	0x294bV0x1f3eV0x1e03V0x1cb8	0
0x1fcfS0x1e03S0x1cb8	0x1fcdV0x1e03V0x1cb8	0
0x1fd2S0x1e03S0x1cb8	0x1fcfV0x1e03V0x1cb8	1
0x1fd2S0x1e03S0x1cb8	0x2ad7V0x1f9bV0x1e03V0x1cb8	0
0x1f87S0x1e03S0x1cb8	0x1f85V0x1e03V0x1cb8	0
0x1f87S0x1e03S0x1cb8	0x1f83_0x0V0x1e03V0x1cb8	1
0x1f89S0x1e03S0x1cb8	0x1f83_0x0V0x1e03V0x1cb8	0
0x1f8bS0x1e03S0x1cb8	0x1f87V0x1e03V0x1cb8	0
0x1f8bS0x1e03S0x1cb8	0x1f89V0x1e03V0x1cb8	1
0x1f83_0x0S0x1e03S0x1cb8	0x1f0fV0x1e03V0x1cb8	-1
0x1f83_0x0S0x1e03S0x1cb8	0x1f2fV0x1e03V0x1cb8	-1
0x2f3fS0x1e8eS0x1e03S0x1cb8	0x1eb6V0x1e03V0x1cb8	0
0x2f3fS0x1e8eS0x1e03S0x1cb8	0x2f3cV0x1e8eV0x1e03V0x1cb8	1
0x2f44S0x1e8eS0x1e03S0x1cb8	0x1eb6V0x1e03V0x1cb8	1
0x2f44S0x1e8eS0x1e03S0x1cb8	0x2f3fV0x1e8eV0x1e03V0x1cb8	0
0x2f48S0x1e8eS0x1e03S0x1cb8	0x1eb6V0x1e03V0x1cb8	0
0x2f48S0x1e8eS0x1e03S0x1cb8	0x2f45V0x1e8eV0x1e03V0x1cb8	1
0x2b52S0x1e8eS0x1e03S0x1cb8	0x2b4fV0x1e8eV0x1e03V0x1cb8	1
0x2b52S0x1e8eS0x1e03S0x1cb8	0x30d1V0x2b1eV0x1e8eV0x1e03V0x1cb8	0
0x2b57S0x1e8eS0x1e03S0x1cb8	0x2b54V0x1e8eV0x1e03V0x1cb8	1
0x2b57S0x1e8eS0x1e03S0x1cb8	0x30d1V0x2b1eV0x1e8eV0x1e03V0x1cb8	0
0x30d1S0x2b1eS0x1e8eS0x1e03S0x1cb8	0x2f3fV0x1e8eV0x1e03V0x1cb8	0
0x30d1S0x2b1eS0x1e8eS0x1e03S0x1cb8	0x30ceV0x2b1eV0x1e8eV0x1e03V0x1cb8	1
0x2e5fS0x1f3eS0x1e03S0x1cb8	0x1f66V0x1e03V0x1cb8	0
0x2e5fS0x1f3eS0x1e03S0x1cb8	0x2e5cV0x1f3eV0x1e03V0x1cb8	1
0x2e64S0x1f3eS0x1e03S0x1cb8	0x1f66V0x1e03V0x1cb8	1
0x2e64S0x1f3eS0x1e03S0x1cb8	0x2e5fV0x1f3eV0x1e03V0x1cb8	0
0x2e68S0x1f3eS0x1e03S0x1cb8	0x1f66V0x1e03V0x1cb8	0
0x2e68S0x1f3eS0x1e03S0x1cb8	0x2e65V0x1f3eV0x1e03V0x1cb8	1
0x2946S0x1f3eS0x1e03S0x1cb8	0x2943V0x1f3eV0x1e03V0x1cb8	1
0x2946S0x1f3eS0x1e03S0x1cb8	0x30d1V0x2912V0x1f3eV0x1e03V0x1cb8	0
0x294bS0x1f3eS0x1e03S0x1cb8	0x2948V0x1f3eV0x1e03V0x1cb8	1
0x294bS0x1f3eS0x1e03S0x1cb8	0x30d1V0x2912V0x1f3eV0x1e03V0x1cb8	0
0x30d1S0x2912S0x1f3eS0x1e03S0x1cb8	0x2e5fV0x1f3eV0x1e03V0x1cb8	0
0x30d1S0x2912S0x1f3eS0x1e03S0x1cb8	0x30ceV0x2912V0x1f3eV0x1e03V0x1cb8	1
0x2effS0x1f9bS0x1e03S0x1cb8	0x1fc3V0x1e03V0x1cb8	0
0x2effS0x1f9bS0x1e03S0x1cb8	0x2efcV0x1f9bV0x1e03V0x1cb8	1
0x2f04S0x1f9bS0x1e03S0x1cb8	0x1fc3V0x1e03V0x1cb8	1
0x2f04S0x1f9bS0x1e03S0x1cb8	0x2effV0x1f9bV0x1e03V0x1cb8	0
0x2f08S0x1f9bS0x1e03S0x1cb8	0x1fc3V0x1e03V0x1cb8	0
0x2f08S0x1f9bS0x1e03S0x1cb8	0x2f05V0x1f9bV0x1e03V0x1cb8	1
0x2aacS0x1f9bS0x1e03S0x1cb8	0x2aa9V0x1f9bV0x1e03V0x1cb8	1
0x2aacS0x1f9bS0x1e03S0x1cb8	0x30d1V0x2a78V0x1f9bV0x1e03V0x1cb8	0
0x2ad2S0x1f9bS0x1e03S0x1cb8	0x2acfV0x1f9bV0x1e03V0x1cb8	1
0x2ad2S0x1f9bS0x1e03S0x1cb8	0x30d1V0x2a78V0x1f9bV0x1e03V0x1cb8	0
0x2ad7S0x1f9bS0x1e03S0x1cb8	0x2ad4V0x1f9bV0x1e03V0x1cb8	1
0x2ad7S0x1f9bS0x1e03S0x1cb8	0x30d1V0x2a78V0x1f9bV0x1e03V0x1cb8	0
0x30d1S0x2a78S0x1f9bS0x1e03S0x1cb8	0x2effV0x1f9bV0x1e03V0x1cb8	0
0x30d1S0x2a78S0x1f9bS0x1e03S0x1cb8	0x30ceV0x2a78V0x1f9bV0x1e03V0x1cb8	1
0x308dS0x1ec8S0x1e03S0x1cb8	0x1e06V0x1cb8	0
0x2748S0x1ec8S0x1e03S0x1cb8	0x1e06V0x1cb8	0
0x2748S0x1ec8S0x1e03S0x1cb8	0x2745V0x1ec8V0x1e03V0x1cb8	1
0x2750S0x1ec8S0x1e03S0x1cb8	0x1ee7V0x1e03V0x1cb8	0
0x2750S0x1ec8S0x1e03S0x1cb8	0x308dV0x1ec8V0x1e03V0x1cb8	1
0x316eS0x273dS0x1ec8S0x1e03S0x1cb8	0x1ee7V0x1e03V0x1cb8	0
0x316eS0x273dS0x1ec8S0x1e03S0x1cb8	0x308dV0x1ec8V0x1e03V0x1cb8	1
0x3164S0x273dS0x1ec8S0x1e03S0x1cb8	0x308dV0x1ec8V0x1e03V0x1cb8	1
0x3164S0x273dS0x1ec8S0x1e03S0x1cb8	0x3161_0x0V0x273dV0x1ec8V0x1e03V0x1cb8	0
0x3165S0x273dS0x1ec8S0x1e03S0x1cb8	0x3164V0x273dV0x1ec8V0x1e03V0x1cb8	0
0x3161_0x0S0x273dS0x1ec8S0x1e03S0x1cb8	0x3144V0x273dV0x1ec8V0x1e03V0x1cb8	-1
0x3161_0x0S0x273dS0x1ec8S0x1e03S0x1cb8	0x315aV0x273dV0x1ec8V0x1e03V0x1cb8	-1
0x3149S0x273dS0x1ec8S0x1e03S0x1cb8	0x308dV0x1ec8V0x1e03V0x1cb8	1
0x3149S0x273dS0x1ec8S0x1e03S0x1cb8	0x3146_0x0V0x273dV0x1ec8V0x1e03V0x1cb8	0
0x314aS0x273dS0x1ec8S0x1e03S0x1cb8	0x3149V0x273dV0x1ec8V0x1e03V0x1cb8	0
0x3146_0x0S0x273dS0x1ec8S0x1e03S0x1cb8	0x3144V0x273dV0x1ec8V0x1e03V0x1cb8	-1
0x3146_0x0S0x273dS0x1ec8S0x1e03S0x1cb8	0x315aV0x273dV0x1ec8V0x1e03V0x1cb8	-1
0x3151S0x273dS0x1ec8S0x1e03S0x1cb8	0x2748V0x1ec8V0x1e03V0x1cb8	0
0x3151S0x273dS0x1ec8S0x1e03S0x1cb8	0x314f_0x0V0x273dV0x1ec8V0x1e03V0x1cb8	1
0x3152S0x273dS0x1ec8S0x1e03S0x1cb8	0x3151V0x273dV0x1ec8V0x1e03V0x1cb8	0
0x3155S0x273dS0x1ec8S0x1e03S0x1cb8	0x1ee7V0x1e03V0x1cb8	0
0x3155S0x273dS0x1ec8S0x1e03S0x1cb8	0x314f_0x0V0x273dV0x1ec8V0x1e03V0x1cb8	1
0x315aS0x273dS0x1ec8S0x1e03S0x1cb8	0x3157V0x273dV0x1ec8V0x1e03V0x1cb8	1
0x315aS0x273dS0x1ec8S0x1e03S0x1cb8	0x314f_0x0V0x273dV0x1ec8V0x1e03V0x1cb8	0
0x314f_0x0S0x273dS0x1ec8S0x1e03S0x1cb8	0x3144V0x273dV0x1ec8V0x1e03V0x1cb8	-1
0x314f_0x0S0x273dS0x1ec8S0x1e03S0x1cb8	0x315aV0x273dV0x1ec8V0x1e03V0x1cb8	-1
0x24dcS0x1f83B0x1e03S0x1cb8	0x1f87V0x1e03V0x1cb8	0
0x24dcS0x1f83B0x1e03S0x1cb8	0x24d4V0x1f83B0x1e03V0x1cb8	1
0x24c8S0x1f83B0x1e03S0x1cb8	0x1f87V0x1e03V0x1cb8	1
0x24c8S0x1f83B0x1e03S0x1cb8	0x1f8bV0x1e03V0x1cb8	0
0x24c9S0x1f83B0x1e03S0x1cb8	0x24c4V0x1f83B0x1e03V0x1cb8	1
0x24c9S0x1f83B0x1e03S0x1cb8	0x24c8V0x1f83B0x1e03V0x1cb8	0
0x24caS0x1f83B0x1e03S0x1cb8	0x24c9V0x1f83B0x1e03V0x1cb8	0
0x2224S0x24d3S0x1f83B0x1e03S0x1cb8	0x24dcV0x1f83B0x1e03V0x1cb8	0
0x31b3S0x2220S0x24d3S0x1f83B0x1e03S0x1cb8	0x2224V0x24d3V0x1f83B0x1e03V0x1cb8	0
0x31b3S0x2220S0x24d3S0x1f83B0x1e03S0x1cb8	0x30fbV0x31a8V0x2220V0x24d3V0x1f83B0x1e03V0x1cb8	1
0x30faS0x31a8S0x2220S0x24d3S0x1f83B0x1e03S0x1cb8	0x2224V0x24d3V0x1f83B0x1e03V0x1cb8	0
0x30fbS0x31a8S0x2220S0x24d3S0x1f83B0x1e03S0x1cb8	0x30faV0x31a8V0x2220V0x24d3V0x1f83B0x1e03V0x1cb8	0
0x25ecS0x470	0x474	1
0x25ecS0x470	0x47a	0
0x25edS0x470	0x25e8V0x470	1
0x25edS0x470	0x25ecV0x470	0
0x25eeS0x470	0x25edV0x470	0
0x2600S0x470	0x474	0
0x2600S0x470	0x25f8V0x470	1
0x2611S0x470	0x474	0
0x2611S0x470	0x2609V0x470	1
0x2622S0x470	0x474	0
0x2622S0x470	0x261aV0x470	1
0x2633S0x470	0x474	0
0x2633S0x470	0x262bV0x470	1
0x263fS0x470	0x474	0
0x263fS0x470	0x263cV0x470	1
0x2640S0x470	0x263fV0x470	0
0x264bS0x470	0x2640V0x470	0
0x264bS0x470	0x2641V0x470	1
0x264cS0x470	0x264bV0x470	0
0x265cS0x470	0x474	0
0x265cS0x470	0x2640V0x470	1
0x2316S0x25f7S0x470	0x2600V0x470	0
0x2316S0x2616S0x470	0x2622V0x470	0
0x2316S0x2627S0x470	0x2633V0x470	0
0x31e1S0x2312B0x25f7S0x470	0x2316V0x25f7V0x470	0
0x31e1S0x2312B0x25f7S0x470	0x2316V0x25f7V0x470	1
0x31e1S0x2312B0x2616S0x470	0x2316V0x2616V0x470	0
0x31e1S0x2312B0x2616S0x470	0x2316V0x2616V0x470	1
0x31e1S0x2312B0x2627S0x470	0x2316V0x2627V0x470	0
0x31e1S0x2312B0x2627S0x470	0x2316V0x2627V0x470	1
0x2086S0x2605S0x470	0x2611V0x470	0
0x319cS0x2082S0x2605S0x470	0x2086V0x2605V0x470	0
0x319cS0x2082S0x2605S0x470	0x3125V0x3191V0x2082V0x2605V0x470	1
0x3125S0x3191S0x2082S0x2605S0x470	0x2086V0x2605V0x470	0
0x3125S0x3191S0x2082S0x2605S0x470	0x310fV0x3191V0x2082V0x2605V0x470	1
0x212dS0x2655S0x470	0x265cV0x470	0
0x2148S0x2655S0x470	0x265cV0x470	0
0x2148S0x2655S0x470	0x2145V0x2655V0x470	1
0x214eS0x2655S0x470	0x214bV0x2655V0x470	1
0x214eS0x2655S0x470	0x2fa2V0x2139V0x2655V0x470	0
0x2156S0x2655S0x470	0x212dV0x2655V0x470	0
0x2156S0x2655S0x470	0x2153V0x2655V0x470	1
0x2158S0x2655S0x470	0x2148V0x2655V0x470	0
0x2158S0x2655S0x470	0x2156V0x2655V0x470	1
0x2159S0x2655S0x470	0x47a	1
0x2159S0x2655S0x470	0x2158V0x2655V0x470	0
0x215aS0x2655S0x470	0x2159V0x2655V0x470	0
0x2fffS0x2655S0x470	0x212dV0x2655V0x470	0
0x2fffS0x2655S0x470	0x2ff5V0x2655V0x470	1
0x3000S0x2655S0x470	0x2fffV0x2655V0x470	0
0x217fS0x2655S0x470	0x217cV0x2655V0x470	1
0x217fS0x2655S0x470	0x2179_0x4V0x2655V0x470	0
0x2185S0x2655S0x470	0x2182V0x2655V0x470	1
0x2185S0x2655S0x470	0x2179_0x3V0x2655V0x470	0
0x218cS0x2655S0x470	0x2189V0x2655V0x470	1
0x218cS0x2655S0x470	0x2179_0x2V0x2655V0x470	0
0x2179_0x2S0x2655S0x470	0x2164V0x2655V0x470	-1
0x2179_0x2S0x2655S0x470	0x218cV0x2655V0x470	-1
0x2179_0x3S0x2655S0x470	0x2148V0x2655V0x470	-1
0x2179_0x3S0x2655S0x470	0x2185V0x2655V0x470	-1
0x2179_0x4S0x2655S0x470	0x214eV0x2655V0x470	-1
0x2179_0x4S0x2655S0x470	0x217fV0x2655V0x470	-1
0x22a5S0x2655S0x470	0x47a	0
0x22a5S0x2655S0x470	0x229e_0x0V0x2655V0x470	1
0x22a6S0x2655S0x470	0x22a1V0x2655V0x470	1
0x22a6S0x2655S0x470	0x22a5V0x2655V0x470	0
0x22a7S0x2655S0x470	0x22a6V0x2655V0x470	0
0x229e_0x0S0x2655S0x470	0x2148V0x2655V0x470	-1
0x229e_0x0S0x2655S0x470	0x2185V0x2655V0x470	-1
0x2169S0x2655S0x470	0x212dV0x2655V0x470	1
0x2169S0x2655S0x470	0x2166_0x0V0x2655V0x470	0
0x216aS0x2655S0x470	0x2169V0x2655V0x470	0
0x2166_0x0S0x2655S0x470	0x2164V0x2655V0x470	-1
0x2166_0x0S0x2655S0x470	0x218cV0x2655V0x470	-1
0x22c5S0x2655S0x470	0x22bdV0x2655V0x470	1
0x22c5S0x2655S0x470	0x22ba_0x2V0x2655V0x470	0
0x22ba_0x2S0x2655S0x470	0x2148V0x2655V0x470	-1
0x22ba_0x2S0x2655S0x470	0x2185V0x2655V0x470	-1
0x22ceS0x2655S0x470	0x22cbV0x2655V0x470	1
0x22ceS0x2655S0x470	0x2fa2V0x22b0V0x2655V0x470	0
0x22d9S0x2655S0x470	0x22d1V0x2655V0x470	1
0x22d9S0x2655S0x470	0x22ca_0x3V0x2655V0x470	0
0x22ca_0x3S0x2655S0x470	0x2148V0x2655V0x470	-1
0x22ca_0x3S0x2655S0x470	0x2185V0x2655V0x470	-1
0x22e2S0x2655S0x470	0x22dfV0x2655V0x470	1
0x22e2S0x2655S0x470	0x2fa2V0x22b0V0x2655V0x470	0
0x22edS0x2655S0x470	0x22e5V0x2655V0x470	1
0x22edS0x2655S0x470	0x22de_0x3V0x2655V0x470	0
0x22de_0x3S0x2655S0x470	0x2148V0x2655V0x470	-1
0x22de_0x3S0x2655S0x470	0x2185V0x2655V0x470	-1
0x22f6S0x2655S0x470	0x22f3V0x2655V0x470	1
0x22f6S0x2655S0x470	0x2fa2V0x22b0V0x2655V0x470	0
0x2301S0x2655S0x470	0x22f9V0x2655V0x470	1
0x2301S0x2655S0x470	0x22f2_0x3V0x2655V0x470	0
0x22f2_0x3S0x2655S0x470	0x2148V0x2655V0x470	-1
0x22f2_0x3S0x2655S0x470	0x2185V0x2655V0x470	-1
0x230aS0x2655S0x470	0x2307V0x2655V0x470	1
0x230aS0x2655S0x470	0x2fa2V0x22b0V0x2655V0x470	0
0x2121S0x2655S0x470	0x265cV0x470	0
0x2121S0x2655S0x470	0x211eV0x2655V0x470	1
0x2122S0x2655S0x470	0x47a	1
0x2122S0x2655S0x470	0x2121V0x2655V0x470	0
0x300dS0x2655S0x470	0x212dV0x2655V0x470	0
0x300dS0x2655S0x470	0x300aV0x2655V0x470	1
0x3013S0x2655S0x470	0x300dV0x2655V0x470	0
0x3013S0x2655S0x470	0x3010V0x2655V0x470	1
0x2fa2S0x2139S0x2655S0x470	0x2fa0V0x2139V0x2655V0x470	0
0x2fa7S0x2139S0x2655S0x470	0x3013V0x2655V0x470	1
0x2fa7S0x2139S0x2655S0x470	0x2fa2V0x2139V0x2655V0x470	0
0x2faaS0x2139S0x2655S0x470	0x2fa2V0x2139V0x2655V0x470	1
0x2faaS0x2139S0x2655S0x470	0x2fa7V0x2139V0x2655V0x470	0
0x2fb5S0x2139S0x2655S0x470	0x2fa7V0x2139V0x2655V0x470	0
0x2fb5S0x2139S0x2655S0x470	0x2fabV0x2139V0x2655V0x470	1
0x2fb6S0x2139S0x2655S0x470	0x2faaV0x2139V0x2655V0x470	1
0x2fb6S0x2139S0x2655S0x470	0x2fb5V0x2139V0x2655V0x470	0
0x2fb7S0x2139S0x2655S0x470	0x2fb6V0x2139V0x2655V0x470	0
0x2fa2S0x22b0S0x2655S0x470	0x2fa0V0x22b0V0x2655V0x470	0
0x2fa7S0x22b0S0x2655S0x470	0x22b4V0x2655V0x470	1
0x2fa7S0x22b0S0x2655S0x470	0x2fa2V0x22b0V0x2655V0x470	0
0x2faaS0x22b0S0x2655S0x470	0x2fa2V0x22b0V0x2655V0x470	1
0x2faaS0x22b0S0x2655S0x470	0x2fa7V0x22b0V0x2655V0x470	0
0x2fb5S0x22b0S0x2655S0x470	0x2fa7V0x22b0V0x2655V0x470	0
0x2fb5S0x22b0S0x2655S0x470	0x2fabV0x22b0V0x2655V0x470	1
0x2fb6S0x22b0S0x2655S0x470	0x2faaV0x22b0V0x2655V0x470	1
0x2fb6S0x22b0S0x2655S0x470	0x2fb5V0x22b0V0x2655V0x470	0
0x2fb7S0x22b0S0x2655S0x470	0x2fb6V0x22b0V0x2655V0x470	0
0x2086S0x22baS0x2655S0x470	0x22c5V0x2655V0x470	0
0x319cS0x2082S0x22baS0x2655S0x470	0x2086V0x22baV0x2655V0x470	0
0x319cS0x2082S0x22baS0x2655S0x470	0x3125V0x3191V0x2082V0x22baV0x2655V0x470	1
0x3125S0x3191S0x2082S0x22baS0x2655S0x470	0x2086V0x22baV0x2655V0x470	0
0x3125S0x3191S0x2082S0x22baS0x2655S0x470	0x310fV0x3191V0x2082V0x22baV0x2655V0x470	1
0x2340S0x22caS0x2655S0x470	0x22d9V0x2655V0x470	0
0x31f8S0x233cS0x22caS0x2655S0x470	0x2340V0x22caV0x2655V0x470	0
0x31f8S0x233cS0x22caS0x2655S0x470	0x313cV0x31edV0x233cV0x22caV0x2655V0x470	1
0x313cS0x31edS0x233cS0x22caS0x2655S0x470	0x2340V0x22caV0x2655V0x470	0
0x313cS0x31edS0x233cS0x22caS0x2655S0x470	0x3139V0x31edV0x233cV0x22caV0x2655V0x470	1
0x2239S0x22deS0x2655S0x470	0x22edV0x2655V0x470	0
0x31caS0x2235S0x22deS0x2655S0x470	0x2239V0x22deV0x2655V0x470	0
0x31caS0x2235S0x22deS0x2655S0x470	0x2239V0x22deV0x2655V0x470	1
0x2239S0x22f2S0x2655S0x470	0x2301V0x2655V0x470	0
0x31caS0x2235S0x22f2S0x2655S0x470	0x2239V0x22f2V0x2655V0x470	0
0x31caS0x2235S0x22f2S0x2655S0x470	0x2239V0x22f2V0x2655V0x470	1
0x347	0x344	0
0x3f1	0x3ee	0
0x1ee	0x1eb	0
0x454	0x451	0
0x484	0x481	0
0x4f4	0x4f1	0
0x186	0x183	0
0x2ee	0x2eb	0
0x4ad	0x4aa	0
0x342	0x33f	0
0x3bc	0x3b9	0
0x286	0x283	0
0x557	0x554	0
0x256	0x253	0
0x37f	0x37c	0
0x3ec	0x3e9	0
0x15a3	0x15a0	0
0xeb9	0xeb6	0
0x17f6	0x17f3	0
0x1905	0x1902	0
0x15b	0x158	0
0x4d6	0x4d3	0
0x52c	0x529	0
0x200	0x1fd	0
0x466	0x463	0
0x22b	0x228	0
0x2c3	0x2c0	0
0x429	0x426	0
0xe69	0xe66	0
0x17a6	0x17a3	0
0x18b5	0x18b2	0
0x15c6	0x15c3	0
0x1010	0x100d	0
0x10c1	0x10be	0
0x198	0x195	0
0x1c3	0x1c0	0
0x268	0x265	0
0x298	0x295	0
0x354	0x351	0
0x391	0x38e	0
0x3ce	0x3cb	0
0x3fe	0x3fb	0
0x501	0x4fe	0
0x569	0x566	0
0x1337	0x1334	0
0x1a0d	0x1a0a	0
0x83f	0x83c	0
0x1266	0x1263	0
0xbf40x39b	0x39b0xbf1	0
0x1c4c0x470	0x4700x1c49	0
0x317	0x314	0
0x201a	0x2017	0
0x1156	0x1153	0
0xef2	0xeef	0
0x1c9c	0x1c99	0
0x182f	0x182c	0
0xfa5	0xfa2	0
0xddf	0xddc	0
0x11db	0x11d8	0
0x13b2	0x13af	0
0x1aed	0x1aea	0
0xb0b0x39b	0x39b0xb08	0
0x1365	0x1362	0
0x1aa0	0x1a9d	0
0x19c8	0x19c5	0
0x1454	0x1451	0
0x15b2	0x15af	0
0x2f3	0x2f0	0
0x4b2	0x49a	3
0x4b2	0x4af	0
0x4b2	0x2086V0x238dV0x498	2
0x4b2	0x2086V0x239bV0x498	1
0x70e	0x708	1
0x70e	0x70b	0
0x718	0x710	3
0x718	0x715	0
0x718	0x705arg0x3	2
0x718	0x705arg0x0	1
0xd44	0xd3e	1
0xd44	0xd41	0
0x12ef	0x12e7	3
0x12ef	0x12ec	0
0x12ef	0x2316V0x2627V0x470	1
0x12ef	0x2086V0x2605V0x470	2
0x1a67	0x1a66	0
0x1d04	0x1d03	0
0x2bb8	0x2bb5	0
0x2bc8	0x2bc5	0
0x87250	0x87230	0
0x87c50	0x87c30	0
0x88650	0x88630	0
0x89050	0x89030	0
0x89a50	0x89a30	0
0x8a450	0x8a430	0
0x8ae50	0x8ae30	0
0x8b850	0x8b830	0
0x8c250	0x8c230	0
0x8cc50	0x8cc30	0
0x8d650	0x8d630	0
0x8e050	0x8e030	0
0x8ea50	0x8ea30	0
0x8f450	0x8f430	0
0x8fe50	0x8fe30	0
0x90850	0x90830	0
0x91250	0x91230	0
0x91c50	0x91c30	0
0x92650	0x92630	0
0x93050	0x93030	0
0x93a50	0x93a30	0
0x94450	0x94430	0
0x94e50	0x94e30	0
0x6e	0x6b	0
0xaa	0xa7	0
0xfc	0xf9	0
0x14e	0x14b	0
0x18b	0x188	0
0x1b6	0x1b3	0
0x21e	0x21b	0
0x25b	0x258	0
0x2b6	0x2b3	0
0x30a	0x307	0
0x384	0x381	0
0x3c1	0x3be	0
0x41c	0x419	0
0x489	0x486	0
0x4c9	0x4c6	0
0x51f	0x51c	0
0x55c	0x559	0
0x598	0x148	0
0x5b0	0x173	0
0x5b6	0x1b0	0
0x6d2	0x218	0
0x704	0x243	0
0x859	0x2b0	0
0x95e	0x304	0
0xa82	0x36c	0
0xc44	0x416	0
0xfbb	0xfb8	0
0x103f	0x103c	0
0x1205	0x1202	0
0x127e	0x127b	0
0x1347	0x471	0
0x162e	0x4c3	0
0x1706	0x519	0
0x172b	0x544	0
0x1ddb	0x1dd8	0
0x2036	0x1d9d	0
0x281e	0x281b	0
0x2851	0x2ba5	0
0x2bac	0x2ba9	0
0x2bd8	0x1036	0
0x30e3	0x2815	0
0x12420	0x12400	0
0x12e20	0x12e00	0
0x13820	0x13800	0
0x14220	0x14200	0
0x14c20	0x14c00	0
0x15620	0x15600	0
0x16020	0x16000	0
0x16a20	0x16a00	0
0x17420	0x17400	0
0x17e20	0x17e00	0
0x18820	0x18800	0
0x1a620	0x1a600	0
0xc020x39b	0x3a9	0
0x1c5a0x470	0x11e6	0
0x1d	0x19	1
0x1d	0x1a	0
0x28	0x24	1
0x28	0x25	0
0xb6	0xb2	1
0xb6	0xb3	0
0x141	0x13d	1
0x141	0x13e	0
0x16c	0x168	1
0x16c	0x169	0
0x1a9	0x1a5	1
0x1a9	0x1a6	0
0x1d4	0x1d0	1
0x1d4	0x1d1	0
0x211	0x20d	1
0x211	0x20e	0
0x23c	0x238	1
0x23c	0x239	0
0x2a9	0x2a5	1
0x2a9	0x2a6	0
0x2d4	0x2d0	1
0x2d4	0x2d1	0
0x2fd	0x2f9	1
0x2fd	0x2fa	0
0x328	0x324	1
0x328	0x325	0
0x365	0x361	1
0x365	0x362	0
0x3a2	0x39e	1
0x3a2	0x39f	0
0x40f	0x40b	1
0x40f	0x40c	0
0x43a	0x436	1
0x43a	0x437	0
0x493	0x48f	1
0x493	0x490	0
0x4bc	0x4b8	1
0x4bc	0x4b9	0
0x4e7	0x4e3	1
0x4e7	0x4e4	0
0x512	0x50e	1
0x512	0x50f	0
0x53d	0x539	1
0x53d	0x53a	0
0xdae	0xdaa	1
0xdae	0xdab	0
0xe7d	0xe79	1
0xe7d	0xe7a	0
0xe8c	0xe88	1
0xe8c	0xe89	0
0xec1	0xebd	1
0xec1	0xebe	0
0xf07	0xf03	1
0xf07	0xf04	0
0xf12	0xf0e	1
0xf12	0xf0f	0
0xf1c	0xf18	1
0xf1c	0xf19	0
0xf4a	0xf46	1
0xf4a	0xf47	0
0xf74	0xf70	1
0xf74	0xf71	0
0xfee	0xfea	1
0xfee	0xfeb	0
0x1067	0x1063	1
0x1067	0x1064	0
0x107f	0x107b	1
0x107f	0x107c	0
0x1097	0x1093	1
0x1097	0x1094	0
0x10da	0x10d6	1
0x10da	0x10d7	0
0x1125	0x1121	1
0x1125	0x1122	0
0x116a	0x1166	1
0x116a	0x1167	0
0x11aa	0x11a6	1
0x11aa	0x11a7	0
0x11f2	0x11ee	1
0x11f2	0x11ef	0
0x135d	0x1358	1
0x135d	0x135a	0
0x136c	0x1369	0
0x136c	0x1367_0x0	1
0x1381	0x137e	0
0x1381	0x137d_0x0	1
0x13d6	0x13d2	1
0x13d6	0x13d3	0
0x1562	0x155e	1
0x1562	0x155f	0
0x1571	0x156d	1
0x1571	0x156e	0
0x15e9	0x15e5	1
0x15e9	0x15e6	0
0x17ba	0x17b6	1
0x17ba	0x17b7	0
0x17c9	0x17c5	1
0x17c9	0x17c6	0
0x17fe	0x17fa	1
0x17fe	0x17fb	0
0x18c9	0x18c5	1
0x18c9	0x18c6	0
0x18d8	0x18d4	1
0x18d8	0x18d5	0
0x193d	0x1939	1
0x193d	0x193a	0
0x199f	0x199b	1
0x199f	0x199c	0
0x1a98	0x1a93	1
0x1a98	0x1a95	0
0x1aa7	0x1aa4	0
0x1aa7	0x1aa2_0x0	1
0x1abc	0x1ab9	0
0x1abc	0x1ab8_0x0	1
0x1b11	0x1b0d	1
0x1b11	0x1b0e	0
0x1b4d	0x1b49	1
0x1b4d	0x1b4a	0
0x1c6b	0x1c67	1
0x1c6b	0x1c68	0
0x1fe8	0x1fe2	1
0x1fe8	0x1fe5	0
0x2070	0x206c	1
0x2070	0x206d	0
0x78c30	0x8	1
0x78c30	0x78c10	0
0x79630	0x2f	1
0x79630	0x79610	0
0x7a030	0x3a	1
0x7a030	0x7a010	0
0x7aa30	0x45	1
0x7aa30	0x7aa10	0
0x7b430	0x50	1
0x7b430	0x7b410	0
0x7be30	0x5b	1
0x7be30	0x7be10	0
0x7c830	0x66	1
0x7c830	0x7c810	0
0x7d230	0x76	1
0x7d230	0x7d210	0
0x7dc30	0x81	1
0x7dc30	0x7dc10	0
0x7e630	0x8c	1
0x7e630	0x7e610	0
0x7f030	0x97	1
0x7f030	0x7f010	0
0x7fa30	0xa2	1
0x7fa30	0x7fa10	0
0x80430	0xbd	1
0x80430	0x80410	0
0x80e30	0xc8	1
0x80e30	0x80e10	0
0x81830	0xd3	1
0x81830	0x81810	0
0x82230	0xde	1
0x82230	0x82210	0
0x82c30	0xe9	1
0x82c30	0x82c10	0
0x83630	0xf4	1
0x83630	0x83610	0
0x84030	0x104	1
0x84030	0x84010	0
0x84a30	0x10f	1
0x84a30	0x84a10	0
0x85430	0x11a	1
0x85430	0x85410	0
0x85e30	0x125	1
0x85e30	0x85e10	0
0x86830	0x130	1
0x86830	0x86810	0
0xada0x39b	0x39b0xad7	0
0xada0x39b	0x39b0xad6	1
0x84f	0x76d	1
0x84f	0x705arg0x4	0
0x1a18	0x172carg0x0	0
0x1a6b	0x1a19arg0x2	0
0x1caf	0x1c61	1
0x1caf	0x1c5barg0x2	0
0x1d08	0x1cb8arg0x2	0
0x1de3	0x202a	1
0x1de3	0x1d9aarg0x2	0
0x3c488	0x1348arg0x2	0
0x3c4aa	0x1a83arg0x0	0
0x3c4f7	0x206a	1
0x3c4f7	0x2037arg0x1	0
0x3c564	0x1348arg0x2	0
0x3c586	0x1a83arg0x0	0
0x3c5d3	0x2078	1
0x3c5d3	0x2037arg0x1	0
0xbfd0x39b	0x39b0xbfb	1
0xbfd0x39b	0x39b0xbf8	0
0xbfd0x39b	0x39b0xbc5	2
0xbfd0x39b	0x39b0xbc4	3
0x1c550x470	0x4700x1c53	1
0x1c550x470	0x4700x1c50	0
0x1c550x470	0x4700x1c1d	2
0x1c550x470	0x4700x1c1c	3
0x1a16	0x19c1	4
0x1a16	0x19df	3
0x1a16	0x19e0	2
0x1a16	0x1a11	0
0x1a16	0x1a14	1
0x848	0x7f7	5
0x848	0x80f	3
0x848	0x810	2
0x848	0x843	0
0x848	0x846	1
0x848	0x705arg0x2	4
0x126f	0x121e	5
0x126f	0x1236	3
0x126f	0x1237	2
0x126f	0x126a	0
0x126f	0x126d	1
0x126f	0x2316V0x2616V0x470	4
0x1340	0x1308	4
0x1340	0x130a	2
0x1340	0x133b	0
0x1340	0x133e	1
0x1340	0x2316V0x25f7V0x470	3
0x1340	0x2316V0x2616V0x470	5
0x164	0x15f	0
0x164	0x162	1
0x1a1	0x19c	0
0x1a1	0x19f	1
0x1cc	0x1c7	0
0x1cc	0x1ca	1
0x209	0x204	0
0x209	0x207	1
0x234	0x22f	0
0x234	0x232	1
0x271	0x26c	0
0x271	0x26f	1
0x2a1	0x29c	0
0x2a1	0x29f	1
0x2cc	0x2c7	0
0x2cc	0x2ca	1
0x320	0x31b	0
0x320	0x31e	1
0x35d	0x358	0
0x35d	0x35b	1
0x39a	0x395	0
0x39a	0x398	1
0x3d7	0x3d2	0
0x3d7	0x3d5	1
0x407	0x402	0
0x407	0x405	1
0x432	0x42d	0
0x432	0x430	1
0x46f	0x46a	0
0x46f	0x46d	1
0x4df	0x4da	0
0x4df	0x4dd	1
0x50a	0x505	0
0x50a	0x508	1
0x535	0x530	0
0x535	0x533	1
0x572	0x56d	0
0x572	0x570	1
0x139	0x136	0
0x139	0x136	1
0x145	0x142	0
0x145	0x142	1
0x170	0x16d	0
0x170	0x16d	1
0x1ad	0x1aa	0
0x1ad	0x1aa	1
0x1d8	0x1d5	0
0x1d8	0x1d5	1
0x215	0x212	0
0x215	0x212	1
0x240	0x23d	0
0x240	0x23d	1
0x2ad	0x2aa	0
0x2ad	0x2aa	1
0x2d8	0x2d5	0
0x2d8	0x2d5	1
0x301	0x2fe	0
0x301	0x2fe	1
0x32c	0x329	0
0x32c	0x329	1
0x369	0x366	0
0x369	0x366	1
0x3a6	0x3a3	0
0x3a6	0x3a3	1
0x413	0x410	0
0x413	0x410	1
0x43e	0x43b	0
0x43e	0x43b	1
0x497	0x494	0
0x497	0x494	1
0x4c0	0x4bd	0
0x4c0	0x4bd	1
0x4eb	0x4e8	0
0x4eb	0x4e8	1
0x516	0x513	0
0x516	0x513	1
0x541	0x53e	0
0x541	0x53e	1
0xde8	0xde3	0
0xde8	0xde6	1
0xe81	0xe7e	0
0xe81	0xe7e	1
0xe95	0xe92	1
0xe95	0xe93	0
0xefb	0xef6	0
0xefb	0xef9	1
0xfae	0xfa9	0
0xfae	0xfac	1
0x10e3	0x10e0	1
0x10e3	0x10e1	0
0x115f	0x115a	0
0x115f	0x115d	1
0x11e4	0x11df	0
0x11e4	0x11e2	1
0x13bb	0x13b6	0
0x13bb	0x13b9	1
0x1566	0x1563	0
0x1566	0x1563	1
0x157a	0x1577	1
0x157a	0x1578	0
0x17be	0x17bb	0
0x17be	0x17bb	1
0x17d2	0x17cf	1
0x17d2	0x17d0	0
0x1838	0x1833	0
0x1838	0x1836	1
0x18cd	0x18ca	0
0x18cd	0x18ca	1
0x18e1	0x18de	1
0x18e1	0x18df	0
0x19a8	0x19a5	1
0x19a8	0x19a6	0
0x1af6	0x1af1	0
0x1af6	0x1af4	1
0x1ca5	0x1ca0	0
0x1ca5	0x1ca3	1
0x2023	0x201e	0
0x2023	0x2021	1
0x6484	0x6481	0
0x6484	0x6481	1
0x64a8	0x64a5	0
0x64a8	0x64a5	1
0x64cc	0x64c9	0
0x64cc	0x64c9	1
0x64f0	0x64ed	0
0x64f0	0x64ed	1
0xb140x39b	0x39b0xb12	1
0xb140x39b	0x39b0xb0f	0
0x59e	0x59a	1
0x59e	0x59c	0
0x5a2	0x5a0	0
0x5a2	0x2086V0x2363V0x171	1
0x6d8	0x6d4	1
0x6d8	0x6d6	0
0x6dc	0x6da	0
0x6dc	0x2316V0x25a5V0x241	1
0x6e4	0x6e1	1
0x6e4	0x6e2	0
0x6e8	0x6e6	0
0x6e8	0x2086V0x25b3V0x241	1
0x6f0	0x6ed	1
0x6f0	0x6ee	0
0x6f4	0x6f2	0
0x6f4	0x2316V0x25c4V0x241	1
0x720	0x71c	0
0x720	0x705arg0x2	1
0x726	0x71a	1
0x726	0x723	0
0x75d	0x72d	0
0x75d	0x75b	1
0x763	0x72c	1
0x763	0x760	0
0x782	0x77e	0
0x782	0x705arg0x2	1
0x788	0x77c	1
0x788	0x785	0
0x7bf	0x78f	0
0x7bf	0x7bd	1
0x7c5	0x78e	1
0x7c5	0x7c2	0
0x7d0	0x76d	1
0x7d0	0x7cc	0
0x7d6	0x7cb	1
0x7d6	0x7d3	0
0xa56	0xa52	1
0xa56	0xa54	0
0xa5a	0xa58	0
0xa5a	0x2316V0x25a5V0x36a	1
0xa62	0xa5f	1
0xa62	0xa60	0
0xa66	0xa64	0
0xa66	0x2086V0x25b3V0x36a	1
0xa6e	0xa6b	1
0xa6e	0xa6c	0
0xa72	0xa70	0
0xa72	0x2316V0x25c4V0x36a	1
0xd4e	0xd4a	0
0xd4e	0x2316V0x25f7V0x470	1
0xd54	0xd48	1
0xd54	0xd51	0
0xd8b	0xd5b	0
0xd8b	0xd89	1
0xd91	0xd5a	1
0xd91	0xd8e	0
0xd9c	0xd98	0
0xd9c	0x2316V0x2616V0x470	1
0xda2	0xd97	1
0xda2	0xd9f	0
0xdd4	0xdb1	0
0xdd4	0xdb2	1
0xe5d	0xe51	0
0xe5d	0xe5b	1
0xeac	0xea8	1
0xeac	0xeaa	0
0xee7	0xec4	0
0xee7	0xec5	1
0xf9a	0xf77	0
0xf9a	0xf78	1
0x101c	0x1014	0
0x101c	0x101a	1
0x1020	0x101e	0
0x1020	0x2cf7V0xff0	1
0x104b	0x1043	0
0x104b	0x1049	1
0x104f	0x104d	0
0x104f	0x2bcd	1
0x10ac	0x10a8	0
0x10ac	0x10a9	1
0x10b2	0x10af	1
0x10b2	0x10b0	0
0x114b	0x1128	0
0x114b	0x1129	1
0x11d0	0x11ad	0
0x11d0	0x11ae	1
0x1288	0x1284	0
0x1288	0x2316V0x25f7V0x470	1
0x128e	0x1282	1
0x128e	0x128b	0
0x12c5	0x1295	0
0x12c5	0x12c3	1
0x12cb	0x1294	1
0x12cb	0x12c8	0
0x12d6	0x12d2	0
0x12d6	0x2316V0x2616V0x470	1
0x12dc	0x12d1	1
0x12dc	0x12d9	0
0x13a7	0x1384	0
0x13a7	0x1385	1
0x154c	0x1540	0
0x154c	0x154a	1
0x1596	0x1592	1
0x1596	0x1594	0
0x15d2	0x15ca	0
0x15d2	0x15d0	1
0x15d6	0x15d4	0
0x15d6	0x2cb2V0x15b3	1
0x170c	0x1708	1
0x170c	0x170a	0
0x1710	0x170e	0
0x1710	0x2316V0x2567V0x542	1
0x1718	0x1715	1
0x1718	0x1716	0
0x171c	0x171a	0
0x171c	0x2086V0x2575V0x542	1
0x179a	0x178e	0
0x179a	0x1798	1
0x17e9	0x17e5	1
0x17e9	0x17e7	0
0x1824	0x1801	0
0x1824	0x1802	1
0x18a9	0x189d	0
0x18a9	0x18a7	1
0x18f8	0x18f4	1
0x18f8	0x18f6	0
0x1ae2	0x1abf	0
0x1ae2	0x1ac0	1
0x1c91	0x1c6e	0
0x1c91	0x1c6f	1
0x1dab	0x1da8	1
0x1dab	0x1da9	0
0x1db0	0x1da4	0
0x1db0	0x1dad	1
0x1dd6	0x1db3	0
0x1dd6	0x1db4	1
0x200e	0x1feb	0
0x200e	0x1fec	1
0x2847	0x2822	1
0x2847	0x2846	0
0xb000x39b	0x39b0xade	1
0xb000x39b	0x39b0xadd	0
0xb4c0x39b	0x39b0xb4a	1
0xb4c0x39b	0x39b0xb1c	0
0xb520x39b	0x39b0xb4f	0
0xb520x39b	0x39b0xb1a	1
0xb9d0x39b	0x39b0xb9b	1
0xb9d0x39b	0x39b0xb6d	0
0xba30x39b	0x39b0xba0	0
0xba30x39b	0x39b0xb6b	1
0x1ba40x470	0x4700x1ba2	1
0x1ba40x470	0x4700x1b74	0
0x1baa0x470	0x4700x1ba7	0
0x1baa0x470	0x4700x1b72	1
0x1bf50x470	0x4700x1bf3	1
0x1bf50x470	0x4700x1bc5	0
0x1bfb0x470	0x4700x1bf8	0
0x1bfb0x470	0x4700x1bc3	1
0x778	0x769	0
0x778	0x774	1
0x7df	0x7dc	0
0x7df	0x705arg0x0	1
0x12e5	0x12e2	0
0x12e5	0x2316V0x2627V0x470	1
0x13f0	0x13d9	0
0x13f0	0x13ee	1
0x140a	0x13f4	0
0x140a	0x1408	1
0x144c	0x140e	0
0x144c	0x144a	1
0x145a	0x1456	0
0x145a	0x1d0cV0x140c	1
0x149b	0x145d	0
0x149b	0x1499	1
0x14dd	0x149f	0
0x14dd	0x14db	1
0x15e2	0x15dd	1
0x15e2	0x15de	0
0x1602	0x15ea	0
0x1602	0x1600	1
0x1b2b	0x1b14	0
0x1b2b	0x1b29	1
0x1b45	0x1b2f	0
0x1b45	0x1b43	1
0x1b66	0x1b4e	0
0x1b66	0x1b64	1
0xbac0x39b	0x39b0xb66_0x0	1
0xbac0x39b	0x39b0xba9	0
0x1c040x470	0x4700x1bbe_0x0	1
0x1c040x470	0x4700x1c01	0
0xe91	0xe8d	2
0xe91	0xe8e	0
0xe91	0xe8e	1
0x10df	0x10db	2
0x10df	0x10dc	0
0x10df	0x10dc	1
0x1576	0x1572	2
0x1576	0x1573	0
0x1576	0x1573	1
0x1587	0x1582	0
0x1587	0x1583	2
0x1587	0x1584	1
0x17ce	0x17ca	2
0x17ce	0x17cb	0
0x17ce	0x17cb	1
0x18dd	0x18d9	2
0x18dd	0x18da	0
0x18dd	0x18da	1
0x19a4	0x19a0	2
0x19a4	0x19a1	0
0x19a4	0x19a1	1
0x1d10S0x140c	0x144e	0
0x1d10S0x15a4	0x15ac	0
0x1cb7S0x19a9	0x19c2	0
0x1a82S0x135e	0x135f	0
0x1a82S0x1a99	0x1a9a	0
0x2e91S0xdaf	0x2e8eV0xdaf	0
0x2e89S0xdaf	0x2e84V0xdaf	1
0x2e89S0xdaf	0x2e88V0xdaf	0
0x2991S0xdaf	0x2e8aV0xdaf	0
0x2987S0xdaf	0x2962V0xdaf	1
0x2987S0xdaf	0x2986V0xdaf	0
0x2e98S0xdaf	0xdd8	0
0x295eS0xdaf	0x295bV0xdaf	0
0x30d8S0x2952S0xdaf	0x2955V0xdaf	0
0x30cdS0x2952S0xdaf	0x2e7fV0xdaf	0
0x30cdS0x2952S0xdaf	0x2958V0xdaf	1
0x2df1S0xec2	0x2deeV0xec2	0
0x2de9S0xec2	0x2de4V0xec2	1
0x2de9S0xec2	0x2de8V0xec2	0
0x2811S0xec2	0x2deaV0xec2	0
0x2807S0xec2	0x27e2V0xec2	1
0x2807S0xec2	0x2806V0xec2	0
0x2df8S0xec2	0xeeb	0
0x27deS0xec2	0x27dbV0xec2	0
0x30d8S0x27d2S0xec2	0x27d5V0xec2	0
0x30cdS0x27d2S0xec2	0x2ddfV0xec2	0
0x30cdS0x27d2S0xec2	0x27d8V0xec2	1
0x2e51S0xf75	0x2e4eV0xf75	0
0x2e49S0xf75	0x2e44V0xf75	1
0x2e49S0xf75	0x2e48V0xf75	0
0x2911S0xf75	0x2e4aV0xf75	0
0x2907S0xf75	0x28e2V0xf75	1
0x2907S0xf75	0x2906V0xf75	0
0x2e58S0xf75	0xf9e	0
0x28deS0xf75	0x28dbV0xf75	0
0x30d8S0x28d2S0xf75	0x28d5V0xf75	0
0x30cdS0x28d2S0xf75	0x2e3fV0xf75	0
0x30cdS0x28d2S0xf75	0x28d8V0xf75	1
0x2dd1S0x1126	0x2dceV0x1126	0
0x2dc9S0x1126	0x2dc4V0x1126	1
0x2dc9S0x1126	0x2dc8V0x1126	0
0x27d1S0x1126	0x2dcaV0x1126	0
0x27c7S0x1126	0x27a2V0x1126	1
0x27c7S0x1126	0x27c6V0x1126	0
0x2dd8S0x1126	0x114f	0
0x279eS0x1126	0x279bV0x1126	0
0x30d8S0x2792S0x1126	0x2795V0x1126	0
0x30cdS0x2792S0x1126	0x2dbfV0x1126	0
0x30cdS0x2792S0x1126	0x2798V0x1126	1
0x2eb1S0x11ab	0x2eaeV0x11ab	0
0x2ea9S0x11ab	0x2ea4V0x11ab	1
0x2ea9S0x11ab	0x2ea8V0x11ab	0
0x29d1S0x11ab	0x2eaaV0x11ab	0
0x29c7S0x11ab	0x29a2V0x11ab	1
0x29c7S0x11ab	0x29c6V0x11ab	0
0x2eb8S0x11ab	0x11d4	0
0x299eS0x11ab	0x299bV0x11ab	0
0x30d8S0x2992S0x11ab	0x2995V0x11ab	0
0x30cdS0x2992S0x11ab	0x2e9fV0x11ab	0
0x30cdS0x2992S0x11ab	0x2998V0x11ab	1
0x2ed1S0x1382	0x2eceV0x1382	0
0x2ec9S0x1382	0x2ec4V0x1382	1
0x2ec9S0x1382	0x2ec8V0x1382	0
0x2a37S0x1382	0x2ecaV0x1382	0
0x2a07S0x1382	0x29e2V0x1382	1
0x2a07S0x1382	0x2a06V0x1382	0
0x2a2dS0x1382	0x2a08V0x1382	1
0x2a2dS0x1382	0x2a2cV0x1382	0
0x2ed8S0x1382	0x13ab	0
0x29deS0x1382	0x29dbV0x1382	0
0x30d8S0x29d2S0x1382	0x29d5V0x1382	0
0x30cdS0x29d2S0x1382	0x2ebfV0x1382	0
0x30cdS0x29d2S0x1382	0x29d8V0x1382	1
0x2e31S0x17ff	0x2e2eV0x17ff	0
0x2e29S0x17ff	0x2e24V0x17ff	1
0x2e29S0x17ff	0x2e28V0x17ff	0
0x28d1S0x17ff	0x2e2aV0x17ff	0
0x28c7S0x17ff	0x28a2V0x17ff	1
0x28c7S0x17ff	0x28c6V0x17ff	0
0x2e38S0x17ff	0x1828	0
0x289eS0x17ff	0x289bV0x17ff	0
0x30d8S0x2892S0x17ff	0x2895V0x17ff	0
0x30cdS0x2892S0x17ff	0x2e1fV0x17ff	0
0x30cdS0x2892S0x17ff	0x2898V0x17ff	1
0x2ed1S0x1abd	0x2eceV0x1abd	0
0x2ec9S0x1abd	0x2ec4V0x1abd	1
0x2ec9S0x1abd	0x2ec8V0x1abd	0
0x2a37S0x1abd	0x2ecaV0x1abd	0
0x2a07S0x1abd	0x29e2V0x1abd	1
0x2a07S0x1abd	0x2a06V0x1abd	0
0x2a2dS0x1abd	0x2a08V0x1abd	1
0x2a2dS0x1abd	0x2a2cV0x1abd	0
0x2ed8S0x1abd	0x1ae6	0
0x29deS0x1abd	0x29dbV0x1abd	0
0x30d8S0x29d2S0x1abd	0x29d5V0x1abd	0
0x30cdS0x29d2S0x1abd	0x2ebfV0x1abd	0
0x30cdS0x29d2S0x1abd	0x29d8V0x1abd	1
0x2e11S0x1c6c	0x2e0eV0x1c6c	0
0x2e09S0x1c6c	0x2e04V0x1c6c	1
0x2e09S0x1c6c	0x2e08V0x1c6c	0
0x2891S0x1c6c	0x2e0aV0x1c6c	0
0x2887S0x1c6c	0x2862V0x1c6c	1
0x2887S0x1c6c	0x2886V0x1c6c	0
0x2e18S0x1c6c	0x1c95	0
0x285eS0x1c6c	0x285bV0x1c6c	0
0x30d8S0x2852S0x1c6c	0x2855V0x1c6c	0
0x30cdS0x2852S0x1c6c	0x2dffV0x1c6c	0
0x30cdS0x2852S0x1c6c	0x2858V0x1c6c	1
0x2db0S0x1fe9	0x2dadV0x1fe9	0
0x2da7S0x1fe9	0x2da2V0x1fe9	1
0x2da7S0x1fe9	0x2da6V0x1fe9	0
0x276dS0x1fe9	0x276aV0x1fe9	0
0x309eS0x1fe9	0x275cV0x1fe9	0
0x277dS0x1fe9	0x277aV0x1fe9	0
0x277dS0x1fe9	0x30d1V0x2764V0x1fe9	2
0x2786S0x1fe9	0x2783V0x1fe9	0
0x2791S0x1fe9	0x2da8V0x1fe9	0
0x3190S0x1fe9	0x277fV0x1fe9	0
0x2db8S0x1fe9	0x2012	0
0x2763S0x1fe9	0x2760V0x1fe9	0
0x30d8S0x2764S0x1fe9	0x2765V0x1fe9	0
0x30cdS0x2764S0x1fe9	0x2d9dV0x1fe9	0
0x30cdS0x2764S0x1fe9	0x3098V0x1fe9	1
0x1e220S0x276eS0x1fe9	0x1e200V0x276eV0x1fe9	0
0x316fS0x276eS0x1fe9	0x316aV0x276eV0x1fe9	1
0x316fS0x276eS0x1fe9	0x316eV0x276eV0x1fe9	0
0x1d820S0x276eS0x1fe9	0x1d800V0x276eV0x1fe9	0
0x3169S0x276eS0x1fe9	0x3165V0x276eV0x1fe9	1
0x3169S0x276eS0x1fe9	0x3166V0x276eV0x1fe9	0
0x314eS0x276eS0x1fe9	0x314aV0x276eV0x1fe9	1
0x314eS0x276eS0x1fe9	0x314bV0x276eV0x1fe9	0
0x3c51cS0x276eS0x1fe9	0x2771V0x1fe9	0
0x3c5f8S0x276eS0x1fe9	0x2771V0x1fe9	0
0x3160S0x276eS0x1fe9	0x315dV0x276eV0x1fe9	0
0x3156S0x276eS0x1fe9	0x3152V0x276eV0x1fe9	1
0x3156S0x276eS0x1fe9	0x3155V0x276eV0x1fe9	0
0x2b1dS0xadb0x39b	0x2f2aV0xadb0x39b	0
0x2b13S0xadb0x39b	0x2aeeV0xadb0x39b	1
0x2b13S0xadb0x39b	0x2b12V0xadb0x39b	0
0x2f38S0xadb0x39b	0x39b0xb04	0
0x2aeaS0xadb0x39b	0x2ae7V0xadb0x39b	0
0x2f31S0xadb0x39b	0x2f2eV0xadb0x39b	0
0x2f29S0xadb0x39b	0x2f24V0xadb0x39b	1
0x2f29S0xadb0x39b	0x2f28V0xadb0x39b	0
0x30d8S0x2adeS0xadb0x39b	0x2ae1V0xadb0x39b	0
0x30cdS0x2adeS0xadb0x39b	0x2ae4V0xadb0x39b	1
0x30cdS0x2adeS0xadb0x39b	0x2f1fV0xadb0x39b	0
0x2c8aS0x30b	0x2c87V0x30b	0
0x2701S0x30b	0x2c7fV0x30b	0
0x26feS0x30b	0x2c85V0x30b	0
0x26feS0x30b	0x30fbV0x26f3V0x30b	1
0x2c90S0x30b	0x30f	0
0x26fbS0x30b	0x26f8V0x30b	0
0x3101S0x26f3S0x30b	0x26f4V0x30b	0
0x2727S0x2bad	0x2bb0	0
0x2724S0x2bad	0x102e	1
0x2724S0x2bad	0x284b	0
0x2721S0x2bad	0x271eV0x2bad	0
0x317fS0x2bad	0x2712V0x2bad	0
0x271cS0x2bad	0x2719V0x2bad	0
0x310bS0x2711S0x2bad	0x2715V0x2bad	0
0x2727S0x2bb9	0x2bc0	0
0x2724S0x2bb9	0x1027	1
0x2724S0x2bb9	0x2bbd	0
0x2721S0x2bb9	0x271eV0x2bb9	0
0x317fS0x2bb9	0x2712V0x2bb9	0
0x271cS0x2bb9	0x2719V0x2bb9	0
0x310bS0x2711S0x2bb9	0x2715V0x2bb9	0
0x2bedS0x14f	0x2beaV0x14f	0
0x2bf3S0x14f	0x153	0
0x2694S0x2bd9S0x14f	0x2be2V0x14f	0
0x2691S0x2bd9S0x14f	0x2be8V0x14f	0
0x2691S0x2bd9S0x14f	0x3125V0x2686V0x2bd9V0x14f	1
0x268eS0x2bd9S0x14f	0x268bV0x2bd9V0x14f	0
0x30eeS0x2686S0x2bd9S0x14f	0x30ebV0x2686V0x2bd9V0x14f	0
0x30f5S0x2686S0x2bd9S0x14f	0x2687V0x2bd9V0x14f	0
0x312bS0x2686S0x2bd9S0x14f	0x30e7V0x2686V0x2bd9V0x14f	0
0x2f6dS0x18c	0x2f6aV0x18c	0
0x2f73S0x18c	0x190	0
0x2b7bS0x2f59S0x18c	0x2f62V0x18c	0
0x2b78S0x2f59S0x18c	0x5ae	1
0x2b78S0x2f59S0x18c	0x2f68V0x18c	0
0x2b75S0x2f59S0x18c	0x2b72V0x2f59V0x18c	0
0x3135S0x2b6dS0x2f59S0x18c	0x2b6eV0x2f59V0x18c	0
0x2f6dS0x1b7	0x2f6aV0x1b7	0
0x2f73S0x1b7	0x1bb	0
0x2b7bS0x2f59S0x1b7	0x2f62V0x1b7	0
0x2b78S0x2f59S0x1b7	0x5b4	1
0x2b78S0x2f59S0x1b7	0x2f68V0x1b7	0
0x2b75S0x2f59S0x1b7	0x2b72V0x2f59V0x1b7	0
0x3135S0x2b6dS0x2f59S0x1b7	0x2b6eV0x2f59V0x1b7	0
0x2c6dS0x1f4	0x2c6aV0x1f4	0
0x2c64S0x1f4	0x2c5fV0x1f4	1
0x2c64S0x1f4	0x2c63V0x1f4	0
0x2c75S0x1f4	0x1f8	0
0x2685S0x2c54S0x1f4	0x26c4V0x2c54V0x1f4	0
0x2b66S0x2c54S0x1f4	0x2b63V0x2c54V0x1f4	0
0x26a9S0x2c54S0x1f4	0x26a6V0x2c54V0x1f4	0
0x3088S0x2c54S0x1f4	0x2698V0x2c54V0x1f4	0
0x26b4S0x2c54S0x1f4	0x26b1V0x2c54V0x1f4	0
0x30bcS0x2c54S0x1f4	0x26a1V0x2c54V0x1f4	0
0x30b1S0x2c54S0x1f4	0x2c5aV0x1f4	0
0x30b1S0x2c54S0x1f4	0x3082V0x2c54V0x1f4	1
0x1ce20S0x2c54S0x1f4	0x1ce00V0x2c54V0x1f4	0
0x307dS0x2c54S0x1f4	0x26adV0x2c54V0x1f4	0
0x26f2S0x2c54S0x1f4	0x2c65V0x1f4	0
0x26d7S0x2c54S0x1f4	0x26d4V0x2c54V0x1f4	0
0x2679S0x2c54S0x1f4	0x2676V0x2c54V0x1f4	0
0x26e5S0x2c54S0x1f4	0x26e2V0x2c54V0x1f4	0
0x30abS0x2c54S0x1f4	0x26d0V0x2c54V0x1f4	0
0x26c1S0x2c54S0x1f4	0x26bdV0x2c54V0x1f4	1
0x26c1S0x2c54S0x1f4	0x26beV0x2c54V0x1f4	0
0x2b6cS0x2c54S0x1f4	0x2671V0x2c54V0x1f4	0
0x2b69S0x2c54S0x1f4	0x2b67_0x2V0x2c54V0x1f4	0
0x2b69S0x2c54S0x1f4	0x26c3V0x2c54V0x1f4	1
0x269fS0x2c54S0x1f4	0x269cV0x2c54V0x1f4	0
0x26ccS0x2c54S0x1f4	0x26c9V0x2c54V0x1f4	0
0x3135S0x2b5eS0x2c54S0x1f4	0x2b5fV0x2c54V0x1f4	0
0x2ca5S0x21f	0x2ca2V0x21f	0
0x2cabS0x21f	0x223	0
0x2710S0x2c91S0x21f	0x2c9aV0x21f	0
0x270dS0x2c91S0x21f	0x6b0	1
0x270dS0x2c91S0x21f	0x2ca0V0x21f	0
0x270aS0x2c91S0x21f	0x2707V0x2c91V0x21f	0
0x310bS0x2702S0x2c91S0x21f	0x2703V0x2c91V0x21f	0
0x2f6dS0x25c	0x2f6aV0x25c	0
0x2f73S0x25c	0x260	0
0x2b7bS0x2f59S0x25c	0x2f62V0x25c	0
0x2b78S0x2f59S0x25c	0x702	1
0x2b78S0x2f59S0x25c	0x2f68V0x25c	0
0x2b75S0x2f59S0x25c	0x2b72V0x2f59V0x25c	0
0x3135S0x2b6dS0x2f59S0x25c	0x2b6eV0x2f59V0x25c	0
0x2f6dS0x28c	0x2f6aV0x28c	0
0x2f73S0x28c	0x290	0
0x2b7bS0x2f59S0x28c	0x2f62V0x28c	0
0x2b78S0x2f59S0x28c	0x28b_0x0	1
0x2b78S0x2f59S0x28c	0x2f68V0x28c	0
0x2b75S0x2f59S0x28c	0x2b72V0x2f59V0x28c	0
0x3135S0x2b6dS0x2f59S0x28c	0x2b6eV0x2f59V0x28c	0
0x2ca5S0x2b7	0x2ca2V0x2b7	0
0x2cabS0x2b7	0x2bb	0
0x2710S0x2c91S0x2b7	0x2c9aV0x2b7	0
0x270dS0x2c91S0x2b7	0x855	1
0x270dS0x2c91S0x2b7	0x2ca0V0x2b7	0
0x270aS0x2c91S0x2b7	0x2707V0x2c91V0x2b7	0
0x310bS0x2702S0x2c91S0x2b7	0x2703V0x2c91V0x2b7	0
0x2f6dS0x348	0x2f6aV0x348	0
0x2f73S0x348	0x34c	0
0x2b7bS0x2f59S0x348	0x2f62V0x348	0
0x2b78S0x2f59S0x348	0x2f68V0x348	0
0x2b78S0x2f59S0x348	0x95f0x1bbe_0x0V0x343	1
0x2b75S0x2f59S0x348	0x2b72V0x2f59V0x348	0
0x3135S0x2b6dS0x2f59S0x348	0x2b6eV0x2f59V0x348	0
0x2f6dS0x385	0x2f6aV0x385	0
0x2f73S0x385	0x389	0
0x2b7bS0x2f59S0x385	0x2f62V0x385	0
0x2b78S0x2f59S0x385	0xa80	1
0x2b78S0x2f59S0x385	0x2f68V0x385	0
0x2b75S0x2f59S0x385	0x2b72V0x2f59V0x385	0
0x3135S0x2b6dS0x2f59S0x385	0x2b6eV0x2f59V0x385	0
0x2f6dS0x3c2	0x2f6aV0x3c2	0
0x2f73S0x3c2	0x3c6	0
0x2b7bS0x2f59S0x3c2	0x2f62V0x3c2	0
0x2b78S0x2f59S0x3c2	0x39b0xb66_0x0	1
0x2b78S0x2f59S0x3c2	0x2f68V0x3c2	0
0x2b75S0x2f59S0x3c2	0x2b72V0x2f59V0x3c2	0
0x3135S0x2b6dS0x2f59S0x3c2	0x2b6eV0x2f59V0x3c2	0
0x2f6dS0x3f2	0x2f6aV0x3f2	0
0x2f73S0x3f2	0x3f6	0
0x2b7bS0x2f59S0x3f2	0x2f62V0x3f2	0
0x2b78S0x2f59S0x3f2	0x2f68V0x3f2	0
0x2b78S0x2f59S0x3f2	0xc17_0x0V0x3ed	1
0x2b75S0x2f59S0x3f2	0x2b72V0x2f59V0x3f2	0
0x3135S0x2b6dS0x2f59S0x3f2	0x2b6eV0x2f59V0x3f2	0
0x2ca5S0x41d	0x2ca2V0x41d	0
0x2cabS0x41d	0x421	0
0x2710S0x2c91S0x41d	0x2c9aV0x41d	0
0x270dS0x2c91S0x41d	0xc22	1
0x270dS0x2c91S0x41d	0x2ca0V0x41d	0
0x270aS0x2c91S0x41d	0x2707V0x2c91V0x41d	0
0x310bS0x2702S0x2c91S0x41d	0x2703V0x2c91V0x41d	0
0x2c6dS0x45a	0x2c6aV0x45a	0
0x2c64S0x45a	0x2c5fV0x45a	1
0x2c64S0x45a	0x2c63V0x45a	0
0x2c75S0x45a	0x45e	0
0x2685S0x2c54S0x45a	0x26c4V0x2c54V0x45a	0
0x2b66S0x2c54S0x45a	0x2b63V0x2c54V0x45a	0
0x26a9S0x2c54S0x45a	0x26a6V0x2c54V0x45a	0
0x3088S0x2c54S0x45a	0x2698V0x2c54V0x45a	0
0x26b4S0x2c54S0x45a	0x26b1V0x2c54V0x45a	0
0x30bcS0x2c54S0x45a	0x26a1V0x2c54V0x45a	0
0x30b1S0x2c54S0x45a	0x2c5aV0x45a	0
0x30b1S0x2c54S0x45a	0x3082V0x2c54V0x45a	1
0x1ce20S0x2c54S0x45a	0x1ce00V0x2c54V0x45a	0
0x307dS0x2c54S0x45a	0x26adV0x2c54V0x45a	0
0x26f2S0x2c54S0x45a	0x2c65V0x45a	0
0x26d7S0x2c54S0x45a	0x26d4V0x2c54V0x45a	0
0x2679S0x2c54S0x45a	0x2676V0x2c54V0x45a	0
0x26e5S0x2c54S0x45a	0x26e2V0x2c54V0x45a	0
0x30abS0x2c54S0x45a	0x26d0V0x2c54V0x45a	0
0x26c1S0x2c54S0x45a	0x26bdV0x2c54V0x45a	1
0x26c1S0x2c54S0x45a	0x26beV0x2c54V0x45a	0
0x2b6cS0x2c54S0x45a	0x2671V0x2c54V0x45a	0
0x2b69S0x2c54S0x45a	0x2b67_0x2V0x2c54V0x45a	0
0x2b69S0x2c54S0x45a	0x26c3V0x2c54V0x45a	1
0x269fS0x2c54S0x45a	0x269cV0x2c54V0x45a	0
0x26ccS0x2c54S0x45a	0x26c9V0x2c54V0x45a	0
0x3135S0x2b5eS0x2c54S0x45a	0x2b5fV0x2c54V0x45a	0
0x2bedS0x4ca	0x2beaV0x4ca	0
0x2bf3S0x4ca	0x4ce	0
0x2694S0x2bd9S0x4ca	0x2be2V0x4ca	0
0x2691S0x2bd9S0x4ca	0x2be8V0x4ca	0
0x2691S0x2bd9S0x4ca	0x3125V0x2686V0x2bd9V0x4ca	1
0x268eS0x2bd9S0x4ca	0x268bV0x2bd9V0x4ca	0
0x30eeS0x2686S0x2bd9S0x4ca	0x30ebV0x2686V0x2bd9V0x4ca	0
0x30f5S0x2686S0x2bd9S0x4ca	0x2687V0x2bd9V0x4ca	0
0x312bS0x2686S0x2bd9S0x4ca	0x30e7V0x2686V0x2bd9V0x4ca	0
0x2f6dS0x4f5	0x2f6aV0x4f5	0
0x2f73S0x4f5	0x4f9	0
0x2b7bS0x2f59S0x4f5	0x2f62V0x4f5	0
0x2b78S0x2f59S0x4f5	0x2f68V0x4f5	0
0x2b78S0x2f59S0x4f5	0x232bV0x253dV0x16b8V0x4ec	1
0x2b75S0x2f59S0x4f5	0x2b72V0x2f59V0x4f5	0
0x3135S0x2b6dS0x2f59S0x4f5	0x2b6eV0x2f59V0x4f5	0
0x2bedS0x520	0x2beaV0x520	0
0x2bf3S0x520	0x524	0
0x2694S0x2bd9S0x520	0x2be2V0x520	0
0x2691S0x2bd9S0x520	0x2be8V0x520	0
0x2691S0x2bd9S0x520	0x3125V0x2686V0x2bd9V0x520	1
0x268eS0x2bd9S0x520	0x268bV0x2bd9V0x520	0
0x30eeS0x2686S0x2bd9S0x520	0x30ebV0x2686V0x2bd9V0x520	0
0x30f5S0x2686S0x2bd9S0x520	0x2687V0x2bd9V0x520	0
0x312bS0x2686S0x2bd9S0x520	0x30e7V0x2686V0x2bd9V0x520	0
0x2f6dS0x55d	0x2f6aV0x55d	0
0x2f73S0x55d	0x561	0
0x2b7bS0x2f59S0x55d	0x2f62V0x55d	0
0x2b78S0x2f59S0x55d	0x1729	1
0x2b78S0x2f59S0x55d	0x2f68V0x55d	0
0x2b75S0x2f59S0x55d	0x2b72V0x2f59V0x55d	0
0x3135S0x2b6dS0x2f59S0x55d	0x2b6eV0x2f59V0x55d	0
0x2ca5S0x172c	0x2ca2V0x172c	0
0x2cabS0x172c	0x179e	0
0x2710S0x2c91S0x172c	0x2c9aV0x172c	0
0x270dS0x2c91S0x172c	0x176b	1
0x270dS0x2c91S0x172c	0x2ca0V0x172c	0
0x270aS0x2c91S0x172c	0x2707V0x2c91V0x172c	0
0x310bS0x2702S0x2c91S0x172c	0x2703V0x2c91V0x172c	0
0x2f88S0x719	0x2f85V0x719	0
0x2f95S0x719	0x2f92V0x719	0
0x2f9cS0x719	0x836	0
0x2b7bS0x2f74S0x719	0x2f7dV0x719	0
0x2b78S0x2f74S0x719	0x76d	1
0x2b78S0x2f74S0x719	0x2f83V0x719	0
0x2b75S0x2f74S0x719	0x2b72V0x2f74V0x719	0
0x3135S0x2b6dS0x2f74S0x719	0x2b6eV0x2f74V0x719	0
0x2b7bS0x2f89S0x719	0x2f8aV0x719	0
0x2b78S0x2f89S0x719	0x2f90V0x719	0
0x2b78S0x2f89S0x719	0x705arg0x0	1
0x2b75S0x2f89S0x719	0x2b72V0x2f89V0x719	0
0x3135S0x2b6dS0x2f89S0x719	0x2b6eV0x2f89V0x719	0
0x2ca5S0xde9	0x2ca2V0xde9	0
0x2cabS0xde9	0xe61	0
0x2710S0x2c91S0xde9	0x2c9aV0xde9	0
0x270dS0x2c91S0xde9	0xe2e	1
0x270dS0x2c91S0xde9	0x2ca0V0xde9	0
0x270aS0x2c91S0xde9	0x2707V0x2c91V0xde9	0
0x310bS0x2702S0x2c91S0xde9	0x2703V0x2c91V0xde9	0
0x253cS0xe96	0x2539V0xe96	0
0x253cS0xe96	0x2539V0xe96	1
0x2538S0xe96	0x2534V0xe96	1
0x2538S0xe96	0x2535V0xe96	0
0x254aS0xe96	0x2547V0xe96	0
0x2553S0xe96	0xeb1	0
0x2335S0x253dS0xe96	0x2332V0x253dV0xe96	0
0x233bS0x253dS0xe96	0x2540V0xe96	0
0x31e9S0x2327B0x253dS0xe96	0x31e6V0x2327B0x253dV0xe96	0
0x31e9S0x2327B0x253dS0xe96	0x31e6V0x2327B0x253dV0xe96	1
0x31e5S0x2327B0x253dS0xe96	0x31e1V0x2327B0x253dV0xe96	1
0x31e5S0x2327B0x253dS0xe96	0x31e2V0x2327B0x253dV0xe96	0
0x31ecS0x2327B0x253dS0xe96	0x232eV0x253dV0xe96	0
0x31deS0x2327B0x253dS0xe96	0x31dbV0x2327B0x253dV0xe96	0
0x3135S0x31d6S0x2327B0x253dS0xe96	0x31d7V0x2327B0x253dV0xe96	0
0x2d05S0xff0	0x2d02V0xff0	0
0x2d12S0xff0	0x2d0fV0xff0	0
0x2d1fS0xff0	0x2d1cV0xff0	0
0x2d2cS0xff0	0x2d29V0xff0	0
0x2d39S0xff0	0x2d36V0xff0	0
0x2d46S0xff0	0x2d43V0xff0	0
0x2d51S0xff0	0x1003	0
0x2710S0x2cf1S0xff0	0x2cfaV0xff0	0
0x270dS0x2cf1S0xff0	0xfc0	1
0x270dS0x2cf1S0xff0	0x2d00V0xff0	0
0x270aS0x2cf1S0xff0	0x2707V0x2cf1V0xff0	0
0x310bS0x2702S0x2cf1S0xff0	0x2703V0x2cf1V0xff0	0
0x2b7bS0x2d06S0xff0	0x2d07V0xff0	0
0x2b78S0x2d06S0xff0	0x2d0dV0xff0	0
0x2b78S0x2d06S0xff0	0x2316V0x25f7V0x470	1
0x2b75S0x2d06S0xff0	0x2b72V0x2d06V0xff0	0
0x3135S0x2b6dS0x2d06S0xff0	0x2b6eV0x2d06V0xff0	0
0x2694S0x2d13S0xff0	0x2d14V0xff0	0
0x2691S0x2d13S0xff0	0x2d1aV0xff0	0
0x2691S0x2d13S0xff0	0x3125V0x2686V0x2d13V0xff0	1
0x268eS0x2d13S0xff0	0x268bV0x2d13V0xff0	0
0x30eeS0x2686S0x2d13S0xff0	0x30ebV0x2686V0x2d13V0xff0	0
0x30f5S0x2686S0x2d13S0xff0	0x2687V0x2d13V0xff0	0
0x312bS0x2686S0x2d13S0xff0	0x30e7V0x2686V0x2d13V0xff0	0
0x2b7bS0x2d20S0xff0	0x2d21V0xff0	0
0x2b78S0x2d20S0xff0	0x2d27V0xff0	0
0x2b78S0x2d20S0xff0	0x2316V0x2616V0x470	1
0x2b75S0x2d20S0xff0	0x2b72V0x2d20V0xff0	0
0x3135S0x2b6dS0x2d20S0xff0	0x2b6eV0x2d20V0xff0	0
0x2b7bS0x2d2dS0xff0	0x2d2eV0xff0	0
0x2b78S0x2d2dS0xff0	0x2d34V0xff0	0
0x2b78S0x2d2dS0xff0	0x2316V0x2627V0x470	1
0x2b75S0x2d2dS0xff0	0x2b72V0x2d2dV0xff0	0
0x3135S0x2b6dS0x2d2dS0xff0	0x2b6eV0x2d2dV0xff0	0
0x2694S0x2d3aS0xff0	0x2d3bV0xff0	0
0x2691S0x2d3aS0xff0	0x2d41V0xff0	0
0x2691S0x2d3aS0xff0	0x3125V0x2686V0x2d3aV0xff0	1
0x268eS0x2d3aS0xff0	0x268bV0x2d3aV0xff0	0
0x30eeS0x2686S0x2d3aS0xff0	0x30ebV0x2686V0x2d3aV0xff0	0
0x30f5S0x2686S0x2d3aS0xff0	0x2687V0x2d3aV0xff0	0
0x312bS0x2686S0x2d3aS0xff0	0x30e7V0x2686V0x2d3aV0xff0	0
0x2d66S0x1099	0x2d63V0x1099	0
0x2b8aS0x1099	0x2d68V0x1099	0
0x2b87S0x1099	0x2d6eV0x1099	0
0x2b87S0x1099	0x313cV0x2b7cV0x1099	1
0x2d73S0x1099	0x2d70V0x1099	0
0x2d80S0x1099	0x2d7dV0x1099	0
0x2b84S0x1099	0x2b81V0x1099	0
0x2d8dS0x1099	0x2d8aV0x1099	0
0x2d96S0x1099	0x10b6	0
0x3142S0x2b7cS0x1099	0x2b7dV0x1099	0
0x2710S0x2d52S0x1099	0x2d5bV0x1099	0
0x270dS0x2d52S0x1099	0x1056	1
0x270dS0x2d52S0x1099	0x2d61V0x1099	0
0x270aS0x2d52S0x1099	0x2707V0x2d52V0x1099	0
0x310bS0x2702S0x2d52S0x1099	0x2703V0x2d52V0x1099	0
0x2710S0x2d74S0x1099	0x2d75V0x1099	0
0x270dS0x2d74S0x1099	0x108d	1
0x270dS0x2d74S0x1099	0x2d7bV0x1099	0
0x270aS0x2d74S0x1099	0x2707V0x2d74V0x1099	0
0x310bS0x2702S0x2d74S0x1099	0x2703V0x2d74V0x1099	0
0x2710S0x2d81S0x1099	0x2d82V0x1099	0
0x270dS0x2d81S0x1099	0x10a5	1
0x270dS0x2d81S0x1099	0x2d88V0x1099	0
0x270aS0x2d81S0x1099	0x2707V0x2d81V0x1099	0
0x310bS0x2702S0x2d81S0x1099	0x2703V0x2d81V0x1099	0
0x2f88S0x1206	0x2f85V0x1206	0
0x2f95S0x1206	0x2f92V0x1206	0
0x2f9cS0x1206	0x125d	0
0x2b7bS0x2f74S0x1206	0x2f7dV0x1206	0
0x2b78S0x2f74S0x1206	0x2f83V0x1206	0
0x2b78S0x2f74S0x1206	0x2316V0x25f7V0x470	1
0x2b75S0x2f74S0x1206	0x2b72V0x2f74V0x1206	0
0x3135S0x2b6dS0x2f74S0x1206	0x2b6eV0x2f74V0x1206	0
0x2b7bS0x2f89S0x1206	0x2f8aV0x1206	0
0x2b78S0x2f89S0x1206	0x2f90V0x1206	0
0x2b78S0x2f89S0x1206	0x2316V0x2627V0x470	1
0x2b75S0x2f89S0x1206	0x2b72V0x2f89V0x1206	0
0x3135S0x2b6dS0x2f89S0x1206	0x2b6eV0x2f89V0x1206	0
0x2f6dS0x12f0	0x2f6aV0x12f0	0
0x2f73S0x12f0	0x132f	0
0x2b7bS0x2f59S0x12f0	0x2f62V0x12f0	0
0x2b78S0x2f59S0x12f0	0x2f68V0x12f0	0
0x2b78S0x2f59S0x12f0	0x2316V0x2627V0x470	1
0x2b75S0x2f59S0x12f0	0x2b72V0x2f59V0x12f0	0
0x3135S0x2b6dS0x2f59S0x12f0	0x2b6eV0x2f59V0x12f0	0
0x24fbS0x157b	0x24f8V0x157b	0
0x24fbS0x157b	0x24f8V0x157b	1
0x2515S0x157b	0x2512V0x157b	0
0x2515S0x157b	0x2512V0x157b	1
0x24f7S0x157b	0x24f3V0x157b	1
0x24f7S0x157b	0x24f4V0x157b	0
0x2511S0x157b	0x250dV0x157b	1
0x2511S0x157b	0x250eV0x157b	0
0x2521S0x157b	0x251eV0x157b	0
0x252aS0x157b	0x159b	0
0x225aS0x2516S0x157b	0x2257V0x2516V0x157b	0
0x225aS0x2516S0x157b	0x2257V0x2516V0x157b	1
0x2289S0x2516S0x157b	0x2286V0x2516V0x157b	0
0x2289S0x2516S0x157b	0x2286V0x2516V0x157b	1
0x3058S0x2516S0x157b	0x3055V0x2516V0x157b	0
0x3058S0x2516S0x157b	0x3055V0x2516V0x157b	1
0x2268S0x2516S0x157b	0x2265V0x2516V0x157b	0
0x2285S0x2516S0x157b	0x2281V0x2516V0x157b	1
0x2285S0x2516S0x157b	0x2282V0x2516V0x157b	0
0x2273S0x2516S0x157b	0x225dV0x2516V0x157b	1
0x2273S0x2516S0x157b	0x2fa2V0x2269V0x2516V0x157b	0
0x226dS0x2516S0x157b	0x226aV0x2516V0x157b	0
0x3054S0x2516S0x157b	0x3050V0x2516V0x157b	1
0x3054S0x2516S0x157b	0x3051V0x2516V0x157b	0
0x2294S0x2516S0x157b	0x2291V0x2516V0x157b	0
0x229dS0x2516S0x157b	0x2517V0x157b	0
0x2256S0x2516S0x157b	0x2252V0x2516V0x157b	1
0x2256S0x2516S0x157b	0x2253V0x2516V0x157b	0
0x306dS0x2516S0x157b	0x2261V0x2516V0x157b	0
0x2fbfS0x2269S0x2516S0x157b	0x2fbcV0x2269V0x2516V0x157b	0
0x2fbfS0x2269S0x2516S0x157b	0x2fbcV0x2269V0x2516V0x157b	1
0x2fbbS0x2269S0x2516S0x157b	0x2fb7V0x2269V0x2516V0x157b	1
0x2fbbS0x2269S0x2516S0x157b	0x2fb8V0x2269V0x2516V0x157b	0
0x2fc9S0x2269S0x2516S0x157b	0x225eV0x2516V0x157b	0
0x2fc4S0x2269S0x2516S0x157b	0x2fa7V0x2269V0x2516V0x157b	1
0x2fc4S0x2269S0x2516S0x157b	0x2fc2V0x2269V0x2516V0x157b	0
0x1e220S0x228aS0x2516S0x157b	0x1e200V0x228aV0x2516V0x157b	0
0x316fS0x228aS0x2516S0x157b	0x316aV0x228aV0x2516V0x157b	1
0x316fS0x228aS0x2516S0x157b	0x316eV0x228aV0x2516V0x157b	0
0x1d820S0x228aS0x2516S0x157b	0x1d800V0x228aV0x2516V0x157b	0
0x3169S0x228aS0x2516S0x157b	0x3165V0x228aV0x2516V0x157b	1
0x3169S0x228aS0x2516S0x157b	0x3166V0x228aV0x2516V0x157b	0
0x314eS0x228aS0x2516S0x157b	0x314aV0x228aV0x2516V0x157b	1
0x314eS0x228aS0x2516S0x157b	0x314bV0x228aV0x2516V0x157b	0
0x3c51cS0x228aS0x2516S0x157b	0x228bV0x2516V0x157b	0
0x3c5f8S0x228aS0x2516S0x157b	0x228bV0x2516V0x157b	0
0x3160S0x228aS0x2516S0x157b	0x315dV0x228aV0x2516V0x157b	0
0x3156S0x228aS0x2516S0x157b	0x3152V0x228aV0x2516V0x157b	1
0x3156S0x228aS0x2516S0x157b	0x3155V0x228aV0x2516V0x157b	0
0x2cc0S0x15b3	0x2cbdV0x15b3	0
0x2ccdS0x15b3	0x2ccaV0x15b3	0
0x2cdaS0x15b3	0x2cd7V0x15b3	0
0x2ce7S0x15b3	0x2ce4V0x15b3	0
0x2cf0S0x15b3	0x15bb	0
0x2710S0x2cacS0x15b3	0x2cb5V0x15b3	0
0x270dS0x2cacS0x15b3	0x14df	1
0x270dS0x2cacS0x15b3	0x2cbbV0x15b3	0
0x270aS0x2cacS0x15b3	0x2707V0x2cacV0x15b3	0
0x310bS0x2702S0x2cacS0x15b3	0x2703V0x2cacV0x15b3	0
0x2710S0x2cc1S0x15b3	0x2cc2V0x15b3	0
0x270dS0x2cc1S0x15b3	0x15ab	1
0x270dS0x2cc1S0x15b3	0x2cc8V0x15b3	0
0x270aS0x2cc1S0x15b3	0x2707V0x2cc1V0x15b3	0
0x310bS0x2702S0x2cc1S0x15b3	0x2703V0x2cc1V0x15b3	0
0x2b7bS0x2cceS0x15b3	0x2ccfV0x15b3	0
0x2b78S0x2cceS0x15b3	0x1d0cV0x15a4	1
0x2b78S0x2cceS0x15b3	0x2cd5V0x15b3	0
0x2b75S0x2cceS0x15b3	0x2b72V0x2cceV0x15b3	0
0x3135S0x2b6dS0x2cceS0x15b3	0x2b6eV0x2cceV0x15b3	0
0x2694S0x2cdbS0x15b3	0x2cdcV0x15b3	0
0x2691S0x2cdbS0x15b3	0x2ce2V0x15b3	0
0x2691S0x2cdbS0x15b3	0x3125V0x2686V0x2cdbV0x15b3	1
0x268eS0x2cdbS0x15b3	0x268bV0x2cdbV0x15b3	0
0x30eeS0x2686S0x2cdbS0x15b3	0x30ebV0x2686V0x2cdbV0x15b3	0
0x30f5S0x2686S0x2cdbS0x15b3	0x2687V0x2cdbV0x15b3	0
0x312bS0x2686S0x2cdbS0x15b3	0x30e7V0x2686V0x2cdbV0x15b3	0
0x253cS0x17d3	0x2539V0x17d3	0
0x253cS0x17d3	0x2539V0x17d3	1
0x2538S0x17d3	0x2534V0x17d3	1
0x2538S0x17d3	0x2535V0x17d3	0
0x254aS0x17d3	0x2547V0x17d3	0
0x2553S0x17d3	0x17ee	0
0x2335S0x253dS0x17d3	0x2332V0x253dV0x17d3	0
0x233bS0x253dS0x17d3	0x2540V0x17d3	0
0x31e9S0x2327B0x253dS0x17d3	0x31e6V0x2327B0x253dV0x17d3	0
0x31e9S0x2327B0x253dS0x17d3	0x31e6V0x2327B0x253dV0x17d3	1
0x31e5S0x2327B0x253dS0x17d3	0x31e1V0x2327B0x253dV0x17d3	1
0x31e5S0x2327B0x253dS0x17d3	0x31e2V0x2327B0x253dV0x17d3	0
0x31ecS0x2327B0x253dS0x17d3	0x232eV0x253dV0x17d3	0
0x31deS0x2327B0x253dS0x17d3	0x31dbV0x2327B0x253dV0x17d3	0
0x3135S0x31d6S0x2327B0x253dS0x17d3	0x31d7V0x2327B0x253dV0x17d3	0
0x2ca5S0x1839	0x2ca2V0x1839	0
0x2cabS0x1839	0x18ad	0
0x2710S0x2c91S0x1839	0x2c9aV0x1839	0
0x270dS0x2c91S0x1839	0x187a	1
0x270dS0x2c91S0x1839	0x2ca0V0x1839	0
0x270aS0x2c91S0x1839	0x2707V0x2c91V0x1839	0
0x310bS0x2702S0x2c91S0x1839	0x2703V0x2c91V0x1839	0
0x253cS0x18e2	0x2539V0x18e2	0
0x253cS0x18e2	0x2539V0x18e2	1
0x2538S0x18e2	0x2534V0x18e2	1
0x2538S0x18e2	0x2535V0x18e2	0
0x254aS0x18e2	0x2547V0x18e2	0
0x2553S0x18e2	0x18fd	0
0x2335S0x253dS0x18e2	0x2332V0x253dV0x18e2	0
0x233bS0x253dS0x18e2	0x2540V0x18e2	0
0x31e9S0x2327B0x253dS0x18e2	0x31e6V0x2327B0x253dV0x18e2	0
0x31e9S0x2327B0x253dS0x18e2	0x31e6V0x2327B0x253dV0x18e2	1
0x31e5S0x2327B0x253dS0x18e2	0x31e1V0x2327B0x253dV0x18e2	1
0x31e5S0x2327B0x253dS0x18e2	0x31e2V0x2327B0x253dV0x18e2	0
0x31ecS0x2327B0x253dS0x18e2	0x232eV0x253dV0x18e2	0
0x31deS0x2327B0x253dS0x18e2	0x31dbV0x2327B0x253dV0x18e2	0
0x3135S0x31d6S0x2327B0x253dS0x18e2	0x31d7V0x2327B0x253dV0x18e2	0
0x2f6dS0x19c9	0x2f6aV0x19c9	0
0x2f73S0x19c9	0x1a05	0
0x2b7bS0x2f59S0x19c9	0x2f62V0x19c9	0
0x2b78S0x2f59S0x19c9	0x1a01	1
0x2b78S0x2f59S0x19c9	0x2f68V0x19c9	0
0x2b75S0x2f59S0x19c9	0x2b72V0x2f59V0x19c9	0
0x3135S0x2b6dS0x2f59S0x19c9	0x2b6eV0x2f59V0x19c9	0
0x2f88S0xb670x39b	0x2f85V0xb670x39b	0
0x2f95S0xb670x39b	0x2f92V0xb670x39b	0
0x2f9cS0xb670x39b	0x39b0xbeb	0
0x2b7bS0x2f74S0xb670x39b	0x2f7dV0xb670x39b	0
0x2b78S0x2f74S0xb670x39b	0x2f83V0xb670x39b	0
0x2b78S0x2f74S0xb670x39b	0x2316V0x23d7V0x3a7	1
0x2b75S0x2f74S0xb670x39b	0x2b72V0x2f74V0xb670x39b	0
0x3135S0x2b6dS0x2f74S0xb670x39b	0x2b6eV0x2f74V0xb670x39b	0
0x2b7bS0x2f89S0xb670x39b	0x2f8aV0xb670x39b	0
0x2b78S0x2f89S0xb670x39b	0x39b0xb66_0x0	1
0x2b78S0x2f89S0xb670x39b	0x2f90V0xb670x39b	0
0x2b75S0x2f89S0xb670x39b	0x2b72V0x2f89V0xb670x39b	0
0x3135S0x2b6dS0x2f89S0xb670x39b	0x2b6eV0x2f89V0xb670x39b	0
0x2f88S0x1bbf0x470	0x2f85V0x1bbf0x470	0
0x2f95S0x1bbf0x470	0x2f92V0x1bbf0x470	0
0x2f9cS0x1bbf0x470	0x4700x1c43	0
0x2b7bS0x2f74S0x1bbf0x470	0x2f7dV0x1bbf0x470	0
0x2b78S0x2f74S0x1bbf0x470	0x2f83V0x1bbf0x470	0
0x2b78S0x2f74S0x1bbf0x470	0x2316V0x2627V0x470	1
0x2b75S0x2f74S0x1bbf0x470	0x2b72V0x2f74V0x1bbf0x470	0
0x3135S0x2b6dS0x2f74S0x1bbf0x470	0x2b6eV0x2f74V0x1bbf0x470	0
0x2b7bS0x2f89S0x1bbf0x470	0x2f8aV0x1bbf0x470	0
0x2b78S0x2f89S0x1bbf0x470	0x4700x1bbe_0x0	1
0x2b78S0x2f89S0x1bbf0x470	0x2f90V0x1bbf0x470	0
0x2b75S0x2f89S0x1bbf0x470	0x2b72V0x2f89V0x1bbf0x470	0
0x3135S0x2b6dS0x2f89S0x1bbf0x470	0x2b6eV0x2f89V0x1bbf0x470	0
0x2362S0x171	0x235fV0x171	0
0x2362S0x171	0x235fV0x171	1
0x235eS0x171	0x235aV0x171	1
0x235eS0x171	0x235bV0x171	0
0x2370S0x171	0x236dV0x171	0
0x2379S0x171	0x17e	0
0x2096S0x2363S0x171	0x2366V0x171	0
0x2090S0x2363S0x171	0x208dV0x2363V0x171	0
0x31a4S0x2082S0x2363S0x171	0x31a1V0x2082V0x2363V0x171	0
0x31a4S0x2082S0x2363S0x171	0x31a1V0x2082V0x2363V0x171	1
0x3199S0x2082S0x2363S0x171	0x3196V0x2082V0x2363V0x171	0
0x31a0S0x2082S0x2363S0x171	0x319cV0x2082V0x2363V0x171	1
0x31a0S0x2082S0x2363S0x171	0x319dV0x2082V0x2363V0x171	0
0x31a7S0x2082S0x2363S0x171	0x2089V0x2363V0x171	0
0x30eeS0x3191S0x2082S0x2363S0x171	0x30ebV0x3191V0x2082V0x2363V0x171	0
0x30f5S0x3191S0x2082S0x2363S0x171	0x3192V0x2082V0x2363V0x171	0
0x312bS0x3191S0x2082S0x2363S0x171	0x30e7V0x3191V0x2082V0x2363V0x171	0
0x25a4S0x241	0x25a1V0x241	0
0x25a4S0x241	0x25a1V0x241	1
0x25a0S0x241	0x259cV0x241	1
0x25a0S0x241	0x259dV0x241	0
0x25b2S0x241	0x25afV0x241	0
0x25c3S0x241	0x25c0V0x241	0
0x25d4S0x241	0x25d1V0x241	0
0x25deS0x241	0x24e	0
0x2320S0x25a5S0x241	0x231dV0x25a5V0x241	0
0x2320S0x25c4S0x241	0x231dV0x25c4V0x241	0
0x31e9S0x2312B0x25a5S0x241	0x31e6V0x2312B0x25a5V0x241	0
0x31e9S0x2312B0x25a5S0x241	0x31e6V0x2312B0x25a5V0x241	1
0x31e5S0x2312B0x25a5S0x241	0x31e1V0x2312B0x25a5V0x241	1
0x31e5S0x2312B0x25a5S0x241	0x31e2V0x2312B0x25a5V0x241	0
0x31deS0x2312B0x25a5S0x241	0x31dbV0x2312B0x25a5V0x241	0
0x3135S0x31d6S0x2312B0x25a5S0x241	0x31d7V0x2312B0x25a5V0x241	0
0x31e9S0x2312B0x25c4S0x241	0x31e6V0x2312B0x25c4V0x241	0
0x31e9S0x2312B0x25c4S0x241	0x31e6V0x2312B0x25c4V0x241	1
0x31e5S0x2312B0x25c4S0x241	0x31e1V0x2312B0x25c4V0x241	1
0x31e5S0x2312B0x25c4S0x241	0x31e2V0x2312B0x25c4V0x241	0
0x31deS0x2312B0x25c4S0x241	0x31dbV0x2312B0x25c4V0x241	0
0x3135S0x31d6S0x2312B0x25c4S0x241	0x31d7V0x2312B0x25c4V0x241	0
0x2326S0x25a5S0x241	0x25a8V0x241	0
0x2326S0x25c4S0x241	0x25caV0x241	0
0x31ecS0x2312B0x25a5S0x241	0x2319V0x25a5V0x241	0
0x31ecS0x2312B0x25c4S0x241	0x2319V0x25c4V0x241	0
0x2096S0x25b3S0x241	0x25b9V0x241	0
0x2090S0x25b3S0x241	0x208dV0x25b3V0x241	0
0x31a4S0x2082S0x25b3S0x241	0x31a1V0x2082V0x25b3V0x241	0
0x31a4S0x2082S0x25b3S0x241	0x31a1V0x2082V0x25b3V0x241	1
0x3199S0x2082S0x25b3S0x241	0x3196V0x2082V0x25b3V0x241	0
0x31a0S0x2082S0x25b3S0x241	0x319cV0x2082V0x25b3V0x241	1
0x31a0S0x2082S0x25b3S0x241	0x319dV0x2082V0x25b3V0x241	0
0x31a7S0x2082S0x25b3S0x241	0x2089V0x25b3V0x241	0
0x30eeS0x3191S0x2082S0x25b3S0x241	0x30ebV0x3191V0x2082V0x25b3V0x241	0
0x30f5S0x3191S0x2082S0x25b3S0x241	0x3192V0x2082V0x25b3V0x241	0
0x312bS0x3191S0x2082S0x25b3S0x241	0x30e7V0x3191V0x2082V0x25b3V0x241	0
0x238cS0x2d9	0x2389V0x2d9	0
0x238cS0x2d9	0x2389V0x2d9	1
0x2388S0x2d9	0x2384V0x2d9	1
0x2388S0x2d9	0x2385V0x2d9	0
0x239aS0x2d9	0x2397V0x2d9	0
0x23abS0x2d9	0x23a8V0x2d9	0
0x23b5S0x2d9	0x2e6	0
0x2096S0x238dS0x2d9	0x2390V0x2d9	0
0x2090S0x238dS0x2d9	0x208dV0x238dV0x2d9	0
0x31a4S0x2082S0x238dS0x2d9	0x31a1V0x2082V0x238dV0x2d9	0
0x31a4S0x2082S0x238dS0x2d9	0x31a1V0x2082V0x238dV0x2d9	1
0x3199S0x2082S0x238dS0x2d9	0x3196V0x2082V0x238dV0x2d9	0
0x31a0S0x2082S0x238dS0x2d9	0x319cV0x2082V0x238dV0x2d9	1
0x31a0S0x2082S0x238dS0x2d9	0x319dV0x2082V0x238dV0x2d9	0
0x31a7S0x2082S0x238dS0x2d9	0x2089V0x238dV0x2d9	0
0x30eeS0x3191S0x2082S0x238dS0x2d9	0x30ebV0x3191V0x2082V0x238dV0x2d9	0
0x30f5S0x3191S0x2082S0x238dS0x2d9	0x3192V0x2082V0x238dV0x2d9	0
0x312bS0x3191S0x2082S0x238dS0x2d9	0x30e7V0x3191V0x2082V0x238dV0x2d9	0
0x2096S0x239bS0x2d9	0x23a1V0x2d9	0
0x2090S0x239bS0x2d9	0x208dV0x239bV0x2d9	0
0x31a4S0x2082S0x239bS0x2d9	0x31a1V0x2082V0x239bV0x2d9	0
0x31a4S0x2082S0x239bS0x2d9	0x31a1V0x2082V0x239bV0x2d9	1
0x3199S0x2082S0x239bS0x2d9	0x3196V0x2082V0x239bV0x2d9	0
0x31a0S0x2082S0x239bS0x2d9	0x319cV0x2082V0x239bV0x2d9	1
0x31a0S0x2082S0x239bS0x2d9	0x319dV0x2082V0x239bV0x2d9	0
0x31a7S0x2082S0x239bS0x2d9	0x2089V0x239bV0x2d9	0
0x30eeS0x3191S0x2082S0x239bS0x2d9	0x30ebV0x3191V0x2082V0x239bV0x2d9	0
0x30f5S0x3191S0x2082S0x239bS0x2d9	0x3192V0x2082V0x239bV0x2d9	0
0x312bS0x3191S0x2082S0x239bS0x2d9	0x30e7V0x3191V0x2082V0x239bV0x2d9	0
0x23c8S0x32d	0x23c5V0x32d	0
0x23c8S0x32d	0x23c5V0x32d	1
0x23c4S0x32d	0x23c0V0x32d	1
0x23c4S0x32d	0x23c1V0x32d	0
0x23d6S0x32d	0x23d3V0x32d	0
0x23e7S0x32d	0x23e4V0x32d	0
0x23f1S0x32d	0x33a	0
0x2320S0x23d7S0x32d	0x231dV0x23d7V0x32d	0
0x31e9S0x2312B0x23d7S0x32d	0x31e6V0x2312B0x23d7V0x32d	0
0x31e9S0x2312B0x23d7S0x32d	0x31e6V0x2312B0x23d7V0x32d	1
0x31e5S0x2312B0x23d7S0x32d	0x31e1V0x2312B0x23d7V0x32d	1
0x31e5S0x2312B0x23d7S0x32d	0x31e2V0x2312B0x23d7V0x32d	0
0x31deS0x2312B0x23d7S0x32d	0x31dbV0x2312B0x23d7V0x32d	0
0x3135S0x31d6S0x2312B0x23d7S0x32d	0x31d7V0x2312B0x23d7V0x32d	0
0x2326S0x23d7S0x32d	0x23ddV0x32d	0
0x31ecS0x2312B0x23d7S0x32d	0x2319V0x23d7V0x32d	0
0x2096S0x23c9S0x32d	0x23ccV0x32d	0
0x2090S0x23c9S0x32d	0x208dV0x23c9V0x32d	0
0x31a4S0x2082S0x23c9S0x32d	0x31a1V0x2082V0x23c9V0x32d	0
0x31a4S0x2082S0x23c9S0x32d	0x31a1V0x2082V0x23c9V0x32d	1
0x3199S0x2082S0x23c9S0x32d	0x3196V0x2082V0x23c9V0x32d	0
0x31a0S0x2082S0x23c9S0x32d	0x319cV0x2082V0x23c9V0x32d	1
0x31a0S0x2082S0x23c9S0x32d	0x319dV0x2082V0x23c9V0x32d	0
0x31a7S0x2082S0x23c9S0x32d	0x2089V0x23c9V0x32d	0
0x30eeS0x3191S0x2082S0x23c9S0x32d	0x30ebV0x3191V0x2082V0x23c9V0x32d	0
0x30f5S0x3191S0x2082S0x23c9S0x32d	0x3192V0x2082V0x23c9V0x32d	0
0x312bS0x3191S0x2082S0x23c9S0x32d	0x30e7V0x3191V0x2082V0x23c9V0x32d	0
0x25a4S0x36a	0x25a1V0x36a	0
0x25a4S0x36a	0x25a1V0x36a	1
0x25a0S0x36a	0x259cV0x36a	1
0x25a0S0x36a	0x259dV0x36a	0
0x25b2S0x36a	0x25afV0x36a	0
0x25c3S0x36a	0x25c0V0x36a	0
0x25d4S0x36a	0x25d1V0x36a	0
0x25deS0x36a	0x377	0
0x2320S0x25a5S0x36a	0x231dV0x25a5V0x36a	0
0x2320S0x25c4S0x36a	0x231dV0x25c4V0x36a	0
0x31e9S0x2312B0x25a5S0x36a	0x31e6V0x2312B0x25a5V0x36a	0
0x31e9S0x2312B0x25a5S0x36a	0x31e6V0x2312B0x25a5V0x36a	1
0x31e5S0x2312B0x25a5S0x36a	0x31e1V0x2312B0x25a5V0x36a	1
0x31e5S0x2312B0x25a5S0x36a	0x31e2V0x2312B0x25a5V0x36a	0
0x31deS0x2312B0x25a5S0x36a	0x31dbV0x2312B0x25a5V0x36a	0
0x3135S0x31d6S0x2312B0x25a5S0x36a	0x31d7V0x2312B0x25a5V0x36a	0
0x31e9S0x2312B0x25c4S0x36a	0x31e6V0x2312B0x25c4V0x36a	0
0x31e9S0x2312B0x25c4S0x36a	0x31e6V0x2312B0x25c4V0x36a	1
0x31e5S0x2312B0x25c4S0x36a	0x31e1V0x2312B0x25c4V0x36a	1
0x31e5S0x2312B0x25c4S0x36a	0x31e2V0x2312B0x25c4V0x36a	0
0x31deS0x2312B0x25c4S0x36a	0x31dbV0x2312B0x25c4V0x36a	0
0x3135S0x31d6S0x2312B0x25c4S0x36a	0x31d7V0x2312B0x25c4V0x36a	0
0x2326S0x25a5S0x36a	0x25a8V0x36a	0
0x2326S0x25c4S0x36a	0x25caV0x36a	0
0x31ecS0x2312B0x25a5S0x36a	0x2319V0x25a5V0x36a	0
0x31ecS0x2312B0x25c4S0x36a	0x2319V0x25c4V0x36a	0
0x2096S0x25b3S0x36a	0x25b9V0x36a	0
0x2090S0x25b3S0x36a	0x208dV0x25b3V0x36a	0
0x31a4S0x2082S0x25b3S0x36a	0x31a1V0x2082V0x25b3V0x36a	0
0x31a4S0x2082S0x25b3S0x36a	0x31a1V0x2082V0x25b3V0x36a	1
0x3199S0x2082S0x25b3S0x36a	0x3196V0x2082V0x25b3V0x36a	0
0x31a0S0x2082S0x25b3S0x36a	0x319cV0x2082V0x25b3V0x36a	1
0x31a0S0x2082S0x25b3S0x36a	0x319dV0x2082V0x25b3V0x36a	0
0x31a7S0x2082S0x25b3S0x36a	0x2089V0x25b3V0x36a	0
0x30eeS0x3191S0x2082S0x25b3S0x36a	0x30ebV0x3191V0x2082V0x25b3V0x36a	0
0x30f5S0x3191S0x2082S0x25b3S0x36a	0x3192V0x2082V0x25b3V0x36a	0
0x312bS0x3191S0x2082S0x25b3S0x36a	0x30e7V0x3191V0x2082V0x25b3V0x36a	0
0x23c8S0x3a7	0x23c5V0x3a7	0
0x23c8S0x3a7	0x23c5V0x3a7	1
0x23c4S0x3a7	0x23c0V0x3a7	1
0x23c4S0x3a7	0x23c1V0x3a7	0
0x23d6S0x3a7	0x23d3V0x3a7	0
0x23e7S0x3a7	0x23e4V0x3a7	0
0x23f1S0x3a7	0x3b4	0
0x2320S0x23d7S0x3a7	0x231dV0x23d7V0x3a7	0
0x31e9S0x2312B0x23d7S0x3a7	0x31e6V0x2312B0x23d7V0x3a7	0
0x31e9S0x2312B0x23d7S0x3a7	0x31e6V0x2312B0x23d7V0x3a7	1
0x31e5S0x2312B0x23d7S0x3a7	0x31e1V0x2312B0x23d7V0x3a7	1
0x31e5S0x2312B0x23d7S0x3a7	0x31e2V0x2312B0x23d7V0x3a7	0
0x31deS0x2312B0x23d7S0x3a7	0x31dbV0x2312B0x23d7V0x3a7	0
0x3135S0x31d6S0x2312B0x23d7S0x3a7	0x31d7V0x2312B0x23d7V0x3a7	0
0x2326S0x23d7S0x3a7	0x23ddV0x3a7	0
0x31ecS0x2312B0x23d7S0x3a7	0x2319V0x23d7V0x3a7	0
0x2096S0x23c9S0x3a7	0x23ccV0x3a7	0
0x2090S0x23c9S0x3a7	0x208dV0x23c9V0x3a7	0
0x31a4S0x2082S0x23c9S0x3a7	0x31a1V0x2082V0x23c9V0x3a7	0
0x31a4S0x2082S0x23c9S0x3a7	0x31a1V0x2082V0x23c9V0x3a7	1
0x3199S0x2082S0x23c9S0x3a7	0x3196V0x2082V0x23c9V0x3a7	0
0x31a0S0x2082S0x23c9S0x3a7	0x319cV0x2082V0x23c9V0x3a7	1
0x31a0S0x2082S0x23c9S0x3a7	0x319dV0x2082V0x23c9V0x3a7	0
0x31a7S0x2082S0x23c9S0x3a7	0x2089V0x23c9V0x3a7	0
0x30eeS0x3191S0x2082S0x23c9S0x3a7	0x30ebV0x3191V0x2082V0x23c9V0x3a7	0
0x30f5S0x3191S0x2082S0x23c9S0x3a7	0x3192V0x2082V0x23c9V0x3a7	0
0x312bS0x3191S0x2082S0x23c9S0x3a7	0x30e7V0x3191V0x2082V0x23c9V0x3a7	0
0x238cS0x498	0x2389V0x498	0
0x238cS0x498	0x2389V0x498	1
0x2388S0x498	0x2384V0x498	1
0x2388S0x498	0x2385V0x498	0
0x239aS0x498	0x2397V0x498	0
0x23abS0x498	0x23a8V0x498	0
0x23b5S0x498	0x4a5	0
0x2096S0x238dS0x498	0x2390V0x498	0
0x2090S0x238dS0x498	0x208dV0x238dV0x498	0
0x31a4S0x2082S0x238dS0x498	0x31a1V0x2082V0x238dV0x498	0
0x31a4S0x2082S0x238dS0x498	0x31a1V0x2082V0x238dV0x498	1
0x3199S0x2082S0x238dS0x498	0x3196V0x2082V0x238dV0x498	0
0x31a0S0x2082S0x238dS0x498	0x319cV0x2082V0x238dV0x498	1
0x31a0S0x2082S0x238dS0x498	0x319dV0x2082V0x238dV0x498	0
0x31a7S0x2082S0x238dS0x498	0x2089V0x238dV0x498	0
0x30eeS0x3191S0x2082S0x238dS0x498	0x30ebV0x3191V0x2082V0x238dV0x498	0
0x30f5S0x3191S0x2082S0x238dS0x498	0x3192V0x2082V0x238dV0x498	0
0x312bS0x3191S0x2082S0x238dS0x498	0x30e7V0x3191V0x2082V0x238dV0x498	0
0x2096S0x239bS0x498	0x23a1V0x498	0
0x2090S0x239bS0x498	0x208dV0x239bV0x498	0
0x31a4S0x2082S0x239bS0x498	0x31a1V0x2082V0x239bV0x498	0
0x31a4S0x2082S0x239bS0x498	0x31a1V0x2082V0x239bV0x498	1
0x3199S0x2082S0x239bS0x498	0x3196V0x2082V0x239bV0x498	0
0x31a0S0x2082S0x239bS0x498	0x319cV0x2082V0x239bV0x498	1
0x31a0S0x2082S0x239bS0x498	0x319dV0x2082V0x239bV0x498	0
0x31a7S0x2082S0x239bS0x498	0x2089V0x239bV0x498	0
0x30eeS0x3191S0x2082S0x239bS0x498	0x30ebV0x3191V0x2082V0x239bV0x498	0
0x30f5S0x3191S0x2082S0x239bS0x498	0x3192V0x2082V0x239bV0x498	0
0x312bS0x3191S0x2082S0x239bS0x498	0x30e7V0x3191V0x2082V0x239bV0x498	0
0x16a3S0x4ec	0x16a0V0x4ec	0
0x16a3S0x4ec	0x16a0V0x4ec	1
0x16b7S0x4ec	0x16b4V0x4ec	1
0x16b7S0x4ec	0x16b5V0x4ec	0
0x16b3S0x4ec	0x16afV0x4ec	2
0x16b3S0x4ec	0x16b0V0x4ec	0
0x16b3S0x4ec	0x16b0V0x4ec	1
0x168bS0x4ec	0x1688V0x4ec	0
0x167fS0x4ec	0x1673V0x4ec	0
0x167fS0x4ec	0x167dV0x4ec	1
0x169fS0x4ec	0x169bV0x4ec	1
0x169fS0x4ec	0x169cV0x4ec	0
0x16aeS0x4ec	0x16aaV0x4ec	1
0x16aeS0x4ec	0x16abV0x4ec	0
0x16dbS0x4ec	0x16d8V0x4ec	0
0x16ceS0x4ec	0x16caV0x4ec	1
0x16ceS0x4ec	0x16ccV0x4ec	0
0x16e0S0x4ec	0x4ee	0
0x2bedS0x162fS0x4ec	0x2beaV0x162fV0x4ec	0
0x2bf3S0x162fS0x4ec	0x1683V0x4ec	0
0x2694S0x2bd9S0x162fS0x4ec	0x2be2V0x162fV0x4ec	0
0x2691S0x2bd9S0x162fS0x4ec	0x2be8V0x162fV0x4ec	0
0x2691S0x2bd9S0x162fS0x4ec	0x3125V0x2686V0x2bd9V0x162fV0x4ec	1
0x268eS0x2bd9S0x162fS0x4ec	0x268bV0x2bd9V0x162fV0x4ec	0
0x30eeS0x2686S0x2bd9S0x162fS0x4ec	0x30ebV0x2686V0x2bd9V0x162fV0x4ec	0
0x30f5S0x2686S0x2bd9S0x162fS0x4ec	0x2687V0x2bd9V0x162fV0x4ec	0
0x312bS0x2686S0x2bd9S0x162fS0x4ec	0x30e7V0x2686V0x2bd9V0x162fV0x4ec	0
0x253cS0x16b8S0x4ec	0x2539V0x16b8V0x4ec	0
0x253cS0x16b8S0x4ec	0x2539V0x16b8V0x4ec	1
0x2538S0x16b8S0x4ec	0x2534V0x16b8V0x4ec	1
0x2538S0x16b8S0x4ec	0x2535V0x16b8V0x4ec	0
0x254aS0x16b8S0x4ec	0x2547V0x16b8V0x4ec	0
0x2553S0x16b8S0x4ec	0x16d3V0x4ec	0
0x2335S0x253dS0x16b8S0x4ec	0x2332V0x253dV0x16b8V0x4ec	0
0x233bS0x253dS0x16b8S0x4ec	0x2540V0x16b8V0x4ec	0
0x31e9S0x2327B0x253dS0x16b8S0x4ec	0x31e6V0x2327B0x253dV0x16b8V0x4ec	0
0x31e9S0x2327B0x253dS0x16b8S0x4ec	0x31e6V0x2327B0x253dV0x16b8V0x4ec	1
0x31e5S0x2327B0x253dS0x16b8S0x4ec	0x31e1V0x2327B0x253dV0x16b8V0x4ec	1
0x31e5S0x2327B0x253dS0x16b8S0x4ec	0x31e2V0x2327B0x253dV0x16b8V0x4ec	0
0x31ecS0x2327B0x253dS0x16b8S0x4ec	0x232eV0x253dV0x16b8V0x4ec	0
0x31deS0x2327B0x253dS0x16b8S0x4ec	0x31dbV0x2327B0x253dV0x16b8V0x4ec	0
0x3135S0x31d6S0x2327B0x253dS0x16b8S0x4ec	0x31d7V0x2327B0x253dV0x16b8V0x4ec	0
0x2566S0x542	0x2563V0x542	0
0x2566S0x542	0x2563V0x542	1
0x2562S0x542	0x255eV0x542	1
0x2562S0x542	0x255fV0x542	0
0x2574S0x542	0x2571V0x542	0
0x2585S0x542	0x2582V0x542	0
0x258fS0x542	0x54f	0
0x2320S0x2567S0x542	0x231dV0x2567V0x542	0
0x31e9S0x2312B0x2567S0x542	0x31e6V0x2312B0x2567V0x542	0
0x31e9S0x2312B0x2567S0x542	0x31e6V0x2312B0x2567V0x542	1
0x31e5S0x2312B0x2567S0x542	0x31e1V0x2312B0x2567V0x542	1
0x31e5S0x2312B0x2567S0x542	0x31e2V0x2312B0x2567V0x542	0
0x31deS0x2312B0x2567S0x542	0x31dbV0x2312B0x2567V0x542	0
0x3135S0x31d6S0x2312B0x2567S0x542	0x31d7V0x2312B0x2567V0x542	0
0x2326S0x2567S0x542	0x256aV0x542	0
0x31ecS0x2312B0x2567S0x542	0x2319V0x2567V0x542	0
0x2096S0x2575S0x542	0x257bV0x542	0
0x2090S0x2575S0x542	0x208dV0x2575V0x542	0
0x31a4S0x2082S0x2575S0x542	0x31a1V0x2082V0x2575V0x542	0
0x31a4S0x2082S0x2575S0x542	0x31a1V0x2082V0x2575V0x542	1
0x3199S0x2082S0x2575S0x542	0x3196V0x2082V0x2575V0x542	0
0x31a0S0x2082S0x2575S0x542	0x319cV0x2082V0x2575V0x542	1
0x31a0S0x2082S0x2575S0x542	0x319dV0x2082V0x2575V0x542	0
0x31a7S0x2082S0x2575S0x542	0x2089V0x2575V0x542	0
0x30eeS0x3191S0x2082S0x2575S0x542	0x30ebV0x3191V0x2082V0x2575V0x542	0
0x30f5S0x3191S0x2082S0x2575S0x542	0x3192V0x2082V0x2575V0x542	0
0x312bS0x3191S0x2082S0x2575S0x542	0x30e7V0x3191V0x2082V0x2575V0x542	0
0x2407S0x272	0x2404V0x272	0
0x2407S0x272	0x2404V0x272	1
0x2403S0x272	0x23ffV0x272	1
0x2403S0x272	0x2400V0x272	0
0x2415S0x272	0x2412V0x272	0
0x2426S0x272	0x2423V0x272	0
0x2437S0x272	0x2434V0x272	0
0x2448S0x272	0x2445V0x272	0
0x2454S0x272	0x27e	0
0x2320S0x2416S0x272	0x231dV0x2416V0x272	0
0x2320S0x2438S0x272	0x231dV0x2438V0x272	0
0x31e9S0x2312B0x2416S0x272	0x31e6V0x2312B0x2416V0x272	0
0x31e9S0x2312B0x2416S0x272	0x31e6V0x2312B0x2416V0x272	1
0x31e5S0x2312B0x2416S0x272	0x31e1V0x2312B0x2416V0x272	1
0x31e5S0x2312B0x2416S0x272	0x31e2V0x2312B0x2416V0x272	0
0x31deS0x2312B0x2416S0x272	0x31dbV0x2312B0x2416V0x272	0
0x3135S0x31d6S0x2312B0x2416S0x272	0x31d7V0x2312B0x2416V0x272	0
0x31e9S0x2312B0x2438S0x272	0x31e6V0x2312B0x2438V0x272	0
0x31e9S0x2312B0x2438S0x272	0x31e6V0x2312B0x2438V0x272	1
0x31e5S0x2312B0x2438S0x272	0x31e1V0x2312B0x2438V0x272	1
0x31e5S0x2312B0x2438S0x272	0x31e2V0x2312B0x2438V0x272	0
0x31deS0x2312B0x2438S0x272	0x31dbV0x2312B0x2438V0x272	0
0x3135S0x31d6S0x2312B0x2438S0x272	0x31d7V0x2312B0x2438V0x272	0
0x2326S0x2416S0x272	0x241cV0x272	0
0x2326S0x2438S0x272	0x243eV0x272	0
0x31ecS0x2312B0x2416S0x272	0x2319V0x2416V0x272	0
0x31ecS0x2312B0x2438S0x272	0x2319V0x2438V0x272	0
0x2096S0x2408S0x272	0x240bV0x272	0
0x2090S0x2408S0x272	0x208dV0x2408V0x272	0
0x31a4S0x2082S0x2408S0x272	0x31a1V0x2082V0x2408V0x272	0
0x31a4S0x2082S0x2408S0x272	0x31a1V0x2082V0x2408V0x272	1
0x3199S0x2082S0x2408S0x272	0x3196V0x2082V0x2408V0x272	0
0x31a0S0x2082S0x2408S0x272	0x319cV0x2082V0x2408V0x272	1
0x31a0S0x2082S0x2408S0x272	0x319dV0x2082V0x2408V0x272	0
0x31a7S0x2082S0x2408S0x272	0x2089V0x2408V0x272	0
0x30eeS0x3191S0x2082S0x2408S0x272	0x30ebV0x3191V0x2082V0x2408V0x272	0
0x30f5S0x3191S0x2082S0x2408S0x272	0x3192V0x2082V0x2408V0x272	0
0x312bS0x3191S0x2082S0x2408S0x272	0x30e7V0x3191V0x2082V0x2408V0x272	0
0x2096S0x2427S0x272	0x242dV0x272	0
0x2090S0x2427S0x272	0x208dV0x2427V0x272	0
0x31a4S0x2082S0x2427S0x272	0x31a1V0x2082V0x2427V0x272	0
0x31a4S0x2082S0x2427S0x272	0x31a1V0x2082V0x2427V0x272	1
0x3199S0x2082S0x2427S0x272	0x3196V0x2082V0x2427V0x272	0
0x31a0S0x2082S0x2427S0x272	0x319cV0x2082V0x2427V0x272	1
0x31a0S0x2082S0x2427S0x272	0x319dV0x2082V0x2427V0x272	0
0x31a7S0x2082S0x2427S0x272	0x2089V0x2427V0x272	0
0x30eeS0x3191S0x2082S0x2427S0x272	0x30ebV0x3191V0x2082V0x2427V0x272	0
0x30f5S0x3191S0x2082S0x2427S0x272	0x3192V0x2082V0x2427V0x272	0
0x312bS0x3191S0x2082S0x2427S0x272	0x30e7V0x3191V0x2082V0x2427V0x272	0
0x25a4S0x3d8	0x25a1V0x3d8	0
0x25a4S0x3d8	0x25a1V0x3d8	1
0x25a0S0x3d8	0x259cV0x3d8	1
0x25a0S0x3d8	0x259dV0x3d8	0
0x25b2S0x3d8	0x25afV0x3d8	0
0x25c3S0x3d8	0x25c0V0x3d8	0
0x25d4S0x3d8	0x25d1V0x3d8	0
0x25deS0x3d8	0x3e4	0
0x2320S0x25a5S0x3d8	0x231dV0x25a5V0x3d8	0
0x2320S0x25c4S0x3d8	0x231dV0x25c4V0x3d8	0
0x31e9S0x2312B0x25a5S0x3d8	0x31e6V0x2312B0x25a5V0x3d8	0
0x31e9S0x2312B0x25a5S0x3d8	0x31e6V0x2312B0x25a5V0x3d8	1
0x31e5S0x2312B0x25a5S0x3d8	0x31e1V0x2312B0x25a5V0x3d8	1
0x31e5S0x2312B0x25a5S0x3d8	0x31e2V0x2312B0x25a5V0x3d8	0
0x31deS0x2312B0x25a5S0x3d8	0x31dbV0x2312B0x25a5V0x3d8	0
0x3135S0x31d6S0x2312B0x25a5S0x3d8	0x31d7V0x2312B0x25a5V0x3d8	0
0x31e9S0x2312B0x25c4S0x3d8	0x31e6V0x2312B0x25c4V0x3d8	0
0x31e9S0x2312B0x25c4S0x3d8	0x31e6V0x2312B0x25c4V0x3d8	1
0x31e5S0x2312B0x25c4S0x3d8	0x31e1V0x2312B0x25c4V0x3d8	1
0x31e5S0x2312B0x25c4S0x3d8	0x31e2V0x2312B0x25c4V0x3d8	0
0x31deS0x2312B0x25c4S0x3d8	0x31dbV0x2312B0x25c4V0x3d8	0
0x3135S0x31d6S0x2312B0x25c4S0x3d8	0x31d7V0x2312B0x25c4V0x3d8	0
0x2326S0x25a5S0x3d8	0x25a8V0x3d8	0
0x2326S0x25c4S0x3d8	0x25caV0x3d8	0
0x31ecS0x2312B0x25a5S0x3d8	0x2319V0x25a5V0x3d8	0
0x31ecS0x2312B0x25c4S0x3d8	0x2319V0x25c4V0x3d8	0
0x2096S0x25b3S0x3d8	0x25b9V0x3d8	0
0x2090S0x25b3S0x3d8	0x208dV0x25b3V0x3d8	0
0x31a4S0x2082S0x25b3S0x3d8	0x31a1V0x2082V0x25b3V0x3d8	0
0x31a4S0x2082S0x25b3S0x3d8	0x31a1V0x2082V0x25b3V0x3d8	1
0x3199S0x2082S0x25b3S0x3d8	0x3196V0x2082V0x25b3V0x3d8	0
0x31a0S0x2082S0x25b3S0x3d8	0x319cV0x2082V0x25b3V0x3d8	1
0x31a0S0x2082S0x25b3S0x3d8	0x319dV0x2082V0x25b3V0x3d8	0
0x31a7S0x2082S0x25b3S0x3d8	0x2089V0x25b3V0x3d8	0
0x30eeS0x3191S0x2082S0x25b3S0x3d8	0x30ebV0x3191V0x2082V0x25b3V0x3d8	0
0x30f5S0x3191S0x2082S0x25b3S0x3d8	0x3192V0x2082V0x25b3V0x3d8	0
0x312bS0x3191S0x2082S0x25b3S0x3d8	0x30e7V0x3191V0x2082V0x25b3V0x3d8	0
0x2467S0x1d9	0x2464V0x1d9	0
0x2467S0x1d9	0x2464V0x1d9	1
0x2481S0x1d9	0x247eV0x1d9	0
0x2481S0x1d9	0x247eV0x1d9	1
0x24aaS0x1d9	0x24a7V0x1d9	0
0x24aaS0x1d9	0x24a7V0x1d9	1
0x2463S0x1d9	0x245fV0x1d9	1
0x2463S0x1d9	0x2460V0x1d9	0
0x247dS0x1d9	0x2479V0x1d9	1
0x247dS0x1d9	0x247aV0x1d9	0
0x248dS0x1d9	0x248aV0x1d9	0
0x24a6S0x1d9	0x24a2V0x1d9	1
0x24a6S0x1d9	0x24a3V0x1d9	0
0x24b6S0x1d9	0x24b3V0x1d9	0
0x24c0S0x1d9	0x1e6	0
0x21adS0x24abS0x1d9	0x21aaV0x24abV0x1d9	0
0x21adS0x24abS0x1d9	0x21aaV0x24abV0x1d9	1
0x21e5S0x24abS0x1d9	0x21e2V0x24abV0x1d9	0
0x21e5S0x24abS0x1d9	0x21e2V0x24abV0x1d9	1
0x3030S0x24abS0x1d9	0x302dV0x24abV0x1d9	0
0x3030S0x24abS0x1d9	0x302dV0x24abV0x1d9	1
0x21bbS0x24abS0x1d9	0x21b8V0x24abV0x1d9	0
0x21e1S0x24abS0x1d9	0x21ddV0x24abV0x1d9	1
0x21e1S0x24abS0x1d9	0x21deV0x24abV0x1d9	0
0x21c7S0x24abS0x1d9	0x21b0V0x24abV0x1d9	1
0x21c7S0x24abS0x1d9	0x2fa2V0x21bcV0x24abV0x1d9	0
0x21c0S0x24abS0x1d9	0x21bdV0x24abV0x1d9	0
0x302cS0x24abS0x1d9	0x3028V0x24abV0x1d9	1
0x302cS0x24abS0x1d9	0x3029V0x24abV0x1d9	0
0x1c420S0x24abS0x1d9	0x1c400V0x24abV0x1d9	0
0x2215S0x24abS0x1d9	0x2212V0x24abV0x1d9	0
0x21feS0x24abS0x1d9	0x21fc_0x4V0x24abV0x1d9	0
0x21feS0x24abS0x1d9	0x2316V0x21f2V0x24abV0x1d9	1
0x21f1S0x24abS0x1d9	0x21edV0x24abV0x1d9	1
0x21f1S0x24abS0x1d9	0x21eeV0x24abV0x1d9	0
0x21a9S0x24abS0x1d9	0x21a5V0x24abV0x1d9	1
0x21a9S0x24abS0x1d9	0x21a6V0x24abV0x1d9	0
0x3041S0x24abS0x1d9	0x21b4V0x24abV0x1d9	0
0x21fbS0x24abS0x1d9	0x21f8V0x24abV0x1d9	0
0x2fbfS0x21bcS0x24abS0x1d9	0x2fbcV0x21bcV0x24abV0x1d9	0
0x2fbfS0x21bcS0x24abS0x1d9	0x2fbcV0x21bcV0x24abV0x1d9	1
0x2fbbS0x21bcS0x24abS0x1d9	0x2fb7V0x21bcV0x24abV0x1d9	1
0x2fbbS0x21bcS0x24abS0x1d9	0x2fb8V0x21bcV0x24abV0x1d9	0
0x2fc9S0x21bcS0x24abS0x1d9	0x21b1V0x24abV0x1d9	0
0x2fc4S0x21bcS0x24abS0x1d9	0x2fa7V0x21bcV0x24abV0x1d9	1
0x2fc4S0x21bcS0x24abS0x1d9	0x2fc2V0x21bcV0x24abV0x1d9	0
0x2320S0x21f2S0x24abS0x1d9	0x231dV0x21f2V0x24abV0x1d9	0
0x31e9S0x2312B0x21f2S0x24abS0x1d9	0x31e6V0x2312B0x21f2V0x24abV0x1d9	0
0x31e9S0x2312B0x21f2S0x24abS0x1d9	0x31e6V0x2312B0x21f2V0x24abV0x1d9	1
0x31e5S0x2312B0x21f2S0x24abS0x1d9	0x31e1V0x2312B0x21f2V0x24abV0x1d9	1
0x31e5S0x2312B0x21f2S0x24abS0x1d9	0x31e2V0x2312B0x21f2V0x24abV0x1d9	0
0x31deS0x2312B0x21f2S0x24abS0x1d9	0x31dbV0x2312B0x21f2V0x24abV0x1d9	0
0x3135S0x31d6S0x2312B0x21f2S0x24abS0x1d9	0x31d7V0x2312B0x21f2V0x24abV0x1d9	0
0x221fS0x24abS0x1d9	0x24acV0x1d9	0
0x2326S0x21f2S0x24abS0x1d9	0x21f3V0x24abV0x1d9	0
0x31ecS0x2312B0x21f2S0x24abS0x1d9	0x2319V0x21f2V0x24abV0x1d9	0
0x20a7S0x2482S0x1d9	0x20a4V0x2482V0x1d9	0
0x20a7S0x2482S0x1d9	0x20a4V0x2482V0x1d9	1
0x20dfS0x2482S0x1d9	0x20dcV0x2482V0x1d9	0
0x20dfS0x2482S0x1d9	0x20dcV0x2482V0x1d9	1
0x2fe0S0x2482S0x1d9	0x2fddV0x2482V0x1d9	0
0x2fe0S0x2482S0x1d9	0x2fddV0x2482V0x1d9	1
0x20b5S0x2482S0x1d9	0x20b2V0x2482V0x1d9	0
0x20dbS0x2482S0x1d9	0x20d7V0x2482V0x1d9	1
0x20dbS0x2482S0x1d9	0x20d8V0x2482V0x1d9	0
0x20c1S0x2482S0x1d9	0x20aaV0x2482V0x1d9	1
0x20c1S0x2482S0x1d9	0x2fa2V0x20b6V0x2482V0x1d9	0
0x20baS0x2482S0x1d9	0x20b7V0x2482V0x1d9	0
0x2fdcS0x2482S0x1d9	0x2fd8V0x2482V0x1d9	1
0x2fdcS0x2482S0x1d9	0x2fd9V0x2482V0x1d9	0
0x1b020S0x2482S0x1d9	0x1b000V0x2482V0x1d9	0
0x2119S0x2482S0x1d9	0x2483V0x1d9	0
0x210fS0x2482S0x1d9	0x210cV0x2482V0x1d9	0
0x20f8S0x2482S0x1d9	0x20f6_0x4V0x2482V0x1d9	0
0x20f8S0x2482S0x1d9	0x2086V0x20ecV0x2482V0x1d9	1
0x20ebS0x2482S0x1d9	0x20e7V0x2482V0x1d9	1
0x20ebS0x2482S0x1d9	0x20e8V0x2482V0x1d9	0
0x20a3S0x2482S0x1d9	0x209fV0x2482V0x1d9	1
0x20a3S0x2482S0x1d9	0x20a0V0x2482V0x1d9	0
0x2ff1S0x2482S0x1d9	0x20aeV0x2482V0x1d9	0
0x20f5S0x2482S0x1d9	0x20f2V0x2482V0x1d9	0
0x2fbfS0x20b6S0x2482S0x1d9	0x2fbcV0x20b6V0x2482V0x1d9	0
0x2fbfS0x20b6S0x2482S0x1d9	0x2fbcV0x20b6V0x2482V0x1d9	1
0x2fbbS0x20b6S0x2482S0x1d9	0x2fb7V0x20b6V0x2482V0x1d9	1
0x2fbbS0x20b6S0x2482S0x1d9	0x2fb8V0x20b6V0x2482V0x1d9	0
0x2fc9S0x20b6S0x2482S0x1d9	0x20abV0x2482V0x1d9	0
0x2fc4S0x20b6S0x2482S0x1d9	0x2fa7V0x20b6V0x2482V0x1d9	1
0x2fc4S0x20b6S0x2482S0x1d9	0x2fc2V0x20b6V0x2482V0x1d9	0
0x2096S0x20ecS0x2482S0x1d9	0x20edV0x2482V0x1d9	0
0x2090S0x20ecS0x2482S0x1d9	0x208dV0x20ecV0x2482V0x1d9	0
0x31a4S0x2082S0x20ecS0x2482S0x1d9	0x31a1V0x2082V0x20ecV0x2482V0x1d9	0
0x31a4S0x2082S0x20ecS0x2482S0x1d9	0x31a1V0x2082V0x20ecV0x2482V0x1d9	1
0x3199S0x2082S0x20ecS0x2482S0x1d9	0x3196V0x2082V0x20ecV0x2482V0x1d9	0
0x31a0S0x2082S0x20ecS0x2482S0x1d9	0x319cV0x2082V0x20ecV0x2482V0x1d9	1
0x31a0S0x2082S0x20ecS0x2482S0x1d9	0x319dV0x2082V0x20ecV0x2482V0x1d9	0
0x31a7S0x2082S0x20ecS0x2482S0x1d9	0x2089V0x20ecV0x2482V0x1d9	0
0x30eeS0x3191S0x2082S0x20ecS0x2482S0x1d9	0x30ebV0x3191V0x2082V0x20ecV0x2482V0x1d9	0
0x30f5S0x3191S0x2082S0x20ecS0x2482S0x1d9	0x3192V0x2082V0x20ecV0x2482V0x1d9	0
0x312bS0x3191S0x2082S0x20ecS0x2482S0x1d9	0x30e7V0x3191V0x2082V0x20ecV0x2482V0x1d9	0
0x8c4S0x2ef	0x8c1V0x2ef	0
0x8b9S0x2ef	0x896V0x2ef	0
0x8b9S0x2ef	0x897V0x2ef	1
0xf220S0x2ef	0xf200V0x2ef	0
0x902S0x2ef	0x8ebV0x2ef	0
0x902S0x2ef	0x900V0x2ef	1
0x91cS0x2ef	0x906V0x2ef	0
0x91cS0x2ef	0x91aV0x2ef	1
0xfc20S0x2ef	0xfc00V0x2ef	0
0x94fS0x2ef	0x937V0x2ef	0
0x94fS0x2ef	0x94dV0x2ef	1
0x86fS0x2ef	0x86aV0x2ef	1
0x86fS0x2ef	0x86cV0x2ef	0
0x87eS0x2ef	0x87bV0x2ef	0
0x87eS0x2ef	0x879_0x0V0x2ef	1
0xde20S0x2ef	0xde00V0x2ef	0
0x893S0x2ef	0x890V0x2ef	0
0x893S0x2ef	0x88f_0x0V0x2ef	1
0x8e8S0x2ef	0x8e4V0x2ef	1
0x8e8S0x2ef	0x8e5V0x2ef	0
0x8cdS0x2ef	0x8c8V0x2ef	0
0x8cdS0x2ef	0x8cbV0x2ef	1
0x925S0x2ef	0x91fV0x2ef	1
0x925S0x2ef	0x922V0x2ef	0
0x92fS0x2ef	0x2086V0x238dV0x2d9	2
0x92fS0x2ef	0x2086V0x239bV0x2d9	1
0x92fS0x2ef	0x927V0x2ef	3
0x92fS0x2ef	0x92cV0x2ef	0
0x936S0x2ef	0x932V0x2ef	1
0x936S0x2ef	0x933V0x2ef	0
0x3c464S0x2ef	0x2db	0
0x3c540S0x2ef	0x2db	0
0x877S0x2ef	0x874V0x2ef	0
0xe820S0x2ef	0xe800V0x2ef	0
0x1a82S0x870S0x2ef	0x871V0x2ef	0
0x2ed1S0x894S0x2ef	0x2eceV0x894V0x2ef	0
0x2ec9S0x894S0x2ef	0x2ec4V0x894V0x2ef	1
0x2ec9S0x894S0x2ef	0x2ec8V0x894V0x2ef	0
0x2a37S0x894S0x2ef	0x2ecaV0x894V0x2ef	0
0x2a07S0x894S0x2ef	0x29e2V0x894V0x2ef	1
0x2a07S0x894S0x2ef	0x2a06V0x894V0x2ef	0
0x2a2dS0x894S0x2ef	0x2a08V0x894V0x2ef	1
0x2a2dS0x894S0x2ef	0x2a2cV0x894V0x2ef	0
0x29deS0x894S0x2ef	0x29dbV0x894V0x2ef	0
0x30d8S0x29d2S0x894S0x2ef	0x29d5V0x894V0x2ef	0
0x30cdS0x29d2S0x894S0x2ef	0x2ebfV0x894V0x2ef	0
0x30cdS0x29d2S0x894S0x2ef	0x29d8V0x894V0x2ef	1
0x2ed8S0x894S0x2ef	0x8bdV0x2ef	0
0x9e70x95fS0x343	0x95f0x9e4V0x343	0
0x9dc0x95fS0x343	0x95f0x9baV0x343	1
0x9dc0x95fS0x343	0x95f0x9b9V0x343	0
0x9b6S0x343	0x9b2V0x343	1
0x9b6S0x343	0x9b3V0x343	0
0x1ba40x95fS0x343	0x95f0x1ba2V0x343	1
0x1ba40x95fS0x343	0x95f0x1b74V0x343	0
0x1baa0x95fS0x343	0x95f0x1ba7V0x343	0
0x1baa0x95fS0x343	0x95f0x1b72V0x343	1
0x106200x95fS0x343	0x95f0x10600V0x343	0
0x1c4c0x95fS0x343	0x95f0x1c49V0x343	0
0x1bf50x95fS0x343	0x95f0x1bf3V0x343	1
0x1bf50x95fS0x343	0x95f0x1bc5V0x343	0
0x1bfb0x95fS0x343	0x95f0x1bf8V0x343	0
0x1bfb0x95fS0x343	0x95f0x1bc3V0x343	1
0x1c040x95fS0x343	0x95f0x1bbe_0x0V0x343	1
0x1c040x95fS0x343	0x95f0x1c01V0x343	0
0xa480x95fS0x343	0x95f0xa45V0x343	0
0xa3b0x95fS0x343	0x95f0xa38V0x343	0
0xa3b0x95fS0x343	0x95f0xa37V0x343	1
0xa240x95fS0x343	0x95f0xa22V0x343	1
0xa240x95fS0x343	0x95f0x9f4V0x343	0
0xa2a0x95fS0x343	0x95f0xa27V0x343	0
0xa2a0x95fS0x343	0x95f0x9f2V0x343	1
0x1c5a0x95fS0x343	0x95f0xa40V0x343	0
0x1c550x95fS0x343	0x95f0x1c1dV0x343	2
0x1c550x95fS0x343	0x95f0x1c1cV0x343	3
0x1c550x95fS0x343	0x95f0x1c53V0x343	1
0x1c550x95fS0x343	0x95f0x1c50V0x343	0
0x9f00x95fS0x343	0x95f0x9eeV0x343	1
0x9f00x95fS0x343	0x95f0x9ebV0x343	0
0x2b1dS0x9b70x95fS0x343	0x2f2aV0x9b70x95fV0x343	0
0x2b13S0x9b70x95fS0x343	0x2aeeV0x9b70x95fV0x343	1
0x2b13S0x9b70x95fS0x343	0x2b12V0x9b70x95fV0x343	0
0x2aeaS0x9b70x95fS0x343	0x2ae7V0x9b70x95fV0x343	0
0x2f31S0x9b70x95fS0x343	0x2f2eV0x9b70x95fV0x343	0
0x2f29S0x9b70x95fS0x343	0x2f24V0x9b70x95fV0x343	1
0x2f29S0x9b70x95fS0x343	0x2f28V0x9b70x95fV0x343	0
0x30d8S0x2adeS0x9b70x95fS0x343	0x2ae1V0x9b70x95fV0x343	0
0x30cdS0x2adeS0x9b70x95fS0x343	0x2ae4V0x9b70x95fV0x343	1
0x30cdS0x2adeS0x9b70x95fS0x343	0x2f1fV0x9b70x95fV0x343	0
0x2f88S0x1bbf0x95fS0x343	0x2f85V0x1bbf0x95fV0x343	0
0x2f95S0x1bbf0x95fS0x343	0x2f92V0x1bbf0x95fV0x343	0
0x2b75S0x2f74S0x1bbf0x95fS0x343	0x2b72V0x2f74V0x1bbf0x95fV0x343	0
0x3135S0x2b6dS0x2f74S0x1bbf0x95fS0x343	0x2b6eV0x2f74V0x1bbf0x95fV0x343	0
0x2b75S0x2f89S0x1bbf0x95fS0x343	0x2b72V0x2f89V0x1bbf0x95fV0x343	0
0x3135S0x2b6dS0x2f89S0x1bbf0x95fS0x343	0x2b6eV0x2f89V0x1bbf0x95fV0x343	0
0xa500x95fS0x343	0x32f	0
0x2f38S0x9b70x95fS0x343	0x95f0x9e0V0x343	0
0x2f9cS0x1bbf0x95fS0x343	0x95f0x1c43V0x343	0
0x2b7bS0x2f74S0x1bbf0x95fS0x343	0x2f7dV0x1bbf0x95fV0x343	0
0x2b78S0x2f74S0x1bbf0x95fS0x343	0x1bbf0x95f_0x2V0x343	1
0x2b78S0x2f74S0x1bbf0x95fS0x343	0x2f83V0x1bbf0x95fV0x343	0
0x2b7bS0x2f89S0x1bbf0x95fS0x343	0x2f8aV0x1bbf0x95fV0x343	0
0x2b78S0x2f89S0x1bbf0x95fS0x343	0x95f0x1bbe_0x0V0x343	1
0x2b78S0x2f89S0x1bbf0x95fS0x343	0x2f90V0x1bbf0x95fV0x343	0
0xc0fS0x3ed	0xc0cV0x3ed	0
0xc20S0x3ed	0x3d9	0
0x1cb7S0xc03S0x3ed	0xc09V0x3ed	0
0x2467S0x43f	0x2464V0x43f	0
0x2467S0x43f	0x2464V0x43f	1
0x2481S0x43f	0x247eV0x43f	0
0x2481S0x43f	0x247eV0x43f	1
0x24aaS0x43f	0x24a7V0x43f	0
0x24aaS0x43f	0x24a7V0x43f	1
0x2463S0x43f	0x245fV0x43f	1
0x2463S0x43f	0x2460V0x43f	0
0x247dS0x43f	0x2479V0x43f	1
0x247dS0x43f	0x247aV0x43f	0
0x248dS0x43f	0x248aV0x43f	0
0x24a6S0x43f	0x24a2V0x43f	1
0x24a6S0x43f	0x24a3V0x43f	0
0x24b6S0x43f	0x24b3V0x43f	0
0x24c0S0x43f	0x44c	0
0x21adS0x24abS0x43f	0x21aaV0x24abV0x43f	0
0x21adS0x24abS0x43f	0x21aaV0x24abV0x43f	1
0x21e5S0x24abS0x43f	0x21e2V0x24abV0x43f	0
0x21e5S0x24abS0x43f	0x21e2V0x24abV0x43f	1
0x3030S0x24abS0x43f	0x302dV0x24abV0x43f	0
0x3030S0x24abS0x43f	0x302dV0x24abV0x43f	1
0x21bbS0x24abS0x43f	0x21b8V0x24abV0x43f	0
0x21e1S0x24abS0x43f	0x21ddV0x24abV0x43f	1
0x21e1S0x24abS0x43f	0x21deV0x24abV0x43f	0
0x21c7S0x24abS0x43f	0x21b0V0x24abV0x43f	1
0x21c7S0x24abS0x43f	0x2fa2V0x21bcV0x24abV0x43f	0
0x21c0S0x24abS0x43f	0x21bdV0x24abV0x43f	0
0x302cS0x24abS0x43f	0x3028V0x24abV0x43f	1
0x302cS0x24abS0x43f	0x3029V0x24abV0x43f	0
0x1c420S0x24abS0x43f	0x1c400V0x24abV0x43f	0
0x2215S0x24abS0x43f	0x2212V0x24abV0x43f	0
0x21feS0x24abS0x43f	0x21fc_0x4V0x24abV0x43f	0
0x21feS0x24abS0x43f	0x2316V0x21f2V0x24abV0x43f	1
0x21f1S0x24abS0x43f	0x21edV0x24abV0x43f	1
0x21f1S0x24abS0x43f	0x21eeV0x24abV0x43f	0
0x21a9S0x24abS0x43f	0x21a5V0x24abV0x43f	1
0x21a9S0x24abS0x43f	0x21a6V0x24abV0x43f	0
0x3041S0x24abS0x43f	0x21b4V0x24abV0x43f	0
0x21fbS0x24abS0x43f	0x21f8V0x24abV0x43f	0
0x2fbfS0x21bcS0x24abS0x43f	0x2fbcV0x21bcV0x24abV0x43f	0
0x2fbfS0x21bcS0x24abS0x43f	0x2fbcV0x21bcV0x24abV0x43f	1
0x2fbbS0x21bcS0x24abS0x43f	0x2fb7V0x21bcV0x24abV0x43f	1
0x2fbbS0x21bcS0x24abS0x43f	0x2fb8V0x21bcV0x24abV0x43f	0
0x2fc9S0x21bcS0x24abS0x43f	0x21b1V0x24abV0x43f	0
0x2fc4S0x21bcS0x24abS0x43f	0x2fa7V0x21bcV0x24abV0x43f	1
0x2fc4S0x21bcS0x24abS0x43f	0x2fc2V0x21bcV0x24abV0x43f	0
0x2320S0x21f2S0x24abS0x43f	0x231dV0x21f2V0x24abV0x43f	0
0x31e9S0x2312B0x21f2S0x24abS0x43f	0x31e6V0x2312B0x21f2V0x24abV0x43f	0
0x31e9S0x2312B0x21f2S0x24abS0x43f	0x31e6V0x2312B0x21f2V0x24abV0x43f	1
0x31e5S0x2312B0x21f2S0x24abS0x43f	0x31e1V0x2312B0x21f2V0x24abV0x43f	1
0x31e5S0x2312B0x21f2S0x24abS0x43f	0x31e2V0x2312B0x21f2V0x24abV0x43f	0
0x31deS0x2312B0x21f2S0x24abS0x43f	0x31dbV0x2312B0x21f2V0x24abV0x43f	0
0x3135S0x31d6S0x2312B0x21f2S0x24abS0x43f	0x31d7V0x2312B0x21f2V0x24abV0x43f	0
0x221fS0x24abS0x43f	0x24acV0x43f	0
0x2326S0x21f2S0x24abS0x43f	0x21f3V0x24abV0x43f	0
0x31ecS0x2312B0x21f2S0x24abS0x43f	0x2319V0x21f2V0x24abV0x43f	0
0x20a7S0x2482S0x43f	0x20a4V0x2482V0x43f	0
0x20a7S0x2482S0x43f	0x20a4V0x2482V0x43f	1
0x20dfS0x2482S0x43f	0x20dcV0x2482V0x43f	0
0x20dfS0x2482S0x43f	0x20dcV0x2482V0x43f	1
0x2fe0S0x2482S0x43f	0x2fddV0x2482V0x43f	0
0x2fe0S0x2482S0x43f	0x2fddV0x2482V0x43f	1
0x20b5S0x2482S0x43f	0x20b2V0x2482V0x43f	0
0x20dbS0x2482S0x43f	0x20d7V0x2482V0x43f	1
0x20dbS0x2482S0x43f	0x20d8V0x2482V0x43f	0
0x20c1S0x2482S0x43f	0x20aaV0x2482V0x43f	1
0x20c1S0x2482S0x43f	0x2fa2V0x20b6V0x2482V0x43f	0
0x20baS0x2482S0x43f	0x20b7V0x2482V0x43f	0
0x2fdcS0x2482S0x43f	0x2fd8V0x2482V0x43f	1
0x2fdcS0x2482S0x43f	0x2fd9V0x2482V0x43f	0
0x1b020S0x2482S0x43f	0x1b000V0x2482V0x43f	0
0x2119S0x2482S0x43f	0x2483V0x43f	0
0x210fS0x2482S0x43f	0x210cV0x2482V0x43f	0
0x20f8S0x2482S0x43f	0x20f6_0x4V0x2482V0x43f	0
0x20f8S0x2482S0x43f	0x2086V0x20ecV0x2482V0x43f	1
0x20ebS0x2482S0x43f	0x20e7V0x2482V0x43f	1
0x20ebS0x2482S0x43f	0x20e8V0x2482V0x43f	0
0x20a3S0x2482S0x43f	0x209fV0x2482V0x43f	1
0x20a3S0x2482S0x43f	0x20a0V0x2482V0x43f	0
0x2ff1S0x2482S0x43f	0x20aeV0x2482V0x43f	0
0x20f5S0x2482S0x43f	0x20f2V0x2482V0x43f	0
0x2fbfS0x20b6S0x2482S0x43f	0x2fbcV0x20b6V0x2482V0x43f	0
0x2fbfS0x20b6S0x2482S0x43f	0x2fbcV0x20b6V0x2482V0x43f	1
0x2fbbS0x20b6S0x2482S0x43f	0x2fb7V0x20b6V0x2482V0x43f	1
0x2fbbS0x20b6S0x2482S0x43f	0x2fb8V0x20b6V0x2482V0x43f	0
0x2fc9S0x20b6S0x2482S0x43f	0x20abV0x2482V0x43f	0
0x2fc4S0x20b6S0x2482S0x43f	0x2fa7V0x20b6V0x2482V0x43f	1
0x2fc4S0x20b6S0x2482S0x43f	0x2fc2V0x20b6V0x2482V0x43f	0
0x2096S0x20ecS0x2482S0x43f	0x20edV0x2482V0x43f	0
0x2090S0x20ecS0x2482S0x43f	0x208dV0x20ecV0x2482V0x43f	0
0x31a4S0x2082S0x20ecS0x2482S0x43f	0x31a1V0x2082V0x20ecV0x2482V0x43f	0
0x31a4S0x2082S0x20ecS0x2482S0x43f	0x31a1V0x2082V0x20ecV0x2482V0x43f	1
0x3199S0x2082S0x20ecS0x2482S0x43f	0x3196V0x2082V0x20ecV0x2482V0x43f	0
0x31a0S0x2082S0x20ecS0x2482S0x43f	0x319cV0x2082V0x20ecV0x2482V0x43f	1
0x31a0S0x2082S0x20ecS0x2482S0x43f	0x319dV0x2082V0x20ecV0x2482V0x43f	0
0x31a7S0x2082S0x20ecS0x2482S0x43f	0x2089V0x20ecV0x2482V0x43f	0
0x30eeS0x3191S0x2082S0x20ecS0x2482S0x43f	0x30ebV0x3191V0x2082V0x20ecV0x2482V0x43f	0
0x30f5S0x3191S0x2082S0x20ecS0x2482S0x43f	0x3192V0x2082V0x20ecV0x2482V0x43f	0
0x312bS0x3191S0x2082S0x20ecS0x2482S0x43f	0x30e7V0x3191V0x2082V0x20ecV0x2482V0x43f	0
0x1d31S0x1a19	0x1d2eV0x1a19	0
0x1d99S0x1a19	0x1a1a	0
0x1d93S0x1a19	0x1d90V0x1a19	0
0x1d3dS0x1a19	0x1d35V0x1a19	0
0x1d3dS0x1a19	0x1d3bV0x1a19	1
0x1d41S0x1a19	0x1d3fV0x1a19	0
0x1d41S0x1a19	0x2bfaV0x1d11V0x1a19	1
0x1d8bS0x1a19	0x1d65V0x1a19	0
0x1d8bS0x1a19	0x1d89V0x1a19	1
0x2c08S0x1d11S0x1a19	0x2c05V0x1d11V0x1a19	0
0x2c15S0x1d11S0x1a19	0x2c12V0x1d11V0x1a19	0
0x2c22S0x1d11S0x1a19	0x2c1fV0x1d11V0x1a19	0
0x268eS0x2bf4S0x1d11S0x1a19	0x268bV0x2bf4V0x1d11V0x1a19	0
0x30eeS0x2686S0x2bf4S0x1d11S0x1a19	0x30ebV0x2686V0x2bf4V0x1d11V0x1a19	0
0x312bS0x2686S0x2bf4S0x1d11S0x1a19	0x30e7V0x2686V0x2bf4V0x1d11V0x1a19	0
0x268eS0x2c09S0x1d11S0x1a19	0x268bV0x2c09V0x1d11V0x1a19	0
0x30eeS0x2686S0x2c09S0x1d11S0x1a19	0x30ebV0x2686V0x2c09V0x1d11V0x1a19	0
0x312bS0x2686S0x2c09S0x1d11S0x1a19	0x30e7V0x2686V0x2c09V0x1d11V0x1a19	0
0x2b75S0x2c16S0x1d11S0x1a19	0x2b72V0x2c16V0x1d11V0x1a19	0
0x3135S0x2b6dS0x2c16S0x1d11S0x1a19	0x2b6eV0x2c16V0x1d11V0x1a19	0
0x1ebeS0x1d32S0x1a19	0x1ebbV0x1d32V0x1a19	0
0x1eb3S0x1d32S0x1a19	0x1e90V0x1d32V0x1a19	0
0x1eb3S0x1d32S0x1a19	0x1e91V0x1d32V0x1a19	1
0x1f2dS0x1d32S0x1a19	0x1f2aV0x1d32V0x1a19	0
0x1f1eS0x1d32S0x1a19	0x1f1bV0x1d32V0x1a19	1
0x1f1eS0x1d32S0x1a19	0x1f1cV0x1d32V0x1a19	0
0x1f21S0x1d32S0x1a19	0x1f0fV0x1d32V0x1a19	0
0x1f21S0x1d32S0x1a19	0x1f1fV0x1d32V0x1a19	1
0x1f29S0x1d32S0x1a19	0x1f22V0x1d32V0x1a19	2
0x1f29S0x1d32S0x1a19	0x1f23V0x1d32V0x1a19	1
0x1f29S0x1d32S0x1a19	0x1f28V0x1d32V0x1a19	0
0x1f6eS0x1d32S0x1a19	0x1f6bV0x1d32V0x1a19	0
0x1f63S0x1d32S0x1a19	0x1f40V0x1d32V0x1a19	0
0x1f63S0x1d32S0x1a19	0x1f41V0x1d32V0x1a19	1
0x1fcbS0x1d32S0x1a19	0x1fc8V0x1d32V0x1a19	0
0x1fc0S0x1d32S0x1a19	0x1f9dV0x1d32V0x1a19	0
0x1fc0S0x1d32S0x1a19	0x1f9eV0x1d32V0x1a19	1
0x1e8dS0x1d32S0x1a19	0x1e88_0x0V0x1d32V0x1a19	1
0x1e8dS0x1d32S0x1a19	0x1e8aV0x1d32V0x1a19	0
0x1ef0S0x1d32S0x1a19	0x1eedV0x1d32V0x1a19	0
0x1ec7S0x1d32S0x1a19	0x1ec2V0x1d32V0x1a19	0
0x1ec7S0x1d32S0x1a19	0x1ec5V0x1d32V0x1a19	1
0x1f0cS0x1d32S0x1a19	0x1f08V0x1d32V0x1a19	1
0x1f0cS0x1d32S0x1a19	0x1f09V0x1d32V0x1a19	0
0x19220S0x1d32S0x1a19	0x19200V0x1d32V0x1a19	0
0x1f3dS0x1d32S0x1a19	0x1effV0x1d32V0x1a19	1
0x1f3dS0x1d32S0x1a19	0x1f3aV0x1d32V0x1a19	0
0x1f82S0x1d32S0x1a19	0x1f7eV0x1d32V0x1a19	1
0x1f82S0x1d32S0x1a19	0x1f7fV0x1d32V0x1a19	0
0x1f77S0x1d32S0x1a19	0x1f72V0x1d32V0x1a19	0
0x1f77S0x1d32S0x1a19	0x1f75V0x1d32V0x1a19	1
0x1f9aS0x1d32S0x1a19	0x1f97V0x1d32V0x1a19	0
0x1f9aS0x1d32S0x1a19	0x2224V0x24d3V0x1f83B0x1d32V0x1a19	1
0x19c20S0x1d32S0x1a19	0x19c00V0x1d32V0x1a19	0
0x1fd4S0x1d32S0x1a19	0x1fcfV0x1d32V0x1a19	0
0x1fd4S0x1d32S0x1a19	0x1fd2V0x1d32V0x1a19	1
0x1f95S0x1d32S0x1a19	0x1f92V0x1d32V0x1a19	0
0x2f51S0x1e8eS0x1d32S0x1a19	0x2f4eV0x1e8eV0x1d32V0x1a19	0
0x2f49S0x1e8eS0x1d32S0x1a19	0x2f44V0x1e8eV0x1d32V0x1a19	1
0x2f49S0x1e8eS0x1d32S0x1a19	0x2f48V0x1e8eV0x1d32V0x1a19	0
0x2b5dS0x1e8eS0x1d32S0x1a19	0x2f4aV0x1e8eV0x1d32V0x1a19	0
0x2b53S0x1e8eS0x1d32S0x1a19	0x2b2eV0x1e8eV0x1d32V0x1a19	1
0x2b53S0x1e8eS0x1d32S0x1a19	0x2b52V0x1e8eV0x1d32V0x1a19	0
0x2b2aS0x1e8eS0x1d32S0x1a19	0x2b27V0x1e8eV0x1d32V0x1a19	0
0x30d8S0x2b1eS0x1e8eS0x1d32S0x1a19	0x2b21V0x1e8eV0x1d32V0x1a19	0
0x30cdS0x2b1eS0x1e8eS0x1d32S0x1a19	0x2f3fV0x1e8eV0x1d32V0x1a19	0
0x30cdS0x2b1eS0x1e8eS0x1d32S0x1a19	0x2b24V0x1e8eV0x1d32V0x1a19	1
0x2e71S0x1f3eS0x1d32S0x1a19	0x2e6eV0x1f3eV0x1d32V0x1a19	0
0x2e69S0x1f3eS0x1d32S0x1a19	0x2e64V0x1f3eV0x1d32V0x1a19	1
0x2e69S0x1f3eS0x1d32S0x1a19	0x2e68V0x1f3eV0x1d32V0x1a19	0
0x2951S0x1f3eS0x1d32S0x1a19	0x2e6aV0x1f3eV0x1d32V0x1a19	0
0x2947S0x1f3eS0x1d32S0x1a19	0x2922V0x1f3eV0x1d32V0x1a19	1
0x2947S0x1f3eS0x1d32S0x1a19	0x2946V0x1f3eV0x1d32V0x1a19	0
0x291eS0x1f3eS0x1d32S0x1a19	0x291bV0x1f3eV0x1d32V0x1a19	0
0x30d8S0x2912S0x1f3eS0x1d32S0x1a19	0x2915V0x1f3eV0x1d32V0x1a19	0
0x30cdS0x2912S0x1f3eS0x1d32S0x1a19	0x2e5fV0x1f3eV0x1d32V0x1a19	0
0x30cdS0x2912S0x1f3eS0x1d32S0x1a19	0x2918V0x1f3eV0x1d32V0x1a19	1
0x2f11S0x1f9bS0x1d32S0x1a19	0x2f0eV0x1f9bV0x1d32V0x1a19	0
0x2f09S0x1f9bS0x1d32S0x1a19	0x2f04V0x1f9bV0x1d32V0x1a19	1
0x2f09S0x1f9bS0x1d32S0x1a19	0x2f08V0x1f9bV0x1d32V0x1a19	0
0x2addS0x1f9bS0x1d32S0x1a19	0x2f0aV0x1f9bV0x1d32V0x1a19	0
0x2aadS0x1f9bS0x1d32S0x1a19	0x2a88V0x1f9bV0x1d32V0x1a19	1
0x2aadS0x1f9bS0x1d32S0x1a19	0x2aacV0x1f9bV0x1d32V0x1a19	0
0x2ad3S0x1f9bS0x1d32S0x1a19	0x2aaeV0x1f9bV0x1d32V0x1a19	1
0x2ad3S0x1f9bS0x1d32S0x1a19	0x2ad2V0x1f9bV0x1d32V0x1a19	0
0x2a84S0x1f9bS0x1d32S0x1a19	0x2a81V0x1f9bV0x1d32V0x1a19	0
0x30d8S0x2a78S0x1f9bS0x1d32S0x1a19	0x2a7bV0x1f9bV0x1d32V0x1a19	0
0x30cdS0x2a78S0x1f9bS0x1d32S0x1a19	0x2effV0x1f9bV0x1d32V0x1a19	0
0x30cdS0x2a78S0x1f9bS0x1d32S0x1a19	0x2a7eV0x1f9bV0x1d32V0x1a19	1
0x2b96S0x1ec8S0x1d32S0x1a19	0x2b93V0x1ec8V0x1d32V0x1a19	0
0x273cS0x1ec8S0x1d32S0x1a19	0x2739V0x1ec8V0x1d32V0x1a19	0
0x3093S0x1ec8S0x1d32S0x1a19	0x272bV0x1ec8V0x1d32V0x1a19	0
0x274cS0x1ec8S0x1d32S0x1a19	0x2749V0x1ec8V0x1d32V0x1a19	0
0x30c7S0x1ec8S0x1d32S0x1a19	0x2734V0x1ec8V0x1d32V0x1a19	0
0x2758S0x1ec8S0x1d32S0x1a19	0x2b8eV0x1ec8V0x1d32V0x1a19	0
0x2732S0x1ec8S0x1d32S0x1a19	0x272fV0x1ec8V0x1d32V0x1a19	0
0x1e220S0x273dS0x1ec8S0x1d32S0x1a19	0x1e200V0x273dV0x1ec8V0x1d32V0x1a19	0
0x316fS0x273dS0x1ec8S0x1d32S0x1a19	0x316aV0x273dV0x1ec8V0x1d32V0x1a19	1
0x316fS0x273dS0x1ec8S0x1d32S0x1a19	0x316eV0x273dV0x1ec8V0x1d32V0x1a19	0
0x1d820S0x273dS0x1ec8S0x1d32S0x1a19	0x1d800V0x273dV0x1ec8V0x1d32V0x1a19	0
0x3169S0x273dS0x1ec8S0x1d32S0x1a19	0x3165V0x273dV0x1ec8V0x1d32V0x1a19	1
0x3169S0x273dS0x1ec8S0x1d32S0x1a19	0x3166V0x273dV0x1ec8V0x1d32V0x1a19	0
0x314eS0x273dS0x1ec8S0x1d32S0x1a19	0x314aV0x273dV0x1ec8V0x1d32V0x1a19	1
0x314eS0x273dS0x1ec8S0x1d32S0x1a19	0x314bV0x273dV0x1ec8V0x1d32V0x1a19	0
0x3160S0x273dS0x1ec8S0x1d32S0x1a19	0x315dV0x273dV0x1ec8V0x1d32V0x1a19	0
0x3156S0x273dS0x1ec8S0x1d32S0x1a19	0x3152V0x273dV0x1ec8V0x1d32V0x1a19	1
0x3156S0x273dS0x1ec8S0x1d32S0x1a19	0x3155V0x273dV0x1ec8V0x1d32V0x1a19	0
0x2c2aS0x1d11S0x1a19	0x1d27V0x1a19	0
0x2694S0x2bf4S0x1d11S0x1a19	0x2bfdV0x1d11V0x1a19	0
0x2691S0x2bf4S0x1d11S0x1a19	0x2c03V0x1d11V0x1a19	0
0x2691S0x2bf4S0x1d11S0x1a19	0x3125V0x2686V0x2bf4V0x1d11V0x1a19	1
0x30f5S0x2686S0x2bf4S0x1d11S0x1a19	0x2687V0x2bf4V0x1d11V0x1a19	0
0x2694S0x2c09S0x1d11S0x1a19	0x2c0aV0x1d11V0x1a19	0
0x2691S0x2c09S0x1d11S0x1a19	0x2c10V0x1d11V0x1a19	0
0x2691S0x2c09S0x1d11S0x1a19	0x3125V0x2686V0x2c09V0x1d11V0x1a19	1
0x30f5S0x2686S0x2c09S0x1d11S0x1a19	0x2687V0x2c09V0x1d11V0x1a19	0
0x2b7bS0x2c16S0x1d11S0x1a19	0x2c17V0x1d11V0x1a19	0
0x2b78S0x2c16S0x1d11S0x1a19	0x2c1dV0x1d11V0x1a19	0
0x2b78S0x2c16S0x1d11S0x1a19	0x1a19arg0x0	1
0x3c4cfS0x1d32S0x1a19	0x1d12V0x1a19	0
0x3c5abS0x1d32S0x1a19	0x1d12V0x1a19	0
0x2f58S0x1e8eS0x1d32S0x1a19	0x1eb7V0x1d32V0x1a19	0
0x2e78S0x1f3eS0x1d32S0x1a19	0x1f67V0x1d32V0x1a19	0
0x2f18S0x1f9bS0x1d32S0x1a19	0x1fc4V0x1d32V0x1a19	0
0x2ba1S0x1ec8S0x1d32S0x1a19	0x1ee8V0x1d32V0x1a19	0
0x3c51cS0x273dS0x1ec8S0x1d32S0x1a19	0x2740V0x1ec8V0x1d32V0x1a19	0
0x3c5f8S0x273dS0x1ec8S0x1d32S0x1a19	0x2740V0x1ec8V0x1d32V0x1a19	0
0x24d2S0x1f83B0x1d32S0x1a19	0x24cfV0x1f83B0x1d32V0x1a19	0
0x24d2S0x1f83B0x1d32S0x1a19	0x24cfV0x1f83B0x1d32V0x1a19	1
0x24e0S0x1f83B0x1d32S0x1a19	0x24ddV0x1f83B0x1d32V0x1a19	0
0x24e9S0x1f83B0x1d32S0x1a19	0x1f8dV0x1d32V0x1a19	0
0x24ceS0x1f83B0x1d32S0x1a19	0x24caV0x1f83B0x1d32V0x1a19	1
0x24ceS0x1f83B0x1d32S0x1a19	0x24cbV0x1f83B0x1d32V0x1a19	0
0x2234S0x24d3S0x1f83B0x1d32S0x1a19	0x24d6V0x1f83B0x1d32V0x1a19	0
0x222eS0x24d3S0x1f83B0x1d32S0x1a19	0x222bV0x24d3V0x1f83B0x1d32V0x1a19	0
0x31bbS0x2220S0x24d3S0x1f83B0x1d32S0x1a19	0x31b8V0x2220V0x24d3V0x1f83B0x1d32V0x1a19	0
0x31bbS0x2220S0x24d3S0x1f83B0x1d32S0x1a19	0x31b8V0x2220V0x24d3V0x1f83B0x1d32V0x1a19	1
0x31b0S0x2220S0x24d3S0x1f83B0x1d32S0x1a19	0x31adV0x2220V0x24d3V0x1f83B0x1d32V0x1a19	0
0x31b7S0x2220S0x24d3S0x1f83B0x1d32S0x1a19	0x31b3V0x2220V0x24d3V0x1f83B0x1d32V0x1a19	1
0x31b7S0x2220S0x24d3S0x1f83B0x1d32S0x1a19	0x31b4V0x2220V0x24d3V0x1f83B0x1d32V0x1a19	0
0x31beS0x2220S0x24d3S0x1f83B0x1d32S0x1a19	0x2227V0x24d3V0x1f83B0x1d32V0x1a19	0
0x3101S0x31a8S0x2220S0x24d3S0x1f83B0x1d32S0x1a19	0x31a9V0x2220V0x24d3V0x1f83B0x1d32V0x1a19	0
0x1e02S0x1cb8	0x1dffV0x1cb8	0
0x1e69S0x1cb8	0x1cb9	0
0x1e64S0x1cb8	0x1e61V0x1cb8	0
0x1e0eS0x1cb8	0x1e06V0x1cb8	0
0x1e0eS0x1cb8	0x1e0cV0x1cb8	1
0x1e12S0x1cb8	0x1e10V0x1cb8	0
0x1e12S0x1cb8	0x2c31V0x1de4V0x1cb8	1
0x1e5cS0x1cb8	0x1e36V0x1cb8	0
0x1e5cS0x1cb8	0x1e5aV0x1cb8	1
0x2c3fS0x1de4S0x1cb8	0x2c3cV0x1de4V0x1cb8	0
0x2c4cS0x1de4S0x1cb8	0x2c49V0x1de4V0x1cb8	0
0x268eS0x2c2bS0x1de4S0x1cb8	0x268bV0x2c2bV0x1de4V0x1cb8	0
0x30eeS0x2686S0x2c2bS0x1de4S0x1cb8	0x30ebV0x2686V0x2c2bV0x1de4V0x1cb8	0
0x312bS0x2686S0x2c2bS0x1de4S0x1cb8	0x30e7V0x2686V0x2c2bV0x1de4V0x1cb8	0
0x2b75S0x2c40S0x1de4S0x1cb8	0x2b72V0x2c40V0x1de4V0x1cb8	0
0x3135S0x2b6dS0x2c40S0x1de4S0x1cb8	0x2b6eV0x2c40V0x1de4V0x1cb8	0
0x1ebeS0x1e03S0x1cb8	0x1ebbV0x1e03V0x1cb8	0
0x1eb3S0x1e03S0x1cb8	0x1e90V0x1e03V0x1cb8	0
0x1eb3S0x1e03S0x1cb8	0x1e91V0x1e03V0x1cb8	1
0x1f2dS0x1e03S0x1cb8	0x1f2aV0x1e03V0x1cb8	0
0x1f1eS0x1e03S0x1cb8	0x1f1bV0x1e03V0x1cb8	1
0x1f1eS0x1e03S0x1cb8	0x1f1cV0x1e03V0x1cb8	0
0x1f21S0x1e03S0x1cb8	0x1f0fV0x1e03V0x1cb8	0
0x1f21S0x1e03S0x1cb8	0x1f1fV0x1e03V0x1cb8	1
0x1f29S0x1e03S0x1cb8	0x1f22V0x1e03V0x1cb8	2
0x1f29S0x1e03S0x1cb8	0x1f23V0x1e03V0x1cb8	1
0x1f29S0x1e03S0x1cb8	0x1f28V0x1e03V0x1cb8	0
0x1f6eS0x1e03S0x1cb8	0x1f6bV0x1e03V0x1cb8	0
0x1f63S0x1e03S0x1cb8	0x1f40V0x1e03V0x1cb8	0
0x1f63S0x1e03S0x1cb8	0x1f41V0x1e03V0x1cb8	1
0x1fcbS0x1e03S0x1cb8	0x1fc8V0x1e03V0x1cb8	0
0x1fc0S0x1e03S0x1cb8	0x1f9dV0x1e03V0x1cb8	0
0x1fc0S0x1e03S0x1cb8	0x1f9eV0x1e03V0x1cb8	1
0x1e8dS0x1e03S0x1cb8	0x1e88_0x0V0x1e03V0x1cb8	1
0x1e8dS0x1e03S0x1cb8	0x1e8aV0x1e03V0x1cb8	0
0x1ef0S0x1e03S0x1cb8	0x1eedV0x1e03V0x1cb8	0
0x1ec7S0x1e03S0x1cb8	0x1ec2V0x1e03V0x1cb8	0
0x1ec7S0x1e03S0x1cb8	0x1ec5V0x1e03V0x1cb8	1
0x1f0cS0x1e03S0x1cb8	0x1f08V0x1e03V0x1cb8	1
0x1f0cS0x1e03S0x1cb8	0x1f09V0x1e03V0x1cb8	0
0x19220S0x1e03S0x1cb8	0x19200V0x1e03V0x1cb8	0
0x1f3dS0x1e03S0x1cb8	0x1effV0x1e03V0x1cb8	1
0x1f3dS0x1e03S0x1cb8	0x1f3aV0x1e03V0x1cb8	0
0x1f82S0x1e03S0x1cb8	0x1f7eV0x1e03V0x1cb8	1
0x1f82S0x1e03S0x1cb8	0x1f7fV0x1e03V0x1cb8	0
0x1f77S0x1e03S0x1cb8	0x1f72V0x1e03V0x1cb8	0
0x1f77S0x1e03S0x1cb8	0x1f75V0x1e03V0x1cb8	1
0x1f9aS0x1e03S0x1cb8	0x1f97V0x1e03V0x1cb8	0
0x1f9aS0x1e03S0x1cb8	0x2224V0x24d3V0x1f83B0x1e03V0x1cb8	1
0x19c20S0x1e03S0x1cb8	0x19c00V0x1e03V0x1cb8	0
0x1fd4S0x1e03S0x1cb8	0x1fcfV0x1e03V0x1cb8	0
0x1fd4S0x1e03S0x1cb8	0x1fd2V0x1e03V0x1cb8	1
0x1f95S0x1e03S0x1cb8	0x1f92V0x1e03V0x1cb8	0
0x2f51S0x1e8eS0x1e03S0x1cb8	0x2f4eV0x1e8eV0x1e03V0x1cb8	0
0x2f49S0x1e8eS0x1e03S0x1cb8	0x2f44V0x1e8eV0x1e03V0x1cb8	1
0x2f49S0x1e8eS0x1e03S0x1cb8	0x2f48V0x1e8eV0x1e03V0x1cb8	0
0x2b5dS0x1e8eS0x1e03S0x1cb8	0x2f4aV0x1e8eV0x1e03V0x1cb8	0
0x2b53S0x1e8eS0x1e03S0x1cb8	0x2b2eV0x1e8eV0x1e03V0x1cb8	1
0x2b53S0x1e8eS0x1e03S0x1cb8	0x2b52V0x1e8eV0x1e03V0x1cb8	0
0x2b2aS0x1e8eS0x1e03S0x1cb8	0x2b27V0x1e8eV0x1e03V0x1cb8	0
0x30d8S0x2b1eS0x1e8eS0x1e03S0x1cb8	0x2b21V0x1e8eV0x1e03V0x1cb8	0
0x30cdS0x2b1eS0x1e8eS0x1e03S0x1cb8	0x2f3fV0x1e8eV0x1e03V0x1cb8	0
0x30cdS0x2b1eS0x1e8eS0x1e03S0x1cb8	0x2b24V0x1e8eV0x1e03V0x1cb8	1
0x2e71S0x1f3eS0x1e03S0x1cb8	0x2e6eV0x1f3eV0x1e03V0x1cb8	0
0x2e69S0x1f3eS0x1e03S0x1cb8	0x2e64V0x1f3eV0x1e03V0x1cb8	1
0x2e69S0x1f3eS0x1e03S0x1cb8	0x2e68V0x1f3eV0x1e03V0x1cb8	0
0x2951S0x1f3eS0x1e03S0x1cb8	0x2e6aV0x1f3eV0x1e03V0x1cb8	0
0x2947S0x1f3eS0x1e03S0x1cb8	0x2922V0x1f3eV0x1e03V0x1cb8	1
0x2947S0x1f3eS0x1e03S0x1cb8	0x2946V0x1f3eV0x1e03V0x1cb8	0
0x291eS0x1f3eS0x1e03S0x1cb8	0x291bV0x1f3eV0x1e03V0x1cb8	0
0x30d8S0x2912S0x1f3eS0x1e03S0x1cb8	0x2915V0x1f3eV0x1e03V0x1cb8	0
0x30cdS0x2912S0x1f3eS0x1e03S0x1cb8	0x2e5fV0x1f3eV0x1e03V0x1cb8	0
0x30cdS0x2912S0x1f3eS0x1e03S0x1cb8	0x2918V0x1f3eV0x1e03V0x1cb8	1
0x2f11S0x1f9bS0x1e03S0x1cb8	0x2f0eV0x1f9bV0x1e03V0x1cb8	0
0x2f09S0x1f9bS0x1e03S0x1cb8	0x2f04V0x1f9bV0x1e03V0x1cb8	1
0x2f09S0x1f9bS0x1e03S0x1cb8	0x2f08V0x1f9bV0x1e03V0x1cb8	0
0x2addS0x1f9bS0x1e03S0x1cb8	0x2f0aV0x1f9bV0x1e03V0x1cb8	0
0x2aadS0x1f9bS0x1e03S0x1cb8	0x2a88V0x1f9bV0x1e03V0x1cb8	1
0x2aadS0x1f9bS0x1e03S0x1cb8	0x2aacV0x1f9bV0x1e03V0x1cb8	0
0x2ad3S0x1f9bS0x1e03S0x1cb8	0x2aaeV0x1f9bV0x1e03V0x1cb8	1
0x2ad3S0x1f9bS0x1e03S0x1cb8	0x2ad2V0x1f9bV0x1e03V0x1cb8	0
0x2a84S0x1f9bS0x1e03S0x1cb8	0x2a81V0x1f9bV0x1e03V0x1cb8	0
0x30d8S0x2a78S0x1f9bS0x1e03S0x1cb8	0x2a7bV0x1f9bV0x1e03V0x1cb8	0
0x30cdS0x2a78S0x1f9bS0x1e03S0x1cb8	0x2effV0x1f9bV0x1e03V0x1cb8	0
0x30cdS0x2a78S0x1f9bS0x1e03S0x1cb8	0x2a7eV0x1f9bV0x1e03V0x1cb8	1
0x2b96S0x1ec8S0x1e03S0x1cb8	0x2b93V0x1ec8V0x1e03V0x1cb8	0
0x273cS0x1ec8S0x1e03S0x1cb8	0x2739V0x1ec8V0x1e03V0x1cb8	0
0x3093S0x1ec8S0x1e03S0x1cb8	0x272bV0x1ec8V0x1e03V0x1cb8	0
0x274cS0x1ec8S0x1e03S0x1cb8	0x2749V0x1ec8V0x1e03V0x1cb8	0
0x30c7S0x1ec8S0x1e03S0x1cb8	0x2734V0x1ec8V0x1e03V0x1cb8	0
0x2758S0x1ec8S0x1e03S0x1cb8	0x2b8eV0x1ec8V0x1e03V0x1cb8	0
0x2732S0x1ec8S0x1e03S0x1cb8	0x272fV0x1ec8V0x1e03V0x1cb8	0
0x1e220S0x273dS0x1ec8S0x1e03S0x1cb8	0x1e200V0x273dV0x1ec8V0x1e03V0x1cb8	0
0x316fS0x273dS0x1ec8S0x1e03S0x1cb8	0x316aV0x273dV0x1ec8V0x1e03V0x1cb8	1
0x316fS0x273dS0x1ec8S0x1e03S0x1cb8	0x316eV0x273dV0x1ec8V0x1e03V0x1cb8	0
0x1d820S0x273dS0x1ec8S0x1e03S0x1cb8	0x1d800V0x273dV0x1ec8V0x1e03V0x1cb8	0
0x3169S0x273dS0x1ec8S0x1e03S0x1cb8	0x3165V0x273dV0x1ec8V0x1e03V0x1cb8	1
0x3169S0x273dS0x1ec8S0x1e03S0x1cb8	0x3166V0x273dV0x1ec8V0x1e03V0x1cb8	0
0x314eS0x273dS0x1ec8S0x1e03S0x1cb8	0x314aV0x273dV0x1ec8V0x1e03V0x1cb8	1
0x314eS0x273dS0x1ec8S0x1e03S0x1cb8	0x314bV0x273dV0x1ec8V0x1e03V0x1cb8	0
0x3160S0x273dS0x1ec8S0x1e03S0x1cb8	0x315dV0x273dV0x1ec8V0x1e03V0x1cb8	0
0x3156S0x273dS0x1ec8S0x1e03S0x1cb8	0x3152V0x273dV0x1ec8V0x1e03V0x1cb8	1
0x3156S0x273dS0x1ec8S0x1e03S0x1cb8	0x3155V0x273dV0x1ec8V0x1e03V0x1cb8	0
0x2c53S0x1de4S0x1cb8	0x1df9V0x1cb8	0
0x2694S0x2c2bS0x1de4S0x1cb8	0x2c34V0x1de4V0x1cb8	0
0x2691S0x2c2bS0x1de4S0x1cb8	0x2c3aV0x1de4V0x1cb8	0
0x2691S0x2c2bS0x1de4S0x1cb8	0x3125V0x2686V0x2c2bV0x1de4V0x1cb8	1
0x30f5S0x2686S0x2c2bS0x1de4S0x1cb8	0x2687V0x2c2bV0x1de4V0x1cb8	0
0x2b7bS0x2c40S0x1de4S0x1cb8	0x2c41V0x1de4V0x1cb8	0
0x2b78S0x2c40S0x1de4S0x1cb8	0x2c47V0x1de4V0x1cb8	0
0x2b78S0x2c40S0x1de4S0x1cb8	0x1cb8arg0x0	1
0x3c4cfS0x1e03S0x1cb8	0x1de5V0x1cb8	0
0x3c5abS0x1e03S0x1cb8	0x1de5V0x1cb8	0
0x2f58S0x1e8eS0x1e03S0x1cb8	0x1eb7V0x1e03V0x1cb8	0
0x2e78S0x1f3eS0x1e03S0x1cb8	0x1f67V0x1e03V0x1cb8	0
0x2f18S0x1f9bS0x1e03S0x1cb8	0x1fc4V0x1e03V0x1cb8	0
0x2ba1S0x1ec8S0x1e03S0x1cb8	0x1ee8V0x1e03V0x1cb8	0
0x3c51cS0x273dS0x1ec8S0x1e03S0x1cb8	0x2740V0x1ec8V0x1e03V0x1cb8	0
0x3c5f8S0x273dS0x1ec8S0x1e03S0x1cb8	0x2740V0x1ec8V0x1e03V0x1cb8	0
0x24d2S0x1f83B0x1e03S0x1cb8	0x24cfV0x1f83B0x1e03V0x1cb8	0
0x24d2S0x1f83B0x1e03S0x1cb8	0x24cfV0x1f83B0x1e03V0x1cb8	1
0x24e0S0x1f83B0x1e03S0x1cb8	0x24ddV0x1f83B0x1e03V0x1cb8	0
0x24e9S0x1f83B0x1e03S0x1cb8	0x1f8dV0x1e03V0x1cb8	0
0x24ceS0x1f83B0x1e03S0x1cb8	0x24caV0x1f83B0x1e03V0x1cb8	1
0x24ceS0x1f83B0x1e03S0x1cb8	0x24cbV0x1f83B0x1e03V0x1cb8	0
0x2234S0x24d3S0x1f83B0x1e03S0x1cb8	0x24d6V0x1f83B0x1e03V0x1cb8	0
0x222eS0x24d3S0x1f83B0x1e03S0x1cb8	0x222bV0x24d3V0x1f83B0x1e03V0x1cb8	0
0x31bbS0x2220S0x24d3S0x1f83B0x1e03S0x1cb8	0x31b8V0x2220V0x24d3V0x1f83B0x1e03V0x1cb8	0
0x31bbS0x2220S0x24d3S0x1f83B0x1e03S0x1cb8	0x31b8V0x2220V0x24d3V0x1f83B0x1e03V0x1cb8	1
0x31b0S0x2220S0x24d3S0x1f83B0x1e03S0x1cb8	0x31adV0x2220V0x24d3V0x1f83B0x1e03V0x1cb8	0
0x31b7S0x2220S0x24d3S0x1f83B0x1e03S0x1cb8	0x31b3V0x2220V0x24d3V0x1f83B0x1e03V0x1cb8	1
0x31b7S0x2220S0x24d3S0x1f83B0x1e03S0x1cb8	0x31b4V0x2220V0x24d3V0x1f83B0x1e03V0x1cb8	0
0x31beS0x2220S0x24d3S0x1f83B0x1e03S0x1cb8	0x2227V0x24d3V0x1f83B0x1e03V0x1cb8	0
0x3101S0x31a8S0x2220S0x24d3S0x1f83B0x1e03S0x1cb8	0x31a9V0x2220V0x24d3V0x1f83B0x1e03V0x1cb8	0
0x25f6S0x470	0x25f3V0x470	0
0x25f6S0x470	0x25f3V0x470	1
0x2654S0x470	0x2651V0x470	0
0x2654S0x470	0x2651V0x470	1
0x25f2S0x470	0x25eeV0x470	1
0x25f2S0x470	0x25efV0x470	0
0x2604S0x470	0x2601V0x470	0
0x2615S0x470	0x2612V0x470	0
0x2626S0x470	0x2623V0x470	0
0x2637S0x470	0x2634V0x470	0
0x2650S0x470	0x264cV0x470	1
0x2650S0x470	0x264dV0x470	0
0x2660S0x470	0x265dV0x470	0
0x266dS0x470	0x47c	0
0x2320S0x25f7S0x470	0x231dV0x25f7V0x470	0
0x2320S0x2616S0x470	0x231dV0x2616V0x470	0
0x2320S0x2627S0x470	0x231dV0x2627V0x470	0
0x31e9S0x2312B0x25f7S0x470	0x31e6V0x2312B0x25f7V0x470	0
0x31e9S0x2312B0x25f7S0x470	0x31e6V0x2312B0x25f7V0x470	1
0x31e5S0x2312B0x25f7S0x470	0x31e1V0x2312B0x25f7V0x470	1
0x31e5S0x2312B0x25f7S0x470	0x31e2V0x2312B0x25f7V0x470	0
0x31deS0x2312B0x25f7S0x470	0x31dbV0x2312B0x25f7V0x470	0
0x3135S0x31d6S0x2312B0x25f7S0x470	0x31d7V0x2312B0x25f7V0x470	0
0x31e9S0x2312B0x2616S0x470	0x31e6V0x2312B0x2616V0x470	0
0x31e9S0x2312B0x2616S0x470	0x31e6V0x2312B0x2616V0x470	1
0x31e5S0x2312B0x2616S0x470	0x31e1V0x2312B0x2616V0x470	1
0x31e5S0x2312B0x2616S0x470	0x31e2V0x2312B0x2616V0x470	0
0x31deS0x2312B0x2616S0x470	0x31dbV0x2312B0x2616V0x470	0
0x3135S0x31d6S0x2312B0x2616S0x470	0x31d7V0x2312B0x2616V0x470	0
0x31e9S0x2312B0x2627S0x470	0x31e6V0x2312B0x2627V0x470	0
0x31e9S0x2312B0x2627S0x470	0x31e6V0x2312B0x2627V0x470	1
0x31e5S0x2312B0x2627S0x470	0x31e1V0x2312B0x2627V0x470	1
0x31e5S0x2312B0x2627S0x470	0x31e2V0x2312B0x2627V0x470	0
0x31deS0x2312B0x2627S0x470	0x31dbV0x2312B0x2627V0x470	0
0x3135S0x31d6S0x2312B0x2627S0x470	0x31d7V0x2312B0x2627V0x470	0
0x2090S0x2605S0x470	0x208dV0x2605V0x470	0
0x31a4S0x2082S0x2605S0x470	0x31a1V0x2082V0x2605V0x470	0
0x31a4S0x2082S0x2605S0x470	0x31a1V0x2082V0x2605V0x470	1
0x3199S0x2082S0x2605S0x470	0x3196V0x2082V0x2605V0x470	0
0x31a0S0x2082S0x2605S0x470	0x319cV0x2082V0x2605V0x470	1
0x31a0S0x2082S0x2605S0x470	0x319dV0x2082V0x2605V0x470	0
0x30eeS0x3191S0x2082S0x2605S0x470	0x30ebV0x3191V0x2082V0x2605V0x470	0
0x312bS0x3191S0x2082S0x2605S0x470	0x30e7V0x3191V0x2082V0x2605V0x470	0
0x2326S0x25f7S0x470	0x25faV0x470	0
0x2326S0x2616S0x470	0x261cV0x470	0
0x2326S0x2627S0x470	0x262dV0x470	0
0x31ecS0x2312B0x25f7S0x470	0x2319V0x25f7V0x470	0
0x31ecS0x2312B0x2616S0x470	0x2319V0x2616V0x470	0
0x31ecS0x2312B0x2627S0x470	0x2319V0x2627V0x470	0
0x2096S0x2605S0x470	0x260bV0x470	0
0x31a7S0x2082S0x2605S0x470	0x2089V0x2605V0x470	0
0x30f5S0x3191S0x2082S0x2605S0x470	0x3192V0x2082V0x2605V0x470	0
0x212aS0x2655S0x470	0x2127V0x2655V0x470	0
0x212aS0x2655S0x470	0x2127V0x2655V0x470	1
0x2162S0x2655S0x470	0x215fV0x2655V0x470	0
0x2162S0x2655S0x470	0x215fV0x2655V0x470	1
0x22afS0x2655S0x470	0x22acV0x2655V0x470	0
0x22afS0x2655S0x470	0x22acV0x2655V0x470	1
0x3008S0x2655S0x470	0x3005V0x2655V0x470	0
0x3008S0x2655S0x470	0x3005V0x2655V0x470	1
0x2138S0x2655S0x470	0x2135V0x2655V0x470	0
0x215eS0x2655S0x470	0x215aV0x2655V0x470	1
0x215eS0x2655S0x470	0x215bV0x2655V0x470	0
0x2144S0x2655S0x470	0x212dV0x2655V0x470	1
0x2144S0x2655S0x470	0x2fa2V0x2139V0x2655V0x470	0
0x213dS0x2655S0x470	0x213aV0x2655V0x470	0
0x3004S0x2655S0x470	0x3000V0x2655V0x470	1
0x3004S0x2655S0x470	0x3001V0x2655V0x470	0
0x1ba20S0x2655S0x470	0x1ba00V0x2655V0x470	0
0x219cS0x2655S0x470	0x2656V0x470	0
0x2192S0x2655S0x470	0x218fV0x2655V0x470	0
0x217bS0x2655S0x470	0x2179_0x4V0x2655V0x470	0
0x217bS0x2655S0x470	0x2fa2V0x22b0V0x2655V0x470	1
0x22abS0x2655S0x470	0x22a7V0x2655V0x470	1
0x22abS0x2655S0x470	0x22a8V0x2655V0x470	0
0x216eS0x2655S0x470	0x216aV0x2655V0x470	1
0x216eS0x2655S0x470	0x216bV0x2655V0x470	0
0x22b9S0x2655S0x470	0x22b6V0x2655V0x470	0
0x22c9S0x2655S0x470	0x22c6V0x2655V0x470	0
0x22ddS0x2655S0x470	0x22daV0x2655V0x470	0
0x22cfS0x2655S0x470	0x22ceV0x2655V0x470	0
0x22cfS0x2655S0x470	0x2086V0x22baV0x2655V0x470	1
0x22f1S0x2655S0x470	0x22eeV0x2655V0x470	0
0x22e3S0x2655S0x470	0x22e2V0x2655V0x470	0
0x22e3S0x2655S0x470	0x2340V0x22caV0x2655V0x470	1
0x2305S0x2655S0x470	0x2302V0x2655V0x470	0
0x22f7S0x2655S0x470	0x22f6V0x2655V0x470	0
0x22f7S0x2655S0x470	0x2239V0x22deV0x2655V0x470	1
0x2311S0x2655S0x470	0x2170V0x2655V0x470	0
0x230bS0x2655S0x470	0x230aV0x2655V0x470	0
0x230bS0x2655S0x470	0x2239V0x22f2V0x2655V0x470	1
0x2126S0x2655S0x470	0x2122V0x2655V0x470	1
0x2126S0x2655S0x470	0x2123V0x2655V0x470	0
0x3019S0x2655S0x470	0x2131V0x2655V0x470	0
0x2178S0x2655S0x470	0x2175V0x2655V0x470	0
0x2fbfS0x2139S0x2655S0x470	0x2fbcV0x2139V0x2655V0x470	0
0x2fbfS0x2139S0x2655S0x470	0x2fbcV0x2139V0x2655V0x470	1
0x2fbbS0x2139S0x2655S0x470	0x2fb7V0x2139V0x2655V0x470	1
0x2fbbS0x2139S0x2655S0x470	0x2fb8V0x2139V0x2655V0x470	0
0x2fc9S0x2139S0x2655S0x470	0x212eV0x2655V0x470	0
0x2fc4S0x2139S0x2655S0x470	0x2fa7V0x2139V0x2655V0x470	1
0x2fc4S0x2139S0x2655S0x470	0x2fc2V0x2139V0x2655V0x470	0
0x2fbfS0x22b0S0x2655S0x470	0x2fbcV0x22b0V0x2655V0x470	0
0x2fbfS0x22b0S0x2655S0x470	0x2fbcV0x22b0V0x2655V0x470	1
0x2fbbS0x22b0S0x2655S0x470	0x2fb7V0x22b0V0x2655V0x470	1
0x2fbbS0x22b0S0x2655S0x470	0x2fb8V0x22b0V0x2655V0x470	0
0x2fc9S0x22b0S0x2655S0x470	0x22b1V0x2655V0x470	0
0x2fc4S0x22b0S0x2655S0x470	0x2fa7V0x22b0V0x2655V0x470	1
0x2fc4S0x22b0S0x2655S0x470	0x2fc2V0x22b0V0x2655V0x470	0
0x2096S0x22baS0x2655S0x470	0x22bfV0x2655V0x470	0
0x2090S0x22baS0x2655S0x470	0x208dV0x22baV0x2655V0x470	0
0x31a4S0x2082S0x22baS0x2655S0x470	0x31a1V0x2082V0x22baV0x2655V0x470	0
0x31a4S0x2082S0x22baS0x2655S0x470	0x31a1V0x2082V0x22baV0x2655V0x470	1
0x3199S0x2082S0x22baS0x2655S0x470	0x3196V0x2082V0x22baV0x2655V0x470	0
0x31a0S0x2082S0x22baS0x2655S0x470	0x319cV0x2082V0x22baV0x2655V0x470	1
0x31a0S0x2082S0x22baS0x2655S0x470	0x319dV0x2082V0x22baV0x2655V0x470	0
0x31a7S0x2082S0x22baS0x2655S0x470	0x2089V0x22baV0x2655V0x470	0
0x30eeS0x3191S0x2082S0x22baS0x2655S0x470	0x30ebV0x3191V0x2082V0x22baV0x2655V0x470	0
0x30f5S0x3191S0x2082S0x22baS0x2655S0x470	0x3192V0x2082V0x22baV0x2655V0x470	0
0x312bS0x3191S0x2082S0x22baS0x2655S0x470	0x30e7V0x3191V0x2082V0x22baV0x2655V0x470	0
0x234aS0x22caS0x2655S0x470	0x2347V0x22caV0x2655V0x470	0
0x2350S0x22caS0x2655S0x470	0x22d3V0x2655V0x470	0
0x3200S0x233cS0x22caS0x2655S0x470	0x31fdV0x233cV0x22caV0x2655V0x470	0
0x3200S0x233cS0x22caS0x2655S0x470	0x31fdV0x233cV0x22caV0x2655V0x470	1
0x31f5S0x233cS0x22caS0x2655S0x470	0x31f2V0x233cV0x22caV0x2655V0x470	0
0x31fcS0x233cS0x22caS0x2655S0x470	0x31f8V0x233cV0x22caV0x2655V0x470	1
0x31fcS0x233cS0x22caS0x2655S0x470	0x31f9V0x233cV0x22caV0x2655V0x470	0
0x3203S0x233cS0x22caS0x2655S0x470	0x2343V0x22caV0x2655V0x470	0
0x3142S0x31edS0x233cS0x22caS0x2655S0x470	0x31eeV0x233cV0x22caV0x2655V0x470	0
0x2249S0x22deS0x2655S0x470	0x22e7V0x2655V0x470	0
0x2243S0x22deS0x2655S0x470	0x2240V0x22deV0x2655V0x470	0
0x31d2S0x2235S0x22deS0x2655S0x470	0x31cfV0x2235V0x22deV0x2655V0x470	0
0x31d2S0x2235S0x22deS0x2655S0x470	0x31cfV0x2235V0x22deV0x2655V0x470	1
0x31c7S0x2235S0x22deS0x2655S0x470	0x31c4V0x2235V0x22deV0x2655V0x470	0
0x31ceS0x2235S0x22deS0x2655S0x470	0x31caV0x2235V0x22deV0x2655V0x470	1
0x31ceS0x2235S0x22deS0x2655S0x470	0x31cbV0x2235V0x22deV0x2655V0x470	0
0x31d5S0x2235S0x22deS0x2655S0x470	0x223cV0x22deV0x2655V0x470	0
0x310bS0x31bfS0x2235S0x22deS0x2655S0x470	0x31c0V0x2235V0x22deV0x2655V0x470	0
0x2249S0x22f2S0x2655S0x470	0x22fbV0x2655V0x470	0
0x2243S0x22f2S0x2655S0x470	0x2240V0x22f2V0x2655V0x470	0
0x31d2S0x2235S0x22f2S0x2655S0x470	0x31cfV0x2235V0x22f2V0x2655V0x470	0
0x31d2S0x2235S0x22f2S0x2655S0x470	0x31cfV0x2235V0x22f2V0x2655V0x470	1
0x31c7S0x2235S0x22f2S0x2655S0x470	0x31c4V0x2235V0x22f2V0x2655V0x470	0
0x31ceS0x2235S0x22f2S0x2655S0x470	0x31caV0x2235V0x22f2V0x2655V0x470	1
0x31ceS0x2235S0x22f2S0x2655S0x470	0x31cbV0x2235V0x22f2V0x2655V0x470	0
0x31d5S0x2235S0x22f2S0x2655S0x470	0x223cV0x22f2V0x2655V0x470	0
0x310bS0x31bfS0x2235S0x22f2S0x2655S0x470	0x31c0V0x2235V0x22f2V0x2655V0x470	0
0x5c5S0x1ef	0x5c3V0x1ef	0
0x5ebS0x1ef	0x5c5V0x1ef	1
0x5ebS0x1ef	0x5e9V0x1ef	0
0x5f3S0x1ef	0x5f0V0x1ef	0
0x5e8S0x1ef	0x5c5V0x1ef	0
0x5e8S0x1ef	0x5c6V0x1ef	1
0x614S0x1ef	0x611V0x1ef	0
0x614S0x1ef	0x611V0x1ef	1
0x65aS0x1ef	0x2fa2V0x20b6V0x2482V0x1d9	0
0x65cS0x1ef	0x65aV0x1ef	1
0x65cS0x1ef	0x654_0x0V0x1ef	0
0x654_0x0S0x1ef	0x648V0x1ef	-1
0x654_0x0S0x1ef	0x6a0V0x1ef	-1
0x660S0x1ef	0x65cV0x1ef	1
0x660S0x1ef	0x65dV0x1ef	0
0xb030x5b7S0x1ef	0x5b70xb01V0x1ef	0
0xb030x5b7S0x1ef	0x5b70xaddV0x1ef	1
0xadd0x5b7S0x1ef	0x5b70xadbV0x1ef	0
0xb0b0x5b7S0x1ef	0x5b70xb08V0x1ef	0
0xb000x5b7S0x1ef	0x5b70xadeV0x1ef	1
0xb000x5b7S0x1ef	0x5b70xaddV0x1ef	0
0x5bbS0x1ef	0x2fa2V0x21bcV0x24abV0x1d9	0
0x5bdS0x1ef	0x2fa2V0x20b6V0x2482V0x1d9	0
0x5beS0x1ef	0x5bbV0x1ef	1
0x5beS0x1ef	0x5bdV0x1ef	0
0x5c2S0x1ef	0x5beV0x1ef	1
0x5c2S0x1ef	0x5bfV0x1ef	0
0x5ffS0x1ef	0x2fa2V0x20b6V0x2482V0x1d9	0
0x60aS0x1ef	0x5ffV0x1ef	0
0x60aS0x1ef	0x600V0x1ef	1
0x60cS0x1ef	0x60aV0x1ef	0
0x610S0x1ef	0x60cV0x1ef	1
0x610S0x1ef	0x60dV0x1ef	0
0x5f7S0x1ef	0x5f5V0x1ef	0
0x5faS0x1ef	0x5f7V0x1ef	1
0x5faS0x1ef	0x2a71V0x5c3V0x1ef	0
0x5fcS0x1ef	0x5f7V0x1ef	0
0x5fcS0x1ef	0x5faV0x1ef	1
0x619S0x1ef	0x617V0x1ef	0
0x621S0x1ef	0x5ffV0x1ef	1
0x621S0x1ef	0x61fV0x1ef	0
0x624S0x1ef	0x621V0x1ef	1
0x624S0x1ef	0x622V0x1ef	0
0x626S0x1ef	0x619V0x1ef	0
0x626S0x1ef	0x624V0x1ef	1
0x62bS0x1ef	0x5ffV0x1ef	0
0x62fS0x1ef	0x62bV0x1ef	1
0x62fS0x1ef	0x62cV0x1ef	0
0x61dS0x1ef	0x5ffV0x1ef	1
0x61dS0x1ef	0x619V0x1ef	0
0x629S0x1ef	0x626V0x1ef	1
0x629S0x1ef	0x627V0x1ef	0
0xd420S0x1ef	0xd400V0x1ef	0
0x6aeS0x1ef	0x1db	0
0x687S0x1ef	0x619V0x1ef	0
0x689S0x1ef	0x687V0x1ef	1
0x689S0x1ef	0x683_0x1V0x1ef	0
0x683_0x1S0x1ef	0x648V0x1ef	-1
0x683_0x1S0x1ef	0x6a0V0x1ef	-1
0x68dS0x1ef	0x689V0x1ef	1
0x68dS0x1ef	0x68aV0x1ef	0
0x665S0x1ef	0x663V0x1ef	0
0x665S0x1ef	0x662_0x0V0x1ef	1
0x668S0x1ef	0x665V0x1ef	1
0x668S0x1ef	0x666V0x1ef	0
0x669S0x1ef	0x2fa2V0x20b6V0x2482V0x1d9	1
0x669S0x1ef	0x668V0x1ef	0
0x66aS0x1ef	0x669V0x1ef	0
0x66eS0x1ef	0x2fa2V0x21bcV0x24abV0x1d9	0
0x670S0x1ef	0x66eV0x1ef	1
0x670S0x1ef	0x662_0x3V0x1ef	0
0x662_0x0S0x1ef	0x648V0x1ef	-1
0x662_0x0S0x1ef	0x6a0V0x1ef	-1
0x662_0x3S0x1ef	0x648V0x1ef	-1
0x662_0x3S0x1ef	0x6a0V0x1ef	-1
0x674S0x1ef	0x670V0x1ef	1
0x674S0x1ef	0x671V0x1ef	0
0x679S0x1ef	0x677V0x1ef	0
0x679S0x1ef	0x676_0x0V0x1ef	1
0x67cS0x1ef	0x679V0x1ef	1
0x67cS0x1ef	0x67aV0x1ef	0
0x67dS0x1ef	0x2fa2V0x21bcV0x24abV0x1d9	1
0x67dS0x1ef	0x67cV0x1ef	0
0x67eS0x1ef	0x67dV0x1ef	0
0x676_0x0S0x1ef	0x648V0x1ef	-1
0x676_0x0S0x1ef	0x6a0V0x1ef	-1
0x682S0x1ef	0x67fV0x1ef	0
0x692S0x1ef	0x690V0x1ef	0
0x692S0x1ef	0x68f_0x0V0x1ef	1
0x695S0x1ef	0x692V0x1ef	1
0x695S0x1ef	0x693V0x1ef	0
0x696S0x1ef	0x619V0x1ef	1
0x696S0x1ef	0x695V0x1ef	0
0x6a0S0x1ef	0x69eV0x1ef	0
0x6a0S0x1ef	0x68f_0x3V0x1ef	1
0x68f_0x0S0x1ef	0x648V0x1ef	-1
0x68f_0x0S0x1ef	0x6a0V0x1ef	-1
0x68f_0x3S0x1ef	0x648V0x1ef	-1
0x68f_0x3S0x1ef	0x6a0V0x1ef	-1
0x6a7S0x1ef	0x6a4V0x1ef	0
0x699S0x1ef	0x696V0x1ef	0
0x699S0x1ef	0x5b70xb66_0x0V0x1ef	1
0x64cS0x1ef	0x2fa2V0x20b6V0x2482V0x1d9	0
0x64eS0x1ef	0x64cV0x1ef	1
0x64eS0x1ef	0x64a_0x0V0x1ef	0
0x64fS0x1ef	0x64eV0x1ef	0
0x64a_0x0S0x1ef	0x648V0x1ef	-1
0x64a_0x0S0x1ef	0x6a0V0x1ef	-1
0x653S0x1ef	0x64fV0x1ef	1
0x653S0x1ef	0x650V0x1ef	0
0x633S0x1ef	0x619V0x1ef	1
0x633S0x1ef	0x631V0x1ef	0
0x637S0x1ef	0x5ffV0x1ef	0
0x637S0x1ef	0x634V0x1ef	1
0x63eS0x1ef	0x633V0x1ef	0
0x63eS0x1ef	0x637V0x1ef	1
0xca20S0x1ef	0xca00V0x1ef	0
0x63bS0x1ef	0x633V0x1ef	0
0x63bS0x1ef	0x637V0x1ef	2
0x63bS0x1ef	0x639V0x1ef	1
0xb660x5b7S0x1ef	0x67eV0x1ef	1
0xb660x5b7S0x1ef	0x5b70xb16V0x1ef	3
0xb660x5b7S0x1ef	0x5b70xb65V0x1ef	0
0xb660x5b7S0x1ef	0x5b70xb59V0x1ef	2
0xb650x5b7S0x1ef	0x5b70xb60V0x1ef	0
0xb650x5b7S0x1ef	0x5b70xb5aV0x1ef	1
0xb590x5b7S0x1ef	0x5b70xb58V0x1ef	0
0xb580x5b7S0x1ef	0x5b70xb56V0x1ef	0
0xb580x5b7S0x1ef	0x5b70xb55V0x1ef	1
0xb550x5b7S0x1ef	0x5b70xb53V0x1ef	0
0xb550x5b7S0x1ef	0x5b70xb4fV0x1ef	1
0xb4f0x5b7S0x1ef	0x5b70xb4dV0x1ef	0
0xb4f0x5b7S0x1ef	0x5b70xb1cV0x1ef	1
0xb4a0x5b7S0x1ef	0x5b70xb35V0x1ef	0
0xb4a0x5b7S0x1ef	0x5b70xb34V0x1ef	1
0xb340x5b7S0x1ef	0x66aV0x1ef	1
0xb340x5b7S0x1ef	0x5b70xb1fV0x1ef	0
0xb4c0x5b7S0x1ef	0x5b70xb4aV0x1ef	1
0xb4c0x5b7S0x1ef	0x5b70xb1cV0x1ef	0
0xb520x5b7S0x1ef	0x5b70xb4fV0x1ef	0
0xb520x5b7S0x1ef	0x5b70xb1aV0x1ef	1
0xbea0x5b7S0x1ef	0x5b70xbe8V0x1ef	0
0xbc40x5b7S0x1ef	0x66aV0x1ef	1
0xbc40x5b7S0x1ef	0x5b70xbafV0x1ef	0
0xba90x5b7S0x1ef	0x5b70xba7V0x1ef	0
0xba90x5b7S0x1ef	0x5b70xba6V0x1ef	1
0xba60x5b7S0x1ef	0x5b70xba4V0x1ef	0
0xba60x5b7S0x1ef	0x5b70xba0V0x1ef	1
0xba00x5b7S0x1ef	0x5b70xb9eV0x1ef	0
0xba00x5b7S0x1ef	0x5b70xb6dV0x1ef	1
0xb9b0x5b7S0x1ef	0x5b70xb86V0x1ef	0
0xb9b0x5b7S0x1ef	0x5b70xb85V0x1ef	1
0xb850x5b7S0x1ef	0x66aV0x1ef	1
0xb850x5b7S0x1ef	0x5b70xb70V0x1ef	0
0xbf40x5b7S0x1ef	0x5b70xbf1V0x1ef	0
0xb9d0x5b7S0x1ef	0x5b70xb9bV0x1ef	1
0xb9d0x5b7S0x1ef	0x5b70xb6dV0x1ef	0
0xba30x5b7S0x1ef	0x5b70xba0V0x1ef	0
0xba30x5b7S0x1ef	0x5b70xb6bV0x1ef	1
0xbac0x5b7S0x1ef	0x5b70xb66_0x0V0x1ef	1
0xbac0x5b7S0x1ef	0x5b70xba9V0x1ef	0
0xad60x5b7S0x1ef	0x5b70xad5V0x1ef	0
0xad60x5b7S0x1ef	0x5b70xabeV0x1ef	1
0xad50x5b7S0x1ef	0x5b70xac0V0x1ef	0
0xad50x5b7S0x1ef	0x5b70xabfV0x1ef	1
0xabe0x5b7S0x1ef	0x5b70xaa9V0x1ef	0
0xabe0x5b7S0x1ef	0x5b70xaa8V0x1ef	1
0xaa80x5b7S0x1ef	0x5b70xa93V0x1ef	0
0xaa80x5b7S0x1ef	0x5b70xa92V0x1ef	1
0xa920x5b7S0x1ef	0x5b70xa90V0x1ef	1
0xa920x5b7S0x1ef	0x5b70xa8bV0x1ef	0
0xa900x5b7S0x1ef	0x5b70xa8dV0x1ef	0
0xa900x5b7S0x1ef	0x5b70xa88V0x1ef	1
0xa8b0x5b7S0x1ef	0x5b70xa86V0x1ef	0
0xada0x5b7S0x1ef	0x5b70xad7V0x1ef	0
0xada0x5b7S0x1ef	0x5b70xad6V0x1ef	1
0xbfb0x5b7S0x1ef	0x5b70xbf8V0x1ef	1
0xbfb0x5b7S0x1ef	0x2f7aV0xb670x5b7V0x1ef	0
0xbf80x5b7S0x1ef	0x5b70xbf6V0x1ef	0
0xc020x5b7S0x1ef	0x654V0x1ef	0
0xbfd0x5b7S0x1ef	0x5b70xbfbV0x1ef	1
0xbfd0x5b7S0x1ef	0x5b70xbf8V0x1ef	0
0xbfd0x5b7S0x1ef	0x5b70xbc5V0x1ef	2
0xbfd0x5b7S0x1ef	0x5b70xbc4V0x1ef	3
0xb120x5b7S0x1ef	0x5b70xb0fV0x1ef	1
0xb120x5b7S0x1ef	0x2b17V0xadb0x5b7V0x1ef	0
0xb0f0x5b7S0x1ef	0x5b70xb0dV0x1ef	0
0xb140x5b7S0x1ef	0x5b70xb12V0x1ef	1
0xb140x5b7S0x1ef	0x5b70xb0fV0x1ef	0
0x2edfS0x5c3S0x1ef	0x5ebV0x1ef	0
0x2edfS0x5c3S0x1ef	0x2edcV0x5c3V0x1ef	1
0x2ee4S0x5c3S0x1ef	0x5ebV0x1ef	1
0x2ee4S0x5c3S0x1ef	0x2edfV0x5c3V0x1ef	0
0x2ee8S0x5c3S0x1ef	0x5ebV0x1ef	0
0x2ee8S0x5c3S0x1ef	0x2ee5V0x5c3V0x1ef	1
0x2ef1S0x5c3S0x1ef	0x2eeeV0x5c3V0x1ef	0
0x2ee9S0x5c3S0x1ef	0x2ee4V0x5c3V0x1ef	1
0x2ee9S0x5c3S0x1ef	0x2ee8V0x5c3V0x1ef	0
0x2a6cS0x5c3S0x1ef	0x2a69V0x5c3V0x1ef	1
0x2a6cS0x5c3S0x1ef	0x30d1V0x2a38V0x5c3V0x1ef	0
0x2a71S0x5c3S0x1ef	0x2a6eV0x5c3V0x1ef	1
0x2a71S0x5c3S0x1ef	0x30d1V0x2a38V0x5c3V0x1ef	0
0x2a77S0x5c3S0x1ef	0x2eeaV0x5c3V0x1ef	0
0x2a6dS0x5c3S0x1ef	0x2a48V0x5c3V0x1ef	1
0x2a6dS0x5c3S0x1ef	0x2a6cV0x5c3V0x1ef	0
0x2a44S0x5c3S0x1ef	0x2a41V0x5c3V0x1ef	0
0x30d1S0x2a38S0x5c3S0x1ef	0x2edfV0x5c3V0x1ef	0
0x30d1S0x2a38S0x5c3S0x1ef	0x30ceV0x2a38V0x5c3V0x1ef	1
0x30d8S0x2a38S0x5c3S0x1ef	0x2a3bV0x5c3V0x1ef	0
0x30cdS0x2a38S0x5c3S0x1ef	0x2edfV0x5c3V0x1ef	0
0x30cdS0x2a38S0x5c3S0x1ef	0x2a3eV0x5c3V0x1ef	1
0x2b12S0xadb0x5b7S0x1ef	0x2b0fV0xadb0x5b7V0x1ef	1
0x2b12S0xadb0x5b7S0x1ef	0x30d1V0x2adeV0xadb0x5b7V0x1ef	0
0x2b17S0xadb0x5b7S0x1ef	0x2b14V0xadb0x5b7V0x1ef	1
0x2b17S0xadb0x5b7S0x1ef	0x30d1V0x2adeV0xadb0x5b7V0x1ef	0
0x2b1dS0xadb0x5b7S0x1ef	0x2f2aV0xadb0x5b7V0x1ef	0
0x2b13S0xadb0x5b7S0x1ef	0x2aeeV0xadb0x5b7V0x1ef	1
0x2b13S0xadb0x5b7S0x1ef	0x2b12V0xadb0x5b7V0x1ef	0
0x2aeaS0xadb0x5b7S0x1ef	0x2ae7V0xadb0x5b7V0x1ef	0
0x2f1fS0xadb0x5b7S0x1ef	0x5b70xb03V0x1ef	0
0x2f1fS0xadb0x5b7S0x1ef	0x2f1cV0xadb0x5b7V0x1ef	1
0x2f24S0xadb0x5b7S0x1ef	0x5b70xb03V0x1ef	1
0x2f24S0xadb0x5b7S0x1ef	0x2f1fV0xadb0x5b7V0x1ef	0
0x2f28S0xadb0x5b7S0x1ef	0x5b70xb03V0x1ef	0
0x2f28S0xadb0x5b7S0x1ef	0x2f25V0xadb0x5b7V0x1ef	1
0x2f31S0xadb0x5b7S0x1ef	0x2f2eV0xadb0x5b7V0x1ef	0
0x2f29S0xadb0x5b7S0x1ef	0x2f24V0xadb0x5b7V0x1ef	1
0x2f29S0xadb0x5b7S0x1ef	0x2f28V0xadb0x5b7V0x1ef	0
0x30d1S0x2adeS0xadb0x5b7S0x1ef	0x2f1fV0xadb0x5b7V0x1ef	0
0x30d1S0x2adeS0xadb0x5b7S0x1ef	0x30ceV0x2adeV0xadb0x5b7V0x1ef	1
0x30d8S0x2adeS0xadb0x5b7S0x1ef	0x2ae1V0xadb0x5b7V0x1ef	0
0x30cdS0x2adeS0xadb0x5b7S0x1ef	0x2ae4V0xadb0x5b7V0x1ef	1
0x30cdS0x2adeS0xadb0x5b7S0x1ef	0x2f1fV0xadb0x5b7V0x1ef	0
0x2f7aS0xb670x5b7S0x1ef	0x5b70xbeaV0x1ef	0
0x2f7aS0xb670x5b7S0x1ef	0x2f77V0xb670x5b7V0x1ef	1
0x2f83S0xb670x5b7S0x1ef	0x5b70xbeaV0x1ef	0
0x2f83S0xb670x5b7S0x1ef	0x2f80V0xb670x5b7V0x1ef	1
0x2f88S0xb670x5b7S0x1ef	0x2f85V0xb670x5b7V0x1ef	0
0x2f90S0xb670x5b7S0x1ef	0x5b70xbeaV0x1ef	0
0x2f90S0xb670x5b7S0x1ef	0x2f8dV0xb670x5b7V0x1ef	1
0x2f95S0xb670x5b7S0x1ef	0x2f92V0xb670x5b7V0x1ef	0
0x2b75S0x2f74S0xb670x5b7S0x1ef	0x2b72V0x2f74V0xb670x5b7V0x1ef	0
0x3135S0x2b6dS0x2f74S0xb670x5b7S0x1ef	0x2b6eV0x2f74V0xb670x5b7V0x1ef	0
0x2b75S0x2f89S0xb670x5b7S0x1ef	0x2b72V0x2f89V0xb670x5b7V0x1ef	0
0x3135S0x2b6dS0x2f89S0xb670x5b7S0x1ef	0x2b6eV0x2f89V0xb670x5b7V0x1ef	0
0x2ef8S0x5c3S0x1ef	0x5ecV0x1ef	0
0x2f38S0xadb0x5b7S0x1ef	0x5b70xb04V0x1ef	0
0x2f9cS0xb670x5b7S0x1ef	0x5b70xbebV0x1ef	0
0x2b7bS0x2f74S0xb670x5b7S0x1ef	0x2f7dV0xb670x5b7V0x1ef	0
0x2b78S0x2f74S0xb670x5b7S0x1ef	0x67eV0x1ef	1
0x2b78S0x2f74S0xb670x5b7S0x1ef	0x2f83V0xb670x5b7V0x1ef	0
0x2b7bS0x2f89S0xb670x5b7S0x1ef	0x2f8aV0xb670x5b7V0x1ef	0
0x2b78S0x2f89S0xb670x5b7S0x1ef	0x5b70xb66_0x0V0x1ef	1
0x2b78S0x2f89S0xb670x5b7S0x1ef	0x2f90V0xb670x5b7V0x1ef	0
0xc53S0x455	0xc51V0x455	0
0xc79S0x455	0xc53V0x455	1
0xc79S0x455	0xc77V0x455	0
0xc81S0x455	0xc7eV0x455	0
0xc76S0x455	0xc53V0x455	0
0xc76S0x455	0xc54V0x455	1
0xca2S0x455	0xc9fV0x455	0
0xca2S0x455	0xc9fV0x455	1
0xce8S0x455	0x2fa2V0x20b6V0x2482V0x43f	0
0xceaS0x455	0xce8V0x455	1
0xceaS0x455	0xce2_0x0V0x455	0
0xce2_0x0S0x455	0xcd6V0x455	-1
0xce2_0x0S0x455	0xd2eV0x455	-1
0xceeS0x455	0xceaV0x455	1
0xceeS0x455	0xcebV0x455	0
0x9df0xc45S0x455	0xc450x9ddV0x455	0
0x9df0xc45S0x455	0xc450x9b9V0x455	1
0x9b90xc45S0x455	0xc450x9b7V0x455	0
0x9e70xc45S0x455	0xc450x9e4V0x455	0
0x9dc0xc45S0x455	0xc450x9baV0x455	1
0x9dc0xc45S0x455	0xc450x9b9V0x455	0
0xc49S0x455	0x2fa2V0x21bcV0x24abV0x43f	0
0xc4bS0x455	0x2fa2V0x20b6V0x2482V0x43f	0
0xc4cS0x455	0xc49V0x455	1
0xc4cS0x455	0xc4bV0x455	0
0xc50S0x455	0xc4cV0x455	1
0xc50S0x455	0xc4dV0x455	0
0xc8dS0x455	0x2fa2V0x20b6V0x2482V0x43f	0
0xc98S0x455	0xc8dV0x455	0
0xc98S0x455	0xc8eV0x455	1
0xc9aS0x455	0xc98V0x455	0
0xc9eS0x455	0xc9aV0x455	1
0xc9eS0x455	0xc9bV0x455	0
0xc85S0x455	0xc83V0x455	0
0xc88S0x455	0xc85V0x455	1
0xc88S0x455	0x2a71V0xc51V0x455	0
0xc8aS0x455	0xc85V0x455	0
0xc8aS0x455	0xc88V0x455	1
0xca7S0x455	0xca5V0x455	0
0xcafS0x455	0xc8dV0x455	1
0xcafS0x455	0xcadV0x455	0
0xcb2S0x455	0xcafV0x455	1
0xcb2S0x455	0xcb0V0x455	0
0xcb4S0x455	0xca7V0x455	0
0xcb4S0x455	0xcb2V0x455	1
0xcb9S0x455	0xc8dV0x455	0
0xcbdS0x455	0xcb9V0x455	1
0xcbdS0x455	0xcbaV0x455	0
0xcabS0x455	0xc8dV0x455	1
0xcabS0x455	0xca7V0x455	0
0xcb7S0x455	0xcb4V0x455	1
0xcb7S0x455	0xcb5V0x455	0
0x11a20S0x455	0x11a00V0x455	0
0xd3cS0x455	0x441	0
0xd15S0x455	0xca7V0x455	0
0xd17S0x455	0xd15V0x455	1
0xd17S0x455	0xd11_0x1V0x455	0
0xd11_0x1S0x455	0xcd6V0x455	-1
0xd11_0x1S0x455	0xd2eV0x455	-1
0xd1bS0x455	0xd17V0x455	1
0xd1bS0x455	0xd18V0x455	0
0xcf3S0x455	0xcf1V0x455	0
0xcf3S0x455	0xcf0_0x0V0x455	1
0xcf6S0x455	0xcf3V0x455	1
0xcf6S0x455	0xcf4V0x455	0
0xcf7S0x455	0x2fa2V0x20b6V0x2482V0x43f	1
0xcf7S0x455	0xcf6V0x455	0
0xcf8S0x455	0xcf7V0x455	0
0xcfcS0x455	0x2fa2V0x21bcV0x24abV0x43f	0
0xcfeS0x455	0xcfcV0x455	1
0xcfeS0x455	0xcf0_0x3V0x455	0
0xcf0_0x0S0x455	0xcd6V0x455	-1
0xcf0_0x0S0x455	0xd2eV0x455	-1
0xcf0_0x3S0x455	0xcd6V0x455	-1
0xcf0_0x3S0x455	0xd2eV0x455	-1
0xd02S0x455	0xcfeV0x455	1
0xd02S0x455	0xcffV0x455	0
0xd07S0x455	0xd05V0x455	0
0xd07S0x455	0xd04_0x0V0x455	1
0xd0aS0x455	0xd07V0x455	1
0xd0aS0x455	0xd08V0x455	0
0xd0bS0x455	0x2fa2V0x21bcV0x24abV0x43f	1
0xd0bS0x455	0xd0aV0x455	0
0xd0cS0x455	0xd0bV0x455	0
0xd04_0x0S0x455	0xcd6V0x455	-1
0xd04_0x0S0x455	0xd2eV0x455	-1
0xd10S0x455	0xd0dV0x455	0
0xd20S0x455	0xd1eV0x455	0
0xd20S0x455	0xd1d_0x0V0x455	1
0xd23S0x455	0xd20V0x455	1
0xd23S0x455	0xd21V0x455	0
0xd24S0x455	0xca7V0x455	1
0xd24S0x455	0xd23V0x455	0
0xd2eS0x455	0xd2cV0x455	0
0xd2eS0x455	0xd1d_0x3V0x455	1
0xd1d_0x0S0x455	0xcd6V0x455	-1
0xd1d_0x0S0x455	0xd2eV0x455	-1
0xd1d_0x3S0x455	0xcd6V0x455	-1
0xd1d_0x3S0x455	0xd2eV0x455	-1
0xd35S0x455	0xd32V0x455	0
0xd27S0x455	0xd24V0x455	0
0xd27S0x455	0xc450x1bbe_0x0V0x455	1
0xcdaS0x455	0x2fa2V0x20b6V0x2482V0x43f	0
0xcdcS0x455	0xcdaV0x455	1
0xcdcS0x455	0xcd8_0x0V0x455	0
0xcddS0x455	0xcdcV0x455	0
0xcd8_0x0S0x455	0xcd6V0x455	-1
0xcd8_0x0S0x455	0xd2eV0x455	-1
0xce1S0x455	0xcddV0x455	1
0xce1S0x455	0xcdeV0x455	0
0xcc1S0x455	0xca7V0x455	1
0xcc1S0x455	0xcbfV0x455	0
0xcc5S0x455	0xc8dV0x455	0
0xcc5S0x455	0xcc2V0x455	1
0xcccS0x455	0xcc1V0x455	0
0xcccS0x455	0xcc5V0x455	1
0x11020S0x455	0x11000V0x455	0
0xcc9S0x455	0xcc1V0x455	0
0xcc9S0x455	0xcc5V0x455	2
0xcc9S0x455	0xcc7V0x455	1
0x1bbe0xc45S0x455	0xc450x1b6eV0x455	3
0x1bbe0xc45S0x455	0x1b6b0xc45_0x0V0x455	1
0x1bbe0xc45S0x455	0xc450x1bbdV0x455	0
0x1bbe0xc45S0x455	0xc450x1bb1V0x455	2
0x1b6b0xc45_0x0S0x455	0xd0cV0x455	-1
0x1b6b0xc45_0x0S0x455	0xc450xa31V0x455	-1
0x1bbd0xc45S0x455	0xc450x1bb8V0x455	0
0x1bbd0xc45S0x455	0xc450x1bb2V0x455	1
0x1bb10xc45S0x455	0xc450x1bb0V0x455	0
0x1bb00xc45S0x455	0xc450x1baeV0x455	0
0x1bb00xc45S0x455	0xc450x1badV0x455	1
0x1bad0xc45S0x455	0xc450x1babV0x455	0
0x1bad0xc45S0x455	0xc450x1ba7V0x455	1
0x1ba70xc45S0x455	0xc450x1ba5V0x455	0
0x1ba70xc45S0x455	0xc450x1b74V0x455	1
0x1ba20xc45S0x455	0xc450x1b8dV0x455	0
0x1ba20xc45S0x455	0xc450x1b8cV0x455	1
0x1b8c0xc45S0x455	0xcf8V0x455	1
0x1b8c0xc45S0x455	0xc450x1b77V0x455	0
0x1ba40xc45S0x455	0xc450x1ba2V0x455	1
0x1ba40xc45S0x455	0xc450x1b74V0x455	0
0x1baa0xc45S0x455	0xc450x1ba7V0x455	0
0x1baa0xc45S0x455	0xc450x1b72V0x455	1
0x106200xc45S0x455	0xc450x10600V0x455	0
0x1bbf0xc45_0x2S0x455	0xd0cV0x455	-1
0x1bbf0xc45_0x2S0x455	0xc450xa31V0x455	-1
0x1c420xc45S0x455	0xc450x1c40V0x455	0
0x1c1c0xc45S0x455	0xcf8V0x455	1
0x1c1c0xc45S0x455	0xc450x1c07V0x455	0
0x1c010xc45S0x455	0xc450x1bffV0x455	0
0x1c010xc45S0x455	0xc450x1bfeV0x455	1
0x1bfe0xc45S0x455	0xc450x1bfcV0x455	0
0x1bfe0xc45S0x455	0xc450x1bf8V0x455	1
0x1bf80xc45S0x455	0xc450x1bf6V0x455	0
0x1bf80xc45S0x455	0xc450x1bc5V0x455	1
0x1bf30xc45S0x455	0xc450x1bdeV0x455	0
0x1bf30xc45S0x455	0xc450x1bddV0x455	1
0x1bdd0xc45S0x455	0xcf8V0x455	1
0x1bdd0xc45S0x455	0xc450x1bc8V0x455	0
0x1c4c0xc45S0x455	0xc450x1c49V0x455	0
0x1bf50xc45S0x455	0xc450x1bf3V0x455	1
0x1bf50xc45S0x455	0xc450x1bc5V0x455	0
0x1bfb0xc45S0x455	0xc450x1bf8V0x455	0
0x1bfb0xc45S0x455	0xc450x1bc3V0x455	1
0x1c040xc45S0x455	0xc450x1bbe_0x0V0x455	1
0x1c040xc45S0x455	0xc450x1c01V0x455	0
0xa480xc45S0x455	0xc450xa45V0x455	0
0xa370xc45S0x455	0xc450xa36V0x455	0
0xa360xc45S0x455	0xd0cV0x455	1
0xa360xc45S0x455	0xc450xa31V0x455	0
0xa310xc45S0x455	0xc450xa30V0x455	0
0xa300xc45S0x455	0xc450xa2eV0x455	0
0xa300xc45S0x455	0xc450xa2dV0x455	1
0xa2d0xc45S0x455	0xc450xa2bV0x455	0
0xa2d0xc45S0x455	0xc450xa27V0x455	1
0xa270xc45S0x455	0xc450xa25V0x455	0
0xa270xc45S0x455	0xc450x9f4V0x455	1
0xa220xc45S0x455	0xc450xa0dV0x455	0
0xa220xc45S0x455	0xc450xa0cV0x455	1
0xa0c0xc45S0x455	0xcf8V0x455	1
0xa0c0xc45S0x455	0xc450x9f7V0x455	0
0xa3b0xc45S0x455	0xc450xa38V0x455	0
0xa3b0xc45S0x455	0xc450xa37V0x455	1
0xa240xc45S0x455	0xc450xa22V0x455	1
0xa240xc45S0x455	0xc450x9f4V0x455	0
0xa2a0xc45S0x455	0xc450xa27V0x455	0
0xa2a0xc45S0x455	0xc450x9f2V0x455	1
0x9b20xc45S0x455	0xc450x9b1V0x455	0
0x9b20xc45S0x455	0xc450x99aV0x455	1
0x9b10xc45S0x455	0xc450x99cV0x455	0
0x9b10xc45S0x455	0xc450x99bV0x455	1
0x99a0xc45S0x455	0xc450x985V0x455	0
0x99a0xc45S0x455	0xc450x984V0x455	1
0x9840xc45S0x455	0xc450x96fV0x455	0
0x9840xc45S0x455	0xc450x96eV0x455	1
0x96e0xc45S0x455	0xc450x96cV0x455	1
0x96e0xc45S0x455	0xc450x967V0x455	0
0x96c0xc45S0x455	0xc450x969V0x455	0
0x96c0xc45S0x455	0xc450x964V0x455	1
0x9670xc45S0x455	0xc450x962V0x455	0
0x9b60xc45S0x455	0xc450x9b3V0x455	0
0x9b60xc45S0x455	0xc450x9b2V0x455	1
0x1c530xc45S0x455	0xc450x1c50V0x455	1
0x1c530xc45S0x455	0x2f7aV0x1bbf0xc45V0x455	0
0x1c500xc45S0x455	0xc450x1c4eV0x455	0
0x1c5a0xc45S0x455	0xc450xa40V0x455	0
0x1c550xc45S0x455	0xc450x1c53V0x455	1
0x1c550xc45S0x455	0xc450x1c50V0x455	0
0x1c550xc45S0x455	0xc450x1c1dV0x455	2
0x1c550xc45S0x455	0xc450x1c1cV0x455	3
0x9ee0xc45S0x455	0xc450x9ebV0x455	1
0x9ee0xc45S0x455	0x2b17V0x9b70xc45V0x455	0
0x9eb0xc45S0x455	0xc450x9e9V0x455	0
0x9f00xc45S0x455	0xc450x9eeV0x455	1
0x9f00xc45S0x455	0xc450x9ebV0x455	0
0x2edfS0xc51S0x455	0xc79V0x455	0
0x2edfS0xc51S0x455	0x2edcV0xc51V0x455	1
0x2ee4S0xc51S0x455	0xc79V0x455	1
0x2ee4S0xc51S0x455	0x2edfV0xc51V0x455	0
0x2ee8S0xc51S0x455	0xc79V0x455	0
0x2ee8S0xc51S0x455	0x2ee5V0xc51V0x455	1
0x2ef1S0xc51S0x455	0x2eeeV0xc51V0x455	0
0x2ee9S0xc51S0x455	0x2ee4V0xc51V0x455	1
0x2ee9S0xc51S0x455	0x2ee8V0xc51V0x455	0
0x2a6cS0xc51S0x455	0x2a69V0xc51V0x455	1
0x2a6cS0xc51S0x455	0x30d1V0x2a38V0xc51V0x455	0
0x2a71S0xc51S0x455	0x2a6eV0xc51V0x455	1
0x2a71S0xc51S0x455	0x30d1V0x2a38V0xc51V0x455	0
0x2a77S0xc51S0x455	0x2eeaV0xc51V0x455	0
0x2a6dS0xc51S0x455	0x2a48V0xc51V0x455	1
0x2a6dS0xc51S0x455	0x2a6cV0xc51V0x455	0
0x2a44S0xc51S0x455	0x2a41V0xc51V0x455	0
0x30d1S0x2a38S0xc51S0x455	0x2edfV0xc51V0x455	0
0x30d1S0x2a38S0xc51S0x455	0x30ceV0x2a38V0xc51V0x455	1
0x30d8S0x2a38S0xc51S0x455	0x2a3bV0xc51V0x455	0
0x30cdS0x2a38S0xc51S0x455	0x2edfV0xc51V0x455	0
0x30cdS0x2a38S0xc51S0x455	0x2a3eV0xc51V0x455	1
0x2b12S0x9b70xc45S0x455	0x2b0fV0x9b70xc45V0x455	1
0x2b12S0x9b70xc45S0x455	0x30d1V0x2adeV0x9b70xc45V0x455	0
0x2b17S0x9b70xc45S0x455	0x2b14V0x9b70xc45V0x455	1
0x2b17S0x9b70xc45S0x455	0x30d1V0x2adeV0x9b70xc45V0x455	0
0x2b1dS0x9b70xc45S0x455	0x2f2aV0x9b70xc45V0x455	0
0x2b13S0x9b70xc45S0x455	0x2aeeV0x9b70xc45V0x455	1
0x2b13S0x9b70xc45S0x455	0x2b12V0x9b70xc45V0x455	0
0x2aeaS0x9b70xc45S0x455	0x2ae7V0x9b70xc45V0x455	0
0x2f1fS0x9b70xc45S0x455	0xc450x9dfV0x455	0
0x2f1fS0x9b70xc45S0x455	0x2f1cV0x9b70xc45V0x455	1
0x2f24S0x9b70xc45S0x455	0xc450x9dfV0x455	1
0x2f24S0x9b70xc45S0x455	0x2f1fV0x9b70xc45V0x455	0
0x2f28S0x9b70xc45S0x455	0xc450x9dfV0x455	0
0x2f28S0x9b70xc45S0x455	0x2f25V0x9b70xc45V0x455	1
0x2f31S0x9b70xc45S0x455	0x2f2eV0x9b70xc45V0x455	0
0x2f29S0x9b70xc45S0x455	0x2f24V0x9b70xc45V0x455	1
0x2f29S0x9b70xc45S0x455	0x2f28V0x9b70xc45V0x455	0
0x30d1S0x2adeS0x9b70xc45S0x455	0x2f1fV0x9b70xc45V0x455	0
0x30d1S0x2adeS0x9b70xc45S0x455	0x30ceV0x2adeV0x9b70xc45V0x455	1
0x30d8S0x2adeS0x9b70xc45S0x455	0x2ae1V0x9b70xc45V0x455	0
0x30cdS0x2adeS0x9b70xc45S0x455	0x2ae4V0x9b70xc45V0x455	1
0x30cdS0x2adeS0x9b70xc45S0x455	0x2f1fV0x9b70xc45V0x455	0
0x2f7aS0x1bbf0xc45S0x455	0xc450x1c42V0x455	0
0x2f7aS0x1bbf0xc45S0x455	0x2f77V0x1bbf0xc45V0x455	1
0x2f83S0x1bbf0xc45S0x455	0xc450x1c42V0x455	0
0x2f83S0x1bbf0xc45S0x455	0x2f80V0x1bbf0xc45V0x455	1
0x2f88S0x1bbf0xc45S0x455	0x2f85V0x1bbf0xc45V0x455	0
0x2f90S0x1bbf0xc45S0x455	0xc450x1c42V0x455	0
0x2f90S0x1bbf0xc45S0x455	0x2f8dV0x1bbf0xc45V0x455	1
0x2f95S0x1bbf0xc45S0x455	0x2f92V0x1bbf0xc45V0x455	0
0x2b75S0x2f74S0x1bbf0xc45S0x455	0x2b72V0x2f74V0x1bbf0xc45V0x455	0
0x3135S0x2b6dS0x2f74S0x1bbf0xc45S0x455	0x2b6eV0x2f74V0x1bbf0xc45V0x455	0
0x2b75S0x2f89S0x1bbf0xc45S0x455	0x2b72V0x2f89V0x1bbf0xc45V0x455	0
0x3135S0x2b6dS0x2f89S0x1bbf0xc45S0x455	0x2b6eV0x2f89V0x1bbf0xc45V0x455	0
0xa500xc45S0x455	0xce2V0x455	0
0x2ef8S0xc51S0x455	0xc7aV0x455	0
0x2f38S0x9b70xc45S0x455	0xc450x9e0V0x455	0
0x2f9cS0x1bbf0xc45S0x455	0xc450x1c43V0x455	0
0x2b7bS0x2f74S0x1bbf0xc45S0x455	0x2f7dV0x1bbf0xc45V0x455	0
0x2b78S0x2f74S0x1bbf0xc45S0x455	0x1bbf0xc45_0x2V0x455	1
0x2b78S0x2f74S0x1bbf0xc45S0x455	0x2f83V0x1bbf0xc45V0x455	0
0x2b7bS0x2f89S0x1bbf0xc45S0x455	0x2f8aV0x1bbf0xc45V0x455	0
0x2b78S0x2f89S0x1bbf0xc45S0x455	0xc450x1bbe_0x0V0x455	1
0x2b78S0x2f89S0x1bbf0xc45S0x455	0x2f90V0x1bbf0xc45V0x455	0
