[0xff5e1ec7, nil]	0x0
[0xff5e1ec7, nil]	0xd
[0xff5e1ec7, nil]	0x1e
[0xff5e1ec7, nil]	0x29
[0xff5e1ec7, nil]	0x34
[0xff5e1ec7, nil]	0x3f
[0xff5e1ec7, nil]	0x4a
[0xff5e1ec7, nil]	0x55
[0xff5e1ec7, nil]	0x60
[0xff5e1ec7, nil]	0x6b
[0xff5e1ec7, nil]	0x6f
[0xff5e1ec7, nil]	0x7b
[0xff5e1ec7, nil]	0x86
[0xff5e1ec7, nil]	0x91
[0xff5e1ec7, nil]	0x9c
[0xff5e1ec7, nil]	0xa7
[0xff5e1ec7, nil]	0xab
[0xff5e1ec7, nil]	0xb7
[0xff5e1ec7, nil]	0xc2
[0xff5e1ec7, nil]	0xcd
[0xff5e1ec7, nil]	0xd8
[0xff5e1ec7, nil]	0xe3
[0xff5e1ec7, nil]	0xee
[0xff5e1ec7, nil]	0xf9
[0xff5e1ec7, nil]	0xfd
[0xff5e1ec7, nil]	0x109
[0xff5e1ec7, nil]	0x114
[0xff5e1ec7, nil]	0x11f
[0xff5e1ec7, nil]	0x12a
[0xff5e1ec7, nil]	0x135
[0xff5e1ec7, nil]	0x64a4
[0xff5e1ec7, nil]	0x64c8
[0xff5e1ec7, nil]	0x64ec
[0xff5e1ec7, nil]	0x87210
[0xff5e1ec7, nil]	0x87c10
[0xff5e1ec7, nil]	0x88610
[0xff5e1ec7, nil]	0x89010
[0xff5e1ec7, nil]	0x89a10
[0xff5e1ec7, nil]	0x8a410
[0xff5e1ec7, nil]	0x8ae10
[0xff5e1ec7, nil]	0x8b810
[0xff5e1ec7, nil]	0x8c210
[0xff5e1ec7, nil]	0x8cc10
[0xff5e1ec7, nil]	0x8d610
[0xff5e1ec7, nil]	0x8e010
[0xff5e1ec7, nil]	0x8ea10
[0xff5e1ec7, nil]	0x8f410
[0xff5e1ec7, nil]	0x8fe10
[0xff5e1ec7, nil]	0x90810
[0xff5e1ec7, nil]	0x91210
[0xff5e1ec7, nil]	0x91c10
[0xff5e1ec7, nil]	0x92610
[0xff5e1ec7, nil]	0x93010
[0xff5e1ec7, nil]	0x93a10
[0xff5e1ec7, nil]	0x94410
[0xff5e1ec7, nil]	0x94e10
[0x00000000, nil]	0x6480
[0xa653d60c, nil]	0x470
[0xa653d60c, nil]	0x48a
[0x75986b50, nil]	0x35e
[0x75986b50, nil]	0x366
[0x75986b50, nil]	0x36a
[0x75986b50, nil]	0x385
[0x75986b50, nil]	0x392
[0x2186ff4e, nil]	0x235
[0x2186ff4e, nil]	0x23d
[0x2186ff4e, nil]	0x241
[0x2186ff4e, nil]	0x25c
[0x2186ff4e, nil]	0x269
[0xaf4b4379, nil]	0x48c
[0xaf4b4379, nil]	0x494
[0xaf4b4379, nil]	0x498
[0xaf4b4379, nil]	0x4b3
[0x2d05d3f, nil]	0x13a
[0x2d05d3f, nil]	0x142
[0x2d05d3f, nil]	0x146
[0x2d05d3f, nil]	0x14f
[0x2d05d3f, nil]	0x15c
[0x7a62f5c6, nil]	0x39b
[0x7a62f5c6, nil]	0x3a3
[0x7a62f5c6, nil]	0x3a7
[0x7a62f5c6, nil]	0x3c2
[0x7a62f5c6, nil]	0x3cf
[0x2c4a952b, nil]	0x272
[0x2c4a952b, nil]	0x28c
[0x2c4a952b, nil]	0x299
[0xa653d60c, [0x470, nil]]	0x25df
[0xa653d60c, [0x470, nil]]	0x25f3
[0xa653d60c, [0x470, nil]]	0x25f7
[0xa653d60c, [0x470, nil]]	0x2605
[0xa653d60c, [0x470, nil]]	0x2616
[0xa653d60c, [0x470, nil]]	0x2627
[0xa653d60c, [0x470, nil]]	0x2638
[0xa653d60c, [0x470, nil]]	0x2651
[0xa653d60c, [0x470, nil]]	0x2655
[0xa653d60c, [0x470, nil]]	0x2661
[0xc45a0155, nil]	0x4b5
[0xc45a0155, nil]	0x4bd
[0xc45a0155, nil]	0x4c1
[0xc45a0155, nil]	0x4ca
[0xc45a0155, nil]	0x4d7
[0xc0f261e, nil]	0x165
[0xc0f261e, nil]	0x16d
[0xc0f261e, nil]	0x171
[0xc0f261e, nil]	0x18c
[0xc0f261e, nil]	0x199
[0x75986b50, [0x36a, nil]]	0x2590
[0x75986b50, [0x36a, nil]]	0x25a1
[0x75986b50, [0x36a, nil]]	0x25a5
[0x75986b50, [0x36a, nil]]	0x25b3
[0x75986b50, [0x36a, nil]]	0x25c4
[0x75986b50, [0x36a, nil]]	0x25d5
[0x2186ff4e, [0x241, nil]]	0x2590
[0x2186ff4e, [0x241, nil]]	0x25a1
[0x2186ff4e, [0x241, nil]]	0x25a5
[0x2186ff4e, [0x241, nil]]	0x25b3
[0x2186ff4e, [0x241, nil]]	0x25c4
[0x2186ff4e, [0x241, nil]]	0x25d5
[0x81b34f15, nil]	0x3d8
[0x81b34f15, nil]	0x3f2
[0x81b34f15, nil]	0x3ff
[0x3644e515, nil]	0x2a2
[0x3644e515, nil]	0x2aa
[0x3644e515, nil]	0x2ae
[0x3644e515, nil]	0x2b7
[0x3644e515, nil]	0x2c4
[0xaf4b4379, [0x498, nil]]	0x237a
[0xaf4b4379, [0x498, nil]]	0x2389
[0xaf4b4379, [0x498, nil]]	0x238d
[0xaf4b4379, [0x498, nil]]	0x239b
[0xaf4b4379, [0x498, nil]]	0x23ac
[0x2d05d3f, [0x146, nil]]	0x573
[0xdc51b6ac, nil]	0x4e0
[0xdc51b6ac, nil]	0x4e8
[0xdc51b6ac, nil]	0x4ec
[0xdc51b6ac, nil]	0x4f5
[0xdc51b6ac, nil]	0x502
[0xf45ad43, nil]	0x1a2
[0xf45ad43, nil]	0x1aa
[0xf45ad43, nil]	0x1ae
[0xf45ad43, nil]	0x1b7
[0xf45ad43, nil]	0x1c4
[0x2c4a952b, [0x272, nil]]	0x23f2
[0x2c4a952b, [0x272, nil]]	0x2404
[0x2c4a952b, [0x272, nil]]	0x2408
[0x2c4a952b, [0x272, nil]]	0x2416
[0x2c4a952b, [0x272, nil]]	0x2427
[0x2c4a952b, [0x272, nil]]	0x2438
[0x2c4a952b, [0x272, nil]]	0x2449
[0x7a62f5c6, [0x3a7, nil]]	0x23b6
[0x7a62f5c6, [0x3a7, nil]]	0x23c5
[0x7a62f5c6, [0x3a7, nil]]	0x23c9
[0x7a62f5c6, [0x3a7, nil]]	0x23d7
[0x7a62f5c6, [0x3a7, nil]]	0x23e8
[0x82900934, nil]	0x408
[0x82900934, nil]	0x410
[0x82900934, nil]	0x414
[0x82900934, nil]	0x41d
[0x82900934, nil]	0x42a
[0x370d60ae, nil]	0x2cd
[0x370d60ae, nil]	0x2d5
[0x370d60ae, nil]	0x2d9
[0x370d60ae, nil]	0x2f4
[0xa653d60c, [0x25f7, [0x470, nil]]]	0x2312
[0xa653d60c, [0x25f7, [0x470, nil]]]	0x2321
[0xc45a0155, [0x4c1, nil]]	0x1609
[0xc0f261e, [0x171, nil]]	0x2351
[0xc0f261e, [0x171, nil]]	0x235f
[0xc0f261e, [0x171, nil]]	0x2363
[0xc0f261e, [0x171, nil]]	0x2371
[0xfc0c546a, nil]	0x50b
[0xfc0c546a, nil]	0x513
[0xfc0c546a, nil]	0x517
[0xfc0c546a, nil]	0x520
[0xfc0c546a, nil]	0x52d
[0x1e86c2ac, nil]	0x1cd
[0x1e86c2ac, nil]	0x1d5
[0x1e86c2ac, nil]	0x1d9
[0x1e86c2ac, nil]	0x1f4
[0x1e86c2ac, nil]	0x201
[0x81b34f15, [0x3d8, nil]]	0x2590
[0x81b34f15, [0x3d8, nil]]	0x25a1
[0x81b34f15, [0x3d8, nil]]	0x25a5
[0x81b34f15, [0x3d8, nil]]	0x25b3
[0x81b34f15, [0x3d8, nil]]	0x25c4
[0x81b34f15, [0x3d8, nil]]	0x25d5
[0x3644e515, [0x2ae, nil]]	0x850
[0xa25d7c86, nil]	0x433
[0xa25d7c86, nil]	0x43b
[0xa25d7c86, nil]	0x43f
[0xa25d7c86, nil]	0x45a
[0xa25d7c86, nil]	0x467
[0x5d3b5f80, nil]	0x2f6
[0x5d3b5f80, nil]	0x2fe
[0x5d3b5f80, nil]	0x302
[0x5d3b5f80, nil]	0x30b
[0x5d3b5f80, nil]	0x318
[0x75986b50, [0x25a5, [0x36a, nil]]]	0x2312
[0x75986b50, [0x25a5, [0x36a, nil]]]	0x2321
[0x2186ff4e, [0x25a5, [0x241, nil]]]	0x2312
[0x2186ff4e, [0x25a5, [0x241, nil]]]	0x2321
[0xdc51b6ac, [0x4ec, nil]]	0x162f
[0xdc51b6ac, [0x4ec, nil]]	0x168c
[0xdc51b6ac, [0x4ec, nil]]	0x16a0
[0xdc51b6ac, [0x4ec, nil]]	0x16a4
[0xdc51b6ac, [0x4ec, nil]]	0x16af
[0xdc51b6ac, [0x4ec, nil]]	0x16b8
[0xdc51b6ac, [0x4ec, nil]]	0x16dc
[0xf45ad43, [0x1ae, nil]]	0x5b1
[0xfe57a691, nil]	0x536
[0xfe57a691, nil]	0x53e
[0xfe57a691, nil]	0x542
[0xfe57a691, nil]	0x55d
[0xfe57a691, nil]	0x56a
[0x20606b70, nil]	0x20a
[0x20606b70, nil]	0x212
[0x20606b70, nil]	0x216
[0x20606b70, nil]	0x21f
[0x20606b70, nil]	0x22c
[0x2c4a952b, [0x2408, [0x272, nil]]]	0x2082
[0x2c4a952b, [0x2408, [0x272, nil]]]	0x2091
[0xaf4b4379, [0x238d, [0x498, nil]]]	0x2082
[0xaf4b4379, [0x238d, [0x498, nil]]]	0x2091
[0x82900934, [0x414, nil]]	0xc21
[0x370d60ae, [0x2d9, nil]]	0x237a
[0x370d60ae, [0x2d9, nil]]	0x2389
[0x370d60ae, [0x2d9, nil]]	0x238d
[0x370d60ae, [0x2d9, nil]]	0x239b
[0x370d60ae, [0x2d9, nil]]	0x23ac
[0x6489aba5, nil]	0x321
[0x6489aba5, nil]	0x329
[0x6489aba5, nil]	0x32d
[0x6489aba5, nil]	0x348
[0x6489aba5, nil]	0x355
[0x2d05d3f, [0x14f, nil]]	0x2bd9
[0x2d05d3f, [0x14f, nil]]	0x2bee
[0x7a62f5c6, [0x23c9, [0x3a7, nil]]]	0x2082
[0x7a62f5c6, [0x23c9, [0x3a7, nil]]]	0x2091
[0xfc0c546a, [0x517, nil]]	0x16e1
[0x1e86c2ac, [0x1d9, nil]]	0x2455
[0x1e86c2ac, [0x1d9, nil]]	0x2464
[0x1e86c2ac, [0x1d9, nil]]	0x2468
[0x1e86c2ac, [0x1d9, nil]]	0x247e
[0x1e86c2ac, [0x1d9, nil]]	0x2482
[0x1e86c2ac, [0x1d9, nil]]	0x248e
[0x1e86c2ac, [0x1d9, nil]]	0x24a7
[0x1e86c2ac, [0x1d9, nil]]	0x24ab
[0x1e86c2ac, [0x1d9, nil]]	0x24b7
[0x81b34f15, [0x25a5, [0x3d8, nil]]]	0x2312
[0x81b34f15, [0x25a5, [0x3d8, nil]]]	0x2321
[0xa653d60c, [0x2312, [0x25f7, [0x470, nil]]]]	0x31d6
[0xa653d60c, [0x2312, [0x25f7, [0x470, nil]]]]	0x31df
[0xa653d60c, [0x2312, [0x25f7, [0x470, nil]]]]	0x31e6
[0xa653d60c, [0x2312, [0x25f7, [0x470, nil]]]]	0x31ea
[0xc0f261e, [0x2363, [0x171, nil]]]	0x2082
[0xc0f261e, [0x2363, [0x171, nil]]]	0x2091
[0xa25d7c86, [0x43f, nil]]	0x2455
[0xa25d7c86, [0x43f, nil]]	0x2464
[0xa25d7c86, [0x43f, nil]]	0x2468
[0xa25d7c86, [0x43f, nil]]	0x247e
[0xa25d7c86, [0x43f, nil]]	0x2482
[0xa25d7c86, [0x43f, nil]]	0x248e
[0xa25d7c86, [0x43f, nil]]	0x24a7
[0xa25d7c86, [0x43f, nil]]	0x24ab
[0xa25d7c86, [0x43f, nil]]	0x24b7
[0x5d3b5f80, [0x302, nil]]	0x956
[0xc45a0155, [0x4ca, nil]]	0x2bd9
[0xc45a0155, [0x4ca, nil]]	0x2bee
[0xfe57a691, [0x542, nil]]	0x2554
[0xfe57a691, [0x542, nil]]	0x2563
[0xfe57a691, [0x542, nil]]	0x2567
[0xfe57a691, [0x542, nil]]	0x2575
[0xfe57a691, [0x542, nil]]	0x2586
[0x20606b70, [0x216, nil]]	0x6af
[0x3644e515, [0x2b7, nil]]	0x2c91
[0x3644e515, [0x2b7, nil]]	0x2ca6
[0x6489aba5, [0x32d, nil]]	0x23b6
[0x6489aba5, [0x32d, nil]]	0x23c5
[0x6489aba5, [0x32d, nil]]	0x23c9
[0x6489aba5, [0x32d, nil]]	0x23d7
[0x6489aba5, [0x32d, nil]]	0x23e8
[0x75986b50, [0x2312, [0x25a5, [0x36a, nil]]]]	0x31d6
[0x75986b50, [0x2312, [0x25a5, [0x36a, nil]]]]	0x31df
[0x75986b50, [0x2312, [0x25a5, [0x36a, nil]]]]	0x31e6
[0x75986b50, [0x2312, [0x25a5, [0x36a, nil]]]]	0x31ea
[0x2186ff4e, [0x2312, [0x25a5, [0x241, nil]]]]	0x31d6
[0x2186ff4e, [0x2312, [0x25a5, [0x241, nil]]]]	0x31df
[0x2186ff4e, [0x2312, [0x25a5, [0x241, nil]]]]	0x31e6
[0x2186ff4e, [0x2312, [0x25a5, [0x241, nil]]]]	0x31ea
[0xdc51b6ac, [0x162f, [0x4ec, nil]]]	0x2bd9
[0xdc51b6ac, [0x162f, [0x4ec, nil]]]	0x2bee
[0xf45ad43, [0x1b7, nil]]	0x2f59
[0xf45ad43, [0x1b7, nil]]	0x2f6e
[0x2c4a952b, [0x2082, [0x2408, [0x272, nil]]]]	0x3191
[0x2c4a952b, [0x2082, [0x2408, [0x272, nil]]]]	0x319a
[0x2c4a952b, [0x2082, [0x2408, [0x272, nil]]]]	0x31a1
[0x2c4a952b, [0x2082, [0x2408, [0x272, nil]]]]	0x31a5
[0x370d60ae, [0x238d, [0x2d9, nil]]]	0x2082
[0x370d60ae, [0x238d, [0x2d9, nil]]]	0x2091
[0xaf4b4379, [0x2082, [0x238d, [0x498, nil]]]]	0x3191
[0xaf4b4379, [0x2082, [0x238d, [0x498, nil]]]]	0x319a
[0xaf4b4379, [0x2082, [0x238d, [0x498, nil]]]]	0x31a1
[0xaf4b4379, [0x2082, [0x238d, [0x498, nil]]]]	0x31a5
[0x82900934, [0x41d, nil]]	0x2c91
[0x82900934, [0x41d, nil]]	0x2ca6
[0x2d05d3f, [0x2bd9, [0x14f, nil]]]	0x2686
[0x2d05d3f, [0x2bd9, [0x14f, nil]]]	0x268f
[0xa653d60c, [0x31d6, [0x2312, [0x25f7, [0x470, nil]]]]]	0x312c
[0x7a62f5c6, [0x2082, [0x23c9, [0x3a7, nil]]]]	0x3191
[0x7a62f5c6, [0x2082, [0x23c9, [0x3a7, nil]]]]	0x319a
[0x7a62f5c6, [0x2082, [0x23c9, [0x3a7, nil]]]]	0x31a1
[0x7a62f5c6, [0x2082, [0x23c9, [0x3a7, nil]]]]	0x31a5
[0xfc0c546a, [0x520, nil]]	0x2bd9
[0xfc0c546a, [0x520, nil]]	0x2bee
[0x81b34f15, [0x2312, [0x25a5, [0x3d8, nil]]]]	0x31d6
[0x81b34f15, [0x2312, [0x25a5, [0x3d8, nil]]]]	0x31df
[0x81b34f15, [0x2312, [0x25a5, [0x3d8, nil]]]]	0x31e6
[0x81b34f15, [0x2312, [0x25a5, [0x3d8, nil]]]]	0x31ea
[0xc0f261e, [0x2082, [0x2363, [0x171, nil]]]]	0x3191
[0xc0f261e, [0x2082, [0x2363, [0x171, nil]]]]	0x319a
[0xc0f261e, [0x2082, [0x2363, [0x171, nil]]]]	0x31a1
[0xc0f261e, [0x2082, [0x2363, [0x171, nil]]]]	0x31a5
[0x5d3b5f80, [0x30b, nil]]	0x2c76
[0x5d3b5f80, [0x30b, nil]]	0x2c8b
[0xc45a0155, [0x2bd9, [0x4ca, nil]]]	0x2686
[0xc45a0155, [0x2bd9, [0x4ca, nil]]]	0x268f
[0xfe57a691, [0x2567, [0x542, nil]]]	0x2312
[0xfe57a691, [0x2567, [0x542, nil]]]	0x2321
[0x75986b50, [0x31d6, [0x2312, [0x25a5, [0x36a, nil]]]]]	0x312c
[0x2186ff4e, [0x31d6, [0x2312, [0x25a5, [0x241, nil]]]]]	0x312c
[0xdc51b6ac, [0x2bd9, [0x162f, [0x4ec, nil]]]]	0x2686
[0xdc51b6ac, [0x2bd9, [0x162f, [0x4ec, nil]]]]	0x268f
[0x20606b70, [0x21f, nil]]	0x2c91
[0x20606b70, [0x21f, nil]]	0x2ca6
[0x1e86c2ac, [0x2482, [0x1d9, nil]]]	0x2097
[0x1e86c2ac, [0x2482, [0x1d9, nil]]]	0x20a4
[0x1e86c2ac, [0x2482, [0x1d9, nil]]]	0x20a8
[0x1e86c2ac, [0x2482, [0x1d9, nil]]]	0x20bb
[0x1e86c2ac, [0x2482, [0x1d9, nil]]]	0x20dc
[0x1e86c2ac, [0x2482, [0x1d9, nil]]]	0x20e0
[0x1e86c2ac, [0x2482, [0x1d9, nil]]]	0x20e3
[0x1e86c2ac, [0x2482, [0x1d9, nil]]]	0x20ec
[0x1e86c2ac, [0x2482, [0x1d9, nil]]]	0x20f6
[0x1e86c2ac, [0x2482, [0x1d9, nil]]]	0x2110
[0x3644e515, [0x2c91, [0x2b7, nil]]]	0x2702
[0x3644e515, [0x2c91, [0x2b7, nil]]]	0x270b
[0x2c4a952b, [0x3191, [0x2082, [0x2408, [0x272, nil]]]]]	0x30e4
[0x2c4a952b, [0x3191, [0x2082, [0x2408, [0x272, nil]]]]]	0x30ef
[0x6489aba5, [0x23c9, [0x32d, nil]]]	0x2082
[0x6489aba5, [0x23c9, [0x32d, nil]]]	0x2091
[0xaf4b4379, [0x3191, [0x2082, [0x238d, [0x498, nil]]]]]	0x30e4
[0xaf4b4379, [0x3191, [0x2082, [0x238d, [0x498, nil]]]]]	0x30ef
[0xa25d7c86, [0x2482, [0x43f, nil]]]	0x2097
[0xa25d7c86, [0x2482, [0x43f, nil]]]	0x20a4
[0xa25d7c86, [0x2482, [0x43f, nil]]]	0x20a8
[0xa25d7c86, [0x2482, [0x43f, nil]]]	0x20bb
[0xa25d7c86, [0x2482, [0x43f, nil]]]	0x20dc
[0xa25d7c86, [0x2482, [0x43f, nil]]]	0x20e0
[0xa25d7c86, [0x2482, [0x43f, nil]]]	0x20e3
[0xa25d7c86, [0x2482, [0x43f, nil]]]	0x20ec
[0xa25d7c86, [0x2482, [0x43f, nil]]]	0x20f6
[0xa25d7c86, [0x2482, [0x43f, nil]]]	0x2110
[0xf45ad43, [0x2f59, [0x1b7, nil]]]	0x2b6d
[0xf45ad43, [0x2f59, [0x1b7, nil]]]	0x2b76
[0x2d05d3f, [0x2686, [0x2bd9, [0x14f, nil]]]]	0x30e4
[0x2d05d3f, [0x2686, [0x2bd9, [0x14f, nil]]]]	0x30ef
[0x370d60ae, [0x2082, [0x238d, [0x2d9, nil]]]]	0x3191
[0x370d60ae, [0x2082, [0x238d, [0x2d9, nil]]]]	0x319a
[0x370d60ae, [0x2082, [0x238d, [0x2d9, nil]]]]	0x31a1
[0x370d60ae, [0x2082, [0x238d, [0x2d9, nil]]]]	0x31a5
[0x7a62f5c6, [0x3191, [0x2082, [0x23c9, [0x3a7, nil]]]]]	0x30e4
[0x7a62f5c6, [0x3191, [0x2082, [0x23c9, [0x3a7, nil]]]]]	0x30ef
[0x82900934, [0x2c91, [0x41d, nil]]]	0x2702
[0x82900934, [0x2c91, [0x41d, nil]]]	0x270b
[0x81b34f15, [0x31d6, [0x2312, [0x25a5, [0x3d8, nil]]]]]	0x312c
[0xc0f261e, [0x3191, [0x2082, [0x2363, [0x171, nil]]]]]	0x30e4
[0xc0f261e, [0x3191, [0x2082, [0x2363, [0x171, nil]]]]]	0x30ef
[0xfc0c546a, [0x2bd9, [0x520, nil]]]	0x2686
[0xfc0c546a, [0x2bd9, [0x520, nil]]]	0x268f
[0xc45a0155, [0x2686, [0x2bd9, [0x4ca, nil]]]]	0x30e4
[0xc45a0155, [0x2686, [0x2bd9, [0x4ca, nil]]]]	0x30ef
[0xdc51b6ac, [0x2686, [0x2bd9, [0x162f, [0x4ec, nil]]]]]	0x30e4
[0xdc51b6ac, [0x2686, [0x2bd9, [0x162f, [0x4ec, nil]]]]]	0x30ef
[0x5d3b5f80, [0x2c76, [0x30b, nil]]]	0x26f3
[0x5d3b5f80, [0x2c76, [0x30b, nil]]]	0x26fc
[0x3644e515, [0x2702, [0x2c91, [0x2b7, nil]]]]	0x3102
[0x2c4a952b, [0x30e4, [0x3191, [0x2082, [0x2408, [0x272, nil]]]]]]	0x310c
[0xfe57a691, [0x2312, [0x2567, [0x542, nil]]]]	0x31d6
[0xfe57a691, [0x2312, [0x2567, [0x542, nil]]]]	0x31df
[0xfe57a691, [0x2312, [0x2567, [0x542, nil]]]]	0x31e6
[0xfe57a691, [0x2312, [0x2567, [0x542, nil]]]]	0x31ea
[0xaf4b4379, [0x30e4, [0x3191, [0x2082, [0x238d, [0x498, nil]]]]]]	0x310c
[0x1e86c2ac, [0x20a8, [0x2482, [0x1d9, nil]]]]	0x2fca
[0x1e86c2ac, [0x20a8, [0x2482, [0x1d9, nil]]]]	0x2fdd
[0x1e86c2ac, [0x20a8, [0x2482, [0x1d9, nil]]]]	0x2fe1
[0x20606b70, [0x2c91, [0x21f, nil]]]	0x2702
[0x20606b70, [0x2c91, [0x21f, nil]]]	0x270b
[0xf45ad43, [0x2b6d, [0x2f59, [0x1b7, nil]]]]	0x312c
[0x2d05d3f, [0x30e4, [0x2686, [0x2bd9, [0x14f, nil]]]]]	0x310c
[0x6489aba5, [0x2082, [0x23c9, [0x32d, nil]]]]	0x3191
[0x6489aba5, [0x2082, [0x23c9, [0x32d, nil]]]]	0x319a
[0x6489aba5, [0x2082, [0x23c9, [0x32d, nil]]]]	0x31a1
[0x6489aba5, [0x2082, [0x23c9, [0x32d, nil]]]]	0x31a5
[0x370d60ae, [0x3191, [0x2082, [0x238d, [0x2d9, nil]]]]]	0x30e4
[0x370d60ae, [0x3191, [0x2082, [0x238d, [0x2d9, nil]]]]]	0x30ef
[0x7a62f5c6, [0x30e4, [0x3191, [0x2082, [0x23c9, [0x3a7, nil]]]]]]	0x310c
[0xa25d7c86, [0x20a8, [0x2482, [0x43f, nil]]]]	0x2fca
[0xa25d7c86, [0x20a8, [0x2482, [0x43f, nil]]]]	0x2fdd
[0xa25d7c86, [0x20a8, [0x2482, [0x43f, nil]]]]	0x2fe1
[0x82900934, [0x2702, [0x2c91, [0x41d, nil]]]]	0x3102
[0xc0f261e, [0x30e4, [0x3191, [0x2082, [0x2363, [0x171, nil]]]]]]	0x310c
[0xfc0c546a, [0x2686, [0x2bd9, [0x520, nil]]]]	0x30e4
[0xfc0c546a, [0x2686, [0x2bd9, [0x520, nil]]]]	0x30ef
[0xc45a0155, [0x30e4, [0x2686, [0x2bd9, [0x4ca, nil]]]]]	0x310c
[0xdc51b6ac, [0x30e4, [0x2686, [0x2bd9, [0x162f, [0x4ec, nil]]]]]]	0x310c
[0x5d3b5f80, [0x26f3, [0x2c76, [0x30b, nil]]]]	0x30f6
[0xfe57a691, [0x31d6, [0x2312, [0x2567, [0x542, nil]]]]]	0x312c
[0x20606b70, [0x2702, [0x2c91, [0x21f, nil]]]]	0x3102
[0x6489aba5, [0x3191, [0x2082, [0x23c9, [0x32d, nil]]]]]	0x30e4
[0x6489aba5, [0x3191, [0x2082, [0x23c9, [0x32d, nil]]]]]	0x30ef
[0x370d60ae, [0x30e4, [0x3191, [0x2082, [0x238d, [0x2d9, nil]]]]]]	0x310c
[0xa653d60c, [0x2605, [0x470, nil]]]	0x2082
[0xa653d60c, [0x2605, [0x470, nil]]]	0x2091
[0xfc0c546a, [0x30e4, [0x2686, [0x2bd9, [0x520, nil]]]]]	0x310c
[0x75986b50, [0x25b3, [0x36a, nil]]]	0x2082
[0x75986b50, [0x25b3, [0x36a, nil]]]	0x2091
[0x2186ff4e, [0x25b3, [0x241, nil]]]	0x2082
[0x2186ff4e, [0x25b3, [0x241, nil]]]	0x2091
[0x6489aba5, [0x30e4, [0x3191, [0x2082, [0x23c9, [0x32d, nil]]]]]]	0x310c
[0x1e86c2ac, [0x2fe1, [0x20a8, [0x2482, [0x1d9, nil]]]]]	0x20b6
[0x1e86c2ac, [0x2fe1, [0x20a8, [0x2482, [0x1d9, nil]]]]]	0x2f9d
[0x1e86c2ac, [0x2fe1, [0x20a8, [0x2482, [0x1d9, nil]]]]]	0x2fbc
[0x1e86c2ac, [0x2fe1, [0x20a8, [0x2482, [0x1d9, nil]]]]]	0x2fc0
[0x81b34f15, [0x25b3, [0x3d8, nil]]]	0x2082
[0x81b34f15, [0x25b3, [0x3d8, nil]]]	0x2091
[0xa653d60c, [0x2082, [0x2605, [0x470, nil]]]]	0x3191
[0xa653d60c, [0x2082, [0x2605, [0x470, nil]]]]	0x319a
[0xa653d60c, [0x2082, [0x2605, [0x470, nil]]]]	0x31a1
[0xa653d60c, [0x2082, [0x2605, [0x470, nil]]]]	0x31a5
[0xa25d7c86, [0x2fe1, [0x20a8, [0x2482, [0x43f, nil]]]]]	0x20b6
[0xa25d7c86, [0x2fe1, [0x20a8, [0x2482, [0x43f, nil]]]]]	0x2f9d
[0xa25d7c86, [0x2fe1, [0x20a8, [0x2482, [0x43f, nil]]]]]	0x2fbc
[0xa25d7c86, [0x2fe1, [0x20a8, [0x2482, [0x43f, nil]]]]]	0x2fc0
[0x75986b50, [0x2082, [0x25b3, [0x36a, nil]]]]	0x3191
[0x75986b50, [0x2082, [0x25b3, [0x36a, nil]]]]	0x319a
[0x75986b50, [0x2082, [0x25b3, [0x36a, nil]]]]	0x31a1
[0x75986b50, [0x2082, [0x25b3, [0x36a, nil]]]]	0x31a5
[0x2186ff4e, [0x2082, [0x25b3, [0x241, nil]]]]	0x3191
[0x2186ff4e, [0x2082, [0x25b3, [0x241, nil]]]]	0x319a
[0x2186ff4e, [0x2082, [0x25b3, [0x241, nil]]]]	0x31a1
[0x2186ff4e, [0x2082, [0x25b3, [0x241, nil]]]]	0x31a5
[0xa653d60c, [0x3191, [0x2082, [0x2605, [0x470, nil]]]]]	0x30e4
[0xa653d60c, [0x3191, [0x2082, [0x2605, [0x470, nil]]]]]	0x30ef
[0x2c4a952b, [0x2416, [0x272, nil]]]	0x2312
[0x2c4a952b, [0x2416, [0x272, nil]]]	0x2321
[0x81b34f15, [0x2082, [0x25b3, [0x3d8, nil]]]]	0x3191
[0x81b34f15, [0x2082, [0x25b3, [0x3d8, nil]]]]	0x319a
[0x81b34f15, [0x2082, [0x25b3, [0x3d8, nil]]]]	0x31a1
[0x81b34f15, [0x2082, [0x25b3, [0x3d8, nil]]]]	0x31a5
[0xaf4b4379, [0x239b, [0x498, nil]]]	0x2082
[0xaf4b4379, [0x239b, [0x498, nil]]]	0x2091
[0x7a62f5c6, [0x23d7, [0x3a7, nil]]]	0x2312
[0x7a62f5c6, [0x23d7, [0x3a7, nil]]]	0x2321
[0xfe57a691, [0x2575, [0x542, nil]]]	0x2082
[0xfe57a691, [0x2575, [0x542, nil]]]	0x2091
[0x75986b50, [0x3191, [0x2082, [0x25b3, [0x36a, nil]]]]]	0x30e4
[0x75986b50, [0x3191, [0x2082, [0x25b3, [0x36a, nil]]]]]	0x30ef
[0x2186ff4e, [0x3191, [0x2082, [0x25b3, [0x241, nil]]]]]	0x30e4
[0x2186ff4e, [0x3191, [0x2082, [0x25b3, [0x241, nil]]]]]	0x30ef
[0xa653d60c, [0x30e4, [0x3191, [0x2082, [0x2605, [0x470, nil]]]]]]	0x310c
[0x81b34f15, [0x3191, [0x2082, [0x25b3, [0x3d8, nil]]]]]	0x30e4
[0x81b34f15, [0x3191, [0x2082, [0x25b3, [0x3d8, nil]]]]]	0x30ef
[0x2c4a952b, [0x2312, [0x2416, [0x272, nil]]]]	0x31d6
[0x2c4a952b, [0x2312, [0x2416, [0x272, nil]]]]	0x31df
[0x2c4a952b, [0x2312, [0x2416, [0x272, nil]]]]	0x31e6
[0x2c4a952b, [0x2312, [0x2416, [0x272, nil]]]]	0x31ea
[0x370d60ae, [0x239b, [0x2d9, nil]]]	0x2082
[0x370d60ae, [0x239b, [0x2d9, nil]]]	0x2091
[0xaf4b4379, [0x2082, [0x239b, [0x498, nil]]]]	0x3191
[0xaf4b4379, [0x2082, [0x239b, [0x498, nil]]]]	0x319a
[0xaf4b4379, [0x2082, [0x239b, [0x498, nil]]]]	0x31a1
[0xaf4b4379, [0x2082, [0x239b, [0x498, nil]]]]	0x31a5
[0x75986b50, [0x30e4, [0x3191, [0x2082, [0x25b3, [0x36a, nil]]]]]]	0x310c
[0x2186ff4e, [0x30e4, [0x3191, [0x2082, [0x25b3, [0x241, nil]]]]]]	0x310c
[0xc0f261e, [0x2371, [0x171, nil]]]	0x187
[0xc0f261e, [0x2371, [0x171, nil]]]	0x599
[0xdc51b6ac, [0x16b8, [0x4ec, nil]]]	0x252b
[0xdc51b6ac, [0x16b8, [0x4ec, nil]]]	0x2539
[0xdc51b6ac, [0x16b8, [0x4ec, nil]]]	0x253d
[0xdc51b6ac, [0x16b8, [0x4ec, nil]]]	0x254b
[0x7a62f5c6, [0x2312, [0x23d7, [0x3a7, nil]]]]	0x31d6
[0x7a62f5c6, [0x2312, [0x23d7, [0x3a7, nil]]]]	0x31df
[0x7a62f5c6, [0x2312, [0x23d7, [0x3a7, nil]]]]	0x31e6
[0x7a62f5c6, [0x2312, [0x23d7, [0x3a7, nil]]]]	0x31ea
[0xfe57a691, [0x2082, [0x2575, [0x542, nil]]]]	0x3191
[0xfe57a691, [0x2082, [0x2575, [0x542, nil]]]]	0x319a
[0xfe57a691, [0x2082, [0x2575, [0x542, nil]]]]	0x31a1
[0xfe57a691, [0x2082, [0x2575, [0x542, nil]]]]	0x31a5
[0x81b34f15, [0x30e4, [0x3191, [0x2082, [0x25b3, [0x3d8, nil]]]]]]	0x310c
[0x2c4a952b, [0x31d6, [0x2312, [0x2416, [0x272, nil]]]]]	0x312c
[0x6489aba5, [0x23d7, [0x32d, nil]]]	0x2312
[0x6489aba5, [0x23d7, [0x32d, nil]]]	0x2321
[0xaf4b4379, [0x3191, [0x2082, [0x239b, [0x498, nil]]]]]	0x30e4
[0xaf4b4379, [0x3191, [0x2082, [0x239b, [0x498, nil]]]]]	0x30ef
[0x1e86c2ac, [0x20ec, [0x2482, [0x1d9, nil]]]]	0x2082
[0x1e86c2ac, [0x20ec, [0x2482, [0x1d9, nil]]]]	0x2091
[0x370d60ae, [0x2082, [0x239b, [0x2d9, nil]]]]	0x3191
[0x370d60ae, [0x2082, [0x239b, [0x2d9, nil]]]]	0x319a
[0x370d60ae, [0x2082, [0x239b, [0x2d9, nil]]]]	0x31a1
[0x370d60ae, [0x2082, [0x239b, [0x2d9, nil]]]]	0x31a5
[0x7a62f5c6, [0x31d6, [0x2312, [0x23d7, [0x3a7, nil]]]]]	0x312c
[0xfe57a691, [0x3191, [0x2082, [0x2575, [0x542, nil]]]]]	0x30e4
[0xfe57a691, [0x3191, [0x2082, [0x2575, [0x542, nil]]]]]	0x30ef
[0xdc51b6ac, [0x253d, [0x16b8, [0x4ec, nil]]]]	0x2327
[0xdc51b6ac, [0x253d, [0x16b8, [0x4ec, nil]]]]	0x2336
[0xa25d7c86, [0x20ec, [0x2482, [0x43f, nil]]]]	0x2082
[0xa25d7c86, [0x20ec, [0x2482, [0x43f, nil]]]]	0x2091
[0xc0f261e, [0x18c, nil]]	0x2f59
[0xc0f261e, [0x18c, nil]]	0x2f6e
[0xaf4b4379, [0x30e4, [0x3191, [0x2082, [0x239b, [0x498, nil]]]]]]	0x310c
[0x6489aba5, [0x2312, [0x23d7, [0x32d, nil]]]]	0x31d6
[0x6489aba5, [0x2312, [0x23d7, [0x32d, nil]]]]	0x31df
[0x6489aba5, [0x2312, [0x23d7, [0x32d, nil]]]]	0x31e6
[0x6489aba5, [0x2312, [0x23d7, [0x32d, nil]]]]	0x31ea
[0x370d60ae, [0x3191, [0x2082, [0x239b, [0x2d9, nil]]]]]	0x30e4
[0x370d60ae, [0x3191, [0x2082, [0x239b, [0x2d9, nil]]]]]	0x30ef
[0xfe57a691, [0x30e4, [0x3191, [0x2082, [0x2575, [0x542, nil]]]]]]	0x310c
[0x1e86c2ac, [0x2082, [0x20ec, [0x2482, [0x1d9, nil]]]]]	0x3191
[0x1e86c2ac, [0x2082, [0x20ec, [0x2482, [0x1d9, nil]]]]]	0x319a
[0x1e86c2ac, [0x2082, [0x20ec, [0x2482, [0x1d9, nil]]]]]	0x31a1
[0x1e86c2ac, [0x2082, [0x20ec, [0x2482, [0x1d9, nil]]]]]	0x31a5
[0xdc51b6ac, [0x2327, [0x253d, [0x16b8, [0x4ec, nil]]]]]	0x31d6
[0xdc51b6ac, [0x2327, [0x253d, [0x16b8, [0x4ec, nil]]]]]	0x31df
[0xdc51b6ac, [0x2327, [0x253d, [0x16b8, [0x4ec, nil]]]]]	0x31e6
[0xdc51b6ac, [0x2327, [0x253d, [0x16b8, [0x4ec, nil]]]]]	0x31ea
[0xa25d7c86, [0x2082, [0x20ec, [0x2482, [0x43f, nil]]]]]	0x3191
[0xa25d7c86, [0x2082, [0x20ec, [0x2482, [0x43f, nil]]]]]	0x319a
[0xa25d7c86, [0x2082, [0x20ec, [0x2482, [0x43f, nil]]]]]	0x31a1
[0xa25d7c86, [0x2082, [0x20ec, [0x2482, [0x43f, nil]]]]]	0x31a5
[0x1e86c2ac, [0x24ab, [0x1d9, nil]]]	0x219d
[0x1e86c2ac, [0x24ab, [0x1d9, nil]]]	0x21aa
[0x1e86c2ac, [0x24ab, [0x1d9, nil]]]	0x21ae
[0x1e86c2ac, [0x24ab, [0x1d9, nil]]]	0x21c1
[0x1e86c2ac, [0x24ab, [0x1d9, nil]]]	0x21e2
[0x1e86c2ac, [0x24ab, [0x1d9, nil]]]	0x21e6
[0x1e86c2ac, [0x24ab, [0x1d9, nil]]]	0x21e9
[0x1e86c2ac, [0x24ab, [0x1d9, nil]]]	0x21f2
[0x1e86c2ac, [0x24ab, [0x1d9, nil]]]	0x21fc
[0x1e86c2ac, [0x24ab, [0x1d9, nil]]]	0x2216
[0xc0f261e, [0x2f59, [0x18c, nil]]]	0x2b6d
[0xc0f261e, [0x2f59, [0x18c, nil]]]	0x2b76
[0xa25d7c86, [0x24ab, [0x43f, nil]]]	0x219d
[0xa25d7c86, [0x24ab, [0x43f, nil]]]	0x21aa
[0xa25d7c86, [0x24ab, [0x43f, nil]]]	0x21ae
[0xa25d7c86, [0x24ab, [0x43f, nil]]]	0x21c1
[0xa25d7c86, [0x24ab, [0x43f, nil]]]	0x21e2
[0xa25d7c86, [0x24ab, [0x43f, nil]]]	0x21e6
[0xa25d7c86, [0x24ab, [0x43f, nil]]]	0x21e9
[0xa25d7c86, [0x24ab, [0x43f, nil]]]	0x21f2
[0xa25d7c86, [0x24ab, [0x43f, nil]]]	0x21fc
[0xa25d7c86, [0x24ab, [0x43f, nil]]]	0x2216
[0x6489aba5, [0x31d6, [0x2312, [0x23d7, [0x32d, nil]]]]]	0x312c
[0x370d60ae, [0x30e4, [0x3191, [0x2082, [0x239b, [0x2d9, nil]]]]]]	0x310c
[0xa653d60c, [0x2616, [0x470, nil]]]	0x2312
[0xa653d60c, [0x2616, [0x470, nil]]]	0x2321
[0x1e86c2ac, [0x3191, [0x2082, [0x20ec, [0x2482, [0x1d9, nil]]]]]]	0x30e4
[0x1e86c2ac, [0x3191, [0x2082, [0x20ec, [0x2482, [0x1d9, nil]]]]]]	0x30ef
[0xdc51b6ac, [0x31d6, [0x2327, [0x253d, [0x16b8, [0x4ec, nil]]]]]]	0x312c
[0xa25d7c86, [0x3191, [0x2082, [0x20ec, [0x2482, [0x43f, nil]]]]]]	0x30e4
[0xa25d7c86, [0x3191, [0x2082, [0x20ec, [0x2482, [0x43f, nil]]]]]]	0x30ef
[0x75986b50, [0x25c4, [0x36a, nil]]]	0x2312
[0x75986b50, [0x25c4, [0x36a, nil]]]	0x2321
[0x2186ff4e, [0x25c4, [0x241, nil]]]	0x2312
[0x2186ff4e, [0x25c4, [0x241, nil]]]	0x2321
[0xc0f261e, [0x2b6d, [0x2f59, [0x18c, nil]]]]	0x312c
[0x2c4a952b, [0x2427, [0x272, nil]]]	0x2082
[0x2c4a952b, [0x2427, [0x272, nil]]]	0x2091
[0x1e86c2ac, [0x21ae, [0x24ab, [0x1d9, nil]]]]	0x301a
[0x1e86c2ac, [0x21ae, [0x24ab, [0x1d9, nil]]]]	0x302d
[0x1e86c2ac, [0x21ae, [0x24ab, [0x1d9, nil]]]]	0x3031
[0xa25d7c86, [0x21ae, [0x24ab, [0x43f, nil]]]]	0x301a
[0xa25d7c86, [0x21ae, [0x24ab, [0x43f, nil]]]]	0x302d
[0xa25d7c86, [0x21ae, [0x24ab, [0x43f, nil]]]]	0x3031
[0x1e86c2ac, [0x30e4, [0x3191, [0x2082, [0x20ec, [0x2482, [0x1d9, nil]]]]]]]	0x310c
[0x81b34f15, [0x25c4, [0x3d8, nil]]]	0x2312
[0x81b34f15, [0x25c4, [0x3d8, nil]]]	0x2321
[0xa653d60c, [0x2312, [0x2616, [0x470, nil]]]]	0x31d6
[0xa653d60c, [0x2312, [0x2616, [0x470, nil]]]]	0x31df
[0xa653d60c, [0x2312, [0x2616, [0x470, nil]]]]	0x31e6
[0xa653d60c, [0x2312, [0x2616, [0x470, nil]]]]	0x31ea
[0xa25d7c86, [0x30e4, [0x3191, [0x2082, [0x20ec, [0x2482, [0x43f, nil]]]]]]]	0x310c
[0x75986b50, [0x2312, [0x25c4, [0x36a, nil]]]]	0x31d6
[0x75986b50, [0x2312, [0x25c4, [0x36a, nil]]]]	0x31df
[0x75986b50, [0x2312, [0x25c4, [0x36a, nil]]]]	0x31e6
[0x75986b50, [0x2312, [0x25c4, [0x36a, nil]]]]	0x31ea
[0x2186ff4e, [0x2312, [0x25c4, [0x241, nil]]]]	0x31d6
[0x2186ff4e, [0x2312, [0x25c4, [0x241, nil]]]]	0x31df
[0x2186ff4e, [0x2312, [0x25c4, [0x241, nil]]]]	0x31e6
[0x2186ff4e, [0x2312, [0x25c4, [0x241, nil]]]]	0x31ea
[0x7a62f5c6, [0x23e8, [0x3a7, nil]]]	0x3bd
[0x7a62f5c6, [0x23e8, [0x3a7, nil]]]	0xa83
[0x7a62f5c6, [0x23e8, [0x3a7, nil]]]	0xadb
[0x7a62f5c6, [0x23e8, [0x3a7, nil]]]	0xb0c
[0x7a62f5c6, [0x23e8, [0x3a7, nil]]]	0xb15
[0x7a62f5c6, [0x23e8, [0x3a7, nil]]]	0xb67
[0x7a62f5c6, [0x23e8, [0x3a7, nil]]]	0xbf5
[0x2c4a952b, [0x2082, [0x2427, [0x272, nil]]]]	0x3191
[0x2c4a952b, [0x2082, [0x2427, [0x272, nil]]]]	0x319a
[0x2c4a952b, [0x2082, [0x2427, [0x272, nil]]]]	0x31a1
[0x2c4a952b, [0x2082, [0x2427, [0x272, nil]]]]	0x31a5
[0xa653d60c, [0x31d6, [0x2312, [0x2616, [0x470, nil]]]]]	0x312c
[0x81b34f15, [0x2312, [0x25c4, [0x3d8, nil]]]]	0x31d6
[0x81b34f15, [0x2312, [0x25c4, [0x3d8, nil]]]]	0x31df
[0x81b34f15, [0x2312, [0x25c4, [0x3d8, nil]]]]	0x31e6
[0x81b34f15, [0x2312, [0x25c4, [0x3d8, nil]]]]	0x31ea
[0x75986b50, [0x31d6, [0x2312, [0x25c4, [0x36a, nil]]]]]	0x312c
[0x2186ff4e, [0x31d6, [0x2312, [0x25c4, [0x241, nil]]]]]	0x312c
[0x2c4a952b, [0x3191, [0x2082, [0x2427, [0x272, nil]]]]]	0x30e4
[0x2c4a952b, [0x3191, [0x2082, [0x2427, [0x272, nil]]]]]	0x30ef
[0x1e86c2ac, [0x3031, [0x21ae, [0x24ab, [0x1d9, nil]]]]]	0x21bc
[0x1e86c2ac, [0x3031, [0x21ae, [0x24ab, [0x1d9, nil]]]]]	0x2f9d
[0x1e86c2ac, [0x3031, [0x21ae, [0x24ab, [0x1d9, nil]]]]]	0x2fbc
[0x1e86c2ac, [0x3031, [0x21ae, [0x24ab, [0x1d9, nil]]]]]	0x2fc0
[0x7a62f5c6, [0xadb, [0x23e8, [0x3a7, nil]]]]	0x2f19
[0x7a62f5c6, [0xadb, [0x23e8, [0x3a7, nil]]]]	0x2f32
[0xaf4b4379, [0x23ac, [0x498, nil]]]	0x4ae
[0xaf4b4379, [0x23ac, [0x498, nil]]]	0x1348
[0xaf4b4379, [0x23ac, [0x498, nil]]]	0x135e
[0xaf4b4379, [0x23ac, [0x498, nil]]]	0x1366
[0xaf4b4379, [0x23ac, [0x498, nil]]]	0x1367
[0xaf4b4379, [0x23ac, [0x498, nil]]]	0x136d
[0xaf4b4379, [0x23ac, [0x498, nil]]]	0x137d
[0xaf4b4379, [0x23ac, [0x498, nil]]]	0x1382
[0xaf4b4379, [0x23ac, [0x498, nil]]]	0x13b3
[0xaf4b4379, [0x23ac, [0x498, nil]]]	0x13bc
[0xaf4b4379, [0x23ac, [0x498, nil]]]	0x13d7
[0xaf4b4379, [0x23ac, [0x498, nil]]]	0x140c
[0xaf4b4379, [0x23ac, [0x498, nil]]]	0x1455
[0xaf4b4379, [0x23ac, [0x498, nil]]]	0x1563
[0xaf4b4379, [0x23ac, [0x498, nil]]]	0x1567
[0xaf4b4379, [0x23ac, [0x498, nil]]]	0x1572
[0xaf4b4379, [0x23ac, [0x498, nil]]]	0x157b
[0xaf4b4379, [0x23ac, [0x498, nil]]]	0x15a4
[0xaf4b4379, [0x23ac, [0x498, nil]]]	0x15b3
[0xaf4b4379, [0x23ac, [0x498, nil]]]	0x15c7
[0xaf4b4379, [0x23ac, [0x498, nil]]]	0x15ea
[0xaf4b4379, [0x23ac, [0x498, nil]]]	0x3c484
[0xaf4b4379, [0x23ac, [0x498, nil]]]	0x3c560
[0xa25d7c86, [0x3031, [0x21ae, [0x24ab, [0x43f, nil]]]]]	0x21bc
[0xa25d7c86, [0x3031, [0x21ae, [0x24ab, [0x43f, nil]]]]]	0x2f9d
[0xa25d7c86, [0x3031, [0x21ae, [0x24ab, [0x43f, nil]]]]]	0x2fbc
[0xa25d7c86, [0x3031, [0x21ae, [0x24ab, [0x43f, nil]]]]]	0x2fc0
[0x7a62f5c6, [0xb15, [0x23e8, [0x3a7, nil]]]]	0x1c5b
[0x7a62f5c6, [0xb15, [0x23e8, [0x3a7, nil]]]]	0x1c6c
[0x7a62f5c6, [0xb15, [0x23e8, [0x3a7, nil]]]]	0x1c9d
[0x7a62f5c6, [0xb15, [0x23e8, [0x3a7, nil]]]]	0x1ca6
[0x81b34f15, [0x31d6, [0x2312, [0x25c4, [0x3d8, nil]]]]]	0x312c
[0xfe57a691, [0x2586, [0x542, nil]]]	0x558
[0xfe57a691, [0x2586, [0x542, nil]]]	0x1707
[0x6489aba5, [0x23e8, [0x32d, nil]]]	0x343
[0x6489aba5, [0x23e8, [0x32d, nil]]]	0x95f
[0x6489aba5, [0x23e8, [0x32d, nil]]]	0x9b7
[0x6489aba5, [0x23e8, [0x32d, nil]]]	0x9e8
[0x6489aba5, [0x23e8, [0x32d, nil]]]	0x9f1
[0x6489aba5, [0x23e8, [0x32d, nil]]]	0xa3c
[0x6489aba5, [0x23e8, [0x32d, nil]]]	0xa3f
[0x6489aba5, [0x23e8, [0x32d, nil]]]	0xa49
[0x2c4a952b, [0x30e4, [0x3191, [0x2082, [0x2427, [0x272, nil]]]]]]	0x310c
[0x7a62f5c6, [0x2f19, [0xadb, [0x23e8, [0x3a7, nil]]]]]	0x2ade
[0x7a62f5c6, [0x2f19, [0xadb, [0x23e8, [0x3a7, nil]]]]]	0x2aeb
[0x370d60ae, [0x23ac, [0x2d9, nil]]]	0x2ef
[0x370d60ae, [0x23ac, [0x2d9, nil]]]	0x85a
[0x370d60ae, [0x23ac, [0x2d9, nil]]]	0x870
[0x370d60ae, [0x23ac, [0x2d9, nil]]]	0x878
[0x370d60ae, [0x23ac, [0x2d9, nil]]]	0x879
[0x370d60ae, [0x23ac, [0x2d9, nil]]]	0x87f
[0x370d60ae, [0x23ac, [0x2d9, nil]]]	0x88f
[0x370d60ae, [0x23ac, [0x2d9, nil]]]	0x894
[0x370d60ae, [0x23ac, [0x2d9, nil]]]	0x8c5
[0x370d60ae, [0x23ac, [0x2d9, nil]]]	0x8ce
[0x370d60ae, [0x23ac, [0x2d9, nil]]]	0x8e9
[0x370d60ae, [0x23ac, [0x2d9, nil]]]	0x91e
[0x370d60ae, [0x23ac, [0x2d9, nil]]]	0x926
[0x370d60ae, [0x23ac, [0x2d9, nil]]]	0x930
[0x370d60ae, [0x23ac, [0x2d9, nil]]]	0x937
[0x370d60ae, [0x23ac, [0x2d9, nil]]]	0x3c460
[0x370d60ae, [0x23ac, [0x2d9, nil]]]	0x3c53c
[0xaf4b4379, [0x135e, [0x23ac, [0x498, nil]]]]	0x1a6c
[0x7a62f5c6, [0x1c6c, [0xb15, [0x23e8, [0x3a7, nil]]]]]	0x2df9
[0x7a62f5c6, [0x1c6c, [0xb15, [0x23e8, [0x3a7, nil]]]]]	0x2e12
[0xdc51b6ac, [0x4f5, nil]]	0x2f59
[0xdc51b6ac, [0x4f5, nil]]	0x2f6e
[0x6489aba5, [0x9b7, [0x23e8, [0x32d, nil]]]]	0x2f19
[0x6489aba5, [0x9b7, [0x23e8, [0x32d, nil]]]]	0x2f32
[0xfe57a691, [0x55d, nil]]	0x2f59
[0xfe57a691, [0x55d, nil]]	0x2f6e
[0xa653d60c, [0x2627, [0x470, nil]]]	0x2312
[0xa653d60c, [0x2627, [0x470, nil]]]	0x2321
[0x7a62f5c6, [0xb67, [0x23e8, [0x3a7, nil]]]]	0x2f74
[0x7a62f5c6, [0xb67, [0x23e8, [0x3a7, nil]]]]	0x2f89
[0x7a62f5c6, [0xb67, [0x23e8, [0x3a7, nil]]]]	0x2f96
[0x7a62f5c6, [0x2ade, [0x2f19, [0xadb, [0x23e8, [0x3a7, nil]]]]]]	0x30c8
[0x7a62f5c6, [0x2df9, [0x1c6c, [0xb15, [0x23e8, [0x3a7, nil]]]]]]	0x2852
[0x7a62f5c6, [0x2df9, [0x1c6c, [0xb15, [0x23e8, [0x3a7, nil]]]]]]	0x285f
[0xaf4b4379, [0x1382, [0x23ac, [0x498, nil]]]]	0x2eb9
[0xaf4b4379, [0x1382, [0x23ac, [0x498, nil]]]]	0x2ed2
[0x370d60ae, [0x870, [0x23ac, [0x2d9, nil]]]]	0x1a6c
[0x6489aba5, [0xa3f, [0x23e8, [0x32d, nil]]]]	0x1b6b
[0x6489aba5, [0xa3f, [0x23e8, [0x32d, nil]]]]	0x1bbf
[0x6489aba5, [0xa3f, [0x23e8, [0x32d, nil]]]]	0x1c4d
[0xdc51b6ac, [0x2f59, [0x4f5, nil]]]	0x2b6d
[0xdc51b6ac, [0x2f59, [0x4f5, nil]]]	0x2b76
[0x6489aba5, [0x2f19, [0x9b7, [0x23e8, [0x32d, nil]]]]]	0x2ade
[0x6489aba5, [0x2f19, [0x9b7, [0x23e8, [0x32d, nil]]]]]	0x2aeb
[0xfe57a691, [0x2f59, [0x55d, nil]]]	0x2b6d
[0xfe57a691, [0x2f59, [0x55d, nil]]]	0x2b76
[0xa653d60c, [0x2312, [0x2627, [0x470, nil]]]]	0x31d6
[0xa653d60c, [0x2312, [0x2627, [0x470, nil]]]]	0x31df
[0xa653d60c, [0x2312, [0x2627, [0x470, nil]]]]	0x31e6
[0xa653d60c, [0x2312, [0x2627, [0x470, nil]]]]	0x31ea
[0x7a62f5c6, [0x2f74, [0xb67, [0x23e8, [0x3a7, nil]]]]]	0x2b6d
[0x7a62f5c6, [0x2f74, [0xb67, [0x23e8, [0x3a7, nil]]]]]	0x2b76
[0x7a62f5c6, [0x2852, [0x2df9, [0x1c6c, [0xb15, [0x23e8, [0x3a7, nil]]]]]]]	0x30c8
[0xaf4b4379, [0x140c, [0x23ac, [0x498, nil]]]]	0x1d09
[0x75986b50, [0x25d5, [0x36a, nil]]]	0x380
[0x75986b50, [0x25d5, [0x36a, nil]]]	0xa51
[0x2186ff4e, [0x25d5, [0x241, nil]]]	0x257
[0x2186ff4e, [0x25d5, [0x241, nil]]]	0x6d3
[0x1e86c2ac, [0x21f2, [0x24ab, [0x1d9, nil]]]]	0x2312
[0x1e86c2ac, [0x21f2, [0x24ab, [0x1d9, nil]]]]	0x2321
[0x370d60ae, [0x894, [0x23ac, [0x2d9, nil]]]]	0x2eb9
[0x370d60ae, [0x894, [0x23ac, [0x2d9, nil]]]]	0x2ed2
[0xaf4b4379, [0x2eb9, [0x1382, [0x23ac, [0x498, nil]]]]]	0x29d2
[0xaf4b4379, [0x2eb9, [0x1382, [0x23ac, [0x498, nil]]]]]	0x29df
[0xdc51b6ac, [0x2b6d, [0x2f59, [0x4f5, nil]]]]	0x312c
[0xa25d7c86, [0x21f2, [0x24ab, [0x43f, nil]]]]	0x2312
[0xa25d7c86, [0x21f2, [0x24ab, [0x43f, nil]]]]	0x2321
[0x6489aba5, [0x1b6b, [0xa3f, [0x23e8, [0x32d, nil]]]]]	0x1d9a
[0x6489aba5, [0x1b6b, [0xa3f, [0x23e8, [0x32d, nil]]]]]	0x1ddc
[0x6489aba5, [0x2ade, [0x2f19, [0x9b7, [0x23e8, [0x32d, nil]]]]]]	0x30c8
[0x81b34f15, [0x25d5, [0x3d8, nil]]]	0x3ed
[0x81b34f15, [0x25d5, [0x3d8, nil]]]	0xc03
[0x81b34f15, [0x25d5, [0x3d8, nil]]]	0xc18
[0xfe57a691, [0x2b6d, [0x2f59, [0x55d, nil]]]]	0x312c
[0xa653d60c, [0x31d6, [0x2312, [0x2627, [0x470, nil]]]]]	0x312c
[0x7a62f5c6, [0x2b6d, [0x2f74, [0xb67, [0x23e8, [0x3a7, nil]]]]]]	0x312c
[0x2c4a952b, [0x2438, [0x272, nil]]]	0x2312
[0x2c4a952b, [0x2438, [0x272, nil]]]	0x2321
[0x370d60ae, [0x91e, [0x23ac, [0x2d9, nil]]]]	0x1a83
[0x370d60ae, [0x91e, [0x23ac, [0x2d9, nil]]]]	0x1a99
[0x370d60ae, [0x91e, [0x23ac, [0x2d9, nil]]]]	0x1aa1
[0x370d60ae, [0x91e, [0x23ac, [0x2d9, nil]]]]	0x1aa2
[0x370d60ae, [0x91e, [0x23ac, [0x2d9, nil]]]]	0x1aa8
[0x370d60ae, [0x91e, [0x23ac, [0x2d9, nil]]]]	0x1ab8
[0x370d60ae, [0x91e, [0x23ac, [0x2d9, nil]]]]	0x1abd
[0x370d60ae, [0x91e, [0x23ac, [0x2d9, nil]]]]	0x1aee
[0x370d60ae, [0x91e, [0x23ac, [0x2d9, nil]]]]	0x1af7
[0x370d60ae, [0x91e, [0x23ac, [0x2d9, nil]]]]	0x1b12
[0x370d60ae, [0x91e, [0x23ac, [0x2d9, nil]]]]	0x1b47
[0x370d60ae, [0x91e, [0x23ac, [0x2d9, nil]]]]	0x1b4e
[0x370d60ae, [0x91e, [0x23ac, [0x2d9, nil]]]]	0x3c4a8
[0x370d60ae, [0x91e, [0x23ac, [0x2d9, nil]]]]	0x3c584
[0xaf4b4379, [0x29d2, [0x2eb9, [0x1382, [0x23ac, [0x498, nil]]]]]]	0x30c8
[0x1e86c2ac, [0x2312, [0x21f2, [0x24ab, [0x1d9, nil]]]]]	0x31d6
[0x1e86c2ac, [0x2312, [0x21f2, [0x24ab, [0x1d9, nil]]]]]	0x31df
[0x1e86c2ac, [0x2312, [0x21f2, [0x24ab, [0x1d9, nil]]]]]	0x31e6
[0x1e86c2ac, [0x2312, [0x21f2, [0x24ab, [0x1d9, nil]]]]]	0x31ea
[0x6489aba5, [0x1d9a, [0x1b6b, [0xa3f, [0x23e8, [0x32d, nil]]]]]]	0x1fdc
[0x6489aba5, [0x1d9a, [0x1b6b, [0xa3f, [0x23e8, [0x32d, nil]]]]]]	0x1fe9
[0x6489aba5, [0x1d9a, [0x1b6b, [0xa3f, [0x23e8, [0x32d, nil]]]]]]	0x201b
[0x6489aba5, [0x1d9a, [0x1b6b, [0xa3f, [0x23e8, [0x32d, nil]]]]]]	0x2024
[0x81b34f15, [0xc03, [0x25d5, [0x3d8, nil]]]]	0x1cb0
[0x370d60ae, [0x2eb9, [0x894, [0x23ac, [0x2d9, nil]]]]]	0x29d2
[0x370d60ae, [0x2eb9, [0x894, [0x23ac, [0x2d9, nil]]]]]	0x29df
[0x75986b50, [0x385, nil]]	0x2f59
[0x75986b50, [0x385, nil]]	0x2f6e
[0x2186ff4e, [0x25c, nil]]	0x2f59
[0x2186ff4e, [0x25c, nil]]	0x2f6e
[0xa25d7c86, [0x2312, [0x21f2, [0x24ab, [0x43f, nil]]]]]	0x31d6
[0xa25d7c86, [0x2312, [0x21f2, [0x24ab, [0x43f, nil]]]]]	0x31df
[0xa25d7c86, [0x2312, [0x21f2, [0x24ab, [0x43f, nil]]]]]	0x31e6
[0xa25d7c86, [0x2312, [0x21f2, [0x24ab, [0x43f, nil]]]]]	0x31ea
[0x1e86c2ac, [0x24b7, [0x1d9, nil]]]	0x1ef
[0x1e86c2ac, [0x24b7, [0x1d9, nil]]]	0x5b7
[0x1e86c2ac, [0x24b7, [0x1d9, nil]]]	0x5c3
[0x1e86c2ac, [0x24b7, [0x1d9, nil]]]	0x5f4
[0x1e86c2ac, [0x24b7, [0x1d9, nil]]]	0x5fd
[0x1e86c2ac, [0x24b7, [0x1d9, nil]]]	0x611
[0x1e86c2ac, [0x24b7, [0x1d9, nil]]]	0x615
[0x1e86c2ac, [0x24b7, [0x1d9, nil]]]	0x630
[0x1e86c2ac, [0x24b7, [0x1d9, nil]]]	0x644
[0x1e86c2ac, [0x24b7, [0x1d9, nil]]]	0x64a
[0x1e86c2ac, [0x24b7, [0x1d9, nil]]]	0x654
[0x1e86c2ac, [0x24b7, [0x1d9, nil]]]	0x683
[0x1e86c2ac, [0x24b7, [0x1d9, nil]]]	0x68e
[0x1e86c2ac, [0x24b7, [0x1d9, nil]]]	0x68f
[0x1e86c2ac, [0x24b7, [0x1d9, nil]]]	0x6a8
[0xa25d7c86, [0x24b7, [0x43f, nil]]]	0x455
[0xa25d7c86, [0x24b7, [0x43f, nil]]]	0xc45
[0xa25d7c86, [0x24b7, [0x43f, nil]]]	0xc51
[0xa25d7c86, [0x24b7, [0x43f, nil]]]	0xc82
[0xa25d7c86, [0x24b7, [0x43f, nil]]]	0xc8b
[0xa25d7c86, [0x24b7, [0x43f, nil]]]	0xc9f
[0xa25d7c86, [0x24b7, [0x43f, nil]]]	0xca3
[0xa25d7c86, [0x24b7, [0x43f, nil]]]	0xcbe
[0xa25d7c86, [0x24b7, [0x43f, nil]]]	0xcd2
[0xa25d7c86, [0x24b7, [0x43f, nil]]]	0xcd8
[0xa25d7c86, [0x24b7, [0x43f, nil]]]	0xce2
[0xa25d7c86, [0x24b7, [0x43f, nil]]]	0xd11
[0xa25d7c86, [0x24b7, [0x43f, nil]]]	0xd1c
[0xa25d7c86, [0x24b7, [0x43f, nil]]]	0xd1d
[0xa25d7c86, [0x24b7, [0x43f, nil]]]	0xd36
[0x2c4a952b, [0x2312, [0x2438, [0x272, nil]]]]	0x31d6
[0x2c4a952b, [0x2312, [0x2438, [0x272, nil]]]]	0x31df
[0x2c4a952b, [0x2312, [0x2438, [0x272, nil]]]]	0x31e6
[0x2c4a952b, [0x2312, [0x2438, [0x272, nil]]]]	0x31ea
[0x370d60ae, [0x1a99, [0x91e, [0x23ac, [0x2d9, nil]]]]]	0x1a6c
[0x1e86c2ac, [0x31d6, [0x2312, [0x21f2, [0x24ab, [0x1d9, nil]]]]]]	0x312c
[0x6489aba5, [0x1fe9, [0x1d9a, [0x1b6b, [0xa3f, [0x23e8, [0x32d, nil]]]]]]]	0x2d97
[0x6489aba5, [0x1fe9, [0x1d9a, [0x1b6b, [0xa3f, [0x23e8, [0x32d, nil]]]]]]]	0x2db1
[0xaf4b4379, [0x157b, [0x23ac, [0x498, nil]]]]	0x24ea
[0xaf4b4379, [0x157b, [0x23ac, [0x498, nil]]]]	0x24f8
[0xaf4b4379, [0x157b, [0x23ac, [0x498, nil]]]]	0x24fc
[0xaf4b4379, [0x157b, [0x23ac, [0x498, nil]]]]	0x2512
[0xaf4b4379, [0x157b, [0x23ac, [0x498, nil]]]]	0x2516
[0xaf4b4379, [0x157b, [0x23ac, [0x498, nil]]]]	0x2522
[0x370d60ae, [0x29d2, [0x2eb9, [0x894, [0x23ac, [0x2d9, nil]]]]]]	0x30c8
[0x7a62f5c6, [0x2f89, [0xb67, [0x23e8, [0x3a7, nil]]]]]	0x2b6d
[0x7a62f5c6, [0x2f89, [0xb67, [0x23e8, [0x3a7, nil]]]]]	0x2b76
[0xa25d7c86, [0x31d6, [0x2312, [0x21f2, [0x24ab, [0x43f, nil]]]]]]	0x312c
[0x75986b50, [0x2f59, [0x385, nil]]]	0x2b6d
[0x75986b50, [0x2f59, [0x385, nil]]]	0x2b76
[0x2186ff4e, [0x2f59, [0x25c, nil]]]	0x2b6d
[0x2186ff4e, [0x2f59, [0x25c, nil]]]	0x2b76
[0x1e86c2ac, [0x5c3, [0x24b7, [0x1d9, nil]]]]	0x2ed9
[0x1e86c2ac, [0x5c3, [0x24b7, [0x1d9, nil]]]]	0x2ef2
[0x2c4a952b, [0x31d6, [0x2312, [0x2438, [0x272, nil]]]]]	0x312c
[0x81b34f15, [0x1cb0, [0xc03, [0x25d5, [0x3d8, nil]]]]]	0x705
[0x81b34f15, [0x1cb0, [0xc03, [0x25d5, [0x3d8, nil]]]]]	0x70f
[0x81b34f15, [0x1cb0, [0xc03, [0x25d5, [0x3d8, nil]]]]]	0x719
[0x81b34f15, [0x1cb0, [0xc03, [0x25d5, [0x3d8, nil]]]]]	0x840
[0x81b34f15, [0x1cb0, [0xc03, [0x25d5, [0x3d8, nil]]]]]	0xc10
[0x370d60ae, [0x1abd, [0x91e, [0x23ac, [0x2d9, nil]]]]]	0x2eb9
[0x370d60ae, [0x1abd, [0x91e, [0x23ac, [0x2d9, nil]]]]]	0x2ed2
[0x6489aba5, [0x2d97, [0x1fe9, [0x1d9a, [0x1b6b, [0xa3f, [0x23e8, [0x32d, nil]]]]]]]]	0x2759
[0x6489aba5, [0x2d97, [0x1fe9, [0x1d9a, [0x1b6b, [0xa3f, [0x23e8, [0x32d, nil]]]]]]]]	0x2764
[0x6489aba5, [0x2d97, [0x1fe9, [0x1d9a, [0x1b6b, [0xa3f, [0x23e8, [0x32d, nil]]]]]]]]	0x276e
[0x6489aba5, [0x2d97, [0x1fe9, [0x1d9a, [0x1b6b, [0xa3f, [0x23e8, [0x32d, nil]]]]]]]]	0x277e
[0x6489aba5, [0x2d97, [0x1fe9, [0x1d9a, [0x1b6b, [0xa3f, [0x23e8, [0x32d, nil]]]]]]]]	0x2787
[0xa25d7c86, [0xc51, [0x24b7, [0x43f, nil]]]]	0x2ed9
[0xa25d7c86, [0xc51, [0x24b7, [0x43f, nil]]]]	0x2ef2
[0x6489aba5, [0x1bbf, [0xa3f, [0x23e8, [0x32d, nil]]]]]	0x2f74
[0x6489aba5, [0x1bbf, [0xa3f, [0x23e8, [0x32d, nil]]]]]	0x2f89
[0x6489aba5, [0x1bbf, [0xa3f, [0x23e8, [0x32d, nil]]]]]	0x2f96
[0x7a62f5c6, [0x2b6d, [0x2f89, [0xb67, [0x23e8, [0x3a7, nil]]]]]]	0x312c
[0x75986b50, [0x2b6d, [0x2f59, [0x385, nil]]]]	0x312c
[0x2186ff4e, [0x2b6d, [0x2f59, [0x25c, nil]]]]	0x312c
[0x81b34f15, [0x705, [0x1cb0, [0xc03, [0x25d5, [0x3d8, nil]]]]]]	0x172c
[0x81b34f15, [0x705, [0x1cb0, [0xc03, [0x25d5, [0x3d8, nil]]]]]]	0x17a7
[0x81b34f15, [0x705, [0x1cb0, [0xc03, [0x25d5, [0x3d8, nil]]]]]]	0x17bb
[0x81b34f15, [0x705, [0x1cb0, [0xc03, [0x25d5, [0x3d8, nil]]]]]]	0x17bf
[0x81b34f15, [0x705, [0x1cb0, [0xc03, [0x25d5, [0x3d8, nil]]]]]]	0x17ca
[0x81b34f15, [0x705, [0x1cb0, [0xc03, [0x25d5, [0x3d8, nil]]]]]]	0x17d3
[0x81b34f15, [0x705, [0x1cb0, [0xc03, [0x25d5, [0x3d8, nil]]]]]]	0x17f7
[0x81b34f15, [0x705, [0x1cb0, [0xc03, [0x25d5, [0x3d8, nil]]]]]]	0x17ff
[0x81b34f15, [0x705, [0x1cb0, [0xc03, [0x25d5, [0x3d8, nil]]]]]]	0x1830
[0x81b34f15, [0x705, [0x1cb0, [0xc03, [0x25d5, [0x3d8, nil]]]]]]	0x1839
[0x81b34f15, [0x705, [0x1cb0, [0xc03, [0x25d5, [0x3d8, nil]]]]]]	0x18b6
[0x81b34f15, [0x705, [0x1cb0, [0xc03, [0x25d5, [0x3d8, nil]]]]]]	0x18ca
[0x81b34f15, [0x705, [0x1cb0, [0xc03, [0x25d5, [0x3d8, nil]]]]]]	0x18ce
[0x81b34f15, [0x705, [0x1cb0, [0xc03, [0x25d5, [0x3d8, nil]]]]]]	0x18d9
[0x81b34f15, [0x705, [0x1cb0, [0xc03, [0x25d5, [0x3d8, nil]]]]]]	0x18e2
[0x81b34f15, [0x705, [0x1cb0, [0xc03, [0x25d5, [0x3d8, nil]]]]]]	0x1906
[0x81b34f15, [0x705, [0x1cb0, [0xc03, [0x25d5, [0x3d8, nil]]]]]]	0x193e
[0x81b34f15, [0x705, [0x1cb0, [0xc03, [0x25d5, [0x3d8, nil]]]]]]	0x1963
[0x81b34f15, [0x705, [0x1cb0, [0xc03, [0x25d5, [0x3d8, nil]]]]]]	0x19a0
[0x81b34f15, [0x705, [0x1cb0, [0xc03, [0x25d5, [0x3d8, nil]]]]]]	0x19a9
[0x81b34f15, [0x705, [0x1cb0, [0xc03, [0x25d5, [0x3d8, nil]]]]]]	0x19c9
[0x81b34f15, [0x705, [0x1cb0, [0xc03, [0x25d5, [0x3d8, nil]]]]]]	0x1a0e
[0xaf4b4379, [0x2516, [0x157b, [0x23ac, [0x498, nil]]]]]	0x224a
[0xaf4b4379, [0x2516, [0x157b, [0x23ac, [0x498, nil]]]]]	0x2257
[0xaf4b4379, [0x2516, [0x157b, [0x23ac, [0x498, nil]]]]]	0x225b
[0xaf4b4379, [0x2516, [0x157b, [0x23ac, [0x498, nil]]]]]	0x226e
[0xaf4b4379, [0x2516, [0x157b, [0x23ac, [0x498, nil]]]]]	0x2286
[0xaf4b4379, [0x2516, [0x157b, [0x23ac, [0x498, nil]]]]]	0x228a
[0xaf4b4379, [0x2516, [0x157b, [0x23ac, [0x498, nil]]]]]	0x2295
[0x6489aba5, [0x2759, [0x2d97, [0x1fe9, [0x1d9a, [0x1b6b, [0xa3f, [0x23e8, [0x32d, nil]]]]]]]]]	0x3094
[0x1e86c2ac, [0x2ed9, [0x5c3, [0x24b7, [0x1d9, nil]]]]]	0x2a38
[0x1e86c2ac, [0x2ed9, [0x5c3, [0x24b7, [0x1d9, nil]]]]]	0x2a45
[0xa653d60c, [0x2655, [0x470, nil]]]	0x211a
[0xa653d60c, [0x2655, [0x470, nil]]]	0x2127
[0xa653d60c, [0x2655, [0x470, nil]]]	0x212b
[0xa653d60c, [0x2655, [0x470, nil]]]	0x213e
[0xa653d60c, [0x2655, [0x470, nil]]]	0x215f
[0xa653d60c, [0x2655, [0x470, nil]]]	0x2163
[0xa653d60c, [0x2655, [0x470, nil]]]	0x2166
[0xa653d60c, [0x2655, [0x470, nil]]]	0x216f
[0xa653d60c, [0x2655, [0x470, nil]]]	0x2179
[0xa653d60c, [0x2655, [0x470, nil]]]	0x2193
[0x370d60ae, [0x2eb9, [0x1abd, [0x91e, [0x23ac, [0x2d9, nil]]]]]]	0x29d2
[0x370d60ae, [0x2eb9, [0x1abd, [0x91e, [0x23ac, [0x2d9, nil]]]]]]	0x29df
[0xa25d7c86, [0x2ed9, [0xc51, [0x24b7, [0x43f, nil]]]]]	0x2a38
[0xa25d7c86, [0x2ed9, [0xc51, [0x24b7, [0x43f, nil]]]]]	0x2a45
[0x6489aba5, [0x2f74, [0x1bbf, [0xa3f, [0x23e8, [0x32d, nil]]]]]]	0x2b6d
[0x6489aba5, [0x2f74, [0x1bbf, [0xa3f, [0x23e8, [0x32d, nil]]]]]]	0x2b76
[0x6489aba5, [0x2764, [0x2d97, [0x1fe9, [0x1d9a, [0x1b6b, [0xa3f, [0x23e8, [0x32d, nil]]]]]]]]]	0x30c8
[0x81b34f15, [0x172c, [0x705, [0x1cb0, [0xc03, [0x25d5, [0x3d8, nil]]]]]]]	0x2c91
[0x81b34f15, [0x172c, [0x705, [0x1cb0, [0xc03, [0x25d5, [0x3d8, nil]]]]]]]	0x2ca6
[0x1e86c2ac, [0x2a38, [0x2ed9, [0x5c3, [0x24b7, [0x1d9, nil]]]]]]	0x30c8
[0x370d60ae, [0x926, [0x23ac, [0x2d9, nil]]]]	0x1348
[0x370d60ae, [0x926, [0x23ac, [0x2d9, nil]]]]	0x135e
[0x370d60ae, [0x926, [0x23ac, [0x2d9, nil]]]]	0x1366
[0x370d60ae, [0x926, [0x23ac, [0x2d9, nil]]]]	0x1367
[0x370d60ae, [0x926, [0x23ac, [0x2d9, nil]]]]	0x136d
[0x370d60ae, [0x926, [0x23ac, [0x2d9, nil]]]]	0x137d
[0x370d60ae, [0x926, [0x23ac, [0x2d9, nil]]]]	0x1382
[0x370d60ae, [0x926, [0x23ac, [0x2d9, nil]]]]	0x13b3
[0x370d60ae, [0x926, [0x23ac, [0x2d9, nil]]]]	0x13bc
[0x370d60ae, [0x926, [0x23ac, [0x2d9, nil]]]]	0x13d7
[0x370d60ae, [0x926, [0x23ac, [0x2d9, nil]]]]	0x140c
[0x370d60ae, [0x926, [0x23ac, [0x2d9, nil]]]]	0x1455
[0x370d60ae, [0x926, [0x23ac, [0x2d9, nil]]]]	0x1563
[0x370d60ae, [0x926, [0x23ac, [0x2d9, nil]]]]	0x1567
[0x370d60ae, [0x926, [0x23ac, [0x2d9, nil]]]]	0x1572
[0x370d60ae, [0x926, [0x23ac, [0x2d9, nil]]]]	0x157b
[0x370d60ae, [0x926, [0x23ac, [0x2d9, nil]]]]	0x15a4
[0x370d60ae, [0x926, [0x23ac, [0x2d9, nil]]]]	0x15b3
[0x370d60ae, [0x926, [0x23ac, [0x2d9, nil]]]]	0x15c7
[0x370d60ae, [0x926, [0x23ac, [0x2d9, nil]]]]	0x15ea
[0x370d60ae, [0x926, [0x23ac, [0x2d9, nil]]]]	0x3c484
[0x370d60ae, [0x926, [0x23ac, [0x2d9, nil]]]]	0x3c560
[0xaf4b4379, [0x225b, [0x2516, [0x157b, [0x23ac, [0x498, nil]]]]]]	0x3042
[0xaf4b4379, [0x225b, [0x2516, [0x157b, [0x23ac, [0x498, nil]]]]]]	0x3055
[0xaf4b4379, [0x225b, [0x2516, [0x157b, [0x23ac, [0x498, nil]]]]]]	0x3059
[0x370d60ae, [0x29d2, [0x2eb9, [0x1abd, [0x91e, [0x23ac, [0x2d9, nil]]]]]]]	0x30c8
[0x1e86c2ac, [0x654, [0x24b7, [0x1d9, nil]]]]	0x661
[0x1e86c2ac, [0x654, [0x24b7, [0x1d9, nil]]]]	0x662
[0x1e86c2ac, [0x654, [0x24b7, [0x1d9, nil]]]]	0x675
[0x1e86c2ac, [0x654, [0x24b7, [0x1d9, nil]]]]	0x676
[0x1e86c2ac, [0x654, [0x24b7, [0x1d9, nil]]]]	0xa83
[0x1e86c2ac, [0x654, [0x24b7, [0x1d9, nil]]]]	0xadb
[0x1e86c2ac, [0x654, [0x24b7, [0x1d9, nil]]]]	0xb0c
[0x1e86c2ac, [0x654, [0x24b7, [0x1d9, nil]]]]	0xb15
[0x1e86c2ac, [0x654, [0x24b7, [0x1d9, nil]]]]	0xb67
[0x1e86c2ac, [0x654, [0x24b7, [0x1d9, nil]]]]	0xbf5
[0xa25d7c86, [0x2a38, [0x2ed9, [0xc51, [0x24b7, [0x43f, nil]]]]]]	0x30c8
[0xa653d60c, [0x212b, [0x2655, [0x470, nil]]]]	0x2ff2
[0xa653d60c, [0x212b, [0x2655, [0x470, nil]]]]	0x3005
[0xa653d60c, [0x212b, [0x2655, [0x470, nil]]]]	0x3009
[0xa25d7c86, [0xce2, [0x24b7, [0x43f, nil]]]]	0x95f
[0xa25d7c86, [0xce2, [0x24b7, [0x43f, nil]]]]	0x9b7
[0xa25d7c86, [0xce2, [0x24b7, [0x43f, nil]]]]	0x9e8
[0xa25d7c86, [0xce2, [0x24b7, [0x43f, nil]]]]	0x9f1
[0xa25d7c86, [0xce2, [0x24b7, [0x43f, nil]]]]	0xa3c
[0xa25d7c86, [0xce2, [0x24b7, [0x43f, nil]]]]	0xa3f
[0xa25d7c86, [0xce2, [0x24b7, [0x43f, nil]]]]	0xa49
[0xa25d7c86, [0xce2, [0x24b7, [0x43f, nil]]]]	0xcef
[0xa25d7c86, [0xce2, [0x24b7, [0x43f, nil]]]]	0xcf0
[0xa25d7c86, [0xce2, [0x24b7, [0x43f, nil]]]]	0xd03
[0xa25d7c86, [0xce2, [0x24b7, [0x43f, nil]]]]	0xd04
[0x6489aba5, [0x2b6d, [0x2f74, [0x1bbf, [0xa3f, [0x23e8, [0x32d, nil]]]]]]]	0x312c
[0x81b34f15, [0x2c91, [0x172c, [0x705, [0x1cb0, [0xc03, [0x25d5, [0x3d8, nil]]]]]]]]	0x2702
[0x81b34f15, [0x2c91, [0x172c, [0x705, [0x1cb0, [0xc03, [0x25d5, [0x3d8, nil]]]]]]]]	0x270b
[0x1e86c2ac, [0x1f4, nil]]	0x2c54
[0x1e86c2ac, [0x1f4, nil]]	0x2c6e
[0x6489aba5, [0x276e, [0x2d97, [0x1fe9, [0x1d9a, [0x1b6b, [0xa3f, [0x23e8, [0x32d, nil]]]]]]]]]	0x3143
[0x6489aba5, [0x276e, [0x2d97, [0x1fe9, [0x1d9a, [0x1b6b, [0xa3f, [0x23e8, [0x32d, nil]]]]]]]]]	0x3146
[0x6489aba5, [0x276e, [0x2d97, [0x1fe9, [0x1d9a, [0x1b6b, [0xa3f, [0x23e8, [0x32d, nil]]]]]]]]]	0x314f
[0x6489aba5, [0x276e, [0x2d97, [0x1fe9, [0x1d9a, [0x1b6b, [0xa3f, [0x23e8, [0x32d, nil]]]]]]]]]	0x3161
[0x6489aba5, [0x276e, [0x2d97, [0x1fe9, [0x1d9a, [0x1b6b, [0xa3f, [0x23e8, [0x32d, nil]]]]]]]]]	0x316a
[0x6489aba5, [0x276e, [0x2d97, [0x1fe9, [0x1d9a, [0x1b6b, [0xa3f, [0x23e8, [0x32d, nil]]]]]]]]]	0x3c517
[0x6489aba5, [0x276e, [0x2d97, [0x1fe9, [0x1d9a, [0x1b6b, [0xa3f, [0x23e8, [0x32d, nil]]]]]]]]]	0x3c5f3
[0x370d60ae, [0x135e, [0x926, [0x23ac, [0x2d9, nil]]]]]	0x1a6c
[0xa25d7c86, [0x45a, nil]]	0x2c54
[0xa25d7c86, [0x45a, nil]]	0x2c6e
[0x7a62f5c6, [0x3c2, nil]]	0x2f59
[0x7a62f5c6, [0x3c2, nil]]	0x2f6e
[0x2c4a952b, [0x2449, [0x272, nil]]]	0x287
[0x2c4a952b, [0x2449, [0x272, nil]]]	0x705
[0x2c4a952b, [0x2449, [0x272, nil]]]	0x70f
[0x2c4a952b, [0x2449, [0x272, nil]]]	0x719
[0x2c4a952b, [0x2449, [0x272, nil]]]	0x840
[0x81b34f15, [0x2702, [0x2c91, [0x172c, [0x705, [0x1cb0, [0xc03, [0x25d5, [0x3d8, nil]]]]]]]]]	0x3102
[0x370d60ae, [0x1382, [0x926, [0x23ac, [0x2d9, nil]]]]]	0x2eb9
[0x370d60ae, [0x1382, [0x926, [0x23ac, [0x2d9, nil]]]]]	0x2ed2
[0x6489aba5, [0x2f89, [0x1bbf, [0xa3f, [0x23e8, [0x32d, nil]]]]]]	0x2b6d
[0x6489aba5, [0x2f89, [0x1bbf, [0xa3f, [0x23e8, [0x32d, nil]]]]]]	0x2b76
[0x1e86c2ac, [0xadb, [0x654, [0x24b7, [0x1d9, nil]]]]]	0x2f19
[0x1e86c2ac, [0xadb, [0x654, [0x24b7, [0x1d9, nil]]]]]	0x2f32
[0x1e86c2ac, [0x2c54, [0x1f4, nil]]]	0x2695
[0x1e86c2ac, [0x2c54, [0x1f4, nil]]]	0x26a0
[0x1e86c2ac, [0x2c54, [0x1f4, nil]]]	0x26aa
[0x1e86c2ac, [0x2c54, [0x1f4, nil]]]	0x26b5
[0x1e86c2ac, [0x2c54, [0x1f4, nil]]]	0x26b9
[0x1e86c2ac, [0x2c54, [0x1f4, nil]]]	0x26c2
[0x1e86c2ac, [0x2c54, [0x1f4, nil]]]	0x26cd
[0x1e86c2ac, [0x2c54, [0x1f4, nil]]]	0x26d8
[0x1e86c2ac, [0x2c54, [0x1f4, nil]]]	0x26e6
[0x1e86c2ac, [0xb15, [0x654, [0x24b7, [0x1d9, nil]]]]]	0x1c5b
[0x1e86c2ac, [0xb15, [0x654, [0x24b7, [0x1d9, nil]]]]]	0x1c6c
[0x1e86c2ac, [0xb15, [0x654, [0x24b7, [0x1d9, nil]]]]]	0x1c9d
[0x1e86c2ac, [0xb15, [0x654, [0x24b7, [0x1d9, nil]]]]]	0x1ca6
[0xa25d7c86, [0x9b7, [0xce2, [0x24b7, [0x43f, nil]]]]]	0x2f19
[0xa25d7c86, [0x9b7, [0xce2, [0x24b7, [0x43f, nil]]]]]	0x2f32
[0x2c4a952b, [0x705, [0x2449, [0x272, nil]]]]	0x172c
[0x2c4a952b, [0x705, [0x2449, [0x272, nil]]]]	0x17a7
[0x2c4a952b, [0x705, [0x2449, [0x272, nil]]]]	0x17bb
[0x2c4a952b, [0x705, [0x2449, [0x272, nil]]]]	0x17bf
[0x2c4a952b, [0x705, [0x2449, [0x272, nil]]]]	0x17ca
[0x2c4a952b, [0x705, [0x2449, [0x272, nil]]]]	0x17d3
[0x2c4a952b, [0x705, [0x2449, [0x272, nil]]]]	0x17f7
[0x2c4a952b, [0x705, [0x2449, [0x272, nil]]]]	0x17ff
[0x2c4a952b, [0x705, [0x2449, [0x272, nil]]]]	0x1830
[0x2c4a952b, [0x705, [0x2449, [0x272, nil]]]]	0x1839
[0x2c4a952b, [0x705, [0x2449, [0x272, nil]]]]	0x18b6
[0x2c4a952b, [0x705, [0x2449, [0x272, nil]]]]	0x18ca
[0x2c4a952b, [0x705, [0x2449, [0x272, nil]]]]	0x18ce
[0x2c4a952b, [0x705, [0x2449, [0x272, nil]]]]	0x18d9
[0x2c4a952b, [0x705, [0x2449, [0x272, nil]]]]	0x18e2
[0x2c4a952b, [0x705, [0x2449, [0x272, nil]]]]	0x1906
[0x2c4a952b, [0x705, [0x2449, [0x272, nil]]]]	0x193e
[0x2c4a952b, [0x705, [0x2449, [0x272, nil]]]]	0x1963
[0x2c4a952b, [0x705, [0x2449, [0x272, nil]]]]	0x19a0
[0x2c4a952b, [0x705, [0x2449, [0x272, nil]]]]	0x19a9
[0x2c4a952b, [0x705, [0x2449, [0x272, nil]]]]	0x19c9
[0x2c4a952b, [0x705, [0x2449, [0x272, nil]]]]	0x1a0e
[0xa25d7c86, [0x2c54, [0x45a, nil]]]	0x2695
[0xa25d7c86, [0x2c54, [0x45a, nil]]]	0x26a0
[0xa25d7c86, [0x2c54, [0x45a, nil]]]	0x26aa
[0xa25d7c86, [0x2c54, [0x45a, nil]]]	0x26b5
[0xa25d7c86, [0x2c54, [0x45a, nil]]]	0x26b9
[0xa25d7c86, [0x2c54, [0x45a, nil]]]	0x26c2
[0xa25d7c86, [0x2c54, [0x45a, nil]]]	0x26cd
[0xa25d7c86, [0x2c54, [0x45a, nil]]]	0x26d8
[0xa25d7c86, [0x2c54, [0x45a, nil]]]	0x26e6
[0xa653d60c, [0x3009, [0x212b, [0x2655, [0x470, nil]]]]]	0x2139
[0xa653d60c, [0x3009, [0x212b, [0x2655, [0x470, nil]]]]]	0x2f9d
[0xa653d60c, [0x3009, [0x212b, [0x2655, [0x470, nil]]]]]	0x2fbc
[0xa653d60c, [0x3009, [0x212b, [0x2655, [0x470, nil]]]]]	0x2fc0
[0x7a62f5c6, [0x2f59, [0x3c2, nil]]]	0x2b6d
[0x7a62f5c6, [0x2f59, [0x3c2, nil]]]	0x2b76
[0xaf4b4379, [0x3059, [0x225b, [0x2516, [0x157b, [0x23ac, [0x498, nil]]]]]]]	0x2269
[0xaf4b4379, [0x3059, [0x225b, [0x2516, [0x157b, [0x23ac, [0x498, nil]]]]]]]	0x2f9d
[0xaf4b4379, [0x3059, [0x225b, [0x2516, [0x157b, [0x23ac, [0x498, nil]]]]]]]	0x2fbc
[0xaf4b4379, [0x3059, [0x225b, [0x2516, [0x157b, [0x23ac, [0x498, nil]]]]]]]	0x2fc0
[0x370d60ae, [0x140c, [0x926, [0x23ac, [0x2d9, nil]]]]]	0x1d09
[0x1e86c2ac, [0x2695, [0x2c54, [0x1f4, nil]]]]	0x307e
[0xa25d7c86, [0xa3f, [0xce2, [0x24b7, [0x43f, nil]]]]]	0x1b6b
[0xa25d7c86, [0xa3f, [0xce2, [0x24b7, [0x43f, nil]]]]]	0x1bbf
[0xa25d7c86, [0xa3f, [0xce2, [0x24b7, [0x43f, nil]]]]]	0x1c4d
[0x370d60ae, [0x2eb9, [0x1382, [0x926, [0x23ac, [0x2d9, nil]]]]]]	0x29d2
[0x370d60ae, [0x2eb9, [0x1382, [0x926, [0x23ac, [0x2d9, nil]]]]]]	0x29df
[0x6489aba5, [0x2b6d, [0x2f89, [0x1bbf, [0xa3f, [0x23e8, [0x32d, nil]]]]]]]	0x312c
[0x1e86c2ac, [0x2f19, [0xadb, [0x654, [0x24b7, [0x1d9, nil]]]]]]	0x2ade
[0x1e86c2ac, [0x2f19, [0xadb, [0x654, [0x24b7, [0x1d9, nil]]]]]]	0x2aeb
[0xa25d7c86, [0x2695, [0x2c54, [0x45a, nil]]]]	0x307e
[0x1e86c2ac, [0x1c6c, [0xb15, [0x654, [0x24b7, [0x1d9, nil]]]]]]	0x2df9
[0x1e86c2ac, [0x1c6c, [0xb15, [0x654, [0x24b7, [0x1d9, nil]]]]]]	0x2e12
[0xa25d7c86, [0x2f19, [0x9b7, [0xce2, [0x24b7, [0x43f, nil]]]]]]	0x2ade
[0xa25d7c86, [0x2f19, [0x9b7, [0xce2, [0x24b7, [0x43f, nil]]]]]]	0x2aeb
[0x2c4a952b, [0x172c, [0x705, [0x2449, [0x272, nil]]]]]	0x2c91
[0x2c4a952b, [0x172c, [0x705, [0x2449, [0x272, nil]]]]]	0x2ca6
[0x7a62f5c6, [0x2b6d, [0x2f59, [0x3c2, nil]]]]	0x312c
[0x6489aba5, [0x277e, [0x2d97, [0x1fe9, [0x1d9a, [0x1b6b, [0xa3f, [0x23e8, [0x32d, nil]]]]]]]]]	0x3180
[0x1e86c2ac, [0x26a0, [0x2c54, [0x1f4, nil]]]]	0x30ac
[0x370d60ae, [0x29d2, [0x2eb9, [0x1382, [0x926, [0x23ac, [0x2d9, nil]]]]]]]	0x30c8
[0x1e86c2ac, [0xb67, [0x654, [0x24b7, [0x1d9, nil]]]]]	0x2f74
[0x1e86c2ac, [0xb67, [0x654, [0x24b7, [0x1d9, nil]]]]]	0x2f89
[0x1e86c2ac, [0xb67, [0x654, [0x24b7, [0x1d9, nil]]]]]	0x2f96
[0x1e86c2ac, [0x2ade, [0x2f19, [0xadb, [0x654, [0x24b7, [0x1d9, nil]]]]]]]	0x30c8
[0xa25d7c86, [0x26a0, [0x2c54, [0x45a, nil]]]]	0x30ac
[0xa25d7c86, [0x1b6b, [0xa3f, [0xce2, [0x24b7, [0x43f, nil]]]]]]	0x1d9a
[0xa25d7c86, [0x1b6b, [0xa3f, [0xce2, [0x24b7, [0x43f, nil]]]]]]	0x1ddc
[0x1e86c2ac, [0x2df9, [0x1c6c, [0xb15, [0x654, [0x24b7, [0x1d9, nil]]]]]]]	0x2852
[0x1e86c2ac, [0x2df9, [0x1c6c, [0xb15, [0x654, [0x24b7, [0x1d9, nil]]]]]]]	0x285f
[0xa25d7c86, [0x2ade, [0x2f19, [0x9b7, [0xce2, [0x24b7, [0x43f, nil]]]]]]]	0x30c8
[0x2c4a952b, [0x2c91, [0x172c, [0x705, [0x2449, [0x272, nil]]]]]]	0x2702
[0x2c4a952b, [0x2c91, [0x172c, [0x705, [0x2449, [0x272, nil]]]]]]	0x270b
[0x81b34f15, [0x17d3, [0x705, [0x1cb0, [0xc03, [0x25d5, [0x3d8, nil]]]]]]]	0x252b
[0x81b34f15, [0x17d3, [0x705, [0x1cb0, [0xc03, [0x25d5, [0x3d8, nil]]]]]]]	0x2539
[0x81b34f15, [0x17d3, [0x705, [0x1cb0, [0xc03, [0x25d5, [0x3d8, nil]]]]]]]	0x253d
[0x81b34f15, [0x17d3, [0x705, [0x1cb0, [0xc03, [0x25d5, [0x3d8, nil]]]]]]]	0x254b
[0x370d60ae, [0x157b, [0x926, [0x23ac, [0x2d9, nil]]]]]	0x24ea
[0x370d60ae, [0x157b, [0x926, [0x23ac, [0x2d9, nil]]]]]	0x24f8
[0x370d60ae, [0x157b, [0x926, [0x23ac, [0x2d9, nil]]]]]	0x24fc
[0x370d60ae, [0x157b, [0x926, [0x23ac, [0x2d9, nil]]]]]	0x2512
[0x370d60ae, [0x157b, [0x926, [0x23ac, [0x2d9, nil]]]]]	0x2516
[0x370d60ae, [0x157b, [0x926, [0x23ac, [0x2d9, nil]]]]]	0x2522
[0xa25d7c86, [0x1d9a, [0x1b6b, [0xa3f, [0xce2, [0x24b7, [0x43f, nil]]]]]]]	0x1fdc
[0xa25d7c86, [0x1d9a, [0x1b6b, [0xa3f, [0xce2, [0x24b7, [0x43f, nil]]]]]]]	0x1fe9
[0xa25d7c86, [0x1d9a, [0x1b6b, [0xa3f, [0xce2, [0x24b7, [0x43f, nil]]]]]]]	0x201b
[0xa25d7c86, [0x1d9a, [0x1b6b, [0xa3f, [0xce2, [0x24b7, [0x43f, nil]]]]]]]	0x2024
[0xaf4b4379, [0x228a, [0x2516, [0x157b, [0x23ac, [0x498, nil]]]]]]	0x3143
[0xaf4b4379, [0x228a, [0x2516, [0x157b, [0x23ac, [0x498, nil]]]]]]	0x3146
[0xaf4b4379, [0x228a, [0x2516, [0x157b, [0x23ac, [0x498, nil]]]]]]	0x314f
[0xaf4b4379, [0x228a, [0x2516, [0x157b, [0x23ac, [0x498, nil]]]]]]	0x3161
[0xaf4b4379, [0x228a, [0x2516, [0x157b, [0x23ac, [0x498, nil]]]]]]	0x316a
[0xaf4b4379, [0x228a, [0x2516, [0x157b, [0x23ac, [0x498, nil]]]]]]	0x3c517
[0xaf4b4379, [0x228a, [0x2516, [0x157b, [0x23ac, [0x498, nil]]]]]]	0x3c5f3
[0x1e86c2ac, [0x26aa, [0x2c54, [0x1f4, nil]]]]	0x306e
[0x1e86c2ac, [0x2f74, [0xb67, [0x654, [0x24b7, [0x1d9, nil]]]]]]	0x2b6d
[0x1e86c2ac, [0x2f74, [0xb67, [0x654, [0x24b7, [0x1d9, nil]]]]]]	0x2b76
[0x1e86c2ac, [0x2852, [0x2df9, [0x1c6c, [0xb15, [0x654, [0x24b7, [0x1d9, nil]]]]]]]]	0x30c8
[0x2c4a952b, [0x2702, [0x2c91, [0x172c, [0x705, [0x2449, [0x272, nil]]]]]]]	0x3102
[0xa25d7c86, [0x26aa, [0x2c54, [0x45a, nil]]]]	0x306e
[0xa653d60c, [0x216f, [0x2655, [0x470, nil]]]]	0x229e
[0xa653d60c, [0x216f, [0x2655, [0x470, nil]]]]	0x22ac
[0xa653d60c, [0x216f, [0x2655, [0x470, nil]]]]	0x22b0
[0xa653d60c, [0x216f, [0x2655, [0x470, nil]]]]	0x22ba
[0xa653d60c, [0x216f, [0x2655, [0x470, nil]]]]	0x22ca
[0xa653d60c, [0x216f, [0x2655, [0x470, nil]]]]	0x22de
[0xa653d60c, [0x216f, [0x2655, [0x470, nil]]]]	0x22f2
[0xa653d60c, [0x216f, [0x2655, [0x470, nil]]]]	0x2306
[0xa25d7c86, [0x1fe9, [0x1d9a, [0x1b6b, [0xa3f, [0xce2, [0x24b7, [0x43f, nil]]]]]]]]	0x2d97
[0xa25d7c86, [0x1fe9, [0x1d9a, [0x1b6b, [0xa3f, [0xce2, [0x24b7, [0x43f, nil]]]]]]]]	0x2db1
[0x1e86c2ac, [0x2b6d, [0x2f74, [0xb67, [0x654, [0x24b7, [0x1d9, nil]]]]]]]	0x312c
[0x81b34f15, [0x253d, [0x17d3, [0x705, [0x1cb0, [0xc03, [0x25d5, [0x3d8, nil]]]]]]]]	0x2327
[0x81b34f15, [0x253d, [0x17d3, [0x705, [0x1cb0, [0xc03, [0x25d5, [0x3d8, nil]]]]]]]]	0x2336
[0x370d60ae, [0x2516, [0x157b, [0x926, [0x23ac, [0x2d9, nil]]]]]]	0x224a
[0x370d60ae, [0x2516, [0x157b, [0x926, [0x23ac, [0x2d9, nil]]]]]]	0x2257
[0x370d60ae, [0x2516, [0x157b, [0x926, [0x23ac, [0x2d9, nil]]]]]]	0x225b
[0x370d60ae, [0x2516, [0x157b, [0x926, [0x23ac, [0x2d9, nil]]]]]]	0x226e
[0x370d60ae, [0x2516, [0x157b, [0x926, [0x23ac, [0x2d9, nil]]]]]]	0x2286
[0x370d60ae, [0x2516, [0x157b, [0x926, [0x23ac, [0x2d9, nil]]]]]]	0x228a
[0x370d60ae, [0x2516, [0x157b, [0x926, [0x23ac, [0x2d9, nil]]]]]]	0x2295
[0x6489aba5, [0x348, nil]]	0x2f59
[0x6489aba5, [0x348, nil]]	0x2f6e
[0xa25d7c86, [0x2d97, [0x1fe9, [0x1d9a, [0x1b6b, [0xa3f, [0xce2, [0x24b7, [0x43f, nil]]]]]]]]]	0x2759
[0xa25d7c86, [0x2d97, [0x1fe9, [0x1d9a, [0x1b6b, [0xa3f, [0xce2, [0x24b7, [0x43f, nil]]]]]]]]]	0x2764
[0xa25d7c86, [0x2d97, [0x1fe9, [0x1d9a, [0x1b6b, [0xa3f, [0xce2, [0x24b7, [0x43f, nil]]]]]]]]]	0x276e
[0xa25d7c86, [0x2d97, [0x1fe9, [0x1d9a, [0x1b6b, [0xa3f, [0xce2, [0x24b7, [0x43f, nil]]]]]]]]]	0x277e
[0xa25d7c86, [0x2d97, [0x1fe9, [0x1d9a, [0x1b6b, [0xa3f, [0xce2, [0x24b7, [0x43f, nil]]]]]]]]]	0x2787
[0xa653d60c, [0x22b0, [0x216f, [0x2655, [0x470, nil]]]]]	0x2f9d
[0xa653d60c, [0x22b0, [0x216f, [0x2655, [0x470, nil]]]]]	0x2fbc
[0xa653d60c, [0x22b0, [0x216f, [0x2655, [0x470, nil]]]]]	0x2fc0
[0x1e86c2ac, [0x26c2, [0x2c54, [0x1f4, nil]]]]	0x266e
[0x1e86c2ac, [0x26c2, [0x2c54, [0x1f4, nil]]]]	0x267a
[0xa25d7c86, [0x1bbf, [0xa3f, [0xce2, [0x24b7, [0x43f, nil]]]]]]	0x2f74
[0xa25d7c86, [0x1bbf, [0xa3f, [0xce2, [0x24b7, [0x43f, nil]]]]]]	0x2f89
[0xa25d7c86, [0x1bbf, [0xa3f, [0xce2, [0x24b7, [0x43f, nil]]]]]]	0x2f96
[0x81b34f15, [0x2327, [0x253d, [0x17d3, [0x705, [0x1cb0, [0xc03, [0x25d5, [0x3d8, nil]]]]]]]]]	0x31d6
[0x81b34f15, [0x2327, [0x253d, [0x17d3, [0x705, [0x1cb0, [0xc03, [0x25d5, [0x3d8, nil]]]]]]]]]	0x31df
[0x81b34f15, [0x2327, [0x253d, [0x17d3, [0x705, [0x1cb0, [0xc03, [0x25d5, [0x3d8, nil]]]]]]]]]	0x31e6
[0x81b34f15, [0x2327, [0x253d, [0x17d3, [0x705, [0x1cb0, [0xc03, [0x25d5, [0x3d8, nil]]]]]]]]]	0x31ea
[0xa653d60c, [0x2661, [0x470, nil]]]	0x485
[0xa653d60c, [0x2661, [0x470, nil]]]	0xd3d
[0xa653d60c, [0x2661, [0x470, nil]]]	0xd45
[0xa653d60c, [0x2661, [0x470, nil]]]	0xdaf
[0xa653d60c, [0x2661, [0x470, nil]]]	0xde0
[0xa653d60c, [0x2661, [0x470, nil]]]	0xde9
[0xa653d60c, [0x2661, [0x470, nil]]]	0xe6a
[0xa653d60c, [0x2661, [0x470, nil]]]	0xe7e
[0xa653d60c, [0x2661, [0x470, nil]]]	0xe82
[0xa653d60c, [0x2661, [0x470, nil]]]	0xe8d
[0xa653d60c, [0x2661, [0x470, nil]]]	0xe96
[0xa653d60c, [0x2661, [0x470, nil]]]	0xeba
[0xa653d60c, [0x2661, [0x470, nil]]]	0xec2
[0xa653d60c, [0x2661, [0x470, nil]]]	0xef3
[0xa653d60c, [0x2661, [0x470, nil]]]	0xefc
[0xa653d60c, [0x2661, [0x470, nil]]]	0xeff
[0xa653d60c, [0x2661, [0x470, nil]]]	0xf08
[0xa653d60c, [0x2661, [0x470, nil]]]	0xf0a
[0xa653d60c, [0x2661, [0x470, nil]]]	0xf13
[0xa653d60c, [0x2661, [0x470, nil]]]	0xf1d
[0xa653d60c, [0x2661, [0x470, nil]]]	0xf1e
[0xa653d60c, [0x2661, [0x470, nil]]]	0xf4b
[0xa653d60c, [0x2661, [0x470, nil]]]	0xf4c
[0xa653d60c, [0x2661, [0x470, nil]]]	0xf75
[0xa653d60c, [0x2661, [0x470, nil]]]	0xfa6
[0xa653d60c, [0x2661, [0x470, nil]]]	0xfaf
[0xa653d60c, [0x2661, [0x470, nil]]]	0xfbc
[0xa653d60c, [0x2661, [0x470, nil]]]	0xfef
[0xa653d60c, [0x2661, [0x470, nil]]]	0xff0
[0xa653d60c, [0x2661, [0x470, nil]]]	0x1011
[0xa653d60c, [0x2661, [0x470, nil]]]	0x1040
[0xa653d60c, [0x2661, [0x470, nil]]]	0x1068
[0xa653d60c, [0x2661, [0x470, nil]]]	0x1069
[0xa653d60c, [0x2661, [0x470, nil]]]	0x1080
[0xa653d60c, [0x2661, [0x470, nil]]]	0x1081
[0xa653d60c, [0x2661, [0x470, nil]]]	0x1098
[0xa653d60c, [0x2661, [0x470, nil]]]	0x1099
[0xa653d60c, [0x2661, [0x470, nil]]]	0x10c2
[0xa653d60c, [0x2661, [0x470, nil]]]	0x10db
[0xa653d60c, [0x2661, [0x470, nil]]]	0x10e4
[0xa653d60c, [0x2661, [0x470, nil]]]	0x1126
[0xa653d60c, [0x2661, [0x470, nil]]]	0x1157
[0xa653d60c, [0x2661, [0x470, nil]]]	0x1160
[0xa653d60c, [0x2661, [0x470, nil]]]	0x116b
[0xa653d60c, [0x2661, [0x470, nil]]]	0x116c
[0xa653d60c, [0x2661, [0x470, nil]]]	0x11ab
[0xa653d60c, [0x2661, [0x470, nil]]]	0x11dc
[0xa653d60c, [0x2661, [0x470, nil]]]	0x11e5
[0xa653d60c, [0x2661, [0x470, nil]]]	0x1206
[0xa653d60c, [0x2661, [0x470, nil]]]	0x1267
[0xa653d60c, [0x2661, [0x470, nil]]]	0x127f
[0xa653d60c, [0x2661, [0x470, nil]]]	0x12f0
[0xa653d60c, [0x2661, [0x470, nil]]]	0x1338
[0xa25d7c86, [0x26c2, [0x2c54, [0x45a, nil]]]]	0x266e
[0xa25d7c86, [0x26c2, [0x2c54, [0x45a, nil]]]]	0x267a
[0x1e86c2ac, [0x2f89, [0xb67, [0x654, [0x24b7, [0x1d9, nil]]]]]]	0x2b6d
[0x1e86c2ac, [0x2f89, [0xb67, [0x654, [0x24b7, [0x1d9, nil]]]]]]	0x2b76
[0xa25d7c86, [0x2759, [0x2d97, [0x1fe9, [0x1d9a, [0x1b6b, [0xa3f, [0xce2, [0x24b7, [0x43f, nil]]]]]]]]]]	0x3094
[0x370d60ae, [0x225b, [0x2516, [0x157b, [0x926, [0x23ac, [0x2d9, nil]]]]]]]	0x3042
[0x370d60ae, [0x225b, [0x2516, [0x157b, [0x926, [0x23ac, [0x2d9, nil]]]]]]]	0x3055
[0x370d60ae, [0x225b, [0x2516, [0x157b, [0x926, [0x23ac, [0x2d9, nil]]]]]]]	0x3059
[0x6489aba5, [0x2f59, [0x348, nil]]]	0x2b6d
[0x6489aba5, [0x2f59, [0x348, nil]]]	0x2b76
[0x81b34f15, [0x31d6, [0x2327, [0x253d, [0x17d3, [0x705, [0x1cb0, [0xc03, [0x25d5, [0x3d8, nil]]]]]]]]]]	0x312c
[0xa653d60c, [0xd3d, [0x2661, [0x470, nil]]]]	0x172c
[0xa653d60c, [0xd3d, [0x2661, [0x470, nil]]]]	0x17a7
[0xa653d60c, [0xd3d, [0x2661, [0x470, nil]]]]	0x17bb
[0xa653d60c, [0xd3d, [0x2661, [0x470, nil]]]]	0x17bf
[0xa653d60c, [0xd3d, [0x2661, [0x470, nil]]]]	0x17ca
[0xa653d60c, [0xd3d, [0x2661, [0x470, nil]]]]	0x17d3
[0xa653d60c, [0xd3d, [0x2661, [0x470, nil]]]]	0x17f7
[0xa653d60c, [0xd3d, [0x2661, [0x470, nil]]]]	0x17ff
[0xa653d60c, [0xd3d, [0x2661, [0x470, nil]]]]	0x1830
[0xa653d60c, [0xd3d, [0x2661, [0x470, nil]]]]	0x1839
[0xa653d60c, [0xd3d, [0x2661, [0x470, nil]]]]	0x18b6
[0xa653d60c, [0xd3d, [0x2661, [0x470, nil]]]]	0x18ca
[0xa653d60c, [0xd3d, [0x2661, [0x470, nil]]]]	0x18ce
[0xa653d60c, [0xd3d, [0x2661, [0x470, nil]]]]	0x18d9
[0xa653d60c, [0xd3d, [0x2661, [0x470, nil]]]]	0x18e2
[0xa653d60c, [0xd3d, [0x2661, [0x470, nil]]]]	0x1906
[0xa653d60c, [0xd3d, [0x2661, [0x470, nil]]]]	0x193e
[0xa653d60c, [0xd3d, [0x2661, [0x470, nil]]]]	0x1963
[0xa653d60c, [0xd3d, [0x2661, [0x470, nil]]]]	0x19a0
[0xa653d60c, [0xd3d, [0x2661, [0x470, nil]]]]	0x19a9
[0xa653d60c, [0xd3d, [0x2661, [0x470, nil]]]]	0x19c9
[0xa653d60c, [0xd3d, [0x2661, [0x470, nil]]]]	0x1a0e
[0x1e86c2ac, [0x266e, [0x26c2, [0x2c54, [0x1f4, nil]]]]]	0x2b5e
[0x1e86c2ac, [0x266e, [0x26c2, [0x2c54, [0x1f4, nil]]]]]	0x2b67
[0xa25d7c86, [0x2f74, [0x1bbf, [0xa3f, [0xce2, [0x24b7, [0x43f, nil]]]]]]]	0x2b6d
[0xa25d7c86, [0x2f74, [0x1bbf, [0xa3f, [0xce2, [0x24b7, [0x43f, nil]]]]]]]	0x2b76
[0x2c4a952b, [0x17d3, [0x705, [0x2449, [0x272, nil]]]]]	0x252b
[0x2c4a952b, [0x17d3, [0x705, [0x2449, [0x272, nil]]]]]	0x2539
[0x2c4a952b, [0x17d3, [0x705, [0x2449, [0x272, nil]]]]]	0x253d
[0x2c4a952b, [0x17d3, [0x705, [0x2449, [0x272, nil]]]]]	0x254b
[0xa25d7c86, [0x266e, [0x26c2, [0x2c54, [0x45a, nil]]]]]	0x2b5e
[0xa25d7c86, [0x266e, [0x26c2, [0x2c54, [0x45a, nil]]]]]	0x2b67
[0xa653d60c, [0x22ba, [0x216f, [0x2655, [0x470, nil]]]]]	0x2082
[0xa653d60c, [0x22ba, [0x216f, [0x2655, [0x470, nil]]]]]	0x2091
[0xa25d7c86, [0x2764, [0x2d97, [0x1fe9, [0x1d9a, [0x1b6b, [0xa3f, [0xce2, [0x24b7, [0x43f, nil]]]]]]]]]]	0x30c8
[0x1e86c2ac, [0x2b6d, [0x2f89, [0xb67, [0x654, [0x24b7, [0x1d9, nil]]]]]]]	0x312c
[0x6489aba5, [0x2b6d, [0x2f59, [0x348, nil]]]]	0x312c
[0x1e86c2ac, [0x2b5e, [0x266e, [0x26c2, [0x2c54, [0x1f4, nil]]]]]]	0x312c
[0xa25d7c86, [0x2b6d, [0x2f74, [0x1bbf, [0xa3f, [0xce2, [0x24b7, [0x43f, nil]]]]]]]]	0x312c
[0xaf4b4379, [0x15a4, [0x23ac, [0x498, nil]]]]	0x1d09
[0xa653d60c, [0x172c, [0xd3d, [0x2661, [0x470, nil]]]]]	0x2c91
[0xa653d60c, [0x172c, [0xd3d, [0x2661, [0x470, nil]]]]]	0x2ca6
[0xa25d7c86, [0x2b5e, [0x266e, [0x26c2, [0x2c54, [0x45a, nil]]]]]]	0x312c
[0x2c4a952b, [0x253d, [0x17d3, [0x705, [0x2449, [0x272, nil]]]]]]	0x2327
[0x2c4a952b, [0x253d, [0x17d3, [0x705, [0x2449, [0x272, nil]]]]]]	0x2336
[0xa653d60c, [0x2082, [0x22ba, [0x216f, [0x2655, [0x470, nil]]]]]]	0x3191
[0xa653d60c, [0x2082, [0x22ba, [0x216f, [0x2655, [0x470, nil]]]]]]	0x319a
[0xa653d60c, [0x2082, [0x22ba, [0x216f, [0x2655, [0x470, nil]]]]]]	0x31a1
[0xa653d60c, [0x2082, [0x22ba, [0x216f, [0x2655, [0x470, nil]]]]]]	0x31a5
[0xa25d7c86, [0x276e, [0x2d97, [0x1fe9, [0x1d9a, [0x1b6b, [0xa3f, [0xce2, [0x24b7, [0x43f, nil]]]]]]]]]]	0x3143
[0xa25d7c86, [0x276e, [0x2d97, [0x1fe9, [0x1d9a, [0x1b6b, [0xa3f, [0xce2, [0x24b7, [0x43f, nil]]]]]]]]]]	0x3146
[0xa25d7c86, [0x276e, [0x2d97, [0x1fe9, [0x1d9a, [0x1b6b, [0xa3f, [0xce2, [0x24b7, [0x43f, nil]]]]]]]]]]	0x314f
[0xa25d7c86, [0x276e, [0x2d97, [0x1fe9, [0x1d9a, [0x1b6b, [0xa3f, [0xce2, [0x24b7, [0x43f, nil]]]]]]]]]]	0x3161
[0xa25d7c86, [0x276e, [0x2d97, [0x1fe9, [0x1d9a, [0x1b6b, [0xa3f, [0xce2, [0x24b7, [0x43f, nil]]]]]]]]]]	0x316a
[0xa25d7c86, [0x276e, [0x2d97, [0x1fe9, [0x1d9a, [0x1b6b, [0xa3f, [0xce2, [0x24b7, [0x43f, nil]]]]]]]]]]	0x3c517
[0xa25d7c86, [0x276e, [0x2d97, [0x1fe9, [0x1d9a, [0x1b6b, [0xa3f, [0xce2, [0x24b7, [0x43f, nil]]]]]]]]]]	0x3c5f3
[0xa653d60c, [0x2c91, [0x172c, [0xd3d, [0x2661, [0x470, nil]]]]]]	0x2702
[0xa653d60c, [0x2c91, [0x172c, [0xd3d, [0x2661, [0x470, nil]]]]]]	0x270b
[0xaf4b4379, [0x15b3, [0x23ac, [0x498, nil]]]]	0x2cac
[0xaf4b4379, [0x15b3, [0x23ac, [0x498, nil]]]]	0x2cc1
[0xaf4b4379, [0x15b3, [0x23ac, [0x498, nil]]]]	0x2cce
[0xaf4b4379, [0x15b3, [0x23ac, [0x498, nil]]]]	0x2cdb
[0xaf4b4379, [0x15b3, [0x23ac, [0x498, nil]]]]	0x2ce8
[0x370d60ae, [0x3059, [0x225b, [0x2516, [0x157b, [0x926, [0x23ac, [0x2d9, nil]]]]]]]]	0x2269
[0x370d60ae, [0x3059, [0x225b, [0x2516, [0x157b, [0x926, [0x23ac, [0x2d9, nil]]]]]]]]	0x2f9d
[0x370d60ae, [0x3059, [0x225b, [0x2516, [0x157b, [0x926, [0x23ac, [0x2d9, nil]]]]]]]]	0x2fbc
[0x370d60ae, [0x3059, [0x225b, [0x2516, [0x157b, [0x926, [0x23ac, [0x2d9, nil]]]]]]]]	0x2fc0
[0xa653d60c, [0x3191, [0x2082, [0x22ba, [0x216f, [0x2655, [0x470, nil]]]]]]]	0x30e4
[0xa653d60c, [0x3191, [0x2082, [0x22ba, [0x216f, [0x2655, [0x470, nil]]]]]]]	0x30ef
[0x2c4a952b, [0x2327, [0x253d, [0x17d3, [0x705, [0x2449, [0x272, nil]]]]]]]	0x31d6
[0x2c4a952b, [0x2327, [0x253d, [0x17d3, [0x705, [0x2449, [0x272, nil]]]]]]]	0x31df
[0x2c4a952b, [0x2327, [0x253d, [0x17d3, [0x705, [0x2449, [0x272, nil]]]]]]]	0x31e6
[0x2c4a952b, [0x2327, [0x253d, [0x17d3, [0x705, [0x2449, [0x272, nil]]]]]]]	0x31ea
[0xa25d7c86, [0x2f89, [0x1bbf, [0xa3f, [0xce2, [0x24b7, [0x43f, nil]]]]]]]	0x2b6d
[0xa25d7c86, [0x2f89, [0x1bbf, [0xa3f, [0xce2, [0x24b7, [0x43f, nil]]]]]]]	0x2b76
[0xa653d60c, [0x2702, [0x2c91, [0x172c, [0xd3d, [0x2661, [0x470, nil]]]]]]]	0x3102
[0x1e86c2ac, [0x26cd, [0x2c54, [0x1f4, nil]]]]	0x309f
[0xa653d60c, [0x30e4, [0x3191, [0x2082, [0x22ba, [0x216f, [0x2655, [0x470, nil]]]]]]]]	0x310c
[0xaf4b4379, [0x2cac, [0x15b3, [0x23ac, [0x498, nil]]]]]	0x2702
[0xaf4b4379, [0x2cac, [0x15b3, [0x23ac, [0x498, nil]]]]]	0x270b
[0x2c4a952b, [0x31d6, [0x2327, [0x253d, [0x17d3, [0x705, [0x2449, [0x272, nil]]]]]]]]	0x312c
[0xa25d7c86, [0x26cd, [0x2c54, [0x45a, nil]]]]	0x309f
[0x81b34f15, [0x17ff, [0x705, [0x1cb0, [0xc03, [0x25d5, [0x3d8, nil]]]]]]]	0x2e19
[0x81b34f15, [0x17ff, [0x705, [0x1cb0, [0xc03, [0x25d5, [0x3d8, nil]]]]]]]	0x2e32
[0xa25d7c86, [0x2b6d, [0x2f89, [0x1bbf, [0xa3f, [0xce2, [0x24b7, [0x43f, nil]]]]]]]]	0x312c
[0x81b34f15, [0x1839, [0x705, [0x1cb0, [0xc03, [0x25d5, [0x3d8, nil]]]]]]]	0x2c91
[0x81b34f15, [0x1839, [0x705, [0x1cb0, [0xc03, [0x25d5, [0x3d8, nil]]]]]]]	0x2ca6
[0xaf4b4379, [0x2702, [0x2cac, [0x15b3, [0x23ac, [0x498, nil]]]]]]	0x3102
[0xa25d7c86, [0x277e, [0x2d97, [0x1fe9, [0x1d9a, [0x1b6b, [0xa3f, [0xce2, [0x24b7, [0x43f, nil]]]]]]]]]]	0x3180
[0x81b34f15, [0x2e19, [0x17ff, [0x705, [0x1cb0, [0xc03, [0x25d5, [0x3d8, nil]]]]]]]]	0x2892
[0x81b34f15, [0x2e19, [0x17ff, [0x705, [0x1cb0, [0xc03, [0x25d5, [0x3d8, nil]]]]]]]]	0x289f
[0x370d60ae, [0x228a, [0x2516, [0x157b, [0x926, [0x23ac, [0x2d9, nil]]]]]]]	0x3143
[0x370d60ae, [0x228a, [0x2516, [0x157b, [0x926, [0x23ac, [0x2d9, nil]]]]]]]	0x3146
[0x370d60ae, [0x228a, [0x2516, [0x157b, [0x926, [0x23ac, [0x2d9, nil]]]]]]]	0x314f
[0x370d60ae, [0x228a, [0x2516, [0x157b, [0x926, [0x23ac, [0x2d9, nil]]]]]]]	0x3161
[0x370d60ae, [0x228a, [0x2516, [0x157b, [0x926, [0x23ac, [0x2d9, nil]]]]]]]	0x316a
[0x370d60ae, [0x228a, [0x2516, [0x157b, [0x926, [0x23ac, [0x2d9, nil]]]]]]]	0x3c517
[0x370d60ae, [0x228a, [0x2516, [0x157b, [0x926, [0x23ac, [0x2d9, nil]]]]]]]	0x3c5f3
[0x81b34f15, [0x2c91, [0x1839, [0x705, [0x1cb0, [0xc03, [0x25d5, [0x3d8, nil]]]]]]]]	0x2702
[0x81b34f15, [0x2c91, [0x1839, [0x705, [0x1cb0, [0xc03, [0x25d5, [0x3d8, nil]]]]]]]]	0x270b
[0x81b34f15, [0x2892, [0x2e19, [0x17ff, [0x705, [0x1cb0, [0xc03, [0x25d5, [0x3d8, nil]]]]]]]]]	0x30c8
[0xaf4b4379, [0x2cc1, [0x15b3, [0x23ac, [0x498, nil]]]]]	0x2702
[0xaf4b4379, [0x2cc1, [0x15b3, [0x23ac, [0x498, nil]]]]]	0x270b
[0x81b34f15, [0x2702, [0x2c91, [0x1839, [0x705, [0x1cb0, [0xc03, [0x25d5, [0x3d8, nil]]]]]]]]]	0x3102
[0xa653d60c, [0x17d3, [0xd3d, [0x2661, [0x470, nil]]]]]	0x252b
[0xa653d60c, [0x17d3, [0xd3d, [0x2661, [0x470, nil]]]]]	0x2539
[0xa653d60c, [0x17d3, [0xd3d, [0x2661, [0x470, nil]]]]]	0x253d
[0xa653d60c, [0x17d3, [0xd3d, [0x2661, [0x470, nil]]]]]	0x254b
[0xa653d60c, [0x22ca, [0x216f, [0x2655, [0x470, nil]]]]]	0x233c
[0xa653d60c, [0x22ca, [0x216f, [0x2655, [0x470, nil]]]]]	0x234b
[0xaf4b4379, [0x2702, [0x2cc1, [0x15b3, [0x23ac, [0x498, nil]]]]]]	0x3102
[0x2c4a952b, [0x17ff, [0x705, [0x2449, [0x272, nil]]]]]	0x2e19
[0x2c4a952b, [0x17ff, [0x705, [0x2449, [0x272, nil]]]]]	0x2e32
[0xa653d60c, [0x253d, [0x17d3, [0xd3d, [0x2661, [0x470, nil]]]]]]	0x2327
[0xa653d60c, [0x253d, [0x17d3, [0xd3d, [0x2661, [0x470, nil]]]]]]	0x2336
[0x2c4a952b, [0x1839, [0x705, [0x2449, [0x272, nil]]]]]	0x2c91
[0x2c4a952b, [0x1839, [0x705, [0x2449, [0x272, nil]]]]]	0x2ca6
[0xa653d60c, [0x233c, [0x22ca, [0x216f, [0x2655, [0x470, nil]]]]]]	0x31ed
[0xa653d60c, [0x233c, [0x22ca, [0x216f, [0x2655, [0x470, nil]]]]]]	0x31f6
[0xa653d60c, [0x233c, [0x22ca, [0x216f, [0x2655, [0x470, nil]]]]]]	0x31fd
[0xa653d60c, [0x233c, [0x22ca, [0x216f, [0x2655, [0x470, nil]]]]]]	0x3201
[0x2c4a952b, [0x2e19, [0x17ff, [0x705, [0x2449, [0x272, nil]]]]]]	0x2892
[0x2c4a952b, [0x2e19, [0x17ff, [0x705, [0x2449, [0x272, nil]]]]]]	0x289f
[0xa653d60c, [0x2327, [0x253d, [0x17d3, [0xd3d, [0x2661, [0x470, nil]]]]]]]	0x31d6
[0xa653d60c, [0x2327, [0x253d, [0x17d3, [0xd3d, [0x2661, [0x470, nil]]]]]]]	0x31df
[0xa653d60c, [0x2327, [0x253d, [0x17d3, [0xd3d, [0x2661, [0x470, nil]]]]]]]	0x31e6
[0xa653d60c, [0x2327, [0x253d, [0x17d3, [0xd3d, [0x2661, [0x470, nil]]]]]]]	0x31ea
[0x2c4a952b, [0x2c91, [0x1839, [0x705, [0x2449, [0x272, nil]]]]]]	0x2702
[0x2c4a952b, [0x2c91, [0x1839, [0x705, [0x2449, [0x272, nil]]]]]]	0x270b
[0xaf4b4379, [0x2cce, [0x15b3, [0x23ac, [0x498, nil]]]]]	0x2b6d
[0xaf4b4379, [0x2cce, [0x15b3, [0x23ac, [0x498, nil]]]]]	0x2b76
[0xa653d60c, [0x31ed, [0x233c, [0x22ca, [0x216f, [0x2655, [0x470, nil]]]]]]]	0x3136
[0x370d60ae, [0x15a4, [0x926, [0x23ac, [0x2d9, nil]]]]]	0x1d09
[0x2c4a952b, [0x2892, [0x2e19, [0x17ff, [0x705, [0x2449, [0x272, nil]]]]]]]	0x30c8
[0x81b34f15, [0x18e2, [0x705, [0x1cb0, [0xc03, [0x25d5, [0x3d8, nil]]]]]]]	0x252b
[0x81b34f15, [0x18e2, [0x705, [0x1cb0, [0xc03, [0x25d5, [0x3d8, nil]]]]]]]	0x2539
[0x81b34f15, [0x18e2, [0x705, [0x1cb0, [0xc03, [0x25d5, [0x3d8, nil]]]]]]]	0x253d
[0x81b34f15, [0x18e2, [0x705, [0x1cb0, [0xc03, [0x25d5, [0x3d8, nil]]]]]]]	0x254b
[0xa653d60c, [0x31d6, [0x2327, [0x253d, [0x17d3, [0xd3d, [0x2661, [0x470, nil]]]]]]]]	0x312c
[0x2c4a952b, [0x2702, [0x2c91, [0x1839, [0x705, [0x2449, [0x272, nil]]]]]]]	0x3102
[0xaf4b4379, [0x2b6d, [0x2cce, [0x15b3, [0x23ac, [0x498, nil]]]]]]	0x312c
[0x370d60ae, [0x15b3, [0x926, [0x23ac, [0x2d9, nil]]]]]	0x2cac
[0x370d60ae, [0x15b3, [0x926, [0x23ac, [0x2d9, nil]]]]]	0x2cc1
[0x370d60ae, [0x15b3, [0x926, [0x23ac, [0x2d9, nil]]]]]	0x2cce
[0x370d60ae, [0x15b3, [0x926, [0x23ac, [0x2d9, nil]]]]]	0x2cdb
[0x370d60ae, [0x15b3, [0x926, [0x23ac, [0x2d9, nil]]]]]	0x2ce8
[0x81b34f15, [0x253d, [0x18e2, [0x705, [0x1cb0, [0xc03, [0x25d5, [0x3d8, nil]]]]]]]]	0x2327
[0x81b34f15, [0x253d, [0x18e2, [0x705, [0x1cb0, [0xc03, [0x25d5, [0x3d8, nil]]]]]]]]	0x2336
[0xaf4b4379, [0x2cdb, [0x15b3, [0x23ac, [0x498, nil]]]]]	0x2686
[0xaf4b4379, [0x2cdb, [0x15b3, [0x23ac, [0x498, nil]]]]]	0x268f
[0x370d60ae, [0x2cac, [0x15b3, [0x926, [0x23ac, [0x2d9, nil]]]]]]	0x2702
[0x370d60ae, [0x2cac, [0x15b3, [0x926, [0x23ac, [0x2d9, nil]]]]]]	0x270b
[0x81b34f15, [0x2327, [0x253d, [0x18e2, [0x705, [0x1cb0, [0xc03, [0x25d5, [0x3d8, nil]]]]]]]]]	0x31d6
[0x81b34f15, [0x2327, [0x253d, [0x18e2, [0x705, [0x1cb0, [0xc03, [0x25d5, [0x3d8, nil]]]]]]]]]	0x31df
[0x81b34f15, [0x2327, [0x253d, [0x18e2, [0x705, [0x1cb0, [0xc03, [0x25d5, [0x3d8, nil]]]]]]]]]	0x31e6
[0x81b34f15, [0x2327, [0x253d, [0x18e2, [0x705, [0x1cb0, [0xc03, [0x25d5, [0x3d8, nil]]]]]]]]]	0x31ea
[0xa653d60c, [0x22de, [0x216f, [0x2655, [0x470, nil]]]]]	0x2235
[0xa653d60c, [0x22de, [0x216f, [0x2655, [0x470, nil]]]]]	0x2244
[0x370d60ae, [0x2702, [0x2cac, [0x15b3, [0x926, [0x23ac, [0x2d9, nil]]]]]]]	0x3102
[0x81b34f15, [0x31d6, [0x2327, [0x253d, [0x18e2, [0x705, [0x1cb0, [0xc03, [0x25d5, [0x3d8, nil]]]]]]]]]]	0x312c
[0xaf4b4379, [0x2686, [0x2cdb, [0x15b3, [0x23ac, [0x498, nil]]]]]]	0x30e4
[0xaf4b4379, [0x2686, [0x2cdb, [0x15b3, [0x23ac, [0x498, nil]]]]]]	0x30ef
[0xa653d60c, [0x2235, [0x22de, [0x216f, [0x2655, [0x470, nil]]]]]]	0x31bf
[0xa653d60c, [0x2235, [0x22de, [0x216f, [0x2655, [0x470, nil]]]]]]	0x31c8
[0xa653d60c, [0x2235, [0x22de, [0x216f, [0x2655, [0x470, nil]]]]]]	0x31cf
[0xa653d60c, [0x2235, [0x22de, [0x216f, [0x2655, [0x470, nil]]]]]]	0x31d3
[0x2c4a952b, [0x18e2, [0x705, [0x2449, [0x272, nil]]]]]	0x252b
[0x2c4a952b, [0x18e2, [0x705, [0x2449, [0x272, nil]]]]]	0x2539
[0x2c4a952b, [0x18e2, [0x705, [0x2449, [0x272, nil]]]]]	0x253d
[0x2c4a952b, [0x18e2, [0x705, [0x2449, [0x272, nil]]]]]	0x254b
[0xa653d60c, [0x17ff, [0xd3d, [0x2661, [0x470, nil]]]]]	0x2e19
[0xa653d60c, [0x17ff, [0xd3d, [0x2661, [0x470, nil]]]]]	0x2e32
[0xa653d60c, [0x1839, [0xd3d, [0x2661, [0x470, nil]]]]]	0x2c91
[0xa653d60c, [0x1839, [0xd3d, [0x2661, [0x470, nil]]]]]	0x2ca6
[0xaf4b4379, [0x30e4, [0x2686, [0x2cdb, [0x15b3, [0x23ac, [0x498, nil]]]]]]]	0x310c
[0xa653d60c, [0x31bf, [0x2235, [0x22de, [0x216f, [0x2655, [0x470, nil]]]]]]]	0x3102
[0x370d60ae, [0x2cc1, [0x15b3, [0x926, [0x23ac, [0x2d9, nil]]]]]]	0x2702
[0x370d60ae, [0x2cc1, [0x15b3, [0x926, [0x23ac, [0x2d9, nil]]]]]]	0x270b
[0x2c4a952b, [0x253d, [0x18e2, [0x705, [0x2449, [0x272, nil]]]]]]	0x2327
[0x2c4a952b, [0x253d, [0x18e2, [0x705, [0x2449, [0x272, nil]]]]]]	0x2336
[0xa653d60c, [0x2e19, [0x17ff, [0xd3d, [0x2661, [0x470, nil]]]]]]	0x2892
[0xa653d60c, [0x2e19, [0x17ff, [0xd3d, [0x2661, [0x470, nil]]]]]]	0x289f
[0xa653d60c, [0x2c91, [0x1839, [0xd3d, [0x2661, [0x470, nil]]]]]]	0x2702
[0xa653d60c, [0x2c91, [0x1839, [0xd3d, [0x2661, [0x470, nil]]]]]]	0x270b
[0x370d60ae, [0x2702, [0x2cc1, [0x15b3, [0x926, [0x23ac, [0x2d9, nil]]]]]]]	0x3102
[0x2c4a952b, [0x2327, [0x253d, [0x18e2, [0x705, [0x2449, [0x272, nil]]]]]]]	0x31d6
[0x2c4a952b, [0x2327, [0x253d, [0x18e2, [0x705, [0x2449, [0x272, nil]]]]]]]	0x31df
[0x2c4a952b, [0x2327, [0x253d, [0x18e2, [0x705, [0x2449, [0x272, nil]]]]]]]	0x31e6
[0x2c4a952b, [0x2327, [0x253d, [0x18e2, [0x705, [0x2449, [0x272, nil]]]]]]]	0x31ea
[0xa653d60c, [0x2892, [0x2e19, [0x17ff, [0xd3d, [0x2661, [0x470, nil]]]]]]]	0x30c8
[0xa653d60c, [0x2702, [0x2c91, [0x1839, [0xd3d, [0x2661, [0x470, nil]]]]]]]	0x3102
[0x2c4a952b, [0x31d6, [0x2327, [0x253d, [0x18e2, [0x705, [0x2449, [0x272, nil]]]]]]]]	0x312c
[0xa653d60c, [0x22f2, [0x216f, [0x2655, [0x470, nil]]]]]	0x2235
[0xa653d60c, [0x22f2, [0x216f, [0x2655, [0x470, nil]]]]]	0x2244
[0x370d60ae, [0x2cce, [0x15b3, [0x926, [0x23ac, [0x2d9, nil]]]]]]	0x2b6d
[0x370d60ae, [0x2cce, [0x15b3, [0x926, [0x23ac, [0x2d9, nil]]]]]]	0x2b76
[0x81b34f15, [0x19a9, [0x705, [0x1cb0, [0xc03, [0x25d5, [0x3d8, nil]]]]]]]	0x1cb0
[0xa653d60c, [0x2235, [0x22f2, [0x216f, [0x2655, [0x470, nil]]]]]]	0x31bf
[0xa653d60c, [0x2235, [0x22f2, [0x216f, [0x2655, [0x470, nil]]]]]]	0x31c8
[0xa653d60c, [0x2235, [0x22f2, [0x216f, [0x2655, [0x470, nil]]]]]]	0x31cf
[0xa653d60c, [0x2235, [0x22f2, [0x216f, [0x2655, [0x470, nil]]]]]]	0x31d3
[0x370d60ae, [0x2b6d, [0x2cce, [0x15b3, [0x926, [0x23ac, [0x2d9, nil]]]]]]]	0x312c
[0x81b34f15, [0x19c9, [0x705, [0x1cb0, [0xc03, [0x25d5, [0x3d8, nil]]]]]]]	0x2f59
[0x81b34f15, [0x19c9, [0x705, [0x1cb0, [0xc03, [0x25d5, [0x3d8, nil]]]]]]]	0x2f6e
[0xa653d60c, [0x31bf, [0x2235, [0x22f2, [0x216f, [0x2655, [0x470, nil]]]]]]]	0x3102
[0xa653d60c, [0x18e2, [0xd3d, [0x2661, [0x470, nil]]]]]	0x252b
[0xa653d60c, [0x18e2, [0xd3d, [0x2661, [0x470, nil]]]]]	0x2539
[0xa653d60c, [0x18e2, [0xd3d, [0x2661, [0x470, nil]]]]]	0x253d
[0xa653d60c, [0x18e2, [0xd3d, [0x2661, [0x470, nil]]]]]	0x254b
[0x81b34f15, [0x2f59, [0x19c9, [0x705, [0x1cb0, [0xc03, [0x25d5, [0x3d8, nil]]]]]]]]	0x2b6d
[0x81b34f15, [0x2f59, [0x19c9, [0x705, [0x1cb0, [0xc03, [0x25d5, [0x3d8, nil]]]]]]]]	0x2b76
[0x370d60ae, [0x2cdb, [0x15b3, [0x926, [0x23ac, [0x2d9, nil]]]]]]	0x2686
[0x370d60ae, [0x2cdb, [0x15b3, [0x926, [0x23ac, [0x2d9, nil]]]]]]	0x268f
[0xa653d60c, [0x253d, [0x18e2, [0xd3d, [0x2661, [0x470, nil]]]]]]	0x2327
[0xa653d60c, [0x253d, [0x18e2, [0xd3d, [0x2661, [0x470, nil]]]]]]	0x2336
[0x81b34f15, [0x2b6d, [0x2f59, [0x19c9, [0x705, [0x1cb0, [0xc03, [0x25d5, [0x3d8, nil]]]]]]]]]	0x312c
[0x2c4a952b, [0x19a9, [0x705, [0x2449, [0x272, nil]]]]]	0x1cb0
[0x370d60ae, [0x2686, [0x2cdb, [0x15b3, [0x926, [0x23ac, [0x2d9, nil]]]]]]]	0x30e4
[0x370d60ae, [0x2686, [0x2cdb, [0x15b3, [0x926, [0x23ac, [0x2d9, nil]]]]]]]	0x30ef
[0xa653d60c, [0x2327, [0x253d, [0x18e2, [0xd3d, [0x2661, [0x470, nil]]]]]]]	0x31d6
[0xa653d60c, [0x2327, [0x253d, [0x18e2, [0xd3d, [0x2661, [0x470, nil]]]]]]]	0x31df
[0xa653d60c, [0x2327, [0x253d, [0x18e2, [0xd3d, [0x2661, [0x470, nil]]]]]]]	0x31e6
[0xa653d60c, [0x2327, [0x253d, [0x18e2, [0xd3d, [0x2661, [0x470, nil]]]]]]]	0x31ea
[0x370d60ae, [0x30e4, [0x2686, [0x2cdb, [0x15b3, [0x926, [0x23ac, [0x2d9, nil]]]]]]]]	0x310c
[0x2c4a952b, [0x19c9, [0x705, [0x2449, [0x272, nil]]]]]	0x2f59
[0x2c4a952b, [0x19c9, [0x705, [0x2449, [0x272, nil]]]]]	0x2f6e
[0xa653d60c, [0x31d6, [0x2327, [0x253d, [0x18e2, [0xd3d, [0x2661, [0x470, nil]]]]]]]]	0x312c
[0x2c4a952b, [0x2f59, [0x19c9, [0x705, [0x2449, [0x272, nil]]]]]]	0x2b6d
[0x2c4a952b, [0x2f59, [0x19c9, [0x705, [0x2449, [0x272, nil]]]]]]	0x2b76
[0x81b34f15, [0x70f, [0x1cb0, [0xc03, [0x25d5, [0x3d8, nil]]]]]]	0x1a19
[0x81b34f15, [0x70f, [0x1cb0, [0xc03, [0x25d5, [0x3d8, nil]]]]]]	0x1a68
[0x2c4a952b, [0x2b6d, [0x2f59, [0x19c9, [0x705, [0x2449, [0x272, nil]]]]]]]	0x312c
[0x81b34f15, [0x1a19, [0x70f, [0x1cb0, [0xc03, [0x25d5, [0x3d8, nil]]]]]]]	0x1d11
[0x81b34f15, [0x1a19, [0x70f, [0x1cb0, [0xc03, [0x25d5, [0x3d8, nil]]]]]]]	0x1d94
[0x81b34f15, [0x1d11, [0x1a19, [0x70f, [0x1cb0, [0xc03, [0x25d5, [0x3d8, nil]]]]]]]]	0x2bf4
[0x81b34f15, [0x1d11, [0x1a19, [0x70f, [0x1cb0, [0xc03, [0x25d5, [0x3d8, nil]]]]]]]]	0x2c09
[0x81b34f15, [0x1d11, [0x1a19, [0x70f, [0x1cb0, [0xc03, [0x25d5, [0x3d8, nil]]]]]]]]	0x2c16
[0x81b34f15, [0x1d11, [0x1a19, [0x70f, [0x1cb0, [0xc03, [0x25d5, [0x3d8, nil]]]]]]]]	0x2c23
[0x81b34f15, [0x2bf4, [0x1d11, [0x1a19, [0x70f, [0x1cb0, [0xc03, [0x25d5, [0x3d8, nil]]]]]]]]]	0x2686
[0x81b34f15, [0x2bf4, [0x1d11, [0x1a19, [0x70f, [0x1cb0, [0xc03, [0x25d5, [0x3d8, nil]]]]]]]]]	0x268f
[0xa653d60c, [0x19a9, [0xd3d, [0x2661, [0x470, nil]]]]]	0x1cb0
[0x2c4a952b, [0x70f, [0x2449, [0x272, nil]]]]	0x1a19
[0x2c4a952b, [0x70f, [0x2449, [0x272, nil]]]]	0x1a68
[0x81b34f15, [0x2686, [0x2bf4, [0x1d11, [0x1a19, [0x70f, [0x1cb0, [0xc03, [0x25d5, [0x3d8, nil]]]]]]]]]]	0x30e4
[0x81b34f15, [0x2686, [0x2bf4, [0x1d11, [0x1a19, [0x70f, [0x1cb0, [0xc03, [0x25d5, [0x3d8, nil]]]]]]]]]]	0x30ef
[0xa653d60c, [0x19c9, [0xd3d, [0x2661, [0x470, nil]]]]]	0x2f59
[0xa653d60c, [0x19c9, [0xd3d, [0x2661, [0x470, nil]]]]]	0x2f6e
[0x2c4a952b, [0x1a19, [0x70f, [0x2449, [0x272, nil]]]]]	0x1d11
[0x2c4a952b, [0x1a19, [0x70f, [0x2449, [0x272, nil]]]]]	0x1d94
[0x81b34f15, [0x30e4, [0x2686, [0x2bf4, [0x1d11, [0x1a19, [0x70f, [0x1cb0, [0xc03, [0x25d5, [0x3d8, nil]]]]]]]]]]]	0x310c
[0x2c4a952b, [0x1d11, [0x1a19, [0x70f, [0x2449, [0x272, nil]]]]]]	0x2bf4
[0x2c4a952b, [0x1d11, [0x1a19, [0x70f, [0x2449, [0x272, nil]]]]]]	0x2c09
[0x2c4a952b, [0x1d11, [0x1a19, [0x70f, [0x2449, [0x272, nil]]]]]]	0x2c16
[0x2c4a952b, [0x1d11, [0x1a19, [0x70f, [0x2449, [0x272, nil]]]]]]	0x2c23
[0xa653d60c, [0x2f59, [0x19c9, [0xd3d, [0x2661, [0x470, nil]]]]]]	0x2b6d
[0xa653d60c, [0x2f59, [0x19c9, [0xd3d, [0x2661, [0x470, nil]]]]]]	0x2b76
[0x2c4a952b, [0x2bf4, [0x1d11, [0x1a19, [0x70f, [0x2449, [0x272, nil]]]]]]]	0x2686
[0x2c4a952b, [0x2bf4, [0x1d11, [0x1a19, [0x70f, [0x2449, [0x272, nil]]]]]]]	0x268f
[0xa653d60c, [0x2b6d, [0x2f59, [0x19c9, [0xd3d, [0x2661, [0x470, nil]]]]]]]	0x312c
[0x81b34f15, [0x2c09, [0x1d11, [0x1a19, [0x70f, [0x1cb0, [0xc03, [0x25d5, [0x3d8, nil]]]]]]]]]	0x2686
[0x81b34f15, [0x2c09, [0x1d11, [0x1a19, [0x70f, [0x1cb0, [0xc03, [0x25d5, [0x3d8, nil]]]]]]]]]	0x268f
[0x2c4a952b, [0x2686, [0x2bf4, [0x1d11, [0x1a19, [0x70f, [0x2449, [0x272, nil]]]]]]]]	0x30e4
[0x2c4a952b, [0x2686, [0x2bf4, [0x1d11, [0x1a19, [0x70f, [0x2449, [0x272, nil]]]]]]]]	0x30ef
[0x81b34f15, [0x2686, [0x2c09, [0x1d11, [0x1a19, [0x70f, [0x1cb0, [0xc03, [0x25d5, [0x3d8, nil]]]]]]]]]]	0x30e4
[0x81b34f15, [0x2686, [0x2c09, [0x1d11, [0x1a19, [0x70f, [0x1cb0, [0xc03, [0x25d5, [0x3d8, nil]]]]]]]]]]	0x30ef
[0x2c4a952b, [0x30e4, [0x2686, [0x2bf4, [0x1d11, [0x1a19, [0x70f, [0x2449, [0x272, nil]]]]]]]]]	0x310c
[0x81b34f15, [0x30e4, [0x2686, [0x2c09, [0x1d11, [0x1a19, [0x70f, [0x1cb0, [0xc03, [0x25d5, [0x3d8, nil]]]]]]]]]]]	0x310c
[0xa653d60c, [0xdaf, [0x2661, [0x470, nil]]]]	0x2e79
[0xa653d60c, [0xdaf, [0x2661, [0x470, nil]]]]	0x2e92
[0xa653d60c, [0xde9, [0x2661, [0x470, nil]]]]	0x2c91
[0xa653d60c, [0xde9, [0x2661, [0x470, nil]]]]	0x2ca6
[0x2c4a952b, [0x2c09, [0x1d11, [0x1a19, [0x70f, [0x2449, [0x272, nil]]]]]]]	0x2686
[0x2c4a952b, [0x2c09, [0x1d11, [0x1a19, [0x70f, [0x2449, [0x272, nil]]]]]]]	0x268f
[0xa653d60c, [0x2e79, [0xdaf, [0x2661, [0x470, nil]]]]]	0x2952
[0xa653d60c, [0x2e79, [0xdaf, [0x2661, [0x470, nil]]]]]	0x295f
[0x81b34f15, [0x2c16, [0x1d11, [0x1a19, [0x70f, [0x1cb0, [0xc03, [0x25d5, [0x3d8, nil]]]]]]]]]	0x2b6d
[0x81b34f15, [0x2c16, [0x1d11, [0x1a19, [0x70f, [0x1cb0, [0xc03, [0x25d5, [0x3d8, nil]]]]]]]]]	0x2b76
[0xa653d60c, [0x2c91, [0xde9, [0x2661, [0x470, nil]]]]]	0x2702
[0xa653d60c, [0x2c91, [0xde9, [0x2661, [0x470, nil]]]]]	0x270b
[0x2c4a952b, [0x2686, [0x2c09, [0x1d11, [0x1a19, [0x70f, [0x2449, [0x272, nil]]]]]]]]	0x30e4
[0x2c4a952b, [0x2686, [0x2c09, [0x1d11, [0x1a19, [0x70f, [0x2449, [0x272, nil]]]]]]]]	0x30ef
[0xa653d60c, [0x2952, [0x2e79, [0xdaf, [0x2661, [0x470, nil]]]]]]	0x30c8
[0xa653d60c, [0x2702, [0x2c91, [0xde9, [0x2661, [0x470, nil]]]]]]	0x3102
[0x81b34f15, [0x2b6d, [0x2c16, [0x1d11, [0x1a19, [0x70f, [0x1cb0, [0xc03, [0x25d5, [0x3d8, nil]]]]]]]]]]	0x312c
[0x2c4a952b, [0x30e4, [0x2686, [0x2c09, [0x1d11, [0x1a19, [0x70f, [0x2449, [0x272, nil]]]]]]]]]	0x310c
[0x2c4a952b, [0x2c16, [0x1d11, [0x1a19, [0x70f, [0x2449, [0x272, nil]]]]]]]	0x2b6d
[0x2c4a952b, [0x2c16, [0x1d11, [0x1a19, [0x70f, [0x2449, [0x272, nil]]]]]]]	0x2b76
[0xa653d60c, [0xe96, [0x2661, [0x470, nil]]]]	0x252b
[0xa653d60c, [0xe96, [0x2661, [0x470, nil]]]]	0x2539
[0xa653d60c, [0xe96, [0x2661, [0x470, nil]]]]	0x253d
[0xa653d60c, [0xe96, [0x2661, [0x470, nil]]]]	0x254b
[0x2c4a952b, [0x2b6d, [0x2c16, [0x1d11, [0x1a19, [0x70f, [0x2449, [0x272, nil]]]]]]]]	0x312c
[0x81b34f15, [0x2c23, [0x1d11, [0x1a19, [0x70f, [0x1cb0, [0xc03, [0x25d5, [0x3d8, nil]]]]]]]]]	0x1d32
[0x81b34f15, [0x2c23, [0x1d11, [0x1a19, [0x70f, [0x1cb0, [0xc03, [0x25d5, [0x3d8, nil]]]]]]]]]	0x1e6a
[0x81b34f15, [0x2c23, [0x1d11, [0x1a19, [0x70f, [0x1cb0, [0xc03, [0x25d5, [0x3d8, nil]]]]]]]]]	0x1e89
[0x81b34f15, [0x2c23, [0x1d11, [0x1a19, [0x70f, [0x1cb0, [0xc03, [0x25d5, [0x3d8, nil]]]]]]]]]	0x1e8e
[0x81b34f15, [0x2c23, [0x1d11, [0x1a19, [0x70f, [0x1cb0, [0xc03, [0x25d5, [0x3d8, nil]]]]]]]]]	0x1ebf
[0x81b34f15, [0x2c23, [0x1d11, [0x1a19, [0x70f, [0x1cb0, [0xc03, [0x25d5, [0x3d8, nil]]]]]]]]]	0x1ec8
[0x81b34f15, [0x2c23, [0x1d11, [0x1a19, [0x70f, [0x1cb0, [0xc03, [0x25d5, [0x3d8, nil]]]]]]]]]	0x1ef1
[0x81b34f15, [0x2c23, [0x1d11, [0x1a19, [0x70f, [0x1cb0, [0xc03, [0x25d5, [0x3d8, nil]]]]]]]]]	0x1f0d
[0x81b34f15, [0x2c23, [0x1d11, [0x1a19, [0x70f, [0x1cb0, [0xc03, [0x25d5, [0x3d8, nil]]]]]]]]]	0x1f2e
[0x81b34f15, [0x2c23, [0x1d11, [0x1a19, [0x70f, [0x1cb0, [0xc03, [0x25d5, [0x3d8, nil]]]]]]]]]	0x1f33
[0x81b34f15, [0x2c23, [0x1d11, [0x1a19, [0x70f, [0x1cb0, [0xc03, [0x25d5, [0x3d8, nil]]]]]]]]]	0x1f3e
[0x81b34f15, [0x2c23, [0x1d11, [0x1a19, [0x70f, [0x1cb0, [0xc03, [0x25d5, [0x3d8, nil]]]]]]]]]	0x1f6f
[0x81b34f15, [0x2c23, [0x1d11, [0x1a19, [0x70f, [0x1cb0, [0xc03, [0x25d5, [0x3d8, nil]]]]]]]]]	0x1f78
[0x81b34f15, [0x2c23, [0x1d11, [0x1a19, [0x70f, [0x1cb0, [0xc03, [0x25d5, [0x3d8, nil]]]]]]]]]	0x1f83
[0x81b34f15, [0x2c23, [0x1d11, [0x1a19, [0x70f, [0x1cb0, [0xc03, [0x25d5, [0x3d8, nil]]]]]]]]]	0x1f96
[0x81b34f15, [0x2c23, [0x1d11, [0x1a19, [0x70f, [0x1cb0, [0xc03, [0x25d5, [0x3d8, nil]]]]]]]]]	0x1f9b
[0x81b34f15, [0x2c23, [0x1d11, [0x1a19, [0x70f, [0x1cb0, [0xc03, [0x25d5, [0x3d8, nil]]]]]]]]]	0x1fcc
[0x81b34f15, [0x2c23, [0x1d11, [0x1a19, [0x70f, [0x1cb0, [0xc03, [0x25d5, [0x3d8, nil]]]]]]]]]	0x1fd5
[0x81b34f15, [0x2c23, [0x1d11, [0x1a19, [0x70f, [0x1cb0, [0xc03, [0x25d5, [0x3d8, nil]]]]]]]]]	0x3c4ca
[0x81b34f15, [0x2c23, [0x1d11, [0x1a19, [0x70f, [0x1cb0, [0xc03, [0x25d5, [0x3d8, nil]]]]]]]]]	0x3c5a6
[0xa653d60c, [0x253d, [0xe96, [0x2661, [0x470, nil]]]]]	0x2327
[0xa653d60c, [0x253d, [0xe96, [0x2661, [0x470, nil]]]]]	0x2336
[0x81b34f15, [0x1e6a, [0x2c23, [0x1d11, [0x1a19, [0x70f, [0x1cb0, [0xc03, [0x25d5, [0x3d8, nil]]]]]]]]]]	0x2037
[0x81b34f15, [0x1e6a, [0x2c23, [0x1d11, [0x1a19, [0x70f, [0x1cb0, [0xc03, [0x25d5, [0x3d8, nil]]]]]]]]]]	0x2071
[0x81b34f15, [0x1e6a, [0x2c23, [0x1d11, [0x1a19, [0x70f, [0x1cb0, [0xc03, [0x25d5, [0x3d8, nil]]]]]]]]]]	0x3c4ef
[0x81b34f15, [0x1e6a, [0x2c23, [0x1d11, [0x1a19, [0x70f, [0x1cb0, [0xc03, [0x25d5, [0x3d8, nil]]]]]]]]]]	0x3c5cb
[0xa653d60c, [0x2327, [0x253d, [0xe96, [0x2661, [0x470, nil]]]]]]	0x31d6
[0xa653d60c, [0x2327, [0x253d, [0xe96, [0x2661, [0x470, nil]]]]]]	0x31df
[0xa653d60c, [0x2327, [0x253d, [0xe96, [0x2661, [0x470, nil]]]]]]	0x31e6
[0xa653d60c, [0x2327, [0x253d, [0xe96, [0x2661, [0x470, nil]]]]]]	0x31ea
[0xa653d60c, [0x31d6, [0x2327, [0x253d, [0xe96, [0x2661, [0x470, nil]]]]]]]	0x312c
[0x81b34f15, [0x1e8e, [0x2c23, [0x1d11, [0x1a19, [0x70f, [0x1cb0, [0xc03, [0x25d5, [0x3d8, nil]]]]]]]]]]	0x2f39
[0x81b34f15, [0x1e8e, [0x2c23, [0x1d11, [0x1a19, [0x70f, [0x1cb0, [0xc03, [0x25d5, [0x3d8, nil]]]]]]]]]]	0x2f52
[0x2c4a952b, [0x2c23, [0x1d11, [0x1a19, [0x70f, [0x2449, [0x272, nil]]]]]]]	0x1d32
[0x2c4a952b, [0x2c23, [0x1d11, [0x1a19, [0x70f, [0x2449, [0x272, nil]]]]]]]	0x1e6a
[0x2c4a952b, [0x2c23, [0x1d11, [0x1a19, [0x70f, [0x2449, [0x272, nil]]]]]]]	0x1e89
[0x2c4a952b, [0x2c23, [0x1d11, [0x1a19, [0x70f, [0x2449, [0x272, nil]]]]]]]	0x1e8e
[0x2c4a952b, [0x2c23, [0x1d11, [0x1a19, [0x70f, [0x2449, [0x272, nil]]]]]]]	0x1ebf
[0x2c4a952b, [0x2c23, [0x1d11, [0x1a19, [0x70f, [0x2449, [0x272, nil]]]]]]]	0x1ec8
[0x2c4a952b, [0x2c23, [0x1d11, [0x1a19, [0x70f, [0x2449, [0x272, nil]]]]]]]	0x1ef1
[0x2c4a952b, [0x2c23, [0x1d11, [0x1a19, [0x70f, [0x2449, [0x272, nil]]]]]]]	0x1f0d
[0x2c4a952b, [0x2c23, [0x1d11, [0x1a19, [0x70f, [0x2449, [0x272, nil]]]]]]]	0x1f2e
[0x2c4a952b, [0x2c23, [0x1d11, [0x1a19, [0x70f, [0x2449, [0x272, nil]]]]]]]	0x1f33
[0x2c4a952b, [0x2c23, [0x1d11, [0x1a19, [0x70f, [0x2449, [0x272, nil]]]]]]]	0x1f3e
[0x2c4a952b, [0x2c23, [0x1d11, [0x1a19, [0x70f, [0x2449, [0x272, nil]]]]]]]	0x1f6f
[0x2c4a952b, [0x2c23, [0x1d11, [0x1a19, [0x70f, [0x2449, [0x272, nil]]]]]]]	0x1f78
[0x2c4a952b, [0x2c23, [0x1d11, [0x1a19, [0x70f, [0x2449, [0x272, nil]]]]]]]	0x1f83
[0x2c4a952b, [0x2c23, [0x1d11, [0x1a19, [0x70f, [0x2449, [0x272, nil]]]]]]]	0x1f96
[0x2c4a952b, [0x2c23, [0x1d11, [0x1a19, [0x70f, [0x2449, [0x272, nil]]]]]]]	0x1f9b
[0x2c4a952b, [0x2c23, [0x1d11, [0x1a19, [0x70f, [0x2449, [0x272, nil]]]]]]]	0x1fcc
[0x2c4a952b, [0x2c23, [0x1d11, [0x1a19, [0x70f, [0x2449, [0x272, nil]]]]]]]	0x1fd5
[0x2c4a952b, [0x2c23, [0x1d11, [0x1a19, [0x70f, [0x2449, [0x272, nil]]]]]]]	0x3c4ca
[0x2c4a952b, [0x2c23, [0x1d11, [0x1a19, [0x70f, [0x2449, [0x272, nil]]]]]]]	0x3c5a6
[0x81b34f15, [0x1ec8, [0x2c23, [0x1d11, [0x1a19, [0x70f, [0x1cb0, [0xc03, [0x25d5, [0x3d8, nil]]]]]]]]]]	0x2b8b
[0x81b34f15, [0x1ec8, [0x2c23, [0x1d11, [0x1a19, [0x70f, [0x1cb0, [0xc03, [0x25d5, [0x3d8, nil]]]]]]]]]]	0x2b97
[0x2c4a952b, [0x1e6a, [0x2c23, [0x1d11, [0x1a19, [0x70f, [0x2449, [0x272, nil]]]]]]]]	0x2037
[0x2c4a952b, [0x1e6a, [0x2c23, [0x1d11, [0x1a19, [0x70f, [0x2449, [0x272, nil]]]]]]]]	0x2071
[0x2c4a952b, [0x1e6a, [0x2c23, [0x1d11, [0x1a19, [0x70f, [0x2449, [0x272, nil]]]]]]]]	0x3c4ef
[0x2c4a952b, [0x1e6a, [0x2c23, [0x1d11, [0x1a19, [0x70f, [0x2449, [0x272, nil]]]]]]]]	0x3c5cb
[0x81b34f15, [0x2f39, [0x1e8e, [0x2c23, [0x1d11, [0x1a19, [0x70f, [0x1cb0, [0xc03, [0x25d5, [0x3d8, nil]]]]]]]]]]]	0x2b1e
[0x81b34f15, [0x2f39, [0x1e8e, [0x2c23, [0x1d11, [0x1a19, [0x70f, [0x1cb0, [0xc03, [0x25d5, [0x3d8, nil]]]]]]]]]]]	0x2b2b
[0x81b34f15, [0x2b8b, [0x1ec8, [0x2c23, [0x1d11, [0x1a19, [0x70f, [0x1cb0, [0xc03, [0x25d5, [0x3d8, nil]]]]]]]]]]]	0x2728
[0x81b34f15, [0x2b8b, [0x1ec8, [0x2c23, [0x1d11, [0x1a19, [0x70f, [0x1cb0, [0xc03, [0x25d5, [0x3d8, nil]]]]]]]]]]]	0x2733
[0x81b34f15, [0x2b8b, [0x1ec8, [0x2c23, [0x1d11, [0x1a19, [0x70f, [0x1cb0, [0xc03, [0x25d5, [0x3d8, nil]]]]]]]]]]]	0x273d
[0x81b34f15, [0x2b8b, [0x1ec8, [0x2c23, [0x1d11, [0x1a19, [0x70f, [0x1cb0, [0xc03, [0x25d5, [0x3d8, nil]]]]]]]]]]]	0x274d
[0x81b34f15, [0x2b1e, [0x2f39, [0x1e8e, [0x2c23, [0x1d11, [0x1a19, [0x70f, [0x1cb0, [0xc03, [0x25d5, [0x3d8, nil]]]]]]]]]]]]	0x30c8
[0x81b34f15, [0x2728, [0x2b8b, [0x1ec8, [0x2c23, [0x1d11, [0x1a19, [0x70f, [0x1cb0, [0xc03, [0x25d5, [0x3d8, nil]]]]]]]]]]]]	0x3089
[0x2c4a952b, [0x1e8e, [0x2c23, [0x1d11, [0x1a19, [0x70f, [0x2449, [0x272, nil]]]]]]]]	0x2f39
[0x2c4a952b, [0x1e8e, [0x2c23, [0x1d11, [0x1a19, [0x70f, [0x2449, [0x272, nil]]]]]]]]	0x2f52
[0x81b34f15, [0x2733, [0x2b8b, [0x1ec8, [0x2c23, [0x1d11, [0x1a19, [0x70f, [0x1cb0, [0xc03, [0x25d5, [0x3d8, nil]]]]]]]]]]]]	0x30bd
[0x2c4a952b, [0x1ec8, [0x2c23, [0x1d11, [0x1a19, [0x70f, [0x2449, [0x272, nil]]]]]]]]	0x2b8b
[0x2c4a952b, [0x1ec8, [0x2c23, [0x1d11, [0x1a19, [0x70f, [0x2449, [0x272, nil]]]]]]]]	0x2b97
[0xa653d60c, [0xec2, [0x2661, [0x470, nil]]]]	0x2dd9
[0xa653d60c, [0xec2, [0x2661, [0x470, nil]]]]	0x2df2
[0x2c4a952b, [0x2f39, [0x1e8e, [0x2c23, [0x1d11, [0x1a19, [0x70f, [0x2449, [0x272, nil]]]]]]]]]	0x2b1e
[0x2c4a952b, [0x2f39, [0x1e8e, [0x2c23, [0x1d11, [0x1a19, [0x70f, [0x2449, [0x272, nil]]]]]]]]]	0x2b2b
[0x81b34f15, [0x273d, [0x2b8b, [0x1ec8, [0x2c23, [0x1d11, [0x1a19, [0x70f, [0x1cb0, [0xc03, [0x25d5, [0x3d8, nil]]]]]]]]]]]]	0x3143
[0x81b34f15, [0x273d, [0x2b8b, [0x1ec8, [0x2c23, [0x1d11, [0x1a19, [0x70f, [0x1cb0, [0xc03, [0x25d5, [0x3d8, nil]]]]]]]]]]]]	0x3146
[0x81b34f15, [0x273d, [0x2b8b, [0x1ec8, [0x2c23, [0x1d11, [0x1a19, [0x70f, [0x1cb0, [0xc03, [0x25d5, [0x3d8, nil]]]]]]]]]]]]	0x314f
[0x81b34f15, [0x273d, [0x2b8b, [0x1ec8, [0x2c23, [0x1d11, [0x1a19, [0x70f, [0x1cb0, [0xc03, [0x25d5, [0x3d8, nil]]]]]]]]]]]]	0x3161
[0x81b34f15, [0x273d, [0x2b8b, [0x1ec8, [0x2c23, [0x1d11, [0x1a19, [0x70f, [0x1cb0, [0xc03, [0x25d5, [0x3d8, nil]]]]]]]]]]]]	0x316a
[0x81b34f15, [0x273d, [0x2b8b, [0x1ec8, [0x2c23, [0x1d11, [0x1a19, [0x70f, [0x1cb0, [0xc03, [0x25d5, [0x3d8, nil]]]]]]]]]]]]	0x3c517
[0x81b34f15, [0x273d, [0x2b8b, [0x1ec8, [0x2c23, [0x1d11, [0x1a19, [0x70f, [0x1cb0, [0xc03, [0x25d5, [0x3d8, nil]]]]]]]]]]]]	0x3c5f3
[0x2c4a952b, [0x2b8b, [0x1ec8, [0x2c23, [0x1d11, [0x1a19, [0x70f, [0x2449, [0x272, nil]]]]]]]]]	0x2728
[0x2c4a952b, [0x2b8b, [0x1ec8, [0x2c23, [0x1d11, [0x1a19, [0x70f, [0x2449, [0x272, nil]]]]]]]]]	0x2733
[0x2c4a952b, [0x2b8b, [0x1ec8, [0x2c23, [0x1d11, [0x1a19, [0x70f, [0x2449, [0x272, nil]]]]]]]]]	0x273d
[0x2c4a952b, [0x2b8b, [0x1ec8, [0x2c23, [0x1d11, [0x1a19, [0x70f, [0x2449, [0x272, nil]]]]]]]]]	0x274d
[0xa653d60c, [0x2dd9, [0xec2, [0x2661, [0x470, nil]]]]]	0x27d2
[0xa653d60c, [0x2dd9, [0xec2, [0x2661, [0x470, nil]]]]]	0x27df
[0xa653d60c, [0x127f, [0x2661, [0x470, nil]]]]	0x1cb8
[0xa653d60c, [0x127f, [0x2661, [0x470, nil]]]]	0x1d05
[0x2c4a952b, [0x2b1e, [0x2f39, [0x1e8e, [0x2c23, [0x1d11, [0x1a19, [0x70f, [0x2449, [0x272, nil]]]]]]]]]]	0x30c8
[0x2c4a952b, [0x2728, [0x2b8b, [0x1ec8, [0x2c23, [0x1d11, [0x1a19, [0x70f, [0x2449, [0x272, nil]]]]]]]]]]	0x3089
[0xa653d60c, [0x27d2, [0x2dd9, [0xec2, [0x2661, [0x470, nil]]]]]]	0x30c8
[0xa653d60c, [0x1cb8, [0x127f, [0x2661, [0x470, nil]]]]]	0x1de4
[0xa653d60c, [0x1cb8, [0x127f, [0x2661, [0x470, nil]]]]]	0x1e65
[0x2c4a952b, [0x2733, [0x2b8b, [0x1ec8, [0x2c23, [0x1d11, [0x1a19, [0x70f, [0x2449, [0x272, nil]]]]]]]]]]	0x30bd
[0xa653d60c, [0xff0, [0x2661, [0x470, nil]]]]	0x2cf1
[0xa653d60c, [0xff0, [0x2661, [0x470, nil]]]]	0x2d06
[0xa653d60c, [0xff0, [0x2661, [0x470, nil]]]]	0x2d13
[0xa653d60c, [0xff0, [0x2661, [0x470, nil]]]]	0x2d20
[0xa653d60c, [0xff0, [0x2661, [0x470, nil]]]]	0x2d2d
[0xa653d60c, [0xff0, [0x2661, [0x470, nil]]]]	0x2d3a
[0xa653d60c, [0xff0, [0x2661, [0x470, nil]]]]	0x2d47
[0xa653d60c, [0x1de4, [0x1cb8, [0x127f, [0x2661, [0x470, nil]]]]]]	0x2c2b
[0xa653d60c, [0x1de4, [0x1cb8, [0x127f, [0x2661, [0x470, nil]]]]]]	0x2c40
[0xa653d60c, [0x1de4, [0x1cb8, [0x127f, [0x2661, [0x470, nil]]]]]]	0x2c4d
[0xa653d60c, [0xf75, [0x2661, [0x470, nil]]]]	0x2e39
[0xa653d60c, [0xf75, [0x2661, [0x470, nil]]]]	0x2e52
[0x2c4a952b, [0x273d, [0x2b8b, [0x1ec8, [0x2c23, [0x1d11, [0x1a19, [0x70f, [0x2449, [0x272, nil]]]]]]]]]]	0x3143
[0x2c4a952b, [0x273d, [0x2b8b, [0x1ec8, [0x2c23, [0x1d11, [0x1a19, [0x70f, [0x2449, [0x272, nil]]]]]]]]]]	0x3146
[0x2c4a952b, [0x273d, [0x2b8b, [0x1ec8, [0x2c23, [0x1d11, [0x1a19, [0x70f, [0x2449, [0x272, nil]]]]]]]]]]	0x314f
[0x2c4a952b, [0x273d, [0x2b8b, [0x1ec8, [0x2c23, [0x1d11, [0x1a19, [0x70f, [0x2449, [0x272, nil]]]]]]]]]]	0x3161
[0x2c4a952b, [0x273d, [0x2b8b, [0x1ec8, [0x2c23, [0x1d11, [0x1a19, [0x70f, [0x2449, [0x272, nil]]]]]]]]]]	0x316a
[0x2c4a952b, [0x273d, [0x2b8b, [0x1ec8, [0x2c23, [0x1d11, [0x1a19, [0x70f, [0x2449, [0x272, nil]]]]]]]]]]	0x3c517
[0x2c4a952b, [0x273d, [0x2b8b, [0x1ec8, [0x2c23, [0x1d11, [0x1a19, [0x70f, [0x2449, [0x272, nil]]]]]]]]]]	0x3c5f3
[0xa653d60c, [0x2cf1, [0xff0, [0x2661, [0x470, nil]]]]]	0x2702
[0xa653d60c, [0x2cf1, [0xff0, [0x2661, [0x470, nil]]]]]	0x270b
[0xa653d60c, [0x2c2b, [0x1de4, [0x1cb8, [0x127f, [0x2661, [0x470, nil]]]]]]]	0x2686
[0xa653d60c, [0x2c2b, [0x1de4, [0x1cb8, [0x127f, [0x2661, [0x470, nil]]]]]]]	0x268f
[0xa653d60c, [0x2e39, [0xf75, [0x2661, [0x470, nil]]]]]	0x28d2
[0xa653d60c, [0x2e39, [0xf75, [0x2661, [0x470, nil]]]]]	0x28df
[0xa653d60c, [0x2702, [0x2cf1, [0xff0, [0x2661, [0x470, nil]]]]]]	0x3102
[0xa653d60c, [0x2686, [0x2c2b, [0x1de4, [0x1cb8, [0x127f, [0x2661, [0x470, nil]]]]]]]]	0x30e4
[0xa653d60c, [0x2686, [0x2c2b, [0x1de4, [0x1cb8, [0x127f, [0x2661, [0x470, nil]]]]]]]]	0x30ef
[0xa653d60c, [0x28d2, [0x2e39, [0xf75, [0x2661, [0x470, nil]]]]]]	0x30c8
[0xa653d60c, [0x30e4, [0x2686, [0x2c2b, [0x1de4, [0x1cb8, [0x127f, [0x2661, [0x470, nil]]]]]]]]]	0x310c
[0x81b34f15, [0x1f3e, [0x2c23, [0x1d11, [0x1a19, [0x70f, [0x1cb0, [0xc03, [0x25d5, [0x3d8, nil]]]]]]]]]]	0x2e59
[0x81b34f15, [0x1f3e, [0x2c23, [0x1d11, [0x1a19, [0x70f, [0x1cb0, [0xc03, [0x25d5, [0x3d8, nil]]]]]]]]]]	0x2e72
[0xa653d60c, [0x2d06, [0xff0, [0x2661, [0x470, nil]]]]]	0x2b6d
[0xa653d60c, [0x2d06, [0xff0, [0x2661, [0x470, nil]]]]]	0x2b76
[0x81b34f15, [0x1f83, [0x2c23, [0x1d11, [0x1a19, [0x70f, [0x1cb0, [0xc03, [0x25d5, [0x3d8, nil]]]]]]]]]]	0x24c1
[0x81b34f15, [0x1f83, [0x2c23, [0x1d11, [0x1a19, [0x70f, [0x1cb0, [0xc03, [0x25d5, [0x3d8, nil]]]]]]]]]]	0x24cf
[0x81b34f15, [0x1f83, [0x2c23, [0x1d11, [0x1a19, [0x70f, [0x1cb0, [0xc03, [0x25d5, [0x3d8, nil]]]]]]]]]]	0x24d3
[0x81b34f15, [0x1f83, [0x2c23, [0x1d11, [0x1a19, [0x70f, [0x1cb0, [0xc03, [0x25d5, [0x3d8, nil]]]]]]]]]]	0x24e1
[0x81b34f15, [0x2e59, [0x1f3e, [0x2c23, [0x1d11, [0x1a19, [0x70f, [0x1cb0, [0xc03, [0x25d5, [0x3d8, nil]]]]]]]]]]]	0x2912
[0x81b34f15, [0x2e59, [0x1f3e, [0x2c23, [0x1d11, [0x1a19, [0x70f, [0x1cb0, [0xc03, [0x25d5, [0x3d8, nil]]]]]]]]]]]	0x291f
[0xa653d60c, [0x2b6d, [0x2d06, [0xff0, [0x2661, [0x470, nil]]]]]]	0x312c
[0x81b34f15, [0x24d3, [0x1f83, [0x2c23, [0x1d11, [0x1a19, [0x70f, [0x1cb0, [0xc03, [0x25d5, [0x3d8, nil]]]]]]]]]]]	0x2220
[0x81b34f15, [0x24d3, [0x1f83, [0x2c23, [0x1d11, [0x1a19, [0x70f, [0x1cb0, [0xc03, [0x25d5, [0x3d8, nil]]]]]]]]]]]	0x222f
[0xa653d60c, [0x2c40, [0x1de4, [0x1cb8, [0x127f, [0x2661, [0x470, nil]]]]]]]	0x2b6d
[0xa653d60c, [0x2c40, [0x1de4, [0x1cb8, [0x127f, [0x2661, [0x470, nil]]]]]]]	0x2b76
[0x81b34f15, [0x2912, [0x2e59, [0x1f3e, [0x2c23, [0x1d11, [0x1a19, [0x70f, [0x1cb0, [0xc03, [0x25d5, [0x3d8, nil]]]]]]]]]]]]	0x30c8
[0x81b34f15, [0x719, [0x1cb0, [0xc03, [0x25d5, [0x3d8, nil]]]]]]	0x2f74
[0x81b34f15, [0x719, [0x1cb0, [0xc03, [0x25d5, [0x3d8, nil]]]]]]	0x2f89
[0x81b34f15, [0x719, [0x1cb0, [0xc03, [0x25d5, [0x3d8, nil]]]]]]	0x2f96
[0x81b34f15, [0x2220, [0x24d3, [0x1f83, [0x2c23, [0x1d11, [0x1a19, [0x70f, [0x1cb0, [0xc03, [0x25d5, [0x3d8, nil]]]]]]]]]]]]	0x31a8
[0x81b34f15, [0x2220, [0x24d3, [0x1f83, [0x2c23, [0x1d11, [0x1a19, [0x70f, [0x1cb0, [0xc03, [0x25d5, [0x3d8, nil]]]]]]]]]]]]	0x31b1
[0x81b34f15, [0x2220, [0x24d3, [0x1f83, [0x2c23, [0x1d11, [0x1a19, [0x70f, [0x1cb0, [0xc03, [0x25d5, [0x3d8, nil]]]]]]]]]]]]	0x31b8
[0x81b34f15, [0x2220, [0x24d3, [0x1f83, [0x2c23, [0x1d11, [0x1a19, [0x70f, [0x1cb0, [0xc03, [0x25d5, [0x3d8, nil]]]]]]]]]]]]	0x31bc
[0xa653d60c, [0x2d13, [0xff0, [0x2661, [0x470, nil]]]]]	0x2686
[0xa653d60c, [0x2d13, [0xff0, [0x2661, [0x470, nil]]]]]	0x268f
[0x2c4a952b, [0x1f3e, [0x2c23, [0x1d11, [0x1a19, [0x70f, [0x2449, [0x272, nil]]]]]]]]	0x2e59
[0x2c4a952b, [0x1f3e, [0x2c23, [0x1d11, [0x1a19, [0x70f, [0x2449, [0x272, nil]]]]]]]]	0x2e72
[0xa653d60c, [0x2b6d, [0x2c40, [0x1de4, [0x1cb8, [0x127f, [0x2661, [0x470, nil]]]]]]]]	0x312c
[0x2c4a952b, [0x1f83, [0x2c23, [0x1d11, [0x1a19, [0x70f, [0x2449, [0x272, nil]]]]]]]]	0x24c1
[0x2c4a952b, [0x1f83, [0x2c23, [0x1d11, [0x1a19, [0x70f, [0x2449, [0x272, nil]]]]]]]]	0x24cf
[0x2c4a952b, [0x1f83, [0x2c23, [0x1d11, [0x1a19, [0x70f, [0x2449, [0x272, nil]]]]]]]]	0x24d3
[0x2c4a952b, [0x1f83, [0x2c23, [0x1d11, [0x1a19, [0x70f, [0x2449, [0x272, nil]]]]]]]]	0x24e1
[0x81b34f15, [0x31a8, [0x2220, [0x24d3, [0x1f83, [0x2c23, [0x1d11, [0x1a19, [0x70f, [0x1cb0, [0xc03, [0x25d5, [0x3d8, nil]]]]]]]]]]]]]	0x30f6
[0x81b34f15, [0x2f74, [0x719, [0x1cb0, [0xc03, [0x25d5, [0x3d8, nil]]]]]]]	0x2b6d
[0x81b34f15, [0x2f74, [0x719, [0x1cb0, [0xc03, [0x25d5, [0x3d8, nil]]]]]]]	0x2b76
[0xa653d60c, [0x2686, [0x2d13, [0xff0, [0x2661, [0x470, nil]]]]]]	0x30e4
[0xa653d60c, [0x2686, [0x2d13, [0xff0, [0x2661, [0x470, nil]]]]]]	0x30ef
[0x2c4a952b, [0x2e59, [0x1f3e, [0x2c23, [0x1d11, [0x1a19, [0x70f, [0x2449, [0x272, nil]]]]]]]]]	0x2912
[0x2c4a952b, [0x2e59, [0x1f3e, [0x2c23, [0x1d11, [0x1a19, [0x70f, [0x2449, [0x272, nil]]]]]]]]]	0x291f
[0x2c4a952b, [0x24d3, [0x1f83, [0x2c23, [0x1d11, [0x1a19, [0x70f, [0x2449, [0x272, nil]]]]]]]]]	0x2220
[0x2c4a952b, [0x24d3, [0x1f83, [0x2c23, [0x1d11, [0x1a19, [0x70f, [0x2449, [0x272, nil]]]]]]]]]	0x222f
[0x81b34f15, [0x2b6d, [0x2f74, [0x719, [0x1cb0, [0xc03, [0x25d5, [0x3d8, nil]]]]]]]]	0x312c
[0xa653d60c, [0x30e4, [0x2686, [0x2d13, [0xff0, [0x2661, [0x470, nil]]]]]]]	0x310c
[0x2c4a952b, [0x2912, [0x2e59, [0x1f3e, [0x2c23, [0x1d11, [0x1a19, [0x70f, [0x2449, [0x272, nil]]]]]]]]]]	0x30c8
[0x2c4a952b, [0x719, [0x2449, [0x272, nil]]]]	0x2f74
[0x2c4a952b, [0x719, [0x2449, [0x272, nil]]]]	0x2f89
[0x2c4a952b, [0x719, [0x2449, [0x272, nil]]]]	0x2f96
[0x2c4a952b, [0x2220, [0x24d3, [0x1f83, [0x2c23, [0x1d11, [0x1a19, [0x70f, [0x2449, [0x272, nil]]]]]]]]]]	0x31a8
[0x2c4a952b, [0x2220, [0x24d3, [0x1f83, [0x2c23, [0x1d11, [0x1a19, [0x70f, [0x2449, [0x272, nil]]]]]]]]]]	0x31b1
[0x2c4a952b, [0x2220, [0x24d3, [0x1f83, [0x2c23, [0x1d11, [0x1a19, [0x70f, [0x2449, [0x272, nil]]]]]]]]]]	0x31b8
[0x2c4a952b, [0x2220, [0x24d3, [0x1f83, [0x2c23, [0x1d11, [0x1a19, [0x70f, [0x2449, [0x272, nil]]]]]]]]]]	0x31bc
[0xa653d60c, [0x2c4d, [0x1de4, [0x1cb8, [0x127f, [0x2661, [0x470, nil]]]]]]]	0x1e03
[0xa653d60c, [0x2c4d, [0x1de4, [0x1cb8, [0x127f, [0x2661, [0x470, nil]]]]]]]	0x1e6a
[0xa653d60c, [0x2c4d, [0x1de4, [0x1cb8, [0x127f, [0x2661, [0x470, nil]]]]]]]	0x1e89
[0xa653d60c, [0x2c4d, [0x1de4, [0x1cb8, [0x127f, [0x2661, [0x470, nil]]]]]]]	0x1e8e
[0xa653d60c, [0x2c4d, [0x1de4, [0x1cb8, [0x127f, [0x2661, [0x470, nil]]]]]]]	0x1ebf
[0xa653d60c, [0x2c4d, [0x1de4, [0x1cb8, [0x127f, [0x2661, [0x470, nil]]]]]]]	0x1ec8
[0xa653d60c, [0x2c4d, [0x1de4, [0x1cb8, [0x127f, [0x2661, [0x470, nil]]]]]]]	0x1ef1
[0xa653d60c, [0x2c4d, [0x1de4, [0x1cb8, [0x127f, [0x2661, [0x470, nil]]]]]]]	0x1f0d
[0xa653d60c, [0x2c4d, [0x1de4, [0x1cb8, [0x127f, [0x2661, [0x470, nil]]]]]]]	0x1f2e
[0xa653d60c, [0x2c4d, [0x1de4, [0x1cb8, [0x127f, [0x2661, [0x470, nil]]]]]]]	0x1f33
[0xa653d60c, [0x2c4d, [0x1de4, [0x1cb8, [0x127f, [0x2661, [0x470, nil]]]]]]]	0x1f3e
[0xa653d60c, [0x2c4d, [0x1de4, [0x1cb8, [0x127f, [0x2661, [0x470, nil]]]]]]]	0x1f6f
[0xa653d60c, [0x2c4d, [0x1de4, [0x1cb8, [0x127f, [0x2661, [0x470, nil]]]]]]]	0x1f78
[0xa653d60c, [0x2c4d, [0x1de4, [0x1cb8, [0x127f, [0x2661, [0x470, nil]]]]]]]	0x1f83
[0xa653d60c, [0x2c4d, [0x1de4, [0x1cb8, [0x127f, [0x2661, [0x470, nil]]]]]]]	0x1f96
[0xa653d60c, [0x2c4d, [0x1de4, [0x1cb8, [0x127f, [0x2661, [0x470, nil]]]]]]]	0x1f9b
[0xa653d60c, [0x2c4d, [0x1de4, [0x1cb8, [0x127f, [0x2661, [0x470, nil]]]]]]]	0x1fcc
[0xa653d60c, [0x2c4d, [0x1de4, [0x1cb8, [0x127f, [0x2661, [0x470, nil]]]]]]]	0x1fd5
[0xa653d60c, [0x2c4d, [0x1de4, [0x1cb8, [0x127f, [0x2661, [0x470, nil]]]]]]]	0x3c4ca
[0xa653d60c, [0x2c4d, [0x1de4, [0x1cb8, [0x127f, [0x2661, [0x470, nil]]]]]]]	0x3c5a6
[0x81b34f15, [0x2f89, [0x719, [0x1cb0, [0xc03, [0x25d5, [0x3d8, nil]]]]]]]	0x2b6d
[0x81b34f15, [0x2f89, [0x719, [0x1cb0, [0xc03, [0x25d5, [0x3d8, nil]]]]]]]	0x2b76
[0x2c4a952b, [0x31a8, [0x2220, [0x24d3, [0x1f83, [0x2c23, [0x1d11, [0x1a19, [0x70f, [0x2449, [0x272, nil]]]]]]]]]]]	0x30f6
[0x2c4a952b, [0x2f74, [0x719, [0x2449, [0x272, nil]]]]]	0x2b6d
[0x2c4a952b, [0x2f74, [0x719, [0x2449, [0x272, nil]]]]]	0x2b76
[0xa653d60c, [0x1e6a, [0x2c4d, [0x1de4, [0x1cb8, [0x127f, [0x2661, [0x470, nil]]]]]]]]	0x2037
[0xa653d60c, [0x1e6a, [0x2c4d, [0x1de4, [0x1cb8, [0x127f, [0x2661, [0x470, nil]]]]]]]]	0x2071
[0xa653d60c, [0x1e6a, [0x2c4d, [0x1de4, [0x1cb8, [0x127f, [0x2661, [0x470, nil]]]]]]]]	0x3c4ef
[0xa653d60c, [0x1e6a, [0x2c4d, [0x1de4, [0x1cb8, [0x127f, [0x2661, [0x470, nil]]]]]]]]	0x3c5cb
[0xa653d60c, [0x2d20, [0xff0, [0x2661, [0x470, nil]]]]]	0x2b6d
[0xa653d60c, [0x2d20, [0xff0, [0x2661, [0x470, nil]]]]]	0x2b76
[0x81b34f15, [0x1f9b, [0x2c23, [0x1d11, [0x1a19, [0x70f, [0x1cb0, [0xc03, [0x25d5, [0x3d8, nil]]]]]]]]]]	0x2ef9
[0x81b34f15, [0x1f9b, [0x2c23, [0x1d11, [0x1a19, [0x70f, [0x1cb0, [0xc03, [0x25d5, [0x3d8, nil]]]]]]]]]]	0x2f12
[0x81b34f15, [0x2b6d, [0x2f89, [0x719, [0x1cb0, [0xc03, [0x25d5, [0x3d8, nil]]]]]]]]	0x312c
[0x2c4a952b, [0x2b6d, [0x2f74, [0x719, [0x2449, [0x272, nil]]]]]]	0x312c
[0xa653d60c, [0x2b6d, [0x2d20, [0xff0, [0x2661, [0x470, nil]]]]]]	0x312c
[0x81b34f15, [0x2ef9, [0x1f9b, [0x2c23, [0x1d11, [0x1a19, [0x70f, [0x1cb0, [0xc03, [0x25d5, [0x3d8, nil]]]]]]]]]]]	0x2a78
[0x81b34f15, [0x2ef9, [0x1f9b, [0x2c23, [0x1d11, [0x1a19, [0x70f, [0x1cb0, [0xc03, [0x25d5, [0x3d8, nil]]]]]]]]]]]	0x2a85
[0xa653d60c, [0x1e8e, [0x2c4d, [0x1de4, [0x1cb8, [0x127f, [0x2661, [0x470, nil]]]]]]]]	0x2f39
[0xa653d60c, [0x1e8e, [0x2c4d, [0x1de4, [0x1cb8, [0x127f, [0x2661, [0x470, nil]]]]]]]]	0x2f52
[0xa653d60c, [0x1ec8, [0x2c4d, [0x1de4, [0x1cb8, [0x127f, [0x2661, [0x470, nil]]]]]]]]	0x2b8b
[0xa653d60c, [0x1ec8, [0x2c4d, [0x1de4, [0x1cb8, [0x127f, [0x2661, [0x470, nil]]]]]]]]	0x2b97
[0x2c4a952b, [0x2f89, [0x719, [0x2449, [0x272, nil]]]]]	0x2b6d
[0x2c4a952b, [0x2f89, [0x719, [0x2449, [0x272, nil]]]]]	0x2b76
[0x81b34f15, [0x2a78, [0x2ef9, [0x1f9b, [0x2c23, [0x1d11, [0x1a19, [0x70f, [0x1cb0, [0xc03, [0x25d5, [0x3d8, nil]]]]]]]]]]]]	0x30c8
[0xa653d60c, [0x2d2d, [0xff0, [0x2661, [0x470, nil]]]]]	0x2b6d
[0xa653d60c, [0x2d2d, [0xff0, [0x2661, [0x470, nil]]]]]	0x2b76
[0xa653d60c, [0x2f39, [0x1e8e, [0x2c4d, [0x1de4, [0x1cb8, [0x127f, [0x2661, [0x470, nil]]]]]]]]]	0x2b1e
[0xa653d60c, [0x2f39, [0x1e8e, [0x2c4d, [0x1de4, [0x1cb8, [0x127f, [0x2661, [0x470, nil]]]]]]]]]	0x2b2b
[0xa653d60c, [0x2b8b, [0x1ec8, [0x2c4d, [0x1de4, [0x1cb8, [0x127f, [0x2661, [0x470, nil]]]]]]]]]	0x2728
[0xa653d60c, [0x2b8b, [0x1ec8, [0x2c4d, [0x1de4, [0x1cb8, [0x127f, [0x2661, [0x470, nil]]]]]]]]]	0x2733
[0xa653d60c, [0x2b8b, [0x1ec8, [0x2c4d, [0x1de4, [0x1cb8, [0x127f, [0x2661, [0x470, nil]]]]]]]]]	0x273d
[0xa653d60c, [0x2b8b, [0x1ec8, [0x2c4d, [0x1de4, [0x1cb8, [0x127f, [0x2661, [0x470, nil]]]]]]]]]	0x274d
[0x2c4a952b, [0x1f9b, [0x2c23, [0x1d11, [0x1a19, [0x70f, [0x2449, [0x272, nil]]]]]]]]	0x2ef9
[0x2c4a952b, [0x1f9b, [0x2c23, [0x1d11, [0x1a19, [0x70f, [0x2449, [0x272, nil]]]]]]]]	0x2f12
[0x2c4a952b, [0x2b6d, [0x2f89, [0x719, [0x2449, [0x272, nil]]]]]]	0x312c
[0xa653d60c, [0x2b6d, [0x2d2d, [0xff0, [0x2661, [0x470, nil]]]]]]	0x312c
[0x81b34f15, [0x3f2, nil]]	0x2f59
[0x81b34f15, [0x3f2, nil]]	0x2f6e
[0xa653d60c, [0x2b1e, [0x2f39, [0x1e8e, [0x2c4d, [0x1de4, [0x1cb8, [0x127f, [0x2661, [0x470, nil]]]]]]]]]]	0x30c8
[0xa653d60c, [0x2728, [0x2b8b, [0x1ec8, [0x2c4d, [0x1de4, [0x1cb8, [0x127f, [0x2661, [0x470, nil]]]]]]]]]]	0x3089
[0x2c4a952b, [0x2ef9, [0x1f9b, [0x2c23, [0x1d11, [0x1a19, [0x70f, [0x2449, [0x272, nil]]]]]]]]]	0x2a78
[0x2c4a952b, [0x2ef9, [0x1f9b, [0x2c23, [0x1d11, [0x1a19, [0x70f, [0x2449, [0x272, nil]]]]]]]]]	0x2a85
[0x81b34f15, [0x2f59, [0x3f2, nil]]]	0x2b6d
[0x81b34f15, [0x2f59, [0x3f2, nil]]]	0x2b76
[0xa653d60c, [0x2733, [0x2b8b, [0x1ec8, [0x2c4d, [0x1de4, [0x1cb8, [0x127f, [0x2661, [0x470, nil]]]]]]]]]]	0x30bd
[0x2c4a952b, [0x2a78, [0x2ef9, [0x1f9b, [0x2c23, [0x1d11, [0x1a19, [0x70f, [0x2449, [0x272, nil]]]]]]]]]]	0x30c8
[0xa653d60c, [0x2d3a, [0xff0, [0x2661, [0x470, nil]]]]]	0x2686
[0xa653d60c, [0x2d3a, [0xff0, [0x2661, [0x470, nil]]]]]	0x268f
[0x81b34f15, [0x2b6d, [0x2f59, [0x3f2, nil]]]]	0x312c
[0x2c4a952b, [0x28c, nil]]	0x2f59
[0x2c4a952b, [0x28c, nil]]	0x2f6e
[0xa653d60c, [0x273d, [0x2b8b, [0x1ec8, [0x2c4d, [0x1de4, [0x1cb8, [0x127f, [0x2661, [0x470, nil]]]]]]]]]]	0x3143
[0xa653d60c, [0x273d, [0x2b8b, [0x1ec8, [0x2c4d, [0x1de4, [0x1cb8, [0x127f, [0x2661, [0x470, nil]]]]]]]]]]	0x3146
[0xa653d60c, [0x273d, [0x2b8b, [0x1ec8, [0x2c4d, [0x1de4, [0x1cb8, [0x127f, [0x2661, [0x470, nil]]]]]]]]]]	0x314f
[0xa653d60c, [0x273d, [0x2b8b, [0x1ec8, [0x2c4d, [0x1de4, [0x1cb8, [0x127f, [0x2661, [0x470, nil]]]]]]]]]]	0x3161
[0xa653d60c, [0x273d, [0x2b8b, [0x1ec8, [0x2c4d, [0x1de4, [0x1cb8, [0x127f, [0x2661, [0x470, nil]]]]]]]]]]	0x316a
[0xa653d60c, [0x273d, [0x2b8b, [0x1ec8, [0x2c4d, [0x1de4, [0x1cb8, [0x127f, [0x2661, [0x470, nil]]]]]]]]]]	0x3c517
[0xa653d60c, [0x273d, [0x2b8b, [0x1ec8, [0x2c4d, [0x1de4, [0x1cb8, [0x127f, [0x2661, [0x470, nil]]]]]]]]]]	0x3c5f3
[0xa653d60c, [0x2686, [0x2d3a, [0xff0, [0x2661, [0x470, nil]]]]]]	0x30e4
[0xa653d60c, [0x2686, [0x2d3a, [0xff0, [0x2661, [0x470, nil]]]]]]	0x30ef
[0x2c4a952b, [0x2f59, [0x28c, nil]]]	0x2b6d
[0x2c4a952b, [0x2f59, [0x28c, nil]]]	0x2b76
[0xa653d60c, [0x30e4, [0x2686, [0x2d3a, [0xff0, [0x2661, [0x470, nil]]]]]]]	0x310c
[0x2c4a952b, [0x2b6d, [0x2f59, [0x28c, nil]]]]	0x312c
[0xa653d60c, [0x1011, [0x2661, [0x470, nil]]]]	0x2ba2
[0xa653d60c, [0x1011, [0x2661, [0x470, nil]]]]	0x2bad
[0xa653d60c, [0x1011, [0x2661, [0x470, nil]]]]	0x2bb9
[0xa653d60c, [0x1011, [0x2661, [0x470, nil]]]]	0x2bc9
[0xa653d60c, [0x2ba2, [0x1011, [0x2661, [0x470, nil]]]]]	0x2812
[0xa653d60c, [0x2ba2, [0x1011, [0x2661, [0x470, nil]]]]]	0x281f
[0xa653d60c, [0x1f3e, [0x2c4d, [0x1de4, [0x1cb8, [0x127f, [0x2661, [0x470, nil]]]]]]]]	0x2e59
[0xa653d60c, [0x1f3e, [0x2c4d, [0x1de4, [0x1cb8, [0x127f, [0x2661, [0x470, nil]]]]]]]]	0x2e72
[0xa653d60c, [0x1f83, [0x2c4d, [0x1de4, [0x1cb8, [0x127f, [0x2661, [0x470, nil]]]]]]]]	0x24c1
[0xa653d60c, [0x1f83, [0x2c4d, [0x1de4, [0x1cb8, [0x127f, [0x2661, [0x470, nil]]]]]]]]	0x24cf
[0xa653d60c, [0x1f83, [0x2c4d, [0x1de4, [0x1cb8, [0x127f, [0x2661, [0x470, nil]]]]]]]]	0x24d3
[0xa653d60c, [0x1f83, [0x2c4d, [0x1de4, [0x1cb8, [0x127f, [0x2661, [0x470, nil]]]]]]]]	0x24e1
[0xa653d60c, [0x2812, [0x2ba2, [0x1011, [0x2661, [0x470, nil]]]]]]	0x30d9
[0xa653d60c, [0x2e59, [0x1f3e, [0x2c4d, [0x1de4, [0x1cb8, [0x127f, [0x2661, [0x470, nil]]]]]]]]]	0x2912
[0xa653d60c, [0x2e59, [0x1f3e, [0x2c4d, [0x1de4, [0x1cb8, [0x127f, [0x2661, [0x470, nil]]]]]]]]]	0x291f
[0xa653d60c, [0x24d3, [0x1f83, [0x2c4d, [0x1de4, [0x1cb8, [0x127f, [0x2661, [0x470, nil]]]]]]]]]	0x2220
[0xa653d60c, [0x24d3, [0x1f83, [0x2c4d, [0x1de4, [0x1cb8, [0x127f, [0x2661, [0x470, nil]]]]]]]]]	0x222f
[0xa653d60c, [0x2912, [0x2e59, [0x1f3e, [0x2c4d, [0x1de4, [0x1cb8, [0x127f, [0x2661, [0x470, nil]]]]]]]]]]	0x30c8
[0xa653d60c, [0x2bad, [0x1011, [0x2661, [0x470, nil]]]]]	0x2711
[0xa653d60c, [0x2bad, [0x1011, [0x2661, [0x470, nil]]]]]	0x2722
[0xa653d60c, [0x12f0, [0x2661, [0x470, nil]]]]	0x2f59
[0xa653d60c, [0x12f0, [0x2661, [0x470, nil]]]]	0x2f6e
[0xa653d60c, [0x2220, [0x24d3, [0x1f83, [0x2c4d, [0x1de4, [0x1cb8, [0x127f, [0x2661, [0x470, nil]]]]]]]]]]	0x31a8
[0xa653d60c, [0x2220, [0x24d3, [0x1f83, [0x2c4d, [0x1de4, [0x1cb8, [0x127f, [0x2661, [0x470, nil]]]]]]]]]]	0x31b1
[0xa653d60c, [0x2220, [0x24d3, [0x1f83, [0x2c4d, [0x1de4, [0x1cb8, [0x127f, [0x2661, [0x470, nil]]]]]]]]]]	0x31b8
[0xa653d60c, [0x2220, [0x24d3, [0x1f83, [0x2c4d, [0x1de4, [0x1cb8, [0x127f, [0x2661, [0x470, nil]]]]]]]]]]	0x31bc
[0xa653d60c, [0x2711, [0x2bad, [0x1011, [0x2661, [0x470, nil]]]]]]	0x3102
[0xa653d60c, [0x31a8, [0x2220, [0x24d3, [0x1f83, [0x2c4d, [0x1de4, [0x1cb8, [0x127f, [0x2661, [0x470, nil]]]]]]]]]]]	0x30f6
[0xa653d60c, [0x2f59, [0x12f0, [0x2661, [0x470, nil]]]]]	0x2b6d
[0xa653d60c, [0x2f59, [0x12f0, [0x2661, [0x470, nil]]]]]	0x2b76
[0xa653d60c, [0x2b6d, [0x2f59, [0x12f0, [0x2661, [0x470, nil]]]]]]	0x312c
[0xa653d60c, [0x3102, [0x2711, [0x2bad, [0x1011, [0x2661, [0x470, nil]]]]]]]	0x271d
[0xa653d60c, [0x3102, [0x2711, [0x2bad, [0x1011, [0x2661, [0x470, nil]]]]]]]	0x3176
[0xa653d60c, [0x2bb9, [0x1011, [0x2661, [0x470, nil]]]]]	0x2711
[0xa653d60c, [0x2bb9, [0x1011, [0x2661, [0x470, nil]]]]]	0x2722
[0xa653d60c, [0x1f9b, [0x2c4d, [0x1de4, [0x1cb8, [0x127f, [0x2661, [0x470, nil]]]]]]]]	0x2ef9
[0xa653d60c, [0x1f9b, [0x2c4d, [0x1de4, [0x1cb8, [0x127f, [0x2661, [0x470, nil]]]]]]]]	0x2f12
[0xa653d60c, [0x2711, [0x2bb9, [0x1011, [0x2661, [0x470, nil]]]]]]	0x3102
[0xa653d60c, [0x2ef9, [0x1f9b, [0x2c4d, [0x1de4, [0x1cb8, [0x127f, [0x2661, [0x470, nil]]]]]]]]]	0x2a78
[0xa653d60c, [0x2ef9, [0x1f9b, [0x2c4d, [0x1de4, [0x1cb8, [0x127f, [0x2661, [0x470, nil]]]]]]]]]	0x2a85
[0xa653d60c, [0x2a78, [0x2ef9, [0x1f9b, [0x2c4d, [0x1de4, [0x1cb8, [0x127f, [0x2661, [0x470, nil]]]]]]]]]]	0x30c8
[0xa653d60c, [0x3102, [0x2711, [0x2bb9, [0x1011, [0x2661, [0x470, nil]]]]]]]	0x271d
[0xa653d60c, [0x3102, [0x2711, [0x2bb9, [0x1011, [0x2661, [0x470, nil]]]]]]]	0x3176
[0xa653d60c, [0x1099, [0x2661, [0x470, nil]]]]	0x2d52
[0xa653d60c, [0x1099, [0x2661, [0x470, nil]]]]	0x2d67
[0xa653d60c, [0x1099, [0x2661, [0x470, nil]]]]	0x2d74
[0xa653d60c, [0x1099, [0x2661, [0x470, nil]]]]	0x2d81
[0xa653d60c, [0x1099, [0x2661, [0x470, nil]]]]	0x2d8e
[0xa653d60c, [0x2d52, [0x1099, [0x2661, [0x470, nil]]]]]	0x2702
[0xa653d60c, [0x2d52, [0x1099, [0x2661, [0x470, nil]]]]]	0x270b
[0xa653d60c, [0x2702, [0x2d52, [0x1099, [0x2661, [0x470, nil]]]]]]	0x3102
[0xa653d60c, [0x2d67, [0x1099, [0x2661, [0x470, nil]]]]]	0x2b7c
[0xa653d60c, [0x2d67, [0x1099, [0x2661, [0x470, nil]]]]]	0x2b85
[0xa653d60c, [0x2b7c, [0x2d67, [0x1099, [0x2661, [0x470, nil]]]]]]	0x3136
[0xa653d60c, [0x2d74, [0x1099, [0x2661, [0x470, nil]]]]]	0x2702
[0xa653d60c, [0x2d74, [0x1099, [0x2661, [0x470, nil]]]]]	0x270b
[0xa653d60c, [0x2702, [0x2d74, [0x1099, [0x2661, [0x470, nil]]]]]]	0x3102
[0xa653d60c, [0x2d81, [0x1099, [0x2661, [0x470, nil]]]]]	0x2702
[0xa653d60c, [0x2d81, [0x1099, [0x2661, [0x470, nil]]]]]	0x270b
[0xa653d60c, [0x2702, [0x2d81, [0x1099, [0x2661, [0x470, nil]]]]]]	0x3102
[0xa653d60c, [0x1126, [0x2661, [0x470, nil]]]]	0x2db9
[0xa653d60c, [0x1126, [0x2661, [0x470, nil]]]]	0x2dd2
[0xa653d60c, [0x11ab, [0x2661, [0x470, nil]]]]	0x2e99
[0xa653d60c, [0x11ab, [0x2661, [0x470, nil]]]]	0x2eb2
[0xa653d60c, [0x2db9, [0x1126, [0x2661, [0x470, nil]]]]]	0x2792
[0xa653d60c, [0x2db9, [0x1126, [0x2661, [0x470, nil]]]]]	0x279f
[0xa653d60c, [0x11e5, [0x2661, [0x470, nil]]]]	0x11f3
[0xa653d60c, [0x11e5, [0x2661, [0x470, nil]]]]	0x11f4
[0xa653d60c, [0x11e5, [0x2661, [0x470, nil]]]]	0x1b6b
[0xa653d60c, [0x11e5, [0x2661, [0x470, nil]]]]	0x1bbf
[0xa653d60c, [0x11e5, [0x2661, [0x470, nil]]]]	0x1c4d
[0xa653d60c, [0x2792, [0x2db9, [0x1126, [0x2661, [0x470, nil]]]]]]	0x30c8
[0xa653d60c, [0x2e99, [0x11ab, [0x2661, [0x470, nil]]]]]	0x2992
[0xa653d60c, [0x2e99, [0x11ab, [0x2661, [0x470, nil]]]]]	0x299f
[0xa653d60c, [0x1b6b, [0x11e5, [0x2661, [0x470, nil]]]]]	0x1d9a
[0xa653d60c, [0x1b6b, [0x11e5, [0x2661, [0x470, nil]]]]]	0x1ddc
[0xa653d60c, [0x2992, [0x2e99, [0x11ab, [0x2661, [0x470, nil]]]]]]	0x30c8
[0xa653d60c, [0x1d9a, [0x1b6b, [0x11e5, [0x2661, [0x470, nil]]]]]]	0x1fdc
[0xa653d60c, [0x1d9a, [0x1b6b, [0x11e5, [0x2661, [0x470, nil]]]]]]	0x1fe9
[0xa653d60c, [0x1d9a, [0x1b6b, [0x11e5, [0x2661, [0x470, nil]]]]]]	0x201b
[0xa653d60c, [0x1d9a, [0x1b6b, [0x11e5, [0x2661, [0x470, nil]]]]]]	0x2024
[0xa653d60c, [0x1fe9, [0x1d9a, [0x1b6b, [0x11e5, [0x2661, [0x470, nil]]]]]]]	0x2d97
[0xa653d60c, [0x1fe9, [0x1d9a, [0x1b6b, [0x11e5, [0x2661, [0x470, nil]]]]]]]	0x2db1
[0xa653d60c, [0x2d97, [0x1fe9, [0x1d9a, [0x1b6b, [0x11e5, [0x2661, [0x470, nil]]]]]]]]	0x2759
[0xa653d60c, [0x2d97, [0x1fe9, [0x1d9a, [0x1b6b, [0x11e5, [0x2661, [0x470, nil]]]]]]]]	0x2764
[0xa653d60c, [0x2d97, [0x1fe9, [0x1d9a, [0x1b6b, [0x11e5, [0x2661, [0x470, nil]]]]]]]]	0x276e
[0xa653d60c, [0x2d97, [0x1fe9, [0x1d9a, [0x1b6b, [0x11e5, [0x2661, [0x470, nil]]]]]]]]	0x277e
[0xa653d60c, [0x2d97, [0x1fe9, [0x1d9a, [0x1b6b, [0x11e5, [0x2661, [0x470, nil]]]]]]]]	0x2787
[0xa653d60c, [0x1bbf, [0x11e5, [0x2661, [0x470, nil]]]]]	0x2f74
[0xa653d60c, [0x1bbf, [0x11e5, [0x2661, [0x470, nil]]]]]	0x2f89
[0xa653d60c, [0x1bbf, [0x11e5, [0x2661, [0x470, nil]]]]]	0x2f96
[0xa653d60c, [0x2759, [0x2d97, [0x1fe9, [0x1d9a, [0x1b6b, [0x11e5, [0x2661, [0x470, nil]]]]]]]]]	0x3094
[0xa653d60c, [0x2f74, [0x1bbf, [0x11e5, [0x2661, [0x470, nil]]]]]]	0x2b6d
[0xa653d60c, [0x2f74, [0x1bbf, [0x11e5, [0x2661, [0x470, nil]]]]]]	0x2b76
[0xa653d60c, [0x2764, [0x2d97, [0x1fe9, [0x1d9a, [0x1b6b, [0x11e5, [0x2661, [0x470, nil]]]]]]]]]	0x30c8
[0xa653d60c, [0x2b6d, [0x2f74, [0x1bbf, [0x11e5, [0x2661, [0x470, nil]]]]]]]	0x312c
[0xa653d60c, [0x276e, [0x2d97, [0x1fe9, [0x1d9a, [0x1b6b, [0x11e5, [0x2661, [0x470, nil]]]]]]]]]	0x3143
[0xa653d60c, [0x276e, [0x2d97, [0x1fe9, [0x1d9a, [0x1b6b, [0x11e5, [0x2661, [0x470, nil]]]]]]]]]	0x3146
[0xa653d60c, [0x276e, [0x2d97, [0x1fe9, [0x1d9a, [0x1b6b, [0x11e5, [0x2661, [0x470, nil]]]]]]]]]	0x314f
[0xa653d60c, [0x276e, [0x2d97, [0x1fe9, [0x1d9a, [0x1b6b, [0x11e5, [0x2661, [0x470, nil]]]]]]]]]	0x3161
[0xa653d60c, [0x276e, [0x2d97, [0x1fe9, [0x1d9a, [0x1b6b, [0x11e5, [0x2661, [0x470, nil]]]]]]]]]	0x316a
[0xa653d60c, [0x276e, [0x2d97, [0x1fe9, [0x1d9a, [0x1b6b, [0x11e5, [0x2661, [0x470, nil]]]]]]]]]	0x3c517
[0xa653d60c, [0x276e, [0x2d97, [0x1fe9, [0x1d9a, [0x1b6b, [0x11e5, [0x2661, [0x470, nil]]]]]]]]]	0x3c5f3
[0xa653d60c, [0x2f89, [0x1bbf, [0x11e5, [0x2661, [0x470, nil]]]]]]	0x2b6d
[0xa653d60c, [0x2f89, [0x1bbf, [0x11e5, [0x2661, [0x470, nil]]]]]]	0x2b76
[0xa653d60c, [0x2b6d, [0x2f89, [0x1bbf, [0x11e5, [0x2661, [0x470, nil]]]]]]]	0x312c
[0xa653d60c, [0x277e, [0x2d97, [0x1fe9, [0x1d9a, [0x1b6b, [0x11e5, [0x2661, [0x470, nil]]]]]]]]]	0x3180
[0xa653d60c, [0x1206, [0x2661, [0x470, nil]]]]	0x2f74
[0xa653d60c, [0x1206, [0x2661, [0x470, nil]]]]	0x2f89
[0xa653d60c, [0x1206, [0x2661, [0x470, nil]]]]	0x2f96
[0xa653d60c, [0x2f74, [0x1206, [0x2661, [0x470, nil]]]]]	0x2b6d
[0xa653d60c, [0x2f74, [0x1206, [0x2661, [0x470, nil]]]]]	0x2b76
[0xa653d60c, [0x2b6d, [0x2f74, [0x1206, [0x2661, [0x470, nil]]]]]]	0x312c
[0xa653d60c, [0x2f89, [0x1206, [0x2661, [0x470, nil]]]]]	0x2b6d
[0xa653d60c, [0x2f89, [0x1206, [0x2661, [0x470, nil]]]]]	0x2b76
[0xa653d60c, [0x2b6d, [0x2f89, [0x1206, [0x2661, [0x470, nil]]]]]]	0x312c
