0x0	0x0
0x40	0x3f
0xf	0xd
0x4	0x0
0x8	0x0
0x60	0x60
0x3f	0x3f
0x1f	0x1e
0x2	0x0
0x5	0x0
0x7	0x0
0xd	0xd
0x10	0xd
0x12	0xd
0x14	0xd
0x19	0xd
0x1a	0xd
0x24	0x1e
0x25	0x1e
0x2a	0x29
0x2f	0x29
0x35	0x34
0x3a	0x34
0x45	0x3f
0x4b	0x4a
0x50	0x4a
0x56	0x55
0x5b	0x55
0x61	0x60
0x66	0x60
0x6b	0x6b
0x71	0x6f
0x76	0x6f
0x7c	0x7b
0x81	0x7b
0x87	0x86
0x8c	0x86
0x92	0x91
0x97	0x91
0x9d	0x9c
0xa2	0x9c
0xa7	0xa7
0xad	0xab
0xb2	0xab
0xb3	0xab
0xb8	0xb7
0xbd	0xb7
0xc3	0xc2
0xc8	0xc2
0xce	0xcd
0xd3	0xcd
0xd9	0xd8
0xde	0xd8
0xe4	0xe3
0xe9	0xe3
0xef	0xee
0xf4	0xee
0xf9	0xf9
0xff	0xfd
0x104	0xfd
0x10a	0x109
0x10f	0x109
0x115	0x114
0x11a	0x114
0x120	0x11f
0x125	0x11f
0x12b	0x12a
0x130	0x12a
0x136	0x135
0x13b	0x13a
0x13d	0x13a
0x13e	0x13a
0x142	0x142
0x148	0x146
0x14b	0x146
0x150	0x14f
0x152	0x14f
0x153	0x14f
0x158	0x14f
0x15d	0x15c
0x15f	0x15c
0x162	0x15c
0x166	0x165
0x168	0x165
0x169	0x165
0x16d	0x16d
0x173	0x171
0x176	0x171
0x179	0x171
0x17a	0x171
0x17c	0x171
0x17e	0x171
0x183	0x171
0x188	0x187
0x18d	0x18c
0x18f	0x18c
0x190	0x18c
0x195	0x18c
0x19a	0x199
0x19c	0x199
0x19f	0x199
0x1a3	0x1a2
0x1a5	0x1a2
0x1a6	0x1a2
0x1aa	0x1aa
0x1b0	0x1ae
0x1b3	0x1ae
0x1b8	0x1b7
0x1ba	0x1b7
0x1bb	0x1b7
0x1c0	0x1b7
0x1c5	0x1c4
0x1c7	0x1c4
0x1ca	0x1c4
0x1ce	0x1cd
0x1d0	0x1cd
0x1d1	0x1cd
0x1d5	0x1d5
0x1db	0x1d9
0x1de	0x1d9
0x1e1	0x1d9
0x1e2	0x1d9
0x1e4	0x1d9
0x1e6	0x1d9
0x1eb	0x1d9
0x1f0	0x1ef
0x1f5	0x1f4
0x1f7	0x1f4
0x1f8	0x1f4
0x1fd	0x1f4
0x202	0x201
0x204	0x201
0x207	0x201
0x20b	0x20a
0x20d	0x20a
0x20e	0x20a
0x212	0x212
0x218	0x216
0x21b	0x216
0x220	0x21f
0x222	0x21f
0x223	0x21f
0x228	0x21f
0x22d	0x22c
0x22f	0x22c
0x232	0x22c
0x236	0x235
0x238	0x235
0x239	0x235
0x23d	0x23d
0x243	0x241
0x246	0x241
0x249	0x241
0x24a	0x241
0x24c	0x241
0x24e	0x241
0x253	0x241
0x258	0x257
0x25d	0x25c
0x25f	0x25c
0x260	0x25c
0x265	0x25c
0x26a	0x269
0x26c	0x269
0x26f	0x269
0x273	0x272
0x276	0x272
0x279	0x272
0x27a	0x272
0x27c	0x272
0x27e	0x272
0x283	0x272
0x288	0x287
0x28d	0x28c
0x28f	0x28c
0x290	0x28c
0x295	0x28c
0x29a	0x299
0x29c	0x299
0x29f	0x299
0x2a3	0x2a2
0x2a5	0x2a2
0x2a6	0x2a2
0x2aa	0x2aa
0x2b0	0x2ae
0x2b3	0x2ae
0x2b8	0x2b7
0x2ba	0x2b7
0x2bb	0x2b7
0x2c0	0x2b7
0x2c5	0x2c4
0x2c7	0x2c4
0x2ca	0x2c4
0x2ce	0x2cd
0x2d0	0x2cd
0x2d1	0x2cd
0x2d5	0x2d5
0x2db	0x2d9
0x2de	0x2d9
0x2e1	0x2d9
0x2e2	0x2d9
0x2e4	0x2d9
0x2e6	0x2d9
0x2eb	0x2d9
0x2f0	0x2ef
0x2f7	0x2f6
0x2f9	0x2f6
0x2fa	0x2f6
0x2fe	0x2fe
0x304	0x302
0x307	0x302
0x30c	0x30b
0x30e	0x30b
0x30f	0x30b
0x314	0x30b
0x319	0x318
0x31b	0x318
0x31e	0x318
0x322	0x321
0x324	0x321
0x325	0x321
0x329	0x329
0x32f	0x32d
0x332	0x32d
0x335	0x32d
0x336	0x32d
0x338	0x32d
0x33a	0x32d
0x33f	0x32d
0x344	0x343
0x349	0x348
0x34b	0x348
0x34c	0x348
0x351	0x348
0x356	0x355
0x358	0x355
0x35b	0x355
0x35f	0x35e
0x361	0x35e
0x362	0x35e
0x366	0x366
0x36c	0x36a
0x36f	0x36a
0x372	0x36a
0x373	0x36a
0x375	0x36a
0x377	0x36a
0x37c	0x36a
0x381	0x380
0x386	0x385
0x388	0x385
0x389	0x385
0x38e	0x385
0x393	0x392
0x395	0x392
0x398	0x392
0x39c	0x39b
0x39e	0x39b
0x39f	0x39b
0x3a3	0x3a3
0x3a9	0x3a7
0x3ac	0x3a7
0x3af	0x3a7
0x3b0	0x3a7
0x3b2	0x3a7
0x3b4	0x3a7
0x3b9	0x3a7
0x3be	0x3bd
0x3c3	0x3c2
0x3c5	0x3c2
0x3c6	0x3c2
0x3cb	0x3c2
0x3d0	0x3cf
0x3d2	0x3cf
0x3d5	0x3cf
0x3d9	0x3d8
0x3dc	0x3d8
0x3df	0x3d8
0x3e0	0x3d8
0x3e2	0x3d8
0x3e4	0x3d8
0x3e9	0x3d8
0x3ee	0x3ed
0x3f3	0x3f2
0x3f5	0x3f2
0x3f6	0x3f2
0x3fb	0x3f2
0x400	0x3ff
0x402	0x3ff
0x405	0x3ff
0x409	0x408
0x40b	0x408
0x40c	0x408
0x410	0x410
0x416	0x414
0x419	0x414
0x41e	0x41d
0x420	0x41d
0x421	0x41d
0x426	0x41d
0x42b	0x42a
0x42d	0x42a
0x430	0x42a
0x434	0x433
0x436	0x433
0x437	0x433
0x43b	0x43b
0x441	0x43f
0x444	0x43f
0x447	0x43f
0x448	0x43f
0x44a	0x43f
0x44c	0x43f
0x451	0x43f
0x456	0x455
0x45b	0x45a
0x45d	0x45a
0x45e	0x45a
0x463	0x45a
0x468	0x467
0x46a	0x467
0x46d	0x467
0x471	0x470
0x474	0x470
0x477	0x470
0x478	0x470
0x47a	0x470
0x47c	0x470
0x481	0x470
0x486	0x485
0x48d	0x48c
0x48f	0x48c
0x490	0x48c
0x494	0x494
0x49a	0x498
0x49d	0x498
0x4a0	0x498
0x4a1	0x498
0x4a3	0x498
0x4a5	0x498
0x4aa	0x498
0x4af	0x4ae
0x4b6	0x4b5
0x4b8	0x4b5
0x4b9	0x4b5
0x4bd	0x4bd
0x4c3	0x4c1
0x4c6	0x4c1
0x4cb	0x4ca
0x4cd	0x4ca
0x4ce	0x4ca
0x4d3	0x4ca
0x4d8	0x4d7
0x4da	0x4d7
0x4dd	0x4d7
0x4e1	0x4e0
0x4e3	0x4e0
0x4e4	0x4e0
0x4e8	0x4e8
0x4ee	0x4ec
0x4f1	0x4ec
0x4f6	0x4f5
0x4f8	0x4f5
0x4f9	0x4f5
0x4fe	0x4f5
0x503	0x502
0x505	0x502
0x508	0x502
0x50c	0x50b
0x50e	0x50b
0x50f	0x50b
0x513	0x513
0x519	0x517
0x51c	0x517
0x521	0x520
0x523	0x520
0x524	0x520
0x529	0x520
0x52e	0x52d
0x530	0x52d
0x533	0x52d
0x537	0x536
0x539	0x536
0x53a	0x536
0x53e	0x53e
0x544	0x542
0x547	0x542
0x54a	0x542
0x54b	0x542
0x54d	0x542
0x54f	0x542
0x554	0x542
0x559	0x558
0x55e	0x55d
0x560	0x55d
0x561	0x55d
0x566	0x55d
0x56b	0x56a
0x56d	0x56a
0x570	0x56a
0x574	0x573
0x576	0x573
0x579	0x573
0x57b	0x573
0x57e	0x573
0x580	0x573
0x581	0x573
0x596	0x573
0x59a	0x599
0x59c	0x599
0x5a0	0x599
0x5a3	0x599
0x5a5	0x599
0x5a7	0x599
0x5a8	0x599
0x5ae	0x599
0x5b2	0x5b1
0x5b4	0x5b1
0x5b8	0x5b7B0x1ef
0x5bb	0x5b7B0x1ef
0x5bd	0x5b7B0x1ef
0x5be	0x5b7B0x1ef
0x5bf	0x5b7B0x1ef
0x5c3	0x5c3B0x1ef
0x5c5	0x5c3B0x1ef
0x5c6	0x5c3B0x1ef
0x5e9	0x5c3B0x1ef
0x5eb	0x5c3B0x1ef
0x5ec	0x5c3B0x1ef
0x5f0	0x5c3B0x1ef
0x5f5	0x5f4B0x1ef
0x5f7	0x5f4B0x1ef
0x5fa	0x5f4B0x1ef
0x5ff	0x5fdB0x1ef
0x600	0x5fdB0x1ef
0x60a	0x5fdB0x1ef
0x60c	0x5fdB0x1ef
0x60d	0x5fdB0x1ef
0x611	0x611B0x1ef
0x617	0x615B0x1ef
0x619	0x615B0x1ef
0x61f	0x615B0x1ef
0x621	0x615B0x1ef
0x622	0x615B0x1ef
0x624	0x615B0x1ef
0x626	0x615B0x1ef
0x627	0x615B0x1ef
0x62b	0x615B0x1ef
0x62c	0x615B0x1ef
0x631	0x630B0x1ef
0x633	0x630B0x1ef
0x634	0x630B0x1ef
0x637	0x630B0x1ef
0x639	0x630B0x1ef
0x63e	0x630B0x1ef
0x648	0x644B0x1ef
0x64c	0x64aB0x1ef
0x64e	0x64aB0x1ef
0x64f	0x64aB0x1ef
0x650	0x64aB0x1ef
0x654	0x654B0x1ef
0x65a	0x654B0x1ef
0x65c	0x654B0x1ef
0x65d	0x654B0x1ef
0x663	0x662B0x1ef
0x665	0x662B0x1ef
0x666	0x662B0x1ef
0x668	0x662B0x1ef
0x669	0x662B0x1ef
0x66a	0x662B0x1ef
0x66e	0x662B0x1ef
0x670	0x662B0x1ef
0x671	0x662B0x1ef
0x677	0x676B0x1ef
0x679	0x676B0x1ef
0x67a	0x676B0x1ef
0x67c	0x676B0x1ef
0x67d	0x676B0x1ef
0x67e	0x676B0x1ef
0x67f	0x676B0x1ef
0x687	0x683B0x1ef
0x689	0x683B0x1ef
0x68a	0x683B0x1ef
0x690	0x68fB0x1ef
0x692	0x68fB0x1ef
0x693	0x68fB0x1ef
0x695	0x68fB0x1ef
0x696	0x68fB0x1ef
0x69e	0x68fB0x1ef
0x6a0	0x68fB0x1ef
0x6a4	0x68fB0x1ef
0x6b0	0x6af
0x6d4	0x6d3
0x6d6	0x6d3
0x6da	0x6d3
0x6dd	0x6d3
0x6df	0x6d3
0x6e1	0x6d3
0x6e2	0x6d3
0x6e6	0x6d3
0x6e9	0x6d3
0x6eb	0x6d3
0x6ed	0x6d3
0x6ee	0x6d3
0x6f2	0x6d3
0x6f5	0x6d3
0x6f7	0x6d3
0x6f9	0x6d3
0x6fa	0x6d3
0x702	0x6d3
0x706	0x705
0x708	0x705
0x70b	0x705
0x710	0x70f
0x715	0x70f
0x71a	0x719
0x71c	0x719
0x721	0x719
0x723	0x719
0x727	0x719
0x729	0x719
0x72a	0x719
0x72c	0x719
0x72d	0x719
0x730	0x719
0x745	0x719
0x746	0x719
0x75b	0x719
0x75e	0x719
0x760	0x719
0x764	0x719
0x766	0x719
0x767	0x719
0x769	0x719
0x76a	0x719
0x76d	0x719
0x772	0x719
0x774	0x719
0x77c	0x719
0x77e	0x719
0x783	0x719
0x785	0x719
0x789	0x719
0x78b	0x719
0x78c	0x719
0x78e	0x719
0x78f	0x719
0x792	0x719
0x7a7	0x719
0x7a8	0x719
0x7bd	0x719
0x7c0	0x719
0x7c2	0x719
0x7c6	0x719
0x7c8	0x719
0x7c9	0x719
0x7cb	0x719
0x7cc	0x719
0x7d1	0x719
0x7d3	0x719
0x7d7	0x719
0x7d9	0x719
0x7da	0x719
0x7dc	0x719
0x7e2	0x719
0x7f7	0x719
0x7fa	0x719
0x80f	0x719
0x810	0x719
0x833	0x719
0x835	0x719
0x836	0x719
0x83c	0x719
0x841	0x840
0x843	0x840
0x846	0x840
0x851	0x850
0x853	0x850
0x855	0x850
0x957	0x956
0x959	0x956
0xa52	0xa51
0xa54	0xa51
0xa58	0xa51
0xa5b	0xa51
0xa5d	0xa51
0xa5f	0xa51
0xa60	0xa51
0xa64	0xa51
0xa67	0xa51
0xa69	0xa51
0xa6b	0xa51
0xa6c	0xa51
0xa70	0xa51
0xa73	0xa51
0xa75	0xa51
0xa77	0xa51
0xa78	0xa51
0xa80	0xa51
0xc22	0xc21
0xc46	0xc45B0x455
0xc49	0xc45B0x455
0xc4b	0xc45B0x455
0xc4c	0xc45B0x455
0xc4d	0xc45B0x455
0xc51	0xc51B0x455
0xc53	0xc51B0x455
0xc54	0xc51B0x455
0xc77	0xc51B0x455
0xc79	0xc51B0x455
0xc7a	0xc51B0x455
0xc7e	0xc51B0x455
0xc83	0xc82B0x455
0xc85	0xc82B0x455
0xc88	0xc82B0x455
0xc8d	0xc8bB0x455
0xc8e	0xc8bB0x455
0xc98	0xc8bB0x455
0xc9a	0xc8bB0x455
0xc9b	0xc8bB0x455
0xc9f	0xc9fB0x455
0xca5	0xca3B0x455
0xca7	0xca3B0x455
0xcad	0xca3B0x455
0xcaf	0xca3B0x455
0xcb0	0xca3B0x455
0xcb2	0xca3B0x455
0xcb4	0xca3B0x455
0xcb5	0xca3B0x455
0xcb9	0xca3B0x455
0xcba	0xca3B0x455
0xcbf	0xcbeB0x455
0xcc1	0xcbeB0x455
0xcc2	0xcbeB0x455
0xcc5	0xcbeB0x455
0xcc7	0xcbeB0x455
0xccc	0xcbeB0x455
0xcd6	0xcd2B0x455
0xcda	0xcd8B0x455
0xcdc	0xcd8B0x455
0xcdd	0xcd8B0x455
0xcde	0xcd8B0x455
0xce2	0xce2B0x455
0xce8	0xce2B0x455
0xcea	0xce2B0x455
0xceb	0xce2B0x455
0xcf1	0xcf0B0x455
0xcf3	0xcf0B0x455
0xcf4	0xcf0B0x455
0xcf6	0xcf0B0x455
0xcf7	0xcf0B0x455
0xcf8	0xcf0B0x455
0xcfc	0xcf0B0x455
0xcfe	0xcf0B0x455
0xcff	0xcf0B0x455
0xd05	0xd04B0x455
0xd07	0xd04B0x455
0xd08	0xd04B0x455
0xd0a	0xd04B0x455
0xd0b	0xd04B0x455
0xd0c	0xd04B0x455
0xd0d	0xd04B0x455
0xd15	0xd11B0x455
0xd17	0xd11B0x455
0xd18	0xd11B0x455
0xd1e	0xd1dB0x455
0xd20	0xd1dB0x455
0xd21	0xd1dB0x455
0xd23	0xd1dB0x455
0xd24	0xd1dB0x455
0xd2c	0xd1dB0x455
0xd2e	0xd1dB0x455
0xd32	0xd1dB0x455
0xd3e	0xd3d
0xd41	0xd3d
0xd46	0xd45
0xd48	0xd45
0xd4a	0xd45
0xd4f	0xd45
0xd51	0xd45
0xd55	0xd45
0xd57	0xd45
0xd58	0xd45
0xd5a	0xd45
0xd5b	0xd45
0xd5e	0xd45
0xd73	0xd45
0xd74	0xd45
0xd89	0xd45
0xd8c	0xd45
0xd8e	0xd45
0xd92	0xd45
0xd94	0xd45
0xd95	0xd45
0xd97	0xd45
0xd98	0xd45
0xd9d	0xd45
0xd9f	0xd45
0xda3	0xd45
0xda5	0xd45
0xda6	0xd45
0xda8	0xd45
0xda9	0xd45
0xdaa	0xd45
0xdab	0xd45
0xdaf	0xdaf
0xdb1	0xdaf
0xdb2	0xdaf
0xdd5	0xdaf
0xdd7	0xdaf
0xdd8	0xdaf
0xddc	0xdaf
0xde1	0xde0
0xde3	0xde0
0xde6	0xde0
0xdea	0xde9
0xded	0xde9
0xdf0	0xde9
0xdf2	0xde9
0xdf5	0xde9
0xdf7	0xde9
0xdfa	0xde9
0xdfc	0xde9
0xdfd	0xde9
0xe12	0xde9
0xe13	0xde9
0xe28	0xde9
0xe29	0xde9
0xe2e	0xde9
0xe4f	0xde9
0xe51	0xde9
0xe53	0xde9
0xe58	0xde9
0xe59	0xde9
0xe5b	0xde9
0xe5e	0xde9
0xe60	0xde9
0xe61	0xde9
0xe66	0xde9
0xe6b	0xe6a
0xe6d	0xe6a
0xe6f	0xe6a
0xe72	0xe6a
0xe76	0xe6a
0xe77	0xe6a
0xe79	0xe6a
0xe7a	0xe6a
0xe7e	0xe7e
0xe84	0xe82
0xe85	0xe82
0xe86	0xe82
0xe88	0xe82
0xe89	0xe82
0xe8d	0xe8d
0xe8e	0xe8d
0xe92	0xe8d
0xe93	0xe8d
0xe9b	0xe96
0xe9d	0xe96
0xe9e	0xe96
0xe9f	0xe96
0xea1	0xe96
0xea2	0xe96
0xea5	0xe96
0xea6	0xe96
0xea8	0xe96
0xeaa	0xe96
0xeaf	0xe96
0xeb1	0xe96
0xeb6	0xe96
0xebc	0xeba
0xebd	0xeba
0xebe	0xeba
0xec2	0xec2
0xec4	0xec2
0xec5	0xec2
0xee8	0xec2
0xeea	0xec2
0xeeb	0xec2
0xeef	0xec2
0xef4	0xef3
0xef6	0xef3
0xef9	0xef3
0xefd	0xefc
0xf02	0xeff
0xf03	0xeff
0xf04	0xeff
0xf08	0xf08
0xf0d	0xf0a
0xf0e	0xf0a
0xf0f	0xf0a
0xf16	0xf13
0xf18	0xf13
0xf19	0xf13
0xf1f	0xf1e
0xf21	0xf1e
0xf22	0xf1e
0xf24	0xf1e
0xf25	0xf1e
0xf26	0xf1e
0xf27	0xf1e
0xf29	0xf1e
0xf2a	0xf1e
0xf2b	0xf1e
0xf40	0xf1e
0xf44	0xf1e
0xf46	0xf1e
0xf47	0xf1e
0xf4d	0xf4c
0xf4f	0xf4c
0xf50	0xf4c
0xf52	0xf4c
0xf53	0xf4c
0xf54	0xf4c
0xf55	0xf4c
0xf57	0xf4c
0xf58	0xf4c
0xf59	0xf4c
0xf6e	0xf4c
0xf6f	0xf4c
0xf70	0xf4c
0xf71	0xf4c
0xf75	0xf75
0xf77	0xf75
0xf78	0xf75
0xf9b	0xf75
0xf9d	0xf75
0xf9e	0xf75
0xfa2	0xf75
0xfa7	0xfa6
0xfa9	0xfa6
0xfac	0xfa6
0xfb2	0xfaf
0xfb4	0xfaf
0xfb8	0xfaf
0xfbe	0xfbc
0xfc0	0xfbc
0xfe8	0xfbc
0xfea	0xfbc
0xfeb	0xfbc
0xff1	0xff0
0xff3	0xff0
0xff4	0xff0
0xff6	0xff0
0xff7	0xff0
0xff8	0xff0
0xff9	0xff0
0xffb	0xff0
0xffc	0xff0
0xffd	0xff0
0xfff	0xff0
0x1000	0xff0
0x1002	0xff0
0x1003	0xff0
0x100d	0xff0
0x1012	0x1011
0x1014	0x1011
0x1015	0x1011
0x1019	0x1011
0x101a	0x1011
0x101e	0x1011
0x1022	0x1011
0x1024	0x1011
0x1026	0x1011
0x1027	0x1011
0x102a	0x1011
0x102c	0x1011
0x102e	0x1011
0x1030	0x1011
0x1032	0x1011
0x1033	0x1011
0x1035	0x1011
0x1036	0x1011
0x103c	0x1011
0x1041	0x1040
0x1043	0x1040
0x1044	0x1040
0x1048	0x1040
0x1049	0x1040
0x104d	0x1040
0x1051	0x1040
0x1053	0x1040
0x1055	0x1040
0x1056	0x1040
0x1059	0x1040
0x105b	0x1040
0x1061	0x1040
0x1063	0x1040
0x1064	0x1040
0x106a	0x1069
0x106c	0x1069
0x106d	0x1069
0x106f	0x1069
0x1070	0x1069
0x1071	0x1069
0x1072	0x1069
0x1074	0x1069
0x1075	0x1069
0x1079	0x1069
0x107b	0x1069
0x107c	0x1069
0x1082	0x1081
0x1084	0x1081
0x1085	0x1081
0x1087	0x1081
0x1088	0x1081
0x1089	0x1081
0x108a	0x1081
0x108c	0x1081
0x108d	0x1081
0x1091	0x1081
0x1093	0x1081
0x1094	0x1081
0x109a	0x1099
0x109c	0x1099
0x109d	0x1099
0x109f	0x1099
0x10a0	0x1099
0x10a1	0x1099
0x10a2	0x1099
0x10a4	0x1099
0x10a5	0x1099
0x10a6	0x1099
0x10a8	0x1099
0x10a9	0x1099
0x10ad	0x1099
0x10af	0x1099
0x10b0	0x1099
0x10b3	0x1099
0x10b5	0x1099
0x10b6	0x1099
0x10be	0x1099
0x10c3	0x10c2
0x10c5	0x10c2
0x10c7	0x10c2
0x10c8	0x10c2
0x10cb	0x10c2
0x10cf	0x10c2
0x10d2	0x10c2
0x10d3	0x10c2
0x10d4	0x10c2
0x10d6	0x10c2
0x10d7	0x10c2
0x10db	0x10db
0x10dc	0x10db
0x10e0	0x10db
0x10e1	0x10db
0x10e8	0x10e4
0x10ea	0x10e4
0x10ec	0x10e4
0x10ed	0x10e4
0x10ee	0x10e4
0x10f1	0x10e4
0x10f3	0x10e4
0x1108	0x10e4
0x110a	0x10e4
0x111f	0x10e4
0x1120	0x10e4
0x1121	0x10e4
0x1122	0x10e4
0x1126	0x1126
0x1128	0x1126
0x1129	0x1126
0x114c	0x1126
0x114e	0x1126
0x114f	0x1126
0x1153	0x1126
0x1158	0x1157
0x115a	0x1157
0x115d	0x1157
0x1164	0x1160
0x1166	0x1160
0x1167	0x1160
0x116d	0x116c
0x116f	0x116c
0x1170	0x116c
0x1172	0x116c
0x1173	0x116c
0x1174	0x116c
0x1175	0x116c
0x1177	0x116c
0x1178	0x116c
0x1179	0x116c
0x118e	0x116c
0x1190	0x116c
0x11a5	0x116c
0x11a6	0x116c
0x11a7	0x116c
0x11ab	0x11ab
0x11ad	0x11ab
0x11ae	0x11ab
0x11d1	0x11ab
0x11d3	0x11ab
0x11d4	0x11ab
0x11d8	0x11ab
0x11dd	0x11dc
0x11df	0x11dc
0x11e2	0x11dc
0x11e6	0x11e5
0x11ec	0x11e5
0x11ee	0x11e5
0x11ef	0x11e5
0x11f5	0x11f4
0x11f7	0x11f4
0x11f8	0x11f4
0x11fa	0x11f4
0x11fb	0x11f4
0x11fc	0x11f4
0x11fd	0x11f4
0x11ff	0x11f4
0x1200	0x11f4
0x1202	0x11f4
0x1209	0x1206
0x121e	0x1206
0x1221	0x1206
0x1236	0x1206
0x1237	0x1206
0x125a	0x1206
0x125c	0x1206
0x125d	0x1206
0x1263	0x1206
0x1268	0x1267
0x126a	0x1267
0x126d	0x1267
0x1275	0x1267
0x1277	0x1267
0x127b	0x1267
0x1282	0x127f
0x1284	0x127f
0x1289	0x127f
0x128b	0x127f
0x128f	0x127f
0x1291	0x127f
0x1292	0x127f
0x1294	0x127f
0x1295	0x127f
0x1298	0x127f
0x12ad	0x127f
0x12ae	0x127f
0x12c3	0x127f
0x12c6	0x127f
0x12c8	0x127f
0x12cc	0x127f
0x12ce	0x127f
0x12cf	0x127f
0x12d1	0x127f
0x12d2	0x127f
0x12d7	0x127f
0x12d9	0x127f
0x12dd	0x127f
0x12df	0x127f
0x12e0	0x127f
0x12e2	0x127f
0x12e7	0x127f
0x12ec	0x127f
0x12f3	0x12f0
0x1308	0x12f0
0x130a	0x12f0
0x132c	0x12f0
0x132e	0x12f0
0x132f	0x12f0
0x1334	0x12f0
0x1339	0x1338
0x133b	0x1338
0x133e	0x1338
0x1349	0x1348
0x134b	0x1348
0x134e	0x1348
0x1350	0x1348
0x1353	0x1348
0x1355	0x1348
0x1356	0x1348
0x1358	0x1348
0x135a	0x1348
0x135f	0x135e
0x1362	0x135e
0x1369	0x1367
0x136e	0x136d
0x1371	0x136d
0x1373	0x136d
0x1376	0x136d
0x1378	0x136d
0x1379	0x136d
0x137b	0x136d
0x137c	0x136d
0x137e	0x137d
0x1382	0x1382
0x1384	0x1382
0x1385	0x1382
0x13a8	0x1382
0x13aa	0x1382
0x13ab	0x1382
0x13af	0x1382
0x13b4	0x13b3
0x13b6	0x13b3
0x13b9	0x13b3
0x13bd	0x13bc
0x13c0	0x13bc
0x13c3	0x13bc
0x13c5	0x13bc
0x13c8	0x13bc
0x13ca	0x13bc
0x13cb	0x13bc
0x13cd	0x13bc
0x13ce	0x13bc
0x13d2	0x13bc
0x13d3	0x13bc
0x13d7	0x13d7
0x13d9	0x13d7
0x13db	0x13d7
0x13dd	0x13d7
0x13e0	0x13d7
0x13e2	0x13d7
0x13e4	0x13d7
0x13e6	0x13d7
0x13e7	0x13d7
0x13e8	0x13d7
0x13eb	0x13d7
0x13ec	0x13d7
0x13ed	0x13d7
0x13ee	0x13d7
0x13f2	0x13d7
0x13f4	0x13d7
0x13f7	0x13d7
0x13fa	0x13d7
0x13fc	0x13d7
0x13fe	0x13d7
0x1400	0x13d7
0x1401	0x13d7
0x1402	0x13d7
0x1405	0x13d7
0x1406	0x13d7
0x1407	0x13d7
0x1408	0x13d7
0x140e	0x140c
0x1410	0x140c
0x1412	0x140c
0x1415	0x140c
0x1417	0x140c
0x1419	0x140c
0x142e	0x140c
0x142f	0x140c
0x1430	0x140c
0x1433	0x140c
0x1448	0x140c
0x1449	0x140c
0x144a	0x140c
0x144e	0x140c
0x1451	0x140c
0x1456	0x1455
0x145d	0x1455
0x145f	0x1455
0x1461	0x1455
0x1464	0x1455
0x1466	0x1455
0x1468	0x1455
0x147d	0x1455
0x147e	0x1455
0x147f	0x1455
0x1482	0x1455
0x1497	0x1455
0x1498	0x1455
0x1499	0x1455
0x149d	0x1455
0x149f	0x1455
0x14a1	0x1455
0x14a3	0x1455
0x14a6	0x1455
0x14a8	0x1455
0x14aa	0x1455
0x14bf	0x1455
0x14c0	0x1455
0x14c1	0x1455
0x14c4	0x1455
0x14d9	0x1455
0x14da	0x1455
0x14db	0x1455
0x14df	0x1455
0x1500	0x1455
0x1502	0x1455
0x1505	0x1455
0x1507	0x1455
0x150a	0x1455
0x150c	0x1455
0x150d	0x1455
0x1522	0x1455
0x1523	0x1455
0x1538	0x1455
0x1539	0x1455
0x153e	0x1455
0x1540	0x1455
0x1542	0x1455
0x1547	0x1455
0x1548	0x1455
0x154a	0x1455
0x154d	0x1455
0x154f	0x1455
0x1550	0x1455
0x1552	0x1455
0x1554	0x1455
0x1557	0x1455
0x155b	0x1455
0x155c	0x1455
0x155e	0x1455
0x155f	0x1455
0x1563	0x1563
0x1569	0x1567
0x156a	0x1567
0x156b	0x1567
0x156d	0x1567
0x156e	0x1567
0x1572	0x1572
0x1573	0x1572
0x1577	0x1572
0x1578	0x1572
0x1580	0x157b
0x1582	0x157b
0x1583	0x157b
0x1584	0x157b
0x1588	0x157b
0x1589	0x157b
0x158b	0x157b
0x158c	0x157b
0x158f	0x157b
0x1590	0x157b
0x1592	0x157b
0x1594	0x157b
0x1599	0x157b
0x159b	0x157b
0x15a0	0x157b
0x15a6	0x15a4
0x15a8	0x15a4
0x15aa	0x15a4
0x15ab	0x15a4
0x15ac	0x15a4
0x15af	0x15a4
0x15b4	0x15b3
0x15b5	0x15b3
0x15b7	0x15b3
0x15b8	0x15b3
0x15ba	0x15b3
0x15bb	0x15b3
0x15c3	0x15b3
0x15c8	0x15c7
0x15ca	0x15c7
0x15cb	0x15c7
0x15cf	0x15c7
0x15d0	0x15c7
0x15d4	0x15c7
0x15d8	0x15c7
0x15da	0x15c7
0x15dc	0x15c7
0x15dd	0x15c7
0x15de	0x15c7
0x15e5	0x15c7
0x15e6	0x15c7
0x15ea	0x15ea
0x15ed	0x15ea
0x15ef	0x15ea
0x15f2	0x15ea
0x15f4	0x15ea
0x15f6	0x15ea
0x15f8	0x15ea
0x15f9	0x15ea
0x15fa	0x15ea
0x15fd	0x15ea
0x15fe	0x15ea
0x15ff	0x15ea
0x1600	0x15ea
0x160a	0x1609
0x160c	0x1609
0x160f	0x1609
0x1611	0x1609
0x1614	0x1609
0x1616	0x1609
0x1617	0x1609
0x162c	0x1609
0x16e2	0x16e1
0x16e4	0x16e1
0x16e7	0x16e1
0x16e9	0x16e1
0x16ec	0x16e1
0x16ee	0x16e1
0x16ef	0x16e1
0x1704	0x16e1
0x1708	0x1707
0x170a	0x1707
0x170e	0x1707
0x1711	0x1707
0x1713	0x1707
0x1715	0x1707
0x1716	0x1707
0x171a	0x1707
0x171d	0x1707
0x171f	0x1707
0x1721	0x1707
0x1722	0x1707
0x1729	0x1707
0x172d	0x172c
0x172f	0x172c
0x1732	0x172c
0x1734	0x172c
0x1737	0x172c
0x1739	0x172c
0x173a	0x172c
0x174f	0x172c
0x1750	0x172c
0x1765	0x172c
0x1766	0x172c
0x176b	0x172c
0x178c	0x172c
0x178e	0x172c
0x1790	0x172c
0x1795	0x172c
0x1796	0x172c
0x1798	0x172c
0x179b	0x172c
0x179d	0x172c
0x179e	0x172c
0x17a3	0x172c
0x17a8	0x17a7
0x17aa	0x17a7
0x17ac	0x17a7
0x17af	0x17a7
0x17b3	0x17a7
0x17b4	0x17a7
0x17b6	0x17a7
0x17b7	0x17a7
0x17bb	0x17bb
0x17c1	0x17bf
0x17c2	0x17bf
0x17c3	0x17bf
0x17c5	0x17bf
0x17c6	0x17bf
0x17ca	0x17ca
0x17cb	0x17ca
0x17cf	0x17ca
0x17d0	0x17ca
0x17d8	0x17d3
0x17da	0x17d3
0x17db	0x17d3
0x17dc	0x17d3
0x17de	0x17d3
0x17df	0x17d3
0x17e2	0x17d3
0x17e3	0x17d3
0x17e5	0x17d3
0x17e7	0x17d3
0x17ec	0x17d3
0x17ee	0x17d3
0x17f3	0x17d3
0x17f8	0x17f7
0x17f9	0x17f7
0x17fa	0x17f7
0x17fb	0x17f7
0x17ff	0x17ff
0x1801	0x17ff
0x1802	0x17ff
0x1825	0x17ff
0x1827	0x17ff
0x1828	0x17ff
0x182c	0x17ff
0x1831	0x1830
0x1833	0x1830
0x1836	0x1830
0x183a	0x1839
0x183c	0x1839
0x183e	0x1839
0x1841	0x1839
0x1843	0x1839
0x1846	0x1839
0x1848	0x1839
0x1849	0x1839
0x185e	0x1839
0x185f	0x1839
0x1874	0x1839
0x1875	0x1839
0x187a	0x1839
0x189b	0x1839
0x189d	0x1839
0x189f	0x1839
0x18a4	0x1839
0x18a5	0x1839
0x18a7	0x1839
0x18aa	0x1839
0x18ac	0x1839
0x18ad	0x1839
0x18b2	0x1839
0x18b7	0x18b6
0x18b9	0x18b6
0x18bb	0x18b6
0x18be	0x18b6
0x18c2	0x18b6
0x18c3	0x18b6
0x18c5	0x18b6
0x18c6	0x18b6
0x18ca	0x18ca
0x18d0	0x18ce
0x18d1	0x18ce
0x18d2	0x18ce
0x18d4	0x18ce
0x18d5	0x18ce
0x18d9	0x18d9
0x18da	0x18d9
0x18de	0x18d9
0x18df	0x18d9
0x18e7	0x18e2
0x18e9	0x18e2
0x18ea	0x18e2
0x18eb	0x18e2
0x18ed	0x18e2
0x18ee	0x18e2
0x18f1	0x18e2
0x18f2	0x18e2
0x18f4	0x18e2
0x18f6	0x18e2
0x18fb	0x18e2
0x18fd	0x18e2
0x1902	0x18e2
0x1909	0x1906
0x190b	0x1906
0x1920	0x1906
0x1922	0x1906
0x1937	0x1906
0x1938	0x1906
0x1939	0x1906
0x193a	0x1906
0x193e	0x193e
0x1940	0x193e
0x1943	0x193e
0x1945	0x193e
0x1948	0x193e
0x194a	0x193e
0x194b	0x193e
0x1960	0x193e
0x1965	0x1963
0x197a	0x1963
0x197b	0x1963
0x197e	0x1963
0x1981	0x1963
0x1982	0x1963
0x1984	0x1963
0x1986	0x1963
0x1987	0x1963
0x1989	0x1963
0x198b	0x1963
0x198e	0x1963
0x1993	0x1963
0x1999	0x1963
0x199b	0x1963
0x199c	0x1963
0x19a0	0x19a0
0x19a1	0x19a0
0x19a5	0x19a0
0x19a6	0x19a0
0x19ac	0x19a9
0x19c1	0x19a9
0x19c2	0x19a9
0x19c5	0x19a9
0x19ca	0x19c9
0x19df	0x19c9
0x19e0	0x19c9
0x1a01	0x19c9
0x1a02	0x19c9
0x1a04	0x19c9
0x1a05	0x19c9
0x1a0a	0x19c9
0x1a0f	0x1a0e
0x1a11	0x1a0e
0x1a14	0x1a0e
0x1a1a	0x1a19
0x1a1e	0x1a19
0x1a20	0x1a19
0x1a22	0x1a19
0x1a25	0x1a19
0x1a27	0x1a19
0x1a2a	0x1a19
0x1a2c	0x1a19
0x1a2d	0x1a19
0x1a42	0x1a19
0x1a43	0x1a19
0x1a58	0x1a19
0x1a59	0x1a19
0x1a61	0x1a19
0x1a66	0x1a19
0x1a84	0x1a83
0x1a86	0x1a83
0x1a89	0x1a83
0x1a8b	0x1a83
0x1a8e	0x1a83
0x1a90	0x1a83
0x1a91	0x1a83
0x1a93	0x1a83
0x1a95	0x1a83
0x1a9a	0x1a99
0x1a9d	0x1a99
0x1aa4	0x1aa2
0x1aa9	0x1aa8
0x1aac	0x1aa8
0x1aae	0x1aa8
0x1ab1	0x1aa8
0x1ab3	0x1aa8
0x1ab4	0x1aa8
0x1ab6	0x1aa8
0x1ab7	0x1aa8
0x1ab9	0x1ab8
0x1abd	0x1abd
0x1abf	0x1abd
0x1ac0	0x1abd
0x1ae3	0x1abd
0x1ae5	0x1abd
0x1ae6	0x1abd
0x1aea	0x1abd
0x1aef	0x1aee
0x1af1	0x1aee
0x1af4	0x1aee
0x1af8	0x1af7
0x1afb	0x1af7
0x1afe	0x1af7
0x1b00	0x1af7
0x1b03	0x1af7
0x1b05	0x1af7
0x1b06	0x1af7
0x1b08	0x1af7
0x1b09	0x1af7
0x1b0d	0x1af7
0x1b0e	0x1af7
0x1b12	0x1b12
0x1b14	0x1b12
0x1b16	0x1b12
0x1b18	0x1b12
0x1b1b	0x1b12
0x1b1d	0x1b12
0x1b1f	0x1b12
0x1b21	0x1b12
0x1b22	0x1b12
0x1b23	0x1b12
0x1b26	0x1b12
0x1b27	0x1b12
0x1b28	0x1b12
0x1b29	0x1b12
0x1b2d	0x1b12
0x1b2f	0x1b12
0x1b32	0x1b12
0x1b35	0x1b12
0x1b37	0x1b12
0x1b39	0x1b12
0x1b3b	0x1b12
0x1b3c	0x1b12
0x1b3d	0x1b12
0x1b40	0x1b12
0x1b41	0x1b12
0x1b42	0x1b12
0x1b43	0x1b12
0x1b49	0x1b47
0x1b4a	0x1b47
0x1b4e	0x1b4e
0x1b51	0x1b4e
0x1b53	0x1b4e
0x1b56	0x1b4e
0x1b58	0x1b4e
0x1b5a	0x1b4e
0x1b5c	0x1b4e
0x1b5d	0x1b4e
0x1b5e	0x1b4e
0x1b61	0x1b4e
0x1b62	0x1b4e
0x1b63	0x1b4e
0x1b64	0x1b4e
0x1c5c	0x1c5b
0x1c61	0x1c5b
0x1c66	0x1c5b
0x1c67	0x1c5b
0x1c68	0x1c5b
0x1c6c	0x1c6c
0x1c6e	0x1c6c
0x1c6f	0x1c6c
0x1c92	0x1c6c
0x1c94	0x1c6c
0x1c95	0x1c6c
0x1c99	0x1c6c
0x1c9e	0x1c9d
0x1ca0	0x1c9d
0x1ca3	0x1c9d
0x1cb9	0x1cb8
0x1cbe	0x1cb8
0x1cc0	0x1cb8
0x1cc3	0x1cb8
0x1cc5	0x1cb8
0x1cc8	0x1cb8
0x1cca	0x1cb8
0x1ccb	0x1cb8
0x1ce0	0x1cb8
0x1ce1	0x1cb8
0x1cf6	0x1cb8
0x1cf7	0x1cb8
0x1cfe	0x1cb8
0x1d03	0x1cb8
0x1d9b	0x1d9a
0x1d9d	0x1d9a
0x1da2	0x1d9a
0x1da4	0x1d9a
0x1da6	0x1d9a
0x1da8	0x1d9a
0x1da9	0x1d9a
0x1dad	0x1d9a
0x1db1	0x1d9a
0x1db3	0x1d9a
0x1db4	0x1d9a
0x1dd8	0x1d9a
0x1fdd	0x1fdc
0x1fe1	0x1fdc
0x1fe2	0x1fdc
0x1fe5	0x1fdc
0x1fe9	0x1fe9
0x1feb	0x1fe9
0x1fec	0x1fe9
0x200f	0x1fe9
0x2011	0x1fe9
0x2012	0x1fe9
0x2017	0x1fe9
0x201c	0x201b
0x201e	0x201b
0x2021	0x201b
0x2026	0x2024
0x202a	0x2024
0x2038	0x2037
0x203b	0x2037
0x203d	0x2037
0x205e	0x2037
0x2060	0x2037
0x2064	0x2037
0x2069	0x2037
0x206a	0x2037
0x206c	0x2037
0x206d	0x2037
0x2072	0x2071
0x2075	0x2071
0x2077	0x2071
0x2078	0x2071
0x2813	0x2812
0x2815	0x2812
0x2818	0x2812
0x281b	0x2812
0x2822	0x281f
0x2843	0x281f
0x2846	0x281f
0x2848	0x281f
0x284b	0x281f
0x2ba3	0x2ba2
0x2ba5	0x2ba2
0x2ba9	0x2ba2
0x2bb0	0x2bad
0x2bb5	0x2bad
0x2bba	0x2bb9
0x2bbd	0x2bb9
0x2bc0	0x2bb9
0x2bc5	0x2bb9
0x2bca	0x2bc9
0x2bcd	0x2bc9
0x30da	0x30d9
0x6481	0x6480
0x64a5	0x64a4
0x64c9	0x64c8
0x64ed	0x64ec
0xca00	0x630B0x1ef
0xd400	0x644B0x1ef
0x11000	0xcbeB0x455
0x11a00	0xcd2B0x455
0x12400	0xefc
0x12e00	0xf08
0x13800	0x1366
0x14200	0x136d
0x14c00	0x13d7
0x15600	0x15ea
0x16000	0x193e
0x16a00	0x1aa1
0x17400	0x1aa8
0x17e00	0x1b12
0x18800	0x1b4e
0x1a600	0x2071
0x1f3	0x1ef
0x28b	0x287
0x459	0x455
0x347	0x343
0x3f1	0x3ed
0x1ee	0x1d9
0x454	0x43f
0x484	0x470
0x4f4	0x4ec
0x186	0x171
0x2ee	0x2d9
0x4ad	0x498
0x342	0x32d
0x3bc	0x3a7
0x286	0x272
0x557	0x542
0x256	0x241
0x37f	0x36a
0x3ec	0x3d8
0x15a3	0x157b
0xeb9	0xe96
0x17f6	0x17d3
0x1905	0x18e2
0x15b	0x14f
0x4d6	0x4ca
0x52c	0x520
0x200	0x1f4
0x466	0x45a
0x22b	0x21f
0x2c3	0x2b7
0x429	0x41d
0xe69	0xde9
0x17a6	0x172c
0x18b5	0x1839
0x15c6	0x15b3
0x1010	0xff0
0x10c1	0x1099
0x198	0x18c
0x1c3	0x1b7
0x268	0x25c
0x298	0x28c
0x354	0x348
0x391	0x385
0x3ce	0x3c2
0x3fe	0x3f2
0x501	0x4f5
0x569	0x55d
0x1337	0x12f0
0x1a0d	0x19c9
0x83f	0x719
0x1266	0x1206
0x317	0x30b
0x201a	0x1fe9
0x1156	0x1126
0xef2	0xec2
0x1c9c	0x1c6c
0x182f	0x17ff
0xfa5	0xf75
0xddf	0xdaf
0x11db	0x11ab
0x13b2	0x1382
0x1aed	0x1abd
0x5f3	0x5c3B0x1ef
0xc81	0xc51B0x455
0x1365	0x135e
0x1aa0	0x1a99
0x19c8	0x19a9
0x1454	0x140c
0x15b2	0x15a4
0x2f3	0x2ef
0x4b2	0x4ae
0x70e	0x705
0x718	0x70f
0xd44	0xd3d
0x12ef	0x127f
0x1a67	0x1a19
0x1d04	0x1cb8
0x2bb8	0x2bad
0x2bc8	0x2bb9
0x6e	0x6b
0xaa	0xa7
0xfc	0xf9
0x14e	0x146
0x18b	0x187
0x1b6	0x1ae
0x21e	0x216
0x25b	0x257
0x2b6	0x2ae
0x30a	0x302
0x384	0x380
0x3c1	0x3bd
0x41c	0x414
0x489	0x485
0x4c9	0x4c1
0x51f	0x517
0x55c	0x558
0x598	0x573
0x5b0	0x599
0x5b6	0x5b1
0x682	0x676B0x1ef
0x6a7	0x68fB0x1ef
0x6d2	0x6af
0x704	0x6d3
0x859	0x850
0x95e	0x956
0xa82	0xa51
0xc44	0xc21
0xd10	0xd04B0x455
0xd35	0xd1dB0x455
0xfbb	0xfaf
0x103f	0x1011
0x1205	0x11f4
0x127e	0x1267
0x1347	0x1338
0x162e	0x1609
0x1706	0x16e1
0x172b	0x1707
0x1ddb	0x1d9a
0x2036	0x2024
0x281e	0x2812
0x2851	0x281f
0x2bac	0x2ba2
0x2bd8	0x2bc9
0x30e3	0x30d9
0xca20	0x630B0x1ef
0xd420	0x644B0x1ef
0x11020	0xcbeB0x455
0x11a20	0xcd2B0x455
0x12420	0xefc
0x12e20	0xf08
0x13820	0x1366
0x14220	0x136d
0x14c20	0x13d7
0x15620	0x15ea
0x16020	0x193e
0x16a20	0x1aa1
0x17420	0x1aa8
0x17e20	0x1b12
0x18820	0x1b4e
0x1a620	0x2071
0x1d	0xd
0x28	0x1e
0xb6	0xab
0x141	0x13a
0x16c	0x165
0x1a9	0x1a2
0x1d4	0x1cd
0x211	0x20a
0x23c	0x235
0x2a9	0x2a2
0x2d4	0x2cd
0x2fd	0x2f6
0x328	0x321
0x365	0x35e
0x3a2	0x39b
0x40f	0x408
0x43a	0x433
0x493	0x48c
0x4bc	0x4b5
0x4e7	0x4e0
0x512	0x50b
0x53d	0x536
0x5c2	0x5b7B0x1ef
0x610	0x5fdB0x1ef
0x62f	0x615B0x1ef
0x653	0x64aB0x1ef
0x660	0x654B0x1ef
0x674	0x662B0x1ef
0x68d	0x683B0x1ef
0xc50	0xc45B0x455
0xc9e	0xc8bB0x455
0xcbd	0xca3B0x455
0xce1	0xcd8B0x455
0xcee	0xce2B0x455
0xd02	0xcf0B0x455
0xd1b	0xd11B0x455
0xdae	0xd45
0xe7d	0xe6a
0xe8c	0xe82
0xec1	0xeba
0xf07	0xeff
0xf12	0xf0a
0xf1c	0xf13
0xf4a	0xf1e
0xf74	0xf4c
0xfee	0xfbc
0x1067	0x1040
0x107f	0x1069
0x1097	0x1081
0x10da	0x10c2
0x1125	0x10e4
0x116a	0x1160
0x11aa	0x116c
0x11f2	0x11e5
0x135d	0x1348
0x136c	0x1367
0x1381	0x137d
0x13d6	0x13bc
0x1562	0x1455
0x1571	0x1567
0x15e9	0x15c7
0x17ba	0x17a7
0x17c9	0x17bf
0x17fe	0x17f7
0x18c9	0x18b6
0x18d8	0x18ce
0x193d	0x1906
0x199f	0x1963
0x1a98	0x1a83
0x1aa7	0x1aa2
0x1abc	0x1ab8
0x1b11	0x1af7
0x1b4d	0x1b47
0x1c6b	0x1c5b
0x1fe8	0x1fdc
0x2070	0x2037
0x6ae	0x6a8B0x1ef
0x84f	0x840
0xd3c	0xd36B0x455
0x1a18	0x1a0e
0x1a6b	0x1a68
0x1caf	0x1ca6
0x1d08	0x1d05
0x1de3	0x1ddc
0x3c488	0x3c484
0x3c4aa	0x3c4a8
0x3c4f7	0x3c4ef
0x3c564	0x3c560
0x3c586	0x3c584
0x3c5d3	0x3c5cb
0x1a16	0x1a0e
0x848	0x840
0x126f	0x1267
0x1340	0x1338
0x2f5	0x2f4
0x48b	0x48a
0x4b4	0x4b3
0x164	0x15c
0x1a1	0x199
0x1cc	0x1c4
0x209	0x201
0x234	0x22c
0x271	0x269
0x2a1	0x299
0x2cc	0x2c4
0x320	0x318
0x35d	0x355
0x39a	0x392
0x3d7	0x3cf
0x407	0x3ff
0x432	0x42a
0x46f	0x467
0x4df	0x4d7
0x50a	0x502
0x535	0x52d
0x572	0x56a
0x139	0x135
0x145	0x142
0x170	0x16d
0x1ad	0x1aa
0x1d8	0x1d5
0x215	0x212
0x240	0x23d
0x2ad	0x2aa
0x2d8	0x2d5
0x301	0x2fe
0x32c	0x329
0x369	0x366
0x3a6	0x3a3
0x413	0x410
0x43e	0x43b
0x497	0x494
0x4c0	0x4bd
0x4eb	0x4e8
0x516	0x513
0x541	0x53e
0x5fc	0x5f4B0x1ef
0x614	0x611B0x1ef
0xc8a	0xc82B0x455
0xca2	0xc9fB0x455
0xde8	0xde0
0xe81	0xe7e
0xe95	0xe8d
0xefb	0xef3
0xfae	0xfa6
0x10e3	0x10db
0x115f	0x1157
0x11e4	0x11dc
0x13bb	0x13b3
0x1566	0x1563
0x157a	0x1572
0x17be	0x17bb
0x17d2	0x17ca
0x1838	0x1830
0x18cd	0x18ca
0x18e1	0x18d9
0x19a8	0x19a0
0x1af6	0x1aee
0x1ca5	0x1c9d
0x2023	0x201b
0x6484	0x6480
0x64a8	0x64a4
0x64cc	0x64c8
0x64f0	0x64ec
0x63b	0x630B0x1ef
0xcc9	0xcbeB0x455
0x59e	0x599
0x5a2	0x599
0x5e8	0x5c3B0x1ef
0x61d	0x615B0x1ef
0x629	0x615B0x1ef
0x699	0x68fB0x1ef
0x6d8	0x6d3
0x6dc	0x6d3
0x6e4	0x6d3
0x6e8	0x6d3
0x6f0	0x6d3
0x6f4	0x6d3
0x720	0x719
0x726	0x719
0x75d	0x719
0x763	0x719
0x782	0x719
0x788	0x719
0x7bf	0x719
0x7c5	0x719
0x7d0	0x719
0x7d6	0x719
0xa56	0xa51
0xa5a	0xa51
0xa62	0xa51
0xa66	0xa51
0xa6e	0xa51
0xa72	0xa51
0xc76	0xc51B0x455
0xcab	0xca3B0x455
0xcb7	0xca3B0x455
0xd27	0xd1dB0x455
0xd4e	0xd45
0xd54	0xd45
0xd8b	0xd45
0xd91	0xd45
0xd9c	0xd45
0xda2	0xd45
0xdd4	0xdaf
0xe5d	0xde9
0xeac	0xe96
0xee7	0xec2
0xf9a	0xf75
0x101c	0x1011
0x1020	0x1011
0x104b	0x1040
0x104f	0x1040
0x10ac	0x1099
0x10b2	0x1099
0x114b	0x1126
0x11d0	0x11ab
0x1288	0x127f
0x128e	0x127f
0x12c5	0x127f
0x12cb	0x127f
0x12d6	0x127f
0x12dc	0x127f
0x13a7	0x1382
0x154c	0x1455
0x1596	0x157b
0x15d2	0x15c7
0x15d6	0x15c7
0x170c	0x1707
0x1710	0x1707
0x1718	0x1707
0x171c	0x1707
0x179a	0x172c
0x17e9	0x17d3
0x1824	0x17ff
0x18a9	0x1839
0x18f8	0x18e2
0x1ae2	0x1abd
0x1c91	0x1c6c
0x1dab	0x1d9a
0x1db0	0x1d9a
0x1dd6	0x1d9a
0x200e	0x1fe9
0x2847	0x281f
0x778	0x719
0x7df	0x719
0x12e5	0x127f
0x13f0	0x13d7
0x140a	0x13d7
0x144c	0x140c
0x145a	0x1455
0x149b	0x1455
0x14dd	0x1455
0x15e2	0x15c7
0x1602	0x15ea
0x1b2b	0x1b12
0x1b45	0x1b12
0x1b66	0x1b4e
0xe91	0xe8d
0x10df	0x10db
0x1576	0x1572
0x1587	0x157b
0x17ce	0x17ca
0x18dd	0x18d9
0x19a4	0x19a0
0x661	0x661B0x1ef
0x675	0x675B0x1ef
0x68e	0x68eB0x1ef
0xcef	0xcefB0x455
0xd03	0xd03B0x455
0xd1c	0xd1cB0x455
0xf1d	0xf1d
0xf4b	0xf4b
0xfef	0xfef
0x1068	0x1068
0x1080	0x1080
0x1098	0x1098
0x116b	0x116b
0x11f3	0x11f3
0xab	0xab
0x6f	0x6f
0x64a4	0x64a4
0x64c8	0x64c8
0xfd	0xfd
0x64ec	0x64ec
0x146	0x146
0x14f	0x14f
0x573	0x573
0x15c	0x15c
0x2bd9	0x2bd9B0x14f
0x2bd9	0x2bd9B0x4ca
0x2bd9	0x2bd9B0x520
0x2bd9	0x2bd9B0x162fB0x4ec
0x171	0x171
0x18c	0x18c
0x187	0x187
0x2351	0x2351B0x171
0x599	0x599
0x199	0x199
0x2f59	0x2f59B0x18c
0x2f59	0x2f59B0x1b7
0x2f59	0x2f59B0x25c
0x2f59	0x2f59B0x28c
0x2f59	0x2f59B0x348
0x2f59	0x2f59B0x385
0x2f59	0x2f59B0x3c2
0x2f59	0x2f59B0x3f2
0x2f59	0x2f59B0x4f5
0x2f59	0x2f59B0x55d
0x2f59	0x2f59B0x12f0
0x2f59	0x2f59B0x19c9
0x1ae	0x1ae
0x1b7	0x1b7
0x5b1	0x5b1
0x1c4	0x1c4
0x1d9	0x1d9
0x1f4	0x1f4
0x1ef	0x1ef
0x2455	0x2455B0x1d9
0x2455	0x2455B0x43f
0x5b7	0x5b7B0x1ef
0x201	0x201
0x2c54	0x2c54B0x1f4
0x2c54	0x2c54B0x45a
0x216	0x216
0x21f	0x21f
0x6af	0x6af
0x22c	0x22c
0x2c91	0x2c91B0x21f
0x2c91	0x2c91B0x2b7
0x2c91	0x2c91B0x41d
0x2c91	0x2c91B0x172c
0x2c91	0x2c91B0xde9
0x2c91	0x2c91B0x1839
0x241	0x241
0x25c	0x25c
0x257	0x257
0x2590	0x2590B0x241
0x2590	0x2590B0x36a
0x2590	0x2590B0x3d8
0x6d3	0x6d3
0x269	0x269
0x28c	0x28c
0x287	0x287
0x23f2	0x23f2B0x272
0x705	0x705
0x299	0x299
0x2ae	0x2ae
0x2b7	0x2b7
0x850	0x850
0x2c4	0x2c4
0x2d9	0x2d9
0x2f4	0x2f4
0x2ef	0x2ef
0x237a	0x237aB0x2d9
0x237a	0x237aB0x498
0x85a	0x85aB0x2ef
0x302	0x302
0x30b	0x30b
0x956	0x956
0x318	0x318
0x2c76	0x2c76B0x30b
0x32d	0x32d
0x348	0x348
0x343	0x343
0x23b6	0x23b6B0x32d
0x23b6	0x23b6B0x3a7
0x95f	0x95fB0x343
0x95f	0x95f0xc45B0x455
0x355	0x355
0x36a	0x36a
0x385	0x385
0x380	0x380
0xa51	0xa51
0x392	0x392
0x3a7	0x3a7
0x3c2	0x3c2
0x3bd	0x3bd
0xa83	0xa830x39b
0xa83	0xa830x5b7B0x1ef
0x3cf	0x3cf
0x3f2	0x3f2
0x3ed	0x3ed
0xc03	0xc03B0x3ed
0x3ff	0x3ff
0x414	0x414
0x41d	0x41d
0xc21	0xc21
0x42a	0x42a
0x43f	0x43f
0x45a	0x45a
0x455	0x455
0xc45	0xc45B0x455
0x467	0x467
0x48a	0x48a
0x485	0x485
0x25df	0x25dfB0x470
0xd3d	0xd3d
0x498	0x498
0x4b3	0x4b3
0x4ae	0x4ae
0x1348	0x1348
0x4c1	0x4c1
0x4ca	0x4ca
0x1609	0x1609
0x4d7	0x4d7
0x4ec	0x4ec
0x4f5	0x4f5
0x162f	0x162fB0x4ec
0x502	0x502
0x517	0x517
0x520	0x520
0x16e1	0x16e1
0x52d	0x52d
0x542	0x542
0x55d	0x55d
0x558	0x558
0x2554	0x2554B0x542
0x1707	0x1707
0x56a	0x56a
0x6a	0x60
0x67	0x60
0x5fd	0x5fdB0x1ef
0x5f4	0x5f4B0x1ef
0x2ed9	0x2ed9B0x5c3B0x1ef
0x2ed9	0x2ed9B0xc51B0x455
0x615	0x615B0x1ef
0x644	0x644B0x1ef
0x6a8	0x6a8B0x1ef
0x683	0x683B0x1ef
0x662	0x662B0x1ef
0x676	0x676B0x1ef
0x68f	0x68fB0x1ef
0x64a	0x64aB0x1ef
0x70f	0x70f
0x172c	0x172c
0x719	0x719
0x1a19	0x1a19
0x840	0x840
0x2f74	0x2f74B0x719
0x2f74	0x2f74B0x1206
0x2f74	0x2f74B0xb670x39b
0x2f74	0x2f74B0x1bbf0x470
0x2f74	0x2f74B0x1bbf0x95fB0x343
0x2f74	0x2f74B0xb670x5b7B0x1ef
0x2f74	0x2f74B0x1bbf0xc45B0x455
0xc8b	0xc8bB0x455
0xc82	0xc82B0x455
0xca3	0xca3B0x455
0xcd2	0xcd2B0x455
0xd36	0xd36B0x455
0xd11	0xd11B0x455
0xcf0	0xcf0B0x455
0xd04	0xd04B0x455
0xd1d	0xd1dB0x455
0xcd8	0xcd8B0x455
0xd45	0xd45
0xde9	0xde9
0xde0	0xde0
0x2e79	0x2e79B0xdaf
0xe6a	0xe6a
0xe82	0xe82
0xe96	0xe96
0xeba	0xeba
0x252b	0x252bB0xe96
0x252b	0x252bB0x17d3
0x252b	0x252bB0x18e2
0x252b	0x252bB0x16b8B0x4ec
0xefc	0xefc
0xef3	0xef3
0x2dd9	0x2dd9B0xec2
0x127f	0x127f
0xfbc	0xfbc
0xf1e	0xf1e
0xf4c	0xf4c
0xfaf	0xfaf
0xfa6	0xfa6
0x2e39	0x2e39B0xf75
0xf0a	0xf0a
0xff0	0xff0
0x1011	0x1011
0x2cf1	0x2cf1B0xff0
0x1040	0x1040
0x2ba2	0x2ba2
0x1069	0x1069
0x1081	0x1081
0x1099	0x1099
0x10c2	0x10c2
0x2d52	0x2d52B0x1099
0x10e4	0x10e4
0x1160	0x1160
0x1157	0x1157
0x2db9	0x2db9B0x1126
0x116c	0x116c
0x11e5	0x11e5
0x11dc	0x11dc
0x2e99	0x2e99B0x11ab
0x1206	0x1206
0x11f4	0x11f4
0x1b6b	0x1b6b0x470
0x1b6b	0x1b6b0x95fB0x343
0x1b6b	0x1b6b0xc45B0x455
0x1267	0x1267
0xeff	0xeff
0x12f0	0x12f0
0x1cb8	0x1cb8
0x1338	0x1338
0x1367	0x1367
0x1366	0x1366
0x1a6c	0x1a6cB0x135e
0x1a6c	0x1a6cB0x1a99
0x1a6c	0x1a6cB0x870B0x2ef
0x137d	0x137d
0x13bc	0x13bc
0x13b3	0x13b3
0x2eb9	0x2eb9B0x1382
0x2eb9	0x2eb9B0x1abd
0x2eb9	0x2eb9B0x894B0x2ef
0x140c	0x140c
0x1455	0x1455
0x1d09	0x1d09B0x140c
0x1d09	0x1d09B0x15a4
0x1567	0x1567
0x157b	0x157b
0x15a4	0x15a4
0x24ea	0x24eaB0x157b
0x15b3	0x15b3
0x15c7	0x15c7
0x2cac	0x2cacB0x15b3
0x3c484	0x3c484
0x17a7	0x17a7
0x17bf	0x17bf
0x17d3	0x17d3
0x17f7	0x17f7
0x1839	0x1839
0x1830	0x1830
0x2e19	0x2e19B0x17ff
0x18b6	0x18b6
0x18ce	0x18ce
0x18e2	0x18e2
0x1906	0x1906
0x1963	0x1963
0x8fc	0x8e9B0x2ef
0x19a9	0x19a9
0x19c9	0x19c9
0x1cb0	0x1cb0B0x19a9
0x1cb0	0x1cb0B0xc03B0x3ed
0x1a0e	0x1a0e
0x1a68	0x1a68
0x1d11	0x1d11B0x1a19
0x1aa2	0x1aa2
0x1aa1	0x1aa1
0x1ab8	0x1ab8
0x1af7	0x1af7
0x1aee	0x1aee
0x1b47	0x1b47
0x3c4a8	0x3c4a8
0x1ca6	0x1ca6
0x1c9d	0x1c9d
0x2df9	0x2df9B0x1c6c
0x1d05	0x1d05
0x1de4	0x1de4B0x1cb8
0x1ddc	0x1ddc
0x1e	0x1e
0x1fdc	0x1fdc
0x2024	0x2024
0x201b	0x201b
0x2d97	0x2d97B0x1fe9
0x3c4ef	0x3c4ef
0x281f	0x281f
0x30d9	0x30d9
0x2bad	0x2bad
0x2812	0x2812
0x2bb9	0x2bb9
0x2711	0x2711B0x2bad
0x2711	0x2711B0x2bb9
0x2bc9	0x2bc9
0x3c560	0x3c560
0x3c584	0x3c584
0x3c5cb	0x3c5cb
0x13a	0x13a
0x165	0x165
0x1a2	0x1a2
0x1cd	0x1cd
0x20a	0x20a
0x235	0x235
0x272	0x272
0x2a2	0x2a2
0x2cd	0x2cd
0x2f6	0x2f6
0x321	0x321
0x35e	0x35e
0x39b	0x39b
0x3d8	0x3d8
0x408	0x408
0x433	0x433
0x470	0x470
0x48c	0x48c
0x4b5	0x4b5
0x4e0	0x4e0
0x50b	0x50b
0x536	0x536
0x6480	0x6480
0xa3f	0xa3f0x95fB0x343
0xa3f	0xa3f0xc45B0x455
0x1c4d	0x1c4d0x470
0x1c4d	0x1c4d0x95fB0x343
0x1c4d	0x1c4d0xc45B0x455
0x1bbf	0x1bbf0x470
0x1bbf	0x1bbf0x95fB0x343
0x1bbf	0x1bbf0xc45B0x455
0xbf5	0xbf50x39b
0xbf5	0xbf50x5b7B0x1ef
0xb67	0xb670x39b
0xb67	0xb670x5b7B0x1ef
0xb0c	0xb0c0x39b
0xb0c	0xb0c0x5b7B0x1ef
0xb15	0xb150x39b
0xb15	0xb150x5b7B0x1ef
0xa49	0xa490x95fB0x343
0xa49	0xa490xc45B0x455
0x9e8	0x9e80x95fB0x343
0x9e8	0x9e80xc45B0x455
0x9f1	0x9f10x95fB0x343
0x9f1	0x9f10xc45B0x455
0x1d9a	0x1d9a
0x1c5b	0x1c5b
0x2f19	0x2f19B0xadb0x39b
0x2f19	0x2f19B0x9b70x95fB0x343
0x2f19	0x2f19B0xadb0x5b7B0x1ef
0x2f19	0x2f19B0x9b70xc45B0x455
0x2ef2	0x2ef2B0x5c3B0x1ef
0x2ef2	0x2ef2B0xc51B0x455
0x2a38	0x2a38B0x5c3B0x1ef
0x2a38	0x2a38B0xc51B0x455
0x2a45	0x2a45B0x5c3B0x1ef
0x2a45	0x2a45B0xc51B0x455
0x30c8	0x30c8B0x2952B0xdaf
0x30c8	0x30c8B0x27d2B0xec2
0x30c8	0x30c8B0x28d2B0xf75
0x30c8	0x30c8B0x2792B0x1126
0x30c8	0x30c8B0x2992B0x11ab
0x30c8	0x30c8B0x29d2B0x1382
0x30c8	0x30c8B0x2892B0x17ff
0x30c8	0x30c8B0x29d2B0x1abd
0x30c8	0x30c8B0x2852B0x1c6c
0x30c8	0x30c8B0x2764B0x1fe9
0x30c8	0x30c8B0x2adeB0xadb0x39b
0x30c8	0x30c8B0x29d2B0x894B0x2ef
0x30c8	0x30c8B0x2adeB0x9b70x95fB0x343
0x30c8	0x30c8B0x2b1eB0x1e8eB0x1d32B0x1a19
0x30c8	0x30c8B0x2912B0x1f3eB0x1d32B0x1a19
0x30c8	0x30c8B0x2a78B0x1f9bB0x1d32B0x1a19
0x30c8	0x30c8B0x2b1eB0x1e8eB0x1e03B0x1cb8
0x30c8	0x30c8B0x2912B0x1f3eB0x1e03B0x1cb8
0x30c8	0x30c8B0x2a78B0x1f9bB0x1e03B0x1cb8
0x30c8	0x30c8B0x2a38B0x5c3B0x1ef
0x30c8	0x30c8B0x2adeB0xadb0x5b7B0x1ef
0x30c8	0x30c8B0x2a38B0xc51B0x455
0x30c8	0x30c8B0x2adeB0x9b70xc45B0x455
0x2e92	0x2e92B0xdaf
0x2952	0x2952B0xdaf
0x295f	0x295fB0xdaf
0x2df2	0x2df2B0xec2
0x27d2	0x27d2B0xec2
0x27df	0x27dfB0xec2
0x2e52	0x2e52B0xf75
0x28d2	0x28d2B0xf75
0x28df	0x28dfB0xf75
0x2dd2	0x2dd2B0x1126
0x2792	0x2792B0x1126
0x279f	0x279fB0x1126
0x2eb2	0x2eb2B0x11ab
0x2992	0x2992B0x11ab
0x299f	0x299fB0x11ab
0xc	0x0
0x2ed2	0x2ed2B0x1382
0x2ed2	0x2ed2B0x1abd
0x2ed2	0x2ed2B0x894B0x2ef
0x29d2	0x29d2B0x1382
0x29d2	0x29d2B0x1abd
0x29d2	0x29d2B0x894B0x2ef
0x29df	0x29dfB0x1382
0x29df	0x29dfB0x1abd
0x29df	0x29dfB0x894B0x2ef
0x2e32	0x2e32B0x17ff
0x2892	0x2892B0x17ff
0x289f	0x289fB0x17ff
0x2e12	0x2e12B0x1c6c
0x2852	0x2852B0x1c6c
0x285f	0x285fB0x1c6c
0x2db1	0x2db1B0x1fe9
0x2759	0x2759B0x1fe9
0x276e	0x276eB0x1fe9
0x277e	0x277eB0x1fe9
0x3143	0x3143B0x276eB0x1fe9
0x3143	0x3143B0x228aB0x2516B0x157b
0x3143	0x3143B0x273dB0x1ec8B0x1d32B0x1a19
0x3143	0x3143B0x273dB0x1ec8B0x1e03B0x1cb8
0x2787	0x2787B0x1fe9
0x3180	0x3180B0x1fe9
0x2764	0x2764B0x1fe9
0x3094	0x3094B0x1fe9
0x3c5f3	0x3c5f3B0x276eB0x1fe9
0x3c5f3	0x3c5f3B0x228aB0x2516B0x157b
0x3c5f3	0x3c5f3B0x273dB0x1ec8B0x1d32B0x1a19
0x3c5f3	0x3c5f3B0x273dB0x1ec8B0x1e03B0x1cb8
0x3146	0x3146B0x276eB0x1fe9
0x3146	0x3146B0x228aB0x2516B0x157b
0x3146	0x3146B0x273dB0x1ec8B0x1d32B0x1a19
0x3146	0x3146B0x273dB0x1ec8B0x1e03B0x1cb8
0x3c517	0x3c517B0x276eB0x1fe9
0x3c517	0x3c517B0x228aB0x2516B0x157b
0x3c517	0x3c517B0x273dB0x1ec8B0x1d32B0x1a19
0x3c517	0x3c517B0x273dB0x1ec8B0x1e03B0x1cb8
0x3161	0x3161B0x276eB0x1fe9
0x3161	0x3161B0x228aB0x2516B0x157b
0x3161	0x3161B0x273dB0x1ec8B0x1d32B0x1a19
0x3161	0x3161B0x273dB0x1ec8B0x1e03B0x1cb8
0x2aeb	0x2aebB0xadb0x39b
0x2aeb	0x2aebB0x9b70x95fB0x343
0x2aeb	0x2aebB0xadb0x5b7B0x1ef
0x2aeb	0x2aebB0x9b70xc45B0x455
0x2f32	0x2f32B0xadb0x39b
0x2f32	0x2f32B0x9b70x95fB0x343
0x2f32	0x2f32B0xadb0x5b7B0x1ef
0x2f32	0x2f32B0x9b70xc45B0x455
0x2ade	0x2adeB0xadb0x39b
0x2ade	0x2adeB0x9b70x95fB0x343
0x2ade	0x2adeB0xadb0x5b7B0x1ef
0x2ade	0x2adeB0x9b70xc45B0x455
0x2c8b	0x2c8bB0x30b
0x26f3	0x26f3B0x30b
0x26fc	0x26fcB0x30b
0x30f6	0x30f6B0x26f3B0x30b
0x30f6	0x30f6B0x31a8B0x2220B0x24d3B0x1f83B0x1d32B0x1a19
0x30f6	0x30f6B0x31a8B0x2220B0x24d3B0x1f83B0x1e03B0x1cb8
0x3176	0x3176B0x2bad
0x3176	0x3176B0x2bb9
0x2722	0x2722B0x2bad
0x2722	0x2722B0x2bb9
0x271d	0x271dB0x2bad
0x271d	0x271dB0x2bb9
0x3102	0x3102B0x2711B0x2bad
0x3102	0x3102B0x2711B0x2bb9
0x3102	0x3102B0x2702B0x2c91B0x21f
0x3102	0x3102B0x2702B0x2c91B0x2b7
0x3102	0x3102B0x2702B0x2c91B0x41d
0x3102	0x3102B0x2702B0x2c91B0x172c
0x3102	0x3102B0x2702B0x2c91B0xde9
0x3102	0x3102B0x2702B0x2cf1B0xff0
0x3102	0x3102B0x2702B0x2d52B0x1099
0x3102	0x3102B0x2702B0x2d74B0x1099
0x3102	0x3102B0x2702B0x2d81B0x1099
0x3102	0x3102B0x2702B0x2cacB0x15b3
0x3102	0x3102B0x2702B0x2cc1B0x15b3
0x3102	0x3102B0x2702B0x2c91B0x1839
0x3102	0x3102B0x31bfB0x2235B0x22deB0x2655B0x470
0x3102	0x3102B0x31bfB0x2235B0x22f2B0x2655B0x470
0x2bee	0x2beeB0x14f
0x2bee	0x2beeB0x4ca
0x2bee	0x2beeB0x520
0x2bee	0x2beeB0x162fB0x4ec
0x2686	0x2686B0x2bd9B0x14f
0x2686	0x2686B0x2bd9B0x4ca
0x2686	0x2686B0x2bd9B0x520
0x2686	0x2686B0x2d13B0xff0
0x2686	0x2686B0x2d3aB0xff0
0x2686	0x2686B0x2cdbB0x15b3
0x2686	0x2686B0x2bd9B0x162fB0x4ec
0x2686	0x2686B0x2bf4B0x1d11B0x1a19
0x2686	0x2686B0x2c09B0x1d11B0x1a19
0x2686	0x2686B0x2c2bB0x1de4B0x1cb8
0x268f	0x268fB0x2bd9B0x14f
0x268f	0x268fB0x2bd9B0x4ca
0x268f	0x268fB0x2bd9B0x520
0x268f	0x268fB0x2d13B0xff0
0x268f	0x268fB0x2d3aB0xff0
0x268f	0x268fB0x2cdbB0x15b3
0x268f	0x268fB0x2bd9B0x162fB0x4ec
0x268f	0x268fB0x2bf4B0x1d11B0x1a19
0x268f	0x268fB0x2c09B0x1d11B0x1a19
0x268f	0x268fB0x2c2bB0x1de4B0x1cb8
0x30e4	0x30e4B0x2686B0x2bd9B0x14f
0x30e4	0x30e4B0x2686B0x2bd9B0x4ca
0x30e4	0x30e4B0x2686B0x2bd9B0x520
0x30e4	0x30e4B0x2686B0x2d13B0xff0
0x30e4	0x30e4B0x2686B0x2d3aB0xff0
0x30e4	0x30e4B0x2686B0x2cdbB0x15b3
0x30e4	0x30e4B0x3191B0x2082B0x2363B0x171
0x30e4	0x30e4B0x3191B0x2082B0x25b3B0x241
0x30e4	0x30e4B0x3191B0x2082B0x238dB0x2d9
0x30e4	0x30e4B0x3191B0x2082B0x239bB0x2d9
0x30e4	0x30e4B0x3191B0x2082B0x23c9B0x32d
0x30e4	0x30e4B0x3191B0x2082B0x25b3B0x36a
0x30e4	0x30e4B0x3191B0x2082B0x23c9B0x3a7
0x30e4	0x30e4B0x3191B0x2082B0x238dB0x498
0x30e4	0x30e4B0x3191B0x2082B0x239bB0x498
0x30e4	0x30e4B0x2686B0x2bd9B0x162fB0x4ec
0x30e4	0x30e4B0x3191B0x2082B0x2575B0x542
0x30e4	0x30e4B0x3191B0x2082B0x2408B0x272
0x30e4	0x30e4B0x3191B0x2082B0x2427B0x272
0x30e4	0x30e4B0x3191B0x2082B0x25b3B0x3d8
0x30e4	0x30e4B0x3191B0x2082B0x20ecB0x2482B0x1d9
0x30e4	0x30e4B0x3191B0x2082B0x20ecB0x2482B0x43f
0x30e4	0x30e4B0x2686B0x2bf4B0x1d11B0x1a19
0x30e4	0x30e4B0x2686B0x2c09B0x1d11B0x1a19
0x30e4	0x30e4B0x2686B0x2c2bB0x1de4B0x1cb8
0x30e4	0x30e4B0x3191B0x2082B0x2605B0x470
0x30e4	0x30e4B0x3191B0x2082B0x22baB0x2655B0x470
0x30ef	0x30efB0x2686B0x2bd9B0x14f
0x30ef	0x30efB0x2686B0x2bd9B0x4ca
0x30ef	0x30efB0x2686B0x2bd9B0x520
0x30ef	0x30efB0x2686B0x2d13B0xff0
0x30ef	0x30efB0x2686B0x2d3aB0xff0
0x30ef	0x30efB0x2686B0x2cdbB0x15b3
0x30ef	0x30efB0x3191B0x2082B0x2363B0x171
0x30ef	0x30efB0x3191B0x2082B0x25b3B0x241
0x30ef	0x30efB0x3191B0x2082B0x238dB0x2d9
0x30ef	0x30efB0x3191B0x2082B0x239bB0x2d9
0x30ef	0x30efB0x3191B0x2082B0x23c9B0x32d
0x30ef	0x30efB0x3191B0x2082B0x25b3B0x36a
0x30ef	0x30efB0x3191B0x2082B0x23c9B0x3a7
0x30ef	0x30efB0x3191B0x2082B0x238dB0x498
0x30ef	0x30efB0x3191B0x2082B0x239bB0x498
0x30ef	0x30efB0x2686B0x2bd9B0x162fB0x4ec
0x30ef	0x30efB0x3191B0x2082B0x2575B0x542
0x30ef	0x30efB0x3191B0x2082B0x2408B0x272
0x30ef	0x30efB0x3191B0x2082B0x2427B0x272
0x30ef	0x30efB0x3191B0x2082B0x25b3B0x3d8
0x30ef	0x30efB0x3191B0x2082B0x20ecB0x2482B0x1d9
0x30ef	0x30efB0x3191B0x2082B0x20ecB0x2482B0x43f
0x30ef	0x30efB0x2686B0x2bf4B0x1d11B0x1a19
0x30ef	0x30efB0x2686B0x2c09B0x1d11B0x1a19
0x30ef	0x30efB0x2686B0x2c2bB0x1de4B0x1cb8
0x30ef	0x30efB0x3191B0x2082B0x2605B0x470
0x30ef	0x30efB0x3191B0x2082B0x22baB0x2655B0x470
0x310c	0x310cB0x2686B0x2bd9B0x14f
0x310c	0x310cB0x2686B0x2bd9B0x4ca
0x310c	0x310cB0x2686B0x2bd9B0x520
0x310c	0x310cB0x2686B0x2d13B0xff0
0x310c	0x310cB0x2686B0x2d3aB0xff0
0x310c	0x310cB0x2686B0x2cdbB0x15b3
0x310c	0x310cB0x3191B0x2082B0x2363B0x171
0x310c	0x310cB0x3191B0x2082B0x25b3B0x241
0x310c	0x310cB0x3191B0x2082B0x238dB0x2d9
0x310c	0x310cB0x3191B0x2082B0x239bB0x2d9
0x310c	0x310cB0x3191B0x2082B0x23c9B0x32d
0x310c	0x310cB0x3191B0x2082B0x25b3B0x36a
0x310c	0x310cB0x3191B0x2082B0x23c9B0x3a7
0x310c	0x310cB0x3191B0x2082B0x238dB0x498
0x310c	0x310cB0x3191B0x2082B0x239bB0x498
0x310c	0x310cB0x2686B0x2bd9B0x162fB0x4ec
0x310c	0x310cB0x3191B0x2082B0x2575B0x542
0x310c	0x310cB0x3191B0x2082B0x2408B0x272
0x310c	0x310cB0x3191B0x2082B0x2427B0x272
0x310c	0x310cB0x3191B0x2082B0x25b3B0x3d8
0x310c	0x310cB0x3191B0x2082B0x20ecB0x2482B0x1d9
0x310c	0x310cB0x3191B0x2082B0x20ecB0x2482B0x43f
0x310c	0x310cB0x2686B0x2bf4B0x1d11B0x1a19
0x310c	0x310cB0x2686B0x2c09B0x1d11B0x1a19
0x310c	0x310cB0x2686B0x2c2bB0x1de4B0x1cb8
0x310c	0x310cB0x3191B0x2082B0x2605B0x470
0x310c	0x310cB0x3191B0x2082B0x22baB0x2655B0x470
0x2f6e	0x2f6eB0x18c
0x2f6e	0x2f6eB0x1b7
0x2f6e	0x2f6eB0x25c
0x2f6e	0x2f6eB0x28c
0x2f6e	0x2f6eB0x348
0x2f6e	0x2f6eB0x385
0x2f6e	0x2f6eB0x3c2
0x2f6e	0x2f6eB0x3f2
0x2f6e	0x2f6eB0x4f5
0x2f6e	0x2f6eB0x55d
0x2f6e	0x2f6eB0x12f0
0x2f6e	0x2f6eB0x19c9
0x2b6d	0x2b6dB0x2f59B0x18c
0x2b6d	0x2b6dB0x2f59B0x1b7
0x2b6d	0x2b6dB0x2f59B0x25c
0x2b6d	0x2b6dB0x2f59B0x28c
0x2b6d	0x2b6dB0x2f59B0x348
0x2b6d	0x2b6dB0x2f59B0x385
0x2b6d	0x2b6dB0x2f59B0x3c2
0x2b6d	0x2b6dB0x2f59B0x3f2
0x2b6d	0x2b6dB0x2f59B0x4f5
0x2b6d	0x2b6dB0x2f59B0x55d
0x2b6d	0x2b6dB0x2f74B0x719
0x2b6d	0x2b6dB0x2f89B0x719
0x2b6d	0x2b6dB0x2d06B0xff0
0x2b6d	0x2b6dB0x2d20B0xff0
0x2b6d	0x2b6dB0x2d2dB0xff0
0x2b6d	0x2b6dB0x2f74B0x1206
0x2b6d	0x2b6dB0x2f89B0x1206
0x2b6d	0x2b6dB0x2f59B0x12f0
0x2b6d	0x2b6dB0x2cceB0x15b3
0x2b6d	0x2b6dB0x2f59B0x19c9
0x2b6d	0x2b6dB0x2f74B0xb670x39b
0x2b6d	0x2b6dB0x2f89B0xb670x39b
0x2b6d	0x2b6dB0x2f74B0x1bbf0x470
0x2b6d	0x2b6dB0x2f89B0x1bbf0x470
0x2b6d	0x2b6dB0x2f74B0x1bbf0x95fB0x343
0x2b6d	0x2b6dB0x2f89B0x1bbf0x95fB0x343
0x2b6d	0x2b6dB0x2c16B0x1d11B0x1a19
0x2b6d	0x2b6dB0x2c40B0x1de4B0x1cb8
0x2b6d	0x2b6dB0x2f74B0xb670x5b7B0x1ef
0x2b6d	0x2b6dB0x2f89B0xb670x5b7B0x1ef
0x2b6d	0x2b6dB0x2f74B0x1bbf0xc45B0x455
0x2b6d	0x2b6dB0x2f89B0x1bbf0xc45B0x455
0x2b76	0x2b76B0x2f59B0x18c
0x2b76	0x2b76B0x2f59B0x1b7
0x2b76	0x2b76B0x2f59B0x25c
0x2b76	0x2b76B0x2f59B0x28c
0x2b76	0x2b76B0x2f59B0x348
0x2b76	0x2b76B0x2f59B0x385
0x2b76	0x2b76B0x2f59B0x3c2
0x2b76	0x2b76B0x2f59B0x3f2
0x2b76	0x2b76B0x2f59B0x4f5
0x2b76	0x2b76B0x2f59B0x55d
0x2b76	0x2b76B0x2f74B0x719
0x2b76	0x2b76B0x2f89B0x719
0x2b76	0x2b76B0x2d06B0xff0
0x2b76	0x2b76B0x2d20B0xff0
0x2b76	0x2b76B0x2d2dB0xff0
0x2b76	0x2b76B0x2f74B0x1206
0x2b76	0x2b76B0x2f89B0x1206
0x2b76	0x2b76B0x2f59B0x12f0
0x2b76	0x2b76B0x2cceB0x15b3
0x2b76	0x2b76B0x2f59B0x19c9
0x2b76	0x2b76B0x2f74B0xb670x39b
0x2b76	0x2b76B0x2f89B0xb670x39b
0x2b76	0x2b76B0x2f74B0x1bbf0x470
0x2b76	0x2b76B0x2f89B0x1bbf0x470
0x2b76	0x2b76B0x2f74B0x1bbf0x95fB0x343
0x2b76	0x2b76B0x2f89B0x1bbf0x95fB0x343
0x2b76	0x2b76B0x2c16B0x1d11B0x1a19
0x2b76	0x2b76B0x2c40B0x1de4B0x1cb8
0x2b76	0x2b76B0x2f74B0xb670x5b7B0x1ef
0x2b76	0x2b76B0x2f89B0xb670x5b7B0x1ef
0x2b76	0x2b76B0x2f74B0x1bbf0xc45B0x455
0x2b76	0x2b76B0x2f89B0x1bbf0xc45B0x455
0x312c	0x312cB0x2b6dB0x2f59B0x18c
0x312c	0x312cB0x2b6dB0x2f59B0x1b7
0x312c	0x312cB0x2b5eB0x2c54B0x1f4
0x312c	0x312cB0x2b6dB0x2f59B0x25c
0x312c	0x312cB0x2b6dB0x2f59B0x28c
0x312c	0x312cB0x2b6dB0x2f59B0x348
0x312c	0x312cB0x2b6dB0x2f59B0x385
0x312c	0x312cB0x2b6dB0x2f59B0x3c2
0x312c	0x312cB0x2b6dB0x2f59B0x3f2
0x312c	0x312cB0x2b5eB0x2c54B0x45a
0x312c	0x312cB0x2b6dB0x2f59B0x4f5
0x312c	0x312cB0x2b6dB0x2f59B0x55d
0x312c	0x312cB0x2b6dB0x2f74B0x719
0x312c	0x312cB0x2b6dB0x2f89B0x719
0x312c	0x312cB0x31d6B0x2327B0x253dB0xe96
0x312c	0x312cB0x2b6dB0x2d06B0xff0
0x312c	0x312cB0x2b6dB0x2d20B0xff0
0x312c	0x312cB0x2b6dB0x2d2dB0xff0
0x312c	0x312cB0x2b6dB0x2f74B0x1206
0x312c	0x312cB0x2b6dB0x2f89B0x1206
0x312c	0x312cB0x2b6dB0x2f59B0x12f0
0x312c	0x312cB0x2b6dB0x2cceB0x15b3
0x312c	0x312cB0x31d6B0x2327B0x253dB0x17d3
0x312c	0x312cB0x31d6B0x2327B0x253dB0x18e2
0x312c	0x312cB0x2b6dB0x2f59B0x19c9
0x312c	0x312cB0x2b6dB0x2f74B0xb670x39b
0x312c	0x312cB0x2b6dB0x2f89B0xb670x39b
0x312c	0x312cB0x2b6dB0x2f74B0x1bbf0x470
0x312c	0x312cB0x2b6dB0x2f89B0x1bbf0x470
0x312c	0x312cB0x31d6B0x2312B0x25a5B0x241
0x312c	0x312cB0x31d6B0x2312B0x25c4B0x241
0x312c	0x312cB0x31d6B0x2312B0x23d7B0x32d
0x312c	0x312cB0x31d6B0x2312B0x25a5B0x36a
0x312c	0x312cB0x31d6B0x2312B0x25c4B0x36a
0x312c	0x312cB0x31d6B0x2312B0x23d7B0x3a7
0x312c	0x312cB0x31d6B0x2327B0x253dB0x16b8B0x4ec
0x312c	0x312cB0x31d6B0x2312B0x2567B0x542
0x312c	0x312cB0x31d6B0x2312B0x2416B0x272
0x312c	0x312cB0x31d6B0x2312B0x2438B0x272
0x312c	0x312cB0x31d6B0x2312B0x25a5B0x3d8
0x312c	0x312cB0x31d6B0x2312B0x25c4B0x3d8
0x312c	0x312cB0x31d6B0x2312B0x21f2B0x24abB0x1d9
0x312c	0x312cB0x2b6dB0x2f74B0x1bbf0x95fB0x343
0x312c	0x312cB0x2b6dB0x2f89B0x1bbf0x95fB0x343
0x312c	0x312cB0x31d6B0x2312B0x21f2B0x24abB0x43f
0x312c	0x312cB0x2b6dB0x2c16B0x1d11B0x1a19
0x312c	0x312cB0x2b6dB0x2c40B0x1de4B0x1cb8
0x312c	0x312cB0x31d6B0x2312B0x25f7B0x470
0x312c	0x312cB0x31d6B0x2312B0x2616B0x470
0x312c	0x312cB0x31d6B0x2312B0x2627B0x470
0x312c	0x312cB0x2b6dB0x2f74B0xb670x5b7B0x1ef
0x312c	0x312cB0x2b6dB0x2f89B0xb670x5b7B0x1ef
0x312c	0x312cB0x2b6dB0x2f74B0x1bbf0xc45B0x455
0x312c	0x312cB0x2b6dB0x2f89B0x1bbf0xc45B0x455
0x2c6e	0x2c6eB0x1f4
0x2c6e	0x2c6eB0x45a
0x2695	0x2695B0x2c54B0x1f4
0x2695	0x2695B0x2c54B0x45a
0x2b67	0x2b67B0x2c54B0x1f4
0x2b67	0x2b67B0x2c54B0x45a
0x26aa	0x26aaB0x2c54B0x1f4
0x26aa	0x26aaB0x2c54B0x45a
0x30ac	0x30acB0x2c54B0x1f4
0x30ac	0x30acB0x2c54B0x45a
0x26b5	0x26b5B0x2c54B0x1f4
0x26b5	0x26b5B0x2c54B0x45a
0x306e	0x306eB0x2c54B0x1f4
0x306e	0x306eB0x2c54B0x45a
0x26b9	0x26b9B0x2c54B0x1f4
0x26b9	0x26b9B0x2c54B0x45a
0x26d8	0x26d8B0x2c54B0x1f4
0x26d8	0x26d8B0x2c54B0x45a
0x309f	0x309fB0x2c54B0x1f4
0x309f	0x309fB0x2c54B0x45a
0x267a	0x267aB0x2c54B0x1f4
0x267a	0x267aB0x2c54B0x45a
0x2b5e	0x2b5eB0x2c54B0x1f4
0x2b5e	0x2b5eB0x2c54B0x45a
0x26e6	0x26e6B0x2c54B0x1f4
0x26e6	0x26e6B0x2c54B0x45a
0x26a0	0x26a0B0x2c54B0x1f4
0x26a0	0x26a0B0x2c54B0x45a
0x307e	0x307eB0x2c54B0x1f4
0x307e	0x307eB0x2c54B0x45a
0x26cd	0x26cdB0x2c54B0x1f4
0x26cd	0x26cdB0x2c54B0x45a
0x266e	0x266eB0x2c54B0x1f4
0x266e	0x266eB0x2c54B0x45a
0x2ca6	0x2ca6B0x21f
0x2ca6	0x2ca6B0x2b7
0x2ca6	0x2ca6B0x41d
0x2ca6	0x2ca6B0x172c
0x2ca6	0x2ca6B0xde9
0x2ca6	0x2ca6B0x1839
0x2702	0x2702B0x2c91B0x21f
0x2702	0x2702B0x2c91B0x2b7
0x2702	0x2702B0x2c91B0x41d
0x2702	0x2702B0x2c91B0x172c
0x2702	0x2702B0x2c91B0xde9
0x2702	0x2702B0x2cf1B0xff0
0x2702	0x2702B0x2d52B0x1099
0x2702	0x2702B0x2d74B0x1099
0x2702	0x2702B0x2d81B0x1099
0x2702	0x2702B0x2cacB0x15b3
0x2702	0x2702B0x2cc1B0x15b3
0x2702	0x2702B0x2c91B0x1839
0x270b	0x270bB0x2c91B0x21f
0x270b	0x270bB0x2c91B0x2b7
0x270b	0x270bB0x2c91B0x41d
0x270b	0x270bB0x2c91B0x172c
0x270b	0x270bB0x2c91B0xde9
0x270b	0x270bB0x2cf1B0xff0
0x270b	0x270bB0x2d52B0x1099
0x270b	0x270bB0x2d74B0x1099
0x270b	0x270bB0x2d81B0x1099
0x270b	0x270bB0x2cacB0x15b3
0x270b	0x270bB0x2cc1B0x15b3
0x270b	0x270bB0x2c91B0x1839
0x2f89	0x2f89B0x719
0x2f89	0x2f89B0x1206
0x2f89	0x2f89B0xb670x39b
0x2f89	0x2f89B0x1bbf0x470
0x2f89	0x2f89B0x1bbf0x95fB0x343
0x2f89	0x2f89B0xb670x5b7B0x1ef
0x2f89	0x2f89B0x1bbf0xc45B0x455
0x2f96	0x2f96B0x719
0x2f96	0x2f96B0x1206
0x2f96	0x2f96B0xb670x39b
0x2f96	0x2f96B0x1bbf0x470
0x2f96	0x2f96B0x1bbf0x95fB0x343
0x2f96	0x2f96B0xb670x5b7B0x1ef
0x2f96	0x2f96B0x1bbf0xc45B0x455
0x253d	0x253dB0xe96
0x253d	0x253dB0x17d3
0x253d	0x253dB0x18e2
0x253d	0x253dB0x16b8B0x4ec
0x254b	0x254bB0xe96
0x254b	0x254bB0x17d3
0x254b	0x254bB0x18e2
0x254b	0x254bB0x16b8B0x4ec
0x2327	0x2327B0x253dB0xe96
0x2327	0x2327B0x253dB0x17d3
0x2327	0x2327B0x253dB0x18e2
0x2327	0x2327B0x253dB0x16b8B0x4ec
0x2336	0x2336B0x253dB0xe96
0x2336	0x2336B0x253dB0x17d3
0x2336	0x2336B0x253dB0x18e2
0x2336	0x2336B0x253dB0x16b8B0x4ec
0x31d6	0x31d6B0x2327B0x253dB0xe96
0x31d6	0x31d6B0x2327B0x253dB0x17d3
0x31d6	0x31d6B0x2327B0x253dB0x18e2
0x31d6	0x31d6B0x2312B0x25a5B0x241
0x31d6	0x31d6B0x2312B0x25c4B0x241
0x31d6	0x31d6B0x2312B0x23d7B0x32d
0x31d6	0x31d6B0x2312B0x25a5B0x36a
0x31d6	0x31d6B0x2312B0x25c4B0x36a
0x31d6	0x31d6B0x2312B0x23d7B0x3a7
0x31d6	0x31d6B0x2327B0x253dB0x16b8B0x4ec
0x31d6	0x31d6B0x2312B0x2567B0x542
0x31d6	0x31d6B0x2312B0x2416B0x272
0x31d6	0x31d6B0x2312B0x2438B0x272
0x31d6	0x31d6B0x2312B0x25a5B0x3d8
0x31d6	0x31d6B0x2312B0x25c4B0x3d8
0x31d6	0x31d6B0x2312B0x21f2B0x24abB0x1d9
0x31d6	0x31d6B0x2312B0x21f2B0x24abB0x43f
0x31d6	0x31d6B0x2312B0x25f7B0x470
0x31d6	0x31d6B0x2312B0x2616B0x470
0x31d6	0x31d6B0x2312B0x2627B0x470
0x31ea	0x31eaB0x2327B0x253dB0xe96
0x31ea	0x31eaB0x2327B0x253dB0x17d3
0x31ea	0x31eaB0x2327B0x253dB0x18e2
0x31ea	0x31eaB0x2312B0x25a5B0x241
0x31ea	0x31eaB0x2312B0x25c4B0x241
0x31ea	0x31eaB0x2312B0x23d7B0x32d
0x31ea	0x31eaB0x2312B0x25a5B0x36a
0x31ea	0x31eaB0x2312B0x25c4B0x36a
0x31ea	0x31eaB0x2312B0x23d7B0x3a7
0x31ea	0x31eaB0x2327B0x253dB0x16b8B0x4ec
0x31ea	0x31eaB0x2312B0x2567B0x542
0x31ea	0x31eaB0x2312B0x2416B0x272
0x31ea	0x31eaB0x2312B0x2438B0x272
0x31ea	0x31eaB0x2312B0x25a5B0x3d8
0x31ea	0x31eaB0x2312B0x25c4B0x3d8
0x31ea	0x31eaB0x2312B0x21f2B0x24abB0x1d9
0x31ea	0x31eaB0x2312B0x21f2B0x24abB0x43f
0x31ea	0x31eaB0x2312B0x25f7B0x470
0x31ea	0x31eaB0x2312B0x2616B0x470
0x31ea	0x31eaB0x2312B0x2627B0x470
0x31df	0x31dfB0x2327B0x253dB0xe96
0x31df	0x31dfB0x2327B0x253dB0x17d3
0x31df	0x31dfB0x2327B0x253dB0x18e2
0x31df	0x31dfB0x2312B0x25a5B0x241
0x31df	0x31dfB0x2312B0x25c4B0x241
0x31df	0x31dfB0x2312B0x23d7B0x32d
0x31df	0x31dfB0x2312B0x25a5B0x36a
0x31df	0x31dfB0x2312B0x25c4B0x36a
0x31df	0x31dfB0x2312B0x23d7B0x3a7
0x31df	0x31dfB0x2327B0x253dB0x16b8B0x4ec
0x31df	0x31dfB0x2312B0x2567B0x542
0x31df	0x31dfB0x2312B0x2416B0x272
0x31df	0x31dfB0x2312B0x2438B0x272
0x31df	0x31dfB0x2312B0x25a5B0x3d8
0x31df	0x31dfB0x2312B0x25c4B0x3d8
0x31df	0x31dfB0x2312B0x21f2B0x24abB0x1d9
0x31df	0x31dfB0x2312B0x21f2B0x24abB0x43f
0x31df	0x31dfB0x2312B0x25f7B0x470
0x31df	0x31dfB0x2312B0x2616B0x470
0x31df	0x31dfB0x2312B0x2627B0x470
0x2d06	0x2d06B0xff0
0x2d13	0x2d13B0xff0
0x2d20	0x2d20B0xff0
0x2d2d	0x2d2dB0xff0
0x2d3a	0x2d3aB0xff0
0x2d47	0x2d47B0xff0
0x2d67	0x2d67B0x1099
0x2d74	0x2d74B0x1099
0x2b7c	0x2b7cB0x1099
0x2d81	0x2d81B0x1099
0x2b85	0x2b85B0x1099
0x3136	0x3136B0x2b7cB0x1099
0x3136	0x3136B0x31edB0x233cB0x22caB0x2655B0x470
0x2d8e	0x2d8eB0x1099
0x24fc	0x24fcB0x157b
0x2516	0x2516B0x157b
0x2522	0x2522B0x157b
0x224a	0x224aB0x2516B0x157b
0x226e	0x226eB0x2516B0x157b
0x2269	0x2269B0x2516B0x157b
0x3042	0x3042B0x2516B0x157b
0x228a	0x228aB0x2516B0x157b
0x2f9d	0x2f9dB0x2269B0x2516B0x157b
0x2f9d	0x2f9dB0x21bcB0x24abB0x1d9
0x2f9d	0x2f9dB0x20b6B0x2482B0x1d9
0x2f9d	0x2f9dB0x21bcB0x24abB0x43f
0x2f9d	0x2f9dB0x20b6B0x2482B0x43f
0x2f9d	0x2f9dB0x2139B0x2655B0x470
0x2f9d	0x2f9dB0x22b0B0x2655B0x470
0x3059	0x3059B0x2516B0x157b
0x2295	0x2295B0x2516B0x157b
0x225b	0x225bB0x2516B0x157b
0x2fc0	0x2fc0B0x2269B0x2516B0x157b
0x2fc0	0x2fc0B0x21bcB0x24abB0x1d9
0x2fc0	0x2fc0B0x20b6B0x2482B0x1d9
0x2fc0	0x2fc0B0x21bcB0x24abB0x43f
0x2fc0	0x2fc0B0x20b6B0x2482B0x43f
0x2fc0	0x2fc0B0x2139B0x2655B0x470
0x2fc0	0x2fc0B0x22b0B0x2655B0x470
0x2cc1	0x2cc1B0x15b3
0x2cce	0x2cceB0x15b3
0x2cdb	0x2cdbB0x15b3
0x2ce8	0x2ce8B0x15b3
0x2363	0x2363B0x171
0x2371	0x2371B0x171
0x2082	0x2082B0x2363B0x171
0x2082	0x2082B0x25b3B0x241
0x2082	0x2082B0x238dB0x2d9
0x2082	0x2082B0x239bB0x2d9
0x2082	0x2082B0x23c9B0x32d
0x2082	0x2082B0x25b3B0x36a
0x2082	0x2082B0x23c9B0x3a7
0x2082	0x2082B0x238dB0x498
0x2082	0x2082B0x239bB0x498
0x2082	0x2082B0x2575B0x542
0x2082	0x2082B0x2408B0x272
0x2082	0x2082B0x2427B0x272
0x2082	0x2082B0x25b3B0x3d8
0x2082	0x2082B0x20ecB0x2482B0x1d9
0x2082	0x2082B0x20ecB0x2482B0x43f
0x2082	0x2082B0x2605B0x470
0x2082	0x2082B0x22baB0x2655B0x470
0x2091	0x2091B0x2363B0x171
0x2091	0x2091B0x25b3B0x241
0x2091	0x2091B0x238dB0x2d9
0x2091	0x2091B0x239bB0x2d9
0x2091	0x2091B0x23c9B0x32d
0x2091	0x2091B0x25b3B0x36a
0x2091	0x2091B0x23c9B0x3a7
0x2091	0x2091B0x238dB0x498
0x2091	0x2091B0x239bB0x498
0x2091	0x2091B0x2575B0x542
0x2091	0x2091B0x2408B0x272
0x2091	0x2091B0x2427B0x272
0x2091	0x2091B0x25b3B0x3d8
0x2091	0x2091B0x20ecB0x2482B0x1d9
0x2091	0x2091B0x20ecB0x2482B0x43f
0x2091	0x2091B0x2605B0x470
0x2091	0x2091B0x22baB0x2655B0x470
0x3191	0x3191B0x2082B0x2363B0x171
0x3191	0x3191B0x2082B0x25b3B0x241
0x3191	0x3191B0x2082B0x238dB0x2d9
0x3191	0x3191B0x2082B0x239bB0x2d9
0x3191	0x3191B0x2082B0x23c9B0x32d
0x3191	0x3191B0x2082B0x25b3B0x36a
0x3191	0x3191B0x2082B0x23c9B0x3a7
0x3191	0x3191B0x2082B0x238dB0x498
0x3191	0x3191B0x2082B0x239bB0x498
0x3191	0x3191B0x2082B0x2575B0x542
0x3191	0x3191B0x2082B0x2408B0x272
0x3191	0x3191B0x2082B0x2427B0x272
0x3191	0x3191B0x2082B0x25b3B0x3d8
0x3191	0x3191B0x2082B0x20ecB0x2482B0x1d9
0x3191	0x3191B0x2082B0x20ecB0x2482B0x43f
0x3191	0x3191B0x2082B0x2605B0x470
0x3191	0x3191B0x2082B0x22baB0x2655B0x470
0x319a	0x319aB0x2082B0x2363B0x171
0x319a	0x319aB0x2082B0x25b3B0x241
0x319a	0x319aB0x2082B0x238dB0x2d9
0x319a	0x319aB0x2082B0x239bB0x2d9
0x319a	0x319aB0x2082B0x23c9B0x32d
0x319a	0x319aB0x2082B0x25b3B0x36a
0x319a	0x319aB0x2082B0x23c9B0x3a7
0x319a	0x319aB0x2082B0x238dB0x498
0x319a	0x319aB0x2082B0x239bB0x498
0x319a	0x319aB0x2082B0x2575B0x542
0x319a	0x319aB0x2082B0x2408B0x272
0x319a	0x319aB0x2082B0x2427B0x272
0x319a	0x319aB0x2082B0x25b3B0x3d8
0x319a	0x319aB0x2082B0x20ecB0x2482B0x1d9
0x319a	0x319aB0x2082B0x20ecB0x2482B0x43f
0x319a	0x319aB0x2082B0x2605B0x470
0x319a	0x319aB0x2082B0x22baB0x2655B0x470
0x31a5	0x31a5B0x2082B0x2363B0x171
0x31a5	0x31a5B0x2082B0x25b3B0x241
0x31a5	0x31a5B0x2082B0x238dB0x2d9
0x31a5	0x31a5B0x2082B0x239bB0x2d9
0x31a5	0x31a5B0x2082B0x23c9B0x32d
0x31a5	0x31a5B0x2082B0x25b3B0x36a
0x31a5	0x31a5B0x2082B0x23c9B0x3a7
0x31a5	0x31a5B0x2082B0x238dB0x498
0x31a5	0x31a5B0x2082B0x239bB0x498
0x31a5	0x31a5B0x2082B0x2575B0x542
0x31a5	0x31a5B0x2082B0x2408B0x272
0x31a5	0x31a5B0x2082B0x2427B0x272
0x31a5	0x31a5B0x2082B0x25b3B0x3d8
0x31a5	0x31a5B0x2082B0x20ecB0x2482B0x1d9
0x31a5	0x31a5B0x2082B0x20ecB0x2482B0x43f
0x31a5	0x31a5B0x2082B0x2605B0x470
0x31a5	0x31a5B0x2082B0x22baB0x2655B0x470
0x25a5	0x25a5B0x241
0x25a5	0x25a5B0x36a
0x25a5	0x25a5B0x3d8
0x25b3	0x25b3B0x241
0x25b3	0x25b3B0x36a
0x25b3	0x25b3B0x3d8
0x2312	0x2312B0x25a5B0x241
0x2312	0x2312B0x25c4B0x241
0x2312	0x2312B0x23d7B0x32d
0x2312	0x2312B0x25a5B0x36a
0x2312	0x2312B0x25c4B0x36a
0x2312	0x2312B0x23d7B0x3a7
0x2312	0x2312B0x2567B0x542
0x2312	0x2312B0x2416B0x272
0x2312	0x2312B0x2438B0x272
0x2312	0x2312B0x25a5B0x3d8
0x2312	0x2312B0x25c4B0x3d8
0x2312	0x2312B0x21f2B0x24abB0x1d9
0x2312	0x2312B0x21f2B0x24abB0x43f
0x2312	0x2312B0x25f7B0x470
0x2312	0x2312B0x2616B0x470
0x2312	0x2312B0x2627B0x470
0x25c4	0x25c4B0x241
0x25c4	0x25c4B0x36a
0x25c4	0x25c4B0x3d8
0x25d5	0x25d5B0x241
0x25d5	0x25d5B0x36a
0x25d5	0x25d5B0x3d8
0x2321	0x2321B0x25a5B0x241
0x2321	0x2321B0x25c4B0x241
0x2321	0x2321B0x23d7B0x32d
0x2321	0x2321B0x25a5B0x36a
0x2321	0x2321B0x25c4B0x36a
0x2321	0x2321B0x23d7B0x3a7
0x2321	0x2321B0x2567B0x542
0x2321	0x2321B0x2416B0x272
0x2321	0x2321B0x2438B0x272
0x2321	0x2321B0x25a5B0x3d8
0x2321	0x2321B0x25c4B0x3d8
0x2321	0x2321B0x21f2B0x24abB0x1d9
0x2321	0x2321B0x21f2B0x24abB0x43f
0x2321	0x2321B0x25f7B0x470
0x2321	0x2321B0x2616B0x470
0x2321	0x2321B0x2627B0x470
0x238d	0x238dB0x2d9
0x238d	0x238dB0x498
0x239b	0x239bB0x2d9
0x239b	0x239bB0x498
0x23ac	0x23acB0x2d9
0x23ac	0x23acB0x498
0x23c9	0x23c9B0x32d
0x23c9	0x23c9B0x3a7
0x23d7	0x23d7B0x32d
0x23d7	0x23d7B0x3a7
0x23e8	0x23e8B0x32d
0x23e8	0x23e8B0x3a7
0x168c	0x168cB0x4ec
0x16a4	0x16a4B0x4ec
0x16b8	0x16b8B0x4ec
0x16dc	0x16dcB0x4ec
0x2567	0x2567B0x542
0x2575	0x2575B0x542
0x2586	0x2586B0x542
0x2408	0x2408B0x272
0x2416	0x2416B0x272
0x2427	0x2427B0x272
0x2438	0x2438B0x272
0x2449	0x2449B0x272
0x879	0x879B0x2ef
0x878	0x878B0x2ef
0x88f	0x88fB0x2ef
0x8ce	0x8ceB0x2ef
0x8c5	0x8c5B0x2ef
0x91e	0x91eB0x2ef
0x926	0x926B0x2ef
0x1a83	0x1a83
0x930	0x930B0x2ef
0x3c460	0x3c460B0x2ef
0xc18	0xc18B0x3ed
0xc10	0xc10B0x3ed
0x1d94	0x1d94B0x1a19
0x1d32	0x1d32B0x1a19
0x2bf4	0x2bf4B0x1d11B0x1a19
0x1e6a	0x1e6aB0x1d32B0x1a19
0x1e6a	0x1e6aB0x1e03B0x1cb8
0x1e65	0x1e65B0x1cb8
0x1e03	0x1e03B0x1cb8
0x2c2b	0x2c2bB0x1de4B0x1cb8
0x2468	0x2468B0x1d9
0x2468	0x2468B0x43f
0x2482	0x2482B0x1d9
0x2482	0x2482B0x43f
0x248e	0x248eB0x1d9
0x248e	0x248eB0x43f
0x2097	0x2097B0x2482B0x1d9
0x2097	0x2097B0x2482B0x43f
0x24ab	0x24abB0x1d9
0x24ab	0x24abB0x43f
0x24b7	0x24b7B0x1d9
0x24b7	0x24b7B0x43f
0x219d	0x219dB0x24abB0x1d9
0x219d	0x219dB0x24abB0x43f
0x25f7	0x25f7B0x470
0x2605	0x2605B0x470
0x2616	0x2616B0x470
0x2627	0x2627B0x470
0x2638	0x2638B0x470
0x2655	0x2655B0x470
0x2661	0x2661B0x470
0x211a	0x211aB0x2655B0x470
0x3c53c	0x3c53cB0x2ef
0x2c09	0x2c09B0x1d11B0x1a19
0x2c16	0x2c16B0x1d11B0x1a19
0x2c23	0x2c23B0x1d11B0x1a19
0x2c40	0x2c40B0x1de4B0x1cb8
0x2c4d	0x2c4dB0x1de4B0x1cb8
0x1ebf	0x1ebfB0x1d32B0x1a19
0x1ebf	0x1ebfB0x1e03B0x1cb8
0x2f39	0x2f39B0x1e8eB0x1d32B0x1a19
0x2f39	0x2f39B0x1e8eB0x1e03B0x1cb8
0x1f33	0x1f33B0x1d32B0x1a19
0x1f33	0x1f33B0x1e03B0x1cb8
0x1f6f	0x1f6fB0x1d32B0x1a19
0x1f6f	0x1f6fB0x1e03B0x1cb8
0x2e59	0x2e59B0x1f3eB0x1d32B0x1a19
0x2e59	0x2e59B0x1f3eB0x1e03B0x1cb8
0x1fcc	0x1fccB0x1d32B0x1a19
0x1fcc	0x1fccB0x1e03B0x1cb8
0x2ef9	0x2ef9B0x1f9bB0x1d32B0x1a19
0x2ef9	0x2ef9B0x1f9bB0x1e03B0x1cb8
0x1e89	0x1e89B0x1d32B0x1a19
0x1e89	0x1e89B0x1e03B0x1cb8
0x2037	0x2037
0x1ec8	0x1ec8B0x1d32B0x1a19
0x1ec8	0x1ec8B0x1e03B0x1cb8
0x1ef1	0x1ef1B0x1d32B0x1a19
0x1ef1	0x1ef1B0x1e03B0x1cb8
0x2b8b	0x2b8bB0x1ec8B0x1d32B0x1a19
0x2b8b	0x2b8bB0x1ec8B0x1e03B0x1cb8
0x1f2e	0x1f2eB0x1d32B0x1a19
0x1f2e	0x1f2eB0x1e03B0x1cb8
0x1f78	0x1f78B0x1d32B0x1a19
0x1f78	0x1f78B0x1e03B0x1cb8
0x3c4ca	0x3c4caB0x1d32B0x1a19
0x3c4ca	0x3c4caB0x1e03B0x1cb8
0x1fd5	0x1fd5B0x1d32B0x1a19
0x1fd5	0x1fd5B0x1e03B0x1cb8
0x3c5a6	0x3c5a6B0x1d32B0x1a19
0x3c5a6	0x3c5a6B0x1e03B0x1cb8
0x1f96	0x1f96B0x1d32B0x1a19
0x1f96	0x1f96B0x1e03B0x1cb8
0x24c1	0x24c1B0x1f83B0x1d32B0x1a19
0x24c1	0x24c1B0x1f83B0x1e03B0x1cb8
0x2f52	0x2f52B0x1e8eB0x1d32B0x1a19
0x2f52	0x2f52B0x1e8eB0x1e03B0x1cb8
0x2b1e	0x2b1eB0x1e8eB0x1d32B0x1a19
0x2b1e	0x2b1eB0x1e8eB0x1e03B0x1cb8
0x2b2b	0x2b2bB0x1e8eB0x1d32B0x1a19
0x2b2b	0x2b2bB0x1e8eB0x1e03B0x1cb8
0x2e72	0x2e72B0x1f3eB0x1d32B0x1a19
0x2e72	0x2e72B0x1f3eB0x1e03B0x1cb8
0x2912	0x2912B0x1f3eB0x1d32B0x1a19
0x2912	0x2912B0x1f3eB0x1e03B0x1cb8
0x291f	0x291fB0x1f3eB0x1d32B0x1a19
0x291f	0x291fB0x1f3eB0x1e03B0x1cb8
0x2f12	0x2f12B0x1f9bB0x1d32B0x1a19
0x2f12	0x2f12B0x1f9bB0x1e03B0x1cb8
0x2a78	0x2a78B0x1f9bB0x1d32B0x1a19
0x2a78	0x2a78B0x1f9bB0x1e03B0x1cb8
0x2a85	0x2a85B0x1f9bB0x1d32B0x1a19
0x2a85	0x2a85B0x1f9bB0x1e03B0x1cb8
0x2b97	0x2b97B0x1ec8B0x1d32B0x1a19
0x2b97	0x2b97B0x1ec8B0x1e03B0x1cb8
0x2728	0x2728B0x1ec8B0x1d32B0x1a19
0x2728	0x2728B0x1ec8B0x1e03B0x1cb8
0x273d	0x273dB0x1ec8B0x1d32B0x1a19
0x273d	0x273dB0x1ec8B0x1e03B0x1cb8
0x30bd	0x30bdB0x1ec8B0x1d32B0x1a19
0x30bd	0x30bdB0x1ec8B0x1e03B0x1cb8
0x274d	0x274dB0x1ec8B0x1d32B0x1a19
0x274d	0x274dB0x1ec8B0x1e03B0x1cb8
0x2733	0x2733B0x1ec8B0x1d32B0x1a19
0x2733	0x2733B0x1ec8B0x1e03B0x1cb8
0x3089	0x3089B0x1ec8B0x1d32B0x1a19
0x3089	0x3089B0x1ec8B0x1e03B0x1cb8
0x21c1	0x21c1B0x24abB0x1d9
0x21c1	0x21c1B0x24abB0x43f
0x21bc	0x21bcB0x24abB0x1d9
0x21bc	0x21bcB0x24abB0x43f
0x301a	0x301aB0x24abB0x1d9
0x301a	0x301aB0x24abB0x43f
0x21e6	0x21e6B0x24abB0x1d9
0x21e6	0x21e6B0x24abB0x43f
0x3031	0x3031B0x24abB0x1d9
0x3031	0x3031B0x24abB0x43f
0x21e9	0x21e9B0x24abB0x1d9
0x21e9	0x21e9B0x24abB0x43f
0x2216	0x2216B0x24abB0x1d9
0x2216	0x2216B0x24abB0x43f
0x21ae	0x21aeB0x24abB0x1d9
0x21ae	0x21aeB0x24abB0x43f
0x21fc	0x21fcB0x24abB0x1d9
0x21fc	0x21fcB0x24abB0x43f
0x20bb	0x20bbB0x2482B0x1d9
0x20bb	0x20bbB0x2482B0x43f
0x20b6	0x20b6B0x2482B0x1d9
0x20b6	0x20b6B0x2482B0x43f
0x2fca	0x2fcaB0x2482B0x1d9
0x2fca	0x2fcaB0x2482B0x43f
0x20e0	0x20e0B0x2482B0x1d9
0x20e0	0x20e0B0x2482B0x43f
0x2fe1	0x2fe1B0x2482B0x1d9
0x2fe1	0x2fe1B0x2482B0x43f
0x20e3	0x20e3B0x2482B0x1d9
0x20e3	0x20e3B0x2482B0x43f
0x2110	0x2110B0x2482B0x1d9
0x2110	0x2110B0x2482B0x43f
0x20a8	0x20a8B0x2482B0x1d9
0x20a8	0x20a8B0x2482B0x43f
0x20f6	0x20f6B0x2482B0x1d9
0x20f6	0x20f6B0x2482B0x43f
0x213e	0x213eB0x2655B0x470
0x2139	0x2139B0x2655B0x470
0x2ff2	0x2ff2B0x2655B0x470
0x2163	0x2163B0x2655B0x470
0x3009	0x3009B0x2655B0x470
0x2166	0x2166B0x2655B0x470
0x22b0	0x22b0B0x2655B0x470
0x2193	0x2193B0x2655B0x470
0x22ba	0x22baB0x2655B0x470
0x22ca	0x22caB0x2655B0x470
0x22de	0x22deB0x2655B0x470
0x233c	0x233cB0x22caB0x2655B0x470
0x22f2	0x22f2B0x2655B0x470
0x2235	0x2235B0x22deB0x2655B0x470
0x2235	0x2235B0x22f2B0x2655B0x470
0x2306	0x2306B0x2655B0x470
0x212b	0x212bB0x2655B0x470
0x2179	0x2179B0x2655B0x470
0x229e	0x229eB0x2655B0x470
0x234b	0x234bB0x22caB0x2655B0x470
0x31ed	0x31edB0x233cB0x22caB0x2655B0x470
0x31f6	0x31f6B0x233cB0x22caB0x2655B0x470
0x3201	0x3201B0x233cB0x22caB0x2655B0x470
0x2244	0x2244B0x22deB0x2655B0x470
0x2244	0x2244B0x22f2B0x2655B0x470
0x31bf	0x31bfB0x2235B0x22deB0x2655B0x470
0x31bf	0x31bfB0x2235B0x22f2B0x2655B0x470
0x31c8	0x31c8B0x2235B0x22deB0x2655B0x470
0x31c8	0x31c8B0x2235B0x22f2B0x2655B0x470
0x31d3	0x31d3B0x2235B0x22deB0x2655B0x470
0x31d3	0x31d3B0x2235B0x22f2B0x2655B0x470
0x24e1	0x24e1B0x1f83B0x1d32B0x1a19
0x24e1	0x24e1B0x1f83B0x1e03B0x1cb8
0x2220	0x2220B0x24d3B0x1f83B0x1d32B0x1a19
0x2220	0x2220B0x24d3B0x1f83B0x1e03B0x1cb8
0x24d3	0x24d3B0x1f83B0x1d32B0x1a19
0x24d3	0x24d3B0x1f83B0x1e03B0x1cb8
0x222f	0x222fB0x24d3B0x1f83B0x1d32B0x1a19
0x222f	0x222fB0x24d3B0x1f83B0x1e03B0x1cb8
0x31a8	0x31a8B0x2220B0x24d3B0x1f83B0x1d32B0x1a19
0x31a8	0x31a8B0x2220B0x24d3B0x1f83B0x1e03B0x1cb8
0x31b1	0x31b1B0x2220B0x24d3B0x1f83B0x1d32B0x1a19
0x31b1	0x31b1B0x2220B0x24d3B0x1f83B0x1e03B0x1cb8
0x31bc	0x31bcB0x2220B0x24d3B0x1f83B0x1d32B0x1a19
0x31bc	0x31bcB0x2220B0x24d3B0x1f83B0x1e03B0x1cb8
0x29	0x29
0x34	0x34
0x4a	0x4a
0x55	0x55
0x7b	0x7b
0x86	0x86
0x91	0x91
0x9c	0x9c
0xb7	0xb7
0xc2	0xc2
0xcd	0xcd
0xd8	0xd8
0xe3	0xe3
0xee	0xee
0x109	0x109
0x114	0x114
0x11f	0x11f
0x12a	0x12a
0x135	0x135
0x630	0x630B0x1ef
0xcbe	0xcbeB0x455
0xf13	0xf13
0x135e	0x135e
0x136d	0x136d
0x1a99	0x1a99
0x1aa8	0x1aa8
0x2071	0x2071
0x1901	0x18e2
0x85b	0x85aB0x2ef
0x85d	0x85aB0x2ef
0x860	0x85aB0x2ef
0x862	0x85aB0x2ef
0x865	0x85aB0x2ef
0x867	0x85aB0x2ef
0x868	0x85aB0x2ef
0x86a	0x85aB0x2ef
0x86c	0x85aB0x2ef
0x871	0x870B0x2ef
0x874	0x870B0x2ef
0x87b	0x879B0x2ef
0x880	0x87fB0x2ef
0x883	0x87fB0x2ef
0x885	0x87fB0x2ef
0x888	0x87fB0x2ef
0x88a	0x87fB0x2ef
0x88b	0x87fB0x2ef
0x88d	0x87fB0x2ef
0x88e	0x87fB0x2ef
0x890	0x88fB0x2ef
0x894	0x894B0x2ef
0x896	0x894B0x2ef
0x897	0x894B0x2ef
0x8ba	0x894B0x2ef
0x8bc	0x894B0x2ef
0x8bd	0x894B0x2ef
0x8c1	0x894B0x2ef
0x8c6	0x8c5B0x2ef
0x8c8	0x8c5B0x2ef
0x8cb	0x8c5B0x2ef
0x8cf	0x8ceB0x2ef
0x8d2	0x8ceB0x2ef
0x8d5	0x8ceB0x2ef
0x8d7	0x8ceB0x2ef
0x8da	0x8ceB0x2ef
0x8dc	0x8ceB0x2ef
0x8dd	0x8ceB0x2ef
0x8df	0x8ceB0x2ef
0x8e0	0x8ceB0x2ef
0x8e4	0x8ceB0x2ef
0x8e5	0x8ceB0x2ef
0x8e9	0x8e9B0x2ef
0x8eb	0x8e9B0x2ef
0x8ed	0x8e9B0x2ef
0x8ef	0x8e9B0x2ef
0x8f2	0x8e9B0x2ef
0x8f4	0x8e9B0x2ef
0x8f6	0x8e9B0x2ef
0x8f8	0x8e9B0x2ef
0x8f9	0x8e9B0x2ef
0x8fa	0x8e9B0x2ef
0x8fd	0x8e9B0x2ef
0x8fe	0x8e9B0x2ef
0x8ff	0x8e9B0x2ef
0x900	0x8e9B0x2ef
0x904	0x8e9B0x2ef
0x906	0x8e9B0x2ef
0x909	0x8e9B0x2ef
0x90c	0x8e9B0x2ef
0x90e	0x8e9B0x2ef
0x910	0x8e9B0x2ef
0x912	0x8e9B0x2ef
0x913	0x8e9B0x2ef
0x914	0x8e9B0x2ef
0x917	0x8e9B0x2ef
0x918	0x8e9B0x2ef
0x919	0x8e9B0x2ef
0x91a	0x8e9B0x2ef
0x91f	0x91eB0x2ef
0x922	0x91eB0x2ef
0x927	0x926B0x2ef
0x92c	0x926B0x2ef
0x932	0x930B0x2ef
0x933	0x930B0x2ef
0x937	0x937B0x2ef
0x93a	0x937B0x2ef
0x93c	0x937B0x2ef
0x93f	0x937B0x2ef
0x941	0x937B0x2ef
0x943	0x937B0x2ef
0x945	0x937B0x2ef
0x946	0x937B0x2ef
0x947	0x937B0x2ef
0x94a	0x937B0x2ef
0x94b	0x937B0x2ef
0x94c	0x937B0x2ef
0x94d	0x937B0x2ef
0x960	0x95fB0x343
0x960	0x95f0xc45B0x455
0x962	0x95fB0x343
0x962	0x95f0xc45B0x455
0x964	0x95fB0x343
0x964	0x95f0xc45B0x455
0x967	0x95fB0x343
0x967	0x95f0xc45B0x455
0x969	0x95fB0x343
0x969	0x95f0xc45B0x455
0x96c	0x95fB0x343
0x96c	0x95f0xc45B0x455
0x96e	0x95fB0x343
0x96e	0x95f0xc45B0x455
0x96f	0x95fB0x343
0x96f	0x95f0xc45B0x455
0x984	0x95fB0x343
0x984	0x95f0xc45B0x455
0x985	0x95fB0x343
0x985	0x95f0xc45B0x455
0x99a	0x95fB0x343
0x99a	0x95f0xc45B0x455
0x99b	0x95fB0x343
0x99b	0x95f0xc45B0x455
0x99c	0x95fB0x343
0x99c	0x95f0xc45B0x455
0x9b1	0x95fB0x343
0x9b1	0x95f0xc45B0x455
0x9b2	0x95fB0x343
0x9b2	0x95f0xc45B0x455
0x9b3	0x95fB0x343
0x9b3	0x95f0xc45B0x455
0xc04	0xc03B0x3ed
0xc06	0xc03B0x3ed
0xc09	0xc03B0x3ed
0xc0c	0xc03B0x3ed
0xc14	0xc10B0x3ed
0x1d12	0x1d11B0x1a19
0x1d16	0x1d11B0x1a19
0x1d1b	0x1d11B0x1a19
0x1d1d	0x1d11B0x1a19
0x1d21	0x1d11B0x1a19
0x1d23	0x1d11B0x1a19
0x1d24	0x1d11B0x1a19
0x1d26	0x1d11B0x1a19
0x1d27	0x1d11B0x1a19
0x1d2e	0x1d11B0x1a19
0x1d33	0x1d32B0x1a19
0x1d35	0x1d32B0x1a19
0x1d36	0x1d32B0x1a19
0x1d3a	0x1d32B0x1a19
0x1d3b	0x1d32B0x1a19
0x1d3f	0x1d32B0x1a19
0x1d43	0x1d32B0x1a19
0x1d60	0x1d32B0x1a19
0x1d61	0x1d32B0x1a19
0x1d62	0x1d32B0x1a19
0x1d65	0x1d32B0x1a19
0x1d67	0x1d32B0x1a19
0x1d68	0x1d32B0x1a19
0x1d88	0x1d32B0x1a19
0x1d89	0x1d32B0x1a19
0x1d90	0x1d32B0x1a19
0x1de5	0x1de4B0x1cb8
0x1de9	0x1de4B0x1cb8
0x1dee	0x1de4B0x1cb8
0x1df0	0x1de4B0x1cb8
0x1df3	0x1de4B0x1cb8
0x1df5	0x1de4B0x1cb8
0x1df6	0x1de4B0x1cb8
0x1df8	0x1de4B0x1cb8
0x1df9	0x1de4B0x1cb8
0x1dff	0x1de4B0x1cb8
0x1e04	0x1e03B0x1cb8
0x1e06	0x1e03B0x1cb8
0x1e07	0x1e03B0x1cb8
0x1e0b	0x1e03B0x1cb8
0x1e0c	0x1e03B0x1cb8
0x1e10	0x1e03B0x1cb8
0x1e14	0x1e03B0x1cb8
0x1e31	0x1e03B0x1cb8
0x1e32	0x1e03B0x1cb8
0x1e33	0x1e03B0x1cb8
0x1e36	0x1e03B0x1cb8
0x1e38	0x1e03B0x1cb8
0x1e39	0x1e03B0x1cb8
0x1e59	0x1e03B0x1cb8
0x1e5a	0x1e03B0x1cb8
0x1e61	0x1e03B0x1cb8
0x2456	0x2455B0x1d9
0x2456	0x2455B0x43f
0x2459	0x2455B0x1d9
0x2459	0x2455B0x43f
0x245d	0x2455B0x1d9
0x245d	0x2455B0x43f
0x245e	0x2455B0x1d9
0x245e	0x2455B0x43f
0x245f	0x2455B0x1d9
0x245f	0x2455B0x43f
0x2460	0x2455B0x1d9
0x2460	0x2455B0x43f
0x2464	0x2464B0x1d9
0x2464	0x2464B0x43f
0x2469	0x2468B0x1d9
0x2469	0x2468B0x43f
0x246c	0x2468B0x1d9
0x246c	0x2468B0x43f
0x246d	0x2468B0x1d9
0x246d	0x2468B0x43f
0x246e	0x2468B0x1d9
0x246e	0x2468B0x43f
0x2478	0x2468B0x1d9
0x2478	0x2468B0x43f
0x2479	0x2468B0x1d9
0x2479	0x2468B0x43f
0x247a	0x2468B0x1d9
0x247a	0x2468B0x43f
0x247e	0x247eB0x1d9
0x247e	0x247eB0x43f
0x2483	0x2482B0x1d9
0x2483	0x2482B0x43f
0x2489	0x2482B0x1d9
0x2489	0x2482B0x43f
0x248a	0x2482B0x1d9
0x248a	0x2482B0x43f
0x2492	0x248eB0x1d9
0x2492	0x248eB0x43f
0x2495	0x248eB0x1d9
0x2495	0x248eB0x43f
0x2496	0x248eB0x1d9
0x2496	0x248eB0x43f
0x2497	0x248eB0x1d9
0x2497	0x248eB0x43f
0x24a1	0x248eB0x1d9
0x24a1	0x248eB0x43f
0x24a2	0x248eB0x1d9
0x24a2	0x248eB0x43f
0x24a3	0x248eB0x1d9
0x24a3	0x248eB0x43f
0x24a7	0x24a7B0x1d9
0x24a7	0x24a7B0x43f
0x24ac	0x24abB0x1d9
0x24ac	0x24abB0x43f
0x24b2	0x24abB0x1d9
0x24b2	0x24abB0x43f
0x24b3	0x24abB0x1d9
0x24b3	0x24abB0x43f
0x25e0	0x25dfB0x470
0x25e3	0x25dfB0x470
0x25e6	0x25dfB0x470
0x25e8	0x25dfB0x470
0x25ec	0x25dfB0x470
0x25ed	0x25dfB0x470
0x25ee	0x25dfB0x470
0x25ef	0x25dfB0x470
0x25f3	0x25f3B0x470
0x25f8	0x25f7B0x470
0x25fa	0x25f7B0x470
0x2600	0x25f7B0x470
0x2601	0x25f7B0x470
0x2609	0x2605B0x470
0x260b	0x2605B0x470
0x2611	0x2605B0x470
0x2612	0x2605B0x470
0x261a	0x2616B0x470
0x261c	0x2616B0x470
0x2622	0x2616B0x470
0x2623	0x2616B0x470
0x262b	0x2627B0x470
0x262d	0x2627B0x470
0x2633	0x2627B0x470
0x2634	0x2627B0x470
0x263c	0x2638B0x470
0x263f	0x2638B0x470
0x2640	0x2638B0x470
0x2641	0x2638B0x470
0x264b	0x2638B0x470
0x264c	0x2638B0x470
0x264d	0x2638B0x470
0x2651	0x2651B0x470
0x2656	0x2655B0x470
0x265c	0x2655B0x470
0x265d	0x2655B0x470
0xde00	0x878B0x2ef
0xe800	0x87fB0x2ef
0xf200	0x8e9B0x2ef
0xfc00	0x937B0x2ef
0xc17	0xc10B0x3ed
0x248d	0x2482B0x1d9
0x248d	0x2482B0x43f
0x2660	0x2655B0x470
0x2615	0x2605B0x470
0x24b6	0x24abB0x1d9
0x24b6	0x24abB0x43f
0x1d31	0x1d11B0x1a19
0x1e02	0x1de4B0x1cb8
0x8c4	0x894B0x2ef
0x877	0x870B0x2ef
0xc0f	0xc03B0x3ed
0x2604	0x25f7B0x470
0x2626	0x2616B0x470
0x2637	0x2627B0x470
0x925	0x91eB0x2ef
0x92f	0x926B0x2ef
0x1d93	0x1d32B0x1a19
0x1e64	0x1e03B0x1cb8
0xde20	0x878B0x2ef
0xe820	0x87fB0x2ef
0xf220	0x8e9B0x2ef
0xfc20	0x937B0x2ef
0x86f	0x85aB0x2ef
0x87e	0x879B0x2ef
0x893	0x88fB0x2ef
0x8e8	0x8ceB0x2ef
0x936	0x930B0x2ef
0x9b6	0x95fB0x343
0x9b6	0x95f0xc45B0x455
0x2463	0x2455B0x1d9
0x2463	0x2455B0x43f
0x247d	0x2468B0x1d9
0x247d	0x2468B0x43f
0x24a6	0x248eB0x1d9
0x24a6	0x248eB0x43f
0x25f2	0x25dfB0x470
0x2650	0x2638B0x470
0xc20	0xc18B0x3ed
0x1d99	0x1d94B0x1a19
0x1e69	0x1e65B0x1cb8
0x24c0	0x24b7B0x1d9
0x24c0	0x24b7B0x43f
0x266d	0x2661B0x470
0x3c464	0x3c460B0x2ef
0x3c540	0x3c53cB0x2ef
0x8cd	0x8c5B0x2ef
0x2467	0x2464B0x1d9
0x2467	0x2464B0x43f
0x2481	0x247eB0x1d9
0x2481	0x247eB0x43f
0x24aa	0x24a7B0x1d9
0x24aa	0x24a7B0x43f
0x25f6	0x25f3B0x470
0x2654	0x2651B0x470
0x8b9	0x894B0x2ef
0x1d3d	0x1d32B0x1a19
0x1d41	0x1d32B0x1a19
0x1d8b	0x1d32B0x1a19
0x1e0e	0x1e03B0x1cb8
0x1e12	0x1e03B0x1cb8
0x1e5c	0x1e03B0x1cb8
0x902	0x8e9B0x2ef
0x91c	0x8e9B0x2ef
0x94f	0x937B0x2ef
0x870	0x870B0x2ef
0x87f	0x87fB0x2ef
0x1630	0x162fB0x4ec
0x1632	0x162fB0x4ec
0x1634	0x162fB0x4ec
0x1637	0x162fB0x4ec
0x1639	0x162fB0x4ec
0x163c	0x162fB0x4ec
0x163e	0x162fB0x4ec
0x163f	0x162fB0x4ec
0x1654	0x162fB0x4ec
0x1655	0x162fB0x4ec
0x166a	0x162fB0x4ec
0x166b	0x162fB0x4ec
0x1670	0x162fB0x4ec
0x1671	0x162fB0x4ec
0x1673	0x162fB0x4ec
0x1675	0x162fB0x4ec
0x167a	0x162fB0x4ec
0x167b	0x162fB0x4ec
0x167d	0x162fB0x4ec
0x1680	0x162fB0x4ec
0x1682	0x162fB0x4ec
0x1683	0x162fB0x4ec
0x1688	0x162fB0x4ec
0x168d	0x168cB0x4ec
0x168f	0x168cB0x4ec
0x1691	0x168cB0x4ec
0x1694	0x168cB0x4ec
0x1698	0x168cB0x4ec
0x1699	0x168cB0x4ec
0x169b	0x168cB0x4ec
0x169c	0x168cB0x4ec
0x16a0	0x16a0B0x4ec
0x16a6	0x16a4B0x4ec
0x16a7	0x16a4B0x4ec
0x16a8	0x16a4B0x4ec
0x16aa	0x16a4B0x4ec
0x16ab	0x16a4B0x4ec
0x16af	0x16afB0x4ec
0x16b0	0x16afB0x4ec
0x16b4	0x16afB0x4ec
0x16b5	0x16afB0x4ec
0x16bd	0x16b8B0x4ec
0x16bf	0x16b8B0x4ec
0x16c0	0x16b8B0x4ec
0x16c1	0x16b8B0x4ec
0x16c3	0x16b8B0x4ec
0x16c4	0x16b8B0x4ec
0x16c7	0x16b8B0x4ec
0x16c8	0x16b8B0x4ec
0x16ca	0x16b8B0x4ec
0x16cc	0x16b8B0x4ec
0x16d1	0x16b8B0x4ec
0x16d3	0x16b8B0x4ec
0x16d8	0x16b8B0x4ec
0x2098	0x2097B0x2482B0x1d9
0x2098	0x2097B0x2482B0x43f
0x209b	0x2097B0x2482B0x1d9
0x209b	0x2097B0x2482B0x43f
0x209e	0x2097B0x2482B0x1d9
0x209e	0x2097B0x2482B0x43f
0x209f	0x2097B0x2482B0x1d9
0x209f	0x2097B0x2482B0x43f
0x20a0	0x2097B0x2482B0x1d9
0x20a0	0x2097B0x2482B0x43f
0x20a4	0x20a4B0x2482B0x1d9
0x20a4	0x20a4B0x2482B0x43f
0x20aa	0x20a8B0x2482B0x1d9
0x20aa	0x20a8B0x2482B0x43f
0x20ab	0x20a8B0x2482B0x1d9
0x20ab	0x20a8B0x2482B0x43f
0x20ae	0x20a8B0x2482B0x1d9
0x20ae	0x20a8B0x2482B0x43f
0x20b2	0x20a8B0x2482B0x1d9
0x20b2	0x20a8B0x2482B0x43f
0x20b7	0x20b6B0x2482B0x1d9
0x20b7	0x20b6B0x2482B0x43f
0x20c2	0x20bbB0x2482B0x1d9
0x20c2	0x20bbB0x2482B0x43f
0x20c5	0x20bbB0x2482B0x1d9
0x20c5	0x20bbB0x2482B0x43f
0x20c8	0x20bbB0x2482B0x1d9
0x20c8	0x20bbB0x2482B0x43f
0x20cb	0x20bbB0x2482B0x1d9
0x20cb	0x20bbB0x2482B0x43f
0x20d0	0x20bbB0x2482B0x1d9
0x20d0	0x20bbB0x2482B0x43f
0x20d3	0x20bbB0x2482B0x1d9
0x20d3	0x20bbB0x2482B0x43f
0x20d5	0x20bbB0x2482B0x1d9
0x20d5	0x20bbB0x2482B0x43f
0x20d6	0x20bbB0x2482B0x1d9
0x20d6	0x20bbB0x2482B0x43f
0x20d7	0x20bbB0x2482B0x1d9
0x20d7	0x20bbB0x2482B0x43f
0x20d8	0x20bbB0x2482B0x1d9
0x20d8	0x20bbB0x2482B0x43f
0x20dc	0x20dcB0x2482B0x1d9
0x20dc	0x20dcB0x2482B0x43f
0x20e1	0x20e0B0x2482B0x1d9
0x20e1	0x20e0B0x2482B0x43f
0x20e6	0x20e3B0x2482B0x1d9
0x20e6	0x20e3B0x2482B0x43f
0x20e7	0x20e3B0x2482B0x1d9
0x20e7	0x20e3B0x2482B0x43f
0x20e8	0x20e3B0x2482B0x1d9
0x20e8	0x20e3B0x2482B0x43f
0x20ed	0x20ecB0x2482B0x1d9
0x20ed	0x20ecB0x2482B0x43f
0x20f2	0x20ecB0x2482B0x1d9
0x20f2	0x20ecB0x2482B0x43f
0x20f9	0x20f6B0x2482B0x1d9
0x20f9	0x20f6B0x2482B0x43f
0x20fc	0x20f6B0x2482B0x1d9
0x20fc	0x20f6B0x2482B0x43f
0x20ff	0x20f6B0x2482B0x1d9
0x20ff	0x20f6B0x2482B0x43f
0x2102	0x20f6B0x2482B0x1d9
0x2102	0x20f6B0x2482B0x43f
0x2106	0x20f6B0x2482B0x1d9
0x2106	0x20f6B0x2482B0x43f
0x2109	0x20f6B0x2482B0x1d9
0x2109	0x20f6B0x2482B0x43f
0x210c	0x20f6B0x2482B0x1d9
0x210c	0x20f6B0x2482B0x43f
0x211b	0x211aB0x2655B0x470
0x211e	0x211aB0x2655B0x470
0x2121	0x211aB0x2655B0x470
0x2122	0x211aB0x2655B0x470
0x2123	0x211aB0x2655B0x470
0x2127	0x2127B0x2655B0x470
0x212d	0x212bB0x2655B0x470
0x212e	0x212bB0x2655B0x470
0x2131	0x212bB0x2655B0x470
0x2135	0x212bB0x2655B0x470
0x213a	0x2139B0x2655B0x470
0x2145	0x213eB0x2655B0x470
0x2148	0x213eB0x2655B0x470
0x214b	0x213eB0x2655B0x470
0x214e	0x213eB0x2655B0x470
0x2153	0x213eB0x2655B0x470
0x2156	0x213eB0x2655B0x470
0x2158	0x213eB0x2655B0x470
0x2159	0x213eB0x2655B0x470
0x215a	0x213eB0x2655B0x470
0x215b	0x213eB0x2655B0x470
0x215f	0x215fB0x2655B0x470
0x2164	0x2163B0x2655B0x470
0x2169	0x2166B0x2655B0x470
0x216a	0x2166B0x2655B0x470
0x216b	0x2166B0x2655B0x470
0x2170	0x216fB0x2655B0x470
0x2175	0x216fB0x2655B0x470
0x217c	0x2179B0x2655B0x470
0x217f	0x2179B0x2655B0x470
0x2182	0x2179B0x2655B0x470
0x2185	0x2179B0x2655B0x470
0x2189	0x2179B0x2655B0x470
0x218c	0x2179B0x2655B0x470
0x218f	0x2179B0x2655B0x470
0x229f	0x229eB0x2655B0x470
0x22a1	0x229eB0x2655B0x470
0x22a5	0x229eB0x2655B0x470
0x22a6	0x229eB0x2655B0x470
0x22a7	0x229eB0x2655B0x470
0x22a8	0x229eB0x2655B0x470
0x22ac	0x22acB0x2655B0x470
0x22b1	0x22b0B0x2655B0x470
0x22b4	0x22b0B0x2655B0x470
0x22b6	0x22b0B0x2655B0x470
0x22bd	0x22baB0x2655B0x470
0x22bf	0x22baB0x2655B0x470
0x22c5	0x22baB0x2655B0x470
0x22c6	0x22baB0x2655B0x470
0x22cb	0x22caB0x2655B0x470
0x22ce	0x22caB0x2655B0x470
0x22d1	0x22caB0x2655B0x470
0x22d3	0x22caB0x2655B0x470
0x22d9	0x22caB0x2655B0x470
0x22da	0x22caB0x2655B0x470
0x22df	0x22deB0x2655B0x470
0x22e2	0x22deB0x2655B0x470
0x22e5	0x22deB0x2655B0x470
0x22e7	0x22deB0x2655B0x470
0x22ed	0x22deB0x2655B0x470
0x22ee	0x22deB0x2655B0x470
0x22f3	0x22f2B0x2655B0x470
0x22f6	0x22f2B0x2655B0x470
0x22f9	0x22f2B0x2655B0x470
0x22fb	0x22f2B0x2655B0x470
0x2301	0x22f2B0x2655B0x470
0x2302	0x22f2B0x2655B0x470
0x2307	0x2306B0x2655B0x470
0x230a	0x2306B0x2655B0x470
0x2352	0x2351B0x171
0x2354	0x2351B0x171
0x2358	0x2351B0x171
0x2359	0x2351B0x171
0x235a	0x2351B0x171
0x235b	0x2351B0x171
0x235f	0x235fB0x171
0x2364	0x2363B0x171
0x2366	0x2363B0x171
0x236c	0x2363B0x171
0x236d	0x2363B0x171
0x237b	0x237aB0x2d9
0x237b	0x237aB0x498
0x237e	0x237aB0x2d9
0x237e	0x237aB0x498
0x2382	0x237aB0x2d9
0x2382	0x237aB0x498
0x2383	0x237aB0x2d9
0x2383	0x237aB0x498
0x2384	0x237aB0x2d9
0x2384	0x237aB0x498
0x2385	0x237aB0x2d9
0x2385	0x237aB0x498
0x2389	0x2389B0x2d9
0x2389	0x2389B0x498
0x238e	0x238dB0x2d9
0x238e	0x238dB0x498
0x2390	0x238dB0x2d9
0x2390	0x238dB0x498
0x2396	0x238dB0x2d9
0x2396	0x238dB0x498
0x2397	0x238dB0x2d9
0x2397	0x238dB0x498
0x239f	0x239bB0x2d9
0x239f	0x239bB0x498
0x23a1	0x239bB0x2d9
0x23a1	0x239bB0x498
0x23a7	0x239bB0x2d9
0x23a7	0x239bB0x498
0x23a8	0x239bB0x2d9
0x23a8	0x239bB0x498
0x23b7	0x23b6B0x32d
0x23b7	0x23b6B0x3a7
0x23ba	0x23b6B0x32d
0x23ba	0x23b6B0x3a7
0x23be	0x23b6B0x32d
0x23be	0x23b6B0x3a7
0x23bf	0x23b6B0x32d
0x23bf	0x23b6B0x3a7
0x23c0	0x23b6B0x32d
0x23c0	0x23b6B0x3a7
0x23c1	0x23b6B0x32d
0x23c1	0x23b6B0x3a7
0x23c5	0x23c5B0x32d
0x23c5	0x23c5B0x3a7
0x23ca	0x23c9B0x32d
0x23ca	0x23c9B0x3a7
0x23cc	0x23c9B0x32d
0x23cc	0x23c9B0x3a7
0x23d2	0x23c9B0x32d
0x23d2	0x23c9B0x3a7
0x23d3	0x23c9B0x32d
0x23d3	0x23c9B0x3a7
0x23db	0x23d7B0x32d
0x23db	0x23d7B0x3a7
0x23dd	0x23d7B0x32d
0x23dd	0x23d7B0x3a7
0x23e3	0x23d7B0x32d
0x23e3	0x23d7B0x3a7
0x23e4	0x23d7B0x32d
0x23e4	0x23d7B0x3a7
0x23f3	0x23f2B0x272
0x23f6	0x23f2B0x272
0x23f9	0x23f2B0x272
0x23fd	0x23f2B0x272
0x23fe	0x23f2B0x272
0x23ff	0x23f2B0x272
0x2400	0x23f2B0x272
0x2404	0x2404B0x272
0x2409	0x2408B0x272
0x240b	0x2408B0x272
0x2411	0x2408B0x272
0x2412	0x2408B0x272
0x241a	0x2416B0x272
0x241c	0x2416B0x272
0x2422	0x2416B0x272
0x2423	0x2416B0x272
0x242b	0x2427B0x272
0x242d	0x2427B0x272
0x2433	0x2427B0x272
0x2434	0x2427B0x272
0x243c	0x2438B0x272
0x243e	0x2438B0x272
0x2444	0x2438B0x272
0x2445	0x2438B0x272
0x24c2	0x24c1B0x1f83B0x1d32B0x1a19
0x24c2	0x24c1B0x1f83B0x1e03B0x1cb8
0x24c4	0x24c1B0x1f83B0x1d32B0x1a19
0x24c4	0x24c1B0x1f83B0x1e03B0x1cb8
0x24c8	0x24c1B0x1f83B0x1d32B0x1a19
0x24c8	0x24c1B0x1f83B0x1e03B0x1cb8
0x24c9	0x24c1B0x1f83B0x1d32B0x1a19
0x24c9	0x24c1B0x1f83B0x1e03B0x1cb8
0x24ca	0x24c1B0x1f83B0x1d32B0x1a19
0x24ca	0x24c1B0x1f83B0x1e03B0x1cb8
0x24cb	0x24c1B0x1f83B0x1d32B0x1a19
0x24cb	0x24c1B0x1f83B0x1e03B0x1cb8
0x24cf	0x24cfB0x1f83B0x1d32B0x1a19
0x24cf	0x24cfB0x1f83B0x1e03B0x1cb8
0x24d4	0x24d3B0x1f83B0x1d32B0x1a19
0x24d4	0x24d3B0x1f83B0x1e03B0x1cb8
0x24d6	0x24d3B0x1f83B0x1d32B0x1a19
0x24d6	0x24d3B0x1f83B0x1e03B0x1cb8
0x24dc	0x24d3B0x1f83B0x1d32B0x1a19
0x24dc	0x24d3B0x1f83B0x1e03B0x1cb8
0x24dd	0x24d3B0x1f83B0x1d32B0x1a19
0x24dd	0x24d3B0x1f83B0x1e03B0x1cb8
0x2555	0x2554B0x542
0x2558	0x2554B0x542
0x255c	0x2554B0x542
0x255d	0x2554B0x542
0x255e	0x2554B0x542
0x255f	0x2554B0x542
0x2563	0x2563B0x542
0x2568	0x2567B0x542
0x256a	0x2567B0x542
0x2570	0x2567B0x542
0x2571	0x2567B0x542
0x2579	0x2575B0x542
0x257b	0x2575B0x542
0x2581	0x2575B0x542
0x2582	0x2575B0x542
0x2591	0x2590B0x241
0x2591	0x2590B0x36a
0x2591	0x2590B0x3d8
0x2594	0x2590B0x241
0x2594	0x2590B0x36a
0x2594	0x2590B0x3d8
0x2596	0x2590B0x241
0x2596	0x2590B0x36a
0x2596	0x2590B0x3d8
0x259a	0x2590B0x241
0x259a	0x2590B0x36a
0x259a	0x2590B0x3d8
0x259b	0x2590B0x241
0x259b	0x2590B0x36a
0x259b	0x2590B0x3d8
0x259c	0x2590B0x241
0x259c	0x2590B0x36a
0x259c	0x2590B0x3d8
0x259d	0x2590B0x241
0x259d	0x2590B0x36a
0x259d	0x2590B0x3d8
0x25a1	0x25a1B0x241
0x25a1	0x25a1B0x36a
0x25a1	0x25a1B0x3d8
0x25a6	0x25a5B0x241
0x25a6	0x25a5B0x36a
0x25a6	0x25a5B0x3d8
0x25a8	0x25a5B0x241
0x25a8	0x25a5B0x36a
0x25a8	0x25a5B0x3d8
0x25ae	0x25a5B0x241
0x25ae	0x25a5B0x36a
0x25ae	0x25a5B0x3d8
0x25af	0x25a5B0x241
0x25af	0x25a5B0x36a
0x25af	0x25a5B0x3d8
0x25b7	0x25b3B0x241
0x25b7	0x25b3B0x36a
0x25b7	0x25b3B0x3d8
0x25b9	0x25b3B0x241
0x25b9	0x25b3B0x36a
0x25b9	0x25b3B0x3d8
0x25bf	0x25b3B0x241
0x25bf	0x25b3B0x36a
0x25bf	0x25b3B0x3d8
0x25c0	0x25b3B0x241
0x25c0	0x25b3B0x36a
0x25c0	0x25b3B0x3d8
0x25c8	0x25c4B0x241
0x25c8	0x25c4B0x36a
0x25c8	0x25c4B0x3d8
0x25ca	0x25c4B0x241
0x25ca	0x25c4B0x36a
0x25ca	0x25c4B0x3d8
0x25d0	0x25c4B0x241
0x25d0	0x25c4B0x36a
0x25d0	0x25c4B0x3d8
0x25d1	0x25c4B0x241
0x25d1	0x25c4B0x36a
0x25d1	0x25c4B0x3d8
0x2fcb	0x2fcaB0x2482B0x1d9
0x2fcb	0x2fcaB0x2482B0x43f
0x2fcd	0x2fcaB0x2482B0x1d9
0x2fcd	0x2fcaB0x2482B0x43f
0x2fd7	0x2fcaB0x2482B0x1d9
0x2fd7	0x2fcaB0x2482B0x43f
0x2fd8	0x2fcaB0x2482B0x1d9
0x2fd8	0x2fcaB0x2482B0x43f
0x2fd9	0x2fcaB0x2482B0x1d9
0x2fd9	0x2fcaB0x2482B0x43f
0x2fdd	0x2fddB0x2482B0x1d9
0x2fdd	0x2fddB0x2482B0x43f
0x2fe2	0x2fe1B0x2482B0x1d9
0x2fe2	0x2fe1B0x2482B0x43f
0x2fe5	0x2fe1B0x2482B0x1d9
0x2fe5	0x2fe1B0x2482B0x43f
0x2fe8	0x2fe1B0x2482B0x1d9
0x2fe8	0x2fe1B0x2482B0x43f
0x2feb	0x2fe1B0x2482B0x1d9
0x2feb	0x2fe1B0x2482B0x43f
0x2ff3	0x2ff2B0x2655B0x470
0x2ff5	0x2ff2B0x2655B0x470
0x2fff	0x2ff2B0x2655B0x470
0x3000	0x2ff2B0x2655B0x470
0x3001	0x2ff2B0x2655B0x470
0x3005	0x3005B0x2655B0x470
0x300a	0x3009B0x2655B0x470
0x300d	0x3009B0x2655B0x470
0x3010	0x3009B0x2655B0x470
0x3013	0x3009B0x2655B0x470
0x1b000	0x20e0B0x2482B0x1d9
0x1b000	0x20e0B0x2482B0x43f
0x1ba00	0x2163B0x2655B0x470
0x20f5	0x20ecB0x2482B0x1d9
0x20f5	0x20ecB0x2482B0x43f
0x22c9	0x22baB0x2655B0x470
0x2370	0x2363B0x171
0x239a	0x238dB0x2d9
0x239a	0x238dB0x498
0x23ab	0x239bB0x2d9
0x23ab	0x239bB0x498
0x23d6	0x23c9B0x32d
0x23d6	0x23c9B0x3a7
0x2415	0x2408B0x272
0x2437	0x2427B0x272
0x2585	0x2575B0x542
0x25c3	0x25b3B0x241
0x25c3	0x25b3B0x36a
0x25c3	0x25b3B0x3d8
0x24e0	0x24d3B0x1f83B0x1d32B0x1a19
0x24e0	0x24d3B0x1f83B0x1e03B0x1cb8
0x22f1	0x22deB0x2655B0x470
0x2305	0x22f2B0x2655B0x470
0x22dd	0x22caB0x2655B0x470
0x16db	0x16b8B0x4ec
0x168b	0x162fB0x4ec
0x23e7	0x23d7B0x32d
0x23e7	0x23d7B0x3a7
0x2426	0x2416B0x272
0x2448	0x2438B0x272
0x2574	0x2567B0x542
0x25b2	0x25a5B0x241
0x25b2	0x25a5B0x36a
0x25b2	0x25a5B0x3d8
0x25d4	0x25c4B0x241
0x25d4	0x25c4B0x36a
0x25d4	0x25c4B0x3d8
0x20ba	0x20b6B0x2482B0x1d9
0x20ba	0x20b6B0x2482B0x43f
0x213d	0x2139B0x2655B0x470
0x22b9	0x22b0B0x2655B0x470
0x20b5	0x20a8B0x2482B0x1d9
0x20b5	0x20a8B0x2482B0x43f
0x210f	0x20f6B0x2482B0x1d9
0x210f	0x20f6B0x2482B0x43f
0x2138	0x212bB0x2655B0x470
0x2178	0x216fB0x2655B0x470
0x2192	0x2179B0x2655B0x470
0x2311	0x2306B0x2655B0x470
0x2ff1	0x2fe1B0x2482B0x1d9
0x2ff1	0x2fe1B0x2482B0x43f
0x3019	0x3009B0x2655B0x470
0x1b020	0x20e0B0x2482B0x1d9
0x1b020	0x20e0B0x2482B0x43f
0x1ba20	0x2163B0x2655B0x470
0x169f	0x168cB0x4ec
0x16ae	0x16a4B0x4ec
0x20a3	0x2097B0x2482B0x1d9
0x20a3	0x2097B0x2482B0x43f
0x20db	0x20bbB0x2482B0x1d9
0x20db	0x20bbB0x2482B0x43f
0x20eb	0x20e3B0x2482B0x1d9
0x20eb	0x20e3B0x2482B0x43f
0x2126	0x211aB0x2655B0x470
0x215e	0x213eB0x2655B0x470
0x216e	0x2166B0x2655B0x470
0x22ab	0x229eB0x2655B0x470
0x235e	0x2351B0x171
0x2388	0x237aB0x2d9
0x2388	0x237aB0x498
0x23c4	0x23b6B0x32d
0x23c4	0x23b6B0x3a7
0x2403	0x23f2B0x272
0x24ce	0x24c1B0x1f83B0x1d32B0x1a19
0x24ce	0x24c1B0x1f83B0x1e03B0x1cb8
0x2562	0x2554B0x542
0x25a0	0x2590B0x241
0x25a0	0x2590B0x36a
0x25a0	0x2590B0x3d8
0x2fdc	0x2fcaB0x2482B0x1d9
0x2fdc	0x2fcaB0x2482B0x43f
0x3004	0x2ff2B0x2655B0x470
0x16e0	0x16dcB0x4ec
0x2119	0x2110B0x2482B0x1d9
0x2119	0x2110B0x2482B0x43f
0x219c	0x2193B0x2655B0x470
0x2379	0x2371B0x171
0x23b5	0x23acB0x2d9
0x23b5	0x23acB0x498
0x23f1	0x23e8B0x32d
0x23f1	0x23e8B0x3a7
0x2454	0x2449B0x272
0x24e9	0x24e1B0x1f83B0x1d32B0x1a19
0x24e9	0x24e1B0x1f83B0x1e03B0x1cb8
0x258f	0x2586B0x542
0x25de	0x25d5B0x241
0x25de	0x25d5B0x36a
0x25de	0x25d5B0x3d8
0x16a3	0x16a0B0x4ec
0x16b7	0x16afB0x4ec
0x20a7	0x20a4B0x2482B0x1d9
0x20a7	0x20a4B0x2482B0x43f
0x20df	0x20dcB0x2482B0x1d9
0x20df	0x20dcB0x2482B0x43f
0x212a	0x2127B0x2655B0x470
0x2162	0x215fB0x2655B0x470
0x22af	0x22acB0x2655B0x470
0x2362	0x235fB0x171
0x238c	0x2389B0x2d9
0x238c	0x2389B0x498
0x23c8	0x23c5B0x32d
0x23c8	0x23c5B0x3a7
0x2407	0x2404B0x272
0x24d2	0x24cfB0x1f83B0x1d32B0x1a19
0x24d2	0x24cfB0x1f83B0x1e03B0x1cb8
0x2566	0x2563B0x542
0x25a4	0x25a1B0x241
0x25a4	0x25a1B0x36a
0x25a4	0x25a1B0x3d8
0x2fe0	0x2fddB0x2482B0x1d9
0x2fe0	0x2fddB0x2482B0x43f
0x3008	0x3005B0x2655B0x470
0x167f	0x162fB0x4ec
0x16ce	0x16b8B0x4ec
0x20c1	0x20bbB0x2482B0x1d9
0x20c1	0x20bbB0x2482B0x43f
0x20f8	0x20f6B0x2482B0x1d9
0x20f8	0x20f6B0x2482B0x43f
0x2144	0x213eB0x2655B0x470
0x217b	0x2179B0x2655B0x470
0x22cf	0x22caB0x2655B0x470
0x22e3	0x22deB0x2655B0x470
0x22f7	0x22f2B0x2655B0x470
0x230b	0x2306B0x2655B0x470
0x16b3	0x16afB0x4ec
0x20ec	0x20ecB0x2482B0x1d9
0x20ec	0x20ecB0x2482B0x43f
0x216f	0x216fB0x2655B0x470
0x1e6b	0x1e6aB0x1d32B0x1a19
0x1e6b	0x1e6aB0x1e03B0x1cb8
0x1e6f	0x1e6aB0x1d32B0x1a19
0x1e6f	0x1e6aB0x1e03B0x1cb8
0x1e84	0x1e6aB0x1d32B0x1a19
0x1e84	0x1e6aB0x1e03B0x1cb8
0x1e85	0x1e6aB0x1d32B0x1a19
0x1e85	0x1e6aB0x1e03B0x1cb8
0x1e8a	0x1e89B0x1d32B0x1a19
0x1e8a	0x1e89B0x1e03B0x1cb8
0x1e8e	0x1e8eB0x1d32B0x1a19
0x1e8e	0x1e8eB0x1e03B0x1cb8
0x1e90	0x1e8eB0x1d32B0x1a19
0x1e90	0x1e8eB0x1e03B0x1cb8
0x1e91	0x1e8eB0x1d32B0x1a19
0x1e91	0x1e8eB0x1e03B0x1cb8
0x1eb4	0x1e8eB0x1d32B0x1a19
0x1eb4	0x1e8eB0x1e03B0x1cb8
0x1eb6	0x1e8eB0x1d32B0x1a19
0x1eb6	0x1e8eB0x1e03B0x1cb8
0x1eb7	0x1e8eB0x1d32B0x1a19
0x1eb7	0x1e8eB0x1e03B0x1cb8
0x1ebb	0x1e8eB0x1d32B0x1a19
0x1ebb	0x1e8eB0x1e03B0x1cb8
0x1ec0	0x1ebfB0x1d32B0x1a19
0x1ec0	0x1ebfB0x1e03B0x1cb8
0x1ec2	0x1ebfB0x1d32B0x1a19
0x1ec2	0x1ebfB0x1e03B0x1cb8
0x1ec5	0x1ebfB0x1d32B0x1a19
0x1ec5	0x1ebfB0x1e03B0x1cb8
0x1ec9	0x1ec8B0x1d32B0x1a19
0x1ec9	0x1ec8B0x1e03B0x1cb8
0x1ecb	0x1ec8B0x1d32B0x1a19
0x1ecb	0x1ec8B0x1e03B0x1cb8
0x1ece	0x1ec8B0x1d32B0x1a19
0x1ece	0x1ec8B0x1e03B0x1cb8
0x1ee3	0x1ec8B0x1d32B0x1a19
0x1ee3	0x1ec8B0x1e03B0x1cb8
0x1ee5	0x1ec8B0x1d32B0x1a19
0x1ee5	0x1ec8B0x1e03B0x1cb8
0x1ee7	0x1ec8B0x1d32B0x1a19
0x1ee7	0x1ec8B0x1e03B0x1cb8
0x1ee8	0x1ec8B0x1d32B0x1a19
0x1ee8	0x1ec8B0x1e03B0x1cb8
0x1eed	0x1ec8B0x1d32B0x1a19
0x1eed	0x1ec8B0x1e03B0x1cb8
0x1ef2	0x1ef1B0x1d32B0x1a19
0x1ef2	0x1ef1B0x1e03B0x1cb8
0x1ef4	0x1ef1B0x1d32B0x1a19
0x1ef4	0x1ef1B0x1e03B0x1cb8
0x1ef6	0x1ef1B0x1d32B0x1a19
0x1ef6	0x1ef1B0x1e03B0x1cb8
0x1ef9	0x1ef1B0x1d32B0x1a19
0x1ef9	0x1ef1B0x1e03B0x1cb8
0x1efb	0x1ef1B0x1d32B0x1a19
0x1efb	0x1ef1B0x1e03B0x1cb8
0x1efe	0x1ef1B0x1d32B0x1a19
0x1efe	0x1ef1B0x1e03B0x1cb8
0x1eff	0x1ef1B0x1d32B0x1a19
0x1eff	0x1ef1B0x1e03B0x1cb8
0x1f03	0x1ef1B0x1d32B0x1a19
0x1f03	0x1ef1B0x1e03B0x1cb8
0x1f05	0x1ef1B0x1d32B0x1a19
0x1f05	0x1ef1B0x1e03B0x1cb8
0x1f08	0x1ef1B0x1d32B0x1a19
0x1f08	0x1ef1B0x1e03B0x1cb8
0x1f09	0x1ef1B0x1d32B0x1a19
0x1f09	0x1ef1B0x1e03B0x1cb8
0x1f0d	0x1f0dB0x1d32B0x1a19
0x1f0d	0x1f0dB0x1e03B0x1cb8
0x1f0f	0x1f0dB0x1d32B0x1a19
0x1f0f	0x1f0dB0x1e03B0x1cb8
0x1f12	0x1f0dB0x1d32B0x1a19
0x1f12	0x1f0dB0x1e03B0x1cb8
0x1f14	0x1f0dB0x1d32B0x1a19
0x1f14	0x1f0dB0x1e03B0x1cb8
0x1f15	0x1f0dB0x1d32B0x1a19
0x1f15	0x1f0dB0x1e03B0x1cb8
0x1f17	0x1f0dB0x1d32B0x1a19
0x1f17	0x1f0dB0x1e03B0x1cb8
0x1f18	0x1f0dB0x1d32B0x1a19
0x1f18	0x1f0dB0x1e03B0x1cb8
0x1f19	0x1f0dB0x1d32B0x1a19
0x1f19	0x1f0dB0x1e03B0x1cb8
0x1f1b	0x1f0dB0x1d32B0x1a19
0x1f1b	0x1f0dB0x1e03B0x1cb8
0x1f1c	0x1f0dB0x1d32B0x1a19
0x1f1c	0x1f0dB0x1e03B0x1cb8
0x1f1f	0x1f0dB0x1d32B0x1a19
0x1f1f	0x1f0dB0x1e03B0x1cb8
0x1f22	0x1f0dB0x1d32B0x1a19
0x1f22	0x1f0dB0x1e03B0x1cb8
0x1f23	0x1f0dB0x1d32B0x1a19
0x1f23	0x1f0dB0x1e03B0x1cb8
0x1f25	0x1f0dB0x1d32B0x1a19
0x1f25	0x1f0dB0x1e03B0x1cb8
0x1f28	0x1f0dB0x1d32B0x1a19
0x1f28	0x1f0dB0x1e03B0x1cb8
0x1f2a	0x1f0dB0x1d32B0x1a19
0x1f2a	0x1f0dB0x1e03B0x1cb8
0x1f2f	0x1f2eB0x1d32B0x1a19
0x1f2f	0x1f2eB0x1e03B0x1cb8
0x1f3a	0x1f33B0x1d32B0x1a19
0x1f3a	0x1f33B0x1e03B0x1cb8
0x1f3e	0x1f3eB0x1d32B0x1a19
0x1f3e	0x1f3eB0x1e03B0x1cb8
0x1f40	0x1f3eB0x1d32B0x1a19
0x1f40	0x1f3eB0x1e03B0x1cb8
0x1f41	0x1f3eB0x1d32B0x1a19
0x1f41	0x1f3eB0x1e03B0x1cb8
0x1f64	0x1f3eB0x1d32B0x1a19
0x1f64	0x1f3eB0x1e03B0x1cb8
0x1f66	0x1f3eB0x1d32B0x1a19
0x1f66	0x1f3eB0x1e03B0x1cb8
0x1f67	0x1f3eB0x1d32B0x1a19
0x1f67	0x1f3eB0x1e03B0x1cb8
0x1f6b	0x1f3eB0x1d32B0x1a19
0x1f6b	0x1f3eB0x1e03B0x1cb8
0x1f70	0x1f6fB0x1d32B0x1a19
0x1f70	0x1f6fB0x1e03B0x1cb8
0x1f72	0x1f6fB0x1d32B0x1a19
0x1f72	0x1f6fB0x1e03B0x1cb8
0x1f75	0x1f6fB0x1d32B0x1a19
0x1f75	0x1f6fB0x1e03B0x1cb8
0x1f79	0x1f78B0x1d32B0x1a19
0x1f79	0x1f78B0x1e03B0x1cb8
0x1f7c	0x1f78B0x1d32B0x1a19
0x1f7c	0x1f78B0x1e03B0x1cb8
0x1f7d	0x1f78B0x1d32B0x1a19
0x1f7d	0x1f78B0x1e03B0x1cb8
0x1f7e	0x1f78B0x1d32B0x1a19
0x1f7e	0x1f78B0x1e03B0x1cb8
0x1f7f	0x1f78B0x1d32B0x1a19
0x1f7f	0x1f78B0x1e03B0x1cb8
0x1f85	0x1f83B0x1d32B0x1a19
0x1f85	0x1f83B0x1e03B0x1cb8
0x1f87	0x1f83B0x1d32B0x1a19
0x1f87	0x1f83B0x1e03B0x1cb8
0x1f89	0x1f83B0x1d32B0x1a19
0x1f89	0x1f83B0x1e03B0x1cb8
0x1f8b	0x1f83B0x1d32B0x1a19
0x1f8b	0x1f83B0x1e03B0x1cb8
0x1f8d	0x1f83B0x1d32B0x1a19
0x1f8d	0x1f83B0x1e03B0x1cb8
0x1f92	0x1f83B0x1d32B0x1a19
0x1f92	0x1f83B0x1e03B0x1cb8
0x1f97	0x1f96B0x1d32B0x1a19
0x1f97	0x1f96B0x1e03B0x1cb8
0x1f9b	0x1f9bB0x1d32B0x1a19
0x1f9b	0x1f9bB0x1e03B0x1cb8
0x1f9d	0x1f9bB0x1d32B0x1a19
0x1f9d	0x1f9bB0x1e03B0x1cb8
0x1f9e	0x1f9bB0x1d32B0x1a19
0x1f9e	0x1f9bB0x1e03B0x1cb8
0x1fc1	0x1f9bB0x1d32B0x1a19
0x1fc1	0x1f9bB0x1e03B0x1cb8
0x1fc3	0x1f9bB0x1d32B0x1a19
0x1fc3	0x1f9bB0x1e03B0x1cb8
0x1fc4	0x1f9bB0x1d32B0x1a19
0x1fc4	0x1f9bB0x1e03B0x1cb8
0x1fc8	0x1f9bB0x1d32B0x1a19
0x1fc8	0x1f9bB0x1e03B0x1cb8
0x1fcd	0x1fccB0x1d32B0x1a19
0x1fcd	0x1fccB0x1e03B0x1cb8
0x1fcf	0x1fccB0x1d32B0x1a19
0x1fcf	0x1fccB0x1e03B0x1cb8
0x1fd2	0x1fccB0x1d32B0x1a19
0x1fd2	0x1fccB0x1e03B0x1cb8
0x2083	0x2082B0x2363B0x171
0x2083	0x2082B0x25b3B0x241
0x2083	0x2082B0x238dB0x2d9
0x2083	0x2082B0x239bB0x2d9
0x2083	0x2082B0x23c9B0x32d
0x2083	0x2082B0x25b3B0x36a
0x2083	0x2082B0x23c9B0x3a7
0x2083	0x2082B0x238dB0x498
0x2083	0x2082B0x239bB0x498
0x2083	0x2082B0x2575B0x542
0x2083	0x2082B0x2408B0x272
0x2083	0x2082B0x2427B0x272
0x2083	0x2082B0x25b3B0x3d8
0x2083	0x2082B0x20ecB0x2482B0x1d9
0x2083	0x2082B0x20ecB0x2482B0x43f
0x2083	0x2082B0x2605B0x470
0x2083	0x2082B0x22baB0x2655B0x470
0x2086	0x2082B0x2363B0x171
0x2086	0x2082B0x25b3B0x241
0x2086	0x2082B0x238dB0x2d9
0x2086	0x2082B0x239bB0x2d9
0x2086	0x2082B0x23c9B0x32d
0x2086	0x2082B0x25b3B0x36a
0x2086	0x2082B0x23c9B0x3a7
0x2086	0x2082B0x238dB0x498
0x2086	0x2082B0x239bB0x498
0x2086	0x2082B0x2575B0x542
0x2086	0x2082B0x2408B0x272
0x2086	0x2082B0x2427B0x272
0x2086	0x2082B0x25b3B0x3d8
0x2086	0x2082B0x20ecB0x2482B0x1d9
0x2086	0x2082B0x20ecB0x2482B0x43f
0x2086	0x2082B0x2605B0x470
0x2086	0x2082B0x22baB0x2655B0x470
0x2089	0x2082B0x2363B0x171
0x2089	0x2082B0x25b3B0x241
0x2089	0x2082B0x238dB0x2d9
0x2089	0x2082B0x239bB0x2d9
0x2089	0x2082B0x23c9B0x32d
0x2089	0x2082B0x25b3B0x36a
0x2089	0x2082B0x23c9B0x3a7
0x2089	0x2082B0x238dB0x498
0x2089	0x2082B0x239bB0x498
0x2089	0x2082B0x2575B0x542
0x2089	0x2082B0x2408B0x272
0x2089	0x2082B0x2427B0x272
0x2089	0x2082B0x25b3B0x3d8
0x2089	0x2082B0x20ecB0x2482B0x1d9
0x2089	0x2082B0x20ecB0x2482B0x43f
0x2089	0x2082B0x2605B0x470
0x2089	0x2082B0x22baB0x2655B0x470
0x208d	0x2082B0x2363B0x171
0x208d	0x2082B0x25b3B0x241
0x208d	0x2082B0x238dB0x2d9
0x208d	0x2082B0x239bB0x2d9
0x208d	0x2082B0x23c9B0x32d
0x208d	0x2082B0x25b3B0x36a
0x208d	0x2082B0x23c9B0x3a7
0x208d	0x2082B0x238dB0x498
0x208d	0x2082B0x239bB0x498
0x208d	0x2082B0x2575B0x542
0x208d	0x2082B0x2408B0x272
0x208d	0x2082B0x2427B0x272
0x208d	0x2082B0x25b3B0x3d8
0x208d	0x2082B0x20ecB0x2482B0x1d9
0x208d	0x2082B0x20ecB0x2482B0x43f
0x208d	0x2082B0x2605B0x470
0x208d	0x2082B0x22baB0x2655B0x470
0x219e	0x219dB0x24abB0x1d9
0x219e	0x219dB0x24abB0x43f
0x21a1	0x219dB0x24abB0x1d9
0x21a1	0x219dB0x24abB0x43f
0x21a4	0x219dB0x24abB0x1d9
0x21a4	0x219dB0x24abB0x43f
0x21a5	0x219dB0x24abB0x1d9
0x21a5	0x219dB0x24abB0x43f
0x21a6	0x219dB0x24abB0x1d9
0x21a6	0x219dB0x24abB0x43f
0x21aa	0x21aaB0x24abB0x1d9
0x21aa	0x21aaB0x24abB0x43f
0x21b0	0x21aeB0x24abB0x1d9
0x21b0	0x21aeB0x24abB0x43f
0x21b1	0x21aeB0x24abB0x1d9
0x21b1	0x21aeB0x24abB0x43f
0x21b4	0x21aeB0x24abB0x1d9
0x21b4	0x21aeB0x24abB0x43f
0x21b8	0x21aeB0x24abB0x1d9
0x21b8	0x21aeB0x24abB0x43f
0x21bd	0x21bcB0x24abB0x1d9
0x21bd	0x21bcB0x24abB0x43f
0x21c8	0x21c1B0x24abB0x1d9
0x21c8	0x21c1B0x24abB0x43f
0x21cb	0x21c1B0x24abB0x1d9
0x21cb	0x21c1B0x24abB0x43f
0x21ce	0x21c1B0x24abB0x1d9
0x21ce	0x21c1B0x24abB0x43f
0x21d1	0x21c1B0x24abB0x1d9
0x21d1	0x21c1B0x24abB0x43f
0x21d6	0x21c1B0x24abB0x1d9
0x21d6	0x21c1B0x24abB0x43f
0x21d9	0x21c1B0x24abB0x1d9
0x21d9	0x21c1B0x24abB0x43f
0x21db	0x21c1B0x24abB0x1d9
0x21db	0x21c1B0x24abB0x43f
0x21dc	0x21c1B0x24abB0x1d9
0x21dc	0x21c1B0x24abB0x43f
0x21dd	0x21c1B0x24abB0x1d9
0x21dd	0x21c1B0x24abB0x43f
0x21de	0x21c1B0x24abB0x1d9
0x21de	0x21c1B0x24abB0x43f
0x21e2	0x21e2B0x24abB0x1d9
0x21e2	0x21e2B0x24abB0x43f
0x21e7	0x21e6B0x24abB0x1d9
0x21e7	0x21e6B0x24abB0x43f
0x21ec	0x21e9B0x24abB0x1d9
0x21ec	0x21e9B0x24abB0x43f
0x21ed	0x21e9B0x24abB0x1d9
0x21ed	0x21e9B0x24abB0x43f
0x21ee	0x21e9B0x24abB0x1d9
0x21ee	0x21e9B0x24abB0x43f
0x21f3	0x21f2B0x24abB0x1d9
0x21f3	0x21f2B0x24abB0x43f
0x21f8	0x21f2B0x24abB0x1d9
0x21f8	0x21f2B0x24abB0x43f
0x21ff	0x21fcB0x24abB0x1d9
0x21ff	0x21fcB0x24abB0x43f
0x2202	0x21fcB0x24abB0x1d9
0x2202	0x21fcB0x24abB0x43f
0x2205	0x21fcB0x24abB0x1d9
0x2205	0x21fcB0x24abB0x43f
0x2208	0x21fcB0x24abB0x1d9
0x2208	0x21fcB0x24abB0x43f
0x220c	0x21fcB0x24abB0x1d9
0x220c	0x21fcB0x24abB0x43f
0x220f	0x21fcB0x24abB0x1d9
0x220f	0x21fcB0x24abB0x43f
0x2212	0x21fcB0x24abB0x1d9
0x2212	0x21fcB0x24abB0x43f
0x2221	0x2220B0x24d3B0x1f83B0x1d32B0x1a19
0x2221	0x2220B0x24d3B0x1f83B0x1e03B0x1cb8
0x2224	0x2220B0x24d3B0x1f83B0x1d32B0x1a19
0x2224	0x2220B0x24d3B0x1f83B0x1e03B0x1cb8
0x2227	0x2220B0x24d3B0x1f83B0x1d32B0x1a19
0x2227	0x2220B0x24d3B0x1f83B0x1e03B0x1cb8
0x222b	0x2220B0x24d3B0x1f83B0x1d32B0x1a19
0x222b	0x2220B0x24d3B0x1f83B0x1e03B0x1cb8
0x2236	0x2235B0x22deB0x2655B0x470
0x2236	0x2235B0x22f2B0x2655B0x470
0x2239	0x2235B0x22deB0x2655B0x470
0x2239	0x2235B0x22f2B0x2655B0x470
0x223c	0x2235B0x22deB0x2655B0x470
0x223c	0x2235B0x22f2B0x2655B0x470
0x2240	0x2235B0x22deB0x2655B0x470
0x2240	0x2235B0x22f2B0x2655B0x470
0x233d	0x233cB0x22caB0x2655B0x470
0x2340	0x233cB0x22caB0x2655B0x470
0x2343	0x233cB0x22caB0x2655B0x470
0x2347	0x233cB0x22caB0x2655B0x470
0x24eb	0x24eaB0x157b
0x24ed	0x24eaB0x157b
0x24f1	0x24eaB0x157b
0x24f2	0x24eaB0x157b
0x24f3	0x24eaB0x157b
0x24f4	0x24eaB0x157b
0x24f8	0x24f8B0x157b
0x24fd	0x24fcB0x157b
0x2500	0x24fcB0x157b
0x2501	0x24fcB0x157b
0x2502	0x24fcB0x157b
0x250c	0x24fcB0x157b
0x250d	0x24fcB0x157b
0x250e	0x24fcB0x157b
0x2512	0x2512B0x157b
0x2517	0x2516B0x157b
0x251d	0x2516B0x157b
0x251e	0x2516B0x157b
0x252c	0x252bB0xe96
0x252c	0x252bB0x17d3
0x252c	0x252bB0x18e2
0x252c	0x252bB0x16b8B0x4ec
0x252e	0x252bB0xe96
0x252e	0x252bB0x17d3
0x252e	0x252bB0x18e2
0x252e	0x252bB0x16b8B0x4ec
0x2532	0x252bB0xe96
0x2532	0x252bB0x17d3
0x2532	0x252bB0x18e2
0x2532	0x252bB0x16b8B0x4ec
0x2533	0x252bB0xe96
0x2533	0x252bB0x17d3
0x2533	0x252bB0x18e2
0x2533	0x252bB0x16b8B0x4ec
0x2534	0x252bB0xe96
0x2534	0x252bB0x17d3
0x2534	0x252bB0x18e2
0x2534	0x252bB0x16b8B0x4ec
0x2535	0x252bB0xe96
0x2535	0x252bB0x17d3
0x2535	0x252bB0x18e2
0x2535	0x252bB0x16b8B0x4ec
0x2539	0x2539B0xe96
0x2539	0x2539B0x17d3
0x2539	0x2539B0x18e2
0x2539	0x2539B0x16b8B0x4ec
0x253e	0x253dB0xe96
0x253e	0x253dB0x17d3
0x253e	0x253dB0x18e2
0x253e	0x253dB0x16b8B0x4ec
0x2540	0x253dB0xe96
0x2540	0x253dB0x17d3
0x2540	0x253dB0x18e2
0x2540	0x253dB0x16b8B0x4ec
0x2546	0x253dB0xe96
0x2546	0x253dB0x17d3
0x2546	0x253dB0x18e2
0x2546	0x253dB0x16b8B0x4ec
0x2547	0x253dB0xe96
0x2547	0x253dB0x17d3
0x2547	0x253dB0x18e2
0x2547	0x253dB0x16b8B0x4ec
0x2b7d	0x2b7cB0x1099
0x2b81	0x2b7cB0x1099
0x2bda	0x2bd9B0x14f
0x2bda	0x2bd9B0x4ca
0x2bda	0x2bd9B0x520
0x2bda	0x2bd9B0x162fB0x4ec
0x2bdc	0x2bd9B0x14f
0x2bdc	0x2bd9B0x4ca
0x2bdc	0x2bd9B0x520
0x2bdc	0x2bd9B0x162fB0x4ec
0x2bdf	0x2bd9B0x14f
0x2bdf	0x2bd9B0x4ca
0x2bdf	0x2bd9B0x520
0x2bdf	0x2bd9B0x162fB0x4ec
0x2be2	0x2bd9B0x14f
0x2be2	0x2bd9B0x4ca
0x2be2	0x2bd9B0x520
0x2be2	0x2bd9B0x162fB0x4ec
0x2be5	0x2bd9B0x14f
0x2be5	0x2bd9B0x4ca
0x2be5	0x2bd9B0x520
0x2be5	0x2bd9B0x162fB0x4ec
0x2be8	0x2bd9B0x14f
0x2be8	0x2bd9B0x4ca
0x2be8	0x2bd9B0x520
0x2be8	0x2bd9B0x162fB0x4ec
0x2bea	0x2bd9B0x14f
0x2bea	0x2bd9B0x4ca
0x2bea	0x2bd9B0x520
0x2bea	0x2bd9B0x162fB0x4ec
0x2bf5	0x2bf4B0x1d11B0x1a19
0x2bf7	0x2bf4B0x1d11B0x1a19
0x2bfa	0x2bf4B0x1d11B0x1a19
0x2bfd	0x2bf4B0x1d11B0x1a19
0x2c00	0x2bf4B0x1d11B0x1a19
0x2c03	0x2bf4B0x1d11B0x1a19
0x2c05	0x2bf4B0x1d11B0x1a19
0x2c0a	0x2c09B0x1d11B0x1a19
0x2c0d	0x2c09B0x1d11B0x1a19
0x2c10	0x2c09B0x1d11B0x1a19
0x2c12	0x2c09B0x1d11B0x1a19
0x2c17	0x2c16B0x1d11B0x1a19
0x2c1a	0x2c16B0x1d11B0x1a19
0x2c1d	0x2c16B0x1d11B0x1a19
0x2c1f	0x2c16B0x1d11B0x1a19
0x2c2c	0x2c2bB0x1de4B0x1cb8
0x2c2e	0x2c2bB0x1de4B0x1cb8
0x2c31	0x2c2bB0x1de4B0x1cb8
0x2c34	0x2c2bB0x1de4B0x1cb8
0x2c37	0x2c2bB0x1de4B0x1cb8
0x2c3a	0x2c2bB0x1de4B0x1cb8
0x2c3c	0x2c2bB0x1de4B0x1cb8
0x2c41	0x2c40B0x1de4B0x1cb8
0x2c44	0x2c40B0x1de4B0x1cb8
0x2c47	0x2c40B0x1de4B0x1cb8
0x2c49	0x2c40B0x1de4B0x1cb8
0x2c55	0x2c54B0x1f4
0x2c55	0x2c54B0x45a
0x2c57	0x2c54B0x1f4
0x2c57	0x2c54B0x45a
0x2c5a	0x2c54B0x1f4
0x2c5a	0x2c54B0x45a
0x2c5f	0x2c54B0x1f4
0x2c5f	0x2c54B0x45a
0x2c60	0x2c54B0x1f4
0x2c60	0x2c54B0x45a
0x2c63	0x2c54B0x1f4
0x2c63	0x2c54B0x45a
0x2c65	0x2c54B0x1f4
0x2c65	0x2c54B0x45a
0x2c6a	0x2c54B0x1f4
0x2c6a	0x2c54B0x45a
0x2c92	0x2c91B0x21f
0x2c92	0x2c91B0x2b7
0x2c92	0x2c91B0x41d
0x2c92	0x2c91B0x172c
0x2c92	0x2c91B0xde9
0x2c92	0x2c91B0x1839
0x2c94	0x2c91B0x21f
0x2c94	0x2c91B0x2b7
0x2c94	0x2c91B0x41d
0x2c94	0x2c91B0x172c
0x2c94	0x2c91B0xde9
0x2c94	0x2c91B0x1839
0x2c97	0x2c91B0x21f
0x2c97	0x2c91B0x2b7
0x2c97	0x2c91B0x41d
0x2c97	0x2c91B0x172c
0x2c97	0x2c91B0xde9
0x2c97	0x2c91B0x1839
0x2c9a	0x2c91B0x21f
0x2c9a	0x2c91B0x2b7
0x2c9a	0x2c91B0x41d
0x2c9a	0x2c91B0x172c
0x2c9a	0x2c91B0xde9
0x2c9a	0x2c91B0x1839
0x2c9d	0x2c91B0x21f
0x2c9d	0x2c91B0x2b7
0x2c9d	0x2c91B0x41d
0x2c9d	0x2c91B0x172c
0x2c9d	0x2c91B0xde9
0x2c9d	0x2c91B0x1839
0x2ca0	0x2c91B0x21f
0x2ca0	0x2c91B0x2b7
0x2ca0	0x2c91B0x41d
0x2ca0	0x2c91B0x172c
0x2ca0	0x2c91B0xde9
0x2ca0	0x2c91B0x1839
0x2ca2	0x2c91B0x21f
0x2ca2	0x2c91B0x2b7
0x2ca2	0x2c91B0x41d
0x2ca2	0x2c91B0x172c
0x2ca2	0x2c91B0xde9
0x2ca2	0x2c91B0x1839
0x2cad	0x2cacB0x15b3
0x2caf	0x2cacB0x15b3
0x2cb2	0x2cacB0x15b3
0x2cb5	0x2cacB0x15b3
0x2cb8	0x2cacB0x15b3
0x2cbb	0x2cacB0x15b3
0x2cbd	0x2cacB0x15b3
0x2cc2	0x2cc1B0x15b3
0x2cc5	0x2cc1B0x15b3
0x2cc8	0x2cc1B0x15b3
0x2cca	0x2cc1B0x15b3
0x2ccf	0x2cceB0x15b3
0x2cd2	0x2cceB0x15b3
0x2cd5	0x2cceB0x15b3
0x2cd7	0x2cceB0x15b3
0x2cdc	0x2cdbB0x15b3
0x2cdf	0x2cdbB0x15b3
0x2ce2	0x2cdbB0x15b3
0x2ce4	0x2cdbB0x15b3
0x2cf2	0x2cf1B0xff0
0x2cf4	0x2cf1B0xff0
0x2cf7	0x2cf1B0xff0
0x2cfa	0x2cf1B0xff0
0x2cfd	0x2cf1B0xff0
0x2d00	0x2cf1B0xff0
0x2d02	0x2cf1B0xff0
0x2d07	0x2d06B0xff0
0x2d0a	0x2d06B0xff0
0x2d0d	0x2d06B0xff0
0x2d0f	0x2d06B0xff0
0x2d14	0x2d13B0xff0
0x2d17	0x2d13B0xff0
0x2d1a	0x2d13B0xff0
0x2d1c	0x2d13B0xff0
0x2d21	0x2d20B0xff0
0x2d24	0x2d20B0xff0
0x2d27	0x2d20B0xff0
0x2d29	0x2d20B0xff0
0x2d2e	0x2d2dB0xff0
0x2d31	0x2d2dB0xff0
0x2d34	0x2d2dB0xff0
0x2d36	0x2d2dB0xff0
0x2d3b	0x2d3aB0xff0
0x2d3e	0x2d3aB0xff0
0x2d41	0x2d3aB0xff0
0x2d43	0x2d3aB0xff0
0x2d53	0x2d52B0x1099
0x2d55	0x2d52B0x1099
0x2d58	0x2d52B0x1099
0x2d5b	0x2d52B0x1099
0x2d5e	0x2d52B0x1099
0x2d61	0x2d52B0x1099
0x2d63	0x2d52B0x1099
0x2d68	0x2d67B0x1099
0x2d6b	0x2d67B0x1099
0x2d6e	0x2d67B0x1099
0x2d70	0x2d67B0x1099
0x2d75	0x2d74B0x1099
0x2d78	0x2d74B0x1099
0x2d7b	0x2d74B0x1099
0x2d7d	0x2d74B0x1099
0x2d82	0x2d81B0x1099
0x2d85	0x2d81B0x1099
0x2d88	0x2d81B0x1099
0x2d8a	0x2d81B0x1099
0x2f5a	0x2f59B0x18c
0x2f5a	0x2f59B0x1b7
0x2f5a	0x2f59B0x25c
0x2f5a	0x2f59B0x28c
0x2f5a	0x2f59B0x348
0x2f5a	0x2f59B0x385
0x2f5a	0x2f59B0x3c2
0x2f5a	0x2f59B0x3f2
0x2f5a	0x2f59B0x4f5
0x2f5a	0x2f59B0x55d
0x2f5a	0x2f59B0x12f0
0x2f5a	0x2f59B0x19c9
0x2f5c	0x2f59B0x18c
0x2f5c	0x2f59B0x1b7
0x2f5c	0x2f59B0x25c
0x2f5c	0x2f59B0x28c
0x2f5c	0x2f59B0x348
0x2f5c	0x2f59B0x385
0x2f5c	0x2f59B0x3c2
0x2f5c	0x2f59B0x3f2
0x2f5c	0x2f59B0x4f5
0x2f5c	0x2f59B0x55d
0x2f5c	0x2f59B0x12f0
0x2f5c	0x2f59B0x19c9
0x2f5f	0x2f59B0x18c
0x2f5f	0x2f59B0x1b7
0x2f5f	0x2f59B0x25c
0x2f5f	0x2f59B0x28c
0x2f5f	0x2f59B0x348
0x2f5f	0x2f59B0x385
0x2f5f	0x2f59B0x3c2
0x2f5f	0x2f59B0x3f2
0x2f5f	0x2f59B0x4f5
0x2f5f	0x2f59B0x55d
0x2f5f	0x2f59B0x12f0
0x2f5f	0x2f59B0x19c9
0x2f62	0x2f59B0x18c
0x2f62	0x2f59B0x1b7
0x2f62	0x2f59B0x25c
0x2f62	0x2f59B0x28c
0x2f62	0x2f59B0x348
0x2f62	0x2f59B0x385
0x2f62	0x2f59B0x3c2
0x2f62	0x2f59B0x3f2
0x2f62	0x2f59B0x4f5
0x2f62	0x2f59B0x55d
0x2f62	0x2f59B0x12f0
0x2f62	0x2f59B0x19c9
0x2f65	0x2f59B0x18c
0x2f65	0x2f59B0x1b7
0x2f65	0x2f59B0x25c
0x2f65	0x2f59B0x28c
0x2f65	0x2f59B0x348
0x2f65	0x2f59B0x385
0x2f65	0x2f59B0x3c2
0x2f65	0x2f59B0x3f2
0x2f65	0x2f59B0x4f5
0x2f65	0x2f59B0x55d
0x2f65	0x2f59B0x12f0
0x2f65	0x2f59B0x19c9
0x2f68	0x2f59B0x18c
0x2f68	0x2f59B0x1b7
0x2f68	0x2f59B0x25c
0x2f68	0x2f59B0x28c
0x2f68	0x2f59B0x348
0x2f68	0x2f59B0x385
0x2f68	0x2f59B0x3c2
0x2f68	0x2f59B0x3f2
0x2f68	0x2f59B0x4f5
0x2f68	0x2f59B0x55d
0x2f68	0x2f59B0x12f0
0x2f68	0x2f59B0x19c9
0x2f6a	0x2f59B0x18c
0x2f6a	0x2f59B0x1b7
0x2f6a	0x2f59B0x25c
0x2f6a	0x2f59B0x28c
0x2f6a	0x2f59B0x348
0x2f6a	0x2f59B0x385
0x2f6a	0x2f59B0x3c2
0x2f6a	0x2f59B0x3f2
0x2f6a	0x2f59B0x4f5
0x2f6a	0x2f59B0x55d
0x2f6a	0x2f59B0x12f0
0x2f6a	0x2f59B0x19c9
0x2f75	0x2f74B0x719
0x2f75	0x2f74B0x1206
0x2f75	0x2f74B0xb670x39b
0x2f75	0x2f74B0x1bbf0x470
0x2f75	0x2f74B0x1bbf0x95fB0x343
0x2f75	0x2f74B0xb670x5b7B0x1ef
0x2f75	0x2f74B0x1bbf0xc45B0x455
0x2f77	0x2f74B0x719
0x2f77	0x2f74B0x1206
0x2f77	0x2f74B0xb670x39b
0x2f77	0x2f74B0x1bbf0x470
0x2f77	0x2f74B0x1bbf0x95fB0x343
0x2f77	0x2f74B0xb670x5b7B0x1ef
0x2f77	0x2f74B0x1bbf0xc45B0x455
0x2f7a	0x2f74B0x719
0x2f7a	0x2f74B0x1206
0x2f7a	0x2f74B0xb670x39b
0x2f7a	0x2f74B0x1bbf0x470
0x2f7a	0x2f74B0x1bbf0x95fB0x343
0x2f7a	0x2f74B0xb670x5b7B0x1ef
0x2f7a	0x2f74B0x1bbf0xc45B0x455
0x2f7d	0x2f74B0x719
0x2f7d	0x2f74B0x1206
0x2f7d	0x2f74B0xb670x39b
0x2f7d	0x2f74B0x1bbf0x470
0x2f7d	0x2f74B0x1bbf0x95fB0x343
0x2f7d	0x2f74B0xb670x5b7B0x1ef
0x2f7d	0x2f74B0x1bbf0xc45B0x455
0x2f80	0x2f74B0x719
0x2f80	0x2f74B0x1206
0x2f80	0x2f74B0xb670x39b
0x2f80	0x2f74B0x1bbf0x470
0x2f80	0x2f74B0x1bbf0x95fB0x343
0x2f80	0x2f74B0xb670x5b7B0x1ef
0x2f80	0x2f74B0x1bbf0xc45B0x455
0x2f83	0x2f74B0x719
0x2f83	0x2f74B0x1206
0x2f83	0x2f74B0xb670x39b
0x2f83	0x2f74B0x1bbf0x470
0x2f83	0x2f74B0x1bbf0x95fB0x343
0x2f83	0x2f74B0xb670x5b7B0x1ef
0x2f83	0x2f74B0x1bbf0xc45B0x455
0x2f85	0x2f74B0x719
0x2f85	0x2f74B0x1206
0x2f85	0x2f74B0xb670x39b
0x2f85	0x2f74B0x1bbf0x470
0x2f85	0x2f74B0x1bbf0x95fB0x343
0x2f85	0x2f74B0xb670x5b7B0x1ef
0x2f85	0x2f74B0x1bbf0xc45B0x455
0x2f8a	0x2f89B0x719
0x2f8a	0x2f89B0x1206
0x2f8a	0x2f89B0xb670x39b
0x2f8a	0x2f89B0x1bbf0x470
0x2f8a	0x2f89B0x1bbf0x95fB0x343
0x2f8a	0x2f89B0xb670x5b7B0x1ef
0x2f8a	0x2f89B0x1bbf0xc45B0x455
0x2f8d	0x2f89B0x719
0x2f8d	0x2f89B0x1206
0x2f8d	0x2f89B0xb670x39b
0x2f8d	0x2f89B0x1bbf0x470
0x2f8d	0x2f89B0x1bbf0x95fB0x343
0x2f8d	0x2f89B0xb670x5b7B0x1ef
0x2f8d	0x2f89B0x1bbf0xc45B0x455
0x2f90	0x2f89B0x719
0x2f90	0x2f89B0x1206
0x2f90	0x2f89B0xb670x39b
0x2f90	0x2f89B0x1bbf0x470
0x2f90	0x2f89B0x1bbf0x95fB0x343
0x2f90	0x2f89B0xb670x5b7B0x1ef
0x2f90	0x2f89B0x1bbf0xc45B0x455
0x2f92	0x2f89B0x719
0x2f92	0x2f89B0x1206
0x2f92	0x2f89B0xb670x39b
0x2f92	0x2f89B0x1bbf0x470
0x2f92	0x2f89B0x1bbf0x95fB0x343
0x2f92	0x2f89B0xb670x5b7B0x1ef
0x2f92	0x2f89B0x1bbf0xc45B0x455
0x301b	0x301aB0x24abB0x1d9
0x301b	0x301aB0x24abB0x43f
0x301d	0x301aB0x24abB0x1d9
0x301d	0x301aB0x24abB0x43f
0x3027	0x301aB0x24abB0x1d9
0x3027	0x301aB0x24abB0x43f
0x3028	0x301aB0x24abB0x1d9
0x3028	0x301aB0x24abB0x43f
0x3029	0x301aB0x24abB0x1d9
0x3029	0x301aB0x24abB0x43f
0x302d	0x302dB0x24abB0x1d9
0x302d	0x302dB0x24abB0x43f
0x3032	0x3031B0x24abB0x1d9
0x3032	0x3031B0x24abB0x43f
0x3035	0x3031B0x24abB0x1d9
0x3035	0x3031B0x24abB0x43f
0x3038	0x3031B0x24abB0x1d9
0x3038	0x3031B0x24abB0x43f
0x303b	0x3031B0x24abB0x1d9
0x303b	0x3031B0x24abB0x43f
0x19200	0x1f2eB0x1d32B0x1a19
0x19200	0x1f2eB0x1e03B0x1cb8
0x19c00	0x1fd5B0x1d32B0x1a19
0x19c00	0x1fd5B0x1e03B0x1cb8
0x1c400	0x21e6B0x24abB0x1d9
0x1c400	0x21e6B0x24abB0x43f
0x1e88	0x1e6aB0x1d32B0x1a19
0x1e88	0x1e6aB0x1e03B0x1cb8
0x1f95	0x1f83B0x1d32B0x1a19
0x1f95	0x1f83B0x1e03B0x1cb8
0x2521	0x2516B0x157b
0x2c6d	0x2c54B0x1f4
0x2c6d	0x2c54B0x45a
0x1ef0	0x1ec8B0x1d32B0x1a19
0x1ef0	0x1ec8B0x1e03B0x1cb8
0x1f6e	0x1f3eB0x1d32B0x1a19
0x1f6e	0x1f3eB0x1e03B0x1cb8
0x1fcb	0x1f9bB0x1d32B0x1a19
0x1fcb	0x1f9bB0x1e03B0x1cb8
0x1ebe	0x1e8eB0x1d32B0x1a19
0x1ebe	0x1e8eB0x1e03B0x1cb8
0x21fb	0x21f2B0x24abB0x1d9
0x21fb	0x21f2B0x24abB0x43f
0x254a	0x253dB0xe96
0x254a	0x253dB0x17d3
0x254a	0x253dB0x18e2
0x254a	0x253dB0x16b8B0x4ec
0x21c0	0x21bcB0x24abB0x1d9
0x21c0	0x21bcB0x24abB0x43f
0x2b84	0x2b7cB0x1099
0x2090	0x2082B0x2363B0x171
0x2090	0x2082B0x25b3B0x241
0x2090	0x2082B0x238dB0x2d9
0x2090	0x2082B0x239bB0x2d9
0x2090	0x2082B0x23c9B0x32d
0x2090	0x2082B0x25b3B0x36a
0x2090	0x2082B0x23c9B0x3a7
0x2090	0x2082B0x238dB0x498
0x2090	0x2082B0x239bB0x498
0x2090	0x2082B0x2575B0x542
0x2090	0x2082B0x2408B0x272
0x2090	0x2082B0x2427B0x272
0x2090	0x2082B0x25b3B0x3d8
0x2090	0x2082B0x20ecB0x2482B0x1d9
0x2090	0x2082B0x20ecB0x2482B0x43f
0x2090	0x2082B0x2605B0x470
0x2090	0x2082B0x22baB0x2655B0x470
0x222e	0x2220B0x24d3B0x1f83B0x1d32B0x1a19
0x222e	0x2220B0x24d3B0x1f83B0x1e03B0x1cb8
0x2243	0x2235B0x22deB0x2655B0x470
0x2243	0x2235B0x22f2B0x2655B0x470
0x234a	0x233cB0x22caB0x2655B0x470
0x2bed	0x2bd9B0x14f
0x2bed	0x2bd9B0x4ca
0x2bed	0x2bd9B0x520
0x2bed	0x2bd9B0x162fB0x4ec
0x2c08	0x2bf4B0x1d11B0x1a19
0x2c15	0x2c09B0x1d11B0x1a19
0x2c22	0x2c16B0x1d11B0x1a19
0x2c3f	0x2c2bB0x1de4B0x1cb8
0x2c4c	0x2c40B0x1de4B0x1cb8
0x2ca5	0x2c91B0x21f
0x2ca5	0x2c91B0x2b7
0x2ca5	0x2c91B0x41d
0x2ca5	0x2c91B0x172c
0x2ca5	0x2c91B0xde9
0x2ca5	0x2c91B0x1839
0x2cc0	0x2cacB0x15b3
0x2ccd	0x2cc1B0x15b3
0x2cda	0x2cceB0x15b3
0x2ce7	0x2cdbB0x15b3
0x2d05	0x2cf1B0xff0
0x2d12	0x2d06B0xff0
0x2d1f	0x2d13B0xff0
0x2d2c	0x2d20B0xff0
0x2d39	0x2d2dB0xff0
0x2d46	0x2d3aB0xff0
0x2d66	0x2d52B0x1099
0x2d80	0x2d74B0x1099
0x2d8d	0x2d81B0x1099
0x2f6d	0x2f59B0x18c
0x2f6d	0x2f59B0x1b7
0x2f6d	0x2f59B0x25c
0x2f6d	0x2f59B0x28c
0x2f6d	0x2f59B0x348
0x2f6d	0x2f59B0x385
0x2f6d	0x2f59B0x3c2
0x2f6d	0x2f59B0x3f2
0x2f6d	0x2f59B0x4f5
0x2f6d	0x2f59B0x55d
0x2f6d	0x2f59B0x12f0
0x2f6d	0x2f59B0x19c9
0x2f88	0x2f74B0x719
0x2f88	0x2f74B0x1206
0x2f88	0x2f74B0xb670x39b
0x2f88	0x2f74B0x1bbf0x470
0x2f88	0x2f74B0x1bbf0x95fB0x343
0x2f88	0x2f74B0xb670x5b7B0x1ef
0x2f88	0x2f74B0x1bbf0xc45B0x455
0x2f95	0x2f89B0x719
0x2f95	0x2f89B0x1206
0x2f95	0x2f89B0xb670x39b
0x2f95	0x2f89B0x1bbf0x470
0x2f95	0x2f89B0x1bbf0x95fB0x343
0x2f95	0x2f89B0xb670x5b7B0x1ef
0x2f95	0x2f89B0x1bbf0xc45B0x455
0x1f2d	0x1f0dB0x1d32B0x1a19
0x1f2d	0x1f0dB0x1e03B0x1cb8
0x21bb	0x21aeB0x24abB0x1d9
0x21bb	0x21aeB0x24abB0x43f
0x2215	0x21fcB0x24abB0x1d9
0x2215	0x21fcB0x24abB0x43f
0x2b8a	0x2b85B0x1099
0x2d73	0x2d67B0x1099
0x3041	0x3031B0x24abB0x1d9
0x3041	0x3031B0x24abB0x43f
0x19220	0x1f2eB0x1d32B0x1a19
0x19220	0x1f2eB0x1e03B0x1cb8
0x19c20	0x1fd5B0x1d32B0x1a19
0x19c20	0x1fd5B0x1e03B0x1cb8
0x1c420	0x21e6B0x24abB0x1d9
0x1c420	0x21e6B0x24abB0x43f
0x1e8d	0x1e89B0x1d32B0x1a19
0x1e8d	0x1e89B0x1e03B0x1cb8
0x1f0c	0x1ef1B0x1d32B0x1a19
0x1f0c	0x1ef1B0x1e03B0x1cb8
0x1f3d	0x1f33B0x1d32B0x1a19
0x1f3d	0x1f33B0x1e03B0x1cb8
0x1f82	0x1f78B0x1d32B0x1a19
0x1f82	0x1f78B0x1e03B0x1cb8
0x1f9a	0x1f96B0x1d32B0x1a19
0x1f9a	0x1f96B0x1e03B0x1cb8
0x21a9	0x219dB0x24abB0x1d9
0x21a9	0x219dB0x24abB0x43f
0x21e1	0x21c1B0x24abB0x1d9
0x21e1	0x21c1B0x24abB0x43f
0x21f1	0x21e9B0x24abB0x1d9
0x21f1	0x21e9B0x24abB0x43f
0x24f7	0x24eaB0x157b
0x2511	0x24fcB0x157b
0x2538	0x252bB0xe96
0x2538	0x252bB0x17d3
0x2538	0x252bB0x18e2
0x2538	0x252bB0x16b8B0x4ec
0x302c	0x301aB0x24abB0x1d9
0x302c	0x301aB0x24abB0x43f
0x2096	0x2091B0x2363B0x171
0x2096	0x2091B0x25b3B0x241
0x2096	0x2091B0x238dB0x2d9
0x2096	0x2091B0x239bB0x2d9
0x2096	0x2091B0x23c9B0x32d
0x2096	0x2091B0x25b3B0x36a
0x2096	0x2091B0x23c9B0x3a7
0x2096	0x2091B0x238dB0x498
0x2096	0x2091B0x239bB0x498
0x2096	0x2091B0x2575B0x542
0x2096	0x2091B0x2408B0x272
0x2096	0x2091B0x2427B0x272
0x2096	0x2091B0x25b3B0x3d8
0x2096	0x2091B0x20ecB0x2482B0x1d9
0x2096	0x2091B0x20ecB0x2482B0x43f
0x2096	0x2091B0x2605B0x470
0x2096	0x2091B0x22baB0x2655B0x470
0x221f	0x2216B0x24abB0x1d9
0x221f	0x2216B0x24abB0x43f
0x2234	0x222fB0x24d3B0x1f83B0x1d32B0x1a19
0x2234	0x222fB0x24d3B0x1f83B0x1e03B0x1cb8
0x2249	0x2244B0x22deB0x2655B0x470
0x2249	0x2244B0x22f2B0x2655B0x470
0x2350	0x234bB0x22caB0x2655B0x470
0x252a	0x2522B0x157b
0x2553	0x254bB0xe96
0x2553	0x254bB0x17d3
0x2553	0x254bB0x18e2
0x2553	0x254bB0x16b8B0x4ec
0x2bf3	0x2beeB0x14f
0x2bf3	0x2beeB0x4ca
0x2bf3	0x2beeB0x520
0x2bf3	0x2beeB0x162fB0x4ec
0x2c2a	0x2c23B0x1d11B0x1a19
0x2c53	0x2c4dB0x1de4B0x1cb8
0x2c75	0x2c6eB0x1f4
0x2c75	0x2c6eB0x45a
0x2cab	0x2ca6B0x21f
0x2cab	0x2ca6B0x2b7
0x2cab	0x2ca6B0x41d
0x2cab	0x2ca6B0x172c
0x2cab	0x2ca6B0xde9
0x2cab	0x2ca6B0x1839
0x2cf0	0x2ce8B0x15b3
0x2d51	0x2d47B0xff0
0x2d96	0x2d8eB0x1099
0x2f73	0x2f6eB0x18c
0x2f73	0x2f6eB0x1b7
0x2f73	0x2f6eB0x25c
0x2f73	0x2f6eB0x28c
0x2f73	0x2f6eB0x348
0x2f73	0x2f6eB0x385
0x2f73	0x2f6eB0x3c2
0x2f73	0x2f6eB0x3f2
0x2f73	0x2f6eB0x4f5
0x2f73	0x2f6eB0x55d
0x2f73	0x2f6eB0x12f0
0x2f73	0x2f6eB0x19c9
0x2f9c	0x2f96B0x719
0x2f9c	0x2f96B0x1206
0x2f9c	0x2f96B0xb670x39b
0x2f9c	0x2f96B0x1bbf0x470
0x2f9c	0x2f96B0x1bbf0x95fB0x343
0x2f9c	0x2f96B0xb670x5b7B0x1ef
0x2f9c	0x2f96B0x1bbf0xc45B0x455
0x3c4cf	0x3c4caB0x1d32B0x1a19
0x3c4cf	0x3c4caB0x1e03B0x1cb8
0x3c5ab	0x3c5a6B0x1d32B0x1a19
0x3c5ab	0x3c5a6B0x1e03B0x1cb8
0x1ec7	0x1ebfB0x1d32B0x1a19
0x1ec7	0x1ebfB0x1e03B0x1cb8
0x1f77	0x1f6fB0x1d32B0x1a19
0x1f77	0x1f6fB0x1e03B0x1cb8
0x1fd4	0x1fccB0x1d32B0x1a19
0x1fd4	0x1fccB0x1e03B0x1cb8
0x21ad	0x21aaB0x24abB0x1d9
0x21ad	0x21aaB0x24abB0x43f
0x21e5	0x21e2B0x24abB0x1d9
0x21e5	0x21e2B0x24abB0x43f
0x24fb	0x24f8B0x157b
0x2515	0x2512B0x157b
0x253c	0x2539B0xe96
0x253c	0x2539B0x17d3
0x253c	0x2539B0x18e2
0x253c	0x2539B0x16b8B0x4ec
0x3030	0x302dB0x24abB0x1d9
0x3030	0x302dB0x24abB0x43f
0x1eb3	0x1e8eB0x1d32B0x1a19
0x1eb3	0x1e8eB0x1e03B0x1cb8
0x1f1e	0x1f0dB0x1d32B0x1a19
0x1f1e	0x1f0dB0x1e03B0x1cb8
0x1f21	0x1f0dB0x1d32B0x1a19
0x1f21	0x1f0dB0x1e03B0x1cb8
0x1f63	0x1f3eB0x1d32B0x1a19
0x1f63	0x1f3eB0x1e03B0x1cb8
0x1fc0	0x1f9bB0x1d32B0x1a19
0x1fc0	0x1f9bB0x1e03B0x1cb8
0x21c7	0x21c1B0x24abB0x1d9
0x21c7	0x21c1B0x24abB0x43f
0x21fe	0x21fcB0x24abB0x1d9
0x21fe	0x21fcB0x24abB0x43f
0x2b87	0x2b85B0x1099
0x2c64	0x2c54B0x1f4
0x2c64	0x2c54B0x45a
0x1f29	0x1f0dB0x1d32B0x1a19
0x1f29	0x1f0dB0x1e03B0x1cb8
0x1f83	0x1f83B0x1d32B0x1a19
0x1f83	0x1f83B0x1e03B0x1cb8
0x21f2	0x21f2B0x24abB0x1d9
0x21f2	0x21f2B0x24abB0x43f
0x224b	0x224aB0x2516B0x157b
0x224e	0x224aB0x2516B0x157b
0x2251	0x224aB0x2516B0x157b
0x2252	0x224aB0x2516B0x157b
0x2253	0x224aB0x2516B0x157b
0x2257	0x2257B0x2516B0x157b
0x225d	0x225bB0x2516B0x157b
0x225e	0x225bB0x2516B0x157b
0x2261	0x225bB0x2516B0x157b
0x2265	0x225bB0x2516B0x157b
0x226a	0x2269B0x2516B0x157b
0x2274	0x226eB0x2516B0x157b
0x2277	0x226eB0x2516B0x157b
0x2278	0x226eB0x2516B0x157b
0x227b	0x226eB0x2516B0x157b
0x227f	0x226eB0x2516B0x157b
0x2280	0x226eB0x2516B0x157b
0x2281	0x226eB0x2516B0x157b
0x2282	0x226eB0x2516B0x157b
0x2286	0x2286B0x2516B0x157b
0x228b	0x228aB0x2516B0x157b
0x2291	0x228aB0x2516B0x157b
0x266f	0x266eB0x2c54B0x1f4
0x266f	0x266eB0x2c54B0x45a
0x2671	0x266eB0x2c54B0x1f4
0x2671	0x266eB0x2c54B0x45a
0x2676	0x266eB0x2c54B0x1f4
0x2676	0x266eB0x2c54B0x45a
0x267b	0x267aB0x2c54B0x1f4
0x267b	0x267aB0x2c54B0x45a
0x267e	0x267aB0x2c54B0x1f4
0x267e	0x267aB0x2c54B0x45a
0x2687	0x2686B0x2bd9B0x14f
0x2687	0x2686B0x2bd9B0x4ca
0x2687	0x2686B0x2bd9B0x520
0x2687	0x2686B0x2d13B0xff0
0x2687	0x2686B0x2d3aB0xff0
0x2687	0x2686B0x2cdbB0x15b3
0x2687	0x2686B0x2bd9B0x162fB0x4ec
0x2687	0x2686B0x2bf4B0x1d11B0x1a19
0x2687	0x2686B0x2c09B0x1d11B0x1a19
0x2687	0x2686B0x2c2bB0x1de4B0x1cb8
0x268b	0x2686B0x2bd9B0x14f
0x268b	0x2686B0x2bd9B0x4ca
0x268b	0x2686B0x2bd9B0x520
0x268b	0x2686B0x2d13B0xff0
0x268b	0x2686B0x2d3aB0xff0
0x268b	0x2686B0x2cdbB0x15b3
0x268b	0x2686B0x2bd9B0x162fB0x4ec
0x268b	0x2686B0x2bf4B0x1d11B0x1a19
0x268b	0x2686B0x2c09B0x1d11B0x1a19
0x268b	0x2686B0x2c2bB0x1de4B0x1cb8
0x2696	0x2695B0x2c54B0x1f4
0x2696	0x2695B0x2c54B0x45a
0x2698	0x2695B0x2c54B0x1f4
0x2698	0x2695B0x2c54B0x45a
0x269c	0x2695B0x2c54B0x1f4
0x269c	0x2695B0x2c54B0x45a
0x26a1	0x26a0B0x2c54B0x1f4
0x26a1	0x26a0B0x2c54B0x45a
0x26a6	0x26a0B0x2c54B0x1f4
0x26a6	0x26a0B0x2c54B0x45a
0x26ad	0x26aaB0x2c54B0x1f4
0x26ad	0x26aaB0x2c54B0x45a
0x26b1	0x26aaB0x2c54B0x1f4
0x26b1	0x26aaB0x2c54B0x45a
0x26b7	0x26b5B0x2c54B0x1f4
0x26b7	0x26b5B0x2c54B0x45a
0x26bc	0x26b9B0x2c54B0x1f4
0x26bc	0x26b9B0x2c54B0x45a
0x26bd	0x26b9B0x2c54B0x1f4
0x26bd	0x26b9B0x2c54B0x45a
0x26be	0x26b9B0x2c54B0x1f4
0x26be	0x26b9B0x2c54B0x45a
0x26c3	0x26c2B0x2c54B0x1f4
0x26c3	0x26c2B0x2c54B0x45a
0x26c4	0x26c2B0x2c54B0x1f4
0x26c4	0x26c2B0x2c54B0x45a
0x26c9	0x26c2B0x2c54B0x1f4
0x26c9	0x26c2B0x2c54B0x45a
0x26d0	0x26cdB0x2c54B0x1f4
0x26d0	0x26cdB0x2c54B0x45a
0x26d4	0x26cdB0x2c54B0x1f4
0x26d4	0x26cdB0x2c54B0x45a
0x26dc	0x26d8B0x2c54B0x1f4
0x26dc	0x26d8B0x2c54B0x45a
0x26df	0x26d8B0x2c54B0x1f4
0x26df	0x26d8B0x2c54B0x45a
0x26e2	0x26d8B0x2c54B0x1f4
0x26e2	0x26d8B0x2c54B0x45a
0x26f4	0x26f3B0x30b
0x26f8	0x26f3B0x30b
0x2703	0x2702B0x2c91B0x21f
0x2703	0x2702B0x2c91B0x2b7
0x2703	0x2702B0x2c91B0x41d
0x2703	0x2702B0x2c91B0x172c
0x2703	0x2702B0x2c91B0xde9
0x2703	0x2702B0x2cf1B0xff0
0x2703	0x2702B0x2d52B0x1099
0x2703	0x2702B0x2d74B0x1099
0x2703	0x2702B0x2d81B0x1099
0x2703	0x2702B0x2cacB0x15b3
0x2703	0x2702B0x2cc1B0x15b3
0x2703	0x2702B0x2c91B0x1839
0x2707	0x2702B0x2c91B0x21f
0x2707	0x2702B0x2c91B0x2b7
0x2707	0x2702B0x2c91B0x41d
0x2707	0x2702B0x2c91B0x172c
0x2707	0x2702B0x2c91B0xde9
0x2707	0x2702B0x2cf1B0xff0
0x2707	0x2702B0x2d52B0x1099
0x2707	0x2702B0x2d74B0x1099
0x2707	0x2702B0x2d81B0x1099
0x2707	0x2702B0x2cacB0x15b3
0x2707	0x2702B0x2cc1B0x15b3
0x2707	0x2702B0x2c91B0x1839
0x2712	0x2711B0x2bad
0x2712	0x2711B0x2bb9
0x2715	0x2711B0x2bad
0x2715	0x2711B0x2bb9
0x2719	0x2711B0x2bad
0x2719	0x2711B0x2bb9
0x271e	0x271dB0x2bad
0x271e	0x271dB0x2bb9
0x2729	0x2728B0x1ec8B0x1d32B0x1a19
0x2729	0x2728B0x1ec8B0x1e03B0x1cb8
0x272b	0x2728B0x1ec8B0x1d32B0x1a19
0x272b	0x2728B0x1ec8B0x1e03B0x1cb8
0x272f	0x2728B0x1ec8B0x1d32B0x1a19
0x272f	0x2728B0x1ec8B0x1e03B0x1cb8
0x2734	0x2733B0x1ec8B0x1d32B0x1a19
0x2734	0x2733B0x1ec8B0x1e03B0x1cb8
0x2739	0x2733B0x1ec8B0x1d32B0x1a19
0x2739	0x2733B0x1ec8B0x1e03B0x1cb8
0x2740	0x273dB0x1ec8B0x1d32B0x1a19
0x2740	0x273dB0x1ec8B0x1e03B0x1cb8
0x2745	0x273dB0x1ec8B0x1d32B0x1a19
0x2745	0x273dB0x1ec8B0x1e03B0x1cb8
0x2748	0x273dB0x1ec8B0x1d32B0x1a19
0x2748	0x273dB0x1ec8B0x1e03B0x1cb8
0x2749	0x273dB0x1ec8B0x1d32B0x1a19
0x2749	0x273dB0x1ec8B0x1e03B0x1cb8
0x2750	0x274dB0x1ec8B0x1d32B0x1a19
0x2750	0x274dB0x1ec8B0x1e03B0x1cb8
0x275a	0x2759B0x1fe9
0x275c	0x2759B0x1fe9
0x2760	0x2759B0x1fe9
0x2765	0x2764B0x1fe9
0x276a	0x2764B0x1fe9
0x2771	0x276eB0x1fe9
0x2776	0x276eB0x1fe9
0x2779	0x276eB0x1fe9
0x277a	0x276eB0x1fe9
0x277f	0x277eB0x1fe9
0x2783	0x277eB0x1fe9
0x2789	0x2787B0x1fe9
0x2793	0x2792B0x1126
0x2795	0x2792B0x1126
0x2798	0x2792B0x1126
0x279b	0x2792B0x1126
0x27a2	0x279fB0x1126
0x27c3	0x279fB0x1126
0x27c6	0x279fB0x1126
0x27c8	0x279fB0x1126
0x27cb	0x279fB0x1126
0x27d3	0x27d2B0xec2
0x27d5	0x27d2B0xec2
0x27d8	0x27d2B0xec2
0x27db	0x27d2B0xec2
0x27e2	0x27dfB0xec2
0x2803	0x27dfB0xec2
0x2806	0x27dfB0xec2
0x2808	0x27dfB0xec2
0x280b	0x27dfB0xec2
0x2853	0x2852B0x1c6c
0x2855	0x2852B0x1c6c
0x2858	0x2852B0x1c6c
0x285b	0x2852B0x1c6c
0x2862	0x285fB0x1c6c
0x2883	0x285fB0x1c6c
0x2886	0x285fB0x1c6c
0x2888	0x285fB0x1c6c
0x288b	0x285fB0x1c6c
0x2893	0x2892B0x17ff
0x2895	0x2892B0x17ff
0x2898	0x2892B0x17ff
0x289b	0x2892B0x17ff
0x28a2	0x289fB0x17ff
0x28c3	0x289fB0x17ff
0x28c6	0x289fB0x17ff
0x28c8	0x289fB0x17ff
0x28cb	0x289fB0x17ff
0x28d3	0x28d2B0xf75
0x28d5	0x28d2B0xf75
0x28d8	0x28d2B0xf75
0x28db	0x28d2B0xf75
0x28e2	0x28dfB0xf75
0x2903	0x28dfB0xf75
0x2906	0x28dfB0xf75
0x2908	0x28dfB0xf75
0x290b	0x28dfB0xf75
0x2913	0x2912B0x1f3eB0x1d32B0x1a19
0x2913	0x2912B0x1f3eB0x1e03B0x1cb8
0x2915	0x2912B0x1f3eB0x1d32B0x1a19
0x2915	0x2912B0x1f3eB0x1e03B0x1cb8
0x2918	0x2912B0x1f3eB0x1d32B0x1a19
0x2918	0x2912B0x1f3eB0x1e03B0x1cb8
0x291b	0x2912B0x1f3eB0x1d32B0x1a19
0x291b	0x2912B0x1f3eB0x1e03B0x1cb8
0x2922	0x291fB0x1f3eB0x1d32B0x1a19
0x2922	0x291fB0x1f3eB0x1e03B0x1cb8
0x2943	0x291fB0x1f3eB0x1d32B0x1a19
0x2943	0x291fB0x1f3eB0x1e03B0x1cb8
0x2946	0x291fB0x1f3eB0x1d32B0x1a19
0x2946	0x291fB0x1f3eB0x1e03B0x1cb8
0x2948	0x291fB0x1f3eB0x1d32B0x1a19
0x2948	0x291fB0x1f3eB0x1e03B0x1cb8
0x294b	0x291fB0x1f3eB0x1d32B0x1a19
0x294b	0x291fB0x1f3eB0x1e03B0x1cb8
0x2953	0x2952B0xdaf
0x2955	0x2952B0xdaf
0x2958	0x2952B0xdaf
0x295b	0x2952B0xdaf
0x2962	0x295fB0xdaf
0x2983	0x295fB0xdaf
0x2986	0x295fB0xdaf
0x2988	0x295fB0xdaf
0x298b	0x295fB0xdaf
0x2993	0x2992B0x11ab
0x2995	0x2992B0x11ab
0x2998	0x2992B0x11ab
0x299b	0x2992B0x11ab
0x29a2	0x299fB0x11ab
0x29c3	0x299fB0x11ab
0x29c6	0x299fB0x11ab
0x29c8	0x299fB0x11ab
0x29cb	0x299fB0x11ab
0x29d3	0x29d2B0x1382
0x29d3	0x29d2B0x1abd
0x29d3	0x29d2B0x894B0x2ef
0x29d5	0x29d2B0x1382
0x29d5	0x29d2B0x1abd
0x29d5	0x29d2B0x894B0x2ef
0x29d8	0x29d2B0x1382
0x29d8	0x29d2B0x1abd
0x29d8	0x29d2B0x894B0x2ef
0x29db	0x29d2B0x1382
0x29db	0x29d2B0x1abd
0x29db	0x29d2B0x894B0x2ef
0x29e2	0x29dfB0x1382
0x29e2	0x29dfB0x1abd
0x29e2	0x29dfB0x894B0x2ef
0x2a03	0x29dfB0x1382
0x2a03	0x29dfB0x1abd
0x2a03	0x29dfB0x894B0x2ef
0x2a06	0x29dfB0x1382
0x2a06	0x29dfB0x1abd
0x2a06	0x29dfB0x894B0x2ef
0x2a08	0x29dfB0x1382
0x2a08	0x29dfB0x1abd
0x2a08	0x29dfB0x894B0x2ef
0x2a29	0x29dfB0x1382
0x2a29	0x29dfB0x1abd
0x2a29	0x29dfB0x894B0x2ef
0x2a2c	0x29dfB0x1382
0x2a2c	0x29dfB0x1abd
0x2a2c	0x29dfB0x894B0x2ef
0x2a2e	0x29dfB0x1382
0x2a2e	0x29dfB0x1abd
0x2a2e	0x29dfB0x894B0x2ef
0x2a31	0x29dfB0x1382
0x2a31	0x29dfB0x1abd
0x2a31	0x29dfB0x894B0x2ef
0x2a39	0x2a38B0x5c3B0x1ef
0x2a39	0x2a38B0xc51B0x455
0x2a3b	0x2a38B0x5c3B0x1ef
0x2a3b	0x2a38B0xc51B0x455
0x2a3e	0x2a38B0x5c3B0x1ef
0x2a3e	0x2a38B0xc51B0x455
0x2a41	0x2a38B0x5c3B0x1ef
0x2a41	0x2a38B0xc51B0x455
0x2a48	0x2a45B0x5c3B0x1ef
0x2a48	0x2a45B0xc51B0x455
0x2a69	0x2a45B0x5c3B0x1ef
0x2a69	0x2a45B0xc51B0x455
0x2a6c	0x2a45B0x5c3B0x1ef
0x2a6c	0x2a45B0xc51B0x455
0x2a6e	0x2a45B0x5c3B0x1ef
0x2a6e	0x2a45B0xc51B0x455
0x2a71	0x2a45B0x5c3B0x1ef
0x2a71	0x2a45B0xc51B0x455
0x2a79	0x2a78B0x1f9bB0x1d32B0x1a19
0x2a79	0x2a78B0x1f9bB0x1e03B0x1cb8
0x2a7b	0x2a78B0x1f9bB0x1d32B0x1a19
0x2a7b	0x2a78B0x1f9bB0x1e03B0x1cb8
0x2a7e	0x2a78B0x1f9bB0x1d32B0x1a19
0x2a7e	0x2a78B0x1f9bB0x1e03B0x1cb8
0x2a81	0x2a78B0x1f9bB0x1d32B0x1a19
0x2a81	0x2a78B0x1f9bB0x1e03B0x1cb8
0x2a88	0x2a85B0x1f9bB0x1d32B0x1a19
0x2a88	0x2a85B0x1f9bB0x1e03B0x1cb8
0x2aa9	0x2a85B0x1f9bB0x1d32B0x1a19
0x2aa9	0x2a85B0x1f9bB0x1e03B0x1cb8
0x2aac	0x2a85B0x1f9bB0x1d32B0x1a19
0x2aac	0x2a85B0x1f9bB0x1e03B0x1cb8
0x2aae	0x2a85B0x1f9bB0x1d32B0x1a19
0x2aae	0x2a85B0x1f9bB0x1e03B0x1cb8
0x2acf	0x2a85B0x1f9bB0x1d32B0x1a19
0x2acf	0x2a85B0x1f9bB0x1e03B0x1cb8
0x2ad2	0x2a85B0x1f9bB0x1d32B0x1a19
0x2ad2	0x2a85B0x1f9bB0x1e03B0x1cb8
0x2ad4	0x2a85B0x1f9bB0x1d32B0x1a19
0x2ad4	0x2a85B0x1f9bB0x1e03B0x1cb8
0x2ad7	0x2a85B0x1f9bB0x1d32B0x1a19
0x2ad7	0x2a85B0x1f9bB0x1e03B0x1cb8
0x2adf	0x2adeB0xadb0x39b
0x2adf	0x2adeB0x9b70x95fB0x343
0x2adf	0x2adeB0xadb0x5b7B0x1ef
0x2adf	0x2adeB0x9b70xc45B0x455
0x2ae1	0x2adeB0xadb0x39b
0x2ae1	0x2adeB0x9b70x95fB0x343
0x2ae1	0x2adeB0xadb0x5b7B0x1ef
0x2ae1	0x2adeB0x9b70xc45B0x455
0x2ae4	0x2adeB0xadb0x39b
0x2ae4	0x2adeB0x9b70x95fB0x343
0x2ae4	0x2adeB0xadb0x5b7B0x1ef
0x2ae4	0x2adeB0x9b70xc45B0x455
0x2ae7	0x2adeB0xadb0x39b
0x2ae7	0x2adeB0x9b70x95fB0x343
0x2ae7	0x2adeB0xadb0x5b7B0x1ef
0x2ae7	0x2adeB0x9b70xc45B0x455
0x2aee	0x2aebB0xadb0x39b
0x2aee	0x2aebB0x9b70x95fB0x343
0x2aee	0x2aebB0xadb0x5b7B0x1ef
0x2aee	0x2aebB0x9b70xc45B0x455
0x2b0f	0x2aebB0xadb0x39b
0x2b0f	0x2aebB0x9b70x95fB0x343
0x2b0f	0x2aebB0xadb0x5b7B0x1ef
0x2b0f	0x2aebB0x9b70xc45B0x455
0x2b12	0x2aebB0xadb0x39b
0x2b12	0x2aebB0x9b70x95fB0x343
0x2b12	0x2aebB0xadb0x5b7B0x1ef
0x2b12	0x2aebB0x9b70xc45B0x455
0x2b14	0x2aebB0xadb0x39b
0x2b14	0x2aebB0x9b70x95fB0x343
0x2b14	0x2aebB0xadb0x5b7B0x1ef
0x2b14	0x2aebB0x9b70xc45B0x455
0x2b17	0x2aebB0xadb0x39b
0x2b17	0x2aebB0x9b70x95fB0x343
0x2b17	0x2aebB0xadb0x5b7B0x1ef
0x2b17	0x2aebB0x9b70xc45B0x455
0x2b1f	0x2b1eB0x1e8eB0x1d32B0x1a19
0x2b1f	0x2b1eB0x1e8eB0x1e03B0x1cb8
0x2b21	0x2b1eB0x1e8eB0x1d32B0x1a19
0x2b21	0x2b1eB0x1e8eB0x1e03B0x1cb8
0x2b24	0x2b1eB0x1e8eB0x1d32B0x1a19
0x2b24	0x2b1eB0x1e8eB0x1e03B0x1cb8
0x2b27	0x2b1eB0x1e8eB0x1d32B0x1a19
0x2b27	0x2b1eB0x1e8eB0x1e03B0x1cb8
0x2b2e	0x2b2bB0x1e8eB0x1d32B0x1a19
0x2b2e	0x2b2bB0x1e8eB0x1e03B0x1cb8
0x2b4f	0x2b2bB0x1e8eB0x1d32B0x1a19
0x2b4f	0x2b2bB0x1e8eB0x1e03B0x1cb8
0x2b52	0x2b2bB0x1e8eB0x1d32B0x1a19
0x2b52	0x2b2bB0x1e8eB0x1e03B0x1cb8
0x2b54	0x2b2bB0x1e8eB0x1d32B0x1a19
0x2b54	0x2b2bB0x1e8eB0x1e03B0x1cb8
0x2b57	0x2b2bB0x1e8eB0x1d32B0x1a19
0x2b57	0x2b2bB0x1e8eB0x1e03B0x1cb8
0x2b5f	0x2b5eB0x2c54B0x1f4
0x2b5f	0x2b5eB0x2c54B0x45a
0x2b63	0x2b5eB0x2c54B0x1f4
0x2b63	0x2b5eB0x2c54B0x45a
0x2b6e	0x2b6dB0x2f59B0x18c
0x2b6e	0x2b6dB0x2f59B0x1b7
0x2b6e	0x2b6dB0x2f59B0x25c
0x2b6e	0x2b6dB0x2f59B0x28c
0x2b6e	0x2b6dB0x2f59B0x348
0x2b6e	0x2b6dB0x2f59B0x385
0x2b6e	0x2b6dB0x2f59B0x3c2
0x2b6e	0x2b6dB0x2f59B0x3f2
0x2b6e	0x2b6dB0x2f59B0x4f5
0x2b6e	0x2b6dB0x2f59B0x55d
0x2b6e	0x2b6dB0x2f74B0x719
0x2b6e	0x2b6dB0x2f89B0x719
0x2b6e	0x2b6dB0x2d06B0xff0
0x2b6e	0x2b6dB0x2d20B0xff0
0x2b6e	0x2b6dB0x2d2dB0xff0
0x2b6e	0x2b6dB0x2f74B0x1206
0x2b6e	0x2b6dB0x2f89B0x1206
0x2b6e	0x2b6dB0x2f59B0x12f0
0x2b6e	0x2b6dB0x2cceB0x15b3
0x2b6e	0x2b6dB0x2f59B0x19c9
0x2b6e	0x2b6dB0x2f74B0xb670x39b
0x2b6e	0x2b6dB0x2f89B0xb670x39b
0x2b6e	0x2b6dB0x2f74B0x1bbf0x470
0x2b6e	0x2b6dB0x2f89B0x1bbf0x470
0x2b6e	0x2b6dB0x2f74B0x1bbf0x95fB0x343
0x2b6e	0x2b6dB0x2f89B0x1bbf0x95fB0x343
0x2b6e	0x2b6dB0x2c16B0x1d11B0x1a19
0x2b6e	0x2b6dB0x2c40B0x1de4B0x1cb8
0x2b6e	0x2b6dB0x2f74B0xb670x5b7B0x1ef
0x2b6e	0x2b6dB0x2f89B0xb670x5b7B0x1ef
0x2b6e	0x2b6dB0x2f74B0x1bbf0xc45B0x455
0x2b6e	0x2b6dB0x2f89B0x1bbf0xc45B0x455
0x2b72	0x2b6dB0x2f59B0x18c
0x2b72	0x2b6dB0x2f59B0x1b7
0x2b72	0x2b6dB0x2f59B0x25c
0x2b72	0x2b6dB0x2f59B0x28c
0x2b72	0x2b6dB0x2f59B0x348
0x2b72	0x2b6dB0x2f59B0x385
0x2b72	0x2b6dB0x2f59B0x3c2
0x2b72	0x2b6dB0x2f59B0x3f2
0x2b72	0x2b6dB0x2f59B0x4f5
0x2b72	0x2b6dB0x2f59B0x55d
0x2b72	0x2b6dB0x2f74B0x719
0x2b72	0x2b6dB0x2f89B0x719
0x2b72	0x2b6dB0x2d06B0xff0
0x2b72	0x2b6dB0x2d20B0xff0
0x2b72	0x2b6dB0x2d2dB0xff0
0x2b72	0x2b6dB0x2f74B0x1206
0x2b72	0x2b6dB0x2f89B0x1206
0x2b72	0x2b6dB0x2f59B0x12f0
0x2b72	0x2b6dB0x2cceB0x15b3
0x2b72	0x2b6dB0x2f59B0x19c9
0x2b72	0x2b6dB0x2f74B0xb670x39b
0x2b72	0x2b6dB0x2f89B0xb670x39b
0x2b72	0x2b6dB0x2f74B0x1bbf0x470
0x2b72	0x2b6dB0x2f89B0x1bbf0x470
0x2b72	0x2b6dB0x2f74B0x1bbf0x95fB0x343
0x2b72	0x2b6dB0x2f89B0x1bbf0x95fB0x343
0x2b72	0x2b6dB0x2c16B0x1d11B0x1a19
0x2b72	0x2b6dB0x2c40B0x1de4B0x1cb8
0x2b72	0x2b6dB0x2f74B0xb670x5b7B0x1ef
0x2b72	0x2b6dB0x2f89B0xb670x5b7B0x1ef
0x2b72	0x2b6dB0x2f74B0x1bbf0xc45B0x455
0x2b72	0x2b6dB0x2f89B0x1bbf0xc45B0x455
0x2b8c	0x2b8bB0x1ec8B0x1d32B0x1a19
0x2b8c	0x2b8bB0x1ec8B0x1e03B0x1cb8
0x2b8e	0x2b8bB0x1ec8B0x1d32B0x1a19
0x2b8e	0x2b8bB0x1ec8B0x1e03B0x1cb8
0x2b93	0x2b8bB0x1ec8B0x1d32B0x1a19
0x2b93	0x2b8bB0x1ec8B0x1e03B0x1cb8
0x2c77	0x2c76B0x30b
0x2c79	0x2c76B0x30b
0x2c7c	0x2c76B0x30b
0x2c7f	0x2c76B0x30b
0x2c82	0x2c76B0x30b
0x2c85	0x2c76B0x30b
0x2c87	0x2c76B0x30b
0x2d98	0x2d97B0x1fe9
0x2d9a	0x2d97B0x1fe9
0x2d9d	0x2d97B0x1fe9
0x2da2	0x2d97B0x1fe9
0x2da3	0x2d97B0x1fe9
0x2da6	0x2d97B0x1fe9
0x2da8	0x2d97B0x1fe9
0x2dad	0x2d97B0x1fe9
0x2dba	0x2db9B0x1126
0x2dbc	0x2db9B0x1126
0x2dbf	0x2db9B0x1126
0x2dc4	0x2db9B0x1126
0x2dc5	0x2db9B0x1126
0x2dc8	0x2db9B0x1126
0x2dca	0x2db9B0x1126
0x2dce	0x2db9B0x1126
0x2dda	0x2dd9B0xec2
0x2ddc	0x2dd9B0xec2
0x2ddf	0x2dd9B0xec2
0x2de4	0x2dd9B0xec2
0x2de5	0x2dd9B0xec2
0x2de8	0x2dd9B0xec2
0x2dea	0x2dd9B0xec2
0x2dee	0x2dd9B0xec2
0x2dfa	0x2df9B0x1c6c
0x2dfc	0x2df9B0x1c6c
0x2dff	0x2df9B0x1c6c
0x2e04	0x2df9B0x1c6c
0x2e05	0x2df9B0x1c6c
0x2e08	0x2df9B0x1c6c
0x2e0a	0x2df9B0x1c6c
0x2e0e	0x2df9B0x1c6c
0x2e1a	0x2e19B0x17ff
0x2e1c	0x2e19B0x17ff
0x2e1f	0x2e19B0x17ff
0x2e24	0x2e19B0x17ff
0x2e25	0x2e19B0x17ff
0x2e28	0x2e19B0x17ff
0x2e2a	0x2e19B0x17ff
0x2e2e	0x2e19B0x17ff
0x2e3a	0x2e39B0xf75
0x2e3c	0x2e39B0xf75
0x2e3f	0x2e39B0xf75
0x2e44	0x2e39B0xf75
0x2e45	0x2e39B0xf75
0x2e48	0x2e39B0xf75
0x2e4a	0x2e39B0xf75
0x2e4e	0x2e39B0xf75
0x2e5a	0x2e59B0x1f3eB0x1d32B0x1a19
0x2e5a	0x2e59B0x1f3eB0x1e03B0x1cb8
0x2e5c	0x2e59B0x1f3eB0x1d32B0x1a19
0x2e5c	0x2e59B0x1f3eB0x1e03B0x1cb8
0x2e5f	0x2e59B0x1f3eB0x1d32B0x1a19
0x2e5f	0x2e59B0x1f3eB0x1e03B0x1cb8
0x2e64	0x2e59B0x1f3eB0x1d32B0x1a19
0x2e64	0x2e59B0x1f3eB0x1e03B0x1cb8
0x2e65	0x2e59B0x1f3eB0x1d32B0x1a19
0x2e65	0x2e59B0x1f3eB0x1e03B0x1cb8
0x2e68	0x2e59B0x1f3eB0x1d32B0x1a19
0x2e68	0x2e59B0x1f3eB0x1e03B0x1cb8
0x2e6a	0x2e59B0x1f3eB0x1d32B0x1a19
0x2e6a	0x2e59B0x1f3eB0x1e03B0x1cb8
0x2e6e	0x2e59B0x1f3eB0x1d32B0x1a19
0x2e6e	0x2e59B0x1f3eB0x1e03B0x1cb8
0x2e7a	0x2e79B0xdaf
0x2e7c	0x2e79B0xdaf
0x2e7f	0x2e79B0xdaf
0x2e84	0x2e79B0xdaf
0x2e85	0x2e79B0xdaf
0x2e88	0x2e79B0xdaf
0x2e8a	0x2e79B0xdaf
0x2e8e	0x2e79B0xdaf
0x2e9a	0x2e99B0x11ab
0x2e9c	0x2e99B0x11ab
0x2e9f	0x2e99B0x11ab
0x2ea4	0x2e99B0x11ab
0x2ea5	0x2e99B0x11ab
0x2ea8	0x2e99B0x11ab
0x2eaa	0x2e99B0x11ab
0x2eae	0x2e99B0x11ab
0x2eba	0x2eb9B0x1382
0x2eba	0x2eb9B0x1abd
0x2eba	0x2eb9B0x894B0x2ef
0x2ebc	0x2eb9B0x1382
0x2ebc	0x2eb9B0x1abd
0x2ebc	0x2eb9B0x894B0x2ef
0x2ebf	0x2eb9B0x1382
0x2ebf	0x2eb9B0x1abd
0x2ebf	0x2eb9B0x894B0x2ef
0x2ec4	0x2eb9B0x1382
0x2ec4	0x2eb9B0x1abd
0x2ec4	0x2eb9B0x894B0x2ef
0x2ec5	0x2eb9B0x1382
0x2ec5	0x2eb9B0x1abd
0x2ec5	0x2eb9B0x894B0x2ef
0x2ec8	0x2eb9B0x1382
0x2ec8	0x2eb9B0x1abd
0x2ec8	0x2eb9B0x894B0x2ef
0x2eca	0x2eb9B0x1382
0x2eca	0x2eb9B0x1abd
0x2eca	0x2eb9B0x894B0x2ef
0x2ece	0x2eb9B0x1382
0x2ece	0x2eb9B0x1abd
0x2ece	0x2eb9B0x894B0x2ef
0x2eda	0x2ed9B0x5c3B0x1ef
0x2eda	0x2ed9B0xc51B0x455
0x2edc	0x2ed9B0x5c3B0x1ef
0x2edc	0x2ed9B0xc51B0x455
0x2edf	0x2ed9B0x5c3B0x1ef
0x2edf	0x2ed9B0xc51B0x455
0x2ee4	0x2ed9B0x5c3B0x1ef
0x2ee4	0x2ed9B0xc51B0x455
0x2ee5	0x2ed9B0x5c3B0x1ef
0x2ee5	0x2ed9B0xc51B0x455
0x2ee8	0x2ed9B0x5c3B0x1ef
0x2ee8	0x2ed9B0xc51B0x455
0x2eea	0x2ed9B0x5c3B0x1ef
0x2eea	0x2ed9B0xc51B0x455
0x2eee	0x2ed9B0x5c3B0x1ef
0x2eee	0x2ed9B0xc51B0x455
0x2efa	0x2ef9B0x1f9bB0x1d32B0x1a19
0x2efa	0x2ef9B0x1f9bB0x1e03B0x1cb8
0x2efc	0x2ef9B0x1f9bB0x1d32B0x1a19
0x2efc	0x2ef9B0x1f9bB0x1e03B0x1cb8
0x2eff	0x2ef9B0x1f9bB0x1d32B0x1a19
0x2eff	0x2ef9B0x1f9bB0x1e03B0x1cb8
0x2f04	0x2ef9B0x1f9bB0x1d32B0x1a19
0x2f04	0x2ef9B0x1f9bB0x1e03B0x1cb8
0x2f05	0x2ef9B0x1f9bB0x1d32B0x1a19
0x2f05	0x2ef9B0x1f9bB0x1e03B0x1cb8
0x2f08	0x2ef9B0x1f9bB0x1d32B0x1a19
0x2f08	0x2ef9B0x1f9bB0x1e03B0x1cb8
0x2f0a	0x2ef9B0x1f9bB0x1d32B0x1a19
0x2f0a	0x2ef9B0x1f9bB0x1e03B0x1cb8
0x2f0e	0x2ef9B0x1f9bB0x1d32B0x1a19
0x2f0e	0x2ef9B0x1f9bB0x1e03B0x1cb8
0x2f1a	0x2f19B0xadb0x39b
0x2f1a	0x2f19B0x9b70x95fB0x343
0x2f1a	0x2f19B0xadb0x5b7B0x1ef
0x2f1a	0x2f19B0x9b70xc45B0x455
0x2f1c	0x2f19B0xadb0x39b
0x2f1c	0x2f19B0x9b70x95fB0x343
0x2f1c	0x2f19B0xadb0x5b7B0x1ef
0x2f1c	0x2f19B0x9b70xc45B0x455
0x2f1f	0x2f19B0xadb0x39b
0x2f1f	0x2f19B0x9b70x95fB0x343
0x2f1f	0x2f19B0xadb0x5b7B0x1ef
0x2f1f	0x2f19B0x9b70xc45B0x455
0x2f24	0x2f19B0xadb0x39b
0x2f24	0x2f19B0x9b70x95fB0x343
0x2f24	0x2f19B0xadb0x5b7B0x1ef
0x2f24	0x2f19B0x9b70xc45B0x455
0x2f25	0x2f19B0xadb0x39b
0x2f25	0x2f19B0x9b70x95fB0x343
0x2f25	0x2f19B0xadb0x5b7B0x1ef
0x2f25	0x2f19B0x9b70xc45B0x455
0x2f28	0x2f19B0xadb0x39b
0x2f28	0x2f19B0x9b70x95fB0x343
0x2f28	0x2f19B0xadb0x5b7B0x1ef
0x2f28	0x2f19B0x9b70xc45B0x455
0x2f2a	0x2f19B0xadb0x39b
0x2f2a	0x2f19B0x9b70x95fB0x343
0x2f2a	0x2f19B0xadb0x5b7B0x1ef
0x2f2a	0x2f19B0x9b70xc45B0x455
0x2f2e	0x2f19B0xadb0x39b
0x2f2e	0x2f19B0x9b70x95fB0x343
0x2f2e	0x2f19B0xadb0x5b7B0x1ef
0x2f2e	0x2f19B0x9b70xc45B0x455
0x2f3a	0x2f39B0x1e8eB0x1d32B0x1a19
0x2f3a	0x2f39B0x1e8eB0x1e03B0x1cb8
0x2f3c	0x2f39B0x1e8eB0x1d32B0x1a19
0x2f3c	0x2f39B0x1e8eB0x1e03B0x1cb8
0x2f3f	0x2f39B0x1e8eB0x1d32B0x1a19
0x2f3f	0x2f39B0x1e8eB0x1e03B0x1cb8
0x2f44	0x2f39B0x1e8eB0x1d32B0x1a19
0x2f44	0x2f39B0x1e8eB0x1e03B0x1cb8
0x2f45	0x2f39B0x1e8eB0x1d32B0x1a19
0x2f45	0x2f39B0x1e8eB0x1e03B0x1cb8
0x2f48	0x2f39B0x1e8eB0x1d32B0x1a19
0x2f48	0x2f39B0x1e8eB0x1e03B0x1cb8
0x2f4a	0x2f39B0x1e8eB0x1d32B0x1a19
0x2f4a	0x2f39B0x1e8eB0x1e03B0x1cb8
0x2f4e	0x2f39B0x1e8eB0x1d32B0x1a19
0x2f4e	0x2f39B0x1e8eB0x1e03B0x1cb8
0x3043	0x3042B0x2516B0x157b
0x3045	0x3042B0x2516B0x157b
0x304f	0x3042B0x2516B0x157b
0x3050	0x3042B0x2516B0x157b
0x3051	0x3042B0x2516B0x157b
0x3055	0x3055B0x2516B0x157b
0x305a	0x3059B0x2516B0x157b
0x305c	0x3059B0x2516B0x157b
0x305d	0x3059B0x2516B0x157b
0x3060	0x3059B0x2516B0x157b
0x3061	0x3059B0x2516B0x157b
0x3064	0x3059B0x2516B0x157b
0x3067	0x3059B0x2516B0x157b
0x306f	0x306eB0x2c54B0x1f4
0x306f	0x306eB0x2c54B0x45a
0x3074	0x306eB0x2c54B0x1f4
0x3074	0x306eB0x2c54B0x45a
0x3077	0x306eB0x2c54B0x1f4
0x3077	0x306eB0x2c54B0x45a
0x307f	0x307eB0x2c54B0x1f4
0x307f	0x307eB0x2c54B0x45a
0x3082	0x307eB0x2c54B0x1f4
0x3082	0x307eB0x2c54B0x45a
0x308a	0x3089B0x1ec8B0x1d32B0x1a19
0x308a	0x3089B0x1ec8B0x1e03B0x1cb8
0x308d	0x3089B0x1ec8B0x1d32B0x1a19
0x308d	0x3089B0x1ec8B0x1e03B0x1cb8
0x3095	0x3094B0x1fe9
0x3098	0x3094B0x1fe9
0x30a0	0x309fB0x2c54B0x1f4
0x30a0	0x309fB0x2c54B0x45a
0x30a2	0x309fB0x2c54B0x1f4
0x30a2	0x309fB0x2c54B0x45a
0x30a5	0x309fB0x2c54B0x1f4
0x30a5	0x309fB0x2c54B0x45a
0x30ad	0x30acB0x2c54B0x1f4
0x30ad	0x30acB0x2c54B0x45a
0x30b2	0x30acB0x2c54B0x1f4
0x30b2	0x30acB0x2c54B0x45a
0x30b5	0x30acB0x2c54B0x1f4
0x30b5	0x30acB0x2c54B0x45a
0x30be	0x30bdB0x1ec8B0x1d32B0x1a19
0x30be	0x30bdB0x1ec8B0x1e03B0x1cb8
0x3177	0x3176B0x2bad
0x3177	0x3176B0x2bb9
0x3181	0x3180B0x1fe9
0x3183	0x3180B0x1fe9
0x3185	0x3180B0x1fe9
0x3186	0x3180B0x1fe9
0x3189	0x3180B0x1fe9
0x318a	0x3180B0x1fe9
0x3192	0x3191B0x2082B0x2363B0x171
0x3192	0x3191B0x2082B0x25b3B0x241
0x3192	0x3191B0x2082B0x238dB0x2d9
0x3192	0x3191B0x2082B0x239bB0x2d9
0x3192	0x3191B0x2082B0x23c9B0x32d
0x3192	0x3191B0x2082B0x25b3B0x36a
0x3192	0x3191B0x2082B0x23c9B0x3a7
0x3192	0x3191B0x2082B0x238dB0x498
0x3192	0x3191B0x2082B0x239bB0x498
0x3192	0x3191B0x2082B0x2575B0x542
0x3192	0x3191B0x2082B0x2408B0x272
0x3192	0x3191B0x2082B0x2427B0x272
0x3192	0x3191B0x2082B0x25b3B0x3d8
0x3192	0x3191B0x2082B0x20ecB0x2482B0x1d9
0x3192	0x3191B0x2082B0x20ecB0x2482B0x43f
0x3192	0x3191B0x2082B0x2605B0x470
0x3192	0x3191B0x2082B0x22baB0x2655B0x470
0x3196	0x3191B0x2082B0x2363B0x171
0x3196	0x3191B0x2082B0x25b3B0x241
0x3196	0x3191B0x2082B0x238dB0x2d9
0x3196	0x3191B0x2082B0x239bB0x2d9
0x3196	0x3191B0x2082B0x23c9B0x32d
0x3196	0x3191B0x2082B0x25b3B0x36a
0x3196	0x3191B0x2082B0x23c9B0x3a7
0x3196	0x3191B0x2082B0x238dB0x498
0x3196	0x3191B0x2082B0x239bB0x498
0x3196	0x3191B0x2082B0x2575B0x542
0x3196	0x3191B0x2082B0x2408B0x272
0x3196	0x3191B0x2082B0x2427B0x272
0x3196	0x3191B0x2082B0x25b3B0x3d8
0x3196	0x3191B0x2082B0x20ecB0x2482B0x1d9
0x3196	0x3191B0x2082B0x20ecB0x2482B0x43f
0x3196	0x3191B0x2082B0x2605B0x470
0x3196	0x3191B0x2082B0x22baB0x2655B0x470
0x319c	0x319aB0x2082B0x2363B0x171
0x319c	0x319aB0x2082B0x25b3B0x241
0x319c	0x319aB0x2082B0x238dB0x2d9
0x319c	0x319aB0x2082B0x239bB0x2d9
0x319c	0x319aB0x2082B0x23c9B0x32d
0x319c	0x319aB0x2082B0x25b3B0x36a
0x319c	0x319aB0x2082B0x23c9B0x3a7
0x319c	0x319aB0x2082B0x238dB0x498
0x319c	0x319aB0x2082B0x239bB0x498
0x319c	0x319aB0x2082B0x2575B0x542
0x319c	0x319aB0x2082B0x2408B0x272
0x319c	0x319aB0x2082B0x2427B0x272
0x319c	0x319aB0x2082B0x25b3B0x3d8
0x319c	0x319aB0x2082B0x20ecB0x2482B0x1d9
0x319c	0x319aB0x2082B0x20ecB0x2482B0x43f
0x319c	0x319aB0x2082B0x2605B0x470
0x319c	0x319aB0x2082B0x22baB0x2655B0x470
0x319d	0x319aB0x2082B0x2363B0x171
0x319d	0x319aB0x2082B0x25b3B0x241
0x319d	0x319aB0x2082B0x238dB0x2d9
0x319d	0x319aB0x2082B0x239bB0x2d9
0x319d	0x319aB0x2082B0x23c9B0x32d
0x319d	0x319aB0x2082B0x25b3B0x36a
0x319d	0x319aB0x2082B0x23c9B0x3a7
0x319d	0x319aB0x2082B0x238dB0x498
0x319d	0x319aB0x2082B0x239bB0x498
0x319d	0x319aB0x2082B0x2575B0x542
0x319d	0x319aB0x2082B0x2408B0x272
0x319d	0x319aB0x2082B0x2427B0x272
0x319d	0x319aB0x2082B0x25b3B0x3d8
0x319d	0x319aB0x2082B0x20ecB0x2482B0x1d9
0x319d	0x319aB0x2082B0x20ecB0x2482B0x43f
0x319d	0x319aB0x2082B0x2605B0x470
0x319d	0x319aB0x2082B0x22baB0x2655B0x470
0x31a1	0x31a1B0x2082B0x2363B0x171
0x31a1	0x31a1B0x2082B0x25b3B0x241
0x31a1	0x31a1B0x2082B0x238dB0x2d9
0x31a1	0x31a1B0x2082B0x239bB0x2d9
0x31a1	0x31a1B0x2082B0x23c9B0x32d
0x31a1	0x31a1B0x2082B0x25b3B0x36a
0x31a1	0x31a1B0x2082B0x23c9B0x3a7
0x31a1	0x31a1B0x2082B0x238dB0x498
0x31a1	0x31a1B0x2082B0x239bB0x498
0x31a1	0x31a1B0x2082B0x2575B0x542
0x31a1	0x31a1B0x2082B0x2408B0x272
0x31a1	0x31a1B0x2082B0x2427B0x272
0x31a1	0x31a1B0x2082B0x25b3B0x3d8
0x31a1	0x31a1B0x2082B0x20ecB0x2482B0x1d9
0x31a1	0x31a1B0x2082B0x20ecB0x2482B0x43f
0x31a1	0x31a1B0x2082B0x2605B0x470
0x31a1	0x31a1B0x2082B0x22baB0x2655B0x470
0x31a9	0x31a8B0x2220B0x24d3B0x1f83B0x1d32B0x1a19
0x31a9	0x31a8B0x2220B0x24d3B0x1f83B0x1e03B0x1cb8
0x31ad	0x31a8B0x2220B0x24d3B0x1f83B0x1d32B0x1a19
0x31ad	0x31a8B0x2220B0x24d3B0x1f83B0x1e03B0x1cb8
0x31b3	0x31b1B0x2220B0x24d3B0x1f83B0x1d32B0x1a19
0x31b3	0x31b1B0x2220B0x24d3B0x1f83B0x1e03B0x1cb8
0x31b4	0x31b1B0x2220B0x24d3B0x1f83B0x1d32B0x1a19
0x31b4	0x31b1B0x2220B0x24d3B0x1f83B0x1e03B0x1cb8
0x31b8	0x31b8B0x2220B0x24d3B0x1f83B0x1d32B0x1a19
0x31b8	0x31b8B0x2220B0x24d3B0x1f83B0x1e03B0x1cb8
0x31c0	0x31bfB0x2235B0x22deB0x2655B0x470
0x31c0	0x31bfB0x2235B0x22f2B0x2655B0x470
0x31c4	0x31bfB0x2235B0x22deB0x2655B0x470
0x31c4	0x31bfB0x2235B0x22f2B0x2655B0x470
0x31ca	0x31c8B0x2235B0x22deB0x2655B0x470
0x31ca	0x31c8B0x2235B0x22f2B0x2655B0x470
0x31cb	0x31c8B0x2235B0x22deB0x2655B0x470
0x31cb	0x31c8B0x2235B0x22f2B0x2655B0x470
0x31cf	0x31cfB0x2235B0x22deB0x2655B0x470
0x31cf	0x31cfB0x2235B0x22f2B0x2655B0x470
0x31d7	0x31d6B0x2327B0x253dB0xe96
0x31d7	0x31d6B0x2327B0x253dB0x17d3
0x31d7	0x31d6B0x2327B0x253dB0x18e2
0x31d7	0x31d6B0x2312B0x25a5B0x241
0x31d7	0x31d6B0x2312B0x25c4B0x241
0x31d7	0x31d6B0x2312B0x23d7B0x32d
0x31d7	0x31d6B0x2312B0x25a5B0x36a
0x31d7	0x31d6B0x2312B0x25c4B0x36a
0x31d7	0x31d6B0x2312B0x23d7B0x3a7
0x31d7	0x31d6B0x2327B0x253dB0x16b8B0x4ec
0x31d7	0x31d6B0x2312B0x2567B0x542
0x31d7	0x31d6B0x2312B0x2416B0x272
0x31d7	0x31d6B0x2312B0x2438B0x272
0x31d7	0x31d6B0x2312B0x25a5B0x3d8
0x31d7	0x31d6B0x2312B0x25c4B0x3d8
0x31d7	0x31d6B0x2312B0x21f2B0x24abB0x1d9
0x31d7	0x31d6B0x2312B0x21f2B0x24abB0x43f
0x31d7	0x31d6B0x2312B0x25f7B0x470
0x31d7	0x31d6B0x2312B0x2616B0x470
0x31d7	0x31d6B0x2312B0x2627B0x470
0x31db	0x31d6B0x2327B0x253dB0xe96
0x31db	0x31d6B0x2327B0x253dB0x17d3
0x31db	0x31d6B0x2327B0x253dB0x18e2
0x31db	0x31d6B0x2312B0x25a5B0x241
0x31db	0x31d6B0x2312B0x25c4B0x241
0x31db	0x31d6B0x2312B0x23d7B0x32d
0x31db	0x31d6B0x2312B0x25a5B0x36a
0x31db	0x31d6B0x2312B0x25c4B0x36a
0x31db	0x31d6B0x2312B0x23d7B0x3a7
0x31db	0x31d6B0x2327B0x253dB0x16b8B0x4ec
0x31db	0x31d6B0x2312B0x2567B0x542
0x31db	0x31d6B0x2312B0x2416B0x272
0x31db	0x31d6B0x2312B0x2438B0x272
0x31db	0x31d6B0x2312B0x25a5B0x3d8
0x31db	0x31d6B0x2312B0x25c4B0x3d8
0x31db	0x31d6B0x2312B0x21f2B0x24abB0x1d9
0x31db	0x31d6B0x2312B0x21f2B0x24abB0x43f
0x31db	0x31d6B0x2312B0x25f7B0x470
0x31db	0x31d6B0x2312B0x2616B0x470
0x31db	0x31d6B0x2312B0x2627B0x470
0x31e1	0x31dfB0x2327B0x253dB0xe96
0x31e1	0x31dfB0x2327B0x253dB0x17d3
0x31e1	0x31dfB0x2327B0x253dB0x18e2
0x31e1	0x31dfB0x2312B0x25a5B0x241
0x31e1	0x31dfB0x2312B0x25c4B0x241
0x31e1	0x31dfB0x2312B0x23d7B0x32d
0x31e1	0x31dfB0x2312B0x25a5B0x36a
0x31e1	0x31dfB0x2312B0x25c4B0x36a
0x31e1	0x31dfB0x2312B0x23d7B0x3a7
0x31e1	0x31dfB0x2327B0x253dB0x16b8B0x4ec
0x31e1	0x31dfB0x2312B0x2567B0x542
0x31e1	0x31dfB0x2312B0x2416B0x272
0x31e1	0x31dfB0x2312B0x2438B0x272
0x31e1	0x31dfB0x2312B0x25a5B0x3d8
0x31e1	0x31dfB0x2312B0x25c4B0x3d8
0x31e1	0x31dfB0x2312B0x21f2B0x24abB0x1d9
0x31e1	0x31dfB0x2312B0x21f2B0x24abB0x43f
0x31e1	0x31dfB0x2312B0x25f7B0x470
0x31e1	0x31dfB0x2312B0x2616B0x470
0x31e1	0x31dfB0x2312B0x2627B0x470
0x31e2	0x31dfB0x2327B0x253dB0xe96
0x31e2	0x31dfB0x2327B0x253dB0x17d3
0x31e2	0x31dfB0x2327B0x253dB0x18e2
0x31e2	0x31dfB0x2312B0x25a5B0x241
0x31e2	0x31dfB0x2312B0x25c4B0x241
0x31e2	0x31dfB0x2312B0x23d7B0x32d
0x31e2	0x31dfB0x2312B0x25a5B0x36a
0x31e2	0x31dfB0x2312B0x25c4B0x36a
0x31e2	0x31dfB0x2312B0x23d7B0x3a7
0x31e2	0x31dfB0x2327B0x253dB0x16b8B0x4ec
0x31e2	0x31dfB0x2312B0x2567B0x542
0x31e2	0x31dfB0x2312B0x2416B0x272
0x31e2	0x31dfB0x2312B0x2438B0x272
0x31e2	0x31dfB0x2312B0x25a5B0x3d8
0x31e2	0x31dfB0x2312B0x25c4B0x3d8
0x31e2	0x31dfB0x2312B0x21f2B0x24abB0x1d9
0x31e2	0x31dfB0x2312B0x21f2B0x24abB0x43f
0x31e2	0x31dfB0x2312B0x25f7B0x470
0x31e2	0x31dfB0x2312B0x2616B0x470
0x31e2	0x31dfB0x2312B0x2627B0x470
0x31e6	0x31e6B0x2327B0x253dB0xe96
0x31e6	0x31e6B0x2327B0x253dB0x17d3
0x31e6	0x31e6B0x2327B0x253dB0x18e2
0x31e6	0x31e6B0x2312B0x25a5B0x241
0x31e6	0x31e6B0x2312B0x25c4B0x241
0x31e6	0x31e6B0x2312B0x23d7B0x32d
0x31e6	0x31e6B0x2312B0x25a5B0x36a
0x31e6	0x31e6B0x2312B0x25c4B0x36a
0x31e6	0x31e6B0x2312B0x23d7B0x3a7
0x31e6	0x31e6B0x2327B0x253dB0x16b8B0x4ec
0x31e6	0x31e6B0x2312B0x2567B0x542
0x31e6	0x31e6B0x2312B0x2416B0x272
0x31e6	0x31e6B0x2312B0x2438B0x272
0x31e6	0x31e6B0x2312B0x25a5B0x3d8
0x31e6	0x31e6B0x2312B0x25c4B0x3d8
0x31e6	0x31e6B0x2312B0x21f2B0x24abB0x1d9
0x31e6	0x31e6B0x2312B0x21f2B0x24abB0x43f
0x31e6	0x31e6B0x2312B0x25f7B0x470
0x31e6	0x31e6B0x2312B0x2616B0x470
0x31e6	0x31e6B0x2312B0x2627B0x470
0x31ee	0x31edB0x233cB0x22caB0x2655B0x470
0x31f2	0x31edB0x233cB0x22caB0x2655B0x470
0x31f8	0x31f6B0x233cB0x22caB0x2655B0x470
0x31f9	0x31f6B0x233cB0x22caB0x2655B0x470
0x31fd	0x31fdB0x233cB0x22caB0x2655B0x470
0x1ce00	0x26b5B0x2c54B0x1f4
0x1ce00	0x26b5B0x2c54B0x45a
0x226d	0x2269B0x2516B0x157b
0x276d	0x2764B0x1fe9
0x279e	0x2792B0x1126
0x27de	0x27d2B0xec2
0x285e	0x2852B0x1c6c
0x289e	0x2892B0x17ff
0x28de	0x28d2B0xf75
0x291e	0x2912B0x1f3eB0x1d32B0x1a19
0x291e	0x2912B0x1f3eB0x1e03B0x1cb8
0x295e	0x2952B0xdaf
0x299e	0x2992B0x11ab
0x29de	0x29d2B0x1382
0x29de	0x29d2B0x1abd
0x29de	0x29d2B0x894B0x2ef
0x2a44	0x2a38B0x5c3B0x1ef
0x2a44	0x2a38B0xc51B0x455
0x2a84	0x2a78B0x1f9bB0x1d32B0x1a19
0x2a84	0x2a78B0x1f9bB0x1e03B0x1cb8
0x2aea	0x2adeB0xadb0x39b
0x2aea	0x2adeB0x9b70x95fB0x343
0x2aea	0x2adeB0xadb0x5b7B0x1ef
0x2aea	0x2adeB0x9b70xc45B0x455
0x2b2a	0x2b1eB0x1e8eB0x1d32B0x1a19
0x2b2a	0x2b1eB0x1e8eB0x1e03B0x1cb8
0x268e	0x2686B0x2bd9B0x14f
0x268e	0x2686B0x2bd9B0x4ca
0x268e	0x2686B0x2bd9B0x520
0x268e	0x2686B0x2d13B0xff0
0x268e	0x2686B0x2d3aB0xff0
0x268e	0x2686B0x2cdbB0x15b3
0x268e	0x2686B0x2bd9B0x162fB0x4ec
0x268e	0x2686B0x2bf4B0x1d11B0x1a19
0x268e	0x2686B0x2c09B0x1d11B0x1a19
0x268e	0x2686B0x2c2bB0x1de4B0x1cb8
0x3199	0x3191B0x2082B0x2363B0x171
0x3199	0x3191B0x2082B0x25b3B0x241
0x3199	0x3191B0x2082B0x238dB0x2d9
0x3199	0x3191B0x2082B0x239bB0x2d9
0x3199	0x3191B0x2082B0x23c9B0x32d
0x3199	0x3191B0x2082B0x25b3B0x36a
0x3199	0x3191B0x2082B0x23c9B0x3a7
0x3199	0x3191B0x2082B0x238dB0x498
0x3199	0x3191B0x2082B0x239bB0x498
0x3199	0x3191B0x2082B0x2575B0x542
0x3199	0x3191B0x2082B0x2408B0x272
0x3199	0x3191B0x2082B0x2427B0x272
0x3199	0x3191B0x2082B0x25b3B0x3d8
0x3199	0x3191B0x2082B0x20ecB0x2482B0x1d9
0x3199	0x3191B0x2082B0x20ecB0x2482B0x43f
0x3199	0x3191B0x2082B0x2605B0x470
0x3199	0x3191B0x2082B0x22baB0x2655B0x470
0x26fb	0x26f3B0x30b
0x31b0	0x31a8B0x2220B0x24d3B0x1f83B0x1d32B0x1a19
0x31b0	0x31a8B0x2220B0x24d3B0x1f83B0x1e03B0x1cb8
0x270a	0x2702B0x2c91B0x21f
0x270a	0x2702B0x2c91B0x2b7
0x270a	0x2702B0x2c91B0x41d
0x270a	0x2702B0x2c91B0x172c
0x270a	0x2702B0x2c91B0xde9
0x270a	0x2702B0x2cf1B0xff0
0x270a	0x2702B0x2d52B0x1099
0x270a	0x2702B0x2d74B0x1099
0x270a	0x2702B0x2d81B0x1099
0x270a	0x2702B0x2cacB0x15b3
0x270a	0x2702B0x2cc1B0x15b3
0x270a	0x2702B0x2c91B0x1839
0x271c	0x2711B0x2bad
0x271c	0x2711B0x2bb9
0x31c7	0x31bfB0x2235B0x22deB0x2655B0x470
0x31c7	0x31bfB0x2235B0x22f2B0x2655B0x470
0x2b66	0x2b5eB0x2c54B0x1f4
0x2b66	0x2b5eB0x2c54B0x45a
0x2b75	0x2b6dB0x2f59B0x18c
0x2b75	0x2b6dB0x2f59B0x1b7
0x2b75	0x2b6dB0x2f59B0x25c
0x2b75	0x2b6dB0x2f59B0x28c
0x2b75	0x2b6dB0x2f59B0x348
0x2b75	0x2b6dB0x2f59B0x385
0x2b75	0x2b6dB0x2f59B0x3c2
0x2b75	0x2b6dB0x2f59B0x3f2
0x2b75	0x2b6dB0x2f59B0x4f5
0x2b75	0x2b6dB0x2f59B0x55d
0x2b75	0x2b6dB0x2f74B0x719
0x2b75	0x2b6dB0x2f89B0x719
0x2b75	0x2b6dB0x2d06B0xff0
0x2b75	0x2b6dB0x2d20B0xff0
0x2b75	0x2b6dB0x2d2dB0xff0
0x2b75	0x2b6dB0x2f74B0x1206
0x2b75	0x2b6dB0x2f89B0x1206
0x2b75	0x2b6dB0x2f59B0x12f0
0x2b75	0x2b6dB0x2cceB0x15b3
0x2b75	0x2b6dB0x2f59B0x19c9
0x2b75	0x2b6dB0x2f74B0xb670x39b
0x2b75	0x2b6dB0x2f89B0xb670x39b
0x2b75	0x2b6dB0x2f74B0x1bbf0x470
0x2b75	0x2b6dB0x2f89B0x1bbf0x470
0x2b75	0x2b6dB0x2f74B0x1bbf0x95fB0x343
0x2b75	0x2b6dB0x2f89B0x1bbf0x95fB0x343
0x2b75	0x2b6dB0x2c16B0x1d11B0x1a19
0x2b75	0x2b6dB0x2c40B0x1de4B0x1cb8
0x2b75	0x2b6dB0x2f74B0xb670x5b7B0x1ef
0x2b75	0x2b6dB0x2f89B0xb670x5b7B0x1ef
0x2b75	0x2b6dB0x2f74B0x1bbf0xc45B0x455
0x2b75	0x2b6dB0x2f89B0x1bbf0xc45B0x455
0x31de	0x31d6B0x2327B0x253dB0xe96
0x31de	0x31d6B0x2327B0x253dB0x17d3
0x31de	0x31d6B0x2327B0x253dB0x18e2
0x31de	0x31d6B0x2312B0x25a5B0x241
0x31de	0x31d6B0x2312B0x25c4B0x241
0x31de	0x31d6B0x2312B0x23d7B0x32d
0x31de	0x31d6B0x2312B0x25a5B0x36a
0x31de	0x31d6B0x2312B0x25c4B0x36a
0x31de	0x31d6B0x2312B0x23d7B0x3a7
0x31de	0x31d6B0x2327B0x253dB0x16b8B0x4ec
0x31de	0x31d6B0x2312B0x2567B0x542
0x31de	0x31d6B0x2312B0x2416B0x272
0x31de	0x31d6B0x2312B0x2438B0x272
0x31de	0x31d6B0x2312B0x25a5B0x3d8
0x31de	0x31d6B0x2312B0x25c4B0x3d8
0x31de	0x31d6B0x2312B0x21f2B0x24abB0x1d9
0x31de	0x31d6B0x2312B0x21f2B0x24abB0x43f
0x31de	0x31d6B0x2312B0x25f7B0x470
0x31de	0x31d6B0x2312B0x2616B0x470
0x31de	0x31d6B0x2312B0x2627B0x470
0x31f5	0x31edB0x233cB0x22caB0x2655B0x470
0x2294	0x228aB0x2516B0x157b
0x274c	0x273dB0x1ec8B0x1d32B0x1a19
0x274c	0x273dB0x1ec8B0x1e03B0x1cb8
0x277d	0x276eB0x1fe9
0x2268	0x225bB0x2516B0x157b
0x2679	0x266eB0x2c54B0x1f4
0x2679	0x266eB0x2c54B0x45a
0x2685	0x267aB0x2c54B0x1f4
0x2685	0x267aB0x2c54B0x45a
0x269f	0x2695B0x2c54B0x1f4
0x269f	0x2695B0x2c54B0x45a
0x26a9	0x26a0B0x2c54B0x1f4
0x26a9	0x26a0B0x2c54B0x45a
0x26b4	0x26aaB0x2c54B0x1f4
0x26b4	0x26aaB0x2c54B0x45a
0x26cc	0x26c2B0x2c54B0x1f4
0x26cc	0x26c2B0x2c54B0x45a
0x26d7	0x26cdB0x2c54B0x1f4
0x26d7	0x26cdB0x2c54B0x45a
0x26e5	0x26d8B0x2c54B0x1f4
0x26e5	0x26d8B0x2c54B0x45a
0x2701	0x26fcB0x30b
0x2721	0x271dB0x2bad
0x2721	0x271dB0x2bb9
0x2732	0x2728B0x1ec8B0x1d32B0x1a19
0x2732	0x2728B0x1ec8B0x1e03B0x1cb8
0x273c	0x2733B0x1ec8B0x1d32B0x1a19
0x273c	0x2733B0x1ec8B0x1e03B0x1cb8
0x2758	0x274dB0x1ec8B0x1d32B0x1a19
0x2758	0x274dB0x1ec8B0x1e03B0x1cb8
0x2763	0x2759B0x1fe9
0x2786	0x277eB0x1fe9
0x2791	0x2787B0x1fe9
0x27d1	0x279fB0x1126
0x2811	0x27dfB0xec2
0x2891	0x285fB0x1c6c
0x28d1	0x289fB0x17ff
0x2911	0x28dfB0xf75
0x2951	0x291fB0x1f3eB0x1d32B0x1a19
0x2951	0x291fB0x1f3eB0x1e03B0x1cb8
0x2991	0x295fB0xdaf
0x29d1	0x299fB0x11ab
0x2a37	0x29dfB0x1382
0x2a37	0x29dfB0x1abd
0x2a37	0x29dfB0x894B0x2ef
0x2a77	0x2a45B0x5c3B0x1ef
0x2a77	0x2a45B0xc51B0x455
0x2add	0x2a85B0x1f9bB0x1d32B0x1a19
0x2add	0x2a85B0x1f9bB0x1e03B0x1cb8
0x2b1d	0x2aebB0xadb0x39b
0x2b1d	0x2aebB0x9b70x95fB0x343
0x2b1d	0x2aebB0xadb0x5b7B0x1ef
0x2b1d	0x2aebB0x9b70xc45B0x455
0x2b5d	0x2b2bB0x1e8eB0x1d32B0x1a19
0x2b5d	0x2b2bB0x1e8eB0x1e03B0x1cb8
0x2b6c	0x2b67B0x2c54B0x1f4
0x2b6c	0x2b67B0x2c54B0x45a
0x2b96	0x2b8bB0x1ec8B0x1d32B0x1a19
0x2b96	0x2b8bB0x1ec8B0x1e03B0x1cb8
0x2c8a	0x2c76B0x30b
0x2db0	0x2d97B0x1fe9
0x2dd1	0x2db9B0x1126
0x2df1	0x2dd9B0xec2
0x2e11	0x2df9B0x1c6c
0x2e31	0x2e19B0x17ff
0x2e51	0x2e39B0xf75
0x2e71	0x2e59B0x1f3eB0x1d32B0x1a19
0x2e71	0x2e59B0x1f3eB0x1e03B0x1cb8
0x2e91	0x2e79B0xdaf
0x2eb1	0x2e99B0x11ab
0x2ed1	0x2eb9B0x1382
0x2ed1	0x2eb9B0x1abd
0x2ed1	0x2eb9B0x894B0x2ef
0x2ef1	0x2ed9B0x5c3B0x1ef
0x2ef1	0x2ed9B0xc51B0x455
0x2f11	0x2ef9B0x1f9bB0x1d32B0x1a19
0x2f11	0x2ef9B0x1f9bB0x1e03B0x1cb8
0x2f31	0x2f19B0xadb0x39b
0x2f31	0x2f19B0x9b70x95fB0x343
0x2f31	0x2f19B0xadb0x5b7B0x1ef
0x2f31	0x2f19B0x9b70xc45B0x455
0x2f51	0x2f39B0x1e8eB0x1d32B0x1a19
0x2f51	0x2f39B0x1e8eB0x1e03B0x1cb8
0x306d	0x3059B0x2516B0x157b
0x307d	0x306eB0x2c54B0x1f4
0x307d	0x306eB0x2c54B0x45a
0x3088	0x307eB0x2c54B0x1f4
0x3088	0x307eB0x2c54B0x45a
0x3093	0x3089B0x1ec8B0x1d32B0x1a19
0x3093	0x3089B0x1ec8B0x1e03B0x1cb8
0x309e	0x3094B0x1fe9
0x30ab	0x309fB0x2c54B0x1f4
0x30ab	0x309fB0x2c54B0x45a
0x30bc	0x30acB0x2c54B0x1f4
0x30bc	0x30acB0x2c54B0x45a
0x30c7	0x30bdB0x1ec8B0x1d32B0x1a19
0x30c7	0x30bdB0x1ec8B0x1e03B0x1cb8
0x317f	0x3176B0x2bad
0x317f	0x3176B0x2bb9
0x3190	0x3180B0x1fe9
0x1ce20	0x26b5B0x2c54B0x1f4
0x1ce20	0x26b5B0x2c54B0x45a
0x2256	0x224aB0x2516B0x157b
0x2285	0x226eB0x2516B0x157b
0x26c1	0x26b9B0x2c54B0x1f4
0x26c1	0x26b9B0x2c54B0x45a
0x3054	0x3042B0x2516B0x157b
0x31a0	0x319aB0x2082B0x2363B0x171
0x31a0	0x319aB0x2082B0x25b3B0x241
0x31a0	0x319aB0x2082B0x238dB0x2d9
0x31a0	0x319aB0x2082B0x239bB0x2d9
0x31a0	0x319aB0x2082B0x23c9B0x32d
0x31a0	0x319aB0x2082B0x25b3B0x36a
0x31a0	0x319aB0x2082B0x23c9B0x3a7
0x31a0	0x319aB0x2082B0x238dB0x498
0x31a0	0x319aB0x2082B0x239bB0x498
0x31a0	0x319aB0x2082B0x2575B0x542
0x31a0	0x319aB0x2082B0x2408B0x272
0x31a0	0x319aB0x2082B0x2427B0x272
0x31a0	0x319aB0x2082B0x25b3B0x3d8
0x31a0	0x319aB0x2082B0x20ecB0x2482B0x1d9
0x31a0	0x319aB0x2082B0x20ecB0x2482B0x43f
0x31a0	0x319aB0x2082B0x2605B0x470
0x31a0	0x319aB0x2082B0x22baB0x2655B0x470
0x31b7	0x31b1B0x2220B0x24d3B0x1f83B0x1d32B0x1a19
0x31b7	0x31b1B0x2220B0x24d3B0x1f83B0x1e03B0x1cb8
0x31ce	0x31c8B0x2235B0x22deB0x2655B0x470
0x31ce	0x31c8B0x2235B0x22f2B0x2655B0x470
0x31e5	0x31dfB0x2327B0x253dB0xe96
0x31e5	0x31dfB0x2327B0x253dB0x17d3
0x31e5	0x31dfB0x2327B0x253dB0x18e2
0x31e5	0x31dfB0x2312B0x25a5B0x241
0x31e5	0x31dfB0x2312B0x25c4B0x241
0x31e5	0x31dfB0x2312B0x23d7B0x32d
0x31e5	0x31dfB0x2312B0x25a5B0x36a
0x31e5	0x31dfB0x2312B0x25c4B0x36a
0x31e5	0x31dfB0x2312B0x23d7B0x3a7
0x31e5	0x31dfB0x2327B0x253dB0x16b8B0x4ec
0x31e5	0x31dfB0x2312B0x2567B0x542
0x31e5	0x31dfB0x2312B0x2416B0x272
0x31e5	0x31dfB0x2312B0x2438B0x272
0x31e5	0x31dfB0x2312B0x25a5B0x3d8
0x31e5	0x31dfB0x2312B0x25c4B0x3d8
0x31e5	0x31dfB0x2312B0x21f2B0x24abB0x1d9
0x31e5	0x31dfB0x2312B0x21f2B0x24abB0x43f
0x31e5	0x31dfB0x2312B0x25f7B0x470
0x31e5	0x31dfB0x2312B0x2616B0x470
0x31e5	0x31dfB0x2312B0x2627B0x470
0x31fc	0x31f6B0x233cB0x22caB0x2655B0x470
0x229d	0x2295B0x2516B0x157b
0x2694	0x268fB0x2bd9B0x14f
0x2694	0x268fB0x2bd9B0x4ca
0x2694	0x268fB0x2bd9B0x520
0x2694	0x268fB0x2d13B0xff0
0x2694	0x268fB0x2d3aB0xff0
0x2694	0x268fB0x2cdbB0x15b3
0x2694	0x268fB0x2bd9B0x162fB0x4ec
0x2694	0x268fB0x2bf4B0x1d11B0x1a19
0x2694	0x268fB0x2c09B0x1d11B0x1a19
0x2694	0x268fB0x2c2bB0x1de4B0x1cb8
0x26f2	0x26e6B0x2c54B0x1f4
0x26f2	0x26e6B0x2c54B0x45a
0x2710	0x270bB0x2c91B0x21f
0x2710	0x270bB0x2c91B0x2b7
0x2710	0x270bB0x2c91B0x41d
0x2710	0x270bB0x2c91B0x172c
0x2710	0x270bB0x2c91B0xde9
0x2710	0x270bB0x2cf1B0xff0
0x2710	0x270bB0x2d52B0x1099
0x2710	0x270bB0x2d74B0x1099
0x2710	0x270bB0x2d81B0x1099
0x2710	0x270bB0x2cacB0x15b3
0x2710	0x270bB0x2cc1B0x15b3
0x2710	0x270bB0x2c91B0x1839
0x2727	0x2722B0x2bad
0x2727	0x2722B0x2bb9
0x2b7b	0x2b76B0x2f59B0x18c
0x2b7b	0x2b76B0x2f59B0x1b7
0x2b7b	0x2b76B0x2f59B0x25c
0x2b7b	0x2b76B0x2f59B0x28c
0x2b7b	0x2b76B0x2f59B0x348
0x2b7b	0x2b76B0x2f59B0x385
0x2b7b	0x2b76B0x2f59B0x3c2
0x2b7b	0x2b76B0x2f59B0x3f2
0x2b7b	0x2b76B0x2f59B0x4f5
0x2b7b	0x2b76B0x2f59B0x55d
0x2b7b	0x2b76B0x2f74B0x719
0x2b7b	0x2b76B0x2f89B0x719
0x2b7b	0x2b76B0x2d06B0xff0
0x2b7b	0x2b76B0x2d20B0xff0
0x2b7b	0x2b76B0x2d2dB0xff0
0x2b7b	0x2b76B0x2f74B0x1206
0x2b7b	0x2b76B0x2f89B0x1206
0x2b7b	0x2b76B0x2f59B0x12f0
0x2b7b	0x2b76B0x2cceB0x15b3
0x2b7b	0x2b76B0x2f59B0x19c9
0x2b7b	0x2b76B0x2f74B0xb670x39b
0x2b7b	0x2b76B0x2f89B0xb670x39b
0x2b7b	0x2b76B0x2f74B0x1bbf0x470
0x2b7b	0x2b76B0x2f89B0x1bbf0x470
0x2b7b	0x2b76B0x2f74B0x1bbf0x95fB0x343
0x2b7b	0x2b76B0x2f89B0x1bbf0x95fB0x343
0x2b7b	0x2b76B0x2c16B0x1d11B0x1a19
0x2b7b	0x2b76B0x2c40B0x1de4B0x1cb8
0x2b7b	0x2b76B0x2f74B0xb670x5b7B0x1ef
0x2b7b	0x2b76B0x2f89B0xb670x5b7B0x1ef
0x2b7b	0x2b76B0x2f74B0x1bbf0xc45B0x455
0x2b7b	0x2b76B0x2f89B0x1bbf0xc45B0x455
0x2ba1	0x2b97B0x1ec8B0x1d32B0x1a19
0x2ba1	0x2b97B0x1ec8B0x1e03B0x1cb8
0x2c90	0x2c8bB0x30b
0x2db8	0x2db1B0x1fe9
0x2dd8	0x2dd2B0x1126
0x2df8	0x2df2B0xec2
0x2e18	0x2e12B0x1c6c
0x2e38	0x2e32B0x17ff
0x2e58	0x2e52B0xf75
0x2e78	0x2e72B0x1f3eB0x1d32B0x1a19
0x2e78	0x2e72B0x1f3eB0x1e03B0x1cb8
0x2e98	0x2e92B0xdaf
0x2eb8	0x2eb2B0x11ab
0x2ed8	0x2ed2B0x1382
0x2ed8	0x2ed2B0x1abd
0x2ed8	0x2ed2B0x894B0x2ef
0x2ef8	0x2ef2B0x5c3B0x1ef
0x2ef8	0x2ef2B0xc51B0x455
0x2f18	0x2f12B0x1f9bB0x1d32B0x1a19
0x2f18	0x2f12B0x1f9bB0x1e03B0x1cb8
0x2f38	0x2f32B0xadb0x39b
0x2f38	0x2f32B0x9b70x95fB0x343
0x2f38	0x2f32B0xadb0x5b7B0x1ef
0x2f38	0x2f32B0x9b70xc45B0x455
0x2f58	0x2f52B0x1e8eB0x1d32B0x1a19
0x2f58	0x2f52B0x1e8eB0x1e03B0x1cb8
0x31a7	0x31a5B0x2082B0x2363B0x171
0x31a7	0x31a5B0x2082B0x25b3B0x241
0x31a7	0x31a5B0x2082B0x238dB0x2d9
0x31a7	0x31a5B0x2082B0x239bB0x2d9
0x31a7	0x31a5B0x2082B0x23c9B0x32d
0x31a7	0x31a5B0x2082B0x25b3B0x36a
0x31a7	0x31a5B0x2082B0x23c9B0x3a7
0x31a7	0x31a5B0x2082B0x238dB0x498
0x31a7	0x31a5B0x2082B0x239bB0x498
0x31a7	0x31a5B0x2082B0x2575B0x542
0x31a7	0x31a5B0x2082B0x2408B0x272
0x31a7	0x31a5B0x2082B0x2427B0x272
0x31a7	0x31a5B0x2082B0x25b3B0x3d8
0x31a7	0x31a5B0x2082B0x20ecB0x2482B0x1d9
0x31a7	0x31a5B0x2082B0x20ecB0x2482B0x43f
0x31a7	0x31a5B0x2082B0x2605B0x470
0x31a7	0x31a5B0x2082B0x22baB0x2655B0x470
0x31be	0x31bcB0x2220B0x24d3B0x1f83B0x1d32B0x1a19
0x31be	0x31bcB0x2220B0x24d3B0x1f83B0x1e03B0x1cb8
0x31d5	0x31d3B0x2235B0x22deB0x2655B0x470
0x31d5	0x31d3B0x2235B0x22f2B0x2655B0x470
0x31ec	0x31eaB0x2327B0x253dB0xe96
0x31ec	0x31eaB0x2327B0x253dB0x17d3
0x31ec	0x31eaB0x2327B0x253dB0x18e2
0x31ec	0x31eaB0x2312B0x25a5B0x241
0x31ec	0x31eaB0x2312B0x25c4B0x241
0x31ec	0x31eaB0x2312B0x23d7B0x32d
0x31ec	0x31eaB0x2312B0x25a5B0x36a
0x31ec	0x31eaB0x2312B0x25c4B0x36a
0x31ec	0x31eaB0x2312B0x23d7B0x3a7
0x31ec	0x31eaB0x2327B0x253dB0x16b8B0x4ec
0x31ec	0x31eaB0x2312B0x2567B0x542
0x31ec	0x31eaB0x2312B0x2416B0x272
0x31ec	0x31eaB0x2312B0x2438B0x272
0x31ec	0x31eaB0x2312B0x25a5B0x3d8
0x31ec	0x31eaB0x2312B0x25c4B0x3d8
0x31ec	0x31eaB0x2312B0x21f2B0x24abB0x1d9
0x31ec	0x31eaB0x2312B0x21f2B0x24abB0x43f
0x31ec	0x31eaB0x2312B0x25f7B0x470
0x31ec	0x31eaB0x2312B0x2616B0x470
0x31ec	0x31eaB0x2312B0x2627B0x470
0x3203	0x3201B0x233cB0x22caB0x2655B0x470
0x225a	0x2257B0x2516B0x157b
0x2289	0x2286B0x2516B0x157b
0x3058	0x3055B0x2516B0x157b
0x31a4	0x31a1B0x2082B0x2363B0x171
0x31a4	0x31a1B0x2082B0x25b3B0x241
0x31a4	0x31a1B0x2082B0x238dB0x2d9
0x31a4	0x31a1B0x2082B0x239bB0x2d9
0x31a4	0x31a1B0x2082B0x23c9B0x32d
0x31a4	0x31a1B0x2082B0x25b3B0x36a
0x31a4	0x31a1B0x2082B0x23c9B0x3a7
0x31a4	0x31a1B0x2082B0x238dB0x498
0x31a4	0x31a1B0x2082B0x239bB0x498
0x31a4	0x31a1B0x2082B0x2575B0x542
0x31a4	0x31a1B0x2082B0x2408B0x272
0x31a4	0x31a1B0x2082B0x2427B0x272
0x31a4	0x31a1B0x2082B0x25b3B0x3d8
0x31a4	0x31a1B0x2082B0x20ecB0x2482B0x1d9
0x31a4	0x31a1B0x2082B0x20ecB0x2482B0x43f
0x31a4	0x31a1B0x2082B0x2605B0x470
0x31a4	0x31a1B0x2082B0x22baB0x2655B0x470
0x31bb	0x31b8B0x2220B0x24d3B0x1f83B0x1d32B0x1a19
0x31bb	0x31b8B0x2220B0x24d3B0x1f83B0x1e03B0x1cb8
0x31d2	0x31cfB0x2235B0x22deB0x2655B0x470
0x31d2	0x31cfB0x2235B0x22f2B0x2655B0x470
0x31e9	0x31e6B0x2327B0x253dB0xe96
0x31e9	0x31e6B0x2327B0x253dB0x17d3
0x31e9	0x31e6B0x2327B0x253dB0x18e2
0x31e9	0x31e6B0x2312B0x25a5B0x241
0x31e9	0x31e6B0x2312B0x25c4B0x241
0x31e9	0x31e6B0x2312B0x23d7B0x32d
0x31e9	0x31e6B0x2312B0x25a5B0x36a
0x31e9	0x31e6B0x2312B0x25c4B0x36a
0x31e9	0x31e6B0x2312B0x23d7B0x3a7
0x31e9	0x31e6B0x2327B0x253dB0x16b8B0x4ec
0x31e9	0x31e6B0x2312B0x2567B0x542
0x31e9	0x31e6B0x2312B0x2416B0x272
0x31e9	0x31e6B0x2312B0x2438B0x272
0x31e9	0x31e6B0x2312B0x25a5B0x3d8
0x31e9	0x31e6B0x2312B0x25c4B0x3d8
0x31e9	0x31e6B0x2312B0x21f2B0x24abB0x1d9
0x31e9	0x31e6B0x2312B0x21f2B0x24abB0x43f
0x31e9	0x31e6B0x2312B0x25f7B0x470
0x31e9	0x31e6B0x2312B0x2616B0x470
0x31e9	0x31e6B0x2312B0x2627B0x470
0x3200	0x31fdB0x233cB0x22caB0x2655B0x470
0x2273	0x226eB0x2516B0x157b
0x2691	0x268fB0x2bd9B0x14f
0x2691	0x268fB0x2bd9B0x4ca
0x2691	0x268fB0x2bd9B0x520
0x2691	0x268fB0x2d13B0xff0
0x2691	0x268fB0x2d3aB0xff0
0x2691	0x268fB0x2cdbB0x15b3
0x2691	0x268fB0x2bd9B0x162fB0x4ec
0x2691	0x268fB0x2bf4B0x1d11B0x1a19
0x2691	0x268fB0x2c09B0x1d11B0x1a19
0x2691	0x268fB0x2c2bB0x1de4B0x1cb8
0x26fe	0x26fcB0x30b
0x270d	0x270bB0x2c91B0x21f
0x270d	0x270bB0x2c91B0x2b7
0x270d	0x270bB0x2c91B0x41d
0x270d	0x270bB0x2c91B0x172c
0x270d	0x270bB0x2c91B0xde9
0x270d	0x270bB0x2cf1B0xff0
0x270d	0x270bB0x2d52B0x1099
0x270d	0x270bB0x2d74B0x1099
0x270d	0x270bB0x2d81B0x1099
0x270d	0x270bB0x2cacB0x15b3
0x270d	0x270bB0x2cc1B0x15b3
0x270d	0x270bB0x2c91B0x1839
0x2724	0x2722B0x2bad
0x2724	0x2722B0x2bb9
0x27c7	0x279fB0x1126
0x2807	0x27dfB0xec2
0x2887	0x285fB0x1c6c
0x28c7	0x289fB0x17ff
0x2907	0x28dfB0xf75
0x2947	0x291fB0x1f3eB0x1d32B0x1a19
0x2947	0x291fB0x1f3eB0x1e03B0x1cb8
0x2987	0x295fB0xdaf
0x29c7	0x299fB0x11ab
0x2a07	0x29dfB0x1382
0x2a07	0x29dfB0x1abd
0x2a07	0x29dfB0x894B0x2ef
0x2a2d	0x29dfB0x1382
0x2a2d	0x29dfB0x1abd
0x2a2d	0x29dfB0x894B0x2ef
0x2a6d	0x2a45B0x5c3B0x1ef
0x2a6d	0x2a45B0xc51B0x455
0x2aad	0x2a85B0x1f9bB0x1d32B0x1a19
0x2aad	0x2a85B0x1f9bB0x1e03B0x1cb8
0x2ad3	0x2a85B0x1f9bB0x1d32B0x1a19
0x2ad3	0x2a85B0x1f9bB0x1e03B0x1cb8
0x2b13	0x2aebB0xadb0x39b
0x2b13	0x2aebB0x9b70x95fB0x343
0x2b13	0x2aebB0xadb0x5b7B0x1ef
0x2b13	0x2aebB0x9b70xc45B0x455
0x2b53	0x2b2bB0x1e8eB0x1d32B0x1a19
0x2b53	0x2b2bB0x1e8eB0x1e03B0x1cb8
0x2b69	0x2b67B0x2c54B0x1f4
0x2b69	0x2b67B0x2c54B0x45a
0x2b78	0x2b76B0x2f59B0x18c
0x2b78	0x2b76B0x2f59B0x1b7
0x2b78	0x2b76B0x2f59B0x25c
0x2b78	0x2b76B0x2f59B0x28c
0x2b78	0x2b76B0x2f59B0x348
0x2b78	0x2b76B0x2f59B0x385
0x2b78	0x2b76B0x2f59B0x3c2
0x2b78	0x2b76B0x2f59B0x3f2
0x2b78	0x2b76B0x2f59B0x4f5
0x2b78	0x2b76B0x2f59B0x55d
0x2b78	0x2b76B0x2f74B0x719
0x2b78	0x2b76B0x2f89B0x719
0x2b78	0x2b76B0x2d06B0xff0
0x2b78	0x2b76B0x2d20B0xff0
0x2b78	0x2b76B0x2d2dB0xff0
0x2b78	0x2b76B0x2f74B0x1206
0x2b78	0x2b76B0x2f89B0x1206
0x2b78	0x2b76B0x2f59B0x12f0
0x2b78	0x2b76B0x2cceB0x15b3
0x2b78	0x2b76B0x2f59B0x19c9
0x2b78	0x2b76B0x2f74B0xb670x39b
0x2b78	0x2b76B0x2f89B0xb670x39b
0x2b78	0x2b76B0x2f74B0x1bbf0x470
0x2b78	0x2b76B0x2f89B0x1bbf0x470
0x2b78	0x2b76B0x2f74B0x1bbf0x95fB0x343
0x2b78	0x2b76B0x2f89B0x1bbf0x95fB0x343
0x2b78	0x2b76B0x2c16B0x1d11B0x1a19
0x2b78	0x2b76B0x2c40B0x1de4B0x1cb8
0x2b78	0x2b76B0x2f74B0xb670x5b7B0x1ef
0x2b78	0x2b76B0x2f89B0xb670x5b7B0x1ef
0x2b78	0x2b76B0x2f74B0x1bbf0xc45B0x455
0x2b78	0x2b76B0x2f89B0x1bbf0xc45B0x455
0x2da7	0x2d97B0x1fe9
0x2dc9	0x2db9B0x1126
0x2de9	0x2dd9B0xec2
0x2e09	0x2df9B0x1c6c
0x2e29	0x2e19B0x17ff
0x2e49	0x2e39B0xf75
0x2e69	0x2e59B0x1f3eB0x1d32B0x1a19
0x2e69	0x2e59B0x1f3eB0x1e03B0x1cb8
0x2e89	0x2e79B0xdaf
0x2ea9	0x2e99B0x11ab
0x2ec9	0x2eb9B0x1382
0x2ec9	0x2eb9B0x1abd
0x2ec9	0x2eb9B0x894B0x2ef
0x2ee9	0x2ed9B0x5c3B0x1ef
0x2ee9	0x2ed9B0xc51B0x455
0x2f09	0x2ef9B0x1f9bB0x1d32B0x1a19
0x2f09	0x2ef9B0x1f9bB0x1e03B0x1cb8
0x2f29	0x2f19B0xadb0x39b
0x2f29	0x2f19B0x9b70x95fB0x343
0x2f29	0x2f19B0xadb0x5b7B0x1ef
0x2f29	0x2f19B0x9b70xc45B0x455
0x2f49	0x2f39B0x1e8eB0x1d32B0x1a19
0x2f49	0x2f39B0x1e8eB0x1e03B0x1cb8
0x30b1	0x30acB0x2c54B0x1f4
0x30b1	0x30acB0x2c54B0x45a
0x26c2	0x26c2B0x2c54B0x1f4
0x26c2	0x26c2B0x2c54B0x45a
0x1a6d	0x1a6cB0x135e
0x1a6d	0x1a6cB0x1a99
0x1a6d	0x1a6cB0x870B0x2ef
0x1a70	0x1a6cB0x135e
0x1a70	0x1a6cB0x1a99
0x1a70	0x1a6cB0x870B0x2ef
0x1a73	0x1a6cB0x135e
0x1a73	0x1a6cB0x1a99
0x1a73	0x1a6cB0x870B0x2ef
0x1a76	0x1a6cB0x135e
0x1a76	0x1a6cB0x1a99
0x1a76	0x1a6cB0x870B0x2ef
0x1a79	0x1a6cB0x135e
0x1a79	0x1a6cB0x1a99
0x1a79	0x1a6cB0x870B0x2ef
0x1a7c	0x1a6cB0x135e
0x1a7c	0x1a6cB0x1a99
0x1a7c	0x1a6cB0x870B0x2ef
0x1cb1	0x1cb0B0x19a9
0x1cb1	0x1cb0B0xc03B0x3ed
0x1cb3	0x1cb0B0x19a9
0x1cb3	0x1cb0B0xc03B0x3ed
0x1d0a	0x1d09B0x140c
0x1d0a	0x1d09B0x15a4
0x1d0c	0x1d09B0x140c
0x1d0c	0x1d09B0x15a4
0x2313	0x2312B0x25a5B0x241
0x2313	0x2312B0x25c4B0x241
0x2313	0x2312B0x23d7B0x32d
0x2313	0x2312B0x25a5B0x36a
0x2313	0x2312B0x25c4B0x36a
0x2313	0x2312B0x23d7B0x3a7
0x2313	0x2312B0x2567B0x542
0x2313	0x2312B0x2416B0x272
0x2313	0x2312B0x2438B0x272
0x2313	0x2312B0x25a5B0x3d8
0x2313	0x2312B0x25c4B0x3d8
0x2313	0x2312B0x21f2B0x24abB0x1d9
0x2313	0x2312B0x21f2B0x24abB0x43f
0x2313	0x2312B0x25f7B0x470
0x2313	0x2312B0x2616B0x470
0x2313	0x2312B0x2627B0x470
0x2316	0x2312B0x25a5B0x241
0x2316	0x2312B0x25c4B0x241
0x2316	0x2312B0x23d7B0x32d
0x2316	0x2312B0x25a5B0x36a
0x2316	0x2312B0x25c4B0x36a
0x2316	0x2312B0x23d7B0x3a7
0x2316	0x2312B0x2567B0x542
0x2316	0x2312B0x2416B0x272
0x2316	0x2312B0x2438B0x272
0x2316	0x2312B0x25a5B0x3d8
0x2316	0x2312B0x25c4B0x3d8
0x2316	0x2312B0x21f2B0x24abB0x1d9
0x2316	0x2312B0x21f2B0x24abB0x43f
0x2316	0x2312B0x25f7B0x470
0x2316	0x2312B0x2616B0x470
0x2316	0x2312B0x2627B0x470
0x2319	0x2312B0x25a5B0x241
0x2319	0x2312B0x25c4B0x241
0x2319	0x2312B0x23d7B0x32d
0x2319	0x2312B0x25a5B0x36a
0x2319	0x2312B0x25c4B0x36a
0x2319	0x2312B0x23d7B0x3a7
0x2319	0x2312B0x2567B0x542
0x2319	0x2312B0x2416B0x272
0x2319	0x2312B0x2438B0x272
0x2319	0x2312B0x25a5B0x3d8
0x2319	0x2312B0x25c4B0x3d8
0x2319	0x2312B0x21f2B0x24abB0x1d9
0x2319	0x2312B0x21f2B0x24abB0x43f
0x2319	0x2312B0x25f7B0x470
0x2319	0x2312B0x2616B0x470
0x2319	0x2312B0x2627B0x470
0x231d	0x2312B0x25a5B0x241
0x231d	0x2312B0x25c4B0x241
0x231d	0x2312B0x23d7B0x32d
0x231d	0x2312B0x25a5B0x36a
0x231d	0x2312B0x25c4B0x36a
0x231d	0x2312B0x23d7B0x3a7
0x231d	0x2312B0x2567B0x542
0x231d	0x2312B0x2416B0x272
0x231d	0x2312B0x2438B0x272
0x231d	0x2312B0x25a5B0x3d8
0x231d	0x2312B0x25c4B0x3d8
0x231d	0x2312B0x21f2B0x24abB0x1d9
0x231d	0x2312B0x21f2B0x24abB0x43f
0x231d	0x2312B0x25f7B0x470
0x231d	0x2312B0x2616B0x470
0x231d	0x2312B0x2627B0x470
0x2328	0x2327B0x253dB0xe96
0x2328	0x2327B0x253dB0x17d3
0x2328	0x2327B0x253dB0x18e2
0x2328	0x2327B0x253dB0x16b8B0x4ec
0x232b	0x2327B0x253dB0xe96
0x232b	0x2327B0x253dB0x17d3
0x232b	0x2327B0x253dB0x18e2
0x232b	0x2327B0x253dB0x16b8B0x4ec
0x232e	0x2327B0x253dB0xe96
0x232e	0x2327B0x253dB0x17d3
0x232e	0x2327B0x253dB0x18e2
0x232e	0x2327B0x253dB0x16b8B0x4ec
0x2332	0x2327B0x253dB0xe96
0x2332	0x2327B0x253dB0x17d3
0x2332	0x2327B0x253dB0x18e2
0x2332	0x2327B0x253dB0x16b8B0x4ec
0x2f9e	0x2f9dB0x2269B0x2516B0x157b
0x2f9e	0x2f9dB0x21bcB0x24abB0x1d9
0x2f9e	0x2f9dB0x20b6B0x2482B0x1d9
0x2f9e	0x2f9dB0x21bcB0x24abB0x43f
0x2f9e	0x2f9dB0x20b6B0x2482B0x43f
0x2f9e	0x2f9dB0x2139B0x2655B0x470
0x2f9e	0x2f9dB0x22b0B0x2655B0x470
0x2fa0	0x2f9dB0x2269B0x2516B0x157b
0x2fa0	0x2f9dB0x21bcB0x24abB0x1d9
0x2fa0	0x2f9dB0x20b6B0x2482B0x1d9
0x2fa0	0x2f9dB0x21bcB0x24abB0x43f
0x2fa0	0x2f9dB0x20b6B0x2482B0x43f
0x2fa0	0x2f9dB0x2139B0x2655B0x470
0x2fa0	0x2f9dB0x22b0B0x2655B0x470
0x2fa2	0x2f9dB0x2269B0x2516B0x157b
0x2fa2	0x2f9dB0x21bcB0x24abB0x1d9
0x2fa2	0x2f9dB0x20b6B0x2482B0x1d9
0x2fa2	0x2f9dB0x21bcB0x24abB0x43f
0x2fa2	0x2f9dB0x20b6B0x2482B0x43f
0x2fa2	0x2f9dB0x2139B0x2655B0x470
0x2fa2	0x2f9dB0x22b0B0x2655B0x470
0x2fa7	0x2f9dB0x2269B0x2516B0x157b
0x2fa7	0x2f9dB0x21bcB0x24abB0x1d9
0x2fa7	0x2f9dB0x20b6B0x2482B0x1d9
0x2fa7	0x2f9dB0x21bcB0x24abB0x43f
0x2fa7	0x2f9dB0x20b6B0x2482B0x43f
0x2fa7	0x2f9dB0x2139B0x2655B0x470
0x2fa7	0x2f9dB0x22b0B0x2655B0x470
0x2faa	0x2f9dB0x2269B0x2516B0x157b
0x2faa	0x2f9dB0x21bcB0x24abB0x1d9
0x2faa	0x2f9dB0x20b6B0x2482B0x1d9
0x2faa	0x2f9dB0x21bcB0x24abB0x43f
0x2faa	0x2f9dB0x20b6B0x2482B0x43f
0x2faa	0x2f9dB0x2139B0x2655B0x470
0x2faa	0x2f9dB0x22b0B0x2655B0x470
0x2fab	0x2f9dB0x2269B0x2516B0x157b
0x2fab	0x2f9dB0x21bcB0x24abB0x1d9
0x2fab	0x2f9dB0x20b6B0x2482B0x1d9
0x2fab	0x2f9dB0x21bcB0x24abB0x43f
0x2fab	0x2f9dB0x20b6B0x2482B0x43f
0x2fab	0x2f9dB0x2139B0x2655B0x470
0x2fab	0x2f9dB0x22b0B0x2655B0x470
0x2fb5	0x2f9dB0x2269B0x2516B0x157b
0x2fb5	0x2f9dB0x21bcB0x24abB0x1d9
0x2fb5	0x2f9dB0x20b6B0x2482B0x1d9
0x2fb5	0x2f9dB0x21bcB0x24abB0x43f
0x2fb5	0x2f9dB0x20b6B0x2482B0x43f
0x2fb5	0x2f9dB0x2139B0x2655B0x470
0x2fb5	0x2f9dB0x22b0B0x2655B0x470
0x2fb6	0x2f9dB0x2269B0x2516B0x157b
0x2fb6	0x2f9dB0x21bcB0x24abB0x1d9
0x2fb6	0x2f9dB0x20b6B0x2482B0x1d9
0x2fb6	0x2f9dB0x21bcB0x24abB0x43f
0x2fb6	0x2f9dB0x20b6B0x2482B0x43f
0x2fb6	0x2f9dB0x2139B0x2655B0x470
0x2fb6	0x2f9dB0x22b0B0x2655B0x470
0x2fb7	0x2f9dB0x2269B0x2516B0x157b
0x2fb7	0x2f9dB0x21bcB0x24abB0x1d9
0x2fb7	0x2f9dB0x20b6B0x2482B0x1d9
0x2fb7	0x2f9dB0x21bcB0x24abB0x43f
0x2fb7	0x2f9dB0x20b6B0x2482B0x43f
0x2fb7	0x2f9dB0x2139B0x2655B0x470
0x2fb7	0x2f9dB0x22b0B0x2655B0x470
0x2fb8	0x2f9dB0x2269B0x2516B0x157b
0x2fb8	0x2f9dB0x21bcB0x24abB0x1d9
0x2fb8	0x2f9dB0x20b6B0x2482B0x1d9
0x2fb8	0x2f9dB0x21bcB0x24abB0x43f
0x2fb8	0x2f9dB0x20b6B0x2482B0x43f
0x2fb8	0x2f9dB0x2139B0x2655B0x470
0x2fb8	0x2f9dB0x22b0B0x2655B0x470
0x2fbc	0x2fbcB0x2269B0x2516B0x157b
0x2fbc	0x2fbcB0x21bcB0x24abB0x1d9
0x2fbc	0x2fbcB0x20b6B0x2482B0x1d9
0x2fbc	0x2fbcB0x21bcB0x24abB0x43f
0x2fbc	0x2fbcB0x20b6B0x2482B0x43f
0x2fbc	0x2fbcB0x2139B0x2655B0x470
0x2fbc	0x2fbcB0x22b0B0x2655B0x470
0x2fc2	0x2fc0B0x2269B0x2516B0x157b
0x2fc2	0x2fc0B0x21bcB0x24abB0x1d9
0x2fc2	0x2fc0B0x20b6B0x2482B0x1d9
0x2fc2	0x2fc0B0x21bcB0x24abB0x43f
0x2fc2	0x2fc0B0x20b6B0x2482B0x43f
0x2fc2	0x2fc0B0x2139B0x2655B0x470
0x2fc2	0x2fc0B0x22b0B0x2655B0x470
0x30c9	0x30c8B0x2952B0xdaf
0x30c9	0x30c8B0x27d2B0xec2
0x30c9	0x30c8B0x28d2B0xf75
0x30c9	0x30c8B0x2792B0x1126
0x30c9	0x30c8B0x2992B0x11ab
0x30c9	0x30c8B0x29d2B0x1382
0x30c9	0x30c8B0x2892B0x17ff
0x30c9	0x30c8B0x29d2B0x1abd
0x30c9	0x30c8B0x2852B0x1c6c
0x30c9	0x30c8B0x2764B0x1fe9
0x30c9	0x30c8B0x2adeB0xadb0x39b
0x30c9	0x30c8B0x29d2B0x894B0x2ef
0x30c9	0x30c8B0x2adeB0x9b70x95fB0x343
0x30c9	0x30c8B0x2b1eB0x1e8eB0x1d32B0x1a19
0x30c9	0x30c8B0x2912B0x1f3eB0x1d32B0x1a19
0x30c9	0x30c8B0x2a78B0x1f9bB0x1d32B0x1a19
0x30c9	0x30c8B0x2b1eB0x1e8eB0x1e03B0x1cb8
0x30c9	0x30c8B0x2912B0x1f3eB0x1e03B0x1cb8
0x30c9	0x30c8B0x2a78B0x1f9bB0x1e03B0x1cb8
0x30c9	0x30c8B0x2a38B0x5c3B0x1ef
0x30c9	0x30c8B0x2adeB0xadb0x5b7B0x1ef
0x30c9	0x30c8B0x2a38B0xc51B0x455
0x30c9	0x30c8B0x2adeB0x9b70xc45B0x455
0x30ce	0x30c8B0x2952B0xdaf
0x30ce	0x30c8B0x27d2B0xec2
0x30ce	0x30c8B0x28d2B0xf75
0x30ce	0x30c8B0x2792B0x1126
0x30ce	0x30c8B0x2992B0x11ab
0x30ce	0x30c8B0x29d2B0x1382
0x30ce	0x30c8B0x2892B0x17ff
0x30ce	0x30c8B0x29d2B0x1abd
0x30ce	0x30c8B0x2852B0x1c6c
0x30ce	0x30c8B0x2764B0x1fe9
0x30ce	0x30c8B0x2adeB0xadb0x39b
0x30ce	0x30c8B0x29d2B0x894B0x2ef
0x30ce	0x30c8B0x2adeB0x9b70x95fB0x343
0x30ce	0x30c8B0x2b1eB0x1e8eB0x1d32B0x1a19
0x30ce	0x30c8B0x2912B0x1f3eB0x1d32B0x1a19
0x30ce	0x30c8B0x2a78B0x1f9bB0x1d32B0x1a19
0x30ce	0x30c8B0x2b1eB0x1e8eB0x1e03B0x1cb8
0x30ce	0x30c8B0x2912B0x1f3eB0x1e03B0x1cb8
0x30ce	0x30c8B0x2a78B0x1f9bB0x1e03B0x1cb8
0x30ce	0x30c8B0x2a38B0x5c3B0x1ef
0x30ce	0x30c8B0x2adeB0xadb0x5b7B0x1ef
0x30ce	0x30c8B0x2a38B0xc51B0x455
0x30ce	0x30c8B0x2adeB0x9b70xc45B0x455
0x30d1	0x30c8B0x2952B0xdaf
0x30d1	0x30c8B0x27d2B0xec2
0x30d1	0x30c8B0x28d2B0xf75
0x30d1	0x30c8B0x2792B0x1126
0x30d1	0x30c8B0x2992B0x11ab
0x30d1	0x30c8B0x29d2B0x1382
0x30d1	0x30c8B0x2892B0x17ff
0x30d1	0x30c8B0x29d2B0x1abd
0x30d1	0x30c8B0x2852B0x1c6c
0x30d1	0x30c8B0x2764B0x1fe9
0x30d1	0x30c8B0x2adeB0xadb0x39b
0x30d1	0x30c8B0x29d2B0x894B0x2ef
0x30d1	0x30c8B0x2adeB0x9b70x95fB0x343
0x30d1	0x30c8B0x2b1eB0x1e8eB0x1d32B0x1a19
0x30d1	0x30c8B0x2912B0x1f3eB0x1d32B0x1a19
0x30d1	0x30c8B0x2a78B0x1f9bB0x1d32B0x1a19
0x30d1	0x30c8B0x2b1eB0x1e8eB0x1e03B0x1cb8
0x30d1	0x30c8B0x2912B0x1f3eB0x1e03B0x1cb8
0x30d1	0x30c8B0x2a78B0x1f9bB0x1e03B0x1cb8
0x30d1	0x30c8B0x2a38B0x5c3B0x1ef
0x30d1	0x30c8B0x2adeB0xadb0x5b7B0x1ef
0x30d1	0x30c8B0x2a38B0xc51B0x455
0x30d1	0x30c8B0x2adeB0x9b70xc45B0x455
0x30e5	0x30e4B0x2686B0x2bd9B0x14f
0x30e5	0x30e4B0x2686B0x2bd9B0x4ca
0x30e5	0x30e4B0x2686B0x2bd9B0x520
0x30e5	0x30e4B0x2686B0x2d13B0xff0
0x30e5	0x30e4B0x2686B0x2d3aB0xff0
0x30e5	0x30e4B0x2686B0x2cdbB0x15b3
0x30e5	0x30e4B0x3191B0x2082B0x2363B0x171
0x30e5	0x30e4B0x3191B0x2082B0x25b3B0x241
0x30e5	0x30e4B0x3191B0x2082B0x238dB0x2d9
0x30e5	0x30e4B0x3191B0x2082B0x239bB0x2d9
0x30e5	0x30e4B0x3191B0x2082B0x23c9B0x32d
0x30e5	0x30e4B0x3191B0x2082B0x25b3B0x36a
0x30e5	0x30e4B0x3191B0x2082B0x23c9B0x3a7
0x30e5	0x30e4B0x3191B0x2082B0x238dB0x498
0x30e5	0x30e4B0x3191B0x2082B0x239bB0x498
0x30e5	0x30e4B0x2686B0x2bd9B0x162fB0x4ec
0x30e5	0x30e4B0x3191B0x2082B0x2575B0x542
0x30e5	0x30e4B0x3191B0x2082B0x2408B0x272
0x30e5	0x30e4B0x3191B0x2082B0x2427B0x272
0x30e5	0x30e4B0x3191B0x2082B0x25b3B0x3d8
0x30e5	0x30e4B0x3191B0x2082B0x20ecB0x2482B0x1d9
0x30e5	0x30e4B0x3191B0x2082B0x20ecB0x2482B0x43f
0x30e5	0x30e4B0x2686B0x2bf4B0x1d11B0x1a19
0x30e5	0x30e4B0x2686B0x2c09B0x1d11B0x1a19
0x30e5	0x30e4B0x2686B0x2c2bB0x1de4B0x1cb8
0x30e5	0x30e4B0x3191B0x2082B0x2605B0x470
0x30e5	0x30e4B0x3191B0x2082B0x22baB0x2655B0x470
0x30e7	0x30e4B0x2686B0x2bd9B0x14f
0x30e7	0x30e4B0x2686B0x2bd9B0x4ca
0x30e7	0x30e4B0x2686B0x2bd9B0x520
0x30e7	0x30e4B0x2686B0x2d13B0xff0
0x30e7	0x30e4B0x2686B0x2d3aB0xff0
0x30e7	0x30e4B0x2686B0x2cdbB0x15b3
0x30e7	0x30e4B0x3191B0x2082B0x2363B0x171
0x30e7	0x30e4B0x3191B0x2082B0x25b3B0x241
0x30e7	0x30e4B0x3191B0x2082B0x238dB0x2d9
0x30e7	0x30e4B0x3191B0x2082B0x239bB0x2d9
0x30e7	0x30e4B0x3191B0x2082B0x23c9B0x32d
0x30e7	0x30e4B0x3191B0x2082B0x25b3B0x36a
0x30e7	0x30e4B0x3191B0x2082B0x23c9B0x3a7
0x30e7	0x30e4B0x3191B0x2082B0x238dB0x498
0x30e7	0x30e4B0x3191B0x2082B0x239bB0x498
0x30e7	0x30e4B0x2686B0x2bd9B0x162fB0x4ec
0x30e7	0x30e4B0x3191B0x2082B0x2575B0x542
0x30e7	0x30e4B0x3191B0x2082B0x2408B0x272
0x30e7	0x30e4B0x3191B0x2082B0x2427B0x272
0x30e7	0x30e4B0x3191B0x2082B0x25b3B0x3d8
0x30e7	0x30e4B0x3191B0x2082B0x20ecB0x2482B0x1d9
0x30e7	0x30e4B0x3191B0x2082B0x20ecB0x2482B0x43f
0x30e7	0x30e4B0x2686B0x2bf4B0x1d11B0x1a19
0x30e7	0x30e4B0x2686B0x2c09B0x1d11B0x1a19
0x30e7	0x30e4B0x2686B0x2c2bB0x1de4B0x1cb8
0x30e7	0x30e4B0x3191B0x2082B0x2605B0x470
0x30e7	0x30e4B0x3191B0x2082B0x22baB0x2655B0x470
0x30eb	0x30e4B0x2686B0x2bd9B0x14f
0x30eb	0x30e4B0x2686B0x2bd9B0x4ca
0x30eb	0x30e4B0x2686B0x2bd9B0x520
0x30eb	0x30e4B0x2686B0x2d13B0xff0
0x30eb	0x30e4B0x2686B0x2d3aB0xff0
0x30eb	0x30e4B0x2686B0x2cdbB0x15b3
0x30eb	0x30e4B0x3191B0x2082B0x2363B0x171
0x30eb	0x30e4B0x3191B0x2082B0x25b3B0x241
0x30eb	0x30e4B0x3191B0x2082B0x238dB0x2d9
0x30eb	0x30e4B0x3191B0x2082B0x239bB0x2d9
0x30eb	0x30e4B0x3191B0x2082B0x23c9B0x32d
0x30eb	0x30e4B0x3191B0x2082B0x25b3B0x36a
0x30eb	0x30e4B0x3191B0x2082B0x23c9B0x3a7
0x30eb	0x30e4B0x3191B0x2082B0x238dB0x498
0x30eb	0x30e4B0x3191B0x2082B0x239bB0x498
0x30eb	0x30e4B0x2686B0x2bd9B0x162fB0x4ec
0x30eb	0x30e4B0x3191B0x2082B0x2575B0x542
0x30eb	0x30e4B0x3191B0x2082B0x2408B0x272
0x30eb	0x30e4B0x3191B0x2082B0x2427B0x272
0x30eb	0x30e4B0x3191B0x2082B0x25b3B0x3d8
0x30eb	0x30e4B0x3191B0x2082B0x20ecB0x2482B0x1d9
0x30eb	0x30e4B0x3191B0x2082B0x20ecB0x2482B0x43f
0x30eb	0x30e4B0x2686B0x2bf4B0x1d11B0x1a19
0x30eb	0x30e4B0x2686B0x2c09B0x1d11B0x1a19
0x30eb	0x30e4B0x2686B0x2c2bB0x1de4B0x1cb8
0x30eb	0x30e4B0x3191B0x2082B0x2605B0x470
0x30eb	0x30e4B0x3191B0x2082B0x22baB0x2655B0x470
0x30f7	0x30f6B0x26f3B0x30b
0x30f7	0x30f6B0x31a8B0x2220B0x24d3B0x1f83B0x1d32B0x1a19
0x30f7	0x30f6B0x31a8B0x2220B0x24d3B0x1f83B0x1e03B0x1cb8
0x30fa	0x30f6B0x26f3B0x30b
0x30fa	0x30f6B0x31a8B0x2220B0x24d3B0x1f83B0x1d32B0x1a19
0x30fa	0x30f6B0x31a8B0x2220B0x24d3B0x1f83B0x1e03B0x1cb8
0x30fb	0x30f6B0x26f3B0x30b
0x30fb	0x30f6B0x31a8B0x2220B0x24d3B0x1f83B0x1d32B0x1a19
0x30fb	0x30f6B0x31a8B0x2220B0x24d3B0x1f83B0x1e03B0x1cb8
0x3103	0x3102B0x2711B0x2bad
0x3103	0x3102B0x2711B0x2bb9
0x3103	0x3102B0x2702B0x2c91B0x21f
0x3103	0x3102B0x2702B0x2c91B0x2b7
0x3103	0x3102B0x2702B0x2c91B0x41d
0x3103	0x3102B0x2702B0x2c91B0x172c
0x3103	0x3102B0x2702B0x2c91B0xde9
0x3103	0x3102B0x2702B0x2cf1B0xff0
0x3103	0x3102B0x2702B0x2d52B0x1099
0x3103	0x3102B0x2702B0x2d74B0x1099
0x3103	0x3102B0x2702B0x2d81B0x1099
0x3103	0x3102B0x2702B0x2cacB0x15b3
0x3103	0x3102B0x2702B0x2cc1B0x15b3
0x3103	0x3102B0x2702B0x2c91B0x1839
0x3103	0x3102B0x31bfB0x2235B0x22deB0x2655B0x470
0x3103	0x3102B0x31bfB0x2235B0x22f2B0x2655B0x470
0x310d	0x310cB0x2686B0x2bd9B0x14f
0x310d	0x310cB0x2686B0x2bd9B0x4ca
0x310d	0x310cB0x2686B0x2bd9B0x520
0x310d	0x310cB0x2686B0x2d13B0xff0
0x310d	0x310cB0x2686B0x2d3aB0xff0
0x310d	0x310cB0x2686B0x2cdbB0x15b3
0x310d	0x310cB0x3191B0x2082B0x2363B0x171
0x310d	0x310cB0x3191B0x2082B0x25b3B0x241
0x310d	0x310cB0x3191B0x2082B0x238dB0x2d9
0x310d	0x310cB0x3191B0x2082B0x239bB0x2d9
0x310d	0x310cB0x3191B0x2082B0x23c9B0x32d
0x310d	0x310cB0x3191B0x2082B0x25b3B0x36a
0x310d	0x310cB0x3191B0x2082B0x23c9B0x3a7
0x310d	0x310cB0x3191B0x2082B0x238dB0x498
0x310d	0x310cB0x3191B0x2082B0x239bB0x498
0x310d	0x310cB0x2686B0x2bd9B0x162fB0x4ec
0x310d	0x310cB0x3191B0x2082B0x2575B0x542
0x310d	0x310cB0x3191B0x2082B0x2408B0x272
0x310d	0x310cB0x3191B0x2082B0x2427B0x272
0x310d	0x310cB0x3191B0x2082B0x25b3B0x3d8
0x310d	0x310cB0x3191B0x2082B0x20ecB0x2482B0x1d9
0x310d	0x310cB0x3191B0x2082B0x20ecB0x2482B0x43f
0x310d	0x310cB0x2686B0x2bf4B0x1d11B0x1a19
0x310d	0x310cB0x2686B0x2c09B0x1d11B0x1a19
0x310d	0x310cB0x2686B0x2c2bB0x1de4B0x1cb8
0x310d	0x310cB0x3191B0x2082B0x2605B0x470
0x310d	0x310cB0x3191B0x2082B0x22baB0x2655B0x470
0x310f	0x310cB0x2686B0x2bd9B0x14f
0x310f	0x310cB0x2686B0x2bd9B0x4ca
0x310f	0x310cB0x2686B0x2bd9B0x520
0x310f	0x310cB0x2686B0x2d13B0xff0
0x310f	0x310cB0x2686B0x2d3aB0xff0
0x310f	0x310cB0x2686B0x2cdbB0x15b3
0x310f	0x310cB0x3191B0x2082B0x2363B0x171
0x310f	0x310cB0x3191B0x2082B0x25b3B0x241
0x310f	0x310cB0x3191B0x2082B0x238dB0x2d9
0x310f	0x310cB0x3191B0x2082B0x239bB0x2d9
0x310f	0x310cB0x3191B0x2082B0x23c9B0x32d
0x310f	0x310cB0x3191B0x2082B0x25b3B0x36a
0x310f	0x310cB0x3191B0x2082B0x23c9B0x3a7
0x310f	0x310cB0x3191B0x2082B0x238dB0x498
0x310f	0x310cB0x3191B0x2082B0x239bB0x498
0x310f	0x310cB0x2686B0x2bd9B0x162fB0x4ec
0x310f	0x310cB0x3191B0x2082B0x2575B0x542
0x310f	0x310cB0x3191B0x2082B0x2408B0x272
0x310f	0x310cB0x3191B0x2082B0x2427B0x272
0x310f	0x310cB0x3191B0x2082B0x25b3B0x3d8
0x310f	0x310cB0x3191B0x2082B0x20ecB0x2482B0x1d9
0x310f	0x310cB0x3191B0x2082B0x20ecB0x2482B0x43f
0x310f	0x310cB0x2686B0x2bf4B0x1d11B0x1a19
0x310f	0x310cB0x2686B0x2c09B0x1d11B0x1a19
0x310f	0x310cB0x2686B0x2c2bB0x1de4B0x1cb8
0x310f	0x310cB0x3191B0x2082B0x2605B0x470
0x310f	0x310cB0x3191B0x2082B0x22baB0x2655B0x470
0x3125	0x310cB0x2686B0x2bd9B0x14f
0x3125	0x310cB0x2686B0x2bd9B0x4ca
0x3125	0x310cB0x2686B0x2bd9B0x520
0x3125	0x310cB0x2686B0x2d13B0xff0
0x3125	0x310cB0x2686B0x2d3aB0xff0
0x3125	0x310cB0x2686B0x2cdbB0x15b3
0x3125	0x310cB0x3191B0x2082B0x2363B0x171
0x3125	0x310cB0x3191B0x2082B0x25b3B0x241
0x3125	0x310cB0x3191B0x2082B0x238dB0x2d9
0x3125	0x310cB0x3191B0x2082B0x239bB0x2d9
0x3125	0x310cB0x3191B0x2082B0x23c9B0x32d
0x3125	0x310cB0x3191B0x2082B0x25b3B0x36a
0x3125	0x310cB0x3191B0x2082B0x23c9B0x3a7
0x3125	0x310cB0x3191B0x2082B0x238dB0x498
0x3125	0x310cB0x3191B0x2082B0x239bB0x498
0x3125	0x310cB0x2686B0x2bd9B0x162fB0x4ec
0x3125	0x310cB0x3191B0x2082B0x2575B0x542
0x3125	0x310cB0x3191B0x2082B0x2408B0x272
0x3125	0x310cB0x3191B0x2082B0x2427B0x272
0x3125	0x310cB0x3191B0x2082B0x25b3B0x3d8
0x3125	0x310cB0x3191B0x2082B0x20ecB0x2482B0x1d9
0x3125	0x310cB0x3191B0x2082B0x20ecB0x2482B0x43f
0x3125	0x310cB0x2686B0x2bf4B0x1d11B0x1a19
0x3125	0x310cB0x2686B0x2c09B0x1d11B0x1a19
0x3125	0x310cB0x2686B0x2c2bB0x1de4B0x1cb8
0x3125	0x310cB0x3191B0x2082B0x2605B0x470
0x3125	0x310cB0x3191B0x2082B0x22baB0x2655B0x470
0x312d	0x312cB0x2b6dB0x2f59B0x18c
0x312d	0x312cB0x2b6dB0x2f59B0x1b7
0x312d	0x312cB0x2b5eB0x2c54B0x1f4
0x312d	0x312cB0x2b6dB0x2f59B0x25c
0x312d	0x312cB0x2b6dB0x2f59B0x28c
0x312d	0x312cB0x2b6dB0x2f59B0x348
0x312d	0x312cB0x2b6dB0x2f59B0x385
0x312d	0x312cB0x2b6dB0x2f59B0x3c2
0x312d	0x312cB0x2b6dB0x2f59B0x3f2
0x312d	0x312cB0x2b5eB0x2c54B0x45a
0x312d	0x312cB0x2b6dB0x2f59B0x4f5
0x312d	0x312cB0x2b6dB0x2f59B0x55d
0x312d	0x312cB0x2b6dB0x2f74B0x719
0x312d	0x312cB0x2b6dB0x2f89B0x719
0x312d	0x312cB0x31d6B0x2327B0x253dB0xe96
0x312d	0x312cB0x2b6dB0x2d06B0xff0
0x312d	0x312cB0x2b6dB0x2d20B0xff0
0x312d	0x312cB0x2b6dB0x2d2dB0xff0
0x312d	0x312cB0x2b6dB0x2f74B0x1206
0x312d	0x312cB0x2b6dB0x2f89B0x1206
0x312d	0x312cB0x2b6dB0x2f59B0x12f0
0x312d	0x312cB0x2b6dB0x2cceB0x15b3
0x312d	0x312cB0x31d6B0x2327B0x253dB0x17d3
0x312d	0x312cB0x31d6B0x2327B0x253dB0x18e2
0x312d	0x312cB0x2b6dB0x2f59B0x19c9
0x312d	0x312cB0x2b6dB0x2f74B0xb670x39b
0x312d	0x312cB0x2b6dB0x2f89B0xb670x39b
0x312d	0x312cB0x2b6dB0x2f74B0x1bbf0x470
0x312d	0x312cB0x2b6dB0x2f89B0x1bbf0x470
0x312d	0x312cB0x31d6B0x2312B0x25a5B0x241
0x312d	0x312cB0x31d6B0x2312B0x25c4B0x241
0x312d	0x312cB0x31d6B0x2312B0x23d7B0x32d
0x312d	0x312cB0x31d6B0x2312B0x25a5B0x36a
0x312d	0x312cB0x31d6B0x2312B0x25c4B0x36a
0x312d	0x312cB0x31d6B0x2312B0x23d7B0x3a7
0x312d	0x312cB0x31d6B0x2327B0x253dB0x16b8B0x4ec
0x312d	0x312cB0x31d6B0x2312B0x2567B0x542
0x312d	0x312cB0x31d6B0x2312B0x2416B0x272
0x312d	0x312cB0x31d6B0x2312B0x2438B0x272
0x312d	0x312cB0x31d6B0x2312B0x25a5B0x3d8
0x312d	0x312cB0x31d6B0x2312B0x25c4B0x3d8
0x312d	0x312cB0x31d6B0x2312B0x21f2B0x24abB0x1d9
0x312d	0x312cB0x2b6dB0x2f74B0x1bbf0x95fB0x343
0x312d	0x312cB0x2b6dB0x2f89B0x1bbf0x95fB0x343
0x312d	0x312cB0x31d6B0x2312B0x21f2B0x24abB0x43f
0x312d	0x312cB0x2b6dB0x2c16B0x1d11B0x1a19
0x312d	0x312cB0x2b6dB0x2c40B0x1de4B0x1cb8
0x312d	0x312cB0x31d6B0x2312B0x25f7B0x470
0x312d	0x312cB0x31d6B0x2312B0x2616B0x470
0x312d	0x312cB0x31d6B0x2312B0x2627B0x470
0x312d	0x312cB0x2b6dB0x2f74B0xb670x5b7B0x1ef
0x312d	0x312cB0x2b6dB0x2f89B0xb670x5b7B0x1ef
0x312d	0x312cB0x2b6dB0x2f74B0x1bbf0xc45B0x455
0x312d	0x312cB0x2b6dB0x2f89B0x1bbf0xc45B0x455
0x3137	0x3136B0x2b7cB0x1099
0x3137	0x3136B0x31edB0x233cB0x22caB0x2655B0x470
0x3139	0x3136B0x2b7cB0x1099
0x3139	0x3136B0x31edB0x233cB0x22caB0x2655B0x470
0x313c	0x3136B0x2b7cB0x1099
0x313c	0x3136B0x31edB0x233cB0x22caB0x2655B0x470
0x3144	0x3143B0x276eB0x1fe9
0x3144	0x3143B0x228aB0x2516B0x157b
0x3144	0x3143B0x273dB0x1ec8B0x1d32B0x1a19
0x3144	0x3143B0x273dB0x1ec8B0x1e03B0x1cb8
0x3149	0x3146B0x276eB0x1fe9
0x3149	0x3146B0x228aB0x2516B0x157b
0x3149	0x3146B0x273dB0x1ec8B0x1d32B0x1a19
0x3149	0x3146B0x273dB0x1ec8B0x1e03B0x1cb8
0x314a	0x3146B0x276eB0x1fe9
0x314a	0x3146B0x228aB0x2516B0x157b
0x314a	0x3146B0x273dB0x1ec8B0x1d32B0x1a19
0x314a	0x3146B0x273dB0x1ec8B0x1e03B0x1cb8
0x314b	0x3146B0x276eB0x1fe9
0x314b	0x3146B0x228aB0x2516B0x157b
0x314b	0x3146B0x273dB0x1ec8B0x1d32B0x1a19
0x314b	0x3146B0x273dB0x1ec8B0x1e03B0x1cb8
0x3151	0x314fB0x276eB0x1fe9
0x3151	0x314fB0x228aB0x2516B0x157b
0x3151	0x314fB0x273dB0x1ec8B0x1d32B0x1a19
0x3151	0x314fB0x273dB0x1ec8B0x1e03B0x1cb8
0x3152	0x314fB0x276eB0x1fe9
0x3152	0x314fB0x228aB0x2516B0x157b
0x3152	0x314fB0x273dB0x1ec8B0x1d32B0x1a19
0x3152	0x314fB0x273dB0x1ec8B0x1e03B0x1cb8
0x3155	0x314fB0x276eB0x1fe9
0x3155	0x314fB0x228aB0x2516B0x157b
0x3155	0x314fB0x273dB0x1ec8B0x1d32B0x1a19
0x3155	0x314fB0x273dB0x1ec8B0x1e03B0x1cb8
0x3157	0x314fB0x276eB0x1fe9
0x3157	0x314fB0x228aB0x2516B0x157b
0x3157	0x314fB0x273dB0x1ec8B0x1d32B0x1a19
0x3157	0x314fB0x273dB0x1ec8B0x1e03B0x1cb8
0x315a	0x314fB0x276eB0x1fe9
0x315a	0x314fB0x228aB0x2516B0x157b
0x315a	0x314fB0x273dB0x1ec8B0x1d32B0x1a19
0x315a	0x314fB0x273dB0x1ec8B0x1e03B0x1cb8
0x315d	0x314fB0x276eB0x1fe9
0x315d	0x314fB0x228aB0x2516B0x157b
0x315d	0x314fB0x273dB0x1ec8B0x1d32B0x1a19
0x315d	0x314fB0x273dB0x1ec8B0x1e03B0x1cb8
0x3164	0x3161B0x276eB0x1fe9
0x3164	0x3161B0x228aB0x2516B0x157b
0x3164	0x3161B0x273dB0x1ec8B0x1d32B0x1a19
0x3164	0x3161B0x273dB0x1ec8B0x1e03B0x1cb8
0x3165	0x3161B0x276eB0x1fe9
0x3165	0x3161B0x228aB0x2516B0x157b
0x3165	0x3161B0x273dB0x1ec8B0x1d32B0x1a19
0x3165	0x3161B0x273dB0x1ec8B0x1e03B0x1cb8
0x3166	0x3161B0x276eB0x1fe9
0x3166	0x3161B0x228aB0x2516B0x157b
0x3166	0x3161B0x273dB0x1ec8B0x1d32B0x1a19
0x3166	0x3161B0x273dB0x1ec8B0x1e03B0x1cb8
0x316a	0x316aB0x276eB0x1fe9
0x316a	0x316aB0x228aB0x2516B0x157b
0x316a	0x316aB0x273dB0x1ec8B0x1d32B0x1a19
0x316a	0x316aB0x273dB0x1ec8B0x1e03B0x1cb8
0x316e	0x316aB0x276eB0x1fe9
0x316e	0x316aB0x228aB0x2516B0x157b
0x316e	0x316aB0x273dB0x1ec8B0x1d32B0x1a19
0x316e	0x316aB0x273dB0x1ec8B0x1e03B0x1cb8
0x1d800	0x3143B0x276eB0x1fe9
0x1d800	0x3143B0x228aB0x2516B0x157b
0x1d800	0x3143B0x273dB0x1ec8B0x1d32B0x1a19
0x1d800	0x3143B0x273dB0x1ec8B0x1e03B0x1cb8
0x1e200	0x316aB0x276eB0x1fe9
0x1e200	0x316aB0x228aB0x2516B0x157b
0x1e200	0x316aB0x273dB0x1ec8B0x1d32B0x1a19
0x1e200	0x316aB0x273dB0x1ec8B0x1e03B0x1cb8
0x2320	0x2312B0x25a5B0x241
0x2320	0x2312B0x25c4B0x241
0x2320	0x2312B0x23d7B0x32d
0x2320	0x2312B0x25a5B0x36a
0x2320	0x2312B0x25c4B0x36a
0x2320	0x2312B0x23d7B0x3a7
0x2320	0x2312B0x2567B0x542
0x2320	0x2312B0x2416B0x272
0x2320	0x2312B0x2438B0x272
0x2320	0x2312B0x25a5B0x3d8
0x2320	0x2312B0x25c4B0x3d8
0x2320	0x2312B0x21f2B0x24abB0x1d9
0x2320	0x2312B0x21f2B0x24abB0x43f
0x2320	0x2312B0x25f7B0x470
0x2320	0x2312B0x2616B0x470
0x2320	0x2312B0x2627B0x470
0x2335	0x2327B0x253dB0xe96
0x2335	0x2327B0x253dB0x17d3
0x2335	0x2327B0x253dB0x18e2
0x2335	0x2327B0x253dB0x16b8B0x4ec
0x30ee	0x30e4B0x2686B0x2bd9B0x14f
0x30ee	0x30e4B0x2686B0x2bd9B0x4ca
0x30ee	0x30e4B0x2686B0x2bd9B0x520
0x30ee	0x30e4B0x2686B0x2d13B0xff0
0x30ee	0x30e4B0x2686B0x2d3aB0xff0
0x30ee	0x30e4B0x2686B0x2cdbB0x15b3
0x30ee	0x30e4B0x3191B0x2082B0x2363B0x171
0x30ee	0x30e4B0x3191B0x2082B0x25b3B0x241
0x30ee	0x30e4B0x3191B0x2082B0x238dB0x2d9
0x30ee	0x30e4B0x3191B0x2082B0x239bB0x2d9
0x30ee	0x30e4B0x3191B0x2082B0x23c9B0x32d
0x30ee	0x30e4B0x3191B0x2082B0x25b3B0x36a
0x30ee	0x30e4B0x3191B0x2082B0x23c9B0x3a7
0x30ee	0x30e4B0x3191B0x2082B0x238dB0x498
0x30ee	0x30e4B0x3191B0x2082B0x239bB0x498
0x30ee	0x30e4B0x2686B0x2bd9B0x162fB0x4ec
0x30ee	0x30e4B0x3191B0x2082B0x2575B0x542
0x30ee	0x30e4B0x3191B0x2082B0x2408B0x272
0x30ee	0x30e4B0x3191B0x2082B0x2427B0x272
0x30ee	0x30e4B0x3191B0x2082B0x25b3B0x3d8
0x30ee	0x30e4B0x3191B0x2082B0x20ecB0x2482B0x1d9
0x30ee	0x30e4B0x3191B0x2082B0x20ecB0x2482B0x43f
0x30ee	0x30e4B0x2686B0x2bf4B0x1d11B0x1a19
0x30ee	0x30e4B0x2686B0x2c09B0x1d11B0x1a19
0x30ee	0x30e4B0x2686B0x2c2bB0x1de4B0x1cb8
0x30ee	0x30e4B0x3191B0x2082B0x2605B0x470
0x30ee	0x30e4B0x3191B0x2082B0x22baB0x2655B0x470
0x312b	0x310cB0x2686B0x2bd9B0x14f
0x312b	0x310cB0x2686B0x2bd9B0x4ca
0x312b	0x310cB0x2686B0x2bd9B0x520
0x312b	0x310cB0x2686B0x2d13B0xff0
0x312b	0x310cB0x2686B0x2d3aB0xff0
0x312b	0x310cB0x2686B0x2cdbB0x15b3
0x312b	0x310cB0x3191B0x2082B0x2363B0x171
0x312b	0x310cB0x3191B0x2082B0x25b3B0x241
0x312b	0x310cB0x3191B0x2082B0x238dB0x2d9
0x312b	0x310cB0x3191B0x2082B0x239bB0x2d9
0x312b	0x310cB0x3191B0x2082B0x23c9B0x32d
0x312b	0x310cB0x3191B0x2082B0x25b3B0x36a
0x312b	0x310cB0x3191B0x2082B0x23c9B0x3a7
0x312b	0x310cB0x3191B0x2082B0x238dB0x498
0x312b	0x310cB0x3191B0x2082B0x239bB0x498
0x312b	0x310cB0x2686B0x2bd9B0x162fB0x4ec
0x312b	0x310cB0x3191B0x2082B0x2575B0x542
0x312b	0x310cB0x3191B0x2082B0x2408B0x272
0x312b	0x310cB0x3191B0x2082B0x2427B0x272
0x312b	0x310cB0x3191B0x2082B0x25b3B0x3d8
0x312b	0x310cB0x3191B0x2082B0x20ecB0x2482B0x1d9
0x312b	0x310cB0x3191B0x2082B0x20ecB0x2482B0x43f
0x312b	0x310cB0x2686B0x2bf4B0x1d11B0x1a19
0x312b	0x310cB0x2686B0x2c09B0x1d11B0x1a19
0x312b	0x310cB0x2686B0x2c2bB0x1de4B0x1cb8
0x312b	0x310cB0x3191B0x2082B0x2605B0x470
0x312b	0x310cB0x3191B0x2082B0x22baB0x2655B0x470
0x3160	0x314fB0x276eB0x1fe9
0x3160	0x314fB0x228aB0x2516B0x157b
0x3160	0x314fB0x273dB0x1ec8B0x1d32B0x1a19
0x3160	0x314fB0x273dB0x1ec8B0x1e03B0x1cb8
0x1d820	0x3143B0x276eB0x1fe9
0x1d820	0x3143B0x228aB0x2516B0x157b
0x1d820	0x3143B0x273dB0x1ec8B0x1d32B0x1a19
0x1d820	0x3143B0x273dB0x1ec8B0x1e03B0x1cb8
0x1e220	0x316aB0x276eB0x1fe9
0x1e220	0x316aB0x228aB0x2516B0x157b
0x1e220	0x316aB0x273dB0x1ec8B0x1d32B0x1a19
0x1e220	0x316aB0x273dB0x1ec8B0x1e03B0x1cb8
0x2fbb	0x2f9dB0x2269B0x2516B0x157b
0x2fbb	0x2f9dB0x21bcB0x24abB0x1d9
0x2fbb	0x2f9dB0x20b6B0x2482B0x1d9
0x2fbb	0x2f9dB0x21bcB0x24abB0x43f
0x2fbb	0x2f9dB0x20b6B0x2482B0x43f
0x2fbb	0x2f9dB0x2139B0x2655B0x470
0x2fbb	0x2f9dB0x22b0B0x2655B0x470
0x314e	0x3146B0x276eB0x1fe9
0x314e	0x3146B0x228aB0x2516B0x157b
0x314e	0x3146B0x273dB0x1ec8B0x1d32B0x1a19
0x314e	0x3146B0x273dB0x1ec8B0x1e03B0x1cb8
0x3169	0x3161B0x276eB0x1fe9
0x3169	0x3161B0x228aB0x2516B0x157b
0x3169	0x3161B0x273dB0x1ec8B0x1d32B0x1a19
0x3169	0x3161B0x273dB0x1ec8B0x1e03B0x1cb8
0x1a82	0x1a6cB0x135e
0x1a82	0x1a6cB0x1a99
0x1a82	0x1a6cB0x870B0x2ef
0x1cb7	0x1cb0B0x19a9
0x1cb7	0x1cb0B0xc03B0x3ed
0x1d10	0x1d09B0x140c
0x1d10	0x1d09B0x15a4
0x2326	0x2321B0x25a5B0x241
0x2326	0x2321B0x25c4B0x241
0x2326	0x2321B0x23d7B0x32d
0x2326	0x2321B0x25a5B0x36a
0x2326	0x2321B0x25c4B0x36a
0x2326	0x2321B0x23d7B0x3a7
0x2326	0x2321B0x2567B0x542
0x2326	0x2321B0x2416B0x272
0x2326	0x2321B0x2438B0x272
0x2326	0x2321B0x25a5B0x3d8
0x2326	0x2321B0x25c4B0x3d8
0x2326	0x2321B0x21f2B0x24abB0x1d9
0x2326	0x2321B0x21f2B0x24abB0x43f
0x2326	0x2321B0x25f7B0x470
0x2326	0x2321B0x2616B0x470
0x2326	0x2321B0x2627B0x470
0x233b	0x2336B0x253dB0xe96
0x233b	0x2336B0x253dB0x17d3
0x233b	0x2336B0x253dB0x18e2
0x233b	0x2336B0x253dB0x16b8B0x4ec
0x2fc9	0x2fc0B0x2269B0x2516B0x157b
0x2fc9	0x2fc0B0x21bcB0x24abB0x1d9
0x2fc9	0x2fc0B0x20b6B0x2482B0x1d9
0x2fc9	0x2fc0B0x21bcB0x24abB0x43f
0x2fc9	0x2fc0B0x20b6B0x2482B0x43f
0x2fc9	0x2fc0B0x2139B0x2655B0x470
0x2fc9	0x2fc0B0x22b0B0x2655B0x470
0x30d8	0x30c8B0x2952B0xdaf
0x30d8	0x30c8B0x27d2B0xec2
0x30d8	0x30c8B0x28d2B0xf75
0x30d8	0x30c8B0x2792B0x1126
0x30d8	0x30c8B0x2992B0x11ab
0x30d8	0x30c8B0x29d2B0x1382
0x30d8	0x30c8B0x2892B0x17ff
0x30d8	0x30c8B0x29d2B0x1abd
0x30d8	0x30c8B0x2852B0x1c6c
0x30d8	0x30c8B0x2764B0x1fe9
0x30d8	0x30c8B0x2adeB0xadb0x39b
0x30d8	0x30c8B0x29d2B0x894B0x2ef
0x30d8	0x30c8B0x2adeB0x9b70x95fB0x343
0x30d8	0x30c8B0x2b1eB0x1e8eB0x1d32B0x1a19
0x30d8	0x30c8B0x2912B0x1f3eB0x1d32B0x1a19
0x30d8	0x30c8B0x2a78B0x1f9bB0x1d32B0x1a19
0x30d8	0x30c8B0x2b1eB0x1e8eB0x1e03B0x1cb8
0x30d8	0x30c8B0x2912B0x1f3eB0x1e03B0x1cb8
0x30d8	0x30c8B0x2a78B0x1f9bB0x1e03B0x1cb8
0x30d8	0x30c8B0x2a38B0x5c3B0x1ef
0x30d8	0x30c8B0x2adeB0xadb0x5b7B0x1ef
0x30d8	0x30c8B0x2a38B0xc51B0x455
0x30d8	0x30c8B0x2adeB0x9b70xc45B0x455
0x30f5	0x30efB0x2686B0x2bd9B0x14f
0x30f5	0x30efB0x2686B0x2bd9B0x4ca
0x30f5	0x30efB0x2686B0x2bd9B0x520
0x30f5	0x30efB0x2686B0x2d13B0xff0
0x30f5	0x30efB0x2686B0x2d3aB0xff0
0x30f5	0x30efB0x2686B0x2cdbB0x15b3
0x30f5	0x30efB0x3191B0x2082B0x2363B0x171
0x30f5	0x30efB0x3191B0x2082B0x25b3B0x241
0x30f5	0x30efB0x3191B0x2082B0x238dB0x2d9
0x30f5	0x30efB0x3191B0x2082B0x239bB0x2d9
0x30f5	0x30efB0x3191B0x2082B0x23c9B0x32d
0x30f5	0x30efB0x3191B0x2082B0x25b3B0x36a
0x30f5	0x30efB0x3191B0x2082B0x23c9B0x3a7
0x30f5	0x30efB0x3191B0x2082B0x238dB0x498
0x30f5	0x30efB0x3191B0x2082B0x239bB0x498
0x30f5	0x30efB0x2686B0x2bd9B0x162fB0x4ec
0x30f5	0x30efB0x3191B0x2082B0x2575B0x542
0x30f5	0x30efB0x3191B0x2082B0x2408B0x272
0x30f5	0x30efB0x3191B0x2082B0x2427B0x272
0x30f5	0x30efB0x3191B0x2082B0x25b3B0x3d8
0x30f5	0x30efB0x3191B0x2082B0x20ecB0x2482B0x1d9
0x30f5	0x30efB0x3191B0x2082B0x20ecB0x2482B0x43f
0x30f5	0x30efB0x2686B0x2bf4B0x1d11B0x1a19
0x30f5	0x30efB0x2686B0x2c09B0x1d11B0x1a19
0x30f5	0x30efB0x2686B0x2c2bB0x1de4B0x1cb8
0x30f5	0x30efB0x3191B0x2082B0x2605B0x470
0x30f5	0x30efB0x3191B0x2082B0x22baB0x2655B0x470
0x3101	0x30f6B0x26f3B0x30b
0x3101	0x30f6B0x31a8B0x2220B0x24d3B0x1f83B0x1d32B0x1a19
0x3101	0x30f6B0x31a8B0x2220B0x24d3B0x1f83B0x1e03B0x1cb8
0x310b	0x3102B0x2711B0x2bad
0x310b	0x3102B0x2711B0x2bb9
0x310b	0x3102B0x2702B0x2c91B0x21f
0x310b	0x3102B0x2702B0x2c91B0x2b7
0x310b	0x3102B0x2702B0x2c91B0x41d
0x310b	0x3102B0x2702B0x2c91B0x172c
0x310b	0x3102B0x2702B0x2c91B0xde9
0x310b	0x3102B0x2702B0x2cf1B0xff0
0x310b	0x3102B0x2702B0x2d52B0x1099
0x310b	0x3102B0x2702B0x2d74B0x1099
0x310b	0x3102B0x2702B0x2d81B0x1099
0x310b	0x3102B0x2702B0x2cacB0x15b3
0x310b	0x3102B0x2702B0x2cc1B0x15b3
0x310b	0x3102B0x2702B0x2c91B0x1839
0x310b	0x3102B0x31bfB0x2235B0x22deB0x2655B0x470
0x310b	0x3102B0x31bfB0x2235B0x22f2B0x2655B0x470
0x3135	0x312cB0x2b6dB0x2f59B0x18c
0x3135	0x312cB0x2b6dB0x2f59B0x1b7
0x3135	0x312cB0x2b5eB0x2c54B0x1f4
0x3135	0x312cB0x2b6dB0x2f59B0x25c
0x3135	0x312cB0x2b6dB0x2f59B0x28c
0x3135	0x312cB0x2b6dB0x2f59B0x348
0x3135	0x312cB0x2b6dB0x2f59B0x385
0x3135	0x312cB0x2b6dB0x2f59B0x3c2
0x3135	0x312cB0x2b6dB0x2f59B0x3f2
0x3135	0x312cB0x2b5eB0x2c54B0x45a
0x3135	0x312cB0x2b6dB0x2f59B0x4f5
0x3135	0x312cB0x2b6dB0x2f59B0x55d
0x3135	0x312cB0x2b6dB0x2f74B0x719
0x3135	0x312cB0x2b6dB0x2f89B0x719
0x3135	0x312cB0x31d6B0x2327B0x253dB0xe96
0x3135	0x312cB0x2b6dB0x2d06B0xff0
0x3135	0x312cB0x2b6dB0x2d20B0xff0
0x3135	0x312cB0x2b6dB0x2d2dB0xff0
0x3135	0x312cB0x2b6dB0x2f74B0x1206
0x3135	0x312cB0x2b6dB0x2f89B0x1206
0x3135	0x312cB0x2b6dB0x2f59B0x12f0
0x3135	0x312cB0x2b6dB0x2cceB0x15b3
0x3135	0x312cB0x31d6B0x2327B0x253dB0x17d3
0x3135	0x312cB0x31d6B0x2327B0x253dB0x18e2
0x3135	0x312cB0x2b6dB0x2f59B0x19c9
0x3135	0x312cB0x2b6dB0x2f74B0xb670x39b
0x3135	0x312cB0x2b6dB0x2f89B0xb670x39b
0x3135	0x312cB0x2b6dB0x2f74B0x1bbf0x470
0x3135	0x312cB0x2b6dB0x2f89B0x1bbf0x470
0x3135	0x312cB0x31d6B0x2312B0x25a5B0x241
0x3135	0x312cB0x31d6B0x2312B0x25c4B0x241
0x3135	0x312cB0x31d6B0x2312B0x23d7B0x32d
0x3135	0x312cB0x31d6B0x2312B0x25a5B0x36a
0x3135	0x312cB0x31d6B0x2312B0x25c4B0x36a
0x3135	0x312cB0x31d6B0x2312B0x23d7B0x3a7
0x3135	0x312cB0x31d6B0x2327B0x253dB0x16b8B0x4ec
0x3135	0x312cB0x31d6B0x2312B0x2567B0x542
0x3135	0x312cB0x31d6B0x2312B0x2416B0x272
0x3135	0x312cB0x31d6B0x2312B0x2438B0x272
0x3135	0x312cB0x31d6B0x2312B0x25a5B0x3d8
0x3135	0x312cB0x31d6B0x2312B0x25c4B0x3d8
0x3135	0x312cB0x31d6B0x2312B0x21f2B0x24abB0x1d9
0x3135	0x312cB0x2b6dB0x2f74B0x1bbf0x95fB0x343
0x3135	0x312cB0x2b6dB0x2f89B0x1bbf0x95fB0x343
0x3135	0x312cB0x31d6B0x2312B0x21f2B0x24abB0x43f
0x3135	0x312cB0x2b6dB0x2c16B0x1d11B0x1a19
0x3135	0x312cB0x2b6dB0x2c40B0x1de4B0x1cb8
0x3135	0x312cB0x31d6B0x2312B0x25f7B0x470
0x3135	0x312cB0x31d6B0x2312B0x2616B0x470
0x3135	0x312cB0x31d6B0x2312B0x2627B0x470
0x3135	0x312cB0x2b6dB0x2f74B0xb670x5b7B0x1ef
0x3135	0x312cB0x2b6dB0x2f89B0xb670x5b7B0x1ef
0x3135	0x312cB0x2b6dB0x2f74B0x1bbf0xc45B0x455
0x3135	0x312cB0x2b6dB0x2f89B0x1bbf0xc45B0x455
0x3142	0x3136B0x2b7cB0x1099
0x3142	0x3136B0x31edB0x233cB0x22caB0x2655B0x470
0x3c51c	0x3c517B0x276eB0x1fe9
0x3c51c	0x3c517B0x228aB0x2516B0x157b
0x3c51c	0x3c517B0x273dB0x1ec8B0x1d32B0x1a19
0x3c51c	0x3c517B0x273dB0x1ec8B0x1e03B0x1cb8
0x3c5f8	0x3c5f3B0x276eB0x1fe9
0x3c5f8	0x3c5f3B0x228aB0x2516B0x157b
0x3c5f8	0x3c5f3B0x273dB0x1ec8B0x1d32B0x1a19
0x3c5f8	0x3c5f3B0x273dB0x1ec8B0x1e03B0x1cb8
0x2fbf	0x2fbcB0x2269B0x2516B0x157b
0x2fbf	0x2fbcB0x21bcB0x24abB0x1d9
0x2fbf	0x2fbcB0x20b6B0x2482B0x1d9
0x2fbf	0x2fbcB0x21bcB0x24abB0x43f
0x2fbf	0x2fbcB0x20b6B0x2482B0x43f
0x2fbf	0x2fbcB0x2139B0x2655B0x470
0x2fbf	0x2fbcB0x22b0B0x2655B0x470
0x2fc4	0x2fc0B0x2269B0x2516B0x157b
0x2fc4	0x2fc0B0x21bcB0x24abB0x1d9
0x2fc4	0x2fc0B0x20b6B0x2482B0x1d9
0x2fc4	0x2fc0B0x21bcB0x24abB0x43f
0x2fc4	0x2fc0B0x20b6B0x2482B0x43f
0x2fc4	0x2fc0B0x2139B0x2655B0x470
0x2fc4	0x2fc0B0x22b0B0x2655B0x470
0x30cd	0x30c8B0x2952B0xdaf
0x30cd	0x30c8B0x27d2B0xec2
0x30cd	0x30c8B0x28d2B0xf75
0x30cd	0x30c8B0x2792B0x1126
0x30cd	0x30c8B0x2992B0x11ab
0x30cd	0x30c8B0x29d2B0x1382
0x30cd	0x30c8B0x2892B0x17ff
0x30cd	0x30c8B0x29d2B0x1abd
0x30cd	0x30c8B0x2852B0x1c6c
0x30cd	0x30c8B0x2764B0x1fe9
0x30cd	0x30c8B0x2adeB0xadb0x39b
0x30cd	0x30c8B0x29d2B0x894B0x2ef
0x30cd	0x30c8B0x2adeB0x9b70x95fB0x343
0x30cd	0x30c8B0x2b1eB0x1e8eB0x1d32B0x1a19
0x30cd	0x30c8B0x2912B0x1f3eB0x1d32B0x1a19
0x30cd	0x30c8B0x2a78B0x1f9bB0x1d32B0x1a19
0x30cd	0x30c8B0x2b1eB0x1e8eB0x1e03B0x1cb8
0x30cd	0x30c8B0x2912B0x1f3eB0x1e03B0x1cb8
0x30cd	0x30c8B0x2a78B0x1f9bB0x1e03B0x1cb8
0x30cd	0x30c8B0x2a38B0x5c3B0x1ef
0x30cd	0x30c8B0x2adeB0xadb0x5b7B0x1ef
0x30cd	0x30c8B0x2a38B0xc51B0x455
0x30cd	0x30c8B0x2adeB0x9b70xc45B0x455
0x3156	0x314fB0x276eB0x1fe9
0x3156	0x314fB0x228aB0x2516B0x157b
0x3156	0x314fB0x273dB0x1ec8B0x1d32B0x1a19
0x3156	0x314fB0x273dB0x1ec8B0x1e03B0x1cb8
0x316f	0x316aB0x276eB0x1fe9
0x316f	0x316aB0x228aB0x2516B0x157b
0x316f	0x316aB0x273dB0x1ec8B0x1d32B0x1a19
0x316f	0x316aB0x273dB0x1ec8B0x1e03B0x1cb8
0x314f	0x314fB0x276eB0x1fe9
0x314f	0x314fB0x228aB0x2516B0x157b
0x314f	0x314fB0x273dB0x1ec8B0x1d32B0x1a19
0x314f	0x314fB0x273dB0x1ec8B0x1e03B0x1cb8
0x9	0x0
0x13	0xd
0x30	0x29
0x33	0x29
0x3b	0x34
0x3e	0x34
0x46	0x3f
0x49	0x3f
0x51	0x4a
0x54	0x4a
0x5c	0x55
0x5f	0x55
0x70	0x6f
0x77	0x6f
0x7a	0x6f
0x82	0x7b
0x85	0x7b
0x8d	0x86
0x90	0x86
0x98	0x91
0x9b	0x91
0xa3	0x9c
0xa6	0x9c
0xac	0xab
0xbe	0xb7
0xc1	0xb7
0xc9	0xc2
0xcc	0xc2
0xd4	0xcd
0xd7	0xcd
0xdf	0xd8
0xe2	0xd8
0xea	0xe3
0xed	0xe3
0xf5	0xee
0xf8	0xee
0xfe	0xfd
0x105	0xfd
0x108	0xfd
0x110	0x109
0x113	0x109
0x11b	0x114
0x11e	0x114
0x126	0x11f
0x129	0x11f
0x131	0x12a
0x134	0x12a
0x138	0x135
0x13c	0x13a
0x144	0x142
0x147	0x146
0x156	0x14f
0x157	0x14f
0x160	0x15c
0x161	0x15c
0x163	0x15c
0x167	0x165
0x16f	0x16d
0x172	0x171
0x178	0x171
0x17b	0x171
0x17d	0x171
0x181	0x171
0x182	0x171
0x193	0x18c
0x194	0x18c
0x19d	0x199
0x19e	0x199
0x1a0	0x199
0x1a4	0x1a2
0x1ac	0x1aa
0x1af	0x1ae
0x1be	0x1b7
0x1bf	0x1b7
0x1c8	0x1c4
0x1c9	0x1c4
0x1cb	0x1c4
0x1cf	0x1cd
0x1d7	0x1d5
0x1da	0x1d9
0x1e0	0x1d9
0x1e3	0x1d9
0x1e5	0x1d9
0x1e9	0x1d9
0x1ea	0x1d9
0x1fb	0x1f4
0x1fc	0x1f4
0x205	0x201
0x206	0x201
0x208	0x201
0x20c	0x20a
0x214	0x212
0x217	0x216
0x226	0x21f
0x227	0x21f
0x230	0x22c
0x231	0x22c
0x233	0x22c
0x237	0x235
0x23f	0x23d
0x242	0x241
0x248	0x241
0x24b	0x241
0x24d	0x241
0x251	0x241
0x252	0x241
0x263	0x25c
0x264	0x25c
0x26d	0x269
0x26e	0x269
0x270	0x269
0x278	0x272
0x27b	0x272
0x27d	0x272
0x281	0x272
0x282	0x272
0x293	0x28c
0x294	0x28c
0x29d	0x299
0x29e	0x299
0x2a0	0x299
0x2a4	0x2a2
0x2ac	0x2aa
0x2af	0x2ae
0x2be	0x2b7
0x2bf	0x2b7
0x2c8	0x2c4
0x2c9	0x2c4
0x2cb	0x2c4
0x2cf	0x2cd
0x2d7	0x2d5
0x2da	0x2d9
0x2e0	0x2d9
0x2e3	0x2d9
0x2e5	0x2d9
0x2e9	0x2d9
0x2ea	0x2d9
0x2f8	0x2f6
0x300	0x2fe
0x303	0x302
0x312	0x30b
0x313	0x30b
0x31c	0x318
0x31d	0x318
0x31f	0x318
0x323	0x321
0x32b	0x329
0x32e	0x32d
0x334	0x32d
0x337	0x32d
0x339	0x32d
0x33d	0x32d
0x33e	0x32d
0x34f	0x348
0x350	0x348
0x359	0x355
0x35a	0x355
0x35c	0x355
0x360	0x35e
0x368	0x366
0x36b	0x36a
0x371	0x36a
0x374	0x36a
0x376	0x36a
0x37a	0x36a
0x37b	0x36a
0x38c	0x385
0x38d	0x385
0x396	0x392
0x397	0x392
0x399	0x392
0x39d	0x39b
0x3a5	0x3a3
0x3a8	0x3a7
0x3ae	0x3a7
0x3b1	0x3a7
0x3b3	0x3a7
0x3b7	0x3a7
0x3b8	0x3a7
0x3c9	0x3c2
0x3ca	0x3c2
0x3d3	0x3cf
0x3d4	0x3cf
0x3d6	0x3cf
0x3de	0x3d8
0x3e1	0x3d8
0x3e3	0x3d8
0x3e7	0x3d8
0x3e8	0x3d8
0x3f9	0x3f2
0x3fa	0x3f2
0x403	0x3ff
0x404	0x3ff
0x406	0x3ff
0x40a	0x408
0x412	0x410
0x415	0x414
0x424	0x41d
0x425	0x41d
0x42e	0x42a
0x42f	0x42a
0x431	0x42a
0x435	0x433
0x43d	0x43b
0x440	0x43f
0x446	0x43f
0x449	0x43f
0x44b	0x43f
0x44f	0x43f
0x450	0x43f
0x461	0x45a
0x462	0x45a
0x46b	0x467
0x46c	0x467
0x46e	0x467
0x476	0x470
0x479	0x470
0x47b	0x470
0x47f	0x470
0x480	0x470
0x48e	0x48c
0x496	0x494
0x499	0x498
0x49f	0x498
0x4a2	0x498
0x4a4	0x498
0x4a8	0x498
0x4a9	0x498
0x4b7	0x4b5
0x4bf	0x4bd
0x4c2	0x4c1
0x4d1	0x4ca
0x4d2	0x4ca
0x4db	0x4d7
0x4dc	0x4d7
0x4de	0x4d7
0x4e2	0x4e0
0x4ea	0x4e8
0x4ed	0x4ec
0x4fc	0x4f5
0x4fd	0x4f5
0x506	0x502
0x507	0x502
0x509	0x502
0x50d	0x50b
0x515	0x513
0x518	0x517
0x527	0x520
0x528	0x520
0x531	0x52d
0x532	0x52d
0x534	0x52d
0x538	0x536
0x540	0x53e
0x543	0x542
0x549	0x542
0x54c	0x542
0x54e	0x542
0x552	0x542
0x553	0x542
0x564	0x55d
0x565	0x55d
0x56e	0x56a
0x56f	0x56a
0x571	0x56a
0x578	0x573
0x57a	0x573
0x57f	0x573
0x597	0x573
0x59f	0x599
0x5aa	0x599
0x5ab	0x599
0x5ac	0x599
0x5ad	0x599
0x5af	0x599
0x5b5	0x5b1
0x5ba	0x5b7B0x1ef
0x5bc	0x5b7B0x1ef
0x5e7	0x5c3B0x1ef
0x5ef	0x5c3B0x1ef
0x5f8	0x5f4B0x1ef
0x5f9	0x5f4B0x1ef
0x5fb	0x5f4B0x1ef
0x5fe	0x5fdB0x1ef
0x609	0x5fdB0x1ef
0x60b	0x5fdB0x1ef
0x613	0x611B0x1ef
0x616	0x615B0x1ef
0x61a	0x615B0x1ef
0x61b	0x615B0x1ef
0x61c	0x615B0x1ef
0x61e	0x615B0x1ef
0x625	0x615B0x1ef
0x62a	0x615B0x1ef
0x636	0x630B0x1ef
0x638	0x630B0x1ef
0x63a	0x630B0x1ef
0x63c	0x630B0x1ef
0x63d	0x630B0x1ef
0x63f	0x630B0x1ef
0x640	0x630B0x1ef
0x641	0x630B0x1ef
0x642	0x630B0x1ef
0x643	0x630B0x1ef
0x645	0x644B0x1ef
0x646	0x644B0x1ef
0x647	0x644B0x1ef
0x64b	0x64aB0x1ef
0x64d	0x64aB0x1ef
0x657	0x654B0x1ef
0x658	0x654B0x1ef
0x659	0x654B0x1ef
0x65b	0x654B0x1ef
0x66b	0x662B0x1ef
0x66c	0x662B0x1ef
0x66d	0x662B0x1ef
0x66f	0x662B0x1ef
0x684	0x683B0x1ef
0x685	0x683B0x1ef
0x686	0x683B0x1ef
0x688	0x683B0x1ef
0x697	0x68fB0x1ef
0x698	0x68fB0x1ef
0x69a	0x68fB0x1ef
0x69b	0x68fB0x1ef
0x69c	0x68fB0x1ef
0x69d	0x68fB0x1ef
0x6a1	0x68fB0x1ef
0x6a2	0x68fB0x1ef
0x6a3	0x68fB0x1ef
0x6a9	0x6a8B0x1ef
0x6aa	0x6a8B0x1ef
0x6ab	0x6a8B0x1ef
0x6ac	0x6a8B0x1ef
0x6ad	0x6a8B0x1ef
0x6d1	0x6af
0x6d9	0x6d3
0x6e5	0x6d3
0x6f1	0x6d3
0x6fc	0x6d3
0x6fd	0x6d3
0x6fe	0x6d3
0x6ff	0x6d3
0x700	0x6d3
0x701	0x6d3
0x703	0x6d3
0x713	0x70f
0x714	0x70f
0x71e	0x719
0x71f	0x719
0x724	0x719
0x725	0x719
0x72f	0x719
0x75c	0x719
0x761	0x719
0x762	0x719
0x76c	0x719
0x76e	0x719
0x76f	0x719
0x770	0x719
0x771	0x719
0x775	0x719
0x776	0x719
0x777	0x719
0x779	0x719
0x77a	0x719
0x77b	0x719
0x780	0x719
0x781	0x719
0x786	0x719
0x787	0x719
0x791	0x719
0x7be	0x719
0x7c3	0x719
0x7c4	0x719
0x7ce	0x719
0x7cf	0x719
0x7d4	0x719
0x7d5	0x719
0x7dd	0x719
0x7de	0x719
0x7e0	0x719
0x7e1	0x719
0x7f8	0x719
0x7f9	0x719
0x831	0x719
0x832	0x719
0x839	0x719
0x83a	0x719
0x83b	0x719
0x844	0x840
0x845	0x840
0x847	0x840
0x849	0x840
0x84a	0x840
0x84b	0x840
0x84c	0x840
0x84d	0x840
0x84e	0x840
0x856	0x850
0x857	0x850
0x858	0x850
0x85f	0x85aB0x2ef
0x861	0x85aB0x2ef
0x866	0x85aB0x2ef
0x86b	0x85aB0x2ef
0x87a	0x879B0x2ef
0x882	0x87fB0x2ef
0x884	0x87fB0x2ef
0x889	0x87fB0x2ef
0x8b8	0x894B0x2ef
0x8c0	0x894B0x2ef
0x8c9	0x8c5B0x2ef
0x8ca	0x8c5B0x2ef
0x8cc	0x8c5B0x2ef
0x8d1	0x8ceB0x2ef
0x8d4	0x8ceB0x2ef
0x8d6	0x8ceB0x2ef
0x8db	0x8ceB0x2ef
0x8e1	0x8ceB0x2ef
0x8e2	0x8ceB0x2ef
0x8e3	0x8ceB0x2ef
0x8f3	0x8e9B0x2ef
0x8f5	0x8e9B0x2ef
0x8fb	0x8e9B0x2ef
0x901	0x8e9B0x2ef
0x903	0x8e9B0x2ef
0x908	0x8e9B0x2ef
0x90d	0x8e9B0x2ef
0x90f	0x8e9B0x2ef
0x915	0x8e9B0x2ef
0x916	0x8e9B0x2ef
0x91b	0x8e9B0x2ef
0x91d	0x8e9B0x2ef
0x92a	0x926B0x2ef
0x92b	0x926B0x2ef
0x931	0x930B0x2ef
0x939	0x937B0x2ef
0x940	0x937B0x2ef
0x942	0x937B0x2ef
0x948	0x937B0x2ef
0x949	0x937B0x2ef
0x94e	0x937B0x2ef
0x950	0x937B0x2ef
0x95b	0x956
0x95c	0x956
0x95d	0x956
0x966	0x95fB0x343
0x966	0x95f0xc45B0x455
0x968	0x95fB0x343
0x968	0x95f0xc45B0x455
0x96d	0x95fB0x343
0x96d	0x95f0xc45B0x455
0x9b7	0x9b70x95fB0x343
0x9b7	0x9b70xc45B0x455
0x9b9	0x9b70x95fB0x343
0x9b9	0x9b70xc45B0x455
0x9ba	0x9b70x95fB0x343
0x9ba	0x9b70xc45B0x455
0x9db	0x9b70x95fB0x343
0x9db	0x9b70xc45B0x455
0x9dc	0x9b70x95fB0x343
0x9dc	0x9b70xc45B0x455
0x9dd	0x9b70x95fB0x343
0x9dd	0x9b70xc45B0x455
0x9df	0x9b70x95fB0x343
0x9df	0x9b70xc45B0x455
0x9e0	0x9b70x95fB0x343
0x9e0	0x9b70xc45B0x455
0x9e3	0x9b70x95fB0x343
0x9e3	0x9b70xc45B0x455
0x9e4	0x9b70x95fB0x343
0x9e4	0x9b70xc45B0x455
0x9e7	0x9b70x95fB0x343
0x9e7	0x9b70xc45B0x455
0x9e9	0x9e80x95fB0x343
0x9e9	0x9e80xc45B0x455
0x9eb	0x9e80x95fB0x343
0x9eb	0x9e80xc45B0x455
0x9ec	0x9e80x95fB0x343
0x9ec	0x9e80xc45B0x455
0x9ed	0x9e80x95fB0x343
0x9ed	0x9e80xc45B0x455
0x9ee	0x9e80x95fB0x343
0x9ee	0x9e80xc45B0x455
0x9ef	0x9e80x95fB0x343
0x9ef	0x9e80xc45B0x455
0x9f0	0x9e80x95fB0x343
0x9f0	0x9e80xc45B0x455
0x9f2	0x9f10x95fB0x343
0x9f2	0x9f10xc45B0x455
0x9f4	0x9f10x95fB0x343
0x9f4	0x9f10xc45B0x455
0x9f6	0x9f10x95fB0x343
0x9f6	0x9f10xc45B0x455
0x9f7	0x9f10x95fB0x343
0x9f7	0x9f10xc45B0x455
0xa0c	0x9f10x95fB0x343
0xa0c	0x9f10xc45B0x455
0xa0d	0x9f10x95fB0x343
0xa0d	0x9f10xc45B0x455
0xa22	0x9f10x95fB0x343
0xa22	0x9f10xc45B0x455
0xa23	0x9f10x95fB0x343
0xa23	0x9f10xc45B0x455
0xa24	0x9f10x95fB0x343
0xa24	0x9f10xc45B0x455
0xa25	0x9f10x95fB0x343
0xa25	0x9f10xc45B0x455
0xa27	0x9f10x95fB0x343
0xa27	0x9f10xc45B0x455
0xa28	0x9f10x95fB0x343
0xa28	0x9f10xc45B0x455
0xa29	0x9f10x95fB0x343
0xa29	0x9f10xc45B0x455
0xa2a	0x9f10x95fB0x343
0xa2a	0x9f10xc45B0x455
0xa2b	0x9f10x95fB0x343
0xa2b	0x9f10xc45B0x455
0xa2d	0x9f10x95fB0x343
0xa2d	0x9f10xc45B0x455
0xa2e	0x9f10x95fB0x343
0xa2e	0x9f10xc45B0x455
0xa30	0x9f10x95fB0x343
0xa30	0x9f10xc45B0x455
0xa31	0x9f10x95fB0x343
0xa31	0x9f10xc45B0x455
0xa32	0x9f10x95fB0x343
0xa32	0x9f10xc45B0x455
0xa33	0x9f10x95fB0x343
0xa33	0x9f10xc45B0x455
0xa34	0x9f10x95fB0x343
0xa34	0x9f10xc45B0x455
0xa35	0x9f10x95fB0x343
0xa35	0x9f10xc45B0x455
0xa36	0x9f10x95fB0x343
0xa36	0x9f10xc45B0x455
0xa37	0x9f10x95fB0x343
0xa37	0x9f10xc45B0x455
0xa38	0x9f10x95fB0x343
0xa38	0x9f10xc45B0x455
0xa3b	0x9f10x95fB0x343
0xa3b	0x9f10xc45B0x455
0xa3c	0xa3c0x95fB0x343
0xa3c	0xa3c0xc45B0x455
0xa3d	0xa3c0x95fB0x343
0xa3d	0xa3c0xc45B0x455
0xa3e	0xa3c0x95fB0x343
0xa3e	0xa3c0xc45B0x455
0xa40	0xa3f0x95fB0x343
0xa40	0xa3f0xc45B0x455
0xa43	0xa3f0x95fB0x343
0xa43	0xa3f0xc45B0x455
0xa44	0xa3f0x95fB0x343
0xa44	0xa3f0xc45B0x455
0xa45	0xa3f0x95fB0x343
0xa45	0xa3f0xc45B0x455
0xa48	0xa3f0x95fB0x343
0xa48	0xa3f0xc45B0x455
0xa4a	0xa490x95fB0x343
0xa4a	0xa490xc45B0x455
0xa4b	0xa490x95fB0x343
0xa4b	0xa490xc45B0x455
0xa4c	0xa490x95fB0x343
0xa4c	0xa490xc45B0x455
0xa4d	0xa490x95fB0x343
0xa4d	0xa490xc45B0x455
0xa4e	0xa490x95fB0x343
0xa4e	0xa490xc45B0x455
0xa4f	0xa490x95fB0x343
0xa4f	0xa490xc45B0x455
0xa50	0xa490x95fB0x343
0xa50	0xa490xc45B0x455
0xa57	0xa51
0xa63	0xa51
0xa6f	0xa51
0xa7a	0xa51
0xa7b	0xa51
0xa7c	0xa51
0xa7d	0xa51
0xa7e	0xa51
0xa7f	0xa51
0xa81	0xa51
0xa84	0xa830x39b
0xa84	0xa830x5b7B0x1ef
0xa86	0xa830x39b
0xa86	0xa830x5b7B0x1ef
0xa88	0xa830x39b
0xa88	0xa830x5b7B0x1ef
0xa8a	0xa830x39b
0xa8a	0xa830x5b7B0x1ef
0xa8b	0xa830x39b
0xa8b	0xa830x5b7B0x1ef
0xa8c	0xa830x39b
0xa8c	0xa830x5b7B0x1ef
0xa8d	0xa830x39b
0xa8d	0xa830x5b7B0x1ef
0xa90	0xa830x39b
0xa90	0xa830x5b7B0x1ef
0xa91	0xa830x39b
0xa91	0xa830x5b7B0x1ef
0xa92	0xa830x39b
0xa92	0xa830x5b7B0x1ef
0xa93	0xa830x39b
0xa93	0xa830x5b7B0x1ef
0xaa8	0xa830x39b
0xaa8	0xa830x5b7B0x1ef
0xaa9	0xa830x39b
0xaa9	0xa830x5b7B0x1ef
0xabe	0xa830x39b
0xabe	0xa830x5b7B0x1ef
0xabf	0xa830x39b
0xabf	0xa830x5b7B0x1ef
0xac0	0xa830x39b
0xac0	0xa830x5b7B0x1ef
0xad5	0xa830x39b
0xad5	0xa830x5b7B0x1ef
0xad6	0xa830x39b
0xad6	0xa830x5b7B0x1ef
0xad7	0xa830x39b
0xad7	0xa830x5b7B0x1ef
0xada	0xa830x39b
0xada	0xa830x5b7B0x1ef
0xadb	0xadb0x39b
0xadb	0xadb0x5b7B0x1ef
0xadd	0xadb0x39b
0xadd	0xadb0x5b7B0x1ef
0xade	0xadb0x39b
0xade	0xadb0x5b7B0x1ef
0xaff	0xadb0x39b
0xaff	0xadb0x5b7B0x1ef
0xb00	0xadb0x39b
0xb00	0xadb0x5b7B0x1ef
0xb01	0xadb0x39b
0xb01	0xadb0x5b7B0x1ef
0xb03	0xadb0x39b
0xb03	0xadb0x5b7B0x1ef
0xb04	0xadb0x39b
0xb04	0xadb0x5b7B0x1ef
0xb07	0xadb0x39b
0xb07	0xadb0x5b7B0x1ef
0xb08	0xadb0x39b
0xb08	0xadb0x5b7B0x1ef
0xb0b	0xadb0x39b
0xb0b	0xadb0x5b7B0x1ef
0xb0d	0xb0c0x39b
0xb0d	0xb0c0x5b7B0x1ef
0xb0f	0xb0c0x39b
0xb0f	0xb0c0x5b7B0x1ef
0xb10	0xb0c0x39b
0xb10	0xb0c0x5b7B0x1ef
0xb11	0xb0c0x39b
0xb11	0xb0c0x5b7B0x1ef
0xb12	0xb0c0x39b
0xb12	0xb0c0x5b7B0x1ef
0xb13	0xb0c0x39b
0xb13	0xb0c0x5b7B0x1ef
0xb14	0xb0c0x39b
0xb14	0xb0c0x5b7B0x1ef
0xb16	0xb150x39b
0xb16	0xb150x5b7B0x1ef
0xb19	0xb150x39b
0xb19	0xb150x5b7B0x1ef
0xb1a	0xb150x39b
0xb1a	0xb150x5b7B0x1ef
0xb1c	0xb150x39b
0xb1c	0xb150x5b7B0x1ef
0xb1e	0xb150x39b
0xb1e	0xb150x5b7B0x1ef
0xb1f	0xb150x39b
0xb1f	0xb150x5b7B0x1ef
0xb34	0xb150x39b
0xb34	0xb150x5b7B0x1ef
0xb35	0xb150x39b
0xb35	0xb150x5b7B0x1ef
0xb4a	0xb150x39b
0xb4a	0xb150x5b7B0x1ef
0xb4b	0xb150x39b
0xb4b	0xb150x5b7B0x1ef
0xb4c	0xb150x39b
0xb4c	0xb150x5b7B0x1ef
0xb4d	0xb150x39b
0xb4d	0xb150x5b7B0x1ef
0xb4f	0xb150x39b
0xb4f	0xb150x5b7B0x1ef
0xb50	0xb150x39b
0xb50	0xb150x5b7B0x1ef
0xb51	0xb150x39b
0xb51	0xb150x5b7B0x1ef
0xb52	0xb150x39b
0xb52	0xb150x5b7B0x1ef
0xb53	0xb150x39b
0xb53	0xb150x5b7B0x1ef
0xb55	0xb150x39b
0xb55	0xb150x5b7B0x1ef
0xb56	0xb150x39b
0xb56	0xb150x5b7B0x1ef
0xb58	0xb150x39b
0xb58	0xb150x5b7B0x1ef
0xb59	0xb150x39b
0xb59	0xb150x5b7B0x1ef
0xb5a	0xb150x39b
0xb5a	0xb150x5b7B0x1ef
0xb5d	0xb150x39b
0xb5d	0xb150x5b7B0x1ef
0xb5e	0xb150x39b
0xb5e	0xb150x5b7B0x1ef
0xb5f	0xb150x39b
0xb5f	0xb150x5b7B0x1ef
0xb60	0xb150x39b
0xb60	0xb150x5b7B0x1ef
0xb65	0xb150x39b
0xb65	0xb150x5b7B0x1ef
0xb66	0xb150x39b
0xb66	0xb150x5b7B0x1ef
0xb68	0xb670x39b
0xb68	0xb670x5b7B0x1ef
0xb69	0xb670x39b
0xb69	0xb670x5b7B0x1ef
0xb6a	0xb670x39b
0xb6a	0xb670x5b7B0x1ef
0xb6b	0xb670x39b
0xb6b	0xb670x5b7B0x1ef
0xb6d	0xb670x39b
0xb6d	0xb670x5b7B0x1ef
0xb6f	0xb670x39b
0xb6f	0xb670x5b7B0x1ef
0xb70	0xb670x39b
0xb70	0xb670x5b7B0x1ef
0xb85	0xb670x39b
0xb85	0xb670x5b7B0x1ef
0xb86	0xb670x39b
0xb86	0xb670x5b7B0x1ef
0xb9b	0xb670x39b
0xb9b	0xb670x5b7B0x1ef
0xb9c	0xb670x39b
0xb9c	0xb670x5b7B0x1ef
0xb9d	0xb670x39b
0xb9d	0xb670x5b7B0x1ef
0xb9e	0xb670x39b
0xb9e	0xb670x5b7B0x1ef
0xba0	0xb670x39b
0xba0	0xb670x5b7B0x1ef
0xba1	0xb670x39b
0xba1	0xb670x5b7B0x1ef
0xba2	0xb670x39b
0xba2	0xb670x5b7B0x1ef
0xba3	0xb670x39b
0xba3	0xb670x5b7B0x1ef
0xba4	0xb670x39b
0xba4	0xb670x5b7B0x1ef
0xba6	0xb670x39b
0xba6	0xb670x5b7B0x1ef
0xba7	0xb670x39b
0xba7	0xb670x5b7B0x1ef
0xba9	0xb670x39b
0xba9	0xb670x5b7B0x1ef
0xbaa	0xb670x39b
0xbaa	0xb670x5b7B0x1ef
0xbab	0xb670x39b
0xbab	0xb670x5b7B0x1ef
0xbac	0xb670x39b
0xbac	0xb670x5b7B0x1ef
0xbad	0xb670x39b
0xbad	0xb670x5b7B0x1ef
0xbae	0xb670x39b
0xbae	0xb670x5b7B0x1ef
0xbaf	0xb670x39b
0xbaf	0xb670x5b7B0x1ef
0xbc4	0xb670x39b
0xbc4	0xb670x5b7B0x1ef
0xbc5	0xb670x39b
0xbc5	0xb670x5b7B0x1ef
0xbe6	0xb670x39b
0xbe6	0xb670x5b7B0x1ef
0xbe7	0xb670x39b
0xbe7	0xb670x5b7B0x1ef
0xbe8	0xb670x39b
0xbe8	0xb670x5b7B0x1ef
0xbea	0xb670x39b
0xbea	0xb670x5b7B0x1ef
0xbeb	0xb670x39b
0xbeb	0xb670x5b7B0x1ef
0xbee	0xb670x39b
0xbee	0xb670x5b7B0x1ef
0xbef	0xb670x39b
0xbef	0xb670x5b7B0x1ef
0xbf0	0xb670x39b
0xbf0	0xb670x5b7B0x1ef
0xbf1	0xb670x39b
0xbf1	0xb670x5b7B0x1ef
0xbf4	0xb670x39b
0xbf4	0xb670x5b7B0x1ef
0xbf6	0xbf50x39b
0xbf6	0xbf50x5b7B0x1ef
0xbf8	0xbf50x39b
0xbf8	0xbf50x5b7B0x1ef
0xbf9	0xbf50x39b
0xbf9	0xbf50x5b7B0x1ef
0xbfa	0xbf50x39b
0xbfa	0xbf50x5b7B0x1ef
0xbfb	0xbf50x39b
0xbfb	0xbf50x5b7B0x1ef
0xbfc	0xbf50x39b
0xbfc	0xbf50x5b7B0x1ef
0xbfd	0xbf50x39b
0xbfd	0xbf50x5b7B0x1ef
0xbfe	0xbf50x39b
0xbfe	0xbf50x5b7B0x1ef
0xbff	0xbf50x39b
0xbff	0xbf50x5b7B0x1ef
0xc00	0xbf50x39b
0xc00	0xbf50x5b7B0x1ef
0xc01	0xbf50x39b
0xc01	0xbf50x5b7B0x1ef
0xc02	0xbf50x39b
0xc02	0xbf50x5b7B0x1ef
0xc11	0xc10B0x3ed
0xc12	0xc10B0x3ed
0xc13	0xc10B0x3ed
0xc19	0xc18B0x3ed
0xc1a	0xc18B0x3ed
0xc1b	0xc18B0x3ed
0xc1c	0xc18B0x3ed
0xc1d	0xc18B0x3ed
0xc1e	0xc18B0x3ed
0xc1f	0xc18B0x3ed
0xc43	0xc21
0xc48	0xc45B0x455
0xc4a	0xc45B0x455
0xc75	0xc51B0x455
0xc7d	0xc51B0x455
0xc86	0xc82B0x455
0xc87	0xc82B0x455
0xc89	0xc82B0x455
0xc8c	0xc8bB0x455
0xc97	0xc8bB0x455
0xc99	0xc8bB0x455
0xca1	0xc9fB0x455
0xca4	0xca3B0x455
0xca8	0xca3B0x455
0xca9	0xca3B0x455
0xcaa	0xca3B0x455
0xcac	0xca3B0x455
0xcb3	0xca3B0x455
0xcb8	0xca3B0x455
0xcc4	0xcbeB0x455
0xcc6	0xcbeB0x455
0xcc8	0xcbeB0x455
0xcca	0xcbeB0x455
0xccb	0xcbeB0x455
0xccd	0xcbeB0x455
0xcce	0xcbeB0x455
0xccf	0xcbeB0x455
0xcd0	0xcbeB0x455
0xcd1	0xcbeB0x455
0xcd3	0xcd2B0x455
0xcd4	0xcd2B0x455
0xcd5	0xcd2B0x455
0xcd9	0xcd8B0x455
0xcdb	0xcd8B0x455
0xce5	0xce2B0x455
0xce6	0xce2B0x455
0xce7	0xce2B0x455
0xce9	0xce2B0x455
0xcf9	0xcf0B0x455
0xcfa	0xcf0B0x455
0xcfb	0xcf0B0x455
0xcfd	0xcf0B0x455
0xd12	0xd11B0x455
0xd13	0xd11B0x455
0xd14	0xd11B0x455
0xd16	0xd11B0x455
0xd25	0xd1dB0x455
0xd26	0xd1dB0x455
0xd28	0xd1dB0x455
0xd29	0xd1dB0x455
0xd2a	0xd1dB0x455
0xd2b	0xd1dB0x455
0xd2f	0xd1dB0x455
0xd30	0xd1dB0x455
0xd31	0xd1dB0x455
0xd37	0xd36B0x455
0xd38	0xd36B0x455
0xd39	0xd36B0x455
0xd3a	0xd36B0x455
0xd3b	0xd36B0x455
0xd4c	0xd45
0xd4d	0xd45
0xd52	0xd45
0xd53	0xd45
0xd5d	0xd45
0xd8a	0xd45
0xd8f	0xd45
0xd90	0xd45
0xd9a	0xd45
0xd9b	0xd45
0xda0	0xd45
0xda1	0xd45
0xdd3	0xdaf
0xddb	0xdaf
0xde4	0xde0
0xde5	0xde0
0xde7	0xde0
0xdec	0xde9
0xdee	0xde9
0xdef	0xde9
0xdf4	0xde9
0xdf6	0xde9
0xdfb	0xde9
0xe52	0xde9
0xe5c	0xde9
0xe64	0xde9
0xe65	0xde9
0xe70	0xe6a
0xe71	0xe6a
0xe73	0xe6a
0xe74	0xe6a
0xe75	0xe6a
0xe78	0xe6a
0xe80	0xe7e
0xe83	0xe82
0xe87	0xe82
0xe90	0xe8d
0xe97	0xe96
0xe98	0xe96
0xe99	0xe96
0xe9a	0xe96
0xea4	0xe96
0xea7	0xe96
0xea9	0xe96
0xead	0xe96
0xeae	0xe96
0xeb0	0xe96
0xeb4	0xe96
0xeb5	0xe96
0xebb	0xeba
0xee6	0xec2
0xeee	0xec2
0xef7	0xef3
0xef8	0xef3
0xefa	0xef3
0xf00	0xeff
0xf01	0xeff
0xf0b	0xf0a
0xf0c	0xf0a
0xf14	0xf13
0xf15	0xf13
0xf17	0xf13
0xf41	0xf1e
0xf42	0xf1e
0xf43	0xf1e
0xf45	0xf1e
0xf99	0xf75
0xfa1	0xf75
0xfaa	0xfa6
0xfab	0xfa6
0xfad	0xfa6
0xfb0	0xfaf
0xfb1	0xfaf
0xfb5	0xfaf
0xfb6	0xfaf
0xfb7	0xfaf
0xfbd	0xfbc
0xfe1	0xfbc
0xfe2	0xfbc
0xfe3	0xfbc
0xfe4	0xfbc
0xfe5	0xfbc
0xfe6	0xfbc
0xfe7	0xfbc
0xfe9	0xfbc
0x1006	0xff0
0x1007	0xff0
0x1008	0xff0
0x1009	0xff0
0x100a	0xff0
0x100b	0xff0
0x100c	0xff0
0x1017	0x1011
0x1018	0x1011
0x101b	0x1011
0x101d	0x1011
0x1021	0x1011
0x1023	0x1011
0x1028	0x1011
0x1029	0x1011
0x102f	0x1011
0x1039	0x1011
0x103a	0x1011
0x103b	0x1011
0x1046	0x1040
0x1047	0x1040
0x104a	0x1040
0x104c	0x1040
0x1050	0x1040
0x1052	0x1040
0x1057	0x1040
0x1058	0x1040
0x105d	0x1040
0x105e	0x1040
0x105f	0x1040
0x1060	0x1040
0x1062	0x1040
0x1076	0x1069
0x1077	0x1069
0x1078	0x1069
0x107a	0x1069
0x108e	0x1081
0x108f	0x1081
0x1090	0x1081
0x1092	0x1081
0x10ab	0x1099
0x10b9	0x1099
0x10ba	0x1099
0x10bb	0x1099
0x10bc	0x1099
0x10bd	0x1099
0x10ca	0x10c2
0x10cc	0x10c2
0x10cd	0x10c2
0x10ce	0x10c2
0x10d0	0x10c2
0x10d1	0x10c2
0x10d5	0x10c2
0x10de	0x10db
0x10e5	0x10e4
0x10e6	0x10e4
0x10e7	0x10e4
0x10ef	0x10e4
0x10f0	0x10e4
0x1109	0x10e4
0x114a	0x1126
0x1152	0x1126
0x115b	0x1157
0x115c	0x1157
0x115e	0x1157
0x1161	0x1160
0x1162	0x1160
0x1163	0x1160
0x1165	0x1160
0x118f	0x116c
0x11cf	0x11ab
0x11d7	0x11ab
0x11e0	0x11dc
0x11e1	0x11dc
0x11e3	0x11dc
0x11e9	0x11e5
0x11ea	0x11e5
0x11eb	0x11e5
0x11ed	0x11e5
0x1201	0x11f4
0x1207	0x1206
0x1208	0x1206
0x121f	0x1206
0x1220	0x1206
0x1258	0x1206
0x1259	0x1206
0x1260	0x1206
0x1261	0x1206
0x1262	0x1206
0x126b	0x1267
0x126c	0x1267
0x126e	0x1267
0x1270	0x1267
0x1271	0x1267
0x1272	0x1267
0x1273	0x1267
0x1274	0x1267
0x1278	0x1267
0x1279	0x1267
0x127a	0x1267
0x1280	0x127f
0x1281	0x127f
0x1286	0x127f
0x1287	0x127f
0x128c	0x127f
0x128d	0x127f
0x1297	0x127f
0x12c4	0x127f
0x12c9	0x127f
0x12ca	0x127f
0x12d4	0x127f
0x12d5	0x127f
0x12da	0x127f
0x12db	0x127f
0x12e3	0x127f
0x12e4	0x127f
0x12e6	0x127f
0x12ea	0x127f
0x12eb	0x127f
0x12f1	0x12f0
0x12f2	0x12f0
0x1309	0x12f0
0x132b	0x12f0
0x1332	0x12f0
0x1333	0x12f0
0x133c	0x1338
0x133d	0x1338
0x133f	0x1338
0x1341	0x1338
0x1342	0x1338
0x1343	0x1338
0x1344	0x1338
0x1345	0x1338
0x1346	0x1338
0x134d	0x1348
0x134f	0x1348
0x1354	0x1348
0x1359	0x1348
0x1368	0x1367
0x1370	0x136d
0x1372	0x136d
0x1377	0x136d
0x13a6	0x1382
0x13ae	0x1382
0x13b7	0x13b3
0x13b8	0x13b3
0x13ba	0x13b3
0x13bf	0x13bc
0x13c2	0x13bc
0x13c4	0x13bc
0x13c9	0x13bc
0x13cf	0x13bc
0x13d0	0x13bc
0x13d1	0x13bc
0x13e1	0x13d7
0x13e3	0x13d7
0x13e9	0x13d7
0x13ea	0x13d7
0x13ef	0x13d7
0x13f1	0x13d7
0x13f6	0x13d7
0x13fb	0x13d7
0x13fd	0x13d7
0x1403	0x13d7
0x1404	0x13d7
0x1409	0x13d7
0x140b	0x13d7
0x140d	0x140c
0x1416	0x140c
0x1418	0x140c
0x1431	0x140c
0x1432	0x140c
0x144b	0x140c
0x144d	0x140c
0x1458	0x1455
0x1459	0x1455
0x145b	0x1455
0x145c	0x1455
0x1465	0x1455
0x1467	0x1455
0x1480	0x1455
0x1481	0x1455
0x149a	0x1455
0x149c	0x1455
0x14a7	0x1455
0x14a9	0x1455
0x14c2	0x1455
0x14c3	0x1455
0x14dc	0x1455
0x14de	0x1455
0x1504	0x1455
0x1506	0x1455
0x150b	0x1455
0x1541	0x1455
0x154b	0x1455
0x1555	0x1455
0x1556	0x1455
0x1558	0x1455
0x1559	0x1455
0x155a	0x1455
0x155d	0x1455
0x1565	0x1563
0x1568	0x1567
0x156c	0x1567
0x1575	0x1572
0x157c	0x157b
0x157d	0x157b
0x157e	0x157b
0x157f	0x157b
0x1586	0x157b
0x158e	0x157b
0x1591	0x157b
0x1593	0x157b
0x1597	0x157b
0x1598	0x157b
0x159a	0x157b
0x159e	0x157b
0x159f	0x157b
0x15a5	0x15a4
0x15a7	0x15a4
0x15be	0x15b3
0x15bf	0x15b3
0x15c0	0x15b3
0x15c1	0x15b3
0x15c2	0x15b3
0x15cd	0x15c7
0x15ce	0x15c7
0x15d1	0x15c7
0x15d3	0x15c7
0x15d7	0x15c7
0x15d9	0x15c7
0x15e0	0x15c7
0x15e1	0x15c7
0x15e3	0x15c7
0x15e4	0x15c7
0x15ec	0x15ea
0x15f3	0x15ea
0x15f5	0x15ea
0x15fb	0x15ea
0x15fc	0x15ea
0x1601	0x15ea
0x1603	0x15ea
0x160e	0x1609
0x1610	0x1609
0x1615	0x1609
0x162d	0x1609
0x1636	0x162fB0x4ec
0x1638	0x162fB0x4ec
0x163d	0x162fB0x4ec
0x1674	0x162fB0x4ec
0x167e	0x162fB0x4ec
0x1686	0x162fB0x4ec
0x1687	0x162fB0x4ec
0x1692	0x168cB0x4ec
0x1693	0x168cB0x4ec
0x1695	0x168cB0x4ec
0x1696	0x168cB0x4ec
0x1697	0x168cB0x4ec
0x169a	0x168cB0x4ec
0x16a2	0x16a0B0x4ec
0x16a5	0x16a4B0x4ec
0x16a9	0x16a4B0x4ec
0x16b2	0x16afB0x4ec
0x16b9	0x16b8B0x4ec
0x16ba	0x16b8B0x4ec
0x16bb	0x16b8B0x4ec
0x16bc	0x16b8B0x4ec
0x16c6	0x16b8B0x4ec
0x16c9	0x16b8B0x4ec
0x16cb	0x16b8B0x4ec
0x16cf	0x16b8B0x4ec
0x16d0	0x16b8B0x4ec
0x16d2	0x16b8B0x4ec
0x16d6	0x16b8B0x4ec
0x16d7	0x16b8B0x4ec
0x16dd	0x16dcB0x4ec
0x16de	0x16dcB0x4ec
0x16df	0x16dcB0x4ec
0x16e6	0x16e1
0x16e8	0x16e1
0x16ed	0x16e1
0x1705	0x16e1
0x170d	0x1707
0x1719	0x1707
0x1724	0x1707
0x1725	0x1707
0x1726	0x1707
0x1727	0x1707
0x1728	0x1707
0x172a	0x1707
0x1731	0x172c
0x1733	0x172c
0x1738	0x172c
0x178f	0x172c
0x1799	0x172c
0x17a1	0x172c
0x17a2	0x172c
0x17ad	0x17a7
0x17ae	0x17a7
0x17b0	0x17a7
0x17b1	0x17a7
0x17b2	0x17a7
0x17b5	0x17a7
0x17bd	0x17bb
0x17c0	0x17bf
0x17c4	0x17bf
0x17cd	0x17ca
0x17d4	0x17d3
0x17d5	0x17d3
0x17d6	0x17d3
0x17d7	0x17d3
0x17e1	0x17d3
0x17e4	0x17d3
0x17e6	0x17d3
0x17ea	0x17d3
0x17eb	0x17d3
0x17ed	0x17d3
0x17f1	0x17d3
0x17f2	0x17d3
0x1823	0x17ff
0x182b	0x17ff
0x1834	0x1830
0x1835	0x1830
0x1837	0x1830
0x1840	0x1839
0x1842	0x1839
0x1847	0x1839
0x189e	0x1839
0x18a8	0x1839
0x18b0	0x1839
0x18b1	0x1839
0x18bc	0x18b6
0x18bd	0x18b6
0x18bf	0x18b6
0x18c0	0x18b6
0x18c1	0x18b6
0x18c4	0x18b6
0x18cc	0x18ca
0x18cf	0x18ce
0x18d3	0x18ce
0x18dc	0x18d9
0x18e3	0x18e2
0x18e4	0x18e2
0x18e5	0x18e2
0x18e6	0x18e2
0x18f0	0x18e2
0x18f3	0x18e2
0x18f5	0x18e2
0x18f9	0x18e2
0x18fa	0x18e2
0x18fc	0x18e2
0x1900	0x18e2
0x1907	0x1906
0x1908	0x1906
0x1921	0x1906
0x1942	0x193e
0x1944	0x193e
0x1949	0x193e
0x1961	0x193e
0x1962	0x193e
0x1964	0x1963
0x197f	0x1963
0x1980	0x1963
0x1983	0x1963
0x198c	0x1963
0x198d	0x1963
0x198f	0x1963
0x1990	0x1963
0x1991	0x1963
0x1992	0x1963
0x1994	0x1963
0x1995	0x1963
0x1996	0x1963
0x1997	0x1963
0x1998	0x1963
0x199a	0x1963
0x19a3	0x19a0
0x19aa	0x19a9
0x19ab	0x19a9
0x1a08	0x19c9
0x1a09	0x19c9
0x1a12	0x1a0e
0x1a13	0x1a0e
0x1a15	0x1a0e
0x1a17	0x1a0e
0x1a1d	0x1a19
0x1a1f	0x1a19
0x1a24	0x1a19
0x1a26	0x1a19
0x1a2b	0x1a19
0x1a5c	0x1a19
0x1a5d	0x1a19
0x1a5e	0x1a19
0x1a5f	0x1a19
0x1a60	0x1a19
0x1a69	0x1a68
0x1a6a	0x1a68
0x1a6f	0x1a6cB0x135e
0x1a6f	0x1a6cB0x1a99
0x1a6f	0x1a6cB0x870B0x2ef
0x1a71	0x1a6cB0x135e
0x1a71	0x1a6cB0x1a99
0x1a71	0x1a6cB0x870B0x2ef
0x1a72	0x1a6cB0x135e
0x1a72	0x1a6cB0x1a99
0x1a72	0x1a6cB0x870B0x2ef
0x1a75	0x1a6cB0x135e
0x1a75	0x1a6cB0x1a99
0x1a75	0x1a6cB0x870B0x2ef
0x1a77	0x1a6cB0x135e
0x1a77	0x1a6cB0x1a99
0x1a77	0x1a6cB0x870B0x2ef
0x1a78	0x1a6cB0x135e
0x1a78	0x1a6cB0x1a99
0x1a78	0x1a6cB0x870B0x2ef
0x1a7b	0x1a6cB0x135e
0x1a7b	0x1a6cB0x1a99
0x1a7b	0x1a6cB0x870B0x2ef
0x1a7d	0x1a6cB0x135e
0x1a7d	0x1a6cB0x1a99
0x1a7d	0x1a6cB0x870B0x2ef
0x1a7e	0x1a6cB0x135e
0x1a7e	0x1a6cB0x1a99
0x1a7e	0x1a6cB0x870B0x2ef
0x1a7f	0x1a6cB0x135e
0x1a7f	0x1a6cB0x1a99
0x1a7f	0x1a6cB0x870B0x2ef
0x1a80	0x1a6cB0x135e
0x1a80	0x1a6cB0x1a99
0x1a80	0x1a6cB0x870B0x2ef
0x1a81	0x1a6cB0x135e
0x1a81	0x1a6cB0x1a99
0x1a81	0x1a6cB0x870B0x2ef
0x1a88	0x1a83
0x1a8a	0x1a83
0x1a8f	0x1a83
0x1a94	0x1a83
0x1aa3	0x1aa2
0x1aab	0x1aa8
0x1aad	0x1aa8
0x1ab2	0x1aa8
0x1ae1	0x1abd
0x1ae9	0x1abd
0x1af2	0x1aee
0x1af3	0x1aee
0x1af5	0x1aee
0x1afa	0x1af7
0x1afd	0x1af7
0x1aff	0x1af7
0x1b04	0x1af7
0x1b0a	0x1af7
0x1b0b	0x1af7
0x1b0c	0x1af7
0x1b1c	0x1b12
0x1b1e	0x1b12
0x1b24	0x1b12
0x1b25	0x1b12
0x1b2a	0x1b12
0x1b2c	0x1b12
0x1b31	0x1b12
0x1b36	0x1b12
0x1b38	0x1b12
0x1b3e	0x1b12
0x1b3f	0x1b12
0x1b44	0x1b12
0x1b46	0x1b12
0x1b48	0x1b47
0x1b50	0x1b4e
0x1b57	0x1b4e
0x1b59	0x1b4e
0x1b5f	0x1b4e
0x1b60	0x1b4e
0x1b65	0x1b4e
0x1b67	0x1b4e
0x1b6c	0x1b6b0x470
0x1b6c	0x1b6b0x95fB0x343
0x1b6c	0x1b6b0xc45B0x455
0x1b6e	0x1b6b0x470
0x1b6e	0x1b6b0x95fB0x343
0x1b6e	0x1b6b0xc45B0x455
0x1b71	0x1b6b0x470
0x1b71	0x1b6b0x95fB0x343
0x1b71	0x1b6b0xc45B0x455
0x1b72	0x1b6b0x470
0x1b72	0x1b6b0x95fB0x343
0x1b72	0x1b6b0xc45B0x455
0x1b74	0x1b6b0x470
0x1b74	0x1b6b0x95fB0x343
0x1b74	0x1b6b0xc45B0x455
0x1b76	0x1b6b0x470
0x1b76	0x1b6b0x95fB0x343
0x1b76	0x1b6b0xc45B0x455
0x1b77	0x1b6b0x470
0x1b77	0x1b6b0x95fB0x343
0x1b77	0x1b6b0xc45B0x455
0x1b8c	0x1b6b0x470
0x1b8c	0x1b6b0x95fB0x343
0x1b8c	0x1b6b0xc45B0x455
0x1b8d	0x1b6b0x470
0x1b8d	0x1b6b0x95fB0x343
0x1b8d	0x1b6b0xc45B0x455
0x1ba2	0x1b6b0x470
0x1ba2	0x1b6b0x95fB0x343
0x1ba2	0x1b6b0xc45B0x455
0x1ba3	0x1b6b0x470
0x1ba3	0x1b6b0x95fB0x343
0x1ba3	0x1b6b0xc45B0x455
0x1ba4	0x1b6b0x470
0x1ba4	0x1b6b0x95fB0x343
0x1ba4	0x1b6b0xc45B0x455
0x1ba5	0x1b6b0x470
0x1ba5	0x1b6b0x95fB0x343
0x1ba5	0x1b6b0xc45B0x455
0x1ba7	0x1b6b0x470
0x1ba7	0x1b6b0x95fB0x343
0x1ba7	0x1b6b0xc45B0x455
0x1ba8	0x1b6b0x470
0x1ba8	0x1b6b0x95fB0x343
0x1ba8	0x1b6b0xc45B0x455
0x1ba9	0x1b6b0x470
0x1ba9	0x1b6b0x95fB0x343
0x1ba9	0x1b6b0xc45B0x455
0x1baa	0x1b6b0x470
0x1baa	0x1b6b0x95fB0x343
0x1baa	0x1b6b0xc45B0x455
0x1bab	0x1b6b0x470
0x1bab	0x1b6b0x95fB0x343
0x1bab	0x1b6b0xc45B0x455
0x1bad	0x1b6b0x470
0x1bad	0x1b6b0x95fB0x343
0x1bad	0x1b6b0xc45B0x455
0x1bae	0x1b6b0x470
0x1bae	0x1b6b0x95fB0x343
0x1bae	0x1b6b0xc45B0x455
0x1bb0	0x1b6b0x470
0x1bb0	0x1b6b0x95fB0x343
0x1bb0	0x1b6b0xc45B0x455
0x1bb1	0x1b6b0x470
0x1bb1	0x1b6b0x95fB0x343
0x1bb1	0x1b6b0xc45B0x455
0x1bb2	0x1b6b0x470
0x1bb2	0x1b6b0x95fB0x343
0x1bb2	0x1b6b0xc45B0x455
0x1bb5	0x1b6b0x470
0x1bb5	0x1b6b0x95fB0x343
0x1bb5	0x1b6b0xc45B0x455
0x1bb6	0x1b6b0x470
0x1bb6	0x1b6b0x95fB0x343
0x1bb6	0x1b6b0xc45B0x455
0x1bb7	0x1b6b0x470
0x1bb7	0x1b6b0x95fB0x343
0x1bb7	0x1b6b0xc45B0x455
0x1bb8	0x1b6b0x470
0x1bb8	0x1b6b0x95fB0x343
0x1bb8	0x1b6b0xc45B0x455
0x1bbd	0x1b6b0x470
0x1bbd	0x1b6b0x95fB0x343
0x1bbd	0x1b6b0xc45B0x455
0x1bbe	0x1b6b0x470
0x1bbe	0x1b6b0x95fB0x343
0x1bbe	0x1b6b0xc45B0x455
0x1bc0	0x1bbf0x470
0x1bc0	0x1bbf0x95fB0x343
0x1bc0	0x1bbf0xc45B0x455
0x1bc1	0x1bbf0x470
0x1bc1	0x1bbf0x95fB0x343
0x1bc1	0x1bbf0xc45B0x455
0x1bc2	0x1bbf0x470
0x1bc2	0x1bbf0x95fB0x343
0x1bc2	0x1bbf0xc45B0x455
0x1bc3	0x1bbf0x470
0x1bc3	0x1bbf0x95fB0x343
0x1bc3	0x1bbf0xc45B0x455
0x1bc5	0x1bbf0x470
0x1bc5	0x1bbf0x95fB0x343
0x1bc5	0x1bbf0xc45B0x455
0x1bc7	0x1bbf0x470
0x1bc7	0x1bbf0x95fB0x343
0x1bc7	0x1bbf0xc45B0x455
0x1bc8	0x1bbf0x470
0x1bc8	0x1bbf0x95fB0x343
0x1bc8	0x1bbf0xc45B0x455
0x1bdd	0x1bbf0x470
0x1bdd	0x1bbf0x95fB0x343
0x1bdd	0x1bbf0xc45B0x455
0x1bde	0x1bbf0x470
0x1bde	0x1bbf0x95fB0x343
0x1bde	0x1bbf0xc45B0x455
0x1bf3	0x1bbf0x470
0x1bf3	0x1bbf0x95fB0x343
0x1bf3	0x1bbf0xc45B0x455
0x1bf4	0x1bbf0x470
0x1bf4	0x1bbf0x95fB0x343
0x1bf4	0x1bbf0xc45B0x455
0x1bf5	0x1bbf0x470
0x1bf5	0x1bbf0x95fB0x343
0x1bf5	0x1bbf0xc45B0x455
0x1bf6	0x1bbf0x470
0x1bf6	0x1bbf0x95fB0x343
0x1bf6	0x1bbf0xc45B0x455
0x1bf8	0x1bbf0x470
0x1bf8	0x1bbf0x95fB0x343
0x1bf8	0x1bbf0xc45B0x455
0x1bf9	0x1bbf0x470
0x1bf9	0x1bbf0x95fB0x343
0x1bf9	0x1bbf0xc45B0x455
0x1bfa	0x1bbf0x470
0x1bfa	0x1bbf0x95fB0x343
0x1bfa	0x1bbf0xc45B0x455
0x1bfb	0x1bbf0x470
0x1bfb	0x1bbf0x95fB0x343
0x1bfb	0x1bbf0xc45B0x455
0x1bfc	0x1bbf0x470
0x1bfc	0x1bbf0x95fB0x343
0x1bfc	0x1bbf0xc45B0x455
0x1bfe	0x1bbf0x470
0x1bfe	0x1bbf0x95fB0x343
0x1bfe	0x1bbf0xc45B0x455
0x1bff	0x1bbf0x470
0x1bff	0x1bbf0x95fB0x343
0x1bff	0x1bbf0xc45B0x455
0x1c01	0x1bbf0x470
0x1c01	0x1bbf0x95fB0x343
0x1c01	0x1bbf0xc45B0x455
0x1c02	0x1bbf0x470
0x1c02	0x1bbf0x95fB0x343
0x1c02	0x1bbf0xc45B0x455
0x1c03	0x1bbf0x470
0x1c03	0x1bbf0x95fB0x343
0x1c03	0x1bbf0xc45B0x455
0x1c04	0x1bbf0x470
0x1c04	0x1bbf0x95fB0x343
0x1c04	0x1bbf0xc45B0x455
0x1c05	0x1bbf0x470
0x1c05	0x1bbf0x95fB0x343
0x1c05	0x1bbf0xc45B0x455
0x1c06	0x1bbf0x470
0x1c06	0x1bbf0x95fB0x343
0x1c06	0x1bbf0xc45B0x455
0x1c07	0x1bbf0x470
0x1c07	0x1bbf0x95fB0x343
0x1c07	0x1bbf0xc45B0x455
0x1c1c	0x1bbf0x470
0x1c1c	0x1bbf0x95fB0x343
0x1c1c	0x1bbf0xc45B0x455
0x1c1d	0x1bbf0x470
0x1c1d	0x1bbf0x95fB0x343
0x1c1d	0x1bbf0xc45B0x455
0x1c3e	0x1bbf0x470
0x1c3e	0x1bbf0x95fB0x343
0x1c3e	0x1bbf0xc45B0x455
0x1c3f	0x1bbf0x470
0x1c3f	0x1bbf0x95fB0x343
0x1c3f	0x1bbf0xc45B0x455
0x1c40	0x1bbf0x470
0x1c40	0x1bbf0x95fB0x343
0x1c40	0x1bbf0xc45B0x455
0x1c42	0x1bbf0x470
0x1c42	0x1bbf0x95fB0x343
0x1c42	0x1bbf0xc45B0x455
0x1c43	0x1bbf0x470
0x1c43	0x1bbf0x95fB0x343
0x1c43	0x1bbf0xc45B0x455
0x1c46	0x1bbf0x470
0x1c46	0x1bbf0x95fB0x343
0x1c46	0x1bbf0xc45B0x455
0x1c47	0x1bbf0x470
0x1c47	0x1bbf0x95fB0x343
0x1c47	0x1bbf0xc45B0x455
0x1c48	0x1bbf0x470
0x1c48	0x1bbf0x95fB0x343
0x1c48	0x1bbf0xc45B0x455
0x1c49	0x1bbf0x470
0x1c49	0x1bbf0x95fB0x343
0x1c49	0x1bbf0xc45B0x455
0x1c4c	0x1bbf0x470
0x1c4c	0x1bbf0x95fB0x343
0x1c4c	0x1bbf0xc45B0x455
0x1c4e	0x1c4d0x470
0x1c4e	0x1c4d0x95fB0x343
0x1c4e	0x1c4d0xc45B0x455
0x1c50	0x1c4d0x470
0x1c50	0x1c4d0x95fB0x343
0x1c50	0x1c4d0xc45B0x455
0x1c51	0x1c4d0x470
0x1c51	0x1c4d0x95fB0x343
0x1c51	0x1c4d0xc45B0x455
0x1c52	0x1c4d0x470
0x1c52	0x1c4d0x95fB0x343
0x1c52	0x1c4d0xc45B0x455
0x1c53	0x1c4d0x470
0x1c53	0x1c4d0x95fB0x343
0x1c53	0x1c4d0xc45B0x455
0x1c54	0x1c4d0x470
0x1c54	0x1c4d0x95fB0x343
0x1c54	0x1c4d0xc45B0x455
0x1c55	0x1c4d0x470
0x1c55	0x1c4d0x95fB0x343
0x1c55	0x1c4d0xc45B0x455
0x1c56	0x1c4d0x470
0x1c56	0x1c4d0x95fB0x343
0x1c56	0x1c4d0xc45B0x455
0x1c57	0x1c4d0x470
0x1c57	0x1c4d0x95fB0x343
0x1c57	0x1c4d0xc45B0x455
0x1c58	0x1c4d0x470
0x1c58	0x1c4d0x95fB0x343
0x1c58	0x1c4d0xc45B0x455
0x1c59	0x1c4d0x470
0x1c59	0x1c4d0x95fB0x343
0x1c59	0x1c4d0xc45B0x455
0x1c5a	0x1c4d0x470
0x1c5a	0x1c4d0x95fB0x343
0x1c5a	0x1c4d0xc45B0x455
0x1c5e	0x1c5b
0x1c5f	0x1c5b
0x1c60	0x1c5b
0x1c62	0x1c5b
0x1c63	0x1c5b
0x1c64	0x1c5b
0x1c65	0x1c5b
0x1c90	0x1c6c
0x1c98	0x1c6c
0x1ca1	0x1c9d
0x1ca2	0x1c9d
0x1ca4	0x1c9d
0x1ca7	0x1ca6
0x1ca8	0x1ca6
0x1ca9	0x1ca6
0x1caa	0x1ca6
0x1cab	0x1ca6
0x1cac	0x1ca6
0x1cad	0x1ca6
0x1cae	0x1ca6
0x1cb4	0x1cb0B0x19a9
0x1cb4	0x1cb0B0xc03B0x3ed
0x1cb5	0x1cb0B0x19a9
0x1cb5	0x1cb0B0xc03B0x3ed
0x1cb6	0x1cb0B0x19a9
0x1cb6	0x1cb0B0xc03B0x3ed
0x1cbc	0x1cb8
0x1cbd	0x1cb8
0x1cc2	0x1cb8
0x1cc4	0x1cb8
0x1cc9	0x1cb8
0x1cfa	0x1cb8
0x1cfb	0x1cb8
0x1cfc	0x1cb8
0x1cfd	0x1cb8
0x1d06	0x1d05
0x1d07	0x1d05
0x1d0d	0x1d09B0x140c
0x1d0d	0x1d09B0x15a4
0x1d0e	0x1d09B0x140c
0x1d0e	0x1d09B0x15a4
0x1d0f	0x1d09B0x140c
0x1d0f	0x1d09B0x15a4
0x1d15	0x1d11B0x1a19
0x1d1e	0x1d11B0x1a19
0x1d1f	0x1d11B0x1a19
0x1d20	0x1d11B0x1a19
0x1d2a	0x1d11B0x1a19
0x1d2b	0x1d11B0x1a19
0x1d2c	0x1d11B0x1a19
0x1d2d	0x1d11B0x1a19
0x1d38	0x1d32B0x1a19
0x1d39	0x1d32B0x1a19
0x1d3c	0x1d32B0x1a19
0x1d3e	0x1d32B0x1a19
0x1d42	0x1d32B0x1a19
0x1d64	0x1d32B0x1a19
0x1d66	0x1d32B0x1a19
0x1d85	0x1d32B0x1a19
0x1d86	0x1d32B0x1a19
0x1d87	0x1d32B0x1a19
0x1d8a	0x1d32B0x1a19
0x1d8c	0x1d32B0x1a19
0x1d8d	0x1d32B0x1a19
0x1d8e	0x1d32B0x1a19
0x1d8f	0x1d32B0x1a19
0x1d95	0x1d94B0x1a19
0x1d96	0x1d94B0x1a19
0x1d97	0x1d94B0x1a19
0x1d98	0x1d94B0x1a19
0x1da0	0x1d9a
0x1da1	0x1d9a
0x1da5	0x1d9a
0x1dac	0x1d9a
0x1daf	0x1d9a
0x1dd5	0x1d9a
0x1dd7	0x1d9a
0x1ddd	0x1ddc
0x1dde	0x1ddc
0x1ddf	0x1ddc
0x1de0	0x1ddc
0x1de1	0x1ddc
0x1de2	0x1ddc
0x1de8	0x1de4B0x1cb8
0x1df1	0x1de4B0x1cb8
0x1df2	0x1de4B0x1cb8
0x1dfc	0x1de4B0x1cb8
0x1dfd	0x1de4B0x1cb8
0x1dfe	0x1de4B0x1cb8
0x1e09	0x1e03B0x1cb8
0x1e0a	0x1e03B0x1cb8
0x1e0d	0x1e03B0x1cb8
0x1e0f	0x1e03B0x1cb8
0x1e13	0x1e03B0x1cb8
0x1e35	0x1e03B0x1cb8
0x1e37	0x1e03B0x1cb8
0x1e56	0x1e03B0x1cb8
0x1e57	0x1e03B0x1cb8
0x1e58	0x1e03B0x1cb8
0x1e5b	0x1e03B0x1cb8
0x1e5d	0x1e03B0x1cb8
0x1e5e	0x1e03B0x1cb8
0x1e5f	0x1e03B0x1cb8
0x1e60	0x1e03B0x1cb8
0x1e66	0x1e65B0x1cb8
0x1e67	0x1e65B0x1cb8
0x1e68	0x1e65B0x1cb8
0x1e6e	0x1e6aB0x1d32B0x1a19
0x1e6e	0x1e6aB0x1e03B0x1cb8
0x1eb2	0x1e8eB0x1d32B0x1a19
0x1eb2	0x1e8eB0x1e03B0x1cb8
0x1eba	0x1e8eB0x1d32B0x1a19
0x1eba	0x1e8eB0x1e03B0x1cb8
0x1ec3	0x1ebfB0x1d32B0x1a19
0x1ec3	0x1ebfB0x1e03B0x1cb8
0x1ec4	0x1ebfB0x1d32B0x1a19
0x1ec4	0x1ebfB0x1e03B0x1cb8
0x1ec6	0x1ebfB0x1d32B0x1a19
0x1ec6	0x1ebfB0x1e03B0x1cb8
0x1ecd	0x1ec8B0x1d32B0x1a19
0x1ecd	0x1ec8B0x1e03B0x1cb8
0x1ee4	0x1ec8B0x1d32B0x1a19
0x1ee4	0x1ec8B0x1e03B0x1cb8
0x1eeb	0x1ec8B0x1d32B0x1a19
0x1eeb	0x1ec8B0x1e03B0x1cb8
0x1eec	0x1ec8B0x1d32B0x1a19
0x1eec	0x1ec8B0x1e03B0x1cb8
0x1ef7	0x1ef1B0x1d32B0x1a19
0x1ef7	0x1ef1B0x1e03B0x1cb8
0x1ef8	0x1ef1B0x1d32B0x1a19
0x1ef8	0x1ef1B0x1e03B0x1cb8
0x1efa	0x1ef1B0x1d32B0x1a19
0x1efa	0x1ef1B0x1e03B0x1cb8
0x1efd	0x1ef1B0x1d32B0x1a19
0x1efd	0x1ef1B0x1e03B0x1cb8
0x1f00	0x1ef1B0x1d32B0x1a19
0x1f00	0x1ef1B0x1e03B0x1cb8
0x1f01	0x1ef1B0x1d32B0x1a19
0x1f01	0x1ef1B0x1e03B0x1cb8
0x1f02	0x1ef1B0x1d32B0x1a19
0x1f02	0x1ef1B0x1e03B0x1cb8
0x1f04	0x1ef1B0x1d32B0x1a19
0x1f04	0x1ef1B0x1e03B0x1cb8
0x1f07	0x1ef1B0x1d32B0x1a19
0x1f07	0x1ef1B0x1e03B0x1cb8
0x1f10	0x1f0dB0x1d32B0x1a19
0x1f10	0x1f0dB0x1e03B0x1cb8
0x1f11	0x1f0dB0x1d32B0x1a19
0x1f11	0x1f0dB0x1e03B0x1cb8
0x1f1a	0x1f0dB0x1d32B0x1a19
0x1f1a	0x1f0dB0x1e03B0x1cb8
0x1f20	0x1f0dB0x1d32B0x1a19
0x1f20	0x1f0dB0x1e03B0x1cb8
0x1f27	0x1f0dB0x1d32B0x1a19
0x1f27	0x1f0dB0x1e03B0x1cb8
0x1f31	0x1f2eB0x1d32B0x1a19
0x1f31	0x1f2eB0x1e03B0x1cb8
0x1f32	0x1f2eB0x1d32B0x1a19
0x1f32	0x1f2eB0x1e03B0x1cb8
0x1f34	0x1f33B0x1d32B0x1a19
0x1f34	0x1f33B0x1e03B0x1cb8
0x1f35	0x1f33B0x1d32B0x1a19
0x1f35	0x1f33B0x1e03B0x1cb8
0x1f36	0x1f33B0x1d32B0x1a19
0x1f36	0x1f33B0x1e03B0x1cb8
0x1f37	0x1f33B0x1d32B0x1a19
0x1f37	0x1f33B0x1e03B0x1cb8
0x1f38	0x1f33B0x1d32B0x1a19
0x1f38	0x1f33B0x1e03B0x1cb8
0x1f39	0x1f33B0x1d32B0x1a19
0x1f39	0x1f33B0x1e03B0x1cb8
0x1f62	0x1f3eB0x1d32B0x1a19
0x1f62	0x1f3eB0x1e03B0x1cb8
0x1f6a	0x1f3eB0x1d32B0x1a19
0x1f6a	0x1f3eB0x1e03B0x1cb8
0x1f73	0x1f6fB0x1d32B0x1a19
0x1f73	0x1f6fB0x1e03B0x1cb8
0x1f74	0x1f6fB0x1d32B0x1a19
0x1f74	0x1f6fB0x1e03B0x1cb8
0x1f76	0x1f6fB0x1d32B0x1a19
0x1f76	0x1f6fB0x1e03B0x1cb8
0x1f7b	0x1f78B0x1d32B0x1a19
0x1f7b	0x1f78B0x1e03B0x1cb8
0x1f84	0x1f83B0x1d32B0x1a19
0x1f84	0x1f83B0x1e03B0x1cb8
0x1f88	0x1f83B0x1d32B0x1a19
0x1f88	0x1f83B0x1e03B0x1cb8
0x1f8a	0x1f83B0x1d32B0x1a19
0x1f8a	0x1f83B0x1e03B0x1cb8
0x1f8c	0x1f83B0x1d32B0x1a19
0x1f8c	0x1f83B0x1e03B0x1cb8
0x1f90	0x1f83B0x1d32B0x1a19
0x1f90	0x1f83B0x1e03B0x1cb8
0x1f91	0x1f83B0x1d32B0x1a19
0x1f91	0x1f83B0x1e03B0x1cb8
0x1fbf	0x1f9bB0x1d32B0x1a19
0x1fbf	0x1f9bB0x1e03B0x1cb8
0x1fc7	0x1f9bB0x1d32B0x1a19
0x1fc7	0x1f9bB0x1e03B0x1cb8
0x1fd0	0x1fccB0x1d32B0x1a19
0x1fd0	0x1fccB0x1e03B0x1cb8
0x1fd1	0x1fccB0x1d32B0x1a19
0x1fd1	0x1fccB0x1e03B0x1cb8
0x1fd3	0x1fccB0x1d32B0x1a19
0x1fd3	0x1fccB0x1e03B0x1cb8
0x1fdf	0x1fdc
0x1fe0	0x1fdc
0x1fe3	0x1fdc
0x1fe4	0x1fdc
0x200d	0x1fe9
0x2015	0x1fe9
0x2016	0x1fe9
0x201f	0x201b
0x2020	0x201b
0x2022	0x201b
0x2025	0x2024
0x2028	0x2024
0x2029	0x2024
0x202b	0x2024
0x202c	0x2024
0x202d	0x2024
0x202e	0x2024
0x202f	0x2024
0x2030	0x2024
0x2031	0x2024
0x2032	0x2024
0x2033	0x2024
0x2034	0x2024
0x2035	0x2024
0x203a	0x2037
0x2061	0x2037
0x2062	0x2037
0x2063	0x2037
0x2065	0x2037
0x2066	0x2037
0x2067	0x2037
0x2068	0x2037
0x206b	0x2037
0x2074	0x2071
0x2076	0x2071
0x2085	0x2082B0x2363B0x171
0x2085	0x2082B0x25b3B0x241
0x2085	0x2082B0x238dB0x2d9
0x2085	0x2082B0x239bB0x2d9
0x2085	0x2082B0x23c9B0x32d
0x2085	0x2082B0x25b3B0x36a
0x2085	0x2082B0x23c9B0x3a7
0x2085	0x2082B0x238dB0x498
0x2085	0x2082B0x239bB0x498
0x2085	0x2082B0x2575B0x542
0x2085	0x2082B0x2408B0x272
0x2085	0x2082B0x2427B0x272
0x2085	0x2082B0x25b3B0x3d8
0x2085	0x2082B0x20ecB0x2482B0x1d9
0x2085	0x2082B0x20ecB0x2482B0x43f
0x2085	0x2082B0x2605B0x470
0x2085	0x2082B0x22baB0x2655B0x470
0x2087	0x2082B0x2363B0x171
0x2087	0x2082B0x25b3B0x241
0x2087	0x2082B0x238dB0x2d9
0x2087	0x2082B0x239bB0x2d9
0x2087	0x2082B0x23c9B0x32d
0x2087	0x2082B0x25b3B0x36a
0x2087	0x2082B0x23c9B0x3a7
0x2087	0x2082B0x238dB0x498
0x2087	0x2082B0x239bB0x498
0x2087	0x2082B0x2575B0x542
0x2087	0x2082B0x2408B0x272
0x2087	0x2082B0x2427B0x272
0x2087	0x2082B0x25b3B0x3d8
0x2087	0x2082B0x20ecB0x2482B0x1d9
0x2087	0x2082B0x20ecB0x2482B0x43f
0x2087	0x2082B0x2605B0x470
0x2087	0x2082B0x22baB0x2655B0x470
0x2088	0x2082B0x2363B0x171
0x2088	0x2082B0x25b3B0x241
0x2088	0x2082B0x238dB0x2d9
0x2088	0x2082B0x239bB0x2d9
0x2088	0x2082B0x23c9B0x32d
0x2088	0x2082B0x25b3B0x36a
0x2088	0x2082B0x23c9B0x3a7
0x2088	0x2082B0x238dB0x498
0x2088	0x2082B0x239bB0x498
0x2088	0x2082B0x2575B0x542
0x2088	0x2082B0x2408B0x272
0x2088	0x2082B0x2427B0x272
0x2088	0x2082B0x25b3B0x3d8
0x2088	0x2082B0x20ecB0x2482B0x1d9
0x2088	0x2082B0x20ecB0x2482B0x43f
0x2088	0x2082B0x2605B0x470
0x2088	0x2082B0x22baB0x2655B0x470
0x208c	0x2082B0x2363B0x171
0x208c	0x2082B0x25b3B0x241
0x208c	0x2082B0x238dB0x2d9
0x208c	0x2082B0x239bB0x2d9
0x208c	0x2082B0x23c9B0x32d
0x208c	0x2082B0x25b3B0x36a
0x208c	0x2082B0x23c9B0x3a7
0x208c	0x2082B0x238dB0x498
0x208c	0x2082B0x239bB0x498
0x208c	0x2082B0x2575B0x542
0x208c	0x2082B0x2408B0x272
0x208c	0x2082B0x2427B0x272
0x208c	0x2082B0x25b3B0x3d8
0x208c	0x2082B0x20ecB0x2482B0x1d9
0x208c	0x2082B0x20ecB0x2482B0x43f
0x208c	0x2082B0x2605B0x470
0x208c	0x2082B0x22baB0x2655B0x470
0x2092	0x2091B0x2363B0x171
0x2092	0x2091B0x25b3B0x241
0x2092	0x2091B0x238dB0x2d9
0x2092	0x2091B0x239bB0x2d9
0x2092	0x2091B0x23c9B0x32d
0x2092	0x2091B0x25b3B0x36a
0x2092	0x2091B0x23c9B0x3a7
0x2092	0x2091B0x238dB0x498
0x2092	0x2091B0x239bB0x498
0x2092	0x2091B0x2575B0x542
0x2092	0x2091B0x2408B0x272
0x2092	0x2091B0x2427B0x272
0x2092	0x2091B0x25b3B0x3d8
0x2092	0x2091B0x20ecB0x2482B0x1d9
0x2092	0x2091B0x20ecB0x2482B0x43f
0x2092	0x2091B0x2605B0x470
0x2092	0x2091B0x22baB0x2655B0x470
0x2093	0x2091B0x2363B0x171
0x2093	0x2091B0x25b3B0x241
0x2093	0x2091B0x238dB0x2d9
0x2093	0x2091B0x239bB0x2d9
0x2093	0x2091B0x23c9B0x32d
0x2093	0x2091B0x25b3B0x36a
0x2093	0x2091B0x23c9B0x3a7
0x2093	0x2091B0x238dB0x498
0x2093	0x2091B0x239bB0x498
0x2093	0x2091B0x2575B0x542
0x2093	0x2091B0x2408B0x272
0x2093	0x2091B0x2427B0x272
0x2093	0x2091B0x25b3B0x3d8
0x2093	0x2091B0x20ecB0x2482B0x1d9
0x2093	0x2091B0x20ecB0x2482B0x43f
0x2093	0x2091B0x2605B0x470
0x2093	0x2091B0x22baB0x2655B0x470
0x2094	0x2091B0x2363B0x171
0x2094	0x2091B0x25b3B0x241
0x2094	0x2091B0x238dB0x2d9
0x2094	0x2091B0x239bB0x2d9
0x2094	0x2091B0x23c9B0x32d
0x2094	0x2091B0x25b3B0x36a
0x2094	0x2091B0x23c9B0x3a7
0x2094	0x2091B0x238dB0x498
0x2094	0x2091B0x239bB0x498
0x2094	0x2091B0x2575B0x542
0x2094	0x2091B0x2408B0x272
0x2094	0x2091B0x2427B0x272
0x2094	0x2091B0x25b3B0x3d8
0x2094	0x2091B0x20ecB0x2482B0x1d9
0x2094	0x2091B0x20ecB0x2482B0x43f
0x2094	0x2091B0x2605B0x470
0x2094	0x2091B0x22baB0x2655B0x470
0x2095	0x2091B0x2363B0x171
0x2095	0x2091B0x25b3B0x241
0x2095	0x2091B0x238dB0x2d9
0x2095	0x2091B0x239bB0x2d9
0x2095	0x2091B0x23c9B0x32d
0x2095	0x2091B0x25b3B0x36a
0x2095	0x2091B0x23c9B0x3a7
0x2095	0x2091B0x238dB0x498
0x2095	0x2091B0x239bB0x498
0x2095	0x2091B0x2575B0x542
0x2095	0x2091B0x2408B0x272
0x2095	0x2091B0x2427B0x272
0x2095	0x2091B0x25b3B0x3d8
0x2095	0x2091B0x20ecB0x2482B0x1d9
0x2095	0x2091B0x20ecB0x2482B0x43f
0x2095	0x2091B0x2605B0x470
0x2095	0x2091B0x22baB0x2655B0x470
0x209a	0x2097B0x2482B0x1d9
0x209a	0x2097B0x2482B0x43f
0x209d	0x2097B0x2482B0x1d9
0x209d	0x2097B0x2482B0x43f
0x20a6	0x20a4B0x2482B0x1d9
0x20a6	0x20a4B0x2482B0x43f
0x20a9	0x20a8B0x2482B0x1d9
0x20a9	0x20a8B0x2482B0x43f
0x20b1	0x20a8B0x2482B0x1d9
0x20b1	0x20a8B0x2482B0x43f
0x20bc	0x20bbB0x2482B0x1d9
0x20bc	0x20bbB0x2482B0x43f
0x20bd	0x20bbB0x2482B0x1d9
0x20bd	0x20bbB0x2482B0x43f
0x20be	0x20bbB0x2482B0x1d9
0x20be	0x20bbB0x2482B0x43f
0x20bf	0x20bbB0x2482B0x1d9
0x20bf	0x20bbB0x2482B0x43f
0x20c0	0x20bbB0x2482B0x1d9
0x20c0	0x20bbB0x2482B0x43f
0x20c4	0x20bbB0x2482B0x1d9
0x20c4	0x20bbB0x2482B0x43f
0x20c6	0x20bbB0x2482B0x1d9
0x20c6	0x20bbB0x2482B0x43f
0x20c7	0x20bbB0x2482B0x1d9
0x20c7	0x20bbB0x2482B0x43f
0x20ca	0x20bbB0x2482B0x1d9
0x20ca	0x20bbB0x2482B0x43f
0x20cc	0x20bbB0x2482B0x1d9
0x20cc	0x20bbB0x2482B0x43f
0x20cd	0x20bbB0x2482B0x1d9
0x20cd	0x20bbB0x2482B0x43f
0x20ce	0x20bbB0x2482B0x1d9
0x20ce	0x20bbB0x2482B0x43f
0x20cf	0x20bbB0x2482B0x1d9
0x20cf	0x20bbB0x2482B0x43f
0x20d2	0x20bbB0x2482B0x1d9
0x20d2	0x20bbB0x2482B0x43f
0x20d4	0x20bbB0x2482B0x1d9
0x20d4	0x20bbB0x2482B0x43f
0x20de	0x20dcB0x2482B0x1d9
0x20de	0x20dcB0x2482B0x43f
0x20e4	0x20e3B0x2482B0x1d9
0x20e4	0x20e3B0x2482B0x43f
0x20e5	0x20e3B0x2482B0x1d9
0x20e5	0x20e3B0x2482B0x43f
0x20f0	0x20ecB0x2482B0x1d9
0x20f0	0x20ecB0x2482B0x43f
0x20f1	0x20ecB0x2482B0x1d9
0x20f1	0x20ecB0x2482B0x43f
0x20f7	0x20f6B0x2482B0x1d9
0x20f7	0x20f6B0x2482B0x43f
0x20fb	0x20f6B0x2482B0x1d9
0x20fb	0x20f6B0x2482B0x43f
0x20fd	0x20f6B0x2482B0x1d9
0x20fd	0x20f6B0x2482B0x43f
0x20fe	0x20f6B0x2482B0x1d9
0x20fe	0x20f6B0x2482B0x43f
0x2101	0x20f6B0x2482B0x1d9
0x2101	0x20f6B0x2482B0x43f
0x2103	0x20f6B0x2482B0x1d9
0x2103	0x20f6B0x2482B0x43f
0x2104	0x20f6B0x2482B0x1d9
0x2104	0x20f6B0x2482B0x43f
0x2105	0x20f6B0x2482B0x1d9
0x2105	0x20f6B0x2482B0x43f
0x2108	0x20f6B0x2482B0x1d9
0x2108	0x20f6B0x2482B0x43f
0x210a	0x20f6B0x2482B0x1d9
0x210a	0x20f6B0x2482B0x43f
0x210b	0x20f6B0x2482B0x1d9
0x210b	0x20f6B0x2482B0x43f
0x2111	0x2110B0x2482B0x1d9
0x2111	0x2110B0x2482B0x43f
0x2112	0x2110B0x2482B0x1d9
0x2112	0x2110B0x2482B0x43f
0x2113	0x2110B0x2482B0x1d9
0x2113	0x2110B0x2482B0x43f
0x2114	0x2110B0x2482B0x1d9
0x2114	0x2110B0x2482B0x43f
0x2115	0x2110B0x2482B0x1d9
0x2115	0x2110B0x2482B0x43f
0x2116	0x2110B0x2482B0x1d9
0x2116	0x2110B0x2482B0x43f
0x2117	0x2110B0x2482B0x1d9
0x2117	0x2110B0x2482B0x43f
0x2118	0x2110B0x2482B0x1d9
0x2118	0x2110B0x2482B0x43f
0x211d	0x211aB0x2655B0x470
0x2120	0x211aB0x2655B0x470
0x2129	0x2127B0x2655B0x470
0x212c	0x212bB0x2655B0x470
0x2134	0x212bB0x2655B0x470
0x213f	0x213eB0x2655B0x470
0x2140	0x213eB0x2655B0x470
0x2141	0x213eB0x2655B0x470
0x2142	0x213eB0x2655B0x470
0x2143	0x213eB0x2655B0x470
0x2147	0x213eB0x2655B0x470
0x2149	0x213eB0x2655B0x470
0x214a	0x213eB0x2655B0x470
0x214d	0x213eB0x2655B0x470
0x214f	0x213eB0x2655B0x470
0x2150	0x213eB0x2655B0x470
0x2151	0x213eB0x2655B0x470
0x2152	0x213eB0x2655B0x470
0x2155	0x213eB0x2655B0x470
0x2157	0x213eB0x2655B0x470
0x2161	0x215fB0x2655B0x470
0x2167	0x2166B0x2655B0x470
0x2168	0x2166B0x2655B0x470
0x2173	0x216fB0x2655B0x470
0x2174	0x216fB0x2655B0x470
0x217a	0x2179B0x2655B0x470
0x217e	0x2179B0x2655B0x470
0x2180	0x2179B0x2655B0x470
0x2181	0x2179B0x2655B0x470
0x2184	0x2179B0x2655B0x470
0x2186	0x2179B0x2655B0x470
0x2187	0x2179B0x2655B0x470
0x2188	0x2179B0x2655B0x470
0x218b	0x2179B0x2655B0x470
0x218d	0x2179B0x2655B0x470
0x218e	0x2179B0x2655B0x470
0x2194	0x2193B0x2655B0x470
0x2195	0x2193B0x2655B0x470
0x2196	0x2193B0x2655B0x470
0x2197	0x2193B0x2655B0x470
0x2198	0x2193B0x2655B0x470
0x2199	0x2193B0x2655B0x470
0x219a	0x2193B0x2655B0x470
0x219b	0x2193B0x2655B0x470
0x21a0	0x219dB0x24abB0x1d9
0x21a0	0x219dB0x24abB0x43f
0x21a3	0x219dB0x24abB0x1d9
0x21a3	0x219dB0x24abB0x43f
0x21ac	0x21aaB0x24abB0x1d9
0x21ac	0x21aaB0x24abB0x43f
0x21af	0x21aeB0x24abB0x1d9
0x21af	0x21aeB0x24abB0x43f
0x21b7	0x21aeB0x24abB0x1d9
0x21b7	0x21aeB0x24abB0x43f
0x21c2	0x21c1B0x24abB0x1d9
0x21c2	0x21c1B0x24abB0x43f
0x21c3	0x21c1B0x24abB0x1d9
0x21c3	0x21c1B0x24abB0x43f
0x21c4	0x21c1B0x24abB0x1d9
0x21c4	0x21c1B0x24abB0x43f
0x21c5	0x21c1B0x24abB0x1d9
0x21c5	0x21c1B0x24abB0x43f
0x21c6	0x21c1B0x24abB0x1d9
0x21c6	0x21c1B0x24abB0x43f
0x21ca	0x21c1B0x24abB0x1d9
0x21ca	0x21c1B0x24abB0x43f
0x21cc	0x21c1B0x24abB0x1d9
0x21cc	0x21c1B0x24abB0x43f
0x21cd	0x21c1B0x24abB0x1d9
0x21cd	0x21c1B0x24abB0x43f
0x21d0	0x21c1B0x24abB0x1d9
0x21d0	0x21c1B0x24abB0x43f
0x21d2	0x21c1B0x24abB0x1d9
0x21d2	0x21c1B0x24abB0x43f
0x21d3	0x21c1B0x24abB0x1d9
0x21d3	0x21c1B0x24abB0x43f
0x21d4	0x21c1B0x24abB0x1d9
0x21d4	0x21c1B0x24abB0x43f
0x21d5	0x21c1B0x24abB0x1d9
0x21d5	0x21c1B0x24abB0x43f
0x21d8	0x21c1B0x24abB0x1d9
0x21d8	0x21c1B0x24abB0x43f
0x21da	0x21c1B0x24abB0x1d9
0x21da	0x21c1B0x24abB0x43f
0x21e4	0x21e2B0x24abB0x1d9
0x21e4	0x21e2B0x24abB0x43f
0x21ea	0x21e9B0x24abB0x1d9
0x21ea	0x21e9B0x24abB0x43f
0x21eb	0x21e9B0x24abB0x1d9
0x21eb	0x21e9B0x24abB0x43f
0x21f6	0x21f2B0x24abB0x1d9
0x21f6	0x21f2B0x24abB0x43f
0x21f7	0x21f2B0x24abB0x1d9
0x21f7	0x21f2B0x24abB0x43f
0x21fd	0x21fcB0x24abB0x1d9
0x21fd	0x21fcB0x24abB0x43f
0x2201	0x21fcB0x24abB0x1d9
0x2201	0x21fcB0x24abB0x43f
0x2203	0x21fcB0x24abB0x1d9
0x2203	0x21fcB0x24abB0x43f
0x2204	0x21fcB0x24abB0x1d9
0x2204	0x21fcB0x24abB0x43f
0x2207	0x21fcB0x24abB0x1d9
0x2207	0x21fcB0x24abB0x43f
0x2209	0x21fcB0x24abB0x1d9
0x2209	0x21fcB0x24abB0x43f
0x220a	0x21fcB0x24abB0x1d9
0x220a	0x21fcB0x24abB0x43f
0x220b	0x21fcB0x24abB0x1d9
0x220b	0x21fcB0x24abB0x43f
0x220e	0x21fcB0x24abB0x1d9
0x220e	0x21fcB0x24abB0x43f
0x2210	0x21fcB0x24abB0x1d9
0x2210	0x21fcB0x24abB0x43f
0x2211	0x21fcB0x24abB0x1d9
0x2211	0x21fcB0x24abB0x43f
0x2217	0x2216B0x24abB0x1d9
0x2217	0x2216B0x24abB0x43f
0x2218	0x2216B0x24abB0x1d9
0x2218	0x2216B0x24abB0x43f
0x2219	0x2216B0x24abB0x1d9
0x2219	0x2216B0x24abB0x43f
0x221a	0x2216B0x24abB0x1d9
0x221a	0x2216B0x24abB0x43f
0x221b	0x2216B0x24abB0x1d9
0x221b	0x2216B0x24abB0x43f
0x221c	0x2216B0x24abB0x1d9
0x221c	0x2216B0x24abB0x43f
0x221d	0x2216B0x24abB0x1d9
0x221d	0x2216B0x24abB0x43f
0x221e	0x2216B0x24abB0x1d9
0x221e	0x2216B0x24abB0x43f
0x2223	0x2220B0x24d3B0x1f83B0x1d32B0x1a19
0x2223	0x2220B0x24d3B0x1f83B0x1e03B0x1cb8
0x2225	0x2220B0x24d3B0x1f83B0x1d32B0x1a19
0x2225	0x2220B0x24d3B0x1f83B0x1e03B0x1cb8
0x2226	0x2220B0x24d3B0x1f83B0x1d32B0x1a19
0x2226	0x2220B0x24d3B0x1f83B0x1e03B0x1cb8
0x222a	0x2220B0x24d3B0x1f83B0x1d32B0x1a19
0x222a	0x2220B0x24d3B0x1f83B0x1e03B0x1cb8
0x2230	0x222fB0x24d3B0x1f83B0x1d32B0x1a19
0x2230	0x222fB0x24d3B0x1f83B0x1e03B0x1cb8
0x2231	0x222fB0x24d3B0x1f83B0x1d32B0x1a19
0x2231	0x222fB0x24d3B0x1f83B0x1e03B0x1cb8
0x2232	0x222fB0x24d3B0x1f83B0x1d32B0x1a19
0x2232	0x222fB0x24d3B0x1f83B0x1e03B0x1cb8
0x2233	0x222fB0x24d3B0x1f83B0x1d32B0x1a19
0x2233	0x222fB0x24d3B0x1f83B0x1e03B0x1cb8
0x2238	0x2235B0x22deB0x2655B0x470
0x2238	0x2235B0x22f2B0x2655B0x470
0x223a	0x2235B0x22deB0x2655B0x470
0x223a	0x2235B0x22f2B0x2655B0x470
0x223b	0x2235B0x22deB0x2655B0x470
0x223b	0x2235B0x22f2B0x2655B0x470
0x223f	0x2235B0x22deB0x2655B0x470
0x223f	0x2235B0x22f2B0x2655B0x470
0x2245	0x2244B0x22deB0x2655B0x470
0x2245	0x2244B0x22f2B0x2655B0x470
0x2246	0x2244B0x22deB0x2655B0x470
0x2246	0x2244B0x22f2B0x2655B0x470
0x2247	0x2244B0x22deB0x2655B0x470
0x2247	0x2244B0x22f2B0x2655B0x470
0x2248	0x2244B0x22deB0x2655B0x470
0x2248	0x2244B0x22f2B0x2655B0x470
0x224d	0x224aB0x2516B0x157b
0x2250	0x224aB0x2516B0x157b
0x2259	0x2257B0x2516B0x157b
0x225c	0x225bB0x2516B0x157b
0x2264	0x225bB0x2516B0x157b
0x226f	0x226eB0x2516B0x157b
0x2270	0x226eB0x2516B0x157b
0x2271	0x226eB0x2516B0x157b
0x2272	0x226eB0x2516B0x157b
0x2276	0x226eB0x2516B0x157b
0x227a	0x226eB0x2516B0x157b
0x227c	0x226eB0x2516B0x157b
0x227d	0x226eB0x2516B0x157b
0x227e	0x226eB0x2516B0x157b
0x2288	0x2286B0x2516B0x157b
0x228e	0x228aB0x2516B0x157b
0x228f	0x228aB0x2516B0x157b
0x2290	0x228aB0x2516B0x157b
0x2296	0x2295B0x2516B0x157b
0x2297	0x2295B0x2516B0x157b
0x2298	0x2295B0x2516B0x157b
0x2299	0x2295B0x2516B0x157b
0x229a	0x2295B0x2516B0x157b
0x229b	0x2295B0x2516B0x157b
0x229c	0x2295B0x2516B0x157b
0x22a3	0x229eB0x2655B0x470
0x22a4	0x229eB0x2655B0x470
0x22ae	0x22acB0x2655B0x470
0x22bb	0x22baB0x2655B0x470
0x22bc	0x22baB0x2655B0x470
0x22c2	0x22baB0x2655B0x470
0x22c3	0x22baB0x2655B0x470
0x22c4	0x22baB0x2655B0x470
0x22cd	0x22caB0x2655B0x470
0x22d0	0x22caB0x2655B0x470
0x22d6	0x22caB0x2655B0x470
0x22d7	0x22caB0x2655B0x470
0x22d8	0x22caB0x2655B0x470
0x22e1	0x22deB0x2655B0x470
0x22e4	0x22deB0x2655B0x470
0x22ea	0x22deB0x2655B0x470
0x22eb	0x22deB0x2655B0x470
0x22ec	0x22deB0x2655B0x470
0x22f5	0x22f2B0x2655B0x470
0x22f8	0x22f2B0x2655B0x470
0x22fe	0x22f2B0x2655B0x470
0x22ff	0x22f2B0x2655B0x470
0x2300	0x22f2B0x2655B0x470
0x2309	0x2306B0x2655B0x470
0x230c	0x2306B0x2655B0x470
0x230d	0x2306B0x2655B0x470
0x230e	0x2306B0x2655B0x470
0x230f	0x2306B0x2655B0x470
0x2310	0x2306B0x2655B0x470
0x2315	0x2312B0x25a5B0x241
0x2315	0x2312B0x25c4B0x241
0x2315	0x2312B0x23d7B0x32d
0x2315	0x2312B0x25a5B0x36a
0x2315	0x2312B0x25c4B0x36a
0x2315	0x2312B0x23d7B0x3a7
0x2315	0x2312B0x2567B0x542
0x2315	0x2312B0x2416B0x272
0x2315	0x2312B0x2438B0x272
0x2315	0x2312B0x25a5B0x3d8
0x2315	0x2312B0x25c4B0x3d8
0x2315	0x2312B0x21f2B0x24abB0x1d9
0x2315	0x2312B0x21f2B0x24abB0x43f
0x2315	0x2312B0x25f7B0x470
0x2315	0x2312B0x2616B0x470
0x2315	0x2312B0x2627B0x470
0x2317	0x2312B0x25a5B0x241
0x2317	0x2312B0x25c4B0x241
0x2317	0x2312B0x23d7B0x32d
0x2317	0x2312B0x25a5B0x36a
0x2317	0x2312B0x25c4B0x36a
0x2317	0x2312B0x23d7B0x3a7
0x2317	0x2312B0x2567B0x542
0x2317	0x2312B0x2416B0x272
0x2317	0x2312B0x2438B0x272
0x2317	0x2312B0x25a5B0x3d8
0x2317	0x2312B0x25c4B0x3d8
0x2317	0x2312B0x21f2B0x24abB0x1d9
0x2317	0x2312B0x21f2B0x24abB0x43f
0x2317	0x2312B0x25f7B0x470
0x2317	0x2312B0x2616B0x470
0x2317	0x2312B0x2627B0x470
0x2318	0x2312B0x25a5B0x241
0x2318	0x2312B0x25c4B0x241
0x2318	0x2312B0x23d7B0x32d
0x2318	0x2312B0x25a5B0x36a
0x2318	0x2312B0x25c4B0x36a
0x2318	0x2312B0x23d7B0x3a7
0x2318	0x2312B0x2567B0x542
0x2318	0x2312B0x2416B0x272
0x2318	0x2312B0x2438B0x272
0x2318	0x2312B0x25a5B0x3d8
0x2318	0x2312B0x25c4B0x3d8
0x2318	0x2312B0x21f2B0x24abB0x1d9
0x2318	0x2312B0x21f2B0x24abB0x43f
0x2318	0x2312B0x25f7B0x470
0x2318	0x2312B0x2616B0x470
0x2318	0x2312B0x2627B0x470
0x231c	0x2312B0x25a5B0x241
0x231c	0x2312B0x25c4B0x241
0x231c	0x2312B0x23d7B0x32d
0x231c	0x2312B0x25a5B0x36a
0x231c	0x2312B0x25c4B0x36a
0x231c	0x2312B0x23d7B0x3a7
0x231c	0x2312B0x2567B0x542
0x231c	0x2312B0x2416B0x272
0x231c	0x2312B0x2438B0x272
0x231c	0x2312B0x25a5B0x3d8
0x231c	0x2312B0x25c4B0x3d8
0x231c	0x2312B0x21f2B0x24abB0x1d9
0x231c	0x2312B0x21f2B0x24abB0x43f
0x231c	0x2312B0x25f7B0x470
0x231c	0x2312B0x2616B0x470
0x231c	0x2312B0x2627B0x470
0x2322	0x2321B0x25a5B0x241
0x2322	0x2321B0x25c4B0x241
0x2322	0x2321B0x23d7B0x32d
0x2322	0x2321B0x25a5B0x36a
0x2322	0x2321B0x25c4B0x36a
0x2322	0x2321B0x23d7B0x3a7
0x2322	0x2321B0x2567B0x542
0x2322	0x2321B0x2416B0x272
0x2322	0x2321B0x2438B0x272
0x2322	0x2321B0x25a5B0x3d8
0x2322	0x2321B0x25c4B0x3d8
0x2322	0x2321B0x21f2B0x24abB0x1d9
0x2322	0x2321B0x21f2B0x24abB0x43f
0x2322	0x2321B0x25f7B0x470
0x2322	0x2321B0x2616B0x470
0x2322	0x2321B0x2627B0x470
0x2323	0x2321B0x25a5B0x241
0x2323	0x2321B0x25c4B0x241
0x2323	0x2321B0x23d7B0x32d
0x2323	0x2321B0x25a5B0x36a
0x2323	0x2321B0x25c4B0x36a
0x2323	0x2321B0x23d7B0x3a7
0x2323	0x2321B0x2567B0x542
0x2323	0x2321B0x2416B0x272
0x2323	0x2321B0x2438B0x272
0x2323	0x2321B0x25a5B0x3d8
0x2323	0x2321B0x25c4B0x3d8
0x2323	0x2321B0x21f2B0x24abB0x1d9
0x2323	0x2321B0x21f2B0x24abB0x43f
0x2323	0x2321B0x25f7B0x470
0x2323	0x2321B0x2616B0x470
0x2323	0x2321B0x2627B0x470
0x2324	0x2321B0x25a5B0x241
0x2324	0x2321B0x25c4B0x241
0x2324	0x2321B0x23d7B0x32d
0x2324	0x2321B0x25a5B0x36a
0x2324	0x2321B0x25c4B0x36a
0x2324	0x2321B0x23d7B0x3a7
0x2324	0x2321B0x2567B0x542
0x2324	0x2321B0x2416B0x272
0x2324	0x2321B0x2438B0x272
0x2324	0x2321B0x25a5B0x3d8
0x2324	0x2321B0x25c4B0x3d8
0x2324	0x2321B0x21f2B0x24abB0x1d9
0x2324	0x2321B0x21f2B0x24abB0x43f
0x2324	0x2321B0x25f7B0x470
0x2324	0x2321B0x2616B0x470
0x2324	0x2321B0x2627B0x470
0x2325	0x2321B0x25a5B0x241
0x2325	0x2321B0x25c4B0x241
0x2325	0x2321B0x23d7B0x32d
0x2325	0x2321B0x25a5B0x36a
0x2325	0x2321B0x25c4B0x36a
0x2325	0x2321B0x23d7B0x3a7
0x2325	0x2321B0x2567B0x542
0x2325	0x2321B0x2416B0x272
0x2325	0x2321B0x2438B0x272
0x2325	0x2321B0x25a5B0x3d8
0x2325	0x2321B0x25c4B0x3d8
0x2325	0x2321B0x21f2B0x24abB0x1d9
0x2325	0x2321B0x21f2B0x24abB0x43f
0x2325	0x2321B0x25f7B0x470
0x2325	0x2321B0x2616B0x470
0x2325	0x2321B0x2627B0x470
0x232a	0x2327B0x253dB0xe96
0x232a	0x2327B0x253dB0x17d3
0x232a	0x2327B0x253dB0x18e2
0x232a	0x2327B0x253dB0x16b8B0x4ec
0x232c	0x2327B0x253dB0xe96
0x232c	0x2327B0x253dB0x17d3
0x232c	0x2327B0x253dB0x18e2
0x232c	0x2327B0x253dB0x16b8B0x4ec
0x232d	0x2327B0x253dB0xe96
0x232d	0x2327B0x253dB0x17d3
0x232d	0x2327B0x253dB0x18e2
0x232d	0x2327B0x253dB0x16b8B0x4ec
0x2331	0x2327B0x253dB0xe96
0x2331	0x2327B0x253dB0x17d3
0x2331	0x2327B0x253dB0x18e2
0x2331	0x2327B0x253dB0x16b8B0x4ec
0x2337	0x2336B0x253dB0xe96
0x2337	0x2336B0x253dB0x17d3
0x2337	0x2336B0x253dB0x18e2
0x2337	0x2336B0x253dB0x16b8B0x4ec
0x2338	0x2336B0x253dB0xe96
0x2338	0x2336B0x253dB0x17d3
0x2338	0x2336B0x253dB0x18e2
0x2338	0x2336B0x253dB0x16b8B0x4ec
0x2339	0x2336B0x253dB0xe96
0x2339	0x2336B0x253dB0x17d3
0x2339	0x2336B0x253dB0x18e2
0x2339	0x2336B0x253dB0x16b8B0x4ec
0x233a	0x2336B0x253dB0xe96
0x233a	0x2336B0x253dB0x17d3
0x233a	0x2336B0x253dB0x18e2
0x233a	0x2336B0x253dB0x16b8B0x4ec
0x233f	0x233cB0x22caB0x2655B0x470
0x2341	0x233cB0x22caB0x2655B0x470
0x2342	0x233cB0x22caB0x2655B0x470
0x2346	0x233cB0x22caB0x2655B0x470
0x234c	0x234bB0x22caB0x2655B0x470
0x234d	0x234bB0x22caB0x2655B0x470
0x234e	0x234bB0x22caB0x2655B0x470
0x234f	0x234bB0x22caB0x2655B0x470
0x2356	0x2351B0x171
0x2357	0x2351B0x171
0x2361	0x235fB0x171
0x2369	0x2363B0x171
0x236a	0x2363B0x171
0x236b	0x2363B0x171
0x2372	0x2371B0x171
0x2373	0x2371B0x171
0x2374	0x2371B0x171
0x2375	0x2371B0x171
0x2376	0x2371B0x171
0x2377	0x2371B0x171
0x2378	0x2371B0x171
0x237d	0x237aB0x2d9
0x237d	0x237aB0x498
0x2380	0x237aB0x2d9
0x2380	0x237aB0x498
0x2381	0x237aB0x2d9
0x2381	0x237aB0x498
0x238b	0x2389B0x2d9
0x238b	0x2389B0x498
0x2393	0x238dB0x2d9
0x2393	0x238dB0x498
0x2394	0x238dB0x2d9
0x2394	0x238dB0x498
0x2395	0x238dB0x2d9
0x2395	0x238dB0x498
0x239c	0x239bB0x2d9
0x239c	0x239bB0x498
0x239d	0x239bB0x2d9
0x239d	0x239bB0x498
0x239e	0x239bB0x2d9
0x239e	0x239bB0x498
0x23a4	0x239bB0x2d9
0x23a4	0x239bB0x498
0x23a5	0x239bB0x2d9
0x23a5	0x239bB0x498
0x23a6	0x239bB0x2d9
0x23a6	0x239bB0x498
0x23ad	0x23acB0x2d9
0x23ad	0x23acB0x498
0x23ae	0x23acB0x2d9
0x23ae	0x23acB0x498
0x23af	0x23acB0x2d9
0x23af	0x23acB0x498
0x23b0	0x23acB0x2d9
0x23b0	0x23acB0x498
0x23b1	0x23acB0x2d9
0x23b1	0x23acB0x498
0x23b2	0x23acB0x2d9
0x23b2	0x23acB0x498
0x23b3	0x23acB0x2d9
0x23b3	0x23acB0x498
0x23b4	0x23acB0x2d9
0x23b4	0x23acB0x498
0x23b9	0x23b6B0x32d
0x23b9	0x23b6B0x3a7
0x23bc	0x23b6B0x32d
0x23bc	0x23b6B0x3a7
0x23bd	0x23b6B0x32d
0x23bd	0x23b6B0x3a7
0x23c7	0x23c5B0x32d
0x23c7	0x23c5B0x3a7
0x23cf	0x23c9B0x32d
0x23cf	0x23c9B0x3a7
0x23d0	0x23c9B0x32d
0x23d0	0x23c9B0x3a7
0x23d1	0x23c9B0x32d
0x23d1	0x23c9B0x3a7
0x23d8	0x23d7B0x32d
0x23d8	0x23d7B0x3a7
0x23d9	0x23d7B0x32d
0x23d9	0x23d7B0x3a7
0x23da	0x23d7B0x32d
0x23da	0x23d7B0x3a7
0x23e0	0x23d7B0x32d
0x23e0	0x23d7B0x3a7
0x23e1	0x23d7B0x32d
0x23e1	0x23d7B0x3a7
0x23e2	0x23d7B0x32d
0x23e2	0x23d7B0x3a7
0x23e9	0x23e8B0x32d
0x23e9	0x23e8B0x3a7
0x23ea	0x23e8B0x32d
0x23ea	0x23e8B0x3a7
0x23eb	0x23e8B0x32d
0x23eb	0x23e8B0x3a7
0x23ec	0x23e8B0x32d
0x23ec	0x23e8B0x3a7
0x23ed	0x23e8B0x32d
0x23ed	0x23e8B0x3a7
0x23ee	0x23e8B0x32d
0x23ee	0x23e8B0x3a7
0x23ef	0x23e8B0x32d
0x23ef	0x23e8B0x3a7
0x23f0	0x23e8B0x32d
0x23f0	0x23e8B0x3a7
0x23f5	0x23f2B0x272
0x23f8	0x23f2B0x272
0x23fb	0x23f2B0x272
0x23fc	0x23f2B0x272
0x2406	0x2404B0x272
0x240e	0x2408B0x272
0x240f	0x2408B0x272
0x2410	0x2408B0x272
0x2417	0x2416B0x272
0x2418	0x2416B0x272
0x2419	0x2416B0x272
0x241f	0x2416B0x272
0x2420	0x2416B0x272
0x2421	0x2416B0x272
0x2428	0x2427B0x272
0x2429	0x2427B0x272
0x242a	0x2427B0x272
0x2430	0x2427B0x272
0x2431	0x2427B0x272
0x2432	0x2427B0x272
0x2439	0x2438B0x272
0x243a	0x2438B0x272
0x243b	0x2438B0x272
0x2441	0x2438B0x272
0x2442	0x2438B0x272
0x2443	0x2438B0x272
0x244a	0x2449B0x272
0x244b	0x2449B0x272
0x244c	0x2449B0x272
0x244d	0x2449B0x272
0x244e	0x2449B0x272
0x244f	0x2449B0x272
0x2450	0x2449B0x272
0x2451	0x2449B0x272
0x2452	0x2449B0x272
0x2453	0x2449B0x272
0x2458	0x2455B0x1d9
0x2458	0x2455B0x43f
0x245b	0x2455B0x1d9
0x245b	0x2455B0x43f
0x245c	0x2455B0x1d9
0x245c	0x2455B0x43f
0x2466	0x2464B0x1d9
0x2466	0x2464B0x43f
0x246b	0x2468B0x1d9
0x246b	0x2468B0x43f
0x2477	0x2468B0x1d9
0x2477	0x2468B0x43f
0x2480	0x247eB0x1d9
0x2480	0x247eB0x43f
0x2486	0x2482B0x1d9
0x2486	0x2482B0x43f
0x2487	0x2482B0x1d9
0x2487	0x2482B0x43f
0x2488	0x2482B0x1d9
0x2488	0x2482B0x43f
0x248f	0x248eB0x1d9
0x248f	0x248eB0x43f
0x2490	0x248eB0x1d9
0x2490	0x248eB0x43f
0x2491	0x248eB0x1d9
0x2491	0x248eB0x43f
0x2494	0x248eB0x1d9
0x2494	0x248eB0x43f
0x24a0	0x248eB0x1d9
0x24a0	0x248eB0x43f
0x24a9	0x24a7B0x1d9
0x24a9	0x24a7B0x43f
0x24af	0x24abB0x1d9
0x24af	0x24abB0x43f
0x24b0	0x24abB0x1d9
0x24b0	0x24abB0x43f
0x24b1	0x24abB0x1d9
0x24b1	0x24abB0x43f
0x24b8	0x24b7B0x1d9
0x24b8	0x24b7B0x43f
0x24b9	0x24b7B0x1d9
0x24b9	0x24b7B0x43f
0x24ba	0x24b7B0x1d9
0x24ba	0x24b7B0x43f
0x24bb	0x24b7B0x1d9
0x24bb	0x24b7B0x43f
0x24bc	0x24b7B0x1d9
0x24bc	0x24b7B0x43f
0x24bd	0x24b7B0x1d9
0x24bd	0x24b7B0x43f
0x24be	0x24b7B0x1d9
0x24be	0x24b7B0x43f
0x24bf	0x24b7B0x1d9
0x24bf	0x24b7B0x43f
0x24c6	0x24c1B0x1f83B0x1d32B0x1a19
0x24c6	0x24c1B0x1f83B0x1e03B0x1cb8
0x24c7	0x24c1B0x1f83B0x1d32B0x1a19
0x24c7	0x24c1B0x1f83B0x1e03B0x1cb8
0x24d1	0x24cfB0x1f83B0x1d32B0x1a19
0x24d1	0x24cfB0x1f83B0x1e03B0x1cb8
0x24d9	0x24d3B0x1f83B0x1d32B0x1a19
0x24d9	0x24d3B0x1f83B0x1e03B0x1cb8
0x24da	0x24d3B0x1f83B0x1d32B0x1a19
0x24da	0x24d3B0x1f83B0x1e03B0x1cb8
0x24db	0x24d3B0x1f83B0x1d32B0x1a19
0x24db	0x24d3B0x1f83B0x1e03B0x1cb8
0x24e2	0x24e1B0x1f83B0x1d32B0x1a19
0x24e2	0x24e1B0x1f83B0x1e03B0x1cb8
0x24e3	0x24e1B0x1f83B0x1d32B0x1a19
0x24e3	0x24e1B0x1f83B0x1e03B0x1cb8
0x24e4	0x24e1B0x1f83B0x1d32B0x1a19
0x24e4	0x24e1B0x1f83B0x1e03B0x1cb8
0x24e5	0x24e1B0x1f83B0x1d32B0x1a19
0x24e5	0x24e1B0x1f83B0x1e03B0x1cb8
0x24e6	0x24e1B0x1f83B0x1d32B0x1a19
0x24e6	0x24e1B0x1f83B0x1e03B0x1cb8
0x24e7	0x24e1B0x1f83B0x1d32B0x1a19
0x24e7	0x24e1B0x1f83B0x1e03B0x1cb8
0x24e8	0x24e1B0x1f83B0x1d32B0x1a19
0x24e8	0x24e1B0x1f83B0x1e03B0x1cb8
0x24ef	0x24eaB0x157b
0x24f0	0x24eaB0x157b
0x24fa	0x24f8B0x157b
0x24ff	0x24fcB0x157b
0x250b	0x24fcB0x157b
0x2514	0x2512B0x157b
0x251a	0x2516B0x157b
0x251b	0x2516B0x157b
0x251c	0x2516B0x157b
0x2523	0x2522B0x157b
0x2524	0x2522B0x157b
0x2525	0x2522B0x157b
0x2526	0x2522B0x157b
0x2527	0x2522B0x157b
0x2528	0x2522B0x157b
0x2529	0x2522B0x157b
0x2530	0x252bB0xe96
0x2530	0x252bB0x17d3
0x2530	0x252bB0x18e2
0x2530	0x252bB0x16b8B0x4ec
0x2531	0x252bB0xe96
0x2531	0x252bB0x17d3
0x2531	0x252bB0x18e2
0x2531	0x252bB0x16b8B0x4ec
0x253b	0x2539B0xe96
0x253b	0x2539B0x17d3
0x253b	0x2539B0x18e2
0x253b	0x2539B0x16b8B0x4ec
0x2543	0x253dB0xe96
0x2543	0x253dB0x17d3
0x2543	0x253dB0x18e2
0x2543	0x253dB0x16b8B0x4ec
0x2544	0x253dB0xe96
0x2544	0x253dB0x17d3
0x2544	0x253dB0x18e2
0x2544	0x253dB0x16b8B0x4ec
0x2545	0x253dB0xe96
0x2545	0x253dB0x17d3
0x2545	0x253dB0x18e2
0x2545	0x253dB0x16b8B0x4ec
0x254c	0x254bB0xe96
0x254c	0x254bB0x17d3
0x254c	0x254bB0x18e2
0x254c	0x254bB0x16b8B0x4ec
0x254d	0x254bB0xe96
0x254d	0x254bB0x17d3
0x254d	0x254bB0x18e2
0x254d	0x254bB0x16b8B0x4ec
0x254e	0x254bB0xe96
0x254e	0x254bB0x17d3
0x254e	0x254bB0x18e2
0x254e	0x254bB0x16b8B0x4ec
0x254f	0x254bB0xe96
0x254f	0x254bB0x17d3
0x254f	0x254bB0x18e2
0x254f	0x254bB0x16b8B0x4ec
0x2550	0x254bB0xe96
0x2550	0x254bB0x17d3
0x2550	0x254bB0x18e2
0x2550	0x254bB0x16b8B0x4ec
0x2551	0x254bB0xe96
0x2551	0x254bB0x17d3
0x2551	0x254bB0x18e2
0x2551	0x254bB0x16b8B0x4ec
0x2552	0x254bB0xe96
0x2552	0x254bB0x17d3
0x2552	0x254bB0x18e2
0x2552	0x254bB0x16b8B0x4ec
0x2557	0x2554B0x542
0x255a	0x2554B0x542
0x255b	0x2554B0x542
0x2565	0x2563B0x542
0x256d	0x2567B0x542
0x256e	0x2567B0x542
0x256f	0x2567B0x542
0x2576	0x2575B0x542
0x2577	0x2575B0x542
0x2578	0x2575B0x542
0x257e	0x2575B0x542
0x257f	0x2575B0x542
0x2580	0x2575B0x542
0x2587	0x2586B0x542
0x2588	0x2586B0x542
0x2589	0x2586B0x542
0x258a	0x2586B0x542
0x258b	0x2586B0x542
0x258c	0x2586B0x542
0x258d	0x2586B0x542
0x258e	0x2586B0x542
0x2593	0x2590B0x241
0x2593	0x2590B0x36a
0x2593	0x2590B0x3d8
0x2598	0x2590B0x241
0x2598	0x2590B0x36a
0x2598	0x2590B0x3d8
0x2599	0x2590B0x241
0x2599	0x2590B0x36a
0x2599	0x2590B0x3d8
0x25a3	0x25a1B0x241
0x25a3	0x25a1B0x36a
0x25a3	0x25a1B0x3d8
0x25ab	0x25a5B0x241
0x25ab	0x25a5B0x36a
0x25ab	0x25a5B0x3d8
0x25ac	0x25a5B0x241
0x25ac	0x25a5B0x36a
0x25ac	0x25a5B0x3d8
0x25ad	0x25a5B0x241
0x25ad	0x25a5B0x36a
0x25ad	0x25a5B0x3d8
0x25b4	0x25b3B0x241
0x25b4	0x25b3B0x36a
0x25b4	0x25b3B0x3d8
0x25b5	0x25b3B0x241
0x25b5	0x25b3B0x36a
0x25b5	0x25b3B0x3d8
0x25b6	0x25b3B0x241
0x25b6	0x25b3B0x36a
0x25b6	0x25b3B0x3d8
0x25bc	0x25b3B0x241
0x25bc	0x25b3B0x36a
0x25bc	0x25b3B0x3d8
0x25bd	0x25b3B0x241
0x25bd	0x25b3B0x36a
0x25bd	0x25b3B0x3d8
0x25be	0x25b3B0x241
0x25be	0x25b3B0x36a
0x25be	0x25b3B0x3d8
0x25c5	0x25c4B0x241
0x25c5	0x25c4B0x36a
0x25c5	0x25c4B0x3d8
0x25c6	0x25c4B0x241
0x25c6	0x25c4B0x36a
0x25c6	0x25c4B0x3d8
0x25c7	0x25c4B0x241
0x25c7	0x25c4B0x36a
0x25c7	0x25c4B0x3d8
0x25cd	0x25c4B0x241
0x25cd	0x25c4B0x36a
0x25cd	0x25c4B0x3d8
0x25ce	0x25c4B0x241
0x25ce	0x25c4B0x36a
0x25ce	0x25c4B0x3d8
0x25cf	0x25c4B0x241
0x25cf	0x25c4B0x36a
0x25cf	0x25c4B0x3d8
0x25d6	0x25d5B0x241
0x25d6	0x25d5B0x36a
0x25d6	0x25d5B0x3d8
0x25d7	0x25d5B0x241
0x25d7	0x25d5B0x36a
0x25d7	0x25d5B0x3d8
0x25d8	0x25d5B0x241
0x25d8	0x25d5B0x36a
0x25d8	0x25d5B0x3d8
0x25d9	0x25d5B0x241
0x25d9	0x25d5B0x36a
0x25d9	0x25d5B0x3d8
0x25da	0x25d5B0x241
0x25da	0x25d5B0x36a
0x25da	0x25d5B0x3d8
0x25db	0x25d5B0x241
0x25db	0x25d5B0x36a
0x25db	0x25d5B0x3d8
0x25dc	0x25d5B0x241
0x25dc	0x25d5B0x36a
0x25dc	0x25d5B0x3d8
0x25dd	0x25d5B0x241
0x25dd	0x25d5B0x36a
0x25dd	0x25d5B0x3d8
0x25e2	0x25dfB0x470
0x25e5	0x25dfB0x470
0x25ea	0x25dfB0x470
0x25eb	0x25dfB0x470
0x25f5	0x25f3B0x470
0x25fd	0x25f7B0x470
0x25fe	0x25f7B0x470
0x25ff	0x25f7B0x470
0x2606	0x2605B0x470
0x2607	0x2605B0x470
0x2608	0x2605B0x470
0x260e	0x2605B0x470
0x260f	0x2605B0x470
0x2610	0x2605B0x470
0x2617	0x2616B0x470
0x2618	0x2616B0x470
0x2619	0x2616B0x470
0x261f	0x2616B0x470
0x2620	0x2616B0x470
0x2621	0x2616B0x470
0x2628	0x2627B0x470
0x2629	0x2627B0x470
0x262a	0x2627B0x470
0x2630	0x2627B0x470
0x2631	0x2627B0x470
0x2632	0x2627B0x470
0x2639	0x2638B0x470
0x263a	0x2638B0x470
0x263b	0x2638B0x470
0x263e	0x2638B0x470
0x264a	0x2638B0x470
0x2653	0x2651B0x470
0x2659	0x2655B0x470
0x265a	0x2655B0x470
0x265b	0x2655B0x470
0x2662	0x2661B0x470
0x2663	0x2661B0x470
0x2664	0x2661B0x470
0x2665	0x2661B0x470
0x2666	0x2661B0x470
0x2667	0x2661B0x470
0x2668	0x2661B0x470
0x2669	0x2661B0x470
0x266a	0x2661B0x470
0x266b	0x2661B0x470
0x266c	0x2661B0x470
0x2674	0x266eB0x2c54B0x1f4
0x2674	0x266eB0x2c54B0x45a
0x2675	0x266eB0x2c54B0x1f4
0x2675	0x266eB0x2c54B0x45a
0x267d	0x267aB0x2c54B0x1f4
0x267d	0x267aB0x2c54B0x45a
0x267f	0x267aB0x2c54B0x1f4
0x267f	0x267aB0x2c54B0x45a
0x2680	0x267aB0x2c54B0x1f4
0x2680	0x267aB0x2c54B0x45a
0x2681	0x267aB0x2c54B0x1f4
0x2681	0x267aB0x2c54B0x45a
0x2682	0x267aB0x2c54B0x1f4
0x2682	0x267aB0x2c54B0x45a
0x2683	0x267aB0x2c54B0x1f4
0x2683	0x267aB0x2c54B0x45a
0x2684	0x267aB0x2c54B0x1f4
0x2684	0x267aB0x2c54B0x45a
0x268a	0x2686B0x2bd9B0x14f
0x268a	0x2686B0x2bd9B0x4ca
0x268a	0x2686B0x2bd9B0x520
0x268a	0x2686B0x2d13B0xff0
0x268a	0x2686B0x2d3aB0xff0
0x268a	0x2686B0x2cdbB0x15b3
0x268a	0x2686B0x2bd9B0x162fB0x4ec
0x268a	0x2686B0x2bf4B0x1d11B0x1a19
0x268a	0x2686B0x2c09B0x1d11B0x1a19
0x268a	0x2686B0x2c2bB0x1de4B0x1cb8
0x2690	0x268fB0x2bd9B0x14f
0x2690	0x268fB0x2bd9B0x4ca
0x2690	0x268fB0x2bd9B0x520
0x2690	0x268fB0x2d13B0xff0
0x2690	0x268fB0x2d3aB0xff0
0x2690	0x268fB0x2cdbB0x15b3
0x2690	0x268fB0x2bd9B0x162fB0x4ec
0x2690	0x268fB0x2bf4B0x1d11B0x1a19
0x2690	0x268fB0x2c09B0x1d11B0x1a19
0x2690	0x268fB0x2c2bB0x1de4B0x1cb8
0x2692	0x268fB0x2bd9B0x14f
0x2692	0x268fB0x2bd9B0x4ca
0x2692	0x268fB0x2bd9B0x520
0x2692	0x268fB0x2d13B0xff0
0x2692	0x268fB0x2d3aB0xff0
0x2692	0x268fB0x2cdbB0x15b3
0x2692	0x268fB0x2bd9B0x162fB0x4ec
0x2692	0x268fB0x2bf4B0x1d11B0x1a19
0x2692	0x268fB0x2c09B0x1d11B0x1a19
0x2692	0x268fB0x2c2bB0x1de4B0x1cb8
0x2693	0x268fB0x2bd9B0x14f
0x2693	0x268fB0x2bd9B0x4ca
0x2693	0x268fB0x2bd9B0x520
0x2693	0x268fB0x2d13B0xff0
0x2693	0x268fB0x2d3aB0xff0
0x2693	0x268fB0x2cdbB0x15b3
0x2693	0x268fB0x2bd9B0x162fB0x4ec
0x2693	0x268fB0x2bf4B0x1d11B0x1a19
0x2693	0x268fB0x2c09B0x1d11B0x1a19
0x2693	0x268fB0x2c2bB0x1de4B0x1cb8
0x269b	0x2695B0x2c54B0x1f4
0x269b	0x2695B0x2c54B0x45a
0x26a4	0x26a0B0x2c54B0x1f4
0x26a4	0x26a0B0x2c54B0x45a
0x26a5	0x26a0B0x2c54B0x1f4
0x26a5	0x26a0B0x2c54B0x45a
0x26ab	0x26aaB0x2c54B0x1f4
0x26ab	0x26aaB0x2c54B0x45a
0x26ac	0x26aaB0x2c54B0x1f4
0x26ac	0x26aaB0x2c54B0x45a
0x26b0	0x26aaB0x2c54B0x1f4
0x26b0	0x26aaB0x2c54B0x45a
0x26b6	0x26b5B0x2c54B0x1f4
0x26b6	0x26b5B0x2c54B0x45a
0x26ba	0x26b9B0x2c54B0x1f4
0x26ba	0x26b9B0x2c54B0x45a
0x26bb	0x26b9B0x2c54B0x1f4
0x26bb	0x26b9B0x2c54B0x45a
0x26c7	0x26c2B0x2c54B0x1f4
0x26c7	0x26c2B0x2c54B0x45a
0x26c8	0x26c2B0x2c54B0x1f4
0x26c8	0x26c2B0x2c54B0x45a
0x26ce	0x26cdB0x2c54B0x1f4
0x26ce	0x26cdB0x2c54B0x45a
0x26cf	0x26cdB0x2c54B0x1f4
0x26cf	0x26cdB0x2c54B0x45a
0x26d3	0x26cdB0x2c54B0x1f4
0x26d3	0x26cdB0x2c54B0x45a
0x26d9	0x26d8B0x2c54B0x1f4
0x26d9	0x26d8B0x2c54B0x45a
0x26da	0x26d8B0x2c54B0x1f4
0x26da	0x26d8B0x2c54B0x45a
0x26db	0x26d8B0x2c54B0x1f4
0x26db	0x26d8B0x2c54B0x45a
0x26de	0x26d8B0x2c54B0x1f4
0x26de	0x26d8B0x2c54B0x45a
0x26e0	0x26d8B0x2c54B0x1f4
0x26e0	0x26d8B0x2c54B0x45a
0x26e1	0x26d8B0x2c54B0x1f4
0x26e1	0x26d8B0x2c54B0x45a
0x26e7	0x26e6B0x2c54B0x1f4
0x26e7	0x26e6B0x2c54B0x45a
0x26e8	0x26e6B0x2c54B0x1f4
0x26e8	0x26e6B0x2c54B0x45a
0x26e9	0x26e6B0x2c54B0x1f4
0x26e9	0x26e6B0x2c54B0x45a
0x26ea	0x26e6B0x2c54B0x1f4
0x26ea	0x26e6B0x2c54B0x45a
0x26eb	0x26e6B0x2c54B0x1f4
0x26eb	0x26e6B0x2c54B0x45a
0x26ec	0x26e6B0x2c54B0x1f4
0x26ec	0x26e6B0x2c54B0x45a
0x26ed	0x26e6B0x2c54B0x1f4
0x26ed	0x26e6B0x2c54B0x45a
0x26ee	0x26e6B0x2c54B0x1f4
0x26ee	0x26e6B0x2c54B0x45a
0x26ef	0x26e6B0x2c54B0x1f4
0x26ef	0x26e6B0x2c54B0x45a
0x26f0	0x26e6B0x2c54B0x1f4
0x26f0	0x26e6B0x2c54B0x45a
0x26f1	0x26e6B0x2c54B0x1f4
0x26f1	0x26e6B0x2c54B0x45a
0x26f7	0x26f3B0x30b
0x26fd	0x26fcB0x30b
0x26ff	0x26fcB0x30b
0x2700	0x26fcB0x30b
0x2706	0x2702B0x2c91B0x21f
0x2706	0x2702B0x2c91B0x2b7
0x2706	0x2702B0x2c91B0x41d
0x2706	0x2702B0x2c91B0x172c
0x2706	0x2702B0x2c91B0xde9
0x2706	0x2702B0x2cf1B0xff0
0x2706	0x2702B0x2d52B0x1099
0x2706	0x2702B0x2d74B0x1099
0x2706	0x2702B0x2d81B0x1099
0x2706	0x2702B0x2cacB0x15b3
0x2706	0x2702B0x2cc1B0x15b3
0x2706	0x2702B0x2c91B0x1839
0x270c	0x270bB0x2c91B0x21f
0x270c	0x270bB0x2c91B0x2b7
0x270c	0x270bB0x2c91B0x41d
0x270c	0x270bB0x2c91B0x172c
0x270c	0x270bB0x2c91B0xde9
0x270c	0x270bB0x2cf1B0xff0
0x270c	0x270bB0x2d52B0x1099
0x270c	0x270bB0x2d74B0x1099
0x270c	0x270bB0x2d81B0x1099
0x270c	0x270bB0x2cacB0x15b3
0x270c	0x270bB0x2cc1B0x15b3
0x270c	0x270bB0x2c91B0x1839
0x270e	0x270bB0x2c91B0x21f
0x270e	0x270bB0x2c91B0x2b7
0x270e	0x270bB0x2c91B0x41d
0x270e	0x270bB0x2c91B0x172c
0x270e	0x270bB0x2c91B0xde9
0x270e	0x270bB0x2cf1B0xff0
0x270e	0x270bB0x2d52B0x1099
0x270e	0x270bB0x2d74B0x1099
0x270e	0x270bB0x2d81B0x1099
0x270e	0x270bB0x2cacB0x15b3
0x270e	0x270bB0x2cc1B0x15b3
0x270e	0x270bB0x2c91B0x1839
0x270f	0x270bB0x2c91B0x21f
0x270f	0x270bB0x2c91B0x2b7
0x270f	0x270bB0x2c91B0x41d
0x270f	0x270bB0x2c91B0x172c
0x270f	0x270bB0x2c91B0xde9
0x270f	0x270bB0x2cf1B0xff0
0x270f	0x270bB0x2d52B0x1099
0x270f	0x270bB0x2d74B0x1099
0x270f	0x270bB0x2d81B0x1099
0x270f	0x270bB0x2cacB0x15b3
0x270f	0x270bB0x2cc1B0x15b3
0x270f	0x270bB0x2c91B0x1839
0x2718	0x2711B0x2bad
0x2718	0x2711B0x2bb9
0x2723	0x2722B0x2bad
0x2723	0x2722B0x2bb9
0x2725	0x2722B0x2bad
0x2725	0x2722B0x2bb9
0x2726	0x2722B0x2bad
0x2726	0x2722B0x2bb9
0x272e	0x2728B0x1ec8B0x1d32B0x1a19
0x272e	0x2728B0x1ec8B0x1e03B0x1cb8
0x2737	0x2733B0x1ec8B0x1d32B0x1a19
0x2737	0x2733B0x1ec8B0x1e03B0x1cb8
0x2738	0x2733B0x1ec8B0x1d32B0x1a19
0x2738	0x2733B0x1ec8B0x1e03B0x1cb8
0x273e	0x273dB0x1ec8B0x1d32B0x1a19
0x273e	0x273dB0x1ec8B0x1e03B0x1cb8
0x273f	0x273dB0x1ec8B0x1d32B0x1a19
0x273f	0x273dB0x1ec8B0x1e03B0x1cb8
0x2743	0x273dB0x1ec8B0x1d32B0x1a19
0x2743	0x273dB0x1ec8B0x1e03B0x1cb8
0x2744	0x273dB0x1ec8B0x1d32B0x1a19
0x2744	0x273dB0x1ec8B0x1e03B0x1cb8
0x2747	0x273dB0x1ec8B0x1d32B0x1a19
0x2747	0x273dB0x1ec8B0x1e03B0x1cb8
0x274e	0x274dB0x1ec8B0x1d32B0x1a19
0x274e	0x274dB0x1ec8B0x1e03B0x1cb8
0x274f	0x274dB0x1ec8B0x1d32B0x1a19
0x274f	0x274dB0x1ec8B0x1e03B0x1cb8
0x2751	0x274dB0x1ec8B0x1d32B0x1a19
0x2751	0x274dB0x1ec8B0x1e03B0x1cb8
0x2752	0x274dB0x1ec8B0x1d32B0x1a19
0x2752	0x274dB0x1ec8B0x1e03B0x1cb8
0x2753	0x274dB0x1ec8B0x1d32B0x1a19
0x2753	0x274dB0x1ec8B0x1e03B0x1cb8
0x2754	0x274dB0x1ec8B0x1d32B0x1a19
0x2754	0x274dB0x1ec8B0x1e03B0x1cb8
0x2755	0x274dB0x1ec8B0x1d32B0x1a19
0x2755	0x274dB0x1ec8B0x1e03B0x1cb8
0x2756	0x274dB0x1ec8B0x1d32B0x1a19
0x2756	0x274dB0x1ec8B0x1e03B0x1cb8
0x2757	0x274dB0x1ec8B0x1d32B0x1a19
0x2757	0x274dB0x1ec8B0x1e03B0x1cb8
0x275f	0x2759B0x1fe9
0x2768	0x2764B0x1fe9
0x2769	0x2764B0x1fe9
0x276f	0x276eB0x1fe9
0x2770	0x276eB0x1fe9
0x2774	0x276eB0x1fe9
0x2775	0x276eB0x1fe9
0x2778	0x276eB0x1fe9
0x2782	0x277eB0x1fe9
0x2788	0x2787B0x1fe9
0x278a	0x2787B0x1fe9
0x278b	0x2787B0x1fe9
0x278c	0x2787B0x1fe9
0x278d	0x2787B0x1fe9
0x278e	0x2787B0x1fe9
0x278f	0x2787B0x1fe9
0x2790	0x2787B0x1fe9
0x279a	0x2792B0x1126
0x27a0	0x279fB0x1126
0x27a1	0x279fB0x1126
0x27c5	0x279fB0x1126
0x27ca	0x279fB0x1126
0x27cc	0x279fB0x1126
0x27cd	0x279fB0x1126
0x27ce	0x279fB0x1126
0x27cf	0x279fB0x1126
0x27d0	0x279fB0x1126
0x27da	0x27d2B0xec2
0x27e0	0x27dfB0xec2
0x27e1	0x27dfB0xec2
0x2805	0x27dfB0xec2
0x280a	0x27dfB0xec2
0x280c	0x27dfB0xec2
0x280d	0x27dfB0xec2
0x280e	0x27dfB0xec2
0x280f	0x27dfB0xec2
0x2810	0x27dfB0xec2
0x281a	0x2812
0x2820	0x281f
0x2821	0x281f
0x2845	0x281f
0x284a	0x281f
0x284c	0x281f
0x284d	0x281f
0x284e	0x281f
0x284f	0x281f
0x2850	0x281f
0x285a	0x2852B0x1c6c
0x2860	0x285fB0x1c6c
0x2861	0x285fB0x1c6c
0x2885	0x285fB0x1c6c
0x288a	0x285fB0x1c6c
0x288c	0x285fB0x1c6c
0x288d	0x285fB0x1c6c
0x288e	0x285fB0x1c6c
0x288f	0x285fB0x1c6c
0x2890	0x285fB0x1c6c
0x289a	0x2892B0x17ff
0x28a0	0x289fB0x17ff
0x28a1	0x289fB0x17ff
0x28c5	0x289fB0x17ff
0x28ca	0x289fB0x17ff
0x28cc	0x289fB0x17ff
0x28cd	0x289fB0x17ff
0x28ce	0x289fB0x17ff
0x28cf	0x289fB0x17ff
0x28d0	0x289fB0x17ff
0x28da	0x28d2B0xf75
0x28e0	0x28dfB0xf75
0x28e1	0x28dfB0xf75
0x2905	0x28dfB0xf75
0x290a	0x28dfB0xf75
0x290c	0x28dfB0xf75
0x290d	0x28dfB0xf75
0x290e	0x28dfB0xf75
0x290f	0x28dfB0xf75
0x2910	0x28dfB0xf75
0x291a	0x2912B0x1f3eB0x1d32B0x1a19
0x291a	0x2912B0x1f3eB0x1e03B0x1cb8
0x2920	0x291fB0x1f3eB0x1d32B0x1a19
0x2920	0x291fB0x1f3eB0x1e03B0x1cb8
0x2921	0x291fB0x1f3eB0x1d32B0x1a19
0x2921	0x291fB0x1f3eB0x1e03B0x1cb8
0x2945	0x291fB0x1f3eB0x1d32B0x1a19
0x2945	0x291fB0x1f3eB0x1e03B0x1cb8
0x294a	0x291fB0x1f3eB0x1d32B0x1a19
0x294a	0x291fB0x1f3eB0x1e03B0x1cb8
0x294c	0x291fB0x1f3eB0x1d32B0x1a19
0x294c	0x291fB0x1f3eB0x1e03B0x1cb8
0x294d	0x291fB0x1f3eB0x1d32B0x1a19
0x294d	0x291fB0x1f3eB0x1e03B0x1cb8
0x294e	0x291fB0x1f3eB0x1d32B0x1a19
0x294e	0x291fB0x1f3eB0x1e03B0x1cb8
0x294f	0x291fB0x1f3eB0x1d32B0x1a19
0x294f	0x291fB0x1f3eB0x1e03B0x1cb8
0x2950	0x291fB0x1f3eB0x1d32B0x1a19
0x2950	0x291fB0x1f3eB0x1e03B0x1cb8
0x295a	0x2952B0xdaf
0x2960	0x295fB0xdaf
0x2961	0x295fB0xdaf
0x2985	0x295fB0xdaf
0x298a	0x295fB0xdaf
0x298c	0x295fB0xdaf
0x298d	0x295fB0xdaf
0x298e	0x295fB0xdaf
0x298f	0x295fB0xdaf
0x2990	0x295fB0xdaf
0x299a	0x2992B0x11ab
0x29a0	0x299fB0x11ab
0x29a1	0x299fB0x11ab
0x29c5	0x299fB0x11ab
0x29ca	0x299fB0x11ab
0x29cc	0x299fB0x11ab
0x29cd	0x299fB0x11ab
0x29ce	0x299fB0x11ab
0x29cf	0x299fB0x11ab
0x29d0	0x299fB0x11ab
0x29da	0x29d2B0x1382
0x29da	0x29d2B0x1abd
0x29da	0x29d2B0x894B0x2ef
0x29e0	0x29dfB0x1382
0x29e0	0x29dfB0x1abd
0x29e0	0x29dfB0x894B0x2ef
0x29e1	0x29dfB0x1382
0x29e1	0x29dfB0x1abd
0x29e1	0x29dfB0x894B0x2ef
0x2a05	0x29dfB0x1382
0x2a05	0x29dfB0x1abd
0x2a05	0x29dfB0x894B0x2ef
0x2a2b	0x29dfB0x1382
0x2a2b	0x29dfB0x1abd
0x2a2b	0x29dfB0x894B0x2ef
0x2a30	0x29dfB0x1382
0x2a30	0x29dfB0x1abd
0x2a30	0x29dfB0x894B0x2ef
0x2a32	0x29dfB0x1382
0x2a32	0x29dfB0x1abd
0x2a32	0x29dfB0x894B0x2ef
0x2a33	0x29dfB0x1382
0x2a33	0x29dfB0x1abd
0x2a33	0x29dfB0x894B0x2ef
0x2a34	0x29dfB0x1382
0x2a34	0x29dfB0x1abd
0x2a34	0x29dfB0x894B0x2ef
0x2a35	0x29dfB0x1382
0x2a35	0x29dfB0x1abd
0x2a35	0x29dfB0x894B0x2ef
0x2a36	0x29dfB0x1382
0x2a36	0x29dfB0x1abd
0x2a36	0x29dfB0x894B0x2ef
0x2a40	0x2a38B0x5c3B0x1ef
0x2a40	0x2a38B0xc51B0x455
0x2a46	0x2a45B0x5c3B0x1ef
0x2a46	0x2a45B0xc51B0x455
0x2a47	0x2a45B0x5c3B0x1ef
0x2a47	0x2a45B0xc51B0x455
0x2a6b	0x2a45B0x5c3B0x1ef
0x2a6b	0x2a45B0xc51B0x455
0x2a70	0x2a45B0x5c3B0x1ef
0x2a70	0x2a45B0xc51B0x455
0x2a72	0x2a45B0x5c3B0x1ef
0x2a72	0x2a45B0xc51B0x455
0x2a73	0x2a45B0x5c3B0x1ef
0x2a73	0x2a45B0xc51B0x455
0x2a74	0x2a45B0x5c3B0x1ef
0x2a74	0x2a45B0xc51B0x455
0x2a75	0x2a45B0x5c3B0x1ef
0x2a75	0x2a45B0xc51B0x455
0x2a76	0x2a45B0x5c3B0x1ef
0x2a76	0x2a45B0xc51B0x455
0x2a80	0x2a78B0x1f9bB0x1d32B0x1a19
0x2a80	0x2a78B0x1f9bB0x1e03B0x1cb8
0x2a86	0x2a85B0x1f9bB0x1d32B0x1a19
0x2a86	0x2a85B0x1f9bB0x1e03B0x1cb8
0x2a87	0x2a85B0x1f9bB0x1d32B0x1a19
0x2a87	0x2a85B0x1f9bB0x1e03B0x1cb8
0x2aab	0x2a85B0x1f9bB0x1d32B0x1a19
0x2aab	0x2a85B0x1f9bB0x1e03B0x1cb8
0x2ad1	0x2a85B0x1f9bB0x1d32B0x1a19
0x2ad1	0x2a85B0x1f9bB0x1e03B0x1cb8
0x2ad6	0x2a85B0x1f9bB0x1d32B0x1a19
0x2ad6	0x2a85B0x1f9bB0x1e03B0x1cb8
0x2ad8	0x2a85B0x1f9bB0x1d32B0x1a19
0x2ad8	0x2a85B0x1f9bB0x1e03B0x1cb8
0x2ad9	0x2a85B0x1f9bB0x1d32B0x1a19
0x2ad9	0x2a85B0x1f9bB0x1e03B0x1cb8
0x2ada	0x2a85B0x1f9bB0x1d32B0x1a19
0x2ada	0x2a85B0x1f9bB0x1e03B0x1cb8
0x2adb	0x2a85B0x1f9bB0x1d32B0x1a19
0x2adb	0x2a85B0x1f9bB0x1e03B0x1cb8
0x2adc	0x2a85B0x1f9bB0x1d32B0x1a19
0x2adc	0x2a85B0x1f9bB0x1e03B0x1cb8
0x2ae6	0x2adeB0xadb0x39b
0x2ae6	0x2adeB0x9b70x95fB0x343
0x2ae6	0x2adeB0xadb0x5b7B0x1ef
0x2ae6	0x2adeB0x9b70xc45B0x455
0x2aec	0x2aebB0xadb0x39b
0x2aec	0x2aebB0x9b70x95fB0x343
0x2aec	0x2aebB0xadb0x5b7B0x1ef
0x2aec	0x2aebB0x9b70xc45B0x455
0x2aed	0x2aebB0xadb0x39b
0x2aed	0x2aebB0x9b70x95fB0x343
0x2aed	0x2aebB0xadb0x5b7B0x1ef
0x2aed	0x2aebB0x9b70xc45B0x455
0x2b11	0x2aebB0xadb0x39b
0x2b11	0x2aebB0x9b70x95fB0x343
0x2b11	0x2aebB0xadb0x5b7B0x1ef
0x2b11	0x2aebB0x9b70xc45B0x455
0x2b16	0x2aebB0xadb0x39b
0x2b16	0x2aebB0x9b70x95fB0x343
0x2b16	0x2aebB0xadb0x5b7B0x1ef
0x2b16	0x2aebB0x9b70xc45B0x455
0x2b18	0x2aebB0xadb0x39b
0x2b18	0x2aebB0x9b70x95fB0x343
0x2b18	0x2aebB0xadb0x5b7B0x1ef
0x2b18	0x2aebB0x9b70xc45B0x455
0x2b19	0x2aebB0xadb0x39b
0x2b19	0x2aebB0x9b70x95fB0x343
0x2b19	0x2aebB0xadb0x5b7B0x1ef
0x2b19	0x2aebB0x9b70xc45B0x455
0x2b1a	0x2aebB0xadb0x39b
0x2b1a	0x2aebB0x9b70x95fB0x343
0x2b1a	0x2aebB0xadb0x5b7B0x1ef
0x2b1a	0x2aebB0x9b70xc45B0x455
0x2b1b	0x2aebB0xadb0x39b
0x2b1b	0x2aebB0x9b70x95fB0x343
0x2b1b	0x2aebB0xadb0x5b7B0x1ef
0x2b1b	0x2aebB0x9b70xc45B0x455
0x2b1c	0x2aebB0xadb0x39b
0x2b1c	0x2aebB0x9b70x95fB0x343
0x2b1c	0x2aebB0xadb0x5b7B0x1ef
0x2b1c	0x2aebB0x9b70xc45B0x455
0x2b26	0x2b1eB0x1e8eB0x1d32B0x1a19
0x2b26	0x2b1eB0x1e8eB0x1e03B0x1cb8
0x2b2c	0x2b2bB0x1e8eB0x1d32B0x1a19
0x2b2c	0x2b2bB0x1e8eB0x1e03B0x1cb8
0x2b2d	0x2b2bB0x1e8eB0x1d32B0x1a19
0x2b2d	0x2b2bB0x1e8eB0x1e03B0x1cb8
0x2b51	0x2b2bB0x1e8eB0x1d32B0x1a19
0x2b51	0x2b2bB0x1e8eB0x1e03B0x1cb8
0x2b56	0x2b2bB0x1e8eB0x1d32B0x1a19
0x2b56	0x2b2bB0x1e8eB0x1e03B0x1cb8
0x2b58	0x2b2bB0x1e8eB0x1d32B0x1a19
0x2b58	0x2b2bB0x1e8eB0x1e03B0x1cb8
0x2b59	0x2b2bB0x1e8eB0x1d32B0x1a19
0x2b59	0x2b2bB0x1e8eB0x1e03B0x1cb8
0x2b5a	0x2b2bB0x1e8eB0x1d32B0x1a19
0x2b5a	0x2b2bB0x1e8eB0x1e03B0x1cb8
0x2b5b	0x2b2bB0x1e8eB0x1d32B0x1a19
0x2b5b	0x2b2bB0x1e8eB0x1e03B0x1cb8
0x2b5c	0x2b2bB0x1e8eB0x1d32B0x1a19
0x2b5c	0x2b2bB0x1e8eB0x1e03B0x1cb8
0x2b62	0x2b5eB0x2c54B0x1f4
0x2b62	0x2b5eB0x2c54B0x45a
0x2b68	0x2b67B0x2c54B0x1f4
0x2b68	0x2b67B0x2c54B0x45a
0x2b6a	0x2b67B0x2c54B0x1f4
0x2b6a	0x2b67B0x2c54B0x45a
0x2b6b	0x2b67B0x2c54B0x1f4
0x2b6b	0x2b67B0x2c54B0x45a
0x2b71	0x2b6dB0x2f59B0x18c
0x2b71	0x2b6dB0x2f59B0x1b7
0x2b71	0x2b6dB0x2f59B0x25c
0x2b71	0x2b6dB0x2f59B0x28c
0x2b71	0x2b6dB0x2f59B0x348
0x2b71	0x2b6dB0x2f59B0x385
0x2b71	0x2b6dB0x2f59B0x3c2
0x2b71	0x2b6dB0x2f59B0x3f2
0x2b71	0x2b6dB0x2f59B0x4f5
0x2b71	0x2b6dB0x2f59B0x55d
0x2b71	0x2b6dB0x2f74B0x719
0x2b71	0x2b6dB0x2f89B0x719
0x2b71	0x2b6dB0x2d06B0xff0
0x2b71	0x2b6dB0x2d20B0xff0
0x2b71	0x2b6dB0x2d2dB0xff0
0x2b71	0x2b6dB0x2f74B0x1206
0x2b71	0x2b6dB0x2f89B0x1206
0x2b71	0x2b6dB0x2f59B0x12f0
0x2b71	0x2b6dB0x2cceB0x15b3
0x2b71	0x2b6dB0x2f59B0x19c9
0x2b71	0x2b6dB0x2f74B0xb670x39b
0x2b71	0x2b6dB0x2f89B0xb670x39b
0x2b71	0x2b6dB0x2f74B0x1bbf0x470
0x2b71	0x2b6dB0x2f89B0x1bbf0x470
0x2b71	0x2b6dB0x2f74B0x1bbf0x95fB0x343
0x2b71	0x2b6dB0x2f89B0x1bbf0x95fB0x343
0x2b71	0x2b6dB0x2c16B0x1d11B0x1a19
0x2b71	0x2b6dB0x2c40B0x1de4B0x1cb8
0x2b71	0x2b6dB0x2f74B0xb670x5b7B0x1ef
0x2b71	0x2b6dB0x2f89B0xb670x5b7B0x1ef
0x2b71	0x2b6dB0x2f74B0x1bbf0xc45B0x455
0x2b71	0x2b6dB0x2f89B0x1bbf0xc45B0x455
0x2b77	0x2b76B0x2f59B0x18c
0x2b77	0x2b76B0x2f59B0x1b7
0x2b77	0x2b76B0x2f59B0x25c
0x2b77	0x2b76B0x2f59B0x28c
0x2b77	0x2b76B0x2f59B0x348
0x2b77	0x2b76B0x2f59B0x385
0x2b77	0x2b76B0x2f59B0x3c2
0x2b77	0x2b76B0x2f59B0x3f2
0x2b77	0x2b76B0x2f59B0x4f5
0x2b77	0x2b76B0x2f59B0x55d
0x2b77	0x2b76B0x2f74B0x719
0x2b77	0x2b76B0x2f89B0x719
0x2b77	0x2b76B0x2d06B0xff0
0x2b77	0x2b76B0x2d20B0xff0
0x2b77	0x2b76B0x2d2dB0xff0
0x2b77	0x2b76B0x2f74B0x1206
0x2b77	0x2b76B0x2f89B0x1206
0x2b77	0x2b76B0x2f59B0x12f0
0x2b77	0x2b76B0x2cceB0x15b3
0x2b77	0x2b76B0x2f59B0x19c9
0x2b77	0x2b76B0x2f74B0xb670x39b
0x2b77	0x2b76B0x2f89B0xb670x39b
0x2b77	0x2b76B0x2f74B0x1bbf0x470
0x2b77	0x2b76B0x2f89B0x1bbf0x470
0x2b77	0x2b76B0x2f74B0x1bbf0x95fB0x343
0x2b77	0x2b76B0x2f89B0x1bbf0x95fB0x343
0x2b77	0x2b76B0x2c16B0x1d11B0x1a19
0x2b77	0x2b76B0x2c40B0x1de4B0x1cb8
0x2b77	0x2b76B0x2f74B0xb670x5b7B0x1ef
0x2b77	0x2b76B0x2f89B0xb670x5b7B0x1ef
0x2b77	0x2b76B0x2f74B0x1bbf0xc45B0x455
0x2b77	0x2b76B0x2f89B0x1bbf0xc45B0x455
0x2b79	0x2b76B0x2f59B0x18c
0x2b79	0x2b76B0x2f59B0x1b7
0x2b79	0x2b76B0x2f59B0x25c
0x2b79	0x2b76B0x2f59B0x28c
0x2b79	0x2b76B0x2f59B0x348
0x2b79	0x2b76B0x2f59B0x385
0x2b79	0x2b76B0x2f59B0x3c2
0x2b79	0x2b76B0x2f59B0x3f2
0x2b79	0x2b76B0x2f59B0x4f5
0x2b79	0x2b76B0x2f59B0x55d
0x2b79	0x2b76B0x2f74B0x719
0x2b79	0x2b76B0x2f89B0x719
0x2b79	0x2b76B0x2d06B0xff0
0x2b79	0x2b76B0x2d20B0xff0
0x2b79	0x2b76B0x2d2dB0xff0
0x2b79	0x2b76B0x2f74B0x1206
0x2b79	0x2b76B0x2f89B0x1206
0x2b79	0x2b76B0x2f59B0x12f0
0x2b79	0x2b76B0x2cceB0x15b3
0x2b79	0x2b76B0x2f59B0x19c9
0x2b79	0x2b76B0x2f74B0xb670x39b
0x2b79	0x2b76B0x2f89B0xb670x39b
0x2b79	0x2b76B0x2f74B0x1bbf0x470
0x2b79	0x2b76B0x2f89B0x1bbf0x470
0x2b79	0x2b76B0x2f74B0x1bbf0x95fB0x343
0x2b79	0x2b76B0x2f89B0x1bbf0x95fB0x343
0x2b79	0x2b76B0x2c16B0x1d11B0x1a19
0x2b79	0x2b76B0x2c40B0x1de4B0x1cb8
0x2b79	0x2b76B0x2f74B0xb670x5b7B0x1ef
0x2b79	0x2b76B0x2f89B0xb670x5b7B0x1ef
0x2b79	0x2b76B0x2f74B0x1bbf0xc45B0x455
0x2b79	0x2b76B0x2f89B0x1bbf0xc45B0x455
0x2b7a	0x2b76B0x2f59B0x18c
0x2b7a	0x2b76B0x2f59B0x1b7
0x2b7a	0x2b76B0x2f59B0x25c
0x2b7a	0x2b76B0x2f59B0x28c
0x2b7a	0x2b76B0x2f59B0x348
0x2b7a	0x2b76B0x2f59B0x385
0x2b7a	0x2b76B0x2f59B0x3c2
0x2b7a	0x2b76B0x2f59B0x3f2
0x2b7a	0x2b76B0x2f59B0x4f5
0x2b7a	0x2b76B0x2f59B0x55d
0x2b7a	0x2b76B0x2f74B0x719
0x2b7a	0x2b76B0x2f89B0x719
0x2b7a	0x2b76B0x2d06B0xff0
0x2b7a	0x2b76B0x2d20B0xff0
0x2b7a	0x2b76B0x2d2dB0xff0
0x2b7a	0x2b76B0x2f74B0x1206
0x2b7a	0x2b76B0x2f89B0x1206
0x2b7a	0x2b76B0x2f59B0x12f0
0x2b7a	0x2b76B0x2cceB0x15b3
0x2b7a	0x2b76B0x2f59B0x19c9
0x2b7a	0x2b76B0x2f74B0xb670x39b
0x2b7a	0x2b76B0x2f89B0xb670x39b
0x2b7a	0x2b76B0x2f74B0x1bbf0x470
0x2b7a	0x2b76B0x2f89B0x1bbf0x470
0x2b7a	0x2b76B0x2f74B0x1bbf0x95fB0x343
0x2b7a	0x2b76B0x2f89B0x1bbf0x95fB0x343
0x2b7a	0x2b76B0x2c16B0x1d11B0x1a19
0x2b7a	0x2b76B0x2c40B0x1de4B0x1cb8
0x2b7a	0x2b76B0x2f74B0xb670x5b7B0x1ef
0x2b7a	0x2b76B0x2f89B0xb670x5b7B0x1ef
0x2b7a	0x2b76B0x2f74B0x1bbf0xc45B0x455
0x2b7a	0x2b76B0x2f89B0x1bbf0xc45B0x455
0x2b80	0x2b7cB0x1099
0x2b86	0x2b85B0x1099
0x2b88	0x2b85B0x1099
0x2b89	0x2b85B0x1099
0x2b91	0x2b8bB0x1ec8B0x1d32B0x1a19
0x2b91	0x2b8bB0x1ec8B0x1e03B0x1cb8
0x2b92	0x2b8bB0x1ec8B0x1d32B0x1a19
0x2b92	0x2b8bB0x1ec8B0x1e03B0x1cb8
0x2b98	0x2b97B0x1ec8B0x1d32B0x1a19
0x2b98	0x2b97B0x1ec8B0x1e03B0x1cb8
0x2b99	0x2b97B0x1ec8B0x1d32B0x1a19
0x2b99	0x2b97B0x1ec8B0x1e03B0x1cb8
0x2b9a	0x2b97B0x1ec8B0x1d32B0x1a19
0x2b9a	0x2b97B0x1ec8B0x1e03B0x1cb8
0x2b9b	0x2b97B0x1ec8B0x1d32B0x1a19
0x2b9b	0x2b97B0x1ec8B0x1e03B0x1cb8
0x2b9c	0x2b97B0x1ec8B0x1d32B0x1a19
0x2b9c	0x2b97B0x1ec8B0x1e03B0x1cb8
0x2b9d	0x2b97B0x1ec8B0x1d32B0x1a19
0x2b9d	0x2b97B0x1ec8B0x1e03B0x1cb8
0x2b9e	0x2b97B0x1ec8B0x1d32B0x1a19
0x2b9e	0x2b97B0x1ec8B0x1e03B0x1cb8
0x2b9f	0x2b97B0x1ec8B0x1d32B0x1a19
0x2b9f	0x2b97B0x1ec8B0x1e03B0x1cb8
0x2ba0	0x2b97B0x1ec8B0x1d32B0x1a19
0x2ba0	0x2b97B0x1ec8B0x1e03B0x1cb8
0x2ba8	0x2ba2
0x2bae	0x2bad
0x2baf	0x2bad
0x2bb3	0x2bad
0x2bb4	0x2bad
0x2bbc	0x2bb9
0x2bbe	0x2bb9
0x2bbf	0x2bb9
0x2bc3	0x2bb9
0x2bc4	0x2bb9
0x2bcc	0x2bc9
0x2bce	0x2bc9
0x2bcf	0x2bc9
0x2bd0	0x2bc9
0x2bd1	0x2bc9
0x2bd2	0x2bc9
0x2bd3	0x2bc9
0x2bd4	0x2bc9
0x2bd5	0x2bc9
0x2bd6	0x2bc9
0x2bd7	0x2bc9
0x2bde	0x2bd9B0x14f
0x2bde	0x2bd9B0x4ca
0x2bde	0x2bd9B0x520
0x2bde	0x2bd9B0x162fB0x4ec
0x2be0	0x2bd9B0x14f
0x2be0	0x2bd9B0x4ca
0x2be0	0x2bd9B0x520
0x2be0	0x2bd9B0x162fB0x4ec
0x2be1	0x2bd9B0x14f
0x2be1	0x2bd9B0x4ca
0x2be1	0x2bd9B0x520
0x2be1	0x2bd9B0x162fB0x4ec
0x2be7	0x2bd9B0x14f
0x2be7	0x2bd9B0x4ca
0x2be7	0x2bd9B0x520
0x2be7	0x2bd9B0x162fB0x4ec
0x2be9	0x2bd9B0x14f
0x2be9	0x2bd9B0x4ca
0x2be9	0x2bd9B0x520
0x2be9	0x2bd9B0x162fB0x4ec
0x2bef	0x2beeB0x14f
0x2bef	0x2beeB0x4ca
0x2bef	0x2beeB0x520
0x2bef	0x2beeB0x162fB0x4ec
0x2bf0	0x2beeB0x14f
0x2bf0	0x2beeB0x4ca
0x2bf0	0x2beeB0x520
0x2bf0	0x2beeB0x162fB0x4ec
0x2bf1	0x2beeB0x14f
0x2bf1	0x2beeB0x4ca
0x2bf1	0x2beeB0x520
0x2bf1	0x2beeB0x162fB0x4ec
0x2bf2	0x2beeB0x14f
0x2bf2	0x2beeB0x4ca
0x2bf2	0x2beeB0x520
0x2bf2	0x2beeB0x162fB0x4ec
0x2bf9	0x2bf4B0x1d11B0x1a19
0x2bfb	0x2bf4B0x1d11B0x1a19
0x2bfc	0x2bf4B0x1d11B0x1a19
0x2c02	0x2bf4B0x1d11B0x1a19
0x2c04	0x2bf4B0x1d11B0x1a19
0x2c0f	0x2c09B0x1d11B0x1a19
0x2c11	0x2c09B0x1d11B0x1a19
0x2c1c	0x2c16B0x1d11B0x1a19
0x2c1e	0x2c16B0x1d11B0x1a19
0x2c24	0x2c23B0x1d11B0x1a19
0x2c25	0x2c23B0x1d11B0x1a19
0x2c26	0x2c23B0x1d11B0x1a19
0x2c27	0x2c23B0x1d11B0x1a19
0x2c28	0x2c23B0x1d11B0x1a19
0x2c29	0x2c23B0x1d11B0x1a19
0x2c30	0x2c2bB0x1de4B0x1cb8
0x2c32	0x2c2bB0x1de4B0x1cb8
0x2c33	0x2c2bB0x1de4B0x1cb8
0x2c39	0x2c2bB0x1de4B0x1cb8
0x2c3b	0x2c2bB0x1de4B0x1cb8
0x2c46	0x2c40B0x1de4B0x1cb8
0x2c48	0x2c40B0x1de4B0x1cb8
0x2c4e	0x2c4dB0x1de4B0x1cb8
0x2c4f	0x2c4dB0x1de4B0x1cb8
0x2c50	0x2c4dB0x1de4B0x1cb8
0x2c51	0x2c4dB0x1de4B0x1cb8
0x2c52	0x2c4dB0x1de4B0x1cb8
0x2c59	0x2c54B0x1f4
0x2c59	0x2c54B0x45a
0x2c5b	0x2c54B0x1f4
0x2c5b	0x2c54B0x45a
0x2c5c	0x2c54B0x1f4
0x2c5c	0x2c54B0x45a
0x2c5d	0x2c54B0x1f4
0x2c5d	0x2c54B0x45a
0x2c5e	0x2c54B0x1f4
0x2c5e	0x2c54B0x45a
0x2c62	0x2c54B0x1f4
0x2c62	0x2c54B0x45a
0x2c68	0x2c54B0x1f4
0x2c68	0x2c54B0x45a
0x2c69	0x2c54B0x1f4
0x2c69	0x2c54B0x45a
0x2c6f	0x2c6eB0x1f4
0x2c6f	0x2c6eB0x45a
0x2c70	0x2c6eB0x1f4
0x2c70	0x2c6eB0x45a
0x2c71	0x2c6eB0x1f4
0x2c71	0x2c6eB0x45a
0x2c72	0x2c6eB0x1f4
0x2c72	0x2c6eB0x45a
0x2c73	0x2c6eB0x1f4
0x2c73	0x2c6eB0x45a
0x2c74	0x2c6eB0x1f4
0x2c74	0x2c6eB0x45a
0x2c7b	0x2c76B0x30b
0x2c7d	0x2c76B0x30b
0x2c7e	0x2c76B0x30b
0x2c84	0x2c76B0x30b
0x2c86	0x2c76B0x30b
0x2c8c	0x2c8bB0x30b
0x2c8d	0x2c8bB0x30b
0x2c8e	0x2c8bB0x30b
0x2c8f	0x2c8bB0x30b
0x2c96	0x2c91B0x21f
0x2c96	0x2c91B0x2b7
0x2c96	0x2c91B0x41d
0x2c96	0x2c91B0x172c
0x2c96	0x2c91B0xde9
0x2c96	0x2c91B0x1839
0x2c98	0x2c91B0x21f
0x2c98	0x2c91B0x2b7
0x2c98	0x2c91B0x41d
0x2c98	0x2c91B0x172c
0x2c98	0x2c91B0xde9
0x2c98	0x2c91B0x1839
0x2c99	0x2c91B0x21f
0x2c99	0x2c91B0x2b7
0x2c99	0x2c91B0x41d
0x2c99	0x2c91B0x172c
0x2c99	0x2c91B0xde9
0x2c99	0x2c91B0x1839
0x2c9f	0x2c91B0x21f
0x2c9f	0x2c91B0x2b7
0x2c9f	0x2c91B0x41d
0x2c9f	0x2c91B0x172c
0x2c9f	0x2c91B0xde9
0x2c9f	0x2c91B0x1839
0x2ca1	0x2c91B0x21f
0x2ca1	0x2c91B0x2b7
0x2ca1	0x2c91B0x41d
0x2ca1	0x2c91B0x172c
0x2ca1	0x2c91B0xde9
0x2ca1	0x2c91B0x1839
0x2ca7	0x2ca6B0x21f
0x2ca7	0x2ca6B0x2b7
0x2ca7	0x2ca6B0x41d
0x2ca7	0x2ca6B0x172c
0x2ca7	0x2ca6B0xde9
0x2ca7	0x2ca6B0x1839
0x2ca8	0x2ca6B0x21f
0x2ca8	0x2ca6B0x2b7
0x2ca8	0x2ca6B0x41d
0x2ca8	0x2ca6B0x172c
0x2ca8	0x2ca6B0xde9
0x2ca8	0x2ca6B0x1839
0x2ca9	0x2ca6B0x21f
0x2ca9	0x2ca6B0x2b7
0x2ca9	0x2ca6B0x41d
0x2ca9	0x2ca6B0x172c
0x2ca9	0x2ca6B0xde9
0x2ca9	0x2ca6B0x1839
0x2caa	0x2ca6B0x21f
0x2caa	0x2ca6B0x2b7
0x2caa	0x2ca6B0x41d
0x2caa	0x2ca6B0x172c
0x2caa	0x2ca6B0xde9
0x2caa	0x2ca6B0x1839
0x2cb1	0x2cacB0x15b3
0x2cb3	0x2cacB0x15b3
0x2cb4	0x2cacB0x15b3
0x2cba	0x2cacB0x15b3
0x2cbc	0x2cacB0x15b3
0x2cc7	0x2cc1B0x15b3
0x2cc9	0x2cc1B0x15b3
0x2cd4	0x2cceB0x15b3
0x2cd6	0x2cceB0x15b3
0x2ce1	0x2cdbB0x15b3
0x2ce3	0x2cdbB0x15b3
0x2ce9	0x2ce8B0x15b3
0x2cea	0x2ce8B0x15b3
0x2ceb	0x2ce8B0x15b3
0x2cec	0x2ce8B0x15b3
0x2ced	0x2ce8B0x15b3
0x2cee	0x2ce8B0x15b3
0x2cef	0x2ce8B0x15b3
0x2cf6	0x2cf1B0xff0
0x2cf8	0x2cf1B0xff0
0x2cf9	0x2cf1B0xff0
0x2cff	0x2cf1B0xff0
0x2d01	0x2cf1B0xff0
0x2d0c	0x2d06B0xff0
0x2d0e	0x2d06B0xff0
0x2d19	0x2d13B0xff0
0x2d1b	0x2d13B0xff0
0x2d26	0x2d20B0xff0
0x2d28	0x2d20B0xff0
0x2d33	0x2d2dB0xff0
0x2d35	0x2d2dB0xff0
0x2d40	0x2d3aB0xff0
0x2d42	0x2d3aB0xff0
0x2d48	0x2d47B0xff0
0x2d49	0x2d47B0xff0
0x2d4a	0x2d47B0xff0
0x2d4b	0x2d47B0xff0
0x2d4c	0x2d47B0xff0
0x2d4d	0x2d47B0xff0
0x2d4e	0x2d47B0xff0
0x2d4f	0x2d47B0xff0
0x2d50	0x2d47B0xff0
0x2d57	0x2d52B0x1099
0x2d59	0x2d52B0x1099
0x2d5a	0x2d52B0x1099
0x2d60	0x2d52B0x1099
0x2d62	0x2d52B0x1099
0x2d6d	0x2d67B0x1099
0x2d6f	0x2d67B0x1099
0x2d7a	0x2d74B0x1099
0x2d7c	0x2d74B0x1099
0x2d87	0x2d81B0x1099
0x2d89	0x2d81B0x1099
0x2d8f	0x2d8eB0x1099
0x2d90	0x2d8eB0x1099
0x2d91	0x2d8eB0x1099
0x2d92	0x2d8eB0x1099
0x2d93	0x2d8eB0x1099
0x2d94	0x2d8eB0x1099
0x2d95	0x2d8eB0x1099
0x2d9c	0x2d97B0x1fe9
0x2d9e	0x2d97B0x1fe9
0x2d9f	0x2d97B0x1fe9
0x2da0	0x2d97B0x1fe9
0x2da1	0x2d97B0x1fe9
0x2da5	0x2d97B0x1fe9
0x2dab	0x2d97B0x1fe9
0x2dac	0x2d97B0x1fe9
0x2db2	0x2db1B0x1fe9
0x2db3	0x2db1B0x1fe9
0x2db4	0x2db1B0x1fe9
0x2db5	0x2db1B0x1fe9
0x2db6	0x2db1B0x1fe9
0x2db7	0x2db1B0x1fe9
0x2dbe	0x2db9B0x1126
0x2dc0	0x2db9B0x1126
0x2dc1	0x2db9B0x1126
0x2dc2	0x2db9B0x1126
0x2dc3	0x2db9B0x1126
0x2dc7	0x2db9B0x1126
0x2dcd	0x2db9B0x1126
0x2dd3	0x2dd2B0x1126
0x2dd4	0x2dd2B0x1126
0x2dd5	0x2dd2B0x1126
0x2dd6	0x2dd2B0x1126
0x2dd7	0x2dd2B0x1126
0x2dde	0x2dd9B0xec2
0x2de0	0x2dd9B0xec2
0x2de1	0x2dd9B0xec2
0x2de2	0x2dd9B0xec2
0x2de3	0x2dd9B0xec2
0x2de7	0x2dd9B0xec2
0x2ded	0x2dd9B0xec2
0x2df3	0x2df2B0xec2
0x2df4	0x2df2B0xec2
0x2df5	0x2df2B0xec2
0x2df6	0x2df2B0xec2
0x2df7	0x2df2B0xec2
0x2dfe	0x2df9B0x1c6c
0x2e00	0x2df9B0x1c6c
0x2e01	0x2df9B0x1c6c
0x2e02	0x2df9B0x1c6c
0x2e03	0x2df9B0x1c6c
0x2e07	0x2df9B0x1c6c
0x2e0d	0x2df9B0x1c6c
0x2e13	0x2e12B0x1c6c
0x2e14	0x2e12B0x1c6c
0x2e15	0x2e12B0x1c6c
0x2e16	0x2e12B0x1c6c
0x2e17	0x2e12B0x1c6c
0x2e1e	0x2e19B0x17ff
0x2e20	0x2e19B0x17ff
0x2e21	0x2e19B0x17ff
0x2e22	0x2e19B0x17ff
0x2e23	0x2e19B0x17ff
0x2e27	0x2e19B0x17ff
0x2e2d	0x2e19B0x17ff
0x2e33	0x2e32B0x17ff
0x2e34	0x2e32B0x17ff
0x2e35	0x2e32B0x17ff
0x2e36	0x2e32B0x17ff
0x2e37	0x2e32B0x17ff
0x2e3e	0x2e39B0xf75
0x2e40	0x2e39B0xf75
0x2e41	0x2e39B0xf75
0x2e42	0x2e39B0xf75
0x2e43	0x2e39B0xf75
0x2e47	0x2e39B0xf75
0x2e4d	0x2e39B0xf75
0x2e53	0x2e52B0xf75
0x2e54	0x2e52B0xf75
0x2e55	0x2e52B0xf75
0x2e56	0x2e52B0xf75
0x2e57	0x2e52B0xf75
0x2e5e	0x2e59B0x1f3eB0x1d32B0x1a19
0x2e5e	0x2e59B0x1f3eB0x1e03B0x1cb8
0x2e60	0x2e59B0x1f3eB0x1d32B0x1a19
0x2e60	0x2e59B0x1f3eB0x1e03B0x1cb8
0x2e61	0x2e59B0x1f3eB0x1d32B0x1a19
0x2e61	0x2e59B0x1f3eB0x1e03B0x1cb8
0x2e62	0x2e59B0x1f3eB0x1d32B0x1a19
0x2e62	0x2e59B0x1f3eB0x1e03B0x1cb8
0x2e63	0x2e59B0x1f3eB0x1d32B0x1a19
0x2e63	0x2e59B0x1f3eB0x1e03B0x1cb8
0x2e67	0x2e59B0x1f3eB0x1d32B0x1a19
0x2e67	0x2e59B0x1f3eB0x1e03B0x1cb8
0x2e6d	0x2e59B0x1f3eB0x1d32B0x1a19
0x2e6d	0x2e59B0x1f3eB0x1e03B0x1cb8
0x2e73	0x2e72B0x1f3eB0x1d32B0x1a19
0x2e73	0x2e72B0x1f3eB0x1e03B0x1cb8
0x2e74	0x2e72B0x1f3eB0x1d32B0x1a19
0x2e74	0x2e72B0x1f3eB0x1e03B0x1cb8
0x2e75	0x2e72B0x1f3eB0x1d32B0x1a19
0x2e75	0x2e72B0x1f3eB0x1e03B0x1cb8
0x2e76	0x2e72B0x1f3eB0x1d32B0x1a19
0x2e76	0x2e72B0x1f3eB0x1e03B0x1cb8
0x2e77	0x2e72B0x1f3eB0x1d32B0x1a19
0x2e77	0x2e72B0x1f3eB0x1e03B0x1cb8
0x2e7e	0x2e79B0xdaf
0x2e80	0x2e79B0xdaf
0x2e81	0x2e79B0xdaf
0x2e82	0x2e79B0xdaf
0x2e83	0x2e79B0xdaf
0x2e87	0x2e79B0xdaf
0x2e8d	0x2e79B0xdaf
0x2e93	0x2e92B0xdaf
0x2e94	0x2e92B0xdaf
0x2e95	0x2e92B0xdaf
0x2e96	0x2e92B0xdaf
0x2e97	0x2e92B0xdaf
0x2e9e	0x2e99B0x11ab
0x2ea0	0x2e99B0x11ab
0x2ea1	0x2e99B0x11ab
0x2ea2	0x2e99B0x11ab
0x2ea3	0x2e99B0x11ab
0x2ea7	0x2e99B0x11ab
0x2ead	0x2e99B0x11ab
0x2eb3	0x2eb2B0x11ab
0x2eb4	0x2eb2B0x11ab
0x2eb5	0x2eb2B0x11ab
0x2eb6	0x2eb2B0x11ab
0x2eb7	0x2eb2B0x11ab
0x2ebe	0x2eb9B0x1382
0x2ebe	0x2eb9B0x1abd
0x2ebe	0x2eb9B0x894B0x2ef
0x2ec0	0x2eb9B0x1382
0x2ec0	0x2eb9B0x1abd
0x2ec0	0x2eb9B0x894B0x2ef
0x2ec1	0x2eb9B0x1382
0x2ec1	0x2eb9B0x1abd
0x2ec1	0x2eb9B0x894B0x2ef
0x2ec2	0x2eb9B0x1382
0x2ec2	0x2eb9B0x1abd
0x2ec2	0x2eb9B0x894B0x2ef
0x2ec3	0x2eb9B0x1382
0x2ec3	0x2eb9B0x1abd
0x2ec3	0x2eb9B0x894B0x2ef
0x2ec7	0x2eb9B0x1382
0x2ec7	0x2eb9B0x1abd
0x2ec7	0x2eb9B0x894B0x2ef
0x2ecd	0x2eb9B0x1382
0x2ecd	0x2eb9B0x1abd
0x2ecd	0x2eb9B0x894B0x2ef
0x2ed3	0x2ed2B0x1382
0x2ed3	0x2ed2B0x1abd
0x2ed3	0x2ed2B0x894B0x2ef
0x2ed4	0x2ed2B0x1382
0x2ed4	0x2ed2B0x1abd
0x2ed4	0x2ed2B0x894B0x2ef
0x2ed5	0x2ed2B0x1382
0x2ed5	0x2ed2B0x1abd
0x2ed5	0x2ed2B0x894B0x2ef
0x2ed6	0x2ed2B0x1382
0x2ed6	0x2ed2B0x1abd
0x2ed6	0x2ed2B0x894B0x2ef
0x2ed7	0x2ed2B0x1382
0x2ed7	0x2ed2B0x1abd
0x2ed7	0x2ed2B0x894B0x2ef
0x2ede	0x2ed9B0x5c3B0x1ef
0x2ede	0x2ed9B0xc51B0x455
0x2ee0	0x2ed9B0x5c3B0x1ef
0x2ee0	0x2ed9B0xc51B0x455
0x2ee1	0x2ed9B0x5c3B0x1ef
0x2ee1	0x2ed9B0xc51B0x455
0x2ee2	0x2ed9B0x5c3B0x1ef
0x2ee2	0x2ed9B0xc51B0x455
0x2ee3	0x2ed9B0x5c3B0x1ef
0x2ee3	0x2ed9B0xc51B0x455
0x2ee7	0x2ed9B0x5c3B0x1ef
0x2ee7	0x2ed9B0xc51B0x455
0x2eed	0x2ed9B0x5c3B0x1ef
0x2eed	0x2ed9B0xc51B0x455
0x2ef3	0x2ef2B0x5c3B0x1ef
0x2ef3	0x2ef2B0xc51B0x455
0x2ef4	0x2ef2B0x5c3B0x1ef
0x2ef4	0x2ef2B0xc51B0x455
0x2ef5	0x2ef2B0x5c3B0x1ef
0x2ef5	0x2ef2B0xc51B0x455
0x2ef6	0x2ef2B0x5c3B0x1ef
0x2ef6	0x2ef2B0xc51B0x455
0x2ef7	0x2ef2B0x5c3B0x1ef
0x2ef7	0x2ef2B0xc51B0x455
0x2efe	0x2ef9B0x1f9bB0x1d32B0x1a19
0x2efe	0x2ef9B0x1f9bB0x1e03B0x1cb8
0x2f00	0x2ef9B0x1f9bB0x1d32B0x1a19
0x2f00	0x2ef9B0x1f9bB0x1e03B0x1cb8
0x2f01	0x2ef9B0x1f9bB0x1d32B0x1a19
0x2f01	0x2ef9B0x1f9bB0x1e03B0x1cb8
0x2f02	0x2ef9B0x1f9bB0x1d32B0x1a19
0x2f02	0x2ef9B0x1f9bB0x1e03B0x1cb8
0x2f03	0x2ef9B0x1f9bB0x1d32B0x1a19
0x2f03	0x2ef9B0x1f9bB0x1e03B0x1cb8
0x2f07	0x2ef9B0x1f9bB0x1d32B0x1a19
0x2f07	0x2ef9B0x1f9bB0x1e03B0x1cb8
0x2f0d	0x2ef9B0x1f9bB0x1d32B0x1a19
0x2f0d	0x2ef9B0x1f9bB0x1e03B0x1cb8
0x2f13	0x2f12B0x1f9bB0x1d32B0x1a19
0x2f13	0x2f12B0x1f9bB0x1e03B0x1cb8
0x2f14	0x2f12B0x1f9bB0x1d32B0x1a19
0x2f14	0x2f12B0x1f9bB0x1e03B0x1cb8
0x2f15	0x2f12B0x1f9bB0x1d32B0x1a19
0x2f15	0x2f12B0x1f9bB0x1e03B0x1cb8
0x2f16	0x2f12B0x1f9bB0x1d32B0x1a19
0x2f16	0x2f12B0x1f9bB0x1e03B0x1cb8
0x2f17	0x2f12B0x1f9bB0x1d32B0x1a19
0x2f17	0x2f12B0x1f9bB0x1e03B0x1cb8
0x2f1e	0x2f19B0xadb0x39b
0x2f1e	0x2f19B0x9b70x95fB0x343
0x2f1e	0x2f19B0xadb0x5b7B0x1ef
0x2f1e	0x2f19B0x9b70xc45B0x455
0x2f20	0x2f19B0xadb0x39b
0x2f20	0x2f19B0x9b70x95fB0x343
0x2f20	0x2f19B0xadb0x5b7B0x1ef
0x2f20	0x2f19B0x9b70xc45B0x455
0x2f21	0x2f19B0xadb0x39b
0x2f21	0x2f19B0x9b70x95fB0x343
0x2f21	0x2f19B0xadb0x5b7B0x1ef
0x2f21	0x2f19B0x9b70xc45B0x455
0x2f22	0x2f19B0xadb0x39b
0x2f22	0x2f19B0x9b70x95fB0x343
0x2f22	0x2f19B0xadb0x5b7B0x1ef
0x2f22	0x2f19B0x9b70xc45B0x455
0x2f23	0x2f19B0xadb0x39b
0x2f23	0x2f19B0x9b70x95fB0x343
0x2f23	0x2f19B0xadb0x5b7B0x1ef
0x2f23	0x2f19B0x9b70xc45B0x455
0x2f27	0x2f19B0xadb0x39b
0x2f27	0x2f19B0x9b70x95fB0x343
0x2f27	0x2f19B0xadb0x5b7B0x1ef
0x2f27	0x2f19B0x9b70xc45B0x455
0x2f2d	0x2f19B0xadb0x39b
0x2f2d	0x2f19B0x9b70x95fB0x343
0x2f2d	0x2f19B0xadb0x5b7B0x1ef
0x2f2d	0x2f19B0x9b70xc45B0x455
0x2f33	0x2f32B0xadb0x39b
0x2f33	0x2f32B0x9b70x95fB0x343
0x2f33	0x2f32B0xadb0x5b7B0x1ef
0x2f33	0x2f32B0x9b70xc45B0x455
0x2f34	0x2f32B0xadb0x39b
0x2f34	0x2f32B0x9b70x95fB0x343
0x2f34	0x2f32B0xadb0x5b7B0x1ef
0x2f34	0x2f32B0x9b70xc45B0x455
0x2f35	0x2f32B0xadb0x39b
0x2f35	0x2f32B0x9b70x95fB0x343
0x2f35	0x2f32B0xadb0x5b7B0x1ef
0x2f35	0x2f32B0x9b70xc45B0x455
0x2f36	0x2f32B0xadb0x39b
0x2f36	0x2f32B0x9b70x95fB0x343
0x2f36	0x2f32B0xadb0x5b7B0x1ef
0x2f36	0x2f32B0x9b70xc45B0x455
0x2f37	0x2f32B0xadb0x39b
0x2f37	0x2f32B0x9b70x95fB0x343
0x2f37	0x2f32B0xadb0x5b7B0x1ef
0x2f37	0x2f32B0x9b70xc45B0x455
0x2f3e	0x2f39B0x1e8eB0x1d32B0x1a19
0x2f3e	0x2f39B0x1e8eB0x1e03B0x1cb8
0x2f40	0x2f39B0x1e8eB0x1d32B0x1a19
0x2f40	0x2f39B0x1e8eB0x1e03B0x1cb8
0x2f41	0x2f39B0x1e8eB0x1d32B0x1a19
0x2f41	0x2f39B0x1e8eB0x1e03B0x1cb8
0x2f42	0x2f39B0x1e8eB0x1d32B0x1a19
0x2f42	0x2f39B0x1e8eB0x1e03B0x1cb8
0x2f43	0x2f39B0x1e8eB0x1d32B0x1a19
0x2f43	0x2f39B0x1e8eB0x1e03B0x1cb8
0x2f47	0x2f39B0x1e8eB0x1d32B0x1a19
0x2f47	0x2f39B0x1e8eB0x1e03B0x1cb8
0x2f4d	0x2f39B0x1e8eB0x1d32B0x1a19
0x2f4d	0x2f39B0x1e8eB0x1e03B0x1cb8
0x2f53	0x2f52B0x1e8eB0x1d32B0x1a19
0x2f53	0x2f52B0x1e8eB0x1e03B0x1cb8
0x2f54	0x2f52B0x1e8eB0x1d32B0x1a19
0x2f54	0x2f52B0x1e8eB0x1e03B0x1cb8
0x2f55	0x2f52B0x1e8eB0x1d32B0x1a19
0x2f55	0x2f52B0x1e8eB0x1e03B0x1cb8
0x2f56	0x2f52B0x1e8eB0x1d32B0x1a19
0x2f56	0x2f52B0x1e8eB0x1e03B0x1cb8
0x2f57	0x2f52B0x1e8eB0x1d32B0x1a19
0x2f57	0x2f52B0x1e8eB0x1e03B0x1cb8
0x2f5e	0x2f59B0x18c
0x2f5e	0x2f59B0x1b7
0x2f5e	0x2f59B0x25c
0x2f5e	0x2f59B0x28c
0x2f5e	0x2f59B0x348
0x2f5e	0x2f59B0x385
0x2f5e	0x2f59B0x3c2
0x2f5e	0x2f59B0x3f2
0x2f5e	0x2f59B0x4f5
0x2f5e	0x2f59B0x55d
0x2f5e	0x2f59B0x12f0
0x2f5e	0x2f59B0x19c9
0x2f60	0x2f59B0x18c
0x2f60	0x2f59B0x1b7
0x2f60	0x2f59B0x25c
0x2f60	0x2f59B0x28c
0x2f60	0x2f59B0x348
0x2f60	0x2f59B0x385
0x2f60	0x2f59B0x3c2
0x2f60	0x2f59B0x3f2
0x2f60	0x2f59B0x4f5
0x2f60	0x2f59B0x55d
0x2f60	0x2f59B0x12f0
0x2f60	0x2f59B0x19c9
0x2f61	0x2f59B0x18c
0x2f61	0x2f59B0x1b7
0x2f61	0x2f59B0x25c
0x2f61	0x2f59B0x28c
0x2f61	0x2f59B0x348
0x2f61	0x2f59B0x385
0x2f61	0x2f59B0x3c2
0x2f61	0x2f59B0x3f2
0x2f61	0x2f59B0x4f5
0x2f61	0x2f59B0x55d
0x2f61	0x2f59B0x12f0
0x2f61	0x2f59B0x19c9
0x2f67	0x2f59B0x18c
0x2f67	0x2f59B0x1b7
0x2f67	0x2f59B0x25c
0x2f67	0x2f59B0x28c
0x2f67	0x2f59B0x348
0x2f67	0x2f59B0x385
0x2f67	0x2f59B0x3c2
0x2f67	0x2f59B0x3f2
0x2f67	0x2f59B0x4f5
0x2f67	0x2f59B0x55d
0x2f67	0x2f59B0x12f0
0x2f67	0x2f59B0x19c9
0x2f69	0x2f59B0x18c
0x2f69	0x2f59B0x1b7
0x2f69	0x2f59B0x25c
0x2f69	0x2f59B0x28c
0x2f69	0x2f59B0x348
0x2f69	0x2f59B0x385
0x2f69	0x2f59B0x3c2
0x2f69	0x2f59B0x3f2
0x2f69	0x2f59B0x4f5
0x2f69	0x2f59B0x55d
0x2f69	0x2f59B0x12f0
0x2f69	0x2f59B0x19c9
0x2f6f	0x2f6eB0x18c
0x2f6f	0x2f6eB0x1b7
0x2f6f	0x2f6eB0x25c
0x2f6f	0x2f6eB0x28c
0x2f6f	0x2f6eB0x348
0x2f6f	0x2f6eB0x385
0x2f6f	0x2f6eB0x3c2
0x2f6f	0x2f6eB0x3f2
0x2f6f	0x2f6eB0x4f5
0x2f6f	0x2f6eB0x55d
0x2f6f	0x2f6eB0x12f0
0x2f6f	0x2f6eB0x19c9
0x2f70	0x2f6eB0x18c
0x2f70	0x2f6eB0x1b7
0x2f70	0x2f6eB0x25c
0x2f70	0x2f6eB0x28c
0x2f70	0x2f6eB0x348
0x2f70	0x2f6eB0x385
0x2f70	0x2f6eB0x3c2
0x2f70	0x2f6eB0x3f2
0x2f70	0x2f6eB0x4f5
0x2f70	0x2f6eB0x55d
0x2f70	0x2f6eB0x12f0
0x2f70	0x2f6eB0x19c9
0x2f71	0x2f6eB0x18c
0x2f71	0x2f6eB0x1b7
0x2f71	0x2f6eB0x25c
0x2f71	0x2f6eB0x28c
0x2f71	0x2f6eB0x348
0x2f71	0x2f6eB0x385
0x2f71	0x2f6eB0x3c2
0x2f71	0x2f6eB0x3f2
0x2f71	0x2f6eB0x4f5
0x2f71	0x2f6eB0x55d
0x2f71	0x2f6eB0x12f0
0x2f71	0x2f6eB0x19c9
0x2f72	0x2f6eB0x18c
0x2f72	0x2f6eB0x1b7
0x2f72	0x2f6eB0x25c
0x2f72	0x2f6eB0x28c
0x2f72	0x2f6eB0x348
0x2f72	0x2f6eB0x385
0x2f72	0x2f6eB0x3c2
0x2f72	0x2f6eB0x3f2
0x2f72	0x2f6eB0x4f5
0x2f72	0x2f6eB0x55d
0x2f72	0x2f6eB0x12f0
0x2f72	0x2f6eB0x19c9
0x2f79	0x2f74B0x719
0x2f79	0x2f74B0x1206
0x2f79	0x2f74B0xb670x39b
0x2f79	0x2f74B0x1bbf0x470
0x2f79	0x2f74B0x1bbf0x95fB0x343
0x2f79	0x2f74B0xb670x5b7B0x1ef
0x2f79	0x2f74B0x1bbf0xc45B0x455
0x2f7b	0x2f74B0x719
0x2f7b	0x2f74B0x1206
0x2f7b	0x2f74B0xb670x39b
0x2f7b	0x2f74B0x1bbf0x470
0x2f7b	0x2f74B0x1bbf0x95fB0x343
0x2f7b	0x2f74B0xb670x5b7B0x1ef
0x2f7b	0x2f74B0x1bbf0xc45B0x455
0x2f7c	0x2f74B0x719
0x2f7c	0x2f74B0x1206
0x2f7c	0x2f74B0xb670x39b
0x2f7c	0x2f74B0x1bbf0x470
0x2f7c	0x2f74B0x1bbf0x95fB0x343
0x2f7c	0x2f74B0xb670x5b7B0x1ef
0x2f7c	0x2f74B0x1bbf0xc45B0x455
0x2f82	0x2f74B0x719
0x2f82	0x2f74B0x1206
0x2f82	0x2f74B0xb670x39b
0x2f82	0x2f74B0x1bbf0x470
0x2f82	0x2f74B0x1bbf0x95fB0x343
0x2f82	0x2f74B0xb670x5b7B0x1ef
0x2f82	0x2f74B0x1bbf0xc45B0x455
0x2f84	0x2f74B0x719
0x2f84	0x2f74B0x1206
0x2f84	0x2f74B0xb670x39b
0x2f84	0x2f74B0x1bbf0x470
0x2f84	0x2f74B0x1bbf0x95fB0x343
0x2f84	0x2f74B0xb670x5b7B0x1ef
0x2f84	0x2f74B0x1bbf0xc45B0x455
0x2f8f	0x2f89B0x719
0x2f8f	0x2f89B0x1206
0x2f8f	0x2f89B0xb670x39b
0x2f8f	0x2f89B0x1bbf0x470
0x2f8f	0x2f89B0x1bbf0x95fB0x343
0x2f8f	0x2f89B0xb670x5b7B0x1ef
0x2f8f	0x2f89B0x1bbf0xc45B0x455
0x2f91	0x2f89B0x719
0x2f91	0x2f89B0x1206
0x2f91	0x2f89B0xb670x39b
0x2f91	0x2f89B0x1bbf0x470
0x2f91	0x2f89B0x1bbf0x95fB0x343
0x2f91	0x2f89B0xb670x5b7B0x1ef
0x2f91	0x2f89B0x1bbf0xc45B0x455
0x2f97	0x2f96B0x719
0x2f97	0x2f96B0x1206
0x2f97	0x2f96B0xb670x39b
0x2f97	0x2f96B0x1bbf0x470
0x2f97	0x2f96B0x1bbf0x95fB0x343
0x2f97	0x2f96B0xb670x5b7B0x1ef
0x2f97	0x2f96B0x1bbf0xc45B0x455
0x2f98	0x2f96B0x719
0x2f98	0x2f96B0x1206
0x2f98	0x2f96B0xb670x39b
0x2f98	0x2f96B0x1bbf0x470
0x2f98	0x2f96B0x1bbf0x95fB0x343
0x2f98	0x2f96B0xb670x5b7B0x1ef
0x2f98	0x2f96B0x1bbf0xc45B0x455
0x2f99	0x2f96B0x719
0x2f99	0x2f96B0x1206
0x2f99	0x2f96B0xb670x39b
0x2f99	0x2f96B0x1bbf0x470
0x2f99	0x2f96B0x1bbf0x95fB0x343
0x2f99	0x2f96B0xb670x5b7B0x1ef
0x2f99	0x2f96B0x1bbf0xc45B0x455
0x2f9a	0x2f96B0x719
0x2f9a	0x2f96B0x1206
0x2f9a	0x2f96B0xb670x39b
0x2f9a	0x2f96B0x1bbf0x470
0x2f9a	0x2f96B0x1bbf0x95fB0x343
0x2f9a	0x2f96B0xb670x5b7B0x1ef
0x2f9a	0x2f96B0x1bbf0xc45B0x455
0x2f9b	0x2f96B0x719
0x2f9b	0x2f96B0x1206
0x2f9b	0x2f96B0xb670x39b
0x2f9b	0x2f96B0x1bbf0x470
0x2f9b	0x2f96B0x1bbf0x95fB0x343
0x2f9b	0x2f96B0xb670x5b7B0x1ef
0x2f9b	0x2f96B0x1bbf0xc45B0x455
0x2fa3	0x2f9dB0x2269B0x2516B0x157b
0x2fa3	0x2f9dB0x21bcB0x24abB0x1d9
0x2fa3	0x2f9dB0x20b6B0x2482B0x1d9
0x2fa3	0x2f9dB0x21bcB0x24abB0x43f
0x2fa3	0x2f9dB0x20b6B0x2482B0x43f
0x2fa3	0x2f9dB0x2139B0x2655B0x470
0x2fa3	0x2f9dB0x22b0B0x2655B0x470
0x2fa4	0x2f9dB0x2269B0x2516B0x157b
0x2fa4	0x2f9dB0x21bcB0x24abB0x1d9
0x2fa4	0x2f9dB0x20b6B0x2482B0x1d9
0x2fa4	0x2f9dB0x21bcB0x24abB0x43f
0x2fa4	0x2f9dB0x20b6B0x2482B0x43f
0x2fa4	0x2f9dB0x2139B0x2655B0x470
0x2fa4	0x2f9dB0x22b0B0x2655B0x470
0x2fa5	0x2f9dB0x2269B0x2516B0x157b
0x2fa5	0x2f9dB0x21bcB0x24abB0x1d9
0x2fa5	0x2f9dB0x20b6B0x2482B0x1d9
0x2fa5	0x2f9dB0x21bcB0x24abB0x43f
0x2fa5	0x2f9dB0x20b6B0x2482B0x43f
0x2fa5	0x2f9dB0x2139B0x2655B0x470
0x2fa5	0x2f9dB0x22b0B0x2655B0x470
0x2fa6	0x2f9dB0x2269B0x2516B0x157b
0x2fa6	0x2f9dB0x21bcB0x24abB0x1d9
0x2fa6	0x2f9dB0x20b6B0x2482B0x1d9
0x2fa6	0x2f9dB0x21bcB0x24abB0x43f
0x2fa6	0x2f9dB0x20b6B0x2482B0x43f
0x2fa6	0x2f9dB0x2139B0x2655B0x470
0x2fa6	0x2f9dB0x22b0B0x2655B0x470
0x2fa8	0x2f9dB0x2269B0x2516B0x157b
0x2fa8	0x2f9dB0x21bcB0x24abB0x1d9
0x2fa8	0x2f9dB0x20b6B0x2482B0x1d9
0x2fa8	0x2f9dB0x21bcB0x24abB0x43f
0x2fa8	0x2f9dB0x20b6B0x2482B0x43f
0x2fa8	0x2f9dB0x2139B0x2655B0x470
0x2fa8	0x2f9dB0x22b0B0x2655B0x470
0x2fa9	0x2f9dB0x2269B0x2516B0x157b
0x2fa9	0x2f9dB0x21bcB0x24abB0x1d9
0x2fa9	0x2f9dB0x20b6B0x2482B0x1d9
0x2fa9	0x2f9dB0x21bcB0x24abB0x43f
0x2fa9	0x2f9dB0x20b6B0x2482B0x43f
0x2fa9	0x2f9dB0x2139B0x2655B0x470
0x2fa9	0x2f9dB0x22b0B0x2655B0x470
0x2fb4	0x2f9dB0x2269B0x2516B0x157b
0x2fb4	0x2f9dB0x21bcB0x24abB0x1d9
0x2fb4	0x2f9dB0x20b6B0x2482B0x1d9
0x2fb4	0x2f9dB0x21bcB0x24abB0x43f
0x2fb4	0x2f9dB0x20b6B0x2482B0x43f
0x2fb4	0x2f9dB0x2139B0x2655B0x470
0x2fb4	0x2f9dB0x22b0B0x2655B0x470
0x2fbe	0x2fbcB0x2269B0x2516B0x157b
0x2fbe	0x2fbcB0x21bcB0x24abB0x1d9
0x2fbe	0x2fbcB0x20b6B0x2482B0x1d9
0x2fbe	0x2fbcB0x21bcB0x24abB0x43f
0x2fbe	0x2fbcB0x20b6B0x2482B0x43f
0x2fbe	0x2fbcB0x2139B0x2655B0x470
0x2fbe	0x2fbcB0x22b0B0x2655B0x470
0x2fc1	0x2fc0B0x2269B0x2516B0x157b
0x2fc1	0x2fc0B0x21bcB0x24abB0x1d9
0x2fc1	0x2fc0B0x20b6B0x2482B0x1d9
0x2fc1	0x2fc0B0x21bcB0x24abB0x43f
0x2fc1	0x2fc0B0x20b6B0x2482B0x43f
0x2fc1	0x2fc0B0x2139B0x2655B0x470
0x2fc1	0x2fc0B0x22b0B0x2655B0x470
0x2fc5	0x2fc0B0x2269B0x2516B0x157b
0x2fc5	0x2fc0B0x21bcB0x24abB0x1d9
0x2fc5	0x2fc0B0x20b6B0x2482B0x1d9
0x2fc5	0x2fc0B0x21bcB0x24abB0x43f
0x2fc5	0x2fc0B0x20b6B0x2482B0x43f
0x2fc5	0x2fc0B0x2139B0x2655B0x470
0x2fc5	0x2fc0B0x22b0B0x2655B0x470
0x2fc6	0x2fc0B0x2269B0x2516B0x157b
0x2fc6	0x2fc0B0x21bcB0x24abB0x1d9
0x2fc6	0x2fc0B0x20b6B0x2482B0x1d9
0x2fc6	0x2fc0B0x21bcB0x24abB0x43f
0x2fc6	0x2fc0B0x20b6B0x2482B0x43f
0x2fc6	0x2fc0B0x2139B0x2655B0x470
0x2fc6	0x2fc0B0x22b0B0x2655B0x470
0x2fc7	0x2fc0B0x2269B0x2516B0x157b
0x2fc7	0x2fc0B0x21bcB0x24abB0x1d9
0x2fc7	0x2fc0B0x20b6B0x2482B0x1d9
0x2fc7	0x2fc0B0x21bcB0x24abB0x43f
0x2fc7	0x2fc0B0x20b6B0x2482B0x43f
0x2fc7	0x2fc0B0x2139B0x2655B0x470
0x2fc7	0x2fc0B0x22b0B0x2655B0x470
0x2fc8	0x2fc0B0x2269B0x2516B0x157b
0x2fc8	0x2fc0B0x21bcB0x24abB0x1d9
0x2fc8	0x2fc0B0x20b6B0x2482B0x1d9
0x2fc8	0x2fc0B0x21bcB0x24abB0x43f
0x2fc8	0x2fc0B0x20b6B0x2482B0x43f
0x2fc8	0x2fc0B0x2139B0x2655B0x470
0x2fc8	0x2fc0B0x22b0B0x2655B0x470
0x2fd6	0x2fcaB0x2482B0x1d9
0x2fd6	0x2fcaB0x2482B0x43f
0x2fdf	0x2fddB0x2482B0x1d9
0x2fdf	0x2fddB0x2482B0x43f
0x2fe4	0x2fe1B0x2482B0x1d9
0x2fe4	0x2fe1B0x2482B0x43f
0x2fe6	0x2fe1B0x2482B0x1d9
0x2fe6	0x2fe1B0x2482B0x43f
0x2fe7	0x2fe1B0x2482B0x1d9
0x2fe7	0x2fe1B0x2482B0x43f
0x2fea	0x2fe1B0x2482B0x1d9
0x2fea	0x2fe1B0x2482B0x43f
0x2fec	0x2fe1B0x2482B0x1d9
0x2fec	0x2fe1B0x2482B0x43f
0x2fed	0x2fe1B0x2482B0x1d9
0x2fed	0x2fe1B0x2482B0x43f
0x2fee	0x2fe1B0x2482B0x1d9
0x2fee	0x2fe1B0x2482B0x43f
0x2fef	0x2fe1B0x2482B0x1d9
0x2fef	0x2fe1B0x2482B0x43f
0x2ff0	0x2fe1B0x2482B0x1d9
0x2ff0	0x2fe1B0x2482B0x43f
0x2ffe	0x2ff2B0x2655B0x470
0x3007	0x3005B0x2655B0x470
0x300c	0x3009B0x2655B0x470
0x300e	0x3009B0x2655B0x470
0x300f	0x3009B0x2655B0x470
0x3012	0x3009B0x2655B0x470
0x3014	0x3009B0x2655B0x470
0x3015	0x3009B0x2655B0x470
0x3016	0x3009B0x2655B0x470
0x3017	0x3009B0x2655B0x470
0x3018	0x3009B0x2655B0x470
0x3026	0x301aB0x24abB0x1d9
0x3026	0x301aB0x24abB0x43f
0x302f	0x302dB0x24abB0x1d9
0x302f	0x302dB0x24abB0x43f
0x3034	0x3031B0x24abB0x1d9
0x3034	0x3031B0x24abB0x43f
0x3036	0x3031B0x24abB0x1d9
0x3036	0x3031B0x24abB0x43f
0x3037	0x3031B0x24abB0x1d9
0x3037	0x3031B0x24abB0x43f
0x303a	0x3031B0x24abB0x1d9
0x303a	0x3031B0x24abB0x43f
0x303c	0x3031B0x24abB0x1d9
0x303c	0x3031B0x24abB0x43f
0x303d	0x3031B0x24abB0x1d9
0x303d	0x3031B0x24abB0x43f
0x303e	0x3031B0x24abB0x1d9
0x303e	0x3031B0x24abB0x43f
0x303f	0x3031B0x24abB0x1d9
0x303f	0x3031B0x24abB0x43f
0x3040	0x3031B0x24abB0x1d9
0x3040	0x3031B0x24abB0x43f
0x304e	0x3042B0x2516B0x157b
0x3057	0x3055B0x2516B0x157b
0x305f	0x3059B0x2516B0x157b
0x3062	0x3059B0x2516B0x157b
0x3063	0x3059B0x2516B0x157b
0x3066	0x3059B0x2516B0x157b
0x3068	0x3059B0x2516B0x157b
0x3069	0x3059B0x2516B0x157b
0x306a	0x3059B0x2516B0x157b
0x306b	0x3059B0x2516B0x157b
0x306c	0x3059B0x2516B0x157b
0x3071	0x306eB0x2c54B0x1f4
0x3071	0x306eB0x2c54B0x45a
0x3072	0x306eB0x2c54B0x1f4
0x3072	0x306eB0x2c54B0x45a
0x3073	0x306eB0x2c54B0x1f4
0x3073	0x306eB0x2c54B0x45a
0x3076	0x306eB0x2c54B0x1f4
0x3076	0x306eB0x2c54B0x45a
0x3078	0x306eB0x2c54B0x1f4
0x3078	0x306eB0x2c54B0x45a
0x3079	0x306eB0x2c54B0x1f4
0x3079	0x306eB0x2c54B0x45a
0x307a	0x306eB0x2c54B0x1f4
0x307a	0x306eB0x2c54B0x45a
0x307b	0x306eB0x2c54B0x1f4
0x307b	0x306eB0x2c54B0x45a
0x307c	0x306eB0x2c54B0x1f4
0x307c	0x306eB0x2c54B0x45a
0x3081	0x307eB0x2c54B0x1f4
0x3081	0x307eB0x2c54B0x45a
0x3083	0x307eB0x2c54B0x1f4
0x3083	0x307eB0x2c54B0x45a
0x3084	0x307eB0x2c54B0x1f4
0x3084	0x307eB0x2c54B0x45a
0x3085	0x307eB0x2c54B0x1f4
0x3085	0x307eB0x2c54B0x45a
0x3086	0x307eB0x2c54B0x1f4
0x3086	0x307eB0x2c54B0x45a
0x3087	0x307eB0x2c54B0x1f4
0x3087	0x307eB0x2c54B0x45a
0x308c	0x3089B0x1ec8B0x1d32B0x1a19
0x308c	0x3089B0x1ec8B0x1e03B0x1cb8
0x308e	0x3089B0x1ec8B0x1d32B0x1a19
0x308e	0x3089B0x1ec8B0x1e03B0x1cb8
0x308f	0x3089B0x1ec8B0x1d32B0x1a19
0x308f	0x3089B0x1ec8B0x1e03B0x1cb8
0x3090	0x3089B0x1ec8B0x1d32B0x1a19
0x3090	0x3089B0x1ec8B0x1e03B0x1cb8
0x3091	0x3089B0x1ec8B0x1d32B0x1a19
0x3091	0x3089B0x1ec8B0x1e03B0x1cb8
0x3092	0x3089B0x1ec8B0x1d32B0x1a19
0x3092	0x3089B0x1ec8B0x1e03B0x1cb8
0x3097	0x3094B0x1fe9
0x3099	0x3094B0x1fe9
0x309a	0x3094B0x1fe9
0x309b	0x3094B0x1fe9
0x309c	0x3094B0x1fe9
0x309d	0x3094B0x1fe9
0x30a4	0x309fB0x2c54B0x1f4
0x30a4	0x309fB0x2c54B0x45a
0x30a6	0x309fB0x2c54B0x1f4
0x30a6	0x309fB0x2c54B0x45a
0x30a7	0x309fB0x2c54B0x1f4
0x30a7	0x309fB0x2c54B0x45a
0x30a8	0x309fB0x2c54B0x1f4
0x30a8	0x309fB0x2c54B0x45a
0x30a9	0x309fB0x2c54B0x1f4
0x30a9	0x309fB0x2c54B0x45a
0x30aa	0x309fB0x2c54B0x1f4
0x30aa	0x309fB0x2c54B0x45a
0x30af	0x30acB0x2c54B0x1f4
0x30af	0x30acB0x2c54B0x45a
0x30b0	0x30acB0x2c54B0x1f4
0x30b0	0x30acB0x2c54B0x45a
0x30b4	0x30acB0x2c54B0x1f4
0x30b4	0x30acB0x2c54B0x45a
0x30b6	0x30acB0x2c54B0x1f4
0x30b6	0x30acB0x2c54B0x45a
0x30b7	0x30acB0x2c54B0x1f4
0x30b7	0x30acB0x2c54B0x45a
0x30b8	0x30acB0x2c54B0x1f4
0x30b8	0x30acB0x2c54B0x45a
0x30b9	0x30acB0x2c54B0x1f4
0x30b9	0x30acB0x2c54B0x45a
0x30ba	0x30acB0x2c54B0x1f4
0x30ba	0x30acB0x2c54B0x45a
0x30bb	0x30acB0x2c54B0x1f4
0x30bb	0x30acB0x2c54B0x45a
0x30c0	0x30bdB0x1ec8B0x1d32B0x1a19
0x30c0	0x30bdB0x1ec8B0x1e03B0x1cb8
0x30c1	0x30bdB0x1ec8B0x1d32B0x1a19
0x30c1	0x30bdB0x1ec8B0x1e03B0x1cb8
0x30c2	0x30bdB0x1ec8B0x1d32B0x1a19
0x30c2	0x30bdB0x1ec8B0x1e03B0x1cb8
0x30c3	0x30bdB0x1ec8B0x1d32B0x1a19
0x30c3	0x30bdB0x1ec8B0x1e03B0x1cb8
0x30c4	0x30bdB0x1ec8B0x1d32B0x1a19
0x30c4	0x30bdB0x1ec8B0x1e03B0x1cb8
0x30c5	0x30bdB0x1ec8B0x1d32B0x1a19
0x30c5	0x30bdB0x1ec8B0x1e03B0x1cb8
0x30c6	0x30bdB0x1ec8B0x1d32B0x1a19
0x30c6	0x30bdB0x1ec8B0x1e03B0x1cb8
0x30cb	0x30c8B0x2952B0xdaf
0x30cb	0x30c8B0x27d2B0xec2
0x30cb	0x30c8B0x28d2B0xf75
0x30cb	0x30c8B0x2792B0x1126
0x30cb	0x30c8B0x2992B0x11ab
0x30cb	0x30c8B0x29d2B0x1382
0x30cb	0x30c8B0x2892B0x17ff
0x30cb	0x30c8B0x29d2B0x1abd
0x30cb	0x30c8B0x2852B0x1c6c
0x30cb	0x30c8B0x2764B0x1fe9
0x30cb	0x30c8B0x2adeB0xadb0x39b
0x30cb	0x30c8B0x29d2B0x894B0x2ef
0x30cb	0x30c8B0x2adeB0x9b70x95fB0x343
0x30cb	0x30c8B0x2b1eB0x1e8eB0x1d32B0x1a19
0x30cb	0x30c8B0x2912B0x1f3eB0x1d32B0x1a19
0x30cb	0x30c8B0x2a78B0x1f9bB0x1d32B0x1a19
0x30cb	0x30c8B0x2b1eB0x1e8eB0x1e03B0x1cb8
0x30cb	0x30c8B0x2912B0x1f3eB0x1e03B0x1cb8
0x30cb	0x30c8B0x2a78B0x1f9bB0x1e03B0x1cb8
0x30cb	0x30c8B0x2a38B0x5c3B0x1ef
0x30cb	0x30c8B0x2adeB0xadb0x5b7B0x1ef
0x30cb	0x30c8B0x2a38B0xc51B0x455
0x30cb	0x30c8B0x2adeB0x9b70xc45B0x455
0x30cc	0x30c8B0x2952B0xdaf
0x30cc	0x30c8B0x27d2B0xec2
0x30cc	0x30c8B0x28d2B0xf75
0x30cc	0x30c8B0x2792B0x1126
0x30cc	0x30c8B0x2992B0x11ab
0x30cc	0x30c8B0x29d2B0x1382
0x30cc	0x30c8B0x2892B0x17ff
0x30cc	0x30c8B0x29d2B0x1abd
0x30cc	0x30c8B0x2852B0x1c6c
0x30cc	0x30c8B0x2764B0x1fe9
0x30cc	0x30c8B0x2adeB0xadb0x39b
0x30cc	0x30c8B0x29d2B0x894B0x2ef
0x30cc	0x30c8B0x2adeB0x9b70x95fB0x343
0x30cc	0x30c8B0x2b1eB0x1e8eB0x1d32B0x1a19
0x30cc	0x30c8B0x2912B0x1f3eB0x1d32B0x1a19
0x30cc	0x30c8B0x2a78B0x1f9bB0x1d32B0x1a19
0x30cc	0x30c8B0x2b1eB0x1e8eB0x1e03B0x1cb8
0x30cc	0x30c8B0x2912B0x1f3eB0x1e03B0x1cb8
0x30cc	0x30c8B0x2a78B0x1f9bB0x1e03B0x1cb8
0x30cc	0x30c8B0x2a38B0x5c3B0x1ef
0x30cc	0x30c8B0x2adeB0xadb0x5b7B0x1ef
0x30cc	0x30c8B0x2a38B0xc51B0x455
0x30cc	0x30c8B0x2adeB0x9b70xc45B0x455
0x30d0	0x30c8B0x2952B0xdaf
0x30d0	0x30c8B0x27d2B0xec2
0x30d0	0x30c8B0x28d2B0xf75
0x30d0	0x30c8B0x2792B0x1126
0x30d0	0x30c8B0x2992B0x11ab
0x30d0	0x30c8B0x29d2B0x1382
0x30d0	0x30c8B0x2892B0x17ff
0x30d0	0x30c8B0x29d2B0x1abd
0x30d0	0x30c8B0x2852B0x1c6c
0x30d0	0x30c8B0x2764B0x1fe9
0x30d0	0x30c8B0x2adeB0xadb0x39b
0x30d0	0x30c8B0x29d2B0x894B0x2ef
0x30d0	0x30c8B0x2adeB0x9b70x95fB0x343
0x30d0	0x30c8B0x2b1eB0x1e8eB0x1d32B0x1a19
0x30d0	0x30c8B0x2912B0x1f3eB0x1d32B0x1a19
0x30d0	0x30c8B0x2a78B0x1f9bB0x1d32B0x1a19
0x30d0	0x30c8B0x2b1eB0x1e8eB0x1e03B0x1cb8
0x30d0	0x30c8B0x2912B0x1f3eB0x1e03B0x1cb8
0x30d0	0x30c8B0x2a78B0x1f9bB0x1e03B0x1cb8
0x30d0	0x30c8B0x2a38B0x5c3B0x1ef
0x30d0	0x30c8B0x2adeB0xadb0x5b7B0x1ef
0x30d0	0x30c8B0x2a38B0xc51B0x455
0x30d0	0x30c8B0x2adeB0x9b70xc45B0x455
0x30d2	0x30c8B0x2952B0xdaf
0x30d2	0x30c8B0x27d2B0xec2
0x30d2	0x30c8B0x28d2B0xf75
0x30d2	0x30c8B0x2792B0x1126
0x30d2	0x30c8B0x2992B0x11ab
0x30d2	0x30c8B0x29d2B0x1382
0x30d2	0x30c8B0x2892B0x17ff
0x30d2	0x30c8B0x29d2B0x1abd
0x30d2	0x30c8B0x2852B0x1c6c
0x30d2	0x30c8B0x2764B0x1fe9
0x30d2	0x30c8B0x2adeB0xadb0x39b
0x30d2	0x30c8B0x29d2B0x894B0x2ef
0x30d2	0x30c8B0x2adeB0x9b70x95fB0x343
0x30d2	0x30c8B0x2b1eB0x1e8eB0x1d32B0x1a19
0x30d2	0x30c8B0x2912B0x1f3eB0x1d32B0x1a19
0x30d2	0x30c8B0x2a78B0x1f9bB0x1d32B0x1a19
0x30d2	0x30c8B0x2b1eB0x1e8eB0x1e03B0x1cb8
0x30d2	0x30c8B0x2912B0x1f3eB0x1e03B0x1cb8
0x30d2	0x30c8B0x2a78B0x1f9bB0x1e03B0x1cb8
0x30d2	0x30c8B0x2a38B0x5c3B0x1ef
0x30d2	0x30c8B0x2adeB0xadb0x5b7B0x1ef
0x30d2	0x30c8B0x2a38B0xc51B0x455
0x30d2	0x30c8B0x2adeB0x9b70xc45B0x455
0x30d3	0x30c8B0x2952B0xdaf
0x30d3	0x30c8B0x27d2B0xec2
0x30d3	0x30c8B0x28d2B0xf75
0x30d3	0x30c8B0x2792B0x1126
0x30d3	0x30c8B0x2992B0x11ab
0x30d3	0x30c8B0x29d2B0x1382
0x30d3	0x30c8B0x2892B0x17ff
0x30d3	0x30c8B0x29d2B0x1abd
0x30d3	0x30c8B0x2852B0x1c6c
0x30d3	0x30c8B0x2764B0x1fe9
0x30d3	0x30c8B0x2adeB0xadb0x39b
0x30d3	0x30c8B0x29d2B0x894B0x2ef
0x30d3	0x30c8B0x2adeB0x9b70x95fB0x343
0x30d3	0x30c8B0x2b1eB0x1e8eB0x1d32B0x1a19
0x30d3	0x30c8B0x2912B0x1f3eB0x1d32B0x1a19
0x30d3	0x30c8B0x2a78B0x1f9bB0x1d32B0x1a19
0x30d3	0x30c8B0x2b1eB0x1e8eB0x1e03B0x1cb8
0x30d3	0x30c8B0x2912B0x1f3eB0x1e03B0x1cb8
0x30d3	0x30c8B0x2a78B0x1f9bB0x1e03B0x1cb8
0x30d3	0x30c8B0x2a38B0x5c3B0x1ef
0x30d3	0x30c8B0x2adeB0xadb0x5b7B0x1ef
0x30d3	0x30c8B0x2a38B0xc51B0x455
0x30d3	0x30c8B0x2adeB0x9b70xc45B0x455
0x30d4	0x30c8B0x2952B0xdaf
0x30d4	0x30c8B0x27d2B0xec2
0x30d4	0x30c8B0x28d2B0xf75
0x30d4	0x30c8B0x2792B0x1126
0x30d4	0x30c8B0x2992B0x11ab
0x30d4	0x30c8B0x29d2B0x1382
0x30d4	0x30c8B0x2892B0x17ff
0x30d4	0x30c8B0x29d2B0x1abd
0x30d4	0x30c8B0x2852B0x1c6c
0x30d4	0x30c8B0x2764B0x1fe9
0x30d4	0x30c8B0x2adeB0xadb0x39b
0x30d4	0x30c8B0x29d2B0x894B0x2ef
0x30d4	0x30c8B0x2adeB0x9b70x95fB0x343
0x30d4	0x30c8B0x2b1eB0x1e8eB0x1d32B0x1a19
0x30d4	0x30c8B0x2912B0x1f3eB0x1d32B0x1a19
0x30d4	0x30c8B0x2a78B0x1f9bB0x1d32B0x1a19
0x30d4	0x30c8B0x2b1eB0x1e8eB0x1e03B0x1cb8
0x30d4	0x30c8B0x2912B0x1f3eB0x1e03B0x1cb8
0x30d4	0x30c8B0x2a78B0x1f9bB0x1e03B0x1cb8
0x30d4	0x30c8B0x2a38B0x5c3B0x1ef
0x30d4	0x30c8B0x2adeB0xadb0x5b7B0x1ef
0x30d4	0x30c8B0x2a38B0xc51B0x455
0x30d4	0x30c8B0x2adeB0x9b70xc45B0x455
0x30d5	0x30c8B0x2952B0xdaf
0x30d5	0x30c8B0x27d2B0xec2
0x30d5	0x30c8B0x28d2B0xf75
0x30d5	0x30c8B0x2792B0x1126
0x30d5	0x30c8B0x2992B0x11ab
0x30d5	0x30c8B0x29d2B0x1382
0x30d5	0x30c8B0x2892B0x17ff
0x30d5	0x30c8B0x29d2B0x1abd
0x30d5	0x30c8B0x2852B0x1c6c
0x30d5	0x30c8B0x2764B0x1fe9
0x30d5	0x30c8B0x2adeB0xadb0x39b
0x30d5	0x30c8B0x29d2B0x894B0x2ef
0x30d5	0x30c8B0x2adeB0x9b70x95fB0x343
0x30d5	0x30c8B0x2b1eB0x1e8eB0x1d32B0x1a19
0x30d5	0x30c8B0x2912B0x1f3eB0x1d32B0x1a19
0x30d5	0x30c8B0x2a78B0x1f9bB0x1d32B0x1a19
0x30d5	0x30c8B0x2b1eB0x1e8eB0x1e03B0x1cb8
0x30d5	0x30c8B0x2912B0x1f3eB0x1e03B0x1cb8
0x30d5	0x30c8B0x2a78B0x1f9bB0x1e03B0x1cb8
0x30d5	0x30c8B0x2a38B0x5c3B0x1ef
0x30d5	0x30c8B0x2adeB0xadb0x5b7B0x1ef
0x30d5	0x30c8B0x2a38B0xc51B0x455
0x30d5	0x30c8B0x2adeB0x9b70xc45B0x455
0x30d6	0x30c8B0x2952B0xdaf
0x30d6	0x30c8B0x27d2B0xec2
0x30d6	0x30c8B0x28d2B0xf75
0x30d6	0x30c8B0x2792B0x1126
0x30d6	0x30c8B0x2992B0x11ab
0x30d6	0x30c8B0x29d2B0x1382
0x30d6	0x30c8B0x2892B0x17ff
0x30d6	0x30c8B0x29d2B0x1abd
0x30d6	0x30c8B0x2852B0x1c6c
0x30d6	0x30c8B0x2764B0x1fe9
0x30d6	0x30c8B0x2adeB0xadb0x39b
0x30d6	0x30c8B0x29d2B0x894B0x2ef
0x30d6	0x30c8B0x2adeB0x9b70x95fB0x343
0x30d6	0x30c8B0x2b1eB0x1e8eB0x1d32B0x1a19
0x30d6	0x30c8B0x2912B0x1f3eB0x1d32B0x1a19
0x30d6	0x30c8B0x2a78B0x1f9bB0x1d32B0x1a19
0x30d6	0x30c8B0x2b1eB0x1e8eB0x1e03B0x1cb8
0x30d6	0x30c8B0x2912B0x1f3eB0x1e03B0x1cb8
0x30d6	0x30c8B0x2a78B0x1f9bB0x1e03B0x1cb8
0x30d6	0x30c8B0x2a38B0x5c3B0x1ef
0x30d6	0x30c8B0x2adeB0xadb0x5b7B0x1ef
0x30d6	0x30c8B0x2a38B0xc51B0x455
0x30d6	0x30c8B0x2adeB0x9b70xc45B0x455
0x30d7	0x30c8B0x2952B0xdaf
0x30d7	0x30c8B0x27d2B0xec2
0x30d7	0x30c8B0x28d2B0xf75
0x30d7	0x30c8B0x2792B0x1126
0x30d7	0x30c8B0x2992B0x11ab
0x30d7	0x30c8B0x29d2B0x1382
0x30d7	0x30c8B0x2892B0x17ff
0x30d7	0x30c8B0x29d2B0x1abd
0x30d7	0x30c8B0x2852B0x1c6c
0x30d7	0x30c8B0x2764B0x1fe9
0x30d7	0x30c8B0x2adeB0xadb0x39b
0x30d7	0x30c8B0x29d2B0x894B0x2ef
0x30d7	0x30c8B0x2adeB0x9b70x95fB0x343
0x30d7	0x30c8B0x2b1eB0x1e8eB0x1d32B0x1a19
0x30d7	0x30c8B0x2912B0x1f3eB0x1d32B0x1a19
0x30d7	0x30c8B0x2a78B0x1f9bB0x1d32B0x1a19
0x30d7	0x30c8B0x2b1eB0x1e8eB0x1e03B0x1cb8
0x30d7	0x30c8B0x2912B0x1f3eB0x1e03B0x1cb8
0x30d7	0x30c8B0x2a78B0x1f9bB0x1e03B0x1cb8
0x30d7	0x30c8B0x2a38B0x5c3B0x1ef
0x30d7	0x30c8B0x2adeB0xadb0x5b7B0x1ef
0x30d7	0x30c8B0x2a38B0xc51B0x455
0x30d7	0x30c8B0x2adeB0x9b70xc45B0x455
0x30dc	0x30d9
0x30dd	0x30d9
0x30de	0x30d9
0x30df	0x30d9
0x30e0	0x30d9
0x30e1	0x30d9
0x30e2	0x30d9
0x30ea	0x30e4B0x2686B0x2bd9B0x14f
0x30ea	0x30e4B0x2686B0x2bd9B0x4ca
0x30ea	0x30e4B0x2686B0x2bd9B0x520
0x30ea	0x30e4B0x2686B0x2d13B0xff0
0x30ea	0x30e4B0x2686B0x2d3aB0xff0
0x30ea	0x30e4B0x2686B0x2cdbB0x15b3
0x30ea	0x30e4B0x3191B0x2082B0x2363B0x171
0x30ea	0x30e4B0x3191B0x2082B0x25b3B0x241
0x30ea	0x30e4B0x3191B0x2082B0x238dB0x2d9
0x30ea	0x30e4B0x3191B0x2082B0x239bB0x2d9
0x30ea	0x30e4B0x3191B0x2082B0x23c9B0x32d
0x30ea	0x30e4B0x3191B0x2082B0x25b3B0x36a
0x30ea	0x30e4B0x3191B0x2082B0x23c9B0x3a7
0x30ea	0x30e4B0x3191B0x2082B0x238dB0x498
0x30ea	0x30e4B0x3191B0x2082B0x239bB0x498
0x30ea	0x30e4B0x2686B0x2bd9B0x162fB0x4ec
0x30ea	0x30e4B0x3191B0x2082B0x2575B0x542
0x30ea	0x30e4B0x3191B0x2082B0x2408B0x272
0x30ea	0x30e4B0x3191B0x2082B0x2427B0x272
0x30ea	0x30e4B0x3191B0x2082B0x25b3B0x3d8
0x30ea	0x30e4B0x3191B0x2082B0x20ecB0x2482B0x1d9
0x30ea	0x30e4B0x3191B0x2082B0x20ecB0x2482B0x43f
0x30ea	0x30e4B0x2686B0x2bf4B0x1d11B0x1a19
0x30ea	0x30e4B0x2686B0x2c09B0x1d11B0x1a19
0x30ea	0x30e4B0x2686B0x2c2bB0x1de4B0x1cb8
0x30ea	0x30e4B0x3191B0x2082B0x2605B0x470
0x30ea	0x30e4B0x3191B0x2082B0x22baB0x2655B0x470
0x30f0	0x30efB0x2686B0x2bd9B0x14f
0x30f0	0x30efB0x2686B0x2bd9B0x4ca
0x30f0	0x30efB0x2686B0x2bd9B0x520
0x30f0	0x30efB0x2686B0x2d13B0xff0
0x30f0	0x30efB0x2686B0x2d3aB0xff0
0x30f0	0x30efB0x2686B0x2cdbB0x15b3
0x30f0	0x30efB0x3191B0x2082B0x2363B0x171
0x30f0	0x30efB0x3191B0x2082B0x25b3B0x241
0x30f0	0x30efB0x3191B0x2082B0x238dB0x2d9
0x30f0	0x30efB0x3191B0x2082B0x239bB0x2d9
0x30f0	0x30efB0x3191B0x2082B0x23c9B0x32d
0x30f0	0x30efB0x3191B0x2082B0x25b3B0x36a
0x30f0	0x30efB0x3191B0x2082B0x23c9B0x3a7
0x30f0	0x30efB0x3191B0x2082B0x238dB0x498
0x30f0	0x30efB0x3191B0x2082B0x239bB0x498
0x30f0	0x30efB0x2686B0x2bd9B0x162fB0x4ec
0x30f0	0x30efB0x3191B0x2082B0x2575B0x542
0x30f0	0x30efB0x3191B0x2082B0x2408B0x272
0x30f0	0x30efB0x3191B0x2082B0x2427B0x272
0x30f0	0x30efB0x3191B0x2082B0x25b3B0x3d8
0x30f0	0x30efB0x3191B0x2082B0x20ecB0x2482B0x1d9
0x30f0	0x30efB0x3191B0x2082B0x20ecB0x2482B0x43f
0x30f0	0x30efB0x2686B0x2bf4B0x1d11B0x1a19
0x30f0	0x30efB0x2686B0x2c09B0x1d11B0x1a19
0x30f0	0x30efB0x2686B0x2c2bB0x1de4B0x1cb8
0x30f0	0x30efB0x3191B0x2082B0x2605B0x470
0x30f0	0x30efB0x3191B0x2082B0x22baB0x2655B0x470
0x30f1	0x30efB0x2686B0x2bd9B0x14f
0x30f1	0x30efB0x2686B0x2bd9B0x4ca
0x30f1	0x30efB0x2686B0x2bd9B0x520
0x30f1	0x30efB0x2686B0x2d13B0xff0
0x30f1	0x30efB0x2686B0x2d3aB0xff0
0x30f1	0x30efB0x2686B0x2cdbB0x15b3
0x30f1	0x30efB0x3191B0x2082B0x2363B0x171
0x30f1	0x30efB0x3191B0x2082B0x25b3B0x241
0x30f1	0x30efB0x3191B0x2082B0x238dB0x2d9
0x30f1	0x30efB0x3191B0x2082B0x239bB0x2d9
0x30f1	0x30efB0x3191B0x2082B0x23c9B0x32d
0x30f1	0x30efB0x3191B0x2082B0x25b3B0x36a
0x30f1	0x30efB0x3191B0x2082B0x23c9B0x3a7
0x30f1	0x30efB0x3191B0x2082B0x238dB0x498
0x30f1	0x30efB0x3191B0x2082B0x239bB0x498
0x30f1	0x30efB0x2686B0x2bd9B0x162fB0x4ec
0x30f1	0x30efB0x3191B0x2082B0x2575B0x542
0x30f1	0x30efB0x3191B0x2082B0x2408B0x272
0x30f1	0x30efB0x3191B0x2082B0x2427B0x272
0x30f1	0x30efB0x3191B0x2082B0x25b3B0x3d8
0x30f1	0x30efB0x3191B0x2082B0x20ecB0x2482B0x1d9
0x30f1	0x30efB0x3191B0x2082B0x20ecB0x2482B0x43f
0x30f1	0x30efB0x2686B0x2bf4B0x1d11B0x1a19
0x30f1	0x30efB0x2686B0x2c09B0x1d11B0x1a19
0x30f1	0x30efB0x2686B0x2c2bB0x1de4B0x1cb8
0x30f1	0x30efB0x3191B0x2082B0x2605B0x470
0x30f1	0x30efB0x3191B0x2082B0x22baB0x2655B0x470
0x30f2	0x30efB0x2686B0x2bd9B0x14f
0x30f2	0x30efB0x2686B0x2bd9B0x4ca
0x30f2	0x30efB0x2686B0x2bd9B0x520
0x30f2	0x30efB0x2686B0x2d13B0xff0
0x30f2	0x30efB0x2686B0x2d3aB0xff0
0x30f2	0x30efB0x2686B0x2cdbB0x15b3
0x30f2	0x30efB0x3191B0x2082B0x2363B0x171
0x30f2	0x30efB0x3191B0x2082B0x25b3B0x241
0x30f2	0x30efB0x3191B0x2082B0x238dB0x2d9
0x30f2	0x30efB0x3191B0x2082B0x239bB0x2d9
0x30f2	0x30efB0x3191B0x2082B0x23c9B0x32d
0x30f2	0x30efB0x3191B0x2082B0x25b3B0x36a
0x30f2	0x30efB0x3191B0x2082B0x23c9B0x3a7
0x30f2	0x30efB0x3191B0x2082B0x238dB0x498
0x30f2	0x30efB0x3191B0x2082B0x239bB0x498
0x30f2	0x30efB0x2686B0x2bd9B0x162fB0x4ec
0x30f2	0x30efB0x3191B0x2082B0x2575B0x542
0x30f2	0x30efB0x3191B0x2082B0x2408B0x272
0x30f2	0x30efB0x3191B0x2082B0x2427B0x272
0x30f2	0x30efB0x3191B0x2082B0x25b3B0x3d8
0x30f2	0x30efB0x3191B0x2082B0x20ecB0x2482B0x1d9
0x30f2	0x30efB0x3191B0x2082B0x20ecB0x2482B0x43f
0x30f2	0x30efB0x2686B0x2bf4B0x1d11B0x1a19
0x30f2	0x30efB0x2686B0x2c09B0x1d11B0x1a19
0x30f2	0x30efB0x2686B0x2c2bB0x1de4B0x1cb8
0x30f2	0x30efB0x3191B0x2082B0x2605B0x470
0x30f2	0x30efB0x3191B0x2082B0x22baB0x2655B0x470
0x30f3	0x30efB0x2686B0x2bd9B0x14f
0x30f3	0x30efB0x2686B0x2bd9B0x4ca
0x30f3	0x30efB0x2686B0x2bd9B0x520
0x30f3	0x30efB0x2686B0x2d13B0xff0
0x30f3	0x30efB0x2686B0x2d3aB0xff0
0x30f3	0x30efB0x2686B0x2cdbB0x15b3
0x30f3	0x30efB0x3191B0x2082B0x2363B0x171
0x30f3	0x30efB0x3191B0x2082B0x25b3B0x241
0x30f3	0x30efB0x3191B0x2082B0x238dB0x2d9
0x30f3	0x30efB0x3191B0x2082B0x239bB0x2d9
0x30f3	0x30efB0x3191B0x2082B0x23c9B0x32d
0x30f3	0x30efB0x3191B0x2082B0x25b3B0x36a
0x30f3	0x30efB0x3191B0x2082B0x23c9B0x3a7
0x30f3	0x30efB0x3191B0x2082B0x238dB0x498
0x30f3	0x30efB0x3191B0x2082B0x239bB0x498
0x30f3	0x30efB0x2686B0x2bd9B0x162fB0x4ec
0x30f3	0x30efB0x3191B0x2082B0x2575B0x542
0x30f3	0x30efB0x3191B0x2082B0x2408B0x272
0x30f3	0x30efB0x3191B0x2082B0x2427B0x272
0x30f3	0x30efB0x3191B0x2082B0x25b3B0x3d8
0x30f3	0x30efB0x3191B0x2082B0x20ecB0x2482B0x1d9
0x30f3	0x30efB0x3191B0x2082B0x20ecB0x2482B0x43f
0x30f3	0x30efB0x2686B0x2bf4B0x1d11B0x1a19
0x30f3	0x30efB0x2686B0x2c09B0x1d11B0x1a19
0x30f3	0x30efB0x2686B0x2c2bB0x1de4B0x1cb8
0x30f3	0x30efB0x3191B0x2082B0x2605B0x470
0x30f3	0x30efB0x3191B0x2082B0x22baB0x2655B0x470
0x30f4	0x30efB0x2686B0x2bd9B0x14f
0x30f4	0x30efB0x2686B0x2bd9B0x4ca
0x30f4	0x30efB0x2686B0x2bd9B0x520
0x30f4	0x30efB0x2686B0x2d13B0xff0
0x30f4	0x30efB0x2686B0x2d3aB0xff0
0x30f4	0x30efB0x2686B0x2cdbB0x15b3
0x30f4	0x30efB0x3191B0x2082B0x2363B0x171
0x30f4	0x30efB0x3191B0x2082B0x25b3B0x241
0x30f4	0x30efB0x3191B0x2082B0x238dB0x2d9
0x30f4	0x30efB0x3191B0x2082B0x239bB0x2d9
0x30f4	0x30efB0x3191B0x2082B0x23c9B0x32d
0x30f4	0x30efB0x3191B0x2082B0x25b3B0x36a
0x30f4	0x30efB0x3191B0x2082B0x23c9B0x3a7
0x30f4	0x30efB0x3191B0x2082B0x238dB0x498
0x30f4	0x30efB0x3191B0x2082B0x239bB0x498
0x30f4	0x30efB0x2686B0x2bd9B0x162fB0x4ec
0x30f4	0x30efB0x3191B0x2082B0x2575B0x542
0x30f4	0x30efB0x3191B0x2082B0x2408B0x272
0x30f4	0x30efB0x3191B0x2082B0x2427B0x272
0x30f4	0x30efB0x3191B0x2082B0x25b3B0x3d8
0x30f4	0x30efB0x3191B0x2082B0x20ecB0x2482B0x1d9
0x30f4	0x30efB0x3191B0x2082B0x20ecB0x2482B0x43f
0x30f4	0x30efB0x2686B0x2bf4B0x1d11B0x1a19
0x30f4	0x30efB0x2686B0x2c09B0x1d11B0x1a19
0x30f4	0x30efB0x2686B0x2c2bB0x1de4B0x1cb8
0x30f4	0x30efB0x3191B0x2082B0x2605B0x470
0x30f4	0x30efB0x3191B0x2082B0x22baB0x2655B0x470
0x30f9	0x30f6B0x26f3B0x30b
0x30f9	0x30f6B0x31a8B0x2220B0x24d3B0x1f83B0x1d32B0x1a19
0x30f9	0x30f6B0x31a8B0x2220B0x24d3B0x1f83B0x1e03B0x1cb8
0x30fc	0x30f6B0x26f3B0x30b
0x30fc	0x30f6B0x31a8B0x2220B0x24d3B0x1f83B0x1d32B0x1a19
0x30fc	0x30f6B0x31a8B0x2220B0x24d3B0x1f83B0x1e03B0x1cb8
0x30fd	0x30f6B0x26f3B0x30b
0x30fd	0x30f6B0x31a8B0x2220B0x24d3B0x1f83B0x1d32B0x1a19
0x30fd	0x30f6B0x31a8B0x2220B0x24d3B0x1f83B0x1e03B0x1cb8
0x30fe	0x30f6B0x26f3B0x30b
0x30fe	0x30f6B0x31a8B0x2220B0x24d3B0x1f83B0x1d32B0x1a19
0x30fe	0x30f6B0x31a8B0x2220B0x24d3B0x1f83B0x1e03B0x1cb8
0x30ff	0x30f6B0x26f3B0x30b
0x30ff	0x30f6B0x31a8B0x2220B0x24d3B0x1f83B0x1d32B0x1a19
0x30ff	0x30f6B0x31a8B0x2220B0x24d3B0x1f83B0x1e03B0x1cb8
0x3100	0x30f6B0x26f3B0x30b
0x3100	0x30f6B0x31a8B0x2220B0x24d3B0x1f83B0x1d32B0x1a19
0x3100	0x30f6B0x31a8B0x2220B0x24d3B0x1f83B0x1e03B0x1cb8
0x3105	0x3102B0x2711B0x2bad
0x3105	0x3102B0x2711B0x2bb9
0x3105	0x3102B0x2702B0x2c91B0x21f
0x3105	0x3102B0x2702B0x2c91B0x2b7
0x3105	0x3102B0x2702B0x2c91B0x41d
0x3105	0x3102B0x2702B0x2c91B0x172c
0x3105	0x3102B0x2702B0x2c91B0xde9
0x3105	0x3102B0x2702B0x2cf1B0xff0
0x3105	0x3102B0x2702B0x2d52B0x1099
0x3105	0x3102B0x2702B0x2d74B0x1099
0x3105	0x3102B0x2702B0x2d81B0x1099
0x3105	0x3102B0x2702B0x2cacB0x15b3
0x3105	0x3102B0x2702B0x2cc1B0x15b3
0x3105	0x3102B0x2702B0x2c91B0x1839
0x3105	0x3102B0x31bfB0x2235B0x22deB0x2655B0x470
0x3105	0x3102B0x31bfB0x2235B0x22f2B0x2655B0x470
0x3106	0x3102B0x2711B0x2bad
0x3106	0x3102B0x2711B0x2bb9
0x3106	0x3102B0x2702B0x2c91B0x21f
0x3106	0x3102B0x2702B0x2c91B0x2b7
0x3106	0x3102B0x2702B0x2c91B0x41d
0x3106	0x3102B0x2702B0x2c91B0x172c
0x3106	0x3102B0x2702B0x2c91B0xde9
0x3106	0x3102B0x2702B0x2cf1B0xff0
0x3106	0x3102B0x2702B0x2d52B0x1099
0x3106	0x3102B0x2702B0x2d74B0x1099
0x3106	0x3102B0x2702B0x2d81B0x1099
0x3106	0x3102B0x2702B0x2cacB0x15b3
0x3106	0x3102B0x2702B0x2cc1B0x15b3
0x3106	0x3102B0x2702B0x2c91B0x1839
0x3106	0x3102B0x31bfB0x2235B0x22deB0x2655B0x470
0x3106	0x3102B0x31bfB0x2235B0x22f2B0x2655B0x470
0x3107	0x3102B0x2711B0x2bad
0x3107	0x3102B0x2711B0x2bb9
0x3107	0x3102B0x2702B0x2c91B0x21f
0x3107	0x3102B0x2702B0x2c91B0x2b7
0x3107	0x3102B0x2702B0x2c91B0x41d
0x3107	0x3102B0x2702B0x2c91B0x172c
0x3107	0x3102B0x2702B0x2c91B0xde9
0x3107	0x3102B0x2702B0x2cf1B0xff0
0x3107	0x3102B0x2702B0x2d52B0x1099
0x3107	0x3102B0x2702B0x2d74B0x1099
0x3107	0x3102B0x2702B0x2d81B0x1099
0x3107	0x3102B0x2702B0x2cacB0x15b3
0x3107	0x3102B0x2702B0x2cc1B0x15b3
0x3107	0x3102B0x2702B0x2c91B0x1839
0x3107	0x3102B0x31bfB0x2235B0x22deB0x2655B0x470
0x3107	0x3102B0x31bfB0x2235B0x22f2B0x2655B0x470
0x3108	0x3102B0x2711B0x2bad
0x3108	0x3102B0x2711B0x2bb9
0x3108	0x3102B0x2702B0x2c91B0x21f
0x3108	0x3102B0x2702B0x2c91B0x2b7
0x3108	0x3102B0x2702B0x2c91B0x41d
0x3108	0x3102B0x2702B0x2c91B0x172c
0x3108	0x3102B0x2702B0x2c91B0xde9
0x3108	0x3102B0x2702B0x2cf1B0xff0
0x3108	0x3102B0x2702B0x2d52B0x1099
0x3108	0x3102B0x2702B0x2d74B0x1099
0x3108	0x3102B0x2702B0x2d81B0x1099
0x3108	0x3102B0x2702B0x2cacB0x15b3
0x3108	0x3102B0x2702B0x2cc1B0x15b3
0x3108	0x3102B0x2702B0x2c91B0x1839
0x3108	0x3102B0x31bfB0x2235B0x22deB0x2655B0x470
0x3108	0x3102B0x31bfB0x2235B0x22f2B0x2655B0x470
0x3109	0x3102B0x2711B0x2bad
0x3109	0x3102B0x2711B0x2bb9
0x3109	0x3102B0x2702B0x2c91B0x21f
0x3109	0x3102B0x2702B0x2c91B0x2b7
0x3109	0x3102B0x2702B0x2c91B0x41d
0x3109	0x3102B0x2702B0x2c91B0x172c
0x3109	0x3102B0x2702B0x2c91B0xde9
0x3109	0x3102B0x2702B0x2cf1B0xff0
0x3109	0x3102B0x2702B0x2d52B0x1099
0x3109	0x3102B0x2702B0x2d74B0x1099
0x3109	0x3102B0x2702B0x2d81B0x1099
0x3109	0x3102B0x2702B0x2cacB0x15b3
0x3109	0x3102B0x2702B0x2cc1B0x15b3
0x3109	0x3102B0x2702B0x2c91B0x1839
0x3109	0x3102B0x31bfB0x2235B0x22deB0x2655B0x470
0x3109	0x3102B0x31bfB0x2235B0x22f2B0x2655B0x470
0x310a	0x3102B0x2711B0x2bad
0x310a	0x3102B0x2711B0x2bb9
0x310a	0x3102B0x2702B0x2c91B0x21f
0x310a	0x3102B0x2702B0x2c91B0x2b7
0x310a	0x3102B0x2702B0x2c91B0x41d
0x310a	0x3102B0x2702B0x2c91B0x172c
0x310a	0x3102B0x2702B0x2c91B0xde9
0x310a	0x3102B0x2702B0x2cf1B0xff0
0x310a	0x3102B0x2702B0x2d52B0x1099
0x310a	0x3102B0x2702B0x2d74B0x1099
0x310a	0x3102B0x2702B0x2d81B0x1099
0x310a	0x3102B0x2702B0x2cacB0x15b3
0x310a	0x3102B0x2702B0x2cc1B0x15b3
0x310a	0x3102B0x2702B0x2c91B0x1839
0x310a	0x3102B0x31bfB0x2235B0x22deB0x2655B0x470
0x310a	0x3102B0x31bfB0x2235B0x22f2B0x2655B0x470
0x3124	0x310cB0x2686B0x2bd9B0x14f
0x3124	0x310cB0x2686B0x2bd9B0x4ca
0x3124	0x310cB0x2686B0x2bd9B0x520
0x3124	0x310cB0x2686B0x2d13B0xff0
0x3124	0x310cB0x2686B0x2d3aB0xff0
0x3124	0x310cB0x2686B0x2cdbB0x15b3
0x3124	0x310cB0x3191B0x2082B0x2363B0x171
0x3124	0x310cB0x3191B0x2082B0x25b3B0x241
0x3124	0x310cB0x3191B0x2082B0x238dB0x2d9
0x3124	0x310cB0x3191B0x2082B0x239bB0x2d9
0x3124	0x310cB0x3191B0x2082B0x23c9B0x32d
0x3124	0x310cB0x3191B0x2082B0x25b3B0x36a
0x3124	0x310cB0x3191B0x2082B0x23c9B0x3a7
0x3124	0x310cB0x3191B0x2082B0x238dB0x498
0x3124	0x310cB0x3191B0x2082B0x239bB0x498
0x3124	0x310cB0x2686B0x2bd9B0x162fB0x4ec
0x3124	0x310cB0x3191B0x2082B0x2575B0x542
0x3124	0x310cB0x3191B0x2082B0x2408B0x272
0x3124	0x310cB0x3191B0x2082B0x2427B0x272
0x3124	0x310cB0x3191B0x2082B0x25b3B0x3d8
0x3124	0x310cB0x3191B0x2082B0x20ecB0x2482B0x1d9
0x3124	0x310cB0x3191B0x2082B0x20ecB0x2482B0x43f
0x3124	0x310cB0x2686B0x2bf4B0x1d11B0x1a19
0x3124	0x310cB0x2686B0x2c09B0x1d11B0x1a19
0x3124	0x310cB0x2686B0x2c2bB0x1de4B0x1cb8
0x3124	0x310cB0x3191B0x2082B0x2605B0x470
0x3124	0x310cB0x3191B0x2082B0x22baB0x2655B0x470
0x3126	0x310cB0x2686B0x2bd9B0x14f
0x3126	0x310cB0x2686B0x2bd9B0x4ca
0x3126	0x310cB0x2686B0x2bd9B0x520
0x3126	0x310cB0x2686B0x2d13B0xff0
0x3126	0x310cB0x2686B0x2d3aB0xff0
0x3126	0x310cB0x2686B0x2cdbB0x15b3
0x3126	0x310cB0x3191B0x2082B0x2363B0x171
0x3126	0x310cB0x3191B0x2082B0x25b3B0x241
0x3126	0x310cB0x3191B0x2082B0x238dB0x2d9
0x3126	0x310cB0x3191B0x2082B0x239bB0x2d9
0x3126	0x310cB0x3191B0x2082B0x23c9B0x32d
0x3126	0x310cB0x3191B0x2082B0x25b3B0x36a
0x3126	0x310cB0x3191B0x2082B0x23c9B0x3a7
0x3126	0x310cB0x3191B0x2082B0x238dB0x498
0x3126	0x310cB0x3191B0x2082B0x239bB0x498
0x3126	0x310cB0x2686B0x2bd9B0x162fB0x4ec
0x3126	0x310cB0x3191B0x2082B0x2575B0x542
0x3126	0x310cB0x3191B0x2082B0x2408B0x272
0x3126	0x310cB0x3191B0x2082B0x2427B0x272
0x3126	0x310cB0x3191B0x2082B0x25b3B0x3d8
0x3126	0x310cB0x3191B0x2082B0x20ecB0x2482B0x1d9
0x3126	0x310cB0x3191B0x2082B0x20ecB0x2482B0x43f
0x3126	0x310cB0x2686B0x2bf4B0x1d11B0x1a19
0x3126	0x310cB0x2686B0x2c09B0x1d11B0x1a19
0x3126	0x310cB0x2686B0x2c2bB0x1de4B0x1cb8
0x3126	0x310cB0x3191B0x2082B0x2605B0x470
0x3126	0x310cB0x3191B0x2082B0x22baB0x2655B0x470
0x3127	0x310cB0x2686B0x2bd9B0x14f
0x3127	0x310cB0x2686B0x2bd9B0x4ca
0x3127	0x310cB0x2686B0x2bd9B0x520
0x3127	0x310cB0x2686B0x2d13B0xff0
0x3127	0x310cB0x2686B0x2d3aB0xff0
0x3127	0x310cB0x2686B0x2cdbB0x15b3
0x3127	0x310cB0x3191B0x2082B0x2363B0x171
0x3127	0x310cB0x3191B0x2082B0x25b3B0x241
0x3127	0x310cB0x3191B0x2082B0x238dB0x2d9
0x3127	0x310cB0x3191B0x2082B0x239bB0x2d9
0x3127	0x310cB0x3191B0x2082B0x23c9B0x32d
0x3127	0x310cB0x3191B0x2082B0x25b3B0x36a
0x3127	0x310cB0x3191B0x2082B0x23c9B0x3a7
0x3127	0x310cB0x3191B0x2082B0x238dB0x498
0x3127	0x310cB0x3191B0x2082B0x239bB0x498
0x3127	0x310cB0x2686B0x2bd9B0x162fB0x4ec
0x3127	0x310cB0x3191B0x2082B0x2575B0x542
0x3127	0x310cB0x3191B0x2082B0x2408B0x272
0x3127	0x310cB0x3191B0x2082B0x2427B0x272
0x3127	0x310cB0x3191B0x2082B0x25b3B0x3d8
0x3127	0x310cB0x3191B0x2082B0x20ecB0x2482B0x1d9
0x3127	0x310cB0x3191B0x2082B0x20ecB0x2482B0x43f
0x3127	0x310cB0x2686B0x2bf4B0x1d11B0x1a19
0x3127	0x310cB0x2686B0x2c09B0x1d11B0x1a19
0x3127	0x310cB0x2686B0x2c2bB0x1de4B0x1cb8
0x3127	0x310cB0x3191B0x2082B0x2605B0x470
0x3127	0x310cB0x3191B0x2082B0x22baB0x2655B0x470
0x3128	0x310cB0x2686B0x2bd9B0x14f
0x3128	0x310cB0x2686B0x2bd9B0x4ca
0x3128	0x310cB0x2686B0x2bd9B0x520
0x3128	0x310cB0x2686B0x2d13B0xff0
0x3128	0x310cB0x2686B0x2d3aB0xff0
0x3128	0x310cB0x2686B0x2cdbB0x15b3
0x3128	0x310cB0x3191B0x2082B0x2363B0x171
0x3128	0x310cB0x3191B0x2082B0x25b3B0x241
0x3128	0x310cB0x3191B0x2082B0x238dB0x2d9
0x3128	0x310cB0x3191B0x2082B0x239bB0x2d9
0x3128	0x310cB0x3191B0x2082B0x23c9B0x32d
0x3128	0x310cB0x3191B0x2082B0x25b3B0x36a
0x3128	0x310cB0x3191B0x2082B0x23c9B0x3a7
0x3128	0x310cB0x3191B0x2082B0x238dB0x498
0x3128	0x310cB0x3191B0x2082B0x239bB0x498
0x3128	0x310cB0x2686B0x2bd9B0x162fB0x4ec
0x3128	0x310cB0x3191B0x2082B0x2575B0x542
0x3128	0x310cB0x3191B0x2082B0x2408B0x272
0x3128	0x310cB0x3191B0x2082B0x2427B0x272
0x3128	0x310cB0x3191B0x2082B0x25b3B0x3d8
0x3128	0x310cB0x3191B0x2082B0x20ecB0x2482B0x1d9
0x3128	0x310cB0x3191B0x2082B0x20ecB0x2482B0x43f
0x3128	0x310cB0x2686B0x2bf4B0x1d11B0x1a19
0x3128	0x310cB0x2686B0x2c09B0x1d11B0x1a19
0x3128	0x310cB0x2686B0x2c2bB0x1de4B0x1cb8
0x3128	0x310cB0x3191B0x2082B0x2605B0x470
0x3128	0x310cB0x3191B0x2082B0x22baB0x2655B0x470
0x3129	0x310cB0x2686B0x2bd9B0x14f
0x3129	0x310cB0x2686B0x2bd9B0x4ca
0x3129	0x310cB0x2686B0x2bd9B0x520
0x3129	0x310cB0x2686B0x2d13B0xff0
0x3129	0x310cB0x2686B0x2d3aB0xff0
0x3129	0x310cB0x2686B0x2cdbB0x15b3
0x3129	0x310cB0x3191B0x2082B0x2363B0x171
0x3129	0x310cB0x3191B0x2082B0x25b3B0x241
0x3129	0x310cB0x3191B0x2082B0x238dB0x2d9
0x3129	0x310cB0x3191B0x2082B0x239bB0x2d9
0x3129	0x310cB0x3191B0x2082B0x23c9B0x32d
0x3129	0x310cB0x3191B0x2082B0x25b3B0x36a
0x3129	0x310cB0x3191B0x2082B0x23c9B0x3a7
0x3129	0x310cB0x3191B0x2082B0x238dB0x498
0x3129	0x310cB0x3191B0x2082B0x239bB0x498
0x3129	0x310cB0x2686B0x2bd9B0x162fB0x4ec
0x3129	0x310cB0x3191B0x2082B0x2575B0x542
0x3129	0x310cB0x3191B0x2082B0x2408B0x272
0x3129	0x310cB0x3191B0x2082B0x2427B0x272
0x3129	0x310cB0x3191B0x2082B0x25b3B0x3d8
0x3129	0x310cB0x3191B0x2082B0x20ecB0x2482B0x1d9
0x3129	0x310cB0x3191B0x2082B0x20ecB0x2482B0x43f
0x3129	0x310cB0x2686B0x2bf4B0x1d11B0x1a19
0x3129	0x310cB0x2686B0x2c09B0x1d11B0x1a19
0x3129	0x310cB0x2686B0x2c2bB0x1de4B0x1cb8
0x3129	0x310cB0x3191B0x2082B0x2605B0x470
0x3129	0x310cB0x3191B0x2082B0x22baB0x2655B0x470
0x312a	0x310cB0x2686B0x2bd9B0x14f
0x312a	0x310cB0x2686B0x2bd9B0x4ca
0x312a	0x310cB0x2686B0x2bd9B0x520
0x312a	0x310cB0x2686B0x2d13B0xff0
0x312a	0x310cB0x2686B0x2d3aB0xff0
0x312a	0x310cB0x2686B0x2cdbB0x15b3
0x312a	0x310cB0x3191B0x2082B0x2363B0x171
0x312a	0x310cB0x3191B0x2082B0x25b3B0x241
0x312a	0x310cB0x3191B0x2082B0x238dB0x2d9
0x312a	0x310cB0x3191B0x2082B0x239bB0x2d9
0x312a	0x310cB0x3191B0x2082B0x23c9B0x32d
0x312a	0x310cB0x3191B0x2082B0x25b3B0x36a
0x312a	0x310cB0x3191B0x2082B0x23c9B0x3a7
0x312a	0x310cB0x3191B0x2082B0x238dB0x498
0x312a	0x310cB0x3191B0x2082B0x239bB0x498
0x312a	0x310cB0x2686B0x2bd9B0x162fB0x4ec
0x312a	0x310cB0x3191B0x2082B0x2575B0x542
0x312a	0x310cB0x3191B0x2082B0x2408B0x272
0x312a	0x310cB0x3191B0x2082B0x2427B0x272
0x312a	0x310cB0x3191B0x2082B0x25b3B0x3d8
0x312a	0x310cB0x3191B0x2082B0x20ecB0x2482B0x1d9
0x312a	0x310cB0x3191B0x2082B0x20ecB0x2482B0x43f
0x312a	0x310cB0x2686B0x2bf4B0x1d11B0x1a19
0x312a	0x310cB0x2686B0x2c09B0x1d11B0x1a19
0x312a	0x310cB0x2686B0x2c2bB0x1de4B0x1cb8
0x312a	0x310cB0x3191B0x2082B0x2605B0x470
0x312a	0x310cB0x3191B0x2082B0x22baB0x2655B0x470
0x312f	0x312cB0x2b6dB0x2f59B0x18c
0x312f	0x312cB0x2b6dB0x2f59B0x1b7
0x312f	0x312cB0x2b5eB0x2c54B0x1f4
0x312f	0x312cB0x2b6dB0x2f59B0x25c
0x312f	0x312cB0x2b6dB0x2f59B0x28c
0x312f	0x312cB0x2b6dB0x2f59B0x348
0x312f	0x312cB0x2b6dB0x2f59B0x385
0x312f	0x312cB0x2b6dB0x2f59B0x3c2
0x312f	0x312cB0x2b6dB0x2f59B0x3f2
0x312f	0x312cB0x2b5eB0x2c54B0x45a
0x312f	0x312cB0x2b6dB0x2f59B0x4f5
0x312f	0x312cB0x2b6dB0x2f59B0x55d
0x312f	0x312cB0x2b6dB0x2f74B0x719
0x312f	0x312cB0x2b6dB0x2f89B0x719
0x312f	0x312cB0x31d6B0x2327B0x253dB0xe96
0x312f	0x312cB0x2b6dB0x2d06B0xff0
0x312f	0x312cB0x2b6dB0x2d20B0xff0
0x312f	0x312cB0x2b6dB0x2d2dB0xff0
0x312f	0x312cB0x2b6dB0x2f74B0x1206
0x312f	0x312cB0x2b6dB0x2f89B0x1206
0x312f	0x312cB0x2b6dB0x2f59B0x12f0
0x312f	0x312cB0x2b6dB0x2cceB0x15b3
0x312f	0x312cB0x31d6B0x2327B0x253dB0x17d3
0x312f	0x312cB0x31d6B0x2327B0x253dB0x18e2
0x312f	0x312cB0x2b6dB0x2f59B0x19c9
0x312f	0x312cB0x2b6dB0x2f74B0xb670x39b
0x312f	0x312cB0x2b6dB0x2f89B0xb670x39b
0x312f	0x312cB0x2b6dB0x2f74B0x1bbf0x470
0x312f	0x312cB0x2b6dB0x2f89B0x1bbf0x470
0x312f	0x312cB0x31d6B0x2312B0x25a5B0x241
0x312f	0x312cB0x31d6B0x2312B0x25c4B0x241
0x312f	0x312cB0x31d6B0x2312B0x23d7B0x32d
0x312f	0x312cB0x31d6B0x2312B0x25a5B0x36a
0x312f	0x312cB0x31d6B0x2312B0x25c4B0x36a
0x312f	0x312cB0x31d6B0x2312B0x23d7B0x3a7
0x312f	0x312cB0x31d6B0x2327B0x253dB0x16b8B0x4ec
0x312f	0x312cB0x31d6B0x2312B0x2567B0x542
0x312f	0x312cB0x31d6B0x2312B0x2416B0x272
0x312f	0x312cB0x31d6B0x2312B0x2438B0x272
0x312f	0x312cB0x31d6B0x2312B0x25a5B0x3d8
0x312f	0x312cB0x31d6B0x2312B0x25c4B0x3d8
0x312f	0x312cB0x31d6B0x2312B0x21f2B0x24abB0x1d9
0x312f	0x312cB0x2b6dB0x2f74B0x1bbf0x95fB0x343
0x312f	0x312cB0x2b6dB0x2f89B0x1bbf0x95fB0x343
0x312f	0x312cB0x31d6B0x2312B0x21f2B0x24abB0x43f
0x312f	0x312cB0x2b6dB0x2c16B0x1d11B0x1a19
0x312f	0x312cB0x2b6dB0x2c40B0x1de4B0x1cb8
0x312f	0x312cB0x31d6B0x2312B0x25f7B0x470
0x312f	0x312cB0x31d6B0x2312B0x2616B0x470
0x312f	0x312cB0x31d6B0x2312B0x2627B0x470
0x312f	0x312cB0x2b6dB0x2f74B0xb670x5b7B0x1ef
0x312f	0x312cB0x2b6dB0x2f89B0xb670x5b7B0x1ef
0x312f	0x312cB0x2b6dB0x2f74B0x1bbf0xc45B0x455
0x312f	0x312cB0x2b6dB0x2f89B0x1bbf0xc45B0x455
0x3130	0x312cB0x2b6dB0x2f59B0x18c
0x3130	0x312cB0x2b6dB0x2f59B0x1b7
0x3130	0x312cB0x2b5eB0x2c54B0x1f4
0x3130	0x312cB0x2b6dB0x2f59B0x25c
0x3130	0x312cB0x2b6dB0x2f59B0x28c
0x3130	0x312cB0x2b6dB0x2f59B0x348
0x3130	0x312cB0x2b6dB0x2f59B0x385
0x3130	0x312cB0x2b6dB0x2f59B0x3c2
0x3130	0x312cB0x2b6dB0x2f59B0x3f2
0x3130	0x312cB0x2b5eB0x2c54B0x45a
0x3130	0x312cB0x2b6dB0x2f59B0x4f5
0x3130	0x312cB0x2b6dB0x2f59B0x55d
0x3130	0x312cB0x2b6dB0x2f74B0x719
0x3130	0x312cB0x2b6dB0x2f89B0x719
0x3130	0x312cB0x31d6B0x2327B0x253dB0xe96
0x3130	0x312cB0x2b6dB0x2d06B0xff0
0x3130	0x312cB0x2b6dB0x2d20B0xff0
0x3130	0x312cB0x2b6dB0x2d2dB0xff0
0x3130	0x312cB0x2b6dB0x2f74B0x1206
0x3130	0x312cB0x2b6dB0x2f89B0x1206
0x3130	0x312cB0x2b6dB0x2f59B0x12f0
0x3130	0x312cB0x2b6dB0x2cceB0x15b3
0x3130	0x312cB0x31d6B0x2327B0x253dB0x17d3
0x3130	0x312cB0x31d6B0x2327B0x253dB0x18e2
0x3130	0x312cB0x2b6dB0x2f59B0x19c9
0x3130	0x312cB0x2b6dB0x2f74B0xb670x39b
0x3130	0x312cB0x2b6dB0x2f89B0xb670x39b
0x3130	0x312cB0x2b6dB0x2f74B0x1bbf0x470
0x3130	0x312cB0x2b6dB0x2f89B0x1bbf0x470
0x3130	0x312cB0x31d6B0x2312B0x25a5B0x241
0x3130	0x312cB0x31d6B0x2312B0x25c4B0x241
0x3130	0x312cB0x31d6B0x2312B0x23d7B0x32d
0x3130	0x312cB0x31d6B0x2312B0x25a5B0x36a
0x3130	0x312cB0x31d6B0x2312B0x25c4B0x36a
0x3130	0x312cB0x31d6B0x2312B0x23d7B0x3a7
0x3130	0x312cB0x31d6B0x2327B0x253dB0x16b8B0x4ec
0x3130	0x312cB0x31d6B0x2312B0x2567B0x542
0x3130	0x312cB0x31d6B0x2312B0x2416B0x272
0x3130	0x312cB0x31d6B0x2312B0x2438B0x272
0x3130	0x312cB0x31d6B0x2312B0x25a5B0x3d8
0x3130	0x312cB0x31d6B0x2312B0x25c4B0x3d8
0x3130	0x312cB0x31d6B0x2312B0x21f2B0x24abB0x1d9
0x3130	0x312cB0x2b6dB0x2f74B0x1bbf0x95fB0x343
0x3130	0x312cB0x2b6dB0x2f89B0x1bbf0x95fB0x343
0x3130	0x312cB0x31d6B0x2312B0x21f2B0x24abB0x43f
0x3130	0x312cB0x2b6dB0x2c16B0x1d11B0x1a19
0x3130	0x312cB0x2b6dB0x2c40B0x1de4B0x1cb8
0x3130	0x312cB0x31d6B0x2312B0x25f7B0x470
0x3130	0x312cB0x31d6B0x2312B0x2616B0x470
0x3130	0x312cB0x31d6B0x2312B0x2627B0x470
0x3130	0x312cB0x2b6dB0x2f74B0xb670x5b7B0x1ef
0x3130	0x312cB0x2b6dB0x2f89B0xb670x5b7B0x1ef
0x3130	0x312cB0x2b6dB0x2f74B0x1bbf0xc45B0x455
0x3130	0x312cB0x2b6dB0x2f89B0x1bbf0xc45B0x455
0x3131	0x312cB0x2b6dB0x2f59B0x18c
0x3131	0x312cB0x2b6dB0x2f59B0x1b7
0x3131	0x312cB0x2b5eB0x2c54B0x1f4
0x3131	0x312cB0x2b6dB0x2f59B0x25c
0x3131	0x312cB0x2b6dB0x2f59B0x28c
0x3131	0x312cB0x2b6dB0x2f59B0x348
0x3131	0x312cB0x2b6dB0x2f59B0x385
0x3131	0x312cB0x2b6dB0x2f59B0x3c2
0x3131	0x312cB0x2b6dB0x2f59B0x3f2
0x3131	0x312cB0x2b5eB0x2c54B0x45a
0x3131	0x312cB0x2b6dB0x2f59B0x4f5
0x3131	0x312cB0x2b6dB0x2f59B0x55d
0x3131	0x312cB0x2b6dB0x2f74B0x719
0x3131	0x312cB0x2b6dB0x2f89B0x719
0x3131	0x312cB0x31d6B0x2327B0x253dB0xe96
0x3131	0x312cB0x2b6dB0x2d06B0xff0
0x3131	0x312cB0x2b6dB0x2d20B0xff0
0x3131	0x312cB0x2b6dB0x2d2dB0xff0
0x3131	0x312cB0x2b6dB0x2f74B0x1206
0x3131	0x312cB0x2b6dB0x2f89B0x1206
0x3131	0x312cB0x2b6dB0x2f59B0x12f0
0x3131	0x312cB0x2b6dB0x2cceB0x15b3
0x3131	0x312cB0x31d6B0x2327B0x253dB0x17d3
0x3131	0x312cB0x31d6B0x2327B0x253dB0x18e2
0x3131	0x312cB0x2b6dB0x2f59B0x19c9
0x3131	0x312cB0x2b6dB0x2f74B0xb670x39b
0x3131	0x312cB0x2b6dB0x2f89B0xb670x39b
0x3131	0x312cB0x2b6dB0x2f74B0x1bbf0x470
0x3131	0x312cB0x2b6dB0x2f89B0x1bbf0x470
0x3131	0x312cB0x31d6B0x2312B0x25a5B0x241
0x3131	0x312cB0x31d6B0x2312B0x25c4B0x241
0x3131	0x312cB0x31d6B0x2312B0x23d7B0x32d
0x3131	0x312cB0x31d6B0x2312B0x25a5B0x36a
0x3131	0x312cB0x31d6B0x2312B0x25c4B0x36a
0x3131	0x312cB0x31d6B0x2312B0x23d7B0x3a7
0x3131	0x312cB0x31d6B0x2327B0x253dB0x16b8B0x4ec
0x3131	0x312cB0x31d6B0x2312B0x2567B0x542
0x3131	0x312cB0x31d6B0x2312B0x2416B0x272
0x3131	0x312cB0x31d6B0x2312B0x2438B0x272
0x3131	0x312cB0x31d6B0x2312B0x25a5B0x3d8
0x3131	0x312cB0x31d6B0x2312B0x25c4B0x3d8
0x3131	0x312cB0x31d6B0x2312B0x21f2B0x24abB0x1d9
0x3131	0x312cB0x2b6dB0x2f74B0x1bbf0x95fB0x343
0x3131	0x312cB0x2b6dB0x2f89B0x1bbf0x95fB0x343
0x3131	0x312cB0x31d6B0x2312B0x21f2B0x24abB0x43f
0x3131	0x312cB0x2b6dB0x2c16B0x1d11B0x1a19
0x3131	0x312cB0x2b6dB0x2c40B0x1de4B0x1cb8
0x3131	0x312cB0x31d6B0x2312B0x25f7B0x470
0x3131	0x312cB0x31d6B0x2312B0x2616B0x470
0x3131	0x312cB0x31d6B0x2312B0x2627B0x470
0x3131	0x312cB0x2b6dB0x2f74B0xb670x5b7B0x1ef
0x3131	0x312cB0x2b6dB0x2f89B0xb670x5b7B0x1ef
0x3131	0x312cB0x2b6dB0x2f74B0x1bbf0xc45B0x455
0x3131	0x312cB0x2b6dB0x2f89B0x1bbf0xc45B0x455
0x3132	0x312cB0x2b6dB0x2f59B0x18c
0x3132	0x312cB0x2b6dB0x2f59B0x1b7
0x3132	0x312cB0x2b5eB0x2c54B0x1f4
0x3132	0x312cB0x2b6dB0x2f59B0x25c
0x3132	0x312cB0x2b6dB0x2f59B0x28c
0x3132	0x312cB0x2b6dB0x2f59B0x348
0x3132	0x312cB0x2b6dB0x2f59B0x385
0x3132	0x312cB0x2b6dB0x2f59B0x3c2
0x3132	0x312cB0x2b6dB0x2f59B0x3f2
0x3132	0x312cB0x2b5eB0x2c54B0x45a
0x3132	0x312cB0x2b6dB0x2f59B0x4f5
0x3132	0x312cB0x2b6dB0x2f59B0x55d
0x3132	0x312cB0x2b6dB0x2f74B0x719
0x3132	0x312cB0x2b6dB0x2f89B0x719
0x3132	0x312cB0x31d6B0x2327B0x253dB0xe96
0x3132	0x312cB0x2b6dB0x2d06B0xff0
0x3132	0x312cB0x2b6dB0x2d20B0xff0
0x3132	0x312cB0x2b6dB0x2d2dB0xff0
0x3132	0x312cB0x2b6dB0x2f74B0x1206
0x3132	0x312cB0x2b6dB0x2f89B0x1206
0x3132	0x312cB0x2b6dB0x2f59B0x12f0
0x3132	0x312cB0x2b6dB0x2cceB0x15b3
0x3132	0x312cB0x31d6B0x2327B0x253dB0x17d3
0x3132	0x312cB0x31d6B0x2327B0x253dB0x18e2
0x3132	0x312cB0x2b6dB0x2f59B0x19c9
0x3132	0x312cB0x2b6dB0x2f74B0xb670x39b
0x3132	0x312cB0x2b6dB0x2f89B0xb670x39b
0x3132	0x312cB0x2b6dB0x2f74B0x1bbf0x470
0x3132	0x312cB0x2b6dB0x2f89B0x1bbf0x470
0x3132	0x312cB0x31d6B0x2312B0x25a5B0x241
0x3132	0x312cB0x31d6B0x2312B0x25c4B0x241
0x3132	0x312cB0x31d6B0x2312B0x23d7B0x32d
0x3132	0x312cB0x31d6B0x2312B0x25a5B0x36a
0x3132	0x312cB0x31d6B0x2312B0x25c4B0x36a
0x3132	0x312cB0x31d6B0x2312B0x23d7B0x3a7
0x3132	0x312cB0x31d6B0x2327B0x253dB0x16b8B0x4ec
0x3132	0x312cB0x31d6B0x2312B0x2567B0x542
0x3132	0x312cB0x31d6B0x2312B0x2416B0x272
0x3132	0x312cB0x31d6B0x2312B0x2438B0x272
0x3132	0x312cB0x31d6B0x2312B0x25a5B0x3d8
0x3132	0x312cB0x31d6B0x2312B0x25c4B0x3d8
0x3132	0x312cB0x31d6B0x2312B0x21f2B0x24abB0x1d9
0x3132	0x312cB0x2b6dB0x2f74B0x1bbf0x95fB0x343
0x3132	0x312cB0x2b6dB0x2f89B0x1bbf0x95fB0x343
0x3132	0x312cB0x31d6B0x2312B0x21f2B0x24abB0x43f
0x3132	0x312cB0x2b6dB0x2c16B0x1d11B0x1a19
0x3132	0x312cB0x2b6dB0x2c40B0x1de4B0x1cb8
0x3132	0x312cB0x31d6B0x2312B0x25f7B0x470
0x3132	0x312cB0x31d6B0x2312B0x2616B0x470
0x3132	0x312cB0x31d6B0x2312B0x2627B0x470
0x3132	0x312cB0x2b6dB0x2f74B0xb670x5b7B0x1ef
0x3132	0x312cB0x2b6dB0x2f89B0xb670x5b7B0x1ef
0x3132	0x312cB0x2b6dB0x2f74B0x1bbf0xc45B0x455
0x3132	0x312cB0x2b6dB0x2f89B0x1bbf0xc45B0x455
0x3133	0x312cB0x2b6dB0x2f59B0x18c
0x3133	0x312cB0x2b6dB0x2f59B0x1b7
0x3133	0x312cB0x2b5eB0x2c54B0x1f4
0x3133	0x312cB0x2b6dB0x2f59B0x25c
0x3133	0x312cB0x2b6dB0x2f59B0x28c
0x3133	0x312cB0x2b6dB0x2f59B0x348
0x3133	0x312cB0x2b6dB0x2f59B0x385
0x3133	0x312cB0x2b6dB0x2f59B0x3c2
0x3133	0x312cB0x2b6dB0x2f59B0x3f2
0x3133	0x312cB0x2b5eB0x2c54B0x45a
0x3133	0x312cB0x2b6dB0x2f59B0x4f5
0x3133	0x312cB0x2b6dB0x2f59B0x55d
0x3133	0x312cB0x2b6dB0x2f74B0x719
0x3133	0x312cB0x2b6dB0x2f89B0x719
0x3133	0x312cB0x31d6B0x2327B0x253dB0xe96
0x3133	0x312cB0x2b6dB0x2d06B0xff0
0x3133	0x312cB0x2b6dB0x2d20B0xff0
0x3133	0x312cB0x2b6dB0x2d2dB0xff0
0x3133	0x312cB0x2b6dB0x2f74B0x1206
0x3133	0x312cB0x2b6dB0x2f89B0x1206
0x3133	0x312cB0x2b6dB0x2f59B0x12f0
0x3133	0x312cB0x2b6dB0x2cceB0x15b3
0x3133	0x312cB0x31d6B0x2327B0x253dB0x17d3
0x3133	0x312cB0x31d6B0x2327B0x253dB0x18e2
0x3133	0x312cB0x2b6dB0x2f59B0x19c9
0x3133	0x312cB0x2b6dB0x2f74B0xb670x39b
0x3133	0x312cB0x2b6dB0x2f89B0xb670x39b
0x3133	0x312cB0x2b6dB0x2f74B0x1bbf0x470
0x3133	0x312cB0x2b6dB0x2f89B0x1bbf0x470
0x3133	0x312cB0x31d6B0x2312B0x25a5B0x241
0x3133	0x312cB0x31d6B0x2312B0x25c4B0x241
0x3133	0x312cB0x31d6B0x2312B0x23d7B0x32d
0x3133	0x312cB0x31d6B0x2312B0x25a5B0x36a
0x3133	0x312cB0x31d6B0x2312B0x25c4B0x36a
0x3133	0x312cB0x31d6B0x2312B0x23d7B0x3a7
0x3133	0x312cB0x31d6B0x2327B0x253dB0x16b8B0x4ec
0x3133	0x312cB0x31d6B0x2312B0x2567B0x542
0x3133	0x312cB0x31d6B0x2312B0x2416B0x272
0x3133	0x312cB0x31d6B0x2312B0x2438B0x272
0x3133	0x312cB0x31d6B0x2312B0x25a5B0x3d8
0x3133	0x312cB0x31d6B0x2312B0x25c4B0x3d8
0x3133	0x312cB0x31d6B0x2312B0x21f2B0x24abB0x1d9
0x3133	0x312cB0x2b6dB0x2f74B0x1bbf0x95fB0x343
0x3133	0x312cB0x2b6dB0x2f89B0x1bbf0x95fB0x343
0x3133	0x312cB0x31d6B0x2312B0x21f2B0x24abB0x43f
0x3133	0x312cB0x2b6dB0x2c16B0x1d11B0x1a19
0x3133	0x312cB0x2b6dB0x2c40B0x1de4B0x1cb8
0x3133	0x312cB0x31d6B0x2312B0x25f7B0x470
0x3133	0x312cB0x31d6B0x2312B0x2616B0x470
0x3133	0x312cB0x31d6B0x2312B0x2627B0x470
0x3133	0x312cB0x2b6dB0x2f74B0xb670x5b7B0x1ef
0x3133	0x312cB0x2b6dB0x2f89B0xb670x5b7B0x1ef
0x3133	0x312cB0x2b6dB0x2f74B0x1bbf0xc45B0x455
0x3133	0x312cB0x2b6dB0x2f89B0x1bbf0xc45B0x455
0x3134	0x312cB0x2b6dB0x2f59B0x18c
0x3134	0x312cB0x2b6dB0x2f59B0x1b7
0x3134	0x312cB0x2b5eB0x2c54B0x1f4
0x3134	0x312cB0x2b6dB0x2f59B0x25c
0x3134	0x312cB0x2b6dB0x2f59B0x28c
0x3134	0x312cB0x2b6dB0x2f59B0x348
0x3134	0x312cB0x2b6dB0x2f59B0x385
0x3134	0x312cB0x2b6dB0x2f59B0x3c2
0x3134	0x312cB0x2b6dB0x2f59B0x3f2
0x3134	0x312cB0x2b5eB0x2c54B0x45a
0x3134	0x312cB0x2b6dB0x2f59B0x4f5
0x3134	0x312cB0x2b6dB0x2f59B0x55d
0x3134	0x312cB0x2b6dB0x2f74B0x719
0x3134	0x312cB0x2b6dB0x2f89B0x719
0x3134	0x312cB0x31d6B0x2327B0x253dB0xe96
0x3134	0x312cB0x2b6dB0x2d06B0xff0
0x3134	0x312cB0x2b6dB0x2d20B0xff0
0x3134	0x312cB0x2b6dB0x2d2dB0xff0
0x3134	0x312cB0x2b6dB0x2f74B0x1206
0x3134	0x312cB0x2b6dB0x2f89B0x1206
0x3134	0x312cB0x2b6dB0x2f59B0x12f0
0x3134	0x312cB0x2b6dB0x2cceB0x15b3
0x3134	0x312cB0x31d6B0x2327B0x253dB0x17d3
0x3134	0x312cB0x31d6B0x2327B0x253dB0x18e2
0x3134	0x312cB0x2b6dB0x2f59B0x19c9
0x3134	0x312cB0x2b6dB0x2f74B0xb670x39b
0x3134	0x312cB0x2b6dB0x2f89B0xb670x39b
0x3134	0x312cB0x2b6dB0x2f74B0x1bbf0x470
0x3134	0x312cB0x2b6dB0x2f89B0x1bbf0x470
0x3134	0x312cB0x31d6B0x2312B0x25a5B0x241
0x3134	0x312cB0x31d6B0x2312B0x25c4B0x241
0x3134	0x312cB0x31d6B0x2312B0x23d7B0x32d
0x3134	0x312cB0x31d6B0x2312B0x25a5B0x36a
0x3134	0x312cB0x31d6B0x2312B0x25c4B0x36a
0x3134	0x312cB0x31d6B0x2312B0x23d7B0x3a7
0x3134	0x312cB0x31d6B0x2327B0x253dB0x16b8B0x4ec
0x3134	0x312cB0x31d6B0x2312B0x2567B0x542
0x3134	0x312cB0x31d6B0x2312B0x2416B0x272
0x3134	0x312cB0x31d6B0x2312B0x2438B0x272
0x3134	0x312cB0x31d6B0x2312B0x25a5B0x3d8
0x3134	0x312cB0x31d6B0x2312B0x25c4B0x3d8
0x3134	0x312cB0x31d6B0x2312B0x21f2B0x24abB0x1d9
0x3134	0x312cB0x2b6dB0x2f74B0x1bbf0x95fB0x343
0x3134	0x312cB0x2b6dB0x2f89B0x1bbf0x95fB0x343
0x3134	0x312cB0x31d6B0x2312B0x21f2B0x24abB0x43f
0x3134	0x312cB0x2b6dB0x2c16B0x1d11B0x1a19
0x3134	0x312cB0x2b6dB0x2c40B0x1de4B0x1cb8
0x3134	0x312cB0x31d6B0x2312B0x25f7B0x470
0x3134	0x312cB0x31d6B0x2312B0x2616B0x470
0x3134	0x312cB0x31d6B0x2312B0x2627B0x470
0x3134	0x312cB0x2b6dB0x2f74B0xb670x5b7B0x1ef
0x3134	0x312cB0x2b6dB0x2f89B0xb670x5b7B0x1ef
0x3134	0x312cB0x2b6dB0x2f74B0x1bbf0xc45B0x455
0x3134	0x312cB0x2b6dB0x2f89B0x1bbf0xc45B0x455
0x313b	0x3136B0x2b7cB0x1099
0x313b	0x3136B0x31edB0x233cB0x22caB0x2655B0x470
0x313d	0x3136B0x2b7cB0x1099
0x313d	0x3136B0x31edB0x233cB0x22caB0x2655B0x470
0x313e	0x3136B0x2b7cB0x1099
0x313e	0x3136B0x31edB0x233cB0x22caB0x2655B0x470
0x313f	0x3136B0x2b7cB0x1099
0x313f	0x3136B0x31edB0x233cB0x22caB0x2655B0x470
0x3140	0x3136B0x2b7cB0x1099
0x3140	0x3136B0x31edB0x233cB0x22caB0x2655B0x470
0x3141	0x3136B0x2b7cB0x1099
0x3141	0x3136B0x31edB0x233cB0x22caB0x2655B0x470
0x3147	0x3146B0x276eB0x1fe9
0x3147	0x3146B0x228aB0x2516B0x157b
0x3147	0x3146B0x273dB0x1ec8B0x1d32B0x1a19
0x3147	0x3146B0x273dB0x1ec8B0x1e03B0x1cb8
0x3148	0x3146B0x276eB0x1fe9
0x3148	0x3146B0x228aB0x2516B0x157b
0x3148	0x3146B0x273dB0x1ec8B0x1d32B0x1a19
0x3148	0x3146B0x273dB0x1ec8B0x1e03B0x1cb8
0x3150	0x314fB0x276eB0x1fe9
0x3150	0x314fB0x228aB0x2516B0x157b
0x3150	0x314fB0x273dB0x1ec8B0x1d32B0x1a19
0x3150	0x314fB0x273dB0x1ec8B0x1e03B0x1cb8
0x3153	0x314fB0x276eB0x1fe9
0x3153	0x314fB0x228aB0x2516B0x157b
0x3153	0x314fB0x273dB0x1ec8B0x1d32B0x1a19
0x3153	0x314fB0x273dB0x1ec8B0x1e03B0x1cb8
0x3154	0x314fB0x276eB0x1fe9
0x3154	0x314fB0x228aB0x2516B0x157b
0x3154	0x314fB0x273dB0x1ec8B0x1d32B0x1a19
0x3154	0x314fB0x273dB0x1ec8B0x1e03B0x1cb8
0x3159	0x314fB0x276eB0x1fe9
0x3159	0x314fB0x228aB0x2516B0x157b
0x3159	0x314fB0x273dB0x1ec8B0x1d32B0x1a19
0x3159	0x314fB0x273dB0x1ec8B0x1e03B0x1cb8
0x315b	0x314fB0x276eB0x1fe9
0x315b	0x314fB0x228aB0x2516B0x157b
0x315b	0x314fB0x273dB0x1ec8B0x1d32B0x1a19
0x315b	0x314fB0x273dB0x1ec8B0x1e03B0x1cb8
0x315c	0x314fB0x276eB0x1fe9
0x315c	0x314fB0x228aB0x2516B0x157b
0x315c	0x314fB0x273dB0x1ec8B0x1d32B0x1a19
0x315c	0x314fB0x273dB0x1ec8B0x1e03B0x1cb8
0x3162	0x3161B0x276eB0x1fe9
0x3162	0x3161B0x228aB0x2516B0x157b
0x3162	0x3161B0x273dB0x1ec8B0x1d32B0x1a19
0x3162	0x3161B0x273dB0x1ec8B0x1e03B0x1cb8
0x3163	0x3161B0x276eB0x1fe9
0x3163	0x3161B0x228aB0x2516B0x157b
0x3163	0x3161B0x273dB0x1ec8B0x1d32B0x1a19
0x3163	0x3161B0x273dB0x1ec8B0x1e03B0x1cb8
0x316c	0x316aB0x276eB0x1fe9
0x316c	0x316aB0x228aB0x2516B0x157b
0x316c	0x316aB0x273dB0x1ec8B0x1d32B0x1a19
0x316c	0x316aB0x273dB0x1ec8B0x1e03B0x1cb8
0x316d	0x316aB0x276eB0x1fe9
0x316d	0x316aB0x228aB0x2516B0x157b
0x316d	0x316aB0x273dB0x1ec8B0x1d32B0x1a19
0x316d	0x316aB0x273dB0x1ec8B0x1e03B0x1cb8
0x3179	0x3176B0x2bad
0x3179	0x3176B0x2bb9
0x317a	0x3176B0x2bad
0x317a	0x3176B0x2bb9
0x317b	0x3176B0x2bad
0x317b	0x3176B0x2bb9
0x317c	0x3176B0x2bad
0x317c	0x3176B0x2bb9
0x317d	0x3176B0x2bad
0x317d	0x3176B0x2bb9
0x317e	0x3176B0x2bad
0x317e	0x3176B0x2bb9
0x3188	0x3180B0x1fe9
0x318b	0x3180B0x1fe9
0x318c	0x3180B0x1fe9
0x318d	0x3180B0x1fe9
0x318e	0x3180B0x1fe9
0x318f	0x3180B0x1fe9
0x3195	0x3191B0x2082B0x2363B0x171
0x3195	0x3191B0x2082B0x25b3B0x241
0x3195	0x3191B0x2082B0x238dB0x2d9
0x3195	0x3191B0x2082B0x239bB0x2d9
0x3195	0x3191B0x2082B0x23c9B0x32d
0x3195	0x3191B0x2082B0x25b3B0x36a
0x3195	0x3191B0x2082B0x23c9B0x3a7
0x3195	0x3191B0x2082B0x238dB0x498
0x3195	0x3191B0x2082B0x239bB0x498
0x3195	0x3191B0x2082B0x2575B0x542
0x3195	0x3191B0x2082B0x2408B0x272
0x3195	0x3191B0x2082B0x2427B0x272
0x3195	0x3191B0x2082B0x25b3B0x3d8
0x3195	0x3191B0x2082B0x20ecB0x2482B0x1d9
0x3195	0x3191B0x2082B0x20ecB0x2482B0x43f
0x3195	0x3191B0x2082B0x2605B0x470
0x3195	0x3191B0x2082B0x22baB0x2655B0x470
0x319b	0x319aB0x2082B0x2363B0x171
0x319b	0x319aB0x2082B0x25b3B0x241
0x319b	0x319aB0x2082B0x238dB0x2d9
0x319b	0x319aB0x2082B0x239bB0x2d9
0x319b	0x319aB0x2082B0x23c9B0x32d
0x319b	0x319aB0x2082B0x25b3B0x36a
0x319b	0x319aB0x2082B0x23c9B0x3a7
0x319b	0x319aB0x2082B0x238dB0x498
0x319b	0x319aB0x2082B0x239bB0x498
0x319b	0x319aB0x2082B0x2575B0x542
0x319b	0x319aB0x2082B0x2408B0x272
0x319b	0x319aB0x2082B0x2427B0x272
0x319b	0x319aB0x2082B0x25b3B0x3d8
0x319b	0x319aB0x2082B0x20ecB0x2482B0x1d9
0x319b	0x319aB0x2082B0x20ecB0x2482B0x43f
0x319b	0x319aB0x2082B0x2605B0x470
0x319b	0x319aB0x2082B0x22baB0x2655B0x470
0x31a3	0x31a1B0x2082B0x2363B0x171
0x31a3	0x31a1B0x2082B0x25b3B0x241
0x31a3	0x31a1B0x2082B0x238dB0x2d9
0x31a3	0x31a1B0x2082B0x239bB0x2d9
0x31a3	0x31a1B0x2082B0x23c9B0x32d
0x31a3	0x31a1B0x2082B0x25b3B0x36a
0x31a3	0x31a1B0x2082B0x23c9B0x3a7
0x31a3	0x31a1B0x2082B0x238dB0x498
0x31a3	0x31a1B0x2082B0x239bB0x498
0x31a3	0x31a1B0x2082B0x2575B0x542
0x31a3	0x31a1B0x2082B0x2408B0x272
0x31a3	0x31a1B0x2082B0x2427B0x272
0x31a3	0x31a1B0x2082B0x25b3B0x3d8
0x31a3	0x31a1B0x2082B0x20ecB0x2482B0x1d9
0x31a3	0x31a1B0x2082B0x20ecB0x2482B0x43f
0x31a3	0x31a1B0x2082B0x2605B0x470
0x31a3	0x31a1B0x2082B0x22baB0x2655B0x470
0x31a6	0x31a5B0x2082B0x2363B0x171
0x31a6	0x31a5B0x2082B0x25b3B0x241
0x31a6	0x31a5B0x2082B0x238dB0x2d9
0x31a6	0x31a5B0x2082B0x239bB0x2d9
0x31a6	0x31a5B0x2082B0x23c9B0x32d
0x31a6	0x31a5B0x2082B0x25b3B0x36a
0x31a6	0x31a5B0x2082B0x23c9B0x3a7
0x31a6	0x31a5B0x2082B0x238dB0x498
0x31a6	0x31a5B0x2082B0x239bB0x498
0x31a6	0x31a5B0x2082B0x2575B0x542
0x31a6	0x31a5B0x2082B0x2408B0x272
0x31a6	0x31a5B0x2082B0x2427B0x272
0x31a6	0x31a5B0x2082B0x25b3B0x3d8
0x31a6	0x31a5B0x2082B0x20ecB0x2482B0x1d9
0x31a6	0x31a5B0x2082B0x20ecB0x2482B0x43f
0x31a6	0x31a5B0x2082B0x2605B0x470
0x31a6	0x31a5B0x2082B0x22baB0x2655B0x470
0x31ac	0x31a8B0x2220B0x24d3B0x1f83B0x1d32B0x1a19
0x31ac	0x31a8B0x2220B0x24d3B0x1f83B0x1e03B0x1cb8
0x31b2	0x31b1B0x2220B0x24d3B0x1f83B0x1d32B0x1a19
0x31b2	0x31b1B0x2220B0x24d3B0x1f83B0x1e03B0x1cb8
0x31ba	0x31b8B0x2220B0x24d3B0x1f83B0x1d32B0x1a19
0x31ba	0x31b8B0x2220B0x24d3B0x1f83B0x1e03B0x1cb8
0x31bd	0x31bcB0x2220B0x24d3B0x1f83B0x1d32B0x1a19
0x31bd	0x31bcB0x2220B0x24d3B0x1f83B0x1e03B0x1cb8
0x31c3	0x31bfB0x2235B0x22deB0x2655B0x470
0x31c3	0x31bfB0x2235B0x22f2B0x2655B0x470
0x31c9	0x31c8B0x2235B0x22deB0x2655B0x470
0x31c9	0x31c8B0x2235B0x22f2B0x2655B0x470
0x31d1	0x31cfB0x2235B0x22deB0x2655B0x470
0x31d1	0x31cfB0x2235B0x22f2B0x2655B0x470
0x31d4	0x31d3B0x2235B0x22deB0x2655B0x470
0x31d4	0x31d3B0x2235B0x22f2B0x2655B0x470
0x31da	0x31d6B0x2327B0x253dB0xe96
0x31da	0x31d6B0x2327B0x253dB0x17d3
0x31da	0x31d6B0x2327B0x253dB0x18e2
0x31da	0x31d6B0x2312B0x25a5B0x241
0x31da	0x31d6B0x2312B0x25c4B0x241
0x31da	0x31d6B0x2312B0x23d7B0x32d
0x31da	0x31d6B0x2312B0x25a5B0x36a
0x31da	0x31d6B0x2312B0x25c4B0x36a
0x31da	0x31d6B0x2312B0x23d7B0x3a7
0x31da	0x31d6B0x2327B0x253dB0x16b8B0x4ec
0x31da	0x31d6B0x2312B0x2567B0x542
0x31da	0x31d6B0x2312B0x2416B0x272
0x31da	0x31d6B0x2312B0x2438B0x272
0x31da	0x31d6B0x2312B0x25a5B0x3d8
0x31da	0x31d6B0x2312B0x25c4B0x3d8
0x31da	0x31d6B0x2312B0x21f2B0x24abB0x1d9
0x31da	0x31d6B0x2312B0x21f2B0x24abB0x43f
0x31da	0x31d6B0x2312B0x25f7B0x470
0x31da	0x31d6B0x2312B0x2616B0x470
0x31da	0x31d6B0x2312B0x2627B0x470
0x31e0	0x31dfB0x2327B0x253dB0xe96
0x31e0	0x31dfB0x2327B0x253dB0x17d3
0x31e0	0x31dfB0x2327B0x253dB0x18e2
0x31e0	0x31dfB0x2312B0x25a5B0x241
0x31e0	0x31dfB0x2312B0x25c4B0x241
0x31e0	0x31dfB0x2312B0x23d7B0x32d
0x31e0	0x31dfB0x2312B0x25a5B0x36a
0x31e0	0x31dfB0x2312B0x25c4B0x36a
0x31e0	0x31dfB0x2312B0x23d7B0x3a7
0x31e0	0x31dfB0x2327B0x253dB0x16b8B0x4ec
0x31e0	0x31dfB0x2312B0x2567B0x542
0x31e0	0x31dfB0x2312B0x2416B0x272
0x31e0	0x31dfB0x2312B0x2438B0x272
0x31e0	0x31dfB0x2312B0x25a5B0x3d8
0x31e0	0x31dfB0x2312B0x25c4B0x3d8
0x31e0	0x31dfB0x2312B0x21f2B0x24abB0x1d9
0x31e0	0x31dfB0x2312B0x21f2B0x24abB0x43f
0x31e0	0x31dfB0x2312B0x25f7B0x470
0x31e0	0x31dfB0x2312B0x2616B0x470
0x31e0	0x31dfB0x2312B0x2627B0x470
0x31e8	0x31e6B0x2327B0x253dB0xe96
0x31e8	0x31e6B0x2327B0x253dB0x17d3
0x31e8	0x31e6B0x2327B0x253dB0x18e2
0x31e8	0x31e6B0x2312B0x25a5B0x241
0x31e8	0x31e6B0x2312B0x25c4B0x241
0x31e8	0x31e6B0x2312B0x23d7B0x32d
0x31e8	0x31e6B0x2312B0x25a5B0x36a
0x31e8	0x31e6B0x2312B0x25c4B0x36a
0x31e8	0x31e6B0x2312B0x23d7B0x3a7
0x31e8	0x31e6B0x2327B0x253dB0x16b8B0x4ec
0x31e8	0x31e6B0x2312B0x2567B0x542
0x31e8	0x31e6B0x2312B0x2416B0x272
0x31e8	0x31e6B0x2312B0x2438B0x272
0x31e8	0x31e6B0x2312B0x25a5B0x3d8
0x31e8	0x31e6B0x2312B0x25c4B0x3d8
0x31e8	0x31e6B0x2312B0x21f2B0x24abB0x1d9
0x31e8	0x31e6B0x2312B0x21f2B0x24abB0x43f
0x31e8	0x31e6B0x2312B0x25f7B0x470
0x31e8	0x31e6B0x2312B0x2616B0x470
0x31e8	0x31e6B0x2312B0x2627B0x470
0x31eb	0x31eaB0x2327B0x253dB0xe96
0x31eb	0x31eaB0x2327B0x253dB0x17d3
0x31eb	0x31eaB0x2327B0x253dB0x18e2
0x31eb	0x31eaB0x2312B0x25a5B0x241
0x31eb	0x31eaB0x2312B0x25c4B0x241
0x31eb	0x31eaB0x2312B0x23d7B0x32d
0x31eb	0x31eaB0x2312B0x25a5B0x36a
0x31eb	0x31eaB0x2312B0x25c4B0x36a
0x31eb	0x31eaB0x2312B0x23d7B0x3a7
0x31eb	0x31eaB0x2327B0x253dB0x16b8B0x4ec
0x31eb	0x31eaB0x2312B0x2567B0x542
0x31eb	0x31eaB0x2312B0x2416B0x272
0x31eb	0x31eaB0x2312B0x2438B0x272
0x31eb	0x31eaB0x2312B0x25a5B0x3d8
0x31eb	0x31eaB0x2312B0x25c4B0x3d8
0x31eb	0x31eaB0x2312B0x21f2B0x24abB0x1d9
0x31eb	0x31eaB0x2312B0x21f2B0x24abB0x43f
0x31eb	0x31eaB0x2312B0x25f7B0x470
0x31eb	0x31eaB0x2312B0x2616B0x470
0x31eb	0x31eaB0x2312B0x2627B0x470
0x31f1	0x31edB0x233cB0x22caB0x2655B0x470
0x31f7	0x31f6B0x233cB0x22caB0x2655B0x470
0x31ff	0x31fdB0x233cB0x22caB0x2655B0x470
0x3202	0x3201B0x233cB0x22caB0x2655B0x470
0x6483	0x6480
0x64a7	0x64a4
0x64cb	0x64c8
0x64ef	0x64ec
0x10600	0xa3c0x95fB0x343
0x10600	0xa3c0xc45B0x455
0x10620	0xa3c0x95fB0x343
0x10620	0xa3c0xc45B0x455
0x3c461	0x3c460B0x2ef
0x3c462	0x3c460B0x2ef
0x3c463	0x3c460B0x2ef
0x3c485	0x3c484
0x3c486	0x3c484
0x3c487	0x3c484
0x3c4a9	0x3c4a8
0x3c4cb	0x3c4caB0x1d32B0x1a19
0x3c4cb	0x3c4caB0x1e03B0x1cb8
0x3c4cc	0x3c4caB0x1d32B0x1a19
0x3c4cc	0x3c4caB0x1e03B0x1cb8
0x3c4cd	0x3c4caB0x1d32B0x1a19
0x3c4cd	0x3c4caB0x1e03B0x1cb8
0x3c4ce	0x3c4caB0x1d32B0x1a19
0x3c4ce	0x3c4caB0x1e03B0x1cb8
0x3c4f0	0x3c4ef
0x3c4f1	0x3c4ef
0x3c4f2	0x3c4ef
0x3c4f3	0x3c4ef
0x3c4f4	0x3c4ef
0x3c4f5	0x3c4ef
0x3c4f6	0x3c4ef
0x3c518	0x3c517B0x276eB0x1fe9
0x3c518	0x3c517B0x228aB0x2516B0x157b
0x3c518	0x3c517B0x273dB0x1ec8B0x1d32B0x1a19
0x3c518	0x3c517B0x273dB0x1ec8B0x1e03B0x1cb8
0x3c519	0x3c517B0x276eB0x1fe9
0x3c519	0x3c517B0x228aB0x2516B0x157b
0x3c519	0x3c517B0x273dB0x1ec8B0x1d32B0x1a19
0x3c519	0x3c517B0x273dB0x1ec8B0x1e03B0x1cb8
0x3c51a	0x3c517B0x276eB0x1fe9
0x3c51a	0x3c517B0x228aB0x2516B0x157b
0x3c51a	0x3c517B0x273dB0x1ec8B0x1d32B0x1a19
0x3c51a	0x3c517B0x273dB0x1ec8B0x1e03B0x1cb8
0x3c51b	0x3c517B0x276eB0x1fe9
0x3c51b	0x3c517B0x228aB0x2516B0x157b
0x3c51b	0x3c517B0x273dB0x1ec8B0x1d32B0x1a19
0x3c51b	0x3c517B0x273dB0x1ec8B0x1e03B0x1cb8
0x3c53d	0x3c53cB0x2ef
0x3c53e	0x3c53cB0x2ef
0x3c53f	0x3c53cB0x2ef
0x3c561	0x3c560
0x3c562	0x3c560
0x3c563	0x3c560
0x3c585	0x3c584
0x3c5a7	0x3c5a6B0x1d32B0x1a19
0x3c5a7	0x3c5a6B0x1e03B0x1cb8
0x3c5a8	0x3c5a6B0x1d32B0x1a19
0x3c5a8	0x3c5a6B0x1e03B0x1cb8
0x3c5a9	0x3c5a6B0x1d32B0x1a19
0x3c5a9	0x3c5a6B0x1e03B0x1cb8
0x3c5aa	0x3c5a6B0x1d32B0x1a19
0x3c5aa	0x3c5a6B0x1e03B0x1cb8
0x3c5cc	0x3c5cb
0x3c5cd	0x3c5cb
0x3c5ce	0x3c5cb
0x3c5cf	0x3c5cb
0x3c5d0	0x3c5cb
0x3c5d1	0x3c5cb
0x3c5d2	0x3c5cb
0x3c5f4	0x3c5f3B0x276eB0x1fe9
0x3c5f4	0x3c5f3B0x228aB0x2516B0x157b
0x3c5f4	0x3c5f3B0x273dB0x1ec8B0x1d32B0x1a19
0x3c5f4	0x3c5f3B0x273dB0x1ec8B0x1e03B0x1cb8
0x3c5f5	0x3c5f3B0x276eB0x1fe9
0x3c5f5	0x3c5f3B0x228aB0x2516B0x157b
0x3c5f5	0x3c5f3B0x273dB0x1ec8B0x1d32B0x1a19
0x3c5f5	0x3c5f3B0x273dB0x1ec8B0x1e03B0x1cb8
0x3c5f6	0x3c5f3B0x276eB0x1fe9
0x3c5f6	0x3c5f3B0x228aB0x2516B0x157b
0x3c5f6	0x3c5f3B0x273dB0x1ec8B0x1d32B0x1a19
0x3c5f6	0x3c5f3B0x273dB0x1ec8B0x1e03B0x1cb8
0x3c5f7	0x3c5f3B0x276eB0x1fe9
0x3c5f7	0x3c5f3B0x228aB0x2516B0x157b
0x3c5f7	0x3c5f3B0x273dB0x1ec8B0x1d32B0x1a19
0x3c5f7	0x3c5f3B0x273dB0x1ec8B0x1e03B0x1cb8
