0x0	0x0	0
0x40	0x40	0
0xf	0xf	0
0x8	0x8	0
0x1f	0x1f	0
0x2	0x2	0
0x5	0x5	0
0x7	0x7	0
0xd	0xd	0
0x10	0x10	0
0x12	0x12	0
0x14	0x14	0
0x19	0x19	0
0x1a	0x1a	0
0x24	0x24	0
0x25	0x25	0
0x2a	0x2a	0
0x2f	0x2f	0
0x35	0x35	0
0x3a	0x3a	0
0x45	0x45	0
0x4b	0x4b	0
0x50	0x50	0
0x56	0x56	0
0x5b	0x5b	0
0x61	0x61	0
0x66	0x66	0
0x6b	0x6b	0
0x71	0x71	0
0x76	0x76	0
0x7c	0x7c	0
0x81	0x81	0
0x87	0x87	0
0x8c	0x8c	0
0x92	0x92	0
0x97	0x97	0
0x9d	0x9d	0
0xa2	0xa2	0
0xa7	0xa7	0
0xad	0xad	0
0xb2	0xb2	0
0xb3	0xb3	0
0xb8	0xb8	0
0xbd	0xbd	0
0xc3	0xc3	0
0xc8	0xc8	0
0xce	0xce	0
0xd3	0xd3	0
0xd9	0xd9	0
0xde	0xde	0
0xe4	0xe4	0
0xe9	0xe9	0
0xef	0xef	0
0xf4	0xf4	0
0xf9	0xf9	0
0xff	0xff	0
0x104	0x104	0
0x10a	0x10a	0
0x10f	0x10f	0
0x115	0x115	0
0x11a	0x11a	0
0x120	0x120	0
0x125	0x125	0
0x12b	0x12b	0
0x130	0x130	0
0x136	0x136	0
0x13b	0x13b	0
0x13d	0x13d	0
0x13e	0x13e	0
0x142	0x142	0
0x148	0x148	0
0x14b	0x14b	0
0x150	0x150	0
0x152	0x152	0
0x153	0x153	0
0x158	0x158	0
0x15d	0x15d	0
0x15f	0x15f	0
0x162	0x162	0
0x166	0x166	0
0x168	0x168	0
0x169	0x169	0
0x16d	0x16d	0
0x173	0x173	0
0x176	0x176	0
0x179	0x179	0
0x17a	0x17a	0
0x17c	0x17c	0
0x17e	0x17e	0
0x183	0x183	0
0x188	0x188	0
0x18d	0x18d	0
0x18f	0x18f	0
0x190	0x190	0
0x195	0x195	0
0x19a	0x19a	0
0x19c	0x19c	0
0x19f	0x19f	0
0x1a3	0x1a3	0
0x1a5	0x1a5	0
0x1a6	0x1a6	0
0x1aa	0x1aa	0
0x1b0	0x1b0	0
0x1b3	0x1b3	0
0x1b8	0x1b8	0
0x1ba	0x1ba	0
0x1bb	0x1bb	0
0x1c0	0x1c0	0
0x1c5	0x1c5	0
0x1c7	0x1c7	0
0x1ca	0x1ca	0
0x1ce	0x1ce	0
0x1d0	0x1d0	0
0x1d1	0x1d1	0
0x1d5	0x1d5	0
0x1db	0x1db	0
0x1de	0x1de	0
0x1e1	0x1e1	0
0x1e2	0x1e2	0
0x1e4	0x1e4	0
0x1e6	0x1e6	0
0x1eb	0x1eb	0
0x1f0	0x1f0	0
0x1f5	0x1f5	0
0x1f7	0x1f7	0
0x1f8	0x1f8	0
0x1fd	0x1fd	0
0x202	0x202	0
0x204	0x204	0
0x207	0x207	0
0x20b	0x20b	0
0x20d	0x20d	0
0x20e	0x20e	0
0x212	0x212	0
0x218	0x218	0
0x21b	0x21b	0
0x220	0x220	0
0x222	0x222	0
0x223	0x223	0
0x228	0x228	0
0x22d	0x22d	0
0x22f	0x22f	0
0x232	0x232	0
0x236	0x236	0
0x238	0x238	0
0x239	0x239	0
0x23d	0x23d	0
0x243	0x243	0
0x246	0x246	0
0x249	0x249	0
0x24a	0x24a	0
0x24c	0x24c	0
0x24e	0x24e	0
0x253	0x253	0
0x258	0x258	0
0x25d	0x25d	0
0x25f	0x25f	0
0x260	0x260	0
0x265	0x265	0
0x26a	0x26a	0
0x26c	0x26c	0
0x26f	0x26f	0
0x273	0x273	0
0x276	0x276	0
0x279	0x279	0
0x27a	0x27a	0
0x27c	0x27c	0
0x27e	0x27e	0
0x283	0x283	0
0x288	0x288	0
0x28d	0x28d	0
0x28f	0x28f	0
0x290	0x290	0
0x295	0x295	0
0x29a	0x29a	0
0x29c	0x29c	0
0x29f	0x29f	0
0x2a3	0x2a3	0
0x2a5	0x2a5	0
0x2a6	0x2a6	0
0x2aa	0x2aa	0
0x2b0	0x2b0	0
0x2b3	0x2b3	0
0x2b8	0x2b8	0
0x2ba	0x2ba	0
0x2bb	0x2bb	0
0x2c0	0x2c0	0
0x2c5	0x2c5	0
0x2c7	0x2c7	0
0x2ca	0x2ca	0
0x2ce	0x2ce	0
0x2d0	0x2d0	0
0x2d1	0x2d1	0
0x2d5	0x2d5	0
0x2db	0x2db	0
0x2de	0x2de	0
0x2e1	0x2e1	0
0x2e2	0x2e2	0
0x2e4	0x2e4	0
0x2e6	0x2e6	0
0x2eb	0x2eb	0
0x2f0	0x2f0	0
0x2f7	0x2f7	0
0x2f9	0x2f9	0
0x2fa	0x2fa	0
0x2fe	0x2fe	0
0x304	0x304	0
0x307	0x307	0
0x30c	0x30c	0
0x30e	0x30e	0
0x30f	0x30f	0
0x314	0x314	0
0x319	0x319	0
0x31b	0x31b	0
0x31e	0x31e	0
0x322	0x322	0
0x324	0x324	0
0x325	0x325	0
0x329	0x329	0
0x32f	0x32f	0
0x332	0x332	0
0x335	0x335	0
0x336	0x336	0
0x338	0x338	0
0x33a	0x33a	0
0x33f	0x33f	0
0x344	0x344	0
0x349	0x349	0
0x34b	0x34b	0
0x34c	0x34c	0
0x351	0x351	0
0x356	0x356	0
0x358	0x358	0
0x35b	0x35b	0
0x35f	0x35f	0
0x361	0x361	0
0x362	0x362	0
0x366	0x366	0
0x36c	0x36c	0
0x36f	0x36f	0
0x372	0x372	0
0x373	0x373	0
0x375	0x375	0
0x377	0x377	0
0x37c	0x37c	0
0x381	0x381	0
0x386	0x386	0
0x388	0x388	0
0x389	0x389	0
0x38e	0x38e	0
0x393	0x393	0
0x395	0x395	0
0x398	0x398	0
0x39c	0x39c	0
0x39e	0x39e	0
0x39f	0x39f	0
0x3a3	0x3a3	0
0x3a9	0x3a9	0
0x3ac	0x3ac	0
0x3af	0x3af	0
0x3b0	0x3b0	0
0x3b2	0x3b2	0
0x3b4	0x3b4	0
0x3b9	0x3b9	0
0x3be	0x3be	0
0x3c3	0x3c3	0
0x3c5	0x3c5	0
0x3c6	0x3c6	0
0x3cb	0x3cb	0
0x3d0	0x3d0	0
0x3d2	0x3d2	0
0x3d5	0x3d5	0
0x3d9	0x3d9	0
0x3dc	0x3dc	0
0x3df	0x3df	0
0x3e0	0x3e0	0
0x3e2	0x3e2	0
0x3e4	0x3e4	0
0x3e9	0x3e9	0
0x3ee	0x3ee	0
0x3f3	0x3f3	0
0x3f5	0x3f5	0
0x3f6	0x3f6	0
0x3fb	0x3fb	0
0x400	0x400	0
0x402	0x402	0
0x405	0x405	0
0x409	0x409	0
0x40b	0x40b	0
0x40c	0x40c	0
0x410	0x410	0
0x416	0x416	0
0x419	0x419	0
0x41e	0x41e	0
0x420	0x420	0
0x421	0x421	0
0x426	0x426	0
0x42b	0x42b	0
0x42d	0x42d	0
0x430	0x430	0
0x434	0x434	0
0x436	0x436	0
0x437	0x437	0
0x43b	0x43b	0
0x441	0x441	0
0x444	0x444	0
0x447	0x447	0
0x448	0x448	0
0x44a	0x44a	0
0x44c	0x44c	0
0x451	0x451	0
0x456	0x456	0
0x45b	0x45b	0
0x45d	0x45d	0
0x45e	0x45e	0
0x463	0x463	0
0x468	0x468	0
0x46a	0x46a	0
0x46d	0x46d	0
0x471	0x471	0
0x474	0x474	0
0x477	0x477	0
0x478	0x478	0
0x47a	0x47a	0
0x47c	0x47c	0
0x481	0x481	0
0x486	0x486	0
0x48d	0x48d	0
0x48f	0x48f	0
0x490	0x490	0
0x494	0x494	0
0x49a	0x49a	0
0x49d	0x49d	0
0x4a0	0x4a0	0
0x4a1	0x4a1	0
0x4a3	0x4a3	0
0x4a5	0x4a5	0
0x4aa	0x4aa	0
0x4af	0x4af	0
0x4b6	0x4b6	0
0x4b8	0x4b8	0
0x4b9	0x4b9	0
0x4bd	0x4bd	0
0x4c3	0x4c3	0
0x4c6	0x4c6	0
0x4cb	0x4cb	0
0x4cd	0x4cd	0
0x4ce	0x4ce	0
0x4d3	0x4d3	0
0x4d8	0x4d8	0
0x4da	0x4da	0
0x4dd	0x4dd	0
0x4e1	0x4e1	0
0x4e3	0x4e3	0
0x4e4	0x4e4	0
0x4e8	0x4e8	0
0x4ee	0x4ee	0
0x4f1	0x4f1	0
0x4f6	0x4f6	0
0x4f8	0x4f8	0
0x4f9	0x4f9	0
0x4fe	0x4fe	0
0x503	0x503	0
0x505	0x505	0
0x508	0x508	0
0x50c	0x50c	0
0x50e	0x50e	0
0x50f	0x50f	0
0x513	0x513	0
0x519	0x519	0
0x51c	0x51c	0
0x521	0x521	0
0x523	0x523	0
0x524	0x524	0
0x529	0x529	0
0x52e	0x52e	0
0x530	0x530	0
0x533	0x533	0
0x537	0x537	0
0x539	0x539	0
0x53a	0x53a	0
0x53e	0x53e	0
0x544	0x544	0
0x547	0x547	0
0x54a	0x54a	0
0x54b	0x54b	0
0x54d	0x54d	0
0x54f	0x54f	0
0x554	0x554	0
0x559	0x559	0
0x55e	0x55e	0
0x560	0x560	0
0x561	0x561	0
0x566	0x566	0
0x56b	0x56b	0
0x56d	0x56d	0
0x570	0x570	0
0x574	0x574	0
0x576	0x576	0
0x579	0x579	0
0x57b	0x57b	0
0x57e	0x57e	0
0x580	0x580	0
0x581	0x581	0
0x596	0x596	0
0x59a	0x59a	0
0x59c	0x59c	0
0x5a0	0x5a0	0
0x5a3	0x5a3	0
0x5a5	0x5a5	0
0x5a7	0x5a7	0
0x5a8	0x5a8	0
0x5ae	0x5ae	0
0x5b2	0x5b2	0
0x5b4	0x5b4	0
0x6b0	0x6b0	0
0x6d4	0x6d4	0
0x6d6	0x6d6	0
0x6da	0x6da	0
0x6dd	0x6dd	0
0x6df	0x6df	0
0x6e1	0x6e1	0
0x6e2	0x6e2	0
0x6e6	0x6e6	0
0x6e9	0x6e9	0
0x6eb	0x6eb	0
0x6ed	0x6ed	0
0x6ee	0x6ee	0
0x6f2	0x6f2	0
0x6f5	0x6f5	0
0x6f7	0x6f7	0
0x6f9	0x6f9	0
0x6fa	0x6fa	0
0x702	0x702	0
0x706	0x706	0
0x708	0x708	0
0x70b	0x70b	0
0x710	0x710	0
0x715	0x715	0
0x71a	0x71a	0
0x71c	0x71c	0
0x721	0x721	0
0x723	0x723	0
0x727	0x727	0
0x729	0x729	0
0x72a	0x72a	0
0x72c	0x72c	0
0x72d	0x72d	0
0x730	0x730	0
0x745	0x745	0
0x746	0x746	0
0x75b	0x75b	0
0x75e	0x75e	0
0x760	0x760	0
0x764	0x764	0
0x766	0x766	0
0x767	0x767	0
0x769	0x769	0
0x76a	0x76a	0
0x76d	0x76d	0
0x772	0x772	0
0x774	0x774	0
0x77c	0x77c	0
0x77e	0x77e	0
0x783	0x783	0
0x785	0x785	0
0x789	0x789	0
0x78b	0x78b	0
0x78c	0x78c	0
0x78e	0x78e	0
0x78f	0x78f	0
0x792	0x792	0
0x7a7	0x7a7	0
0x7a8	0x7a8	0
0x7bd	0x7bd	0
0x7c0	0x7c0	0
0x7c2	0x7c2	0
0x7c6	0x7c6	0
0x7c8	0x7c8	0
0x7c9	0x7c9	0
0x7cb	0x7cb	0
0x7cc	0x7cc	0
0x7d1	0x7d1	0
0x7d3	0x7d3	0
0x7d7	0x7d7	0
0x7d9	0x7d9	0
0x7da	0x7da	0
0x7dc	0x7dc	0
0x7e2	0x7e2	0
0x7f7	0x7f7	0
0x7fa	0x7fa	0
0x80f	0x80f	0
0x810	0x810	0
0x833	0x833	0
0x835	0x835	0
0x836	0x836	0
0x83c	0x83c	0
0x841	0x841	0
0x843	0x843	0
0x846	0x846	0
0x851	0x851	0
0x853	0x853	0
0x855	0x855	0
0x957	0x957	0
0x959	0x959	0
0xa52	0xa52	0
0xa54	0xa54	0
0xa58	0xa58	0
0xa5b	0xa5b	0
0xa5d	0xa5d	0
0xa5f	0xa5f	0
0xa60	0xa60	0
0xa64	0xa64	0
0xa67	0xa67	0
0xa69	0xa69	0
0xa6b	0xa6b	0
0xa6c	0xa6c	0
0xa70	0xa70	0
0xa73	0xa73	0
0xa75	0xa75	0
0xa77	0xa77	0
0xa78	0xa78	0
0xa80	0xa80	0
0xc22	0xc22	0
0xd3e	0xd3e	0
0xd41	0xd41	0
0xd46	0xd46	0
0xd48	0xd48	0
0xd4a	0xd4a	0
0xd4f	0xd4f	0
0xd51	0xd51	0
0xd55	0xd55	0
0xd57	0xd57	0
0xd58	0xd58	0
0xd5a	0xd5a	0
0xd5b	0xd5b	0
0xd5e	0xd5e	0
0xd73	0xd73	0
0xd74	0xd74	0
0xd89	0xd89	0
0xd8c	0xd8c	0
0xd8e	0xd8e	0
0xd92	0xd92	0
0xd94	0xd94	0
0xd95	0xd95	0
0xd97	0xd97	0
0xd98	0xd98	0
0xd9d	0xd9d	0
0xd9f	0xd9f	0
0xda3	0xda3	0
0xda5	0xda5	0
0xda6	0xda6	0
0xda8	0xda8	0
0xda9	0xda9	0
0xdaa	0xdaa	0
0xdab	0xdab	0
0xdaf	0xdaf	0
0xdb1	0xdb1	0
0xdb2	0xdb2	0
0xdd5	0xdd5	0
0xdd7	0xdd7	0
0xdd8	0xdd8	0
0xddc	0xddc	0
0xde1	0xde1	0
0xde3	0xde3	0
0xde6	0xde6	0
0xdea	0xdea	0
0xded	0xded	0
0xdf0	0xdf0	0
0xdf2	0xdf2	0
0xdf5	0xdf5	0
0xdf7	0xdf7	0
0xdfa	0xdfa	0
0xdfc	0xdfc	0
0xdfd	0xdfd	0
0xe12	0xe12	0
0xe13	0xe13	0
0xe28	0xe28	0
0xe29	0xe29	0
0xe2e	0xe2e	0
0xe4f	0xe4f	0
0xe51	0xe51	0
0xe53	0xe53	0
0xe58	0xe58	0
0xe59	0xe59	0
0xe5b	0xe5b	0
0xe5e	0xe5e	0
0xe60	0xe60	0
0xe61	0xe61	0
0xe66	0xe66	0
0xe6b	0xe6b	0
0xe6d	0xe6d	0
0xe6f	0xe6f	0
0xe72	0xe72	0
0xe76	0xe76	0
0xe77	0xe77	0
0xe79	0xe79	0
0xe7a	0xe7a	0
0xe7e	0xe7e	0
0xe84	0xe84	0
0xe85	0xe85	0
0xe86	0xe86	0
0xe88	0xe88	0
0xe89	0xe89	0
0xe8d	0xe8d	0
0xe8e	0xe8e	0
0xe92	0xe92	0
0xe93	0xe93	0
0xe9b	0xe9b	0
0xe9d	0xe9d	0
0xe9e	0xe9e	0
0xe9f	0xe9f	0
0xea1	0xea1	0
0xea2	0xea2	0
0xea5	0xea5	0
0xea6	0xea6	0
0xea8	0xea8	0
0xeaa	0xeaa	0
0xeaf	0xeaf	0
0xeb1	0xeb1	0
0xeb6	0xeb6	0
0xebc	0xebc	0
0xebd	0xebd	0
0xebe	0xebe	0
0xec2	0xec2	0
0xec4	0xec4	0
0xec5	0xec5	0
0xee8	0xee8	0
0xeea	0xeea	0
0xeeb	0xeeb	0
0xeef	0xeef	0
0xef4	0xef4	0
0xef6	0xef6	0
0xef9	0xef9	0
0xefd	0xefd	0
0xf02	0xf02	0
0xf03	0xf03	0
0xf04	0xf04	0
0xf08	0xf08	0
0xf0d	0xf0d	0
0xf0e	0xf0e	0
0xf0f	0xf0f	0
0xf16	0xf16	0
0xf18	0xf18	0
0xf19	0xf19	0
0xf1f	0xf1f	0
0xf21	0xf21	0
0xf22	0xf22	0
0xf24	0xf24	0
0xf25	0xf25	0
0xf26	0xf26	0
0xf27	0xf27	0
0xf29	0xf29	0
0xf2a	0xf2a	0
0xf2b	0xf2b	0
0xf40	0xf40	0
0xf44	0xf44	0
0xf46	0xf46	0
0xf47	0xf47	0
0xf4d	0xf4d	0
0xf4f	0xf4f	0
0xf50	0xf50	0
0xf52	0xf52	0
0xf53	0xf53	0
0xf54	0xf54	0
0xf55	0xf55	0
0xf57	0xf57	0
0xf58	0xf58	0
0xf59	0xf59	0
0xf6e	0xf6e	0
0xf6f	0xf6f	0
0xf70	0xf70	0
0xf71	0xf71	0
0xf75	0xf75	0
0xf77	0xf77	0
0xf78	0xf78	0
0xf9b	0xf9b	0
0xf9d	0xf9d	0
0xf9e	0xf9e	0
0xfa2	0xfa2	0
0xfa7	0xfa7	0
0xfa9	0xfa9	0
0xfac	0xfac	0
0xfb2	0xfb2	0
0xfb4	0xfb4	0
0xfb8	0xfb8	0
0xfbe	0xfbe	0
0xfc0	0xfc0	0
0xfe8	0xfe8	0
0xfea	0xfea	0
0xfeb	0xfeb	0
0xff1	0xff1	0
0xff3	0xff3	0
0xff4	0xff4	0
0xff6	0xff6	0
0xff7	0xff7	0
0xff8	0xff8	0
0xff9	0xff9	0
0xffb	0xffb	0
0xffc	0xffc	0
0xffd	0xffd	0
0xfff	0xfff	0
0x1000	0x1000	0
0x1002	0x1002	0
0x1003	0x1003	0
0x100d	0x100d	0
0x1012	0x1012	0
0x1014	0x1014	0
0x1015	0x1015	0
0x1019	0x1019	0
0x101a	0x101a	0
0x101e	0x101e	0
0x1022	0x1022	0
0x1024	0x1024	0
0x1026	0x1026	0
0x1027	0x1027	0
0x102a	0x102a	0
0x102c	0x102c	0
0x102e	0x102e	0
0x1030	0x1030	0
0x1032	0x1032	0
0x1033	0x1033	0
0x1035	0x1035	0
0x1036	0x1036	0
0x103c	0x103c	0
0x1041	0x1041	0
0x1043	0x1043	0
0x1044	0x1044	0
0x1048	0x1048	0
0x1049	0x1049	0
0x104d	0x104d	0
0x1051	0x1051	0
0x1053	0x1053	0
0x1055	0x1055	0
0x1056	0x1056	0
0x1059	0x1059	0
0x105b	0x105b	0
0x1061	0x1061	0
0x1063	0x1063	0
0x1064	0x1064	0
0x106a	0x106a	0
0x106c	0x106c	0
0x106d	0x106d	0
0x106f	0x106f	0
0x1070	0x1070	0
0x1071	0x1071	0
0x1072	0x1072	0
0x1074	0x1074	0
0x1075	0x1075	0
0x1079	0x1079	0
0x107b	0x107b	0
0x107c	0x107c	0
0x1082	0x1082	0
0x1084	0x1084	0
0x1085	0x1085	0
0x1087	0x1087	0
0x1088	0x1088	0
0x1089	0x1089	0
0x108a	0x108a	0
0x108c	0x108c	0
0x108d	0x108d	0
0x1091	0x1091	0
0x1093	0x1093	0
0x1094	0x1094	0
0x109a	0x109a	0
0x109c	0x109c	0
0x109d	0x109d	0
0x109f	0x109f	0
0x10a0	0x10a0	0
0x10a1	0x10a1	0
0x10a2	0x10a2	0
0x10a4	0x10a4	0
0x10a5	0x10a5	0
0x10a6	0x10a6	0
0x10a8	0x10a8	0
0x10a9	0x10a9	0
0x10ad	0x10ad	0
0x10af	0x10af	0
0x10b0	0x10b0	0
0x10b3	0x10b3	0
0x10b5	0x10b5	0
0x10b6	0x10b6	0
0x10be	0x10be	0
0x10c3	0x10c3	0
0x10c5	0x10c5	0
0x10c7	0x10c7	0
0x10c8	0x10c8	0
0x10cb	0x10cb	0
0x10cf	0x10cf	0
0x10d2	0x10d2	0
0x10d3	0x10d3	0
0x10d4	0x10d4	0
0x10d6	0x10d6	0
0x10d7	0x10d7	0
0x10db	0x10db	0
0x10dc	0x10dc	0
0x10e0	0x10e0	0
0x10e1	0x10e1	0
0x10e8	0x10e8	0
0x10ea	0x10ea	0
0x10ec	0x10ec	0
0x10ed	0x10ed	0
0x10ee	0x10ee	0
0x10f1	0x10f1	0
0x10f3	0x10f3	0
0x1108	0x1108	0
0x110a	0x110a	0
0x111f	0x111f	0
0x1120	0x1120	0
0x1121	0x1121	0
0x1122	0x1122	0
0x1126	0x1126	0
0x1128	0x1128	0
0x1129	0x1129	0
0x114c	0x114c	0
0x114e	0x114e	0
0x114f	0x114f	0
0x1153	0x1153	0
0x1158	0x1158	0
0x115a	0x115a	0
0x115d	0x115d	0
0x1164	0x1164	0
0x1166	0x1166	0
0x1167	0x1167	0
0x116d	0x116d	0
0x116f	0x116f	0
0x1170	0x1170	0
0x1172	0x1172	0
0x1173	0x1173	0
0x1174	0x1174	0
0x1175	0x1175	0
0x1177	0x1177	0
0x1178	0x1178	0
0x1179	0x1179	0
0x118e	0x118e	0
0x1190	0x1190	0
0x11a5	0x11a5	0
0x11a6	0x11a6	0
0x11a7	0x11a7	0
0x11ab	0x11ab	0
0x11ad	0x11ad	0
0x11ae	0x11ae	0
0x11d1	0x11d1	0
0x11d3	0x11d3	0
0x11d4	0x11d4	0
0x11d8	0x11d8	0
0x11dd	0x11dd	0
0x11df	0x11df	0
0x11e2	0x11e2	0
0x11e6	0x11e6	0
0x11ec	0x11ec	0
0x11ee	0x11ee	0
0x11ef	0x11ef	0
0x11f5	0x11f5	0
0x11f7	0x11f7	0
0x11f8	0x11f8	0
0x11fa	0x11fa	0
0x11fb	0x11fb	0
0x11fc	0x11fc	0
0x11fd	0x11fd	0
0x11ff	0x11ff	0
0x1200	0x1200	0
0x1202	0x1202	0
0x1209	0x1209	0
0x121e	0x121e	0
0x1221	0x1221	0
0x1236	0x1236	0
0x1237	0x1237	0
0x125a	0x125a	0
0x125c	0x125c	0
0x125d	0x125d	0
0x1263	0x1263	0
0x1268	0x1268	0
0x126a	0x126a	0
0x126d	0x126d	0
0x1275	0x1275	0
0x1277	0x1277	0
0x127b	0x127b	0
0x1282	0x1282	0
0x1284	0x1284	0
0x1289	0x1289	0
0x128b	0x128b	0
0x128f	0x128f	0
0x1291	0x1291	0
0x1292	0x1292	0
0x1294	0x1294	0
0x1295	0x1295	0
0x1298	0x1298	0
0x12ad	0x12ad	0
0x12ae	0x12ae	0
0x12c3	0x12c3	0
0x12c6	0x12c6	0
0x12c8	0x12c8	0
0x12cc	0x12cc	0
0x12ce	0x12ce	0
0x12cf	0x12cf	0
0x12d1	0x12d1	0
0x12d2	0x12d2	0
0x12d7	0x12d7	0
0x12d9	0x12d9	0
0x12dd	0x12dd	0
0x12df	0x12df	0
0x12e0	0x12e0	0
0x12e2	0x12e2	0
0x12e7	0x12e7	0
0x12ec	0x12ec	0
0x12f3	0x12f3	0
0x1308	0x1308	0
0x130a	0x130a	0
0x132c	0x132c	0
0x132e	0x132e	0
0x132f	0x132f	0
0x1334	0x1334	0
0x1339	0x1339	0
0x133b	0x133b	0
0x133e	0x133e	0
0x1349	0x1349	0
0x134b	0x134b	0
0x134e	0x134e	0
0x1350	0x1350	0
0x1353	0x1353	0
0x1355	0x1355	0
0x1356	0x1356	0
0x1358	0x1358	0
0x135a	0x135a	0
0x135f	0x135f	0
0x1362	0x1362	0
0x1369	0x1369	0
0x136e	0x136e	0
0x1371	0x1371	0
0x1373	0x1373	0
0x1376	0x1376	0
0x1378	0x1378	0
0x1379	0x1379	0
0x137b	0x137b	0
0x137c	0x137c	0
0x137e	0x137e	0
0x1382	0x1382	0
0x1384	0x1384	0
0x1385	0x1385	0
0x13a8	0x13a8	0
0x13aa	0x13aa	0
0x13ab	0x13ab	0
0x13af	0x13af	0
0x13b4	0x13b4	0
0x13b6	0x13b6	0
0x13b9	0x13b9	0
0x13bd	0x13bd	0
0x13c0	0x13c0	0
0x13c3	0x13c3	0
0x13c5	0x13c5	0
0x13c8	0x13c8	0
0x13ca	0x13ca	0
0x13cb	0x13cb	0
0x13cd	0x13cd	0
0x13ce	0x13ce	0
0x13d2	0x13d2	0
0x13d3	0x13d3	0
0x13d7	0x13d7	0
0x13d9	0x13d9	0
0x13db	0x13db	0
0x13dd	0x13dd	0
0x13e0	0x13e0	0
0x13e2	0x13e2	0
0x13e4	0x13e4	0
0x13e6	0x13e6	0
0x13e7	0x13e7	0
0x13e8	0x13e8	0
0x13eb	0x13eb	0
0x13ec	0x13ec	0
0x13ed	0x13ed	0
0x13ee	0x13ee	0
0x13f2	0x13f2	0
0x13f4	0x13f4	0
0x13f7	0x13f7	0
0x13fa	0x13fa	0
0x13fc	0x13fc	0
0x13fe	0x13fe	0
0x1400	0x1400	0
0x1401	0x1401	0
0x1402	0x1402	0
0x1405	0x1405	0
0x1406	0x1406	0
0x1407	0x1407	0
0x1408	0x1408	0
0x140e	0x140e	0
0x1410	0x1410	0
0x1412	0x1412	0
0x1415	0x1415	0
0x1417	0x1417	0
0x1419	0x1419	0
0x142e	0x142e	0
0x142f	0x142f	0
0x1430	0x1430	0
0x1433	0x1433	0
0x1448	0x1448	0
0x1449	0x1449	0
0x144a	0x144a	0
0x144e	0x144e	0
0x1451	0x1451	0
0x1456	0x1456	0
0x145d	0x145d	0
0x145f	0x145f	0
0x1461	0x1461	0
0x1464	0x1464	0
0x1466	0x1466	0
0x1468	0x1468	0
0x147d	0x147d	0
0x147e	0x147e	0
0x147f	0x147f	0
0x1482	0x1482	0
0x1497	0x1497	0
0x1498	0x1498	0
0x1499	0x1499	0
0x149d	0x149d	0
0x149f	0x149f	0
0x14a1	0x14a1	0
0x14a3	0x14a3	0
0x14a6	0x14a6	0
0x14a8	0x14a8	0
0x14aa	0x14aa	0
0x14bf	0x14bf	0
0x14c0	0x14c0	0
0x14c1	0x14c1	0
0x14c4	0x14c4	0
0x14d9	0x14d9	0
0x14da	0x14da	0
0x14db	0x14db	0
0x14df	0x14df	0
0x1500	0x1500	0
0x1502	0x1502	0
0x1505	0x1505	0
0x1507	0x1507	0
0x150a	0x150a	0
0x150c	0x150c	0
0x150d	0x150d	0
0x1522	0x1522	0
0x1523	0x1523	0
0x1538	0x1538	0
0x1539	0x1539	0
0x153e	0x153e	0
0x1540	0x1540	0
0x1542	0x1542	0
0x1547	0x1547	0
0x1548	0x1548	0
0x154a	0x154a	0
0x154d	0x154d	0
0x154f	0x154f	0
0x1550	0x1550	0
0x1552	0x1552	0
0x1554	0x1554	0
0x1557	0x1557	0
0x155b	0x155b	0
0x155c	0x155c	0
0x155e	0x155e	0
0x155f	0x155f	0
0x1563	0x1563	0
0x1569	0x1569	0
0x156a	0x156a	0
0x156b	0x156b	0
0x156d	0x156d	0
0x156e	0x156e	0
0x1572	0x1572	0
0x1573	0x1573	0
0x1577	0x1577	0
0x1578	0x1578	0
0x1580	0x1580	0
0x1582	0x1582	0
0x1583	0x1583	0
0x1584	0x1584	0
0x1588	0x1588	0
0x1589	0x1589	0
0x158b	0x158b	0
0x158c	0x158c	0
0x158f	0x158f	0
0x1590	0x1590	0
0x1592	0x1592	0
0x1594	0x1594	0
0x1599	0x1599	0
0x159b	0x159b	0
0x15a0	0x15a0	0
0x15a6	0x15a6	0
0x15a8	0x15a8	0
0x15aa	0x15aa	0
0x15ab	0x15ab	0
0x15ac	0x15ac	0
0x15af	0x15af	0
0x15b4	0x15b4	0
0x15b5	0x15b5	0
0x15b7	0x15b7	0
0x15b8	0x15b8	0
0x15ba	0x15ba	0
0x15bb	0x15bb	0
0x15c3	0x15c3	0
0x15c8	0x15c8	0
0x15ca	0x15ca	0
0x15cb	0x15cb	0
0x15cf	0x15cf	0
0x15d0	0x15d0	0
0x15d4	0x15d4	0
0x15d8	0x15d8	0
0x15da	0x15da	0
0x15dc	0x15dc	0
0x15dd	0x15dd	0
0x15de	0x15de	0
0x15e5	0x15e5	0
0x15e6	0x15e6	0
0x15ea	0x15ea	0
0x15ed	0x15ed	0
0x15ef	0x15ef	0
0x15f2	0x15f2	0
0x15f4	0x15f4	0
0x15f6	0x15f6	0
0x15f8	0x15f8	0
0x15f9	0x15f9	0
0x15fa	0x15fa	0
0x15fd	0x15fd	0
0x15fe	0x15fe	0
0x15ff	0x15ff	0
0x1600	0x1600	0
0x160a	0x160a	0
0x160c	0x160c	0
0x160f	0x160f	0
0x1611	0x1611	0
0x1614	0x1614	0
0x1616	0x1616	0
0x1617	0x1617	0
0x162c	0x162c	0
0x16e2	0x16e2	0
0x16e4	0x16e4	0
0x16e7	0x16e7	0
0x16e9	0x16e9	0
0x16ec	0x16ec	0
0x16ee	0x16ee	0
0x16ef	0x16ef	0
0x1704	0x1704	0
0x1708	0x1708	0
0x170a	0x170a	0
0x170e	0x170e	0
0x1711	0x1711	0
0x1713	0x1713	0
0x1715	0x1715	0
0x1716	0x1716	0
0x171a	0x171a	0
0x171d	0x171d	0
0x171f	0x171f	0
0x1721	0x1721	0
0x1722	0x1722	0
0x1729	0x1729	0
0x172d	0x172d	0
0x172f	0x172f	0
0x1732	0x1732	0
0x1734	0x1734	0
0x1737	0x1737	0
0x1739	0x1739	0
0x173a	0x173a	0
0x174f	0x174f	0
0x1750	0x1750	0
0x1765	0x1765	0
0x1766	0x1766	0
0x176b	0x176b	0
0x178c	0x178c	0
0x178e	0x178e	0
0x1790	0x1790	0
0x1795	0x1795	0
0x1796	0x1796	0
0x1798	0x1798	0
0x179b	0x179b	0
0x179d	0x179d	0
0x179e	0x179e	0
0x17a3	0x17a3	0
0x17a8	0x17a8	0
0x17aa	0x17aa	0
0x17ac	0x17ac	0
0x17af	0x17af	0
0x17b3	0x17b3	0
0x17b4	0x17b4	0
0x17b6	0x17b6	0
0x17b7	0x17b7	0
0x17bb	0x17bb	0
0x17c1	0x17c1	0
0x17c2	0x17c2	0
0x17c3	0x17c3	0
0x17c5	0x17c5	0
0x17c6	0x17c6	0
0x17ca	0x17ca	0
0x17cb	0x17cb	0
0x17cf	0x17cf	0
0x17d0	0x17d0	0
0x17d8	0x17d8	0
0x17da	0x17da	0
0x17db	0x17db	0
0x17dc	0x17dc	0
0x17de	0x17de	0
0x17df	0x17df	0
0x17e2	0x17e2	0
0x17e3	0x17e3	0
0x17e5	0x17e5	0
0x17e7	0x17e7	0
0x17ec	0x17ec	0
0x17ee	0x17ee	0
0x17f3	0x17f3	0
0x17f8	0x17f8	0
0x17f9	0x17f9	0
0x17fa	0x17fa	0
0x17fb	0x17fb	0
0x17ff	0x17ff	0
0x1801	0x1801	0
0x1802	0x1802	0
0x1825	0x1825	0
0x1827	0x1827	0
0x1828	0x1828	0
0x182c	0x182c	0
0x1831	0x1831	0
0x1833	0x1833	0
0x1836	0x1836	0
0x183a	0x183a	0
0x183c	0x183c	0
0x183e	0x183e	0
0x1841	0x1841	0
0x1843	0x1843	0
0x1846	0x1846	0
0x1848	0x1848	0
0x1849	0x1849	0
0x185e	0x185e	0
0x185f	0x185f	0
0x1874	0x1874	0
0x1875	0x1875	0
0x187a	0x187a	0
0x189b	0x189b	0
0x189d	0x189d	0
0x189f	0x189f	0
0x18a4	0x18a4	0
0x18a5	0x18a5	0
0x18a7	0x18a7	0
0x18aa	0x18aa	0
0x18ac	0x18ac	0
0x18ad	0x18ad	0
0x18b2	0x18b2	0
0x18b7	0x18b7	0
0x18b9	0x18b9	0
0x18bb	0x18bb	0
0x18be	0x18be	0
0x18c2	0x18c2	0
0x18c3	0x18c3	0
0x18c5	0x18c5	0
0x18c6	0x18c6	0
0x18ca	0x18ca	0
0x18d0	0x18d0	0
0x18d1	0x18d1	0
0x18d2	0x18d2	0
0x18d4	0x18d4	0
0x18d5	0x18d5	0
0x18d9	0x18d9	0
0x18da	0x18da	0
0x18de	0x18de	0
0x18df	0x18df	0
0x18e7	0x18e7	0
0x18e9	0x18e9	0
0x18ea	0x18ea	0
0x18eb	0x18eb	0
0x18ed	0x18ed	0
0x18ee	0x18ee	0
0x18f1	0x18f1	0
0x18f2	0x18f2	0
0x18f4	0x18f4	0
0x18f6	0x18f6	0
0x18fb	0x18fb	0
0x18fd	0x18fd	0
0x1902	0x1902	0
0x1909	0x1909	0
0x190b	0x190b	0
0x1920	0x1920	0
0x1922	0x1922	0
0x1937	0x1937	0
0x1938	0x1938	0
0x1939	0x1939	0
0x193a	0x193a	0
0x193e	0x193e	0
0x1940	0x1940	0
0x1943	0x1943	0
0x1945	0x1945	0
0x1948	0x1948	0
0x194a	0x194a	0
0x194b	0x194b	0
0x1960	0x1960	0
0x1965	0x1965	0
0x197a	0x197a	0
0x197b	0x197b	0
0x197e	0x197e	0
0x1981	0x1981	0
0x1982	0x1982	0
0x1984	0x1984	0
0x1986	0x1986	0
0x1987	0x1987	0
0x1989	0x1989	0
0x198b	0x198b	0
0x198e	0x198e	0
0x1993	0x1993	0
0x1999	0x1999	0
0x199b	0x199b	0
0x199c	0x199c	0
0x19a0	0x19a0	0
0x19a1	0x19a1	0
0x19a5	0x19a5	0
0x19a6	0x19a6	0
0x19ac	0x19ac	0
0x19c1	0x19c1	0
0x19c2	0x19c2	0
0x19c5	0x19c5	0
0x19ca	0x19ca	0
0x19df	0x19df	0
0x19e0	0x19e0	0
0x1a01	0x1a01	0
0x1a02	0x1a02	0
0x1a04	0x1a04	0
0x1a05	0x1a05	0
0x1a0a	0x1a0a	0
0x1a0f	0x1a0f	0
0x1a11	0x1a11	0
0x1a14	0x1a14	0
0x1a1a	0x1a1a	0
0x1a1e	0x1a1e	0
0x1a20	0x1a20	0
0x1a22	0x1a22	0
0x1a25	0x1a25	0
0x1a27	0x1a27	0
0x1a2a	0x1a2a	0
0x1a2c	0x1a2c	0
0x1a2d	0x1a2d	0
0x1a42	0x1a42	0
0x1a43	0x1a43	0
0x1a58	0x1a58	0
0x1a59	0x1a59	0
0x1a61	0x1a61	0
0x1a66	0x1a66	0
0x1a84	0x1a84	0
0x1a86	0x1a86	0
0x1a89	0x1a89	0
0x1a8b	0x1a8b	0
0x1a8e	0x1a8e	0
0x1a90	0x1a90	0
0x1a91	0x1a91	0
0x1a93	0x1a93	0
0x1a95	0x1a95	0
0x1a9a	0x1a9a	0
0x1a9d	0x1a9d	0
0x1aa4	0x1aa4	0
0x1aa9	0x1aa9	0
0x1aac	0x1aac	0
0x1aae	0x1aae	0
0x1ab1	0x1ab1	0
0x1ab3	0x1ab3	0
0x1ab4	0x1ab4	0
0x1ab6	0x1ab6	0
0x1ab7	0x1ab7	0
0x1ab9	0x1ab9	0
0x1abd	0x1abd	0
0x1abf	0x1abf	0
0x1ac0	0x1ac0	0
0x1ae3	0x1ae3	0
0x1ae5	0x1ae5	0
0x1ae6	0x1ae6	0
0x1aea	0x1aea	0
0x1aef	0x1aef	0
0x1af1	0x1af1	0
0x1af4	0x1af4	0
0x1af8	0x1af8	0
0x1afb	0x1afb	0
0x1afe	0x1afe	0
0x1b00	0x1b00	0
0x1b03	0x1b03	0
0x1b05	0x1b05	0
0x1b06	0x1b06	0
0x1b08	0x1b08	0
0x1b09	0x1b09	0
0x1b0d	0x1b0d	0
0x1b0e	0x1b0e	0
0x1b12	0x1b12	0
0x1b14	0x1b14	0
0x1b16	0x1b16	0
0x1b18	0x1b18	0
0x1b1b	0x1b1b	0
0x1b1d	0x1b1d	0
0x1b1f	0x1b1f	0
0x1b21	0x1b21	0
0x1b22	0x1b22	0
0x1b23	0x1b23	0
0x1b26	0x1b26	0
0x1b27	0x1b27	0
0x1b28	0x1b28	0
0x1b29	0x1b29	0
0x1b2d	0x1b2d	0
0x1b2f	0x1b2f	0
0x1b32	0x1b32	0
0x1b35	0x1b35	0
0x1b37	0x1b37	0
0x1b39	0x1b39	0
0x1b3b	0x1b3b	0
0x1b3c	0x1b3c	0
0x1b3d	0x1b3d	0
0x1b40	0x1b40	0
0x1b41	0x1b41	0
0x1b42	0x1b42	0
0x1b43	0x1b43	0
0x1b49	0x1b49	0
0x1b4a	0x1b4a	0
0x1b4e	0x1b4e	0
0x1b51	0x1b51	0
0x1b53	0x1b53	0
0x1b56	0x1b56	0
0x1b58	0x1b58	0
0x1b5a	0x1b5a	0
0x1b5c	0x1b5c	0
0x1b5d	0x1b5d	0
0x1b5e	0x1b5e	0
0x1b61	0x1b61	0
0x1b62	0x1b62	0
0x1b63	0x1b63	0
0x1b64	0x1b64	0
0x1c5c	0x1c5c	0
0x1c61	0x1c61	0
0x1c66	0x1c66	0
0x1c67	0x1c67	0
0x1c68	0x1c68	0
0x1c6c	0x1c6c	0
0x1c6e	0x1c6e	0
0x1c6f	0x1c6f	0
0x1c92	0x1c92	0
0x1c94	0x1c94	0
0x1c95	0x1c95	0
0x1c99	0x1c99	0
0x1c9e	0x1c9e	0
0x1ca0	0x1ca0	0
0x1ca3	0x1ca3	0
0x1cb9	0x1cb9	0
0x1cbe	0x1cbe	0
0x1cc0	0x1cc0	0
0x1cc3	0x1cc3	0
0x1cc5	0x1cc5	0
0x1cc8	0x1cc8	0
0x1cca	0x1cca	0
0x1ccb	0x1ccb	0
0x1ce0	0x1ce0	0
0x1ce1	0x1ce1	0
0x1cf6	0x1cf6	0
0x1cf7	0x1cf7	0
0x1cfe	0x1cfe	0
0x1d03	0x1d03	0
0x1d9b	0x1d9b	0
0x1d9d	0x1d9d	0
0x1da2	0x1da2	0
0x1da4	0x1da4	0
0x1da6	0x1da6	0
0x1da8	0x1da8	0
0x1da9	0x1da9	0
0x1dad	0x1dad	0
0x1db1	0x1db1	0
0x1db3	0x1db3	0
0x1db4	0x1db4	0
0x1dd8	0x1dd8	0
0x1fdd	0x1fdd	0
0x1fe1	0x1fe1	0
0x1fe2	0x1fe2	0
0x1fe5	0x1fe5	0
0x1fe9	0x1fe9	0
0x1feb	0x1feb	0
0x1fec	0x1fec	0
0x200f	0x200f	0
0x2011	0x2011	0
0x2012	0x2012	0
0x2017	0x2017	0
0x201c	0x201c	0
0x201e	0x201e	0
0x2021	0x2021	0
0x2026	0x2026	0
0x202a	0x202a	0
0x2038	0x2038	0
0x203b	0x203b	0
0x203d	0x203d	0
0x205e	0x205e	0
0x2060	0x2060	0
0x2064	0x2064	0
0x2069	0x2069	0
0x206a	0x206a	0
0x206c	0x206c	0
0x206d	0x206d	0
0x2072	0x2072	0
0x2075	0x2075	0
0x2077	0x2077	0
0x2078	0x2078	0
0x2813	0x2813	0
0x2815	0x2815	0
0x2818	0x2818	0
0x281b	0x281b	0
0x2822	0x2822	0
0x2843	0x2843	0
0x2846	0x2846	0
0x2848	0x2848	0
0x284b	0x284b	0
0x2ba3	0x2ba3	0
0x2ba5	0x2ba5	0
0x2ba9	0x2ba9	0
0x2bb0	0x2bb0	0
0x2bb5	0x2bb5	0
0x2bba	0x2bba	0
0x2bbd	0x2bbd	0
0x2bc0	0x2bc0	0
0x2bc5	0x2bc5	0
0x2bca	0x2bca	0
0x2bcd	0x2bcd	0
0x30da	0x30da	0
0x6481	0x6481	0
0x64a5	0x64a5	0
0x64c9	0x64c9	0
0x64ed	0x64ed	0
0x12400	0x12400	0
0x12e00	0x12e00	0
0x13800	0x13800	0
0x14200	0x14200	0
0x14c00	0x14c00	0
0x15600	0x15600	0
0x16000	0x16000	0
0x16a00	0x16a00	0
0x17400	0x17400	0
0x17e00	0x17e00	0
0x18800	0x18800	0
0x1a600	0x1a600	0
0x78c10	0x78c10	0
0x79610	0x79610	0
0x7a010	0x7a010	0
0x7aa10	0x7aa10	0
0x7b410	0x7b410	0
0x7be10	0x7be10	0
0x7c810	0x7c810	0
0x7d210	0x7d210	0
0x7dc10	0x7dc10	0
0x7e610	0x7e610	0
0x7f010	0x7f010	0
0x7fa10	0x7fa10	0
0x80410	0x80410	0
0x80e10	0x80e10	0
0x81810	0x81810	0
0x82210	0x82210	0
0x82c10	0x82c10	0
0x83610	0x83610	0
0x84010	0x84010	0
0x84a10	0x84a10	0
0x85410	0x85410	0
0x85e10	0x85e10	0
0x86810	0x86810	0
0x87230	0x87230	0
0x87c30	0x87c30	0
0x88630	0x88630	0
0x89030	0x89030	0
0x89a30	0x89a30	0
0x8a430	0x8a430	0
0x8ae30	0x8ae30	0
0x8b830	0x8b830	0
0x8c230	0x8c230	0
0x8cc30	0x8cc30	0
0x8d630	0x8d630	0
0x8e030	0x8e030	0
0x8ea30	0x8ea30	0
0x8f430	0x8f430	0
0x8fe30	0x8fe30	0
0x90830	0x90830	0
0x91230	0x91230	0
0x91c30	0x91c30	0
0x92630	0x92630	0
0x93030	0x93030	0
0x93a30	0x93a30	0
0x94430	0x94430	0
0x94e30	0x94e30	0
0x28b	0x28b_0x0	0
0xb660x39b	0x39b0xb66_0x0	0
0x1bbe0x470	0x4700x1bbe_0x0	0
0x1c430x470	0x4700x1c43	0
0x1b6e0x470	0x4700x1b6e	0
0xbeb0x39b	0x39b0xbeb	0
0xb160x39b	0x39b0xb16	0
0xb040x39b	0x39b0xb04	0
0xad70x39b	0x39b0xad7	0
0xeff_0x0	0xeff_0x0	0
0xf0a_0x0	0xf0a_0x0	0
0xf0a_0x1	0xf0a_0x1	0
0xf13_0x0	0xf13_0x0	0
0xf1e_0x0	0xf1e_0x0	0
0xf1e_0x3	0xf1e_0x3	0
0xf4c_0x0	0xf4c_0x0	0
0xfaf_0x0	0xfaf_0x0	0
0xfbc_0x1	0xfbc_0x1	0
0xff0_0x0	0xff0_0x0	0
0x1040_0x3	0x1040_0x3	0
0x1069_0x0	0x1069_0x0	0
0x1069_0x7	0x1069_0x7	0
0x1081_0x0	0x1081_0x0	0
0x1081_0x8	0x1081_0x8	0
0x1099_0x0	0x1099_0x0	0
0x1160_0x3	0x1160_0x3	0
0x116c_0x0	0x116c_0x0	0
0x11e5_0x3	0x11e5_0x3	0
0x11f4_0x0	0x11f4_0x0	0
0x1267_0x8	0x1267_0x8	0
0x1367_0x0	0x1367_0x0	0
0x137d_0x0	0x137d_0x0	0
0x1963_0x0	0x1963_0x0	0
0x19a9_0x1	0x19a9_0x1	0
0x1aa2_0x0	0x1aa2_0x0	0
0x1ab8_0x0	0x1ab8_0x0	0
0x1c530x470	0x4700x1c53	0
0x1c500x470	0x4700x1c50	0
0x1c4e0x470	0x4700x1c4e	0
0x1c490x470	0x4700x1c49	0
0x1c420x470	0x4700x1c42	0
0x1c400x470	0x4700x1c40	0
0x1c1d0x470	0x4700x1c1d	0
0x1c1c0x470	0x4700x1c1c	0
0x1c070x470	0x4700x1c07	0
0x1c010x470	0x4700x1c01	0
0x1bff0x470	0x4700x1bff	0
0x1bfe0x470	0x4700x1bfe	0
0x1bfc0x470	0x4700x1bfc	0
0x1bf80x470	0x4700x1bf8	0
0x1bf60x470	0x4700x1bf6	0
0x1bf30x470	0x4700x1bf3	0
0x1bde0x470	0x4700x1bde	0
0x1bdd0x470	0x4700x1bdd	0
0x1bc80x470	0x4700x1bc8	0
0x1bc50x470	0x4700x1bc5	0
0x1bc30x470	0x4700x1bc3	0
0x1bbd0x470	0x4700x1bbd	0
0x1bb80x470	0x4700x1bb8	0
0x1bb20x470	0x4700x1bb2	0
0x1bb10x470	0x4700x1bb1	0
0x1bb00x470	0x4700x1bb0	0
0x1bae0x470	0x4700x1bae	0
0x1bad0x470	0x4700x1bad	0
0x1bab0x470	0x4700x1bab	0
0x1ba70x470	0x4700x1ba7	0
0x1ba50x470	0x4700x1ba5	0
0x1ba20x470	0x4700x1ba2	0
0x1b8d0x470	0x4700x1b8d	0
0x1b8c0x470	0x4700x1b8c	0
0x1b770x470	0x4700x1b77	0
0x1b740x470	0x4700x1b74	0
0x1b720x470	0x4700x1b72	0
0x1b6c0x470	0x4700x1b6c	0
0xbfb0x39b	0x39b0xbfb	0
0xbf80x39b	0x39b0xbf8	0
0xbf60x39b	0x39b0xbf6	0
0xbf10x39b	0x39b0xbf1	0
0xbea0x39b	0x39b0xbea	0
0xbe80x39b	0x39b0xbe8	0
0xbc50x39b	0x39b0xbc5	0
0xbc40x39b	0x39b0xbc4	0
0xbaf0x39b	0x39b0xbaf	0
0xba90x39b	0x39b0xba9	0
0xba70x39b	0x39b0xba7	0
0xba60x39b	0x39b0xba6	0
0xba40x39b	0x39b0xba4	0
0xba00x39b	0x39b0xba0	0
0xb9e0x39b	0x39b0xb9e	0
0xb9b0x39b	0x39b0xb9b	0
0xb860x39b	0x39b0xb86	0
0xb850x39b	0x39b0xb85	0
0xb700x39b	0x39b0xb70	0
0xb6d0x39b	0x39b0xb6d	0
0xb6b0x39b	0x39b0xb6b	0
0xb650x39b	0x39b0xb65	0
0xb600x39b	0x39b0xb60	0
0xb5a0x39b	0x39b0xb5a	0
0xb590x39b	0x39b0xb59	0
0xb580x39b	0x39b0xb58	0
0xb560x39b	0x39b0xb56	0
0xb550x39b	0x39b0xb55	0
0xb530x39b	0x39b0xb53	0
0xb4f0x39b	0x39b0xb4f	0
0xb4d0x39b	0x39b0xb4d	0
0xb4a0x39b	0x39b0xb4a	0
0xb350x39b	0x39b0xb35	0
0xb340x39b	0x39b0xb34	0
0xb1f0x39b	0x39b0xb1f	0
0xb1c0x39b	0x39b0xb1c	0
0xb1a0x39b	0x39b0xb1a	0
0xb120x39b	0x39b0xb12	0
0xb0f0x39b	0x39b0xb0f	0
0xb0d0x39b	0x39b0xb0d	0
0xb080x39b	0x39b0xb08	0
0xb030x39b	0x39b0xb03	0
0xb010x39b	0x39b0xb01	0
0xade0x39b	0x39b0xade	0
0xadd0x39b	0x39b0xadd	0
0xadb0x39b	0x39b0xadb	0
0xad60x39b	0x39b0xad6	0
0xad50x39b	0x39b0xad5	0
0xac00x39b	0x39b0xac0	0
0xabf0x39b	0x39b0xabf	0
0xabe0x39b	0x39b0xabe	0
0xaa90x39b	0x39b0xaa9	0
0xaa80x39b	0x39b0xaa8	0
0xa930x39b	0x39b0xa93	0
0xa920x39b	0x39b0xa92	0
0xa900x39b	0x39b0xa90	0
0xa8d0x39b	0x39b0xa8d	0
0xa8b0x39b	0x39b0xa8b	0
0xa880x39b	0x39b0xa88	0
0xa860x39b	0x39b0xa86	0
0xa840x39b	0x39b0xa84	0
0x1d0aS0x140c	0x1d0aV0x140c	0
0x1d0cS0x140c	0x1d0cV0x140c	0
0x1d0aS0x15a4	0x1d0aV0x15a4	0
0x1d0cS0x15a4	0x1d0cV0x15a4	0
0x1cb1S0x19a9	0x1cb1V0x19a9	0
0x1cb3S0x19a9	0x1cb3V0x19a9	0
0x1a6dS0x135e	0x1a6dV0x135e	0
0x1a70S0x135e	0x1a70V0x135e	0
0x1a73S0x135e	0x1a73V0x135e	0
0x1a76S0x135e	0x1a76V0x135e	0
0x1a79S0x135e	0x1a79V0x135e	0
0x1a7cS0x135e	0x1a7cV0x135e	0
0x1a6dS0x1a99	0x1a6dV0x1a99	0
0x1a70S0x1a99	0x1a70V0x1a99	0
0x1a73S0x1a99	0x1a73V0x1a99	0
0x1a76S0x1a99	0x1a76V0x1a99	0
0x1a79S0x1a99	0x1a79V0x1a99	0
0x1a7cS0x1a99	0x1a7cV0x1a99	0
0x2e7aS0xdaf	0x2e7aV0xdaf	0
0x2e7cS0xdaf	0x2e7cV0xdaf	0
0x2e7fS0xdaf	0x2e7fV0xdaf	0
0x2e84S0xdaf	0x2e84V0xdaf	0
0x2e85S0xdaf	0x2e85V0xdaf	0
0x2e88S0xdaf	0x2e88V0xdaf	0
0x2e8aS0xdaf	0x2e8aV0xdaf	0
0x2e8eS0xdaf	0x2e8eV0xdaf	0
0x2962S0xdaf	0x2962V0xdaf	0
0x2983S0xdaf	0x2983V0xdaf	0
0x2986S0xdaf	0x2986V0xdaf	0
0x2988S0xdaf	0x2988V0xdaf	0
0x298bS0xdaf	0x298bV0xdaf	0
0x2953S0xdaf	0x2953V0xdaf	0
0x2955S0xdaf	0x2955V0xdaf	0
0x2958S0xdaf	0x2958V0xdaf	0
0x295bS0xdaf	0x295bV0xdaf	0
0x30c9S0x2952S0xdaf	0x30c9V0x2952V0xdaf	0
0x30ceS0x2952S0xdaf	0x30ceV0x2952V0xdaf	0
0x30d1S0x2952S0xdaf	0x30d1V0x2952V0xdaf	0
0x2ddaS0xec2	0x2ddaV0xec2	0
0x2ddcS0xec2	0x2ddcV0xec2	0
0x2ddfS0xec2	0x2ddfV0xec2	0
0x2de4S0xec2	0x2de4V0xec2	0
0x2de5S0xec2	0x2de5V0xec2	0
0x2de8S0xec2	0x2de8V0xec2	0
0x2deaS0xec2	0x2deaV0xec2	0
0x2deeS0xec2	0x2deeV0xec2	0
0x27e2S0xec2	0x27e2V0xec2	0
0x2803S0xec2	0x2803V0xec2	0
0x2806S0xec2	0x2806V0xec2	0
0x2808S0xec2	0x2808V0xec2	0
0x280bS0xec2	0x280bV0xec2	0
0x27d3S0xec2	0x27d3V0xec2	0
0x27d5S0xec2	0x27d5V0xec2	0
0x27d8S0xec2	0x27d8V0xec2	0
0x27dbS0xec2	0x27dbV0xec2	0
0x30c9S0x27d2S0xec2	0x30c9V0x27d2V0xec2	0
0x30ceS0x27d2S0xec2	0x30ceV0x27d2V0xec2	0
0x30d1S0x27d2S0xec2	0x30d1V0x27d2V0xec2	0
0x2e3aS0xf75	0x2e3aV0xf75	0
0x2e3cS0xf75	0x2e3cV0xf75	0
0x2e3fS0xf75	0x2e3fV0xf75	0
0x2e44S0xf75	0x2e44V0xf75	0
0x2e45S0xf75	0x2e45V0xf75	0
0x2e48S0xf75	0x2e48V0xf75	0
0x2e4aS0xf75	0x2e4aV0xf75	0
0x2e4eS0xf75	0x2e4eV0xf75	0
0x28e2S0xf75	0x28e2V0xf75	0
0x2903S0xf75	0x2903V0xf75	0
0x2906S0xf75	0x2906V0xf75	0
0x2908S0xf75	0x2908V0xf75	0
0x290bS0xf75	0x290bV0xf75	0
0x28d3S0xf75	0x28d3V0xf75	0
0x28d5S0xf75	0x28d5V0xf75	0
0x28d8S0xf75	0x28d8V0xf75	0
0x28dbS0xf75	0x28dbV0xf75	0
0x30c9S0x28d2S0xf75	0x30c9V0x28d2V0xf75	0
0x30ceS0x28d2S0xf75	0x30ceV0x28d2V0xf75	0
0x30d1S0x28d2S0xf75	0x30d1V0x28d2V0xf75	0
0x2dbaS0x1126	0x2dbaV0x1126	0
0x2dbcS0x1126	0x2dbcV0x1126	0
0x2dbfS0x1126	0x2dbfV0x1126	0
0x2dc4S0x1126	0x2dc4V0x1126	0
0x2dc5S0x1126	0x2dc5V0x1126	0
0x2dc8S0x1126	0x2dc8V0x1126	0
0x2dcaS0x1126	0x2dcaV0x1126	0
0x2dceS0x1126	0x2dceV0x1126	0
0x27a2S0x1126	0x27a2V0x1126	0
0x27c3S0x1126	0x27c3V0x1126	0
0x27c6S0x1126	0x27c6V0x1126	0
0x27c8S0x1126	0x27c8V0x1126	0
0x27cbS0x1126	0x27cbV0x1126	0
0x2793S0x1126	0x2793V0x1126	0
0x2795S0x1126	0x2795V0x1126	0
0x2798S0x1126	0x2798V0x1126	0
0x279bS0x1126	0x279bV0x1126	0
0x30c9S0x2792S0x1126	0x30c9V0x2792V0x1126	0
0x30ceS0x2792S0x1126	0x30ceV0x2792V0x1126	0
0x30d1S0x2792S0x1126	0x30d1V0x2792V0x1126	0
0x2e9aS0x11ab	0x2e9aV0x11ab	0
0x2e9cS0x11ab	0x2e9cV0x11ab	0
0x2e9fS0x11ab	0x2e9fV0x11ab	0
0x2ea4S0x11ab	0x2ea4V0x11ab	0
0x2ea5S0x11ab	0x2ea5V0x11ab	0
0x2ea8S0x11ab	0x2ea8V0x11ab	0
0x2eaaS0x11ab	0x2eaaV0x11ab	0
0x2eaeS0x11ab	0x2eaeV0x11ab	0
0x29a2S0x11ab	0x29a2V0x11ab	0
0x29c3S0x11ab	0x29c3V0x11ab	0
0x29c6S0x11ab	0x29c6V0x11ab	0
0x29c8S0x11ab	0x29c8V0x11ab	0
0x29cbS0x11ab	0x29cbV0x11ab	0
0x2993S0x11ab	0x2993V0x11ab	0
0x2995S0x11ab	0x2995V0x11ab	0
0x2998S0x11ab	0x2998V0x11ab	0
0x299bS0x11ab	0x299bV0x11ab	0
0x30c9S0x2992S0x11ab	0x30c9V0x2992V0x11ab	0
0x30ceS0x2992S0x11ab	0x30ceV0x2992V0x11ab	0
0x30d1S0x2992S0x11ab	0x30d1V0x2992V0x11ab	0
0x2ebaS0x1382	0x2ebaV0x1382	0
0x2ebcS0x1382	0x2ebcV0x1382	0
0x2ebfS0x1382	0x2ebfV0x1382	0
0x2ec4S0x1382	0x2ec4V0x1382	0
0x2ec5S0x1382	0x2ec5V0x1382	0
0x2ec8S0x1382	0x2ec8V0x1382	0
0x2ecaS0x1382	0x2ecaV0x1382	0
0x2eceS0x1382	0x2eceV0x1382	0
0x29e2S0x1382	0x29e2V0x1382	0
0x2a03S0x1382	0x2a03V0x1382	0
0x2a06S0x1382	0x2a06V0x1382	0
0x2a08S0x1382	0x2a08V0x1382	0
0x2a29S0x1382	0x2a29V0x1382	0
0x2a2cS0x1382	0x2a2cV0x1382	0
0x2a2eS0x1382	0x2a2eV0x1382	0
0x2a31S0x1382	0x2a31V0x1382	0
0x29d3S0x1382	0x29d3V0x1382	0
0x29d5S0x1382	0x29d5V0x1382	0
0x29d8S0x1382	0x29d8V0x1382	0
0x29dbS0x1382	0x29dbV0x1382	0
0x30c9S0x29d2S0x1382	0x30c9V0x29d2V0x1382	0
0x30ceS0x29d2S0x1382	0x30ceV0x29d2V0x1382	0
0x30d1S0x29d2S0x1382	0x30d1V0x29d2V0x1382	0
0x2e1aS0x17ff	0x2e1aV0x17ff	0
0x2e1cS0x17ff	0x2e1cV0x17ff	0
0x2e1fS0x17ff	0x2e1fV0x17ff	0
0x2e24S0x17ff	0x2e24V0x17ff	0
0x2e25S0x17ff	0x2e25V0x17ff	0
0x2e28S0x17ff	0x2e28V0x17ff	0
0x2e2aS0x17ff	0x2e2aV0x17ff	0
0x2e2eS0x17ff	0x2e2eV0x17ff	0
0x28a2S0x17ff	0x28a2V0x17ff	0
0x28c3S0x17ff	0x28c3V0x17ff	0
0x28c6S0x17ff	0x28c6V0x17ff	0
0x28c8S0x17ff	0x28c8V0x17ff	0
0x28cbS0x17ff	0x28cbV0x17ff	0
0x2893S0x17ff	0x2893V0x17ff	0
0x2895S0x17ff	0x2895V0x17ff	0
0x2898S0x17ff	0x2898V0x17ff	0
0x289bS0x17ff	0x289bV0x17ff	0
0x30c9S0x2892S0x17ff	0x30c9V0x2892V0x17ff	0
0x30ceS0x2892S0x17ff	0x30ceV0x2892V0x17ff	0
0x30d1S0x2892S0x17ff	0x30d1V0x2892V0x17ff	0
0x2ebaS0x1abd	0x2ebaV0x1abd	0
0x2ebcS0x1abd	0x2ebcV0x1abd	0
0x2ebfS0x1abd	0x2ebfV0x1abd	0
0x2ec4S0x1abd	0x2ec4V0x1abd	0
0x2ec5S0x1abd	0x2ec5V0x1abd	0
0x2ec8S0x1abd	0x2ec8V0x1abd	0
0x2ecaS0x1abd	0x2ecaV0x1abd	0
0x2eceS0x1abd	0x2eceV0x1abd	0
0x29e2S0x1abd	0x29e2V0x1abd	0
0x2a03S0x1abd	0x2a03V0x1abd	0
0x2a06S0x1abd	0x2a06V0x1abd	0
0x2a08S0x1abd	0x2a08V0x1abd	0
0x2a29S0x1abd	0x2a29V0x1abd	0
0x2a2cS0x1abd	0x2a2cV0x1abd	0
0x2a2eS0x1abd	0x2a2eV0x1abd	0
0x2a31S0x1abd	0x2a31V0x1abd	0
0x29d3S0x1abd	0x29d3V0x1abd	0
0x29d5S0x1abd	0x29d5V0x1abd	0
0x29d8S0x1abd	0x29d8V0x1abd	0
0x29dbS0x1abd	0x29dbV0x1abd	0
0x30c9S0x29d2S0x1abd	0x30c9V0x29d2V0x1abd	0
0x30ceS0x29d2S0x1abd	0x30ceV0x29d2V0x1abd	0
0x30d1S0x29d2S0x1abd	0x30d1V0x29d2V0x1abd	0
0x2dfaS0x1c6c	0x2dfaV0x1c6c	0
0x2dfcS0x1c6c	0x2dfcV0x1c6c	0
0x2dffS0x1c6c	0x2dffV0x1c6c	0
0x2e04S0x1c6c	0x2e04V0x1c6c	0
0x2e05S0x1c6c	0x2e05V0x1c6c	0
0x2e08S0x1c6c	0x2e08V0x1c6c	0
0x2e0aS0x1c6c	0x2e0aV0x1c6c	0
0x2e0eS0x1c6c	0x2e0eV0x1c6c	0
0x2862S0x1c6c	0x2862V0x1c6c	0
0x2883S0x1c6c	0x2883V0x1c6c	0
0x2886S0x1c6c	0x2886V0x1c6c	0
0x2888S0x1c6c	0x2888V0x1c6c	0
0x288bS0x1c6c	0x288bV0x1c6c	0
0x2853S0x1c6c	0x2853V0x1c6c	0
0x2855S0x1c6c	0x2855V0x1c6c	0
0x2858S0x1c6c	0x2858V0x1c6c	0
0x285bS0x1c6c	0x285bV0x1c6c	0
0x30c9S0x2852S0x1c6c	0x30c9V0x2852V0x1c6c	0
0x30ceS0x2852S0x1c6c	0x30ceV0x2852V0x1c6c	0
0x30d1S0x2852S0x1c6c	0x30d1V0x2852V0x1c6c	0
0x2d98S0x1fe9	0x2d98V0x1fe9	0
0x2d9aS0x1fe9	0x2d9aV0x1fe9	0
0x2d9dS0x1fe9	0x2d9dV0x1fe9	0
0x2da2S0x1fe9	0x2da2V0x1fe9	0
0x2da3S0x1fe9	0x2da3V0x1fe9	0
0x2da6S0x1fe9	0x2da6V0x1fe9	0
0x2da8S0x1fe9	0x2da8V0x1fe9	0
0x2dadS0x1fe9	0x2dadV0x1fe9	0
0x2765S0x1fe9	0x2765V0x1fe9	0
0x276aS0x1fe9	0x276aV0x1fe9	0
0x3095S0x1fe9	0x3095V0x1fe9	0
0x3098S0x1fe9	0x3098V0x1fe9	0
0x2771S0x1fe9	0x2771V0x1fe9	0
0x2776S0x1fe9	0x2776V0x1fe9	0
0x2779S0x1fe9	0x2779V0x1fe9	0
0x277aS0x1fe9	0x277aV0x1fe9	0
0x277fS0x1fe9	0x277fV0x1fe9	0
0x2783S0x1fe9	0x2783V0x1fe9	0
0x2789S0x1fe9	0x2789V0x1fe9	0
0x3181S0x1fe9	0x3181V0x1fe9	0
0x3183S0x1fe9	0x3183V0x1fe9	0
0x3185S0x1fe9	0x3185V0x1fe9	0
0x3186S0x1fe9	0x3186V0x1fe9	0
0x3189S0x1fe9	0x3189V0x1fe9	0
0x318aS0x1fe9	0x318aV0x1fe9	0
0x275aS0x1fe9	0x275aV0x1fe9	0
0x275cS0x1fe9	0x275cV0x1fe9	0
0x2760S0x1fe9	0x2760V0x1fe9	0
0x30c9S0x2764S0x1fe9	0x30c9V0x2764V0x1fe9	0
0x30ceS0x2764S0x1fe9	0x30ceV0x2764V0x1fe9	0
0x30d1S0x2764S0x1fe9	0x30d1V0x2764V0x1fe9	0
0x316aS0x276eS0x1fe9	0x316aV0x276eV0x1fe9	0
0x316eS0x276eS0x1fe9	0x316eV0x276eV0x1fe9	0
0x1e200S0x276eS0x1fe9	0x1e200V0x276eV0x1fe9	0
0x3144S0x276eS0x1fe9	0x3144V0x276eV0x1fe9	0
0x1d800S0x276eS0x1fe9	0x1d800V0x276eV0x1fe9	0
0x3164S0x276eS0x1fe9	0x3164V0x276eV0x1fe9	0
0x3165S0x276eS0x1fe9	0x3165V0x276eV0x1fe9	0
0x3166S0x276eS0x1fe9	0x3166V0x276eV0x1fe9	0
0x3161_0x0S0x276eS0x1fe9	0x3161_0x0V0x276eV0x1fe9	0
0x3149S0x276eS0x1fe9	0x3149V0x276eV0x1fe9	0
0x314aS0x276eS0x1fe9	0x314aV0x276eV0x1fe9	0
0x314bS0x276eS0x1fe9	0x314bV0x276eV0x1fe9	0
0x3146_0x0S0x276eS0x1fe9	0x3146_0x0V0x276eV0x1fe9	0
0x3151S0x276eS0x1fe9	0x3151V0x276eV0x1fe9	0
0x3152S0x276eS0x1fe9	0x3152V0x276eV0x1fe9	0
0x3155S0x276eS0x1fe9	0x3155V0x276eV0x1fe9	0
0x3157S0x276eS0x1fe9	0x3157V0x276eV0x1fe9	0
0x315aS0x276eS0x1fe9	0x315aV0x276eV0x1fe9	0
0x315dS0x276eS0x1fe9	0x315dV0x276eV0x1fe9	0
0x314f_0x0S0x276eS0x1fe9	0x314f_0x0V0x276eV0x1fe9	0
0x2aeeS0xadb0x39b	0x2aeeV0xadb0x39b	0
0x2b0fS0xadb0x39b	0x2b0fV0xadb0x39b	0
0x2b12S0xadb0x39b	0x2b12V0xadb0x39b	0
0x2b14S0xadb0x39b	0x2b14V0xadb0x39b	0
0x2b17S0xadb0x39b	0x2b17V0xadb0x39b	0
0x2adfS0xadb0x39b	0x2adfV0xadb0x39b	0
0x2ae1S0xadb0x39b	0x2ae1V0xadb0x39b	0
0x2ae4S0xadb0x39b	0x2ae4V0xadb0x39b	0
0x2ae7S0xadb0x39b	0x2ae7V0xadb0x39b	0
0x2f1aS0xadb0x39b	0x2f1aV0xadb0x39b	0
0x2f1cS0xadb0x39b	0x2f1cV0xadb0x39b	0
0x2f1fS0xadb0x39b	0x2f1fV0xadb0x39b	0
0x2f24S0xadb0x39b	0x2f24V0xadb0x39b	0
0x2f25S0xadb0x39b	0x2f25V0xadb0x39b	0
0x2f28S0xadb0x39b	0x2f28V0xadb0x39b	0
0x2f2aS0xadb0x39b	0x2f2aV0xadb0x39b	0
0x2f2eS0xadb0x39b	0x2f2eV0xadb0x39b	0
0x30c9S0x2adeS0xadb0x39b	0x30c9V0x2adeV0xadb0x39b	0
0x30ceS0x2adeS0xadb0x39b	0x30ceV0x2adeV0xadb0x39b	0
0x30d1S0x2adeS0xadb0x39b	0x30d1V0x2adeV0xadb0x39b	0
0x2c77S0x30b	0x2c77V0x30b	0
0x2c79S0x30b	0x2c79V0x30b	0
0x2c7cS0x30b	0x2c7cV0x30b	0
0x2c7fS0x30b	0x2c7fV0x30b	0
0x2c82S0x30b	0x2c82V0x30b	0
0x2c85S0x30b	0x2c85V0x30b	0
0x2c87S0x30b	0x2c87V0x30b	0
0x26f4S0x30b	0x26f4V0x30b	0
0x26f8S0x30b	0x26f8V0x30b	0
0x30f7S0x26f3S0x30b	0x30f7V0x26f3V0x30b	0
0x30faS0x26f3S0x30b	0x30faV0x26f3V0x30b	0
0x30fbS0x26f3S0x30b	0x30fbV0x26f3V0x30b	0
0x271eS0x2bad	0x271eV0x2bad	0
0x3177S0x2bad	0x3177V0x2bad	0
0x2712S0x2bad	0x2712V0x2bad	0
0x2715S0x2bad	0x2715V0x2bad	0
0x2719S0x2bad	0x2719V0x2bad	0
0x3103S0x2711S0x2bad	0x3103V0x2711V0x2bad	0
0x271eS0x2bb9	0x271eV0x2bb9	0
0x3177S0x2bb9	0x3177V0x2bb9	0
0x2712S0x2bb9	0x2712V0x2bb9	0
0x2715S0x2bb9	0x2715V0x2bb9	0
0x2719S0x2bb9	0x2719V0x2bb9	0
0x3103S0x2711S0x2bb9	0x3103V0x2711V0x2bb9	0
0x2bdaS0x14f	0x2bdaV0x14f	0
0x2bdcS0x14f	0x2bdcV0x14f	0
0x2bdfS0x14f	0x2bdfV0x14f	0
0x2be2S0x14f	0x2be2V0x14f	0
0x2be5S0x14f	0x2be5V0x14f	0
0x2be8S0x14f	0x2be8V0x14f	0
0x2beaS0x14f	0x2beaV0x14f	0
0x2687S0x2bd9S0x14f	0x2687V0x2bd9V0x14f	0
0x268bS0x2bd9S0x14f	0x268bV0x2bd9V0x14f	0
0x30e5S0x2686S0x2bd9S0x14f	0x30e5V0x2686V0x2bd9V0x14f	0
0x30e7S0x2686S0x2bd9S0x14f	0x30e7V0x2686V0x2bd9V0x14f	0
0x30ebS0x2686S0x2bd9S0x14f	0x30ebV0x2686V0x2bd9V0x14f	0
0x310dS0x2686S0x2bd9S0x14f	0x310dV0x2686V0x2bd9V0x14f	0
0x310fS0x2686S0x2bd9S0x14f	0x310fV0x2686V0x2bd9V0x14f	0
0x3125S0x2686S0x2bd9S0x14f	0x3125V0x2686V0x2bd9V0x14f	0
0x2f5aS0x18c	0x2f5aV0x18c	0
0x2f5cS0x18c	0x2f5cV0x18c	0
0x2f5fS0x18c	0x2f5fV0x18c	0
0x2f62S0x18c	0x2f62V0x18c	0
0x2f65S0x18c	0x2f65V0x18c	0
0x2f68S0x18c	0x2f68V0x18c	0
0x2f6aS0x18c	0x2f6aV0x18c	0
0x2b6eS0x2f59S0x18c	0x2b6eV0x2f59V0x18c	0
0x2b72S0x2f59S0x18c	0x2b72V0x2f59V0x18c	0
0x312dS0x2b6dS0x2f59S0x18c	0x312dV0x2b6dV0x2f59V0x18c	0
0x2f5aS0x1b7	0x2f5aV0x1b7	0
0x2f5cS0x1b7	0x2f5cV0x1b7	0
0x2f5fS0x1b7	0x2f5fV0x1b7	0
0x2f62S0x1b7	0x2f62V0x1b7	0
0x2f65S0x1b7	0x2f65V0x1b7	0
0x2f68S0x1b7	0x2f68V0x1b7	0
0x2f6aS0x1b7	0x2f6aV0x1b7	0
0x2b6eS0x2f59S0x1b7	0x2b6eV0x2f59V0x1b7	0
0x2b72S0x2f59S0x1b7	0x2b72V0x2f59V0x1b7	0
0x312dS0x2b6dS0x2f59S0x1b7	0x312dV0x2b6dV0x2f59V0x1b7	0
0x2c55S0x1f4	0x2c55V0x1f4	0
0x2c57S0x1f4	0x2c57V0x1f4	0
0x2c5aS0x1f4	0x2c5aV0x1f4	0
0x2c5fS0x1f4	0x2c5fV0x1f4	0
0x2c60S0x1f4	0x2c60V0x1f4	0
0x2c63S0x1f4	0x2c63V0x1f4	0
0x2c65S0x1f4	0x2c65V0x1f4	0
0x2c6aS0x1f4	0x2c6aV0x1f4	0
0x267bS0x2c54S0x1f4	0x267bV0x2c54V0x1f4	0
0x267eS0x2c54S0x1f4	0x267eV0x2c54V0x1f4	0
0x267a_0x2S0x2c54S0x1f4	0x267a_0x2V0x2c54V0x1f4	0
0x2b5fS0x2c54S0x1f4	0x2b5fV0x2c54V0x1f4	0
0x2b63S0x2c54S0x1f4	0x2b63V0x2c54V0x1f4	0
0x26a1S0x2c54S0x1f4	0x26a1V0x2c54V0x1f4	0
0x26a6S0x2c54S0x1f4	0x26a6V0x2c54V0x1f4	0
0x307fS0x2c54S0x1f4	0x307fV0x2c54V0x1f4	0
0x3082S0x2c54S0x1f4	0x3082V0x2c54V0x1f4	0
0x26adS0x2c54S0x1f4	0x26adV0x2c54V0x1f4	0
0x26b1S0x2c54S0x1f4	0x26b1V0x2c54V0x1f4	0
0x30adS0x2c54S0x1f4	0x30adV0x2c54V0x1f4	0
0x30b2S0x2c54S0x1f4	0x30b2V0x2c54V0x1f4	0
0x30b5S0x2c54S0x1f4	0x30b5V0x2c54V0x1f4	0
0x26b7S0x2c54S0x1f4	0x26b7V0x2c54V0x1f4	0
0x1ce00S0x2c54S0x1f4	0x1ce00V0x2c54V0x1f4	0
0x306fS0x2c54S0x1f4	0x306fV0x2c54V0x1f4	0
0x3074S0x2c54S0x1f4	0x3074V0x2c54V0x1f4	0
0x3077S0x2c54S0x1f4	0x3077V0x2c54V0x1f4	0
0x26e6_0x6S0x2c54S0x1f4	0x26e6_0x6V0x2c54V0x1f4	0
0x26d0S0x2c54S0x1f4	0x26d0V0x2c54V0x1f4	0
0x26d4S0x2c54S0x1f4	0x26d4V0x2c54V0x1f4	0
0x266fS0x2c54S0x1f4	0x266fV0x2c54V0x1f4	0
0x2671S0x2c54S0x1f4	0x2671V0x2c54V0x1f4	0
0x2676S0x2c54S0x1f4	0x2676V0x2c54V0x1f4	0
0x26dcS0x2c54S0x1f4	0x26dcV0x2c54V0x1f4	0
0x26dfS0x2c54S0x1f4	0x26dfV0x2c54V0x1f4	0
0x26e2S0x2c54S0x1f4	0x26e2V0x2c54V0x1f4	0
0x26d8_0x2S0x2c54S0x1f4	0x26d8_0x2V0x2c54V0x1f4	0
0x30a0S0x2c54S0x1f4	0x30a0V0x2c54V0x1f4	0
0x30a2S0x2c54S0x1f4	0x30a2V0x2c54V0x1f4	0
0x30a5S0x2c54S0x1f4	0x30a5V0x2c54V0x1f4	0
0x309f_0x0S0x2c54S0x1f4	0x309f_0x0V0x2c54V0x1f4	0
0x26bcS0x2c54S0x1f4	0x26bcV0x2c54V0x1f4	0
0x26bdS0x2c54S0x1f4	0x26bdV0x2c54V0x1f4	0
0x26beS0x2c54S0x1f4	0x26beV0x2c54V0x1f4	0
0x26b9_0x0S0x2c54S0x1f4	0x26b9_0x0V0x2c54V0x1f4	0
0x2b67_0x2S0x2c54S0x1f4	0x2b67_0x2V0x2c54V0x1f4	0
0x2696S0x2c54S0x1f4	0x2696V0x2c54V0x1f4	0
0x2698S0x2c54S0x1f4	0x2698V0x2c54V0x1f4	0
0x269cS0x2c54S0x1f4	0x269cV0x2c54V0x1f4	0
0x26c3S0x2c54S0x1f4	0x26c3V0x2c54V0x1f4	0
0x26c4S0x2c54S0x1f4	0x26c4V0x2c54V0x1f4	0
0x26c9S0x2c54S0x1f4	0x26c9V0x2c54V0x1f4	0
0x26c2_0x1S0x2c54S0x1f4	0x26c2_0x1V0x2c54V0x1f4	0
0x312dS0x2b5eS0x2c54S0x1f4	0x312dV0x2b5eV0x2c54V0x1f4	0
0x2c92S0x21f	0x2c92V0x21f	0
0x2c94S0x21f	0x2c94V0x21f	0
0x2c97S0x21f	0x2c97V0x21f	0
0x2c9aS0x21f	0x2c9aV0x21f	0
0x2c9dS0x21f	0x2c9dV0x21f	0
0x2ca0S0x21f	0x2ca0V0x21f	0
0x2ca2S0x21f	0x2ca2V0x21f	0
0x2703S0x2c91S0x21f	0x2703V0x2c91V0x21f	0
0x2707S0x2c91S0x21f	0x2707V0x2c91V0x21f	0
0x3103S0x2702S0x2c91S0x21f	0x3103V0x2702V0x2c91V0x21f	0
0x2f5aS0x25c	0x2f5aV0x25c	0
0x2f5cS0x25c	0x2f5cV0x25c	0
0x2f5fS0x25c	0x2f5fV0x25c	0
0x2f62S0x25c	0x2f62V0x25c	0
0x2f65S0x25c	0x2f65V0x25c	0
0x2f68S0x25c	0x2f68V0x25c	0
0x2f6aS0x25c	0x2f6aV0x25c	0
0x2b6eS0x2f59S0x25c	0x2b6eV0x2f59V0x25c	0
0x2b72S0x2f59S0x25c	0x2b72V0x2f59V0x25c	0
0x312dS0x2b6dS0x2f59S0x25c	0x312dV0x2b6dV0x2f59V0x25c	0
0x2f5aS0x28c	0x2f5aV0x28c	0
0x2f5cS0x28c	0x2f5cV0x28c	0
0x2f5fS0x28c	0x2f5fV0x28c	0
0x2f62S0x28c	0x2f62V0x28c	0
0x2f65S0x28c	0x2f65V0x28c	0
0x2f68S0x28c	0x2f68V0x28c	0
0x2f6aS0x28c	0x2f6aV0x28c	0
0x2b6eS0x2f59S0x28c	0x2b6eV0x2f59V0x28c	0
0x2b72S0x2f59S0x28c	0x2b72V0x2f59V0x28c	0
0x312dS0x2b6dS0x2f59S0x28c	0x312dV0x2b6dV0x2f59V0x28c	0
0x2c92S0x2b7	0x2c92V0x2b7	0
0x2c94S0x2b7	0x2c94V0x2b7	0
0x2c97S0x2b7	0x2c97V0x2b7	0
0x2c9aS0x2b7	0x2c9aV0x2b7	0
0x2c9dS0x2b7	0x2c9dV0x2b7	0
0x2ca0S0x2b7	0x2ca0V0x2b7	0
0x2ca2S0x2b7	0x2ca2V0x2b7	0
0x2703S0x2c91S0x2b7	0x2703V0x2c91V0x2b7	0
0x2707S0x2c91S0x2b7	0x2707V0x2c91V0x2b7	0
0x3103S0x2702S0x2c91S0x2b7	0x3103V0x2702V0x2c91V0x2b7	0
0x2f5aS0x348	0x2f5aV0x348	0
0x2f5cS0x348	0x2f5cV0x348	0
0x2f5fS0x348	0x2f5fV0x348	0
0x2f62S0x348	0x2f62V0x348	0
0x2f65S0x348	0x2f65V0x348	0
0x2f68S0x348	0x2f68V0x348	0
0x2f6aS0x348	0x2f6aV0x348	0
0x2b6eS0x2f59S0x348	0x2b6eV0x2f59V0x348	0
0x2b72S0x2f59S0x348	0x2b72V0x2f59V0x348	0
0x312dS0x2b6dS0x2f59S0x348	0x312dV0x2b6dV0x2f59V0x348	0
0x2f5aS0x385	0x2f5aV0x385	0
0x2f5cS0x385	0x2f5cV0x385	0
0x2f5fS0x385	0x2f5fV0x385	0
0x2f62S0x385	0x2f62V0x385	0
0x2f65S0x385	0x2f65V0x385	0
0x2f68S0x385	0x2f68V0x385	0
0x2f6aS0x385	0x2f6aV0x385	0
0x2b6eS0x2f59S0x385	0x2b6eV0x2f59V0x385	0
0x2b72S0x2f59S0x385	0x2b72V0x2f59V0x385	0
0x312dS0x2b6dS0x2f59S0x385	0x312dV0x2b6dV0x2f59V0x385	0
0x2f5aS0x3c2	0x2f5aV0x3c2	0
0x2f5cS0x3c2	0x2f5cV0x3c2	0
0x2f5fS0x3c2	0x2f5fV0x3c2	0
0x2f62S0x3c2	0x2f62V0x3c2	0
0x2f65S0x3c2	0x2f65V0x3c2	0
0x2f68S0x3c2	0x2f68V0x3c2	0
0x2f6aS0x3c2	0x2f6aV0x3c2	0
0x2b6eS0x2f59S0x3c2	0x2b6eV0x2f59V0x3c2	0
0x2b72S0x2f59S0x3c2	0x2b72V0x2f59V0x3c2	0
0x312dS0x2b6dS0x2f59S0x3c2	0x312dV0x2b6dV0x2f59V0x3c2	0
0x2f5aS0x3f2	0x2f5aV0x3f2	0
0x2f5cS0x3f2	0x2f5cV0x3f2	0
0x2f5fS0x3f2	0x2f5fV0x3f2	0
0x2f62S0x3f2	0x2f62V0x3f2	0
0x2f65S0x3f2	0x2f65V0x3f2	0
0x2f68S0x3f2	0x2f68V0x3f2	0
0x2f6aS0x3f2	0x2f6aV0x3f2	0
0x2b6eS0x2f59S0x3f2	0x2b6eV0x2f59V0x3f2	0
0x2b72S0x2f59S0x3f2	0x2b72V0x2f59V0x3f2	0
0x312dS0x2b6dS0x2f59S0x3f2	0x312dV0x2b6dV0x2f59V0x3f2	0
0x2c92S0x41d	0x2c92V0x41d	0
0x2c94S0x41d	0x2c94V0x41d	0
0x2c97S0x41d	0x2c97V0x41d	0
0x2c9aS0x41d	0x2c9aV0x41d	0
0x2c9dS0x41d	0x2c9dV0x41d	0
0x2ca0S0x41d	0x2ca0V0x41d	0
0x2ca2S0x41d	0x2ca2V0x41d	0
0x2703S0x2c91S0x41d	0x2703V0x2c91V0x41d	0
0x2707S0x2c91S0x41d	0x2707V0x2c91V0x41d	0
0x3103S0x2702S0x2c91S0x41d	0x3103V0x2702V0x2c91V0x41d	0
0x2c55S0x45a	0x2c55V0x45a	0
0x2c57S0x45a	0x2c57V0x45a	0
0x2c5aS0x45a	0x2c5aV0x45a	0
0x2c5fS0x45a	0x2c5fV0x45a	0
0x2c60S0x45a	0x2c60V0x45a	0
0x2c63S0x45a	0x2c63V0x45a	0
0x2c65S0x45a	0x2c65V0x45a	0
0x2c6aS0x45a	0x2c6aV0x45a	0
0x267bS0x2c54S0x45a	0x267bV0x2c54V0x45a	0
0x267eS0x2c54S0x45a	0x267eV0x2c54V0x45a	0
0x267a_0x2S0x2c54S0x45a	0x267a_0x2V0x2c54V0x45a	0
0x2b5fS0x2c54S0x45a	0x2b5fV0x2c54V0x45a	0
0x2b63S0x2c54S0x45a	0x2b63V0x2c54V0x45a	0
0x26a1S0x2c54S0x45a	0x26a1V0x2c54V0x45a	0
0x26a6S0x2c54S0x45a	0x26a6V0x2c54V0x45a	0
0x307fS0x2c54S0x45a	0x307fV0x2c54V0x45a	0
0x3082S0x2c54S0x45a	0x3082V0x2c54V0x45a	0
0x26adS0x2c54S0x45a	0x26adV0x2c54V0x45a	0
0x26b1S0x2c54S0x45a	0x26b1V0x2c54V0x45a	0
0x30adS0x2c54S0x45a	0x30adV0x2c54V0x45a	0
0x30b2S0x2c54S0x45a	0x30b2V0x2c54V0x45a	0
0x30b5S0x2c54S0x45a	0x30b5V0x2c54V0x45a	0
0x26b7S0x2c54S0x45a	0x26b7V0x2c54V0x45a	0
0x1ce00S0x2c54S0x45a	0x1ce00V0x2c54V0x45a	0
0x306fS0x2c54S0x45a	0x306fV0x2c54V0x45a	0
0x3074S0x2c54S0x45a	0x3074V0x2c54V0x45a	0
0x3077S0x2c54S0x45a	0x3077V0x2c54V0x45a	0
0x26e6_0x6S0x2c54S0x45a	0x26e6_0x6V0x2c54V0x45a	0
0x26d0S0x2c54S0x45a	0x26d0V0x2c54V0x45a	0
0x26d4S0x2c54S0x45a	0x26d4V0x2c54V0x45a	0
0x266fS0x2c54S0x45a	0x266fV0x2c54V0x45a	0
0x2671S0x2c54S0x45a	0x2671V0x2c54V0x45a	0
0x2676S0x2c54S0x45a	0x2676V0x2c54V0x45a	0
0x26dcS0x2c54S0x45a	0x26dcV0x2c54V0x45a	0
0x26dfS0x2c54S0x45a	0x26dfV0x2c54V0x45a	0
0x26e2S0x2c54S0x45a	0x26e2V0x2c54V0x45a	0
0x26d8_0x2S0x2c54S0x45a	0x26d8_0x2V0x2c54V0x45a	0
0x30a0S0x2c54S0x45a	0x30a0V0x2c54V0x45a	0
0x30a2S0x2c54S0x45a	0x30a2V0x2c54V0x45a	0
0x30a5S0x2c54S0x45a	0x30a5V0x2c54V0x45a	0
0x309f_0x0S0x2c54S0x45a	0x309f_0x0V0x2c54V0x45a	0
0x26bcS0x2c54S0x45a	0x26bcV0x2c54V0x45a	0
0x26bdS0x2c54S0x45a	0x26bdV0x2c54V0x45a	0
0x26beS0x2c54S0x45a	0x26beV0x2c54V0x45a	0
0x26b9_0x0S0x2c54S0x45a	0x26b9_0x0V0x2c54V0x45a	0
0x2b67_0x2S0x2c54S0x45a	0x2b67_0x2V0x2c54V0x45a	0
0x2696S0x2c54S0x45a	0x2696V0x2c54V0x45a	0
0x2698S0x2c54S0x45a	0x2698V0x2c54V0x45a	0
0x269cS0x2c54S0x45a	0x269cV0x2c54V0x45a	0
0x26c3S0x2c54S0x45a	0x26c3V0x2c54V0x45a	0
0x26c4S0x2c54S0x45a	0x26c4V0x2c54V0x45a	0
0x26c9S0x2c54S0x45a	0x26c9V0x2c54V0x45a	0
0x26c2_0x1S0x2c54S0x45a	0x26c2_0x1V0x2c54V0x45a	0
0x312dS0x2b5eS0x2c54S0x45a	0x312dV0x2b5eV0x2c54V0x45a	0
0x2bdaS0x4ca	0x2bdaV0x4ca	0
0x2bdcS0x4ca	0x2bdcV0x4ca	0
0x2bdfS0x4ca	0x2bdfV0x4ca	0
0x2be2S0x4ca	0x2be2V0x4ca	0
0x2be5S0x4ca	0x2be5V0x4ca	0
0x2be8S0x4ca	0x2be8V0x4ca	0
0x2beaS0x4ca	0x2beaV0x4ca	0
0x2687S0x2bd9S0x4ca	0x2687V0x2bd9V0x4ca	0
0x268bS0x2bd9S0x4ca	0x268bV0x2bd9V0x4ca	0
0x30e5S0x2686S0x2bd9S0x4ca	0x30e5V0x2686V0x2bd9V0x4ca	0
0x30e7S0x2686S0x2bd9S0x4ca	0x30e7V0x2686V0x2bd9V0x4ca	0
0x30ebS0x2686S0x2bd9S0x4ca	0x30ebV0x2686V0x2bd9V0x4ca	0
0x310dS0x2686S0x2bd9S0x4ca	0x310dV0x2686V0x2bd9V0x4ca	0
0x310fS0x2686S0x2bd9S0x4ca	0x310fV0x2686V0x2bd9V0x4ca	0
0x3125S0x2686S0x2bd9S0x4ca	0x3125V0x2686V0x2bd9V0x4ca	0
0x2f5aS0x4f5	0x2f5aV0x4f5	0
0x2f5cS0x4f5	0x2f5cV0x4f5	0
0x2f5fS0x4f5	0x2f5fV0x4f5	0
0x2f62S0x4f5	0x2f62V0x4f5	0
0x2f65S0x4f5	0x2f65V0x4f5	0
0x2f68S0x4f5	0x2f68V0x4f5	0
0x2f6aS0x4f5	0x2f6aV0x4f5	0
0x2b6eS0x2f59S0x4f5	0x2b6eV0x2f59V0x4f5	0
0x2b72S0x2f59S0x4f5	0x2b72V0x2f59V0x4f5	0
0x312dS0x2b6dS0x2f59S0x4f5	0x312dV0x2b6dV0x2f59V0x4f5	0
0x2bdaS0x520	0x2bdaV0x520	0
0x2bdcS0x520	0x2bdcV0x520	0
0x2bdfS0x520	0x2bdfV0x520	0
0x2be2S0x520	0x2be2V0x520	0
0x2be5S0x520	0x2be5V0x520	0
0x2be8S0x520	0x2be8V0x520	0
0x2beaS0x520	0x2beaV0x520	0
0x2687S0x2bd9S0x520	0x2687V0x2bd9V0x520	0
0x268bS0x2bd9S0x520	0x268bV0x2bd9V0x520	0
0x30e5S0x2686S0x2bd9S0x520	0x30e5V0x2686V0x2bd9V0x520	0
0x30e7S0x2686S0x2bd9S0x520	0x30e7V0x2686V0x2bd9V0x520	0
0x30ebS0x2686S0x2bd9S0x520	0x30ebV0x2686V0x2bd9V0x520	0
0x310dS0x2686S0x2bd9S0x520	0x310dV0x2686V0x2bd9V0x520	0
0x310fS0x2686S0x2bd9S0x520	0x310fV0x2686V0x2bd9V0x520	0
0x3125S0x2686S0x2bd9S0x520	0x3125V0x2686V0x2bd9V0x520	0
0x2f5aS0x55d	0x2f5aV0x55d	0
0x2f5cS0x55d	0x2f5cV0x55d	0
0x2f5fS0x55d	0x2f5fV0x55d	0
0x2f62S0x55d	0x2f62V0x55d	0
0x2f65S0x55d	0x2f65V0x55d	0
0x2f68S0x55d	0x2f68V0x55d	0
0x2f6aS0x55d	0x2f6aV0x55d	0
0x2b6eS0x2f59S0x55d	0x2b6eV0x2f59V0x55d	0
0x2b72S0x2f59S0x55d	0x2b72V0x2f59V0x55d	0
0x312dS0x2b6dS0x2f59S0x55d	0x312dV0x2b6dV0x2f59V0x55d	0
0x2c92S0x172c	0x2c92V0x172c	0
0x2c94S0x172c	0x2c94V0x172c	0
0x2c97S0x172c	0x2c97V0x172c	0
0x2c9aS0x172c	0x2c9aV0x172c	0
0x2c9dS0x172c	0x2c9dV0x172c	0
0x2ca0S0x172c	0x2ca0V0x172c	0
0x2ca2S0x172c	0x2ca2V0x172c	0
0x2703S0x2c91S0x172c	0x2703V0x2c91V0x172c	0
0x2707S0x2c91S0x172c	0x2707V0x2c91V0x172c	0
0x3103S0x2702S0x2c91S0x172c	0x3103V0x2702V0x2c91V0x172c	0
0x2f75S0x719	0x2f75V0x719	0
0x2f77S0x719	0x2f77V0x719	0
0x2f7aS0x719	0x2f7aV0x719	0
0x2f7dS0x719	0x2f7dV0x719	0
0x2f80S0x719	0x2f80V0x719	0
0x2f83S0x719	0x2f83V0x719	0
0x2f85S0x719	0x2f85V0x719	0
0x2f8aS0x719	0x2f8aV0x719	0
0x2f8dS0x719	0x2f8dV0x719	0
0x2f90S0x719	0x2f90V0x719	0
0x2f92S0x719	0x2f92V0x719	0
0x2b6eS0x2f74S0x719	0x2b6eV0x2f74V0x719	0
0x2b72S0x2f74S0x719	0x2b72V0x2f74V0x719	0
0x312dS0x2b6dS0x2f74S0x719	0x312dV0x2b6dV0x2f74V0x719	0
0x2b6eS0x2f89S0x719	0x2b6eV0x2f89V0x719	0
0x2b72S0x2f89S0x719	0x2b72V0x2f89V0x719	0
0x312dS0x2b6dS0x2f89S0x719	0x312dV0x2b6dV0x2f89V0x719	0
0x2c92S0xde9	0x2c92V0xde9	0
0x2c94S0xde9	0x2c94V0xde9	0
0x2c97S0xde9	0x2c97V0xde9	0
0x2c9aS0xde9	0x2c9aV0xde9	0
0x2c9dS0xde9	0x2c9dV0xde9	0
0x2ca0S0xde9	0x2ca0V0xde9	0
0x2ca2S0xde9	0x2ca2V0xde9	0
0x2703S0x2c91S0xde9	0x2703V0x2c91V0xde9	0
0x2707S0x2c91S0xde9	0x2707V0x2c91V0xde9	0
0x3103S0x2702S0x2c91S0xde9	0x3103V0x2702V0x2c91V0xde9	0
0x2539S0xe96	0x2539V0xe96	0
0x252cS0xe96	0x252cV0xe96	0
0x252eS0xe96	0x252eV0xe96	0
0x2532S0xe96	0x2532V0xe96	0
0x2533S0xe96	0x2533V0xe96	0
0x2534S0xe96	0x2534V0xe96	0
0x2535S0xe96	0x2535V0xe96	0
0x253eS0xe96	0x253eV0xe96	0
0x2540S0xe96	0x2540V0xe96	0
0x2546S0xe96	0x2546V0xe96	0
0x2547S0xe96	0x2547V0xe96	0
0x2328S0x253dS0xe96	0x2328V0x253dV0xe96	0
0x232bS0x253dS0xe96	0x232bV0x253dV0xe96	0
0x232eS0x253dS0xe96	0x232eV0x253dV0xe96	0
0x2332S0x253dS0xe96	0x2332V0x253dV0xe96	0
0x31e6S0x2327B0x253dS0xe96	0x31e6V0x2327B0x253dV0xe96	0
0x31e1S0x2327B0x253dS0xe96	0x31e1V0x2327B0x253dV0xe96	0
0x31e2S0x2327B0x253dS0xe96	0x31e2V0x2327B0x253dV0xe96	0
0x31d7S0x2327B0x253dS0xe96	0x31d7V0x2327B0x253dV0xe96	0
0x31dbS0x2327B0x253dS0xe96	0x31dbV0x2327B0x253dV0xe96	0
0x312dS0x31d6S0x2327B0x253dS0xe96	0x312dV0x31d6V0x2327B0x253dV0xe96	0
0x2cf2S0xff0	0x2cf2V0xff0	0
0x2cf4S0xff0	0x2cf4V0xff0	0
0x2cf7S0xff0	0x2cf7V0xff0	0
0x2cfaS0xff0	0x2cfaV0xff0	0
0x2cfdS0xff0	0x2cfdV0xff0	0
0x2d00S0xff0	0x2d00V0xff0	0
0x2d02S0xff0	0x2d02V0xff0	0
0x2d07S0xff0	0x2d07V0xff0	0
0x2d0aS0xff0	0x2d0aV0xff0	0
0x2d0dS0xff0	0x2d0dV0xff0	0
0x2d0fS0xff0	0x2d0fV0xff0	0
0x2d14S0xff0	0x2d14V0xff0	0
0x2d17S0xff0	0x2d17V0xff0	0
0x2d1aS0xff0	0x2d1aV0xff0	0
0x2d1cS0xff0	0x2d1cV0xff0	0
0x2d21S0xff0	0x2d21V0xff0	0
0x2d24S0xff0	0x2d24V0xff0	0
0x2d27S0xff0	0x2d27V0xff0	0
0x2d29S0xff0	0x2d29V0xff0	0
0x2d2eS0xff0	0x2d2eV0xff0	0
0x2d31S0xff0	0x2d31V0xff0	0
0x2d34S0xff0	0x2d34V0xff0	0
0x2d36S0xff0	0x2d36V0xff0	0
0x2d3bS0xff0	0x2d3bV0xff0	0
0x2d3eS0xff0	0x2d3eV0xff0	0
0x2d41S0xff0	0x2d41V0xff0	0
0x2d43S0xff0	0x2d43V0xff0	0
0x2703S0x2cf1S0xff0	0x2703V0x2cf1V0xff0	0
0x2707S0x2cf1S0xff0	0x2707V0x2cf1V0xff0	0
0x3103S0x2702S0x2cf1S0xff0	0x3103V0x2702V0x2cf1V0xff0	0
0x2b6eS0x2d06S0xff0	0x2b6eV0x2d06V0xff0	0
0x2b72S0x2d06S0xff0	0x2b72V0x2d06V0xff0	0
0x312dS0x2b6dS0x2d06S0xff0	0x312dV0x2b6dV0x2d06V0xff0	0
0x2687S0x2d13S0xff0	0x2687V0x2d13V0xff0	0
0x268bS0x2d13S0xff0	0x268bV0x2d13V0xff0	0
0x30e5S0x2686S0x2d13S0xff0	0x30e5V0x2686V0x2d13V0xff0	0
0x30e7S0x2686S0x2d13S0xff0	0x30e7V0x2686V0x2d13V0xff0	0
0x30ebS0x2686S0x2d13S0xff0	0x30ebV0x2686V0x2d13V0xff0	0
0x310dS0x2686S0x2d13S0xff0	0x310dV0x2686V0x2d13V0xff0	0
0x310fS0x2686S0x2d13S0xff0	0x310fV0x2686V0x2d13V0xff0	0
0x3125S0x2686S0x2d13S0xff0	0x3125V0x2686V0x2d13V0xff0	0
0x2b6eS0x2d20S0xff0	0x2b6eV0x2d20V0xff0	0
0x2b72S0x2d20S0xff0	0x2b72V0x2d20V0xff0	0
0x312dS0x2b6dS0x2d20S0xff0	0x312dV0x2b6dV0x2d20V0xff0	0
0x2b6eS0x2d2dS0xff0	0x2b6eV0x2d2dV0xff0	0
0x2b72S0x2d2dS0xff0	0x2b72V0x2d2dV0xff0	0
0x312dS0x2b6dS0x2d2dS0xff0	0x312dV0x2b6dV0x2d2dV0xff0	0
0x2687S0x2d3aS0xff0	0x2687V0x2d3aV0xff0	0
0x268bS0x2d3aS0xff0	0x268bV0x2d3aV0xff0	0
0x30e5S0x2686S0x2d3aS0xff0	0x30e5V0x2686V0x2d3aV0xff0	0
0x30e7S0x2686S0x2d3aS0xff0	0x30e7V0x2686V0x2d3aV0xff0	0
0x30ebS0x2686S0x2d3aS0xff0	0x30ebV0x2686V0x2d3aV0xff0	0
0x310dS0x2686S0x2d3aS0xff0	0x310dV0x2686V0x2d3aV0xff0	0
0x310fS0x2686S0x2d3aS0xff0	0x310fV0x2686V0x2d3aV0xff0	0
0x3125S0x2686S0x2d3aS0xff0	0x3125V0x2686V0x2d3aV0xff0	0
0x2d53S0x1099	0x2d53V0x1099	0
0x2d55S0x1099	0x2d55V0x1099	0
0x2d58S0x1099	0x2d58V0x1099	0
0x2d5bS0x1099	0x2d5bV0x1099	0
0x2d5eS0x1099	0x2d5eV0x1099	0
0x2d61S0x1099	0x2d61V0x1099	0
0x2d63S0x1099	0x2d63V0x1099	0
0x2d68S0x1099	0x2d68V0x1099	0
0x2d6bS0x1099	0x2d6bV0x1099	0
0x2d6eS0x1099	0x2d6eV0x1099	0
0x2d70S0x1099	0x2d70V0x1099	0
0x2d75S0x1099	0x2d75V0x1099	0
0x2d78S0x1099	0x2d78V0x1099	0
0x2d7bS0x1099	0x2d7bV0x1099	0
0x2d7dS0x1099	0x2d7dV0x1099	0
0x2b7dS0x1099	0x2b7dV0x1099	0
0x2b81S0x1099	0x2b81V0x1099	0
0x2d82S0x1099	0x2d82V0x1099	0
0x2d85S0x1099	0x2d85V0x1099	0
0x2d88S0x1099	0x2d88V0x1099	0
0x2d8aS0x1099	0x2d8aV0x1099	0
0x3137S0x2b7cS0x1099	0x3137V0x2b7cV0x1099	0
0x3139S0x2b7cS0x1099	0x3139V0x2b7cV0x1099	0
0x313cS0x2b7cS0x1099	0x313cV0x2b7cV0x1099	0
0x2703S0x2d52S0x1099	0x2703V0x2d52V0x1099	0
0x2707S0x2d52S0x1099	0x2707V0x2d52V0x1099	0
0x3103S0x2702S0x2d52S0x1099	0x3103V0x2702V0x2d52V0x1099	0
0x2703S0x2d74S0x1099	0x2703V0x2d74V0x1099	0
0x2707S0x2d74S0x1099	0x2707V0x2d74V0x1099	0
0x3103S0x2702S0x2d74S0x1099	0x3103V0x2702V0x2d74V0x1099	0
0x2703S0x2d81S0x1099	0x2703V0x2d81V0x1099	0
0x2707S0x2d81S0x1099	0x2707V0x2d81V0x1099	0
0x3103S0x2702S0x2d81S0x1099	0x3103V0x2702V0x2d81V0x1099	0
0x2f75S0x1206	0x2f75V0x1206	0
0x2f77S0x1206	0x2f77V0x1206	0
0x2f7aS0x1206	0x2f7aV0x1206	0
0x2f7dS0x1206	0x2f7dV0x1206	0
0x2f80S0x1206	0x2f80V0x1206	0
0x2f83S0x1206	0x2f83V0x1206	0
0x2f85S0x1206	0x2f85V0x1206	0
0x2f8aS0x1206	0x2f8aV0x1206	0
0x2f8dS0x1206	0x2f8dV0x1206	0
0x2f90S0x1206	0x2f90V0x1206	0
0x2f92S0x1206	0x2f92V0x1206	0
0x2b6eS0x2f74S0x1206	0x2b6eV0x2f74V0x1206	0
0x2b72S0x2f74S0x1206	0x2b72V0x2f74V0x1206	0
0x312dS0x2b6dS0x2f74S0x1206	0x312dV0x2b6dV0x2f74V0x1206	0
0x2b6eS0x2f89S0x1206	0x2b6eV0x2f89V0x1206	0
0x2b72S0x2f89S0x1206	0x2b72V0x2f89V0x1206	0
0x312dS0x2b6dS0x2f89S0x1206	0x312dV0x2b6dV0x2f89V0x1206	0
0x2f5aS0x12f0	0x2f5aV0x12f0	0
0x2f5cS0x12f0	0x2f5cV0x12f0	0
0x2f5fS0x12f0	0x2f5fV0x12f0	0
0x2f62S0x12f0	0x2f62V0x12f0	0
0x2f65S0x12f0	0x2f65V0x12f0	0
0x2f68S0x12f0	0x2f68V0x12f0	0
0x2f6aS0x12f0	0x2f6aV0x12f0	0
0x2b6eS0x2f59S0x12f0	0x2b6eV0x2f59V0x12f0	0
0x2b72S0x2f59S0x12f0	0x2b72V0x2f59V0x12f0	0
0x312dS0x2b6dS0x2f59S0x12f0	0x312dV0x2b6dV0x2f59V0x12f0	0
0x24f8S0x157b	0x24f8V0x157b	0
0x2512S0x157b	0x2512V0x157b	0
0x24ebS0x157b	0x24ebV0x157b	0
0x24edS0x157b	0x24edV0x157b	0
0x24f1S0x157b	0x24f1V0x157b	0
0x24f2S0x157b	0x24f2V0x157b	0
0x24f3S0x157b	0x24f3V0x157b	0
0x24f4S0x157b	0x24f4V0x157b	0
0x24fdS0x157b	0x24fdV0x157b	0
0x2500S0x157b	0x2500V0x157b	0
0x2501S0x157b	0x2501V0x157b	0
0x2502S0x157b	0x2502V0x157b	0
0x250cS0x157b	0x250cV0x157b	0
0x250dS0x157b	0x250dV0x157b	0
0x250eS0x157b	0x250eV0x157b	0
0x2517S0x157b	0x2517V0x157b	0
0x251dS0x157b	0x251dV0x157b	0
0x251eS0x157b	0x251eV0x157b	0
0x2257S0x2516S0x157b	0x2257V0x2516V0x157b	0
0x2286S0x2516S0x157b	0x2286V0x2516V0x157b	0
0x3055S0x2516S0x157b	0x3055V0x2516V0x157b	0
0x225dS0x2516S0x157b	0x225dV0x2516V0x157b	0
0x225eS0x2516S0x157b	0x225eV0x2516V0x157b	0
0x2261S0x2516S0x157b	0x2261V0x2516V0x157b	0
0x2265S0x2516S0x157b	0x2265V0x2516V0x157b	0
0x2274S0x2516S0x157b	0x2274V0x2516V0x157b	0
0x2277S0x2516S0x157b	0x2277V0x2516V0x157b	0
0x2278S0x2516S0x157b	0x2278V0x2516V0x157b	0
0x227bS0x2516S0x157b	0x227bV0x2516V0x157b	0
0x227fS0x2516S0x157b	0x227fV0x2516V0x157b	0
0x2280S0x2516S0x157b	0x2280V0x2516V0x157b	0
0x2281S0x2516S0x157b	0x2281V0x2516V0x157b	0
0x2282S0x2516S0x157b	0x2282V0x2516V0x157b	0
0x226aS0x2516S0x157b	0x226aV0x2516V0x157b	0
0x3043S0x2516S0x157b	0x3043V0x2516V0x157b	0
0x3045S0x2516S0x157b	0x3045V0x2516V0x157b	0
0x304fS0x2516S0x157b	0x304fV0x2516V0x157b	0
0x3050S0x2516S0x157b	0x3050V0x2516V0x157b	0
0x3051S0x2516S0x157b	0x3051V0x2516V0x157b	0
0x228bS0x2516S0x157b	0x228bV0x2516V0x157b	0
0x2291S0x2516S0x157b	0x2291V0x2516V0x157b	0
0x224bS0x2516S0x157b	0x224bV0x2516V0x157b	0
0x224eS0x2516S0x157b	0x224eV0x2516V0x157b	0
0x2251S0x2516S0x157b	0x2251V0x2516V0x157b	0
0x2252S0x2516S0x157b	0x2252V0x2516V0x157b	0
0x2253S0x2516S0x157b	0x2253V0x2516V0x157b	0
0x305aS0x2516S0x157b	0x305aV0x2516V0x157b	0
0x305cS0x2516S0x157b	0x305cV0x2516V0x157b	0
0x305dS0x2516S0x157b	0x305dV0x2516V0x157b	0
0x3060S0x2516S0x157b	0x3060V0x2516V0x157b	0
0x3061S0x2516S0x157b	0x3061V0x2516V0x157b	0
0x3064S0x2516S0x157b	0x3064V0x2516V0x157b	0
0x3067S0x2516S0x157b	0x3067V0x2516V0x157b	0
0x2fbcS0x2269S0x2516S0x157b	0x2fbcV0x2269V0x2516V0x157b	0
0x2f9eS0x2269S0x2516S0x157b	0x2f9eV0x2269V0x2516V0x157b	0
0x2fa0S0x2269S0x2516S0x157b	0x2fa0V0x2269V0x2516V0x157b	0
0x2fa2S0x2269S0x2516S0x157b	0x2fa2V0x2269V0x2516V0x157b	0
0x2fa7S0x2269S0x2516S0x157b	0x2fa7V0x2269V0x2516V0x157b	0
0x2faaS0x2269S0x2516S0x157b	0x2faaV0x2269V0x2516V0x157b	0
0x2fabS0x2269S0x2516S0x157b	0x2fabV0x2269V0x2516V0x157b	0
0x2fb5S0x2269S0x2516S0x157b	0x2fb5V0x2269V0x2516V0x157b	0
0x2fb6S0x2269S0x2516S0x157b	0x2fb6V0x2269V0x2516V0x157b	0
0x2fb7S0x2269S0x2516S0x157b	0x2fb7V0x2269V0x2516V0x157b	0
0x2fb8S0x2269S0x2516S0x157b	0x2fb8V0x2269V0x2516V0x157b	0
0x2fc2S0x2269S0x2516S0x157b	0x2fc2V0x2269V0x2516V0x157b	0
0x316aS0x228aS0x2516S0x157b	0x316aV0x228aV0x2516V0x157b	0
0x316eS0x228aS0x2516S0x157b	0x316eV0x228aV0x2516V0x157b	0
0x1e200S0x228aS0x2516S0x157b	0x1e200V0x228aV0x2516V0x157b	0
0x3144S0x228aS0x2516S0x157b	0x3144V0x228aV0x2516V0x157b	0
0x1d800S0x228aS0x2516S0x157b	0x1d800V0x228aV0x2516V0x157b	0
0x3164S0x228aS0x2516S0x157b	0x3164V0x228aV0x2516V0x157b	0
0x3165S0x228aS0x2516S0x157b	0x3165V0x228aV0x2516V0x157b	0
0x3166S0x228aS0x2516S0x157b	0x3166V0x228aV0x2516V0x157b	0
0x3161_0x0S0x228aS0x2516S0x157b	0x3161_0x0V0x228aV0x2516V0x157b	0
0x3149S0x228aS0x2516S0x157b	0x3149V0x228aV0x2516V0x157b	0
0x314aS0x228aS0x2516S0x157b	0x314aV0x228aV0x2516V0x157b	0
0x314bS0x228aS0x2516S0x157b	0x314bV0x228aV0x2516V0x157b	0
0x3146_0x0S0x228aS0x2516S0x157b	0x3146_0x0V0x228aV0x2516V0x157b	0
0x3151S0x228aS0x2516S0x157b	0x3151V0x228aV0x2516V0x157b	0
0x3152S0x228aS0x2516S0x157b	0x3152V0x228aV0x2516V0x157b	0
0x3155S0x228aS0x2516S0x157b	0x3155V0x228aV0x2516V0x157b	0
0x3157S0x228aS0x2516S0x157b	0x3157V0x228aV0x2516V0x157b	0
0x315aS0x228aS0x2516S0x157b	0x315aV0x228aV0x2516V0x157b	0
0x315dS0x228aS0x2516S0x157b	0x315dV0x228aV0x2516V0x157b	0
0x314f_0x0S0x228aS0x2516S0x157b	0x314f_0x0V0x228aV0x2516V0x157b	0
0x2cadS0x15b3	0x2cadV0x15b3	0
0x2cafS0x15b3	0x2cafV0x15b3	0
0x2cb2S0x15b3	0x2cb2V0x15b3	0
0x2cb5S0x15b3	0x2cb5V0x15b3	0
0x2cb8S0x15b3	0x2cb8V0x15b3	0
0x2cbbS0x15b3	0x2cbbV0x15b3	0
0x2cbdS0x15b3	0x2cbdV0x15b3	0
0x2cc2S0x15b3	0x2cc2V0x15b3	0
0x2cc5S0x15b3	0x2cc5V0x15b3	0
0x2cc8S0x15b3	0x2cc8V0x15b3	0
0x2ccaS0x15b3	0x2ccaV0x15b3	0
0x2ccfS0x15b3	0x2ccfV0x15b3	0
0x2cd2S0x15b3	0x2cd2V0x15b3	0
0x2cd5S0x15b3	0x2cd5V0x15b3	0
0x2cd7S0x15b3	0x2cd7V0x15b3	0
0x2cdcS0x15b3	0x2cdcV0x15b3	0
0x2cdfS0x15b3	0x2cdfV0x15b3	0
0x2ce2S0x15b3	0x2ce2V0x15b3	0
0x2ce4S0x15b3	0x2ce4V0x15b3	0
0x2703S0x2cacS0x15b3	0x2703V0x2cacV0x15b3	0
0x2707S0x2cacS0x15b3	0x2707V0x2cacV0x15b3	0
0x3103S0x2702S0x2cacS0x15b3	0x3103V0x2702V0x2cacV0x15b3	0
0x2703S0x2cc1S0x15b3	0x2703V0x2cc1V0x15b3	0
0x2707S0x2cc1S0x15b3	0x2707V0x2cc1V0x15b3	0
0x3103S0x2702S0x2cc1S0x15b3	0x3103V0x2702V0x2cc1V0x15b3	0
0x2b6eS0x2cceS0x15b3	0x2b6eV0x2cceV0x15b3	0
0x2b72S0x2cceS0x15b3	0x2b72V0x2cceV0x15b3	0
0x312dS0x2b6dS0x2cceS0x15b3	0x312dV0x2b6dV0x2cceV0x15b3	0
0x2687S0x2cdbS0x15b3	0x2687V0x2cdbV0x15b3	0
0x268bS0x2cdbS0x15b3	0x268bV0x2cdbV0x15b3	0
0x30e5S0x2686S0x2cdbS0x15b3	0x30e5V0x2686V0x2cdbV0x15b3	0
0x30e7S0x2686S0x2cdbS0x15b3	0x30e7V0x2686V0x2cdbV0x15b3	0
0x30ebS0x2686S0x2cdbS0x15b3	0x30ebV0x2686V0x2cdbV0x15b3	0
0x310dS0x2686S0x2cdbS0x15b3	0x310dV0x2686V0x2cdbV0x15b3	0
0x310fS0x2686S0x2cdbS0x15b3	0x310fV0x2686V0x2cdbV0x15b3	0
0x3125S0x2686S0x2cdbS0x15b3	0x3125V0x2686V0x2cdbV0x15b3	0
0x2539S0x17d3	0x2539V0x17d3	0
0x252cS0x17d3	0x252cV0x17d3	0
0x252eS0x17d3	0x252eV0x17d3	0
0x2532S0x17d3	0x2532V0x17d3	0
0x2533S0x17d3	0x2533V0x17d3	0
0x2534S0x17d3	0x2534V0x17d3	0
0x2535S0x17d3	0x2535V0x17d3	0
0x253eS0x17d3	0x253eV0x17d3	0
0x2540S0x17d3	0x2540V0x17d3	0
0x2546S0x17d3	0x2546V0x17d3	0
0x2547S0x17d3	0x2547V0x17d3	0
0x2328S0x253dS0x17d3	0x2328V0x253dV0x17d3	0
0x232bS0x253dS0x17d3	0x232bV0x253dV0x17d3	0
0x232eS0x253dS0x17d3	0x232eV0x253dV0x17d3	0
0x2332S0x253dS0x17d3	0x2332V0x253dV0x17d3	0
0x31e6S0x2327B0x253dS0x17d3	0x31e6V0x2327B0x253dV0x17d3	0
0x31e1S0x2327B0x253dS0x17d3	0x31e1V0x2327B0x253dV0x17d3	0
0x31e2S0x2327B0x253dS0x17d3	0x31e2V0x2327B0x253dV0x17d3	0
0x31d7S0x2327B0x253dS0x17d3	0x31d7V0x2327B0x253dV0x17d3	0
0x31dbS0x2327B0x253dS0x17d3	0x31dbV0x2327B0x253dV0x17d3	0
0x312dS0x31d6S0x2327B0x253dS0x17d3	0x312dV0x31d6V0x2327B0x253dV0x17d3	0
0x2c92S0x1839	0x2c92V0x1839	0
0x2c94S0x1839	0x2c94V0x1839	0
0x2c97S0x1839	0x2c97V0x1839	0
0x2c9aS0x1839	0x2c9aV0x1839	0
0x2c9dS0x1839	0x2c9dV0x1839	0
0x2ca0S0x1839	0x2ca0V0x1839	0
0x2ca2S0x1839	0x2ca2V0x1839	0
0x2703S0x2c91S0x1839	0x2703V0x2c91V0x1839	0
0x2707S0x2c91S0x1839	0x2707V0x2c91V0x1839	0
0x3103S0x2702S0x2c91S0x1839	0x3103V0x2702V0x2c91V0x1839	0
0x2539S0x18e2	0x2539V0x18e2	0
0x252cS0x18e2	0x252cV0x18e2	0
0x252eS0x18e2	0x252eV0x18e2	0
0x2532S0x18e2	0x2532V0x18e2	0
0x2533S0x18e2	0x2533V0x18e2	0
0x2534S0x18e2	0x2534V0x18e2	0
0x2535S0x18e2	0x2535V0x18e2	0
0x253eS0x18e2	0x253eV0x18e2	0
0x2540S0x18e2	0x2540V0x18e2	0
0x2546S0x18e2	0x2546V0x18e2	0
0x2547S0x18e2	0x2547V0x18e2	0
0x2328S0x253dS0x18e2	0x2328V0x253dV0x18e2	0
0x232bS0x253dS0x18e2	0x232bV0x253dV0x18e2	0
0x232eS0x253dS0x18e2	0x232eV0x253dV0x18e2	0
0x2332S0x253dS0x18e2	0x2332V0x253dV0x18e2	0
0x31e6S0x2327B0x253dS0x18e2	0x31e6V0x2327B0x253dV0x18e2	0
0x31e1S0x2327B0x253dS0x18e2	0x31e1V0x2327B0x253dV0x18e2	0
0x31e2S0x2327B0x253dS0x18e2	0x31e2V0x2327B0x253dV0x18e2	0
0x31d7S0x2327B0x253dS0x18e2	0x31d7V0x2327B0x253dV0x18e2	0
0x31dbS0x2327B0x253dS0x18e2	0x31dbV0x2327B0x253dV0x18e2	0
0x312dS0x31d6S0x2327B0x253dS0x18e2	0x312dV0x31d6V0x2327B0x253dV0x18e2	0
0x2f5aS0x19c9	0x2f5aV0x19c9	0
0x2f5cS0x19c9	0x2f5cV0x19c9	0
0x2f5fS0x19c9	0x2f5fV0x19c9	0
0x2f62S0x19c9	0x2f62V0x19c9	0
0x2f65S0x19c9	0x2f65V0x19c9	0
0x2f68S0x19c9	0x2f68V0x19c9	0
0x2f6aS0x19c9	0x2f6aV0x19c9	0
0x2b6eS0x2f59S0x19c9	0x2b6eV0x2f59V0x19c9	0
0x2b72S0x2f59S0x19c9	0x2b72V0x2f59V0x19c9	0
0x312dS0x2b6dS0x2f59S0x19c9	0x312dV0x2b6dV0x2f59V0x19c9	0
0x2f75S0xb670x39b	0x2f75V0xb670x39b	0
0x2f77S0xb670x39b	0x2f77V0xb670x39b	0
0x2f7aS0xb670x39b	0x2f7aV0xb670x39b	0
0x2f7dS0xb670x39b	0x2f7dV0xb670x39b	0
0x2f80S0xb670x39b	0x2f80V0xb670x39b	0
0x2f83S0xb670x39b	0x2f83V0xb670x39b	0
0x2f85S0xb670x39b	0x2f85V0xb670x39b	0
0x2f8aS0xb670x39b	0x2f8aV0xb670x39b	0
0x2f8dS0xb670x39b	0x2f8dV0xb670x39b	0
0x2f90S0xb670x39b	0x2f90V0xb670x39b	0
0x2f92S0xb670x39b	0x2f92V0xb670x39b	0
0x2b6eS0x2f74S0xb670x39b	0x2b6eV0x2f74V0xb670x39b	0
0x2b72S0x2f74S0xb670x39b	0x2b72V0x2f74V0xb670x39b	0
0x312dS0x2b6dS0x2f74S0xb670x39b	0x312dV0x2b6dV0x2f74V0xb670x39b	0
0x2b6eS0x2f89S0xb670x39b	0x2b6eV0x2f89V0xb670x39b	0
0x2b72S0x2f89S0xb670x39b	0x2b72V0x2f89V0xb670x39b	0
0x312dS0x2b6dS0x2f89S0xb670x39b	0x312dV0x2b6dV0x2f89V0xb670x39b	0
0x2f75S0x1bbf0x470	0x2f75V0x1bbf0x470	0
0x2f77S0x1bbf0x470	0x2f77V0x1bbf0x470	0
0x2f7aS0x1bbf0x470	0x2f7aV0x1bbf0x470	0
0x2f7dS0x1bbf0x470	0x2f7dV0x1bbf0x470	0
0x2f80S0x1bbf0x470	0x2f80V0x1bbf0x470	0
0x2f83S0x1bbf0x470	0x2f83V0x1bbf0x470	0
0x2f85S0x1bbf0x470	0x2f85V0x1bbf0x470	0
0x2f8aS0x1bbf0x470	0x2f8aV0x1bbf0x470	0
0x2f8dS0x1bbf0x470	0x2f8dV0x1bbf0x470	0
0x2f90S0x1bbf0x470	0x2f90V0x1bbf0x470	0
0x2f92S0x1bbf0x470	0x2f92V0x1bbf0x470	0
0x2b6eS0x2f74S0x1bbf0x470	0x2b6eV0x2f74V0x1bbf0x470	0
0x2b72S0x2f74S0x1bbf0x470	0x2b72V0x2f74V0x1bbf0x470	0
0x312dS0x2b6dS0x2f74S0x1bbf0x470	0x312dV0x2b6dV0x2f74V0x1bbf0x470	0
0x2b6eS0x2f89S0x1bbf0x470	0x2b6eV0x2f89V0x1bbf0x470	0
0x2b72S0x2f89S0x1bbf0x470	0x2b72V0x2f89V0x1bbf0x470	0
0x312dS0x2b6dS0x2f89S0x1bbf0x470	0x312dV0x2b6dV0x2f89V0x1bbf0x470	0
0x235fS0x171	0x235fV0x171	0
0x2352S0x171	0x2352V0x171	0
0x2354S0x171	0x2354V0x171	0
0x2358S0x171	0x2358V0x171	0
0x2359S0x171	0x2359V0x171	0
0x235aS0x171	0x235aV0x171	0
0x235bS0x171	0x235bV0x171	0
0x2364S0x171	0x2364V0x171	0
0x2366S0x171	0x2366V0x171	0
0x236cS0x171	0x236cV0x171	0
0x236dS0x171	0x236dV0x171	0
0x2083S0x2363S0x171	0x2083V0x2363V0x171	0
0x2086S0x2363S0x171	0x2086V0x2363V0x171	0
0x2089S0x2363S0x171	0x2089V0x2363V0x171	0
0x208dS0x2363S0x171	0x208dV0x2363V0x171	0
0x31a1S0x2082S0x2363S0x171	0x31a1V0x2082V0x2363V0x171	0
0x3192S0x2082S0x2363S0x171	0x3192V0x2082V0x2363V0x171	0
0x3196S0x2082S0x2363S0x171	0x3196V0x2082V0x2363V0x171	0
0x319cS0x2082S0x2363S0x171	0x319cV0x2082V0x2363V0x171	0
0x319dS0x2082S0x2363S0x171	0x319dV0x2082V0x2363V0x171	0
0x30e5S0x3191S0x2082S0x2363S0x171	0x30e5V0x3191V0x2082V0x2363V0x171	0
0x30e7S0x3191S0x2082S0x2363S0x171	0x30e7V0x3191V0x2082V0x2363V0x171	0
0x30ebS0x3191S0x2082S0x2363S0x171	0x30ebV0x3191V0x2082V0x2363V0x171	0
0x310dS0x3191S0x2082S0x2363S0x171	0x310dV0x3191V0x2082V0x2363V0x171	0
0x310fS0x3191S0x2082S0x2363S0x171	0x310fV0x3191V0x2082V0x2363V0x171	0
0x3125S0x3191S0x2082S0x2363S0x171	0x3125V0x3191V0x2082V0x2363V0x171	0
0x25a1S0x241	0x25a1V0x241	0
0x2591S0x241	0x2591V0x241	0
0x2594S0x241	0x2594V0x241	0
0x2596S0x241	0x2596V0x241	0
0x259aS0x241	0x259aV0x241	0
0x259bS0x241	0x259bV0x241	0
0x259cS0x241	0x259cV0x241	0
0x259dS0x241	0x259dV0x241	0
0x25a6S0x241	0x25a6V0x241	0
0x25a8S0x241	0x25a8V0x241	0
0x25aeS0x241	0x25aeV0x241	0
0x25afS0x241	0x25afV0x241	0
0x25b7S0x241	0x25b7V0x241	0
0x25b9S0x241	0x25b9V0x241	0
0x25bfS0x241	0x25bfV0x241	0
0x25c0S0x241	0x25c0V0x241	0
0x25c8S0x241	0x25c8V0x241	0
0x25caS0x241	0x25caV0x241	0
0x25d0S0x241	0x25d0V0x241	0
0x25d1S0x241	0x25d1V0x241	0
0x2313S0x25a5S0x241	0x2313V0x25a5V0x241	0
0x2316S0x25a5S0x241	0x2316V0x25a5V0x241	0
0x2319S0x25a5S0x241	0x2319V0x25a5V0x241	0
0x231dS0x25a5S0x241	0x231dV0x25a5V0x241	0
0x2313S0x25c4S0x241	0x2313V0x25c4V0x241	0
0x2316S0x25c4S0x241	0x2316V0x25c4V0x241	0
0x2319S0x25c4S0x241	0x2319V0x25c4V0x241	0
0x231dS0x25c4S0x241	0x231dV0x25c4V0x241	0
0x31e6S0x2312B0x25a5S0x241	0x31e6V0x2312B0x25a5V0x241	0
0x31e1S0x2312B0x25a5S0x241	0x31e1V0x2312B0x25a5V0x241	0
0x31e2S0x2312B0x25a5S0x241	0x31e2V0x2312B0x25a5V0x241	0
0x31d7S0x2312B0x25a5S0x241	0x31d7V0x2312B0x25a5V0x241	0
0x31dbS0x2312B0x25a5S0x241	0x31dbV0x2312B0x25a5V0x241	0
0x312dS0x31d6S0x2312B0x25a5S0x241	0x312dV0x31d6V0x2312B0x25a5V0x241	0
0x31e6S0x2312B0x25c4S0x241	0x31e6V0x2312B0x25c4V0x241	0
0x31e1S0x2312B0x25c4S0x241	0x31e1V0x2312B0x25c4V0x241	0
0x31e2S0x2312B0x25c4S0x241	0x31e2V0x2312B0x25c4V0x241	0
0x31d7S0x2312B0x25c4S0x241	0x31d7V0x2312B0x25c4V0x241	0
0x31dbS0x2312B0x25c4S0x241	0x31dbV0x2312B0x25c4V0x241	0
0x312dS0x31d6S0x2312B0x25c4S0x241	0x312dV0x31d6V0x2312B0x25c4V0x241	0
0x2083S0x25b3S0x241	0x2083V0x25b3V0x241	0
0x2086S0x25b3S0x241	0x2086V0x25b3V0x241	0
0x2089S0x25b3S0x241	0x2089V0x25b3V0x241	0
0x208dS0x25b3S0x241	0x208dV0x25b3V0x241	0
0x31a1S0x2082S0x25b3S0x241	0x31a1V0x2082V0x25b3V0x241	0
0x3192S0x2082S0x25b3S0x241	0x3192V0x2082V0x25b3V0x241	0
0x3196S0x2082S0x25b3S0x241	0x3196V0x2082V0x25b3V0x241	0
0x319cS0x2082S0x25b3S0x241	0x319cV0x2082V0x25b3V0x241	0
0x319dS0x2082S0x25b3S0x241	0x319dV0x2082V0x25b3V0x241	0
0x30e5S0x3191S0x2082S0x25b3S0x241	0x30e5V0x3191V0x2082V0x25b3V0x241	0
0x30e7S0x3191S0x2082S0x25b3S0x241	0x30e7V0x3191V0x2082V0x25b3V0x241	0
0x30ebS0x3191S0x2082S0x25b3S0x241	0x30ebV0x3191V0x2082V0x25b3V0x241	0
0x310dS0x3191S0x2082S0x25b3S0x241	0x310dV0x3191V0x2082V0x25b3V0x241	0
0x310fS0x3191S0x2082S0x25b3S0x241	0x310fV0x3191V0x2082V0x25b3V0x241	0
0x3125S0x3191S0x2082S0x25b3S0x241	0x3125V0x3191V0x2082V0x25b3V0x241	0
0x2389S0x2d9	0x2389V0x2d9	0
0x237bS0x2d9	0x237bV0x2d9	0
0x237eS0x2d9	0x237eV0x2d9	0
0x2382S0x2d9	0x2382V0x2d9	0
0x2383S0x2d9	0x2383V0x2d9	0
0x2384S0x2d9	0x2384V0x2d9	0
0x2385S0x2d9	0x2385V0x2d9	0
0x238eS0x2d9	0x238eV0x2d9	0
0x2390S0x2d9	0x2390V0x2d9	0
0x2396S0x2d9	0x2396V0x2d9	0
0x2397S0x2d9	0x2397V0x2d9	0
0x239fS0x2d9	0x239fV0x2d9	0
0x23a1S0x2d9	0x23a1V0x2d9	0
0x23a7S0x2d9	0x23a7V0x2d9	0
0x23a8S0x2d9	0x23a8V0x2d9	0
0x2083S0x238dS0x2d9	0x2083V0x238dV0x2d9	0
0x2086S0x238dS0x2d9	0x2086V0x238dV0x2d9	0
0x2089S0x238dS0x2d9	0x2089V0x238dV0x2d9	0
0x208dS0x238dS0x2d9	0x208dV0x238dV0x2d9	0
0x31a1S0x2082S0x238dS0x2d9	0x31a1V0x2082V0x238dV0x2d9	0
0x3192S0x2082S0x238dS0x2d9	0x3192V0x2082V0x238dV0x2d9	0
0x3196S0x2082S0x238dS0x2d9	0x3196V0x2082V0x238dV0x2d9	0
0x319cS0x2082S0x238dS0x2d9	0x319cV0x2082V0x238dV0x2d9	0
0x319dS0x2082S0x238dS0x2d9	0x319dV0x2082V0x238dV0x2d9	0
0x30e5S0x3191S0x2082S0x238dS0x2d9	0x30e5V0x3191V0x2082V0x238dV0x2d9	0
0x30e7S0x3191S0x2082S0x238dS0x2d9	0x30e7V0x3191V0x2082V0x238dV0x2d9	0
0x30ebS0x3191S0x2082S0x238dS0x2d9	0x30ebV0x3191V0x2082V0x238dV0x2d9	0
0x310dS0x3191S0x2082S0x238dS0x2d9	0x310dV0x3191V0x2082V0x238dV0x2d9	0
0x310fS0x3191S0x2082S0x238dS0x2d9	0x310fV0x3191V0x2082V0x238dV0x2d9	0
0x3125S0x3191S0x2082S0x238dS0x2d9	0x3125V0x3191V0x2082V0x238dV0x2d9	0
0x2083S0x239bS0x2d9	0x2083V0x239bV0x2d9	0
0x2086S0x239bS0x2d9	0x2086V0x239bV0x2d9	0
0x2089S0x239bS0x2d9	0x2089V0x239bV0x2d9	0
0x208dS0x239bS0x2d9	0x208dV0x239bV0x2d9	0
0x31a1S0x2082S0x239bS0x2d9	0x31a1V0x2082V0x239bV0x2d9	0
0x3192S0x2082S0x239bS0x2d9	0x3192V0x2082V0x239bV0x2d9	0
0x3196S0x2082S0x239bS0x2d9	0x3196V0x2082V0x239bV0x2d9	0
0x319cS0x2082S0x239bS0x2d9	0x319cV0x2082V0x239bV0x2d9	0
0x319dS0x2082S0x239bS0x2d9	0x319dV0x2082V0x239bV0x2d9	0
0x30e5S0x3191S0x2082S0x239bS0x2d9	0x30e5V0x3191V0x2082V0x239bV0x2d9	0
0x30e7S0x3191S0x2082S0x239bS0x2d9	0x30e7V0x3191V0x2082V0x239bV0x2d9	0
0x30ebS0x3191S0x2082S0x239bS0x2d9	0x30ebV0x3191V0x2082V0x239bV0x2d9	0
0x310dS0x3191S0x2082S0x239bS0x2d9	0x310dV0x3191V0x2082V0x239bV0x2d9	0
0x310fS0x3191S0x2082S0x239bS0x2d9	0x310fV0x3191V0x2082V0x239bV0x2d9	0
0x3125S0x3191S0x2082S0x239bS0x2d9	0x3125V0x3191V0x2082V0x239bV0x2d9	0
0x23c5S0x32d	0x23c5V0x32d	0
0x23b7S0x32d	0x23b7V0x32d	0
0x23baS0x32d	0x23baV0x32d	0
0x23beS0x32d	0x23beV0x32d	0
0x23bfS0x32d	0x23bfV0x32d	0
0x23c0S0x32d	0x23c0V0x32d	0
0x23c1S0x32d	0x23c1V0x32d	0
0x23caS0x32d	0x23caV0x32d	0
0x23ccS0x32d	0x23ccV0x32d	0
0x23d2S0x32d	0x23d2V0x32d	0
0x23d3S0x32d	0x23d3V0x32d	0
0x23dbS0x32d	0x23dbV0x32d	0
0x23ddS0x32d	0x23ddV0x32d	0
0x23e3S0x32d	0x23e3V0x32d	0
0x23e4S0x32d	0x23e4V0x32d	0
0x2313S0x23d7S0x32d	0x2313V0x23d7V0x32d	0
0x2316S0x23d7S0x32d	0x2316V0x23d7V0x32d	0
0x2319S0x23d7S0x32d	0x2319V0x23d7V0x32d	0
0x231dS0x23d7S0x32d	0x231dV0x23d7V0x32d	0
0x31e6S0x2312B0x23d7S0x32d	0x31e6V0x2312B0x23d7V0x32d	0
0x31e1S0x2312B0x23d7S0x32d	0x31e1V0x2312B0x23d7V0x32d	0
0x31e2S0x2312B0x23d7S0x32d	0x31e2V0x2312B0x23d7V0x32d	0
0x31d7S0x2312B0x23d7S0x32d	0x31d7V0x2312B0x23d7V0x32d	0
0x31dbS0x2312B0x23d7S0x32d	0x31dbV0x2312B0x23d7V0x32d	0
0x312dS0x31d6S0x2312B0x23d7S0x32d	0x312dV0x31d6V0x2312B0x23d7V0x32d	0
0x2083S0x23c9S0x32d	0x2083V0x23c9V0x32d	0
0x2086S0x23c9S0x32d	0x2086V0x23c9V0x32d	0
0x2089S0x23c9S0x32d	0x2089V0x23c9V0x32d	0
0x208dS0x23c9S0x32d	0x208dV0x23c9V0x32d	0
0x31a1S0x2082S0x23c9S0x32d	0x31a1V0x2082V0x23c9V0x32d	0
0x3192S0x2082S0x23c9S0x32d	0x3192V0x2082V0x23c9V0x32d	0
0x3196S0x2082S0x23c9S0x32d	0x3196V0x2082V0x23c9V0x32d	0
0x319cS0x2082S0x23c9S0x32d	0x319cV0x2082V0x23c9V0x32d	0
0x319dS0x2082S0x23c9S0x32d	0x319dV0x2082V0x23c9V0x32d	0
0x30e5S0x3191S0x2082S0x23c9S0x32d	0x30e5V0x3191V0x2082V0x23c9V0x32d	0
0x30e7S0x3191S0x2082S0x23c9S0x32d	0x30e7V0x3191V0x2082V0x23c9V0x32d	0
0x30ebS0x3191S0x2082S0x23c9S0x32d	0x30ebV0x3191V0x2082V0x23c9V0x32d	0
0x310dS0x3191S0x2082S0x23c9S0x32d	0x310dV0x3191V0x2082V0x23c9V0x32d	0
0x310fS0x3191S0x2082S0x23c9S0x32d	0x310fV0x3191V0x2082V0x23c9V0x32d	0
0x3125S0x3191S0x2082S0x23c9S0x32d	0x3125V0x3191V0x2082V0x23c9V0x32d	0
0x25a1S0x36a	0x25a1V0x36a	0
0x2591S0x36a	0x2591V0x36a	0
0x2594S0x36a	0x2594V0x36a	0
0x2596S0x36a	0x2596V0x36a	0
0x259aS0x36a	0x259aV0x36a	0
0x259bS0x36a	0x259bV0x36a	0
0x259cS0x36a	0x259cV0x36a	0
0x259dS0x36a	0x259dV0x36a	0
0x25a6S0x36a	0x25a6V0x36a	0
0x25a8S0x36a	0x25a8V0x36a	0
0x25aeS0x36a	0x25aeV0x36a	0
0x25afS0x36a	0x25afV0x36a	0
0x25b7S0x36a	0x25b7V0x36a	0
0x25b9S0x36a	0x25b9V0x36a	0
0x25bfS0x36a	0x25bfV0x36a	0
0x25c0S0x36a	0x25c0V0x36a	0
0x25c8S0x36a	0x25c8V0x36a	0
0x25caS0x36a	0x25caV0x36a	0
0x25d0S0x36a	0x25d0V0x36a	0
0x25d1S0x36a	0x25d1V0x36a	0
0x2313S0x25a5S0x36a	0x2313V0x25a5V0x36a	0
0x2316S0x25a5S0x36a	0x2316V0x25a5V0x36a	0
0x2319S0x25a5S0x36a	0x2319V0x25a5V0x36a	0
0x231dS0x25a5S0x36a	0x231dV0x25a5V0x36a	0
0x2313S0x25c4S0x36a	0x2313V0x25c4V0x36a	0
0x2316S0x25c4S0x36a	0x2316V0x25c4V0x36a	0
0x2319S0x25c4S0x36a	0x2319V0x25c4V0x36a	0
0x231dS0x25c4S0x36a	0x231dV0x25c4V0x36a	0
0x31e6S0x2312B0x25a5S0x36a	0x31e6V0x2312B0x25a5V0x36a	0
0x31e1S0x2312B0x25a5S0x36a	0x31e1V0x2312B0x25a5V0x36a	0
0x31e2S0x2312B0x25a5S0x36a	0x31e2V0x2312B0x25a5V0x36a	0
0x31d7S0x2312B0x25a5S0x36a	0x31d7V0x2312B0x25a5V0x36a	0
0x31dbS0x2312B0x25a5S0x36a	0x31dbV0x2312B0x25a5V0x36a	0
0x312dS0x31d6S0x2312B0x25a5S0x36a	0x312dV0x31d6V0x2312B0x25a5V0x36a	0
0x31e6S0x2312B0x25c4S0x36a	0x31e6V0x2312B0x25c4V0x36a	0
0x31e1S0x2312B0x25c4S0x36a	0x31e1V0x2312B0x25c4V0x36a	0
0x31e2S0x2312B0x25c4S0x36a	0x31e2V0x2312B0x25c4V0x36a	0
0x31d7S0x2312B0x25c4S0x36a	0x31d7V0x2312B0x25c4V0x36a	0
0x31dbS0x2312B0x25c4S0x36a	0x31dbV0x2312B0x25c4V0x36a	0
0x312dS0x31d6S0x2312B0x25c4S0x36a	0x312dV0x31d6V0x2312B0x25c4V0x36a	0
0x2083S0x25b3S0x36a	0x2083V0x25b3V0x36a	0
0x2086S0x25b3S0x36a	0x2086V0x25b3V0x36a	0
0x2089S0x25b3S0x36a	0x2089V0x25b3V0x36a	0
0x208dS0x25b3S0x36a	0x208dV0x25b3V0x36a	0
0x31a1S0x2082S0x25b3S0x36a	0x31a1V0x2082V0x25b3V0x36a	0
0x3192S0x2082S0x25b3S0x36a	0x3192V0x2082V0x25b3V0x36a	0
0x3196S0x2082S0x25b3S0x36a	0x3196V0x2082V0x25b3V0x36a	0
0x319cS0x2082S0x25b3S0x36a	0x319cV0x2082V0x25b3V0x36a	0
0x319dS0x2082S0x25b3S0x36a	0x319dV0x2082V0x25b3V0x36a	0
0x30e5S0x3191S0x2082S0x25b3S0x36a	0x30e5V0x3191V0x2082V0x25b3V0x36a	0
0x30e7S0x3191S0x2082S0x25b3S0x36a	0x30e7V0x3191V0x2082V0x25b3V0x36a	0
0x30ebS0x3191S0x2082S0x25b3S0x36a	0x30ebV0x3191V0x2082V0x25b3V0x36a	0
0x310dS0x3191S0x2082S0x25b3S0x36a	0x310dV0x3191V0x2082V0x25b3V0x36a	0
0x310fS0x3191S0x2082S0x25b3S0x36a	0x310fV0x3191V0x2082V0x25b3V0x36a	0
0x3125S0x3191S0x2082S0x25b3S0x36a	0x3125V0x3191V0x2082V0x25b3V0x36a	0
0x23c5S0x3a7	0x23c5V0x3a7	0
0x23b7S0x3a7	0x23b7V0x3a7	0
0x23baS0x3a7	0x23baV0x3a7	0
0x23beS0x3a7	0x23beV0x3a7	0
0x23bfS0x3a7	0x23bfV0x3a7	0
0x23c0S0x3a7	0x23c0V0x3a7	0
0x23c1S0x3a7	0x23c1V0x3a7	0
0x23caS0x3a7	0x23caV0x3a7	0
0x23ccS0x3a7	0x23ccV0x3a7	0
0x23d2S0x3a7	0x23d2V0x3a7	0
0x23d3S0x3a7	0x23d3V0x3a7	0
0x23dbS0x3a7	0x23dbV0x3a7	0
0x23ddS0x3a7	0x23ddV0x3a7	0
0x23e3S0x3a7	0x23e3V0x3a7	0
0x23e4S0x3a7	0x23e4V0x3a7	0
0x2313S0x23d7S0x3a7	0x2313V0x23d7V0x3a7	0
0x2316S0x23d7S0x3a7	0x2316V0x23d7V0x3a7	0
0x2319S0x23d7S0x3a7	0x2319V0x23d7V0x3a7	0
0x231dS0x23d7S0x3a7	0x231dV0x23d7V0x3a7	0
0x31e6S0x2312B0x23d7S0x3a7	0x31e6V0x2312B0x23d7V0x3a7	0
0x31e1S0x2312B0x23d7S0x3a7	0x31e1V0x2312B0x23d7V0x3a7	0
0x31e2S0x2312B0x23d7S0x3a7	0x31e2V0x2312B0x23d7V0x3a7	0
0x31d7S0x2312B0x23d7S0x3a7	0x31d7V0x2312B0x23d7V0x3a7	0
0x31dbS0x2312B0x23d7S0x3a7	0x31dbV0x2312B0x23d7V0x3a7	0
0x312dS0x31d6S0x2312B0x23d7S0x3a7	0x312dV0x31d6V0x2312B0x23d7V0x3a7	0
0x2083S0x23c9S0x3a7	0x2083V0x23c9V0x3a7	0
0x2086S0x23c9S0x3a7	0x2086V0x23c9V0x3a7	0
0x2089S0x23c9S0x3a7	0x2089V0x23c9V0x3a7	0
0x208dS0x23c9S0x3a7	0x208dV0x23c9V0x3a7	0
0x31a1S0x2082S0x23c9S0x3a7	0x31a1V0x2082V0x23c9V0x3a7	0
0x3192S0x2082S0x23c9S0x3a7	0x3192V0x2082V0x23c9V0x3a7	0
0x3196S0x2082S0x23c9S0x3a7	0x3196V0x2082V0x23c9V0x3a7	0
0x319cS0x2082S0x23c9S0x3a7	0x319cV0x2082V0x23c9V0x3a7	0
0x319dS0x2082S0x23c9S0x3a7	0x319dV0x2082V0x23c9V0x3a7	0
0x30e5S0x3191S0x2082S0x23c9S0x3a7	0x30e5V0x3191V0x2082V0x23c9V0x3a7	0
0x30e7S0x3191S0x2082S0x23c9S0x3a7	0x30e7V0x3191V0x2082V0x23c9V0x3a7	0
0x30ebS0x3191S0x2082S0x23c9S0x3a7	0x30ebV0x3191V0x2082V0x23c9V0x3a7	0
0x310dS0x3191S0x2082S0x23c9S0x3a7	0x310dV0x3191V0x2082V0x23c9V0x3a7	0
0x310fS0x3191S0x2082S0x23c9S0x3a7	0x310fV0x3191V0x2082V0x23c9V0x3a7	0
0x3125S0x3191S0x2082S0x23c9S0x3a7	0x3125V0x3191V0x2082V0x23c9V0x3a7	0
0x2389S0x498	0x2389V0x498	0
0x237bS0x498	0x237bV0x498	0
0x237eS0x498	0x237eV0x498	0
0x2382S0x498	0x2382V0x498	0
0x2383S0x498	0x2383V0x498	0
0x2384S0x498	0x2384V0x498	0
0x2385S0x498	0x2385V0x498	0
0x238eS0x498	0x238eV0x498	0
0x2390S0x498	0x2390V0x498	0
0x2396S0x498	0x2396V0x498	0
0x2397S0x498	0x2397V0x498	0
0x239fS0x498	0x239fV0x498	0
0x23a1S0x498	0x23a1V0x498	0
0x23a7S0x498	0x23a7V0x498	0
0x23a8S0x498	0x23a8V0x498	0
0x2083S0x238dS0x498	0x2083V0x238dV0x498	0
0x2086S0x238dS0x498	0x2086V0x238dV0x498	0
0x2089S0x238dS0x498	0x2089V0x238dV0x498	0
0x208dS0x238dS0x498	0x208dV0x238dV0x498	0
0x31a1S0x2082S0x238dS0x498	0x31a1V0x2082V0x238dV0x498	0
0x3192S0x2082S0x238dS0x498	0x3192V0x2082V0x238dV0x498	0
0x3196S0x2082S0x238dS0x498	0x3196V0x2082V0x238dV0x498	0
0x319cS0x2082S0x238dS0x498	0x319cV0x2082V0x238dV0x498	0
0x319dS0x2082S0x238dS0x498	0x319dV0x2082V0x238dV0x498	0
0x30e5S0x3191S0x2082S0x238dS0x498	0x30e5V0x3191V0x2082V0x238dV0x498	0
0x30e7S0x3191S0x2082S0x238dS0x498	0x30e7V0x3191V0x2082V0x238dV0x498	0
0x30ebS0x3191S0x2082S0x238dS0x498	0x30ebV0x3191V0x2082V0x238dV0x498	0
0x310dS0x3191S0x2082S0x238dS0x498	0x310dV0x3191V0x2082V0x238dV0x498	0
0x310fS0x3191S0x2082S0x238dS0x498	0x310fV0x3191V0x2082V0x238dV0x498	0
0x3125S0x3191S0x2082S0x238dS0x498	0x3125V0x3191V0x2082V0x238dV0x498	0
0x2083S0x239bS0x498	0x2083V0x239bV0x498	0
0x2086S0x239bS0x498	0x2086V0x239bV0x498	0
0x2089S0x239bS0x498	0x2089V0x239bV0x498	0
0x208dS0x239bS0x498	0x208dV0x239bV0x498	0
0x31a1S0x2082S0x239bS0x498	0x31a1V0x2082V0x239bV0x498	0
0x3192S0x2082S0x239bS0x498	0x3192V0x2082V0x239bV0x498	0
0x3196S0x2082S0x239bS0x498	0x3196V0x2082V0x239bV0x498	0
0x319cS0x2082S0x239bS0x498	0x319cV0x2082V0x239bV0x498	0
0x319dS0x2082S0x239bS0x498	0x319dV0x2082V0x239bV0x498	0
0x30e5S0x3191S0x2082S0x239bS0x498	0x30e5V0x3191V0x2082V0x239bV0x498	0
0x30e7S0x3191S0x2082S0x239bS0x498	0x30e7V0x3191V0x2082V0x239bV0x498	0
0x30ebS0x3191S0x2082S0x239bS0x498	0x30ebV0x3191V0x2082V0x239bV0x498	0
0x310dS0x3191S0x2082S0x239bS0x498	0x310dV0x3191V0x2082V0x239bV0x498	0
0x310fS0x3191S0x2082S0x239bS0x498	0x310fV0x3191V0x2082V0x239bV0x498	0
0x3125S0x3191S0x2082S0x239bS0x498	0x3125V0x3191V0x2082V0x239bV0x498	0
0x16a0S0x4ec	0x16a0V0x4ec	0
0x16afS0x4ec	0x16afV0x4ec	0
0x16b0S0x4ec	0x16b0V0x4ec	0
0x16b4S0x4ec	0x16b4V0x4ec	0
0x16b5S0x4ec	0x16b5V0x4ec	0
0x1630S0x4ec	0x1630V0x4ec	0
0x1632S0x4ec	0x1632V0x4ec	0
0x1634S0x4ec	0x1634V0x4ec	0
0x1637S0x4ec	0x1637V0x4ec	0
0x1639S0x4ec	0x1639V0x4ec	0
0x163cS0x4ec	0x163cV0x4ec	0
0x163eS0x4ec	0x163eV0x4ec	0
0x163fS0x4ec	0x163fV0x4ec	0
0x1654S0x4ec	0x1654V0x4ec	0
0x1655S0x4ec	0x1655V0x4ec	0
0x166aS0x4ec	0x166aV0x4ec	0
0x166bS0x4ec	0x166bV0x4ec	0
0x1670S0x4ec	0x1670V0x4ec	0
0x1671S0x4ec	0x1671V0x4ec	0
0x1673S0x4ec	0x1673V0x4ec	0
0x1675S0x4ec	0x1675V0x4ec	0
0x167aS0x4ec	0x167aV0x4ec	0
0x167bS0x4ec	0x167bV0x4ec	0
0x167dS0x4ec	0x167dV0x4ec	0
0x1680S0x4ec	0x1680V0x4ec	0
0x1682S0x4ec	0x1682V0x4ec	0
0x1683S0x4ec	0x1683V0x4ec	0
0x1688S0x4ec	0x1688V0x4ec	0
0x168dS0x4ec	0x168dV0x4ec	0
0x168fS0x4ec	0x168fV0x4ec	0
0x1691S0x4ec	0x1691V0x4ec	0
0x1694S0x4ec	0x1694V0x4ec	0
0x1698S0x4ec	0x1698V0x4ec	0
0x1699S0x4ec	0x1699V0x4ec	0
0x169bS0x4ec	0x169bV0x4ec	0
0x169cS0x4ec	0x169cV0x4ec	0
0x16a6S0x4ec	0x16a6V0x4ec	0
0x16a7S0x4ec	0x16a7V0x4ec	0
0x16a8S0x4ec	0x16a8V0x4ec	0
0x16aaS0x4ec	0x16aaV0x4ec	0
0x16abS0x4ec	0x16abV0x4ec	0
0x16bdS0x4ec	0x16bdV0x4ec	0
0x16bfS0x4ec	0x16bfV0x4ec	0
0x16c0S0x4ec	0x16c0V0x4ec	0
0x16c1S0x4ec	0x16c1V0x4ec	0
0x16c3S0x4ec	0x16c3V0x4ec	0
0x16c4S0x4ec	0x16c4V0x4ec	0
0x16c7S0x4ec	0x16c7V0x4ec	0
0x16c8S0x4ec	0x16c8V0x4ec	0
0x16caS0x4ec	0x16caV0x4ec	0
0x16ccS0x4ec	0x16ccV0x4ec	0
0x16d1S0x4ec	0x16d1V0x4ec	0
0x16d3S0x4ec	0x16d3V0x4ec	0
0x16d8S0x4ec	0x16d8V0x4ec	0
0x2bdaS0x162fS0x4ec	0x2bdaV0x162fV0x4ec	0
0x2bdcS0x162fS0x4ec	0x2bdcV0x162fV0x4ec	0
0x2bdfS0x162fS0x4ec	0x2bdfV0x162fV0x4ec	0
0x2be2S0x162fS0x4ec	0x2be2V0x162fV0x4ec	0
0x2be5S0x162fS0x4ec	0x2be5V0x162fV0x4ec	0
0x2be8S0x162fS0x4ec	0x2be8V0x162fV0x4ec	0
0x2beaS0x162fS0x4ec	0x2beaV0x162fV0x4ec	0
0x2687S0x2bd9S0x162fS0x4ec	0x2687V0x2bd9V0x162fV0x4ec	0
0x268bS0x2bd9S0x162fS0x4ec	0x268bV0x2bd9V0x162fV0x4ec	0
0x30e5S0x2686S0x2bd9S0x162fS0x4ec	0x30e5V0x2686V0x2bd9V0x162fV0x4ec	0
0x30e7S0x2686S0x2bd9S0x162fS0x4ec	0x30e7V0x2686V0x2bd9V0x162fV0x4ec	0
0x30ebS0x2686S0x2bd9S0x162fS0x4ec	0x30ebV0x2686V0x2bd9V0x162fV0x4ec	0
0x310dS0x2686S0x2bd9S0x162fS0x4ec	0x310dV0x2686V0x2bd9V0x162fV0x4ec	0
0x310fS0x2686S0x2bd9S0x162fS0x4ec	0x310fV0x2686V0x2bd9V0x162fV0x4ec	0
0x3125S0x2686S0x2bd9S0x162fS0x4ec	0x3125V0x2686V0x2bd9V0x162fV0x4ec	0
0x2539S0x16b8S0x4ec	0x2539V0x16b8V0x4ec	0
0x252cS0x16b8S0x4ec	0x252cV0x16b8V0x4ec	0
0x252eS0x16b8S0x4ec	0x252eV0x16b8V0x4ec	0
0x2532S0x16b8S0x4ec	0x2532V0x16b8V0x4ec	0
0x2533S0x16b8S0x4ec	0x2533V0x16b8V0x4ec	0
0x2534S0x16b8S0x4ec	0x2534V0x16b8V0x4ec	0
0x2535S0x16b8S0x4ec	0x2535V0x16b8V0x4ec	0
0x253eS0x16b8S0x4ec	0x253eV0x16b8V0x4ec	0
0x2540S0x16b8S0x4ec	0x2540V0x16b8V0x4ec	0
0x2546S0x16b8S0x4ec	0x2546V0x16b8V0x4ec	0
0x2547S0x16b8S0x4ec	0x2547V0x16b8V0x4ec	0
0x2328S0x253dS0x16b8S0x4ec	0x2328V0x253dV0x16b8V0x4ec	0
0x232bS0x253dS0x16b8S0x4ec	0x232bV0x253dV0x16b8V0x4ec	0
0x232eS0x253dS0x16b8S0x4ec	0x232eV0x253dV0x16b8V0x4ec	0
0x2332S0x253dS0x16b8S0x4ec	0x2332V0x253dV0x16b8V0x4ec	0
0x31e6S0x2327B0x253dS0x16b8S0x4ec	0x31e6V0x2327B0x253dV0x16b8V0x4ec	0
0x31e1S0x2327B0x253dS0x16b8S0x4ec	0x31e1V0x2327B0x253dV0x16b8V0x4ec	0
0x31e2S0x2327B0x253dS0x16b8S0x4ec	0x31e2V0x2327B0x253dV0x16b8V0x4ec	0
0x31d7S0x2327B0x253dS0x16b8S0x4ec	0x31d7V0x2327B0x253dV0x16b8V0x4ec	0
0x31dbS0x2327B0x253dS0x16b8S0x4ec	0x31dbV0x2327B0x253dV0x16b8V0x4ec	0
0x312dS0x31d6S0x2327B0x253dS0x16b8S0x4ec	0x312dV0x31d6V0x2327B0x253dV0x16b8V0x4ec	0
0x2563S0x542	0x2563V0x542	0
0x2555S0x542	0x2555V0x542	0
0x2558S0x542	0x2558V0x542	0
0x255cS0x542	0x255cV0x542	0
0x255dS0x542	0x255dV0x542	0
0x255eS0x542	0x255eV0x542	0
0x255fS0x542	0x255fV0x542	0
0x2568S0x542	0x2568V0x542	0
0x256aS0x542	0x256aV0x542	0
0x2570S0x542	0x2570V0x542	0
0x2571S0x542	0x2571V0x542	0
0x2579S0x542	0x2579V0x542	0
0x257bS0x542	0x257bV0x542	0
0x2581S0x542	0x2581V0x542	0
0x2582S0x542	0x2582V0x542	0
0x2313S0x2567S0x542	0x2313V0x2567V0x542	0
0x2316S0x2567S0x542	0x2316V0x2567V0x542	0
0x2319S0x2567S0x542	0x2319V0x2567V0x542	0
0x231dS0x2567S0x542	0x231dV0x2567V0x542	0
0x31e6S0x2312B0x2567S0x542	0x31e6V0x2312B0x2567V0x542	0
0x31e1S0x2312B0x2567S0x542	0x31e1V0x2312B0x2567V0x542	0
0x31e2S0x2312B0x2567S0x542	0x31e2V0x2312B0x2567V0x542	0
0x31d7S0x2312B0x2567S0x542	0x31d7V0x2312B0x2567V0x542	0
0x31dbS0x2312B0x2567S0x542	0x31dbV0x2312B0x2567V0x542	0
0x312dS0x31d6S0x2312B0x2567S0x542	0x312dV0x31d6V0x2312B0x2567V0x542	0
0x2083S0x2575S0x542	0x2083V0x2575V0x542	0
0x2086S0x2575S0x542	0x2086V0x2575V0x542	0
0x2089S0x2575S0x542	0x2089V0x2575V0x542	0
0x208dS0x2575S0x542	0x208dV0x2575V0x542	0
0x31a1S0x2082S0x2575S0x542	0x31a1V0x2082V0x2575V0x542	0
0x3192S0x2082S0x2575S0x542	0x3192V0x2082V0x2575V0x542	0
0x3196S0x2082S0x2575S0x542	0x3196V0x2082V0x2575V0x542	0
0x319cS0x2082S0x2575S0x542	0x319cV0x2082V0x2575V0x542	0
0x319dS0x2082S0x2575S0x542	0x319dV0x2082V0x2575V0x542	0
0x30e5S0x3191S0x2082S0x2575S0x542	0x30e5V0x3191V0x2082V0x2575V0x542	0
0x30e7S0x3191S0x2082S0x2575S0x542	0x30e7V0x3191V0x2082V0x2575V0x542	0
0x30ebS0x3191S0x2082S0x2575S0x542	0x30ebV0x3191V0x2082V0x2575V0x542	0
0x310dS0x3191S0x2082S0x2575S0x542	0x310dV0x3191V0x2082V0x2575V0x542	0
0x310fS0x3191S0x2082S0x2575S0x542	0x310fV0x3191V0x2082V0x2575V0x542	0
0x3125S0x3191S0x2082S0x2575S0x542	0x3125V0x3191V0x2082V0x2575V0x542	0
0x2404S0x272	0x2404V0x272	0
0x23f3S0x272	0x23f3V0x272	0
0x23f6S0x272	0x23f6V0x272	0
0x23f9S0x272	0x23f9V0x272	0
0x23fdS0x272	0x23fdV0x272	0
0x23feS0x272	0x23feV0x272	0
0x23ffS0x272	0x23ffV0x272	0
0x2400S0x272	0x2400V0x272	0
0x2409S0x272	0x2409V0x272	0
0x240bS0x272	0x240bV0x272	0
0x2411S0x272	0x2411V0x272	0
0x2412S0x272	0x2412V0x272	0
0x241aS0x272	0x241aV0x272	0
0x241cS0x272	0x241cV0x272	0
0x2422S0x272	0x2422V0x272	0
0x2423S0x272	0x2423V0x272	0
0x242bS0x272	0x242bV0x272	0
0x242dS0x272	0x242dV0x272	0
0x2433S0x272	0x2433V0x272	0
0x2434S0x272	0x2434V0x272	0
0x243cS0x272	0x243cV0x272	0
0x243eS0x272	0x243eV0x272	0
0x2444S0x272	0x2444V0x272	0
0x2445S0x272	0x2445V0x272	0
0x2313S0x2416S0x272	0x2313V0x2416V0x272	0
0x2316S0x2416S0x272	0x2316V0x2416V0x272	0
0x2319S0x2416S0x272	0x2319V0x2416V0x272	0
0x231dS0x2416S0x272	0x231dV0x2416V0x272	0
0x2313S0x2438S0x272	0x2313V0x2438V0x272	0
0x2316S0x2438S0x272	0x2316V0x2438V0x272	0
0x2319S0x2438S0x272	0x2319V0x2438V0x272	0
0x231dS0x2438S0x272	0x231dV0x2438V0x272	0
0x31e6S0x2312B0x2416S0x272	0x31e6V0x2312B0x2416V0x272	0
0x31e1S0x2312B0x2416S0x272	0x31e1V0x2312B0x2416V0x272	0
0x31e2S0x2312B0x2416S0x272	0x31e2V0x2312B0x2416V0x272	0
0x31d7S0x2312B0x2416S0x272	0x31d7V0x2312B0x2416V0x272	0
0x31dbS0x2312B0x2416S0x272	0x31dbV0x2312B0x2416V0x272	0
0x312dS0x31d6S0x2312B0x2416S0x272	0x312dV0x31d6V0x2312B0x2416V0x272	0
0x31e6S0x2312B0x2438S0x272	0x31e6V0x2312B0x2438V0x272	0
0x31e1S0x2312B0x2438S0x272	0x31e1V0x2312B0x2438V0x272	0
0x31e2S0x2312B0x2438S0x272	0x31e2V0x2312B0x2438V0x272	0
0x31d7S0x2312B0x2438S0x272	0x31d7V0x2312B0x2438V0x272	0
0x31dbS0x2312B0x2438S0x272	0x31dbV0x2312B0x2438V0x272	0
0x312dS0x31d6S0x2312B0x2438S0x272	0x312dV0x31d6V0x2312B0x2438V0x272	0
0x2083S0x2408S0x272	0x2083V0x2408V0x272	0
0x2086S0x2408S0x272	0x2086V0x2408V0x272	0
0x2089S0x2408S0x272	0x2089V0x2408V0x272	0
0x208dS0x2408S0x272	0x208dV0x2408V0x272	0
0x31a1S0x2082S0x2408S0x272	0x31a1V0x2082V0x2408V0x272	0
0x3192S0x2082S0x2408S0x272	0x3192V0x2082V0x2408V0x272	0
0x3196S0x2082S0x2408S0x272	0x3196V0x2082V0x2408V0x272	0
0x319cS0x2082S0x2408S0x272	0x319cV0x2082V0x2408V0x272	0
0x319dS0x2082S0x2408S0x272	0x319dV0x2082V0x2408V0x272	0
0x30e5S0x3191S0x2082S0x2408S0x272	0x30e5V0x3191V0x2082V0x2408V0x272	0
0x30e7S0x3191S0x2082S0x2408S0x272	0x30e7V0x3191V0x2082V0x2408V0x272	0
0x30ebS0x3191S0x2082S0x2408S0x272	0x30ebV0x3191V0x2082V0x2408V0x272	0
0x310dS0x3191S0x2082S0x2408S0x272	0x310dV0x3191V0x2082V0x2408V0x272	0
0x310fS0x3191S0x2082S0x2408S0x272	0x310fV0x3191V0x2082V0x2408V0x272	0
0x3125S0x3191S0x2082S0x2408S0x272	0x3125V0x3191V0x2082V0x2408V0x272	0
0x2083S0x2427S0x272	0x2083V0x2427V0x272	0
0x2086S0x2427S0x272	0x2086V0x2427V0x272	0
0x2089S0x2427S0x272	0x2089V0x2427V0x272	0
0x208dS0x2427S0x272	0x208dV0x2427V0x272	0
0x31a1S0x2082S0x2427S0x272	0x31a1V0x2082V0x2427V0x272	0
0x3192S0x2082S0x2427S0x272	0x3192V0x2082V0x2427V0x272	0
0x3196S0x2082S0x2427S0x272	0x3196V0x2082V0x2427V0x272	0
0x319cS0x2082S0x2427S0x272	0x319cV0x2082V0x2427V0x272	0
0x319dS0x2082S0x2427S0x272	0x319dV0x2082V0x2427V0x272	0
0x30e5S0x3191S0x2082S0x2427S0x272	0x30e5V0x3191V0x2082V0x2427V0x272	0
0x30e7S0x3191S0x2082S0x2427S0x272	0x30e7V0x3191V0x2082V0x2427V0x272	0
0x30ebS0x3191S0x2082S0x2427S0x272	0x30ebV0x3191V0x2082V0x2427V0x272	0
0x310dS0x3191S0x2082S0x2427S0x272	0x310dV0x3191V0x2082V0x2427V0x272	0
0x310fS0x3191S0x2082S0x2427S0x272	0x310fV0x3191V0x2082V0x2427V0x272	0
0x3125S0x3191S0x2082S0x2427S0x272	0x3125V0x3191V0x2082V0x2427V0x272	0
0x25a1S0x3d8	0x25a1V0x3d8	0
0x2591S0x3d8	0x2591V0x3d8	0
0x2594S0x3d8	0x2594V0x3d8	0
0x2596S0x3d8	0x2596V0x3d8	0
0x259aS0x3d8	0x259aV0x3d8	0
0x259bS0x3d8	0x259bV0x3d8	0
0x259cS0x3d8	0x259cV0x3d8	0
0x259dS0x3d8	0x259dV0x3d8	0
0x25a6S0x3d8	0x25a6V0x3d8	0
0x25a8S0x3d8	0x25a8V0x3d8	0
0x25aeS0x3d8	0x25aeV0x3d8	0
0x25afS0x3d8	0x25afV0x3d8	0
0x25b7S0x3d8	0x25b7V0x3d8	0
0x25b9S0x3d8	0x25b9V0x3d8	0
0x25bfS0x3d8	0x25bfV0x3d8	0
0x25c0S0x3d8	0x25c0V0x3d8	0
0x25c8S0x3d8	0x25c8V0x3d8	0
0x25caS0x3d8	0x25caV0x3d8	0
0x25d0S0x3d8	0x25d0V0x3d8	0
0x25d1S0x3d8	0x25d1V0x3d8	0
0x2313S0x25a5S0x3d8	0x2313V0x25a5V0x3d8	0
0x2316S0x25a5S0x3d8	0x2316V0x25a5V0x3d8	0
0x2319S0x25a5S0x3d8	0x2319V0x25a5V0x3d8	0
0x231dS0x25a5S0x3d8	0x231dV0x25a5V0x3d8	0
0x2313S0x25c4S0x3d8	0x2313V0x25c4V0x3d8	0
0x2316S0x25c4S0x3d8	0x2316V0x25c4V0x3d8	0
0x2319S0x25c4S0x3d8	0x2319V0x25c4V0x3d8	0
0x231dS0x25c4S0x3d8	0x231dV0x25c4V0x3d8	0
0x31e6S0x2312B0x25a5S0x3d8	0x31e6V0x2312B0x25a5V0x3d8	0
0x31e1S0x2312B0x25a5S0x3d8	0x31e1V0x2312B0x25a5V0x3d8	0
0x31e2S0x2312B0x25a5S0x3d8	0x31e2V0x2312B0x25a5V0x3d8	0
0x31d7S0x2312B0x25a5S0x3d8	0x31d7V0x2312B0x25a5V0x3d8	0
0x31dbS0x2312B0x25a5S0x3d8	0x31dbV0x2312B0x25a5V0x3d8	0
0x312dS0x31d6S0x2312B0x25a5S0x3d8	0x312dV0x31d6V0x2312B0x25a5V0x3d8	0
0x31e6S0x2312B0x25c4S0x3d8	0x31e6V0x2312B0x25c4V0x3d8	0
0x31e1S0x2312B0x25c4S0x3d8	0x31e1V0x2312B0x25c4V0x3d8	0
0x31e2S0x2312B0x25c4S0x3d8	0x31e2V0x2312B0x25c4V0x3d8	0
0x31d7S0x2312B0x25c4S0x3d8	0x31d7V0x2312B0x25c4V0x3d8	0
0x31dbS0x2312B0x25c4S0x3d8	0x31dbV0x2312B0x25c4V0x3d8	0
0x312dS0x31d6S0x2312B0x25c4S0x3d8	0x312dV0x31d6V0x2312B0x25c4V0x3d8	0
0x2083S0x25b3S0x3d8	0x2083V0x25b3V0x3d8	0
0x2086S0x25b3S0x3d8	0x2086V0x25b3V0x3d8	0
0x2089S0x25b3S0x3d8	0x2089V0x25b3V0x3d8	0
0x208dS0x25b3S0x3d8	0x208dV0x25b3V0x3d8	0
0x31a1S0x2082S0x25b3S0x3d8	0x31a1V0x2082V0x25b3V0x3d8	0
0x3192S0x2082S0x25b3S0x3d8	0x3192V0x2082V0x25b3V0x3d8	0
0x3196S0x2082S0x25b3S0x3d8	0x3196V0x2082V0x25b3V0x3d8	0
0x319cS0x2082S0x25b3S0x3d8	0x319cV0x2082V0x25b3V0x3d8	0
0x319dS0x2082S0x25b3S0x3d8	0x319dV0x2082V0x25b3V0x3d8	0
0x30e5S0x3191S0x2082S0x25b3S0x3d8	0x30e5V0x3191V0x2082V0x25b3V0x3d8	0
0x30e7S0x3191S0x2082S0x25b3S0x3d8	0x30e7V0x3191V0x2082V0x25b3V0x3d8	0
0x30ebS0x3191S0x2082S0x25b3S0x3d8	0x30ebV0x3191V0x2082V0x25b3V0x3d8	0
0x310dS0x3191S0x2082S0x25b3S0x3d8	0x310dV0x3191V0x2082V0x25b3V0x3d8	0
0x310fS0x3191S0x2082S0x25b3S0x3d8	0x310fV0x3191V0x2082V0x25b3V0x3d8	0
0x3125S0x3191S0x2082S0x25b3S0x3d8	0x3125V0x3191V0x2082V0x25b3V0x3d8	0
0x2464S0x1d9	0x2464V0x1d9	0
0x247eS0x1d9	0x247eV0x1d9	0
0x24a7S0x1d9	0x24a7V0x1d9	0
0x2456S0x1d9	0x2456V0x1d9	0
0x2459S0x1d9	0x2459V0x1d9	0
0x245dS0x1d9	0x245dV0x1d9	0
0x245eS0x1d9	0x245eV0x1d9	0
0x245fS0x1d9	0x245fV0x1d9	0
0x2460S0x1d9	0x2460V0x1d9	0
0x2469S0x1d9	0x2469V0x1d9	0
0x246cS0x1d9	0x246cV0x1d9	0
0x246dS0x1d9	0x246dV0x1d9	0
0x246eS0x1d9	0x246eV0x1d9	0
0x2478S0x1d9	0x2478V0x1d9	0
0x2479S0x1d9	0x2479V0x1d9	0
0x247aS0x1d9	0x247aV0x1d9	0
0x2483S0x1d9	0x2483V0x1d9	0
0x2489S0x1d9	0x2489V0x1d9	0
0x248aS0x1d9	0x248aV0x1d9	0
0x2492S0x1d9	0x2492V0x1d9	0
0x2495S0x1d9	0x2495V0x1d9	0
0x2496S0x1d9	0x2496V0x1d9	0
0x2497S0x1d9	0x2497V0x1d9	0
0x24a1S0x1d9	0x24a1V0x1d9	0
0x24a2S0x1d9	0x24a2V0x1d9	0
0x24a3S0x1d9	0x24a3V0x1d9	0
0x24acS0x1d9	0x24acV0x1d9	0
0x24b2S0x1d9	0x24b2V0x1d9	0
0x24b3S0x1d9	0x24b3V0x1d9	0
0x21aaS0x24abS0x1d9	0x21aaV0x24abV0x1d9	0
0x21e2S0x24abS0x1d9	0x21e2V0x24abV0x1d9	0
0x302dS0x24abS0x1d9	0x302dV0x24abV0x1d9	0
0x21b0S0x24abS0x1d9	0x21b0V0x24abV0x1d9	0
0x21b1S0x24abS0x1d9	0x21b1V0x24abV0x1d9	0
0x21b4S0x24abS0x1d9	0x21b4V0x24abV0x1d9	0
0x21b8S0x24abS0x1d9	0x21b8V0x24abV0x1d9	0
0x21c8S0x24abS0x1d9	0x21c8V0x24abV0x1d9	0
0x21cbS0x24abS0x1d9	0x21cbV0x24abV0x1d9	0
0x21ceS0x24abS0x1d9	0x21ceV0x24abV0x1d9	0
0x21d1S0x24abS0x1d9	0x21d1V0x24abV0x1d9	0
0x21d6S0x24abS0x1d9	0x21d6V0x24abV0x1d9	0
0x21d9S0x24abS0x1d9	0x21d9V0x24abV0x1d9	0
0x21dbS0x24abS0x1d9	0x21dbV0x24abV0x1d9	0
0x21dcS0x24abS0x1d9	0x21dcV0x24abV0x1d9	0
0x21ddS0x24abS0x1d9	0x21ddV0x24abV0x1d9	0
0x21deS0x24abS0x1d9	0x21deV0x24abV0x1d9	0
0x21bdS0x24abS0x1d9	0x21bdV0x24abV0x1d9	0
0x301bS0x24abS0x1d9	0x301bV0x24abV0x1d9	0
0x301dS0x24abS0x1d9	0x301dV0x24abV0x1d9	0
0x3027S0x24abS0x1d9	0x3027V0x24abV0x1d9	0
0x3028S0x24abS0x1d9	0x3028V0x24abV0x1d9	0
0x3029S0x24abS0x1d9	0x3029V0x24abV0x1d9	0
0x21e7S0x24abS0x1d9	0x21e7V0x24abV0x1d9	0
0x1c400S0x24abS0x1d9	0x1c400V0x24abV0x1d9	0
0x21ffS0x24abS0x1d9	0x21ffV0x24abV0x1d9	0
0x2202S0x24abS0x1d9	0x2202V0x24abV0x1d9	0
0x2205S0x24abS0x1d9	0x2205V0x24abV0x1d9	0
0x2208S0x24abS0x1d9	0x2208V0x24abV0x1d9	0
0x220cS0x24abS0x1d9	0x220cV0x24abV0x1d9	0
0x220fS0x24abS0x1d9	0x220fV0x24abV0x1d9	0
0x2212S0x24abS0x1d9	0x2212V0x24abV0x1d9	0
0x21fc_0x2S0x24abS0x1d9	0x21fc_0x2V0x24abV0x1d9	0
0x21fc_0x3S0x24abS0x1d9	0x21fc_0x3V0x24abV0x1d9	0
0x21fc_0x4S0x24abS0x1d9	0x21fc_0x4V0x24abV0x1d9	0
0x21ecS0x24abS0x1d9	0x21ecV0x24abV0x1d9	0
0x21edS0x24abS0x1d9	0x21edV0x24abV0x1d9	0
0x21eeS0x24abS0x1d9	0x21eeV0x24abV0x1d9	0
0x21e9_0x0S0x24abS0x1d9	0x21e9_0x0V0x24abV0x1d9	0
0x219eS0x24abS0x1d9	0x219eV0x24abV0x1d9	0
0x21a1S0x24abS0x1d9	0x21a1V0x24abV0x1d9	0
0x21a4S0x24abS0x1d9	0x21a4V0x24abV0x1d9	0
0x21a5S0x24abS0x1d9	0x21a5V0x24abV0x1d9	0
0x21a6S0x24abS0x1d9	0x21a6V0x24abV0x1d9	0
0x3032S0x24abS0x1d9	0x3032V0x24abV0x1d9	0
0x3035S0x24abS0x1d9	0x3035V0x24abV0x1d9	0
0x3038S0x24abS0x1d9	0x3038V0x24abV0x1d9	0
0x303bS0x24abS0x1d9	0x303bV0x24abV0x1d9	0
0x21f3S0x24abS0x1d9	0x21f3V0x24abV0x1d9	0
0x21f8S0x24abS0x1d9	0x21f8V0x24abV0x1d9	0
0x21f2_0x1S0x24abS0x1d9	0x21f2_0x1V0x24abV0x1d9	0
0x2fbcS0x21bcS0x24abS0x1d9	0x2fbcV0x21bcV0x24abV0x1d9	0
0x2f9eS0x21bcS0x24abS0x1d9	0x2f9eV0x21bcV0x24abV0x1d9	0
0x2fa0S0x21bcS0x24abS0x1d9	0x2fa0V0x21bcV0x24abV0x1d9	0
0x2fa2S0x21bcS0x24abS0x1d9	0x2fa2V0x21bcV0x24abV0x1d9	0
0x2fa7S0x21bcS0x24abS0x1d9	0x2fa7V0x21bcV0x24abV0x1d9	0
0x2faaS0x21bcS0x24abS0x1d9	0x2faaV0x21bcV0x24abV0x1d9	0
0x2fabS0x21bcS0x24abS0x1d9	0x2fabV0x21bcV0x24abV0x1d9	0
0x2fb5S0x21bcS0x24abS0x1d9	0x2fb5V0x21bcV0x24abV0x1d9	0
0x2fb6S0x21bcS0x24abS0x1d9	0x2fb6V0x21bcV0x24abV0x1d9	0
0x2fb7S0x21bcS0x24abS0x1d9	0x2fb7V0x21bcV0x24abV0x1d9	0
0x2fb8S0x21bcS0x24abS0x1d9	0x2fb8V0x21bcV0x24abV0x1d9	0
0x2fc2S0x21bcS0x24abS0x1d9	0x2fc2V0x21bcV0x24abV0x1d9	0
0x2313S0x21f2S0x24abS0x1d9	0x2313V0x21f2V0x24abV0x1d9	0
0x2316S0x21f2S0x24abS0x1d9	0x2316V0x21f2V0x24abV0x1d9	0
0x2319S0x21f2S0x24abS0x1d9	0x2319V0x21f2V0x24abV0x1d9	0
0x231dS0x21f2S0x24abS0x1d9	0x231dV0x21f2V0x24abV0x1d9	0
0x31e6S0x2312B0x21f2S0x24abS0x1d9	0x31e6V0x2312B0x21f2V0x24abV0x1d9	0
0x31e1S0x2312B0x21f2S0x24abS0x1d9	0x31e1V0x2312B0x21f2V0x24abV0x1d9	0
0x31e2S0x2312B0x21f2S0x24abS0x1d9	0x31e2V0x2312B0x21f2V0x24abV0x1d9	0
0x31d7S0x2312B0x21f2S0x24abS0x1d9	0x31d7V0x2312B0x21f2V0x24abV0x1d9	0
0x31dbS0x2312B0x21f2S0x24abS0x1d9	0x31dbV0x2312B0x21f2V0x24abV0x1d9	0
0x312dS0x31d6S0x2312B0x21f2S0x24abS0x1d9	0x312dV0x31d6V0x2312B0x21f2V0x24abV0x1d9	0
0x20a4S0x2482S0x1d9	0x20a4V0x2482V0x1d9	0
0x20dcS0x2482S0x1d9	0x20dcV0x2482V0x1d9	0
0x2fddS0x2482S0x1d9	0x2fddV0x2482V0x1d9	0
0x20aaS0x2482S0x1d9	0x20aaV0x2482V0x1d9	0
0x20abS0x2482S0x1d9	0x20abV0x2482V0x1d9	0
0x20aeS0x2482S0x1d9	0x20aeV0x2482V0x1d9	0
0x20b2S0x2482S0x1d9	0x20b2V0x2482V0x1d9	0
0x20c2S0x2482S0x1d9	0x20c2V0x2482V0x1d9	0
0x20c5S0x2482S0x1d9	0x20c5V0x2482V0x1d9	0
0x20c8S0x2482S0x1d9	0x20c8V0x2482V0x1d9	0
0x20cbS0x2482S0x1d9	0x20cbV0x2482V0x1d9	0
0x20d0S0x2482S0x1d9	0x20d0V0x2482V0x1d9	0
0x20d3S0x2482S0x1d9	0x20d3V0x2482V0x1d9	0
0x20d5S0x2482S0x1d9	0x20d5V0x2482V0x1d9	0
0x20d6S0x2482S0x1d9	0x20d6V0x2482V0x1d9	0
0x20d7S0x2482S0x1d9	0x20d7V0x2482V0x1d9	0
0x20d8S0x2482S0x1d9	0x20d8V0x2482V0x1d9	0
0x20b7S0x2482S0x1d9	0x20b7V0x2482V0x1d9	0
0x2fcbS0x2482S0x1d9	0x2fcbV0x2482V0x1d9	0
0x2fcdS0x2482S0x1d9	0x2fcdV0x2482V0x1d9	0
0x2fd7S0x2482S0x1d9	0x2fd7V0x2482V0x1d9	0
0x2fd8S0x2482S0x1d9	0x2fd8V0x2482V0x1d9	0
0x2fd9S0x2482S0x1d9	0x2fd9V0x2482V0x1d9	0
0x20e1S0x2482S0x1d9	0x20e1V0x2482V0x1d9	0
0x1b000S0x2482S0x1d9	0x1b000V0x2482V0x1d9	0
0x20f9S0x2482S0x1d9	0x20f9V0x2482V0x1d9	0
0x20fcS0x2482S0x1d9	0x20fcV0x2482V0x1d9	0
0x20ffS0x2482S0x1d9	0x20ffV0x2482V0x1d9	0
0x2102S0x2482S0x1d9	0x2102V0x2482V0x1d9	0
0x2106S0x2482S0x1d9	0x2106V0x2482V0x1d9	0
0x2109S0x2482S0x1d9	0x2109V0x2482V0x1d9	0
0x210cS0x2482S0x1d9	0x210cV0x2482V0x1d9	0
0x20f6_0x2S0x2482S0x1d9	0x20f6_0x2V0x2482V0x1d9	0
0x20f6_0x3S0x2482S0x1d9	0x20f6_0x3V0x2482V0x1d9	0
0x20f6_0x4S0x2482S0x1d9	0x20f6_0x4V0x2482V0x1d9	0
0x20e6S0x2482S0x1d9	0x20e6V0x2482V0x1d9	0
0x20e7S0x2482S0x1d9	0x20e7V0x2482V0x1d9	0
0x20e8S0x2482S0x1d9	0x20e8V0x2482V0x1d9	0
0x20e3_0x0S0x2482S0x1d9	0x20e3_0x0V0x2482V0x1d9	0
0x2098S0x2482S0x1d9	0x2098V0x2482V0x1d9	0
0x209bS0x2482S0x1d9	0x209bV0x2482V0x1d9	0
0x209eS0x2482S0x1d9	0x209eV0x2482V0x1d9	0
0x209fS0x2482S0x1d9	0x209fV0x2482V0x1d9	0
0x20a0S0x2482S0x1d9	0x20a0V0x2482V0x1d9	0
0x2fe2S0x2482S0x1d9	0x2fe2V0x2482V0x1d9	0
0x2fe5S0x2482S0x1d9	0x2fe5V0x2482V0x1d9	0
0x2fe8S0x2482S0x1d9	0x2fe8V0x2482V0x1d9	0
0x2febS0x2482S0x1d9	0x2febV0x2482V0x1d9	0
0x20edS0x2482S0x1d9	0x20edV0x2482V0x1d9	0
0x20f2S0x2482S0x1d9	0x20f2V0x2482V0x1d9	0
0x20ec_0x1S0x2482S0x1d9	0x20ec_0x1V0x2482V0x1d9	0
0x2fbcS0x20b6S0x2482S0x1d9	0x2fbcV0x20b6V0x2482V0x1d9	0
0x2f9eS0x20b6S0x2482S0x1d9	0x2f9eV0x20b6V0x2482V0x1d9	0
0x2fa0S0x20b6S0x2482S0x1d9	0x2fa0V0x20b6V0x2482V0x1d9	0
0x2fa2S0x20b6S0x2482S0x1d9	0x2fa2V0x20b6V0x2482V0x1d9	0
0x2fa7S0x20b6S0x2482S0x1d9	0x2fa7V0x20b6V0x2482V0x1d9	0
0x2faaS0x20b6S0x2482S0x1d9	0x2faaV0x20b6V0x2482V0x1d9	0
0x2fabS0x20b6S0x2482S0x1d9	0x2fabV0x20b6V0x2482V0x1d9	0
0x2fb5S0x20b6S0x2482S0x1d9	0x2fb5V0x20b6V0x2482V0x1d9	0
0x2fb6S0x20b6S0x2482S0x1d9	0x2fb6V0x20b6V0x2482V0x1d9	0
0x2fb7S0x20b6S0x2482S0x1d9	0x2fb7V0x20b6V0x2482V0x1d9	0
0x2fb8S0x20b6S0x2482S0x1d9	0x2fb8V0x20b6V0x2482V0x1d9	0
0x2fc2S0x20b6S0x2482S0x1d9	0x2fc2V0x20b6V0x2482V0x1d9	0
0x2083S0x20ecS0x2482S0x1d9	0x2083V0x20ecV0x2482V0x1d9	0
0x2086S0x20ecS0x2482S0x1d9	0x2086V0x20ecV0x2482V0x1d9	0
0x2089S0x20ecS0x2482S0x1d9	0x2089V0x20ecV0x2482V0x1d9	0
0x208dS0x20ecS0x2482S0x1d9	0x208dV0x20ecV0x2482V0x1d9	0
0x31a1S0x2082S0x20ecS0x2482S0x1d9	0x31a1V0x2082V0x20ecV0x2482V0x1d9	0
0x3192S0x2082S0x20ecS0x2482S0x1d9	0x3192V0x2082V0x20ecV0x2482V0x1d9	0
0x3196S0x2082S0x20ecS0x2482S0x1d9	0x3196V0x2082V0x20ecV0x2482V0x1d9	0
0x319cS0x2082S0x20ecS0x2482S0x1d9	0x319cV0x2082V0x20ecV0x2482V0x1d9	0
0x319dS0x2082S0x20ecS0x2482S0x1d9	0x319dV0x2082V0x20ecV0x2482V0x1d9	0
0x30e5S0x3191S0x2082S0x20ecS0x2482S0x1d9	0x30e5V0x3191V0x2082V0x20ecV0x2482V0x1d9	0
0x30e7S0x3191S0x2082S0x20ecS0x2482S0x1d9	0x30e7V0x3191V0x2082V0x20ecV0x2482V0x1d9	0
0x30ebS0x3191S0x2082S0x20ecS0x2482S0x1d9	0x30ebV0x3191V0x2082V0x20ecV0x2482V0x1d9	0
0x310dS0x3191S0x2082S0x20ecS0x2482S0x1d9	0x310dV0x3191V0x2082V0x20ecV0x2482V0x1d9	0
0x310fS0x3191S0x2082S0x20ecS0x2482S0x1d9	0x310fV0x3191V0x2082V0x20ecV0x2482V0x1d9	0
0x3125S0x3191S0x2082S0x20ecS0x2482S0x1d9	0x3125V0x3191V0x2082V0x20ecV0x2482V0x1d9	0
0x894S0x2ef	0x894V0x2ef	0
0x896S0x2ef	0x896V0x2ef	0
0x897S0x2ef	0x897V0x2ef	0
0x8baS0x2ef	0x8baV0x2ef	0
0x8bcS0x2ef	0x8bcV0x2ef	0
0x8bdS0x2ef	0x8bdV0x2ef	0
0x8c1S0x2ef	0x8c1V0x2ef	0
0x8e9S0x2ef	0x8e9V0x2ef	0
0x8ebS0x2ef	0x8ebV0x2ef	0
0x8edS0x2ef	0x8edV0x2ef	0
0x8efS0x2ef	0x8efV0x2ef	0
0x8f2S0x2ef	0x8f2V0x2ef	0
0x8f4S0x2ef	0x8f4V0x2ef	0
0x8f6S0x2ef	0x8f6V0x2ef	0
0x8f8S0x2ef	0x8f8V0x2ef	0
0x8f9S0x2ef	0x8f9V0x2ef	0
0x8faS0x2ef	0x8faV0x2ef	0
0x8fdS0x2ef	0x8fdV0x2ef	0
0x8feS0x2ef	0x8feV0x2ef	0
0x8ffS0x2ef	0x8ffV0x2ef	0
0x900S0x2ef	0x900V0x2ef	0
0x904S0x2ef	0x904V0x2ef	0
0x906S0x2ef	0x906V0x2ef	0
0x909S0x2ef	0x909V0x2ef	0
0x90cS0x2ef	0x90cV0x2ef	0
0x90eS0x2ef	0x90eV0x2ef	0
0x910S0x2ef	0x910V0x2ef	0
0x912S0x2ef	0x912V0x2ef	0
0x913S0x2ef	0x913V0x2ef	0
0x914S0x2ef	0x914V0x2ef	0
0x917S0x2ef	0x917V0x2ef	0
0x918S0x2ef	0x918V0x2ef	0
0x919S0x2ef	0x919V0x2ef	0
0x91aS0x2ef	0x91aV0x2ef	0
0xf200S0x2ef	0xf200V0x2ef	0
0x937S0x2ef	0x937V0x2ef	0
0x93aS0x2ef	0x93aV0x2ef	0
0x93cS0x2ef	0x93cV0x2ef	0
0x93fS0x2ef	0x93fV0x2ef	0
0x941S0x2ef	0x941V0x2ef	0
0x943S0x2ef	0x943V0x2ef	0
0x945S0x2ef	0x945V0x2ef	0
0x946S0x2ef	0x946V0x2ef	0
0x947S0x2ef	0x947V0x2ef	0
0x94aS0x2ef	0x94aV0x2ef	0
0x94bS0x2ef	0x94bV0x2ef	0
0x94cS0x2ef	0x94cV0x2ef	0
0x94dS0x2ef	0x94dV0x2ef	0
0xfc00S0x2ef	0xfc00V0x2ef	0
0x85bS0x2ef	0x85bV0x2ef	0
0x85dS0x2ef	0x85dV0x2ef	0
0x860S0x2ef	0x860V0x2ef	0
0x862S0x2ef	0x862V0x2ef	0
0x865S0x2ef	0x865V0x2ef	0
0x867S0x2ef	0x867V0x2ef	0
0x868S0x2ef	0x868V0x2ef	0
0x86aS0x2ef	0x86aV0x2ef	0
0x86cS0x2ef	0x86cV0x2ef	0
0x87bS0x2ef	0x87bV0x2ef	0
0x879_0x0S0x2ef	0x879_0x0V0x2ef	0
0xde00S0x2ef	0xde00V0x2ef	0
0x890S0x2ef	0x890V0x2ef	0
0x88f_0x0S0x2ef	0x88f_0x0V0x2ef	0
0x8cfS0x2ef	0x8cfV0x2ef	0
0x8d2S0x2ef	0x8d2V0x2ef	0
0x8d5S0x2ef	0x8d5V0x2ef	0
0x8d7S0x2ef	0x8d7V0x2ef	0
0x8daS0x2ef	0x8daV0x2ef	0
0x8dcS0x2ef	0x8dcV0x2ef	0
0x8ddS0x2ef	0x8ddV0x2ef	0
0x8dfS0x2ef	0x8dfV0x2ef	0
0x8e0S0x2ef	0x8e0V0x2ef	0
0x8e4S0x2ef	0x8e4V0x2ef	0
0x8e5S0x2ef	0x8e5V0x2ef	0
0x8c6S0x2ef	0x8c6V0x2ef	0
0x8c8S0x2ef	0x8c8V0x2ef	0
0x8cbS0x2ef	0x8cbV0x2ef	0
0x91fS0x2ef	0x91fV0x2ef	0
0x922S0x2ef	0x922V0x2ef	0
0x927S0x2ef	0x927V0x2ef	0
0x92cS0x2ef	0x92cV0x2ef	0
0x932S0x2ef	0x932V0x2ef	0
0x933S0x2ef	0x933V0x2ef	0
0x871S0x2ef	0x871V0x2ef	0
0x874S0x2ef	0x874V0x2ef	0
0x880S0x2ef	0x880V0x2ef	0
0x883S0x2ef	0x883V0x2ef	0
0x885S0x2ef	0x885V0x2ef	0
0x888S0x2ef	0x888V0x2ef	0
0x88aS0x2ef	0x88aV0x2ef	0
0x88bS0x2ef	0x88bV0x2ef	0
0x88dS0x2ef	0x88dV0x2ef	0
0x88eS0x2ef	0x88eV0x2ef	0
0xe800S0x2ef	0xe800V0x2ef	0
0x1a6dS0x870S0x2ef	0x1a6dV0x870V0x2ef	0
0x1a70S0x870S0x2ef	0x1a70V0x870V0x2ef	0
0x1a73S0x870S0x2ef	0x1a73V0x870V0x2ef	0
0x1a76S0x870S0x2ef	0x1a76V0x870V0x2ef	0
0x1a79S0x870S0x2ef	0x1a79V0x870V0x2ef	0
0x1a7cS0x870S0x2ef	0x1a7cV0x870V0x2ef	0
0x2ebaS0x894S0x2ef	0x2ebaV0x894V0x2ef	0
0x2ebcS0x894S0x2ef	0x2ebcV0x894V0x2ef	0
0x2ebfS0x894S0x2ef	0x2ebfV0x894V0x2ef	0
0x2ec4S0x894S0x2ef	0x2ec4V0x894V0x2ef	0
0x2ec5S0x894S0x2ef	0x2ec5V0x894V0x2ef	0
0x2ec8S0x894S0x2ef	0x2ec8V0x894V0x2ef	0
0x2ecaS0x894S0x2ef	0x2ecaV0x894V0x2ef	0
0x2eceS0x894S0x2ef	0x2eceV0x894V0x2ef	0
0x29e2S0x894S0x2ef	0x29e2V0x894V0x2ef	0
0x2a03S0x894S0x2ef	0x2a03V0x894V0x2ef	0
0x2a06S0x894S0x2ef	0x2a06V0x894V0x2ef	0
0x2a08S0x894S0x2ef	0x2a08V0x894V0x2ef	0
0x2a29S0x894S0x2ef	0x2a29V0x894V0x2ef	0
0x2a2cS0x894S0x2ef	0x2a2cV0x894V0x2ef	0
0x2a2eS0x894S0x2ef	0x2a2eV0x894V0x2ef	0
0x2a31S0x894S0x2ef	0x2a31V0x894V0x2ef	0
0x29d3S0x894S0x2ef	0x29d3V0x894V0x2ef	0
0x29d5S0x894S0x2ef	0x29d5V0x894V0x2ef	0
0x29d8S0x894S0x2ef	0x29d8V0x894V0x2ef	0
0x29dbS0x894S0x2ef	0x29dbV0x894V0x2ef	0
0x30c9S0x29d2S0x894S0x2ef	0x30c9V0x29d2V0x894V0x2ef	0
0x30ceS0x29d2S0x894S0x2ef	0x30ceV0x29d2V0x894V0x2ef	0
0x30d1S0x29d2S0x894S0x2ef	0x30d1V0x29d2V0x894V0x2ef	0
0x9e00x95fS0x343	0x95f0x9e0V0x343	0
0x9e40x95fS0x343	0x95f0x9e4V0x343	0
0x9df0x95fS0x343	0x95f0x9dfV0x343	0
0x9dd0x95fS0x343	0x95f0x9ddV0x343	0
0x9ba0x95fS0x343	0x95f0x9baV0x343	0
0x9b90x95fS0x343	0x95f0x9b9V0x343	0
0x9b70x95fS0x343	0x95f0x9b7V0x343	0
0x960S0x343	0x960V0x343	0
0x962S0x343	0x962V0x343	0
0x964S0x343	0x964V0x343	0
0x967S0x343	0x967V0x343	0
0x969S0x343	0x969V0x343	0
0x96cS0x343	0x96cV0x343	0
0x96eS0x343	0x96eV0x343	0
0x96fS0x343	0x96fV0x343	0
0x984S0x343	0x984V0x343	0
0x985S0x343	0x985V0x343	0
0x99aS0x343	0x99aV0x343	0
0x99bS0x343	0x99bV0x343	0
0x99cS0x343	0x99cV0x343	0
0x9b1S0x343	0x9b1V0x343	0
0x9b2S0x343	0x9b2V0x343	0
0x9b3S0x343	0x9b3V0x343	0
0x1bbe0x95fS0x343	0x95f0x1bbe_0x0V0x343	0
0x1b6e0x95fS0x343	0x95f0x1b6eV0x343	0
0x1b6b0x95f_0x0S0x343	0x1b6b0x95f_0x0V0x343	0
0x1bbd0x95fS0x343	0x95f0x1bbdV0x343	0
0x1bb80x95fS0x343	0x95f0x1bb8V0x343	0
0x1bb20x95fS0x343	0x95f0x1bb2V0x343	0
0x1bb10x95fS0x343	0x95f0x1bb1V0x343	0
0x1bb00x95fS0x343	0x95f0x1bb0V0x343	0
0x1bae0x95fS0x343	0x95f0x1baeV0x343	0
0x1bad0x95fS0x343	0x95f0x1badV0x343	0
0x1bab0x95fS0x343	0x95f0x1babV0x343	0
0x1ba70x95fS0x343	0x95f0x1ba7V0x343	0
0x1ba50x95fS0x343	0x95f0x1ba5V0x343	0
0x1ba20x95fS0x343	0x95f0x1ba2V0x343	0
0x1b8d0x95fS0x343	0x95f0x1b8dV0x343	0
0x1b8c0x95fS0x343	0x95f0x1b8cV0x343	0
0x1b770x95fS0x343	0x95f0x1b77V0x343	0
0x1b740x95fS0x343	0x95f0x1b74V0x343	0
0x1b720x95fS0x343	0x95f0x1b72V0x343	0
0x1b6c0x95fS0x343	0x95f0x1b6cV0x343	0
0x106000x95fS0x343	0x95f0x10600V0x343	0
0x1c430x95fS0x343	0x95f0x1c43V0x343	0
0x1bbf0x95f_0x2S0x343	0x1bbf0x95f_0x2V0x343	0
0x1c490x95fS0x343	0x95f0x1c49V0x343	0
0x1c420x95fS0x343	0x95f0x1c42V0x343	0
0x1c400x95fS0x343	0x95f0x1c40V0x343	0
0x1c1d0x95fS0x343	0x95f0x1c1dV0x343	0
0x1c1c0x95fS0x343	0x95f0x1c1cV0x343	0
0x1c070x95fS0x343	0x95f0x1c07V0x343	0
0x1c010x95fS0x343	0x95f0x1c01V0x343	0
0x1bff0x95fS0x343	0x95f0x1bffV0x343	0
0x1bfe0x95fS0x343	0x95f0x1bfeV0x343	0
0x1bfc0x95fS0x343	0x95f0x1bfcV0x343	0
0x1bf80x95fS0x343	0x95f0x1bf8V0x343	0
0x1bf60x95fS0x343	0x95f0x1bf6V0x343	0
0x1bf30x95fS0x343	0x95f0x1bf3V0x343	0
0x1bde0x95fS0x343	0x95f0x1bdeV0x343	0
0x1bdd0x95fS0x343	0x95f0x1bddV0x343	0
0x1bc80x95fS0x343	0x95f0x1bc8V0x343	0
0x1bc50x95fS0x343	0x95f0x1bc5V0x343	0
0x1bc30x95fS0x343	0x95f0x1bc3V0x343	0
0xa450x95fS0x343	0x95f0xa45V0x343	0
0xa400x95fS0x343	0x95f0xa40V0x343	0
0xa380x95fS0x343	0x95f0xa38V0x343	0
0xa370x95fS0x343	0x95f0xa37V0x343	0
0xa360x95fS0x343	0x95f0xa36V0x343	0
0xa310x95fS0x343	0x95f0xa31V0x343	0
0xa300x95fS0x343	0x95f0xa30V0x343	0
0xa2e0x95fS0x343	0x95f0xa2eV0x343	0
0xa2d0x95fS0x343	0x95f0xa2dV0x343	0
0xa2b0x95fS0x343	0x95f0xa2bV0x343	0
0xa270x95fS0x343	0x95f0xa27V0x343	0
0xa250x95fS0x343	0x95f0xa25V0x343	0
0xa220x95fS0x343	0x95f0xa22V0x343	0
0xa0d0x95fS0x343	0x95f0xa0dV0x343	0
0xa0c0x95fS0x343	0x95f0xa0cV0x343	0
0x9f70x95fS0x343	0x95f0x9f7V0x343	0
0x9f40x95fS0x343	0x95f0x9f4V0x343	0
0x9f20x95fS0x343	0x95f0x9f2V0x343	0
0x1c530x95fS0x343	0x95f0x1c53V0x343	0
0x1c500x95fS0x343	0x95f0x1c50V0x343	0
0x1c4e0x95fS0x343	0x95f0x1c4eV0x343	0
0x9ee0x95fS0x343	0x95f0x9eeV0x343	0
0x9eb0x95fS0x343	0x95f0x9ebV0x343	0
0x9e90x95fS0x343	0x95f0x9e9V0x343	0
0x2aeeS0x9b70x95fS0x343	0x2aeeV0x9b70x95fV0x343	0
0x2b0fS0x9b70x95fS0x343	0x2b0fV0x9b70x95fV0x343	0
0x2b12S0x9b70x95fS0x343	0x2b12V0x9b70x95fV0x343	0
0x2b14S0x9b70x95fS0x343	0x2b14V0x9b70x95fV0x343	0
0x2b17S0x9b70x95fS0x343	0x2b17V0x9b70x95fV0x343	0
0x2adfS0x9b70x95fS0x343	0x2adfV0x9b70x95fV0x343	0
0x2ae1S0x9b70x95fS0x343	0x2ae1V0x9b70x95fV0x343	0
0x2ae4S0x9b70x95fS0x343	0x2ae4V0x9b70x95fV0x343	0
0x2ae7S0x9b70x95fS0x343	0x2ae7V0x9b70x95fV0x343	0
0x2f1aS0x9b70x95fS0x343	0x2f1aV0x9b70x95fV0x343	0
0x2f1cS0x9b70x95fS0x343	0x2f1cV0x9b70x95fV0x343	0
0x2f1fS0x9b70x95fS0x343	0x2f1fV0x9b70x95fV0x343	0
0x2f24S0x9b70x95fS0x343	0x2f24V0x9b70x95fV0x343	0
0x2f25S0x9b70x95fS0x343	0x2f25V0x9b70x95fV0x343	0
0x2f28S0x9b70x95fS0x343	0x2f28V0x9b70x95fV0x343	0
0x2f2aS0x9b70x95fS0x343	0x2f2aV0x9b70x95fV0x343	0
0x2f2eS0x9b70x95fS0x343	0x2f2eV0x9b70x95fV0x343	0
0x30c9S0x2adeS0x9b70x95fS0x343	0x30c9V0x2adeV0x9b70x95fV0x343	0
0x30ceS0x2adeS0x9b70x95fS0x343	0x30ceV0x2adeV0x9b70x95fV0x343	0
0x30d1S0x2adeS0x9b70x95fS0x343	0x30d1V0x2adeV0x9b70x95fV0x343	0
0x2f75S0x1bbf0x95fS0x343	0x2f75V0x1bbf0x95fV0x343	0
0x2f77S0x1bbf0x95fS0x343	0x2f77V0x1bbf0x95fV0x343	0
0x2f7aS0x1bbf0x95fS0x343	0x2f7aV0x1bbf0x95fV0x343	0
0x2f7dS0x1bbf0x95fS0x343	0x2f7dV0x1bbf0x95fV0x343	0
0x2f80S0x1bbf0x95fS0x343	0x2f80V0x1bbf0x95fV0x343	0
0x2f83S0x1bbf0x95fS0x343	0x2f83V0x1bbf0x95fV0x343	0
0x2f85S0x1bbf0x95fS0x343	0x2f85V0x1bbf0x95fV0x343	0
0x2f8aS0x1bbf0x95fS0x343	0x2f8aV0x1bbf0x95fV0x343	0
0x2f8dS0x1bbf0x95fS0x343	0x2f8dV0x1bbf0x95fV0x343	0
0x2f90S0x1bbf0x95fS0x343	0x2f90V0x1bbf0x95fV0x343	0
0x2f92S0x1bbf0x95fS0x343	0x2f92V0x1bbf0x95fV0x343	0
0x2b6eS0x2f74S0x1bbf0x95fS0x343	0x2b6eV0x2f74V0x1bbf0x95fV0x343	0
0x2b72S0x2f74S0x1bbf0x95fS0x343	0x2b72V0x2f74V0x1bbf0x95fV0x343	0
0x312dS0x2b6dS0x2f74S0x1bbf0x95fS0x343	0x312dV0x2b6dV0x2f74V0x1bbf0x95fV0x343	0
0x2b6eS0x2f89S0x1bbf0x95fS0x343	0x2b6eV0x2f89V0x1bbf0x95fV0x343	0
0x2b72S0x2f89S0x1bbf0x95fS0x343	0x2b72V0x2f89V0x1bbf0x95fV0x343	0
0x312dS0x2b6dS0x2f89S0x1bbf0x95fS0x343	0x312dV0x2b6dV0x2f89V0x1bbf0x95fV0x343	0
0xc04S0x3ed	0xc04V0x3ed	0
0xc06S0x3ed	0xc06V0x3ed	0
0xc09S0x3ed	0xc09V0x3ed	0
0xc0cS0x3ed	0xc0cV0x3ed	0
0xc14S0x3ed	0xc14V0x3ed	0
0xc17S0x3ed	0xc17_0x0V0x3ed	0
0x1cb1S0xc03S0x3ed	0x1cb1V0xc03V0x3ed	0
0x1cb3S0xc03S0x3ed	0x1cb3V0xc03V0x3ed	0
0x2464S0x43f	0x2464V0x43f	0
0x247eS0x43f	0x247eV0x43f	0
0x24a7S0x43f	0x24a7V0x43f	0
0x2456S0x43f	0x2456V0x43f	0
0x2459S0x43f	0x2459V0x43f	0
0x245dS0x43f	0x245dV0x43f	0
0x245eS0x43f	0x245eV0x43f	0
0x245fS0x43f	0x245fV0x43f	0
0x2460S0x43f	0x2460V0x43f	0
0x2469S0x43f	0x2469V0x43f	0
0x246cS0x43f	0x246cV0x43f	0
0x246dS0x43f	0x246dV0x43f	0
0x246eS0x43f	0x246eV0x43f	0
0x2478S0x43f	0x2478V0x43f	0
0x2479S0x43f	0x2479V0x43f	0
0x247aS0x43f	0x247aV0x43f	0
0x2483S0x43f	0x2483V0x43f	0
0x2489S0x43f	0x2489V0x43f	0
0x248aS0x43f	0x248aV0x43f	0
0x2492S0x43f	0x2492V0x43f	0
0x2495S0x43f	0x2495V0x43f	0
0x2496S0x43f	0x2496V0x43f	0
0x2497S0x43f	0x2497V0x43f	0
0x24a1S0x43f	0x24a1V0x43f	0
0x24a2S0x43f	0x24a2V0x43f	0
0x24a3S0x43f	0x24a3V0x43f	0
0x24acS0x43f	0x24acV0x43f	0
0x24b2S0x43f	0x24b2V0x43f	0
0x24b3S0x43f	0x24b3V0x43f	0
0x21aaS0x24abS0x43f	0x21aaV0x24abV0x43f	0
0x21e2S0x24abS0x43f	0x21e2V0x24abV0x43f	0
0x302dS0x24abS0x43f	0x302dV0x24abV0x43f	0
0x21b0S0x24abS0x43f	0x21b0V0x24abV0x43f	0
0x21b1S0x24abS0x43f	0x21b1V0x24abV0x43f	0
0x21b4S0x24abS0x43f	0x21b4V0x24abV0x43f	0
0x21b8S0x24abS0x43f	0x21b8V0x24abV0x43f	0
0x21c8S0x24abS0x43f	0x21c8V0x24abV0x43f	0
0x21cbS0x24abS0x43f	0x21cbV0x24abV0x43f	0
0x21ceS0x24abS0x43f	0x21ceV0x24abV0x43f	0
0x21d1S0x24abS0x43f	0x21d1V0x24abV0x43f	0
0x21d6S0x24abS0x43f	0x21d6V0x24abV0x43f	0
0x21d9S0x24abS0x43f	0x21d9V0x24abV0x43f	0
0x21dbS0x24abS0x43f	0x21dbV0x24abV0x43f	0
0x21dcS0x24abS0x43f	0x21dcV0x24abV0x43f	0
0x21ddS0x24abS0x43f	0x21ddV0x24abV0x43f	0
0x21deS0x24abS0x43f	0x21deV0x24abV0x43f	0
0x21bdS0x24abS0x43f	0x21bdV0x24abV0x43f	0
0x301bS0x24abS0x43f	0x301bV0x24abV0x43f	0
0x301dS0x24abS0x43f	0x301dV0x24abV0x43f	0
0x3027S0x24abS0x43f	0x3027V0x24abV0x43f	0
0x3028S0x24abS0x43f	0x3028V0x24abV0x43f	0
0x3029S0x24abS0x43f	0x3029V0x24abV0x43f	0
0x21e7S0x24abS0x43f	0x21e7V0x24abV0x43f	0
0x1c400S0x24abS0x43f	0x1c400V0x24abV0x43f	0
0x21ffS0x24abS0x43f	0x21ffV0x24abV0x43f	0
0x2202S0x24abS0x43f	0x2202V0x24abV0x43f	0
0x2205S0x24abS0x43f	0x2205V0x24abV0x43f	0
0x2208S0x24abS0x43f	0x2208V0x24abV0x43f	0
0x220cS0x24abS0x43f	0x220cV0x24abV0x43f	0
0x220fS0x24abS0x43f	0x220fV0x24abV0x43f	0
0x2212S0x24abS0x43f	0x2212V0x24abV0x43f	0
0x21fc_0x2S0x24abS0x43f	0x21fc_0x2V0x24abV0x43f	0
0x21fc_0x3S0x24abS0x43f	0x21fc_0x3V0x24abV0x43f	0
0x21fc_0x4S0x24abS0x43f	0x21fc_0x4V0x24abV0x43f	0
0x21ecS0x24abS0x43f	0x21ecV0x24abV0x43f	0
0x21edS0x24abS0x43f	0x21edV0x24abV0x43f	0
0x21eeS0x24abS0x43f	0x21eeV0x24abV0x43f	0
0x21e9_0x0S0x24abS0x43f	0x21e9_0x0V0x24abV0x43f	0
0x219eS0x24abS0x43f	0x219eV0x24abV0x43f	0
0x21a1S0x24abS0x43f	0x21a1V0x24abV0x43f	0
0x21a4S0x24abS0x43f	0x21a4V0x24abV0x43f	0
0x21a5S0x24abS0x43f	0x21a5V0x24abV0x43f	0
0x21a6S0x24abS0x43f	0x21a6V0x24abV0x43f	0
0x3032S0x24abS0x43f	0x3032V0x24abV0x43f	0
0x3035S0x24abS0x43f	0x3035V0x24abV0x43f	0
0x3038S0x24abS0x43f	0x3038V0x24abV0x43f	0
0x303bS0x24abS0x43f	0x303bV0x24abV0x43f	0
0x21f3S0x24abS0x43f	0x21f3V0x24abV0x43f	0
0x21f8S0x24abS0x43f	0x21f8V0x24abV0x43f	0
0x21f2_0x1S0x24abS0x43f	0x21f2_0x1V0x24abV0x43f	0
0x2fbcS0x21bcS0x24abS0x43f	0x2fbcV0x21bcV0x24abV0x43f	0
0x2f9eS0x21bcS0x24abS0x43f	0x2f9eV0x21bcV0x24abV0x43f	0
0x2fa0S0x21bcS0x24abS0x43f	0x2fa0V0x21bcV0x24abV0x43f	0
0x2fa2S0x21bcS0x24abS0x43f	0x2fa2V0x21bcV0x24abV0x43f	0
0x2fa7S0x21bcS0x24abS0x43f	0x2fa7V0x21bcV0x24abV0x43f	0
0x2faaS0x21bcS0x24abS0x43f	0x2faaV0x21bcV0x24abV0x43f	0
0x2fabS0x21bcS0x24abS0x43f	0x2fabV0x21bcV0x24abV0x43f	0
0x2fb5S0x21bcS0x24abS0x43f	0x2fb5V0x21bcV0x24abV0x43f	0
0x2fb6S0x21bcS0x24abS0x43f	0x2fb6V0x21bcV0x24abV0x43f	0
0x2fb7S0x21bcS0x24abS0x43f	0x2fb7V0x21bcV0x24abV0x43f	0
0x2fb8S0x21bcS0x24abS0x43f	0x2fb8V0x21bcV0x24abV0x43f	0
0x2fc2S0x21bcS0x24abS0x43f	0x2fc2V0x21bcV0x24abV0x43f	0
0x2313S0x21f2S0x24abS0x43f	0x2313V0x21f2V0x24abV0x43f	0
0x2316S0x21f2S0x24abS0x43f	0x2316V0x21f2V0x24abV0x43f	0
0x2319S0x21f2S0x24abS0x43f	0x2319V0x21f2V0x24abV0x43f	0
0x231dS0x21f2S0x24abS0x43f	0x231dV0x21f2V0x24abV0x43f	0
0x31e6S0x2312B0x21f2S0x24abS0x43f	0x31e6V0x2312B0x21f2V0x24abV0x43f	0
0x31e1S0x2312B0x21f2S0x24abS0x43f	0x31e1V0x2312B0x21f2V0x24abV0x43f	0
0x31e2S0x2312B0x21f2S0x24abS0x43f	0x31e2V0x2312B0x21f2V0x24abV0x43f	0
0x31d7S0x2312B0x21f2S0x24abS0x43f	0x31d7V0x2312B0x21f2V0x24abV0x43f	0
0x31dbS0x2312B0x21f2S0x24abS0x43f	0x31dbV0x2312B0x21f2V0x24abV0x43f	0
0x312dS0x31d6S0x2312B0x21f2S0x24abS0x43f	0x312dV0x31d6V0x2312B0x21f2V0x24abV0x43f	0
0x20a4S0x2482S0x43f	0x20a4V0x2482V0x43f	0
0x20dcS0x2482S0x43f	0x20dcV0x2482V0x43f	0
0x2fddS0x2482S0x43f	0x2fddV0x2482V0x43f	0
0x20aaS0x2482S0x43f	0x20aaV0x2482V0x43f	0
0x20abS0x2482S0x43f	0x20abV0x2482V0x43f	0
0x20aeS0x2482S0x43f	0x20aeV0x2482V0x43f	0
0x20b2S0x2482S0x43f	0x20b2V0x2482V0x43f	0
0x20c2S0x2482S0x43f	0x20c2V0x2482V0x43f	0
0x20c5S0x2482S0x43f	0x20c5V0x2482V0x43f	0
0x20c8S0x2482S0x43f	0x20c8V0x2482V0x43f	0
0x20cbS0x2482S0x43f	0x20cbV0x2482V0x43f	0
0x20d0S0x2482S0x43f	0x20d0V0x2482V0x43f	0
0x20d3S0x2482S0x43f	0x20d3V0x2482V0x43f	0
0x20d5S0x2482S0x43f	0x20d5V0x2482V0x43f	0
0x20d6S0x2482S0x43f	0x20d6V0x2482V0x43f	0
0x20d7S0x2482S0x43f	0x20d7V0x2482V0x43f	0
0x20d8S0x2482S0x43f	0x20d8V0x2482V0x43f	0
0x20b7S0x2482S0x43f	0x20b7V0x2482V0x43f	0
0x2fcbS0x2482S0x43f	0x2fcbV0x2482V0x43f	0
0x2fcdS0x2482S0x43f	0x2fcdV0x2482V0x43f	0
0x2fd7S0x2482S0x43f	0x2fd7V0x2482V0x43f	0
0x2fd8S0x2482S0x43f	0x2fd8V0x2482V0x43f	0
0x2fd9S0x2482S0x43f	0x2fd9V0x2482V0x43f	0
0x20e1S0x2482S0x43f	0x20e1V0x2482V0x43f	0
0x1b000S0x2482S0x43f	0x1b000V0x2482V0x43f	0
0x20f9S0x2482S0x43f	0x20f9V0x2482V0x43f	0
0x20fcS0x2482S0x43f	0x20fcV0x2482V0x43f	0
0x20ffS0x2482S0x43f	0x20ffV0x2482V0x43f	0
0x2102S0x2482S0x43f	0x2102V0x2482V0x43f	0
0x2106S0x2482S0x43f	0x2106V0x2482V0x43f	0
0x2109S0x2482S0x43f	0x2109V0x2482V0x43f	0
0x210cS0x2482S0x43f	0x210cV0x2482V0x43f	0
0x20f6_0x2S0x2482S0x43f	0x20f6_0x2V0x2482V0x43f	0
0x20f6_0x3S0x2482S0x43f	0x20f6_0x3V0x2482V0x43f	0
0x20f6_0x4S0x2482S0x43f	0x20f6_0x4V0x2482V0x43f	0
0x20e6S0x2482S0x43f	0x20e6V0x2482V0x43f	0
0x20e7S0x2482S0x43f	0x20e7V0x2482V0x43f	0
0x20e8S0x2482S0x43f	0x20e8V0x2482V0x43f	0
0x20e3_0x0S0x2482S0x43f	0x20e3_0x0V0x2482V0x43f	0
0x2098S0x2482S0x43f	0x2098V0x2482V0x43f	0
0x209bS0x2482S0x43f	0x209bV0x2482V0x43f	0
0x209eS0x2482S0x43f	0x209eV0x2482V0x43f	0
0x209fS0x2482S0x43f	0x209fV0x2482V0x43f	0
0x20a0S0x2482S0x43f	0x20a0V0x2482V0x43f	0
0x2fe2S0x2482S0x43f	0x2fe2V0x2482V0x43f	0
0x2fe5S0x2482S0x43f	0x2fe5V0x2482V0x43f	0
0x2fe8S0x2482S0x43f	0x2fe8V0x2482V0x43f	0
0x2febS0x2482S0x43f	0x2febV0x2482V0x43f	0
0x20edS0x2482S0x43f	0x20edV0x2482V0x43f	0
0x20f2S0x2482S0x43f	0x20f2V0x2482V0x43f	0
0x20ec_0x1S0x2482S0x43f	0x20ec_0x1V0x2482V0x43f	0
0x2fbcS0x20b6S0x2482S0x43f	0x2fbcV0x20b6V0x2482V0x43f	0
0x2f9eS0x20b6S0x2482S0x43f	0x2f9eV0x20b6V0x2482V0x43f	0
0x2fa0S0x20b6S0x2482S0x43f	0x2fa0V0x20b6V0x2482V0x43f	0
0x2fa2S0x20b6S0x2482S0x43f	0x2fa2V0x20b6V0x2482V0x43f	0
0x2fa7S0x20b6S0x2482S0x43f	0x2fa7V0x20b6V0x2482V0x43f	0
0x2faaS0x20b6S0x2482S0x43f	0x2faaV0x20b6V0x2482V0x43f	0
0x2fabS0x20b6S0x2482S0x43f	0x2fabV0x20b6V0x2482V0x43f	0
0x2fb5S0x20b6S0x2482S0x43f	0x2fb5V0x20b6V0x2482V0x43f	0
0x2fb6S0x20b6S0x2482S0x43f	0x2fb6V0x20b6V0x2482V0x43f	0
0x2fb7S0x20b6S0x2482S0x43f	0x2fb7V0x20b6V0x2482V0x43f	0
0x2fb8S0x20b6S0x2482S0x43f	0x2fb8V0x20b6V0x2482V0x43f	0
0x2fc2S0x20b6S0x2482S0x43f	0x2fc2V0x20b6V0x2482V0x43f	0
0x2083S0x20ecS0x2482S0x43f	0x2083V0x20ecV0x2482V0x43f	0
0x2086S0x20ecS0x2482S0x43f	0x2086V0x20ecV0x2482V0x43f	0
0x2089S0x20ecS0x2482S0x43f	0x2089V0x20ecV0x2482V0x43f	0
0x208dS0x20ecS0x2482S0x43f	0x208dV0x20ecV0x2482V0x43f	0
0x31a1S0x2082S0x20ecS0x2482S0x43f	0x31a1V0x2082V0x20ecV0x2482V0x43f	0
0x3192S0x2082S0x20ecS0x2482S0x43f	0x3192V0x2082V0x20ecV0x2482V0x43f	0
0x3196S0x2082S0x20ecS0x2482S0x43f	0x3196V0x2082V0x20ecV0x2482V0x43f	0
0x319cS0x2082S0x20ecS0x2482S0x43f	0x319cV0x2082V0x20ecV0x2482V0x43f	0
0x319dS0x2082S0x20ecS0x2482S0x43f	0x319dV0x2082V0x20ecV0x2482V0x43f	0
0x30e5S0x3191S0x2082S0x20ecS0x2482S0x43f	0x30e5V0x3191V0x2082V0x20ecV0x2482V0x43f	0
0x30e7S0x3191S0x2082S0x20ecS0x2482S0x43f	0x30e7V0x3191V0x2082V0x20ecV0x2482V0x43f	0
0x30ebS0x3191S0x2082S0x20ecS0x2482S0x43f	0x30ebV0x3191V0x2082V0x20ecV0x2482V0x43f	0
0x310dS0x3191S0x2082S0x20ecS0x2482S0x43f	0x310dV0x3191V0x2082V0x20ecV0x2482V0x43f	0
0x310fS0x3191S0x2082S0x20ecS0x2482S0x43f	0x310fV0x3191V0x2082V0x20ecV0x2482V0x43f	0
0x3125S0x3191S0x2082S0x20ecS0x2482S0x43f	0x3125V0x3191V0x2082V0x20ecV0x2482V0x43f	0
0x1d12S0x1a19	0x1d12V0x1a19	0
0x1d16S0x1a19	0x1d16V0x1a19	0
0x1d1bS0x1a19	0x1d1bV0x1a19	0
0x1d1dS0x1a19	0x1d1dV0x1a19	0
0x1d21S0x1a19	0x1d21V0x1a19	0
0x1d23S0x1a19	0x1d23V0x1a19	0
0x1d24S0x1a19	0x1d24V0x1a19	0
0x1d26S0x1a19	0x1d26V0x1a19	0
0x1d27S0x1a19	0x1d27V0x1a19	0
0x1d2eS0x1a19	0x1d2eV0x1a19	0
0x1d33S0x1a19	0x1d33V0x1a19	0
0x1d35S0x1a19	0x1d35V0x1a19	0
0x1d36S0x1a19	0x1d36V0x1a19	0
0x1d3aS0x1a19	0x1d3aV0x1a19	0
0x1d3bS0x1a19	0x1d3bV0x1a19	0
0x1d3fS0x1a19	0x1d3fV0x1a19	0
0x1d43S0x1a19	0x1d43V0x1a19	0
0x1d60S0x1a19	0x1d60V0x1a19	0
0x1d61S0x1a19	0x1d61V0x1a19	0
0x1d62S0x1a19	0x1d62V0x1a19	0
0x1d65S0x1a19	0x1d65V0x1a19	0
0x1d67S0x1a19	0x1d67V0x1a19	0
0x1d68S0x1a19	0x1d68V0x1a19	0
0x1d88S0x1a19	0x1d88V0x1a19	0
0x1d89S0x1a19	0x1d89V0x1a19	0
0x1d90S0x1a19	0x1d90V0x1a19	0
0x2bf5S0x1d11S0x1a19	0x2bf5V0x1d11V0x1a19	0
0x2bf7S0x1d11S0x1a19	0x2bf7V0x1d11V0x1a19	0
0x2bfaS0x1d11S0x1a19	0x2bfaV0x1d11V0x1a19	0
0x2bfdS0x1d11S0x1a19	0x2bfdV0x1d11V0x1a19	0
0x2c00S0x1d11S0x1a19	0x2c00V0x1d11V0x1a19	0
0x2c03S0x1d11S0x1a19	0x2c03V0x1d11V0x1a19	0
0x2c05S0x1d11S0x1a19	0x2c05V0x1d11V0x1a19	0
0x2c0aS0x1d11S0x1a19	0x2c0aV0x1d11V0x1a19	0
0x2c0dS0x1d11S0x1a19	0x2c0dV0x1d11V0x1a19	0
0x2c10S0x1d11S0x1a19	0x2c10V0x1d11V0x1a19	0
0x2c12S0x1d11S0x1a19	0x2c12V0x1d11V0x1a19	0
0x2c17S0x1d11S0x1a19	0x2c17V0x1d11V0x1a19	0
0x2c1aS0x1d11S0x1a19	0x2c1aV0x1d11V0x1a19	0
0x2c1dS0x1d11S0x1a19	0x2c1dV0x1d11V0x1a19	0
0x2c1fS0x1d11S0x1a19	0x2c1fV0x1d11V0x1a19	0
0x2687S0x2bf4S0x1d11S0x1a19	0x2687V0x2bf4V0x1d11V0x1a19	0
0x268bS0x2bf4S0x1d11S0x1a19	0x268bV0x2bf4V0x1d11V0x1a19	0
0x30e5S0x2686S0x2bf4S0x1d11S0x1a19	0x30e5V0x2686V0x2bf4V0x1d11V0x1a19	0
0x30e7S0x2686S0x2bf4S0x1d11S0x1a19	0x30e7V0x2686V0x2bf4V0x1d11V0x1a19	0
0x30ebS0x2686S0x2bf4S0x1d11S0x1a19	0x30ebV0x2686V0x2bf4V0x1d11V0x1a19	0
0x310dS0x2686S0x2bf4S0x1d11S0x1a19	0x310dV0x2686V0x2bf4V0x1d11V0x1a19	0
0x310fS0x2686S0x2bf4S0x1d11S0x1a19	0x310fV0x2686V0x2bf4V0x1d11V0x1a19	0
0x3125S0x2686S0x2bf4S0x1d11S0x1a19	0x3125V0x2686V0x2bf4V0x1d11V0x1a19	0
0x2687S0x2c09S0x1d11S0x1a19	0x2687V0x2c09V0x1d11V0x1a19	0
0x268bS0x2c09S0x1d11S0x1a19	0x268bV0x2c09V0x1d11V0x1a19	0
0x30e5S0x2686S0x2c09S0x1d11S0x1a19	0x30e5V0x2686V0x2c09V0x1d11V0x1a19	0
0x30e7S0x2686S0x2c09S0x1d11S0x1a19	0x30e7V0x2686V0x2c09V0x1d11V0x1a19	0
0x30ebS0x2686S0x2c09S0x1d11S0x1a19	0x30ebV0x2686V0x2c09V0x1d11V0x1a19	0
0x310dS0x2686S0x2c09S0x1d11S0x1a19	0x310dV0x2686V0x2c09V0x1d11V0x1a19	0
0x310fS0x2686S0x2c09S0x1d11S0x1a19	0x310fV0x2686V0x2c09V0x1d11V0x1a19	0
0x3125S0x2686S0x2c09S0x1d11S0x1a19	0x3125V0x2686V0x2c09V0x1d11V0x1a19	0
0x2b6eS0x2c16S0x1d11S0x1a19	0x2b6eV0x2c16V0x1d11V0x1a19	0
0x2b72S0x2c16S0x1d11S0x1a19	0x2b72V0x2c16V0x1d11V0x1a19	0
0x312dS0x2b6dS0x2c16S0x1d11S0x1a19	0x312dV0x2b6dV0x2c16V0x1d11V0x1a19	0
0x1e8eS0x1d32S0x1a19	0x1e8eV0x1d32V0x1a19	0
0x1e90S0x1d32S0x1a19	0x1e90V0x1d32V0x1a19	0
0x1e91S0x1d32S0x1a19	0x1e91V0x1d32V0x1a19	0
0x1eb4S0x1d32S0x1a19	0x1eb4V0x1d32V0x1a19	0
0x1eb6S0x1d32S0x1a19	0x1eb6V0x1d32V0x1a19	0
0x1eb7S0x1d32S0x1a19	0x1eb7V0x1d32V0x1a19	0
0x1ebbS0x1d32S0x1a19	0x1ebbV0x1d32V0x1a19	0
0x1f0dS0x1d32S0x1a19	0x1f0dV0x1d32V0x1a19	0
0x1f0fS0x1d32S0x1a19	0x1f0fV0x1d32V0x1a19	0
0x1f12S0x1d32S0x1a19	0x1f12V0x1d32V0x1a19	0
0x1f14S0x1d32S0x1a19	0x1f14V0x1d32V0x1a19	0
0x1f15S0x1d32S0x1a19	0x1f15V0x1d32V0x1a19	0
0x1f17S0x1d32S0x1a19	0x1f17V0x1d32V0x1a19	0
0x1f18S0x1d32S0x1a19	0x1f18V0x1d32V0x1a19	0
0x1f19S0x1d32S0x1a19	0x1f19V0x1d32V0x1a19	0
0x1f1bS0x1d32S0x1a19	0x1f1bV0x1d32V0x1a19	0
0x1f1cS0x1d32S0x1a19	0x1f1cV0x1d32V0x1a19	0
0x1f1fS0x1d32S0x1a19	0x1f1fV0x1d32V0x1a19	0
0x1f22S0x1d32S0x1a19	0x1f22V0x1d32V0x1a19	0
0x1f23S0x1d32S0x1a19	0x1f23V0x1d32V0x1a19	0
0x1f25S0x1d32S0x1a19	0x1f25V0x1d32V0x1a19	0
0x1f28S0x1d32S0x1a19	0x1f28V0x1d32V0x1a19	0
0x1f2aS0x1d32S0x1a19	0x1f2aV0x1d32V0x1a19	0
0x1f3eS0x1d32S0x1a19	0x1f3eV0x1d32V0x1a19	0
0x1f40S0x1d32S0x1a19	0x1f40V0x1d32V0x1a19	0
0x1f41S0x1d32S0x1a19	0x1f41V0x1d32V0x1a19	0
0x1f64S0x1d32S0x1a19	0x1f64V0x1d32V0x1a19	0
0x1f66S0x1d32S0x1a19	0x1f66V0x1d32V0x1a19	0
0x1f67S0x1d32S0x1a19	0x1f67V0x1d32V0x1a19	0
0x1f6bS0x1d32S0x1a19	0x1f6bV0x1d32V0x1a19	0
0x1f9bS0x1d32S0x1a19	0x1f9bV0x1d32V0x1a19	0
0x1f9dS0x1d32S0x1a19	0x1f9dV0x1d32V0x1a19	0
0x1f9eS0x1d32S0x1a19	0x1f9eV0x1d32V0x1a19	0
0x1fc1S0x1d32S0x1a19	0x1fc1V0x1d32V0x1a19	0
0x1fc3S0x1d32S0x1a19	0x1fc3V0x1d32V0x1a19	0
0x1fc4S0x1d32S0x1a19	0x1fc4V0x1d32V0x1a19	0
0x1fc8S0x1d32S0x1a19	0x1fc8V0x1d32V0x1a19	0
0x1e6bS0x1d32S0x1a19	0x1e6bV0x1d32V0x1a19	0
0x1e6fS0x1d32S0x1a19	0x1e6fV0x1d32V0x1a19	0
0x1e84S0x1d32S0x1a19	0x1e84V0x1d32V0x1a19	0
0x1e85S0x1d32S0x1a19	0x1e85V0x1d32V0x1a19	0
0x1e88S0x1d32S0x1a19	0x1e88_0x0V0x1d32V0x1a19	0
0x1e8aS0x1d32S0x1a19	0x1e8aV0x1d32V0x1a19	0
0x1ec9S0x1d32S0x1a19	0x1ec9V0x1d32V0x1a19	0
0x1ecbS0x1d32S0x1a19	0x1ecbV0x1d32V0x1a19	0
0x1eceS0x1d32S0x1a19	0x1eceV0x1d32V0x1a19	0
0x1ee3S0x1d32S0x1a19	0x1ee3V0x1d32V0x1a19	0
0x1ee5S0x1d32S0x1a19	0x1ee5V0x1d32V0x1a19	0
0x1ee7S0x1d32S0x1a19	0x1ee7V0x1d32V0x1a19	0
0x1ee8S0x1d32S0x1a19	0x1ee8V0x1d32V0x1a19	0
0x1eedS0x1d32S0x1a19	0x1eedV0x1d32V0x1a19	0
0x1ec0S0x1d32S0x1a19	0x1ec0V0x1d32V0x1a19	0
0x1ec2S0x1d32S0x1a19	0x1ec2V0x1d32V0x1a19	0
0x1ec5S0x1d32S0x1a19	0x1ec5V0x1d32V0x1a19	0
0x1ef2S0x1d32S0x1a19	0x1ef2V0x1d32V0x1a19	0
0x1ef4S0x1d32S0x1a19	0x1ef4V0x1d32V0x1a19	0
0x1ef6S0x1d32S0x1a19	0x1ef6V0x1d32V0x1a19	0
0x1ef9S0x1d32S0x1a19	0x1ef9V0x1d32V0x1a19	0
0x1efbS0x1d32S0x1a19	0x1efbV0x1d32V0x1a19	0
0x1efeS0x1d32S0x1a19	0x1efeV0x1d32V0x1a19	0
0x1effS0x1d32S0x1a19	0x1effV0x1d32V0x1a19	0
0x1f03S0x1d32S0x1a19	0x1f03V0x1d32V0x1a19	0
0x1f05S0x1d32S0x1a19	0x1f05V0x1d32V0x1a19	0
0x1f08S0x1d32S0x1a19	0x1f08V0x1d32V0x1a19	0
0x1f09S0x1d32S0x1a19	0x1f09V0x1d32V0x1a19	0
0x1f2fS0x1d32S0x1a19	0x1f2fV0x1d32V0x1a19	0
0x19200S0x1d32S0x1a19	0x19200V0x1d32V0x1a19	0
0x1f3aS0x1d32S0x1a19	0x1f3aV0x1d32V0x1a19	0
0x1f79S0x1d32S0x1a19	0x1f79V0x1d32V0x1a19	0
0x1f7cS0x1d32S0x1a19	0x1f7cV0x1d32V0x1a19	0
0x1f7dS0x1d32S0x1a19	0x1f7dV0x1d32V0x1a19	0
0x1f7eS0x1d32S0x1a19	0x1f7eV0x1d32V0x1a19	0
0x1f7fS0x1d32S0x1a19	0x1f7fV0x1d32V0x1a19	0
0x1f78_0x0S0x1d32S0x1a19	0x1f78_0x0V0x1d32V0x1a19	0
0x1f70S0x1d32S0x1a19	0x1f70V0x1d32V0x1a19	0
0x1f72S0x1d32S0x1a19	0x1f72V0x1d32V0x1a19	0
0x1f75S0x1d32S0x1a19	0x1f75V0x1d32V0x1a19	0
0x1f97S0x1d32S0x1a19	0x1f97V0x1d32V0x1a19	0
0x19c00S0x1d32S0x1a19	0x19c00V0x1d32V0x1a19	0
0x1fcdS0x1d32S0x1a19	0x1fcdV0x1d32V0x1a19	0
0x1fcfS0x1d32S0x1a19	0x1fcfV0x1d32V0x1a19	0
0x1fd2S0x1d32S0x1a19	0x1fd2V0x1d32V0x1a19	0
0x1f85S0x1d32S0x1a19	0x1f85V0x1d32V0x1a19	0
0x1f87S0x1d32S0x1a19	0x1f87V0x1d32V0x1a19	0
0x1f89S0x1d32S0x1a19	0x1f89V0x1d32V0x1a19	0
0x1f8bS0x1d32S0x1a19	0x1f8bV0x1d32V0x1a19	0
0x1f8dS0x1d32S0x1a19	0x1f8dV0x1d32V0x1a19	0
0x1f92S0x1d32S0x1a19	0x1f92V0x1d32V0x1a19	0
0x1f83_0x0S0x1d32S0x1a19	0x1f83_0x0V0x1d32V0x1a19	0
0x2f3aS0x1e8eS0x1d32S0x1a19	0x2f3aV0x1e8eV0x1d32V0x1a19	0
0x2f3cS0x1e8eS0x1d32S0x1a19	0x2f3cV0x1e8eV0x1d32V0x1a19	0
0x2f3fS0x1e8eS0x1d32S0x1a19	0x2f3fV0x1e8eV0x1d32V0x1a19	0
0x2f44S0x1e8eS0x1d32S0x1a19	0x2f44V0x1e8eV0x1d32V0x1a19	0
0x2f45S0x1e8eS0x1d32S0x1a19	0x2f45V0x1e8eV0x1d32V0x1a19	0
0x2f48S0x1e8eS0x1d32S0x1a19	0x2f48V0x1e8eV0x1d32V0x1a19	0
0x2f4aS0x1e8eS0x1d32S0x1a19	0x2f4aV0x1e8eV0x1d32V0x1a19	0
0x2f4eS0x1e8eS0x1d32S0x1a19	0x2f4eV0x1e8eV0x1d32V0x1a19	0
0x2b2eS0x1e8eS0x1d32S0x1a19	0x2b2eV0x1e8eV0x1d32V0x1a19	0
0x2b4fS0x1e8eS0x1d32S0x1a19	0x2b4fV0x1e8eV0x1d32V0x1a19	0
0x2b52S0x1e8eS0x1d32S0x1a19	0x2b52V0x1e8eV0x1d32V0x1a19	0
0x2b54S0x1e8eS0x1d32S0x1a19	0x2b54V0x1e8eV0x1d32V0x1a19	0
0x2b57S0x1e8eS0x1d32S0x1a19	0x2b57V0x1e8eV0x1d32V0x1a19	0
0x2b1fS0x1e8eS0x1d32S0x1a19	0x2b1fV0x1e8eV0x1d32V0x1a19	0
0x2b21S0x1e8eS0x1d32S0x1a19	0x2b21V0x1e8eV0x1d32V0x1a19	0
0x2b24S0x1e8eS0x1d32S0x1a19	0x2b24V0x1e8eV0x1d32V0x1a19	0
0x2b27S0x1e8eS0x1d32S0x1a19	0x2b27V0x1e8eV0x1d32V0x1a19	0
0x30c9S0x2b1eS0x1e8eS0x1d32S0x1a19	0x30c9V0x2b1eV0x1e8eV0x1d32V0x1a19	0
0x30ceS0x2b1eS0x1e8eS0x1d32S0x1a19	0x30ceV0x2b1eV0x1e8eV0x1d32V0x1a19	0
0x30d1S0x2b1eS0x1e8eS0x1d32S0x1a19	0x30d1V0x2b1eV0x1e8eV0x1d32V0x1a19	0
0x2e5aS0x1f3eS0x1d32S0x1a19	0x2e5aV0x1f3eV0x1d32V0x1a19	0
0x2e5cS0x1f3eS0x1d32S0x1a19	0x2e5cV0x1f3eV0x1d32V0x1a19	0
0x2e5fS0x1f3eS0x1d32S0x1a19	0x2e5fV0x1f3eV0x1d32V0x1a19	0
0x2e64S0x1f3eS0x1d32S0x1a19	0x2e64V0x1f3eV0x1d32V0x1a19	0
0x2e65S0x1f3eS0x1d32S0x1a19	0x2e65V0x1f3eV0x1d32V0x1a19	0
0x2e68S0x1f3eS0x1d32S0x1a19	0x2e68V0x1f3eV0x1d32V0x1a19	0
0x2e6aS0x1f3eS0x1d32S0x1a19	0x2e6aV0x1f3eV0x1d32V0x1a19	0
0x2e6eS0x1f3eS0x1d32S0x1a19	0x2e6eV0x1f3eV0x1d32V0x1a19	0
0x2922S0x1f3eS0x1d32S0x1a19	0x2922V0x1f3eV0x1d32V0x1a19	0
0x2943S0x1f3eS0x1d32S0x1a19	0x2943V0x1f3eV0x1d32V0x1a19	0
0x2946S0x1f3eS0x1d32S0x1a19	0x2946V0x1f3eV0x1d32V0x1a19	0
0x2948S0x1f3eS0x1d32S0x1a19	0x2948V0x1f3eV0x1d32V0x1a19	0
0x294bS0x1f3eS0x1d32S0x1a19	0x294bV0x1f3eV0x1d32V0x1a19	0
0x2913S0x1f3eS0x1d32S0x1a19	0x2913V0x1f3eV0x1d32V0x1a19	0
0x2915S0x1f3eS0x1d32S0x1a19	0x2915V0x1f3eV0x1d32V0x1a19	0
0x2918S0x1f3eS0x1d32S0x1a19	0x2918V0x1f3eV0x1d32V0x1a19	0
0x291bS0x1f3eS0x1d32S0x1a19	0x291bV0x1f3eV0x1d32V0x1a19	0
0x30c9S0x2912S0x1f3eS0x1d32S0x1a19	0x30c9V0x2912V0x1f3eV0x1d32V0x1a19	0
0x30ceS0x2912S0x1f3eS0x1d32S0x1a19	0x30ceV0x2912V0x1f3eV0x1d32V0x1a19	0
0x30d1S0x2912S0x1f3eS0x1d32S0x1a19	0x30d1V0x2912V0x1f3eV0x1d32V0x1a19	0
0x2efaS0x1f9bS0x1d32S0x1a19	0x2efaV0x1f9bV0x1d32V0x1a19	0
0x2efcS0x1f9bS0x1d32S0x1a19	0x2efcV0x1f9bV0x1d32V0x1a19	0
0x2effS0x1f9bS0x1d32S0x1a19	0x2effV0x1f9bV0x1d32V0x1a19	0
0x2f04S0x1f9bS0x1d32S0x1a19	0x2f04V0x1f9bV0x1d32V0x1a19	0
0x2f05S0x1f9bS0x1d32S0x1a19	0x2f05V0x1f9bV0x1d32V0x1a19	0
0x2f08S0x1f9bS0x1d32S0x1a19	0x2f08V0x1f9bV0x1d32V0x1a19	0
0x2f0aS0x1f9bS0x1d32S0x1a19	0x2f0aV0x1f9bV0x1d32V0x1a19	0
0x2f0eS0x1f9bS0x1d32S0x1a19	0x2f0eV0x1f9bV0x1d32V0x1a19	0
0x2a88S0x1f9bS0x1d32S0x1a19	0x2a88V0x1f9bV0x1d32V0x1a19	0
0x2aa9S0x1f9bS0x1d32S0x1a19	0x2aa9V0x1f9bV0x1d32V0x1a19	0
0x2aacS0x1f9bS0x1d32S0x1a19	0x2aacV0x1f9bV0x1d32V0x1a19	0
0x2aaeS0x1f9bS0x1d32S0x1a19	0x2aaeV0x1f9bV0x1d32V0x1a19	0
0x2acfS0x1f9bS0x1d32S0x1a19	0x2acfV0x1f9bV0x1d32V0x1a19	0
0x2ad2S0x1f9bS0x1d32S0x1a19	0x2ad2V0x1f9bV0x1d32V0x1a19	0
0x2ad4S0x1f9bS0x1d32S0x1a19	0x2ad4V0x1f9bV0x1d32V0x1a19	0
0x2ad7S0x1f9bS0x1d32S0x1a19	0x2ad7V0x1f9bV0x1d32V0x1a19	0
0x2a79S0x1f9bS0x1d32S0x1a19	0x2a79V0x1f9bV0x1d32V0x1a19	0
0x2a7bS0x1f9bS0x1d32S0x1a19	0x2a7bV0x1f9bV0x1d32V0x1a19	0
0x2a7eS0x1f9bS0x1d32S0x1a19	0x2a7eV0x1f9bV0x1d32V0x1a19	0
0x2a81S0x1f9bS0x1d32S0x1a19	0x2a81V0x1f9bV0x1d32V0x1a19	0
0x30c9S0x2a78S0x1f9bS0x1d32S0x1a19	0x30c9V0x2a78V0x1f9bV0x1d32V0x1a19	0
0x30ceS0x2a78S0x1f9bS0x1d32S0x1a19	0x30ceV0x2a78V0x1f9bV0x1d32V0x1a19	0
0x30d1S0x2a78S0x1f9bS0x1d32S0x1a19	0x30d1V0x2a78V0x1f9bV0x1d32V0x1a19	0
0x2b8cS0x1ec8S0x1d32S0x1a19	0x2b8cV0x1ec8V0x1d32V0x1a19	0
0x2b8eS0x1ec8S0x1d32S0x1a19	0x2b8eV0x1ec8V0x1d32V0x1a19	0
0x2b93S0x1ec8S0x1d32S0x1a19	0x2b93V0x1ec8V0x1d32V0x1a19	0
0x2734S0x1ec8S0x1d32S0x1a19	0x2734V0x1ec8V0x1d32V0x1a19	0
0x2739S0x1ec8S0x1d32S0x1a19	0x2739V0x1ec8V0x1d32V0x1a19	0
0x308aS0x1ec8S0x1d32S0x1a19	0x308aV0x1ec8V0x1d32V0x1a19	0
0x308dS0x1ec8S0x1d32S0x1a19	0x308dV0x1ec8V0x1d32V0x1a19	0
0x2740S0x1ec8S0x1d32S0x1a19	0x2740V0x1ec8V0x1d32V0x1a19	0
0x2745S0x1ec8S0x1d32S0x1a19	0x2745V0x1ec8V0x1d32V0x1a19	0
0x2748S0x1ec8S0x1d32S0x1a19	0x2748V0x1ec8V0x1d32V0x1a19	0
0x2749S0x1ec8S0x1d32S0x1a19	0x2749V0x1ec8V0x1d32V0x1a19	0
0x30beS0x1ec8S0x1d32S0x1a19	0x30beV0x1ec8V0x1d32V0x1a19	0
0x2750S0x1ec8S0x1d32S0x1a19	0x2750V0x1ec8V0x1d32V0x1a19	0
0x2729S0x1ec8S0x1d32S0x1a19	0x2729V0x1ec8V0x1d32V0x1a19	0
0x272bS0x1ec8S0x1d32S0x1a19	0x272bV0x1ec8V0x1d32V0x1a19	0
0x272fS0x1ec8S0x1d32S0x1a19	0x272fV0x1ec8V0x1d32V0x1a19	0
0x316aS0x273dS0x1ec8S0x1d32S0x1a19	0x316aV0x273dV0x1ec8V0x1d32V0x1a19	0
0x316eS0x273dS0x1ec8S0x1d32S0x1a19	0x316eV0x273dV0x1ec8V0x1d32V0x1a19	0
0x1e200S0x273dS0x1ec8S0x1d32S0x1a19	0x1e200V0x273dV0x1ec8V0x1d32V0x1a19	0
0x3144S0x273dS0x1ec8S0x1d32S0x1a19	0x3144V0x273dV0x1ec8V0x1d32V0x1a19	0
0x1d800S0x273dS0x1ec8S0x1d32S0x1a19	0x1d800V0x273dV0x1ec8V0x1d32V0x1a19	0
0x3164S0x273dS0x1ec8S0x1d32S0x1a19	0x3164V0x273dV0x1ec8V0x1d32V0x1a19	0
0x3165S0x273dS0x1ec8S0x1d32S0x1a19	0x3165V0x273dV0x1ec8V0x1d32V0x1a19	0
0x3166S0x273dS0x1ec8S0x1d32S0x1a19	0x3166V0x273dV0x1ec8V0x1d32V0x1a19	0
0x3161_0x0S0x273dS0x1ec8S0x1d32S0x1a19	0x3161_0x0V0x273dV0x1ec8V0x1d32V0x1a19	0
0x3149S0x273dS0x1ec8S0x1d32S0x1a19	0x3149V0x273dV0x1ec8V0x1d32V0x1a19	0
0x314aS0x273dS0x1ec8S0x1d32S0x1a19	0x314aV0x273dV0x1ec8V0x1d32V0x1a19	0
0x314bS0x273dS0x1ec8S0x1d32S0x1a19	0x314bV0x273dV0x1ec8V0x1d32V0x1a19	0
0x3146_0x0S0x273dS0x1ec8S0x1d32S0x1a19	0x3146_0x0V0x273dV0x1ec8V0x1d32V0x1a19	0
0x3151S0x273dS0x1ec8S0x1d32S0x1a19	0x3151V0x273dV0x1ec8V0x1d32V0x1a19	0
0x3152S0x273dS0x1ec8S0x1d32S0x1a19	0x3152V0x273dV0x1ec8V0x1d32V0x1a19	0
0x3155S0x273dS0x1ec8S0x1d32S0x1a19	0x3155V0x273dV0x1ec8V0x1d32V0x1a19	0
0x3157S0x273dS0x1ec8S0x1d32S0x1a19	0x3157V0x273dV0x1ec8V0x1d32V0x1a19	0
0x315aS0x273dS0x1ec8S0x1d32S0x1a19	0x315aV0x273dV0x1ec8V0x1d32V0x1a19	0
0x315dS0x273dS0x1ec8S0x1d32S0x1a19	0x315dV0x273dV0x1ec8V0x1d32V0x1a19	0
0x314f_0x0S0x273dS0x1ec8S0x1d32S0x1a19	0x314f_0x0V0x273dV0x1ec8V0x1d32V0x1a19	0
0x24cfS0x1f83B0x1d32S0x1a19	0x24cfV0x1f83B0x1d32V0x1a19	0
0x24d4S0x1f83B0x1d32S0x1a19	0x24d4V0x1f83B0x1d32V0x1a19	0
0x24d6S0x1f83B0x1d32S0x1a19	0x24d6V0x1f83B0x1d32V0x1a19	0
0x24dcS0x1f83B0x1d32S0x1a19	0x24dcV0x1f83B0x1d32V0x1a19	0
0x24ddS0x1f83B0x1d32S0x1a19	0x24ddV0x1f83B0x1d32V0x1a19	0
0x24c2S0x1f83B0x1d32S0x1a19	0x24c2V0x1f83B0x1d32V0x1a19	0
0x24c4S0x1f83B0x1d32S0x1a19	0x24c4V0x1f83B0x1d32V0x1a19	0
0x24c8S0x1f83B0x1d32S0x1a19	0x24c8V0x1f83B0x1d32V0x1a19	0
0x24c9S0x1f83B0x1d32S0x1a19	0x24c9V0x1f83B0x1d32V0x1a19	0
0x24caS0x1f83B0x1d32S0x1a19	0x24caV0x1f83B0x1d32V0x1a19	0
0x24cbS0x1f83B0x1d32S0x1a19	0x24cbV0x1f83B0x1d32V0x1a19	0
0x2221S0x24d3S0x1f83B0x1d32S0x1a19	0x2221V0x24d3V0x1f83B0x1d32V0x1a19	0
0x2224S0x24d3S0x1f83B0x1d32S0x1a19	0x2224V0x24d3V0x1f83B0x1d32V0x1a19	0
0x2227S0x24d3S0x1f83B0x1d32S0x1a19	0x2227V0x24d3V0x1f83B0x1d32V0x1a19	0
0x222bS0x24d3S0x1f83B0x1d32S0x1a19	0x222bV0x24d3V0x1f83B0x1d32V0x1a19	0
0x31b8S0x2220S0x24d3S0x1f83B0x1d32S0x1a19	0x31b8V0x2220V0x24d3V0x1f83B0x1d32V0x1a19	0
0x31a9S0x2220S0x24d3S0x1f83B0x1d32S0x1a19	0x31a9V0x2220V0x24d3V0x1f83B0x1d32V0x1a19	0
0x31adS0x2220S0x24d3S0x1f83B0x1d32S0x1a19	0x31adV0x2220V0x24d3V0x1f83B0x1d32V0x1a19	0
0x31b3S0x2220S0x24d3S0x1f83B0x1d32S0x1a19	0x31b3V0x2220V0x24d3V0x1f83B0x1d32V0x1a19	0
0x31b4S0x2220S0x24d3S0x1f83B0x1d32S0x1a19	0x31b4V0x2220V0x24d3V0x1f83B0x1d32V0x1a19	0
0x30f7S0x31a8S0x2220S0x24d3S0x1f83B0x1d32S0x1a19	0x30f7V0x31a8V0x2220V0x24d3V0x1f83B0x1d32V0x1a19	0
0x30faS0x31a8S0x2220S0x24d3S0x1f83B0x1d32S0x1a19	0x30faV0x31a8V0x2220V0x24d3V0x1f83B0x1d32V0x1a19	0
0x30fbS0x31a8S0x2220S0x24d3S0x1f83B0x1d32S0x1a19	0x30fbV0x31a8V0x2220V0x24d3V0x1f83B0x1d32V0x1a19	0
0x1de5S0x1cb8	0x1de5V0x1cb8	0
0x1de9S0x1cb8	0x1de9V0x1cb8	0
0x1deeS0x1cb8	0x1deeV0x1cb8	0
0x1df0S0x1cb8	0x1df0V0x1cb8	0
0x1df3S0x1cb8	0x1df3V0x1cb8	0
0x1df5S0x1cb8	0x1df5V0x1cb8	0
0x1df6S0x1cb8	0x1df6V0x1cb8	0
0x1df8S0x1cb8	0x1df8V0x1cb8	0
0x1df9S0x1cb8	0x1df9V0x1cb8	0
0x1dffS0x1cb8	0x1dffV0x1cb8	0
0x1e04S0x1cb8	0x1e04V0x1cb8	0
0x1e06S0x1cb8	0x1e06V0x1cb8	0
0x1e07S0x1cb8	0x1e07V0x1cb8	0
0x1e0bS0x1cb8	0x1e0bV0x1cb8	0
0x1e0cS0x1cb8	0x1e0cV0x1cb8	0
0x1e10S0x1cb8	0x1e10V0x1cb8	0
0x1e14S0x1cb8	0x1e14V0x1cb8	0
0x1e31S0x1cb8	0x1e31V0x1cb8	0
0x1e32S0x1cb8	0x1e32V0x1cb8	0
0x1e33S0x1cb8	0x1e33V0x1cb8	0
0x1e36S0x1cb8	0x1e36V0x1cb8	0
0x1e38S0x1cb8	0x1e38V0x1cb8	0
0x1e39S0x1cb8	0x1e39V0x1cb8	0
0x1e59S0x1cb8	0x1e59V0x1cb8	0
0x1e5aS0x1cb8	0x1e5aV0x1cb8	0
0x1e61S0x1cb8	0x1e61V0x1cb8	0
0x2c2cS0x1de4S0x1cb8	0x2c2cV0x1de4V0x1cb8	0
0x2c2eS0x1de4S0x1cb8	0x2c2eV0x1de4V0x1cb8	0
0x2c31S0x1de4S0x1cb8	0x2c31V0x1de4V0x1cb8	0
0x2c34S0x1de4S0x1cb8	0x2c34V0x1de4V0x1cb8	0
0x2c37S0x1de4S0x1cb8	0x2c37V0x1de4V0x1cb8	0
0x2c3aS0x1de4S0x1cb8	0x2c3aV0x1de4V0x1cb8	0
0x2c3cS0x1de4S0x1cb8	0x2c3cV0x1de4V0x1cb8	0
0x2c41S0x1de4S0x1cb8	0x2c41V0x1de4V0x1cb8	0
0x2c44S0x1de4S0x1cb8	0x2c44V0x1de4V0x1cb8	0
0x2c47S0x1de4S0x1cb8	0x2c47V0x1de4V0x1cb8	0
0x2c49S0x1de4S0x1cb8	0x2c49V0x1de4V0x1cb8	0
0x2687S0x2c2bS0x1de4S0x1cb8	0x2687V0x2c2bV0x1de4V0x1cb8	0
0x268bS0x2c2bS0x1de4S0x1cb8	0x268bV0x2c2bV0x1de4V0x1cb8	0
0x30e5S0x2686S0x2c2bS0x1de4S0x1cb8	0x30e5V0x2686V0x2c2bV0x1de4V0x1cb8	0
0x30e7S0x2686S0x2c2bS0x1de4S0x1cb8	0x30e7V0x2686V0x2c2bV0x1de4V0x1cb8	0
0x30ebS0x2686S0x2c2bS0x1de4S0x1cb8	0x30ebV0x2686V0x2c2bV0x1de4V0x1cb8	0
0x310dS0x2686S0x2c2bS0x1de4S0x1cb8	0x310dV0x2686V0x2c2bV0x1de4V0x1cb8	0
0x310fS0x2686S0x2c2bS0x1de4S0x1cb8	0x310fV0x2686V0x2c2bV0x1de4V0x1cb8	0
0x3125S0x2686S0x2c2bS0x1de4S0x1cb8	0x3125V0x2686V0x2c2bV0x1de4V0x1cb8	0
0x2b6eS0x2c40S0x1de4S0x1cb8	0x2b6eV0x2c40V0x1de4V0x1cb8	0
0x2b72S0x2c40S0x1de4S0x1cb8	0x2b72V0x2c40V0x1de4V0x1cb8	0
0x312dS0x2b6dS0x2c40S0x1de4S0x1cb8	0x312dV0x2b6dV0x2c40V0x1de4V0x1cb8	0
0x1e8eS0x1e03S0x1cb8	0x1e8eV0x1e03V0x1cb8	0
0x1e90S0x1e03S0x1cb8	0x1e90V0x1e03V0x1cb8	0
0x1e91S0x1e03S0x1cb8	0x1e91V0x1e03V0x1cb8	0
0x1eb4S0x1e03S0x1cb8	0x1eb4V0x1e03V0x1cb8	0
0x1eb6S0x1e03S0x1cb8	0x1eb6V0x1e03V0x1cb8	0
0x1eb7S0x1e03S0x1cb8	0x1eb7V0x1e03V0x1cb8	0
0x1ebbS0x1e03S0x1cb8	0x1ebbV0x1e03V0x1cb8	0
0x1f0dS0x1e03S0x1cb8	0x1f0dV0x1e03V0x1cb8	0
0x1f0fS0x1e03S0x1cb8	0x1f0fV0x1e03V0x1cb8	0
0x1f12S0x1e03S0x1cb8	0x1f12V0x1e03V0x1cb8	0
0x1f14S0x1e03S0x1cb8	0x1f14V0x1e03V0x1cb8	0
0x1f15S0x1e03S0x1cb8	0x1f15V0x1e03V0x1cb8	0
0x1f17S0x1e03S0x1cb8	0x1f17V0x1e03V0x1cb8	0
0x1f18S0x1e03S0x1cb8	0x1f18V0x1e03V0x1cb8	0
0x1f19S0x1e03S0x1cb8	0x1f19V0x1e03V0x1cb8	0
0x1f1bS0x1e03S0x1cb8	0x1f1bV0x1e03V0x1cb8	0
0x1f1cS0x1e03S0x1cb8	0x1f1cV0x1e03V0x1cb8	0
0x1f1fS0x1e03S0x1cb8	0x1f1fV0x1e03V0x1cb8	0
0x1f22S0x1e03S0x1cb8	0x1f22V0x1e03V0x1cb8	0
0x1f23S0x1e03S0x1cb8	0x1f23V0x1e03V0x1cb8	0
0x1f25S0x1e03S0x1cb8	0x1f25V0x1e03V0x1cb8	0
0x1f28S0x1e03S0x1cb8	0x1f28V0x1e03V0x1cb8	0
0x1f2aS0x1e03S0x1cb8	0x1f2aV0x1e03V0x1cb8	0
0x1f3eS0x1e03S0x1cb8	0x1f3eV0x1e03V0x1cb8	0
0x1f40S0x1e03S0x1cb8	0x1f40V0x1e03V0x1cb8	0
0x1f41S0x1e03S0x1cb8	0x1f41V0x1e03V0x1cb8	0
0x1f64S0x1e03S0x1cb8	0x1f64V0x1e03V0x1cb8	0
0x1f66S0x1e03S0x1cb8	0x1f66V0x1e03V0x1cb8	0
0x1f67S0x1e03S0x1cb8	0x1f67V0x1e03V0x1cb8	0
0x1f6bS0x1e03S0x1cb8	0x1f6bV0x1e03V0x1cb8	0
0x1f9bS0x1e03S0x1cb8	0x1f9bV0x1e03V0x1cb8	0
0x1f9dS0x1e03S0x1cb8	0x1f9dV0x1e03V0x1cb8	0
0x1f9eS0x1e03S0x1cb8	0x1f9eV0x1e03V0x1cb8	0
0x1fc1S0x1e03S0x1cb8	0x1fc1V0x1e03V0x1cb8	0
0x1fc3S0x1e03S0x1cb8	0x1fc3V0x1e03V0x1cb8	0
0x1fc4S0x1e03S0x1cb8	0x1fc4V0x1e03V0x1cb8	0
0x1fc8S0x1e03S0x1cb8	0x1fc8V0x1e03V0x1cb8	0
0x1e6bS0x1e03S0x1cb8	0x1e6bV0x1e03V0x1cb8	0
0x1e6fS0x1e03S0x1cb8	0x1e6fV0x1e03V0x1cb8	0
0x1e84S0x1e03S0x1cb8	0x1e84V0x1e03V0x1cb8	0
0x1e85S0x1e03S0x1cb8	0x1e85V0x1e03V0x1cb8	0
0x1e88S0x1e03S0x1cb8	0x1e88_0x0V0x1e03V0x1cb8	0
0x1e8aS0x1e03S0x1cb8	0x1e8aV0x1e03V0x1cb8	0
0x1ec9S0x1e03S0x1cb8	0x1ec9V0x1e03V0x1cb8	0
0x1ecbS0x1e03S0x1cb8	0x1ecbV0x1e03V0x1cb8	0
0x1eceS0x1e03S0x1cb8	0x1eceV0x1e03V0x1cb8	0
0x1ee3S0x1e03S0x1cb8	0x1ee3V0x1e03V0x1cb8	0
0x1ee5S0x1e03S0x1cb8	0x1ee5V0x1e03V0x1cb8	0
0x1ee7S0x1e03S0x1cb8	0x1ee7V0x1e03V0x1cb8	0
0x1ee8S0x1e03S0x1cb8	0x1ee8V0x1e03V0x1cb8	0
0x1eedS0x1e03S0x1cb8	0x1eedV0x1e03V0x1cb8	0
0x1ec0S0x1e03S0x1cb8	0x1ec0V0x1e03V0x1cb8	0
0x1ec2S0x1e03S0x1cb8	0x1ec2V0x1e03V0x1cb8	0
0x1ec5S0x1e03S0x1cb8	0x1ec5V0x1e03V0x1cb8	0
0x1ef2S0x1e03S0x1cb8	0x1ef2V0x1e03V0x1cb8	0
0x1ef4S0x1e03S0x1cb8	0x1ef4V0x1e03V0x1cb8	0
0x1ef6S0x1e03S0x1cb8	0x1ef6V0x1e03V0x1cb8	0
0x1ef9S0x1e03S0x1cb8	0x1ef9V0x1e03V0x1cb8	0
0x1efbS0x1e03S0x1cb8	0x1efbV0x1e03V0x1cb8	0
0x1efeS0x1e03S0x1cb8	0x1efeV0x1e03V0x1cb8	0
0x1effS0x1e03S0x1cb8	0x1effV0x1e03V0x1cb8	0
0x1f03S0x1e03S0x1cb8	0x1f03V0x1e03V0x1cb8	0
0x1f05S0x1e03S0x1cb8	0x1f05V0x1e03V0x1cb8	0
0x1f08S0x1e03S0x1cb8	0x1f08V0x1e03V0x1cb8	0
0x1f09S0x1e03S0x1cb8	0x1f09V0x1e03V0x1cb8	0
0x1f2fS0x1e03S0x1cb8	0x1f2fV0x1e03V0x1cb8	0
0x19200S0x1e03S0x1cb8	0x19200V0x1e03V0x1cb8	0
0x1f3aS0x1e03S0x1cb8	0x1f3aV0x1e03V0x1cb8	0
0x1f79S0x1e03S0x1cb8	0x1f79V0x1e03V0x1cb8	0
0x1f7cS0x1e03S0x1cb8	0x1f7cV0x1e03V0x1cb8	0
0x1f7dS0x1e03S0x1cb8	0x1f7dV0x1e03V0x1cb8	0
0x1f7eS0x1e03S0x1cb8	0x1f7eV0x1e03V0x1cb8	0
0x1f7fS0x1e03S0x1cb8	0x1f7fV0x1e03V0x1cb8	0
0x1f78_0x0S0x1e03S0x1cb8	0x1f78_0x0V0x1e03V0x1cb8	0
0x1f70S0x1e03S0x1cb8	0x1f70V0x1e03V0x1cb8	0
0x1f72S0x1e03S0x1cb8	0x1f72V0x1e03V0x1cb8	0
0x1f75S0x1e03S0x1cb8	0x1f75V0x1e03V0x1cb8	0
0x1f97S0x1e03S0x1cb8	0x1f97V0x1e03V0x1cb8	0
0x19c00S0x1e03S0x1cb8	0x19c00V0x1e03V0x1cb8	0
0x1fcdS0x1e03S0x1cb8	0x1fcdV0x1e03V0x1cb8	0
0x1fcfS0x1e03S0x1cb8	0x1fcfV0x1e03V0x1cb8	0
0x1fd2S0x1e03S0x1cb8	0x1fd2V0x1e03V0x1cb8	0
0x1f85S0x1e03S0x1cb8	0x1f85V0x1e03V0x1cb8	0
0x1f87S0x1e03S0x1cb8	0x1f87V0x1e03V0x1cb8	0
0x1f89S0x1e03S0x1cb8	0x1f89V0x1e03V0x1cb8	0
0x1f8bS0x1e03S0x1cb8	0x1f8bV0x1e03V0x1cb8	0
0x1f8dS0x1e03S0x1cb8	0x1f8dV0x1e03V0x1cb8	0
0x1f92S0x1e03S0x1cb8	0x1f92V0x1e03V0x1cb8	0
0x1f83_0x0S0x1e03S0x1cb8	0x1f83_0x0V0x1e03V0x1cb8	0
0x2f3aS0x1e8eS0x1e03S0x1cb8	0x2f3aV0x1e8eV0x1e03V0x1cb8	0
0x2f3cS0x1e8eS0x1e03S0x1cb8	0x2f3cV0x1e8eV0x1e03V0x1cb8	0
0x2f3fS0x1e8eS0x1e03S0x1cb8	0x2f3fV0x1e8eV0x1e03V0x1cb8	0
0x2f44S0x1e8eS0x1e03S0x1cb8	0x2f44V0x1e8eV0x1e03V0x1cb8	0
0x2f45S0x1e8eS0x1e03S0x1cb8	0x2f45V0x1e8eV0x1e03V0x1cb8	0
0x2f48S0x1e8eS0x1e03S0x1cb8	0x2f48V0x1e8eV0x1e03V0x1cb8	0
0x2f4aS0x1e8eS0x1e03S0x1cb8	0x2f4aV0x1e8eV0x1e03V0x1cb8	0
0x2f4eS0x1e8eS0x1e03S0x1cb8	0x2f4eV0x1e8eV0x1e03V0x1cb8	0
0x2b2eS0x1e8eS0x1e03S0x1cb8	0x2b2eV0x1e8eV0x1e03V0x1cb8	0
0x2b4fS0x1e8eS0x1e03S0x1cb8	0x2b4fV0x1e8eV0x1e03V0x1cb8	0
0x2b52S0x1e8eS0x1e03S0x1cb8	0x2b52V0x1e8eV0x1e03V0x1cb8	0
0x2b54S0x1e8eS0x1e03S0x1cb8	0x2b54V0x1e8eV0x1e03V0x1cb8	0
0x2b57S0x1e8eS0x1e03S0x1cb8	0x2b57V0x1e8eV0x1e03V0x1cb8	0
0x2b1fS0x1e8eS0x1e03S0x1cb8	0x2b1fV0x1e8eV0x1e03V0x1cb8	0
0x2b21S0x1e8eS0x1e03S0x1cb8	0x2b21V0x1e8eV0x1e03V0x1cb8	0
0x2b24S0x1e8eS0x1e03S0x1cb8	0x2b24V0x1e8eV0x1e03V0x1cb8	0
0x2b27S0x1e8eS0x1e03S0x1cb8	0x2b27V0x1e8eV0x1e03V0x1cb8	0
0x30c9S0x2b1eS0x1e8eS0x1e03S0x1cb8	0x30c9V0x2b1eV0x1e8eV0x1e03V0x1cb8	0
0x30ceS0x2b1eS0x1e8eS0x1e03S0x1cb8	0x30ceV0x2b1eV0x1e8eV0x1e03V0x1cb8	0
0x30d1S0x2b1eS0x1e8eS0x1e03S0x1cb8	0x30d1V0x2b1eV0x1e8eV0x1e03V0x1cb8	0
0x2e5aS0x1f3eS0x1e03S0x1cb8	0x2e5aV0x1f3eV0x1e03V0x1cb8	0
0x2e5cS0x1f3eS0x1e03S0x1cb8	0x2e5cV0x1f3eV0x1e03V0x1cb8	0
0x2e5fS0x1f3eS0x1e03S0x1cb8	0x2e5fV0x1f3eV0x1e03V0x1cb8	0
0x2e64S0x1f3eS0x1e03S0x1cb8	0x2e64V0x1f3eV0x1e03V0x1cb8	0
0x2e65S0x1f3eS0x1e03S0x1cb8	0x2e65V0x1f3eV0x1e03V0x1cb8	0
0x2e68S0x1f3eS0x1e03S0x1cb8	0x2e68V0x1f3eV0x1e03V0x1cb8	0
0x2e6aS0x1f3eS0x1e03S0x1cb8	0x2e6aV0x1f3eV0x1e03V0x1cb8	0
0x2e6eS0x1f3eS0x1e03S0x1cb8	0x2e6eV0x1f3eV0x1e03V0x1cb8	0
0x2922S0x1f3eS0x1e03S0x1cb8	0x2922V0x1f3eV0x1e03V0x1cb8	0
0x2943S0x1f3eS0x1e03S0x1cb8	0x2943V0x1f3eV0x1e03V0x1cb8	0
0x2946S0x1f3eS0x1e03S0x1cb8	0x2946V0x1f3eV0x1e03V0x1cb8	0
0x2948S0x1f3eS0x1e03S0x1cb8	0x2948V0x1f3eV0x1e03V0x1cb8	0
0x294bS0x1f3eS0x1e03S0x1cb8	0x294bV0x1f3eV0x1e03V0x1cb8	0
0x2913S0x1f3eS0x1e03S0x1cb8	0x2913V0x1f3eV0x1e03V0x1cb8	0
0x2915S0x1f3eS0x1e03S0x1cb8	0x2915V0x1f3eV0x1e03V0x1cb8	0
0x2918S0x1f3eS0x1e03S0x1cb8	0x2918V0x1f3eV0x1e03V0x1cb8	0
0x291bS0x1f3eS0x1e03S0x1cb8	0x291bV0x1f3eV0x1e03V0x1cb8	0
0x30c9S0x2912S0x1f3eS0x1e03S0x1cb8	0x30c9V0x2912V0x1f3eV0x1e03V0x1cb8	0
0x30ceS0x2912S0x1f3eS0x1e03S0x1cb8	0x30ceV0x2912V0x1f3eV0x1e03V0x1cb8	0
0x30d1S0x2912S0x1f3eS0x1e03S0x1cb8	0x30d1V0x2912V0x1f3eV0x1e03V0x1cb8	0
0x2efaS0x1f9bS0x1e03S0x1cb8	0x2efaV0x1f9bV0x1e03V0x1cb8	0
0x2efcS0x1f9bS0x1e03S0x1cb8	0x2efcV0x1f9bV0x1e03V0x1cb8	0
0x2effS0x1f9bS0x1e03S0x1cb8	0x2effV0x1f9bV0x1e03V0x1cb8	0
0x2f04S0x1f9bS0x1e03S0x1cb8	0x2f04V0x1f9bV0x1e03V0x1cb8	0
0x2f05S0x1f9bS0x1e03S0x1cb8	0x2f05V0x1f9bV0x1e03V0x1cb8	0
0x2f08S0x1f9bS0x1e03S0x1cb8	0x2f08V0x1f9bV0x1e03V0x1cb8	0
0x2f0aS0x1f9bS0x1e03S0x1cb8	0x2f0aV0x1f9bV0x1e03V0x1cb8	0
0x2f0eS0x1f9bS0x1e03S0x1cb8	0x2f0eV0x1f9bV0x1e03V0x1cb8	0
0x2a88S0x1f9bS0x1e03S0x1cb8	0x2a88V0x1f9bV0x1e03V0x1cb8	0
0x2aa9S0x1f9bS0x1e03S0x1cb8	0x2aa9V0x1f9bV0x1e03V0x1cb8	0
0x2aacS0x1f9bS0x1e03S0x1cb8	0x2aacV0x1f9bV0x1e03V0x1cb8	0
0x2aaeS0x1f9bS0x1e03S0x1cb8	0x2aaeV0x1f9bV0x1e03V0x1cb8	0
0x2acfS0x1f9bS0x1e03S0x1cb8	0x2acfV0x1f9bV0x1e03V0x1cb8	0
0x2ad2S0x1f9bS0x1e03S0x1cb8	0x2ad2V0x1f9bV0x1e03V0x1cb8	0
0x2ad4S0x1f9bS0x1e03S0x1cb8	0x2ad4V0x1f9bV0x1e03V0x1cb8	0
0x2ad7S0x1f9bS0x1e03S0x1cb8	0x2ad7V0x1f9bV0x1e03V0x1cb8	0
0x2a79S0x1f9bS0x1e03S0x1cb8	0x2a79V0x1f9bV0x1e03V0x1cb8	0
0x2a7bS0x1f9bS0x1e03S0x1cb8	0x2a7bV0x1f9bV0x1e03V0x1cb8	0
0x2a7eS0x1f9bS0x1e03S0x1cb8	0x2a7eV0x1f9bV0x1e03V0x1cb8	0
0x2a81S0x1f9bS0x1e03S0x1cb8	0x2a81V0x1f9bV0x1e03V0x1cb8	0
0x30c9S0x2a78S0x1f9bS0x1e03S0x1cb8	0x30c9V0x2a78V0x1f9bV0x1e03V0x1cb8	0
0x30ceS0x2a78S0x1f9bS0x1e03S0x1cb8	0x30ceV0x2a78V0x1f9bV0x1e03V0x1cb8	0
0x30d1S0x2a78S0x1f9bS0x1e03S0x1cb8	0x30d1V0x2a78V0x1f9bV0x1e03V0x1cb8	0
0x2b8cS0x1ec8S0x1e03S0x1cb8	0x2b8cV0x1ec8V0x1e03V0x1cb8	0
0x2b8eS0x1ec8S0x1e03S0x1cb8	0x2b8eV0x1ec8V0x1e03V0x1cb8	0
0x2b93S0x1ec8S0x1e03S0x1cb8	0x2b93V0x1ec8V0x1e03V0x1cb8	0
0x2734S0x1ec8S0x1e03S0x1cb8	0x2734V0x1ec8V0x1e03V0x1cb8	0
0x2739S0x1ec8S0x1e03S0x1cb8	0x2739V0x1ec8V0x1e03V0x1cb8	0
0x308aS0x1ec8S0x1e03S0x1cb8	0x308aV0x1ec8V0x1e03V0x1cb8	0
0x308dS0x1ec8S0x1e03S0x1cb8	0x308dV0x1ec8V0x1e03V0x1cb8	0
0x2740S0x1ec8S0x1e03S0x1cb8	0x2740V0x1ec8V0x1e03V0x1cb8	0
0x2745S0x1ec8S0x1e03S0x1cb8	0x2745V0x1ec8V0x1e03V0x1cb8	0
0x2748S0x1ec8S0x1e03S0x1cb8	0x2748V0x1ec8V0x1e03V0x1cb8	0
0x2749S0x1ec8S0x1e03S0x1cb8	0x2749V0x1ec8V0x1e03V0x1cb8	0
0x30beS0x1ec8S0x1e03S0x1cb8	0x30beV0x1ec8V0x1e03V0x1cb8	0
0x2750S0x1ec8S0x1e03S0x1cb8	0x2750V0x1ec8V0x1e03V0x1cb8	0
0x2729S0x1ec8S0x1e03S0x1cb8	0x2729V0x1ec8V0x1e03V0x1cb8	0
0x272bS0x1ec8S0x1e03S0x1cb8	0x272bV0x1ec8V0x1e03V0x1cb8	0
0x272fS0x1ec8S0x1e03S0x1cb8	0x272fV0x1ec8V0x1e03V0x1cb8	0
0x316aS0x273dS0x1ec8S0x1e03S0x1cb8	0x316aV0x273dV0x1ec8V0x1e03V0x1cb8	0
0x316eS0x273dS0x1ec8S0x1e03S0x1cb8	0x316eV0x273dV0x1ec8V0x1e03V0x1cb8	0
0x1e200S0x273dS0x1ec8S0x1e03S0x1cb8	0x1e200V0x273dV0x1ec8V0x1e03V0x1cb8	0
0x3144S0x273dS0x1ec8S0x1e03S0x1cb8	0x3144V0x273dV0x1ec8V0x1e03V0x1cb8	0
0x1d800S0x273dS0x1ec8S0x1e03S0x1cb8	0x1d800V0x273dV0x1ec8V0x1e03V0x1cb8	0
0x3164S0x273dS0x1ec8S0x1e03S0x1cb8	0x3164V0x273dV0x1ec8V0x1e03V0x1cb8	0
0x3165S0x273dS0x1ec8S0x1e03S0x1cb8	0x3165V0x273dV0x1ec8V0x1e03V0x1cb8	0
0x3166S0x273dS0x1ec8S0x1e03S0x1cb8	0x3166V0x273dV0x1ec8V0x1e03V0x1cb8	0
0x3161_0x0S0x273dS0x1ec8S0x1e03S0x1cb8	0x3161_0x0V0x273dV0x1ec8V0x1e03V0x1cb8	0
0x3149S0x273dS0x1ec8S0x1e03S0x1cb8	0x3149V0x273dV0x1ec8V0x1e03V0x1cb8	0
0x314aS0x273dS0x1ec8S0x1e03S0x1cb8	0x314aV0x273dV0x1ec8V0x1e03V0x1cb8	0
0x314bS0x273dS0x1ec8S0x1e03S0x1cb8	0x314bV0x273dV0x1ec8V0x1e03V0x1cb8	0
0x3146_0x0S0x273dS0x1ec8S0x1e03S0x1cb8	0x3146_0x0V0x273dV0x1ec8V0x1e03V0x1cb8	0
0x3151S0x273dS0x1ec8S0x1e03S0x1cb8	0x3151V0x273dV0x1ec8V0x1e03V0x1cb8	0
0x3152S0x273dS0x1ec8S0x1e03S0x1cb8	0x3152V0x273dV0x1ec8V0x1e03V0x1cb8	0
0x3155S0x273dS0x1ec8S0x1e03S0x1cb8	0x3155V0x273dV0x1ec8V0x1e03V0x1cb8	0
0x3157S0x273dS0x1ec8S0x1e03S0x1cb8	0x3157V0x273dV0x1ec8V0x1e03V0x1cb8	0
0x315aS0x273dS0x1ec8S0x1e03S0x1cb8	0x315aV0x273dV0x1ec8V0x1e03V0x1cb8	0
0x315dS0x273dS0x1ec8S0x1e03S0x1cb8	0x315dV0x273dV0x1ec8V0x1e03V0x1cb8	0
0x314f_0x0S0x273dS0x1ec8S0x1e03S0x1cb8	0x314f_0x0V0x273dV0x1ec8V0x1e03V0x1cb8	0
0x24cfS0x1f83B0x1e03S0x1cb8	0x24cfV0x1f83B0x1e03V0x1cb8	0
0x24d4S0x1f83B0x1e03S0x1cb8	0x24d4V0x1f83B0x1e03V0x1cb8	0
0x24d6S0x1f83B0x1e03S0x1cb8	0x24d6V0x1f83B0x1e03V0x1cb8	0
0x24dcS0x1f83B0x1e03S0x1cb8	0x24dcV0x1f83B0x1e03V0x1cb8	0
0x24ddS0x1f83B0x1e03S0x1cb8	0x24ddV0x1f83B0x1e03V0x1cb8	0
0x24c2S0x1f83B0x1e03S0x1cb8	0x24c2V0x1f83B0x1e03V0x1cb8	0
0x24c4S0x1f83B0x1e03S0x1cb8	0x24c4V0x1f83B0x1e03V0x1cb8	0
0x24c8S0x1f83B0x1e03S0x1cb8	0x24c8V0x1f83B0x1e03V0x1cb8	0
0x24c9S0x1f83B0x1e03S0x1cb8	0x24c9V0x1f83B0x1e03V0x1cb8	0
0x24caS0x1f83B0x1e03S0x1cb8	0x24caV0x1f83B0x1e03V0x1cb8	0
0x24cbS0x1f83B0x1e03S0x1cb8	0x24cbV0x1f83B0x1e03V0x1cb8	0
0x2221S0x24d3S0x1f83B0x1e03S0x1cb8	0x2221V0x24d3V0x1f83B0x1e03V0x1cb8	0
0x2224S0x24d3S0x1f83B0x1e03S0x1cb8	0x2224V0x24d3V0x1f83B0x1e03V0x1cb8	0
0x2227S0x24d3S0x1f83B0x1e03S0x1cb8	0x2227V0x24d3V0x1f83B0x1e03V0x1cb8	0
0x222bS0x24d3S0x1f83B0x1e03S0x1cb8	0x222bV0x24d3V0x1f83B0x1e03V0x1cb8	0
0x31b8S0x2220S0x24d3S0x1f83B0x1e03S0x1cb8	0x31b8V0x2220V0x24d3V0x1f83B0x1e03V0x1cb8	0
0x31a9S0x2220S0x24d3S0x1f83B0x1e03S0x1cb8	0x31a9V0x2220V0x24d3V0x1f83B0x1e03V0x1cb8	0
0x31adS0x2220S0x24d3S0x1f83B0x1e03S0x1cb8	0x31adV0x2220V0x24d3V0x1f83B0x1e03V0x1cb8	0
0x31b3S0x2220S0x24d3S0x1f83B0x1e03S0x1cb8	0x31b3V0x2220V0x24d3V0x1f83B0x1e03V0x1cb8	0
0x31b4S0x2220S0x24d3S0x1f83B0x1e03S0x1cb8	0x31b4V0x2220V0x24d3V0x1f83B0x1e03V0x1cb8	0
0x30f7S0x31a8S0x2220S0x24d3S0x1f83B0x1e03S0x1cb8	0x30f7V0x31a8V0x2220V0x24d3V0x1f83B0x1e03V0x1cb8	0
0x30faS0x31a8S0x2220S0x24d3S0x1f83B0x1e03S0x1cb8	0x30faV0x31a8V0x2220V0x24d3V0x1f83B0x1e03V0x1cb8	0
0x30fbS0x31a8S0x2220S0x24d3S0x1f83B0x1e03S0x1cb8	0x30fbV0x31a8V0x2220V0x24d3V0x1f83B0x1e03V0x1cb8	0
0x25f3S0x470	0x25f3V0x470	0
0x2651S0x470	0x2651V0x470	0
0x25e0S0x470	0x25e0V0x470	0
0x25e3S0x470	0x25e3V0x470	0
0x25e6S0x470	0x25e6V0x470	0
0x25e8S0x470	0x25e8V0x470	0
0x25ecS0x470	0x25ecV0x470	0
0x25edS0x470	0x25edV0x470	0
0x25eeS0x470	0x25eeV0x470	0
0x25efS0x470	0x25efV0x470	0
0x25f8S0x470	0x25f8V0x470	0
0x25faS0x470	0x25faV0x470	0
0x2600S0x470	0x2600V0x470	0
0x2601S0x470	0x2601V0x470	0
0x2609S0x470	0x2609V0x470	0
0x260bS0x470	0x260bV0x470	0
0x2611S0x470	0x2611V0x470	0
0x2612S0x470	0x2612V0x470	0
0x261aS0x470	0x261aV0x470	0
0x261cS0x470	0x261cV0x470	0
0x2622S0x470	0x2622V0x470	0
0x2623S0x470	0x2623V0x470	0
0x262bS0x470	0x262bV0x470	0
0x262dS0x470	0x262dV0x470	0
0x2633S0x470	0x2633V0x470	0
0x2634S0x470	0x2634V0x470	0
0x263cS0x470	0x263cV0x470	0
0x263fS0x470	0x263fV0x470	0
0x2640S0x470	0x2640V0x470	0
0x2641S0x470	0x2641V0x470	0
0x264bS0x470	0x264bV0x470	0
0x264cS0x470	0x264cV0x470	0
0x264dS0x470	0x264dV0x470	0
0x2656S0x470	0x2656V0x470	0
0x265cS0x470	0x265cV0x470	0
0x265dS0x470	0x265dV0x470	0
0x2313S0x25f7S0x470	0x2313V0x25f7V0x470	0
0x2316S0x25f7S0x470	0x2316V0x25f7V0x470	0
0x2319S0x25f7S0x470	0x2319V0x25f7V0x470	0
0x231dS0x25f7S0x470	0x231dV0x25f7V0x470	0
0x2313S0x2616S0x470	0x2313V0x2616V0x470	0
0x2316S0x2616S0x470	0x2316V0x2616V0x470	0
0x2319S0x2616S0x470	0x2319V0x2616V0x470	0
0x231dS0x2616S0x470	0x231dV0x2616V0x470	0
0x2313S0x2627S0x470	0x2313V0x2627V0x470	0
0x2316S0x2627S0x470	0x2316V0x2627V0x470	0
0x2319S0x2627S0x470	0x2319V0x2627V0x470	0
0x231dS0x2627S0x470	0x231dV0x2627V0x470	0
0x31e6S0x2312B0x25f7S0x470	0x31e6V0x2312B0x25f7V0x470	0
0x31e1S0x2312B0x25f7S0x470	0x31e1V0x2312B0x25f7V0x470	0
0x31e2S0x2312B0x25f7S0x470	0x31e2V0x2312B0x25f7V0x470	0
0x31d7S0x2312B0x25f7S0x470	0x31d7V0x2312B0x25f7V0x470	0
0x31dbS0x2312B0x25f7S0x470	0x31dbV0x2312B0x25f7V0x470	0
0x312dS0x31d6S0x2312B0x25f7S0x470	0x312dV0x31d6V0x2312B0x25f7V0x470	0
0x31e6S0x2312B0x2616S0x470	0x31e6V0x2312B0x2616V0x470	0
0x31e1S0x2312B0x2616S0x470	0x31e1V0x2312B0x2616V0x470	0
0x31e2S0x2312B0x2616S0x470	0x31e2V0x2312B0x2616V0x470	0
0x31d7S0x2312B0x2616S0x470	0x31d7V0x2312B0x2616V0x470	0
0x31dbS0x2312B0x2616S0x470	0x31dbV0x2312B0x2616V0x470	0
0x312dS0x31d6S0x2312B0x2616S0x470	0x312dV0x31d6V0x2312B0x2616V0x470	0
0x31e6S0x2312B0x2627S0x470	0x31e6V0x2312B0x2627V0x470	0
0x31e1S0x2312B0x2627S0x470	0x31e1V0x2312B0x2627V0x470	0
0x31e2S0x2312B0x2627S0x470	0x31e2V0x2312B0x2627V0x470	0
0x31d7S0x2312B0x2627S0x470	0x31d7V0x2312B0x2627V0x470	0
0x31dbS0x2312B0x2627S0x470	0x31dbV0x2312B0x2627V0x470	0
0x312dS0x31d6S0x2312B0x2627S0x470	0x312dV0x31d6V0x2312B0x2627V0x470	0
0x2083S0x2605S0x470	0x2083V0x2605V0x470	0
0x2086S0x2605S0x470	0x2086V0x2605V0x470	0
0x2089S0x2605S0x470	0x2089V0x2605V0x470	0
0x208dS0x2605S0x470	0x208dV0x2605V0x470	0
0x31a1S0x2082S0x2605S0x470	0x31a1V0x2082V0x2605V0x470	0
0x3192S0x2082S0x2605S0x470	0x3192V0x2082V0x2605V0x470	0
0x3196S0x2082S0x2605S0x470	0x3196V0x2082V0x2605V0x470	0
0x319cS0x2082S0x2605S0x470	0x319cV0x2082V0x2605V0x470	0
0x319dS0x2082S0x2605S0x470	0x319dV0x2082V0x2605V0x470	0
0x30e5S0x3191S0x2082S0x2605S0x470	0x30e5V0x3191V0x2082V0x2605V0x470	0
0x30e7S0x3191S0x2082S0x2605S0x470	0x30e7V0x3191V0x2082V0x2605V0x470	0
0x30ebS0x3191S0x2082S0x2605S0x470	0x30ebV0x3191V0x2082V0x2605V0x470	0
0x310dS0x3191S0x2082S0x2605S0x470	0x310dV0x3191V0x2082V0x2605V0x470	0
0x310fS0x3191S0x2082S0x2605S0x470	0x310fV0x3191V0x2082V0x2605V0x470	0
0x3125S0x3191S0x2082S0x2605S0x470	0x3125V0x3191V0x2082V0x2605V0x470	0
0x2127S0x2655S0x470	0x2127V0x2655V0x470	0
0x215fS0x2655S0x470	0x215fV0x2655V0x470	0
0x22acS0x2655S0x470	0x22acV0x2655V0x470	0
0x3005S0x2655S0x470	0x3005V0x2655V0x470	0
0x212dS0x2655S0x470	0x212dV0x2655V0x470	0
0x212eS0x2655S0x470	0x212eV0x2655V0x470	0
0x2131S0x2655S0x470	0x2131V0x2655V0x470	0
0x2135S0x2655S0x470	0x2135V0x2655V0x470	0
0x2145S0x2655S0x470	0x2145V0x2655V0x470	0
0x2148S0x2655S0x470	0x2148V0x2655V0x470	0
0x214bS0x2655S0x470	0x214bV0x2655V0x470	0
0x214eS0x2655S0x470	0x214eV0x2655V0x470	0
0x2153S0x2655S0x470	0x2153V0x2655V0x470	0
0x2156S0x2655S0x470	0x2156V0x2655V0x470	0
0x2158S0x2655S0x470	0x2158V0x2655V0x470	0
0x2159S0x2655S0x470	0x2159V0x2655V0x470	0
0x215aS0x2655S0x470	0x215aV0x2655V0x470	0
0x215bS0x2655S0x470	0x215bV0x2655V0x470	0
0x213aS0x2655S0x470	0x213aV0x2655V0x470	0
0x2ff3S0x2655S0x470	0x2ff3V0x2655V0x470	0
0x2ff5S0x2655S0x470	0x2ff5V0x2655V0x470	0
0x2fffS0x2655S0x470	0x2fffV0x2655V0x470	0
0x3000S0x2655S0x470	0x3000V0x2655V0x470	0
0x3001S0x2655S0x470	0x3001V0x2655V0x470	0
0x2164S0x2655S0x470	0x2164V0x2655V0x470	0
0x1ba00S0x2655S0x470	0x1ba00V0x2655V0x470	0
0x217cS0x2655S0x470	0x217cV0x2655V0x470	0
0x217fS0x2655S0x470	0x217fV0x2655V0x470	0
0x2182S0x2655S0x470	0x2182V0x2655V0x470	0
0x2185S0x2655S0x470	0x2185V0x2655V0x470	0
0x2189S0x2655S0x470	0x2189V0x2655V0x470	0
0x218cS0x2655S0x470	0x218cV0x2655V0x470	0
0x218fS0x2655S0x470	0x218fV0x2655V0x470	0
0x2179_0x2S0x2655S0x470	0x2179_0x2V0x2655V0x470	0
0x2179_0x3S0x2655S0x470	0x2179_0x3V0x2655V0x470	0
0x2179_0x4S0x2655S0x470	0x2179_0x4V0x2655V0x470	0
0x229fS0x2655S0x470	0x229fV0x2655V0x470	0
0x22a1S0x2655S0x470	0x22a1V0x2655V0x470	0
0x22a5S0x2655S0x470	0x22a5V0x2655V0x470	0
0x22a6S0x2655S0x470	0x22a6V0x2655V0x470	0
0x22a7S0x2655S0x470	0x22a7V0x2655V0x470	0
0x22a8S0x2655S0x470	0x22a8V0x2655V0x470	0
0x229e_0x0S0x2655S0x470	0x229e_0x0V0x2655V0x470	0
0x2169S0x2655S0x470	0x2169V0x2655V0x470	0
0x216aS0x2655S0x470	0x216aV0x2655V0x470	0
0x216bS0x2655S0x470	0x216bV0x2655V0x470	0
0x2166_0x0S0x2655S0x470	0x2166_0x0V0x2655V0x470	0
0x22b1S0x2655S0x470	0x22b1V0x2655V0x470	0
0x22b4S0x2655S0x470	0x22b4V0x2655V0x470	0
0x22b6S0x2655S0x470	0x22b6V0x2655V0x470	0
0x22bdS0x2655S0x470	0x22bdV0x2655V0x470	0
0x22bfS0x2655S0x470	0x22bfV0x2655V0x470	0
0x22c5S0x2655S0x470	0x22c5V0x2655V0x470	0
0x22c6S0x2655S0x470	0x22c6V0x2655V0x470	0
0x22ba_0x2S0x2655S0x470	0x22ba_0x2V0x2655V0x470	0
0x22cbS0x2655S0x470	0x22cbV0x2655V0x470	0
0x22ceS0x2655S0x470	0x22ceV0x2655V0x470	0
0x22d1S0x2655S0x470	0x22d1V0x2655V0x470	0
0x22d3S0x2655S0x470	0x22d3V0x2655V0x470	0
0x22d9S0x2655S0x470	0x22d9V0x2655V0x470	0
0x22daS0x2655S0x470	0x22daV0x2655V0x470	0
0x22ca_0x3S0x2655S0x470	0x22ca_0x3V0x2655V0x470	0
0x22dfS0x2655S0x470	0x22dfV0x2655V0x470	0
0x22e2S0x2655S0x470	0x22e2V0x2655V0x470	0
0x22e5S0x2655S0x470	0x22e5V0x2655V0x470	0
0x22e7S0x2655S0x470	0x22e7V0x2655V0x470	0
0x22edS0x2655S0x470	0x22edV0x2655V0x470	0
0x22eeS0x2655S0x470	0x22eeV0x2655V0x470	0
0x22de_0x3S0x2655S0x470	0x22de_0x3V0x2655V0x470	0
0x22f3S0x2655S0x470	0x22f3V0x2655V0x470	0
0x22f6S0x2655S0x470	0x22f6V0x2655V0x470	0
0x22f9S0x2655S0x470	0x22f9V0x2655V0x470	0
0x22fbS0x2655S0x470	0x22fbV0x2655V0x470	0
0x2301S0x2655S0x470	0x2301V0x2655V0x470	0
0x2302S0x2655S0x470	0x2302V0x2655V0x470	0
0x22f2_0x3S0x2655S0x470	0x22f2_0x3V0x2655V0x470	0
0x2307S0x2655S0x470	0x2307V0x2655V0x470	0
0x230aS0x2655S0x470	0x230aV0x2655V0x470	0
0x211bS0x2655S0x470	0x211bV0x2655V0x470	0
0x211eS0x2655S0x470	0x211eV0x2655V0x470	0
0x2121S0x2655S0x470	0x2121V0x2655V0x470	0
0x2122S0x2655S0x470	0x2122V0x2655V0x470	0
0x2123S0x2655S0x470	0x2123V0x2655V0x470	0
0x300aS0x2655S0x470	0x300aV0x2655V0x470	0
0x300dS0x2655S0x470	0x300dV0x2655V0x470	0
0x3010S0x2655S0x470	0x3010V0x2655V0x470	0
0x3013S0x2655S0x470	0x3013V0x2655V0x470	0
0x2170S0x2655S0x470	0x2170V0x2655V0x470	0
0x2175S0x2655S0x470	0x2175V0x2655V0x470	0
0x2fbcS0x2139S0x2655S0x470	0x2fbcV0x2139V0x2655V0x470	0
0x2f9eS0x2139S0x2655S0x470	0x2f9eV0x2139V0x2655V0x470	0
0x2fa0S0x2139S0x2655S0x470	0x2fa0V0x2139V0x2655V0x470	0
0x2fa2S0x2139S0x2655S0x470	0x2fa2V0x2139V0x2655V0x470	0
0x2fa7S0x2139S0x2655S0x470	0x2fa7V0x2139V0x2655V0x470	0
0x2faaS0x2139S0x2655S0x470	0x2faaV0x2139V0x2655V0x470	0
0x2fabS0x2139S0x2655S0x470	0x2fabV0x2139V0x2655V0x470	0
0x2fb5S0x2139S0x2655S0x470	0x2fb5V0x2139V0x2655V0x470	0
0x2fb6S0x2139S0x2655S0x470	0x2fb6V0x2139V0x2655V0x470	0
0x2fb7S0x2139S0x2655S0x470	0x2fb7V0x2139V0x2655V0x470	0
0x2fb8S0x2139S0x2655S0x470	0x2fb8V0x2139V0x2655V0x470	0
0x2fc2S0x2139S0x2655S0x470	0x2fc2V0x2139V0x2655V0x470	0
0x2fbcS0x22b0S0x2655S0x470	0x2fbcV0x22b0V0x2655V0x470	0
0x2f9eS0x22b0S0x2655S0x470	0x2f9eV0x22b0V0x2655V0x470	0
0x2fa0S0x22b0S0x2655S0x470	0x2fa0V0x22b0V0x2655V0x470	0
0x2fa2S0x22b0S0x2655S0x470	0x2fa2V0x22b0V0x2655V0x470	0
0x2fa7S0x22b0S0x2655S0x470	0x2fa7V0x22b0V0x2655V0x470	0
0x2faaS0x22b0S0x2655S0x470	0x2faaV0x22b0V0x2655V0x470	0
0x2fabS0x22b0S0x2655S0x470	0x2fabV0x22b0V0x2655V0x470	0
0x2fb5S0x22b0S0x2655S0x470	0x2fb5V0x22b0V0x2655V0x470	0
0x2fb6S0x22b0S0x2655S0x470	0x2fb6V0x22b0V0x2655V0x470	0
0x2fb7S0x22b0S0x2655S0x470	0x2fb7V0x22b0V0x2655V0x470	0
0x2fb8S0x22b0S0x2655S0x470	0x2fb8V0x22b0V0x2655V0x470	0
0x2fc2S0x22b0S0x2655S0x470	0x2fc2V0x22b0V0x2655V0x470	0
0x2083S0x22baS0x2655S0x470	0x2083V0x22baV0x2655V0x470	0
0x2086S0x22baS0x2655S0x470	0x2086V0x22baV0x2655V0x470	0
0x2089S0x22baS0x2655S0x470	0x2089V0x22baV0x2655V0x470	0
0x208dS0x22baS0x2655S0x470	0x208dV0x22baV0x2655V0x470	0
0x31a1S0x2082S0x22baS0x2655S0x470	0x31a1V0x2082V0x22baV0x2655V0x470	0
0x3192S0x2082S0x22baS0x2655S0x470	0x3192V0x2082V0x22baV0x2655V0x470	0
0x3196S0x2082S0x22baS0x2655S0x470	0x3196V0x2082V0x22baV0x2655V0x470	0
0x319cS0x2082S0x22baS0x2655S0x470	0x319cV0x2082V0x22baV0x2655V0x470	0
0x319dS0x2082S0x22baS0x2655S0x470	0x319dV0x2082V0x22baV0x2655V0x470	0
0x30e5S0x3191S0x2082S0x22baS0x2655S0x470	0x30e5V0x3191V0x2082V0x22baV0x2655V0x470	0
0x30e7S0x3191S0x2082S0x22baS0x2655S0x470	0x30e7V0x3191V0x2082V0x22baV0x2655V0x470	0
0x30ebS0x3191S0x2082S0x22baS0x2655S0x470	0x30ebV0x3191V0x2082V0x22baV0x2655V0x470	0
0x310dS0x3191S0x2082S0x22baS0x2655S0x470	0x310dV0x3191V0x2082V0x22baV0x2655V0x470	0
0x310fS0x3191S0x2082S0x22baS0x2655S0x470	0x310fV0x3191V0x2082V0x22baV0x2655V0x470	0
0x3125S0x3191S0x2082S0x22baS0x2655S0x470	0x3125V0x3191V0x2082V0x22baV0x2655V0x470	0
0x233dS0x22caS0x2655S0x470	0x233dV0x22caV0x2655V0x470	0
0x2340S0x22caS0x2655S0x470	0x2340V0x22caV0x2655V0x470	0
0x2343S0x22caS0x2655S0x470	0x2343V0x22caV0x2655V0x470	0
0x2347S0x22caS0x2655S0x470	0x2347V0x22caV0x2655V0x470	0
0x31fdS0x233cS0x22caS0x2655S0x470	0x31fdV0x233cV0x22caV0x2655V0x470	0
0x31eeS0x233cS0x22caS0x2655S0x470	0x31eeV0x233cV0x22caV0x2655V0x470	0
0x31f2S0x233cS0x22caS0x2655S0x470	0x31f2V0x233cV0x22caV0x2655V0x470	0
0x31f8S0x233cS0x22caS0x2655S0x470	0x31f8V0x233cV0x22caV0x2655V0x470	0
0x31f9S0x233cS0x22caS0x2655S0x470	0x31f9V0x233cV0x22caV0x2655V0x470	0
0x3137S0x31edS0x233cS0x22caS0x2655S0x470	0x3137V0x31edV0x233cV0x22caV0x2655V0x470	0
0x3139S0x31edS0x233cS0x22caS0x2655S0x470	0x3139V0x31edV0x233cV0x22caV0x2655V0x470	0
0x313cS0x31edS0x233cS0x22caS0x2655S0x470	0x313cV0x31edV0x233cV0x22caV0x2655V0x470	0
0x2236S0x22deS0x2655S0x470	0x2236V0x22deV0x2655V0x470	0
0x2239S0x22deS0x2655S0x470	0x2239V0x22deV0x2655V0x470	0
0x223cS0x22deS0x2655S0x470	0x223cV0x22deV0x2655V0x470	0
0x2240S0x22deS0x2655S0x470	0x2240V0x22deV0x2655V0x470	0
0x31cfS0x2235S0x22deS0x2655S0x470	0x31cfV0x2235V0x22deV0x2655V0x470	0
0x31c0S0x2235S0x22deS0x2655S0x470	0x31c0V0x2235V0x22deV0x2655V0x470	0
0x31c4S0x2235S0x22deS0x2655S0x470	0x31c4V0x2235V0x22deV0x2655V0x470	0
0x31caS0x2235S0x22deS0x2655S0x470	0x31caV0x2235V0x22deV0x2655V0x470	0
0x31cbS0x2235S0x22deS0x2655S0x470	0x31cbV0x2235V0x22deV0x2655V0x470	0
0x3103S0x31bfS0x2235S0x22deS0x2655S0x470	0x3103V0x31bfV0x2235V0x22deV0x2655V0x470	0
0x2236S0x22f2S0x2655S0x470	0x2236V0x22f2V0x2655V0x470	0
0x2239S0x22f2S0x2655S0x470	0x2239V0x22f2V0x2655V0x470	0
0x223cS0x22f2S0x2655S0x470	0x223cV0x22f2V0x2655V0x470	0
0x2240S0x22f2S0x2655S0x470	0x2240V0x22f2V0x2655V0x470	0
0x31cfS0x2235S0x22f2S0x2655S0x470	0x31cfV0x2235V0x22f2V0x2655V0x470	0
0x31c0S0x2235S0x22f2S0x2655S0x470	0x31c0V0x2235V0x22f2V0x2655V0x470	0
0x31c4S0x2235S0x22f2S0x2655S0x470	0x31c4V0x2235V0x22f2V0x2655V0x470	0
0x31caS0x2235S0x22f2S0x2655S0x470	0x31caV0x2235V0x22f2V0x2655V0x470	0
0x31cbS0x2235S0x22f2S0x2655S0x470	0x31cbV0x2235V0x22f2V0x2655V0x470	0
0x3103S0x31bfS0x2235S0x22f2S0x2655S0x470	0x3103V0x31bfV0x2235V0x22f2V0x2655V0x470	0
0x5c3S0x1ef	0x5c3V0x1ef	0
0x5c5S0x1ef	0x5c5V0x1ef	0
0x5c6S0x1ef	0x5c6V0x1ef	0
0x5e9S0x1ef	0x5e9V0x1ef	0
0x5ebS0x1ef	0x5ebV0x1ef	0
0x5ecS0x1ef	0x5ecV0x1ef	0
0x5f0S0x1ef	0x5f0V0x1ef	0
0x611S0x1ef	0x611V0x1ef	0
0x654S0x1ef	0x654V0x1ef	0
0x65aS0x1ef	0x65aV0x1ef	0
0x65cS0x1ef	0x65cV0x1ef	0
0x65dS0x1ef	0x65dV0x1ef	0
0x654_0x0S0x1ef	0x654_0x0V0x1ef	0
0xb040x5b7S0x1ef	0x5b70xb04V0x1ef	0
0xb080x5b7S0x1ef	0x5b70xb08V0x1ef	0
0xb030x5b7S0x1ef	0x5b70xb03V0x1ef	0
0xb010x5b7S0x1ef	0x5b70xb01V0x1ef	0
0xade0x5b7S0x1ef	0x5b70xadeV0x1ef	0
0xadd0x5b7S0x1ef	0x5b70xaddV0x1ef	0
0xadb0x5b7S0x1ef	0x5b70xadbV0x1ef	0
0x5b8S0x1ef	0x5b8V0x1ef	0
0x5bbS0x1ef	0x5bbV0x1ef	0
0x5bdS0x1ef	0x5bdV0x1ef	0
0x5beS0x1ef	0x5beV0x1ef	0
0x5bfS0x1ef	0x5bfV0x1ef	0
0x5ffS0x1ef	0x5ffV0x1ef	0
0x600S0x1ef	0x600V0x1ef	0
0x60aS0x1ef	0x60aV0x1ef	0
0x60cS0x1ef	0x60cV0x1ef	0
0x60dS0x1ef	0x60dV0x1ef	0
0x5f5S0x1ef	0x5f5V0x1ef	0
0x5f7S0x1ef	0x5f7V0x1ef	0
0x5faS0x1ef	0x5faV0x1ef	0
0x617S0x1ef	0x617V0x1ef	0
0x619S0x1ef	0x619V0x1ef	0
0x61fS0x1ef	0x61fV0x1ef	0
0x621S0x1ef	0x621V0x1ef	0
0x622S0x1ef	0x622V0x1ef	0
0x624S0x1ef	0x624V0x1ef	0
0x626S0x1ef	0x626V0x1ef	0
0x627S0x1ef	0x627V0x1ef	0
0x62bS0x1ef	0x62bV0x1ef	0
0x62cS0x1ef	0x62cV0x1ef	0
0x648S0x1ef	0x648V0x1ef	0
0xd400S0x1ef	0xd400V0x1ef	0
0x687S0x1ef	0x687V0x1ef	0
0x689S0x1ef	0x689V0x1ef	0
0x68aS0x1ef	0x68aV0x1ef	0
0x683_0x1S0x1ef	0x683_0x1V0x1ef	0
0x663S0x1ef	0x663V0x1ef	0
0x665S0x1ef	0x665V0x1ef	0
0x666S0x1ef	0x666V0x1ef	0
0x668S0x1ef	0x668V0x1ef	0
0x669S0x1ef	0x669V0x1ef	0
0x66aS0x1ef	0x66aV0x1ef	0
0x66eS0x1ef	0x66eV0x1ef	0
0x670S0x1ef	0x670V0x1ef	0
0x671S0x1ef	0x671V0x1ef	0
0x662_0x0S0x1ef	0x662_0x0V0x1ef	0
0x662_0x3S0x1ef	0x662_0x3V0x1ef	0
0x677S0x1ef	0x677V0x1ef	0
0x679S0x1ef	0x679V0x1ef	0
0x67aS0x1ef	0x67aV0x1ef	0
0x67cS0x1ef	0x67cV0x1ef	0
0x67dS0x1ef	0x67dV0x1ef	0
0x67eS0x1ef	0x67eV0x1ef	0
0x67fS0x1ef	0x67fV0x1ef	0
0x676_0x0S0x1ef	0x676_0x0V0x1ef	0
0x690S0x1ef	0x690V0x1ef	0
0x692S0x1ef	0x692V0x1ef	0
0x693S0x1ef	0x693V0x1ef	0
0x695S0x1ef	0x695V0x1ef	0
0x696S0x1ef	0x696V0x1ef	0
0x69eS0x1ef	0x69eV0x1ef	0
0x6a0S0x1ef	0x6a0V0x1ef	0
0x6a4S0x1ef	0x6a4V0x1ef	0
0x68f_0x0S0x1ef	0x68f_0x0V0x1ef	0
0x68f_0x3S0x1ef	0x68f_0x3V0x1ef	0
0x64cS0x1ef	0x64cV0x1ef	0
0x64eS0x1ef	0x64eV0x1ef	0
0x64fS0x1ef	0x64fV0x1ef	0
0x650S0x1ef	0x650V0x1ef	0
0x64a_0x0S0x1ef	0x64a_0x0V0x1ef	0
0x631S0x1ef	0x631V0x1ef	0
0x633S0x1ef	0x633V0x1ef	0
0x634S0x1ef	0x634V0x1ef	0
0x637S0x1ef	0x637V0x1ef	0
0x639S0x1ef	0x639V0x1ef	0
0x63eS0x1ef	0x63eV0x1ef	0
0xca00S0x1ef	0xca00V0x1ef	0
0xb660x5b7S0x1ef	0x5b70xb66_0x0V0x1ef	0
0xb160x5b7S0x1ef	0x5b70xb16V0x1ef	0
0xb650x5b7S0x1ef	0x5b70xb65V0x1ef	0
0xb600x5b7S0x1ef	0x5b70xb60V0x1ef	0
0xb5a0x5b7S0x1ef	0x5b70xb5aV0x1ef	0
0xb590x5b7S0x1ef	0x5b70xb59V0x1ef	0
0xb580x5b7S0x1ef	0x5b70xb58V0x1ef	0
0xb560x5b7S0x1ef	0x5b70xb56V0x1ef	0
0xb550x5b7S0x1ef	0x5b70xb55V0x1ef	0
0xb530x5b7S0x1ef	0x5b70xb53V0x1ef	0
0xb4f0x5b7S0x1ef	0x5b70xb4fV0x1ef	0
0xb4d0x5b7S0x1ef	0x5b70xb4dV0x1ef	0
0xb4a0x5b7S0x1ef	0x5b70xb4aV0x1ef	0
0xb350x5b7S0x1ef	0x5b70xb35V0x1ef	0
0xb340x5b7S0x1ef	0x5b70xb34V0x1ef	0
0xb1f0x5b7S0x1ef	0x5b70xb1fV0x1ef	0
0xb1c0x5b7S0x1ef	0x5b70xb1cV0x1ef	0
0xb1a0x5b7S0x1ef	0x5b70xb1aV0x1ef	0
0xbeb0x5b7S0x1ef	0x5b70xbebV0x1ef	0
0xbf10x5b7S0x1ef	0x5b70xbf1V0x1ef	0
0xbea0x5b7S0x1ef	0x5b70xbeaV0x1ef	0
0xbe80x5b7S0x1ef	0x5b70xbe8V0x1ef	0
0xbc50x5b7S0x1ef	0x5b70xbc5V0x1ef	0
0xbc40x5b7S0x1ef	0x5b70xbc4V0x1ef	0
0xbaf0x5b7S0x1ef	0x5b70xbafV0x1ef	0
0xba90x5b7S0x1ef	0x5b70xba9V0x1ef	0
0xba70x5b7S0x1ef	0x5b70xba7V0x1ef	0
0xba60x5b7S0x1ef	0x5b70xba6V0x1ef	0
0xba40x5b7S0x1ef	0x5b70xba4V0x1ef	0
0xba00x5b7S0x1ef	0x5b70xba0V0x1ef	0
0xb9e0x5b7S0x1ef	0x5b70xb9eV0x1ef	0
0xb9b0x5b7S0x1ef	0x5b70xb9bV0x1ef	0
0xb860x5b7S0x1ef	0x5b70xb86V0x1ef	0
0xb850x5b7S0x1ef	0x5b70xb85V0x1ef	0
0xb700x5b7S0x1ef	0x5b70xb70V0x1ef	0
0xb6d0x5b7S0x1ef	0x5b70xb6dV0x1ef	0
0xb6b0x5b7S0x1ef	0x5b70xb6bV0x1ef	0
0xad70x5b7S0x1ef	0x5b70xad7V0x1ef	0
0xad60x5b7S0x1ef	0x5b70xad6V0x1ef	0
0xad50x5b7S0x1ef	0x5b70xad5V0x1ef	0
0xac00x5b7S0x1ef	0x5b70xac0V0x1ef	0
0xabf0x5b7S0x1ef	0x5b70xabfV0x1ef	0
0xabe0x5b7S0x1ef	0x5b70xabeV0x1ef	0
0xaa90x5b7S0x1ef	0x5b70xaa9V0x1ef	0
0xaa80x5b7S0x1ef	0x5b70xaa8V0x1ef	0
0xa930x5b7S0x1ef	0x5b70xa93V0x1ef	0
0xa920x5b7S0x1ef	0x5b70xa92V0x1ef	0
0xa900x5b7S0x1ef	0x5b70xa90V0x1ef	0
0xa8d0x5b7S0x1ef	0x5b70xa8dV0x1ef	0
0xa8b0x5b7S0x1ef	0x5b70xa8bV0x1ef	0
0xa880x5b7S0x1ef	0x5b70xa88V0x1ef	0
0xa860x5b7S0x1ef	0x5b70xa86V0x1ef	0
0xa840x5b7S0x1ef	0x5b70xa84V0x1ef	0
0xbfb0x5b7S0x1ef	0x5b70xbfbV0x1ef	0
0xbf80x5b7S0x1ef	0x5b70xbf8V0x1ef	0
0xbf60x5b7S0x1ef	0x5b70xbf6V0x1ef	0
0xb120x5b7S0x1ef	0x5b70xb12V0x1ef	0
0xb0f0x5b7S0x1ef	0x5b70xb0fV0x1ef	0
0xb0d0x5b7S0x1ef	0x5b70xb0dV0x1ef	0
0x2edaS0x5c3S0x1ef	0x2edaV0x5c3V0x1ef	0
0x2edcS0x5c3S0x1ef	0x2edcV0x5c3V0x1ef	0
0x2edfS0x5c3S0x1ef	0x2edfV0x5c3V0x1ef	0
0x2ee4S0x5c3S0x1ef	0x2ee4V0x5c3V0x1ef	0
0x2ee5S0x5c3S0x1ef	0x2ee5V0x5c3V0x1ef	0
0x2ee8S0x5c3S0x1ef	0x2ee8V0x5c3V0x1ef	0
0x2eeaS0x5c3S0x1ef	0x2eeaV0x5c3V0x1ef	0
0x2eeeS0x5c3S0x1ef	0x2eeeV0x5c3V0x1ef	0
0x2a48S0x5c3S0x1ef	0x2a48V0x5c3V0x1ef	0
0x2a69S0x5c3S0x1ef	0x2a69V0x5c3V0x1ef	0
0x2a6cS0x5c3S0x1ef	0x2a6cV0x5c3V0x1ef	0
0x2a6eS0x5c3S0x1ef	0x2a6eV0x5c3V0x1ef	0
0x2a71S0x5c3S0x1ef	0x2a71V0x5c3V0x1ef	0
0x2a39S0x5c3S0x1ef	0x2a39V0x5c3V0x1ef	0
0x2a3bS0x5c3S0x1ef	0x2a3bV0x5c3V0x1ef	0
0x2a3eS0x5c3S0x1ef	0x2a3eV0x5c3V0x1ef	0
0x2a41S0x5c3S0x1ef	0x2a41V0x5c3V0x1ef	0
0x30c9S0x2a38S0x5c3S0x1ef	0x30c9V0x2a38V0x5c3V0x1ef	0
0x30ceS0x2a38S0x5c3S0x1ef	0x30ceV0x2a38V0x5c3V0x1ef	0
0x30d1S0x2a38S0x5c3S0x1ef	0x30d1V0x2a38V0x5c3V0x1ef	0
0x2aeeS0xadb0x5b7S0x1ef	0x2aeeV0xadb0x5b7V0x1ef	0
0x2b0fS0xadb0x5b7S0x1ef	0x2b0fV0xadb0x5b7V0x1ef	0
0x2b12S0xadb0x5b7S0x1ef	0x2b12V0xadb0x5b7V0x1ef	0
0x2b14S0xadb0x5b7S0x1ef	0x2b14V0xadb0x5b7V0x1ef	0
0x2b17S0xadb0x5b7S0x1ef	0x2b17V0xadb0x5b7V0x1ef	0
0x2adfS0xadb0x5b7S0x1ef	0x2adfV0xadb0x5b7V0x1ef	0
0x2ae1S0xadb0x5b7S0x1ef	0x2ae1V0xadb0x5b7V0x1ef	0
0x2ae4S0xadb0x5b7S0x1ef	0x2ae4V0xadb0x5b7V0x1ef	0
0x2ae7S0xadb0x5b7S0x1ef	0x2ae7V0xadb0x5b7V0x1ef	0
0x2f1aS0xadb0x5b7S0x1ef	0x2f1aV0xadb0x5b7V0x1ef	0
0x2f1cS0xadb0x5b7S0x1ef	0x2f1cV0xadb0x5b7V0x1ef	0
0x2f1fS0xadb0x5b7S0x1ef	0x2f1fV0xadb0x5b7V0x1ef	0
0x2f24S0xadb0x5b7S0x1ef	0x2f24V0xadb0x5b7V0x1ef	0
0x2f25S0xadb0x5b7S0x1ef	0x2f25V0xadb0x5b7V0x1ef	0
0x2f28S0xadb0x5b7S0x1ef	0x2f28V0xadb0x5b7V0x1ef	0
0x2f2aS0xadb0x5b7S0x1ef	0x2f2aV0xadb0x5b7V0x1ef	0
0x2f2eS0xadb0x5b7S0x1ef	0x2f2eV0xadb0x5b7V0x1ef	0
0x30c9S0x2adeS0xadb0x5b7S0x1ef	0x30c9V0x2adeV0xadb0x5b7V0x1ef	0
0x30ceS0x2adeS0xadb0x5b7S0x1ef	0x30ceV0x2adeV0xadb0x5b7V0x1ef	0
0x30d1S0x2adeS0xadb0x5b7S0x1ef	0x30d1V0x2adeV0xadb0x5b7V0x1ef	0
0x2f75S0xb670x5b7S0x1ef	0x2f75V0xb670x5b7V0x1ef	0
0x2f77S0xb670x5b7S0x1ef	0x2f77V0xb670x5b7V0x1ef	0
0x2f7aS0xb670x5b7S0x1ef	0x2f7aV0xb670x5b7V0x1ef	0
0x2f7dS0xb670x5b7S0x1ef	0x2f7dV0xb670x5b7V0x1ef	0
0x2f80S0xb670x5b7S0x1ef	0x2f80V0xb670x5b7V0x1ef	0
0x2f83S0xb670x5b7S0x1ef	0x2f83V0xb670x5b7V0x1ef	0
0x2f85S0xb670x5b7S0x1ef	0x2f85V0xb670x5b7V0x1ef	0
0x2f8aS0xb670x5b7S0x1ef	0x2f8aV0xb670x5b7V0x1ef	0
0x2f8dS0xb670x5b7S0x1ef	0x2f8dV0xb670x5b7V0x1ef	0
0x2f90S0xb670x5b7S0x1ef	0x2f90V0xb670x5b7V0x1ef	0
0x2f92S0xb670x5b7S0x1ef	0x2f92V0xb670x5b7V0x1ef	0
0x2b6eS0x2f74S0xb670x5b7S0x1ef	0x2b6eV0x2f74V0xb670x5b7V0x1ef	0
0x2b72S0x2f74S0xb670x5b7S0x1ef	0x2b72V0x2f74V0xb670x5b7V0x1ef	0
0x312dS0x2b6dS0x2f74S0xb670x5b7S0x1ef	0x312dV0x2b6dV0x2f74V0xb670x5b7V0x1ef	0
0x2b6eS0x2f89S0xb670x5b7S0x1ef	0x2b6eV0x2f89V0xb670x5b7V0x1ef	0
0x2b72S0x2f89S0xb670x5b7S0x1ef	0x2b72V0x2f89V0xb670x5b7V0x1ef	0
0x312dS0x2b6dS0x2f89S0xb670x5b7S0x1ef	0x312dV0x2b6dV0x2f89V0xb670x5b7V0x1ef	0
0xc51S0x455	0xc51V0x455	0
0xc53S0x455	0xc53V0x455	0
0xc54S0x455	0xc54V0x455	0
0xc77S0x455	0xc77V0x455	0
0xc79S0x455	0xc79V0x455	0
0xc7aS0x455	0xc7aV0x455	0
0xc7eS0x455	0xc7eV0x455	0
0xc9fS0x455	0xc9fV0x455	0
0xce2S0x455	0xce2V0x455	0
0xce8S0x455	0xce8V0x455	0
0xceaS0x455	0xceaV0x455	0
0xcebS0x455	0xcebV0x455	0
0xce2_0x0S0x455	0xce2_0x0V0x455	0
0x9e00xc45S0x455	0xc450x9e0V0x455	0
0x9e40xc45S0x455	0xc450x9e4V0x455	0
0x9df0xc45S0x455	0xc450x9dfV0x455	0
0x9dd0xc45S0x455	0xc450x9ddV0x455	0
0x9ba0xc45S0x455	0xc450x9baV0x455	0
0x9b90xc45S0x455	0xc450x9b9V0x455	0
0x9b70xc45S0x455	0xc450x9b7V0x455	0
0xc46S0x455	0xc46V0x455	0
0xc49S0x455	0xc49V0x455	0
0xc4bS0x455	0xc4bV0x455	0
0xc4cS0x455	0xc4cV0x455	0
0xc4dS0x455	0xc4dV0x455	0
0xc8dS0x455	0xc8dV0x455	0
0xc8eS0x455	0xc8eV0x455	0
0xc98S0x455	0xc98V0x455	0
0xc9aS0x455	0xc9aV0x455	0
0xc9bS0x455	0xc9bV0x455	0
0xc83S0x455	0xc83V0x455	0
0xc85S0x455	0xc85V0x455	0
0xc88S0x455	0xc88V0x455	0
0xca5S0x455	0xca5V0x455	0
0xca7S0x455	0xca7V0x455	0
0xcadS0x455	0xcadV0x455	0
0xcafS0x455	0xcafV0x455	0
0xcb0S0x455	0xcb0V0x455	0
0xcb2S0x455	0xcb2V0x455	0
0xcb4S0x455	0xcb4V0x455	0
0xcb5S0x455	0xcb5V0x455	0
0xcb9S0x455	0xcb9V0x455	0
0xcbaS0x455	0xcbaV0x455	0
0xcd6S0x455	0xcd6V0x455	0
0x11a00S0x455	0x11a00V0x455	0
0xd15S0x455	0xd15V0x455	0
0xd17S0x455	0xd17V0x455	0
0xd18S0x455	0xd18V0x455	0
0xd11_0x1S0x455	0xd11_0x1V0x455	0
0xcf1S0x455	0xcf1V0x455	0
0xcf3S0x455	0xcf3V0x455	0
0xcf4S0x455	0xcf4V0x455	0
0xcf6S0x455	0xcf6V0x455	0
0xcf7S0x455	0xcf7V0x455	0
0xcf8S0x455	0xcf8V0x455	0
0xcfcS0x455	0xcfcV0x455	0
0xcfeS0x455	0xcfeV0x455	0
0xcffS0x455	0xcffV0x455	0
0xcf0_0x0S0x455	0xcf0_0x0V0x455	0
0xcf0_0x3S0x455	0xcf0_0x3V0x455	0
0xd05S0x455	0xd05V0x455	0
0xd07S0x455	0xd07V0x455	0
0xd08S0x455	0xd08V0x455	0
0xd0aS0x455	0xd0aV0x455	0
0xd0bS0x455	0xd0bV0x455	0
0xd0cS0x455	0xd0cV0x455	0
0xd0dS0x455	0xd0dV0x455	0
0xd04_0x0S0x455	0xd04_0x0V0x455	0
0xd1eS0x455	0xd1eV0x455	0
0xd20S0x455	0xd20V0x455	0
0xd21S0x455	0xd21V0x455	0
0xd23S0x455	0xd23V0x455	0
0xd24S0x455	0xd24V0x455	0
0xd2cS0x455	0xd2cV0x455	0
0xd2eS0x455	0xd2eV0x455	0
0xd32S0x455	0xd32V0x455	0
0xd1d_0x0S0x455	0xd1d_0x0V0x455	0
0xd1d_0x3S0x455	0xd1d_0x3V0x455	0
0xcdaS0x455	0xcdaV0x455	0
0xcdcS0x455	0xcdcV0x455	0
0xcddS0x455	0xcddV0x455	0
0xcdeS0x455	0xcdeV0x455	0
0xcd8_0x0S0x455	0xcd8_0x0V0x455	0
0xcbfS0x455	0xcbfV0x455	0
0xcc1S0x455	0xcc1V0x455	0
0xcc2S0x455	0xcc2V0x455	0
0xcc5S0x455	0xcc5V0x455	0
0xcc7S0x455	0xcc7V0x455	0
0xcccS0x455	0xcccV0x455	0
0x11000S0x455	0x11000V0x455	0
0x1bbe0xc45S0x455	0xc450x1bbe_0x0V0x455	0
0x1b6e0xc45S0x455	0xc450x1b6eV0x455	0
0x1b6b0xc45_0x0S0x455	0x1b6b0xc45_0x0V0x455	0
0x1bbd0xc45S0x455	0xc450x1bbdV0x455	0
0x1bb80xc45S0x455	0xc450x1bb8V0x455	0
0x1bb20xc45S0x455	0xc450x1bb2V0x455	0
0x1bb10xc45S0x455	0xc450x1bb1V0x455	0
0x1bb00xc45S0x455	0xc450x1bb0V0x455	0
0x1bae0xc45S0x455	0xc450x1baeV0x455	0
0x1bad0xc45S0x455	0xc450x1badV0x455	0
0x1bab0xc45S0x455	0xc450x1babV0x455	0
0x1ba70xc45S0x455	0xc450x1ba7V0x455	0
0x1ba50xc45S0x455	0xc450x1ba5V0x455	0
0x1ba20xc45S0x455	0xc450x1ba2V0x455	0
0x1b8d0xc45S0x455	0xc450x1b8dV0x455	0
0x1b8c0xc45S0x455	0xc450x1b8cV0x455	0
0x1b770xc45S0x455	0xc450x1b77V0x455	0
0x1b740xc45S0x455	0xc450x1b74V0x455	0
0x1b720xc45S0x455	0xc450x1b72V0x455	0
0x1b6c0xc45S0x455	0xc450x1b6cV0x455	0
0x106000xc45S0x455	0xc450x10600V0x455	0
0x1c430xc45S0x455	0xc450x1c43V0x455	0
0x1bbf0xc45_0x2S0x455	0x1bbf0xc45_0x2V0x455	0
0x1c490xc45S0x455	0xc450x1c49V0x455	0
0x1c420xc45S0x455	0xc450x1c42V0x455	0
0x1c400xc45S0x455	0xc450x1c40V0x455	0
0x1c1d0xc45S0x455	0xc450x1c1dV0x455	0
0x1c1c0xc45S0x455	0xc450x1c1cV0x455	0
0x1c070xc45S0x455	0xc450x1c07V0x455	0
0x1c010xc45S0x455	0xc450x1c01V0x455	0
0x1bff0xc45S0x455	0xc450x1bffV0x455	0
0x1bfe0xc45S0x455	0xc450x1bfeV0x455	0
0x1bfc0xc45S0x455	0xc450x1bfcV0x455	0
0x1bf80xc45S0x455	0xc450x1bf8V0x455	0
0x1bf60xc45S0x455	0xc450x1bf6V0x455	0
0x1bf30xc45S0x455	0xc450x1bf3V0x455	0
0x1bde0xc45S0x455	0xc450x1bdeV0x455	0
0x1bdd0xc45S0x455	0xc450x1bddV0x455	0
0x1bc80xc45S0x455	0xc450x1bc8V0x455	0
0x1bc50xc45S0x455	0xc450x1bc5V0x455	0
0x1bc30xc45S0x455	0xc450x1bc3V0x455	0
0xa450xc45S0x455	0xc450xa45V0x455	0
0xa400xc45S0x455	0xc450xa40V0x455	0
0xa380xc45S0x455	0xc450xa38V0x455	0
0xa370xc45S0x455	0xc450xa37V0x455	0
0xa360xc45S0x455	0xc450xa36V0x455	0
0xa310xc45S0x455	0xc450xa31V0x455	0
0xa300xc45S0x455	0xc450xa30V0x455	0
0xa2e0xc45S0x455	0xc450xa2eV0x455	0
0xa2d0xc45S0x455	0xc450xa2dV0x455	0
0xa2b0xc45S0x455	0xc450xa2bV0x455	0
0xa270xc45S0x455	0xc450xa27V0x455	0
0xa250xc45S0x455	0xc450xa25V0x455	0
0xa220xc45S0x455	0xc450xa22V0x455	0
0xa0d0xc45S0x455	0xc450xa0dV0x455	0
0xa0c0xc45S0x455	0xc450xa0cV0x455	0
0x9f70xc45S0x455	0xc450x9f7V0x455	0
0x9f40xc45S0x455	0xc450x9f4V0x455	0
0x9f20xc45S0x455	0xc450x9f2V0x455	0
0x9b30xc45S0x455	0xc450x9b3V0x455	0
0x9b20xc45S0x455	0xc450x9b2V0x455	0
0x9b10xc45S0x455	0xc450x9b1V0x455	0
0x99c0xc45S0x455	0xc450x99cV0x455	0
0x99b0xc45S0x455	0xc450x99bV0x455	0
0x99a0xc45S0x455	0xc450x99aV0x455	0
0x9850xc45S0x455	0xc450x985V0x455	0
0x9840xc45S0x455	0xc450x984V0x455	0
0x96f0xc45S0x455	0xc450x96fV0x455	0
0x96e0xc45S0x455	0xc450x96eV0x455	0
0x96c0xc45S0x455	0xc450x96cV0x455	0
0x9690xc45S0x455	0xc450x969V0x455	0
0x9670xc45S0x455	0xc450x967V0x455	0
0x9640xc45S0x455	0xc450x964V0x455	0
0x9620xc45S0x455	0xc450x962V0x455	0
0x9600xc45S0x455	0xc450x960V0x455	0
0x1c530xc45S0x455	0xc450x1c53V0x455	0
0x1c500xc45S0x455	0xc450x1c50V0x455	0
0x1c4e0xc45S0x455	0xc450x1c4eV0x455	0
0x9ee0xc45S0x455	0xc450x9eeV0x455	0
0x9eb0xc45S0x455	0xc450x9ebV0x455	0
0x9e90xc45S0x455	0xc450x9e9V0x455	0
0x2edaS0xc51S0x455	0x2edaV0xc51V0x455	0
0x2edcS0xc51S0x455	0x2edcV0xc51V0x455	0
0x2edfS0xc51S0x455	0x2edfV0xc51V0x455	0
0x2ee4S0xc51S0x455	0x2ee4V0xc51V0x455	0
0x2ee5S0xc51S0x455	0x2ee5V0xc51V0x455	0
0x2ee8S0xc51S0x455	0x2ee8V0xc51V0x455	0
0x2eeaS0xc51S0x455	0x2eeaV0xc51V0x455	0
0x2eeeS0xc51S0x455	0x2eeeV0xc51V0x455	0
0x2a48S0xc51S0x455	0x2a48V0xc51V0x455	0
0x2a69S0xc51S0x455	0x2a69V0xc51V0x455	0
0x2a6cS0xc51S0x455	0x2a6cV0xc51V0x455	0
0x2a6eS0xc51S0x455	0x2a6eV0xc51V0x455	0
0x2a71S0xc51S0x455	0x2a71V0xc51V0x455	0
0x2a39S0xc51S0x455	0x2a39V0xc51V0x455	0
0x2a3bS0xc51S0x455	0x2a3bV0xc51V0x455	0
0x2a3eS0xc51S0x455	0x2a3eV0xc51V0x455	0
0x2a41S0xc51S0x455	0x2a41V0xc51V0x455	0
0x30c9S0x2a38S0xc51S0x455	0x30c9V0x2a38V0xc51V0x455	0
0x30ceS0x2a38S0xc51S0x455	0x30ceV0x2a38V0xc51V0x455	0
0x30d1S0x2a38S0xc51S0x455	0x30d1V0x2a38V0xc51V0x455	0
0x2aeeS0x9b70xc45S0x455	0x2aeeV0x9b70xc45V0x455	0
0x2b0fS0x9b70xc45S0x455	0x2b0fV0x9b70xc45V0x455	0
0x2b12S0x9b70xc45S0x455	0x2b12V0x9b70xc45V0x455	0
0x2b14S0x9b70xc45S0x455	0x2b14V0x9b70xc45V0x455	0
0x2b17S0x9b70xc45S0x455	0x2b17V0x9b70xc45V0x455	0
0x2adfS0x9b70xc45S0x455	0x2adfV0x9b70xc45V0x455	0
0x2ae1S0x9b70xc45S0x455	0x2ae1V0x9b70xc45V0x455	0
0x2ae4S0x9b70xc45S0x455	0x2ae4V0x9b70xc45V0x455	0
0x2ae7S0x9b70xc45S0x455	0x2ae7V0x9b70xc45V0x455	0
0x2f1aS0x9b70xc45S0x455	0x2f1aV0x9b70xc45V0x455	0
0x2f1cS0x9b70xc45S0x455	0x2f1cV0x9b70xc45V0x455	0
0x2f1fS0x9b70xc45S0x455	0x2f1fV0x9b70xc45V0x455	0
0x2f24S0x9b70xc45S0x455	0x2f24V0x9b70xc45V0x455	0
0x2f25S0x9b70xc45S0x455	0x2f25V0x9b70xc45V0x455	0
0x2f28S0x9b70xc45S0x455	0x2f28V0x9b70xc45V0x455	0
0x2f2aS0x9b70xc45S0x455	0x2f2aV0x9b70xc45V0x455	0
0x2f2eS0x9b70xc45S0x455	0x2f2eV0x9b70xc45V0x455	0
0x30c9S0x2adeS0x9b70xc45S0x455	0x30c9V0x2adeV0x9b70xc45V0x455	0
0x30ceS0x2adeS0x9b70xc45S0x455	0x30ceV0x2adeV0x9b70xc45V0x455	0
0x30d1S0x2adeS0x9b70xc45S0x455	0x30d1V0x2adeV0x9b70xc45V0x455	0
0x2f75S0x1bbf0xc45S0x455	0x2f75V0x1bbf0xc45V0x455	0
0x2f77S0x1bbf0xc45S0x455	0x2f77V0x1bbf0xc45V0x455	0
0x2f7aS0x1bbf0xc45S0x455	0x2f7aV0x1bbf0xc45V0x455	0
0x2f7dS0x1bbf0xc45S0x455	0x2f7dV0x1bbf0xc45V0x455	0
0x2f80S0x1bbf0xc45S0x455	0x2f80V0x1bbf0xc45V0x455	0
0x2f83S0x1bbf0xc45S0x455	0x2f83V0x1bbf0xc45V0x455	0
0x2f85S0x1bbf0xc45S0x455	0x2f85V0x1bbf0xc45V0x455	0
0x2f8aS0x1bbf0xc45S0x455	0x2f8aV0x1bbf0xc45V0x455	0
0x2f8dS0x1bbf0xc45S0x455	0x2f8dV0x1bbf0xc45V0x455	0
0x2f90S0x1bbf0xc45S0x455	0x2f90V0x1bbf0xc45V0x455	0
0x2f92S0x1bbf0xc45S0x455	0x2f92V0x1bbf0xc45V0x455	0
0x2b6eS0x2f74S0x1bbf0xc45S0x455	0x2b6eV0x2f74V0x1bbf0xc45V0x455	0
0x2b72S0x2f74S0x1bbf0xc45S0x455	0x2b72V0x2f74V0x1bbf0xc45V0x455	0
0x312dS0x2b6dS0x2f74S0x1bbf0xc45S0x455	0x312dV0x2b6dV0x2f74V0x1bbf0xc45V0x455	0
0x2b6eS0x2f89S0x1bbf0xc45S0x455	0x2b6eV0x2f89V0x1bbf0xc45V0x455	0
0x2b72S0x2f89S0x1bbf0xc45S0x455	0x2b72V0x2f89V0x1bbf0xc45V0x455	0
0x312dS0x2b6dS0x2f89S0x1bbf0xc45S0x455	0x312dV0x2b6dV0x2f89V0x1bbf0xc45V0x455	0
