0x0	0x0	0
0x40	0x40	0
0xf	0xf	0
0x8	0x8	0
0x1f	0x1f	0
0x2	0x2	0
0x5	0x5	0
0x7	0x7	0
0xd	0xd	0
0x10	0x10	0
0x12	0x12	0
0x14	0x14	0
0x19	0x19	0
0x1a	0x1a	0
0x24	0x24	0
0x25	0x25	0
0x2a	0x2a	0
0x2f	0x2f	0
0x30	0x30	0
0x35	0x35	0
0x3a	0x3a	0
0x45	0x45	0
0x4b	0x4b	0
0x50	0x50	0
0x56	0x56	0
0x5b	0x5b	0
0x61	0x61	0
0x66	0x66	0
0x6c	0x6c	0
0x71	0x71	0
0x76	0x76	0
0x7c	0x7c	0
0x81	0x81	0
0x87	0x87	0
0x8c	0x8c	0
0x92	0x92	0
0x97	0x97	0
0x9d	0x9d	0
0xa2	0xa2	0
0xa8	0xa8	0
0xad	0xad	0
0xb2	0xb2	0
0xb8	0xb8	0
0xbd	0xbd	0
0xbe	0xbe	0
0xc3	0xc3	0
0xc8	0xc8	0
0xce	0xce	0
0xd3	0xd3	0
0xd9	0xd9	0
0xde	0xde	0
0xe4	0xe4	0
0xe9	0xe9	0
0xef	0xef	0
0xf4	0xf4	0
0xf9	0xf9	0
0xff	0xff	0
0x104	0x104	0
0x10a	0x10a	0
0x10f	0x10f	0
0x115	0x115	0
0x11a	0x11a	0
0x120	0x120	0
0x125	0x125	0
0x12b	0x12b	0
0x130	0x130	0
0x135	0x135	0
0x13b	0x13b	0
0x140	0x140	0
0x141	0x141	0
0x146	0x146	0
0x14b	0x14b	0
0x14c	0x14c	0
0x151	0x151	0
0x156	0x156	0
0x15c	0x15c	0
0x161	0x161	0
0x167	0x167	0
0x16c	0x16c	0
0x172	0x172	0
0x177	0x177	0
0x17d	0x17d	0
0x182	0x182	0
0x188	0x188	0
0x18d	0x18d	0
0x192	0x192	0
0x198	0x198	0
0x19d	0x19d	0
0x1a3	0x1a3	0
0x1a8	0x1a8	0
0x1ae	0x1ae	0
0x1b3	0x1b3	0
0x1b9	0x1b9	0
0x1be	0x1be	0
0x1c4	0x1c4	0
0x1c9	0x1c9	0
0x1ce	0x1ce	0
0x1d4	0x1d4	0
0x1d9	0x1d9	0
0x1da	0x1da	0
0x1df	0x1df	0
0x1e4	0x1e4	0
0x1ea	0x1ea	0
0x1ef	0x1ef	0
0x1f5	0x1f5	0
0x1fa	0x1fa	0
0x200	0x200	0
0x205	0x205	0
0x20b	0x20b	0
0x210	0x210	0
0x215	0x215	0
0x21b	0x21b	0
0x220	0x220	0
0x226	0x226	0
0x22b	0x22b	0
0x231	0x231	0
0x236	0x236	0
0x23c	0x23c	0
0x241	0x241	0
0x247	0x247	0
0x24c	0x24c	0
0x252	0x252	0
0x257	0x257	0
0x25a	0x25a	0
0x25d	0x25d	0
0x25e	0x25e	0
0x260	0x260	0
0x265	0x265	0
0x26c	0x26c	0
0x26e	0x26e	0
0x26f	0x26f	0
0x273	0x273	0
0x279	0x279	0
0x27c	0x27c	0
0x27f	0x27f	0
0x280	0x280	0
0x282	0x282	0
0x287	0x287	0
0x28c	0x28c	0
0x28e	0x28e	0
0x28f	0x28f	0
0x293	0x293	0
0x299	0x299	0
0x29c	0x29c	0
0x29f	0x29f	0
0x2a0	0x2a0	0
0x2a2	0x2a2	0
0x2a7	0x2a7	0
0x2ac	0x2ac	0
0x2ae	0x2ae	0
0x2af	0x2af	0
0x2b3	0x2b3	0
0x2b9	0x2b9	0
0x2bc	0x2bc	0
0x2bf	0x2bf	0
0x2c0	0x2c0	0
0x2c2	0x2c2	0
0x2c7	0x2c7	0
0x2e2	0x2e2	0
0x2e4	0x2e4	0
0x2e5	0x2e5	0
0x2e9	0x2e9	0
0x2ef	0x2ef	0
0x2f2	0x2f2	0
0x2f5	0x2f5	0
0x2f6	0x2f6	0
0x2f8	0x2f8	0
0x2fd	0x2fd	0
0x302	0x302	0
0x304	0x304	0
0x305	0x305	0
0x309	0x309	0
0x30f	0x30f	0
0x312	0x312	0
0x317	0x317	0
0x319	0x319	0
0x31a	0x31a	0
0x31e	0x31e	0
0x324	0x324	0
0x327	0x327	0
0x32a	0x32a	0
0x32b	0x32b	0
0x32d	0x32d	0
0x332	0x332	0
0x337	0x337	0
0x339	0x339	0
0x33a	0x33a	0
0x33e	0x33e	0
0x344	0x344	0
0x347	0x347	0
0x34a	0x34a	0
0x34b	0x34b	0
0x34d	0x34d	0
0x352	0x352	0
0x357	0x357	0
0x359	0x359	0
0x35a	0x35a	0
0x35e	0x35e	0
0x364	0x364	0
0x367	0x367	0
0x36a	0x36a	0
0x36b	0x36b	0
0x36d	0x36d	0
0x372	0x372	0
0x377	0x377	0
0x379	0x379	0
0x37a	0x37a	0
0x37e	0x37e	0
0x384	0x384	0
0x387	0x387	0
0x38a	0x38a	0
0x38b	0x38b	0
0x38d	0x38d	0
0x392	0x392	0
0x397	0x397	0
0x399	0x399	0
0x39a	0x39a	0
0x39f	0x39f	0
0x3a4	0x3a4	0
0x3a6	0x3a6	0
0x3a7	0x3a7	0
0x3ab	0x3ab	0
0x3b1	0x3b1	0
0x3b4	0x3b4	0
0x3b7	0x3b7	0
0x3b8	0x3b8	0
0x3ba	0x3ba	0
0x3bf	0x3bf	0
0x3c4	0x3c4	0
0x3c6	0x3c6	0
0x3c7	0x3c7	0
0x3cb	0x3cb	0
0x3d1	0x3d1	0
0x3d4	0x3d4	0
0x3d7	0x3d7	0
0x3d8	0x3d8	0
0x3da	0x3da	0
0x3df	0x3df	0
0x3f1	0x3f1	0
0x3f3	0x3f3	0
0x3f4	0x3f4	0
0x3f8	0x3f8	0
0x3fe	0x3fe	0
0x401	0x401	0
0x406	0x406	0
0x408	0x408	0
0x409	0x409	0
0x40d	0x40d	0
0x413	0x413	0
0x416	0x416	0
0x419	0x419	0
0x41a	0x41a	0
0x41c	0x41c	0
0x421	0x421	0
0x426	0x426	0
0x428	0x428	0
0x429	0x429	0
0x42d	0x42d	0
0x433	0x433	0
0x436	0x436	0
0x43b	0x43b	0
0x43d	0x43d	0
0x43e	0x43e	0
0x442	0x442	0
0x448	0x448	0
0x44b	0x44b	0
0x44e	0x44e	0
0x44f	0x44f	0
0x451	0x451	0
0x456	0x456	0
0x45b	0x45b	0
0x45d	0x45d	0
0x45e	0x45e	0
0x462	0x462	0
0x468	0x468	0
0x46b	0x46b	0
0x470	0x470	0
0x472	0x472	0
0x473	0x473	0
0x477	0x477	0
0x47d	0x47d	0
0x480	0x480	0
0x492	0x492	0
0x494	0x494	0
0x495	0x495	0
0x499	0x499	0
0x49f	0x49f	0
0x4a2	0x4a2	0
0x4a5	0x4a5	0
0x4a6	0x4a6	0
0x4a8	0x4a8	0
0x4ad	0x4ad	0
0x4b2	0x4b2	0
0x4b4	0x4b4	0
0x4b5	0x4b5	0
0x4b9	0x4b9	0
0x4bf	0x4bf	0
0x4c2	0x4c2	0
0x4c5	0x4c5	0
0x4c6	0x4c6	0
0x4c8	0x4c8	0
0x4cd	0x4cd	0
0x4d2	0x4d2	0
0x4d4	0x4d4	0
0x4d5	0x4d5	0
0x4d9	0x4d9	0
0x4df	0x4df	0
0x4e2	0x4e2	0
0x4e7	0x4e7	0
0x4e9	0x4e9	0
0x4ea	0x4ea	0
0x4ee	0x4ee	0
0x4f4	0x4f4	0
0x4f7	0x4f7	0
0x4fa	0x4fa	0
0x4fb	0x4fb	0
0x4fd	0x4fd	0
0x507	0x507	0
0x509	0x509	0
0x50a	0x50a	0
0x50e	0x50e	0
0x514	0x514	0
0x517	0x517	0
0x51c	0x51c	0
0x51e	0x51e	0
0x51f	0x51f	0
0x523	0x523	0
0x529	0x529	0
0x52c	0x52c	0
0x53e	0x53e	0
0x540	0x540	0
0x541	0x541	0
0x545	0x545	0
0x54b	0x54b	0
0x54e	0x54e	0
0x553	0x553	0
0x555	0x555	0
0x556	0x556	0
0x55a	0x55a	0
0x560	0x560	0
0x563	0x563	0
0x568	0x568	0
0x56a	0x56a	0
0x56b	0x56b	0
0x56f	0x56f	0
0x575	0x575	0
0x578	0x578	0
0x57b	0x57b	0
0x57c	0x57c	0
0x57e	0x57e	0
0x583	0x583	0
0x588	0x588	0
0x58a	0x58a	0
0x58b	0x58b	0
0x58f	0x58f	0
0x595	0x595	0
0x598	0x598	0
0x59b	0x59b	0
0x59c	0x59c	0
0x59e	0x59e	0
0x5a3	0x5a3	0
0x5a8	0x5a8	0
0x5aa	0x5aa	0
0x5ab	0x5ab	0
0x5b0	0x5b0	0
0x5b5	0x5b5	0
0x5b7	0x5b7	0
0x5b8	0x5b8	0
0x5bc	0x5bc	0
0x5c2	0x5c2	0
0x5c5	0x5c5	0
0x5c8	0x5c8	0
0x5c9	0x5c9	0
0x5cb	0x5cb	0
0x5d0	0x5d0	0
0x5d5	0x5d5	0
0x5d7	0x5d7	0
0x5d8	0x5d8	0
0x5dc	0x5dc	0
0x5e2	0x5e2	0
0x5e5	0x5e5	0
0x5e8	0x5e8	0
0x5e9	0x5e9	0
0x5eb	0x5eb	0
0x5f0	0x5f0	0
0x5f5	0x5f5	0
0x5f7	0x5f7	0
0x5f8	0x5f8	0
0x5fc	0x5fc	0
0x602	0x602	0
0x605	0x605	0
0x608	0x608	0
0x609	0x609	0
0x60b	0x60b	0
0x610	0x610	0
0x615	0x615	0
0x617	0x617	0
0x618	0x618	0
0x61c	0x61c	0
0x622	0x622	0
0x625	0x625	0
0x628	0x628	0
0x629	0x629	0
0x62b	0x62b	0
0x630	0x630	0
0x635	0x635	0
0x637	0x637	0
0x638	0x638	0
0x63c	0x63c	0
0x642	0x642	0
0x645	0x645	0
0x648	0x648	0
0x649	0x649	0
0x64b	0x64b	0
0x650	0x650	0
0x655	0x655	0
0x657	0x657	0
0x658	0x658	0
0x65c	0x65c	0
0x662	0x662	0
0x665	0x665	0
0x668	0x668	0
0x669	0x669	0
0x66b	0x66b	0
0x670	0x670	0
0x675	0x675	0
0x677	0x677	0
0x678	0x678	0
0x67c	0x67c	0
0x682	0x682	0
0x685	0x685	0
0x688	0x688	0
0x689	0x689	0
0x68b	0x68b	0
0x690	0x690	0
0x695	0x695	0
0x697	0x697	0
0x698	0x698	0
0x69c	0x69c	0
0x6a2	0x6a2	0
0x6a5	0x6a5	0
0x6aa	0x6aa	0
0x6ac	0x6ac	0
0x6ad	0x6ad	0
0x6b2	0x6b2	0
0x6b7	0x6b7	0
0x6b9	0x6b9	0
0x6ba	0x6ba	0
0x6be	0x6be	0
0x6c4	0x6c4	0
0x6c7	0x6c7	0
0x6ca	0x6ca	0
0x6cb	0x6cb	0
0x6cd	0x6cd	0
0x6d2	0x6d2	0
0x6d7	0x6d7	0
0x6d9	0x6d9	0
0x6da	0x6da	0
0x6de	0x6de	0
0x6e4	0x6e4	0
0x6e7	0x6e7	0
0x6ec	0x6ec	0
0x6ee	0x6ee	0
0x6ef	0x6ef	0
0x6f4	0x6f4	0
0x6f9	0x6f9	0
0x6fb	0x6fb	0
0x6fc	0x6fc	0
0x700	0x700	0
0x706	0x706	0
0x709	0x709	0
0x70c	0x70c	0
0x70d	0x70d	0
0x70f	0x70f	0
0x714	0x714	0
0x719	0x719	0
0x71b	0x71b	0
0x71c	0x71c	0
0x722	0x722	0
0x727	0x727	0
0x729	0x729	0
0x72a	0x72a	0
0x72e	0x72e	0
0x734	0x734	0
0x737	0x737	0
0x73c	0x73c	0
0x73f	0x73f	0
0x742	0x742	0
0x743	0x743	0
0x745	0x745	0
0x74a	0x74a	0
0x74f	0x74f	0
0x751	0x751	0
0x752	0x752	0
0x756	0x756	0
0x75c	0x75c	0
0x75f	0x75f	0
0x762	0x762	0
0x763	0x763	0
0x765	0x765	0
0x76a	0x76a	0
0x76f	0x76f	0
0x771	0x771	0
0x772	0x772	0
0x774	0x774	0
0x775	0x775	0
0x776	0x776	0
0x77a	0x77a	0
0x77c	0x77c	0
0x77d	0x77d	0
0x781	0x781	0
0x783	0x783	0
0x786	0x786	0
0x788	0x788	0
0x789	0x789	0
0x78d	0x78d	0
0x79b	0x79b	0
0x79d	0x79d	0
0x79e	0x79e	0
0x7a3	0x7a3	0
0x7a4	0x7a4	0
0x7a6	0x7a6	0
0x7a8	0x7a8	0
0x7aa	0x7aa	0
0x7ab	0x7ab	0
0x7ac	0x7ac	0
0x7ad	0x7ad	0
0x7ae	0x7ae	0
0x7af	0x7af	0
0x7b3	0x7b3	0
0x7b5	0x7b5	0
0x7b6	0x7b6	0
0x7ba	0x7ba	0
0x7bc	0x7bc	0
0x7bf	0x7bf	0
0x7c1	0x7c1	0
0x7c2	0x7c2	0
0x7c6	0x7c6	0
0x7cb	0x7cb	0
0x7d0	0x7d0	0
0x7d2	0x7d2	0
0x7d5	0x7d5	0
0x7d8	0x7d8	0
0x7d9	0x7d9	0
0x7da	0x7da	0
0x7dc	0x7dc	0
0x7de	0x7de	0
0x7e0	0x7e0	0
0x7e1	0x7e1	0
0x7e2	0x7e2	0
0x7e4	0x7e4	0
0x7e8	0x7e8	0
0x7ea	0x7ea	0
0x7eb	0x7eb	0
0x7ef	0x7ef	0
0x7f1	0x7f1	0
0x7f4	0x7f4	0
0x7f6	0x7f6	0
0x7f7	0x7f7	0
0x7fb	0x7fb	0
0x800	0x800	0
0x803	0x803	0
0x804	0x804	0
0x809	0x809	0
0x80b	0x80b	0
0x80e	0x80e	0
0x813	0x813	0
0x815	0x815	0
0x816	0x816	0
0x81f	0x81f	0
0x821	0x821	0
0x822	0x822	0
0x824	0x824	0
0x826	0x826	0
0x828	0x828	0
0x82a	0x82a	0
0x82b	0x82b	0
0x82e	0x82e	0
0x82f	0x82f	0
0x832	0x832	0
0x833	0x833	0
0x838	0x838	0
0x839	0x839	0
0x83e	0x83e	0
0x840	0x840	0
0x843	0x843	0
0x845	0x845	0
0x847	0x847	0
0x849	0x849	0
0x84a	0x84a	0
0x84c	0x84c	0
0x84e	0x84e	0
0x854	0x854	0
0x85a	0x85a	0
0x860	0x860	0
0x862	0x862	0
0x863	0x863	0
0x868	0x868	0
0x86a	0x86a	0
0x86c	0x86c	0
0x86f	0x86f	0
0x871	0x871	0
0x875	0x875	0
0x876	0x876	0
0x878	0x878	0
0x879	0x879	0
0x87d	0x87d	0
0x883	0x883	0
0x884	0x884	0
0x885	0x885	0
0x887	0x887	0
0x888	0x888	0
0x88c	0x88c	0
0x88d	0x88d	0
0x891	0x891	0
0x892	0x892	0
0x89a	0x89a	0
0x89b	0x89b	0
0x89d	0x89d	0
0x89f	0x89f	0
0x8a1	0x8a1	0
0x8a2	0x8a2	0
0x8a3	0x8a3	0
0x8a4	0x8a4	0
0x8ca	0x8ca	0
0x8cc	0x8cc	0
0x8cd	0x8cd	0
0x8d6	0x8d6	0
0x8db	0x8db	0
0x8dd	0x8dd	0
0x8e0	0x8e0	0
0x9a0	0x9a0	0
0x9a1	0x9a1	0
0x9a4	0x9a4	0
0x9a9	0x9a9	0
0x9ab	0x9ab	0
0x9ad	0x9ad	0
0x9af	0x9af	0
0x9b0	0x9b0	0
0x9b1	0x9b1	0
0x9b2	0x9b2	0
0x9b4	0x9b4	0
0x9b9	0x9b9	0
0x9bc	0x9bc	0
0x9bf	0x9bf	0
0x9c0	0x9c0	0
0x9c2	0x9c2	0
0x9cb	0x9cb	0
0x9cc	0x9cc	0
0x9d1	0x9d1	0
0x9d5	0x9d5	0
0x9d7	0x9d7	0
0x9d8	0x9d8	0
0x9dc	0x9dc	0
0x9de	0x9de	0
0x9e1	0x9e1	0
0x9e3	0x9e3	0
0x9e4	0x9e4	0
0x9e8	0x9e8	0
0x9ed	0x9ed	0
0x9ef	0x9ef	0
0x9f4	0x9f4	0
0x9fb	0x9fb	0
0x9fe	0x9fe	0
0xa03	0xa03	0
0xa05	0xa05	0
0xa07	0xa07	0
0xa09	0xa09	0
0xa0a	0xa0a	0
0xa0c	0xa0c	0
0xa0d	0xa0d	0
0xa12	0xa12	0
0xa14	0xa14	0
0xa19	0xa19	0
0xa1d	0xa1d	0
0xa27	0xa27	0
0xa29	0xa29	0
0xa2a	0xa2a	0
0xa2d	0xa2d	0
0xa32	0xa32	0
0xa35	0xa35	0
0xa37	0xa37	0
0xa38	0xa38	0
0xa3b	0xa3b	0
0xa3c	0xa3c	0
0xa3d	0xa3d	0
0xa43	0xa43	0
0xa46	0xa46	0
0xa47	0xa47	0
0xa48	0xa48	0
0xa51	0xa51	0
0xa52	0xa52	0
0xa56	0xa56	0
0xa57	0xa57	0
0xa59	0xa59	0
0xa5b	0xa5b	0
0xa5d	0xa5d	0
0xa5e	0xa5e	0
0xa5f	0xa5f	0
0xa60	0xa60	0
0xa63	0xa63	0
0xa65	0xa65	0
0xa67	0xa67	0
0xa69	0xa69	0
0xa6b	0xa6b	0
0xa6c	0xa6c	0
0xa6e	0xa6e	0
0xa6f	0xa6f	0
0xa72	0xa72	0
0xa74	0xa74	0
0xa76	0xa76	0
0xa78	0xa78	0
0xa7a	0xa7a	0
0xa7b	0xa7b	0
0xa81	0xa81	0
0xa82	0xa82	0
0xa86	0xa86	0
0xa89	0xa89	0
0xa8d	0xa8d	0
0xa90	0xa90	0
0xa93	0xa93	0
0xa94	0xa94	0
0xa95	0xa95	0
0xa9b	0xa9b	0
0xa9d	0xa9d	0
0xaa2	0xaa2	0
0xaa5	0xaa5	0
0xaa8	0xaa8	0
0xaa9	0xaa9	0
0xaaa	0xaaa	0
0xab0	0xab0	0
0xab2	0xab2	0
0xab6	0xab6	0
0xab8	0xab8	0
0xab9	0xab9	0
0xabd	0xabd	0
0xabf	0xabf	0
0xac2	0xac2	0
0xac4	0xac4	0
0xac5	0xac5	0
0xac9	0xac9	0
0xace	0xace	0
0xad0	0xad0	0
0xad1	0xad1	0
0xad4	0xad4	0
0xad5	0xad5	0
0xad6	0xad6	0
0xadc	0xadc	0
0xade	0xade	0
0xae0	0xae0	0
0xae3	0xae3	0
0xae5	0xae5	0
0xae7	0xae7	0
0xaeb	0xaeb	0
0xaed	0xaed	0
0xaee	0xaee	0
0xaf3	0xaf3	0
0xaf9	0xaf9	0
0xafa	0xafa	0
0xafb	0xafb	0
0xaff	0xaff	0
0xb01	0xb01	0
0xb02	0xb02	0
0xb06	0xb06	0
0xb08	0xb08	0
0xb0b	0xb0b	0
0xb0d	0xb0d	0
0xb0e	0xb0e	0
0xb12	0xb12	0
0xb17	0xb17	0
0xb1c	0xb1c	0
0xb1e	0xb1e	0
0xb20	0xb20	0
0xb22	0xb22	0
0xb23	0xb23	0
0xb25	0xb25	0
0xb26	0xb26	0
0xb2b	0xb2b	0
0xb2d	0xb2d	0
0xb32	0xb32	0
0xb36	0xb36	0
0xb3e	0xb3e	0
0xb40	0xb40	0
0xb42	0xb42	0
0xb47	0xb47	0
0xb49	0xb49	0
0xb4a	0xb4a	0
0xb4c	0xb4c	0
0xb52	0xb52	0
0xb53	0xb53	0
0xb54	0xb54	0
0xb5a	0xb5a	0
0xb5b	0xb5b	0
0xb5f	0xb5f	0
0xb62	0xb62	0
0xb63	0xb63	0
0xb65	0xb65	0
0xb66	0xb66	0
0xb6a	0xb6a	0
0xb6b	0xb6b	0
0xb6c	0xb6c	0
0xb70	0xb70	0
0xb71	0xb71	0
0xb72	0xb72	0
0xb78	0xb78	0
0xb79	0xb79	0
0xb7b	0xb7b	0
0xb7d	0xb7d	0
0xb7e	0xb7e	0
0xb7f	0xb7f	0
0xb81	0xb81	0
0xb83	0xb83	0
0xb85	0xb85	0
0xb86	0xb86	0
0xb87	0xb87	0
0xb8b	0xb8b	0
0xb8c	0xb8c	0
0xb8e	0xb8e	0
0xb90	0xb90	0
0xb91	0xb91	0
0xb92	0xb92	0
0xb94	0xb94	0
0xb96	0xb96	0
0xb97	0xb97	0
0xb98	0xb98	0
0xb9a	0xb9a	0
0xb9c	0xb9c	0
0xb9e	0xb9e	0
0xb9f	0xb9f	0
0xba2	0xba2	0
0xba3	0xba3	0
0xba6	0xba6	0
0xba7	0xba7	0
0xbaa	0xbaa	0
0xbac	0xbac	0
0xbae	0xbae	0
0xbaf	0xbaf	0
0xbb0	0xbb0	0
0xbb3	0xbb3	0
0xbb7	0xbb7	0
0xbbb	0xbbb	0
0xbbf	0xbbf	0
0xbc3	0xbc3	0
0xbc4	0xbc4	0
0xbc7	0xbc7	0
0xbc8	0xbc8	0
0xbcb	0xbcb	0
0xbcc	0xbcc	0
0xbce	0xbce	0
0xbd8	0xbd8	0
0xbe0	0xbe0	0
0xbe5	0xbe5	0
0xbea	0xbea	0
0xbec	0xbec	0
0xbef	0xbef	0
0xc12	0xc12	0
0xc17	0xc17	0
0xc19	0xc19	0
0xc1c	0xc1c	0
0xc1f	0xc1f	0
0xc20	0xc20	0
0xc22	0xc22	0
0xc23	0xc23	0
0xc24	0xc24	0
0xc28	0xc28	0
0xc2b	0xc2b	0
0xc30	0xc30	0
0xc34	0xc34	0
0xc36	0xc36	0
0xc37	0xc37	0
0xc3b	0xc3b	0
0xc3d	0xc3d	0
0xc40	0xc40	0
0xc42	0xc42	0
0xc43	0xc43	0
0xc47	0xc47	0
0xce7	0xce7	0
0xcea	0xcea	0
0xcef	0xcef	0
0xcf1	0xcf1	0
0xcf3	0xcf3	0
0xcf5	0xcf5	0
0xcf6	0xcf6	0
0xcf7	0xcf7	0
0xcf8	0xcf8	0
0xcfb	0xcfb	0
0xd00	0xd00	0
0xd02	0xd02	0
0xd04	0xd04	0
0xd06	0xd06	0
0xd07	0xd07	0
0xd08	0xd08	0
0xd09	0xd09	0
0xd0a	0xd0a	0
0xd0e	0xd0e	0
0xd10	0xd10	0
0xd11	0xd11	0
0xd15	0xd15	0
0xd17	0xd17	0
0xd1a	0xd1a	0
0xd1c	0xd1c	0
0xd1d	0xd1d	0
0xd21	0xd21	0
0xd26	0xd26	0
0xd29	0xd29	0
0xd2a	0xd2a	0
0xd2c	0xd2c	0
0xd2e	0xd2e	0
0xd30	0xd30	0
0xd31	0xd31	0
0xd34	0xd34	0
0xd35	0xd35	0
0xd39	0xd39	0
0xd3a	0xd3a	0
0xd3e	0xd3e	0
0xd40	0xd40	0
0xd42	0xd42	0
0xd43	0xd43	0
0xd44	0xd44	0
0xd47	0xd47	0
0xd4b	0xd4b	0
0xe4b	0xe4b	0
0xe4d	0xe4d	0
0xe50	0xe50	0
0xe55	0xe55	0
0xe58	0xe58	0
0xe59	0xe59	0
0xe5a	0xe5a	0
0xe5c	0xe5c	0
0xe5e	0xe5e	0
0xe60	0xe60	0
0xe61	0xe61	0
0xe62	0xe62	0
0xead	0xead	0
0xeaf	0xeaf	0
0xeb0	0xeb0	0
0xeb2	0xeb2	0
0xf70	0xf70	0
0xf73	0xf73	0
0xf78	0xf78	0
0xf7a	0xf7a	0
0xf7c	0xf7c	0
0xf7e	0xf7e	0
0xf7f	0xf7f	0
0xf80	0xf80	0
0xf81	0xf81	0
0xf84	0xf84	0
0xf89	0xf89	0
0xf8b	0xf8b	0
0xf8d	0xf8d	0
0xf8f	0xf8f	0
0xf90	0xf90	0
0xf91	0xf91	0
0xf92	0xf92	0
0xf93	0xf93	0
0xf97	0xf97	0
0xf99	0xf99	0
0xf9a	0xf9a	0
0xf9e	0xf9e	0
0xfa0	0xfa0	0
0xfa3	0xfa3	0
0xfa5	0xfa5	0
0xfa6	0xfa6	0
0xfaa	0xfaa	0
0xfaf	0xfaf	0
0xfb1	0xfb1	0
0xfb2	0xfb2	0
0xfb4	0xfb4	0
0xfb5	0xfb5	0
0xfb8	0xfb8	0
0xfba	0xfba	0
0xfbc	0xfbc	0
0xfbe	0xfbe	0
0xfbf	0xfbf	0
0xfc0	0xfc0	0
0xfc2	0xfc2	0
0xfe7	0xfe7	0
0xfea	0xfea	0
0xfeb	0xfeb	0
0xfed	0xfed	0
0xfef	0xfef	0
0xff1	0xff1	0
0xff2	0xff2	0
0xff3	0xff3	0
0xff4	0xff4	0
0x10a0	0x10a0	0
0x10a2	0x10a2	0
0x10a5	0x10a5	0
0x10a8	0x10a8	0
0x10a9	0x10a9	0
0x10ab	0x10ab	0
0x10b4	0x10b4	0
0x116f	0x116f	0
0x1171	0x1171	0
0x118d	0x118d	0
0x1190	0x1190	0
0x1191	0x1191	0
0x1193	0x1193	0
0x119f	0x119f	0
0x11a1	0x11a1	0
0x11a2	0x11a2	0
0x11a4	0x11a4	0
0x11a8	0x11a8	0
0x11ad	0x11ad	0
0x1290	0x1290	0
0x1292	0x1292	0
0x1295	0x1295	0
0x129a	0x129a	0
0x129d	0x129d	0
0x129e	0x129e	0
0x129f	0x129f	0
0x12a1	0x12a1	0
0x12a3	0x12a3	0
0x12a5	0x12a5	0
0x12a6	0x12a6	0
0x12a7	0x12a7	0
0x12ab	0x12ab	0
0x12ae	0x12ae	0
0x12b3	0x12b3	0
0x12b5	0x12b5	0
0x12b7	0x12b7	0
0x12b9	0x12b9	0
0x12ba	0x12ba	0
0x12bb	0x12bb	0
0x12bc	0x12bc	0
0x12bf	0x12bf	0
0x12c4	0x12c4	0
0x12c6	0x12c6	0
0x12c8	0x12c8	0
0x12ca	0x12ca	0
0x12cb	0x12cb	0
0x12cc	0x12cc	0
0x12cd	0x12cd	0
0x12ce	0x12ce	0
0x12d2	0x12d2	0
0x12d4	0x12d4	0
0x12d5	0x12d5	0
0x12d9	0x12d9	0
0x12db	0x12db	0
0x12de	0x12de	0
0x12e0	0x12e0	0
0x12e1	0x12e1	0
0x12e5	0x12e5	0
0x12ea	0x12ea	0
0x12ed	0x12ed	0
0x12ee	0x12ee	0
0x12f3	0x12f3	0
0x12f5	0x12f5	0
0x12f8	0x12f8	0
0x12fb	0x12fb	0
0x12fc	0x12fc	0
0x12fd	0x12fd	0
0x12ff	0x12ff	0
0x1301	0x1301	0
0x1303	0x1303	0
0x1304	0x1304	0
0x1307	0x1307	0
0x130a	0x130a	0
0x130b	0x130b	0
0x130c	0x130c	0
0x1310	0x1310	0
0x1312	0x1312	0
0x1313	0x1313	0
0x1317	0x1317	0
0x1319	0x1319	0
0x131c	0x131c	0
0x131e	0x131e	0
0x131f	0x131f	0
0x1323	0x1323	0
0x1328	0x1328	0
0x132d	0x132d	0
0x132e	0x132e	0
0x1333	0x1333	0
0x1335	0x1335	0
0x1338	0x1338	0
0x133b	0x133b	0
0x133d	0x133d	0
0x133e	0x133e	0
0x1347	0x1347	0
0x1348	0x1348	0
0x1349	0x1349	0
0x134b	0x134b	0
0x134d	0x134d	0
0x134f	0x134f	0
0x1350	0x1350	0
0x1353	0x1353	0
0x1357	0x1357	0
0x1a51	0x1a51	0
0x1a56	0x1a56	0
0x1a58	0x1a58	0
0x1a5b	0x1a5b	0
0x1a5e	0x1a5e	0
0x1a5f	0x1a5f	0
0x1a61	0x1a61	0
0x1a62	0x1a62	0
0x1a63	0x1a63	0
0x1a67	0x1a67	0
0x1a6a	0x1a6a	0
0x1a6f	0x1a6f	0
0x1a73	0x1a73	0
0x1a75	0x1a75	0
0x1a76	0x1a76	0
0x1a7a	0x1a7a	0
0x1a7c	0x1a7c	0
0x1a7f	0x1a7f	0
0x1a81	0x1a81	0
0x1a82	0x1a82	0
0x1a86	0x1a86	0
0x1b6d	0x1b6d	0
0x1b6f	0x1b6f	0
0x1b70	0x1b70	0
0x1b75	0x1b75	0
0x1b76	0x1b76	0
0x1b78	0x1b78	0
0x1b7a	0x1b7a	0
0x1b7c	0x1b7c	0
0x1b7d	0x1b7d	0
0x1b7e	0x1b7e	0
0x1c1b	0x1c1b	0
0x1c1d	0x1c1d	0
0x1c1e	0x1c1e	0
0x1c20	0x1c20	0
0x1c22	0x1c22	0
0x1c24	0x1c24	0
0x1c25	0x1c25	0
0x1c2b	0x1c2b	0
0x1ce6	0x1ce6	0
0x1ce8	0x1ce8	0
0x1ce9	0x1ce9	0
0x1ced	0x1ced	0
0x1cee	0x1cee	0
0x1cf0	0x1cf0	0
0x1cf4	0x1cf4	0
0x1cf6	0x1cf6	0
0x1cf7	0x1cf7	0
0x1cf9	0x1cf9	0
0x1cfa	0x1cfa	0
0x1cfb	0x1cfb	0
0x1cff	0x1cff	0
0x1d01	0x1d01	0
0x1d02	0x1d02	0
0x1d06	0x1d06	0
0x1d08	0x1d08	0
0x1d0b	0x1d0b	0
0x1d0d	0x1d0d	0
0x1d0e	0x1d0e	0
0x1d12	0x1d12	0
0x1d17	0x1d17	0
0x1d1a	0x1d1a	0
0x1d1f	0x1d1f	0
0x1d21	0x1d21	0
0x1d26	0x1d26	0
0x1d28	0x1d28	0
0x1d2e	0x1d2e	0
0x1d34	0x1d34	0
0x1d39	0x1d39	0
0x1d3a	0x1d3a	0
0x1d3c	0x1d3c	0
0x1d3e	0x1d3e	0
0x1d40	0x1d40	0
0x1d41	0x1d41	0
0x1d42	0x1d42	0
0x1d43	0x1d43	0
0x1d48	0x1d48	0
0x1d49	0x1d49	0
0x1d4a	0x1d4a	0
0x1d4e	0x1d4e	0
0x1d50	0x1d50	0
0x1d51	0x1d51	0
0x1d55	0x1d55	0
0x1d57	0x1d57	0
0x1d5a	0x1d5a	0
0x1d5c	0x1d5c	0
0x1d5d	0x1d5d	0
0x1d61	0x1d61	0
0x1d66	0x1d66	0
0x1d6b	0x1d6b	0
0x1d6d	0x1d6d	0
0x1d70	0x1d70	0
0x1d73	0x1d73	0
0x1d74	0x1d74	0
0x1d75	0x1d75	0
0x1d77	0x1d77	0
0x1d79	0x1d79	0
0x1d7b	0x1d7b	0
0x1d7c	0x1d7c	0
0x1d7d	0x1d7d	0
0x1d7f	0x1d7f	0
0x1d83	0x1d83	0
0x1d85	0x1d85	0
0x1d86	0x1d86	0
0x1d8a	0x1d8a	0
0x1d8c	0x1d8c	0
0x1d8f	0x1d8f	0
0x1d91	0x1d91	0
0x1d92	0x1d92	0
0x1d96	0x1d96	0
0x1d9b	0x1d9b	0
0x1d9e	0x1d9e	0
0x1d9f	0x1d9f	0
0x1da4	0x1da4	0
0x1da6	0x1da6	0
0x1da9	0x1da9	0
0x1dae	0x1dae	0
0x1db0	0x1db0	0
0x1db1	0x1db1	0
0x1dba	0x1dba	0
0x1dbc	0x1dbc	0
0x1dbd	0x1dbd	0
0x1dbf	0x1dbf	0
0x1dc1	0x1dc1	0
0x1dc3	0x1dc3	0
0x1dc5	0x1dc5	0
0x1dc6	0x1dc6	0
0x1dc9	0x1dc9	0
0x1dca	0x1dca	0
0x1dcd	0x1dcd	0
0x1dce	0x1dce	0
0x1dd3	0x1dd3	0
0x1dd4	0x1dd4	0
0x1dd9	0x1dd9	0
0x1ddb	0x1ddb	0
0x1dde	0x1dde	0
0x1de0	0x1de0	0
0x1de2	0x1de2	0
0x1de4	0x1de4	0
0x1de5	0x1de5	0
0x1de7	0x1de7	0
0x1de9	0x1de9	0
0x1df1	0x1df1	0
0x1df7	0x1df7	0
0x1dfd	0x1dfd	0
0x1dff	0x1dff	0
0x1e00	0x1e00	0
0x1e05	0x1e05	0
0x1e07	0x1e07	0
0x1e09	0x1e09	0
0x1e0c	0x1e0c	0
0x1e11	0x1e11	0
0x1e12	0x1e12	0
0x1e14	0x1e14	0
0x1e15	0x1e15	0
0x1e19	0x1e19	0
0x1e1f	0x1e1f	0
0x1e20	0x1e20	0
0x1e21	0x1e21	0
0x1e23	0x1e23	0
0x1e24	0x1e24	0
0x1e28	0x1e28	0
0x1e29	0x1e29	0
0x1e2d	0x1e2d	0
0x1e2e	0x1e2e	0
0x1e37	0x1e37	0
0x1e38	0x1e38	0
0x1e3a	0x1e3a	0
0x1e3c	0x1e3c	0
0x1e3e	0x1e3e	0
0x1e3f	0x1e3f	0
0x1e40	0x1e40	0
0x1e41	0x1e41	0
0x1e67	0x1e67	0
0x1e69	0x1e69	0
0x1e6a	0x1e6a	0
0x1e73	0x1e73	0
0x1e78	0x1e78	0
0x1e7a	0x1e7a	0
0x1e7d	0x1e7d	0
0x1e8a	0x1e8a	0
0x1e8d	0x1e8d	0
0x1e92	0x1e92	0
0x1e94	0x1e94	0
0x1e96	0x1e96	0
0x1e98	0x1e98	0
0x1e99	0x1e99	0
0x1e9a	0x1e9a	0
0x1e9b	0x1e9b	0
0x1e9e	0x1e9e	0
0x1ea3	0x1ea3	0
0x1ea5	0x1ea5	0
0x1ea7	0x1ea7	0
0x1ea9	0x1ea9	0
0x1eaa	0x1eaa	0
0x1eab	0x1eab	0
0x1eac	0x1eac	0
0x1ead	0x1ead	0
0x1eb1	0x1eb1	0
0x1eb3	0x1eb3	0
0x1eb4	0x1eb4	0
0x1eb8	0x1eb8	0
0x1eba	0x1eba	0
0x1ebd	0x1ebd	0
0x1ebf	0x1ebf	0
0x1ec0	0x1ec0	0
0x1ec4	0x1ec4	0
0x1ec9	0x1ec9	0
0x1ecb	0x1ecb	0
0x1ecd	0x1ecd	0
0x1ecf	0x1ecf	0
0x1ed0	0x1ed0	0
0x1ed2	0x1ed2	0
0x1ed3	0x1ed3	0
0x1ed7	0x1ed7	0
0x1ed9	0x1ed9	0
0x1eda	0x1eda	0
0x1ede	0x1ede	0
0x1ee0	0x1ee0	0
0x1ee3	0x1ee3	0
0x1ee5	0x1ee5	0
0x1ee6	0x1ee6	0
0x1eea	0x1eea	0
0x1eef	0x1eef	0
0x1ef1	0x1ef1	0
0x1ef2	0x1ef2	0
0x1ef4	0x1ef4	0
0x1ef5	0x1ef5	0
0x1ef7	0x1ef7	0
0x1ef9	0x1ef9	0
0x1efb	0x1efb	0
0x1efc	0x1efc	0
0x1eff	0x1eff	0
0x1f01	0x1f01	0
0x1f03	0x1f03	0
0x1f25	0x1f25	0
0x1f29	0x1f29	0
0x1f2c	0x1f2c	0
0x1f2d	0x1f2d	0
0x1f2f	0x1f2f	0
0x1f31	0x1f31	0
0x1f33	0x1f33	0
0x1f34	0x1f34	0
0x1f35	0x1f35	0
0x1f36	0x1f36	0
0x1f37	0x1f37	0
0x1f39	0x1f39	0
0x1f3b	0x1f3b	0
0x1f3d	0x1f3d	0
0x1f3e	0x1f3e	0
0x1f42	0x1f42	0
0x1f46	0x1f46	0
0x1f4f	0x1f4f	0
0x1f53	0x1f53	0
0x1f54	0x1f54	0
0x1f55	0x1f55	0
0x1f59	0x1f59	0
0x1f5b	0x1f5b	0
0x1f5c	0x1f5c	0
0x1f60	0x1f60	0
0x1f62	0x1f62	0
0x1f65	0x1f65	0
0x1f67	0x1f67	0
0x1f68	0x1f68	0
0x1f6c	0x1f6c	0
0x1f73	0x1f73	0
0x1f77	0x1f77	0
0x1f7c	0x1f7c	0
0x1f7e	0x1f7e	0
0x1f81	0x1f81	0
0x1f84	0x1f84	0
0x1f85	0x1f85	0
0x1f8a	0x1f8a	0
0x1f8f	0x1f8f	0
0x1f90	0x1f90	0
0x1f94	0x1f94	0
0x1f97	0x1f97	0
0x1f9c	0x1f9c	0
0x1f9e	0x1f9e	0
0x1fa0	0x1fa0	0
0x1fa2	0x1fa2	0
0x1fa3	0x1fa3	0
0x1fa4	0x1fa4	0
0x1fa6	0x1fa6	0
0x1fa8	0x1fa8	0
0x1faa	0x1faa	0
0x1fac	0x1fac	0
0x1fad	0x1fad	0
0x1fae	0x1fae	0
0x1fb0	0x1fb0	0
0x1fd1	0x1fd1	0
0x1fd3	0x1fd3	0
0x1fd4	0x1fd4	0
0x1fd6	0x1fd6	0
0x1fd9	0x1fd9	0
0x2072	0x2072	0
0x2077	0x2077	0
0x2079	0x2079	0
0x207c	0x207c	0
0x207f	0x207f	0
0x2080	0x2080	0
0x2085	0x2085	0
0x208a	0x208a	0
0x208b	0x208b	0
0x208f	0x208f	0
0x2092	0x2092	0
0x2097	0x2097	0
0x2099	0x2099	0
0x209b	0x209b	0
0x209d	0x209d	0
0x209e	0x209e	0
0x209f	0x209f	0
0x20a1	0x20a1	0
0x20a3	0x20a3	0
0x20a5	0x20a5	0
0x20a7	0x20a7	0
0x20a8	0x20a8	0
0x20a9	0x20a9	0
0x20ab	0x20ab	0
0x20cc	0x20cc	0
0x20ce	0x20ce	0
0x20cf	0x20cf	0
0x20d1	0x20d1	0
0x20d4	0x20d4	0
0x20ec	0x20ec	0
0x20ee	0x20ee	0
0x20ef	0x20ef	0
0x20f3	0x20f3	0
0x20f4	0x20f4	0
0x20f6	0x20f6	0
0x20f8	0x20f8	0
0x20fd	0x20fd	0
0x2100	0x2100	0
0x2106	0x2106	0
0x210b	0x210b	0
0x210d	0x210d	0
0x210e	0x210e	0
0x2110	0x2110	0
0x2111	0x2111	0
0x2113	0x2113	0
0x2117	0x2117	0
0x2119	0x2119	0
0x211a	0x211a	0
0x211e	0x211e	0
0x2120	0x2120	0
0x2123	0x2123	0
0x2125	0x2125	0
0x2126	0x2126	0
0x212a	0x212a	0
0x212f	0x212f	0
0x2131	0x2131	0
0x2132	0x2132	0
0x2136	0x2136	0
0x2137	0x2137	0
0x2139	0x2139	0
0x213a	0x213a	0
0x213c	0x213c	0
0x213d	0x213d	0
0x2141	0x2141	0
0x2144	0x2144	0
0x2145	0x2145	0
0x2147	0x2147	0
0x2148	0x2148	0
0x214b	0x214b	0
0x214e	0x214e	0
0x214f	0x214f	0
0x2152	0x2152	0
0x2153	0x2153	0
0x2154	0x2154	0
0x2156	0x2156	0
0x215a	0x215a	0
0x215d	0x215d	0
0x2162	0x2162	0
0x2164	0x2164	0
0x2167	0x2167	0
0x216c	0x216c	0
0x216e	0x216e	0
0x2170	0x2170	0
0x2172	0x2172	0
0x2173	0x2173	0
0x2174	0x2174	0
0x2175	0x2175	0
0x2176	0x2176	0
0x2177	0x2177	0
0x217b	0x217b	0
0x217d	0x217d	0
0x217e	0x217e	0
0x2182	0x2182	0
0x2184	0x2184	0
0x2187	0x2187	0
0x2189	0x2189	0
0x218a	0x218a	0
0x218e	0x218e	0
0x21a7	0x21a7	0
0x21a9	0x21a9	0
0x21aa	0x21aa	0
0x21ae	0x21ae	0
0x21af	0x21af	0
0x21b1	0x21b1	0
0x21b3	0x21b3	0
0x21b8	0x21b8	0
0x21bb	0x21bb	0
0x21c1	0x21c1	0
0x21c6	0x21c6	0
0x21c8	0x21c8	0
0x21c9	0x21c9	0
0x21cb	0x21cb	0
0x21cc	0x21cc	0
0x21ce	0x21ce	0
0x21d2	0x21d2	0
0x21d4	0x21d4	0
0x21d5	0x21d5	0
0x21d9	0x21d9	0
0x21db	0x21db	0
0x21de	0x21de	0
0x21e0	0x21e0	0
0x21e1	0x21e1	0
0x21e5	0x21e5	0
0x21ea	0x21ea	0
0x21ec	0x21ec	0
0x21ed	0x21ed	0
0x21f1	0x21f1	0
0x21f2	0x21f2	0
0x21f4	0x21f4	0
0x21f5	0x21f5	0
0x21f7	0x21f7	0
0x21f8	0x21f8	0
0x21fc	0x21fc	0
0x21ff	0x21ff	0
0x2200	0x2200	0
0x2202	0x2202	0
0x2203	0x2203	0
0x2206	0x2206	0
0x2209	0x2209	0
0x220a	0x220a	0
0x220d	0x220d	0
0x220e	0x220e	0
0x220f	0x220f	0
0x2211	0x2211	0
0x2215	0x2215	0
0x2218	0x2218	0
0x221d	0x221d	0
0x2220	0x2220	0
0x2269	0x2269	0
0x226b	0x226b	0
0x226d	0x226d	0
0x226f	0x226f	0
0x2271	0x2271	0
0x2272	0x2272	0
0x2274	0x2274	0
0x2275	0x2275	0
0x227a	0x227a	0
0x227c	0x227c	0
0x2281	0x2281	0
0x2284	0x2284	0
0x2286	0x2286	0
0x2289	0x2289	0
0x228c	0x228c	0
0x228d	0x228d	0
0x228f	0x228f	0
0x2299	0x2299	0
0x229f	0x229f	0
0x22a4	0x22a4	0
0x22a7	0x22a7	0
0x22ae	0x22ae	0
0x22b0	0x22b0	0
0x22b2	0x22b2	0
0x22b4	0x22b4	0
0x22b6	0x22b6	0
0x22b7	0x22b7	0
0x22b9	0x22b9	0
0x22bb	0x22bb	0
0x22bc	0x22bc	0
0x22be	0x22be	0
0x22c0	0x22c0	0
0x22c2	0x22c2	0
0x22c3	0x22c3	0
0x22c7	0x22c7	0
0x22c9	0x22c9	0
0x22ca	0x22ca	0
0x22ce	0x22ce	0
0x22d0	0x22d0	0
0x22d3	0x22d3	0
0x22d5	0x22d5	0
0x22d6	0x22d6	0
0x22da	0x22da	0
0x23bd	0x23bd	0
0x23bf	0x23bf	0
0x23c0	0x23c0	0
0x23c4	0x23c4	0
0x23c5	0x23c5	0
0x23c7	0x23c7	0
0x23c9	0x23c9	0
0x23ce	0x23ce	0
0x23d1	0x23d1	0
0x23d7	0x23d7	0
0x23dc	0x23dc	0
0x23de	0x23de	0
0x23df	0x23df	0
0x23e1	0x23e1	0
0x23e2	0x23e2	0
0x23e4	0x23e4	0
0x23e8	0x23e8	0
0x23ea	0x23ea	0
0x23eb	0x23eb	0
0x23ef	0x23ef	0
0x23f1	0x23f1	0
0x23f4	0x23f4	0
0x23f6	0x23f6	0
0x23f7	0x23f7	0
0x23fb	0x23fb	0
0x2400	0x2400	0
0x2402	0x2402	0
0x2403	0x2403	0
0x2407	0x2407	0
0x2408	0x2408	0
0x240a	0x240a	0
0x240b	0x240b	0
0x240d	0x240d	0
0x240e	0x240e	0
0x2412	0x2412	0
0x2415	0x2415	0
0x2416	0x2416	0
0x2418	0x2418	0
0x2419	0x2419	0
0x241c	0x241c	0
0x241f	0x241f	0
0x2420	0x2420	0
0x2423	0x2423	0
0x2424	0x2424	0
0x2425	0x2425	0
0x2427	0x2427	0
0x242b	0x242b	0
0x242c	0x242c	0
0x2430	0x2430	0
0x2433	0x2433	0
0x2434	0x2434	0
0x2437	0x2437	0
0x2438	0x2438	0
0x25af	0x25af	0
0x25b1	0x25b1	0
0x25b2	0x25b2	0
0x25b6	0x25b6	0
0x25b7	0x25b7	0
0x25b9	0x25b9	0
0x25bb	0x25bb	0
0x25c0	0x25c0	0
0x25c3	0x25c3	0
0x25c9	0x25c9	0
0x25ce	0x25ce	0
0x25d0	0x25d0	0
0x25d1	0x25d1	0
0x25d3	0x25d3	0
0x25d4	0x25d4	0
0x25d6	0x25d6	0
0x25da	0x25da	0
0x25dc	0x25dc	0
0x25dd	0x25dd	0
0x25e1	0x25e1	0
0x25e3	0x25e3	0
0x25e6	0x25e6	0
0x25e8	0x25e8	0
0x25e9	0x25e9	0
0x25ed	0x25ed	0
0x25f2	0x25f2	0
0x25f4	0x25f4	0
0x25f5	0x25f5	0
0x25f9	0x25f9	0
0x25fa	0x25fa	0
0x25fc	0x25fc	0
0x25fd	0x25fd	0
0x25ff	0x25ff	0
0x2600	0x2600	0
0x2604	0x2604	0
0x2607	0x2607	0
0x2608	0x2608	0
0x260a	0x260a	0
0x260b	0x260b	0
0x260e	0x260e	0
0x2611	0x2611	0
0x2612	0x2612	0
0x2615	0x2615	0
0x2616	0x2616	0
0x2617	0x2617	0
0x2619	0x2619	0
0x261d	0x261d	0
0x261f	0x261f	0
0x2622	0x2622	0
0x2627	0x2627	0
0x262a	0x262a	0
0x262b	0x262b	0
0x262d	0x262d	0
0x262f	0x262f	0
0x2631	0x2631	0
0x2632	0x2632	0
0x2633	0x2633	0
0x2634	0x2634	0
0x2635	0x2635	0
0x2637	0x2637	0
0x2639	0x2639	0
0x263b	0x263b	0
0x263c	0x263c	0
0x263e	0x263e	0
0x2641	0x2641	0
0x2645	0x2645	0
0x2647	0x2647	0
0x264c	0x264c	0
0x264f	0x264f	0
0x2676	0x2676	0
0x2677	0x2677	0
0x267b	0x267b	0
0x267e	0x267e	0
0x267f	0x267f	0
0x2682	0x2682	0
0x2683	0x2683	0
0x2786	0x2786	0
0x2789	0x2789	0
0x278c	0x278c	0
0x2790	0x2790	0
0x2791	0x2791	0
0x2792	0x2792	0
0x2793	0x2793	0
0x279c	0x279c	0
0x279d	0x279d	0
0x27a1	0x27a1	0
0x27a8	0x27a8	0
0x27ab	0x27ab	0
0x27ac	0x27ac	0
0x27ad	0x27ad	0
0x27b1	0x27b1	0
0x27b8	0x27b8	0
0x27bb	0x27bb	0
0x27bc	0x27bc	0
0x27bd	0x27bd	0
0x27c1	0x27c1	0
0x27cd	0x27cd	0
0x27cf	0x27cf	0
0x27d0	0x27d0	0
0x295e	0x295e	0
0x2961	0x2961	0
0x2963	0x2963	0
0x2967	0x2967	0
0x2968	0x2968	0
0x2969	0x2969	0
0x296a	0x296a	0
0x2972	0x2972	0
0x2977	0x2977	0
0x297e	0x297e	0
0x2982	0x2982	0
0x2985	0x2985	0
0x2986	0x2986	0
0x298d	0x298d	0
0x2990	0x2990	0
0x2991	0x2991	0
0x2cec	0x2cec	0
0x2cf1	0x2cf1	0
0x2cf5	0x2cf5	0
0x2cf7	0x2cf7	0
0x2d18	0x2d18	0
0x2d1b	0x2d1b	0
0x2d1d	0x2d1d	0
0x2d2d	0x2d2d	0
0x2d2f	0x2d2f	0
0x2d30	0x2d30	0
0x2d33	0x2d33	0
0x2d35	0x2d35	0
0x2d37	0x2d37	0
0x2ddd	0x2ddd	0
0x2de2	0x2de2	0
0x2de6	0x2de6	0
0x2de8	0x2de8	0
0x2e09	0x2e09	0
0x2e0c	0x2e0c	0
0x2e0e	0x2e0e	0
0x2e15	0x2e15	0
0x2e17	0x2e17	0
0x2e18	0x2e18	0
0x2e1b	0x2e1b	0
0x2e1d	0x2e1d	0
0x2e1f	0x2e1f	0
0x2e23	0x2e23	0
0x2e28	0x2e28	0
0x2e2c	0x2e2c	0
0x2e2e	0x2e2e	0
0x2e4f	0x2e4f	0
0x2e52	0x2e52	0
0x2e54	0x2e54	0
0x2e56	0x2e56	0
0x2e5a	0x2e5a	0
0x2e5f	0x2e5f	0
0x2e63	0x2e63	0
0x2e65	0x2e65	0
0x2e86	0x2e86	0
0x2e89	0x2e89	0
0x2e8b	0x2e8b	0
0x2e8d	0x2e8d	0
0x2eff	0x2eff	0
0x2f06	0x2f06	0
0x2f08	0x2f08	0
0x2f29	0x2f29	0
0x2f2c	0x2f2c	0
0x2f2e	0x2f2e	0
0x2f30	0x2f30	0
0x2f34	0x2f34	0
0x2f39	0x2f39	0
0x2f3d	0x2f3d	0
0x2f3f	0x2f3f	0
0x2f60	0x2f60	0
0x2f63	0x2f63	0
0x2f65	0x2f65	0
0x2f67	0x2f67	0
0x2f6b	0x2f6b	0
0x2f70	0x2f70	0
0x2f74	0x2f74	0
0x2f76	0x2f76	0
0x2f97	0x2f97	0
0x2f9a	0x2f9a	0
0x2f9c	0x2f9c	0
0x2fad	0x2fad	0
0x2faf	0x2faf	0
0x2fb0	0x2fb0	0
0x2fb3	0x2fb3	0
0x2fb5	0x2fb5	0
0x2fb7	0x2fb7	0
0x2ff2	0x2ff2	0
0x2ff7	0x2ff7	0
0x2ffb	0x2ffb	0
0x2ffd	0x2ffd	0
0x301e	0x301e	0
0x3021	0x3021	0
0x3023	0x3023	0
0x302f	0x302f	0
0x3031	0x3031	0
0x3032	0x3032	0
0x3035	0x3035	0
0x3037	0x3037	0
0x3039	0x3039	0
0x3177	0x3177	0
0x317c	0x317c	0
0x3180	0x3180	0
0x3182	0x3182	0
0x31a3	0x31a3	0
0x31a6	0x31a6	0
0x31a8	0x31a8	0
0x31af	0x31af	0
0x31b1	0x31b1	0
0x31b2	0x31b2	0
0x31b5	0x31b5	0
0x31b7	0x31b7	0
0x31b9	0x31b9	0
0x32ac	0x32ac	0
0x32b1	0x32b1	0
0x32b5	0x32b5	0
0x32b7	0x32b7	0
0x32d8	0x32d8	0
0x32db	0x32db	0
0x32dd	0x32dd	0
0x32e5	0x32e5	0
0x32e7	0x32e7	0
0x32e8	0x32e8	0
0x32eb	0x32eb	0
0x32ed	0x32ed	0
0x32ef	0x32ef	0
0x3371	0x3371	0
0x3372	0x3372	0
0x3375	0x3375	0
0x3377	0x3377	0
0x337b	0x337b	0
0x3382	0x3382	0
0x3386	0x3386	0
0x3387	0x3387	0
0x3388	0x3388	0
0x338a	0x338a	0
0x338c	0x338c	0
0x338e	0x338e	0
0x338f	0x338f	0
0x3390	0x3390	0
0x3393	0x3393	0
0x3395	0x3395	0
0x3399	0x3399	0
0x339a	0x339a	0
0x339b	0x339b	0
0x339d	0x339d	0
0x33a0	0x33a0	0
0x33a2	0x33a2	0
0x33a6	0x33a6	0
0x33a7	0x33a7	0
0x33a8	0x33a8	0
0x33ae	0x33ae	0
0x33b1	0x33b1	0
0x33b7	0x33b7	0
0x33b8	0x33b8	0
0x33b9	0x33b9	0
0x33bd	0x33bd	0
0x33c2	0x33c2	0
0x33c4	0x33c4	0
0x33c6	0x33c6	0
0x33c8	0x33c8	0
0x33c9	0x33c9	0
0x33cd	0x33cd	0
0x33d0	0x33d0	0
0x33d2	0x33d2	0
0x33d6	0x33d6	0
0x33df	0x33df	0
0x33e2	0x33e2	0
0x33e4	0x33e4	0
0x33e8	0x33e8	0
0x33ea	0x33ea	0
0x33ec	0x33ec	0
0x33ee	0x33ee	0
0x33ef	0x33ef	0
0x33f3	0x33f3	0
0x33f6	0x33f6	0
0x33f8	0x33f8	0
0x33fc	0x33fc	0
0x33fe	0x33fe	0
0x3400	0x3400	0
0x3402	0x3402	0
0x3403	0x3403	0
0x3407	0x3407	0
0x340a	0x340a	0
0x340c	0x340c	0
0x6b11	0x6b11	0
0x6b35	0x6b35	0
0x6b59	0x6b59	0
0x6b7d	0x6b7d	0
0x6ba1	0x6ba1	0
0x6bc5	0x6bc5	0
0x6be9	0x6be9	0
0x6c0d	0x6c0d	0
0xec40	0xec40	0
0x16440	0x16440	0
0x16e40	0x16e40	0
0x17840	0x17840	0
0x18240	0x18240	0
0x1a040	0x1a040	0
0x1aa40	0x1aa40	0
0x1b440	0x1b440	0
0x39144	0x39144	0
0x39146	0x39146	0
0x39147	0x39147	0
0x3914c	0x3914c	0
0x3923d	0x3923d	0
0x3923f	0x3923f	0
0x39242	0x39242	0
0x39265	0x39265	0
0x39267	0x39267	0
0x39268	0x39268	0
0x3926d	0x3926d	0
0x39291	0x39291	0
0x39293	0x39293	0
0x39294	0x39294	0
0x39299	0x39299	0
0x392e5	0x392e5	0
0x392e7	0x392e7	0
0x392e8	0x392e8	0
0x392ed	0x392ed	0
0x39374	0x39374	0
0x39376	0x39376	0
0x39377	0x39377	0
0x3937c	0x3937c	0
0x393a0	0x393a0	0
0x393a2	0x393a2	0
0x393a3	0x393a3	0
0x393a8	0x393a8	0
0x39415	0x39415	0
0x39417	0x39417	0
0x39418	0x39418	0
0x3941d	0x3941d	0
0x39441	0x39441	0
0x39443	0x39443	0
0x39444	0x39444	0
0x39449	0x39449	0
0x3946d	0x3946d	0
0x3946f	0x3946f	0
0x39470	0x39470	0
0x39475	0x39475	0
0x39499	0x39499	0
0x394bd	0x394bd	0
0x394bf	0x394bf	0
0x394c0	0x394c0	0
0x394c5	0x394c5	0
0x394e9	0x394e9	0
0x394eb	0x394eb	0
0x394ec	0x394ec	0
0x394f1	0x394f1	0
0x3953d	0x3953d	0
0x3953f	0x3953f	0
0x39540	0x39540	0
0x39545	0x39545	0
0x39569	0x39569	0
0x3956b	0x3956b	0
0x3956c	0x3956c	0
0x39571	0x39571	0
0x395b6	0x395b6	0
0x395b8	0x395b8	0
0x395bb	0x395bb	0
0x395de	0x395de	0
0x395e0	0x395e0	0
0x395e1	0x395e1	0
0x395e6	0x395e6	0
0x3964c	0x3964c	0
0x3964e	0x3964e	0
0x3964f	0x3964f	0
0x39654	0x39654	0
0x396db	0x396db	0
0x396dd	0x396dd	0
0x396e0	0x396e0	0
0x39724	0x39724	0
0x39726	0x39726	0
0x39729	0x39729	0
0x3974c	0x3974c	0
0x3974e	0x3974e	0
0x39751	0x39751	0
0x39774	0x39774	0
0x39776	0x39776	0
0x39777	0x39777	0
0x3977c	0x3977c	0
0x397e2	0x397e2	0
0x397e4	0x397e4	0
0x397e7	0x397e7	0
0x3980a	0x3980a	0
0x3980c	0x3980c	0
0x3980f	0x3980f	0
0x39832	0x39832	0
0x39834	0x39834	0
0x39837	0x39837	0
0x47191	0x47191	0
0x47193	0x47193	0
0x47196	0x47196	0
0x471b9	0x471b9	0
0x471bb	0x471bb	0
0x471be	0x471be	0
0x471e1	0x471e1	0
0x471e3	0x471e3	0
0x471e6	0x471e6	0
0x47209	0x47209	0
0x4722d	0x4722d	0
0x4722f	0x4722f	0
0x47232	0x47232	0
0x472eb	0x472eb	0
0x472ed	0x472ed	0
0x472f0	0x472f0	0
0x54cc3	0x54cc3	0
0x54cc5	0x54cc5	0
0x54cc8	0x54cc8	0
0x6269c	0x6269c	0
0x6269e	0x6269e	0
0x626a1	0x626a1	0
0x626c4	0x626c4	0
0x626c6	0x626c6	0
0x626c9	0x626c9	0
0x628f2	0x628f2	0
0x62916	0x62916	0
0x62918	0x62918	0
0x6291b	0x6291b	0
0x702f2	0x702f2	0
0x702f4	0x702f4	0
0x702f7	0x702f7	0
0x7031a	0x7031a	0
0x7031c	0x7031c	0
0x7031f	0x7031f	0
0x70342	0x70342	0
0x70344	0x70344	0
0x70347	0x70347	0
0x7036a	0x7036a	0
0x7036c	0x7036c	0
0x7036f	0x7036f	0
0x70392	0x70392	0
0x70394	0x70394	0
0x70397	0x70397	0
0x703ba	0x703ba	0
0x703bc	0x703bc	0
0x703bf	0x703bf	0
0x70450	0x70450	0
0x70452	0x70452	0
0x70455	0x70455	0
0x70478	0x70478	0
0x7047a	0x7047a	0
0x7047d	0x7047d	0
0x704c2	0x704c2	0
0x704c4	0x704c4	0
0x704c7	0x704c7	0
0x70580	0x70580	0
0x70582	0x70582	0
0x70585	0x70585	0
0x7068f	0x7068f	0
0x70691	0x70691	0
0x70694	0x70694	0
0x70795	0x70795	0
0x70797	0x70797	0
0x7079a	0x7079a	0
0x70ae6	0x70ae6	0
0x70ae8	0x70ae8	0
0x70aeb	0x70aeb	0
0x70b0e	0x70b0e	0
0x70b10	0x70b10	0
0x70b13	0x70b13	0
0x70b36	0x70b36	0
0x70b38	0x70b38	0
0x70b3b	0x70b3b	0
0x70b5e	0x70b5e	0
0x70b60	0x70b60	0
0x70b63	0x70b63	0
0x70b86	0x70b86	0
0x70b88	0x70b88	0
0x70b8b	0x70b8b	0
0x70bae	0x70bae	0
0x70bb0	0x70bb0	0
0x70bb3	0x70bb3	0
0x70bd6	0x70bd6	0
0x70bd8	0x70bd8	0
0x70bdb	0x70bdb	0
0x70bfe	0x70bfe	0
0x70c00	0x70c00	0
0x70c03	0x70c03	0
0x70c26	0x70c26	0
0x70c28	0x70c28	0
0x70c2b	0x70c2b	0
0x70c4e	0x70c4e	0
0x70c50	0x70c50	0
0x70c53	0x70c53	0
0x70c76	0x70c76	0
0x70c78	0x70c78	0
0x70c7b	0x70c7b	0
0x70c9e	0x70c9e	0
0x70ca0	0x70ca0	0
0x70ca3	0x70ca3	0
0x70cc6	0x70cc6	0
0x70cc8	0x70cc8	0
0x70ccb	0x70ccb	0
0x70cee	0x70cee	0
0x70cf0	0x70cf0	0
0x70cf3	0x70cf3	0
0x70d16	0x70d16	0
0x70d18	0x70d18	0
0x70d1b	0x70d1b	0
0x70d3e	0x70d3e	0
0x70d40	0x70d40	0
0x70d43	0x70d43	0
0xe1bba	0xe1bba	0
0xe25ba	0xe25ba	0
0xe2fba	0xe2fba	0
0xe39ba	0xe39ba	0
0xe43ba	0xe43ba	0
0xe4dba	0xe4dba	0
0xe57ba	0xe57ba	0
0xe61ba	0xe61ba	0
0xe6bba	0xe6bba	0
0xe75ba	0xe75ba	0
0xe7fba	0xe7fba	0
0xe89ba	0xe89ba	0
0xe93ba	0xe93ba	0
0xe9dba	0xe9dba	0
0xea7ba	0xea7ba	0
0xeb1ba	0xeb1ba	0
0xebbba	0xebbba	0
0xec5ba	0xec5ba	0
0xecfba	0xecfba	0
0xed9ba	0xed9ba	0
0xee3ba	0xee3ba	0
0xeedba	0xeedba	0
0xef7ba	0xef7ba	0
0xf01ba	0xf01ba	0
0xf0bba	0xf0bba	0
0xf15ba	0xf15ba	0
0xf1fba	0xf1fba	0
0xf29ba	0xf29ba	0
0xf33ba	0xf33ba	0
0xf3dba	0xf3dba	0
0xf47ba	0xf47ba	0
0xf51ba	0xf51ba	0
0xf5bba	0xf5bba	0
0xf65ba	0xf65ba	0
0xf6fba	0xf6fba	0
0xf79ba	0xf79ba	0
0xf83ba	0xf83ba	0
0xf8dba	0xf8dba	0
0xf97ba	0xf97ba	0
0xfa1ba	0xfa1ba	0
0xfabba	0xfabba	0
0xfb5ba	0xfb5ba	0
0xfbfba	0xfbfba	0
0xfc9da	0xfc9da	0
0xfd3da	0xfd3da	0
0xfddda	0xfddda	0
0xfe7da	0xfe7da	0
0xff1da	0xff1da	0
0xffbda	0xffbda	0
0x1005da	0x1005da	0
0x100fda	0x100fda	0
0x1019da	0x1019da	0
0x1023da	0x1023da	0
0x102dda	0x102dda	0
0x1037da	0x1037da	0
0x1041da	0x1041da	0
0x104bda	0x104bda	0
0x1055da	0x1055da	0
0x105fda	0x105fda	0
0x1069da	0x1069da	0
0x1073da	0x1073da	0
0x107dda	0x107dda	0
0x1087da	0x1087da	0
0x1091da	0x1091da	0
0x109bda	0x109bda	0
0x10a5da	0x10a5da	0
0x10afda	0x10afda	0
0x10b9da	0x10b9da	0
0x10c3da	0x10c3da	0
0x10cdda	0x10cdda	0
0x10d7da	0x10d7da	0
0x10e1da	0x10e1da	0
0x10ebda	0x10ebda	0
0x10f5da	0x10f5da	0
0x10ffda	0x10ffda	0
0x1109da	0x1109da	0
0x1113da	0x1113da	0
0x111dda	0x111dda	0
0x1127da	0x1127da	0
0x1131da	0x1131da	0
0x113bda	0x113bda	0
0x1145da	0x1145da	0
0x114fda	0x114fda	0
0x1159da	0x1159da	0
0x1163da	0x1163da	0
0x1177da	0x1177da	0
0x118bda	0x118bda	0
0x11dbda	0x11dbda	0
0x11efda	0x11efda	0
0x12a3da	0x12a3da	0
0x12adda	0x12adda	0
0x46e	0x46e_0x0	0
0xaf1	0xaf1_0x0	0
0x22a2	0x22a2_0x0	0
0x21950x20eb	0x20eb0x2195	0
0x21950x21a6	0x21a60x2195	0
0x21950x23bc	0x23bc0x2195	0
0xcdd0x1a50	0x1a500xcdd	0
0xc4c0xc11	0xc110xc4c	0
0x9d0_0x0	0x9d0_0x0	0
0xab1_0x0	0xab1_0x0	0
0x2104_0x0	0x2104_0x0	0
0x2112_0x0	0x2112_0x0	0
0x21bf_0x0	0x21bf_0x0	0
0x21cd_0x0	0x21cd_0x0	0
0x23d5_0x0	0x23d5_0x0	0
0x23e3_0x0	0x23e3_0x0	0
0x25c7_0x0	0x25c7_0x0	0
0x25d5_0x0	0x25d5_0x0	0
0x21a10x20eb	0x20eb0x21a1	0
0x21a10x21a6	0x21a60x21a1	0
0x21a10x23bc	0x23bc0x21a1	0
0x21a00x20eb	0x20eb0x21a0	0
0x21a00x21a6	0x21a60x21a0	0
0x21a00x23bc	0x23bc0x21a0	0
0x219d0x20eb	0x20eb0x219d	0
0x219d0x21a6	0x21a60x219d	0
0x219d0x23bc	0x23bc0x219d	0
0x219c0x20eb	0x20eb0x219c	0
0x219c0x21a6	0x21a60x219c	0
0x219c0x23bc	0x23bc0x219c	0
0x21990x20eb	0x20eb0x2199	0
0x21990x21a6	0x21a60x2199	0
0x21990x23bc	0x23bc0x2199	0
0x21940x20eb	0x20eb0x2194	0
0x21940x21a6	0x21a60x2194	0
0x21940x23bc	0x23bc0x2194	0
0xce20x1a50	0x1a500xce2	0
0xc510xc11	0xc110xc51	0
0x2d3bS0x77a	0x2d3bV0x77a	0
0x2d40S0x77a	0x2d40V0x77a	0
0x2d44S0x77a	0x2d44V0x77a	0
0x2d46S0x77a	0x2d46V0x77a	0
0x2d67S0x77a	0x2d67V0x77a	0
0x2d6aS0x77a	0x2d6aV0x77a	0
0x2d6cS0x77a	0x2d6cV0x77a	0
0x2d8dS0x77a	0x2d8dV0x77a	0
0x2d90S0x77a	0x2d90V0x77a	0
0x2d92S0x77a	0x2d92V0x77a	0
0x2d98S0x77a	0x2d98V0x77a	0
0x2d9aS0x77a	0x2d9aV0x77a	0
0x2d9bS0x77a	0x2d9bV0x77a	0
0x2d9eS0x77a	0x2d9eV0x77a	0
0x2da0S0x77a	0x2da0V0x77a	0
0x2da2S0x77a	0x2da2V0x77a	0
0x32f3S0x7b3	0x32f3V0x7b3	0
0x32f8S0x7b3	0x32f8V0x7b3	0
0x32fcS0x7b3	0x32fcV0x7b3	0
0x32feS0x7b3	0x32feV0x7b3	0
0x3313S0x7b3	0x3313V0x7b3	0
0x3315S0x7b3	0x3315V0x7b3	0
0x3316S0x7b3	0x3316V0x7b3	0
0x3319S0x7b3	0x3319V0x7b3	0
0x331bS0x7b3	0x331bV0x7b3	0
0x331dS0x7b3	0x331dV0x7b3	0
0x308bS0x7e8	0x308bV0x7e8	0
0x3090S0x7e8	0x3090V0x7e8	0
0x3094S0x7e8	0x3094V0x7e8	0
0x3096S0x7e8	0x3096V0x7e8	0
0x30b7S0x7e8	0x30b7V0x7e8	0
0x30baS0x7e8	0x30baV0x7e8	0
0x30bcS0x7e8	0x30bcV0x7e8	0
0x30beS0x7e8	0x30beV0x7e8	0
0x30f9S0xd0e	0x30f9V0xd0e	0
0x3100S0xd0e	0x3100V0xd0e	0
0x3102S0xd0e	0x3102V0xd0e	0
0x3123S0xd0e	0x3123V0xd0e	0
0x3126S0xd0e	0x3126V0xd0e	0
0x3128S0xd0e	0x3128V0xd0e	0
0x312aS0xd0e	0x312aV0xd0e	0
0x30f9S0xf97	0x30f9V0xf97	0
0x3100S0xf97	0x3100V0xf97	0
0x3102S0xf97	0x3102V0xf97	0
0x3123S0xf97	0x3123V0xf97	0
0x3126S0xf97	0x3126V0xf97	0
0x3128S0xf97	0x3128V0xf97	0
0x312aS0xf97	0x312aV0xf97	0
0x30f9S0x12d2	0x30f9V0x12d2	0
0x3100S0x12d2	0x3100V0x12d2	0
0x3102S0x12d2	0x3102V0x12d2	0
0x3123S0x12d2	0x3123V0x12d2	0
0x3126S0x12d2	0x3126V0x12d2	0
0x3128S0x12d2	0x3128V0x12d2	0
0x312aS0x12d2	0x312aV0x12d2	0
0x2d3bS0x1cff	0x2d3bV0x1cff	0
0x2d40S0x1cff	0x2d40V0x1cff	0
0x2d44S0x1cff	0x2d44V0x1cff	0
0x2d46S0x1cff	0x2d46V0x1cff	0
0x2d67S0x1cff	0x2d67V0x1cff	0
0x2d6aS0x1cff	0x2d6aV0x1cff	0
0x2d6cS0x1cff	0x2d6cV0x1cff	0
0x2d8dS0x1cff	0x2d8dV0x1cff	0
0x2d90S0x1cff	0x2d90V0x1cff	0
0x2d92S0x1cff	0x2d92V0x1cff	0
0x2d98S0x1cff	0x2d98V0x1cff	0
0x2d9aS0x1cff	0x2d9aV0x1cff	0
0x2d9bS0x1cff	0x2d9bV0x1cff	0
0x2d9eS0x1cff	0x2d9eV0x1cff	0
0x2da0S0x1cff	0x2da0V0x1cff	0
0x2da2S0x1cff	0x2da2V0x1cff	0
0x32f3S0x1d4e	0x32f3V0x1d4e	0
0x32f8S0x1d4e	0x32f8V0x1d4e	0
0x32fcS0x1d4e	0x32fcV0x1d4e	0
0x32feS0x1d4e	0x32feV0x1d4e	0
0x3313S0x1d4e	0x3313V0x1d4e	0
0x3315S0x1d4e	0x3315V0x1d4e	0
0x3316S0x1d4e	0x3316V0x1d4e	0
0x3319S0x1d4e	0x3319V0x1d4e	0
0x331bS0x1d4e	0x331bV0x1d4e	0
0x331dS0x1d4e	0x331dV0x1d4e	0
0x308bS0x1d83	0x308bV0x1d83	0
0x3090S0x1d83	0x3090V0x1d83	0
0x3094S0x1d83	0x3094V0x1d83	0
0x3096S0x1d83	0x3096V0x1d83	0
0x30b7S0x1d83	0x30b7V0x1d83	0
0x30baS0x1d83	0x30baV0x1d83	0
0x30bcS0x1d83	0x30bcV0x1d83	0
0x30beS0x1d83	0x30beV0x1d83	0
0x30f9S0x1eb1	0x30f9V0x1eb1	0
0x3100S0x1eb1	0x3100V0x1eb1	0
0x3102S0x1eb1	0x3102V0x1eb1	0
0x3123S0x1eb1	0x3123V0x1eb1	0
0x3126S0x1eb1	0x3126V0x1eb1	0
0x3128S0x1eb1	0x3128V0x1eb1	0
0x312aS0x1eb1	0x312aV0x1eb1	0
0x1f4bS0x1f94	0x1f4bV0x1f94	0
0x1f4bS0x208f	0x1f4bV0x208f	0
0x303dS0x2117	0x303dV0x2117	0
0x3042S0x2117	0x3042V0x2117	0
0x3046S0x2117	0x3046V0x2117	0
0x3048S0x2117	0x3048V0x2117	0
0x3069S0x2117	0x3069V0x2117	0
0x306cS0x2117	0x306cV0x2117	0
0x306eS0x2117	0x306eV0x2117	0
0x307dS0x2117	0x307dV0x2117	0
0x307fS0x2117	0x307fV0x2117	0
0x3080S0x2117	0x3080V0x2117	0
0x3083S0x2117	0x3083V0x2117	0
0x3085S0x2117	0x3085V0x2117	0
0x3087S0x2117	0x3087V0x2117	0
0x303dS0x21d2	0x303dV0x21d2	0
0x3042S0x21d2	0x3042V0x21d2	0
0x3046S0x21d2	0x3046V0x21d2	0
0x3048S0x21d2	0x3048V0x21d2	0
0x3069S0x21d2	0x3069V0x21d2	0
0x306cS0x21d2	0x306cV0x21d2	0
0x306eS0x21d2	0x306eV0x21d2	0
0x307dS0x21d2	0x307dV0x21d2	0
0x307fS0x21d2	0x307fV0x21d2	0
0x3080S0x21d2	0x3080V0x21d2	0
0x3083S0x21d2	0x3083V0x21d2	0
0x3085S0x21d2	0x3085V0x21d2	0
0x3087S0x21d2	0x3087V0x21d2	0
0x303dS0x23e8	0x303dV0x23e8	0
0x3042S0x23e8	0x3042V0x23e8	0
0x3046S0x23e8	0x3046V0x23e8	0
0x3048S0x23e8	0x3048V0x23e8	0
0x3069S0x23e8	0x3069V0x23e8	0
0x306cS0x23e8	0x306cV0x23e8	0
0x306eS0x23e8	0x306eV0x23e8	0
0x307dS0x23e8	0x307dV0x23e8	0
0x307fS0x23e8	0x307fV0x23e8	0
0x3080S0x23e8	0x3080V0x23e8	0
0x3083S0x23e8	0x3083V0x23e8	0
0x3085S0x23e8	0x3085V0x23e8	0
0x3087S0x23e8	0x3087V0x23e8	0
0x303dS0x25da	0x303dV0x25da	0
0x3042S0x25da	0x3042V0x25da	0
0x3046S0x25da	0x3046V0x25da	0
0x3048S0x25da	0x3048V0x25da	0
0x3069S0x25da	0x3069V0x25da	0
0x306cS0x25da	0x306cV0x25da	0
0x306eS0x25da	0x306eV0x25da	0
0x307dS0x25da	0x307dV0x25da	0
0x307fS0x25da	0x307fV0x25da	0
0x3080S0x25da	0x3080V0x25da	0
0x3083S0x25da	0x3083V0x25da	0
0x3085S0x25da	0x3085V0x25da	0
0x3087S0x25da	0x3087V0x25da	0
0x10beS0x99f	0x10beV0x99f	0
0x10c0S0x99f	0x10c0V0x99f	0
0x10c1S0x99f	0x10c1V0x99f	0
0x10c3S0x99f	0x10c3V0x99f	0
0x10c5S0x99f	0x10c5V0x99f	0
0x10c7S0x99f	0x10c7V0x99f	0
0x10c8S0x99f	0x10c8V0x99f	0
0x10c9S0x99f	0x10c9V0x99f	0
0x282fS0x2b7	0x282fV0x2b7	0
0x2831S0x2b7	0x2831V0x2b7	0
0x2835S0x2b7	0x2835V0x2b7	0
0x2836S0x2b7	0x2836V0x2b7	0
0x2837S0x2b7	0x2837V0x2b7	0
0x2838S0x2b7	0x2838V0x2b7	0
0x2841S0x2b7	0x2841V0x2b7	0
0x2c02S0x39143	0x2c02V0x39143	0
0x2c04S0x39143	0x2c04V0x39143	0
0xbfaS0x2c6	0xbfaV0x2c6	0
0xbffS0x2c6	0xbffV0x2c6	0
0xc01S0x2c6	0xc01V0x2c6	0
0xc04S0x2c6	0xc04V0x2c6	0
0xc07S0x2c6	0xc07V0x2c6	0
0xc08S0x2c6	0xc08V0x2c6	0
0xc0aS0x2c6	0xc0aV0x2c6	0
0xc0bS0x2c6	0xc0bV0x2c6	0
0xf640S0x2c6	0xf640V0x2c6	0
0x1f4bS0xc11	0x1f4bV0xc11	0
0x2897S0x342	0x2897V0x342	0
0x2899S0x342	0x2899V0x342	0
0x289dS0x342	0x289dV0x342	0
0x289eS0x342	0x289eV0x342	0
0x289fS0x342	0x289fV0x342	0
0x28a0S0x342	0x28a0V0x342	0
0x28a9S0x342	0x28a9V0x342	0
0x28aaS0x342	0x28aaV0x342	0
0x28acS0x342	0x28acV0x342	0
0x28aeS0x342	0x28aeV0x342	0
0x28b0S0x342	0x28b0V0x342	0
0x28b1S0x342	0x28b1V0x342	0
0x28b3S0x342	0x28b3V0x342	0
0x28b5S0x342	0x28b5V0x342	0
0x28b6S0x342	0x28b6V0x342	0
0x1f4bS0xce6	0x1f4bV0xce6	0
0x2c02S0x39264	0x2c02V0x39264	0
0x2c04S0x39264	0x2c04V0x39264	0
0xe66S0x3be	0xe66V0x3be	0
0xe6bS0x3be	0xe6bV0x3be	0
0xe6dS0x3be	0xe6dV0x3be	0
0xe72S0x3be	0xe72V0x3be	0
0xe76S0x3be	0xe76V0x3be	0
0xe77S0x3be	0xe77V0x3be	0
0xe79S0x3be	0xe79V0x3be	0
0xe7bS0x3be	0xe7bV0x3be	0
0xe7dS0x3be	0xe7dV0x3be	0
0xe7eS0x3be	0xe7eV0x3be	0
0xe80S0x3be	0xe80V0x3be	0
0xe83S0x3be	0xe83V0x3be	0
0xe85S0x3be	0xe85V0x3be	0
0xe8aS0x3be	0xe8aV0x3be	0
0xe8bS0x3be	0xe8bV0x3be	0
0x11e40S0x3be	0x11e40V0x3be	0
0x2bf5S0x39290	0x2bf5V0x39290	0
0x2bf6S0x39290	0x2bf6V0x39290	0
0x2bf9S0x39290	0x2bf9V0x39290	0
0x2bfbS0x39290	0x2bfbV0x39290	0
0x2bf5S0x392e4	0x2bf5V0x392e4	0
0x2bf6S0x392e4	0x2bf6V0x392e4	0
0x2bf9S0x392e4	0x2bf9V0x392e4	0
0x2bfbS0x392e4	0x2bfbV0x392e4	0
0x1f4bS0xf6f	0x1f4bV0xf6f	0
0x2c02S0x39373	0x2c02V0x39373	0
0x2c04S0x39373	0x2c04V0x39373	0
0x10beS0x47b	0x10beV0x47b	0
0x10c0S0x47b	0x10c0V0x47b	0
0x10c1S0x47b	0x10c1V0x47b	0
0x10c3S0x47b	0x10c3V0x47b	0
0x10c5S0x47b	0x10c5V0x47b	0
0x10c7S0x47b	0x10c7V0x47b	0
0x10c8S0x47b	0x10c8V0x47b	0
0x10c9S0x47b	0x10c9V0x47b	0
0x2bbcS0x3939f	0x2bbcV0x3939f	0
0x2bbeS0x3939f	0x2bbeV0x3939f	0
0x2bc0S0x3939f	0x2bc0V0x3939f	0
0x2bc2S0x3939f	0x2bc2V0x3939f	0
0x2bc3S0x3939f	0x2bc3V0x3939f	0
0x2bc7S0x3939f	0x2bc7V0x3939f	0
0x2bcaS0x3939f	0x2bcaV0x3939f	0
0x2bccS0x3939f	0x2bccV0x3939f	0
0x2876S0x4bd	0x2876V0x4bd	0
0x2879S0x4bd	0x2879V0x4bd	0
0x287dS0x4bd	0x287dV0x4bd	0
0x287eS0x4bd	0x287eV0x4bd	0
0x287fS0x4bd	0x287fV0x4bd	0
0x2880S0x4bd	0x2880V0x4bd	0
0x288bS0x4bd	0x288bV0x4bd	0
0x288dS0x4bd	0x288dV0x4bd	0
0x2891S0x4bd	0x2891V0x4bd	0
0x2892S0x4bd	0x2892V0x4bd	0
0x2bbcS0x39414	0x2bbcV0x39414	0
0x2bbeS0x39414	0x2bbeV0x39414	0
0x2bc0S0x39414	0x2bc0V0x39414	0
0x2bc2S0x39414	0x2bc2V0x39414	0
0x2bc3S0x39414	0x2bc3V0x39414	0
0x2bc7S0x39414	0x2bc7V0x39414	0
0x2bcaS0x39414	0x2bcaV0x39414	0
0x2bccS0x39414	0x2bccV0x39414	0
0x2c02S0x39440	0x2c02V0x39440	0
0x2c04S0x39440	0x2c04V0x39440	0
0x2bf5S0x3946c	0x2bf5V0x3946c	0
0x2bf6S0x3946c	0x2bf6V0x3946c	0
0x2bf9S0x3946c	0x2bf9V0x3946c	0
0x2bfbS0x3946c	0x2bfbV0x3946c	0
0x2c02S0x394bc	0x2c02V0x394bc	0
0x2c04S0x394bc	0x2c04V0x394bc	0
0x3410S0x394e8	0x3410V0x394e8	0
0x3415S0x394e8	0x3415V0x394e8	0
0x3418S0x394e8	0x3418V0x394e8	0
0x341aS0x394e8	0x341aV0x394e8	0
0x2c02S0x3953c	0x2c02V0x3953c	0
0x2c04S0x3953c	0x2c04V0x3953c	0
0x2c02S0x39568	0x2c02V0x39568	0
0x2c04S0x39568	0x2c04V0x39568	0
0x1276S0x5a2	0x1276V0x5a2	0
0x1280S0x5a2	0x1280V0x5a2	0
0x1285S0x5a2	0x1285V0x5a2	0
0x1286S0x5a2	0x1286V0x5a2	0
0x1287S0x5a2	0x1287V0x5a2	0
0x128bS0x5a2	0x128bV0x5a2	0
0x128cS0x5a2	0x128cV0x5a2	0
0x282fS0x5c0	0x282fV0x5c0	0
0x2831S0x5c0	0x2831V0x5c0	0
0x2835S0x5c0	0x2835V0x5c0	0
0x2836S0x5c0	0x2836V0x5c0	0
0x2837S0x5c0	0x2837V0x5c0	0
0x2838S0x5c0	0x2838V0x5c0	0
0x2841S0x5c0	0x2841V0x5c0	0
0x2bbcS0x395dd	0x2bbcV0x395dd	0
0x2bbeS0x395dd	0x2bbeV0x395dd	0
0x2bc0S0x395dd	0x2bc0V0x395dd	0
0x2bc2S0x395dd	0x2bc2V0x395dd	0
0x2bc3S0x395dd	0x2bc3V0x395dd	0
0x2bc7S0x395dd	0x2bc7V0x395dd	0
0x2bcaS0x395dd	0x2bcaV0x395dd	0
0x2bccS0x395dd	0x2bccV0x395dd	0
0x1f4bS0x12aa	0x1f4bV0x12aa	0
0x282fS0x620	0x282fV0x620	0
0x2831S0x620	0x2831V0x620	0
0x2835S0x620	0x2835V0x620	0
0x2836S0x620	0x2836V0x620	0
0x2837S0x620	0x2837V0x620	0
0x2838S0x620	0x2838V0x620	0
0x2841S0x620	0x2841V0x620	0
0x2c02S0x3964b	0x2c02V0x3964b	0
0x2c04S0x3964b	0x2c04V0x3964b	0
0x1f4bS0x1a50	0x1f4bV0x1a50	0
0x34bfS0x336f	0x34bfV0x336f	0
0x34c2S0x336f	0x34c2V0x336f	0
0x34c3S0x336f	0x34c3V0x336f	0
0x3410S0x39773	0x3410V0x39773	0
0x3415S0x39773	0x3415V0x39773	0
0x3418S0x39773	0x3418V0x39773	0
0x341aS0x39773	0x341aV0x39773	0
0x1f4bS0x1e89	0x1f4bV0x1e89	0
0x1276S0x9ec	0x1276V0x9ec	0
0x1280S0x9ec	0x1280V0x9ec	0
0x1285S0x9ec	0x1285V0x9ec	0
0x1286S0x9ec	0x1286V0x9ec	0
0x1287S0x9ec	0x1287V0x9ec	0
0x128bS0x9ec	0x128bV0x9ec	0
0x128cS0x9ec	0x128cV0x9ec	0
0x2689S0x9f8	0x2689V0x9f8	0
0x268cS0x9f8	0x268cV0x9f8	0
0x268dS0x9f8	0x268dV0x9f8	0
0x2690S0x9f8	0x2690V0x9f8	0
0x2695S0x9f8	0x2695V0x9f8	0
0x2699S0x9f8	0x2699V0x9f8	0
0x269bS0x9f8	0x269bV0x9f8	0
0x269eS0x9f8	0x269eV0x9f8	0
0x26a2S0x9f8	0x26a2V0x9f8	0
0x26a5S0x9f8	0x26a5V0x9f8	0
0x26a9S0x9f8	0x26a9V0x9f8	0
0x26adS0x9f8	0x26adV0x9f8	0
0x10beS0xcee	0x10beV0xcee	0
0x10c0S0xcee	0x10c0V0xcee	0
0x10c1S0xcee	0x10c1V0xcee	0
0x10c3S0xcee	0x10c3V0xcee	0
0x10c5S0xcee	0x10c5V0xcee	0
0x10c7S0xcee	0x10c7V0xcee	0
0x10c8S0xcee	0x10c8V0xcee	0
0x10c9S0xcee	0x10c9V0xcee	0
0x10beS0xf77	0x10beV0xf77	0
0x10c0S0xf77	0x10c0V0xf77	0
0x10c1S0xf77	0x10c1V0xf77	0
0x10c3S0xf77	0x10c3V0xf77	0
0x10c5S0xf77	0x10c5V0xf77	0
0x10c7S0xf77	0x10c7V0xf77	0
0x10c8S0xf77	0x10c8V0xf77	0
0x10c9S0xf77	0x10c9V0xf77	0
0x10beS0x12b2	0x10beV0x12b2	0
0x10c0S0x12b2	0x10c0V0x12b2	0
0x10c1S0x12b2	0x10c1V0x12b2	0
0x10c3S0x12b2	0x10c3V0x12b2	0
0x10c5S0x12b2	0x10c5V0x12b2	0
0x10c7S0x12b2	0x10c7V0x12b2	0
0x10c8S0x12b2	0x10c8V0x12b2	0
0x10c9S0x12b2	0x10c9V0x12b2	0
0x2876S0x1d16	0x2876V0x1d16	0
0x2879S0x1d16	0x2879V0x1d16	0
0x287dS0x1d16	0x287dV0x1d16	0
0x287eS0x1d16	0x287eV0x1d16	0
0x287fS0x1d16	0x287fV0x1d16	0
0x2880S0x1d16	0x2880V0x1d16	0
0x288bS0x1d16	0x288bV0x1d16	0
0x288dS0x1d16	0x288dV0x1d16	0
0x2891S0x1d16	0x2891V0x1d16	0
0x2892S0x1d16	0x2892V0x1d16	0
0x10beS0x1e91	0x10beV0x1e91	0
0x10c0S0x1e91	0x10c0V0x1e91	0
0x10c1S0x1e91	0x10c1V0x1e91	0
0x10c3S0x1e91	0x10c3V0x1e91	0
0x10c5S0x1e91	0x10c5V0x1e91	0
0x10c7S0x1e91	0x10c7V0x1e91	0
0x10c8S0x1e91	0x10c8V0x1e91	0
0x10c9S0x1e91	0x10c9V0x1e91	0
0x10beS0x2161	0x10beV0x2161	0
0x10c0S0x2161	0x10c0V0x2161	0
0x10c1S0x2161	0x10c1V0x2161	0
0x10c3S0x2161	0x10c3V0x2161	0
0x10c5S0x2161	0x10c5V0x2161	0
0x10c7S0x2161	0x10c7V0x2161	0
0x10c8S0x2161	0x10c8V0x2161	0
0x10c9S0x2161	0x10c9V0x2161	0
0xe66S0x2280	0xe66V0x2280	0
0xe6bS0x2280	0xe6bV0x2280	0
0xe6dS0x2280	0xe6dV0x2280	0
0xe72S0x2280	0xe72V0x2280	0
0xe76S0x2280	0xe76V0x2280	0
0xe77S0x2280	0xe77V0x2280	0
0xe79S0x2280	0xe79V0x2280	0
0xe7bS0x2280	0xe7bV0x2280	0
0xe7dS0x2280	0xe7dV0x2280	0
0xe7eS0x2280	0xe7eV0x2280	0
0xe80S0x2280	0xe80V0x2280	0
0xe83S0x2280	0xe83V0x2280	0
0xe85S0x2280	0xe85V0x2280	0
0xe8aS0x2280	0xe8aV0x2280	0
0xe8bS0x2280	0xe8bV0x2280	0
0x11e40S0x2280	0x11e40V0x2280	0
0x1f4bS0x261c	0x1f4bV0x261c	0
0x34d9S0x279a	0x34d9V0x279a	0
0x34c9S0x279a	0x34c9V0x279a	0
0x34cbS0x279a	0x34cbV0x279a	0
0x34cdS0x279a	0x34cdV0x279a	0
0x34cfS0x279a	0x34cfV0x279a	0
0x34d0S0x279a	0x34d0V0x279a	0
0x34d2S0x279a	0x34d2V0x279a	0
0x34d4S0x279a	0x34d4V0x279a	0
0x34d5S0x279a	0x34d5V0x279a	0
0x34d9S0x27a5	0x34d9V0x27a5	0
0x34c9S0x27a5	0x34c9V0x27a5	0
0x34cbS0x27a5	0x34cbV0x27a5	0
0x34cdS0x27a5	0x34cdV0x27a5	0
0x34cfS0x27a5	0x34cfV0x27a5	0
0x34d0S0x27a5	0x34d0V0x27a5	0
0x34d2S0x27a5	0x34d2V0x27a5	0
0x34d4S0x27a5	0x34d4V0x27a5	0
0x34d5S0x27a5	0x34d5V0x27a5	0
0x34d9S0x27b5	0x34d9V0x27b5	0
0x34c9S0x27b5	0x34c9V0x27b5	0
0x34cbS0x27b5	0x34cbV0x27b5	0
0x34cdS0x27b5	0x34cdV0x27b5	0
0x34cfS0x27b5	0x34cfV0x27b5	0
0x34d0S0x27b5	0x34d0V0x27b5	0
0x34d2S0x27b5	0x34d2V0x27b5	0
0x34d4S0x27b5	0x34d4V0x27b5	0
0x34d5S0x27b5	0x34d5V0x27b5	0
0x2732S0x2971	0x2732V0x2971	0
0x2727S0x2971	0x2727V0x2971	0
0x2728S0x2971	0x2728V0x2971	0
0x272bS0x2971	0x272bV0x2971	0
0x272dS0x2971	0x272dV0x2971	0
0x272eS0x2971	0x272eV0x2971	0
0x2721S0x297b	0x2721V0x297b	0
0x2710S0x297b	0x2710V0x297b	0
0x2711S0x297b	0x2711V0x297b	0
0x2713S0x297b	0x2713V0x297b	0
0x2715S0x297b	0x2715V0x297b	0
0x2717S0x297b	0x2717V0x297b	0
0x2718S0x297b	0x2718V0x297b	0
0x271aS0x297b	0x271aV0x297b	0
0x271cS0x297b	0x271cV0x297b	0
0x271dS0x297b	0x271dV0x297b	0
0x20dbS0x20fc	0x20dbV0x20fc	0
0x20ddS0x20fc	0x20ddV0x20fc	0
0x20e0S0x20fc	0x20e0V0x20fc	0
0x20e1S0x20fc	0x20e1V0x20fc	0
0x20e6S0x20fc	0x20e6V0x20fc	0
0x2339S0x20fc	0x2339V0x20fc	0
0x233aS0x20fc	0x233aV0x20fc	0
0x233bS0x20fc	0x233bV0x20fc	0
0x20dbS0x21b7	0x20dbV0x21b7	0
0x20ddS0x21b7	0x20ddV0x21b7	0
0x20e0S0x21b7	0x20e0V0x21b7	0
0x20e1S0x21b7	0x20e1V0x21b7	0
0x20e6S0x21b7	0x20e6V0x21b7	0
0x2339S0x21b7	0x2339V0x21b7	0
0x233aS0x21b7	0x233aV0x21b7	0
0x233bS0x21b7	0x233bV0x21b7	0
0x20dbS0x23cd	0x20dbV0x23cd	0
0x20ddS0x23cd	0x20ddV0x23cd	0
0x20e0S0x23cd	0x20e0V0x23cd	0
0x20e1S0x23cd	0x20e1V0x23cd	0
0x20e6S0x23cd	0x20e6V0x23cd	0
0x2339S0x23cd	0x2339V0x23cd	0
0x233aS0x23cd	0x233aV0x23cd	0
0x233bS0x23cd	0x233bV0x23cd	0
0x20dbS0x25bf	0x20dbV0x25bf	0
0x20ddS0x25bf	0x20ddV0x25bf	0
0x20e0S0x25bf	0x20e0V0x25bf	0
0x20e1S0x25bf	0x20e1V0x25bf	0
0x20e6S0x25bf	0x20e6V0x25bf	0
0x2339S0x25bf	0x2339V0x25bf	0
0x233aS0x25bf	0x233aV0x25bf	0
0x233bS0x25bf	0x233bV0x25bf	0
0x2813S0x277	0x2813V0x277	0
0x2815S0x277	0x2815V0x277	0
0x2819S0x277	0x2819V0x277	0
0x281aS0x277	0x281aV0x277	0
0x281bS0x277	0x281bV0x277	0
0x281cS0x277	0x281cV0x277	0
0x2825S0x277	0x2825V0x277	0
0x2826S0x277	0x2826V0x277	0
0x282aS0x277	0x282aV0x277	0
0x34e7S0x2823S0x277	0x34e7V0x2823V0x277	0
0x34dfS0x2823S0x277	0x34dfV0x2823V0x277	0
0x34e0S0x2823S0x277	0x34e0V0x2823V0x277	0
0x34e2S0x2823S0x277	0x34e2V0x2823V0x277	0
0x34e3S0x2823S0x277	0x34e3V0x2823V0x277	0
0x2847S0x2ed	0x2847V0x2ed	0
0x284aS0x2ed	0x284aV0x2ed	0
0x284eS0x2ed	0x284eV0x2ed	0
0x284fS0x2ed	0x284fV0x2ed	0
0x2850S0x2ed	0x2850V0x2ed	0
0x2851S0x2ed	0x2851V0x2ed	0
0x285aS0x2ed	0x285aV0x2ed	0
0x285dS0x2ed	0x285dV0x2ed	0
0x2860S0x2ed	0x2860V0x2ed	0
0x2861S0x2ed	0x2861V0x2ed	0
0x2862S0x2ed	0x2862V0x2ed	0
0x2866S0x2ed	0x2866V0x2ed	0
0x34d9S0x2858S0x2ed	0x34d9V0x2858V0x2ed	0
0x34c9S0x2858S0x2ed	0x34c9V0x2858V0x2ed	0
0x34cbS0x2858S0x2ed	0x34cbV0x2858V0x2ed	0
0x34cdS0x2858S0x2ed	0x34cdV0x2858V0x2ed	0
0x34cfS0x2858S0x2ed	0x34cfV0x2858V0x2ed	0
0x34d0S0x2858S0x2ed	0x34d0V0x2858V0x2ed	0
0x34d2S0x2858S0x2ed	0x34d2V0x2858V0x2ed	0
0x34d4S0x2858S0x2ed	0x34d4V0x2858V0x2ed	0
0x34d5S0x2858S0x2ed	0x34d5V0x2858V0x2ed	0
0x2847S0x322	0x2847V0x322	0
0x284aS0x322	0x284aV0x322	0
0x284eS0x322	0x284eV0x322	0
0x284fS0x322	0x284fV0x322	0
0x2850S0x322	0x2850V0x322	0
0x2851S0x322	0x2851V0x322	0
0x285aS0x322	0x285aV0x322	0
0x285dS0x322	0x285dV0x322	0
0x2860S0x322	0x2860V0x322	0
0x2861S0x322	0x2861V0x322	0
0x2862S0x322	0x2862V0x322	0
0x2866S0x322	0x2866V0x322	0
0x34d9S0x2858S0x322	0x34d9V0x2858V0x322	0
0x34c9S0x2858S0x322	0x34c9V0x2858V0x322	0
0x34cbS0x2858S0x322	0x34cbV0x2858V0x322	0
0x34cdS0x2858S0x322	0x34cdV0x2858V0x322	0
0x34cfS0x2858S0x322	0x34cfV0x2858V0x322	0
0x34d0S0x2858S0x322	0x34d0V0x2858V0x322	0
0x34d2S0x2858S0x322	0x34d2V0x2858V0x322	0
0x34d4S0x2858S0x322	0x34d4V0x2858V0x322	0
0x34d5S0x2858S0x322	0x34d5V0x2858V0x322	0
0x2adbS0x362	0x2adbV0x362	0
0x2adeS0x362	0x2adeV0x362	0
0x2ae1S0x362	0x2ae1V0x362	0
0x2ae5S0x362	0x2ae5V0x362	0
0x2ae6S0x362	0x2ae6V0x362	0
0x2ae7S0x362	0x2ae7V0x362	0
0x2ae8S0x362	0x2ae8V0x362	0
0x2af1S0x362	0x2af1V0x362	0
0x2af2S0x362	0x2af2V0x362	0
0x2af6S0x362	0x2af6V0x362	0
0x2afdS0x362	0x2afdV0x362	0
0x2b00S0x362	0x2b00V0x362	0
0x2b01S0x362	0x2b01V0x362	0
0x2b02S0x362	0x2b02V0x362	0
0x2b06S0x362	0x2b06V0x362	0
0x2b0dS0x362	0x2b0dV0x362	0
0x2b10S0x362	0x2b10V0x362	0
0x2b11S0x362	0x2b11V0x362	0
0x2b12S0x362	0x2b12V0x362	0
0x2b14S0x362	0x2b14V0x362	0
0x2b16S0x362	0x2b16V0x362	0
0x2b18S0x362	0x2b18V0x362	0
0x2b19S0x362	0x2b19V0x362	0
0x2b1bS0x362	0x2b1bV0x362	0
0x2b1dS0x362	0x2b1dV0x362	0
0x2b1eS0x362	0x2b1eV0x362	0
0x2b28S0x362	0x2b28V0x362	0
0x2b2bS0x362	0x2b2bV0x362	0
0x2b2cS0x362	0x2b2cV0x362	0
0x2b2dS0x362	0x2b2dV0x362	0
0x2b34S0x362	0x2b34V0x362	0
0x2b36S0x362	0x2b36V0x362	0
0x2b37S0x362	0x2b37V0x362	0
0x350bS0x2aefS0x362	0x350bV0x2aefV0x362	0
0x3501S0x2aefS0x362	0x3501V0x2aefV0x362	0
0x3504S0x2aefS0x362	0x3504V0x2aefV0x362	0
0x3506S0x2aefS0x362	0x3506V0x2aefV0x362	0
0x3507S0x2aefS0x362	0x3507V0x2aefV0x362	0
0x350bS0x2afaS0x362	0x350bV0x2afaV0x362	0
0x3501S0x2afaS0x362	0x3501V0x2afaV0x362	0
0x3504S0x2afaS0x362	0x3504V0x2afaV0x362	0
0x3506S0x2afaS0x362	0x3506V0x2afaV0x362	0
0x3507S0x2afaS0x362	0x3507V0x2afaV0x362	0
0x28beS0x382	0x28beV0x382	0
0x28c0S0x382	0x28c0V0x382	0
0x28c4S0x382	0x28c4V0x382	0
0x28c5S0x382	0x28c5V0x382	0
0x28c6S0x382	0x28c6V0x382	0
0x28c7S0x382	0x28c7V0x382	0
0x28cfS0x382	0x28cfV0x382	0
0x28d4S0x382	0x28d4V0x382	0
0x2732S0x28ceS0x382	0x2732V0x28ceV0x382	0
0x2727S0x28ceS0x382	0x2727V0x28ceV0x382	0
0x2728S0x28ceS0x382	0x2728V0x28ceV0x382	0
0x272bS0x28ceS0x382	0x272bV0x28ceV0x382	0
0x272dS0x28ceS0x382	0x272dV0x28ceV0x382	0
0x272eS0x28ceS0x382	0x272eV0x28ceV0x382	0
0x2847S0x3af	0x2847V0x3af	0
0x284aS0x3af	0x284aV0x3af	0
0x284eS0x3af	0x284eV0x3af	0
0x284fS0x3af	0x284fV0x3af	0
0x2850S0x3af	0x2850V0x3af	0
0x2851S0x3af	0x2851V0x3af	0
0x285aS0x3af	0x285aV0x3af	0
0x285dS0x3af	0x285dV0x3af	0
0x2860S0x3af	0x2860V0x3af	0
0x2861S0x3af	0x2861V0x3af	0
0x2862S0x3af	0x2862V0x3af	0
0x2866S0x3af	0x2866V0x3af	0
0x34d9S0x2858S0x3af	0x34d9V0x2858V0x3af	0
0x34c9S0x2858S0x3af	0x34c9V0x2858V0x3af	0
0x34cbS0x2858S0x3af	0x34cbV0x2858V0x3af	0
0x34cdS0x2858S0x3af	0x34cdV0x2858V0x3af	0
0x34cfS0x2858S0x3af	0x34cfV0x2858V0x3af	0
0x34d0S0x2858S0x3af	0x34d0V0x2858V0x3af	0
0x34d2S0x2858S0x3af	0x34d2V0x2858V0x3af	0
0x34d4S0x2858S0x3af	0x34d4V0x2858V0x3af	0
0x34d5S0x2858S0x3af	0x34d5V0x2858V0x3af	0
0x2737S0x3cf	0x2737V0x3cf	0
0x2739S0x3cf	0x2739V0x3cf	0
0x273dS0x3cf	0x273dV0x3cf	0
0x273eS0x3cf	0x273eV0x3cf	0
0x273fS0x3cf	0x273fV0x3cf	0
0x2740S0x3cf	0x2740V0x3cf	0
0x2748S0x3cf	0x2748V0x3cf	0
0x274dS0x3cf	0x274dV0x3cf	0
0x26c4S0x2747S0x3cf	0x26c4V0x2747V0x3cf	0
0x26b3S0x2747S0x3cf	0x26b3V0x2747V0x3cf	0
0x26b4S0x2747S0x3cf	0x26b4V0x2747V0x3cf	0
0x26b6S0x2747S0x3cf	0x26b6V0x2747V0x3cf	0
0x26b8S0x2747S0x3cf	0x26b8V0x2747V0x3cf	0
0x26baS0x2747S0x3cf	0x26baV0x2747V0x3cf	0
0x26bbS0x2747S0x3cf	0x26bbV0x2747V0x3cf	0
0x26bdS0x2747S0x3cf	0x26bdV0x2747V0x3cf	0
0x26bfS0x2747S0x3cf	0x26bfV0x2747V0x3cf	0
0x26c0S0x2747S0x3cf	0x26c0V0x2747V0x3cf	0
0x2737S0x411	0x2737V0x411	0
0x2739S0x411	0x2739V0x411	0
0x273dS0x411	0x273dV0x411	0
0x273eS0x411	0x273eV0x411	0
0x273fS0x411	0x273fV0x411	0
0x2740S0x411	0x2740V0x411	0
0x2748S0x411	0x2748V0x411	0
0x274dS0x411	0x274dV0x411	0
0x26c4S0x2747S0x411	0x26c4V0x2747V0x411	0
0x26b3S0x2747S0x411	0x26b3V0x2747V0x411	0
0x26b4S0x2747S0x411	0x26b4V0x2747V0x411	0
0x26b6S0x2747S0x411	0x26b6V0x2747V0x411	0
0x26b8S0x2747S0x411	0x26b8V0x2747V0x411	0
0x26baS0x2747S0x411	0x26baV0x2747V0x411	0
0x26bbS0x2747S0x411	0x26bbV0x2747V0x411	0
0x26bdS0x2747S0x411	0x26bdV0x2747V0x411	0
0x26bfS0x2747S0x411	0x26bfV0x2747V0x411	0
0x26c0S0x2747S0x411	0x26c0V0x2747V0x411	0
0x1020S0x455	0x1020V0x455	0
0x1022S0x455	0x1022V0x455	0
0x1023S0x455	0x1023V0x455	0
0x1027S0x455	0x1027V0x455	0
0x1029S0x455	0x1029V0x455	0
0x102cS0x455	0x102cV0x455	0
0x102eS0x455	0x102eV0x455	0
0x102fS0x455	0x102fV0x455	0
0x1033S0x455	0x1033V0x455	0
0x107dS0x455	0x107dV0x455	0
0x108cS0x455	0x108cV0x455	0
0x108dS0x455	0x108dV0x455	0
0x1091S0x455	0x1091V0x455	0
0x1092S0x455	0x1092V0x455	0
0xff9S0x455	0xff9V0x455	0
0xffcS0x455	0xffcV0x455	0
0x1001S0x455	0x1001V0x455	0
0x1003S0x455	0x1003V0x455	0
0x1005S0x455	0x1005V0x455	0
0x1007S0x455	0x1007V0x455	0
0x1008S0x455	0x1008V0x455	0
0x1009S0x455	0x1009V0x455	0
0x100aS0x455	0x100aV0x455	0
0x100dS0x455	0x100dV0x455	0
0x1012S0x455	0x1012V0x455	0
0x1014S0x455	0x1014V0x455	0
0x1016S0x455	0x1016V0x455	0
0x1018S0x455	0x1018V0x455	0
0x1019S0x455	0x1019V0x455	0
0x101aS0x455	0x101aV0x455	0
0x101bS0x455	0x101bV0x455	0
0x101cS0x455	0x101cV0x455	0
0x1038S0x455	0x1038V0x455	0
0x103aS0x455	0x103aV0x455	0
0x103bS0x455	0x103bV0x455	0
0x1040S0x455	0x1040V0x455	0
0x1042S0x455	0x1042V0x455	0
0x1045S0x455	0x1045V0x455	0
0x1047S0x455	0x1047V0x455	0
0x1049S0x455	0x1049V0x455	0
0x104bS0x455	0x104bV0x455	0
0x104cS0x455	0x104cV0x455	0
0x104eS0x455	0x104eV0x455	0
0x1050S0x455	0x1050V0x455	0
0x1056S0x455	0x1056V0x455	0
0x1060S0x455	0x1060V0x455	0
0x1062S0x455	0x1062V0x455	0
0x1063S0x455	0x1063V0x455	0
0x54cebS0x455	0x54cebV0x455	0
0x54cedS0x455	0x54cedV0x455	0
0x54cf0S0x455	0x54cf0V0x455	0
0x1068S0x455	0x1068V0x455	0
0x106aS0x455	0x106aV0x455	0
0x106cS0x455	0x106cV0x455	0
0x106fS0x455	0x106fV0x455	0
0x1071S0x455	0x1071V0x455	0
0x1075S0x455	0x1075V0x455	0
0x1076S0x455	0x1076V0x455	0
0x1078S0x455	0x1078V0x455	0
0x1079S0x455	0x1079V0x455	0
0x2bd0S0x455	0x2bd0V0x455	0
0x2bd2S0x455	0x2bd2V0x455	0
0x2bd4S0x455	0x2bd4V0x455	0
0x2bd6S0x455	0x2bd6V0x455	0
0x2bd7S0x455	0x2bd7V0x455	0
0x2bdaS0x455	0x2bdaV0x455	0
0x2be0S0x455	0x2be0V0x455	0
0x2be1S0x455	0x2be1V0x455	0
0x2be4S0x455	0x2be4V0x455	0
0x2be6S0x455	0x2be6V0x455	0
0x2be9S0x455	0x2be9V0x455	0
0x2beeS0x455	0x2beeV0x455	0
0x2bf0S0x455	0x2bf0V0x455	0
0x1083S0x455	0x1083V0x455	0
0x1084S0x455	0x1084V0x455	0
0x1085S0x455	0x1085V0x455	0
0x1087S0x455	0x1087V0x455	0
0x1088S0x455	0x1088V0x455	0
0x30f9S0x1020S0x455	0x30f9V0x1020V0x455	0
0x3100S0x1020S0x455	0x3100V0x1020V0x455	0
0x3102S0x1020S0x455	0x3102V0x1020V0x455	0
0x3123S0x1020S0x455	0x3123V0x1020V0x455	0
0x3126S0x1020S0x455	0x3126V0x1020V0x455	0
0x3128S0x1020S0x455	0x3128V0x1020V0x455	0
0x312aS0x1020S0x455	0x312aV0x1020V0x455	0
0x1f4bS0xff8S0x455	0x1f4bV0xff8V0x455	0
0x10beS0x1000S0x455	0x10beV0x1000V0x455	0
0x10c0S0x1000S0x455	0x10c0V0x1000V0x455	0
0x10c1S0x1000S0x455	0x10c1V0x1000V0x455	0
0x10c3S0x1000S0x455	0x10c3V0x1000V0x455	0
0x10c5S0x1000S0x455	0x10c5V0x1000V0x455	0
0x10c7S0x1000S0x455	0x10c7V0x1000V0x455	0
0x10c8S0x1000S0x455	0x10c8V0x1000V0x455	0
0x10c9S0x1000S0x455	0x10c9V0x1000V0x455	0
0x17afS0x109f	0x17afV0x109f	0
0x17b4S0x109f	0x17b4V0x109f	0
0x17b6S0x109f	0x17b6V0x109f	0
0x17b9S0x109f	0x17b9V0x109f	0
0x17bcS0x109f	0x17bcV0x109f	0
0x17bdS0x109f	0x17bdV0x109f	0
0x17c1S0x109f	0x17c1V0x109f	0
0x22dfS0x17aeS0x109f	0x22dfV0x17aeV0x109f	0
0x22e1S0x17aeS0x109f	0x22e1V0x17aeV0x109f	0
0x22e5S0x17aeS0x109f	0x22e5V0x17aeV0x109f	0
0x249bS0x17aeS0x109f	0x249bV0x17aeV0x109f	0
0x28beS0x49d	0x28beV0x49d	0
0x28c0S0x49d	0x28c0V0x49d	0
0x28c4S0x49d	0x28c4V0x49d	0
0x28c5S0x49d	0x28c5V0x49d	0
0x28c6S0x49d	0x28c6V0x49d	0
0x28c7S0x49d	0x28c7V0x49d	0
0x28cfS0x49d	0x28cfV0x49d	0
0x28d4S0x49d	0x28d4V0x49d	0
0x2732S0x28ceS0x49d	0x2732V0x28ceV0x49d	0
0x2727S0x28ceS0x49d	0x2727V0x28ceV0x49d	0
0x2728S0x28ceS0x49d	0x2728V0x28ceV0x49d	0
0x272bS0x28ceS0x49d	0x272bV0x28ceV0x49d	0
0x272dS0x28ceS0x49d	0x272dV0x28ceV0x49d	0
0x272eS0x28ceS0x49d	0x272eV0x28ceV0x49d	0
0x1150S0x4cc	0x1150V0x4cc	0
0x1155S0x4cc	0x1155V0x4cc	0
0x1157S0x4cc	0x1157V0x4cc	0
0x115aS0x4cc	0x115aV0x4cc	0
0x115dS0x4cc	0x115dV0x4cc	0
0x115eS0x4cc	0x115eV0x4cc	0
0x1163S0x4cc	0x1163V0x4cc	0
0x2449S0x114fS0x4cc	0x2449V0x114fV0x4cc	0
0x244bS0x114fS0x4cc	0x244bV0x114fV0x4cc	0
0x244cS0x114fS0x4cc	0x244cV0x114fV0x4cc	0
0x2450S0x114fS0x4cc	0x2450V0x114fV0x4cc	0
0x2452S0x114fS0x4cc	0x2452V0x114fV0x4cc	0
0x2455S0x114fS0x4cc	0x2455V0x114fV0x4cc	0
0x2457S0x114fS0x4cc	0x2457V0x114fV0x4cc	0
0x2458S0x114fS0x4cc	0x2458V0x114fV0x4cc	0
0x245cS0x114fS0x4cc	0x245cV0x114fV0x4cc	0
0x2225S0x114fS0x4cc	0x2225V0x114fV0x4cc	0
0x2227S0x114fS0x4cc	0x2227V0x114fV0x4cc	0
0x222cS0x114fS0x4cc	0x222cV0x114fV0x4cc	0
0x243fS0x114fS0x4cc	0x243fV0x114fV0x4cc	0
0x2440S0x114fS0x4cc	0x2440V0x114fV0x4cc	0
0x2444S0x114fS0x4cc	0x2444V0x114fV0x4cc	0
0x2445S0x114fS0x4cc	0x2445V0x114fV0x4cc	0
0x2462S0x114fS0x4cc	0x2462V0x114fV0x4cc	0
0x2464S0x114fS0x4cc	0x2464V0x114fV0x4cc	0
0x2467S0x114fS0x4cc	0x2467V0x114fV0x4cc	0
0x2469S0x114fS0x4cc	0x2469V0x114fV0x4cc	0
0x246aS0x114fS0x4cc	0x246aV0x114fV0x4cc	0
0x706d9S0x114fS0x4cc	0x706d9V0x114fV0x4cc	0
0x706dbS0x114fS0x4cc	0x706dbV0x114fV0x4cc	0
0x706deS0x114fS0x4cc	0x706deV0x114fV0x4cc	0
0x2caaS0x114fS0x4cc	0x2caaV0x114fV0x4cc	0
0x2cafS0x114fS0x4cc	0x2cafV0x114fV0x4cc	0
0x2cb3S0x114fS0x4cc	0x2cb3V0x114fV0x4cc	0
0x2cb5S0x114fS0x4cc	0x2cb5V0x114fV0x4cc	0
0x2cd6S0x114fS0x4cc	0x2cd6V0x114fV0x4cc	0
0x2cd9S0x114fS0x4cc	0x2cd9V0x114fV0x4cc	0
0x2cdbS0x114fS0x4cc	0x2cdbV0x114fV0x4cc	0
0x2cdeS0x114fS0x4cc	0x2cdeV0x114fV0x4cc	0
0x2ce0S0x114fS0x4cc	0x2ce0V0x114fV0x4cc	0
0x2ce1S0x114fS0x4cc	0x2ce1V0x114fV0x4cc	0
0x2ce4S0x114fS0x4cc	0x2ce4V0x114fV0x4cc	0
0x2ce6S0x114fS0x4cc	0x2ce6V0x114fV0x4cc	0
0x2ce8S0x114fS0x4cc	0x2ce8V0x114fV0x4cc	0
0x2471S0x114fS0x4cc	0x2471V0x114fV0x4cc	0
0x2474S0x114fS0x4cc	0x2474V0x114fV0x4cc	0
0x2476S0x114fS0x4cc	0x2476V0x114fV0x4cc	0
0x2478S0x114fS0x4cc	0x2478V0x114fV0x4cc	0
0x2479S0x114fS0x4cc	0x2479V0x114fV0x4cc	0
0x247aS0x114fS0x4cc	0x247aV0x114fV0x4cc	0
0x2847S0x4f2	0x2847V0x4f2	0
0x284aS0x4f2	0x284aV0x4f2	0
0x284eS0x4f2	0x284eV0x4f2	0
0x284fS0x4f2	0x284fV0x4f2	0
0x2850S0x4f2	0x2850V0x4f2	0
0x2851S0x4f2	0x2851V0x4f2	0
0x285aS0x4f2	0x285aV0x4f2	0
0x285dS0x4f2	0x285dV0x4f2	0
0x2860S0x4f2	0x2860V0x4f2	0
0x2861S0x4f2	0x2861V0x4f2	0
0x2862S0x4f2	0x2862V0x4f2	0
0x2866S0x4f2	0x2866V0x4f2	0
0x34d9S0x2858S0x4f2	0x34d9V0x2858V0x4f2	0
0x34c9S0x2858S0x4f2	0x34c9V0x2858V0x4f2	0
0x34cbS0x2858S0x4f2	0x34cbV0x2858V0x4f2	0
0x34cdS0x2858S0x4f2	0x34cdV0x2858V0x4f2	0
0x34cfS0x2858S0x4f2	0x34cfV0x2858V0x4f2	0
0x34d0S0x2858S0x4f2	0x34d0V0x2858V0x4f2	0
0x34d2S0x2858S0x4f2	0x34d2V0x2858V0x4f2	0
0x34d4S0x2858S0x4f2	0x34d4V0x2858V0x4f2	0
0x34d5S0x2858S0x4f2	0x34d5V0x2858V0x4f2	0
0x27d6S0x573	0x27d6V0x573	0
0x27d9S0x573	0x27d9V0x573	0
0x27dbS0x573	0x27dbV0x573	0
0x27dfS0x573	0x27dfV0x573	0
0x27e0S0x573	0x27e0V0x573	0
0x27e1S0x573	0x27e1V0x573	0
0x27e2S0x573	0x27e2V0x573	0
0x27eaS0x573	0x27eaV0x573	0
0x27efS0x573	0x27efV0x573	0
0x27f6S0x573	0x27f6V0x573	0
0x27f9S0x573	0x27f9V0x573	0
0x27faS0x573	0x27faV0x573	0
0x27fdS0x573	0x27fdV0x573	0
0x2801S0x573	0x2801V0x573	0
0x2804S0x573	0x2804V0x573	0
0x2805S0x573	0x2805V0x573	0
0x26c4S0x27e9S0x573	0x26c4V0x27e9V0x573	0
0x26b3S0x27e9S0x573	0x26b3V0x27e9V0x573	0
0x26b4S0x27e9S0x573	0x26b4V0x27e9V0x573	0
0x26b6S0x27e9S0x573	0x26b6V0x27e9V0x573	0
0x26b8S0x27e9S0x573	0x26b8V0x27e9V0x573	0
0x26baS0x27e9S0x573	0x26baV0x27e9V0x573	0
0x26bbS0x27e9S0x573	0x26bbV0x27e9V0x573	0
0x26bdS0x27e9S0x573	0x26bdV0x27e9V0x573	0
0x26bfS0x27e9S0x573	0x26bfV0x27e9V0x573	0
0x26c0S0x27e9S0x573	0x26c0V0x27e9V0x573	0
0x26c4S0x27f3S0x573	0x26c4V0x27f3V0x573	0
0x26b3S0x27f3S0x573	0x26b3V0x27f3V0x573	0
0x26b4S0x27f3S0x573	0x26b4V0x27f3V0x573	0
0x26b6S0x27f3S0x573	0x26b6V0x27f3V0x573	0
0x26b8S0x27f3S0x573	0x26b8V0x27f3V0x573	0
0x26baS0x27f3S0x573	0x26baV0x27f3V0x573	0
0x26bbS0x27f3S0x573	0x26bbV0x27f3V0x573	0
0x26bdS0x27f3S0x573	0x26bdV0x27f3V0x573	0
0x26bfS0x27f3S0x573	0x26bfV0x27f3V0x573	0
0x26c0S0x27f3S0x573	0x26c0V0x27f3V0x573	0
0x2931S0x593	0x2931V0x593	0
0x2934S0x593	0x2934V0x593	0
0x2938S0x593	0x2938V0x593	0
0x2939S0x593	0x2939V0x593	0
0x293aS0x593	0x293aV0x593	0
0x293bS0x593	0x293bV0x593	0
0x2944S0x593	0x2944V0x593	0
0x2945S0x593	0x2945V0x593	0
0x2949S0x593	0x2949V0x593	0
0x2950S0x593	0x2950V0x593	0
0x2953S0x593	0x2953V0x593	0
0x2954S0x593	0x2954V0x593	0
0x2955S0x593	0x2955V0x593	0
0x2959S0x593	0x2959V0x593	0
0x350bS0x2942S0x593	0x350bV0x2942V0x593	0
0x3501S0x2942S0x593	0x3501V0x2942V0x593	0
0x3504S0x2942S0x593	0x3504V0x2942V0x593	0
0x3506S0x2942S0x593	0x3506V0x2942V0x593	0
0x3507S0x2942S0x593	0x3507V0x2942V0x593	0
0x34fcS0x294dS0x593	0x34fcV0x294dV0x593	0
0x34ecS0x294dS0x593	0x34ecV0x294dV0x593	0
0x34eeS0x294dS0x593	0x34eeV0x294dV0x593	0
0x34f0S0x294dS0x593	0x34f0V0x294dV0x593	0
0x34f2S0x294dS0x593	0x34f2V0x294dV0x593	0
0x34f3S0x294dS0x593	0x34f3V0x294dV0x593	0
0x34f5S0x294dS0x593	0x34f5V0x294dV0x593	0
0x34f7S0x294dS0x593	0x34f7V0x294dV0x593	0
0x34f8S0x294dS0x593	0x34f8V0x294dV0x593	0
0x2931S0x5e0	0x2931V0x5e0	0
0x2934S0x5e0	0x2934V0x5e0	0
0x2938S0x5e0	0x2938V0x5e0	0
0x2939S0x5e0	0x2939V0x5e0	0
0x293aS0x5e0	0x293aV0x5e0	0
0x293bS0x5e0	0x293bV0x5e0	0
0x2944S0x5e0	0x2944V0x5e0	0
0x2945S0x5e0	0x2945V0x5e0	0
0x2949S0x5e0	0x2949V0x5e0	0
0x2950S0x5e0	0x2950V0x5e0	0
0x2953S0x5e0	0x2953V0x5e0	0
0x2954S0x5e0	0x2954V0x5e0	0
0x2955S0x5e0	0x2955V0x5e0	0
0x2959S0x5e0	0x2959V0x5e0	0
0x350bS0x2942S0x5e0	0x350bV0x2942V0x5e0	0
0x3501S0x2942S0x5e0	0x3501V0x2942V0x5e0	0
0x3504S0x2942S0x5e0	0x3504V0x2942V0x5e0	0
0x3506S0x2942S0x5e0	0x3506V0x2942V0x5e0	0
0x3507S0x2942S0x5e0	0x3507V0x2942V0x5e0	0
0x34fcS0x294dS0x5e0	0x34fcV0x294dV0x5e0	0
0x34ecS0x294dS0x5e0	0x34ecV0x294dV0x5e0	0
0x34eeS0x294dS0x5e0	0x34eeV0x294dV0x5e0	0
0x34f0S0x294dS0x5e0	0x34f0V0x294dV0x5e0	0
0x34f2S0x294dS0x5e0	0x34f2V0x294dV0x5e0	0
0x34f3S0x294dS0x5e0	0x34f3V0x294dV0x5e0	0
0x34f5S0x294dS0x5e0	0x34f5V0x294dV0x5e0	0
0x34f7S0x294dS0x5e0	0x34f7V0x294dV0x5e0	0
0x34f8S0x294dS0x5e0	0x34f8V0x294dV0x5e0	0
0x29eaS0x600	0x29eaV0x600	0
0x29edS0x600	0x29edV0x600	0
0x29f0S0x600	0x29f0V0x600	0
0x29f2S0x600	0x29f2V0x600	0
0x29f6S0x600	0x29f6V0x600	0
0x29f7S0x600	0x29f7V0x600	0
0x29f8S0x600	0x29f8V0x600	0
0x29f9S0x600	0x29f9V0x600	0
0x2a02S0x600	0x2a02V0x600	0
0x2a03S0x600	0x2a03V0x600	0
0x2a07S0x600	0x2a07V0x600	0
0x2a0eS0x600	0x2a0eV0x600	0
0x2a11S0x600	0x2a11V0x600	0
0x2a12S0x600	0x2a12V0x600	0
0x2a13S0x600	0x2a13V0x600	0
0x2a17S0x600	0x2a17V0x600	0
0x2a1eS0x600	0x2a1eV0x600	0
0x2a21S0x600	0x2a21V0x600	0
0x2a22S0x600	0x2a22V0x600	0
0x2a25S0x600	0x2a25V0x600	0
0x2a28S0x600	0x2a28V0x600	0
0x2a29S0x600	0x2a29V0x600	0
0x2a2aS0x600	0x2a2aV0x600	0
0x2a2cS0x600	0x2a2cV0x600	0
0x2a2eS0x600	0x2a2eV0x600	0
0x2a30S0x600	0x2a30V0x600	0
0x2a31S0x600	0x2a31V0x600	0
0x2a33S0x600	0x2a33V0x600	0
0x2a34S0x600	0x2a34V0x600	0
0x2a35S0x600	0x2a35V0x600	0
0x2a3dS0x600	0x2a3dV0x600	0
0x2a43S0x600	0x2a43V0x600	0
0x2a44S0x600	0x2a44V0x600	0
0x350bS0x2a00S0x600	0x350bV0x2a00V0x600	0
0x3501S0x2a00S0x600	0x3501V0x2a00V0x600	0
0x3504S0x2a00S0x600	0x3504V0x2a00V0x600	0
0x3506S0x2a00S0x600	0x3506V0x2a00V0x600	0
0x3507S0x2a00S0x600	0x3507V0x2a00V0x600	0
0x34fcS0x2a0bS0x600	0x34fcV0x2a0bV0x600	0
0x34ecS0x2a0bS0x600	0x34ecV0x2a0bV0x600	0
0x34eeS0x2a0bS0x600	0x34eeV0x2a0bV0x600	0
0x34f0S0x2a0bS0x600	0x34f0V0x2a0bV0x600	0
0x34f2S0x2a0bS0x600	0x34f2V0x2a0bV0x600	0
0x34f3S0x2a0bS0x600	0x34f3V0x2a0bV0x600	0
0x34f5S0x2a0bS0x600	0x34f5V0x2a0bV0x600	0
0x34f7S0x2a0bS0x600	0x34f7V0x2a0bV0x600	0
0x34f8S0x2a0bS0x600	0x34f8V0x2a0bV0x600	0
0x2703S0x2a3cS0x600	0x2703V0x2a3cV0x600	0
0x26dcS0x2a3cS0x600	0x26dcV0x2a3cV0x600	0
0x26ddS0x2a3cS0x600	0x26ddV0x2a3cV0x600	0
0x26dfS0x2a3cS0x600	0x26dfV0x2a3cV0x600	0
0x26e1S0x2a3cS0x600	0x26e1V0x2a3cV0x600	0
0x26e3S0x2a3cS0x600	0x26e3V0x2a3cV0x600	0
0x26e4S0x2a3cS0x600	0x26e4V0x2a3cV0x600	0
0x26e6S0x2a3cS0x600	0x26e6V0x2a3cV0x600	0
0x26e7S0x2a3cS0x600	0x26e7V0x2a3cV0x600	0
0x26e8S0x2a3cS0x600	0x26e8V0x2a3cV0x600	0
0x26f0S0x2a3cS0x600	0x26f0V0x2a3cV0x600	0
0x26f3S0x2a3cS0x600	0x26f3V0x2a3cV0x600	0
0x26f7S0x2a3cS0x600	0x26f7V0x2a3cV0x600	0
0x26fbS0x2a3cS0x600	0x26fbV0x2a3cV0x600	0
0x26fcS0x2a3cS0x600	0x26fcV0x2a3cV0x600	0
0x26fdS0x2a3cS0x600	0x26fdV0x2a3cV0x600	0
0x26feS0x2a3cS0x600	0x26feV0x2a3cV0x600	0
0x26ffS0x2a3cS0x600	0x26ffV0x2a3cV0x600	0
0x26c9S0x2a3cS0x600	0x26c9V0x2a3cV0x600	0
0x26cdS0x2a3cS0x600	0x26cdV0x2a3cV0x600	0
0x26d0S0x2a3cS0x600	0x26d0V0x2a3cV0x600	0
0x26d1S0x2a3cS0x600	0x26d1V0x2a3cV0x600	0
0x26d2S0x2a3cS0x600	0x26d2V0x2a3cV0x600	0
0x17afS0x62f	0x17afV0x62f	0
0x17b4S0x62f	0x17b4V0x62f	0
0x17b6S0x62f	0x17b6V0x62f	0
0x17b9S0x62f	0x17b9V0x62f	0
0x17bcS0x62f	0x17bcV0x62f	0
0x17bdS0x62f	0x17bdV0x62f	0
0x17c1S0x62f	0x17c1V0x62f	0
0x22dfS0x17aeS0x62f	0x22dfV0x17aeV0x62f	0
0x22e1S0x17aeS0x62f	0x22e1V0x17aeV0x62f	0
0x22e5S0x17aeS0x62f	0x22e5V0x17aeV0x62f	0
0x249bS0x17aeS0x62f	0x249bV0x17aeV0x62f	0
0x2a5aS0x640	0x2a5aV0x640	0
0x2a5dS0x640	0x2a5dV0x640	0
0x2a60S0x640	0x2a60V0x640	0
0x2a63S0x640	0x2a63V0x640	0
0x2a67S0x640	0x2a67V0x640	0
0x2a68S0x640	0x2a68V0x640	0
0x2a69S0x640	0x2a69V0x640	0
0x2a6aS0x640	0x2a6aV0x640	0
0x2a72S0x640	0x2a72V0x640	0
0x2a77S0x640	0x2a77V0x640	0
0x2a7eS0x640	0x2a7eV0x640	0
0x2a81S0x640	0x2a81V0x640	0
0x2a82S0x640	0x2a82V0x640	0
0x2a83S0x640	0x2a83V0x640	0
0x2a87S0x640	0x2a87V0x640	0
0x2a8eS0x640	0x2a8eV0x640	0
0x2a91S0x640	0x2a91V0x640	0
0x2a92S0x640	0x2a92V0x640	0
0x2a95S0x640	0x2a95V0x640	0
0x2a98S0x640	0x2a98V0x640	0
0x2a99S0x640	0x2a99V0x640	0
0x2a9aS0x640	0x2a9aV0x640	0
0x2a9cS0x640	0x2a9cV0x640	0
0x2a9eS0x640	0x2a9eV0x640	0
0x2aa0S0x640	0x2aa0V0x640	0
0x2aa1S0x640	0x2aa1V0x640	0
0x2aa3S0x640	0x2aa3V0x640	0
0x2aa4S0x640	0x2aa4V0x640	0
0x2aa5S0x640	0x2aa5V0x640	0
0x2aadS0x640	0x2aadV0x640	0
0x2ab3S0x640	0x2ab3V0x640	0
0x2ab4S0x640	0x2ab4V0x640	0
0x2abfS0x640	0x2abfV0x640	0
0x2ac2S0x640	0x2ac2V0x640	0
0x2ac3S0x640	0x2ac3V0x640	0
0x2ac4S0x640	0x2ac4V0x640	0
0x2ac8S0x640	0x2ac8V0x640	0
0x2732S0x2a71S0x640	0x2732V0x2a71V0x640	0
0x2727S0x2a71S0x640	0x2727V0x2a71V0x640	0
0x2728S0x2a71S0x640	0x2728V0x2a71V0x640	0
0x272bS0x2a71S0x640	0x272bV0x2a71V0x640	0
0x272dS0x2a71S0x640	0x272dV0x2a71V0x640	0
0x272eS0x2a71S0x640	0x272eV0x2a71V0x640	0
0x34fcS0x2a7bS0x640	0x34fcV0x2a7bV0x640	0
0x34ecS0x2a7bS0x640	0x34ecV0x2a7bV0x640	0
0x34eeS0x2a7bS0x640	0x34eeV0x2a7bV0x640	0
0x34f0S0x2a7bS0x640	0x34f0V0x2a7bV0x640	0
0x34f2S0x2a7bS0x640	0x34f2V0x2a7bV0x640	0
0x34f3S0x2a7bS0x640	0x34f3V0x2a7bV0x640	0
0x34f5S0x2a7bS0x640	0x34f5V0x2a7bV0x640	0
0x34f7S0x2a7bS0x640	0x34f7V0x2a7bV0x640	0
0x34f8S0x2a7bS0x640	0x34f8V0x2a7bV0x640	0
0x2703S0x2aacS0x640	0x2703V0x2aacV0x640	0
0x26dcS0x2aacS0x640	0x26dcV0x2aacV0x640	0
0x26ddS0x2aacS0x640	0x26ddV0x2aacV0x640	0
0x26dfS0x2aacS0x640	0x26dfV0x2aacV0x640	0
0x26e1S0x2aacS0x640	0x26e1V0x2aacV0x640	0
0x26e3S0x2aacS0x640	0x26e3V0x2aacV0x640	0
0x26e4S0x2aacS0x640	0x26e4V0x2aacV0x640	0
0x26e6S0x2aacS0x640	0x26e6V0x2aacV0x640	0
0x26e7S0x2aacS0x640	0x26e7V0x2aacV0x640	0
0x26e8S0x2aacS0x640	0x26e8V0x2aacV0x640	0
0x26f0S0x2aacS0x640	0x26f0V0x2aacV0x640	0
0x26f3S0x2aacS0x640	0x26f3V0x2aacV0x640	0
0x26f7S0x2aacS0x640	0x26f7V0x2aacV0x640	0
0x26fbS0x2aacS0x640	0x26fbV0x2aacV0x640	0
0x26fcS0x2aacS0x640	0x26fcV0x2aacV0x640	0
0x26fdS0x2aacS0x640	0x26fdV0x2aacV0x640	0
0x26feS0x2aacS0x640	0x26feV0x2aacV0x640	0
0x26ffS0x2aacS0x640	0x26ffV0x2aacV0x640	0
0x26c9S0x2aacS0x640	0x26c9V0x2aacV0x640	0
0x26cdS0x2aacS0x640	0x26cdV0x2aacV0x640	0
0x26d0S0x2aacS0x640	0x26d0V0x2aacV0x640	0
0x26d1S0x2aacS0x640	0x26d1V0x2aacV0x640	0
0x26d2S0x2aacS0x640	0x26d2V0x2aacV0x640	0
0x34e7S0x2ab8S0x640	0x34e7V0x2ab8V0x640	0
0x34dfS0x2ab8S0x640	0x34dfV0x2ab8V0x640	0
0x34e0S0x2ab8S0x640	0x34e0V0x2ab8V0x640	0
0x34e2S0x2ab8S0x640	0x34e2V0x2ab8V0x640	0
0x34e3S0x2ab8S0x640	0x34e3V0x2ab8V0x640	0
0x2847S0x660	0x2847V0x660	0
0x284aS0x660	0x284aV0x660	0
0x284eS0x660	0x284eV0x660	0
0x284fS0x660	0x284fV0x660	0
0x2850S0x660	0x2850V0x660	0
0x2851S0x660	0x2851V0x660	0
0x285aS0x660	0x285aV0x660	0
0x285dS0x660	0x285dV0x660	0
0x2860S0x660	0x2860V0x660	0
0x2861S0x660	0x2861V0x660	0
0x2862S0x660	0x2862V0x660	0
0x2866S0x660	0x2866V0x660	0
0x34d9S0x2858S0x660	0x34d9V0x2858V0x660	0
0x34c9S0x2858S0x660	0x34c9V0x2858V0x660	0
0x34cbS0x2858S0x660	0x34cbV0x2858V0x660	0
0x34cdS0x2858S0x660	0x34cdV0x2858V0x660	0
0x34cfS0x2858S0x660	0x34cfV0x2858V0x660	0
0x34d0S0x2858S0x660	0x34d0V0x2858V0x660	0
0x34d2S0x2858S0x660	0x34d2V0x2858V0x660	0
0x34d4S0x2858S0x660	0x34d4V0x2858V0x660	0
0x34d5S0x2858S0x660	0x34d5V0x2858V0x660	0
0x2737S0x680	0x2737V0x680	0
0x2739S0x680	0x2739V0x680	0
0x273dS0x680	0x273dV0x680	0
0x273eS0x680	0x273eV0x680	0
0x273fS0x680	0x273fV0x680	0
0x2740S0x680	0x2740V0x680	0
0x2748S0x680	0x2748V0x680	0
0x274dS0x680	0x274dV0x680	0
0x26c4S0x2747S0x680	0x26c4V0x2747V0x680	0
0x26b3S0x2747S0x680	0x26b3V0x2747V0x680	0
0x26b4S0x2747S0x680	0x26b4V0x2747V0x680	0
0x26b6S0x2747S0x680	0x26b6V0x2747V0x680	0
0x26b8S0x2747S0x680	0x26b8V0x2747V0x680	0
0x26baS0x2747S0x680	0x26baV0x2747V0x680	0
0x26bbS0x2747S0x680	0x26bbV0x2747V0x680	0
0x26bdS0x2747S0x680	0x26bdV0x2747V0x680	0
0x26bfS0x2747S0x680	0x26bfV0x2747V0x680	0
0x26c0S0x2747S0x680	0x26c0V0x2747V0x680	0
0x2752S0x6c2	0x2752V0x6c2	0
0x2755S0x6c2	0x2755V0x6c2	0
0x2759S0x6c2	0x2759V0x6c2	0
0x275aS0x6c2	0x275aV0x6c2	0
0x275bS0x6c2	0x275bV0x6c2	0
0x275cS0x6c2	0x275cV0x6c2	0
0x2764S0x6c2	0x2764V0x6c2	0
0x2769S0x6c2	0x2769V0x6c2	0
0x2770S0x6c2	0x2770V0x6c2	0
0x2774S0x6c2	0x2774V0x6c2	0
0x2777S0x6c2	0x2777V0x6c2	0
0x2778S0x6c2	0x2778V0x6c2	0
0x26c4S0x2763S0x6c2	0x26c4V0x2763V0x6c2	0
0x26b3S0x2763S0x6c2	0x26b3V0x2763V0x6c2	0
0x26b4S0x2763S0x6c2	0x26b4V0x2763V0x6c2	0
0x26b6S0x2763S0x6c2	0x26b6V0x2763V0x6c2	0
0x26b8S0x2763S0x6c2	0x26b8V0x2763V0x6c2	0
0x26baS0x2763S0x6c2	0x26baV0x2763V0x6c2	0
0x26bbS0x2763S0x6c2	0x26bbV0x2763V0x6c2	0
0x26bdS0x2763S0x6c2	0x26bdV0x2763V0x6c2	0
0x26bfS0x2763S0x6c2	0x26bfV0x2763V0x6c2	0
0x26c0S0x2763S0x6c2	0x26c0V0x2763V0x6c2	0
0x26c4S0x276dS0x6c2	0x26c4V0x276dV0x6c2	0
0x26b3S0x276dS0x6c2	0x26b3V0x276dV0x6c2	0
0x26b4S0x276dS0x6c2	0x26b4V0x276dV0x6c2	0
0x26b6S0x276dS0x6c2	0x26b6V0x276dV0x6c2	0
0x26b8S0x276dS0x6c2	0x26b8V0x276dV0x6c2	0
0x26baS0x276dS0x6c2	0x26baV0x276dV0x6c2	0
0x26bbS0x276dS0x6c2	0x26bbV0x276dV0x6c2	0
0x26bdS0x276dS0x6c2	0x26bdV0x276dV0x6c2	0
0x26bfS0x276dS0x6c2	0x26bfV0x276dV0x6c2	0
0x26c0S0x276dS0x6c2	0x26c0V0x276dV0x6c2	0
0x299bS0x704	0x299bV0x704	0
0x299eS0x704	0x299eV0x704	0
0x29a1S0x704	0x29a1V0x704	0
0x29a5S0x704	0x29a5V0x704	0
0x29a6S0x704	0x29a6V0x704	0
0x29a7S0x704	0x29a7V0x704	0
0x29a8S0x704	0x29a8V0x704	0
0x29b0S0x704	0x29b0V0x704	0
0x29b5S0x704	0x29b5V0x704	0
0x29bcS0x704	0x29bcV0x704	0
0x29c0S0x704	0x29c0V0x704	0
0x29c3S0x704	0x29c3V0x704	0
0x29c4S0x704	0x29c4V0x704	0
0x29cbS0x704	0x29cbV0x704	0
0x29ceS0x704	0x29ceV0x704	0
0x29cfS0x704	0x29cfV0x704	0
0x29d2S0x704	0x29d2V0x704	0
0x29d6S0x704	0x29d6V0x704	0
0x29d9S0x704	0x29d9V0x704	0
0x29daS0x704	0x29daV0x704	0
0x2732S0x29afS0x704	0x2732V0x29afV0x704	0
0x2727S0x29afS0x704	0x2727V0x29afV0x704	0
0x2728S0x29afS0x704	0x2728V0x29afV0x704	0
0x272bS0x29afS0x704	0x272bV0x29afV0x704	0
0x272dS0x29afS0x704	0x272dV0x29afV0x704	0
0x272eS0x29afS0x704	0x272eV0x29afV0x704	0
0x2721S0x29b9S0x704	0x2721V0x29b9V0x704	0
0x2710S0x29b9S0x704	0x2710V0x29b9V0x704	0
0x2711S0x29b9S0x704	0x2711V0x29b9V0x704	0
0x2713S0x29b9S0x704	0x2713V0x29b9V0x704	0
0x2715S0x29b9S0x704	0x2715V0x29b9V0x704	0
0x2717S0x29b9S0x704	0x2717V0x29b9V0x704	0
0x2718S0x29b9S0x704	0x2718V0x29b9V0x704	0
0x271aS0x29b9S0x704	0x271aV0x29b9V0x704	0
0x271cS0x29b9S0x704	0x271cV0x29b9V0x704	0
0x271dS0x29b9S0x704	0x271dV0x29b9V0x704	0
0x26c4S0x29c8S0x704	0x26c4V0x29c8V0x704	0
0x26b3S0x29c8S0x704	0x26b3V0x29c8V0x704	0
0x26b4S0x29c8S0x704	0x26b4V0x29c8V0x704	0
0x26b6S0x29c8S0x704	0x26b6V0x29c8V0x704	0
0x26b8S0x29c8S0x704	0x26b8V0x29c8V0x704	0
0x26baS0x29c8S0x704	0x26baV0x29c8V0x704	0
0x26bbS0x29c8S0x704	0x26bbV0x29c8V0x704	0
0x26bdS0x29c8S0x704	0x26bdV0x29c8V0x704	0
0x26bfS0x29c8S0x704	0x26bfV0x29c8V0x704	0
0x26c0S0x29c8S0x704	0x26c0V0x29c8V0x704	0
0x2737S0x75a	0x2737V0x75a	0
0x2739S0x75a	0x2739V0x75a	0
0x273dS0x75a	0x273dV0x75a	0
0x273eS0x75a	0x273eV0x75a	0
0x273fS0x75a	0x273fV0x75a	0
0x2740S0x75a	0x2740V0x75a	0
0x2748S0x75a	0x2748V0x75a	0
0x274dS0x75a	0x274dV0x75a	0
0x26c4S0x2747S0x75a	0x26c4V0x2747V0x75a	0
0x26b3S0x2747S0x75a	0x26b3V0x2747V0x75a	0
0x26b4S0x2747S0x75a	0x26b4V0x2747V0x75a	0
0x26b6S0x2747S0x75a	0x26b6V0x2747V0x75a	0
0x26b8S0x2747S0x75a	0x26b8V0x2747V0x75a	0
0x26baS0x2747S0x75a	0x26baV0x2747V0x75a	0
0x26bbS0x2747S0x75a	0x26bbV0x2747V0x75a	0
0x26bdS0x2747S0x75a	0x26bdV0x2747V0x75a	0
0x26bfS0x2747S0x75a	0x26bfV0x2747V0x75a	0
0x26c0S0x2747S0x75a	0x26c0V0x2747V0x75a	0
0x2c22S0x7ff	0x2c22V0x7ff	0
0x2c24S0x7ff	0x2c24V0x7ff	0
0x2c26S0x7ff	0x2c26V0x7ff	0
0x2c28S0x7ff	0x2c28V0x7ff	0
0x2c29S0x7ff	0x2c29V0x7ff	0
0x2c2bS0x7ff	0x2c2bV0x7ff	0
0x2c2cS0x7ff	0x2c2cV0x7ff	0
0x2c2fS0x7ff	0x2c2fV0x7ff	0
0x2c31S0x7ff	0x2c31V0x7ff	0
0x2c33S0x7ff	0x2c33V0x7ff	0
0x2c36S0x7ff	0x2c36V0x7ff	0
0x2c3aS0x7ff	0x2c3aV0x7ff	0
0x2c3dS0x7ff	0x2c3dV0x7ff	0
0x2c42S0x7ff	0x2c42V0x7ff	0
0x2c45S0x7ff	0x2c45V0x7ff	0
0x2b4aS0x2c1eS0x7ff	0x2b4aV0x2c1eV0x7ff	0
0x2b51S0x2c1eS0x7ff	0x2b51V0x2c1eV0x7ff	0
0x2b54S0x2c1eS0x7ff	0x2b54V0x2c1eV0x7ff	0
0x2b57S0x2c1eS0x7ff	0x2b57V0x2c1eV0x7ff	0
0x2b5bS0x2c1eS0x7ff	0x2b5bV0x2c1eV0x7ff	0
0x2b5cS0x2c1eS0x7ff	0x2b5cV0x2c1eV0x7ff	0
0x2b5eS0x2c1eS0x7ff	0x2b5eV0x2c1eV0x7ff	0
0x2b60S0x2c1eS0x7ff	0x2b60V0x2c1eV0x7ff	0
0x2b62S0x2c1eS0x7ff	0x2b62V0x2c1eV0x7ff	0
0x2b63S0x2c1eS0x7ff	0x2b63V0x2c1eV0x7ff	0
0x2b66S0x2c1eS0x7ff	0x2b66V0x2c1eV0x7ff	0
0x2b67S0x2c1eS0x7ff	0x2b67V0x2c1eV0x7ff	0
0x2b69S0x2c1eS0x7ff	0x2b69V0x2c1eV0x7ff	0
0x2b6aS0x2c1eS0x7ff	0x2b6aV0x2c1eV0x7ff	0
0x341eS0x895	0x341eV0x895	0
0x3420S0x895	0x3420V0x895	0
0x3423S0x895	0x3423V0x895	0
0x3427S0x895	0x3427V0x895	0
0x342aS0x895	0x342aV0x895	0
0x342cS0x895	0x342cV0x895	0
0x342eS0x895	0x342eV0x895	0
0x3430S0x895	0x3430V0x895	0
0x3432S0x895	0x3432V0x895	0
0x3433S0x895	0x3433V0x895	0
0x3435S0x895	0x3435V0x895	0
0x3436S0x895	0x3436V0x895	0
0x3439S0x895	0x3439V0x895	0
0x343bS0x895	0x343bV0x895	0
0x343dS0x895	0x343dV0x895	0
0x3440S0x895	0x3440V0x895	0
0x3442S0x895	0x3442V0x895	0
0x3445S0x895	0x3445V0x895	0
0x3448S0x895	0x3448V0x895	0
0x344bS0x895	0x344bV0x895	0
0x2b4aS0x341dS0x895	0x2b4aV0x341dV0x895	0
0x2b51S0x341dS0x895	0x2b51V0x341dV0x895	0
0x2b54S0x341dS0x895	0x2b54V0x341dV0x895	0
0x2b57S0x341dS0x895	0x2b57V0x341dV0x895	0
0x2b5bS0x341dS0x895	0x2b5bV0x341dV0x895	0
0x2b5cS0x341dS0x895	0x2b5cV0x341dV0x895	0
0x2b5eS0x341dS0x895	0x2b5eV0x341dV0x895	0
0x2b60S0x341dS0x895	0x2b60V0x341dV0x895	0
0x2b62S0x341dS0x895	0x2b62V0x341dV0x895	0
0x2b63S0x341dS0x895	0x2b63V0x341dV0x895	0
0x2b66S0x341dS0x895	0x2b66V0x341dV0x895	0
0x2b67S0x341dS0x895	0x2b67V0x341dV0x895	0
0x2b69S0x341dS0x895	0x2b69V0x341dV0x895	0
0x2b6aS0x341dS0x895	0x2b6aV0x341dV0x895	0
0x345bS0xb59	0x345bV0xb59	0
0x345eS0xb59	0x345eV0xb59	0
0x3461S0xb59	0x3461V0xb59	0
0x3463S0xb59	0x3463V0xb59	0
0x3465S0xb59	0x3465V0xb59	0
0x3467S0xb59	0x3467V0xb59	0
0x3468S0xb59	0x3468V0xb59	0
0x346aS0xb59	0x346aV0xb59	0
0x346bS0xb59	0x346bV0xb59	0
0x346eS0xb59	0x346eV0xb59	0
0x3470S0xb59	0x3470V0xb59	0
0x3473S0xb59	0x3473V0xb59	0
0x3474S0xb59	0x3474V0xb59	0
0x3478S0xb59	0x3478V0xb59	0
0x347dS0xb59	0x347dV0xb59	0
0x3480S0xb59	0x3480V0xb59	0
0x3485S0xb59	0x3485V0xb59	0
0x3487S0xb59	0x3487V0xb59	0
0x34bfS0x345aS0xb59	0x34bfV0x345aV0xb59	0
0x34c2S0x345aS0xb59	0x34c2V0x345aV0xb59	0
0x34c3S0x345aS0xb59	0x34c3V0x345aV0xb59	0
0x2c22S0x1d9a	0x2c22V0x1d9a	0
0x2c24S0x1d9a	0x2c24V0x1d9a	0
0x2c26S0x1d9a	0x2c26V0x1d9a	0
0x2c28S0x1d9a	0x2c28V0x1d9a	0
0x2c29S0x1d9a	0x2c29V0x1d9a	0
0x2c2bS0x1d9a	0x2c2bV0x1d9a	0
0x2c2cS0x1d9a	0x2c2cV0x1d9a	0
0x2c2fS0x1d9a	0x2c2fV0x1d9a	0
0x2c31S0x1d9a	0x2c31V0x1d9a	0
0x2c33S0x1d9a	0x2c33V0x1d9a	0
0x2c36S0x1d9a	0x2c36V0x1d9a	0
0x2c3aS0x1d9a	0x2c3aV0x1d9a	0
0x2c3dS0x1d9a	0x2c3dV0x1d9a	0
0x2c42S0x1d9a	0x2c42V0x1d9a	0
0x2c45S0x1d9a	0x2c45V0x1d9a	0
0x2b4aS0x2c1eS0x1d9a	0x2b4aV0x2c1eV0x1d9a	0
0x2b51S0x2c1eS0x1d9a	0x2b51V0x2c1eV0x1d9a	0
0x2b54S0x2c1eS0x1d9a	0x2b54V0x2c1eV0x1d9a	0
0x2b57S0x2c1eS0x1d9a	0x2b57V0x2c1eV0x1d9a	0
0x2b5bS0x2c1eS0x1d9a	0x2b5bV0x2c1eV0x1d9a	0
0x2b5cS0x2c1eS0x1d9a	0x2b5cV0x2c1eV0x1d9a	0
0x2b5eS0x2c1eS0x1d9a	0x2b5eV0x2c1eV0x1d9a	0
0x2b60S0x2c1eS0x1d9a	0x2b60V0x2c1eV0x1d9a	0
0x2b62S0x2c1eS0x1d9a	0x2b62V0x2c1eV0x1d9a	0
0x2b63S0x2c1eS0x1d9a	0x2b63V0x2c1eV0x1d9a	0
0x2b66S0x2c1eS0x1d9a	0x2b66V0x2c1eV0x1d9a	0
0x2b67S0x2c1eS0x1d9a	0x2b67V0x2c1eV0x1d9a	0
0x2b69S0x2c1eS0x1d9a	0x2b69V0x2c1eV0x1d9a	0
0x2b6aS0x2c1eS0x1d9a	0x2b6aV0x2c1eV0x1d9a	0
0x341eS0x1e31	0x341eV0x1e31	0
0x3420S0x1e31	0x3420V0x1e31	0
0x3423S0x1e31	0x3423V0x1e31	0
0x3427S0x1e31	0x3427V0x1e31	0
0x342aS0x1e31	0x342aV0x1e31	0
0x342cS0x1e31	0x342cV0x1e31	0
0x342eS0x1e31	0x342eV0x1e31	0
0x3430S0x1e31	0x3430V0x1e31	0
0x3432S0x1e31	0x3432V0x1e31	0
0x3433S0x1e31	0x3433V0x1e31	0
0x3435S0x1e31	0x3435V0x1e31	0
0x3436S0x1e31	0x3436V0x1e31	0
0x3439S0x1e31	0x3439V0x1e31	0
0x343bS0x1e31	0x343bV0x1e31	0
0x343dS0x1e31	0x343dV0x1e31	0
0x3440S0x1e31	0x3440V0x1e31	0
0x3442S0x1e31	0x3442V0x1e31	0
0x3445S0x1e31	0x3445V0x1e31	0
0x3448S0x1e31	0x3448V0x1e31	0
0x344bS0x1e31	0x344bV0x1e31	0
0x2b4aS0x341dS0x1e31	0x2b4aV0x341dV0x1e31	0
0x2b51S0x341dS0x1e31	0x2b51V0x341dV0x1e31	0
0x2b54S0x341dS0x1e31	0x2b54V0x341dV0x1e31	0
0x2b57S0x341dS0x1e31	0x2b57V0x341dV0x1e31	0
0x2b5bS0x341dS0x1e31	0x2b5bV0x341dV0x1e31	0
0x2b5cS0x341dS0x1e31	0x2b5cV0x341dV0x1e31	0
0x2b5eS0x341dS0x1e31	0x2b5eV0x341dV0x1e31	0
0x2b60S0x341dS0x1e31	0x2b60V0x341dV0x1e31	0
0x2b62S0x341dS0x1e31	0x2b62V0x341dV0x1e31	0
0x2b63S0x341dS0x1e31	0x2b63V0x341dV0x1e31	0
0x2b66S0x341dS0x1e31	0x2b66V0x341dV0x1e31	0
0x2b67S0x341dS0x1e31	0x2b67V0x341dV0x1e31	0
0x2b69S0x341dS0x1e31	0x2b69V0x341dV0x1e31	0
0x2b6aS0x341dS0x1e31	0x2b6aV0x341dV0x1e31	0
0x236aS0x2159	0x236aV0x2159	0
0x236cS0x2159	0x236cV0x2159	0
0x236dS0x2159	0x236dV0x2159	0
0x2371S0x2159	0x2371V0x2159	0
0x2373S0x2159	0x2373V0x2159	0
0x2376S0x2159	0x2376V0x2159	0
0x2378S0x2159	0x2378V0x2159	0
0x2379S0x2159	0x2379V0x2159	0
0x237dS0x2159	0x237dV0x2159	0
0x2394S0x2159	0x2394V0x2159	0
0x2397S0x2159	0x2397V0x2159	0
0x2398S0x2159	0x2398V0x2159	0
0x239aS0x2159	0x239aV0x2159	0
0x239bS0x2159	0x239bV0x2159	0
0x239eS0x2159	0x239eV0x2159	0
0x23a1S0x2159	0x23a1V0x2159	0
0x23a2S0x2159	0x23a2V0x2159	0
0x23a5S0x2159	0x23a5V0x2159	0
0x23a6S0x2159	0x23a6V0x2159	0
0x23a7S0x2159	0x23a7V0x2159	0
0x23a9S0x2159	0x23a9V0x2159	0
0x19640S0x2159	0x19640V0x2159	0
0x21a10x233eS0x2159	0x233e0x21a1V0x2159	0
0x21a00x233eS0x2159	0x233e0x21a0V0x2159	0
0x219d0x233eS0x2159	0x233e0x219dV0x2159	0
0x219c0x233eS0x2159	0x233e0x219cV0x2159	0
0x21990x233eS0x2159	0x233e0x2199V0x2159	0
0x233fS0x2159	0x233fV0x2159	0
0x2341S0x2159	0x2341V0x2159	0
0x2342S0x2159	0x2342V0x2159	0
0x2346S0x2159	0x2346V0x2159	0
0x2347S0x2159	0x2347V0x2159	0
0x2349S0x2159	0x2349V0x2159	0
0x234bS0x2159	0x234bV0x2159	0
0x2359S0x2159	0x2359V0x2159	0
0x2357_0x0S0x2159	0x2357_0x0V0x2159	0
0x2366S0x2159	0x2366V0x2159	0
0x2365_0x0S0x2159	0x2365_0x0V0x2159	0
0x2382S0x2159	0x2382V0x2159	0
0x2384S0x2159	0x2384V0x2159	0
0x2385S0x2159	0x2385V0x2159	0
0x2389S0x2159	0x2389V0x2159	0
0x238aS0x2159	0x238aV0x2159	0
0x238cS0x2159	0x238cV0x2159	0
0x238dS0x2159	0x238dV0x2159	0
0x238fS0x2159	0x238fV0x2159	0
0x2390S0x2159	0x2390V0x2159	0
0x70667S0x2159	0x70667V0x2159	0
0x70669S0x2159	0x70669V0x2159	0
0x7066cS0x2159	0x7066cV0x2159	0
0x23adS0x2159	0x23adV0x2159	0
0x23b0S0x2159	0x23b0V0x2159	0
0x23b5S0x2159	0x23b5V0x2159	0
0x23b8S0x2159	0x23b8V0x2159	0
0x2350S0x2159	0x2350V0x2159	0
0x2353S0x2159	0x2353V0x2159	0
0x235eS0x2159	0x235eV0x2159	0
0x2360S0x2159	0x2360V0x2159	0
0x2361S0x2159	0x2361V0x2159	0
0x2363S0x2159	0x2363V0x2159	0
0x2364S0x2159	0x2364V0x2159	0
0x18c40S0x2159	0x18c40V0x2159	0
0x21950x233eS0x2159	0x233e0x2195V0x2159	0
0x21940x233eS0x2159	0x233e0x2194V0x2159	0
0x303dS0x236aS0x2159	0x303dV0x236aV0x2159	0
0x3042S0x236aS0x2159	0x3042V0x236aV0x2159	0
0x3046S0x236aS0x2159	0x3046V0x236aV0x2159	0
0x3048S0x236aS0x2159	0x3048V0x236aV0x2159	0
0x3069S0x236aS0x2159	0x3069V0x236aV0x2159	0
0x306cS0x236aS0x2159	0x306cV0x236aV0x2159	0
0x306eS0x236aS0x2159	0x306eV0x236aV0x2159	0
0x307dS0x236aS0x2159	0x307dV0x236aV0x2159	0
0x307fS0x236aS0x2159	0x307fV0x236aV0x2159	0
0x3080S0x236aS0x2159	0x3080V0x236aV0x2159	0
0x3083S0x236aS0x2159	0x3083V0x236aV0x2159	0
0x3085S0x236aS0x2159	0x3085V0x236aV0x2159	0
0x3087S0x236aS0x2159	0x3087V0x236aV0x2159	0
0x20dbS0x234fS0x2159	0x20dbV0x234fV0x2159	0
0x20ddS0x234fS0x2159	0x20ddV0x234fV0x2159	0
0x20e0S0x234fS0x2159	0x20e0V0x234fV0x2159	0
0x20e1S0x234fS0x2159	0x20e1V0x234fV0x2159	0
0x20e6S0x234fS0x2159	0x20e6V0x234fV0x2159	0
0x2339S0x234fS0x2159	0x2339V0x234fV0x2159	0
0x233aS0x234fS0x2159	0x233aV0x234fV0x2159	0
0x233bS0x234fS0x2159	0x233bV0x234fV0x2159	0
0x28d9S0x256	0x28d9V0x256	0
0x28dcS0x256	0x28dcV0x256	0
0x28dfS0x256	0x28dfV0x256	0
0x28e3S0x256	0x28e3V0x256	0
0x28e4S0x256	0x28e4V0x256	0
0x28e5S0x256	0x28e5V0x256	0
0x28e6S0x256	0x28e6V0x256	0
0x28eeS0x256	0x28eeV0x256	0
0x28f3S0x256	0x28f3V0x256	0
0x28faS0x256	0x28faV0x256	0
0x28fdS0x256	0x28fdV0x256	0
0x28feS0x256	0x28feV0x256	0
0x2901S0x256	0x2901V0x256	0
0x2904S0x256	0x2904V0x256	0
0x2905S0x256	0x2905V0x256	0
0x2906S0x256	0x2906V0x256	0
0x2908S0x256	0x2908V0x256	0
0x290aS0x256	0x290aV0x256	0
0x290cS0x256	0x290cV0x256	0
0x290dS0x256	0x290dV0x256	0
0x290fS0x256	0x290fV0x256	0
0x2910S0x256	0x2910V0x256	0
0x2911S0x256	0x2911V0x256	0
0x2919S0x256	0x2919V0x256	0
0x291fS0x256	0x291fV0x256	0
0x2920S0x256	0x2920V0x256	0
0x2732S0x28edS0x256	0x2732V0x28edV0x256	0
0x2727S0x28edS0x256	0x2727V0x28edV0x256	0
0x2728S0x28edS0x256	0x2728V0x28edV0x256	0
0x272bS0x28edS0x256	0x272bV0x28edV0x256	0
0x272dS0x28edS0x256	0x272dV0x28edV0x256	0
0x272eS0x28edS0x256	0x272eV0x28edV0x256	0
0x2703S0x2918S0x256	0x2703V0x2918V0x256	0
0x26dcS0x2918S0x256	0x26dcV0x2918V0x256	0
0x26ddS0x2918S0x256	0x26ddV0x2918V0x256	0
0x26dfS0x2918S0x256	0x26dfV0x2918V0x256	0
0x26e1S0x2918S0x256	0x26e1V0x2918V0x256	0
0x26e3S0x2918S0x256	0x26e3V0x2918V0x256	0
0x26e4S0x2918S0x256	0x26e4V0x2918V0x256	0
0x26e6S0x2918S0x256	0x26e6V0x2918V0x256	0
0x26e7S0x2918S0x256	0x26e7V0x2918V0x256	0
0x26e8S0x2918S0x256	0x26e8V0x2918V0x256	0
0x26f0S0x2918S0x256	0x26f0V0x2918V0x256	0
0x26f3S0x2918S0x256	0x26f3V0x2918V0x256	0
0x26f7S0x2918S0x256	0x26f7V0x2918V0x256	0
0x26fbS0x2918S0x256	0x26fbV0x2918V0x256	0
0x26fcS0x2918S0x256	0x26fcV0x2918V0x256	0
0x26fdS0x2918S0x256	0x26fdV0x2918V0x256	0
0x26feS0x2918S0x256	0x26feV0x2918V0x256	0
0x26ffS0x2918S0x256	0x26ffV0x2918V0x256	0
0x26c9S0x2918S0x256	0x26c9V0x2918V0x256	0
0x26cdS0x2918S0x256	0x26cdV0x2918V0x256	0
0x26d0S0x2918S0x256	0x26d0V0x2918V0x256	0
0x26d1S0x2918S0x256	0x26d1V0x2918V0x256	0
0x26d2S0x2918S0x256	0x26d2V0x2918V0x256	0
0x28d9S0x73b	0x28d9V0x73b	0
0x28dcS0x73b	0x28dcV0x73b	0
0x28dfS0x73b	0x28dfV0x73b	0
0x28e3S0x73b	0x28e3V0x73b	0
0x28e4S0x73b	0x28e4V0x73b	0
0x28e5S0x73b	0x28e5V0x73b	0
0x28e6S0x73b	0x28e6V0x73b	0
0x28eeS0x73b	0x28eeV0x73b	0
0x28f3S0x73b	0x28f3V0x73b	0
0x28faS0x73b	0x28faV0x73b	0
0x28fdS0x73b	0x28fdV0x73b	0
0x28feS0x73b	0x28feV0x73b	0
0x2901S0x73b	0x2901V0x73b	0
0x2904S0x73b	0x2904V0x73b	0
0x2905S0x73b	0x2905V0x73b	0
0x2906S0x73b	0x2906V0x73b	0
0x2908S0x73b	0x2908V0x73b	0
0x290aS0x73b	0x290aV0x73b	0
0x290cS0x73b	0x290cV0x73b	0
0x290dS0x73b	0x290dV0x73b	0
0x290fS0x73b	0x290fV0x73b	0
0x2910S0x73b	0x2910V0x73b	0
0x2911S0x73b	0x2911V0x73b	0
0x2919S0x73b	0x2919V0x73b	0
0x291fS0x73b	0x291fV0x73b	0
0x2920S0x73b	0x2920V0x73b	0
0x2732S0x28edS0x73b	0x2732V0x28edV0x73b	0
0x2727S0x28edS0x73b	0x2727V0x28edV0x73b	0
0x2728S0x28edS0x73b	0x2728V0x28edV0x73b	0
0x272bS0x28edS0x73b	0x272bV0x28edV0x73b	0
0x272dS0x28edS0x73b	0x272dV0x28edV0x73b	0
0x272eS0x28edS0x73b	0x272eV0x28edV0x73b	0
0x2703S0x2918S0x73b	0x2703V0x2918V0x73b	0
0x26dcS0x2918S0x73b	0x26dcV0x2918V0x73b	0
0x26ddS0x2918S0x73b	0x26ddV0x2918V0x73b	0
0x26dfS0x2918S0x73b	0x26dfV0x2918V0x73b	0
0x26e1S0x2918S0x73b	0x26e1V0x2918V0x73b	0
0x26e3S0x2918S0x73b	0x26e3V0x2918V0x73b	0
0x26e4S0x2918S0x73b	0x26e4V0x2918V0x73b	0
0x26e6S0x2918S0x73b	0x26e6V0x2918V0x73b	0
0x26e7S0x2918S0x73b	0x26e7V0x2918V0x73b	0
0x26e8S0x2918S0x73b	0x26e8V0x2918V0x73b	0
0x26f0S0x2918S0x73b	0x26f0V0x2918V0x73b	0
0x26f3S0x2918S0x73b	0x26f3V0x2918V0x73b	0
0x26f7S0x2918S0x73b	0x26f7V0x2918V0x73b	0
0x26fbS0x2918S0x73b	0x26fbV0x2918V0x73b	0
0x26fcS0x2918S0x73b	0x26fcV0x2918V0x73b	0
0x26fdS0x2918S0x73b	0x26fdV0x2918V0x73b	0
0x26feS0x2918S0x73b	0x26feV0x2918V0x73b	0
0x26ffS0x2918S0x73b	0x26ffV0x2918V0x73b	0
0x26c9S0x2918S0x73b	0x26c9V0x2918V0x73b	0
0x26cdS0x2918S0x73b	0x26cdV0x2918V0x73b	0
0x26d0S0x2918S0x73b	0x26d0V0x2918V0x73b	0
0x26d1S0x2918S0x73b	0x26d1V0x2918V0x73b	0
0x26d2S0x2918S0x73b	0x26d2V0x2918V0x73b	0
0x2324S0x2071	0x2324V0x2071	0
0x2326S0x2071	0x2326V0x2071	0
0x232aS0x2071	0x232aV0x2071	0
0x232cS0x2071	0x232cV0x2071	0
0x232eS0x2071	0x232eV0x2071	0
0x2330S0x2071	0x2330V0x2071	0
0x2331S0x2071	0x2331V0x2071	0
0x2333S0x2071	0x2333V0x2071	0
0x2334S0x2071	0x2334V0x2071	0
0x2323S0x70640_0S0x2071	0x2337_0x0V0x70640_0V0x2071	0
0x24e9S0x2323S0x2071	0x24e9V0x2323V0x2071	0
0x24eeS0x2323S0x2071	0x24eeV0x2323V0x2071	0
0x24f1S0x2323S0x2071	0x24f1V0x2323V0x2071	0
0x24f2S0x2323S0x2071	0x24f2V0x2323V0x2071	0
0x24f5S0x2323S0x2071	0x24f5V0x2323V0x2071	0
0x24f8S0x2323S0x2071	0x24f8V0x2323V0x2071	0
0x24f9S0x2323S0x2071	0x24f9V0x2323V0x2071	0
0x24fbS0x2323S0x2071	0x24fbV0x2323V0x2071	0
0x24fcS0x2323S0x2071	0x24fcV0x2323V0x2071	0
0x25a5S0x2323S0x2071	0x25a5V0x2323V0x2071	0
0x25aaS0x2323S0x2071	0x25aaV0x2323V0x2071	0
0x251dS0x2323S0x2071	0x251dV0x2323V0x2071	0
0x2520S0x2323S0x2071	0x2520V0x2323V0x2071	0
0x2522S0x2323S0x2071	0x2522V0x2323V0x2071	0
0x2524S0x2323S0x2071	0x2524V0x2323V0x2071	0
0x2525S0x2323S0x2071	0x2525V0x2323V0x2071	0
0x2526S0x2323S0x2071	0x2526V0x2323V0x2071	0
0x252bS0x2323S0x2071	0x252bV0x2323V0x2071	0
0x252dS0x2323S0x2071	0x252dV0x2323V0x2071	0
0x2530S0x2323S0x2071	0x2530V0x2323V0x2071	0
0x2532S0x2323S0x2071	0x2532V0x2323V0x2071	0
0x2533S0x2323S0x2071	0x2533V0x2323V0x2071	0
0x2539S0x2323S0x2071	0x2539V0x2323V0x2071	0
0x253eS0x2323S0x2071	0x253eV0x2323V0x2071	0
0x2542S0x2323S0x2071	0x2542V0x2323V0x2071	0
0x2545S0x2323S0x2071	0x2545V0x2323V0x2071	0
0x254dS0x2323S0x2071	0x254dV0x2323V0x2071	0
0x2551S0x2323S0x2071	0x2551V0x2323V0x2071	0
0x2555S0x2323S0x2071	0x2555V0x2323V0x2071	0
0x2558S0x2323S0x2071	0x2558V0x2323V0x2071	0
0x255bS0x2323S0x2071	0x255bV0x2323V0x2071	0
0x255fS0x2323S0x2071	0x255fV0x2323V0x2071	0
0x2563S0x2323S0x2071	0x2563V0x2323V0x2071	0
0x2569S0x2323S0x2071	0x2569V0x2323V0x2071	0
0x256cS0x2323S0x2071	0x256cV0x2323V0x2071	0
0x2570S0x2323S0x2071	0x2570V0x2323V0x2071	0
0x2573S0x2323S0x2071	0x2573V0x2323V0x2071	0
0x2575S0x2323S0x2071	0x2575V0x2323V0x2071	0
0x2577S0x2323S0x2071	0x2577V0x2323V0x2071	0
0x2578S0x2323S0x2071	0x2578V0x2323V0x2071	0
0x2579S0x2323S0x2071	0x2579V0x2323V0x2071	0
0x2580S0x2323S0x2071	0x2580V0x2323V0x2071	0
0x2582S0x2323S0x2071	0x2582V0x2323V0x2071	0
0x2583S0x2323S0x2071	0x2583V0x2323V0x2071	0
0x2588S0x2323S0x2071	0x2588V0x2323V0x2071	0
0x258aS0x2323S0x2071	0x258aV0x2323V0x2071	0
0x258eS0x2323S0x2071	0x258eV0x2323V0x2071	0
0x2590S0x2323S0x2071	0x2590V0x2323V0x2071	0
0x2591S0x2323S0x2071	0x2591V0x2323V0x2071	0
0x2593S0x2323S0x2071	0x2593V0x2323V0x2071	0
0x2594S0x2323S0x2071	0x2594V0x2323V0x2071	0
0x2598S0x2323S0x2071	0x2598V0x2323V0x2071	0
0x25a0S0x2323S0x2071	0x25a0V0x2323V0x2071	0
0x2501S0x2323S0x2071	0x2501V0x2323V0x2071	0
0x2502S0x2323S0x2071	0x2502V0x2323V0x2071	0
0x2504S0x2323S0x2071	0x2504V0x2323V0x2071	0
0x2507S0x2323S0x2071	0x2507V0x2323V0x2071	0
0x250bS0x2323S0x2071	0x250bV0x2323V0x2071	0
0x250dS0x2323S0x2071	0x250dV0x2323V0x2071	0
0x2515S0x2323S0x2071	0x2515V0x2323V0x2071	0
0x2516S0x2323S0x2071	0x2516V0x2323V0x2071	0
0x912S0x286	0x912V0x286	0
0x914S0x286	0x914V0x286	0
0x915S0x286	0x915V0x286	0
0x919S0x286	0x919V0x286	0
0x91bS0x286	0x91bV0x286	0
0x91eS0x286	0x91eV0x286	0
0x920S0x286	0x920V0x286	0
0x921S0x286	0x921V0x286	0
0x925S0x286	0x925V0x286	0
0x93bS0x286	0x93bV0x286	0
0x958S0x286	0x958V0x286	0
0x959S0x286	0x959V0x286	0
0xd840S0x286	0xd840V0x286	0
0x8ebS0x286	0x8ebV0x286	0
0x8eeS0x286	0x8eeV0x286	0
0x8f3S0x286	0x8f3V0x286	0
0x8f5S0x286	0x8f5V0x286	0
0x8f7S0x286	0x8f7V0x286	0
0x8f9S0x286	0x8f9V0x286	0
0x8faS0x286	0x8faV0x286	0
0x8fbS0x286	0x8fbV0x286	0
0x8fcS0x286	0x8fcV0x286	0
0x8ffS0x286	0x8ffV0x286	0
0x904S0x286	0x904V0x286	0
0x906S0x286	0x906V0x286	0
0x908S0x286	0x908V0x286	0
0x90aS0x286	0x90aV0x286	0
0x90bS0x286	0x90bV0x286	0
0x90cS0x286	0x90cV0x286	0
0x90dS0x286	0x90dV0x286	0
0x90eS0x286	0x90eV0x286	0
0x92aS0x286	0x92aV0x286	0
0x92cS0x286	0x92cV0x286	0
0x92dS0x286	0x92dV0x286	0
0x92fS0x286	0x92fV0x286	0
0x930S0x286	0x930V0x286	0
0x931S0x286	0x931V0x286	0
0x933S0x286	0x933V0x286	0
0x934S0x286	0x934V0x286	0
0x935S0x286	0x935V0x286	0
0x936S0x286	0x936V0x286	0
0x937S0x286	0x937V0x286	0
0x3985aS0x286	0x3985aV0x286	0
0x3985cS0x286	0x3985cV0x286	0
0x3985fS0x286	0x3985fV0x286	0
0x940S0x286	0x940V0x286	0
0x943S0x286	0x943V0x286	0
0x944S0x286	0x944V0x286	0
0x946S0x286	0x946V0x286	0
0x947S0x286	0x947V0x286	0
0x949S0x286	0x949V0x286	0
0x94aS0x286	0x94aV0x286	0
0x94bS0x286	0x94bV0x286	0
0x950S0x286	0x950V0x286	0
0x952S0x286	0x952V0x286	0
0x953S0x286	0x953V0x286	0
0x954S0x286	0x954V0x286	0
0x95dS0x286	0x95dV0x286	0
0x95fS0x286	0x95fV0x286	0
0x960S0x286	0x960V0x286	0
0x962S0x286	0x962V0x286	0
0x963S0x286	0x963V0x286	0
0x985S0x286	0x985V0x286	0
0x989S0x286	0x989V0x286	0
0x98dS0x286	0x98dV0x286	0
0x98fS0x286	0x98fV0x286	0
0x398a4S0x286	0x398a4V0x286	0
0x398a6S0x286	0x398a6V0x286	0
0x398a9S0x286	0x398a9V0x286	0
0x47150S0x286	0x47150V0x286	0
0x30f9S0x912S0x286	0x30f9V0x912V0x286	0
0x3100S0x912S0x286	0x3100V0x912V0x286	0
0x3102S0x912S0x286	0x3102V0x912V0x286	0
0x3123S0x912S0x286	0x3123V0x912V0x286	0
0x3126S0x912S0x286	0x3126V0x912V0x286	0
0x3128S0x912S0x286	0x3128V0x912V0x286	0
0x312aS0x912S0x286	0x312aV0x912V0x286	0
0x1f4bS0x8eaS0x286	0x1f4bV0x8eaV0x286	0
0x10beS0x8f2S0x286	0x10beV0x8f2V0x286	0
0x10c0S0x8f2S0x286	0x10c0V0x8f2V0x286	0
0x10c1S0x8f2S0x286	0x10c1V0x8f2V0x286	0
0x10c3S0x8f2S0x286	0x10c3V0x8f2V0x286	0
0x10c5S0x8f2S0x286	0x10c5V0x8f2V0x286	0
0x10c7S0x8f2S0x286	0x10c7V0x8f2V0x286	0
0x10c8S0x8f2S0x286	0x10c8V0x8f2V0x286	0
0x10c9S0x8f2S0x286	0x10c9V0x8f2V0x286	0
0x2bf5S0x95cS0x286	0x2bf5V0x95cV0x286	0
0x2bf6S0x95cS0x286	0x2bf6V0x95cV0x286	0
0x2bf9S0x95cS0x286	0x2bf9V0x95cV0x286	0
0x2bfbS0x95cS0x286	0x2bfbV0x95cV0x286	0
0xc81S0x30d	0xc81V0x30d	0
0xc83S0x30d	0xc83V0x30d	0
0xc84S0x30d	0xc84V0x30d	0
0xc88S0x30d	0xc88V0x30d	0
0xc8aS0x30d	0xc8aV0x30d	0
0xc8dS0x30d	0xc8dV0x30d	0
0xc8fS0x30d	0xc8fV0x30d	0
0xc90S0x30d	0xc90V0x30d	0
0xc94S0x30d	0xc94V0x30d	0
0xc5aS0x30d	0xc5aV0x30d	0
0xc5dS0x30d	0xc5dV0x30d	0
0xc62S0x30d	0xc62V0x30d	0
0xc64S0x30d	0xc64V0x30d	0
0xc66S0x30d	0xc66V0x30d	0
0xc68S0x30d	0xc68V0x30d	0
0xc69S0x30d	0xc69V0x30d	0
0xc6aS0x30d	0xc6aV0x30d	0
0xc6bS0x30d	0xc6bV0x30d	0
0xc6eS0x30d	0xc6eV0x30d	0
0xc73S0x30d	0xc73V0x30d	0
0xc75S0x30d	0xc75V0x30d	0
0xc77S0x30d	0xc77V0x30d	0
0xc79S0x30d	0xc79V0x30d	0
0xc7aS0x30d	0xc7aV0x30d	0
0xc7bS0x30d	0xc7bV0x30d	0
0xc7cS0x30d	0xc7cV0x30d	0
0xc7dS0x30d	0xc7dV0x30d	0
0xc99S0x30d	0xc99V0x30d	0
0xc9cS0x30d	0xc9cV0x30d	0
0xc9dS0x30d	0xc9dV0x30d	0
0xc9eS0x30d	0xc9eV0x30d	0
0x47278S0x30d	0x47278V0x30d	0
0x4727aS0x30d	0x4727aV0x30d	0
0x4727dS0x30d	0x4727dV0x30d	0
0x30f9S0xc81S0x30d	0x30f9V0xc81V0x30d	0
0x3100S0xc81S0x30d	0x3100V0xc81V0x30d	0
0x3102S0xc81S0x30d	0x3102V0xc81V0x30d	0
0x3123S0xc81S0x30d	0x3123V0xc81V0x30d	0
0x3126S0xc81S0x30d	0x3126V0xc81V0x30d	0
0x3128S0xc81S0x30d	0x3128V0xc81V0x30d	0
0x312aS0xc81S0x30d	0x312aV0xc81V0x30d	0
0x1f4bS0xc59S0x30d	0x1f4bV0xc59V0x30d	0
0x10beS0xc61S0x30d	0x10beV0xc61V0x30d	0
0x10c0S0xc61S0x30d	0x10c0V0xc61V0x30d	0
0x10c1S0xc61S0x30d	0x10c1V0xc61V0x30d	0
0x10c3S0xc61S0x30d	0x10c3V0xc61V0x30d	0
0x10c5S0xc61S0x30d	0x10c5V0xc61V0x30d	0
0x10c7S0xc61S0x30d	0x10c7V0xc61V0x30d	0
0x10c8S0xc61S0x30d	0x10c8V0xc61V0x30d	0
0x10c9S0xc61S0x30d	0x10c9V0xc61V0x30d	0
0x2025S0xc98S0x30d	0x2025V0xc98V0x30d	0
0x2027S0xc98S0x30d	0x2027V0xc98V0x30d	0
0x202aS0xc98S0x30d	0x202aV0xc98V0x30d	0
0x202cS0xc98S0x30d	0x202cV0xc98V0x30d	0
0x202dS0xc98S0x30d	0x202dV0xc98V0x30d	0
0x202fS0xc98S0x30d	0x202fV0xc98V0x30d	0
0x2030S0xc98S0x30d	0x2030V0xc98V0x30d	0
0x2031S0xc98S0x30d	0x2031V0xc98V0x30d	0
0x2033S0xc98S0x30d	0x2033V0xc98V0x30d	0
0x2034S0xc98S0x30d	0x2034V0xc98V0x30d	0
0x2037S0xc98S0x30d	0x2037V0xc98V0x30d	0
0x203aS0xc98S0x30d	0x203aV0xc98V0x30d	0
0x203bS0xc98S0x30d	0x203bV0xc98V0x30d	0
0x203dS0xc98S0x30d	0x203dV0xc98V0x30d	0
0x2040S0xc98S0x30d	0x2040V0xc98V0x30d	0
0x2042S0xc98S0x30d	0x2042V0xc98V0x30d	0
0x2055S0xc98S0x30d	0x2055V0xc98V0x30d	0
0x2057S0xc98S0x30d	0x2057V0xc98V0x30d	0
0x2058S0xc98S0x30d	0x2058V0xc98V0x30d	0
0x205cS0xc98S0x30d	0x205cV0xc98V0x30d	0
0x205eS0xc98S0x30d	0x205eV0xc98V0x30d	0
0x2061S0xc98S0x30d	0x2061V0xc98V0x30d	0
0x2063S0xc98S0x30d	0x2063V0xc98V0x30d	0
0x2064S0xc98S0x30d	0x2064V0xc98V0x30d	0
0x2068S0xc98S0x30d	0x2068V0xc98V0x30d	0
0x1fe0S0xc98S0x30d	0x1fe0V0xc98V0x30d	0
0x1fe3S0xc98S0x30d	0x1fe3V0xc98V0x30d	0
0x1fe4S0xc98S0x30d	0x1fe4V0xc98V0x30d	0
0x1fe9S0xc98S0x30d	0x1fe9V0xc98V0x30d	0
0x1fecS0xc98S0x30d	0x1fecV0xc98V0x30d	0
0x1ff0S0xc98S0x30d	0x1ff0V0xc98V0x30d	0
0x1ff2S0xc98S0x30d	0x1ff2V0xc98V0x30d	0
0x1ff4S0xc98S0x30d	0x1ff4V0xc98V0x30d	0
0x1ff6S0xc98S0x30d	0x1ff6V0xc98V0x30d	0
0x1ff7S0xc98S0x30d	0x1ff7V0xc98V0x30d	0
0x1ff9S0xc98S0x30d	0x1ff9V0xc98V0x30d	0
0x1ffdS0xc98S0x30d	0x1ffdV0xc98V0x30d	0
0x1fffS0xc98S0x30d	0x1fffV0xc98V0x30d	0
0x2000S0xc98S0x30d	0x2000V0xc98V0x30d	0
0x2005S0xc98S0x30d	0x2005V0xc98V0x30d	0
0x200aS0xc98S0x30d	0x200aV0xc98V0x30d	0
0x200cS0xc98S0x30d	0x200cV0xc98V0x30d	0
0x200eS0xc98S0x30d	0x200eV0xc98V0x30d	0
0x2011S0xc98S0x30d	0x2011V0xc98V0x30d	0
0x2015S0xc98S0x30d	0x2015V0xc98V0x30d	0
0x2016S0xc98S0x30d	0x2016V0xc98V0x30d	0
0x201bS0xc98S0x30d	0x201bV0xc98V0x30d	0
0x201dS0xc98S0x30d	0x201dV0xc98V0x30d	0
0x2020S0xc98S0x30d	0x2020V0xc98V0x30d	0
0x2021S0xc98S0x30d	0x2021V0xc98V0x30d	0
0x2ba0S0xc98S0x30d	0x2ba0V0xc98V0x30d	0
0x2ba3S0xc98S0x30d	0x2ba3V0xc98V0x30d	0
0x2ba4S0xc98S0x30d	0x2ba4V0xc98V0x30d	0
0x2ba9S0xc98S0x30d	0x2ba9V0xc98V0x30d	0
0x2bacS0xc98S0x30d	0x2bacV0xc98V0x30d	0
0x2badS0xc98S0x30d	0x2badV0xc98V0x30d	0
0x2047S0xc98S0x30d	0x2047V0xc98V0x30d	0
0x15a40S0xc98S0x30d	0x15a40V0xc98V0x30d	0
0x2051S0xc98S0x30d	0x2051V0xc98V0x30d	0
0x70405S0xc98S0x30d	0x70405V0xc98V0x30d	0
0x70407S0xc98S0x30d	0x70407V0xc98V0x30d	0
0x7040aS0xc98S0x30d	0x7040aV0xc98V0x30d	0
0x3240S0xc98S0x30d	0x3240V0xc98V0x30d	0
0x3245S0xc98S0x30d	0x3245V0xc98V0x30d	0
0x3249S0xc98S0x30d	0x3249V0xc98V0x30d	0
0x324bS0xc98S0x30d	0x324bV0xc98V0x30d	0
0x325cS0xc98S0x30d	0x325cV0xc98V0x30d	0
0x325eS0xc98S0x30d	0x325eV0xc98V0x30d	0
0x325fS0xc98S0x30d	0x325fV0xc98V0x30d	0
0x3262S0xc98S0x30d	0x3262V0xc98V0x30d	0
0x3264S0xc98S0x30d	0x3264V0xc98V0x30d	0
0x3266S0xc98S0x30d	0x3266V0xc98V0x30d	0
0x2bb5S0xc98S0x30d	0x2bb5V0xc98V0x30d	0
0x34b2S0x2b9fS0xc98S0x30d	0x34b2V0x2b9fV0xc98V0x30d	0
0x34b6S0x2b9fS0xc98S0x30d	0x34b6V0x2b9fV0xc98V0x30d	0
0x1c840S0x2b9fS0xc98S0x30d	0x1c840V0x2b9fV0xc98V0x30d	0
0x348fS0x2b9fS0xc98S0x30d	0x348fV0x2b9fV0xc98V0x30d	0
0x1be40S0x2b9fS0xc98S0x30d	0x1be40V0x2b9fV0xc98V0x30d	0
0x34acS0x2b9fS0xc98S0x30d	0x34acV0x2b9fV0xc98V0x30d	0
0x34adS0x2b9fS0xc98S0x30d	0x34adV0x2b9fV0xc98V0x30d	0
0x34aeS0x2b9fS0xc98S0x30d	0x34aeV0x2b9fV0xc98V0x30d	0
0x34a9_0x0S0x2b9fS0xc98S0x30d	0x34a9_0x0V0x2b9fV0xc98V0x30d	0
0x3494S0x2b9fS0xc98S0x30d	0x3494V0x2b9fV0xc98V0x30d	0
0x3495S0x2b9fS0xc98S0x30d	0x3495V0x2b9fV0xc98V0x30d	0
0x3496S0x2b9fS0xc98S0x30d	0x3496V0x2b9fV0xc98V0x30d	0
0x3491_0x0S0x2b9fS0xc98S0x30d	0x3491_0x0V0x2b9fV0xc98V0x30d	0
0x349cS0x2b9fS0xc98S0x30d	0x349cV0x2b9fV0xc98V0x30d	0
0x349dS0x2b9fS0xc98S0x30d	0x349dV0x2b9fV0xc98V0x30d	0
0x34a0S0x2b9fS0xc98S0x30d	0x34a0V0x2b9fV0xc98V0x30d	0
0x34a2S0x2b9fS0xc98S0x30d	0x34a2V0x2b9fV0xc98V0x30d	0
0x34a4S0x2b9fS0xc98S0x30d	0x34a4V0x2b9fV0xc98V0x30d	0
0x34a5S0x2b9fS0xc98S0x30d	0x34a5V0x2b9fV0xc98V0x30d	0
0x349a_0x0S0x2b9fS0xc98S0x30d	0x349a_0x0V0x2b9fV0xc98V0x30d	0
0xcc5S0x331	0xcc5V0x331	0
0xcc7S0x331	0xcc7V0x331	0
0xcc8S0x331	0xcc8V0x331	0
0xcccS0x331	0xcccV0x331	0
0xcceS0x331	0xcceV0x331	0
0xcd1S0x331	0xcd1V0x331	0
0xcd3S0x331	0xcd3V0x331	0
0xcd4S0x331	0xcd4V0x331	0
0xcd8S0x331	0xcd8V0x331	0
0xca5S0x331	0xca5V0x331	0
0xca8S0x331	0xca8V0x331	0
0xcadS0x331	0xcadV0x331	0
0xcafS0x331	0xcafV0x331	0
0xcb1S0x331	0xcb1V0x331	0
0xcb3S0x331	0xcb3V0x331	0
0xcb4S0x331	0xcb4V0x331	0
0xcb5S0x331	0xcb5V0x331	0
0xcb7S0x331	0xcb7V0x331	0
0xcb9S0x331	0xcb9V0x331	0
0xcbbS0x331	0xcbbV0x331	0
0xcbdS0x331	0xcbdV0x331	0
0xcbeS0x331	0xcbeV0x331	0
0xcbfS0x331	0xcbfV0x331	0
0xcc0S0x331	0xcc0V0x331	0
0xcc1S0x331	0xcc1V0x331	0
0x472a0S0x331	0x472a0V0x331	0
0x472a2S0x331	0x472a2V0x331	0
0x472a5S0x331	0x472a5V0x331	0
0x3321S0x331	0x3321V0x331	0
0x3326S0x331	0x3326V0x331	0
0x332aS0x331	0x332aV0x331	0
0x332cS0x331	0x332cV0x331	0
0x334dS0x331	0x334dV0x331	0
0x3350S0x331	0x3350V0x331	0
0x3352S0x331	0x3352V0x331	0
0x3362S0x331	0x3362V0x331	0
0x3364S0x331	0x3364V0x331	0
0x3365S0x331	0x3365V0x331	0
0x3368S0x331	0x3368V0x331	0
0x336aS0x331	0x336aV0x331	0
0x336cS0x331	0x336cV0x331	0
0xcdd0xca4S0x331	0xca40xcddV0x331	0
0xce20xca4S0x331	0xca40xce2V0x331	0
0x1f4bS0xca4S0x331	0x1f4bV0xca4V0x331	0
0xd7bS0x371	0xd7bV0x371	0
0xd7dS0x371	0xd7dV0x371	0
0xd7eS0x371	0xd7eV0x371	0
0xd82S0x371	0xd82V0x371	0
0xd84S0x371	0xd84V0x371	0
0xd87S0x371	0xd87V0x371	0
0xd89S0x371	0xd89V0x371	0
0xd8aS0x371	0xd8aV0x371	0
0xd8eS0x371	0xd8eV0x371	0
0xda5S0x371	0xda5V0x371	0
0xda8S0x371	0xda8V0x371	0
0xda9S0x371	0xda9V0x371	0
0xdabS0x371	0xdabV0x371	0
0xdacS0x371	0xdacV0x371	0
0xdafS0x371	0xdafV0x371	0
0xdb2S0x371	0xdb2V0x371	0
0xdb3S0x371	0xdb3V0x371	0
0xdb6S0x371	0xdb6V0x371	0
0xdb7S0x371	0xdb7V0x371	0
0xdb8S0x371	0xdb8V0x371	0
0xdbaS0x371	0xdbaV0x371	0
0x10a40S0x371	0x10a40V0x371	0
0xe38S0x371	0xe38V0x371	0
0xe3bS0x371	0xe3bV0x371	0
0xe3cS0x371	0xe3cV0x371	0
0xe3fS0x371	0xe3fV0x371	0
0xe40S0x371	0xe40V0x371	0
0x11440S0x371	0x11440V0x371	0
0xd50S0x371	0xd50V0x371	0
0xd52S0x371	0xd52V0x371	0
0xd53S0x371	0xd53V0x371	0
0xd57S0x371	0xd57V0x371	0
0xd58S0x371	0xd58V0x371	0
0xd5aS0x371	0xd5aV0x371	0
0xd5cS0x371	0xd5cV0x371	0
0xd6aS0x371	0xd6aV0x371	0
0xd68_0x0S0x371	0xd68_0x0V0x371	0
0xd77S0x371	0xd77V0x371	0
0xd76_0x0S0x371	0xd76_0x0V0x371	0
0xd93S0x371	0xd93V0x371	0
0xd95S0x371	0xd95V0x371	0
0xd96S0x371	0xd96V0x371	0
0xd9aS0x371	0xd9aV0x371	0
0xd9bS0x371	0xd9bV0x371	0
0xd9dS0x371	0xd9dV0x371	0
0xd9eS0x371	0xd9eV0x371	0
0xda0S0x371	0xda0V0x371	0
0xda1S0x371	0xda1V0x371	0
0x47313S0x371	0x47313V0x371	0
0x47315S0x371	0x47315V0x371	0
0x47318S0x371	0x47318V0x371	0
0xdbeS0x371	0xdbeV0x371	0
0xdc1S0x371	0xdc1V0x371	0
0xdc6S0x371	0xdc6V0x371	0
0xdc9S0x371	0xdc9V0x371	0
0xdceS0x371	0xdceV0x371	0
0xdd1S0x371	0xdd1V0x371	0
0xdd2S0x371	0xdd2V0x371	0
0xdd4S0x371	0xdd4V0x371	0
0xdd5S0x371	0xdd5V0x371	0
0xdd6S0x371	0xdd6V0x371	0
0xddaS0x371	0xddaV0x371	0
0xddeS0x371	0xddeV0x371	0
0xddfS0x371	0xddfV0x371	0
0xde2S0x371	0xde2V0x371	0
0xde3S0x371	0xde3V0x371	0
0xde4S0x371	0xde4V0x371	0
0xde9S0x371	0xde9V0x371	0
0xdedS0x371	0xdedV0x371	0
0xdeeS0x371	0xdeeV0x371	0
0xdefS0x371	0xdefV0x371	0
0xdf3S0x371	0xdf3V0x371	0
0xdf5S0x371	0xdf5V0x371	0
0xdf7S0x371	0xdf7V0x371	0
0xdf8S0x371	0xdf8V0x371	0
0xdf9S0x371	0xdf9V0x371	0
0xdfaS0x371	0xdfaV0x371	0
0xdfbS0x371	0xdfbV0x371	0
0xdffS0x371	0xdffV0x371	0
0xe01S0x371	0xe01V0x371	0
0xe03S0x371	0xe03V0x371	0
0xe05S0x371	0xe05V0x371	0
0xe06S0x371	0xe06V0x371	0
0xe08S0x371	0xe08V0x371	0
0xe09S0x371	0xe09V0x371	0
0xe0aS0x371	0xe0aV0x371	0
0xe0bS0x371	0xe0bV0x371	0
0xe11S0x371	0xe11V0x371	0
0xe13S0x371	0xe13V0x371	0
0xe14S0x371	0xe14V0x371	0
0xe15S0x371	0xe15V0x371	0
0xe16S0x371	0xe16V0x371	0
0xe18S0x371	0xe18V0x371	0
0xe1aS0x371	0xe1aV0x371	0
0xe1bS0x371	0xe1bV0x371	0
0xe22S0x371	0xe22V0x371	0
0xe23S0x371	0xe23V0x371	0
0xe24S0x371	0xe24V0x371	0
0xe27S0x371	0xe27V0x371	0
0xe2aS0x371	0xe2aV0x371	0
0xe2cS0x371	0xe2cV0x371	0
0xe2dS0x371	0xe2dV0x371	0
0xe33S0x371	0xe33V0x371	0
0xe34S0x371	0xe34V0x371	0
0xd61S0x371	0xd61V0x371	0
0xd64S0x371	0xd64V0x371	0
0xd6fS0x371	0xd6fV0x371	0
0xd71S0x371	0xd71V0x371	0
0xd72S0x371	0xd72V0x371	0
0xd74S0x371	0xd74V0x371	0
0xd75S0x371	0xd75V0x371	0
0x10040S0x371	0x10040V0x371	0
0x303dS0xd7bS0x371	0x303dV0xd7bV0x371	0
0x3042S0xd7bS0x371	0x3042V0xd7bV0x371	0
0x3046S0xd7bS0x371	0x3046V0xd7bV0x371	0
0x3048S0xd7bS0x371	0x3048V0xd7bV0x371	0
0x3069S0xd7bS0x371	0x3069V0xd7bV0x371	0
0x306cS0xd7bS0x371	0x306cV0xd7bV0x371	0
0x306eS0xd7bS0x371	0x306eV0xd7bV0x371	0
0x307dS0xd7bS0x371	0x307dV0xd7bV0x371	0
0x307fS0xd7bS0x371	0x307fV0xd7bV0x371	0
0x3080S0xd7bS0x371	0x3080V0xd7bV0x371	0
0x3083S0xd7bS0x371	0x3083V0xd7bV0x371	0
0x3085S0xd7bS0x371	0x3085V0xd7bV0x371	0
0x3087S0xd7bS0x371	0x3087V0xd7bV0x371	0
0xc4cS0xdcdS0x371	0xc4cV0xdcdV0x371	0
0xc51S0xdcdS0x371	0xc51V0xdcdV0x371	0
0x20dbS0xd60S0x371	0x20dbV0xd60V0x371	0
0x20ddS0xd60S0x371	0x20ddV0xd60V0x371	0
0x20e0S0xd60S0x371	0x20e0V0xd60V0x371	0
0x20e1S0xd60S0x371	0x20e1V0xd60V0x371	0
0x20e6S0xd60S0x371	0x20e6V0xd60V0x371	0
0x2339S0xd60S0x371	0x2339V0xd60V0x371	0
0x233aS0xd60S0x371	0x233aV0xd60V0x371	0
0x233bS0xd60S0x371	0x233bV0xd60V0x371	0
0x10f4S0x4ac	0x10f4V0x4ac	0
0x10f6S0x4ac	0x10f6V0x4ac	0
0x10f7S0x4ac	0x10f7V0x4ac	0
0x10fbS0x4ac	0x10fbV0x4ac	0
0x10fdS0x4ac	0x10fdV0x4ac	0
0x1100S0x4ac	0x1100V0x4ac	0
0x1102S0x4ac	0x1102V0x4ac	0
0x1103S0x4ac	0x1103V0x4ac	0
0x1107S0x4ac	0x1107V0x4ac	0
0x10cdS0x4ac	0x10cdV0x4ac	0
0x10d0S0x4ac	0x10d0V0x4ac	0
0x10d5S0x4ac	0x10d5V0x4ac	0
0x10d7S0x4ac	0x10d7V0x4ac	0
0x10d9S0x4ac	0x10d9V0x4ac	0
0x10dbS0x4ac	0x10dbV0x4ac	0
0x10dcS0x4ac	0x10dcV0x4ac	0
0x10ddS0x4ac	0x10ddV0x4ac	0
0x10deS0x4ac	0x10deV0x4ac	0
0x10e1S0x4ac	0x10e1V0x4ac	0
0x10e6S0x4ac	0x10e6V0x4ac	0
0x10e8S0x4ac	0x10e8V0x4ac	0
0x10eaS0x4ac	0x10eaV0x4ac	0
0x10ecS0x4ac	0x10ecV0x4ac	0
0x10edS0x4ac	0x10edV0x4ac	0
0x10eeS0x4ac	0x10eeV0x4ac	0
0x10efS0x4ac	0x10efV0x4ac	0
0x10f0S0x4ac	0x10f0V0x4ac	0
0x110cS0x4ac	0x110cV0x4ac	0
0x110fS0x4ac	0x110fV0x4ac	0
0x1110S0x4ac	0x1110V0x4ac	0
0x1113S0x4ac	0x1113V0x4ac	0
0x1114S0x4ac	0x1114V0x4ac	0
0x1115S0x4ac	0x1115V0x4ac	0
0x1118S0x4ac	0x1118V0x4ac	0
0x111bS0x4ac	0x111bV0x4ac	0
0x111cS0x4ac	0x111cV0x4ac	0
0x111dS0x4ac	0x111dV0x4ac	0
0x1120S0x4ac	0x1120V0x4ac	0
0x1122S0x4ac	0x1122V0x4ac	0
0x1123S0x4ac	0x1123V0x4ac	0
0x1145S0x4ac	0x1145V0x4ac	0
0x114bS0x4ac	0x114bV0x4ac	0
0x54d13S0x4ac	0x54d13V0x4ac	0
0x54d15S0x4ac	0x54d15V0x4ac	0
0x54d18S0x4ac	0x54d18V0x4ac	0
0x54d3bS0x4ac	0x54d3bV0x4ac	0
0x54d3dS0x4ac	0x54d3dV0x4ac	0
0x54d40S0x4ac	0x54d40V0x4ac	0
0x625e7S0x4ac	0x625e7V0x4ac	0
0x30f9S0x10f4S0x4ac	0x30f9V0x10f4V0x4ac	0
0x3100S0x10f4S0x4ac	0x3100V0x10f4V0x4ac	0
0x3102S0x10f4S0x4ac	0x3102V0x10f4V0x4ac	0
0x3123S0x10f4S0x4ac	0x3123V0x10f4V0x4ac	0
0x3126S0x10f4S0x4ac	0x3126V0x10f4V0x4ac	0
0x3128S0x10f4S0x4ac	0x3128V0x10f4V0x4ac	0
0x312aS0x10f4S0x4ac	0x312aV0x10f4V0x4ac	0
0x1f4bS0x10ccS0x4ac	0x1f4bV0x10ccV0x4ac	0
0x10beS0x10d4S0x4ac	0x10beV0x10d4V0x4ac	0
0x10c0S0x10d4S0x4ac	0x10c0V0x10d4V0x4ac	0
0x10c1S0x10d4S0x4ac	0x10c1V0x10d4V0x4ac	0
0x10c3S0x10d4S0x4ac	0x10c3V0x10d4V0x4ac	0
0x10c5S0x10d4S0x4ac	0x10c5V0x10d4V0x4ac	0
0x10c7S0x10d4S0x4ac	0x10c7V0x10d4V0x4ac	0
0x10c8S0x10d4S0x4ac	0x10c8V0x10d4V0x4ac	0
0x10c9S0x10d4S0x4ac	0x10c9V0x10d4V0x4ac	0
0x3410S0x110bS0x4ac	0x3410V0x110bV0x4ac	0
0x3415S0x110bS0x4ac	0x3415V0x110bV0x4ac	0
0x3418S0x110bS0x4ac	0x3418V0x110bV0x4ac	0
0x341aS0x110bS0x4ac	0x341aV0x110bV0x4ac	0
0x1175S0x39498	0x1175V0x39498	0
0x117aS0x39498	0x117aV0x39498	0
0x117cS0x39498	0x117cV0x39498	0
0x117fS0x39498	0x117fV0x39498	0
0x1182S0x39498	0x1182V0x39498	0
0x1183S0x39498	0x1183V0x39498	0
0x1188S0x39498	0x1188V0x39498	0
0x2231S0x1174S0x39498	0x2231V0x1174V0x39498	0
0x2233S0x1174S0x39498	0x2233V0x1174V0x39498	0
0x2237S0x1174S0x39498	0x2237V0x1174V0x39498	0
0x2239S0x1174S0x39498	0x2239V0x1174V0x39498	0
0x223bS0x1174S0x39498	0x223bV0x1174V0x39498	0
0x223dS0x1174S0x39498	0x223dV0x1174V0x39498	0
0x223eS0x1174S0x39498	0x223eV0x1174V0x39498	0
0x2240S0x1174S0x39498	0x2240V0x1174V0x39498	0
0x2241S0x1174S0x39498	0x2241V0x1174V0x39498	0
0x2483S0x2230S0x1174S0x39498	0x2483V0x2230V0x1174V0x39498	0
0x2488S0x2230S0x1174S0x39498	0x2488V0x2230V0x1174V0x39498	0
0x248dS0x2230S0x1174S0x39498	0x248dV0x2230V0x1174V0x39498	0
0x248eS0x2230S0x1174S0x39498	0x248eV0x2230V0x1174V0x39498	0
0x2491S0x2230S0x1174S0x39498	0x2491V0x2230V0x1174V0x39498	0
0x2494S0x2230S0x1174S0x39498	0x2494V0x2230V0x1174V0x39498	0
0x2495S0x2230S0x1174S0x39498	0x2495V0x2230V0x1174V0x39498	0
0x2496S0x2230S0x1174S0x39498	0x2496V0x2230V0x1174V0x39498	0
0x2497S0x2230S0x1174S0x39498	0x2497V0x2230V0x1174V0x39498	0
0x11d9S0x582	0x11d9V0x582	0
0x11dbS0x582	0x11dbV0x582	0
0x11dcS0x582	0x11dcV0x582	0
0x11e0S0x582	0x11e0V0x582	0
0x11e2S0x582	0x11e2V0x582	0
0x11e5S0x582	0x11e5V0x582	0
0x11e7S0x582	0x11e7V0x582	0
0x11e8S0x582	0x11e8V0x582	0
0x11ecS0x582	0x11ecV0x582	0
0x1254S0x582	0x1254V0x582	0
0x1263S0x582	0x1263V0x582	0
0x1264S0x582	0x1264V0x582	0
0x1268S0x582	0x1268V0x582	0
0x1269S0x582	0x1269V0x582	0
0x11b2S0x582	0x11b2V0x582	0
0x11b5S0x582	0x11b5V0x582	0
0x11baS0x582	0x11baV0x582	0
0x11bcS0x582	0x11bcV0x582	0
0x11beS0x582	0x11beV0x582	0
0x11c0S0x582	0x11c0V0x582	0
0x11c1S0x582	0x11c1V0x582	0
0x11c2S0x582	0x11c2V0x582	0
0x11c3S0x582	0x11c3V0x582	0
0x11c6S0x582	0x11c6V0x582	0
0x11cbS0x582	0x11cbV0x582	0
0x11cdS0x582	0x11cdV0x582	0
0x11cfS0x582	0x11cfV0x582	0
0x11d1S0x582	0x11d1V0x582	0
0x11d2S0x582	0x11d2V0x582	0
0x11d3S0x582	0x11d3V0x582	0
0x11d4S0x582	0x11d4V0x582	0
0x11d5S0x582	0x11d5V0x582	0
0x11f1S0x582	0x11f1V0x582	0
0x11f6S0x582	0x11f6V0x582	0
0x11f8S0x582	0x11f8V0x582	0
0x11fbS0x582	0x11fbV0x582	0
0x1200S0x582	0x1200V0x582	0
0x1202S0x582	0x1202V0x582	0
0x1203S0x582	0x1203V0x582	0
0x1205S0x582	0x1205V0x582	0
0x1207S0x582	0x1207V0x582	0
0x1209S0x582	0x1209V0x582	0
0x120aS0x582	0x120aV0x582	0
0x120bS0x582	0x120bV0x582	0
0x120cS0x582	0x120cV0x582	0
0x120dS0x582	0x120dV0x582	0
0x120fS0x582	0x120fV0x582	0
0x1211S0x582	0x1211V0x582	0
0x1213S0x582	0x1213V0x582	0
0x1214S0x582	0x1214V0x582	0
0x1216S0x582	0x1216V0x582	0
0x1219S0x582	0x1219V0x582	0
0x121eS0x582	0x121eV0x582	0
0x121fS0x582	0x121fV0x582	0
0x1224S0x582	0x1224V0x582	0
0x1226S0x582	0x1226V0x582	0
0x1229S0x582	0x1229V0x582	0
0x122fS0x582	0x122fV0x582	0
0x1237S0x582	0x1237V0x582	0
0x1239S0x582	0x1239V0x582	0
0x123aS0x582	0x123aV0x582	0
0x62674S0x582	0x62674V0x582	0
0x62676S0x582	0x62676V0x582	0
0x62679S0x582	0x62679V0x582	0
0x123fS0x582	0x123fV0x582	0
0x1241S0x582	0x1241V0x582	0
0x1243S0x582	0x1243V0x582	0
0x1246S0x582	0x1246V0x582	0
0x1248S0x582	0x1248V0x582	0
0x124cS0x582	0x124cV0x582	0
0x124dS0x582	0x124dV0x582	0
0x124fS0x582	0x124fV0x582	0
0x1250S0x582	0x1250V0x582	0
0x2c0bS0x582	0x2c0bV0x582	0
0x2c0dS0x582	0x2c0dV0x582	0
0x2c0fS0x582	0x2c0fV0x582	0
0x2c11S0x582	0x2c11V0x582	0
0x2c12S0x582	0x2c12V0x582	0
0x2c13S0x582	0x2c13V0x582	0
0x2c14S0x582	0x2c14V0x582	0
0x2c17S0x582	0x2c17V0x582	0
0x2c19S0x582	0x2c19V0x582	0
0x2c1bS0x582	0x2c1bV0x582	0
0x125aS0x582	0x125aV0x582	0
0x125bS0x582	0x125bV0x582	0
0x125cS0x582	0x125cV0x582	0
0x125eS0x582	0x125eV0x582	0
0x125fS0x582	0x125fV0x582	0
0x30f9S0x11d9S0x582	0x30f9V0x11d9V0x582	0
0x3100S0x11d9S0x582	0x3100V0x11d9V0x582	0
0x3102S0x11d9S0x582	0x3102V0x11d9V0x582	0
0x3123S0x11d9S0x582	0x3123V0x11d9V0x582	0
0x3126S0x11d9S0x582	0x3126V0x11d9V0x582	0
0x3128S0x11d9S0x582	0x3128V0x11d9V0x582	0
0x312aS0x11d9S0x582	0x312aV0x11d9V0x582	0
0x1f4bS0x11b1S0x582	0x1f4bV0x11b1V0x582	0
0x10beS0x11b9S0x582	0x10beV0x11b9V0x582	0
0x10c0S0x11b9S0x582	0x10c0V0x11b9V0x582	0
0x10c1S0x11b9S0x582	0x10c1V0x11b9V0x582	0
0x10c3S0x11b9S0x582	0x10c3V0x11b9V0x582	0
0x10c5S0x11b9S0x582	0x10c5V0x11b9V0x582	0
0x10c7S0x11b9S0x582	0x10c7V0x11b9V0x582	0
0x10c8S0x11b9S0x582	0x10c8V0x11b9V0x582	0
0x10c9S0x11b9S0x582	0x10c9V0x11b9V0x582	0
0x1ba9S0x6d1	0x1ba9V0x6d1	0
0x1babS0x6d1	0x1babV0x6d1	0
0x1bacS0x6d1	0x1bacV0x6d1	0
0x1bb0S0x6d1	0x1bb0V0x6d1	0
0x1bb2S0x6d1	0x1bb2V0x6d1	0
0x1bb5S0x6d1	0x1bb5V0x6d1	0
0x1bb7S0x6d1	0x1bb7V0x6d1	0
0x1bb8S0x6d1	0x1bb8V0x6d1	0
0x1bbcS0x6d1	0x1bbcV0x6d1	0
0x1c02S0x6d1	0x1c02V0x6d1	0
0x1c11S0x6d1	0x1c11V0x6d1	0
0x1c12S0x6d1	0x1c12V0x6d1	0
0x1c16S0x6d1	0x1c16V0x6d1	0
0x1c17S0x6d1	0x1c17V0x6d1	0
0x1b82S0x6d1	0x1b82V0x6d1	0
0x1b85S0x6d1	0x1b85V0x6d1	0
0x1b8aS0x6d1	0x1b8aV0x6d1	0
0x1b8cS0x6d1	0x1b8cV0x6d1	0
0x1b8eS0x6d1	0x1b8eV0x6d1	0
0x1b90S0x6d1	0x1b90V0x6d1	0
0x1b91S0x6d1	0x1b91V0x6d1	0
0x1b92S0x6d1	0x1b92V0x6d1	0
0x1b93S0x6d1	0x1b93V0x6d1	0
0x1b96S0x6d1	0x1b96V0x6d1	0
0x1b9bS0x6d1	0x1b9bV0x6d1	0
0x1b9dS0x6d1	0x1b9dV0x6d1	0
0x1b9fS0x6d1	0x1b9fV0x6d1	0
0x1ba1S0x6d1	0x1ba1V0x6d1	0
0x1ba2S0x6d1	0x1ba2V0x6d1	0
0x1ba3S0x6d1	0x1ba3V0x6d1	0
0x1ba4S0x6d1	0x1ba4V0x6d1	0
0x1ba5S0x6d1	0x1ba5V0x6d1	0
0x1bc1S0x6d1	0x1bc1V0x6d1	0
0x1bc3S0x6d1	0x1bc3V0x6d1	0
0x1bc4S0x6d1	0x1bc4V0x6d1	0
0x1bc9S0x6d1	0x1bc9V0x6d1	0
0x1bcbS0x6d1	0x1bcbV0x6d1	0
0x1bceS0x6d1	0x1bceV0x6d1	0
0x1bd0S0x6d1	0x1bd0V0x6d1	0
0x1bd2S0x6d1	0x1bd2V0x6d1	0
0x1bd4S0x6d1	0x1bd4V0x6d1	0
0x1bd5S0x6d1	0x1bd5V0x6d1	0
0x1bd7S0x6d1	0x1bd7V0x6d1	0
0x1bd9S0x6d1	0x1bd9V0x6d1	0
0x1bdfS0x6d1	0x1bdfV0x6d1	0
0x1be5S0x6d1	0x1be5V0x6d1	0
0x1be7S0x6d1	0x1be7V0x6d1	0
0x1be8S0x6d1	0x1be8V0x6d1	0
0x702a3S0x6d1	0x702a3V0x6d1	0
0x702a5S0x6d1	0x702a5V0x6d1	0
0x702a8S0x6d1	0x702a8V0x6d1	0
0x1bedS0x6d1	0x1bedV0x6d1	0
0x1befS0x6d1	0x1befV0x6d1	0
0x1bf1S0x6d1	0x1bf1V0x6d1	0
0x1bf4S0x6d1	0x1bf4V0x6d1	0
0x1bf6S0x6d1	0x1bf6V0x6d1	0
0x1bfaS0x6d1	0x1bfaV0x6d1	0
0x1bfbS0x6d1	0x1bfbV0x6d1	0
0x1bfdS0x6d1	0x1bfdV0x6d1	0
0x1bfeS0x6d1	0x1bfeV0x6d1	0
0x1c08S0x6d1	0x1c08V0x6d1	0
0x1c09S0x6d1	0x1c09V0x6d1	0
0x1c0aS0x6d1	0x1c0aV0x6d1	0
0x1c0cS0x6d1	0x1c0cV0x6d1	0
0x1c0dS0x6d1	0x1c0dV0x6d1	0
0x30f9S0x1ba9S0x6d1	0x30f9V0x1ba9V0x6d1	0
0x3100S0x1ba9S0x6d1	0x3100V0x1ba9V0x6d1	0
0x3102S0x1ba9S0x6d1	0x3102V0x1ba9V0x6d1	0
0x3123S0x1ba9S0x6d1	0x3123V0x1ba9V0x6d1	0
0x3126S0x1ba9S0x6d1	0x3126V0x1ba9V0x6d1	0
0x3128S0x1ba9S0x6d1	0x3128V0x1ba9V0x6d1	0
0x312aS0x1ba9S0x6d1	0x312aV0x1ba9V0x6d1	0
0x1f4bS0x1b81S0x6d1	0x1f4bV0x1b81V0x6d1	0
0x10beS0x1b89S0x6d1	0x10beV0x1b89V0x6d1	0
0x10c0S0x1b89S0x6d1	0x10c0V0x1b89V0x6d1	0
0x10c1S0x1b89S0x6d1	0x10c1V0x1b89V0x6d1	0
0x10c3S0x1b89S0x6d1	0x10c3V0x1b89V0x6d1	0
0x10c5S0x1b89S0x6d1	0x10c5V0x1b89V0x6d1	0
0x10c7S0x1b89S0x6d1	0x10c7V0x1b89V0x6d1	0
0x10c8S0x1b89S0x6d1	0x10c8V0x1b89V0x6d1	0
0x10c9S0x1b89S0x6d1	0x10c9V0x1b89V0x6d1	0
0x2bbcS0x1bc0S0x6d1	0x2bbcV0x1bc0V0x6d1	0
0x2bbeS0x1bc0S0x6d1	0x2bbeV0x1bc0V0x6d1	0
0x2bc0S0x1bc0S0x6d1	0x2bc0V0x1bc0V0x6d1	0
0x2bc2S0x1bc0S0x6d1	0x2bc2V0x1bc0V0x6d1	0
0x2bc3S0x1bc0S0x6d1	0x2bc3V0x1bc0V0x6d1	0
0x2bc7S0x1bc0S0x6d1	0x2bc7V0x1bc0V0x6d1	0
0x2bcaS0x1bc0S0x6d1	0x2bcaV0x1bc0V0x6d1	0
0x2bccS0x1bc0S0x6d1	0x2bccV0x1bc0V0x6d1	0
0x1c2fS0x713	0x1c2fV0x713	0
0x1c32S0x713	0x1c32V0x713	0
0x1c37S0x713	0x1c37V0x713	0
0x1c3aS0x713	0x1c3aV0x713	0
0x1c3fS0x713	0x1c3fV0x713	0
0x1c44S0x713	0x1c44V0x713	0
0x1c46S0x713	0x1c46V0x713	0
0x1c48S0x713	0x1c48V0x713	0
0x1c4aS0x713	0x1c4aV0x713	0
0x1c4bS0x713	0x1c4bV0x713	0
0x1c4dS0x713	0x1c4dV0x713	0
0x1c4eS0x713	0x1c4eV0x713	0
0x1c53S0x713	0x1c53V0x713	0
0x1c55S0x713	0x1c55V0x713	0
0x1c5aS0x713	0x1c5aV0x713	0
0x1c5eS0x713	0x1c5eV0x713	0
0x1c68S0x713	0x1c68V0x713	0
0x1c6aS0x713	0x1c6aV0x713	0
0x1c6bS0x713	0x1c6bV0x713	0
0x1c6eS0x713	0x1c6eV0x713	0
0x1c73S0x713	0x1c73V0x713	0
0x1c7bS0x713	0x1c7bV0x713	0
0x1c7dS0x713	0x1c7dV0x713	0
0x1c7eS0x713	0x1c7eV0x713	0
0x1c81S0x713	0x1c81V0x713	0
0x1c82S0x713	0x1c82V0x713	0
0x1c83S0x713	0x1c83V0x713	0
0x1c89S0x713	0x1c89V0x713	0
0x1c8cS0x713	0x1c8cV0x713	0
0x1c8dS0x713	0x1c8dV0x713	0
0x1c8eS0x713	0x1c8eV0x713	0
0x1c97S0x713	0x1c97V0x713	0
0x1c98S0x713	0x1c98V0x713	0
0x1c9cS0x713	0x1c9cV0x713	0
0x1c9dS0x713	0x1c9dV0x713	0
0x1c9fS0x713	0x1c9fV0x713	0
0x1ca1S0x713	0x1ca1V0x713	0
0x1ca3S0x713	0x1ca3V0x713	0
0x1ca4S0x713	0x1ca4V0x713	0
0x1ca5S0x713	0x1ca5V0x713	0
0x1ca6S0x713	0x1ca6V0x713	0
0x1ca9S0x713	0x1ca9V0x713	0
0x1cabS0x713	0x1cabV0x713	0
0x1cadS0x713	0x1cadV0x713	0
0x1cafS0x713	0x1cafV0x713	0
0x1cb1S0x713	0x1cb1V0x713	0
0x1cb2S0x713	0x1cb2V0x713	0
0x1cb4S0x713	0x1cb4V0x713	0
0x1cb5S0x713	0x1cb5V0x713	0
0x1cb8S0x713	0x1cb8V0x713	0
0x1cbaS0x713	0x1cbaV0x713	0
0x1cbcS0x713	0x1cbcV0x713	0
0x1cbeS0x713	0x1cbeV0x713	0
0x1cc0S0x713	0x1cc0V0x713	0
0x1cc1S0x713	0x1cc1V0x713	0
0x1cc7S0x713	0x1cc7V0x713	0
0x1cc8S0x713	0x1cc8V0x713	0
0x1cccS0x713	0x1cccV0x713	0
0x1cd0S0x713	0x1cd0V0x713	0
0x1cd5S0x713	0x1cd5V0x713	0
0x2689S0x1c2eS0x713	0x2689V0x1c2eV0x713	0
0x268cS0x1c2eS0x713	0x268cV0x1c2eV0x713	0
0x268dS0x1c2eS0x713	0x268dV0x1c2eV0x713	0
0x2690S0x1c2eS0x713	0x2690V0x1c2eV0x713	0
0x2695S0x1c2eS0x713	0x2695V0x1c2eV0x713	0
0x2699S0x1c2eS0x713	0x2699V0x1c2eV0x713	0
0x269bS0x1c2eS0x713	0x269bV0x1c2eV0x713	0
0x269eS0x1c2eS0x713	0x269eV0x1c2eV0x713	0
0x26a2S0x1c2eS0x713	0x26a2V0x1c2eV0x713	0
0x26a5S0x1c2eS0x713	0x26a5V0x1c2eV0x713	0
0x26a9S0x1c2eS0x713	0x26a9V0x1c2eV0x713	0
0x26adS0x1c2eS0x713	0x26adV0x1c2eV0x713	0
0x1276S0x1c36S0x713	0x1276V0x1c36V0x713	0
0x1280S0x1c36S0x713	0x1280V0x1c36V0x713	0
0x1285S0x1c36S0x713	0x1285V0x1c36V0x713	0
0x1286S0x1c36S0x713	0x1286V0x1c36V0x713	0
0x1287S0x1c36S0x713	0x1287V0x1c36V0x713	0
0x128bS0x1c36S0x713	0x128bV0x1c36V0x713	0
0x128cS0x1c36S0x713	0x128cV0x1c36V0x713	0
0x2246S0x1c93S0x713	0x2246V0x1c93V0x713	0
0x224aS0x1c93S0x713	0x224aV0x1c93V0x713	0
0x224cS0x1c93S0x713	0x224cV0x1c93V0x713	0
0x224dS0x1c93S0x713	0x224dV0x1c93V0x713	0
0x224eS0x1c93S0x713	0x224eV0x1c93V0x713	0
0x2250S0x1c93S0x713	0x2250V0x1c93V0x713	0
0x2252S0x1c93S0x713	0x2252V0x1c93V0x713	0
0x2254S0x1c93S0x713	0x2254V0x1c93V0x713	0
0x2255S0x1c93S0x713	0x2255V0x1c93V0x713	0
0x2256S0x1c93S0x713	0x2256V0x1c93V0x713	0
0x2257S0x1c93S0x713	0x2257V0x1c93V0x713	0
0x225bS0x1c93S0x713	0x225bV0x1c93V0x713	0
0x225eS0x1c93S0x713	0x225e_0x0V0x1c93V0x713	0
0x2260S0x1c93S0x713	0x2260V0x1c93V0x713	0
0x2261S0x1c93S0x713	0x2261V0x1c93V0x713	0
0x1175S0x47208	0x1175V0x47208	0
0x117aS0x47208	0x117aV0x47208	0
0x117cS0x47208	0x117cV0x47208	0
0x117fS0x47208	0x117fV0x47208	0
0x1182S0x47208	0x1182V0x47208	0
0x1183S0x47208	0x1183V0x47208	0
0x1188S0x47208	0x1188V0x47208	0
0x2231S0x1174S0x47208	0x2231V0x1174V0x47208	0
0x2233S0x1174S0x47208	0x2233V0x1174V0x47208	0
0x2237S0x1174S0x47208	0x2237V0x1174V0x47208	0
0x2239S0x1174S0x47208	0x2239V0x1174V0x47208	0
0x223bS0x1174S0x47208	0x223bV0x1174V0x47208	0
0x223dS0x1174S0x47208	0x223dV0x1174V0x47208	0
0x223eS0x1174S0x47208	0x223eV0x1174V0x47208	0
0x2240S0x1174S0x47208	0x2240V0x1174V0x47208	0
0x2241S0x1174S0x47208	0x2241V0x1174V0x47208	0
0x2483S0x2230S0x1174S0x47208	0x2483V0x2230V0x1174V0x47208	0
0x2488S0x2230S0x1174S0x47208	0x2488V0x2230V0x1174V0x47208	0
0x248dS0x2230S0x1174S0x47208	0x248dV0x2230V0x1174V0x47208	0
0x248eS0x2230S0x1174S0x47208	0x248eV0x2230V0x1174V0x47208	0
0x2491S0x2230S0x1174S0x47208	0x2491V0x2230V0x1174V0x47208	0
0x2494S0x2230S0x1174S0x47208	0x2494V0x2230V0x1174V0x47208	0
0x2495S0x2230S0x1174S0x47208	0x2495V0x2230V0x1174V0x47208	0
0x2496S0x2230S0x1174S0x47208	0x2496V0x2230V0x1174V0x47208	0
0x2497S0x2230S0x1174S0x47208	0x2497V0x2230V0x1174V0x47208	0
0x1175S0x628f1	0x1175V0x628f1	0
0x117aS0x628f1	0x117aV0x628f1	0
0x117cS0x628f1	0x117cV0x628f1	0
0x117fS0x628f1	0x117fV0x628f1	0
0x1182S0x628f1	0x1182V0x628f1	0
0x1183S0x628f1	0x1183V0x628f1	0
0x1188S0x628f1	0x1188V0x628f1	0
0x2231S0x1174S0x628f1	0x2231V0x1174V0x628f1	0
0x2233S0x1174S0x628f1	0x2233V0x1174V0x628f1	0
0x2237S0x1174S0x628f1	0x2237V0x1174V0x628f1	0
0x2239S0x1174S0x628f1	0x2239V0x1174V0x628f1	0
0x223bS0x1174S0x628f1	0x223bV0x1174V0x628f1	0
0x223dS0x1174S0x628f1	0x223dV0x1174V0x628f1	0
0x223eS0x1174S0x628f1	0x223eV0x1174V0x628f1	0
0x2240S0x1174S0x628f1	0x2240V0x1174V0x628f1	0
0x2241S0x1174S0x628f1	0x2241V0x1174V0x628f1	0
0x2483S0x2230S0x1174S0x628f1	0x2483V0x2230V0x1174V0x628f1	0
0x2488S0x2230S0x1174S0x628f1	0x2488V0x2230V0x1174V0x628f1	0
0x248dS0x2230S0x1174S0x628f1	0x248dV0x2230V0x1174V0x628f1	0
0x248eS0x2230S0x1174S0x628f1	0x248eV0x2230V0x1174V0x628f1	0
0x2491S0x2230S0x1174S0x628f1	0x2491V0x2230V0x1174V0x628f1	0
0x2494S0x2230S0x1174S0x628f1	0x2494V0x2230V0x1174V0x628f1	0
0x2495S0x2230S0x1174S0x628f1	0x2495V0x2230V0x1174V0x628f1	0
0x2496S0x2230S0x1174S0x628f1	0x2496V0x2230V0x1174V0x628f1	0
0x2497S0x2230S0x1174S0x628f1	0x2497V0x2230V0x1174V0x628f1	0
0x22f7S0x1d25	0x22f7V0x1d25	0
0x22f9S0x1d25	0x22f9V0x1d25	0
0x22faS0x1d25	0x22faV0x1d25	0
0x22feS0x1d25	0x22feV0x1d25	0
0x2300S0x1d25	0x2300V0x1d25	0
0x2303S0x1d25	0x2303V0x1d25	0
0x2305S0x1d25	0x2305V0x1d25	0
0x2306S0x1d25	0x2306V0x1d25	0
0x230aS0x1d25	0x230aV0x1d25	0
0x22eaS0x1d25	0x22eaV0x1d25	0
0x22eeS0x1d25	0x22eeV0x1d25	0
0x22f1S0x1d25	0x22f1V0x1d25	0
0x22f2S0x1d25	0x22f2V0x1d25	0
0x22f3S0x1d25	0x22f3V0x1d25	0
0x705f3S0x1d25	0x705f3V0x1d25	0
0x705f5S0x1d25	0x705f5V0x1d25	0
0x705f8S0x1d25	0x705f8V0x1d25	0
0x2e91S0x1d25	0x2e91V0x1d25	0
0x2e96S0x1d25	0x2e96V0x1d25	0
0x2e9aS0x1d25	0x2e9aV0x1d25	0
0x2e9cS0x1d25	0x2e9cV0x1d25	0
0x2ebdS0x1d25	0x2ebdV0x1d25	0
0x2ec0S0x1d25	0x2ec0V0x1d25	0
0x2ec2S0x1d25	0x2ec2V0x1d25	0
0x2ec4S0x1d25	0x2ec4V0x1d25	0
0x230fS0x1f76	0x230fV0x1f76	0
0x2311S0x1f76	0x2311V0x1f76	0
0x2315S0x1f76	0x2315V0x1f76	0
0x2317S0x1f76	0x2317V0x1f76	0
0x2319S0x1f76	0x2319V0x1f76	0
0x231bS0x1f76	0x231bV0x1f76	0
0x231cS0x1f76	0x231cV0x1f76	0
0x231eS0x1f76	0x231eV0x1f76	0
0x231fS0x1f76	0x231fV0x1f76	0
0x230eS0x7061a_0S0x1f76	0x2322_0x0V0x7061a_0V0x1f76	0
0x249fS0x230eS0x1f76	0x249fV0x230eV0x1f76	0
0x24a1S0x230eS0x1f76	0x24a1V0x230eV0x1f76	0
0x24a6S0x230eS0x1f76	0x24a6V0x230eV0x1f76	0
0x24abS0x230eS0x1f76	0x24abV0x230eV0x1f76	0
0x24e2S0x230eS0x1f76	0x24e2V0x230eV0x1f76	0
0x24e4S0x230eS0x1f76	0x24e4V0x230eV0x1f76	0
0x24b1S0x230eS0x1f76	0x24b1V0x230eV0x1f76	0
0x24b2S0x230eS0x1f76	0x24b2V0x230eV0x1f76	0
0x24b6S0x230eS0x1f76	0x24b6V0x230eV0x1f76	0
0x24b9S0x230eS0x1f76	0x24b9V0x230eV0x1f76	0
0x24beS0x230eS0x1f76	0x24beV0x230eV0x1f76	0
0x24c2S0x230eS0x1f76	0x24c2V0x230eV0x1f76	0
0x24c5S0x230eS0x1f76	0x24c5V0x230eV0x1f76	0
0x24caS0x230eS0x1f76	0x24caV0x230eV0x1f76	0
0x24d0S0x230eS0x1f76	0x24d0V0x230eV0x1f76	0
0x24d4S0x230eS0x1f76	0x24d4V0x230eV0x1f76	0
0x24d7S0x230eS0x1f76	0x24d7V0x230eV0x1f76	0
0x24dcS0x230eS0x1f76	0x24dcV0x230eV0x1f76	0
0x2483S0x249eS0x230eS0x1f76	0x2483V0x249eV0x230eV0x1f76	0
0x2488S0x249eS0x230eS0x1f76	0x2488V0x249eV0x230eV0x1f76	0
0x248dS0x249eS0x230eS0x1f76	0x248dV0x249eV0x230eV0x1f76	0
0x248eS0x249eS0x230eS0x1f76	0x248eV0x249eV0x230eV0x1f76	0
0x2491S0x249eS0x230eS0x1f76	0x2491V0x249eV0x230eV0x1f76	0
0x2494S0x249eS0x230eS0x1f76	0x2494V0x249eV0x230eV0x1f76	0
0x2495S0x249eS0x230eS0x1f76	0x2495V0x249eV0x230eV0x1f76	0
0x2496S0x249eS0x230eS0x1f76	0x2496V0x249eV0x230eV0x1f76	0
0x2497S0x249eS0x230eS0x1f76	0x2497V0x249eV0x230eV0x1f76	0
0x1175S0x9b8	0x1175V0x9b8	0
0x117aS0x9b8	0x117aV0x9b8	0
0x117cS0x9b8	0x117cV0x9b8	0
0x117fS0x9b8	0x117fV0x9b8	0
0x1182S0x9b8	0x1182V0x9b8	0
0x1183S0x9b8	0x1183V0x9b8	0
0x1188S0x9b8	0x1188V0x9b8	0
0x2231S0x1174S0x9b8	0x2231V0x1174V0x9b8	0
0x2233S0x1174S0x9b8	0x2233V0x1174V0x9b8	0
0x2237S0x1174S0x9b8	0x2237V0x1174V0x9b8	0
0x2239S0x1174S0x9b8	0x2239V0x1174V0x9b8	0
0x223bS0x1174S0x9b8	0x223bV0x1174V0x9b8	0
0x223dS0x1174S0x9b8	0x223dV0x1174V0x9b8	0
0x223eS0x1174S0x9b8	0x223eV0x1174V0x9b8	0
0x2240S0x1174S0x9b8	0x2240V0x1174V0x9b8	0
0x2241S0x1174S0x9b8	0x2241V0x1174V0x9b8	0
0x2483S0x2230S0x1174S0x9b8	0x2483V0x2230V0x1174V0x9b8	0
0x2488S0x2230S0x1174S0x9b8	0x2488V0x2230V0x1174V0x9b8	0
0x248dS0x2230S0x1174S0x9b8	0x248dV0x2230V0x1174V0x9b8	0
0x248eS0x2230S0x1174S0x9b8	0x248eV0x2230V0x1174V0x9b8	0
0x2491S0x2230S0x1174S0x9b8	0x2491V0x2230V0x1174V0x9b8	0
0x2494S0x2230S0x1174S0x9b8	0x2494V0x2230V0x1174V0x9b8	0
0x2495S0x2230S0x1174S0x9b8	0x2495V0x2230V0x1174V0x9b8	0
0x2496S0x2230S0x1174S0x9b8	0x2496V0x2230V0x1174V0x9b8	0
0x2497S0x2230S0x1174S0x9b8	0x2497V0x2230V0x1174V0x9b8	0
0xe93S0x3de	0xe93V0x3de	0
0xe95S0x3de	0xe95V0x3de	0
0xe98S0x3de	0xe98V0x3de	0
0xe9bS0x3de	0xe9bV0x3de	0
0xe9cS0x3de	0xe9cV0x3de	0
0xe9eS0x3de	0xe9eV0x3de	0
0xea8S0x3de	0xea8V0x3de	0
0x119fdaS0x3de	0x119fdaV0x3de	0
0x1175S0xe92S0x3de	0x1175V0xe92V0x3de	0
0x117aS0xe92S0x3de	0x117aV0xe92V0x3de	0
0x117cS0xe92S0x3de	0x117cV0xe92V0x3de	0
0x117fS0xe92S0x3de	0x117fV0xe92V0x3de	0
0x1182S0xe92S0x3de	0x1182V0xe92V0x3de	0
0x1183S0xe92S0x3de	0x1183V0xe92V0x3de	0
0x1188S0xe92S0x3de	0x1188V0xe92V0x3de	0
0x2231S0x1174S0xe92S0x3de	0x2231V0x1174V0xe92V0x3de	0
0x2233S0x1174S0xe92S0x3de	0x2233V0x1174V0xe92V0x3de	0
0x2237S0x1174S0xe92S0x3de	0x2237V0x1174V0xe92V0x3de	0
0x2239S0x1174S0xe92S0x3de	0x2239V0x1174V0xe92V0x3de	0
0x223bS0x1174S0xe92S0x3de	0x223bV0x1174V0xe92V0x3de	0
0x223dS0x1174S0xe92S0x3de	0x223dV0x1174V0xe92V0x3de	0
0x223eS0x1174S0xe92S0x3de	0x223eV0x1174V0xe92V0x3de	0
0x2240S0x1174S0xe92S0x3de	0x2240V0x1174V0xe92V0x3de	0
0x2241S0x1174S0xe92S0x3de	0x2241V0x1174V0xe92V0x3de	0
0x2483S0x2230S0x1174S0xe92S0x3de	0x2483V0x2230V0x1174V0xe92V0x3de	0
0x2488S0x2230S0x1174S0xe92S0x3de	0x2488V0x2230V0x1174V0xe92V0x3de	0
0x248dS0x2230S0x1174S0xe92S0x3de	0x248dV0x2230V0x1174V0xe92V0x3de	0
0x248eS0x2230S0x1174S0xe92S0x3de	0x248eV0x2230V0x1174V0xe92V0x3de	0
0x2491S0x2230S0x1174S0xe92S0x3de	0x2491V0x2230V0x1174V0xe92V0x3de	0
0x2494S0x2230S0x1174S0xe92S0x3de	0x2494V0x2230V0x1174V0xe92V0x3de	0
0x2495S0x2230S0x1174S0xe92S0x3de	0x2495V0x2230V0x1174V0xe92V0x3de	0
0x2496S0x2230S0x1174S0xe92S0x3de	0x2496V0x2230V0x1174V0xe92V0x3de	0
0x2497S0x2230S0x1174S0xe92S0x3de	0x2497V0x2230V0x1174V0xe92V0x3de	0
0xeddS0x420	0xeddV0x420	0
0xedfS0x420	0xedfV0x420	0
0xee0S0x420	0xee0V0x420	0
0xee4S0x420	0xee4V0x420	0
0xee6S0x420	0xee6V0x420	0
0xee9S0x420	0xee9V0x420	0
0xeebS0x420	0xeebV0x420	0
0xeecS0x420	0xeecV0x420	0
0xef0S0x420	0xef0V0x420	0
0xf11S0x420	0xf11V0x420	0
0xf13S0x420	0xf13V0x420	0
0xf14S0x420	0xf14V0x420	0
0xf18S0x420	0xf18V0x420	0
0xf1aS0x420	0xf1aV0x420	0
0xf1dS0x420	0xf1dV0x420	0
0xf1fS0x420	0xf1fV0x420	0
0xf20S0x420	0xf20V0x420	0
0xf24S0x420	0xf24V0x420	0
0xeb6S0x420	0xeb6V0x420	0
0xeb9S0x420	0xeb9V0x420	0
0xebeS0x420	0xebeV0x420	0
0xec0S0x420	0xec0V0x420	0
0xec2S0x420	0xec2V0x420	0
0xec4S0x420	0xec4V0x420	0
0xec5S0x420	0xec5V0x420	0
0xec6S0x420	0xec6V0x420	0
0xec7S0x420	0xec7V0x420	0
0xecaS0x420	0xecaV0x420	0
0xecfS0x420	0xecfV0x420	0
0xed1S0x420	0xed1V0x420	0
0xed3S0x420	0xed3V0x420	0
0xed5S0x420	0xed5V0x420	0
0xed6S0x420	0xed6V0x420	0
0xed7S0x420	0xed7V0x420	0
0xed8S0x420	0xed8V0x420	0
0xed9S0x420	0xed9V0x420	0
0xef5S0x420	0xef5V0x420	0
0xef8S0x420	0xef8V0x420	0
0xefbS0x420	0xefbV0x420	0
0xefcS0x420	0xefcV0x420	0
0xefeS0x420	0xefeV0x420	0
0xf08S0x420	0xf08V0x420	0
0x11b3daS0x420	0x11b3daV0x420	0
0x47386S0x420	0x47386V0x420	0
0x47388S0x420	0x47388V0x420	0
0x4738bS0x420	0x4738bV0x420	0
0xf0dS0x420	0xf0dV0x420	0
0xf29S0x420	0xf29V0x420	0
0xf2cS0x420	0xf2cV0x420	0
0xf2fS0x420	0xf2fV0x420	0
0xf30S0x420	0xf30V0x420	0
0xf32S0x420	0xf32V0x420	0
0xf3cS0x420	0xf3cV0x420	0
0x11c7daS0x420	0x11c7daV0x420	0
0x473aeS0x420	0x473aeV0x420	0
0x473b0S0x420	0x473b0V0x420	0
0x473b3S0x420	0x473b3V0x420	0
0x2fbbS0x420	0x2fbbV0x420	0
0x2fc0S0x420	0x2fc0V0x420	0
0x2fc4S0x420	0x2fc4V0x420	0
0x2fc6S0x420	0x2fc6V0x420	0
0x2fe7S0x420	0x2fe7V0x420	0
0x2feaS0x420	0x2feaV0x420	0
0x2fecS0x420	0x2fecV0x420	0
0x2feeS0x420	0x2feeV0x420	0
0xf41S0x420	0xf41V0x420	0
0xf63S0x420	0xf63V0x420	0
0xf65S0x420	0xf65V0x420	0
0xf66S0x420	0xf66V0x420	0
0xf6bS0x420	0xf6bV0x420	0
0x473d6S0x420	0x473d6V0x420	0
0x473d8S0x420	0x473d8V0x420	0
0x473dbS0x420	0x473dbV0x420	0
0x54c82S0x420	0x54c82V0x420	0
0x30f9S0xeddS0x420	0x30f9V0xeddV0x420	0
0x3100S0xeddS0x420	0x3100V0xeddV0x420	0
0x3102S0xeddS0x420	0x3102V0xeddV0x420	0
0x3123S0xeddS0x420	0x3123V0xeddV0x420	0
0x3126S0xeddS0x420	0x3126V0xeddV0x420	0
0x3128S0xeddS0x420	0x3128V0xeddV0x420	0
0x312aS0xeddS0x420	0x312aV0xeddV0x420	0
0x1f4bS0xeb5S0x420	0x1f4bV0xeb5V0x420	0
0x10beS0xebdS0x420	0x10beV0xebdV0x420	0
0x10c0S0xebdS0x420	0x10c0V0xebdV0x420	0
0x10c1S0xebdS0x420	0x10c1V0xebdV0x420	0
0x10c3S0xebdS0x420	0x10c3V0xebdV0x420	0
0x10c5S0xebdS0x420	0x10c5V0xebdV0x420	0
0x10c7S0xebdS0x420	0x10c7V0xebdV0x420	0
0x10c8S0xebdS0x420	0x10c8V0xebdV0x420	0
0x10c9S0xebdS0x420	0x10c9V0xebdV0x420	0
0x2bbcS0xf40S0x420	0x2bbcV0xf40V0x420	0
0x2bbeS0xf40S0x420	0x2bbeV0xf40V0x420	0
0x2bc0S0xf40S0x420	0x2bc0V0xf40V0x420	0
0x2bc2S0xf40S0x420	0x2bc2V0xf40V0x420	0
0x2bc3S0xf40S0x420	0x2bc3V0xf40V0x420	0
0x2bc7S0xf40S0x420	0x2bc7V0xf40V0x420	0
0x2bcaS0xf40S0x420	0x2bcaV0xf40V0x420	0
0x2bccS0xf40S0x420	0x2bccV0xf40V0x420	0
0x1175S0xef4S0x420	0x1175V0xef4V0x420	0
0x117aS0xef4S0x420	0x117aV0xef4V0x420	0
0x117cS0xef4S0x420	0x117cV0xef4V0x420	0
0x117fS0xef4S0x420	0x117fV0xef4V0x420	0
0x1182S0xef4S0x420	0x1182V0xef4V0x420	0
0x1183S0xef4S0x420	0x1183V0xef4V0x420	0
0x1188S0xef4S0x420	0x1188V0xef4V0x420	0
0x2231S0x1174S0xef4S0x420	0x2231V0x1174V0xef4V0x420	0
0x2233S0x1174S0xef4S0x420	0x2233V0x1174V0xef4V0x420	0
0x2237S0x1174S0xef4S0x420	0x2237V0x1174V0xef4V0x420	0
0x2239S0x1174S0xef4S0x420	0x2239V0x1174V0xef4V0x420	0
0x223bS0x1174S0xef4S0x420	0x223bV0x1174V0xef4V0x420	0
0x223dS0x1174S0xef4S0x420	0x223dV0x1174V0xef4V0x420	0
0x223eS0x1174S0xef4S0x420	0x223eV0x1174V0xef4V0x420	0
0x2240S0x1174S0xef4S0x420	0x2240V0x1174V0xef4V0x420	0
0x2241S0x1174S0xef4S0x420	0x2241V0x1174V0xef4V0x420	0
0x2483S0x2230S0x1174S0xef4S0x420	0x2483V0x2230V0x1174V0xef4V0x420	0
0x2488S0x2230S0x1174S0xef4S0x420	0x2488V0x2230V0x1174V0xef4V0x420	0
0x248dS0x2230S0x1174S0xef4S0x420	0x248dV0x2230V0x1174V0xef4V0x420	0
0x248eS0x2230S0x1174S0xef4S0x420	0x248eV0x2230V0x1174V0xef4V0x420	0
0x2491S0x2230S0x1174S0xef4S0x420	0x2491V0x2230V0x1174V0xef4V0x420	0
0x2494S0x2230S0x1174S0xef4S0x420	0x2494V0x2230V0x1174V0xef4V0x420	0
0x2495S0x2230S0x1174S0xef4S0x420	0x2495V0x2230V0x1174V0xef4V0x420	0
0x2496S0x2230S0x1174S0xef4S0x420	0x2496V0x2230V0x1174V0xef4V0x420	0
0x2497S0x2230S0x1174S0xef4S0x420	0x2497V0x2230V0x1174V0xef4V0x420	0
0x17e2S0x64f	0x17e2V0x64f	0
0x17e4S0x64f	0x17e4V0x64f	0
0x17e5S0x64f	0x17e5V0x64f	0
0x17e9S0x64f	0x17e9V0x64f	0
0x17ebS0x64f	0x17ebV0x64f	0
0x17eeS0x64f	0x17eeV0x64f	0
0x17f0S0x64f	0x17f0V0x64f	0
0x17f1S0x64f	0x17f1V0x64f	0
0x17f5S0x64f	0x17f5V0x64f	0
0x1805S0x64f	0x1805V0x64f	0
0x1807S0x64f	0x1807V0x64f	0
0x1808S0x64f	0x1808V0x64f	0
0x180cS0x64f	0x180cV0x64f	0
0x180eS0x64f	0x180eV0x64f	0
0x1811S0x64f	0x1811V0x64f	0
0x1813S0x64f	0x1813V0x64f	0
0x1814S0x64f	0x1814V0x64f	0
0x1818S0x64f	0x1818V0x64f	0
0x18a9S0x64f	0x18a9V0x64f	0
0x18abS0x64f	0x18abV0x64f	0
0x18acS0x64f	0x18acV0x64f	0
0x18b0S0x64f	0x18b0V0x64f	0
0x18b2S0x64f	0x18b2V0x64f	0
0x18b5S0x64f	0x18b5V0x64f	0
0x18b7S0x64f	0x18b7V0x64f	0
0x18b8S0x64f	0x18b8V0x64f	0
0x18bcS0x64f	0x18bcV0x64f	0
0x18d3S0x64f	0x18d3V0x64f	0
0x18d5S0x64f	0x18d5V0x64f	0
0x18d6S0x64f	0x18d6V0x64f	0
0x18dbS0x64f	0x18dbV0x64f	0
0x18ddS0x64f	0x18ddV0x64f	0
0x18e0S0x64f	0x18e0V0x64f	0
0x18e2S0x64f	0x18e2V0x64f	0
0x18e4S0x64f	0x18e4V0x64f	0
0x18e6S0x64f	0x18e6V0x64f	0
0x18e7S0x64f	0x18e7V0x64f	0
0x18e9S0x64f	0x18e9V0x64f	0
0x18ebS0x64f	0x18ebV0x64f	0
0x18f1S0x64f	0x18f1V0x64f	0
0x18fbS0x64f	0x18fbV0x64f	0
0x18fdS0x64f	0x18fdV0x64f	0
0x18feS0x64f	0x18feV0x64f	0
0x1918S0x64f	0x1918V0x64f	0
0x1927S0x64f	0x1927V0x64f	0
0x1928S0x64f	0x1928V0x64f	0
0x192cS0x64f	0x192cV0x64f	0
0x192dS0x64f	0x192dV0x64f	0
0x197fS0x64f	0x197fV0x64f	0
0x1999S0x64f	0x1999V0x64f	0
0x199cS0x64f	0x199cV0x64f	0
0x199dS0x64f	0x199dV0x64f	0
0x19a1S0x64f	0x19a1V0x64f	0
0x19a3S0x64f	0x19a3V0x64f	0
0x19a6S0x64f	0x19a6V0x64f	0
0x19a8S0x64f	0x19a8V0x64f	0
0x19a9S0x64f	0x19a9V0x64f	0
0x19abS0x64f	0x19abV0x64f	0
0x19acS0x64f	0x19acV0x64f	0
0x19adS0x64f	0x19adV0x64f	0
0x19afS0x64f	0x19afV0x64f	0
0x19b0S0x64f	0x19b0V0x64f	0
0x19b3S0x64f	0x19b3V0x64f	0
0x19b6S0x64f	0x19b6V0x64f	0
0x19b7S0x64f	0x19b7V0x64f	0
0x19b9S0x64f	0x19b9V0x64f	0
0x19bcS0x64f	0x19bcV0x64f	0
0x19beS0x64f	0x19beV0x64f	0
0x17c6S0x64f	0x17c6V0x64f	0
0x17c9S0x64f	0x17c9V0x64f	0
0x17ccS0x64f	0x17ccV0x64f	0
0x17cdS0x64f	0x17cdV0x64f	0
0x17cfS0x64f	0x17cfV0x64f	0
0x17d8S0x64f	0x17d8V0x64f	0
0x17d9S0x64f	0x17d9V0x64f	0
0x1253daS0x64f	0x1253daV0x64f	0
0x17deS0x64f	0x17deV0x64f	0
0x17faS0x64f	0x17faV0x64f	0
0x17fcS0x64f	0x17fcV0x64f	0
0x17fdS0x64f	0x17fdV0x64f	0
0x17ffS0x64f	0x17ffV0x64f	0
0x1800S0x64f	0x1800V0x64f	0
0x1801S0x64f	0x1801V0x64f	0
0x62853S0x64f	0x62853V0x64f	0
0x62855S0x64f	0x62855V0x64f	0
0x62858S0x64f	0x62858V0x64f	0
0x181dS0x64f	0x181dV0x64f	0
0x1822S0x64f	0x1822V0x64f	0
0x1824S0x64f	0x1824V0x64f	0
0x1827S0x64f	0x1827V0x64f	0
0x182aS0x64f	0x182aV0x64f	0
0x182bS0x64f	0x182bV0x64f	0
0x182cS0x64f	0x182cV0x64f	0
0x182eS0x64f	0x182eV0x64f	0
0x1830S0x64f	0x1830V0x64f	0
0x1832S0x64f	0x1832V0x64f	0
0x1833S0x64f	0x1833V0x64f	0
0x1834S0x64f	0x1834V0x64f	0
0x1836S0x64f	0x1836V0x64f	0
0x183bS0x64f	0x183bV0x64f	0
0x6287bS0x64f	0x6287bV0x64f	0
0x6287dS0x64f	0x6287dV0x64f	0
0x62880S0x64f	0x62880V0x64f	0
0x1842S0x64f	0x1842V0x64f	0
0x1847S0x64f	0x1847V0x64f	0
0x1849S0x64f	0x1849V0x64f	0
0x184aS0x64f	0x184aV0x64f	0
0x184cS0x64f	0x184cV0x64f	0
0x184dS0x64f	0x184dV0x64f	0
0x1854S0x64f	0x1854V0x64f	0
0x1859S0x64f	0x1859V0x64f	0
0x185cS0x64f	0x185cV0x64f	0
0x185dS0x64f	0x185dV0x64f	0
0x185fS0x64f	0x185fV0x64f	0
0x1862S0x64f	0x1862V0x64f	0
0x1863S0x64f	0x1863V0x64f	0
0x186aS0x64f	0x186aV0x64f	0
0x186bS0x64f	0x186bV0x64f	0
0x186fS0x64f	0x186fV0x64f	0
0x1870S0x64f	0x1870V0x64f	0
0x1871S0x64f	0x1871V0x64f	0
0x1873S0x64f	0x1873V0x64f	0
0x1875S0x64f	0x1875V0x64f	0
0x1877S0x64f	0x1877V0x64f	0
0x1878S0x64f	0x1878V0x64f	0
0x187aS0x64f	0x187aV0x64f	0
0x187bS0x64f	0x187bV0x64f	0
0x1880S0x64f	0x1880V0x64f	0
0x1886S0x64f	0x1886V0x64f	0
0x188eS0x64f	0x188eV0x64f	0
0x1892S0x64f	0x1892V0x64f	0
0x1895S0x64f	0x1895V0x64f	0
0x1896S0x64f	0x1896V0x64f	0
0x1898S0x64f	0x1898V0x64f	0
0x1899S0x64f	0x1899V0x64f	0
0x189cS0x64f	0x189cV0x64f	0
0x189dS0x64f	0x189dV0x64f	0
0x189eS0x64f	0x189eV0x64f	0
0x18a4S0x64f	0x18a4V0x64f	0
0x18a5S0x64f	0x18a5V0x64f	0
0x18c2S0x64f	0x18c2V0x64f	0
0x18c3S0x64f	0x18c3V0x64f	0
0x18c5S0x64f	0x18c5V0x64f	0
0x18c6S0x64f	0x18c6V0x64f	0
0x18c7S0x64f	0x18c7V0x64f	0
0x18c9S0x64f	0x18c9V0x64f	0
0x18ceS0x64f	0x18ceV0x64f	0
0x18cfS0x64f	0x18cfV0x64f	0
0x628a3S0x64f	0x628a3V0x64f	0
0x628a5S0x64f	0x628a5V0x64f	0
0x628a8S0x64f	0x628a8V0x64f	0
0x312eS0x64f	0x312eV0x64f	0
0x3133S0x64f	0x3133V0x64f	0
0x3137S0x64f	0x3137V0x64f	0
0x3139S0x64f	0x3139V0x64f	0
0x315aS0x64f	0x315aV0x64f	0
0x315dS0x64f	0x315dV0x64f	0
0x315fS0x64f	0x315fV0x64f	0
0x3169S0x64f	0x3169V0x64f	0
0x316bS0x64f	0x316bV0x64f	0
0x316cS0x64f	0x316cV0x64f	0
0x316fS0x64f	0x316fV0x64f	0
0x3171S0x64f	0x3171V0x64f	0
0x3173S0x64f	0x3173V0x64f	0
0x193aS0x64f	0x193aV0x64f	0
0x193cS0x64f	0x193cV0x64f	0
0x193dS0x64f	0x193dV0x64f	0
0x1942S0x64f	0x1942V0x64f	0
0x1944S0x64f	0x1944V0x64f	0
0x1947S0x64f	0x1947V0x64f	0
0x1949S0x64f	0x1949V0x64f	0
0x194bS0x64f	0x194bV0x64f	0
0x194dS0x64f	0x194dV0x64f	0
0x194eS0x64f	0x194eV0x64f	0
0x1950S0x64f	0x1950V0x64f	0
0x1952S0x64f	0x1952V0x64f	0
0x1958S0x64f	0x1958V0x64f	0
0x1962S0x64f	0x1962V0x64f	0
0x1964S0x64f	0x1964V0x64f	0
0x1965S0x64f	0x1965V0x64f	0
0x1903S0x64f	0x1903V0x64f	0
0x1905S0x64f	0x1905V0x64f	0
0x1907S0x64f	0x1907V0x64f	0
0x190aS0x64f	0x190aV0x64f	0
0x190cS0x64f	0x190cV0x64f	0
0x1910S0x64f	0x1910V0x64f	0
0x1911S0x64f	0x1911V0x64f	0
0x1913S0x64f	0x1913V0x64f	0
0x1914S0x64f	0x1914V0x64f	0
0x191eS0x64f	0x191eV0x64f	0
0x191fS0x64f	0x191fV0x64f	0
0x1920S0x64f	0x1920V0x64f	0
0x1922S0x64f	0x1922V0x64f	0
0x1923S0x64f	0x1923V0x64f	0
0x1935S0x64f	0x1935V0x64f	0
0x1a17S0x64f	0x1a17V0x64f	0
0x1a1aS0x64f	0x1a1aV0x64f	0
0x1a1bS0x64f	0x1a1bV0x64f	0
0x1a1dS0x64f	0x1a1dV0x64f	0
0x1a28S0x64f	0x1a28V0x64f	0
0x1a2bS0x64f	0x1a2bV0x64f	0
0x1a2dS0x64f	0x1a2dV0x64f	0
0x1a2eS0x64f	0x1a2eV0x64f	0
0x1a36S0x64f	0x1a36V0x64f	0
0x1267daS0x64f	0x1267daV0x64f	0
0x196aS0x64f	0x196aV0x64f	0
0x196cS0x64f	0x196cV0x64f	0
0x196eS0x64f	0x196eV0x64f	0
0x1971S0x64f	0x1971V0x64f	0
0x1973S0x64f	0x1973V0x64f	0
0x1977S0x64f	0x1977V0x64f	0
0x1978S0x64f	0x1978V0x64f	0
0x197aS0x64f	0x197aV0x64f	0
0x197bS0x64f	0x197bV0x64f	0
0x1985S0x64f	0x1985V0x64f	0
0x1986S0x64f	0x1986V0x64f	0
0x198cS0x64f	0x198cV0x64f	0
0x198dS0x64f	0x198dV0x64f	0
0x1995S0x64f	0x1995V0x64f	0
0x1994_0x0S0x64f	0x1994_0x0V0x64f	0
0x19c3S0x64f	0x19c3V0x64f	0
0x14640S0x64f	0x14640V0x64f	0
0x19caS0x64f	0x19caV0x64f	0
0x19cbS0x64f	0x19cbV0x64f	0
0x19cdS0x64f	0x19cdV0x64f	0
0x19ceS0x64f	0x19ceV0x64f	0
0x19cfS0x64f	0x19cfV0x64f	0
0x19d1S0x64f	0x19d1V0x64f	0
0x19d4S0x64f	0x19d4V0x64f	0
0x19d6S0x64f	0x19d6V0x64f	0
0x19d7S0x64f	0x19d7V0x64f	0
0x19f9S0x64f	0x19f9V0x64f	0
0x19ffS0x64f	0x19ffV0x64f	0
0x1a04S0x64f	0x1a04V0x64f	0
0x1a06S0x64f	0x1a06V0x64f	0
0x1a09S0x64f	0x1a09V0x64f	0
0x1a12S0x64f	0x1a12V0x64f	0
0x2c77S0x64f	0x2c77V0x64f	0
0x2c79S0x64f	0x2c79V0x64f	0
0x2c7eS0x64f	0x2c7eV0x64f	0
0x2c80S0x64f	0x2c80V0x64f	0
0x2c83S0x64f	0x2c83V0x64f	0
0x2c85S0x64f	0x2c85V0x64f	0
0x2c89S0x64f	0x2c89V0x64f	0
0x2c8cS0x64f	0x2c8cV0x64f	0
0x2c8dS0x64f	0x2c8dV0x64f	0
0x2c90S0x64f	0x2c90V0x64f	0
0x2c91S0x64f	0x2c91V0x64f	0
0x2c76_0x1S0x64f	0x2c76_0x1V0x64f	0
0x1a3bS0x64f	0x1a3bV0x64f	0
0x1a3dS0x64f	0x1a3dV0x64f	0
0x1a40S0x64f	0x1a40V0x64f	0
0x15040S0x64f	0x15040V0x64f	0
0x2c96S0x64f	0x2c96V0x64f	0
0x2c98S0x64f	0x2c98V0x64f	0
0x2c99S0x64f	0x2c99V0x64f	0
0x2c9bS0x64f	0x2c9bV0x64f	0
0x2c9cS0x64f	0x2c9cV0x64f	0
0x2ca0S0x64f	0x2ca0V0x64f	0
0x2ca1S0x64f	0x2ca1V0x64f	0
0x2ca3S0x64f	0x2ca3V0x64f	0
0x1992S0x64f	0x1992V0x64f	0
0x13c40S0x64f	0x13c40V0x64f	0
0x326aS0x17e2S0x64f	0x326aV0x17e2V0x64f	0
0x326fS0x17e2S0x64f	0x326fV0x17e2V0x64f	0
0x3273S0x17e2S0x64f	0x3273V0x17e2V0x64f	0
0x3275S0x17e2S0x64f	0x3275V0x17e2V0x64f	0
0x3296S0x17e2S0x64f	0x3296V0x17e2V0x64f	0
0x3299S0x17e2S0x64f	0x3299V0x17e2V0x64f	0
0x329bS0x17e2S0x64f	0x329bV0x17e2V0x64f	0
0x329eS0x17e2S0x64f	0x329eV0x17e2V0x64f	0
0x32a0S0x17e2S0x64f	0x32a0V0x17e2V0x64f	0
0x32a1S0x17e2S0x64f	0x32a1V0x17e2V0x64f	0
0x32a4S0x17e2S0x64f	0x32a4V0x17e2V0x64f	0
0x32a6S0x17e2S0x64f	0x32a6V0x17e2V0x64f	0
0x32a8S0x17e2S0x64f	0x32a8V0x17e2V0x64f	0
0x2d3bS0x1805S0x64f	0x2d3bV0x1805V0x64f	0
0x2d40S0x1805S0x64f	0x2d40V0x1805V0x64f	0
0x2d44S0x1805S0x64f	0x2d44V0x1805V0x64f	0
0x2d46S0x1805S0x64f	0x2d46V0x1805V0x64f	0
0x2d67S0x1805S0x64f	0x2d67V0x1805V0x64f	0
0x2d6aS0x1805S0x64f	0x2d6aV0x1805V0x64f	0
0x2d6cS0x1805S0x64f	0x2d6cV0x1805V0x64f	0
0x2d8dS0x1805S0x64f	0x2d8dV0x1805V0x64f	0
0x2d90S0x1805S0x64f	0x2d90V0x1805V0x64f	0
0x2d92S0x1805S0x64f	0x2d92V0x1805V0x64f	0
0x2d98S0x1805S0x64f	0x2d98V0x1805V0x64f	0
0x2d9aS0x1805S0x64f	0x2d9aV0x1805V0x64f	0
0x2d9bS0x1805S0x64f	0x2d9bV0x1805V0x64f	0
0x2d9eS0x1805S0x64f	0x2d9eV0x1805V0x64f	0
0x2da0S0x1805S0x64f	0x2da0V0x1805V0x64f	0
0x2da2S0x1805S0x64f	0x2da2V0x1805V0x64f	0
0x1276S0x181cS0x64f	0x1276V0x181cV0x64f	0
0x1280S0x181cS0x64f	0x1280V0x181cV0x64f	0
0x1285S0x181cS0x64f	0x1285V0x181cV0x64f	0
0x1286S0x181cS0x64f	0x1286V0x181cV0x64f	0
0x1287S0x181cS0x64f	0x1287V0x181cV0x64f	0
0x128bS0x181cS0x64f	0x128bV0x181cV0x64f	0
0x128cS0x181cS0x64f	0x128cV0x181cV0x64f	0
0x2b74S0x183fS0x64f	0x2b74V0x183fV0x64f	0
0x2b76S0x183fS0x64f	0x2b76V0x183fV0x64f	0
0x2b83S0x183fS0x64f	0x2b83V0x183fV0x64f	0
0x2b85S0x183fS0x64f	0x2b85V0x183fV0x64f	0
0x2b87S0x183fS0x64f	0x2b87V0x183fV0x64f	0
0x2b88S0x183fS0x64f	0x2b88V0x183fV0x64f	0
0x2b8dS0x183fS0x64f	0x2b8dV0x183fV0x64f	0
0x2b90S0x183fS0x64f	0x2b90V0x183fV0x64f	0
0x2b93S0x183fS0x64f	0x2b93V0x183fV0x64f	0
0x2b94S0x183fS0x64f	0x2b94V0x183fV0x64f	0
0x2b96S0x183fS0x64f	0x2b96V0x183fV0x64f	0
0x34b2S0x2c76S0x64f	0x34b2V0x2c76V0x64f	0
0x34b6S0x2c76S0x64f	0x34b6V0x2c76V0x64f	0
0x1c840S0x2c76S0x64f	0x1c840V0x2c76V0x64f	0
0x348fS0x2c76S0x64f	0x348fV0x2c76V0x64f	0
0x1be40S0x2c76S0x64f	0x1be40V0x2c76V0x64f	0
0x34acS0x2c76S0x64f	0x34acV0x2c76V0x64f	0
0x34adS0x2c76S0x64f	0x34adV0x2c76V0x64f	0
0x34aeS0x2c76S0x64f	0x34aeV0x2c76V0x64f	0
0x34a9_0x0S0x2c76S0x64f	0x34a9_0x0V0x2c76V0x64f	0
0x3494S0x2c76S0x64f	0x3494V0x2c76V0x64f	0
0x3495S0x2c76S0x64f	0x3495V0x2c76V0x64f	0
0x3496S0x2c76S0x64f	0x3496V0x2c76V0x64f	0
0x3491_0x0S0x2c76S0x64f	0x3491_0x0V0x2c76V0x64f	0
0x349cS0x2c76S0x64f	0x349cV0x2c76V0x64f	0
0x349dS0x2c76S0x64f	0x349dV0x2c76V0x64f	0
0x34a0S0x2c76S0x64f	0x34a0V0x2c76V0x64f	0
0x34a2S0x2c76S0x64f	0x34a2V0x2c76V0x64f	0
0x34a4S0x2c76S0x64f	0x34a4V0x2c76V0x64f	0
0x34a5S0x2c76S0x64f	0x34a5V0x2c76V0x64f	0
0x349a_0x0S0x2c76S0x64f	0x349a_0x0V0x2c76V0x64f	0
0x2c54S0x18d3S0x64f	0x2c54V0x18d3V0x64f	0
0x2c59S0x18d3S0x64f	0x2c59V0x18d3V0x64f	0
0x2c5bS0x18d3S0x64f	0x2c5bV0x18d3V0x64f	0
0x2c5eS0x18d3S0x64f	0x2c5eV0x18d3V0x64f	0
0x2c60S0x18d3S0x64f	0x2c60V0x18d3V0x64f	0
0x2c63S0x18d3S0x64f	0x2c63V0x18d3V0x64f	0
0x2c66S0x18d3S0x64f	0x2c66V0x18d3V0x64f	0
0x2c69S0x18d3S0x64f	0x2c69V0x18d3V0x64f	0
0x2b4aS0x2c53S0x18d3S0x64f	0x2b4aV0x2c53V0x18d3V0x64f	0
0x2b51S0x2c53S0x18d3S0x64f	0x2b51V0x2c53V0x18d3V0x64f	0
0x2b54S0x2c53S0x18d3S0x64f	0x2b54V0x2c53V0x18d3V0x64f	0
0x2b57S0x2c53S0x18d3S0x64f	0x2b57V0x2c53V0x18d3V0x64f	0
0x2b5bS0x2c53S0x18d3S0x64f	0x2b5bV0x2c53V0x18d3V0x64f	0
0x2b5cS0x2c53S0x18d3S0x64f	0x2b5cV0x2c53V0x18d3V0x64f	0
0x2b5eS0x2c53S0x18d3S0x64f	0x2b5eV0x2c53V0x18d3V0x64f	0
0x2b60S0x2c53S0x18d3S0x64f	0x2b60V0x2c53V0x18d3V0x64f	0
0x2b62S0x2c53S0x18d3S0x64f	0x2b62V0x2c53V0x18d3V0x64f	0
0x2b63S0x2c53S0x18d3S0x64f	0x2b63V0x2c53V0x18d3V0x64f	0
0x2b66S0x2c53S0x18d3S0x64f	0x2b66V0x2c53V0x18d3V0x64f	0
0x2b67S0x2c53S0x18d3S0x64f	0x2b67V0x2c53V0x18d3V0x64f	0
0x2b69S0x2c53S0x18d3S0x64f	0x2b69V0x2c53V0x18d3V0x64f	0
0x2b6aS0x2c53S0x18d3S0x64f	0x2b6aV0x2c53V0x18d3V0x64f	0
0x2c54S0x1939S0x64f	0x2c54V0x1939V0x64f	0
0x2c59S0x1939S0x64f	0x2c59V0x1939V0x64f	0
0x2c5bS0x1939S0x64f	0x2c5bV0x1939V0x64f	0
0x2c5eS0x1939S0x64f	0x2c5eV0x1939V0x64f	0
0x2c60S0x1939S0x64f	0x2c60V0x1939V0x64f	0
0x2c63S0x1939S0x64f	0x2c63V0x1939V0x64f	0
0x2c66S0x1939S0x64f	0x2c66V0x1939V0x64f	0
0x2c69S0x1939S0x64f	0x2c69V0x1939V0x64f	0
0x2b4aS0x2c53S0x1939S0x64f	0x2b4aV0x2c53V0x1939V0x64f	0
0x2b51S0x2c53S0x1939S0x64f	0x2b51V0x2c53V0x1939V0x64f	0
0x2b54S0x2c53S0x1939S0x64f	0x2b54V0x2c53V0x1939V0x64f	0
0x2b57S0x2c53S0x1939S0x64f	0x2b57V0x2c53V0x1939V0x64f	0
0x2b5bS0x2c53S0x1939S0x64f	0x2b5bV0x2c53V0x1939V0x64f	0
0x2b5cS0x2c53S0x1939S0x64f	0x2b5cV0x2c53V0x1939V0x64f	0
0x2b5eS0x2c53S0x1939S0x64f	0x2b5eV0x2c53V0x1939V0x64f	0
0x2b60S0x2c53S0x1939S0x64f	0x2b60V0x2c53V0x1939V0x64f	0
0x2b62S0x2c53S0x1939S0x64f	0x2b62V0x2c53V0x1939V0x64f	0
0x2b63S0x2c53S0x1939S0x64f	0x2b63V0x2c53V0x1939V0x64f	0
0x2b66S0x2c53S0x1939S0x64f	0x2b66V0x2c53V0x1939V0x64f	0
0x2b67S0x2c53S0x1939S0x64f	0x2b67V0x2c53V0x1939V0x64f	0
0x2b69S0x2c53S0x1939S0x64f	0x2b69V0x2c53V0x1939V0x64f	0
0x2b6aS0x2c53S0x1939S0x64f	0x2b6aV0x2c53V0x1939V0x64f	0
0x345bS0x1a16S0x64f	0x345bV0x1a16V0x64f	0
0x345eS0x1a16S0x64f	0x345eV0x1a16V0x64f	0
0x3461S0x1a16S0x64f	0x3461V0x1a16V0x64f	0
0x3463S0x1a16S0x64f	0x3463V0x1a16V0x64f	0
0x3465S0x1a16S0x64f	0x3465V0x1a16V0x64f	0
0x3467S0x1a16S0x64f	0x3467V0x1a16V0x64f	0
0x3468S0x1a16S0x64f	0x3468V0x1a16V0x64f	0
0x346aS0x1a16S0x64f	0x346aV0x1a16V0x64f	0
0x346bS0x1a16S0x64f	0x346bV0x1a16V0x64f	0
0x346eS0x1a16S0x64f	0x346eV0x1a16V0x64f	0
0x3470S0x1a16S0x64f	0x3470V0x1a16V0x64f	0
0x3473S0x1a16S0x64f	0x3473V0x1a16V0x64f	0
0x3474S0x1a16S0x64f	0x3474V0x1a16V0x64f	0
0x3478S0x1a16S0x64f	0x3478V0x1a16V0x64f	0
0x347dS0x1a16S0x64f	0x347dV0x1a16V0x64f	0
0x3480S0x1a16S0x64f	0x3480V0x1a16V0x64f	0
0x3485S0x1a16S0x64f	0x3485V0x1a16V0x64f	0
0x3487S0x1a16S0x64f	0x3487V0x1a16V0x64f	0
0x34bfS0x345aS0x1a16S0x64f	0x34bfV0x345aV0x1a16V0x64f	0
0x34c2S0x345aS0x1a16S0x64f	0x34c2V0x345aV0x1a16V0x64f	0
0x34c3S0x345aS0x1a16S0x64f	0x34c3V0x345aV0x1a16V0x64f	0
0x1175S0x17c5S0x64f	0x1175V0x17c5V0x64f	0
0x117aS0x17c5S0x64f	0x117aV0x17c5V0x64f	0
0x117cS0x17c5S0x64f	0x117cV0x17c5V0x64f	0
0x117fS0x17c5S0x64f	0x117fV0x17c5V0x64f	0
0x1182S0x17c5S0x64f	0x1182V0x17c5V0x64f	0
0x1183S0x17c5S0x64f	0x1183V0x17c5V0x64f	0
0x1188S0x17c5S0x64f	0x1188V0x17c5V0x64f	0
0x2231S0x1174S0x17c5S0x64f	0x2231V0x1174V0x17c5V0x64f	0
0x2233S0x1174S0x17c5S0x64f	0x2233V0x1174V0x17c5V0x64f	0
0x2237S0x1174S0x17c5S0x64f	0x2237V0x1174V0x17c5V0x64f	0
0x2239S0x1174S0x17c5S0x64f	0x2239V0x1174V0x17c5V0x64f	0
0x223bS0x1174S0x17c5S0x64f	0x223bV0x1174V0x17c5V0x64f	0
0x223dS0x1174S0x17c5S0x64f	0x223dV0x1174V0x17c5V0x64f	0
0x223eS0x1174S0x17c5S0x64f	0x223eV0x1174V0x17c5V0x64f	0
0x2240S0x1174S0x17c5S0x64f	0x2240V0x1174V0x17c5V0x64f	0
0x2241S0x1174S0x17c5S0x64f	0x2241V0x1174V0x17c5V0x64f	0
0x2483S0x2230S0x1174S0x17c5S0x64f	0x2483V0x2230V0x1174V0x17c5V0x64f	0
0x2488S0x2230S0x1174S0x17c5S0x64f	0x2488V0x2230V0x1174V0x17c5V0x64f	0
0x248dS0x2230S0x1174S0x17c5S0x64f	0x248dV0x2230V0x1174V0x17c5V0x64f	0
0x248eS0x2230S0x1174S0x17c5S0x64f	0x248eV0x2230V0x1174V0x17c5V0x64f	0
0x2491S0x2230S0x1174S0x17c5S0x64f	0x2491V0x2230V0x1174V0x17c5V0x64f	0
0x2494S0x2230S0x1174S0x17c5S0x64f	0x2494V0x2230V0x1174V0x17c5V0x64f	0
0x2495S0x2230S0x1174S0x17c5S0x64f	0x2495V0x2230V0x1174V0x17c5V0x64f	0
0x2496S0x2230S0x1174S0x17c5S0x64f	0x2496V0x2230V0x1174V0x17c5V0x64f	0
0x2497S0x2230S0x1174S0x17c5S0x64f	0x2497V0x2230V0x1174V0x17c5V0x64f	0
0x1ab2S0x68f	0x1ab2V0x68f	0
0x1ab4S0x68f	0x1ab4V0x68f	0
0x1ab5S0x68f	0x1ab5V0x68f	0
0x1ab9S0x68f	0x1ab9V0x68f	0
0x1abbS0x68f	0x1abbV0x68f	0
0x1abeS0x68f	0x1abeV0x68f	0
0x1ac0S0x68f	0x1ac0V0x68f	0
0x1ac1S0x68f	0x1ac1V0x68f	0
0x1ac5S0x68f	0x1ac5V0x68f	0
0x1ae7S0x68f	0x1ae7V0x68f	0
0x1ae9S0x68f	0x1ae9V0x68f	0
0x1aeaS0x68f	0x1aeaV0x68f	0
0x1aeeS0x68f	0x1aeeV0x68f	0
0x1af0S0x68f	0x1af0V0x68f	0
0x1af3S0x68f	0x1af3V0x68f	0
0x1af5S0x68f	0x1af5V0x68f	0
0x1af6S0x68f	0x1af6V0x68f	0
0x1afaS0x68f	0x1afaV0x68f	0
0x1b0eS0x68f	0x1b0eV0x68f	0
0x1b10S0x68f	0x1b10V0x68f	0
0x1b11S0x68f	0x1b11V0x68f	0
0x1b15S0x68f	0x1b15V0x68f	0
0x1b17S0x68f	0x1b17V0x68f	0
0x1b1aS0x68f	0x1b1aV0x68f	0
0x1b1cS0x68f	0x1b1cV0x68f	0
0x1b1dS0x68f	0x1b1dV0x68f	0
0x1b21S0x68f	0x1b21V0x68f	0
0x1a8bS0x68f	0x1a8bV0x68f	0
0x1a8eS0x68f	0x1a8eV0x68f	0
0x1a93S0x68f	0x1a93V0x68f	0
0x1a95S0x68f	0x1a95V0x68f	0
0x1a97S0x68f	0x1a97V0x68f	0
0x1a99S0x68f	0x1a99V0x68f	0
0x1a9aS0x68f	0x1a9aV0x68f	0
0x1a9bS0x68f	0x1a9bV0x68f	0
0x1a9cS0x68f	0x1a9cV0x68f	0
0x1a9fS0x68f	0x1a9fV0x68f	0
0x1aa4S0x68f	0x1aa4V0x68f	0
0x1aa6S0x68f	0x1aa6V0x68f	0
0x1aa8S0x68f	0x1aa8V0x68f	0
0x1aaaS0x68f	0x1aaaV0x68f	0
0x1aabS0x68f	0x1aabV0x68f	0
0x1aacS0x68f	0x1aacV0x68f	0
0x1aadS0x68f	0x1aadV0x68f	0
0x1aaeS0x68f	0x1aaeV0x68f	0
0x1acaS0x68f	0x1acaV0x68f	0
0x1acdS0x68f	0x1acdV0x68f	0
0x1ad0S0x68f	0x1ad0V0x68f	0
0x1ad1S0x68f	0x1ad1V0x68f	0
0x1ad3S0x68f	0x1ad3V0x68f	0
0x1addS0x68f	0x1addV0x68f	0
0x127bdaS0x68f	0x127bdaV0x68f	0
0x6293eS0x68f	0x6293eV0x68f	0
0x62940S0x68f	0x62940V0x68f	0
0x62943S0x68f	0x62943V0x68f	0
0x1ae2S0x68f	0x1ae2V0x68f	0
0x1ae3S0x68f	0x1ae3V0x68f	0
0x1affS0x68f	0x1affV0x68f	0
0x1b01S0x68f	0x1b01V0x68f	0
0x1b04S0x68f	0x1b04V0x68f	0
0x1b07S0x68f	0x1b07_0x0V0x68f	0
0x62966S0x68f	0x62966V0x68f	0
0x62968S0x68f	0x62968V0x68f	0
0x6296bS0x68f	0x6296bV0x68f	0
0x2da6S0x68f	0x2da6V0x68f	0
0x2dabS0x68f	0x2dabV0x68f	0
0x2dafS0x68f	0x2dafV0x68f	0
0x2db1S0x68f	0x2db1V0x68f	0
0x2dd2S0x68f	0x2dd2V0x68f	0
0x2dd5S0x68f	0x2dd5V0x68f	0
0x2dd7S0x68f	0x2dd7V0x68f	0
0x2dd9S0x68f	0x2dd9V0x68f	0
0x1b09S0x68f	0x1b09V0x68f	0
0x1b0aS0x68f	0x1b0aV0x68f	0
0x1b26S0x68f	0x1b26V0x68f	0
0x1b29S0x68f	0x1b29V0x68f	0
0x1b2cS0x68f	0x1b2cV0x68f	0
0x1b2dS0x68f	0x1b2dV0x68f	0
0x1b2fS0x68f	0x1b2fV0x68f	0
0x1b39S0x68f	0x1b39V0x68f	0
0x128fdaS0x68f	0x128fdaV0x68f	0
0x6298eS0x68f	0x6298eV0x68f	0
0x62990S0x68f	0x62990V0x68f	0
0x62993S0x68f	0x62993V0x68f	0
0x31bdS0x68f	0x31bdV0x68f	0
0x31c2S0x68f	0x31c2V0x68f	0
0x31c6S0x68f	0x31c6V0x68f	0
0x31c8S0x68f	0x31c8V0x68f	0
0x31e9S0x68f	0x31e9V0x68f	0
0x31ecS0x68f	0x31ecV0x68f	0
0x31eeS0x68f	0x31eeV0x68f	0
0x31f0S0x68f	0x31f0V0x68f	0
0x1b3eS0x68f	0x1b3eV0x68f	0
0x1b60S0x68f	0x1b60V0x68f	0
0x1b62S0x68f	0x1b62V0x68f	0
0x1b63S0x68f	0x1b63V0x68f	0
0x1b68S0x68f	0x1b68V0x68f	0
0x629b6S0x68f	0x629b6V0x68f	0
0x629b8S0x68f	0x629b8V0x68f	0
0x629bbS0x68f	0x629bbV0x68f	0
0x70262S0x68f	0x70262V0x68f	0
0x30f9S0x1ab2S0x68f	0x30f9V0x1ab2V0x68f	0
0x3100S0x1ab2S0x68f	0x3100V0x1ab2V0x68f	0
0x3102S0x1ab2S0x68f	0x3102V0x1ab2V0x68f	0
0x3123S0x1ab2S0x68f	0x3123V0x1ab2V0x68f	0
0x3126S0x1ab2S0x68f	0x3126V0x1ab2V0x68f	0
0x3128S0x1ab2S0x68f	0x3128V0x1ab2V0x68f	0
0x312aS0x1ab2S0x68f	0x312aV0x1ab2V0x68f	0
0x1f4bS0x1a8aS0x68f	0x1f4bV0x1a8aV0x68f	0
0x10beS0x1a92S0x68f	0x10beV0x1a92V0x68f	0
0x10c0S0x1a92S0x68f	0x10c0V0x1a92V0x68f	0
0x10c1S0x1a92S0x68f	0x10c1V0x1a92V0x68f	0
0x10c3S0x1a92S0x68f	0x10c3V0x1a92V0x68f	0
0x10c5S0x1a92S0x68f	0x10c5V0x1a92V0x68f	0
0x10c7S0x1a92S0x68f	0x10c7V0x1a92V0x68f	0
0x10c8S0x1a92S0x68f	0x10c8V0x1a92V0x68f	0
0x10c9S0x1a92S0x68f	0x10c9V0x1a92V0x68f	0
0x2bbcS0x1b3dS0x68f	0x2bbcV0x1b3dV0x68f	0
0x2bbeS0x1b3dS0x68f	0x2bbeV0x1b3dV0x68f	0
0x2bc0S0x1b3dS0x68f	0x2bc0V0x1b3dV0x68f	0
0x2bc2S0x1b3dS0x68f	0x2bc2V0x1b3dV0x68f	0
0x2bc3S0x1b3dS0x68f	0x2bc3V0x1b3dV0x68f	0
0x2bc7S0x1b3dS0x68f	0x2bc7V0x1b3dV0x68f	0
0x2bcaS0x1b3dS0x68f	0x2bcaV0x1b3dV0x68f	0
0x2bccS0x1b3dS0x68f	0x2bccV0x1b3dV0x68f	0
0x1175S0x1ac9S0x68f	0x1175V0x1ac9V0x68f	0
0x117aS0x1ac9S0x68f	0x117aV0x1ac9V0x68f	0
0x117cS0x1ac9S0x68f	0x117cV0x1ac9V0x68f	0
0x117fS0x1ac9S0x68f	0x117fV0x1ac9V0x68f	0
0x1182S0x1ac9S0x68f	0x1182V0x1ac9V0x68f	0
0x1183S0x1ac9S0x68f	0x1183V0x1ac9V0x68f	0
0x1188S0x1ac9S0x68f	0x1188V0x1ac9V0x68f	0
0x2231S0x1174S0x1ac9S0x68f	0x2231V0x1174V0x1ac9V0x68f	0
0x2233S0x1174S0x1ac9S0x68f	0x2233V0x1174V0x1ac9V0x68f	0
0x2237S0x1174S0x1ac9S0x68f	0x2237V0x1174V0x1ac9V0x68f	0
0x2239S0x1174S0x1ac9S0x68f	0x2239V0x1174V0x1ac9V0x68f	0
0x223bS0x1174S0x1ac9S0x68f	0x223bV0x1174V0x1ac9V0x68f	0
0x223dS0x1174S0x1ac9S0x68f	0x223dV0x1174V0x1ac9V0x68f	0
0x223eS0x1174S0x1ac9S0x68f	0x223eV0x1174V0x1ac9V0x68f	0
0x2240S0x1174S0x1ac9S0x68f	0x2240V0x1174V0x1ac9V0x68f	0
0x2241S0x1174S0x1ac9S0x68f	0x2241V0x1174V0x1ac9V0x68f	0
0x2483S0x2230S0x1174S0x1ac9S0x68f	0x2483V0x2230V0x1174V0x1ac9V0x68f	0
0x2488S0x2230S0x1174S0x1ac9S0x68f	0x2488V0x2230V0x1174V0x1ac9V0x68f	0
0x248dS0x2230S0x1174S0x1ac9S0x68f	0x248dV0x2230V0x1174V0x1ac9V0x68f	0
0x248eS0x2230S0x1174S0x1ac9S0x68f	0x248eV0x2230V0x1174V0x1ac9V0x68f	0
0x2491S0x2230S0x1174S0x1ac9S0x68f	0x2491V0x2230V0x1174V0x1ac9V0x68f	0
0x2494S0x2230S0x1174S0x1ac9S0x68f	0x2494V0x2230V0x1174V0x1ac9V0x68f	0
0x2495S0x2230S0x1174S0x1ac9S0x68f	0x2495V0x2230V0x1174V0x1ac9V0x68f	0
0x2496S0x2230S0x1174S0x1ac9S0x68f	0x2496V0x2230V0x1174V0x1ac9V0x68f	0
0x2497S0x2230S0x1174S0x1ac9S0x68f	0x2497V0x2230V0x1174V0x1ac9V0x68f	0
0x1378S0x60f	0x1378V0x60f	0
0x137aS0x60f	0x137aV0x60f	0
0x137bS0x60f	0x137bV0x60f	0
0x137fS0x60f	0x137fV0x60f	0
0x1381S0x60f	0x1381V0x60f	0
0x1384S0x60f	0x1384V0x60f	0
0x1386S0x60f	0x1386V0x60f	0
0x1387S0x60f	0x1387V0x60f	0
0x138bS0x60f	0x138bV0x60f	0
0x139bS0x60f	0x139bV0x60f	0
0x139dS0x60f	0x139dV0x60f	0
0x139eS0x60f	0x139eV0x60f	0
0x13a2S0x60f	0x13a2V0x60f	0
0x13a4S0x60f	0x13a4V0x60f	0
0x13a7S0x60f	0x13a7V0x60f	0
0x13a9S0x60f	0x13a9V0x60f	0
0x13aaS0x60f	0x13aaV0x60f	0
0x13aeS0x60f	0x13aeV0x60f	0
0x13d0S0x60f	0x13d0V0x60f	0
0x13d2S0x60f	0x13d2V0x60f	0
0x13d3S0x60f	0x13d3V0x60f	0
0x13d7S0x60f	0x13d7V0x60f	0
0x13d9S0x60f	0x13d9V0x60f	0
0x13dcS0x60f	0x13dcV0x60f	0
0x13deS0x60f	0x13deV0x60f	0
0x13dfS0x60f	0x13dfV0x60f	0
0x13e3S0x60f	0x13e3V0x60f	0
0x14c9S0x60f	0x14c9V0x60f	0
0x14d1S0x60f	0x14d1V0x60f	0
0x14d3S0x60f	0x14d3V0x60f	0
0x14f7S0x60f	0x14f7V0x60f	0
0x14f9S0x60f	0x14f9V0x60f	0
0x14faS0x60f	0x14faV0x60f	0
0x14feS0x60f	0x14feV0x60f	0
0x1500S0x60f	0x1500V0x60f	0
0x1503S0x60f	0x1503V0x60f	0
0x1505S0x60f	0x1505V0x60f	0
0x1506S0x60f	0x1506V0x60f	0
0x150aS0x60f	0x150aV0x60f	0
0x151eS0x60f	0x151eV0x60f	0
0x1520S0x60f	0x1520V0x60f	0
0x1521S0x60f	0x1521V0x60f	0
0x1525S0x60f	0x1525V0x60f	0
0x1527S0x60f	0x1527V0x60f	0
0x152aS0x60f	0x152aV0x60f	0
0x152cS0x60f	0x152cV0x60f	0
0x152dS0x60f	0x152dV0x60f	0
0x1531S0x60f	0x1531V0x60f	0
0x15d8S0x60f	0x15d8V0x60f	0
0x15ddS0x60f	0x15ddV0x60f	0
0x15dfS0x60f	0x15dfV0x60f	0
0x15e0S0x60f	0x15e0V0x60f	0
0x15e3S0x60f	0x15e3V0x60f	0
0x15e4S0x60f	0x15e4V0x60f	0
0x15e6S0x60f	0x15e6V0x60f	0
0x15f0S0x60f	0x15f0V0x60f	0
0x15faS0x60f	0x15faV0x60f	0
0x122bdaS0x60f	0x122bdaV0x60f	0
0x161cS0x60f	0x161cV0x60f	0
0x1620S0x60f	0x1620V0x60f	0
0x1622S0x60f	0x1622V0x60f	0
0x1623S0x60f	0x1623V0x60f	0
0x1624S0x60f	0x1624V0x60f	0
0x1627S0x60f	0x1627V0x60f	0
0x1628S0x60f	0x1628V0x60f	0
0x162bS0x60f	0x162b_0x0V0x60f	0
0x161c_0x0S0x60f	0x161c_0x0V0x60f	0
0x16a5S0x60f	0x16a5V0x60f	0
0x16aaS0x60f	0x16aaV0x60f	0
0x16acS0x60f	0x16acV0x60f	0
0x16adS0x60f	0x16adV0x60f	0
0x16b0S0x60f	0x16b0V0x60f	0
0x16b1S0x60f	0x16b1V0x60f	0
0x16b3S0x60f	0x16b3V0x60f	0
0x16bdS0x60f	0x16bdV0x60f	0
0x16c7S0x60f	0x16c7V0x60f	0
0x123fdaS0x60f	0x123fdaV0x60f	0
0x16a5_0x0S0x60f	0x16a5_0x0V0x60f	0
0x1795S0x60f	0x1795V0x60f	0
0x179dS0x60f	0x179dV0x60f	0
0x179fS0x60f	0x179fV0x60f	0
0x135cS0x60f	0x135cV0x60f	0
0x135fS0x60f	0x135fV0x60f	0
0x1362S0x60f	0x1362V0x60f	0
0x1363S0x60f	0x1363V0x60f	0
0x1365S0x60f	0x1365V0x60f	0
0x136eS0x60f	0x136eV0x60f	0
0x136fS0x60f	0x136fV0x60f	0
0x1203daS0x60f	0x1203daV0x60f	0
0x1374S0x60f	0x1374V0x60f	0
0x1390S0x60f	0x1390V0x60f	0
0x1392S0x60f	0x1392V0x60f	0
0x1393S0x60f	0x1393V0x60f	0
0x1395S0x60f	0x1395V0x60f	0
0x1396S0x60f	0x1396V0x60f	0
0x1397S0x60f	0x1397V0x60f	0
0x626ecS0x60f	0x626ecV0x60f	0
0x626eeS0x60f	0x626eeV0x60f	0
0x626f1S0x60f	0x626f1V0x60f	0
0x13b3S0x60f	0x13b3V0x60f	0
0x13b8S0x60f	0x13b8V0x60f	0
0x13baS0x60f	0x13baV0x60f	0
0x13bdS0x60f	0x13bdV0x60f	0
0x13c0S0x60f	0x13c0V0x60f	0
0x13c1S0x60f	0x13c1V0x60f	0
0x13c2S0x60f	0x13c2V0x60f	0
0x13c4S0x60f	0x13c4V0x60f	0
0x13c6S0x60f	0x13c6V0x60f	0
0x13c8S0x60f	0x13c8V0x60f	0
0x13c9S0x60f	0x13c9V0x60f	0
0x13caS0x60f	0x13caV0x60f	0
0x13ccS0x60f	0x13ccV0x60f	0
0x62714S0x60f	0x62714V0x60f	0
0x62716S0x60f	0x62716V0x60f	0
0x62719S0x60f	0x62719V0x60f	0
0x13e8S0x60f	0x13e8V0x60f	0
0x13eaS0x60f	0x13eaV0x60f	0
0x13efS0x60f	0x13efV0x60f	0
0x6273cS0x60f	0x6273cV0x60f	0
0x6273eS0x60f	0x6273eV0x60f	0
0x62741S0x60f	0x62741V0x60f	0
0x2ec8S0x60f	0x2ec8V0x60f	0
0x2ecdS0x60f	0x2ecdV0x60f	0
0x2ed1S0x60f	0x2ed1V0x60f	0
0x2ed3S0x60f	0x2ed3V0x60f	0
0x2ef4S0x60f	0x2ef4V0x60f	0
0x2ef7S0x60f	0x2ef7V0x60f	0
0x2ef9S0x60f	0x2ef9V0x60f	0
0x2efbS0x60f	0x2efbV0x60f	0
0x13f6S0x60f	0x13f6V0x60f	0
0x13fbS0x60f	0x13fbV0x60f	0
0x13fdS0x60f	0x13fdV0x60f	0
0x13feS0x60f	0x13feV0x60f	0
0x1400S0x60f	0x1400V0x60f	0
0x1401S0x60f	0x1401V0x60f	0
0x1408S0x60f	0x1408V0x60f	0
0x140dS0x60f	0x140dV0x60f	0
0x140fS0x60f	0x140fV0x60f	0
0x1410S0x60f	0x1410V0x60f	0
0x1414S0x60f	0x1414V0x60f	0
0x1415S0x60f	0x1415V0x60f	0
0x1419S0x60f	0x1419V0x60f	0
0x141dS0x60f	0x141dV0x60f	0
0x141fS0x60f	0x141fV0x60f	0
0x1421S0x60f	0x1421V0x60f	0
0x1422S0x60f	0x1422V0x60f	0
0x1425S0x60f	0x1425V0x60f	0
0x1428S0x60f	0x1428V0x60f	0
0x142dS0x60f	0x142dV0x60f	0
0x142fS0x60f	0x142fV0x60f	0
0x1431S0x60f	0x1431V0x60f	0
0x1433S0x60f	0x1433V0x60f	0
0x1434S0x60f	0x1434V0x60f	0
0x1436S0x60f	0x1436V0x60f	0
0x1437S0x60f	0x1437V0x60f	0
0x143cS0x60f	0x143cV0x60f	0
0x143eS0x60f	0x143eV0x60f	0
0x1443S0x60f	0x1443V0x60f	0
0x1447S0x60f	0x1447V0x60f	0
0x1451S0x60f	0x1451V0x60f	0
0x1453S0x60f	0x1453V0x60f	0
0x1454S0x60f	0x1454V0x60f	0
0x1457S0x60f	0x1457V0x60f	0
0x145cS0x60f	0x145cV0x60f	0
0x145fS0x60f	0x145fV0x60f	0
0x1461S0x60f	0x1461V0x60f	0
0x1462S0x60f	0x1462V0x60f	0
0x1465S0x60f	0x1465V0x60f	0
0x1466S0x60f	0x1466V0x60f	0
0x1467S0x60f	0x1467V0x60f	0
0x146dS0x60f	0x146dV0x60f	0
0x1470S0x60f	0x1470V0x60f	0
0x1471S0x60f	0x1471V0x60f	0
0x1472S0x60f	0x1472V0x60f	0
0x147bS0x60f	0x147bV0x60f	0
0x147cS0x60f	0x147cV0x60f	0
0x1480S0x60f	0x1480V0x60f	0
0x1481S0x60f	0x1481V0x60f	0
0x1483S0x60f	0x1483V0x60f	0
0x1485S0x60f	0x1485V0x60f	0
0x1487S0x60f	0x1487V0x60f	0
0x1488S0x60f	0x1488V0x60f	0
0x1489S0x60f	0x1489V0x60f	0
0x148aS0x60f	0x148aV0x60f	0
0x148dS0x60f	0x148dV0x60f	0
0x148fS0x60f	0x148fV0x60f	0
0x1491S0x60f	0x1491V0x60f	0
0x1493S0x60f	0x1493V0x60f	0
0x1495S0x60f	0x1495V0x60f	0
0x1496S0x60f	0x1496V0x60f	0
0x1498S0x60f	0x1498V0x60f	0
0x1499S0x60f	0x1499V0x60f	0
0x149cS0x60f	0x149cV0x60f	0
0x149eS0x60f	0x149eV0x60f	0
0x14a0S0x60f	0x14a0V0x60f	0
0x14a2S0x60f	0x14a2V0x60f	0
0x14a4S0x60f	0x14a4V0x60f	0
0x14a5S0x60f	0x14a5V0x60f	0
0x14abS0x60f	0x14abV0x60f	0
0x14acS0x60f	0x14acV0x60f	0
0x14b0S0x60f	0x14b0V0x60f	0
0x14b4S0x60f	0x14b4V0x60f	0
0x14b7S0x60f	0x14b7V0x60f	0
0x14b8S0x60f	0x14b8V0x60f	0
0x14bbS0x60f	0x14bbV0x60f	0
0x14bcS0x60f	0x14bcV0x60f	0
0x14bdS0x60f	0x14bdV0x60f	0
0x14c3S0x60f	0x14c3V0x60f	0
0x14c4S0x60f	0x14c4V0x60f	0
0x14c5S0x60f	0x14c5V0x60f	0
0x14e2S0x60f	0x14e2V0x60f	0
0x14e3S0x60f	0x14e3V0x60f	0
0x14e6S0x60f	0x14e6V0x60f	0
0x14e9S0x60f	0x14e9V0x60f	0
0x14eaS0x60f	0x14eaV0x60f	0
0x14ebS0x60f	0x14ebV0x60f	0
0x14dcS0x60f	0x14dcV0x60f	0
0x14f1S0x60f	0x14f1V0x60f	0
0x14f2S0x60f	0x14f2V0x60f	0
0x14f3S0x60f	0x14f3V0x60f	0
0x150fS0x60f	0x150fV0x60f	0
0x1513S0x60f	0x1513V0x60f	0
0x1514S0x60f	0x1514V0x60f	0
0x6278aS0x60f	0x6278aV0x60f	0
0x6278cS0x60f	0x6278cV0x60f	0
0x6278fS0x60f	0x6278fV0x60f	0
0x31f4S0x60f	0x31f4V0x60f	0
0x31f9S0x60f	0x31f9V0x60f	0
0x31fdS0x60f	0x31fdV0x60f	0
0x31ffS0x60f	0x31ffV0x60f	0
0x3220S0x60f	0x3220V0x60f	0
0x3223S0x60f	0x3223V0x60f	0
0x3225S0x60f	0x3225V0x60f	0
0x3232S0x60f	0x3232V0x60f	0
0x3234S0x60f	0x3234V0x60f	0
0x3235S0x60f	0x3235V0x60f	0
0x3238S0x60f	0x3238V0x60f	0
0x323aS0x60f	0x323aV0x60f	0
0x323cS0x60f	0x323cV0x60f	0
0x1519S0x60f	0x1519V0x60f	0
0x151aS0x60f	0x151aV0x60f	0
0x1536S0x60f	0x1536V0x60f	0
0x1539S0x60f	0x1539V0x60f	0
0x153aS0x60f	0x153aV0x60f	0
0x153dS0x60f	0x153dV0x60f	0
0x153eS0x60f	0x153eV0x60f	0
0x153fS0x60f	0x153fV0x60f	0
0x627b2S0x60f	0x627b2V0x60f	0
0x627b4S0x60f	0x627b4V0x60f	0
0x627b7S0x60f	0x627b7V0x60f	0
0x30c2S0x60f	0x30c2V0x60f	0
0x30c7S0x60f	0x30c7V0x60f	0
0x30cbS0x60f	0x30cbV0x60f	0
0x30cdS0x60f	0x30cdV0x60f	0
0x30eeS0x60f	0x30eeV0x60f	0
0x30f1S0x60f	0x30f1V0x60f	0
0x30f3S0x60f	0x30f3V0x60f	0
0x30f5S0x60f	0x30f5V0x60f	0
0x1545S0x60f	0x1545V0x60f	0
0x1546S0x60f	0x1546V0x60f	0
0x1547S0x60f	0x1547V0x60f	0
0x15a6S0x60f	0x15a6V0x60f	0
0x15a8S0x60f	0x15a8V0x60f	0
0x15a9S0x60f	0x15a9V0x60f	0
0x15acS0x60f	0x15acV0x60f	0
0x15adS0x60f	0x15adV0x60f	0
0x15aeS0x60f	0x15aeV0x60f	0
0x15b4S0x60f	0x15b4V0x60f	0
0x15b6S0x60f	0x15b6V0x60f	0
0x15b8S0x60f	0x15b8V0x60f	0
0x15bbS0x60f	0x15bbV0x60f	0
0x15bdS0x60f	0x15bdV0x60f	0
0x15bfS0x60f	0x15bfV0x60f	0
0x15c3S0x60f	0x15c3V0x60f	0
0x15c5S0x60f	0x15c5V0x60f	0
0x15c6S0x60f	0x15c6V0x60f	0
0x15c9S0x60f	0x15c9_0x0V0x60f	0
0x1599S0x60f	0x1599V0x60f	0
0x159bS0x60f	0x159bV0x60f	0
0x159eS0x60f	0x159eV0x60f	0
0x15a1S0x60f	0x15a1V0x60f	0
0x1608S0x60f	0x1608V0x60f	0
0x160bS0x60f	0x160bV0x60f	0
0x160cS0x60f	0x160cV0x60f	0
0x160fS0x60f	0x160fV0x60f	0
0x1610S0x60f	0x1610V0x60f	0
0x1611S0x60f	0x1611V0x60f	0
0x1607_0x0S0x60f	0x1607_0x0V0x60f	0
0x15cbS0x60f	0x15cbV0x60f	0
0x15d1S0x60f	0x15d1V0x60f	0
0x15d2S0x60f	0x15d2V0x60f	0
0x15d3S0x60f	0x15d3V0x60f	0
0x15d4S0x60f	0x15d4V0x60f	0
0x15ffS0x60f	0x15ffV0x60f	0
0x1601S0x60f	0x1601V0x60f	0
0x1604S0x60f	0x1604V0x60f	0
0x12840S0x60f	0x12840V0x60f	0
0x1617S0x60f	0x1617V0x60f	0
0x1618S0x60f	0x1618V0x60f	0
0x16d5S0x60f	0x16d5V0x60f	0
0x16d7S0x60f	0x16d7V0x60f	0
0x16d9S0x60f	0x16d9V0x60f	0
0x16dbS0x60f	0x16dbV0x60f	0
0x16dcS0x60f	0x16dcV0x60f	0
0x16deS0x60f	0x16deV0x60f	0
0x16dfS0x60f	0x16dfV0x60f	0
0x16e4S0x60f	0x16e4V0x60f	0
0x16e6S0x60f	0x16e6V0x60f	0
0x16ebS0x60f	0x16ebV0x60f	0
0x16efS0x60f	0x16efV0x60f	0
0x16f7S0x60f	0x16f7V0x60f	0
0x16f9S0x60f	0x16f9V0x60f	0
0x16fbS0x60f	0x16fbV0x60f	0
0x1702S0x60f	0x1702V0x60f	0
0x1704S0x60f	0x1704V0x60f	0
0x1705S0x60f	0x1705V0x60f	0
0x1706S0x60f	0x1706V0x60f	0
0x1709S0x60f	0x1709V0x60f	0
0x170cS0x60f	0x170cV0x60f	0
0x170dS0x60f	0x170dV0x60f	0
0x170eS0x60f	0x170eV0x60f	0
0x16d4_0x0S0x60f	0x16d4_0x0V0x60f	0
0x1632S0x60f	0x1632V0x60f	0
0x1634S0x60f	0x1634V0x60f	0
0x1636S0x60f	0x1636V0x60f	0
0x1638S0x60f	0x1638V0x60f	0
0x1639S0x60f	0x1639V0x60f	0
0x163aS0x60f	0x163aV0x60f	0
0x163bS0x60f	0x163bV0x60f	0
0x163eS0x60f	0x163eV0x60f	0
0x1640S0x60f	0x1640V0x60f	0
0x1644S0x60f	0x1644V0x60f	0
0x1646S0x60f	0x1646V0x60f	0
0x1647S0x60f	0x1647V0x60f	0
0x1649S0x60f	0x1649V0x60f	0
0x164aS0x60f	0x164aV0x60f	0
0x164cS0x60f	0x164cV0x60f	0
0x1650S0x60f	0x1650V0x60f	0
0x1652S0x60f	0x1652V0x60f	0
0x1653S0x60f	0x1653V0x60f	0
0x1675S0x60f	0x1675V0x60f	0
0x167fS0x60f	0x167fV0x60f	0
0x1631_0x1S0x60f	0x1631_0x1V0x60f	0
0x162dS0x60f	0x162dV0x60f	0
0x1630S0x60f	0x1630_0x0V0x60f	0
0x1684S0x60f	0x1684V0x60f	0
0x1686S0x60f	0x1686V0x60f	0
0x1689S0x60f	0x1689V0x60f	0
0x168cS0x60f	0x168cV0x60f	0
0x168eS0x60f	0x168eV0x60f	0
0x168fS0x60f	0x168fV0x60f	0
0x1692S0x60f	0x1692V0x60f	0
0x1693S0x60f	0x1693V0x60f	0
0x1694S0x60f	0x1694V0x60f	0
0x1696S0x60f	0x1696V0x60f	0
0x169bS0x60f	0x169bV0x60f	0
0x169dS0x60f	0x169dV0x60f	0
0x169fS0x60f	0x169fV0x60f	0
0x16a0S0x60f	0x16a0V0x60f	0
0x16a1S0x60f	0x16a1V0x60f	0
0x1683_0x2S0x60f	0x1683_0x2V0x60f	0
0x16ccS0x60f	0x16ccV0x60f	0
0x16ceS0x60f	0x16ceV0x60f	0
0x16d1S0x60f	0x16d1V0x60f	0
0x13240S0x60f	0x13240V0x60f	0
0x1714S0x60f	0x1714V0x60f	0
0x1715S0x60f	0x1715V0x60f	0
0x1719S0x60f	0x1719V0x60f	0
0x171cS0x60f	0x171cV0x60f	0
0x171dS0x60f	0x171dV0x60f	0
0x171fS0x60f	0x171fV0x60f	0
0x1720S0x60f	0x1720V0x60f	0
0x1723S0x60f	0x1723V0x60f	0
0x1724S0x60f	0x1724V0x60f	0
0x1725S0x60f	0x1725V0x60f	0
0x1729S0x60f	0x1729V0x60f	0
0x172aS0x60f	0x172aV0x60f	0
0x172bS0x60f	0x172bV0x60f	0
0x1731S0x60f	0x1731V0x60f	0
0x1732S0x60f	0x1732V0x60f	0
0x1734S0x60f	0x1734V0x60f	0
0x1736S0x60f	0x1736V0x60f	0
0x1737S0x60f	0x1737V0x60f	0
0x1738S0x60f	0x1738V0x60f	0
0x173aS0x60f	0x173aV0x60f	0
0x173cS0x60f	0x173cV0x60f	0
0x173eS0x60f	0x173eV0x60f	0
0x173fS0x60f	0x173fV0x60f	0
0x1740S0x60f	0x1740V0x60f	0
0x1744S0x60f	0x1744V0x60f	0
0x1745S0x60f	0x1745V0x60f	0
0x1747S0x60f	0x1747V0x60f	0
0x1749S0x60f	0x1749V0x60f	0
0x174aS0x60f	0x174aV0x60f	0
0x174bS0x60f	0x174bV0x60f	0
0x174dS0x60f	0x174dV0x60f	0
0x174fS0x60f	0x174fV0x60f	0
0x1750S0x60f	0x1750V0x60f	0
0x1751S0x60f	0x1751V0x60f	0
0x1753S0x60f	0x1753V0x60f	0
0x1755S0x60f	0x1755V0x60f	0
0x1757S0x60f	0x1757V0x60f	0
0x1758S0x60f	0x1758V0x60f	0
0x175bS0x60f	0x175bV0x60f	0
0x175cS0x60f	0x175cV0x60f	0
0x175fS0x60f	0x175fV0x60f	0
0x1760S0x60f	0x1760V0x60f	0
0x1763S0x60f	0x1763V0x60f	0
0x1765S0x60f	0x1765V0x60f	0
0x1767S0x60f	0x1767V0x60f	0
0x1768S0x60f	0x1768V0x60f	0
0x1769S0x60f	0x1769V0x60f	0
0x176cS0x60f	0x176cV0x60f	0
0x1770S0x60f	0x1770V0x60f	0
0x1774S0x60f	0x1774V0x60f	0
0x1775S0x60f	0x1775V0x60f	0
0x1779S0x60f	0x1779V0x60f	0
0x177dS0x60f	0x177dV0x60f	0
0x1780S0x60f	0x1780V0x60f	0
0x1783S0x60f	0x1783V0x60f	0
0x1784S0x60f	0x1784V0x60f	0
0x1787S0x60f	0x1787V0x60f	0
0x1788S0x60f	0x1788V0x60f	0
0x1789S0x60f	0x1789V0x60f	0
0x1713_0x6S0x60f	0x1713_0x6V0x60f	0
0x1713_0x7S0x60f	0x1713_0x7V0x60f	0
0x178fS0x60f	0x178fV0x60f	0
0x1790S0x60f	0x1790V0x60f	0
0x1791S0x60f	0x1791V0x60f	0
0x154cS0x60f	0x154cV0x60f	0
0x154fS0x60f	0x154fV0x60f	0
0x1550S0x60f	0x1550V0x60f	0
0x1553S0x60f	0x1553V0x60f	0
0x1556S0x60f	0x1556V0x60f	0
0x155bS0x60f	0x155bV0x60f	0
0x155dS0x60f	0x155dV0x60f	0
0x1560S0x60f	0x1560V0x60f	0
0x1566S0x60f	0x1566V0x60f	0
0x1568S0x60f	0x1568V0x60f	0
0x156eS0x60f	0x156eV0x60f	0
0x156fS0x60f	0x156fV0x60f	0
0x1570S0x60f	0x1570V0x60f	0
0x1573S0x60f	0x1573V0x60f	0
0x1576S0x60f	0x1576V0x60f	0
0x1579S0x60f	0x1579V0x60f	0
0x157cS0x60f	0x157cV0x60f	0
0x157dS0x60f	0x157dV0x60f	0
0x157fS0x60f	0x157fV0x60f	0
0x1589S0x60f	0x1589V0x60f	0
0x1594S0x60f	0x1594V0x60f	0
0x1217daS0x60f	0x1217daV0x60f	0
0x326aS0x1378S0x60f	0x326aV0x1378V0x60f	0
0x326fS0x1378S0x60f	0x326fV0x1378V0x60f	0
0x3273S0x1378S0x60f	0x3273V0x1378V0x60f	0
0x3275S0x1378S0x60f	0x3275V0x1378V0x60f	0
0x3296S0x1378S0x60f	0x3296V0x1378V0x60f	0
0x3299S0x1378S0x60f	0x3299V0x1378V0x60f	0
0x329bS0x1378S0x60f	0x329bV0x1378V0x60f	0
0x329eS0x1378S0x60f	0x329eV0x1378V0x60f	0
0x32a0S0x1378S0x60f	0x32a0V0x1378V0x60f	0
0x32a1S0x1378S0x60f	0x32a1V0x1378V0x60f	0
0x32a4S0x1378S0x60f	0x32a4V0x1378V0x60f	0
0x32a6S0x1378S0x60f	0x32a6V0x1378V0x60f	0
0x32a8S0x1378S0x60f	0x32a8V0x1378V0x60f	0
0x2d3bS0x139bS0x60f	0x2d3bV0x139bV0x60f	0
0x2d40S0x139bS0x60f	0x2d40V0x139bV0x60f	0
0x2d44S0x139bS0x60f	0x2d44V0x139bV0x60f	0
0x2d46S0x139bS0x60f	0x2d46V0x139bV0x60f	0
0x2d67S0x139bS0x60f	0x2d67V0x139bV0x60f	0
0x2d6aS0x139bS0x60f	0x2d6aV0x139bV0x60f	0
0x2d6cS0x139bS0x60f	0x2d6cV0x139bV0x60f	0
0x2d8dS0x139bS0x60f	0x2d8dV0x139bV0x60f	0
0x2d90S0x139bS0x60f	0x2d90V0x139bV0x60f	0
0x2d92S0x139bS0x60f	0x2d92V0x139bV0x60f	0
0x2d98S0x139bS0x60f	0x2d98V0x139bV0x60f	0
0x2d9aS0x139bS0x60f	0x2d9aV0x139bV0x60f	0
0x2d9bS0x139bS0x60f	0x2d9bV0x139bV0x60f	0
0x2d9eS0x139bS0x60f	0x2d9eV0x139bV0x60f	0
0x2da0S0x139bS0x60f	0x2da0V0x139bV0x60f	0
0x2da2S0x139bS0x60f	0x2da2V0x139bV0x60f	0
0x1276S0x13e7S0x60f	0x1276V0x13e7V0x60f	0
0x1280S0x13e7S0x60f	0x1280V0x13e7V0x60f	0
0x1285S0x13e7S0x60f	0x1285V0x13e7V0x60f	0
0x1286S0x13e7S0x60f	0x1286V0x13e7V0x60f	0
0x1287S0x13e7S0x60f	0x1287V0x13e7V0x60f	0
0x128bS0x13e7S0x60f	0x128bV0x13e7V0x60f	0
0x128cS0x13e7S0x60f	0x128cV0x13e7V0x60f	0
0x2b74S0x13f3S0x60f	0x2b74V0x13f3V0x60f	0
0x2b76S0x13f3S0x60f	0x2b76V0x13f3V0x60f	0
0x2b83S0x13f3S0x60f	0x2b83V0x13f3V0x60f	0
0x2b85S0x13f3S0x60f	0x2b85V0x13f3V0x60f	0
0x2b87S0x13f3S0x60f	0x2b87V0x13f3V0x60f	0
0x2b88S0x13f3S0x60f	0x2b88V0x13f3V0x60f	0
0x2b8dS0x13f3S0x60f	0x2b8dV0x13f3V0x60f	0
0x2b90S0x13f3S0x60f	0x2b90V0x13f3V0x60f	0
0x2b93S0x13f3S0x60f	0x2b93V0x13f3V0x60f	0
0x2b94S0x13f3S0x60f	0x2b94V0x13f3V0x60f	0
0x2b96S0x13f3S0x60f	0x2b96V0x13f3V0x60f	0
0x2689S0x140cS0x60f	0x2689V0x140cV0x60f	0
0x268cS0x140cS0x60f	0x268cV0x140cV0x60f	0
0x268dS0x140cS0x60f	0x268dV0x140cV0x60f	0
0x2690S0x140cS0x60f	0x2690V0x140cV0x60f	0
0x2695S0x140cS0x60f	0x2695V0x140cV0x60f	0
0x2699S0x140cS0x60f	0x2699V0x140cV0x60f	0
0x269bS0x140cS0x60f	0x269bV0x140cV0x60f	0
0x269eS0x140cS0x60f	0x269eV0x140cV0x60f	0
0x26a2S0x140cS0x60f	0x26a2V0x140cV0x60f	0
0x26a5S0x140cS0x60f	0x26a5V0x140cV0x60f	0
0x26a9S0x140cS0x60f	0x26a9V0x140cV0x60f	0
0x26adS0x140cS0x60f	0x26adV0x140cV0x60f	0
0x2246S0x150eS0x60f	0x2246V0x150eV0x60f	0
0x224aS0x150eS0x60f	0x224aV0x150eV0x60f	0
0x224cS0x150eS0x60f	0x224cV0x150eV0x60f	0
0x224dS0x150eS0x60f	0x224dV0x150eV0x60f	0
0x224eS0x150eS0x60f	0x224eV0x150eV0x60f	0
0x2250S0x150eS0x60f	0x2250V0x150eV0x60f	0
0x2252S0x150eS0x60f	0x2252V0x150eV0x60f	0
0x2254S0x150eS0x60f	0x2254V0x150eV0x60f	0
0x2255S0x150eS0x60f	0x2255V0x150eV0x60f	0
0x2256S0x150eS0x60f	0x2256V0x150eV0x60f	0
0x2257S0x150eS0x60f	0x2257V0x150eV0x60f	0
0x225bS0x150eS0x60f	0x225bV0x150eV0x60f	0
0x225eS0x150eS0x60f	0x225e_0x0V0x150eV0x60f	0
0x2260S0x150eS0x60f	0x2260V0x150eV0x60f	0
0x2261S0x150eS0x60f	0x2261V0x150eV0x60f	0
0x345bS0x15d8S0x60f	0x345bV0x15d8V0x60f	0
0x345eS0x15d8S0x60f	0x345eV0x15d8V0x60f	0
0x3461S0x15d8S0x60f	0x3461V0x15d8V0x60f	0
0x3463S0x15d8S0x60f	0x3463V0x15d8V0x60f	0
0x3465S0x15d8S0x60f	0x3465V0x15d8V0x60f	0
0x3467S0x15d8S0x60f	0x3467V0x15d8V0x60f	0
0x3468S0x15d8S0x60f	0x3468V0x15d8V0x60f	0
0x346aS0x15d8S0x60f	0x346aV0x15d8V0x60f	0
0x346bS0x15d8S0x60f	0x346bV0x15d8V0x60f	0
0x346eS0x15d8S0x60f	0x346eV0x15d8V0x60f	0
0x3470S0x15d8S0x60f	0x3470V0x15d8V0x60f	0
0x3473S0x15d8S0x60f	0x3473V0x15d8V0x60f	0
0x3474S0x15d8S0x60f	0x3474V0x15d8V0x60f	0
0x3478S0x15d8S0x60f	0x3478V0x15d8V0x60f	0
0x347dS0x15d8S0x60f	0x347dV0x15d8V0x60f	0
0x3480S0x15d8S0x60f	0x3480V0x15d8V0x60f	0
0x3485S0x15d8S0x60f	0x3485V0x15d8V0x60f	0
0x3487S0x15d8S0x60f	0x3487V0x15d8V0x60f	0
0x34bfS0x345aS0x15d8S0x60f	0x34bfV0x345aV0x15d8V0x60f	0
0x34c2S0x345aS0x15d8S0x60f	0x34c2V0x345aV0x15d8V0x60f	0
0x34c3S0x345aS0x15d8S0x60f	0x34c3V0x345aV0x15d8V0x60f	0
0x345bS0x16a5S0x60f	0x345bV0x16a5V0x60f	0
0x345eS0x16a5S0x60f	0x345eV0x16a5V0x60f	0
0x3461S0x16a5S0x60f	0x3461V0x16a5V0x60f	0
0x3463S0x16a5S0x60f	0x3463V0x16a5V0x60f	0
0x3465S0x16a5S0x60f	0x3465V0x16a5V0x60f	0
0x3467S0x16a5S0x60f	0x3467V0x16a5V0x60f	0
0x3468S0x16a5S0x60f	0x3468V0x16a5V0x60f	0
0x346aS0x16a5S0x60f	0x346aV0x16a5V0x60f	0
0x346bS0x16a5S0x60f	0x346bV0x16a5V0x60f	0
0x346eS0x16a5S0x60f	0x346eV0x16a5V0x60f	0
0x3470S0x16a5S0x60f	0x3470V0x16a5V0x60f	0
0x3473S0x16a5S0x60f	0x3473V0x16a5V0x60f	0
0x3474S0x16a5S0x60f	0x3474V0x16a5V0x60f	0
0x3478S0x16a5S0x60f	0x3478V0x16a5V0x60f	0
0x347dS0x16a5S0x60f	0x347dV0x16a5V0x60f	0
0x3480S0x16a5S0x60f	0x3480V0x16a5V0x60f	0
0x3485S0x16a5S0x60f	0x3485V0x16a5V0x60f	0
0x3487S0x16a5S0x60f	0x3487V0x16a5V0x60f	0
0x34bfS0x345aS0x16a5S0x60f	0x34bfV0x345aV0x16a5V0x60f	0
0x34c2S0x345aS0x16a5S0x60f	0x34c2V0x345aV0x16a5V0x60f	0
0x34c3S0x345aS0x16a5S0x60f	0x34c3V0x345aV0x16a5V0x60f	0
0x345bS0x1631S0x60f	0x345bV0x1631V0x60f	0
0x345eS0x1631S0x60f	0x345eV0x1631V0x60f	0
0x3461S0x1631S0x60f	0x3461V0x1631V0x60f	0
0x3463S0x1631S0x60f	0x3463V0x1631V0x60f	0
0x3465S0x1631S0x60f	0x3465V0x1631V0x60f	0
0x3467S0x1631S0x60f	0x3467V0x1631V0x60f	0
0x3468S0x1631S0x60f	0x3468V0x1631V0x60f	0
0x346aS0x1631S0x60f	0x346aV0x1631V0x60f	0
0x346bS0x1631S0x60f	0x346bV0x1631V0x60f	0
0x346eS0x1631S0x60f	0x346eV0x1631V0x60f	0
0x3470S0x1631S0x60f	0x3470V0x1631V0x60f	0
0x3473S0x1631S0x60f	0x3473V0x1631V0x60f	0
0x3474S0x1631S0x60f	0x3474V0x1631V0x60f	0
0x3478S0x1631S0x60f	0x3478V0x1631V0x60f	0
0x347dS0x1631S0x60f	0x347dV0x1631V0x60f	0
0x3480S0x1631S0x60f	0x3480V0x1631V0x60f	0
0x3485S0x1631S0x60f	0x3485V0x1631V0x60f	0
0x3487S0x1631S0x60f	0x3487V0x1631V0x60f	0
0x34bfS0x345aS0x1631S0x60f	0x34bfV0x345aV0x1631V0x60f	0
0x34c2S0x345aS0x1631S0x60f	0x34c2V0x345aV0x1631V0x60f	0
0x34c3S0x345aS0x1631S0x60f	0x34c3V0x345aV0x1631V0x60f	0
0x345bS0x154bS0x60f	0x345bV0x154bV0x60f	0
0x345eS0x154bS0x60f	0x345eV0x154bV0x60f	0
0x3461S0x154bS0x60f	0x3461V0x154bV0x60f	0
0x3463S0x154bS0x60f	0x3463V0x154bV0x60f	0
0x3465S0x154bS0x60f	0x3465V0x154bV0x60f	0
0x3467S0x154bS0x60f	0x3467V0x154bV0x60f	0
0x3468S0x154bS0x60f	0x3468V0x154bV0x60f	0
0x346aS0x154bS0x60f	0x346aV0x154bV0x60f	0
0x346bS0x154bS0x60f	0x346bV0x154bV0x60f	0
0x346eS0x154bS0x60f	0x346eV0x154bV0x60f	0
0x3470S0x154bS0x60f	0x3470V0x154bV0x60f	0
0x3473S0x154bS0x60f	0x3473V0x154bV0x60f	0
0x3474S0x154bS0x60f	0x3474V0x154bV0x60f	0
0x3478S0x154bS0x60f	0x3478V0x154bV0x60f	0
0x347dS0x154bS0x60f	0x347dV0x154bV0x60f	0
0x3480S0x154bS0x60f	0x3480V0x154bV0x60f	0
0x3485S0x154bS0x60f	0x3485V0x154bV0x60f	0
0x3487S0x154bS0x60f	0x3487V0x154bV0x60f	0
0x34bfS0x345aS0x154bS0x60f	0x34bfV0x345aV0x154bV0x60f	0
0x34c2S0x345aS0x154bS0x60f	0x34c2V0x345aV0x154bV0x60f	0
0x34c3S0x345aS0x154bS0x60f	0x34c3V0x345aV0x154bV0x60f	0
0x1175S0x135bS0x60f	0x1175V0x135bV0x60f	0
0x117aS0x135bS0x60f	0x117aV0x135bV0x60f	0
0x117cS0x135bS0x60f	0x117cV0x135bV0x60f	0
0x117fS0x135bS0x60f	0x117fV0x135bV0x60f	0
0x1182S0x135bS0x60f	0x1182V0x135bV0x60f	0
0x1183S0x135bS0x60f	0x1183V0x135bV0x60f	0
0x1188S0x135bS0x60f	0x1188V0x135bV0x60f	0
0x2231S0x1174S0x135bS0x60f	0x2231V0x1174V0x135bV0x60f	0
0x2233S0x1174S0x135bS0x60f	0x2233V0x1174V0x135bV0x60f	0
0x2237S0x1174S0x135bS0x60f	0x2237V0x1174V0x135bV0x60f	0
0x2239S0x1174S0x135bS0x60f	0x2239V0x1174V0x135bV0x60f	0
0x223bS0x1174S0x135bS0x60f	0x223bV0x1174V0x135bV0x60f	0
0x223dS0x1174S0x135bS0x60f	0x223dV0x1174V0x135bV0x60f	0
0x223eS0x1174S0x135bS0x60f	0x223eV0x1174V0x135bV0x60f	0
0x2240S0x1174S0x135bS0x60f	0x2240V0x1174V0x135bV0x60f	0
0x2241S0x1174S0x135bS0x60f	0x2241V0x1174V0x135bV0x60f	0
0x2483S0x2230S0x1174S0x135bS0x60f	0x2483V0x2230V0x1174V0x135bV0x60f	0
0x2488S0x2230S0x1174S0x135bS0x60f	0x2488V0x2230V0x1174V0x135bV0x60f	0
0x248dS0x2230S0x1174S0x135bS0x60f	0x248dV0x2230V0x1174V0x135bV0x60f	0
0x248eS0x2230S0x1174S0x135bS0x60f	0x248eV0x2230V0x1174V0x135bV0x60f	0
0x2491S0x2230S0x1174S0x135bS0x60f	0x2491V0x2230V0x1174V0x135bV0x60f	0
0x2494S0x2230S0x1174S0x135bS0x60f	0x2494V0x2230V0x1174V0x135bV0x60f	0
0x2495S0x2230S0x1174S0x135bS0x60f	0x2495V0x2230V0x1174V0x135bV0x60f	0
0x2496S0x2230S0x1174S0x135bS0x60f	0x2496V0x2230V0x1174V0x135bV0x60f	0
0x2497S0x2230S0x1174S0x135bS0x60f	0x2497V0x2230V0x1174V0x135bV0x60f	0
0x17e2S0x14c9S0x60f	0x17e2V0x14c9V0x60f	0
0x17e4S0x14c9S0x60f	0x17e4V0x14c9V0x60f	0
0x17e5S0x14c9S0x60f	0x17e5V0x14c9V0x60f	0
0x17e9S0x14c9S0x60f	0x17e9V0x14c9V0x60f	0
0x17ebS0x14c9S0x60f	0x17ebV0x14c9V0x60f	0
0x17eeS0x14c9S0x60f	0x17eeV0x14c9V0x60f	0
0x17f0S0x14c9S0x60f	0x17f0V0x14c9V0x60f	0
0x17f1S0x14c9S0x60f	0x17f1V0x14c9V0x60f	0
0x17f5S0x14c9S0x60f	0x17f5V0x14c9V0x60f	0
0x1805S0x14c9S0x60f	0x1805V0x14c9V0x60f	0
0x1807S0x14c9S0x60f	0x1807V0x14c9V0x60f	0
0x1808S0x14c9S0x60f	0x1808V0x14c9V0x60f	0
0x180cS0x14c9S0x60f	0x180cV0x14c9V0x60f	0
0x180eS0x14c9S0x60f	0x180eV0x14c9V0x60f	0
0x1811S0x14c9S0x60f	0x1811V0x14c9V0x60f	0
0x1813S0x14c9S0x60f	0x1813V0x14c9V0x60f	0
0x1814S0x14c9S0x60f	0x1814V0x14c9V0x60f	0
0x1818S0x14c9S0x60f	0x1818V0x14c9V0x60f	0
0x18a9S0x14c9S0x60f	0x18a9V0x14c9V0x60f	0
0x18abS0x14c9S0x60f	0x18abV0x14c9V0x60f	0
0x18acS0x14c9S0x60f	0x18acV0x14c9V0x60f	0
0x18b0S0x14c9S0x60f	0x18b0V0x14c9V0x60f	0
0x18b2S0x14c9S0x60f	0x18b2V0x14c9V0x60f	0
0x18b5S0x14c9S0x60f	0x18b5V0x14c9V0x60f	0
0x18b7S0x14c9S0x60f	0x18b7V0x14c9V0x60f	0
0x18b8S0x14c9S0x60f	0x18b8V0x14c9V0x60f	0
0x18bcS0x14c9S0x60f	0x18bcV0x14c9V0x60f	0
0x18d3S0x14c9S0x60f	0x18d3V0x14c9V0x60f	0
0x18d5S0x14c9S0x60f	0x18d5V0x14c9V0x60f	0
0x18d6S0x14c9S0x60f	0x18d6V0x14c9V0x60f	0
0x18dbS0x14c9S0x60f	0x18dbV0x14c9V0x60f	0
0x18ddS0x14c9S0x60f	0x18ddV0x14c9V0x60f	0
0x18e0S0x14c9S0x60f	0x18e0V0x14c9V0x60f	0
0x18e2S0x14c9S0x60f	0x18e2V0x14c9V0x60f	0
0x18e4S0x14c9S0x60f	0x18e4V0x14c9V0x60f	0
0x18e6S0x14c9S0x60f	0x18e6V0x14c9V0x60f	0
0x18e7S0x14c9S0x60f	0x18e7V0x14c9V0x60f	0
0x18e9S0x14c9S0x60f	0x18e9V0x14c9V0x60f	0
0x18ebS0x14c9S0x60f	0x18ebV0x14c9V0x60f	0
0x18f1S0x14c9S0x60f	0x18f1V0x14c9V0x60f	0
0x18fbS0x14c9S0x60f	0x18fbV0x14c9V0x60f	0
0x18fdS0x14c9S0x60f	0x18fdV0x14c9V0x60f	0
0x18feS0x14c9S0x60f	0x18feV0x14c9V0x60f	0
0x1918S0x14c9S0x60f	0x1918V0x14c9V0x60f	0
0x1927S0x14c9S0x60f	0x1927V0x14c9V0x60f	0
0x1928S0x14c9S0x60f	0x1928V0x14c9V0x60f	0
0x192cS0x14c9S0x60f	0x192cV0x14c9V0x60f	0
0x192dS0x14c9S0x60f	0x192dV0x14c9V0x60f	0
0x197fS0x14c9S0x60f	0x197fV0x14c9V0x60f	0
0x1999S0x14c9S0x60f	0x1999V0x14c9V0x60f	0
0x199cS0x14c9S0x60f	0x199cV0x14c9V0x60f	0
0x199dS0x14c9S0x60f	0x199dV0x14c9V0x60f	0
0x19a1S0x14c9S0x60f	0x19a1V0x14c9V0x60f	0
0x19a3S0x14c9S0x60f	0x19a3V0x14c9V0x60f	0
0x19a6S0x14c9S0x60f	0x19a6V0x14c9V0x60f	0
0x19a8S0x14c9S0x60f	0x19a8V0x14c9V0x60f	0
0x19a9S0x14c9S0x60f	0x19a9V0x14c9V0x60f	0
0x19abS0x14c9S0x60f	0x19abV0x14c9V0x60f	0
0x19acS0x14c9S0x60f	0x19acV0x14c9V0x60f	0
0x19adS0x14c9S0x60f	0x19adV0x14c9V0x60f	0
0x19afS0x14c9S0x60f	0x19afV0x14c9V0x60f	0
0x19b0S0x14c9S0x60f	0x19b0V0x14c9V0x60f	0
0x19b3S0x14c9S0x60f	0x19b3V0x14c9V0x60f	0
0x19b6S0x14c9S0x60f	0x19b6V0x14c9V0x60f	0
0x19b7S0x14c9S0x60f	0x19b7V0x14c9V0x60f	0
0x19b9S0x14c9S0x60f	0x19b9V0x14c9V0x60f	0
0x19bcS0x14c9S0x60f	0x19bcV0x14c9V0x60f	0
0x19beS0x14c9S0x60f	0x19beV0x14c9V0x60f	0
0x17c6S0x14c9S0x60f	0x17c6V0x14c9V0x60f	0
0x17c9S0x14c9S0x60f	0x17c9V0x14c9V0x60f	0
0x17ccS0x14c9S0x60f	0x17ccV0x14c9V0x60f	0
0x17cdS0x14c9S0x60f	0x17cdV0x14c9V0x60f	0
0x17cfS0x14c9S0x60f	0x17cfV0x14c9V0x60f	0
0x17d8S0x14c9S0x60f	0x17d8V0x14c9V0x60f	0
0x17d9S0x14c9S0x60f	0x17d9V0x14c9V0x60f	0
0x1253daS0x14c9S0x60f	0x1253daV0x14c9V0x60f	0
0x17deS0x14c9S0x60f	0x17deV0x14c9V0x60f	0
0x17faS0x14c9S0x60f	0x17faV0x14c9V0x60f	0
0x17fcS0x14c9S0x60f	0x17fcV0x14c9V0x60f	0
0x17fdS0x14c9S0x60f	0x17fdV0x14c9V0x60f	0
0x17ffS0x14c9S0x60f	0x17ffV0x14c9V0x60f	0
0x1800S0x14c9S0x60f	0x1800V0x14c9V0x60f	0
0x1801S0x14c9S0x60f	0x1801V0x14c9V0x60f	0
0x62853S0x14c9S0x60f	0x62853V0x14c9V0x60f	0
0x62855S0x14c9S0x60f	0x62855V0x14c9V0x60f	0
0x62858S0x14c9S0x60f	0x62858V0x14c9V0x60f	0
0x181dS0x14c9S0x60f	0x181dV0x14c9V0x60f	0
0x1822S0x14c9S0x60f	0x1822V0x14c9V0x60f	0
0x1824S0x14c9S0x60f	0x1824V0x14c9V0x60f	0
0x1827S0x14c9S0x60f	0x1827V0x14c9V0x60f	0
0x182aS0x14c9S0x60f	0x182aV0x14c9V0x60f	0
0x182bS0x14c9S0x60f	0x182bV0x14c9V0x60f	0
0x182cS0x14c9S0x60f	0x182cV0x14c9V0x60f	0
0x182eS0x14c9S0x60f	0x182eV0x14c9V0x60f	0
0x1830S0x14c9S0x60f	0x1830V0x14c9V0x60f	0
0x1832S0x14c9S0x60f	0x1832V0x14c9V0x60f	0
0x1833S0x14c9S0x60f	0x1833V0x14c9V0x60f	0
0x1834S0x14c9S0x60f	0x1834V0x14c9V0x60f	0
0x1836S0x14c9S0x60f	0x1836V0x14c9V0x60f	0
0x183bS0x14c9S0x60f	0x183bV0x14c9V0x60f	0
0x6287bS0x14c9S0x60f	0x6287bV0x14c9V0x60f	0
0x6287dS0x14c9S0x60f	0x6287dV0x14c9V0x60f	0
0x62880S0x14c9S0x60f	0x62880V0x14c9V0x60f	0
0x1842S0x14c9S0x60f	0x1842V0x14c9V0x60f	0
0x1847S0x14c9S0x60f	0x1847V0x14c9V0x60f	0
0x1849S0x14c9S0x60f	0x1849V0x14c9V0x60f	0
0x184aS0x14c9S0x60f	0x184aV0x14c9V0x60f	0
0x184cS0x14c9S0x60f	0x184cV0x14c9V0x60f	0
0x184dS0x14c9S0x60f	0x184dV0x14c9V0x60f	0
0x1854S0x14c9S0x60f	0x1854V0x14c9V0x60f	0
0x1859S0x14c9S0x60f	0x1859V0x14c9V0x60f	0
0x185cS0x14c9S0x60f	0x185cV0x14c9V0x60f	0
0x185dS0x14c9S0x60f	0x185dV0x14c9V0x60f	0
0x185fS0x14c9S0x60f	0x185fV0x14c9V0x60f	0
0x1862S0x14c9S0x60f	0x1862V0x14c9V0x60f	0
0x1863S0x14c9S0x60f	0x1863V0x14c9V0x60f	0
0x186aS0x14c9S0x60f	0x186aV0x14c9V0x60f	0
0x186bS0x14c9S0x60f	0x186bV0x14c9V0x60f	0
0x186fS0x14c9S0x60f	0x186fV0x14c9V0x60f	0
0x1870S0x14c9S0x60f	0x1870V0x14c9V0x60f	0
0x1871S0x14c9S0x60f	0x1871V0x14c9V0x60f	0
0x1873S0x14c9S0x60f	0x1873V0x14c9V0x60f	0
0x1875S0x14c9S0x60f	0x1875V0x14c9V0x60f	0
0x1877S0x14c9S0x60f	0x1877V0x14c9V0x60f	0
0x1878S0x14c9S0x60f	0x1878V0x14c9V0x60f	0
0x187aS0x14c9S0x60f	0x187aV0x14c9V0x60f	0
0x187bS0x14c9S0x60f	0x187bV0x14c9V0x60f	0
0x1880S0x14c9S0x60f	0x1880V0x14c9V0x60f	0
0x1886S0x14c9S0x60f	0x1886V0x14c9V0x60f	0
0x188eS0x14c9S0x60f	0x188eV0x14c9V0x60f	0
0x1892S0x14c9S0x60f	0x1892V0x14c9V0x60f	0
0x1895S0x14c9S0x60f	0x1895V0x14c9V0x60f	0
0x1896S0x14c9S0x60f	0x1896V0x14c9V0x60f	0
0x1898S0x14c9S0x60f	0x1898V0x14c9V0x60f	0
0x1899S0x14c9S0x60f	0x1899V0x14c9V0x60f	0
0x189cS0x14c9S0x60f	0x189cV0x14c9V0x60f	0
0x189dS0x14c9S0x60f	0x189dV0x14c9V0x60f	0
0x189eS0x14c9S0x60f	0x189eV0x14c9V0x60f	0
0x18a4S0x14c9S0x60f	0x18a4V0x14c9V0x60f	0
0x18a5S0x14c9S0x60f	0x18a5V0x14c9V0x60f	0
0x18c2S0x14c9S0x60f	0x18c2V0x14c9V0x60f	0
0x18c3S0x14c9S0x60f	0x18c3V0x14c9V0x60f	0
0x18c5S0x14c9S0x60f	0x18c5V0x14c9V0x60f	0
0x18c6S0x14c9S0x60f	0x18c6V0x14c9V0x60f	0
0x18c7S0x14c9S0x60f	0x18c7V0x14c9V0x60f	0
0x18c9S0x14c9S0x60f	0x18c9V0x14c9V0x60f	0
0x18ceS0x14c9S0x60f	0x18ceV0x14c9V0x60f	0
0x18cfS0x14c9S0x60f	0x18cfV0x14c9V0x60f	0
0x628a3S0x14c9S0x60f	0x628a3V0x14c9V0x60f	0
0x628a5S0x14c9S0x60f	0x628a5V0x14c9V0x60f	0
0x628a8S0x14c9S0x60f	0x628a8V0x14c9V0x60f	0
0x312eS0x14c9S0x60f	0x312eV0x14c9V0x60f	0
0x3133S0x14c9S0x60f	0x3133V0x14c9V0x60f	0
0x3137S0x14c9S0x60f	0x3137V0x14c9V0x60f	0
0x3139S0x14c9S0x60f	0x3139V0x14c9V0x60f	0
0x315aS0x14c9S0x60f	0x315aV0x14c9V0x60f	0
0x315dS0x14c9S0x60f	0x315dV0x14c9V0x60f	0
0x315fS0x14c9S0x60f	0x315fV0x14c9V0x60f	0
0x3169S0x14c9S0x60f	0x3169V0x14c9V0x60f	0
0x316bS0x14c9S0x60f	0x316bV0x14c9V0x60f	0
0x316cS0x14c9S0x60f	0x316cV0x14c9V0x60f	0
0x316fS0x14c9S0x60f	0x316fV0x14c9V0x60f	0
0x3171S0x14c9S0x60f	0x3171V0x14c9V0x60f	0
0x3173S0x14c9S0x60f	0x3173V0x14c9V0x60f	0
0x193aS0x14c9S0x60f	0x193aV0x14c9V0x60f	0
0x193cS0x14c9S0x60f	0x193cV0x14c9V0x60f	0
0x193dS0x14c9S0x60f	0x193dV0x14c9V0x60f	0
0x1942S0x14c9S0x60f	0x1942V0x14c9V0x60f	0
0x1944S0x14c9S0x60f	0x1944V0x14c9V0x60f	0
0x1947S0x14c9S0x60f	0x1947V0x14c9V0x60f	0
0x1949S0x14c9S0x60f	0x1949V0x14c9V0x60f	0
0x194bS0x14c9S0x60f	0x194bV0x14c9V0x60f	0
0x194dS0x14c9S0x60f	0x194dV0x14c9V0x60f	0
0x194eS0x14c9S0x60f	0x194eV0x14c9V0x60f	0
0x1950S0x14c9S0x60f	0x1950V0x14c9V0x60f	0
0x1952S0x14c9S0x60f	0x1952V0x14c9V0x60f	0
0x1958S0x14c9S0x60f	0x1958V0x14c9V0x60f	0
0x1962S0x14c9S0x60f	0x1962V0x14c9V0x60f	0
0x1964S0x14c9S0x60f	0x1964V0x14c9V0x60f	0
0x1965S0x14c9S0x60f	0x1965V0x14c9V0x60f	0
0x1903S0x14c9S0x60f	0x1903V0x14c9V0x60f	0
0x1905S0x14c9S0x60f	0x1905V0x14c9V0x60f	0
0x1907S0x14c9S0x60f	0x1907V0x14c9V0x60f	0
0x190aS0x14c9S0x60f	0x190aV0x14c9V0x60f	0
0x190cS0x14c9S0x60f	0x190cV0x14c9V0x60f	0
0x1910S0x14c9S0x60f	0x1910V0x14c9V0x60f	0
0x1911S0x14c9S0x60f	0x1911V0x14c9V0x60f	0
0x1913S0x14c9S0x60f	0x1913V0x14c9V0x60f	0
0x1914S0x14c9S0x60f	0x1914V0x14c9V0x60f	0
0x191eS0x14c9S0x60f	0x191eV0x14c9V0x60f	0
0x191fS0x14c9S0x60f	0x191fV0x14c9V0x60f	0
0x1920S0x14c9S0x60f	0x1920V0x14c9V0x60f	0
0x1922S0x14c9S0x60f	0x1922V0x14c9V0x60f	0
0x1923S0x14c9S0x60f	0x1923V0x14c9V0x60f	0
0x1935S0x14c9S0x60f	0x1935V0x14c9V0x60f	0
0x1a17S0x14c9S0x60f	0x1a17V0x14c9V0x60f	0
0x1a1aS0x14c9S0x60f	0x1a1aV0x14c9V0x60f	0
0x1a1bS0x14c9S0x60f	0x1a1bV0x14c9V0x60f	0
0x1a1dS0x14c9S0x60f	0x1a1dV0x14c9V0x60f	0
0x1a28S0x14c9S0x60f	0x1a28V0x14c9V0x60f	0
0x1a2bS0x14c9S0x60f	0x1a2bV0x14c9V0x60f	0
0x1a2dS0x14c9S0x60f	0x1a2dV0x14c9V0x60f	0
0x1a2eS0x14c9S0x60f	0x1a2eV0x14c9V0x60f	0
0x1a36S0x14c9S0x60f	0x1a36V0x14c9V0x60f	0
0x1267daS0x14c9S0x60f	0x1267daV0x14c9V0x60f	0
0x196aS0x14c9S0x60f	0x196aV0x14c9V0x60f	0
0x196cS0x14c9S0x60f	0x196cV0x14c9V0x60f	0
0x196eS0x14c9S0x60f	0x196eV0x14c9V0x60f	0
0x1971S0x14c9S0x60f	0x1971V0x14c9V0x60f	0
0x1973S0x14c9S0x60f	0x1973V0x14c9V0x60f	0
0x1977S0x14c9S0x60f	0x1977V0x14c9V0x60f	0
0x1978S0x14c9S0x60f	0x1978V0x14c9V0x60f	0
0x197aS0x14c9S0x60f	0x197aV0x14c9V0x60f	0
0x197bS0x14c9S0x60f	0x197bV0x14c9V0x60f	0
0x1985S0x14c9S0x60f	0x1985V0x14c9V0x60f	0
0x1986S0x14c9S0x60f	0x1986V0x14c9V0x60f	0
0x198cS0x14c9S0x60f	0x198cV0x14c9V0x60f	0
0x198dS0x14c9S0x60f	0x198dV0x14c9V0x60f	0
0x1995S0x14c9S0x60f	0x1995V0x14c9V0x60f	0
0x1994_0x0S0x14c9S0x60f	0x1994_0x0V0x14c9V0x60f	0
0x19c3S0x14c9S0x60f	0x19c3V0x14c9V0x60f	0
0x14640S0x14c9S0x60f	0x14640V0x14c9V0x60f	0
0x19caS0x14c9S0x60f	0x19caV0x14c9V0x60f	0
0x19cbS0x14c9S0x60f	0x19cbV0x14c9V0x60f	0
0x19cdS0x14c9S0x60f	0x19cdV0x14c9V0x60f	0
0x19ceS0x14c9S0x60f	0x19ceV0x14c9V0x60f	0
0x19cfS0x14c9S0x60f	0x19cfV0x14c9V0x60f	0
0x19d1S0x14c9S0x60f	0x19d1V0x14c9V0x60f	0
0x19d4S0x14c9S0x60f	0x19d4V0x14c9V0x60f	0
0x19d6S0x14c9S0x60f	0x19d6V0x14c9V0x60f	0
0x19d7S0x14c9S0x60f	0x19d7V0x14c9V0x60f	0
0x19f9S0x14c9S0x60f	0x19f9V0x14c9V0x60f	0
0x19ffS0x14c9S0x60f	0x19ffV0x14c9V0x60f	0
0x1a04S0x14c9S0x60f	0x1a04V0x14c9V0x60f	0
0x1a06S0x14c9S0x60f	0x1a06V0x14c9V0x60f	0
0x1a09S0x14c9S0x60f	0x1a09V0x14c9V0x60f	0
0x1a12S0x14c9S0x60f	0x1a12V0x14c9V0x60f	0
0x2c77S0x14c9S0x60f	0x2c77V0x14c9V0x60f	0
0x2c79S0x14c9S0x60f	0x2c79V0x14c9V0x60f	0
0x2c7eS0x14c9S0x60f	0x2c7eV0x14c9V0x60f	0
0x2c80S0x14c9S0x60f	0x2c80V0x14c9V0x60f	0
0x2c83S0x14c9S0x60f	0x2c83V0x14c9V0x60f	0
0x2c85S0x14c9S0x60f	0x2c85V0x14c9V0x60f	0
0x2c89S0x14c9S0x60f	0x2c89V0x14c9V0x60f	0
0x2c8cS0x14c9S0x60f	0x2c8cV0x14c9V0x60f	0
0x2c8dS0x14c9S0x60f	0x2c8dV0x14c9V0x60f	0
0x2c90S0x14c9S0x60f	0x2c90V0x14c9V0x60f	0
0x2c91S0x14c9S0x60f	0x2c91V0x14c9V0x60f	0
0x2c76_0x1S0x14c9S0x60f	0x2c76_0x1V0x14c9V0x60f	0
0x1a3bS0x14c9S0x60f	0x1a3bV0x14c9V0x60f	0
0x1a3dS0x14c9S0x60f	0x1a3dV0x14c9V0x60f	0
0x1a40S0x14c9S0x60f	0x1a40V0x14c9V0x60f	0
0x15040S0x14c9S0x60f	0x15040V0x14c9V0x60f	0
0x2c96S0x14c9S0x60f	0x2c96V0x14c9V0x60f	0
0x2c98S0x14c9S0x60f	0x2c98V0x14c9V0x60f	0
0x2c99S0x14c9S0x60f	0x2c99V0x14c9V0x60f	0
0x2c9bS0x14c9S0x60f	0x2c9bV0x14c9V0x60f	0
0x2c9cS0x14c9S0x60f	0x2c9cV0x14c9V0x60f	0
0x2ca0S0x14c9S0x60f	0x2ca0V0x14c9V0x60f	0
0x2ca1S0x14c9S0x60f	0x2ca1V0x14c9V0x60f	0
0x2ca3S0x14c9S0x60f	0x2ca3V0x14c9V0x60f	0
0x1992S0x14c9S0x60f	0x1992V0x14c9V0x60f	0
0x13c40S0x14c9S0x60f	0x13c40V0x14c9V0x60f	0
0x326aS0x17e2S0x14c9S0x60f	0x326aV0x17e2V0x14c9V0x60f	0
0x326fS0x17e2S0x14c9S0x60f	0x326fV0x17e2V0x14c9V0x60f	0
0x3273S0x17e2S0x14c9S0x60f	0x3273V0x17e2V0x14c9V0x60f	0
0x3275S0x17e2S0x14c9S0x60f	0x3275V0x17e2V0x14c9V0x60f	0
0x3296S0x17e2S0x14c9S0x60f	0x3296V0x17e2V0x14c9V0x60f	0
0x3299S0x17e2S0x14c9S0x60f	0x3299V0x17e2V0x14c9V0x60f	0
0x329bS0x17e2S0x14c9S0x60f	0x329bV0x17e2V0x14c9V0x60f	0
0x329eS0x17e2S0x14c9S0x60f	0x329eV0x17e2V0x14c9V0x60f	0
0x32a0S0x17e2S0x14c9S0x60f	0x32a0V0x17e2V0x14c9V0x60f	0
0x32a1S0x17e2S0x14c9S0x60f	0x32a1V0x17e2V0x14c9V0x60f	0
0x32a4S0x17e2S0x14c9S0x60f	0x32a4V0x17e2V0x14c9V0x60f	0
0x32a6S0x17e2S0x14c9S0x60f	0x32a6V0x17e2V0x14c9V0x60f	0
0x32a8S0x17e2S0x14c9S0x60f	0x32a8V0x17e2V0x14c9V0x60f	0
0x2d3bS0x1805S0x14c9S0x60f	0x2d3bV0x1805V0x14c9V0x60f	0
0x2d40S0x1805S0x14c9S0x60f	0x2d40V0x1805V0x14c9V0x60f	0
0x2d44S0x1805S0x14c9S0x60f	0x2d44V0x1805V0x14c9V0x60f	0
0x2d46S0x1805S0x14c9S0x60f	0x2d46V0x1805V0x14c9V0x60f	0
0x2d67S0x1805S0x14c9S0x60f	0x2d67V0x1805V0x14c9V0x60f	0
0x2d6aS0x1805S0x14c9S0x60f	0x2d6aV0x1805V0x14c9V0x60f	0
0x2d6cS0x1805S0x14c9S0x60f	0x2d6cV0x1805V0x14c9V0x60f	0
0x2d8dS0x1805S0x14c9S0x60f	0x2d8dV0x1805V0x14c9V0x60f	0
0x2d90S0x1805S0x14c9S0x60f	0x2d90V0x1805V0x14c9V0x60f	0
0x2d92S0x1805S0x14c9S0x60f	0x2d92V0x1805V0x14c9V0x60f	0
0x2d98S0x1805S0x14c9S0x60f	0x2d98V0x1805V0x14c9V0x60f	0
0x2d9aS0x1805S0x14c9S0x60f	0x2d9aV0x1805V0x14c9V0x60f	0
0x2d9bS0x1805S0x14c9S0x60f	0x2d9bV0x1805V0x14c9V0x60f	0
0x2d9eS0x1805S0x14c9S0x60f	0x2d9eV0x1805V0x14c9V0x60f	0
0x2da0S0x1805S0x14c9S0x60f	0x2da0V0x1805V0x14c9V0x60f	0
0x2da2S0x1805S0x14c9S0x60f	0x2da2V0x1805V0x14c9V0x60f	0
0x1276S0x181cS0x14c9S0x60f	0x1276V0x181cV0x14c9V0x60f	0
0x1280S0x181cS0x14c9S0x60f	0x1280V0x181cV0x14c9V0x60f	0
0x1285S0x181cS0x14c9S0x60f	0x1285V0x181cV0x14c9V0x60f	0
0x1286S0x181cS0x14c9S0x60f	0x1286V0x181cV0x14c9V0x60f	0
0x1287S0x181cS0x14c9S0x60f	0x1287V0x181cV0x14c9V0x60f	0
0x128bS0x181cS0x14c9S0x60f	0x128bV0x181cV0x14c9V0x60f	0
0x128cS0x181cS0x14c9S0x60f	0x128cV0x181cV0x14c9V0x60f	0
0x2b74S0x183fS0x14c9S0x60f	0x2b74V0x183fV0x14c9V0x60f	0
0x2b76S0x183fS0x14c9S0x60f	0x2b76V0x183fV0x14c9V0x60f	0
0x2b83S0x183fS0x14c9S0x60f	0x2b83V0x183fV0x14c9V0x60f	0
0x2b85S0x183fS0x14c9S0x60f	0x2b85V0x183fV0x14c9V0x60f	0
0x2b87S0x183fS0x14c9S0x60f	0x2b87V0x183fV0x14c9V0x60f	0
0x2b88S0x183fS0x14c9S0x60f	0x2b88V0x183fV0x14c9V0x60f	0
0x2b8dS0x183fS0x14c9S0x60f	0x2b8dV0x183fV0x14c9V0x60f	0
0x2b90S0x183fS0x14c9S0x60f	0x2b90V0x183fV0x14c9V0x60f	0
0x2b93S0x183fS0x14c9S0x60f	0x2b93V0x183fV0x14c9V0x60f	0
0x2b94S0x183fS0x14c9S0x60f	0x2b94V0x183fV0x14c9V0x60f	0
0x2b96S0x183fS0x14c9S0x60f	0x2b96V0x183fV0x14c9V0x60f	0
0x34b2S0x2c76S0x14c9S0x60f	0x34b2V0x2c76V0x14c9V0x60f	0
0x34b6S0x2c76S0x14c9S0x60f	0x34b6V0x2c76V0x14c9V0x60f	0
0x1c840S0x2c76S0x14c9S0x60f	0x1c840V0x2c76V0x14c9V0x60f	0
0x348fS0x2c76S0x14c9S0x60f	0x348fV0x2c76V0x14c9V0x60f	0
0x1be40S0x2c76S0x14c9S0x60f	0x1be40V0x2c76V0x14c9V0x60f	0
0x34acS0x2c76S0x14c9S0x60f	0x34acV0x2c76V0x14c9V0x60f	0
0x34adS0x2c76S0x14c9S0x60f	0x34adV0x2c76V0x14c9V0x60f	0
0x34aeS0x2c76S0x14c9S0x60f	0x34aeV0x2c76V0x14c9V0x60f	0
0x34a9_0x0S0x2c76S0x14c9S0x60f	0x34a9_0x0V0x2c76V0x14c9V0x60f	0
0x3494S0x2c76S0x14c9S0x60f	0x3494V0x2c76V0x14c9V0x60f	0
0x3495S0x2c76S0x14c9S0x60f	0x3495V0x2c76V0x14c9V0x60f	0
0x3496S0x2c76S0x14c9S0x60f	0x3496V0x2c76V0x14c9V0x60f	0
0x3491_0x0S0x2c76S0x14c9S0x60f	0x3491_0x0V0x2c76V0x14c9V0x60f	0
0x349cS0x2c76S0x14c9S0x60f	0x349cV0x2c76V0x14c9V0x60f	0
0x349dS0x2c76S0x14c9S0x60f	0x349dV0x2c76V0x14c9V0x60f	0
0x34a0S0x2c76S0x14c9S0x60f	0x34a0V0x2c76V0x14c9V0x60f	0
0x34a2S0x2c76S0x14c9S0x60f	0x34a2V0x2c76V0x14c9V0x60f	0
0x34a4S0x2c76S0x14c9S0x60f	0x34a4V0x2c76V0x14c9V0x60f	0
0x34a5S0x2c76S0x14c9S0x60f	0x34a5V0x2c76V0x14c9V0x60f	0
0x349a_0x0S0x2c76S0x14c9S0x60f	0x349a_0x0V0x2c76V0x14c9V0x60f	0
0x2c54S0x18d3S0x14c9S0x60f	0x2c54V0x18d3V0x14c9V0x60f	0
0x2c59S0x18d3S0x14c9S0x60f	0x2c59V0x18d3V0x14c9V0x60f	0
0x2c5bS0x18d3S0x14c9S0x60f	0x2c5bV0x18d3V0x14c9V0x60f	0
0x2c5eS0x18d3S0x14c9S0x60f	0x2c5eV0x18d3V0x14c9V0x60f	0
0x2c60S0x18d3S0x14c9S0x60f	0x2c60V0x18d3V0x14c9V0x60f	0
0x2c63S0x18d3S0x14c9S0x60f	0x2c63V0x18d3V0x14c9V0x60f	0
0x2c66S0x18d3S0x14c9S0x60f	0x2c66V0x18d3V0x14c9V0x60f	0
0x2c69S0x18d3S0x14c9S0x60f	0x2c69V0x18d3V0x14c9V0x60f	0
0x2b4aS0x2c53S0x18d3S0x14c9S0x60f	0x2b4aV0x2c53V0x18d3V0x14c9V0x60f	0
0x2b51S0x2c53S0x18d3S0x14c9S0x60f	0x2b51V0x2c53V0x18d3V0x14c9V0x60f	0
0x2b54S0x2c53S0x18d3S0x14c9S0x60f	0x2b54V0x2c53V0x18d3V0x14c9V0x60f	0
0x2b57S0x2c53S0x18d3S0x14c9S0x60f	0x2b57V0x2c53V0x18d3V0x14c9V0x60f	0
0x2b5bS0x2c53S0x18d3S0x14c9S0x60f	0x2b5bV0x2c53V0x18d3V0x14c9V0x60f	0
0x2b5cS0x2c53S0x18d3S0x14c9S0x60f	0x2b5cV0x2c53V0x18d3V0x14c9V0x60f	0
0x2b5eS0x2c53S0x18d3S0x14c9S0x60f	0x2b5eV0x2c53V0x18d3V0x14c9V0x60f	0
0x2b60S0x2c53S0x18d3S0x14c9S0x60f	0x2b60V0x2c53V0x18d3V0x14c9V0x60f	0
0x2b62S0x2c53S0x18d3S0x14c9S0x60f	0x2b62V0x2c53V0x18d3V0x14c9V0x60f	0
0x2b63S0x2c53S0x18d3S0x14c9S0x60f	0x2b63V0x2c53V0x18d3V0x14c9V0x60f	0
0x2b66S0x2c53S0x18d3S0x14c9S0x60f	0x2b66V0x2c53V0x18d3V0x14c9V0x60f	0
0x2b67S0x2c53S0x18d3S0x14c9S0x60f	0x2b67V0x2c53V0x18d3V0x14c9V0x60f	0
0x2b69S0x2c53S0x18d3S0x14c9S0x60f	0x2b69V0x2c53V0x18d3V0x14c9V0x60f	0
0x2b6aS0x2c53S0x18d3S0x14c9S0x60f	0x2b6aV0x2c53V0x18d3V0x14c9V0x60f	0
0x2c54S0x1939S0x14c9S0x60f	0x2c54V0x1939V0x14c9V0x60f	0
0x2c59S0x1939S0x14c9S0x60f	0x2c59V0x1939V0x14c9V0x60f	0
0x2c5bS0x1939S0x14c9S0x60f	0x2c5bV0x1939V0x14c9V0x60f	0
0x2c5eS0x1939S0x14c9S0x60f	0x2c5eV0x1939V0x14c9V0x60f	0
0x2c60S0x1939S0x14c9S0x60f	0x2c60V0x1939V0x14c9V0x60f	0
0x2c63S0x1939S0x14c9S0x60f	0x2c63V0x1939V0x14c9V0x60f	0
0x2c66S0x1939S0x14c9S0x60f	0x2c66V0x1939V0x14c9V0x60f	0
0x2c69S0x1939S0x14c9S0x60f	0x2c69V0x1939V0x14c9V0x60f	0
0x2b4aS0x2c53S0x1939S0x14c9S0x60f	0x2b4aV0x2c53V0x1939V0x14c9V0x60f	0
0x2b51S0x2c53S0x1939S0x14c9S0x60f	0x2b51V0x2c53V0x1939V0x14c9V0x60f	0
0x2b54S0x2c53S0x1939S0x14c9S0x60f	0x2b54V0x2c53V0x1939V0x14c9V0x60f	0
0x2b57S0x2c53S0x1939S0x14c9S0x60f	0x2b57V0x2c53V0x1939V0x14c9V0x60f	0
0x2b5bS0x2c53S0x1939S0x14c9S0x60f	0x2b5bV0x2c53V0x1939V0x14c9V0x60f	0
0x2b5cS0x2c53S0x1939S0x14c9S0x60f	0x2b5cV0x2c53V0x1939V0x14c9V0x60f	0
0x2b5eS0x2c53S0x1939S0x14c9S0x60f	0x2b5eV0x2c53V0x1939V0x14c9V0x60f	0
0x2b60S0x2c53S0x1939S0x14c9S0x60f	0x2b60V0x2c53V0x1939V0x14c9V0x60f	0
0x2b62S0x2c53S0x1939S0x14c9S0x60f	0x2b62V0x2c53V0x1939V0x14c9V0x60f	0
0x2b63S0x2c53S0x1939S0x14c9S0x60f	0x2b63V0x2c53V0x1939V0x14c9V0x60f	0
0x2b66S0x2c53S0x1939S0x14c9S0x60f	0x2b66V0x2c53V0x1939V0x14c9V0x60f	0
0x2b67S0x2c53S0x1939S0x14c9S0x60f	0x2b67V0x2c53V0x1939V0x14c9V0x60f	0
0x2b69S0x2c53S0x1939S0x14c9S0x60f	0x2b69V0x2c53V0x1939V0x14c9V0x60f	0
0x2b6aS0x2c53S0x1939S0x14c9S0x60f	0x2b6aV0x2c53V0x1939V0x14c9V0x60f	0
0x345bS0x1a16S0x14c9S0x60f	0x345bV0x1a16V0x14c9V0x60f	0
0x345eS0x1a16S0x14c9S0x60f	0x345eV0x1a16V0x14c9V0x60f	0
0x3461S0x1a16S0x14c9S0x60f	0x3461V0x1a16V0x14c9V0x60f	0
0x3463S0x1a16S0x14c9S0x60f	0x3463V0x1a16V0x14c9V0x60f	0
0x3465S0x1a16S0x14c9S0x60f	0x3465V0x1a16V0x14c9V0x60f	0
0x3467S0x1a16S0x14c9S0x60f	0x3467V0x1a16V0x14c9V0x60f	0
0x3468S0x1a16S0x14c9S0x60f	0x3468V0x1a16V0x14c9V0x60f	0
0x346aS0x1a16S0x14c9S0x60f	0x346aV0x1a16V0x14c9V0x60f	0
0x346bS0x1a16S0x14c9S0x60f	0x346bV0x1a16V0x14c9V0x60f	0
0x346eS0x1a16S0x14c9S0x60f	0x346eV0x1a16V0x14c9V0x60f	0
0x3470S0x1a16S0x14c9S0x60f	0x3470V0x1a16V0x14c9V0x60f	0
0x3473S0x1a16S0x14c9S0x60f	0x3473V0x1a16V0x14c9V0x60f	0
0x3474S0x1a16S0x14c9S0x60f	0x3474V0x1a16V0x14c9V0x60f	0
0x3478S0x1a16S0x14c9S0x60f	0x3478V0x1a16V0x14c9V0x60f	0
0x347dS0x1a16S0x14c9S0x60f	0x347dV0x1a16V0x14c9V0x60f	0
0x3480S0x1a16S0x14c9S0x60f	0x3480V0x1a16V0x14c9V0x60f	0
0x3485S0x1a16S0x14c9S0x60f	0x3485V0x1a16V0x14c9V0x60f	0
0x3487S0x1a16S0x14c9S0x60f	0x3487V0x1a16V0x14c9V0x60f	0
0x34bfS0x345aS0x1a16S0x14c9S0x60f	0x34bfV0x345aV0x1a16V0x14c9V0x60f	0
0x34c2S0x345aS0x1a16S0x14c9S0x60f	0x34c2V0x345aV0x1a16V0x14c9V0x60f	0
0x34c3S0x345aS0x1a16S0x14c9S0x60f	0x34c3V0x345aV0x1a16V0x14c9V0x60f	0
0x1175S0x17c5S0x14c9S0x60f	0x1175V0x17c5V0x14c9V0x60f	0
0x117aS0x17c5S0x14c9S0x60f	0x117aV0x17c5V0x14c9V0x60f	0
0x117cS0x17c5S0x14c9S0x60f	0x117cV0x17c5V0x14c9V0x60f	0
0x117fS0x17c5S0x14c9S0x60f	0x117fV0x17c5V0x14c9V0x60f	0
0x1182S0x17c5S0x14c9S0x60f	0x1182V0x17c5V0x14c9V0x60f	0
0x1183S0x17c5S0x14c9S0x60f	0x1183V0x17c5V0x14c9V0x60f	0
0x1188S0x17c5S0x14c9S0x60f	0x1188V0x17c5V0x14c9V0x60f	0
0x2231S0x1174S0x17c5S0x14c9S0x60f	0x2231V0x1174V0x17c5V0x14c9V0x60f	0
0x2233S0x1174S0x17c5S0x14c9S0x60f	0x2233V0x1174V0x17c5V0x14c9V0x60f	0
0x2237S0x1174S0x17c5S0x14c9S0x60f	0x2237V0x1174V0x17c5V0x14c9V0x60f	0
0x2239S0x1174S0x17c5S0x14c9S0x60f	0x2239V0x1174V0x17c5V0x14c9V0x60f	0
0x223bS0x1174S0x17c5S0x14c9S0x60f	0x223bV0x1174V0x17c5V0x14c9V0x60f	0
0x223dS0x1174S0x17c5S0x14c9S0x60f	0x223dV0x1174V0x17c5V0x14c9V0x60f	0
0x223eS0x1174S0x17c5S0x14c9S0x60f	0x223eV0x1174V0x17c5V0x14c9V0x60f	0
0x2240S0x1174S0x17c5S0x14c9S0x60f	0x2240V0x1174V0x17c5V0x14c9V0x60f	0
0x2241S0x1174S0x17c5S0x14c9S0x60f	0x2241V0x1174V0x17c5V0x14c9V0x60f	0
0x2483S0x2230S0x1174S0x17c5S0x14c9S0x60f	0x2483V0x2230V0x1174V0x17c5V0x14c9V0x60f	0
0x2488S0x2230S0x1174S0x17c5S0x14c9S0x60f	0x2488V0x2230V0x1174V0x17c5V0x14c9V0x60f	0
0x248dS0x2230S0x1174S0x17c5S0x14c9S0x60f	0x248dV0x2230V0x1174V0x17c5V0x14c9V0x60f	0
0x248eS0x2230S0x1174S0x17c5S0x14c9S0x60f	0x248eV0x2230V0x1174V0x17c5V0x14c9V0x60f	0
0x2491S0x2230S0x1174S0x17c5S0x14c9S0x60f	0x2491V0x2230V0x1174V0x17c5V0x14c9V0x60f	0
0x2494S0x2230S0x1174S0x17c5S0x14c9S0x60f	0x2494V0x2230V0x1174V0x17c5V0x14c9V0x60f	0
0x2495S0x2230S0x1174S0x17c5S0x14c9S0x60f	0x2495V0x2230V0x1174V0x17c5V0x14c9V0x60f	0
0x2496S0x2230S0x1174S0x17c5S0x14c9S0x60f	0x2496V0x2230V0x1174V0x17c5V0x14c9V0x60f	0
0x2497S0x2230S0x1174S0x17c5S0x14c9S0x60f	0x2497V0x2230V0x1174V0x17c5V0x14c9V0x60f	0
0x17e2S0x1795S0x60f	0x17e2V0x1795V0x60f	0
0x17e4S0x1795S0x60f	0x17e4V0x1795V0x60f	0
0x17e5S0x1795S0x60f	0x17e5V0x1795V0x60f	0
0x17e9S0x1795S0x60f	0x17e9V0x1795V0x60f	0
0x17ebS0x1795S0x60f	0x17ebV0x1795V0x60f	0
0x17eeS0x1795S0x60f	0x17eeV0x1795V0x60f	0
0x17f0S0x1795S0x60f	0x17f0V0x1795V0x60f	0
0x17f1S0x1795S0x60f	0x17f1V0x1795V0x60f	0
0x17f5S0x1795S0x60f	0x17f5V0x1795V0x60f	0
0x1805S0x1795S0x60f	0x1805V0x1795V0x60f	0
0x1807S0x1795S0x60f	0x1807V0x1795V0x60f	0
0x1808S0x1795S0x60f	0x1808V0x1795V0x60f	0
0x180cS0x1795S0x60f	0x180cV0x1795V0x60f	0
0x180eS0x1795S0x60f	0x180eV0x1795V0x60f	0
0x1811S0x1795S0x60f	0x1811V0x1795V0x60f	0
0x1813S0x1795S0x60f	0x1813V0x1795V0x60f	0
0x1814S0x1795S0x60f	0x1814V0x1795V0x60f	0
0x1818S0x1795S0x60f	0x1818V0x1795V0x60f	0
0x18a9S0x1795S0x60f	0x18a9V0x1795V0x60f	0
0x18abS0x1795S0x60f	0x18abV0x1795V0x60f	0
0x18acS0x1795S0x60f	0x18acV0x1795V0x60f	0
0x18b0S0x1795S0x60f	0x18b0V0x1795V0x60f	0
0x18b2S0x1795S0x60f	0x18b2V0x1795V0x60f	0
0x18b5S0x1795S0x60f	0x18b5V0x1795V0x60f	0
0x18b7S0x1795S0x60f	0x18b7V0x1795V0x60f	0
0x18b8S0x1795S0x60f	0x18b8V0x1795V0x60f	0
0x18bcS0x1795S0x60f	0x18bcV0x1795V0x60f	0
0x18d3S0x1795S0x60f	0x18d3V0x1795V0x60f	0
0x18d5S0x1795S0x60f	0x18d5V0x1795V0x60f	0
0x18d6S0x1795S0x60f	0x18d6V0x1795V0x60f	0
0x18dbS0x1795S0x60f	0x18dbV0x1795V0x60f	0
0x18ddS0x1795S0x60f	0x18ddV0x1795V0x60f	0
0x18e0S0x1795S0x60f	0x18e0V0x1795V0x60f	0
0x18e2S0x1795S0x60f	0x18e2V0x1795V0x60f	0
0x18e4S0x1795S0x60f	0x18e4V0x1795V0x60f	0
0x18e6S0x1795S0x60f	0x18e6V0x1795V0x60f	0
0x18e7S0x1795S0x60f	0x18e7V0x1795V0x60f	0
0x18e9S0x1795S0x60f	0x18e9V0x1795V0x60f	0
0x18ebS0x1795S0x60f	0x18ebV0x1795V0x60f	0
0x18f1S0x1795S0x60f	0x18f1V0x1795V0x60f	0
0x18fbS0x1795S0x60f	0x18fbV0x1795V0x60f	0
0x18fdS0x1795S0x60f	0x18fdV0x1795V0x60f	0
0x18feS0x1795S0x60f	0x18feV0x1795V0x60f	0
0x1918S0x1795S0x60f	0x1918V0x1795V0x60f	0
0x1927S0x1795S0x60f	0x1927V0x1795V0x60f	0
0x1928S0x1795S0x60f	0x1928V0x1795V0x60f	0
0x192cS0x1795S0x60f	0x192cV0x1795V0x60f	0
0x192dS0x1795S0x60f	0x192dV0x1795V0x60f	0
0x197fS0x1795S0x60f	0x197fV0x1795V0x60f	0
0x1999S0x1795S0x60f	0x1999V0x1795V0x60f	0
0x199cS0x1795S0x60f	0x199cV0x1795V0x60f	0
0x199dS0x1795S0x60f	0x199dV0x1795V0x60f	0
0x19a1S0x1795S0x60f	0x19a1V0x1795V0x60f	0
0x19a3S0x1795S0x60f	0x19a3V0x1795V0x60f	0
0x19a6S0x1795S0x60f	0x19a6V0x1795V0x60f	0
0x19a8S0x1795S0x60f	0x19a8V0x1795V0x60f	0
0x19a9S0x1795S0x60f	0x19a9V0x1795V0x60f	0
0x19abS0x1795S0x60f	0x19abV0x1795V0x60f	0
0x19acS0x1795S0x60f	0x19acV0x1795V0x60f	0
0x19adS0x1795S0x60f	0x19adV0x1795V0x60f	0
0x19afS0x1795S0x60f	0x19afV0x1795V0x60f	0
0x19b0S0x1795S0x60f	0x19b0V0x1795V0x60f	0
0x19b3S0x1795S0x60f	0x19b3V0x1795V0x60f	0
0x19b6S0x1795S0x60f	0x19b6V0x1795V0x60f	0
0x19b7S0x1795S0x60f	0x19b7V0x1795V0x60f	0
0x19b9S0x1795S0x60f	0x19b9V0x1795V0x60f	0
0x19bcS0x1795S0x60f	0x19bcV0x1795V0x60f	0
0x19beS0x1795S0x60f	0x19beV0x1795V0x60f	0
0x17c6S0x1795S0x60f	0x17c6V0x1795V0x60f	0
0x17c9S0x1795S0x60f	0x17c9V0x1795V0x60f	0
0x17ccS0x1795S0x60f	0x17ccV0x1795V0x60f	0
0x17cdS0x1795S0x60f	0x17cdV0x1795V0x60f	0
0x17cfS0x1795S0x60f	0x17cfV0x1795V0x60f	0
0x17d8S0x1795S0x60f	0x17d8V0x1795V0x60f	0
0x17d9S0x1795S0x60f	0x17d9V0x1795V0x60f	0
0x1253daS0x1795S0x60f	0x1253daV0x1795V0x60f	0
0x17deS0x1795S0x60f	0x17deV0x1795V0x60f	0
0x17faS0x1795S0x60f	0x17faV0x1795V0x60f	0
0x17fcS0x1795S0x60f	0x17fcV0x1795V0x60f	0
0x17fdS0x1795S0x60f	0x17fdV0x1795V0x60f	0
0x17ffS0x1795S0x60f	0x17ffV0x1795V0x60f	0
0x1800S0x1795S0x60f	0x1800V0x1795V0x60f	0
0x1801S0x1795S0x60f	0x1801V0x1795V0x60f	0
0x62853S0x1795S0x60f	0x62853V0x1795V0x60f	0
0x62855S0x1795S0x60f	0x62855V0x1795V0x60f	0
0x62858S0x1795S0x60f	0x62858V0x1795V0x60f	0
0x181dS0x1795S0x60f	0x181dV0x1795V0x60f	0
0x1822S0x1795S0x60f	0x1822V0x1795V0x60f	0
0x1824S0x1795S0x60f	0x1824V0x1795V0x60f	0
0x1827S0x1795S0x60f	0x1827V0x1795V0x60f	0
0x182aS0x1795S0x60f	0x182aV0x1795V0x60f	0
0x182bS0x1795S0x60f	0x182bV0x1795V0x60f	0
0x182cS0x1795S0x60f	0x182cV0x1795V0x60f	0
0x182eS0x1795S0x60f	0x182eV0x1795V0x60f	0
0x1830S0x1795S0x60f	0x1830V0x1795V0x60f	0
0x1832S0x1795S0x60f	0x1832V0x1795V0x60f	0
0x1833S0x1795S0x60f	0x1833V0x1795V0x60f	0
0x1834S0x1795S0x60f	0x1834V0x1795V0x60f	0
0x1836S0x1795S0x60f	0x1836V0x1795V0x60f	0
0x183bS0x1795S0x60f	0x183bV0x1795V0x60f	0
0x6287bS0x1795S0x60f	0x6287bV0x1795V0x60f	0
0x6287dS0x1795S0x60f	0x6287dV0x1795V0x60f	0
0x62880S0x1795S0x60f	0x62880V0x1795V0x60f	0
0x1842S0x1795S0x60f	0x1842V0x1795V0x60f	0
0x1847S0x1795S0x60f	0x1847V0x1795V0x60f	0
0x1849S0x1795S0x60f	0x1849V0x1795V0x60f	0
0x184aS0x1795S0x60f	0x184aV0x1795V0x60f	0
0x184cS0x1795S0x60f	0x184cV0x1795V0x60f	0
0x184dS0x1795S0x60f	0x184dV0x1795V0x60f	0
0x1854S0x1795S0x60f	0x1854V0x1795V0x60f	0
0x1859S0x1795S0x60f	0x1859V0x1795V0x60f	0
0x185cS0x1795S0x60f	0x185cV0x1795V0x60f	0
0x185dS0x1795S0x60f	0x185dV0x1795V0x60f	0
0x185fS0x1795S0x60f	0x185fV0x1795V0x60f	0
0x1862S0x1795S0x60f	0x1862V0x1795V0x60f	0
0x1863S0x1795S0x60f	0x1863V0x1795V0x60f	0
0x186aS0x1795S0x60f	0x186aV0x1795V0x60f	0
0x186bS0x1795S0x60f	0x186bV0x1795V0x60f	0
0x186fS0x1795S0x60f	0x186fV0x1795V0x60f	0
0x1870S0x1795S0x60f	0x1870V0x1795V0x60f	0
0x1871S0x1795S0x60f	0x1871V0x1795V0x60f	0
0x1873S0x1795S0x60f	0x1873V0x1795V0x60f	0
0x1875S0x1795S0x60f	0x1875V0x1795V0x60f	0
0x1877S0x1795S0x60f	0x1877V0x1795V0x60f	0
0x1878S0x1795S0x60f	0x1878V0x1795V0x60f	0
0x187aS0x1795S0x60f	0x187aV0x1795V0x60f	0
0x187bS0x1795S0x60f	0x187bV0x1795V0x60f	0
0x1880S0x1795S0x60f	0x1880V0x1795V0x60f	0
0x1886S0x1795S0x60f	0x1886V0x1795V0x60f	0
0x188eS0x1795S0x60f	0x188eV0x1795V0x60f	0
0x1892S0x1795S0x60f	0x1892V0x1795V0x60f	0
0x1895S0x1795S0x60f	0x1895V0x1795V0x60f	0
0x1896S0x1795S0x60f	0x1896V0x1795V0x60f	0
0x1898S0x1795S0x60f	0x1898V0x1795V0x60f	0
0x1899S0x1795S0x60f	0x1899V0x1795V0x60f	0
0x189cS0x1795S0x60f	0x189cV0x1795V0x60f	0
0x189dS0x1795S0x60f	0x189dV0x1795V0x60f	0
0x189eS0x1795S0x60f	0x189eV0x1795V0x60f	0
0x18a4S0x1795S0x60f	0x18a4V0x1795V0x60f	0
0x18a5S0x1795S0x60f	0x18a5V0x1795V0x60f	0
0x18c2S0x1795S0x60f	0x18c2V0x1795V0x60f	0
0x18c3S0x1795S0x60f	0x18c3V0x1795V0x60f	0
0x18c5S0x1795S0x60f	0x18c5V0x1795V0x60f	0
0x18c6S0x1795S0x60f	0x18c6V0x1795V0x60f	0
0x18c7S0x1795S0x60f	0x18c7V0x1795V0x60f	0
0x18c9S0x1795S0x60f	0x18c9V0x1795V0x60f	0
0x18ceS0x1795S0x60f	0x18ceV0x1795V0x60f	0
0x18cfS0x1795S0x60f	0x18cfV0x1795V0x60f	0
0x628a3S0x1795S0x60f	0x628a3V0x1795V0x60f	0
0x628a5S0x1795S0x60f	0x628a5V0x1795V0x60f	0
0x628a8S0x1795S0x60f	0x628a8V0x1795V0x60f	0
0x312eS0x1795S0x60f	0x312eV0x1795V0x60f	0
0x3133S0x1795S0x60f	0x3133V0x1795V0x60f	0
0x3137S0x1795S0x60f	0x3137V0x1795V0x60f	0
0x3139S0x1795S0x60f	0x3139V0x1795V0x60f	0
0x315aS0x1795S0x60f	0x315aV0x1795V0x60f	0
0x315dS0x1795S0x60f	0x315dV0x1795V0x60f	0
0x315fS0x1795S0x60f	0x315fV0x1795V0x60f	0
0x3169S0x1795S0x60f	0x3169V0x1795V0x60f	0
0x316bS0x1795S0x60f	0x316bV0x1795V0x60f	0
0x316cS0x1795S0x60f	0x316cV0x1795V0x60f	0
0x316fS0x1795S0x60f	0x316fV0x1795V0x60f	0
0x3171S0x1795S0x60f	0x3171V0x1795V0x60f	0
0x3173S0x1795S0x60f	0x3173V0x1795V0x60f	0
0x193aS0x1795S0x60f	0x193aV0x1795V0x60f	0
0x193cS0x1795S0x60f	0x193cV0x1795V0x60f	0
0x193dS0x1795S0x60f	0x193dV0x1795V0x60f	0
0x1942S0x1795S0x60f	0x1942V0x1795V0x60f	0
0x1944S0x1795S0x60f	0x1944V0x1795V0x60f	0
0x1947S0x1795S0x60f	0x1947V0x1795V0x60f	0
0x1949S0x1795S0x60f	0x1949V0x1795V0x60f	0
0x194bS0x1795S0x60f	0x194bV0x1795V0x60f	0
0x194dS0x1795S0x60f	0x194dV0x1795V0x60f	0
0x194eS0x1795S0x60f	0x194eV0x1795V0x60f	0
0x1950S0x1795S0x60f	0x1950V0x1795V0x60f	0
0x1952S0x1795S0x60f	0x1952V0x1795V0x60f	0
0x1958S0x1795S0x60f	0x1958V0x1795V0x60f	0
0x1962S0x1795S0x60f	0x1962V0x1795V0x60f	0
0x1964S0x1795S0x60f	0x1964V0x1795V0x60f	0
0x1965S0x1795S0x60f	0x1965V0x1795V0x60f	0
0x1903S0x1795S0x60f	0x1903V0x1795V0x60f	0
0x1905S0x1795S0x60f	0x1905V0x1795V0x60f	0
0x1907S0x1795S0x60f	0x1907V0x1795V0x60f	0
0x190aS0x1795S0x60f	0x190aV0x1795V0x60f	0
0x190cS0x1795S0x60f	0x190cV0x1795V0x60f	0
0x1910S0x1795S0x60f	0x1910V0x1795V0x60f	0
0x1911S0x1795S0x60f	0x1911V0x1795V0x60f	0
0x1913S0x1795S0x60f	0x1913V0x1795V0x60f	0
0x1914S0x1795S0x60f	0x1914V0x1795V0x60f	0
0x191eS0x1795S0x60f	0x191eV0x1795V0x60f	0
0x191fS0x1795S0x60f	0x191fV0x1795V0x60f	0
0x1920S0x1795S0x60f	0x1920V0x1795V0x60f	0
0x1922S0x1795S0x60f	0x1922V0x1795V0x60f	0
0x1923S0x1795S0x60f	0x1923V0x1795V0x60f	0
0x1935S0x1795S0x60f	0x1935V0x1795V0x60f	0
0x1a17S0x1795S0x60f	0x1a17V0x1795V0x60f	0
0x1a1aS0x1795S0x60f	0x1a1aV0x1795V0x60f	0
0x1a1bS0x1795S0x60f	0x1a1bV0x1795V0x60f	0
0x1a1dS0x1795S0x60f	0x1a1dV0x1795V0x60f	0
0x1a28S0x1795S0x60f	0x1a28V0x1795V0x60f	0
0x1a2bS0x1795S0x60f	0x1a2bV0x1795V0x60f	0
0x1a2dS0x1795S0x60f	0x1a2dV0x1795V0x60f	0
0x1a2eS0x1795S0x60f	0x1a2eV0x1795V0x60f	0
0x1a36S0x1795S0x60f	0x1a36V0x1795V0x60f	0
0x1267daS0x1795S0x60f	0x1267daV0x1795V0x60f	0
0x196aS0x1795S0x60f	0x196aV0x1795V0x60f	0
0x196cS0x1795S0x60f	0x196cV0x1795V0x60f	0
0x196eS0x1795S0x60f	0x196eV0x1795V0x60f	0
0x1971S0x1795S0x60f	0x1971V0x1795V0x60f	0
0x1973S0x1795S0x60f	0x1973V0x1795V0x60f	0
0x1977S0x1795S0x60f	0x1977V0x1795V0x60f	0
0x1978S0x1795S0x60f	0x1978V0x1795V0x60f	0
0x197aS0x1795S0x60f	0x197aV0x1795V0x60f	0
0x197bS0x1795S0x60f	0x197bV0x1795V0x60f	0
0x1985S0x1795S0x60f	0x1985V0x1795V0x60f	0
0x1986S0x1795S0x60f	0x1986V0x1795V0x60f	0
0x198cS0x1795S0x60f	0x198cV0x1795V0x60f	0
0x198dS0x1795S0x60f	0x198dV0x1795V0x60f	0
0x1995S0x1795S0x60f	0x1995V0x1795V0x60f	0
0x1994_0x0S0x1795S0x60f	0x1994_0x0V0x1795V0x60f	0
0x19c3S0x1795S0x60f	0x19c3V0x1795V0x60f	0
0x14640S0x1795S0x60f	0x14640V0x1795V0x60f	0
0x19caS0x1795S0x60f	0x19caV0x1795V0x60f	0
0x19cbS0x1795S0x60f	0x19cbV0x1795V0x60f	0
0x19cdS0x1795S0x60f	0x19cdV0x1795V0x60f	0
0x19ceS0x1795S0x60f	0x19ceV0x1795V0x60f	0
0x19cfS0x1795S0x60f	0x19cfV0x1795V0x60f	0
0x19d1S0x1795S0x60f	0x19d1V0x1795V0x60f	0
0x19d4S0x1795S0x60f	0x19d4V0x1795V0x60f	0
0x19d6S0x1795S0x60f	0x19d6V0x1795V0x60f	0
0x19d7S0x1795S0x60f	0x19d7V0x1795V0x60f	0
0x19f9S0x1795S0x60f	0x19f9V0x1795V0x60f	0
0x19ffS0x1795S0x60f	0x19ffV0x1795V0x60f	0
0x1a04S0x1795S0x60f	0x1a04V0x1795V0x60f	0
0x1a06S0x1795S0x60f	0x1a06V0x1795V0x60f	0
0x1a09S0x1795S0x60f	0x1a09V0x1795V0x60f	0
0x1a12S0x1795S0x60f	0x1a12V0x1795V0x60f	0
0x2c77S0x1795S0x60f	0x2c77V0x1795V0x60f	0
0x2c79S0x1795S0x60f	0x2c79V0x1795V0x60f	0
0x2c7eS0x1795S0x60f	0x2c7eV0x1795V0x60f	0
0x2c80S0x1795S0x60f	0x2c80V0x1795V0x60f	0
0x2c83S0x1795S0x60f	0x2c83V0x1795V0x60f	0
0x2c85S0x1795S0x60f	0x2c85V0x1795V0x60f	0
0x2c89S0x1795S0x60f	0x2c89V0x1795V0x60f	0
0x2c8cS0x1795S0x60f	0x2c8cV0x1795V0x60f	0
0x2c8dS0x1795S0x60f	0x2c8dV0x1795V0x60f	0
0x2c90S0x1795S0x60f	0x2c90V0x1795V0x60f	0
0x2c91S0x1795S0x60f	0x2c91V0x1795V0x60f	0
0x2c76_0x1S0x1795S0x60f	0x2c76_0x1V0x1795V0x60f	0
0x1a3bS0x1795S0x60f	0x1a3bV0x1795V0x60f	0
0x1a3dS0x1795S0x60f	0x1a3dV0x1795V0x60f	0
0x1a40S0x1795S0x60f	0x1a40V0x1795V0x60f	0
0x15040S0x1795S0x60f	0x15040V0x1795V0x60f	0
0x2c96S0x1795S0x60f	0x2c96V0x1795V0x60f	0
0x2c98S0x1795S0x60f	0x2c98V0x1795V0x60f	0
0x2c99S0x1795S0x60f	0x2c99V0x1795V0x60f	0
0x2c9bS0x1795S0x60f	0x2c9bV0x1795V0x60f	0
0x2c9cS0x1795S0x60f	0x2c9cV0x1795V0x60f	0
0x2ca0S0x1795S0x60f	0x2ca0V0x1795V0x60f	0
0x2ca1S0x1795S0x60f	0x2ca1V0x1795V0x60f	0
0x2ca3S0x1795S0x60f	0x2ca3V0x1795V0x60f	0
0x1992S0x1795S0x60f	0x1992V0x1795V0x60f	0
0x13c40S0x1795S0x60f	0x13c40V0x1795V0x60f	0
0x326aS0x17e2S0x1795S0x60f	0x326aV0x17e2V0x1795V0x60f	0
0x326fS0x17e2S0x1795S0x60f	0x326fV0x17e2V0x1795V0x60f	0
0x3273S0x17e2S0x1795S0x60f	0x3273V0x17e2V0x1795V0x60f	0
0x3275S0x17e2S0x1795S0x60f	0x3275V0x17e2V0x1795V0x60f	0
0x3296S0x17e2S0x1795S0x60f	0x3296V0x17e2V0x1795V0x60f	0
0x3299S0x17e2S0x1795S0x60f	0x3299V0x17e2V0x1795V0x60f	0
0x329bS0x17e2S0x1795S0x60f	0x329bV0x17e2V0x1795V0x60f	0
0x329eS0x17e2S0x1795S0x60f	0x329eV0x17e2V0x1795V0x60f	0
0x32a0S0x17e2S0x1795S0x60f	0x32a0V0x17e2V0x1795V0x60f	0
0x32a1S0x17e2S0x1795S0x60f	0x32a1V0x17e2V0x1795V0x60f	0
0x32a4S0x17e2S0x1795S0x60f	0x32a4V0x17e2V0x1795V0x60f	0
0x32a6S0x17e2S0x1795S0x60f	0x32a6V0x17e2V0x1795V0x60f	0
0x32a8S0x17e2S0x1795S0x60f	0x32a8V0x17e2V0x1795V0x60f	0
0x2d3bS0x1805S0x1795S0x60f	0x2d3bV0x1805V0x1795V0x60f	0
0x2d40S0x1805S0x1795S0x60f	0x2d40V0x1805V0x1795V0x60f	0
0x2d44S0x1805S0x1795S0x60f	0x2d44V0x1805V0x1795V0x60f	0
0x2d46S0x1805S0x1795S0x60f	0x2d46V0x1805V0x1795V0x60f	0
0x2d67S0x1805S0x1795S0x60f	0x2d67V0x1805V0x1795V0x60f	0
0x2d6aS0x1805S0x1795S0x60f	0x2d6aV0x1805V0x1795V0x60f	0
0x2d6cS0x1805S0x1795S0x60f	0x2d6cV0x1805V0x1795V0x60f	0
0x2d8dS0x1805S0x1795S0x60f	0x2d8dV0x1805V0x1795V0x60f	0
0x2d90S0x1805S0x1795S0x60f	0x2d90V0x1805V0x1795V0x60f	0
0x2d92S0x1805S0x1795S0x60f	0x2d92V0x1805V0x1795V0x60f	0
0x2d98S0x1805S0x1795S0x60f	0x2d98V0x1805V0x1795V0x60f	0
0x2d9aS0x1805S0x1795S0x60f	0x2d9aV0x1805V0x1795V0x60f	0
0x2d9bS0x1805S0x1795S0x60f	0x2d9bV0x1805V0x1795V0x60f	0
0x2d9eS0x1805S0x1795S0x60f	0x2d9eV0x1805V0x1795V0x60f	0
0x2da0S0x1805S0x1795S0x60f	0x2da0V0x1805V0x1795V0x60f	0
0x2da2S0x1805S0x1795S0x60f	0x2da2V0x1805V0x1795V0x60f	0
0x1276S0x181cS0x1795S0x60f	0x1276V0x181cV0x1795V0x60f	0
0x1280S0x181cS0x1795S0x60f	0x1280V0x181cV0x1795V0x60f	0
0x1285S0x181cS0x1795S0x60f	0x1285V0x181cV0x1795V0x60f	0
0x1286S0x181cS0x1795S0x60f	0x1286V0x181cV0x1795V0x60f	0
0x1287S0x181cS0x1795S0x60f	0x1287V0x181cV0x1795V0x60f	0
0x128bS0x181cS0x1795S0x60f	0x128bV0x181cV0x1795V0x60f	0
0x128cS0x181cS0x1795S0x60f	0x128cV0x181cV0x1795V0x60f	0
0x2b74S0x183fS0x1795S0x60f	0x2b74V0x183fV0x1795V0x60f	0
0x2b76S0x183fS0x1795S0x60f	0x2b76V0x183fV0x1795V0x60f	0
0x2b83S0x183fS0x1795S0x60f	0x2b83V0x183fV0x1795V0x60f	0
0x2b85S0x183fS0x1795S0x60f	0x2b85V0x183fV0x1795V0x60f	0
0x2b87S0x183fS0x1795S0x60f	0x2b87V0x183fV0x1795V0x60f	0
0x2b88S0x183fS0x1795S0x60f	0x2b88V0x183fV0x1795V0x60f	0
0x2b8dS0x183fS0x1795S0x60f	0x2b8dV0x183fV0x1795V0x60f	0
0x2b90S0x183fS0x1795S0x60f	0x2b90V0x183fV0x1795V0x60f	0
0x2b93S0x183fS0x1795S0x60f	0x2b93V0x183fV0x1795V0x60f	0
0x2b94S0x183fS0x1795S0x60f	0x2b94V0x183fV0x1795V0x60f	0
0x2b96S0x183fS0x1795S0x60f	0x2b96V0x183fV0x1795V0x60f	0
0x34b2S0x2c76S0x1795S0x60f	0x34b2V0x2c76V0x1795V0x60f	0
0x34b6S0x2c76S0x1795S0x60f	0x34b6V0x2c76V0x1795V0x60f	0
0x1c840S0x2c76S0x1795S0x60f	0x1c840V0x2c76V0x1795V0x60f	0
0x348fS0x2c76S0x1795S0x60f	0x348fV0x2c76V0x1795V0x60f	0
0x1be40S0x2c76S0x1795S0x60f	0x1be40V0x2c76V0x1795V0x60f	0
0x34acS0x2c76S0x1795S0x60f	0x34acV0x2c76V0x1795V0x60f	0
0x34adS0x2c76S0x1795S0x60f	0x34adV0x2c76V0x1795V0x60f	0
0x34aeS0x2c76S0x1795S0x60f	0x34aeV0x2c76V0x1795V0x60f	0
0x34a9_0x0S0x2c76S0x1795S0x60f	0x34a9_0x0V0x2c76V0x1795V0x60f	0
0x3494S0x2c76S0x1795S0x60f	0x3494V0x2c76V0x1795V0x60f	0
0x3495S0x2c76S0x1795S0x60f	0x3495V0x2c76V0x1795V0x60f	0
0x3496S0x2c76S0x1795S0x60f	0x3496V0x2c76V0x1795V0x60f	0
0x3491_0x0S0x2c76S0x1795S0x60f	0x3491_0x0V0x2c76V0x1795V0x60f	0
0x349cS0x2c76S0x1795S0x60f	0x349cV0x2c76V0x1795V0x60f	0
0x349dS0x2c76S0x1795S0x60f	0x349dV0x2c76V0x1795V0x60f	0
0x34a0S0x2c76S0x1795S0x60f	0x34a0V0x2c76V0x1795V0x60f	0
0x34a2S0x2c76S0x1795S0x60f	0x34a2V0x2c76V0x1795V0x60f	0
0x34a4S0x2c76S0x1795S0x60f	0x34a4V0x2c76V0x1795V0x60f	0
0x34a5S0x2c76S0x1795S0x60f	0x34a5V0x2c76V0x1795V0x60f	0
0x349a_0x0S0x2c76S0x1795S0x60f	0x349a_0x0V0x2c76V0x1795V0x60f	0
0x2c54S0x18d3S0x1795S0x60f	0x2c54V0x18d3V0x1795V0x60f	0
0x2c59S0x18d3S0x1795S0x60f	0x2c59V0x18d3V0x1795V0x60f	0
0x2c5bS0x18d3S0x1795S0x60f	0x2c5bV0x18d3V0x1795V0x60f	0
0x2c5eS0x18d3S0x1795S0x60f	0x2c5eV0x18d3V0x1795V0x60f	0
0x2c60S0x18d3S0x1795S0x60f	0x2c60V0x18d3V0x1795V0x60f	0
0x2c63S0x18d3S0x1795S0x60f	0x2c63V0x18d3V0x1795V0x60f	0
0x2c66S0x18d3S0x1795S0x60f	0x2c66V0x18d3V0x1795V0x60f	0
0x2c69S0x18d3S0x1795S0x60f	0x2c69V0x18d3V0x1795V0x60f	0
0x2b4aS0x2c53S0x18d3S0x1795S0x60f	0x2b4aV0x2c53V0x18d3V0x1795V0x60f	0
0x2b51S0x2c53S0x18d3S0x1795S0x60f	0x2b51V0x2c53V0x18d3V0x1795V0x60f	0
0x2b54S0x2c53S0x18d3S0x1795S0x60f	0x2b54V0x2c53V0x18d3V0x1795V0x60f	0
0x2b57S0x2c53S0x18d3S0x1795S0x60f	0x2b57V0x2c53V0x18d3V0x1795V0x60f	0
0x2b5bS0x2c53S0x18d3S0x1795S0x60f	0x2b5bV0x2c53V0x18d3V0x1795V0x60f	0
0x2b5cS0x2c53S0x18d3S0x1795S0x60f	0x2b5cV0x2c53V0x18d3V0x1795V0x60f	0
0x2b5eS0x2c53S0x18d3S0x1795S0x60f	0x2b5eV0x2c53V0x18d3V0x1795V0x60f	0
0x2b60S0x2c53S0x18d3S0x1795S0x60f	0x2b60V0x2c53V0x18d3V0x1795V0x60f	0
0x2b62S0x2c53S0x18d3S0x1795S0x60f	0x2b62V0x2c53V0x18d3V0x1795V0x60f	0
0x2b63S0x2c53S0x18d3S0x1795S0x60f	0x2b63V0x2c53V0x18d3V0x1795V0x60f	0
0x2b66S0x2c53S0x18d3S0x1795S0x60f	0x2b66V0x2c53V0x18d3V0x1795V0x60f	0
0x2b67S0x2c53S0x18d3S0x1795S0x60f	0x2b67V0x2c53V0x18d3V0x1795V0x60f	0
0x2b69S0x2c53S0x18d3S0x1795S0x60f	0x2b69V0x2c53V0x18d3V0x1795V0x60f	0
0x2b6aS0x2c53S0x18d3S0x1795S0x60f	0x2b6aV0x2c53V0x18d3V0x1795V0x60f	0
0x2c54S0x1939S0x1795S0x60f	0x2c54V0x1939V0x1795V0x60f	0
0x2c59S0x1939S0x1795S0x60f	0x2c59V0x1939V0x1795V0x60f	0
0x2c5bS0x1939S0x1795S0x60f	0x2c5bV0x1939V0x1795V0x60f	0
0x2c5eS0x1939S0x1795S0x60f	0x2c5eV0x1939V0x1795V0x60f	0
0x2c60S0x1939S0x1795S0x60f	0x2c60V0x1939V0x1795V0x60f	0
0x2c63S0x1939S0x1795S0x60f	0x2c63V0x1939V0x1795V0x60f	0
0x2c66S0x1939S0x1795S0x60f	0x2c66V0x1939V0x1795V0x60f	0
0x2c69S0x1939S0x1795S0x60f	0x2c69V0x1939V0x1795V0x60f	0
0x2b4aS0x2c53S0x1939S0x1795S0x60f	0x2b4aV0x2c53V0x1939V0x1795V0x60f	0
0x2b51S0x2c53S0x1939S0x1795S0x60f	0x2b51V0x2c53V0x1939V0x1795V0x60f	0
0x2b54S0x2c53S0x1939S0x1795S0x60f	0x2b54V0x2c53V0x1939V0x1795V0x60f	0
0x2b57S0x2c53S0x1939S0x1795S0x60f	0x2b57V0x2c53V0x1939V0x1795V0x60f	0
0x2b5bS0x2c53S0x1939S0x1795S0x60f	0x2b5bV0x2c53V0x1939V0x1795V0x60f	0
0x2b5cS0x2c53S0x1939S0x1795S0x60f	0x2b5cV0x2c53V0x1939V0x1795V0x60f	0
0x2b5eS0x2c53S0x1939S0x1795S0x60f	0x2b5eV0x2c53V0x1939V0x1795V0x60f	0
0x2b60S0x2c53S0x1939S0x1795S0x60f	0x2b60V0x2c53V0x1939V0x1795V0x60f	0
0x2b62S0x2c53S0x1939S0x1795S0x60f	0x2b62V0x2c53V0x1939V0x1795V0x60f	0
0x2b63S0x2c53S0x1939S0x1795S0x60f	0x2b63V0x2c53V0x1939V0x1795V0x60f	0
0x2b66S0x2c53S0x1939S0x1795S0x60f	0x2b66V0x2c53V0x1939V0x1795V0x60f	0
0x2b67S0x2c53S0x1939S0x1795S0x60f	0x2b67V0x2c53V0x1939V0x1795V0x60f	0
0x2b69S0x2c53S0x1939S0x1795S0x60f	0x2b69V0x2c53V0x1939V0x1795V0x60f	0
0x2b6aS0x2c53S0x1939S0x1795S0x60f	0x2b6aV0x2c53V0x1939V0x1795V0x60f	0
0x345bS0x1a16S0x1795S0x60f	0x345bV0x1a16V0x1795V0x60f	0
0x345eS0x1a16S0x1795S0x60f	0x345eV0x1a16V0x1795V0x60f	0
0x3461S0x1a16S0x1795S0x60f	0x3461V0x1a16V0x1795V0x60f	0
0x3463S0x1a16S0x1795S0x60f	0x3463V0x1a16V0x1795V0x60f	0
0x3465S0x1a16S0x1795S0x60f	0x3465V0x1a16V0x1795V0x60f	0
0x3467S0x1a16S0x1795S0x60f	0x3467V0x1a16V0x1795V0x60f	0
0x3468S0x1a16S0x1795S0x60f	0x3468V0x1a16V0x1795V0x60f	0
0x346aS0x1a16S0x1795S0x60f	0x346aV0x1a16V0x1795V0x60f	0
0x346bS0x1a16S0x1795S0x60f	0x346bV0x1a16V0x1795V0x60f	0
0x346eS0x1a16S0x1795S0x60f	0x346eV0x1a16V0x1795V0x60f	0
0x3470S0x1a16S0x1795S0x60f	0x3470V0x1a16V0x1795V0x60f	0
0x3473S0x1a16S0x1795S0x60f	0x3473V0x1a16V0x1795V0x60f	0
0x3474S0x1a16S0x1795S0x60f	0x3474V0x1a16V0x1795V0x60f	0
0x3478S0x1a16S0x1795S0x60f	0x3478V0x1a16V0x1795V0x60f	0
0x347dS0x1a16S0x1795S0x60f	0x347dV0x1a16V0x1795V0x60f	0
0x3480S0x1a16S0x1795S0x60f	0x3480V0x1a16V0x1795V0x60f	0
0x3485S0x1a16S0x1795S0x60f	0x3485V0x1a16V0x1795V0x60f	0
0x3487S0x1a16S0x1795S0x60f	0x3487V0x1a16V0x1795V0x60f	0
0x34bfS0x345aS0x1a16S0x1795S0x60f	0x34bfV0x345aV0x1a16V0x1795V0x60f	0
0x34c2S0x345aS0x1a16S0x1795S0x60f	0x34c2V0x345aV0x1a16V0x1795V0x60f	0
0x34c3S0x345aS0x1a16S0x1795S0x60f	0x34c3V0x345aV0x1a16V0x1795V0x60f	0
0x1175S0x17c5S0x1795S0x60f	0x1175V0x17c5V0x1795V0x60f	0
0x117aS0x17c5S0x1795S0x60f	0x117aV0x17c5V0x1795V0x60f	0
0x117cS0x17c5S0x1795S0x60f	0x117cV0x17c5V0x1795V0x60f	0
0x117fS0x17c5S0x1795S0x60f	0x117fV0x17c5V0x1795V0x60f	0
0x1182S0x17c5S0x1795S0x60f	0x1182V0x17c5V0x1795V0x60f	0
0x1183S0x17c5S0x1795S0x60f	0x1183V0x17c5V0x1795V0x60f	0
0x1188S0x17c5S0x1795S0x60f	0x1188V0x17c5V0x1795V0x60f	0
0x2231S0x1174S0x17c5S0x1795S0x60f	0x2231V0x1174V0x17c5V0x1795V0x60f	0
0x2233S0x1174S0x17c5S0x1795S0x60f	0x2233V0x1174V0x17c5V0x1795V0x60f	0
0x2237S0x1174S0x17c5S0x1795S0x60f	0x2237V0x1174V0x17c5V0x1795V0x60f	0
0x2239S0x1174S0x17c5S0x1795S0x60f	0x2239V0x1174V0x17c5V0x1795V0x60f	0
0x223bS0x1174S0x17c5S0x1795S0x60f	0x223bV0x1174V0x17c5V0x1795V0x60f	0
0x223dS0x1174S0x17c5S0x1795S0x60f	0x223dV0x1174V0x17c5V0x1795V0x60f	0
0x223eS0x1174S0x17c5S0x1795S0x60f	0x223eV0x1174V0x17c5V0x1795V0x60f	0
0x2240S0x1174S0x17c5S0x1795S0x60f	0x2240V0x1174V0x17c5V0x1795V0x60f	0
0x2241S0x1174S0x17c5S0x1795S0x60f	0x2241V0x1174V0x17c5V0x1795V0x60f	0
0x2483S0x2230S0x1174S0x17c5S0x1795S0x60f	0x2483V0x2230V0x1174V0x17c5V0x1795V0x60f	0
0x2488S0x2230S0x1174S0x17c5S0x1795S0x60f	0x2488V0x2230V0x1174V0x17c5V0x1795V0x60f	0
0x248dS0x2230S0x1174S0x17c5S0x1795S0x60f	0x248dV0x2230V0x1174V0x17c5V0x1795V0x60f	0
0x248eS0x2230S0x1174S0x17c5S0x1795S0x60f	0x248eV0x2230V0x1174V0x17c5V0x1795V0x60f	0
0x2491S0x2230S0x1174S0x17c5S0x1795S0x60f	0x2491V0x2230V0x1174V0x17c5V0x1795V0x60f	0
0x2494S0x2230S0x1174S0x17c5S0x1795S0x60f	0x2494V0x2230V0x1174V0x17c5V0x1795V0x60f	0
0x2495S0x2230S0x1174S0x17c5S0x1795S0x60f	0x2495V0x2230V0x1174V0x17c5V0x1795V0x60f	0
0x2496S0x2230S0x1174S0x17c5S0x1795S0x60f	0x2496V0x2230V0x1174V0x17c5V0x1795V0x60f	0
0x2497S0x2230S0x1174S0x17c5S0x1795S0x60f	0x2497V0x2230V0x1174V0x17c5V0x1795V0x60f	0
