0x0	0x0	0
0x40	0x40	0
0xf	0xf	0
0x8	0x8	0
0x60	0x60	0
0x1f	0x1f	0
0x2	0x2	0
0x5	0x5	0
0x7	0x7	0
0xd	0xd	0
0x10	0x10	0
0x12	0x12	0
0x14	0x14	0
0x19	0x19	0
0x1a	0x1a	0
0x24	0x24	0
0x2a	0x2a	0
0x2f	0x2f	0
0x35	0x35	0
0x3a	0x3a	0
0x45	0x45	0
0x4a	0x4a	0
0x50	0x50	0
0x55	0x55	0
0x5b	0x5b	0
0x66	0x66	0
0x6b	0x6b	0
0x71	0x71	0
0x76	0x76	0
0x78	0x78	0
0x79	0x79	0
0x7d	0x7d	0
0x83	0x83	0
0x86	0x86	0
0x89	0x89	0
0x8a	0x8a	0
0x8c	0x8c	0
0x91	0x91	0
0x93	0x93	0
0x98	0x98	0
0x9d	0x9d	0
0xa1	0xa1	0
0xa9	0xa9	0
0xaa	0xaa	0
0xae	0xae	0
0xb0	0xb0	0
0xb4	0xb4	0
0xb6	0xb6	0
0xc1	0xc1	0
0xc3	0xc3	0
0xc4	0xc4	0
0xc8	0xc8	0
0xce	0xce	0
0xd1	0xd1	0
0xd4	0xd4	0
0xd5	0xd5	0
0xd7	0xd7	0
0xdc	0xdc	0
0xe3	0xe3	0
0xe6	0xe6	0
0xe9	0xe9	0
0xea	0xea	0
0xec	0xec	0
0xf1	0xf1	0
0xf6	0xf6	0
0xf9	0xf9	0
0xfc	0xfc	0
0xfd	0xfd	0
0xff	0xff	0
0x104	0x104	0
0x109	0x109	0
0x10c	0x10c	0
0x10f	0x10f	0
0x110	0x110	0
0x112	0x112	0
0x117	0x117	0
0x11c	0x11c	0
0x11f	0x11f	0
0x122	0x122	0
0x123	0x123	0
0x125	0x125	0
0x12a	0x12a	0
0x12f	0x12f	0
0x131	0x131	0
0x132	0x132	0
0x136	0x136	0
0x13c	0x13c	0
0x13e	0x13e	0
0x13f	0x13f	0
0x143	0x143	0
0x145	0x145	0
0x147	0x147	0
0x149	0x149	0
0x14a	0x14a	0
0x14b	0x14b	0
0x14f	0x14f	0
0x151	0x151	0
0x152	0x152	0
0x154	0x154	0
0x156	0x156	0
0x158	0x158	0
0x159	0x159	0
0x15c	0x15c	0
0x15f	0x15f	0
0x161	0x161	0
0x162	0x162	0
0x1eb	0x1eb	0
0x1ed	0x1ed	0
0x1ef	0x1ef	0
0x1f1	0x1f1	0
0x1f3	0x1f3	0
0x1f4	0x1f4	0
0x1f6	0x1f6	0
0x1f7	0x1f7	0
0x1fc	0x1fc	0
0x1fe	0x1fe	0
0x1ff	0x1ff	0
0x201	0x201	0
0x203	0x203	0
0x205	0x205	0
0x207	0x207	0
0x208	0x208	0
0x20a	0x20a	0
0x20e	0x20e	0
0x215	0x215	0
0x216	0x216	0
0x21b	0x21b	0
0x21d	0x21d	0
0x220	0x220	0
0x221	0x221	0
0x225	0x225	0
0x227	0x227	0
0x22a	0x22a	0
0x22c	0x22c	0
0x22d	0x22d	0
0x22f	0x22f	0
0x230	0x230	0
0x231	0x231	0
0x233	0x233	0
0x234	0x234	0
0x237	0x237	0
0x23a	0x23a	0
0x23b	0x23b	0
0x23d	0x23d	0
0x240	0x240	0
0x242	0x242	0
0x247	0x247	0
0x24f	0x24f	0
0x254	0x254	0
0x256	0x256	0
0x257	0x257	0
0x259	0x259	0
0x25b	0x25b	0
0x25d	0x25d	0
0x25e	0x25e	0
0x261	0x261	0
0x263	0x263	0
0x264	0x264	0
0x265	0x265	0
0x266	0x266	0
0x26b	0x26b	0
0x26d	0x26d	0
0x26e	0x26e	0
0x270	0x270	0
0x271	0x271	0
0x276	0x276	0
0x278	0x278	0
0x27b	0x27b	0
0x27c	0x27c	0
0x27f	0x27f	0
0x281	0x281	0
0x284	0x284	0
0x28a	0x28a	0
0x28c	0x28c	0
0x28e	0x28e	0
0x290	0x290	0
0x291	0x291	0
0x292	0x292	0
0x294	0x294	0
0x29a	0x29a	0
0x29c	0x29c	0
0x29d	0x29d	0
0x29f	0x29f	0
0x2a1	0x2a1	0
0x2a4	0x2a4	0
0x2a6	0x2a6	0
0x2aa	0x2aa	0
0x2ab	0x2ab	0
0x2ad	0x2ad	0
0x2ae	0x2ae	0
0x2b2	0x2b2	0
0x2b8	0x2b8	0
0x2b9	0x2b9	0
0x2ba	0x2ba	0
0x2bc	0x2bc	0
0x2bd	0x2bd	0
0x2c1	0x2c1	0
0x2c2	0x2c2	0
0x2c6	0x2c6	0
0x2c7	0x2c7	0
0x2cf	0x2cf	0
0x2d1	0x2d1	0
0x2d2	0x2d2	0
0x2d3	0x2d3	0
0x2d5	0x2d5	0
0x2d6	0x2d6	0
0x2d9	0x2d9	0
0x2da	0x2da	0
0x2dc	0x2dc	0
0x2de	0x2de	0
0x2e3	0x2e3	0
0x2e5	0x2e5	0
0x2ea	0x2ea	0
0x2f0	0x2f0	0
0x2f2	0x2f2	0
0x2f3	0x2f3	0
0x2f5	0x2f5	0
0x2f6	0x2f6	0
0x2fb	0x2fb	0
0x2fd	0x2fd	0
0x300	0x300	0
0x303	0x303	0
0x307	0x307	0
0x309	0x309	0
0x30b	0x30b	0
0x30d	0x30d	0
0x30e	0x30e	0
0x311	0x311	0
0x313	0x313	0
0x319	0x319	0
0x31b	0x31b	0
0x31c	0x31c	0
0x31e	0x31e	0
0x320	0x320	0
0x323	0x323	0
0x325	0x325	0
0x329	0x329	0
0x32a	0x32a	0
0x32c	0x32c	0
0x32d	0x32d	0
0x331	0x331	0
0x337	0x337	0
0x338	0x338	0
0x339	0x339	0
0x33b	0x33b	0
0x33c	0x33c	0
0x340	0x340	0
0x341	0x341	0
0x345	0x345	0
0x346	0x346	0
0x34e	0x34e	0
0x353	0x353	0
0x358	0x358	0
0x35d	0x35d	0
0x35f	0x35f	0
0x361	0x361	0
0x363	0x363	0
0x364	0x364	0
0x367	0x367	0
0x368	0x368	0
0x36d	0x36d	0
0x36f	0x36f	0
0x374	0x374	0
0x378	0x378	0
0x37b	0x37b	0
0x383	0x383	0
0x385	0x385	0
0x38e	0x38e	0
0x394	0x394	0
0x3a0	0x3a0	0
0x3a2	0x3a2	0
0x3a4	0x3a4	0
0x3a6	0x3a6	0
0x3a7	0x3a7	0
0x3a8	0x3a8	0
0x3aa	0x3aa	0
0x3ac	0x3ac	0
0x3ae	0x3ae	0
0x3b0	0x3b0	0
0x3b1	0x3b1	0
0x3b2	0x3b2	0
0x3b3	0x3b3	0
0x3d6	0x3d6	0
0x3d8	0x3d8	0
0x3d9	0x3d9	0
0x3df	0x3df	0
0x885	0x885	0
0x886	0x886	0
0x88b	0x88b	0
0x88d	0x88d	0
0x892	0x892	0
0x896	0x896	0
0x897	0x897	0
0x899	0x899	0
0x89b	0x89b	0
0x89d	0x89d	0
0x89e	0x89e	0
0x8a0	0x8a0	0
0x8a7	0x8a7	0
0x8a9	0x8a9	0
0x8ad	0x8ad	0
0x8b3	0x8b3	0
0x9ab	0x9ab	0
0x9ad	0x9ad	0
0x9ae	0x9ae	0
0x9b3	0x9b3	0
0x9b5	0x9b5	0
0x9b8	0x9b8	0
0x9b9	0x9b9	0
0x9bc	0x9bc	0
0x9be	0x9be	0
0x9c3	0x9c3	0
0x9c5	0x9c5	0
0x9c7	0x9c7	0
0x9c9	0x9c9	0
0x9ca	0x9ca	0
0x9cc	0x9cc	0
0x9ce	0x9ce	0
0x9d4	0x9d4	0
0x9d6	0x9d6	0
0x9d7	0x9d7	0
0x9d9	0x9d9	0
0x9db	0x9db	0
0x9de	0x9de	0
0x9e2	0x9e2	0
0x9e3	0x9e3	0
0x9e5	0x9e5	0
0x9e6	0x9e6	0
0x9ea	0x9ea	0
0x9f0	0x9f0	0
0x9f1	0x9f1	0
0x9f2	0x9f2	0
0x9f4	0x9f4	0
0x9f5	0x9f5	0
0x9f9	0x9f9	0
0x9fa	0x9fa	0
0x9fe	0x9fe	0
0x9ff	0x9ff	0
0xa07	0xa07	0
0xa09	0xa09	0
0xa0a	0xa0a	0
0xa0b	0xa0b	0
0xa0d	0xa0d	0
0xa0e	0xa0e	0
0xa11	0xa11	0
0xa12	0xa12	0
0xa14	0xa14	0
0xa16	0xa16	0
0xa1b	0xa1b	0
0xa1d	0xa1d	0
0xa22	0xa22	0
0xa27	0xa27	0
0xa2a	0xa2a	0
0xa2b	0xa2b	0
0xa2c	0xa2c	0
0xa2f	0xa2f	0
0xa31	0xa31	0
0xa32	0xa32	0
0xa35	0xa35	0
0xa37	0xa37	0
0xa3b	0xa3b	0
0xa40	0xa40	0
0xa43	0xa43	0
0xa46	0xa46	0
0xa49	0xa49	0
0xa4d	0xa4d	0
0xa50	0xa50	0
0xa53	0xa53	0
0xa55	0xa55	0
0xa56	0xa56	0
0xa58	0xa58	0
0xa5a	0xa5a	0
0xa5c	0xa5c	0
0xa5d	0xa5d	0
0xa5e	0xa5e	0
0xa5f	0xa5f	0
0xa64	0xa64	0
0xa66	0xa66	0
0xa67	0xa67	0
0xa6b	0xa6b	0
0xa6f	0xa6f	0
0xa74	0xa74	0
0xa76	0xa76	0
0xa78	0xa78	0
0xa7a	0xa7a	0
0xa7b	0xa7b	0
0xa7d	0xa7d	0
0xa7f	0xa7f	0
0xa84	0xa84	0
0xa89	0xa89	0
0xa8b	0xa8b	0
0xa8d	0xa8d	0
0xa90	0xa90	0
0xa92	0xa92	0
0xa95	0xa95	0
0xa96	0xa96	0
0xa9a	0xa9a	0
0xa9c	0xa9c	0
0xa9f	0xa9f	0
0xaa0	0xaa0	0
0xaa4	0xaa4	0
0xaa6	0xaa6	0
0xaa9	0xaa9	0
0xaab	0xaab	0
0xaac	0xaac	0
0xaae	0xaae	0
0xaaf	0xaaf	0
0xab0	0xab0	0
0xab2	0xab2	0
0xab3	0xab3	0
0xab6	0xab6	0
0xab9	0xab9	0
0xaba	0xaba	0
0xabc	0xabc	0
0xabf	0xabf	0
0xac1	0xac1	0
0xac6	0xac6	0
0xad2	0xad2	0
0xad3	0xad3	0
0xad9	0xad9	0
0xada	0xada	0
0xadc	0xadc	0
0xae3	0xae3	0
0xae5	0xae5	0
0xae7	0xae7	0
0xae9	0xae9	0
0xaeb	0xaeb	0
0xaf0	0xaf0	0
0xaf5	0xaf5	0
0xaf9	0xaf9	0
0xafe	0xafe	0
0xb00	0xb00	0
0xb01	0xb01	0
0xb06	0xb06	0
0xb08	0xb08	0
0xb0b	0xb0b	0
0xb0c	0xb0c	0
0xb0f	0xb0f	0
0xb13	0xb13	0
0xb15	0xb15	0
0xb17	0xb17	0
0xb19	0xb19	0
0xb1a	0xb1a	0
0xb1c	0xb1c	0
0xb1e	0xb1e	0
0xb24	0xb24	0
0xb26	0xb26	0
0xb27	0xb27	0
0xb29	0xb29	0
0xb2b	0xb2b	0
0xb2e	0xb2e	0
0xb32	0xb32	0
0xb33	0xb33	0
0xb35	0xb35	0
0xb36	0xb36	0
0xb3a	0xb3a	0
0xb40	0xb40	0
0xb41	0xb41	0
0xb42	0xb42	0
0xb44	0xb44	0
0xb45	0xb45	0
0xb49	0xb49	0
0xb4a	0xb4a	0
0xb4e	0xb4e	0
0xb4f	0xb4f	0
0xb57	0xb57	0
0xb59	0xb59	0
0xb5a	0xb5a	0
0xb5b	0xb5b	0
0xb5d	0xb5d	0
0xb5e	0xb5e	0
0xb61	0xb61	0
0xb62	0xb62	0
0xb64	0xb64	0
0xb66	0xb66	0
0xb6b	0xb6b	0
0xb6d	0xb6d	0
0xb72	0xb72	0
0xb77	0xb77	0
0xb7c	0xb7c	0
0x1130	0x1130	0
0x1133	0x1133	0
0x1135	0x1135	0
0x1136	0x1136	0
0x1137	0x1137	0
0x113b	0x113b	0
0x113e	0x113e	0
0x1144	0x1144	0
0x1148	0x1148	0
0x114c	0x114c	0
0x114d	0x114d	0
0x114e	0x114e	0
0x1152	0x1152	0
0x1155	0x1155	0
0x115b	0x115b	0
0x118b	0x118b	0
0x118d	0x118d	0
0x118f	0x118f	0
0x1191	0x1191	0
0x1192	0x1192	0
0x1193	0x1193	0
0x1197	0x1197	0
0x119a	0x119a	0
0x11a0	0x11a0	0
0x11a2	0x11a2	0
0x245d	0x245d	0
0x2481	0x2481	0
0x2544	0x2544	0
0x2549	0x2549	0
0x254b	0x254b	0
0x254c	0x254c	0
0x254f	0x254f	0
0x2551	0x2551	0
0x2554	0x2554	0
0x2556	0x2556	0
0x2579	0x2579	0
0x257e	0x257e	0
0x2580	0x2580	0
0x2581	0x2581	0
0x2584	0x2584	0
0x2586	0x2586	0
0x2589	0x2589	0
0x258b	0x258b	0
0x25ae	0x25ae	0
0x25b3	0x25b3	0
0x25b5	0x25b5	0
0x25b6	0x25b6	0
0x25b9	0x25b9	0
0x25bb	0x25bb	0
0x25be	0x25be	0
0x25c0	0x25c0	0
0x4ba4	0x4ba4	0
0x55a4	0x55a4	0
0x5fa4	0x5fa4	0
0x69a4	0x69a4	0
0xc3a4	0xc3a4	0
0x1ec9a	0x1ec9a	0
0x1ec9c	0x1ec9c	0
0x1ec9f	0x1ec9f	0
0x3ddd6	0x3ddd6	0
0x3e7d6	0x3e7d6	0
0x3f1d6	0x3f1d6	0
0x3fbd6	0x3fbd6	0
0x405d6	0x405d6	0
0x40fd6	0x40fd6	0
0x419d6	0x419d6	0
0x423d6	0x423d6	0
0x42df6	0x42df6	0
0x437f6	0x437f6	0
0x441f6	0x441f6	0
0x44bf6	0x44bf6	0
0x455f6	0x455f6	0
0x45ff6	0x45ff6	0
0x469f6	0x469f6	0
0x473f6	0x473f6	0
0x35b	0x35b_0x0	0
0x397	0x397_0x0	0
0x8b6	0x8b6_0x0	0
0xb7f	0xb7f_0x0	0
0x71e0x11b	0x11b0x71e_0x0	0
0xb9a40x11b	0x11b0xb9a4	0
0xafa40x11b	0x11b0xafa4	0
0xa5a40x11b	0x11b0xa5a4	0
0x9920x884	0x8840x992	0
0x9830x884	0x8840x983	0
0x95e0x884	0x8840x95e	0
0x9350x884	0x8840x935	0
0x90d0x884	0x8840x90d	0
0x8fe0x884	0x8840x8fe	0
0x8000x11b	0x11b0x800	0
0x7b40x11b	0x11b0x7b4	0
0x7930x11b	0x11b0x793	0
0x7720x11b	0x11b0x772	0
0x7150x11b	0x11b0x715	0
0x6e80x11b	0x11b0x6e8	0
0x6db0x11b	0x11b0x6db	0
0x6ba0x11b	0x11b0x6ba	0
0x6900x11b	0x11b0x690	0
0x39e_0x0	0x39e_0x0	0
0xad7_0x1	0xad7_0x1	0
0xae0_0x1	0xae0_0x1	0
0xaf4_0x0	0xaf4_0x0	0
0x7c40x11b_0x0	0x7c40x11b_0x0	0
0x1ed1a0x11b	0x11b0x1ed1a	0
0x1ed170x11b	0x11b0x1ed17	0
0x1ed150x11b	0x11b0x1ed15	0
0x99c0x884	0x8840x99c	0
0x99b0x884	0x8840x99b	0
0x9970x884	0x8840x997	0
0x9960x884	0x8840x996	0
0x9910x884	0x8840x991	0
0x98f0x884	0x8840x98f	0
0x98e0x884	0x8840x98e	0
0x98d0x884	0x8840x98d	0
0x9870x884	0x8840x987	0
0x9820x884	0x8840x982	0
0x9800x884	0x8840x980	0
0x97f0x884	0x8840x97f	0
0x97b0x884	0x8840x97b	0
0x9790x884	0x8840x979	0
0x9760x884	0x8840x976	0
0x9740x884	0x8840x974	0
0x9720x884	0x8840x972	0
0x96d0x884	0x8840x96d	0
0x96c0x884	0x8840x96c	0
0x96a0x884	0x8840x96a	0
0x9580x884	0x8840x958	0
0x9560x884	0x8840x956	0
0x9540x884	0x8840x954	0
0x9530x884	0x8840x953	0
0x9510x884	0x8840x951	0
0x94f0x884	0x8840x94f	0
0x94d0x884	0x8840x94d	0
0x94a0x884	0x8840x94a	0
0x9480x884	0x8840x948	0
0x9430x884	0x8840x943	0
0x9420x884	0x8840x942	0
0x9400x884	0x8840x940	0
0x93a0x884	0x8840x93a	0
0x9330x884	0x8840x933	0
0x92e0x884	0x8840x92e	0
0x92c0x884	0x8840x92c	0
0x92a0x884	0x8840x92a	0
0x9290x884	0x8840x929	0
0x9260x884	0x8840x926	0
0x9250x884	0x8840x925	0
0x9230x884	0x8840x923	0
0x9220x884	0x8840x922	0
0x9210x884	0x8840x921	0
0x91f0x884	0x8840x91f	0
0x9170x884	0x8840x917	0
0x9160x884	0x8840x916	0
0x9120x884	0x8840x912	0
0x9110x884	0x8840x911	0
0x90c0x884	0x8840x90c	0
0x90a0x884	0x8840x90a	0
0x9090x884	0x8840x909	0
0x9080x884	0x8840x908	0
0x9020x884	0x8840x902	0
0x8fd0x884	0x8840x8fd	0
0x8fb0x884	0x8840x8fb	0
0x8fa0x884	0x8840x8fa	0
0x8f60x884	0x8840x8f6	0
0x8f40x884	0x8840x8f4	0
0x8f10x884	0x8840x8f1	0
0x8ef0x884	0x8840x8ef	0
0x8ed0x884	0x8840x8ed	0
0x8ec0x884	0x8840x8ec	0
0x8ea0x884	0x8840x8ea	0
0x8e40x884	0x8840x8e4	0
0x8e20x884	0x8840x8e2	0
0x8dd0x884	0x8840x8dd	0
0x8da0x884	0x8840x8da	0
0x8d80x884	0x8840x8d8	0
0x8d50x884	0x8840x8d5	0
0x8d40x884	0x8840x8d4	0
0x8d10x884	0x8840x8d1	0
0x8d00x884	0x8840x8d0	0
0x8ce0x884	0x8840x8ce	0
0x8cc0x884	0x8840x8cc	0
0x8ca0x884	0x8840x8ca	0
0x8c70x884	0x8840x8c7	0
0x8c50x884	0x8840x8c5	0
0x8c00x884	0x8840x8c0	0
0x8bf0x884	0x8840x8bf	0
0x8bd0x884	0x8840x8bd	0
0x8070x11b	0x11b0x807	0
0x7ff0x11b	0x11b0x7ff	0
0x7fd0x11b	0x11b0x7fd	0
0x7d90x11b	0x11b0x7d9	0
0x7d80x11b	0x11b0x7d8	0
0x7d70x11b	0x11b0x7d7	0
0x7d60x11b	0x11b0x7d6	0
0x7d40x11b	0x11b0x7d4	0
0x7d20x11b	0x11b0x7d2	0
0x7d00x11b	0x11b0x7d0	0
0x7cf0x11b	0x11b0x7cf	0
0x7ce0x11b	0x11b0x7ce	0
0x7cd0x11b	0x11b0x7cd	0
0x7cc0x11b	0x11b0x7cc	0
0x7ca0x11b	0x11b0x7ca	0
0x7c80x11b	0x11b0x7c8	0
0x7c60x11b	0x11b0x7c6	0
0x7b90x11b	0x11b0x7b9	0
0x7b20x11b	0x11b0x7b2	0
0x7af0x11b	0x11b0x7af	0
0x7ad0x11b	0x11b0x7ad	0
0x7ac0x11b	0x11b0x7ac	0
0x7a90x11b	0x11b0x7a9	0
0x7a60x11b	0x11b0x7a6	0
0x7a50x11b	0x11b0x7a5	0
0x7a30x11b	0x11b0x7a3	0
0x7a20x11b	0x11b0x7a2	0
0x7a10x11b	0x11b0x7a1	0
0x79f0x11b	0x11b0x79f	0
0x79e0x11b	0x11b0x79e	0
0x79c0x11b	0x11b0x79c	0
0x7990x11b	0x11b0x799	0
0x7970x11b	0x11b0x797	0
0x7920x11b	0x11b0x792	0
0x78f0x11b	0x11b0x78f	0
0x78d0x11b	0x11b0x78d	0
0x7890x11b	0x11b0x789	0
0x7880x11b	0x11b0x788	0
0x7850x11b	0x11b0x785	0
0x7830x11b	0x11b0x783	0
0x7800x11b	0x11b0x780	0
0x77e0x11b	0x11b0x77e	0
0x77c0x11b	0x11b0x77c	0
0x7770x11b	0x11b0x777	0
0x7700x11b	0x11b0x770	0
0x76d0x11b	0x11b0x76d	0
0x7690x11b	0x11b0x769	0
0x7680x11b	0x11b0x768	0
0x7660x11b	0x11b0x766	0
0x7610x11b	0x11b0x761	0
0x7600x11b	0x11b0x760	0
0x75f0x11b	0x11b0x75f	0
0x75e0x11b	0x11b0x75e	0
0x75c0x11b	0x11b0x75c	0
0x75a0x11b	0x11b0x75a	0
0x7580x11b	0x11b0x758	0
0x7570x11b	0x11b0x757	0
0x7550x11b	0x11b0x755	0
0x7520x11b	0x11b0x752	0
0x74f0x11b	0x11b0x74f	0
0x74b0x11b	0x11b0x74b	0
0x7480x11b	0x11b0x748	0
0x7450x11b	0x11b0x745	0
0x7420x11b	0x11b0x742	0
0x73d0x11b	0x11b0x73d	0
0x7390x11b	0x11b0x739	0
0x7370x11b	0x11b0x737	0
0x7340x11b	0x11b0x734	0
0x7330x11b	0x11b0x733	0
0x7300x11b	0x11b0x730	0
0x72f0x11b	0x11b0x72f	0
0x72d0x11b	0x11b0x72d	0
0x72b0x11b	0x11b0x72b	0
0x7290x11b	0x11b0x729	0
0x7280x11b	0x11b0x728	0
0x7250x11b	0x11b0x725	0
0x71b0x11b	0x11b0x71b	0
0x7110x11b	0x11b0x711	0
0x70f0x11b	0x11b0x70f	0
0x7080x11b	0x11b0x708	0
0x7060x11b	0x11b0x706	0
0x7050x11b	0x11b0x705	0
0x7030x11b	0x11b0x703	0
0x7010x11b	0x11b0x701	0
0x6ff0x11b	0x11b0x6ff	0
0x6fe0x11b	0x11b0x6fe	0
0x6fa0x11b	0x11b0x6fa	0
0x6f50x11b	0x11b0x6f5	0
0x6f30x11b	0x11b0x6f3	0
0x6ee0x11b	0x11b0x6ee	0
0x6ed0x11b	0x11b0x6ed	0
0x6e00x11b	0x11b0x6e0	0
0x6d90x11b	0x11b0x6d9	0
0x6d60x11b	0x11b0x6d6	0
0x6d40x11b	0x11b0x6d4	0
0x6d30x11b	0x11b0x6d3	0
0x6d00x11b	0x11b0x6d0	0
0x6cd0x11b	0x11b0x6cd	0
0x6cc0x11b	0x11b0x6cc	0
0x6ca0x11b	0x11b0x6ca	0
0x6c90x11b	0x11b0x6c9	0
0x6c80x11b	0x11b0x6c8	0
0x6c60x11b	0x11b0x6c6	0
0x6c50x11b	0x11b0x6c5	0
0x6c30x11b	0x11b0x6c3	0
0x6c00x11b	0x11b0x6c0	0
0x6be0x11b	0x11b0x6be	0
0x6b90x11b	0x11b0x6b9	0
0x6b60x11b	0x11b0x6b6	0
0x6b40x11b	0x11b0x6b4	0
0x6af0x11b	0x11b0x6af	0
0x6ae0x11b	0x11b0x6ae	0
0x6a70x11b	0x11b0x6a7	0
0x6a30x11b	0x11b0x6a3	0
0x6a10x11b	0x11b0x6a1	0
0x6a00x11b	0x11b0x6a0	0
0x69e0x11b	0x11b0x69e	0
0x69c0x11b	0x11b0x69c	0
0x69a0x11b	0x11b0x69a	0
0x6980x11b	0x11b0x698	0
0x6970x11b	0x11b0x697	0
0x6950x11b	0x11b0x695	0
0x68f0x11b	0x11b0x68f	0
0x68d0x11b	0x11b0x68d	0
0x68c0x11b	0x11b0x68c	0
0x68a0x11b	0x11b0x68a	0
0x6880x11b	0x11b0x688	0
0x6860x11b	0x11b0x686	0
0x6840x11b	0x11b0x684	0
0xbd0x75	0x750xbd	0
0xbd0x12e	0x12e0xbd	0
0xba0x75	0x750xba	0
0xba0x12e	0x12e0xba	0
0xb80x75	0x750xb8	0
0xb80x12e	0x12e0xb8	0
0xf65S0x2ca	0xf65V0x2ca	0
0xf67S0x2ca	0xf67V0x2ca	0
0xf6bS0x2ca	0xf6bV0x2ca	0
0xf6cS0x2ca	0xf6cV0x2ca	0
0xf6dS0x2ca	0xf6dV0x2ca	0
0xf6eS0x2ca	0xf6eV0x2ca	0
0xf77S0x2ca	0xf77V0x2ca	0
0xf79S0x2ca	0xf79V0x2ca	0
0xf7aS0x2ca	0xf7aV0x2ca	0
0xf7cS0x2ca	0xf7cV0x2ca	0
0xf7dS0x2ca	0xf7dV0x2ca	0
0xf8cS0xa02	0xf8cV0xa02	0
0xf8eS0xa02	0xf8eV0xa02	0
0xf92S0xa02	0xf92V0xa02	0
0xf93S0xa02	0xf93V0xa02	0
0xf94S0xa02	0xf94V0xa02	0
0xf95S0xa02	0xf95V0xa02	0
0xf9eS0xa02	0xf9eV0xa02	0
0xf8cS0xb52	0xf8cV0xb52	0
0xf8eS0xb52	0xf8eV0xb52	0
0xf92S0xb52	0xf92V0xb52	0
0xf93S0xb52	0xf93V0xb52	0
0xf94S0xb52	0xf94V0xb52	0
0xf95S0xb52	0xf95V0xb52	0
0xf9eS0xb52	0xf9eV0xb52	0
0xf65S0xae0	0xf65V0xae0	0
0xf67S0xae0	0xf67V0xae0	0
0xf6bS0xae0	0xf6bV0xae0	0
0xf6cS0xae0	0xf6cV0xae0	0
0xf6dS0xae0	0xf6dV0xae0	0
0xf6eS0xae0	0xf6eV0xae0	0
0xf77S0xae0	0xf77V0xae0	0
0xf79S0xae0	0xf79V0xae0	0
0xf7aS0xae0	0xf7aV0xae0	0
0xf7cS0xae0	0xf7cV0xae0	0
0xf7dS0xae0	0xf7dV0xae0	0
0xf65S0x91a0x884	0xf65V0x91a0x884	0
0xf67S0x91a0x884	0xf67V0x91a0x884	0
0xf6bS0x91a0x884	0xf6bV0x91a0x884	0
0xf6cS0x91a0x884	0xf6cV0x91a0x884	0
0xf6dS0x91a0x884	0xf6dV0x91a0x884	0
0xf6eS0x91a0x884	0xf6eV0x91a0x884	0
0xf77S0x91a0x884	0xf77V0x91a0x884	0
0xf79S0x91a0x884	0xf79V0x91a0x884	0
0xf7aS0x91a0x884	0xf7aV0x91a0x884	0
0xf7cS0x91a0x884	0xf7cV0x91a0x884	0
0xf7dS0x91a0x884	0xf7dV0x91a0x884	0
0xd50S0x81	0xd50V0x81	0
0xd53S0x81	0xd53V0x81	0
0xd57S0x81	0xd57V0x81	0
0xd58S0x81	0xd58V0x81	0
0xd59S0x81	0xd59V0x81	0
0xd5aS0x81	0xd5aV0x81	0
0xd63S0x81	0xd63V0x81	0
0xd64S0x81	0xd64V0x81	0
0xd68S0x81	0xd68V0x81	0
0xd6fS0x81	0xd6fV0x81	0
0xd72S0x81	0xd72V0x81	0
0xd73S0x81	0xd73V0x81	0
0xd74S0x81	0xd74V0x81	0
0xd78S0x81	0xd78V0x81	0
0x11e2S0xd61S0x81	0x11e2V0xd61V0x81	0
0x11d2S0xd61S0x81	0x11d2V0xd61V0x81	0
0x11d4S0xd61S0x81	0x11d4V0xd61V0x81	0
0x11d6S0xd61S0x81	0x11d6V0xd61V0x81	0
0x11d8S0xd61S0x81	0x11d8V0xd61V0x81	0
0x11d9S0xd61S0x81	0x11d9V0xd61V0x81	0
0x11dbS0xd61S0x81	0x11dbV0xd61V0x81	0
0x11ddS0xd61S0x81	0x11ddV0xd61V0x81	0
0x11deS0xd61S0x81	0x11deV0xd61V0x81	0
0x11e2S0xd6cS0x81	0x11e2V0xd6cV0x81	0
0x11d2S0xd6cS0x81	0x11d2V0xd6cV0x81	0
0x11d4S0xd6cS0x81	0x11d4V0xd6cV0x81	0
0x11d6S0xd6cS0x81	0x11d6V0xd6cV0x81	0
0x11d8S0xd6cS0x81	0x11d8V0xd6cV0x81	0
0x11d9S0xd6cS0x81	0x11d9V0xd6cV0x81	0
0x11dbS0xd6cS0x81	0x11dbV0xd6cV0x81	0
0x11ddS0xd6cS0x81	0x11ddV0xd6cV0x81	0
0x11deS0xd6cS0x81	0x11deV0xd6cV0x81	0
0xfd0S0xa26	0xfd0V0xa26	0
0xfd3S0xa26	0xfd3V0xa26	0
0xfd4S0xa26	0xfd4V0xa26	0
0xfd9S0xa26	0xfd9V0xa26	0
0xfdcS0xa26	0xfdcV0xa26	0
0xfddS0xa26	0xfddV0xa26	0
0xfe5S0xa26	0xfe5V0xa26	0
0x115fS0xfcfS0xa26	0x115fV0xfcfV0xa26	0
0xf5a4S0xfcfS0xa26	0xf5a4V0xfcfV0xa26	0
0x117cS0xfcfS0xa26	0x117cV0xfcfV0xa26	0
0x117dS0xfcfS0xa26	0x117dV0xfcfV0xa26	0
0x117eS0xfcfS0xa26	0x117eV0xfcfV0xa26	0
0x1179_0x0S0xfcfS0xa26	0x1179_0x0V0xfcfV0xa26	0
0x1164S0xfcfS0xa26	0x1164V0xfcfV0xa26	0
0x1165S0xfcfS0xa26	0x1165V0xfcfV0xa26	0
0x1166S0xfcfS0xa26	0x1166V0xfcfV0xa26	0
0x1161_0x0S0xfcfS0xa26	0x1161_0x0V0xfcfV0xa26	0
0x116cS0xfcfS0xa26	0x116cV0xfcfV0xa26	0
0x116dS0xfcfS0xa26	0x116dV0xfcfV0xa26	0
0x1170S0xfcfS0xa26	0x1170V0xfcfV0xa26	0
0x1172S0xfcfS0xa26	0x1172V0xfcfV0xa26	0
0x1174S0xfcfS0xa26	0x1174V0xfcfV0xa26	0
0x1175S0xfcfS0xa26	0x1175V0xfcfV0xa26	0
0x116a_0x0S0xfcfS0xa26	0x116a_0x0V0xfcfV0xa26	0
0x1184S0xfcfS0xa26	0x1184V0xfcfV0xa26	0
0x1187S0xfcfS0xa26	0x1187V0xfcfV0xa26	0
0xfd0S0x71f0x11b	0xfd0V0x71f0x11b	0
0xfd3S0x71f0x11b	0xfd3V0x71f0x11b	0
0xfd4S0x71f0x11b	0xfd4V0x71f0x11b	0
0xfd9S0x71f0x11b	0xfd9V0x71f0x11b	0
0xfdcS0x71f0x11b	0xfdcV0x71f0x11b	0
0xfddS0x71f0x11b	0xfddV0x71f0x11b	0
0xfe5S0x71f0x11b	0xfe5V0x71f0x11b	0
0x115fS0xfcfS0x71f0x11b	0x115fV0xfcfV0x71f0x11b	0
0xf5a4S0xfcfS0x71f0x11b	0xf5a4V0xfcfV0x71f0x11b	0
0x117cS0xfcfS0x71f0x11b	0x117cV0xfcfV0x71f0x11b	0
0x117dS0xfcfS0x71f0x11b	0x117dV0xfcfV0x71f0x11b	0
0x117eS0xfcfS0x71f0x11b	0x117eV0xfcfV0x71f0x11b	0
0x1179_0x0S0xfcfS0x71f0x11b	0x1179_0x0V0xfcfV0x71f0x11b	0
0x1164S0xfcfS0x71f0x11b	0x1164V0xfcfV0x71f0x11b	0
0x1165S0xfcfS0x71f0x11b	0x1165V0xfcfV0x71f0x11b	0
0x1166S0xfcfS0x71f0x11b	0x1166V0xfcfV0x71f0x11b	0
0x1161_0x0S0xfcfS0x71f0x11b	0x1161_0x0V0xfcfV0x71f0x11b	0
0x116cS0xfcfS0x71f0x11b	0x116cV0xfcfV0x71f0x11b	0
0x116dS0xfcfS0x71f0x11b	0x116dV0xfcfV0x71f0x11b	0
0x1170S0xfcfS0x71f0x11b	0x1170V0xfcfV0x71f0x11b	0
0x1172S0xfcfS0x71f0x11b	0x1172V0xfcfV0x71f0x11b	0
0x1174S0xfcfS0x71f0x11b	0x1174V0xfcfV0x71f0x11b	0
0x1175S0xfcfS0x71f0x11b	0x1175V0xfcfV0x71f0x11b	0
0x116a_0x0S0xfcfS0x71f0x11b	0x116a_0x0V0xfcfV0x71f0x11b	0
0x1184S0xfcfS0x71f0x11b	0x1184V0xfcfV0x71f0x11b	0
0x1187S0xfcfS0x71f0x11b	0x1187V0xfcfV0x71f0x11b	0
0xe02S0xcc	0xe02V0xcc	0
0xe05S0xcc	0xe05V0xcc	0
0xe08S0xcc	0xe08V0xcc	0
0xe0aS0xcc	0xe0aV0xcc	0
0xe0eS0xcc	0xe0eV0xcc	0
0xe0fS0xcc	0xe0fV0xcc	0
0xe10S0xcc	0xe10V0xcc	0
0xe11S0xcc	0xe11V0xcc	0
0xe1aS0xcc	0xe1aV0xcc	0
0xe1bS0xcc	0xe1bV0xcc	0
0xe1fS0xcc	0xe1fV0xcc	0
0xe26S0xcc	0xe26V0xcc	0
0xe29S0xcc	0xe29V0xcc	0
0xe2aS0xcc	0xe2aV0xcc	0
0xe2bS0xcc	0xe2bV0xcc	0
0xe2fS0xcc	0xe2fV0xcc	0
0xe36S0xcc	0xe36V0xcc	0
0xe39S0xcc	0xe39V0xcc	0
0xe3aS0xcc	0xe3aV0xcc	0
0xe3bS0xcc	0xe3bV0xcc	0
0xe3fS0xcc	0xe3fV0xcc	0
0xe46S0xcc	0xe46V0xcc	0
0xe49S0xcc	0xe49V0xcc	0
0xe4aS0xcc	0xe4aV0xcc	0
0xe4dS0xcc	0xe4dV0xcc	0
0xe50S0xcc	0xe50V0xcc	0
0xe51S0xcc	0xe51V0xcc	0
0xe52S0xcc	0xe52V0xcc	0
0xe5cS0xcc	0xe5cV0xcc	0
0xe5dS0xcc	0xe5dV0xcc	0
0xe5eS0xcc	0xe5eV0xcc	0
0xe66S0xcc	0xe66V0xcc	0
0xe6cS0xcc	0xe6cV0xcc	0
0xe6dS0xcc	0xe6dV0xcc	0
0x11e2S0xe18S0xcc	0x11e2V0xe18V0xcc	0
0x11d2S0xe18S0xcc	0x11d2V0xe18V0xcc	0
0x11d4S0xe18S0xcc	0x11d4V0xe18V0xcc	0
0x11d6S0xe18S0xcc	0x11d6V0xe18V0xcc	0
0x11d8S0xe18S0xcc	0x11d8V0xe18V0xcc	0
0x11d9S0xe18S0xcc	0x11d9V0xe18V0xcc	0
0x11dbS0xe18S0xcc	0x11dbV0xe18V0xcc	0
0x11ddS0xe18S0xcc	0x11ddV0xe18V0xcc	0
0x11deS0xe18S0xcc	0x11deV0xe18V0xcc	0
0x11e2S0xe23S0xcc	0x11e2V0xe23V0xcc	0
0x11d2S0xe23S0xcc	0x11d2V0xe23V0xcc	0
0x11d4S0xe23S0xcc	0x11d4V0xe23V0xcc	0
0x11d6S0xe23S0xcc	0x11d6V0xe23V0xcc	0
0x11d8S0xe23S0xcc	0x11d8V0xe23V0xcc	0
0x11d9S0xe23S0xcc	0x11d9V0xe23V0xcc	0
0x11dbS0xe23S0xcc	0x11dbV0xe23V0xcc	0
0x11ddS0xe23S0xcc	0x11ddV0xe23V0xcc	0
0x11deS0xe23S0xcc	0x11deV0xe23V0xcc	0
0x11e2S0xe33S0xcc	0x11e2V0xe33V0xcc	0
0x11d2S0xe33S0xcc	0x11d2V0xe33V0xcc	0
0x11d4S0xe33S0xcc	0x11d4V0xe33V0xcc	0
0x11d6S0xe33S0xcc	0x11d6V0xe33V0xcc	0
0x11d8S0xe33S0xcc	0x11d8V0xe33V0xcc	0
0x11d9S0xe33S0xcc	0x11d9V0xe33V0xcc	0
0x11dbS0xe33S0xcc	0x11dbV0xe33V0xcc	0
0x11ddS0xe33S0xcc	0x11ddV0xe33V0xcc	0
0x11deS0xe33S0xcc	0x11deV0xe33V0xcc	0
0xc9dS0xe65S0xcc	0xc9dV0xe65V0xcc	0
0xca0S0xe65S0xcc	0xca0V0xe65V0xcc	0
0xc7bS0xe65S0xcc	0xc7bV0xe65V0xcc	0
0xc7eS0xe65S0xcc	0xc7eV0xe65V0xcc	0
0xc81S0xe65S0xcc	0xc81V0xe65V0xcc	0
0xc82S0xe65S0xcc	0xc82V0xe65V0xcc	0
0xc83S0xe65S0xcc	0xc83V0xe65V0xcc	0
0xc8cS0xe65S0xcc	0xc8cV0xe65V0xcc	0
0xc8dS0xe65S0xcc	0xc8dV0xe65V0xcc	0
0xc97S0xe65S0xcc	0xc97V0xe65V0xcc	0
0xc98S0xe65S0xcc	0xc98V0xe65V0xcc	0
0xc99S0xe65S0xcc	0xc99V0xe65V0xcc	0
0xca5S0xe65S0xcc	0xca5V0xe65V0xcc	0
0xca8S0xe65S0xcc	0xca8V0xe65V0xcc	0
0xcabS0xe65S0xcc	0xcabV0xe65V0xcc	0
0xcacS0xe65S0xcc	0xcacV0xe65V0xcc	0
0xcaeS0xe65S0xcc	0xcaeV0xe65V0xcc	0
0xcafS0xe65S0xcc	0xcafV0xe65V0xcc	0
0xcb0S0xe65S0xcc	0xcb0V0xe65V0xcc	0
0xcb2S0xe65S0xcc	0xcb2V0xe65V0xcc	0
0xcb3S0xe65S0xcc	0xcb3V0xe65V0xcc	0
0x24a5S0xe65S0xcc	0x24a5V0xe65V0xcc	0
0x24aaS0xe65S0xcc	0x24aaV0xe65V0xcc	0
0x24acS0xe65S0xcc	0x24acV0xe65V0xcc	0
0x24adS0xe65S0xcc	0x24adV0xe65V0xcc	0
0x24b0S0xe65S0xcc	0x24b0V0xe65V0xcc	0
0x24b2S0xe65S0xcc	0x24b2V0xe65V0xcc	0
0x24b5S0xe65S0xcc	0x24b5V0xe65V0xcc	0
0x24b7S0xe65S0xcc	0x24b7V0xe65V0xcc	0
0xcbcS0xe65S0xcc	0xcbcV0xe65V0xcc	0
0xcc0S0xe65S0xcc	0xcc0V0xe65V0xcc	0
0xcc1S0xe65S0xcc	0xcc1V0xe65V0xcc	0
0xcc2S0xe65S0xcc	0xcc2V0xe65V0xcc	0
0xcc3S0xe65S0xcc	0xcc3V0xe65V0xcc	0
0xcc4S0xe65S0xcc	0xcc4V0xe65V0xcc	0
0xccdS0xe65S0xcc	0xccdV0xe65V0xcc	0
0xcd0S0xe65S0xcc	0xcd0V0xe65V0xcc	0
0xcd1S0xe65S0xcc	0xcd1V0xe65V0xcc	0
0xcd4S0xe65S0xcc	0xcd4V0xe65V0xcc	0
0xcd8S0xe65S0xcc	0xcd8V0xe65V0xcc	0
0xcd9S0xe65S0xcc	0xcd9V0xe65V0xcc	0
0xcdbS0xe65S0xcc	0xcdbV0xe65V0xcc	0
0x10fcS0xca4S0xe65S0xcc	0x10fcV0xca4V0xe65V0xcc	0
0x10ffS0xca4S0xe65S0xcc	0x10ffV0xca4V0xe65V0xcc	0
0x10dbS0xca4S0xe65S0xcc	0x10dbV0xca4V0xe65V0xcc	0
0x10ddS0xca4S0xe65S0xcc	0x10ddV0xca4V0xe65V0xcc	0
0x10deS0xca4S0xe65S0xcc	0x10deV0xca4V0xe65V0xcc	0
0x10e1S0xca4S0xe65S0xcc	0x10e1V0xca4V0xe65V0xcc	0
0x10e2S0xca4S0xe65S0xcc	0x10e2V0xca4V0xe65V0xcc	0
0x10e4S0xca4S0xe65S0xcc	0x10e4V0xca4V0xe65V0xcc	0
0x10e5S0xca4S0xe65S0xcc	0x10e5V0xca4V0xe65V0xcc	0
0x10e7S0xca4S0xe65S0xcc	0x10e7V0xca4V0xe65V0xcc	0
0x10e8S0xca4S0xe65S0xcc	0x10e8V0xca4V0xe65V0xcc	0
0x10f2S0xca4S0xe65S0xcc	0x10f2V0xca4V0xe65V0xcc	0
0x10f5S0xca4S0xe65S0xcc	0x10f5V0xca4V0xe65V0xcc	0
0x10f6S0xca4S0xe65S0xcc	0x10f6V0xca4V0xe65V0xcc	0
0x10f7S0xca4S0xe65S0xcc	0x10f7V0xca4V0xe65V0xcc	0
0x10f8S0xca4S0xe65S0xcc	0x10f8V0xca4V0xe65V0xcc	0
0x1104S0xca4S0xe65S0xcc	0x1104V0xca4V0xe65V0xcc	0
0x24daS0xca4S0xe65S0xcc	0x24daV0xca4V0xe65V0xcc	0
0x24dfS0xca4S0xe65S0xcc	0x24dfV0xca4V0xe65V0xcc	0
0x24e1S0xca4S0xe65S0xcc	0x24e1V0xca4V0xe65V0xcc	0
0x24e2S0xca4S0xe65S0xcc	0x24e2V0xca4V0xe65V0xcc	0
0x24e5S0xca4S0xe65S0xcc	0x24e5V0xca4V0xe65V0xcc	0
0x24e7S0xca4S0xe65S0xcc	0x24e7V0xca4V0xe65V0xcc	0
0x24eaS0xca4S0xe65S0xcc	0x24eaV0xca4V0xe65V0xcc	0
0x24ecS0xca4S0xe65S0xcc	0x24ecV0xca4V0xe65V0xcc	0
0x10baS0x39e	0x10baV0x39e	0
0x10bfS0x39e	0x10bfV0x39e	0
0x10c1S0x39e	0x10c1V0x39e	0
0x10c4S0x39e	0x10c4V0x39e	0
0x10c6S0x39e	0x10c6V0x39e	0
0x10c9S0x39e	0x10c9V0x39e	0
0x10ccS0x39e	0x10ccV0x39e	0
0x10ceS0x39e	0x10ceV0x39e	0
0xfbcS0x10b9S0x39e	0xfbcV0x10b9V0x39e	0
0xfbeS0x10b9S0x39e	0xfbeV0x10b9V0x39e	0
0xfbfS0x10b9S0x39e	0xfbfV0x10b9V0x39e	0
0xfc1S0x10b9S0x39e	0xfc1V0x10b9V0x39e	0
0xfc2S0x10b9S0x39e	0xfc2V0x10b9V0x39e	0
0xfc6S0x10b9S0x39e	0xfc6V0x10b9V0x39e	0
0xfc7S0x10b9S0x39e	0xfc7V0x10b9V0x39e	0
0xfc9S0x10b9S0x39e	0xfc9V0x10b9V0x39e	0
0xfa4S0x10b9S0x39e	0xfa4V0x10b9V0x39e	0
0xfa7S0x10b9S0x39e	0xfa7V0x10b9V0x39e	0
0xfabS0x10b9S0x39e	0xfabV0x10b9V0x39e	0
0xfafS0x10b9S0x39e	0xfafV0x10b9V0x39e	0
0xfb2S0x10b9S0x39e	0xfb2V0x10b9V0x39e	0
0xfb3S0x10b9S0x39e	0xfb3V0x10b9V0x39e	0
0xfb6S0x10b9S0x39e	0xfb6V0x10b9V0x39e	0
0xfb7S0x10b9S0x39e	0xfb7V0x10b9V0x39e	0
0x115fS0xfa3S0x10b9S0x39e	0x115fV0xfa3V0x10b9V0x39e	0
0xf5a4S0xfa3S0x10b9S0x39e	0xf5a4V0xfa3V0x10b9V0x39e	0
0x117cS0xfa3S0x10b9S0x39e	0x117cV0xfa3V0x10b9V0x39e	0
0x117dS0xfa3S0x10b9S0x39e	0x117dV0xfa3V0x10b9V0x39e	0
0x117eS0xfa3S0x10b9S0x39e	0x117eV0xfa3V0x10b9V0x39e	0
0x1179_0x0S0xfa3S0x10b9S0x39e	0x1179_0x0V0xfa3V0x10b9V0x39e	0
0x1164S0xfa3S0x10b9S0x39e	0x1164V0xfa3V0x10b9V0x39e	0
0x1165S0xfa3S0x10b9S0x39e	0x1165V0xfa3V0x10b9V0x39e	0
0x1166S0xfa3S0x10b9S0x39e	0x1166V0xfa3V0x10b9V0x39e	0
0x1161_0x0S0xfa3S0x10b9S0x39e	0x1161_0x0V0xfa3V0x10b9V0x39e	0
0x116cS0xfa3S0x10b9S0x39e	0x116cV0xfa3V0x10b9V0x39e	0
0x116dS0xfa3S0x10b9S0x39e	0x116dV0xfa3V0x10b9V0x39e	0
0x1170S0xfa3S0x10b9S0x39e	0x1170V0xfa3V0x10b9V0x39e	0
0x1172S0xfa3S0x10b9S0x39e	0x1172V0xfa3V0x10b9V0x39e	0
0x1174S0xfa3S0x10b9S0x39e	0x1174V0xfa3V0x10b9V0x39e	0
0x1175S0xfa3S0x10b9S0x39e	0x1175V0xfa3V0x10b9V0x39e	0
0x116a_0x0S0xfa3S0x10b9S0x39e	0x116a_0x0V0xfa3V0x10b9V0x39e	0
0x1184S0xfa3S0x10b9S0x39e	0x1184V0xfa3V0x10b9V0x39e	0
0x1187S0xfa3S0x10b9S0x39e	0x1187V0xfa3V0x10b9V0x39e	0
0xce6S0xe2	0xce6V0xe2	0
0xce9S0xe2	0xce9V0xe2	0
0xcecS0xe2	0xcecV0xe2	0
0xcf0S0xe2	0xcf0V0xe2	0
0xcf1S0xe2	0xcf1V0xe2	0
0xcf2S0xe2	0xcf2V0xe2	0
0xcf3S0xe2	0xcf3V0xe2	0
0xcfcS0xe2	0xcfcV0xe2	0
0xcfdS0xe2	0xcfdV0xe2	0
0xd01S0xe2	0xd01V0xe2	0
0xd08S0xe2	0xd08V0xe2	0
0xd0bS0xe2	0xd0bV0xe2	0
0xd0cS0xe2	0xd0cV0xe2	0
0xd0dS0xe2	0xd0dV0xe2	0
0xd11S0xe2	0xd11V0xe2	0
0xd18S0xe2	0xd18V0xe2	0
0xd1bS0xe2	0xd1bV0xe2	0
0xd1cS0xe2	0xd1cV0xe2	0
0xd1fS0xe2	0xd1fV0xe2	0
0xd22S0xe2	0xd22V0xe2	0
0xd23S0xe2	0xd23V0xe2	0
0xd24S0xe2	0xd24V0xe2	0
0xd2eS0xe2	0xd2eV0xe2	0
0xd2fS0xe2	0xd2fV0xe2	0
0xd30S0xe2	0xd30V0xe2	0
0xd38S0xe2	0xd38V0xe2	0
0xd3eS0xe2	0xd3eV0xe2	0
0xd3fS0xe2	0xd3fV0xe2	0
0x11e2S0xcfaS0xe2	0x11e2V0xcfaV0xe2	0
0x11d2S0xcfaS0xe2	0x11d2V0xcfaV0xe2	0
0x11d4S0xcfaS0xe2	0x11d4V0xcfaV0xe2	0
0x11d6S0xcfaS0xe2	0x11d6V0xcfaV0xe2	0
0x11d8S0xcfaS0xe2	0x11d8V0xcfaV0xe2	0
0x11d9S0xcfaS0xe2	0x11d9V0xcfaV0xe2	0
0x11dbS0xcfaS0xe2	0x11dbV0xcfaV0xe2	0
0x11ddS0xcfaS0xe2	0x11ddV0xcfaV0xe2	0
0x11deS0xcfaS0xe2	0x11deV0xcfaV0xe2	0
0x11e2S0xd05S0xe2	0x11e2V0xd05V0xe2	0
0x11d2S0xd05S0xe2	0x11d2V0xd05V0xe2	0
0x11d4S0xd05S0xe2	0x11d4V0xd05V0xe2	0
0x11d6S0xd05S0xe2	0x11d6V0xd05V0xe2	0
0x11d8S0xd05S0xe2	0x11d8V0xd05V0xe2	0
0x11d9S0xd05S0xe2	0x11d9V0xd05V0xe2	0
0x11dbS0xd05S0xe2	0x11dbV0xd05V0xe2	0
0x11ddS0xd05S0xe2	0x11ddV0xd05V0xe2	0
0x11deS0xd05S0xe2	0x11deV0xd05V0xe2	0
0xc9dS0xd37S0xe2	0xc9dV0xd37V0xe2	0
0xca0S0xd37S0xe2	0xca0V0xd37V0xe2	0
0xc7bS0xd37S0xe2	0xc7bV0xd37V0xe2	0
0xc7eS0xd37S0xe2	0xc7eV0xd37V0xe2	0
0xc81S0xd37S0xe2	0xc81V0xd37V0xe2	0
0xc82S0xd37S0xe2	0xc82V0xd37V0xe2	0
0xc83S0xd37S0xe2	0xc83V0xd37V0xe2	0
0xc8cS0xd37S0xe2	0xc8cV0xd37V0xe2	0
0xc8dS0xd37S0xe2	0xc8dV0xd37V0xe2	0
0xc97S0xd37S0xe2	0xc97V0xd37V0xe2	0
0xc98S0xd37S0xe2	0xc98V0xd37V0xe2	0
0xc99S0xd37S0xe2	0xc99V0xd37V0xe2	0
0xca5S0xd37S0xe2	0xca5V0xd37V0xe2	0
0xca8S0xd37S0xe2	0xca8V0xd37V0xe2	0
0xcabS0xd37S0xe2	0xcabV0xd37V0xe2	0
0xcacS0xd37S0xe2	0xcacV0xd37V0xe2	0
0xcaeS0xd37S0xe2	0xcaeV0xd37V0xe2	0
0xcafS0xd37S0xe2	0xcafV0xd37V0xe2	0
0xcb0S0xd37S0xe2	0xcb0V0xd37V0xe2	0
0xcb2S0xd37S0xe2	0xcb2V0xd37V0xe2	0
0xcb3S0xd37S0xe2	0xcb3V0xd37V0xe2	0
0x24a5S0xd37S0xe2	0x24a5V0xd37V0xe2	0
0x24aaS0xd37S0xe2	0x24aaV0xd37V0xe2	0
0x24acS0xd37S0xe2	0x24acV0xd37V0xe2	0
0x24adS0xd37S0xe2	0x24adV0xd37V0xe2	0
0x24b0S0xd37S0xe2	0x24b0V0xd37V0xe2	0
0x24b2S0xd37S0xe2	0x24b2V0xd37V0xe2	0
0x24b5S0xd37S0xe2	0x24b5V0xd37V0xe2	0
0x24b7S0xd37S0xe2	0x24b7V0xd37V0xe2	0
0xcbcS0xd37S0xe2	0xcbcV0xd37V0xe2	0
0xcc0S0xd37S0xe2	0xcc0V0xd37V0xe2	0
0xcc1S0xd37S0xe2	0xcc1V0xd37V0xe2	0
0xcc2S0xd37S0xe2	0xcc2V0xd37V0xe2	0
0xcc3S0xd37S0xe2	0xcc3V0xd37V0xe2	0
0xcc4S0xd37S0xe2	0xcc4V0xd37V0xe2	0
0xccdS0xd37S0xe2	0xccdV0xd37V0xe2	0
0xcd0S0xd37S0xe2	0xcd0V0xd37V0xe2	0
0xcd1S0xd37S0xe2	0xcd1V0xd37V0xe2	0
0xcd4S0xd37S0xe2	0xcd4V0xd37V0xe2	0
0xcd8S0xd37S0xe2	0xcd8V0xd37V0xe2	0
0xcd9S0xd37S0xe2	0xcd9V0xd37V0xe2	0
0xcdbS0xd37S0xe2	0xcdbV0xd37V0xe2	0
0x10fcS0xca4S0xd37S0xe2	0x10fcV0xca4V0xd37V0xe2	0
0x10ffS0xca4S0xd37S0xe2	0x10ffV0xca4V0xd37V0xe2	0
0x10dbS0xca4S0xd37S0xe2	0x10dbV0xca4V0xd37V0xe2	0
0x10ddS0xca4S0xd37S0xe2	0x10ddV0xca4V0xd37V0xe2	0
0x10deS0xca4S0xd37S0xe2	0x10deV0xca4V0xd37V0xe2	0
0x10e1S0xca4S0xd37S0xe2	0x10e1V0xca4V0xd37V0xe2	0
0x10e2S0xca4S0xd37S0xe2	0x10e2V0xca4V0xd37V0xe2	0
0x10e4S0xca4S0xd37S0xe2	0x10e4V0xca4V0xd37V0xe2	0
0x10e5S0xca4S0xd37S0xe2	0x10e5V0xca4V0xd37V0xe2	0
0x10e7S0xca4S0xd37S0xe2	0x10e7V0xca4V0xd37V0xe2	0
0x10e8S0xca4S0xd37S0xe2	0x10e8V0xca4V0xd37V0xe2	0
0x10f2S0xca4S0xd37S0xe2	0x10f2V0xca4V0xd37V0xe2	0
0x10f5S0xca4S0xd37S0xe2	0x10f5V0xca4V0xd37V0xe2	0
0x10f6S0xca4S0xd37S0xe2	0x10f6V0xca4V0xd37V0xe2	0
0x10f7S0xca4S0xd37S0xe2	0x10f7V0xca4V0xd37V0xe2	0
0x10f8S0xca4S0xd37S0xe2	0x10f8V0xca4V0xd37V0xe2	0
0x1104S0xca4S0xd37S0xe2	0x1104V0xca4V0xd37V0xe2	0
0x24daS0xca4S0xd37S0xe2	0x24daV0xca4V0xd37V0xe2	0
0x24dfS0xca4S0xd37S0xe2	0x24dfV0xca4V0xd37V0xe2	0
0x24e1S0xca4S0xd37S0xe2	0x24e1V0xca4V0xd37V0xe2	0
0x24e2S0xca4S0xd37S0xe2	0x24e2V0xca4V0xd37V0xe2	0
0x24e5S0xca4S0xd37S0xe2	0x24e5V0xca4V0xd37V0xe2	0
0x24e7S0xca4S0xd37S0xe2	0x24e7V0xca4V0xd37V0xe2	0
0x24eaS0xca4S0xd37S0xe2	0x24eaV0xca4V0xd37V0xe2	0
0x24ecS0xca4S0xd37S0xe2	0x24ecV0xca4V0xd37V0xe2	0
0xce6S0x11b	0xce6V0x11b	0
0xce9S0x11b	0xce9V0x11b	0
0xcecS0x11b	0xcecV0x11b	0
0xcf0S0x11b	0xcf0V0x11b	0
0xcf1S0x11b	0xcf1V0x11b	0
0xcf2S0x11b	0xcf2V0x11b	0
0xcf3S0x11b	0xcf3V0x11b	0
0xcfcS0x11b	0xcfcV0x11b	0
0xcfdS0x11b	0xcfdV0x11b	0
0xd01S0x11b	0xd01V0x11b	0
0xd08S0x11b	0xd08V0x11b	0
0xd0bS0x11b	0xd0bV0x11b	0
0xd0cS0x11b	0xd0cV0x11b	0
0xd0dS0x11b	0xd0dV0x11b	0
0xd11S0x11b	0xd11V0x11b	0
0xd18S0x11b	0xd18V0x11b	0
0xd1bS0x11b	0xd1bV0x11b	0
0xd1cS0x11b	0xd1cV0x11b	0
0xd1fS0x11b	0xd1fV0x11b	0
0xd22S0x11b	0xd22V0x11b	0
0xd23S0x11b	0xd23V0x11b	0
0xd24S0x11b	0xd24V0x11b	0
0xd2eS0x11b	0xd2eV0x11b	0
0xd2fS0x11b	0xd2fV0x11b	0
0xd30S0x11b	0xd30V0x11b	0
0xd38S0x11b	0xd38V0x11b	0
0xd3eS0x11b	0xd3eV0x11b	0
0xd3fS0x11b	0xd3fV0x11b	0
0x11e2S0xcfaS0x11b	0x11e2V0xcfaV0x11b	0
0x11d2S0xcfaS0x11b	0x11d2V0xcfaV0x11b	0
0x11d4S0xcfaS0x11b	0x11d4V0xcfaV0x11b	0
0x11d6S0xcfaS0x11b	0x11d6V0xcfaV0x11b	0
0x11d8S0xcfaS0x11b	0x11d8V0xcfaV0x11b	0
0x11d9S0xcfaS0x11b	0x11d9V0xcfaV0x11b	0
0x11dbS0xcfaS0x11b	0x11dbV0xcfaV0x11b	0
0x11ddS0xcfaS0x11b	0x11ddV0xcfaV0x11b	0
0x11deS0xcfaS0x11b	0x11deV0xcfaV0x11b	0
0x11e2S0xd05S0x11b	0x11e2V0xd05V0x11b	0
0x11d2S0xd05S0x11b	0x11d2V0xd05V0x11b	0
0x11d4S0xd05S0x11b	0x11d4V0xd05V0x11b	0
0x11d6S0xd05S0x11b	0x11d6V0xd05V0x11b	0
0x11d8S0xd05S0x11b	0x11d8V0xd05V0x11b	0
0x11d9S0xd05S0x11b	0x11d9V0xd05V0x11b	0
0x11dbS0xd05S0x11b	0x11dbV0xd05V0x11b	0
0x11ddS0xd05S0x11b	0x11ddV0xd05V0x11b	0
0x11deS0xd05S0x11b	0x11deV0xd05V0x11b	0
0xc9dS0xd37S0x11b	0xc9dV0xd37V0x11b	0
0xca0S0xd37S0x11b	0xca0V0xd37V0x11b	0
0xc7bS0xd37S0x11b	0xc7bV0xd37V0x11b	0
0xc7eS0xd37S0x11b	0xc7eV0xd37V0x11b	0
0xc81S0xd37S0x11b	0xc81V0xd37V0x11b	0
0xc82S0xd37S0x11b	0xc82V0xd37V0x11b	0
0xc83S0xd37S0x11b	0xc83V0xd37V0x11b	0
0xc8cS0xd37S0x11b	0xc8cV0xd37V0x11b	0
0xc8dS0xd37S0x11b	0xc8dV0xd37V0x11b	0
0xc97S0xd37S0x11b	0xc97V0xd37V0x11b	0
0xc98S0xd37S0x11b	0xc98V0xd37V0x11b	0
0xc99S0xd37S0x11b	0xc99V0xd37V0x11b	0
0xca5S0xd37S0x11b	0xca5V0xd37V0x11b	0
0xca8S0xd37S0x11b	0xca8V0xd37V0x11b	0
0xcabS0xd37S0x11b	0xcabV0xd37V0x11b	0
0xcacS0xd37S0x11b	0xcacV0xd37V0x11b	0
0xcaeS0xd37S0x11b	0xcaeV0xd37V0x11b	0
0xcafS0xd37S0x11b	0xcafV0xd37V0x11b	0
0xcb0S0xd37S0x11b	0xcb0V0xd37V0x11b	0
0xcb2S0xd37S0x11b	0xcb2V0xd37V0x11b	0
0xcb3S0xd37S0x11b	0xcb3V0xd37V0x11b	0
0x24a5S0xd37S0x11b	0x24a5V0xd37V0x11b	0
0x24aaS0xd37S0x11b	0x24aaV0xd37V0x11b	0
0x24acS0xd37S0x11b	0x24acV0xd37V0x11b	0
0x24adS0xd37S0x11b	0x24adV0xd37V0x11b	0
0x24b0S0xd37S0x11b	0x24b0V0xd37V0x11b	0
0x24b2S0xd37S0x11b	0x24b2V0xd37V0x11b	0
0x24b5S0xd37S0x11b	0x24b5V0xd37V0x11b	0
0x24b7S0xd37S0x11b	0x24b7V0xd37V0x11b	0
0xcbcS0xd37S0x11b	0xcbcV0xd37V0x11b	0
0xcc0S0xd37S0x11b	0xcc0V0xd37V0x11b	0
0xcc1S0xd37S0x11b	0xcc1V0xd37V0x11b	0
0xcc2S0xd37S0x11b	0xcc2V0xd37V0x11b	0
0xcc3S0xd37S0x11b	0xcc3V0xd37V0x11b	0
0xcc4S0xd37S0x11b	0xcc4V0xd37V0x11b	0
0xccdS0xd37S0x11b	0xccdV0xd37V0x11b	0
0xcd0S0xd37S0x11b	0xcd0V0xd37V0x11b	0
0xcd1S0xd37S0x11b	0xcd1V0xd37V0x11b	0
0xcd4S0xd37S0x11b	0xcd4V0xd37V0x11b	0
0xcd8S0xd37S0x11b	0xcd8V0xd37V0x11b	0
0xcd9S0xd37S0x11b	0xcd9V0xd37V0x11b	0
0xcdbS0xd37S0x11b	0xcdbV0xd37V0x11b	0
0x10fcS0xca4S0xd37S0x11b	0x10fcV0xca4V0xd37V0x11b	0
0x10ffS0xca4S0xd37S0x11b	0x10ffV0xca4V0xd37V0x11b	0
0x10dbS0xca4S0xd37S0x11b	0x10dbV0xca4V0xd37V0x11b	0
0x10ddS0xca4S0xd37S0x11b	0x10ddV0xca4V0xd37V0x11b	0
0x10deS0xca4S0xd37S0x11b	0x10deV0xca4V0xd37V0x11b	0
0x10e1S0xca4S0xd37S0x11b	0x10e1V0xca4V0xd37V0x11b	0
0x10e2S0xca4S0xd37S0x11b	0x10e2V0xca4V0xd37V0x11b	0
0x10e4S0xca4S0xd37S0x11b	0x10e4V0xca4V0xd37V0x11b	0
0x10e5S0xca4S0xd37S0x11b	0x10e5V0xca4V0xd37V0x11b	0
0x10e7S0xca4S0xd37S0x11b	0x10e7V0xca4V0xd37V0x11b	0
0x10e8S0xca4S0xd37S0x11b	0x10e8V0xca4V0xd37V0x11b	0
0x10f2S0xca4S0xd37S0x11b	0x10f2V0xca4V0xd37V0x11b	0
0x10f5S0xca4S0xd37S0x11b	0x10f5V0xca4V0xd37V0x11b	0
0x10f6S0xca4S0xd37S0x11b	0x10f6V0xca4V0xd37V0x11b	0
0x10f7S0xca4S0xd37S0x11b	0x10f7V0xca4V0xd37V0x11b	0
0x10f8S0xca4S0xd37S0x11b	0x10f8V0xca4V0xd37V0x11b	0
0x1104S0xca4S0xd37S0x11b	0x1104V0xca4V0xd37V0x11b	0
0x24daS0xca4S0xd37S0x11b	0x24daV0xca4V0xd37V0x11b	0
0x24dfS0xca4S0xd37S0x11b	0x24dfV0xca4V0xd37V0x11b	0
0x24e1S0xca4S0xd37S0x11b	0x24e1V0xca4V0xd37V0x11b	0
0x24e2S0xca4S0xd37S0x11b	0x24e2V0xca4V0xd37V0x11b	0
0x24e5S0xca4S0xd37S0x11b	0x24e5V0xca4V0xd37V0x11b	0
0x24e7S0xca4S0xd37S0x11b	0x24e7V0xca4V0xd37V0x11b	0
0x24eaS0xca4S0xd37S0x11b	0x24eaV0xca4V0xd37V0x11b	0
0x24ecS0xca4S0xd37S0x11b	0x24ecV0xca4V0xd37V0x11b	0
0x101fS0x7c40x11b	0x101fV0x7c40x11b	0
0x1021S0x7c40x11b	0x1021V0x7c40x11b	0
0x1024S0x7c40x11b	0x1024V0x7c40x11b	0
0x1026S0x7c40x11b	0x1026V0x7c40x11b	0
0x1027S0x7c40x11b	0x1027V0x7c40x11b	0
0x1029S0x7c40x11b	0x1029V0x7c40x11b	0
0x102dS0x7c40x11b	0x102dV0x7c40x11b	0
0x1030S0x7c40x11b	0x1030V0x7c40x11b	0
0x1032S0x7c40x11b	0x1032V0x7c40x11b	0
0x1034S0x7c40x11b	0x1034V0x7c40x11b	0
0x1037S0x7c40x11b	0x1037V0x7c40x11b	0
0x1039S0x7c40x11b	0x1039V0x7c40x11b	0
0x103cS0x7c40x11b	0x103cV0x7c40x11b	0
0x103fS0x7c40x11b	0x103fV0x7c40x11b	0
0x1041S0x7c40x11b	0x1041V0x7c40x11b	0
0xfbcS0x101eS0x7c40x11b	0xfbcV0x101eV0x7c40x11b	0
0xfbeS0x101eS0x7c40x11b	0xfbeV0x101eV0x7c40x11b	0
0xfbfS0x101eS0x7c40x11b	0xfbfV0x101eV0x7c40x11b	0
0xfc1S0x101eS0x7c40x11b	0xfc1V0x101eV0x7c40x11b	0
0xfc2S0x101eS0x7c40x11b	0xfc2V0x101eV0x7c40x11b	0
0xfc6S0x101eS0x7c40x11b	0xfc6V0x101eV0x7c40x11b	0
0xfc7S0x101eS0x7c40x11b	0xfc7V0x101eV0x7c40x11b	0
0xfc9S0x101eS0x7c40x11b	0xfc9V0x101eV0x7c40x11b	0
0xfa4S0x101eS0x7c40x11b	0xfa4V0x101eV0x7c40x11b	0
0xfa7S0x101eS0x7c40x11b	0xfa7V0x101eV0x7c40x11b	0
0xfabS0x101eS0x7c40x11b	0xfabV0x101eV0x7c40x11b	0
0xfafS0x101eS0x7c40x11b	0xfafV0x101eV0x7c40x11b	0
0xfb2S0x101eS0x7c40x11b	0xfb2V0x101eV0x7c40x11b	0
0xfb3S0x101eS0x7c40x11b	0xfb3V0x101eV0x7c40x11b	0
0xfb6S0x101eS0x7c40x11b	0xfb6V0x101eV0x7c40x11b	0
0xfb7S0x101eS0x7c40x11b	0xfb7V0x101eV0x7c40x11b	0
0x115fS0xfa3S0x101eS0x7c40x11b	0x115fV0xfa3V0x101eV0x7c40x11b	0
0xf5a4S0xfa3S0x101eS0x7c40x11b	0xf5a4V0xfa3V0x101eV0x7c40x11b	0
0x117cS0xfa3S0x101eS0x7c40x11b	0x117cV0xfa3V0x101eV0x7c40x11b	0
0x117dS0xfa3S0x101eS0x7c40x11b	0x117dV0xfa3V0x101eV0x7c40x11b	0
0x117eS0xfa3S0x101eS0x7c40x11b	0x117eV0xfa3V0x101eV0x7c40x11b	0
0x1179_0x0S0xfa3S0x101eS0x7c40x11b	0x1179_0x0V0xfa3V0x101eV0x7c40x11b	0
0x1164S0xfa3S0x101eS0x7c40x11b	0x1164V0xfa3V0x101eV0x7c40x11b	0
0x1165S0xfa3S0x101eS0x7c40x11b	0x1165V0xfa3V0x101eV0x7c40x11b	0
0x1166S0xfa3S0x101eS0x7c40x11b	0x1166V0xfa3V0x101eV0x7c40x11b	0
0x1161_0x0S0xfa3S0x101eS0x7c40x11b	0x1161_0x0V0xfa3V0x101eV0x7c40x11b	0
0x116cS0xfa3S0x101eS0x7c40x11b	0x116cV0xfa3V0x101eV0x7c40x11b	0
0x116dS0xfa3S0x101eS0x7c40x11b	0x116dV0xfa3V0x101eV0x7c40x11b	0
0x1170S0xfa3S0x101eS0x7c40x11b	0x1170V0xfa3V0x101eV0x7c40x11b	0
0x1172S0xfa3S0x101eS0x7c40x11b	0x1172V0xfa3V0x101eV0x7c40x11b	0
0x1174S0xfa3S0x101eS0x7c40x11b	0x1174V0xfa3V0x101eV0x7c40x11b	0
0x1175S0xfa3S0x101eS0x7c40x11b	0x1175V0xfa3V0x101eV0x7c40x11b	0
0x116a_0x0S0xfa3S0x101eS0x7c40x11b	0x116a_0x0V0xfa3V0x101eV0x7c40x11b	0
0x1184S0xfa3S0x101eS0x7c40x11b	0x1184V0xfa3V0x101eV0x7c40x11b	0
0x1187S0xfa3S0x101eS0x7c40x11b	0x1187V0xfa3V0x101eV0x7c40x11b	0
0xfecS0x93e0x884	0xfecV0x93e0x884	0
0xfeeS0x93e0x884	0xfeeV0x93e0x884	0
0xff0S0x93e0x884	0xff0V0x93e0x884	0
0xff2S0x93e0x884	0xff2V0x93e0x884	0
0xff3S0x93e0x884	0xff3V0x93e0x884	0
0xff6S0x93e0x884	0xff6V0x93e0x884	0
0xffaS0x93e0x884	0xffaV0x93e0x884	0
0xffbS0x93e0x884	0xffbV0x93e0x884	0
0xffeS0x93e0x884	0xffeV0x93e0x884	0
0x1000S0x93e0x884	0x1000V0x93e0x884	0
0x1003S0x93e0x884	0x1003V0x93e0x884	0
0x1007S0x93e0x884	0x1007V0x93e0x884	0
0x1009S0x93e0x884	0x1009V0x93e0x884	0
0x100cS0x93e0x884	0x100cV0x93e0x884	0
0x1010S0x93e0x884	0x1010V0x93e0x884	0
0x1013S0x93e0x884	0x1013V0x93e0x884	0
0x1018S0x93e0x884	0x1018V0x93e0x884	0
0x101aS0x93e0x884	0x101aV0x93e0x884	0
0xfbcS0xfebS0x93e0x884	0xfbcV0xfebV0x93e0x884	0
0xfbeS0xfebS0x93e0x884	0xfbeV0xfebV0x93e0x884	0
0xfbfS0xfebS0x93e0x884	0xfbfV0xfebV0x93e0x884	0
0xfc1S0xfebS0x93e0x884	0xfc1V0xfebV0x93e0x884	0
0xfc2S0xfebS0x93e0x884	0xfc2V0xfebV0x93e0x884	0
0xfc6S0xfebS0x93e0x884	0xfc6V0xfebV0x93e0x884	0
0xfc7S0xfebS0x93e0x884	0xfc7V0xfebV0x93e0x884	0
0xfc9S0xfebS0x93e0x884	0xfc9V0xfebV0x93e0x884	0
0xfa4S0xfebS0x93e0x884	0xfa4V0xfebV0x93e0x884	0
0xfa7S0xfebS0x93e0x884	0xfa7V0xfebV0x93e0x884	0
0xfabS0xfebS0x93e0x884	0xfabV0xfebV0x93e0x884	0
0xfafS0xfebS0x93e0x884	0xfafV0xfebV0x93e0x884	0
0xfb2S0xfebS0x93e0x884	0xfb2V0xfebV0x93e0x884	0
0xfb3S0xfebS0x93e0x884	0xfb3V0xfebV0x93e0x884	0
0xfb6S0xfebS0x93e0x884	0xfb6V0xfebV0x93e0x884	0
0xfb7S0xfebS0x93e0x884	0xfb7V0xfebV0x93e0x884	0
0x115fS0xfa3S0xfebS0x93e0x884	0x115fV0xfa3V0xfebV0x93e0x884	0
0xf5a4S0xfa3S0xfebS0x93e0x884	0xf5a4V0xfa3V0xfebV0x93e0x884	0
0x117cS0xfa3S0xfebS0x93e0x884	0x117cV0xfa3V0xfebV0x93e0x884	0
0x117dS0xfa3S0xfebS0x93e0x884	0x117dV0xfa3V0xfebV0x93e0x884	0
0x117eS0xfa3S0xfebS0x93e0x884	0x117eV0xfa3V0xfebV0x93e0x884	0
0x1179_0x0S0xfa3S0xfebS0x93e0x884	0x1179_0x0V0xfa3V0xfebV0x93e0x884	0
0x1164S0xfa3S0xfebS0x93e0x884	0x1164V0xfa3V0xfebV0x93e0x884	0
0x1165S0xfa3S0xfebS0x93e0x884	0x1165V0xfa3V0xfebV0x93e0x884	0
0x1166S0xfa3S0xfebS0x93e0x884	0x1166V0xfa3V0xfebV0x93e0x884	0
0x1161_0x0S0xfa3S0xfebS0x93e0x884	0x1161_0x0V0xfa3V0xfebV0x93e0x884	0
0x116cS0xfa3S0xfebS0x93e0x884	0x116cV0xfa3V0xfebV0x93e0x884	0
0x116dS0xfa3S0xfebS0x93e0x884	0x116dV0xfa3V0xfebV0x93e0x884	0
0x1170S0xfa3S0xfebS0x93e0x884	0x1170V0xfa3V0xfebV0x93e0x884	0
0x1172S0xfa3S0xfebS0x93e0x884	0x1172V0xfa3V0xfebV0x93e0x884	0
0x1174S0xfa3S0xfebS0x93e0x884	0x1174V0xfa3V0xfebV0x93e0x884	0
0x1175S0xfa3S0xfebS0x93e0x884	0x1175V0xfa3V0xfebV0x93e0x884	0
0x116a_0x0S0xfa3S0xfebS0x93e0x884	0x116a_0x0V0xfa3V0xfebV0x93e0x884	0
0x1184S0xfa3S0xfebS0x93e0x884	0x1184V0xfa3V0xfebV0x93e0x884	0
0x1187S0xfa3S0xfebS0x93e0x884	0x1187V0xfa3V0xfebV0x93e0x884	0
0x178S0xdb	0x178V0xdb	0
0x17eS0xdb	0x17eV0xdb	0
0x167S0xdb	0x167V0xdb	0
0x169S0xdb	0x169V0xdb	0
0x16bS0xdb	0x16bV0xdb	0
0x16dS0xdb	0x16dV0xdb	0
0x16eS0xdb	0x16eV0xdb	0
0x170S0xdb	0x170V0xdb	0
0x171S0xdb	0x171V0xdb	0
0x172S0xdb	0x172V0xdb	0
0x173S0xdb	0x173V0xdb	0
0x174S0xdb	0x174V0xdb	0
0x1d7S0xdb	0x1d7V0xdb	0
0x1dfS0xdb	0x1dfV0xdb	0
0x184S0xdb	0x184V0xdb	0
0x186S0xdb	0x186V0xdb	0
0x188S0xdb	0x188V0xdb	0
0x18aS0xdb	0x18aV0xdb	0
0x18bS0xdb	0x18bV0xdb	0
0x18cS0xdb	0x18cV0xdb	0
0x18dS0xdb	0x18dV0xdb	0
0x18eS0xdb	0x18eV0xdb	0
0x190S0xdb	0x190V0xdb	0
0x192S0xdb	0x192V0xdb	0
0x194S0xdb	0x194V0xdb	0
0x195S0xdb	0x195V0xdb	0
0x196S0xdb	0x196V0xdb	0
0x197S0xdb	0x197V0xdb	0
0x1bbS0xdb	0x1bbV0xdb	0
0x1bdS0xdb	0x1bdV0xdb	0
0x1beS0xdb	0x1beV0xdb	0
0x1c5S0xdb	0x1c5V0xdb	0
0x1caS0xdb	0x1caV0xdb	0
0x1ccS0xdb	0x1ccV0xdb	0
0x1cfS0xdb	0x1cfV0xdb	0
0x1d2S0xdb	0x1d2V0xdb	0
0x83d0x166S0xdb	0x1660x83d_0x0V0xdb	0
0x8340x166S0xdb	0x1660x834V0xdb	0
0x83a0x166S0xdb	0x1660x83aV0xdb	0
0x8300x166S0xdb	0x1660x830V0xdb	0
0x82e0x166S0xdb	0x1660x82eV0xdb	0
0x8270x166S0xdb	0x1660x827V0xdb	0
0x8250x166S0xdb	0x1660x825V0xdb	0
0x8240x166S0xdb	0x1660x824V0xdb	0
0x8220x166S0xdb	0x1660x822V0xdb	0
0x8200x166S0xdb	0x1660x820V0xdb	0
0x81e0x166S0xdb	0x1660x81eV0xdb	0
0x81d0x166S0xdb	0x1660x81dV0xdb	0
0x8190x166S0xdb	0x1660x819V0xdb	0
0x8140x166S0xdb	0x1660x814V0xdb	0
0x8120x166S0xdb	0x1660x812V0xdb	0
0x80d0x166S0xdb	0x1660x80dV0xdb	0
0x80c0x166S0xdb	0x1660x80cV0xdb	0
0x8790x166S0xdb	0x1660x879_0x0V0xdb	0
0x8700x166S0xdb	0x1660x870V0xdb	0
0x8760x166S0xdb	0x1660x876V0xdb	0
0x86c0x166S0xdb	0x1660x86cV0xdb	0
0x86a0x166S0xdb	0x1660x86aV0xdb	0
0x8620x166S0xdb	0x1660x862V0xdb	0
0x85f0x166S0xdb	0x1660x85fV0xdb	0
0x85b0x166S0xdb	0x1660x85bV0xdb	0
0x8560x166S0xdb	0x1660x856V0xdb	0
0x8540x166S0xdb	0x1660x854V0xdb	0
0x84f0x166S0xdb	0x1660x84fV0xdb	0
0x84e0x166S0xdb	0x1660x84eV0xdb	0
0x84b0x166S0xdb	0x1660x84bV0xdb	0
0x84a0x166S0xdb	0x1660x84aV0xdb	0
0x8480x166S0xdb	0x1660x848V0xdb	0
0x8460x166S0xdb	0x1660x846V0xdb	0
0x8440x166S0xdb	0x1660x844V0xdb	0
0x101fS0x182S0xdb	0x101fV0x182V0xdb	0
0x1021S0x182S0xdb	0x1021V0x182V0xdb	0
0x1024S0x182S0xdb	0x1024V0x182V0xdb	0
0x1026S0x182S0xdb	0x1026V0x182V0xdb	0
0x1027S0x182S0xdb	0x1027V0x182V0xdb	0
0x1029S0x182S0xdb	0x1029V0x182V0xdb	0
0x102dS0x182S0xdb	0x102dV0x182V0xdb	0
0x1030S0x182S0xdb	0x1030V0x182V0xdb	0
0x1032S0x182S0xdb	0x1032V0x182V0xdb	0
0x1034S0x182S0xdb	0x1034V0x182V0xdb	0
0x1037S0x182S0xdb	0x1037V0x182V0xdb	0
0x1039S0x182S0xdb	0x1039V0x182V0xdb	0
0x103cS0x182S0xdb	0x103cV0x182V0xdb	0
0x103fS0x182S0xdb	0x103fV0x182V0xdb	0
0x1041S0x182S0xdb	0x1041V0x182V0xdb	0
0xfbcS0x101eS0x182S0xdb	0xfbcV0x101eV0x182V0xdb	0
0xfbeS0x101eS0x182S0xdb	0xfbeV0x101eV0x182V0xdb	0
0xfbfS0x101eS0x182S0xdb	0xfbfV0x101eV0x182V0xdb	0
0xfc1S0x101eS0x182S0xdb	0xfc1V0x101eV0x182V0xdb	0
0xfc2S0x101eS0x182S0xdb	0xfc2V0x101eV0x182V0xdb	0
0xfc6S0x101eS0x182S0xdb	0xfc6V0x101eV0x182V0xdb	0
0xfc7S0x101eS0x182S0xdb	0xfc7V0x101eV0x182V0xdb	0
0xfc9S0x101eS0x182S0xdb	0xfc9V0x101eV0x182V0xdb	0
0xfa4S0x101eS0x182S0xdb	0xfa4V0x101eV0x182V0xdb	0
0xfa7S0x101eS0x182S0xdb	0xfa7V0x101eV0x182V0xdb	0
0xfabS0x101eS0x182S0xdb	0xfabV0x101eV0x182V0xdb	0
0xfafS0x101eS0x182S0xdb	0xfafV0x101eV0x182V0xdb	0
0xfb2S0x101eS0x182S0xdb	0xfb2V0x101eV0x182V0xdb	0
0xfb3S0x101eS0x182S0xdb	0xfb3V0x101eV0x182V0xdb	0
0xfb6S0x101eS0x182S0xdb	0xfb6V0x101eV0x182V0xdb	0
0xfb7S0x101eS0x182S0xdb	0xfb7V0x101eV0x182V0xdb	0
0x115fS0xfa3S0x101eS0x182S0xdb	0x115fV0xfa3V0x101eV0x182V0xdb	0
0xf5a4S0xfa3S0x101eS0x182S0xdb	0xf5a4V0xfa3V0x101eV0x182V0xdb	0
0x117cS0xfa3S0x101eS0x182S0xdb	0x117cV0xfa3V0x101eV0x182V0xdb	0
0x117dS0xfa3S0x101eS0x182S0xdb	0x117dV0xfa3V0x101eV0x182V0xdb	0
0x117eS0xfa3S0x101eS0x182S0xdb	0x117eV0xfa3V0x101eV0x182V0xdb	0
0x1179_0x0S0xfa3S0x101eS0x182S0xdb	0x1179_0x0V0xfa3V0x101eV0x182V0xdb	0
0x1164S0xfa3S0x101eS0x182S0xdb	0x1164V0xfa3V0x101eV0x182V0xdb	0
0x1165S0xfa3S0x101eS0x182S0xdb	0x1165V0xfa3V0x101eV0x182V0xdb	0
0x1166S0xfa3S0x101eS0x182S0xdb	0x1166V0xfa3V0x101eV0x182V0xdb	0
0x1161_0x0S0xfa3S0x101eS0x182S0xdb	0x1161_0x0V0xfa3V0x101eV0x182V0xdb	0
0x116cS0xfa3S0x101eS0x182S0xdb	0x116cV0xfa3V0x101eV0x182V0xdb	0
0x116dS0xfa3S0x101eS0x182S0xdb	0x116dV0xfa3V0x101eV0x182V0xdb	0
0x1170S0xfa3S0x101eS0x182S0xdb	0x1170V0xfa3V0x101eV0x182V0xdb	0
0x1172S0xfa3S0x101eS0x182S0xdb	0x1172V0xfa3V0x101eV0x182V0xdb	0
0x1174S0xfa3S0x101eS0x182S0xdb	0x1174V0xfa3V0x101eV0x182V0xdb	0
0x1175S0xfa3S0x101eS0x182S0xdb	0x1175V0xfa3V0x101eV0x182V0xdb	0
0x116a_0x0S0xfa3S0x101eS0x182S0xdb	0x116a_0x0V0xfa3V0x101eV0x182V0xdb	0
0x1184S0xfa3S0x101eS0x182S0xdb	0x1184V0xfa3V0x101eV0x182V0xdb	0
0x1187S0xfa3S0x101eS0x182S0xdb	0x1187V0xfa3V0x101eV0x182V0xdb	0
0xd88S0xf5	0xd88V0xf5	0
0xd8bS0xf5	0xd8bV0xf5	0
0xd8eS0xf5	0xd8eV0xf5	0
0xd92S0xf5	0xd92V0xf5	0
0xd93S0xf5	0xd93V0xf5	0
0xd94S0xf5	0xd94V0xf5	0
0xd95S0xf5	0xd95V0xf5	0
0xd9eS0xf5	0xd9eV0xf5	0
0xd9fS0xf5	0xd9fV0xf5	0
0xda3S0xf5	0xda3V0xf5	0
0xdaaS0xf5	0xdaaV0xf5	0
0xdadS0xf5	0xdadV0xf5	0
0xdaeS0xf5	0xdaeV0xf5	0
0xdafS0xf5	0xdafV0xf5	0
0xdb3S0xf5	0xdb3V0xf5	0
0xdbaS0xf5	0xdbaV0xf5	0
0xdbdS0xf5	0xdbdV0xf5	0
0xdbeS0xf5	0xdbeV0xf5	0
0xdbfS0xf5	0xdbfV0xf5	0
0xdcaS0xf5	0xdcaV0xf5	0
0xdcbS0xf5	0xdcbV0xf5	0
0xdccS0xf5	0xdccV0xf5	0
0xdd4S0xf5	0xdd4V0xf5	0
0xddaS0xf5	0xddaV0xf5	0
0xddbS0xf5	0xddbV0xf5	0
0xde2S0xf5	0xde2V0xf5	0
0xde5S0xf5	0xde5V0xf5	0
0xde6S0xf5	0xde6V0xf5	0
0xdebS0xf5	0xdebV0xf5	0
0xdecS0xf5	0xdecV0xf5	0
0xdedS0xf5	0xdedV0xf5	0
0xdf6S0xf5	0xdf6V0xf5	0
0xdfcS0xf5	0xdfcV0xf5	0
0xdfdS0xf5	0xdfdV0xf5	0
0x11e2S0xd9cS0xf5	0x11e2V0xd9cV0xf5	0
0x11d2S0xd9cS0xf5	0x11d2V0xd9cV0xf5	0
0x11d4S0xd9cS0xf5	0x11d4V0xd9cV0xf5	0
0x11d6S0xd9cS0xf5	0x11d6V0xd9cV0xf5	0
0x11d8S0xd9cS0xf5	0x11d8V0xd9cV0xf5	0
0x11d9S0xd9cS0xf5	0x11d9V0xd9cV0xf5	0
0x11dbS0xd9cS0xf5	0x11dbV0xd9cV0xf5	0
0x11ddS0xd9cS0xf5	0x11ddV0xd9cV0xf5	0
0x11deS0xd9cS0xf5	0x11deV0xd9cV0xf5	0
0x11e2S0xda7S0xf5	0x11e2V0xda7V0xf5	0
0x11d2S0xda7S0xf5	0x11d2V0xda7V0xf5	0
0x11d4S0xda7S0xf5	0x11d4V0xda7V0xf5	0
0x11d6S0xda7S0xf5	0x11d6V0xda7V0xf5	0
0x11d8S0xda7S0xf5	0x11d8V0xda7V0xf5	0
0x11d9S0xda7S0xf5	0x11d9V0xda7V0xf5	0
0x11dbS0xda7S0xf5	0x11dbV0xda7V0xf5	0
0x11ddS0xda7S0xf5	0x11ddV0xda7V0xf5	0
0x11deS0xda7S0xf5	0x11deV0xda7V0xf5	0
0xc9dS0xdf4S0xf5	0xc9dV0xdf4V0xf5	0
0xca0S0xdf4S0xf5	0xca0V0xdf4V0xf5	0
0xc7bS0xdf4S0xf5	0xc7bV0xdf4V0xf5	0
0xc7eS0xdf4S0xf5	0xc7eV0xdf4V0xf5	0
0xc81S0xdf4S0xf5	0xc81V0xdf4V0xf5	0
0xc82S0xdf4S0xf5	0xc82V0xdf4V0xf5	0
0xc83S0xdf4S0xf5	0xc83V0xdf4V0xf5	0
0xc8cS0xdf4S0xf5	0xc8cV0xdf4V0xf5	0
0xc8dS0xdf4S0xf5	0xc8dV0xdf4V0xf5	0
0xc97S0xdf4S0xf5	0xc97V0xdf4V0xf5	0
0xc98S0xdf4S0xf5	0xc98V0xdf4V0xf5	0
0xc99S0xdf4S0xf5	0xc99V0xdf4V0xf5	0
0xca5S0xdf4S0xf5	0xca5V0xdf4V0xf5	0
0xca8S0xdf4S0xf5	0xca8V0xdf4V0xf5	0
0xcabS0xdf4S0xf5	0xcabV0xdf4V0xf5	0
0xcacS0xdf4S0xf5	0xcacV0xdf4V0xf5	0
0xcaeS0xdf4S0xf5	0xcaeV0xdf4V0xf5	0
0xcafS0xdf4S0xf5	0xcafV0xdf4V0xf5	0
0xcb0S0xdf4S0xf5	0xcb0V0xdf4V0xf5	0
0xcb2S0xdf4S0xf5	0xcb2V0xdf4V0xf5	0
0xcb3S0xdf4S0xf5	0xcb3V0xdf4V0xf5	0
0x24a5S0xdf4S0xf5	0x24a5V0xdf4V0xf5	0
0x24aaS0xdf4S0xf5	0x24aaV0xdf4V0xf5	0
0x24acS0xdf4S0xf5	0x24acV0xdf4V0xf5	0
0x24adS0xdf4S0xf5	0x24adV0xdf4V0xf5	0
0x24b0S0xdf4S0xf5	0x24b0V0xdf4V0xf5	0
0x24b2S0xdf4S0xf5	0x24b2V0xdf4V0xf5	0
0x24b5S0xdf4S0xf5	0x24b5V0xdf4V0xf5	0
0x24b7S0xdf4S0xf5	0x24b7V0xdf4V0xf5	0
0xcbcS0xdf4S0xf5	0xcbcV0xdf4V0xf5	0
0xcc0S0xdf4S0xf5	0xcc0V0xdf4V0xf5	0
0xcc1S0xdf4S0xf5	0xcc1V0xdf4V0xf5	0
0xcc2S0xdf4S0xf5	0xcc2V0xdf4V0xf5	0
0xcc3S0xdf4S0xf5	0xcc3V0xdf4V0xf5	0
0xcc4S0xdf4S0xf5	0xcc4V0xdf4V0xf5	0
0xccdS0xdf4S0xf5	0xccdV0xdf4V0xf5	0
0xcd0S0xdf4S0xf5	0xcd0V0xdf4V0xf5	0
0xcd1S0xdf4S0xf5	0xcd1V0xdf4V0xf5	0
0xcd4S0xdf4S0xf5	0xcd4V0xdf4V0xf5	0
0xcd8S0xdf4S0xf5	0xcd8V0xdf4V0xf5	0
0xcd9S0xdf4S0xf5	0xcd9V0xdf4V0xf5	0
0xcdbS0xdf4S0xf5	0xcdbV0xdf4V0xf5	0
0x10fcS0xca4S0xdf4S0xf5	0x10fcV0xca4V0xdf4V0xf5	0
0x10ffS0xca4S0xdf4S0xf5	0x10ffV0xca4V0xdf4V0xf5	0
0x10dbS0xca4S0xdf4S0xf5	0x10dbV0xca4V0xdf4V0xf5	0
0x10ddS0xca4S0xdf4S0xf5	0x10ddV0xca4V0xdf4V0xf5	0
0x10deS0xca4S0xdf4S0xf5	0x10deV0xca4V0xdf4V0xf5	0
0x10e1S0xca4S0xdf4S0xf5	0x10e1V0xca4V0xdf4V0xf5	0
0x10e2S0xca4S0xdf4S0xf5	0x10e2V0xca4V0xdf4V0xf5	0
0x10e4S0xca4S0xdf4S0xf5	0x10e4V0xca4V0xdf4V0xf5	0
0x10e5S0xca4S0xdf4S0xf5	0x10e5V0xca4V0xdf4V0xf5	0
0x10e7S0xca4S0xdf4S0xf5	0x10e7V0xca4V0xdf4V0xf5	0
0x10e8S0xca4S0xdf4S0xf5	0x10e8V0xca4V0xdf4V0xf5	0
0x10f2S0xca4S0xdf4S0xf5	0x10f2V0xca4V0xdf4V0xf5	0
0x10f5S0xca4S0xdf4S0xf5	0x10f5V0xca4V0xdf4V0xf5	0
0x10f6S0xca4S0xdf4S0xf5	0x10f6V0xca4V0xdf4V0xf5	0
0x10f7S0xca4S0xdf4S0xf5	0x10f7V0xca4V0xdf4V0xf5	0
0x10f8S0xca4S0xdf4S0xf5	0x10f8V0xca4V0xdf4V0xf5	0
0x1104S0xca4S0xdf4S0xf5	0x1104V0xca4V0xdf4V0xf5	0
0x24daS0xca4S0xdf4S0xf5	0x24daV0xca4V0xdf4V0xf5	0
0x24dfS0xca4S0xdf4S0xf5	0x24dfV0xca4V0xdf4V0xf5	0
0x24e1S0xca4S0xdf4S0xf5	0x24e1V0xca4V0xdf4V0xf5	0
0x24e2S0xca4S0xdf4S0xf5	0x24e2V0xca4V0xdf4V0xf5	0
0x24e5S0xca4S0xdf4S0xf5	0x24e5V0xca4V0xdf4V0xf5	0
0x24e7S0xca4S0xdf4S0xf5	0x24e7V0xca4V0xdf4V0xf5	0
0x24eaS0xca4S0xdf4S0xf5	0x24eaV0xca4V0xdf4V0xf5	0
0x24ecS0xca4S0xdf4S0xf5	0x24ecV0xca4V0xdf4V0xf5	0
0xc3bS0xdd3S0xf5	0xc3bV0xdd3V0xf5	0
0xc40S0xdd3S0xf5	0xc40V0xdd3V0xf5	0
0xc41S0xdd3S0xf5	0xc41V0xdd3V0xf5	0
0xc42S0xdd3S0xf5	0xc42V0xdd3V0xf5	0
0xc43S0xdd3S0xf5	0xc43V0xdd3V0xf5	0
0xc3b_0x1S0xdd3S0xf5	0xc3b_0x1V0xdd3V0xf5	0
0xc03S0xdd3S0xf5	0xc03V0xdd3V0xf5	0
0xc04S0xdd3S0xf5	0xc04V0xdd3V0xf5	0
0xc06S0xdd3S0xf5	0xc06V0xdd3V0xf5	0
0xc09S0xdd3S0xf5	0xc09V0xdd3V0xf5	0
0xc0dS0xdd3S0xf5	0xc0dV0xdd3V0xf5	0
0xc18S0xdd3S0xf5	0xc18V0xdd3V0xf5	0
0xc1dS0xdd3S0xf5	0xc1dV0xdd3V0xf5	0
0xc21S0xdd3S0xf5	0xc21V0xdd3V0xf5	0
0xc23S0xdd3S0xf5	0xc23V0xdd3V0xf5	0
0xc25S0xdd3S0xf5	0xc25V0xdd3V0xf5	0
0xc26S0xdd3S0xf5	0xc26V0xdd3V0xf5	0
0xc27S0xdd3S0xf5	0xc27V0xdd3V0xf5	0
0xc28S0xdd3S0xf5	0xc28V0xdd3V0xf5	0
0xc29S0xdd3S0xf5	0xc29V0xdd3V0xf5	0
0x1edbcS0xdd3S0xf5	0x1edbcV0xdd3V0xf5	0
0xd7a4S0xdd3S0xf5	0xd7a4V0xdd3V0xf5	0
0xc4bS0xdd3S0xf5	0xc4bV0xdd3V0xf5	0
0xc4fS0xdd3S0xf5	0xc4fV0xdd3V0xf5	0
0xc55S0xdd3S0xf5	0xc55V0xdd3V0xf5	0
0xc56S0xdd3S0xf5	0xc56V0xdd3V0xf5	0
0xc5aS0xdd3S0xf5	0xc5aV0xdd3V0xf5	0
0xc53_0x3S0xdd3S0xf5	0xc53_0x3V0xdd3V0xf5	0
0xc63S0xdd3S0xf5	0xc63V0xdd3V0xf5	0
0xc64S0xdd3S0xf5	0xc64V0xdd3V0xf5	0
0xc67S0xdd3S0xf5	0xc67V0xdd3V0xf5	0
0xc6dS0xdd3S0xf5	0xc6dV0xdd3V0xf5	0
0xc71S0xdd3S0xf5	0xc71V0xdd3V0xf5	0
0xc73S0xdd3S0xf5	0xc73V0xdd3V0xf5	0
0xc75S0xdd3S0xf5	0xc75V0xdd3V0xf5	0
0xc76S0xdd3S0xf5	0xc76V0xdd3V0xf5	0
0xc5e_0x3S0xdd3S0xf5	0xc5e_0x3V0xdd3V0xf5	0
0xc5e_0x4S0xdd3S0xf5	0xc5e_0x4V0xdd3V0xf5	0
0xc5e_0x6S0xdd3S0xf5	0xc5e_0x6V0xdd3V0xf5	0
0xc35S0xdd3S0xf5	0xc35V0xdd3V0xf5	0
0xc36S0xdd3S0xf5	0xc36V0xdd3V0xf5	0
0xc37S0xdd3S0xf5	0xc37V0xdd3V0xf5	0
0xc32_0x0S0xdd3S0xf5	0xc32_0x0V0xdd3V0xf5	0
0xbf2S0xdd3S0xf5	0xbf2V0xdd3V0xf5	0
0xbf5S0xdd3S0xf5	0xbf5V0xdd3V0xf5	0
0xbf8S0xdd3S0xf5	0xbf8V0xdd3V0xf5	0
0xbf9S0xdd3S0xf5	0xbf9V0xdd3V0xf5	0
0xbfaS0xdd3S0xf5	0xbfaV0xdd3V0xf5	0
0x10fcS0x1edbbS0xdd3S0xf5	0x10fcV0x1edbbV0xdd3V0xf5	0
0x10ffS0x1edbbS0xdd3S0xf5	0x10ffV0x1edbbV0xdd3V0xf5	0
0x10dbS0x1edbbS0xdd3S0xf5	0x10dbV0x1edbbV0xdd3V0xf5	0
0x10ddS0x1edbbS0xdd3S0xf5	0x10ddV0x1edbbV0xdd3V0xf5	0
0x10deS0x1edbbS0xdd3S0xf5	0x10deV0x1edbbV0xdd3V0xf5	0
0x10e1S0x1edbbS0xdd3S0xf5	0x10e1V0x1edbbV0xdd3V0xf5	0
0x10e2S0x1edbbS0xdd3S0xf5	0x10e2V0x1edbbV0xdd3V0xf5	0
0x10e4S0x1edbbS0xdd3S0xf5	0x10e4V0x1edbbV0xdd3V0xf5	0
0x10e5S0x1edbbS0xdd3S0xf5	0x10e5V0x1edbbV0xdd3V0xf5	0
0x10e7S0x1edbbS0xdd3S0xf5	0x10e7V0x1edbbV0xdd3V0xf5	0
0x10e8S0x1edbbS0xdd3S0xf5	0x10e8V0x1edbbV0xdd3V0xf5	0
0x10f2S0x1edbbS0xdd3S0xf5	0x10f2V0x1edbbV0xdd3V0xf5	0
0x10f5S0x1edbbS0xdd3S0xf5	0x10f5V0x1edbbV0xdd3V0xf5	0
0x10f6S0x1edbbS0xdd3S0xf5	0x10f6V0x1edbbV0xdd3V0xf5	0
0x10f7S0x1edbbS0xdd3S0xf5	0x10f7V0x1edbbV0xdd3V0xf5	0
0x10f8S0x1edbbS0xdd3S0xf5	0x10f8V0x1edbbV0xdd3V0xf5	0
0x1104S0x1edbbS0xdd3S0xf5	0x1104V0x1edbbV0xdd3V0xf5	0
0x24daS0x1edbbS0xdd3S0xf5	0x24daV0x1edbbV0xdd3V0xf5	0
0x24dfS0x1edbbS0xdd3S0xf5	0x24dfV0x1edbbV0xdd3V0xf5	0
0x24e1S0x1edbbS0xdd3S0xf5	0x24e1V0x1edbbV0xdd3V0xf5	0
0x24e2S0x1edbbS0xdd3S0xf5	0x24e2V0x1edbbV0xdd3V0xf5	0
0x24e5S0x1edbbS0xdd3S0xf5	0x24e5V0x1edbbV0xdd3V0xf5	0
0x24e7S0x1edbbS0xdd3S0xf5	0x24e7V0x1edbbV0xdd3V0xf5	0
0x24eaS0x1edbbS0xdd3S0xf5	0x24eaV0x1edbbV0xdd3V0xf5	0
0x24ecS0x1edbbS0xdd3S0xf5	0x24ecV0x1edbbV0xdd3V0xf5	0
0x10fcS0xc4aS0xdd3S0xf5	0x10fcV0xc4aV0xdd3V0xf5	0
0x10ffS0xc4aS0xdd3S0xf5	0x10ffV0xc4aV0xdd3V0xf5	0
0x10dbS0xc4aS0xdd3S0xf5	0x10dbV0xc4aV0xdd3V0xf5	0
0x10ddS0xc4aS0xdd3S0xf5	0x10ddV0xc4aV0xdd3V0xf5	0
0x10deS0xc4aS0xdd3S0xf5	0x10deV0xc4aV0xdd3V0xf5	0
0x10e1S0xc4aS0xdd3S0xf5	0x10e1V0xc4aV0xdd3V0xf5	0
0x10e2S0xc4aS0xdd3S0xf5	0x10e2V0xc4aV0xdd3V0xf5	0
0x10e4S0xc4aS0xdd3S0xf5	0x10e4V0xc4aV0xdd3V0xf5	0
0x10e5S0xc4aS0xdd3S0xf5	0x10e5V0xc4aV0xdd3V0xf5	0
0x10e7S0xc4aS0xdd3S0xf5	0x10e7V0xc4aV0xdd3V0xf5	0
0x10e8S0xc4aS0xdd3S0xf5	0x10e8V0xc4aV0xdd3V0xf5	0
0x10f2S0xc4aS0xdd3S0xf5	0x10f2V0xc4aV0xdd3V0xf5	0
0x10f5S0xc4aS0xdd3S0xf5	0x10f5V0xc4aV0xdd3V0xf5	0
0x10f6S0xc4aS0xdd3S0xf5	0x10f6V0xc4aV0xdd3V0xf5	0
0x10f7S0xc4aS0xdd3S0xf5	0x10f7V0xc4aV0xdd3V0xf5	0
0x10f8S0xc4aS0xdd3S0xf5	0x10f8V0xc4aV0xdd3V0xf5	0
0x1104S0xc4aS0xdd3S0xf5	0x1104V0xc4aV0xdd3V0xf5	0
0x24daS0xc4aS0xdd3S0xf5	0x24daV0xc4aV0xdd3V0xf5	0
0x24dfS0xc4aS0xdd3S0xf5	0x24dfV0xc4aV0xdd3V0xf5	0
0x24e1S0xc4aS0xdd3S0xf5	0x24e1V0xc4aV0xdd3V0xf5	0
0x24e2S0xc4aS0xdd3S0xf5	0x24e2V0xc4aV0xdd3V0xf5	0
0x24e5S0xc4aS0xdd3S0xf5	0x24e5V0xc4aV0xdd3V0xf5	0
0x24e7S0xc4aS0xdd3S0xf5	0x24e7V0xc4aV0xdd3V0xf5	0
0x24eaS0xc4aS0xdd3S0xf5	0x24eaV0xc4aV0xdd3V0xf5	0
0x24ecS0xc4aS0xdd3S0xf5	0x24ecV0xc4aV0xdd3V0xf5	0
0x11e2S0xc53S0xdd3S0xf5	0x11e2V0xc53V0xdd3V0xf5	0
0x11d2S0xc53S0xdd3S0xf5	0x11d2V0xc53V0xdd3V0xf5	0
0x11d4S0xc53S0xdd3S0xf5	0x11d4V0xc53V0xdd3V0xf5	0
0x11d6S0xc53S0xdd3S0xf5	0x11d6V0xc53V0xdd3V0xf5	0
0x11d8S0xc53S0xdd3S0xf5	0x11d8V0xc53V0xdd3V0xf5	0
0x11d9S0xc53S0xdd3S0xf5	0x11d9V0xc53V0xdd3V0xf5	0
0x11dbS0xc53S0xdd3S0xf5	0x11dbV0xc53V0xdd3V0xf5	0
0x11ddS0xc53S0xdd3S0xf5	0x11ddV0xc53V0xdd3V0xf5	0
0x11deS0xc53S0xdd3S0xf5	0x11deV0xc53V0xdd3V0xf5	0
0x111eS0xc01S0xdd3S0xf5	0x111eV0xc01V0xdd3V0xf5	0
0x1121S0xc01S0xdd3S0xf5	0x1121V0xc01V0xdd3V0xf5	0
0x110cS0xc01S0xdd3S0xf5	0x110cV0xc01V0xdd3V0xf5	0
0x110eS0xc01S0xdd3S0xf5	0x110eV0xc01V0xdd3V0xf5	0
0x1118S0xc01S0xdd3S0xf5	0x1118V0xc01V0xdd3V0xf5	0
0x1119S0xc01S0xdd3S0xf5	0x1119V0xc01V0xdd3V0xf5	0
0x111aS0xc01S0xdd3S0xf5	0x111aV0xc01V0xdd3V0xf5	0
0x1127S0xc01S0xdd3S0xf5	0x1127V0xc01V0xdd3V0xf5	0
0x1129S0xc01S0xdd3S0xf5	0x1129V0xc01V0xdd3V0xf5	0
0x112aS0xc01S0xdd3S0xf5	0x112aV0xc01V0xdd3V0xf5	0
0x112cS0xc01S0xdd3S0xf5	0x112cV0xc01V0xdd3V0xf5	0
0x250fS0xc01S0xdd3S0xf5	0x250fV0xc01V0xdd3V0xf5	0
0x2514S0xc01S0xdd3S0xf5	0x2514V0xc01V0xdd3V0xf5	0
0x2516S0xc01S0xdd3S0xf5	0x2516V0xc01V0xdd3V0xf5	0
0x2517S0xc01S0xdd3S0xf5	0x2517V0xc01V0xdd3V0xf5	0
0x251aS0xc01S0xdd3S0xf5	0x251aV0xc01V0xdd3V0xf5	0
0x251cS0xc01S0xdd3S0xf5	0x251cV0xc01V0xdd3V0xf5	0
0x251fS0xc01S0xdd3S0xf5	0x251fV0xc01V0xdd3V0xf5	0
0x2521S0xc01S0xdd3S0xf5	0x2521V0xc01V0xdd3V0xf5	0
0xe7fS0x108	0xe7fV0x108	0
0xe82S0x108	0xe82V0x108	0
0xe84S0x108	0xe84V0x108	0
0xe88S0x108	0xe88V0x108	0
0xe89S0x108	0xe89V0x108	0
0xe8aS0x108	0xe8aV0x108	0
0xe8bS0x108	0xe8bV0x108	0
0xe94S0x108	0xe94V0x108	0
0xe95S0x108	0xe95V0x108	0
0xea0S0x108	0xea0V0x108	0
0xea1S0x108	0xea1V0x108	0
0xea2S0x108	0xea2V0x108	0
0xeacS0x108	0xeacV0x108	0
0xeb0S0x108	0xeb0V0x108	0
0xeb3S0x108	0xeb3V0x108	0
0xeb4S0x108	0xeb4V0x108	0
0xeb5S0x108	0xeb5V0x108	0
0xebeS0x108	0xebeV0x108	0
0xebfS0x108	0xebfV0x108	0
0xec1S0x108	0xec1V0x108	0
0xec4S0x108	0xec4V0x108	0
0xec8S0x108	0xec8V0x108	0
0xed3S0x108	0xed3V0x108	0
0xed8S0x108	0xed8V0x108	0
0xedcS0x108	0xedcV0x108	0
0xedeS0x108	0xedeV0x108	0
0xee0S0x108	0xee0V0x108	0
0xee1S0x108	0xee1V0x108	0
0xee2S0x108	0xee2V0x108	0
0xee3S0x108	0xee3V0x108	0
0xee4S0x108	0xee4V0x108	0
0x1ee62S0x108	0x1ee62V0x108	0
0xe1a4S0x108	0xe1a4V0x108	0
0xf1cS0x108	0xf1cV0x108	0
0xf1dS0x108	0xf1dV0x108	0
0xf23S0x108	0xf23V0x108	0
0xf24S0x108	0xf24V0x108	0
0xf25S0x108	0xf25V0x108	0
0xf05S0x108	0xf05V0x108	0
0xf0aS0x108	0xf0aV0x108	0
0xf0eS0x108	0xf0eV0x108	0
0xf11S0x108	0xf11V0x108	0
0xf12S0x108	0xf12V0x108	0
0xf02_0x1S0x108	0xf02_0x1V0x108	0
0xf02_0x3S0x108	0xf02_0x3V0x108	0
0xf02_0x7S0x108	0xf02_0x7V0x108	0
0xef2S0x108	0xef2V0x108	0
0xef3S0x108	0xef3V0x108	0
0xef4S0x108	0xef4V0x108	0
0xeef_0x6S0x108	0xeef_0x6V0x108	0
0xf2dS0x108	0xf2dV0x108	0
0xf33S0x108	0xf33V0x108	0
0xf34S0x108	0xf34V0x108	0
0xf3bS0x108	0xf3bV0x108	0
0xf3eS0x108	0xf3eV0x108	0
0xf3fS0x108	0xf3fV0x108	0
0xf44S0x108	0xf44V0x108	0
0xf45S0x108	0xf45V0x108	0
0xf46S0x108	0xf46V0x108	0
0xf4fS0x108	0xf4fV0x108	0
0xf55S0x108	0xf55V0x108	0
0xf56S0x108	0xf56V0x108	0
0xef9S0x108	0xef9V0x108	0
0xefaS0x108	0xefaV0x108	0
0xefeS0x108	0xefeV0x108	0
0xef8_0x0S0x108	0xef8_0x0V0x108	0
0x10fcS0x1ee61S0x108	0x10fcV0x1ee61V0x108	0
0x10ffS0x1ee61S0x108	0x10ffV0x1ee61V0x108	0
0x10dbS0x1ee61S0x108	0x10dbV0x1ee61V0x108	0
0x10ddS0x1ee61S0x108	0x10ddV0x1ee61V0x108	0
0x10deS0x1ee61S0x108	0x10deV0x1ee61V0x108	0
0x10e1S0x1ee61S0x108	0x10e1V0x1ee61V0x108	0
0x10e2S0x1ee61S0x108	0x10e2V0x1ee61V0x108	0
0x10e4S0x1ee61S0x108	0x10e4V0x1ee61V0x108	0
0x10e5S0x1ee61S0x108	0x10e5V0x1ee61V0x108	0
0x10e7S0x1ee61S0x108	0x10e7V0x1ee61V0x108	0
0x10e8S0x1ee61S0x108	0x10e8V0x1ee61V0x108	0
0x10f2S0x1ee61S0x108	0x10f2V0x1ee61V0x108	0
0x10f5S0x1ee61S0x108	0x10f5V0x1ee61V0x108	0
0x10f6S0x1ee61S0x108	0x10f6V0x1ee61V0x108	0
0x10f7S0x1ee61S0x108	0x10f7V0x1ee61V0x108	0
0x10f8S0x1ee61S0x108	0x10f8V0x1ee61V0x108	0
0x1104S0x1ee61S0x108	0x1104V0x1ee61V0x108	0
0x24daS0x1ee61S0x108	0x24daV0x1ee61V0x108	0
0x24dfS0x1ee61S0x108	0x24dfV0x1ee61V0x108	0
0x24e1S0x1ee61S0x108	0x24e1V0x1ee61V0x108	0
0x24e2S0x1ee61S0x108	0x24e2V0x1ee61V0x108	0
0x24e5S0x1ee61S0x108	0x24e5V0x1ee61V0x108	0
0x24e7S0x1ee61S0x108	0x24e7V0x1ee61V0x108	0
0x24eaS0x1ee61S0x108	0x24eaV0x1ee61V0x108	0
0x24ecS0x1ee61S0x108	0x24ecV0x1ee61V0x108	0
0x11e2S0xef8S0x108	0x11e2V0xef8V0x108	0
0x11d2S0xef8S0x108	0x11d2V0xef8V0x108	0
0x11d4S0xef8S0x108	0x11d4V0xef8V0x108	0
0x11d6S0xef8S0x108	0x11d6V0xef8V0x108	0
0x11d8S0xef8S0x108	0x11d8V0xef8V0x108	0
0x11d9S0xef8S0x108	0x11d9V0xef8V0x108	0
0x11dbS0xef8S0x108	0x11dbV0xef8V0x108	0
0x11ddS0xef8S0x108	0x11ddV0xef8V0x108	0
0x11deS0xef8S0x108	0x11deV0xef8V0x108	0
0x111eS0xebcS0x108	0x111eV0xebcV0x108	0
0x1121S0xebcS0x108	0x1121V0xebcV0x108	0
0x110cS0xebcS0x108	0x110cV0xebcV0x108	0
0x110eS0xebcS0x108	0x110eV0xebcV0x108	0
0x1118S0xebcS0x108	0x1118V0xebcV0x108	0
0x1119S0xebcS0x108	0x1119V0xebcV0x108	0
0x111aS0xebcS0x108	0x111aV0xebcV0x108	0
0x1127S0xebcS0x108	0x1127V0xebcV0x108	0
0x1129S0xebcS0x108	0x1129V0xebcV0x108	0
0x112aS0xebcS0x108	0x112aV0xebcV0x108	0
0x112cS0xebcS0x108	0x112cV0xebcV0x108	0
0x250fS0xebcS0x108	0x250fV0xebcV0x108	0
0x2514S0xebcS0x108	0x2514V0xebcV0x108	0
0x2516S0xebcS0x108	0x2516V0xebcV0x108	0
0x2517S0xebcS0x108	0x2517V0xebcV0x108	0
0x251aS0xebcS0x108	0x251aV0xebcV0x108	0
0x251cS0xebcS0x108	0x251cV0xebcV0x108	0
0x251fS0xebcS0x108	0x251fV0xebcV0x108	0
0x2521S0xebcS0x108	0x2521V0xebcV0x108	0
0xc3bS0xf2cS0x108	0xc3bV0xf2cV0x108	0
0xc40S0xf2cS0x108	0xc40V0xf2cV0x108	0
0xc41S0xf2cS0x108	0xc41V0xf2cV0x108	0
0xc42S0xf2cS0x108	0xc42V0xf2cV0x108	0
0xc43S0xf2cS0x108	0xc43V0xf2cV0x108	0
0xc3b_0x1S0xf2cS0x108	0xc3b_0x1V0xf2cV0x108	0
0xc03S0xf2cS0x108	0xc03V0xf2cV0x108	0
0xc04S0xf2cS0x108	0xc04V0xf2cV0x108	0
0xc06S0xf2cS0x108	0xc06V0xf2cV0x108	0
0xc09S0xf2cS0x108	0xc09V0xf2cV0x108	0
0xc0dS0xf2cS0x108	0xc0dV0xf2cV0x108	0
0xc18S0xf2cS0x108	0xc18V0xf2cV0x108	0
0xc1dS0xf2cS0x108	0xc1dV0xf2cV0x108	0
0xc21S0xf2cS0x108	0xc21V0xf2cV0x108	0
0xc23S0xf2cS0x108	0xc23V0xf2cV0x108	0
0xc25S0xf2cS0x108	0xc25V0xf2cV0x108	0
0xc26S0xf2cS0x108	0xc26V0xf2cV0x108	0
0xc27S0xf2cS0x108	0xc27V0xf2cV0x108	0
0xc28S0xf2cS0x108	0xc28V0xf2cV0x108	0
0xc29S0xf2cS0x108	0xc29V0xf2cV0x108	0
0x1edbcS0xf2cS0x108	0x1edbcV0xf2cV0x108	0
0xd7a4S0xf2cS0x108	0xd7a4V0xf2cV0x108	0
0xc4bS0xf2cS0x108	0xc4bV0xf2cV0x108	0
0xc4fS0xf2cS0x108	0xc4fV0xf2cV0x108	0
0xc55S0xf2cS0x108	0xc55V0xf2cV0x108	0
0xc56S0xf2cS0x108	0xc56V0xf2cV0x108	0
0xc5aS0xf2cS0x108	0xc5aV0xf2cV0x108	0
0xc53_0x3S0xf2cS0x108	0xc53_0x3V0xf2cV0x108	0
0xc63S0xf2cS0x108	0xc63V0xf2cV0x108	0
0xc64S0xf2cS0x108	0xc64V0xf2cV0x108	0
0xc67S0xf2cS0x108	0xc67V0xf2cV0x108	0
0xc6dS0xf2cS0x108	0xc6dV0xf2cV0x108	0
0xc71S0xf2cS0x108	0xc71V0xf2cV0x108	0
0xc73S0xf2cS0x108	0xc73V0xf2cV0x108	0
0xc75S0xf2cS0x108	0xc75V0xf2cV0x108	0
0xc76S0xf2cS0x108	0xc76V0xf2cV0x108	0
0xc5e_0x3S0xf2cS0x108	0xc5e_0x3V0xf2cV0x108	0
0xc5e_0x4S0xf2cS0x108	0xc5e_0x4V0xf2cV0x108	0
0xc5e_0x6S0xf2cS0x108	0xc5e_0x6V0xf2cV0x108	0
0xc35S0xf2cS0x108	0xc35V0xf2cV0x108	0
0xc36S0xf2cS0x108	0xc36V0xf2cV0x108	0
0xc37S0xf2cS0x108	0xc37V0xf2cV0x108	0
0xc32_0x0S0xf2cS0x108	0xc32_0x0V0xf2cV0x108	0
0xbf2S0xf2cS0x108	0xbf2V0xf2cV0x108	0
0xbf5S0xf2cS0x108	0xbf5V0xf2cV0x108	0
0xbf8S0xf2cS0x108	0xbf8V0xf2cV0x108	0
0xbf9S0xf2cS0x108	0xbf9V0xf2cV0x108	0
0xbfaS0xf2cS0x108	0xbfaV0xf2cV0x108	0
0x10fcS0x1edbbS0xf2cS0x108	0x10fcV0x1edbbV0xf2cV0x108	0
0x10ffS0x1edbbS0xf2cS0x108	0x10ffV0x1edbbV0xf2cV0x108	0
0x10dbS0x1edbbS0xf2cS0x108	0x10dbV0x1edbbV0xf2cV0x108	0
0x10ddS0x1edbbS0xf2cS0x108	0x10ddV0x1edbbV0xf2cV0x108	0
0x10deS0x1edbbS0xf2cS0x108	0x10deV0x1edbbV0xf2cV0x108	0
0x10e1S0x1edbbS0xf2cS0x108	0x10e1V0x1edbbV0xf2cV0x108	0
0x10e2S0x1edbbS0xf2cS0x108	0x10e2V0x1edbbV0xf2cV0x108	0
0x10e4S0x1edbbS0xf2cS0x108	0x10e4V0x1edbbV0xf2cV0x108	0
0x10e5S0x1edbbS0xf2cS0x108	0x10e5V0x1edbbV0xf2cV0x108	0
0x10e7S0x1edbbS0xf2cS0x108	0x10e7V0x1edbbV0xf2cV0x108	0
0x10e8S0x1edbbS0xf2cS0x108	0x10e8V0x1edbbV0xf2cV0x108	0
0x10f2S0x1edbbS0xf2cS0x108	0x10f2V0x1edbbV0xf2cV0x108	0
0x10f5S0x1edbbS0xf2cS0x108	0x10f5V0x1edbbV0xf2cV0x108	0
0x10f6S0x1edbbS0xf2cS0x108	0x10f6V0x1edbbV0xf2cV0x108	0
0x10f7S0x1edbbS0xf2cS0x108	0x10f7V0x1edbbV0xf2cV0x108	0
0x10f8S0x1edbbS0xf2cS0x108	0x10f8V0x1edbbV0xf2cV0x108	0
0x1104S0x1edbbS0xf2cS0x108	0x1104V0x1edbbV0xf2cV0x108	0
0x24daS0x1edbbS0xf2cS0x108	0x24daV0x1edbbV0xf2cV0x108	0
0x24dfS0x1edbbS0xf2cS0x108	0x24dfV0x1edbbV0xf2cV0x108	0
0x24e1S0x1edbbS0xf2cS0x108	0x24e1V0x1edbbV0xf2cV0x108	0
0x24e2S0x1edbbS0xf2cS0x108	0x24e2V0x1edbbV0xf2cV0x108	0
0x24e5S0x1edbbS0xf2cS0x108	0x24e5V0x1edbbV0xf2cV0x108	0
0x24e7S0x1edbbS0xf2cS0x108	0x24e7V0x1edbbV0xf2cV0x108	0
0x24eaS0x1edbbS0xf2cS0x108	0x24eaV0x1edbbV0xf2cV0x108	0
0x24ecS0x1edbbS0xf2cS0x108	0x24ecV0x1edbbV0xf2cV0x108	0
0x10fcS0xc4aS0xf2cS0x108	0x10fcV0xc4aV0xf2cV0x108	0
0x10ffS0xc4aS0xf2cS0x108	0x10ffV0xc4aV0xf2cV0x108	0
0x10dbS0xc4aS0xf2cS0x108	0x10dbV0xc4aV0xf2cV0x108	0
0x10ddS0xc4aS0xf2cS0x108	0x10ddV0xc4aV0xf2cV0x108	0
0x10deS0xc4aS0xf2cS0x108	0x10deV0xc4aV0xf2cV0x108	0
0x10e1S0xc4aS0xf2cS0x108	0x10e1V0xc4aV0xf2cV0x108	0
0x10e2S0xc4aS0xf2cS0x108	0x10e2V0xc4aV0xf2cV0x108	0
0x10e4S0xc4aS0xf2cS0x108	0x10e4V0xc4aV0xf2cV0x108	0
0x10e5S0xc4aS0xf2cS0x108	0x10e5V0xc4aV0xf2cV0x108	0
0x10e7S0xc4aS0xf2cS0x108	0x10e7V0xc4aV0xf2cV0x108	0
0x10e8S0xc4aS0xf2cS0x108	0x10e8V0xc4aV0xf2cV0x108	0
0x10f2S0xc4aS0xf2cS0x108	0x10f2V0xc4aV0xf2cV0x108	0
0x10f5S0xc4aS0xf2cS0x108	0x10f5V0xc4aV0xf2cV0x108	0
0x10f6S0xc4aS0xf2cS0x108	0x10f6V0xc4aV0xf2cV0x108	0
0x10f7S0xc4aS0xf2cS0x108	0x10f7V0xc4aV0xf2cV0x108	0
0x10f8S0xc4aS0xf2cS0x108	0x10f8V0xc4aV0xf2cV0x108	0
0x1104S0xc4aS0xf2cS0x108	0x1104V0xc4aV0xf2cV0x108	0
0x24daS0xc4aS0xf2cS0x108	0x24daV0xc4aV0xf2cV0x108	0
0x24dfS0xc4aS0xf2cS0x108	0x24dfV0xc4aV0xf2cV0x108	0
0x24e1S0xc4aS0xf2cS0x108	0x24e1V0xc4aV0xf2cV0x108	0
0x24e2S0xc4aS0xf2cS0x108	0x24e2V0xc4aV0xf2cV0x108	0
0x24e5S0xc4aS0xf2cS0x108	0x24e5V0xc4aV0xf2cV0x108	0
0x24e7S0xc4aS0xf2cS0x108	0x24e7V0xc4aV0xf2cV0x108	0
0x24eaS0xc4aS0xf2cS0x108	0x24eaV0xc4aV0xf2cV0x108	0
0x24ecS0xc4aS0xf2cS0x108	0x24ecV0xc4aV0xf2cV0x108	0
0x11e2S0xc53S0xf2cS0x108	0x11e2V0xc53V0xf2cV0x108	0
0x11d2S0xc53S0xf2cS0x108	0x11d2V0xc53V0xf2cV0x108	0
0x11d4S0xc53S0xf2cS0x108	0x11d4V0xc53V0xf2cV0x108	0
0x11d6S0xc53S0xf2cS0x108	0x11d6V0xc53V0xf2cV0x108	0
0x11d8S0xc53S0xf2cS0x108	0x11d8V0xc53V0xf2cV0x108	0
0x11d9S0xc53S0xf2cS0x108	0x11d9V0xc53V0xf2cV0x108	0
0x11dbS0xc53S0xf2cS0x108	0x11dbV0xc53V0xf2cV0x108	0
0x11ddS0xc53S0xf2cS0x108	0x11ddV0xc53V0xf2cV0x108	0
0x11deS0xc53S0xf2cS0x108	0x11deV0xc53V0xf2cV0x108	0
0x111eS0xc01S0xf2cS0x108	0x111eV0xc01V0xf2cV0x108	0
0x1121S0xc01S0xf2cS0x108	0x1121V0xc01V0xf2cV0x108	0
0x110cS0xc01S0xf2cS0x108	0x110cV0xc01V0xf2cV0x108	0
0x110eS0xc01S0xf2cS0x108	0x110eV0xc01V0xf2cV0x108	0
0x1118S0xc01S0xf2cS0x108	0x1118V0xc01V0xf2cV0x108	0
0x1119S0xc01S0xf2cS0x108	0x1119V0xc01V0xf2cV0x108	0
0x111aS0xc01S0xf2cS0x108	0x111aV0xc01V0xf2cV0x108	0
0x1127S0xc01S0xf2cS0x108	0x1127V0xc01V0xf2cV0x108	0
0x1129S0xc01S0xf2cS0x108	0x1129V0xc01V0xf2cV0x108	0
0x112aS0xc01S0xf2cS0x108	0x112aV0xc01V0xf2cV0x108	0
0x112cS0xc01S0xf2cS0x108	0x112cV0xc01V0xf2cV0x108	0
0x250fS0xc01S0xf2cS0x108	0x250fV0xc01V0xf2cV0x108	0
0x2514S0xc01S0xf2cS0x108	0x2514V0xc01V0xf2cV0x108	0
0x2516S0xc01S0xf2cS0x108	0x2516V0xc01V0xf2cV0x108	0
0x2517S0xc01S0xf2cS0x108	0x2517V0xc01V0xf2cV0x108	0
0x251aS0xc01S0xf2cS0x108	0x251aV0xc01V0xf2cV0x108	0
0x251cS0xc01S0xf2cS0x108	0x251cV0xc01V0xf2cV0x108	0
0x251fS0xc01S0xf2cS0x108	0x251fV0xc01V0xf2cV0x108	0
0x2521S0xc01S0xf2cS0x108	0x2521V0xc01V0xf2cV0x108	0
0xbc4S0xf4dS0x108	0xbc4V0xf4dV0x108	0
0xbcaS0xf4dS0x108	0xbcaV0xf4dV0x108	0
0xbccS0xf4dS0x108	0xbccV0xf4dV0x108	0
0xbcdS0xf4dS0x108	0xbcdV0xf4dV0x108	0
0xbceS0xf4dS0x108	0xbceV0xf4dV0x108	0
0xbc4_0x1S0xf4dS0x108	0xbc4_0x1V0xf4dV0x108	0
0xb9cS0xf4dS0x108	0xb9cV0xf4dV0x108	0
0xb9dS0xf4dS0x108	0xb9dV0xf4dV0x108	0
0xb9fS0xf4dS0x108	0xb9fV0xf4dV0x108	0
0xba2S0xf4dS0x108	0xba2V0xf4dV0x108	0
0xba6S0xf4dS0x108	0xba6V0xf4dV0x108	0
0xbb5S0xf4dS0x108	0xbb5V0xf4dV0x108	0
0xbb9S0xf4dS0x108	0xbb9V0xf4dV0x108	0
0xcda4S0xf4dS0x108	0xcda4V0xf4dV0x108	0
0x1ed6cS0xf4dS0x108	0x1ed6cV0xf4dV0x108	0
0xbd7S0xf4dS0x108	0xbd7V0xf4dV0x108	0
0xbdbS0xf4dS0x108	0xbdbV0xf4dV0x108	0
0xbddS0xf4dS0x108	0xbddV0xf4dV0x108	0
0xbdfS0xf4dS0x108	0xbdfV0xf4dV0x108	0
0xbe0S0xf4dS0x108	0xbe0V0xf4dV0x108	0
0xbd2_0x1S0xf4dS0x108	0xbd2_0x1V0xf4dV0x108	0
0xbd2_0x2S0xf4dS0x108	0xbd2_0x2V0xf4dV0x108	0
0xbd2_0x4S0xf4dS0x108	0xbd2_0x4V0xf4dV0x108	0
0xbbeS0xf4dS0x108	0xbbeV0xf4dV0x108	0
0xbbfS0xf4dS0x108	0xbbfV0xf4dV0x108	0
0xbc0S0xf4dS0x108	0xbc0V0xf4dV0x108	0
0xbbb_0x0S0xf4dS0x108	0xbbb_0x0V0xf4dV0x108	0
0xb8bS0xf4dS0x108	0xb8bV0xf4dV0x108	0
0xb8eS0xf4dS0x108	0xb8eV0xf4dV0x108	0
0xb91S0xf4dS0x108	0xb91V0xf4dV0x108	0
0xb92S0xf4dS0x108	0xb92V0xf4dV0x108	0
0xb93S0xf4dS0x108	0xb93V0xf4dV0x108	0
0x10fcS0x1ed6bS0xf4dS0x108	0x10fcV0x1ed6bV0xf4dV0x108	0
0x10ffS0x1ed6bS0xf4dS0x108	0x10ffV0x1ed6bV0xf4dV0x108	0
0x10dbS0x1ed6bS0xf4dS0x108	0x10dbV0x1ed6bV0xf4dV0x108	0
0x10ddS0x1ed6bS0xf4dS0x108	0x10ddV0x1ed6bV0xf4dV0x108	0
0x10deS0x1ed6bS0xf4dS0x108	0x10deV0x1ed6bV0xf4dV0x108	0
0x10e1S0x1ed6bS0xf4dS0x108	0x10e1V0x1ed6bV0xf4dV0x108	0
0x10e2S0x1ed6bS0xf4dS0x108	0x10e2V0x1ed6bV0xf4dV0x108	0
0x10e4S0x1ed6bS0xf4dS0x108	0x10e4V0x1ed6bV0xf4dV0x108	0
0x10e5S0x1ed6bS0xf4dS0x108	0x10e5V0x1ed6bV0xf4dV0x108	0
0x10e7S0x1ed6bS0xf4dS0x108	0x10e7V0x1ed6bV0xf4dV0x108	0
0x10e8S0x1ed6bS0xf4dS0x108	0x10e8V0x1ed6bV0xf4dV0x108	0
0x10f2S0x1ed6bS0xf4dS0x108	0x10f2V0x1ed6bV0xf4dV0x108	0
0x10f5S0x1ed6bS0xf4dS0x108	0x10f5V0x1ed6bV0xf4dV0x108	0
0x10f6S0x1ed6bS0xf4dS0x108	0x10f6V0x1ed6bV0xf4dV0x108	0
0x10f7S0x1ed6bS0xf4dS0x108	0x10f7V0x1ed6bV0xf4dV0x108	0
0x10f8S0x1ed6bS0xf4dS0x108	0x10f8V0x1ed6bV0xf4dV0x108	0
0x1104S0x1ed6bS0xf4dS0x108	0x1104V0x1ed6bV0xf4dV0x108	0
0x24daS0x1ed6bS0xf4dS0x108	0x24daV0x1ed6bV0xf4dV0x108	0
0x24dfS0x1ed6bS0xf4dS0x108	0x24dfV0x1ed6bV0xf4dV0x108	0
0x24e1S0x1ed6bS0xf4dS0x108	0x24e1V0x1ed6bV0xf4dV0x108	0
0x24e2S0x1ed6bS0xf4dS0x108	0x24e2V0x1ed6bV0xf4dV0x108	0
0x24e5S0x1ed6bS0xf4dS0x108	0x24e5V0x1ed6bV0xf4dV0x108	0
0x24e7S0x1ed6bS0xf4dS0x108	0x24e7V0x1ed6bV0xf4dV0x108	0
0x24eaS0x1ed6bS0xf4dS0x108	0x24eaV0x1ed6bV0xf4dV0x108	0
0x24ecS0x1ed6bS0xf4dS0x108	0x24ecV0x1ed6bV0xf4dV0x108	0
0xc9dS0xbc4S0xf4dS0x108	0xc9dV0xbc4V0xf4dV0x108	0
0xca0S0xbc4S0xf4dS0x108	0xca0V0xbc4V0xf4dV0x108	0
0xc7bS0xbc4S0xf4dS0x108	0xc7bV0xbc4V0xf4dV0x108	0
0xc7eS0xbc4S0xf4dS0x108	0xc7eV0xbc4V0xf4dV0x108	0
0xc81S0xbc4S0xf4dS0x108	0xc81V0xbc4V0xf4dV0x108	0
0xc82S0xbc4S0xf4dS0x108	0xc82V0xbc4V0xf4dV0x108	0
0xc83S0xbc4S0xf4dS0x108	0xc83V0xbc4V0xf4dV0x108	0
0xc8cS0xbc4S0xf4dS0x108	0xc8cV0xbc4V0xf4dV0x108	0
0xc8dS0xbc4S0xf4dS0x108	0xc8dV0xbc4V0xf4dV0x108	0
0xc97S0xbc4S0xf4dS0x108	0xc97V0xbc4V0xf4dV0x108	0
0xc98S0xbc4S0xf4dS0x108	0xc98V0xbc4V0xf4dV0x108	0
0xc99S0xbc4S0xf4dS0x108	0xc99V0xbc4V0xf4dV0x108	0
0xca5S0xbc4S0xf4dS0x108	0xca5V0xbc4V0xf4dV0x108	0
0xca8S0xbc4S0xf4dS0x108	0xca8V0xbc4V0xf4dV0x108	0
0xcabS0xbc4S0xf4dS0x108	0xcabV0xbc4V0xf4dV0x108	0
0xcacS0xbc4S0xf4dS0x108	0xcacV0xbc4V0xf4dV0x108	0
0xcaeS0xbc4S0xf4dS0x108	0xcaeV0xbc4V0xf4dV0x108	0
0xcafS0xbc4S0xf4dS0x108	0xcafV0xbc4V0xf4dV0x108	0
0xcb0S0xbc4S0xf4dS0x108	0xcb0V0xbc4V0xf4dV0x108	0
0xcb2S0xbc4S0xf4dS0x108	0xcb2V0xbc4V0xf4dV0x108	0
0xcb3S0xbc4S0xf4dS0x108	0xcb3V0xbc4V0xf4dV0x108	0
0x24a5S0xbc4S0xf4dS0x108	0x24a5V0xbc4V0xf4dV0x108	0
0x24aaS0xbc4S0xf4dS0x108	0x24aaV0xbc4V0xf4dV0x108	0
0x24acS0xbc4S0xf4dS0x108	0x24acV0xbc4V0xf4dV0x108	0
0x24adS0xbc4S0xf4dS0x108	0x24adV0xbc4V0xf4dV0x108	0
0x24b0S0xbc4S0xf4dS0x108	0x24b0V0xbc4V0xf4dV0x108	0
0x24b2S0xbc4S0xf4dS0x108	0x24b2V0xbc4V0xf4dV0x108	0
0x24b5S0xbc4S0xf4dS0x108	0x24b5V0xbc4V0xf4dV0x108	0
0x24b7S0xbc4S0xf4dS0x108	0x24b7V0xbc4V0xf4dV0x108	0
0xcbcS0xbc4S0xf4dS0x108	0xcbcV0xbc4V0xf4dV0x108	0
0xcc0S0xbc4S0xf4dS0x108	0xcc0V0xbc4V0xf4dV0x108	0
0xcc1S0xbc4S0xf4dS0x108	0xcc1V0xbc4V0xf4dV0x108	0
0xcc2S0xbc4S0xf4dS0x108	0xcc2V0xbc4V0xf4dV0x108	0
0xcc3S0xbc4S0xf4dS0x108	0xcc3V0xbc4V0xf4dV0x108	0
0xcc4S0xbc4S0xf4dS0x108	0xcc4V0xbc4V0xf4dV0x108	0
0xccdS0xbc4S0xf4dS0x108	0xccdV0xbc4V0xf4dV0x108	0
0xcd0S0xbc4S0xf4dS0x108	0xcd0V0xbc4V0xf4dV0x108	0
0xcd1S0xbc4S0xf4dS0x108	0xcd1V0xbc4V0xf4dV0x108	0
0xcd4S0xbc4S0xf4dS0x108	0xcd4V0xbc4V0xf4dV0x108	0
0xcd8S0xbc4S0xf4dS0x108	0xcd8V0xbc4V0xf4dV0x108	0
0xcd9S0xbc4S0xf4dS0x108	0xcd9V0xbc4V0xf4dV0x108	0
0xcdbS0xbc4S0xf4dS0x108	0xcdbV0xbc4V0xf4dV0x108	0
0x10fcS0xca4S0xbc4S0xf4dS0x108	0x10fcV0xca4V0xbc4V0xf4dV0x108	0
0x10ffS0xca4S0xbc4S0xf4dS0x108	0x10ffV0xca4V0xbc4V0xf4dV0x108	0
0x10dbS0xca4S0xbc4S0xf4dS0x108	0x10dbV0xca4V0xbc4V0xf4dV0x108	0
0x10ddS0xca4S0xbc4S0xf4dS0x108	0x10ddV0xca4V0xbc4V0xf4dV0x108	0
0x10deS0xca4S0xbc4S0xf4dS0x108	0x10deV0xca4V0xbc4V0xf4dV0x108	0
0x10e1S0xca4S0xbc4S0xf4dS0x108	0x10e1V0xca4V0xbc4V0xf4dV0x108	0
0x10e2S0xca4S0xbc4S0xf4dS0x108	0x10e2V0xca4V0xbc4V0xf4dV0x108	0
0x10e4S0xca4S0xbc4S0xf4dS0x108	0x10e4V0xca4V0xbc4V0xf4dV0x108	0
0x10e5S0xca4S0xbc4S0xf4dS0x108	0x10e5V0xca4V0xbc4V0xf4dV0x108	0
0x10e7S0xca4S0xbc4S0xf4dS0x108	0x10e7V0xca4V0xbc4V0xf4dV0x108	0
0x10e8S0xca4S0xbc4S0xf4dS0x108	0x10e8V0xca4V0xbc4V0xf4dV0x108	0
0x10f2S0xca4S0xbc4S0xf4dS0x108	0x10f2V0xca4V0xbc4V0xf4dV0x108	0
0x10f5S0xca4S0xbc4S0xf4dS0x108	0x10f5V0xca4V0xbc4V0xf4dV0x108	0
0x10f6S0xca4S0xbc4S0xf4dS0x108	0x10f6V0xca4V0xbc4V0xf4dV0x108	0
0x10f7S0xca4S0xbc4S0xf4dS0x108	0x10f7V0xca4V0xbc4V0xf4dV0x108	0
0x10f8S0xca4S0xbc4S0xf4dS0x108	0x10f8V0xca4V0xbc4V0xf4dV0x108	0
0x1104S0xca4S0xbc4S0xf4dS0x108	0x1104V0xca4V0xbc4V0xf4dV0x108	0
0x24daS0xca4S0xbc4S0xf4dS0x108	0x24daV0xca4V0xbc4V0xf4dV0x108	0
0x24dfS0xca4S0xbc4S0xf4dS0x108	0x24dfV0xca4V0xbc4V0xf4dV0x108	0
0x24e1S0xca4S0xbc4S0xf4dS0x108	0x24e1V0xca4V0xbc4V0xf4dV0x108	0
0x24e2S0xca4S0xbc4S0xf4dS0x108	0x24e2V0xca4V0xbc4V0xf4dV0x108	0
0x24e5S0xca4S0xbc4S0xf4dS0x108	0x24e5V0xca4V0xbc4V0xf4dV0x108	0
0x24e7S0xca4S0xbc4S0xf4dS0x108	0x24e7V0xca4V0xbc4V0xf4dV0x108	0
0x24eaS0xca4S0xbc4S0xf4dS0x108	0x24eaV0xca4V0xbc4V0xf4dV0x108	0
0x24ecS0xca4S0xbc4S0xf4dS0x108	0x24ecV0xca4V0xbc4V0xf4dV0x108	0
0x111eS0xb9aS0xf4dS0x108	0x111eV0xb9aV0xf4dV0x108	0
0x1121S0xb9aS0xf4dS0x108	0x1121V0xb9aV0xf4dV0x108	0
0x110cS0xb9aS0xf4dS0x108	0x110cV0xb9aV0xf4dV0x108	0
0x110eS0xb9aS0xf4dS0x108	0x110eV0xb9aV0xf4dV0x108	0
0x1118S0xb9aS0xf4dS0x108	0x1118V0xb9aV0xf4dV0x108	0
0x1119S0xb9aS0xf4dS0x108	0x1119V0xb9aV0xf4dV0x108	0
0x111aS0xb9aS0xf4dS0x108	0x111aV0xb9aV0xf4dV0x108	0
0x1127S0xb9aS0xf4dS0x108	0x1127V0xb9aV0xf4dV0x108	0
0x1129S0xb9aS0xf4dS0x108	0x1129V0xb9aV0xf4dV0x108	0
0x112aS0xb9aS0xf4dS0x108	0x112aV0xb9aV0xf4dV0x108	0
0x112cS0xb9aS0xf4dS0x108	0x112cV0xb9aV0xf4dV0x108	0
0x250fS0xb9aS0xf4dS0x108	0x250fV0xb9aV0xf4dV0x108	0
0x2514S0xb9aS0xf4dS0x108	0x2514V0xb9aV0xf4dV0x108	0
0x2516S0xb9aS0xf4dS0x108	0x2516V0xb9aV0xf4dV0x108	0
0x2517S0xb9aS0xf4dS0x108	0x2517V0xb9aV0xf4dV0x108	0
0x251aS0xb9aS0xf4dS0x108	0x251aV0xb9aV0xf4dV0x108	0
0x251cS0xb9aS0xf4dS0x108	0x251cV0xb9aV0xf4dV0x108	0
0x251fS0xb9aS0xf4dS0x108	0x251fV0xb9aV0xf4dV0x108	0
0x2521S0xb9aS0xf4dS0x108	0x2521V0xb9aV0xf4dV0x108	0
0x404S0x103	0x404V0x103	0
0x73a4S0x103	0x73a4V0x103	0
0x410S0x103	0x410V0x103	0
0x417S0x103	0x417V0x103	0
0x419S0x103	0x419V0x103	0
0x41aS0x103	0x41aV0x103	0
0x410_0x0S0x103	0x410_0x0V0x103	0
0x41eS0x103	0x41eV0x103	0
0x423S0x103	0x423V0x103	0
0x425S0x103	0x425V0x103	0
0x426S0x103	0x426V0x103	0
0x429S0x103	0x429V0x103	0
0x42bS0x103	0x42bV0x103	0
0x42eS0x103	0x42eV0x103	0
0x430S0x103	0x430V0x103	0
0x44aS0x103	0x44aV0x103	0
0x44fS0x103	0x44fV0x103	0
0x451S0x103	0x451V0x103	0
0x452S0x103	0x452V0x103	0
0x455S0x103	0x455V0x103	0
0x457S0x103	0x457V0x103	0
0x45aS0x103	0x45aV0x103	0
0x45cS0x103	0x45cV0x103	0
0x4e2S0x103	0x4e2V0x103	0
0x4eaS0x103	0x4eaV0x103	0
0x4ecS0x103	0x4ecV0x103	0
0x4edS0x103	0x4edV0x103	0
0x4e2_0x0S0x103	0x4e2_0x0V0x103	0
0x4f1S0x103	0x4f1V0x103	0
0x4f6S0x103	0x4f6V0x103	0
0x4f8S0x103	0x4f8V0x103	0
0x4f9S0x103	0x4f9V0x103	0
0x4fcS0x103	0x4fcV0x103	0
0x4feS0x103	0x4feV0x103	0
0x501S0x103	0x501V0x103	0
0x503S0x103	0x503V0x103	0
0x51dS0x103	0x51dV0x103	0
0x522S0x103	0x522V0x103	0
0x524S0x103	0x524V0x103	0
0x525S0x103	0x525V0x103	0
0x528S0x103	0x528V0x103	0
0x52aS0x103	0x52aV0x103	0
0x52dS0x103	0x52dV0x103	0
0x52fS0x103	0x52fV0x103	0
0x580S0x103	0x580V0x103	0
0x582S0x103	0x582V0x103	0
0x585S0x103	0x585V0x103	0
0x587S0x103	0x587V0x103	0
0x588S0x103	0x588V0x103	0
0x58aS0x103	0x58aV0x103	0
0x58bS0x103	0x58bV0x103	0
0x58cS0x103	0x58cV0x103	0
0x58eS0x103	0x58eV0x103	0
0x58fS0x103	0x58fV0x103	0
0x592S0x103	0x592V0x103	0
0x595S0x103	0x595V0x103	0
0x596S0x103	0x596V0x103	0
0x598S0x103	0x598V0x103	0
0x59bS0x103	0x59bV0x103	0
0x59dS0x103	0x59dV0x103	0
0x99c0x3f2S0x103	0x3f20x99cV0x103	0
0x99b0x3f2S0x103	0x3f20x99bV0x103	0
0x9970x3f2S0x103	0x3f20x997V0x103	0
0x9960x3f2S0x103	0x3f20x996V0x103	0
0x9870x3f2S0x103	0x3f20x987V0x103	0
0x9170x3f2S0x103	0x3f20x917V0x103	0
0x9160x3f2S0x103	0x3f20x916V0x103	0
0x9120x3f2S0x103	0x3f20x912V0x103	0
0x9110x3f2S0x103	0x3f20x911V0x103	0
0x9020x3f2S0x103	0x3f20x902V0x103	0
0x3f3S0x103	0x3f3V0x103	0
0x3f5S0x103	0x3f5V0x103	0
0x3f7S0x103	0x3f7V0x103	0
0x3f9S0x103	0x3f9V0x103	0
0x3faS0x103	0x3faV0x103	0
0x3fcS0x103	0x3fcV0x103	0
0x3fdS0x103	0x3fdV0x103	0
0x3feS0x103	0x3feV0x103	0
0x3ffS0x103	0x3ffV0x103	0
0x400S0x103	0x400V0x103	0
0x4d6S0x103	0x4d6V0x103	0
0x7da4S0x103	0x7da4V0x103	0
0x485S0x103	0x485V0x103	0
0x487S0x103	0x487V0x103	0
0x489S0x103	0x489V0x103	0
0x48bS0x103	0x48bV0x103	0
0x48cS0x103	0x48cV0x103	0
0x48dS0x103	0x48dV0x103	0
0x48eS0x103	0x48eV0x103	0
0x48fS0x103	0x48fV0x103	0
0x491S0x103	0x491V0x103	0
0x493S0x103	0x493V0x103	0
0x495S0x103	0x495V0x103	0
0x496S0x103	0x496V0x103	0
0x497S0x103	0x497V0x103	0
0x498S0x103	0x498V0x103	0
0x4bbS0x103	0x4bbV0x103	0
0x4bdS0x103	0x4bdV0x103	0
0x4beS0x103	0x4beV0x103	0
0x4c4S0x103	0x4c4V0x103	0
0x472S0x103	0x472V0x103	0
0x476S0x103	0x476V0x103	0
0x479S0x103	0x479_0x0V0x103	0
0x470_0x0S0x103	0x470_0x0V0x103	0
0x434S0x103	0x434V0x103	0
0x436S0x103	0x436V0x103	0
0x437S0x103	0x437V0x103	0
0x439S0x103	0x439V0x103	0
0x43aS0x103	0x43aV0x103	0
0x43bS0x103	0x43bV0x103	0
0x43cS0x103	0x43cV0x103	0
0x43eS0x103	0x43eV0x103	0
0x43fS0x103	0x43fV0x103	0
0x443S0x103	0x443V0x103	0
0x445S0x103	0x445V0x103	0
0x446S0x103	0x446V0x103	0
0x433_0x0S0x103	0x433_0x0V0x103	0
0x433_0x4S0x103	0x433_0x4V0x103	0
0x460S0x103	0x460V0x103	0
0x462S0x103	0x462V0x103	0
0x463S0x103	0x463V0x103	0
0x465S0x103	0x465V0x103	0
0x466S0x103	0x466V0x103	0
0x467S0x103	0x467V0x103	0
0x468S0x103	0x468V0x103	0
0x46aS0x103	0x46aV0x103	0
0x46bS0x103	0x46bV0x103	0
0x46cS0x103	0x46cV0x103	0
0x45f_0x0S0x103	0x45f_0x0V0x103	0
0x47eS0x103	0x47eV0x103	0
0x408S0x103	0x408V0x103	0
0x40aS0x103	0x40aV0x103	0
0x40bS0x103	0x40bV0x103	0
0x40cS0x103	0x40cV0x103	0
0x406_0x0S0x103	0x406_0x0V0x103	0
0x4c9S0x103	0x4c9V0x103	0
0x4cbS0x103	0x4cbV0x103	0
0x4ceS0x103	0x4ceV0x103	0
0x4d1S0x103	0x4d1V0x103	0
0x559S0x103	0x559V0x103	0
0x55bS0x103	0x55bV0x103	0
0x55cS0x103	0x55cV0x103	0
0x55eS0x103	0x55eV0x103	0
0x560S0x103	0x560V0x103	0
0x562S0x103	0x562V0x103	0
0x563S0x103	0x563V0x103	0
0x565S0x103	0x565V0x103	0
0x567S0x103	0x567V0x103	0
0x569S0x103	0x569V0x103	0
0x570S0x103	0x570V0x103	0
0x571S0x103	0x571V0x103	0
0x576S0x103	0x576V0x103	0
0x578S0x103	0x578V0x103	0
0x57bS0x103	0x57bV0x103	0
0x57cS0x103	0x57cV0x103	0
0x87a4S0x103	0x87a4V0x103	0
0x546S0x103	0x546V0x103	0
0x54aS0x103	0x54aV0x103	0
0x54dS0x103	0x54d_0x0V0x103	0
0x544_0x0S0x103	0x544_0x0V0x103	0
0x507S0x103	0x507V0x103	0
0x509S0x103	0x509V0x103	0
0x50aS0x103	0x50aV0x103	0
0x50cS0x103	0x50cV0x103	0
0x50dS0x103	0x50dV0x103	0
0x50eS0x103	0x50eV0x103	0
0x50fS0x103	0x50fV0x103	0
0x511S0x103	0x511V0x103	0
0x512S0x103	0x512V0x103	0
0x516S0x103	0x516V0x103	0
0x518S0x103	0x518V0x103	0
0x519S0x103	0x519V0x103	0
0x506_0x0S0x103	0x506_0x0V0x103	0
0x506_0x5S0x103	0x506_0x5V0x103	0
0x533S0x103	0x533V0x103	0
0x535S0x103	0x535V0x103	0
0x536S0x103	0x536V0x103	0
0x538S0x103	0x538V0x103	0
0x539S0x103	0x539V0x103	0
0x53aS0x103	0x53aV0x103	0
0x53bS0x103	0x53bV0x103	0
0x53dS0x103	0x53dV0x103	0
0x53eS0x103	0x53eV0x103	0
0x540S0x103	0x540V0x103	0
0x532_0x0S0x103	0x532_0x0V0x103	0
0x552S0x103	0x552V0x103	0
0x4daS0x103	0x4daV0x103	0
0x4dcS0x103	0x4dcV0x103	0
0x4ddS0x103	0x4ddV0x103	0
0x4deS0x103	0x4deV0x103	0
0x4d8_0x0S0x103	0x4d8_0x0V0x103	0
0x5a2S0x103	0x5a2V0x103	0
0x91a4S0x103	0x91a4V0x103	0
0x83d0x3f2S0x103	0x3f20x83d_0x0V0x103	0
0x8340x3f2S0x103	0x3f20x834V0x103	0
0x83a0x3f2S0x103	0x3f20x83aV0x103	0
0x8300x3f2S0x103	0x3f20x830V0x103	0
0x82e0x3f2S0x103	0x3f20x82eV0x103	0
0x8270x3f2S0x103	0x3f20x827V0x103	0
0x8250x3f2S0x103	0x3f20x825V0x103	0
0x8240x3f2S0x103	0x3f20x824V0x103	0
0x8220x3f2S0x103	0x3f20x822V0x103	0
0x8200x3f2S0x103	0x3f20x820V0x103	0
0x81e0x3f2S0x103	0x3f20x81eV0x103	0
0x81d0x3f2S0x103	0x3f20x81dV0x103	0
0x8190x3f2S0x103	0x3f20x819V0x103	0
0x8140x3f2S0x103	0x3f20x814V0x103	0
0x8120x3f2S0x103	0x3f20x812V0x103	0
0x80d0x3f2S0x103	0x3f20x80dV0x103	0
0x80c0x3f2S0x103	0x3f20x80cV0x103	0
0x8790x3f2S0x103	0x3f20x879_0x0V0x103	0
0x8700x3f2S0x103	0x3f20x870V0x103	0
0x8760x3f2S0x103	0x3f20x876V0x103	0
0x86c0x3f2S0x103	0x3f20x86cV0x103	0
0x86a0x3f2S0x103	0x3f20x86aV0x103	0
0x8620x3f2S0x103	0x3f20x862V0x103	0
0x85f0x3f2S0x103	0x3f20x85fV0x103	0
0x85b0x3f2S0x103	0x3f20x85bV0x103	0
0x8560x3f2S0x103	0x3f20x856V0x103	0
0x8540x3f2S0x103	0x3f20x854V0x103	0
0x84f0x3f2S0x103	0x3f20x84fV0x103	0
0x84e0x3f2S0x103	0x3f20x84eV0x103	0
0x84b0x3f2S0x103	0x3f20x84bV0x103	0
0x84a0x3f2S0x103	0x3f20x84aV0x103	0
0x8480x3f2S0x103	0x3f20x848V0x103	0
0x8460x3f2S0x103	0x3f20x846V0x103	0
0x8440x3f2S0x103	0x3f20x844V0x103	0
0x8b60x3f2S0x103	0x3f20x8b6_0x0V0x103	0
0x8ad0x3f2S0x103	0x3f20x8adV0x103	0
0x8b30x3f2S0x103	0x3f20x8b3V0x103	0
0x8a90x3f2S0x103	0x3f20x8a9V0x103	0
0x8a70x3f2S0x103	0x3f20x8a7V0x103	0
0x8a00x3f2S0x103	0x3f20x8a0V0x103	0
0x89e0x3f2S0x103	0x3f20x89eV0x103	0
0x89d0x3f2S0x103	0x3f20x89dV0x103	0
0x89b0x3f2S0x103	0x3f20x89bV0x103	0
0x8990x3f2S0x103	0x3f20x899V0x103	0
0x8970x3f2S0x103	0x3f20x897V0x103	0
0x8960x3f2S0x103	0x3f20x896V0x103	0
0x8920x3f2S0x103	0x3f20x892V0x103	0
0x88d0x3f2S0x103	0x3f20x88dV0x103	0
0x88b0x3f2S0x103	0x3f20x88bV0x103	0
0x8860x3f2S0x103	0x3f20x886V0x103	0
0x8850x3f2S0x103	0x3f20x885V0x103	0
0x9920x3f2S0x103	0x3f20x992V0x103	0
0x9910x3f2S0x103	0x3f20x991V0x103	0
0x98f0x3f2S0x103	0x3f20x98fV0x103	0
0x98e0x3f2S0x103	0x3f20x98eV0x103	0
0x98d0x3f2S0x103	0x3f20x98dV0x103	0
0x9830x3f2S0x103	0x3f20x983V0x103	0
0x9820x3f2S0x103	0x3f20x982V0x103	0
0x9800x3f2S0x103	0x3f20x980V0x103	0
0x97f0x3f2S0x103	0x3f20x97fV0x103	0
0x97b0x3f2S0x103	0x3f20x97bV0x103	0
0x9790x3f2S0x103	0x3f20x979V0x103	0
0x9760x3f2S0x103	0x3f20x976V0x103	0
0x9740x3f2S0x103	0x3f20x974V0x103	0
0x9720x3f2S0x103	0x3f20x972V0x103	0
0x95e0x3f2S0x103	0x3f20x95eV0x103	0
0x96d0x3f2S0x103	0x3f20x96dV0x103	0
0x96c0x3f2S0x103	0x3f20x96cV0x103	0
0x96a0x3f2S0x103	0x3f20x96aV0x103	0
0x9580x3f2S0x103	0x3f20x958V0x103	0
0x9560x3f2S0x103	0x3f20x956V0x103	0
0x9540x3f2S0x103	0x3f20x954V0x103	0
0x9530x3f2S0x103	0x3f20x953V0x103	0
0x9510x3f2S0x103	0x3f20x951V0x103	0
0x94f0x3f2S0x103	0x3f20x94fV0x103	0
0x94d0x3f2S0x103	0x3f20x94dV0x103	0
0x94a0x3f2S0x103	0x3f20x94aV0x103	0
0x9480x3f2S0x103	0x3f20x948V0x103	0
0x9430x3f2S0x103	0x3f20x943V0x103	0
0x9420x3f2S0x103	0x3f20x942V0x103	0
0x9400x3f2S0x103	0x3f20x940V0x103	0
0x9350x3f2S0x103	0x3f20x935V0x103	0
0x93a0x3f2S0x103	0x3f20x93aV0x103	0
0x9330x3f2S0x103	0x3f20x933V0x103	0
0x92e0x3f2S0x103	0x3f20x92eV0x103	0
0x92c0x3f2S0x103	0x3f20x92cV0x103	0
0x92a0x3f2S0x103	0x3f20x92aV0x103	0
0x9290x3f2S0x103	0x3f20x929V0x103	0
0x9260x3f2S0x103	0x3f20x926V0x103	0
0x9250x3f2S0x103	0x3f20x925V0x103	0
0x9230x3f2S0x103	0x3f20x923V0x103	0
0x9220x3f2S0x103	0x3f20x922V0x103	0
0x9210x3f2S0x103	0x3f20x921V0x103	0
0x91f0x3f2S0x103	0x3f20x91fV0x103	0
0x90d0x3f2S0x103	0x3f20x90dV0x103	0
0x90c0x3f2S0x103	0x3f20x90cV0x103	0
0x90a0x3f2S0x103	0x3f20x90aV0x103	0
0x9090x3f2S0x103	0x3f20x909V0x103	0
0x9080x3f2S0x103	0x3f20x908V0x103	0
0x8fe0x3f2S0x103	0x3f20x8feV0x103	0
0x8fd0x3f2S0x103	0x3f20x8fdV0x103	0
0x8fb0x3f2S0x103	0x3f20x8fbV0x103	0
0x8fa0x3f2S0x103	0x3f20x8faV0x103	0
0x8f60x3f2S0x103	0x3f20x8f6V0x103	0
0x8f40x3f2S0x103	0x3f20x8f4V0x103	0
0x8f10x3f2S0x103	0x3f20x8f1V0x103	0
0x8ef0x3f2S0x103	0x3f20x8efV0x103	0
0x8ed0x3f2S0x103	0x3f20x8edV0x103	0
0x8ec0x3f2S0x103	0x3f20x8ecV0x103	0
0x8ea0x3f2S0x103	0x3f20x8eaV0x103	0
0x8e40x3f2S0x103	0x3f20x8e4V0x103	0
0x8e20x3f2S0x103	0x3f20x8e2V0x103	0
0x8dd0x3f2S0x103	0x3f20x8ddV0x103	0
0x8da0x3f2S0x103	0x3f20x8daV0x103	0
0x8d80x3f2S0x103	0x3f20x8d8V0x103	0
0x8d50x3f2S0x103	0x3f20x8d5V0x103	0
0x8d40x3f2S0x103	0x3f20x8d4V0x103	0
0x8d10x3f2S0x103	0x3f20x8d1V0x103	0
0x8d00x3f2S0x103	0x3f20x8d0V0x103	0
0x8ce0x3f2S0x103	0x3f20x8ceV0x103	0
0x8cc0x3f2S0x103	0x3f20x8ccV0x103	0
0x8ca0x3f2S0x103	0x3f20x8caV0x103	0
0x8c70x3f2S0x103	0x3f20x8c7V0x103	0
0x8c50x3f2S0x103	0x3f20x8c5V0x103	0
0x8c00x3f2S0x103	0x3f20x8c0V0x103	0
0x8bf0x3f2S0x103	0x3f20x8bfV0x103	0
0x8bd0x3f2S0x103	0x3f20x8bdV0x103	0
0xf65S0x91a0x3f2S0x103	0xf65V0x91a0x3f2V0x103	0
0xf67S0x91a0x3f2S0x103	0xf67V0x91a0x3f2V0x103	0
0xf6bS0x91a0x3f2S0x103	0xf6bV0x91a0x3f2V0x103	0
0xf6cS0x91a0x3f2S0x103	0xf6cV0x91a0x3f2V0x103	0
0xf6dS0x91a0x3f2S0x103	0xf6dV0x91a0x3f2V0x103	0
0xf6eS0x91a0x3f2S0x103	0xf6eV0x91a0x3f2V0x103	0
0xf77S0x91a0x3f2S0x103	0xf77V0x91a0x3f2V0x103	0
0xf79S0x91a0x3f2S0x103	0xf79V0x91a0x3f2V0x103	0
0xf7aS0x91a0x3f2S0x103	0xf7aV0x91a0x3f2V0x103	0
0xf7cS0x91a0x3f2S0x103	0xf7cV0x91a0x3f2V0x103	0
0xf7dS0x91a0x3f2S0x103	0xf7dV0x91a0x3f2V0x103	0
0x104fS0x482S0x103	0x104fV0x482V0x103	0
0x1055S0x482S0x103	0x1055V0x482V0x103	0
0x1058S0x482S0x103	0x1058V0x482V0x103	0
0x105cS0x482S0x103	0x105cV0x482V0x103	0
0x1060S0x482S0x103	0x1060V0x482V0x103	0
0x1063S0x482S0x103	0x1063V0x482V0x103	0
0x1066S0x482S0x103	0x1066V0x482V0x103	0
0x106aS0x482S0x103	0x106aV0x482V0x103	0
0xeba4S0x482S0x103	0xeba4V0x482V0x103	0
0x10a0S0x482S0x103	0x10a0V0x482V0x103	0
0x10a3S0x482S0x103	0x10a3V0x482V0x103	0
0x10a5S0x482S0x103	0x10a5V0x482V0x103	0
0x10aaS0x482S0x103	0x10aaV0x482V0x103	0
0x109a_0x3S0x482S0x103	0x109a_0x3V0x482V0x103	0
0x106fS0x482S0x103	0x106fV0x482V0x103	0
0x1070S0x482S0x103	0x1070V0x482V0x103	0
0x1071S0x482S0x103	0x1071V0x482V0x103	0
0x106c_0x0S0x482S0x103	0x106c_0x0V0x482V0x103	0
0x1076S0x482S0x103	0x1076V0x482V0x103	0
0x1078S0x482S0x103	0x1078V0x482V0x103	0
0x1079S0x482S0x103	0x1079V0x482V0x103	0
0x107bS0x482S0x103	0x107bV0x482V0x103	0
0x107dS0x482S0x103	0x107dV0x482V0x103	0
0x107fS0x482S0x103	0x107fV0x482V0x103	0
0x1080S0x482S0x103	0x1080V0x482V0x103	0
0x1081S0x482S0x103	0x1081V0x482V0x103	0
0x1085S0x482S0x103	0x1085V0x482V0x103	0
0x1086S0x482S0x103	0x1086V0x482V0x103	0
0x1089S0x482S0x103	0x1089V0x482V0x103	0
0x108dS0x482S0x103	0x108dV0x482V0x103	0
0x1091S0x482S0x103	0x1091V0x482V0x103	0
0x1093S0x482S0x103	0x1093V0x482V0x103	0
0x1095S0x482S0x103	0x1095V0x482V0x103	0
0x1096S0x482S0x103	0x1096V0x482V0x103	0
0x1075_0x0S0x482S0x103	0x1075_0x0V0x482V0x103	0
0x1075_0x1S0x482S0x103	0x1075_0x1V0x482V0x103	0
0x1075_0x3S0x482S0x103	0x1075_0x3V0x482V0x103	0
0xfbcS0x109aS0x482S0x103	0xfbcV0x109aV0x482V0x103	0
0xfbeS0x109aS0x482S0x103	0xfbeV0x109aV0x482V0x103	0
0xfbfS0x109aS0x482S0x103	0xfbfV0x109aV0x482V0x103	0
0xfc1S0x109aS0x482S0x103	0xfc1V0x109aV0x482V0x103	0
0xfc2S0x109aS0x482S0x103	0xfc2V0x109aV0x482V0x103	0
0xfc6S0x109aS0x482S0x103	0xfc6V0x109aV0x482V0x103	0
0xfc7S0x109aS0x482S0x103	0xfc7V0x109aV0x482V0x103	0
0xfc9S0x109aS0x482S0x103	0xfc9V0x109aV0x482V0x103	0
0xfa4S0x109aS0x482S0x103	0xfa4V0x109aV0x482V0x103	0
0xfa7S0x109aS0x482S0x103	0xfa7V0x109aV0x482V0x103	0
0xfabS0x109aS0x482S0x103	0xfabV0x109aV0x482V0x103	0
0xfafS0x109aS0x482S0x103	0xfafV0x109aV0x482V0x103	0
0xfb2S0x109aS0x482S0x103	0xfb2V0x109aV0x482V0x103	0
0xfb3S0x109aS0x482S0x103	0xfb3V0x109aV0x482V0x103	0
0xfb6S0x109aS0x482S0x103	0xfb6V0x109aV0x482V0x103	0
0xfb7S0x109aS0x482S0x103	0xfb7V0x109aV0x482V0x103	0
0x115fS0xfa3S0x109aS0x482S0x103	0x115fV0xfa3V0x109aV0x482V0x103	0
0xf5a4S0xfa3S0x109aS0x482S0x103	0xf5a4V0xfa3V0x109aV0x482V0x103	0
0x117cS0xfa3S0x109aS0x482S0x103	0x117cV0xfa3V0x109aV0x482V0x103	0
0x117dS0xfa3S0x109aS0x482S0x103	0x117dV0xfa3V0x109aV0x482V0x103	0
0x117eS0xfa3S0x109aS0x482S0x103	0x117eV0xfa3V0x109aV0x482V0x103	0
0x1179_0x0S0xfa3S0x109aS0x482S0x103	0x1179_0x0V0xfa3V0x109aV0x482V0x103	0
0x1164S0xfa3S0x109aS0x482S0x103	0x1164V0xfa3V0x109aV0x482V0x103	0
0x1165S0xfa3S0x109aS0x482S0x103	0x1165V0xfa3V0x109aV0x482V0x103	0
0x1166S0xfa3S0x109aS0x482S0x103	0x1166V0xfa3V0x109aV0x482V0x103	0
0x1161_0x0S0xfa3S0x109aS0x482S0x103	0x1161_0x0V0xfa3V0x109aV0x482V0x103	0
0x116cS0xfa3S0x109aS0x482S0x103	0x116cV0xfa3V0x109aV0x482V0x103	0
0x116dS0xfa3S0x109aS0x482S0x103	0x116dV0xfa3V0x109aV0x482V0x103	0
0x1170S0xfa3S0x109aS0x482S0x103	0x1170V0xfa3V0x109aV0x482V0x103	0
0x1172S0xfa3S0x109aS0x482S0x103	0x1172V0xfa3V0x109aV0x482V0x103	0
0x1174S0xfa3S0x109aS0x482S0x103	0x1174V0xfa3V0x109aV0x482V0x103	0
0x1175S0xfa3S0x109aS0x482S0x103	0x1175V0xfa3V0x109aV0x482V0x103	0
0x116a_0x0S0xfa3S0x109aS0x482S0x103	0x116a_0x0V0xfa3V0x109aV0x482V0x103	0
0x1184S0xfa3S0x109aS0x482S0x103	0x1184V0xfa3V0x109aV0x482V0x103	0
0x1187S0xfa3S0x109aS0x482S0x103	0x1187V0xfa3V0x109aV0x482V0x103	0
0xfecS0x93e0x3f2S0x103	0xfecV0x93e0x3f2V0x103	0
0xfeeS0x93e0x3f2S0x103	0xfeeV0x93e0x3f2V0x103	0
0xff0S0x93e0x3f2S0x103	0xff0V0x93e0x3f2V0x103	0
0xff2S0x93e0x3f2S0x103	0xff2V0x93e0x3f2V0x103	0
0xff3S0x93e0x3f2S0x103	0xff3V0x93e0x3f2V0x103	0
0xff6S0x93e0x3f2S0x103	0xff6V0x93e0x3f2V0x103	0
0xffaS0x93e0x3f2S0x103	0xffaV0x93e0x3f2V0x103	0
0xffbS0x93e0x3f2S0x103	0xffbV0x93e0x3f2V0x103	0
0xffeS0x93e0x3f2S0x103	0xffeV0x93e0x3f2V0x103	0
0x1000S0x93e0x3f2S0x103	0x1000V0x93e0x3f2V0x103	0
0x1003S0x93e0x3f2S0x103	0x1003V0x93e0x3f2V0x103	0
0x1007S0x93e0x3f2S0x103	0x1007V0x93e0x3f2V0x103	0
0x1009S0x93e0x3f2S0x103	0x1009V0x93e0x3f2V0x103	0
0x100cS0x93e0x3f2S0x103	0x100cV0x93e0x3f2V0x103	0
0x1010S0x93e0x3f2S0x103	0x1010V0x93e0x3f2V0x103	0
0x1013S0x93e0x3f2S0x103	0x1013V0x93e0x3f2V0x103	0
0x1018S0x93e0x3f2S0x103	0x1018V0x93e0x3f2V0x103	0
0x101aS0x93e0x3f2S0x103	0x101aV0x93e0x3f2V0x103	0
0xfbcS0xfebS0x93e0x3f2S0x103	0xfbcV0xfebV0x93e0x3f2V0x103	0
0xfbeS0xfebS0x93e0x3f2S0x103	0xfbeV0xfebV0x93e0x3f2V0x103	0
0xfbfS0xfebS0x93e0x3f2S0x103	0xfbfV0xfebV0x93e0x3f2V0x103	0
0xfc1S0xfebS0x93e0x3f2S0x103	0xfc1V0xfebV0x93e0x3f2V0x103	0
0xfc2S0xfebS0x93e0x3f2S0x103	0xfc2V0xfebV0x93e0x3f2V0x103	0
0xfc6S0xfebS0x93e0x3f2S0x103	0xfc6V0xfebV0x93e0x3f2V0x103	0
0xfc7S0xfebS0x93e0x3f2S0x103	0xfc7V0xfebV0x93e0x3f2V0x103	0
0xfc9S0xfebS0x93e0x3f2S0x103	0xfc9V0xfebV0x93e0x3f2V0x103	0
0xfa4S0xfebS0x93e0x3f2S0x103	0xfa4V0xfebV0x93e0x3f2V0x103	0
0xfa7S0xfebS0x93e0x3f2S0x103	0xfa7V0xfebV0x93e0x3f2V0x103	0
0xfabS0xfebS0x93e0x3f2S0x103	0xfabV0xfebV0x93e0x3f2V0x103	0
0xfafS0xfebS0x93e0x3f2S0x103	0xfafV0xfebV0x93e0x3f2V0x103	0
0xfb2S0xfebS0x93e0x3f2S0x103	0xfb2V0xfebV0x93e0x3f2V0x103	0
0xfb3S0xfebS0x93e0x3f2S0x103	0xfb3V0xfebV0x93e0x3f2V0x103	0
0xfb6S0xfebS0x93e0x3f2S0x103	0xfb6V0xfebV0x93e0x3f2V0x103	0
0xfb7S0xfebS0x93e0x3f2S0x103	0xfb7V0xfebV0x93e0x3f2V0x103	0
0x115fS0xfa3S0xfebS0x93e0x3f2S0x103	0x115fV0xfa3V0xfebV0x93e0x3f2V0x103	0
0xf5a4S0xfa3S0xfebS0x93e0x3f2S0x103	0xf5a4V0xfa3V0xfebV0x93e0x3f2V0x103	0
0x117cS0xfa3S0xfebS0x93e0x3f2S0x103	0x117cV0xfa3V0xfebV0x93e0x3f2V0x103	0
0x117dS0xfa3S0xfebS0x93e0x3f2S0x103	0x117dV0xfa3V0xfebV0x93e0x3f2V0x103	0
0x117eS0xfa3S0xfebS0x93e0x3f2S0x103	0x117eV0xfa3V0xfebV0x93e0x3f2V0x103	0
0x1179_0x0S0xfa3S0xfebS0x93e0x3f2S0x103	0x1179_0x0V0xfa3V0xfebV0x93e0x3f2V0x103	0
0x1164S0xfa3S0xfebS0x93e0x3f2S0x103	0x1164V0xfa3V0xfebV0x93e0x3f2V0x103	0
0x1165S0xfa3S0xfebS0x93e0x3f2S0x103	0x1165V0xfa3V0xfebV0x93e0x3f2V0x103	0
0x1166S0xfa3S0xfebS0x93e0x3f2S0x103	0x1166V0xfa3V0xfebV0x93e0x3f2V0x103	0
0x1161_0x0S0xfa3S0xfebS0x93e0x3f2S0x103	0x1161_0x0V0xfa3V0xfebV0x93e0x3f2V0x103	0
0x116cS0xfa3S0xfebS0x93e0x3f2S0x103	0x116cV0xfa3V0xfebV0x93e0x3f2V0x103	0
0x116dS0xfa3S0xfebS0x93e0x3f2S0x103	0x116dV0xfa3V0xfebV0x93e0x3f2V0x103	0
0x1170S0xfa3S0xfebS0x93e0x3f2S0x103	0x1170V0xfa3V0xfebV0x93e0x3f2V0x103	0
0x1172S0xfa3S0xfebS0x93e0x3f2S0x103	0x1172V0xfa3V0xfebV0x93e0x3f2V0x103	0
0x1174S0xfa3S0xfebS0x93e0x3f2S0x103	0x1174V0xfa3V0xfebV0x93e0x3f2V0x103	0
0x1175S0xfa3S0xfebS0x93e0x3f2S0x103	0x1175V0xfa3V0xfebV0x93e0x3f2V0x103	0
0x116a_0x0S0xfa3S0xfebS0x93e0x3f2S0x103	0x116a_0x0V0xfa3V0xfebV0x93e0x3f2V0x103	0
0x1184S0xfa3S0xfebS0x93e0x3f2S0x103	0x1184V0xfa3V0xfebV0x93e0x3f2V0x103	0
0x1187S0xfa3S0xfebS0x93e0x3f2S0x103	0x1187V0xfa3V0xfebV0x93e0x3f2V0x103	0
0x5bcS0x116	0x5bcV0x116	0
0x5c2S0x116	0x5c2V0x116	0
0x5c4S0x116	0x5c4V0x116	0
0x5c5S0x116	0x5c5V0x116	0
0x5bc_0x0S0x116	0x5bc_0x0V0x116	0
0x5c9S0x116	0x5c9V0x116	0
0x5ceS0x116	0x5ceV0x116	0
0x5d0S0x116	0x5d0V0x116	0
0x5d1S0x116	0x5d1V0x116	0
0x5d4S0x116	0x5d4V0x116	0
0x5d6S0x116	0x5d6V0x116	0
0x5d9S0x116	0x5d9V0x116	0
0x5dbS0x116	0x5dbV0x116	0
0x5f1S0x116	0x5f1V0x116	0
0x5f6S0x116	0x5f6V0x116	0
0x5f8S0x116	0x5f8V0x116	0
0x5f9S0x116	0x5f9V0x116	0
0x5fcS0x116	0x5fcV0x116	0
0x5feS0x116	0x5feV0x116	0
0x601S0x116	0x601V0x116	0
0x603S0x116	0x603V0x116	0
0x61dS0x116	0x61dV0x116	0
0x622S0x116	0x622V0x116	0
0x624S0x116	0x624V0x116	0
0x625S0x116	0x625V0x116	0
0x628S0x116	0x628V0x116	0
0x62aS0x116	0x62aV0x116	0
0x62dS0x116	0x62dV0x116	0
0x62fS0x116	0x62fV0x116	0
0x649S0x116	0x649V0x116	0
0x64eS0x116	0x64eV0x116	0
0x650S0x116	0x650V0x116	0
0x651S0x116	0x651V0x116	0
0x654S0x116	0x654V0x116	0
0x656S0x116	0x656V0x116	0
0x659S0x116	0x659V0x116	0
0x65bS0x116	0x65bV0x116	0
0x7b40x5afS0x116	0x5af0x7b4V0x116	0
0x7b20x5afS0x116	0x5af0x7b2V0x116	0
0x7af0x5afS0x116	0x5af0x7afV0x116	0
0x7ad0x5afS0x116	0x5af0x7adV0x116	0
0x7ac0x5afS0x116	0x5af0x7acV0x116	0
0x7a90x5afS0x116	0x5af0x7a9V0x116	0
0x7a60x5afS0x116	0x5af0x7a6V0x116	0
0x7a50x5afS0x116	0x5af0x7a5V0x116	0
0x7a30x5afS0x116	0x5af0x7a3V0x116	0
0x7a20x5afS0x116	0x5af0x7a2V0x116	0
0x7a10x5afS0x116	0x5af0x7a1V0x116	0
0x79f0x5afS0x116	0x5af0x79fV0x116	0
0x79e0x5afS0x116	0x5af0x79eV0x116	0
0x79c0x5afS0x116	0x5af0x79cV0x116	0
0x7990x5afS0x116	0x5af0x799V0x116	0
0x7970x5afS0x116	0x5af0x797V0x116	0
0x6db0x5afS0x116	0x5af0x6dbV0x116	0
0x6d90x5afS0x116	0x5af0x6d9V0x116	0
0x6d60x5afS0x116	0x5af0x6d6V0x116	0
0x6d40x5afS0x116	0x5af0x6d4V0x116	0
0x6d30x5afS0x116	0x5af0x6d3V0x116	0
0x6d00x5afS0x116	0x5af0x6d0V0x116	0
0x6cd0x5afS0x116	0x5af0x6cdV0x116	0
0x6cc0x5afS0x116	0x5af0x6ccV0x116	0
0x6ca0x5afS0x116	0x5af0x6caV0x116	0
0x6c90x5afS0x116	0x5af0x6c9V0x116	0
0x6c80x5afS0x116	0x5af0x6c8V0x116	0
0x6c60x5afS0x116	0x5af0x6c6V0x116	0
0x6c50x5afS0x116	0x5af0x6c5V0x116	0
0x6c30x5afS0x116	0x5af0x6c3V0x116	0
0x6c00x5afS0x116	0x5af0x6c0V0x116	0
0x6be0x5afS0x116	0x5af0x6beV0x116	0
0x5b0S0x116	0x5b0V0x116	0
0x9ba4S0x116	0x9ba4V0x116	0
0x66dS0x116	0x66dV0x116	0
0x671S0x116	0x671V0x116	0
0x674S0x116	0x674_0x0V0x116	0
0x66b_0x0S0x116	0x66b_0x0V0x116	0
0x5dfS0x116	0x5dfV0x116	0
0x5e1S0x116	0x5e1V0x116	0
0x5e2S0x116	0x5e2V0x116	0
0x5e4S0x116	0x5e4V0x116	0
0x5e5S0x116	0x5e5V0x116	0
0x5e6S0x116	0x5e6V0x116	0
0x5eaS0x116	0x5eaV0x116	0
0x5ecS0x116	0x5ecV0x116	0
0x5edS0x116	0x5edV0x116	0
0x5de_0x0S0x116	0x5de_0x0V0x116	0
0x5de_0x3S0x116	0x5de_0x3V0x116	0
0x607S0x116	0x607V0x116	0
0x609S0x116	0x609V0x116	0
0x60aS0x116	0x60aV0x116	0
0x60cS0x116	0x60cV0x116	0
0x60dS0x116	0x60dV0x116	0
0x60eS0x116	0x60eV0x116	0
0x60fS0x116	0x60fV0x116	0
0x611S0x116	0x611V0x116	0
0x612S0x116	0x612V0x116	0
0x616S0x116	0x616V0x116	0
0x618S0x116	0x618V0x116	0
0x619S0x116	0x619V0x116	0
0x606_0x0S0x116	0x606_0x0V0x116	0
0x606_0x4S0x116	0x606_0x4V0x116	0
0x633S0x116	0x633V0x116	0
0x635S0x116	0x635V0x116	0
0x636S0x116	0x636V0x116	0
0x638S0x116	0x638V0x116	0
0x639S0x116	0x639V0x116	0
0x63aS0x116	0x63aV0x116	0
0x63bS0x116	0x63bV0x116	0
0x63dS0x116	0x63dV0x116	0
0x63eS0x116	0x63eV0x116	0
0x642S0x116	0x642V0x116	0
0x644S0x116	0x644V0x116	0
0x645S0x116	0x645V0x116	0
0x632_0x0S0x116	0x632_0x0V0x116	0
0x632_0x5S0x116	0x632_0x5V0x116	0
0x65fS0x116	0x65fV0x116	0
0x661S0x116	0x661V0x116	0
0x662S0x116	0x662V0x116	0
0x664S0x116	0x664V0x116	0
0x665S0x116	0x665V0x116	0
0x666S0x116	0x666V0x116	0
0x667S0x116	0x667V0x116	0
0x65e_0x0S0x116	0x65e_0x0V0x116	0
0x679S0x116	0x679V0x116	0
0x5b4S0x116	0x5b4V0x116	0
0x5b6S0x116	0x5b6V0x116	0
0x5b7S0x116	0x5b7V0x116	0
0x5b8S0x116	0x5b8V0x116	0
0x5b2_0x0S0x116	0x5b2_0x0V0x116	0
0x71e0x5afS0x116	0x5af0x71e_0x0V0x116	0
0x7150x5afS0x116	0x5af0x715V0x116	0
0x71b0x5afS0x116	0x5af0x71bV0x116	0
0x7110x5afS0x116	0x5af0x711V0x116	0
0x70f0x5afS0x116	0x5af0x70fV0x116	0
0x7080x5afS0x116	0x5af0x708V0x116	0
0x7060x5afS0x116	0x5af0x706V0x116	0
0x7050x5afS0x116	0x5af0x705V0x116	0
0x7030x5afS0x116	0x5af0x703V0x116	0
0x7010x5afS0x116	0x5af0x701V0x116	0
0x6ff0x5afS0x116	0x5af0x6ffV0x116	0
0x6fe0x5afS0x116	0x5af0x6feV0x116	0
0x6fa0x5afS0x116	0x5af0x6faV0x116	0
0x6f50x5afS0x116	0x5af0x6f5V0x116	0
0x6f30x5afS0x116	0x5af0x6f3V0x116	0
0x6ee0x5afS0x116	0x5af0x6eeV0x116	0
0x6ed0x5afS0x116	0x5af0x6edV0x116	0
0xb9a40x5afS0x116	0x5af0xb9a4V0x116	0
0xafa40x5afS0x116	0x5af0xafa4V0x116	0
0x7b90x5afS0x116	0x5af0x7b9V0x116	0
0xa5a40x5afS0x116	0x5af0xa5a4V0x116	0
0x6e00x5afS0x116	0x5af0x6e0V0x116	0
0x8000x5afS0x116	0x5af0x800V0x116	0
0x7c40x5af_0x0S0x116	0x7c40x5af_0x0V0x116	0
0x8070x5afS0x116	0x5af0x807V0x116	0
0x7ff0x5afS0x116	0x5af0x7ffV0x116	0
0x7fd0x5afS0x116	0x5af0x7fdV0x116	0
0x7d90x5afS0x116	0x5af0x7d9V0x116	0
0x7d80x5afS0x116	0x5af0x7d8V0x116	0
0x7d70x5afS0x116	0x5af0x7d7V0x116	0
0x7d60x5afS0x116	0x5af0x7d6V0x116	0
0x7d40x5afS0x116	0x5af0x7d4V0x116	0
0x7d20x5afS0x116	0x5af0x7d2V0x116	0
0x7d00x5afS0x116	0x5af0x7d0V0x116	0
0x7cf0x5afS0x116	0x5af0x7cfV0x116	0
0x7ce0x5afS0x116	0x5af0x7ceV0x116	0
0x7cd0x5afS0x116	0x5af0x7cdV0x116	0
0x7cc0x5afS0x116	0x5af0x7ccV0x116	0
0x7ca0x5afS0x116	0x5af0x7caV0x116	0
0x7c80x5afS0x116	0x5af0x7c8V0x116	0
0x7c60x5afS0x116	0x5af0x7c6V0x116	0
0x7930x5afS0x116	0x5af0x793V0x116	0
0x7920x5afS0x116	0x5af0x792V0x116	0
0x78f0x5afS0x116	0x5af0x78fV0x116	0
0x78d0x5afS0x116	0x5af0x78dV0x116	0
0x7890x5afS0x116	0x5af0x789V0x116	0
0x7880x5afS0x116	0x5af0x788V0x116	0
0x7850x5afS0x116	0x5af0x785V0x116	0
0x7830x5afS0x116	0x5af0x783V0x116	0
0x7800x5afS0x116	0x5af0x780V0x116	0
0x77e0x5afS0x116	0x5af0x77eV0x116	0
0x77c0x5afS0x116	0x5af0x77cV0x116	0
0x7720x5afS0x116	0x5af0x772V0x116	0
0x7770x5afS0x116	0x5af0x777V0x116	0
0x7700x5afS0x116	0x5af0x770V0x116	0
0x76d0x5afS0x116	0x5af0x76dV0x116	0
0x7690x5afS0x116	0x5af0x769V0x116	0
0x7680x5afS0x116	0x5af0x768V0x116	0
0x7660x5afS0x116	0x5af0x766V0x116	0
0x7610x5afS0x116	0x5af0x761V0x116	0
0x7600x5afS0x116	0x5af0x760V0x116	0
0x75f0x5afS0x116	0x5af0x75fV0x116	0
0x75e0x5afS0x116	0x5af0x75eV0x116	0
0x75c0x5afS0x116	0x5af0x75cV0x116	0
0x75a0x5afS0x116	0x5af0x75aV0x116	0
0x7580x5afS0x116	0x5af0x758V0x116	0
0x7570x5afS0x116	0x5af0x757V0x116	0
0x7550x5afS0x116	0x5af0x755V0x116	0
0x7520x5afS0x116	0x5af0x752V0x116	0
0x74f0x5afS0x116	0x5af0x74fV0x116	0
0x74b0x5afS0x116	0x5af0x74bV0x116	0
0x7480x5afS0x116	0x5af0x748V0x116	0
0x7450x5afS0x116	0x5af0x745V0x116	0
0x7420x5afS0x116	0x5af0x742V0x116	0
0x73d0x5afS0x116	0x5af0x73dV0x116	0
0x7390x5afS0x116	0x5af0x739V0x116	0
0x7370x5afS0x116	0x5af0x737V0x116	0
0x7340x5afS0x116	0x5af0x734V0x116	0
0x7330x5afS0x116	0x5af0x733V0x116	0
0x7300x5afS0x116	0x5af0x730V0x116	0
0x72f0x5afS0x116	0x5af0x72fV0x116	0
0x72d0x5afS0x116	0x5af0x72dV0x116	0
0x72b0x5afS0x116	0x5af0x72bV0x116	0
0x7290x5afS0x116	0x5af0x729V0x116	0
0x7280x5afS0x116	0x5af0x728V0x116	0
0x7250x5afS0x116	0x5af0x725V0x116	0
0x6e80x5afS0x116	0x5af0x6e8V0x116	0
0x6ba0x5afS0x116	0x5af0x6baV0x116	0
0x6b90x5afS0x116	0x5af0x6b9V0x116	0
0x6b60x5afS0x116	0x5af0x6b6V0x116	0
0x6b40x5afS0x116	0x5af0x6b4V0x116	0
0x6af0x5afS0x116	0x5af0x6afV0x116	0
0x6ae0x5afS0x116	0x5af0x6aeV0x116	0
0x6a70x5afS0x116	0x5af0x6a7V0x116	0
0x6a30x5afS0x116	0x5af0x6a3V0x116	0
0x6a10x5afS0x116	0x5af0x6a1V0x116	0
0x6a00x5afS0x116	0x5af0x6a0V0x116	0
0x69e0x5afS0x116	0x5af0x69eV0x116	0
0x69c0x5afS0x116	0x5af0x69cV0x116	0
0x69a0x5afS0x116	0x5af0x69aV0x116	0
0x6980x5afS0x116	0x5af0x698V0x116	0
0x6970x5afS0x116	0x5af0x697V0x116	0
0x6950x5afS0x116	0x5af0x695V0x116	0
0x6900x5afS0x116	0x5af0x690V0x116	0
0x68f0x5afS0x116	0x5af0x68fV0x116	0
0x68d0x5afS0x116	0x5af0x68dV0x116	0
0x68c0x5afS0x116	0x5af0x68cV0x116	0
0x68a0x5afS0x116	0x5af0x68aV0x116	0
0x6880x5afS0x116	0x5af0x688V0x116	0
0x6860x5afS0x116	0x5af0x686V0x116	0
0x6840x5afS0x116	0x5af0x684V0x116	0
0x1ed1a0x5afS0x116	0x5af0x1ed1aV0x116	0
0x1ed170x5afS0x116	0x5af0x1ed17V0x116	0
0x1ed150x5afS0x116	0x5af0x1ed15V0x116	0
0xfd0S0x71f0x5afS0x116	0xfd0V0x71f0x5afV0x116	0
0xfd3S0x71f0x5afS0x116	0xfd3V0x71f0x5afV0x116	0
0xfd4S0x71f0x5afS0x116	0xfd4V0x71f0x5afV0x116	0
0xfd9S0x71f0x5afS0x116	0xfd9V0x71f0x5afV0x116	0
0xfdcS0x71f0x5afS0x116	0xfdcV0x71f0x5afV0x116	0
0xfddS0x71f0x5afS0x116	0xfddV0x71f0x5afV0x116	0
0xfe5S0x71f0x5afS0x116	0xfe5V0x71f0x5afV0x116	0
0x115fS0xfcfS0x71f0x5afS0x116	0x115fV0xfcfV0x71f0x5afV0x116	0
0xf5a4S0xfcfS0x71f0x5afS0x116	0xf5a4V0xfcfV0x71f0x5afV0x116	0
0x117cS0xfcfS0x71f0x5afS0x116	0x117cV0xfcfV0x71f0x5afV0x116	0
0x117dS0xfcfS0x71f0x5afS0x116	0x117dV0xfcfV0x71f0x5afV0x116	0
0x117eS0xfcfS0x71f0x5afS0x116	0x117eV0xfcfV0x71f0x5afV0x116	0
0x1179_0x0S0xfcfS0x71f0x5afS0x116	0x1179_0x0V0xfcfV0x71f0x5afV0x116	0
0x1164S0xfcfS0x71f0x5afS0x116	0x1164V0xfcfV0x71f0x5afV0x116	0
0x1165S0xfcfS0x71f0x5afS0x116	0x1165V0xfcfV0x71f0x5afV0x116	0
0x1166S0xfcfS0x71f0x5afS0x116	0x1166V0xfcfV0x71f0x5afV0x116	0
0x1161_0x0S0xfcfS0x71f0x5afS0x116	0x1161_0x0V0xfcfV0x71f0x5afV0x116	0
0x116cS0xfcfS0x71f0x5afS0x116	0x116cV0xfcfV0x71f0x5afV0x116	0
0x116dS0xfcfS0x71f0x5afS0x116	0x116dV0xfcfV0x71f0x5afV0x116	0
0x1170S0xfcfS0x71f0x5afS0x116	0x1170V0xfcfV0x71f0x5afV0x116	0
0x1172S0xfcfS0x71f0x5afS0x116	0x1172V0xfcfV0x71f0x5afV0x116	0
0x1174S0xfcfS0x71f0x5afS0x116	0x1174V0xfcfV0x71f0x5afV0x116	0
0x1175S0xfcfS0x71f0x5afS0x116	0x1175V0xfcfV0x71f0x5afV0x116	0
0x116a_0x0S0xfcfS0x71f0x5afS0x116	0x116a_0x0V0xfcfV0x71f0x5afV0x116	0
0x1184S0xfcfS0x71f0x5afS0x116	0x1184V0xfcfV0x71f0x5afV0x116	0
0x1187S0xfcfS0x71f0x5afS0x116	0x1187V0xfcfV0x71f0x5afV0x116	0
0x101fS0x7c40x5afS0x116	0x101fV0x7c40x5afV0x116	0
0x1021S0x7c40x5afS0x116	0x1021V0x7c40x5afV0x116	0
0x1024S0x7c40x5afS0x116	0x1024V0x7c40x5afV0x116	0
0x1026S0x7c40x5afS0x116	0x1026V0x7c40x5afV0x116	0
0x1027S0x7c40x5afS0x116	0x1027V0x7c40x5afV0x116	0
0x1029S0x7c40x5afS0x116	0x1029V0x7c40x5afV0x116	0
0x102dS0x7c40x5afS0x116	0x102dV0x7c40x5afV0x116	0
0x1030S0x7c40x5afS0x116	0x1030V0x7c40x5afV0x116	0
0x1032S0x7c40x5afS0x116	0x1032V0x7c40x5afV0x116	0
0x1034S0x7c40x5afS0x116	0x1034V0x7c40x5afV0x116	0
0x1037S0x7c40x5afS0x116	0x1037V0x7c40x5afV0x116	0
0x1039S0x7c40x5afS0x116	0x1039V0x7c40x5afV0x116	0
0x103cS0x7c40x5afS0x116	0x103cV0x7c40x5afV0x116	0
0x103fS0x7c40x5afS0x116	0x103fV0x7c40x5afV0x116	0
0x1041S0x7c40x5afS0x116	0x1041V0x7c40x5afV0x116	0
0xfbcS0x101eS0x7c40x5afS0x116	0xfbcV0x101eV0x7c40x5afV0x116	0
0xfbeS0x101eS0x7c40x5afS0x116	0xfbeV0x101eV0x7c40x5afV0x116	0
0xfbfS0x101eS0x7c40x5afS0x116	0xfbfV0x101eV0x7c40x5afV0x116	0
0xfc1S0x101eS0x7c40x5afS0x116	0xfc1V0x101eV0x7c40x5afV0x116	0
0xfc2S0x101eS0x7c40x5afS0x116	0xfc2V0x101eV0x7c40x5afV0x116	0
0xfc6S0x101eS0x7c40x5afS0x116	0xfc6V0x101eV0x7c40x5afV0x116	0
0xfc7S0x101eS0x7c40x5afS0x116	0xfc7V0x101eV0x7c40x5afV0x116	0
0xfc9S0x101eS0x7c40x5afS0x116	0xfc9V0x101eV0x7c40x5afV0x116	0
0xfa4S0x101eS0x7c40x5afS0x116	0xfa4V0x101eV0x7c40x5afV0x116	0
0xfa7S0x101eS0x7c40x5afS0x116	0xfa7V0x101eV0x7c40x5afV0x116	0
0xfabS0x101eS0x7c40x5afS0x116	0xfabV0x101eV0x7c40x5afV0x116	0
0xfafS0x101eS0x7c40x5afS0x116	0xfafV0x101eV0x7c40x5afV0x116	0
0xfb2S0x101eS0x7c40x5afS0x116	0xfb2V0x101eV0x7c40x5afV0x116	0
0xfb3S0x101eS0x7c40x5afS0x116	0xfb3V0x101eV0x7c40x5afV0x116	0
0xfb6S0x101eS0x7c40x5afS0x116	0xfb6V0x101eV0x7c40x5afV0x116	0
0xfb7S0x101eS0x7c40x5afS0x116	0xfb7V0x101eV0x7c40x5afV0x116	0
0x115fS0xfa3S0x101eS0x7c40x5afS0x116	0x115fV0xfa3V0x101eV0x7c40x5afV0x116	0
0xf5a4S0xfa3S0x101eS0x7c40x5afS0x116	0xf5a4V0xfa3V0x101eV0x7c40x5afV0x116	0
0x117cS0xfa3S0x101eS0x7c40x5afS0x116	0x117cV0xfa3V0x101eV0x7c40x5afV0x116	0
0x117dS0xfa3S0x101eS0x7c40x5afS0x116	0x117dV0xfa3V0x101eV0x7c40x5afV0x116	0
0x117eS0xfa3S0x101eS0x7c40x5afS0x116	0x117eV0xfa3V0x101eV0x7c40x5afV0x116	0
0x1179_0x0S0xfa3S0x101eS0x7c40x5afS0x116	0x1179_0x0V0xfa3V0x101eV0x7c40x5afV0x116	0
0x1164S0xfa3S0x101eS0x7c40x5afS0x116	0x1164V0xfa3V0x101eV0x7c40x5afV0x116	0
0x1165S0xfa3S0x101eS0x7c40x5afS0x116	0x1165V0xfa3V0x101eV0x7c40x5afV0x116	0
0x1166S0xfa3S0x101eS0x7c40x5afS0x116	0x1166V0xfa3V0x101eV0x7c40x5afV0x116	0
0x1161_0x0S0xfa3S0x101eS0x7c40x5afS0x116	0x1161_0x0V0xfa3V0x101eV0x7c40x5afV0x116	0
0x116cS0xfa3S0x101eS0x7c40x5afS0x116	0x116cV0xfa3V0x101eV0x7c40x5afV0x116	0
0x116dS0xfa3S0x101eS0x7c40x5afS0x116	0x116dV0xfa3V0x101eV0x7c40x5afV0x116	0
0x1170S0xfa3S0x101eS0x7c40x5afS0x116	0x1170V0xfa3V0x101eV0x7c40x5afV0x116	0
0x1172S0xfa3S0x101eS0x7c40x5afS0x116	0x1172V0xfa3V0x101eV0x7c40x5afV0x116	0
0x1174S0xfa3S0x101eS0x7c40x5afS0x116	0x1174V0xfa3V0x101eV0x7c40x5afV0x116	0
0x1175S0xfa3S0x101eS0x7c40x5afS0x116	0x1175V0xfa3V0x101eV0x7c40x5afV0x116	0
0x116a_0x0S0xfa3S0x101eS0x7c40x5afS0x116	0x116a_0x0V0xfa3V0x101eV0x7c40x5afV0x116	0
0x1184S0xfa3S0x101eS0x7c40x5afS0x116	0x1184V0xfa3V0x101eV0x7c40x5afV0x116	0
0x1187S0xfa3S0x101eS0x7c40x5afS0x116	0x1187V0xfa3V0x101eV0x7c40x5afV0x116	0
