0x0	0x0
0x40	0x3f
0xf	0xd
0x4	0x0
0x8	0x0
0x60	0x60
0x3f	0x3f
0x1f	0x1e
0x2	0x0
0xa00	0x9f4
0x5	0x0
0x7	0x0
0x9	0x0
0xd	0xd
0x10	0xd
0x12	0xd
0x14	0xd
0x19	0xd
0x1a	0xd
0x24	0x1e
0x25	0x1e
0x2a	0x29
0x2f	0x29
0x30	0x29
0x35	0x34
0x3a	0x34
0x45	0x3f
0x4b	0x4a
0x50	0x4a
0x56	0x55
0x5b	0x55
0x61	0x60
0x66	0x60
0x6c	0x6b
0x71	0x6b
0x76	0x76
0x7c	0x7a
0x81	0x7a
0x87	0x86
0x8c	0x86
0x92	0x91
0x97	0x91
0x9d	0x9c
0xa2	0x9c
0xa8	0xa7
0xad	0xa7
0xb2	0xb2
0xb8	0xb6
0xbd	0xb6
0xbe	0xb6
0xc3	0xc2
0xc8	0xc2
0xce	0xcd
0xd3	0xcd
0xd9	0xd8
0xde	0xd8
0xe4	0xe3
0xe9	0xe3
0xef	0xee
0xf4	0xee
0xf9	0xf9
0xff	0xfd
0x104	0xfd
0x10a	0x109
0x10f	0x109
0x115	0x114
0x11a	0x114
0x120	0x11f
0x125	0x11f
0x12b	0x12a
0x130	0x12a
0x135	0x135
0x13b	0x139
0x140	0x139
0x141	0x139
0x146	0x145
0x14b	0x145
0x14c	0x145
0x151	0x150
0x156	0x150
0x15c	0x15b
0x161	0x15b
0x167	0x166
0x16c	0x166
0x172	0x171
0x177	0x171
0x17d	0x17c
0x182	0x17c
0x187	0x187
0x18d	0x18b
0x192	0x18b
0x198	0x197
0x19d	0x197
0x1a3	0x1a2
0x1a8	0x1a2
0x1ae	0x1ad
0x1b3	0x1ad
0x1b9	0x1b8
0x1be	0x1b8
0x1c3	0x1c3
0x1c9	0x1c7
0x1ce	0x1c7
0x1cf	0x1c7
0x1d4	0x1d3
0x1d9	0x1d3
0x1df	0x1de
0x1e4	0x1de
0x1ea	0x1e9
0x1ef	0x1e9
0x1f5	0x1f4
0x1fa	0x1f4
0x200	0x1ff
0x205	0x1ff
0x20a	0x20a
0x210	0x20e
0x215	0x20e
0x21b	0x21a
0x220	0x21a
0x226	0x225
0x22b	0x225
0x231	0x230
0x236	0x230
0x23c	0x23b
0x241	0x23b
0x246	0x246
0x24b	0x24a
0x24c	0x24a
0x252	0x251
0x257	0x256
0x259	0x256
0x25a	0x256
0x25e	0x25e
0x264	0x262
0x267	0x262
0x26a	0x262
0x26b	0x262
0x26d	0x262
0x272	0x271
0x28c	0x28b
0x28e	0x28b
0x28f	0x28b
0x293	0x293
0x299	0x297
0x29c	0x297
0x29f	0x297
0x2a0	0x297
0x2a2	0x297
0x2a7	0x2a6
0x2ae	0x2ad
0x2b0	0x2ad
0x2b1	0x2ad
0x2b5	0x2b5
0x2bb	0x2b9
0x2be	0x2b9
0x2c1	0x2b9
0x2c2	0x2b9
0x2c4	0x2b9
0x2e4	0x2e3
0x2e6	0x2e3
0x2e7	0x2e3
0x2eb	0x2eb
0x2f1	0x2ef
0x2f4	0x2ef
0x307	0x306
0x309	0x306
0x30a	0x306
0x30e	0x30e
0x314	0x312
0x317	0x312
0x31a	0x312
0x31b	0x312
0x31d	0x312
0x322	0x321
0x327	0x321
0x329	0x321
0x32c	0x321
0x32f	0x321
0x330	0x321
0x332	0x321
0x333	0x321
0x337	0x336
0x339	0x336
0x33a	0x336
0x33e	0x33e
0x344	0x342
0x347	0x342
0x34c	0x34b
0x34e	0x34b
0x34f	0x34b
0x353	0x353
0x359	0x357
0x35c	0x357
0x361	0x360
0x363	0x360
0x364	0x360
0x368	0x368
0x36e	0x36c
0x371	0x36c
0x376	0x375
0x378	0x375
0x379	0x375
0x37d	0x37d
0x383	0x381
0x386	0x381
0x389	0x381
0x38a	0x381
0x38c	0x381
0x391	0x390
0x396	0x395
0x398	0x395
0x399	0x395
0x39d	0x39d
0x3a3	0x3a1
0x3a6	0x3a1
0x3a9	0x3a1
0x3aa	0x3a1
0x3ac	0x3a1
0x3b1	0x3b0
0x3b6	0x3b5
0x3b8	0x3b5
0x3b9	0x3b5
0x3bd	0x3bd
0x3c3	0x3c1
0x3c6	0x3c1
0x3c9	0x3c1
0x3ca	0x3c1
0x3cc	0x3c1
0x3d1	0x3d0
0x3d3	0x3d0
0x3d5	0x3d0
0x3d7	0x3d0
0x3d8	0x3d0
0x3d9	0x3d0
0x3dd	0x3dc
0x3df	0x3dc
0x3e0	0x3dc
0x3e4	0x3e4
0x3ea	0x3e8
0x3ed	0x3e8
0x3f2	0x3f1
0x3f4	0x3f1
0x3f5	0x3f1
0x3f9	0x3f9
0x3ff	0x3fd
0x402	0x3fd
0x414	0x413
0x416	0x413
0x417	0x413
0x41b	0x41b
0x421	0x41f
0x423	0x41f
0x424	0x41f
0x426	0x41f
0x427	0x41f
0x42c	0x42b
0x42e	0x42b
0x42f	0x42b
0x433	0x433
0x439	0x437
0x43c	0x437
0x441	0x440
0x443	0x440
0x444	0x440
0x448	0x448
0x44e	0x44c
0x451	0x44c
0x454	0x44c
0x455	0x44c
0x457	0x44c
0x45c	0x45b
0x45e	0x45b
0x461	0x45b
0x466	0x45b
0x469	0x45b
0x46a	0x45b
0x46b	0x45b
0x46d	0x45b
0x471	0x470
0x473	0x470
0x474	0x470
0x478	0x478
0x47e	0x47c
0x481	0x47c
0x484	0x47c
0x485	0x47c
0x487	0x47c
0x48c	0x48b
0x491	0x490
0x493	0x490
0x494	0x490
0x498	0x498
0x49e	0x49c
0x4a1	0x49c
0x4a6	0x4a5
0x4a8	0x4a5
0x4a9	0x4a5
0x4ad	0x4ad
0x4b3	0x4b1
0x4b6	0x4b1
0x4bb	0x4ba
0x4bd	0x4ba
0x4be	0x4ba
0x4c2	0x4c2
0x4c8	0x4c6
0x4cb	0x4c6
0x4ce	0x4c6
0x4cf	0x4c6
0x4d1	0x4c6
0x4d6	0x4d5
0x4db	0x4da
0x4dd	0x4da
0x4de	0x4da
0x4e2	0x4e2
0x4e8	0x4e6
0x4eb	0x4e6
0x4f0	0x4ef
0x4f2	0x4ef
0x4f3	0x4ef
0x4f7	0x4f7
0x4fd	0x4fb
0x500	0x4fb
0x505	0x504
0x507	0x504
0x508	0x504
0x513	0x504
0x518	0x517
0x51a	0x517
0x51b	0x517
0x51f	0x51f
0x525	0x523
0x528	0x523
0x52b	0x523
0x52c	0x523
0x52e	0x523
0x533	0x532
0x538	0x537
0x53a	0x537
0x53b	0x537
0x53f	0x53f
0x545	0x543
0x548	0x543
0x54b	0x543
0x54c	0x543
0x54e	0x543
0x553	0x552
0x558	0x557
0x55a	0x557
0x55b	0x557
0x55f	0x55f
0x565	0x563
0x568	0x563
0x56b	0x563
0x56c	0x563
0x56e	0x563
0x573	0x572
0x575	0x572
0x578	0x572
0x57d	0x572
0x580	0x572
0x581	0x572
0x582	0x572
0x584	0x572
0x586	0x572
0x588	0x572
0x589	0x572
0x58a	0x572
0x58e	0x58d
0x590	0x58d
0x591	0x58d
0x595	0x595
0x59b	0x599
0x59e	0x599
0x5a3	0x5a2
0x5a5	0x5a2
0x5a6	0x5a2
0x5aa	0x5aa
0x5b0	0x5ae
0x5b3	0x5ae
0x5b8	0x5b7
0x5ba	0x5b7
0x5bb	0x5b7
0x5bf	0x5bf
0x5c5	0x5c3
0x5c8	0x5c3
0x5cd	0x5cc
0x5cf	0x5cc
0x5d0	0x5cc
0x5d4	0x5d4
0x5da	0x5d8
0x5dd	0x5d8
0x5e0	0x5d8
0x5e1	0x5d8
0x5e3	0x5d8
0x5e8	0x5e7
0x5ed	0x5ec
0x5ef	0x5ec
0x5f0	0x5ec
0x5f4	0x5f4
0x5fa	0x5f8
0x5fd	0x5f8
0x621	0x620
0x623	0x620
0x624	0x620
0x628	0x628
0x62e	0x62c
0x631	0x62c
0x636	0x635
0x638	0x635
0x639	0x635
0x63d	0x63d
0x643	0x641
0x646	0x641
0x649	0x641
0x64a	0x641
0x64c	0x641
0x651	0x650
0x656	0x655
0x658	0x655
0x659	0x655
0x65d	0x65d
0x663	0x661
0x666	0x661
0x669	0x661
0x66a	0x661
0x66c	0x661
0x671	0x670
0x676	0x675
0x679	0x675
0x67c	0x675
0x67d	0x675
0x67f	0x675
0x684	0x683
0x689	0x688
0x68b	0x688
0x68c	0x688
0x690	0x690
0x696	0x694
0x699	0x694
0x69c	0x694
0x69d	0x694
0x69f	0x694
0x6a4	0x6a3
0x6a9	0x6a8
0x6ab	0x6a8
0x6ac	0x6a8
0x6b0	0x6b0
0x6b6	0x6b4
0x6b9	0x6b4
0x6be	0x6bd
0x6c0	0x6bd
0x6c1	0x6bd
0x6c5	0x6c5
0x6cb	0x6c9
0x6ce	0x6c9
0x6d1	0x6c9
0x6d2	0x6c9
0x6d4	0x6c9
0x6d9	0x6d8
0x6de	0x6dd
0x6e0	0x6dd
0x6e1	0x6dd
0x6e5	0x6e5
0x6eb	0x6e9
0x6ee	0x6e9
0x6f1	0x6e9
0x6f2	0x6e9
0x6f4	0x6e9
0x6f9	0x6f8
0x6fe	0x6fd
0x700	0x6fd
0x701	0x6fd
0x705	0x705
0x70b	0x709
0x70d	0x709
0x70e	0x709
0x712	0x709
0x714	0x709
0x716	0x709
0x718	0x709
0x719	0x709
0x71a	0x709
0x71e	0x71d
0x720	0x71d
0x721	0x71d
0x725	0x725
0x72b	0x729
0x72e	0x729
0x752	0x751
0x754	0x751
0x755	0x751
0x759	0x759
0x75f	0x75d
0x762	0x75d
0x765	0x75d
0x766	0x75d
0x768	0x75d
0x76d	0x76c
0x76f	0x76c
0x772	0x76c
0x777	0x76c
0x77a	0x76c
0x77b	0x76c
0x77c	0x76c
0x77e	0x76c
0x782	0x781
0x784	0x781
0x785	0x781
0x78a	0x781
0x7d2	0x7d1
0x7d4	0x7d1
0x7d5	0x7d1
0x7d8	0x7d1
0x7da	0x7d1
0x7db	0x7d1
0x7de	0x7d1
0x7e0	0x7d1
0x7e2	0x7d1
0x7fd	0x7fc
0x7ff	0x7fc
0x800	0x7fc
0x802	0x7fc
0x804	0x7fc
0x805	0x7fc
0x808	0x7fc
0x80a	0x7fc
0x80c	0x7fc
0x80d	0x7fc
0x812	0x811
0x814	0x811
0x815	0x811
0x817	0x811
0x819	0x811
0x81a	0x811
0x81d	0x811
0x81f	0x811
0x821	0x811
0x822	0x811
0x827	0x826
0x829	0x826
0x82a	0x826
0x82d	0x826
0x82f	0x826
0x830	0x826
0x833	0x826
0x835	0x826
0x837	0x826
0x838	0x826
0x98a	0x989
0x98c	0x989
0x98d	0x989
0x990	0x989
0x992	0x989
0x993	0x989
0x996	0x989
0x998	0x989
0x99a	0x989
0x99b	0x989
0x9a0	0x99f
0x9a2	0x99f
0x9a4	0x99f
0x9a7	0x99f
0x9a9	0x99f
0x9ac	0x99f
0x9ae	0x99f
0x9af	0x99f
0x9b1	0x99f
0x9b3	0x99f
0x9b5	0x99f
0x9b6	0x99f
0x9b7	0x99f
0x9b8	0x99f
0x9ba	0x99f
0x9bc	0x99f
0x9be	0x99f
0x9bf	0x99f
0x9c0	0x99f
0x9c1	0x99f
0x9c6	0x99f
0x9c8	0x99f
0x9ca	0x99f
0x9cf	0x99f
0x9d0	0x99f
0x9d2	0x99f
0x9d5	0x99f
0x9d7	0x99f
0x9d8	0x99f
0x9da	0x99f
0x9dc	0x99f
0x9df	0x99f
0x9e2	0x99f
0x9e3	0x99f
0x9e4	0x99f
0x9e6	0x99f
0x9e7	0x99f
0x9eb	0x9eb
0x9ec	0x9eb
0x9f0	0x9eb
0x9f1	0x9eb
0x9f9	0x9f4
0x9fb	0x9f4
0x9fc	0x9f4
0x9fd	0x9f4
0x9ff	0x9f4
0xa03	0x9f4
0xa04	0x9f4
0xa06	0x9f4
0xa08	0x9f4
0xa0d	0x9f4
0xa0f	0x9f4
0xa14	0x9f4
0xa1b	0xa18
0xa1d	0xa18
0xa1f	0xa18
0xa21	0xa18
0xa22	0xa18
0xa24	0xa18
0xa25	0xa18
0xa26	0xa18
0xa27	0xa18
0xa2b	0xa2b
0xa2d	0xa2b
0xa2e	0xa2b
0xa32	0xa2b
0xa34	0xa2b
0xa37	0xa2b
0xa39	0xa2b
0xa3c	0xa2b
0xa3e	0xa2b
0xa40	0xa2b
0xa43	0xa2b
0xa45	0xa2b
0xa59	0xa2b
0xa5b	0xa2b
0xa5c	0xa2b
0xa5f	0xa2b
0xa61	0xa2b
0xa63	0xa2b
0xa64	0xa2b
0xa69	0xa68
0xa6f	0xa68
0xa72	0xa68
0xa77	0xa76
0xa7f	0xa76
0xa84	0xa83
0xa87	0xa83
0xa89	0xa83
0xa90	0xa8d
0xa92	0xa8d
0xa97	0xa8d
0xa9a	0xa8d
0xa9b	0xa8d
0xaa4	0xa8d
0xaa5	0xa8d
0xaad	0xaac
0xaaf	0xaac
0xab0	0xaac
0xab3	0xaac
0xab5	0xaac
0xab6	0xaac
0xab9	0xaac
0xabb	0xaac
0xabd	0xaac
0xabe	0xaac
0xac3	0xac2
0xac5	0xac2
0xac6	0xac2
0xac9	0xac2
0xacb	0xac2
0xacc	0xac2
0xacf	0xac2
0xad1	0xac2
0xad3	0xac2
0xad4	0xac2
0xb0a	0xb09
0xb0c	0xb09
0xb13	0xb09
0xb16	0xb09
0xb37	0xb09
0xb39	0xb09
0xb3e	0xb3d
0xb41	0xb3d
0xb62	0xb3d
0xb64	0xb3d
0xb69	0xb68
0xb6c	0xb68
0xb6d	0xb68
0xb72	0xb68
0xb75	0xb68
0xb79	0xb68
0xb7b	0xb68
0xb7d	0xb68
0xb85	0xb68
0xb88	0xb68
0xbdd	0xbdc
0xbdf	0xbdc
0xbe0	0xbdc
0xbe2	0xbdc
0xbe4	0xbdc
0xbe5	0xbdc
0xbe8	0xbdc
0xbea	0xbdc
0xbec	0xbdc
0xbed	0xbdc
0xbf2	0xbf1
0xbf4	0xbf1
0xbf5	0xbf1
0xbf8	0xbf1
0xbfa	0xbf1
0xbfb	0xbf1
0xbfe	0xbf1
0xc00	0xbf1
0xc02	0xbf1
0xc03	0xbf1
0xc21	0xc20
0xc23	0xc20
0xc24	0xc20
0xc26	0xc20
0xc28	0xc20
0xc29	0xc20
0xc2c	0xc20
0xc2e	0xc20
0xc30	0xc20
0xc31	0xc20
0xd6a	0xd69
0xd6d	0xd69
0xd6e	0xd69
0xd71	0xd69
0xd72	0xd69
0xd77	0xd69
0xd79	0xd69
0xd7d	0xd69
0xd7e	0xd69
0xd83	0xd69
0xd85	0xd69
0xd87	0xd69
0xd89	0xd69
0xd8a	0xd69
0xd8b	0xd69
0xd8d	0xd69
0xd95	0xd69
0xd97	0xd69
0xd9c	0xd69
0xd9d	0xd69
0xda0	0xd69
0xda1	0xd69
0xda2	0xd69
0xda4	0xd69
0xda5	0xd69
0xda9	0xda9
0xdaa	0xda9
0xdae	0xda9
0xdaf	0xda9
0xdb7	0xdb2
0xdb9	0xdb2
0xdba	0xdb2
0xdbb	0xdb2
0xdbd	0xdb2
0xdbe	0xdb2
0xdc1	0xdb2
0xdc2	0xdb2
0xdc4	0xdb2
0xdc6	0xdb2
0xdcb	0xdb2
0xdcd	0xdb2
0xdd2	0xdb2
0xdd9	0xdd6
0xddb	0xdd6
0xddd	0xdd6
0xddf	0xdd6
0xde0	0xdd6
0xde2	0xdd6
0xde3	0xdd6
0xde4	0xdd6
0xde5	0xdd6
0xde9	0xde9
0xdeb	0xde9
0xdec	0xde9
0xdf0	0xde9
0xdf2	0xde9
0xdf5	0xde9
0xdf7	0xde9
0xdfa	0xde9
0xdfc	0xde9
0xdfe	0xde9
0xe01	0xde9
0xe03	0xde9
0xe17	0xde9
0xe19	0xde9
0xe1a	0xde9
0xe1d	0xde9
0xe1f	0xde9
0xe21	0xde9
0xe22	0xde9
0xe27	0xe26
0xe2a	0xe26
0xe2b	0xe26
0xe2d	0xe26
0xe2e	0xe26
0xe33	0xe26
0xe35	0xe26
0xe38	0xe26
0xe3a	0xe26
0xe3c	0xe26
0xe3e	0xe26
0xe3f	0xe26
0xe41	0xe26
0xe44	0xe26
0xe49	0xe26
0xe4c	0xe26
0xe4e	0xe26
0xe50	0xe26
0xe52	0xe26
0xe53	0xe26
0xe56	0xe26
0xe58	0xe26
0xe5e	0xe26
0xe60	0xe26
0xe61	0xe26
0xe63	0xe26
0xe65	0xe26
0xe68	0xe26
0xe6b	0xe26
0xe6c	0xe26
0xe6d	0xe26
0xe6f	0xe26
0xe70	0xe26
0xe74	0xe74
0xe75	0xe74
0xe79	0xe74
0xe7a	0xe74
0xe82	0xe7d
0xe84	0xe7d
0xe85	0xe7d
0xe86	0xe7d
0xe88	0xe7d
0xe89	0xe7d
0xe8c	0xe7d
0xe8d	0xe7d
0xe8f	0xe7d
0xe91	0xe7d
0xe96	0xe7d
0xe98	0xe7d
0xe9d	0xe7d
0xea5	0xea1
0xea7	0xea1
0xea9	0xea1
0xeab	0xea1
0xeac	0xea1
0xead	0xea1
0xeaf	0xea1
0xeb1	0xea1
0xeb3	0xea1
0xeb5	0xea1
0xeb6	0xea1
0xeb7	0xea1
0xeb8	0xea1
0xeb9	0xea1
0xebd	0xebd
0xebf	0xebd
0xec0	0xebd
0xec4	0xebd
0xec6	0xebd
0xec9	0xebd
0xecb	0xebd
0xece	0xebd
0xed0	0xebd
0xed2	0xebd
0xed5	0xebd
0xed7	0xebd
0xeec	0xebd
0xeee	0xebd
0xeef	0xebd
0xef2	0xebd
0xef4	0xebd
0xef6	0xebd
0xef7	0xebd
0xefc	0xefb
0xefe	0xefb
0xf00	0xefb
0xf02	0xefb
0xf03	0xefb
0xf04	0xefb
0xf06	0xefb
0xf07	0xefb
0xf0c	0xefb
0xf0e	0xefb
0xf0f	0xefb
0xf10	0xefb
0xf14	0xf14
0xf16	0xf14
0xf17	0xf14
0xf1b	0xf14
0xf1d	0xf14
0xf20	0xf14
0xf22	0xf14
0xf25	0xf14
0xf27	0xf14
0xf29	0xf14
0xf2c	0xf14
0xf2e	0xf14
0xf45	0xf14
0xf47	0xf14
0xf48	0xf14
0xf4b	0xf14
0xf4d	0xf14
0xf4f	0xf14
0xf50	0xf14
0xf56	0xf54
0xf59	0xf54
0xf5a	0xf54
0xf5c	0xf54
0xf5e	0xf54
0xf60	0xf54
0xf61	0xf54
0xf63	0xf54
0xf64	0xf54
0xf6d	0xf54
0xf70	0xf54
0xf71	0xf54
0xf74	0xf54
0xf80	0xf7f
0xf83	0xf7f
0xf84	0xf7f
0xf86	0xf7f
0xf88	0xf7f
0xf89	0xf7f
0xf8a	0xf7f
0xf8b	0xf7f
0xf8d	0xf7f
0xf8f	0xf7f
0xf90	0xf7f
0xf93	0xf7f
0xf96	0xf7f
0xf9b	0xf9a
0xfa2	0xf9a
0xfa7	0xfa6
0xfaa	0xfa6
0xfac	0xfa6
0xfb3	0xfb0
0xfb6	0xfb0
0xfb7	0xfb0
0xfb9	0xfb0
0xfbb	0xfb0
0xfbc	0xfb0
0xfbd	0xfb0
0xfc4	0xfc3
0xfe5	0xfc3
0xfe9	0xfc3
0xfee	0xfed
0xff0	0xfed
0xff2	0xfed
0xff4	0xfed
0xff5	0xfed
0xff7	0xfed
0xff8	0xfed
0xffc	0xffc
0xffe	0xffc
0xfff	0xffc
0x1003	0xffc
0x1005	0xffc
0x1008	0xffc
0x100a	0xffc
0x100d	0xffc
0x100f	0xffc
0x1011	0xffc
0x1014	0xffc
0x1016	0xffc
0x1037	0xffc
0x103a	0xffc
0x103c	0xffc
0x103e	0xffc
0x103f	0xffc
0x1045	0x1043
0x1047	0x1043
0x1049	0x1043
0x104b	0x1043
0x104c	0x1043
0x104f	0x1043
0x1050	0x1043
0x1055	0x1043
0x1057	0x1043
0x105a	0x1043
0x105d	0x1043
0x105f	0x1043
0x1060	0x1043
0x1062	0x1043
0x1064	0x1043
0x1066	0x1043
0x1067	0x1043
0x1068	0x1043
0x1069	0x1043
0x106d	0x1043
0x106e	0x1043
0x1073	0x1072
0x1075	0x1072
0x1076	0x1072
0x1078	0x1072
0x107a	0x1072
0x107b	0x1072
0x107e	0x1072
0x1080	0x1072
0x1082	0x1072
0x1083	0x1072
0x11c5	0x11c4
0x11c9	0x11c4
0x11ca	0x11c4
0x11fa	0x11f9
0x11ff	0x11f9
0x1204	0x1203
0x1209	0x1203
0x120b	0x1203
0x120e	0x1203
0x1211	0x1203
0x1212	0x1203
0x1217	0x1203
0x121c	0x121b
0x1221	0x121b
0x1226	0x1225
0x122b	0x1225
0x122d	0x1225
0x1230	0x1225
0x1233	0x1225
0x1234	0x1225
0x1239	0x1225
0x123e	0x123d
0x1241	0x123d
0x1246	0x1245
0x1249	0x1245
0x124a	0x1245
0x124c	0x1245
0x124d	0x1245
0x1250	0x1245
0x1271	0x1245
0x1290	0x128f
0x1292	0x128f
0x1294	0x128f
0x1295	0x128f
0x1296	0x128f
0x129a	0x129a
0x129c	0x129a
0x129d	0x129a
0x12a1	0x129a
0x12a3	0x129a
0x12a6	0x129a
0x12a8	0x129a
0x12ab	0x129a
0x12ad	0x129a
0x12af	0x129a
0x12b2	0x129a
0x12b4	0x129a
0x12d5	0x129a
0x12d8	0x129a
0x12da	0x129a
0x12dc	0x129a
0x12dd	0x129a
0x12e2	0x12e1
0x12e4	0x12e1
0x12e9	0x12e8
0x12ed	0x12e8
0x12ee	0x12e8
0x12f2	0x12f2
0x12f4	0x12f2
0x12f5	0x12f2
0x12f9	0x12f2
0x12fb	0x12f2
0x12fe	0x12f2
0x1300	0x12f2
0x1303	0x12f2
0x1305	0x12f2
0x1307	0x12f2
0x130a	0x12f2
0x130c	0x12f2
0x132d	0x12f2
0x1330	0x12f2
0x1332	0x12f2
0x1334	0x12f2
0x1335	0x12f2
0x133b	0x1339
0x133d	0x1339
0x133e	0x1339
0x1342	0x1342
0x1344	0x1342
0x1345	0x1342
0x1349	0x1342
0x134b	0x1342
0x134e	0x1342
0x1350	0x1342
0x1351	0x1342
0x1355	0x1342
0x135b	0x1359
0x135d	0x1359
0x135f	0x1359
0x1360	0x1359
0x1361	0x1359
0x1365	0x1365
0x1367	0x1365
0x1368	0x1365
0x136c	0x1365
0x136e	0x1365
0x1371	0x1365
0x1373	0x1365
0x1374	0x1365
0x1378	0x1365
0x137d	0x137c
0x1380	0x137c
0x1383	0x137c
0x1387	0x137c
0x1389	0x137c
0x138d	0x137c
0x139a	0x1391
0x13bb	0x1391
0x13c1	0x1391
0x13c3	0x1391
0x13c4	0x1391
0x13ce	0x1391
0x13d3	0x13d2
0x13d5	0x13d2
0x13d8	0x13d2
0x13e6	0x13e5
0x13e9	0x13e5
0x13ee	0x13ed
0x13f1	0x13ed
0x13f2	0x13ed
0x13f4	0x13ed
0x13f5	0x13ed
0x13f6	0x13ed
0x13f8	0x13ed
0x13fb	0x13ed
0x141c	0x13ed
0x141f	0x13ed
0x14d3	0x14d2
0x14d7	0x14d2
0x14d8	0x14d2
0x14dc	0x14dc
0x14de	0x14dc
0x14df	0x14dc
0x14e3	0x14dc
0x14e5	0x14dc
0x14e8	0x14dc
0x14ea	0x14dc
0x14ed	0x14dc
0x14ef	0x14dc
0x14f1	0x14dc
0x14f4	0x14dc
0x14f6	0x14dc
0x1517	0x14dc
0x151a	0x14dc
0x151c	0x14dc
0x151e	0x14dc
0x151f	0x14dc
0x1525	0x1523
0x1527	0x1523
0x1528	0x1523
0x152c	0x152c
0x152e	0x152c
0x152f	0x152c
0x1533	0x152c
0x1535	0x152c
0x1538	0x152c
0x153a	0x152c
0x153b	0x152c
0x153f	0x152c
0x1544	0x1543
0x1547	0x1543
0x154d	0x1543
0x1552	0x1551
0x1557	0x1551
0x1559	0x1551
0x155c	0x1551
0x155f	0x1551
0x1560	0x1551
0x1566	0x1551
0x1568	0x1551
0x1569	0x1551
0x156a	0x1551
0x156b	0x1551
0x156d	0x1551
0x156e	0x1551
0x1572	0x1572
0x1574	0x1572
0x1575	0x1572
0x1579	0x1572
0x157b	0x1572
0x157e	0x1572
0x1580	0x1572
0x1583	0x1572
0x1585	0x1572
0x1587	0x1572
0x158a	0x1572
0x158c	0x1572
0x15ad	0x1572
0x15b0	0x1572
0x15b2	0x1572
0x15b8	0x1572
0x15ba	0x1572
0x15bb	0x1572
0x15be	0x1572
0x15c0	0x1572
0x15c2	0x1572
0x15c3	0x1572
0x15c8	0x15c7
0x15ca	0x15c7
0x15cd	0x15c7
0x15d1	0x15c7
0x15d8	0x15d5
0x15dc	0x15d5
0x15de	0x15d5
0x15e6	0x15e2
0x15e9	0x15e2
0x15ec	0x15e2
0x15ef	0x15e2
0x15f4	0x15e2
0x1601	0x15f8
0x1622	0x15f8
0x1623	0x15f8
0x1629	0x15f8
0x162b	0x15f8
0x162c	0x15f8
0x1636	0x15f8
0x163b	0x163a
0x163d	0x163a
0x1640	0x163a
0x178c	0x178b
0x1791	0x178b
0x1796	0x1795
0x1797	0x1795
0x179b	0x179b
0x17a0	0x179b
0x17a2	0x179b
0x17a7	0x179b
0x17ab	0x179b
0x17ac	0x179b
0x17ae	0x179b
0x17b0	0x179b
0x17b2	0x179b
0x17b3	0x179b
0x17b5	0x179b
0x17bd	0x179b
0x17bf	0x179b
0x17c0	0x179b
0x17c2	0x179b
0x17c3	0x179b
0x17c6	0x179b
0x17c7	0x179b
0x17cb	0x179b
0x1cef	0x1cee
0x1cf1	0x1cee
0x1cf4	0x1cee
0x1cf9	0x1cf6
0x1cfa	0x1cf6
0x1cfb	0x1cf6
0x1d05	0x1cff
0x1d06	0x1cff
0x1d0a	0x1d0a
0x1d0d	0x1d0a
0x1d14	0x1d11
0x1d16	0x1d11
0x1d18	0x1d11
0x1d1a	0x1d11
0x1d1f	0x1d11
0x1d24	0x1d23
0x1d26	0x1d23
0x1d27	0x1d23
0x1d29	0x1d23
0x1d2a	0x1d23
0x1d31	0x1d23
0x1d36	0x1d35
0x1d38	0x1d35
0x1d39	0x1d35
0x1d3d	0x1d35
0x1d3e	0x1d35
0x1d42	0x1d35
0x1d4b	0x1d35
0x1d4d	0x1d35
0x1d4e	0x1d35
0x1d52	0x1d52
0x1d55	0x1d52
0x1d5a	0x1d59
0x1d5c	0x1d59
0x1d5d	0x1d59
0x1d5f	0x1d59
0x1d60	0x1d59
0x1d61	0x1d59
0x1d62	0x1d59
0x1d64	0x1d59
0x1d65	0x1d59
0x1d67	0x1d59
0x1d68	0x1d59
0x1d6e	0x1d59
0x1d73	0x1d72
0x1d75	0x1d72
0x1d76	0x1d72
0x1d7a	0x1d72
0x1d7b	0x1d72
0x1d7f	0x1d72
0x1d85	0x1d72
0x1d89	0x1d72
0x1d90	0x1d8d
0x1d97	0x1d94
0x1d98	0x1d94
0x1d9c	0x1d94
0x1d9d	0x1d94
0x1f5c	0x1f5a
0x1f5d	0x1f5a
0x1f5e	0x1f5a
0x1f5f	0x1f5a
0x1f63	0x1f63
0x1f65	0x1f63
0x1f66	0x1f63
0x1f6a	0x1f63
0x1f6c	0x1f63
0x1f6f	0x1f63
0x1f71	0x1f63
0x1f74	0x1f63
0x1f76	0x1f63
0x1f78	0x1f63
0x1f7b	0x1f63
0x1f7d	0x1f63
0x1f94	0x1f63
0x1f96	0x1f63
0x1f97	0x1f63
0x1f9a	0x1f63
0x1f9c	0x1f63
0x1f9e	0x1f63
0x1f9f	0x1f63
0x1fa4	0x1fa3
0x1fa7	0x1fa3
0x1fa9	0x1fa3
0x1fab	0x1fa3
0x1fad	0x1fa3
0x1fae	0x1fa3
0x1faf	0x1fa3
0x1fb1	0x1fa3
0x1fb3	0x1fa3
0x1fb4	0x1fa3
0x1fb6	0x1fa3
0x1fb8	0x1fa3
0x1fbb	0x1fa3
0x1fbf	0x1fa3
0x1fc0	0x1fa3
0x1fc5	0x1fa3
0x1fc7	0x1fa3
0x1fca	0x1fa3
0x1fcb	0x1fa3
0x1fcf	0x1fcf
0x1fd1	0x1fcf
0x1fd4	0x1fcf
0x1fd6	0x1fcf
0x1fd7	0x1fcf
0x1fd9	0x1fcf
0x1fda	0x1fcf
0x1fdb	0x1fcf
0x1fdd	0x1fcf
0x1fde	0x1fcf
0x1fe1	0x1fcf
0x1fe4	0x1fcf
0x1fe5	0x1fcf
0x1fe7	0x1fcf
0x1fea	0x1fcf
0x1fec	0x1fcf
0x1ff1	0x1ff0
0x1ffb	0x1ff5
0x1fff	0x1fff
0x2001	0x1fff
0x2002	0x1fff
0x2006	0x1fff
0x2008	0x1fff
0x200b	0x1fff
0x200d	0x1fff
0x2010	0x1fff
0x2012	0x1fff
0x2014	0x1fff
0x2017	0x1fff
0x2019	0x1fff
0x203a	0x1fff
0x203d	0x1fff
0x203f	0x1fff
0x2041	0x1fff
0x2042	0x1fff
0x2047	0x2046
0x204a	0x2046
0x204b	0x2046
0x204d	0x2046
0x204f	0x2046
0x2051	0x2046
0x2052	0x2046
0x2054	0x2046
0x2057	0x2046
0x205a	0x2046
0x205e	0x2046
0x2060	0x2046
0x2082	0x2046
0x2083	0x2046
0x2085	0x2046
0x2088	0x2046
0x20a2	0x20a1
0x20a4	0x20a1
0x20a6	0x20a1
0x20aa	0x20a1
0x20ac	0x20a1
0x20b1	0x20b0
0x20b5	0x20b0
0x20b7	0x20b0
0x20bc	0x20bb
0x20be	0x20bb
0x20c0	0x20bb
0x20c2	0x20bb
0x20c3	0x20bb
0x20c5	0x20bb
0x20c6	0x20bb
0x20c7	0x20bb
0x20cb	0x20cb
0x20ce	0x20cb
0x20d3	0x20d2
0x20d5	0x20d2
0x20db	0x20d2
0x20dd	0x20d2
0x20de	0x20d2
0x20e0	0x20d2
0x20e1	0x20d2
0x20e2	0x20d2
0x20e4	0x20d2
0x20e6	0x20d2
0x20e7	0x20d2
0x20eb	0x20d2
0x20ec	0x20d2
0x20f0	0x20f0
0x20f3	0x20f0
0x20f6	0x20f0
0x20f9	0x20f0
0x2100	0x20fc
0x2102	0x20fc
0x2104	0x20fc
0x2106	0x20fc
0x2109	0x20fc
0x210b	0x20fc
0x210c	0x20fc
0x2110	0x2110
0x2113	0x2110
0x2118	0x2117
0x211a	0x2117
0x211b	0x2117
0x211d	0x2117
0x211f	0x2117
0x2121	0x2117
0x2123	0x2117
0x2124	0x2117
0x2125	0x2117
0x2126	0x2117
0x2129	0x2117
0x212b	0x2117
0x212f	0x2117
0x2131	0x2117
0x2133	0x2117
0x2135	0x2117
0x2138	0x2117
0x213a	0x2117
0x213b	0x2117
0x213f	0x213f
0x2142	0x213f
0x2147	0x2146
0x2149	0x2146
0x214a	0x2146
0x214c	0x2146
0x214e	0x2146
0x2150	0x2146
0x2152	0x2146
0x2153	0x2146
0x2154	0x2146
0x2155	0x2146
0x2158	0x2146
0x215a	0x2146
0x215e	0x2146
0x2160	0x2146
0x2164	0x2146
0x2166	0x2146
0x216b	0x216a
0x216f	0x216a
0x2171	0x216a
0x2179	0x2178
0x217c	0x2178
0x217d	0x2178
0x217e	0x2178
0x2182	0x2182
0x2193	0x2182
0x2195	0x2182
0x2197	0x2182
0x2199	0x2182
0x219a	0x2182
0x219d	0x2182
0x219e	0x2182
0x21a2	0x21a2
0x21a5	0x21a2
0x21aa	0x21a9
0x21ab	0x21a9
0x21ad	0x21a9
0x21b1	0x21a9
0x21b3	0x21a9
0x21b4	0x21a9
0x21b8	0x21b8
0x21bb	0x21b8
0x21c0	0x21bf
0x21c2	0x21bf
0x21c3	0x21bf
0x21c5	0x21bf
0x21c7	0x21bf
0x21c9	0x21bf
0x21cb	0x21bf
0x21cc	0x21bf
0x21cd	0x21bf
0x21ce	0x21bf
0x21d1	0x21bf
0x21d3	0x21bf
0x21d7	0x21bf
0x21dc	0x21bf
0x21de	0x21bf
0x21e2	0x21bf
0x21e9	0x21e6
0x21f0	0x21ed
0x21f1	0x21ed
0x21f5	0x21f5
0x21f7	0x21f5
0x21f8	0x21f5
0x21fc	0x21f5
0x21fe	0x21f5
0x2201	0x21f5
0x2203	0x21f5
0x2206	0x21f5
0x220a	0x21f5
0x220d	0x21f5
0x220f	0x21f5
0x2230	0x21f5
0x2233	0x21f5
0x2235	0x21f5
0x2237	0x21f5
0x2238	0x21f5
0x28ab	0x28aa
0x28ae	0x28aa
0x28af	0x28aa
0x28b2	0x28aa
0x28b3	0x28aa
0x28b8	0x28aa
0x28ba	0x28aa
0x28be	0x28aa
0x28bf	0x28aa
0x28c4	0x28aa
0x28c6	0x28aa
0x28c8	0x28aa
0x28ca	0x28aa
0x28cb	0x28aa
0x28cc	0x28aa
0x28ce	0x28aa
0x28d6	0x28aa
0x28d8	0x28aa
0x28dd	0x28aa
0x28de	0x28aa
0x28e1	0x28aa
0x28e2	0x28aa
0x28e3	0x28aa
0x28e5	0x28aa
0x28e6	0x28aa
0x28ea	0x28ea
0x28eb	0x28ea
0x28ef	0x28ea
0x28f0	0x28ea
0x28f8	0x28f3
0x28fa	0x28f3
0x28fb	0x28f3
0x28fc	0x28f3
0x28fe	0x28f3
0x28ff	0x28f3
0x2902	0x28f3
0x2903	0x28f3
0x2905	0x28f3
0x2907	0x28f3
0x290c	0x28f3
0x290e	0x28f3
0x2913	0x28f3
0x291a	0x2917
0x291d	0x2917
0x291f	0x2917
0x2921	0x2917
0x2923	0x2917
0x2924	0x2917
0x2925	0x2917
0x2926	0x2917
0x292b	0x2917
0x292d	0x2917
0x292f	0x2917
0x2934	0x2917
0x2935	0x2917
0x2937	0x2917
0x293a	0x2917
0x293c	0x2917
0x293d	0x2917
0x293f	0x2917
0x2941	0x2917
0x2944	0x2917
0x2947	0x2917
0x2948	0x2917
0x2949	0x2917
0x294b	0x2917
0x294c	0x2917
0x2950	0x2950
0x2951	0x2950
0x2955	0x2950
0x2956	0x2950
0x295e	0x2959
0x2960	0x2959
0x2961	0x2959
0x2962	0x2959
0x2964	0x2959
0x2965	0x2959
0x2968	0x2959
0x2969	0x2959
0x296b	0x2959
0x296d	0x2959
0x2972	0x2959
0x2974	0x2959
0x2979	0x2959
0x297e	0x297d
0x2981	0x297d
0x2982	0x297d
0x2983	0x297d
0x2987	0x297d
0x298e	0x297d
0x2992	0x297d
0x2994	0x297d
0x2996	0x297d
0x2998	0x297d
0x2999	0x297d
0x299b	0x297d
0x299c	0x297d
0x299f	0x297d
0x29a1	0x297d
0x29a2	0x297d
0x29a5	0x297d
0x29a7	0x297d
0x29a9	0x297d
0x29ab	0x297d
0x29ad	0x297d
0x29ae	0x297d
0x29b0	0x297d
0x29b1	0x297d
0x29b5	0x297d
0x29bb	0x297d
0x29be	0x297d
0x29c1	0x297d
0x29c4	0x297d
0x29c8	0x297d
0x29cd	0x297d
0x29cf	0x297d
0x29d0	0x297d
0x29de	0x29dd
0x29e0	0x29dd
0x29e3	0x29dd
0x29e4	0x29dd
0x29e7	0x29dd
0x29e8	0x29dd
0x29e9	0x29dd
0x29ed	0x29ed
0x29ef	0x29ed
0x29f0	0x29ed
0x29f5	0x29ed
0x29f7	0x29ed
0x29fa	0x29ed
0x29fc	0x29ed
0x29fd	0x29ed
0x29ff	0x29ed
0x2a02	0x29ed
0x3560	0x355f
0x3562	0x355f
0x3564	0x355f
0x3566	0x355f
0x3567	0x355f
0x356a	0x355f
0x356b	0x355f
0x3570	0x355f
0x3572	0x355f
0x3575	0x355f
0x3578	0x355f
0x3579	0x355f
0x357a	0x355f
0x357c	0x355f
0x3580	0x3580
0x3582	0x3580
0x3583	0x3580
0x3587	0x3580
0x3589	0x3580
0x358c	0x3580
0x358e	0x3580
0x3591	0x3580
0x3593	0x3580
0x3595	0x3580
0x3598	0x3580
0x359a	0x3580
0x35bb	0x3580
0x35be	0x3580
0x35c0	0x3580
0x35c6	0x3580
0x35c8	0x3580
0x35c9	0x3580
0x35cc	0x3580
0x35ce	0x3580
0x35d0	0x3580
0x35d1	0x3580
0x36ef	0x36ee
0x36f1	0x36ee
0x36f8	0x36ee
0x36ff	0x36fc
0x3701	0x36fc
0x3703	0x36fc
0x3705	0x36fc
0x3706	0x36fc
0x3708	0x36fc
0x3709	0x36fc
0x370d	0x370d
0x370f	0x370d
0x3710	0x370d
0x3712	0x370d
0x3714	0x370d
0x3715	0x370d
0x3718	0x370d
0x371a	0x370d
0x371c	0x370d
0x371d	0x370d
0x371f	0x370d
0x3720	0x370d
0x3724	0x370d
0x3725	0x370d
0x3729	0x370d
0x372d	0x370d
0x372f	0x370d
0x3731	0x370d
0x3732	0x370d
0x3734	0x370d
0x3736	0x370d
0x373b	0x373a
0x373d	0x373a
0x373e	0x373a
0x3740	0x373a
0x3742	0x373a
0x3743	0x373a
0x3746	0x373a
0x3748	0x373a
0x374a	0x373a
0x374b	0x373a
0x374d	0x373a
0x374e	0x373a
0x3752	0x373a
0x3753	0x373a
0x3757	0x373a
0x375b	0x373a
0x375d	0x373a
0x375f	0x373a
0x3760	0x373a
0x3762	0x373a
0x3765	0x3763
0x376a	0x3769
0x376c	0x3769
0x376d	0x3769
0x376f	0x3769
0x3771	0x3769
0x3772	0x3769
0x3775	0x3769
0x3777	0x3769
0x3779	0x3769
0x377a	0x3769
0x377c	0x3769
0x377d	0x3769
0x3781	0x3769
0x3782	0x3769
0x3786	0x3769
0x378a	0x3769
0x378c	0x3769
0x378e	0x3769
0x378f	0x3769
0x3791	0x3769
0x380f	0x380e
0x3810	0x380e
0x3812	0x380e
0x3814	0x380e
0x3816	0x380e
0x3817	0x380e
0x3819	0x380e
0x381a	0x380e
0x381b	0x380e
0x381f	0x381f
0x3825	0x381f
0x382a	0x3829
0x382f	0x382e
0x3836	0x382e
0x3b79	0x3b78
0x3b7c	0x3b78
0x3b7d	0x3b78
0x3b7f	0x3b78
0x3b80	0x3b78
0x3b85	0x3b78
0x3b87	0x3b78
0x3b8a	0x3b78
0x3b8c	0x3b78
0x3b8e	0x3b78
0x3b90	0x3b78
0x3b91	0x3b78
0x3b92	0x3b78
0x3b93	0x3b78
0x3b96	0x3b78
0x3b9b	0x3b78
0x3b9e	0x3b78
0x3ba0	0x3b78
0x3ba2	0x3b78
0x3ba4	0x3b78
0x3ba5	0x3b78
0x3ba8	0x3b78
0x3baa	0x3b78
0x3bb0	0x3b78
0x3bb2	0x3b78
0x3bb3	0x3b78
0x3bb5	0x3b78
0x3bb7	0x3b78
0x3bba	0x3b78
0x3bbd	0x3b78
0x3bbe	0x3b78
0x3bbf	0x3b78
0x3bc1	0x3b78
0x3bc2	0x3b78
0x3bc6	0x3bc6
0x3bc7	0x3bc6
0x3bcb	0x3bc6
0x3bcc	0x3bc6
0x3bd4	0x3bcf
0x3bd6	0x3bcf
0x3bd7	0x3bcf
0x3bd8	0x3bcf
0x3bda	0x3bcf
0x3bdb	0x3bcf
0x3bde	0x3bcf
0x3bdf	0x3bcf
0x3be1	0x3bcf
0x3be3	0x3bcf
0x3be8	0x3bcf
0x3bea	0x3bcf
0x3bef	0x3bcf
0x3bf7	0x3bf3
0x3bf9	0x3bf3
0x3bfb	0x3bf3
0x3bfd	0x3bf3
0x3bfe	0x3bf3
0x3bff	0x3bf3
0x3c01	0x3bf3
0x3c03	0x3bf3
0x3c04	0x3bf3
0x3c05	0x3bf3
0x3c07	0x3bf3
0x3c09	0x3bf3
0x3c0b	0x3bf3
0x3c0c	0x3bf3
0x3c0d	0x3bf3
0x3c0e	0x3bf3
0x3c0f	0x3bf3
0x3c13	0x3c13
0x3c17	0x3c13
0x3c19	0x3c13
0x3c1a	0x3c13
0x3c1c	0x3c13
0x3c1e	0x3c13
0x3c1f	0x3c13
0x3c22	0x3c13
0x3c24	0x3c13
0x3c25	0x3c13
0x3c26	0x3c13
0x3c2c	0x3c2a
0x3c2e	0x3c2a
0x3c30	0x3c2a
0x3c32	0x3c2a
0x3c33	0x3c2a
0x3c34	0x3c2a
0x3c35	0x3c2a
0x3c3b	0x3c2a
0x3c3d	0x3c2a
0x3c3e	0x3c2a
0x3c40	0x3c2a
0x3c42	0x3c2a
0x3c43	0x3c2a
0x3c45	0x3c2a
0x3c47	0x3c2a
0x3c48	0x3c2a
0x3c4a	0x3c2a
0x3c4c	0x3c2a
0x3c4d	0x3c2a
0x3c4e	0x3c2a
0x3c50	0x3c2a
0x3c52	0x3c2a
0x3c57	0x3c2a
0x3c58	0x3c2a
0x3c5a	0x3c2a
0x3c5d	0x3c2a
0x3c5f	0x3c2a
0x3c60	0x3c2a
0x3c68	0x3c2a
0x3c6d	0x3c6c
0x3c6f	0x3c6c
0x3c71	0x3c6c
0x3c74	0x3c6c
0x3c76	0x3c6c
0x3c7a	0x3c6c
0x3c7b	0x3c6c
0x3c7d	0x3c6c
0x3c7e	0x3c6c
0x3c82	0x3c82
0x3c88	0x3c86
0x3c89	0x3c86
0x3c8a	0x3c86
0x3c8c	0x3c86
0x3c8d	0x3c86
0x3c91	0x3c91
0x3c92	0x3c91
0x3c96	0x3c91
0x3c97	0x3c91
0x3cd7	0x3cd6B0x464aB0x381f
0x3cd7	0x3cd6B0x3ca2B0x3c13
0x3cd7	0x3cd6B0x3ca2B0x382e
0x3cd7	0x3cd6B0x3ca2B0x2dfdB0x232fB0x137c
0x3cd7	0x3cd6B0x3ca2B0x3eeaB0x232fB0x137c
0x3cd7	0x3cd6B0x464aB0x40c3B0x232fB0x137c
0x3cd7	0x3cd6B0x3ca2B0x2dfdB0x232fB0x15e2
0x3cd7	0x3cd6B0x3ca2B0x3eeaB0x232fB0x15e2
0x3cd7	0x3cd6B0x464aB0x40c3B0x232fB0x15e2
0x3cda	0x3cd6B0x464aB0x381f
0x3cda	0x3cd6B0x3ca2B0x3c13
0x3cda	0x3cd6B0x3ca2B0x382e
0x3cda	0x3cd6B0x3ca2B0x2dfdB0x232fB0x137c
0x3cda	0x3cd6B0x3ca2B0x3eeaB0x232fB0x137c
0x3cda	0x3cd6B0x464aB0x40c3B0x232fB0x137c
0x3cda	0x3cd6B0x3ca2B0x2dfdB0x232fB0x15e2
0x3cda	0x3cd6B0x3ca2B0x3eeaB0x232fB0x15e2
0x3cda	0x3cd6B0x464aB0x40c3B0x232fB0x15e2
0x3cdb	0x3cd6B0x464aB0x381f
0x3cdb	0x3cd6B0x3ca2B0x3c13
0x3cdb	0x3cd6B0x3ca2B0x382e
0x3cdb	0x3cd6B0x3ca2B0x2dfdB0x232fB0x137c
0x3cdb	0x3cd6B0x3ca2B0x3eeaB0x232fB0x137c
0x3cdb	0x3cd6B0x464aB0x40c3B0x232fB0x137c
0x3cdb	0x3cd6B0x3ca2B0x2dfdB0x232fB0x15e2
0x3cdb	0x3cd6B0x3ca2B0x3eeaB0x232fB0x15e2
0x3cdb	0x3cd6B0x464aB0x40c3B0x232fB0x15e2
0x3cdd	0x3cd6B0x464aB0x381f
0x3cdd	0x3cd6B0x3ca2B0x3c13
0x3cdd	0x3cd6B0x3ca2B0x382e
0x3cdd	0x3cd6B0x3ca2B0x2dfdB0x232fB0x137c
0x3cdd	0x3cd6B0x3ca2B0x3eeaB0x232fB0x137c
0x3cdd	0x3cd6B0x464aB0x40c3B0x232fB0x137c
0x3cdd	0x3cd6B0x3ca2B0x2dfdB0x232fB0x15e2
0x3cdd	0x3cd6B0x3ca2B0x3eeaB0x232fB0x15e2
0x3cdd	0x3cd6B0x464aB0x40c3B0x232fB0x15e2
0x3ce0	0x3cd6B0x464aB0x381f
0x3ce0	0x3cd6B0x3ca2B0x3c13
0x3ce0	0x3cd6B0x3ca2B0x382e
0x3ce0	0x3cd6B0x3ca2B0x2dfdB0x232fB0x137c
0x3ce0	0x3cd6B0x3ca2B0x3eeaB0x232fB0x137c
0x3ce0	0x3cd6B0x464aB0x40c3B0x232fB0x137c
0x3ce0	0x3cd6B0x3ca2B0x2dfdB0x232fB0x15e2
0x3ce0	0x3cd6B0x3ca2B0x3eeaB0x232fB0x15e2
0x3ce0	0x3cd6B0x464aB0x40c3B0x232fB0x15e2
0x3ce1	0x3cd6B0x464aB0x381f
0x3ce1	0x3cd6B0x3ca2B0x3c13
0x3ce1	0x3cd6B0x3ca2B0x382e
0x3ce1	0x3cd6B0x3ca2B0x2dfdB0x232fB0x137c
0x3ce1	0x3cd6B0x3ca2B0x3eeaB0x232fB0x137c
0x3ce1	0x3cd6B0x464aB0x40c3B0x232fB0x137c
0x3ce1	0x3cd6B0x3ca2B0x2dfdB0x232fB0x15e2
0x3ce1	0x3cd6B0x3ca2B0x3eeaB0x232fB0x15e2
0x3ce1	0x3cd6B0x464aB0x40c3B0x232fB0x15e2
0x3ce7	0x3cd6B0x464aB0x381f
0x3ce7	0x3cd6B0x3ca2B0x3c13
0x3ce7	0x3cd6B0x3ca2B0x382e
0x3ce7	0x3cd6B0x3ca2B0x2dfdB0x232fB0x137c
0x3ce7	0x3cd6B0x3ca2B0x3eeaB0x232fB0x137c
0x3ce7	0x3cd6B0x464aB0x40c3B0x232fB0x137c
0x3ce7	0x3cd6B0x3ca2B0x2dfdB0x232fB0x15e2
0x3ce7	0x3cd6B0x3ca2B0x3eeaB0x232fB0x15e2
0x3ce7	0x3cd6B0x464aB0x40c3B0x232fB0x15e2
0x3cea	0x3cd6B0x464aB0x381f
0x3cea	0x3cd6B0x3ca2B0x3c13
0x3cea	0x3cd6B0x3ca2B0x382e
0x3cea	0x3cd6B0x3ca2B0x2dfdB0x232fB0x137c
0x3cea	0x3cd6B0x3ca2B0x3eeaB0x232fB0x137c
0x3cea	0x3cd6B0x464aB0x40c3B0x232fB0x137c
0x3cea	0x3cd6B0x3ca2B0x2dfdB0x232fB0x15e2
0x3cea	0x3cd6B0x3ca2B0x3eeaB0x232fB0x15e2
0x3cea	0x3cd6B0x464aB0x40c3B0x232fB0x15e2
0x3cec	0x3cd6B0x464aB0x381f
0x3cec	0x3cd6B0x3ca2B0x3c13
0x3cec	0x3cd6B0x3ca2B0x382e
0x3cec	0x3cd6B0x3ca2B0x2dfdB0x232fB0x137c
0x3cec	0x3cd6B0x3ca2B0x3eeaB0x232fB0x137c
0x3cec	0x3cd6B0x464aB0x40c3B0x232fB0x137c
0x3cec	0x3cd6B0x3ca2B0x2dfdB0x232fB0x15e2
0x3cec	0x3cd6B0x3ca2B0x3eeaB0x232fB0x15e2
0x3cec	0x3cd6B0x464aB0x40c3B0x232fB0x15e2
0x3ced	0x3cd6B0x464aB0x381f
0x3ced	0x3cd6B0x3ca2B0x3c13
0x3ced	0x3cd6B0x3ca2B0x382e
0x3ced	0x3cd6B0x3ca2B0x2dfdB0x232fB0x137c
0x3ced	0x3cd6B0x3ca2B0x3eeaB0x232fB0x137c
0x3ced	0x3cd6B0x464aB0x40c3B0x232fB0x137c
0x3ced	0x3cd6B0x3ca2B0x2dfdB0x232fB0x15e2
0x3ced	0x3cd6B0x3ca2B0x3eeaB0x232fB0x15e2
0x3ced	0x3cd6B0x464aB0x40c3B0x232fB0x15e2
0x3cef	0x3cd6B0x464aB0x381f
0x3cef	0x3cd6B0x3ca2B0x3c13
0x3cef	0x3cd6B0x3ca2B0x382e
0x3cef	0x3cd6B0x3ca2B0x2dfdB0x232fB0x137c
0x3cef	0x3cd6B0x3ca2B0x3eeaB0x232fB0x137c
0x3cef	0x3cd6B0x464aB0x40c3B0x232fB0x137c
0x3cef	0x3cd6B0x3ca2B0x2dfdB0x232fB0x15e2
0x3cef	0x3cd6B0x3ca2B0x3eeaB0x232fB0x15e2
0x3cef	0x3cd6B0x464aB0x40c3B0x232fB0x15e2
0x3cf1	0x3cd6B0x464aB0x381f
0x3cf1	0x3cd6B0x3ca2B0x3c13
0x3cf1	0x3cd6B0x3ca2B0x382e
0x3cf1	0x3cd6B0x3ca2B0x2dfdB0x232fB0x137c
0x3cf1	0x3cd6B0x3ca2B0x3eeaB0x232fB0x137c
0x3cf1	0x3cd6B0x464aB0x40c3B0x232fB0x137c
0x3cf1	0x3cd6B0x3ca2B0x2dfdB0x232fB0x15e2
0x3cf1	0x3cd6B0x3ca2B0x3eeaB0x232fB0x15e2
0x3cf1	0x3cd6B0x464aB0x40c3B0x232fB0x15e2
0x3cf3	0x3cd6B0x464aB0x381f
0x3cf3	0x3cd6B0x3ca2B0x3c13
0x3cf3	0x3cd6B0x3ca2B0x382e
0x3cf3	0x3cd6B0x3ca2B0x2dfdB0x232fB0x137c
0x3cf3	0x3cd6B0x3ca2B0x3eeaB0x232fB0x137c
0x3cf3	0x3cd6B0x464aB0x40c3B0x232fB0x137c
0x3cf3	0x3cd6B0x3ca2B0x2dfdB0x232fB0x15e2
0x3cf3	0x3cd6B0x3ca2B0x3eeaB0x232fB0x15e2
0x3cf3	0x3cd6B0x464aB0x40c3B0x232fB0x15e2
0x3cf4	0x3cd6B0x464aB0x381f
0x3cf4	0x3cd6B0x3ca2B0x3c13
0x3cf4	0x3cd6B0x3ca2B0x382e
0x3cf4	0x3cd6B0x3ca2B0x2dfdB0x232fB0x137c
0x3cf4	0x3cd6B0x3ca2B0x3eeaB0x232fB0x137c
0x3cf4	0x3cd6B0x464aB0x40c3B0x232fB0x137c
0x3cf4	0x3cd6B0x3ca2B0x2dfdB0x232fB0x15e2
0x3cf4	0x3cd6B0x3ca2B0x3eeaB0x232fB0x15e2
0x3cf4	0x3cd6B0x464aB0x40c3B0x232fB0x15e2
0x3cf5	0x3cd6B0x464aB0x381f
0x3cf5	0x3cd6B0x3ca2B0x3c13
0x3cf5	0x3cd6B0x3ca2B0x382e
0x3cf5	0x3cd6B0x3ca2B0x2dfdB0x232fB0x137c
0x3cf5	0x3cd6B0x3ca2B0x3eeaB0x232fB0x137c
0x3cf5	0x3cd6B0x464aB0x40c3B0x232fB0x137c
0x3cf5	0x3cd6B0x3ca2B0x2dfdB0x232fB0x15e2
0x3cf5	0x3cd6B0x3ca2B0x3eeaB0x232fB0x15e2
0x3cf5	0x3cd6B0x464aB0x40c3B0x232fB0x15e2
0x3cf6	0x3cd6B0x464aB0x381f
0x3cf6	0x3cd6B0x3ca2B0x3c13
0x3cf6	0x3cd6B0x3ca2B0x382e
0x3cf6	0x3cd6B0x3ca2B0x2dfdB0x232fB0x137c
0x3cf6	0x3cd6B0x3ca2B0x3eeaB0x232fB0x137c
0x3cf6	0x3cd6B0x464aB0x40c3B0x232fB0x137c
0x3cf6	0x3cd6B0x3ca2B0x2dfdB0x232fB0x15e2
0x3cf6	0x3cd6B0x3ca2B0x3eeaB0x232fB0x15e2
0x3cf6	0x3cd6B0x464aB0x40c3B0x232fB0x15e2
0x3cf8	0x3cd6B0x464aB0x381f
0x3cf8	0x3cd6B0x3ca2B0x3c13
0x3cf8	0x3cd6B0x3ca2B0x382e
0x3cf8	0x3cd6B0x3ca2B0x2dfdB0x232fB0x137c
0x3cf8	0x3cd6B0x3ca2B0x3eeaB0x232fB0x137c
0x3cf8	0x3cd6B0x464aB0x40c3B0x232fB0x137c
0x3cf8	0x3cd6B0x3ca2B0x2dfdB0x232fB0x15e2
0x3cf8	0x3cd6B0x3ca2B0x3eeaB0x232fB0x15e2
0x3cf8	0x3cd6B0x464aB0x40c3B0x232fB0x15e2
0x3cfa	0x3cd6B0x464aB0x381f
0x3cfa	0x3cd6B0x3ca2B0x3c13
0x3cfa	0x3cd6B0x3ca2B0x382e
0x3cfa	0x3cd6B0x3ca2B0x2dfdB0x232fB0x137c
0x3cfa	0x3cd6B0x3ca2B0x3eeaB0x232fB0x137c
0x3cfa	0x3cd6B0x464aB0x40c3B0x232fB0x137c
0x3cfa	0x3cd6B0x3ca2B0x2dfdB0x232fB0x15e2
0x3cfa	0x3cd6B0x3ca2B0x3eeaB0x232fB0x15e2
0x3cfa	0x3cd6B0x464aB0x40c3B0x232fB0x15e2
0x3cfc	0x3cd6B0x464aB0x381f
0x3cfc	0x3cd6B0x3ca2B0x3c13
0x3cfc	0x3cd6B0x3ca2B0x382e
0x3cfc	0x3cd6B0x3ca2B0x2dfdB0x232fB0x137c
0x3cfc	0x3cd6B0x3ca2B0x3eeaB0x232fB0x137c
0x3cfc	0x3cd6B0x464aB0x40c3B0x232fB0x137c
0x3cfc	0x3cd6B0x3ca2B0x2dfdB0x232fB0x15e2
0x3cfc	0x3cd6B0x3ca2B0x3eeaB0x232fB0x15e2
0x3cfc	0x3cd6B0x464aB0x40c3B0x232fB0x15e2
0x3cfd	0x3cd6B0x464aB0x381f
0x3cfd	0x3cd6B0x3ca2B0x3c13
0x3cfd	0x3cd6B0x3ca2B0x382e
0x3cfd	0x3cd6B0x3ca2B0x2dfdB0x232fB0x137c
0x3cfd	0x3cd6B0x3ca2B0x3eeaB0x232fB0x137c
0x3cfd	0x3cd6B0x464aB0x40c3B0x232fB0x137c
0x3cfd	0x3cd6B0x3ca2B0x2dfdB0x232fB0x15e2
0x3cfd	0x3cd6B0x3ca2B0x3eeaB0x232fB0x15e2
0x3cfd	0x3cd6B0x464aB0x40c3B0x232fB0x15e2
0x3cfe	0x3cd6B0x464aB0x381f
0x3cfe	0x3cd6B0x3ca2B0x3c13
0x3cfe	0x3cd6B0x3ca2B0x382e
0x3cfe	0x3cd6B0x3ca2B0x2dfdB0x232fB0x137c
0x3cfe	0x3cd6B0x3ca2B0x3eeaB0x232fB0x137c
0x3cfe	0x3cd6B0x464aB0x40c3B0x232fB0x137c
0x3cfe	0x3cd6B0x3ca2B0x2dfdB0x232fB0x15e2
0x3cfe	0x3cd6B0x3ca2B0x3eeaB0x232fB0x15e2
0x3cfe	0x3cd6B0x464aB0x40c3B0x232fB0x15e2
0x3d01	0x3cd6B0x464aB0x381f
0x3d01	0x3cd6B0x3ca2B0x3c13
0x3d01	0x3cd6B0x3ca2B0x382e
0x3d01	0x3cd6B0x3ca2B0x2dfdB0x232fB0x137c
0x3d01	0x3cd6B0x3ca2B0x3eeaB0x232fB0x137c
0x3d01	0x3cd6B0x464aB0x40c3B0x232fB0x137c
0x3d01	0x3cd6B0x3ca2B0x2dfdB0x232fB0x15e2
0x3d01	0x3cd6B0x3ca2B0x3eeaB0x232fB0x15e2
0x3d01	0x3cd6B0x464aB0x40c3B0x232fB0x15e2
0x3d05	0x3cd6B0x464aB0x381f
0x3d05	0x3cd6B0x3ca2B0x3c13
0x3d05	0x3cd6B0x3ca2B0x382e
0x3d05	0x3cd6B0x3ca2B0x2dfdB0x232fB0x137c
0x3d05	0x3cd6B0x3ca2B0x3eeaB0x232fB0x137c
0x3d05	0x3cd6B0x464aB0x40c3B0x232fB0x137c
0x3d05	0x3cd6B0x3ca2B0x2dfdB0x232fB0x15e2
0x3d05	0x3cd6B0x3ca2B0x3eeaB0x232fB0x15e2
0x3d05	0x3cd6B0x464aB0x40c3B0x232fB0x15e2
0x3d09	0x3cd6B0x464aB0x381f
0x3d09	0x3cd6B0x3ca2B0x3c13
0x3d09	0x3cd6B0x3ca2B0x382e
0x3d09	0x3cd6B0x3ca2B0x2dfdB0x232fB0x137c
0x3d09	0x3cd6B0x3ca2B0x3eeaB0x232fB0x137c
0x3d09	0x3cd6B0x464aB0x40c3B0x232fB0x137c
0x3d09	0x3cd6B0x3ca2B0x2dfdB0x232fB0x15e2
0x3d09	0x3cd6B0x3ca2B0x3eeaB0x232fB0x15e2
0x3d09	0x3cd6B0x464aB0x40c3B0x232fB0x15e2
0x3d0e	0x3d0d
0x3d11	0x3d0d
0x3d12	0x3d0d
0x3d14	0x3d0d
0x3d15	0x3d0d
0x3d1a	0x3d0d
0x3d1c	0x3d0d
0x3d1f	0x3d0d
0x3d21	0x3d0d
0x3d23	0x3d0d
0x3d25	0x3d0d
0x3d26	0x3d0d
0x3d27	0x3d0d
0x3d28	0x3d0d
0x3d2b	0x3d0d
0x3d30	0x3d0d
0x3d35	0x3d0d
0x3d37	0x3d0d
0x3d39	0x3d0d
0x3d3b	0x3d0d
0x3d3c	0x3d0d
0x3d3d	0x3d0d
0x3d3f	0x3d0d
0x3d45	0x3d0d
0x3d47	0x3d0d
0x3d48	0x3d0d
0x3d4a	0x3d0d
0x3d4c	0x3d0d
0x3d4f	0x3d0d
0x3d52	0x3d0d
0x3d53	0x3d0d
0x3d54	0x3d0d
0x3d56	0x3d0d
0x3d57	0x3d0d
0x3d5b	0x3d5b
0x3d5c	0x3d5b
0x3d60	0x3d5b
0x3d61	0x3d5b
0x3d69	0x3d64
0x3d6b	0x3d64
0x3d6c	0x3d64
0x3d6d	0x3d64
0x3d6f	0x3d64
0x3d70	0x3d64
0x3d73	0x3d64
0x3d74	0x3d64
0x3d76	0x3d64
0x3d78	0x3d64
0x3d7d	0x3d64
0x3d7f	0x3d64
0x3d84	0x3d64
0x3d8a	0x3d88
0x3d8b	0x3d88
0x3d8e	0x3d88
0x3d8f	0x3d88
0x3d90	0x3d88
0x3d94	0x3d88
0x3d95	0x3d88
0x3d96	0x3d88
0x3d99	0x3d88
0x3d9a	0x3d88
0x3d9b	0x3d88
0x3d9e	0x3d88
0x3d9f	0x3d88
0x3da1	0x3d88
0x3da2	0x3d88
0x3da7	0x3d88
0x3da9	0x3d88
0x3daf	0x3d88
0x3db1	0x3d88
0x3db3	0x3d88
0x3db5	0x3d88
0x3db6	0x3d88
0x3db8	0x3d88
0x3dba	0x3d88
0x3dc0	0x3d88
0x3dca	0x3d88
0x3dcc	0x3d88
0x3dcd	0x3d88
0x3e15	0x3e14
0x3e18	0x3e14
0x3e19	0x3e14
0x3e1b	0x3e14
0x3e1c	0x3e14
0x3e21	0x3e14
0x3e23	0x3e14
0x3e26	0x3e14
0x3e28	0x3e14
0x3e2a	0x3e14
0x3e2c	0x3e14
0x3e2d	0x3e14
0x3e2e	0x3e14
0x3e2f	0x3e14
0x3e32	0x3e14
0x3e37	0x3e14
0x3e3c	0x3e14
0x3e3e	0x3e14
0x3e40	0x3e14
0x3e42	0x3e14
0x3e43	0x3e14
0x3e44	0x3e14
0x3e46	0x3e14
0x3e4c	0x3e14
0x3e4e	0x3e14
0x3e4f	0x3e14
0x3e51	0x3e14
0x3e53	0x3e14
0x3e56	0x3e14
0x3e59	0x3e14
0x3e5a	0x3e14
0x3e5b	0x3e14
0x3e5d	0x3e14
0x3e5e	0x3e14
0x3e62	0x3e62
0x3e63	0x3e62
0x3e67	0x3e62
0x3e68	0x3e62
0x3e70	0x3e6b
0x3e72	0x3e6b
0x3e73	0x3e6b
0x3e74	0x3e6b
0x3e76	0x3e6b
0x3e77	0x3e6b
0x3e7a	0x3e6b
0x3e7b	0x3e6b
0x3e7d	0x3e6b
0x3e7f	0x3e6b
0x3e84	0x3e6b
0x3e86	0x3e6b
0x3e8b	0x3e6b
0x3e91	0x3e8f
0x3e92	0x3e8f
0x3e95	0x3e8f
0x3e96	0x3e8f
0x3e97	0x3e8f
0x3e9b	0x3e8f
0x3e9c	0x3e8f
0x3e9d	0x3e8f
0x3ea0	0x3e8f
0x3ea1	0x3e8f
0x3ea3	0x3e8f
0x3ea4	0x3e8f
0x3ea9	0x3e8f
0x3eab	0x3e8f
0x3eb1	0x3e8f
0x3eb3	0x3e8f
0x3eb5	0x3e8f
0x3eb7	0x3e8f
0x3eb8	0x3e8f
0x3eba	0x3e8f
0x3ebc	0x3e8f
0x3ec2	0x3e8f
0x3ecb	0x3e8f
0x3ecd	0x3e8f
0x3ece	0x3e8f
0x40e8	0x40e7
0x40eb	0x40e7
0x40ec	0x40e7
0x40ed	0x40e7
0x40ef	0x40e7
0x40f0	0x40e7
0x40f3	0x40e7
0x40f5	0x40e7
0x40f7	0x40e7
0x40f9	0x40e7
0x40fa	0x40e7
0x40fd	0x40e7
0x40ff	0x40e7
0x4100	0x40e7
0x4101	0x40e7
0x4105	0x4105
0x4107	0x4105
0x4108	0x4105
0x410c	0x4105
0x410e	0x4105
0x4111	0x4105
0x4113	0x4105
0x4116	0x4105
0x4118	0x4105
0x411a	0x4105
0x411d	0x4105
0x411f	0x4105
0x4140	0x4105
0x4143	0x4105
0x4145	0x4105
0x4147	0x4105
0x4148	0x4105
0x414d	0x414c
0x4150	0x414c
0x4151	0x414c
0x4153	0x414c
0x4154	0x414c
0x4159	0x414c
0x415b	0x414c
0x415e	0x414c
0x4160	0x414c
0x4162	0x414c
0x4164	0x414c
0x4165	0x414c
0x4166	0x414c
0x4167	0x414c
0x416a	0x414c
0x416f	0x414c
0x4172	0x414c
0x4174	0x414c
0x4176	0x414c
0x4178	0x414c
0x4179	0x414c
0x417c	0x414c
0x417e	0x414c
0x4184	0x414c
0x4186	0x414c
0x4187	0x414c
0x4189	0x414c
0x418b	0x414c
0x418e	0x414c
0x4191	0x414c
0x4192	0x414c
0x4193	0x414c
0x4195	0x414c
0x4196	0x414c
0x419a	0x419a
0x419b	0x419a
0x419f	0x419a
0x41a0	0x419a
0x41a8	0x41a3
0x41aa	0x41a3
0x41ab	0x41a3
0x41ac	0x41a3
0x41ae	0x41a3
0x41af	0x41a3
0x41b2	0x41a3
0x41b3	0x41a3
0x41b5	0x41a3
0x41b7	0x41a3
0x41bc	0x41a3
0x41be	0x41a3
0x41c3	0x41a3
0x41c9	0x41c7
0x41ca	0x41c7
0x41cd	0x41c7
0x41ce	0x41c7
0x41cf	0x41c7
0x41d3	0x41c7
0x41d4	0x41c7
0x41d5	0x41c7
0x41d8	0x41c7
0x41d9	0x41c7
0x41db	0x41c7
0x41dc	0x41c7
0x41e1	0x41c7
0x41e3	0x41c7
0x41e9	0x41c7
0x41eb	0x41c7
0x41ed	0x41c7
0x41ef	0x41c7
0x41f0	0x41c7
0x41f2	0x41c7
0x41f4	0x41c7
0x41fa	0x41c7
0x4203	0x41c7
0x4205	0x41c7
0x4206	0x41c7
0x420b	0x420a
0x420e	0x420a
0x420f	0x420a
0x4210	0x420a
0x4212	0x420a
0x4213	0x420a
0x4216	0x420a
0x4218	0x420a
0x421a	0x420a
0x421c	0x420a
0x421d	0x420a
0x4220	0x420a
0x4222	0x420a
0x4223	0x420a
0x4224	0x420a
0x4228	0x4228
0x422a	0x4228
0x422b	0x4228
0x422f	0x4228
0x4231	0x4228
0x4234	0x4228
0x4236	0x4228
0x4239	0x4228
0x423b	0x4228
0x423d	0x4228
0x4240	0x4228
0x4242	0x4228
0x4263	0x4228
0x4266	0x4228
0x4268	0x4228
0x426a	0x4228
0x426b	0x4228
0x4270	0x426f
0x4273	0x426f
0x4274	0x426f
0x4276	0x426f
0x4277	0x426f
0x427c	0x426f
0x427e	0x426f
0x4281	0x426f
0x4283	0x426f
0x4285	0x426f
0x4287	0x426f
0x4288	0x426f
0x4289	0x426f
0x428a	0x426f
0x428d	0x426f
0x4292	0x426f
0x4295	0x426f
0x4297	0x426f
0x4299	0x426f
0x429b	0x426f
0x429c	0x426f
0x429f	0x426f
0x42a1	0x426f
0x42a7	0x426f
0x42a9	0x426f
0x42aa	0x426f
0x42ac	0x426f
0x42ae	0x426f
0x42b1	0x426f
0x42b4	0x426f
0x42b5	0x426f
0x42b6	0x426f
0x42b8	0x426f
0x42b9	0x426f
0x42bd	0x42bd
0x42be	0x42bd
0x42c2	0x42bd
0x42c3	0x42bd
0x42cb	0x42c6
0x42cd	0x42c6
0x42ce	0x42c6
0x42cf	0x42c6
0x42d1	0x42c6
0x42d2	0x42c6
0x42d5	0x42c6
0x42d6	0x42c6
0x42d8	0x42c6
0x42da	0x42c6
0x42df	0x42c6
0x42e1	0x42c6
0x42e6	0x42c6
0x42eb	0x42ea
0x42ee	0x42ea
0x42ef	0x42ea
0x42f1	0x42ea
0x42f2	0x42ea
0x42f4	0x42ea
0x42f5	0x42ea
0x42fa	0x42ea
0x42fc	0x42ea
0x42ff	0x42ea
0x4301	0x42ea
0x4303	0x42ea
0x4305	0x42ea
0x4306	0x42ea
0x4309	0x42ea
0x430a	0x42ea
0x430d	0x42ea
0x430f	0x42ea
0x4311	0x42ea
0x4313	0x42ea
0x4315	0x42ea
0x4316	0x42ea
0x4319	0x42ea
0x431a	0x42ea
0x431d	0x42ea
0x4324	0x42ea
0x4326	0x42ea
0x432c	0x42ea
0x432e	0x42ea
0x432f	0x42ea
0x4331	0x42ea
0x4333	0x42ea
0x4336	0x42ea
0x4339	0x42ea
0x433a	0x42ea
0x433b	0x42ea
0x433d	0x42ea
0x433e	0x42ea
0x4342	0x4342
0x4343	0x4342
0x4347	0x4342
0x4348	0x4342
0x4350	0x434b
0x4352	0x434b
0x4353	0x434b
0x4354	0x434b
0x4356	0x434b
0x4357	0x434b
0x435a	0x434b
0x435b	0x434b
0x435d	0x434b
0x435f	0x434b
0x4364	0x434b
0x4366	0x434b
0x436b	0x434b
0x4370	0x436f
0x4372	0x436f
0x4374	0x436f
0x4376	0x436f
0x4377	0x436f
0x437a	0x436f
0x437e	0x436f
0x4381	0x436f
0x4382	0x436f
0x4383	0x436f
0x4387	0x436f
0x4388	0x436f
0x4389	0x436f
0x438c	0x436f
0x438d	0x436f
0x438f	0x436f
0x4390	0x436f
0x4395	0x436f
0x4397	0x436f
0x439c	0x436f
0x439e	0x436f
0x43a4	0x436f
0x43ad	0x436f
0x43af	0x436f
0x43b0	0x436f
0x467b	0x467aB0x464aB0x381f
0x467b	0x467aB0x3ca2B0x3c13
0x467b	0x467aB0x3ca2B0x382e
0x467b	0x467aB0x3ca2B0x2dfdB0x232fB0x137c
0x467b	0x467aB0x3ca2B0x3eeaB0x232fB0x137c
0x467b	0x467aB0x464aB0x40c3B0x232fB0x137c
0x467b	0x467aB0x3ca2B0x2dfdB0x232fB0x15e2
0x467b	0x467aB0x3ca2B0x3eeaB0x232fB0x15e2
0x467b	0x467aB0x464aB0x40c3B0x232fB0x15e2
0x467d	0x467aB0x464aB0x381f
0x467d	0x467aB0x3ca2B0x3c13
0x467d	0x467aB0x3ca2B0x382e
0x467d	0x467aB0x3ca2B0x2dfdB0x232fB0x137c
0x467d	0x467aB0x3ca2B0x3eeaB0x232fB0x137c
0x467d	0x467aB0x464aB0x40c3B0x232fB0x137c
0x467d	0x467aB0x3ca2B0x2dfdB0x232fB0x15e2
0x467d	0x467aB0x3ca2B0x3eeaB0x232fB0x15e2
0x467d	0x467aB0x464aB0x40c3B0x232fB0x15e2
0x4681	0x467aB0x464aB0x381f
0x4681	0x467aB0x3ca2B0x3c13
0x4681	0x467aB0x3ca2B0x382e
0x4681	0x467aB0x3ca2B0x2dfdB0x232fB0x137c
0x4681	0x467aB0x3ca2B0x3eeaB0x232fB0x137c
0x4681	0x467aB0x464aB0x40c3B0x232fB0x137c
0x4681	0x467aB0x3ca2B0x2dfdB0x232fB0x15e2
0x4681	0x467aB0x3ca2B0x3eeaB0x232fB0x15e2
0x4681	0x467aB0x464aB0x40c3B0x232fB0x15e2
0x4683	0x467aB0x464aB0x381f
0x4683	0x467aB0x3ca2B0x3c13
0x4683	0x467aB0x3ca2B0x382e
0x4683	0x467aB0x3ca2B0x2dfdB0x232fB0x137c
0x4683	0x467aB0x3ca2B0x3eeaB0x232fB0x137c
0x4683	0x467aB0x464aB0x40c3B0x232fB0x137c
0x4683	0x467aB0x3ca2B0x2dfdB0x232fB0x15e2
0x4683	0x467aB0x3ca2B0x3eeaB0x232fB0x15e2
0x4683	0x467aB0x464aB0x40c3B0x232fB0x15e2
0x4685	0x467aB0x464aB0x381f
0x4685	0x467aB0x3ca2B0x3c13
0x4685	0x467aB0x3ca2B0x382e
0x4685	0x467aB0x3ca2B0x2dfdB0x232fB0x137c
0x4685	0x467aB0x3ca2B0x3eeaB0x232fB0x137c
0x4685	0x467aB0x464aB0x40c3B0x232fB0x137c
0x4685	0x467aB0x3ca2B0x2dfdB0x232fB0x15e2
0x4685	0x467aB0x3ca2B0x3eeaB0x232fB0x15e2
0x4685	0x467aB0x464aB0x40c3B0x232fB0x15e2
0x4687	0x467aB0x464aB0x381f
0x4687	0x467aB0x3ca2B0x3c13
0x4687	0x467aB0x3ca2B0x382e
0x4687	0x467aB0x3ca2B0x2dfdB0x232fB0x137c
0x4687	0x467aB0x3ca2B0x3eeaB0x232fB0x137c
0x4687	0x467aB0x464aB0x40c3B0x232fB0x137c
0x4687	0x467aB0x3ca2B0x2dfdB0x232fB0x15e2
0x4687	0x467aB0x3ca2B0x3eeaB0x232fB0x15e2
0x4687	0x467aB0x464aB0x40c3B0x232fB0x15e2
0x4688	0x467aB0x464aB0x381f
0x4688	0x467aB0x3ca2B0x3c13
0x4688	0x467aB0x3ca2B0x382e
0x4688	0x467aB0x3ca2B0x2dfdB0x232fB0x137c
0x4688	0x467aB0x3ca2B0x3eeaB0x232fB0x137c
0x4688	0x467aB0x464aB0x40c3B0x232fB0x137c
0x4688	0x467aB0x3ca2B0x2dfdB0x232fB0x15e2
0x4688	0x467aB0x3ca2B0x3eeaB0x232fB0x15e2
0x4688	0x467aB0x464aB0x40c3B0x232fB0x15e2
0x468c	0x467aB0x464aB0x381f
0x468c	0x467aB0x3ca2B0x3c13
0x468c	0x467aB0x3ca2B0x382e
0x468c	0x467aB0x3ca2B0x2dfdB0x232fB0x137c
0x468c	0x467aB0x3ca2B0x3eeaB0x232fB0x137c
0x468c	0x467aB0x464aB0x40c3B0x232fB0x137c
0x468c	0x467aB0x3ca2B0x2dfdB0x232fB0x15e2
0x468c	0x467aB0x3ca2B0x3eeaB0x232fB0x15e2
0x468c	0x467aB0x464aB0x40c3B0x232fB0x15e2
0x4690	0x467aB0x464aB0x381f
0x4690	0x467aB0x3ca2B0x3c13
0x4690	0x467aB0x3ca2B0x382e
0x4690	0x467aB0x3ca2B0x2dfdB0x232fB0x137c
0x4690	0x467aB0x3ca2B0x3eeaB0x232fB0x137c
0x4690	0x467aB0x464aB0x40c3B0x232fB0x137c
0x4690	0x467aB0x3ca2B0x2dfdB0x232fB0x15e2
0x4690	0x467aB0x3ca2B0x3eeaB0x232fB0x15e2
0x4690	0x467aB0x464aB0x40c3B0x232fB0x15e2
0x4692	0x467aB0x464aB0x381f
0x4692	0x467aB0x3ca2B0x3c13
0x4692	0x467aB0x3ca2B0x382e
0x4692	0x467aB0x3ca2B0x2dfdB0x232fB0x137c
0x4692	0x467aB0x3ca2B0x3eeaB0x232fB0x137c
0x4692	0x467aB0x464aB0x40c3B0x232fB0x137c
0x4692	0x467aB0x3ca2B0x2dfdB0x232fB0x15e2
0x4692	0x467aB0x3ca2B0x3eeaB0x232fB0x15e2
0x4692	0x467aB0x464aB0x40c3B0x232fB0x15e2
0x4693	0x467aB0x464aB0x381f
0x4693	0x467aB0x3ca2B0x3c13
0x4693	0x467aB0x3ca2B0x382e
0x4693	0x467aB0x3ca2B0x2dfdB0x232fB0x137c
0x4693	0x467aB0x3ca2B0x3eeaB0x232fB0x137c
0x4693	0x467aB0x464aB0x40c3B0x232fB0x137c
0x4693	0x467aB0x3ca2B0x2dfdB0x232fB0x15e2
0x4693	0x467aB0x3ca2B0x3eeaB0x232fB0x15e2
0x4693	0x467aB0x464aB0x40c3B0x232fB0x15e2
0x46b8	0x467aB0x464aB0x381f
0x46b8	0x467aB0x3ca2B0x3c13
0x46b8	0x467aB0x3ca2B0x382e
0x46b8	0x467aB0x3ca2B0x2dfdB0x232fB0x137c
0x46b8	0x467aB0x3ca2B0x3eeaB0x232fB0x137c
0x46b8	0x467aB0x464aB0x40c3B0x232fB0x137c
0x46b8	0x467aB0x3ca2B0x2dfdB0x232fB0x15e2
0x46b8	0x467aB0x3ca2B0x3eeaB0x232fB0x15e2
0x46b8	0x467aB0x464aB0x40c3B0x232fB0x15e2
0x46ba	0x467aB0x464aB0x381f
0x46ba	0x467aB0x3ca2B0x3c13
0x46ba	0x467aB0x3ca2B0x382e
0x46ba	0x467aB0x3ca2B0x2dfdB0x232fB0x137c
0x46ba	0x467aB0x3ca2B0x3eeaB0x232fB0x137c
0x46ba	0x467aB0x464aB0x40c3B0x232fB0x137c
0x46ba	0x467aB0x3ca2B0x2dfdB0x232fB0x15e2
0x46ba	0x467aB0x3ca2B0x3eeaB0x232fB0x15e2
0x46ba	0x467aB0x464aB0x40c3B0x232fB0x15e2
0x46bc	0x467aB0x464aB0x381f
0x46bc	0x467aB0x3ca2B0x3c13
0x46bc	0x467aB0x3ca2B0x382e
0x46bc	0x467aB0x3ca2B0x2dfdB0x232fB0x137c
0x46bc	0x467aB0x3ca2B0x3eeaB0x232fB0x137c
0x46bc	0x467aB0x464aB0x40c3B0x232fB0x137c
0x46bc	0x467aB0x3ca2B0x2dfdB0x232fB0x15e2
0x46bc	0x467aB0x3ca2B0x3eeaB0x232fB0x15e2
0x46bc	0x467aB0x464aB0x40c3B0x232fB0x15e2
0x46be	0x467aB0x464aB0x381f
0x46be	0x467aB0x3ca2B0x3c13
0x46be	0x467aB0x3ca2B0x382e
0x46be	0x467aB0x3ca2B0x2dfdB0x232fB0x137c
0x46be	0x467aB0x3ca2B0x3eeaB0x232fB0x137c
0x46be	0x467aB0x464aB0x40c3B0x232fB0x137c
0x46be	0x467aB0x3ca2B0x2dfdB0x232fB0x15e2
0x46be	0x467aB0x3ca2B0x3eeaB0x232fB0x15e2
0x46be	0x467aB0x464aB0x40c3B0x232fB0x15e2
0x46bf	0x467aB0x464aB0x381f
0x46bf	0x467aB0x3ca2B0x3c13
0x46bf	0x467aB0x3ca2B0x382e
0x46bf	0x467aB0x3ca2B0x2dfdB0x232fB0x137c
0x46bf	0x467aB0x3ca2B0x3eeaB0x232fB0x137c
0x46bf	0x467aB0x464aB0x40c3B0x232fB0x137c
0x46bf	0x467aB0x3ca2B0x2dfdB0x232fB0x15e2
0x46bf	0x467aB0x3ca2B0x3eeaB0x232fB0x15e2
0x46bf	0x467aB0x464aB0x40c3B0x232fB0x15e2
0x46c0	0x467aB0x464aB0x381f
0x46c0	0x467aB0x3ca2B0x3c13
0x46c0	0x467aB0x3ca2B0x382e
0x46c0	0x467aB0x3ca2B0x2dfdB0x232fB0x137c
0x46c0	0x467aB0x3ca2B0x3eeaB0x232fB0x137c
0x46c0	0x467aB0x464aB0x40c3B0x232fB0x137c
0x46c0	0x467aB0x3ca2B0x2dfdB0x232fB0x15e2
0x46c0	0x467aB0x3ca2B0x3eeaB0x232fB0x15e2
0x46c0	0x467aB0x464aB0x40c3B0x232fB0x15e2
0x46c1	0x467aB0x464aB0x381f
0x46c1	0x467aB0x3ca2B0x3c13
0x46c1	0x467aB0x3ca2B0x382e
0x46c1	0x467aB0x3ca2B0x2dfdB0x232fB0x137c
0x46c1	0x467aB0x3ca2B0x3eeaB0x232fB0x137c
0x46c1	0x467aB0x464aB0x40c3B0x232fB0x137c
0x46c1	0x467aB0x3ca2B0x2dfdB0x232fB0x15e2
0x46c1	0x467aB0x3ca2B0x3eeaB0x232fB0x15e2
0x46c1	0x467aB0x464aB0x40c3B0x232fB0x15e2
0x46c8	0x467aB0x464aB0x381f
0x46c8	0x467aB0x3ca2B0x3c13
0x46c8	0x467aB0x3ca2B0x382e
0x46c8	0x467aB0x3ca2B0x2dfdB0x232fB0x137c
0x46c8	0x467aB0x3ca2B0x3eeaB0x232fB0x137c
0x46c8	0x467aB0x464aB0x40c3B0x232fB0x137c
0x46c8	0x467aB0x3ca2B0x2dfdB0x232fB0x15e2
0x46c8	0x467aB0x3ca2B0x3eeaB0x232fB0x15e2
0x46c8	0x467aB0x464aB0x40c3B0x232fB0x15e2
0x46cd	0x467aB0x464aB0x381f
0x46cd	0x467aB0x3ca2B0x3c13
0x46cd	0x467aB0x3ca2B0x382e
0x46cd	0x467aB0x3ca2B0x2dfdB0x232fB0x137c
0x46cd	0x467aB0x3ca2B0x3eeaB0x232fB0x137c
0x46cd	0x467aB0x464aB0x40c3B0x232fB0x137c
0x46cd	0x467aB0x3ca2B0x2dfdB0x232fB0x15e2
0x46cd	0x467aB0x3ca2B0x3eeaB0x232fB0x15e2
0x46cd	0x467aB0x464aB0x40c3B0x232fB0x15e2
0x46d3	0x46cfB0x464aB0x381f
0x46d3	0x46cfB0x3ca2B0x3c13
0x46d3	0x46cfB0x3ca2B0x382e
0x46d3	0x46cfB0x3ca2B0x2dfdB0x232fB0x137c
0x46d3	0x46cfB0x3ca2B0x3eeaB0x232fB0x137c
0x46d3	0x46cfB0x464aB0x40c3B0x232fB0x137c
0x46d3	0x46cfB0x3ca2B0x2dfdB0x232fB0x15e2
0x46d3	0x46cfB0x3ca2B0x3eeaB0x232fB0x15e2
0x46d3	0x46cfB0x464aB0x40c3B0x232fB0x15e2
0x46d4	0x46cfB0x464aB0x381f
0x46d4	0x46cfB0x3ca2B0x3c13
0x46d4	0x46cfB0x3ca2B0x382e
0x46d4	0x46cfB0x3ca2B0x2dfdB0x232fB0x137c
0x46d4	0x46cfB0x3ca2B0x3eeaB0x232fB0x137c
0x46d4	0x46cfB0x464aB0x40c3B0x232fB0x137c
0x46d4	0x46cfB0x3ca2B0x2dfdB0x232fB0x15e2
0x46d4	0x46cfB0x3ca2B0x3eeaB0x232fB0x15e2
0x46d4	0x46cfB0x464aB0x40c3B0x232fB0x15e2
0x46d6	0x46cfB0x464aB0x381f
0x46d6	0x46cfB0x3ca2B0x3c13
0x46d6	0x46cfB0x3ca2B0x382e
0x46d6	0x46cfB0x3ca2B0x2dfdB0x232fB0x137c
0x46d6	0x46cfB0x3ca2B0x3eeaB0x232fB0x137c
0x46d6	0x46cfB0x464aB0x40c3B0x232fB0x137c
0x46d6	0x46cfB0x3ca2B0x2dfdB0x232fB0x15e2
0x46d6	0x46cfB0x3ca2B0x3eeaB0x232fB0x15e2
0x46d6	0x46cfB0x464aB0x40c3B0x232fB0x15e2
0x46d8	0x46cfB0x464aB0x381f
0x46d8	0x46cfB0x3ca2B0x3c13
0x46d8	0x46cfB0x3ca2B0x382e
0x46d8	0x46cfB0x3ca2B0x2dfdB0x232fB0x137c
0x46d8	0x46cfB0x3ca2B0x3eeaB0x232fB0x137c
0x46d8	0x46cfB0x464aB0x40c3B0x232fB0x137c
0x46d8	0x46cfB0x3ca2B0x2dfdB0x232fB0x15e2
0x46d8	0x46cfB0x3ca2B0x3eeaB0x232fB0x15e2
0x46d8	0x46cfB0x464aB0x40c3B0x232fB0x15e2
0x46df	0x46dcB0x464aB0x381f
0x46df	0x46dcB0x3ca2B0x3c13
0x46df	0x46dcB0x3ca2B0x382e
0x46df	0x46dcB0x3ca2B0x2dfdB0x232fB0x137c
0x46df	0x46dcB0x3ca2B0x3eeaB0x232fB0x137c
0x46df	0x46dcB0x464aB0x40c3B0x232fB0x137c
0x46df	0x46dcB0x3ca2B0x2dfdB0x232fB0x15e2
0x46df	0x46dcB0x3ca2B0x3eeaB0x232fB0x15e2
0x46df	0x46dcB0x464aB0x40c3B0x232fB0x15e2
0x46e1	0x46dcB0x464aB0x381f
0x46e1	0x46dcB0x3ca2B0x3c13
0x46e1	0x46dcB0x3ca2B0x382e
0x46e1	0x46dcB0x3ca2B0x2dfdB0x232fB0x137c
0x46e1	0x46dcB0x3ca2B0x3eeaB0x232fB0x137c
0x46e1	0x46dcB0x464aB0x40c3B0x232fB0x137c
0x46e1	0x46dcB0x3ca2B0x2dfdB0x232fB0x15e2
0x46e1	0x46dcB0x3ca2B0x3eeaB0x232fB0x15e2
0x46e1	0x46dcB0x464aB0x40c3B0x232fB0x15e2
0x46e3	0x46dcB0x464aB0x381f
0x46e3	0x46dcB0x3ca2B0x3c13
0x46e3	0x46dcB0x3ca2B0x382e
0x46e3	0x46dcB0x3ca2B0x2dfdB0x232fB0x137c
0x46e3	0x46dcB0x3ca2B0x3eeaB0x232fB0x137c
0x46e3	0x46dcB0x464aB0x40c3B0x232fB0x137c
0x46e3	0x46dcB0x3ca2B0x2dfdB0x232fB0x15e2
0x46e3	0x46dcB0x3ca2B0x3eeaB0x232fB0x15e2
0x46e3	0x46dcB0x464aB0x40c3B0x232fB0x15e2
0x46e5	0x46dcB0x464aB0x381f
0x46e5	0x46dcB0x3ca2B0x3c13
0x46e5	0x46dcB0x3ca2B0x382e
0x46e5	0x46dcB0x3ca2B0x2dfdB0x232fB0x137c
0x46e5	0x46dcB0x3ca2B0x3eeaB0x232fB0x137c
0x46e5	0x46dcB0x464aB0x40c3B0x232fB0x137c
0x46e5	0x46dcB0x3ca2B0x2dfdB0x232fB0x15e2
0x46e5	0x46dcB0x3ca2B0x3eeaB0x232fB0x15e2
0x46e5	0x46dcB0x464aB0x40c3B0x232fB0x15e2
0x46e7	0x46dcB0x464aB0x381f
0x46e7	0x46dcB0x3ca2B0x3c13
0x46e7	0x46dcB0x3ca2B0x382e
0x46e7	0x46dcB0x3ca2B0x2dfdB0x232fB0x137c
0x46e7	0x46dcB0x3ca2B0x3eeaB0x232fB0x137c
0x46e7	0x46dcB0x464aB0x40c3B0x232fB0x137c
0x46e7	0x46dcB0x3ca2B0x2dfdB0x232fB0x15e2
0x46e7	0x46dcB0x3ca2B0x3eeaB0x232fB0x15e2
0x46e7	0x46dcB0x464aB0x40c3B0x232fB0x15e2
0x46ec	0x46dcB0x464aB0x381f
0x46ec	0x46dcB0x3ca2B0x3c13
0x46ec	0x46dcB0x3ca2B0x382e
0x46ec	0x46dcB0x3ca2B0x2dfdB0x232fB0x137c
0x46ec	0x46dcB0x3ca2B0x3eeaB0x232fB0x137c
0x46ec	0x46dcB0x464aB0x40c3B0x232fB0x137c
0x46ec	0x46dcB0x3ca2B0x2dfdB0x232fB0x15e2
0x46ec	0x46dcB0x3ca2B0x3eeaB0x232fB0x15e2
0x46ec	0x46dcB0x464aB0x40c3B0x232fB0x15e2
0x46f1	0x46f0B0x464aB0x381f
0x46f1	0x46f0B0x3ca2B0x3c13
0x46f1	0x46f0B0x3ca2B0x382e
0x46f1	0x46f0B0x3ca2B0x2dfdB0x232fB0x137c
0x46f1	0x46f0B0x3ca2B0x3eeaB0x232fB0x137c
0x46f1	0x46f0B0x464aB0x40c3B0x232fB0x137c
0x46f1	0x46f0B0x3ca2B0x2dfdB0x232fB0x15e2
0x46f1	0x46f0B0x3ca2B0x3eeaB0x232fB0x15e2
0x46f1	0x46f0B0x464aB0x40c3B0x232fB0x15e2
0x46f5	0x46f5B0x464aB0x381f
0x46f5	0x46f5B0x3ca2B0x3c13
0x46f5	0x46f5B0x3ca2B0x382e
0x46f5	0x46f5B0x3ca2B0x2dfdB0x232fB0x137c
0x46f5	0x46f5B0x3ca2B0x3eeaB0x232fB0x137c
0x46f5	0x46f5B0x464aB0x40c3B0x232fB0x137c
0x46f5	0x46f5B0x3ca2B0x2dfdB0x232fB0x15e2
0x46f5	0x46f5B0x3ca2B0x3eeaB0x232fB0x15e2
0x46f5	0x46f5B0x464aB0x40c3B0x232fB0x15e2
0x46f7	0x46f5B0x464aB0x381f
0x46f7	0x46f5B0x3ca2B0x3c13
0x46f7	0x46f5B0x3ca2B0x382e
0x46f7	0x46f5B0x3ca2B0x2dfdB0x232fB0x137c
0x46f7	0x46f5B0x3ca2B0x3eeaB0x232fB0x137c
0x46f7	0x46f5B0x464aB0x40c3B0x232fB0x137c
0x46f7	0x46f5B0x3ca2B0x2dfdB0x232fB0x15e2
0x46f7	0x46f5B0x3ca2B0x3eeaB0x232fB0x15e2
0x46f7	0x46f5B0x464aB0x40c3B0x232fB0x15e2
0x46f8	0x46f5B0x464aB0x381f
0x46f8	0x46f5B0x3ca2B0x3c13
0x46f8	0x46f5B0x3ca2B0x382e
0x46f8	0x46f5B0x3ca2B0x2dfdB0x232fB0x137c
0x46f8	0x46f5B0x3ca2B0x3eeaB0x232fB0x137c
0x46f8	0x46f5B0x464aB0x40c3B0x232fB0x137c
0x46f8	0x46f5B0x3ca2B0x2dfdB0x232fB0x15e2
0x46f8	0x46f5B0x3ca2B0x3eeaB0x232fB0x15e2
0x46f8	0x46f5B0x464aB0x40c3B0x232fB0x15e2
0x46fc	0x46f5B0x464aB0x381f
0x46fc	0x46f5B0x3ca2B0x3c13
0x46fc	0x46f5B0x3ca2B0x382e
0x46fc	0x46f5B0x3ca2B0x2dfdB0x232fB0x137c
0x46fc	0x46f5B0x3ca2B0x3eeaB0x232fB0x137c
0x46fc	0x46f5B0x464aB0x40c3B0x232fB0x137c
0x46fc	0x46f5B0x3ca2B0x2dfdB0x232fB0x15e2
0x46fc	0x46f5B0x3ca2B0x3eeaB0x232fB0x15e2
0x46fc	0x46f5B0x464aB0x40c3B0x232fB0x15e2
0x46fe	0x46f5B0x464aB0x381f
0x46fe	0x46f5B0x3ca2B0x3c13
0x46fe	0x46f5B0x3ca2B0x382e
0x46fe	0x46f5B0x3ca2B0x2dfdB0x232fB0x137c
0x46fe	0x46f5B0x3ca2B0x3eeaB0x232fB0x137c
0x46fe	0x46f5B0x464aB0x40c3B0x232fB0x137c
0x46fe	0x46f5B0x3ca2B0x2dfdB0x232fB0x15e2
0x46fe	0x46f5B0x3ca2B0x3eeaB0x232fB0x15e2
0x46fe	0x46f5B0x464aB0x40c3B0x232fB0x15e2
0x4701	0x46f5B0x464aB0x381f
0x4701	0x46f5B0x3ca2B0x3c13
0x4701	0x46f5B0x3ca2B0x382e
0x4701	0x46f5B0x3ca2B0x2dfdB0x232fB0x137c
0x4701	0x46f5B0x3ca2B0x3eeaB0x232fB0x137c
0x4701	0x46f5B0x464aB0x40c3B0x232fB0x137c
0x4701	0x46f5B0x3ca2B0x2dfdB0x232fB0x15e2
0x4701	0x46f5B0x3ca2B0x3eeaB0x232fB0x15e2
0x4701	0x46f5B0x464aB0x40c3B0x232fB0x15e2
0x4703	0x46f5B0x464aB0x381f
0x4703	0x46f5B0x3ca2B0x3c13
0x4703	0x46f5B0x3ca2B0x382e
0x4703	0x46f5B0x3ca2B0x2dfdB0x232fB0x137c
0x4703	0x46f5B0x3ca2B0x3eeaB0x232fB0x137c
0x4703	0x46f5B0x464aB0x40c3B0x232fB0x137c
0x4703	0x46f5B0x3ca2B0x2dfdB0x232fB0x15e2
0x4703	0x46f5B0x3ca2B0x3eeaB0x232fB0x15e2
0x4703	0x46f5B0x464aB0x40c3B0x232fB0x15e2
0x4706	0x46f5B0x464aB0x381f
0x4706	0x46f5B0x3ca2B0x3c13
0x4706	0x46f5B0x3ca2B0x382e
0x4706	0x46f5B0x3ca2B0x2dfdB0x232fB0x137c
0x4706	0x46f5B0x3ca2B0x3eeaB0x232fB0x137c
0x4706	0x46f5B0x464aB0x40c3B0x232fB0x137c
0x4706	0x46f5B0x3ca2B0x2dfdB0x232fB0x15e2
0x4706	0x46f5B0x3ca2B0x3eeaB0x232fB0x15e2
0x4706	0x46f5B0x464aB0x40c3B0x232fB0x15e2
0x4708	0x46f5B0x464aB0x381f
0x4708	0x46f5B0x3ca2B0x3c13
0x4708	0x46f5B0x3ca2B0x382e
0x4708	0x46f5B0x3ca2B0x2dfdB0x232fB0x137c
0x4708	0x46f5B0x3ca2B0x3eeaB0x232fB0x137c
0x4708	0x46f5B0x464aB0x40c3B0x232fB0x137c
0x4708	0x46f5B0x3ca2B0x2dfdB0x232fB0x15e2
0x4708	0x46f5B0x3ca2B0x3eeaB0x232fB0x15e2
0x4708	0x46f5B0x464aB0x40c3B0x232fB0x15e2
0x470a	0x46f5B0x464aB0x381f
0x470a	0x46f5B0x3ca2B0x3c13
0x470a	0x46f5B0x3ca2B0x382e
0x470a	0x46f5B0x3ca2B0x2dfdB0x232fB0x137c
0x470a	0x46f5B0x3ca2B0x3eeaB0x232fB0x137c
0x470a	0x46f5B0x464aB0x40c3B0x232fB0x137c
0x470a	0x46f5B0x3ca2B0x2dfdB0x232fB0x15e2
0x470a	0x46f5B0x3ca2B0x3eeaB0x232fB0x15e2
0x470a	0x46f5B0x464aB0x40c3B0x232fB0x15e2
0x470d	0x46f5B0x464aB0x381f
0x470d	0x46f5B0x3ca2B0x3c13
0x470d	0x46f5B0x3ca2B0x382e
0x470d	0x46f5B0x3ca2B0x2dfdB0x232fB0x137c
0x470d	0x46f5B0x3ca2B0x3eeaB0x232fB0x137c
0x470d	0x46f5B0x464aB0x40c3B0x232fB0x137c
0x470d	0x46f5B0x3ca2B0x2dfdB0x232fB0x15e2
0x470d	0x46f5B0x3ca2B0x3eeaB0x232fB0x15e2
0x470d	0x46f5B0x464aB0x40c3B0x232fB0x15e2
0x470f	0x46f5B0x464aB0x381f
0x470f	0x46f5B0x3ca2B0x3c13
0x470f	0x46f5B0x3ca2B0x382e
0x470f	0x46f5B0x3ca2B0x2dfdB0x232fB0x137c
0x470f	0x46f5B0x3ca2B0x3eeaB0x232fB0x137c
0x470f	0x46f5B0x464aB0x40c3B0x232fB0x137c
0x470f	0x46f5B0x3ca2B0x2dfdB0x232fB0x15e2
0x470f	0x46f5B0x3ca2B0x3eeaB0x232fB0x15e2
0x470f	0x46f5B0x464aB0x40c3B0x232fB0x15e2
0x4730	0x46f5B0x464aB0x381f
0x4730	0x46f5B0x3ca2B0x3c13
0x4730	0x46f5B0x3ca2B0x382e
0x4730	0x46f5B0x3ca2B0x2dfdB0x232fB0x137c
0x4730	0x46f5B0x3ca2B0x3eeaB0x232fB0x137c
0x4730	0x46f5B0x464aB0x40c3B0x232fB0x137c
0x4730	0x46f5B0x3ca2B0x2dfdB0x232fB0x15e2
0x4730	0x46f5B0x3ca2B0x3eeaB0x232fB0x15e2
0x4730	0x46f5B0x464aB0x40c3B0x232fB0x15e2
0x4733	0x46f5B0x464aB0x381f
0x4733	0x46f5B0x3ca2B0x3c13
0x4733	0x46f5B0x3ca2B0x382e
0x4733	0x46f5B0x3ca2B0x2dfdB0x232fB0x137c
0x4733	0x46f5B0x3ca2B0x3eeaB0x232fB0x137c
0x4733	0x46f5B0x464aB0x40c3B0x232fB0x137c
0x4733	0x46f5B0x3ca2B0x2dfdB0x232fB0x15e2
0x4733	0x46f5B0x3ca2B0x3eeaB0x232fB0x15e2
0x4733	0x46f5B0x464aB0x40c3B0x232fB0x15e2
0x4735	0x46f5B0x464aB0x381f
0x4735	0x46f5B0x3ca2B0x3c13
0x4735	0x46f5B0x3ca2B0x382e
0x4735	0x46f5B0x3ca2B0x2dfdB0x232fB0x137c
0x4735	0x46f5B0x3ca2B0x3eeaB0x232fB0x137c
0x4735	0x46f5B0x464aB0x40c3B0x232fB0x137c
0x4735	0x46f5B0x3ca2B0x2dfdB0x232fB0x15e2
0x4735	0x46f5B0x3ca2B0x3eeaB0x232fB0x15e2
0x4735	0x46f5B0x464aB0x40c3B0x232fB0x15e2
0x4740	0x46f5B0x464aB0x381f
0x4740	0x46f5B0x3ca2B0x3c13
0x4740	0x46f5B0x3ca2B0x382e
0x4740	0x46f5B0x3ca2B0x2dfdB0x232fB0x137c
0x4740	0x46f5B0x3ca2B0x3eeaB0x232fB0x137c
0x4740	0x46f5B0x464aB0x40c3B0x232fB0x137c
0x4740	0x46f5B0x3ca2B0x2dfdB0x232fB0x15e2
0x4740	0x46f5B0x3ca2B0x3eeaB0x232fB0x15e2
0x4740	0x46f5B0x464aB0x40c3B0x232fB0x15e2
0x4742	0x46f5B0x464aB0x381f
0x4742	0x46f5B0x3ca2B0x3c13
0x4742	0x46f5B0x3ca2B0x382e
0x4742	0x46f5B0x3ca2B0x2dfdB0x232fB0x137c
0x4742	0x46f5B0x3ca2B0x3eeaB0x232fB0x137c
0x4742	0x46f5B0x464aB0x40c3B0x232fB0x137c
0x4742	0x46f5B0x3ca2B0x2dfdB0x232fB0x15e2
0x4742	0x46f5B0x3ca2B0x3eeaB0x232fB0x15e2
0x4742	0x46f5B0x464aB0x40c3B0x232fB0x15e2
0x4743	0x46f5B0x464aB0x381f
0x4743	0x46f5B0x3ca2B0x3c13
0x4743	0x46f5B0x3ca2B0x382e
0x4743	0x46f5B0x3ca2B0x2dfdB0x232fB0x137c
0x4743	0x46f5B0x3ca2B0x3eeaB0x232fB0x137c
0x4743	0x46f5B0x464aB0x40c3B0x232fB0x137c
0x4743	0x46f5B0x3ca2B0x2dfdB0x232fB0x15e2
0x4743	0x46f5B0x3ca2B0x3eeaB0x232fB0x15e2
0x4743	0x46f5B0x464aB0x40c3B0x232fB0x15e2
0x4746	0x46f5B0x464aB0x381f
0x4746	0x46f5B0x3ca2B0x3c13
0x4746	0x46f5B0x3ca2B0x382e
0x4746	0x46f5B0x3ca2B0x2dfdB0x232fB0x137c
0x4746	0x46f5B0x3ca2B0x3eeaB0x232fB0x137c
0x4746	0x46f5B0x464aB0x40c3B0x232fB0x137c
0x4746	0x46f5B0x3ca2B0x2dfdB0x232fB0x15e2
0x4746	0x46f5B0x3ca2B0x3eeaB0x232fB0x15e2
0x4746	0x46f5B0x464aB0x40c3B0x232fB0x15e2
0x4748	0x46f5B0x464aB0x381f
0x4748	0x46f5B0x3ca2B0x3c13
0x4748	0x46f5B0x3ca2B0x382e
0x4748	0x46f5B0x3ca2B0x2dfdB0x232fB0x137c
0x4748	0x46f5B0x3ca2B0x3eeaB0x232fB0x137c
0x4748	0x46f5B0x464aB0x40c3B0x232fB0x137c
0x4748	0x46f5B0x3ca2B0x2dfdB0x232fB0x15e2
0x4748	0x46f5B0x3ca2B0x3eeaB0x232fB0x15e2
0x4748	0x46f5B0x464aB0x40c3B0x232fB0x15e2
0x474a	0x46f5B0x464aB0x381f
0x474a	0x46f5B0x3ca2B0x3c13
0x474a	0x46f5B0x3ca2B0x382e
0x474a	0x46f5B0x3ca2B0x2dfdB0x232fB0x137c
0x474a	0x46f5B0x3ca2B0x3eeaB0x232fB0x137c
0x474a	0x46f5B0x464aB0x40c3B0x232fB0x137c
0x474a	0x46f5B0x3ca2B0x2dfdB0x232fB0x15e2
0x474a	0x46f5B0x3ca2B0x3eeaB0x232fB0x15e2
0x474a	0x46f5B0x464aB0x40c3B0x232fB0x15e2
0x474b	0x46f5B0x464aB0x381f
0x474b	0x46f5B0x3ca2B0x3c13
0x474b	0x46f5B0x3ca2B0x382e
0x474b	0x46f5B0x3ca2B0x2dfdB0x232fB0x137c
0x474b	0x46f5B0x3ca2B0x3eeaB0x232fB0x137c
0x474b	0x46f5B0x464aB0x40c3B0x232fB0x137c
0x474b	0x46f5B0x3ca2B0x2dfdB0x232fB0x15e2
0x474b	0x46f5B0x3ca2B0x3eeaB0x232fB0x15e2
0x474b	0x46f5B0x464aB0x40c3B0x232fB0x15e2
0x4a8d	0x4a8c
0x4a8f	0x4a8c
0x4a90	0x4a8c
0x4a93	0x4a8c
0x4a94	0x4a8c
0x4a96	0x4a8c
0x4a98	0x4a8c
0x4a9a	0x4a8c
0x4a9b	0x4a8c
0x4a9d	0x4a8c
0x4aa0	0x4a8c
0x4aa1	0x4a8c
0x4aa2	0x4a8c
0x4aa3	0x4a8c
0x4aa7	0x4aa7
0x4aaa	0x4aa7
0x4d18	0x4d17
0x4d1b	0x4d17
0x4d1f	0x4d17
0x4d20	0x4d17
0x4d21	0x4d17
0x4d22	0x4d17
0x4d26	0x4d26
0x4d2e	0x4d2a
0x4d30	0x4d2a
0x4d34	0x4d2a
0x4d35	0x4d2a
0x4eb4	0x4eb3
0x4eb7	0x4eb3
0x4ebc	0x4eb3
0x4ebd	0x4eb3
0x4ec0	0x4eb3
0x4ec1	0x4eb3
0x4ec2	0x4eb3
0x4ec6	0x4ec6
0x4ecc	0x4eca
0x4ecd	0x4eca
0x4ecf	0x4eca
0x4ed1	0x4eca
0x4ed3	0x4eca
0x4ed4	0x4eca
0x4ed7	0x4eca
0x4ed8	0x4eca
0x4ed9	0x4eca
0x4edd	0x4edd
0x4ee2	0x4ee1
0x4ee8	0x4ee1
0x4ee9	0x4ee1
0x4ef3	0x4eed
0x4ef6	0x4eed
0x4ef7	0x4eed
0x4efc	0x4eed
0x4efd	0x4eed
0x4efe	0x4eed
0x4f02	0x4f02
0x4f08	0x4f06
0x4f0e	0x4f06
0x4f0f	0x4f06
0x4f17	0x4f13
0x4f19	0x4f13
0x4f1b	0x4f13
0x4f1d	0x4f13
0x4f1e	0x4f13
0x4f1f	0x4f13
0x4f20	0x4f13
0x4f24	0x4f24
0x4f30	0x4f28
0x4f32	0x4f28
0x4f99	0x4f98
0x4f9c	0x4f98
0x4f9d	0x4f98
0x4fa1	0x4f98
0x4fac	0x4fab
0x4fb0	0x4fab
0x4fb3	0x4fab
0x4fb5	0x4fab
0x4fb9	0x4fb9
0x4fbc	0x4fb9
0x4fc0	0x4fbf
0x4fc3	0x4fbf
0x4fc5	0x4fbf
0x4fc6	0x4fbf
0x4fca	0x4fca
0x4fcf	0x4fca
0x4fd1	0x4fca
0x4fd2	0x4fca
0x4fd5	0x4fca
0x4fd7	0x4fca
0x4fda	0x4fca
0x4fdc	0x4fca
0x505e	0x505d
0x5060	0x505d
0x5063	0x505d
0x5064	0x505d
0x5068	0x5068
0x506b	0x5068
0x5071	0x506f
0x5073	0x506f
0x52ed	0x52ea
0x52f0	0x52ea
0x52f1	0x52ea
0x52f2	0x52ea
0x52f6	0x52f6
0x52f9	0x52f6
0x54d7	0x54d6
0x54da	0x54d6
0x54db	0x54d6
0x54e0	0x54d6
0x54e3	0x54d6
0x54e4	0x54d6
0x54ea	0x54e8
0x54ef	0x54e8
0x54f2	0x54e8
0x54ff	0x54fe
0x5502	0x54fe
0x5503	0x54fe
0x5508	0x54fe
0x550b	0x54fe
0x550c	0x54fe
0x5512	0x5510
0x5515	0x5510
0x5517	0x5510
0x551c	0x5510
0x551f	0x5510
0x5520	0x5510
0x5525	0x5524
0x55bb	0x55ba
0x55be	0x55ba
0x55c2	0x55c2
0x55c5	0x55c2
0x55cb	0x55c9
0x55cd	0x55c9
0x55ce	0x55c9
0x55f3	0x55f2
0x55f5	0x55f2
0x55fb	0x55f2
0x55fc	0x55f2
0x55fd	0x55f2
0x55fe	0x55f2
0x5602	0x5602
0x5607	0x5606
0x5609	0x5606
0x560c	0x5606
0x560e	0x5606
0x5610	0x5606
0x5612	0x5606
0x5614	0x5606
0x5615	0x5606
0x5617	0x5606
0x561a	0x5606
0x561b	0x5606
0x561c	0x5606
0x561d	0x5606
0x5621	0x5621
0x5624	0x5621
0x562a	0x5628
0x5631	0x5628
0x5634	0x5628
0x5638	0x5628
0x5640	0x563c
0x5643	0x563c
0x5644	0x563c
0x5645	0x563c
0x5648	0x563c
0x564a	0x563c
0x564d	0x563c
0x5650	0x563c
0x5651	0x563c
0x5656	0x5655
0x5659	0x5655
0x565b	0x5655
0x565e	0x5655
0x5661	0x5655
0x5662	0x5655
0x5667	0x5666
0x566a	0x5666
0x566c	0x5666
0x566f	0x5666
0x5672	0x5666
0x5673	0x5666
0x5678	0x5677
0x567b	0x5677
0x567d	0x5677
0x5680	0x5677
0x5681	0x5677
0x5682	0x5677
0x5685	0x5677
0x5687	0x5677
0x568a	0x5677
0x568d	0x5677
0x568e	0x5677
0x5693	0x5692
0x5696	0x5692
0x5698	0x5692
0x569b	0x5692
0x569e	0x5692
0x569f	0x5692
0x56a4	0x56a3
0x56a7	0x56a3
0x56b1	0x56b0
0x56b3	0x56b0
0x56b8	0x56b0
0x56b9	0x56b0
0x56ba	0x56b0
0x56bb	0x56b0
0x56bf	0x56bf
0x56c4	0x56c3
0x56c9	0x56c3
0x584f	0x584e
0x5851	0x584e
0x5855	0x584e
0x5856	0x584e
0x5857	0x584e
0x5858	0x584e
0x585c	0x585c
0x5861	0x5860
0x5864	0x5860
0x586a	0x5868
0x586b	0x5868
0x586f	0x5868
0x5876	0x5873
0x587a	0x5873
0x587b	0x5873
0x587e	0x5873
0x5880	0x5873
0x5883	0x5873
0x5884	0x5873
0x5885	0x5873
0x5889	0x5873
0x588e	0x588d
0x5891	0x588d
0x5893	0x588d
0x5896	0x588d
0x5897	0x588d
0x5898	0x588d
0x589c	0x588d
0x58a1	0x58a0
0x58a4	0x58a0
0x58a6	0x58a0
0x58a9	0x58a0
0x58aa	0x58a0
0x58ab	0x58a0
0x58af	0x58a0
0x58b4	0x58b3
0x58b7	0x58b3
0x58b9	0x58b3
0x58bc	0x58b3
0x58bd	0x58b3
0x58be	0x58b3
0x58c2	0x58b3
0x58c7	0x58c6
0x58ca	0x58c6
0x58cc	0x58c6
0x58cf	0x58c6
0x58d0	0x58c6
0x58d1	0x58c6
0x58d5	0x58c6
0x58da	0x58d9
0x58dd	0x58d9
0xb56d	0xb56c
0xb56f	0xb56c
0xb572	0xb56c
0xb669	0xb668
0xb66b	0xb668
0xb66e	0xb668
0xb691	0xb690
0xb693	0xb690
0xb696	0xb690
0xb6b9	0xb6b8
0xb6bb	0xb6b8
0xb6be	0xb6b8
0xb6e1	0xb6e0
0xb6e3	0xb6e0
0xb6e6	0xb6e0
0xb709	0xb708
0xb70b	0xb708
0xb70e	0xb708
0xb731	0xb730
0xb733	0xb730
0xb736	0xb730
0xb759	0xb758
0xb75b	0xb758
0xb75e	0xb758
0xb781	0xb780
0xb783	0xb780
0xb786	0xb780
0xb9fe	0xb9fd
0xba03	0xb9fd
0xba05	0xb9fd
0xba06	0xb9fd
0xba09	0xb9fd
0xba0b	0xb9fd
0xba0e	0xb9fd
0xba10	0xb9fd
0xba33	0xba32
0xba38	0xba32
0xba3a	0xba32
0xba3b	0xba32
0xba3e	0xba32
0xba40	0xba32
0xba43	0xba32
0xba45	0xba32
0xbab8	0xbab7
0xbaba	0xbab7
0xbabd	0xbab7
0xbae0	0xbadf
0xbae2	0xbadf
0xbae5	0xbadf
0xbb08	0xbb07
0xbb0d	0xbb07
0xbb0f	0xbb07
0xbb10	0xbb07
0xbb13	0xbb07
0xbb15	0xbb07
0xbb18	0xbb07
0xbb1a	0xbb07
0xbb3d	0xbb3c
0xbb42	0xbb3c
0xbb44	0xbb3c
0xbb45	0xbb3c
0xbb48	0xbb3c
0xbb4a	0xbb3c
0xbb4d	0xbb3c
0xbb4f	0xbb3c
0xbb72	0xbb71
0xbb77	0xbb71
0xbb79	0xbb71
0xbb7a	0xbb71
0xbb7d	0xbb71
0xbb7f	0xbb71
0xbb82	0xbb71
0xbb84	0xbb71
0xbba7	0xbba6
0xbbac	0xbba6
0xbbae	0xbba6
0xbbaf	0xbba6
0xbbb2	0xbba6
0xbbb4	0xbba6
0xbbb7	0xbba6
0xbbb9	0xbba6
0xbbdc	0xbbdb
0xbbe1	0xbbdb
0xbbe3	0xbbdb
0xbbe4	0xbbdb
0xbbe7	0xbbdb
0xbbe9	0xbbdb
0xbbec	0xbbdb
0xbbee	0xbbdb
0xbc11	0xbc10
0xbc13	0xbc10
0xbc16	0xbc10
0xbe0a	0xbe09
0xbe0c	0xbe09
0xbe0f	0xbe09
0xc01e	0xc01d
0xc020	0xc01d
0xc023	0xc01d
0xc046	0xc045
0xc048	0xc045
0xc04b	0xc045
0xc0be	0xc0bdB0x464aB0x381f
0xc0be	0xc0bdB0x3ca2B0x3c13
0xc0be	0xc0bdB0x3ca2B0x382e
0xc0be	0xc0bdB0x3ca2B0x2dfdB0x232fB0x137c
0xc0be	0xc0bdB0x3ca2B0x3eeaB0x232fB0x137c
0xc0be	0xc0bdB0x464aB0x40c3B0x232fB0x137c
0xc0be	0xc0bdB0x3ca2B0x2dfdB0x232fB0x15e2
0xc0be	0xc0bdB0x3ca2B0x3eeaB0x232fB0x15e2
0xc0be	0xc0bdB0x464aB0x40c3B0x232fB0x15e2
0xc0c0	0xc0bdB0x464aB0x381f
0xc0c0	0xc0bdB0x3ca2B0x3c13
0xc0c0	0xc0bdB0x3ca2B0x382e
0xc0c0	0xc0bdB0x3ca2B0x2dfdB0x232fB0x137c
0xc0c0	0xc0bdB0x3ca2B0x3eeaB0x232fB0x137c
0xc0c0	0xc0bdB0x464aB0x40c3B0x232fB0x137c
0xc0c0	0xc0bdB0x3ca2B0x2dfdB0x232fB0x15e2
0xc0c0	0xc0bdB0x3ca2B0x3eeaB0x232fB0x15e2
0xc0c0	0xc0bdB0x464aB0x40c3B0x232fB0x15e2
0xc0c3	0xc0bdB0x464aB0x381f
0xc0c3	0xc0bdB0x3ca2B0x3c13
0xc0c3	0xc0bdB0x3ca2B0x382e
0xc0c3	0xc0bdB0x3ca2B0x2dfdB0x232fB0x137c
0xc0c3	0xc0bdB0x3ca2B0x3eeaB0x232fB0x137c
0xc0c3	0xc0bdB0x464aB0x40c3B0x232fB0x137c
0xc0c3	0xc0bdB0x3ca2B0x2dfdB0x232fB0x15e2
0xc0c3	0xc0bdB0x3ca2B0x3eeaB0x232fB0x15e2
0xc0c3	0xc0bdB0x464aB0x40c3B0x232fB0x15e2
0xc178	0xc177
0xc17d	0xc177
0xc17f	0xc177
0xc180	0xc177
0xc183	0xc177
0xc185	0xc177
0xc188	0xc177
0xc18a	0xc177
0xc24c	0xc24b
0xc251	0xc24b
0xc253	0xc24b
0xc254	0xc24b
0xc257	0xc24b
0xc259	0xc24b
0xc25c	0xc24b
0xc25e	0xc24b
0xc2b6	0xc2b5
0xc2bb	0xc2b5
0xc2bd	0xc2b5
0xc2be	0xc2b5
0xc2c1	0xc2b5
0xc2c3	0xc2b5
0xc2c6	0xc2b5
0xc2c8	0xc2b5
0xc355	0xc354
0xc35a	0xc354
0xc35c	0xc354
0xc35d	0xc354
0xc360	0xc354
0xc362	0xc354
0xc365	0xc354
0xc367	0xc354
0xc38a	0xc389
0xc38f	0xc389
0xc391	0xc389
0xc392	0xc389
0xc395	0xc389
0xc397	0xc389
0xc39a	0xc389
0xc39c	0xc389
0x19230	0x5c3
0x19c30	0x5f8
0x1a630	0x709
0x1b030	0x729
0x1ba30	0x7d1
0x1ec30	0x1245
0x23230	0x1cee
0x23c30	0x1ff0
0x25030	0x20f0
0x25a30	0x2175
0x28230	0x297d
0x34030	0x373a
0x34a30	0x3769
0x3e030	0x4fb9
0x84cc1	0x84cc0
0x84cc3	0x84cc0
0x84cc5	0x84cc0
0x84cc6	0x84cc0
0x84cc9	0x84cc0
0x84ccb	0x84cc0
0x9d27a	0x84cc0
0x9d2dc	0x9d2db
0x9d2de	0x9d2db
0x9d2df	0x9d2db
0x9d2e1	0x9d2db
0x9d2e3	0x9d2db
0x9d2e5	0x9d2db
0x9d2e6	0x9d2db
0x9d2e9	0x9d2db
0x9d2ec	0x9d2db
0x9d2ee	0x9d2db
0x9d2ef	0x9d2db
0x9d33b	0x9d33a
0x9d33d	0x9d33a
0x9d341	0x9d33a
0x9d343	0x9d33a
0x9d344	0x9d33a
0x9d390	0x9d38f
0x9d392	0x9d38f
0x9d396	0x9d38f
0x9d398	0x9d38f
0x9d399	0x9d38f
0x9d3bd	0x9d3bc
0x9d3bf	0x9d3bc
0x9d3c3	0x9d3bc
0x9d3c5	0x9d3bc
0x9d3c6	0x9d3bc
0x9d3ea	0x9d3e9
0x9d3ec	0x9d3e9
0x9d3f0	0x9d3e9
0x9d3f2	0x9d3e9
0x9d3f3	0x9d3e9
0x9d417	0x9d416
0x9d419	0x9d416
0x9d41d	0x9d416
0x9d41f	0x9d416
0x9d420	0x9d416
0x9d486	0x9d485
0x9d488	0x9d485
0x9d48c	0x9d485
0x9d48e	0x9d485
0x9d48f	0x9d485
0x9d4d4	0x9d4d3
0x9d4d6	0x9d4d3
0x9d4d7	0x9d4d3
0x9d4dc	0x9d4d3
0x9d528	0x9d527
0x9d52a	0x9d527
0x9d52c	0x9d527
0x9d52d	0x9d527
0x9d530	0x9d527
0x9d532	0x9d527
0xb5ae1	0x9d527
0xb5b22	0xb5b21
0xb5b24	0xb5b21
0xb5b28	0xb5b21
0xb5b2a	0xb5b21
0xb5b2b	0xb5b21
0xb5b4f	0xb5b4e
0xb5b51	0xb5b4e
0xb5b53	0xb5b4e
0xb5b54	0xb5b4e
0xb5b57	0xb5b4e
0xb5b59	0xb5b4e
0xce108	0xb5b4e
0xce16a	0xce169
0xce16c	0xce169
0xce170	0xce169
0xce172	0xce169
0xce173	0xce169
0xce197	0xce196
0xce199	0xce196
0xce19d	0xce196
0xce19f	0xce196
0xce1a0	0xce196
0xce1c4	0xce1c3
0xce1c6	0xce1c3
0xce1ca	0xce1c3
0xce1cc	0xce1c3
0xce1cd	0xce1c3
0xce212	0xce211
0xce214	0xce211
0xce217	0xce211
0xce23a	0xce239
0xce23c	0xce239
0xce23d	0xce239
0xce23f	0xce239
0xce241	0xce239
0xce243	0xce239
0xce244	0xce239
0xce247	0xce239
0xce24a	0xce239
0xce24c	0xce239
0xce24d	0xce239
0xce271	0xce270
0xce273	0xce270
0xce275	0xce270
0xce276	0xce270
0xce279	0xce270
0xce27b	0xce270
0xe682a	0xce270
0xe686b	0xe686a
0xe686d	0xe686a
0xe686e	0xe686a
0xe6870	0xe686a
0xe6872	0xe686a
0xe6874	0xe686a
0xe6875	0xe686a
0xe6878	0xe686a
0xe687b	0xe686a
0xe687d	0xe686a
0xe687e	0xe686a
0xe68a2	0xe68a1
0xe68a4	0xe68a1
0xe68a8	0xe68a1
0xe68aa	0xe68a1
0xe68ab	0xe68a1
0xe68cf	0xe68ce
0xe68d1	0xe68ce
0xe68d5	0xe68ce
0xe68d7	0xe68ce
0xe68d8	0xe68ce
0xe6929	0xe6928
0xe692b	0xe6928
0xe692c	0xe6928
0xe6931	0xe6928
0xe6982	0xe6981
0xe6984	0xe6981
0xe6988	0xe6981
0xe698a	0xe6981
0xe698b	0xe6981
0xe69d0	0xe69cf
0xe69d2	0xe69cf
0xe69d4	0xe69cf
0xe69d5	0xe69cf
0xe69d8	0xe69cf
0xe69da	0xe69cf
0xfef89	0xe69cf
0xff00c	0xff00b
0xff00e	0xff00b
0xff012	0xff00b
0xff014	0xff00b
0xff015	0xff00b
0xff039	0xff038
0xff03b	0xff038
0xff03f	0xff038
0xff041	0xff038
0xff042	0xff038
0xff0eb	0xff0ea
0xff0ed	0xff0ea
0xff0f0	0xff0ea
0xff180	0xff17f
0xff182	0xff17f
0xff183	0xff17f
0xff187	0xff17f
0xff188	0xff17f
0xff18c	0xff17f
0xff190	0xff17f
0xff192	0xff17f
0xff194	0xff17f
0xff195	0xff17f
0xff1b8	0xff1b7
0xff1ba	0xff1b7
0xff1bb	0xff1b7
0xff1bf	0xff1b7
0xff1c0	0xff1b7
0xff1c4	0xff1b7
0xff1c8	0xff1b7
0xff1ca	0xff1b7
0xff1cc	0xff1b7
0xff1cd	0xff1b7
0xff1f0	0xff1ef
0xff1f2	0xff1ef
0xff1f3	0xff1ef
0xff1f7	0xff1ef
0xff1f8	0xff1ef
0xff1fc	0xff1ef
0xff200	0xff1ef
0xff202	0xff1ef
0xff204	0xff1ef
0xff205	0xff1ef
0xff32a	0xff329
0xff32c	0xff329
0xff32d	0xff329
0xff331	0xff329
0xff332	0xff329
0xff336	0xff329
0xff33a	0xff329
0xff33c	0xff329
0xff33e	0xff329
0xff33f	0xff329
0xff362	0xff361
0xff364	0xff361
0xff365	0xff361
0xff369	0xff361
0xff36a	0xff361
0xff36e	0xff361
0xff372	0xff361
0xff374	0xff361
0xff376	0xff361
0xff377	0xff361
0xff39a	0xff399
0xff39c	0xff399
0xff39d	0xff399
0xff3a1	0xff399
0xff3a2	0xff399
0xff3a6	0xff399
0xff3aa	0xff399
0xff3ac	0xff399
0xff3ae	0xff399
0xff3af	0xff399
0xff43f	0xff43e
0xff441	0xff43e
0xff442	0xff43e
0xff446	0xff43e
0xff447	0xff43e
0xff44b	0xff43e
0xff44f	0xff43e
0xff451	0xff43e
0xff453	0xff43e
0xff454	0xff43e
0xff477	0xff476
0xff479	0xff476
0xff47a	0xff476
0xff47e	0xff476
0xff47f	0xff476
0xff483	0xff476
0xff487	0xff476
0xff489	0xff476
0xff48b	0xff476
0xff48c	0xff476
0xff4fa	0xff4f9
0xff4fc	0xff4f9
0xff4fd	0xff4f9
0xff501	0xff4f9
0xff502	0xff4f9
0xff506	0xff4f9
0xff50a	0xff4f9
0xff50c	0xff4f9
0xff50e	0xff4f9
0xff50f	0xff4f9
0xff557	0xff556
0xff559	0xff556
0xff55a	0xff556
0xff55e	0xff556
0xff55f	0xff556
0xff563	0xff556
0xff567	0xff556
0xff569	0xff556
0xff56b	0xff556
0xff56c	0xff556
0xff745	0xff744
0xff747	0xff744
0xff74a	0xff744
0xff76d	0xff76c
0xff76f	0xff76c
0xff772	0xff76c
0xff85c	0xff85b
0xff85e	0xff85b
0xff861	0xff85b
0x10041b	0x10041a
0x100862	0x100861
0x100864	0x100861
0x100868	0x100861
0x10086a	0x100861
0x10086b	0x100861
0x10088f	0x10088e
0x100891	0x10088e
0x100895	0x10088e
0x100897	0x10088e
0x100898	0x10088e
0x1008bc	0x1008bb
0x1008be	0x1008bb
0x1008bf	0x1008bb
0x1008c1	0x1008bb
0x1008c3	0x1008bb
0x1008c5	0x1008bb
0x1008c6	0x1008bb
0x1008c9	0x1008bb
0x1008cc	0x1008bb
0x1008ce	0x1008bb
0x1008cf	0x1008bb
0x1008f3	0x1008f2
0x1008f5	0x1008f2
0x1008f9	0x1008f2
0x1008fb	0x1008f2
0x1008fc	0x1008f2
0x100920	0x10091f
0x100922	0x10091f
0x100923	0x10091f
0x100927	0x10091f
0x100928	0x10091f
0x10092c	0x10091f
0x100930	0x10091f
0x100932	0x10091f
0x100934	0x10091f
0x100935	0x10091f
0x100b6b	0x100b6a
0x100b6d	0x100b6a
0x100b70	0x100b6a
0x100b93	0x100b92
0x100b95	0x100b92
0x100b98	0x100b92
0x100bbb	0x100bba
0x100bbd	0x100bba
0x100bc0	0x100bba
0x100be3	0x100be2
0x100be5	0x100be2
0x100be8	0x100be2
0x100c0b	0x100c0a
0x100c0d	0x100c0a
0x100c10	0x100c0a
0x100c33	0x100c32
0x100c35	0x100c32
0x100c38	0x100c32
0x100c5b	0x100c5a
0x100c5d	0x100c5a
0x100c60	0x100c5a
0x100c83	0x100c82
0x100c85	0x100c82
0x100c88	0x100c82
0x100cab	0x100caa
0x100cad	0x100caa
0x100cb0	0x100caa
0x100cd3	0x100cd2
0x100cd5	0x100cd2
0x100cd8	0x100cd2
0x100cfb	0x100cfa
0x100cfd	0x100cfa
0x100d00	0x100cfa
0x100d23	0x100d22
0x100d25	0x100d22
0x100d28	0x100d22
0x100d4b	0x100d4a
0x100d4d	0x100d4a
0x100d50	0x100d4a
0x100d73	0x100d72
0x100d75	0x100d72
0x100d78	0x100d72
0x100d9b	0x100d9a
0x100d9d	0x100d9a
0x100da0	0x100d9a
0x100dc3	0x100dc2
0x100dc5	0x100dc2
0x100dc8	0x100dc2
0x100deb	0x100dea
0x100ded	0x100dea
0x100df0	0x100dea
0x100e13	0x100e12
0x100e15	0x100e12
0x100e18	0x100e12
0x100e3b	0x100e3a
0x100e3d	0x100e3a
0x100e40	0x100e3a
0x100e63	0x100e62
0x100e65	0x100e62
0x100e68	0x100e62
0x100eb3	0x100eb2
0x100eb5	0x100eb2
0x100eb8	0x100eb2
0x100f03	0x100f02
0x100f05	0x100f02
0x100f08	0x100f02
0x100f2b	0x100f2a
0x100f2d	0x100f2a
0x100f30	0x100f2a
0x100f53	0x100f52
0x100f55	0x100f52
0x100f58	0x100f52
0x100f7b	0x100f7a
0x100f7d	0x100f7a
0x100f80	0x100f7a
0x101273	0x101272
0x101275	0x101272
0x101278	0x101272
0x10129b	0x10129a
0x10129d	0x10129a
0x1012a0	0x10129a
0x1012c3	0x1012c2
0x1012c5	0x1012c2
0x1012c8	0x1012c2
0x1012eb	0x1012ea
0x1012ed	0x1012ea
0x1012f0	0x1012ea
0x5867	0x5860
0x1d8c	0x1d72
0x1390	0x137c
0x15f7	0x15e2
0x15d4	0x15c7
0x46ce	0x467aB0x464aB0x381f
0x46ce	0x467aB0x3ca2B0x3c13
0x46ce	0x467aB0x3ca2B0x382e
0x46ce	0x467aB0x3ca2B0x2dfdB0x232fB0x137c
0x46ce	0x467aB0x3ca2B0x3eeaB0x232fB0x137c
0x46ce	0x467aB0x464aB0x40c3B0x232fB0x137c
0x46ce	0x467aB0x3ca2B0x2dfdB0x232fB0x15e2
0x46ce	0x467aB0x3ca2B0x3eeaB0x232fB0x15e2
0x46ce	0x467aB0x464aB0x40c3B0x232fB0x15e2
0x405	0x3fd
0x5eb	0x5e7
0x48a	0x47c
0x275	0x271
0x36fb	0x36ee
0x9d4df	0x9d4d3
0xe6934	0xe6928
0x4f12	0x4f06
0x516	0x504
0x64f	0x641
0x536	0x532
0x6dc	0x6d8
0x121a	0x1203
0x123c	0x1225
0x270	0x262
0x2a5	0x297
0x3cf	0x3c1
0x4d4	0x4c6
0x571	0x563
0x38f	0x381
0x3af	0x3a1
0x551	0x543
0x6f7	0x6e9
0x66f	0x661
0x6a2	0x694
0x5654	0x563c
0x5665	0x5655
0x5676	0x5666
0x56a2	0x5692
0xa17	0x9f4
0xdd5	0xdb2
0xea0	0xe7d
0x2916	0x28f3
0x3bf2	0x3bcf
0x3d87	0x3d64
0x3e8e	0x3e6b
0x41c6	0x41a3
0x42e9	0x42c6
0x436e	0x434b
0x13d1	0x1391
0x1639	0x15f8
0x5691	0x5677
0x46ef	0x46dcB0x464aB0x381f
0x46ef	0x46dcB0x3ca2B0x3c13
0x46ef	0x46dcB0x3ca2B0x382e
0x46ef	0x46dcB0x3ca2B0x2dfdB0x232fB0x137c
0x46ef	0x46dcB0x3ca2B0x3eeaB0x232fB0x137c
0x46ef	0x46dcB0x464aB0x40c3B0x232fB0x137c
0x46ef	0x46dcB0x3ca2B0x2dfdB0x232fB0x15e2
0x46ef	0x46dcB0x3ca2B0x3eeaB0x232fB0x15e2
0x46ef	0x46dcB0x464aB0x40c3B0x232fB0x15e2
0x4d9	0x4d5
0x556	0x552
0x1794	0x178b
0xb3c	0xb09
0xb67	0xb3d
0x2c7	0x2b9
0x320	0x312
0x45a	0x44c
0x5e6	0x5d8
0x6d7	0x6c9
0x76b	0x75d
0x4eec	0x4ee1
0x1358	0x1342
0x137b	0x1365
0x1542	0x152c
0x1d22	0x1d11
0x20ba	0x20b0
0x2174	0x216a
0x20af	0x20a1
0x2169	0x2146
0x297c	0x2959
0x3dd0	0x3d88
0x3c6b	0x3c2a
0x3ed1	0x3e8f
0x4209	0x41c7
0x43b3	0x436f
0x2aa	0x2a6
0x394	0x390
0x3b4	0x3b0
0x3f0	0x3e8
0x4ee	0x4e6
0x654	0x650
0x6fc	0x6f8
0xa75	0xa68
0xf99	0xf7f
0xfec	0xfc3
0x11cd	0x11c4
0x1202	0x11f9
0x1224	0x121b
0x1244	0x123d
0x13ec	0x13e5
0x3828	0x381f
0x3839	0x382e
0x3c29	0x3c13
0x4fa4	0x4f98
0x54e7	0x54d6
0x550f	0x54fe
0x5523	0x5510
0x563b	0x5628
0x5872	0x5868
0x588c	0x5873
0x589f	0x588d
0x58b2	0x58a0
0x58c5	0x58b3
0x58d8	0x58c6
0x2ca	0x2c8
0x2f7	0x2ef
0x335	0x321
0x34a	0x342
0x35f	0x357
0x374	0x36c
0x3db	0x3d0
0x42a	0x41f
0x43f	0x437
0x46f	0x45b
0x48f	0x48b
0x4a4	0x49c
0x4b9	0x4b1
0x503	0x4fb
0x531	0x523
0x58c	0x572
0x5a1	0x599
0x5b6	0x5ae
0x5cb	0x5c3
0x61f	0x5f8
0x634	0x62c
0x674	0x670
0x682	0x675
0x687	0x683
0x6a7	0x6a3
0x6bc	0x6b4
0x71c	0x709
0x750	0x729
0x780	0x76c
0x78d	0x781
0x810	0x7fc
0x825	0x811
0x83b	0x826
0x99e	0x989
0xa67	0xa2b
0xa82	0xa76
0xa8c	0xa83
0xaab	0xa8d
0xac1	0xaac
0xad7	0xac2
0xb91	0xb68
0xbf0	0xbdc
0xc06	0xbf1
0xc34	0xc20
0xe25	0xde9
0xefa	0xebd
0xf53	0xf14
0xf7e	0xf54
0xfa5	0xf9a
0xfaf	0xfa6
0xfc2	0xfb0
0x1042	0xffc
0x1071	0x1043
0x1086	0x1072
0x12e0	0x129a
0x1338	0x12f2
0x13e4	0x13d2
0x1421	0x13ed
0x1522	0x14dc
0x1550	0x1543
0x15c6	0x1572
0x15e1	0x15d5
0x164b	0x163a
0x1d10	0x1d0a
0x1d34	0x1d23
0x1d58	0x1d52
0x1d71	0x1d59
0x1d93	0x1d8d
0x1da6	0x1d94
0x1fa2	0x1f63
0x1fef	0x1fcf
0x2045	0x1fff
0x208e	0x2046
0x20d1	0x20cb
0x2116	0x2110
0x2145	0x213f
0x21a8	0x21a2
0x21be	0x21b8
0x21e5	0x21bf
0x21ec	0x21e6
0x223b	0x21f5
0x35d4	0x3580
0x382d	0x3829
0x3d0c	0x3cd6B0x464aB0x381f
0x3d0c	0x3cd6B0x3ca2B0x3c13
0x3d0c	0x3cd6B0x3ca2B0x382e
0x3d0c	0x3cd6B0x3ca2B0x2dfdB0x232fB0x137c
0x3d0c	0x3cd6B0x3ca2B0x3eeaB0x232fB0x137c
0x3d0c	0x3cd6B0x464aB0x40c3B0x232fB0x137c
0x3d0c	0x3cd6B0x3ca2B0x2dfdB0x232fB0x15e2
0x3d0c	0x3cd6B0x3ca2B0x3eeaB0x232fB0x15e2
0x3d0c	0x3cd6B0x464aB0x40c3B0x232fB0x15e2
0x414b	0x4105
0x426e	0x4228
0x474e	0x46f5B0x464aB0x381f
0x474e	0x46f5B0x3ca2B0x3c13
0x474e	0x46f5B0x3ca2B0x382e
0x474e	0x46f5B0x3ca2B0x2dfdB0x232fB0x137c
0x474e	0x46f5B0x3ca2B0x3eeaB0x232fB0x137c
0x474e	0x46f5B0x464aB0x40c3B0x232fB0x137c
0x474e	0x46f5B0x3ca2B0x2dfdB0x232fB0x15e2
0x474e	0x46f5B0x3ca2B0x3eeaB0x232fB0x15e2
0x474e	0x46f5B0x464aB0x40c3B0x232fB0x15e2
0x4aad	0x4aa7
0x4d38	0x4d2a
0x4f35	0x4f28
0x4faa	0x4fa5
0x506e	0x5068
0x52fc	0x52f6
0x54fd	0x54e8
0x552c	0x5524
0x55c8	0x55c2
0x55d0	0x55c9
0x5627	0x5621
0x56af	0x56a3
0x56cc	0x56c3
0x1ba50	0x7d1
0x1ec50	0x1245
0x23250	0x1cee
0x23c50	0x1ff0
0x25050	0x20f0
0x25a50	0x2175
0x28250	0x297d
0x34050	0x373a
0x34a50	0x3769
0x3e050	0x4fb9
0x9d29a	0x84cc0
0x9d2f2	0x9d2db
0x9d347	0x9d33a
0x9d39c	0x9d38f
0x9d3c9	0x9d3bc
0x9d3f6	0x9d3e9
0x9d423	0x9d416
0x9d492	0x9d485
0xb5b01	0x9d527
0xb5b2e	0xb5b21
0xce128	0xb5b4e
0xce176	0xce169
0xce1a3	0xce196
0xce1d0	0xce1c3
0xce250	0xce239
0xe684a	0xce270
0xe6881	0xe686a
0xe68ae	0xe68a1
0xe68db	0xe68ce
0xe698e	0xe6981
0xfefa9	0xe69cf
0xff018	0xff00b
0xff045	0xff038
0xff197	0xff17f
0xff1cf	0xff1b7
0xff207	0xff1ef
0xff341	0xff329
0xff379	0xff361
0xff3b1	0xff399
0xff456	0xff43e
0xff48e	0xff476
0xff511	0xff4f9
0xff56e	0xff556
0x10086e	0x100861
0x10089b	0x10088e
0x1008d2	0x1008bb
0x1008ff	0x1008f2
0x100937	0x10091f
0xc	0x0
0x1d	0xd
0x28	0x1e
0x33	0x29
0xc1	0xb6
0x144	0x139
0x14f	0x145
0x1d2	0x1c7
0x24f	0x24a
0x25d	0x256
0x292	0x28b
0x2b4	0x2ad
0x2ea	0x2e3
0x30d	0x306
0x33d	0x336
0x352	0x34b
0x367	0x360
0x37c	0x375
0x39c	0x395
0x3bc	0x3b5
0x3e3	0x3dc
0x3f8	0x3f1
0x41a	0x413
0x432	0x42b
0x447	0x440
0x477	0x470
0x497	0x490
0x4ac	0x4a5
0x4c1	0x4ba
0x4e1	0x4da
0x4f6	0x4ef
0x51e	0x517
0x53e	0x537
0x55e	0x557
0x594	0x58d
0x5a9	0x5a2
0x5be	0x5b7
0x5d3	0x5cc
0x5f3	0x5ec
0x627	0x620
0x63c	0x635
0x65c	0x655
0x68f	0x688
0x6af	0x6a8
0x6c4	0x6bd
0x6e4	0x6dd
0x704	0x6fd
0x724	0x71d
0x758	0x751
0x9ea	0x99f
0xa2a	0xa18
0xda8	0xd69
0xde8	0xdd6
0xe73	0xe26
0xebc	0xea1
0xf13	0xefb
0xffb	0xfed
0x1299	0x128f
0x12f1	0x12e8
0x1341	0x1339
0x1364	0x1359
0x14db	0x14d2
0x152b	0x1523
0x1571	0x1551
0x179a	0x1795
0x1cfe	0x1cf6
0x1d09	0x1cff
0x1d51	0x1d35
0x1f62	0x1f5a
0x1fce	0x1fa3
0x1ffe	0x1ff5
0x20ca	0x20bb
0x20ef	0x20d2
0x210f	0x20fc
0x213e	0x2117
0x2181	0x2178
0x21a1	0x2182
0x21b7	0x21a9
0x21f4	0x21ed
0x28e9	0x28aa
0x294f	0x2917
0x29ec	0x29dd
0x357f	0x355f
0x370c	0x36fc
0x3739	0x370d
0x3768	0x3763
0x381e	0x380e
0x3bc5	0x3b78
0x3c12	0x3bf3
0x3c81	0x3c6c
0x3c90	0x3c86
0x3d5a	0x3d0d
0x3e61	0x3e14
0x4104	0x40e7
0x4199	0x414c
0x4227	0x420a
0x42bc	0x426f
0x4341	0x42ea
0x46db	0x46cfB0x464aB0x381f
0x46db	0x46cfB0x3ca2B0x3c13
0x46db	0x46cfB0x3ca2B0x382e
0x46db	0x46cfB0x3ca2B0x2dfdB0x232fB0x137c
0x46db	0x46cfB0x3ca2B0x3eeaB0x232fB0x137c
0x46db	0x46cfB0x464aB0x40c3B0x232fB0x137c
0x46db	0x46cfB0x3ca2B0x2dfdB0x232fB0x15e2
0x46db	0x46cfB0x3ca2B0x3eeaB0x232fB0x15e2
0x46db	0x46cfB0x464aB0x40c3B0x232fB0x15e2
0x46f4	0x46f0B0x464aB0x381f
0x46f4	0x46f0B0x3ca2B0x3c13
0x46f4	0x46f0B0x3ca2B0x382e
0x46f4	0x46f0B0x3ca2B0x2dfdB0x232fB0x137c
0x46f4	0x46f0B0x3ca2B0x3eeaB0x232fB0x137c
0x46f4	0x46f0B0x464aB0x40c3B0x232fB0x137c
0x46f4	0x46f0B0x3ca2B0x2dfdB0x232fB0x15e2
0x46f4	0x46f0B0x3ca2B0x3eeaB0x232fB0x15e2
0x46f4	0x46f0B0x464aB0x40c3B0x232fB0x15e2
0x4aa6	0x4a8c
0x4d25	0x4d17
0x4ec5	0x4eb3
0x4edc	0x4eca
0x4f01	0x4eed
0x4f23	0x4f13
0x4fb8	0x4fab
0x4fc9	0x4fbf
0x5067	0x505d
0x52f5	0x52ea
0x55c1	0x55ba
0x5601	0x55f2
0x5620	0x5606
0x56be	0x56b0
0x585b	0x584e
0x12e7	0x12e1
0x17f1	0x179b
0x5075	0x506f
0x58e4	0x58d9
0xff6dc	0xff6da
0xff700	0xff6fc
0xff724	0xff720
0xff98a	0xff987
0xffaec	0xffae6
0xffcb1	0xffcac
0xffea7	0xffea3
0xffef7	0xffef0
0xfff6b	0xfff66
0xfff90	0xfff8b
0x100029	0x100022
0x100131	0x10012dB0x464aB0x381f
0x100131	0x10012dB0x3ca2B0x3c13
0x100131	0x10012dB0x3ca2B0x382e
0x100131	0x10012dB0x3ca2B0x2dfdB0x232fB0x137c
0x100131	0x10012dB0x3ca2B0x3eeaB0x232fB0x137c
0x100131	0x10012dB0x464aB0x40c3B0x232fB0x137c
0x100131	0x10012dB0x3ca2B0x2dfdB0x232fB0x15e2
0x100131	0x10012dB0x3ca2B0x3eeaB0x232fB0x15e2
0x100131	0x10012dB0x464aB0x40c3B0x232fB0x15e2
0x10041f	0x10041a
0x100541	0x10053c
0x1006a4	0x10069f
0x1007cd	0x1007c7
0x100a2a	0x100a22
0x13da	0x13d2
0x1642	0x163a
0x208a	0x2046
0x17ee	0x179b
0x250	0x21c1de
0x9d2bb	0x9d2ba
0x9d444	0x9d443
0x9d465	0x9d464
0x9d4b3	0x9d4b2
0xce149	0xce148
0xce1f1	0xce1f0
0xe69af	0xe69ae
0xfefca	0xfefc9
0xfefeb	0xfefea
0xff066	0xff065
0xce219	0xce211
0xff0f2	0xff0ea
0x100b72	0x100b6a
0x100b9a	0x100b92
0x100bc2	0x100bba
0x100bea	0x100be2
0x100c12	0x100c0a
0x100c3a	0x100c32
0x100c62	0x100c5a
0x100c8a	0x100c82
0x100cb2	0x100caa
0x100cda	0x100cd2
0x100d02	0x100cfa
0x100d2a	0x100d22
0x100d52	0x100d4a
0x100d7a	0x100d72
0x100da2	0x100d9a
0x100dca	0x100dc2
0x100df2	0x100dea
0x100e1a	0x100e12
0x100e42	0x100e3a
0x100e6a	0x100e62
0x100eba	0x100eb2
0x100f0a	0x100f02
0x100f32	0x100f2a
0x100f5a	0x100f52
0x100f82	0x100f7a
0x10127a	0x101272
0x1012a2	0x10129a
0x1012ca	0x1012c2
0x1012f2	0x1012ea
0x79	0x76
0xb5	0xb2
0xfc	0xf9
0x138	0x135
0x18a	0x187
0x1c6	0x1c3
0x20d	0x20a
0x249	0x246
0x255	0x251
0x261	0x25e
0x296	0x293
0x2b8	0x2b5
0x2ee	0x2eb
0x311	0x30e
0x341	0x33e
0x356	0x353
0x36b	0x368
0x380	0x37d
0x3a0	0x39d
0x3c0	0x3bd
0x3e7	0x3e4
0x3fc	0x3f9
0x41e	0x41b
0x436	0x433
0x44b	0x448
0x47b	0x478
0x49b	0x498
0x4b0	0x4ad
0x4c5	0x4c2
0x4e5	0x4e2
0x4fa	0x4f7
0x522	0x51f
0x542	0x53f
0x562	0x55f
0x598	0x595
0x5ad	0x5aa
0x5c2	0x5bf
0x5d7	0x5d4
0x5f7	0x5f4
0x62b	0x628
0x640	0x63d
0x660	0x65d
0x693	0x690
0x6b3	0x6b0
0x6c8	0x6c5
0x6e8	0x6e5
0x708	0x705
0x728	0x725
0x75c	0x759
0x9f3	0x9eb
0xdb1	0xda9
0xe7c	0xe74
0x28f2	0x28ea
0x2958	0x2950
0x2a04	0x29ed
0x3bce	0x3bc6
0x3c85	0x3c82
0x3c99	0x3c91
0x3d63	0x3d5b
0x3e6a	0x3e62
0x41a2	0x419a
0x42c5	0x42bd
0x434a	0x4342
0x4d29	0x4d26
0x4ec9	0x4ec6
0x4ee0	0x4edd
0x4f05	0x4f02
0x4f27	0x4f24
0x4fde	0x4fca
0x5605	0x5602
0x56c2	0x56bf
0x585f	0x585c
0xb574	0xb56c
0xb670	0xb668
0xb698	0xb690
0xb6c0	0xb6b8
0xb6e8	0xb6e0
0xb710	0xb708
0xb738	0xb730
0xb760	0xb758
0xb788	0xb780
0xba12	0xb9fd
0xba47	0xba32
0xbabf	0xbab7
0xbae7	0xbadf
0xbb1c	0xbb07
0xbb51	0xbb3c
0xbb86	0xbb71
0xbbbb	0xbba6
0xbbf0	0xbbdb
0xbc18	0xbc10
0xbe11	0xbe09
0xc025	0xc01d
0xc04d	0xc045
0xc0c5	0xc0bdB0x464aB0x381f
0xc0c5	0xc0bdB0x3ca2B0x3c13
0xc0c5	0xc0bdB0x3ca2B0x382e
0xc0c5	0xc0bdB0x3ca2B0x2dfdB0x232fB0x137c
0xc0c5	0xc0bdB0x3ca2B0x3eeaB0x232fB0x137c
0xc0c5	0xc0bdB0x464aB0x40c3B0x232fB0x137c
0xc0c5	0xc0bdB0x3ca2B0x2dfdB0x232fB0x15e2
0xc0c5	0xc0bdB0x3ca2B0x3eeaB0x232fB0x15e2
0xc0c5	0xc0bdB0x464aB0x40c3B0x232fB0x15e2
0xc18c	0xc177
0xc260	0xc24b
0xc2ca	0xc2b5
0xc369	0xc354
0xc39e	0xc389
0xff74c	0xff744
0xff774	0xff76c
0xff863	0xff85b
0x20f8	0x20f0
0x54ee	0x54e8
0x326	0x321
0x32b	0x321
0x460	0x45b
0x465	0x45b
0x577	0x572
0x57c	0x572
0x771	0x76c
0x776	0x76c
0x7df	0x7d1
0x809	0x7fc
0x81e	0x811
0x834	0x826
0x997	0x989
0x9d4	0x99f
0xa0a	0x9f4
0xa36	0xa2b
0xa3d	0xa2b
0xa44	0xa2b
0xa60	0xa2b
0xaba	0xaac
0xad0	0xac2
0xb71	0xb68
0xb78	0xb68
0xbe9	0xbdc
0xbff	0xbf1
0xc2d	0xc20
0xd7b	0xd69
0xdc8	0xdb2
0xdf4	0xde9
0xdfb	0xde9
0xe02	0xde9
0xe1e	0xde9
0xe37	0xe26
0xe48	0xe26
0xe93	0xe7d
0xec8	0xebd
0xecf	0xebd
0xed6	0xebd
0xef3	0xebd
0xf1f	0xf14
0xf26	0xf14
0xf2d	0xf14
0xf4c	0xf14
0x1007	0xffc
0x100e	0xffc
0x1015	0xffc
0x103b	0xffc
0x1054	0x1043
0x1059	0x1043
0x107f	0x1072
0x1208	0x1203
0x120d	0x1203
0x122a	0x1225
0x122f	0x1225
0x12a5	0x129a
0x12ac	0x129a
0x12b3	0x129a
0x12d9	0x129a
0x12fd	0x12f2
0x1304	0x12f2
0x130b	0x12f2
0x1331	0x12f2
0x134d	0x1342
0x1370	0x1365
0x14e7	0x14dc
0x14ee	0x14dc
0x14f5	0x14dc
0x151b	0x14dc
0x1537	0x152c
0x1556	0x1551
0x155b	0x1551
0x157d	0x1572
0x1584	0x1572
0x158b	0x1572
0x15b1	0x1572
0x15bf	0x1572
0x179f	0x179b
0x17a6	0x179b
0x17b8	0x179b
0x17ba	0x179b
0x1d40	0x1d35
0x1d44	0x1d35
0x1d7d	0x1d72
0x1d81	0x1d72
0x1f6e	0x1f63
0x1f75	0x1f63
0x1f7c	0x1f63
0x1f9b	0x1f63
0x1fe0	0x1fcf
0x1fe3	0x1fcf
0x200a	0x1fff
0x2011	0x1fff
0x2018	0x1fff
0x203e	0x1fff
0x2056	0x2046
0x205d	0x2046
0x20d9	0x20d2
0x20e9	0x20d2
0x2200	0x21f5
0x2209	0x21f5
0x220e	0x21f5
0x2234	0x21f5
0x28bc	0x28aa
0x2909	0x28f3
0x2939	0x2917
0x296f	0x2959
0x298b	0x297d
0x2991	0x297d
0x29a0	0x297d
0x29a6	0x297d
0x29b9	0x297d
0x29c3	0x297d
0x29cb	0x297d
0x29f9	0x29ed
0x356f	0x355f
0x3574	0x355f
0x358b	0x3580
0x3592	0x3580
0x3599	0x3580
0x35bf	0x3580
0x35cd	0x3580
0x3719	0x370d
0x3727	0x370d
0x372b	0x370d
0x3747	0x373a
0x3755	0x373a
0x3759	0x373a
0x3776	0x3769
0x3784	0x3769
0x3788	0x3769
0x3b89	0x3b78
0x3b9a	0x3b78
0x3be5	0x3bcf
0x3c5c	0x3c2a
0x3ce3	0x3cd6B0x464aB0x381f
0x3ce3	0x3cd6B0x3ca2B0x3c13
0x3ce3	0x3cd6B0x3ca2B0x382e
0x3ce3	0x3cd6B0x3ca2B0x2dfdB0x232fB0x137c
0x3ce3	0x3cd6B0x3ca2B0x3eeaB0x232fB0x137c
0x3ce3	0x3cd6B0x464aB0x40c3B0x232fB0x137c
0x3ce3	0x3cd6B0x3ca2B0x2dfdB0x232fB0x15e2
0x3ce3	0x3cd6B0x3ca2B0x3eeaB0x232fB0x15e2
0x3ce3	0x3cd6B0x464aB0x40c3B0x232fB0x15e2
0x3ce6	0x3cd6B0x464aB0x381f
0x3ce6	0x3cd6B0x3ca2B0x3c13
0x3ce6	0x3cd6B0x3ca2B0x382e
0x3ce6	0x3cd6B0x3ca2B0x2dfdB0x232fB0x137c
0x3ce6	0x3cd6B0x3ca2B0x3eeaB0x232fB0x137c
0x3ce6	0x3cd6B0x464aB0x40c3B0x232fB0x137c
0x3ce6	0x3cd6B0x3ca2B0x2dfdB0x232fB0x15e2
0x3ce6	0x3cd6B0x3ca2B0x3eeaB0x232fB0x15e2
0x3ce6	0x3cd6B0x464aB0x40c3B0x232fB0x15e2
0x3d08	0x3cd6B0x464aB0x381f
0x3d08	0x3cd6B0x3ca2B0x3c13
0x3d08	0x3cd6B0x3ca2B0x382e
0x3d08	0x3cd6B0x3ca2B0x2dfdB0x232fB0x137c
0x3d08	0x3cd6B0x3ca2B0x3eeaB0x232fB0x137c
0x3d08	0x3cd6B0x464aB0x40c3B0x232fB0x137c
0x3d08	0x3cd6B0x3ca2B0x2dfdB0x232fB0x15e2
0x3d08	0x3cd6B0x3ca2B0x3eeaB0x232fB0x15e2
0x3d08	0x3cd6B0x464aB0x40c3B0x232fB0x15e2
0x3d1e	0x3d0d
0x3d2f	0x3d0d
0x3d7a	0x3d64
0x3dab	0x3d88
0x3e25	0x3e14
0x3e36	0x3e14
0x3e81	0x3e6b
0x3ead	0x3e8f
0x4110	0x4105
0x4117	0x4105
0x411e	0x4105
0x4144	0x4105
0x415d	0x414c
0x416e	0x414c
0x41b9	0x41a3
0x41e5	0x41c7
0x4233	0x4228
0x423a	0x4228
0x4241	0x4228
0x4267	0x4228
0x4280	0x426f
0x4291	0x426f
0x42dc	0x42c6
0x42fe	0x42ea
0x430e	0x42ea
0x431e	0x42ea
0x4361	0x434b
0x437d	0x436f
0x4399	0x436f
0x468a	0x467aB0x464aB0x381f
0x468a	0x467aB0x3ca2B0x3c13
0x468a	0x467aB0x3ca2B0x382e
0x468a	0x467aB0x3ca2B0x2dfdB0x232fB0x137c
0x468a	0x467aB0x3ca2B0x3eeaB0x232fB0x137c
0x468a	0x467aB0x464aB0x40c3B0x232fB0x137c
0x468a	0x467aB0x3ca2B0x2dfdB0x232fB0x15e2
0x468a	0x467aB0x3ca2B0x3eeaB0x232fB0x15e2
0x468a	0x467aB0x464aB0x40c3B0x232fB0x15e2
0x468f	0x467aB0x464aB0x381f
0x468f	0x467aB0x3ca2B0x3c13
0x468f	0x467aB0x3ca2B0x382e
0x468f	0x467aB0x3ca2B0x2dfdB0x232fB0x137c
0x468f	0x467aB0x3ca2B0x3eeaB0x232fB0x137c
0x468f	0x467aB0x464aB0x40c3B0x232fB0x137c
0x468f	0x467aB0x3ca2B0x2dfdB0x232fB0x15e2
0x468f	0x467aB0x3ca2B0x3eeaB0x232fB0x15e2
0x468f	0x467aB0x464aB0x40c3B0x232fB0x15e2
0x46b5	0x467aB0x464aB0x381f
0x46b5	0x467aB0x3ca2B0x3c13
0x46b5	0x467aB0x3ca2B0x382e
0x46b5	0x467aB0x3ca2B0x2dfdB0x232fB0x137c
0x46b5	0x467aB0x3ca2B0x3eeaB0x232fB0x137c
0x46b5	0x467aB0x464aB0x40c3B0x232fB0x137c
0x46b5	0x467aB0x3ca2B0x2dfdB0x232fB0x15e2
0x46b5	0x467aB0x3ca2B0x3eeaB0x232fB0x15e2
0x46b5	0x467aB0x464aB0x40c3B0x232fB0x15e2
0x4700	0x46f5B0x464aB0x381f
0x4700	0x46f5B0x3ca2B0x3c13
0x4700	0x46f5B0x3ca2B0x382e
0x4700	0x46f5B0x3ca2B0x2dfdB0x232fB0x137c
0x4700	0x46f5B0x3ca2B0x3eeaB0x232fB0x137c
0x4700	0x46f5B0x464aB0x40c3B0x232fB0x137c
0x4700	0x46f5B0x3ca2B0x2dfdB0x232fB0x15e2
0x4700	0x46f5B0x3ca2B0x3eeaB0x232fB0x15e2
0x4700	0x46f5B0x464aB0x40c3B0x232fB0x15e2
0x4707	0x46f5B0x464aB0x381f
0x4707	0x46f5B0x3ca2B0x3c13
0x4707	0x46f5B0x3ca2B0x382e
0x4707	0x46f5B0x3ca2B0x2dfdB0x232fB0x137c
0x4707	0x46f5B0x3ca2B0x3eeaB0x232fB0x137c
0x4707	0x46f5B0x464aB0x40c3B0x232fB0x137c
0x4707	0x46f5B0x3ca2B0x2dfdB0x232fB0x15e2
0x4707	0x46f5B0x3ca2B0x3eeaB0x232fB0x15e2
0x4707	0x46f5B0x464aB0x40c3B0x232fB0x15e2
0x470e	0x46f5B0x464aB0x381f
0x470e	0x46f5B0x3ca2B0x3c13
0x470e	0x46f5B0x3ca2B0x382e
0x470e	0x46f5B0x3ca2B0x2dfdB0x232fB0x137c
0x470e	0x46f5B0x3ca2B0x3eeaB0x232fB0x137c
0x470e	0x46f5B0x464aB0x40c3B0x232fB0x137c
0x470e	0x46f5B0x3ca2B0x2dfdB0x232fB0x15e2
0x470e	0x46f5B0x3ca2B0x3eeaB0x232fB0x15e2
0x470e	0x46f5B0x464aB0x40c3B0x232fB0x15e2
0x4734	0x46f5B0x464aB0x381f
0x4734	0x46f5B0x3ca2B0x3c13
0x4734	0x46f5B0x3ca2B0x382e
0x4734	0x46f5B0x3ca2B0x2dfdB0x232fB0x137c
0x4734	0x46f5B0x3ca2B0x3eeaB0x232fB0x137c
0x4734	0x46f5B0x464aB0x40c3B0x232fB0x137c
0x4734	0x46f5B0x3ca2B0x2dfdB0x232fB0x15e2
0x4734	0x46f5B0x3ca2B0x3eeaB0x232fB0x15e2
0x4734	0x46f5B0x464aB0x40c3B0x232fB0x15e2
0x4747	0x46f5B0x464aB0x381f
0x4747	0x46f5B0x3ca2B0x3c13
0x4747	0x46f5B0x3ca2B0x382e
0x4747	0x46f5B0x3ca2B0x2dfdB0x232fB0x137c
0x4747	0x46f5B0x3ca2B0x3eeaB0x232fB0x137c
0x4747	0x46f5B0x464aB0x40c3B0x232fB0x137c
0x4747	0x46f5B0x3ca2B0x2dfdB0x232fB0x15e2
0x4747	0x46f5B0x3ca2B0x3eeaB0x232fB0x15e2
0x4747	0x46f5B0x464aB0x40c3B0x232fB0x15e2
0x4fa8	0x4fa5
0x4fd4	0x4fca
0x4fd9	0x4fca
0x54f5	0x54e8
0x562c	0x5628
0x563f	0x563c
0x5649	0x563c
0x565a	0x5655
0x566b	0x5666
0x567c	0x5677
0x5686	0x5677
0x5697	0x5692
0x56a8	0x56a3
0x5875	0x5873
0x587f	0x5873
0x5892	0x588d
0x58a5	0x58a0
0x58b8	0x58b3
0x58cb	0x58c6
0x58de	0x58d9
0xba08	0xb9fd
0xba0d	0xb9fd
0xba3d	0xba32
0xba42	0xba32
0xbb12	0xbb07
0xbb17	0xbb07
0xbb47	0xbb3c
0xbb4c	0xbb3c
0xbb7c	0xbb71
0xbb81	0xbb71
0xbbb1	0xbba6
0xbbb6	0xbba6
0xbbe6	0xbbdb
0xbbeb	0xbbdb
0xc182	0xc177
0xc187	0xc177
0xc256	0xc24b
0xc25b	0xc24b
0xc2c0	0xc2b5
0xc2c5	0xc2b5
0xc35f	0xc354
0xc364	0xc354
0xc394	0xc389
0xc399	0xc389
0x84cc8	0x84cc0
0x9d2eb	0x9d2db
0x9d340	0x9d33a
0x9d395	0x9d38f
0x9d3c2	0x9d3bc
0x9d3ef	0x9d3e9
0x9d41c	0x9d416
0x9d48b	0x9d485
0x9d52f	0x9d527
0xb5b27	0xb5b21
0xb5b56	0xb5b4e
0xce16f	0xce169
0xce19c	0xce196
0xce1c9	0xce1c3
0xce249	0xce239
0xce278	0xce270
0xe687a	0xe686a
0xe68a7	0xe68a1
0xe68d4	0xe68ce
0xe6987	0xe6981
0xe69d7	0xe69cf
0xff011	0xff00b
0xff03e	0xff038
0xff18a	0xff17f
0xff18e	0xff17f
0xff1c2	0xff1b7
0xff1c6	0xff1b7
0xff1fa	0xff1ef
0xff1fe	0xff1ef
0xff334	0xff329
0xff338	0xff329
0xff36c	0xff361
0xff370	0xff361
0xff3a4	0xff399
0xff3a8	0xff399
0xff449	0xff43e
0xff44d	0xff43e
0xff481	0xff476
0xff485	0xff476
0xff504	0xff4f9
0xff508	0xff4f9
0xff561	0xff556
0xff565	0xff556
0x10041d	0x10041a
0x100867	0x100861
0x100894	0x10088e
0x1008cb	0x1008bb
0x1008f8	0x1008f2
0x10092a	0x10091f
0x10092e	0x10091f
0x212d	0x2117
0x215c	0x2146
0x21d5	0x21bf
0xa6d	0xa68
0xa8b	0xa83
0xa94	0xa8d
0xaa7	0xa8d
0xf73	0xf54
0xf92	0xf7f
0xfae	0xfa6
0xfbf	0xfb0
0x1070	0x1043
0x124f	0x1245
0x12e6	0x12e1
0x13fa	0x13ed
0x17c5	0x179b
0x9ef	0x9eb
0xdad	0xda9
0xe78	0xe74
0x1feb	0x1fcf
0x28ee	0x28ea
0x2954	0x2950
0x3bca	0x3bc6
0x3c95	0x3c91
0x3d5f	0x3d5b
0x3e66	0x3e62
0x419e	0x419a
0x42c1	0x42bd
0x4346	0x4342
0x24a	0x24a
0x139	0x139
0xb6	0xb6
0x7a	0x7a
0xfd	0xfd
0x1c7	0x1c7
0x18b	0x18b
0x20e	0x20e
0x251	0x251
0x262	0x262
0x84cc0	0x84cc0
0x271	0x271
0x48d8	0x48d8B0x262
0x78e	0x78eB0x271
0x297	0x297
0x9d2ba	0x9d2ba
0x2a6	0x2a6
0x4908	0x4908B0x297
0x4908	0x4908B0x3c1
0x4908	0x4908B0x4c6
0x4908	0x4908B0x563
0x7b9	0x7b9B0x2a6
0x2b9	0x2b9
0x9d2db	0x9d2db
0x2c8	0x2c8
0x4925	0x4925B0x2b9
0x4925	0x4925B0x312
0x4925	0x4925B0x44c
0x4925	0x4925B0x5d8
0x4925	0x4925B0x6c9
0x4925	0x4925B0x75d
0x2ef	0x2ef
0x9d33a	0x9d33a
0x7d1	0x7d1
0x312	0x312
0x9d38f	0x9d38f
0x321	0x321
0x342	0x342
0x9d3bc	0x9d3bc
0x7fc	0x7fc
0x357	0x357
0x9d3e9	0x9d3e9
0x811	0x811
0x36c	0x36c
0x9d416	0x9d416
0x826	0x826
0x381	0x381
0x9d443	0x9d443
0x390	0x390
0x493e	0x493eB0x381
0x493e	0x493eB0x3a1
0x493e	0x493eB0x543
0x493e	0x493eB0x6e9
0x83c	0x83cB0x390
0x3a1	0x3a1
0x9d464	0x9d464
0x3b0	0x3b0
0x866	0x866B0x3b0
0x3c1	0x3c1
0x9d485	0x9d485
0x3d0	0x3d0
0x3e8	0x3e8
0x9d4b2	0x9d4b2
0x8e5	0x8e5B0x3e8
0x3fd	0x3fd
0x9d4d3	0x9d4d3
0x8fb	0x8fbB0x3fd
0x41f	0x41f
0x9d527	0x9d527
0x437	0x437
0xb5b21	0xb5b21
0x989	0x989
0x44c	0x44c
0xb5b4e	0xb5b4e
0x45b	0x45b
0x47c	0x47c
0xce148	0xce148
0x48b	0x48b
0x4bfc	0x4bfcB0x47c
0x99f	0x99f
0x49c	0x49c
0xce169	0xce169
0xaac	0xaac
0x4b1	0x4b1
0xce196	0xce196
0xac2	0xac2
0x4c6	0x4c6
0xce1c3	0xce1c3
0x4d5	0x4d5
0xad8	0xad8B0x4d5
0x4e6	0x4e6
0xce1f0	0xce1f0
0xaf6	0xaf6B0x4e6
0x4fb	0x4fb
0x504	0x504
0xb09	0xb09
0xce211	0xce211
0x4c81	0x4c81B0x504
0x523	0x523
0xce239	0xce239
0x532	0x532
0x4d17	0x4d17
0xb92	0xb92B0x532
0x543	0x543
0xce270	0xce270
0x552	0x552
0xbb1	0xbb1B0x552
0xbb1	0xbb1B0x178b
0xbb1	0xbb1B0x10f4B0x11f9
0xbb1	0xbb1B0x16e3B0x11c4
0xbb1	0xbb1B0x1ec7B0x15c7
0x563	0x563
0xe686a	0xe686a
0x572	0x572
0x599	0x599
0xe68a1	0xe68a1
0xbdc	0xbdc
0x5ae	0x5ae
0xe68ce	0xe68ce
0xbf1	0xbf1
0x5c3	0x5c3
0x5d8	0x5d8
0xe6928	0xe6928
0x5e7	0x5e7
0xc07	0xc07B0x5e7
0x5f8	0x5f8
0x62c	0x62c
0xe6981	0xe6981
0xc20	0xc20
0x641	0x641
0xe69ae	0xe69ae
0x650	0x650
0x4d47	0x4d47B0x641
0xc35	0xc35B0x650
0x661	0x661
0xe69cf	0xe69cf
0x670	0x670
0x4e6a	0x4e6aB0x661
0xd69	0xd69
0xfefc9	0xfefc9
0x683	0x683
0x4eb3	0x4eb3
0xf7f	0xf7f
0x694	0x694
0xfefea	0xfefea
0x6a3	0x6a3
0x4f36	0x4f36B0x694
0xfc3	0xfc3
0x6b4	0x6b4
0xff00b	0xff00b
0x1072	0x1072
0x6c9	0x6c9
0xff038	0xff038
0x6d8	0x6d8
0x1087	0x1087B0x6d8
0x6e9	0x6e9
0xff065	0xff065
0x6f8	0x6f8
0x109e	0x109eB0x6f8
0x709	0x709
0x729	0x729
0x75d	0x75d
0x781	0x781
0x76c	0x76c
0xff0ea	0xff0ea
0x4f98	0x4f98
0xf8	0xee
0xff17f	0xff17f
0x29	0x29
0xff1b7	0xff1b7
0x4c4d	0x4c42B0x47c
0xff1ef	0xff1ef
0xff329	0xff329
0x9f4	0x9f4
0xa18	0xa18
0x4fea	0x4feaB0x9f4
0x4fea	0x4feaB0xdb2
0x4fea	0x4feaB0xe7d
0x4fea	0x4feaB0x28f3
0x4fea	0x4feaB0x3bcf
0x4fea	0x4feaB0x3d64
0x4fea	0x4feaB0x3e6b
0x4fea	0x4feaB0x41a3
0x4fea	0x4feaB0x42c6
0x4fea	0x4feaB0x434b
0x4fea	0x4feaB0x37ea0x36ee
0x4fea	0x4feaB0x44f0B0x36ee
0x4fea	0x4feaB0x37ea0x43b4B0x36ee
0x4fea	0x4feaB0x1a5bB0x137c
0x4fea	0x4feaB0x1b53B0x137c
0x4fea	0x4feaB0x2d3bB0x232fB0x137c
0x4fea	0x4feaB0x2daaB0x232fB0x137c
0x4fea	0x4feaB0x2f27B0x232fB0x137c
0x4fea	0x4feaB0x1a5bB0x15e2
0x4fea	0x4feaB0x1b53B0x15e2
0x4fea	0x4feaB0x2d3bB0x232fB0x15e2
0x4fea	0x4feaB0x2daaB0x232fB0x15e2
0x4fea	0x4feaB0x2f27B0x232fB0x15e2
0xa68	0xa68
0x13	0xd
0xb56c	0xb56c
0xa76	0xa76
0x128f	0x128f
0xa83	0xa83
0x12e8	0x12e8
0xa8d	0xa8d
0xff361	0xff361
0xff399	0xff399
0xb3d	0xb3d
0x1422	0x1422B0xb09
0x1422	0x1422B0xb3d
0xb68	0xb68
0xff43e	0xff43e
0xff476	0xff476
0xff4f9	0xff4f9
0xdb2	0xdb2
0xdd6	0xdd6
0xe26	0xe26
0xb668	0xb668
0xe7d	0xe7d
0xea1	0xea1
0xefb	0xefb
0xb690	0xb690
0xf54	0xf54
0x51	0x4a
0xb6b8	0xb6b8
0xf9a	0xf9a
0xfa6	0xfa6
0x14d2	0x14d2
0xfb0	0xfb0
0xfed	0xfed
0x11c4	0x11c4
0x1043	0x1043
0xb6e0	0xb6e0
0xff556	0xff556
0xff6da	0xff6da
0x16e3	0x16e3B0x11c4
0x1203	0x1203
0x10f4	0x10f4B0x11f9
0xff6fc	0xff6fc
0x117a	0x117aB0x1203
0x1225	0x1225
0x178b	0x178b
0xff720	0xff720
0x17f2	0x17f2B0x1225
0x1245	0x1245
0x1807	0x1807B0x123d
0x12e1	0x12e1
0xb708	0xb708
0x1339	0x1339
0x1e	0x1e
0xb730	0xb730
0x1359	0x1359
0xff744	0xff744
0x517b	0x517bB0x1342
0x517b	0x517bB0x1365
0x517b	0x517bB0x152c
0x137c	0x137c
0xff76c	0xff76c
0x1391	0x1391
0x1852	0x1852B0x137c
0x1852	0x1852B0x15e2
0x13d2	0x13d2
0x51b2	0x51b2B0x1391
0x51b2	0x51b2B0x15f8
0x13ed	0x13ed
0x1c3f	0x1c3fB0x13e5
0x1c3f	0x1c3fB0x1852B0x137c
0x1c3f	0x1c3fB0x1852B0x15e2
0x1272	0x12720x123d
0x1272	0x12720x13e5
0x1523	0x1523
0xb758	0xb758
0x1543	0x1543
0xff85b	0xff85b
0x1551	0x1551
0x1cee	0x1cee
0x15c7	0x15c7
0xb780	0xb780
0x15d5	0x15d5
0x1da7	0x1da7B0x15c7
0x15e2	0x15e2
0x1f5a	0x1f5a
0x15f8	0x15f8
0x163a	0x163a
0x1795	0x1795
0xff987	0xff987
0x1d94	0x1d94
0x1d11	0x1d11
0xb9fd	0xb9fd
0x1d23	0x1d23
0x5294	0x5294B0x1d11
0x5294	0x5294B0x18afB0x137c
0x5294	0x5294B0x190cB0x137c
0x5294	0x5294B0x1988B0x137c
0x5294	0x5294B0x18afB0x15e2
0x5294	0x5294B0x190cB0x15e2
0x5294	0x5294B0x1988B0x15e2
0x1d35	0x1d35
0x54d6	0x54d6
0x1d59	0x1d59
0xba32	0xba32
0x1d72	0x1d72
0x54fe	0x54fe
0x1d8d	0x1d8d
0x505d	0x505d
0x1cf6	0x1cf6
0x1fa3	0x1fa3
0xbab7	0xbab7
0x1ff0	0x1ff0
0x1ff5	0x1ff5
0x2046	0x2046
0xbadf	0xbadf
0x20b0	0x20b0
0x55a3	0x55a3B0x20a1
0x55a3	0x55a3B0x2146
0x20bb	0x20bb
0x52fd	0x52fdB0x20b0
0x52fd	0x52fdB0x216a
0x52fd	0x52fdB0x18f0B0x137c
0x52fd	0x52fdB0x18f0B0x15e2
0x20d2	0x20d2
0xbb07	0xbb07
0x20fc	0x20fc
0x2117	0x2117
0xbb3c	0xbb3c
0xfb	0xf9
0x2146	0x2146
0xbb71	0xbb71
0x216a	0x216a
0x2175	0x2175
0x21ed	0x21ed
0x21a9	0x21a9
0xbba6	0xbba6
0x21bf	0x21bf
0xbbdb	0xbbdb
0x21e6	0x21e6
0x55ba	0x55ba
0x2178	0x2178
0xffae6	0xffae6
0xbc10	0xbc10
0x28f3	0x28f3
0x2917	0x2917
0x2959	0x2959
0x297d	0x297d
0x570d	0x570dB0x2959
0x570d	0x570dB0x3df00x3d0d
0x570d	0x570dB0x3df00x3e14
0x570d	0x570dB0x3df00x40e7
0x570d	0x570dB0x3df00x420a
0x570d	0x570dB0x24bcB0x137c
0x570d	0x570dB0x27f5B0x137c
0x570d	0x570dB0x24bcB0x15e2
0x570d	0x570dB0x27f5B0x15e2
0xffcac	0xffcac
0xe2	0xd8
0xffea3	0xffea3
0xbe09	0xbe09
0x36fc	0x36fc
0x43b4	0x43b4B0x36ee
0xffef0	0xffef0
0x3763	0x3763
0x3792	0x37920x36ee
0x3792	0x37920x43b4B0x36ee
0x382e	0x382e
0x3829	0x3829
0x464a	0x464aB0x381f
0x464a	0x464aB0x40c3B0x232fB0x137c
0x464a	0x464aB0x40c3B0x232fB0x15e2
0xfff66	0xfff66
0xfff8b	0xfff8b
0x3ca2	0x3ca2B0x3c13
0x3ca2	0x3ca2B0x382e
0x3ca2	0x3ca2B0x2dfdB0x232fB0x137c
0x3ca2	0x3ca2B0x3eeaB0x232fB0x137c
0x3ca2	0x3ca2B0x2dfdB0x232fB0x15e2
0x3ca2	0x3ca2B0x3eeaB0x232fB0x15e2
0x3bcf	0x3bcf
0x3bf3	0x3bf3
0x3c2a	0x3c2a
0x3c6c	0x3c6c
0x5a0d	0x5a0dB0x3c2a
0x5a0d	0x5a0dB0x3e8f
0x5a0d	0x5a0dB0x41c7
0x5a0d	0x5a0dB0x436f
0x3c86	0x3c86
0x100022	0x100022
0x467a	0x467aB0x464aB0x381f
0x467a	0x467aB0x3ca2B0x3c13
0x467a	0x467aB0x3ca2B0x382e
0x467a	0x467aB0x3ca2B0x2dfdB0x232fB0x137c
0x467a	0x467aB0x3ca2B0x3eeaB0x232fB0x137c
0x467a	0x467aB0x464aB0x40c3B0x232fB0x137c
0x467a	0x467aB0x3ca2B0x2dfdB0x232fB0x15e2
0x467a	0x467aB0x3ca2B0x3eeaB0x232fB0x15e2
0x467a	0x467aB0x464aB0x40c3B0x232fB0x15e2
0x3d64	0x3d64
0x3d88	0x3d88
0x3dd1	0x3dd10x3d0d
0x3dd1	0x3dd10x3e14
0x3dd1	0x3dd10x40e7
0x3dd1	0x3dd10x420a
0x58e5	0x58e5B0x3d88
0x58e5	0x58e5B0x2e2dB0x232fB0x137c
0x58e5	0x58e5B0x2e2dB0x232fB0x15e2
0x3e6b	0x3e6b
0x3e8f	0x3e8f
0x414c	0x414c
0xc01d	0xc01d
0x41a3	0x41a3
0x41c7	0x41c7
0x426f	0x426f
0xc045	0xc045
0x42c6	0x42c6
0x42ea	0x42ea
0x434b	0x434b
0x436f	0x436f
0x46cf	0x46cfB0x464aB0x381f
0x46cf	0x46cfB0x3ca2B0x3c13
0x46cf	0x46cfB0x3ca2B0x382e
0x46cf	0x46cfB0x3ca2B0x2dfdB0x232fB0x137c
0x46cf	0x46cfB0x3ca2B0x3eeaB0x232fB0x137c
0x46cf	0x46cfB0x464aB0x40c3B0x232fB0x137c
0x46cf	0x46cfB0x3ca2B0x2dfdB0x232fB0x15e2
0x46cf	0x46cfB0x3ca2B0x3eeaB0x232fB0x15e2
0x46cf	0x46cfB0x464aB0x40c3B0x232fB0x15e2
0x474f	0x474fB0x467aB0x464aB0x381f
0x474f	0x474fB0x467aB0x3ca2B0x3c13
0x474f	0x474fB0x467aB0x3ca2B0x382e
0x474f	0x474fB0x467aB0x3ca2B0x2dfdB0x232fB0x137c
0x474f	0x474fB0x467aB0x3ca2B0x3eeaB0x232fB0x137c
0x474f	0x474fB0x467aB0x464aB0x40c3B0x232fB0x137c
0x474f	0x474fB0x467aB0x3ca2B0x2dfdB0x232fB0x15e2
0x474f	0x474fB0x467aB0x3ca2B0x3eeaB0x232fB0x15e2
0x474f	0x474fB0x467aB0x464aB0x40c3B0x232fB0x15e2
0x46f0	0x46f0B0x464aB0x381f
0x46f0	0x46f0B0x3ca2B0x3c13
0x46f0	0x46f0B0x3ca2B0x382e
0x46f0	0x46f0B0x3ca2B0x2dfdB0x232fB0x137c
0x46f0	0x46f0B0x3ca2B0x3eeaB0x232fB0x137c
0x46f0	0x46f0B0x464aB0x40c3B0x232fB0x137c
0x46f0	0x46f0B0x3ca2B0x2dfdB0x232fB0x15e2
0x46f0	0x46f0B0x3ca2B0x3eeaB0x232fB0x15e2
0x46f0	0x46f0B0x464aB0x40c3B0x232fB0x15e2
0x5a38	0x5a38B0x46dcB0x464aB0x381f
0x5a38	0x5a38B0x46dcB0x3ca2B0x3c13
0x5a38	0x5a38B0x46dcB0x3ca2B0x382e
0x5a38	0x5a38B0x46dcB0x3ca2B0x2dfdB0x232fB0x137c
0x5a38	0x5a38B0x46dcB0x3ca2B0x3eeaB0x232fB0x137c
0x5a38	0x5a38B0x46dcB0x464aB0x40c3B0x232fB0x137c
0x5a38	0x5a38B0x46dcB0x3ca2B0x2dfdB0x232fB0x15e2
0x5a38	0x5a38B0x46dcB0x3ca2B0x3eeaB0x232fB0x15e2
0x5a38	0x5a38B0x46dcB0x464aB0x40c3B0x232fB0x15e2
0x10012d	0x10012dB0x464aB0x381f
0x10012d	0x10012dB0x3ca2B0x3c13
0x10012d	0x10012dB0x3ca2B0x382e
0x10012d	0x10012dB0x3ca2B0x2dfdB0x232fB0x137c
0x10012d	0x10012dB0x3ca2B0x3eeaB0x232fB0x137c
0x10012d	0x10012dB0x464aB0x40c3B0x232fB0x137c
0x10012d	0x10012dB0x3ca2B0x2dfdB0x232fB0x15e2
0x10012d	0x10012dB0x3ca2B0x3eeaB0x232fB0x15e2
0x10012d	0x10012dB0x464aB0x40c3B0x232fB0x15e2
0xc0bd	0xc0bdB0x464aB0x381f
0xc0bd	0xc0bdB0x3ca2B0x3c13
0xc0bd	0xc0bdB0x3ca2B0x382e
0xc0bd	0xc0bdB0x3ca2B0x2dfdB0x232fB0x137c
0xc0bd	0xc0bdB0x3ca2B0x3eeaB0x232fB0x137c
0xc0bd	0xc0bdB0x464aB0x40c3B0x232fB0x137c
0xc0bd	0xc0bdB0x3ca2B0x2dfdB0x232fB0x15e2
0xc0bd	0xc0bdB0x3ca2B0x3eeaB0x232fB0x15e2
0xc0bd	0xc0bdB0x464aB0x40c3B0x232fB0x15e2
0x10041a	0x10041a
0xc177	0xc177
0x4d2a	0x4d2a
0x4eca	0x4eca
0x4ee1	0x4ee1
0x4eed	0x4eed
0x49e0	0x49e0B0x4ee1
0x49e0	0x49e0B0x4c42B0x47c
0x4f06	0x4f06
0x4f13	0x4f13
0x4b58	0x4b58B0x4f06
0x4b58	0x4b58B0x4c67B0x47c
0x4f28	0x4f28
0x4fa5	0x4fa5
0x4f7a	0x4f7aB0x4f98
0x4f7a	0x4f7aB0x51b2B0x1391
0x4f7a	0x4f7aB0x51b2B0x15f8
0x4fbf	0x4fbf
0x10053c	0x10053c
0x506f	0x506f
0xc24b	0xc24b
0x10069f	0x10069f
0xc2b5	0xc2b5
0x54e8	0x54e8
0x496e	0x496eB0x54d6
0x496e	0x496eB0x54fe
0x496e	0x496eB0x5510
0x496e	0x496eB0x4992B0x49beB0x9d4d3
0x496e	0x496eB0x4992B0x4c81B0x504
0x496e	0x496eB0x4992B0x4ca1B0x504
0x496e	0x496eB0x4992B0x49beB0xe6928
0x496e	0x496eB0x521fB0x11c4
0x496e	0x496eB0x5257B0x11c4
0x496e	0x496eB0x4992B0x49beB0x1716B0x11c4
0x496e	0x496eB0x4992B0x501dB0x650
0x496e	0x496eB0x4992B0x5491B0x137c
0x496e	0x496eB0x4992B0x49beB0x19c0B0x137c
0x496e	0x496eB0x4992B0x539fB0x546fB0x1ab5B0x137c
0x496e	0x496eB0x552dB0x15c7
0x496e	0x496eB0x4992B0x5491B0x15e2
0x496e	0x496eB0x4992B0x49beB0x19c0B0x15e2
0x496e	0x496eB0x4992B0x539fB0x546fB0x1ab5B0x15e2
0x496e	0x496eB0x5a55B0x467aB0x464aB0x381f
0x496e	0x496eB0x4992B0x49beB0x4858B0x47b8B0x467aB0x464aB0x381f
0x496e	0x496eB0x5a55B0x467aB0x3ca2B0x3c13
0x496e	0x496eB0x4992B0x49beB0x4858B0x47b8B0x467aB0x3ca2B0x3c13
0x496e	0x496eB0x5a55B0x467aB0x3ca2B0x382e
0x496e	0x496eB0x4992B0x49beB0x4858B0x47b8B0x467aB0x3ca2B0x382e
0x496e	0x496eB0x5a55B0x467aB0x3ca2B0x2dfdB0x232fB0x137c
0x496e	0x496eB0x4992B0x49beB0x4858B0x47b8B0x467aB0x3ca2B0x2dfdB0x232fB0x137c
0x496e	0x496eB0x5a55B0x467aB0x3ca2B0x3eeaB0x232fB0x137c
0x496e	0x496eB0x4992B0x49beB0x4858B0x47b8B0x467aB0x3ca2B0x3eeaB0x232fB0x137c
0x496e	0x496eB0x5a55B0x467aB0x464aB0x40c3B0x232fB0x137c
0x496e	0x496eB0x4992B0x49beB0x4858B0x47b8B0x467aB0x464aB0x40c3B0x232fB0x137c
0x496e	0x496eB0x5a55B0x467aB0x3ca2B0x2dfdB0x232fB0x15e2
0x496e	0x496eB0x4992B0x49beB0x4858B0x47b8B0x467aB0x3ca2B0x2dfdB0x232fB0x15e2
0x496e	0x496eB0x5a55B0x467aB0x3ca2B0x3eeaB0x232fB0x15e2
0x496e	0x496eB0x4992B0x49beB0x4858B0x47b8B0x467aB0x3ca2B0x3eeaB0x232fB0x15e2
0x496e	0x496eB0x5a55B0x467aB0x464aB0x40c3B0x232fB0x15e2
0x496e	0x496eB0x4992B0x49beB0x4858B0x47b8B0x467aB0x464aB0x40c3B0x232fB0x15e2
0x5510	0x5510
0x5524	0x5524
0x55c9	0x55c9
0xc354	0xc354
0x5606	0x5606
0x5628	0x5628
0xc389	0xc389
0x563c	0x563c
0x48f3	0x48f3B0x5628
0x48f3	0x48f3B0x5868
0x48f3	0x48f3B0x5873
0x48f3	0x48f3B0x588d
0x48f3	0x48f3B0x58c6
0x48f3	0x48f3B0x491aB0x297
0x48f3	0x48f3B0x4951B0x381
0x48f3	0x48f3B0x4951B0x3a1
0x48f3	0x48f3B0x491aB0x3c1
0x48f3	0x48f3B0x491aB0x4c6
0x48f3	0x48f3B0x4951B0x543
0x48f3	0x48f3B0x491aB0x563
0x48f3	0x48f3B0x4e88B0x661
0x48f3	0x48f3B0x4f49B0x694
0x48f3	0x48f3B0x4f54B0x694
0x48f3	0x48f3B0x4951B0x6e9
0x48f3	0x48f3B0x4ffcB0x9f4
0x48f3	0x48f3B0x4ffcB0xdb2
0x48f3	0x48f3B0x4ffcB0xe7d
0x48f3	0x48f3B0x4ffcB0x28f3
0x48f3	0x48f3B0x4ffcB0x3bcf
0x48f3	0x48f3B0x4ffcB0x3d64
0x48f3	0x48f3B0x4ffcB0x3e6b
0x48f3	0x48f3B0x4ffcB0x41a3
0x48f3	0x48f3B0x4ffcB0x42c6
0x48f3	0x48f3B0x4ffcB0x434b
0x48f3	0x48f3B0x4fdfB0x563c
0x48f3	0x48f3B0x4fdfB0x5655
0x48f3	0x48f3B0x4fdfB0x5666
0x48f3	0x48f3B0x4fdfB0x5692
0x48f3	0x48f3B0x4ffcB0x37ea0x36ee
0x48f3	0x48f3B0x4ffcB0x44f0B0x36ee
0x48f3	0x48f3B0x4ffcB0x37ea0x43b4B0x36ee
0x48f3	0x48f3B0x4ffcB0x1a5bB0x137c
0x48f3	0x48f3B0x4ffcB0x1b53B0x137c
0x48f3	0x48f3B0x4fdfB0x5741B0x137c
0x48f3	0x48f3B0x4fdfB0x574aB0x137c
0x48f3	0x48f3B0x4fdfB0x5762B0x137c
0x48f3	0x48f3B0x4fdfB0x5773B0x137c
0x48f3	0x48f3B0x4fdfB0x57b0B0x137c
0x48f3	0x48f3B0x57e8B0x232fB0x137c
0x48f3	0x48f3B0x57f3B0x232fB0x137c
0x48f3	0x48f3B0x5971B0x232fB0x137c
0x48f3	0x48f3B0x597fB0x232fB0x137c
0x48f3	0x48f3B0x5999B0x232fB0x137c
0x48f3	0x48f3B0x4ffcB0x2d3bB0x232fB0x137c
0x48f3	0x48f3B0x4ffcB0x2daaB0x232fB0x137c
0x48f3	0x48f3B0x4ffcB0x2f27B0x232fB0x137c
0x48f3	0x48f3B0x4ffcB0x1a5bB0x15e2
0x48f3	0x48f3B0x4ffcB0x1b53B0x15e2
0x48f3	0x48f3B0x4fdfB0x5741B0x15e2
0x48f3	0x48f3B0x4fdfB0x574aB0x15e2
0x48f3	0x48f3B0x4fdfB0x5762B0x15e2
0x48f3	0x48f3B0x4fdfB0x5773B0x15e2
0x48f3	0x48f3B0x4fdfB0x57b0B0x15e2
0x48f3	0x48f3B0x57e8B0x232fB0x15e2
0x48f3	0x48f3B0x57f3B0x232fB0x15e2
0x48f3	0x48f3B0x5971B0x232fB0x15e2
0x48f3	0x48f3B0x597fB0x232fB0x15e2
0x48f3	0x48f3B0x5999B0x232fB0x15e2
0x48f3	0x48f3B0x4ffcB0x2d3bB0x232fB0x15e2
0x48f3	0x48f3B0x4ffcB0x2daaB0x232fB0x15e2
0x48f3	0x48f3B0x4ffcB0x2f27B0x232fB0x15e2
0x5655	0x5655
0x4fdf	0x4fdfB0x563c
0x4fdf	0x4fdfB0x5655
0x4fdf	0x4fdfB0x5666
0x4fdf	0x4fdfB0x5692
0x4fdf	0x4fdfB0x5741B0x137c
0x4fdf	0x4fdfB0x574aB0x137c
0x4fdf	0x4fdfB0x5762B0x137c
0x4fdf	0x4fdfB0x5773B0x137c
0x4fdf	0x4fdfB0x57b0B0x137c
0x4fdf	0x4fdfB0x5741B0x15e2
0x4fdf	0x4fdfB0x574aB0x15e2
0x4fdf	0x4fdfB0x5762B0x15e2
0x4fdf	0x4fdfB0x5773B0x15e2
0x4fdf	0x4fdfB0x57b0B0x15e2
0x5666	0x5666
0x5677	0x5677
0x5692	0x5692
0x55e7	0x55e7B0x5677
0x55e7	0x55e7B0x5784B0x137c
0x55e7	0x55e7B0x579fB0x137c
0x55e7	0x55e7B0x5784B0x15e2
0x55e7	0x55e7B0x579fB0x15e2
0x56a3	0x56a3
0x56c3	0x56c3
0x1007c7	0x1007c7
0x55f2	0x55f2
0x5860	0x5860
0x5868	0x5868
0x4a8c	0x4a8c
0x5873	0x5873
0x588d	0x588d
0x58a0	0x58a0
0x58b3	0x58b3
0x4e55	0x4e55B0x58a0
0x4e55	0x4e55B0x58b3
0x4e55	0x4e55B0x4e98B0x661
0x4e55	0x4e55B0x59ecB0x232fB0x137c
0x4e55	0x4e55B0x5932B0x2f97B0x232fB0x137c
0x4e55	0x4e55B0x59ecB0x232fB0x15e2
0x4e55	0x4e55B0x5932B0x2f97B0x232fB0x15e2
0x58c6	0x58c6
0x58d9	0x58d9
0x100861	0x100861
0x10088e	0x10088e
0x1008bb	0x1008bb
0x1008f2	0x1008f2
0x10091f	0x10091f
0x100a22	0x100a22
0x100b6a	0x100b6a
0x100b92	0x100b92
0x100bba	0x100bba
0x100be2	0x100be2
0x100c0a	0x100c0a
0x100c32	0x100c32
0x100c5a	0x100c5a
0x100c82	0x100c82
0x100caa	0x100caa
0x49be	0x49beB0x9d4d3
0x49be	0x49beB0xe6928
0x49be	0x49beB0x1716B0x11c4
0x49be	0x49beB0x19c0B0x137c
0x49be	0x49beB0x19c0B0x15e2
0x49be	0x49beB0x4858B0x47b8B0x467aB0x464aB0x381f
0x49be	0x49beB0x4858B0x47b8B0x467aB0x3ca2B0x3c13
0x49be	0x49beB0x4858B0x47b8B0x467aB0x3ca2B0x382e
0x49be	0x49beB0x4858B0x47b8B0x467aB0x3ca2B0x2dfdB0x232fB0x137c
0x49be	0x49beB0x4858B0x47b8B0x467aB0x3ca2B0x3eeaB0x232fB0x137c
0x49be	0x49beB0x4858B0x47b8B0x467aB0x464aB0x40c3B0x232fB0x137c
0x49be	0x49beB0x4858B0x47b8B0x467aB0x3ca2B0x2dfdB0x232fB0x15e2
0x49be	0x49beB0x4858B0x47b8B0x467aB0x3ca2B0x3eeaB0x232fB0x15e2
0x49be	0x49beB0x4858B0x47b8B0x467aB0x464aB0x40c3B0x232fB0x15e2
0x100cd2	0x100cd2
0x100cfa	0x100cfa
0x100d22	0x100d22
0x100d4a	0x100d4a
0x100d72	0x100d72
0x100d9a	0x100d9a
0x100dc2	0x100dc2
0x100dea	0x100dea
0x100e12	0x100e12
0x100e3a	0x100e3a
0x100e62	0x100e62
0x100eb2	0x100eb2
0x100f02	0x100f02
0x100f2a	0x100f2a
0x100f52	0x100f52
0x100f7a	0x100f7a
0x101272	0x101272
0x10129a	0x10129a
0x1012c2	0x1012c2
0x1012ea	0x1012ea
0x256	0x256
0x28b	0x28b
0x2ad	0x2ad
0x2e3	0x2e3
0x306	0x306
0x336	0x336
0x34b	0x34b
0x360	0x360
0x375	0x375
0x395	0x395
0x3b5	0x3b5
0x3dc	0x3dc
0x3f1	0x3f1
0x413	0x413
0x42b	0x42b
0x440	0x440
0x470	0x470
0x490	0x490
0x4a5	0x4a5
0x4ba	0x4ba
0x4da	0x4da
0x4ef	0x4ef
0x517	0x517
0x537	0x537
0x557	0x557
0x58d	0x58d
0x5a2	0x5a2
0x5b7	0x5b7
0x5cc	0x5cc
0x5ec	0x5ec
0x620	0x620
0x635	0x635
0x655	0x655
0x675	0x675
0x688	0x688
0x6a8	0x6a8
0x6bd	0x6bd
0x6dd	0x6dd
0x6fd	0x6fd
0x71d	0x71d
0x751	0x751
0x37cd	0x37cd0x36ee
0x37cd	0x37cd0x43b4B0x36ee
0x10006e	0x10006e0x3d0d
0x10006e	0x10006e0x3e14
0x10006e	0x10006e0x40e7
0x10006e	0x10006e0x420a
0x3df0	0x3df00x3d0d
0x3df0	0x3df00x3e14
0x3df0	0x3df00x40e7
0x3df0	0x3df00x420a
0xfff3e	0xfff3e0x36ee
0xfff3e	0xfff3e0x43b4B0x36ee
0x37ea	0x37ea0x36ee
0x37ea	0x37ea0x43b4B0x36ee
0xfff17	0xfff170x36ee
0xfff17	0xfff170x43b4B0x36ee
0x100109	0x100109B0x381f
0x100109	0x100109B0x40c3B0x232fB0x137c
0x100109	0x100109B0x40c3B0x232fB0x15e2
0x3cd6	0x3cd6B0x464aB0x381f
0x3cd6	0x3cd6B0x3ca2B0x3c13
0x3cd6	0x3cd6B0x3ca2B0x382e
0x3cd6	0x3cd6B0x3ca2B0x2dfdB0x232fB0x137c
0x3cd6	0x3cd6B0x3ca2B0x3eeaB0x232fB0x137c
0x3cd6	0x3cd6B0x464aB0x40c3B0x232fB0x137c
0x3cd6	0x3cd6B0x3ca2B0x2dfdB0x232fB0x15e2
0x3cd6	0x3cd6B0x3ca2B0x3eeaB0x232fB0x15e2
0x3cd6	0x3cd6B0x464aB0x40c3B0x232fB0x15e2
0x100049	0x100049B0x3c13
0x100049	0x100049B0x382e
0x100049	0x100049B0x2dfdB0x232fB0x137c
0x100049	0x100049B0x3eeaB0x232fB0x137c
0x100049	0x100049B0x2dfdB0x232fB0x15e2
0x100049	0x100049B0x3eeaB0x232fB0x15e2
0x4937	0x4937B0x2b9
0x4937	0x4937B0x312
0x4937	0x4937B0x44c
0x4937	0x4937B0x5d8
0x4937	0x4937B0x6c9
0x4937	0x4937B0x75d
0xff3d1	0xff3d1B0x4d5
0xff794	0xff794B0xb09
0xff794	0xff794B0xb3d
0x1c85	0x1c85B0xb09
0x1c85	0x1c85B0xb3d
0xff7e5	0xff7e5B0xb09
0xff7e5	0xff7e5B0xb3d
0x1435	0x1435B0xb09
0x1435	0x1435B0xb3d
0x1441	0x1441B0xb09
0x1441	0x1441B0xb3d
0x4fab	0x4fab
0x101017	0x101017B0xb09
0x101017	0x101017B0xb3d
0x1c92	0x1c92B0xb09
0x1c92	0x1c92B0xb3d
0x29dd	0x29dd
0x146d	0x146dB0xb09
0x146d	0x146dB0xb3d
0xff7ba	0xff7baB0xb09
0xff7ba	0xff7baB0xb3d
0x10103c	0x10103cB0xb09
0x10103c	0x10103cB0xb3d
0x149d	0x149dB0xb09
0x149d	0x149dB0xb3d
0x101061	0x101061B0xb09
0x101061	0x101061B0xb3d
0x101312	0x101312B0xb09
0x101312	0x101312B0xb3d
0x148f	0x148fB0xb09
0x148f	0x148fB0xb3d
0x1009a6	0x1009a6B0xb09
0x1009a6	0x1009a6B0xb3d
0x10051a	0x10051aB0x4f98
0x10051a	0x10051aB0x51b2B0x1391
0x10051a	0x10051aB0x51b2B0x15f8
0xb7d0	0xb7d0B0x123d
0xff9d0	0xff9d0B0x123d
0x82	0x7a
0xb9a0	0xb9a0B0x13e5
0xb9a0	0xb9a0B0x1852B0x137c
0xb9a0	0xb9a0B0x1852B0x15e2
0xffaa0	0xffaa0B0x13e5
0xffaa0	0xffaa0B0x1852B0x137c
0xffaa0	0xffaa0B0x1852B0x15e2
0xc31f	0xc31fB0x20a1
0xc31f	0xc31fB0x2146
0x100759	0x100759B0x20a1
0x100759	0x100759B0x2146
0x52ab	0x52abB0x1d11
0x52ab	0x52abB0x18afB0x137c
0x52ab	0x52abB0x190cB0x137c
0x52ab	0x52abB0x1988B0x137c
0x52ab	0x52abB0x18afB0x15e2
0x52ab	0x52abB0x190cB0x15e2
0x52ab	0x52abB0x1988B0x15e2
0x52c5	0x52c5B0x1d11
0x52c5	0x52c5B0x18afB0x137c
0x52c5	0x52c5B0x190cB0x137c
0x52c5	0x52c5B0x1988B0x137c
0x52c5	0x52c5B0x18afB0x15e2
0x52c5	0x52c5B0x190cB0x15e2
0x52c5	0x52c5B0x1988B0x15e2
0x100679	0x100679B0x1d11
0x100679	0x100679B0x18afB0x137c
0x100679	0x100679B0x190cB0x137c
0x100679	0x100679B0x1988B0x137c
0x100679	0x100679B0x18afB0x15e2
0x100679	0x100679B0x190cB0x15e2
0x100679	0x100679B0x1988B0x15e2
0x4989	0x4989B0x54d6
0x4989	0x4989B0x54fe
0x4989	0x4989B0x5510
0x4989	0x4989B0x4992B0x49beB0x9d4d3
0x4989	0x4989B0x4992B0x4c81B0x504
0x4989	0x4989B0x4992B0x4ca1B0x504
0x4989	0x4989B0x4992B0x49beB0xe6928
0x4989	0x4989B0x521fB0x11c4
0x4989	0x4989B0x5257B0x11c4
0x4989	0x4989B0x4992B0x49beB0x1716B0x11c4
0x4989	0x4989B0x4992B0x501dB0x650
0x4989	0x4989B0x4992B0x5491B0x137c
0x4989	0x4989B0x4992B0x49beB0x19c0B0x137c
0x4989	0x4989B0x4992B0x539fB0x546fB0x1ab5B0x137c
0x4989	0x4989B0x552dB0x15c7
0x4989	0x4989B0x4992B0x5491B0x15e2
0x4989	0x4989B0x4992B0x49beB0x19c0B0x15e2
0x4989	0x4989B0x4992B0x539fB0x546fB0x1ab5B0x15e2
0x4989	0x4989B0x5a55B0x467aB0x464aB0x381f
0x4989	0x4989B0x4992B0x49beB0x4858B0x47b8B0x467aB0x464aB0x381f
0x4989	0x4989B0x5a55B0x467aB0x3ca2B0x3c13
0x4989	0x4989B0x4992B0x49beB0x4858B0x47b8B0x467aB0x3ca2B0x3c13
0x4989	0x4989B0x5a55B0x467aB0x3ca2B0x382e
0x4989	0x4989B0x4992B0x49beB0x4858B0x47b8B0x467aB0x3ca2B0x382e
0x4989	0x4989B0x5a55B0x467aB0x3ca2B0x2dfdB0x232fB0x137c
0x4989	0x4989B0x4992B0x49beB0x4858B0x47b8B0x467aB0x3ca2B0x2dfdB0x232fB0x137c
0x4989	0x4989B0x5a55B0x467aB0x3ca2B0x3eeaB0x232fB0x137c
0x4989	0x4989B0x4992B0x49beB0x4858B0x47b8B0x467aB0x3ca2B0x3eeaB0x232fB0x137c
0x4989	0x4989B0x5a55B0x467aB0x464aB0x40c3B0x232fB0x137c
0x4989	0x4989B0x4992B0x49beB0x4858B0x47b8B0x467aB0x464aB0x40c3B0x232fB0x137c
0x4989	0x4989B0x5a55B0x467aB0x3ca2B0x2dfdB0x232fB0x15e2
0x4989	0x4989B0x4992B0x49beB0x4858B0x47b8B0x467aB0x3ca2B0x2dfdB0x232fB0x15e2
0x4989	0x4989B0x5a55B0x467aB0x3ca2B0x3eeaB0x232fB0x15e2
0x4989	0x4989B0x4992B0x49beB0x4858B0x47b8B0x467aB0x3ca2B0x3eeaB0x232fB0x15e2
0x4989	0x4989B0x5a55B0x467aB0x464aB0x40c3B0x232fB0x15e2
0x4989	0x4989B0x4992B0x49beB0x4858B0x47b8B0x467aB0x464aB0x40c3B0x232fB0x15e2
0x4971	0x4971B0x54d6
0x4971	0x4971B0x54fe
0x4971	0x4971B0x5510
0x4971	0x4971B0x4992B0x49beB0x9d4d3
0x4971	0x4971B0x4992B0x4c81B0x504
0x4971	0x4971B0x4992B0x4ca1B0x504
0x4971	0x4971B0x4992B0x49beB0xe6928
0x4971	0x4971B0x521fB0x11c4
0x4971	0x4971B0x5257B0x11c4
0x4971	0x4971B0x4992B0x49beB0x1716B0x11c4
0x4971	0x4971B0x4992B0x501dB0x650
0x4971	0x4971B0x4992B0x5491B0x137c
0x4971	0x4971B0x4992B0x49beB0x19c0B0x137c
0x4971	0x4971B0x4992B0x539fB0x546fB0x1ab5B0x137c
0x4971	0x4971B0x552dB0x15c7
0x4971	0x4971B0x4992B0x5491B0x15e2
0x4971	0x4971B0x4992B0x49beB0x19c0B0x15e2
0x4971	0x4971B0x4992B0x539fB0x546fB0x1ab5B0x15e2
0x4971	0x4971B0x5a55B0x467aB0x464aB0x381f
0x4971	0x4971B0x4992B0x49beB0x4858B0x47b8B0x467aB0x464aB0x381f
0x4971	0x4971B0x5a55B0x467aB0x3ca2B0x3c13
0x4971	0x4971B0x4992B0x49beB0x4858B0x47b8B0x467aB0x3ca2B0x3c13
0x4971	0x4971B0x5a55B0x467aB0x3ca2B0x382e
0x4971	0x4971B0x4992B0x49beB0x4858B0x47b8B0x467aB0x3ca2B0x382e
0x4971	0x4971B0x5a55B0x467aB0x3ca2B0x2dfdB0x232fB0x137c
0x4971	0x4971B0x4992B0x49beB0x4858B0x47b8B0x467aB0x3ca2B0x2dfdB0x232fB0x137c
0x4971	0x4971B0x5a55B0x467aB0x3ca2B0x3eeaB0x232fB0x137c
0x4971	0x4971B0x4992B0x49beB0x4858B0x47b8B0x467aB0x3ca2B0x3eeaB0x232fB0x137c
0x4971	0x4971B0x5a55B0x467aB0x464aB0x40c3B0x232fB0x137c
0x4971	0x4971B0x4992B0x49beB0x4858B0x47b8B0x467aB0x464aB0x40c3B0x232fB0x137c
0x4971	0x4971B0x5a55B0x467aB0x3ca2B0x2dfdB0x232fB0x15e2
0x4971	0x4971B0x4992B0x49beB0x4858B0x47b8B0x467aB0x3ca2B0x2dfdB0x232fB0x15e2
0x4971	0x4971B0x5a55B0x467aB0x3ca2B0x3eeaB0x232fB0x15e2
0x4971	0x4971B0x4992B0x49beB0x4858B0x47b8B0x467aB0x3ca2B0x3eeaB0x232fB0x15e2
0x4971	0x4971B0x5a55B0x467aB0x464aB0x40c3B0x232fB0x15e2
0x4971	0x4971B0x4992B0x49beB0x4858B0x47b8B0x467aB0x464aB0x40c3B0x232fB0x15e2
0xc2ea	0xc2eaB0x20b0
0xc2ea	0xc2eaB0x216a
0xc2ea	0xc2eaB0x18f0B0x137c
0xc2ea	0xc2eaB0x18f0B0x15e2
0x1006e9	0x1006e9B0x20b0
0x1006e9	0x1006e9B0x216a
0x1006e9	0x1006e9B0x18f0B0x137c
0x1006e9	0x1006e9B0x18f0B0x15e2
0x571f	0x571fB0x2959
0x571f	0x571fB0x3df00x3d0d
0x571f	0x571fB0x3df00x3e14
0x571f	0x571fB0x3df00x40e7
0x571f	0x571fB0x3df00x420a
0x571f	0x571fB0x24bcB0x137c
0x571f	0x571fB0x27f5B0x137c
0x571f	0x571fB0x24bcB0x15e2
0x571f	0x571fB0x27f5B0x15e2
0x4a09	0x4a09B0x4ee1
0x4a09	0x4a09B0x4c42B0x47c
0x100360	0x100360B0x4ee1
0x100360	0x100360B0x4c42B0x47c
0x49f2	0x49f2B0x4ee1
0x49f2	0x49f2B0x4c42B0x47c
0x1002a6	0x1002a6B0x5628
0x1002a6	0x1002a6B0x5868
0x1002a6	0x1002a6B0x5873
0x1002a6	0x1002a6B0x588d
0x1002a6	0x1002a6B0x58c6
0x1002a6	0x1002a6B0x491aB0x297
0x1002a6	0x1002a6B0x4951B0x381
0x1002a6	0x1002a6B0x4951B0x3a1
0x1002a6	0x1002a6B0x491aB0x3c1
0x1002a6	0x1002a6B0x491aB0x4c6
0x1002a6	0x1002a6B0x4951B0x543
0x1002a6	0x1002a6B0x491aB0x563
0x1002a6	0x1002a6B0x4e88B0x661
0x1002a6	0x1002a6B0x4f49B0x694
0x1002a6	0x1002a6B0x4f54B0x694
0x1002a6	0x1002a6B0x4951B0x6e9
0x1002a6	0x1002a6B0x4ffcB0x9f4
0x1002a6	0x1002a6B0x4ffcB0xdb2
0x1002a6	0x1002a6B0x4ffcB0xe7d
0x1002a6	0x1002a6B0x4ffcB0x28f3
0x1002a6	0x1002a6B0x4ffcB0x3bcf
0x1002a6	0x1002a6B0x4ffcB0x3d64
0x1002a6	0x1002a6B0x4ffcB0x3e6b
0x1002a6	0x1002a6B0x4ffcB0x41a3
0x1002a6	0x1002a6B0x4ffcB0x42c6
0x1002a6	0x1002a6B0x4ffcB0x434b
0x1002a6	0x1002a6B0x4fdfB0x563c
0x1002a6	0x1002a6B0x4fdfB0x5655
0x1002a6	0x1002a6B0x4fdfB0x5666
0x1002a6	0x1002a6B0x4fdfB0x5692
0x1002a6	0x1002a6B0x4ffcB0x37ea0x36ee
0x1002a6	0x1002a6B0x4ffcB0x44f0B0x36ee
0x1002a6	0x1002a6B0x4ffcB0x37ea0x43b4B0x36ee
0x1002a6	0x1002a6B0x4ffcB0x1a5bB0x137c
0x1002a6	0x1002a6B0x4ffcB0x1b53B0x137c
0x1002a6	0x1002a6B0x4fdfB0x5741B0x137c
0x1002a6	0x1002a6B0x4fdfB0x574aB0x137c
0x1002a6	0x1002a6B0x4fdfB0x5762B0x137c
0x1002a6	0x1002a6B0x4fdfB0x5773B0x137c
0x1002a6	0x1002a6B0x4fdfB0x57b0B0x137c
0x1002a6	0x1002a6B0x57e8B0x232fB0x137c
0x1002a6	0x1002a6B0x57f3B0x232fB0x137c
0x1002a6	0x1002a6B0x5971B0x232fB0x137c
0x1002a6	0x1002a6B0x597fB0x232fB0x137c
0x1002a6	0x1002a6B0x5999B0x232fB0x137c
0x1002a6	0x1002a6B0x4ffcB0x2d3bB0x232fB0x137c
0x1002a6	0x1002a6B0x4ffcB0x2daaB0x232fB0x137c
0x1002a6	0x1002a6B0x4ffcB0x2f27B0x232fB0x137c
0x1002a6	0x1002a6B0x4ffcB0x1a5bB0x15e2
0x1002a6	0x1002a6B0x4ffcB0x1b53B0x15e2
0x1002a6	0x1002a6B0x4fdfB0x5741B0x15e2
0x1002a6	0x1002a6B0x4fdfB0x574aB0x15e2
0x1002a6	0x1002a6B0x4fdfB0x5762B0x15e2
0x1002a6	0x1002a6B0x4fdfB0x5773B0x15e2
0x1002a6	0x1002a6B0x4fdfB0x57b0B0x15e2
0x1002a6	0x1002a6B0x57e8B0x232fB0x15e2
0x1002a6	0x1002a6B0x57f3B0x232fB0x15e2
0x1002a6	0x1002a6B0x5971B0x232fB0x15e2
0x1002a6	0x1002a6B0x597fB0x232fB0x15e2
0x1002a6	0x1002a6B0x5999B0x232fB0x15e2
0x1002a6	0x1002a6B0x4ffcB0x2d3bB0x232fB0x15e2
0x1002a6	0x1002a6B0x4ffcB0x2daaB0x232fB0x15e2
0x1002a6	0x1002a6B0x4ffcB0x2f27B0x232fB0x15e2
0x1004ce	0x1004ceB0x58a0
0x1004ce	0x1004ceB0x58b3
0x1004ce	0x1004ceB0x4e98B0x661
0x1004ce	0x1004ceB0x59ecB0x232fB0x137c
0x1004ce	0x1004ceB0x5932B0x2f97B0x232fB0x137c
0x1004ce	0x1004ceB0x59ecB0x232fB0x15e2
0x1004ce	0x1004ceB0x5932B0x2f97B0x232fB0x15e2
0x48ea	0x48eaB0x262
0x100280	0x100280B0x262
0x48c0	0x48c0B0x48eaB0x262
0x48c0	0x48c0B0x4e7fB0x661
0x10025c	0x10025cB0x48eaB0x262
0x10025c	0x10025cB0x4e7fB0x661
0x491a	0x491aB0x297
0x491a	0x491aB0x3c1
0x491a	0x491aB0x4c6
0x491a	0x491aB0x563
0x1002c8	0x1002c8B0x297
0x1002c8	0x1002c8B0x3c1
0x1002c8	0x1002c8B0x4c6
0x1002c8	0x1002c8B0x563
0x4951	0x4951B0x381
0x4951	0x4951B0x3a1
0x4951	0x4951B0x543
0x4951	0x4951B0x6e9
0x1002ee	0x1002eeB0x381
0x1002ee	0x1002eeB0x3a1
0x1002ee	0x1002eeB0x543
0x1002ee	0x1002eeB0x6e9
0xff418	0xff418B0x532
0x14c6	0x14c6B0xb92B0x532
0x1cdb	0x1cdbB0xb92B0x532
0xb9c8	0xb9c8B0xb92B0x532
0xff835	0xff835B0xb92B0x532
0x1cc4	0x1cc4B0xb92B0x532
0x4e7f	0x4e7fB0x661
0x4e88	0x4e88B0x661
0x4e98	0x4e98B0x661
0x4ea8	0x4ea8B0x661
0x4f49	0x4f49B0x694
0x4f54	0x4f54B0x694
0x1004f0	0x1004f0B0x694
0xff58e	0xff58eB0x6d8
0x164c	0x164cB0x1087B0x6d8
0xff883	0xff883B0x1087B0x6d8
0x4ffc	0x4ffcB0x9f4
0x4ffc	0x4ffcB0xdb2
0x4ffc	0x4ffcB0xe7d
0x4ffc	0x4ffcB0x28f3
0x4ffc	0x4ffcB0x3bcf
0x4ffc	0x4ffcB0x3d64
0x4ffc	0x4ffcB0x3e6b
0x4ffc	0x4ffcB0x41a3
0x4ffc	0x4ffcB0x42c6
0x4ffc	0x4ffcB0x434b
0x4ffc	0x4ffcB0x37ea0x36ee
0x4ffc	0x4ffcB0x44f0B0x36ee
0x4ffc	0x4ffcB0x37ea0x43b4B0x36ee
0x4ffc	0x4ffcB0x1a5bB0x137c
0x4ffc	0x4ffcB0x1b53B0x137c
0x4ffc	0x4ffcB0x2d3bB0x232fB0x137c
0x4ffc	0x4ffcB0x2daaB0x232fB0x137c
0x4ffc	0x4ffcB0x2f27B0x232fB0x137c
0x4ffc	0x4ffcB0x1a5bB0x15e2
0x4ffc	0x4ffcB0x1b53B0x15e2
0x4ffc	0x4ffcB0x2d3bB0x232fB0x15e2
0x4ffc	0x4ffcB0x2daaB0x232fB0x15e2
0x4ffc	0x4ffcB0x2f27B0x232fB0x15e2
0x100585	0x100585B0x9f4
0x100585	0x100585B0xdb2
0x100585	0x100585B0xe7d
0x100585	0x100585B0x28f3
0x100585	0x100585B0x3bcf
0x100585	0x100585B0x3d64
0x100585	0x100585B0x3e6b
0x100585	0x100585B0x41a3
0x100585	0x100585B0x42c6
0x100585	0x100585B0x434b
0x100585	0x100585B0x37ea0x36ee
0x100585	0x100585B0x44f0B0x36ee
0x100585	0x100585B0x37ea0x43b4B0x36ee
0x100585	0x100585B0x1a5bB0x137c
0x100585	0x100585B0x1b53B0x137c
0x100585	0x100585B0x2d3bB0x232fB0x137c
0x100585	0x100585B0x2daaB0x232fB0x137c
0x100585	0x100585B0x2f27B0x232fB0x137c
0x100585	0x100585B0x1a5bB0x15e2
0x100585	0x100585B0x1b53B0x15e2
0x100585	0x100585B0x2d3bB0x232fB0x15e2
0x100585	0x100585B0x2daaB0x232fB0x15e2
0x100585	0x100585B0x2f27B0x232fB0x15e2
0xff66a	0xff66aB0x1203
0x1694	0x1694B0x117aB0x1203
0x16db	0x16dbB0x117aB0x1203
0xff8f5	0xff8f5B0x117aB0x1203
0xff8d0	0xff8d0B0x117aB0x1203
0xff9aa	0xff9aaB0x1225
0x223c	0x223cB0x17f2B0x1225
0x2260	0x2260B0x17f2B0x1225
0x52ea	0x52ea
0x2294	0x2294B0x17f2B0x1225
0xbc38	0xbc38B0x17f2B0x1225
0x22b7	0x22b7B0x17f2B0x1225
0xbc6d	0xbc6dB0x17f2B0x1225
0x55d1	0x55d1B0x17f2B0x1225
0x2325	0x2325B0x17f2B0x1225
0xffbe5	0xffbe5B0x17f2B0x1225
0x2274	0x2274B0x17f2B0x1225
0x22d9	0x22d9B0x17f2B0x1225
0xffb0c	0xffb0cB0x17f2B0x1225
0x101086	0x101086B0x17f2B0x1225
0x51e1	0x51e1B0x1391
0x51e1	0x51e1B0x15f8
0x100561	0x100561B0x563c
0x100561	0x100561B0x5655
0x100561	0x100561B0x5666
0x100561	0x100561B0x5692
0x100561	0x100561B0x5741B0x137c
0x100561	0x100561B0x574aB0x137c
0x100561	0x100561B0x5762B0x137c
0x100561	0x100561B0x5773B0x137c
0x100561	0x100561B0x57b0B0x137c
0x100561	0x100561B0x5741B0x15e2
0x100561	0x100561B0x574aB0x15e2
0x100561	0x100561B0x5762B0x15e2
0x100561	0x100561B0x5773B0x15e2
0x100561	0x100561B0x57b0B0x15e2
0x1007a3	0x1007a3B0x5677
0x1007a3	0x1007a3B0x5784B0x137c
0x1007a3	0x1007a3B0x579fB0x137c
0x1007a3	0x1007a3B0x5784B0x15e2
0x1007a3	0x1007a3B0x579fB0x15e2
0x49d1	0x49d1B0x55e7B0x5677
0x49d1	0x49d1B0x4c14B0x47c
0x49d1	0x49d1B0x55e7B0x5784B0x137c
0x49d1	0x49d1B0x55e7B0x579fB0x137c
0x49d1	0x49d1B0x5803B0x232fB0x137c
0x49d1	0x49d1B0x5598B0x1e55B0x15c7
0x49d1	0x49d1B0x55e7B0x5784B0x15e2
0x49d1	0x49d1B0x55e7B0x579fB0x15e2
0x49d1	0x49d1B0x5803B0x232fB0x15e2
0x10033e	0x10033eB0x55e7B0x5677
0x10033e	0x10033eB0x4c14B0x47c
0x10033e	0x10033eB0x55e7B0x5784B0x137c
0x10033e	0x10033eB0x55e7B0x579fB0x137c
0x10033e	0x10033eB0x5803B0x232fB0x137c
0x10033e	0x10033eB0x5598B0x1e55B0x15c7
0x10033e	0x10033eB0x55e7B0x5784B0x15e2
0x10033e	0x10033eB0x55e7B0x579fB0x15e2
0x10033e	0x10033eB0x5803B0x232fB0x15e2
0x5a4a	0x5a4aB0x46dcB0x464aB0x381f
0x5a4a	0x5a4aB0x46dcB0x3ca2B0x3c13
0x5a4a	0x5a4aB0x46dcB0x3ca2B0x382e
0x5a4a	0x5a4aB0x46dcB0x3ca2B0x2dfdB0x232fB0x137c
0x5a4a	0x5a4aB0x46dcB0x3ca2B0x3eeaB0x232fB0x137c
0x5a4a	0x5a4aB0x46dcB0x464aB0x40c3B0x232fB0x137c
0x5a4a	0x5a4aB0x46dcB0x3ca2B0x2dfdB0x232fB0x15e2
0x5a4a	0x5a4aB0x46dcB0x3ca2B0x3eeaB0x232fB0x15e2
0x5a4a	0x5a4aB0x46dcB0x464aB0x40c3B0x232fB0x15e2
0x100813	0x100813B0x46dcB0x464aB0x381f
0x100813	0x100813B0x46dcB0x3ca2B0x3c13
0x100813	0x100813B0x46dcB0x3ca2B0x382e
0x100813	0x100813B0x46dcB0x3ca2B0x2dfdB0x232fB0x137c
0x100813	0x100813B0x46dcB0x3ca2B0x3eeaB0x232fB0x137c
0x100813	0x100813B0x46dcB0x464aB0x40c3B0x232fB0x137c
0x100813	0x100813B0x46dcB0x3ca2B0x2dfdB0x232fB0x15e2
0x100813	0x100813B0x46dcB0x3ca2B0x3eeaB0x232fB0x15e2
0x100813	0x100813B0x46dcB0x464aB0x40c3B0x232fB0x15e2
0x4d39	0x4d39B0x4e22B0x641
0x4d39	0x4d39B0x5a4aB0x46dcB0x464aB0x381f
0x4d39	0x4d39B0x5a4aB0x46dcB0x3ca2B0x3c13
0x4d39	0x4d39B0x5a4aB0x46dcB0x3ca2B0x382e
0x4d39	0x4d39B0x5a4aB0x46dcB0x3ca2B0x2dfdB0x232fB0x137c
0x4d39	0x4d39B0x5a4aB0x46dcB0x3ca2B0x3eeaB0x232fB0x137c
0x4d39	0x4d39B0x5a4aB0x46dcB0x464aB0x40c3B0x232fB0x137c
0x4d39	0x4d39B0x5a4aB0x46dcB0x3ca2B0x2dfdB0x232fB0x15e2
0x4d39	0x4d39B0x5a4aB0x46dcB0x3ca2B0x3eeaB0x232fB0x15e2
0x4d39	0x4d39B0x5a4aB0x46dcB0x464aB0x40c3B0x232fB0x15e2
0x100488	0x100488B0x4e22B0x641
0x100488	0x100488B0x5a4aB0x46dcB0x464aB0x381f
0x100488	0x100488B0x5a4aB0x46dcB0x3ca2B0x3c13
0x100488	0x100488B0x5a4aB0x46dcB0x3ca2B0x382e
0x100488	0x100488B0x5a4aB0x46dcB0x3ca2B0x2dfdB0x232fB0x137c
0x100488	0x100488B0x5a4aB0x46dcB0x3ca2B0x3eeaB0x232fB0x137c
0x100488	0x100488B0x5a4aB0x46dcB0x464aB0x40c3B0x232fB0x137c
0x100488	0x100488B0x5a4aB0x46dcB0x3ca2B0x2dfdB0x232fB0x15e2
0x100488	0x100488B0x5a4aB0x46dcB0x3ca2B0x3eeaB0x232fB0x15e2
0x100488	0x100488B0x5a4aB0x46dcB0x464aB0x40c3B0x232fB0x15e2
0xff112	0xff112B0x271
0xff137	0xff137B0x271
0x118f	0x118fB0x7aaB0x271
0xff690	0xff690B0x7aaB0x271
0xff6b5	0xff6b5B0x7aaB0x271
0x100957	0x100957B0x3b0
0x8db	0x8dbB0x3b0
0xff24b	0xff24bB0x3b0
0x121b	0x121b
0x100318	0x100318B0x9d4d3
0x100318	0x100318B0xe6928
0x100318	0x100318B0x1716B0x11c4
0x100318	0x100318B0x19c0B0x137c
0x100318	0x100318B0x19c0B0x15e2
0x100318	0x100318B0x4858B0x47b8B0x467aB0x464aB0x381f
0x100318	0x100318B0x4858B0x47b8B0x467aB0x3ca2B0x3c13
0x100318	0x100318B0x4858B0x47b8B0x467aB0x3ca2B0x382e
0x100318	0x100318B0x4858B0x47b8B0x467aB0x3ca2B0x2dfdB0x232fB0x137c
0x100318	0x100318B0x4858B0x47b8B0x467aB0x3ca2B0x3eeaB0x232fB0x137c
0x100318	0x100318B0x4858B0x47b8B0x467aB0x464aB0x40c3B0x232fB0x137c
0x100318	0x100318B0x4858B0x47b8B0x467aB0x3ca2B0x2dfdB0x232fB0x15e2
0x100318	0x100318B0x4858B0x47b8B0x467aB0x3ca2B0x3eeaB0x232fB0x15e2
0x100318	0x100318B0x4858B0x47b8B0x467aB0x464aB0x40c3B0x232fB0x15e2
0x4992	0x4992B0x49beB0x9d4d3
0x4992	0x4992B0x4c81B0x504
0x4992	0x4992B0x4ca1B0x504
0x4992	0x4992B0x49beB0xe6928
0x4992	0x4992B0x49beB0x1716B0x11c4
0x4992	0x4992B0x501dB0x650
0x4992	0x4992B0x5491B0x137c
0x4992	0x4992B0x49beB0x19c0B0x137c
0x4992	0x4992B0x539fB0x546fB0x1ab5B0x137c
0x4992	0x4992B0x5491B0x15e2
0x4992	0x4992B0x49beB0x19c0B0x15e2
0x4992	0x4992B0x539fB0x546fB0x1ab5B0x15e2
0x4992	0x4992B0x49beB0x4858B0x47b8B0x467aB0x464aB0x381f
0x4992	0x4992B0x49beB0x4858B0x47b8B0x467aB0x3ca2B0x3c13
0x4992	0x4992B0x49beB0x4858B0x47b8B0x467aB0x3ca2B0x382e
0x4992	0x4992B0x49beB0x4858B0x47b8B0x467aB0x3ca2B0x2dfdB0x232fB0x137c
0x4992	0x4992B0x49beB0x4858B0x47b8B0x467aB0x3ca2B0x3eeaB0x232fB0x137c
0x4992	0x4992B0x49beB0x4858B0x47b8B0x467aB0x464aB0x40c3B0x232fB0x137c
0x4992	0x4992B0x49beB0x4858B0x47b8B0x467aB0x3ca2B0x2dfdB0x232fB0x15e2
0x4992	0x4992B0x49beB0x4858B0x47b8B0x467aB0x3ca2B0x3eeaB0x232fB0x15e2
0x4992	0x4992B0x49beB0x4858B0x47b8B0x467aB0x464aB0x40c3B0x232fB0x15e2
0x49aa	0x49aaB0x49beB0x9d4d3
0x49aa	0x49aaB0x4c81B0x504
0x49aa	0x49aaB0x4ca1B0x504
0x49aa	0x49aaB0x49beB0xe6928
0x49aa	0x49aaB0x49beB0x1716B0x11c4
0x49aa	0x49aaB0x501dB0x650
0x49aa	0x49aaB0x5491B0x137c
0x49aa	0x49aaB0x49beB0x19c0B0x137c
0x49aa	0x49aaB0x539fB0x546fB0x1ab5B0x137c
0x49aa	0x49aaB0x5491B0x15e2
0x49aa	0x49aaB0x49beB0x19c0B0x15e2
0x49aa	0x49aaB0x539fB0x546fB0x1ab5B0x15e2
0x49aa	0x49aaB0x49beB0x4858B0x47b8B0x467aB0x464aB0x381f
0x49aa	0x49aaB0x49beB0x4858B0x47b8B0x467aB0x3ca2B0x3c13
0x49aa	0x49aaB0x49beB0x4858B0x47b8B0x467aB0x3ca2B0x382e
0x49aa	0x49aaB0x49beB0x4858B0x47b8B0x467aB0x3ca2B0x2dfdB0x232fB0x137c
0x49aa	0x49aaB0x49beB0x4858B0x47b8B0x467aB0x3ca2B0x3eeaB0x232fB0x137c
0x49aa	0x49aaB0x49beB0x4858B0x47b8B0x467aB0x464aB0x40c3B0x232fB0x137c
0x49aa	0x49aaB0x49beB0x4858B0x47b8B0x467aB0x3ca2B0x2dfdB0x232fB0x15e2
0x49aa	0x49aaB0x49beB0x4858B0x47b8B0x467aB0x3ca2B0x3eeaB0x232fB0x15e2
0x49aa	0x49aaB0x49beB0x4858B0x47b8B0x467aB0x464aB0x40c3B0x232fB0x15e2
0x4ca1	0x4ca1B0x504
0x4cb3	0x4cb3B0x504
0x4ce9	0x4ce9B0x504
0x4d05	0x4d05B0x504
0xc10d	0xc10dB0x641
0x4d5a	0x4d5aB0x641
0x4d71	0x4d71B0x641
0x4d85	0x4d85B0x641
0x4d93	0x4d93B0x641
0x1004aa	0x1004aaB0x641
0x4ade	0x4adeB0x4d85B0x641
0x4ade	0x4adeB0x4b69B0x4f06
0x4ade	0x4adeB0x4b69B0x4c67B0x47c
0x4db2	0x4db2B0x641
0x4aae	0x4aaeB0x1004aaB0x641
0x4aae	0x4aaeB0x4b1aB0x4e12B0x641
0x4aae	0x4aaeB0x100464B0x4f06
0x4aae	0x4aaeB0x4b1aB0x4bd2B0x4f06
0x4aae	0x4aaeB0x100464B0x4c67B0x47c
0x4aae	0x4aaeB0x4b1aB0x4bd2B0x4c67B0x47c
0x4db6	0x4db6B0x641
0x4de6	0x4de6B0x641
0x4dee	0x4deeB0x641
0x4a41	0x4a41B0x641
0x4e00	0x4e00B0x641
0x100386	0x100386B0x641
0x4e12	0x4e12B0x641
0x4e22	0x4e22B0x641
0x4b01	0x4b01B0x4e12B0x641
0x4b01	0x4b01B0x4bd2B0x4f06
0x4b01	0x4b01B0x4bd2B0x4c67B0x47c
0x4e33	0x4e33B0x641
0x4e48	0x4e48B0x641
0x4dce	0x4dceB0x641
0x4ad6	0x4ad6B0x1004aaB0x641
0x4ad6	0x4ad6B0x4b1aB0x4e12B0x641
0x4ad6	0x4ad6B0x100464B0x4f06
0x4ad6	0x4ad6B0x4b1aB0x4bd2B0x4f06
0x4ad6	0x4ad6B0x100464B0x4c67B0x47c
0x4ad6	0x4ad6B0x4b1aB0x4bd2B0x4c67B0x47c
0xc1ac	0xc1acB0x1004aaB0x641
0xc1ac	0xc1acB0x4b1aB0x4e12B0x641
0xc1ac	0xc1acB0x100464B0x4f06
0xc1ac	0xc1acB0x4b1aB0x4bd2B0x4f06
0xc1ac	0xc1acB0x100464B0x4c67B0x47c
0xc1ac	0xc1acB0x4b1aB0x4bd2B0x4c67B0x47c
0x4af7	0x4af7B0x4d85B0x641
0x4af7	0x4af7B0x4b69B0x4f06
0x4af7	0x4af7B0x4b69B0x4c67B0x47c
0xc1e1	0xc1e1B0x4d85B0x641
0xc1e1	0xc1e1B0x4b69B0x4f06
0xc1e1	0xc1e1B0x4b69B0x4c67B0x47c
0x4b1a	0x4b1aB0x4e12B0x641
0x4b1a	0x4b1aB0x4bd2B0x4f06
0x4b1a	0x4b1aB0x4bd2B0x4c67B0x47c
0xc216	0xc216B0x4e12B0x641
0xc216	0xc216B0x4bd2B0x4f06
0xc216	0xc216B0x4bd2B0x4c67B0x47c
0x4b2d	0x4b2dB0x4e12B0x641
0x4b2d	0x4b2dB0x4bd2B0x4f06
0x4b2d	0x4b2dB0x4bd2B0x4c67B0x47c
0x4b41	0x4b41B0x4e12B0x641
0x4b41	0x4b41B0x4bd2B0x4f06
0x4b41	0x4b41B0x4bd2B0x4c67B0x47c
0x1136	0x1136B0x11f9
0xff647	0xff647B0x11f9
0x10fe	0x10feB0x11f9
0xc06d	0xc06dB0x36ee
0xc095	0xc095B0x36ee
0x44d3	0x44d3B0x36ee
0x43ca	0x43caB0x36ee
0x4409	0x4409B0x36ee
0x4470	0x4470B0x36ee
0x451b	0x451bB0x36ee
0x100094	0x100094B0x36ee
0x4574	0x4574B0x36ee
0x4514	0x4514B0x36ee
0x1000bb	0x1000bbB0x36ee
0x45b3	0x45b3B0x36ee
0x44f0	0x44f0B0x36ee
0x446b	0x446bB0x36ee
0x1000e2	0x1000e2B0x36ee
0x4b7e	0x4b7eB0x4f06
0x4b7e	0x4b7eB0x4c67B0x47c
0x100464	0x100464B0x4f06
0x100464	0x100464B0x4c67B0x47c
0x4b9d	0x4b9dB0x4f06
0x4b9d	0x4b9dB0x4c67B0x47c
0x4ba1	0x4ba1B0x4f06
0x4ba1	0x4ba1B0x4c67B0x47c
0x4bd2	0x4bd2B0x4f06
0x4bd2	0x4bd2B0x4c67B0x47c
0x4be3	0x4be3B0x4f06
0x4be3	0x4be3B0x4c67B0x47c
0x4bf1	0x4bf1B0x4f06
0x4bf1	0x4bf1B0x4c67B0x47c
0x4b69	0x4b69B0x4f06
0x4b69	0x4b69B0x4c67B0x47c
0x4bc0	0x4bc0B0x4f06
0x4bc0	0x4bc0B0x4c67B0x47c
0xff302	0xff3020x8fbB0x3fd
0xff302	0xff3020xc07B0x5e7
0xff290	0xff290B0x3fd
0x934	0x9340x8fbB0x3fd
0x934	0x9340xc07B0x5e7
0x10097f	0x10097f0x8fbB0x3fd
0x10097f	0x10097f0xc07B0x5e7
0x964	0x9640x8fbB0x3fd
0x964	0x9640xc07B0x5e7
0x956	0x9560x8fbB0x3fd
0x956	0x9560xc07B0x5e7
0xff2db	0xff2db0x8fbB0x3fd
0xff2db	0xff2db0xc07B0x5e7
0x4c14	0x4c14B0x47c
0x4c26	0x4c26B0x47c
0x4c42	0x4c42B0x47c
0x4c4e	0x4c4eB0x47c
0x4c67	0x4c67B0x47c
0x4c74	0x4c74B0x47c
0xff4ae	0xff4aeB0x5e7
0x16fa	0x16faB0x11c4
0x208f	0x208fB0x16f2B0x11c4
0x16ed	0x16edB0x11c4
0xff91a	0xff91aB0x11c4
0x1705	0x1705B0x11c4
0x20a1	0x20a1
0x1716	0x1716B0x11c4
0x521f	0x521fB0x11c4
0xff93d	0xff93dB0x11c4
0x5257	0x5257B0x11c4
0x5288	0x5288B0x11c4
0xffac1	0xffac1B0x16f2B0x11c4
0x7c4	0x7c4B0x2a6
0xff15c	0xff15cB0x2a6
0x11ce	0x11ceB0x2a6
0x857	0x857B0x390
0xff227	0xff227B0x390
0x11f9	0x11f9
0x8f0	0x8f0B0x3e8
0xff26e	0xff26eB0x3e8
0x123d	0x123d
0xb01	0xb01B0x4e6
0xff3f6	0xff3f6B0x4e6
0x13e5	0x13e5
0xc5f	0xc5fB0x650
0xff531	0xff531B0x650
0xc80	0xc80B0x650
0xb594	0xb594B0x650
0xca7	0xca7B0x650
0xb5c9	0xb5c9B0x650
0xd10	0xd10B0x650
0xb5fe	0xb5feB0x650
0xd2f	0xd2fB0x650
0xb633	0xb633B0x650
0xd4a	0xd4aB0x650
0x501d	0x501dB0x650
0xd5c	0xd5cB0x650
0xc64	0xc64B0x650
0x10b9	0x10b9B0x6f8
0xff5b3	0xff5b3B0x6f8
0x11d7	0x11d7B0x2a6
0x173c	0x173cB0x11ceB0x2a6
0x1860	0x1860B0x137c
0x1860	0x1860B0x15e2
0xff9f1	0xff9f1B0x137c
0xff9f1	0xff9f1B0x15e2
0x1955	0x1955B0x137c
0x1955	0x1955B0x15e2
0x189d	0x189dB0x137c
0x189d	0x189dB0x15e2
0x18af	0x18afB0x137c
0x18af	0x18afB0x15e2
0xb7f8	0xb7f8B0x137c
0xb7f8	0xb7f8B0x15e2
0x18c1	0x18c1B0x137c
0x18c1	0x18c1B0x15e2
0x18cf	0x18cfB0x137c
0x18cf	0x18cfB0x15e2
0x52da	0x52daB0x18c1B0x137c
0x52da	0x52daB0x191eB0x137c
0x52da	0x52daB0x18c1B0x15e2
0x52da	0x52daB0x191eB0x15e2
0x18e3	0x18e3B0x137c
0x18e3	0x18e3B0x15e2
0x18f0	0x18f0B0x137c
0x18f0	0x18f0B0x15e2
0x1935	0x1935B0x137c
0x1935	0x1935B0x15e2
0x18fd	0x18fdB0x137c
0x18fd	0x18fdB0x15e2
0x190c	0x190cB0x137c
0x190c	0x190cB0x15e2
0xb82d	0xb82dB0x137c
0xb82d	0xb82dB0x15e2
0x191e	0x191eB0x137c
0x191e	0x191eB0x15e2
0x192c	0x192cB0x137c
0x192c	0x192cB0x15e2
0x1947	0x1947B0x137c
0x1947	0x1947B0x15e2
0xb862	0xb862B0x137c
0xb862	0xb862B0x15e2
0x232f	0x232fB0x137c
0x232f	0x232fB0x15e2
0x1974	0x1974B0x137c
0x1974	0x1974B0x15e2
0xb897	0xb897B0x137c
0xb897	0xb897B0x15e2
0x1988	0x1988B0x137c
0x1988	0x1988B0x15e2
0xb8cc	0xb8ccB0x137c
0xb8cc	0xb8ccB0x15e2
0x199a	0x199aB0x137c
0x199a	0x199aB0x15e2
0x19ab	0x19abB0x137c
0x19ab	0x19abB0x15e2
0x5310	0x5310B0x137c
0x5310	0x5310B0x15e2
0x19d8	0x19d8B0x137c
0x19d8	0x19d8B0x15e2
0xffa1e	0xffa1eB0x137c
0xffa1e	0xffa1eB0x15e2
0x19f0	0x19f0B0x137c
0x19f0	0x19f0B0x15e2
0xb901	0xb901B0x137c
0xb901	0xb901B0x15e2
0xffa46	0xffa46B0x137c
0xffa46	0xffa46B0x15e2
0x1c21	0x1c21B0x137c
0x1c21	0x1c21B0x15e2
0x1a5b	0x1a5bB0x137c
0x1a5b	0x1a5bB0x15e2
0x1a7f	0x1a7fB0x137c
0x1a7f	0x1a7fB0x15e2
0x1a8b	0x1a8bB0x137c
0x1a8b	0x1a8bB0x15e2
0x28aa	0x28aa
0x1ab5	0x1ab5B0x137c
0x1ab5	0x1ab5B0x15e2
0x1aa9	0x1aa9B0x137c
0x1aa9	0x1aa9B0x15e2
0xb936	0xb936B0x137c
0xb936	0xb936B0x15e2
0x1ad8	0x1ad8B0x137c
0x1ad8	0x1ad8B0x15e2
0x53cd	0x53cdB0x1ab5B0x137c
0x53cd	0x53cdB0x1ab5B0x15e2
0x1b53	0x1b53B0x137c
0x1b53	0x1b53B0x15e2
0x1b77	0x1b77B0x137c
0x1b77	0x1b77B0x15e2
0x1bad	0x1badB0x137c
0x1bad	0x1badB0x15e2
0x5491	0x5491B0x137c
0x5491	0x5491B0x15e2
0x1bc7	0x1bc7B0x137c
0x1bc7	0x1bc7B0x15e2
0x1bdb	0x1bdbB0x137c
0x1bdb	0x1bdbB0x15e2
0x1bf1	0x1bf1B0x137c
0x1bf1	0x1bf1B0x15e2
0xb96b	0xb96bB0x137c
0xb96b	0xb96bB0x15e2
0x1c18	0x1c18B0x137c
0x1c18	0x1c18B0x15e2
0x50bc	0x50bcB0x1bf1B0x137c
0x50bc	0x50bcB0x1bf1B0x15e2
0xffa73	0xffa73B0x137c
0xffa73	0xffa73B0x15e2
0x1c2a	0x1c2aB0x137c
0x1c2a	0x1c2aB0x15e2
0x1881	0x1881B0x137c
0x1881	0x1881B0x15e2
0x1db3	0x1db3B0x15c7
0x2a05	0x2a05B0x1da7B0x15c7
0x1dfc	0x1dfcB0x15c7
0x552d	0x552dB0x15c7
0x1e55	0x1e55B0x15c7
0x1e22	0x1e22B0x15c7
0x2a2d	0x2a2dB0x1dfcB0x15c7
0x1e7a	0x1e7aB0x15c7
0x1e6b	0x1e6bB0x15c7
0x5586	0x5586B0x1e55B0x15c7
0x2a5a	0x2a5aB0x1e6bB0x15c7
0x1ec7	0x1ec7B0x15c7
0xba67	0xba67B0x15c7
0x1ef1	0x1ef1B0x15c7
0x1f4f	0x1f4fB0x15c7
0xba8f	0xba8fB0x15c7
0x235c	0x235cB0x137c
0x235c	0x235cB0x15e2
0x2a84	0x2a84B0x232fB0x137c
0x2a84	0x2a84B0x232fB0x15e2
0x237a	0x237aB0x137c
0x237a	0x237aB0x15e2
0xbca2	0xbca2B0x137c
0xbca2	0xbca2B0x15e2
0xffc0a	0xffc0aB0x137c
0xffc0a	0xffc0aB0x15e2
0x256c	0x256cB0x137c
0x256c	0x256cB0x15e2
0x23c6	0x23c6B0x137c
0x23c6	0x23c6B0x15e2
0x56b0	0x56b0
0x23d7	0x23d7B0x137c
0x23d7	0x23d7B0x15e2
0x355f	0x355f
0x23f1	0x23f1B0x137c
0x23f1	0x23f1B0x15e2
0x35da	0x35daB0x23d7B0x137c
0x35da	0x35daB0x25c0B0x137c
0x35da	0x35daB0x26daB0x137c
0x35da	0x35daB0x2c4aB0x232fB0x137c
0x35da	0x35daB0x320eB0x232fB0x137c
0x35da	0x35daB0x23d7B0x15e2
0x35da	0x35daB0x25c0B0x15e2
0x35da	0x35daB0x26daB0x15e2
0x35da	0x35daB0x2c4aB0x232fB0x15e2
0x35da	0x35daB0x320eB0x232fB0x15e2
0x2422	0x2422B0x137c
0x2422	0x2422B0x15e2
0x36ee	0x36ee
0x2449	0x2449B0x137c
0x2449	0x2449B0x15e2
0x380e	0x380e
0x249d	0x249dB0x137c
0x249d	0x249dB0x15e2
0x56cd	0x56cdB0x2449B0x137c
0x56cd	0x56cdB0x2632B0x137c
0x56cd	0x56cdB0x2449B0x15e2
0x56cd	0x56cdB0x2632B0x15e2
0x24bc	0x24bcB0x137c
0x24bc	0x24bcB0x15e2
0x24e0	0x24e0B0x137c
0x24e0	0x24e0B0x15e2
0xffc35	0xffc35B0x137c
0xffc35	0xffc35B0x15e2
0x2560	0x2560B0x137c
0x2560	0x2560B0x15e2
0xbcd7	0xbcd7B0x137c
0xbcd7	0xbcd7B0x15e2
0x2686	0x2686B0x137c
0x2686	0x2686B0x15e2
0x25af	0x25afB0x137c
0x25af	0x25afB0x15e2
0x25c0	0x25c0B0x137c
0x25c0	0x25c0B0x15e2
0x25da	0x25daB0x137c
0x25da	0x25daB0x15e2
0x260b	0x260bB0x137c
0x260b	0x260bB0x15e2
0x2632	0x2632B0x137c
0x2632	0x2632B0x15e2
0x289a	0x289aB0x137c
0x289a	0x289aB0x15e2
0x26c9	0x26c9B0x137c
0x26c9	0x26c9B0x15e2
0x5726	0x5726B0x137c
0x5726	0x5726B0x15e2
0x26da	0x26daB0x137c
0x26da	0x26daB0x15e2
0x26f5	0x26f5B0x137c
0x26f5	0x26f5B0x15e2
0x2727	0x2727B0x137c
0x2727	0x2727B0x15e2
0x274e	0x274eB0x137c
0x274e	0x274eB0x15e2
0x27f5	0x27f5B0x137c
0x27f5	0x27f5B0x15e2
0x2819	0x2819B0x137c
0x2819	0x2819B0x15e2
0xffc86	0xffc86B0x137c
0xffc86	0xffc86B0x15e2
0xbcff	0xbcffB0x137c
0xbcff	0xbcffB0x15e2
0x100151	0x100151B0x467aB0x464aB0x381f
0x100151	0x100151B0x467aB0x3ca2B0x3c13
0x100151	0x100151B0x467aB0x3ca2B0x382e
0x100151	0x100151B0x467aB0x3ca2B0x2dfdB0x232fB0x137c
0x100151	0x100151B0x467aB0x3ca2B0x3eeaB0x232fB0x137c
0x100151	0x100151B0x467aB0x464aB0x40c3B0x232fB0x137c
0x100151	0x100151B0x467aB0x3ca2B0x2dfdB0x232fB0x15e2
0x100151	0x100151B0x467aB0x3ca2B0x3eeaB0x232fB0x15e2
0x100151	0x100151B0x467aB0x464aB0x40c3B0x232fB0x15e2
0x4776	0x4776B0x467aB0x464aB0x381f
0x4776	0x4776B0x467aB0x3ca2B0x3c13
0x4776	0x4776B0x467aB0x3ca2B0x382e
0x4776	0x4776B0x467aB0x3ca2B0x2dfdB0x232fB0x137c
0x4776	0x4776B0x467aB0x3ca2B0x3eeaB0x232fB0x137c
0x4776	0x4776B0x467aB0x464aB0x40c3B0x232fB0x137c
0x4776	0x4776B0x467aB0x3ca2B0x2dfdB0x232fB0x15e2
0x4776	0x4776B0x467aB0x3ca2B0x3eeaB0x232fB0x15e2
0x4776	0x4776B0x467aB0x464aB0x40c3B0x232fB0x15e2
0x5a55	0x5a55B0x467aB0x464aB0x381f
0x5a55	0x5a55B0x467aB0x3ca2B0x3c13
0x5a55	0x5a55B0x467aB0x3ca2B0x382e
0x5a55	0x5a55B0x467aB0x3ca2B0x2dfdB0x232fB0x137c
0x5a55	0x5a55B0x467aB0x3ca2B0x3eeaB0x232fB0x137c
0x5a55	0x5a55B0x467aB0x464aB0x40c3B0x232fB0x137c
0x5a55	0x5a55B0x467aB0x3ca2B0x2dfdB0x232fB0x15e2
0x5a55	0x5a55B0x467aB0x3ca2B0x3eeaB0x232fB0x15e2
0x5a55	0x5a55B0x467aB0x464aB0x40c3B0x232fB0x15e2
0x47b3	0x47b3B0x467aB0x464aB0x381f
0x47b3	0x47b3B0x467aB0x3ca2B0x3c13
0x47b3	0x47b3B0x467aB0x3ca2B0x382e
0x47b3	0x47b3B0x467aB0x3ca2B0x2dfdB0x232fB0x137c
0x47b3	0x47b3B0x467aB0x3ca2B0x3eeaB0x232fB0x137c
0x47b3	0x47b3B0x467aB0x464aB0x40c3B0x232fB0x137c
0x47b3	0x47b3B0x467aB0x3ca2B0x2dfdB0x232fB0x15e2
0x47b3	0x47b3B0x467aB0x3ca2B0x3eeaB0x232fB0x15e2
0x47b3	0x47b3B0x467aB0x464aB0x40c3B0x232fB0x15e2
0x47b8	0x47b8B0x467aB0x464aB0x381f
0x47b8	0x47b8B0x467aB0x3ca2B0x3c13
0x47b8	0x47b8B0x467aB0x3ca2B0x382e
0x47b8	0x47b8B0x467aB0x3ca2B0x2dfdB0x232fB0x137c
0x47b8	0x47b8B0x467aB0x3ca2B0x3eeaB0x232fB0x137c
0x47b8	0x47b8B0x467aB0x464aB0x40c3B0x232fB0x137c
0x47b8	0x47b8B0x467aB0x3ca2B0x2dfdB0x232fB0x15e2
0x47b8	0x47b8B0x467aB0x3ca2B0x3eeaB0x232fB0x15e2
0x47b8	0x47b8B0x467aB0x464aB0x40c3B0x232fB0x15e2
0x47c9	0x47c9B0x467aB0x464aB0x381f
0x47c9	0x47c9B0x467aB0x3ca2B0x3c13
0x47c9	0x47c9B0x467aB0x3ca2B0x382e
0x47c9	0x47c9B0x467aB0x3ca2B0x2dfdB0x232fB0x137c
0x47c9	0x47c9B0x467aB0x3ca2B0x3eeaB0x232fB0x137c
0x47c9	0x47c9B0x467aB0x464aB0x40c3B0x232fB0x137c
0x47c9	0x47c9B0x467aB0x3ca2B0x2dfdB0x232fB0x15e2
0x47c9	0x47c9B0x467aB0x3ca2B0x3eeaB0x232fB0x15e2
0x47c9	0x47c9B0x467aB0x464aB0x40c3B0x232fB0x15e2
0x47d4	0x47d4B0x47b8B0x467aB0x464aB0x381f
0x47d4	0x47d4B0x47b8B0x467aB0x3ca2B0x3c13
0x47d4	0x47d4B0x47b8B0x467aB0x3ca2B0x382e
0x47d4	0x47d4B0x47b8B0x467aB0x3ca2B0x2dfdB0x232fB0x137c
0x47d4	0x47d4B0x47b8B0x467aB0x3ca2B0x3eeaB0x232fB0x137c
0x47d4	0x47d4B0x47b8B0x467aB0x464aB0x40c3B0x232fB0x137c
0x47d4	0x47d4B0x47b8B0x467aB0x3ca2B0x2dfdB0x232fB0x15e2
0x47d4	0x47d4B0x47b8B0x467aB0x3ca2B0x3eeaB0x232fB0x15e2
0x47d4	0x47d4B0x47b8B0x467aB0x464aB0x40c3B0x232fB0x15e2
0x1003d0	0x1003d0B0x137c
0x1003d0	0x1003d0B0x15e2
0xc142	0xc142B0x137c
0xc142	0xc142B0x15e2
0x5030	0x5030B0x650
0x54a4	0x54a4B0x137c
0x54a4	0x54a4B0x15e2
0x34	0x34
0x54	0x4a
0x5569	0x5569B0x15c7
0xb4	0xb2
0x5739	0x5739B0x137c
0x5739	0x5739B0x15e2
0x5741	0x5741B0x137c
0x5741	0x5741B0x15e2
0x4a69	0x4a69B0x137c
0x4a69	0x4a69B0x15e2
0x574a	0x574aB0x137c
0x574a	0x574aB0x15e2
0x5762	0x5762B0x137c
0x5762	0x5762B0x15e2
0x5773	0x5773B0x137c
0x5773	0x5773B0x15e2
0x5784	0x5784B0x137c
0x5784	0x5784B0x15e2
0x579f	0x579fB0x137c
0x579f	0x579fB0x15e2
0x57b0	0x57b0B0x137c
0x57b0	0x57b0B0x15e2
0x57c3	0x57c3B0x137c
0x57c3	0x57c3B0x15e2
0x5a67	0x5a67B0x467aB0x464aB0x381f
0x5a67	0x5a67B0x467aB0x3ca2B0x3c13
0x5a67	0x5a67B0x467aB0x3ca2B0x382e
0x5a67	0x5a67B0x467aB0x3ca2B0x2dfdB0x232fB0x137c
0x5a67	0x5a67B0x467aB0x3ca2B0x3eeaB0x232fB0x137c
0x5a67	0x5a67B0x467aB0x464aB0x40c3B0x232fB0x137c
0x5a67	0x5a67B0x467aB0x3ca2B0x2dfdB0x232fB0x15e2
0x5a67	0x5a67B0x467aB0x3ca2B0x3eeaB0x232fB0x15e2
0x5a67	0x5a67B0x467aB0x464aB0x40c3B0x232fB0x15e2
0x1009d1	0x1009d1B0x137c
0x1009d1	0x1009d1B0x15e2
0x1009f7	0x1009f7B0x137c
0x1009f7	0x1009f7B0x15e2
0x1010d0	0x1010d0B0x137c
0x1010d0	0x1010d0B0x15e2
0x1010fb	0x1010fbB0x137c
0x1010fb	0x1010fbB0x15e2
0x101337	0x101337B0x137c
0x101337	0x101337B0x15e2
0xb7a8	0xb7a8B0x11ceB0x2a6
0xff965	0xff965B0x11ceB0x2a6
0x100a4a	0x100a4aB0x1da7B0x15c7
0x50d5	0x50d5B0x1bf1B0x137c
0x50d5	0x50d5B0x1bf1B0x15e2
0xc280	0xc280B0x1bf1B0x137c
0xc280	0xc280B0x1bf1B0x15e2
0x1005f6	0x1005f6B0x1bf1B0x137c
0x1005f6	0x1005f6B0x1bf1B0x15e2
0x50e9	0x50e9B0x1bf1B0x137c
0x50e9	0x50e9B0x1bf1B0x15e2
0x50e3	0x50e3B0x1bf1B0x137c
0x50e3	0x50e3B0x1bf1B0x15e2
0x511e	0x511eB0x1bf1B0x137c
0x511e	0x511eB0x1bf1B0x15e2
0x5076	0x5076B0x50e3B0x1bf1B0x137c
0x5076	0x5076B0x50e3B0x1bf1B0x15e2
0x512e	0x512eB0x1bf1B0x137c
0x512e	0x512eB0x1bf1B0x15e2
0x10124b	0x10124bB0x1bf1B0x137c
0x10124b	0x10124bB0x1bf1B0x15e2
0x516b	0x516bB0x1bf1B0x137c
0x516b	0x516bB0x1bf1B0x15e2
0x514d	0x514dB0x1bf1B0x137c
0x514d	0x514dB0x1bf1B0x15e2
0x1013b8	0x1013b8B0x1bf1B0x137c
0x1013b8	0x1013b8B0x1bf1B0x15e2
0x100b33	0x100b33B0x1bf1B0x137c
0x100b33	0x100b33B0x1bf1B0x15e2
0x509d	0x509dB0x50e3B0x1bf1B0x137c
0x509d	0x509dB0x50e3B0x1bf1B0x15e2
0x50a9	0x50a9B0x50e3B0x1bf1B0x137c
0x50a9	0x50a9B0x50e3B0x1bf1B0x15e2
0x1005cf	0x1005cfB0x50e3B0x1bf1B0x137c
0x1005cf	0x1005cfB0x50e3B0x1bf1B0x15e2
0x1005ab	0x1005abB0x50e3B0x1bf1B0x137c
0x1005ab	0x1005abB0x50e3B0x1bf1B0x15e2
0x5598	0x5598B0x1e55B0x15c7
0x100733	0x100733B0x1e55B0x15c7
0x2ae8	0x2ae8B0x232fB0x137c
0x2ae8	0x2ae8B0x232fB0x15e2
0x57ce	0x57ceB0x232fB0x137c
0x57ce	0x57ceB0x232fB0x15e2
0x2c3d	0x2c3dB0x232fB0x137c
0x2c3d	0x2c3dB0x232fB0x15e2
0x584e	0x584e
0x2c61	0x2c61B0x232fB0x137c
0x2c61	0x2c61B0x232fB0x15e2
0x2cdf	0x2cdfB0x232fB0x137c
0x2cdf	0x2cdfB0x232fB0x15e2
0x3b78	0x3b78
0x2e14	0x2e14B0x232fB0x137c
0x2e14	0x2e14B0x232fB0x15e2
0x2f27	0x2f27B0x232fB0x137c
0x2f27	0x2f27B0x232fB0x15e2
0x3092	0x3092B0x232fB0x137c
0x3092	0x3092B0x232fB0x15e2
0xbd27	0xbd27B0x232fB0x137c
0xbd27	0xbd27B0x232fB0x15e2
0xbd5c	0xbd5cB0x232fB0x137c
0xbd5c	0xbd5cB0x232fB0x15e2
0x311c	0x311cB0x232fB0x137c
0x311c	0x311cB0x232fB0x15e2
0x3162	0x3162B0x232fB0x137c
0x3162	0x3162B0x232fB0x15e2
0x3d0d	0x3d0d
0x320e	0x320eB0x232fB0x137c
0x320e	0x320eB0x232fB0x15e2
0x593d	0x593dB0x232fB0x137c
0x593d	0x593dB0x232fB0x15e2
0x3297	0x3297B0x232fB0x137c
0x3297	0x3297B0x232fB0x15e2
0x3ed2	0x3ed2B0x232fB0x137c
0x3ed2	0x3ed2B0x232fB0x15e2
0x3344	0x3344B0x232fB0x137c
0x3344	0x3344B0x232fB0x15e2
0x59b8	0x59b8B0x232fB0x137c
0x59b8	0x59b8B0x232fB0x15e2
0x3377	0x3377B0x232fB0x137c
0x3377	0x3377B0x232fB0x15e2
0xbd84	0xbd84B0x232fB0x137c
0xbd84	0xbd84B0x232fB0x15e2
0xbdb9	0xbdb9B0x232fB0x137c
0xbdb9	0xbdb9B0x232fB0x15e2
0x3477	0x3477B0x232fB0x137c
0x3477	0x3477B0x232fB0x15e2
0xbde1	0xbde1B0x232fB0x137c
0xbde1	0xbde1B0x232fB0x15e2
0x3532	0x3532B0x232fB0x137c
0x3532	0x3532B0x232fB0x15e2
0x40e7	0x40e7
0x3f01	0x3f01B0x232fB0x137c
0x3f01	0x3f01B0x232fB0x15e2
0x3fc3	0x3fc3B0x232fB0x137c
0x3fc3	0x3fc3B0x232fB0x15e2
0xbfcd	0xbfcdB0x232fB0x137c
0xbfcd	0xbfcdB0x232fB0x15e2
0xbff5	0xbff5B0x232fB0x137c
0xbff5	0xbff5B0x232fB0x15e2
0x5971	0x5971B0x232fB0x137c
0x5971	0x5971B0x232fB0x15e2
0xc3be	0xc3beB0x232fB0x137c
0xc3be	0xc3beB0x232fB0x15e2
0x59ec	0x59ecB0x232fB0x137c
0x59ec	0x59ecB0x232fB0x15e2
0xc3f3	0xc3f3B0x232fB0x137c
0xc3f3	0xc3f3B0x232fB0x15e2
0x2b96	0x2b96B0x232fB0x137c
0x2b96	0x2b96B0x232fB0x15e2
0x2bf1	0x2bf1B0x232fB0x137c
0x2bf1	0x2bf1B0x232fB0x15e2
0x2b78	0x2b78B0x232fB0x137c
0x2b78	0x2b78B0x232fB0x15e2
0x57e0	0x57e0B0x232fB0x137c
0x57e0	0x57e0B0x232fB0x15e2
0x2b8c	0x2b8cB0x232fB0x137c
0x2b8c	0x2b8cB0x232fB0x15e2
0xffcf6	0xffcf6B0x232fB0x137c
0xffcf6	0xffcf6B0x232fB0x15e2
0x2c22	0x2c22B0x232fB0x137c
0x2c22	0x2c22B0x232fB0x15e2
0x3199	0x3199B0x232fB0x137c
0x3199	0x3199B0x232fB0x15e2
0x31f3	0x31f3B0x232fB0x137c
0x31f3	0x31f3B0x232fB0x15e2
0x306c	0x306cB0x232fB0x137c
0x306c	0x306cB0x232fB0x15e2
0x2c97	0x2c97B0x232fB0x137c
0x2c97	0x2c97B0x232fB0x15e2
0x2ce4	0x2ce4B0x232fB0x137c
0x2ce4	0x2ce4B0x232fB0x15e2
0x2d3b	0x2d3bB0x232fB0x137c
0x2d3b	0x2d3bB0x232fB0x15e2
0x2ea9	0x2ea9B0x232fB0x137c
0x2ea9	0x2ea9B0x232fB0x15e2
0x2ec9	0x2ec9B0x232fB0x137c
0x2ec9	0x2ec9B0x232fB0x15e2
0x2d5f	0x2d5fB0x232fB0x137c
0x2d5f	0x2d5fB0x232fB0x15e2
0x2daa	0x2daaB0x232fB0x137c
0x2daa	0x2daaB0x232fB0x15e2
0x2dce	0x2dceB0x232fB0x137c
0x2dce	0x2dceB0x232fB0x15e2
0x2e28	0x2e28B0x232fB0x137c
0x2e28	0x2e28B0x232fB0x15e2
0x2e2d	0x2e2dB0x232fB0x137c
0x2e2d	0x2e2dB0x232fB0x15e2
0x2e75	0x2e75B0x232fB0x137c
0x2e75	0x2e75B0x232fB0x15e2
0x2e8f	0x2e8fB0x232fB0x137c
0x2e8f	0x2e8fB0x232fB0x15e2
0x2ea3	0x2ea3B0x232fB0x137c
0x2ea3	0x2ea3B0x232fB0x15e2
0x2fcf	0x2fcfB0x232fB0x137c
0x2fcf	0x2fcfB0x232fB0x15e2
0x2fdf	0x2fdfB0x232fB0x137c
0x2fdf	0x2fdfB0x232fB0x15e2
0x2f4b	0x2f4bB0x232fB0x137c
0x2f4b	0x2f4bB0x232fB0x15e2
0xe3	0xe3
0x2f97	0x2f97B0x232fB0x137c
0x2f97	0x2f97B0x232fB0x15e2
0x2fbb	0x2fbbB0x232fB0x137c
0x2fbb	0x2fbbB0x232fB0x15e2
0x5920	0x5920B0x2f97B0x232fB0x137c
0x5920	0x5920B0x2f97B0x232fB0x15e2
0x3055	0x3055B0x232fB0x137c
0x3055	0x3055B0x232fB0x15e2
0xffd21	0xffd21B0x232fB0x137c
0xffd21	0xffd21B0x232fB0x15e2
0x101126	0x101126B0x232fB0x137c
0x101126	0x101126B0x232fB0x15e2
0x30d6	0x30d6B0x232fB0x137c
0x30d6	0x30d6B0x232fB0x15e2
0x312b	0x312bB0x232fB0x137c
0x312b	0x312bB0x232fB0x15e2
0x3167	0x3167B0x232fB0x137c
0x3167	0x3167B0x232fB0x15e2
0x3170	0x3170B0x232fB0x137c
0x3170	0x3170B0x232fB0x15e2
0x3e14	0x3e14
0x100a96	0x100a96B0x232fB0x137c
0x100a96	0x100a96B0x232fB0x15e2
0x32ce	0x32ceB0x232fB0x137c
0x32ce	0x32ceB0x232fB0x15e2
0x3329	0x3329B0x232fB0x137c
0x3329	0x3329B0x232fB0x15e2
0x3227	0x3227B0x232fB0x137c
0x3227	0x3227B0x232fB0x15e2
0x594f	0x594fB0x232fB0x137c
0x594f	0x594fB0x232fB0x15e2
0x3253	0x3253B0x232fB0x137c
0x3253	0x3253B0x232fB0x15e2
0x329c	0x329cB0x232fB0x137c
0x329c	0x329cB0x232fB0x15e2
0xffdb9	0xffdb9B0x232fB0x137c
0xffdb9	0xffdb9B0x232fB0x15e2
0x401d	0x401dB0x232fB0x137c
0x401d	0x401dB0x232fB0x15e2
0xffd71	0xffd71B0x232fB0x137c
0xffd71	0xffd71B0x232fB0x15e2
0x101151	0x101151B0x232fB0x137c
0x101151	0x101151B0x232fB0x15e2
0x10117c	0x10117cB0x232fB0x137c
0x10117c	0x10117cB0x232fB0x15e2
0x406c	0x406cB0x232fB0x137c
0x406c	0x406cB0x232fB0x15e2
0x354d	0x354dB0x232fB0x137c
0x354d	0x354dB0x232fB0x15e2
0x33e3	0x33e3B0x232fB0x137c
0x33e3	0x33e3B0x232fB0x15e2
0x59ca	0x59caB0x232fB0x137c
0x59ca	0x59caB0x232fB0x15e2
0x33fe	0x33feB0x232fB0x137c
0x33fe	0x33feB0x232fB0x15e2
0x33bb	0x33bbB0x232fB0x137c
0x33bb	0x33bbB0x232fB0x15e2
0xffe2c	0xffe2cB0x232fB0x137c
0xffe2c	0xffe2cB0x232fB0x15e2
0x1011a7	0x1011a7B0x232fB0x137c
0x1011a7	0x1011a7B0x232fB0x15e2
0x342a	0x342aB0x232fB0x137c
0x342a	0x342aB0x232fB0x15e2
0x34c8	0x34c8B0x232fB0x137c
0x34c8	0x34c8B0x232fB0x15e2
0x345a	0x345aB0x232fB0x137c
0x345a	0x345aB0x232fB0x15e2
0x34de	0x34deB0x232fB0x137c
0x34de	0x34deB0x232fB0x15e2
0x34fb	0x34fbB0x232fB0x137c
0x34fb	0x34fbB0x232fB0x15e2
0x4872	0x4872B0x34deB0x232fB0x137c
0x4872	0x4872B0x34deB0x232fB0x15e2
0x3539	0x3539B0x232fB0x137c
0x3539	0x3539B0x232fB0x15e2
0x3542	0x3542B0x232fB0x137c
0x3542	0x3542B0x232fB0x15e2
0x420a	0x420a
0xffe51	0xffe51B0x232fB0x137c
0xffe51	0xffe51B0x232fB0x15e2
0x1011d2	0x1011d2B0x232fB0x137c
0x1011d2	0x1011d2B0x232fB0x15e2
0x100abb	0x100abbB0x232fB0x137c
0x100abb	0x100abbB0x232fB0x15e2
0x3f37	0x3f37B0x232fB0x137c
0x3f37	0x3f37B0x232fB0x15e2
0x3f51	0x3f51B0x232fB0x137c
0x3f51	0x3f51B0x232fB0x15e2
0x3f65	0x3f65B0x232fB0x137c
0x3f65	0x3f65B0x232fB0x15e2
0x3fbe	0x3fbeB0x232fB0x137c
0x3fbe	0x3fbeB0x232fB0x15e2
0x4014	0x4014B0x232fB0x137c
0x4014	0x4014B0x232fB0x15e2
0x40af	0x40afB0x232fB0x137c
0x40af	0x40afB0x232fB0x15e2
0x40c3	0x40c3B0x232fB0x137c
0x40c3	0x40c3B0x232fB0x15e2
0x40df	0x40dfB0x232fB0x137c
0x40df	0x40dfB0x232fB0x15e2
0x57e8	0x57e8B0x232fB0x137c
0x57e8	0x57e8B0x232fB0x15e2
0x57f3	0x57f3B0x232fB0x137c
0x57f3	0x57f3B0x232fB0x15e2
0x5803	0x5803B0x232fB0x137c
0x5803	0x5803B0x232fB0x15e2
0x582c	0x582cB0x232fB0x137c
0x582c	0x582cB0x232fB0x15e2
0x597f	0x597fB0x232fB0x137c
0x597f	0x597fB0x232fB0x15e2
0x5999	0x5999B0x232fB0x137c
0x5999	0x5999B0x232fB0x15e2
0x59ac	0x59acB0x232fB0x137c
0x59ac	0x59acB0x232fB0x15e2
0x5a01	0x5a01B0x232fB0x137c
0x5a01	0x5a01B0x232fB0x15e2
0x101362	0x101362B0x232fB0x137c
0x101362	0x101362B0x232fB0x15e2
0x10138d	0x10138dB0x232fB0x137c
0x10138d	0x10138dB0x232fB0x15e2
0x344c	0x344cB0x232fB0x137c
0x344c	0x344cB0x232fB0x15e2
0x5932	0x5932B0x2f97B0x232fB0x137c
0x5932	0x5932B0x2f97B0x232fB0x15e2
0x1007ed	0x1007edB0x2f97B0x232fB0x137c
0x1007ed	0x1007edB0x2f97B0x232fB0x15e2
0x487e	0x487eB0x34deB0x232fB0x137c
0x487e	0x487eB0x34deB0x232fB0x15e2
0x488e	0x488eB0x34deB0x232fB0x137c
0x488e	0x488eB0x34deB0x232fB0x15e2
0x10023a	0x10023aB0x34deB0x232fB0x137c
0x10023a	0x10023aB0x34deB0x232fB0x15e2
0x48a8	0x48a8B0x488eB0x34deB0x232fB0x137c
0x48a8	0x48a8B0x488eB0x34deB0x232fB0x15e2
0x48bc	0x48bcB0x488eB0x34deB0x232fB0x137c
0x48bc	0x48bcB0x488eB0x34deB0x232fB0x15e2
0x2a6b	0x2a6bB0x1e6bB0x15c7
0x396a	0x396aB0x2a5aB0x1e6bB0x15c7
0x2a78	0x2a78B0x1e6bB0x15c7
0x3a2e	0x3a2eB0x2a6bB0x1e6bB0x15c7
0x100a6f	0x100a6fB0x1e6bB0x15c7
0xfffd8	0xfffd8B0x2a5aB0x1e6bB0x15c7
0x39a1	0x39a1B0x2a5aB0x1e6bB0x15c7
0x39f5	0x39f5B0x2a5aB0x1e6bB0x15c7
0x3a1e	0x3a1eB0x2a5aB0x1e6bB0x15c7
0x100b0b	0x100b0bB0x2a5aB0x1e6bB0x15c7
0xfffb0	0xfffb0B0x2a5aB0x1e6bB0x15c7
0x3a42	0x3a42B0x2a6bB0x1e6bB0x15c7
0xbe81	0xbe81B0x2a6bB0x1e6bB0x15c7
0x3a5e	0x3a5eB0x2a6bB0x1e6bB0x15c7
0xbeb6	0xbeb6B0x2a6bB0x1e6bB0x15c7
0xbeeb	0xbeebB0x2a6bB0x1e6bB0x15c7
0x3abf	0x3abfB0x2a6bB0x1e6bB0x15c7
0xbf13	0xbf13B0x2a6bB0x1e6bB0x15c7
0xbf48	0xbf48B0x2a6bB0x1e6bB0x15c7
0x3b20	0x3b20B0x2a6bB0x1e6bB0x15c7
0xbf70	0xbf70B0x2a6bB0x1e6bB0x15c7
0xbfa5	0xbfa5B0x2a6bB0x1e6bB0x15c7
0x3a4a	0x3a4aB0x2a6bB0x1e6bB0x15c7
0x3aab	0x3aabB0x2a6bB0x1e6bB0x15c7
0x3b0c	0x3b0cB0x2a6bB0x1e6bB0x15c7
0x100000	0x100000B0x2a6bB0x1e6bB0x15c7
0x5400	0x5400B0x1ab5B0x137c
0x5400	0x5400B0x1ab5B0x15e2
0x5485	0x5485B0x1ab5B0x137c
0x5485	0x5485B0x1ab5B0x15e2
0x5378	0x5378B0x546fB0x1ab5B0x137c
0x5378	0x5378B0x546fB0x1ab5B0x15e2
0x5441	0x5441B0x1ab5B0x137c
0x5441	0x5441B0x1ab5B0x15e2
0x5450	0x5450B0x1ab5B0x137c
0x5450	0x5450B0x1ab5B0x15e2
0x545b	0x545bB0x1ab5B0x137c
0x545b	0x545bB0x1ab5B0x15e2
0x534f	0x534fB0x1ab5B0x137c
0x534f	0x534fB0x1ab5B0x15e2
0x546f	0x546fB0x1ab5B0x137c
0x546f	0x546fB0x1ab5B0x15e2
0x5426	0x5426B0x1ab5B0x137c
0x5426	0x5426B0x1ab5B0x15e2
0x5396	0x5396B0x546fB0x1ab5B0x137c
0x5396	0x5396B0x546fB0x1ab5B0x15e2
0x53c0	0x53c0B0x546fB0x1ab5B0x137c
0x53c0	0x53c0B0x546fB0x1ab5B0x15e2
0x53ae	0x53aeB0x546fB0x1ab5B0x137c
0x53ae	0x53aeB0x546fB0x1ab5B0x15e2
0xffcd1	0xffcd1B0x1dfcB0x15c7
0x2a3a	0x2a3aB0x1dfcB0x15c7
0x383a	0x383aB0x2a2dB0x1dfcB0x15c7
0x1901	0x18fdB0x137c
0x1901	0x18fdB0x15e2
0x3893	0x3893B0x2a2dB0x1dfcB0x15c7
0x38bd	0x38bdB0x2a2dB0x1dfcB0x15c7
0x3965	0x3965B0x2a2dB0x1dfcB0x15c7
0x3651	0x3651B0x23d7B0x137c
0x3651	0x3651B0x25c0B0x137c
0x3651	0x3651B0x26daB0x137c
0x3651	0x3651B0x2c4aB0x232fB0x137c
0x3651	0x3651B0x320eB0x232fB0x137c
0x3651	0x3651B0x23d7B0x15e2
0x3651	0x3651B0x25c0B0x15e2
0x3651	0x3651B0x26daB0x15e2
0x3651	0x3651B0x2c4aB0x232fB0x15e2
0x3651	0x3651B0x320eB0x232fB0x15e2
0xbe31	0xbe31B0x23d7B0x137c
0xbe31	0xbe31B0x25c0B0x137c
0xbe31	0xbe31B0x26daB0x137c
0xbe31	0xbe31B0x2c4aB0x232fB0x137c
0xbe31	0xbe31B0x320eB0x232fB0x137c
0xbe31	0xbe31B0x23d7B0x15e2
0xbe31	0xbe31B0x25c0B0x15e2
0xbe31	0xbe31B0x26daB0x15e2
0xbe31	0xbe31B0x2c4aB0x232fB0x15e2
0xbe31	0xbe31B0x320eB0x232fB0x15e2
0x36d6	0x36d6B0x23d7B0x137c
0x36d6	0x36d6B0x25c0B0x137c
0x36d6	0x36d6B0x26daB0x137c
0x36d6	0x36d6B0x2c4aB0x232fB0x137c
0x36d6	0x36d6B0x320eB0x232fB0x137c
0x36d6	0x36d6B0x23d7B0x15e2
0x36d6	0x36d6B0x25c0B0x15e2
0x36d6	0x36d6B0x26daB0x15e2
0x36d6	0x36d6B0x2c4aB0x232fB0x15e2
0x36d6	0x36d6B0x320eB0x232fB0x15e2
0xbe59	0xbe59B0x23d7B0x137c
0xbe59	0xbe59B0x25c0B0x137c
0xbe59	0xbe59B0x26daB0x137c
0xbe59	0xbe59B0x2c4aB0x232fB0x137c
0xbe59	0xbe59B0x320eB0x232fB0x137c
0xbe59	0xbe59B0x23d7B0x15e2
0xbe59	0xbe59B0x25c0B0x15e2
0xbe59	0xbe59B0x26daB0x15e2
0xbe59	0xbe59B0x2c4aB0x232fB0x15e2
0xbe59	0xbe59B0x320eB0x232fB0x15e2
0x35ee	0x35eeB0x23d7B0x137c
0x35ee	0x35eeB0x25c0B0x137c
0x35ee	0x35eeB0x26daB0x137c
0x35ee	0x35eeB0x2c4aB0x232fB0x137c
0x35ee	0x35eeB0x320eB0x232fB0x137c
0x35ee	0x35eeB0x23d7B0x15e2
0x35ee	0x35eeB0x25c0B0x15e2
0x35ee	0x35eeB0x26daB0x15e2
0x35ee	0x35eeB0x2c4aB0x232fB0x15e2
0x35ee	0x35eeB0x320eB0x232fB0x15e2
0x35f1	0x35f1B0x23d7B0x137c
0x35f1	0x35f1B0x25c0B0x137c
0x35f1	0x35f1B0x26daB0x137c
0x35f1	0x35f1B0x2c4aB0x232fB0x137c
0x35f1	0x35f1B0x320eB0x232fB0x137c
0x35f1	0x35f1B0x23d7B0x15e2
0x35f1	0x35f1B0x25c0B0x15e2
0x35f1	0x35f1B0x26daB0x15e2
0x35f1	0x35f1B0x2c4aB0x232fB0x15e2
0x35f1	0x35f1B0x320eB0x232fB0x15e2
0x3659	0x3659B0x23d7B0x137c
0x3659	0x3659B0x25c0B0x137c
0x3659	0x3659B0x26daB0x137c
0x3659	0x3659B0x2c4aB0x232fB0x137c
0x3659	0x3659B0x320eB0x232fB0x137c
0x3659	0x3659B0x23d7B0x15e2
0x3659	0x3659B0x25c0B0x15e2
0x3659	0x3659B0x26daB0x15e2
0x3659	0x3659B0x2c4aB0x232fB0x15e2
0x3659	0x3659B0x320eB0x232fB0x15e2
0x3661	0x3661B0x23d7B0x137c
0x3661	0x3661B0x25c0B0x137c
0x3661	0x3661B0x26daB0x137c
0x3661	0x3661B0x2c4aB0x232fB0x137c
0x3661	0x3661B0x320eB0x232fB0x137c
0x3661	0x3661B0x23d7B0x15e2
0x3661	0x3661B0x25c0B0x15e2
0x3661	0x3661B0x26daB0x15e2
0x3661	0x3661B0x2c4aB0x232fB0x15e2
0x3661	0x3661B0x320eB0x232fB0x15e2
0x3679	0x3679B0x23d7B0x137c
0x3679	0x3679B0x25c0B0x137c
0x3679	0x3679B0x26daB0x137c
0x3679	0x3679B0x2c4aB0x232fB0x137c
0x3679	0x3679B0x320eB0x232fB0x137c
0x3679	0x3679B0x23d7B0x15e2
0x3679	0x3679B0x25c0B0x15e2
0x3679	0x3679B0x26daB0x15e2
0x3679	0x3679B0x2c4aB0x232fB0x15e2
0x3679	0x3679B0x320eB0x232fB0x15e2
0x36dd	0x36ddB0x23d7B0x137c
0x36dd	0x36ddB0x25c0B0x137c
0x36dd	0x36ddB0x26daB0x137c
0x36dd	0x36ddB0x2c4aB0x232fB0x137c
0x36dd	0x36ddB0x320eB0x232fB0x137c
0x36dd	0x36ddB0x23d7B0x15e2
0x36dd	0x36ddB0x25c0B0x15e2
0x36dd	0x36ddB0x26daB0x15e2
0x36dd	0x36ddB0x2c4aB0x232fB0x15e2
0x36dd	0x36ddB0x320eB0x232fB0x15e2
0x100ae2	0x100ae2B0x23d7B0x137c
0x100ae2	0x100ae2B0x25c0B0x137c
0x100ae2	0x100ae2B0x26daB0x137c
0x100ae2	0x100ae2B0x2c4aB0x232fB0x137c
0x100ae2	0x100ae2B0x320eB0x232fB0x137c
0x100ae2	0x100ae2B0x23d7B0x15e2
0x100ae2	0x100ae2B0x25c0B0x15e2
0x100ae2	0x100ae2B0x26daB0x15e2
0x100ae2	0x100ae2B0x2c4aB0x232fB0x15e2
0x100ae2	0x100ae2B0x320eB0x232fB0x15e2
0xffec7	0xffec7B0x23d7B0x137c
0xffec7	0xffec7B0x25c0B0x137c
0xffec7	0xffec7B0x26daB0x137c
0xffec7	0xffec7B0x2c4aB0x232fB0x137c
0xffec7	0xffec7B0x320eB0x232fB0x137c
0xffec7	0xffec7B0x23d7B0x15e2
0xffec7	0xffec7B0x25c0B0x15e2
0xffec7	0xffec7B0x26daB0x15e2
0xffec7	0xffec7B0x2c4aB0x232fB0x15e2
0xffec7	0xffec7B0x320eB0x232fB0x15e2
0x10019e	0x10019eB0x47b8B0x467aB0x464aB0x381f
0x10019e	0x10019eB0x47b8B0x467aB0x3ca2B0x3c13
0x10019e	0x10019eB0x47b8B0x467aB0x3ca2B0x382e
0x10019e	0x10019eB0x47b8B0x467aB0x3ca2B0x2dfdB0x232fB0x137c
0x10019e	0x10019eB0x47b8B0x467aB0x3ca2B0x3eeaB0x232fB0x137c
0x10019e	0x10019eB0x47b8B0x467aB0x464aB0x40c3B0x232fB0x137c
0x10019e	0x10019eB0x47b8B0x467aB0x3ca2B0x2dfdB0x232fB0x15e2
0x10019e	0x10019eB0x47b8B0x467aB0x3ca2B0x3eeaB0x232fB0x15e2
0x10019e	0x10019eB0x47b8B0x467aB0x464aB0x40c3B0x232fB0x15e2
0xc0e5	0xc0e5B0x47b8B0x467aB0x464aB0x381f
0xc0e5	0xc0e5B0x47b8B0x467aB0x3ca2B0x3c13
0xc0e5	0xc0e5B0x47b8B0x467aB0x3ca2B0x382e
0xc0e5	0xc0e5B0x47b8B0x467aB0x3ca2B0x2dfdB0x232fB0x137c
0xc0e5	0xc0e5B0x47b8B0x467aB0x3ca2B0x3eeaB0x232fB0x137c
0xc0e5	0xc0e5B0x47b8B0x467aB0x464aB0x40c3B0x232fB0x137c
0xc0e5	0xc0e5B0x47b8B0x467aB0x3ca2B0x2dfdB0x232fB0x15e2
0xc0e5	0xc0e5B0x47b8B0x467aB0x3ca2B0x3eeaB0x232fB0x15e2
0xc0e5	0xc0e5B0x47b8B0x467aB0x464aB0x40c3B0x232fB0x15e2
0x4843	0x4843B0x47b8B0x467aB0x464aB0x381f
0x4843	0x4843B0x47b8B0x467aB0x3ca2B0x3c13
0x4843	0x4843B0x47b8B0x467aB0x3ca2B0x382e
0x4843	0x4843B0x47b8B0x467aB0x3ca2B0x2dfdB0x232fB0x137c
0x4843	0x4843B0x47b8B0x467aB0x3ca2B0x3eeaB0x232fB0x137c
0x4843	0x4843B0x47b8B0x467aB0x464aB0x40c3B0x232fB0x137c
0x4843	0x4843B0x47b8B0x467aB0x3ca2B0x2dfdB0x232fB0x15e2
0x4843	0x4843B0x47b8B0x467aB0x3ca2B0x3eeaB0x232fB0x15e2
0x4843	0x4843B0x47b8B0x467aB0x464aB0x40c3B0x232fB0x15e2
0x4858	0x4858B0x47b8B0x467aB0x464aB0x381f
0x4858	0x4858B0x47b8B0x467aB0x3ca2B0x3c13
0x4858	0x4858B0x47b8B0x467aB0x3ca2B0x382e
0x4858	0x4858B0x47b8B0x467aB0x3ca2B0x2dfdB0x232fB0x137c
0x4858	0x4858B0x47b8B0x467aB0x3ca2B0x3eeaB0x232fB0x137c
0x4858	0x4858B0x47b8B0x467aB0x464aB0x40c3B0x232fB0x137c
0x4858	0x4858B0x47b8B0x467aB0x3ca2B0x2dfdB0x232fB0x15e2
0x4858	0x4858B0x47b8B0x467aB0x3ca2B0x3eeaB0x232fB0x15e2
0x4858	0x4858B0x47b8B0x467aB0x464aB0x40c3B0x232fB0x15e2
0x1011fd	0x1011fdB0x47b8B0x467aB0x464aB0x381f
0x1011fd	0x1011fdB0x47b8B0x467aB0x3ca2B0x3c13
0x1011fd	0x1011fdB0x47b8B0x467aB0x3ca2B0x382e
0x1011fd	0x1011fdB0x47b8B0x467aB0x3ca2B0x2dfdB0x232fB0x137c
0x1011fd	0x1011fdB0x47b8B0x467aB0x3ca2B0x3eeaB0x232fB0x137c
0x1011fd	0x1011fdB0x47b8B0x467aB0x464aB0x40c3B0x232fB0x137c
0x1011fd	0x1011fdB0x47b8B0x467aB0x3ca2B0x2dfdB0x232fB0x15e2
0x1011fd	0x1011fdB0x47b8B0x467aB0x3ca2B0x3eeaB0x232fB0x15e2
0x1011fd	0x1011fdB0x47b8B0x467aB0x464aB0x40c3B0x232fB0x15e2
0x101224	0x101224B0x47b8B0x467aB0x464aB0x381f
0x101224	0x101224B0x47b8B0x467aB0x3ca2B0x3c13
0x101224	0x101224B0x47b8B0x467aB0x3ca2B0x382e
0x101224	0x101224B0x47b8B0x467aB0x3ca2B0x2dfdB0x232fB0x137c
0x101224	0x101224B0x47b8B0x467aB0x3ca2B0x3eeaB0x232fB0x137c
0x101224	0x101224B0x47b8B0x467aB0x464aB0x40c3B0x232fB0x137c
0x101224	0x101224B0x47b8B0x467aB0x3ca2B0x2dfdB0x232fB0x15e2
0x101224	0x101224B0x47b8B0x467aB0x3ca2B0x3eeaB0x232fB0x15e2
0x101224	0x101224B0x47b8B0x467aB0x464aB0x40c3B0x232fB0x15e2
0x100212	0x100212B0x47b8B0x467aB0x464aB0x381f
0x100212	0x100212B0x47b8B0x467aB0x3ca2B0x3c13
0x100212	0x100212B0x47b8B0x467aB0x3ca2B0x382e
0x100212	0x100212B0x47b8B0x467aB0x3ca2B0x2dfdB0x232fB0x137c
0x100212	0x100212B0x47b8B0x467aB0x3ca2B0x3eeaB0x232fB0x137c
0x100212	0x100212B0x47b8B0x467aB0x464aB0x40c3B0x232fB0x137c
0x100212	0x100212B0x47b8B0x467aB0x3ca2B0x2dfdB0x232fB0x15e2
0x100212	0x100212B0x47b8B0x467aB0x3ca2B0x3eeaB0x232fB0x15e2
0x100212	0x100212B0x47b8B0x467aB0x464aB0x40c3B0x232fB0x15e2
0x100178	0x100178B0x47b8B0x467aB0x464aB0x381f
0x100178	0x100178B0x47b8B0x467aB0x3ca2B0x3c13
0x100178	0x100178B0x47b8B0x467aB0x3ca2B0x382e
0x100178	0x100178B0x47b8B0x467aB0x3ca2B0x2dfdB0x232fB0x137c
0x100178	0x100178B0x47b8B0x467aB0x3ca2B0x3eeaB0x232fB0x137c
0x100178	0x100178B0x47b8B0x467aB0x464aB0x40c3B0x232fB0x137c
0x100178	0x100178B0x47b8B0x467aB0x3ca2B0x2dfdB0x232fB0x15e2
0x100178	0x100178B0x47b8B0x467aB0x3ca2B0x3eeaB0x232fB0x15e2
0x100178	0x100178B0x47b8B0x467aB0x464aB0x40c3B0x232fB0x15e2
0x4a	0x4a
0x55	0x55
0x6b	0x6b
0x86	0x86
0x91	0x91
0x9c	0x9c
0xa7	0xa7
0xc2	0xc2
0xcd	0xcd
0xd8	0xd8
0xee	0xee
0x109	0x109
0x114	0x114
0x11f	0x11f
0x12a	0x12a
0x145	0x145
0x150	0x150
0x15b	0x15b
0x166	0x166
0x171	0x171
0x17c	0x17c
0x197	0x197
0x1a2	0x1a2
0x1ad	0x1ad
0x1b8	0x1b8
0x1d3	0x1d3
0x1de	0x1de
0x1e9	0x1e9
0x1f4	0x1f4
0x1ff	0x1ff
0x21a	0x21a
0x225	0x225
0x230	0x230
0x23b	0x23b
0x1cff	0x1cff
0x373a	0x373a
0x3769	0x3769
0x46dc	0x46dcB0x464aB0x381f
0x46dc	0x46dcB0x3ca2B0x3c13
0x46dc	0x46dcB0x3ca2B0x382e
0x46dc	0x46dcB0x3ca2B0x2dfdB0x232fB0x137c
0x46dc	0x46dcB0x3ca2B0x3eeaB0x232fB0x137c
0x46dc	0x46dcB0x464aB0x40c3B0x232fB0x137c
0x46dc	0x46dcB0x3ca2B0x2dfdB0x232fB0x15e2
0x46dc	0x46dcB0x3ca2B0x3eeaB0x232fB0x15e2
0x46dc	0x46dcB0x464aB0x40c3B0x232fB0x15e2
0x78	0x76
0x7ba	0x7b9B0x2a6
0x7bc	0x7b9B0x2a6
0x7c0	0x7b9B0x2a6
0x7c5	0x7c4B0x2a6
0x7c9	0x7c4B0x2a6
0x83d	0x83cB0x390
0x842	0x83cB0x390
0x844	0x83cB0x390
0x847	0x83cB0x390
0x84a	0x83cB0x390
0x84b	0x83cB0x390
0x84d	0x83cB0x390
0x84e	0x83cB0x390
0x84f	0x83cB0x390
0x853	0x83cB0x390
0x858	0x857B0x390
0x85d	0x857B0x390
0x8e6	0x8e5B0x3e8
0x8e8	0x8e5B0x3e8
0x8ec	0x8e5B0x3e8
0x8f1	0x8f0B0x3e8
0x8f4	0x8f0B0x3e8
0xaf7	0xaf6B0x4e6
0xaf9	0xaf6B0x4e6
0xafd	0xaf6B0x4e6
0xb02	0xb01B0x4e6
0xb05	0xb01B0x4e6
0xc36	0xc35B0x650
0xc57	0xc35B0x650
0xc5b	0xc35B0x650
0xc61	0xc5fB0x650
0xc62	0xc5fB0x650
0xc67	0xc64B0x650
0xc68	0xc64B0x650
0xc69	0xc64B0x650
0xc6d	0xc6dB0x650
0xc72	0xc6dB0x650
0xc74	0xc6dB0x650
0xc75	0xc6dB0x650
0xc79	0xc79B0x650
0xc7c	0xc79B0x650
0xc81	0xc80B0x650
0xc83	0xc80B0x650
0xc84	0xc80B0x650
0xc86	0xc80B0x650
0xc87	0xc80B0x650
0xc88	0xc80B0x650
0xc89	0xc80B0x650
0xc8b	0xc80B0x650
0xc8c	0xc80B0x650
0xc8e	0xc80B0x650
0xc90	0xc80B0x650
0xc92	0xc80B0x650
0xc93	0xc80B0x650
0xc99	0xc80B0x650
0xc9b	0xc80B0x650
0xc9c	0xc80B0x650
0xca0	0xca0B0x650
0xca3	0xca0B0x650
0xca8	0xca7B0x650
0xcaa	0xca7B0x650
0xcab	0xca7B0x650
0xcad	0xca7B0x650
0xcae	0xca7B0x650
0xcaf	0xca7B0x650
0xcb0	0xca7B0x650
0xcb2	0xca7B0x650
0xcb3	0xca7B0x650
0xcb4	0xca7B0x650
0xcb6	0xca7B0x650
0xcbb	0xca7B0x650
0xcbd	0xca7B0x650
0xcc1	0xca7B0x650
0xcc3	0xca7B0x650
0xcc4	0xca7B0x650
0xcc6	0xca7B0x650
0xcc7	0xca7B0x650
0xcc9	0xca7B0x650
0xccc	0xca7B0x650
0xcce	0xca7B0x650
0xcd0	0xca7B0x650
0xcd2	0xca7B0x650
0xcd3	0xca7B0x650
0xcd4	0xca7B0x650
0xcd7	0xca7B0x650
0xcd8	0xca7B0x650
0xcd9	0xca7B0x650
0xcda	0xca7B0x650
0xcde	0xca7B0x650
0xd02	0xca7B0x650
0xd04	0xca7B0x650
0xd05	0xca7B0x650
0xd09	0xd09B0x650
0xd0c	0xd09B0x650
0xd11	0xd10B0x650
0xd13	0xd10B0x650
0xd14	0xd10B0x650
0xd16	0xd10B0x650
0xd17	0xd10B0x650
0xd18	0xd10B0x650
0xd19	0xd10B0x650
0xd1b	0xd10B0x650
0xd1c	0xd10B0x650
0xd21	0xd10B0x650
0xd23	0xd10B0x650
0xd24	0xd10B0x650
0xd28	0xd28B0x650
0xd2b	0xd28B0x650
0xd30	0xd2fB0x650
0xd32	0xd2fB0x650
0xd33	0xd2fB0x650
0xd35	0xd2fB0x650
0xd36	0xd2fB0x650
0xd37	0xd2fB0x650
0xd38	0xd2fB0x650
0xd3a	0xd2fB0x650
0xd3b	0xd2fB0x650
0xd3c	0xd2fB0x650
0xd3e	0xd2fB0x650
0xd3f	0xd2fB0x650
0xd46	0xd2fB0x650
0xd4b	0xd4aB0x650
0xd4d	0xd4aB0x650
0xd50	0xd4aB0x650
0xd54	0xd4aB0x650
0xd58	0xd4aB0x650
0xd5f	0xd5cB0x650
0x109f	0x109eB0x6f8
0x10a4	0x109eB0x6f8
0x10a6	0x109eB0x6f8
0x10a9	0x109eB0x6f8
0x10ac	0x109eB0x6f8
0x10ad	0x109eB0x6f8
0x10af	0x109eB0x6f8
0x10b0	0x109eB0x6f8
0x10b1	0x109eB0x6f8
0x10b5	0x109eB0x6f8
0x10ba	0x10b9B0x6f8
0x10bf	0x10b9B0x6f8
0x11cf	0x11ceB0x2a6
0x11d3	0x11ceB0x2a6
0x11d8	0x11d7B0x2a6
0x11db	0x11d7B0x2a6
0x11dc	0x11d7B0x2a6
0x11de	0x11d7B0x2a6
0x11e0	0x11d7B0x2a6
0x11e2	0x11d7B0x2a6
0x11e3	0x11d7B0x2a6
0x11e4	0x11d7B0x2a6
0x11e5	0x11d7B0x2a6
0x11e6	0x11d7B0x2a6
0x11e8	0x11d7B0x2a6
0x11ea	0x11d7B0x2a6
0x11ec	0x11d7B0x2a6
0x11ed	0x11d7B0x2a6
0x11f1	0x11d7B0x2a6
0x11f5	0x11d7B0x2a6
0x1853	0x1852B0x137c
0x1853	0x1852B0x15e2
0x1856	0x1852B0x137c
0x1856	0x1852B0x15e2
0x1859	0x1852B0x137c
0x1859	0x1852B0x15e2
0x185c	0x1852B0x137c
0x185c	0x1852B0x15e2
0x1861	0x1860B0x137c
0x1861	0x1860B0x15e2
0x1864	0x1860B0x137c
0x1864	0x1860B0x15e2
0x1865	0x1860B0x137c
0x1865	0x1860B0x15e2
0x1868	0x1860B0x137c
0x1868	0x1860B0x15e2
0x186b	0x1860B0x137c
0x186b	0x1860B0x15e2
0x1870	0x1860B0x137c
0x1870	0x1860B0x15e2
0x1873	0x1860B0x137c
0x1873	0x1860B0x15e2
0x1879	0x1860B0x137c
0x1879	0x1860B0x15e2
0x187e	0x1860B0x137c
0x187e	0x1860B0x15e2
0x1884	0x1881B0x137c
0x1884	0x1881B0x15e2
0x1885	0x1881B0x137c
0x1885	0x1881B0x15e2
0x1886	0x1881B0x137c
0x1886	0x1881B0x15e2
0x188a	0x188aB0x137c
0x188a	0x188aB0x15e2
0x188c	0x188aB0x137c
0x188c	0x188aB0x15e2
0x188d	0x188aB0x137c
0x188d	0x188aB0x15e2
0x1891	0x188aB0x137c
0x1891	0x188aB0x15e2
0x1893	0x188aB0x137c
0x1893	0x188aB0x15e2
0x1895	0x188aB0x137c
0x1895	0x188aB0x15e2
0x189c	0x1899B0x137c
0x189c	0x1899B0x15e2
0x18a3	0x189dB0x137c
0x18a3	0x189dB0x15e2
0x18a4	0x189dB0x137c
0x18a4	0x189dB0x15e2
0x18a8	0x18a8B0x137c
0x18a8	0x18a8B0x15e2
0x18ab	0x18a8B0x137c
0x18ab	0x18a8B0x15e2
0x18b2	0x18afB0x137c
0x18b2	0x18afB0x15e2
0x18b4	0x18afB0x137c
0x18b4	0x18afB0x15e2
0x18b6	0x18afB0x137c
0x18b6	0x18afB0x15e2
0x18b8	0x18afB0x137c
0x18b8	0x18afB0x15e2
0x18bd	0x18afB0x137c
0x18bd	0x18afB0x15e2
0x18c2	0x18c1B0x137c
0x18c2	0x18c1B0x15e2
0x18c4	0x18c1B0x137c
0x18c4	0x18c1B0x15e2
0x18c5	0x18c1B0x137c
0x18c5	0x18c1B0x15e2
0x18cb	0x18c1B0x137c
0x18cb	0x18c1B0x15e2
0x18d0	0x18cfB0x137c
0x18d0	0x18cfB0x15e2
0x18d2	0x18cfB0x137c
0x18d2	0x18cfB0x15e2
0x18d6	0x18cfB0x137c
0x18d6	0x18cfB0x15e2
0x18d8	0x18cfB0x137c
0x18d8	0x18cfB0x15e2
0x18d9	0x18cfB0x137c
0x18d9	0x18cfB0x15e2
0x18dc	0x18cfB0x137c
0x18dc	0x18cfB0x15e2
0x18df	0x18cfB0x137c
0x18df	0x18cfB0x15e2
0x18e5	0x18e3B0x137c
0x18e5	0x18e3B0x15e2
0x18e6	0x18e3B0x137c
0x18e6	0x18e3B0x15e2
0x18ea	0x18eaB0x137c
0x18ea	0x18eaB0x15e2
0x18ec	0x18eaB0x137c
0x18ec	0x18eaB0x15e2
0x18f3	0x18f0B0x137c
0x18f3	0x18f0B0x15e2
0x18f7	0x18f0B0x137c
0x18f7	0x18f0B0x15e2
0x18f9	0x18f0B0x137c
0x18f9	0x18f0B0x15e2
0x1900	0x18fdB0x137c
0x1900	0x18fdB0x15e2
0x1905	0x1905B0x137c
0x1905	0x1905B0x15e2
0x1908	0x1905B0x137c
0x1908	0x1905B0x15e2
0x190f	0x190cB0x137c
0x190f	0x190cB0x15e2
0x1911	0x190cB0x137c
0x1911	0x190cB0x15e2
0x1913	0x190cB0x137c
0x1913	0x190cB0x15e2
0x1915	0x190cB0x137c
0x1915	0x190cB0x15e2
0x191a	0x190cB0x137c
0x191a	0x190cB0x15e2
0x191f	0x191eB0x137c
0x191f	0x191eB0x15e2
0x1921	0x191eB0x137c
0x1921	0x191eB0x15e2
0x1922	0x191eB0x137c
0x1922	0x191eB0x15e2
0x1928	0x191eB0x137c
0x1928	0x191eB0x15e2
0x192d	0x192cB0x137c
0x192d	0x192cB0x15e2
0x192f	0x192cB0x137c
0x192f	0x192cB0x15e2
0x1932	0x192cB0x137c
0x1932	0x192cB0x15e2
0x1934	0x192cB0x137c
0x1934	0x192cB0x15e2
0x1939	0x1935B0x137c
0x1939	0x1935B0x15e2
0x193b	0x1935B0x137c
0x193b	0x1935B0x15e2
0x193c	0x1935B0x137c
0x193c	0x1935B0x15e2
0x1940	0x1940B0x137c
0x1940	0x1940B0x15e2
0x1943	0x1940B0x137c
0x1943	0x1940B0x15e2
0x1948	0x1947B0x137c
0x1948	0x1947B0x15e2
0x194a	0x1947B0x137c
0x194a	0x1947B0x15e2
0x194b	0x1947B0x137c
0x194b	0x1947B0x15e2
0x194d	0x1947B0x137c
0x194d	0x1947B0x15e2
0x194e	0x1947B0x137c
0x194e	0x1947B0x15e2
0x194f	0x1947B0x137c
0x194f	0x1947B0x15e2
0x1951	0x1947B0x137c
0x1951	0x1947B0x15e2
0x1961	0x1955B0x137c
0x1961	0x1955B0x15e2
0x1964	0x1955B0x137c
0x1964	0x1955B0x15e2
0x1967	0x1955B0x137c
0x1967	0x1955B0x15e2
0x1968	0x1955B0x137c
0x1968	0x1955B0x15e2
0x1969	0x1955B0x137c
0x1969	0x1955B0x15e2
0x196d	0x196dB0x137c
0x196d	0x196dB0x15e2
0x1970	0x196dB0x137c
0x1970	0x196dB0x15e2
0x1975	0x1974B0x137c
0x1975	0x1974B0x15e2
0x1976	0x1974B0x137c
0x1976	0x1974B0x15e2
0x197c	0x1974B0x137c
0x197c	0x1974B0x15e2
0x197d	0x1974B0x137c
0x197d	0x1974B0x15e2
0x1981	0x1981B0x137c
0x1981	0x1981B0x15e2
0x1984	0x1981B0x137c
0x1984	0x1981B0x15e2
0x198b	0x1988B0x137c
0x198b	0x1988B0x15e2
0x198d	0x1988B0x137c
0x198d	0x1988B0x15e2
0x198f	0x1988B0x137c
0x198f	0x1988B0x15e2
0x1991	0x1988B0x137c
0x1991	0x1988B0x15e2
0x1996	0x1988B0x137c
0x1996	0x1988B0x15e2
0x199b	0x199aB0x137c
0x199b	0x199aB0x15e2
0x199d	0x199aB0x137c
0x199d	0x199aB0x15e2
0x199e	0x199aB0x137c
0x199e	0x199aB0x15e2
0x19a0	0x199aB0x137c
0x19a0	0x199aB0x15e2
0x19a1	0x199aB0x137c
0x19a1	0x199aB0x15e2
0x19a7	0x199aB0x137c
0x19a7	0x199aB0x15e2
0x19ac	0x19abB0x137c
0x19ac	0x19abB0x15e2
0x19ae	0x19abB0x137c
0x19ae	0x19abB0x15e2
0x19af	0x19abB0x137c
0x19af	0x19abB0x15e2
0x19b3	0x19abB0x137c
0x19b3	0x19abB0x15e2
0x19b4	0x19abB0x137c
0x19b4	0x19abB0x15e2
0x19b8	0x19abB0x137c
0x19b8	0x19abB0x15e2
0x19bc	0x19abB0x137c
0x19bc	0x19abB0x15e2
0x19c0	0x19c0B0x137c
0x19c0	0x19c0B0x15e2
0x19c2	0x19c0B0x137c
0x19c2	0x19c0B0x15e2
0x19c3	0x19c0B0x137c
0x19c3	0x19c0B0x15e2
0x19c7	0x19c0B0x137c
0x19c7	0x19c0B0x15e2
0x19c9	0x19c0B0x137c
0x19c9	0x19c0B0x15e2
0x19cc	0x19c0B0x137c
0x19cc	0x19c0B0x15e2
0x19ce	0x19c0B0x137c
0x19ce	0x19c0B0x15e2
0x19cf	0x19c0B0x137c
0x19cf	0x19c0B0x15e2
0x19d4	0x19c0B0x137c
0x19d4	0x19c0B0x15e2
0x19dd	0x19d8B0x137c
0x19dd	0x19d8B0x15e2
0x19e0	0x19d8B0x137c
0x19e0	0x19d8B0x15e2
0x19e3	0x19d8B0x137c
0x19e3	0x19d8B0x15e2
0x19e4	0x19d8B0x137c
0x19e4	0x19d8B0x15e2
0x19e5	0x19d8B0x137c
0x19e5	0x19d8B0x15e2
0x19e9	0x19e9B0x137c
0x19e9	0x19e9B0x15e2
0x19ec	0x19e9B0x137c
0x19ec	0x19e9B0x15e2
0x19f1	0x19f0B0x137c
0x19f1	0x19f0B0x15e2
0x19f2	0x19f0B0x137c
0x19f2	0x19f0B0x15e2
0x19f6	0x19f6B0x137c
0x19f6	0x19f6B0x15e2
0x19f8	0x19f6B0x137c
0x19f8	0x19f6B0x15e2
0x19fa	0x19f6B0x137c
0x19fa	0x19f6B0x15e2
0x19fc	0x19f6B0x137c
0x19fc	0x19f6B0x15e2
0x19fd	0x19f6B0x137c
0x19fd	0x19f6B0x15e2
0x19ff	0x19f6B0x137c
0x19ff	0x19f6B0x15e2
0x1a00	0x19f6B0x137c
0x1a00	0x19f6B0x15e2
0x1a01	0x19f6B0x137c
0x1a01	0x19f6B0x15e2
0x1a05	0x1a05B0x137c
0x1a05	0x1a05B0x15e2
0x1a08	0x1a05B0x137c
0x1a08	0x1a05B0x15e2
0x1a09	0x1a05B0x137c
0x1a09	0x1a05B0x15e2
0x1a0b	0x1a05B0x137c
0x1a0b	0x1a05B0x15e2
0x1a0c	0x1a05B0x137c
0x1a0c	0x1a05B0x15e2
0x1a11	0x1a05B0x137c
0x1a11	0x1a05B0x15e2
0x1a13	0x1a05B0x137c
0x1a13	0x1a05B0x15e2
0x1a16	0x1a05B0x137c
0x1a16	0x1a05B0x15e2
0x1a18	0x1a05B0x137c
0x1a18	0x1a05B0x15e2
0x1a1a	0x1a05B0x137c
0x1a1a	0x1a05B0x15e2
0x1a1c	0x1a05B0x137c
0x1a1c	0x1a05B0x15e2
0x1a1d	0x1a05B0x137c
0x1a1d	0x1a05B0x15e2
0x1a1f	0x1a05B0x137c
0x1a1f	0x1a05B0x15e2
0x1a22	0x1a05B0x137c
0x1a22	0x1a05B0x15e2
0x1a27	0x1a05B0x137c
0x1a27	0x1a05B0x15e2
0x1a2a	0x1a05B0x137c
0x1a2a	0x1a05B0x15e2
0x1a2c	0x1a05B0x137c
0x1a2c	0x1a05B0x15e2
0x1a2e	0x1a05B0x137c
0x1a2e	0x1a05B0x15e2
0x1a30	0x1a05B0x137c
0x1a30	0x1a05B0x15e2
0x1a31	0x1a05B0x137c
0x1a31	0x1a05B0x15e2
0x1a34	0x1a05B0x137c
0x1a34	0x1a05B0x15e2
0x1a36	0x1a05B0x137c
0x1a36	0x1a05B0x15e2
0x1a3c	0x1a05B0x137c
0x1a3c	0x1a05B0x15e2
0x1a3e	0x1a05B0x137c
0x1a3e	0x1a05B0x15e2
0x1a3f	0x1a05B0x137c
0x1a3f	0x1a05B0x15e2
0x1a41	0x1a05B0x137c
0x1a41	0x1a05B0x15e2
0x1a43	0x1a05B0x137c
0x1a43	0x1a05B0x15e2
0x1a46	0x1a05B0x137c
0x1a46	0x1a05B0x15e2
0x1a49	0x1a05B0x137c
0x1a49	0x1a05B0x15e2
0x1a4a	0x1a05B0x137c
0x1a4a	0x1a05B0x15e2
0x1a4b	0x1a05B0x137c
0x1a4b	0x1a05B0x15e2
0x1a4d	0x1a05B0x137c
0x1a4d	0x1a05B0x15e2
0x1a4e	0x1a05B0x137c
0x1a4e	0x1a05B0x15e2
0x1a52	0x1a52B0x137c
0x1a52	0x1a52B0x15e2
0x1a53	0x1a52B0x137c
0x1a53	0x1a52B0x15e2
0x1a57	0x1a52B0x137c
0x1a57	0x1a52B0x15e2
0x1a58	0x1a52B0x137c
0x1a58	0x1a52B0x15e2
0x1a60	0x1a5bB0x137c
0x1a60	0x1a5bB0x15e2
0x1a62	0x1a5bB0x137c
0x1a62	0x1a5bB0x15e2
0x1a63	0x1a5bB0x137c
0x1a63	0x1a5bB0x15e2
0x1a64	0x1a5bB0x137c
0x1a64	0x1a5bB0x15e2
0x1a66	0x1a5bB0x137c
0x1a66	0x1a5bB0x15e2
0x1a67	0x1a5bB0x137c
0x1a67	0x1a5bB0x15e2
0x1a6a	0x1a5bB0x137c
0x1a6a	0x1a5bB0x15e2
0x1a6b	0x1a5bB0x137c
0x1a6b	0x1a5bB0x15e2
0x1a6d	0x1a5bB0x137c
0x1a6d	0x1a5bB0x15e2
0x1a6f	0x1a5bB0x137c
0x1a6f	0x1a5bB0x15e2
0x1a74	0x1a5bB0x137c
0x1a74	0x1a5bB0x15e2
0x1a76	0x1a5bB0x137c
0x1a76	0x1a5bB0x15e2
0x1a7b	0x1a5bB0x137c
0x1a7b	0x1a5bB0x15e2
0x1a82	0x1a7fB0x137c
0x1a82	0x1a7fB0x15e2
0x1a87	0x1a7fB0x137c
0x1a87	0x1a7fB0x15e2
0x1a8f	0x1a8bB0x137c
0x1a8f	0x1a8bB0x15e2
0x1a90	0x1a8bB0x137c
0x1a90	0x1a8bB0x15e2
0x1a92	0x1a8bB0x137c
0x1a92	0x1a8bB0x15e2
0x1a93	0x1a8bB0x137c
0x1a93	0x1a8bB0x15e2
0x1a9b	0x1a97B0x137c
0x1a9b	0x1a97B0x15e2
0x1a9d	0x1a97B0x137c
0x1a9d	0x1a97B0x15e2
0x1a9e	0x1a97B0x137c
0x1a9e	0x1a97B0x15e2
0x1aa2	0x1aa2B0x137c
0x1aa2	0x1aa2B0x15e2
0x1aa5	0x1aa2B0x137c
0x1aa5	0x1aa2B0x15e2
0x1aaa	0x1aa9B0x137c
0x1aaa	0x1aa9B0x15e2
0x1aac	0x1aa9B0x137c
0x1aac	0x1aa9B0x15e2
0x1aad	0x1aa9B0x137c
0x1aad	0x1aa9B0x15e2
0x1aaf	0x1aa9B0x137c
0x1aaf	0x1aa9B0x15e2
0x1ab0	0x1aa9B0x137c
0x1ab0	0x1aa9B0x15e2
0x1ab6	0x1ab5B0x137c
0x1ab6	0x1ab5B0x15e2
0x1ab8	0x1ab5B0x137c
0x1ab8	0x1ab5B0x15e2
0x1abd	0x1ab5B0x137c
0x1abd	0x1ab5B0x15e2
0x1abf	0x1ab5B0x137c
0x1abf	0x1ab5B0x15e2
0x1ac5	0x1ab5B0x137c
0x1ac5	0x1ab5B0x15e2
0x1ac7	0x1ab5B0x137c
0x1ac7	0x1ab5B0x15e2
0x1ac8	0x1ab5B0x137c
0x1ac8	0x1ab5B0x15e2
0x1aca	0x1ab5B0x137c
0x1aca	0x1ab5B0x15e2
0x1acb	0x1ab5B0x137c
0x1acb	0x1ab5B0x15e2
0x1ad4	0x1ab5B0x137c
0x1ad4	0x1ab5B0x15e2
0x1ad9	0x1ad8B0x137c
0x1ad9	0x1ad8B0x15e2
0x1adc	0x1ad8B0x137c
0x1adc	0x1ad8B0x15e2
0x1add	0x1ad8B0x137c
0x1add	0x1ad8B0x15e2
0x1adf	0x1ad8B0x137c
0x1adf	0x1ad8B0x15e2
0x1ae2	0x1ad8B0x137c
0x1ae2	0x1ad8B0x15e2
0x1ae3	0x1ad8B0x137c
0x1ae3	0x1ad8B0x15e2
0x1ae9	0x1ad8B0x137c
0x1ae9	0x1ad8B0x15e2
0x1aed	0x1ad8B0x137c
0x1aed	0x1ad8B0x15e2
0x1aef	0x1ad8B0x137c
0x1aef	0x1ad8B0x15e2
0x1af0	0x1ad8B0x137c
0x1af0	0x1ad8B0x15e2
0x1af2	0x1ad8B0x137c
0x1af2	0x1ad8B0x15e2
0x1af4	0x1ad8B0x137c
0x1af4	0x1ad8B0x15e2
0x1af6	0x1ad8B0x137c
0x1af6	0x1ad8B0x15e2
0x1af7	0x1ad8B0x137c
0x1af7	0x1ad8B0x15e2
0x1af8	0x1ad8B0x137c
0x1af8	0x1ad8B0x15e2
0x1af9	0x1ad8B0x137c
0x1af9	0x1ad8B0x15e2
0x1afb	0x1ad8B0x137c
0x1afb	0x1ad8B0x15e2
0x1afd	0x1ad8B0x137c
0x1afd	0x1ad8B0x15e2
0x1aff	0x1ad8B0x137c
0x1aff	0x1ad8B0x15e2
0x1b00	0x1ad8B0x137c
0x1b00	0x1ad8B0x15e2
0x1b01	0x1ad8B0x137c
0x1b01	0x1ad8B0x15e2
0x1b04	0x1ad8B0x137c
0x1b04	0x1ad8B0x15e2
0x1b08	0x1ad8B0x137c
0x1b08	0x1ad8B0x15e2
0x1b0c	0x1ad8B0x137c
0x1b0c	0x1ad8B0x15e2
0x1b0f	0x1ad8B0x137c
0x1b0f	0x1ad8B0x15e2
0x1b11	0x1ad8B0x137c
0x1b11	0x1ad8B0x15e2
0x1b12	0x1ad8B0x137c
0x1b12	0x1ad8B0x15e2
0x1b17	0x1ad8B0x137c
0x1b17	0x1ad8B0x15e2
0x1b19	0x1ad8B0x137c
0x1b19	0x1ad8B0x15e2
0x1b1d	0x1ad8B0x137c
0x1b1d	0x1ad8B0x15e2
0x1b21	0x1ad8B0x137c
0x1b21	0x1ad8B0x15e2
0x1b24	0x1ad8B0x137c
0x1b24	0x1ad8B0x15e2
0x1b26	0x1ad8B0x137c
0x1b26	0x1ad8B0x15e2
0x1b28	0x1ad8B0x137c
0x1b28	0x1ad8B0x15e2
0x1b2a	0x1ad8B0x137c
0x1b2a	0x1ad8B0x15e2
0x1b2b	0x1ad8B0x137c
0x1b2b	0x1ad8B0x15e2
0x1b2e	0x1ad8B0x137c
0x1b2e	0x1ad8B0x15e2
0x1b30	0x1ad8B0x137c
0x1b30	0x1ad8B0x15e2
0x1b38	0x1ad8B0x137c
0x1b38	0x1ad8B0x15e2
0x1b3d	0x1ad8B0x137c
0x1b3d	0x1ad8B0x15e2
0x1b3e	0x1ad8B0x137c
0x1b3e	0x1ad8B0x15e2
0x1b41	0x1ad8B0x137c
0x1b41	0x1ad8B0x15e2
0x1b42	0x1ad8B0x137c
0x1b42	0x1ad8B0x15e2
0x1b43	0x1ad8B0x137c
0x1b43	0x1ad8B0x15e2
0x1b45	0x1ad8B0x137c
0x1b45	0x1ad8B0x15e2
0x1b46	0x1ad8B0x137c
0x1b46	0x1ad8B0x15e2
0x1b4a	0x1b4aB0x137c
0x1b4a	0x1b4aB0x15e2
0x1b4b	0x1b4aB0x137c
0x1b4b	0x1b4aB0x15e2
0x1b4f	0x1b4aB0x137c
0x1b4f	0x1b4aB0x15e2
0x1b50	0x1b4aB0x137c
0x1b50	0x1b4aB0x15e2
0x1b58	0x1b53B0x137c
0x1b58	0x1b53B0x15e2
0x1b5a	0x1b53B0x137c
0x1b5a	0x1b53B0x15e2
0x1b5b	0x1b53B0x137c
0x1b5b	0x1b53B0x15e2
0x1b5c	0x1b53B0x137c
0x1b5c	0x1b53B0x15e2
0x1b5e	0x1b53B0x137c
0x1b5e	0x1b53B0x15e2
0x1b5f	0x1b53B0x137c
0x1b5f	0x1b53B0x15e2
0x1b62	0x1b53B0x137c
0x1b62	0x1b53B0x15e2
0x1b63	0x1b53B0x137c
0x1b63	0x1b53B0x15e2
0x1b65	0x1b53B0x137c
0x1b65	0x1b53B0x15e2
0x1b67	0x1b53B0x137c
0x1b67	0x1b53B0x15e2
0x1b6c	0x1b53B0x137c
0x1b6c	0x1b53B0x15e2
0x1b6e	0x1b53B0x137c
0x1b6e	0x1b53B0x15e2
0x1b73	0x1b53B0x137c
0x1b73	0x1b53B0x15e2
0x1b78	0x1b77B0x137c
0x1b78	0x1b77B0x15e2
0x1b7a	0x1b77B0x137c
0x1b7a	0x1b77B0x15e2
0x1b7b	0x1b77B0x137c
0x1b7b	0x1b77B0x15e2
0x1b80	0x1b77B0x137c
0x1b80	0x1b77B0x15e2
0x1b82	0x1b77B0x137c
0x1b82	0x1b77B0x15e2
0x1b88	0x1b77B0x137c
0x1b88	0x1b77B0x15e2
0x1b8a	0x1b77B0x137c
0x1b8a	0x1b77B0x15e2
0x1b8c	0x1b77B0x137c
0x1b8c	0x1b77B0x15e2
0x1b8e	0x1b77B0x137c
0x1b8e	0x1b77B0x15e2
0x1b8f	0x1b77B0x137c
0x1b8f	0x1b77B0x15e2
0x1b91	0x1b77B0x137c
0x1b91	0x1b77B0x15e2
0x1b93	0x1b77B0x137c
0x1b93	0x1b77B0x15e2
0x1b99	0x1b77B0x137c
0x1b99	0x1b77B0x15e2
0x1ba3	0x1b77B0x137c
0x1ba3	0x1b77B0x15e2
0x1ba6	0x1b77B0x137c
0x1ba6	0x1b77B0x15e2
0x1ba8	0x1b77B0x137c
0x1ba8	0x1b77B0x15e2
0x1ba9	0x1b77B0x137c
0x1ba9	0x1b77B0x15e2
0x1bae	0x1badB0x137c
0x1bae	0x1badB0x15e2
0x1bb0	0x1badB0x137c
0x1bb0	0x1badB0x15e2
0x1bb2	0x1badB0x137c
0x1bb2	0x1badB0x15e2
0x1bb5	0x1badB0x137c
0x1bb5	0x1badB0x15e2
0x1bb7	0x1badB0x137c
0x1bb7	0x1badB0x15e2
0x1bbb	0x1badB0x137c
0x1bbb	0x1badB0x15e2
0x1bbc	0x1badB0x137c
0x1bbc	0x1badB0x15e2
0x1bbe	0x1badB0x137c
0x1bbe	0x1badB0x15e2
0x1bbf	0x1badB0x137c
0x1bbf	0x1badB0x15e2
0x1bc3	0x1bc3B0x137c
0x1bc3	0x1bc3B0x15e2
0x1bc9	0x1bc7B0x137c
0x1bc9	0x1bc7B0x15e2
0x1bca	0x1bc7B0x137c
0x1bca	0x1bc7B0x15e2
0x1bcb	0x1bc7B0x137c
0x1bcb	0x1bc7B0x15e2
0x1bcd	0x1bc7B0x137c
0x1bcd	0x1bc7B0x15e2
0x1bce	0x1bc7B0x137c
0x1bce	0x1bc7B0x15e2
0x1bd2	0x1bd2B0x137c
0x1bd2	0x1bd2B0x15e2
0x1bd3	0x1bd2B0x137c
0x1bd3	0x1bd2B0x15e2
0x1bd7	0x1bd2B0x137c
0x1bd7	0x1bd2B0x15e2
0x1bd8	0x1bd2B0x137c
0x1bd8	0x1bd2B0x15e2
0x1be3	0x1bdbB0x137c
0x1be3	0x1bdbB0x15e2
0x1be5	0x1bdbB0x137c
0x1be5	0x1bdbB0x15e2
0x1be6	0x1bdbB0x137c
0x1be6	0x1bdbB0x15e2
0x1bea	0x1beaB0x137c
0x1bea	0x1beaB0x15e2
0x1bed	0x1beaB0x137c
0x1bed	0x1beaB0x15e2
0x1bf2	0x1bf1B0x137c
0x1bf2	0x1bf1B0x15e2
0x1bf4	0x1bf1B0x137c
0x1bf4	0x1bf1B0x15e2
0x1bf5	0x1bf1B0x137c
0x1bf5	0x1bf1B0x15e2
0x1bf7	0x1bf1B0x137c
0x1bf7	0x1bf1B0x15e2
0x1bf8	0x1bf1B0x137c
0x1bf8	0x1bf1B0x15e2
0x1bf9	0x1bf1B0x137c
0x1bf9	0x1bf1B0x15e2
0x1bfa	0x1bf1B0x137c
0x1bfa	0x1bf1B0x15e2
0x1bfc	0x1bf1B0x137c
0x1bfc	0x1bf1B0x15e2
0x1c01	0x1bf1B0x137c
0x1c01	0x1bf1B0x15e2
0x1c03	0x1bf1B0x137c
0x1c03	0x1bf1B0x15e2
0x1c07	0x1bf1B0x137c
0x1c07	0x1bf1B0x15e2
0x1c09	0x1bf1B0x137c
0x1c09	0x1bf1B0x15e2
0x1c0a	0x1bf1B0x137c
0x1c0a	0x1bf1B0x15e2
0x1c0c	0x1bf1B0x137c
0x1c0c	0x1bf1B0x15e2
0x1c0f	0x1bf1B0x137c
0x1c0f	0x1bf1B0x15e2
0x1c14	0x1bf1B0x137c
0x1c14	0x1bf1B0x15e2
0x1c1d	0x1c18B0x137c
0x1c1d	0x1c18B0x15e2
0x1c22	0x1c21B0x137c
0x1c22	0x1c21B0x15e2
0x1c26	0x1c21B0x137c
0x1c26	0x1c21B0x15e2
0x1c2d	0x1c2aB0x137c
0x1c2d	0x1c2aB0x15e2
0x1da8	0x1da7B0x15c7
0x1dab	0x1da7B0x15c7
0x1daf	0x1da7B0x15c7
0x1db6	0x1db3B0x15c7
0x1db8	0x1db3B0x15c7
0x1dde	0x1db3B0x15c7
0x1de0	0x1db3B0x15c7
0x1de1	0x1db3B0x15c7
0x1de3	0x1db3B0x15c7
0x1de5	0x1db3B0x15c7
0x1de6	0x1db3B0x15c7
0x1de7	0x1db3B0x15c7
0x1de9	0x1db3B0x15c7
0x1dea	0x1db3B0x15c7
0x1dec	0x1db3B0x15c7
0x1ded	0x1db3B0x15c7
0x1df8	0x1db3B0x15c7
0x1dfd	0x1dfcB0x15c7
0x1dff	0x1dfcB0x15c7
0x1e00	0x1dfcB0x15c7
0x1e04	0x1dfcB0x15c7
0x1e05	0x1dfcB0x15c7
0x1e09	0x1dfcB0x15c7
0x1e0d	0x1dfcB0x15c7
0x1e0f	0x1dfcB0x15c7
0x1e11	0x1dfcB0x15c7
0x1e12	0x1dfcB0x15c7
0x1e15	0x1dfcB0x15c7
0x1e17	0x1dfcB0x15c7
0x1e1a	0x1dfcB0x15c7
0x1e1e	0x1dfcB0x15c7
0x1e23	0x1e22B0x15c7
0x1e44	0x1e22B0x15c7
0x1e49	0x1e22B0x15c7
0x1e4f	0x1e22B0x15c7
0x1e52	0x1e22B0x15c7
0x1e58	0x1e55B0x15c7
0x1e5c	0x1e55B0x15c7
0x1e5f	0x1e55B0x15c7
0x1e62	0x1e55B0x15c7
0x1e63	0x1e55B0x15c7
0x1e66	0x1e55B0x15c7
0x1e67	0x1e55B0x15c7
0x1e6d	0x1e6bB0x15c7
0x1e6f	0x1e6bB0x15c7
0x1e70	0x1e6bB0x15c7
0x1e72	0x1e6bB0x15c7
0x1e74	0x1e6bB0x15c7
0x1e75	0x1e6bB0x15c7
0x1e76	0x1e6bB0x15c7
0x1e7e	0x1e7aB0x15c7
0x1e80	0x1e7aB0x15c7
0x1e81	0x1e7aB0x15c7
0x1e82	0x1e7aB0x15c7
0x1e83	0x1e7aB0x15c7
0x1e84	0x1e7aB0x15c7
0x1e85	0x1e7aB0x15c7
0x1e89	0x1e89B0x15c7
0x1e8b	0x1e89B0x15c7
0x1e8c	0x1e89B0x15c7
0x1e90	0x1e89B0x15c7
0x1e92	0x1e89B0x15c7
0x1e95	0x1e89B0x15c7
0x1e97	0x1e89B0x15c7
0x1e9a	0x1e89B0x15c7
0x1e9c	0x1e89B0x15c7
0x1e9e	0x1e89B0x15c7
0x1ea1	0x1e89B0x15c7
0x1ea3	0x1e89B0x15c7
0x1eb8	0x1e89B0x15c7
0x1eba	0x1e89B0x15c7
0x1ebb	0x1e89B0x15c7
0x1ebe	0x1e89B0x15c7
0x1ec0	0x1e89B0x15c7
0x1ec2	0x1e89B0x15c7
0x1ec3	0x1e89B0x15c7
0x1ec8	0x1ec7B0x15c7
0x1ecb	0x1ec7B0x15c7
0x1eed	0x1ec7B0x15c7
0x1ef2	0x1ef1B0x15c7
0x1ef6	0x1ef6B0x15c7
0x1ef8	0x1ef6B0x15c7
0x1ef9	0x1ef6B0x15c7
0x1efd	0x1ef6B0x15c7
0x1eff	0x1ef6B0x15c7
0x1f02	0x1ef6B0x15c7
0x1f04	0x1ef6B0x15c7
0x1f07	0x1ef6B0x15c7
0x1f09	0x1ef6B0x15c7
0x1f0b	0x1ef6B0x15c7
0x1f0e	0x1ef6B0x15c7
0x1f10	0x1ef6B0x15c7
0x1f31	0x1ef6B0x15c7
0x1f34	0x1ef6B0x15c7
0x1f36	0x1ef6B0x15c7
0x1f40	0x1ef6B0x15c7
0x1f42	0x1ef6B0x15c7
0x1f43	0x1ef6B0x15c7
0x1f46	0x1ef6B0x15c7
0x1f48	0x1ef6B0x15c7
0x1f4a	0x1ef6B0x15c7
0x1f4b	0x1ef6B0x15c7
0x2330	0x232fB0x137c
0x2330	0x232fB0x15e2
0x2333	0x232fB0x137c
0x2333	0x232fB0x15e2
0x2334	0x232fB0x137c
0x2334	0x232fB0x15e2
0x2338	0x232fB0x137c
0x2338	0x232fB0x15e2
0x233b	0x232fB0x137c
0x233b	0x232fB0x15e2
0x2340	0x232fB0x137c
0x2340	0x232fB0x15e2
0x2343	0x232fB0x137c
0x2343	0x232fB0x15e2
0x2349	0x232fB0x137c
0x2349	0x232fB0x15e2
0x234e	0x232fB0x137c
0x234e	0x232fB0x15e2
0x2350	0x232fB0x137c
0x2350	0x232fB0x15e2
0x2358	0x232fB0x137c
0x2358	0x232fB0x15e2
0x2367	0x235cB0x137c
0x2367	0x235cB0x15e2
0x236a	0x235cB0x137c
0x236a	0x235cB0x15e2
0x236d	0x235cB0x137c
0x236d	0x235cB0x15e2
0x236e	0x235cB0x137c
0x236e	0x235cB0x15e2
0x236f	0x235cB0x137c
0x236f	0x235cB0x15e2
0x2373	0x2373B0x137c
0x2373	0x2373B0x15e2
0x2376	0x2373B0x137c
0x2376	0x2373B0x15e2
0x237b	0x237aB0x137c
0x237b	0x237aB0x15e2
0x237c	0x237aB0x137c
0x237c	0x237aB0x15e2
0x2381	0x2380B0x137c
0x2381	0x2380B0x15e2
0x2383	0x2380B0x137c
0x2383	0x2380B0x15e2
0x2384	0x2380B0x137c
0x2384	0x2380B0x15e2
0x2386	0x2380B0x137c
0x2386	0x2380B0x15e2
0x2388	0x2380B0x137c
0x2388	0x2380B0x15e2
0x2389	0x2380B0x137c
0x2389	0x2380B0x15e2
0x238c	0x2380B0x137c
0x238c	0x2380B0x15e2
0x238e	0x2380B0x137c
0x238e	0x2380B0x15e2
0x2393	0x2380B0x137c
0x2393	0x2380B0x15e2
0x2395	0x2380B0x137c
0x2395	0x2380B0x15e2
0x2396	0x2380B0x137c
0x2396	0x2380B0x15e2
0x2398	0x2380B0x137c
0x2398	0x2380B0x15e2
0x2399	0x2380B0x137c
0x2399	0x2380B0x15e2
0x239d	0x2380B0x137c
0x239d	0x2380B0x15e2
0x239e	0x2380B0x137c
0x239e	0x2380B0x15e2
0x23a2	0x2380B0x137c
0x23a2	0x2380B0x15e2
0x23a6	0x2380B0x137c
0x23a6	0x2380B0x15e2
0x23a8	0x2380B0x137c
0x23a8	0x2380B0x15e2
0x23aa	0x2380B0x137c
0x23aa	0x2380B0x15e2
0x23ab	0x2380B0x137c
0x23ab	0x2380B0x15e2
0x23ac	0x2380B0x137c
0x23ac	0x2380B0x15e2
0x23ad	0x2380B0x137c
0x23ad	0x2380B0x15e2
0x23b1	0x23b1B0x137c
0x23b1	0x23b1B0x15e2
0x23b5	0x23b1B0x137c
0x23b5	0x23b1B0x15e2
0x23b7	0x23b1B0x137c
0x23b7	0x23b1B0x15e2
0x23b9	0x23b1B0x137c
0x23b9	0x23b1B0x15e2
0x23bb	0x23b1B0x137c
0x23bb	0x23b1B0x15e2
0x23bd	0x23b1B0x137c
0x23bd	0x23b1B0x15e2
0x23c2	0x23b1B0x137c
0x23c2	0x23b1B0x15e2
0x23c9	0x23c6B0x137c
0x23c9	0x23c6B0x15e2
0x23cb	0x23c6B0x137c
0x23cb	0x23c6B0x15e2
0x23cf	0x23c6B0x137c
0x23cf	0x23c6B0x15e2
0x23d1	0x23c6B0x137c
0x23d1	0x23c6B0x15e2
0x23d2	0x23c6B0x137c
0x23d2	0x23c6B0x15e2
0x23d3	0x23c6B0x137c
0x23d3	0x23c6B0x15e2
0x23da	0x23d7B0x137c
0x23da	0x23d7B0x15e2
0x23de	0x23d7B0x137c
0x23de	0x23d7B0x15e2
0x23e0	0x23d7B0x137c
0x23e0	0x23d7B0x15e2
0x23e1	0x23d7B0x137c
0x23e1	0x23d7B0x15e2
0x23e3	0x23d7B0x137c
0x23e3	0x23d7B0x15e2
0x23e5	0x23d7B0x137c
0x23e5	0x23d7B0x15e2
0x23e6	0x23d7B0x137c
0x23e6	0x23d7B0x15e2
0x23e8	0x23d7B0x137c
0x23e8	0x23d7B0x15e2
0x23ea	0x23d7B0x137c
0x23ea	0x23d7B0x15e2
0x23eb	0x23d7B0x137c
0x23eb	0x23d7B0x15e2
0x23ed	0x23d7B0x137c
0x23ed	0x23d7B0x15e2
0x23f2	0x23f1B0x137c
0x23f2	0x23f1B0x15e2
0x23f4	0x23f1B0x137c
0x23f4	0x23f1B0x15e2
0x23f6	0x23f1B0x137c
0x23f6	0x23f1B0x15e2
0x23f8	0x23f1B0x137c
0x23f8	0x23f1B0x15e2
0x23f9	0x23f1B0x137c
0x23f9	0x23f1B0x15e2
0x23fc	0x23f1B0x137c
0x23fc	0x23f1B0x15e2
0x23fd	0x23f1B0x137c
0x23fd	0x23f1B0x15e2
0x2400	0x23f1B0x137c
0x2400	0x23f1B0x15e2
0x2405	0x23f1B0x137c
0x2405	0x23f1B0x15e2
0x2406	0x23f1B0x137c
0x2406	0x23f1B0x15e2
0x2409	0x23f1B0x137c
0x2409	0x23f1B0x15e2
0x240b	0x23f1B0x137c
0x240b	0x23f1B0x15e2
0x240e	0x23f1B0x137c
0x240e	0x23f1B0x15e2
0x2413	0x23f1B0x137c
0x2413	0x23f1B0x15e2
0x2416	0x23f1B0x137c
0x2416	0x23f1B0x15e2
0x2417	0x23f1B0x137c
0x2417	0x23f1B0x15e2
0x2418	0x23f1B0x137c
0x2418	0x23f1B0x15e2
0x241c	0x23f1B0x137c
0x241c	0x23f1B0x15e2
0x241e	0x23f1B0x137c
0x241e	0x23f1B0x15e2
0x2423	0x2422B0x137c
0x2423	0x2422B0x15e2
0x2425	0x2422B0x137c
0x2425	0x2422B0x15e2
0x2427	0x2422B0x137c
0x2427	0x2422B0x15e2
0x2429	0x2422B0x137c
0x2429	0x2422B0x15e2
0x242a	0x2422B0x137c
0x242a	0x2422B0x15e2
0x242b	0x2422B0x137c
0x242b	0x2422B0x15e2
0x242c	0x2422B0x137c
0x242c	0x2422B0x15e2
0x242f	0x2422B0x137c
0x242f	0x2422B0x15e2
0x2432	0x2422B0x137c
0x2432	0x2422B0x15e2
0x2433	0x2422B0x137c
0x2433	0x2422B0x15e2
0x2436	0x2422B0x137c
0x2436	0x2422B0x15e2
0x2437	0x2422B0x137c
0x2437	0x2422B0x15e2
0x2438	0x2422B0x137c
0x2438	0x2422B0x15e2
0x243b	0x2422B0x137c
0x243b	0x2422B0x15e2
0x243c	0x2422B0x137c
0x243c	0x2422B0x15e2
0x243d	0x2422B0x137c
0x243d	0x2422B0x15e2
0x2445	0x2422B0x137c
0x2445	0x2422B0x15e2
0x244b	0x2449B0x137c
0x244b	0x2449B0x15e2
0x244d	0x2449B0x137c
0x244d	0x2449B0x15e2
0x244f	0x2449B0x137c
0x244f	0x2449B0x15e2
0x2451	0x2449B0x137c
0x2451	0x2449B0x15e2
0x2452	0x2449B0x137c
0x2452	0x2449B0x15e2
0x2453	0x2449B0x137c
0x2453	0x2449B0x15e2
0x2454	0x2449B0x137c
0x2454	0x2449B0x15e2
0x245a	0x2449B0x137c
0x245a	0x2449B0x15e2
0x245c	0x2449B0x137c
0x245c	0x2449B0x15e2
0x245d	0x2449B0x137c
0x245d	0x2449B0x15e2
0x245f	0x2449B0x137c
0x245f	0x2449B0x15e2
0x2461	0x2449B0x137c
0x2461	0x2449B0x15e2
0x2462	0x2449B0x137c
0x2462	0x2449B0x15e2
0x2464	0x2449B0x137c
0x2464	0x2449B0x15e2
0x2466	0x2449B0x137c
0x2466	0x2449B0x15e2
0x2467	0x2449B0x137c
0x2467	0x2449B0x15e2
0x2469	0x2449B0x137c
0x2469	0x2449B0x15e2
0x246b	0x2449B0x137c
0x246b	0x2449B0x15e2
0x246c	0x2449B0x137c
0x246c	0x2449B0x15e2
0x246e	0x2449B0x137c
0x246e	0x2449B0x15e2
0x2470	0x2449B0x137c
0x2470	0x2449B0x15e2
0x2471	0x2449B0x137c
0x2471	0x2449B0x15e2
0x2473	0x2449B0x137c
0x2473	0x2449B0x15e2
0x2475	0x2449B0x137c
0x2475	0x2449B0x15e2
0x2476	0x2449B0x137c
0x2476	0x2449B0x15e2
0x2478	0x2449B0x137c
0x2478	0x2449B0x15e2
0x247a	0x2449B0x137c
0x247a	0x2449B0x15e2
0x247b	0x2449B0x137c
0x247b	0x2449B0x15e2
0x247c	0x2449B0x137c
0x247c	0x2449B0x15e2
0x247e	0x2449B0x137c
0x247e	0x2449B0x15e2
0x2480	0x2449B0x137c
0x2480	0x2449B0x15e2
0x2485	0x2449B0x137c
0x2485	0x2449B0x15e2
0x2486	0x2449B0x137c
0x2486	0x2449B0x15e2
0x2488	0x2449B0x137c
0x2488	0x2449B0x15e2
0x248b	0x2449B0x137c
0x248b	0x2449B0x15e2
0x248d	0x2449B0x137c
0x248d	0x2449B0x15e2
0x248e	0x2449B0x137c
0x248e	0x2449B0x15e2
0x2499	0x2449B0x137c
0x2499	0x2449B0x15e2
0x249e	0x249dB0x137c
0x249e	0x249dB0x15e2
0x24a0	0x249dB0x137c
0x24a0	0x249dB0x15e2
0x24a2	0x249dB0x137c
0x24a2	0x249dB0x15e2
0x24a5	0x249dB0x137c
0x24a5	0x249dB0x15e2
0x24a7	0x249dB0x137c
0x24a7	0x249dB0x15e2
0x24aa	0x249dB0x137c
0x24aa	0x249dB0x15e2
0x24ab	0x249dB0x137c
0x24ab	0x249dB0x15e2
0x24ac	0x249dB0x137c
0x24ac	0x249dB0x15e2
0x24ae	0x249dB0x137c
0x24ae	0x249dB0x15e2
0x24af	0x249dB0x137c
0x24af	0x249dB0x15e2
0x24b3	0x24b3B0x137c
0x24b3	0x24b3B0x15e2
0x24b4	0x24b3B0x137c
0x24b4	0x24b3B0x15e2
0x24b8	0x24b3B0x137c
0x24b8	0x24b3B0x15e2
0x24b9	0x24b3B0x137c
0x24b9	0x24b3B0x15e2
0x24c1	0x24bcB0x137c
0x24c1	0x24bcB0x15e2
0x24c3	0x24bcB0x137c
0x24c3	0x24bcB0x15e2
0x24c4	0x24bcB0x137c
0x24c4	0x24bcB0x15e2
0x24c5	0x24bcB0x137c
0x24c5	0x24bcB0x15e2
0x24c7	0x24bcB0x137c
0x24c7	0x24bcB0x15e2
0x24c8	0x24bcB0x137c
0x24c8	0x24bcB0x15e2
0x24cb	0x24bcB0x137c
0x24cb	0x24bcB0x15e2
0x24cc	0x24bcB0x137c
0x24cc	0x24bcB0x15e2
0x24ce	0x24bcB0x137c
0x24ce	0x24bcB0x15e2
0x24d0	0x24bcB0x137c
0x24d0	0x24bcB0x15e2
0x24d5	0x24bcB0x137c
0x24d5	0x24bcB0x15e2
0x24d7	0x24bcB0x137c
0x24d7	0x24bcB0x15e2
0x24dc	0x24bcB0x137c
0x24dc	0x24bcB0x15e2
0x24e4	0x24e0B0x137c
0x24e4	0x24e0B0x15e2
0x24e7	0x24e0B0x137c
0x24e7	0x24e0B0x15e2
0x24e8	0x24e0B0x137c
0x24e8	0x24e0B0x15e2
0x24e9	0x24e0B0x137c
0x24e9	0x24e0B0x15e2
0x24eb	0x24e0B0x137c
0x24eb	0x24e0B0x15e2
0x24ed	0x24e0B0x137c
0x24ed	0x24e0B0x15e2
0x24ef	0x24e0B0x137c
0x24ef	0x24e0B0x15e2
0x24f0	0x24e0B0x137c
0x24f0	0x24e0B0x15e2
0x24f3	0x24e0B0x137c
0x24f3	0x24e0B0x15e2
0x24f4	0x24e0B0x137c
0x24f4	0x24e0B0x15e2
0x24f7	0x24e0B0x137c
0x24f7	0x24e0B0x15e2
0x24f9	0x24e0B0x137c
0x24f9	0x24e0B0x15e2
0x24fc	0x24e0B0x137c
0x24fc	0x24e0B0x15e2
0x24fd	0x24e0B0x137c
0x24fd	0x24e0B0x15e2
0x24fe	0x24e0B0x137c
0x24fe	0x24e0B0x15e2
0x24ff	0x24e0B0x137c
0x24ff	0x24e0B0x15e2
0x2502	0x24e0B0x137c
0x2502	0x24e0B0x15e2
0x2504	0x24e0B0x137c
0x2504	0x24e0B0x15e2
0x2506	0x24e0B0x137c
0x2506	0x24e0B0x15e2
0x2507	0x24e0B0x137c
0x2507	0x24e0B0x15e2
0x250b	0x250bB0x137c
0x250b	0x250bB0x15e2
0x250d	0x250bB0x137c
0x250d	0x250bB0x15e2
0x250e	0x250bB0x137c
0x250e	0x250bB0x15e2
0x2510	0x250bB0x137c
0x2510	0x250bB0x15e2
0x2512	0x250bB0x137c
0x2512	0x250bB0x15e2
0x2514	0x250bB0x137c
0x2514	0x250bB0x15e2
0x2515	0x250bB0x137c
0x2515	0x250bB0x15e2
0x2517	0x250bB0x137c
0x2517	0x250bB0x15e2
0x2518	0x250bB0x137c
0x2518	0x250bB0x15e2
0x2519	0x250bB0x137c
0x2519	0x250bB0x15e2
0x251d	0x251dB0x137c
0x251d	0x251dB0x15e2
0x251f	0x251dB0x137c
0x251f	0x251dB0x15e2
0x2520	0x251dB0x137c
0x2520	0x251dB0x15e2
0x2524	0x251dB0x137c
0x2524	0x251dB0x15e2
0x2526	0x251dB0x137c
0x2526	0x251dB0x15e2
0x2529	0x251dB0x137c
0x2529	0x251dB0x15e2
0x252b	0x251dB0x137c
0x252b	0x251dB0x15e2
0x252e	0x251dB0x137c
0x252e	0x251dB0x15e2
0x2530	0x251dB0x137c
0x2530	0x251dB0x15e2
0x2532	0x251dB0x137c
0x2532	0x251dB0x15e2
0x2535	0x251dB0x137c
0x2535	0x251dB0x15e2
0x2537	0x251dB0x137c
0x2537	0x251dB0x15e2
0x2551	0x251dB0x137c
0x2551	0x251dB0x15e2
0x2553	0x251dB0x137c
0x2553	0x251dB0x15e2
0x2554	0x251dB0x137c
0x2554	0x251dB0x15e2
0x2557	0x251dB0x137c
0x2557	0x251dB0x15e2
0x2559	0x251dB0x137c
0x2559	0x251dB0x15e2
0x255b	0x251dB0x137c
0x255b	0x251dB0x15e2
0x255c	0x251dB0x137c
0x255c	0x251dB0x15e2
0x2561	0x2560B0x137c
0x2561	0x2560B0x15e2
0x256d	0x256cB0x137c
0x256d	0x256cB0x15e2
0x256f	0x256cB0x137c
0x256f	0x256cB0x15e2
0x2570	0x256cB0x137c
0x2570	0x256cB0x15e2
0x2572	0x256cB0x137c
0x2572	0x256cB0x15e2
0x2574	0x256cB0x137c
0x2574	0x256cB0x15e2
0x2575	0x256cB0x137c
0x2575	0x256cB0x15e2
0x2578	0x256cB0x137c
0x2578	0x256cB0x15e2
0x257c	0x256cB0x137c
0x257c	0x256cB0x15e2
0x257e	0x256cB0x137c
0x257e	0x256cB0x15e2
0x257f	0x256cB0x137c
0x257f	0x256cB0x15e2
0x2581	0x256cB0x137c
0x2581	0x256cB0x15e2
0x2582	0x256cB0x137c
0x2582	0x256cB0x15e2
0x2586	0x256cB0x137c
0x2586	0x256cB0x15e2
0x2587	0x256cB0x137c
0x2587	0x256cB0x15e2
0x258b	0x256cB0x137c
0x258b	0x256cB0x15e2
0x258f	0x256cB0x137c
0x258f	0x256cB0x15e2
0x2591	0x256cB0x137c
0x2591	0x256cB0x15e2
0x2593	0x256cB0x137c
0x2593	0x256cB0x15e2
0x2594	0x256cB0x137c
0x2594	0x256cB0x15e2
0x2595	0x256cB0x137c
0x2595	0x256cB0x15e2
0x2596	0x256cB0x137c
0x2596	0x256cB0x15e2
0x259a	0x259aB0x137c
0x259a	0x259aB0x15e2
0x259e	0x259aB0x137c
0x259e	0x259aB0x15e2
0x25a0	0x259aB0x137c
0x25a0	0x259aB0x15e2
0x25a2	0x259aB0x137c
0x25a2	0x259aB0x15e2
0x25a4	0x259aB0x137c
0x25a4	0x259aB0x15e2
0x25a6	0x259aB0x137c
0x25a6	0x259aB0x15e2
0x25ab	0x259aB0x137c
0x25ab	0x259aB0x15e2
0x25b2	0x25afB0x137c
0x25b2	0x25afB0x15e2
0x25b4	0x25afB0x137c
0x25b4	0x25afB0x15e2
0x25b8	0x25afB0x137c
0x25b8	0x25afB0x15e2
0x25ba	0x25afB0x137c
0x25ba	0x25afB0x15e2
0x25bb	0x25afB0x137c
0x25bb	0x25afB0x15e2
0x25bc	0x25afB0x137c
0x25bc	0x25afB0x15e2
0x25c3	0x25c0B0x137c
0x25c3	0x25c0B0x15e2
0x25c7	0x25c0B0x137c
0x25c7	0x25c0B0x15e2
0x25c9	0x25c0B0x137c
0x25c9	0x25c0B0x15e2
0x25ca	0x25c0B0x137c
0x25ca	0x25c0B0x15e2
0x25cc	0x25c0B0x137c
0x25cc	0x25c0B0x15e2
0x25ce	0x25c0B0x137c
0x25ce	0x25c0B0x15e2
0x25cf	0x25c0B0x137c
0x25cf	0x25c0B0x15e2
0x25d1	0x25c0B0x137c
0x25d1	0x25c0B0x15e2
0x25d3	0x25c0B0x137c
0x25d3	0x25c0B0x15e2
0x25d4	0x25c0B0x137c
0x25d4	0x25c0B0x15e2
0x25d6	0x25c0B0x137c
0x25d6	0x25c0B0x15e2
0x25db	0x25daB0x137c
0x25db	0x25daB0x15e2
0x25dd	0x25daB0x137c
0x25dd	0x25daB0x15e2
0x25df	0x25daB0x137c
0x25df	0x25daB0x15e2
0x25e1	0x25daB0x137c
0x25e1	0x25daB0x15e2
0x25e2	0x25daB0x137c
0x25e2	0x25daB0x15e2
0x25e5	0x25daB0x137c
0x25e5	0x25daB0x15e2
0x25e6	0x25daB0x137c
0x25e6	0x25daB0x15e2
0x25e9	0x25daB0x137c
0x25e9	0x25daB0x15e2
0x25ee	0x25daB0x137c
0x25ee	0x25daB0x15e2
0x25ef	0x25daB0x137c
0x25ef	0x25daB0x15e2
0x25f2	0x25daB0x137c
0x25f2	0x25daB0x15e2
0x25f4	0x25daB0x137c
0x25f4	0x25daB0x15e2
0x25f7	0x25daB0x137c
0x25f7	0x25daB0x15e2
0x25fc	0x25daB0x137c
0x25fc	0x25daB0x15e2
0x25ff	0x25daB0x137c
0x25ff	0x25daB0x15e2
0x2600	0x25daB0x137c
0x2600	0x25daB0x15e2
0x2601	0x25daB0x137c
0x2601	0x25daB0x15e2
0x2605	0x25daB0x137c
0x2605	0x25daB0x15e2
0x2607	0x25daB0x137c
0x2607	0x25daB0x15e2
0x260c	0x260bB0x137c
0x260c	0x260bB0x15e2
0x260e	0x260bB0x137c
0x260e	0x260bB0x15e2
0x2610	0x260bB0x137c
0x2610	0x260bB0x15e2
0x2612	0x260bB0x137c
0x2612	0x260bB0x15e2
0x2613	0x260bB0x137c
0x2613	0x260bB0x15e2
0x2614	0x260bB0x137c
0x2614	0x260bB0x15e2
0x2615	0x260bB0x137c
0x2615	0x260bB0x15e2
0x2618	0x260bB0x137c
0x2618	0x260bB0x15e2
0x261b	0x260bB0x137c
0x261b	0x260bB0x15e2
0x261c	0x260bB0x137c
0x261c	0x260bB0x15e2
0x261f	0x260bB0x137c
0x261f	0x260bB0x15e2
0x2620	0x260bB0x137c
0x2620	0x260bB0x15e2
0x2621	0x260bB0x137c
0x2621	0x260bB0x15e2
0x2624	0x260bB0x137c
0x2624	0x260bB0x15e2
0x2625	0x260bB0x137c
0x2625	0x260bB0x15e2
0x2626	0x260bB0x137c
0x2626	0x260bB0x15e2
0x262e	0x260bB0x137c
0x262e	0x260bB0x15e2
0x2634	0x2632B0x137c
0x2634	0x2632B0x15e2
0x2636	0x2632B0x137c
0x2636	0x2632B0x15e2
0x2638	0x2632B0x137c
0x2638	0x2632B0x15e2
0x263a	0x2632B0x137c
0x263a	0x2632B0x15e2
0x263b	0x2632B0x137c
0x263b	0x2632B0x15e2
0x263c	0x2632B0x137c
0x263c	0x2632B0x15e2
0x263d	0x2632B0x137c
0x263d	0x2632B0x15e2
0x2643	0x2632B0x137c
0x2643	0x2632B0x15e2
0x2645	0x2632B0x137c
0x2645	0x2632B0x15e2
0x2646	0x2632B0x137c
0x2646	0x2632B0x15e2
0x2648	0x2632B0x137c
0x2648	0x2632B0x15e2
0x264a	0x2632B0x137c
0x264a	0x2632B0x15e2
0x264b	0x2632B0x137c
0x264b	0x2632B0x15e2
0x264d	0x2632B0x137c
0x264d	0x2632B0x15e2
0x264f	0x2632B0x137c
0x264f	0x2632B0x15e2
0x2650	0x2632B0x137c
0x2650	0x2632B0x15e2
0x2652	0x2632B0x137c
0x2652	0x2632B0x15e2
0x2654	0x2632B0x137c
0x2654	0x2632B0x15e2
0x2655	0x2632B0x137c
0x2655	0x2632B0x15e2
0x2657	0x2632B0x137c
0x2657	0x2632B0x15e2
0x2659	0x2632B0x137c
0x2659	0x2632B0x15e2
0x265a	0x2632B0x137c
0x265a	0x2632B0x15e2
0x265c	0x2632B0x137c
0x265c	0x2632B0x15e2
0x265e	0x2632B0x137c
0x265e	0x2632B0x15e2
0x265f	0x2632B0x137c
0x265f	0x2632B0x15e2
0x2661	0x2632B0x137c
0x2661	0x2632B0x15e2
0x2663	0x2632B0x137c
0x2663	0x2632B0x15e2
0x2664	0x2632B0x137c
0x2664	0x2632B0x15e2
0x2665	0x2632B0x137c
0x2665	0x2632B0x15e2
0x2667	0x2632B0x137c
0x2667	0x2632B0x15e2
0x2669	0x2632B0x137c
0x2669	0x2632B0x15e2
0x266e	0x2632B0x137c
0x266e	0x2632B0x15e2
0x266f	0x2632B0x137c
0x266f	0x2632B0x15e2
0x2671	0x2632B0x137c
0x2671	0x2632B0x15e2
0x2674	0x2632B0x137c
0x2674	0x2632B0x15e2
0x2676	0x2632B0x137c
0x2676	0x2632B0x15e2
0x2677	0x2632B0x137c
0x2677	0x2632B0x15e2
0x2682	0x2632B0x137c
0x2682	0x2632B0x15e2
0x2687	0x2686B0x137c
0x2687	0x2686B0x15e2
0x2689	0x2686B0x137c
0x2689	0x2686B0x15e2
0x268a	0x2686B0x137c
0x268a	0x2686B0x15e2
0x268c	0x2686B0x137c
0x268c	0x2686B0x15e2
0x268e	0x2686B0x137c
0x268e	0x2686B0x15e2
0x268f	0x2686B0x137c
0x268f	0x2686B0x15e2
0x2692	0x2686B0x137c
0x2692	0x2686B0x15e2
0x2696	0x2686B0x137c
0x2696	0x2686B0x15e2
0x2698	0x2686B0x137c
0x2698	0x2686B0x15e2
0x2699	0x2686B0x137c
0x2699	0x2686B0x15e2
0x269b	0x2686B0x137c
0x269b	0x2686B0x15e2
0x269c	0x2686B0x137c
0x269c	0x2686B0x15e2
0x26a0	0x2686B0x137c
0x26a0	0x2686B0x15e2
0x26a1	0x2686B0x137c
0x26a1	0x2686B0x15e2
0x26a5	0x2686B0x137c
0x26a5	0x2686B0x15e2
0x26a9	0x2686B0x137c
0x26a9	0x2686B0x15e2
0x26ab	0x2686B0x137c
0x26ab	0x2686B0x15e2
0x26ad	0x2686B0x137c
0x26ad	0x2686B0x15e2
0x26ae	0x2686B0x137c
0x26ae	0x2686B0x15e2
0x26af	0x2686B0x137c
0x26af	0x2686B0x15e2
0x26b0	0x2686B0x137c
0x26b0	0x2686B0x15e2
0x26b4	0x26b4B0x137c
0x26b4	0x26b4B0x15e2
0x26b8	0x26b4B0x137c
0x26b8	0x26b4B0x15e2
0x26ba	0x26b4B0x137c
0x26ba	0x26b4B0x15e2
0x26bc	0x26b4B0x137c
0x26bc	0x26b4B0x15e2
0x26be	0x26b4B0x137c
0x26be	0x26b4B0x15e2
0x26c0	0x26b4B0x137c
0x26c0	0x26b4B0x15e2
0x26c5	0x26b4B0x137c
0x26c5	0x26b4B0x15e2
0x26cc	0x26c9B0x137c
0x26cc	0x26c9B0x15e2
0x26ce	0x26c9B0x137c
0x26ce	0x26c9B0x15e2
0x26d2	0x26c9B0x137c
0x26d2	0x26c9B0x15e2
0x26d4	0x26c9B0x137c
0x26d4	0x26c9B0x15e2
0x26d5	0x26c9B0x137c
0x26d5	0x26c9B0x15e2
0x26d6	0x26c9B0x137c
0x26d6	0x26c9B0x15e2
0x26dd	0x26daB0x137c
0x26dd	0x26daB0x15e2
0x26e1	0x26daB0x137c
0x26e1	0x26daB0x15e2
0x26e3	0x26daB0x137c
0x26e3	0x26daB0x15e2
0x26e4	0x26daB0x137c
0x26e4	0x26daB0x15e2
0x26e6	0x26daB0x137c
0x26e6	0x26daB0x15e2
0x26e8	0x26daB0x137c
0x26e8	0x26daB0x15e2
0x26e9	0x26daB0x137c
0x26e9	0x26daB0x15e2
0x26eb	0x26daB0x137c
0x26eb	0x26daB0x15e2
0x26ee	0x26daB0x137c
0x26ee	0x26daB0x15e2
0x26ef	0x26daB0x137c
0x26ef	0x26daB0x15e2
0x26f1	0x26daB0x137c
0x26f1	0x26daB0x15e2
0x26f6	0x26f5B0x137c
0x26f6	0x26f5B0x15e2
0x26f8	0x26f5B0x137c
0x26f8	0x26f5B0x15e2
0x26fa	0x26f5B0x137c
0x26fa	0x26f5B0x15e2
0x26fc	0x26f5B0x137c
0x26fc	0x26f5B0x15e2
0x26fd	0x26f5B0x137c
0x26fd	0x26f5B0x15e2
0x2700	0x26f5B0x137c
0x2700	0x26f5B0x15e2
0x2701	0x26f5B0x137c
0x2701	0x26f5B0x15e2
0x2705	0x26f5B0x137c
0x2705	0x26f5B0x15e2
0x270a	0x26f5B0x137c
0x270a	0x26f5B0x15e2
0x270b	0x26f5B0x137c
0x270b	0x26f5B0x15e2
0x270e	0x26f5B0x137c
0x270e	0x26f5B0x15e2
0x2710	0x26f5B0x137c
0x2710	0x26f5B0x15e2
0x2713	0x26f5B0x137c
0x2713	0x26f5B0x15e2
0x2718	0x26f5B0x137c
0x2718	0x26f5B0x15e2
0x271b	0x26f5B0x137c
0x271b	0x26f5B0x15e2
0x271c	0x26f5B0x137c
0x271c	0x26f5B0x15e2
0x271d	0x26f5B0x137c
0x271d	0x26f5B0x15e2
0x2721	0x26f5B0x137c
0x2721	0x26f5B0x15e2
0x2723	0x26f5B0x137c
0x2723	0x26f5B0x15e2
0x2728	0x2727B0x137c
0x2728	0x2727B0x15e2
0x272a	0x2727B0x137c
0x272a	0x2727B0x15e2
0x272c	0x2727B0x137c
0x272c	0x2727B0x15e2
0x272e	0x2727B0x137c
0x272e	0x2727B0x15e2
0x272f	0x2727B0x137c
0x272f	0x2727B0x15e2
0x2730	0x2727B0x137c
0x2730	0x2727B0x15e2
0x2731	0x2727B0x137c
0x2731	0x2727B0x15e2
0x2734	0x2727B0x137c
0x2734	0x2727B0x15e2
0x2737	0x2727B0x137c
0x2737	0x2727B0x15e2
0x2738	0x2727B0x137c
0x2738	0x2727B0x15e2
0x273b	0x2727B0x137c
0x273b	0x2727B0x15e2
0x273c	0x2727B0x137c
0x273c	0x2727B0x15e2
0x273d	0x2727B0x137c
0x273d	0x2727B0x15e2
0x2740	0x2727B0x137c
0x2740	0x2727B0x15e2
0x2741	0x2727B0x137c
0x2741	0x2727B0x15e2
0x2742	0x2727B0x137c
0x2742	0x2727B0x15e2
0x274a	0x2727B0x137c
0x274a	0x2727B0x15e2
0x2750	0x274eB0x137c
0x2750	0x274eB0x15e2
0x2751	0x274eB0x137c
0x2751	0x274eB0x15e2
0x2754	0x274eB0x137c
0x2754	0x274eB0x15e2
0x2755	0x274eB0x137c
0x2755	0x274eB0x15e2
0x2756	0x274eB0x137c
0x2756	0x274eB0x15e2
0x2759	0x274eB0x137c
0x2759	0x274eB0x15e2
0x275a	0x274eB0x137c
0x275a	0x274eB0x15e2
0x275b	0x274eB0x137c
0x275b	0x274eB0x15e2
0x275e	0x274eB0x137c
0x275e	0x274eB0x15e2
0x275f	0x274eB0x137c
0x275f	0x274eB0x15e2
0x2760	0x274eB0x137c
0x2760	0x274eB0x15e2
0x2763	0x274eB0x137c
0x2763	0x274eB0x15e2
0x2764	0x274eB0x137c
0x2764	0x274eB0x15e2
0x2765	0x274eB0x137c
0x2765	0x274eB0x15e2
0x2768	0x274eB0x137c
0x2768	0x274eB0x15e2
0x2769	0x274eB0x137c
0x2769	0x274eB0x15e2
0x276a	0x274eB0x137c
0x276a	0x274eB0x15e2
0x276d	0x274eB0x137c
0x276d	0x274eB0x15e2
0x276e	0x274eB0x137c
0x276e	0x274eB0x15e2
0x276f	0x274eB0x137c
0x276f	0x274eB0x15e2
0x2773	0x274eB0x137c
0x2773	0x274eB0x15e2
0x2774	0x274eB0x137c
0x2774	0x274eB0x15e2
0x2775	0x274eB0x137c
0x2775	0x274eB0x15e2
0x2777	0x274eB0x137c
0x2777	0x274eB0x15e2
0x2778	0x274eB0x137c
0x2778	0x274eB0x15e2
0x277d	0x274eB0x137c
0x277d	0x274eB0x15e2
0x277f	0x274eB0x137c
0x277f	0x274eB0x15e2
0x2782	0x274eB0x137c
0x2782	0x274eB0x15e2
0x2784	0x274eB0x137c
0x2784	0x274eB0x15e2
0x2786	0x274eB0x137c
0x2786	0x274eB0x15e2
0x2788	0x274eB0x137c
0x2788	0x274eB0x15e2
0x2789	0x274eB0x137c
0x2789	0x274eB0x15e2
0x278c	0x274eB0x137c
0x278c	0x274eB0x15e2
0x278d	0x274eB0x137c
0x278d	0x274eB0x15e2
0x2790	0x274eB0x137c
0x2790	0x274eB0x15e2
0x2792	0x274eB0x137c
0x2792	0x274eB0x15e2
0x2795	0x274eB0x137c
0x2795	0x274eB0x15e2
0x279c	0x274eB0x137c
0x279c	0x274eB0x15e2
0x279d	0x274eB0x137c
0x279d	0x274eB0x15e2
0x27a0	0x274eB0x137c
0x27a0	0x274eB0x15e2
0x27a4	0x274eB0x137c
0x27a4	0x274eB0x15e2
0x27a5	0x274eB0x137c
0x27a5	0x274eB0x15e2
0x27a8	0x274eB0x137c
0x27a8	0x274eB0x15e2
0x27aa	0x274eB0x137c
0x27aa	0x274eB0x15e2
0x27ad	0x274eB0x137c
0x27ad	0x274eB0x15e2
0x27b2	0x274eB0x137c
0x27b2	0x274eB0x15e2
0x27b6	0x274eB0x137c
0x27b6	0x274eB0x15e2
0x27b7	0x274eB0x137c
0x27b7	0x274eB0x15e2
0x27ba	0x274eB0x137c
0x27ba	0x274eB0x15e2
0x27bc	0x274eB0x137c
0x27bc	0x274eB0x15e2
0x27bd	0x274eB0x137c
0x27bd	0x274eB0x15e2
0x27c0	0x274eB0x137c
0x27c0	0x274eB0x15e2
0x27c3	0x274eB0x137c
0x27c3	0x274eB0x15e2
0x27c4	0x274eB0x137c
0x27c4	0x274eB0x15e2
0x27c7	0x274eB0x137c
0x27c7	0x274eB0x15e2
0x27cb	0x274eB0x137c
0x27cb	0x274eB0x15e2
0x27cd	0x274eB0x137c
0x27cd	0x274eB0x15e2
0x27d3	0x274eB0x137c
0x27d3	0x274eB0x15e2
0x27d6	0x274eB0x137c
0x27d6	0x274eB0x15e2
0x27d7	0x274eB0x137c
0x27d7	0x274eB0x15e2
0x27d9	0x274eB0x137c
0x27d9	0x274eB0x15e2
0x27db	0x274eB0x137c
0x27db	0x274eB0x15e2
0x27de	0x274eB0x137c
0x27de	0x274eB0x15e2
0x27e0	0x274eB0x137c
0x27e0	0x274eB0x15e2
0x27e3	0x274eB0x137c
0x27e3	0x274eB0x15e2
0x27e4	0x274eB0x137c
0x27e4	0x274eB0x15e2
0x27e5	0x274eB0x137c
0x27e5	0x274eB0x15e2
0x27e7	0x274eB0x137c
0x27e7	0x274eB0x15e2
0x27e8	0x274eB0x137c
0x27e8	0x274eB0x15e2
0x27ec	0x27ecB0x137c
0x27ec	0x27ecB0x15e2
0x27ed	0x27ecB0x137c
0x27ed	0x27ecB0x15e2
0x27f1	0x27ecB0x137c
0x27f1	0x27ecB0x15e2
0x27f2	0x27ecB0x137c
0x27f2	0x27ecB0x15e2
0x27fa	0x27f5B0x137c
0x27fa	0x27f5B0x15e2
0x27fc	0x27f5B0x137c
0x27fc	0x27f5B0x15e2
0x27fd	0x27f5B0x137c
0x27fd	0x27f5B0x15e2
0x27fe	0x27f5B0x137c
0x27fe	0x27f5B0x15e2
0x2800	0x27f5B0x137c
0x2800	0x27f5B0x15e2
0x2801	0x27f5B0x137c
0x2801	0x27f5B0x15e2
0x2804	0x27f5B0x137c
0x2804	0x27f5B0x15e2
0x2805	0x27f5B0x137c
0x2805	0x27f5B0x15e2
0x2807	0x27f5B0x137c
0x2807	0x27f5B0x15e2
0x2809	0x27f5B0x137c
0x2809	0x27f5B0x15e2
0x280e	0x27f5B0x137c
0x280e	0x27f5B0x15e2
0x2810	0x27f5B0x137c
0x2810	0x27f5B0x15e2
0x2815	0x27f5B0x137c
0x2815	0x27f5B0x15e2
0x281d	0x2819B0x137c
0x281d	0x2819B0x15e2
0x2820	0x2819B0x137c
0x2820	0x2819B0x15e2
0x2821	0x2819B0x137c
0x2821	0x2819B0x15e2
0x2822	0x2819B0x137c
0x2822	0x2819B0x15e2
0x2824	0x2819B0x137c
0x2824	0x2819B0x15e2
0x2826	0x2819B0x137c
0x2826	0x2819B0x15e2
0x2828	0x2819B0x137c
0x2828	0x2819B0x15e2
0x2829	0x2819B0x137c
0x2829	0x2819B0x15e2
0x282c	0x2819B0x137c
0x282c	0x2819B0x15e2
0x282d	0x2819B0x137c
0x282d	0x2819B0x15e2
0x2830	0x2819B0x137c
0x2830	0x2819B0x15e2
0x2832	0x2819B0x137c
0x2832	0x2819B0x15e2
0x2836	0x2819B0x137c
0x2836	0x2819B0x15e2
0x2837	0x2819B0x137c
0x2837	0x2819B0x15e2
0x2838	0x2819B0x137c
0x2838	0x2819B0x15e2
0x2839	0x2819B0x137c
0x2839	0x2819B0x15e2
0x283c	0x2819B0x137c
0x283c	0x2819B0x15e2
0x283e	0x2819B0x137c
0x283e	0x2819B0x15e2
0x2840	0x2819B0x137c
0x2840	0x2819B0x15e2
0x2841	0x2819B0x137c
0x2841	0x2819B0x15e2
0x2845	0x2845B0x137c
0x2845	0x2845B0x15e2
0x2847	0x2845B0x137c
0x2847	0x2845B0x15e2
0x2848	0x2845B0x137c
0x2848	0x2845B0x15e2
0x284a	0x2845B0x137c
0x284a	0x2845B0x15e2
0x284c	0x2845B0x137c
0x284c	0x2845B0x15e2
0x284e	0x2845B0x137c
0x284e	0x2845B0x15e2
0x284f	0x2845B0x137c
0x284f	0x2845B0x15e2
0x2851	0x2845B0x137c
0x2851	0x2845B0x15e2
0x2852	0x2845B0x137c
0x2852	0x2845B0x15e2
0x2853	0x2845B0x137c
0x2853	0x2845B0x15e2
0x2857	0x2857B0x137c
0x2857	0x2857B0x15e2
0x2859	0x2857B0x137c
0x2859	0x2857B0x15e2
0x285a	0x2857B0x137c
0x285a	0x2857B0x15e2
0x285e	0x2857B0x137c
0x285e	0x2857B0x15e2
0x2860	0x2857B0x137c
0x2860	0x2857B0x15e2
0x2863	0x2857B0x137c
0x2863	0x2857B0x15e2
0x2865	0x2857B0x137c
0x2865	0x2857B0x15e2
0x2868	0x2857B0x137c
0x2868	0x2857B0x15e2
0x286a	0x2857B0x137c
0x286a	0x2857B0x15e2
0x286c	0x2857B0x137c
0x286c	0x2857B0x15e2
0x286f	0x2857B0x137c
0x286f	0x2857B0x15e2
0x2871	0x2857B0x137c
0x2871	0x2857B0x15e2
0x288b	0x2857B0x137c
0x288b	0x2857B0x15e2
0x288d	0x2857B0x137c
0x288d	0x2857B0x15e2
0x288e	0x2857B0x137c
0x288e	0x2857B0x15e2
0x2891	0x2857B0x137c
0x2891	0x2857B0x15e2
0x2893	0x2857B0x137c
0x2893	0x2857B0x15e2
0x2895	0x2857B0x137c
0x2895	0x2857B0x15e2
0x2896	0x2857B0x137c
0x2896	0x2857B0x15e2
0x289c	0x289aB0x137c
0x289c	0x289aB0x15e2
0x4750	0x474fB0x467aB0x464aB0x381f
0x4750	0x474fB0x467aB0x3ca2B0x3c13
0x4750	0x474fB0x467aB0x3ca2B0x382e
0x4750	0x474fB0x467aB0x3ca2B0x2dfdB0x232fB0x137c
0x4750	0x474fB0x467aB0x3ca2B0x3eeaB0x232fB0x137c
0x4750	0x474fB0x467aB0x464aB0x40c3B0x232fB0x137c
0x4750	0x474fB0x467aB0x3ca2B0x2dfdB0x232fB0x15e2
0x4750	0x474fB0x467aB0x3ca2B0x3eeaB0x232fB0x15e2
0x4750	0x474fB0x467aB0x464aB0x40c3B0x232fB0x15e2
0x4752	0x474fB0x467aB0x464aB0x381f
0x4752	0x474fB0x467aB0x3ca2B0x3c13
0x4752	0x474fB0x467aB0x3ca2B0x382e
0x4752	0x474fB0x467aB0x3ca2B0x2dfdB0x232fB0x137c
0x4752	0x474fB0x467aB0x3ca2B0x3eeaB0x232fB0x137c
0x4752	0x474fB0x467aB0x464aB0x40c3B0x232fB0x137c
0x4752	0x474fB0x467aB0x3ca2B0x2dfdB0x232fB0x15e2
0x4752	0x474fB0x467aB0x3ca2B0x3eeaB0x232fB0x15e2
0x4752	0x474fB0x467aB0x464aB0x40c3B0x232fB0x15e2
0x4757	0x474fB0x467aB0x464aB0x381f
0x4757	0x474fB0x467aB0x3ca2B0x3c13
0x4757	0x474fB0x467aB0x3ca2B0x382e
0x4757	0x474fB0x467aB0x3ca2B0x2dfdB0x232fB0x137c
0x4757	0x474fB0x467aB0x3ca2B0x3eeaB0x232fB0x137c
0x4757	0x474fB0x467aB0x464aB0x40c3B0x232fB0x137c
0x4757	0x474fB0x467aB0x3ca2B0x2dfdB0x232fB0x15e2
0x4757	0x474fB0x467aB0x3ca2B0x3eeaB0x232fB0x15e2
0x4757	0x474fB0x467aB0x464aB0x40c3B0x232fB0x15e2
0x475b	0x474fB0x467aB0x464aB0x381f
0x475b	0x474fB0x467aB0x3ca2B0x3c13
0x475b	0x474fB0x467aB0x3ca2B0x382e
0x475b	0x474fB0x467aB0x3ca2B0x2dfdB0x232fB0x137c
0x475b	0x474fB0x467aB0x3ca2B0x3eeaB0x232fB0x137c
0x475b	0x474fB0x467aB0x464aB0x40c3B0x232fB0x137c
0x475b	0x474fB0x467aB0x3ca2B0x2dfdB0x232fB0x15e2
0x475b	0x474fB0x467aB0x3ca2B0x3eeaB0x232fB0x15e2
0x475b	0x474fB0x467aB0x464aB0x40c3B0x232fB0x15e2
0x475f	0x474fB0x467aB0x464aB0x381f
0x475f	0x474fB0x467aB0x3ca2B0x3c13
0x475f	0x474fB0x467aB0x3ca2B0x382e
0x475f	0x474fB0x467aB0x3ca2B0x2dfdB0x232fB0x137c
0x475f	0x474fB0x467aB0x3ca2B0x3eeaB0x232fB0x137c
0x475f	0x474fB0x467aB0x464aB0x40c3B0x232fB0x137c
0x475f	0x474fB0x467aB0x3ca2B0x2dfdB0x232fB0x15e2
0x475f	0x474fB0x467aB0x3ca2B0x3eeaB0x232fB0x15e2
0x475f	0x474fB0x467aB0x464aB0x40c3B0x232fB0x15e2
0x4761	0x474fB0x467aB0x464aB0x381f
0x4761	0x474fB0x467aB0x3ca2B0x3c13
0x4761	0x474fB0x467aB0x3ca2B0x382e
0x4761	0x474fB0x467aB0x3ca2B0x2dfdB0x232fB0x137c
0x4761	0x474fB0x467aB0x3ca2B0x3eeaB0x232fB0x137c
0x4761	0x474fB0x467aB0x464aB0x40c3B0x232fB0x137c
0x4761	0x474fB0x467aB0x3ca2B0x2dfdB0x232fB0x15e2
0x4761	0x474fB0x467aB0x3ca2B0x3eeaB0x232fB0x15e2
0x4761	0x474fB0x467aB0x464aB0x40c3B0x232fB0x15e2
0x4763	0x474fB0x467aB0x464aB0x381f
0x4763	0x474fB0x467aB0x3ca2B0x3c13
0x4763	0x474fB0x467aB0x3ca2B0x382e
0x4763	0x474fB0x467aB0x3ca2B0x2dfdB0x232fB0x137c
0x4763	0x474fB0x467aB0x3ca2B0x3eeaB0x232fB0x137c
0x4763	0x474fB0x467aB0x464aB0x40c3B0x232fB0x137c
0x4763	0x474fB0x467aB0x3ca2B0x2dfdB0x232fB0x15e2
0x4763	0x474fB0x467aB0x3ca2B0x3eeaB0x232fB0x15e2
0x4763	0x474fB0x467aB0x464aB0x40c3B0x232fB0x15e2
0x4765	0x474fB0x467aB0x464aB0x381f
0x4765	0x474fB0x467aB0x3ca2B0x3c13
0x4765	0x474fB0x467aB0x3ca2B0x382e
0x4765	0x474fB0x467aB0x3ca2B0x2dfdB0x232fB0x137c
0x4765	0x474fB0x467aB0x3ca2B0x3eeaB0x232fB0x137c
0x4765	0x474fB0x467aB0x464aB0x40c3B0x232fB0x137c
0x4765	0x474fB0x467aB0x3ca2B0x2dfdB0x232fB0x15e2
0x4765	0x474fB0x467aB0x3ca2B0x3eeaB0x232fB0x15e2
0x4765	0x474fB0x467aB0x464aB0x40c3B0x232fB0x15e2
0x4766	0x474fB0x467aB0x464aB0x381f
0x4766	0x474fB0x467aB0x3ca2B0x3c13
0x4766	0x474fB0x467aB0x3ca2B0x382e
0x4766	0x474fB0x467aB0x3ca2B0x2dfdB0x232fB0x137c
0x4766	0x474fB0x467aB0x3ca2B0x3eeaB0x232fB0x137c
0x4766	0x474fB0x467aB0x464aB0x40c3B0x232fB0x137c
0x4766	0x474fB0x467aB0x3ca2B0x2dfdB0x232fB0x15e2
0x4766	0x474fB0x467aB0x3ca2B0x3eeaB0x232fB0x15e2
0x4766	0x474fB0x467aB0x464aB0x40c3B0x232fB0x15e2
0x4767	0x474fB0x467aB0x464aB0x381f
0x4767	0x474fB0x467aB0x3ca2B0x3c13
0x4767	0x474fB0x467aB0x3ca2B0x382e
0x4767	0x474fB0x467aB0x3ca2B0x2dfdB0x232fB0x137c
0x4767	0x474fB0x467aB0x3ca2B0x3eeaB0x232fB0x137c
0x4767	0x474fB0x467aB0x464aB0x40c3B0x232fB0x137c
0x4767	0x474fB0x467aB0x3ca2B0x2dfdB0x232fB0x15e2
0x4767	0x474fB0x467aB0x3ca2B0x3eeaB0x232fB0x15e2
0x4767	0x474fB0x467aB0x464aB0x40c3B0x232fB0x15e2
0x476a	0x474fB0x467aB0x464aB0x381f
0x476a	0x474fB0x467aB0x3ca2B0x3c13
0x476a	0x474fB0x467aB0x3ca2B0x382e
0x476a	0x474fB0x467aB0x3ca2B0x2dfdB0x232fB0x137c
0x476a	0x474fB0x467aB0x3ca2B0x3eeaB0x232fB0x137c
0x476a	0x474fB0x467aB0x464aB0x40c3B0x232fB0x137c
0x476a	0x474fB0x467aB0x3ca2B0x2dfdB0x232fB0x15e2
0x476a	0x474fB0x467aB0x3ca2B0x3eeaB0x232fB0x15e2
0x476a	0x474fB0x467aB0x464aB0x40c3B0x232fB0x15e2
0x476c	0x474fB0x467aB0x464aB0x381f
0x476c	0x474fB0x467aB0x3ca2B0x3c13
0x476c	0x474fB0x467aB0x3ca2B0x382e
0x476c	0x474fB0x467aB0x3ca2B0x2dfdB0x232fB0x137c
0x476c	0x474fB0x467aB0x3ca2B0x3eeaB0x232fB0x137c
0x476c	0x474fB0x467aB0x464aB0x40c3B0x232fB0x137c
0x476c	0x474fB0x467aB0x3ca2B0x2dfdB0x232fB0x15e2
0x476c	0x474fB0x467aB0x3ca2B0x3eeaB0x232fB0x15e2
0x476c	0x474fB0x467aB0x464aB0x40c3B0x232fB0x15e2
0x476d	0x474fB0x467aB0x464aB0x381f
0x476d	0x474fB0x467aB0x3ca2B0x3c13
0x476d	0x474fB0x467aB0x3ca2B0x382e
0x476d	0x474fB0x467aB0x3ca2B0x2dfdB0x232fB0x137c
0x476d	0x474fB0x467aB0x3ca2B0x3eeaB0x232fB0x137c
0x476d	0x474fB0x467aB0x464aB0x40c3B0x232fB0x137c
0x476d	0x474fB0x467aB0x3ca2B0x2dfdB0x232fB0x15e2
0x476d	0x474fB0x467aB0x3ca2B0x3eeaB0x232fB0x15e2
0x476d	0x474fB0x467aB0x464aB0x40c3B0x232fB0x15e2
0x4772	0x474fB0x467aB0x464aB0x381f
0x4772	0x474fB0x467aB0x3ca2B0x3c13
0x4772	0x474fB0x467aB0x3ca2B0x382e
0x4772	0x474fB0x467aB0x3ca2B0x2dfdB0x232fB0x137c
0x4772	0x474fB0x467aB0x3ca2B0x3eeaB0x232fB0x137c
0x4772	0x474fB0x467aB0x464aB0x40c3B0x232fB0x137c
0x4772	0x474fB0x467aB0x3ca2B0x2dfdB0x232fB0x15e2
0x4772	0x474fB0x467aB0x3ca2B0x3eeaB0x232fB0x15e2
0x4772	0x474fB0x467aB0x464aB0x40c3B0x232fB0x15e2
0x4777	0x4776B0x467aB0x464aB0x381f
0x4777	0x4776B0x467aB0x3ca2B0x3c13
0x4777	0x4776B0x467aB0x3ca2B0x382e
0x4777	0x4776B0x467aB0x3ca2B0x2dfdB0x232fB0x137c
0x4777	0x4776B0x467aB0x3ca2B0x3eeaB0x232fB0x137c
0x4777	0x4776B0x467aB0x464aB0x40c3B0x232fB0x137c
0x4777	0x4776B0x467aB0x3ca2B0x2dfdB0x232fB0x15e2
0x4777	0x4776B0x467aB0x3ca2B0x3eeaB0x232fB0x15e2
0x4777	0x4776B0x467aB0x464aB0x40c3B0x232fB0x15e2
0x4779	0x4776B0x467aB0x464aB0x381f
0x4779	0x4776B0x467aB0x3ca2B0x3c13
0x4779	0x4776B0x467aB0x3ca2B0x382e
0x4779	0x4776B0x467aB0x3ca2B0x2dfdB0x232fB0x137c
0x4779	0x4776B0x467aB0x3ca2B0x3eeaB0x232fB0x137c
0x4779	0x4776B0x467aB0x464aB0x40c3B0x232fB0x137c
0x4779	0x4776B0x467aB0x3ca2B0x2dfdB0x232fB0x15e2
0x4779	0x4776B0x467aB0x3ca2B0x3eeaB0x232fB0x15e2
0x4779	0x4776B0x467aB0x464aB0x40c3B0x232fB0x15e2
0x477b	0x4776B0x467aB0x464aB0x381f
0x477b	0x4776B0x467aB0x3ca2B0x3c13
0x477b	0x4776B0x467aB0x3ca2B0x382e
0x477b	0x4776B0x467aB0x3ca2B0x2dfdB0x232fB0x137c
0x477b	0x4776B0x467aB0x3ca2B0x3eeaB0x232fB0x137c
0x477b	0x4776B0x467aB0x464aB0x40c3B0x232fB0x137c
0x477b	0x4776B0x467aB0x3ca2B0x2dfdB0x232fB0x15e2
0x477b	0x4776B0x467aB0x3ca2B0x3eeaB0x232fB0x15e2
0x477b	0x4776B0x467aB0x464aB0x40c3B0x232fB0x15e2
0x477e	0x4776B0x467aB0x464aB0x381f
0x477e	0x4776B0x467aB0x3ca2B0x3c13
0x477e	0x4776B0x467aB0x3ca2B0x382e
0x477e	0x4776B0x467aB0x3ca2B0x2dfdB0x232fB0x137c
0x477e	0x4776B0x467aB0x3ca2B0x3eeaB0x232fB0x137c
0x477e	0x4776B0x467aB0x464aB0x40c3B0x232fB0x137c
0x477e	0x4776B0x467aB0x3ca2B0x2dfdB0x232fB0x15e2
0x477e	0x4776B0x467aB0x3ca2B0x3eeaB0x232fB0x15e2
0x477e	0x4776B0x467aB0x464aB0x40c3B0x232fB0x15e2
0x4782	0x4776B0x467aB0x464aB0x381f
0x4782	0x4776B0x467aB0x3ca2B0x3c13
0x4782	0x4776B0x467aB0x3ca2B0x382e
0x4782	0x4776B0x467aB0x3ca2B0x2dfdB0x232fB0x137c
0x4782	0x4776B0x467aB0x3ca2B0x3eeaB0x232fB0x137c
0x4782	0x4776B0x467aB0x464aB0x40c3B0x232fB0x137c
0x4782	0x4776B0x467aB0x3ca2B0x2dfdB0x232fB0x15e2
0x4782	0x4776B0x467aB0x3ca2B0x3eeaB0x232fB0x15e2
0x4782	0x4776B0x467aB0x464aB0x40c3B0x232fB0x15e2
0x4783	0x4776B0x467aB0x464aB0x381f
0x4783	0x4776B0x467aB0x3ca2B0x3c13
0x4783	0x4776B0x467aB0x3ca2B0x382e
0x4783	0x4776B0x467aB0x3ca2B0x2dfdB0x232fB0x137c
0x4783	0x4776B0x467aB0x3ca2B0x3eeaB0x232fB0x137c
0x4783	0x4776B0x467aB0x464aB0x40c3B0x232fB0x137c
0x4783	0x4776B0x467aB0x3ca2B0x2dfdB0x232fB0x15e2
0x4783	0x4776B0x467aB0x3ca2B0x3eeaB0x232fB0x15e2
0x4783	0x4776B0x467aB0x464aB0x40c3B0x232fB0x15e2
0x4788	0x4776B0x467aB0x464aB0x381f
0x4788	0x4776B0x467aB0x3ca2B0x3c13
0x4788	0x4776B0x467aB0x3ca2B0x382e
0x4788	0x4776B0x467aB0x3ca2B0x2dfdB0x232fB0x137c
0x4788	0x4776B0x467aB0x3ca2B0x3eeaB0x232fB0x137c
0x4788	0x4776B0x467aB0x464aB0x40c3B0x232fB0x137c
0x4788	0x4776B0x467aB0x3ca2B0x2dfdB0x232fB0x15e2
0x4788	0x4776B0x467aB0x3ca2B0x3eeaB0x232fB0x15e2
0x4788	0x4776B0x467aB0x464aB0x40c3B0x232fB0x15e2
0x478a	0x4776B0x467aB0x464aB0x381f
0x478a	0x4776B0x467aB0x3ca2B0x3c13
0x478a	0x4776B0x467aB0x3ca2B0x382e
0x478a	0x4776B0x467aB0x3ca2B0x2dfdB0x232fB0x137c
0x478a	0x4776B0x467aB0x3ca2B0x3eeaB0x232fB0x137c
0x478a	0x4776B0x467aB0x464aB0x40c3B0x232fB0x137c
0x478a	0x4776B0x467aB0x3ca2B0x2dfdB0x232fB0x15e2
0x478a	0x4776B0x467aB0x3ca2B0x3eeaB0x232fB0x15e2
0x478a	0x4776B0x467aB0x464aB0x40c3B0x232fB0x15e2
0x478d	0x4776B0x467aB0x464aB0x381f
0x478d	0x4776B0x467aB0x3ca2B0x3c13
0x478d	0x4776B0x467aB0x3ca2B0x382e
0x478d	0x4776B0x467aB0x3ca2B0x2dfdB0x232fB0x137c
0x478d	0x4776B0x467aB0x3ca2B0x3eeaB0x232fB0x137c
0x478d	0x4776B0x467aB0x464aB0x40c3B0x232fB0x137c
0x478d	0x4776B0x467aB0x3ca2B0x2dfdB0x232fB0x15e2
0x478d	0x4776B0x467aB0x3ca2B0x3eeaB0x232fB0x15e2
0x478d	0x4776B0x467aB0x464aB0x40c3B0x232fB0x15e2
0x478e	0x4776B0x467aB0x464aB0x381f
0x478e	0x4776B0x467aB0x3ca2B0x3c13
0x478e	0x4776B0x467aB0x3ca2B0x382e
0x478e	0x4776B0x467aB0x3ca2B0x2dfdB0x232fB0x137c
0x478e	0x4776B0x467aB0x3ca2B0x3eeaB0x232fB0x137c
0x478e	0x4776B0x467aB0x464aB0x40c3B0x232fB0x137c
0x478e	0x4776B0x467aB0x3ca2B0x2dfdB0x232fB0x15e2
0x478e	0x4776B0x467aB0x3ca2B0x3eeaB0x232fB0x15e2
0x478e	0x4776B0x467aB0x464aB0x40c3B0x232fB0x15e2
0x4792	0x4792B0x467aB0x464aB0x381f
0x4792	0x4792B0x467aB0x3ca2B0x3c13
0x4792	0x4792B0x467aB0x3ca2B0x382e
0x4792	0x4792B0x467aB0x3ca2B0x2dfdB0x232fB0x137c
0x4792	0x4792B0x467aB0x3ca2B0x3eeaB0x232fB0x137c
0x4792	0x4792B0x467aB0x464aB0x40c3B0x232fB0x137c
0x4792	0x4792B0x467aB0x3ca2B0x2dfdB0x232fB0x15e2
0x4792	0x4792B0x467aB0x3ca2B0x3eeaB0x232fB0x15e2
0x4792	0x4792B0x467aB0x464aB0x40c3B0x232fB0x15e2
0x4794	0x4792B0x467aB0x464aB0x381f
0x4794	0x4792B0x467aB0x3ca2B0x3c13
0x4794	0x4792B0x467aB0x3ca2B0x382e
0x4794	0x4792B0x467aB0x3ca2B0x2dfdB0x232fB0x137c
0x4794	0x4792B0x467aB0x3ca2B0x3eeaB0x232fB0x137c
0x4794	0x4792B0x467aB0x464aB0x40c3B0x232fB0x137c
0x4794	0x4792B0x467aB0x3ca2B0x2dfdB0x232fB0x15e2
0x4794	0x4792B0x467aB0x3ca2B0x3eeaB0x232fB0x15e2
0x4794	0x4792B0x467aB0x464aB0x40c3B0x232fB0x15e2
0x4797	0x4792B0x467aB0x464aB0x381f
0x4797	0x4792B0x467aB0x3ca2B0x3c13
0x4797	0x4792B0x467aB0x3ca2B0x382e
0x4797	0x4792B0x467aB0x3ca2B0x2dfdB0x232fB0x137c
0x4797	0x4792B0x467aB0x3ca2B0x3eeaB0x232fB0x137c
0x4797	0x4792B0x467aB0x464aB0x40c3B0x232fB0x137c
0x4797	0x4792B0x467aB0x3ca2B0x2dfdB0x232fB0x15e2
0x4797	0x4792B0x467aB0x3ca2B0x3eeaB0x232fB0x15e2
0x4797	0x4792B0x467aB0x464aB0x40c3B0x232fB0x15e2
0x4799	0x4792B0x467aB0x464aB0x381f
0x4799	0x4792B0x467aB0x3ca2B0x3c13
0x4799	0x4792B0x467aB0x3ca2B0x382e
0x4799	0x4792B0x467aB0x3ca2B0x2dfdB0x232fB0x137c
0x4799	0x4792B0x467aB0x3ca2B0x3eeaB0x232fB0x137c
0x4799	0x4792B0x467aB0x464aB0x40c3B0x232fB0x137c
0x4799	0x4792B0x467aB0x3ca2B0x2dfdB0x232fB0x15e2
0x4799	0x4792B0x467aB0x3ca2B0x3eeaB0x232fB0x15e2
0x4799	0x4792B0x467aB0x464aB0x40c3B0x232fB0x15e2
0x479a	0x4792B0x467aB0x464aB0x381f
0x479a	0x4792B0x467aB0x3ca2B0x3c13
0x479a	0x4792B0x467aB0x3ca2B0x382e
0x479a	0x4792B0x467aB0x3ca2B0x2dfdB0x232fB0x137c
0x479a	0x4792B0x467aB0x3ca2B0x3eeaB0x232fB0x137c
0x479a	0x4792B0x467aB0x464aB0x40c3B0x232fB0x137c
0x479a	0x4792B0x467aB0x3ca2B0x2dfdB0x232fB0x15e2
0x479a	0x4792B0x467aB0x3ca2B0x3eeaB0x232fB0x15e2
0x479a	0x4792B0x467aB0x464aB0x40c3B0x232fB0x15e2
0x479c	0x4792B0x467aB0x464aB0x381f
0x479c	0x4792B0x467aB0x3ca2B0x3c13
0x479c	0x4792B0x467aB0x3ca2B0x382e
0x479c	0x4792B0x467aB0x3ca2B0x2dfdB0x232fB0x137c
0x479c	0x4792B0x467aB0x3ca2B0x3eeaB0x232fB0x137c
0x479c	0x4792B0x467aB0x464aB0x40c3B0x232fB0x137c
0x479c	0x4792B0x467aB0x3ca2B0x2dfdB0x232fB0x15e2
0x479c	0x4792B0x467aB0x3ca2B0x3eeaB0x232fB0x15e2
0x479c	0x4792B0x467aB0x464aB0x40c3B0x232fB0x15e2
0x479d	0x4792B0x467aB0x464aB0x381f
0x479d	0x4792B0x467aB0x3ca2B0x3c13
0x479d	0x4792B0x467aB0x3ca2B0x382e
0x479d	0x4792B0x467aB0x3ca2B0x2dfdB0x232fB0x137c
0x479d	0x4792B0x467aB0x3ca2B0x3eeaB0x232fB0x137c
0x479d	0x4792B0x467aB0x464aB0x40c3B0x232fB0x137c
0x479d	0x4792B0x467aB0x3ca2B0x2dfdB0x232fB0x15e2
0x479d	0x4792B0x467aB0x3ca2B0x3eeaB0x232fB0x15e2
0x479d	0x4792B0x467aB0x464aB0x40c3B0x232fB0x15e2
0x479e	0x4792B0x467aB0x464aB0x381f
0x479e	0x4792B0x467aB0x3ca2B0x3c13
0x479e	0x4792B0x467aB0x3ca2B0x382e
0x479e	0x4792B0x467aB0x3ca2B0x2dfdB0x232fB0x137c
0x479e	0x4792B0x467aB0x3ca2B0x3eeaB0x232fB0x137c
0x479e	0x4792B0x467aB0x464aB0x40c3B0x232fB0x137c
0x479e	0x4792B0x467aB0x3ca2B0x2dfdB0x232fB0x15e2
0x479e	0x4792B0x467aB0x3ca2B0x3eeaB0x232fB0x15e2
0x479e	0x4792B0x467aB0x464aB0x40c3B0x232fB0x15e2
0x47a0	0x4792B0x467aB0x464aB0x381f
0x47a0	0x4792B0x467aB0x3ca2B0x3c13
0x47a0	0x4792B0x467aB0x3ca2B0x382e
0x47a0	0x4792B0x467aB0x3ca2B0x2dfdB0x232fB0x137c
0x47a0	0x4792B0x467aB0x3ca2B0x3eeaB0x232fB0x137c
0x47a0	0x4792B0x467aB0x464aB0x40c3B0x232fB0x137c
0x47a0	0x4792B0x467aB0x3ca2B0x2dfdB0x232fB0x15e2
0x47a0	0x4792B0x467aB0x3ca2B0x3eeaB0x232fB0x15e2
0x47a0	0x4792B0x467aB0x464aB0x40c3B0x232fB0x15e2
0x47a1	0x4792B0x467aB0x464aB0x381f
0x47a1	0x4792B0x467aB0x3ca2B0x3c13
0x47a1	0x4792B0x467aB0x3ca2B0x382e
0x47a1	0x4792B0x467aB0x3ca2B0x2dfdB0x232fB0x137c
0x47a1	0x4792B0x467aB0x3ca2B0x3eeaB0x232fB0x137c
0x47a1	0x4792B0x467aB0x464aB0x40c3B0x232fB0x137c
0x47a1	0x4792B0x467aB0x3ca2B0x2dfdB0x232fB0x15e2
0x47a1	0x4792B0x467aB0x3ca2B0x3eeaB0x232fB0x15e2
0x47a1	0x4792B0x467aB0x464aB0x40c3B0x232fB0x15e2
0x47a4	0x4792B0x467aB0x464aB0x381f
0x47a4	0x4792B0x467aB0x3ca2B0x3c13
0x47a4	0x4792B0x467aB0x3ca2B0x382e
0x47a4	0x4792B0x467aB0x3ca2B0x2dfdB0x232fB0x137c
0x47a4	0x4792B0x467aB0x3ca2B0x3eeaB0x232fB0x137c
0x47a4	0x4792B0x467aB0x464aB0x40c3B0x232fB0x137c
0x47a4	0x4792B0x467aB0x3ca2B0x2dfdB0x232fB0x15e2
0x47a4	0x4792B0x467aB0x3ca2B0x3eeaB0x232fB0x15e2
0x47a4	0x4792B0x467aB0x464aB0x40c3B0x232fB0x15e2
0x47a7	0x4792B0x467aB0x464aB0x381f
0x47a7	0x4792B0x467aB0x3ca2B0x3c13
0x47a7	0x4792B0x467aB0x3ca2B0x382e
0x47a7	0x4792B0x467aB0x3ca2B0x2dfdB0x232fB0x137c
0x47a7	0x4792B0x467aB0x3ca2B0x3eeaB0x232fB0x137c
0x47a7	0x4792B0x467aB0x464aB0x40c3B0x232fB0x137c
0x47a7	0x4792B0x467aB0x3ca2B0x2dfdB0x232fB0x15e2
0x47a7	0x4792B0x467aB0x3ca2B0x3eeaB0x232fB0x15e2
0x47a7	0x4792B0x467aB0x464aB0x40c3B0x232fB0x15e2
0x47a8	0x4792B0x467aB0x464aB0x381f
0x47a8	0x4792B0x467aB0x3ca2B0x3c13
0x47a8	0x4792B0x467aB0x3ca2B0x382e
0x47a8	0x4792B0x467aB0x3ca2B0x2dfdB0x232fB0x137c
0x47a8	0x4792B0x467aB0x3ca2B0x3eeaB0x232fB0x137c
0x47a8	0x4792B0x467aB0x464aB0x40c3B0x232fB0x137c
0x47a8	0x4792B0x467aB0x3ca2B0x2dfdB0x232fB0x15e2
0x47a8	0x4792B0x467aB0x3ca2B0x3eeaB0x232fB0x15e2
0x47a8	0x4792B0x467aB0x464aB0x40c3B0x232fB0x15e2
0x47aa	0x4792B0x467aB0x464aB0x381f
0x47aa	0x4792B0x467aB0x3ca2B0x3c13
0x47aa	0x4792B0x467aB0x3ca2B0x382e
0x47aa	0x4792B0x467aB0x3ca2B0x2dfdB0x232fB0x137c
0x47aa	0x4792B0x467aB0x3ca2B0x3eeaB0x232fB0x137c
0x47aa	0x4792B0x467aB0x464aB0x40c3B0x232fB0x137c
0x47aa	0x4792B0x467aB0x3ca2B0x2dfdB0x232fB0x15e2
0x47aa	0x4792B0x467aB0x3ca2B0x3eeaB0x232fB0x15e2
0x47aa	0x4792B0x467aB0x464aB0x40c3B0x232fB0x15e2
0x47ad	0x4792B0x467aB0x464aB0x381f
0x47ad	0x4792B0x467aB0x3ca2B0x3c13
0x47ad	0x4792B0x467aB0x3ca2B0x382e
0x47ad	0x4792B0x467aB0x3ca2B0x2dfdB0x232fB0x137c
0x47ad	0x4792B0x467aB0x3ca2B0x3eeaB0x232fB0x137c
0x47ad	0x4792B0x467aB0x464aB0x40c3B0x232fB0x137c
0x47ad	0x4792B0x467aB0x3ca2B0x2dfdB0x232fB0x15e2
0x47ad	0x4792B0x467aB0x3ca2B0x3eeaB0x232fB0x15e2
0x47ad	0x4792B0x467aB0x464aB0x40c3B0x232fB0x15e2
0x47af	0x4792B0x467aB0x464aB0x381f
0x47af	0x4792B0x467aB0x3ca2B0x3c13
0x47af	0x4792B0x467aB0x3ca2B0x382e
0x47af	0x4792B0x467aB0x3ca2B0x2dfdB0x232fB0x137c
0x47af	0x4792B0x467aB0x3ca2B0x3eeaB0x232fB0x137c
0x47af	0x4792B0x467aB0x464aB0x40c3B0x232fB0x137c
0x47af	0x4792B0x467aB0x3ca2B0x2dfdB0x232fB0x15e2
0x47af	0x4792B0x467aB0x3ca2B0x3eeaB0x232fB0x15e2
0x47af	0x4792B0x467aB0x464aB0x40c3B0x232fB0x15e2
0x47b4	0x47b3B0x467aB0x464aB0x381f
0x47b4	0x47b3B0x467aB0x3ca2B0x3c13
0x47b4	0x47b3B0x467aB0x3ca2B0x382e
0x47b4	0x47b3B0x467aB0x3ca2B0x2dfdB0x232fB0x137c
0x47b4	0x47b3B0x467aB0x3ca2B0x3eeaB0x232fB0x137c
0x47b4	0x47b3B0x467aB0x464aB0x40c3B0x232fB0x137c
0x47b4	0x47b3B0x467aB0x3ca2B0x2dfdB0x232fB0x15e2
0x47b4	0x47b3B0x467aB0x3ca2B0x3eeaB0x232fB0x15e2
0x47b4	0x47b3B0x467aB0x464aB0x40c3B0x232fB0x15e2
0x47be	0x47b8B0x467aB0x464aB0x381f
0x47be	0x47b8B0x467aB0x3ca2B0x3c13
0x47be	0x47b8B0x467aB0x3ca2B0x382e
0x47be	0x47b8B0x467aB0x3ca2B0x2dfdB0x232fB0x137c
0x47be	0x47b8B0x467aB0x3ca2B0x3eeaB0x232fB0x137c
0x47be	0x47b8B0x467aB0x464aB0x40c3B0x232fB0x137c
0x47be	0x47b8B0x467aB0x3ca2B0x2dfdB0x232fB0x15e2
0x47be	0x47b8B0x467aB0x3ca2B0x3eeaB0x232fB0x15e2
0x47be	0x47b8B0x467aB0x464aB0x40c3B0x232fB0x15e2
0x47c5	0x47b8B0x467aB0x464aB0x381f
0x47c5	0x47b8B0x467aB0x3ca2B0x3c13
0x47c5	0x47b8B0x467aB0x3ca2B0x382e
0x47c5	0x47b8B0x467aB0x3ca2B0x2dfdB0x232fB0x137c
0x47c5	0x47b8B0x467aB0x3ca2B0x3eeaB0x232fB0x137c
0x47c5	0x47b8B0x467aB0x464aB0x40c3B0x232fB0x137c
0x47c5	0x47b8B0x467aB0x3ca2B0x2dfdB0x232fB0x15e2
0x47c5	0x47b8B0x467aB0x3ca2B0x3eeaB0x232fB0x15e2
0x47c5	0x47b8B0x467aB0x464aB0x40c3B0x232fB0x15e2
0x4a6a	0x4a69B0x137c
0x4a6a	0x4a69B0x15e2
0x4a6c	0x4a69B0x137c
0x4a6c	0x4a69B0x15e2
0x4a6d	0x4a69B0x137c
0x4a6d	0x4a69B0x15e2
0x4a71	0x4a69B0x137c
0x4a71	0x4a69B0x15e2
0x4a72	0x4a69B0x137c
0x4a72	0x4a69B0x15e2
0x4a74	0x4a69B0x137c
0x4a74	0x4a69B0x15e2
0x4a76	0x4a69B0x137c
0x4a76	0x4a69B0x15e2
0x4a78	0x4a69B0x137c
0x4a78	0x4a69B0x15e2
0x4a79	0x4a69B0x137c
0x4a79	0x4a69B0x15e2
0x4a7b	0x4a69B0x137c
0x4a7b	0x4a69B0x15e2
0x4a7e	0x4a69B0x137c
0x4a7e	0x4a69B0x15e2
0x4a7f	0x4a69B0x137c
0x4a7f	0x4a69B0x15e2
0x4a80	0x4a69B0x137c
0x4a80	0x4a69B0x15e2
0x4a81	0x4a69B0x137c
0x4a81	0x4a69B0x15e2
0x4a85	0x4a85B0x137c
0x4a85	0x4a85B0x15e2
0x4a88	0x4a85B0x137c
0x4a88	0x4a85B0x15e2
0x501e	0x501dB0x650
0x5022	0x501dB0x650
0x5024	0x501dB0x650
0x5027	0x501dB0x650
0x502a	0x501dB0x650
0x502c	0x501dB0x650
0x5031	0x5030B0x650
0x5034	0x5030B0x650
0x503b	0x5030B0x650
0x503c	0x5030B0x650
0x503d	0x5030B0x650
0x5041	0x5030B0x650
0x5311	0x5310B0x137c
0x5311	0x5310B0x15e2
0x531d	0x5310B0x137c
0x531d	0x5310B0x15e2
0x531f	0x5310B0x137c
0x531f	0x5310B0x15e2
0x5324	0x5310B0x137c
0x5324	0x5310B0x15e2
0x5327	0x5310B0x137c
0x5327	0x5310B0x15e2
0x5329	0x5310B0x137c
0x5329	0x5310B0x15e2
0x533b	0x5310B0x137c
0x533b	0x5310B0x15e2
0x533d	0x5310B0x137c
0x533d	0x5310B0x15e2
0x533f	0x5310B0x137c
0x533f	0x5310B0x15e2
0x5340	0x5310B0x137c
0x5340	0x5310B0x15e2
0x5343	0x5310B0x137c
0x5343	0x5310B0x15e2
0x5348	0x5310B0x137c
0x5348	0x5310B0x15e2
0x534a	0x5310B0x137c
0x534a	0x5310B0x15e2
0x5492	0x5491B0x137c
0x5492	0x5491B0x15e2
0x5496	0x5491B0x137c
0x5496	0x5491B0x15e2
0x5498	0x5491B0x137c
0x5498	0x5491B0x15e2
0x549b	0x5491B0x137c
0x549b	0x5491B0x15e2
0x549e	0x5491B0x137c
0x549e	0x5491B0x15e2
0x54a0	0x5491B0x137c
0x54a0	0x5491B0x15e2
0x54a5	0x54a4B0x137c
0x54a5	0x54a4B0x15e2
0x54a7	0x54a4B0x137c
0x54a7	0x54a4B0x15e2
0x54a9	0x54a4B0x137c
0x54a9	0x54a4B0x15e2
0x54ab	0x54a4B0x137c
0x54ab	0x54a4B0x15e2
0x54ac	0x54a4B0x137c
0x54ac	0x54a4B0x15e2
0x54af	0x54a4B0x137c
0x54af	0x54a4B0x15e2
0x54b0	0x54a4B0x137c
0x54b0	0x54a4B0x15e2
0x54b3	0x54a4B0x137c
0x54b3	0x54a4B0x15e2
0x54b5	0x54a4B0x137c
0x54b5	0x54a4B0x15e2
0x54b7	0x54a4B0x137c
0x54b7	0x54a4B0x15e2
0x54b9	0x54a4B0x137c
0x54b9	0x54a4B0x15e2
0x54bb	0x54a4B0x137c
0x54bb	0x54a4B0x15e2
0x54bc	0x54a4B0x137c
0x54bc	0x54a4B0x15e2
0x54c0	0x54a4B0x137c
0x54c0	0x54a4B0x15e2
0x54c1	0x54a4B0x137c
0x54c1	0x54a4B0x15e2
0x54c4	0x54a4B0x137c
0x54c4	0x54a4B0x15e2
0x54c8	0x54a4B0x137c
0x54c8	0x54a4B0x15e2
0x54c9	0x54a4B0x137c
0x54c9	0x54a4B0x15e2
0x54cd	0x54a4B0x137c
0x54cd	0x54a4B0x15e2
0x5531	0x552dB0x15c7
0x553e	0x552dB0x15c7
0x5540	0x552dB0x15c7
0x5542	0x552dB0x15c7
0x5543	0x552dB0x15c7
0x5544	0x552dB0x15c7
0x5547	0x552dB0x15c7
0x554a	0x552dB0x15c7
0x554d	0x552dB0x15c7
0x5550	0x552dB0x15c7
0x5553	0x552dB0x15c7
0x5555	0x552dB0x15c7
0x5558	0x552dB0x15c7
0x5559	0x552dB0x15c7
0x555d	0x552dB0x15c7
0x5560	0x552dB0x15c7
0x5561	0x552dB0x15c7
0x5564	0x552dB0x15c7
0x5565	0x552dB0x15c7
0x556c	0x5569B0x15c7
0x556d	0x5569B0x15c7
0x5570	0x5569B0x15c7
0x5576	0x5569B0x15c7
0x5579	0x5569B0x15c7
0x557b	0x5569B0x15c7
0x557d	0x5569B0x15c7
0x5727	0x5726B0x137c
0x5727	0x5726B0x15e2
0x5729	0x5726B0x137c
0x5729	0x5726B0x15e2
0x572e	0x5726B0x137c
0x572e	0x5726B0x15e2
0x572f	0x5726B0x137c
0x572f	0x5726B0x15e2
0x5730	0x5726B0x137c
0x5730	0x5726B0x15e2
0x5731	0x5726B0x137c
0x5731	0x5726B0x15e2
0x5735	0x5735B0x137c
0x5735	0x5735B0x15e2
0x573a	0x5739B0x137c
0x573a	0x5739B0x15e2
0x573d	0x5739B0x137c
0x573d	0x5739B0x15e2
0x5742	0x5741B0x137c
0x5742	0x5741B0x15e2
0x5746	0x5741B0x137c
0x5746	0x5741B0x15e2
0x574d	0x574aB0x137c
0x574d	0x574aB0x15e2
0x5750	0x574aB0x137c
0x5750	0x574aB0x15e2
0x5751	0x574aB0x137c
0x5751	0x574aB0x15e2
0x5752	0x574aB0x137c
0x5752	0x574aB0x15e2
0x5755	0x574aB0x137c
0x5755	0x574aB0x15e2
0x5757	0x574aB0x137c
0x5757	0x574aB0x15e2
0x575a	0x574aB0x137c
0x575a	0x574aB0x15e2
0x575d	0x574aB0x137c
0x575d	0x574aB0x15e2
0x575e	0x574aB0x137c
0x575e	0x574aB0x15e2
0x5763	0x5762B0x137c
0x5763	0x5762B0x15e2
0x5766	0x5762B0x137c
0x5766	0x5762B0x15e2
0x5768	0x5762B0x137c
0x5768	0x5762B0x15e2
0x576b	0x5762B0x137c
0x576b	0x5762B0x15e2
0x576e	0x5762B0x137c
0x576e	0x5762B0x15e2
0x576f	0x5762B0x137c
0x576f	0x5762B0x15e2
0x5774	0x5773B0x137c
0x5774	0x5773B0x15e2
0x5777	0x5773B0x137c
0x5777	0x5773B0x15e2
0x5779	0x5773B0x137c
0x5779	0x5773B0x15e2
0x577c	0x5773B0x137c
0x577c	0x5773B0x15e2
0x577f	0x5773B0x137c
0x577f	0x5773B0x15e2
0x5780	0x5773B0x137c
0x5780	0x5773B0x15e2
0x5785	0x5784B0x137c
0x5785	0x5784B0x15e2
0x5788	0x5784B0x137c
0x5788	0x5784B0x15e2
0x578a	0x5784B0x137c
0x578a	0x5784B0x15e2
0x578d	0x5784B0x137c
0x578d	0x5784B0x15e2
0x578e	0x5784B0x137c
0x578e	0x5784B0x15e2
0x578f	0x5784B0x137c
0x578f	0x5784B0x15e2
0x5792	0x5784B0x137c
0x5792	0x5784B0x15e2
0x5794	0x5784B0x137c
0x5794	0x5784B0x15e2
0x5797	0x5784B0x137c
0x5797	0x5784B0x15e2
0x579a	0x5784B0x137c
0x579a	0x5784B0x15e2
0x579b	0x5784B0x137c
0x579b	0x5784B0x15e2
0x57a0	0x579fB0x137c
0x57a0	0x579fB0x15e2
0x57a3	0x579fB0x137c
0x57a3	0x579fB0x15e2
0x57a5	0x579fB0x137c
0x57a5	0x579fB0x15e2
0x57a8	0x579fB0x137c
0x57a8	0x579fB0x15e2
0x57ab	0x579fB0x137c
0x57ab	0x579fB0x15e2
0x57ac	0x579fB0x137c
0x57ac	0x579fB0x15e2
0x57b1	0x57b0B0x137c
0x57b1	0x57b0B0x15e2
0x57b4	0x57b0B0x137c
0x57b4	0x57b0B0x15e2
0x57b6	0x57b0B0x137c
0x57b6	0x57b0B0x15e2
0x57b9	0x57b0B0x137c
0x57b9	0x57b0B0x15e2
0x57be	0x57b0B0x137c
0x57be	0x57b0B0x15e2
0x57bf	0x57b0B0x137c
0x57bf	0x57b0B0x15e2
0x57c6	0x57c3B0x137c
0x57c6	0x57c3B0x15e2
0x5a56	0x5a55B0x467aB0x464aB0x381f
0x5a56	0x5a55B0x467aB0x3ca2B0x3c13
0x5a56	0x5a55B0x467aB0x3ca2B0x382e
0x5a56	0x5a55B0x467aB0x3ca2B0x2dfdB0x232fB0x137c
0x5a56	0x5a55B0x467aB0x3ca2B0x3eeaB0x232fB0x137c
0x5a56	0x5a55B0x467aB0x464aB0x40c3B0x232fB0x137c
0x5a56	0x5a55B0x467aB0x3ca2B0x2dfdB0x232fB0x15e2
0x5a56	0x5a55B0x467aB0x3ca2B0x3eeaB0x232fB0x15e2
0x5a56	0x5a55B0x467aB0x464aB0x40c3B0x232fB0x15e2
0x5a59	0x5a55B0x467aB0x464aB0x381f
0x5a59	0x5a55B0x467aB0x3ca2B0x3c13
0x5a59	0x5a55B0x467aB0x3ca2B0x382e
0x5a59	0x5a55B0x467aB0x3ca2B0x2dfdB0x232fB0x137c
0x5a59	0x5a55B0x467aB0x3ca2B0x3eeaB0x232fB0x137c
0x5a59	0x5a55B0x467aB0x464aB0x40c3B0x232fB0x137c
0x5a59	0x5a55B0x467aB0x3ca2B0x2dfdB0x232fB0x15e2
0x5a59	0x5a55B0x467aB0x3ca2B0x3eeaB0x232fB0x15e2
0x5a59	0x5a55B0x467aB0x464aB0x40c3B0x232fB0x15e2
0x5a5a	0x5a55B0x467aB0x464aB0x381f
0x5a5a	0x5a55B0x467aB0x3ca2B0x3c13
0x5a5a	0x5a55B0x467aB0x3ca2B0x382e
0x5a5a	0x5a55B0x467aB0x3ca2B0x2dfdB0x232fB0x137c
0x5a5a	0x5a55B0x467aB0x3ca2B0x3eeaB0x232fB0x137c
0x5a5a	0x5a55B0x467aB0x464aB0x40c3B0x232fB0x137c
0x5a5a	0x5a55B0x467aB0x3ca2B0x2dfdB0x232fB0x15e2
0x5a5a	0x5a55B0x467aB0x3ca2B0x3eeaB0x232fB0x15e2
0x5a5a	0x5a55B0x467aB0x464aB0x40c3B0x232fB0x15e2
0x5a5f	0x5a55B0x467aB0x464aB0x381f
0x5a5f	0x5a55B0x467aB0x3ca2B0x3c13
0x5a5f	0x5a55B0x467aB0x3ca2B0x382e
0x5a5f	0x5a55B0x467aB0x3ca2B0x2dfdB0x232fB0x137c
0x5a5f	0x5a55B0x467aB0x3ca2B0x3eeaB0x232fB0x137c
0x5a5f	0x5a55B0x467aB0x464aB0x40c3B0x232fB0x137c
0x5a5f	0x5a55B0x467aB0x3ca2B0x2dfdB0x232fB0x15e2
0x5a5f	0x5a55B0x467aB0x3ca2B0x3eeaB0x232fB0x15e2
0x5a5f	0x5a55B0x467aB0x464aB0x40c3B0x232fB0x15e2
0x5a62	0x5a55B0x467aB0x464aB0x381f
0x5a62	0x5a55B0x467aB0x3ca2B0x3c13
0x5a62	0x5a55B0x467aB0x3ca2B0x382e
0x5a62	0x5a55B0x467aB0x3ca2B0x2dfdB0x232fB0x137c
0x5a62	0x5a55B0x467aB0x3ca2B0x3eeaB0x232fB0x137c
0x5a62	0x5a55B0x467aB0x464aB0x40c3B0x232fB0x137c
0x5a62	0x5a55B0x467aB0x3ca2B0x2dfdB0x232fB0x15e2
0x5a62	0x5a55B0x467aB0x3ca2B0x3eeaB0x232fB0x15e2
0x5a62	0x5a55B0x467aB0x464aB0x40c3B0x232fB0x15e2
0x5a63	0x5a55B0x467aB0x464aB0x381f
0x5a63	0x5a55B0x467aB0x3ca2B0x3c13
0x5a63	0x5a55B0x467aB0x3ca2B0x382e
0x5a63	0x5a55B0x467aB0x3ca2B0x2dfdB0x232fB0x137c
0x5a63	0x5a55B0x467aB0x3ca2B0x3eeaB0x232fB0x137c
0x5a63	0x5a55B0x467aB0x464aB0x40c3B0x232fB0x137c
0x5a63	0x5a55B0x467aB0x3ca2B0x2dfdB0x232fB0x15e2
0x5a63	0x5a55B0x467aB0x3ca2B0x3eeaB0x232fB0x15e2
0x5a63	0x5a55B0x467aB0x464aB0x40c3B0x232fB0x15e2
0x5a6b	0x5a67B0x467aB0x464aB0x381f
0x5a6b	0x5a67B0x467aB0x3ca2B0x3c13
0x5a6b	0x5a67B0x467aB0x3ca2B0x382e
0x5a6b	0x5a67B0x467aB0x3ca2B0x2dfdB0x232fB0x137c
0x5a6b	0x5a67B0x467aB0x3ca2B0x3eeaB0x232fB0x137c
0x5a6b	0x5a67B0x467aB0x464aB0x40c3B0x232fB0x137c
0x5a6b	0x5a67B0x467aB0x3ca2B0x2dfdB0x232fB0x15e2
0x5a6b	0x5a67B0x467aB0x3ca2B0x3eeaB0x232fB0x15e2
0x5a6b	0x5a67B0x467aB0x464aB0x40c3B0x232fB0x15e2
0xb595	0xb594B0x650
0xb59a	0xb594B0x650
0xb59c	0xb594B0x650
0xb59d	0xb594B0x650
0xb5a0	0xb594B0x650
0xb5a2	0xb594B0x650
0xb5a5	0xb594B0x650
0xb5a7	0xb594B0x650
0xb5ca	0xb5c9B0x650
0xb5cf	0xb5c9B0x650
0xb5d1	0xb5c9B0x650
0xb5d2	0xb5c9B0x650
0xb5d5	0xb5c9B0x650
0xb5d7	0xb5c9B0x650
0xb5da	0xb5c9B0x650
0xb5dc	0xb5c9B0x650
0xb5ff	0xb5feB0x650
0xb604	0xb5feB0x650
0xb606	0xb5feB0x650
0xb607	0xb5feB0x650
0xb60a	0xb5feB0x650
0xb60c	0xb5feB0x650
0xb60f	0xb5feB0x650
0xb611	0xb5feB0x650
0xb634	0xb633B0x650
0xb639	0xb633B0x650
0xb63b	0xb633B0x650
0xb63c	0xb633B0x650
0xb63f	0xb633B0x650
0xb641	0xb633B0x650
0xb644	0xb633B0x650
0xb646	0xb633B0x650
0xb7f9	0xb7f8B0x137c
0xb7f9	0xb7f8B0x15e2
0xb7fe	0xb7f8B0x137c
0xb7fe	0xb7f8B0x15e2
0xb800	0xb7f8B0x137c
0xb800	0xb7f8B0x15e2
0xb801	0xb7f8B0x137c
0xb801	0xb7f8B0x15e2
0xb804	0xb7f8B0x137c
0xb804	0xb7f8B0x15e2
0xb806	0xb7f8B0x137c
0xb806	0xb7f8B0x15e2
0xb809	0xb7f8B0x137c
0xb809	0xb7f8B0x15e2
0xb80b	0xb7f8B0x137c
0xb80b	0xb7f8B0x15e2
0xb82e	0xb82dB0x137c
0xb82e	0xb82dB0x15e2
0xb833	0xb82dB0x137c
0xb833	0xb82dB0x15e2
0xb835	0xb82dB0x137c
0xb835	0xb82dB0x15e2
0xb836	0xb82dB0x137c
0xb836	0xb82dB0x15e2
0xb839	0xb82dB0x137c
0xb839	0xb82dB0x15e2
0xb83b	0xb82dB0x137c
0xb83b	0xb82dB0x15e2
0xb83e	0xb82dB0x137c
0xb83e	0xb82dB0x15e2
0xb840	0xb82dB0x137c
0xb840	0xb82dB0x15e2
0xb863	0xb862B0x137c
0xb863	0xb862B0x15e2
0xb868	0xb862B0x137c
0xb868	0xb862B0x15e2
0xb86a	0xb862B0x137c
0xb86a	0xb862B0x15e2
0xb86b	0xb862B0x137c
0xb86b	0xb862B0x15e2
0xb86e	0xb862B0x137c
0xb86e	0xb862B0x15e2
0xb870	0xb862B0x137c
0xb870	0xb862B0x15e2
0xb873	0xb862B0x137c
0xb873	0xb862B0x15e2
0xb875	0xb862B0x137c
0xb875	0xb862B0x15e2
0xb898	0xb897B0x137c
0xb898	0xb897B0x15e2
0xb89d	0xb897B0x137c
0xb89d	0xb897B0x15e2
0xb89f	0xb897B0x137c
0xb89f	0xb897B0x15e2
0xb8a0	0xb897B0x137c
0xb8a0	0xb897B0x15e2
0xb8a3	0xb897B0x137c
0xb8a3	0xb897B0x15e2
0xb8a5	0xb897B0x137c
0xb8a5	0xb897B0x15e2
0xb8a8	0xb897B0x137c
0xb8a8	0xb897B0x15e2
0xb8aa	0xb897B0x137c
0xb8aa	0xb897B0x15e2
0xb8cd	0xb8ccB0x137c
0xb8cd	0xb8ccB0x15e2
0xb8d2	0xb8ccB0x137c
0xb8d2	0xb8ccB0x15e2
0xb8d4	0xb8ccB0x137c
0xb8d4	0xb8ccB0x15e2
0xb8d5	0xb8ccB0x137c
0xb8d5	0xb8ccB0x15e2
0xb8d8	0xb8ccB0x137c
0xb8d8	0xb8ccB0x15e2
0xb8da	0xb8ccB0x137c
0xb8da	0xb8ccB0x15e2
0xb8dd	0xb8ccB0x137c
0xb8dd	0xb8ccB0x15e2
0xb8df	0xb8ccB0x137c
0xb8df	0xb8ccB0x15e2
0xb902	0xb901B0x137c
0xb902	0xb901B0x15e2
0xb907	0xb901B0x137c
0xb907	0xb901B0x15e2
0xb909	0xb901B0x137c
0xb909	0xb901B0x15e2
0xb90a	0xb901B0x137c
0xb90a	0xb901B0x15e2
0xb90d	0xb901B0x137c
0xb90d	0xb901B0x15e2
0xb90f	0xb901B0x137c
0xb90f	0xb901B0x15e2
0xb912	0xb901B0x137c
0xb912	0xb901B0x15e2
0xb914	0xb901B0x137c
0xb914	0xb901B0x15e2
0xb937	0xb936B0x137c
0xb937	0xb936B0x15e2
0xb93c	0xb936B0x137c
0xb93c	0xb936B0x15e2
0xb93e	0xb936B0x137c
0xb93e	0xb936B0x15e2
0xb93f	0xb936B0x137c
0xb93f	0xb936B0x15e2
0xb942	0xb936B0x137c
0xb942	0xb936B0x15e2
0xb944	0xb936B0x137c
0xb944	0xb936B0x15e2
0xb947	0xb936B0x137c
0xb947	0xb936B0x15e2
0xb949	0xb936B0x137c
0xb949	0xb936B0x15e2
0xb96c	0xb96bB0x137c
0xb96c	0xb96bB0x15e2
0xb971	0xb96bB0x137c
0xb971	0xb96bB0x15e2
0xb973	0xb96bB0x137c
0xb973	0xb96bB0x15e2
0xb974	0xb96bB0x137c
0xb974	0xb96bB0x15e2
0xb977	0xb96bB0x137c
0xb977	0xb96bB0x15e2
0xb979	0xb96bB0x137c
0xb979	0xb96bB0x15e2
0xb97c	0xb96bB0x137c
0xb97c	0xb96bB0x15e2
0xb97e	0xb96bB0x137c
0xb97e	0xb96bB0x15e2
0xba68	0xba67B0x15c7
0xba6a	0xba67B0x15c7
0xba6d	0xba67B0x15c7
0xba90	0xba8fB0x15c7
0xba92	0xba8fB0x15c7
0xba95	0xba8fB0x15c7
0xbca3	0xbca2B0x137c
0xbca3	0xbca2B0x15e2
0xbca8	0xbca2B0x137c
0xbca8	0xbca2B0x15e2
0xbcaa	0xbca2B0x137c
0xbcaa	0xbca2B0x15e2
0xbcab	0xbca2B0x137c
0xbcab	0xbca2B0x15e2
0xbcae	0xbca2B0x137c
0xbcae	0xbca2B0x15e2
0xbcb0	0xbca2B0x137c
0xbcb0	0xbca2B0x15e2
0xbcb3	0xbca2B0x137c
0xbcb3	0xbca2B0x15e2
0xbcb5	0xbca2B0x137c
0xbcb5	0xbca2B0x15e2
0xbcd8	0xbcd7B0x137c
0xbcd8	0xbcd7B0x15e2
0xbcda	0xbcd7B0x137c
0xbcda	0xbcd7B0x15e2
0xbcdd	0xbcd7B0x137c
0xbcdd	0xbcd7B0x15e2
0xbd00	0xbcffB0x137c
0xbd00	0xbcffB0x15e2
0xbd02	0xbcffB0x137c
0xbd02	0xbcffB0x15e2
0xbd05	0xbcffB0x137c
0xbd05	0xbcffB0x15e2
0xc143	0xc142B0x137c
0xc143	0xc142B0x15e2
0xc148	0xc142B0x137c
0xc148	0xc142B0x15e2
0xc14a	0xc142B0x137c
0xc14a	0xc142B0x15e2
0xc14b	0xc142B0x137c
0xc14b	0xc142B0x15e2
0xc14e	0xc142B0x137c
0xc14e	0xc142B0x15e2
0xc150	0xc142B0x137c
0xc150	0xc142B0x15e2
0xc153	0xc142B0x137c
0xc153	0xc142B0x15e2
0xc155	0xc142B0x137c
0xc155	0xc142B0x15e2
0x1e230	0xc5fB0x650
0x20a30	0x1860B0x137c
0x20a30	0x1860B0x15e2
0x21430	0x1899B0x137c
0x21430	0x1899B0x15e2
0x21e30	0x192cB0x137c
0x21e30	0x192cB0x15e2
0x22830	0x1aa9B0x137c
0x22830	0x1aa9B0x15e2
0x26e30	0x2560B0x137c
0x26e30	0x2560B0x15e2
0x27830	0x289aB0x137c
0x27830	0x289aB0x15e2
0x3a430	0x47b3B0x467aB0x464aB0x381f
0x3a430	0x47b3B0x467aB0x3ca2B0x3c13
0x3a430	0x47b3B0x467aB0x3ca2B0x382e
0x3a430	0x47b3B0x467aB0x3ca2B0x2dfdB0x232fB0x137c
0x3a430	0x47b3B0x467aB0x3ca2B0x3eeaB0x232fB0x137c
0x3a430	0x47b3B0x467aB0x464aB0x40c3B0x232fB0x137c
0x3a430	0x47b3B0x467aB0x3ca2B0x2dfdB0x232fB0x15e2
0x3a430	0x47b3B0x467aB0x3ca2B0x3eeaB0x232fB0x15e2
0x3a430	0x47b3B0x467aB0x464aB0x40c3B0x232fB0x15e2
0xffa1f	0xffa1eB0x137c
0xffa1f	0xffa1eB0x15e2
0xffa21	0xffa1eB0x137c
0xffa21	0xffa1eB0x15e2
0xffa24	0xffa1eB0x137c
0xffa24	0xffa1eB0x15e2
0xffc38	0xffc35B0x137c
0xffc38	0xffc35B0x15e2
0xffc89	0xffc86B0x137c
0xffc89	0xffc86B0x15e2
0x1003d1	0x1003d0B0x137c
0x1003d1	0x1003d0B0x15e2
0x1009d4	0x1009d1B0x137c
0x1009d4	0x1009d1B0x15e2
0x1a8a	0x1a7fB0x137c
0x1a8a	0x1a7fB0x15e2
0x23d6	0x23c6B0x137c
0x23d6	0x23c6B0x15e2
0x25bf	0x25afB0x137c
0x25bf	0x25afB0x15e2
0x26d9	0x26c9B0x137c
0x26d9	0x26c9B0x15e2
0x2421	0x23f1B0x137c
0x2421	0x23f1B0x15e2
0x260a	0x25daB0x137c
0x260a	0x25daB0x15e2
0x2726	0x26f5B0x137c
0x2726	0x26f5B0x15e2
0xd5b	0xd4aB0x650
0x1c29	0x1c21B0x137c
0x1c29	0x1c21B0x15e2
0x18e2	0x18cfB0x137c
0x18e2	0x18cfB0x15e2
0x23c5	0x23b1B0x137c
0x23c5	0x23b1B0x15e2
0x25ae	0x259aB0x137c
0x25ae	0x259aB0x15e2
0x1e21	0x1dfcB0x15c7
0x23f0	0x23d7B0x137c
0x23f0	0x23d7B0x15e2
0x25d9	0x25c0B0x137c
0x25d9	0x25c0B0x15e2
0x26f4	0x26daB0x137c
0x26f4	0x26daB0x15e2
0x47c8	0x47b8B0x467aB0x464aB0x381f
0x47c8	0x47b8B0x467aB0x3ca2B0x3c13
0x47c8	0x47b8B0x467aB0x3ca2B0x382e
0x47c8	0x47b8B0x467aB0x3ca2B0x2dfdB0x232fB0x137c
0x47c8	0x47b8B0x467aB0x3ca2B0x3eeaB0x232fB0x137c
0x47c8	0x47b8B0x467aB0x464aB0x40c3B0x232fB0x137c
0x47c8	0x47b8B0x467aB0x3ca2B0x2dfdB0x232fB0x15e2
0x47c8	0x47b8B0x467aB0x3ca2B0x3eeaB0x232fB0x15e2
0x47c8	0x47b8B0x467aB0x464aB0x40c3B0x232fB0x15e2
0x1ad7	0x1ab5B0x137c
0x1ad7	0x1ab5B0x15e2
0x1e79	0x1e6bB0x15c7
0x235b	0x232fB0x137c
0x235b	0x232fB0x15e2
0x19d7	0x19c0B0x137c
0x19d7	0x19c0B0x15e2
0x502f	0x501dB0x650
0x54a3	0x5491B0x137c
0x54a3	0x5491B0x15e2
0x5749	0x5741B0x137c
0x5749	0x5741B0x15e2
0x5761	0x574aB0x137c
0x5761	0x574aB0x15e2
0x5772	0x5762B0x137c
0x5772	0x5762B0x15e2
0x5783	0x5773B0x137c
0x5783	0x5773B0x15e2
0x57c2	0x57b0B0x137c
0x57c2	0x57b0B0x15e2
0x1a7e	0x1a5bB0x137c
0x1a7e	0x1a5bB0x15e2
0x1b76	0x1b53B0x137c
0x1b76	0x1b53B0x15e2
0x1e6a	0x1e55B0x15c7
0x579e	0x5784B0x137c
0x579e	0x5784B0x15e2
0x57af	0x579fB0x137c
0x57af	0x579fB0x15e2
0x1ef0	0x1ec7B0x15c7
0x1db2	0x1da7B0x15c7
0x18c0	0x18afB0x137c
0x18c0	0x18afB0x15e2
0x191d	0x190cB0x137c
0x191d	0x190cB0x15e2
0x1999	0x1988B0x137c
0x1999	0x1988B0x15e2
0x18ce	0x18c1B0x137c
0x18ce	0x18c1B0x15e2
0x192b	0x191eB0x137c
0x192b	0x191eB0x15e2
0x18fc	0x18f0B0x137c
0x18fc	0x18f0B0x15e2
0x249c	0x2449B0x137c
0x249c	0x2449B0x15e2
0x2685	0x2632B0x137c
0x2685	0x2632B0x15e2
0x24df	0x24bcB0x137c
0x24df	0x24bcB0x15e2
0x2818	0x27f5B0x137c
0x2818	0x27f5B0x15e2
0x7c3	0x7b9B0x2a6
0x856	0x83cB0x390
0x860	0x857B0x390
0x8ef	0x8e5B0x3e8
0x8f7	0x8f0B0x3e8
0xb00	0xaf6B0x4e6
0xb08	0xb01B0x4e6
0xc5e	0xc35B0x650
0x10b8	0x109eB0x6f8
0x10c2	0x10b9B0x6f8
0x11d6	0x11ceB0x2a6
0x185f	0x1852B0x137c
0x185f	0x1852B0x15e2
0x1c17	0x1bf1B0x137c
0x1c17	0x1bf1B0x15e2
0x2448	0x2422B0x137c
0x2448	0x2422B0x15e2
0x2631	0x260bB0x137c
0x2631	0x260bB0x15e2
0x274d	0x2727B0x137c
0x274d	0x2727B0x15e2
0x5568	0x552dB0x15c7
0x5a66	0x5a55B0x467aB0x464aB0x381f
0x5a66	0x5a55B0x467aB0x3ca2B0x3c13
0x5a66	0x5a55B0x467aB0x3ca2B0x382e
0x5a66	0x5a55B0x467aB0x3ca2B0x2dfdB0x232fB0x137c
0x5a66	0x5a55B0x467aB0x3ca2B0x3eeaB0x232fB0x137c
0x5a66	0x5a55B0x467aB0x464aB0x40c3B0x232fB0x137c
0x5a66	0x5a55B0x467aB0x3ca2B0x2dfdB0x232fB0x15e2
0x5a66	0x5a55B0x467aB0x3ca2B0x3eeaB0x232fB0x15e2
0x5a66	0x5a55B0x467aB0x464aB0x40c3B0x232fB0x15e2
0x7cc	0x7c4B0x2a6
0xc7f	0xc79B0x650
0xca6	0xca0B0x650
0xd0f	0xd09B0x650
0xd2e	0xd28B0x650
0xd49	0xd2fB0x650
0xd62	0xd5cB0x650
0x11f8	0x11d7B0x2a6
0x18ae	0x18a8B0x137c
0x18ae	0x18a8B0x15e2
0x18ef	0x18eaB0x137c
0x18ef	0x18eaB0x15e2
0x190b	0x1905B0x137c
0x190b	0x1905B0x15e2
0x1946	0x1940B0x137c
0x1946	0x1940B0x15e2
0x1954	0x1947B0x137c
0x1954	0x1947B0x15e2
0x1973	0x196dB0x137c
0x1973	0x196dB0x15e2
0x1987	0x1981B0x137c
0x1987	0x1981B0x15e2
0x19aa	0x199aB0x137c
0x19aa	0x199aB0x15e2
0x19ef	0x19e9B0x137c
0x19ef	0x19e9B0x15e2
0x1aa8	0x1aa2B0x137c
0x1aa8	0x1aa2B0x15e2
0x1bac	0x1b77B0x137c
0x1bac	0x1b77B0x15e2
0x1bf0	0x1beaB0x137c
0x1bf0	0x1beaB0x15e2
0x1c20	0x1c18B0x137c
0x1c20	0x1c18B0x15e2
0x1c30	0x1c2aB0x137c
0x1c30	0x1c2aB0x15e2
0x1dfb	0x1db3B0x15c7
0x1e54	0x1e22B0x15c7
0x1ec6	0x1e89B0x15c7
0x1f4e	0x1ef6B0x15c7
0x2379	0x2373B0x137c
0x2379	0x2373B0x15e2
0x255f	0x251dB0x137c
0x255f	0x251dB0x15e2
0x26c8	0x26b4B0x137c
0x26c8	0x26b4B0x15e2
0x2899	0x2857B0x137c
0x2899	0x2857B0x15e2
0x4775	0x474fB0x467aB0x464aB0x381f
0x4775	0x474fB0x467aB0x3ca2B0x3c13
0x4775	0x474fB0x467aB0x3ca2B0x382e
0x4775	0x474fB0x467aB0x3ca2B0x2dfdB0x232fB0x137c
0x4775	0x474fB0x467aB0x3ca2B0x3eeaB0x232fB0x137c
0x4775	0x474fB0x467aB0x464aB0x40c3B0x232fB0x137c
0x4775	0x474fB0x467aB0x3ca2B0x2dfdB0x232fB0x15e2
0x4775	0x474fB0x467aB0x3ca2B0x3eeaB0x232fB0x15e2
0x4775	0x474fB0x467aB0x464aB0x40c3B0x232fB0x15e2
0x47b2	0x4792B0x467aB0x464aB0x381f
0x47b2	0x4792B0x467aB0x3ca2B0x3c13
0x47b2	0x4792B0x467aB0x3ca2B0x382e
0x47b2	0x4792B0x467aB0x3ca2B0x2dfdB0x232fB0x137c
0x47b2	0x4792B0x467aB0x3ca2B0x3eeaB0x232fB0x137c
0x47b2	0x4792B0x467aB0x464aB0x40c3B0x232fB0x137c
0x47b2	0x4792B0x467aB0x3ca2B0x2dfdB0x232fB0x15e2
0x47b2	0x4792B0x467aB0x3ca2B0x3eeaB0x232fB0x15e2
0x47b2	0x4792B0x467aB0x464aB0x40c3B0x232fB0x15e2
0x47d3	0x47c9B0x467aB0x464aB0x381f
0x47d3	0x47c9B0x467aB0x3ca2B0x3c13
0x47d3	0x47c9B0x467aB0x3ca2B0x382e
0x47d3	0x47c9B0x467aB0x3ca2B0x2dfdB0x232fB0x137c
0x47d3	0x47c9B0x467aB0x3ca2B0x3eeaB0x232fB0x137c
0x47d3	0x47c9B0x467aB0x464aB0x40c3B0x232fB0x137c
0x47d3	0x47c9B0x467aB0x3ca2B0x2dfdB0x232fB0x15e2
0x47d3	0x47c9B0x467aB0x3ca2B0x3eeaB0x232fB0x15e2
0x47d3	0x47c9B0x467aB0x464aB0x40c3B0x232fB0x15e2
0x4a8b	0x4a85B0x137c
0x4a8b	0x4a85B0x15e2
0x5046	0x5030B0x650
0x534e	0x5310B0x137c
0x534e	0x5310B0x15e2
0x54d5	0x54a4B0x137c
0x54d5	0x54a4B0x15e2
0x5585	0x5569B0x15c7
0x5740	0x5739B0x137c
0x5740	0x5739B0x15e2
0x57cd	0x57c3B0x137c
0x57cd	0x57c3B0x15e2
0x5a70	0x5a67B0x467aB0x464aB0x381f
0x5a70	0x5a67B0x467aB0x3ca2B0x3c13
0x5a70	0x5a67B0x467aB0x3ca2B0x382e
0x5a70	0x5a67B0x467aB0x3ca2B0x2dfdB0x232fB0x137c
0x5a70	0x5a67B0x467aB0x3ca2B0x3eeaB0x232fB0x137c
0x5a70	0x5a67B0x467aB0x464aB0x40c3B0x232fB0x137c
0x5a70	0x5a67B0x467aB0x3ca2B0x2dfdB0x232fB0x15e2
0x5a70	0x5a67B0x467aB0x3ca2B0x3eeaB0x232fB0x15e2
0x5a70	0x5a67B0x467aB0x464aB0x40c3B0x232fB0x15e2
0x1e250	0xc5fB0x650
0x20a50	0x1860B0x137c
0x20a50	0x1860B0x15e2
0x21450	0x1899B0x137c
0x21450	0x1899B0x15e2
0x21e50	0x192cB0x137c
0x21e50	0x192cB0x15e2
0x22850	0x1aa9B0x137c
0x22850	0x1aa9B0x15e2
0x26e50	0x2560B0x137c
0x26e50	0x2560B0x15e2
0x27850	0x289aB0x137c
0x27850	0x289aB0x15e2
0x3a450	0x47b3B0x467aB0x464aB0x381f
0x3a450	0x47b3B0x467aB0x3ca2B0x3c13
0x3a450	0x47b3B0x467aB0x3ca2B0x382e
0x3a450	0x47b3B0x467aB0x3ca2B0x2dfdB0x232fB0x137c
0x3a450	0x47b3B0x467aB0x3ca2B0x3eeaB0x232fB0x137c
0x3a450	0x47b3B0x467aB0x464aB0x40c3B0x232fB0x137c
0x3a450	0x47b3B0x467aB0x3ca2B0x2dfdB0x232fB0x15e2
0x3a450	0x47b3B0x467aB0x3ca2B0x3eeaB0x232fB0x15e2
0x3a450	0x47b3B0x467aB0x464aB0x40c3B0x232fB0x15e2
0xffc15	0xffc0aB0x137c
0xffc15	0xffc0aB0x15e2
0xffc3b	0xffc35B0x137c
0xffc3b	0xffc35B0x15e2
0xffc8c	0xffc86B0x137c
0xffc8c	0xffc86B0x15e2
0x1003d5	0x1003d0B0x137c
0x1003d5	0x1003d0B0x15e2
0x1009d7	0x1009d1B0x137c
0x1009d7	0x1009d1B0x15e2
0x100a02	0x1009f7B0x137c
0x100a02	0x1009f7B0x15e2
0x1010db	0x1010d0B0x137c
0x1010db	0x1010d0B0x15e2
0x101106	0x1010fbB0x137c
0x101106	0x1010fbB0x15e2
0x101342	0x101337B0x137c
0x101342	0x101337B0x15e2
0xc6c	0xc64B0x650
0xc78	0xc6dB0x650
0xc9f	0xc80B0x650
0xd08	0xca7B0x650
0xd27	0xd10B0x650
0x1889	0x1881B0x137c
0x1889	0x1881B0x15e2
0x1898	0x188aB0x137c
0x1898	0x188aB0x15e2
0x18a7	0x189dB0x137c
0x18a7	0x189dB0x15e2
0x18e9	0x18e3B0x137c
0x18e9	0x18e3B0x15e2
0x1904	0x18fdB0x137c
0x1904	0x18fdB0x15e2
0x193f	0x1935B0x137c
0x193f	0x1935B0x15e2
0x196c	0x1955B0x137c
0x196c	0x1955B0x15e2
0x1980	0x1974B0x137c
0x1980	0x1974B0x15e2
0x19bf	0x19abB0x137c
0x19bf	0x19abB0x15e2
0x19e8	0x19d8B0x137c
0x19e8	0x19d8B0x15e2
0x19f5	0x19f0B0x137c
0x19f5	0x19f0B0x15e2
0x1a04	0x19f6B0x137c
0x1a04	0x19f6B0x15e2
0x1a51	0x1a05B0x137c
0x1a51	0x1a05B0x15e2
0x1a96	0x1a8bB0x137c
0x1a96	0x1a8bB0x15e2
0x1aa1	0x1a97B0x137c
0x1aa1	0x1a97B0x15e2
0x1b49	0x1ad8B0x137c
0x1b49	0x1ad8B0x15e2
0x1bc2	0x1badB0x137c
0x1bc2	0x1badB0x15e2
0x1bd1	0x1bc7B0x137c
0x1bd1	0x1bc7B0x15e2
0x1be9	0x1bdbB0x137c
0x1be9	0x1bdbB0x15e2
0x1e88	0x1e7aB0x15c7
0x1ef5	0x1ef1B0x15c7
0x2372	0x235cB0x137c
0x2372	0x235cB0x15e2
0x237f	0x237aB0x137c
0x237f	0x237aB0x15e2
0x23b0	0x2380B0x137c
0x23b0	0x2380B0x15e2
0x24b2	0x249dB0x137c
0x24b2	0x249dB0x15e2
0x250a	0x24e0B0x137c
0x250a	0x24e0B0x15e2
0x251c	0x250bB0x137c
0x251c	0x250bB0x15e2
0x2599	0x256cB0x137c
0x2599	0x256cB0x15e2
0x26b3	0x2686B0x137c
0x26b3	0x2686B0x15e2
0x27eb	0x274eB0x137c
0x27eb	0x274eB0x15e2
0x2844	0x2819B0x137c
0x2844	0x2819B0x15e2
0x2856	0x2845B0x137c
0x2856	0x2845B0x15e2
0x4791	0x4776B0x467aB0x464aB0x381f
0x4791	0x4776B0x467aB0x3ca2B0x3c13
0x4791	0x4776B0x467aB0x3ca2B0x382e
0x4791	0x4776B0x467aB0x3ca2B0x2dfdB0x232fB0x137c
0x4791	0x4776B0x467aB0x3ca2B0x3eeaB0x232fB0x137c
0x4791	0x4776B0x467aB0x464aB0x40c3B0x232fB0x137c
0x4791	0x4776B0x467aB0x3ca2B0x2dfdB0x232fB0x15e2
0x4791	0x4776B0x467aB0x3ca2B0x3eeaB0x232fB0x15e2
0x4791	0x4776B0x467aB0x464aB0x40c3B0x232fB0x15e2
0x4a84	0x4a69B0x137c
0x4a84	0x4a69B0x15e2
0x5734	0x5726B0x137c
0x5734	0x5726B0x15e2
0x1f59	0x1f4fB0x15c7
0xff15f	0xff15cB0x2a6
0xff22b	0xff227B0x390
0xff270	0xff26eB0x3e8
0xff3f8	0xff3f6B0x4e6
0xff536	0xff531B0x650
0xff5b7	0xff5b3B0x6f8
0xff9fe	0xff9f1B0x137c
0xff9fe	0xff9f1B0x15e2
0xffa53	0xffa46B0x137c
0xffa53	0xffa46B0x15e2
0xffa80	0xffa73B0x137c
0xffa80	0xffa73B0x15e2
0x100158	0x100151B0x467aB0x464aB0x381f
0x100158	0x100151B0x467aB0x3ca2B0x3c13
0x100158	0x100151B0x467aB0x3ca2B0x382e
0x100158	0x100151B0x467aB0x3ca2B0x2dfdB0x232fB0x137c
0x100158	0x100151B0x467aB0x3ca2B0x3eeaB0x232fB0x137c
0x100158	0x100151B0x467aB0x464aB0x40c3B0x232fB0x137c
0x100158	0x100151B0x467aB0x3ca2B0x2dfdB0x232fB0x15e2
0x100158	0x100151B0x467aB0x3ca2B0x3eeaB0x232fB0x15e2
0x100158	0x100151B0x467aB0x464aB0x40c3B0x232fB0x15e2
0xd52	0xd4aB0x650
0x1a5a	0x1a52B0x137c
0x1a5a	0x1a52B0x15e2
0x1b52	0x1b4aB0x137c
0x1b52	0x1b4aB0x15e2
0x1bc6	0x1bc3B0x137c
0x1bc6	0x1bc3B0x15e2
0x1bda	0x1bd2B0x137c
0x1bda	0x1bd2B0x15e2
0x24bb	0x24b3B0x137c
0x24bb	0x24b3B0x15e2
0x27f4	0x27ecB0x137c
0x27f4	0x27ecB0x15e2
0x5738	0x5735B0x137c
0x5738	0x5735B0x15e2
0xb5a9	0xb594B0x650
0xb5de	0xb5c9B0x650
0xb613	0xb5feB0x650
0xb648	0xb633B0x650
0xb80d	0xb7f8B0x137c
0xb80d	0xb7f8B0x15e2
0xb842	0xb82dB0x137c
0xb842	0xb82dB0x15e2
0xb877	0xb862B0x137c
0xb877	0xb862B0x15e2
0xb8ac	0xb897B0x137c
0xb8ac	0xb897B0x15e2
0xb8e1	0xb8ccB0x137c
0xb8e1	0xb8ccB0x15e2
0xb916	0xb901B0x137c
0xb916	0xb901B0x15e2
0xb94b	0xb936B0x137c
0xb94b	0xb936B0x15e2
0xb980	0xb96bB0x137c
0xb980	0xb96bB0x15e2
0xba6f	0xba67B0x15c7
0xba97	0xba8fB0x15c7
0xbcb7	0xbca2B0x137c
0xbcb7	0xbca2B0x15e2
0xbcdf	0xbcd7B0x137c
0xbcdf	0xbcd7B0x15e2
0xbd07	0xbcffB0x137c
0xbd07	0xbcffB0x15e2
0xc157	0xc142B0x137c
0xc157	0xc142B0x15e2
0xffa26	0xffa1eB0x137c
0xffa26	0xffa1eB0x15e2
0x5328	0x5310B0x137c
0x5328	0x5310B0x15e2
0x841	0x83cB0x390
0x846	0x83cB0x390
0xcba	0xca7B0x650
0xcc0	0xca7B0x650
0x10a3	0x109eB0x6f8
0x10a8	0x109eB0x6f8
0x186a	0x1860B0x137c
0x186a	0x1860B0x15e2
0x186f	0x1860B0x137c
0x186f	0x1860B0x15e2
0x1876	0x1860B0x137c
0x1876	0x1860B0x15e2
0x187d	0x1860B0x137c
0x187d	0x1860B0x15e2
0x19b6	0x19abB0x137c
0x19b6	0x19abB0x15e2
0x19ba	0x19abB0x137c
0x19ba	0x19abB0x15e2
0x19cb	0x19c0B0x137c
0x19cb	0x19c0B0x15e2
0x1a15	0x1a05B0x137c
0x1a15	0x1a05B0x15e2
0x1a26	0x1a05B0x137c
0x1a26	0x1a05B0x15e2
0x1a71	0x1a5bB0x137c
0x1a71	0x1a5bB0x15e2
0x1ab3	0x1aa9B0x137c
0x1ab3	0x1aa9B0x15e2
0x1ae5	0x1ad8B0x137c
0x1ae5	0x1ad8B0x15e2
0x1ae8	0x1ad8B0x137c
0x1ae8	0x1ad8B0x15e2
0x1b0b	0x1ad8B0x137c
0x1b0b	0x1ad8B0x15e2
0x1b1b	0x1ad8B0x137c
0x1b1b	0x1ad8B0x15e2
0x1b69	0x1b53B0x137c
0x1b69	0x1b53B0x15e2
0x1b84	0x1b77B0x137c
0x1b84	0x1b77B0x15e2
0x1c00	0x1bf1B0x137c
0x1c00	0x1bf1B0x15e2
0x1c06	0x1bf1B0x137c
0x1c06	0x1bf1B0x15e2
0x1e07	0x1dfcB0x15c7
0x1e0b	0x1dfcB0x15c7
0x1e48	0x1e22B0x15c7
0x1e4e	0x1e22B0x15c7
0x1e94	0x1e89B0x15c7
0x1e9b	0x1e89B0x15c7
0x1ea2	0x1e89B0x15c7
0x1ebf	0x1e89B0x15c7
0x1f01	0x1ef6B0x15c7
0x1f08	0x1ef6B0x15c7
0x1f0f	0x1ef6B0x15c7
0x1f35	0x1ef6B0x15c7
0x1f47	0x1ef6B0x15c7
0x233a	0x232fB0x137c
0x233a	0x232fB0x15e2
0x233f	0x232fB0x137c
0x233f	0x232fB0x15e2
0x2346	0x232fB0x137c
0x2346	0x232fB0x15e2
0x234c	0x232fB0x137c
0x234c	0x232fB0x15e2
0x238d	0x2380B0x137c
0x238d	0x2380B0x15e2
0x23a0	0x2380B0x137c
0x23a0	0x2380B0x15e2
0x23a4	0x2380B0x137c
0x23a4	0x2380B0x15e2
0x2403	0x23f1B0x137c
0x2403	0x23f1B0x15e2
0x240a	0x23f1B0x137c
0x240a	0x23f1B0x15e2
0x2412	0x23f1B0x137c
0x2412	0x23f1B0x15e2
0x2430	0x2422B0x137c
0x2430	0x2422B0x15e2
0x248a	0x2449B0x137c
0x248a	0x2449B0x15e2
0x24d2	0x24bcB0x137c
0x24d2	0x24bcB0x15e2
0x24e3	0x24e0B0x137c
0x24e3	0x24e0B0x15e2
0x24f8	0x24e0B0x137c
0x24f8	0x24e0B0x15e2
0x2503	0x24e0B0x137c
0x2503	0x24e0B0x15e2
0x2528	0x251dB0x137c
0x2528	0x251dB0x15e2
0x252f	0x251dB0x137c
0x252f	0x251dB0x15e2
0x2536	0x251dB0x137c
0x2536	0x251dB0x15e2
0x2558	0x251dB0x137c
0x2558	0x251dB0x15e2
0x2579	0x256cB0x137c
0x2579	0x256cB0x15e2
0x2589	0x256cB0x137c
0x2589	0x256cB0x15e2
0x258d	0x256cB0x137c
0x258d	0x256cB0x15e2
0x25ec	0x25daB0x137c
0x25ec	0x25daB0x15e2
0x25f3	0x25daB0x137c
0x25f3	0x25daB0x15e2
0x25fb	0x25daB0x137c
0x25fb	0x25daB0x15e2
0x2619	0x260bB0x137c
0x2619	0x260bB0x15e2
0x2673	0x2632B0x137c
0x2673	0x2632B0x15e2
0x2693	0x2686B0x137c
0x2693	0x2686B0x15e2
0x26a3	0x2686B0x137c
0x26a3	0x2686B0x15e2
0x26a7	0x2686B0x137c
0x26a7	0x2686B0x15e2
0x2708	0x26f5B0x137c
0x2708	0x26f5B0x15e2
0x270f	0x26f5B0x137c
0x270f	0x26f5B0x15e2
0x2717	0x26f5B0x137c
0x2717	0x26f5B0x15e2
0x2735	0x2727B0x137c
0x2735	0x2727B0x15e2
0x2781	0x274eB0x137c
0x2781	0x274eB0x15e2
0x2791	0x274eB0x137c
0x2791	0x274eB0x15e2
0x2799	0x274eB0x137c
0x2799	0x274eB0x15e2
0x27a1	0x274eB0x137c
0x27a1	0x274eB0x15e2
0x27a9	0x274eB0x137c
0x27a9	0x274eB0x15e2
0x27b1	0x274eB0x137c
0x27b1	0x274eB0x15e2
0x27bb	0x274eB0x137c
0x27bb	0x274eB0x15e2
0x27c1	0x274eB0x137c
0x27c1	0x274eB0x15e2
0x27c8	0x274eB0x137c
0x27c8	0x274eB0x15e2
0x280b	0x27f5B0x137c
0x280b	0x27f5B0x15e2
0x281c	0x2819B0x137c
0x281c	0x2819B0x15e2
0x2831	0x2819B0x137c
0x2831	0x2819B0x15e2
0x283d	0x2819B0x137c
0x283d	0x2819B0x15e2
0x2862	0x2857B0x137c
0x2862	0x2857B0x15e2
0x2869	0x2857B0x137c
0x2869	0x2857B0x15e2
0x2870	0x2857B0x137c
0x2870	0x2857B0x15e2
0x2892	0x2857B0x137c
0x2892	0x2857B0x15e2
0x47a3	0x4792B0x467aB0x464aB0x381f
0x47a3	0x4792B0x467aB0x3ca2B0x3c13
0x47a3	0x4792B0x467aB0x3ca2B0x382e
0x47a3	0x4792B0x467aB0x3ca2B0x2dfdB0x232fB0x137c
0x47a3	0x4792B0x467aB0x3ca2B0x3eeaB0x232fB0x137c
0x47a3	0x4792B0x467aB0x464aB0x40c3B0x232fB0x137c
0x47a3	0x4792B0x467aB0x3ca2B0x2dfdB0x232fB0x15e2
0x47a3	0x4792B0x467aB0x3ca2B0x3eeaB0x232fB0x15e2
0x47a3	0x4792B0x467aB0x464aB0x40c3B0x232fB0x15e2
0x47a6	0x4792B0x467aB0x464aB0x381f
0x47a6	0x4792B0x467aB0x3ca2B0x3c13
0x47a6	0x4792B0x467aB0x3ca2B0x382e
0x47a6	0x4792B0x467aB0x3ca2B0x2dfdB0x232fB0x137c
0x47a6	0x4792B0x467aB0x3ca2B0x3eeaB0x232fB0x137c
0x47a6	0x4792B0x467aB0x464aB0x40c3B0x232fB0x137c
0x47a6	0x4792B0x467aB0x3ca2B0x2dfdB0x232fB0x15e2
0x47a6	0x4792B0x467aB0x3ca2B0x3eeaB0x232fB0x15e2
0x47a6	0x4792B0x467aB0x464aB0x40c3B0x232fB0x15e2
0x5021	0x501dB0x650
0x5038	0x5030B0x650
0x5042	0x5030B0x650
0x5321	0x5310B0x137c
0x5321	0x5310B0x15e2
0x5347	0x5310B0x137c
0x5347	0x5310B0x15e2
0x5495	0x5491B0x137c
0x5495	0x5491B0x15e2
0x54b4	0x54a4B0x137c
0x54b4	0x54a4B0x15e2
0x54c5	0x54a4B0x137c
0x54c5	0x54a4B0x15e2
0x54d1	0x54a4B0x137c
0x54d1	0x54a4B0x15e2
0x5530	0x552dB0x15c7
0x5548	0x552dB0x15c7
0x554e	0x552dB0x15c7
0x5554	0x552dB0x15c7
0x5574	0x5569B0x15c7
0x557a	0x5569B0x15c7
0x574c	0x574aB0x137c
0x574c	0x574aB0x15e2
0x5756	0x574aB0x137c
0x5756	0x574aB0x15e2
0x5767	0x5762B0x137c
0x5767	0x5762B0x15e2
0x5778	0x5773B0x137c
0x5778	0x5773B0x15e2
0x5789	0x5784B0x137c
0x5789	0x5784B0x15e2
0x5793	0x5784B0x137c
0x5793	0x5784B0x15e2
0x57a4	0x579fB0x137c
0x57a4	0x579fB0x15e2
0x57b5	0x57b0B0x137c
0x57b5	0x57b0B0x15e2
0x57c7	0x57c3B0x137c
0x57c7	0x57c3B0x15e2
0xb59f	0xb594B0x650
0xb5a4	0xb594B0x650
0xb5d4	0xb5c9B0x650
0xb5d9	0xb5c9B0x650
0xb609	0xb5feB0x650
0xb60e	0xb5feB0x650
0xb63e	0xb633B0x650
0xb643	0xb633B0x650
0xb803	0xb7f8B0x137c
0xb803	0xb7f8B0x15e2
0xb808	0xb7f8B0x137c
0xb808	0xb7f8B0x15e2
0xb838	0xb82dB0x137c
0xb838	0xb82dB0x15e2
0xb83d	0xb82dB0x137c
0xb83d	0xb82dB0x15e2
0xb86d	0xb862B0x137c
0xb86d	0xb862B0x15e2
0xb872	0xb862B0x137c
0xb872	0xb862B0x15e2
0xb8a2	0xb897B0x137c
0xb8a2	0xb897B0x15e2
0xb8a7	0xb897B0x137c
0xb8a7	0xb897B0x15e2
0xb8d7	0xb8ccB0x137c
0xb8d7	0xb8ccB0x15e2
0xb8dc	0xb8ccB0x137c
0xb8dc	0xb8ccB0x15e2
0xb90c	0xb901B0x137c
0xb90c	0xb901B0x15e2
0xb911	0xb901B0x137c
0xb911	0xb901B0x15e2
0xb941	0xb936B0x137c
0xb941	0xb936B0x15e2
0xb946	0xb936B0x137c
0xb946	0xb936B0x15e2
0xb976	0xb96bB0x137c
0xb976	0xb96bB0x15e2
0xb97b	0xb96bB0x137c
0xb97b	0xb96bB0x15e2
0xbcad	0xbca2B0x137c
0xbcad	0xbca2B0x15e2
0xbcb2	0xbca2B0x137c
0xbcb2	0xbca2B0x15e2
0xc14d	0xc142B0x137c
0xc14d	0xc142B0x15e2
0xc152	0xc142B0x137c
0xc152	0xc142B0x15e2
0x1003d3	0x1003d0B0x137c
0x1003d3	0x1003d0B0x15e2
0xcdc	0xca7B0x650
0x11f7	0x11d7B0x2a6
0x1a56	0x1a52B0x137c
0x1a56	0x1a52B0x15e2
0x1b4e	0x1b4aB0x137c
0x1b4e	0x1b4aB0x15e2
0x1bd6	0x1bd2B0x137c
0x1bd6	0x1bd2B0x15e2
0x24b7	0x24b3B0x137c
0x24b7	0x24b3B0x15e2
0x27f0	0x27ecB0x137c
0x27f0	0x27ecB0x15e2
0x47ae	0x4792B0x467aB0x464aB0x381f
0x47ae	0x4792B0x467aB0x3ca2B0x3c13
0x47ae	0x4792B0x467aB0x3ca2B0x382e
0x47ae	0x4792B0x467aB0x3ca2B0x2dfdB0x232fB0x137c
0x47ae	0x4792B0x467aB0x3ca2B0x3eeaB0x232fB0x137c
0x47ae	0x4792B0x467aB0x464aB0x40c3B0x232fB0x137c
0x47ae	0x4792B0x467aB0x3ca2B0x2dfdB0x232fB0x15e2
0x47ae	0x4792B0x467aB0x3ca2B0x3eeaB0x232fB0x15e2
0x47ae	0x4792B0x467aB0x464aB0x40c3B0x232fB0x15e2
0x1899	0x1899B0x137c
0x1899	0x1899B0x15e2
0x1a97	0x1a97B0x137c
0x1a97	0x1a97B0x15e2
0x2380	0x2380B0x137c
0x2380	0x2380B0x15e2
0x8fc	0x8fbB0x3fd
0x8ff	0x8fbB0x3fd
0x900	0x8fbB0x3fd
0x904	0x8fbB0x3fd
0xc08	0xc07B0x5e7
0xc0a	0xc07B0x5e7
0xc0d	0xc07B0x5e7
0xc12	0xc07B0x5e7
0xc15	0xc07B0x5e7
0xc17	0xc07B0x5e7
0xc18	0xc07B0x5e7
0xc1c	0xc07B0x5e7
0x16e4	0x16e3B0x11c4
0x16e9	0x16e3B0x11c4
0x16ee	0x16edB0x11c4
0x16f2	0x16f2B0x11c4
0x16f6	0x16f2B0x11c4
0x16fb	0x16faB0x11c4
0x16ff	0x16faB0x11c4
0x1701	0x16faB0x11c4
0x1706	0x1705B0x11c4
0x1708	0x1705B0x11c4
0x1709	0x1705B0x11c4
0x170b	0x1705B0x11c4
0x170c	0x1705B0x11c4
0x1712	0x1705B0x11c4
0x1717	0x1716B0x11c4
0x171a	0x1716B0x11c4
0x171b	0x1716B0x11c4
0x171d	0x1716B0x11c4
0x1720	0x1716B0x11c4
0x1721	0x1716B0x11c4
0x1728	0x1716B0x11c4
0x172c	0x1716B0x11c4
0x172e	0x1716B0x11c4
0x1731	0x1716B0x11c4
0x1735	0x1716B0x11c4
0x1737	0x1716B0x11c4
0x1738	0x1716B0x11c4
0x2a2e	0x2a2dB0x1dfcB0x15c7
0x2a30	0x2a2dB0x1dfcB0x15c7
0x2a33	0x2a2dB0x1dfcB0x15c7
0x2a36	0x2a2dB0x1dfcB0x15c7
0x2a3c	0x2a3aB0x1dfcB0x15c7
0x2a3e	0x2a3aB0x1dfcB0x15c7
0x2a3f	0x2a3aB0x1dfcB0x15c7
0x2a42	0x2a3aB0x1dfcB0x15c7
0x2a44	0x2a3aB0x1dfcB0x15c7
0x2a47	0x2a3aB0x1dfcB0x15c7
0x2a4a	0x2a3aB0x1dfcB0x15c7
0x2a4f	0x2a3aB0x1dfcB0x15c7
0x2a52	0x2a3aB0x1dfcB0x15c7
0x2a54	0x2a3aB0x1dfcB0x15c7
0x2a57	0x2a3aB0x1dfcB0x15c7
0x35db	0x35daB0x23d7B0x137c
0x35db	0x35daB0x25c0B0x137c
0x35db	0x35daB0x26daB0x137c
0x35db	0x35daB0x2c4aB0x232fB0x137c
0x35db	0x35daB0x320eB0x232fB0x137c
0x35db	0x35daB0x23d7B0x15e2
0x35db	0x35daB0x25c0B0x15e2
0x35db	0x35daB0x26daB0x15e2
0x35db	0x35daB0x2c4aB0x232fB0x15e2
0x35db	0x35daB0x320eB0x232fB0x15e2
0x35de	0x35daB0x23d7B0x137c
0x35de	0x35daB0x25c0B0x137c
0x35de	0x35daB0x26daB0x137c
0x35de	0x35daB0x2c4aB0x232fB0x137c
0x35de	0x35daB0x320eB0x232fB0x137c
0x35de	0x35daB0x23d7B0x15e2
0x35de	0x35daB0x25c0B0x15e2
0x35de	0x35daB0x26daB0x15e2
0x35de	0x35daB0x2c4aB0x232fB0x15e2
0x35de	0x35daB0x320eB0x232fB0x15e2
0x35e0	0x35daB0x23d7B0x137c
0x35e0	0x35daB0x25c0B0x137c
0x35e0	0x35daB0x26daB0x137c
0x35e0	0x35daB0x2c4aB0x232fB0x137c
0x35e0	0x35daB0x320eB0x232fB0x137c
0x35e0	0x35daB0x23d7B0x15e2
0x35e0	0x35daB0x25c0B0x15e2
0x35e0	0x35daB0x26daB0x15e2
0x35e0	0x35daB0x2c4aB0x232fB0x15e2
0x35e0	0x35daB0x320eB0x232fB0x15e2
0x35e2	0x35daB0x23d7B0x137c
0x35e2	0x35daB0x25c0B0x137c
0x35e2	0x35daB0x26daB0x137c
0x35e2	0x35daB0x2c4aB0x232fB0x137c
0x35e2	0x35daB0x320eB0x232fB0x137c
0x35e2	0x35daB0x23d7B0x15e2
0x35e2	0x35daB0x25c0B0x15e2
0x35e2	0x35daB0x26daB0x15e2
0x35e2	0x35daB0x2c4aB0x232fB0x15e2
0x35e2	0x35daB0x320eB0x232fB0x15e2
0x35e4	0x35daB0x23d7B0x137c
0x35e4	0x35daB0x25c0B0x137c
0x35e4	0x35daB0x26daB0x137c
0x35e4	0x35daB0x2c4aB0x232fB0x137c
0x35e4	0x35daB0x320eB0x232fB0x137c
0x35e4	0x35daB0x23d7B0x15e2
0x35e4	0x35daB0x25c0B0x15e2
0x35e4	0x35daB0x26daB0x15e2
0x35e4	0x35daB0x2c4aB0x232fB0x15e2
0x35e4	0x35daB0x320eB0x232fB0x15e2
0x35e5	0x35daB0x23d7B0x137c
0x35e5	0x35daB0x25c0B0x137c
0x35e5	0x35daB0x26daB0x137c
0x35e5	0x35daB0x2c4aB0x232fB0x137c
0x35e5	0x35daB0x320eB0x232fB0x137c
0x35e5	0x35daB0x23d7B0x15e2
0x35e5	0x35daB0x25c0B0x15e2
0x35e5	0x35daB0x26daB0x15e2
0x35e5	0x35daB0x2c4aB0x232fB0x15e2
0x35e5	0x35daB0x320eB0x232fB0x15e2
0x35ea	0x35e9B0x23d7B0x137c
0x35ea	0x35e9B0x25c0B0x137c
0x35ea	0x35e9B0x26daB0x137c
0x35ea	0x35e9B0x2c4aB0x232fB0x137c
0x35ea	0x35e9B0x320eB0x232fB0x137c
0x35ea	0x35e9B0x23d7B0x15e2
0x35ea	0x35e9B0x25c0B0x15e2
0x35ea	0x35e9B0x26daB0x15e2
0x35ea	0x35e9B0x2c4aB0x232fB0x15e2
0x35ea	0x35e9B0x320eB0x232fB0x15e2
0x35f0	0x35eeB0x23d7B0x137c
0x35f0	0x35eeB0x25c0B0x137c
0x35f0	0x35eeB0x26daB0x137c
0x35f0	0x35eeB0x2c4aB0x232fB0x137c
0x35f0	0x35eeB0x320eB0x232fB0x137c
0x35f0	0x35eeB0x23d7B0x15e2
0x35f0	0x35eeB0x25c0B0x15e2
0x35f0	0x35eeB0x26daB0x15e2
0x35f0	0x35eeB0x2c4aB0x232fB0x15e2
0x35f0	0x35eeB0x320eB0x232fB0x15e2
0x35f4	0x35f1B0x23d7B0x137c
0x35f4	0x35f1B0x25c0B0x137c
0x35f4	0x35f1B0x26daB0x137c
0x35f4	0x35f1B0x2c4aB0x232fB0x137c
0x35f4	0x35f1B0x320eB0x232fB0x137c
0x35f4	0x35f1B0x23d7B0x15e2
0x35f4	0x35f1B0x25c0B0x15e2
0x35f4	0x35f1B0x26daB0x15e2
0x35f4	0x35f1B0x2c4aB0x232fB0x15e2
0x35f4	0x35f1B0x320eB0x232fB0x15e2
0x35f6	0x35f1B0x23d7B0x137c
0x35f6	0x35f1B0x25c0B0x137c
0x35f6	0x35f1B0x26daB0x137c
0x35f6	0x35f1B0x2c4aB0x232fB0x137c
0x35f6	0x35f1B0x320eB0x232fB0x137c
0x35f6	0x35f1B0x23d7B0x15e2
0x35f6	0x35f1B0x25c0B0x15e2
0x35f6	0x35f1B0x26daB0x15e2
0x35f6	0x35f1B0x2c4aB0x232fB0x15e2
0x35f6	0x35f1B0x320eB0x232fB0x15e2
0x35f8	0x35f1B0x23d7B0x137c
0x35f8	0x35f1B0x25c0B0x137c
0x35f8	0x35f1B0x26daB0x137c
0x35f8	0x35f1B0x2c4aB0x232fB0x137c
0x35f8	0x35f1B0x320eB0x232fB0x137c
0x35f8	0x35f1B0x23d7B0x15e2
0x35f8	0x35f1B0x25c0B0x15e2
0x35f8	0x35f1B0x26daB0x15e2
0x35f8	0x35f1B0x2c4aB0x232fB0x15e2
0x35f8	0x35f1B0x320eB0x232fB0x15e2
0x35fa	0x35f1B0x23d7B0x137c
0x35fa	0x35f1B0x25c0B0x137c
0x35fa	0x35f1B0x26daB0x137c
0x35fa	0x35f1B0x2c4aB0x232fB0x137c
0x35fa	0x35f1B0x320eB0x232fB0x137c
0x35fa	0x35f1B0x23d7B0x15e2
0x35fa	0x35f1B0x25c0B0x15e2
0x35fa	0x35f1B0x26daB0x15e2
0x35fa	0x35f1B0x2c4aB0x232fB0x15e2
0x35fa	0x35f1B0x320eB0x232fB0x15e2
0x35fb	0x35f1B0x23d7B0x137c
0x35fb	0x35f1B0x25c0B0x137c
0x35fb	0x35f1B0x26daB0x137c
0x35fb	0x35f1B0x2c4aB0x232fB0x137c
0x35fb	0x35f1B0x320eB0x232fB0x137c
0x35fb	0x35f1B0x23d7B0x15e2
0x35fb	0x35f1B0x25c0B0x15e2
0x35fb	0x35f1B0x26daB0x15e2
0x35fb	0x35f1B0x2c4aB0x232fB0x15e2
0x35fb	0x35f1B0x320eB0x232fB0x15e2
0x35fd	0x35f1B0x23d7B0x137c
0x35fd	0x35f1B0x25c0B0x137c
0x35fd	0x35f1B0x26daB0x137c
0x35fd	0x35f1B0x2c4aB0x232fB0x137c
0x35fd	0x35f1B0x320eB0x232fB0x137c
0x35fd	0x35f1B0x23d7B0x15e2
0x35fd	0x35f1B0x25c0B0x15e2
0x35fd	0x35f1B0x26daB0x15e2
0x35fd	0x35f1B0x2c4aB0x232fB0x15e2
0x35fd	0x35f1B0x320eB0x232fB0x15e2
0x35fe	0x35f1B0x23d7B0x137c
0x35fe	0x35f1B0x25c0B0x137c
0x35fe	0x35f1B0x26daB0x137c
0x35fe	0x35f1B0x2c4aB0x232fB0x137c
0x35fe	0x35f1B0x320eB0x232fB0x137c
0x35fe	0x35f1B0x23d7B0x15e2
0x35fe	0x35f1B0x25c0B0x15e2
0x35fe	0x35f1B0x26daB0x15e2
0x35fe	0x35f1B0x2c4aB0x232fB0x15e2
0x35fe	0x35f1B0x320eB0x232fB0x15e2
0x35ff	0x35f1B0x23d7B0x137c
0x35ff	0x35f1B0x25c0B0x137c
0x35ff	0x35f1B0x26daB0x137c
0x35ff	0x35f1B0x2c4aB0x232fB0x137c
0x35ff	0x35f1B0x320eB0x232fB0x137c
0x35ff	0x35f1B0x23d7B0x15e2
0x35ff	0x35f1B0x25c0B0x15e2
0x35ff	0x35f1B0x26daB0x15e2
0x35ff	0x35f1B0x2c4aB0x232fB0x15e2
0x35ff	0x35f1B0x320eB0x232fB0x15e2
0x3603	0x3603B0x23d7B0x137c
0x3603	0x3603B0x25c0B0x137c
0x3603	0x3603B0x26daB0x137c
0x3603	0x3603B0x2c4aB0x232fB0x137c
0x3603	0x3603B0x320eB0x232fB0x137c
0x3603	0x3603B0x23d7B0x15e2
0x3603	0x3603B0x25c0B0x15e2
0x3603	0x3603B0x26daB0x15e2
0x3603	0x3603B0x2c4aB0x232fB0x15e2
0x3603	0x3603B0x320eB0x232fB0x15e2
0x3605	0x3603B0x23d7B0x137c
0x3605	0x3603B0x25c0B0x137c
0x3605	0x3603B0x26daB0x137c
0x3605	0x3603B0x2c4aB0x232fB0x137c
0x3605	0x3603B0x320eB0x232fB0x137c
0x3605	0x3603B0x23d7B0x15e2
0x3605	0x3603B0x25c0B0x15e2
0x3605	0x3603B0x26daB0x15e2
0x3605	0x3603B0x2c4aB0x232fB0x15e2
0x3605	0x3603B0x320eB0x232fB0x15e2
0x3607	0x3603B0x23d7B0x137c
0x3607	0x3603B0x25c0B0x137c
0x3607	0x3603B0x26daB0x137c
0x3607	0x3603B0x2c4aB0x232fB0x137c
0x3607	0x3603B0x320eB0x232fB0x137c
0x3607	0x3603B0x23d7B0x15e2
0x3607	0x3603B0x25c0B0x15e2
0x3607	0x3603B0x26daB0x15e2
0x3607	0x3603B0x2c4aB0x232fB0x15e2
0x3607	0x3603B0x320eB0x232fB0x15e2
0x3609	0x3603B0x23d7B0x137c
0x3609	0x3603B0x25c0B0x137c
0x3609	0x3603B0x26daB0x137c
0x3609	0x3603B0x2c4aB0x232fB0x137c
0x3609	0x3603B0x320eB0x232fB0x137c
0x3609	0x3603B0x23d7B0x15e2
0x3609	0x3603B0x25c0B0x15e2
0x3609	0x3603B0x26daB0x15e2
0x3609	0x3603B0x2c4aB0x232fB0x15e2
0x3609	0x3603B0x320eB0x232fB0x15e2
0x360a	0x3603B0x23d7B0x137c
0x360a	0x3603B0x25c0B0x137c
0x360a	0x3603B0x26daB0x137c
0x360a	0x3603B0x2c4aB0x232fB0x137c
0x360a	0x3603B0x320eB0x232fB0x137c
0x360a	0x3603B0x23d7B0x15e2
0x360a	0x3603B0x25c0B0x15e2
0x360a	0x3603B0x26daB0x15e2
0x360a	0x3603B0x2c4aB0x232fB0x15e2
0x360a	0x3603B0x320eB0x232fB0x15e2
0x360c	0x3603B0x23d7B0x137c
0x360c	0x3603B0x25c0B0x137c
0x360c	0x3603B0x26daB0x137c
0x360c	0x3603B0x2c4aB0x232fB0x137c
0x360c	0x3603B0x320eB0x232fB0x137c
0x360c	0x3603B0x23d7B0x15e2
0x360c	0x3603B0x25c0B0x15e2
0x360c	0x3603B0x26daB0x15e2
0x360c	0x3603B0x2c4aB0x232fB0x15e2
0x360c	0x3603B0x320eB0x232fB0x15e2
0x360d	0x3603B0x23d7B0x137c
0x360d	0x3603B0x25c0B0x137c
0x360d	0x3603B0x26daB0x137c
0x360d	0x3603B0x2c4aB0x232fB0x137c
0x360d	0x3603B0x320eB0x232fB0x137c
0x360d	0x3603B0x23d7B0x15e2
0x360d	0x3603B0x25c0B0x15e2
0x360d	0x3603B0x26daB0x15e2
0x360d	0x3603B0x2c4aB0x232fB0x15e2
0x360d	0x3603B0x320eB0x232fB0x15e2
0x360e	0x3603B0x23d7B0x137c
0x360e	0x3603B0x25c0B0x137c
0x360e	0x3603B0x26daB0x137c
0x360e	0x3603B0x2c4aB0x232fB0x137c
0x360e	0x3603B0x320eB0x232fB0x137c
0x360e	0x3603B0x23d7B0x15e2
0x360e	0x3603B0x25c0B0x15e2
0x360e	0x3603B0x26daB0x15e2
0x360e	0x3603B0x2c4aB0x232fB0x15e2
0x360e	0x3603B0x320eB0x232fB0x15e2
0x360f	0x3603B0x23d7B0x137c
0x360f	0x3603B0x25c0B0x137c
0x360f	0x3603B0x26daB0x137c
0x360f	0x3603B0x2c4aB0x232fB0x137c
0x360f	0x3603B0x320eB0x232fB0x137c
0x360f	0x3603B0x23d7B0x15e2
0x360f	0x3603B0x25c0B0x15e2
0x360f	0x3603B0x26daB0x15e2
0x360f	0x3603B0x2c4aB0x232fB0x15e2
0x360f	0x3603B0x320eB0x232fB0x15e2
0x3613	0x3613B0x23d7B0x137c
0x3613	0x3613B0x25c0B0x137c
0x3613	0x3613B0x26daB0x137c
0x3613	0x3613B0x2c4aB0x232fB0x137c
0x3613	0x3613B0x320eB0x232fB0x137c
0x3613	0x3613B0x23d7B0x15e2
0x3613	0x3613B0x25c0B0x15e2
0x3613	0x3613B0x26daB0x15e2
0x3613	0x3613B0x2c4aB0x232fB0x15e2
0x3613	0x3613B0x320eB0x232fB0x15e2
0x3615	0x3613B0x23d7B0x137c
0x3615	0x3613B0x25c0B0x137c
0x3615	0x3613B0x26daB0x137c
0x3615	0x3613B0x2c4aB0x232fB0x137c
0x3615	0x3613B0x320eB0x232fB0x137c
0x3615	0x3613B0x23d7B0x15e2
0x3615	0x3613B0x25c0B0x15e2
0x3615	0x3613B0x26daB0x15e2
0x3615	0x3613B0x2c4aB0x232fB0x15e2
0x3615	0x3613B0x320eB0x232fB0x15e2
0x3616	0x3613B0x23d7B0x137c
0x3616	0x3613B0x25c0B0x137c
0x3616	0x3613B0x26daB0x137c
0x3616	0x3613B0x2c4aB0x232fB0x137c
0x3616	0x3613B0x320eB0x232fB0x137c
0x3616	0x3613B0x23d7B0x15e2
0x3616	0x3613B0x25c0B0x15e2
0x3616	0x3613B0x26daB0x15e2
0x3616	0x3613B0x2c4aB0x232fB0x15e2
0x3616	0x3613B0x320eB0x232fB0x15e2
0x361a	0x3613B0x23d7B0x137c
0x361a	0x3613B0x25c0B0x137c
0x361a	0x3613B0x26daB0x137c
0x361a	0x3613B0x2c4aB0x232fB0x137c
0x361a	0x3613B0x320eB0x232fB0x137c
0x361a	0x3613B0x23d7B0x15e2
0x361a	0x3613B0x25c0B0x15e2
0x361a	0x3613B0x26daB0x15e2
0x361a	0x3613B0x2c4aB0x232fB0x15e2
0x361a	0x3613B0x320eB0x232fB0x15e2
0x361c	0x3613B0x23d7B0x137c
0x361c	0x3613B0x25c0B0x137c
0x361c	0x3613B0x26daB0x137c
0x361c	0x3613B0x2c4aB0x232fB0x137c
0x361c	0x3613B0x320eB0x232fB0x137c
0x361c	0x3613B0x23d7B0x15e2
0x361c	0x3613B0x25c0B0x15e2
0x361c	0x3613B0x26daB0x15e2
0x361c	0x3613B0x2c4aB0x232fB0x15e2
0x361c	0x3613B0x320eB0x232fB0x15e2
0x361f	0x3613B0x23d7B0x137c
0x361f	0x3613B0x25c0B0x137c
0x361f	0x3613B0x26daB0x137c
0x361f	0x3613B0x2c4aB0x232fB0x137c
0x361f	0x3613B0x320eB0x232fB0x137c
0x361f	0x3613B0x23d7B0x15e2
0x361f	0x3613B0x25c0B0x15e2
0x361f	0x3613B0x26daB0x15e2
0x361f	0x3613B0x2c4aB0x232fB0x15e2
0x361f	0x3613B0x320eB0x232fB0x15e2
0x3621	0x3613B0x23d7B0x137c
0x3621	0x3613B0x25c0B0x137c
0x3621	0x3613B0x26daB0x137c
0x3621	0x3613B0x2c4aB0x232fB0x137c
0x3621	0x3613B0x320eB0x232fB0x137c
0x3621	0x3613B0x23d7B0x15e2
0x3621	0x3613B0x25c0B0x15e2
0x3621	0x3613B0x26daB0x15e2
0x3621	0x3613B0x2c4aB0x232fB0x15e2
0x3621	0x3613B0x320eB0x232fB0x15e2
0x3624	0x3613B0x23d7B0x137c
0x3624	0x3613B0x25c0B0x137c
0x3624	0x3613B0x26daB0x137c
0x3624	0x3613B0x2c4aB0x232fB0x137c
0x3624	0x3613B0x320eB0x232fB0x137c
0x3624	0x3613B0x23d7B0x15e2
0x3624	0x3613B0x25c0B0x15e2
0x3624	0x3613B0x26daB0x15e2
0x3624	0x3613B0x2c4aB0x232fB0x15e2
0x3624	0x3613B0x320eB0x232fB0x15e2
0x3626	0x3613B0x23d7B0x137c
0x3626	0x3613B0x25c0B0x137c
0x3626	0x3613B0x26daB0x137c
0x3626	0x3613B0x2c4aB0x232fB0x137c
0x3626	0x3613B0x320eB0x232fB0x137c
0x3626	0x3613B0x23d7B0x15e2
0x3626	0x3613B0x25c0B0x15e2
0x3626	0x3613B0x26daB0x15e2
0x3626	0x3613B0x2c4aB0x232fB0x15e2
0x3626	0x3613B0x320eB0x232fB0x15e2
0x3628	0x3613B0x23d7B0x137c
0x3628	0x3613B0x25c0B0x137c
0x3628	0x3613B0x26daB0x137c
0x3628	0x3613B0x2c4aB0x232fB0x137c
0x3628	0x3613B0x320eB0x232fB0x137c
0x3628	0x3613B0x23d7B0x15e2
0x3628	0x3613B0x25c0B0x15e2
0x3628	0x3613B0x26daB0x15e2
0x3628	0x3613B0x2c4aB0x232fB0x15e2
0x3628	0x3613B0x320eB0x232fB0x15e2
0x362b	0x3613B0x23d7B0x137c
0x362b	0x3613B0x25c0B0x137c
0x362b	0x3613B0x26daB0x137c
0x362b	0x3613B0x2c4aB0x232fB0x137c
0x362b	0x3613B0x320eB0x232fB0x137c
0x362b	0x3613B0x23d7B0x15e2
0x362b	0x3613B0x25c0B0x15e2
0x362b	0x3613B0x26daB0x15e2
0x362b	0x3613B0x2c4aB0x232fB0x15e2
0x362b	0x3613B0x320eB0x232fB0x15e2
0x362d	0x3613B0x23d7B0x137c
0x362d	0x3613B0x25c0B0x137c
0x362d	0x3613B0x26daB0x137c
0x362d	0x3613B0x2c4aB0x232fB0x137c
0x362d	0x3613B0x320eB0x232fB0x137c
0x362d	0x3613B0x23d7B0x15e2
0x362d	0x3613B0x25c0B0x15e2
0x362d	0x3613B0x26daB0x15e2
0x362d	0x3613B0x2c4aB0x232fB0x15e2
0x362d	0x3613B0x320eB0x232fB0x15e2
0x3642	0x3613B0x23d7B0x137c
0x3642	0x3613B0x25c0B0x137c
0x3642	0x3613B0x26daB0x137c
0x3642	0x3613B0x2c4aB0x232fB0x137c
0x3642	0x3613B0x320eB0x232fB0x137c
0x3642	0x3613B0x23d7B0x15e2
0x3642	0x3613B0x25c0B0x15e2
0x3642	0x3613B0x26daB0x15e2
0x3642	0x3613B0x2c4aB0x232fB0x15e2
0x3642	0x3613B0x320eB0x232fB0x15e2
0x3644	0x3613B0x23d7B0x137c
0x3644	0x3613B0x25c0B0x137c
0x3644	0x3613B0x26daB0x137c
0x3644	0x3613B0x2c4aB0x232fB0x137c
0x3644	0x3613B0x320eB0x232fB0x137c
0x3644	0x3613B0x23d7B0x15e2
0x3644	0x3613B0x25c0B0x15e2
0x3644	0x3613B0x26daB0x15e2
0x3644	0x3613B0x2c4aB0x232fB0x15e2
0x3644	0x3613B0x320eB0x232fB0x15e2
0x3645	0x3613B0x23d7B0x137c
0x3645	0x3613B0x25c0B0x137c
0x3645	0x3613B0x26daB0x137c
0x3645	0x3613B0x2c4aB0x232fB0x137c
0x3645	0x3613B0x320eB0x232fB0x137c
0x3645	0x3613B0x23d7B0x15e2
0x3645	0x3613B0x25c0B0x15e2
0x3645	0x3613B0x26daB0x15e2
0x3645	0x3613B0x2c4aB0x232fB0x15e2
0x3645	0x3613B0x320eB0x232fB0x15e2
0x3648	0x3613B0x23d7B0x137c
0x3648	0x3613B0x25c0B0x137c
0x3648	0x3613B0x26daB0x137c
0x3648	0x3613B0x2c4aB0x232fB0x137c
0x3648	0x3613B0x320eB0x232fB0x137c
0x3648	0x3613B0x23d7B0x15e2
0x3648	0x3613B0x25c0B0x15e2
0x3648	0x3613B0x26daB0x15e2
0x3648	0x3613B0x2c4aB0x232fB0x15e2
0x3648	0x3613B0x320eB0x232fB0x15e2
0x364a	0x3613B0x23d7B0x137c
0x364a	0x3613B0x25c0B0x137c
0x364a	0x3613B0x26daB0x137c
0x364a	0x3613B0x2c4aB0x232fB0x137c
0x364a	0x3613B0x320eB0x232fB0x137c
0x364a	0x3613B0x23d7B0x15e2
0x364a	0x3613B0x25c0B0x15e2
0x364a	0x3613B0x26daB0x15e2
0x364a	0x3613B0x2c4aB0x232fB0x15e2
0x364a	0x3613B0x320eB0x232fB0x15e2
0x364c	0x3613B0x23d7B0x137c
0x364c	0x3613B0x25c0B0x137c
0x364c	0x3613B0x26daB0x137c
0x364c	0x3613B0x2c4aB0x232fB0x137c
0x364c	0x3613B0x320eB0x232fB0x137c
0x364c	0x3613B0x23d7B0x15e2
0x364c	0x3613B0x25c0B0x15e2
0x364c	0x3613B0x26daB0x15e2
0x364c	0x3613B0x2c4aB0x232fB0x15e2
0x364c	0x3613B0x320eB0x232fB0x15e2
0x364d	0x3613B0x23d7B0x137c
0x364d	0x3613B0x25c0B0x137c
0x364d	0x3613B0x26daB0x137c
0x364d	0x3613B0x2c4aB0x232fB0x137c
0x364d	0x3613B0x320eB0x232fB0x137c
0x364d	0x3613B0x23d7B0x15e2
0x364d	0x3613B0x25c0B0x15e2
0x364d	0x3613B0x26daB0x15e2
0x364d	0x3613B0x2c4aB0x232fB0x15e2
0x364d	0x3613B0x320eB0x232fB0x15e2
0x3655	0x3651B0x23d7B0x137c
0x3655	0x3651B0x25c0B0x137c
0x3655	0x3651B0x26daB0x137c
0x3655	0x3651B0x2c4aB0x232fB0x137c
0x3655	0x3651B0x320eB0x232fB0x137c
0x3655	0x3651B0x23d7B0x15e2
0x3655	0x3651B0x25c0B0x15e2
0x3655	0x3651B0x26daB0x15e2
0x3655	0x3651B0x2c4aB0x232fB0x15e2
0x3655	0x3651B0x320eB0x232fB0x15e2
0x365b	0x3659B0x23d7B0x137c
0x365b	0x3659B0x25c0B0x137c
0x365b	0x3659B0x26daB0x137c
0x365b	0x3659B0x2c4aB0x232fB0x137c
0x365b	0x3659B0x320eB0x232fB0x137c
0x365b	0x3659B0x23d7B0x15e2
0x365b	0x3659B0x25c0B0x15e2
0x365b	0x3659B0x26daB0x15e2
0x365b	0x3659B0x2c4aB0x232fB0x15e2
0x365b	0x3659B0x320eB0x232fB0x15e2
0x365d	0x3659B0x23d7B0x137c
0x365d	0x3659B0x25c0B0x137c
0x365d	0x3659B0x26daB0x137c
0x365d	0x3659B0x2c4aB0x232fB0x137c
0x365d	0x3659B0x320eB0x232fB0x137c
0x365d	0x3659B0x23d7B0x15e2
0x365d	0x3659B0x25c0B0x15e2
0x365d	0x3659B0x26daB0x15e2
0x365d	0x3659B0x2c4aB0x232fB0x15e2
0x365d	0x3659B0x320eB0x232fB0x15e2
0x365e	0x3659B0x23d7B0x137c
0x365e	0x3659B0x25c0B0x137c
0x365e	0x3659B0x26daB0x137c
0x365e	0x3659B0x2c4aB0x232fB0x137c
0x365e	0x3659B0x320eB0x232fB0x137c
0x365e	0x3659B0x23d7B0x15e2
0x365e	0x3659B0x25c0B0x15e2
0x365e	0x3659B0x26daB0x15e2
0x365e	0x3659B0x2c4aB0x232fB0x15e2
0x365e	0x3659B0x320eB0x232fB0x15e2
0x3662	0x3661B0x23d7B0x137c
0x3662	0x3661B0x25c0B0x137c
0x3662	0x3661B0x26daB0x137c
0x3662	0x3661B0x2c4aB0x232fB0x137c
0x3662	0x3661B0x320eB0x232fB0x137c
0x3662	0x3661B0x23d7B0x15e2
0x3662	0x3661B0x25c0B0x15e2
0x3662	0x3661B0x26daB0x15e2
0x3662	0x3661B0x2c4aB0x232fB0x15e2
0x3662	0x3661B0x320eB0x232fB0x15e2
0x3664	0x3661B0x23d7B0x137c
0x3664	0x3661B0x25c0B0x137c
0x3664	0x3661B0x26daB0x137c
0x3664	0x3661B0x2c4aB0x232fB0x137c
0x3664	0x3661B0x320eB0x232fB0x137c
0x3664	0x3661B0x23d7B0x15e2
0x3664	0x3661B0x25c0B0x15e2
0x3664	0x3661B0x26daB0x15e2
0x3664	0x3661B0x2c4aB0x232fB0x15e2
0x3664	0x3661B0x320eB0x232fB0x15e2
0x3665	0x3661B0x23d7B0x137c
0x3665	0x3661B0x25c0B0x137c
0x3665	0x3661B0x26daB0x137c
0x3665	0x3661B0x2c4aB0x232fB0x137c
0x3665	0x3661B0x320eB0x232fB0x137c
0x3665	0x3661B0x23d7B0x15e2
0x3665	0x3661B0x25c0B0x15e2
0x3665	0x3661B0x26daB0x15e2
0x3665	0x3661B0x2c4aB0x232fB0x15e2
0x3665	0x3661B0x320eB0x232fB0x15e2
0x3667	0x3661B0x23d7B0x137c
0x3667	0x3661B0x25c0B0x137c
0x3667	0x3661B0x26daB0x137c
0x3667	0x3661B0x2c4aB0x232fB0x137c
0x3667	0x3661B0x320eB0x232fB0x137c
0x3667	0x3661B0x23d7B0x15e2
0x3667	0x3661B0x25c0B0x15e2
0x3667	0x3661B0x26daB0x15e2
0x3667	0x3661B0x2c4aB0x232fB0x15e2
0x3667	0x3661B0x320eB0x232fB0x15e2
0x3668	0x3661B0x23d7B0x137c
0x3668	0x3661B0x25c0B0x137c
0x3668	0x3661B0x26daB0x137c
0x3668	0x3661B0x2c4aB0x232fB0x137c
0x3668	0x3661B0x320eB0x232fB0x137c
0x3668	0x3661B0x23d7B0x15e2
0x3668	0x3661B0x25c0B0x15e2
0x3668	0x3661B0x26daB0x15e2
0x3668	0x3661B0x2c4aB0x232fB0x15e2
0x3668	0x3661B0x320eB0x232fB0x15e2
0x366d	0x366cB0x23d7B0x137c
0x366d	0x366cB0x25c0B0x137c
0x366d	0x366cB0x26daB0x137c
0x366d	0x366cB0x2c4aB0x232fB0x137c
0x366d	0x366cB0x320eB0x232fB0x137c
0x366d	0x366cB0x23d7B0x15e2
0x366d	0x366cB0x25c0B0x15e2
0x366d	0x366cB0x26daB0x15e2
0x366d	0x366cB0x2c4aB0x232fB0x15e2
0x366d	0x366cB0x320eB0x232fB0x15e2
0x366f	0x366cB0x23d7B0x137c
0x366f	0x366cB0x25c0B0x137c
0x366f	0x366cB0x26daB0x137c
0x366f	0x366cB0x2c4aB0x232fB0x137c
0x366f	0x366cB0x320eB0x232fB0x137c
0x366f	0x366cB0x23d7B0x15e2
0x366f	0x366cB0x25c0B0x15e2
0x366f	0x366cB0x26daB0x15e2
0x366f	0x366cB0x2c4aB0x232fB0x15e2
0x366f	0x366cB0x320eB0x232fB0x15e2
0x3671	0x366cB0x23d7B0x137c
0x3671	0x366cB0x25c0B0x137c
0x3671	0x366cB0x26daB0x137c
0x3671	0x366cB0x2c4aB0x232fB0x137c
0x3671	0x366cB0x320eB0x232fB0x137c
0x3671	0x366cB0x23d7B0x15e2
0x3671	0x366cB0x25c0B0x15e2
0x3671	0x366cB0x26daB0x15e2
0x3671	0x366cB0x2c4aB0x232fB0x15e2
0x3671	0x366cB0x320eB0x232fB0x15e2
0x3673	0x366cB0x23d7B0x137c
0x3673	0x366cB0x25c0B0x137c
0x3673	0x366cB0x26daB0x137c
0x3673	0x366cB0x2c4aB0x232fB0x137c
0x3673	0x366cB0x320eB0x232fB0x137c
0x3673	0x366cB0x23d7B0x15e2
0x3673	0x366cB0x25c0B0x15e2
0x3673	0x366cB0x26daB0x15e2
0x3673	0x366cB0x2c4aB0x232fB0x15e2
0x3673	0x366cB0x320eB0x232fB0x15e2
0x3674	0x366cB0x23d7B0x137c
0x3674	0x366cB0x25c0B0x137c
0x3674	0x366cB0x26daB0x137c
0x3674	0x366cB0x2c4aB0x232fB0x137c
0x3674	0x366cB0x320eB0x232fB0x137c
0x3674	0x366cB0x23d7B0x15e2
0x3674	0x366cB0x25c0B0x15e2
0x3674	0x366cB0x26daB0x15e2
0x3674	0x366cB0x2c4aB0x232fB0x15e2
0x3674	0x366cB0x320eB0x232fB0x15e2
0x3676	0x366cB0x23d7B0x137c
0x3676	0x366cB0x25c0B0x137c
0x3676	0x366cB0x26daB0x137c
0x3676	0x366cB0x2c4aB0x232fB0x137c
0x3676	0x366cB0x320eB0x232fB0x137c
0x3676	0x366cB0x23d7B0x15e2
0x3676	0x366cB0x25c0B0x15e2
0x3676	0x366cB0x26daB0x15e2
0x3676	0x366cB0x2c4aB0x232fB0x15e2
0x3676	0x366cB0x320eB0x232fB0x15e2
0x3677	0x366cB0x23d7B0x137c
0x3677	0x366cB0x25c0B0x137c
0x3677	0x366cB0x26daB0x137c
0x3677	0x366cB0x2c4aB0x232fB0x137c
0x3677	0x366cB0x320eB0x232fB0x137c
0x3677	0x366cB0x23d7B0x15e2
0x3677	0x366cB0x25c0B0x15e2
0x3677	0x366cB0x26daB0x15e2
0x3677	0x366cB0x2c4aB0x232fB0x15e2
0x3677	0x366cB0x320eB0x232fB0x15e2
0x3678	0x366cB0x23d7B0x137c
0x3678	0x366cB0x25c0B0x137c
0x3678	0x366cB0x26daB0x137c
0x3678	0x366cB0x2c4aB0x232fB0x137c
0x3678	0x366cB0x320eB0x232fB0x137c
0x3678	0x366cB0x23d7B0x15e2
0x3678	0x366cB0x25c0B0x15e2
0x3678	0x366cB0x26daB0x15e2
0x3678	0x366cB0x2c4aB0x232fB0x15e2
0x3678	0x366cB0x320eB0x232fB0x15e2
0x367a	0x3679B0x23d7B0x137c
0x367a	0x3679B0x25c0B0x137c
0x367a	0x3679B0x26daB0x137c
0x367a	0x3679B0x2c4aB0x232fB0x137c
0x367a	0x3679B0x320eB0x232fB0x137c
0x367a	0x3679B0x23d7B0x15e2
0x367a	0x3679B0x25c0B0x15e2
0x367a	0x3679B0x26daB0x15e2
0x367a	0x3679B0x2c4aB0x232fB0x15e2
0x367a	0x3679B0x320eB0x232fB0x15e2
0x367b	0x3679B0x23d7B0x137c
0x367b	0x3679B0x25c0B0x137c
0x367b	0x3679B0x26daB0x137c
0x367b	0x3679B0x2c4aB0x232fB0x137c
0x367b	0x3679B0x320eB0x232fB0x137c
0x367b	0x3679B0x23d7B0x15e2
0x367b	0x3679B0x25c0B0x15e2
0x367b	0x3679B0x26daB0x15e2
0x367b	0x3679B0x2c4aB0x232fB0x15e2
0x367b	0x3679B0x320eB0x232fB0x15e2
0x367f	0x367fB0x23d7B0x137c
0x367f	0x367fB0x25c0B0x137c
0x367f	0x367fB0x26daB0x137c
0x367f	0x367fB0x2c4aB0x232fB0x137c
0x367f	0x367fB0x320eB0x232fB0x137c
0x367f	0x367fB0x23d7B0x15e2
0x367f	0x367fB0x25c0B0x15e2
0x367f	0x367fB0x26daB0x15e2
0x367f	0x367fB0x2c4aB0x232fB0x15e2
0x367f	0x367fB0x320eB0x232fB0x15e2
0x3681	0x367fB0x23d7B0x137c
0x3681	0x367fB0x25c0B0x137c
0x3681	0x367fB0x26daB0x137c
0x3681	0x367fB0x2c4aB0x232fB0x137c
0x3681	0x367fB0x320eB0x232fB0x137c
0x3681	0x367fB0x23d7B0x15e2
0x3681	0x367fB0x25c0B0x15e2
0x3681	0x367fB0x26daB0x15e2
0x3681	0x367fB0x2c4aB0x232fB0x15e2
0x3681	0x367fB0x320eB0x232fB0x15e2
0x3683	0x367fB0x23d7B0x137c
0x3683	0x367fB0x25c0B0x137c
0x3683	0x367fB0x26daB0x137c
0x3683	0x367fB0x2c4aB0x232fB0x137c
0x3683	0x367fB0x320eB0x232fB0x137c
0x3683	0x367fB0x23d7B0x15e2
0x3683	0x367fB0x25c0B0x15e2
0x3683	0x367fB0x26daB0x15e2
0x3683	0x367fB0x2c4aB0x232fB0x15e2
0x3683	0x367fB0x320eB0x232fB0x15e2
0x3685	0x367fB0x23d7B0x137c
0x3685	0x367fB0x25c0B0x137c
0x3685	0x367fB0x26daB0x137c
0x3685	0x367fB0x2c4aB0x232fB0x137c
0x3685	0x367fB0x320eB0x232fB0x137c
0x3685	0x367fB0x23d7B0x15e2
0x3685	0x367fB0x25c0B0x15e2
0x3685	0x367fB0x26daB0x15e2
0x3685	0x367fB0x2c4aB0x232fB0x15e2
0x3685	0x367fB0x320eB0x232fB0x15e2
0x3686	0x367fB0x23d7B0x137c
0x3686	0x367fB0x25c0B0x137c
0x3686	0x367fB0x26daB0x137c
0x3686	0x367fB0x2c4aB0x232fB0x137c
0x3686	0x367fB0x320eB0x232fB0x137c
0x3686	0x367fB0x23d7B0x15e2
0x3686	0x367fB0x25c0B0x15e2
0x3686	0x367fB0x26daB0x15e2
0x3686	0x367fB0x2c4aB0x232fB0x15e2
0x3686	0x367fB0x320eB0x232fB0x15e2
0x3688	0x367fB0x23d7B0x137c
0x3688	0x367fB0x25c0B0x137c
0x3688	0x367fB0x26daB0x137c
0x3688	0x367fB0x2c4aB0x232fB0x137c
0x3688	0x367fB0x320eB0x232fB0x137c
0x3688	0x367fB0x23d7B0x15e2
0x3688	0x367fB0x25c0B0x15e2
0x3688	0x367fB0x26daB0x15e2
0x3688	0x367fB0x2c4aB0x232fB0x15e2
0x3688	0x367fB0x320eB0x232fB0x15e2
0x3689	0x367fB0x23d7B0x137c
0x3689	0x367fB0x25c0B0x137c
0x3689	0x367fB0x26daB0x137c
0x3689	0x367fB0x2c4aB0x232fB0x137c
0x3689	0x367fB0x320eB0x232fB0x137c
0x3689	0x367fB0x23d7B0x15e2
0x3689	0x367fB0x25c0B0x15e2
0x3689	0x367fB0x26daB0x15e2
0x3689	0x367fB0x2c4aB0x232fB0x15e2
0x3689	0x367fB0x320eB0x232fB0x15e2
0x368a	0x367fB0x23d7B0x137c
0x368a	0x367fB0x25c0B0x137c
0x368a	0x367fB0x26daB0x137c
0x368a	0x367fB0x2c4aB0x232fB0x137c
0x368a	0x367fB0x320eB0x232fB0x137c
0x368a	0x367fB0x23d7B0x15e2
0x368a	0x367fB0x25c0B0x15e2
0x368a	0x367fB0x26daB0x15e2
0x368a	0x367fB0x2c4aB0x232fB0x15e2
0x368a	0x367fB0x320eB0x232fB0x15e2
0x368b	0x367fB0x23d7B0x137c
0x368b	0x367fB0x25c0B0x137c
0x368b	0x367fB0x26daB0x137c
0x368b	0x367fB0x2c4aB0x232fB0x137c
0x368b	0x367fB0x320eB0x232fB0x137c
0x368b	0x367fB0x23d7B0x15e2
0x368b	0x367fB0x25c0B0x15e2
0x368b	0x367fB0x26daB0x15e2
0x368b	0x367fB0x2c4aB0x232fB0x15e2
0x368b	0x367fB0x320eB0x232fB0x15e2
0x368f	0x368fB0x23d7B0x137c
0x368f	0x368fB0x25c0B0x137c
0x368f	0x368fB0x26daB0x137c
0x368f	0x368fB0x2c4aB0x232fB0x137c
0x368f	0x368fB0x320eB0x232fB0x137c
0x368f	0x368fB0x23d7B0x15e2
0x368f	0x368fB0x25c0B0x15e2
0x368f	0x368fB0x26daB0x15e2
0x368f	0x368fB0x2c4aB0x232fB0x15e2
0x368f	0x368fB0x320eB0x232fB0x15e2
0x3691	0x368fB0x23d7B0x137c
0x3691	0x368fB0x25c0B0x137c
0x3691	0x368fB0x26daB0x137c
0x3691	0x368fB0x2c4aB0x232fB0x137c
0x3691	0x368fB0x320eB0x232fB0x137c
0x3691	0x368fB0x23d7B0x15e2
0x3691	0x368fB0x25c0B0x15e2
0x3691	0x368fB0x26daB0x15e2
0x3691	0x368fB0x2c4aB0x232fB0x15e2
0x3691	0x368fB0x320eB0x232fB0x15e2
0x3692	0x368fB0x23d7B0x137c
0x3692	0x368fB0x25c0B0x137c
0x3692	0x368fB0x26daB0x137c
0x3692	0x368fB0x2c4aB0x232fB0x137c
0x3692	0x368fB0x320eB0x232fB0x137c
0x3692	0x368fB0x23d7B0x15e2
0x3692	0x368fB0x25c0B0x15e2
0x3692	0x368fB0x26daB0x15e2
0x3692	0x368fB0x2c4aB0x232fB0x15e2
0x3692	0x368fB0x320eB0x232fB0x15e2
0x3696	0x368fB0x23d7B0x137c
0x3696	0x368fB0x25c0B0x137c
0x3696	0x368fB0x26daB0x137c
0x3696	0x368fB0x2c4aB0x232fB0x137c
0x3696	0x368fB0x320eB0x232fB0x137c
0x3696	0x368fB0x23d7B0x15e2
0x3696	0x368fB0x25c0B0x15e2
0x3696	0x368fB0x26daB0x15e2
0x3696	0x368fB0x2c4aB0x232fB0x15e2
0x3696	0x368fB0x320eB0x232fB0x15e2
0x3698	0x368fB0x23d7B0x137c
0x3698	0x368fB0x25c0B0x137c
0x3698	0x368fB0x26daB0x137c
0x3698	0x368fB0x2c4aB0x232fB0x137c
0x3698	0x368fB0x320eB0x232fB0x137c
0x3698	0x368fB0x23d7B0x15e2
0x3698	0x368fB0x25c0B0x15e2
0x3698	0x368fB0x26daB0x15e2
0x3698	0x368fB0x2c4aB0x232fB0x15e2
0x3698	0x368fB0x320eB0x232fB0x15e2
0x369b	0x368fB0x23d7B0x137c
0x369b	0x368fB0x25c0B0x137c
0x369b	0x368fB0x26daB0x137c
0x369b	0x368fB0x2c4aB0x232fB0x137c
0x369b	0x368fB0x320eB0x232fB0x137c
0x369b	0x368fB0x23d7B0x15e2
0x369b	0x368fB0x25c0B0x15e2
0x369b	0x368fB0x26daB0x15e2
0x369b	0x368fB0x2c4aB0x232fB0x15e2
0x369b	0x368fB0x320eB0x232fB0x15e2
0x369d	0x368fB0x23d7B0x137c
0x369d	0x368fB0x25c0B0x137c
0x369d	0x368fB0x26daB0x137c
0x369d	0x368fB0x2c4aB0x232fB0x137c
0x369d	0x368fB0x320eB0x232fB0x137c
0x369d	0x368fB0x23d7B0x15e2
0x369d	0x368fB0x25c0B0x15e2
0x369d	0x368fB0x26daB0x15e2
0x369d	0x368fB0x2c4aB0x232fB0x15e2
0x369d	0x368fB0x320eB0x232fB0x15e2
0x36a0	0x368fB0x23d7B0x137c
0x36a0	0x368fB0x25c0B0x137c
0x36a0	0x368fB0x26daB0x137c
0x36a0	0x368fB0x2c4aB0x232fB0x137c
0x36a0	0x368fB0x320eB0x232fB0x137c
0x36a0	0x368fB0x23d7B0x15e2
0x36a0	0x368fB0x25c0B0x15e2
0x36a0	0x368fB0x26daB0x15e2
0x36a0	0x368fB0x2c4aB0x232fB0x15e2
0x36a0	0x368fB0x320eB0x232fB0x15e2
0x36a2	0x368fB0x23d7B0x137c
0x36a2	0x368fB0x25c0B0x137c
0x36a2	0x368fB0x26daB0x137c
0x36a2	0x368fB0x2c4aB0x232fB0x137c
0x36a2	0x368fB0x320eB0x232fB0x137c
0x36a2	0x368fB0x23d7B0x15e2
0x36a2	0x368fB0x25c0B0x15e2
0x36a2	0x368fB0x26daB0x15e2
0x36a2	0x368fB0x2c4aB0x232fB0x15e2
0x36a2	0x368fB0x320eB0x232fB0x15e2
0x36a4	0x368fB0x23d7B0x137c
0x36a4	0x368fB0x25c0B0x137c
0x36a4	0x368fB0x26daB0x137c
0x36a4	0x368fB0x2c4aB0x232fB0x137c
0x36a4	0x368fB0x320eB0x232fB0x137c
0x36a4	0x368fB0x23d7B0x15e2
0x36a4	0x368fB0x25c0B0x15e2
0x36a4	0x368fB0x26daB0x15e2
0x36a4	0x368fB0x2c4aB0x232fB0x15e2
0x36a4	0x368fB0x320eB0x232fB0x15e2
0x36a7	0x368fB0x23d7B0x137c
0x36a7	0x368fB0x25c0B0x137c
0x36a7	0x368fB0x26daB0x137c
0x36a7	0x368fB0x2c4aB0x232fB0x137c
0x36a7	0x368fB0x320eB0x232fB0x137c
0x36a7	0x368fB0x23d7B0x15e2
0x36a7	0x368fB0x25c0B0x15e2
0x36a7	0x368fB0x26daB0x15e2
0x36a7	0x368fB0x2c4aB0x232fB0x15e2
0x36a7	0x368fB0x320eB0x232fB0x15e2
0x36a9	0x368fB0x23d7B0x137c
0x36a9	0x368fB0x25c0B0x137c
0x36a9	0x368fB0x26daB0x137c
0x36a9	0x368fB0x2c4aB0x232fB0x137c
0x36a9	0x368fB0x320eB0x232fB0x137c
0x36a9	0x368fB0x23d7B0x15e2
0x36a9	0x368fB0x25c0B0x15e2
0x36a9	0x368fB0x26daB0x15e2
0x36a9	0x368fB0x2c4aB0x232fB0x15e2
0x36a9	0x368fB0x320eB0x232fB0x15e2
0x36ca	0x368fB0x23d7B0x137c
0x36ca	0x368fB0x25c0B0x137c
0x36ca	0x368fB0x26daB0x137c
0x36ca	0x368fB0x2c4aB0x232fB0x137c
0x36ca	0x368fB0x320eB0x232fB0x137c
0x36ca	0x368fB0x23d7B0x15e2
0x36ca	0x368fB0x25c0B0x15e2
0x36ca	0x368fB0x26daB0x15e2
0x36ca	0x368fB0x2c4aB0x232fB0x15e2
0x36ca	0x368fB0x320eB0x232fB0x15e2
0x36cd	0x368fB0x23d7B0x137c
0x36cd	0x368fB0x25c0B0x137c
0x36cd	0x368fB0x26daB0x137c
0x36cd	0x368fB0x2c4aB0x232fB0x137c
0x36cd	0x368fB0x320eB0x232fB0x137c
0x36cd	0x368fB0x23d7B0x15e2
0x36cd	0x368fB0x25c0B0x15e2
0x36cd	0x368fB0x26daB0x15e2
0x36cd	0x368fB0x2c4aB0x232fB0x15e2
0x36cd	0x368fB0x320eB0x232fB0x15e2
0x36cf	0x368fB0x23d7B0x137c
0x36cf	0x368fB0x25c0B0x137c
0x36cf	0x368fB0x26daB0x137c
0x36cf	0x368fB0x2c4aB0x232fB0x137c
0x36cf	0x368fB0x320eB0x232fB0x137c
0x36cf	0x368fB0x23d7B0x15e2
0x36cf	0x368fB0x25c0B0x15e2
0x36cf	0x368fB0x26daB0x15e2
0x36cf	0x368fB0x2c4aB0x232fB0x15e2
0x36cf	0x368fB0x320eB0x232fB0x15e2
0x36d1	0x368fB0x23d7B0x137c
0x36d1	0x368fB0x25c0B0x137c
0x36d1	0x368fB0x26daB0x137c
0x36d1	0x368fB0x2c4aB0x232fB0x137c
0x36d1	0x368fB0x320eB0x232fB0x137c
0x36d1	0x368fB0x23d7B0x15e2
0x36d1	0x368fB0x25c0B0x15e2
0x36d1	0x368fB0x26daB0x15e2
0x36d1	0x368fB0x2c4aB0x232fB0x15e2
0x36d1	0x368fB0x320eB0x232fB0x15e2
0x36d2	0x368fB0x23d7B0x137c
0x36d2	0x368fB0x25c0B0x137c
0x36d2	0x368fB0x26daB0x137c
0x36d2	0x368fB0x2c4aB0x232fB0x137c
0x36d2	0x368fB0x320eB0x232fB0x137c
0x36d2	0x368fB0x23d7B0x15e2
0x36d2	0x368fB0x25c0B0x15e2
0x36d2	0x368fB0x26daB0x15e2
0x36d2	0x368fB0x2c4aB0x232fB0x15e2
0x36d2	0x368fB0x320eB0x232fB0x15e2
0x36d9	0x36d6B0x23d7B0x137c
0x36d9	0x36d6B0x25c0B0x137c
0x36d9	0x36d6B0x26daB0x137c
0x36d9	0x36d6B0x2c4aB0x232fB0x137c
0x36d9	0x36d6B0x320eB0x232fB0x137c
0x36d9	0x36d6B0x23d7B0x15e2
0x36d9	0x36d6B0x25c0B0x15e2
0x36d9	0x36d6B0x26daB0x15e2
0x36d9	0x36d6B0x2c4aB0x232fB0x15e2
0x36d9	0x36d6B0x320eB0x232fB0x15e2
0x36df	0x36ddB0x23d7B0x137c
0x36df	0x36ddB0x25c0B0x137c
0x36df	0x36ddB0x26daB0x137c
0x36df	0x36ddB0x2c4aB0x232fB0x137c
0x36df	0x36ddB0x320eB0x232fB0x137c
0x36df	0x36ddB0x23d7B0x15e2
0x36df	0x36ddB0x25c0B0x15e2
0x36df	0x36ddB0x26daB0x15e2
0x36df	0x36ddB0x2c4aB0x232fB0x15e2
0x36df	0x36ddB0x320eB0x232fB0x15e2
0x36e2	0x36ddB0x23d7B0x137c
0x36e2	0x36ddB0x25c0B0x137c
0x36e2	0x36ddB0x26daB0x137c
0x36e2	0x36ddB0x2c4aB0x232fB0x137c
0x36e2	0x36ddB0x320eB0x232fB0x137c
0x36e2	0x36ddB0x23d7B0x15e2
0x36e2	0x36ddB0x25c0B0x15e2
0x36e2	0x36ddB0x26daB0x15e2
0x36e2	0x36ddB0x2c4aB0x232fB0x15e2
0x36e2	0x36ddB0x320eB0x232fB0x15e2
0x36e3	0x36ddB0x23d7B0x137c
0x36e3	0x36ddB0x25c0B0x137c
0x36e3	0x36ddB0x26daB0x137c
0x36e3	0x36ddB0x2c4aB0x232fB0x137c
0x36e3	0x36ddB0x320eB0x232fB0x137c
0x36e3	0x36ddB0x23d7B0x15e2
0x36e3	0x36ddB0x25c0B0x15e2
0x36e3	0x36ddB0x26daB0x15e2
0x36e3	0x36ddB0x2c4aB0x232fB0x15e2
0x36e3	0x36ddB0x320eB0x232fB0x15e2
0x47d5	0x47d4B0x47b8B0x467aB0x464aB0x381f
0x47d5	0x47d4B0x47b8B0x467aB0x3ca2B0x3c13
0x47d5	0x47d4B0x47b8B0x467aB0x3ca2B0x382e
0x47d5	0x47d4B0x47b8B0x467aB0x3ca2B0x2dfdB0x232fB0x137c
0x47d5	0x47d4B0x47b8B0x467aB0x3ca2B0x3eeaB0x232fB0x137c
0x47d5	0x47d4B0x47b8B0x467aB0x464aB0x40c3B0x232fB0x137c
0x47d5	0x47d4B0x47b8B0x467aB0x3ca2B0x2dfdB0x232fB0x15e2
0x47d5	0x47d4B0x47b8B0x467aB0x3ca2B0x3eeaB0x232fB0x15e2
0x47d5	0x47d4B0x47b8B0x467aB0x464aB0x40c3B0x232fB0x15e2
0x47d8	0x47d4B0x47b8B0x467aB0x464aB0x381f
0x47d8	0x47d4B0x47b8B0x467aB0x3ca2B0x3c13
0x47d8	0x47d4B0x47b8B0x467aB0x3ca2B0x382e
0x47d8	0x47d4B0x47b8B0x467aB0x3ca2B0x2dfdB0x232fB0x137c
0x47d8	0x47d4B0x47b8B0x467aB0x3ca2B0x3eeaB0x232fB0x137c
0x47d8	0x47d4B0x47b8B0x467aB0x464aB0x40c3B0x232fB0x137c
0x47d8	0x47d4B0x47b8B0x467aB0x3ca2B0x2dfdB0x232fB0x15e2
0x47d8	0x47d4B0x47b8B0x467aB0x3ca2B0x3eeaB0x232fB0x15e2
0x47d8	0x47d4B0x47b8B0x467aB0x464aB0x40c3B0x232fB0x15e2
0x47d9	0x47d4B0x47b8B0x467aB0x464aB0x381f
0x47d9	0x47d4B0x47b8B0x467aB0x3ca2B0x3c13
0x47d9	0x47d4B0x47b8B0x467aB0x3ca2B0x382e
0x47d9	0x47d4B0x47b8B0x467aB0x3ca2B0x2dfdB0x232fB0x137c
0x47d9	0x47d4B0x47b8B0x467aB0x3ca2B0x3eeaB0x232fB0x137c
0x47d9	0x47d4B0x47b8B0x467aB0x464aB0x40c3B0x232fB0x137c
0x47d9	0x47d4B0x47b8B0x467aB0x3ca2B0x2dfdB0x232fB0x15e2
0x47d9	0x47d4B0x47b8B0x467aB0x3ca2B0x3eeaB0x232fB0x15e2
0x47d9	0x47d4B0x47b8B0x467aB0x464aB0x40c3B0x232fB0x15e2
0x47de	0x47ddB0x47b8B0x467aB0x464aB0x381f
0x47de	0x47ddB0x47b8B0x467aB0x3ca2B0x3c13
0x47de	0x47ddB0x47b8B0x467aB0x3ca2B0x382e
0x47de	0x47ddB0x47b8B0x467aB0x3ca2B0x2dfdB0x232fB0x137c
0x47de	0x47ddB0x47b8B0x467aB0x3ca2B0x3eeaB0x232fB0x137c
0x47de	0x47ddB0x47b8B0x467aB0x464aB0x40c3B0x232fB0x137c
0x47de	0x47ddB0x47b8B0x467aB0x3ca2B0x2dfdB0x232fB0x15e2
0x47de	0x47ddB0x47b8B0x467aB0x3ca2B0x3eeaB0x232fB0x15e2
0x47de	0x47ddB0x47b8B0x467aB0x464aB0x40c3B0x232fB0x15e2
0x47df	0x47ddB0x47b8B0x467aB0x464aB0x381f
0x47df	0x47ddB0x47b8B0x467aB0x3ca2B0x3c13
0x47df	0x47ddB0x47b8B0x467aB0x3ca2B0x382e
0x47df	0x47ddB0x47b8B0x467aB0x3ca2B0x2dfdB0x232fB0x137c
0x47df	0x47ddB0x47b8B0x467aB0x3ca2B0x3eeaB0x232fB0x137c
0x47df	0x47ddB0x47b8B0x467aB0x464aB0x40c3B0x232fB0x137c
0x47df	0x47ddB0x47b8B0x467aB0x3ca2B0x2dfdB0x232fB0x15e2
0x47df	0x47ddB0x47b8B0x467aB0x3ca2B0x3eeaB0x232fB0x15e2
0x47df	0x47ddB0x47b8B0x467aB0x464aB0x40c3B0x232fB0x15e2
0x47e1	0x47ddB0x47b8B0x467aB0x464aB0x381f
0x47e1	0x47ddB0x47b8B0x467aB0x3ca2B0x3c13
0x47e1	0x47ddB0x47b8B0x467aB0x3ca2B0x382e
0x47e1	0x47ddB0x47b8B0x467aB0x3ca2B0x2dfdB0x232fB0x137c
0x47e1	0x47ddB0x47b8B0x467aB0x3ca2B0x3eeaB0x232fB0x137c
0x47e1	0x47ddB0x47b8B0x467aB0x464aB0x40c3B0x232fB0x137c
0x47e1	0x47ddB0x47b8B0x467aB0x3ca2B0x2dfdB0x232fB0x15e2
0x47e1	0x47ddB0x47b8B0x467aB0x3ca2B0x3eeaB0x232fB0x15e2
0x47e1	0x47ddB0x47b8B0x467aB0x464aB0x40c3B0x232fB0x15e2
0x47e2	0x47ddB0x47b8B0x467aB0x464aB0x381f
0x47e2	0x47ddB0x47b8B0x467aB0x3ca2B0x3c13
0x47e2	0x47ddB0x47b8B0x467aB0x3ca2B0x382e
0x47e2	0x47ddB0x47b8B0x467aB0x3ca2B0x2dfdB0x232fB0x137c
0x47e2	0x47ddB0x47b8B0x467aB0x3ca2B0x3eeaB0x232fB0x137c
0x47e2	0x47ddB0x47b8B0x467aB0x464aB0x40c3B0x232fB0x137c
0x47e2	0x47ddB0x47b8B0x467aB0x3ca2B0x2dfdB0x232fB0x15e2
0x47e2	0x47ddB0x47b8B0x467aB0x3ca2B0x3eeaB0x232fB0x15e2
0x47e2	0x47ddB0x47b8B0x467aB0x464aB0x40c3B0x232fB0x15e2
0x47e6	0x47e6B0x47b8B0x467aB0x464aB0x381f
0x47e6	0x47e6B0x47b8B0x467aB0x3ca2B0x3c13
0x47e6	0x47e6B0x47b8B0x467aB0x3ca2B0x382e
0x47e6	0x47e6B0x47b8B0x467aB0x3ca2B0x2dfdB0x232fB0x137c
0x47e6	0x47e6B0x47b8B0x467aB0x3ca2B0x3eeaB0x232fB0x137c
0x47e6	0x47e6B0x47b8B0x467aB0x464aB0x40c3B0x232fB0x137c
0x47e6	0x47e6B0x47b8B0x467aB0x3ca2B0x2dfdB0x232fB0x15e2
0x47e6	0x47e6B0x47b8B0x467aB0x3ca2B0x3eeaB0x232fB0x15e2
0x47e6	0x47e6B0x47b8B0x467aB0x464aB0x40c3B0x232fB0x15e2
0x47e8	0x47e6B0x47b8B0x467aB0x464aB0x381f
0x47e8	0x47e6B0x47b8B0x467aB0x3ca2B0x3c13
0x47e8	0x47e6B0x47b8B0x467aB0x3ca2B0x382e
0x47e8	0x47e6B0x47b8B0x467aB0x3ca2B0x2dfdB0x232fB0x137c
0x47e8	0x47e6B0x47b8B0x467aB0x3ca2B0x3eeaB0x232fB0x137c
0x47e8	0x47e6B0x47b8B0x467aB0x464aB0x40c3B0x232fB0x137c
0x47e8	0x47e6B0x47b8B0x467aB0x3ca2B0x2dfdB0x232fB0x15e2
0x47e8	0x47e6B0x47b8B0x467aB0x3ca2B0x3eeaB0x232fB0x15e2
0x47e8	0x47e6B0x47b8B0x467aB0x464aB0x40c3B0x232fB0x15e2
0x47ea	0x47e6B0x47b8B0x467aB0x464aB0x381f
0x47ea	0x47e6B0x47b8B0x467aB0x3ca2B0x3c13
0x47ea	0x47e6B0x47b8B0x467aB0x3ca2B0x382e
0x47ea	0x47e6B0x47b8B0x467aB0x3ca2B0x2dfdB0x232fB0x137c
0x47ea	0x47e6B0x47b8B0x467aB0x3ca2B0x3eeaB0x232fB0x137c
0x47ea	0x47e6B0x47b8B0x467aB0x464aB0x40c3B0x232fB0x137c
0x47ea	0x47e6B0x47b8B0x467aB0x3ca2B0x2dfdB0x232fB0x15e2
0x47ea	0x47e6B0x47b8B0x467aB0x3ca2B0x3eeaB0x232fB0x15e2
0x47ea	0x47e6B0x47b8B0x467aB0x464aB0x40c3B0x232fB0x15e2
0x47ec	0x47e6B0x47b8B0x467aB0x464aB0x381f
0x47ec	0x47e6B0x47b8B0x467aB0x3ca2B0x3c13
0x47ec	0x47e6B0x47b8B0x467aB0x3ca2B0x382e
0x47ec	0x47e6B0x47b8B0x467aB0x3ca2B0x2dfdB0x232fB0x137c
0x47ec	0x47e6B0x47b8B0x467aB0x3ca2B0x3eeaB0x232fB0x137c
0x47ec	0x47e6B0x47b8B0x467aB0x464aB0x40c3B0x232fB0x137c
0x47ec	0x47e6B0x47b8B0x467aB0x3ca2B0x2dfdB0x232fB0x15e2
0x47ec	0x47e6B0x47b8B0x467aB0x3ca2B0x3eeaB0x232fB0x15e2
0x47ec	0x47e6B0x47b8B0x467aB0x464aB0x40c3B0x232fB0x15e2
0x47ed	0x47e6B0x47b8B0x467aB0x464aB0x381f
0x47ed	0x47e6B0x47b8B0x467aB0x3ca2B0x3c13
0x47ed	0x47e6B0x47b8B0x467aB0x3ca2B0x382e
0x47ed	0x47e6B0x47b8B0x467aB0x3ca2B0x2dfdB0x232fB0x137c
0x47ed	0x47e6B0x47b8B0x467aB0x3ca2B0x3eeaB0x232fB0x137c
0x47ed	0x47e6B0x47b8B0x467aB0x464aB0x40c3B0x232fB0x137c
0x47ed	0x47e6B0x47b8B0x467aB0x3ca2B0x2dfdB0x232fB0x15e2
0x47ed	0x47e6B0x47b8B0x467aB0x3ca2B0x3eeaB0x232fB0x15e2
0x47ed	0x47e6B0x47b8B0x467aB0x464aB0x40c3B0x232fB0x15e2
0x47ef	0x47e6B0x47b8B0x467aB0x464aB0x381f
0x47ef	0x47e6B0x47b8B0x467aB0x3ca2B0x3c13
0x47ef	0x47e6B0x47b8B0x467aB0x3ca2B0x382e
0x47ef	0x47e6B0x47b8B0x467aB0x3ca2B0x2dfdB0x232fB0x137c
0x47ef	0x47e6B0x47b8B0x467aB0x3ca2B0x3eeaB0x232fB0x137c
0x47ef	0x47e6B0x47b8B0x467aB0x464aB0x40c3B0x232fB0x137c
0x47ef	0x47e6B0x47b8B0x467aB0x3ca2B0x2dfdB0x232fB0x15e2
0x47ef	0x47e6B0x47b8B0x467aB0x3ca2B0x3eeaB0x232fB0x15e2
0x47ef	0x47e6B0x47b8B0x467aB0x464aB0x40c3B0x232fB0x15e2
0x47f0	0x47e6B0x47b8B0x467aB0x464aB0x381f
0x47f0	0x47e6B0x47b8B0x467aB0x3ca2B0x3c13
0x47f0	0x47e6B0x47b8B0x467aB0x3ca2B0x382e
0x47f0	0x47e6B0x47b8B0x467aB0x3ca2B0x2dfdB0x232fB0x137c
0x47f0	0x47e6B0x47b8B0x467aB0x3ca2B0x3eeaB0x232fB0x137c
0x47f0	0x47e6B0x47b8B0x467aB0x464aB0x40c3B0x232fB0x137c
0x47f0	0x47e6B0x47b8B0x467aB0x3ca2B0x2dfdB0x232fB0x15e2
0x47f0	0x47e6B0x47b8B0x467aB0x3ca2B0x3eeaB0x232fB0x15e2
0x47f0	0x47e6B0x47b8B0x467aB0x464aB0x40c3B0x232fB0x15e2
0x47f1	0x47e6B0x47b8B0x467aB0x464aB0x381f
0x47f1	0x47e6B0x47b8B0x467aB0x3ca2B0x3c13
0x47f1	0x47e6B0x47b8B0x467aB0x3ca2B0x382e
0x47f1	0x47e6B0x47b8B0x467aB0x3ca2B0x2dfdB0x232fB0x137c
0x47f1	0x47e6B0x47b8B0x467aB0x3ca2B0x3eeaB0x232fB0x137c
0x47f1	0x47e6B0x47b8B0x467aB0x464aB0x40c3B0x232fB0x137c
0x47f1	0x47e6B0x47b8B0x467aB0x3ca2B0x2dfdB0x232fB0x15e2
0x47f1	0x47e6B0x47b8B0x467aB0x3ca2B0x3eeaB0x232fB0x15e2
0x47f1	0x47e6B0x47b8B0x467aB0x464aB0x40c3B0x232fB0x15e2
0x47f5	0x47f5B0x47b8B0x467aB0x464aB0x381f
0x47f5	0x47f5B0x47b8B0x467aB0x3ca2B0x3c13
0x47f5	0x47f5B0x47b8B0x467aB0x3ca2B0x382e
0x47f5	0x47f5B0x47b8B0x467aB0x3ca2B0x2dfdB0x232fB0x137c
0x47f5	0x47f5B0x47b8B0x467aB0x3ca2B0x3eeaB0x232fB0x137c
0x47f5	0x47f5B0x47b8B0x467aB0x464aB0x40c3B0x232fB0x137c
0x47f5	0x47f5B0x47b8B0x467aB0x3ca2B0x2dfdB0x232fB0x15e2
0x47f5	0x47f5B0x47b8B0x467aB0x3ca2B0x3eeaB0x232fB0x15e2
0x47f5	0x47f5B0x47b8B0x467aB0x464aB0x40c3B0x232fB0x15e2
0x47f7	0x47f5B0x47b8B0x467aB0x464aB0x381f
0x47f7	0x47f5B0x47b8B0x467aB0x3ca2B0x3c13
0x47f7	0x47f5B0x47b8B0x467aB0x3ca2B0x382e
0x47f7	0x47f5B0x47b8B0x467aB0x3ca2B0x2dfdB0x232fB0x137c
0x47f7	0x47f5B0x47b8B0x467aB0x3ca2B0x3eeaB0x232fB0x137c
0x47f7	0x47f5B0x47b8B0x467aB0x464aB0x40c3B0x232fB0x137c
0x47f7	0x47f5B0x47b8B0x467aB0x3ca2B0x2dfdB0x232fB0x15e2
0x47f7	0x47f5B0x47b8B0x467aB0x3ca2B0x3eeaB0x232fB0x15e2
0x47f7	0x47f5B0x47b8B0x467aB0x464aB0x40c3B0x232fB0x15e2
0x47f8	0x47f5B0x47b8B0x467aB0x464aB0x381f
0x47f8	0x47f5B0x47b8B0x467aB0x3ca2B0x3c13
0x47f8	0x47f5B0x47b8B0x467aB0x3ca2B0x382e
0x47f8	0x47f5B0x47b8B0x467aB0x3ca2B0x2dfdB0x232fB0x137c
0x47f8	0x47f5B0x47b8B0x467aB0x3ca2B0x3eeaB0x232fB0x137c
0x47f8	0x47f5B0x47b8B0x467aB0x464aB0x40c3B0x232fB0x137c
0x47f8	0x47f5B0x47b8B0x467aB0x3ca2B0x2dfdB0x232fB0x15e2
0x47f8	0x47f5B0x47b8B0x467aB0x3ca2B0x3eeaB0x232fB0x15e2
0x47f8	0x47f5B0x47b8B0x467aB0x464aB0x40c3B0x232fB0x15e2
0x47fc	0x47f5B0x47b8B0x467aB0x464aB0x381f
0x47fc	0x47f5B0x47b8B0x467aB0x3ca2B0x3c13
0x47fc	0x47f5B0x47b8B0x467aB0x3ca2B0x382e
0x47fc	0x47f5B0x47b8B0x467aB0x3ca2B0x2dfdB0x232fB0x137c
0x47fc	0x47f5B0x47b8B0x467aB0x3ca2B0x3eeaB0x232fB0x137c
0x47fc	0x47f5B0x47b8B0x467aB0x464aB0x40c3B0x232fB0x137c
0x47fc	0x47f5B0x47b8B0x467aB0x3ca2B0x2dfdB0x232fB0x15e2
0x47fc	0x47f5B0x47b8B0x467aB0x3ca2B0x3eeaB0x232fB0x15e2
0x47fc	0x47f5B0x47b8B0x467aB0x464aB0x40c3B0x232fB0x15e2
0x47fe	0x47f5B0x47b8B0x467aB0x464aB0x381f
0x47fe	0x47f5B0x47b8B0x467aB0x3ca2B0x3c13
0x47fe	0x47f5B0x47b8B0x467aB0x3ca2B0x382e
0x47fe	0x47f5B0x47b8B0x467aB0x3ca2B0x2dfdB0x232fB0x137c
0x47fe	0x47f5B0x47b8B0x467aB0x3ca2B0x3eeaB0x232fB0x137c
0x47fe	0x47f5B0x47b8B0x467aB0x464aB0x40c3B0x232fB0x137c
0x47fe	0x47f5B0x47b8B0x467aB0x3ca2B0x2dfdB0x232fB0x15e2
0x47fe	0x47f5B0x47b8B0x467aB0x3ca2B0x3eeaB0x232fB0x15e2
0x47fe	0x47f5B0x47b8B0x467aB0x464aB0x40c3B0x232fB0x15e2
0x4801	0x47f5B0x47b8B0x467aB0x464aB0x381f
0x4801	0x47f5B0x47b8B0x467aB0x3ca2B0x3c13
0x4801	0x47f5B0x47b8B0x467aB0x3ca2B0x382e
0x4801	0x47f5B0x47b8B0x467aB0x3ca2B0x2dfdB0x232fB0x137c
0x4801	0x47f5B0x47b8B0x467aB0x3ca2B0x3eeaB0x232fB0x137c
0x4801	0x47f5B0x47b8B0x467aB0x464aB0x40c3B0x232fB0x137c
0x4801	0x47f5B0x47b8B0x467aB0x3ca2B0x2dfdB0x232fB0x15e2
0x4801	0x47f5B0x47b8B0x467aB0x3ca2B0x3eeaB0x232fB0x15e2
0x4801	0x47f5B0x47b8B0x467aB0x464aB0x40c3B0x232fB0x15e2
0x4803	0x47f5B0x47b8B0x467aB0x464aB0x381f
0x4803	0x47f5B0x47b8B0x467aB0x3ca2B0x3c13
0x4803	0x47f5B0x47b8B0x467aB0x3ca2B0x382e
0x4803	0x47f5B0x47b8B0x467aB0x3ca2B0x2dfdB0x232fB0x137c
0x4803	0x47f5B0x47b8B0x467aB0x3ca2B0x3eeaB0x232fB0x137c
0x4803	0x47f5B0x47b8B0x467aB0x464aB0x40c3B0x232fB0x137c
0x4803	0x47f5B0x47b8B0x467aB0x3ca2B0x2dfdB0x232fB0x15e2
0x4803	0x47f5B0x47b8B0x467aB0x3ca2B0x3eeaB0x232fB0x15e2
0x4803	0x47f5B0x47b8B0x467aB0x464aB0x40c3B0x232fB0x15e2
0x4806	0x47f5B0x47b8B0x467aB0x464aB0x381f
0x4806	0x47f5B0x47b8B0x467aB0x3ca2B0x3c13
0x4806	0x47f5B0x47b8B0x467aB0x3ca2B0x382e
0x4806	0x47f5B0x47b8B0x467aB0x3ca2B0x2dfdB0x232fB0x137c
0x4806	0x47f5B0x47b8B0x467aB0x3ca2B0x3eeaB0x232fB0x137c
0x4806	0x47f5B0x47b8B0x467aB0x464aB0x40c3B0x232fB0x137c
0x4806	0x47f5B0x47b8B0x467aB0x3ca2B0x2dfdB0x232fB0x15e2
0x4806	0x47f5B0x47b8B0x467aB0x3ca2B0x3eeaB0x232fB0x15e2
0x4806	0x47f5B0x47b8B0x467aB0x464aB0x40c3B0x232fB0x15e2
0x4808	0x47f5B0x47b8B0x467aB0x464aB0x381f
0x4808	0x47f5B0x47b8B0x467aB0x3ca2B0x3c13
0x4808	0x47f5B0x47b8B0x467aB0x3ca2B0x382e
0x4808	0x47f5B0x47b8B0x467aB0x3ca2B0x2dfdB0x232fB0x137c
0x4808	0x47f5B0x47b8B0x467aB0x3ca2B0x3eeaB0x232fB0x137c
0x4808	0x47f5B0x47b8B0x467aB0x464aB0x40c3B0x232fB0x137c
0x4808	0x47f5B0x47b8B0x467aB0x3ca2B0x2dfdB0x232fB0x15e2
0x4808	0x47f5B0x47b8B0x467aB0x3ca2B0x3eeaB0x232fB0x15e2
0x4808	0x47f5B0x47b8B0x467aB0x464aB0x40c3B0x232fB0x15e2
0x480a	0x47f5B0x47b8B0x467aB0x464aB0x381f
0x480a	0x47f5B0x47b8B0x467aB0x3ca2B0x3c13
0x480a	0x47f5B0x47b8B0x467aB0x3ca2B0x382e
0x480a	0x47f5B0x47b8B0x467aB0x3ca2B0x2dfdB0x232fB0x137c
0x480a	0x47f5B0x47b8B0x467aB0x3ca2B0x3eeaB0x232fB0x137c
0x480a	0x47f5B0x47b8B0x467aB0x464aB0x40c3B0x232fB0x137c
0x480a	0x47f5B0x47b8B0x467aB0x3ca2B0x2dfdB0x232fB0x15e2
0x480a	0x47f5B0x47b8B0x467aB0x3ca2B0x3eeaB0x232fB0x15e2
0x480a	0x47f5B0x47b8B0x467aB0x464aB0x40c3B0x232fB0x15e2
0x480d	0x47f5B0x47b8B0x467aB0x464aB0x381f
0x480d	0x47f5B0x47b8B0x467aB0x3ca2B0x3c13
0x480d	0x47f5B0x47b8B0x467aB0x3ca2B0x382e
0x480d	0x47f5B0x47b8B0x467aB0x3ca2B0x2dfdB0x232fB0x137c
0x480d	0x47f5B0x47b8B0x467aB0x3ca2B0x3eeaB0x232fB0x137c
0x480d	0x47f5B0x47b8B0x467aB0x464aB0x40c3B0x232fB0x137c
0x480d	0x47f5B0x47b8B0x467aB0x3ca2B0x2dfdB0x232fB0x15e2
0x480d	0x47f5B0x47b8B0x467aB0x3ca2B0x3eeaB0x232fB0x15e2
0x480d	0x47f5B0x47b8B0x467aB0x464aB0x40c3B0x232fB0x15e2
0x480f	0x47f5B0x47b8B0x467aB0x464aB0x381f
0x480f	0x47f5B0x47b8B0x467aB0x3ca2B0x3c13
0x480f	0x47f5B0x47b8B0x467aB0x3ca2B0x382e
0x480f	0x47f5B0x47b8B0x467aB0x3ca2B0x2dfdB0x232fB0x137c
0x480f	0x47f5B0x47b8B0x467aB0x3ca2B0x3eeaB0x232fB0x137c
0x480f	0x47f5B0x47b8B0x467aB0x464aB0x40c3B0x232fB0x137c
0x480f	0x47f5B0x47b8B0x467aB0x3ca2B0x2dfdB0x232fB0x15e2
0x480f	0x47f5B0x47b8B0x467aB0x3ca2B0x3eeaB0x232fB0x15e2
0x480f	0x47f5B0x47b8B0x467aB0x464aB0x40c3B0x232fB0x15e2
0x4830	0x47f5B0x47b8B0x467aB0x464aB0x381f
0x4830	0x47f5B0x47b8B0x467aB0x3ca2B0x3c13
0x4830	0x47f5B0x47b8B0x467aB0x3ca2B0x382e
0x4830	0x47f5B0x47b8B0x467aB0x3ca2B0x2dfdB0x232fB0x137c
0x4830	0x47f5B0x47b8B0x467aB0x3ca2B0x3eeaB0x232fB0x137c
0x4830	0x47f5B0x47b8B0x467aB0x464aB0x40c3B0x232fB0x137c
0x4830	0x47f5B0x47b8B0x467aB0x3ca2B0x2dfdB0x232fB0x15e2
0x4830	0x47f5B0x47b8B0x467aB0x3ca2B0x3eeaB0x232fB0x15e2
0x4830	0x47f5B0x47b8B0x467aB0x464aB0x40c3B0x232fB0x15e2
0x4833	0x47f5B0x47b8B0x467aB0x464aB0x381f
0x4833	0x47f5B0x47b8B0x467aB0x3ca2B0x3c13
0x4833	0x47f5B0x47b8B0x467aB0x3ca2B0x382e
0x4833	0x47f5B0x47b8B0x467aB0x3ca2B0x2dfdB0x232fB0x137c
0x4833	0x47f5B0x47b8B0x467aB0x3ca2B0x3eeaB0x232fB0x137c
0x4833	0x47f5B0x47b8B0x467aB0x464aB0x40c3B0x232fB0x137c
0x4833	0x47f5B0x47b8B0x467aB0x3ca2B0x2dfdB0x232fB0x15e2
0x4833	0x47f5B0x47b8B0x467aB0x3ca2B0x3eeaB0x232fB0x15e2
0x4833	0x47f5B0x47b8B0x467aB0x464aB0x40c3B0x232fB0x15e2
0x4835	0x47f5B0x47b8B0x467aB0x464aB0x381f
0x4835	0x47f5B0x47b8B0x467aB0x3ca2B0x3c13
0x4835	0x47f5B0x47b8B0x467aB0x3ca2B0x382e
0x4835	0x47f5B0x47b8B0x467aB0x3ca2B0x2dfdB0x232fB0x137c
0x4835	0x47f5B0x47b8B0x467aB0x3ca2B0x3eeaB0x232fB0x137c
0x4835	0x47f5B0x47b8B0x467aB0x464aB0x40c3B0x232fB0x137c
0x4835	0x47f5B0x47b8B0x467aB0x3ca2B0x2dfdB0x232fB0x15e2
0x4835	0x47f5B0x47b8B0x467aB0x3ca2B0x3eeaB0x232fB0x15e2
0x4835	0x47f5B0x47b8B0x467aB0x464aB0x40c3B0x232fB0x15e2
0x4837	0x47f5B0x47b8B0x467aB0x464aB0x381f
0x4837	0x47f5B0x47b8B0x467aB0x3ca2B0x3c13
0x4837	0x47f5B0x47b8B0x467aB0x3ca2B0x382e
0x4837	0x47f5B0x47b8B0x467aB0x3ca2B0x2dfdB0x232fB0x137c
0x4837	0x47f5B0x47b8B0x467aB0x3ca2B0x3eeaB0x232fB0x137c
0x4837	0x47f5B0x47b8B0x467aB0x464aB0x40c3B0x232fB0x137c
0x4837	0x47f5B0x47b8B0x467aB0x3ca2B0x2dfdB0x232fB0x15e2
0x4837	0x47f5B0x47b8B0x467aB0x3ca2B0x3eeaB0x232fB0x15e2
0x4837	0x47f5B0x47b8B0x467aB0x464aB0x40c3B0x232fB0x15e2
0x4838	0x47f5B0x47b8B0x467aB0x464aB0x381f
0x4838	0x47f5B0x47b8B0x467aB0x3ca2B0x3c13
0x4838	0x47f5B0x47b8B0x467aB0x3ca2B0x382e
0x4838	0x47f5B0x47b8B0x467aB0x3ca2B0x2dfdB0x232fB0x137c
0x4838	0x47f5B0x47b8B0x467aB0x3ca2B0x3eeaB0x232fB0x137c
0x4838	0x47f5B0x47b8B0x467aB0x464aB0x40c3B0x232fB0x137c
0x4838	0x47f5B0x47b8B0x467aB0x3ca2B0x2dfdB0x232fB0x15e2
0x4838	0x47f5B0x47b8B0x467aB0x3ca2B0x3eeaB0x232fB0x15e2
0x4838	0x47f5B0x47b8B0x467aB0x464aB0x40c3B0x232fB0x15e2
0x4844	0x4843B0x47b8B0x467aB0x464aB0x381f
0x4844	0x4843B0x47b8B0x467aB0x3ca2B0x3c13
0x4844	0x4843B0x47b8B0x467aB0x3ca2B0x382e
0x4844	0x4843B0x47b8B0x467aB0x3ca2B0x2dfdB0x232fB0x137c
0x4844	0x4843B0x47b8B0x467aB0x3ca2B0x3eeaB0x232fB0x137c
0x4844	0x4843B0x47b8B0x467aB0x464aB0x40c3B0x232fB0x137c
0x4844	0x4843B0x47b8B0x467aB0x3ca2B0x2dfdB0x232fB0x15e2
0x4844	0x4843B0x47b8B0x467aB0x3ca2B0x3eeaB0x232fB0x15e2
0x4844	0x4843B0x47b8B0x467aB0x464aB0x40c3B0x232fB0x15e2
0x484a	0x4843B0x47b8B0x467aB0x464aB0x381f
0x484a	0x4843B0x47b8B0x467aB0x3ca2B0x3c13
0x484a	0x4843B0x47b8B0x467aB0x3ca2B0x382e
0x484a	0x4843B0x47b8B0x467aB0x3ca2B0x2dfdB0x232fB0x137c
0x484a	0x4843B0x47b8B0x467aB0x3ca2B0x3eeaB0x232fB0x137c
0x484a	0x4843B0x47b8B0x467aB0x464aB0x40c3B0x232fB0x137c
0x484a	0x4843B0x47b8B0x467aB0x3ca2B0x2dfdB0x232fB0x15e2
0x484a	0x4843B0x47b8B0x467aB0x3ca2B0x3eeaB0x232fB0x15e2
0x484a	0x4843B0x47b8B0x467aB0x464aB0x40c3B0x232fB0x15e2
0x484b	0x4843B0x47b8B0x467aB0x464aB0x381f
0x484b	0x4843B0x47b8B0x467aB0x3ca2B0x3c13
0x484b	0x4843B0x47b8B0x467aB0x3ca2B0x382e
0x484b	0x4843B0x47b8B0x467aB0x3ca2B0x2dfdB0x232fB0x137c
0x484b	0x4843B0x47b8B0x467aB0x3ca2B0x3eeaB0x232fB0x137c
0x484b	0x4843B0x47b8B0x467aB0x464aB0x40c3B0x232fB0x137c
0x484b	0x4843B0x47b8B0x467aB0x3ca2B0x2dfdB0x232fB0x15e2
0x484b	0x4843B0x47b8B0x467aB0x3ca2B0x3eeaB0x232fB0x15e2
0x484b	0x4843B0x47b8B0x467aB0x464aB0x40c3B0x232fB0x15e2
0x484c	0x4843B0x47b8B0x467aB0x464aB0x381f
0x484c	0x4843B0x47b8B0x467aB0x3ca2B0x3c13
0x484c	0x4843B0x47b8B0x467aB0x3ca2B0x382e
0x484c	0x4843B0x47b8B0x467aB0x3ca2B0x2dfdB0x232fB0x137c
0x484c	0x4843B0x47b8B0x467aB0x3ca2B0x3eeaB0x232fB0x137c
0x484c	0x4843B0x47b8B0x467aB0x464aB0x40c3B0x232fB0x137c
0x484c	0x4843B0x47b8B0x467aB0x3ca2B0x2dfdB0x232fB0x15e2
0x484c	0x4843B0x47b8B0x467aB0x3ca2B0x3eeaB0x232fB0x15e2
0x484c	0x4843B0x47b8B0x467aB0x464aB0x40c3B0x232fB0x15e2
0x4851	0x4850B0x47b8B0x467aB0x464aB0x381f
0x4851	0x4850B0x47b8B0x467aB0x3ca2B0x3c13
0x4851	0x4850B0x47b8B0x467aB0x3ca2B0x382e
0x4851	0x4850B0x47b8B0x467aB0x3ca2B0x2dfdB0x232fB0x137c
0x4851	0x4850B0x47b8B0x467aB0x3ca2B0x3eeaB0x232fB0x137c
0x4851	0x4850B0x47b8B0x467aB0x464aB0x40c3B0x232fB0x137c
0x4851	0x4850B0x47b8B0x467aB0x3ca2B0x2dfdB0x232fB0x15e2
0x4851	0x4850B0x47b8B0x467aB0x3ca2B0x3eeaB0x232fB0x15e2
0x4851	0x4850B0x47b8B0x467aB0x464aB0x40c3B0x232fB0x15e2
0x4854	0x4850B0x47b8B0x467aB0x464aB0x381f
0x4854	0x4850B0x47b8B0x467aB0x3ca2B0x3c13
0x4854	0x4850B0x47b8B0x467aB0x3ca2B0x382e
0x4854	0x4850B0x47b8B0x467aB0x3ca2B0x2dfdB0x232fB0x137c
0x4854	0x4850B0x47b8B0x467aB0x3ca2B0x3eeaB0x232fB0x137c
0x4854	0x4850B0x47b8B0x467aB0x464aB0x40c3B0x232fB0x137c
0x4854	0x4850B0x47b8B0x467aB0x3ca2B0x2dfdB0x232fB0x15e2
0x4854	0x4850B0x47b8B0x467aB0x3ca2B0x3eeaB0x232fB0x15e2
0x4854	0x4850B0x47b8B0x467aB0x464aB0x40c3B0x232fB0x15e2
0x4856	0x4850B0x47b8B0x467aB0x464aB0x381f
0x4856	0x4850B0x47b8B0x467aB0x3ca2B0x3c13
0x4856	0x4850B0x47b8B0x467aB0x3ca2B0x382e
0x4856	0x4850B0x47b8B0x467aB0x3ca2B0x2dfdB0x232fB0x137c
0x4856	0x4850B0x47b8B0x467aB0x3ca2B0x3eeaB0x232fB0x137c
0x4856	0x4850B0x47b8B0x467aB0x464aB0x40c3B0x232fB0x137c
0x4856	0x4850B0x47b8B0x467aB0x3ca2B0x2dfdB0x232fB0x15e2
0x4856	0x4850B0x47b8B0x467aB0x3ca2B0x3eeaB0x232fB0x15e2
0x4856	0x4850B0x47b8B0x467aB0x464aB0x40c3B0x232fB0x15e2
0x485a	0x4858B0x47b8B0x467aB0x464aB0x381f
0x485a	0x4858B0x47b8B0x467aB0x3ca2B0x3c13
0x485a	0x4858B0x47b8B0x467aB0x3ca2B0x382e
0x485a	0x4858B0x47b8B0x467aB0x3ca2B0x2dfdB0x232fB0x137c
0x485a	0x4858B0x47b8B0x467aB0x3ca2B0x3eeaB0x232fB0x137c
0x485a	0x4858B0x47b8B0x467aB0x464aB0x40c3B0x232fB0x137c
0x485a	0x4858B0x47b8B0x467aB0x3ca2B0x2dfdB0x232fB0x15e2
0x485a	0x4858B0x47b8B0x467aB0x3ca2B0x3eeaB0x232fB0x15e2
0x485a	0x4858B0x47b8B0x467aB0x464aB0x40c3B0x232fB0x15e2
0x485c	0x4858B0x47b8B0x467aB0x464aB0x381f
0x485c	0x4858B0x47b8B0x467aB0x3ca2B0x3c13
0x485c	0x4858B0x47b8B0x467aB0x3ca2B0x382e
0x485c	0x4858B0x47b8B0x467aB0x3ca2B0x2dfdB0x232fB0x137c
0x485c	0x4858B0x47b8B0x467aB0x3ca2B0x3eeaB0x232fB0x137c
0x485c	0x4858B0x47b8B0x467aB0x464aB0x40c3B0x232fB0x137c
0x485c	0x4858B0x47b8B0x467aB0x3ca2B0x2dfdB0x232fB0x15e2
0x485c	0x4858B0x47b8B0x467aB0x3ca2B0x3eeaB0x232fB0x15e2
0x485c	0x4858B0x47b8B0x467aB0x464aB0x40c3B0x232fB0x15e2
0x485d	0x4858B0x47b8B0x467aB0x464aB0x381f
0x485d	0x4858B0x47b8B0x467aB0x3ca2B0x3c13
0x485d	0x4858B0x47b8B0x467aB0x3ca2B0x382e
0x485d	0x4858B0x47b8B0x467aB0x3ca2B0x2dfdB0x232fB0x137c
0x485d	0x4858B0x47b8B0x467aB0x3ca2B0x3eeaB0x232fB0x137c
0x485d	0x4858B0x47b8B0x467aB0x464aB0x40c3B0x232fB0x137c
0x485d	0x4858B0x47b8B0x467aB0x3ca2B0x2dfdB0x232fB0x15e2
0x485d	0x4858B0x47b8B0x467aB0x3ca2B0x3eeaB0x232fB0x15e2
0x485d	0x4858B0x47b8B0x467aB0x464aB0x40c3B0x232fB0x15e2
0x4861	0x4858B0x47b8B0x467aB0x464aB0x381f
0x4861	0x4858B0x47b8B0x467aB0x3ca2B0x3c13
0x4861	0x4858B0x47b8B0x467aB0x3ca2B0x382e
0x4861	0x4858B0x47b8B0x467aB0x3ca2B0x2dfdB0x232fB0x137c
0x4861	0x4858B0x47b8B0x467aB0x3ca2B0x3eeaB0x232fB0x137c
0x4861	0x4858B0x47b8B0x467aB0x464aB0x40c3B0x232fB0x137c
0x4861	0x4858B0x47b8B0x467aB0x3ca2B0x2dfdB0x232fB0x15e2
0x4861	0x4858B0x47b8B0x467aB0x3ca2B0x3eeaB0x232fB0x15e2
0x4861	0x4858B0x47b8B0x467aB0x464aB0x40c3B0x232fB0x15e2
0x4863	0x4858B0x47b8B0x467aB0x464aB0x381f
0x4863	0x4858B0x47b8B0x467aB0x3ca2B0x3c13
0x4863	0x4858B0x47b8B0x467aB0x3ca2B0x382e
0x4863	0x4858B0x47b8B0x467aB0x3ca2B0x2dfdB0x232fB0x137c
0x4863	0x4858B0x47b8B0x467aB0x3ca2B0x3eeaB0x232fB0x137c
0x4863	0x4858B0x47b8B0x467aB0x464aB0x40c3B0x232fB0x137c
0x4863	0x4858B0x47b8B0x467aB0x3ca2B0x2dfdB0x232fB0x15e2
0x4863	0x4858B0x47b8B0x467aB0x3ca2B0x3eeaB0x232fB0x15e2
0x4863	0x4858B0x47b8B0x467aB0x464aB0x40c3B0x232fB0x15e2
0x4866	0x4858B0x47b8B0x467aB0x464aB0x381f
0x4866	0x4858B0x47b8B0x467aB0x3ca2B0x3c13
0x4866	0x4858B0x47b8B0x467aB0x3ca2B0x382e
0x4866	0x4858B0x47b8B0x467aB0x3ca2B0x2dfdB0x232fB0x137c
0x4866	0x4858B0x47b8B0x467aB0x3ca2B0x3eeaB0x232fB0x137c
0x4866	0x4858B0x47b8B0x467aB0x464aB0x40c3B0x232fB0x137c
0x4866	0x4858B0x47b8B0x467aB0x3ca2B0x2dfdB0x232fB0x15e2
0x4866	0x4858B0x47b8B0x467aB0x3ca2B0x3eeaB0x232fB0x15e2
0x4866	0x4858B0x47b8B0x467aB0x464aB0x40c3B0x232fB0x15e2
0x4868	0x4858B0x47b8B0x467aB0x464aB0x381f
0x4868	0x4858B0x47b8B0x467aB0x3ca2B0x3c13
0x4868	0x4858B0x47b8B0x467aB0x3ca2B0x382e
0x4868	0x4858B0x47b8B0x467aB0x3ca2B0x2dfdB0x232fB0x137c
0x4868	0x4858B0x47b8B0x467aB0x3ca2B0x3eeaB0x232fB0x137c
0x4868	0x4858B0x47b8B0x467aB0x464aB0x40c3B0x232fB0x137c
0x4868	0x4858B0x47b8B0x467aB0x3ca2B0x2dfdB0x232fB0x15e2
0x4868	0x4858B0x47b8B0x467aB0x3ca2B0x3eeaB0x232fB0x15e2
0x4868	0x4858B0x47b8B0x467aB0x464aB0x40c3B0x232fB0x15e2
0x4869	0x4858B0x47b8B0x467aB0x464aB0x381f
0x4869	0x4858B0x47b8B0x467aB0x3ca2B0x3c13
0x4869	0x4858B0x47b8B0x467aB0x3ca2B0x382e
0x4869	0x4858B0x47b8B0x467aB0x3ca2B0x2dfdB0x232fB0x137c
0x4869	0x4858B0x47b8B0x467aB0x3ca2B0x3eeaB0x232fB0x137c
0x4869	0x4858B0x47b8B0x467aB0x464aB0x40c3B0x232fB0x137c
0x4869	0x4858B0x47b8B0x467aB0x3ca2B0x2dfdB0x232fB0x15e2
0x4869	0x4858B0x47b8B0x467aB0x3ca2B0x3eeaB0x232fB0x15e2
0x4869	0x4858B0x47b8B0x467aB0x464aB0x40c3B0x232fB0x15e2
0x486e	0x4858B0x47b8B0x467aB0x464aB0x381f
0x486e	0x4858B0x47b8B0x467aB0x3ca2B0x3c13
0x486e	0x4858B0x47b8B0x467aB0x3ca2B0x382e
0x486e	0x4858B0x47b8B0x467aB0x3ca2B0x2dfdB0x232fB0x137c
0x486e	0x4858B0x47b8B0x467aB0x3ca2B0x3eeaB0x232fB0x137c
0x486e	0x4858B0x47b8B0x467aB0x464aB0x40c3B0x232fB0x137c
0x486e	0x4858B0x47b8B0x467aB0x3ca2B0x2dfdB0x232fB0x15e2
0x486e	0x4858B0x47b8B0x467aB0x3ca2B0x3eeaB0x232fB0x15e2
0x486e	0x4858B0x47b8B0x467aB0x464aB0x40c3B0x232fB0x15e2
0x4bfd	0x4bfcB0x47c
0x4c00	0x4bfcB0x47c
0x4c03	0x4bfcB0x47c
0x4c05	0x4bfcB0x47c
0x4c09	0x4bfcB0x47c
0x4c0a	0x4bfcB0x47c
0x4c0b	0x4bfcB0x47c
0x4c0c	0x4bfcB0x47c
0x4c10	0x4c10B0x47c
0x4c16	0x4c14B0x47c
0x4c19	0x4c14B0x47c
0x4c1c	0x4c14B0x47c
0x4c1d	0x4c14B0x47c
0x4c1e	0x4c14B0x47c
0x4c22	0x4c14B0x47c
0x4c29	0x4c26B0x47c
0x4c2c	0x4c26B0x47c
0x4c2d	0x4c26B0x47c
0x4c2e	0x4c26B0x47c
0x4c30	0x4c26B0x47c
0x4c32	0x4c26B0x47c
0x4c34	0x4c26B0x47c
0x4c35	0x4c26B0x47c
0x4c38	0x4c26B0x47c
0x4c39	0x4c26B0x47c
0x4c3a	0x4c26B0x47c
0x4c3e	0x4c3eB0x47c
0x4c43	0x4c42B0x47c
0x4c49	0x4c42B0x47c
0x4c4a	0x4c42B0x47c
0x4c54	0x4c4eB0x47c
0x4c57	0x4c4eB0x47c
0x4c58	0x4c4eB0x47c
0x4c5d	0x4c4eB0x47c
0x4c5e	0x4c4eB0x47c
0x4c5f	0x4c4eB0x47c
0x4c63	0x4c63B0x47c
0x4c69	0x4c67B0x47c
0x4c6f	0x4c67B0x47c
0x4c70	0x4c67B0x47c
0x5220	0x521fB0x11c4
0x5243	0x521fB0x11c4
0x5246	0x521fB0x11c4
0x5247	0x521fB0x11c4
0x524b	0x521fB0x11c4
0x524e	0x521fB0x11c4
0x524f	0x521fB0x11c4
0x5252	0x521fB0x11c4
0x5253	0x521fB0x11c4
0x5258	0x5257B0x11c4
0x526a	0x5257B0x11c4
0x526c	0x5257B0x11c4
0x526d	0x5257B0x11c4
0x5271	0x5257B0x11c4
0x5274	0x5257B0x11c4
0x5277	0x5257B0x11c4
0x5278	0x5257B0x11c4
0x527c	0x5257B0x11c4
0x527f	0x5257B0x11c4
0x5280	0x5257B0x11c4
0x5283	0x5257B0x11c4
0x5284	0x5257B0x11c4
0x5289	0x5288B0x11c4
0x528a	0x5288B0x11c4
0x528c	0x5288B0x11c4
0x5355	0x534fB0x1ab5B0x137c
0x5355	0x534fB0x1ab5B0x15e2
0x5358	0x534fB0x1ab5B0x137c
0x5358	0x534fB0x1ab5B0x15e2
0x535b	0x534fB0x1ab5B0x137c
0x535b	0x534fB0x1ab5B0x15e2
0x535f	0x534fB0x1ab5B0x137c
0x535f	0x534fB0x1ab5B0x15e2
0x5360	0x534fB0x1ab5B0x137c
0x5360	0x534fB0x1ab5B0x15e2
0x5364	0x534fB0x1ab5B0x137c
0x5364	0x534fB0x1ab5B0x15e2
0x5369	0x534fB0x1ab5B0x137c
0x5369	0x534fB0x1ab5B0x15e2
0x536d	0x534fB0x1ab5B0x137c
0x536d	0x534fB0x1ab5B0x15e2
0x536e	0x534fB0x1ab5B0x137c
0x536e	0x534fB0x1ab5B0x15e2
0x5370	0x534fB0x1ab5B0x137c
0x5370	0x534fB0x1ab5B0x15e2
0x5371	0x534fB0x1ab5B0x137c
0x5371	0x534fB0x1ab5B0x15e2
0x5374	0x534fB0x1ab5B0x137c
0x5374	0x534fB0x1ab5B0x15e2
0x5375	0x534fB0x1ab5B0x137c
0x5375	0x534fB0x1ab5B0x15e2
0x53ce	0x53cdB0x1ab5B0x137c
0x53ce	0x53cdB0x1ab5B0x15e2
0x53d0	0x53cdB0x1ab5B0x137c
0x53d0	0x53cdB0x1ab5B0x15e2
0x53d3	0x53cdB0x1ab5B0x137c
0x53d3	0x53cdB0x1ab5B0x15e2
0x53d7	0x53cdB0x1ab5B0x137c
0x53d7	0x53cdB0x1ab5B0x15e2
0x53d9	0x53cdB0x1ab5B0x137c
0x53d9	0x53cdB0x1ab5B0x15e2
0x53dc	0x53cdB0x1ab5B0x137c
0x53dc	0x53cdB0x1ab5B0x15e2
0x53df	0x53cdB0x1ab5B0x137c
0x53df	0x53cdB0x1ab5B0x15e2
0x53e1	0x53cdB0x1ab5B0x137c
0x53e1	0x53cdB0x1ab5B0x15e2
0x53e3	0x53cdB0x1ab5B0x137c
0x53e3	0x53cdB0x1ab5B0x15e2
0x53e6	0x53cdB0x1ab5B0x137c
0x53e6	0x53cdB0x1ab5B0x15e2
0x53ec	0x53cdB0x1ab5B0x137c
0x53ec	0x53cdB0x1ab5B0x15e2
0x53ef	0x53cdB0x1ab5B0x137c
0x53ef	0x53cdB0x1ab5B0x15e2
0x53f2	0x53cdB0x1ab5B0x137c
0x53f2	0x53cdB0x1ab5B0x15e2
0x53f5	0x53cdB0x1ab5B0x137c
0x53f5	0x53cdB0x1ab5B0x15e2
0x53f7	0x53cdB0x1ab5B0x137c
0x53f7	0x53cdB0x1ab5B0x15e2
0x53f9	0x53cdB0x1ab5B0x137c
0x53f9	0x53cdB0x1ab5B0x15e2
0x53fa	0x53cdB0x1ab5B0x137c
0x53fa	0x53cdB0x1ab5B0x15e2
0x53fe	0x53cdB0x1ab5B0x137c
0x53fe	0x53cdB0x1ab5B0x15e2
0x5403	0x5400B0x1ab5B0x137c
0x5403	0x5400B0x1ab5B0x15e2
0x5404	0x5400B0x1ab5B0x137c
0x5404	0x5400B0x1ab5B0x15e2
0x5405	0x5400B0x1ab5B0x137c
0x5405	0x5400B0x1ab5B0x15e2
0x540b	0x5409B0x1ab5B0x137c
0x540b	0x5409B0x1ab5B0x15e2
0x540c	0x5409B0x1ab5B0x137c
0x540c	0x5409B0x1ab5B0x15e2
0x540e	0x5409B0x1ab5B0x137c
0x540e	0x5409B0x1ab5B0x15e2
0x540f	0x5409B0x1ab5B0x137c
0x540f	0x5409B0x1ab5B0x15e2
0x5413	0x5409B0x1ab5B0x137c
0x5413	0x5409B0x1ab5B0x15e2
0x5414	0x5409B0x1ab5B0x137c
0x5414	0x5409B0x1ab5B0x15e2
0x5417	0x5409B0x1ab5B0x137c
0x5417	0x5409B0x1ab5B0x15e2
0x5418	0x5409B0x1ab5B0x137c
0x5418	0x5409B0x1ab5B0x15e2
0x541a	0x5409B0x1ab5B0x137c
0x541a	0x5409B0x1ab5B0x15e2
0x541b	0x5409B0x1ab5B0x137c
0x541b	0x5409B0x1ab5B0x15e2
0x541d	0x5409B0x1ab5B0x137c
0x541d	0x5409B0x1ab5B0x15e2
0x541e	0x5409B0x1ab5B0x137c
0x541e	0x5409B0x1ab5B0x15e2
0x5422	0x5422B0x1ab5B0x137c
0x5422	0x5422B0x1ab5B0x15e2
0x5428	0x5426B0x1ab5B0x137c
0x5428	0x5426B0x1ab5B0x15e2
0x542b	0x5426B0x1ab5B0x137c
0x542b	0x5426B0x1ab5B0x15e2
0x542d	0x5426B0x1ab5B0x137c
0x542d	0x5426B0x1ab5B0x15e2
0x542e	0x5426B0x1ab5B0x137c
0x542e	0x5426B0x1ab5B0x15e2
0x5430	0x5426B0x1ab5B0x137c
0x5430	0x5426B0x1ab5B0x15e2
0x5432	0x5426B0x1ab5B0x137c
0x5432	0x5426B0x1ab5B0x15e2
0x5434	0x5426B0x1ab5B0x137c
0x5434	0x5426B0x1ab5B0x15e2
0x5435	0x5426B0x1ab5B0x137c
0x5435	0x5426B0x1ab5B0x15e2
0x5437	0x5426B0x1ab5B0x137c
0x5437	0x5426B0x1ab5B0x15e2
0x5438	0x5426B0x1ab5B0x137c
0x5438	0x5426B0x1ab5B0x15e2
0x5439	0x5426B0x1ab5B0x137c
0x5439	0x5426B0x1ab5B0x15e2
0x543d	0x543dB0x1ab5B0x137c
0x543d	0x543dB0x1ab5B0x15e2
0x5443	0x5441B0x1ab5B0x137c
0x5443	0x5441B0x1ab5B0x15e2
0x5444	0x5441B0x1ab5B0x137c
0x5444	0x5441B0x1ab5B0x15e2
0x5446	0x5441B0x1ab5B0x137c
0x5446	0x5441B0x1ab5B0x15e2
0x5447	0x5441B0x1ab5B0x137c
0x5447	0x5441B0x1ab5B0x15e2
0x5448	0x5441B0x1ab5B0x137c
0x5448	0x5441B0x1ab5B0x15e2
0x544c	0x544cB0x1ab5B0x137c
0x544c	0x544cB0x1ab5B0x15e2
0x5451	0x5450B0x1ab5B0x137c
0x5451	0x5450B0x1ab5B0x15e2
0x5457	0x5450B0x1ab5B0x137c
0x5457	0x5450B0x1ab5B0x15e2
0x5462	0x545bB0x1ab5B0x137c
0x5462	0x545bB0x1ab5B0x15e2
0x5466	0x545bB0x1ab5B0x137c
0x5466	0x545bB0x1ab5B0x15e2
0x5468	0x545bB0x1ab5B0x137c
0x5468	0x545bB0x1ab5B0x15e2
0x546a	0x545bB0x1ab5B0x137c
0x546a	0x545bB0x1ab5B0x15e2
0x546b	0x545bB0x1ab5B0x137c
0x546b	0x545bB0x1ab5B0x15e2
0x5476	0x546fB0x1ab5B0x137c
0x5476	0x546fB0x1ab5B0x15e2
0x5477	0x546fB0x1ab5B0x137c
0x5477	0x546fB0x1ab5B0x15e2
0x547a	0x546fB0x1ab5B0x137c
0x547a	0x546fB0x1ab5B0x15e2
0x547c	0x546fB0x1ab5B0x137c
0x547c	0x546fB0x1ab5B0x15e2
0x5481	0x546fB0x1ab5B0x137c
0x5481	0x546fB0x1ab5B0x15e2
0xbe32	0xbe31B0x23d7B0x137c
0xbe32	0xbe31B0x25c0B0x137c
0xbe32	0xbe31B0x26daB0x137c
0xbe32	0xbe31B0x2c4aB0x232fB0x137c
0xbe32	0xbe31B0x320eB0x232fB0x137c
0xbe32	0xbe31B0x23d7B0x15e2
0xbe32	0xbe31B0x25c0B0x15e2
0xbe32	0xbe31B0x26daB0x15e2
0xbe32	0xbe31B0x2c4aB0x232fB0x15e2
0xbe32	0xbe31B0x320eB0x232fB0x15e2
0xbe34	0xbe31B0x23d7B0x137c
0xbe34	0xbe31B0x25c0B0x137c
0xbe34	0xbe31B0x26daB0x137c
0xbe34	0xbe31B0x2c4aB0x232fB0x137c
0xbe34	0xbe31B0x320eB0x232fB0x137c
0xbe34	0xbe31B0x23d7B0x15e2
0xbe34	0xbe31B0x25c0B0x15e2
0xbe34	0xbe31B0x26daB0x15e2
0xbe34	0xbe31B0x2c4aB0x232fB0x15e2
0xbe34	0xbe31B0x320eB0x232fB0x15e2
0xbe37	0xbe31B0x23d7B0x137c
0xbe37	0xbe31B0x25c0B0x137c
0xbe37	0xbe31B0x26daB0x137c
0xbe37	0xbe31B0x2c4aB0x232fB0x137c
0xbe37	0xbe31B0x320eB0x232fB0x137c
0xbe37	0xbe31B0x23d7B0x15e2
0xbe37	0xbe31B0x25c0B0x15e2
0xbe37	0xbe31B0x26daB0x15e2
0xbe37	0xbe31B0x2c4aB0x232fB0x15e2
0xbe37	0xbe31B0x320eB0x232fB0x15e2
0xbe5a	0xbe59B0x23d7B0x137c
0xbe5a	0xbe59B0x25c0B0x137c
0xbe5a	0xbe59B0x26daB0x137c
0xbe5a	0xbe59B0x2c4aB0x232fB0x137c
0xbe5a	0xbe59B0x320eB0x232fB0x137c
0xbe5a	0xbe59B0x23d7B0x15e2
0xbe5a	0xbe59B0x25c0B0x15e2
0xbe5a	0xbe59B0x26daB0x15e2
0xbe5a	0xbe59B0x2c4aB0x232fB0x15e2
0xbe5a	0xbe59B0x320eB0x232fB0x15e2
0xbe5c	0xbe59B0x23d7B0x137c
0xbe5c	0xbe59B0x25c0B0x137c
0xbe5c	0xbe59B0x26daB0x137c
0xbe5c	0xbe59B0x2c4aB0x232fB0x137c
0xbe5c	0xbe59B0x320eB0x232fB0x137c
0xbe5c	0xbe59B0x23d7B0x15e2
0xbe5c	0xbe59B0x25c0B0x15e2
0xbe5c	0xbe59B0x26daB0x15e2
0xbe5c	0xbe59B0x2c4aB0x232fB0x15e2
0xbe5c	0xbe59B0x320eB0x232fB0x15e2
0xbe5f	0xbe59B0x23d7B0x137c
0xbe5f	0xbe59B0x25c0B0x137c
0xbe5f	0xbe59B0x26daB0x137c
0xbe5f	0xbe59B0x2c4aB0x232fB0x137c
0xbe5f	0xbe59B0x320eB0x232fB0x137c
0xbe5f	0xbe59B0x23d7B0x15e2
0xbe5f	0xbe59B0x25c0B0x15e2
0xbe5f	0xbe59B0x26daB0x15e2
0xbe5f	0xbe59B0x2c4aB0x232fB0x15e2
0xbe5f	0xbe59B0x320eB0x232fB0x15e2
0xc0e6	0xc0e5B0x47b8B0x467aB0x464aB0x381f
0xc0e6	0xc0e5B0x47b8B0x467aB0x3ca2B0x3c13
0xc0e6	0xc0e5B0x47b8B0x467aB0x3ca2B0x382e
0xc0e6	0xc0e5B0x47b8B0x467aB0x3ca2B0x2dfdB0x232fB0x137c
0xc0e6	0xc0e5B0x47b8B0x467aB0x3ca2B0x3eeaB0x232fB0x137c
0xc0e6	0xc0e5B0x47b8B0x467aB0x464aB0x40c3B0x232fB0x137c
0xc0e6	0xc0e5B0x47b8B0x467aB0x3ca2B0x2dfdB0x232fB0x15e2
0xc0e6	0xc0e5B0x47b8B0x467aB0x3ca2B0x3eeaB0x232fB0x15e2
0xc0e6	0xc0e5B0x47b8B0x467aB0x464aB0x40c3B0x232fB0x15e2
0xc0e8	0xc0e5B0x47b8B0x467aB0x464aB0x381f
0xc0e8	0xc0e5B0x47b8B0x467aB0x3ca2B0x3c13
0xc0e8	0xc0e5B0x47b8B0x467aB0x3ca2B0x382e
0xc0e8	0xc0e5B0x47b8B0x467aB0x3ca2B0x2dfdB0x232fB0x137c
0xc0e8	0xc0e5B0x47b8B0x467aB0x3ca2B0x3eeaB0x232fB0x137c
0xc0e8	0xc0e5B0x47b8B0x467aB0x464aB0x40c3B0x232fB0x137c
0xc0e8	0xc0e5B0x47b8B0x467aB0x3ca2B0x2dfdB0x232fB0x15e2
0xc0e8	0xc0e5B0x47b8B0x467aB0x3ca2B0x3eeaB0x232fB0x15e2
0xc0e8	0xc0e5B0x47b8B0x467aB0x464aB0x40c3B0x232fB0x15e2
0xc0eb	0xc0e5B0x47b8B0x467aB0x464aB0x381f
0xc0eb	0xc0e5B0x47b8B0x467aB0x3ca2B0x3c13
0xc0eb	0xc0e5B0x47b8B0x467aB0x3ca2B0x382e
0xc0eb	0xc0e5B0x47b8B0x467aB0x3ca2B0x2dfdB0x232fB0x137c
0xc0eb	0xc0e5B0x47b8B0x467aB0x3ca2B0x3eeaB0x232fB0x137c
0xc0eb	0xc0e5B0x47b8B0x467aB0x464aB0x40c3B0x232fB0x137c
0xc0eb	0xc0e5B0x47b8B0x467aB0x3ca2B0x2dfdB0x232fB0x15e2
0xc0eb	0xc0e5B0x47b8B0x467aB0x3ca2B0x3eeaB0x232fB0x15e2
0xc0eb	0xc0e5B0x47b8B0x467aB0x464aB0x40c3B0x232fB0x15e2
0x31830	0x35eeB0x23d7B0x137c
0x31830	0x35eeB0x25c0B0x137c
0x31830	0x35eeB0x26daB0x137c
0x31830	0x35eeB0x2c4aB0x232fB0x137c
0x31830	0x35eeB0x320eB0x232fB0x137c
0x31830	0x35eeB0x23d7B0x15e2
0x31830	0x35eeB0x25c0B0x15e2
0x31830	0x35eeB0x26daB0x15e2
0x31830	0x35eeB0x2c4aB0x232fB0x15e2
0x31830	0x35eeB0x320eB0x232fB0x15e2
0x32230	0x3659B0x23d7B0x137c
0x32230	0x3659B0x25c0B0x137c
0x32230	0x3659B0x26daB0x137c
0x32230	0x3659B0x2c4aB0x232fB0x137c
0x32230	0x3659B0x320eB0x232fB0x137c
0x32230	0x3659B0x23d7B0x15e2
0x32230	0x3659B0x25c0B0x15e2
0x32230	0x3659B0x26daB0x15e2
0x32230	0x3659B0x2c4aB0x232fB0x15e2
0x32230	0x3659B0x320eB0x232fB0x15e2
0x32c30	0x366cB0x23d7B0x137c
0x32c30	0x366cB0x25c0B0x137c
0x32c30	0x366cB0x26daB0x137c
0x32c30	0x366cB0x2c4aB0x232fB0x137c
0x32c30	0x366cB0x320eB0x232fB0x137c
0x32c30	0x366cB0x23d7B0x15e2
0x32c30	0x366cB0x25c0B0x15e2
0x32c30	0x366cB0x26daB0x15e2
0x32c30	0x366cB0x2c4aB0x232fB0x15e2
0x32c30	0x366cB0x320eB0x232fB0x15e2
0x33630	0x36ddB0x23d7B0x137c
0x33630	0x36ddB0x25c0B0x137c
0x33630	0x36ddB0x26daB0x137c
0x33630	0x36ddB0x2c4aB0x232fB0x137c
0x33630	0x36ddB0x320eB0x232fB0x137c
0x33630	0x36ddB0x23d7B0x15e2
0x33630	0x36ddB0x25c0B0x15e2
0x33630	0x36ddB0x26daB0x15e2
0x33630	0x36ddB0x2c4aB0x232fB0x15e2
0x33630	0x36ddB0x320eB0x232fB0x15e2
0x42630	0x53cdB0x1ab5B0x137c
0x42630	0x53cdB0x1ab5B0x15e2
0xff292	0xff290B0x3fd
0xff294	0xff290B0x3fd
0xff295	0xff290B0x3fd
0xff299	0xff290B0x3fd
0xff29a	0xff290B0x3fd
0xff29b	0xff290B0x3fd
0xff29d	0xff290B0x3fd
0xff29e	0xff290B0x3fd
0xff2a0	0xff290B0x3fd
0xff2a3	0xff290B0x3fd
0xff2a4	0xff290B0x3fd
0xff2ae	0xff290B0x3fd
0xff2b0	0xff290B0x3fd
0xff2b3	0xff290B0x3fd
0xff2b4	0xff290B0x3fd
0xff2b8	0xff290B0x3fd
0xff4b0	0xff4aeB0x5e7
0xff4b2	0xff4aeB0x5e7
0xff4b3	0xff4aeB0x5e7
0xff4b7	0xff4aeB0x5e7
0xff4b8	0xff4aeB0x5e7
0xff4b9	0xff4aeB0x5e7
0xff4bb	0xff4aeB0x5e7
0xff4bc	0xff4aeB0x5e7
0xff4be	0xff4aeB0x5e7
0xff4c1	0xff4aeB0x5e7
0xff4c2	0xff4aeB0x5e7
0xff4cc	0xff4aeB0x5e7
0xff4ce	0xff4aeB0x5e7
0xff4d1	0xff4aeB0x5e7
0xff4d2	0xff4aeB0x5e7
0xff4d6	0xff4aeB0x5e7
0xff93e	0xff93dB0x11c4
0xff940	0xff93dB0x11c4
0xff943	0xff93dB0x11c4
0x10017b	0x100178B0x47b8B0x467aB0x464aB0x381f
0x10017b	0x100178B0x47b8B0x467aB0x3ca2B0x3c13
0x10017b	0x100178B0x47b8B0x467aB0x3ca2B0x382e
0x10017b	0x100178B0x47b8B0x467aB0x3ca2B0x2dfdB0x232fB0x137c
0x10017b	0x100178B0x47b8B0x467aB0x3ca2B0x3eeaB0x232fB0x137c
0x10017b	0x100178B0x47b8B0x467aB0x464aB0x40c3B0x232fB0x137c
0x10017b	0x100178B0x47b8B0x467aB0x3ca2B0x2dfdB0x232fB0x15e2
0x10017b	0x100178B0x47b8B0x467aB0x3ca2B0x3eeaB0x232fB0x15e2
0x10017b	0x100178B0x47b8B0x467aB0x464aB0x40c3B0x232fB0x15e2
0x1001a1	0x10019eB0x47b8B0x467aB0x464aB0x381f
0x1001a1	0x10019eB0x47b8B0x467aB0x3ca2B0x3c13
0x1001a1	0x10019eB0x47b8B0x467aB0x3ca2B0x382e
0x1001a1	0x10019eB0x47b8B0x467aB0x3ca2B0x2dfdB0x232fB0x137c
0x1001a1	0x10019eB0x47b8B0x467aB0x3ca2B0x3eeaB0x232fB0x137c
0x1001a1	0x10019eB0x47b8B0x467aB0x464aB0x40c3B0x232fB0x137c
0x1001a1	0x10019eB0x47b8B0x467aB0x3ca2B0x2dfdB0x232fB0x15e2
0x1001a1	0x10019eB0x47b8B0x467aB0x3ca2B0x3eeaB0x232fB0x15e2
0x1001a1	0x10019eB0x47b8B0x467aB0x464aB0x40c3B0x232fB0x15e2
0x100213	0x100212B0x47b8B0x467aB0x464aB0x381f
0x100213	0x100212B0x47b8B0x467aB0x3ca2B0x3c13
0x100213	0x100212B0x47b8B0x467aB0x3ca2B0x382e
0x100213	0x100212B0x47b8B0x467aB0x3ca2B0x2dfdB0x232fB0x137c
0x100213	0x100212B0x47b8B0x467aB0x3ca2B0x3eeaB0x232fB0x137c
0x100213	0x100212B0x47b8B0x467aB0x464aB0x40c3B0x232fB0x137c
0x100213	0x100212B0x47b8B0x467aB0x3ca2B0x2dfdB0x232fB0x15e2
0x100213	0x100212B0x47b8B0x467aB0x3ca2B0x3eeaB0x232fB0x15e2
0x100213	0x100212B0x47b8B0x467aB0x464aB0x40c3B0x232fB0x15e2
0x100215	0x100212B0x47b8B0x467aB0x464aB0x381f
0x100215	0x100212B0x47b8B0x467aB0x3ca2B0x3c13
0x100215	0x100212B0x47b8B0x467aB0x3ca2B0x382e
0x100215	0x100212B0x47b8B0x467aB0x3ca2B0x2dfdB0x232fB0x137c
0x100215	0x100212B0x47b8B0x467aB0x3ca2B0x3eeaB0x232fB0x137c
0x100215	0x100212B0x47b8B0x467aB0x464aB0x40c3B0x232fB0x137c
0x100215	0x100212B0x47b8B0x467aB0x3ca2B0x2dfdB0x232fB0x15e2
0x100215	0x100212B0x47b8B0x467aB0x3ca2B0x3eeaB0x232fB0x15e2
0x100215	0x100212B0x47b8B0x467aB0x464aB0x40c3B0x232fB0x15e2
0x100218	0x100212B0x47b8B0x467aB0x464aB0x381f
0x100218	0x100212B0x47b8B0x467aB0x3ca2B0x3c13
0x100218	0x100212B0x47b8B0x467aB0x3ca2B0x382e
0x100218	0x100212B0x47b8B0x467aB0x3ca2B0x2dfdB0x232fB0x137c
0x100218	0x100212B0x47b8B0x467aB0x3ca2B0x3eeaB0x232fB0x137c
0x100218	0x100212B0x47b8B0x467aB0x464aB0x40c3B0x232fB0x137c
0x100218	0x100212B0x47b8B0x467aB0x3ca2B0x2dfdB0x232fB0x15e2
0x100218	0x100212B0x47b8B0x467aB0x3ca2B0x3eeaB0x232fB0x15e2
0x100218	0x100212B0x47b8B0x467aB0x464aB0x40c3B0x232fB0x15e2
0x1704	0x16faB0x11c4
0x907	0x8fbB0x3fd
0xc1f	0xc07B0x5e7
0xff2bb	0xff290B0x3fd
0xff4d9	0xff4aeB0x5e7
0x173b	0x1716B0x11c4
0x4871	0x4858B0x47b8B0x467aB0x464aB0x381f
0x4871	0x4858B0x47b8B0x467aB0x3ca2B0x3c13
0x4871	0x4858B0x47b8B0x467aB0x3ca2B0x382e
0x4871	0x4858B0x47b8B0x467aB0x3ca2B0x2dfdB0x232fB0x137c
0x4871	0x4858B0x47b8B0x467aB0x3ca2B0x3eeaB0x232fB0x137c
0x4871	0x4858B0x47b8B0x467aB0x464aB0x40c3B0x232fB0x137c
0x4871	0x4858B0x47b8B0x467aB0x3ca2B0x2dfdB0x232fB0x15e2
0x4871	0x4858B0x47b8B0x467aB0x3ca2B0x3eeaB0x232fB0x15e2
0x4871	0x4858B0x47b8B0x467aB0x464aB0x40c3B0x232fB0x15e2
0x4c73	0x4c67B0x47c
0x5484	0x546fB0x1ab5B0x137c
0x5484	0x546fB0x1ab5B0x15e2
0x16ec	0x16e3B0x11c4
0x16f9	0x16f2B0x11c4
0x2a39	0x2a2dB0x1dfcB0x15c7
0x4c25	0x4c14B0x47c
0x5256	0x521fB0x11c4
0x5287	0x5257B0x11c4
0x1715	0x1705B0x11c4
0x2a59	0x2a3aB0x1dfcB0x15c7
0x35ed	0x35e9B0x23d7B0x137c
0x35ed	0x35e9B0x25c0B0x137c
0x35ed	0x35e9B0x26daB0x137c
0x35ed	0x35e9B0x2c4aB0x232fB0x137c
0x35ed	0x35e9B0x320eB0x232fB0x137c
0x35ed	0x35e9B0x23d7B0x15e2
0x35ed	0x35e9B0x25c0B0x15e2
0x35ed	0x35e9B0x26daB0x15e2
0x35ed	0x35e9B0x2c4aB0x232fB0x15e2
0x35ed	0x35e9B0x320eB0x232fB0x15e2
0x3650	0x3613B0x23d7B0x137c
0x3650	0x3613B0x25c0B0x137c
0x3650	0x3613B0x26daB0x137c
0x3650	0x3613B0x2c4aB0x232fB0x137c
0x3650	0x3613B0x320eB0x232fB0x137c
0x3650	0x3613B0x23d7B0x15e2
0x3650	0x3613B0x25c0B0x15e2
0x3650	0x3613B0x26daB0x15e2
0x3650	0x3613B0x2c4aB0x232fB0x15e2
0x3650	0x3613B0x320eB0x232fB0x15e2
0x3658	0x3651B0x23d7B0x137c
0x3658	0x3651B0x25c0B0x137c
0x3658	0x3651B0x26daB0x137c
0x3658	0x3651B0x2c4aB0x232fB0x137c
0x3658	0x3651B0x320eB0x232fB0x137c
0x3658	0x3651B0x23d7B0x15e2
0x3658	0x3651B0x25c0B0x15e2
0x3658	0x3651B0x26daB0x15e2
0x3658	0x3651B0x2c4aB0x232fB0x15e2
0x3658	0x3651B0x320eB0x232fB0x15e2
0x36d5	0x368fB0x23d7B0x137c
0x36d5	0x368fB0x25c0B0x137c
0x36d5	0x368fB0x26daB0x137c
0x36d5	0x368fB0x2c4aB0x232fB0x137c
0x36d5	0x368fB0x320eB0x232fB0x137c
0x36d5	0x368fB0x23d7B0x15e2
0x36d5	0x368fB0x25c0B0x15e2
0x36d5	0x368fB0x26daB0x15e2
0x36d5	0x368fB0x2c4aB0x232fB0x15e2
0x36d5	0x368fB0x320eB0x232fB0x15e2
0x36dc	0x36d6B0x23d7B0x137c
0x36dc	0x36d6B0x25c0B0x137c
0x36dc	0x36d6B0x26daB0x137c
0x36dc	0x36d6B0x2c4aB0x232fB0x137c
0x36dc	0x36d6B0x320eB0x232fB0x137c
0x36dc	0x36d6B0x23d7B0x15e2
0x36dc	0x36d6B0x25c0B0x15e2
0x36dc	0x36d6B0x26daB0x15e2
0x36dc	0x36d6B0x2c4aB0x232fB0x15e2
0x36dc	0x36d6B0x320eB0x232fB0x15e2
0x483b	0x47f5B0x47b8B0x467aB0x464aB0x381f
0x483b	0x47f5B0x47b8B0x467aB0x3ca2B0x3c13
0x483b	0x47f5B0x47b8B0x467aB0x3ca2B0x382e
0x483b	0x47f5B0x47b8B0x467aB0x3ca2B0x2dfdB0x232fB0x137c
0x483b	0x47f5B0x47b8B0x467aB0x3ca2B0x3eeaB0x232fB0x137c
0x483b	0x47f5B0x47b8B0x467aB0x464aB0x40c3B0x232fB0x137c
0x483b	0x47f5B0x47b8B0x467aB0x3ca2B0x2dfdB0x232fB0x15e2
0x483b	0x47f5B0x47b8B0x467aB0x3ca2B0x3eeaB0x232fB0x15e2
0x483b	0x47f5B0x47b8B0x467aB0x464aB0x40c3B0x232fB0x15e2
0x5293	0x5288B0x11c4
0x5377	0x534fB0x1ab5B0x137c
0x5377	0x534fB0x1ab5B0x15e2
0x545a	0x5450B0x1ab5B0x137c
0x545a	0x5450B0x1ab5B0x15e2
0x546e	0x545bB0x1ab5B0x137c
0x546e	0x545bB0x1ab5B0x15e2
0x31850	0x35eeB0x23d7B0x137c
0x31850	0x35eeB0x25c0B0x137c
0x31850	0x35eeB0x26daB0x137c
0x31850	0x35eeB0x2c4aB0x232fB0x137c
0x31850	0x35eeB0x320eB0x232fB0x137c
0x31850	0x35eeB0x23d7B0x15e2
0x31850	0x35eeB0x25c0B0x15e2
0x31850	0x35eeB0x26daB0x15e2
0x31850	0x35eeB0x2c4aB0x232fB0x15e2
0x31850	0x35eeB0x320eB0x232fB0x15e2
0x32250	0x3659B0x23d7B0x137c
0x32250	0x3659B0x25c0B0x137c
0x32250	0x3659B0x26daB0x137c
0x32250	0x3659B0x2c4aB0x232fB0x137c
0x32250	0x3659B0x320eB0x232fB0x137c
0x32250	0x3659B0x23d7B0x15e2
0x32250	0x3659B0x25c0B0x15e2
0x32250	0x3659B0x26daB0x15e2
0x32250	0x3659B0x2c4aB0x232fB0x15e2
0x32250	0x3659B0x320eB0x232fB0x15e2
0x32c50	0x366cB0x23d7B0x137c
0x32c50	0x366cB0x25c0B0x137c
0x32c50	0x366cB0x26daB0x137c
0x32c50	0x366cB0x2c4aB0x232fB0x137c
0x32c50	0x366cB0x320eB0x232fB0x137c
0x32c50	0x366cB0x23d7B0x15e2
0x32c50	0x366cB0x25c0B0x15e2
0x32c50	0x366cB0x26daB0x15e2
0x32c50	0x366cB0x2c4aB0x232fB0x15e2
0x32c50	0x366cB0x320eB0x232fB0x15e2
0x33650	0x36ddB0x23d7B0x137c
0x33650	0x36ddB0x25c0B0x137c
0x33650	0x36ddB0x26daB0x137c
0x33650	0x36ddB0x2c4aB0x232fB0x137c
0x33650	0x36ddB0x320eB0x232fB0x137c
0x33650	0x36ddB0x23d7B0x15e2
0x33650	0x36ddB0x25c0B0x15e2
0x33650	0x36ddB0x26daB0x15e2
0x33650	0x36ddB0x2c4aB0x232fB0x15e2
0x33650	0x36ddB0x320eB0x232fB0x15e2
0x42650	0x53cdB0x1ab5B0x137c
0x42650	0x53cdB0x1ab5B0x15e2
0x10017e	0x100178B0x47b8B0x467aB0x464aB0x381f
0x10017e	0x100178B0x47b8B0x467aB0x3ca2B0x3c13
0x10017e	0x100178B0x47b8B0x467aB0x3ca2B0x382e
0x10017e	0x100178B0x47b8B0x467aB0x3ca2B0x2dfdB0x232fB0x137c
0x10017e	0x100178B0x47b8B0x467aB0x3ca2B0x3eeaB0x232fB0x137c
0x10017e	0x100178B0x47b8B0x467aB0x464aB0x40c3B0x232fB0x137c
0x10017e	0x100178B0x47b8B0x467aB0x3ca2B0x2dfdB0x232fB0x15e2
0x10017e	0x100178B0x47b8B0x467aB0x3ca2B0x3eeaB0x232fB0x15e2
0x10017e	0x100178B0x47b8B0x467aB0x464aB0x40c3B0x232fB0x15e2
0x1001a4	0x10019eB0x47b8B0x467aB0x464aB0x381f
0x1001a4	0x10019eB0x47b8B0x467aB0x3ca2B0x3c13
0x1001a4	0x10019eB0x47b8B0x467aB0x3ca2B0x382e
0x1001a4	0x10019eB0x47b8B0x467aB0x3ca2B0x2dfdB0x232fB0x137c
0x1001a4	0x10019eB0x47b8B0x467aB0x3ca2B0x3eeaB0x232fB0x137c
0x1001a4	0x10019eB0x47b8B0x467aB0x464aB0x40c3B0x232fB0x137c
0x1001a4	0x10019eB0x47b8B0x467aB0x3ca2B0x2dfdB0x232fB0x15e2
0x1001a4	0x10019eB0x47b8B0x467aB0x3ca2B0x3eeaB0x232fB0x15e2
0x1001a4	0x10019eB0x47b8B0x467aB0x464aB0x40c3B0x232fB0x15e2
0x16f1	0x16edB0x11c4
0x35e8	0x35daB0x23d7B0x137c
0x35e8	0x35daB0x25c0B0x137c
0x35e8	0x35daB0x26daB0x137c
0x35e8	0x35daB0x2c4aB0x232fB0x137c
0x35e8	0x35daB0x320eB0x232fB0x137c
0x35e8	0x35daB0x23d7B0x15e2
0x35e8	0x35daB0x25c0B0x15e2
0x35e8	0x35daB0x26daB0x15e2
0x35e8	0x35daB0x2c4aB0x232fB0x15e2
0x35e8	0x35daB0x320eB0x232fB0x15e2
0x3602	0x35f1B0x23d7B0x137c
0x3602	0x35f1B0x25c0B0x137c
0x3602	0x35f1B0x26daB0x137c
0x3602	0x35f1B0x2c4aB0x232fB0x137c
0x3602	0x35f1B0x320eB0x232fB0x137c
0x3602	0x35f1B0x23d7B0x15e2
0x3602	0x35f1B0x25c0B0x15e2
0x3602	0x35f1B0x26daB0x15e2
0x3602	0x35f1B0x2c4aB0x232fB0x15e2
0x3602	0x35f1B0x320eB0x232fB0x15e2
0x3612	0x3603B0x23d7B0x137c
0x3612	0x3603B0x25c0B0x137c
0x3612	0x3603B0x26daB0x137c
0x3612	0x3603B0x2c4aB0x232fB0x137c
0x3612	0x3603B0x320eB0x232fB0x137c
0x3612	0x3603B0x23d7B0x15e2
0x3612	0x3603B0x25c0B0x15e2
0x3612	0x3603B0x26daB0x15e2
0x3612	0x3603B0x2c4aB0x232fB0x15e2
0x3612	0x3603B0x320eB0x232fB0x15e2
0x366b	0x3661B0x23d7B0x137c
0x366b	0x3661B0x25c0B0x137c
0x366b	0x3661B0x26daB0x137c
0x366b	0x3661B0x2c4aB0x232fB0x137c
0x366b	0x3661B0x320eB0x232fB0x137c
0x366b	0x3661B0x23d7B0x15e2
0x366b	0x3661B0x25c0B0x15e2
0x366b	0x3661B0x26daB0x15e2
0x366b	0x3661B0x2c4aB0x232fB0x15e2
0x366b	0x3661B0x320eB0x232fB0x15e2
0x367e	0x3679B0x23d7B0x137c
0x367e	0x3679B0x25c0B0x137c
0x367e	0x3679B0x26daB0x137c
0x367e	0x3679B0x2c4aB0x232fB0x137c
0x367e	0x3679B0x320eB0x232fB0x137c
0x367e	0x3679B0x23d7B0x15e2
0x367e	0x3679B0x25c0B0x15e2
0x367e	0x3679B0x26daB0x15e2
0x367e	0x3679B0x2c4aB0x232fB0x15e2
0x367e	0x3679B0x320eB0x232fB0x15e2
0x368e	0x367fB0x23d7B0x137c
0x368e	0x367fB0x25c0B0x137c
0x368e	0x367fB0x26daB0x137c
0x368e	0x367fB0x2c4aB0x232fB0x137c
0x368e	0x367fB0x320eB0x232fB0x137c
0x368e	0x367fB0x23d7B0x15e2
0x368e	0x367fB0x25c0B0x15e2
0x368e	0x367fB0x26daB0x15e2
0x368e	0x367fB0x2c4aB0x232fB0x15e2
0x368e	0x367fB0x320eB0x232fB0x15e2
0x47dc	0x47d4B0x47b8B0x467aB0x464aB0x381f
0x47dc	0x47d4B0x47b8B0x467aB0x3ca2B0x3c13
0x47dc	0x47d4B0x47b8B0x467aB0x3ca2B0x382e
0x47dc	0x47d4B0x47b8B0x467aB0x3ca2B0x2dfdB0x232fB0x137c
0x47dc	0x47d4B0x47b8B0x467aB0x3ca2B0x3eeaB0x232fB0x137c
0x47dc	0x47d4B0x47b8B0x467aB0x464aB0x40c3B0x232fB0x137c
0x47dc	0x47d4B0x47b8B0x467aB0x3ca2B0x2dfdB0x232fB0x15e2
0x47dc	0x47d4B0x47b8B0x467aB0x3ca2B0x3eeaB0x232fB0x15e2
0x47dc	0x47d4B0x47b8B0x467aB0x464aB0x40c3B0x232fB0x15e2
0x47e5	0x47ddB0x47b8B0x467aB0x464aB0x381f
0x47e5	0x47ddB0x47b8B0x467aB0x3ca2B0x3c13
0x47e5	0x47ddB0x47b8B0x467aB0x3ca2B0x382e
0x47e5	0x47ddB0x47b8B0x467aB0x3ca2B0x2dfdB0x232fB0x137c
0x47e5	0x47ddB0x47b8B0x467aB0x3ca2B0x3eeaB0x232fB0x137c
0x47e5	0x47ddB0x47b8B0x467aB0x464aB0x40c3B0x232fB0x137c
0x47e5	0x47ddB0x47b8B0x467aB0x3ca2B0x2dfdB0x232fB0x15e2
0x47e5	0x47ddB0x47b8B0x467aB0x3ca2B0x3eeaB0x232fB0x15e2
0x47e5	0x47ddB0x47b8B0x467aB0x464aB0x40c3B0x232fB0x15e2
0x47f4	0x47e6B0x47b8B0x467aB0x464aB0x381f
0x47f4	0x47e6B0x47b8B0x467aB0x3ca2B0x3c13
0x47f4	0x47e6B0x47b8B0x467aB0x3ca2B0x382e
0x47f4	0x47e6B0x47b8B0x467aB0x3ca2B0x2dfdB0x232fB0x137c
0x47f4	0x47e6B0x47b8B0x467aB0x3ca2B0x3eeaB0x232fB0x137c
0x47f4	0x47e6B0x47b8B0x467aB0x464aB0x40c3B0x232fB0x137c
0x47f4	0x47e6B0x47b8B0x467aB0x3ca2B0x2dfdB0x232fB0x15e2
0x47f4	0x47e6B0x47b8B0x467aB0x3ca2B0x3eeaB0x232fB0x15e2
0x47f4	0x47e6B0x47b8B0x467aB0x464aB0x40c3B0x232fB0x15e2
0x484f	0x4843B0x47b8B0x467aB0x464aB0x381f
0x484f	0x4843B0x47b8B0x467aB0x3ca2B0x3c13
0x484f	0x4843B0x47b8B0x467aB0x3ca2B0x382e
0x484f	0x4843B0x47b8B0x467aB0x3ca2B0x2dfdB0x232fB0x137c
0x484f	0x4843B0x47b8B0x467aB0x3ca2B0x3eeaB0x232fB0x137c
0x484f	0x4843B0x47b8B0x467aB0x464aB0x40c3B0x232fB0x137c
0x484f	0x4843B0x47b8B0x467aB0x3ca2B0x2dfdB0x232fB0x15e2
0x484f	0x4843B0x47b8B0x467aB0x3ca2B0x3eeaB0x232fB0x15e2
0x484f	0x4843B0x47b8B0x467aB0x464aB0x40c3B0x232fB0x15e2
0x4c0f	0x4bfcB0x47c
0x4c3d	0x4c26B0x47c
0x4c62	0x4c4eB0x47c
0x5408	0x5400B0x1ab5B0x137c
0x5408	0x5400B0x1ab5B0x15e2
0x5421	0x5409B0x1ab5B0x137c
0x5421	0x5409B0x1ab5B0x15e2
0x543c	0x5426B0x1ab5B0x137c
0x543c	0x5426B0x1ab5B0x15e2
0x544b	0x5441B0x1ab5B0x137c
0x544b	0x5441B0x1ab5B0x15e2
0x4c80	0x4c74B0x47c
0x5490	0x5485B0x1ab5B0x137c
0x5490	0x5485B0x1ab5B0x15e2
0xff91d	0xff91aB0x11c4
0xffcd6	0xffcd1B0x1dfcB0x15c7
0xffed0	0xffec7B0x23d7B0x137c
0xffed0	0xffec7B0x25c0B0x137c
0xffed0	0xffec7B0x26daB0x137c
0xffed0	0xffec7B0x2c4aB0x232fB0x137c
0xffed0	0xffec7B0x320eB0x232fB0x137c
0xffed0	0xffec7B0x23d7B0x15e2
0xffed0	0xffec7B0x25c0B0x15e2
0xffed0	0xffec7B0x26daB0x15e2
0xffed0	0xffec7B0x2c4aB0x232fB0x15e2
0xffed0	0xffec7B0x320eB0x232fB0x15e2
0x100aeb	0x100ae2B0x23d7B0x137c
0x100aeb	0x100ae2B0x25c0B0x137c
0x100aeb	0x100ae2B0x26daB0x137c
0x100aeb	0x100ae2B0x2c4aB0x232fB0x137c
0x100aeb	0x100ae2B0x320eB0x232fB0x137c
0x100aeb	0x100ae2B0x23d7B0x15e2
0x100aeb	0x100ae2B0x25c0B0x15e2
0x100aeb	0x100ae2B0x26daB0x15e2
0x100aeb	0x100ae2B0x2c4aB0x232fB0x15e2
0x100aeb	0x100ae2B0x320eB0x232fB0x15e2
0x101204	0x1011fdB0x47b8B0x467aB0x464aB0x381f
0x101204	0x1011fdB0x47b8B0x467aB0x3ca2B0x3c13
0x101204	0x1011fdB0x47b8B0x467aB0x3ca2B0x382e
0x101204	0x1011fdB0x47b8B0x467aB0x3ca2B0x2dfdB0x232fB0x137c
0x101204	0x1011fdB0x47b8B0x467aB0x3ca2B0x3eeaB0x232fB0x137c
0x101204	0x1011fdB0x47b8B0x467aB0x464aB0x40c3B0x232fB0x137c
0x101204	0x1011fdB0x47b8B0x467aB0x3ca2B0x2dfdB0x232fB0x15e2
0x101204	0x1011fdB0x47b8B0x467aB0x3ca2B0x3eeaB0x232fB0x15e2
0x101204	0x1011fdB0x47b8B0x467aB0x464aB0x40c3B0x232fB0x15e2
0x10122b	0x101224B0x47b8B0x467aB0x464aB0x381f
0x10122b	0x101224B0x47b8B0x467aB0x3ca2B0x3c13
0x10122b	0x101224B0x47b8B0x467aB0x3ca2B0x382e
0x10122b	0x101224B0x47b8B0x467aB0x3ca2B0x2dfdB0x232fB0x137c
0x10122b	0x101224B0x47b8B0x467aB0x3ca2B0x3eeaB0x232fB0x137c
0x10122b	0x101224B0x47b8B0x467aB0x464aB0x40c3B0x232fB0x137c
0x10122b	0x101224B0x47b8B0x467aB0x3ca2B0x2dfdB0x232fB0x15e2
0x10122b	0x101224B0x47b8B0x467aB0x3ca2B0x3eeaB0x232fB0x15e2
0x10122b	0x101224B0x47b8B0x467aB0x464aB0x40c3B0x232fB0x15e2
0x4857	0x4850B0x47b8B0x467aB0x464aB0x381f
0x4857	0x4850B0x47b8B0x467aB0x3ca2B0x3c13
0x4857	0x4850B0x47b8B0x467aB0x3ca2B0x382e
0x4857	0x4850B0x47b8B0x467aB0x3ca2B0x2dfdB0x232fB0x137c
0x4857	0x4850B0x47b8B0x467aB0x3ca2B0x3eeaB0x232fB0x137c
0x4857	0x4850B0x47b8B0x467aB0x464aB0x40c3B0x232fB0x137c
0x4857	0x4850B0x47b8B0x467aB0x3ca2B0x2dfdB0x232fB0x15e2
0x4857	0x4850B0x47b8B0x467aB0x3ca2B0x3eeaB0x232fB0x15e2
0x4857	0x4850B0x47b8B0x467aB0x464aB0x40c3B0x232fB0x15e2
0x4c13	0x4c10B0x47c
0x4c41	0x4c3eB0x47c
0x4c66	0x4c63B0x47c
0x5425	0x5422B0x1ab5B0x137c
0x5425	0x5422B0x1ab5B0x15e2
0x5440	0x543dB0x1ab5B0x137c
0x5440	0x543dB0x1ab5B0x15e2
0x544f	0x544cB0x1ab5B0x137c
0x544f	0x544cB0x1ab5B0x15e2
0xbe39	0xbe31B0x23d7B0x137c
0xbe39	0xbe31B0x25c0B0x137c
0xbe39	0xbe31B0x26daB0x137c
0xbe39	0xbe31B0x2c4aB0x232fB0x137c
0xbe39	0xbe31B0x320eB0x232fB0x137c
0xbe39	0xbe31B0x23d7B0x15e2
0xbe39	0xbe31B0x25c0B0x15e2
0xbe39	0xbe31B0x26daB0x15e2
0xbe39	0xbe31B0x2c4aB0x232fB0x15e2
0xbe39	0xbe31B0x320eB0x232fB0x15e2
0xbe61	0xbe59B0x23d7B0x137c
0xbe61	0xbe59B0x25c0B0x137c
0xbe61	0xbe59B0x26daB0x137c
0xbe61	0xbe59B0x2c4aB0x232fB0x137c
0xbe61	0xbe59B0x320eB0x232fB0x137c
0xbe61	0xbe59B0x23d7B0x15e2
0xbe61	0xbe59B0x25c0B0x15e2
0xbe61	0xbe59B0x26daB0x15e2
0xbe61	0xbe59B0x2c4aB0x232fB0x15e2
0xbe61	0xbe59B0x320eB0x232fB0x15e2
0xc0ed	0xc0e5B0x47b8B0x467aB0x464aB0x381f
0xc0ed	0xc0e5B0x47b8B0x467aB0x3ca2B0x3c13
0xc0ed	0xc0e5B0x47b8B0x467aB0x3ca2B0x382e
0xc0ed	0xc0e5B0x47b8B0x467aB0x3ca2B0x2dfdB0x232fB0x137c
0xc0ed	0xc0e5B0x47b8B0x467aB0x3ca2B0x3eeaB0x232fB0x137c
0xc0ed	0xc0e5B0x47b8B0x467aB0x464aB0x40c3B0x232fB0x137c
0xc0ed	0xc0e5B0x47b8B0x467aB0x3ca2B0x2dfdB0x232fB0x15e2
0xc0ed	0xc0e5B0x47b8B0x467aB0x3ca2B0x3eeaB0x232fB0x15e2
0xc0ed	0xc0e5B0x47b8B0x467aB0x464aB0x40c3B0x232fB0x15e2
0xff945	0xff93dB0x11c4
0x10021a	0x100212B0x47b8B0x467aB0x464aB0x381f
0x10021a	0x100212B0x47b8B0x467aB0x3ca2B0x3c13
0x10021a	0x100212B0x47b8B0x467aB0x3ca2B0x382e
0x10021a	0x100212B0x47b8B0x467aB0x3ca2B0x2dfdB0x232fB0x137c
0x10021a	0x100212B0x47b8B0x467aB0x3ca2B0x3eeaB0x232fB0x137c
0x10021a	0x100212B0x47b8B0x467aB0x464aB0x40c3B0x232fB0x137c
0x10021a	0x100212B0x47b8B0x467aB0x3ca2B0x2dfdB0x232fB0x15e2
0x10021a	0x100212B0x47b8B0x467aB0x3ca2B0x3eeaB0x232fB0x15e2
0x10021a	0x100212B0x47b8B0x467aB0x464aB0x40c3B0x232fB0x15e2
0x5359	0x534fB0x1ab5B0x137c
0x5359	0x534fB0x1ab5B0x15e2
0xc0c	0xc07B0x5e7
0xc11	0xc07B0x5e7
0x1723	0x1716B0x11c4
0x1727	0x1716B0x11c4
0x1730	0x1716B0x11c4
0x2a46	0x2a3aB0x1dfcB0x15c7
0x2a4e	0x2a3aB0x1dfcB0x15c7
0x2a53	0x2a3aB0x1dfcB0x15c7
0x361e	0x3613B0x23d7B0x137c
0x361e	0x3613B0x25c0B0x137c
0x361e	0x3613B0x26daB0x137c
0x361e	0x3613B0x2c4aB0x232fB0x137c
0x361e	0x3613B0x320eB0x232fB0x137c
0x361e	0x3613B0x23d7B0x15e2
0x361e	0x3613B0x25c0B0x15e2
0x361e	0x3613B0x26daB0x15e2
0x361e	0x3613B0x2c4aB0x232fB0x15e2
0x361e	0x3613B0x320eB0x232fB0x15e2
0x3625	0x3613B0x23d7B0x137c
0x3625	0x3613B0x25c0B0x137c
0x3625	0x3613B0x26daB0x137c
0x3625	0x3613B0x2c4aB0x232fB0x137c
0x3625	0x3613B0x320eB0x232fB0x137c
0x3625	0x3613B0x23d7B0x15e2
0x3625	0x3613B0x25c0B0x15e2
0x3625	0x3613B0x26daB0x15e2
0x3625	0x3613B0x2c4aB0x232fB0x15e2
0x3625	0x3613B0x320eB0x232fB0x15e2
0x362c	0x3613B0x23d7B0x137c
0x362c	0x3613B0x25c0B0x137c
0x362c	0x3613B0x26daB0x137c
0x362c	0x3613B0x2c4aB0x232fB0x137c
0x362c	0x3613B0x320eB0x232fB0x137c
0x362c	0x3613B0x23d7B0x15e2
0x362c	0x3613B0x25c0B0x15e2
0x362c	0x3613B0x26daB0x15e2
0x362c	0x3613B0x2c4aB0x232fB0x15e2
0x362c	0x3613B0x320eB0x232fB0x15e2
0x3649	0x3613B0x23d7B0x137c
0x3649	0x3613B0x25c0B0x137c
0x3649	0x3613B0x26daB0x137c
0x3649	0x3613B0x2c4aB0x232fB0x137c
0x3649	0x3613B0x320eB0x232fB0x137c
0x3649	0x3613B0x23d7B0x15e2
0x3649	0x3613B0x25c0B0x15e2
0x3649	0x3613B0x26daB0x15e2
0x3649	0x3613B0x2c4aB0x232fB0x15e2
0x3649	0x3613B0x320eB0x232fB0x15e2
0x369a	0x368fB0x23d7B0x137c
0x369a	0x368fB0x25c0B0x137c
0x369a	0x368fB0x26daB0x137c
0x369a	0x368fB0x2c4aB0x232fB0x137c
0x369a	0x368fB0x320eB0x232fB0x137c
0x369a	0x368fB0x23d7B0x15e2
0x369a	0x368fB0x25c0B0x15e2
0x369a	0x368fB0x26daB0x15e2
0x369a	0x368fB0x2c4aB0x232fB0x15e2
0x369a	0x368fB0x320eB0x232fB0x15e2
0x36a1	0x368fB0x23d7B0x137c
0x36a1	0x368fB0x25c0B0x137c
0x36a1	0x368fB0x26daB0x137c
0x36a1	0x368fB0x2c4aB0x232fB0x137c
0x36a1	0x368fB0x320eB0x232fB0x137c
0x36a1	0x368fB0x23d7B0x15e2
0x36a1	0x368fB0x25c0B0x15e2
0x36a1	0x368fB0x26daB0x15e2
0x36a1	0x368fB0x2c4aB0x232fB0x15e2
0x36a1	0x368fB0x320eB0x232fB0x15e2
0x36a8	0x368fB0x23d7B0x137c
0x36a8	0x368fB0x25c0B0x137c
0x36a8	0x368fB0x26daB0x137c
0x36a8	0x368fB0x2c4aB0x232fB0x137c
0x36a8	0x368fB0x320eB0x232fB0x137c
0x36a8	0x368fB0x23d7B0x15e2
0x36a8	0x368fB0x25c0B0x15e2
0x36a8	0x368fB0x26daB0x15e2
0x36a8	0x368fB0x2c4aB0x232fB0x15e2
0x36a8	0x368fB0x320eB0x232fB0x15e2
0x36ce	0x368fB0x23d7B0x137c
0x36ce	0x368fB0x25c0B0x137c
0x36ce	0x368fB0x26daB0x137c
0x36ce	0x368fB0x2c4aB0x232fB0x137c
0x36ce	0x368fB0x320eB0x232fB0x137c
0x36ce	0x368fB0x23d7B0x15e2
0x36ce	0x368fB0x25c0B0x15e2
0x36ce	0x368fB0x26daB0x15e2
0x36ce	0x368fB0x2c4aB0x232fB0x15e2
0x36ce	0x368fB0x320eB0x232fB0x15e2
0x4800	0x47f5B0x47b8B0x467aB0x464aB0x381f
0x4800	0x47f5B0x47b8B0x467aB0x3ca2B0x3c13
0x4800	0x47f5B0x47b8B0x467aB0x3ca2B0x382e
0x4800	0x47f5B0x47b8B0x467aB0x3ca2B0x2dfdB0x232fB0x137c
0x4800	0x47f5B0x47b8B0x467aB0x3ca2B0x3eeaB0x232fB0x137c
0x4800	0x47f5B0x47b8B0x467aB0x464aB0x40c3B0x232fB0x137c
0x4800	0x47f5B0x47b8B0x467aB0x3ca2B0x2dfdB0x232fB0x15e2
0x4800	0x47f5B0x47b8B0x467aB0x3ca2B0x3eeaB0x232fB0x15e2
0x4800	0x47f5B0x47b8B0x467aB0x464aB0x40c3B0x232fB0x15e2
0x4807	0x47f5B0x47b8B0x467aB0x464aB0x381f
0x4807	0x47f5B0x47b8B0x467aB0x3ca2B0x3c13
0x4807	0x47f5B0x47b8B0x467aB0x3ca2B0x382e
0x4807	0x47f5B0x47b8B0x467aB0x3ca2B0x2dfdB0x232fB0x137c
0x4807	0x47f5B0x47b8B0x467aB0x3ca2B0x3eeaB0x232fB0x137c
0x4807	0x47f5B0x47b8B0x467aB0x464aB0x40c3B0x232fB0x137c
0x4807	0x47f5B0x47b8B0x467aB0x3ca2B0x2dfdB0x232fB0x15e2
0x4807	0x47f5B0x47b8B0x467aB0x3ca2B0x3eeaB0x232fB0x15e2
0x4807	0x47f5B0x47b8B0x467aB0x464aB0x40c3B0x232fB0x15e2
0x480e	0x47f5B0x47b8B0x467aB0x464aB0x381f
0x480e	0x47f5B0x47b8B0x467aB0x3ca2B0x3c13
0x480e	0x47f5B0x47b8B0x467aB0x3ca2B0x382e
0x480e	0x47f5B0x47b8B0x467aB0x3ca2B0x2dfdB0x232fB0x137c
0x480e	0x47f5B0x47b8B0x467aB0x3ca2B0x3eeaB0x232fB0x137c
0x480e	0x47f5B0x47b8B0x467aB0x464aB0x40c3B0x232fB0x137c
0x480e	0x47f5B0x47b8B0x467aB0x3ca2B0x2dfdB0x232fB0x15e2
0x480e	0x47f5B0x47b8B0x467aB0x3ca2B0x3eeaB0x232fB0x15e2
0x480e	0x47f5B0x47b8B0x467aB0x464aB0x40c3B0x232fB0x15e2
0x4834	0x47f5B0x47b8B0x467aB0x464aB0x381f
0x4834	0x47f5B0x47b8B0x467aB0x3ca2B0x3c13
0x4834	0x47f5B0x47b8B0x467aB0x3ca2B0x382e
0x4834	0x47f5B0x47b8B0x467aB0x3ca2B0x2dfdB0x232fB0x137c
0x4834	0x47f5B0x47b8B0x467aB0x3ca2B0x3eeaB0x232fB0x137c
0x4834	0x47f5B0x47b8B0x467aB0x464aB0x40c3B0x232fB0x137c
0x4834	0x47f5B0x47b8B0x467aB0x3ca2B0x2dfdB0x232fB0x15e2
0x4834	0x47f5B0x47b8B0x467aB0x3ca2B0x3eeaB0x232fB0x15e2
0x4834	0x47f5B0x47b8B0x467aB0x464aB0x40c3B0x232fB0x15e2
0x4865	0x4858B0x47b8B0x467aB0x464aB0x381f
0x4865	0x4858B0x47b8B0x467aB0x3ca2B0x3c13
0x4865	0x4858B0x47b8B0x467aB0x3ca2B0x382e
0x4865	0x4858B0x47b8B0x467aB0x3ca2B0x2dfdB0x232fB0x137c
0x4865	0x4858B0x47b8B0x467aB0x3ca2B0x3eeaB0x232fB0x137c
0x4865	0x4858B0x47b8B0x467aB0x464aB0x40c3B0x232fB0x137c
0x4865	0x4858B0x47b8B0x467aB0x3ca2B0x2dfdB0x232fB0x15e2
0x4865	0x4858B0x47b8B0x467aB0x3ca2B0x3eeaB0x232fB0x15e2
0x4865	0x4858B0x47b8B0x467aB0x464aB0x40c3B0x232fB0x15e2
0x5242	0x521fB0x11c4
0x5275	0x5257B0x11c4
0x5352	0x534fB0x1ab5B0x137c
0x5352	0x534fB0x1ab5B0x15e2
0x5368	0x534fB0x1ab5B0x137c
0x5368	0x534fB0x1ab5B0x15e2
0x53d6	0x53cdB0x1ab5B0x137c
0x53d6	0x53cdB0x1ab5B0x15e2
0x53e0	0x53cdB0x1ab5B0x137c
0x53e0	0x53cdB0x1ab5B0x15e2
0x53e7	0x53cdB0x1ab5B0x137c
0x53e7	0x53cdB0x1ab5B0x15e2
0x53eb	0x53cdB0x1ab5B0x137c
0x53eb	0x53cdB0x1ab5B0x15e2
0x5411	0x5409B0x1ab5B0x137c
0x5411	0x5409B0x1ab5B0x15e2
0x547b	0x546fB0x1ab5B0x137c
0x547b	0x546fB0x1ab5B0x15e2
0xff2a6	0xff290B0x3fd
0xff2ad	0xff290B0x3fd
0xff4c4	0xff4aeB0x5e7
0xff4cb	0xff4aeB0x5e7
0x35e9	0x35e9B0x23d7B0x137c
0x35e9	0x35e9B0x25c0B0x137c
0x35e9	0x35e9B0x26daB0x137c
0x35e9	0x35e9B0x2c4aB0x232fB0x137c
0x35e9	0x35e9B0x320eB0x232fB0x137c
0x35e9	0x35e9B0x23d7B0x15e2
0x35e9	0x35e9B0x25c0B0x15e2
0x35e9	0x35e9B0x26daB0x15e2
0x35e9	0x35e9B0x2c4aB0x232fB0x15e2
0x35e9	0x35e9B0x320eB0x232fB0x15e2
0x366c	0x366cB0x23d7B0x137c
0x366c	0x366cB0x25c0B0x137c
0x366c	0x366cB0x26daB0x137c
0x366c	0x366cB0x2c4aB0x232fB0x137c
0x366c	0x366cB0x320eB0x232fB0x137c
0x366c	0x366cB0x23d7B0x15e2
0x366c	0x366cB0x25c0B0x15e2
0x366c	0x366cB0x26daB0x15e2
0x366c	0x366cB0x2c4aB0x232fB0x15e2
0x366c	0x366cB0x320eB0x232fB0x15e2
0x47dd	0x47ddB0x47b8B0x467aB0x464aB0x381f
0x47dd	0x47ddB0x47b8B0x467aB0x3ca2B0x3c13
0x47dd	0x47ddB0x47b8B0x467aB0x3ca2B0x382e
0x47dd	0x47ddB0x47b8B0x467aB0x3ca2B0x2dfdB0x232fB0x137c
0x47dd	0x47ddB0x47b8B0x467aB0x3ca2B0x3eeaB0x232fB0x137c
0x47dd	0x47ddB0x47b8B0x467aB0x464aB0x40c3B0x232fB0x137c
0x47dd	0x47ddB0x47b8B0x467aB0x3ca2B0x2dfdB0x232fB0x15e2
0x47dd	0x47ddB0x47b8B0x467aB0x3ca2B0x3eeaB0x232fB0x15e2
0x47dd	0x47ddB0x47b8B0x467aB0x464aB0x40c3B0x232fB0x15e2
0x4850	0x4850B0x47b8B0x467aB0x464aB0x381f
0x4850	0x4850B0x47b8B0x467aB0x3ca2B0x3c13
0x4850	0x4850B0x47b8B0x467aB0x3ca2B0x382e
0x4850	0x4850B0x47b8B0x467aB0x3ca2B0x2dfdB0x232fB0x137c
0x4850	0x4850B0x47b8B0x467aB0x3ca2B0x3eeaB0x232fB0x137c
0x4850	0x4850B0x47b8B0x467aB0x464aB0x40c3B0x232fB0x137c
0x4850	0x4850B0x47b8B0x467aB0x3ca2B0x2dfdB0x232fB0x15e2
0x4850	0x4850B0x47b8B0x467aB0x3ca2B0x3eeaB0x232fB0x15e2
0x4850	0x4850B0x47b8B0x467aB0x464aB0x40c3B0x232fB0x15e2
0x5409	0x5409B0x1ab5B0x137c
0x5409	0x5409B0x1ab5B0x15e2
0x78f	0x78eB0x271
0x791	0x78eB0x271
0x793	0x78eB0x271
0x795	0x78eB0x271
0x797	0x78eB0x271
0x798	0x78eB0x271
0x799	0x78eB0x271
0x79b	0x78eB0x271
0x79c	0x78eB0x271
0x7a1	0x78eB0x271
0x7a3	0x78eB0x271
0x7a4	0x78eB0x271
0x7a6	0x78eB0x271
0x7ab	0x7aaB0x271
0x7af	0x7aaB0x271
0x867	0x866B0x3b0
0x869	0x866B0x3b0
0x86b	0x866B0x3b0
0x86d	0x866B0x3b0
0x86e	0x866B0x3b0
0x870	0x866B0x3b0
0x871	0x866B0x3b0
0x872	0x866B0x3b0
0x873	0x866B0x3b0
0x877	0x877B0x3b0
0x879	0x877B0x3b0
0x87a	0x877B0x3b0
0x87e	0x877B0x3b0
0x880	0x877B0x3b0
0x883	0x877B0x3b0
0x885	0x877B0x3b0
0x888	0x877B0x3b0
0x88a	0x877B0x3b0
0x88c	0x877B0x3b0
0x88f	0x877B0x3b0
0x891	0x877B0x3b0
0x8b2	0x877B0x3b0
0x8b5	0x877B0x3b0
0x8b7	0x877B0x3b0
0x8c7	0x877B0x3b0
0x8c9	0x877B0x3b0
0x8ca	0x877B0x3b0
0x8cd	0x877B0x3b0
0x8cf	0x877B0x3b0
0x8d1	0x877B0x3b0
0x8dc	0x8dbB0x3b0
0x8e1	0x8dbB0x3b0
0x10f5	0x10f4B0x11f9
0x10fa	0x10f4B0x11f9
0x10ff	0x10feB0x11f9
0x1103	0x1103B0x11f9
0x1108	0x1103B0x11f9
0x110a	0x1103B0x11f9
0x110f	0x1103B0x11f9
0x1113	0x1103B0x11f9
0x1114	0x1103B0x11f9
0x1116	0x1103B0x11f9
0x1118	0x1103B0x11f9
0x111a	0x1103B0x11f9
0x111b	0x1103B0x11f9
0x111d	0x1103B0x11f9
0x1124	0x1103B0x11f9
0x1126	0x1103B0x11f9
0x1127	0x1103B0x11f9
0x1129	0x1103B0x11f9
0x112a	0x1103B0x11f9
0x112b	0x1103B0x11f9
0x112d	0x1103B0x11f9
0x1130	0x1103B0x11f9
0x1133	0x1103B0x11f9
0x1137	0x1136B0x11f9
0x1139	0x1136B0x11f9
0x113b	0x1136B0x11f9
0x113d	0x1136B0x11f9
0x113e	0x1136B0x11f9
0x113f	0x1136B0x11f9
0x1141	0x1136B0x11f9
0x1143	0x1136B0x11f9
0x1145	0x1136B0x11f9
0x1147	0x1136B0x11f9
0x1148	0x1136B0x11f9
0x1149	0x1136B0x11f9
0x114b	0x1136B0x11f9
0x116c	0x1136B0x11f9
0x116e	0x1136B0x11f9
0x116f	0x1136B0x11f9
0x1171	0x1136B0x11f9
0x1174	0x1136B0x11f9
0x2a5b	0x2a5aB0x1e6bB0x15c7
0x2a5e	0x2a5aB0x1e6bB0x15c7
0x2a60	0x2a5aB0x1e6bB0x15c7
0x2a67	0x2a5aB0x1e6bB0x15c7
0x2a70	0x2a6bB0x1e6bB0x15c7
0x2a74	0x2a6bB0x1e6bB0x15c7
0x2a85	0x2a84B0x232fB0x137c
0x2a85	0x2a84B0x232fB0x15e2
0x2a88	0x2a84B0x232fB0x137c
0x2a88	0x2a84B0x232fB0x15e2
0x2a89	0x2a84B0x232fB0x137c
0x2a89	0x2a84B0x232fB0x15e2
0x2a8d	0x2a84B0x232fB0x137c
0x2a8d	0x2a84B0x232fB0x15e2
0x2a90	0x2a84B0x232fB0x137c
0x2a90	0x2a84B0x232fB0x15e2
0x2a95	0x2a84B0x232fB0x137c
0x2a95	0x2a84B0x232fB0x15e2
0x2a98	0x2a84B0x232fB0x137c
0x2a98	0x2a84B0x232fB0x15e2
0x2a9e	0x2a84B0x232fB0x137c
0x2a9e	0x2a84B0x232fB0x15e2
0x2aa3	0x2a84B0x232fB0x137c
0x2aa3	0x2a84B0x232fB0x15e2
0x2aa5	0x2a84B0x232fB0x137c
0x2aa5	0x2a84B0x232fB0x15e2
0x2aa6	0x2a84B0x232fB0x137c
0x2aa6	0x2a84B0x232fB0x15e2
0x2aa8	0x2a84B0x232fB0x137c
0x2aa8	0x2a84B0x232fB0x15e2
0x2aaa	0x2a84B0x232fB0x137c
0x2aaa	0x2a84B0x232fB0x15e2
0x2aab	0x2a84B0x232fB0x137c
0x2aab	0x2a84B0x232fB0x15e2
0x2aae	0x2a84B0x232fB0x137c
0x2aae	0x2a84B0x232fB0x15e2
0x2ab0	0x2a84B0x232fB0x137c
0x2ab0	0x2a84B0x232fB0x15e2
0x2ab5	0x2a84B0x232fB0x137c
0x2ab5	0x2a84B0x232fB0x15e2
0x2ab7	0x2a84B0x232fB0x137c
0x2ab7	0x2a84B0x232fB0x15e2
0x2ab8	0x2a84B0x232fB0x137c
0x2ab8	0x2a84B0x232fB0x15e2
0x2aba	0x2a84B0x232fB0x137c
0x2aba	0x2a84B0x232fB0x15e2
0x2abb	0x2a84B0x232fB0x137c
0x2abb	0x2a84B0x232fB0x15e2
0x2abf	0x2a84B0x232fB0x137c
0x2abf	0x2a84B0x232fB0x15e2
0x2ac0	0x2a84B0x232fB0x137c
0x2ac0	0x2a84B0x232fB0x15e2
0x2ac4	0x2a84B0x232fB0x137c
0x2ac4	0x2a84B0x232fB0x15e2
0x2ac8	0x2a84B0x232fB0x137c
0x2ac8	0x2a84B0x232fB0x15e2
0x2aca	0x2a84B0x232fB0x137c
0x2aca	0x2a84B0x232fB0x15e2
0x2acc	0x2a84B0x232fB0x137c
0x2acc	0x2a84B0x232fB0x15e2
0x2acd	0x2a84B0x232fB0x137c
0x2acd	0x2a84B0x232fB0x15e2
0x2ace	0x2a84B0x232fB0x137c
0x2ace	0x2a84B0x232fB0x15e2
0x2acf	0x2a84B0x232fB0x137c
0x2acf	0x2a84B0x232fB0x15e2
0x2ad3	0x2ad3B0x232fB0x137c
0x2ad3	0x2ad3B0x232fB0x15e2
0x2ad7	0x2ad3B0x232fB0x137c
0x2ad7	0x2ad3B0x232fB0x15e2
0x2ad9	0x2ad3B0x232fB0x137c
0x2ad9	0x2ad3B0x232fB0x15e2
0x2adb	0x2ad3B0x232fB0x137c
0x2adb	0x2ad3B0x232fB0x15e2
0x2add	0x2ad3B0x232fB0x137c
0x2add	0x2ad3B0x232fB0x15e2
0x2adf	0x2ad3B0x232fB0x137c
0x2adf	0x2ad3B0x232fB0x15e2
0x2ae4	0x2ad3B0x232fB0x137c
0x2ae4	0x2ad3B0x232fB0x15e2
0x2aea	0x2ae8B0x232fB0x137c
0x2aea	0x2ae8B0x232fB0x15e2
0x2aeb	0x2ae8B0x232fB0x137c
0x2aeb	0x2ae8B0x232fB0x15e2
0x2aee	0x2ae8B0x232fB0x137c
0x2aee	0x2ae8B0x232fB0x15e2
0x2aef	0x2ae8B0x232fB0x137c
0x2aef	0x2ae8B0x232fB0x15e2
0x2af0	0x2ae8B0x232fB0x137c
0x2af0	0x2ae8B0x232fB0x15e2
0x2af4	0x2ae8B0x232fB0x137c
0x2af4	0x2ae8B0x232fB0x15e2
0x2af5	0x2ae8B0x232fB0x137c
0x2af5	0x2ae8B0x232fB0x15e2
0x2af6	0x2ae8B0x232fB0x137c
0x2af6	0x2ae8B0x232fB0x15e2
0x2af9	0x2ae8B0x232fB0x137c
0x2af9	0x2ae8B0x232fB0x15e2
0x2afa	0x2ae8B0x232fB0x137c
0x2afa	0x2ae8B0x232fB0x15e2
0x2afb	0x2ae8B0x232fB0x137c
0x2afb	0x2ae8B0x232fB0x15e2
0x2afe	0x2ae8B0x232fB0x137c
0x2afe	0x2ae8B0x232fB0x15e2
0x2aff	0x2ae8B0x232fB0x137c
0x2aff	0x2ae8B0x232fB0x15e2
0x2b00	0x2ae8B0x232fB0x137c
0x2b00	0x2ae8B0x232fB0x15e2
0x2b03	0x2ae8B0x232fB0x137c
0x2b03	0x2ae8B0x232fB0x15e2
0x2b04	0x2ae8B0x232fB0x137c
0x2b04	0x2ae8B0x232fB0x15e2
0x2b05	0x2ae8B0x232fB0x137c
0x2b05	0x2ae8B0x232fB0x15e2
0x2b08	0x2ae8B0x232fB0x137c
0x2b08	0x2ae8B0x232fB0x15e2
0x2b09	0x2ae8B0x232fB0x137c
0x2b09	0x2ae8B0x232fB0x15e2
0x2b0b	0x2ae8B0x232fB0x137c
0x2b0b	0x2ae8B0x232fB0x15e2
0x2b0c	0x2ae8B0x232fB0x137c
0x2b0c	0x2ae8B0x232fB0x15e2
0x2b11	0x2ae8B0x232fB0x137c
0x2b11	0x2ae8B0x232fB0x15e2
0x2b13	0x2ae8B0x232fB0x137c
0x2b13	0x2ae8B0x232fB0x15e2
0x2b16	0x2ae8B0x232fB0x137c
0x2b16	0x2ae8B0x232fB0x15e2
0x2b18	0x2ae8B0x232fB0x137c
0x2b18	0x2ae8B0x232fB0x15e2
0x2b1a	0x2ae8B0x232fB0x137c
0x2b1a	0x2ae8B0x232fB0x15e2
0x2b1c	0x2ae8B0x232fB0x137c
0x2b1c	0x2ae8B0x232fB0x15e2
0x2b1d	0x2ae8B0x232fB0x137c
0x2b1d	0x2ae8B0x232fB0x15e2
0x2b20	0x2ae8B0x232fB0x137c
0x2b20	0x2ae8B0x232fB0x15e2
0x2b21	0x2ae8B0x232fB0x137c
0x2b21	0x2ae8B0x232fB0x15e2
0x2b24	0x2ae8B0x232fB0x137c
0x2b24	0x2ae8B0x232fB0x15e2
0x2b26	0x2ae8B0x232fB0x137c
0x2b26	0x2ae8B0x232fB0x15e2
0x2b27	0x2ae8B0x232fB0x137c
0x2b27	0x2ae8B0x232fB0x15e2
0x2b2a	0x2ae8B0x232fB0x137c
0x2b2a	0x2ae8B0x232fB0x15e2
0x2b2c	0x2ae8B0x232fB0x137c
0x2b2c	0x2ae8B0x232fB0x15e2
0x2b2f	0x2ae8B0x232fB0x137c
0x2b2f	0x2ae8B0x232fB0x15e2
0x2b34	0x2ae8B0x232fB0x137c
0x2b34	0x2ae8B0x232fB0x15e2
0x2b37	0x2ae8B0x232fB0x137c
0x2b37	0x2ae8B0x232fB0x15e2
0x2b3c	0x2ae8B0x232fB0x137c
0x2b3c	0x2ae8B0x232fB0x15e2
0x2b3e	0x2ae8B0x232fB0x137c
0x2b3e	0x2ae8B0x232fB0x15e2
0x2b3f	0x2ae8B0x232fB0x137c
0x2b3f	0x2ae8B0x232fB0x15e2
0x2b42	0x2ae8B0x232fB0x137c
0x2b42	0x2ae8B0x232fB0x15e2
0x2b44	0x2ae8B0x232fB0x137c
0x2b44	0x2ae8B0x232fB0x15e2
0x2b47	0x2ae8B0x232fB0x137c
0x2b47	0x2ae8B0x232fB0x15e2
0x2b49	0x2ae8B0x232fB0x137c
0x2b49	0x2ae8B0x232fB0x15e2
0x2b4c	0x2ae8B0x232fB0x137c
0x2b4c	0x2ae8B0x232fB0x15e2
0x2b54	0x2ae8B0x232fB0x137c
0x2b54	0x2ae8B0x232fB0x15e2
0x2b56	0x2ae8B0x232fB0x137c
0x2b56	0x2ae8B0x232fB0x15e2
0x2b5c	0x2ae8B0x232fB0x137c
0x2b5c	0x2ae8B0x232fB0x15e2
0x2b5e	0x2ae8B0x232fB0x137c
0x2b5e	0x2ae8B0x232fB0x15e2
0x2b5f	0x2ae8B0x232fB0x137c
0x2b5f	0x2ae8B0x232fB0x15e2
0x2b61	0x2ae8B0x232fB0x137c
0x2b61	0x2ae8B0x232fB0x15e2
0x2b63	0x2ae8B0x232fB0x137c
0x2b63	0x2ae8B0x232fB0x15e2
0x2b66	0x2ae8B0x232fB0x137c
0x2b66	0x2ae8B0x232fB0x15e2
0x2b68	0x2ae8B0x232fB0x137c
0x2b68	0x2ae8B0x232fB0x15e2
0x2b6c	0x2ae8B0x232fB0x137c
0x2b6c	0x2ae8B0x232fB0x15e2
0x2b6d	0x2ae8B0x232fB0x137c
0x2b6d	0x2ae8B0x232fB0x15e2
0x2b6f	0x2ae8B0x232fB0x137c
0x2b6f	0x2ae8B0x232fB0x15e2
0x2b70	0x2ae8B0x232fB0x137c
0x2b70	0x2ae8B0x232fB0x15e2
0x2b74	0x2b74B0x232fB0x137c
0x2b74	0x2b74B0x232fB0x15e2
0x2b7a	0x2b78B0x232fB0x137c
0x2b7a	0x2b78B0x232fB0x15e2
0x2b7b	0x2b78B0x232fB0x137c
0x2b7b	0x2b78B0x232fB0x15e2
0x2b7c	0x2b78B0x232fB0x137c
0x2b7c	0x2b78B0x232fB0x15e2
0x2b7e	0x2b78B0x232fB0x137c
0x2b7e	0x2b78B0x232fB0x15e2
0x2b7f	0x2b78B0x232fB0x137c
0x2b7f	0x2b78B0x232fB0x15e2
0x2b83	0x2b83B0x232fB0x137c
0x2b83	0x2b83B0x232fB0x15e2
0x2b84	0x2b83B0x232fB0x137c
0x2b84	0x2b83B0x232fB0x15e2
0x2b88	0x2b83B0x232fB0x137c
0x2b88	0x2b83B0x232fB0x15e2
0x2b89	0x2b83B0x232fB0x137c
0x2b89	0x2b83B0x232fB0x15e2
0x2b92	0x2b8cB0x232fB0x137c
0x2b92	0x2b8cB0x232fB0x15e2
0x2b97	0x2b96B0x232fB0x137c
0x2b97	0x2b96B0x232fB0x15e2
0x2b99	0x2b96B0x232fB0x137c
0x2b99	0x2b96B0x232fB0x15e2
0x2b9a	0x2b96B0x232fB0x137c
0x2b9a	0x2b96B0x232fB0x15e2
0x2b9d	0x2b96B0x232fB0x137c
0x2b9d	0x2b96B0x232fB0x15e2
0x2b9f	0x2b96B0x232fB0x137c
0x2b9f	0x2b96B0x232fB0x15e2
0x2ba0	0x2b96B0x232fB0x137c
0x2ba0	0x2b96B0x232fB0x15e2
0x2ba3	0x2b96B0x232fB0x137c
0x2ba3	0x2b96B0x232fB0x15e2
0x2ba7	0x2b96B0x232fB0x137c
0x2ba7	0x2b96B0x232fB0x15e2
0x2ba9	0x2b96B0x232fB0x137c
0x2ba9	0x2b96B0x232fB0x15e2
0x2baa	0x2b96B0x232fB0x137c
0x2baa	0x2b96B0x232fB0x15e2
0x2bac	0x2b96B0x232fB0x137c
0x2bac	0x2b96B0x232fB0x15e2
0x2bad	0x2b96B0x232fB0x137c
0x2bad	0x2b96B0x232fB0x15e2
0x2bb1	0x2b96B0x232fB0x137c
0x2bb1	0x2b96B0x232fB0x15e2
0x2bb2	0x2b96B0x232fB0x137c
0x2bb2	0x2b96B0x232fB0x15e2
0x2bb6	0x2b96B0x232fB0x137c
0x2bb6	0x2b96B0x232fB0x15e2
0x2bba	0x2b96B0x232fB0x137c
0x2bba	0x2b96B0x232fB0x15e2
0x2bbc	0x2b96B0x232fB0x137c
0x2bbc	0x2b96B0x232fB0x15e2
0x2bbe	0x2b96B0x232fB0x137c
0x2bbe	0x2b96B0x232fB0x15e2
0x2bbf	0x2b96B0x232fB0x137c
0x2bbf	0x2b96B0x232fB0x15e2
0x2bc0	0x2b96B0x232fB0x137c
0x2bc0	0x2b96B0x232fB0x15e2
0x2bc2	0x2b96B0x232fB0x137c
0x2bc2	0x2b96B0x232fB0x15e2
0x2bc7	0x2bc6B0x232fB0x137c
0x2bc7	0x2bc6B0x232fB0x15e2
0x2bc9	0x2bc6B0x232fB0x137c
0x2bc9	0x2bc6B0x232fB0x15e2
0x2bca	0x2bc6B0x232fB0x137c
0x2bca	0x2bc6B0x232fB0x15e2
0x2bcd	0x2bc6B0x232fB0x137c
0x2bcd	0x2bc6B0x232fB0x15e2
0x2bcf	0x2bc6B0x232fB0x137c
0x2bcf	0x2bc6B0x232fB0x15e2
0x2bd0	0x2bc6B0x232fB0x137c
0x2bd0	0x2bc6B0x232fB0x15e2
0x2bd3	0x2bc6B0x232fB0x137c
0x2bd3	0x2bc6B0x232fB0x15e2
0x2bd7	0x2bc6B0x232fB0x137c
0x2bd7	0x2bc6B0x232fB0x15e2
0x2bd9	0x2bc6B0x232fB0x137c
0x2bd9	0x2bc6B0x232fB0x15e2
0x2bda	0x2bc6B0x232fB0x137c
0x2bda	0x2bc6B0x232fB0x15e2
0x2bdc	0x2bc6B0x232fB0x137c
0x2bdc	0x2bc6B0x232fB0x15e2
0x2bdd	0x2bc6B0x232fB0x137c
0x2bdd	0x2bc6B0x232fB0x15e2
0x2be1	0x2bc6B0x232fB0x137c
0x2be1	0x2bc6B0x232fB0x15e2
0x2be2	0x2bc6B0x232fB0x137c
0x2be2	0x2bc6B0x232fB0x15e2
0x2be6	0x2bc6B0x232fB0x137c
0x2be6	0x2bc6B0x232fB0x15e2
0x2bea	0x2bc6B0x232fB0x137c
0x2bea	0x2bc6B0x232fB0x15e2
0x2bec	0x2bc6B0x232fB0x137c
0x2bec	0x2bc6B0x232fB0x15e2
0x2bee	0x2bc6B0x232fB0x137c
0x2bee	0x2bc6B0x232fB0x15e2
0x2bef	0x2bc6B0x232fB0x137c
0x2bef	0x2bc6B0x232fB0x15e2
0x2bf0	0x2bc6B0x232fB0x137c
0x2bf0	0x2bc6B0x232fB0x15e2
0x2bf3	0x2bf1B0x232fB0x137c
0x2bf3	0x2bf1B0x232fB0x15e2
0x2bf8	0x2bf7B0x232fB0x137c
0x2bf8	0x2bf7B0x232fB0x15e2
0x2bfa	0x2bf7B0x232fB0x137c
0x2bfa	0x2bf7B0x232fB0x15e2
0x2bfb	0x2bf7B0x232fB0x137c
0x2bfb	0x2bf7B0x232fB0x15e2
0x2bfe	0x2bf7B0x232fB0x137c
0x2bfe	0x2bf7B0x232fB0x15e2
0x2c00	0x2bf7B0x232fB0x137c
0x2c00	0x2bf7B0x232fB0x15e2
0x2c01	0x2bf7B0x232fB0x137c
0x2c01	0x2bf7B0x232fB0x15e2
0x2c04	0x2bf7B0x232fB0x137c
0x2c04	0x2bf7B0x232fB0x15e2
0x2c08	0x2bf7B0x232fB0x137c
0x2c08	0x2bf7B0x232fB0x15e2
0x2c0a	0x2bf7B0x232fB0x137c
0x2c0a	0x2bf7B0x232fB0x15e2
0x2c0b	0x2bf7B0x232fB0x137c
0x2c0b	0x2bf7B0x232fB0x15e2
0x2c0d	0x2bf7B0x232fB0x137c
0x2c0d	0x2bf7B0x232fB0x15e2
0x2c0e	0x2bf7B0x232fB0x137c
0x2c0e	0x2bf7B0x232fB0x15e2
0x2c12	0x2bf7B0x232fB0x137c
0x2c12	0x2bf7B0x232fB0x15e2
0x2c13	0x2bf7B0x232fB0x137c
0x2c13	0x2bf7B0x232fB0x15e2
0x2c17	0x2bf7B0x232fB0x137c
0x2c17	0x2bf7B0x232fB0x15e2
0x2c1b	0x2bf7B0x232fB0x137c
0x2c1b	0x2bf7B0x232fB0x15e2
0x2c1d	0x2bf7B0x232fB0x137c
0x2c1d	0x2bf7B0x232fB0x15e2
0x2c1f	0x2bf7B0x232fB0x137c
0x2c1f	0x2bf7B0x232fB0x15e2
0x2c20	0x2bf7B0x232fB0x137c
0x2c20	0x2bf7B0x232fB0x15e2
0x2c21	0x2bf7B0x232fB0x137c
0x2c21	0x2bf7B0x232fB0x15e2
0x2c23	0x2c22B0x232fB0x137c
0x2c23	0x2c22B0x232fB0x15e2
0x2c24	0x2c22B0x232fB0x137c
0x2c24	0x2c22B0x232fB0x15e2
0x2c28	0x2c28B0x232fB0x137c
0x2c28	0x2c28B0x232fB0x15e2
0x2c2c	0x2c28B0x232fB0x137c
0x2c2c	0x2c28B0x232fB0x15e2
0x2c2e	0x2c28B0x232fB0x137c
0x2c2e	0x2c28B0x232fB0x15e2
0x2c30	0x2c28B0x232fB0x137c
0x2c30	0x2c28B0x232fB0x15e2
0x2c32	0x2c28B0x232fB0x137c
0x2c32	0x2c28B0x232fB0x15e2
0x2c34	0x2c28B0x232fB0x137c
0x2c34	0x2c28B0x232fB0x15e2
0x2c39	0x2c28B0x232fB0x137c
0x2c39	0x2c28B0x232fB0x15e2
0x2c41	0x2c3dB0x232fB0x137c
0x2c41	0x2c3dB0x232fB0x15e2
0x2c42	0x2c3dB0x232fB0x137c
0x2c42	0x2c3dB0x232fB0x15e2
0x2c43	0x2c3dB0x232fB0x137c
0x2c43	0x2c3dB0x232fB0x15e2
0x2c45	0x2c3dB0x232fB0x137c
0x2c45	0x2c3dB0x232fB0x15e2
0x2c46	0x2c3dB0x232fB0x137c
0x2c46	0x2c3dB0x232fB0x15e2
0x2c4a	0x2c4aB0x232fB0x137c
0x2c4a	0x2c4aB0x232fB0x15e2
0x2c4e	0x2c4aB0x232fB0x137c
0x2c4e	0x2c4aB0x232fB0x15e2
0x2c50	0x2c4aB0x232fB0x137c
0x2c50	0x2c4aB0x232fB0x15e2
0x2c51	0x2c4aB0x232fB0x137c
0x2c51	0x2c4aB0x232fB0x15e2
0x2c53	0x2c4aB0x232fB0x137c
0x2c53	0x2c4aB0x232fB0x15e2
0x2c55	0x2c4aB0x232fB0x137c
0x2c55	0x2c4aB0x232fB0x15e2
0x2c56	0x2c4aB0x232fB0x137c
0x2c56	0x2c4aB0x232fB0x15e2
0x2c58	0x2c4aB0x232fB0x137c
0x2c58	0x2c4aB0x232fB0x15e2
0x2c5a	0x2c4aB0x232fB0x137c
0x2c5a	0x2c4aB0x232fB0x15e2
0x2c5b	0x2c4aB0x232fB0x137c
0x2c5b	0x2c4aB0x232fB0x15e2
0x2c5d	0x2c4aB0x232fB0x137c
0x2c5d	0x2c4aB0x232fB0x15e2
0x2c62	0x2c61B0x232fB0x137c
0x2c62	0x2c61B0x232fB0x15e2
0x2c64	0x2c61B0x232fB0x137c
0x2c64	0x2c61B0x232fB0x15e2
0x2c66	0x2c61B0x232fB0x137c
0x2c66	0x2c61B0x232fB0x15e2
0x2c68	0x2c61B0x232fB0x137c
0x2c68	0x2c61B0x232fB0x15e2
0x2c69	0x2c61B0x232fB0x137c
0x2c69	0x2c61B0x232fB0x15e2
0x2c6c	0x2c61B0x232fB0x137c
0x2c6c	0x2c61B0x232fB0x15e2
0x2c6d	0x2c61B0x232fB0x137c
0x2c6d	0x2c61B0x232fB0x15e2
0x2c70	0x2c61B0x232fB0x137c
0x2c70	0x2c61B0x232fB0x15e2
0x2c75	0x2c61B0x232fB0x137c
0x2c75	0x2c61B0x232fB0x15e2
0x2c76	0x2c61B0x232fB0x137c
0x2c76	0x2c61B0x232fB0x15e2
0x2c79	0x2c61B0x232fB0x137c
0x2c79	0x2c61B0x232fB0x15e2
0x2c7b	0x2c61B0x232fB0x137c
0x2c7b	0x2c61B0x232fB0x15e2
0x2c7e	0x2c61B0x232fB0x137c
0x2c7e	0x2c61B0x232fB0x15e2
0x2c83	0x2c61B0x232fB0x137c
0x2c83	0x2c61B0x232fB0x15e2
0x2c86	0x2c61B0x232fB0x137c
0x2c86	0x2c61B0x232fB0x15e2
0x2c87	0x2c61B0x232fB0x137c
0x2c87	0x2c61B0x232fB0x15e2
0x2c88	0x2c61B0x232fB0x137c
0x2c88	0x2c61B0x232fB0x15e2
0x2c8b	0x2c61B0x232fB0x137c
0x2c8b	0x2c61B0x232fB0x15e2
0x2c8c	0x2c61B0x232fB0x137c
0x2c8c	0x2c61B0x232fB0x15e2
0x2c8d	0x2c61B0x232fB0x137c
0x2c8d	0x2c61B0x232fB0x15e2
0x2c93	0x2c61B0x232fB0x137c
0x2c93	0x2c61B0x232fB0x15e2
0x2c98	0x2c97B0x232fB0x137c
0x2c98	0x2c97B0x232fB0x15e2
0x2c9a	0x2c97B0x232fB0x137c
0x2c9a	0x2c97B0x232fB0x15e2
0x2c9c	0x2c97B0x232fB0x137c
0x2c9c	0x2c97B0x232fB0x15e2
0x2c9e	0x2c97B0x232fB0x137c
0x2c9e	0x2c97B0x232fB0x15e2
0x2c9f	0x2c97B0x232fB0x137c
0x2c9f	0x2c97B0x232fB0x15e2
0x2ca0	0x2c97B0x232fB0x137c
0x2ca0	0x2c97B0x232fB0x15e2
0x2ca1	0x2c97B0x232fB0x137c
0x2ca1	0x2c97B0x232fB0x15e2
0x2ca4	0x2c97B0x232fB0x137c
0x2ca4	0x2c97B0x232fB0x15e2
0x2ca6	0x2c97B0x232fB0x137c
0x2ca6	0x2c97B0x232fB0x15e2
0x2ca8	0x2c97B0x232fB0x137c
0x2ca8	0x2c97B0x232fB0x15e2
0x2ca9	0x2c97B0x232fB0x137c
0x2ca9	0x2c97B0x232fB0x15e2
0x2cac	0x2c97B0x232fB0x137c
0x2cac	0x2c97B0x232fB0x15e2
0x2cae	0x2c97B0x232fB0x137c
0x2cae	0x2c97B0x232fB0x15e2
0x2caf	0x2c97B0x232fB0x137c
0x2caf	0x2c97B0x232fB0x15e2
0x2cb2	0x2c97B0x232fB0x137c
0x2cb2	0x2c97B0x232fB0x15e2
0x2cb4	0x2c97B0x232fB0x137c
0x2cb4	0x2c97B0x232fB0x15e2
0x2cb9	0x2c97B0x232fB0x137c
0x2cb9	0x2c97B0x232fB0x15e2
0x2cbb	0x2c97B0x232fB0x137c
0x2cbb	0x2c97B0x232fB0x15e2
0x2cbc	0x2c97B0x232fB0x137c
0x2cbc	0x2c97B0x232fB0x15e2
0x2cbe	0x2c97B0x232fB0x137c
0x2cbe	0x2c97B0x232fB0x15e2
0x2cbf	0x2c97B0x232fB0x137c
0x2cbf	0x2c97B0x232fB0x15e2
0x2cc3	0x2c97B0x232fB0x137c
0x2cc3	0x2c97B0x232fB0x15e2
0x2cc4	0x2c97B0x232fB0x137c
0x2cc4	0x2c97B0x232fB0x15e2
0x2cc8	0x2c97B0x232fB0x137c
0x2cc8	0x2c97B0x232fB0x15e2
0x2ccc	0x2c97B0x232fB0x137c
0x2ccc	0x2c97B0x232fB0x15e2
0x2cce	0x2c97B0x232fB0x137c
0x2cce	0x2c97B0x232fB0x15e2
0x2cd0	0x2c97B0x232fB0x137c
0x2cd0	0x2c97B0x232fB0x15e2
0x2cd1	0x2c97B0x232fB0x137c
0x2cd1	0x2c97B0x232fB0x15e2
0x2cd2	0x2c97B0x232fB0x137c
0x2cd2	0x2c97B0x232fB0x15e2
0x2cd3	0x2c97B0x232fB0x137c
0x2cd3	0x2c97B0x232fB0x15e2
0x2cd7	0x2cd7B0x232fB0x137c
0x2cd7	0x2cd7B0x232fB0x15e2
0x2cdb	0x2cd7B0x232fB0x137c
0x2cdb	0x2cd7B0x232fB0x15e2
0x2ce0	0x2cdfB0x232fB0x137c
0x2ce0	0x2cdfB0x232fB0x15e2
0x2ce5	0x2ce4B0x232fB0x137c
0x2ce5	0x2ce4B0x232fB0x15e2
0x2ce8	0x2ce4B0x232fB0x137c
0x2ce8	0x2ce4B0x232fB0x15e2
0x2ce9	0x2ce4B0x232fB0x137c
0x2ce9	0x2ce4B0x232fB0x15e2
0x2ceb	0x2ce4B0x232fB0x137c
0x2ceb	0x2ce4B0x232fB0x15e2
0x2cec	0x2ce4B0x232fB0x137c
0x2cec	0x2ce4B0x232fB0x15e2
0x2cf1	0x2ce4B0x232fB0x137c
0x2cf1	0x2ce4B0x232fB0x15e2
0x2cf3	0x2ce4B0x232fB0x137c
0x2cf3	0x2ce4B0x232fB0x15e2
0x2cf6	0x2ce4B0x232fB0x137c
0x2cf6	0x2ce4B0x232fB0x15e2
0x2cf8	0x2ce4B0x232fB0x137c
0x2cf8	0x2ce4B0x232fB0x15e2
0x2cfa	0x2ce4B0x232fB0x137c
0x2cfa	0x2ce4B0x232fB0x15e2
0x2cfc	0x2ce4B0x232fB0x137c
0x2cfc	0x2ce4B0x232fB0x15e2
0x2cfd	0x2ce4B0x232fB0x137c
0x2cfd	0x2ce4B0x232fB0x15e2
0x2cfe	0x2ce4B0x232fB0x137c
0x2cfe	0x2ce4B0x232fB0x15e2
0x2cff	0x2ce4B0x232fB0x137c
0x2cff	0x2ce4B0x232fB0x15e2
0x2d02	0x2ce4B0x232fB0x137c
0x2d02	0x2ce4B0x232fB0x15e2
0x2d07	0x2ce4B0x232fB0x137c
0x2d07	0x2ce4B0x232fB0x15e2
0x2d0a	0x2ce4B0x232fB0x137c
0x2d0a	0x2ce4B0x232fB0x15e2
0x2d0c	0x2ce4B0x232fB0x137c
0x2d0c	0x2ce4B0x232fB0x15e2
0x2d0e	0x2ce4B0x232fB0x137c
0x2d0e	0x2ce4B0x232fB0x15e2
0x2d10	0x2ce4B0x232fB0x137c
0x2d10	0x2ce4B0x232fB0x15e2
0x2d11	0x2ce4B0x232fB0x137c
0x2d11	0x2ce4B0x232fB0x15e2
0x2d14	0x2ce4B0x232fB0x137c
0x2d14	0x2ce4B0x232fB0x15e2
0x2d16	0x2ce4B0x232fB0x137c
0x2d16	0x2ce4B0x232fB0x15e2
0x2d1c	0x2ce4B0x232fB0x137c
0x2d1c	0x2ce4B0x232fB0x15e2
0x2d1e	0x2ce4B0x232fB0x137c
0x2d1e	0x2ce4B0x232fB0x15e2
0x2d1f	0x2ce4B0x232fB0x137c
0x2d1f	0x2ce4B0x232fB0x15e2
0x2d21	0x2ce4B0x232fB0x137c
0x2d21	0x2ce4B0x232fB0x15e2
0x2d23	0x2ce4B0x232fB0x137c
0x2d23	0x2ce4B0x232fB0x15e2
0x2d26	0x2ce4B0x232fB0x137c
0x2d26	0x2ce4B0x232fB0x15e2
0x2d29	0x2ce4B0x232fB0x137c
0x2d29	0x2ce4B0x232fB0x15e2
0x2d2a	0x2ce4B0x232fB0x137c
0x2d2a	0x2ce4B0x232fB0x15e2
0x2d2b	0x2ce4B0x232fB0x137c
0x2d2b	0x2ce4B0x232fB0x15e2
0x2d2d	0x2ce4B0x232fB0x137c
0x2d2d	0x2ce4B0x232fB0x15e2
0x2d2e	0x2ce4B0x232fB0x137c
0x2d2e	0x2ce4B0x232fB0x15e2
0x2d32	0x2d32B0x232fB0x137c
0x2d32	0x2d32B0x232fB0x15e2
0x2d33	0x2d32B0x232fB0x137c
0x2d33	0x2d32B0x232fB0x15e2
0x2d37	0x2d32B0x232fB0x137c
0x2d37	0x2d32B0x232fB0x15e2
0x2d38	0x2d32B0x232fB0x137c
0x2d38	0x2d32B0x232fB0x15e2
0x2d40	0x2d3bB0x232fB0x137c
0x2d40	0x2d3bB0x232fB0x15e2
0x2d42	0x2d3bB0x232fB0x137c
0x2d42	0x2d3bB0x232fB0x15e2
0x2d43	0x2d3bB0x232fB0x137c
0x2d43	0x2d3bB0x232fB0x15e2
0x2d44	0x2d3bB0x232fB0x137c
0x2d44	0x2d3bB0x232fB0x15e2
0x2d46	0x2d3bB0x232fB0x137c
0x2d46	0x2d3bB0x232fB0x15e2
0x2d47	0x2d3bB0x232fB0x137c
0x2d47	0x2d3bB0x232fB0x15e2
0x2d4a	0x2d3bB0x232fB0x137c
0x2d4a	0x2d3bB0x232fB0x15e2
0x2d4b	0x2d3bB0x232fB0x137c
0x2d4b	0x2d3bB0x232fB0x15e2
0x2d4d	0x2d3bB0x232fB0x137c
0x2d4d	0x2d3bB0x232fB0x15e2
0x2d4f	0x2d3bB0x232fB0x137c
0x2d4f	0x2d3bB0x232fB0x15e2
0x2d54	0x2d3bB0x232fB0x137c
0x2d54	0x2d3bB0x232fB0x15e2
0x2d56	0x2d3bB0x232fB0x137c
0x2d56	0x2d3bB0x232fB0x15e2
0x2d5b	0x2d3bB0x232fB0x137c
0x2d5b	0x2d3bB0x232fB0x15e2
0x2d61	0x2d5fB0x232fB0x137c
0x2d61	0x2d5fB0x232fB0x15e2
0x2d62	0x2d5fB0x232fB0x137c
0x2d62	0x2d5fB0x232fB0x15e2
0x2d64	0x2d5fB0x232fB0x137c
0x2d64	0x2d5fB0x232fB0x15e2
0x2d65	0x2d5fB0x232fB0x137c
0x2d65	0x2d5fB0x232fB0x15e2
0x2d6a	0x2d5fB0x232fB0x137c
0x2d6a	0x2d5fB0x232fB0x15e2
0x2d6c	0x2d5fB0x232fB0x137c
0x2d6c	0x2d5fB0x232fB0x15e2
0x2d6f	0x2d5fB0x232fB0x137c
0x2d6f	0x2d5fB0x232fB0x15e2
0x2d71	0x2d5fB0x232fB0x137c
0x2d71	0x2d5fB0x232fB0x15e2
0x2d73	0x2d5fB0x232fB0x137c
0x2d73	0x2d5fB0x232fB0x15e2
0x2d75	0x2d5fB0x232fB0x137c
0x2d75	0x2d5fB0x232fB0x15e2
0x2d76	0x2d5fB0x232fB0x137c
0x2d76	0x2d5fB0x232fB0x15e2
0x2d79	0x2d5fB0x232fB0x137c
0x2d79	0x2d5fB0x232fB0x15e2
0x2d7a	0x2d5fB0x232fB0x137c
0x2d7a	0x2d5fB0x232fB0x15e2
0x2d7d	0x2d5fB0x232fB0x137c
0x2d7d	0x2d5fB0x232fB0x15e2
0x2d83	0x2d5fB0x232fB0x137c
0x2d83	0x2d5fB0x232fB0x15e2
0x2d85	0x2d5fB0x232fB0x137c
0x2d85	0x2d5fB0x232fB0x15e2
0x2d8b	0x2d5fB0x232fB0x137c
0x2d8b	0x2d5fB0x232fB0x15e2
0x2d8d	0x2d5fB0x232fB0x137c
0x2d8d	0x2d5fB0x232fB0x15e2
0x2d8e	0x2d5fB0x232fB0x137c
0x2d8e	0x2d5fB0x232fB0x15e2
0x2d90	0x2d5fB0x232fB0x137c
0x2d90	0x2d5fB0x232fB0x15e2
0x2d92	0x2d5fB0x232fB0x137c
0x2d92	0x2d5fB0x232fB0x15e2
0x2d95	0x2d5fB0x232fB0x137c
0x2d95	0x2d5fB0x232fB0x15e2
0x2d98	0x2d5fB0x232fB0x137c
0x2d98	0x2d5fB0x232fB0x15e2
0x2d99	0x2d5fB0x232fB0x137c
0x2d99	0x2d5fB0x232fB0x15e2
0x2d9a	0x2d5fB0x232fB0x137c
0x2d9a	0x2d5fB0x232fB0x15e2
0x2d9c	0x2d5fB0x232fB0x137c
0x2d9c	0x2d5fB0x232fB0x15e2
0x2d9d	0x2d5fB0x232fB0x137c
0x2d9d	0x2d5fB0x232fB0x15e2
0x2da1	0x2da1B0x232fB0x137c
0x2da1	0x2da1B0x232fB0x15e2
0x2da2	0x2da1B0x232fB0x137c
0x2da2	0x2da1B0x232fB0x15e2
0x2da6	0x2da1B0x232fB0x137c
0x2da6	0x2da1B0x232fB0x15e2
0x2da7	0x2da1B0x232fB0x137c
0x2da7	0x2da1B0x232fB0x15e2
0x2daf	0x2daaB0x232fB0x137c
0x2daf	0x2daaB0x232fB0x15e2
0x2db1	0x2daaB0x232fB0x137c
0x2db1	0x2daaB0x232fB0x15e2
0x2db2	0x2daaB0x232fB0x137c
0x2db2	0x2daaB0x232fB0x15e2
0x2db3	0x2daaB0x232fB0x137c
0x2db3	0x2daaB0x232fB0x15e2
0x2db5	0x2daaB0x232fB0x137c
0x2db5	0x2daaB0x232fB0x15e2
0x2db6	0x2daaB0x232fB0x137c
0x2db6	0x2daaB0x232fB0x15e2
0x2db9	0x2daaB0x232fB0x137c
0x2db9	0x2daaB0x232fB0x15e2
0x2dba	0x2daaB0x232fB0x137c
0x2dba	0x2daaB0x232fB0x15e2
0x2dbc	0x2daaB0x232fB0x137c
0x2dbc	0x2daaB0x232fB0x15e2
0x2dbe	0x2daaB0x232fB0x137c
0x2dbe	0x2daaB0x232fB0x15e2
0x2dc3	0x2daaB0x232fB0x137c
0x2dc3	0x2daaB0x232fB0x15e2
0x2dc5	0x2daaB0x232fB0x137c
0x2dc5	0x2daaB0x232fB0x15e2
0x2dca	0x2daaB0x232fB0x137c
0x2dca	0x2daaB0x232fB0x15e2
0x2dd1	0x2dceB0x232fB0x137c
0x2dd1	0x2dceB0x232fB0x15e2
0x2dd3	0x2dceB0x232fB0x137c
0x2dd3	0x2dceB0x232fB0x15e2
0x2dd5	0x2dceB0x232fB0x137c
0x2dd5	0x2dceB0x232fB0x15e2
0x2dd7	0x2dceB0x232fB0x137c
0x2dd7	0x2dceB0x232fB0x15e2
0x2dd8	0x2dceB0x232fB0x137c
0x2dd8	0x2dceB0x232fB0x15e2
0x2dda	0x2dceB0x232fB0x137c
0x2dda	0x2dceB0x232fB0x15e2
0x2ddb	0x2dceB0x232fB0x137c
0x2ddb	0x2dceB0x232fB0x15e2
0x2ddc	0x2dceB0x232fB0x137c
0x2ddc	0x2dceB0x232fB0x15e2
0x2de1	0x2de0B0x232fB0x137c
0x2de1	0x2de0B0x232fB0x15e2
0x2de3	0x2de0B0x232fB0x137c
0x2de3	0x2de0B0x232fB0x15e2
0x2de5	0x2de0B0x232fB0x137c
0x2de5	0x2de0B0x232fB0x15e2
0x2de7	0x2de0B0x232fB0x137c
0x2de7	0x2de0B0x232fB0x15e2
0x2de8	0x2de0B0x232fB0x137c
0x2de8	0x2de0B0x232fB0x15e2
0x2de9	0x2de0B0x232fB0x137c
0x2de9	0x2de0B0x232fB0x15e2
0x2deb	0x2de0B0x232fB0x137c
0x2deb	0x2de0B0x232fB0x15e2
0x2ded	0x2de0B0x232fB0x137c
0x2ded	0x2de0B0x232fB0x15e2
0x2dee	0x2de0B0x232fB0x137c
0x2dee	0x2de0B0x232fB0x15e2
0x2def	0x2de0B0x232fB0x137c
0x2def	0x2de0B0x232fB0x15e2
0x2df1	0x2de0B0x232fB0x137c
0x2df1	0x2de0B0x232fB0x15e2
0x2df3	0x2de0B0x232fB0x137c
0x2df3	0x2de0B0x232fB0x15e2
0x2df5	0x2de0B0x232fB0x137c
0x2df5	0x2de0B0x232fB0x15e2
0x2df6	0x2de0B0x232fB0x137c
0x2df6	0x2de0B0x232fB0x15e2
0x2df7	0x2de0B0x232fB0x137c
0x2df7	0x2de0B0x232fB0x15e2
0x2df8	0x2de0B0x232fB0x137c
0x2df8	0x2de0B0x232fB0x15e2
0x2df9	0x2de0B0x232fB0x137c
0x2df9	0x2de0B0x232fB0x15e2
0x2dfd	0x2dfdB0x232fB0x137c
0x2dfd	0x2dfdB0x232fB0x15e2
0x2e01	0x2dfdB0x232fB0x137c
0x2e01	0x2dfdB0x232fB0x15e2
0x2e03	0x2dfdB0x232fB0x137c
0x2e03	0x2dfdB0x232fB0x15e2
0x2e04	0x2dfdB0x232fB0x137c
0x2e04	0x2dfdB0x232fB0x15e2
0x2e06	0x2dfdB0x232fB0x137c
0x2e06	0x2dfdB0x232fB0x15e2
0x2e08	0x2dfdB0x232fB0x137c
0x2e08	0x2dfdB0x232fB0x15e2
0x2e09	0x2dfdB0x232fB0x137c
0x2e09	0x2dfdB0x232fB0x15e2
0x2e0c	0x2dfdB0x232fB0x137c
0x2e0c	0x2dfdB0x232fB0x15e2
0x2e0e	0x2dfdB0x232fB0x137c
0x2e0e	0x2dfdB0x232fB0x15e2
0x2e0f	0x2dfdB0x232fB0x137c
0x2e0f	0x2dfdB0x232fB0x15e2
0x2e10	0x2dfdB0x232fB0x137c
0x2e10	0x2dfdB0x232fB0x15e2
0x2e15	0x2e14B0x232fB0x137c
0x2e15	0x2e14B0x232fB0x15e2
0x2e17	0x2e14B0x232fB0x137c
0x2e17	0x2e14B0x232fB0x15e2
0x2e19	0x2e14B0x232fB0x137c
0x2e19	0x2e14B0x232fB0x15e2
0x2e1b	0x2e14B0x232fB0x137c
0x2e1b	0x2e14B0x232fB0x15e2
0x2e1c	0x2e14B0x232fB0x137c
0x2e1c	0x2e14B0x232fB0x15e2
0x2e1e	0x2e14B0x232fB0x137c
0x2e1e	0x2e14B0x232fB0x15e2
0x2e1f	0x2e14B0x232fB0x137c
0x2e1f	0x2e14B0x232fB0x15e2
0x2e22	0x2e14B0x232fB0x137c
0x2e22	0x2e14B0x232fB0x15e2
0x2e24	0x2e14B0x232fB0x137c
0x2e24	0x2e14B0x232fB0x15e2
0x2e2a	0x2e28B0x232fB0x137c
0x2e2a	0x2e28B0x232fB0x15e2
0x2e2f	0x2e2dB0x232fB0x137c
0x2e2f	0x2e2dB0x232fB0x15e2
0x2e31	0x2e2dB0x232fB0x137c
0x2e31	0x2e2dB0x232fB0x15e2
0x2e33	0x2e2dB0x232fB0x137c
0x2e33	0x2e2dB0x232fB0x15e2
0x2e35	0x2e2dB0x232fB0x137c
0x2e35	0x2e2dB0x232fB0x15e2
0x2e36	0x2e2dB0x232fB0x137c
0x2e36	0x2e2dB0x232fB0x15e2
0x2e37	0x2e2dB0x232fB0x137c
0x2e37	0x2e2dB0x232fB0x15e2
0x2e38	0x2e2dB0x232fB0x137c
0x2e38	0x2e2dB0x232fB0x15e2
0x2e3e	0x2e2dB0x232fB0x137c
0x2e3e	0x2e2dB0x232fB0x15e2
0x2e40	0x2e2dB0x232fB0x137c
0x2e40	0x2e2dB0x232fB0x15e2
0x2e41	0x2e2dB0x232fB0x137c
0x2e41	0x2e2dB0x232fB0x15e2
0x2e43	0x2e2dB0x232fB0x137c
0x2e43	0x2e2dB0x232fB0x15e2
0x2e45	0x2e2dB0x232fB0x137c
0x2e45	0x2e2dB0x232fB0x15e2
0x2e46	0x2e2dB0x232fB0x137c
0x2e46	0x2e2dB0x232fB0x15e2
0x2e48	0x2e2dB0x232fB0x137c
0x2e48	0x2e2dB0x232fB0x15e2
0x2e4a	0x2e2dB0x232fB0x137c
0x2e4a	0x2e2dB0x232fB0x15e2
0x2e4b	0x2e2dB0x232fB0x137c
0x2e4b	0x2e2dB0x232fB0x15e2
0x2e4d	0x2e2dB0x232fB0x137c
0x2e4d	0x2e2dB0x232fB0x15e2
0x2e4f	0x2e2dB0x232fB0x137c
0x2e4f	0x2e2dB0x232fB0x15e2
0x2e50	0x2e2dB0x232fB0x137c
0x2e50	0x2e2dB0x232fB0x15e2
0x2e52	0x2e2dB0x232fB0x137c
0x2e52	0x2e2dB0x232fB0x15e2
0x2e54	0x2e2dB0x232fB0x137c
0x2e54	0x2e2dB0x232fB0x15e2
0x2e55	0x2e2dB0x232fB0x137c
0x2e55	0x2e2dB0x232fB0x15e2
0x2e56	0x2e2dB0x232fB0x137c
0x2e56	0x2e2dB0x232fB0x15e2
0x2e58	0x2e2dB0x232fB0x137c
0x2e58	0x2e2dB0x232fB0x15e2
0x2e5a	0x2e2dB0x232fB0x137c
0x2e5a	0x2e2dB0x232fB0x15e2
0x2e5f	0x2e2dB0x232fB0x137c
0x2e5f	0x2e2dB0x232fB0x15e2
0x2e60	0x2e2dB0x232fB0x137c
0x2e60	0x2e2dB0x232fB0x15e2
0x2e62	0x2e2dB0x232fB0x137c
0x2e62	0x2e2dB0x232fB0x15e2
0x2e65	0x2e2dB0x232fB0x137c
0x2e65	0x2e2dB0x232fB0x15e2
0x2e67	0x2e2dB0x232fB0x137c
0x2e67	0x2e2dB0x232fB0x15e2
0x2e68	0x2e2dB0x232fB0x137c
0x2e68	0x2e2dB0x232fB0x15e2
0x2e71	0x2e2dB0x232fB0x137c
0x2e71	0x2e2dB0x232fB0x15e2
0x2e76	0x2e75B0x232fB0x137c
0x2e76	0x2e75B0x232fB0x15e2
0x2e78	0x2e75B0x232fB0x137c
0x2e78	0x2e75B0x232fB0x15e2
0x2e7a	0x2e75B0x232fB0x137c
0x2e7a	0x2e75B0x232fB0x15e2
0x2e7d	0x2e75B0x232fB0x137c
0x2e7d	0x2e75B0x232fB0x15e2
0x2e7f	0x2e75B0x232fB0x137c
0x2e7f	0x2e75B0x232fB0x15e2
0x2e83	0x2e75B0x232fB0x137c
0x2e83	0x2e75B0x232fB0x15e2
0x2e84	0x2e75B0x232fB0x137c
0x2e84	0x2e75B0x232fB0x15e2
0x2e86	0x2e75B0x232fB0x137c
0x2e86	0x2e75B0x232fB0x15e2
0x2e87	0x2e75B0x232fB0x137c
0x2e87	0x2e75B0x232fB0x15e2
0x2e8b	0x2e8bB0x232fB0x137c
0x2e8b	0x2e8bB0x232fB0x15e2
0x2e91	0x2e8fB0x232fB0x137c
0x2e91	0x2e8fB0x232fB0x15e2
0x2e92	0x2e8fB0x232fB0x137c
0x2e92	0x2e8fB0x232fB0x15e2
0x2e93	0x2e8fB0x232fB0x137c
0x2e93	0x2e8fB0x232fB0x15e2
0x2e95	0x2e8fB0x232fB0x137c
0x2e95	0x2e8fB0x232fB0x15e2
0x2e96	0x2e8fB0x232fB0x137c
0x2e96	0x2e8fB0x232fB0x15e2
0x2e9a	0x2e9aB0x232fB0x137c
0x2e9a	0x2e9aB0x232fB0x15e2
0x2e9b	0x2e9aB0x232fB0x137c
0x2e9b	0x2e9aB0x232fB0x15e2
0x2e9f	0x2e9aB0x232fB0x137c
0x2e9f	0x2e9aB0x232fB0x15e2
0x2ea0	0x2e9aB0x232fB0x137c
0x2ea0	0x2e9aB0x232fB0x15e2
0x2eab	0x2ea9B0x232fB0x137c
0x2eab	0x2ea9B0x232fB0x15e2
0x2ead	0x2ea9B0x232fB0x137c
0x2ead	0x2ea9B0x232fB0x15e2
0x2eae	0x2ea9B0x232fB0x137c
0x2eae	0x2ea9B0x232fB0x15e2
0x2eb2	0x2ea9B0x232fB0x137c
0x2eb2	0x2ea9B0x232fB0x15e2
0x2eb4	0x2ea9B0x232fB0x137c
0x2eb4	0x2ea9B0x232fB0x15e2
0x2eb5	0x2ea9B0x232fB0x137c
0x2eb5	0x2ea9B0x232fB0x15e2
0x2eb7	0x2ea9B0x232fB0x137c
0x2eb7	0x2ea9B0x232fB0x15e2
0x2eb8	0x2ea9B0x232fB0x137c
0x2eb8	0x2ea9B0x232fB0x15e2
0x2ebc	0x2ea9B0x232fB0x137c
0x2ebc	0x2ea9B0x232fB0x15e2
0x2ebf	0x2ea9B0x232fB0x137c
0x2ebf	0x2ea9B0x232fB0x15e2
0x2ec1	0x2ea9B0x232fB0x137c
0x2ec1	0x2ea9B0x232fB0x15e2
0x2ec4	0x2ea9B0x232fB0x137c
0x2ec4	0x2ea9B0x232fB0x15e2
0x2ec6	0x2ea9B0x232fB0x137c
0x2ec6	0x2ea9B0x232fB0x15e2
0x2eca	0x2ec9B0x232fB0x137c
0x2eca	0x2ec9B0x232fB0x15e2
0x2ecc	0x2ec9B0x232fB0x137c
0x2ecc	0x2ec9B0x232fB0x15e2
0x2ecd	0x2ec9B0x232fB0x137c
0x2ecd	0x2ec9B0x232fB0x15e2
0x2ed1	0x2ec9B0x232fB0x137c
0x2ed1	0x2ec9B0x232fB0x15e2
0x2ed2	0x2ec9B0x232fB0x137c
0x2ed2	0x2ec9B0x232fB0x15e2
0x2ed6	0x2ec9B0x232fB0x137c
0x2ed6	0x2ec9B0x232fB0x15e2
0x2eda	0x2ec9B0x232fB0x137c
0x2eda	0x2ec9B0x232fB0x15e2
0x2edc	0x2ec9B0x232fB0x137c
0x2edc	0x2ec9B0x232fB0x15e2
0x2ede	0x2ec9B0x232fB0x137c
0x2ede	0x2ec9B0x232fB0x15e2
0x2edf	0x2ec9B0x232fB0x137c
0x2edf	0x2ec9B0x232fB0x15e2
0x2ee0	0x2ec9B0x232fB0x137c
0x2ee0	0x2ec9B0x232fB0x15e2
0x2ee1	0x2ec9B0x232fB0x137c
0x2ee1	0x2ec9B0x232fB0x15e2
0x2ee5	0x2ee5B0x232fB0x137c
0x2ee5	0x2ee5B0x232fB0x15e2
0x2eeb	0x2ee5B0x232fB0x137c
0x2eeb	0x2ee5B0x232fB0x15e2
0x2eed	0x2ee5B0x232fB0x137c
0x2eed	0x2ee5B0x232fB0x15e2
0x2eef	0x2ee5B0x232fB0x137c
0x2eef	0x2ee5B0x232fB0x15e2
0x2ef1	0x2ee5B0x232fB0x137c
0x2ef1	0x2ee5B0x232fB0x15e2
0x2ef2	0x2ee5B0x232fB0x137c
0x2ef2	0x2ee5B0x232fB0x15e2
0x2ef3	0x2ee5B0x232fB0x137c
0x2ef3	0x2ee5B0x232fB0x15e2
0x2ef4	0x2ee5B0x232fB0x137c
0x2ef4	0x2ee5B0x232fB0x15e2
0x2ef9	0x2ee5B0x232fB0x137c
0x2ef9	0x2ee5B0x232fB0x15e2
0x2efb	0x2ee5B0x232fB0x137c
0x2efb	0x2ee5B0x232fB0x15e2
0x2efd	0x2ee5B0x232fB0x137c
0x2efd	0x2ee5B0x232fB0x15e2
0x2f02	0x2ee5B0x232fB0x137c
0x2f02	0x2ee5B0x232fB0x15e2
0x2f03	0x2ee5B0x232fB0x137c
0x2f03	0x2ee5B0x232fB0x15e2
0x2f05	0x2ee5B0x232fB0x137c
0x2f05	0x2ee5B0x232fB0x15e2
0x2f08	0x2ee5B0x232fB0x137c
0x2f08	0x2ee5B0x232fB0x15e2
0x2f0a	0x2ee5B0x232fB0x137c
0x2f0a	0x2ee5B0x232fB0x15e2
0x2f0b	0x2ee5B0x232fB0x137c
0x2f0b	0x2ee5B0x232fB0x15e2
0x2f0d	0x2ee5B0x232fB0x137c
0x2f0d	0x2ee5B0x232fB0x15e2
0x2f0f	0x2ee5B0x232fB0x137c
0x2f0f	0x2ee5B0x232fB0x15e2
0x2f12	0x2ee5B0x232fB0x137c
0x2f12	0x2ee5B0x232fB0x15e2
0x2f15	0x2ee5B0x232fB0x137c
0x2f15	0x2ee5B0x232fB0x15e2
0x2f16	0x2ee5B0x232fB0x137c
0x2f16	0x2ee5B0x232fB0x15e2
0x2f17	0x2ee5B0x232fB0x137c
0x2f17	0x2ee5B0x232fB0x15e2
0x2f19	0x2ee5B0x232fB0x137c
0x2f19	0x2ee5B0x232fB0x15e2
0x2f1a	0x2ee5B0x232fB0x137c
0x2f1a	0x2ee5B0x232fB0x15e2
0x2f1e	0x2f1eB0x232fB0x137c
0x2f1e	0x2f1eB0x232fB0x15e2
0x2f1f	0x2f1eB0x232fB0x137c
0x2f1f	0x2f1eB0x232fB0x15e2
0x2f23	0x2f1eB0x232fB0x137c
0x2f23	0x2f1eB0x232fB0x15e2
0x2f24	0x2f1eB0x232fB0x137c
0x2f24	0x2f1eB0x232fB0x15e2
0x2f2c	0x2f27B0x232fB0x137c
0x2f2c	0x2f27B0x232fB0x15e2
0x2f2e	0x2f27B0x232fB0x137c
0x2f2e	0x2f27B0x232fB0x15e2
0x2f2f	0x2f27B0x232fB0x137c
0x2f2f	0x2f27B0x232fB0x15e2
0x2f30	0x2f27B0x232fB0x137c
0x2f30	0x2f27B0x232fB0x15e2
0x2f32	0x2f27B0x232fB0x137c
0x2f32	0x2f27B0x232fB0x15e2
0x2f33	0x2f27B0x232fB0x137c
0x2f33	0x2f27B0x232fB0x15e2
0x2f36	0x2f27B0x232fB0x137c
0x2f36	0x2f27B0x232fB0x15e2
0x2f37	0x2f27B0x232fB0x137c
0x2f37	0x2f27B0x232fB0x15e2
0x2f39	0x2f27B0x232fB0x137c
0x2f39	0x2f27B0x232fB0x15e2
0x2f3b	0x2f27B0x232fB0x137c
0x2f3b	0x2f27B0x232fB0x15e2
0x2f40	0x2f27B0x232fB0x137c
0x2f40	0x2f27B0x232fB0x15e2
0x2f42	0x2f27B0x232fB0x137c
0x2f42	0x2f27B0x232fB0x15e2
0x2f47	0x2f27B0x232fB0x137c
0x2f47	0x2f27B0x232fB0x15e2
0x2f4c	0x2f4bB0x232fB0x137c
0x2f4c	0x2f4bB0x232fB0x15e2
0x2f4e	0x2f4bB0x232fB0x137c
0x2f4e	0x2f4bB0x232fB0x15e2
0x2f50	0x2f4bB0x232fB0x137c
0x2f50	0x2f4bB0x232fB0x15e2
0x2f52	0x2f4bB0x232fB0x137c
0x2f52	0x2f4bB0x232fB0x15e2
0x2f53	0x2f4bB0x232fB0x137c
0x2f53	0x2f4bB0x232fB0x15e2
0x2f56	0x2f4bB0x232fB0x137c
0x2f56	0x2f4bB0x232fB0x15e2
0x2f59	0x2f4bB0x232fB0x137c
0x2f59	0x2f4bB0x232fB0x15e2
0x2f5c	0x2f4bB0x232fB0x137c
0x2f5c	0x2f4bB0x232fB0x15e2
0x2f5d	0x2f4bB0x232fB0x137c
0x2f5d	0x2f4bB0x232fB0x15e2
0x2f62	0x2f4bB0x232fB0x137c
0x2f62	0x2f4bB0x232fB0x15e2
0x2f64	0x2f4bB0x232fB0x137c
0x2f64	0x2f4bB0x232fB0x15e2
0x2f68	0x2f4bB0x232fB0x137c
0x2f68	0x2f4bB0x232fB0x15e2
0x2f6b	0x2f4bB0x232fB0x137c
0x2f6b	0x2f4bB0x232fB0x15e2
0x2f6d	0x2f4bB0x232fB0x137c
0x2f6d	0x2f4bB0x232fB0x15e2
0x2f73	0x2f4bB0x232fB0x137c
0x2f73	0x2f4bB0x232fB0x15e2
0x2f77	0x2f4bB0x232fB0x137c
0x2f77	0x2f4bB0x232fB0x15e2
0x2f79	0x2f4bB0x232fB0x137c
0x2f79	0x2f4bB0x232fB0x15e2
0x2f81	0x2f4bB0x232fB0x137c
0x2f81	0x2f4bB0x232fB0x15e2
0x2f82	0x2f4bB0x232fB0x137c
0x2f82	0x2f4bB0x232fB0x15e2
0x2f85	0x2f4bB0x232fB0x137c
0x2f85	0x2f4bB0x232fB0x15e2
0x2f86	0x2f4bB0x232fB0x137c
0x2f86	0x2f4bB0x232fB0x15e2
0x2f87	0x2f4bB0x232fB0x137c
0x2f87	0x2f4bB0x232fB0x15e2
0x2f89	0x2f4bB0x232fB0x137c
0x2f89	0x2f4bB0x232fB0x15e2
0x2f8a	0x2f4bB0x232fB0x137c
0x2f8a	0x2f4bB0x232fB0x15e2
0x2f8e	0x2f8eB0x232fB0x137c
0x2f8e	0x2f8eB0x232fB0x15e2
0x2f8f	0x2f8eB0x232fB0x137c
0x2f8f	0x2f8eB0x232fB0x15e2
0x2f93	0x2f8eB0x232fB0x137c
0x2f93	0x2f8eB0x232fB0x15e2
0x2f94	0x2f8eB0x232fB0x137c
0x2f94	0x2f8eB0x232fB0x15e2
0x2f9c	0x2f97B0x232fB0x137c
0x2f9c	0x2f97B0x232fB0x15e2
0x2f9e	0x2f97B0x232fB0x137c
0x2f9e	0x2f97B0x232fB0x15e2
0x2f9f	0x2f97B0x232fB0x137c
0x2f9f	0x2f97B0x232fB0x15e2
0x2fa0	0x2f97B0x232fB0x137c
0x2fa0	0x2f97B0x232fB0x15e2
0x2fa2	0x2f97B0x232fB0x137c
0x2fa2	0x2f97B0x232fB0x15e2
0x2fa3	0x2f97B0x232fB0x137c
0x2fa3	0x2f97B0x232fB0x15e2
0x2fa6	0x2f97B0x232fB0x137c
0x2fa6	0x2f97B0x232fB0x15e2
0x2fa7	0x2f97B0x232fB0x137c
0x2fa7	0x2f97B0x232fB0x15e2
0x2fa9	0x2f97B0x232fB0x137c
0x2fa9	0x2f97B0x232fB0x15e2
0x2fab	0x2f97B0x232fB0x137c
0x2fab	0x2f97B0x232fB0x15e2
0x2fb0	0x2f97B0x232fB0x137c
0x2fb0	0x2f97B0x232fB0x15e2
0x2fb2	0x2f97B0x232fB0x137c
0x2fb2	0x2f97B0x232fB0x15e2
0x2fb7	0x2f97B0x232fB0x137c
0x2fb7	0x2f97B0x232fB0x15e2
0x2fbc	0x2fbbB0x232fB0x137c
0x2fbc	0x2fbbB0x232fB0x15e2
0x2fbe	0x2fbbB0x232fB0x137c
0x2fbe	0x2fbbB0x232fB0x15e2
0x2fc0	0x2fbbB0x232fB0x137c
0x2fc0	0x2fbbB0x232fB0x15e2
0x2fc2	0x2fbbB0x232fB0x137c
0x2fc2	0x2fbbB0x232fB0x15e2
0x2fc3	0x2fbbB0x232fB0x137c
0x2fc3	0x2fbbB0x232fB0x15e2
0x2fc4	0x2fbbB0x232fB0x137c
0x2fc4	0x2fbbB0x232fB0x15e2
0x2fc5	0x2fbbB0x232fB0x137c
0x2fc5	0x2fbbB0x232fB0x15e2
0x2fc8	0x2fbbB0x232fB0x137c
0x2fc8	0x2fbbB0x232fB0x15e2
0x2fcb	0x2fbbB0x232fB0x137c
0x2fcb	0x2fbbB0x232fB0x15e2
0x2fd0	0x2fcfB0x232fB0x137c
0x2fd0	0x2fcfB0x232fB0x15e2
0x2fd2	0x2fcfB0x232fB0x137c
0x2fd2	0x2fcfB0x232fB0x15e2
0x2fd4	0x2fcfB0x232fB0x137c
0x2fd4	0x2fcfB0x232fB0x15e2
0x2fd6	0x2fcfB0x232fB0x137c
0x2fd6	0x2fcfB0x232fB0x15e2
0x2fd7	0x2fcfB0x232fB0x137c
0x2fd7	0x2fcfB0x232fB0x15e2
0x2fd8	0x2fcfB0x232fB0x137c
0x2fd8	0x2fcfB0x232fB0x15e2
0x2fd9	0x2fcfB0x232fB0x137c
0x2fd9	0x2fcfB0x232fB0x15e2
0x2fda	0x2fcfB0x232fB0x137c
0x2fda	0x2fcfB0x232fB0x15e2
0x2fdd	0x2fcfB0x232fB0x137c
0x2fdd	0x2fcfB0x232fB0x15e2
0x2fe1	0x2fdfB0x232fB0x137c
0x2fe1	0x2fdfB0x232fB0x15e2
0x2fe3	0x2fdfB0x232fB0x137c
0x2fe3	0x2fdfB0x232fB0x15e2
0x2fe4	0x2fdfB0x232fB0x137c
0x2fe4	0x2fdfB0x232fB0x15e2
0x2fe6	0x2fdfB0x232fB0x137c
0x2fe6	0x2fdfB0x232fB0x15e2
0x2fe7	0x2fdfB0x232fB0x137c
0x2fe7	0x2fdfB0x232fB0x15e2
0x2fed	0x2fdfB0x232fB0x137c
0x2fed	0x2fdfB0x232fB0x15e2
0x2fee	0x2fdfB0x232fB0x137c
0x2fee	0x2fdfB0x232fB0x15e2
0x2ff0	0x2fdfB0x232fB0x137c
0x2ff0	0x2fdfB0x232fB0x15e2
0x2ff2	0x2fdfB0x232fB0x137c
0x2ff2	0x2fdfB0x232fB0x15e2
0x2ff4	0x2fdfB0x232fB0x137c
0x2ff4	0x2fdfB0x232fB0x15e2
0x2ff5	0x2fdfB0x232fB0x137c
0x2ff5	0x2fdfB0x232fB0x15e2
0x2ff8	0x2fdfB0x232fB0x137c
0x2ff8	0x2fdfB0x232fB0x15e2
0x2ffb	0x2fdfB0x232fB0x137c
0x2ffb	0x2fdfB0x232fB0x15e2
0x2fff	0x2fdfB0x232fB0x137c
0x2fff	0x2fdfB0x232fB0x15e2
0x3000	0x2fdfB0x232fB0x137c
0x3000	0x2fdfB0x232fB0x15e2
0x3003	0x2fdfB0x232fB0x137c
0x3003	0x2fdfB0x232fB0x15e2
0x3005	0x2fdfB0x232fB0x137c
0x3005	0x2fdfB0x232fB0x15e2
0x3009	0x2fdfB0x232fB0x137c
0x3009	0x2fdfB0x232fB0x15e2
0x300a	0x2fdfB0x232fB0x137c
0x300a	0x2fdfB0x232fB0x15e2
0x300c	0x2fdfB0x232fB0x137c
0x300c	0x2fdfB0x232fB0x15e2
0x300f	0x2fdfB0x232fB0x137c
0x300f	0x2fdfB0x232fB0x15e2
0x3011	0x2fdfB0x232fB0x137c
0x3011	0x2fdfB0x232fB0x15e2
0x3015	0x2fdfB0x232fB0x137c
0x3015	0x2fdfB0x232fB0x15e2
0x3016	0x2fdfB0x232fB0x137c
0x3016	0x2fdfB0x232fB0x15e2
0x3018	0x2fdfB0x232fB0x137c
0x3018	0x2fdfB0x232fB0x15e2
0x301b	0x2fdfB0x232fB0x137c
0x301b	0x2fdfB0x232fB0x15e2
0x301d	0x2fdfB0x232fB0x137c
0x301d	0x2fdfB0x232fB0x15e2
0x3021	0x2fdfB0x232fB0x137c
0x3021	0x2fdfB0x232fB0x15e2
0x3022	0x2fdfB0x232fB0x137c
0x3022	0x2fdfB0x232fB0x15e2
0x3023	0x2fdfB0x232fB0x137c
0x3023	0x2fdfB0x232fB0x15e2
0x3025	0x2fdfB0x232fB0x137c
0x3025	0x2fdfB0x232fB0x15e2
0x3027	0x2fdfB0x232fB0x137c
0x3027	0x2fdfB0x232fB0x15e2
0x3029	0x2fdfB0x232fB0x137c
0x3029	0x2fdfB0x232fB0x15e2
0x302a	0x2fdfB0x232fB0x137c
0x302a	0x2fdfB0x232fB0x15e2
0x302d	0x2fdfB0x232fB0x137c
0x302d	0x2fdfB0x232fB0x15e2
0x3030	0x2fdfB0x232fB0x137c
0x3030	0x2fdfB0x232fB0x15e2
0x3035	0x2fdfB0x232fB0x137c
0x3035	0x2fdfB0x232fB0x15e2
0x3039	0x2fdfB0x232fB0x137c
0x3039	0x2fdfB0x232fB0x15e2
0x303a	0x2fdfB0x232fB0x137c
0x303a	0x2fdfB0x232fB0x15e2
0x303d	0x2fdfB0x232fB0x137c
0x303d	0x2fdfB0x232fB0x15e2
0x3040	0x2fdfB0x232fB0x137c
0x3040	0x2fdfB0x232fB0x15e2
0x3042	0x2fdfB0x232fB0x137c
0x3042	0x2fdfB0x232fB0x15e2
0x3046	0x2fdfB0x232fB0x137c
0x3046	0x2fdfB0x232fB0x15e2
0x3047	0x2fdfB0x232fB0x137c
0x3047	0x2fdfB0x232fB0x15e2
0x3048	0x2fdfB0x232fB0x137c
0x3048	0x2fdfB0x232fB0x15e2
0x304b	0x2fdfB0x232fB0x137c
0x304b	0x2fdfB0x232fB0x15e2
0x3050	0x2fdfB0x232fB0x137c
0x3050	0x2fdfB0x232fB0x15e2
0x3052	0x2fdfB0x232fB0x137c
0x3052	0x2fdfB0x232fB0x15e2
0x3056	0x3055B0x232fB0x137c
0x3056	0x3055B0x232fB0x15e2
0x3058	0x3055B0x232fB0x137c
0x3058	0x3055B0x232fB0x15e2
0x3059	0x3055B0x232fB0x137c
0x3059	0x3055B0x232fB0x15e2
0x305d	0x3055B0x232fB0x137c
0x305d	0x3055B0x232fB0x15e2
0x305e	0x3055B0x232fB0x137c
0x305e	0x3055B0x232fB0x15e2
0x3062	0x3055B0x232fB0x137c
0x3062	0x3055B0x232fB0x15e2
0x3068	0x3055B0x232fB0x137c
0x3068	0x3055B0x232fB0x15e2
0x306d	0x306cB0x232fB0x137c
0x306d	0x306cB0x232fB0x15e2
0x306f	0x306cB0x232fB0x137c
0x306f	0x306cB0x232fB0x15e2
0x3070	0x306cB0x232fB0x137c
0x3070	0x306cB0x232fB0x15e2
0x3075	0x306cB0x232fB0x137c
0x3075	0x306cB0x232fB0x15e2
0x3077	0x306cB0x232fB0x137c
0x3077	0x306cB0x232fB0x15e2
0x307a	0x306cB0x232fB0x137c
0x307a	0x306cB0x232fB0x15e2
0x307d	0x306cB0x232fB0x137c
0x307d	0x306cB0x232fB0x15e2
0x307e	0x306cB0x232fB0x137c
0x307e	0x306cB0x232fB0x15e2
0x307f	0x306cB0x232fB0x137c
0x307f	0x306cB0x232fB0x15e2
0x3081	0x306cB0x232fB0x137c
0x3081	0x306cB0x232fB0x15e2
0x3082	0x306cB0x232fB0x137c
0x3082	0x306cB0x232fB0x15e2
0x3085	0x306cB0x232fB0x137c
0x3085	0x306cB0x232fB0x15e2
0x3086	0x306cB0x232fB0x137c
0x3086	0x306cB0x232fB0x15e2
0x3087	0x306cB0x232fB0x137c
0x3087	0x306cB0x232fB0x15e2
0x308b	0x308bB0x232fB0x137c
0x308b	0x308bB0x232fB0x15e2
0x308e	0x308bB0x232fB0x137c
0x308e	0x308bB0x232fB0x15e2
0x3093	0x3092B0x232fB0x137c
0x3093	0x3092B0x232fB0x15e2
0x3094	0x3092B0x232fB0x137c
0x3094	0x3092B0x232fB0x15e2
0x3098	0x3098B0x232fB0x137c
0x3098	0x3098B0x232fB0x15e2
0x309a	0x3098B0x232fB0x137c
0x309a	0x3098B0x232fB0x15e2
0x309b	0x3098B0x232fB0x137c
0x309b	0x3098B0x232fB0x15e2
0x309f	0x3098B0x232fB0x137c
0x309f	0x3098B0x232fB0x15e2
0x30a1	0x3098B0x232fB0x137c
0x30a1	0x3098B0x232fB0x15e2
0x30a4	0x3098B0x232fB0x137c
0x30a4	0x3098B0x232fB0x15e2
0x30a6	0x3098B0x232fB0x137c
0x30a6	0x3098B0x232fB0x15e2
0x30a9	0x3098B0x232fB0x137c
0x30a9	0x3098B0x232fB0x15e2
0x30ab	0x3098B0x232fB0x137c
0x30ab	0x3098B0x232fB0x15e2
0x30ad	0x3098B0x232fB0x137c
0x30ad	0x3098B0x232fB0x15e2
0x30b0	0x3098B0x232fB0x137c
0x30b0	0x3098B0x232fB0x15e2
0x30b2	0x3098B0x232fB0x137c
0x30b2	0x3098B0x232fB0x15e2
0x30c7	0x3098B0x232fB0x137c
0x30c7	0x3098B0x232fB0x15e2
0x30c9	0x3098B0x232fB0x137c
0x30c9	0x3098B0x232fB0x15e2
0x30ca	0x3098B0x232fB0x137c
0x30ca	0x3098B0x232fB0x15e2
0x30cd	0x3098B0x232fB0x137c
0x30cd	0x3098B0x232fB0x15e2
0x30cf	0x3098B0x232fB0x137c
0x30cf	0x3098B0x232fB0x15e2
0x30d1	0x3098B0x232fB0x137c
0x30d1	0x3098B0x232fB0x15e2
0x30d2	0x3098B0x232fB0x137c
0x30d2	0x3098B0x232fB0x15e2
0x30d7	0x30d6B0x232fB0x137c
0x30d7	0x30d6B0x232fB0x15e2
0x30d9	0x30d6B0x232fB0x137c
0x30d9	0x30d6B0x232fB0x15e2
0x30da	0x30d6B0x232fB0x137c
0x30da	0x30d6B0x232fB0x15e2
0x30df	0x30d6B0x232fB0x137c
0x30df	0x30d6B0x232fB0x15e2
0x30e1	0x30d6B0x232fB0x137c
0x30e1	0x30d6B0x232fB0x15e2
0x30e4	0x30d6B0x232fB0x137c
0x30e4	0x30d6B0x232fB0x15e2
0x30e7	0x30d6B0x232fB0x137c
0x30e7	0x30d6B0x232fB0x15e2
0x30e9	0x30d6B0x232fB0x137c
0x30e9	0x30d6B0x232fB0x15e2
0x30ea	0x30d6B0x232fB0x137c
0x30ea	0x30d6B0x232fB0x15e2
0x30ec	0x30d6B0x232fB0x137c
0x30ec	0x30d6B0x232fB0x15e2
0x30ed	0x30d6B0x232fB0x137c
0x30ed	0x30d6B0x232fB0x15e2
0x30ee	0x30d6B0x232fB0x137c
0x30ee	0x30d6B0x232fB0x15e2
0x30f0	0x30d6B0x232fB0x137c
0x30f0	0x30d6B0x232fB0x15e2
0x30f3	0x30d6B0x232fB0x137c
0x30f3	0x30d6B0x232fB0x15e2
0x30f6	0x30d6B0x232fB0x137c
0x30f6	0x30d6B0x232fB0x15e2
0x30f7	0x30d6B0x232fB0x137c
0x30f7	0x30d6B0x232fB0x15e2
0x30f8	0x30d6B0x232fB0x137c
0x30f8	0x30d6B0x232fB0x15e2
0x30fa	0x30d6B0x232fB0x137c
0x30fa	0x30d6B0x232fB0x15e2
0x30fc	0x30d6B0x232fB0x137c
0x30fc	0x30d6B0x232fB0x15e2
0x30fe	0x30d6B0x232fB0x137c
0x30fe	0x30d6B0x232fB0x15e2
0x30ff	0x30d6B0x232fB0x137c
0x30ff	0x30d6B0x232fB0x15e2
0x3100	0x30d6B0x232fB0x137c
0x3100	0x30d6B0x232fB0x15e2
0x3101	0x30d6B0x232fB0x137c
0x3101	0x30d6B0x232fB0x15e2
0x3105	0x3105B0x232fB0x137c
0x3105	0x3105B0x232fB0x15e2
0x3109	0x3105B0x232fB0x137c
0x3109	0x3105B0x232fB0x15e2
0x310b	0x3105B0x232fB0x137c
0x310b	0x3105B0x232fB0x15e2
0x310c	0x3105B0x232fB0x137c
0x310c	0x3105B0x232fB0x15e2
0x310e	0x3105B0x232fB0x137c
0x310e	0x3105B0x232fB0x15e2
0x3110	0x3105B0x232fB0x137c
0x3110	0x3105B0x232fB0x15e2
0x3111	0x3105B0x232fB0x137c
0x3111	0x3105B0x232fB0x15e2
0x3113	0x3105B0x232fB0x137c
0x3113	0x3105B0x232fB0x15e2
0x3115	0x3105B0x232fB0x137c
0x3115	0x3105B0x232fB0x15e2
0x3116	0x3105B0x232fB0x137c
0x3116	0x3105B0x232fB0x15e2
0x3118	0x3105B0x232fB0x137c
0x3118	0x3105B0x232fB0x15e2
0x311d	0x311cB0x232fB0x137c
0x311d	0x311cB0x232fB0x15e2
0x311f	0x311cB0x232fB0x137c
0x311f	0x311cB0x232fB0x15e2
0x3121	0x311cB0x232fB0x137c
0x3121	0x311cB0x232fB0x15e2
0x3123	0x311cB0x232fB0x137c
0x3123	0x311cB0x232fB0x15e2
0x3124	0x311cB0x232fB0x137c
0x3124	0x311cB0x232fB0x15e2
0x3125	0x311cB0x232fB0x137c
0x3125	0x311cB0x232fB0x15e2
0x3126	0x311cB0x232fB0x137c
0x3126	0x311cB0x232fB0x15e2
0x3129	0x311cB0x232fB0x137c
0x3129	0x311cB0x232fB0x15e2
0x312c	0x312bB0x232fB0x137c
0x312c	0x312bB0x232fB0x15e2
0x312e	0x312bB0x232fB0x137c
0x312e	0x312bB0x232fB0x15e2
0x312f	0x312bB0x232fB0x137c
0x312f	0x312bB0x232fB0x15e2
0x3132	0x312bB0x232fB0x137c
0x3132	0x312bB0x232fB0x15e2
0x3134	0x312bB0x232fB0x137c
0x3134	0x312bB0x232fB0x15e2
0x3135	0x312bB0x232fB0x137c
0x3135	0x312bB0x232fB0x15e2
0x3138	0x312bB0x232fB0x137c
0x3138	0x312bB0x232fB0x15e2
0x313c	0x312bB0x232fB0x137c
0x313c	0x312bB0x232fB0x15e2
0x313e	0x312bB0x232fB0x137c
0x313e	0x312bB0x232fB0x15e2
0x313f	0x312bB0x232fB0x137c
0x313f	0x312bB0x232fB0x15e2
0x3141	0x312bB0x232fB0x137c
0x3141	0x312bB0x232fB0x15e2
0x3142	0x312bB0x232fB0x137c
0x3142	0x312bB0x232fB0x15e2
0x3146	0x312bB0x232fB0x137c
0x3146	0x312bB0x232fB0x15e2
0x3147	0x312bB0x232fB0x137c
0x3147	0x312bB0x232fB0x15e2
0x314b	0x312bB0x232fB0x137c
0x314b	0x312bB0x232fB0x15e2
0x314f	0x312bB0x232fB0x137c
0x314f	0x312bB0x232fB0x15e2
0x3151	0x312bB0x232fB0x137c
0x3151	0x312bB0x232fB0x15e2
0x3153	0x312bB0x232fB0x137c
0x3153	0x312bB0x232fB0x15e2
0x3154	0x312bB0x232fB0x137c
0x3154	0x312bB0x232fB0x15e2
0x3155	0x312bB0x232fB0x137c
0x3155	0x312bB0x232fB0x15e2
0x3156	0x312bB0x232fB0x137c
0x3156	0x312bB0x232fB0x15e2
0x315a	0x315aB0x232fB0x137c
0x315a	0x315aB0x232fB0x15e2
0x315e	0x315aB0x232fB0x137c
0x315e	0x315aB0x232fB0x15e2
0x3163	0x3162B0x232fB0x137c
0x3163	0x3162B0x232fB0x15e2
0x3168	0x3167B0x232fB0x137c
0x3168	0x3167B0x232fB0x15e2
0x316c	0x3167B0x232fB0x137c
0x316c	0x3167B0x232fB0x15e2
0x3173	0x3170B0x232fB0x137c
0x3173	0x3170B0x232fB0x15e2
0x3176	0x3170B0x232fB0x137c
0x3176	0x3170B0x232fB0x15e2
0x3177	0x3170B0x232fB0x137c
0x3177	0x3170B0x232fB0x15e2
0x3178	0x3170B0x232fB0x137c
0x3178	0x3170B0x232fB0x15e2
0x317a	0x3170B0x232fB0x137c
0x317a	0x3170B0x232fB0x15e2
0x317c	0x3170B0x232fB0x137c
0x317c	0x3170B0x232fB0x15e2
0x317e	0x3170B0x232fB0x137c
0x317e	0x3170B0x232fB0x15e2
0x317f	0x3170B0x232fB0x137c
0x317f	0x3170B0x232fB0x15e2
0x3182	0x3170B0x232fB0x137c
0x3182	0x3170B0x232fB0x15e2
0x3183	0x3170B0x232fB0x137c
0x3183	0x3170B0x232fB0x15e2
0x3186	0x3170B0x232fB0x137c
0x3186	0x3170B0x232fB0x15e2
0x3188	0x3170B0x232fB0x137c
0x3188	0x3170B0x232fB0x15e2
0x318b	0x3170B0x232fB0x137c
0x318b	0x3170B0x232fB0x15e2
0x318c	0x3170B0x232fB0x137c
0x318c	0x3170B0x232fB0x15e2
0x318d	0x3170B0x232fB0x137c
0x318d	0x3170B0x232fB0x15e2
0x318e	0x3170B0x232fB0x137c
0x318e	0x3170B0x232fB0x15e2
0x3191	0x3170B0x232fB0x137c
0x3191	0x3170B0x232fB0x15e2
0x319a	0x3199B0x232fB0x137c
0x319a	0x3199B0x232fB0x15e2
0x319c	0x3199B0x232fB0x137c
0x319c	0x3199B0x232fB0x15e2
0x319d	0x3199B0x232fB0x137c
0x319d	0x3199B0x232fB0x15e2
0x319f	0x3199B0x232fB0x137c
0x319f	0x3199B0x232fB0x15e2
0x31a1	0x3199B0x232fB0x137c
0x31a1	0x3199B0x232fB0x15e2
0x31a2	0x3199B0x232fB0x137c
0x31a2	0x3199B0x232fB0x15e2
0x31a5	0x3199B0x232fB0x137c
0x31a5	0x3199B0x232fB0x15e2
0x31a9	0x3199B0x232fB0x137c
0x31a9	0x3199B0x232fB0x15e2
0x31ab	0x3199B0x232fB0x137c
0x31ab	0x3199B0x232fB0x15e2
0x31ac	0x3199B0x232fB0x137c
0x31ac	0x3199B0x232fB0x15e2
0x31ae	0x3199B0x232fB0x137c
0x31ae	0x3199B0x232fB0x15e2
0x31af	0x3199B0x232fB0x137c
0x31af	0x3199B0x232fB0x15e2
0x31b3	0x3199B0x232fB0x137c
0x31b3	0x3199B0x232fB0x15e2
0x31b4	0x3199B0x232fB0x137c
0x31b4	0x3199B0x232fB0x15e2
0x31b8	0x3199B0x232fB0x137c
0x31b8	0x3199B0x232fB0x15e2
0x31bc	0x3199B0x232fB0x137c
0x31bc	0x3199B0x232fB0x15e2
0x31be	0x3199B0x232fB0x137c
0x31be	0x3199B0x232fB0x15e2
0x31c0	0x3199B0x232fB0x137c
0x31c0	0x3199B0x232fB0x15e2
0x31c1	0x3199B0x232fB0x137c
0x31c1	0x3199B0x232fB0x15e2
0x31c2	0x3199B0x232fB0x137c
0x31c2	0x3199B0x232fB0x15e2
0x31c4	0x3199B0x232fB0x137c
0x31c4	0x3199B0x232fB0x15e2
0x31c9	0x31c8B0x232fB0x137c
0x31c9	0x31c8B0x232fB0x15e2
0x31cb	0x31c8B0x232fB0x137c
0x31cb	0x31c8B0x232fB0x15e2
0x31cc	0x31c8B0x232fB0x137c
0x31cc	0x31c8B0x232fB0x15e2
0x31cf	0x31c8B0x232fB0x137c
0x31cf	0x31c8B0x232fB0x15e2
0x31d1	0x31c8B0x232fB0x137c
0x31d1	0x31c8B0x232fB0x15e2
0x31d2	0x31c8B0x232fB0x137c
0x31d2	0x31c8B0x232fB0x15e2
0x31d5	0x31c8B0x232fB0x137c
0x31d5	0x31c8B0x232fB0x15e2
0x31d9	0x31c8B0x232fB0x137c
0x31d9	0x31c8B0x232fB0x15e2
0x31db	0x31c8B0x232fB0x137c
0x31db	0x31c8B0x232fB0x15e2
0x31dc	0x31c8B0x232fB0x137c
0x31dc	0x31c8B0x232fB0x15e2
0x31de	0x31c8B0x232fB0x137c
0x31de	0x31c8B0x232fB0x15e2
0x31df	0x31c8B0x232fB0x137c
0x31df	0x31c8B0x232fB0x15e2
0x31e3	0x31c8B0x232fB0x137c
0x31e3	0x31c8B0x232fB0x15e2
0x31e4	0x31c8B0x232fB0x137c
0x31e4	0x31c8B0x232fB0x15e2
0x31e8	0x31c8B0x232fB0x137c
0x31e8	0x31c8B0x232fB0x15e2
0x31ec	0x31c8B0x232fB0x137c
0x31ec	0x31c8B0x232fB0x15e2
0x31ee	0x31c8B0x232fB0x137c
0x31ee	0x31c8B0x232fB0x15e2
0x31f0	0x31c8B0x232fB0x137c
0x31f0	0x31c8B0x232fB0x15e2
0x31f1	0x31c8B0x232fB0x137c
0x31f1	0x31c8B0x232fB0x15e2
0x31f2	0x31c8B0x232fB0x137c
0x31f2	0x31c8B0x232fB0x15e2
0x31f4	0x31f3B0x232fB0x137c
0x31f4	0x31f3B0x232fB0x15e2
0x31f5	0x31f3B0x232fB0x137c
0x31f5	0x31f3B0x232fB0x15e2
0x31f9	0x31f9B0x232fB0x137c
0x31f9	0x31f9B0x232fB0x15e2
0x31fd	0x31f9B0x232fB0x137c
0x31fd	0x31f9B0x232fB0x15e2
0x31ff	0x31f9B0x232fB0x137c
0x31ff	0x31f9B0x232fB0x15e2
0x3201	0x31f9B0x232fB0x137c
0x3201	0x31f9B0x232fB0x15e2
0x3203	0x31f9B0x232fB0x137c
0x3203	0x31f9B0x232fB0x15e2
0x3205	0x31f9B0x232fB0x137c
0x3205	0x31f9B0x232fB0x15e2
0x320a	0x31f9B0x232fB0x137c
0x320a	0x31f9B0x232fB0x15e2
0x3211	0x320eB0x232fB0x137c
0x3211	0x320eB0x232fB0x15e2
0x3213	0x320eB0x232fB0x137c
0x3213	0x320eB0x232fB0x15e2
0x3217	0x320eB0x232fB0x137c
0x3217	0x320eB0x232fB0x15e2
0x3219	0x320eB0x232fB0x137c
0x3219	0x320eB0x232fB0x15e2
0x321a	0x320eB0x232fB0x137c
0x321a	0x320eB0x232fB0x15e2
0x321c	0x320eB0x232fB0x137c
0x321c	0x320eB0x232fB0x15e2
0x321e	0x320eB0x232fB0x137c
0x321e	0x320eB0x232fB0x15e2
0x321f	0x320eB0x232fB0x137c
0x321f	0x320eB0x232fB0x15e2
0x3220	0x320eB0x232fB0x137c
0x3220	0x320eB0x232fB0x15e2
0x3223	0x320eB0x232fB0x137c
0x3223	0x320eB0x232fB0x15e2
0x3228	0x3227B0x232fB0x137c
0x3228	0x3227B0x232fB0x15e2
0x322a	0x3227B0x232fB0x137c
0x322a	0x3227B0x232fB0x15e2
0x322c	0x3227B0x232fB0x137c
0x322c	0x3227B0x232fB0x15e2
0x322e	0x3227B0x232fB0x137c
0x322e	0x3227B0x232fB0x15e2
0x322f	0x3227B0x232fB0x137c
0x322f	0x3227B0x232fB0x15e2
0x3232	0x3227B0x232fB0x137c
0x3232	0x3227B0x232fB0x15e2
0x3233	0x3227B0x232fB0x137c
0x3233	0x3227B0x232fB0x15e2
0x3236	0x3227B0x232fB0x137c
0x3236	0x3227B0x232fB0x15e2
0x3238	0x3227B0x232fB0x137c
0x3238	0x3227B0x232fB0x15e2
0x323b	0x3227B0x232fB0x137c
0x323b	0x3227B0x232fB0x15e2
0x3240	0x3227B0x232fB0x137c
0x3240	0x3227B0x232fB0x15e2
0x3243	0x3227B0x232fB0x137c
0x3243	0x3227B0x232fB0x15e2
0x3244	0x3227B0x232fB0x137c
0x3244	0x3227B0x232fB0x15e2
0x3248	0x3227B0x232fB0x137c
0x3248	0x3227B0x232fB0x15e2
0x324d	0x3227B0x232fB0x137c
0x324d	0x3227B0x232fB0x15e2
0x324f	0x3227B0x232fB0x137c
0x324f	0x3227B0x232fB0x15e2
0x3254	0x3253B0x232fB0x137c
0x3254	0x3253B0x232fB0x15e2
0x3256	0x3253B0x232fB0x137c
0x3256	0x3253B0x232fB0x15e2
0x3258	0x3253B0x232fB0x137c
0x3258	0x3253B0x232fB0x15e2
0x325a	0x3253B0x232fB0x137c
0x325a	0x3253B0x232fB0x15e2
0x325b	0x3253B0x232fB0x137c
0x325b	0x3253B0x232fB0x15e2
0x325c	0x3253B0x232fB0x137c
0x325c	0x3253B0x232fB0x15e2
0x325d	0x3253B0x232fB0x137c
0x325d	0x3253B0x232fB0x15e2
0x3260	0x3253B0x232fB0x137c
0x3260	0x3253B0x232fB0x15e2
0x3262	0x3253B0x232fB0x137c
0x3262	0x3253B0x232fB0x15e2
0x3264	0x3253B0x232fB0x137c
0x3264	0x3253B0x232fB0x15e2
0x3265	0x3253B0x232fB0x137c
0x3265	0x3253B0x232fB0x15e2
0x3267	0x3253B0x232fB0x137c
0x3267	0x3253B0x232fB0x15e2
0x3269	0x3253B0x232fB0x137c
0x3269	0x3253B0x232fB0x15e2
0x326a	0x3253B0x232fB0x137c
0x326a	0x3253B0x232fB0x15e2
0x326d	0x3253B0x232fB0x137c
0x326d	0x3253B0x232fB0x15e2
0x3271	0x3253B0x232fB0x137c
0x3271	0x3253B0x232fB0x15e2
0x3273	0x3253B0x232fB0x137c
0x3273	0x3253B0x232fB0x15e2
0x3274	0x3253B0x232fB0x137c
0x3274	0x3253B0x232fB0x15e2
0x3276	0x3253B0x232fB0x137c
0x3276	0x3253B0x232fB0x15e2
0x3277	0x3253B0x232fB0x137c
0x3277	0x3253B0x232fB0x15e2
0x327b	0x3253B0x232fB0x137c
0x327b	0x3253B0x232fB0x15e2
0x327c	0x3253B0x232fB0x137c
0x327c	0x3253B0x232fB0x15e2
0x3280	0x3253B0x232fB0x137c
0x3280	0x3253B0x232fB0x15e2
0x3284	0x3253B0x232fB0x137c
0x3284	0x3253B0x232fB0x15e2
0x3286	0x3253B0x232fB0x137c
0x3286	0x3253B0x232fB0x15e2
0x3288	0x3253B0x232fB0x137c
0x3288	0x3253B0x232fB0x15e2
0x3289	0x3253B0x232fB0x137c
0x3289	0x3253B0x232fB0x15e2
0x328a	0x3253B0x232fB0x137c
0x328a	0x3253B0x232fB0x15e2
0x328b	0x3253B0x232fB0x137c
0x328b	0x3253B0x232fB0x15e2
0x328f	0x328fB0x232fB0x137c
0x328f	0x328fB0x232fB0x15e2
0x3293	0x328fB0x232fB0x137c
0x3293	0x328fB0x232fB0x15e2
0x3298	0x3297B0x232fB0x137c
0x3298	0x3297B0x232fB0x15e2
0x329d	0x329cB0x232fB0x137c
0x329d	0x329cB0x232fB0x15e2
0x32a1	0x329cB0x232fB0x137c
0x32a1	0x329cB0x232fB0x15e2
0x32cf	0x32ceB0x232fB0x137c
0x32cf	0x32ceB0x232fB0x15e2
0x32d1	0x32ceB0x232fB0x137c
0x32d1	0x32ceB0x232fB0x15e2
0x32d2	0x32ceB0x232fB0x137c
0x32d2	0x32ceB0x232fB0x15e2
0x32d5	0x32ceB0x232fB0x137c
0x32d5	0x32ceB0x232fB0x15e2
0x32d7	0x32ceB0x232fB0x137c
0x32d7	0x32ceB0x232fB0x15e2
0x32d8	0x32ceB0x232fB0x137c
0x32d8	0x32ceB0x232fB0x15e2
0x32db	0x32ceB0x232fB0x137c
0x32db	0x32ceB0x232fB0x15e2
0x32df	0x32ceB0x232fB0x137c
0x32df	0x32ceB0x232fB0x15e2
0x32e1	0x32ceB0x232fB0x137c
0x32e1	0x32ceB0x232fB0x15e2
0x32e2	0x32ceB0x232fB0x137c
0x32e2	0x32ceB0x232fB0x15e2
0x32e4	0x32ceB0x232fB0x137c
0x32e4	0x32ceB0x232fB0x15e2
0x32e5	0x32ceB0x232fB0x137c
0x32e5	0x32ceB0x232fB0x15e2
0x32e9	0x32ceB0x232fB0x137c
0x32e9	0x32ceB0x232fB0x15e2
0x32ea	0x32ceB0x232fB0x137c
0x32ea	0x32ceB0x232fB0x15e2
0x32ee	0x32ceB0x232fB0x137c
0x32ee	0x32ceB0x232fB0x15e2
0x32f2	0x32ceB0x232fB0x137c
0x32f2	0x32ceB0x232fB0x15e2
0x32f4	0x32ceB0x232fB0x137c
0x32f4	0x32ceB0x232fB0x15e2
0x32f6	0x32ceB0x232fB0x137c
0x32f6	0x32ceB0x232fB0x15e2
0x32f7	0x32ceB0x232fB0x137c
0x32f7	0x32ceB0x232fB0x15e2
0x32f8	0x32ceB0x232fB0x137c
0x32f8	0x32ceB0x232fB0x15e2
0x32fa	0x32ceB0x232fB0x137c
0x32fa	0x32ceB0x232fB0x15e2
0x32ff	0x32feB0x232fB0x137c
0x32ff	0x32feB0x232fB0x15e2
0x3301	0x32feB0x232fB0x137c
0x3301	0x32feB0x232fB0x15e2
0x3302	0x32feB0x232fB0x137c
0x3302	0x32feB0x232fB0x15e2
0x3305	0x32feB0x232fB0x137c
0x3305	0x32feB0x232fB0x15e2
0x3307	0x32feB0x232fB0x137c
0x3307	0x32feB0x232fB0x15e2
0x3308	0x32feB0x232fB0x137c
0x3308	0x32feB0x232fB0x15e2
0x330b	0x32feB0x232fB0x137c
0x330b	0x32feB0x232fB0x15e2
0x330f	0x32feB0x232fB0x137c
0x330f	0x32feB0x232fB0x15e2
0x3311	0x32feB0x232fB0x137c
0x3311	0x32feB0x232fB0x15e2
0x3312	0x32feB0x232fB0x137c
0x3312	0x32feB0x232fB0x15e2
0x3314	0x32feB0x232fB0x137c
0x3314	0x32feB0x232fB0x15e2
0x3315	0x32feB0x232fB0x137c
0x3315	0x32feB0x232fB0x15e2
0x3319	0x32feB0x232fB0x137c
0x3319	0x32feB0x232fB0x15e2
0x331a	0x32feB0x232fB0x137c
0x331a	0x32feB0x232fB0x15e2
0x331e	0x32feB0x232fB0x137c
0x331e	0x32feB0x232fB0x15e2
0x3322	0x32feB0x232fB0x137c
0x3322	0x32feB0x232fB0x15e2
0x3324	0x32feB0x232fB0x137c
0x3324	0x32feB0x232fB0x15e2
0x3326	0x32feB0x232fB0x137c
0x3326	0x32feB0x232fB0x15e2
0x3327	0x32feB0x232fB0x137c
0x3327	0x32feB0x232fB0x15e2
0x3328	0x32feB0x232fB0x137c
0x3328	0x32feB0x232fB0x15e2
0x332a	0x3329B0x232fB0x137c
0x332a	0x3329B0x232fB0x15e2
0x332b	0x3329B0x232fB0x137c
0x332b	0x3329B0x232fB0x15e2
0x332f	0x332fB0x232fB0x137c
0x332f	0x332fB0x232fB0x15e2
0x3333	0x332fB0x232fB0x137c
0x3333	0x332fB0x232fB0x15e2
0x3335	0x332fB0x232fB0x137c
0x3335	0x332fB0x232fB0x15e2
0x3337	0x332fB0x232fB0x137c
0x3337	0x332fB0x232fB0x15e2
0x3339	0x332fB0x232fB0x137c
0x3339	0x332fB0x232fB0x15e2
0x333b	0x332fB0x232fB0x137c
0x333b	0x332fB0x232fB0x15e2
0x3340	0x332fB0x232fB0x137c
0x3340	0x332fB0x232fB0x15e2
0x3348	0x3344B0x232fB0x137c
0x3348	0x3344B0x232fB0x15e2
0x3349	0x3344B0x232fB0x137c
0x3349	0x3344B0x232fB0x15e2
0x334a	0x3344B0x232fB0x137c
0x334a	0x3344B0x232fB0x15e2
0x334c	0x3344B0x232fB0x137c
0x334c	0x3344B0x232fB0x15e2
0x334d	0x3344B0x232fB0x137c
0x334d	0x3344B0x232fB0x15e2
0x3351	0x3351B0x232fB0x137c
0x3351	0x3351B0x232fB0x15e2
0x3354	0x3351B0x232fB0x137c
0x3354	0x3351B0x232fB0x15e2
0x3355	0x3351B0x232fB0x137c
0x3355	0x3351B0x232fB0x15e2
0x335a	0x3351B0x232fB0x137c
0x335a	0x3351B0x232fB0x15e2
0x335c	0x3351B0x232fB0x137c
0x335c	0x3351B0x232fB0x15e2
0x335f	0x3351B0x232fB0x137c
0x335f	0x3351B0x232fB0x15e2
0x3362	0x3351B0x232fB0x137c
0x3362	0x3351B0x232fB0x15e2
0x3363	0x3351B0x232fB0x137c
0x3363	0x3351B0x232fB0x15e2
0x3364	0x3351B0x232fB0x137c
0x3364	0x3351B0x232fB0x15e2
0x3366	0x3351B0x232fB0x137c
0x3366	0x3351B0x232fB0x15e2
0x3367	0x3351B0x232fB0x137c
0x3367	0x3351B0x232fB0x15e2
0x336a	0x3351B0x232fB0x137c
0x336a	0x3351B0x232fB0x15e2
0x336b	0x3351B0x232fB0x137c
0x336b	0x3351B0x232fB0x15e2
0x336c	0x3351B0x232fB0x137c
0x336c	0x3351B0x232fB0x15e2
0x3370	0x3370B0x232fB0x137c
0x3370	0x3370B0x232fB0x15e2
0x3373	0x3370B0x232fB0x137c
0x3373	0x3370B0x232fB0x15e2
0x3378	0x3377B0x232fB0x137c
0x3378	0x3377B0x232fB0x15e2
0x3379	0x3377B0x232fB0x137c
0x3379	0x3377B0x232fB0x15e2
0x337d	0x337dB0x232fB0x137c
0x337d	0x337dB0x232fB0x15e2
0x337f	0x337dB0x232fB0x137c
0x337f	0x337dB0x232fB0x15e2
0x3380	0x337dB0x232fB0x137c
0x3380	0x337dB0x232fB0x15e2
0x3384	0x337dB0x232fB0x137c
0x3384	0x337dB0x232fB0x15e2
0x3386	0x337dB0x232fB0x137c
0x3386	0x337dB0x232fB0x15e2
0x3389	0x337dB0x232fB0x137c
0x3389	0x337dB0x232fB0x15e2
0x338b	0x337dB0x232fB0x137c
0x338b	0x337dB0x232fB0x15e2
0x338e	0x337dB0x232fB0x137c
0x338e	0x337dB0x232fB0x15e2
0x3390	0x337dB0x232fB0x137c
0x3390	0x337dB0x232fB0x15e2
0x3392	0x337dB0x232fB0x137c
0x3392	0x337dB0x232fB0x15e2
0x3395	0x337dB0x232fB0x137c
0x3395	0x337dB0x232fB0x15e2
0x3397	0x337dB0x232fB0x137c
0x3397	0x337dB0x232fB0x15e2
0x33ac	0x337dB0x232fB0x137c
0x33ac	0x337dB0x232fB0x15e2
0x33ae	0x337dB0x232fB0x137c
0x33ae	0x337dB0x232fB0x15e2
0x33af	0x337dB0x232fB0x137c
0x33af	0x337dB0x232fB0x15e2
0x33b2	0x337dB0x232fB0x137c
0x33b2	0x337dB0x232fB0x15e2
0x33b4	0x337dB0x232fB0x137c
0x33b4	0x337dB0x232fB0x15e2
0x33b6	0x337dB0x232fB0x137c
0x33b6	0x337dB0x232fB0x15e2
0x33b7	0x337dB0x232fB0x137c
0x33b7	0x337dB0x232fB0x15e2
0x33bd	0x33bbB0x232fB0x137c
0x33bd	0x33bbB0x232fB0x15e2
0x33be	0x33bbB0x232fB0x137c
0x33be	0x33bbB0x232fB0x15e2
0x33c3	0x33bbB0x232fB0x137c
0x33c3	0x33bbB0x232fB0x15e2
0x33c5	0x33bbB0x232fB0x137c
0x33c5	0x33bbB0x232fB0x15e2
0x33ca	0x33bbB0x232fB0x137c
0x33ca	0x33bbB0x232fB0x15e2
0x33ce	0x33bbB0x232fB0x137c
0x33ce	0x33bbB0x232fB0x15e2
0x33d0	0x33bbB0x232fB0x137c
0x33d0	0x33bbB0x232fB0x15e2
0x33d1	0x33bbB0x232fB0x137c
0x33d1	0x33bbB0x232fB0x15e2
0x33d3	0x33bbB0x232fB0x137c
0x33d3	0x33bbB0x232fB0x15e2
0x33d4	0x33bbB0x232fB0x137c
0x33d4	0x33bbB0x232fB0x15e2
0x33d5	0x33bbB0x232fB0x137c
0x33d5	0x33bbB0x232fB0x15e2
0x33d7	0x33bbB0x232fB0x137c
0x33d7	0x33bbB0x232fB0x15e2
0x33db	0x33bbB0x232fB0x137c
0x33db	0x33bbB0x232fB0x15e2
0x33dc	0x33bbB0x232fB0x137c
0x33dc	0x33bbB0x232fB0x15e2
0x33df	0x33bbB0x232fB0x137c
0x33df	0x33bbB0x232fB0x15e2
0x33e5	0x33e3B0x232fB0x137c
0x33e5	0x33e3B0x232fB0x15e2
0x33e6	0x33e3B0x232fB0x137c
0x33e6	0x33e3B0x232fB0x15e2
0x33eb	0x33e3B0x232fB0x137c
0x33eb	0x33e3B0x232fB0x15e2
0x33ed	0x33e3B0x232fB0x137c
0x33ed	0x33e3B0x232fB0x15e2
0x33f0	0x33e3B0x232fB0x137c
0x33f0	0x33e3B0x232fB0x15e2
0x33f3	0x33e3B0x232fB0x137c
0x33f3	0x33e3B0x232fB0x15e2
0x33f5	0x33e3B0x232fB0x137c
0x33f5	0x33e3B0x232fB0x15e2
0x33f6	0x33e3B0x232fB0x137c
0x33f6	0x33e3B0x232fB0x15e2
0x33fa	0x33e3B0x232fB0x137c
0x33fa	0x33e3B0x232fB0x15e2
0x3400	0x33feB0x232fB0x137c
0x3400	0x33feB0x232fB0x15e2
0x3402	0x33feB0x232fB0x137c
0x3402	0x33feB0x232fB0x15e2
0x3403	0x33feB0x232fB0x137c
0x3403	0x33feB0x232fB0x15e2
0x3407	0x33feB0x232fB0x137c
0x3407	0x33feB0x232fB0x15e2
0x3408	0x33feB0x232fB0x137c
0x3408	0x33feB0x232fB0x15e2
0x3409	0x33feB0x232fB0x137c
0x3409	0x33feB0x232fB0x15e2
0x340b	0x33feB0x232fB0x137c
0x340b	0x33feB0x232fB0x15e2
0x340c	0x33feB0x232fB0x137c
0x340c	0x33feB0x232fB0x15e2
0x340e	0x33feB0x232fB0x137c
0x340e	0x33feB0x232fB0x15e2
0x3411	0x33feB0x232fB0x137c
0x3411	0x33feB0x232fB0x15e2
0x3412	0x33feB0x232fB0x137c
0x3412	0x33feB0x232fB0x15e2
0x341c	0x33feB0x232fB0x137c
0x341c	0x33feB0x232fB0x15e2
0x341e	0x33feB0x232fB0x137c
0x341e	0x33feB0x232fB0x15e2
0x3421	0x33feB0x232fB0x137c
0x3421	0x33feB0x232fB0x15e2
0x3422	0x33feB0x232fB0x137c
0x3422	0x33feB0x232fB0x15e2
0x3426	0x33feB0x232fB0x137c
0x3426	0x33feB0x232fB0x15e2
0x342c	0x342aB0x232fB0x137c
0x342c	0x342aB0x232fB0x15e2
0x342d	0x342aB0x232fB0x137c
0x342d	0x342aB0x232fB0x15e2
0x3432	0x3431B0x232fB0x137c
0x3432	0x3431B0x232fB0x15e2
0x3434	0x3431B0x232fB0x137c
0x3434	0x3431B0x232fB0x15e2
0x3435	0x3431B0x232fB0x137c
0x3435	0x3431B0x232fB0x15e2
0x3439	0x3439B0x232fB0x137c
0x3439	0x3439B0x232fB0x15e2
0x343e	0x3439B0x232fB0x137c
0x343e	0x3439B0x232fB0x15e2
0x343f	0x3439B0x232fB0x137c
0x343f	0x3439B0x232fB0x15e2
0x3440	0x3439B0x232fB0x137c
0x3440	0x3439B0x232fB0x15e2
0x3444	0x3439B0x232fB0x137c
0x3444	0x3439B0x232fB0x15e2
0x3446	0x3439B0x232fB0x137c
0x3446	0x3439B0x232fB0x15e2
0x3448	0x3439B0x232fB0x137c
0x3448	0x3439B0x232fB0x15e2
0x344e	0x344cB0x232fB0x137c
0x344e	0x344cB0x232fB0x15e2
0x3451	0x344cB0x232fB0x137c
0x3451	0x344cB0x232fB0x15e2
0x3454	0x344cB0x232fB0x137c
0x3454	0x344cB0x232fB0x15e2
0x3456	0x344cB0x232fB0x137c
0x3456	0x344cB0x232fB0x15e2
0x3458	0x344cB0x232fB0x137c
0x3458	0x344cB0x232fB0x15e2
0x345c	0x345aB0x232fB0x137c
0x345c	0x345aB0x232fB0x15e2
0x3460	0x345aB0x232fB0x137c
0x3460	0x345aB0x232fB0x15e2
0x3462	0x345aB0x232fB0x137c
0x3462	0x345aB0x232fB0x15e2
0x3464	0x345aB0x232fB0x137c
0x3464	0x345aB0x232fB0x15e2
0x3466	0x345aB0x232fB0x137c
0x3466	0x345aB0x232fB0x15e2
0x3469	0x345aB0x232fB0x137c
0x3469	0x345aB0x232fB0x15e2
0x346a	0x345aB0x232fB0x137c
0x346a	0x345aB0x232fB0x15e2
0x3470	0x346eB0x232fB0x137c
0x3470	0x346eB0x232fB0x15e2
0x3471	0x346eB0x232fB0x137c
0x3471	0x346eB0x232fB0x15e2
0x3473	0x346eB0x232fB0x137c
0x3473	0x346eB0x232fB0x15e2
0x3475	0x346eB0x232fB0x137c
0x3475	0x346eB0x232fB0x15e2
0x3480	0x3477B0x232fB0x137c
0x3480	0x3477B0x232fB0x15e2
0x3481	0x3477B0x232fB0x137c
0x3481	0x3477B0x232fB0x15e2
0x3483	0x3477B0x232fB0x137c
0x3483	0x3477B0x232fB0x15e2
0x3484	0x3477B0x232fB0x137c
0x3484	0x3477B0x232fB0x15e2
0x3488	0x3488B0x232fB0x137c
0x3488	0x3488B0x232fB0x15e2
0x348a	0x3488B0x232fB0x137c
0x348a	0x3488B0x232fB0x15e2
0x348b	0x3488B0x232fB0x137c
0x348b	0x3488B0x232fB0x15e2
0x348f	0x3488B0x232fB0x137c
0x348f	0x3488B0x232fB0x15e2
0x3491	0x3488B0x232fB0x137c
0x3491	0x3488B0x232fB0x15e2
0x3494	0x3488B0x232fB0x137c
0x3494	0x3488B0x232fB0x15e2
0x3496	0x3488B0x232fB0x137c
0x3496	0x3488B0x232fB0x15e2
0x3499	0x3488B0x232fB0x137c
0x3499	0x3488B0x232fB0x15e2
0x349b	0x3488B0x232fB0x137c
0x349b	0x3488B0x232fB0x15e2
0x349d	0x3488B0x232fB0x137c
0x349d	0x3488B0x232fB0x15e2
0x34a0	0x3488B0x232fB0x137c
0x34a0	0x3488B0x232fB0x15e2
0x34a2	0x3488B0x232fB0x137c
0x34a2	0x3488B0x232fB0x15e2
0x34b9	0x3488B0x232fB0x137c
0x34b9	0x3488B0x232fB0x15e2
0x34bb	0x3488B0x232fB0x137c
0x34bb	0x3488B0x232fB0x15e2
0x34bc	0x3488B0x232fB0x137c
0x34bc	0x3488B0x232fB0x15e2
0x34bf	0x3488B0x232fB0x137c
0x34bf	0x3488B0x232fB0x15e2
0x34c1	0x3488B0x232fB0x137c
0x34c1	0x3488B0x232fB0x15e2
0x34c3	0x3488B0x232fB0x137c
0x34c3	0x3488B0x232fB0x15e2
0x34c4	0x3488B0x232fB0x137c
0x34c4	0x3488B0x232fB0x15e2
0x34c9	0x34c8B0x232fB0x137c
0x34c9	0x34c8B0x232fB0x15e2
0x34cd	0x34c8B0x232fB0x137c
0x34cd	0x34c8B0x232fB0x15e2
0x34cf	0x34c8B0x232fB0x137c
0x34cf	0x34c8B0x232fB0x15e2
0x34d1	0x34c8B0x232fB0x137c
0x34d1	0x34c8B0x232fB0x15e2
0x34d3	0x34c8B0x232fB0x137c
0x34d3	0x34c8B0x232fB0x15e2
0x34d5	0x34c8B0x232fB0x137c
0x34d5	0x34c8B0x232fB0x15e2
0x34da	0x34c8B0x232fB0x137c
0x34da	0x34c8B0x232fB0x15e2
0x34e0	0x34deB0x232fB0x137c
0x34e0	0x34deB0x232fB0x15e2
0x34e1	0x34deB0x232fB0x137c
0x34e1	0x34deB0x232fB0x15e2
0x34e6	0x34deB0x232fB0x137c
0x34e6	0x34deB0x232fB0x15e2
0x34e8	0x34deB0x232fB0x137c
0x34e8	0x34deB0x232fB0x15e2
0x34eb	0x34deB0x232fB0x137c
0x34eb	0x34deB0x232fB0x15e2
0x34ee	0x34deB0x232fB0x137c
0x34ee	0x34deB0x232fB0x15e2
0x34f2	0x34deB0x232fB0x137c
0x34f2	0x34deB0x232fB0x15e2
0x34f7	0x34deB0x232fB0x137c
0x34f7	0x34deB0x232fB0x15e2
0x34fc	0x34fbB0x232fB0x137c
0x34fc	0x34fbB0x232fB0x15e2
0x34fe	0x34fbB0x232fB0x137c
0x34fe	0x34fbB0x232fB0x15e2
0x34ff	0x34fbB0x232fB0x137c
0x34ff	0x34fbB0x232fB0x15e2
0x3502	0x34fbB0x232fB0x137c
0x3502	0x34fbB0x232fB0x15e2
0x3504	0x34fbB0x232fB0x137c
0x3504	0x34fbB0x232fB0x15e2
0x3505	0x34fbB0x232fB0x137c
0x3505	0x34fbB0x232fB0x15e2
0x3508	0x34fbB0x232fB0x137c
0x3508	0x34fbB0x232fB0x15e2
0x350c	0x34fbB0x232fB0x137c
0x350c	0x34fbB0x232fB0x15e2
0x350e	0x34fbB0x232fB0x137c
0x350e	0x34fbB0x232fB0x15e2
0x350f	0x34fbB0x232fB0x137c
0x350f	0x34fbB0x232fB0x15e2
0x3511	0x34fbB0x232fB0x137c
0x3511	0x34fbB0x232fB0x15e2
0x3512	0x34fbB0x232fB0x137c
0x3512	0x34fbB0x232fB0x15e2
0x3516	0x34fbB0x232fB0x137c
0x3516	0x34fbB0x232fB0x15e2
0x3517	0x34fbB0x232fB0x137c
0x3517	0x34fbB0x232fB0x15e2
0x351b	0x34fbB0x232fB0x137c
0x351b	0x34fbB0x232fB0x15e2
0x351f	0x34fbB0x232fB0x137c
0x351f	0x34fbB0x232fB0x15e2
0x3521	0x34fbB0x232fB0x137c
0x3521	0x34fbB0x232fB0x15e2
0x3523	0x34fbB0x232fB0x137c
0x3523	0x34fbB0x232fB0x15e2
0x3524	0x34fbB0x232fB0x137c
0x3524	0x34fbB0x232fB0x15e2
0x3525	0x34fbB0x232fB0x137c
0x3525	0x34fbB0x232fB0x15e2
0x3526	0x34fbB0x232fB0x137c
0x3526	0x34fbB0x232fB0x15e2
0x352a	0x352aB0x232fB0x137c
0x352a	0x352aB0x232fB0x15e2
0x352e	0x352aB0x232fB0x137c
0x352e	0x352aB0x232fB0x15e2
0x3535	0x3532B0x232fB0x137c
0x3535	0x3532B0x232fB0x15e2
0x353a	0x3539B0x232fB0x137c
0x353a	0x3539B0x232fB0x15e2
0x353e	0x3539B0x232fB0x137c
0x353e	0x3539B0x232fB0x15e2
0x3552	0x354dB0x232fB0x137c
0x3552	0x354dB0x232fB0x15e2
0x3ed3	0x3ed2B0x232fB0x137c
0x3ed3	0x3ed2B0x232fB0x15e2
0x3ed6	0x3ed2B0x232fB0x137c
0x3ed6	0x3ed2B0x232fB0x15e2
0x3ed7	0x3ed2B0x232fB0x137c
0x3ed7	0x3ed2B0x232fB0x15e2
0x3ed8	0x3ed2B0x232fB0x137c
0x3ed8	0x3ed2B0x232fB0x15e2
0x3edb	0x3ed2B0x232fB0x137c
0x3edb	0x3ed2B0x232fB0x15e2
0x3edd	0x3ed2B0x232fB0x137c
0x3edd	0x3ed2B0x232fB0x15e2
0x3edf	0x3ed2B0x232fB0x137c
0x3edf	0x3ed2B0x232fB0x15e2
0x3ee1	0x3ed2B0x232fB0x137c
0x3ee1	0x3ed2B0x232fB0x15e2
0x3ee2	0x3ed2B0x232fB0x137c
0x3ee2	0x3ed2B0x232fB0x15e2
0x3ee3	0x3ed2B0x232fB0x137c
0x3ee3	0x3ed2B0x232fB0x15e2
0x3ee4	0x3ed2B0x232fB0x137c
0x3ee4	0x3ed2B0x232fB0x15e2
0x3ee5	0x3ed2B0x232fB0x137c
0x3ee5	0x3ed2B0x232fB0x15e2
0x3ee6	0x3ed2B0x232fB0x137c
0x3ee6	0x3ed2B0x232fB0x15e2
0x3eea	0x3eeaB0x232fB0x137c
0x3eea	0x3eeaB0x232fB0x15e2
0x3eee	0x3eeaB0x232fB0x137c
0x3eee	0x3eeaB0x232fB0x15e2
0x3ef0	0x3eeaB0x232fB0x137c
0x3ef0	0x3eeaB0x232fB0x15e2
0x3ef1	0x3eeaB0x232fB0x137c
0x3ef1	0x3eeaB0x232fB0x15e2
0x3ef3	0x3eeaB0x232fB0x137c
0x3ef3	0x3eeaB0x232fB0x15e2
0x3ef5	0x3eeaB0x232fB0x137c
0x3ef5	0x3eeaB0x232fB0x15e2
0x3ef6	0x3eeaB0x232fB0x137c
0x3ef6	0x3eeaB0x232fB0x15e2
0x3ef7	0x3eeaB0x232fB0x137c
0x3ef7	0x3eeaB0x232fB0x15e2
0x3ef9	0x3eeaB0x232fB0x137c
0x3ef9	0x3eeaB0x232fB0x15e2
0x3efb	0x3eeaB0x232fB0x137c
0x3efb	0x3eeaB0x232fB0x15e2
0x3efc	0x3eeaB0x232fB0x137c
0x3efc	0x3eeaB0x232fB0x15e2
0x3efd	0x3eeaB0x232fB0x137c
0x3efd	0x3eeaB0x232fB0x15e2
0x3f03	0x3f01B0x232fB0x137c
0x3f03	0x3f01B0x232fB0x15e2
0x3f04	0x3f01B0x232fB0x137c
0x3f04	0x3f01B0x232fB0x15e2
0x3f07	0x3f01B0x232fB0x137c
0x3f07	0x3f01B0x232fB0x15e2
0x3f08	0x3f01B0x232fB0x137c
0x3f08	0x3f01B0x232fB0x15e2
0x3f09	0x3f01B0x232fB0x137c
0x3f09	0x3f01B0x232fB0x15e2
0x3f0b	0x3f01B0x232fB0x137c
0x3f0b	0x3f01B0x232fB0x15e2
0x3f0c	0x3f01B0x232fB0x137c
0x3f0c	0x3f01B0x232fB0x15e2
0x3f11	0x3f01B0x232fB0x137c
0x3f11	0x3f01B0x232fB0x15e2
0x3f13	0x3f01B0x232fB0x137c
0x3f13	0x3f01B0x232fB0x15e2
0x3f16	0x3f01B0x232fB0x137c
0x3f16	0x3f01B0x232fB0x15e2
0x3f18	0x3f01B0x232fB0x137c
0x3f18	0x3f01B0x232fB0x15e2
0x3f1a	0x3f01B0x232fB0x137c
0x3f1a	0x3f01B0x232fB0x15e2
0x3f1c	0x3f01B0x232fB0x137c
0x3f1c	0x3f01B0x232fB0x15e2
0x3f1d	0x3f01B0x232fB0x137c
0x3f1d	0x3f01B0x232fB0x15e2
0x3f20	0x3f01B0x232fB0x137c
0x3f20	0x3f01B0x232fB0x15e2
0x3f22	0x3f01B0x232fB0x137c
0x3f22	0x3f01B0x232fB0x15e2
0x3f28	0x3f01B0x232fB0x137c
0x3f28	0x3f01B0x232fB0x15e2
0x3f2c	0x3f01B0x232fB0x137c
0x3f2c	0x3f01B0x232fB0x15e2
0x3f2e	0x3f01B0x232fB0x137c
0x3f2e	0x3f01B0x232fB0x15e2
0x3f32	0x3f01B0x232fB0x137c
0x3f32	0x3f01B0x232fB0x15e2
0x3f34	0x3f01B0x232fB0x137c
0x3f34	0x3f01B0x232fB0x15e2
0x3f38	0x3f37B0x232fB0x137c
0x3f38	0x3f37B0x232fB0x15e2
0x3f3a	0x3f37B0x232fB0x137c
0x3f3a	0x3f37B0x232fB0x15e2
0x3f3c	0x3f37B0x232fB0x137c
0x3f3c	0x3f37B0x232fB0x15e2
0x3f3f	0x3f37B0x232fB0x137c
0x3f3f	0x3f37B0x232fB0x15e2
0x3f41	0x3f37B0x232fB0x137c
0x3f41	0x3f37B0x232fB0x15e2
0x3f45	0x3f37B0x232fB0x137c
0x3f45	0x3f37B0x232fB0x15e2
0x3f46	0x3f37B0x232fB0x137c
0x3f46	0x3f37B0x232fB0x15e2
0x3f48	0x3f37B0x232fB0x137c
0x3f48	0x3f37B0x232fB0x15e2
0x3f49	0x3f37B0x232fB0x137c
0x3f49	0x3f37B0x232fB0x15e2
0x3f4d	0x3f4dB0x232fB0x137c
0x3f4d	0x3f4dB0x232fB0x15e2
0x3f53	0x3f51B0x232fB0x137c
0x3f53	0x3f51B0x232fB0x15e2
0x3f54	0x3f51B0x232fB0x137c
0x3f54	0x3f51B0x232fB0x15e2
0x3f55	0x3f51B0x232fB0x137c
0x3f55	0x3f51B0x232fB0x15e2
0x3f57	0x3f51B0x232fB0x137c
0x3f57	0x3f51B0x232fB0x15e2
0x3f58	0x3f51B0x232fB0x137c
0x3f58	0x3f51B0x232fB0x15e2
0x3f5c	0x3f5cB0x232fB0x137c
0x3f5c	0x3f5cB0x232fB0x15e2
0x3f5d	0x3f5cB0x232fB0x137c
0x3f5d	0x3f5cB0x232fB0x15e2
0x3f61	0x3f5cB0x232fB0x137c
0x3f61	0x3f5cB0x232fB0x15e2
0x3f62	0x3f5cB0x232fB0x137c
0x3f62	0x3f5cB0x232fB0x15e2
0x3f6a	0x3f65B0x232fB0x137c
0x3f6a	0x3f65B0x232fB0x15e2
0x3f6d	0x3f65B0x232fB0x137c
0x3f6d	0x3f65B0x232fB0x15e2
0x3f6f	0x3f65B0x232fB0x137c
0x3f6f	0x3f65B0x232fB0x15e2
0x3f70	0x3f65B0x232fB0x137c
0x3f70	0x3f65B0x232fB0x15e2
0x3f71	0x3f65B0x232fB0x137c
0x3f71	0x3f65B0x232fB0x15e2
0x3f73	0x3f65B0x232fB0x137c
0x3f73	0x3f65B0x232fB0x15e2
0x3f75	0x3f65B0x232fB0x137c
0x3f75	0x3f65B0x232fB0x15e2
0x3f77	0x3f65B0x232fB0x137c
0x3f77	0x3f65B0x232fB0x15e2
0x3f78	0x3f65B0x232fB0x137c
0x3f78	0x3f65B0x232fB0x15e2
0x3f79	0x3f65B0x232fB0x137c
0x3f79	0x3f65B0x232fB0x15e2
0x3f7b	0x3f65B0x232fB0x137c
0x3f7b	0x3f65B0x232fB0x15e2
0x3f7d	0x3f65B0x232fB0x137c
0x3f7d	0x3f65B0x232fB0x15e2
0x3f7e	0x3f65B0x232fB0x137c
0x3f7e	0x3f65B0x232fB0x15e2
0x3f7f	0x3f65B0x232fB0x137c
0x3f7f	0x3f65B0x232fB0x15e2
0x3f81	0x3f65B0x232fB0x137c
0x3f81	0x3f65B0x232fB0x15e2
0x3f82	0x3f65B0x232fB0x137c
0x3f82	0x3f65B0x232fB0x15e2
0x3f84	0x3f65B0x232fB0x137c
0x3f84	0x3f65B0x232fB0x15e2
0x3f86	0x3f65B0x232fB0x137c
0x3f86	0x3f65B0x232fB0x15e2
0x3f89	0x3f65B0x232fB0x137c
0x3f89	0x3f65B0x232fB0x15e2
0x3f8d	0x3f65B0x232fB0x137c
0x3f8d	0x3f65B0x232fB0x15e2
0x3f8e	0x3f65B0x232fB0x137c
0x3f8e	0x3f65B0x232fB0x15e2
0x3f93	0x3f65B0x232fB0x137c
0x3f93	0x3f65B0x232fB0x15e2
0x3f95	0x3f65B0x232fB0x137c
0x3f95	0x3f65B0x232fB0x15e2
0x3f98	0x3f65B0x232fB0x137c
0x3f98	0x3f65B0x232fB0x15e2
0x3f99	0x3f65B0x232fB0x137c
0x3f99	0x3f65B0x232fB0x15e2
0x3f9d	0x3f9dB0x232fB0x137c
0x3f9d	0x3f9dB0x232fB0x15e2
0x3f9f	0x3f9dB0x232fB0x137c
0x3f9f	0x3f9dB0x232fB0x15e2
0x3fa2	0x3f9dB0x232fB0x137c
0x3fa2	0x3f9dB0x232fB0x15e2
0x3fa4	0x3f9dB0x232fB0x137c
0x3fa4	0x3f9dB0x232fB0x15e2
0x3fa5	0x3f9dB0x232fB0x137c
0x3fa5	0x3f9dB0x232fB0x15e2
0x3fa7	0x3f9dB0x232fB0x137c
0x3fa7	0x3f9dB0x232fB0x15e2
0x3fa8	0x3f9dB0x232fB0x137c
0x3fa8	0x3f9dB0x232fB0x15e2
0x3fa9	0x3f9dB0x232fB0x137c
0x3fa9	0x3f9dB0x232fB0x15e2
0x3fab	0x3f9dB0x232fB0x137c
0x3fab	0x3f9dB0x232fB0x15e2
0x3fac	0x3f9dB0x232fB0x137c
0x3fac	0x3f9dB0x232fB0x15e2
0x3faf	0x3f9dB0x232fB0x137c
0x3faf	0x3f9dB0x232fB0x15e2
0x3fb2	0x3f9dB0x232fB0x137c
0x3fb2	0x3f9dB0x232fB0x15e2
0x3fb3	0x3f9dB0x232fB0x137c
0x3fb3	0x3f9dB0x232fB0x15e2
0x3fb5	0x3f9dB0x232fB0x137c
0x3fb5	0x3f9dB0x232fB0x15e2
0x3fb8	0x3f9dB0x232fB0x137c
0x3fb8	0x3f9dB0x232fB0x15e2
0x3fba	0x3f9dB0x232fB0x137c
0x3fba	0x3f9dB0x232fB0x15e2
0x3fbf	0x3fbeB0x232fB0x137c
0x3fbf	0x3fbeB0x232fB0x15e2
0x3fc9	0x3fc3B0x232fB0x137c
0x3fc9	0x3fc3B0x232fB0x15e2
0x3fcd	0x3fcdB0x232fB0x137c
0x3fcd	0x3fcdB0x232fB0x15e2
0x3fcf	0x3fcdB0x232fB0x137c
0x3fcf	0x3fcdB0x232fB0x15e2
0x3fd0	0x3fcdB0x232fB0x137c
0x3fd0	0x3fcdB0x232fB0x15e2
0x3fd4	0x3fcdB0x232fB0x137c
0x3fd4	0x3fcdB0x232fB0x15e2
0x3fd6	0x3fcdB0x232fB0x137c
0x3fd6	0x3fcdB0x232fB0x15e2
0x3fd9	0x3fcdB0x232fB0x137c
0x3fd9	0x3fcdB0x232fB0x15e2
0x3fdb	0x3fcdB0x232fB0x137c
0x3fdb	0x3fcdB0x232fB0x15e2
0x3fde	0x3fcdB0x232fB0x137c
0x3fde	0x3fcdB0x232fB0x15e2
0x3fe0	0x3fcdB0x232fB0x137c
0x3fe0	0x3fcdB0x232fB0x15e2
0x3fe2	0x3fcdB0x232fB0x137c
0x3fe2	0x3fcdB0x232fB0x15e2
0x3fe5	0x3fcdB0x232fB0x137c
0x3fe5	0x3fcdB0x232fB0x15e2
0x3fe7	0x3fcdB0x232fB0x137c
0x3fe7	0x3fcdB0x232fB0x15e2
0x4008	0x3fcdB0x232fB0x137c
0x4008	0x3fcdB0x232fB0x15e2
0x400b	0x3fcdB0x232fB0x137c
0x400b	0x3fcdB0x232fB0x15e2
0x400d	0x3fcdB0x232fB0x137c
0x400d	0x3fcdB0x232fB0x15e2
0x400f	0x3fcdB0x232fB0x137c
0x400f	0x3fcdB0x232fB0x15e2
0x4010	0x3fcdB0x232fB0x137c
0x4010	0x3fcdB0x232fB0x15e2
0x4017	0x4014B0x232fB0x137c
0x4017	0x4014B0x232fB0x15e2
0x4019	0x4014B0x232fB0x137c
0x4019	0x4014B0x232fB0x15e2
0x401a	0x4014B0x232fB0x137c
0x401a	0x4014B0x232fB0x15e2
0x401e	0x401dB0x232fB0x137c
0x401e	0x401dB0x232fB0x15e2
0x4021	0x401dB0x232fB0x137c
0x4021	0x401dB0x232fB0x15e2
0x4023	0x401dB0x232fB0x137c
0x4023	0x401dB0x232fB0x15e2
0x4024	0x401dB0x232fB0x137c
0x4024	0x401dB0x232fB0x15e2
0x4025	0x401dB0x232fB0x137c
0x4025	0x401dB0x232fB0x15e2
0x4026	0x401dB0x232fB0x137c
0x4026	0x401dB0x232fB0x15e2
0x4027	0x401dB0x232fB0x137c
0x4027	0x401dB0x232fB0x15e2
0x4028	0x401dB0x232fB0x137c
0x4028	0x401dB0x232fB0x15e2
0x402c	0x402cB0x232fB0x137c
0x402c	0x402cB0x232fB0x15e2
0x402e	0x402cB0x232fB0x137c
0x402e	0x402cB0x232fB0x15e2
0x402f	0x402cB0x232fB0x137c
0x402f	0x402cB0x232fB0x15e2
0x4033	0x402cB0x232fB0x137c
0x4033	0x402cB0x232fB0x15e2
0x4035	0x402cB0x232fB0x137c
0x4035	0x402cB0x232fB0x15e2
0x4038	0x402cB0x232fB0x137c
0x4038	0x402cB0x232fB0x15e2
0x403a	0x402cB0x232fB0x137c
0x403a	0x402cB0x232fB0x15e2
0x403d	0x402cB0x232fB0x137c
0x403d	0x402cB0x232fB0x15e2
0x403f	0x402cB0x232fB0x137c
0x403f	0x402cB0x232fB0x15e2
0x4041	0x402cB0x232fB0x137c
0x4041	0x402cB0x232fB0x15e2
0x4044	0x402cB0x232fB0x137c
0x4044	0x402cB0x232fB0x15e2
0x4046	0x402cB0x232fB0x137c
0x4046	0x402cB0x232fB0x15e2
0x405d	0x402cB0x232fB0x137c
0x405d	0x402cB0x232fB0x15e2
0x405f	0x402cB0x232fB0x137c
0x405f	0x402cB0x232fB0x15e2
0x4060	0x402cB0x232fB0x137c
0x4060	0x402cB0x232fB0x15e2
0x4063	0x402cB0x232fB0x137c
0x4063	0x402cB0x232fB0x15e2
0x4065	0x402cB0x232fB0x137c
0x4065	0x402cB0x232fB0x15e2
0x4067	0x402cB0x232fB0x137c
0x4067	0x402cB0x232fB0x15e2
0x4068	0x402cB0x232fB0x137c
0x4068	0x402cB0x232fB0x15e2
0x406e	0x406cB0x232fB0x137c
0x406e	0x406cB0x232fB0x15e2
0x4070	0x406cB0x232fB0x137c
0x4070	0x406cB0x232fB0x15e2
0x4071	0x406cB0x232fB0x137c
0x4071	0x406cB0x232fB0x15e2
0x4072	0x406cB0x232fB0x137c
0x4072	0x406cB0x232fB0x15e2
0x4074	0x406cB0x232fB0x137c
0x4074	0x406cB0x232fB0x15e2
0x4076	0x406cB0x232fB0x137c
0x4076	0x406cB0x232fB0x15e2
0x4078	0x406cB0x232fB0x137c
0x4078	0x406cB0x232fB0x15e2
0x4079	0x406cB0x232fB0x137c
0x4079	0x406cB0x232fB0x15e2
0x407a	0x406cB0x232fB0x137c
0x407a	0x406cB0x232fB0x15e2
0x407b	0x406cB0x232fB0x137c
0x407b	0x406cB0x232fB0x15e2
0x4081	0x406cB0x232fB0x137c
0x4081	0x406cB0x232fB0x15e2
0x4083	0x406cB0x232fB0x137c
0x4083	0x406cB0x232fB0x15e2
0x4084	0x406cB0x232fB0x137c
0x4084	0x406cB0x232fB0x15e2
0x4085	0x406cB0x232fB0x137c
0x4085	0x406cB0x232fB0x15e2
0x4087	0x406cB0x232fB0x137c
0x4087	0x406cB0x232fB0x15e2
0x4089	0x406cB0x232fB0x137c
0x4089	0x406cB0x232fB0x15e2
0x408e	0x406cB0x232fB0x137c
0x408e	0x406cB0x232fB0x15e2
0x408f	0x406cB0x232fB0x137c
0x408f	0x406cB0x232fB0x15e2
0x4091	0x406cB0x232fB0x137c
0x4091	0x406cB0x232fB0x15e2
0x4094	0x406cB0x232fB0x137c
0x4094	0x406cB0x232fB0x15e2
0x4096	0x406cB0x232fB0x137c
0x4096	0x406cB0x232fB0x15e2
0x4097	0x406cB0x232fB0x137c
0x4097	0x406cB0x232fB0x15e2
0x4099	0x406cB0x232fB0x137c
0x4099	0x406cB0x232fB0x15e2
0x409b	0x406cB0x232fB0x137c
0x409b	0x406cB0x232fB0x15e2
0x409e	0x406cB0x232fB0x137c
0x409e	0x406cB0x232fB0x15e2
0x40a3	0x406cB0x232fB0x137c
0x40a3	0x406cB0x232fB0x15e2
0x40a4	0x406cB0x232fB0x137c
0x40a4	0x406cB0x232fB0x15e2
0x40a6	0x406cB0x232fB0x137c
0x40a6	0x406cB0x232fB0x15e2
0x40a7	0x406cB0x232fB0x137c
0x40a7	0x406cB0x232fB0x15e2
0x40ab	0x40abB0x232fB0x137c
0x40ab	0x40abB0x232fB0x15e2
0x40b1	0x40afB0x232fB0x137c
0x40b1	0x40afB0x232fB0x15e2
0x40b2	0x40afB0x232fB0x137c
0x40b2	0x40afB0x232fB0x15e2
0x40b3	0x40afB0x232fB0x137c
0x40b3	0x40afB0x232fB0x15e2
0x40b5	0x40afB0x232fB0x137c
0x40b5	0x40afB0x232fB0x15e2
0x40b6	0x40afB0x232fB0x137c
0x40b6	0x40afB0x232fB0x15e2
0x40ba	0x40baB0x232fB0x137c
0x40ba	0x40baB0x232fB0x15e2
0x40bb	0x40baB0x232fB0x137c
0x40bb	0x40baB0x232fB0x15e2
0x40bf	0x40baB0x232fB0x137c
0x40bf	0x40baB0x232fB0x15e2
0x40c0	0x40baB0x232fB0x137c
0x40c0	0x40baB0x232fB0x15e2
0x40c9	0x40c3B0x232fB0x137c
0x40c9	0x40c3B0x232fB0x15e2
0x40cd	0x40c3B0x232fB0x137c
0x40cd	0x40c3B0x232fB0x15e2
0x40cf	0x40c3B0x232fB0x137c
0x40cf	0x40c3B0x232fB0x15e2
0x40d0	0x40c3B0x232fB0x137c
0x40d0	0x40c3B0x232fB0x15e2
0x40d2	0x40c3B0x232fB0x137c
0x40d2	0x40c3B0x232fB0x15e2
0x40d4	0x40c3B0x232fB0x137c
0x40d4	0x40c3B0x232fB0x15e2
0x40d5	0x40c3B0x232fB0x137c
0x40d5	0x40c3B0x232fB0x15e2
0x40d7	0x40c3B0x232fB0x137c
0x40d7	0x40c3B0x232fB0x15e2
0x40d9	0x40c3B0x232fB0x137c
0x40d9	0x40c3B0x232fB0x15e2
0x40da	0x40c3B0x232fB0x137c
0x40da	0x40c3B0x232fB0x15e2
0x40db	0x40c3B0x232fB0x137c
0x40db	0x40c3B0x232fB0x15e2
0x40e1	0x40dfB0x232fB0x137c
0x40e1	0x40dfB0x232fB0x15e2
0x40e3	0x40dfB0x232fB0x137c
0x40e3	0x40dfB0x232fB0x15e2
0x40e4	0x40dfB0x232fB0x137c
0x40e4	0x40dfB0x232fB0x15e2
0x43b5	0x43b4B0x36ee
0x43b7	0x43b4B0x36ee
0x43b9	0x43b4B0x36ee
0x43bb	0x43b4B0x36ee
0x43bd	0x43b4B0x36ee
0x43be	0x43b4B0x36ee
0x43c0	0x43b4B0x36ee
0x43c1	0x43b4B0x36ee
0x43c3	0x43b4B0x36ee
0x43c9	0x43c7B0x36ee
0x43cb	0x43caB0x36ee
0x43cf	0x43cfB0x36ee
0x43d1	0x43cfB0x36ee
0x43d2	0x43cfB0x36ee
0x43d6	0x43cfB0x36ee
0x43d8	0x43cfB0x36ee
0x43db	0x43cfB0x36ee
0x43dd	0x43cfB0x36ee
0x43e0	0x43cfB0x36ee
0x43e2	0x43cfB0x36ee
0x43e4	0x43cfB0x36ee
0x43e7	0x43cfB0x36ee
0x43e9	0x43cfB0x36ee
0x43fa	0x43cfB0x36ee
0x43fc	0x43cfB0x36ee
0x43fd	0x43cfB0x36ee
0x4400	0x43cfB0x36ee
0x4402	0x43cfB0x36ee
0x4404	0x43cfB0x36ee
0x4405	0x43cfB0x36ee
0x440b	0x4409B0x36ee
0x4413	0x440fB0x36ee
0x4415	0x440fB0x36ee
0x4417	0x440fB0x36ee
0x4419	0x440fB0x36ee
0x441a	0x440fB0x36ee
0x441b	0x440fB0x36ee
0x441d	0x440fB0x36ee
0x441f	0x440fB0x36ee
0x4421	0x440fB0x36ee
0x4423	0x440fB0x36ee
0x4424	0x440fB0x36ee
0x4425	0x440fB0x36ee
0x4426	0x440fB0x36ee
0x4427	0x440fB0x36ee
0x442b	0x442bB0x36ee
0x442d	0x442bB0x36ee
0x442e	0x442bB0x36ee
0x4432	0x442bB0x36ee
0x4434	0x442bB0x36ee
0x4437	0x442bB0x36ee
0x4439	0x442bB0x36ee
0x443c	0x442bB0x36ee
0x443e	0x442bB0x36ee
0x4440	0x442bB0x36ee
0x4443	0x442bB0x36ee
0x4445	0x442bB0x36ee
0x445c	0x442bB0x36ee
0x445e	0x442bB0x36ee
0x445f	0x442bB0x36ee
0x4462	0x442bB0x36ee
0x4464	0x442bB0x36ee
0x4466	0x442bB0x36ee
0x4467	0x442bB0x36ee
0x446c	0x446bB0x36ee
0x4471	0x4470B0x36ee
0x4473	0x4470B0x36ee
0x4474	0x4470B0x36ee
0x4477	0x4470B0x36ee
0x4479	0x4470B0x36ee
0x447a	0x4470B0x36ee
0x447d	0x4470B0x36ee
0x447f	0x4470B0x36ee
0x4481	0x4470B0x36ee
0x4482	0x4470B0x36ee
0x4484	0x4470B0x36ee
0x4485	0x4470B0x36ee
0x4489	0x4470B0x36ee
0x448a	0x4470B0x36ee
0x448e	0x4470B0x36ee
0x4492	0x4470B0x36ee
0x4494	0x4470B0x36ee
0x4496	0x4470B0x36ee
0x4497	0x4470B0x36ee
0x4499	0x4470B0x36ee
0x449a	0x4470B0x36ee
0x449e	0x449eB0x36ee
0x44a1	0x449eB0x36ee
0x44a2	0x449eB0x36ee
0x44a4	0x449eB0x36ee
0x44a5	0x449eB0x36ee
0x44aa	0x449eB0x36ee
0x44ac	0x449eB0x36ee
0x44af	0x449eB0x36ee
0x44b1	0x449eB0x36ee
0x44b3	0x449eB0x36ee
0x44b5	0x449eB0x36ee
0x44b6	0x449eB0x36ee
0x44b8	0x449eB0x36ee
0x44bb	0x449eB0x36ee
0x44c0	0x449eB0x36ee
0x44c2	0x449eB0x36ee
0x44c4	0x449eB0x36ee
0x44c6	0x449eB0x36ee
0x44c7	0x449eB0x36ee
0x44c8	0x449eB0x36ee
0x44ca	0x449eB0x36ee
0x44d0	0x449eB0x36ee
0x44d2	0x449eB0x36ee
0x44d4	0x44d3B0x36ee
0x44d6	0x44d3B0x36ee
0x44d8	0x44d3B0x36ee
0x44db	0x44d3B0x36ee
0x44de	0x44d3B0x36ee
0x44df	0x44d3B0x36ee
0x44e0	0x44d3B0x36ee
0x44e2	0x44d3B0x36ee
0x44e3	0x44d3B0x36ee
0x44e7	0x44e7B0x36ee
0x44e8	0x44e7B0x36ee
0x44ec	0x44e7B0x36ee
0x44ed	0x44e7B0x36ee
0x44f5	0x44f0B0x36ee
0x44f7	0x44f0B0x36ee
0x44f8	0x44f0B0x36ee
0x44f9	0x44f0B0x36ee
0x44fb	0x44f0B0x36ee
0x44fc	0x44f0B0x36ee
0x44ff	0x44f0B0x36ee
0x4500	0x44f0B0x36ee
0x4502	0x44f0B0x36ee
0x4504	0x44f0B0x36ee
0x4509	0x44f0B0x36ee
0x450b	0x44f0B0x36ee
0x4510	0x44f0B0x36ee
0x4517	0x4514B0x36ee
0x451c	0x451bB0x36ee
0x451e	0x451bB0x36ee
0x451f	0x451bB0x36ee
0x4522	0x451bB0x36ee
0x4524	0x451bB0x36ee
0x4525	0x451bB0x36ee
0x4528	0x451bB0x36ee
0x452a	0x451bB0x36ee
0x452c	0x451bB0x36ee
0x452d	0x451bB0x36ee
0x452f	0x451bB0x36ee
0x4530	0x451bB0x36ee
0x4534	0x451bB0x36ee
0x4535	0x451bB0x36ee
0x4539	0x451bB0x36ee
0x453d	0x451bB0x36ee
0x453f	0x451bB0x36ee
0x4541	0x451bB0x36ee
0x4542	0x451bB0x36ee
0x4544	0x451bB0x36ee
0x4546	0x451bB0x36ee
0x454b	0x454aB0x36ee
0x454d	0x454aB0x36ee
0x454e	0x454aB0x36ee
0x4551	0x454aB0x36ee
0x4553	0x454aB0x36ee
0x4554	0x454aB0x36ee
0x4557	0x454aB0x36ee
0x4559	0x454aB0x36ee
0x455b	0x454aB0x36ee
0x455c	0x454aB0x36ee
0x455e	0x454aB0x36ee
0x455f	0x454aB0x36ee
0x4563	0x454aB0x36ee
0x4564	0x454aB0x36ee
0x4568	0x454aB0x36ee
0x456c	0x454aB0x36ee
0x456e	0x454aB0x36ee
0x4570	0x454aB0x36ee
0x4571	0x454aB0x36ee
0x4573	0x454aB0x36ee
0x4575	0x4574B0x36ee
0x4576	0x4574B0x36ee
0x457a	0x457aB0x36ee
0x457d	0x457aB0x36ee
0x457e	0x457aB0x36ee
0x4580	0x457aB0x36ee
0x4581	0x457aB0x36ee
0x4586	0x457aB0x36ee
0x4588	0x457aB0x36ee
0x458b	0x457aB0x36ee
0x458d	0x457aB0x36ee
0x458f	0x457aB0x36ee
0x4591	0x457aB0x36ee
0x4592	0x457aB0x36ee
0x4594	0x457aB0x36ee
0x4597	0x457aB0x36ee
0x459c	0x457aB0x36ee
0x459e	0x457aB0x36ee
0x45a0	0x457aB0x36ee
0x45a2	0x457aB0x36ee
0x45a3	0x457aB0x36ee
0x45a4	0x457aB0x36ee
0x45a6	0x457aB0x36ee
0x45ac	0x457aB0x36ee
0x45ae	0x457aB0x36ee
0x45af	0x457aB0x36ee
0x45b4	0x45b3B0x36ee
0x45b6	0x45b3B0x36ee
0x45b7	0x45b3B0x36ee
0x45b9	0x45b3B0x36ee
0x45bb	0x45b3B0x36ee
0x45bc	0x45b3B0x36ee
0x45bf	0x45b3B0x36ee
0x45c3	0x45b3B0x36ee
0x45c5	0x45b3B0x36ee
0x45c6	0x45b3B0x36ee
0x45c8	0x45b3B0x36ee
0x45c9	0x45b3B0x36ee
0x45cd	0x45b3B0x36ee
0x45ce	0x45b3B0x36ee
0x45d2	0x45b3B0x36ee
0x45d6	0x45b3B0x36ee
0x45d8	0x45b3B0x36ee
0x45da	0x45b3B0x36ee
0x45db	0x45b3B0x36ee
0x45dc	0x45b3B0x36ee
0x45de	0x45b3B0x36ee
0x45e3	0x45e2B0x36ee
0x45e5	0x45e2B0x36ee
0x45e6	0x45e2B0x36ee
0x45e9	0x45e2B0x36ee
0x45eb	0x45e2B0x36ee
0x45ec	0x45e2B0x36ee
0x45ef	0x45e2B0x36ee
0x45f3	0x45e2B0x36ee
0x45f5	0x45e2B0x36ee
0x45f6	0x45e2B0x36ee
0x45f8	0x45e2B0x36ee
0x45f9	0x45e2B0x36ee
0x45fd	0x45e2B0x36ee
0x45fe	0x45e2B0x36ee
0x4602	0x45e2B0x36ee
0x4606	0x45e2B0x36ee
0x4608	0x45e2B0x36ee
0x460a	0x45e2B0x36ee
0x460b	0x45e2B0x36ee
0x460c	0x45e2B0x36ee
0x460d	0x45e2B0x36ee
0x4611	0x4611B0x36ee
0x4614	0x4611B0x36ee
0x4615	0x4611B0x36ee
0x4617	0x4611B0x36ee
0x4618	0x4611B0x36ee
0x461d	0x4611B0x36ee
0x461f	0x4611B0x36ee
0x4622	0x4611B0x36ee
0x4624	0x4611B0x36ee
0x4626	0x4611B0x36ee
0x4628	0x4611B0x36ee
0x4629	0x4611B0x36ee
0x462b	0x4611B0x36ee
0x462e	0x4611B0x36ee
0x4633	0x4611B0x36ee
0x4635	0x4611B0x36ee
0x4637	0x4611B0x36ee
0x4639	0x4611B0x36ee
0x463a	0x4611B0x36ee
0x463b	0x4611B0x36ee
0x463d	0x4611B0x36ee
0x4643	0x4611B0x36ee
0x4645	0x4611B0x36ee
0x4646	0x4611B0x36ee
0x49bf	0x49beB0x9d4d3
0x49bf	0x49beB0xe6928
0x49bf	0x49beB0x1716B0x11c4
0x49bf	0x49beB0x19c0B0x137c
0x49bf	0x49beB0x19c0B0x15e2
0x49bf	0x49beB0x4858B0x47b8B0x467aB0x464aB0x381f
0x49bf	0x49beB0x4858B0x47b8B0x467aB0x3ca2B0x3c13
0x49bf	0x49beB0x4858B0x47b8B0x467aB0x3ca2B0x382e
0x49bf	0x49beB0x4858B0x47b8B0x467aB0x3ca2B0x2dfdB0x232fB0x137c
0x49bf	0x49beB0x4858B0x47b8B0x467aB0x3ca2B0x3eeaB0x232fB0x137c
0x49bf	0x49beB0x4858B0x47b8B0x467aB0x464aB0x40c3B0x232fB0x137c
0x49bf	0x49beB0x4858B0x47b8B0x467aB0x3ca2B0x2dfdB0x232fB0x15e2
0x49bf	0x49beB0x4858B0x47b8B0x467aB0x3ca2B0x3eeaB0x232fB0x15e2
0x49bf	0x49beB0x4858B0x47b8B0x467aB0x464aB0x40c3B0x232fB0x15e2
0x49c3	0x49beB0x9d4d3
0x49c3	0x49beB0xe6928
0x49c3	0x49beB0x1716B0x11c4
0x49c3	0x49beB0x19c0B0x137c
0x49c3	0x49beB0x19c0B0x15e2
0x49c3	0x49beB0x4858B0x47b8B0x467aB0x464aB0x381f
0x49c3	0x49beB0x4858B0x47b8B0x467aB0x3ca2B0x3c13
0x49c3	0x49beB0x4858B0x47b8B0x467aB0x3ca2B0x382e
0x49c3	0x49beB0x4858B0x47b8B0x467aB0x3ca2B0x2dfdB0x232fB0x137c
0x49c3	0x49beB0x4858B0x47b8B0x467aB0x3ca2B0x3eeaB0x232fB0x137c
0x49c3	0x49beB0x4858B0x47b8B0x467aB0x464aB0x40c3B0x232fB0x137c
0x49c3	0x49beB0x4858B0x47b8B0x467aB0x3ca2B0x2dfdB0x232fB0x15e2
0x49c3	0x49beB0x4858B0x47b8B0x467aB0x3ca2B0x3eeaB0x232fB0x15e2
0x49c3	0x49beB0x4858B0x47b8B0x467aB0x464aB0x40c3B0x232fB0x15e2
0x49c5	0x49beB0x9d4d3
0x49c5	0x49beB0xe6928
0x49c5	0x49beB0x1716B0x11c4
0x49c5	0x49beB0x19c0B0x137c
0x49c5	0x49beB0x19c0B0x15e2
0x49c5	0x49beB0x4858B0x47b8B0x467aB0x464aB0x381f
0x49c5	0x49beB0x4858B0x47b8B0x467aB0x3ca2B0x3c13
0x49c5	0x49beB0x4858B0x47b8B0x467aB0x3ca2B0x382e
0x49c5	0x49beB0x4858B0x47b8B0x467aB0x3ca2B0x2dfdB0x232fB0x137c
0x49c5	0x49beB0x4858B0x47b8B0x467aB0x3ca2B0x3eeaB0x232fB0x137c
0x49c5	0x49beB0x4858B0x47b8B0x467aB0x464aB0x40c3B0x232fB0x137c
0x49c5	0x49beB0x4858B0x47b8B0x467aB0x3ca2B0x2dfdB0x232fB0x15e2
0x49c5	0x49beB0x4858B0x47b8B0x467aB0x3ca2B0x3eeaB0x232fB0x15e2
0x49c5	0x49beB0x4858B0x47b8B0x467aB0x464aB0x40c3B0x232fB0x15e2
0x49c8	0x49beB0x9d4d3
0x49c8	0x49beB0xe6928
0x49c8	0x49beB0x1716B0x11c4
0x49c8	0x49beB0x19c0B0x137c
0x49c8	0x49beB0x19c0B0x15e2
0x49c8	0x49beB0x4858B0x47b8B0x467aB0x464aB0x381f
0x49c8	0x49beB0x4858B0x47b8B0x467aB0x3ca2B0x3c13
0x49c8	0x49beB0x4858B0x47b8B0x467aB0x3ca2B0x382e
0x49c8	0x49beB0x4858B0x47b8B0x467aB0x3ca2B0x2dfdB0x232fB0x137c
0x49c8	0x49beB0x4858B0x47b8B0x467aB0x3ca2B0x3eeaB0x232fB0x137c
0x49c8	0x49beB0x4858B0x47b8B0x467aB0x464aB0x40c3B0x232fB0x137c
0x49c8	0x49beB0x4858B0x47b8B0x467aB0x3ca2B0x2dfdB0x232fB0x15e2
0x49c8	0x49beB0x4858B0x47b8B0x467aB0x3ca2B0x3eeaB0x232fB0x15e2
0x49c8	0x49beB0x4858B0x47b8B0x467aB0x464aB0x40c3B0x232fB0x15e2
0x49cb	0x49beB0x9d4d3
0x49cb	0x49beB0xe6928
0x49cb	0x49beB0x1716B0x11c4
0x49cb	0x49beB0x19c0B0x137c
0x49cb	0x49beB0x19c0B0x15e2
0x49cb	0x49beB0x4858B0x47b8B0x467aB0x464aB0x381f
0x49cb	0x49beB0x4858B0x47b8B0x467aB0x3ca2B0x3c13
0x49cb	0x49beB0x4858B0x47b8B0x467aB0x3ca2B0x382e
0x49cb	0x49beB0x4858B0x47b8B0x467aB0x3ca2B0x2dfdB0x232fB0x137c
0x49cb	0x49beB0x4858B0x47b8B0x467aB0x3ca2B0x3eeaB0x232fB0x137c
0x49cb	0x49beB0x4858B0x47b8B0x467aB0x464aB0x40c3B0x232fB0x137c
0x49cb	0x49beB0x4858B0x47b8B0x467aB0x3ca2B0x2dfdB0x232fB0x15e2
0x49cb	0x49beB0x4858B0x47b8B0x467aB0x3ca2B0x3eeaB0x232fB0x15e2
0x49cb	0x49beB0x4858B0x47b8B0x467aB0x464aB0x40c3B0x232fB0x15e2
0x49cd	0x49beB0x9d4d3
0x49cd	0x49beB0xe6928
0x49cd	0x49beB0x1716B0x11c4
0x49cd	0x49beB0x19c0B0x137c
0x49cd	0x49beB0x19c0B0x15e2
0x49cd	0x49beB0x4858B0x47b8B0x467aB0x464aB0x381f
0x49cd	0x49beB0x4858B0x47b8B0x467aB0x3ca2B0x3c13
0x49cd	0x49beB0x4858B0x47b8B0x467aB0x3ca2B0x382e
0x49cd	0x49beB0x4858B0x47b8B0x467aB0x3ca2B0x2dfdB0x232fB0x137c
0x49cd	0x49beB0x4858B0x47b8B0x467aB0x3ca2B0x3eeaB0x232fB0x137c
0x49cd	0x49beB0x4858B0x47b8B0x467aB0x464aB0x40c3B0x232fB0x137c
0x49cd	0x49beB0x4858B0x47b8B0x467aB0x3ca2B0x2dfdB0x232fB0x15e2
0x49cd	0x49beB0x4858B0x47b8B0x467aB0x3ca2B0x3eeaB0x232fB0x15e2
0x49cd	0x49beB0x4858B0x47b8B0x467aB0x464aB0x40c3B0x232fB0x15e2
0x4a42	0x4a41B0x641
0x4a45	0x4a41B0x641
0x4a48	0x4a41B0x641
0x4a49	0x4a41B0x641
0x4a4b	0x4a41B0x641
0x4a4d	0x4a41B0x641
0x4a4f	0x4a41B0x641
0x4a50	0x4a41B0x641
0x4a52	0x4a41B0x641
0x4a55	0x4a41B0x641
0x4a56	0x4a41B0x641
0x4a57	0x4a41B0x641
0x4a58	0x4a41B0x641
0x4a5c	0x4a5cB0x641
0x4a5f	0x4a5cB0x641
0x4b59	0x4b58B0x4f06
0x4b59	0x4b58B0x4c67B0x47c
0x4b5c	0x4b58B0x4f06
0x4b5c	0x4b58B0x4c67B0x47c
0x4b5f	0x4b58B0x4f06
0x4b5f	0x4b58B0x4c67B0x47c
0x4b60	0x4b58B0x4f06
0x4b60	0x4b58B0x4c67B0x47c
0x4b61	0x4b58B0x4f06
0x4b61	0x4b58B0x4c67B0x47c
0x4b65	0x4b65B0x4f06
0x4b65	0x4b65B0x4c67B0x47c
0x4b6b	0x4b69B0x4f06
0x4b6b	0x4b69B0x4c67B0x47c
0x4b6c	0x4b69B0x4f06
0x4b6c	0x4b69B0x4c67B0x47c
0x4b6e	0x4b69B0x4f06
0x4b6e	0x4b69B0x4c67B0x47c
0x4b71	0x4b69B0x4f06
0x4b71	0x4b69B0x4c67B0x47c
0x4b75	0x4b69B0x4f06
0x4b75	0x4b69B0x4c67B0x47c
0x4b82	0x4b7eB0x4f06
0x4b82	0x4b7eB0x4c67B0x47c
0x4b87	0x4b7eB0x4f06
0x4b87	0x4b7eB0x4c67B0x47c
0x4b89	0x4b7eB0x4f06
0x4b89	0x4b7eB0x4c67B0x47c
0x4b8b	0x4b7eB0x4f06
0x4b8b	0x4b7eB0x4c67B0x47c
0x4b8f	0x4b7eB0x4f06
0x4b8f	0x4b7eB0x4c67B0x47c
0x4b93	0x4b7eB0x4f06
0x4b93	0x4b7eB0x4c67B0x47c
0x4b94	0x4b7eB0x4f06
0x4b94	0x4b7eB0x4c67B0x47c
0x4b95	0x4b7eB0x4f06
0x4b95	0x4b7eB0x4c67B0x47c
0x4b99	0x4b99B0x4f06
0x4b99	0x4b99B0x4c67B0x47c
0x4ba0	0x4b9dB0x4f06
0x4ba0	0x4b9dB0x4c67B0x47c
0x4ba4	0x4ba1B0x4f06
0x4ba4	0x4ba1B0x4c67B0x47c
0x4ba5	0x4ba1B0x4f06
0x4ba5	0x4ba1B0x4c67B0x47c
0x4ba6	0x4ba1B0x4f06
0x4ba6	0x4ba1B0x4c67B0x47c
0x4bab	0x4baaB0x4f06
0x4bab	0x4baaB0x4c67B0x47c
0x4bac	0x4baaB0x4f06
0x4bac	0x4baaB0x4c67B0x47c
0x4bae	0x4baaB0x4f06
0x4bae	0x4baaB0x4c67B0x47c
0x4bb0	0x4baaB0x4f06
0x4bb0	0x4baaB0x4c67B0x47c
0x4bb2	0x4baaB0x4f06
0x4bb2	0x4baaB0x4c67B0x47c
0x4bb3	0x4baaB0x4f06
0x4bb3	0x4baaB0x4c67B0x47c
0x4bb5	0x4baaB0x4f06
0x4bb5	0x4baaB0x4c67B0x47c
0x4bb6	0x4baaB0x4f06
0x4bb6	0x4baaB0x4c67B0x47c
0x4bb7	0x4baaB0x4f06
0x4bb7	0x4baaB0x4c67B0x47c
0x4bbb	0x4bbbB0x4f06
0x4bbb	0x4bbbB0x4c67B0x47c
0x4bc2	0x4bc0B0x4f06
0x4bc2	0x4bc0B0x4c67B0x47c
0x4bc3	0x4bc0B0x4f06
0x4bc3	0x4bc0B0x4c67B0x47c
0x4bc6	0x4bc0B0x4f06
0x4bc6	0x4bc0B0x4c67B0x47c
0x4bc8	0x4bc0B0x4f06
0x4bc8	0x4bc0B0x4c67B0x47c
0x4bc9	0x4bc0B0x4f06
0x4bc9	0x4bc0B0x4c67B0x47c
0x4bcd	0x4bcdB0x4f06
0x4bcd	0x4bcdB0x4c67B0x47c
0x4bd3	0x4bd2B0x4f06
0x4bd3	0x4bd2B0x4c67B0x47c
0x4bd9	0x4bd2B0x4f06
0x4bd9	0x4bd2B0x4c67B0x47c
0x4bda	0x4bd2B0x4f06
0x4bda	0x4bd2B0x4c67B0x47c
0x4bdb	0x4bd2B0x4f06
0x4bdb	0x4bd2B0x4c67B0x47c
0x4bde	0x4bd2B0x4f06
0x4bde	0x4bd2B0x4c67B0x47c
0x4bdf	0x4bd2B0x4f06
0x4bdf	0x4bd2B0x4c67B0x47c
0x4be9	0x4be3B0x4f06
0x4be9	0x4be3B0x4c67B0x47c
0x4bec	0x4be3B0x4f06
0x4bec	0x4be3B0x4c67B0x47c
0x4bed	0x4be3B0x4f06
0x4bed	0x4be3B0x4c67B0x47c
0x4c82	0x4c81B0x504
0x4c84	0x4c81B0x504
0x4c86	0x4c81B0x504
0x4c88	0x4c81B0x504
0x4c8b	0x4c81B0x504
0x4c8d	0x4c81B0x504
0x4c8f	0x4c81B0x504
0x4c93	0x4c81B0x504
0x4c95	0x4c81B0x504
0x4c98	0x4c81B0x504
0x4c9b	0x4c81B0x504
0x4c9d	0x4c81B0x504
0x4ca4	0x4ca1B0x504
0x4ca5	0x4ca1B0x504
0x4ca8	0x4ca1B0x504
0x4caa	0x4ca1B0x504
0x4caf	0x4ca1B0x504
0x4cb4	0x4cb3B0x504
0x4cb7	0x4cb3B0x504
0x4cbb	0x4cb3B0x504
0x4cbd	0x4cb3B0x504
0x4cbf	0x4cb3B0x504
0x4cc1	0x4cb3B0x504
0x4cc2	0x4cb3B0x504
0x4cc4	0x4cb3B0x504
0x4cc5	0x4cb3B0x504
0x4cc8	0x4cb3B0x504
0x4cca	0x4cb3B0x504
0x4ccd	0x4cb3B0x504
0x4cd3	0x4cb3B0x504
0x4cd4	0x4cb3B0x504
0x4cd7	0x4cb3B0x504
0x4cda	0x4cb3B0x504
0x4ce0	0x4cb3B0x504
0x4ce5	0x4cb3B0x504
0x4ce7	0x4cb3B0x504
0x4cec	0x4ce9B0x504
0x4ced	0x4ce9B0x504
0x4cee	0x4ce9B0x504
0x4cf3	0x4cf2B0x504
0x4cf8	0x4cf2B0x504
0x4cfc	0x4cf2B0x504
0x4cfe	0x4cf2B0x504
0x4d00	0x4cf2B0x504
0x4d01	0x4cf2B0x504
0x4d48	0x4d47B0x641
0x4d4a	0x4d47B0x641
0x4d4f	0x4d47B0x641
0x4d50	0x4d47B0x641
0x4d51	0x4d47B0x641
0x4d52	0x4d47B0x641
0x4d56	0x4d56B0x641
0x4d5c	0x4d5aB0x641
0x4d5d	0x4d5aB0x641
0x4d5f	0x4d5aB0x641
0x4d61	0x4d5aB0x641
0x4d63	0x4d5aB0x641
0x4d64	0x4d5aB0x641
0x4d67	0x4d5aB0x641
0x4d68	0x4d5aB0x641
0x4d69	0x4d5aB0x641
0x4d6d	0x4d6dB0x641
0x4d74	0x4d71B0x641
0x4d78	0x4d71B0x641
0x4d7b	0x4d71B0x641
0x4d7c	0x4d71B0x641
0x4d7d	0x4d71B0x641
0x4d81	0x4d81B0x641
0x4d87	0x4d85B0x641
0x4d88	0x4d85B0x641
0x4d8b	0x4d85B0x641
0x4d8f	0x4d85B0x641
0x4d97	0x4d93B0x641
0x4d9c	0x4d93B0x641
0x4d9e	0x4d93B0x641
0x4da0	0x4d93B0x641
0x4da4	0x4d93B0x641
0x4da8	0x4d93B0x641
0x4da9	0x4d93B0x641
0x4daa	0x4d93B0x641
0x4dae	0x4daeB0x641
0x4db5	0x4db2B0x641
0x4db9	0x4db6B0x641
0x4dba	0x4db6B0x641
0x4dbb	0x4db6B0x641
0x4dc0	0x4dbfB0x641
0x4dc3	0x4dbfB0x641
0x4dc4	0x4dbfB0x641
0x4dc5	0x4dbfB0x641
0x4dc9	0x4dc9B0x641
0x4dd0	0x4dceB0x641
0x4dd1	0x4dceB0x641
0x4dd5	0x4dceB0x641
0x4dd6	0x4dceB0x641
0x4dd8	0x4dceB0x641
0x4dd9	0x4dceB0x641
0x4ddb	0x4dceB0x641
0x4ddc	0x4dceB0x641
0x4ddd	0x4dceB0x641
0x4de1	0x4de1B0x641
0x4de7	0x4de6B0x641
0x4dea	0x4de6B0x641
0x4df1	0x4deeB0x641
0x4df2	0x4deeB0x641
0x4df5	0x4deeB0x641
0x4df6	0x4deeB0x641
0x4df7	0x4deeB0x641
0x4dfb	0x4dfbB0x641
0x4e02	0x4e00B0x641
0x4e03	0x4e00B0x641
0x4e06	0x4e00B0x641
0x4e08	0x4e00B0x641
0x4e09	0x4e00B0x641
0x4e0d	0x4e0dB0x641
0x4e13	0x4e12B0x641
0x4e19	0x4e12B0x641
0x4e1a	0x4e12B0x641
0x4e1d	0x4e12B0x641
0x4e1e	0x4e12B0x641
0x4e28	0x4e22B0x641
0x4e29	0x4e22B0x641
0x4e2b	0x4e22B0x641
0x4e2f	0x4e22B0x641
0x4e36	0x4e33B0x641
0x4e40	0x4e33B0x641
0x4e43	0x4e33B0x641
0x4e44	0x4e33B0x641
0x5379	0x5378B0x546fB0x1ab5B0x137c
0x5379	0x5378B0x546fB0x1ab5B0x15e2
0x537c	0x5378B0x546fB0x1ab5B0x137c
0x537c	0x5378B0x546fB0x1ab5B0x15e2
0x5380	0x5378B0x546fB0x1ab5B0x137c
0x5380	0x5378B0x546fB0x1ab5B0x15e2
0x5384	0x5378B0x546fB0x1ab5B0x137c
0x5384	0x5378B0x546fB0x1ab5B0x15e2
0x538a	0x5378B0x546fB0x1ab5B0x137c
0x538a	0x5378B0x546fB0x1ab5B0x15e2
0x538c	0x5378B0x546fB0x1ab5B0x137c
0x538c	0x5378B0x546fB0x1ab5B0x15e2
0x538e	0x5378B0x546fB0x1ab5B0x137c
0x538e	0x5378B0x546fB0x1ab5B0x15e2
0x5393	0x5378B0x546fB0x1ab5B0x137c
0x5393	0x5378B0x546fB0x1ab5B0x15e2
0x5394	0x5378B0x546fB0x1ab5B0x137c
0x5394	0x5378B0x546fB0x1ab5B0x15e2
0x5399	0x5396B0x546fB0x1ab5B0x137c
0x5399	0x5396B0x546fB0x1ab5B0x15e2
0x539a	0x5396B0x546fB0x1ab5B0x137c
0x539a	0x5396B0x546fB0x1ab5B0x15e2
0x539b	0x5396B0x546fB0x1ab5B0x137c
0x539b	0x5396B0x546fB0x1ab5B0x15e2
0x53a1	0x539fB0x546fB0x1ab5B0x137c
0x53a1	0x539fB0x546fB0x1ab5B0x15e2
0x53a4	0x539fB0x546fB0x1ab5B0x137c
0x53a4	0x539fB0x546fB0x1ab5B0x15e2
0x53a9	0x539fB0x546fB0x1ab5B0x137c
0x53a9	0x539fB0x546fB0x1ab5B0x15e2
0x53aa	0x539fB0x546fB0x1ab5B0x137c
0x53aa	0x539fB0x546fB0x1ab5B0x15e2
0x53b1	0x53aeB0x546fB0x1ab5B0x137c
0x53b1	0x53aeB0x546fB0x1ab5B0x15e2
0x53b7	0x53aeB0x546fB0x1ab5B0x137c
0x53b7	0x53aeB0x546fB0x1ab5B0x15e2
0x53b9	0x53aeB0x546fB0x1ab5B0x137c
0x53b9	0x53aeB0x546fB0x1ab5B0x15e2
0x53bb	0x53aeB0x546fB0x1ab5B0x137c
0x53bb	0x53aeB0x546fB0x1ab5B0x15e2
0x53bc	0x53aeB0x546fB0x1ab5B0x137c
0x53bc	0x53aeB0x546fB0x1ab5B0x15e2
0x57cf	0x57ceB0x232fB0x137c
0x57cf	0x57ceB0x232fB0x15e2
0x57d1	0x57ceB0x232fB0x137c
0x57d1	0x57ceB0x232fB0x15e2
0x57d5	0x57ceB0x232fB0x137c
0x57d5	0x57ceB0x232fB0x15e2
0x57d6	0x57ceB0x232fB0x137c
0x57d6	0x57ceB0x232fB0x15e2
0x57d7	0x57ceB0x232fB0x137c
0x57d7	0x57ceB0x232fB0x15e2
0x57d8	0x57ceB0x232fB0x137c
0x57d8	0x57ceB0x232fB0x15e2
0x57dc	0x57dcB0x232fB0x137c
0x57dc	0x57dcB0x232fB0x15e2
0x57e1	0x57e0B0x232fB0x137c
0x57e1	0x57e0B0x232fB0x15e2
0x57e4	0x57e0B0x232fB0x137c
0x57e4	0x57e0B0x232fB0x15e2
0x57ea	0x57e8B0x232fB0x137c
0x57ea	0x57e8B0x232fB0x15e2
0x57eb	0x57e8B0x232fB0x137c
0x57eb	0x57e8B0x232fB0x15e2
0x57ef	0x57e8B0x232fB0x137c
0x57ef	0x57e8B0x232fB0x15e2
0x57f6	0x57f3B0x232fB0x137c
0x57f6	0x57f3B0x232fB0x15e2
0x57f9	0x57f3B0x232fB0x137c
0x57f9	0x57f3B0x232fB0x15e2
0x57fa	0x57f3B0x232fB0x137c
0x57fa	0x57f3B0x232fB0x15e2
0x57fb	0x57f3B0x232fB0x137c
0x57fb	0x57f3B0x232fB0x15e2
0x57ff	0x57f3B0x232fB0x137c
0x57ff	0x57f3B0x232fB0x15e2
0x5805	0x5803B0x232fB0x137c
0x5805	0x5803B0x232fB0x15e2
0x5808	0x5803B0x232fB0x137c
0x5808	0x5803B0x232fB0x15e2
0x580b	0x5803B0x232fB0x137c
0x580b	0x5803B0x232fB0x15e2
0x580e	0x5803B0x232fB0x137c
0x580e	0x5803B0x232fB0x15e2
0x580f	0x5803B0x232fB0x137c
0x580f	0x5803B0x232fB0x15e2
0x5810	0x5803B0x232fB0x137c
0x5810	0x5803B0x232fB0x15e2
0x5813	0x5803B0x232fB0x137c
0x5813	0x5803B0x232fB0x15e2
0x5815	0x5803B0x232fB0x137c
0x5815	0x5803B0x232fB0x15e2
0x5818	0x5803B0x232fB0x137c
0x5818	0x5803B0x232fB0x15e2
0x5819	0x5803B0x232fB0x137c
0x5819	0x5803B0x232fB0x15e2
0x581a	0x5803B0x232fB0x137c
0x581a	0x5803B0x232fB0x15e2
0x581d	0x5803B0x232fB0x137c
0x581d	0x5803B0x232fB0x15e2
0x581f	0x5803B0x232fB0x137c
0x581f	0x5803B0x232fB0x15e2
0x5822	0x5803B0x232fB0x137c
0x5822	0x5803B0x232fB0x15e2
0x5823	0x5803B0x232fB0x137c
0x5823	0x5803B0x232fB0x15e2
0x5824	0x5803B0x232fB0x137c
0x5824	0x5803B0x232fB0x15e2
0x5828	0x5803B0x232fB0x137c
0x5828	0x5803B0x232fB0x15e2
0x582d	0x582cB0x232fB0x137c
0x582d	0x582cB0x232fB0x15e2
0x5830	0x582cB0x232fB0x137c
0x5830	0x582cB0x232fB0x15e2
0x5832	0x582cB0x232fB0x137c
0x5832	0x582cB0x232fB0x15e2
0x5836	0x582cB0x232fB0x137c
0x5836	0x582cB0x232fB0x15e2
0x5837	0x582cB0x232fB0x137c
0x5837	0x582cB0x232fB0x15e2
0x583a	0x582cB0x232fB0x137c
0x583a	0x582cB0x232fB0x15e2
0x583c	0x582cB0x232fB0x137c
0x583c	0x582cB0x232fB0x15e2
0x5840	0x582cB0x232fB0x137c
0x5840	0x582cB0x232fB0x15e2
0x5841	0x582cB0x232fB0x137c
0x5841	0x582cB0x232fB0x15e2
0x5844	0x582cB0x232fB0x137c
0x5844	0x582cB0x232fB0x15e2
0x593e	0x593dB0x232fB0x137c
0x593e	0x593dB0x232fB0x15e2
0x5940	0x593dB0x232fB0x137c
0x5940	0x593dB0x232fB0x15e2
0x5944	0x593dB0x232fB0x137c
0x5944	0x593dB0x232fB0x15e2
0x5945	0x593dB0x232fB0x137c
0x5945	0x593dB0x232fB0x15e2
0x5946	0x593dB0x232fB0x137c
0x5946	0x593dB0x232fB0x15e2
0x5947	0x593dB0x232fB0x137c
0x5947	0x593dB0x232fB0x15e2
0x594b	0x594bB0x232fB0x137c
0x594b	0x594bB0x232fB0x15e2
0x5950	0x594fB0x232fB0x137c
0x5950	0x594fB0x232fB0x15e2
0x5952	0x594fB0x232fB0x137c
0x5952	0x594fB0x232fB0x15e2
0x5953	0x594fB0x232fB0x137c
0x5953	0x594fB0x232fB0x15e2
0x5956	0x594fB0x232fB0x137c
0x5956	0x594fB0x232fB0x15e2
0x5959	0x594fB0x232fB0x137c
0x5959	0x594fB0x232fB0x15e2
0x595a	0x594fB0x232fB0x137c
0x595a	0x594fB0x232fB0x15e2
0x595c	0x594fB0x232fB0x137c
0x595c	0x594fB0x232fB0x15e2
0x595e	0x594fB0x232fB0x137c
0x595e	0x594fB0x232fB0x15e2
0x5960	0x594fB0x232fB0x137c
0x5960	0x594fB0x232fB0x15e2
0x5961	0x594fB0x232fB0x137c
0x5961	0x594fB0x232fB0x15e2
0x5963	0x594fB0x232fB0x137c
0x5963	0x594fB0x232fB0x15e2
0x5964	0x594fB0x232fB0x137c
0x5964	0x594fB0x232fB0x15e2
0x5965	0x594fB0x232fB0x137c
0x5965	0x594fB0x232fB0x15e2
0x5966	0x594fB0x232fB0x137c
0x5966	0x594fB0x232fB0x15e2
0x596a	0x596aB0x232fB0x137c
0x596a	0x596aB0x232fB0x15e2
0x596d	0x596aB0x232fB0x137c
0x596d	0x596aB0x232fB0x15e2
0x5972	0x5971B0x232fB0x137c
0x5972	0x5971B0x232fB0x15e2
0x5976	0x5971B0x232fB0x137c
0x5976	0x5971B0x232fB0x15e2
0x5977	0x5971B0x232fB0x137c
0x5977	0x5971B0x232fB0x15e2
0x597b	0x5971B0x232fB0x137c
0x597b	0x5971B0x232fB0x15e2
0x5982	0x597fB0x232fB0x137c
0x5982	0x597fB0x232fB0x15e2
0x5986	0x597fB0x232fB0x137c
0x5986	0x597fB0x232fB0x15e2
0x5987	0x597fB0x232fB0x137c
0x5987	0x597fB0x232fB0x15e2
0x598a	0x597fB0x232fB0x137c
0x598a	0x597fB0x232fB0x15e2
0x598c	0x597fB0x232fB0x137c
0x598c	0x597fB0x232fB0x15e2
0x598f	0x597fB0x232fB0x137c
0x598f	0x597fB0x232fB0x15e2
0x5990	0x597fB0x232fB0x137c
0x5990	0x597fB0x232fB0x15e2
0x5991	0x597fB0x232fB0x137c
0x5991	0x597fB0x232fB0x15e2
0x5995	0x597fB0x232fB0x137c
0x5995	0x597fB0x232fB0x15e2
0x599a	0x5999B0x232fB0x137c
0x599a	0x5999B0x232fB0x15e2
0x599d	0x5999B0x232fB0x137c
0x599d	0x5999B0x232fB0x15e2
0x599f	0x5999B0x232fB0x137c
0x599f	0x5999B0x232fB0x15e2
0x59a2	0x5999B0x232fB0x137c
0x59a2	0x5999B0x232fB0x15e2
0x59a3	0x5999B0x232fB0x137c
0x59a3	0x5999B0x232fB0x15e2
0x59a4	0x5999B0x232fB0x137c
0x59a4	0x5999B0x232fB0x15e2
0x59a8	0x5999B0x232fB0x137c
0x59a8	0x5999B0x232fB0x15e2
0x59ad	0x59acB0x232fB0x137c
0x59ad	0x59acB0x232fB0x15e2
0x59b0	0x59acB0x232fB0x137c
0x59b0	0x59acB0x232fB0x15e2
0x59b9	0x59b8B0x232fB0x137c
0x59b9	0x59b8B0x232fB0x15e2
0x59bb	0x59b8B0x232fB0x137c
0x59bb	0x59b8B0x232fB0x15e2
0x59bf	0x59b8B0x232fB0x137c
0x59bf	0x59b8B0x232fB0x15e2
0x59c0	0x59b8B0x232fB0x137c
0x59c0	0x59b8B0x232fB0x15e2
0x59c1	0x59b8B0x232fB0x137c
0x59c1	0x59b8B0x232fB0x15e2
0x59c2	0x59b8B0x232fB0x137c
0x59c2	0x59b8B0x232fB0x15e2
0x59c6	0x59c6B0x232fB0x137c
0x59c6	0x59c6B0x232fB0x15e2
0x59cb	0x59caB0x232fB0x137c
0x59cb	0x59caB0x232fB0x15e2
0x59cd	0x59caB0x232fB0x137c
0x59cd	0x59caB0x232fB0x15e2
0x59ce	0x59caB0x232fB0x137c
0x59ce	0x59caB0x232fB0x15e2
0x59d1	0x59caB0x232fB0x137c
0x59d1	0x59caB0x232fB0x15e2
0x59d4	0x59caB0x232fB0x137c
0x59d4	0x59caB0x232fB0x15e2
0x59d5	0x59caB0x232fB0x137c
0x59d5	0x59caB0x232fB0x15e2
0x59d7	0x59caB0x232fB0x137c
0x59d7	0x59caB0x232fB0x15e2
0x59d9	0x59caB0x232fB0x137c
0x59d9	0x59caB0x232fB0x15e2
0x59db	0x59caB0x232fB0x137c
0x59db	0x59caB0x232fB0x15e2
0x59dc	0x59caB0x232fB0x137c
0x59dc	0x59caB0x232fB0x15e2
0x59de	0x59caB0x232fB0x137c
0x59de	0x59caB0x232fB0x15e2
0x59df	0x59caB0x232fB0x137c
0x59df	0x59caB0x232fB0x15e2
0x59e0	0x59caB0x232fB0x137c
0x59e0	0x59caB0x232fB0x15e2
0x59e1	0x59caB0x232fB0x137c
0x59e1	0x59caB0x232fB0x15e2
0x59e5	0x59e5B0x232fB0x137c
0x59e5	0x59e5B0x232fB0x15e2
0x59e8	0x59e5B0x232fB0x137c
0x59e8	0x59e5B0x232fB0x15e2
0x59ed	0x59ecB0x232fB0x137c
0x59ed	0x59ecB0x232fB0x15e2
0x59f1	0x59ecB0x232fB0x137c
0x59f1	0x59ecB0x232fB0x15e2
0x59f4	0x59ecB0x232fB0x137c
0x59f4	0x59ecB0x232fB0x15e2
0x59f7	0x59ecB0x232fB0x137c
0x59f7	0x59ecB0x232fB0x15e2
0x59f8	0x59ecB0x232fB0x137c
0x59f8	0x59ecB0x232fB0x15e2
0x59f9	0x59ecB0x232fB0x137c
0x59f9	0x59ecB0x232fB0x15e2
0x59fd	0x59ecB0x232fB0x137c
0x59fd	0x59ecB0x232fB0x15e2
0x5a02	0x5a01B0x232fB0x137c
0x5a02	0x5a01B0x232fB0x15e2
0x5a05	0x5a01B0x232fB0x137c
0x5a05	0x5a01B0x232fB0x15e2
0xbd28	0xbd27B0x232fB0x137c
0xbd28	0xbd27B0x232fB0x15e2
0xbd2d	0xbd27B0x232fB0x137c
0xbd2d	0xbd27B0x232fB0x15e2
0xbd2f	0xbd27B0x232fB0x137c
0xbd2f	0xbd27B0x232fB0x15e2
0xbd30	0xbd27B0x232fB0x137c
0xbd30	0xbd27B0x232fB0x15e2
0xbd33	0xbd27B0x232fB0x137c
0xbd33	0xbd27B0x232fB0x15e2
0xbd35	0xbd27B0x232fB0x137c
0xbd35	0xbd27B0x232fB0x15e2
0xbd38	0xbd27B0x232fB0x137c
0xbd38	0xbd27B0x232fB0x15e2
0xbd3a	0xbd27B0x232fB0x137c
0xbd3a	0xbd27B0x232fB0x15e2
0xbd5d	0xbd5cB0x232fB0x137c
0xbd5d	0xbd5cB0x232fB0x15e2
0xbd5f	0xbd5cB0x232fB0x137c
0xbd5f	0xbd5cB0x232fB0x15e2
0xbd62	0xbd5cB0x232fB0x137c
0xbd62	0xbd5cB0x232fB0x15e2
0xbd85	0xbd84B0x232fB0x137c
0xbd85	0xbd84B0x232fB0x15e2
0xbd8a	0xbd84B0x232fB0x137c
0xbd8a	0xbd84B0x232fB0x15e2
0xbd8c	0xbd84B0x232fB0x137c
0xbd8c	0xbd84B0x232fB0x15e2
0xbd8d	0xbd84B0x232fB0x137c
0xbd8d	0xbd84B0x232fB0x15e2
0xbd90	0xbd84B0x232fB0x137c
0xbd90	0xbd84B0x232fB0x15e2
0xbd92	0xbd84B0x232fB0x137c
0xbd92	0xbd84B0x232fB0x15e2
0xbd95	0xbd84B0x232fB0x137c
0xbd95	0xbd84B0x232fB0x15e2
0xbd97	0xbd84B0x232fB0x137c
0xbd97	0xbd84B0x232fB0x15e2
0xbdba	0xbdb9B0x232fB0x137c
0xbdba	0xbdb9B0x232fB0x15e2
0xbdbc	0xbdb9B0x232fB0x137c
0xbdbc	0xbdb9B0x232fB0x15e2
0xbdbf	0xbdb9B0x232fB0x137c
0xbdbf	0xbdb9B0x232fB0x15e2
0xbde2	0xbde1B0x232fB0x137c
0xbde2	0xbde1B0x232fB0x15e2
0xbde4	0xbde1B0x232fB0x137c
0xbde4	0xbde1B0x232fB0x15e2
0xbde7	0xbde1B0x232fB0x137c
0xbde7	0xbde1B0x232fB0x15e2
0xbfce	0xbfcdB0x232fB0x137c
0xbfce	0xbfcdB0x232fB0x15e2
0xbfd0	0xbfcdB0x232fB0x137c
0xbfd0	0xbfcdB0x232fB0x15e2
0xbfd3	0xbfcdB0x232fB0x137c
0xbfd3	0xbfcdB0x232fB0x15e2
0xbff6	0xbff5B0x232fB0x137c
0xbff6	0xbff5B0x232fB0x15e2
0xbff8	0xbff5B0x232fB0x137c
0xbff8	0xbff5B0x232fB0x15e2
0xbffb	0xbff5B0x232fB0x137c
0xbffb	0xbff5B0x232fB0x15e2
0xc06e	0xc06dB0x36ee
0xc070	0xc06dB0x36ee
0xc073	0xc06dB0x36ee
0xc096	0xc095B0x36ee
0xc098	0xc095B0x36ee
0xc09b	0xc095B0x36ee
0xc10e	0xc10dB0x641
0xc113	0xc10dB0x641
0xc115	0xc10dB0x641
0xc116	0xc10dB0x641
0xc119	0xc10dB0x641
0xc11b	0xc10dB0x641
0xc11e	0xc10dB0x641
0xc120	0xc10dB0x641
0xc3bf	0xc3beB0x232fB0x137c
0xc3bf	0xc3beB0x232fB0x15e2
0xc3c4	0xc3beB0x232fB0x137c
0xc3c4	0xc3beB0x232fB0x15e2
0xc3c6	0xc3beB0x232fB0x137c
0xc3c6	0xc3beB0x232fB0x15e2
0xc3c7	0xc3beB0x232fB0x137c
0xc3c7	0xc3beB0x232fB0x15e2
0xc3ca	0xc3beB0x232fB0x137c
0xc3ca	0xc3beB0x232fB0x15e2
0xc3cc	0xc3beB0x232fB0x137c
0xc3cc	0xc3beB0x232fB0x15e2
0xc3cf	0xc3beB0x232fB0x137c
0xc3cf	0xc3beB0x232fB0x15e2
0xc3d1	0xc3beB0x232fB0x137c
0xc3d1	0xc3beB0x232fB0x15e2
0xc3f4	0xc3f3B0x232fB0x137c
0xc3f4	0xc3f3B0x232fB0x15e2
0xc3f9	0xc3f3B0x232fB0x137c
0xc3f9	0xc3f3B0x232fB0x15e2
0xc3fb	0xc3f3B0x232fB0x137c
0xc3fb	0xc3f3B0x232fB0x15e2
0xc3fc	0xc3f3B0x232fB0x137c
0xc3fc	0xc3f3B0x232fB0x15e2
0xc3ff	0xc3f3B0x232fB0x137c
0xc3ff	0xc3f3B0x232fB0x15e2
0xc401	0xc3f3B0x232fB0x137c
0xc401	0xc3f3B0x232fB0x15e2
0xc404	0xc3f3B0x232fB0x137c
0xc404	0xc3f3B0x232fB0x15e2
0xc406	0xc3f3B0x232fB0x137c
0xc406	0xc3f3B0x232fB0x15e2
0x1c430	0x877B0x3b0
0x29630	0x2a78B0x1e6bB0x15c7
0x2a030	0x2bc6B0x232fB0x137c
0x2a030	0x2bc6B0x232fB0x15e2
0x2aa30	0x2bf7B0x232fB0x137c
0x2aa30	0x2bf7B0x232fB0x15e2
0x2b430	0x2e28B0x232fB0x137c
0x2b430	0x2e28B0x232fB0x15e2
0x2be30	0x2ea3B0x232fB0x137c
0x2be30	0x2ea3B0x232fB0x15e2
0x2c830	0x2fcfB0x232fB0x137c
0x2c830	0x2fcfB0x232fB0x15e2
0x2d230	0x311cB0x232fB0x137c
0x2d230	0x311cB0x232fB0x15e2
0x2dc30	0x3170B0x232fB0x137c
0x2dc30	0x3170B0x232fB0x15e2
0x2e630	0x31c8B0x232fB0x137c
0x2e630	0x31c8B0x232fB0x15e2
0x2f030	0x32feB0x232fB0x137c
0x2f030	0x32feB0x232fB0x15e2
0x2fa30	0x344cB0x232fB0x137c
0x2fa30	0x344cB0x232fB0x15e2
0x30430	0x346eB0x232fB0x137c
0x30430	0x346eB0x232fB0x15e2
0x30e30	0x3542B0x232fB0x137c
0x30e30	0x3542B0x232fB0x15e2
0x37c30	0x3fbeB0x232fB0x137c
0x37c30	0x3fbeB0x232fB0x15e2
0x38630	0x43c7B0x36ee
0x39030	0x449eB0x36ee
0x39a30	0x454aB0x36ee
0x3c230	0x4b9dB0x4f06
0x3c230	0x4b9dB0x4c67B0x47c
0x3cc30	0x4cb3B0x504
0x3d630	0x4db2B0x641
0x41c30	0x5378B0x546fB0x1ab5B0x137c
0x41c30	0x5378B0x546fB0x1ab5B0x15e2
0xffd23	0xffd21B0x232fB0x137c
0xffd23	0xffd21B0x232fB0x15e2
0xffd75	0xffd71B0x232fB0x137c
0xffd75	0xffd71B0x232fB0x15e2
0xffd77	0xffd71B0x232fB0x137c
0xffd77	0xffd71B0x232fB0x15e2
0xffd78	0xffd71B0x232fB0x137c
0xffd78	0xffd71B0x232fB0x15e2
0xffd79	0xffd71B0x232fB0x137c
0xffd79	0xffd71B0x232fB0x15e2
0xffd7b	0xffd71B0x232fB0x137c
0xffd7b	0xffd71B0x232fB0x15e2
0xffd7d	0xffd71B0x232fB0x137c
0xffd7d	0xffd71B0x232fB0x15e2
0xffd7f	0xffd71B0x232fB0x137c
0xffd7f	0xffd71B0x232fB0x15e2
0xffd80	0xffd71B0x232fB0x137c
0xffd80	0xffd71B0x232fB0x15e2
0xffd83	0xffd71B0x232fB0x137c
0xffd83	0xffd71B0x232fB0x15e2
0xffd84	0xffd71B0x232fB0x137c
0xffd84	0xffd71B0x232fB0x15e2
0xffd87	0xffd71B0x232fB0x137c
0xffd87	0xffd71B0x232fB0x15e2
0xffd89	0xffd71B0x232fB0x137c
0xffd89	0xffd71B0x232fB0x15e2
0xffd8d	0xffd71B0x232fB0x137c
0xffd8d	0xffd71B0x232fB0x15e2
0xffd8e	0xffd71B0x232fB0x137c
0xffd8e	0xffd71B0x232fB0x15e2
0xffd91	0xffd71B0x232fB0x137c
0xffd91	0xffd71B0x232fB0x15e2
0xffd94	0xffd71B0x232fB0x137c
0xffd94	0xffd71B0x232fB0x15e2
0xffd96	0xffd71B0x232fB0x137c
0xffd96	0xffd71B0x232fB0x15e2
0xffdbd	0xffdb9B0x232fB0x137c
0xffdbd	0xffdb9B0x232fB0x15e2
0xffdbf	0xffdb9B0x232fB0x137c
0xffdbf	0xffdb9B0x232fB0x15e2
0xffdc0	0xffdb9B0x232fB0x137c
0xffdc0	0xffdb9B0x232fB0x15e2
0xffdc1	0xffdb9B0x232fB0x137c
0xffdc1	0xffdb9B0x232fB0x15e2
0xffdc3	0xffdb9B0x232fB0x137c
0xffdc3	0xffdb9B0x232fB0x15e2
0xffdc5	0xffdb9B0x232fB0x137c
0xffdc5	0xffdb9B0x232fB0x15e2
0xffdc7	0xffdb9B0x232fB0x137c
0xffdc7	0xffdb9B0x232fB0x15e2
0xffdc8	0xffdb9B0x232fB0x137c
0xffdc8	0xffdb9B0x232fB0x15e2
0xffdcb	0xffdb9B0x232fB0x137c
0xffdcb	0xffdb9B0x232fB0x15e2
0xffdcc	0xffdb9B0x232fB0x137c
0xffdcc	0xffdb9B0x232fB0x15e2
0xffdcf	0xffdb9B0x232fB0x137c
0xffdcf	0xffdb9B0x232fB0x15e2
0xffdd1	0xffdb9B0x232fB0x137c
0xffdd1	0xffdb9B0x232fB0x15e2
0xffdd5	0xffdb9B0x232fB0x137c
0xffdd5	0xffdb9B0x232fB0x15e2
0xffdd6	0xffdb9B0x232fB0x137c
0xffdd6	0xffdb9B0x232fB0x15e2
0xffdd9	0xffdb9B0x232fB0x137c
0xffdd9	0xffdb9B0x232fB0x15e2
0xffddc	0xffdb9B0x232fB0x137c
0xffddc	0xffdb9B0x232fB0x15e2
0xffdde	0xffdb9B0x232fB0x137c
0xffdde	0xffdb9B0x232fB0x15e2
0xffe2e	0xffe2cB0x232fB0x137c
0xffe2e	0xffe2cB0x232fB0x15e2
0xffe55	0xffe51B0x232fB0x137c
0xffe55	0xffe51B0x232fB0x15e2
0x100387	0x100386B0x641
0x100465	0x100464B0x4f06
0x100465	0x100464B0x4c67B0x47c
0x1004ab	0x1004aaB0x641
0x100958	0x100957B0x3b0
0x10095a	0x100957B0x3b0
0x10095d	0x100957B0x3b0
0x100a98	0x100a96B0x232fB0x137c
0x100a98	0x100a96B0x232fB0x15e2
0x100abf	0x100abbB0x232fB0x137c
0x100abf	0x100abbB0x232fB0x15e2
0x2c60	0x2c4aB0x232fB0x137c
0x2c60	0x2c4aB0x232fB0x15e2
0x3226	0x320eB0x232fB0x137c
0x3226	0x320eB0x232fB0x15e2
0x2c96	0x2c61B0x232fB0x137c
0x2c96	0x2c61B0x232fB0x15e2
0x311b	0x3105B0x232fB0x137c
0x311b	0x3105B0x232fB0x15e2
0x3252	0x3227B0x232fB0x137c
0x3252	0x3227B0x232fB0x15e2
0x3161	0x315aB0x232fB0x137c
0x3161	0x315aB0x232fB0x15e2
0x316f	0x3167B0x232fB0x137c
0x316f	0x3167B0x232fB0x15e2
0x3531	0x352aB0x232fB0x137c
0x3531	0x352aB0x232fB0x15e2
0x3541	0x3539B0x232fB0x137c
0x3541	0x3539B0x232fB0x15e2
0x57e7	0x57e0B0x232fB0x137c
0x57e7	0x57e0B0x232fB0x15e2
0x33fd	0x33e3B0x232fB0x137c
0x33fd	0x33e3B0x232fB0x15e2
0x3429	0x33feB0x232fB0x137c
0x3429	0x33feB0x232fB0x15e2
0x2c3c	0x2c28B0x232fB0x137c
0x2c3c	0x2c28B0x232fB0x15e2
0x34dd	0x34c8B0x232fB0x137c
0x34dd	0x34c8B0x232fB0x15e2
0x49d0	0x49beB0x9d4d3
0x49d0	0x49beB0xe6928
0x49d0	0x49beB0x1716B0x11c4
0x49d0	0x49beB0x19c0B0x137c
0x49d0	0x49beB0x19c0B0x15e2
0x49d0	0x49beB0x4858B0x47b8B0x467aB0x464aB0x381f
0x49d0	0x49beB0x4858B0x47b8B0x467aB0x3ca2B0x3c13
0x49d0	0x49beB0x4858B0x47b8B0x467aB0x3ca2B0x382e
0x49d0	0x49beB0x4858B0x47b8B0x467aB0x3ca2B0x2dfdB0x232fB0x137c
0x49d0	0x49beB0x4858B0x47b8B0x467aB0x3ca2B0x3eeaB0x232fB0x137c
0x49d0	0x49beB0x4858B0x47b8B0x467aB0x464aB0x40c3B0x232fB0x137c
0x49d0	0x49beB0x4858B0x47b8B0x467aB0x3ca2B0x2dfdB0x232fB0x15e2
0x49d0	0x49beB0x4858B0x47b8B0x467aB0x3ca2B0x3eeaB0x232fB0x15e2
0x49d0	0x49beB0x4858B0x47b8B0x467aB0x464aB0x40c3B0x232fB0x15e2
0x4ca0	0x4c81B0x504
0x4cb2	0x4ca1B0x504
0x53ad	0x539fB0x546fB0x1ab5B0x137c
0x53ad	0x539fB0x546fB0x1ab5B0x15e2
0x4b78	0x4b69B0x4f06
0x4b78	0x4b69B0x4c67B0x47c
0x4d92	0x4d85B0x641
0x4be2	0x4bd2B0x4f06
0x4be2	0x4bd2B0x4c67B0x47c
0x4e21	0x4e12B0x641
0x2d5e	0x2d3bB0x232fB0x137c
0x2d5e	0x2d3bB0x232fB0x15e2
0x2dcd	0x2daaB0x232fB0x137c
0x2dcd	0x2daaB0x232fB0x15e2
0x2f4a	0x2f27B0x232fB0x137c
0x2f4a	0x2f27B0x232fB0x15e2
0x4513	0x44f0B0x36ee
0x2fba	0x2f97B0x232fB0x137c
0x2fba	0x2f97B0x232fB0x15e2
0x10fd	0x10f4B0x11f9
0x7b2	0x7aaB0x271
0x2a6a	0x2a5aB0x1e6bB0x15c7
0x100468	0x100464B0x4f06
0x100468	0x100464B0x4c67B0x47c
0x1004ae	0x1004aaB0x641
0x2e74	0x2e2dB0x232fB0x137c
0x2e74	0x2e2dB0x232fB0x15e2
0x8e4	0x8dbB0x3b0
0x2a77	0x2a6bB0x1e6bB0x15c7
0x2cde	0x2cd7B0x232fB0x137c
0x2cde	0x2cd7B0x232fB0x15e2
0x2e13	0x2dfdB0x232fB0x137c
0x2e13	0x2dfdB0x232fB0x15e2
0x34fa	0x34deB0x232fB0x137c
0x34fa	0x34deB0x232fB0x15e2
0x3f00	0x3eeaB0x232fB0x137c
0x3f00	0x3eeaB0x232fB0x15e2
0x40de	0x40c3B0x232fB0x137c
0x40de	0x40c3B0x232fB0x15e2
0x4e32	0x4e22B0x641
0x57f2	0x57e8B0x232fB0x137c
0x57f2	0x57e8B0x232fB0x15e2
0x5802	0x57f3B0x232fB0x137c
0x5802	0x57f3B0x232fB0x15e2
0x582b	0x5803B0x232fB0x137c
0x582b	0x5803B0x232fB0x15e2
0x597e	0x5971B0x232fB0x137c
0x597e	0x5971B0x232fB0x15e2
0x5998	0x597fB0x232fB0x137c
0x5998	0x597fB0x232fB0x15e2
0x59ab	0x5999B0x232fB0x137c
0x59ab	0x5999B0x232fB0x15e2
0x5a00	0x59ecB0x232fB0x137c
0x5a00	0x59ecB0x232fB0x15e2
0x1135	0x1103B0x11f9
0x2ae7	0x2ad3B0x232fB0x137c
0x2ae7	0x2ad3B0x232fB0x15e2
0x2b95	0x2b8cB0x232fB0x137c
0x2b95	0x2b8cB0x232fB0x15e2
0x2ce3	0x2cdfB0x232fB0x137c
0x2ce3	0x2cdfB0x232fB0x15e2
0x2e27	0x2e14B0x232fB0x137c
0x2e27	0x2e14B0x232fB0x15e2
0x2ec8	0x2ea9B0x232fB0x137c
0x2ec8	0x2ea9B0x232fB0x15e2
0x2fce	0x2fbbB0x232fB0x137c
0x2fce	0x2fbbB0x232fB0x15e2
0x3054	0x2fdfB0x232fB0x137c
0x3054	0x2fdfB0x232fB0x15e2
0x306b	0x3055B0x232fB0x137c
0x306b	0x3055B0x232fB0x15e2
0x3091	0x308bB0x232fB0x137c
0x3091	0x308bB0x232fB0x15e2
0x30d5	0x3098B0x232fB0x137c
0x30d5	0x3098B0x232fB0x15e2
0x3166	0x3162B0x232fB0x137c
0x3166	0x3162B0x232fB0x15e2
0x320d	0x31f9B0x232fB0x137c
0x320d	0x31f9B0x232fB0x15e2
0x3296	0x328fB0x232fB0x137c
0x3296	0x328fB0x232fB0x15e2
0x329b	0x3297B0x232fB0x137c
0x329b	0x3297B0x232fB0x15e2
0x32a4	0x329cB0x232fB0x137c
0x32a4	0x329cB0x232fB0x15e2
0x3343	0x332fB0x232fB0x137c
0x3343	0x332fB0x232fB0x15e2
0x3376	0x3370B0x232fB0x137c
0x3376	0x3370B0x232fB0x15e2
0x33ba	0x337dB0x232fB0x137c
0x33ba	0x337dB0x232fB0x15e2
0x33e2	0x33bbB0x232fB0x137c
0x33e2	0x33bbB0x232fB0x15e2
0x344b	0x3439B0x232fB0x137c
0x344b	0x3439B0x232fB0x15e2
0x34c7	0x3488B0x232fB0x137c
0x34c7	0x3488B0x232fB0x15e2
0x3538	0x3532B0x232fB0x137c
0x3538	0x3532B0x232fB0x15e2
0x3f36	0x3f01B0x232fB0x137c
0x3f36	0x3f01B0x232fB0x15e2
0x3fbd	0x3f9dB0x232fB0x137c
0x3fbd	0x3f9dB0x232fB0x15e2
0x4013	0x3fcdB0x232fB0x137c
0x4013	0x3fcdB0x232fB0x15e2
0x401c	0x4014B0x232fB0x137c
0x401c	0x4014B0x232fB0x15e2
0x406b	0x402cB0x232fB0x137c
0x406b	0x402cB0x232fB0x15e2
0x40e6	0x40dfB0x232fB0x137c
0x40e6	0x40dfB0x232fB0x15e2
0x4408	0x43cfB0x36ee
0x446a	0x442bB0x36ee
0x446f	0x446bB0x36ee
0x451a	0x4514B0x36ee
0x45b2	0x457aB0x36ee
0x4649	0x4611B0x36ee
0x4a62	0x4a5cB0x641
0x4bf0	0x4be3B0x4f06
0x4bf0	0x4be3B0x4c67B0x47c
0x4d04	0x4cf2B0x504
0x4ded	0x4de6B0x641
0x4e47	0x4e33B0x641
0x53bf	0x53aeB0x546fB0x1ab5B0x137c
0x53bf	0x53aeB0x546fB0x1ab5B0x15e2
0x584d	0x582cB0x232fB0x137c
0x584d	0x582cB0x232fB0x15e2
0x5970	0x596aB0x232fB0x137c
0x5970	0x596aB0x232fB0x15e2
0x59b7	0x59acB0x232fB0x137c
0x59b7	0x59acB0x232fB0x15e2
0x59eb	0x59e5B0x232fB0x137c
0x59eb	0x59e5B0x232fB0x15e2
0x5a0c	0x5a01B0x232fB0x137c
0x5a0c	0x5a01B0x232fB0x15e2
0x1c450	0x877B0x3b0
0x29650	0x2a78B0x1e6bB0x15c7
0x2a050	0x2bc6B0x232fB0x137c
0x2a050	0x2bc6B0x232fB0x15e2
0x2aa50	0x2bf7B0x232fB0x137c
0x2aa50	0x2bf7B0x232fB0x15e2
0x2b450	0x2e28B0x232fB0x137c
0x2b450	0x2e28B0x232fB0x15e2
0x2be50	0x2ea3B0x232fB0x137c
0x2be50	0x2ea3B0x232fB0x15e2
0x2c850	0x2fcfB0x232fB0x137c
0x2c850	0x2fcfB0x232fB0x15e2
0x2d250	0x311cB0x232fB0x137c
0x2d250	0x311cB0x232fB0x15e2
0x2dc50	0x3170B0x232fB0x137c
0x2dc50	0x3170B0x232fB0x15e2
0x2e650	0x31c8B0x232fB0x137c
0x2e650	0x31c8B0x232fB0x15e2
0x2f050	0x32feB0x232fB0x137c
0x2f050	0x32feB0x232fB0x15e2
0x2fa50	0x344cB0x232fB0x137c
0x2fa50	0x344cB0x232fB0x15e2
0x30450	0x346eB0x232fB0x137c
0x30450	0x346eB0x232fB0x15e2
0x30e50	0x3542B0x232fB0x137c
0x30e50	0x3542B0x232fB0x15e2
0x37c50	0x3fbeB0x232fB0x137c
0x37c50	0x3fbeB0x232fB0x15e2
0x38650	0x43c7B0x36ee
0x39050	0x449eB0x36ee
0x39a50	0x454aB0x36ee
0x3c250	0x4b9dB0x4f06
0x3c250	0x4b9dB0x4c67B0x47c
0x3cc50	0x4cb3B0x504
0x3d650	0x4db2B0x641
0x41c50	0x5378B0x546fB0x1ab5B0x137c
0x41c50	0x5378B0x546fB0x1ab5B0x15e2
0xffd26	0xffd21B0x232fB0x137c
0xffd26	0xffd21B0x232fB0x15e2
0xffd99	0xffd71B0x232fB0x137c
0xffd99	0xffd71B0x232fB0x15e2
0xffde1	0xffdb9B0x232fB0x137c
0xffde1	0xffdb9B0x232fB0x15e2
0xffe31	0xffe2cB0x232fB0x137c
0xffe31	0xffe2cB0x232fB0x15e2
0xffe58	0xffe51B0x232fB0x137c
0xffe58	0xffe51B0x232fB0x15e2
0x10038b	0x100386B0x641
0x100a9b	0x100a96B0x232fB0x137c
0x100a9b	0x100a96B0x232fB0x15e2
0x100ac2	0x100abbB0x232fB0x137c
0x100ac2	0x100abbB0x232fB0x15e2
0x7a9	0x78eB0x271
0x876	0x866B0x3b0
0x1102	0x10feB0x11f9
0x2ad2	0x2a84B0x232fB0x137c
0x2ad2	0x2a84B0x232fB0x15e2
0x2b73	0x2ae8B0x232fB0x137c
0x2b73	0x2ae8B0x232fB0x15e2
0x2b82	0x2b78B0x232fB0x137c
0x2b82	0x2b78B0x232fB0x15e2
0x2bc5	0x2b96B0x232fB0x137c
0x2bc5	0x2b96B0x232fB0x15e2
0x2bf6	0x2bf1B0x232fB0x137c
0x2bf6	0x2bf1B0x232fB0x15e2
0x2c27	0x2c22B0x232fB0x137c
0x2c27	0x2c22B0x232fB0x15e2
0x2c49	0x2c3dB0x232fB0x137c
0x2c49	0x2c3dB0x232fB0x15e2
0x2cd6	0x2c97B0x232fB0x137c
0x2cd6	0x2c97B0x232fB0x15e2
0x2d31	0x2ce4B0x232fB0x137c
0x2d31	0x2ce4B0x232fB0x15e2
0x2da0	0x2d5fB0x232fB0x137c
0x2da0	0x2d5fB0x232fB0x15e2
0x2ddf	0x2dceB0x232fB0x137c
0x2ddf	0x2dceB0x232fB0x15e2
0x2dfc	0x2de0B0x232fB0x137c
0x2dfc	0x2de0B0x232fB0x15e2
0x2e8a	0x2e75B0x232fB0x137c
0x2e8a	0x2e75B0x232fB0x15e2
0x2e99	0x2e8fB0x232fB0x137c
0x2e99	0x2e8fB0x232fB0x15e2
0x2ee4	0x2ec9B0x232fB0x137c
0x2ee4	0x2ec9B0x232fB0x15e2
0x2f1d	0x2ee5B0x232fB0x137c
0x2f1d	0x2ee5B0x232fB0x15e2
0x2f8d	0x2f4bB0x232fB0x137c
0x2f8d	0x2f4bB0x232fB0x15e2
0x308a	0x306cB0x232fB0x137c
0x308a	0x306cB0x232fB0x15e2
0x3097	0x3092B0x232fB0x137c
0x3097	0x3092B0x232fB0x15e2
0x3104	0x30d6B0x232fB0x137c
0x3104	0x30d6B0x232fB0x15e2
0x3159	0x312bB0x232fB0x137c
0x3159	0x312bB0x232fB0x15e2
0x31c7	0x3199B0x232fB0x137c
0x31c7	0x3199B0x232fB0x15e2
0x31f8	0x31f3B0x232fB0x137c
0x31f8	0x31f3B0x232fB0x15e2
0x328e	0x3253B0x232fB0x137c
0x328e	0x3253B0x232fB0x15e2
0x32fd	0x32ceB0x232fB0x137c
0x32fd	0x32ceB0x232fB0x15e2
0x332e	0x3329B0x232fB0x137c
0x332e	0x3329B0x232fB0x15e2
0x3350	0x3344B0x232fB0x137c
0x3350	0x3344B0x232fB0x15e2
0x336f	0x3351B0x232fB0x137c
0x336f	0x3351B0x232fB0x15e2
0x337c	0x3377B0x232fB0x137c
0x337c	0x3377B0x232fB0x15e2
0x3430	0x342aB0x232fB0x137c
0x3430	0x342aB0x232fB0x15e2
0x3438	0x3431B0x232fB0x137c
0x3438	0x3431B0x232fB0x15e2
0x346d	0x345aB0x232fB0x137c
0x346d	0x345aB0x232fB0x15e2
0x3487	0x3477B0x232fB0x137c
0x3487	0x3477B0x232fB0x15e2
0x3529	0x34fbB0x232fB0x137c
0x3529	0x34fbB0x232fB0x15e2
0x3ee9	0x3ed2B0x232fB0x137c
0x3ee9	0x3ed2B0x232fB0x15e2
0x3f4c	0x3f37B0x232fB0x137c
0x3f4c	0x3f37B0x232fB0x15e2
0x3f5b	0x3f51B0x232fB0x137c
0x3f5b	0x3f51B0x232fB0x15e2
0x3f9c	0x3f65B0x232fB0x137c
0x3f9c	0x3f65B0x232fB0x15e2
0x3fcc	0x3fc3B0x232fB0x137c
0x3fcc	0x3fc3B0x232fB0x15e2
0x402b	0x401dB0x232fB0x137c
0x402b	0x401dB0x232fB0x15e2
0x40aa	0x406cB0x232fB0x137c
0x40aa	0x406cB0x232fB0x15e2
0x40b9	0x40afB0x232fB0x137c
0x40b9	0x40afB0x232fB0x15e2
0x43c6	0x43b4B0x36ee
0x43ce	0x43caB0x36ee
0x440e	0x4409B0x36ee
0x442a	0x440fB0x36ee
0x449d	0x4470B0x36ee
0x44e6	0x44d3B0x36ee
0x4549	0x451bB0x36ee
0x4579	0x4574B0x36ee
0x45e1	0x45b3B0x36ee
0x4610	0x45e2B0x36ee
0x4a5b	0x4a41B0x641
0x4b64	0x4b58B0x4f06
0x4b64	0x4b58B0x4c67B0x47c
0x4b98	0x4b7eB0x4f06
0x4b98	0x4b7eB0x4c67B0x47c
0x4ba9	0x4ba1B0x4f06
0x4ba9	0x4ba1B0x4c67B0x47c
0x4bba	0x4baaB0x4f06
0x4bba	0x4baaB0x4c67B0x47c
0x4bcc	0x4bc0B0x4f06
0x4bcc	0x4bc0B0x4c67B0x47c
0x4cf1	0x4ce9B0x504
0x4d55	0x4d47B0x641
0x4d6c	0x4d5aB0x641
0x4d80	0x4d71B0x641
0x4dad	0x4d93B0x641
0x4dbe	0x4db6B0x641
0x4dc8	0x4dbfB0x641
0x4de0	0x4dceB0x641
0x4dfa	0x4deeB0x641
0x4e0c	0x4e00B0x641
0x539e	0x5396B0x546fB0x1ab5B0x137c
0x539e	0x5396B0x546fB0x1ab5B0x15e2
0x57db	0x57ceB0x232fB0x137c
0x57db	0x57ceB0x232fB0x15e2
0x594a	0x593dB0x232fB0x137c
0x594a	0x593dB0x232fB0x15e2
0x5969	0x594fB0x232fB0x137c
0x5969	0x594fB0x232fB0x15e2
0x59c5	0x59b8B0x232fB0x137c
0x59c5	0x59b8B0x232fB0x15e2
0x59e4	0x59caB0x232fB0x137c
0x59e4	0x59caB0x232fB0x15e2
0x1179	0x1136B0x11f9
0x355e	0x354dB0x232fB0x137c
0x355e	0x354dB0x232fB0x15e2
0x4bfb	0x4bf1B0x4f06
0x4bfb	0x4bf1B0x4c67B0x47c
0x4d16	0x4d05B0x504
0x4e54	0x4e48B0x641
0x53cc	0x53c0B0x546fB0x1ab5B0x137c
0x53cc	0x53c0B0x546fB0x1ab5B0x15e2
0xff117	0xff112B0x271
0xff13c	0xff137B0x271
0xff24e	0xff24bB0x3b0
0xff64a	0xff647B0x11f9
0xffd01	0xffcf6B0x232fB0x137c
0xffd01	0xffcf6B0x232fB0x15e2
0x10009b	0x100094B0x36ee
0x1000c2	0x1000bbB0x36ee
0x1000e9	0x1000e2B0x36ee
0x10031e	0x100318B0x9d4d3
0x10031e	0x100318B0xe6928
0x10031e	0x100318B0x1716B0x11c4
0x10031e	0x100318B0x19c0B0x137c
0x10031e	0x100318B0x19c0B0x15e2
0x10031e	0x100318B0x4858B0x47b8B0x467aB0x464aB0x381f
0x10031e	0x100318B0x4858B0x47b8B0x467aB0x3ca2B0x3c13
0x10031e	0x100318B0x4858B0x47b8B0x467aB0x3ca2B0x382e
0x10031e	0x100318B0x4858B0x47b8B0x467aB0x3ca2B0x2dfdB0x232fB0x137c
0x10031e	0x100318B0x4858B0x47b8B0x467aB0x3ca2B0x3eeaB0x232fB0x137c
0x10031e	0x100318B0x4858B0x47b8B0x467aB0x464aB0x40c3B0x232fB0x137c
0x10031e	0x100318B0x4858B0x47b8B0x467aB0x3ca2B0x2dfdB0x232fB0x15e2
0x10031e	0x100318B0x4858B0x47b8B0x467aB0x3ca2B0x3eeaB0x232fB0x15e2
0x10031e	0x100318B0x4858B0x47b8B0x467aB0x464aB0x40c3B0x232fB0x15e2
0x100a76	0x100a6fB0x1e6bB0x15c7
0x101131	0x101126B0x232fB0x137c
0x101131	0x101126B0x232fB0x15e2
0x10115c	0x101151B0x232fB0x137c
0x10115c	0x101151B0x232fB0x15e2
0x101187	0x10117cB0x232fB0x137c
0x101187	0x10117cB0x232fB0x15e2
0x1011b2	0x1011a7B0x232fB0x137c
0x1011b2	0x1011a7B0x232fB0x15e2
0x1011dd	0x1011d2B0x232fB0x137c
0x1011dd	0x1011d2B0x232fB0x15e2
0x10136d	0x101362B0x232fB0x137c
0x10136d	0x101362B0x232fB0x15e2
0x101398	0x10138dB0x232fB0x137c
0x101398	0x10138dB0x232fB0x15e2
0x1176	0x1136B0x11f9
0x2b77	0x2b74B0x232fB0x137c
0x2b77	0x2b74B0x232fB0x15e2
0x2b8b	0x2b83B0x232fB0x137c
0x2b8b	0x2b83B0x232fB0x15e2
0x2d3a	0x2d32B0x232fB0x137c
0x2d3a	0x2d32B0x232fB0x15e2
0x2da9	0x2da1B0x232fB0x137c
0x2da9	0x2da1B0x232fB0x15e2
0x2e8e	0x2e8bB0x232fB0x137c
0x2e8e	0x2e8bB0x232fB0x15e2
0x2ea2	0x2e9aB0x232fB0x137c
0x2ea2	0x2e9aB0x232fB0x15e2
0x2f26	0x2f1eB0x232fB0x137c
0x2f26	0x2f1eB0x232fB0x15e2
0x2f96	0x2f8eB0x232fB0x137c
0x2f96	0x2f8eB0x232fB0x15e2
0x3f50	0x3f4dB0x232fB0x137c
0x3f50	0x3f4dB0x232fB0x15e2
0x3f64	0x3f5cB0x232fB0x137c
0x3f64	0x3f5cB0x232fB0x15e2
0x40ae	0x40abB0x232fB0x137c
0x40ae	0x40abB0x232fB0x15e2
0x40c2	0x40baB0x232fB0x137c
0x40c2	0x40baB0x232fB0x15e2
0x44ef	0x44e7B0x36ee
0x4b68	0x4b65B0x4f06
0x4b68	0x4b65B0x4c67B0x47c
0x4b9c	0x4b99B0x4f06
0x4b9c	0x4b99B0x4c67B0x47c
0x4bbf	0x4bbbB0x4f06
0x4bbf	0x4bbbB0x4c67B0x47c
0x4bd1	0x4bcdB0x4f06
0x4bd1	0x4bcdB0x4c67B0x47c
0x4d59	0x4d56B0x641
0x4d70	0x4d6dB0x641
0x4d84	0x4d81B0x641
0x4db1	0x4daeB0x641
0x4dcd	0x4dc9B0x641
0x4de5	0x4de1B0x641
0x4dff	0x4dfbB0x641
0x4e11	0x4e0dB0x641
0x57df	0x57dcB0x232fB0x137c
0x57df	0x57dcB0x232fB0x15e2
0x594e	0x594bB0x232fB0x137c
0x594e	0x594bB0x232fB0x15e2
0x59c9	0x59c6B0x232fB0x137c
0x59c9	0x59c6B0x232fB0x15e2
0xbd3c	0xbd27B0x232fB0x137c
0xbd3c	0xbd27B0x232fB0x15e2
0xbd64	0xbd5cB0x232fB0x137c
0xbd64	0xbd5cB0x232fB0x15e2
0xbd99	0xbd84B0x232fB0x137c
0xbd99	0xbd84B0x232fB0x15e2
0xbdc1	0xbdb9B0x232fB0x137c
0xbdc1	0xbdb9B0x232fB0x15e2
0xbde9	0xbde1B0x232fB0x137c
0xbde9	0xbde1B0x232fB0x15e2
0xbfd5	0xbfcdB0x232fB0x137c
0xbfd5	0xbfcdB0x232fB0x15e2
0xbffd	0xbff5B0x232fB0x137c
0xbffd	0xbff5B0x232fB0x15e2
0xc075	0xc06dB0x36ee
0xc09d	0xc095B0x36ee
0xc122	0xc10dB0x641
0xc3d3	0xc3beB0x232fB0x137c
0xc3d3	0xc3beB0x232fB0x15e2
0xc408	0xc3f3B0x232fB0x137c
0xc408	0xc3f3B0x232fB0x15e2
0x10095f	0x100957B0x3b0
0x882	0x877B0x3b0
0x889	0x877B0x3b0
0x890	0x877B0x3b0
0x8b6	0x877B0x3b0
0x8ce	0x877B0x3b0
0x1107	0x1103B0x11f9
0x110e	0x1103B0x11f9
0x111f	0x1103B0x11f9
0x1122	0x1103B0x11f9
0x2a8f	0x2a84B0x232fB0x137c
0x2a8f	0x2a84B0x232fB0x15e2
0x2a94	0x2a84B0x232fB0x137c
0x2a94	0x2a84B0x232fB0x15e2
0x2a9b	0x2a84B0x232fB0x137c
0x2a9b	0x2a84B0x232fB0x15e2
0x2aa1	0x2a84B0x232fB0x137c
0x2aa1	0x2a84B0x232fB0x15e2
0x2aaf	0x2a84B0x232fB0x137c
0x2aaf	0x2a84B0x232fB0x15e2
0x2ac2	0x2a84B0x232fB0x137c
0x2ac2	0x2a84B0x232fB0x15e2
0x2ac6	0x2a84B0x232fB0x137c
0x2ac6	0x2a84B0x232fB0x15e2
0x2b15	0x2ae8B0x232fB0x137c
0x2b15	0x2ae8B0x232fB0x15e2
0x2b25	0x2ae8B0x232fB0x137c
0x2b25	0x2ae8B0x232fB0x15e2
0x2b2b	0x2ae8B0x232fB0x137c
0x2b2b	0x2ae8B0x232fB0x15e2
0x2b33	0x2ae8B0x232fB0x137c
0x2b33	0x2ae8B0x232fB0x15e2
0x2b3b	0x2ae8B0x232fB0x137c
0x2b3b	0x2ae8B0x232fB0x15e2
0x2b43	0x2ae8B0x232fB0x137c
0x2b43	0x2ae8B0x232fB0x15e2
0x2b48	0x2ae8B0x232fB0x137c
0x2b48	0x2ae8B0x232fB0x15e2
0x2b50	0x2ae8B0x232fB0x137c
0x2b50	0x2ae8B0x232fB0x15e2
0x2ba4	0x2b96B0x232fB0x137c
0x2ba4	0x2b96B0x232fB0x15e2
0x2bb4	0x2b96B0x232fB0x137c
0x2bb4	0x2b96B0x232fB0x15e2
0x2bb8	0x2b96B0x232fB0x137c
0x2bb8	0x2b96B0x232fB0x15e2
0x2bd4	0x2bc6B0x232fB0x137c
0x2bd4	0x2bc6B0x232fB0x15e2
0x2be4	0x2bc6B0x232fB0x137c
0x2be4	0x2bc6B0x232fB0x15e2
0x2be8	0x2bc6B0x232fB0x137c
0x2be8	0x2bc6B0x232fB0x15e2
0x2c05	0x2bf7B0x232fB0x137c
0x2c05	0x2bf7B0x232fB0x15e2
0x2c15	0x2bf7B0x232fB0x137c
0x2c15	0x2bf7B0x232fB0x15e2
0x2c19	0x2bf7B0x232fB0x137c
0x2c19	0x2bf7B0x232fB0x15e2
0x2c73	0x2c61B0x232fB0x137c
0x2c73	0x2c61B0x232fB0x15e2
0x2c7a	0x2c61B0x232fB0x137c
0x2c7a	0x2c61B0x232fB0x15e2
0x2c82	0x2c61B0x232fB0x137c
0x2c82	0x2c61B0x232fB0x15e2
0x2ca5	0x2c97B0x232fB0x137c
0x2ca5	0x2c97B0x232fB0x15e2
0x2cb3	0x2c97B0x232fB0x137c
0x2cb3	0x2c97B0x232fB0x15e2
0x2cc6	0x2c97B0x232fB0x137c
0x2cc6	0x2c97B0x232fB0x15e2
0x2cca	0x2c97B0x232fB0x137c
0x2cca	0x2c97B0x232fB0x15e2
0x2cf5	0x2ce4B0x232fB0x137c
0x2cf5	0x2ce4B0x232fB0x15e2
0x2d06	0x2ce4B0x232fB0x137c
0x2d06	0x2ce4B0x232fB0x15e2
0x2d51	0x2d3bB0x232fB0x137c
0x2d51	0x2d3bB0x232fB0x15e2
0x2d6e	0x2d5fB0x232fB0x137c
0x2d6e	0x2d5fB0x232fB0x15e2
0x2d7e	0x2d5fB0x232fB0x137c
0x2d7e	0x2d5fB0x232fB0x15e2
0x2dc0	0x2daaB0x232fB0x137c
0x2dc0	0x2daaB0x232fB0x15e2
0x2e23	0x2e14B0x232fB0x137c
0x2e23	0x2e14B0x232fB0x15e2
0x2e64	0x2e2dB0x232fB0x137c
0x2e64	0x2e2dB0x232fB0x15e2
0x2ec3	0x2ea9B0x232fB0x137c
0x2ec3	0x2ea9B0x232fB0x15e2
0x2ed4	0x2ec9B0x232fB0x137c
0x2ed4	0x2ec9B0x232fB0x15e2
0x2ed8	0x2ec9B0x232fB0x137c
0x2ed8	0x2ec9B0x232fB0x15e2
0x2f07	0x2ee5B0x232fB0x137c
0x2f07	0x2ee5B0x232fB0x15e2
0x2f3d	0x2f27B0x232fB0x137c
0x2f3d	0x2f27B0x232fB0x15e2
0x2f58	0x2f4bB0x232fB0x137c
0x2f58	0x2f4bB0x232fB0x15e2
0x2f66	0x2f4bB0x232fB0x137c
0x2f66	0x2f4bB0x232fB0x15e2
0x2fad	0x2f97B0x232fB0x137c
0x2fad	0x2f97B0x232fB0x15e2
0x2fc9	0x2fbbB0x232fB0x137c
0x2fc9	0x2fbbB0x232fB0x15e2
0x2fde	0x2fcfB0x232fB0x137c
0x2fde	0x2fcfB0x232fB0x15e2
0x2ffa	0x2fdfB0x232fB0x137c
0x2ffa	0x2fdfB0x232fB0x15e2
0x3004	0x2fdfB0x232fB0x137c
0x3004	0x2fdfB0x232fB0x15e2
0x3010	0x2fdfB0x232fB0x137c
0x3010	0x2fdfB0x232fB0x15e2
0x301c	0x2fdfB0x232fB0x137c
0x301c	0x2fdfB0x232fB0x15e2
0x3034	0x2fdfB0x232fB0x137c
0x3034	0x2fdfB0x232fB0x15e2
0x3041	0x2fdfB0x232fB0x137c
0x3041	0x2fdfB0x232fB0x15e2
0x304f	0x2fdfB0x232fB0x137c
0x304f	0x2fdfB0x232fB0x15e2
0x3060	0x3055B0x232fB0x137c
0x3060	0x3055B0x232fB0x15e2
0x3064	0x3055B0x232fB0x137c
0x3064	0x3055B0x232fB0x15e2
0x3074	0x306cB0x232fB0x137c
0x3074	0x306cB0x232fB0x15e2
0x3079	0x306cB0x232fB0x137c
0x3079	0x306cB0x232fB0x15e2
0x30a3	0x3098B0x232fB0x137c
0x30a3	0x3098B0x232fB0x15e2
0x30aa	0x3098B0x232fB0x137c
0x30aa	0x3098B0x232fB0x15e2
0x30b1	0x3098B0x232fB0x137c
0x30b1	0x3098B0x232fB0x15e2
0x30ce	0x3098B0x232fB0x137c
0x30ce	0x3098B0x232fB0x15e2
0x30de	0x30d6B0x232fB0x137c
0x30de	0x30d6B0x232fB0x15e2
0x30e3	0x30d6B0x232fB0x137c
0x30e3	0x30d6B0x232fB0x15e2
0x312a	0x311cB0x232fB0x137c
0x312a	0x311cB0x232fB0x15e2
0x3139	0x312bB0x232fB0x137c
0x3139	0x312bB0x232fB0x15e2
0x3149	0x312bB0x232fB0x137c
0x3149	0x312bB0x232fB0x15e2
0x314d	0x312bB0x232fB0x137c
0x314d	0x312bB0x232fB0x15e2
0x3172	0x3170B0x232fB0x137c
0x3172	0x3170B0x232fB0x15e2
0x3187	0x3170B0x232fB0x137c
0x3187	0x3170B0x232fB0x15e2
0x3192	0x3170B0x232fB0x137c
0x3192	0x3170B0x232fB0x15e2
0x31a6	0x3199B0x232fB0x137c
0x31a6	0x3199B0x232fB0x15e2
0x31b6	0x3199B0x232fB0x137c
0x31b6	0x3199B0x232fB0x15e2
0x31ba	0x3199B0x232fB0x137c
0x31ba	0x3199B0x232fB0x15e2
0x31d6	0x31c8B0x232fB0x137c
0x31d6	0x31c8B0x232fB0x15e2
0x31e6	0x31c8B0x232fB0x137c
0x31e6	0x31c8B0x232fB0x15e2
0x31ea	0x31c8B0x232fB0x137c
0x31ea	0x31c8B0x232fB0x15e2
0x3237	0x3227B0x232fB0x137c
0x3237	0x3227B0x232fB0x15e2
0x323f	0x3227B0x232fB0x137c
0x323f	0x3227B0x232fB0x15e2
0x3261	0x3253B0x232fB0x137c
0x3261	0x3253B0x232fB0x15e2
0x326e	0x3253B0x232fB0x137c
0x326e	0x3253B0x232fB0x15e2
0x327e	0x3253B0x232fB0x137c
0x327e	0x3253B0x232fB0x15e2
0x3282	0x3253B0x232fB0x137c
0x3282	0x3253B0x232fB0x15e2
0x32dc	0x32ceB0x232fB0x137c
0x32dc	0x32ceB0x232fB0x15e2
0x32ec	0x32ceB0x232fB0x137c
0x32ec	0x32ceB0x232fB0x15e2
0x32f0	0x32ceB0x232fB0x137c
0x32f0	0x32ceB0x232fB0x15e2
0x330c	0x32feB0x232fB0x137c
0x330c	0x32feB0x232fB0x15e2
0x331c	0x32feB0x232fB0x137c
0x331c	0x32feB0x232fB0x15e2
0x3320	0x32feB0x232fB0x137c
0x3320	0x32feB0x232fB0x15e2
0x3359	0x3351B0x232fB0x137c
0x3359	0x3351B0x232fB0x15e2
0x335e	0x3351B0x232fB0x137c
0x335e	0x3351B0x232fB0x15e2
0x3388	0x337dB0x232fB0x137c
0x3388	0x337dB0x232fB0x15e2
0x338f	0x337dB0x232fB0x137c
0x338f	0x337dB0x232fB0x15e2
0x3396	0x337dB0x232fB0x137c
0x3396	0x337dB0x232fB0x15e2
0x33b3	0x337dB0x232fB0x137c
0x33b3	0x337dB0x232fB0x15e2
0x33c2	0x33bbB0x232fB0x137c
0x33c2	0x33bbB0x232fB0x15e2
0x33c9	0x33bbB0x232fB0x137c
0x33c9	0x33bbB0x232fB0x15e2
0x33ea	0x33e3B0x232fB0x137c
0x33ea	0x33e3B0x232fB0x15e2
0x33ef	0x33e3B0x232fB0x137c
0x33ef	0x33e3B0x232fB0x15e2
0x3414	0x33feB0x232fB0x137c
0x3414	0x33feB0x232fB0x15e2
0x341b	0x33feB0x232fB0x137c
0x341b	0x33feB0x232fB0x15e2
0x3442	0x3439B0x232fB0x137c
0x3442	0x3439B0x232fB0x15e2
0x3453	0x344cB0x232fB0x137c
0x3453	0x344cB0x232fB0x15e2
0x345e	0x345aB0x232fB0x137c
0x345e	0x345aB0x232fB0x15e2
0x3493	0x3488B0x232fB0x137c
0x3493	0x3488B0x232fB0x15e2
0x349a	0x3488B0x232fB0x137c
0x349a	0x3488B0x232fB0x15e2
0x34a1	0x3488B0x232fB0x137c
0x34a1	0x3488B0x232fB0x15e2
0x34c0	0x3488B0x232fB0x137c
0x34c0	0x3488B0x232fB0x15e2
0x34e5	0x34deB0x232fB0x137c
0x34e5	0x34deB0x232fB0x15e2
0x34ea	0x34deB0x232fB0x137c
0x34ea	0x34deB0x232fB0x15e2
0x3509	0x34fbB0x232fB0x137c
0x3509	0x34fbB0x232fB0x15e2
0x3519	0x34fbB0x232fB0x137c
0x3519	0x34fbB0x232fB0x15e2
0x351d	0x34fbB0x232fB0x137c
0x351d	0x34fbB0x232fB0x15e2
0x3534	0x3532B0x232fB0x137c
0x3534	0x3532B0x232fB0x15e2
0x3544	0x3542B0x232fB0x137c
0x3544	0x3542B0x232fB0x15e2
0x3f15	0x3f01B0x232fB0x137c
0x3f15	0x3f01B0x232fB0x15e2
0x3f31	0x3f01B0x232fB0x137c
0x3f31	0x3f01B0x232fB0x15e2
0x3fae	0x3f9dB0x232fB0x137c
0x3fae	0x3f9dB0x232fB0x15e2
0x3fb1	0x3f9dB0x232fB0x137c
0x3fb1	0x3f9dB0x232fB0x15e2
0x3fd8	0x3fcdB0x232fB0x137c
0x3fd8	0x3fcdB0x232fB0x15e2
0x3fdf	0x3fcdB0x232fB0x137c
0x3fdf	0x3fcdB0x232fB0x15e2
0x3fe6	0x3fcdB0x232fB0x137c
0x3fe6	0x3fcdB0x232fB0x15e2
0x400c	0x3fcdB0x232fB0x137c
0x400c	0x3fcdB0x232fB0x15e2
0x4037	0x402cB0x232fB0x137c
0x4037	0x402cB0x232fB0x15e2
0x403e	0x402cB0x232fB0x137c
0x403e	0x402cB0x232fB0x15e2
0x4045	0x402cB0x232fB0x137c
0x4045	0x402cB0x232fB0x15e2
0x4064	0x402cB0x232fB0x137c
0x4064	0x402cB0x232fB0x15e2
0x4093	0x406cB0x232fB0x137c
0x4093	0x406cB0x232fB0x15e2
0x43da	0x43cfB0x36ee
0x43e1	0x43cfB0x36ee
0x43e8	0x43cfB0x36ee
0x4401	0x43cfB0x36ee
0x4436	0x442bB0x36ee
0x443d	0x442bB0x36ee
0x4444	0x442bB0x36ee
0x4463	0x442bB0x36ee
0x447e	0x4470B0x36ee
0x448c	0x4470B0x36ee
0x4490	0x4470B0x36ee
0x44ae	0x449eB0x36ee
0x44bf	0x449eB0x36ee
0x4506	0x44f0B0x36ee
0x4529	0x451bB0x36ee
0x4537	0x451bB0x36ee
0x453b	0x451bB0x36ee
0x4558	0x454aB0x36ee
0x4566	0x454aB0x36ee
0x456a	0x454aB0x36ee
0x458a	0x457aB0x36ee
0x459b	0x457aB0x36ee
0x45c0	0x45b3B0x36ee
0x45d0	0x45b3B0x36ee
0x45d4	0x45b3B0x36ee
0x45f0	0x45e2B0x36ee
0x4600	0x45e2B0x36ee
0x4604	0x45e2B0x36ee
0x4621	0x4611B0x36ee
0x4632	0x4611B0x36ee
0x49c2	0x49beB0x9d4d3
0x49c2	0x49beB0xe6928
0x49c2	0x49beB0x1716B0x11c4
0x49c2	0x49beB0x19c0B0x137c
0x49c2	0x49beB0x19c0B0x15e2
0x49c2	0x49beB0x4858B0x47b8B0x467aB0x464aB0x381f
0x49c2	0x49beB0x4858B0x47b8B0x467aB0x3ca2B0x3c13
0x49c2	0x49beB0x4858B0x47b8B0x467aB0x3ca2B0x382e
0x49c2	0x49beB0x4858B0x47b8B0x467aB0x3ca2B0x2dfdB0x232fB0x137c
0x49c2	0x49beB0x4858B0x47b8B0x467aB0x3ca2B0x3eeaB0x232fB0x137c
0x49c2	0x49beB0x4858B0x47b8B0x467aB0x464aB0x40c3B0x232fB0x137c
0x49c2	0x49beB0x4858B0x47b8B0x467aB0x3ca2B0x2dfdB0x232fB0x15e2
0x49c2	0x49beB0x4858B0x47b8B0x467aB0x3ca2B0x3eeaB0x232fB0x15e2
0x49c2	0x49beB0x4858B0x47b8B0x467aB0x464aB0x40c3B0x232fB0x15e2
0x4b81	0x4b7eB0x4f06
0x4b81	0x4b7eB0x4c67B0x47c
0x4be5	0x4be3B0x4f06
0x4be5	0x4be3B0x4c67B0x47c
0x4c8a	0x4c81B0x504
0x4c94	0x4c81B0x504
0x4ca9	0x4ca1B0x504
0x4cba	0x4cb3B0x504
0x4cc9	0x4cb3B0x504
0x4cd0	0x4cb3B0x504
0x4cd8	0x4cb3B0x504
0x4cdd	0x4cb3B0x504
0x4cf5	0x4cf2B0x504
0x4d96	0x4d93B0x641
0x4e24	0x4e22B0x641
0x4e3a	0x4e33B0x641
0x4e3d	0x4e33B0x641
0x537f	0x5378B0x546fB0x1ab5B0x137c
0x537f	0x5378B0x546fB0x1ab5B0x15e2
0x53a3	0x539fB0x546fB0x1ab5B0x137c
0x53a3	0x539fB0x546fB0x1ab5B0x15e2
0x57f5	0x57f3B0x232fB0x137c
0x57f5	0x57f3B0x232fB0x15e2
0x5809	0x5803B0x232fB0x137c
0x5809	0x5803B0x232fB0x15e2
0x5814	0x5803B0x232fB0x137c
0x5814	0x5803B0x232fB0x15e2
0x581e	0x5803B0x232fB0x137c
0x581e	0x5803B0x232fB0x15e2
0x5831	0x582cB0x232fB0x137c
0x5831	0x582cB0x232fB0x15e2
0x583b	0x582cB0x232fB0x137c
0x583b	0x582cB0x232fB0x15e2
0x5848	0x582cB0x232fB0x137c
0x5848	0x582cB0x232fB0x15e2
0x5974	0x5971B0x232fB0x137c
0x5974	0x5971B0x232fB0x15e2
0x5981	0x597fB0x232fB0x137c
0x5981	0x597fB0x232fB0x15e2
0x598b	0x597fB0x232fB0x137c
0x598b	0x597fB0x232fB0x15e2
0x599e	0x5999B0x232fB0x137c
0x599e	0x5999B0x232fB0x15e2
0x59b1	0x59acB0x232fB0x137c
0x59b1	0x59acB0x232fB0x15e2
0x59ef	0x59ecB0x232fB0x137c
0x59ef	0x59ecB0x232fB0x15e2
0x59f3	0x59ecB0x232fB0x137c
0x59f3	0x59ecB0x232fB0x15e2
0x5a06	0x5a01B0x232fB0x137c
0x5a06	0x5a01B0x232fB0x15e2
0xbd32	0xbd27B0x232fB0x137c
0xbd32	0xbd27B0x232fB0x15e2
0xbd37	0xbd27B0x232fB0x137c
0xbd37	0xbd27B0x232fB0x15e2
0xbd8f	0xbd84B0x232fB0x137c
0xbd8f	0xbd84B0x232fB0x15e2
0xbd94	0xbd84B0x232fB0x137c
0xbd94	0xbd84B0x232fB0x15e2
0xc118	0xc10dB0x641
0xc11d	0xc10dB0x641
0xc3c9	0xc3beB0x232fB0x137c
0xc3c9	0xc3beB0x232fB0x15e2
0xc3ce	0xc3beB0x232fB0x137c
0xc3ce	0xc3beB0x232fB0x15e2
0xc3fe	0xc3f3B0x232fB0x137c
0xc3fe	0xc3f3B0x232fB0x15e2
0xc403	0xc3f3B0x232fB0x137c
0xc403	0xc3f3B0x232fB0x15e2
0xffd73	0xffd71B0x232fB0x137c
0xffd73	0xffd71B0x232fB0x15e2
0xffd88	0xffd71B0x232fB0x137c
0xffd88	0xffd71B0x232fB0x15e2
0xffd95	0xffd71B0x232fB0x137c
0xffd95	0xffd71B0x232fB0x15e2
0xffdbb	0xffdb9B0x232fB0x137c
0xffdbb	0xffdb9B0x232fB0x15e2
0xffdd0	0xffdb9B0x232fB0x137c
0xffdd0	0xffdb9B0x232fB0x15e2
0xffddd	0xffdb9B0x232fB0x137c
0xffddd	0xffdb9B0x232fB0x15e2
0x100389	0x100386B0x641
0x112f	0x1103B0x11f9
0x30f2	0x30d6B0x232fB0x137c
0x30f2	0x30d6B0x232fB0x15e2
0x33d9	0x33bbB0x232fB0x137c
0x33d9	0x33bbB0x232fB0x15e2
0x2b87	0x2b83B0x232fB0x137c
0x2b87	0x2b83B0x232fB0x15e2
0x2d36	0x2d32B0x232fB0x137c
0x2d36	0x2d32B0x232fB0x15e2
0x2da5	0x2da1B0x232fB0x137c
0x2da5	0x2da1B0x232fB0x15e2
0x2e9e	0x2e9aB0x232fB0x137c
0x2e9e	0x2e9aB0x232fB0x15e2
0x2f22	0x2f1eB0x232fB0x137c
0x2f22	0x2f1eB0x232fB0x15e2
0x2f92	0x2f8eB0x232fB0x137c
0x2f92	0x2f8eB0x232fB0x15e2
0x3f60	0x3f5cB0x232fB0x137c
0x3f60	0x3f5cB0x232fB0x15e2
0x3fb9	0x3f9dB0x232fB0x137c
0x3fb9	0x3f9dB0x232fB0x15e2
0x40be	0x40baB0x232fB0x137c
0x40be	0x40baB0x232fB0x15e2
0x44eb	0x44e7B0x36ee
0x7aa	0x7aaB0x271
0x2bc6	0x2bc6B0x232fB0x137c
0x2bc6	0x2bc6B0x232fB0x15e2
0x2bf7	0x2bf7B0x232fB0x137c
0x2bf7	0x2bf7B0x232fB0x15e2
0x2de0	0x2de0B0x232fB0x137c
0x2de0	0x2de0B0x232fB0x15e2
0x31c8	0x31c8B0x232fB0x137c
0x31c8	0x31c8B0x232fB0x15e2
0x32fe	0x32feB0x232fB0x137c
0x32fe	0x32feB0x232fB0x15e2
0x3431	0x3431B0x232fB0x137c
0x3431	0x3431B0x232fB0x15e2
0x346e	0x346eB0x232fB0x137c
0x346e	0x346eB0x232fB0x15e2
0x43c7	0x43c7B0x36ee
0x440f	0x440fB0x36ee
0x454a	0x454aB0x36ee
0x45e2	0x45e2B0x36ee
0x4baa	0x4baaB0x4f06
0x4baa	0x4baaB0x4c67B0x47c
0x4cf2	0x4cf2B0x504
0x4dbf	0x4dbfB0x641
0x539f	0x539fB0x546fB0x1ab5B0x137c
0x539f	0x539fB0x546fB0x1ab5B0x15e2
0xb93	0xb92B0x532
0xb98	0xb92B0x532
0xb9a	0xb92B0x532
0xb9d	0xb92B0x532
0xba0	0xb92B0x532
0xba1	0xb92B0x532
0xba6	0xb92B0x532
0x1088	0x1087B0x6d8
0x108d	0x1087B0x6d8
0x108f	0x1087B0x6d8
0x1092	0x1087B0x6d8
0x1095	0x1087B0x6d8
0x1096	0x1087B0x6d8
0x109a	0x1087B0x6d8
0x117b	0x117aB0x1203
0x117d	0x117aB0x1203
0x1181	0x117aB0x1203
0x1183	0x117aB0x1203
0x1185	0x117aB0x1203
0x1187	0x117aB0x1203
0x1188	0x117aB0x1203
0x118a	0x117aB0x1203
0x118b	0x117aB0x1203
0x17f3	0x17f2B0x1225
0x17f5	0x17f2B0x1225
0x17f9	0x17f2B0x1225
0x17fb	0x17f2B0x1225
0x17fd	0x17f2B0x1225
0x17ff	0x17f2B0x1225
0x1800	0x17f2B0x1225
0x1802	0x17f2B0x1225
0x1803	0x17f2B0x1225
0x3a2f	0x3a2eB0x2a6bB0x1e6bB0x15c7
0x3a32	0x3a2eB0x2a6bB0x1e6bB0x15c7
0x3a35	0x3a2eB0x2a6bB0x1e6bB0x15c7
0x3a36	0x3a2eB0x2a6bB0x1e6bB0x15c7
0x3a37	0x3a2eB0x2a6bB0x1e6bB0x15c7
0x3a3b	0x3a3bB0x2a6bB0x1e6bB0x15c7
0x3a3e	0x3a3bB0x2a6bB0x1e6bB0x15c7
0x3a43	0x3a42B0x2a6bB0x1e6bB0x15c7
0x3a44	0x3a42B0x2a6bB0x1e6bB0x15c7
0x3a4b	0x3a4aB0x2a6bB0x1e6bB0x15c7
0x3a4e	0x3a4aB0x2a6bB0x1e6bB0x15c7
0x3a51	0x3a4aB0x2a6bB0x1e6bB0x15c7
0x3a52	0x3a4aB0x2a6bB0x1e6bB0x15c7
0x3a53	0x3a4aB0x2a6bB0x1e6bB0x15c7
0x3a57	0x3a57B0x2a6bB0x1e6bB0x15c7
0x3a5a	0x3a57B0x2a6bB0x1e6bB0x15c7
0x3a5f	0x3a5eB0x2a6bB0x1e6bB0x15c7
0x3a60	0x3a5eB0x2a6bB0x1e6bB0x15c7
0x3a64	0x3a64B0x2a6bB0x1e6bB0x15c7
0x3a66	0x3a64B0x2a6bB0x1e6bB0x15c7
0x3a67	0x3a64B0x2a6bB0x1e6bB0x15c7
0x3a6b	0x3a64B0x2a6bB0x1e6bB0x15c7
0x3a6d	0x3a64B0x2a6bB0x1e6bB0x15c7
0x3a70	0x3a64B0x2a6bB0x1e6bB0x15c7
0x3a72	0x3a64B0x2a6bB0x1e6bB0x15c7
0x3a75	0x3a64B0x2a6bB0x1e6bB0x15c7
0x3a77	0x3a64B0x2a6bB0x1e6bB0x15c7
0x3a79	0x3a64B0x2a6bB0x1e6bB0x15c7
0x3a7c	0x3a64B0x2a6bB0x1e6bB0x15c7
0x3a7e	0x3a64B0x2a6bB0x1e6bB0x15c7
0x3a9f	0x3a64B0x2a6bB0x1e6bB0x15c7
0x3aa2	0x3a64B0x2a6bB0x1e6bB0x15c7
0x3aa4	0x3a64B0x2a6bB0x1e6bB0x15c7
0x3aa6	0x3a64B0x2a6bB0x1e6bB0x15c7
0x3aa7	0x3a64B0x2a6bB0x1e6bB0x15c7
0x3aac	0x3aabB0x2a6bB0x1e6bB0x15c7
0x3aaf	0x3aabB0x2a6bB0x1e6bB0x15c7
0x3ab2	0x3aabB0x2a6bB0x1e6bB0x15c7
0x3ab3	0x3aabB0x2a6bB0x1e6bB0x15c7
0x3ab4	0x3aabB0x2a6bB0x1e6bB0x15c7
0x3ab8	0x3ab8B0x2a6bB0x1e6bB0x15c7
0x3abb	0x3ab8B0x2a6bB0x1e6bB0x15c7
0x3ac0	0x3abfB0x2a6bB0x1e6bB0x15c7
0x3ac1	0x3abfB0x2a6bB0x1e6bB0x15c7
0x3ac5	0x3ac5B0x2a6bB0x1e6bB0x15c7
0x3ac7	0x3ac5B0x2a6bB0x1e6bB0x15c7
0x3ac8	0x3ac5B0x2a6bB0x1e6bB0x15c7
0x3acc	0x3ac5B0x2a6bB0x1e6bB0x15c7
0x3ace	0x3ac5B0x2a6bB0x1e6bB0x15c7
0x3ad1	0x3ac5B0x2a6bB0x1e6bB0x15c7
0x3ad3	0x3ac5B0x2a6bB0x1e6bB0x15c7
0x3ad6	0x3ac5B0x2a6bB0x1e6bB0x15c7
0x3ad8	0x3ac5B0x2a6bB0x1e6bB0x15c7
0x3ada	0x3ac5B0x2a6bB0x1e6bB0x15c7
0x3add	0x3ac5B0x2a6bB0x1e6bB0x15c7
0x3adf	0x3ac5B0x2a6bB0x1e6bB0x15c7
0x3b00	0x3ac5B0x2a6bB0x1e6bB0x15c7
0x3b03	0x3ac5B0x2a6bB0x1e6bB0x15c7
0x3b05	0x3ac5B0x2a6bB0x1e6bB0x15c7
0x3b07	0x3ac5B0x2a6bB0x1e6bB0x15c7
0x3b08	0x3ac5B0x2a6bB0x1e6bB0x15c7
0x3b0d	0x3b0cB0x2a6bB0x1e6bB0x15c7
0x3b10	0x3b0cB0x2a6bB0x1e6bB0x15c7
0x3b13	0x3b0cB0x2a6bB0x1e6bB0x15c7
0x3b14	0x3b0cB0x2a6bB0x1e6bB0x15c7
0x3b15	0x3b0cB0x2a6bB0x1e6bB0x15c7
0x3b19	0x3b19B0x2a6bB0x1e6bB0x15c7
0x3b1c	0x3b19B0x2a6bB0x1e6bB0x15c7
0x3b21	0x3b20B0x2a6bB0x1e6bB0x15c7
0x3b22	0x3b20B0x2a6bB0x1e6bB0x15c7
0x3b26	0x3b26B0x2a6bB0x1e6bB0x15c7
0x3b28	0x3b26B0x2a6bB0x1e6bB0x15c7
0x3b29	0x3b26B0x2a6bB0x1e6bB0x15c7
0x3b2d	0x3b26B0x2a6bB0x1e6bB0x15c7
0x3b2f	0x3b26B0x2a6bB0x1e6bB0x15c7
0x3b32	0x3b26B0x2a6bB0x1e6bB0x15c7
0x3b34	0x3b26B0x2a6bB0x1e6bB0x15c7
0x3b37	0x3b26B0x2a6bB0x1e6bB0x15c7
0x3b39	0x3b26B0x2a6bB0x1e6bB0x15c7
0x3b3b	0x3b26B0x2a6bB0x1e6bB0x15c7
0x3b3e	0x3b26B0x2a6bB0x1e6bB0x15c7
0x3b40	0x3b26B0x2a6bB0x1e6bB0x15c7
0x3b61	0x3b26B0x2a6bB0x1e6bB0x15c7
0x3b64	0x3b26B0x2a6bB0x1e6bB0x15c7
0x3b66	0x3b26B0x2a6bB0x1e6bB0x15c7
0x3b69	0x3b26B0x2a6bB0x1e6bB0x15c7
0x3b6b	0x3b26B0x2a6bB0x1e6bB0x15c7
0x3b6c	0x3b26B0x2a6bB0x1e6bB0x15c7
0x3b6f	0x3b26B0x2a6bB0x1e6bB0x15c7
0x3b71	0x3b26B0x2a6bB0x1e6bB0x15c7
0x3b73	0x3b26B0x2a6bB0x1e6bB0x15c7
0x3b74	0x3b26B0x2a6bB0x1e6bB0x15c7
0x4875	0x4872B0x34deB0x232fB0x137c
0x4875	0x4872B0x34deB0x232fB0x15e2
0x4876	0x4872B0x34deB0x232fB0x137c
0x4876	0x4872B0x34deB0x232fB0x15e2
0x487a	0x4872B0x34deB0x232fB0x137c
0x487a	0x4872B0x34deB0x232fB0x15e2
0x487f	0x487eB0x34deB0x232fB0x137c
0x487f	0x487eB0x34deB0x232fB0x15e2
0x4884	0x487eB0x34deB0x232fB0x137c
0x4884	0x487eB0x34deB0x232fB0x15e2
0x4886	0x487eB0x34deB0x232fB0x137c
0x4886	0x487eB0x34deB0x232fB0x15e2
0x4887	0x487eB0x34deB0x232fB0x137c
0x4887	0x487eB0x34deB0x232fB0x15e2
0x488f	0x488eB0x34deB0x232fB0x137c
0x488f	0x488eB0x34deB0x232fB0x15e2
0x4891	0x488eB0x34deB0x232fB0x137c
0x4891	0x488eB0x34deB0x232fB0x15e2
0x4892	0x488eB0x34deB0x232fB0x137c
0x4892	0x488eB0x34deB0x232fB0x15e2
0x4895	0x488eB0x34deB0x232fB0x137c
0x4895	0x488eB0x34deB0x232fB0x15e2
0x4897	0x488eB0x34deB0x232fB0x137c
0x4897	0x488eB0x34deB0x232fB0x15e2
0x489a	0x488eB0x34deB0x232fB0x137c
0x489a	0x488eB0x34deB0x232fB0x15e2
0x489c	0x488eB0x34deB0x232fB0x137c
0x489c	0x488eB0x34deB0x232fB0x15e2
0x489e	0x488eB0x34deB0x232fB0x137c
0x489e	0x488eB0x34deB0x232fB0x15e2
0x48a1	0x488eB0x34deB0x232fB0x137c
0x48a1	0x488eB0x34deB0x232fB0x15e2
0x48a3	0x488eB0x34deB0x232fB0x137c
0x48a3	0x488eB0x34deB0x232fB0x15e2
0x48d9	0x48d8B0x262
0x48db	0x48d8B0x262
0x48df	0x48d8B0x262
0x48e0	0x48d8B0x262
0x48e1	0x48d8B0x262
0x48e2	0x48d8B0x262
0x48e6	0x48e6B0x262
0x48eb	0x48eaB0x262
0x48ef	0x48eaB0x262
0x4909	0x4908B0x297
0x4909	0x4908B0x3c1
0x4909	0x4908B0x4c6
0x4909	0x4908B0x563
0x490b	0x4908B0x297
0x490b	0x4908B0x3c1
0x490b	0x4908B0x4c6
0x490b	0x4908B0x563
0x490f	0x4908B0x297
0x490f	0x4908B0x3c1
0x490f	0x4908B0x4c6
0x490f	0x4908B0x563
0x4910	0x4908B0x297
0x4910	0x4908B0x3c1
0x4910	0x4908B0x4c6
0x4910	0x4908B0x563
0x4911	0x4908B0x297
0x4911	0x4908B0x3c1
0x4911	0x4908B0x4c6
0x4911	0x4908B0x563
0x4912	0x4908B0x297
0x4912	0x4908B0x3c1
0x4912	0x4908B0x4c6
0x4912	0x4908B0x563
0x4916	0x4916B0x297
0x4916	0x4916B0x3c1
0x4916	0x4916B0x4c6
0x4916	0x4916B0x563
0x491c	0x491aB0x297
0x491c	0x491aB0x3c1
0x491c	0x491aB0x4c6
0x491c	0x491aB0x563
0x491d	0x491aB0x297
0x491d	0x491aB0x3c1
0x491d	0x491aB0x4c6
0x491d	0x491aB0x563
0x4921	0x491aB0x297
0x4921	0x491aB0x3c1
0x4921	0x491aB0x4c6
0x4921	0x491aB0x563
0x493f	0x493eB0x381
0x493f	0x493eB0x3a1
0x493f	0x493eB0x543
0x493f	0x493eB0x6e9
0x4942	0x493eB0x381
0x4942	0x493eB0x3a1
0x4942	0x493eB0x543
0x4942	0x493eB0x6e9
0x4946	0x493eB0x381
0x4946	0x493eB0x3a1
0x4946	0x493eB0x543
0x4946	0x493eB0x6e9
0x4947	0x493eB0x381
0x4947	0x493eB0x3a1
0x4947	0x493eB0x543
0x4947	0x493eB0x6e9
0x4948	0x493eB0x381
0x4948	0x493eB0x3a1
0x4948	0x493eB0x543
0x4948	0x493eB0x6e9
0x4949	0x493eB0x381
0x4949	0x493eB0x3a1
0x4949	0x493eB0x543
0x4949	0x493eB0x6e9
0x494d	0x494dB0x381
0x494d	0x494dB0x3a1
0x494d	0x494dB0x543
0x494d	0x494dB0x6e9
0x4953	0x4951B0x381
0x4953	0x4951B0x3a1
0x4953	0x4951B0x543
0x4953	0x4951B0x6e9
0x4956	0x4951B0x381
0x4956	0x4951B0x3a1
0x4956	0x4951B0x543
0x4956	0x4951B0x6e9
0x4959	0x4951B0x381
0x4959	0x4951B0x3a1
0x4959	0x4951B0x543
0x4959	0x4951B0x6e9
0x495a	0x4951B0x381
0x495a	0x4951B0x3a1
0x495a	0x4951B0x543
0x495a	0x4951B0x6e9
0x495b	0x4951B0x381
0x495b	0x4951B0x3a1
0x495b	0x4951B0x543
0x495b	0x4951B0x6e9
0x495f	0x4951B0x381
0x495f	0x4951B0x3a1
0x495f	0x4951B0x543
0x495f	0x4951B0x6e9
0x4993	0x4992B0x49beB0x9d4d3
0x4993	0x4992B0x4c81B0x504
0x4993	0x4992B0x4ca1B0x504
0x4993	0x4992B0x49beB0xe6928
0x4993	0x4992B0x49beB0x1716B0x11c4
0x4993	0x4992B0x501dB0x650
0x4993	0x4992B0x5491B0x137c
0x4993	0x4992B0x49beB0x19c0B0x137c
0x4993	0x4992B0x539fB0x546fB0x1ab5B0x137c
0x4993	0x4992B0x5491B0x15e2
0x4993	0x4992B0x49beB0x19c0B0x15e2
0x4993	0x4992B0x539fB0x546fB0x1ab5B0x15e2
0x4993	0x4992B0x49beB0x4858B0x47b8B0x467aB0x464aB0x381f
0x4993	0x4992B0x49beB0x4858B0x47b8B0x467aB0x3ca2B0x3c13
0x4993	0x4992B0x49beB0x4858B0x47b8B0x467aB0x3ca2B0x382e
0x4993	0x4992B0x49beB0x4858B0x47b8B0x467aB0x3ca2B0x2dfdB0x232fB0x137c
0x4993	0x4992B0x49beB0x4858B0x47b8B0x467aB0x3ca2B0x3eeaB0x232fB0x137c
0x4993	0x4992B0x49beB0x4858B0x47b8B0x467aB0x464aB0x40c3B0x232fB0x137c
0x4993	0x4992B0x49beB0x4858B0x47b8B0x467aB0x3ca2B0x2dfdB0x232fB0x15e2
0x4993	0x4992B0x49beB0x4858B0x47b8B0x467aB0x3ca2B0x3eeaB0x232fB0x15e2
0x4993	0x4992B0x49beB0x4858B0x47b8B0x467aB0x464aB0x40c3B0x232fB0x15e2
0x4996	0x4992B0x49beB0x9d4d3
0x4996	0x4992B0x4c81B0x504
0x4996	0x4992B0x4ca1B0x504
0x4996	0x4992B0x49beB0xe6928
0x4996	0x4992B0x49beB0x1716B0x11c4
0x4996	0x4992B0x501dB0x650
0x4996	0x4992B0x5491B0x137c
0x4996	0x4992B0x49beB0x19c0B0x137c
0x4996	0x4992B0x539fB0x546fB0x1ab5B0x137c
0x4996	0x4992B0x5491B0x15e2
0x4996	0x4992B0x49beB0x19c0B0x15e2
0x4996	0x4992B0x539fB0x546fB0x1ab5B0x15e2
0x4996	0x4992B0x49beB0x4858B0x47b8B0x467aB0x464aB0x381f
0x4996	0x4992B0x49beB0x4858B0x47b8B0x467aB0x3ca2B0x3c13
0x4996	0x4992B0x49beB0x4858B0x47b8B0x467aB0x3ca2B0x382e
0x4996	0x4992B0x49beB0x4858B0x47b8B0x467aB0x3ca2B0x2dfdB0x232fB0x137c
0x4996	0x4992B0x49beB0x4858B0x47b8B0x467aB0x3ca2B0x3eeaB0x232fB0x137c
0x4996	0x4992B0x49beB0x4858B0x47b8B0x467aB0x464aB0x40c3B0x232fB0x137c
0x4996	0x4992B0x49beB0x4858B0x47b8B0x467aB0x3ca2B0x2dfdB0x232fB0x15e2
0x4996	0x4992B0x49beB0x4858B0x47b8B0x467aB0x3ca2B0x3eeaB0x232fB0x15e2
0x4996	0x4992B0x49beB0x4858B0x47b8B0x467aB0x464aB0x40c3B0x232fB0x15e2
0x499a	0x4992B0x49beB0x9d4d3
0x499a	0x4992B0x4c81B0x504
0x499a	0x4992B0x4ca1B0x504
0x499a	0x4992B0x49beB0xe6928
0x499a	0x4992B0x49beB0x1716B0x11c4
0x499a	0x4992B0x501dB0x650
0x499a	0x4992B0x5491B0x137c
0x499a	0x4992B0x49beB0x19c0B0x137c
0x499a	0x4992B0x539fB0x546fB0x1ab5B0x137c
0x499a	0x4992B0x5491B0x15e2
0x499a	0x4992B0x49beB0x19c0B0x15e2
0x499a	0x4992B0x539fB0x546fB0x1ab5B0x15e2
0x499a	0x4992B0x49beB0x4858B0x47b8B0x467aB0x464aB0x381f
0x499a	0x4992B0x49beB0x4858B0x47b8B0x467aB0x3ca2B0x3c13
0x499a	0x4992B0x49beB0x4858B0x47b8B0x467aB0x3ca2B0x382e
0x499a	0x4992B0x49beB0x4858B0x47b8B0x467aB0x3ca2B0x2dfdB0x232fB0x137c
0x499a	0x4992B0x49beB0x4858B0x47b8B0x467aB0x3ca2B0x3eeaB0x232fB0x137c
0x499a	0x4992B0x49beB0x4858B0x47b8B0x467aB0x464aB0x40c3B0x232fB0x137c
0x499a	0x4992B0x49beB0x4858B0x47b8B0x467aB0x3ca2B0x2dfdB0x232fB0x15e2
0x499a	0x4992B0x49beB0x4858B0x47b8B0x467aB0x3ca2B0x3eeaB0x232fB0x15e2
0x499a	0x4992B0x49beB0x4858B0x47b8B0x467aB0x464aB0x40c3B0x232fB0x15e2
0x499e	0x4992B0x49beB0x9d4d3
0x499e	0x4992B0x4c81B0x504
0x499e	0x4992B0x4ca1B0x504
0x499e	0x4992B0x49beB0xe6928
0x499e	0x4992B0x49beB0x1716B0x11c4
0x499e	0x4992B0x501dB0x650
0x499e	0x4992B0x5491B0x137c
0x499e	0x4992B0x49beB0x19c0B0x137c
0x499e	0x4992B0x539fB0x546fB0x1ab5B0x137c
0x499e	0x4992B0x5491B0x15e2
0x499e	0x4992B0x49beB0x19c0B0x15e2
0x499e	0x4992B0x539fB0x546fB0x1ab5B0x15e2
0x499e	0x4992B0x49beB0x4858B0x47b8B0x467aB0x464aB0x381f
0x499e	0x4992B0x49beB0x4858B0x47b8B0x467aB0x3ca2B0x3c13
0x499e	0x4992B0x49beB0x4858B0x47b8B0x467aB0x3ca2B0x382e
0x499e	0x4992B0x49beB0x4858B0x47b8B0x467aB0x3ca2B0x2dfdB0x232fB0x137c
0x499e	0x4992B0x49beB0x4858B0x47b8B0x467aB0x3ca2B0x3eeaB0x232fB0x137c
0x499e	0x4992B0x49beB0x4858B0x47b8B0x467aB0x464aB0x40c3B0x232fB0x137c
0x499e	0x4992B0x49beB0x4858B0x47b8B0x467aB0x3ca2B0x2dfdB0x232fB0x15e2
0x499e	0x4992B0x49beB0x4858B0x47b8B0x467aB0x3ca2B0x3eeaB0x232fB0x15e2
0x499e	0x4992B0x49beB0x4858B0x47b8B0x467aB0x464aB0x40c3B0x232fB0x15e2
0x49a1	0x4992B0x49beB0x9d4d3
0x49a1	0x4992B0x4c81B0x504
0x49a1	0x4992B0x4ca1B0x504
0x49a1	0x4992B0x49beB0xe6928
0x49a1	0x4992B0x49beB0x1716B0x11c4
0x49a1	0x4992B0x501dB0x650
0x49a1	0x4992B0x5491B0x137c
0x49a1	0x4992B0x49beB0x19c0B0x137c
0x49a1	0x4992B0x539fB0x546fB0x1ab5B0x137c
0x49a1	0x4992B0x5491B0x15e2
0x49a1	0x4992B0x49beB0x19c0B0x15e2
0x49a1	0x4992B0x539fB0x546fB0x1ab5B0x15e2
0x49a1	0x4992B0x49beB0x4858B0x47b8B0x467aB0x464aB0x381f
0x49a1	0x4992B0x49beB0x4858B0x47b8B0x467aB0x3ca2B0x3c13
0x49a1	0x4992B0x49beB0x4858B0x47b8B0x467aB0x3ca2B0x382e
0x49a1	0x4992B0x49beB0x4858B0x47b8B0x467aB0x3ca2B0x2dfdB0x232fB0x137c
0x49a1	0x4992B0x49beB0x4858B0x47b8B0x467aB0x3ca2B0x3eeaB0x232fB0x137c
0x49a1	0x4992B0x49beB0x4858B0x47b8B0x467aB0x464aB0x40c3B0x232fB0x137c
0x49a1	0x4992B0x49beB0x4858B0x47b8B0x467aB0x3ca2B0x2dfdB0x232fB0x15e2
0x49a1	0x4992B0x49beB0x4858B0x47b8B0x467aB0x3ca2B0x3eeaB0x232fB0x15e2
0x49a1	0x4992B0x49beB0x4858B0x47b8B0x467aB0x464aB0x40c3B0x232fB0x15e2
0x49a2	0x4992B0x49beB0x9d4d3
0x49a2	0x4992B0x4c81B0x504
0x49a2	0x4992B0x4ca1B0x504
0x49a2	0x4992B0x49beB0xe6928
0x49a2	0x4992B0x49beB0x1716B0x11c4
0x49a2	0x4992B0x501dB0x650
0x49a2	0x4992B0x5491B0x137c
0x49a2	0x4992B0x49beB0x19c0B0x137c
0x49a2	0x4992B0x539fB0x546fB0x1ab5B0x137c
0x49a2	0x4992B0x5491B0x15e2
0x49a2	0x4992B0x49beB0x19c0B0x15e2
0x49a2	0x4992B0x539fB0x546fB0x1ab5B0x15e2
0x49a2	0x4992B0x49beB0x4858B0x47b8B0x467aB0x464aB0x381f
0x49a2	0x4992B0x49beB0x4858B0x47b8B0x467aB0x3ca2B0x3c13
0x49a2	0x4992B0x49beB0x4858B0x47b8B0x467aB0x3ca2B0x382e
0x49a2	0x4992B0x49beB0x4858B0x47b8B0x467aB0x3ca2B0x2dfdB0x232fB0x137c
0x49a2	0x4992B0x49beB0x4858B0x47b8B0x467aB0x3ca2B0x3eeaB0x232fB0x137c
0x49a2	0x4992B0x49beB0x4858B0x47b8B0x467aB0x464aB0x40c3B0x232fB0x137c
0x49a2	0x4992B0x49beB0x4858B0x47b8B0x467aB0x3ca2B0x2dfdB0x232fB0x15e2
0x49a2	0x4992B0x49beB0x4858B0x47b8B0x467aB0x3ca2B0x3eeaB0x232fB0x15e2
0x49a2	0x4992B0x49beB0x4858B0x47b8B0x467aB0x464aB0x40c3B0x232fB0x15e2
0x49a5	0x4992B0x49beB0x9d4d3
0x49a5	0x4992B0x4c81B0x504
0x49a5	0x4992B0x4ca1B0x504
0x49a5	0x4992B0x49beB0xe6928
0x49a5	0x4992B0x49beB0x1716B0x11c4
0x49a5	0x4992B0x501dB0x650
0x49a5	0x4992B0x5491B0x137c
0x49a5	0x4992B0x49beB0x19c0B0x137c
0x49a5	0x4992B0x539fB0x546fB0x1ab5B0x137c
0x49a5	0x4992B0x5491B0x15e2
0x49a5	0x4992B0x49beB0x19c0B0x15e2
0x49a5	0x4992B0x539fB0x546fB0x1ab5B0x15e2
0x49a5	0x4992B0x49beB0x4858B0x47b8B0x467aB0x464aB0x381f
0x49a5	0x4992B0x49beB0x4858B0x47b8B0x467aB0x3ca2B0x3c13
0x49a5	0x4992B0x49beB0x4858B0x47b8B0x467aB0x3ca2B0x382e
0x49a5	0x4992B0x49beB0x4858B0x47b8B0x467aB0x3ca2B0x2dfdB0x232fB0x137c
0x49a5	0x4992B0x49beB0x4858B0x47b8B0x467aB0x3ca2B0x3eeaB0x232fB0x137c
0x49a5	0x4992B0x49beB0x4858B0x47b8B0x467aB0x464aB0x40c3B0x232fB0x137c
0x49a5	0x4992B0x49beB0x4858B0x47b8B0x467aB0x3ca2B0x2dfdB0x232fB0x15e2
0x49a5	0x4992B0x49beB0x4858B0x47b8B0x467aB0x3ca2B0x3eeaB0x232fB0x15e2
0x49a5	0x4992B0x49beB0x4858B0x47b8B0x467aB0x464aB0x40c3B0x232fB0x15e2
0x49a6	0x4992B0x49beB0x9d4d3
0x49a6	0x4992B0x4c81B0x504
0x49a6	0x4992B0x4ca1B0x504
0x49a6	0x4992B0x49beB0xe6928
0x49a6	0x4992B0x49beB0x1716B0x11c4
0x49a6	0x4992B0x501dB0x650
0x49a6	0x4992B0x5491B0x137c
0x49a6	0x4992B0x49beB0x19c0B0x137c
0x49a6	0x4992B0x539fB0x546fB0x1ab5B0x137c
0x49a6	0x4992B0x5491B0x15e2
0x49a6	0x4992B0x49beB0x19c0B0x15e2
0x49a6	0x4992B0x539fB0x546fB0x1ab5B0x15e2
0x49a6	0x4992B0x49beB0x4858B0x47b8B0x467aB0x464aB0x381f
0x49a6	0x4992B0x49beB0x4858B0x47b8B0x467aB0x3ca2B0x3c13
0x49a6	0x4992B0x49beB0x4858B0x47b8B0x467aB0x3ca2B0x382e
0x49a6	0x4992B0x49beB0x4858B0x47b8B0x467aB0x3ca2B0x2dfdB0x232fB0x137c
0x49a6	0x4992B0x49beB0x4858B0x47b8B0x467aB0x3ca2B0x3eeaB0x232fB0x137c
0x49a6	0x4992B0x49beB0x4858B0x47b8B0x467aB0x464aB0x40c3B0x232fB0x137c
0x49a6	0x4992B0x49beB0x4858B0x47b8B0x467aB0x3ca2B0x2dfdB0x232fB0x15e2
0x49a6	0x4992B0x49beB0x4858B0x47b8B0x467aB0x3ca2B0x3eeaB0x232fB0x15e2
0x49a6	0x4992B0x49beB0x4858B0x47b8B0x467aB0x464aB0x40c3B0x232fB0x15e2
0x49ab	0x49aaB0x49beB0x9d4d3
0x49ab	0x49aaB0x4c81B0x504
0x49ab	0x49aaB0x4ca1B0x504
0x49ab	0x49aaB0x49beB0xe6928
0x49ab	0x49aaB0x49beB0x1716B0x11c4
0x49ab	0x49aaB0x501dB0x650
0x49ab	0x49aaB0x5491B0x137c
0x49ab	0x49aaB0x49beB0x19c0B0x137c
0x49ab	0x49aaB0x539fB0x546fB0x1ab5B0x137c
0x49ab	0x49aaB0x5491B0x15e2
0x49ab	0x49aaB0x49beB0x19c0B0x15e2
0x49ab	0x49aaB0x539fB0x546fB0x1ab5B0x15e2
0x49ab	0x49aaB0x49beB0x4858B0x47b8B0x467aB0x464aB0x381f
0x49ab	0x49aaB0x49beB0x4858B0x47b8B0x467aB0x3ca2B0x3c13
0x49ab	0x49aaB0x49beB0x4858B0x47b8B0x467aB0x3ca2B0x382e
0x49ab	0x49aaB0x49beB0x4858B0x47b8B0x467aB0x3ca2B0x2dfdB0x232fB0x137c
0x49ab	0x49aaB0x49beB0x4858B0x47b8B0x467aB0x3ca2B0x3eeaB0x232fB0x137c
0x49ab	0x49aaB0x49beB0x4858B0x47b8B0x467aB0x464aB0x40c3B0x232fB0x137c
0x49ab	0x49aaB0x49beB0x4858B0x47b8B0x467aB0x3ca2B0x2dfdB0x232fB0x15e2
0x49ab	0x49aaB0x49beB0x4858B0x47b8B0x467aB0x3ca2B0x3eeaB0x232fB0x15e2
0x49ab	0x49aaB0x49beB0x4858B0x47b8B0x467aB0x464aB0x40c3B0x232fB0x15e2
0x49ad	0x49aaB0x49beB0x9d4d3
0x49ad	0x49aaB0x4c81B0x504
0x49ad	0x49aaB0x4ca1B0x504
0x49ad	0x49aaB0x49beB0xe6928
0x49ad	0x49aaB0x49beB0x1716B0x11c4
0x49ad	0x49aaB0x501dB0x650
0x49ad	0x49aaB0x5491B0x137c
0x49ad	0x49aaB0x49beB0x19c0B0x137c
0x49ad	0x49aaB0x539fB0x546fB0x1ab5B0x137c
0x49ad	0x49aaB0x5491B0x15e2
0x49ad	0x49aaB0x49beB0x19c0B0x15e2
0x49ad	0x49aaB0x539fB0x546fB0x1ab5B0x15e2
0x49ad	0x49aaB0x49beB0x4858B0x47b8B0x467aB0x464aB0x381f
0x49ad	0x49aaB0x49beB0x4858B0x47b8B0x467aB0x3ca2B0x3c13
0x49ad	0x49aaB0x49beB0x4858B0x47b8B0x467aB0x3ca2B0x382e
0x49ad	0x49aaB0x49beB0x4858B0x47b8B0x467aB0x3ca2B0x2dfdB0x232fB0x137c
0x49ad	0x49aaB0x49beB0x4858B0x47b8B0x467aB0x3ca2B0x3eeaB0x232fB0x137c
0x49ad	0x49aaB0x49beB0x4858B0x47b8B0x467aB0x464aB0x40c3B0x232fB0x137c
0x49ad	0x49aaB0x49beB0x4858B0x47b8B0x467aB0x3ca2B0x2dfdB0x232fB0x15e2
0x49ad	0x49aaB0x49beB0x4858B0x47b8B0x467aB0x3ca2B0x3eeaB0x232fB0x15e2
0x49ad	0x49aaB0x49beB0x4858B0x47b8B0x467aB0x464aB0x40c3B0x232fB0x15e2
0x49ae	0x49aaB0x49beB0x9d4d3
0x49ae	0x49aaB0x4c81B0x504
0x49ae	0x49aaB0x4ca1B0x504
0x49ae	0x49aaB0x49beB0xe6928
0x49ae	0x49aaB0x49beB0x1716B0x11c4
0x49ae	0x49aaB0x501dB0x650
0x49ae	0x49aaB0x5491B0x137c
0x49ae	0x49aaB0x49beB0x19c0B0x137c
0x49ae	0x49aaB0x539fB0x546fB0x1ab5B0x137c
0x49ae	0x49aaB0x5491B0x15e2
0x49ae	0x49aaB0x49beB0x19c0B0x15e2
0x49ae	0x49aaB0x539fB0x546fB0x1ab5B0x15e2
0x49ae	0x49aaB0x49beB0x4858B0x47b8B0x467aB0x464aB0x381f
0x49ae	0x49aaB0x49beB0x4858B0x47b8B0x467aB0x3ca2B0x3c13
0x49ae	0x49aaB0x49beB0x4858B0x47b8B0x467aB0x3ca2B0x382e
0x49ae	0x49aaB0x49beB0x4858B0x47b8B0x467aB0x3ca2B0x2dfdB0x232fB0x137c
0x49ae	0x49aaB0x49beB0x4858B0x47b8B0x467aB0x3ca2B0x3eeaB0x232fB0x137c
0x49ae	0x49aaB0x49beB0x4858B0x47b8B0x467aB0x464aB0x40c3B0x232fB0x137c
0x49ae	0x49aaB0x49beB0x4858B0x47b8B0x467aB0x3ca2B0x2dfdB0x232fB0x15e2
0x49ae	0x49aaB0x49beB0x4858B0x47b8B0x467aB0x3ca2B0x3eeaB0x232fB0x15e2
0x49ae	0x49aaB0x49beB0x4858B0x47b8B0x467aB0x464aB0x40c3B0x232fB0x15e2
0x49b0	0x49aaB0x49beB0x9d4d3
0x49b0	0x49aaB0x4c81B0x504
0x49b0	0x49aaB0x4ca1B0x504
0x49b0	0x49aaB0x49beB0xe6928
0x49b0	0x49aaB0x49beB0x1716B0x11c4
0x49b0	0x49aaB0x501dB0x650
0x49b0	0x49aaB0x5491B0x137c
0x49b0	0x49aaB0x49beB0x19c0B0x137c
0x49b0	0x49aaB0x539fB0x546fB0x1ab5B0x137c
0x49b0	0x49aaB0x5491B0x15e2
0x49b0	0x49aaB0x49beB0x19c0B0x15e2
0x49b0	0x49aaB0x539fB0x546fB0x1ab5B0x15e2
0x49b0	0x49aaB0x49beB0x4858B0x47b8B0x467aB0x464aB0x381f
0x49b0	0x49aaB0x49beB0x4858B0x47b8B0x467aB0x3ca2B0x3c13
0x49b0	0x49aaB0x49beB0x4858B0x47b8B0x467aB0x3ca2B0x382e
0x49b0	0x49aaB0x49beB0x4858B0x47b8B0x467aB0x3ca2B0x2dfdB0x232fB0x137c
0x49b0	0x49aaB0x49beB0x4858B0x47b8B0x467aB0x3ca2B0x3eeaB0x232fB0x137c
0x49b0	0x49aaB0x49beB0x4858B0x47b8B0x467aB0x464aB0x40c3B0x232fB0x137c
0x49b0	0x49aaB0x49beB0x4858B0x47b8B0x467aB0x3ca2B0x2dfdB0x232fB0x15e2
0x49b0	0x49aaB0x49beB0x4858B0x47b8B0x467aB0x3ca2B0x3eeaB0x232fB0x15e2
0x49b0	0x49aaB0x49beB0x4858B0x47b8B0x467aB0x464aB0x40c3B0x232fB0x15e2
0x49b1	0x49aaB0x49beB0x9d4d3
0x49b1	0x49aaB0x4c81B0x504
0x49b1	0x49aaB0x4ca1B0x504
0x49b1	0x49aaB0x49beB0xe6928
0x49b1	0x49aaB0x49beB0x1716B0x11c4
0x49b1	0x49aaB0x501dB0x650
0x49b1	0x49aaB0x5491B0x137c
0x49b1	0x49aaB0x49beB0x19c0B0x137c
0x49b1	0x49aaB0x539fB0x546fB0x1ab5B0x137c
0x49b1	0x49aaB0x5491B0x15e2
0x49b1	0x49aaB0x49beB0x19c0B0x15e2
0x49b1	0x49aaB0x539fB0x546fB0x1ab5B0x15e2
0x49b1	0x49aaB0x49beB0x4858B0x47b8B0x467aB0x464aB0x381f
0x49b1	0x49aaB0x49beB0x4858B0x47b8B0x467aB0x3ca2B0x3c13
0x49b1	0x49aaB0x49beB0x4858B0x47b8B0x467aB0x3ca2B0x382e
0x49b1	0x49aaB0x49beB0x4858B0x47b8B0x467aB0x3ca2B0x2dfdB0x232fB0x137c
0x49b1	0x49aaB0x49beB0x4858B0x47b8B0x467aB0x3ca2B0x3eeaB0x232fB0x137c
0x49b1	0x49aaB0x49beB0x4858B0x47b8B0x467aB0x464aB0x40c3B0x232fB0x137c
0x49b1	0x49aaB0x49beB0x4858B0x47b8B0x467aB0x3ca2B0x2dfdB0x232fB0x15e2
0x49b1	0x49aaB0x49beB0x4858B0x47b8B0x467aB0x3ca2B0x3eeaB0x232fB0x15e2
0x49b1	0x49aaB0x49beB0x4858B0x47b8B0x467aB0x464aB0x40c3B0x232fB0x15e2
0x49b5	0x49aaB0x49beB0x9d4d3
0x49b5	0x49aaB0x4c81B0x504
0x49b5	0x49aaB0x4ca1B0x504
0x49b5	0x49aaB0x49beB0xe6928
0x49b5	0x49aaB0x49beB0x1716B0x11c4
0x49b5	0x49aaB0x501dB0x650
0x49b5	0x49aaB0x5491B0x137c
0x49b5	0x49aaB0x49beB0x19c0B0x137c
0x49b5	0x49aaB0x539fB0x546fB0x1ab5B0x137c
0x49b5	0x49aaB0x5491B0x15e2
0x49b5	0x49aaB0x49beB0x19c0B0x15e2
0x49b5	0x49aaB0x539fB0x546fB0x1ab5B0x15e2
0x49b5	0x49aaB0x49beB0x4858B0x47b8B0x467aB0x464aB0x381f
0x49b5	0x49aaB0x49beB0x4858B0x47b8B0x467aB0x3ca2B0x3c13
0x49b5	0x49aaB0x49beB0x4858B0x47b8B0x467aB0x3ca2B0x382e
0x49b5	0x49aaB0x49beB0x4858B0x47b8B0x467aB0x3ca2B0x2dfdB0x232fB0x137c
0x49b5	0x49aaB0x49beB0x4858B0x47b8B0x467aB0x3ca2B0x3eeaB0x232fB0x137c
0x49b5	0x49aaB0x49beB0x4858B0x47b8B0x467aB0x464aB0x40c3B0x232fB0x137c
0x49b5	0x49aaB0x49beB0x4858B0x47b8B0x467aB0x3ca2B0x2dfdB0x232fB0x15e2
0x49b5	0x49aaB0x49beB0x4858B0x47b8B0x467aB0x3ca2B0x3eeaB0x232fB0x15e2
0x49b5	0x49aaB0x49beB0x4858B0x47b8B0x467aB0x464aB0x40c3B0x232fB0x15e2
0x49b6	0x49aaB0x49beB0x9d4d3
0x49b6	0x49aaB0x4c81B0x504
0x49b6	0x49aaB0x4ca1B0x504
0x49b6	0x49aaB0x49beB0xe6928
0x49b6	0x49aaB0x49beB0x1716B0x11c4
0x49b6	0x49aaB0x501dB0x650
0x49b6	0x49aaB0x5491B0x137c
0x49b6	0x49aaB0x49beB0x19c0B0x137c
0x49b6	0x49aaB0x539fB0x546fB0x1ab5B0x137c
0x49b6	0x49aaB0x5491B0x15e2
0x49b6	0x49aaB0x49beB0x19c0B0x15e2
0x49b6	0x49aaB0x539fB0x546fB0x1ab5B0x15e2
0x49b6	0x49aaB0x49beB0x4858B0x47b8B0x467aB0x464aB0x381f
0x49b6	0x49aaB0x49beB0x4858B0x47b8B0x467aB0x3ca2B0x3c13
0x49b6	0x49aaB0x49beB0x4858B0x47b8B0x467aB0x3ca2B0x382e
0x49b6	0x49aaB0x49beB0x4858B0x47b8B0x467aB0x3ca2B0x2dfdB0x232fB0x137c
0x49b6	0x49aaB0x49beB0x4858B0x47b8B0x467aB0x3ca2B0x3eeaB0x232fB0x137c
0x49b6	0x49aaB0x49beB0x4858B0x47b8B0x467aB0x464aB0x40c3B0x232fB0x137c
0x49b6	0x49aaB0x49beB0x4858B0x47b8B0x467aB0x3ca2B0x2dfdB0x232fB0x15e2
0x49b6	0x49aaB0x49beB0x4858B0x47b8B0x467aB0x3ca2B0x3eeaB0x232fB0x15e2
0x49b6	0x49aaB0x49beB0x4858B0x47b8B0x467aB0x464aB0x40c3B0x232fB0x15e2
0x49b8	0x49aaB0x49beB0x9d4d3
0x49b8	0x49aaB0x4c81B0x504
0x49b8	0x49aaB0x4ca1B0x504
0x49b8	0x49aaB0x49beB0xe6928
0x49b8	0x49aaB0x49beB0x1716B0x11c4
0x49b8	0x49aaB0x501dB0x650
0x49b8	0x49aaB0x5491B0x137c
0x49b8	0x49aaB0x49beB0x19c0B0x137c
0x49b8	0x49aaB0x539fB0x546fB0x1ab5B0x137c
0x49b8	0x49aaB0x5491B0x15e2
0x49b8	0x49aaB0x49beB0x19c0B0x15e2
0x49b8	0x49aaB0x539fB0x546fB0x1ab5B0x15e2
0x49b8	0x49aaB0x49beB0x4858B0x47b8B0x467aB0x464aB0x381f
0x49b8	0x49aaB0x49beB0x4858B0x47b8B0x467aB0x3ca2B0x3c13
0x49b8	0x49aaB0x49beB0x4858B0x47b8B0x467aB0x3ca2B0x382e
0x49b8	0x49aaB0x49beB0x4858B0x47b8B0x467aB0x3ca2B0x2dfdB0x232fB0x137c
0x49b8	0x49aaB0x49beB0x4858B0x47b8B0x467aB0x3ca2B0x3eeaB0x232fB0x137c
0x49b8	0x49aaB0x49beB0x4858B0x47b8B0x467aB0x464aB0x40c3B0x232fB0x137c
0x49b8	0x49aaB0x49beB0x4858B0x47b8B0x467aB0x3ca2B0x2dfdB0x232fB0x15e2
0x49b8	0x49aaB0x49beB0x4858B0x47b8B0x467aB0x3ca2B0x3eeaB0x232fB0x15e2
0x49b8	0x49aaB0x49beB0x4858B0x47b8B0x467aB0x464aB0x40c3B0x232fB0x15e2
0x4adf	0x4adeB0x4d85B0x641
0x4adf	0x4adeB0x4b69B0x4f06
0x4adf	0x4adeB0x4b69B0x4c67B0x47c
0x4ae1	0x4adeB0x4d85B0x641
0x4ae1	0x4adeB0x4b69B0x4f06
0x4ae1	0x4adeB0x4b69B0x4c67B0x47c
0x4ae3	0x4adeB0x4d85B0x641
0x4ae3	0x4adeB0x4b69B0x4f06
0x4ae3	0x4adeB0x4b69B0x4c67B0x47c
0x4ae5	0x4adeB0x4d85B0x641
0x4ae5	0x4adeB0x4b69B0x4f06
0x4ae5	0x4adeB0x4b69B0x4c67B0x47c
0x4ae7	0x4adeB0x4d85B0x641
0x4ae7	0x4adeB0x4b69B0x4f06
0x4ae7	0x4adeB0x4b69B0x4c67B0x47c
0x4ae8	0x4adeB0x4d85B0x641
0x4ae8	0x4adeB0x4b69B0x4f06
0x4ae8	0x4adeB0x4b69B0x4c67B0x47c
0x4aea	0x4adeB0x4d85B0x641
0x4aea	0x4adeB0x4b69B0x4f06
0x4aea	0x4adeB0x4b69B0x4c67B0x47c
0x4aeb	0x4adeB0x4d85B0x641
0x4aeb	0x4adeB0x4b69B0x4f06
0x4aeb	0x4adeB0x4b69B0x4c67B0x47c
0x4aec	0x4adeB0x4d85B0x641
0x4aec	0x4adeB0x4b69B0x4f06
0x4aec	0x4adeB0x4b69B0x4c67B0x47c
0x4af0	0x4af0B0x4d85B0x641
0x4af0	0x4af0B0x4b69B0x4f06
0x4af0	0x4af0B0x4b69B0x4c67B0x47c
0x4af3	0x4af0B0x4d85B0x641
0x4af3	0x4af0B0x4b69B0x4f06
0x4af3	0x4af0B0x4b69B0x4c67B0x47c
0x4af9	0x4af7B0x4d85B0x641
0x4af9	0x4af7B0x4b69B0x4f06
0x4af9	0x4af7B0x4b69B0x4c67B0x47c
0x4afb	0x4af7B0x4d85B0x641
0x4afb	0x4af7B0x4b69B0x4f06
0x4afb	0x4af7B0x4b69B0x4c67B0x47c
0x4afc	0x4af7B0x4d85B0x641
0x4afc	0x4af7B0x4b69B0x4f06
0x4afc	0x4af7B0x4b69B0x4c67B0x47c
0x4afe	0x4af7B0x4d85B0x641
0x4afe	0x4af7B0x4b69B0x4f06
0x4afe	0x4af7B0x4b69B0x4c67B0x47c
0x4b02	0x4b01B0x4e12B0x641
0x4b02	0x4b01B0x4bd2B0x4f06
0x4b02	0x4b01B0x4bd2B0x4c67B0x47c
0x4b04	0x4b01B0x4e12B0x641
0x4b04	0x4b01B0x4bd2B0x4f06
0x4b04	0x4b01B0x4bd2B0x4c67B0x47c
0x4b06	0x4b01B0x4e12B0x641
0x4b06	0x4b01B0x4bd2B0x4f06
0x4b06	0x4b01B0x4bd2B0x4c67B0x47c
0x4b08	0x4b01B0x4e12B0x641
0x4b08	0x4b01B0x4bd2B0x4f06
0x4b08	0x4b01B0x4bd2B0x4c67B0x47c
0x4b0a	0x4b01B0x4e12B0x641
0x4b0a	0x4b01B0x4bd2B0x4f06
0x4b0a	0x4b01B0x4bd2B0x4c67B0x47c
0x4b0b	0x4b01B0x4e12B0x641
0x4b0b	0x4b01B0x4bd2B0x4f06
0x4b0b	0x4b01B0x4bd2B0x4c67B0x47c
0x4b0d	0x4b01B0x4e12B0x641
0x4b0d	0x4b01B0x4bd2B0x4f06
0x4b0d	0x4b01B0x4bd2B0x4c67B0x47c
0x4b0e	0x4b01B0x4e12B0x641
0x4b0e	0x4b01B0x4bd2B0x4f06
0x4b0e	0x4b01B0x4bd2B0x4c67B0x47c
0x4b0f	0x4b01B0x4e12B0x641
0x4b0f	0x4b01B0x4bd2B0x4f06
0x4b0f	0x4b01B0x4bd2B0x4c67B0x47c
0x4b13	0x4b13B0x4e12B0x641
0x4b13	0x4b13B0x4bd2B0x4f06
0x4b13	0x4b13B0x4bd2B0x4c67B0x47c
0x4b16	0x4b13B0x4e12B0x641
0x4b16	0x4b13B0x4bd2B0x4f06
0x4b16	0x4b13B0x4bd2B0x4c67B0x47c
0x4b1b	0x4b1aB0x4e12B0x641
0x4b1b	0x4b1aB0x4bd2B0x4f06
0x4b1b	0x4b1aB0x4bd2B0x4c67B0x47c
0x4b1e	0x4b1aB0x4e12B0x641
0x4b1e	0x4b1aB0x4bd2B0x4f06
0x4b1e	0x4b1aB0x4bd2B0x4c67B0x47c
0x4b21	0x4b1aB0x4e12B0x641
0x4b21	0x4b1aB0x4bd2B0x4f06
0x4b21	0x4b1aB0x4bd2B0x4c67B0x47c
0x4b22	0x4b1aB0x4e12B0x641
0x4b22	0x4b1aB0x4bd2B0x4f06
0x4b22	0x4b1aB0x4bd2B0x4c67B0x47c
0x4b24	0x4b1aB0x4e12B0x641
0x4b24	0x4b1aB0x4bd2B0x4f06
0x4b24	0x4b1aB0x4bd2B0x4c67B0x47c
0x4b25	0x4b1aB0x4e12B0x641
0x4b25	0x4b1aB0x4bd2B0x4f06
0x4b25	0x4b1aB0x4bd2B0x4c67B0x47c
0x4b26	0x4b1aB0x4e12B0x641
0x4b26	0x4b1aB0x4bd2B0x4f06
0x4b26	0x4b1aB0x4bd2B0x4c67B0x47c
0x4b28	0x4b1aB0x4e12B0x641
0x4b28	0x4b1aB0x4bd2B0x4f06
0x4b28	0x4b1aB0x4bd2B0x4c67B0x47c
0x4b29	0x4b1aB0x4e12B0x641
0x4b29	0x4b1aB0x4bd2B0x4f06
0x4b29	0x4b1aB0x4bd2B0x4c67B0x47c
0x4b36	0x4b2dB0x4e12B0x641
0x4b36	0x4b2dB0x4bd2B0x4f06
0x4b36	0x4b2dB0x4bd2B0x4c67B0x47c
0x4b37	0x4b2dB0x4e12B0x641
0x4b37	0x4b2dB0x4bd2B0x4f06
0x4b37	0x4b2dB0x4bd2B0x4c67B0x47c
0x4b38	0x4b2dB0x4e12B0x641
0x4b38	0x4b2dB0x4bd2B0x4f06
0x4b38	0x4b2dB0x4bd2B0x4c67B0x47c
0x4b39	0x4b2dB0x4e12B0x641
0x4b39	0x4b2dB0x4bd2B0x4f06
0x4b39	0x4b2dB0x4bd2B0x4c67B0x47c
0x4b3d	0x4b3dB0x4e12B0x641
0x4b3d	0x4b3dB0x4bd2B0x4f06
0x4b3d	0x4b3dB0x4bd2B0x4c67B0x47c
0x4b44	0x4b41B0x4e12B0x641
0x4b44	0x4b41B0x4bd2B0x4f06
0x4b44	0x4b41B0x4bd2B0x4c67B0x47c
0x4b47	0x4b41B0x4e12B0x641
0x4b47	0x4b41B0x4bd2B0x4f06
0x4b47	0x4b41B0x4bd2B0x4c67B0x47c
0x4b49	0x4b41B0x4e12B0x641
0x4b49	0x4b41B0x4bd2B0x4f06
0x4b49	0x4b41B0x4bd2B0x4c67B0x47c
0x4b4b	0x4b41B0x4e12B0x641
0x4b4b	0x4b41B0x4bd2B0x4f06
0x4b4b	0x4b41B0x4bd2B0x4c67B0x47c
0x4b4f	0x4b41B0x4e12B0x641
0x4b4f	0x4b41B0x4bd2B0x4f06
0x4b4f	0x4b41B0x4bd2B0x4c67B0x47c
0x4b50	0x4b41B0x4e12B0x641
0x4b50	0x4b41B0x4bd2B0x4f06
0x4b50	0x4b41B0x4bd2B0x4c67B0x47c
0x4e6b	0x4e6aB0x661
0x4e6e	0x4e6aB0x661
0x4e70	0x4e6aB0x661
0x4e74	0x4e6aB0x661
0x4e75	0x4e6aB0x661
0x4e76	0x4e6aB0x661
0x4e77	0x4e6aB0x661
0x4e7b	0x4e7bB0x661
0x4e80	0x4e7fB0x661
0x4e84	0x4e7fB0x661
0x4e8b	0x4e88B0x661
0x4e8e	0x4e88B0x661
0x4e8f	0x4e88B0x661
0x4e90	0x4e88B0x661
0x4e94	0x4e88B0x661
0x4e9b	0x4e98B0x661
0x4e9e	0x4e98B0x661
0x4e9f	0x4e98B0x661
0x4ea0	0x4e98B0x661
0x4ea4	0x4e98B0x661
0x4f37	0x4f36B0x694
0x4f3a	0x4f36B0x694
0x4f3e	0x4f36B0x694
0x4f3f	0x4f36B0x694
0x4f40	0x4f36B0x694
0x4f41	0x4f36B0x694
0x4f45	0x4f45B0x694
0x4f4b	0x4f49B0x694
0x4f4c	0x4f49B0x694
0x4f50	0x4f49B0x694
0x4f57	0x4f54B0x694
0x4f5a	0x4f54B0x694
0x4f5b	0x4f54B0x694
0x4f5c	0x4f54B0x694
0x4f60	0x4f54B0x694
0x4fe1	0x4fdfB0x563c
0x4fe1	0x4fdfB0x5655
0x4fe1	0x4fdfB0x5666
0x4fe1	0x4fdfB0x5692
0x4fe1	0x4fdfB0x5741B0x137c
0x4fe1	0x4fdfB0x574aB0x137c
0x4fe1	0x4fdfB0x5762B0x137c
0x4fe1	0x4fdfB0x5773B0x137c
0x4fe1	0x4fdfB0x57b0B0x137c
0x4fe1	0x4fdfB0x5741B0x15e2
0x4fe1	0x4fdfB0x574aB0x15e2
0x4fe1	0x4fdfB0x5762B0x15e2
0x4fe1	0x4fdfB0x5773B0x15e2
0x4fe1	0x4fdfB0x57b0B0x15e2
0x4fe2	0x4fdfB0x563c
0x4fe2	0x4fdfB0x5655
0x4fe2	0x4fdfB0x5666
0x4fe2	0x4fdfB0x5692
0x4fe2	0x4fdfB0x5741B0x137c
0x4fe2	0x4fdfB0x574aB0x137c
0x4fe2	0x4fdfB0x5762B0x137c
0x4fe2	0x4fdfB0x5773B0x137c
0x4fe2	0x4fdfB0x57b0B0x137c
0x4fe2	0x4fdfB0x5741B0x15e2
0x4fe2	0x4fdfB0x574aB0x15e2
0x4fe2	0x4fdfB0x5762B0x15e2
0x4fe2	0x4fdfB0x5773B0x15e2
0x4fe2	0x4fdfB0x57b0B0x15e2
0x4fe6	0x4fdfB0x563c
0x4fe6	0x4fdfB0x5655
0x4fe6	0x4fdfB0x5666
0x4fe6	0x4fdfB0x5692
0x4fe6	0x4fdfB0x5741B0x137c
0x4fe6	0x4fdfB0x574aB0x137c
0x4fe6	0x4fdfB0x5762B0x137c
0x4fe6	0x4fdfB0x5773B0x137c
0x4fe6	0x4fdfB0x57b0B0x137c
0x4fe6	0x4fdfB0x5741B0x15e2
0x4fe6	0x4fdfB0x574aB0x15e2
0x4fe6	0x4fdfB0x5762B0x15e2
0x4fe6	0x4fdfB0x5773B0x15e2
0x4fe6	0x4fdfB0x57b0B0x15e2
0x4feb	0x4feaB0x9f4
0x4feb	0x4feaB0xdb2
0x4feb	0x4feaB0xe7d
0x4feb	0x4feaB0x28f3
0x4feb	0x4feaB0x3bcf
0x4feb	0x4feaB0x3d64
0x4feb	0x4feaB0x3e6b
0x4feb	0x4feaB0x41a3
0x4feb	0x4feaB0x42c6
0x4feb	0x4feaB0x434b
0x4feb	0x4feaB0x37ea0x36ee
0x4feb	0x4feaB0x44f0B0x36ee
0x4feb	0x4feaB0x37ea0x43b4B0x36ee
0x4feb	0x4feaB0x1a5bB0x137c
0x4feb	0x4feaB0x1b53B0x137c
0x4feb	0x4feaB0x2d3bB0x232fB0x137c
0x4feb	0x4feaB0x2daaB0x232fB0x137c
0x4feb	0x4feaB0x2f27B0x232fB0x137c
0x4feb	0x4feaB0x1a5bB0x15e2
0x4feb	0x4feaB0x1b53B0x15e2
0x4feb	0x4feaB0x2d3bB0x232fB0x15e2
0x4feb	0x4feaB0x2daaB0x232fB0x15e2
0x4feb	0x4feaB0x2f27B0x232fB0x15e2
0x4fed	0x4feaB0x9f4
0x4fed	0x4feaB0xdb2
0x4fed	0x4feaB0xe7d
0x4fed	0x4feaB0x28f3
0x4fed	0x4feaB0x3bcf
0x4fed	0x4feaB0x3d64
0x4fed	0x4feaB0x3e6b
0x4fed	0x4feaB0x41a3
0x4fed	0x4feaB0x42c6
0x4fed	0x4feaB0x434b
0x4fed	0x4feaB0x37ea0x36ee
0x4fed	0x4feaB0x44f0B0x36ee
0x4fed	0x4feaB0x37ea0x43b4B0x36ee
0x4fed	0x4feaB0x1a5bB0x137c
0x4fed	0x4feaB0x1b53B0x137c
0x4fed	0x4feaB0x2d3bB0x232fB0x137c
0x4fed	0x4feaB0x2daaB0x232fB0x137c
0x4fed	0x4feaB0x2f27B0x232fB0x137c
0x4fed	0x4feaB0x1a5bB0x15e2
0x4fed	0x4feaB0x1b53B0x15e2
0x4fed	0x4feaB0x2d3bB0x232fB0x15e2
0x4fed	0x4feaB0x2daaB0x232fB0x15e2
0x4fed	0x4feaB0x2f27B0x232fB0x15e2
0x4ff1	0x4feaB0x9f4
0x4ff1	0x4feaB0xdb2
0x4ff1	0x4feaB0xe7d
0x4ff1	0x4feaB0x28f3
0x4ff1	0x4feaB0x3bcf
0x4ff1	0x4feaB0x3d64
0x4ff1	0x4feaB0x3e6b
0x4ff1	0x4feaB0x41a3
0x4ff1	0x4feaB0x42c6
0x4ff1	0x4feaB0x434b
0x4ff1	0x4feaB0x37ea0x36ee
0x4ff1	0x4feaB0x44f0B0x36ee
0x4ff1	0x4feaB0x37ea0x43b4B0x36ee
0x4ff1	0x4feaB0x1a5bB0x137c
0x4ff1	0x4feaB0x1b53B0x137c
0x4ff1	0x4feaB0x2d3bB0x232fB0x137c
0x4ff1	0x4feaB0x2daaB0x232fB0x137c
0x4ff1	0x4feaB0x2f27B0x232fB0x137c
0x4ff1	0x4feaB0x1a5bB0x15e2
0x4ff1	0x4feaB0x1b53B0x15e2
0x4ff1	0x4feaB0x2d3bB0x232fB0x15e2
0x4ff1	0x4feaB0x2daaB0x232fB0x15e2
0x4ff1	0x4feaB0x2f27B0x232fB0x15e2
0x4ff2	0x4feaB0x9f4
0x4ff2	0x4feaB0xdb2
0x4ff2	0x4feaB0xe7d
0x4ff2	0x4feaB0x28f3
0x4ff2	0x4feaB0x3bcf
0x4ff2	0x4feaB0x3d64
0x4ff2	0x4feaB0x3e6b
0x4ff2	0x4feaB0x41a3
0x4ff2	0x4feaB0x42c6
0x4ff2	0x4feaB0x434b
0x4ff2	0x4feaB0x37ea0x36ee
0x4ff2	0x4feaB0x44f0B0x36ee
0x4ff2	0x4feaB0x37ea0x43b4B0x36ee
0x4ff2	0x4feaB0x1a5bB0x137c
0x4ff2	0x4feaB0x1b53B0x137c
0x4ff2	0x4feaB0x2d3bB0x232fB0x137c
0x4ff2	0x4feaB0x2daaB0x232fB0x137c
0x4ff2	0x4feaB0x2f27B0x232fB0x137c
0x4ff2	0x4feaB0x1a5bB0x15e2
0x4ff2	0x4feaB0x1b53B0x15e2
0x4ff2	0x4feaB0x2d3bB0x232fB0x15e2
0x4ff2	0x4feaB0x2daaB0x232fB0x15e2
0x4ff2	0x4feaB0x2f27B0x232fB0x15e2
0x4ff3	0x4feaB0x9f4
0x4ff3	0x4feaB0xdb2
0x4ff3	0x4feaB0xe7d
0x4ff3	0x4feaB0x28f3
0x4ff3	0x4feaB0x3bcf
0x4ff3	0x4feaB0x3d64
0x4ff3	0x4feaB0x3e6b
0x4ff3	0x4feaB0x41a3
0x4ff3	0x4feaB0x42c6
0x4ff3	0x4feaB0x434b
0x4ff3	0x4feaB0x37ea0x36ee
0x4ff3	0x4feaB0x44f0B0x36ee
0x4ff3	0x4feaB0x37ea0x43b4B0x36ee
0x4ff3	0x4feaB0x1a5bB0x137c
0x4ff3	0x4feaB0x1b53B0x137c
0x4ff3	0x4feaB0x2d3bB0x232fB0x137c
0x4ff3	0x4feaB0x2daaB0x232fB0x137c
0x4ff3	0x4feaB0x2f27B0x232fB0x137c
0x4ff3	0x4feaB0x1a5bB0x15e2
0x4ff3	0x4feaB0x1b53B0x15e2
0x4ff3	0x4feaB0x2d3bB0x232fB0x15e2
0x4ff3	0x4feaB0x2daaB0x232fB0x15e2
0x4ff3	0x4feaB0x2f27B0x232fB0x15e2
0x4ff4	0x4feaB0x9f4
0x4ff4	0x4feaB0xdb2
0x4ff4	0x4feaB0xe7d
0x4ff4	0x4feaB0x28f3
0x4ff4	0x4feaB0x3bcf
0x4ff4	0x4feaB0x3d64
0x4ff4	0x4feaB0x3e6b
0x4ff4	0x4feaB0x41a3
0x4ff4	0x4feaB0x42c6
0x4ff4	0x4feaB0x434b
0x4ff4	0x4feaB0x37ea0x36ee
0x4ff4	0x4feaB0x44f0B0x36ee
0x4ff4	0x4feaB0x37ea0x43b4B0x36ee
0x4ff4	0x4feaB0x1a5bB0x137c
0x4ff4	0x4feaB0x1b53B0x137c
0x4ff4	0x4feaB0x2d3bB0x232fB0x137c
0x4ff4	0x4feaB0x2daaB0x232fB0x137c
0x4ff4	0x4feaB0x2f27B0x232fB0x137c
0x4ff4	0x4feaB0x1a5bB0x15e2
0x4ff4	0x4feaB0x1b53B0x15e2
0x4ff4	0x4feaB0x2d3bB0x232fB0x15e2
0x4ff4	0x4feaB0x2daaB0x232fB0x15e2
0x4ff4	0x4feaB0x2f27B0x232fB0x15e2
0x4ff8	0x4ff8B0x9f4
0x4ff8	0x4ff8B0xdb2
0x4ff8	0x4ff8B0xe7d
0x4ff8	0x4ff8B0x28f3
0x4ff8	0x4ff8B0x3bcf
0x4ff8	0x4ff8B0x3d64
0x4ff8	0x4ff8B0x3e6b
0x4ff8	0x4ff8B0x41a3
0x4ff8	0x4ff8B0x42c6
0x4ff8	0x4ff8B0x434b
0x4ff8	0x4ff8B0x37ea0x36ee
0x4ff8	0x4ff8B0x44f0B0x36ee
0x4ff8	0x4ff8B0x37ea0x43b4B0x36ee
0x4ff8	0x4ff8B0x1a5bB0x137c
0x4ff8	0x4ff8B0x1b53B0x137c
0x4ff8	0x4ff8B0x2d3bB0x232fB0x137c
0x4ff8	0x4ff8B0x2daaB0x232fB0x137c
0x4ff8	0x4ff8B0x2f27B0x232fB0x137c
0x4ff8	0x4ff8B0x1a5bB0x15e2
0x4ff8	0x4ff8B0x1b53B0x15e2
0x4ff8	0x4ff8B0x2d3bB0x232fB0x15e2
0x4ff8	0x4ff8B0x2daaB0x232fB0x15e2
0x4ff8	0x4ff8B0x2f27B0x232fB0x15e2
0x4ffe	0x4ffcB0x9f4
0x4ffe	0x4ffcB0xdb2
0x4ffe	0x4ffcB0xe7d
0x4ffe	0x4ffcB0x28f3
0x4ffe	0x4ffcB0x3bcf
0x4ffe	0x4ffcB0x3d64
0x4ffe	0x4ffcB0x3e6b
0x4ffe	0x4ffcB0x41a3
0x4ffe	0x4ffcB0x42c6
0x4ffe	0x4ffcB0x434b
0x4ffe	0x4ffcB0x37ea0x36ee
0x4ffe	0x4ffcB0x44f0B0x36ee
0x4ffe	0x4ffcB0x37ea0x43b4B0x36ee
0x4ffe	0x4ffcB0x1a5bB0x137c
0x4ffe	0x4ffcB0x1b53B0x137c
0x4ffe	0x4ffcB0x2d3bB0x232fB0x137c
0x4ffe	0x4ffcB0x2daaB0x232fB0x137c
0x4ffe	0x4ffcB0x2f27B0x232fB0x137c
0x4ffe	0x4ffcB0x1a5bB0x15e2
0x4ffe	0x4ffcB0x1b53B0x15e2
0x4ffe	0x4ffcB0x2d3bB0x232fB0x15e2
0x4ffe	0x4ffcB0x2daaB0x232fB0x15e2
0x4ffe	0x4ffcB0x2f27B0x232fB0x15e2
0x4fff	0x4ffcB0x9f4
0x4fff	0x4ffcB0xdb2
0x4fff	0x4ffcB0xe7d
0x4fff	0x4ffcB0x28f3
0x4fff	0x4ffcB0x3bcf
0x4fff	0x4ffcB0x3d64
0x4fff	0x4ffcB0x3e6b
0x4fff	0x4ffcB0x41a3
0x4fff	0x4ffcB0x42c6
0x4fff	0x4ffcB0x434b
0x4fff	0x4ffcB0x37ea0x36ee
0x4fff	0x4ffcB0x44f0B0x36ee
0x4fff	0x4ffcB0x37ea0x43b4B0x36ee
0x4fff	0x4ffcB0x1a5bB0x137c
0x4fff	0x4ffcB0x1b53B0x137c
0x4fff	0x4ffcB0x2d3bB0x232fB0x137c
0x4fff	0x4ffcB0x2daaB0x232fB0x137c
0x4fff	0x4ffcB0x2f27B0x232fB0x137c
0x4fff	0x4ffcB0x1a5bB0x15e2
0x4fff	0x4ffcB0x1b53B0x15e2
0x4fff	0x4ffcB0x2d3bB0x232fB0x15e2
0x4fff	0x4ffcB0x2daaB0x232fB0x15e2
0x4fff	0x4ffcB0x2f27B0x232fB0x15e2
0x5003	0x4ffcB0x9f4
0x5003	0x4ffcB0xdb2
0x5003	0x4ffcB0xe7d
0x5003	0x4ffcB0x28f3
0x5003	0x4ffcB0x3bcf
0x5003	0x4ffcB0x3d64
0x5003	0x4ffcB0x3e6b
0x5003	0x4ffcB0x41a3
0x5003	0x4ffcB0x42c6
0x5003	0x4ffcB0x434b
0x5003	0x4ffcB0x37ea0x36ee
0x5003	0x4ffcB0x44f0B0x36ee
0x5003	0x4ffcB0x37ea0x43b4B0x36ee
0x5003	0x4ffcB0x1a5bB0x137c
0x5003	0x4ffcB0x1b53B0x137c
0x5003	0x4ffcB0x2d3bB0x232fB0x137c
0x5003	0x4ffcB0x2daaB0x232fB0x137c
0x5003	0x4ffcB0x2f27B0x232fB0x137c
0x5003	0x4ffcB0x1a5bB0x15e2
0x5003	0x4ffcB0x1b53B0x15e2
0x5003	0x4ffcB0x2d3bB0x232fB0x15e2
0x5003	0x4ffcB0x2daaB0x232fB0x15e2
0x5003	0x4ffcB0x2f27B0x232fB0x15e2
0x50be	0x50bcB0x1bf1B0x137c
0x50be	0x50bcB0x1bf1B0x15e2
0x50bf	0x50bcB0x1bf1B0x137c
0x50bf	0x50bcB0x1bf1B0x15e2
0x50c1	0x50bcB0x1bf1B0x137c
0x50c1	0x50bcB0x1bf1B0x15e2
0x50c3	0x50bcB0x1bf1B0x137c
0x50c3	0x50bcB0x1bf1B0x15e2
0x50c5	0x50bcB0x1bf1B0x137c
0x50c5	0x50bcB0x1bf1B0x15e2
0x50c6	0x50bcB0x1bf1B0x137c
0x50c6	0x50bcB0x1bf1B0x15e2
0x50c8	0x50bcB0x1bf1B0x137c
0x50c8	0x50bcB0x1bf1B0x15e2
0x50c9	0x50bcB0x1bf1B0x137c
0x50c9	0x50bcB0x1bf1B0x15e2
0x50ca	0x50bcB0x1bf1B0x137c
0x50ca	0x50bcB0x1bf1B0x15e2
0x50ce	0x50ceB0x1bf1B0x137c
0x50ce	0x50ceB0x1bf1B0x15e2
0x50d1	0x50ceB0x1bf1B0x137c
0x50d1	0x50ceB0x1bf1B0x15e2
0x50d6	0x50d5B0x1bf1B0x137c
0x50d6	0x50d5B0x1bf1B0x15e2
0x50da	0x50d5B0x1bf1B0x137c
0x50da	0x50d5B0x1bf1B0x15e2
0x50de	0x50d5B0x1bf1B0x137c
0x50de	0x50d5B0x1bf1B0x15e2
0x50df	0x50d5B0x1bf1B0x137c
0x50df	0x50d5B0x1bf1B0x15e2
0x50e5	0x50e3B0x1bf1B0x137c
0x50e5	0x50e3B0x1bf1B0x15e2
0x50ea	0x50e9B0x1bf1B0x137c
0x50ea	0x50e9B0x1bf1B0x15e2
0x50ed	0x50e9B0x1bf1B0x137c
0x50ed	0x50e9B0x1bf1B0x15e2
0x50f0	0x50e9B0x1bf1B0x137c
0x50f0	0x50e9B0x1bf1B0x15e2
0x50f1	0x50e9B0x1bf1B0x137c
0x50f1	0x50e9B0x1bf1B0x15e2
0x50f4	0x50e9B0x1bf1B0x137c
0x50f4	0x50e9B0x1bf1B0x15e2
0x50f5	0x50e9B0x1bf1B0x137c
0x50f5	0x50e9B0x1bf1B0x15e2
0x50f9	0x50f9B0x1bf1B0x137c
0x50f9	0x50f9B0x1bf1B0x15e2
0x50fc	0x50f9B0x1bf1B0x137c
0x50fc	0x50f9B0x1bf1B0x15e2
0x50fd	0x50f9B0x1bf1B0x137c
0x50fd	0x50f9B0x1bf1B0x15e2
0x5104	0x5101B0x1bf1B0x137c
0x5104	0x5101B0x1bf1B0x15e2
0x5105	0x5101B0x1bf1B0x137c
0x5105	0x5101B0x1bf1B0x15e2
0x511f	0x511eB0x1bf1B0x137c
0x511f	0x511eB0x1bf1B0x15e2
0x5124	0x511eB0x1bf1B0x137c
0x5124	0x511eB0x1bf1B0x15e2
0x5127	0x511eB0x1bf1B0x137c
0x5127	0x511eB0x1bf1B0x15e2
0x5128	0x511eB0x1bf1B0x137c
0x5128	0x511eB0x1bf1B0x15e2
0x512a	0x511eB0x1bf1B0x137c
0x512a	0x511eB0x1bf1B0x15e2
0x512c	0x511eB0x1bf1B0x137c
0x512c	0x511eB0x1bf1B0x15e2
0x5131	0x512eB0x1bf1B0x137c
0x5131	0x512eB0x1bf1B0x15e2
0x5132	0x512eB0x1bf1B0x137c
0x5132	0x512eB0x1bf1B0x15e2
0x5133	0x512eB0x1bf1B0x137c
0x5133	0x512eB0x1bf1B0x15e2
0x5139	0x5137B0x1bf1B0x137c
0x5139	0x5137B0x1bf1B0x15e2
0x513a	0x5137B0x1bf1B0x137c
0x513a	0x5137B0x1bf1B0x15e2
0x513f	0x5137B0x1bf1B0x137c
0x513f	0x5137B0x1bf1B0x15e2
0x5141	0x5137B0x1bf1B0x137c
0x5141	0x5137B0x1bf1B0x15e2
0x5145	0x5137B0x1bf1B0x137c
0x5145	0x5137B0x1bf1B0x15e2
0x5148	0x5137B0x1bf1B0x137c
0x5148	0x5137B0x1bf1B0x15e2
0x5149	0x5137B0x1bf1B0x137c
0x5149	0x5137B0x1bf1B0x15e2
0x5151	0x514dB0x1bf1B0x137c
0x5151	0x514dB0x1bf1B0x15e2
0x5152	0x514dB0x1bf1B0x137c
0x5152	0x514dB0x1bf1B0x15e2
0x5153	0x514dB0x1bf1B0x137c
0x5153	0x514dB0x1bf1B0x15e2
0x5159	0x5157B0x1bf1B0x137c
0x5159	0x5157B0x1bf1B0x15e2
0x515a	0x5157B0x1bf1B0x137c
0x515a	0x5157B0x1bf1B0x15e2
0x515b	0x5157B0x1bf1B0x137c
0x515b	0x5157B0x1bf1B0x15e2
0x515d	0x5157B0x1bf1B0x137c
0x515d	0x5157B0x1bf1B0x15e2
0x515e	0x5157B0x1bf1B0x137c
0x515e	0x5157B0x1bf1B0x15e2
0x5162	0x5157B0x1bf1B0x137c
0x5162	0x5157B0x1bf1B0x15e2
0x5163	0x5157B0x1bf1B0x137c
0x5163	0x5157B0x1bf1B0x15e2
0x5165	0x5157B0x1bf1B0x137c
0x5165	0x5157B0x1bf1B0x15e2
0x5166	0x5157B0x1bf1B0x137c
0x5166	0x5157B0x1bf1B0x15e2
0x5167	0x5157B0x1bf1B0x137c
0x5167	0x5157B0x1bf1B0x15e2
0x5168	0x5157B0x1bf1B0x137c
0x5168	0x5157B0x1bf1B0x15e2
0x5171	0x516bB0x1bf1B0x137c
0x5171	0x516bB0x1bf1B0x15e2
0x5175	0x516bB0x1bf1B0x137c
0x5175	0x516bB0x1bf1B0x15e2
0x5176	0x516bB0x1bf1B0x137c
0x5176	0x516bB0x1bf1B0x15e2
0x51b3	0x51b2B0x1391
0x51b3	0x51b2B0x15f8
0x51b5	0x51b2B0x1391
0x51b5	0x51b2B0x15f8
0x51b7	0x51b2B0x1391
0x51b7	0x51b2B0x15f8
0x51b9	0x51b2B0x1391
0x51b9	0x51b2B0x15f8
0x51ba	0x51b2B0x1391
0x51ba	0x51b2B0x15f8
0x51bd	0x51b2B0x1391
0x51bd	0x51b2B0x15f8
0x51c0	0x51b2B0x1391
0x51c0	0x51b2B0x15f8
0x51c3	0x51b2B0x1391
0x51c3	0x51b2B0x15f8
0x51c8	0x51b2B0x1391
0x51c8	0x51b2B0x15f8
0x51c9	0x51b2B0x1391
0x51c9	0x51b2B0x15f8
0x51cc	0x51b2B0x1391
0x51cc	0x51b2B0x15f8
0x51ce	0x51b2B0x1391
0x51ce	0x51b2B0x15f8
0x51d1	0x51b2B0x1391
0x51d1	0x51b2B0x15f8
0x51d5	0x51b2B0x1391
0x51d5	0x51b2B0x15f8
0x51d8	0x51b2B0x1391
0x51d8	0x51b2B0x15f8
0x51d9	0x51b2B0x1391
0x51d9	0x51b2B0x15f8
0x51dd	0x51b2B0x1391
0x51dd	0x51b2B0x15f8
0x51e3	0x51e1B0x1391
0x51e3	0x51e1B0x15f8
0x51e6	0x51e1B0x1391
0x51e6	0x51e1B0x15f8
0x51e8	0x51e1B0x1391
0x51e8	0x51e1B0x15f8
0x51eb	0x51e1B0x1391
0x51eb	0x51e1B0x15f8
0x51ec	0x51e1B0x1391
0x51ec	0x51e1B0x15f8
0x51ef	0x51e1B0x1391
0x51ef	0x51e1B0x15f8
0x5587	0x5586B0x1e55B0x15c7
0x5589	0x5586B0x1e55B0x15c7
0x558d	0x5586B0x1e55B0x15c7
0x558e	0x5586B0x1e55B0x15c7
0x558f	0x5586B0x1e55B0x15c7
0x5590	0x5586B0x1e55B0x15c7
0x5594	0x5594B0x1e55B0x15c7
0x559a	0x5598B0x1e55B0x15c7
0x559b	0x5598B0x1e55B0x15c7
0x559f	0x5598B0x1e55B0x15c7
0x55e9	0x55e7B0x5677
0x55e9	0x55e7B0x5784B0x137c
0x55e9	0x55e7B0x579fB0x137c
0x55e9	0x55e7B0x5784B0x15e2
0x55e9	0x55e7B0x579fB0x15e2
0x55ea	0x55e7B0x5677
0x55ea	0x55e7B0x5784B0x137c
0x55ea	0x55e7B0x579fB0x137c
0x55ea	0x55e7B0x5784B0x15e2
0x55ea	0x55e7B0x579fB0x15e2
0x55ee	0x55e7B0x5677
0x55ee	0x55e7B0x5784B0x137c
0x55ee	0x55e7B0x579fB0x137c
0x55ee	0x55e7B0x5784B0x15e2
0x55ee	0x55e7B0x579fB0x15e2
0x5921	0x5920B0x2f97B0x232fB0x137c
0x5921	0x5920B0x2f97B0x232fB0x15e2
0x5923	0x5920B0x2f97B0x232fB0x137c
0x5923	0x5920B0x2f97B0x232fB0x15e2
0x5927	0x5920B0x2f97B0x232fB0x137c
0x5927	0x5920B0x2f97B0x232fB0x15e2
0x5928	0x5920B0x2f97B0x232fB0x137c
0x5928	0x5920B0x2f97B0x232fB0x15e2
0x5929	0x5920B0x2f97B0x232fB0x137c
0x5929	0x5920B0x2f97B0x232fB0x15e2
0x592a	0x5920B0x2f97B0x232fB0x137c
0x592a	0x5920B0x2f97B0x232fB0x15e2
0x592e	0x592eB0x2f97B0x232fB0x137c
0x592e	0x592eB0x2f97B0x232fB0x15e2
0x5934	0x5932B0x2f97B0x232fB0x137c
0x5934	0x5932B0x2f97B0x232fB0x15e2
0x5935	0x5932B0x2f97B0x232fB0x137c
0x5935	0x5932B0x2f97B0x232fB0x15e2
0x5939	0x5932B0x2f97B0x232fB0x137c
0x5939	0x5932B0x2f97B0x232fB0x15e2
0x5a39	0x5a38B0x46dcB0x464aB0x381f
0x5a39	0x5a38B0x46dcB0x3ca2B0x3c13
0x5a39	0x5a38B0x46dcB0x3ca2B0x382e
0x5a39	0x5a38B0x46dcB0x3ca2B0x2dfdB0x232fB0x137c
0x5a39	0x5a38B0x46dcB0x3ca2B0x3eeaB0x232fB0x137c
0x5a39	0x5a38B0x46dcB0x464aB0x40c3B0x232fB0x137c
0x5a39	0x5a38B0x46dcB0x3ca2B0x2dfdB0x232fB0x15e2
0x5a39	0x5a38B0x46dcB0x3ca2B0x3eeaB0x232fB0x15e2
0x5a39	0x5a38B0x46dcB0x464aB0x40c3B0x232fB0x15e2
0x5a3b	0x5a38B0x46dcB0x464aB0x381f
0x5a3b	0x5a38B0x46dcB0x3ca2B0x3c13
0x5a3b	0x5a38B0x46dcB0x3ca2B0x382e
0x5a3b	0x5a38B0x46dcB0x3ca2B0x2dfdB0x232fB0x137c
0x5a3b	0x5a38B0x46dcB0x3ca2B0x3eeaB0x232fB0x137c
0x5a3b	0x5a38B0x46dcB0x464aB0x40c3B0x232fB0x137c
0x5a3b	0x5a38B0x46dcB0x3ca2B0x2dfdB0x232fB0x15e2
0x5a3b	0x5a38B0x46dcB0x3ca2B0x3eeaB0x232fB0x15e2
0x5a3b	0x5a38B0x46dcB0x464aB0x40c3B0x232fB0x15e2
0x5a3f	0x5a38B0x46dcB0x464aB0x381f
0x5a3f	0x5a38B0x46dcB0x3ca2B0x3c13
0x5a3f	0x5a38B0x46dcB0x3ca2B0x382e
0x5a3f	0x5a38B0x46dcB0x3ca2B0x2dfdB0x232fB0x137c
0x5a3f	0x5a38B0x46dcB0x3ca2B0x3eeaB0x232fB0x137c
0x5a3f	0x5a38B0x46dcB0x464aB0x40c3B0x232fB0x137c
0x5a3f	0x5a38B0x46dcB0x3ca2B0x2dfdB0x232fB0x15e2
0x5a3f	0x5a38B0x46dcB0x3ca2B0x3eeaB0x232fB0x15e2
0x5a3f	0x5a38B0x46dcB0x464aB0x40c3B0x232fB0x15e2
0x5a40	0x5a38B0x46dcB0x464aB0x381f
0x5a40	0x5a38B0x46dcB0x3ca2B0x3c13
0x5a40	0x5a38B0x46dcB0x3ca2B0x382e
0x5a40	0x5a38B0x46dcB0x3ca2B0x2dfdB0x232fB0x137c
0x5a40	0x5a38B0x46dcB0x3ca2B0x3eeaB0x232fB0x137c
0x5a40	0x5a38B0x46dcB0x464aB0x40c3B0x232fB0x137c
0x5a40	0x5a38B0x46dcB0x3ca2B0x2dfdB0x232fB0x15e2
0x5a40	0x5a38B0x46dcB0x3ca2B0x3eeaB0x232fB0x15e2
0x5a40	0x5a38B0x46dcB0x464aB0x40c3B0x232fB0x15e2
0x5a41	0x5a38B0x46dcB0x464aB0x381f
0x5a41	0x5a38B0x46dcB0x3ca2B0x3c13
0x5a41	0x5a38B0x46dcB0x3ca2B0x382e
0x5a41	0x5a38B0x46dcB0x3ca2B0x2dfdB0x232fB0x137c
0x5a41	0x5a38B0x46dcB0x3ca2B0x3eeaB0x232fB0x137c
0x5a41	0x5a38B0x46dcB0x464aB0x40c3B0x232fB0x137c
0x5a41	0x5a38B0x46dcB0x3ca2B0x2dfdB0x232fB0x15e2
0x5a41	0x5a38B0x46dcB0x3ca2B0x3eeaB0x232fB0x15e2
0x5a41	0x5a38B0x46dcB0x464aB0x40c3B0x232fB0x15e2
0x5a42	0x5a38B0x46dcB0x464aB0x381f
0x5a42	0x5a38B0x46dcB0x3ca2B0x3c13
0x5a42	0x5a38B0x46dcB0x3ca2B0x382e
0x5a42	0x5a38B0x46dcB0x3ca2B0x2dfdB0x232fB0x137c
0x5a42	0x5a38B0x46dcB0x3ca2B0x3eeaB0x232fB0x137c
0x5a42	0x5a38B0x46dcB0x464aB0x40c3B0x232fB0x137c
0x5a42	0x5a38B0x46dcB0x3ca2B0x2dfdB0x232fB0x15e2
0x5a42	0x5a38B0x46dcB0x3ca2B0x3eeaB0x232fB0x15e2
0x5a42	0x5a38B0x46dcB0x464aB0x40c3B0x232fB0x15e2
0x5a46	0x5a46B0x46dcB0x464aB0x381f
0x5a46	0x5a46B0x46dcB0x3ca2B0x3c13
0x5a46	0x5a46B0x46dcB0x3ca2B0x382e
0x5a46	0x5a46B0x46dcB0x3ca2B0x2dfdB0x232fB0x137c
0x5a46	0x5a46B0x46dcB0x3ca2B0x3eeaB0x232fB0x137c
0x5a46	0x5a46B0x46dcB0x464aB0x40c3B0x232fB0x137c
0x5a46	0x5a46B0x46dcB0x3ca2B0x2dfdB0x232fB0x15e2
0x5a46	0x5a46B0x46dcB0x3ca2B0x3eeaB0x232fB0x15e2
0x5a46	0x5a46B0x46dcB0x464aB0x40c3B0x232fB0x15e2
0x5a4c	0x5a4aB0x46dcB0x464aB0x381f
0x5a4c	0x5a4aB0x46dcB0x3ca2B0x3c13
0x5a4c	0x5a4aB0x46dcB0x3ca2B0x382e
0x5a4c	0x5a4aB0x46dcB0x3ca2B0x2dfdB0x232fB0x137c
0x5a4c	0x5a4aB0x46dcB0x3ca2B0x3eeaB0x232fB0x137c
0x5a4c	0x5a4aB0x46dcB0x464aB0x40c3B0x232fB0x137c
0x5a4c	0x5a4aB0x46dcB0x3ca2B0x2dfdB0x232fB0x15e2
0x5a4c	0x5a4aB0x46dcB0x3ca2B0x3eeaB0x232fB0x15e2
0x5a4c	0x5a4aB0x46dcB0x464aB0x40c3B0x232fB0x15e2
0x5a4d	0x5a4aB0x46dcB0x464aB0x381f
0x5a4d	0x5a4aB0x46dcB0x3ca2B0x3c13
0x5a4d	0x5a4aB0x46dcB0x3ca2B0x382e
0x5a4d	0x5a4aB0x46dcB0x3ca2B0x2dfdB0x232fB0x137c
0x5a4d	0x5a4aB0x46dcB0x3ca2B0x3eeaB0x232fB0x137c
0x5a4d	0x5a4aB0x46dcB0x464aB0x40c3B0x232fB0x137c
0x5a4d	0x5a4aB0x46dcB0x3ca2B0x2dfdB0x232fB0x15e2
0x5a4d	0x5a4aB0x46dcB0x3ca2B0x3eeaB0x232fB0x15e2
0x5a4d	0x5a4aB0x46dcB0x464aB0x40c3B0x232fB0x15e2
0x5a51	0x5a4aB0x46dcB0x464aB0x381f
0x5a51	0x5a4aB0x46dcB0x3ca2B0x3c13
0x5a51	0x5a4aB0x46dcB0x3ca2B0x382e
0x5a51	0x5a4aB0x46dcB0x3ca2B0x2dfdB0x232fB0x137c
0x5a51	0x5a4aB0x46dcB0x3ca2B0x3eeaB0x232fB0x137c
0x5a51	0x5a4aB0x46dcB0x464aB0x40c3B0x232fB0x137c
0x5a51	0x5a4aB0x46dcB0x3ca2B0x2dfdB0x232fB0x15e2
0x5a51	0x5a4aB0x46dcB0x3ca2B0x3eeaB0x232fB0x15e2
0x5a51	0x5a4aB0x46dcB0x464aB0x40c3B0x232fB0x15e2
0xbe82	0xbe81B0x2a6bB0x1e6bB0x15c7
0xbe87	0xbe81B0x2a6bB0x1e6bB0x15c7
0xbe89	0xbe81B0x2a6bB0x1e6bB0x15c7
0xbe8a	0xbe81B0x2a6bB0x1e6bB0x15c7
0xbe8d	0xbe81B0x2a6bB0x1e6bB0x15c7
0xbe8f	0xbe81B0x2a6bB0x1e6bB0x15c7
0xbe92	0xbe81B0x2a6bB0x1e6bB0x15c7
0xbe94	0xbe81B0x2a6bB0x1e6bB0x15c7
0xbeb7	0xbeb6B0x2a6bB0x1e6bB0x15c7
0xbebc	0xbeb6B0x2a6bB0x1e6bB0x15c7
0xbebe	0xbeb6B0x2a6bB0x1e6bB0x15c7
0xbebf	0xbeb6B0x2a6bB0x1e6bB0x15c7
0xbec2	0xbeb6B0x2a6bB0x1e6bB0x15c7
0xbec4	0xbeb6B0x2a6bB0x1e6bB0x15c7
0xbec7	0xbeb6B0x2a6bB0x1e6bB0x15c7
0xbec9	0xbeb6B0x2a6bB0x1e6bB0x15c7
0xbeec	0xbeebB0x2a6bB0x1e6bB0x15c7
0xbeee	0xbeebB0x2a6bB0x1e6bB0x15c7
0xbef1	0xbeebB0x2a6bB0x1e6bB0x15c7
0xbf14	0xbf13B0x2a6bB0x1e6bB0x15c7
0xbf19	0xbf13B0x2a6bB0x1e6bB0x15c7
0xbf1b	0xbf13B0x2a6bB0x1e6bB0x15c7
0xbf1c	0xbf13B0x2a6bB0x1e6bB0x15c7
0xbf1f	0xbf13B0x2a6bB0x1e6bB0x15c7
0xbf21	0xbf13B0x2a6bB0x1e6bB0x15c7
0xbf24	0xbf13B0x2a6bB0x1e6bB0x15c7
0xbf26	0xbf13B0x2a6bB0x1e6bB0x15c7
0xbf49	0xbf48B0x2a6bB0x1e6bB0x15c7
0xbf4b	0xbf48B0x2a6bB0x1e6bB0x15c7
0xbf4e	0xbf48B0x2a6bB0x1e6bB0x15c7
0xbf71	0xbf70B0x2a6bB0x1e6bB0x15c7
0xbf76	0xbf70B0x2a6bB0x1e6bB0x15c7
0xbf78	0xbf70B0x2a6bB0x1e6bB0x15c7
0xbf79	0xbf70B0x2a6bB0x1e6bB0x15c7
0xbf7c	0xbf70B0x2a6bB0x1e6bB0x15c7
0xbf7e	0xbf70B0x2a6bB0x1e6bB0x15c7
0xbf81	0xbf70B0x2a6bB0x1e6bB0x15c7
0xbf83	0xbf70B0x2a6bB0x1e6bB0x15c7
0xbfa6	0xbfa5B0x2a6bB0x1e6bB0x15c7
0xbfa8	0xbfa5B0x2a6bB0x1e6bB0x15c7
0xbfab	0xbfa5B0x2a6bB0x1e6bB0x15c7
0xc1e2	0xc1e1B0x4d85B0x641
0xc1e2	0xc1e1B0x4b69B0x4f06
0xc1e2	0xc1e1B0x4b69B0x4c67B0x47c
0xc1e7	0xc1e1B0x4d85B0x641
0xc1e7	0xc1e1B0x4b69B0x4f06
0xc1e7	0xc1e1B0x4b69B0x4c67B0x47c
0xc1e9	0xc1e1B0x4d85B0x641
0xc1e9	0xc1e1B0x4b69B0x4f06
0xc1e9	0xc1e1B0x4b69B0x4c67B0x47c
0xc1ea	0xc1e1B0x4d85B0x641
0xc1ea	0xc1e1B0x4b69B0x4f06
0xc1ea	0xc1e1B0x4b69B0x4c67B0x47c
0xc1ed	0xc1e1B0x4d85B0x641
0xc1ed	0xc1e1B0x4b69B0x4f06
0xc1ed	0xc1e1B0x4b69B0x4c67B0x47c
0xc1ef	0xc1e1B0x4d85B0x641
0xc1ef	0xc1e1B0x4b69B0x4f06
0xc1ef	0xc1e1B0x4b69B0x4c67B0x47c
0xc1f2	0xc1e1B0x4d85B0x641
0xc1f2	0xc1e1B0x4b69B0x4f06
0xc1f2	0xc1e1B0x4b69B0x4c67B0x47c
0xc1f4	0xc1e1B0x4d85B0x641
0xc1f4	0xc1e1B0x4b69B0x4f06
0xc1f4	0xc1e1B0x4b69B0x4c67B0x47c
0xc217	0xc216B0x4e12B0x641
0xc217	0xc216B0x4bd2B0x4f06
0xc217	0xc216B0x4bd2B0x4c67B0x47c
0xc21c	0xc216B0x4e12B0x641
0xc21c	0xc216B0x4bd2B0x4f06
0xc21c	0xc216B0x4bd2B0x4c67B0x47c
0xc21e	0xc216B0x4e12B0x641
0xc21e	0xc216B0x4bd2B0x4f06
0xc21e	0xc216B0x4bd2B0x4c67B0x47c
0xc21f	0xc216B0x4e12B0x641
0xc21f	0xc216B0x4bd2B0x4f06
0xc21f	0xc216B0x4bd2B0x4c67B0x47c
0xc222	0xc216B0x4e12B0x641
0xc222	0xc216B0x4bd2B0x4f06
0xc222	0xc216B0x4bd2B0x4c67B0x47c
0xc224	0xc216B0x4e12B0x641
0xc224	0xc216B0x4bd2B0x4f06
0xc224	0xc216B0x4bd2B0x4c67B0x47c
0xc227	0xc216B0x4e12B0x641
0xc227	0xc216B0x4bd2B0x4f06
0xc227	0xc216B0x4bd2B0x4c67B0x47c
0xc229	0xc216B0x4e12B0x641
0xc229	0xc216B0x4bd2B0x4f06
0xc229	0xc216B0x4bd2B0x4c67B0x47c
0xc281	0xc280B0x1bf1B0x137c
0xc281	0xc280B0x1bf1B0x15e2
0xc286	0xc280B0x1bf1B0x137c
0xc286	0xc280B0x1bf1B0x15e2
0xc288	0xc280B0x1bf1B0x137c
0xc288	0xc280B0x1bf1B0x15e2
0xc289	0xc280B0x1bf1B0x137c
0xc289	0xc280B0x1bf1B0x15e2
0xc28c	0xc280B0x1bf1B0x137c
0xc28c	0xc280B0x1bf1B0x15e2
0xc28e	0xc280B0x1bf1B0x137c
0xc28e	0xc280B0x1bf1B0x15e2
0xc291	0xc280B0x1bf1B0x137c
0xc291	0xc280B0x1bf1B0x15e2
0xc293	0xc280B0x1bf1B0x137c
0xc293	0xc280B0x1bf1B0x15e2
0x3ae30	0x488eB0x34deB0x232fB0x137c
0x3ae30	0x488eB0x34deB0x232fB0x15e2
0x3fe30	0x5101B0x1bf1B0x137c
0x3fe30	0x5101B0x1bf1B0x15e2
0x40830	0x511eB0x1bf1B0x137c
0x40830	0x511eB0x1bf1B0x15e2
0x41230	0x5157B0x1bf1B0x137c
0x41230	0x5157B0x1bf1B0x15e2
0x1005f7	0x1005f6B0x1bf1B0x137c
0x1005f7	0x1005f6B0x1bf1B0x15e2
0x1005f9	0x1005f6B0x1bf1B0x137c
0x1005f9	0x1005f6B0x1bf1B0x15e2
0x1005fa	0x1005f6B0x1bf1B0x137c
0x1005fa	0x1005f6B0x1bf1B0x15e2
0x1005fe	0x1005f6B0x1bf1B0x137c
0x1005fe	0x1005f6B0x1bf1B0x15e2
0x1005ff	0x1005f6B0x1bf1B0x137c
0x1005ff	0x1005f6B0x1bf1B0x15e2
0x100600	0x1005f6B0x1bf1B0x137c
0x100600	0x1005f6B0x1bf1B0x15e2
0x100601	0x1005f6B0x1bf1B0x137c
0x100601	0x1005f6B0x1bf1B0x15e2
0x100602	0x1005f6B0x1bf1B0x137c
0x100602	0x1005f6B0x1bf1B0x15e2
0x100606	0x1005f6B0x1bf1B0x137c
0x100606	0x1005f6B0x1bf1B0x15e2
0x100607	0x1005f6B0x1bf1B0x137c
0x100607	0x1005f6B0x1bf1B0x15e2
0x10060a	0x1005f6B0x1bf1B0x137c
0x10060a	0x1005f6B0x1bf1B0x15e2
0x100b34	0x100b33B0x1bf1B0x137c
0x100b34	0x100b33B0x1bf1B0x15e2
0x100b36	0x100b33B0x1bf1B0x137c
0x100b36	0x100b33B0x1bf1B0x15e2
0x100b37	0x100b33B0x1bf1B0x137c
0x100b37	0x100b33B0x1bf1B0x15e2
0x100b3b	0x100b33B0x1bf1B0x137c
0x100b3b	0x100b33B0x1bf1B0x15e2
0x100b3c	0x100b33B0x1bf1B0x137c
0x100b3c	0x100b33B0x1bf1B0x15e2
0x100b3d	0x100b33B0x1bf1B0x137c
0x100b3d	0x100b33B0x1bf1B0x15e2
0x100b3e	0x100b33B0x1bf1B0x137c
0x100b3e	0x100b33B0x1bf1B0x15e2
0x100b3f	0x100b33B0x1bf1B0x137c
0x100b3f	0x100b33B0x1bf1B0x15e2
0x100b43	0x100b33B0x1bf1B0x137c
0x100b43	0x100b33B0x1bf1B0x15e2
0x100b44	0x100b33B0x1bf1B0x137c
0x100b44	0x100b33B0x1bf1B0x15e2
0x100b47	0x100b33B0x1bf1B0x137c
0x100b47	0x100b33B0x1bf1B0x15e2
0x487d	0x4872B0x34deB0x232fB0x137c
0x487d	0x4872B0x34deB0x232fB0x15e2
0x50e2	0x50d5B0x1bf1B0x137c
0x50e2	0x50d5B0x1bf1B0x15e2
0xba9	0xb92B0x532
0x109d	0x1087B0x6d8
0x118e	0x117aB0x1203
0x1806	0x17f2B0x1225
0x3ae50	0x488eB0x34deB0x232fB0x137c
0x3ae50	0x488eB0x34deB0x232fB0x15e2
0x48f2	0x48eaB0x262
0x4e87	0x4e7fB0x661
0x4b2c	0x4b1aB0x4e12B0x641
0x4b2c	0x4b1aB0x4bd2B0x4f06
0x4b2c	0x4b1aB0x4bd2B0x4c67B0x47c
0x4924	0x491aB0x297
0x4924	0x491aB0x3c1
0x4924	0x491aB0x4c6
0x4924	0x491aB0x563
0x4962	0x4951B0x381
0x4962	0x4951B0x3a1
0x4962	0x4951B0x543
0x4962	0x4951B0x6e9
0x49a9	0x4992B0x49beB0x9d4d3
0x49a9	0x4992B0x4c81B0x504
0x49a9	0x4992B0x4ca1B0x504
0x49a9	0x4992B0x49beB0xe6928
0x49a9	0x4992B0x49beB0x1716B0x11c4
0x49a9	0x4992B0x501dB0x650
0x49a9	0x4992B0x5491B0x137c
0x49a9	0x4992B0x49beB0x19c0B0x137c
0x49a9	0x4992B0x539fB0x546fB0x1ab5B0x137c
0x49a9	0x4992B0x5491B0x15e2
0x49a9	0x4992B0x49beB0x19c0B0x15e2
0x49a9	0x4992B0x539fB0x546fB0x1ab5B0x15e2
0x49a9	0x4992B0x49beB0x4858B0x47b8B0x467aB0x464aB0x381f
0x49a9	0x4992B0x49beB0x4858B0x47b8B0x467aB0x3ca2B0x3c13
0x49a9	0x4992B0x49beB0x4858B0x47b8B0x467aB0x3ca2B0x382e
0x49a9	0x4992B0x49beB0x4858B0x47b8B0x467aB0x3ca2B0x2dfdB0x232fB0x137c
0x49a9	0x4992B0x49beB0x4858B0x47b8B0x467aB0x3ca2B0x3eeaB0x232fB0x137c
0x49a9	0x4992B0x49beB0x4858B0x47b8B0x467aB0x464aB0x40c3B0x232fB0x137c
0x49a9	0x4992B0x49beB0x4858B0x47b8B0x467aB0x3ca2B0x2dfdB0x232fB0x15e2
0x49a9	0x4992B0x49beB0x4858B0x47b8B0x467aB0x3ca2B0x3eeaB0x232fB0x15e2
0x49a9	0x4992B0x49beB0x4858B0x47b8B0x467aB0x464aB0x40c3B0x232fB0x15e2
0x4e97	0x4e88B0x661
0x4ea7	0x4e98B0x661
0x4f53	0x4f49B0x694
0x4f63	0x4f54B0x694
0x4fe9	0x4fdfB0x563c
0x4fe9	0x4fdfB0x5655
0x4fe9	0x4fdfB0x5666
0x4fe9	0x4fdfB0x5692
0x4fe9	0x4fdfB0x5741B0x137c
0x4fe9	0x4fdfB0x574aB0x137c
0x4fe9	0x4fdfB0x5762B0x137c
0x4fe9	0x4fdfB0x5773B0x137c
0x4fe9	0x4fdfB0x57b0B0x137c
0x4fe9	0x4fdfB0x5741B0x15e2
0x4fe9	0x4fdfB0x574aB0x15e2
0x4fe9	0x4fdfB0x5762B0x15e2
0x4fe9	0x4fdfB0x5773B0x15e2
0x4fe9	0x4fdfB0x57b0B0x15e2
0x5006	0x4ffcB0x9f4
0x5006	0x4ffcB0xdb2
0x5006	0x4ffcB0xe7d
0x5006	0x4ffcB0x28f3
0x5006	0x4ffcB0x3bcf
0x5006	0x4ffcB0x3d64
0x5006	0x4ffcB0x3e6b
0x5006	0x4ffcB0x41a3
0x5006	0x4ffcB0x42c6
0x5006	0x4ffcB0x434b
0x5006	0x4ffcB0x37ea0x36ee
0x5006	0x4ffcB0x44f0B0x36ee
0x5006	0x4ffcB0x37ea0x43b4B0x36ee
0x5006	0x4ffcB0x1a5bB0x137c
0x5006	0x4ffcB0x1b53B0x137c
0x5006	0x4ffcB0x2d3bB0x232fB0x137c
0x5006	0x4ffcB0x2daaB0x232fB0x137c
0x5006	0x4ffcB0x2f27B0x232fB0x137c
0x5006	0x4ffcB0x1a5bB0x15e2
0x5006	0x4ffcB0x1b53B0x15e2
0x5006	0x4ffcB0x2d3bB0x232fB0x15e2
0x5006	0x4ffcB0x2daaB0x232fB0x15e2
0x5006	0x4ffcB0x2f27B0x232fB0x15e2
0x50e8	0x50e3B0x1bf1B0x137c
0x50e8	0x50e3B0x1bf1B0x15e2
0x51e0	0x51b2B0x1391
0x51e0	0x51b2B0x15f8
0x55a2	0x5598B0x1e55B0x15c7
0x55f1	0x55e7B0x5677
0x55f1	0x55e7B0x5784B0x137c
0x55f1	0x55e7B0x579fB0x137c
0x55f1	0x55e7B0x5784B0x15e2
0x55f1	0x55e7B0x579fB0x15e2
0x593c	0x5932B0x2f97B0x232fB0x137c
0x593c	0x5932B0x2f97B0x232fB0x15e2
0x5a54	0x5a4aB0x46dcB0x464aB0x381f
0x5a54	0x5a4aB0x46dcB0x3ca2B0x3c13
0x5a54	0x5a4aB0x46dcB0x3ca2B0x382e
0x5a54	0x5a4aB0x46dcB0x3ca2B0x2dfdB0x232fB0x137c
0x5a54	0x5a4aB0x46dcB0x3ca2B0x3eeaB0x232fB0x137c
0x5a54	0x5a4aB0x46dcB0x464aB0x40c3B0x232fB0x137c
0x5a54	0x5a4aB0x46dcB0x3ca2B0x2dfdB0x232fB0x15e2
0x5a54	0x5a4aB0x46dcB0x3ca2B0x3eeaB0x232fB0x15e2
0x5a54	0x5a4aB0x46dcB0x464aB0x40c3B0x232fB0x15e2
0x3a41	0x3a3bB0x2a6bB0x1e6bB0x15c7
0x3a5d	0x3a57B0x2a6bB0x1e6bB0x15c7
0x3aaa	0x3a64B0x2a6bB0x1e6bB0x15c7
0x3abe	0x3ab8B0x2a6bB0x1e6bB0x15c7
0x3b0b	0x3ac5B0x2a6bB0x1e6bB0x15c7
0x3b1f	0x3b19B0x2a6bB0x1e6bB0x15c7
0x3b77	0x3b26B0x2a6bB0x1e6bB0x15c7
0x4af6	0x4af0B0x4d85B0x641
0x4af6	0x4af0B0x4b69B0x4f06
0x4af6	0x4af0B0x4b69B0x4c67B0x47c
0x4b19	0x4b13B0x4e12B0x641
0x4b19	0x4b13B0x4bd2B0x4f06
0x4b19	0x4b13B0x4bd2B0x4c67B0x47c
0x50d4	0x50ceB0x1bf1B0x137c
0x50d4	0x50ceB0x1bf1B0x15e2
0x514c	0x5137B0x1bf1B0x137c
0x514c	0x5137B0x1bf1B0x15e2
0x3fe50	0x5101B0x1bf1B0x137c
0x3fe50	0x5101B0x1bf1B0x15e2
0x40850	0x511eB0x1bf1B0x137c
0x40850	0x511eB0x1bf1B0x15e2
0x41250	0x5157B0x1bf1B0x137c
0x41250	0x5157B0x1bf1B0x15e2
0x10060d	0x1005f6B0x1bf1B0x137c
0x10060d	0x1005f6B0x1bf1B0x15e2
0x100b4a	0x100b33B0x1bf1B0x137c
0x100b4a	0x100b33B0x1bf1B0x15e2
0x3a3a	0x3a2eB0x2a6bB0x1e6bB0x15c7
0x3a47	0x3a42B0x2a6bB0x1e6bB0x15c7
0x3a56	0x3a4aB0x2a6bB0x1e6bB0x15c7
0x3a63	0x3a5eB0x2a6bB0x1e6bB0x15c7
0x3ab7	0x3aabB0x2a6bB0x1e6bB0x15c7
0x3ac4	0x3abfB0x2a6bB0x1e6bB0x15c7
0x3b18	0x3b0cB0x2a6bB0x1e6bB0x15c7
0x3b25	0x3b20B0x2a6bB0x1e6bB0x15c7
0x488a	0x487eB0x34deB0x232fB0x137c
0x488a	0x487eB0x34deB0x232fB0x15e2
0x48e5	0x48d8B0x262
0x4915	0x4908B0x297
0x4915	0x4908B0x3c1
0x4915	0x4908B0x4c6
0x4915	0x4908B0x563
0x494c	0x493eB0x381
0x494c	0x493eB0x3a1
0x494c	0x493eB0x543
0x494c	0x493eB0x6e9
0x4aef	0x4adeB0x4d85B0x641
0x4aef	0x4adeB0x4b69B0x4f06
0x4aef	0x4adeB0x4b69B0x4c67B0x47c
0x4b12	0x4b01B0x4e12B0x641
0x4b12	0x4b01B0x4bd2B0x4f06
0x4b12	0x4b01B0x4bd2B0x4c67B0x47c
0x4b3c	0x4b2dB0x4e12B0x641
0x4b3c	0x4b2dB0x4bd2B0x4f06
0x4b3c	0x4b2dB0x4bd2B0x4c67B0x47c
0x4e7a	0x4e6aB0x661
0x4f44	0x4f36B0x694
0x4ff7	0x4feaB0x9f4
0x4ff7	0x4feaB0xdb2
0x4ff7	0x4feaB0xe7d
0x4ff7	0x4feaB0x28f3
0x4ff7	0x4feaB0x3bcf
0x4ff7	0x4feaB0x3d64
0x4ff7	0x4feaB0x3e6b
0x4ff7	0x4feaB0x41a3
0x4ff7	0x4feaB0x42c6
0x4ff7	0x4feaB0x434b
0x4ff7	0x4feaB0x37ea0x36ee
0x4ff7	0x4feaB0x44f0B0x36ee
0x4ff7	0x4feaB0x37ea0x43b4B0x36ee
0x4ff7	0x4feaB0x1a5bB0x137c
0x4ff7	0x4feaB0x1b53B0x137c
0x4ff7	0x4feaB0x2d3bB0x232fB0x137c
0x4ff7	0x4feaB0x2daaB0x232fB0x137c
0x4ff7	0x4feaB0x2f27B0x232fB0x137c
0x4ff7	0x4feaB0x1a5bB0x15e2
0x4ff7	0x4feaB0x1b53B0x15e2
0x4ff7	0x4feaB0x2d3bB0x232fB0x15e2
0x4ff7	0x4feaB0x2daaB0x232fB0x15e2
0x4ff7	0x4feaB0x2f27B0x232fB0x15e2
0x50cd	0x50bcB0x1bf1B0x137c
0x50cd	0x50bcB0x1bf1B0x15e2
0x50f8	0x50e9B0x1bf1B0x137c
0x50f8	0x50e9B0x1bf1B0x15e2
0x5100	0x50f9B0x1bf1B0x137c
0x5100	0x50f9B0x1bf1B0x15e2
0x5136	0x512eB0x1bf1B0x137c
0x5136	0x512eB0x1bf1B0x15e2
0x5156	0x514dB0x1bf1B0x137c
0x5156	0x514dB0x1bf1B0x15e2
0x5593	0x5586B0x1e55B0x15c7
0x592d	0x5920B0x2f97B0x232fB0x137c
0x592d	0x5920B0x2f97B0x232fB0x15e2
0x5a45	0x5a38B0x46dcB0x464aB0x381f
0x5a45	0x5a38B0x46dcB0x3ca2B0x3c13
0x5a45	0x5a38B0x46dcB0x3ca2B0x382e
0x5a45	0x5a38B0x46dcB0x3ca2B0x2dfdB0x232fB0x137c
0x5a45	0x5a38B0x46dcB0x3ca2B0x3eeaB0x232fB0x137c
0x5a45	0x5a38B0x46dcB0x464aB0x40c3B0x232fB0x137c
0x5a45	0x5a38B0x46dcB0x3ca2B0x2dfdB0x232fB0x15e2
0x5a45	0x5a38B0x46dcB0x3ca2B0x3eeaB0x232fB0x15e2
0x5a45	0x5a38B0x46dcB0x464aB0x40c3B0x232fB0x15e2
0x3a49	0x3a48B0x2a6bB0x1e6bB0x15c7
0x488d	0x488bB0x34deB0x232fB0x137c
0x488d	0x488bB0x34deB0x232fB0x15e2
0x49bd	0x49aaB0x49beB0x9d4d3
0x49bd	0x49aaB0x4c81B0x504
0x49bd	0x49aaB0x4ca1B0x504
0x49bd	0x49aaB0x49beB0xe6928
0x49bd	0x49aaB0x49beB0x1716B0x11c4
0x49bd	0x49aaB0x501dB0x650
0x49bd	0x49aaB0x5491B0x137c
0x49bd	0x49aaB0x49beB0x19c0B0x137c
0x49bd	0x49aaB0x539fB0x546fB0x1ab5B0x137c
0x49bd	0x49aaB0x5491B0x15e2
0x49bd	0x49aaB0x49beB0x19c0B0x15e2
0x49bd	0x49aaB0x539fB0x546fB0x1ab5B0x15e2
0x49bd	0x49aaB0x49beB0x4858B0x47b8B0x467aB0x464aB0x381f
0x49bd	0x49aaB0x49beB0x4858B0x47b8B0x467aB0x3ca2B0x3c13
0x49bd	0x49aaB0x49beB0x4858B0x47b8B0x467aB0x3ca2B0x382e
0x49bd	0x49aaB0x49beB0x4858B0x47b8B0x467aB0x3ca2B0x2dfdB0x232fB0x137c
0x49bd	0x49aaB0x49beB0x4858B0x47b8B0x467aB0x3ca2B0x3eeaB0x232fB0x137c
0x49bd	0x49aaB0x49beB0x4858B0x47b8B0x467aB0x464aB0x40c3B0x232fB0x137c
0x49bd	0x49aaB0x49beB0x4858B0x47b8B0x467aB0x3ca2B0x2dfdB0x232fB0x15e2
0x49bd	0x49aaB0x49beB0x4858B0x47b8B0x467aB0x3ca2B0x3eeaB0x232fB0x15e2
0x49bd	0x49aaB0x49beB0x4858B0x47b8B0x467aB0x464aB0x40c3B0x232fB0x15e2
0x4b00	0x4af7B0x4d85B0x641
0x4b00	0x4af7B0x4b69B0x4f06
0x4b00	0x4af7B0x4b69B0x4c67B0x47c
0x4b57	0x4b41B0x4e12B0x641
0x4b57	0x4b41B0x4bd2B0x4f06
0x4b57	0x4b41B0x4bd2B0x4c67B0x47c
0x4eb2	0x4ea8B0x661
0x517a	0x516bB0x1bf1B0x137c
0x517a	0x516bB0x1bf1B0x15e2
0x51fa	0x51e1B0x1391
0x51fa	0x51e1B0x15f8
0xff41e	0xff418B0x532
0xff593	0xff58eB0x6d8
0xff670	0xff66aB0x1203
0xff9b0	0xff9aaB0x1225
0x100002	0x100000B0x2a6bB0x1e6bB0x15c7
0x10023c	0x10023aB0x34deB0x232fB0x137c
0x10023c	0x10023aB0x34deB0x232fB0x15e2
0x100286	0x100280B0x262
0x1002ce	0x1002c8B0x297
0x1002ce	0x1002c8B0x3c1
0x1002ce	0x1002c8B0x4c6
0x1002ce	0x1002c8B0x563
0x1002f8	0x1002eeB0x381
0x1002f8	0x1002eeB0x3a1
0x1002f8	0x1002eeB0x543
0x1002f8	0x1002eeB0x6e9
0x1004fa	0x1004f0B0x694
0x100565	0x100561B0x563c
0x100565	0x100561B0x5655
0x100565	0x100561B0x5666
0x100565	0x100561B0x5692
0x100565	0x100561B0x5741B0x137c
0x100565	0x100561B0x574aB0x137c
0x100565	0x100561B0x5762B0x137c
0x100565	0x100561B0x5773B0x137c
0x100565	0x100561B0x57b0B0x137c
0x100565	0x100561B0x5741B0x15e2
0x100565	0x100561B0x574aB0x15e2
0x100565	0x100561B0x5762B0x15e2
0x100565	0x100561B0x5773B0x15e2
0x100565	0x100561B0x57b0B0x15e2
0x10058b	0x100585B0x9f4
0x10058b	0x100585B0xdb2
0x10058b	0x100585B0xe7d
0x10058b	0x100585B0x28f3
0x10058b	0x100585B0x3bcf
0x10058b	0x100585B0x3d64
0x10058b	0x100585B0x3e6b
0x10058b	0x100585B0x41a3
0x10058b	0x100585B0x42c6
0x10058b	0x100585B0x434b
0x10058b	0x100585B0x37ea0x36ee
0x10058b	0x100585B0x44f0B0x36ee
0x10058b	0x100585B0x37ea0x43b4B0x36ee
0x10058b	0x100585B0x1a5bB0x137c
0x10058b	0x100585B0x1b53B0x137c
0x10058b	0x100585B0x2d3bB0x232fB0x137c
0x10058b	0x100585B0x2daaB0x232fB0x137c
0x10058b	0x100585B0x2f27B0x232fB0x137c
0x10058b	0x100585B0x1a5bB0x15e2
0x10058b	0x100585B0x1b53B0x15e2
0x10058b	0x100585B0x2d3bB0x232fB0x15e2
0x10058b	0x100585B0x2daaB0x232fB0x15e2
0x10058b	0x100585B0x2f27B0x232fB0x15e2
0x100739	0x100733B0x1e55B0x15c7
0x1007a7	0x1007a3B0x5677
0x1007a7	0x1007a3B0x5784B0x137c
0x1007a7	0x1007a3B0x579fB0x137c
0x1007a7	0x1007a3B0x5784B0x15e2
0x1007a7	0x1007a3B0x579fB0x15e2
0x1007f3	0x1007edB0x2f97B0x232fB0x137c
0x1007f3	0x1007edB0x2f97B0x232fB0x15e2
0x100819	0x100813B0x46dcB0x464aB0x381f
0x100819	0x100813B0x46dcB0x3ca2B0x3c13
0x100819	0x100813B0x46dcB0x3ca2B0x382e
0x100819	0x100813B0x46dcB0x3ca2B0x2dfdB0x232fB0x137c
0x100819	0x100813B0x46dcB0x3ca2B0x3eeaB0x232fB0x137c
0x100819	0x100813B0x46dcB0x464aB0x40c3B0x232fB0x137c
0x100819	0x100813B0x46dcB0x3ca2B0x2dfdB0x232fB0x15e2
0x100819	0x100813B0x46dcB0x3ca2B0x3eeaB0x232fB0x15e2
0x100819	0x100813B0x46dcB0x464aB0x40c3B0x232fB0x15e2
0x101252	0x10124bB0x1bf1B0x137c
0x101252	0x10124bB0x1bf1B0x15e2
0x1013bf	0x1013b8B0x1bf1B0x137c
0x1013bf	0x1013b8B0x1bf1B0x15e2
0x48e9	0x48e6B0x262
0x4919	0x4916B0x297
0x4919	0x4916B0x3c1
0x4919	0x4916B0x4c6
0x4919	0x4916B0x563
0x4950	0x494dB0x381
0x4950	0x494dB0x3a1
0x4950	0x494dB0x543
0x4950	0x494dB0x6e9
0x4b40	0x4b3dB0x4e12B0x641
0x4b40	0x4b3dB0x4bd2B0x4f06
0x4b40	0x4b3dB0x4bd2B0x4c67B0x47c
0x4e7e	0x4e7bB0x661
0x4f48	0x4f45B0x694
0x4ffb	0x4ff8B0x9f4
0x4ffb	0x4ff8B0xdb2
0x4ffb	0x4ff8B0xe7d
0x4ffb	0x4ff8B0x28f3
0x4ffb	0x4ff8B0x3bcf
0x4ffb	0x4ff8B0x3d64
0x4ffb	0x4ff8B0x3e6b
0x4ffb	0x4ff8B0x41a3
0x4ffb	0x4ff8B0x42c6
0x4ffb	0x4ff8B0x434b
0x4ffb	0x4ff8B0x37ea0x36ee
0x4ffb	0x4ff8B0x44f0B0x36ee
0x4ffb	0x4ff8B0x37ea0x43b4B0x36ee
0x4ffb	0x4ff8B0x1a5bB0x137c
0x4ffb	0x4ff8B0x1b53B0x137c
0x4ffb	0x4ff8B0x2d3bB0x232fB0x137c
0x4ffb	0x4ff8B0x2daaB0x232fB0x137c
0x4ffb	0x4ff8B0x2f27B0x232fB0x137c
0x4ffb	0x4ff8B0x1a5bB0x15e2
0x4ffb	0x4ff8B0x1b53B0x15e2
0x4ffb	0x4ff8B0x2d3bB0x232fB0x15e2
0x4ffb	0x4ff8B0x2daaB0x232fB0x15e2
0x4ffb	0x4ff8B0x2f27B0x232fB0x15e2
0x5597	0x5594B0x1e55B0x15c7
0x5931	0x592eB0x2f97B0x232fB0x137c
0x5931	0x592eB0x2f97B0x232fB0x15e2
0x5a49	0x5a46B0x46dcB0x464aB0x381f
0x5a49	0x5a46B0x46dcB0x3ca2B0x3c13
0x5a49	0x5a46B0x46dcB0x3ca2B0x382e
0x5a49	0x5a46B0x46dcB0x3ca2B0x2dfdB0x232fB0x137c
0x5a49	0x5a46B0x46dcB0x3ca2B0x3eeaB0x232fB0x137c
0x5a49	0x5a46B0x46dcB0x464aB0x40c3B0x232fB0x137c
0x5a49	0x5a46B0x46dcB0x3ca2B0x2dfdB0x232fB0x15e2
0x5a49	0x5a46B0x46dcB0x3ca2B0x3eeaB0x232fB0x15e2
0x5a49	0x5a46B0x46dcB0x464aB0x40c3B0x232fB0x15e2
0xbe96	0xbe81B0x2a6bB0x1e6bB0x15c7
0xbecb	0xbeb6B0x2a6bB0x1e6bB0x15c7
0xbef3	0xbeebB0x2a6bB0x1e6bB0x15c7
0xbf28	0xbf13B0x2a6bB0x1e6bB0x15c7
0xbf50	0xbf48B0x2a6bB0x1e6bB0x15c7
0xbf85	0xbf70B0x2a6bB0x1e6bB0x15c7
0xbfad	0xbfa5B0x2a6bB0x1e6bB0x15c7
0xc1f6	0xc1e1B0x4d85B0x641
0xc1f6	0xc1e1B0x4b69B0x4f06
0xc1f6	0xc1e1B0x4b69B0x4c67B0x47c
0xc22b	0xc216B0x4e12B0x641
0xc22b	0xc216B0x4bd2B0x4f06
0xc22b	0xc216B0x4bd2B0x4c67B0x47c
0xc295	0xc280B0x1bf1B0x137c
0xc295	0xc280B0x1bf1B0x15e2
0x4b48	0x4b41B0x4e12B0x641
0x4b48	0x4b41B0x4bd2B0x4f06
0x4b48	0x4b41B0x4bd2B0x4c67B0x47c
0xb97	0xb92B0x532
0xb9c	0xb92B0x532
0x108c	0x1087B0x6d8
0x1091	0x1087B0x6d8
0x3a6f	0x3a64B0x2a6bB0x1e6bB0x15c7
0x3a76	0x3a64B0x2a6bB0x1e6bB0x15c7
0x3a7d	0x3a64B0x2a6bB0x1e6bB0x15c7
0x3aa3	0x3a64B0x2a6bB0x1e6bB0x15c7
0x3ad0	0x3ac5B0x2a6bB0x1e6bB0x15c7
0x3ad7	0x3ac5B0x2a6bB0x1e6bB0x15c7
0x3ade	0x3ac5B0x2a6bB0x1e6bB0x15c7
0x3b04	0x3ac5B0x2a6bB0x1e6bB0x15c7
0x3b31	0x3b26B0x2a6bB0x1e6bB0x15c7
0x3b38	0x3b26B0x2a6bB0x1e6bB0x15c7
0x3b3f	0x3b26B0x2a6bB0x1e6bB0x15c7
0x3b65	0x3b26B0x2a6bB0x1e6bB0x15c7
0x3b70	0x3b26B0x2a6bB0x1e6bB0x15c7
0x4899	0x488eB0x34deB0x232fB0x137c
0x4899	0x488eB0x34deB0x232fB0x15e2
0x4999	0x4992B0x49beB0x9d4d3
0x4999	0x4992B0x4c81B0x504
0x4999	0x4992B0x4ca1B0x504
0x4999	0x4992B0x49beB0xe6928
0x4999	0x4992B0x49beB0x1716B0x11c4
0x4999	0x4992B0x501dB0x650
0x4999	0x4992B0x5491B0x137c
0x4999	0x4992B0x49beB0x19c0B0x137c
0x4999	0x4992B0x539fB0x546fB0x1ab5B0x137c
0x4999	0x4992B0x5491B0x15e2
0x4999	0x4992B0x49beB0x19c0B0x15e2
0x4999	0x4992B0x539fB0x546fB0x1ab5B0x15e2
0x4999	0x4992B0x49beB0x4858B0x47b8B0x467aB0x464aB0x381f
0x4999	0x4992B0x49beB0x4858B0x47b8B0x467aB0x3ca2B0x3c13
0x4999	0x4992B0x49beB0x4858B0x47b8B0x467aB0x3ca2B0x382e
0x4999	0x4992B0x49beB0x4858B0x47b8B0x467aB0x3ca2B0x2dfdB0x232fB0x137c
0x4999	0x4992B0x49beB0x4858B0x47b8B0x467aB0x3ca2B0x3eeaB0x232fB0x137c
0x4999	0x4992B0x49beB0x4858B0x47b8B0x467aB0x464aB0x40c3B0x232fB0x137c
0x4999	0x4992B0x49beB0x4858B0x47b8B0x467aB0x3ca2B0x2dfdB0x232fB0x15e2
0x4999	0x4992B0x49beB0x4858B0x47b8B0x467aB0x3ca2B0x3eeaB0x232fB0x15e2
0x4999	0x4992B0x49beB0x4858B0x47b8B0x467aB0x464aB0x40c3B0x232fB0x15e2
0x4b32	0x4b2dB0x4e12B0x641
0x4b32	0x4b2dB0x4bd2B0x4f06
0x4b32	0x4b2dB0x4bd2B0x4c67B0x47c
0x4b51	0x4b41B0x4e12B0x641
0x4b51	0x4b41B0x4bd2B0x4f06
0x4b51	0x4b41B0x4bd2B0x4c67B0x47c
0x5123	0x511eB0x1bf1B0x137c
0x5123	0x511eB0x1bf1B0x15e2
0x51bf	0x51b2B0x1391
0x51bf	0x51b2B0x15f8
0x51c6	0x51b2B0x1391
0x51c6	0x51b2B0x15f8
0x51cd	0x51b2B0x1391
0x51cd	0x51b2B0x15f8
0x51d4	0x51b2B0x1391
0x51d4	0x51b2B0x15f8
0x51e7	0x51e1B0x1391
0x51e7	0x51e1B0x15f8
0x51f0	0x51e1B0x1391
0x51f0	0x51e1B0x15f8
0xbe8c	0xbe81B0x2a6bB0x1e6bB0x15c7
0xbe91	0xbe81B0x2a6bB0x1e6bB0x15c7
0xbec1	0xbeb6B0x2a6bB0x1e6bB0x15c7
0xbec6	0xbeb6B0x2a6bB0x1e6bB0x15c7
0xbf1e	0xbf13B0x2a6bB0x1e6bB0x15c7
0xbf23	0xbf13B0x2a6bB0x1e6bB0x15c7
0xbf7b	0xbf70B0x2a6bB0x1e6bB0x15c7
0xbf80	0xbf70B0x2a6bB0x1e6bB0x15c7
0xc1ec	0xc1e1B0x4d85B0x641
0xc1ec	0xc1e1B0x4b69B0x4f06
0xc1ec	0xc1e1B0x4b69B0x4c67B0x47c
0xc1f1	0xc1e1B0x4d85B0x641
0xc1f1	0xc1e1B0x4b69B0x4f06
0xc1f1	0xc1e1B0x4b69B0x4c67B0x47c
0xc221	0xc216B0x4e12B0x641
0xc221	0xc216B0x4bd2B0x4f06
0xc221	0xc216B0x4bd2B0x4c67B0x47c
0xc226	0xc216B0x4e12B0x641
0xc226	0xc216B0x4bd2B0x4f06
0xc226	0xc216B0x4bd2B0x4c67B0x47c
0xc28b	0xc280B0x1bf1B0x137c
0xc28b	0xc280B0x1bf1B0x15e2
0xc290	0xc280B0x1bf1B0x137c
0xc290	0xc280B0x1bf1B0x15e2
0x4882	0x487eB0x34deB0x232fB0x137c
0x4882	0x487eB0x34deB0x232fB0x15e2
0x513c	0x5137B0x1bf1B0x137c
0x513c	0x5137B0x1bf1B0x15e2
0x516a	0x5157B0x1bf1B0x137c
0x516a	0x5157B0x1bf1B0x15e2
0x5178	0x516bB0x1bf1B0x137c
0x5178	0x516bB0x1bf1B0x15e2
0x100609	0x1005f6B0x1bf1B0x137c
0x100609	0x1005f6B0x1bf1B0x15e2
0x100b46	0x100b33B0x1bf1B0x137c
0x100b46	0x100b33B0x1bf1B0x15e2
0x5101	0x5101B0x1bf1B0x137c
0x5101	0x5101B0x1bf1B0x15e2
0x5137	0x5137B0x1bf1B0x137c
0x5137	0x5137B0x1bf1B0x15e2
0x5157	0x5157B0x1bf1B0x137c
0x5157	0x5157B0x1bf1B0x15e2
0x3a48	0x3a48B0x2a6bB0x1e6bB0x15c7
0x488b	0x488bB0x34deB0x232fB0x137c
0x488b	0x488bB0x34deB0x232fB0x15e2
0xad9	0xad8B0x4d5
0xadb	0xad8B0x4d5
0xadd	0xad8B0x4d5
0xadf	0xad8B0x4d5
0xae0	0xad8B0x4d5
0xae2	0xad8B0x4d5
0xae3	0xad8B0x4d5
0xae8	0xad8B0x4d5
0xaea	0xad8B0x4d5
0xaed	0xad8B0x4d5
0xaf0	0xad8B0x4d5
0xaf1	0xad8B0x4d5
0xaf2	0xad8B0x4d5
0xbb2	0xbb1B0x552
0xbb2	0xbb1B0x178b
0xbb2	0xbb1B0x10f4B0x11f9
0xbb2	0xbb1B0x16e3B0x11c4
0xbb2	0xbb1B0x1ec7B0x15c7
0xbb7	0xbb1B0x552
0xbb7	0xbb1B0x178b
0xbb7	0xbb1B0x10f4B0x11f9
0xbb7	0xbb1B0x16e3B0x11c4
0xbb7	0xbb1B0x1ec7B0x15c7
0xbb9	0xbb1B0x552
0xbb9	0xbb1B0x178b
0xbb9	0xbb1B0x10f4B0x11f9
0xbb9	0xbb1B0x16e3B0x11c4
0xbb9	0xbb1B0x1ec7B0x15c7
0xbbe	0xbb1B0x552
0xbbe	0xbb1B0x178b
0xbbe	0xbb1B0x10f4B0x11f9
0xbbe	0xbb1B0x16e3B0x11c4
0xbbe	0xbb1B0x1ec7B0x15c7
0xbc2	0xbb1B0x552
0xbc2	0xbb1B0x178b
0xbc2	0xbb1B0x10f4B0x11f9
0xbc2	0xbb1B0x16e3B0x11c4
0xbc2	0xbb1B0x1ec7B0x15c7
0xbc3	0xbb1B0x552
0xbc3	0xbb1B0x178b
0xbc3	0xbb1B0x10f4B0x11f9
0xbc3	0xbb1B0x16e3B0x11c4
0xbc3	0xbb1B0x1ec7B0x15c7
0xbc5	0xbb1B0x552
0xbc5	0xbb1B0x178b
0xbc5	0xbb1B0x10f4B0x11f9
0xbc5	0xbb1B0x16e3B0x11c4
0xbc5	0xbb1B0x1ec7B0x15c7
0xbc7	0xbb1B0x552
0xbc7	0xbb1B0x178b
0xbc7	0xbb1B0x10f4B0x11f9
0xbc7	0xbb1B0x16e3B0x11c4
0xbc7	0xbb1B0x1ec7B0x15c7
0xbc9	0xbb1B0x552
0xbc9	0xbb1B0x178b
0xbc9	0xbb1B0x10f4B0x11f9
0xbc9	0xbb1B0x16e3B0x11c4
0xbc9	0xbb1B0x1ec7B0x15c7
0xbca	0xbb1B0x552
0xbca	0xbb1B0x178b
0xbca	0xbb1B0x10f4B0x11f9
0xbca	0xbb1B0x16e3B0x11c4
0xbca	0xbb1B0x1ec7B0x15c7
0xbce	0xbb1B0x552
0xbce	0xbb1B0x178b
0xbce	0xbb1B0x10f4B0x11f9
0xbce	0xbb1B0x16e3B0x11c4
0xbce	0xbb1B0x1ec7B0x15c7
0xbd5	0xbb1B0x552
0xbd5	0xbb1B0x178b
0xbd5	0xbb1B0x10f4B0x11f9
0xbd5	0xbb1B0x16e3B0x11c4
0xbd5	0xbb1B0x1ec7B0x15c7
0xbd6	0xbb1B0x552
0xbd6	0xbb1B0x178b
0xbd6	0xbb1B0x10f4B0x11f9
0xbd6	0xbb1B0x16e3B0x11c4
0xbd6	0xbb1B0x1ec7B0x15c7
0xbd7	0xbb1B0x552
0xbd7	0xbb1B0x178b
0xbd7	0xbb1B0x10f4B0x11f9
0xbd7	0xbb1B0x16e3B0x11c4
0xbd7	0xbb1B0x1ec7B0x15c7
0xbd9	0xbb1B0x552
0xbd9	0xbb1B0x178b
0xbd9	0xbb1B0x10f4B0x11f9
0xbd9	0xbb1B0x16e3B0x11c4
0xbd9	0xbb1B0x1ec7B0x15c7
0x1190	0x118fB0x7aaB0x271
0x1192	0x118fB0x7aaB0x271
0x1194	0x118fB0x7aaB0x271
0x1196	0x118fB0x7aaB0x271
0x1198	0x118fB0x7aaB0x271
0x1199	0x118fB0x7aaB0x271
0x119a	0x118fB0x7aaB0x271
0x119c	0x118fB0x7aaB0x271
0x119d	0x118fB0x7aaB0x271
0x11a2	0x118fB0x7aaB0x271
0x11a4	0x118fB0x7aaB0x271
0x11a5	0x118fB0x7aaB0x271
0x11a7	0x118fB0x7aaB0x271
0x11ac	0x11abB0x7aaB0x271
0x11b1	0x11abB0x7aaB0x271
0x11b3	0x11abB0x7aaB0x271
0x11b4	0x11abB0x7aaB0x271
0x11b6	0x11abB0x7aaB0x271
0x11b8	0x11abB0x7aaB0x271
0x11ba	0x11abB0x7aaB0x271
0x11bb	0x11abB0x7aaB0x271
0x11bc	0x11abB0x7aaB0x271
0x11be	0x11abB0x7aaB0x271
0x11bf	0x11abB0x7aaB0x271
0x11c0	0x11abB0x7aaB0x271
0x1423	0x1422B0xb09
0x1423	0x1422B0xb3d
0x1425	0x1422B0xb09
0x1425	0x1422B0xb3d
0x1428	0x1422B0xb09
0x1428	0x1422B0xb3d
0x1429	0x1422B0xb09
0x1429	0x1422B0xb3d
0x142d	0x142dB0xb09
0x142d	0x142dB0xb3d
0x1431	0x142dB0xb09
0x1431	0x142dB0xb3d
0x1438	0x1435B0xb09
0x1438	0x1435B0xb3d
0x1439	0x1435B0xb09
0x1439	0x1435B0xb3d
0x143d	0x1435B0xb09
0x143d	0x1435B0xb3d
0x1443	0x1441B0xb09
0x1443	0x1441B0xb3d
0x1445	0x1441B0xb09
0x1445	0x1441B0xb3d
0x1446	0x1441B0xb09
0x1446	0x1441B0xb3d
0x144a	0x1441B0xb09
0x144a	0x1441B0xb3d
0x144b	0x1441B0xb09
0x144b	0x1441B0xb3d
0x144c	0x1441B0xb09
0x144c	0x1441B0xb3d
0x144e	0x1441B0xb09
0x144e	0x1441B0xb3d
0x144f	0x1441B0xb09
0x144f	0x1441B0xb3d
0x1451	0x1441B0xb09
0x1451	0x1441B0xb3d
0x1454	0x1441B0xb09
0x1454	0x1441B0xb3d
0x1455	0x1441B0xb09
0x1455	0x1441B0xb3d
0x145f	0x1441B0xb09
0x145f	0x1441B0xb3d
0x1461	0x1441B0xb09
0x1461	0x1441B0xb3d
0x1464	0x1441B0xb09
0x1464	0x1441B0xb3d
0x1465	0x1441B0xb09
0x1465	0x1441B0xb3d
0x1469	0x1441B0xb09
0x1469	0x1441B0xb3d
0x146f	0x146dB0xb09
0x146f	0x146dB0xb3d
0x1470	0x146dB0xb09
0x1470	0x146dB0xb3d
0x1475	0x1474B0xb09
0x1475	0x1474B0xb3d
0x1477	0x1474B0xb09
0x1477	0x1474B0xb3d
0x1478	0x1474B0xb09
0x1478	0x1474B0xb3d
0x147c	0x147cB0xb09
0x147c	0x147cB0xb3d
0x1481	0x147cB0xb09
0x1481	0x147cB0xb3d
0x1482	0x147cB0xb09
0x1482	0x147cB0xb3d
0x1483	0x147cB0xb09
0x1483	0x147cB0xb3d
0x1487	0x147cB0xb09
0x1487	0x147cB0xb3d
0x1489	0x147cB0xb09
0x1489	0x147cB0xb3d
0x148b	0x147cB0xb09
0x148b	0x147cB0xb3d
0x1491	0x148fB0xb09
0x1491	0x148fB0xb3d
0x1494	0x148fB0xb09
0x1494	0x148fB0xb3d
0x1497	0x148fB0xb09
0x1497	0x148fB0xb3d
0x1499	0x148fB0xb09
0x1499	0x148fB0xb3d
0x149b	0x148fB0xb09
0x149b	0x148fB0xb3d
0x149f	0x149dB0xb09
0x149f	0x149dB0xb3d
0x14a3	0x149dB0xb09
0x14a3	0x149dB0xb3d
0x14a5	0x149dB0xb09
0x14a5	0x149dB0xb3d
0x14a7	0x149dB0xb09
0x14a7	0x149dB0xb3d
0x14a9	0x149dB0xb09
0x14a9	0x149dB0xb3d
0x14ac	0x149dB0xb09
0x14ac	0x149dB0xb3d
0x14ad	0x149dB0xb09
0x14ad	0x149dB0xb3d
0x14b3	0x14b1B0xb09
0x14b3	0x14b1B0xb3d
0x14b4	0x14b1B0xb09
0x14b4	0x14b1B0xb3d
0x14b6	0x14b1B0xb09
0x14b6	0x14b1B0xb3d
0x14b8	0x14b1B0xb09
0x14b8	0x14b1B0xb3d
0x14c7	0x14c6B0xb92B0x532
0x14c9	0x14c6B0xb92B0x532
0x14ce	0x14c6B0xb92B0x532
0x164d	0x164cB0x1087B0x6d8
0x164f	0x164cB0x1087B0x6d8
0x1653	0x164cB0x1087B0x6d8
0x1695	0x1694B0x117aB0x1203
0x169a	0x1694B0x117aB0x1203
0x169d	0x1694B0x117aB0x1203
0x169e	0x1694B0x117aB0x1203
0x16a1	0x1694B0x117aB0x1203
0x16a4	0x1694B0x117aB0x1203
0x16a5	0x1694B0x117aB0x1203
0x16a6	0x1694B0x117aB0x1203
0x16ac	0x16aaB0x117aB0x1203
0x16ad	0x16aaB0x117aB0x1203
0x16b1	0x16aaB0x117aB0x1203
0x16b4	0x16aaB0x117aB0x1203
0x16b9	0x16aaB0x117aB0x1203
0x16bd	0x16aaB0x117aB0x1203
0x16c0	0x16aaB0x117aB0x1203
0x16c5	0x16aaB0x117aB0x1203
0x16cb	0x16aaB0x117aB0x1203
0x16cf	0x16aaB0x117aB0x1203
0x16d2	0x16aaB0x117aB0x1203
0x16d7	0x16aaB0x117aB0x1203
0x16dd	0x16dbB0x117aB0x1203
0x16df	0x16dbB0x117aB0x1203
0x173d	0x173cB0x11ceB0x2a6
0x173f	0x173cB0x11ceB0x2a6
0x1741	0x173cB0x11ceB0x2a6
0x1743	0x173cB0x11ceB0x2a6
0x1744	0x173cB0x11ceB0x2a6
0x1746	0x173cB0x11ceB0x2a6
0x1747	0x173cB0x11ceB0x2a6
0x174b	0x174bB0x11ceB0x2a6
0x174d	0x174bB0x11ceB0x2a6
0x174e	0x174bB0x11ceB0x2a6
0x1752	0x174bB0x11ceB0x2a6
0x1754	0x174bB0x11ceB0x2a6
0x1757	0x174bB0x11ceB0x2a6
0x1759	0x174bB0x11ceB0x2a6
0x175c	0x174bB0x11ceB0x2a6
0x175e	0x174bB0x11ceB0x2a6
0x1760	0x174bB0x11ceB0x2a6
0x1763	0x174bB0x11ceB0x2a6
0x1765	0x174bB0x11ceB0x2a6
0x177c	0x174bB0x11ceB0x2a6
0x177e	0x174bB0x11ceB0x2a6
0x177f	0x174bB0x11ceB0x2a6
0x1782	0x174bB0x11ceB0x2a6
0x1784	0x174bB0x11ceB0x2a6
0x1786	0x174bB0x11ceB0x2a6
0x1787	0x174bB0x11ceB0x2a6
0x1808	0x1807B0x123d
0x180a	0x1807B0x123d
0x180b	0x1807B0x123d
0x180d	0x1807B0x123d
0x180e	0x1807B0x123d
0x1812	0x1812B0x123d
0x1814	0x1812B0x123d
0x1815	0x1812B0x123d
0x1819	0x1812B0x123d
0x181b	0x1812B0x123d
0x181e	0x1812B0x123d
0x1820	0x1812B0x123d
0x1823	0x1812B0x123d
0x1825	0x1812B0x123d
0x1827	0x1812B0x123d
0x182a	0x1812B0x123d
0x182c	0x1812B0x123d
0x1841	0x1812B0x123d
0x1843	0x1812B0x123d
0x1844	0x1812B0x123d
0x1847	0x1812B0x123d
0x1849	0x1812B0x123d
0x184b	0x1812B0x123d
0x184c	0x1812B0x123d
0x1c40	0x1c3fB0x13e5
0x1c40	0x1c3fB0x1852B0x137c
0x1c40	0x1c3fB0x1852B0x15e2
0x1c42	0x1c3fB0x13e5
0x1c42	0x1c3fB0x1852B0x137c
0x1c42	0x1c3fB0x1852B0x15e2
0x1c43	0x1c3fB0x13e5
0x1c43	0x1c3fB0x1852B0x137c
0x1c43	0x1c3fB0x1852B0x15e2
0x1c45	0x1c3fB0x13e5
0x1c45	0x1c3fB0x1852B0x137c
0x1c45	0x1c3fB0x1852B0x15e2
0x1c46	0x1c3fB0x13e5
0x1c46	0x1c3fB0x1852B0x137c
0x1c46	0x1c3fB0x1852B0x15e2
0x1c47	0x1c3fB0x13e5
0x1c47	0x1c3fB0x1852B0x137c
0x1c47	0x1c3fB0x1852B0x15e2
0x1c4b	0x1c4bB0x13e5
0x1c4b	0x1c4bB0x1852B0x137c
0x1c4b	0x1c4bB0x1852B0x15e2
0x1c4d	0x1c4bB0x13e5
0x1c4d	0x1c4bB0x1852B0x137c
0x1c4d	0x1c4bB0x1852B0x15e2
0x1c4e	0x1c4bB0x13e5
0x1c4e	0x1c4bB0x1852B0x137c
0x1c4e	0x1c4bB0x1852B0x15e2
0x1c52	0x1c4bB0x13e5
0x1c52	0x1c4bB0x1852B0x137c
0x1c52	0x1c4bB0x1852B0x15e2
0x1c54	0x1c4bB0x13e5
0x1c54	0x1c4bB0x1852B0x137c
0x1c54	0x1c4bB0x1852B0x15e2
0x1c57	0x1c4bB0x13e5
0x1c57	0x1c4bB0x1852B0x137c
0x1c57	0x1c4bB0x1852B0x15e2
0x1c59	0x1c4bB0x13e5
0x1c59	0x1c4bB0x1852B0x137c
0x1c59	0x1c4bB0x1852B0x15e2
0x1c5c	0x1c4bB0x13e5
0x1c5c	0x1c4bB0x1852B0x137c
0x1c5c	0x1c4bB0x1852B0x15e2
0x1c5e	0x1c4bB0x13e5
0x1c5e	0x1c4bB0x1852B0x137c
0x1c5e	0x1c4bB0x1852B0x15e2
0x1c60	0x1c4bB0x13e5
0x1c60	0x1c4bB0x1852B0x137c
0x1c60	0x1c4bB0x1852B0x15e2
0x1c63	0x1c4bB0x13e5
0x1c63	0x1c4bB0x1852B0x137c
0x1c63	0x1c4bB0x1852B0x15e2
0x1c65	0x1c4bB0x13e5
0x1c65	0x1c4bB0x1852B0x137c
0x1c65	0x1c4bB0x1852B0x15e2
0x1c76	0x1c4bB0x13e5
0x1c76	0x1c4bB0x1852B0x137c
0x1c76	0x1c4bB0x1852B0x15e2
0x1c78	0x1c4bB0x13e5
0x1c78	0x1c4bB0x1852B0x137c
0x1c78	0x1c4bB0x1852B0x15e2
0x1c79	0x1c4bB0x13e5
0x1c79	0x1c4bB0x1852B0x137c
0x1c79	0x1c4bB0x1852B0x15e2
0x1c7c	0x1c4bB0x13e5
0x1c7c	0x1c4bB0x1852B0x137c
0x1c7c	0x1c4bB0x1852B0x15e2
0x1c7e	0x1c4bB0x13e5
0x1c7e	0x1c4bB0x1852B0x137c
0x1c7e	0x1c4bB0x1852B0x15e2
0x1c80	0x1c4bB0x13e5
0x1c80	0x1c4bB0x1852B0x137c
0x1c80	0x1c4bB0x1852B0x15e2
0x1c81	0x1c4bB0x13e5
0x1c81	0x1c4bB0x1852B0x137c
0x1c81	0x1c4bB0x1852B0x15e2
0x1c86	0x1c85B0xb09
0x1c86	0x1c85B0xb3d
0x1c88	0x1c85B0xb09
0x1c88	0x1c85B0xb3d
0x1c8a	0x1c85B0xb09
0x1c8a	0x1c85B0xb3d
0x1c8e	0x1c85B0xb09
0x1c8e	0x1c85B0xb3d
0x1c93	0x1c92B0xb09
0x1c93	0x1c92B0xb3d
0x1c96	0x1c92B0xb09
0x1c96	0x1c92B0xb3d
0x1c97	0x1c92B0xb09
0x1c97	0x1c92B0xb3d
0x1c9e	0x1c92B0xb09
0x1c9e	0x1c92B0xb3d
0x1ca5	0x1c92B0xb09
0x1ca5	0x1c92B0xb3d
0x1ca9	0x1c92B0xb09
0x1ca9	0x1c92B0xb3d
0x1cac	0x1c92B0xb09
0x1cac	0x1c92B0xb3d
0x1caf	0x1c92B0xb09
0x1caf	0x1c92B0xb3d
0x1cb9	0x1c92B0xb09
0x1cb9	0x1c92B0xb3d
0x1cbc	0x1c92B0xb09
0x1cbc	0x1c92B0xb3d
0x1cc5	0x1cc4B0xb92B0x532
0x1cc8	0x1cc4B0xb92B0x532
0x1cca	0x1cc4B0xb92B0x532
0x1ccd	0x1cc4B0xb92B0x532
0x1ccf	0x1cc4B0xb92B0x532
0x1cd0	0x1cc4B0xb92B0x532
0x1cd4	0x1cd4B0xb92B0x532
0x1cd7	0x1cd4B0xb92B0x532
0x1cdd	0x1cdbB0xb92B0x532
0x1ce0	0x1cdbB0xb92B0x532
0x1ce2	0x1cdbB0xb92B0x532
0x1ce4	0x1cdbB0xb92B0x532
0x1ce5	0x1cdbB0xb92B0x532
0x1ce6	0x1cdbB0xb92B0x532
0x2090	0x208fB0x16f2B0x11c4
0x2092	0x208fB0x16f2B0x11c4
0x2095	0x208fB0x16f2B0x11c4
0x2097	0x208fB0x16f2B0x11c4
0x2099	0x208fB0x16f2B0x11c4
0x209b	0x208fB0x16f2B0x11c4
0x209c	0x208fB0x16f2B0x11c4
0x209e	0x208fB0x16f2B0x11c4
0x209f	0x208fB0x16f2B0x11c4
0x223d	0x223cB0x17f2B0x1225
0x2242	0x223cB0x17f2B0x1225
0x2245	0x223cB0x17f2B0x1225
0x2246	0x223cB0x17f2B0x1225
0x2249	0x223cB0x17f2B0x1225
0x224c	0x223cB0x17f2B0x1225
0x224d	0x223cB0x17f2B0x1225
0x224f	0x223cB0x17f2B0x1225
0x2250	0x223cB0x17f2B0x1225
0x2254	0x2254B0x17f2B0x1225
0x2256	0x2254B0x17f2B0x1225
0x2259	0x2254B0x17f2B0x1225
0x225c	0x2254B0x17f2B0x1225
0x2262	0x2260B0x17f2B0x1225
0x2266	0x2260B0x17f2B0x1225
0x2269	0x2260B0x17f2B0x1225
0x226d	0x2260B0x17f2B0x1225
0x2270	0x2260B0x17f2B0x1225
0x2279	0x2274B0x17f2B0x1225
0x227a	0x2274B0x17f2B0x1225
0x227e	0x227eB0x17f2B0x1225
0x2281	0x227eB0x17f2B0x1225
0x2283	0x227eB0x17f2B0x1225
0x2286	0x227eB0x17f2B0x1225
0x2288	0x227eB0x17f2B0x1225
0x2289	0x227eB0x17f2B0x1225
0x228d	0x228dB0x17f2B0x1225
0x2290	0x228dB0x17f2B0x1225
0x2296	0x2294B0x17f2B0x1225
0x2299	0x2294B0x17f2B0x1225
0x229b	0x2294B0x17f2B0x1225
0x229d	0x2294B0x17f2B0x1225
0x229e	0x2294B0x17f2B0x1225
0x229f	0x2294B0x17f2B0x1225
0x22a4	0x2294B0x17f2B0x1225
0x22a6	0x2294B0x17f2B0x1225
0x22a9	0x2294B0x17f2B0x1225
0x22ab	0x2294B0x17f2B0x1225
0x22ac	0x2294B0x17f2B0x1225
0x22b0	0x22b0B0x17f2B0x1225
0x22b3	0x22b0B0x17f2B0x1225
0x22b8	0x22b7B0x17f2B0x1225
0x22bd	0x22b7B0x17f2B0x1225
0x22c1	0x22b7B0x17f2B0x1225
0x22c4	0x22b7B0x17f2B0x1225
0x22cc	0x22b7B0x17f2B0x1225
0x22cf	0x22b7B0x17f2B0x1225
0x22d2	0x22b7B0x17f2B0x1225
0x22d5	0x22b7B0x17f2B0x1225
0x22db	0x22d9B0x17f2B0x1225
0x22df	0x22d9B0x17f2B0x1225
0x22e3	0x22e3B0x17f2B0x1225
0x22e6	0x22e3B0x17f2B0x1225
0x2326	0x2325B0x17f2B0x1225
0x232b	0x2325B0x17f2B0x1225
0x2a06	0x2a05B0x1da7B0x15c7
0x2a08	0x2a05B0x1da7B0x15c7
0x2a0a	0x2a05B0x1da7B0x15c7
0x2a0c	0x2a05B0x1da7B0x15c7
0x2a0d	0x2a05B0x1da7B0x15c7
0x2a0f	0x2a05B0x1da7B0x15c7
0x2a10	0x2a05B0x1da7B0x15c7
0x2a15	0x2a05B0x1da7B0x15c7
0x2a17	0x2a05B0x1da7B0x15c7
0x2a1a	0x2a05B0x1da7B0x15c7
0x2a1d	0x2a05B0x1da7B0x15c7
0x2a1f	0x2a05B0x1da7B0x15c7
0x2a20	0x2a05B0x1da7B0x15c7
0x2a23	0x2a05B0x1da7B0x15c7
0x383b	0x383aB0x2a2dB0x1dfcB0x15c7
0x383d	0x383aB0x2a2dB0x1dfcB0x15c7
0x383e	0x383aB0x2a2dB0x1dfcB0x15c7
0x3840	0x383aB0x2a2dB0x1dfcB0x15c7
0x3842	0x383aB0x2a2dB0x1dfcB0x15c7
0x3844	0x383aB0x2a2dB0x1dfcB0x15c7
0x3845	0x383aB0x2a2dB0x1dfcB0x15c7
0x3846	0x383aB0x2a2dB0x1dfcB0x15c7
0x3867	0x383aB0x2a2dB0x1dfcB0x15c7
0x3868	0x383aB0x2a2dB0x1dfcB0x15c7
0x386a	0x383aB0x2a2dB0x1dfcB0x15c7
0x386b	0x383aB0x2a2dB0x1dfcB0x15c7
0x3870	0x386fB0x2a2dB0x1dfcB0x15c7
0x3891	0x386fB0x2a2dB0x1dfcB0x15c7
0x3892	0x386fB0x2a2dB0x1dfcB0x15c7
0x3894	0x3893B0x2a2dB0x1dfcB0x15c7
0x3895	0x3893B0x2a2dB0x1dfcB0x15c7
0x389a	0x3899B0x2a2dB0x1dfcB0x15c7
0x38be	0x38bdB0x2a2dB0x1dfcB0x15c7
0x38c1	0x38bdB0x2a2dB0x1dfcB0x15c7
0x38c4	0x38bdB0x2a2dB0x1dfcB0x15c7
0x38c5	0x38bdB0x2a2dB0x1dfcB0x15c7
0x38e6	0x38bdB0x2a2dB0x1dfcB0x15c7
0x38e9	0x38bdB0x2a2dB0x1dfcB0x15c7
0x38eb	0x38bdB0x2a2dB0x1dfcB0x15c7
0x390e	0x38bdB0x2a2dB0x1dfcB0x15c7
0x3913	0x38bdB0x2a2dB0x1dfcB0x15c7
0x3934	0x38bdB0x2a2dB0x1dfcB0x15c7
0x3937	0x38bdB0x2a2dB0x1dfcB0x15c7
0x3939	0x38bdB0x2a2dB0x1dfcB0x15c7
0x393a	0x38bdB0x2a2dB0x1dfcB0x15c7
0x393d	0x38bdB0x2a2dB0x1dfcB0x15c7
0x393f	0x38bdB0x2a2dB0x1dfcB0x15c7
0x3940	0x38bdB0x2a2dB0x1dfcB0x15c7
0x3943	0x38bdB0x2a2dB0x1dfcB0x15c7
0x3945	0x38bdB0x2a2dB0x1dfcB0x15c7
0x3948	0x38bdB0x2a2dB0x1dfcB0x15c7
0x394a	0x38bdB0x2a2dB0x1dfcB0x15c7
0x394b	0x38bdB0x2a2dB0x1dfcB0x15c7
0x394d	0x38bdB0x2a2dB0x1dfcB0x15c7
0x394e	0x38bdB0x2a2dB0x1dfcB0x15c7
0x3952	0x38bdB0x2a2dB0x1dfcB0x15c7
0x3953	0x38bdB0x2a2dB0x1dfcB0x15c7
0x3957	0x38bdB0x2a2dB0x1dfcB0x15c7
0x395b	0x38bdB0x2a2dB0x1dfcB0x15c7
0x395d	0x38bdB0x2a2dB0x1dfcB0x15c7
0x395f	0x38bdB0x2a2dB0x1dfcB0x15c7
0x3960	0x38bdB0x2a2dB0x1dfcB0x15c7
0x396b	0x396aB0x2a5aB0x1e6bB0x15c7
0x396e	0x396aB0x2a5aB0x1e6bB0x15c7
0x3990	0x396aB0x2a5aB0x1e6bB0x15c7
0x3991	0x396aB0x2a5aB0x1e6bB0x15c7
0x3992	0x396aB0x2a5aB0x1e6bB0x15c7
0x3997	0x3996B0x2a5aB0x1e6bB0x15c7
0x399b	0x3996B0x2a5aB0x1e6bB0x15c7
0x399d	0x3996B0x2a5aB0x1e6bB0x15c7
0x39a2	0x39a1B0x2a5aB0x1e6bB0x15c7
0x39a5	0x39a1B0x2a5aB0x1e6bB0x15c7
0x39a6	0x39a1B0x2a5aB0x1e6bB0x15c7
0x39ab	0x39a1B0x2a5aB0x1e6bB0x15c7
0x39ae	0x39a1B0x2a5aB0x1e6bB0x15c7
0x39b5	0x39a1B0x2a5aB0x1e6bB0x15c7
0x39b8	0x39a1B0x2a5aB0x1e6bB0x15c7
0x39bb	0x39a1B0x2a5aB0x1e6bB0x15c7
0x39c0	0x39a1B0x2a5aB0x1e6bB0x15c7
0x39c3	0x39a1B0x2a5aB0x1e6bB0x15c7
0x39c7	0x39a1B0x2a5aB0x1e6bB0x15c7
0x39ca	0x39a1B0x2a5aB0x1e6bB0x15c7
0x39ce	0x39a1B0x2a5aB0x1e6bB0x15c7
0x39d1	0x39a1B0x2a5aB0x1e6bB0x15c7
0x39d3	0x39a1B0x2a5aB0x1e6bB0x15c7
0x39d4	0x39a1B0x2a5aB0x1e6bB0x15c7
0x39d6	0x39a1B0x2a5aB0x1e6bB0x15c7
0x39d8	0x39a1B0x2a5aB0x1e6bB0x15c7
0x39d9	0x39a1B0x2a5aB0x1e6bB0x15c7
0x39dc	0x39a1B0x2a5aB0x1e6bB0x15c7
0x39e0	0x39a1B0x2a5aB0x1e6bB0x15c7
0x39e3	0x39a1B0x2a5aB0x1e6bB0x15c7
0x39e4	0x39a1B0x2a5aB0x1e6bB0x15c7
0x39e5	0x39a1B0x2a5aB0x1e6bB0x15c7
0x39e7	0x39a1B0x2a5aB0x1e6bB0x15c7
0x39e8	0x39a1B0x2a5aB0x1e6bB0x15c7
0x39ec	0x39ecB0x2a5aB0x1e6bB0x15c7
0x39ed	0x39ecB0x2a5aB0x1e6bB0x15c7
0x39f1	0x39ecB0x2a5aB0x1e6bB0x15c7
0x39f2	0x39ecB0x2a5aB0x1e6bB0x15c7
0x39f8	0x39f5B0x2a5aB0x1e6bB0x15c7
0x39fa	0x39f5B0x2a5aB0x1e6bB0x15c7
0x39fb	0x39f5B0x2a5aB0x1e6bB0x15c7
0x39fd	0x39f5B0x2a5aB0x1e6bB0x15c7
0x39fe	0x39f5B0x2a5aB0x1e6bB0x15c7
0x39ff	0x39f5B0x2a5aB0x1e6bB0x15c7
0x3a03	0x39f5B0x2a5aB0x1e6bB0x15c7
0x3a05	0x39f5B0x2a5aB0x1e6bB0x15c7
0x3a07	0x39f5B0x2a5aB0x1e6bB0x15c7
0x3a09	0x39f5B0x2a5aB0x1e6bB0x15c7
0x3a0a	0x39f5B0x2a5aB0x1e6bB0x15c7
0x3a0c	0x39f5B0x2a5aB0x1e6bB0x15c7
0x3a0d	0x39f5B0x2a5aB0x1e6bB0x15c7
0x3a11	0x3a11B0x2a5aB0x1e6bB0x15c7
0x3a13	0x3a11B0x2a5aB0x1e6bB0x15c7
0x3a1a	0x3a11B0x2a5aB0x1e6bB0x15c7
0x3a21	0x3a1eB0x2a5aB0x1e6bB0x15c7
0x3ca3	0x3ca2B0x3c13
0x3ca3	0x3ca2B0x382e
0x3ca3	0x3ca2B0x2dfdB0x232fB0x137c
0x3ca3	0x3ca2B0x3eeaB0x232fB0x137c
0x3ca3	0x3ca2B0x2dfdB0x232fB0x15e2
0x3ca3	0x3ca2B0x3eeaB0x232fB0x15e2
0x3ca5	0x3ca2B0x3c13
0x3ca5	0x3ca2B0x382e
0x3ca5	0x3ca2B0x2dfdB0x232fB0x137c
0x3ca5	0x3ca2B0x3eeaB0x232fB0x137c
0x3ca5	0x3ca2B0x2dfdB0x232fB0x15e2
0x3ca5	0x3ca2B0x3eeaB0x232fB0x15e2
0x3ca6	0x3ca2B0x3c13
0x3ca6	0x3ca2B0x382e
0x3ca6	0x3ca2B0x2dfdB0x232fB0x137c
0x3ca6	0x3ca2B0x3eeaB0x232fB0x137c
0x3ca6	0x3ca2B0x2dfdB0x232fB0x15e2
0x3ca6	0x3ca2B0x3eeaB0x232fB0x15e2
0x3ca8	0x3ca2B0x3c13
0x3ca8	0x3ca2B0x382e
0x3ca8	0x3ca2B0x2dfdB0x232fB0x137c
0x3ca8	0x3ca2B0x3eeaB0x232fB0x137c
0x3ca8	0x3ca2B0x2dfdB0x232fB0x15e2
0x3ca8	0x3ca2B0x3eeaB0x232fB0x15e2
0x3caa	0x3ca2B0x3c13
0x3caa	0x3ca2B0x382e
0x3caa	0x3ca2B0x2dfdB0x232fB0x137c
0x3caa	0x3ca2B0x3eeaB0x232fB0x137c
0x3caa	0x3ca2B0x2dfdB0x232fB0x15e2
0x3caa	0x3ca2B0x3eeaB0x232fB0x15e2
0x3cac	0x3ca2B0x3c13
0x3cac	0x3ca2B0x382e
0x3cac	0x3ca2B0x2dfdB0x232fB0x137c
0x3cac	0x3ca2B0x3eeaB0x232fB0x137c
0x3cac	0x3ca2B0x2dfdB0x232fB0x15e2
0x3cac	0x3ca2B0x3eeaB0x232fB0x15e2
0x3cad	0x3ca2B0x3c13
0x3cad	0x3ca2B0x382e
0x3cad	0x3ca2B0x2dfdB0x232fB0x137c
0x3cad	0x3ca2B0x3eeaB0x232fB0x137c
0x3cad	0x3ca2B0x2dfdB0x232fB0x15e2
0x3cad	0x3ca2B0x3eeaB0x232fB0x15e2
0x3cb0	0x3ca2B0x3c13
0x3cb0	0x3ca2B0x382e
0x3cb0	0x3ca2B0x2dfdB0x232fB0x137c
0x3cb0	0x3ca2B0x3eeaB0x232fB0x137c
0x3cb0	0x3ca2B0x2dfdB0x232fB0x15e2
0x3cb0	0x3ca2B0x3eeaB0x232fB0x15e2
0x3cb1	0x3ca2B0x3c13
0x3cb1	0x3ca2B0x382e
0x3cb1	0x3ca2B0x2dfdB0x232fB0x137c
0x3cb1	0x3ca2B0x3eeaB0x232fB0x137c
0x3cb1	0x3ca2B0x2dfdB0x232fB0x15e2
0x3cb1	0x3ca2B0x3eeaB0x232fB0x15e2
0x3cb4	0x3ca2B0x3c13
0x3cb4	0x3ca2B0x382e
0x3cb4	0x3ca2B0x2dfdB0x232fB0x137c
0x3cb4	0x3ca2B0x3eeaB0x232fB0x137c
0x3cb4	0x3ca2B0x2dfdB0x232fB0x15e2
0x3cb4	0x3ca2B0x3eeaB0x232fB0x15e2
0x3cb7	0x3ca2B0x3c13
0x3cb7	0x3ca2B0x382e
0x3cb7	0x3ca2B0x2dfdB0x232fB0x137c
0x3cb7	0x3ca2B0x3eeaB0x232fB0x137c
0x3cb7	0x3ca2B0x2dfdB0x232fB0x15e2
0x3cb7	0x3ca2B0x3eeaB0x232fB0x15e2
0x3cb8	0x3ca2B0x3c13
0x3cb8	0x3ca2B0x382e
0x3cb8	0x3ca2B0x2dfdB0x232fB0x137c
0x3cb8	0x3ca2B0x3eeaB0x232fB0x137c
0x3cb8	0x3ca2B0x2dfdB0x232fB0x15e2
0x3cb8	0x3ca2B0x3eeaB0x232fB0x15e2
0x3cbb	0x3ca2B0x3c13
0x3cbb	0x3ca2B0x382e
0x3cbb	0x3ca2B0x2dfdB0x232fB0x137c
0x3cbb	0x3ca2B0x3eeaB0x232fB0x137c
0x3cbb	0x3ca2B0x2dfdB0x232fB0x15e2
0x3cbb	0x3ca2B0x3eeaB0x232fB0x15e2
0x3cbd	0x3ca2B0x3c13
0x3cbd	0x3ca2B0x382e
0x3cbd	0x3ca2B0x2dfdB0x232fB0x137c
0x3cbd	0x3ca2B0x3eeaB0x232fB0x137c
0x3cbd	0x3ca2B0x2dfdB0x232fB0x15e2
0x3cbd	0x3ca2B0x3eeaB0x232fB0x15e2
0x3cc0	0x3ca2B0x3c13
0x3cc0	0x3ca2B0x382e
0x3cc0	0x3ca2B0x2dfdB0x232fB0x137c
0x3cc0	0x3ca2B0x3eeaB0x232fB0x137c
0x3cc0	0x3ca2B0x2dfdB0x232fB0x15e2
0x3cc0	0x3ca2B0x3eeaB0x232fB0x15e2
0x3cc4	0x3ca2B0x3c13
0x3cc4	0x3ca2B0x382e
0x3cc4	0x3ca2B0x2dfdB0x232fB0x137c
0x3cc4	0x3ca2B0x3eeaB0x232fB0x137c
0x3cc4	0x3ca2B0x2dfdB0x232fB0x15e2
0x3cc4	0x3ca2B0x3eeaB0x232fB0x15e2
0x3cca	0x3ca2B0x3c13
0x3cca	0x3ca2B0x382e
0x3cca	0x3ca2B0x2dfdB0x232fB0x137c
0x3cca	0x3ca2B0x3eeaB0x232fB0x137c
0x3cca	0x3ca2B0x2dfdB0x232fB0x15e2
0x3cca	0x3ca2B0x3eeaB0x232fB0x15e2
0x3ccf	0x3ca2B0x3c13
0x3ccf	0x3ca2B0x382e
0x3ccf	0x3ca2B0x2dfdB0x232fB0x137c
0x3ccf	0x3ca2B0x3eeaB0x232fB0x137c
0x3ccf	0x3ca2B0x2dfdB0x232fB0x15e2
0x3ccf	0x3ca2B0x3eeaB0x232fB0x15e2
0x3cd1	0x3ca2B0x3c13
0x3cd1	0x3ca2B0x382e
0x3cd1	0x3ca2B0x2dfdB0x232fB0x137c
0x3cd1	0x3ca2B0x3eeaB0x232fB0x137c
0x3cd1	0x3ca2B0x2dfdB0x232fB0x15e2
0x3cd1	0x3ca2B0x3eeaB0x232fB0x15e2
0x3cd3	0x3ca2B0x3c13
0x3cd3	0x3ca2B0x382e
0x3cd3	0x3ca2B0x2dfdB0x232fB0x137c
0x3cd3	0x3ca2B0x3eeaB0x232fB0x137c
0x3cd3	0x3ca2B0x2dfdB0x232fB0x15e2
0x3cd3	0x3ca2B0x3eeaB0x232fB0x15e2
0x3cd5	0x3ca2B0x3c13
0x3cd5	0x3ca2B0x382e
0x3cd5	0x3ca2B0x2dfdB0x232fB0x137c
0x3cd5	0x3ca2B0x3eeaB0x232fB0x137c
0x3cd5	0x3ca2B0x2dfdB0x232fB0x15e2
0x3cd5	0x3ca2B0x3eeaB0x232fB0x15e2
0x464b	0x464aB0x381f
0x464b	0x464aB0x40c3B0x232fB0x137c
0x464b	0x464aB0x40c3B0x232fB0x15e2
0x464d	0x464aB0x381f
0x464d	0x464aB0x40c3B0x232fB0x137c
0x464d	0x464aB0x40c3B0x232fB0x15e2
0x464e	0x464aB0x381f
0x464e	0x464aB0x40c3B0x232fB0x137c
0x464e	0x464aB0x40c3B0x232fB0x15e2
0x4650	0x464aB0x381f
0x4650	0x464aB0x40c3B0x232fB0x137c
0x4650	0x464aB0x40c3B0x232fB0x15e2
0x4652	0x464aB0x381f
0x4652	0x464aB0x40c3B0x232fB0x137c
0x4652	0x464aB0x40c3B0x232fB0x15e2
0x4654	0x464aB0x381f
0x4654	0x464aB0x40c3B0x232fB0x137c
0x4654	0x464aB0x40c3B0x232fB0x15e2
0x4655	0x464aB0x381f
0x4655	0x464aB0x40c3B0x232fB0x137c
0x4655	0x464aB0x40c3B0x232fB0x15e2
0x4657	0x464aB0x381f
0x4657	0x464aB0x40c3B0x232fB0x137c
0x4657	0x464aB0x40c3B0x232fB0x15e2
0x4658	0x464aB0x381f
0x4658	0x464aB0x40c3B0x232fB0x137c
0x4658	0x464aB0x40c3B0x232fB0x15e2
0x465b	0x464aB0x381f
0x465b	0x464aB0x40c3B0x232fB0x137c
0x465b	0x464aB0x40c3B0x232fB0x15e2
0x465d	0x464aB0x381f
0x465d	0x464aB0x40c3B0x232fB0x137c
0x465d	0x464aB0x40c3B0x232fB0x15e2
0x4660	0x464aB0x381f
0x4660	0x464aB0x40c3B0x232fB0x137c
0x4660	0x464aB0x40c3B0x232fB0x15e2
0x4664	0x464aB0x381f
0x4664	0x464aB0x40c3B0x232fB0x137c
0x4664	0x464aB0x40c3B0x232fB0x15e2
0x466a	0x464aB0x381f
0x466a	0x464aB0x40c3B0x232fB0x137c
0x466a	0x464aB0x40c3B0x232fB0x15e2
0x466f	0x464aB0x381f
0x466f	0x464aB0x40c3B0x232fB0x137c
0x466f	0x464aB0x40c3B0x232fB0x15e2
0x4671	0x464aB0x381f
0x4671	0x464aB0x40c3B0x232fB0x137c
0x4671	0x464aB0x40c3B0x232fB0x15e2
0x4673	0x464aB0x381f
0x4673	0x464aB0x40c3B0x232fB0x137c
0x4673	0x464aB0x40c3B0x232fB0x15e2
0x4675	0x464aB0x381f
0x4675	0x464aB0x40c3B0x232fB0x137c
0x4675	0x464aB0x40c3B0x232fB0x15e2
0x4676	0x464aB0x381f
0x4676	0x464aB0x40c3B0x232fB0x137c
0x4676	0x464aB0x40c3B0x232fB0x15e2
0x48ab	0x48a8B0x488eB0x34deB0x232fB0x137c
0x48ab	0x48a8B0x488eB0x34deB0x232fB0x15e2
0x48ac	0x48a8B0x488eB0x34deB0x232fB0x137c
0x48ac	0x48a8B0x488eB0x34deB0x232fB0x15e2
0x48ad	0x48a8B0x488eB0x34deB0x232fB0x137c
0x48ad	0x48a8B0x488eB0x34deB0x232fB0x15e2
0x48b1	0x48b1B0x488eB0x34deB0x232fB0x137c
0x48b1	0x48b1B0x488eB0x34deB0x232fB0x15e2
0x48b5	0x48b1B0x488eB0x34deB0x232fB0x137c
0x48b5	0x48b1B0x488eB0x34deB0x232fB0x15e2
0x48b7	0x48b1B0x488eB0x34deB0x232fB0x137c
0x48b7	0x48b1B0x488eB0x34deB0x232fB0x15e2
0x48b8	0x48b1B0x488eB0x34deB0x232fB0x137c
0x48b8	0x48b1B0x488eB0x34deB0x232fB0x15e2
0x48c2	0x48c0B0x48eaB0x262
0x48c2	0x48c0B0x4e7fB0x661
0x48c3	0x48c0B0x48eaB0x262
0x48c3	0x48c0B0x4e7fB0x661
0x48c5	0x48c0B0x48eaB0x262
0x48c5	0x48c0B0x4e7fB0x661
0x48c7	0x48c0B0x48eaB0x262
0x48c7	0x48c0B0x4e7fB0x661
0x48c9	0x48c0B0x48eaB0x262
0x48c9	0x48c0B0x4e7fB0x661
0x48ca	0x48c0B0x48eaB0x262
0x48ca	0x48c0B0x4e7fB0x661
0x48cb	0x48c0B0x48eaB0x262
0x48cb	0x48c0B0x4e7fB0x661
0x48cd	0x48c0B0x48eaB0x262
0x48cd	0x48c0B0x4e7fB0x661
0x48cf	0x48c0B0x48eaB0x262
0x48cf	0x48c0B0x4e7fB0x661
0x48d0	0x48c0B0x48eaB0x262
0x48d0	0x48c0B0x4e7fB0x661
0x48d4	0x48d4B0x48eaB0x262
0x48d4	0x48d4B0x4e7fB0x661
0x48f4	0x48f3B0x5628
0x48f4	0x48f3B0x5868
0x48f4	0x48f3B0x5873
0x48f4	0x48f3B0x588d
0x48f4	0x48f3B0x58c6
0x48f4	0x48f3B0x491aB0x297
0x48f4	0x48f3B0x4951B0x381
0x48f4	0x48f3B0x4951B0x3a1
0x48f4	0x48f3B0x491aB0x3c1
0x48f4	0x48f3B0x491aB0x4c6
0x48f4	0x48f3B0x4951B0x543
0x48f4	0x48f3B0x491aB0x563
0x48f4	0x48f3B0x4e88B0x661
0x48f4	0x48f3B0x4f49B0x694
0x48f4	0x48f3B0x4f54B0x694
0x48f4	0x48f3B0x4951B0x6e9
0x48f4	0x48f3B0x4ffcB0x9f4
0x48f4	0x48f3B0x4ffcB0xdb2
0x48f4	0x48f3B0x4ffcB0xe7d
0x48f4	0x48f3B0x4ffcB0x28f3
0x48f4	0x48f3B0x4ffcB0x3bcf
0x48f4	0x48f3B0x4ffcB0x3d64
0x48f4	0x48f3B0x4ffcB0x3e6b
0x48f4	0x48f3B0x4ffcB0x41a3
0x48f4	0x48f3B0x4ffcB0x42c6
0x48f4	0x48f3B0x4ffcB0x434b
0x48f4	0x48f3B0x4fdfB0x563c
0x48f4	0x48f3B0x4fdfB0x5655
0x48f4	0x48f3B0x4fdfB0x5666
0x48f4	0x48f3B0x4fdfB0x5692
0x48f4	0x48f3B0x4ffcB0x37ea0x36ee
0x48f4	0x48f3B0x4ffcB0x44f0B0x36ee
0x48f4	0x48f3B0x4ffcB0x37ea0x43b4B0x36ee
0x48f4	0x48f3B0x4ffcB0x1a5bB0x137c
0x48f4	0x48f3B0x4ffcB0x1b53B0x137c
0x48f4	0x48f3B0x4fdfB0x5741B0x137c
0x48f4	0x48f3B0x4fdfB0x574aB0x137c
0x48f4	0x48f3B0x4fdfB0x5762B0x137c
0x48f4	0x48f3B0x4fdfB0x5773B0x137c
0x48f4	0x48f3B0x4fdfB0x57b0B0x137c
0x48f4	0x48f3B0x57e8B0x232fB0x137c
0x48f4	0x48f3B0x57f3B0x232fB0x137c
0x48f4	0x48f3B0x5971B0x232fB0x137c
0x48f4	0x48f3B0x597fB0x232fB0x137c
0x48f4	0x48f3B0x5999B0x232fB0x137c
0x48f4	0x48f3B0x4ffcB0x2d3bB0x232fB0x137c
0x48f4	0x48f3B0x4ffcB0x2daaB0x232fB0x137c
0x48f4	0x48f3B0x4ffcB0x2f27B0x232fB0x137c
0x48f4	0x48f3B0x4ffcB0x1a5bB0x15e2
0x48f4	0x48f3B0x4ffcB0x1b53B0x15e2
0x48f4	0x48f3B0x4fdfB0x5741B0x15e2
0x48f4	0x48f3B0x4fdfB0x574aB0x15e2
0x48f4	0x48f3B0x4fdfB0x5762B0x15e2
0x48f4	0x48f3B0x4fdfB0x5773B0x15e2
0x48f4	0x48f3B0x4fdfB0x57b0B0x15e2
0x48f4	0x48f3B0x57e8B0x232fB0x15e2
0x48f4	0x48f3B0x57f3B0x232fB0x15e2
0x48f4	0x48f3B0x5971B0x232fB0x15e2
0x48f4	0x48f3B0x597fB0x232fB0x15e2
0x48f4	0x48f3B0x5999B0x232fB0x15e2
0x48f4	0x48f3B0x4ffcB0x2d3bB0x232fB0x15e2
0x48f4	0x48f3B0x4ffcB0x2daaB0x232fB0x15e2
0x48f4	0x48f3B0x4ffcB0x2f27B0x232fB0x15e2
0x48f6	0x48f3B0x5628
0x48f6	0x48f3B0x5868
0x48f6	0x48f3B0x5873
0x48f6	0x48f3B0x588d
0x48f6	0x48f3B0x58c6
0x48f6	0x48f3B0x491aB0x297
0x48f6	0x48f3B0x4951B0x381
0x48f6	0x48f3B0x4951B0x3a1
0x48f6	0x48f3B0x491aB0x3c1
0x48f6	0x48f3B0x491aB0x4c6
0x48f6	0x48f3B0x4951B0x543
0x48f6	0x48f3B0x491aB0x563
0x48f6	0x48f3B0x4e88B0x661
0x48f6	0x48f3B0x4f49B0x694
0x48f6	0x48f3B0x4f54B0x694
0x48f6	0x48f3B0x4951B0x6e9
0x48f6	0x48f3B0x4ffcB0x9f4
0x48f6	0x48f3B0x4ffcB0xdb2
0x48f6	0x48f3B0x4ffcB0xe7d
0x48f6	0x48f3B0x4ffcB0x28f3
0x48f6	0x48f3B0x4ffcB0x3bcf
0x48f6	0x48f3B0x4ffcB0x3d64
0x48f6	0x48f3B0x4ffcB0x3e6b
0x48f6	0x48f3B0x4ffcB0x41a3
0x48f6	0x48f3B0x4ffcB0x42c6
0x48f6	0x48f3B0x4ffcB0x434b
0x48f6	0x48f3B0x4fdfB0x563c
0x48f6	0x48f3B0x4fdfB0x5655
0x48f6	0x48f3B0x4fdfB0x5666
0x48f6	0x48f3B0x4fdfB0x5692
0x48f6	0x48f3B0x4ffcB0x37ea0x36ee
0x48f6	0x48f3B0x4ffcB0x44f0B0x36ee
0x48f6	0x48f3B0x4ffcB0x37ea0x43b4B0x36ee
0x48f6	0x48f3B0x4ffcB0x1a5bB0x137c
0x48f6	0x48f3B0x4ffcB0x1b53B0x137c
0x48f6	0x48f3B0x4fdfB0x5741B0x137c
0x48f6	0x48f3B0x4fdfB0x574aB0x137c
0x48f6	0x48f3B0x4fdfB0x5762B0x137c
0x48f6	0x48f3B0x4fdfB0x5773B0x137c
0x48f6	0x48f3B0x4fdfB0x57b0B0x137c
0x48f6	0x48f3B0x57e8B0x232fB0x137c
0x48f6	0x48f3B0x57f3B0x232fB0x137c
0x48f6	0x48f3B0x5971B0x232fB0x137c
0x48f6	0x48f3B0x597fB0x232fB0x137c
0x48f6	0x48f3B0x5999B0x232fB0x137c
0x48f6	0x48f3B0x4ffcB0x2d3bB0x232fB0x137c
0x48f6	0x48f3B0x4ffcB0x2daaB0x232fB0x137c
0x48f6	0x48f3B0x4ffcB0x2f27B0x232fB0x137c
0x48f6	0x48f3B0x4ffcB0x1a5bB0x15e2
0x48f6	0x48f3B0x4ffcB0x1b53B0x15e2
0x48f6	0x48f3B0x4fdfB0x5741B0x15e2
0x48f6	0x48f3B0x4fdfB0x574aB0x15e2
0x48f6	0x48f3B0x4fdfB0x5762B0x15e2
0x48f6	0x48f3B0x4fdfB0x5773B0x15e2
0x48f6	0x48f3B0x4fdfB0x57b0B0x15e2
0x48f6	0x48f3B0x57e8B0x232fB0x15e2
0x48f6	0x48f3B0x57f3B0x232fB0x15e2
0x48f6	0x48f3B0x5971B0x232fB0x15e2
0x48f6	0x48f3B0x597fB0x232fB0x15e2
0x48f6	0x48f3B0x5999B0x232fB0x15e2
0x48f6	0x48f3B0x4ffcB0x2d3bB0x232fB0x15e2
0x48f6	0x48f3B0x4ffcB0x2daaB0x232fB0x15e2
0x48f6	0x48f3B0x4ffcB0x2f27B0x232fB0x15e2
0x48f8	0x48f3B0x5628
0x48f8	0x48f3B0x5868
0x48f8	0x48f3B0x5873
0x48f8	0x48f3B0x588d
0x48f8	0x48f3B0x58c6
0x48f8	0x48f3B0x491aB0x297
0x48f8	0x48f3B0x4951B0x381
0x48f8	0x48f3B0x4951B0x3a1
0x48f8	0x48f3B0x491aB0x3c1
0x48f8	0x48f3B0x491aB0x4c6
0x48f8	0x48f3B0x4951B0x543
0x48f8	0x48f3B0x491aB0x563
0x48f8	0x48f3B0x4e88B0x661
0x48f8	0x48f3B0x4f49B0x694
0x48f8	0x48f3B0x4f54B0x694
0x48f8	0x48f3B0x4951B0x6e9
0x48f8	0x48f3B0x4ffcB0x9f4
0x48f8	0x48f3B0x4ffcB0xdb2
0x48f8	0x48f3B0x4ffcB0xe7d
0x48f8	0x48f3B0x4ffcB0x28f3
0x48f8	0x48f3B0x4ffcB0x3bcf
0x48f8	0x48f3B0x4ffcB0x3d64
0x48f8	0x48f3B0x4ffcB0x3e6b
0x48f8	0x48f3B0x4ffcB0x41a3
0x48f8	0x48f3B0x4ffcB0x42c6
0x48f8	0x48f3B0x4ffcB0x434b
0x48f8	0x48f3B0x4fdfB0x563c
0x48f8	0x48f3B0x4fdfB0x5655
0x48f8	0x48f3B0x4fdfB0x5666
0x48f8	0x48f3B0x4fdfB0x5692
0x48f8	0x48f3B0x4ffcB0x37ea0x36ee
0x48f8	0x48f3B0x4ffcB0x44f0B0x36ee
0x48f8	0x48f3B0x4ffcB0x37ea0x43b4B0x36ee
0x48f8	0x48f3B0x4ffcB0x1a5bB0x137c
0x48f8	0x48f3B0x4ffcB0x1b53B0x137c
0x48f8	0x48f3B0x4fdfB0x5741B0x137c
0x48f8	0x48f3B0x4fdfB0x574aB0x137c
0x48f8	0x48f3B0x4fdfB0x5762B0x137c
0x48f8	0x48f3B0x4fdfB0x5773B0x137c
0x48f8	0x48f3B0x4fdfB0x57b0B0x137c
0x48f8	0x48f3B0x57e8B0x232fB0x137c
0x48f8	0x48f3B0x57f3B0x232fB0x137c
0x48f8	0x48f3B0x5971B0x232fB0x137c
0x48f8	0x48f3B0x597fB0x232fB0x137c
0x48f8	0x48f3B0x5999B0x232fB0x137c
0x48f8	0x48f3B0x4ffcB0x2d3bB0x232fB0x137c
0x48f8	0x48f3B0x4ffcB0x2daaB0x232fB0x137c
0x48f8	0x48f3B0x4ffcB0x2f27B0x232fB0x137c
0x48f8	0x48f3B0x4ffcB0x1a5bB0x15e2
0x48f8	0x48f3B0x4ffcB0x1b53B0x15e2
0x48f8	0x48f3B0x4fdfB0x5741B0x15e2
0x48f8	0x48f3B0x4fdfB0x574aB0x15e2
0x48f8	0x48f3B0x4fdfB0x5762B0x15e2
0x48f8	0x48f3B0x4fdfB0x5773B0x15e2
0x48f8	0x48f3B0x4fdfB0x57b0B0x15e2
0x48f8	0x48f3B0x57e8B0x232fB0x15e2
0x48f8	0x48f3B0x57f3B0x232fB0x15e2
0x48f8	0x48f3B0x5971B0x232fB0x15e2
0x48f8	0x48f3B0x597fB0x232fB0x15e2
0x48f8	0x48f3B0x5999B0x232fB0x15e2
0x48f8	0x48f3B0x4ffcB0x2d3bB0x232fB0x15e2
0x48f8	0x48f3B0x4ffcB0x2daaB0x232fB0x15e2
0x48f8	0x48f3B0x4ffcB0x2f27B0x232fB0x15e2
0x48fa	0x48f3B0x5628
0x48fa	0x48f3B0x5868
0x48fa	0x48f3B0x5873
0x48fa	0x48f3B0x588d
0x48fa	0x48f3B0x58c6
0x48fa	0x48f3B0x491aB0x297
0x48fa	0x48f3B0x4951B0x381
0x48fa	0x48f3B0x4951B0x3a1
0x48fa	0x48f3B0x491aB0x3c1
0x48fa	0x48f3B0x491aB0x4c6
0x48fa	0x48f3B0x4951B0x543
0x48fa	0x48f3B0x491aB0x563
0x48fa	0x48f3B0x4e88B0x661
0x48fa	0x48f3B0x4f49B0x694
0x48fa	0x48f3B0x4f54B0x694
0x48fa	0x48f3B0x4951B0x6e9
0x48fa	0x48f3B0x4ffcB0x9f4
0x48fa	0x48f3B0x4ffcB0xdb2
0x48fa	0x48f3B0x4ffcB0xe7d
0x48fa	0x48f3B0x4ffcB0x28f3
0x48fa	0x48f3B0x4ffcB0x3bcf
0x48fa	0x48f3B0x4ffcB0x3d64
0x48fa	0x48f3B0x4ffcB0x3e6b
0x48fa	0x48f3B0x4ffcB0x41a3
0x48fa	0x48f3B0x4ffcB0x42c6
0x48fa	0x48f3B0x4ffcB0x434b
0x48fa	0x48f3B0x4fdfB0x563c
0x48fa	0x48f3B0x4fdfB0x5655
0x48fa	0x48f3B0x4fdfB0x5666
0x48fa	0x48f3B0x4fdfB0x5692
0x48fa	0x48f3B0x4ffcB0x37ea0x36ee
0x48fa	0x48f3B0x4ffcB0x44f0B0x36ee
0x48fa	0x48f3B0x4ffcB0x37ea0x43b4B0x36ee
0x48fa	0x48f3B0x4ffcB0x1a5bB0x137c
0x48fa	0x48f3B0x4ffcB0x1b53B0x137c
0x48fa	0x48f3B0x4fdfB0x5741B0x137c
0x48fa	0x48f3B0x4fdfB0x574aB0x137c
0x48fa	0x48f3B0x4fdfB0x5762B0x137c
0x48fa	0x48f3B0x4fdfB0x5773B0x137c
0x48fa	0x48f3B0x4fdfB0x57b0B0x137c
0x48fa	0x48f3B0x57e8B0x232fB0x137c
0x48fa	0x48f3B0x57f3B0x232fB0x137c
0x48fa	0x48f3B0x5971B0x232fB0x137c
0x48fa	0x48f3B0x597fB0x232fB0x137c
0x48fa	0x48f3B0x5999B0x232fB0x137c
0x48fa	0x48f3B0x4ffcB0x2d3bB0x232fB0x137c
0x48fa	0x48f3B0x4ffcB0x2daaB0x232fB0x137c
0x48fa	0x48f3B0x4ffcB0x2f27B0x232fB0x137c
0x48fa	0x48f3B0x4ffcB0x1a5bB0x15e2
0x48fa	0x48f3B0x4ffcB0x1b53B0x15e2
0x48fa	0x48f3B0x4fdfB0x5741B0x15e2
0x48fa	0x48f3B0x4fdfB0x574aB0x15e2
0x48fa	0x48f3B0x4fdfB0x5762B0x15e2
0x48fa	0x48f3B0x4fdfB0x5773B0x15e2
0x48fa	0x48f3B0x4fdfB0x57b0B0x15e2
0x48fa	0x48f3B0x57e8B0x232fB0x15e2
0x48fa	0x48f3B0x57f3B0x232fB0x15e2
0x48fa	0x48f3B0x5971B0x232fB0x15e2
0x48fa	0x48f3B0x597fB0x232fB0x15e2
0x48fa	0x48f3B0x5999B0x232fB0x15e2
0x48fa	0x48f3B0x4ffcB0x2d3bB0x232fB0x15e2
0x48fa	0x48f3B0x4ffcB0x2daaB0x232fB0x15e2
0x48fa	0x48f3B0x4ffcB0x2f27B0x232fB0x15e2
0x48fb	0x48f3B0x5628
0x48fb	0x48f3B0x5868
0x48fb	0x48f3B0x5873
0x48fb	0x48f3B0x588d
0x48fb	0x48f3B0x58c6
0x48fb	0x48f3B0x491aB0x297
0x48fb	0x48f3B0x4951B0x381
0x48fb	0x48f3B0x4951B0x3a1
0x48fb	0x48f3B0x491aB0x3c1
0x48fb	0x48f3B0x491aB0x4c6
0x48fb	0x48f3B0x4951B0x543
0x48fb	0x48f3B0x491aB0x563
0x48fb	0x48f3B0x4e88B0x661
0x48fb	0x48f3B0x4f49B0x694
0x48fb	0x48f3B0x4f54B0x694
0x48fb	0x48f3B0x4951B0x6e9
0x48fb	0x48f3B0x4ffcB0x9f4
0x48fb	0x48f3B0x4ffcB0xdb2
0x48fb	0x48f3B0x4ffcB0xe7d
0x48fb	0x48f3B0x4ffcB0x28f3
0x48fb	0x48f3B0x4ffcB0x3bcf
0x48fb	0x48f3B0x4ffcB0x3d64
0x48fb	0x48f3B0x4ffcB0x3e6b
0x48fb	0x48f3B0x4ffcB0x41a3
0x48fb	0x48f3B0x4ffcB0x42c6
0x48fb	0x48f3B0x4ffcB0x434b
0x48fb	0x48f3B0x4fdfB0x563c
0x48fb	0x48f3B0x4fdfB0x5655
0x48fb	0x48f3B0x4fdfB0x5666
0x48fb	0x48f3B0x4fdfB0x5692
0x48fb	0x48f3B0x4ffcB0x37ea0x36ee
0x48fb	0x48f3B0x4ffcB0x44f0B0x36ee
0x48fb	0x48f3B0x4ffcB0x37ea0x43b4B0x36ee
0x48fb	0x48f3B0x4ffcB0x1a5bB0x137c
0x48fb	0x48f3B0x4ffcB0x1b53B0x137c
0x48fb	0x48f3B0x4fdfB0x5741B0x137c
0x48fb	0x48f3B0x4fdfB0x574aB0x137c
0x48fb	0x48f3B0x4fdfB0x5762B0x137c
0x48fb	0x48f3B0x4fdfB0x5773B0x137c
0x48fb	0x48f3B0x4fdfB0x57b0B0x137c
0x48fb	0x48f3B0x57e8B0x232fB0x137c
0x48fb	0x48f3B0x57f3B0x232fB0x137c
0x48fb	0x48f3B0x5971B0x232fB0x137c
0x48fb	0x48f3B0x597fB0x232fB0x137c
0x48fb	0x48f3B0x5999B0x232fB0x137c
0x48fb	0x48f3B0x4ffcB0x2d3bB0x232fB0x137c
0x48fb	0x48f3B0x4ffcB0x2daaB0x232fB0x137c
0x48fb	0x48f3B0x4ffcB0x2f27B0x232fB0x137c
0x48fb	0x48f3B0x4ffcB0x1a5bB0x15e2
0x48fb	0x48f3B0x4ffcB0x1b53B0x15e2
0x48fb	0x48f3B0x4fdfB0x5741B0x15e2
0x48fb	0x48f3B0x4fdfB0x574aB0x15e2
0x48fb	0x48f3B0x4fdfB0x5762B0x15e2
0x48fb	0x48f3B0x4fdfB0x5773B0x15e2
0x48fb	0x48f3B0x4fdfB0x57b0B0x15e2
0x48fb	0x48f3B0x57e8B0x232fB0x15e2
0x48fb	0x48f3B0x57f3B0x232fB0x15e2
0x48fb	0x48f3B0x5971B0x232fB0x15e2
0x48fb	0x48f3B0x597fB0x232fB0x15e2
0x48fb	0x48f3B0x5999B0x232fB0x15e2
0x48fb	0x48f3B0x4ffcB0x2d3bB0x232fB0x15e2
0x48fb	0x48f3B0x4ffcB0x2daaB0x232fB0x15e2
0x48fb	0x48f3B0x4ffcB0x2f27B0x232fB0x15e2
0x48fd	0x48f3B0x5628
0x48fd	0x48f3B0x5868
0x48fd	0x48f3B0x5873
0x48fd	0x48f3B0x588d
0x48fd	0x48f3B0x58c6
0x48fd	0x48f3B0x491aB0x297
0x48fd	0x48f3B0x4951B0x381
0x48fd	0x48f3B0x4951B0x3a1
0x48fd	0x48f3B0x491aB0x3c1
0x48fd	0x48f3B0x491aB0x4c6
0x48fd	0x48f3B0x4951B0x543
0x48fd	0x48f3B0x491aB0x563
0x48fd	0x48f3B0x4e88B0x661
0x48fd	0x48f3B0x4f49B0x694
0x48fd	0x48f3B0x4f54B0x694
0x48fd	0x48f3B0x4951B0x6e9
0x48fd	0x48f3B0x4ffcB0x9f4
0x48fd	0x48f3B0x4ffcB0xdb2
0x48fd	0x48f3B0x4ffcB0xe7d
0x48fd	0x48f3B0x4ffcB0x28f3
0x48fd	0x48f3B0x4ffcB0x3bcf
0x48fd	0x48f3B0x4ffcB0x3d64
0x48fd	0x48f3B0x4ffcB0x3e6b
0x48fd	0x48f3B0x4ffcB0x41a3
0x48fd	0x48f3B0x4ffcB0x42c6
0x48fd	0x48f3B0x4ffcB0x434b
0x48fd	0x48f3B0x4fdfB0x563c
0x48fd	0x48f3B0x4fdfB0x5655
0x48fd	0x48f3B0x4fdfB0x5666
0x48fd	0x48f3B0x4fdfB0x5692
0x48fd	0x48f3B0x4ffcB0x37ea0x36ee
0x48fd	0x48f3B0x4ffcB0x44f0B0x36ee
0x48fd	0x48f3B0x4ffcB0x37ea0x43b4B0x36ee
0x48fd	0x48f3B0x4ffcB0x1a5bB0x137c
0x48fd	0x48f3B0x4ffcB0x1b53B0x137c
0x48fd	0x48f3B0x4fdfB0x5741B0x137c
0x48fd	0x48f3B0x4fdfB0x574aB0x137c
0x48fd	0x48f3B0x4fdfB0x5762B0x137c
0x48fd	0x48f3B0x4fdfB0x5773B0x137c
0x48fd	0x48f3B0x4fdfB0x57b0B0x137c
0x48fd	0x48f3B0x57e8B0x232fB0x137c
0x48fd	0x48f3B0x57f3B0x232fB0x137c
0x48fd	0x48f3B0x5971B0x232fB0x137c
0x48fd	0x48f3B0x597fB0x232fB0x137c
0x48fd	0x48f3B0x5999B0x232fB0x137c
0x48fd	0x48f3B0x4ffcB0x2d3bB0x232fB0x137c
0x48fd	0x48f3B0x4ffcB0x2daaB0x232fB0x137c
0x48fd	0x48f3B0x4ffcB0x2f27B0x232fB0x137c
0x48fd	0x48f3B0x4ffcB0x1a5bB0x15e2
0x48fd	0x48f3B0x4ffcB0x1b53B0x15e2
0x48fd	0x48f3B0x4fdfB0x5741B0x15e2
0x48fd	0x48f3B0x4fdfB0x574aB0x15e2
0x48fd	0x48f3B0x4fdfB0x5762B0x15e2
0x48fd	0x48f3B0x4fdfB0x5773B0x15e2
0x48fd	0x48f3B0x4fdfB0x57b0B0x15e2
0x48fd	0x48f3B0x57e8B0x232fB0x15e2
0x48fd	0x48f3B0x57f3B0x232fB0x15e2
0x48fd	0x48f3B0x5971B0x232fB0x15e2
0x48fd	0x48f3B0x597fB0x232fB0x15e2
0x48fd	0x48f3B0x5999B0x232fB0x15e2
0x48fd	0x48f3B0x4ffcB0x2d3bB0x232fB0x15e2
0x48fd	0x48f3B0x4ffcB0x2daaB0x232fB0x15e2
0x48fd	0x48f3B0x4ffcB0x2f27B0x232fB0x15e2
0x48ff	0x48f3B0x5628
0x48ff	0x48f3B0x5868
0x48ff	0x48f3B0x5873
0x48ff	0x48f3B0x588d
0x48ff	0x48f3B0x58c6
0x48ff	0x48f3B0x491aB0x297
0x48ff	0x48f3B0x4951B0x381
0x48ff	0x48f3B0x4951B0x3a1
0x48ff	0x48f3B0x491aB0x3c1
0x48ff	0x48f3B0x491aB0x4c6
0x48ff	0x48f3B0x4951B0x543
0x48ff	0x48f3B0x491aB0x563
0x48ff	0x48f3B0x4e88B0x661
0x48ff	0x48f3B0x4f49B0x694
0x48ff	0x48f3B0x4f54B0x694
0x48ff	0x48f3B0x4951B0x6e9
0x48ff	0x48f3B0x4ffcB0x9f4
0x48ff	0x48f3B0x4ffcB0xdb2
0x48ff	0x48f3B0x4ffcB0xe7d
0x48ff	0x48f3B0x4ffcB0x28f3
0x48ff	0x48f3B0x4ffcB0x3bcf
0x48ff	0x48f3B0x4ffcB0x3d64
0x48ff	0x48f3B0x4ffcB0x3e6b
0x48ff	0x48f3B0x4ffcB0x41a3
0x48ff	0x48f3B0x4ffcB0x42c6
0x48ff	0x48f3B0x4ffcB0x434b
0x48ff	0x48f3B0x4fdfB0x563c
0x48ff	0x48f3B0x4fdfB0x5655
0x48ff	0x48f3B0x4fdfB0x5666
0x48ff	0x48f3B0x4fdfB0x5692
0x48ff	0x48f3B0x4ffcB0x37ea0x36ee
0x48ff	0x48f3B0x4ffcB0x44f0B0x36ee
0x48ff	0x48f3B0x4ffcB0x37ea0x43b4B0x36ee
0x48ff	0x48f3B0x4ffcB0x1a5bB0x137c
0x48ff	0x48f3B0x4ffcB0x1b53B0x137c
0x48ff	0x48f3B0x4fdfB0x5741B0x137c
0x48ff	0x48f3B0x4fdfB0x574aB0x137c
0x48ff	0x48f3B0x4fdfB0x5762B0x137c
0x48ff	0x48f3B0x4fdfB0x5773B0x137c
0x48ff	0x48f3B0x4fdfB0x57b0B0x137c
0x48ff	0x48f3B0x57e8B0x232fB0x137c
0x48ff	0x48f3B0x57f3B0x232fB0x137c
0x48ff	0x48f3B0x5971B0x232fB0x137c
0x48ff	0x48f3B0x597fB0x232fB0x137c
0x48ff	0x48f3B0x5999B0x232fB0x137c
0x48ff	0x48f3B0x4ffcB0x2d3bB0x232fB0x137c
0x48ff	0x48f3B0x4ffcB0x2daaB0x232fB0x137c
0x48ff	0x48f3B0x4ffcB0x2f27B0x232fB0x137c
0x48ff	0x48f3B0x4ffcB0x1a5bB0x15e2
0x48ff	0x48f3B0x4ffcB0x1b53B0x15e2
0x48ff	0x48f3B0x4fdfB0x5741B0x15e2
0x48ff	0x48f3B0x4fdfB0x574aB0x15e2
0x48ff	0x48f3B0x4fdfB0x5762B0x15e2
0x48ff	0x48f3B0x4fdfB0x5773B0x15e2
0x48ff	0x48f3B0x4fdfB0x57b0B0x15e2
0x48ff	0x48f3B0x57e8B0x232fB0x15e2
0x48ff	0x48f3B0x57f3B0x232fB0x15e2
0x48ff	0x48f3B0x5971B0x232fB0x15e2
0x48ff	0x48f3B0x597fB0x232fB0x15e2
0x48ff	0x48f3B0x5999B0x232fB0x15e2
0x48ff	0x48f3B0x4ffcB0x2d3bB0x232fB0x15e2
0x48ff	0x48f3B0x4ffcB0x2daaB0x232fB0x15e2
0x48ff	0x48f3B0x4ffcB0x2f27B0x232fB0x15e2
0x4900	0x48f3B0x5628
0x4900	0x48f3B0x5868
0x4900	0x48f3B0x5873
0x4900	0x48f3B0x588d
0x4900	0x48f3B0x58c6
0x4900	0x48f3B0x491aB0x297
0x4900	0x48f3B0x4951B0x381
0x4900	0x48f3B0x4951B0x3a1
0x4900	0x48f3B0x491aB0x3c1
0x4900	0x48f3B0x491aB0x4c6
0x4900	0x48f3B0x4951B0x543
0x4900	0x48f3B0x491aB0x563
0x4900	0x48f3B0x4e88B0x661
0x4900	0x48f3B0x4f49B0x694
0x4900	0x48f3B0x4f54B0x694
0x4900	0x48f3B0x4951B0x6e9
0x4900	0x48f3B0x4ffcB0x9f4
0x4900	0x48f3B0x4ffcB0xdb2
0x4900	0x48f3B0x4ffcB0xe7d
0x4900	0x48f3B0x4ffcB0x28f3
0x4900	0x48f3B0x4ffcB0x3bcf
0x4900	0x48f3B0x4ffcB0x3d64
0x4900	0x48f3B0x4ffcB0x3e6b
0x4900	0x48f3B0x4ffcB0x41a3
0x4900	0x48f3B0x4ffcB0x42c6
0x4900	0x48f3B0x4ffcB0x434b
0x4900	0x48f3B0x4fdfB0x563c
0x4900	0x48f3B0x4fdfB0x5655
0x4900	0x48f3B0x4fdfB0x5666
0x4900	0x48f3B0x4fdfB0x5692
0x4900	0x48f3B0x4ffcB0x37ea0x36ee
0x4900	0x48f3B0x4ffcB0x44f0B0x36ee
0x4900	0x48f3B0x4ffcB0x37ea0x43b4B0x36ee
0x4900	0x48f3B0x4ffcB0x1a5bB0x137c
0x4900	0x48f3B0x4ffcB0x1b53B0x137c
0x4900	0x48f3B0x4fdfB0x5741B0x137c
0x4900	0x48f3B0x4fdfB0x574aB0x137c
0x4900	0x48f3B0x4fdfB0x5762B0x137c
0x4900	0x48f3B0x4fdfB0x5773B0x137c
0x4900	0x48f3B0x4fdfB0x57b0B0x137c
0x4900	0x48f3B0x57e8B0x232fB0x137c
0x4900	0x48f3B0x57f3B0x232fB0x137c
0x4900	0x48f3B0x5971B0x232fB0x137c
0x4900	0x48f3B0x597fB0x232fB0x137c
0x4900	0x48f3B0x5999B0x232fB0x137c
0x4900	0x48f3B0x4ffcB0x2d3bB0x232fB0x137c
0x4900	0x48f3B0x4ffcB0x2daaB0x232fB0x137c
0x4900	0x48f3B0x4ffcB0x2f27B0x232fB0x137c
0x4900	0x48f3B0x4ffcB0x1a5bB0x15e2
0x4900	0x48f3B0x4ffcB0x1b53B0x15e2
0x4900	0x48f3B0x4fdfB0x5741B0x15e2
0x4900	0x48f3B0x4fdfB0x574aB0x15e2
0x4900	0x48f3B0x4fdfB0x5762B0x15e2
0x4900	0x48f3B0x4fdfB0x5773B0x15e2
0x4900	0x48f3B0x4fdfB0x57b0B0x15e2
0x4900	0x48f3B0x57e8B0x232fB0x15e2
0x4900	0x48f3B0x57f3B0x232fB0x15e2
0x4900	0x48f3B0x5971B0x232fB0x15e2
0x4900	0x48f3B0x597fB0x232fB0x15e2
0x4900	0x48f3B0x5999B0x232fB0x15e2
0x4900	0x48f3B0x4ffcB0x2d3bB0x232fB0x15e2
0x4900	0x48f3B0x4ffcB0x2daaB0x232fB0x15e2
0x4900	0x48f3B0x4ffcB0x2f27B0x232fB0x15e2
0x4904	0x4904B0x5628
0x4904	0x4904B0x5868
0x4904	0x4904B0x5873
0x4904	0x4904B0x588d
0x4904	0x4904B0x58c6
0x4904	0x4904B0x491aB0x297
0x4904	0x4904B0x4951B0x381
0x4904	0x4904B0x4951B0x3a1
0x4904	0x4904B0x491aB0x3c1
0x4904	0x4904B0x491aB0x4c6
0x4904	0x4904B0x4951B0x543
0x4904	0x4904B0x491aB0x563
0x4904	0x4904B0x4e88B0x661
0x4904	0x4904B0x4f49B0x694
0x4904	0x4904B0x4f54B0x694
0x4904	0x4904B0x4951B0x6e9
0x4904	0x4904B0x4ffcB0x9f4
0x4904	0x4904B0x4ffcB0xdb2
0x4904	0x4904B0x4ffcB0xe7d
0x4904	0x4904B0x4ffcB0x28f3
0x4904	0x4904B0x4ffcB0x3bcf
0x4904	0x4904B0x4ffcB0x3d64
0x4904	0x4904B0x4ffcB0x3e6b
0x4904	0x4904B0x4ffcB0x41a3
0x4904	0x4904B0x4ffcB0x42c6
0x4904	0x4904B0x4ffcB0x434b
0x4904	0x4904B0x4fdfB0x563c
0x4904	0x4904B0x4fdfB0x5655
0x4904	0x4904B0x4fdfB0x5666
0x4904	0x4904B0x4fdfB0x5692
0x4904	0x4904B0x4ffcB0x37ea0x36ee
0x4904	0x4904B0x4ffcB0x44f0B0x36ee
0x4904	0x4904B0x4ffcB0x37ea0x43b4B0x36ee
0x4904	0x4904B0x4ffcB0x1a5bB0x137c
0x4904	0x4904B0x4ffcB0x1b53B0x137c
0x4904	0x4904B0x4fdfB0x5741B0x137c
0x4904	0x4904B0x4fdfB0x574aB0x137c
0x4904	0x4904B0x4fdfB0x5762B0x137c
0x4904	0x4904B0x4fdfB0x5773B0x137c
0x4904	0x4904B0x4fdfB0x57b0B0x137c
0x4904	0x4904B0x57e8B0x232fB0x137c
0x4904	0x4904B0x57f3B0x232fB0x137c
0x4904	0x4904B0x5971B0x232fB0x137c
0x4904	0x4904B0x597fB0x232fB0x137c
0x4904	0x4904B0x5999B0x232fB0x137c
0x4904	0x4904B0x4ffcB0x2d3bB0x232fB0x137c
0x4904	0x4904B0x4ffcB0x2daaB0x232fB0x137c
0x4904	0x4904B0x4ffcB0x2f27B0x232fB0x137c
0x4904	0x4904B0x4ffcB0x1a5bB0x15e2
0x4904	0x4904B0x4ffcB0x1b53B0x15e2
0x4904	0x4904B0x4fdfB0x5741B0x15e2
0x4904	0x4904B0x4fdfB0x574aB0x15e2
0x4904	0x4904B0x4fdfB0x5762B0x15e2
0x4904	0x4904B0x4fdfB0x5773B0x15e2
0x4904	0x4904B0x4fdfB0x57b0B0x15e2
0x4904	0x4904B0x57e8B0x232fB0x15e2
0x4904	0x4904B0x57f3B0x232fB0x15e2
0x4904	0x4904B0x5971B0x232fB0x15e2
0x4904	0x4904B0x597fB0x232fB0x15e2
0x4904	0x4904B0x5999B0x232fB0x15e2
0x4904	0x4904B0x4ffcB0x2d3bB0x232fB0x15e2
0x4904	0x4904B0x4ffcB0x2daaB0x232fB0x15e2
0x4904	0x4904B0x4ffcB0x2f27B0x232fB0x15e2
0x4926	0x4925B0x2b9
0x4926	0x4925B0x312
0x4926	0x4925B0x44c
0x4926	0x4925B0x5d8
0x4926	0x4925B0x6c9
0x4926	0x4925B0x75d
0x4928	0x4925B0x2b9
0x4928	0x4925B0x312
0x4928	0x4925B0x44c
0x4928	0x4925B0x5d8
0x4928	0x4925B0x6c9
0x4928	0x4925B0x75d
0x492c	0x4925B0x2b9
0x492c	0x4925B0x312
0x492c	0x4925B0x44c
0x492c	0x4925B0x5d8
0x492c	0x4925B0x6c9
0x492c	0x4925B0x75d
0x492d	0x4925B0x2b9
0x492d	0x4925B0x312
0x492d	0x4925B0x44c
0x492d	0x4925B0x5d8
0x492d	0x4925B0x6c9
0x492d	0x4925B0x75d
0x492e	0x4925B0x2b9
0x492e	0x4925B0x312
0x492e	0x4925B0x44c
0x492e	0x4925B0x5d8
0x492e	0x4925B0x6c9
0x492e	0x4925B0x75d
0x492f	0x4925B0x2b9
0x492f	0x4925B0x312
0x492f	0x4925B0x44c
0x492f	0x4925B0x5d8
0x492f	0x4925B0x6c9
0x492f	0x4925B0x75d
0x4933	0x4933B0x2b9
0x4933	0x4933B0x312
0x4933	0x4933B0x44c
0x4933	0x4933B0x5d8
0x4933	0x4933B0x6c9
0x4933	0x4933B0x75d
0x4939	0x4937B0x2b9
0x4939	0x4937B0x312
0x4939	0x4937B0x44c
0x4939	0x4937B0x5d8
0x4939	0x4937B0x6c9
0x4939	0x4937B0x75d
0x496f	0x496eB0x54d6
0x496f	0x496eB0x54fe
0x496f	0x496eB0x5510
0x496f	0x496eB0x4992B0x49beB0x9d4d3
0x496f	0x496eB0x4992B0x4c81B0x504
0x496f	0x496eB0x4992B0x4ca1B0x504
0x496f	0x496eB0x4992B0x49beB0xe6928
0x496f	0x496eB0x521fB0x11c4
0x496f	0x496eB0x5257B0x11c4
0x496f	0x496eB0x4992B0x49beB0x1716B0x11c4
0x496f	0x496eB0x4992B0x501dB0x650
0x496f	0x496eB0x4992B0x5491B0x137c
0x496f	0x496eB0x4992B0x49beB0x19c0B0x137c
0x496f	0x496eB0x4992B0x539fB0x546fB0x1ab5B0x137c
0x496f	0x496eB0x552dB0x15c7
0x496f	0x496eB0x4992B0x5491B0x15e2
0x496f	0x496eB0x4992B0x49beB0x19c0B0x15e2
0x496f	0x496eB0x4992B0x539fB0x546fB0x1ab5B0x15e2
0x496f	0x496eB0x5a55B0x467aB0x464aB0x381f
0x496f	0x496eB0x4992B0x49beB0x4858B0x47b8B0x467aB0x464aB0x381f
0x496f	0x496eB0x5a55B0x467aB0x3ca2B0x3c13
0x496f	0x496eB0x4992B0x49beB0x4858B0x47b8B0x467aB0x3ca2B0x3c13
0x496f	0x496eB0x5a55B0x467aB0x3ca2B0x382e
0x496f	0x496eB0x4992B0x49beB0x4858B0x47b8B0x467aB0x3ca2B0x382e
0x496f	0x496eB0x5a55B0x467aB0x3ca2B0x2dfdB0x232fB0x137c
0x496f	0x496eB0x4992B0x49beB0x4858B0x47b8B0x467aB0x3ca2B0x2dfdB0x232fB0x137c
0x496f	0x496eB0x5a55B0x467aB0x3ca2B0x3eeaB0x232fB0x137c
0x496f	0x496eB0x4992B0x49beB0x4858B0x47b8B0x467aB0x3ca2B0x3eeaB0x232fB0x137c
0x496f	0x496eB0x5a55B0x467aB0x464aB0x40c3B0x232fB0x137c
0x496f	0x496eB0x4992B0x49beB0x4858B0x47b8B0x467aB0x464aB0x40c3B0x232fB0x137c
0x496f	0x496eB0x5a55B0x467aB0x3ca2B0x2dfdB0x232fB0x15e2
0x496f	0x496eB0x4992B0x49beB0x4858B0x47b8B0x467aB0x3ca2B0x2dfdB0x232fB0x15e2
0x496f	0x496eB0x5a55B0x467aB0x3ca2B0x3eeaB0x232fB0x15e2
0x496f	0x496eB0x4992B0x49beB0x4858B0x47b8B0x467aB0x3ca2B0x3eeaB0x232fB0x15e2
0x496f	0x496eB0x5a55B0x467aB0x464aB0x40c3B0x232fB0x15e2
0x496f	0x496eB0x4992B0x49beB0x4858B0x47b8B0x467aB0x464aB0x40c3B0x232fB0x15e2
0x4974	0x4971B0x54d6
0x4974	0x4971B0x54fe
0x4974	0x4971B0x5510
0x4974	0x4971B0x4992B0x49beB0x9d4d3
0x4974	0x4971B0x4992B0x4c81B0x504
0x4974	0x4971B0x4992B0x4ca1B0x504
0x4974	0x4971B0x4992B0x49beB0xe6928
0x4974	0x4971B0x521fB0x11c4
0x4974	0x4971B0x5257B0x11c4
0x4974	0x4971B0x4992B0x49beB0x1716B0x11c4
0x4974	0x4971B0x4992B0x501dB0x650
0x4974	0x4971B0x4992B0x5491B0x137c
0x4974	0x4971B0x4992B0x49beB0x19c0B0x137c
0x4974	0x4971B0x4992B0x539fB0x546fB0x1ab5B0x137c
0x4974	0x4971B0x552dB0x15c7
0x4974	0x4971B0x4992B0x5491B0x15e2
0x4974	0x4971B0x4992B0x49beB0x19c0B0x15e2
0x4974	0x4971B0x4992B0x539fB0x546fB0x1ab5B0x15e2
0x4974	0x4971B0x5a55B0x467aB0x464aB0x381f
0x4974	0x4971B0x4992B0x49beB0x4858B0x47b8B0x467aB0x464aB0x381f
0x4974	0x4971B0x5a55B0x467aB0x3ca2B0x3c13
0x4974	0x4971B0x4992B0x49beB0x4858B0x47b8B0x467aB0x3ca2B0x3c13
0x4974	0x4971B0x5a55B0x467aB0x3ca2B0x382e
0x4974	0x4971B0x4992B0x49beB0x4858B0x47b8B0x467aB0x3ca2B0x382e
0x4974	0x4971B0x5a55B0x467aB0x3ca2B0x2dfdB0x232fB0x137c
0x4974	0x4971B0x4992B0x49beB0x4858B0x47b8B0x467aB0x3ca2B0x2dfdB0x232fB0x137c
0x4974	0x4971B0x5a55B0x467aB0x3ca2B0x3eeaB0x232fB0x137c
0x4974	0x4971B0x4992B0x49beB0x4858B0x47b8B0x467aB0x3ca2B0x3eeaB0x232fB0x137c
0x4974	0x4971B0x5a55B0x467aB0x464aB0x40c3B0x232fB0x137c
0x4974	0x4971B0x4992B0x49beB0x4858B0x47b8B0x467aB0x464aB0x40c3B0x232fB0x137c
0x4974	0x4971B0x5a55B0x467aB0x3ca2B0x2dfdB0x232fB0x15e2
0x4974	0x4971B0x4992B0x49beB0x4858B0x47b8B0x467aB0x3ca2B0x2dfdB0x232fB0x15e2
0x4974	0x4971B0x5a55B0x467aB0x3ca2B0x3eeaB0x232fB0x15e2
0x4974	0x4971B0x4992B0x49beB0x4858B0x47b8B0x467aB0x3ca2B0x3eeaB0x232fB0x15e2
0x4974	0x4971B0x5a55B0x467aB0x464aB0x40c3B0x232fB0x15e2
0x4974	0x4971B0x4992B0x49beB0x4858B0x47b8B0x467aB0x464aB0x40c3B0x232fB0x15e2
0x4975	0x4971B0x54d6
0x4975	0x4971B0x54fe
0x4975	0x4971B0x5510
0x4975	0x4971B0x4992B0x49beB0x9d4d3
0x4975	0x4971B0x4992B0x4c81B0x504
0x4975	0x4971B0x4992B0x4ca1B0x504
0x4975	0x4971B0x4992B0x49beB0xe6928
0x4975	0x4971B0x521fB0x11c4
0x4975	0x4971B0x5257B0x11c4
0x4975	0x4971B0x4992B0x49beB0x1716B0x11c4
0x4975	0x4971B0x4992B0x501dB0x650
0x4975	0x4971B0x4992B0x5491B0x137c
0x4975	0x4971B0x4992B0x49beB0x19c0B0x137c
0x4975	0x4971B0x4992B0x539fB0x546fB0x1ab5B0x137c
0x4975	0x4971B0x552dB0x15c7
0x4975	0x4971B0x4992B0x5491B0x15e2
0x4975	0x4971B0x4992B0x49beB0x19c0B0x15e2
0x4975	0x4971B0x4992B0x539fB0x546fB0x1ab5B0x15e2
0x4975	0x4971B0x5a55B0x467aB0x464aB0x381f
0x4975	0x4971B0x4992B0x49beB0x4858B0x47b8B0x467aB0x464aB0x381f
0x4975	0x4971B0x5a55B0x467aB0x3ca2B0x3c13
0x4975	0x4971B0x4992B0x49beB0x4858B0x47b8B0x467aB0x3ca2B0x3c13
0x4975	0x4971B0x5a55B0x467aB0x3ca2B0x382e
0x4975	0x4971B0x4992B0x49beB0x4858B0x47b8B0x467aB0x3ca2B0x382e
0x4975	0x4971B0x5a55B0x467aB0x3ca2B0x2dfdB0x232fB0x137c
0x4975	0x4971B0x4992B0x49beB0x4858B0x47b8B0x467aB0x3ca2B0x2dfdB0x232fB0x137c
0x4975	0x4971B0x5a55B0x467aB0x3ca2B0x3eeaB0x232fB0x137c
0x4975	0x4971B0x4992B0x49beB0x4858B0x47b8B0x467aB0x3ca2B0x3eeaB0x232fB0x137c
0x4975	0x4971B0x5a55B0x467aB0x464aB0x40c3B0x232fB0x137c
0x4975	0x4971B0x4992B0x49beB0x4858B0x47b8B0x467aB0x464aB0x40c3B0x232fB0x137c
0x4975	0x4971B0x5a55B0x467aB0x3ca2B0x2dfdB0x232fB0x15e2
0x4975	0x4971B0x4992B0x49beB0x4858B0x47b8B0x467aB0x3ca2B0x2dfdB0x232fB0x15e2
0x4975	0x4971B0x5a55B0x467aB0x3ca2B0x3eeaB0x232fB0x15e2
0x4975	0x4971B0x4992B0x49beB0x4858B0x47b8B0x467aB0x3ca2B0x3eeaB0x232fB0x15e2
0x4975	0x4971B0x5a55B0x467aB0x464aB0x40c3B0x232fB0x15e2
0x4975	0x4971B0x4992B0x49beB0x4858B0x47b8B0x467aB0x464aB0x40c3B0x232fB0x15e2
0x4976	0x4971B0x54d6
0x4976	0x4971B0x54fe
0x4976	0x4971B0x5510
0x4976	0x4971B0x4992B0x49beB0x9d4d3
0x4976	0x4971B0x4992B0x4c81B0x504
0x4976	0x4971B0x4992B0x4ca1B0x504
0x4976	0x4971B0x4992B0x49beB0xe6928
0x4976	0x4971B0x521fB0x11c4
0x4976	0x4971B0x5257B0x11c4
0x4976	0x4971B0x4992B0x49beB0x1716B0x11c4
0x4976	0x4971B0x4992B0x501dB0x650
0x4976	0x4971B0x4992B0x5491B0x137c
0x4976	0x4971B0x4992B0x49beB0x19c0B0x137c
0x4976	0x4971B0x4992B0x539fB0x546fB0x1ab5B0x137c
0x4976	0x4971B0x552dB0x15c7
0x4976	0x4971B0x4992B0x5491B0x15e2
0x4976	0x4971B0x4992B0x49beB0x19c0B0x15e2
0x4976	0x4971B0x4992B0x539fB0x546fB0x1ab5B0x15e2
0x4976	0x4971B0x5a55B0x467aB0x464aB0x381f
0x4976	0x4971B0x4992B0x49beB0x4858B0x47b8B0x467aB0x464aB0x381f
0x4976	0x4971B0x5a55B0x467aB0x3ca2B0x3c13
0x4976	0x4971B0x4992B0x49beB0x4858B0x47b8B0x467aB0x3ca2B0x3c13
0x4976	0x4971B0x5a55B0x467aB0x3ca2B0x382e
0x4976	0x4971B0x4992B0x49beB0x4858B0x47b8B0x467aB0x3ca2B0x382e
0x4976	0x4971B0x5a55B0x467aB0x3ca2B0x2dfdB0x232fB0x137c
0x4976	0x4971B0x4992B0x49beB0x4858B0x47b8B0x467aB0x3ca2B0x2dfdB0x232fB0x137c
0x4976	0x4971B0x5a55B0x467aB0x3ca2B0x3eeaB0x232fB0x137c
0x4976	0x4971B0x4992B0x49beB0x4858B0x47b8B0x467aB0x3ca2B0x3eeaB0x232fB0x137c
0x4976	0x4971B0x5a55B0x467aB0x464aB0x40c3B0x232fB0x137c
0x4976	0x4971B0x4992B0x49beB0x4858B0x47b8B0x467aB0x464aB0x40c3B0x232fB0x137c
0x4976	0x4971B0x5a55B0x467aB0x3ca2B0x2dfdB0x232fB0x15e2
0x4976	0x4971B0x4992B0x49beB0x4858B0x47b8B0x467aB0x3ca2B0x2dfdB0x232fB0x15e2
0x4976	0x4971B0x5a55B0x467aB0x3ca2B0x3eeaB0x232fB0x15e2
0x4976	0x4971B0x4992B0x49beB0x4858B0x47b8B0x467aB0x3ca2B0x3eeaB0x232fB0x15e2
0x4976	0x4971B0x5a55B0x467aB0x464aB0x40c3B0x232fB0x15e2
0x4976	0x4971B0x4992B0x49beB0x4858B0x47b8B0x467aB0x464aB0x40c3B0x232fB0x15e2
0x497c	0x497aB0x54d6
0x497c	0x497aB0x54fe
0x497c	0x497aB0x5510
0x497c	0x497aB0x4992B0x49beB0x9d4d3
0x497c	0x497aB0x4992B0x4c81B0x504
0x497c	0x497aB0x4992B0x4ca1B0x504
0x497c	0x497aB0x4992B0x49beB0xe6928
0x497c	0x497aB0x521fB0x11c4
0x497c	0x497aB0x5257B0x11c4
0x497c	0x497aB0x4992B0x49beB0x1716B0x11c4
0x497c	0x497aB0x4992B0x501dB0x650
0x497c	0x497aB0x4992B0x5491B0x137c
0x497c	0x497aB0x4992B0x49beB0x19c0B0x137c
0x497c	0x497aB0x4992B0x539fB0x546fB0x1ab5B0x137c
0x497c	0x497aB0x552dB0x15c7
0x497c	0x497aB0x4992B0x5491B0x15e2
0x497c	0x497aB0x4992B0x49beB0x19c0B0x15e2
0x497c	0x497aB0x4992B0x539fB0x546fB0x1ab5B0x15e2
0x497c	0x497aB0x5a55B0x467aB0x464aB0x381f
0x497c	0x497aB0x4992B0x49beB0x4858B0x47b8B0x467aB0x464aB0x381f
0x497c	0x497aB0x5a55B0x467aB0x3ca2B0x3c13
0x497c	0x497aB0x4992B0x49beB0x4858B0x47b8B0x467aB0x3ca2B0x3c13
0x497c	0x497aB0x5a55B0x467aB0x3ca2B0x382e
0x497c	0x497aB0x4992B0x49beB0x4858B0x47b8B0x467aB0x3ca2B0x382e
0x497c	0x497aB0x5a55B0x467aB0x3ca2B0x2dfdB0x232fB0x137c
0x497c	0x497aB0x4992B0x49beB0x4858B0x47b8B0x467aB0x3ca2B0x2dfdB0x232fB0x137c
0x497c	0x497aB0x5a55B0x467aB0x3ca2B0x3eeaB0x232fB0x137c
0x497c	0x497aB0x4992B0x49beB0x4858B0x47b8B0x467aB0x3ca2B0x3eeaB0x232fB0x137c
0x497c	0x497aB0x5a55B0x467aB0x464aB0x40c3B0x232fB0x137c
0x497c	0x497aB0x4992B0x49beB0x4858B0x47b8B0x467aB0x464aB0x40c3B0x232fB0x137c
0x497c	0x497aB0x5a55B0x467aB0x3ca2B0x2dfdB0x232fB0x15e2
0x497c	0x497aB0x4992B0x49beB0x4858B0x47b8B0x467aB0x3ca2B0x2dfdB0x232fB0x15e2
0x497c	0x497aB0x5a55B0x467aB0x3ca2B0x3eeaB0x232fB0x15e2
0x497c	0x497aB0x4992B0x49beB0x4858B0x47b8B0x467aB0x3ca2B0x3eeaB0x232fB0x15e2
0x497c	0x497aB0x5a55B0x467aB0x464aB0x40c3B0x232fB0x15e2
0x497c	0x497aB0x4992B0x49beB0x4858B0x47b8B0x467aB0x464aB0x40c3B0x232fB0x15e2
0x497d	0x497aB0x54d6
0x497d	0x497aB0x54fe
0x497d	0x497aB0x5510
0x497d	0x497aB0x4992B0x49beB0x9d4d3
0x497d	0x497aB0x4992B0x4c81B0x504
0x497d	0x497aB0x4992B0x4ca1B0x504
0x497d	0x497aB0x4992B0x49beB0xe6928
0x497d	0x497aB0x521fB0x11c4
0x497d	0x497aB0x5257B0x11c4
0x497d	0x497aB0x4992B0x49beB0x1716B0x11c4
0x497d	0x497aB0x4992B0x501dB0x650
0x497d	0x497aB0x4992B0x5491B0x137c
0x497d	0x497aB0x4992B0x49beB0x19c0B0x137c
0x497d	0x497aB0x4992B0x539fB0x546fB0x1ab5B0x137c
0x497d	0x497aB0x552dB0x15c7
0x497d	0x497aB0x4992B0x5491B0x15e2
0x497d	0x497aB0x4992B0x49beB0x19c0B0x15e2
0x497d	0x497aB0x4992B0x539fB0x546fB0x1ab5B0x15e2
0x497d	0x497aB0x5a55B0x467aB0x464aB0x381f
0x497d	0x497aB0x4992B0x49beB0x4858B0x47b8B0x467aB0x464aB0x381f
0x497d	0x497aB0x5a55B0x467aB0x3ca2B0x3c13
0x497d	0x497aB0x4992B0x49beB0x4858B0x47b8B0x467aB0x3ca2B0x3c13
0x497d	0x497aB0x5a55B0x467aB0x3ca2B0x382e
0x497d	0x497aB0x4992B0x49beB0x4858B0x47b8B0x467aB0x3ca2B0x382e
0x497d	0x497aB0x5a55B0x467aB0x3ca2B0x2dfdB0x232fB0x137c
0x497d	0x497aB0x4992B0x49beB0x4858B0x47b8B0x467aB0x3ca2B0x2dfdB0x232fB0x137c
0x497d	0x497aB0x5a55B0x467aB0x3ca2B0x3eeaB0x232fB0x137c
0x497d	0x497aB0x4992B0x49beB0x4858B0x47b8B0x467aB0x3ca2B0x3eeaB0x232fB0x137c
0x497d	0x497aB0x5a55B0x467aB0x464aB0x40c3B0x232fB0x137c
0x497d	0x497aB0x4992B0x49beB0x4858B0x47b8B0x467aB0x464aB0x40c3B0x232fB0x137c
0x497d	0x497aB0x5a55B0x467aB0x3ca2B0x2dfdB0x232fB0x15e2
0x497d	0x497aB0x4992B0x49beB0x4858B0x47b8B0x467aB0x3ca2B0x2dfdB0x232fB0x15e2
0x497d	0x497aB0x5a55B0x467aB0x3ca2B0x3eeaB0x232fB0x15e2
0x497d	0x497aB0x4992B0x49beB0x4858B0x47b8B0x467aB0x3ca2B0x3eeaB0x232fB0x15e2
0x497d	0x497aB0x5a55B0x467aB0x464aB0x40c3B0x232fB0x15e2
0x497d	0x497aB0x4992B0x49beB0x4858B0x47b8B0x467aB0x464aB0x40c3B0x232fB0x15e2
0x4980	0x497aB0x54d6
0x4980	0x497aB0x54fe
0x4980	0x497aB0x5510
0x4980	0x497aB0x4992B0x49beB0x9d4d3
0x4980	0x497aB0x4992B0x4c81B0x504
0x4980	0x497aB0x4992B0x4ca1B0x504
0x4980	0x497aB0x4992B0x49beB0xe6928
0x4980	0x497aB0x521fB0x11c4
0x4980	0x497aB0x5257B0x11c4
0x4980	0x497aB0x4992B0x49beB0x1716B0x11c4
0x4980	0x497aB0x4992B0x501dB0x650
0x4980	0x497aB0x4992B0x5491B0x137c
0x4980	0x497aB0x4992B0x49beB0x19c0B0x137c
0x4980	0x497aB0x4992B0x539fB0x546fB0x1ab5B0x137c
0x4980	0x497aB0x552dB0x15c7
0x4980	0x497aB0x4992B0x5491B0x15e2
0x4980	0x497aB0x4992B0x49beB0x19c0B0x15e2
0x4980	0x497aB0x4992B0x539fB0x546fB0x1ab5B0x15e2
0x4980	0x497aB0x5a55B0x467aB0x464aB0x381f
0x4980	0x497aB0x4992B0x49beB0x4858B0x47b8B0x467aB0x464aB0x381f
0x4980	0x497aB0x5a55B0x467aB0x3ca2B0x3c13
0x4980	0x497aB0x4992B0x49beB0x4858B0x47b8B0x467aB0x3ca2B0x3c13
0x4980	0x497aB0x5a55B0x467aB0x3ca2B0x382e
0x4980	0x497aB0x4992B0x49beB0x4858B0x47b8B0x467aB0x3ca2B0x382e
0x4980	0x497aB0x5a55B0x467aB0x3ca2B0x2dfdB0x232fB0x137c
0x4980	0x497aB0x4992B0x49beB0x4858B0x47b8B0x467aB0x3ca2B0x2dfdB0x232fB0x137c
0x4980	0x497aB0x5a55B0x467aB0x3ca2B0x3eeaB0x232fB0x137c
0x4980	0x497aB0x4992B0x49beB0x4858B0x47b8B0x467aB0x3ca2B0x3eeaB0x232fB0x137c
0x4980	0x497aB0x5a55B0x467aB0x464aB0x40c3B0x232fB0x137c
0x4980	0x497aB0x4992B0x49beB0x4858B0x47b8B0x467aB0x464aB0x40c3B0x232fB0x137c
0x4980	0x497aB0x5a55B0x467aB0x3ca2B0x2dfdB0x232fB0x15e2
0x4980	0x497aB0x4992B0x49beB0x4858B0x47b8B0x467aB0x3ca2B0x2dfdB0x232fB0x15e2
0x4980	0x497aB0x5a55B0x467aB0x3ca2B0x3eeaB0x232fB0x15e2
0x4980	0x497aB0x4992B0x49beB0x4858B0x47b8B0x467aB0x3ca2B0x3eeaB0x232fB0x15e2
0x4980	0x497aB0x5a55B0x467aB0x464aB0x40c3B0x232fB0x15e2
0x4980	0x497aB0x4992B0x49beB0x4858B0x47b8B0x467aB0x464aB0x40c3B0x232fB0x15e2
0x4982	0x497aB0x54d6
0x4982	0x497aB0x54fe
0x4982	0x497aB0x5510
0x4982	0x497aB0x4992B0x49beB0x9d4d3
0x4982	0x497aB0x4992B0x4c81B0x504
0x4982	0x497aB0x4992B0x4ca1B0x504
0x4982	0x497aB0x4992B0x49beB0xe6928
0x4982	0x497aB0x521fB0x11c4
0x4982	0x497aB0x5257B0x11c4
0x4982	0x497aB0x4992B0x49beB0x1716B0x11c4
0x4982	0x497aB0x4992B0x501dB0x650
0x4982	0x497aB0x4992B0x5491B0x137c
0x4982	0x497aB0x4992B0x49beB0x19c0B0x137c
0x4982	0x497aB0x4992B0x539fB0x546fB0x1ab5B0x137c
0x4982	0x497aB0x552dB0x15c7
0x4982	0x497aB0x4992B0x5491B0x15e2
0x4982	0x497aB0x4992B0x49beB0x19c0B0x15e2
0x4982	0x497aB0x4992B0x539fB0x546fB0x1ab5B0x15e2
0x4982	0x497aB0x5a55B0x467aB0x464aB0x381f
0x4982	0x497aB0x4992B0x49beB0x4858B0x47b8B0x467aB0x464aB0x381f
0x4982	0x497aB0x5a55B0x467aB0x3ca2B0x3c13
0x4982	0x497aB0x4992B0x49beB0x4858B0x47b8B0x467aB0x3ca2B0x3c13
0x4982	0x497aB0x5a55B0x467aB0x3ca2B0x382e
0x4982	0x497aB0x4992B0x49beB0x4858B0x47b8B0x467aB0x3ca2B0x382e
0x4982	0x497aB0x5a55B0x467aB0x3ca2B0x2dfdB0x232fB0x137c
0x4982	0x497aB0x4992B0x49beB0x4858B0x47b8B0x467aB0x3ca2B0x2dfdB0x232fB0x137c
0x4982	0x497aB0x5a55B0x467aB0x3ca2B0x3eeaB0x232fB0x137c
0x4982	0x497aB0x4992B0x49beB0x4858B0x47b8B0x467aB0x3ca2B0x3eeaB0x232fB0x137c
0x4982	0x497aB0x5a55B0x467aB0x464aB0x40c3B0x232fB0x137c
0x4982	0x497aB0x4992B0x49beB0x4858B0x47b8B0x467aB0x464aB0x40c3B0x232fB0x137c
0x4982	0x497aB0x5a55B0x467aB0x3ca2B0x2dfdB0x232fB0x15e2
0x4982	0x497aB0x4992B0x49beB0x4858B0x47b8B0x467aB0x3ca2B0x2dfdB0x232fB0x15e2
0x4982	0x497aB0x5a55B0x467aB0x3ca2B0x3eeaB0x232fB0x15e2
0x4982	0x497aB0x4992B0x49beB0x4858B0x47b8B0x467aB0x3ca2B0x3eeaB0x232fB0x15e2
0x4982	0x497aB0x5a55B0x467aB0x464aB0x40c3B0x232fB0x15e2
0x4982	0x497aB0x4992B0x49beB0x4858B0x47b8B0x467aB0x464aB0x40c3B0x232fB0x15e2
0x4984	0x497aB0x54d6
0x4984	0x497aB0x54fe
0x4984	0x497aB0x5510
0x4984	0x497aB0x4992B0x49beB0x9d4d3
0x4984	0x497aB0x4992B0x4c81B0x504
0x4984	0x497aB0x4992B0x4ca1B0x504
0x4984	0x497aB0x4992B0x49beB0xe6928
0x4984	0x497aB0x521fB0x11c4
0x4984	0x497aB0x5257B0x11c4
0x4984	0x497aB0x4992B0x49beB0x1716B0x11c4
0x4984	0x497aB0x4992B0x501dB0x650
0x4984	0x497aB0x4992B0x5491B0x137c
0x4984	0x497aB0x4992B0x49beB0x19c0B0x137c
0x4984	0x497aB0x4992B0x539fB0x546fB0x1ab5B0x137c
0x4984	0x497aB0x552dB0x15c7
0x4984	0x497aB0x4992B0x5491B0x15e2
0x4984	0x497aB0x4992B0x49beB0x19c0B0x15e2
0x4984	0x497aB0x4992B0x539fB0x546fB0x1ab5B0x15e2
0x4984	0x497aB0x5a55B0x467aB0x464aB0x381f
0x4984	0x497aB0x4992B0x49beB0x4858B0x47b8B0x467aB0x464aB0x381f
0x4984	0x497aB0x5a55B0x467aB0x3ca2B0x3c13
0x4984	0x497aB0x4992B0x49beB0x4858B0x47b8B0x467aB0x3ca2B0x3c13
0x4984	0x497aB0x5a55B0x467aB0x3ca2B0x382e
0x4984	0x497aB0x4992B0x49beB0x4858B0x47b8B0x467aB0x3ca2B0x382e
0x4984	0x497aB0x5a55B0x467aB0x3ca2B0x2dfdB0x232fB0x137c
0x4984	0x497aB0x4992B0x49beB0x4858B0x47b8B0x467aB0x3ca2B0x2dfdB0x232fB0x137c
0x4984	0x497aB0x5a55B0x467aB0x3ca2B0x3eeaB0x232fB0x137c
0x4984	0x497aB0x4992B0x49beB0x4858B0x47b8B0x467aB0x3ca2B0x3eeaB0x232fB0x137c
0x4984	0x497aB0x5a55B0x467aB0x464aB0x40c3B0x232fB0x137c
0x4984	0x497aB0x4992B0x49beB0x4858B0x47b8B0x467aB0x464aB0x40c3B0x232fB0x137c
0x4984	0x497aB0x5a55B0x467aB0x3ca2B0x2dfdB0x232fB0x15e2
0x4984	0x497aB0x4992B0x49beB0x4858B0x47b8B0x467aB0x3ca2B0x2dfdB0x232fB0x15e2
0x4984	0x497aB0x5a55B0x467aB0x3ca2B0x3eeaB0x232fB0x15e2
0x4984	0x497aB0x4992B0x49beB0x4858B0x47b8B0x467aB0x3ca2B0x3eeaB0x232fB0x15e2
0x4984	0x497aB0x5a55B0x467aB0x464aB0x40c3B0x232fB0x15e2
0x4984	0x497aB0x4992B0x49beB0x4858B0x47b8B0x467aB0x464aB0x40c3B0x232fB0x15e2
0x4985	0x497aB0x54d6
0x4985	0x497aB0x54fe
0x4985	0x497aB0x5510
0x4985	0x497aB0x4992B0x49beB0x9d4d3
0x4985	0x497aB0x4992B0x4c81B0x504
0x4985	0x497aB0x4992B0x4ca1B0x504
0x4985	0x497aB0x4992B0x49beB0xe6928
0x4985	0x497aB0x521fB0x11c4
0x4985	0x497aB0x5257B0x11c4
0x4985	0x497aB0x4992B0x49beB0x1716B0x11c4
0x4985	0x497aB0x4992B0x501dB0x650
0x4985	0x497aB0x4992B0x5491B0x137c
0x4985	0x497aB0x4992B0x49beB0x19c0B0x137c
0x4985	0x497aB0x4992B0x539fB0x546fB0x1ab5B0x137c
0x4985	0x497aB0x552dB0x15c7
0x4985	0x497aB0x4992B0x5491B0x15e2
0x4985	0x497aB0x4992B0x49beB0x19c0B0x15e2
0x4985	0x497aB0x4992B0x539fB0x546fB0x1ab5B0x15e2
0x4985	0x497aB0x5a55B0x467aB0x464aB0x381f
0x4985	0x497aB0x4992B0x49beB0x4858B0x47b8B0x467aB0x464aB0x381f
0x4985	0x497aB0x5a55B0x467aB0x3ca2B0x3c13
0x4985	0x497aB0x4992B0x49beB0x4858B0x47b8B0x467aB0x3ca2B0x3c13
0x4985	0x497aB0x5a55B0x467aB0x3ca2B0x382e
0x4985	0x497aB0x4992B0x49beB0x4858B0x47b8B0x467aB0x3ca2B0x382e
0x4985	0x497aB0x5a55B0x467aB0x3ca2B0x2dfdB0x232fB0x137c
0x4985	0x497aB0x4992B0x49beB0x4858B0x47b8B0x467aB0x3ca2B0x2dfdB0x232fB0x137c
0x4985	0x497aB0x5a55B0x467aB0x3ca2B0x3eeaB0x232fB0x137c
0x4985	0x497aB0x4992B0x49beB0x4858B0x47b8B0x467aB0x3ca2B0x3eeaB0x232fB0x137c
0x4985	0x497aB0x5a55B0x467aB0x464aB0x40c3B0x232fB0x137c
0x4985	0x497aB0x4992B0x49beB0x4858B0x47b8B0x467aB0x464aB0x40c3B0x232fB0x137c
0x4985	0x497aB0x5a55B0x467aB0x3ca2B0x2dfdB0x232fB0x15e2
0x4985	0x497aB0x4992B0x49beB0x4858B0x47b8B0x467aB0x3ca2B0x2dfdB0x232fB0x15e2
0x4985	0x497aB0x5a55B0x467aB0x3ca2B0x3eeaB0x232fB0x15e2
0x4985	0x497aB0x4992B0x49beB0x4858B0x47b8B0x467aB0x3ca2B0x3eeaB0x232fB0x15e2
0x4985	0x497aB0x5a55B0x467aB0x464aB0x40c3B0x232fB0x15e2
0x4985	0x497aB0x4992B0x49beB0x4858B0x47b8B0x467aB0x464aB0x40c3B0x232fB0x15e2
0x498c	0x4989B0x54d6
0x498c	0x4989B0x54fe
0x498c	0x4989B0x5510
0x498c	0x4989B0x4992B0x49beB0x9d4d3
0x498c	0x4989B0x4992B0x4c81B0x504
0x498c	0x4989B0x4992B0x4ca1B0x504
0x498c	0x4989B0x4992B0x49beB0xe6928
0x498c	0x4989B0x521fB0x11c4
0x498c	0x4989B0x5257B0x11c4
0x498c	0x4989B0x4992B0x49beB0x1716B0x11c4
0x498c	0x4989B0x4992B0x501dB0x650
0x498c	0x4989B0x4992B0x5491B0x137c
0x498c	0x4989B0x4992B0x49beB0x19c0B0x137c
0x498c	0x4989B0x4992B0x539fB0x546fB0x1ab5B0x137c
0x498c	0x4989B0x552dB0x15c7
0x498c	0x4989B0x4992B0x5491B0x15e2
0x498c	0x4989B0x4992B0x49beB0x19c0B0x15e2
0x498c	0x4989B0x4992B0x539fB0x546fB0x1ab5B0x15e2
0x498c	0x4989B0x5a55B0x467aB0x464aB0x381f
0x498c	0x4989B0x4992B0x49beB0x4858B0x47b8B0x467aB0x464aB0x381f
0x498c	0x4989B0x5a55B0x467aB0x3ca2B0x3c13
0x498c	0x4989B0x4992B0x49beB0x4858B0x47b8B0x467aB0x3ca2B0x3c13
0x498c	0x4989B0x5a55B0x467aB0x3ca2B0x382e
0x498c	0x4989B0x4992B0x49beB0x4858B0x47b8B0x467aB0x3ca2B0x382e
0x498c	0x4989B0x5a55B0x467aB0x3ca2B0x2dfdB0x232fB0x137c
0x498c	0x4989B0x4992B0x49beB0x4858B0x47b8B0x467aB0x3ca2B0x2dfdB0x232fB0x137c
0x498c	0x4989B0x5a55B0x467aB0x3ca2B0x3eeaB0x232fB0x137c
0x498c	0x4989B0x4992B0x49beB0x4858B0x47b8B0x467aB0x3ca2B0x3eeaB0x232fB0x137c
0x498c	0x4989B0x5a55B0x467aB0x464aB0x40c3B0x232fB0x137c
0x498c	0x4989B0x4992B0x49beB0x4858B0x47b8B0x467aB0x464aB0x40c3B0x232fB0x137c
0x498c	0x4989B0x5a55B0x467aB0x3ca2B0x2dfdB0x232fB0x15e2
0x498c	0x4989B0x4992B0x49beB0x4858B0x47b8B0x467aB0x3ca2B0x2dfdB0x232fB0x15e2
0x498c	0x4989B0x5a55B0x467aB0x3ca2B0x3eeaB0x232fB0x15e2
0x498c	0x4989B0x4992B0x49beB0x4858B0x47b8B0x467aB0x3ca2B0x3eeaB0x232fB0x15e2
0x498c	0x4989B0x5a55B0x467aB0x464aB0x40c3B0x232fB0x15e2
0x498c	0x4989B0x4992B0x49beB0x4858B0x47b8B0x467aB0x464aB0x40c3B0x232fB0x15e2
0x498f	0x4989B0x54d6
0x498f	0x4989B0x54fe
0x498f	0x4989B0x5510
0x498f	0x4989B0x4992B0x49beB0x9d4d3
0x498f	0x4989B0x4992B0x4c81B0x504
0x498f	0x4989B0x4992B0x4ca1B0x504
0x498f	0x4989B0x4992B0x49beB0xe6928
0x498f	0x4989B0x521fB0x11c4
0x498f	0x4989B0x5257B0x11c4
0x498f	0x4989B0x4992B0x49beB0x1716B0x11c4
0x498f	0x4989B0x4992B0x501dB0x650
0x498f	0x4989B0x4992B0x5491B0x137c
0x498f	0x4989B0x4992B0x49beB0x19c0B0x137c
0x498f	0x4989B0x4992B0x539fB0x546fB0x1ab5B0x137c
0x498f	0x4989B0x552dB0x15c7
0x498f	0x4989B0x4992B0x5491B0x15e2
0x498f	0x4989B0x4992B0x49beB0x19c0B0x15e2
0x498f	0x4989B0x4992B0x539fB0x546fB0x1ab5B0x15e2
0x498f	0x4989B0x5a55B0x467aB0x464aB0x381f
0x498f	0x4989B0x4992B0x49beB0x4858B0x47b8B0x467aB0x464aB0x381f
0x498f	0x4989B0x5a55B0x467aB0x3ca2B0x3c13
0x498f	0x4989B0x4992B0x49beB0x4858B0x47b8B0x467aB0x3ca2B0x3c13
0x498f	0x4989B0x5a55B0x467aB0x3ca2B0x382e
0x498f	0x4989B0x4992B0x49beB0x4858B0x47b8B0x467aB0x3ca2B0x382e
0x498f	0x4989B0x5a55B0x467aB0x3ca2B0x2dfdB0x232fB0x137c
0x498f	0x4989B0x4992B0x49beB0x4858B0x47b8B0x467aB0x3ca2B0x2dfdB0x232fB0x137c
0x498f	0x4989B0x5a55B0x467aB0x3ca2B0x3eeaB0x232fB0x137c
0x498f	0x4989B0x4992B0x49beB0x4858B0x47b8B0x467aB0x3ca2B0x3eeaB0x232fB0x137c
0x498f	0x4989B0x5a55B0x467aB0x464aB0x40c3B0x232fB0x137c
0x498f	0x4989B0x4992B0x49beB0x4858B0x47b8B0x467aB0x464aB0x40c3B0x232fB0x137c
0x498f	0x4989B0x5a55B0x467aB0x3ca2B0x2dfdB0x232fB0x15e2
0x498f	0x4989B0x4992B0x49beB0x4858B0x47b8B0x467aB0x3ca2B0x2dfdB0x232fB0x15e2
0x498f	0x4989B0x5a55B0x467aB0x3ca2B0x3eeaB0x232fB0x15e2
0x498f	0x4989B0x4992B0x49beB0x4858B0x47b8B0x467aB0x3ca2B0x3eeaB0x232fB0x15e2
0x498f	0x4989B0x5a55B0x467aB0x464aB0x40c3B0x232fB0x15e2
0x498f	0x4989B0x4992B0x49beB0x4858B0x47b8B0x467aB0x464aB0x40c3B0x232fB0x15e2
0x49d2	0x49d1B0x55e7B0x5677
0x49d2	0x49d1B0x4c14B0x47c
0x49d2	0x49d1B0x55e7B0x5784B0x137c
0x49d2	0x49d1B0x55e7B0x579fB0x137c
0x49d2	0x49d1B0x5803B0x232fB0x137c
0x49d2	0x49d1B0x5598B0x1e55B0x15c7
0x49d2	0x49d1B0x55e7B0x5784B0x15e2
0x49d2	0x49d1B0x55e7B0x579fB0x15e2
0x49d2	0x49d1B0x5803B0x232fB0x15e2
0x49d5	0x49d1B0x55e7B0x5677
0x49d5	0x49d1B0x4c14B0x47c
0x49d5	0x49d1B0x55e7B0x5784B0x137c
0x49d5	0x49d1B0x55e7B0x579fB0x137c
0x49d5	0x49d1B0x5803B0x232fB0x137c
0x49d5	0x49d1B0x5598B0x1e55B0x15c7
0x49d5	0x49d1B0x55e7B0x5784B0x15e2
0x49d5	0x49d1B0x55e7B0x579fB0x15e2
0x49d5	0x49d1B0x5803B0x232fB0x15e2
0x49d7	0x49d1B0x55e7B0x5677
0x49d7	0x49d1B0x4c14B0x47c
0x49d7	0x49d1B0x55e7B0x5784B0x137c
0x49d7	0x49d1B0x55e7B0x579fB0x137c
0x49d7	0x49d1B0x5803B0x232fB0x137c
0x49d7	0x49d1B0x5598B0x1e55B0x15c7
0x49d7	0x49d1B0x55e7B0x5784B0x15e2
0x49d7	0x49d1B0x55e7B0x579fB0x15e2
0x49d7	0x49d1B0x5803B0x232fB0x15e2
0x49d8	0x49d1B0x55e7B0x5677
0x49d8	0x49d1B0x4c14B0x47c
0x49d8	0x49d1B0x55e7B0x5784B0x137c
0x49d8	0x49d1B0x55e7B0x579fB0x137c
0x49d8	0x49d1B0x5803B0x232fB0x137c
0x49d8	0x49d1B0x5598B0x1e55B0x15c7
0x49d8	0x49d1B0x55e7B0x5784B0x15e2
0x49d8	0x49d1B0x55e7B0x579fB0x15e2
0x49d8	0x49d1B0x5803B0x232fB0x15e2
0x49dc	0x49dcB0x55e7B0x5677
0x49dc	0x49dcB0x4c14B0x47c
0x49dc	0x49dcB0x55e7B0x5784B0x137c
0x49dc	0x49dcB0x55e7B0x579fB0x137c
0x49dc	0x49dcB0x5803B0x232fB0x137c
0x49dc	0x49dcB0x5598B0x1e55B0x15c7
0x49dc	0x49dcB0x55e7B0x5784B0x15e2
0x49dc	0x49dcB0x55e7B0x579fB0x15e2
0x49dc	0x49dcB0x5803B0x232fB0x15e2
0x49e1	0x49e0B0x4ee1
0x49e1	0x49e0B0x4c42B0x47c
0x49e5	0x49e0B0x4ee1
0x49e5	0x49e0B0x4c42B0x47c
0x49e8	0x49e0B0x4ee1
0x49e8	0x49e0B0x4c42B0x47c
0x49e9	0x49e0B0x4ee1
0x49e9	0x49e0B0x4c42B0x47c
0x49ea	0x49e0B0x4ee1
0x49ea	0x49e0B0x4c42B0x47c
0x49ee	0x49eeB0x4ee1
0x49ee	0x49eeB0x4c42B0x47c
0x49f5	0x49f2B0x4ee1
0x49f5	0x49f2B0x4c42B0x47c
0x49f6	0x49f2B0x4ee1
0x49f6	0x49f2B0x4c42B0x47c
0x49f8	0x49f2B0x4ee1
0x49f8	0x49f2B0x4c42B0x47c
0x49fa	0x49f2B0x4ee1
0x49fa	0x49f2B0x4c42B0x47c
0x49fc	0x49f2B0x4ee1
0x49fc	0x49f2B0x4c42B0x47c
0x49fd	0x49f2B0x4ee1
0x49fd	0x49f2B0x4c42B0x47c
0x49ff	0x49f2B0x4ee1
0x49ff	0x49f2B0x4c42B0x47c
0x4a00	0x49f2B0x4ee1
0x4a00	0x49f2B0x4c42B0x47c
0x4a01	0x49f2B0x4ee1
0x4a01	0x49f2B0x4c42B0x47c
0x4a05	0x4a05B0x4ee1
0x4a05	0x4a05B0x4c42B0x47c
0x4a0a	0x4a09B0x4ee1
0x4a0a	0x4a09B0x4c42B0x47c
0x4a0d	0x4a09B0x4ee1
0x4a0d	0x4a09B0x4c42B0x47c
0x4a11	0x4a09B0x4ee1
0x4a11	0x4a09B0x4c42B0x47c
0x4a14	0x4a09B0x4ee1
0x4a14	0x4a09B0x4c42B0x47c
0x4a16	0x4a09B0x4ee1
0x4a16	0x4a09B0x4c42B0x47c
0x4a18	0x4a09B0x4ee1
0x4a18	0x4a09B0x4c42B0x47c
0x4a19	0x4a09B0x4ee1
0x4a19	0x4a09B0x4c42B0x47c
0x4a1a	0x4a09B0x4ee1
0x4a1a	0x4a09B0x4c42B0x47c
0x4a1b	0x4a09B0x4ee1
0x4a1b	0x4a09B0x4c42B0x47c
0x4a1c	0x4a09B0x4ee1
0x4a1c	0x4a09B0x4c42B0x47c
0x4a20	0x4a20B0x4ee1
0x4a20	0x4a20B0x4c42B0x47c
0x4aaf	0x4aaeB0x1004aaB0x641
0x4aaf	0x4aaeB0x4b1aB0x4e12B0x641
0x4aaf	0x4aaeB0x100464B0x4f06
0x4aaf	0x4aaeB0x4b1aB0x4bd2B0x4f06
0x4aaf	0x4aaeB0x100464B0x4c67B0x47c
0x4aaf	0x4aaeB0x4b1aB0x4bd2B0x4c67B0x47c
0x4ab1	0x4aaeB0x1004aaB0x641
0x4ab1	0x4aaeB0x4b1aB0x4e12B0x641
0x4ab1	0x4aaeB0x100464B0x4f06
0x4ab1	0x4aaeB0x4b1aB0x4bd2B0x4f06
0x4ab1	0x4aaeB0x100464B0x4c67B0x47c
0x4ab1	0x4aaeB0x4b1aB0x4bd2B0x4c67B0x47c
0x4ab2	0x4aaeB0x1004aaB0x641
0x4ab2	0x4aaeB0x4b1aB0x4e12B0x641
0x4ab2	0x4aaeB0x100464B0x4f06
0x4ab2	0x4aaeB0x4b1aB0x4bd2B0x4f06
0x4ab2	0x4aaeB0x100464B0x4c67B0x47c
0x4ab2	0x4aaeB0x4b1aB0x4bd2B0x4c67B0x47c
0x4ab5	0x4aaeB0x1004aaB0x641
0x4ab5	0x4aaeB0x4b1aB0x4e12B0x641
0x4ab5	0x4aaeB0x100464B0x4f06
0x4ab5	0x4aaeB0x4b1aB0x4bd2B0x4f06
0x4ab5	0x4aaeB0x100464B0x4c67B0x47c
0x4ab5	0x4aaeB0x4b1aB0x4bd2B0x4c67B0x47c
0x4ab6	0x4aaeB0x1004aaB0x641
0x4ab6	0x4aaeB0x4b1aB0x4e12B0x641
0x4ab6	0x4aaeB0x100464B0x4f06
0x4ab6	0x4aaeB0x4b1aB0x4bd2B0x4f06
0x4ab6	0x4aaeB0x100464B0x4c67B0x47c
0x4ab6	0x4aaeB0x4b1aB0x4bd2B0x4c67B0x47c
0x4ab8	0x4aaeB0x1004aaB0x641
0x4ab8	0x4aaeB0x4b1aB0x4e12B0x641
0x4ab8	0x4aaeB0x100464B0x4f06
0x4ab8	0x4aaeB0x4b1aB0x4bd2B0x4f06
0x4ab8	0x4aaeB0x100464B0x4c67B0x47c
0x4ab8	0x4aaeB0x4b1aB0x4bd2B0x4c67B0x47c
0x4ab9	0x4aaeB0x1004aaB0x641
0x4ab9	0x4aaeB0x4b1aB0x4e12B0x641
0x4ab9	0x4aaeB0x100464B0x4f06
0x4ab9	0x4aaeB0x4b1aB0x4bd2B0x4f06
0x4ab9	0x4aaeB0x100464B0x4c67B0x47c
0x4ab9	0x4aaeB0x4b1aB0x4bd2B0x4c67B0x47c
0x4abb	0x4aaeB0x1004aaB0x641
0x4abb	0x4aaeB0x4b1aB0x4e12B0x641
0x4abb	0x4aaeB0x100464B0x4f06
0x4abb	0x4aaeB0x4b1aB0x4bd2B0x4f06
0x4abb	0x4aaeB0x100464B0x4c67B0x47c
0x4abb	0x4aaeB0x4b1aB0x4bd2B0x4c67B0x47c
0x4abc	0x4aaeB0x1004aaB0x641
0x4abc	0x4aaeB0x4b1aB0x4e12B0x641
0x4abc	0x4aaeB0x100464B0x4f06
0x4abc	0x4aaeB0x4b1aB0x4bd2B0x4f06
0x4abc	0x4aaeB0x100464B0x4c67B0x47c
0x4abc	0x4aaeB0x4b1aB0x4bd2B0x4c67B0x47c
0x4abe	0x4aaeB0x1004aaB0x641
0x4abe	0x4aaeB0x4b1aB0x4e12B0x641
0x4abe	0x4aaeB0x100464B0x4f06
0x4abe	0x4aaeB0x4b1aB0x4bd2B0x4f06
0x4abe	0x4aaeB0x100464B0x4c67B0x47c
0x4abe	0x4aaeB0x4b1aB0x4bd2B0x4c67B0x47c
0x4ac0	0x4aaeB0x1004aaB0x641
0x4ac0	0x4aaeB0x4b1aB0x4e12B0x641
0x4ac0	0x4aaeB0x100464B0x4f06
0x4ac0	0x4aaeB0x4b1aB0x4bd2B0x4f06
0x4ac0	0x4aaeB0x100464B0x4c67B0x47c
0x4ac0	0x4aaeB0x4b1aB0x4bd2B0x4c67B0x47c
0x4ac2	0x4aaeB0x1004aaB0x641
0x4ac2	0x4aaeB0x4b1aB0x4e12B0x641
0x4ac2	0x4aaeB0x100464B0x4f06
0x4ac2	0x4aaeB0x4b1aB0x4bd2B0x4f06
0x4ac2	0x4aaeB0x100464B0x4c67B0x47c
0x4ac2	0x4aaeB0x4b1aB0x4bd2B0x4c67B0x47c
0x4ac3	0x4aaeB0x1004aaB0x641
0x4ac3	0x4aaeB0x4b1aB0x4e12B0x641
0x4ac3	0x4aaeB0x100464B0x4f06
0x4ac3	0x4aaeB0x4b1aB0x4bd2B0x4f06
0x4ac3	0x4aaeB0x100464B0x4c67B0x47c
0x4ac3	0x4aaeB0x4b1aB0x4bd2B0x4c67B0x47c
0x4ac5	0x4aaeB0x1004aaB0x641
0x4ac5	0x4aaeB0x4b1aB0x4e12B0x641
0x4ac5	0x4aaeB0x100464B0x4f06
0x4ac5	0x4aaeB0x4b1aB0x4bd2B0x4f06
0x4ac5	0x4aaeB0x100464B0x4c67B0x47c
0x4ac5	0x4aaeB0x4b1aB0x4bd2B0x4c67B0x47c
0x4ac8	0x4aaeB0x1004aaB0x641
0x4ac8	0x4aaeB0x4b1aB0x4e12B0x641
0x4ac8	0x4aaeB0x100464B0x4f06
0x4ac8	0x4aaeB0x4b1aB0x4bd2B0x4f06
0x4ac8	0x4aaeB0x100464B0x4c67B0x47c
0x4ac8	0x4aaeB0x4b1aB0x4bd2B0x4c67B0x47c
0x4ac9	0x4aaeB0x1004aaB0x641
0x4ac9	0x4aaeB0x4b1aB0x4e12B0x641
0x4ac9	0x4aaeB0x100464B0x4f06
0x4ac9	0x4aaeB0x4b1aB0x4bd2B0x4f06
0x4ac9	0x4aaeB0x100464B0x4c67B0x47c
0x4ac9	0x4aaeB0x4b1aB0x4bd2B0x4c67B0x47c
0x4aca	0x4aaeB0x1004aaB0x641
0x4aca	0x4aaeB0x4b1aB0x4e12B0x641
0x4aca	0x4aaeB0x100464B0x4f06
0x4aca	0x4aaeB0x4b1aB0x4bd2B0x4f06
0x4aca	0x4aaeB0x100464B0x4c67B0x47c
0x4aca	0x4aaeB0x4b1aB0x4bd2B0x4c67B0x47c
0x4acb	0x4aaeB0x1004aaB0x641
0x4acb	0x4aaeB0x4b1aB0x4e12B0x641
0x4acb	0x4aaeB0x100464B0x4f06
0x4acb	0x4aaeB0x4b1aB0x4bd2B0x4f06
0x4acb	0x4aaeB0x100464B0x4c67B0x47c
0x4acb	0x4aaeB0x4b1aB0x4bd2B0x4c67B0x47c
0x4acf	0x4acfB0x1004aaB0x641
0x4acf	0x4acfB0x4b1aB0x4e12B0x641
0x4acf	0x4acfB0x100464B0x4f06
0x4acf	0x4acfB0x4b1aB0x4bd2B0x4f06
0x4acf	0x4acfB0x100464B0x4c67B0x47c
0x4acf	0x4acfB0x4b1aB0x4bd2B0x4c67B0x47c
0x4ad2	0x4acfB0x1004aaB0x641
0x4ad2	0x4acfB0x4b1aB0x4e12B0x641
0x4ad2	0x4acfB0x100464B0x4f06
0x4ad2	0x4acfB0x4b1aB0x4bd2B0x4f06
0x4ad2	0x4acfB0x100464B0x4c67B0x47c
0x4ad2	0x4acfB0x4b1aB0x4bd2B0x4c67B0x47c
0x4ad7	0x4ad6B0x1004aaB0x641
0x4ad7	0x4ad6B0x4b1aB0x4e12B0x641
0x4ad7	0x4ad6B0x100464B0x4f06
0x4ad7	0x4ad6B0x4b1aB0x4bd2B0x4f06
0x4ad7	0x4ad6B0x100464B0x4c67B0x47c
0x4ad7	0x4ad6B0x4b1aB0x4bd2B0x4c67B0x47c
0x4d3b	0x4d39B0x4e22B0x641
0x4d3b	0x4d39B0x5a4aB0x46dcB0x464aB0x381f
0x4d3b	0x4d39B0x5a4aB0x46dcB0x3ca2B0x3c13
0x4d3b	0x4d39B0x5a4aB0x46dcB0x3ca2B0x382e
0x4d3b	0x4d39B0x5a4aB0x46dcB0x3ca2B0x2dfdB0x232fB0x137c
0x4d3b	0x4d39B0x5a4aB0x46dcB0x3ca2B0x3eeaB0x232fB0x137c
0x4d3b	0x4d39B0x5a4aB0x46dcB0x464aB0x40c3B0x232fB0x137c
0x4d3b	0x4d39B0x5a4aB0x46dcB0x3ca2B0x2dfdB0x232fB0x15e2
0x4d3b	0x4d39B0x5a4aB0x46dcB0x3ca2B0x3eeaB0x232fB0x15e2
0x4d3b	0x4d39B0x5a4aB0x46dcB0x464aB0x40c3B0x232fB0x15e2
0x4d3c	0x4d39B0x4e22B0x641
0x4d3c	0x4d39B0x5a4aB0x46dcB0x464aB0x381f
0x4d3c	0x4d39B0x5a4aB0x46dcB0x3ca2B0x3c13
0x4d3c	0x4d39B0x5a4aB0x46dcB0x3ca2B0x382e
0x4d3c	0x4d39B0x5a4aB0x46dcB0x3ca2B0x2dfdB0x232fB0x137c
0x4d3c	0x4d39B0x5a4aB0x46dcB0x3ca2B0x3eeaB0x232fB0x137c
0x4d3c	0x4d39B0x5a4aB0x46dcB0x464aB0x40c3B0x232fB0x137c
0x4d3c	0x4d39B0x5a4aB0x46dcB0x3ca2B0x2dfdB0x232fB0x15e2
0x4d3c	0x4d39B0x5a4aB0x46dcB0x3ca2B0x3eeaB0x232fB0x15e2
0x4d3c	0x4d39B0x5a4aB0x46dcB0x464aB0x40c3B0x232fB0x15e2
0x4d3e	0x4d39B0x4e22B0x641
0x4d3e	0x4d39B0x5a4aB0x46dcB0x464aB0x381f
0x4d3e	0x4d39B0x5a4aB0x46dcB0x3ca2B0x3c13
0x4d3e	0x4d39B0x5a4aB0x46dcB0x3ca2B0x382e
0x4d3e	0x4d39B0x5a4aB0x46dcB0x3ca2B0x2dfdB0x232fB0x137c
0x4d3e	0x4d39B0x5a4aB0x46dcB0x3ca2B0x3eeaB0x232fB0x137c
0x4d3e	0x4d39B0x5a4aB0x46dcB0x464aB0x40c3B0x232fB0x137c
0x4d3e	0x4d39B0x5a4aB0x46dcB0x3ca2B0x2dfdB0x232fB0x15e2
0x4d3e	0x4d39B0x5a4aB0x46dcB0x3ca2B0x3eeaB0x232fB0x15e2
0x4d3e	0x4d39B0x5a4aB0x46dcB0x464aB0x40c3B0x232fB0x15e2
0x4d3f	0x4d39B0x4e22B0x641
0x4d3f	0x4d39B0x5a4aB0x46dcB0x464aB0x381f
0x4d3f	0x4d39B0x5a4aB0x46dcB0x3ca2B0x3c13
0x4d3f	0x4d39B0x5a4aB0x46dcB0x3ca2B0x382e
0x4d3f	0x4d39B0x5a4aB0x46dcB0x3ca2B0x2dfdB0x232fB0x137c
0x4d3f	0x4d39B0x5a4aB0x46dcB0x3ca2B0x3eeaB0x232fB0x137c
0x4d3f	0x4d39B0x5a4aB0x46dcB0x464aB0x40c3B0x232fB0x137c
0x4d3f	0x4d39B0x5a4aB0x46dcB0x3ca2B0x2dfdB0x232fB0x15e2
0x4d3f	0x4d39B0x5a4aB0x46dcB0x3ca2B0x3eeaB0x232fB0x15e2
0x4d3f	0x4d39B0x5a4aB0x46dcB0x464aB0x40c3B0x232fB0x15e2
0x4d43	0x4d43B0x4e22B0x641
0x4d43	0x4d43B0x5a4aB0x46dcB0x464aB0x381f
0x4d43	0x4d43B0x5a4aB0x46dcB0x3ca2B0x3c13
0x4d43	0x4d43B0x5a4aB0x46dcB0x3ca2B0x382e
0x4d43	0x4d43B0x5a4aB0x46dcB0x3ca2B0x2dfdB0x232fB0x137c
0x4d43	0x4d43B0x5a4aB0x46dcB0x3ca2B0x3eeaB0x232fB0x137c
0x4d43	0x4d43B0x5a4aB0x46dcB0x464aB0x40c3B0x232fB0x137c
0x4d43	0x4d43B0x5a4aB0x46dcB0x3ca2B0x2dfdB0x232fB0x15e2
0x4d43	0x4d43B0x5a4aB0x46dcB0x3ca2B0x3eeaB0x232fB0x15e2
0x4d43	0x4d43B0x5a4aB0x46dcB0x464aB0x40c3B0x232fB0x15e2
0x4e56	0x4e55B0x58a0
0x4e56	0x4e55B0x58b3
0x4e56	0x4e55B0x4e98B0x661
0x4e56	0x4e55B0x59ecB0x232fB0x137c
0x4e56	0x4e55B0x5932B0x2f97B0x232fB0x137c
0x4e56	0x4e55B0x59ecB0x232fB0x15e2
0x4e56	0x4e55B0x5932B0x2f97B0x232fB0x15e2
0x4e58	0x4e55B0x58a0
0x4e58	0x4e55B0x58b3
0x4e58	0x4e55B0x4e98B0x661
0x4e58	0x4e55B0x59ecB0x232fB0x137c
0x4e58	0x4e55B0x5932B0x2f97B0x232fB0x137c
0x4e58	0x4e55B0x59ecB0x232fB0x15e2
0x4e58	0x4e55B0x5932B0x2f97B0x232fB0x15e2
0x4e5a	0x4e55B0x58a0
0x4e5a	0x4e55B0x58b3
0x4e5a	0x4e55B0x4e98B0x661
0x4e5a	0x4e55B0x59ecB0x232fB0x137c
0x4e5a	0x4e55B0x5932B0x2f97B0x232fB0x137c
0x4e5a	0x4e55B0x59ecB0x232fB0x15e2
0x4e5a	0x4e55B0x5932B0x2f97B0x232fB0x15e2
0x4e5c	0x4e55B0x58a0
0x4e5c	0x4e55B0x58b3
0x4e5c	0x4e55B0x4e98B0x661
0x4e5c	0x4e55B0x59ecB0x232fB0x137c
0x4e5c	0x4e55B0x5932B0x2f97B0x232fB0x137c
0x4e5c	0x4e55B0x59ecB0x232fB0x15e2
0x4e5c	0x4e55B0x5932B0x2f97B0x232fB0x15e2
0x4e5d	0x4e55B0x58a0
0x4e5d	0x4e55B0x58b3
0x4e5d	0x4e55B0x4e98B0x661
0x4e5d	0x4e55B0x59ecB0x232fB0x137c
0x4e5d	0x4e55B0x5932B0x2f97B0x232fB0x137c
0x4e5d	0x4e55B0x59ecB0x232fB0x15e2
0x4e5d	0x4e55B0x5932B0x2f97B0x232fB0x15e2
0x4e5f	0x4e55B0x58a0
0x4e5f	0x4e55B0x58b3
0x4e5f	0x4e55B0x4e98B0x661
0x4e5f	0x4e55B0x59ecB0x232fB0x137c
0x4e5f	0x4e55B0x5932B0x2f97B0x232fB0x137c
0x4e5f	0x4e55B0x59ecB0x232fB0x15e2
0x4e5f	0x4e55B0x5932B0x2f97B0x232fB0x15e2
0x4e61	0x4e55B0x58a0
0x4e61	0x4e55B0x58b3
0x4e61	0x4e55B0x4e98B0x661
0x4e61	0x4e55B0x59ecB0x232fB0x137c
0x4e61	0x4e55B0x5932B0x2f97B0x232fB0x137c
0x4e61	0x4e55B0x59ecB0x232fB0x15e2
0x4e61	0x4e55B0x5932B0x2f97B0x232fB0x15e2
0x4e62	0x4e55B0x58a0
0x4e62	0x4e55B0x58b3
0x4e62	0x4e55B0x4e98B0x661
0x4e62	0x4e55B0x59ecB0x232fB0x137c
0x4e62	0x4e55B0x5932B0x2f97B0x232fB0x137c
0x4e62	0x4e55B0x59ecB0x232fB0x15e2
0x4e62	0x4e55B0x5932B0x2f97B0x232fB0x15e2
0x4e66	0x4e66B0x58a0
0x4e66	0x4e66B0x58b3
0x4e66	0x4e66B0x4e98B0x661
0x4e66	0x4e66B0x59ecB0x232fB0x137c
0x4e66	0x4e66B0x5932B0x2f97B0x232fB0x137c
0x4e66	0x4e66B0x59ecB0x232fB0x15e2
0x4e66	0x4e66B0x5932B0x2f97B0x232fB0x15e2
0x4f7b	0x4f7aB0x4f98
0x4f7b	0x4f7aB0x51b2B0x1391
0x4f7b	0x4f7aB0x51b2B0x15f8
0x4f7e	0x4f7aB0x4f98
0x4f7e	0x4f7aB0x51b2B0x1391
0x4f7e	0x4f7aB0x51b2B0x15f8
0x4f7f	0x4f7aB0x4f98
0x4f7f	0x4f7aB0x51b2B0x1391
0x4f7f	0x4f7aB0x51b2B0x15f8
0x4f83	0x4f83B0x4f98
0x4f83	0x4f83B0x51b2B0x1391
0x4f83	0x4f83B0x51b2B0x15f8
0x4f88	0x4f83B0x4f98
0x4f88	0x4f83B0x51b2B0x1391
0x4f88	0x4f83B0x51b2B0x15f8
0x4f8a	0x4f83B0x4f98
0x4f8a	0x4f83B0x51b2B0x1391
0x4f8a	0x4f83B0x51b2B0x15f8
0x4f8b	0x4f83B0x4f98
0x4f8b	0x4f83B0x51b2B0x1391
0x4f8b	0x4f83B0x51b2B0x15f8
0x4f8e	0x4f83B0x4f98
0x4f8e	0x4f83B0x51b2B0x1391
0x4f8e	0x4f83B0x51b2B0x15f8
0x4f90	0x4f83B0x4f98
0x4f90	0x4f83B0x51b2B0x1391
0x4f90	0x4f83B0x51b2B0x15f8
0x4f93	0x4f83B0x4f98
0x4f93	0x4f83B0x51b2B0x1391
0x4f93	0x4f83B0x51b2B0x15f8
0x4f95	0x4f83B0x4f98
0x4f95	0x4f83B0x51b2B0x1391
0x4f95	0x4f83B0x51b2B0x15f8
0x5077	0x5076B0x50e3B0x1bf1B0x137c
0x5077	0x5076B0x50e3B0x1bf1B0x15e2
0x507a	0x5076B0x50e3B0x1bf1B0x137c
0x507a	0x5076B0x50e3B0x1bf1B0x15e2
0x507b	0x5076B0x50e3B0x1bf1B0x137c
0x507b	0x5076B0x50e3B0x1bf1B0x15e2
0x507c	0x5076B0x50e3B0x1bf1B0x137c
0x507c	0x5076B0x50e3B0x1bf1B0x15e2
0x5080	0x5080B0x50e3B0x1bf1B0x137c
0x5080	0x5080B0x50e3B0x1bf1B0x15e2
0x5085	0x5080B0x50e3B0x1bf1B0x137c
0x5085	0x5080B0x50e3B0x1bf1B0x15e2
0x5088	0x5080B0x50e3B0x1bf1B0x137c
0x5088	0x5080B0x50e3B0x1bf1B0x15e2
0x5089	0x5080B0x50e3B0x1bf1B0x137c
0x5089	0x5080B0x50e3B0x1bf1B0x15e2
0x508c	0x5080B0x50e3B0x1bf1B0x137c
0x508c	0x5080B0x50e3B0x1bf1B0x15e2
0x508d	0x5080B0x50e3B0x1bf1B0x137c
0x508d	0x5080B0x50e3B0x1bf1B0x15e2
0x508f	0x5080B0x50e3B0x1bf1B0x137c
0x508f	0x5080B0x50e3B0x1bf1B0x15e2
0x5091	0x5080B0x50e3B0x1bf1B0x137c
0x5091	0x5080B0x50e3B0x1bf1B0x15e2
0x5092	0x5080B0x50e3B0x1bf1B0x137c
0x5092	0x5080B0x50e3B0x1bf1B0x15e2
0x5095	0x5080B0x50e3B0x1bf1B0x137c
0x5095	0x5080B0x50e3B0x1bf1B0x15e2
0x5096	0x5080B0x50e3B0x1bf1B0x137c
0x5096	0x5080B0x50e3B0x1bf1B0x15e2
0x5097	0x5080B0x50e3B0x1bf1B0x137c
0x5097	0x5080B0x50e3B0x1bf1B0x15e2
0x509e	0x509dB0x50e3B0x1bf1B0x137c
0x509e	0x509dB0x50e3B0x1bf1B0x15e2
0x50a1	0x509dB0x50e3B0x1bf1B0x137c
0x50a1	0x509dB0x50e3B0x1bf1B0x15e2
0x50a2	0x509dB0x50e3B0x1bf1B0x137c
0x50a2	0x509dB0x50e3B0x1bf1B0x15e2
0x50a4	0x509dB0x50e3B0x1bf1B0x137c
0x50a4	0x509dB0x50e3B0x1bf1B0x15e2
0x50a6	0x509dB0x50e3B0x1bf1B0x137c
0x50a6	0x509dB0x50e3B0x1bf1B0x15e2
0x50ac	0x50a9B0x50e3B0x1bf1B0x137c
0x50ac	0x50a9B0x50e3B0x1bf1B0x15e2
0x50ad	0x50a9B0x50e3B0x1bf1B0x137c
0x50ad	0x50a9B0x50e3B0x1bf1B0x15e2
0x50ae	0x50a9B0x50e3B0x1bf1B0x137c
0x50ae	0x50a9B0x50e3B0x1bf1B0x15e2
0x50b5	0x50b2B0x50e3B0x1bf1B0x137c
0x50b5	0x50b2B0x50e3B0x1bf1B0x15e2
0x50b7	0x50b2B0x50e3B0x1bf1B0x137c
0x50b7	0x50b2B0x50e3B0x1bf1B0x15e2
0x50b8	0x50b2B0x50e3B0x1bf1B0x137c
0x50b8	0x50b2B0x50e3B0x1bf1B0x15e2
0x517c	0x517bB0x1342
0x517c	0x517bB0x1365
0x517c	0x517bB0x152c
0x5181	0x517bB0x1342
0x5181	0x517bB0x1365
0x5181	0x517bB0x152c
0x5185	0x517bB0x1342
0x5185	0x517bB0x1365
0x5185	0x517bB0x152c
0x5187	0x517bB0x1342
0x5187	0x517bB0x1365
0x5187	0x517bB0x152c
0x51a8	0x517bB0x1342
0x51a8	0x517bB0x1365
0x51a8	0x517bB0x152c
0x51ab	0x517bB0x1342
0x51ab	0x517bB0x1365
0x51ab	0x517bB0x152c
0x51ad	0x517bB0x1342
0x51ad	0x517bB0x1365
0x51ad	0x517bB0x152c
0x51af	0x517bB0x1342
0x51af	0x517bB0x1365
0x51af	0x517bB0x152c
0x5295	0x5294B0x1d11
0x5295	0x5294B0x18afB0x137c
0x5295	0x5294B0x190cB0x137c
0x5295	0x5294B0x1988B0x137c
0x5295	0x5294B0x18afB0x15e2
0x5295	0x5294B0x190cB0x15e2
0x5295	0x5294B0x1988B0x15e2
0x5299	0x5294B0x1d11
0x5299	0x5294B0x18afB0x137c
0x5299	0x5294B0x190cB0x137c
0x5299	0x5294B0x1988B0x137c
0x5299	0x5294B0x18afB0x15e2
0x5299	0x5294B0x190cB0x15e2
0x5299	0x5294B0x1988B0x15e2
0x529a	0x5294B0x1d11
0x529a	0x5294B0x18afB0x137c
0x529a	0x5294B0x190cB0x137c
0x529a	0x5294B0x1988B0x137c
0x529a	0x5294B0x18afB0x15e2
0x529a	0x5294B0x190cB0x15e2
0x529a	0x5294B0x1988B0x15e2
0x529c	0x5294B0x1d11
0x529c	0x5294B0x18afB0x137c
0x529c	0x5294B0x190cB0x137c
0x529c	0x5294B0x1988B0x137c
0x529c	0x5294B0x18afB0x15e2
0x529c	0x5294B0x190cB0x15e2
0x529c	0x5294B0x1988B0x15e2
0x529e	0x5294B0x1d11
0x529e	0x5294B0x18afB0x137c
0x529e	0x5294B0x190cB0x137c
0x529e	0x5294B0x1988B0x137c
0x529e	0x5294B0x18afB0x15e2
0x529e	0x5294B0x190cB0x15e2
0x529e	0x5294B0x1988B0x15e2
0x529f	0x5294B0x1d11
0x529f	0x5294B0x18afB0x137c
0x529f	0x5294B0x190cB0x137c
0x529f	0x5294B0x1988B0x137c
0x529f	0x5294B0x18afB0x15e2
0x529f	0x5294B0x190cB0x15e2
0x529f	0x5294B0x1988B0x15e2
0x52a0	0x5294B0x1d11
0x52a0	0x5294B0x18afB0x137c
0x52a0	0x5294B0x190cB0x137c
0x52a0	0x5294B0x1988B0x137c
0x52a0	0x5294B0x18afB0x15e2
0x52a0	0x5294B0x190cB0x15e2
0x52a0	0x5294B0x1988B0x15e2
0x52a2	0x5294B0x1d11
0x52a2	0x5294B0x18afB0x137c
0x52a2	0x5294B0x190cB0x137c
0x52a2	0x5294B0x1988B0x137c
0x52a2	0x5294B0x18afB0x15e2
0x52a2	0x5294B0x190cB0x15e2
0x52a2	0x5294B0x1988B0x15e2
0x52a3	0x5294B0x1d11
0x52a3	0x5294B0x18afB0x137c
0x52a3	0x5294B0x190cB0x137c
0x52a3	0x5294B0x1988B0x137c
0x52a3	0x5294B0x18afB0x15e2
0x52a3	0x5294B0x190cB0x15e2
0x52a3	0x5294B0x1988B0x15e2
0x52a7	0x52a7B0x1d11
0x52a7	0x52a7B0x18afB0x137c
0x52a7	0x52a7B0x190cB0x137c
0x52a7	0x52a7B0x1988B0x137c
0x52a7	0x52a7B0x18afB0x15e2
0x52a7	0x52a7B0x190cB0x15e2
0x52a7	0x52a7B0x1988B0x15e2
0x52ad	0x52abB0x1d11
0x52ad	0x52abB0x18afB0x137c
0x52ad	0x52abB0x190cB0x137c
0x52ad	0x52abB0x1988B0x137c
0x52ad	0x52abB0x18afB0x15e2
0x52ad	0x52abB0x190cB0x15e2
0x52ad	0x52abB0x1988B0x15e2
0x52af	0x52abB0x1d11
0x52af	0x52abB0x18afB0x137c
0x52af	0x52abB0x190cB0x137c
0x52af	0x52abB0x1988B0x137c
0x52af	0x52abB0x18afB0x15e2
0x52af	0x52abB0x190cB0x15e2
0x52af	0x52abB0x1988B0x15e2
0x52b2	0x52abB0x1d11
0x52b2	0x52abB0x18afB0x137c
0x52b2	0x52abB0x190cB0x137c
0x52b2	0x52abB0x1988B0x137c
0x52b2	0x52abB0x18afB0x15e2
0x52b2	0x52abB0x190cB0x15e2
0x52b2	0x52abB0x1988B0x15e2
0x52b4	0x52abB0x1d11
0x52b4	0x52abB0x18afB0x137c
0x52b4	0x52abB0x190cB0x137c
0x52b4	0x52abB0x1988B0x137c
0x52b4	0x52abB0x18afB0x15e2
0x52b4	0x52abB0x190cB0x15e2
0x52b4	0x52abB0x1988B0x15e2
0x52b6	0x52abB0x1d11
0x52b6	0x52abB0x18afB0x137c
0x52b6	0x52abB0x190cB0x137c
0x52b6	0x52abB0x1988B0x137c
0x52b6	0x52abB0x18afB0x15e2
0x52b6	0x52abB0x190cB0x15e2
0x52b6	0x52abB0x1988B0x15e2
0x52b8	0x52abB0x1d11
0x52b8	0x52abB0x18afB0x137c
0x52b8	0x52abB0x190cB0x137c
0x52b8	0x52abB0x1988B0x137c
0x52b8	0x52abB0x18afB0x15e2
0x52b8	0x52abB0x190cB0x15e2
0x52b8	0x52abB0x1988B0x15e2
0x52b9	0x52abB0x1d11
0x52b9	0x52abB0x18afB0x137c
0x52b9	0x52abB0x190cB0x137c
0x52b9	0x52abB0x1988B0x137c
0x52b9	0x52abB0x18afB0x15e2
0x52b9	0x52abB0x190cB0x15e2
0x52b9	0x52abB0x1988B0x15e2
0x52bb	0x52abB0x1d11
0x52bb	0x52abB0x18afB0x137c
0x52bb	0x52abB0x190cB0x137c
0x52bb	0x52abB0x1988B0x137c
0x52bb	0x52abB0x18afB0x15e2
0x52bb	0x52abB0x190cB0x15e2
0x52bb	0x52abB0x1988B0x15e2
0x52bc	0x52abB0x1d11
0x52bc	0x52abB0x18afB0x137c
0x52bc	0x52abB0x190cB0x137c
0x52bc	0x52abB0x1988B0x137c
0x52bc	0x52abB0x18afB0x15e2
0x52bc	0x52abB0x190cB0x15e2
0x52bc	0x52abB0x1988B0x15e2
0x52bd	0x52abB0x1d11
0x52bd	0x52abB0x18afB0x137c
0x52bd	0x52abB0x190cB0x137c
0x52bd	0x52abB0x1988B0x137c
0x52bd	0x52abB0x18afB0x15e2
0x52bd	0x52abB0x190cB0x15e2
0x52bd	0x52abB0x1988B0x15e2
0x52c1	0x52c1B0x1d11
0x52c1	0x52c1B0x18afB0x137c
0x52c1	0x52c1B0x190cB0x137c
0x52c1	0x52c1B0x1988B0x137c
0x52c1	0x52c1B0x18afB0x15e2
0x52c1	0x52c1B0x190cB0x15e2
0x52c1	0x52c1B0x1988B0x15e2
0x52c6	0x52c5B0x1d11
0x52c6	0x52c5B0x18afB0x137c
0x52c6	0x52c5B0x190cB0x137c
0x52c6	0x52c5B0x1988B0x137c
0x52c6	0x52c5B0x18afB0x15e2
0x52c6	0x52c5B0x190cB0x15e2
0x52c6	0x52c5B0x1988B0x15e2
0x52c8	0x52c5B0x1d11
0x52c8	0x52c5B0x18afB0x137c
0x52c8	0x52c5B0x190cB0x137c
0x52c8	0x52c5B0x1988B0x137c
0x52c8	0x52c5B0x18afB0x15e2
0x52c8	0x52c5B0x190cB0x15e2
0x52c8	0x52c5B0x1988B0x15e2
0x52cb	0x52c5B0x1d11
0x52cb	0x52c5B0x18afB0x137c
0x52cb	0x52c5B0x190cB0x137c
0x52cb	0x52c5B0x1988B0x137c
0x52cb	0x52c5B0x18afB0x15e2
0x52cb	0x52c5B0x190cB0x15e2
0x52cb	0x52c5B0x1988B0x15e2
0x52ce	0x52c5B0x1d11
0x52ce	0x52c5B0x18afB0x137c
0x52ce	0x52c5B0x190cB0x137c
0x52ce	0x52c5B0x1988B0x137c
0x52ce	0x52c5B0x18afB0x15e2
0x52ce	0x52c5B0x190cB0x15e2
0x52ce	0x52c5B0x1988B0x15e2
0x52d0	0x52c5B0x1d11
0x52d0	0x52c5B0x18afB0x137c
0x52d0	0x52c5B0x190cB0x137c
0x52d0	0x52c5B0x1988B0x137c
0x52d0	0x52c5B0x18afB0x15e2
0x52d0	0x52c5B0x190cB0x15e2
0x52d0	0x52c5B0x1988B0x15e2
0x52d1	0x52c5B0x1d11
0x52d1	0x52c5B0x18afB0x137c
0x52d1	0x52c5B0x190cB0x137c
0x52d1	0x52c5B0x1988B0x137c
0x52d1	0x52c5B0x18afB0x15e2
0x52d1	0x52c5B0x190cB0x15e2
0x52d1	0x52c5B0x1988B0x15e2
0x52d2	0x52c5B0x1d11
0x52d2	0x52c5B0x18afB0x137c
0x52d2	0x52c5B0x190cB0x137c
0x52d2	0x52c5B0x1988B0x137c
0x52d2	0x52c5B0x18afB0x15e2
0x52d2	0x52c5B0x190cB0x15e2
0x52d2	0x52c5B0x1988B0x15e2
0x52d6	0x52d6B0x1d11
0x52d6	0x52d6B0x18afB0x137c
0x52d6	0x52d6B0x190cB0x137c
0x52d6	0x52d6B0x1988B0x137c
0x52d6	0x52d6B0x18afB0x15e2
0x52d6	0x52d6B0x190cB0x15e2
0x52d6	0x52d6B0x1988B0x15e2
0x52df	0x52daB0x18c1B0x137c
0x52df	0x52daB0x191eB0x137c
0x52df	0x52daB0x18c1B0x15e2
0x52df	0x52daB0x191eB0x15e2
0x52e2	0x52daB0x18c1B0x137c
0x52e2	0x52daB0x191eB0x137c
0x52e2	0x52daB0x18c1B0x15e2
0x52e2	0x52daB0x191eB0x15e2
0x5300	0x52fdB0x20b0
0x5300	0x52fdB0x216a
0x5300	0x52fdB0x18f0B0x137c
0x5300	0x52fdB0x18f0B0x15e2
0x5303	0x52fdB0x20b0
0x5303	0x52fdB0x216a
0x5303	0x52fdB0x18f0B0x137c
0x5303	0x52fdB0x18f0B0x15e2
0x5304	0x52fdB0x20b0
0x5304	0x52fdB0x216a
0x5304	0x52fdB0x18f0B0x137c
0x5304	0x52fdB0x18f0B0x15e2
0x5305	0x52fdB0x20b0
0x5305	0x52fdB0x216a
0x5305	0x52fdB0x18f0B0x137c
0x5305	0x52fdB0x18f0B0x15e2
0x5309	0x5309B0x20b0
0x5309	0x5309B0x216a
0x5309	0x5309B0x18f0B0x137c
0x5309	0x5309B0x18f0B0x15e2
0x530c	0x5309B0x20b0
0x530c	0x5309B0x216a
0x530c	0x5309B0x18f0B0x137c
0x530c	0x5309B0x18f0B0x15e2
0x55a6	0x55a3B0x20a1
0x55a6	0x55a3B0x2146
0x55a8	0x55a3B0x20a1
0x55a8	0x55a3B0x2146
0x55ab	0x55a3B0x20a1
0x55ab	0x55a3B0x2146
0x55ad	0x55a3B0x20a1
0x55ad	0x55a3B0x2146
0x55ae	0x55a3B0x20a1
0x55ae	0x55a3B0x2146
0x55af	0x55a3B0x20a1
0x55af	0x55a3B0x2146
0x55b3	0x55b3B0x20a1
0x55b3	0x55b3B0x2146
0x55b6	0x55b3B0x20a1
0x55b6	0x55b3B0x2146
0x55d2	0x55d1B0x17f2B0x1225
0x55d7	0x55d1B0x17f2B0x1225
0x55d9	0x55d1B0x17f2B0x1225
0x55da	0x55d1B0x17f2B0x1225
0x55dd	0x55d1B0x17f2B0x1225
0x55df	0x55d1B0x17f2B0x1225
0x55e2	0x55d1B0x17f2B0x1225
0x55e4	0x55d1B0x17f2B0x1225
0x56ce	0x56cdB0x2449B0x137c
0x56ce	0x56cdB0x2632B0x137c
0x56ce	0x56cdB0x2449B0x15e2
0x56ce	0x56cdB0x2632B0x15e2
0x56d0	0x56cdB0x2449B0x137c
0x56d0	0x56cdB0x2632B0x137c
0x56d0	0x56cdB0x2449B0x15e2
0x56d0	0x56cdB0x2632B0x15e2
0x56d2	0x56cdB0x2449B0x137c
0x56d2	0x56cdB0x2632B0x137c
0x56d2	0x56cdB0x2449B0x15e2
0x56d2	0x56cdB0x2632B0x15e2
0x56d4	0x56cdB0x2449B0x137c
0x56d4	0x56cdB0x2632B0x137c
0x56d4	0x56cdB0x2449B0x15e2
0x56d4	0x56cdB0x2632B0x15e2
0x56d5	0x56cdB0x2449B0x137c
0x56d5	0x56cdB0x2632B0x137c
0x56d5	0x56cdB0x2449B0x15e2
0x56d5	0x56cdB0x2632B0x15e2
0x56d8	0x56cdB0x2449B0x137c
0x56d8	0x56cdB0x2632B0x137c
0x56d8	0x56cdB0x2449B0x15e2
0x56d8	0x56cdB0x2632B0x15e2
0x56db	0x56cdB0x2449B0x137c
0x56db	0x56cdB0x2632B0x137c
0x56db	0x56cdB0x2449B0x15e2
0x56db	0x56cdB0x2632B0x15e2
0x56de	0x56cdB0x2449B0x137c
0x56de	0x56cdB0x2632B0x137c
0x56de	0x56cdB0x2449B0x15e2
0x56de	0x56cdB0x2632B0x15e2
0x56e5	0x56cdB0x2449B0x137c
0x56e5	0x56cdB0x2632B0x137c
0x56e5	0x56cdB0x2449B0x15e2
0x56e5	0x56cdB0x2632B0x15e2
0x56e6	0x56cdB0x2449B0x137c
0x56e6	0x56cdB0x2632B0x137c
0x56e6	0x56cdB0x2449B0x15e2
0x56e6	0x56cdB0x2632B0x15e2
0x56e9	0x56cdB0x2449B0x137c
0x56e9	0x56cdB0x2632B0x137c
0x56e9	0x56cdB0x2449B0x15e2
0x56e9	0x56cdB0x2632B0x15e2
0x56ed	0x56cdB0x2449B0x137c
0x56ed	0x56cdB0x2632B0x137c
0x56ed	0x56cdB0x2449B0x15e2
0x56ed	0x56cdB0x2632B0x15e2
0x56ee	0x56cdB0x2449B0x137c
0x56ee	0x56cdB0x2632B0x137c
0x56ee	0x56cdB0x2449B0x15e2
0x56ee	0x56cdB0x2632B0x15e2
0x56f1	0x56cdB0x2449B0x137c
0x56f1	0x56cdB0x2632B0x137c
0x56f1	0x56cdB0x2449B0x15e2
0x56f1	0x56cdB0x2632B0x15e2
0x56f3	0x56cdB0x2449B0x137c
0x56f3	0x56cdB0x2632B0x137c
0x56f3	0x56cdB0x2449B0x15e2
0x56f3	0x56cdB0x2632B0x15e2
0x56f6	0x56cdB0x2449B0x137c
0x56f6	0x56cdB0x2632B0x137c
0x56f6	0x56cdB0x2449B0x15e2
0x56f6	0x56cdB0x2632B0x15e2
0x56f8	0x56cdB0x2449B0x137c
0x56f8	0x56cdB0x2632B0x137c
0x56f8	0x56cdB0x2449B0x15e2
0x56f8	0x56cdB0x2632B0x15e2
0x56fa	0x56cdB0x2449B0x137c
0x56fa	0x56cdB0x2632B0x137c
0x56fa	0x56cdB0x2449B0x15e2
0x56fa	0x56cdB0x2632B0x15e2
0x56fb	0x56cdB0x2449B0x137c
0x56fb	0x56cdB0x2632B0x137c
0x56fb	0x56cdB0x2449B0x15e2
0x56fb	0x56cdB0x2632B0x15e2
0x56fe	0x56cdB0x2449B0x137c
0x56fe	0x56cdB0x2632B0x137c
0x56fe	0x56cdB0x2449B0x15e2
0x56fe	0x56cdB0x2632B0x15e2
0x5702	0x56cdB0x2449B0x137c
0x5702	0x56cdB0x2632B0x137c
0x5702	0x56cdB0x2449B0x15e2
0x5702	0x56cdB0x2632B0x15e2
0x5703	0x56cdB0x2449B0x137c
0x5703	0x56cdB0x2632B0x137c
0x5703	0x56cdB0x2449B0x15e2
0x5703	0x56cdB0x2632B0x15e2
0x5706	0x56cdB0x2449B0x137c
0x5706	0x56cdB0x2632B0x137c
0x5706	0x56cdB0x2449B0x15e2
0x5706	0x56cdB0x2632B0x15e2
0x5708	0x56cdB0x2449B0x137c
0x5708	0x56cdB0x2632B0x137c
0x5708	0x56cdB0x2449B0x15e2
0x5708	0x56cdB0x2632B0x15e2
0x570a	0x56cdB0x2449B0x137c
0x570a	0x56cdB0x2632B0x137c
0x570a	0x56cdB0x2449B0x15e2
0x570a	0x56cdB0x2632B0x15e2
0x570e	0x570dB0x2959
0x570e	0x570dB0x3df00x3d0d
0x570e	0x570dB0x3df00x3e14
0x570e	0x570dB0x3df00x40e7
0x570e	0x570dB0x3df00x420a
0x570e	0x570dB0x24bcB0x137c
0x570e	0x570dB0x27f5B0x137c
0x570e	0x570dB0x24bcB0x15e2
0x570e	0x570dB0x27f5B0x15e2
0x5710	0x570dB0x2959
0x5710	0x570dB0x3df00x3d0d
0x5710	0x570dB0x3df00x3e14
0x5710	0x570dB0x3df00x40e7
0x5710	0x570dB0x3df00x420a
0x5710	0x570dB0x24bcB0x137c
0x5710	0x570dB0x27f5B0x137c
0x5710	0x570dB0x24bcB0x15e2
0x5710	0x570dB0x27f5B0x15e2
0x5714	0x570dB0x2959
0x5714	0x570dB0x3df00x3d0d
0x5714	0x570dB0x3df00x3e14
0x5714	0x570dB0x3df00x40e7
0x5714	0x570dB0x3df00x420a
0x5714	0x570dB0x24bcB0x137c
0x5714	0x570dB0x27f5B0x137c
0x5714	0x570dB0x24bcB0x15e2
0x5714	0x570dB0x27f5B0x15e2
0x5715	0x570dB0x2959
0x5715	0x570dB0x3df00x3d0d
0x5715	0x570dB0x3df00x3e14
0x5715	0x570dB0x3df00x40e7
0x5715	0x570dB0x3df00x420a
0x5715	0x570dB0x24bcB0x137c
0x5715	0x570dB0x27f5B0x137c
0x5715	0x570dB0x24bcB0x15e2
0x5715	0x570dB0x27f5B0x15e2
0x5716	0x570dB0x2959
0x5716	0x570dB0x3df00x3d0d
0x5716	0x570dB0x3df00x3e14
0x5716	0x570dB0x3df00x40e7
0x5716	0x570dB0x3df00x420a
0x5716	0x570dB0x24bcB0x137c
0x5716	0x570dB0x27f5B0x137c
0x5716	0x570dB0x24bcB0x15e2
0x5716	0x570dB0x27f5B0x15e2
0x5717	0x570dB0x2959
0x5717	0x570dB0x3df00x3d0d
0x5717	0x570dB0x3df00x3e14
0x5717	0x570dB0x3df00x40e7
0x5717	0x570dB0x3df00x420a
0x5717	0x570dB0x24bcB0x137c
0x5717	0x570dB0x27f5B0x137c
0x5717	0x570dB0x24bcB0x15e2
0x5717	0x570dB0x27f5B0x15e2
0x571b	0x571bB0x2959
0x571b	0x571bB0x3df00x3d0d
0x571b	0x571bB0x3df00x3e14
0x571b	0x571bB0x3df00x40e7
0x571b	0x571bB0x3df00x420a
0x571b	0x571bB0x24bcB0x137c
0x571b	0x571bB0x27f5B0x137c
0x571b	0x571bB0x24bcB0x15e2
0x571b	0x571bB0x27f5B0x15e2
0x5721	0x571fB0x2959
0x5721	0x571fB0x3df00x3d0d
0x5721	0x571fB0x3df00x3e14
0x5721	0x571fB0x3df00x40e7
0x5721	0x571fB0x3df00x420a
0x5721	0x571fB0x24bcB0x137c
0x5721	0x571fB0x27f5B0x137c
0x5721	0x571fB0x24bcB0x15e2
0x5721	0x571fB0x27f5B0x15e2
0x58e6	0x58e5B0x3d88
0x58e6	0x58e5B0x2e2dB0x232fB0x137c
0x58e6	0x58e5B0x2e2dB0x232fB0x15e2
0x58e8	0x58e5B0x3d88
0x58e8	0x58e5B0x2e2dB0x232fB0x137c
0x58e8	0x58e5B0x2e2dB0x232fB0x15e2
0x58ea	0x58e5B0x3d88
0x58ea	0x58e5B0x2e2dB0x232fB0x137c
0x58ea	0x58e5B0x2e2dB0x232fB0x15e2
0x58ec	0x58e5B0x3d88
0x58ec	0x58e5B0x2e2dB0x232fB0x137c
0x58ec	0x58e5B0x2e2dB0x232fB0x15e2
0x58ed	0x58e5B0x3d88
0x58ed	0x58e5B0x2e2dB0x232fB0x137c
0x58ed	0x58e5B0x2e2dB0x232fB0x15e2
0x58f0	0x58e5B0x3d88
0x58f0	0x58e5B0x2e2dB0x232fB0x137c
0x58f0	0x58e5B0x2e2dB0x232fB0x15e2
0x58f3	0x58e5B0x3d88
0x58f3	0x58e5B0x2e2dB0x232fB0x137c
0x58f3	0x58e5B0x2e2dB0x232fB0x15e2
0x58f6	0x58e5B0x3d88
0x58f6	0x58e5B0x2e2dB0x232fB0x137c
0x58f6	0x58e5B0x2e2dB0x232fB0x15e2
0x58fd	0x58e5B0x3d88
0x58fd	0x58e5B0x2e2dB0x232fB0x137c
0x58fd	0x58e5B0x2e2dB0x232fB0x15e2
0x58fe	0x58e5B0x3d88
0x58fe	0x58e5B0x2e2dB0x232fB0x137c
0x58fe	0x58e5B0x2e2dB0x232fB0x15e2
0x5901	0x58e5B0x3d88
0x5901	0x58e5B0x2e2dB0x232fB0x137c
0x5901	0x58e5B0x2e2dB0x232fB0x15e2
0x5905	0x58e5B0x3d88
0x5905	0x58e5B0x2e2dB0x232fB0x137c
0x5905	0x58e5B0x2e2dB0x232fB0x15e2
0x5906	0x58e5B0x3d88
0x5906	0x58e5B0x2e2dB0x232fB0x137c
0x5906	0x58e5B0x2e2dB0x232fB0x15e2
0x5909	0x58e5B0x3d88
0x5909	0x58e5B0x2e2dB0x232fB0x137c
0x5909	0x58e5B0x2e2dB0x232fB0x15e2
0x590b	0x58e5B0x3d88
0x590b	0x58e5B0x2e2dB0x232fB0x137c
0x590b	0x58e5B0x2e2dB0x232fB0x15e2
0x590d	0x58e5B0x3d88
0x590d	0x58e5B0x2e2dB0x232fB0x137c
0x590d	0x58e5B0x2e2dB0x232fB0x15e2
0x590f	0x58e5B0x3d88
0x590f	0x58e5B0x2e2dB0x232fB0x137c
0x590f	0x58e5B0x2e2dB0x232fB0x15e2
0x5911	0x58e5B0x3d88
0x5911	0x58e5B0x2e2dB0x232fB0x137c
0x5911	0x58e5B0x2e2dB0x232fB0x15e2
0x5912	0x58e5B0x3d88
0x5912	0x58e5B0x2e2dB0x232fB0x137c
0x5912	0x58e5B0x2e2dB0x232fB0x15e2
0x5915	0x58e5B0x3d88
0x5915	0x58e5B0x2e2dB0x232fB0x137c
0x5915	0x58e5B0x2e2dB0x232fB0x15e2
0x5916	0x58e5B0x3d88
0x5916	0x58e5B0x2e2dB0x232fB0x137c
0x5916	0x58e5B0x2e2dB0x232fB0x15e2
0x5919	0x58e5B0x3d88
0x5919	0x58e5B0x2e2dB0x232fB0x137c
0x5919	0x58e5B0x2e2dB0x232fB0x15e2
0x591b	0x58e5B0x3d88
0x591b	0x58e5B0x2e2dB0x232fB0x137c
0x591b	0x58e5B0x2e2dB0x232fB0x15e2
0x591d	0x58e5B0x3d88
0x591d	0x58e5B0x2e2dB0x232fB0x137c
0x591d	0x58e5B0x2e2dB0x232fB0x15e2
0x5a0e	0x5a0dB0x3c2a
0x5a0e	0x5a0dB0x3e8f
0x5a0e	0x5a0dB0x41c7
0x5a0e	0x5a0dB0x436f
0x5a10	0x5a0dB0x3c2a
0x5a10	0x5a0dB0x3e8f
0x5a10	0x5a0dB0x41c7
0x5a10	0x5a0dB0x436f
0x5a12	0x5a0dB0x3c2a
0x5a12	0x5a0dB0x3e8f
0x5a12	0x5a0dB0x41c7
0x5a12	0x5a0dB0x436f
0x5a14	0x5a0dB0x3c2a
0x5a14	0x5a0dB0x3e8f
0x5a14	0x5a0dB0x41c7
0x5a14	0x5a0dB0x436f
0x5a15	0x5a0dB0x3c2a
0x5a15	0x5a0dB0x3e8f
0x5a15	0x5a0dB0x41c7
0x5a15	0x5a0dB0x436f
0x5a18	0x5a0dB0x3c2a
0x5a18	0x5a0dB0x3e8f
0x5a18	0x5a0dB0x41c7
0x5a18	0x5a0dB0x436f
0x5a1b	0x5a0dB0x3c2a
0x5a1b	0x5a0dB0x3e8f
0x5a1b	0x5a0dB0x41c7
0x5a1b	0x5a0dB0x436f
0x5a1e	0x5a0dB0x3c2a
0x5a1e	0x5a0dB0x3e8f
0x5a1e	0x5a0dB0x41c7
0x5a1e	0x5a0dB0x436f
0x5a25	0x5a0dB0x3c2a
0x5a25	0x5a0dB0x3e8f
0x5a25	0x5a0dB0x41c7
0x5a25	0x5a0dB0x436f
0x5a26	0x5a0dB0x3c2a
0x5a26	0x5a0dB0x3e8f
0x5a26	0x5a0dB0x41c7
0x5a26	0x5a0dB0x436f
0x5a29	0x5a0dB0x3c2a
0x5a29	0x5a0dB0x3e8f
0x5a29	0x5a0dB0x41c7
0x5a29	0x5a0dB0x436f
0x5a2d	0x5a0dB0x3c2a
0x5a2d	0x5a0dB0x3e8f
0x5a2d	0x5a0dB0x41c7
0x5a2d	0x5a0dB0x436f
0x5a2e	0x5a0dB0x3c2a
0x5a2e	0x5a0dB0x3e8f
0x5a2e	0x5a0dB0x41c7
0x5a2e	0x5a0dB0x436f
0x5a31	0x5a0dB0x3c2a
0x5a31	0x5a0dB0x3e8f
0x5a31	0x5a0dB0x41c7
0x5a31	0x5a0dB0x436f
0x5a33	0x5a0dB0x3c2a
0x5a33	0x5a0dB0x3e8f
0x5a33	0x5a0dB0x41c7
0x5a33	0x5a0dB0x436f
0x5a35	0x5a0dB0x3c2a
0x5a35	0x5a0dB0x3e8f
0x5a35	0x5a0dB0x41c7
0x5a35	0x5a0dB0x436f
0xb7a9	0xb7a8B0x11ceB0x2a6
0xb7ab	0xb7a8B0x11ceB0x2a6
0xb7ae	0xb7a8B0x11ceB0x2a6
0xb7d1	0xb7d0B0x123d
0xb7d3	0xb7d0B0x123d
0xb7d6	0xb7d0B0x123d
0xb9a1	0xb9a0B0x13e5
0xb9a1	0xb9a0B0x1852B0x137c
0xb9a1	0xb9a0B0x1852B0x15e2
0xb9a3	0xb9a0B0x13e5
0xb9a3	0xb9a0B0x1852B0x137c
0xb9a3	0xb9a0B0x1852B0x15e2
0xb9a6	0xb9a0B0x13e5
0xb9a6	0xb9a0B0x1852B0x137c
0xb9a6	0xb9a0B0x1852B0x15e2
0xb9c9	0xb9c8B0xb92B0x532
0xb9ce	0xb9c8B0xb92B0x532
0xb9d0	0xb9c8B0xb92B0x532
0xb9d1	0xb9c8B0xb92B0x532
0xb9d4	0xb9c8B0xb92B0x532
0xb9d6	0xb9c8B0xb92B0x532
0xb9d9	0xb9c8B0xb92B0x532
0xb9db	0xb9c8B0xb92B0x532
0xbc39	0xbc38B0x17f2B0x1225
0xbc3e	0xbc38B0x17f2B0x1225
0xbc40	0xbc38B0x17f2B0x1225
0xbc41	0xbc38B0x17f2B0x1225
0xbc44	0xbc38B0x17f2B0x1225
0xbc46	0xbc38B0x17f2B0x1225
0xbc49	0xbc38B0x17f2B0x1225
0xbc4b	0xbc38B0x17f2B0x1225
0xbc6e	0xbc6dB0x17f2B0x1225
0xbc73	0xbc6dB0x17f2B0x1225
0xbc75	0xbc6dB0x17f2B0x1225
0xbc76	0xbc6dB0x17f2B0x1225
0xbc79	0xbc6dB0x17f2B0x1225
0xbc7b	0xbc6dB0x17f2B0x1225
0xbc7e	0xbc6dB0x17f2B0x1225
0xbc80	0xbc6dB0x17f2B0x1225
0xc1ad	0xc1acB0x1004aaB0x641
0xc1ad	0xc1acB0x4b1aB0x4e12B0x641
0xc1ad	0xc1acB0x100464B0x4f06
0xc1ad	0xc1acB0x4b1aB0x4bd2B0x4f06
0xc1ad	0xc1acB0x100464B0x4c67B0x47c
0xc1ad	0xc1acB0x4b1aB0x4bd2B0x4c67B0x47c
0xc1b2	0xc1acB0x1004aaB0x641
0xc1b2	0xc1acB0x4b1aB0x4e12B0x641
0xc1b2	0xc1acB0x100464B0x4f06
0xc1b2	0xc1acB0x4b1aB0x4bd2B0x4f06
0xc1b2	0xc1acB0x100464B0x4c67B0x47c
0xc1b2	0xc1acB0x4b1aB0x4bd2B0x4c67B0x47c
0xc1b4	0xc1acB0x1004aaB0x641
0xc1b4	0xc1acB0x4b1aB0x4e12B0x641
0xc1b4	0xc1acB0x100464B0x4f06
0xc1b4	0xc1acB0x4b1aB0x4bd2B0x4f06
0xc1b4	0xc1acB0x100464B0x4c67B0x47c
0xc1b4	0xc1acB0x4b1aB0x4bd2B0x4c67B0x47c
0xc1b5	0xc1acB0x1004aaB0x641
0xc1b5	0xc1acB0x4b1aB0x4e12B0x641
0xc1b5	0xc1acB0x100464B0x4f06
0xc1b5	0xc1acB0x4b1aB0x4bd2B0x4f06
0xc1b5	0xc1acB0x100464B0x4c67B0x47c
0xc1b5	0xc1acB0x4b1aB0x4bd2B0x4c67B0x47c
0xc1b8	0xc1acB0x1004aaB0x641
0xc1b8	0xc1acB0x4b1aB0x4e12B0x641
0xc1b8	0xc1acB0x100464B0x4f06
0xc1b8	0xc1acB0x4b1aB0x4bd2B0x4f06
0xc1b8	0xc1acB0x100464B0x4c67B0x47c
0xc1b8	0xc1acB0x4b1aB0x4bd2B0x4c67B0x47c
0xc1ba	0xc1acB0x1004aaB0x641
0xc1ba	0xc1acB0x4b1aB0x4e12B0x641
0xc1ba	0xc1acB0x100464B0x4f06
0xc1ba	0xc1acB0x4b1aB0x4bd2B0x4f06
0xc1ba	0xc1acB0x100464B0x4c67B0x47c
0xc1ba	0xc1acB0x4b1aB0x4bd2B0x4c67B0x47c
0xc1bd	0xc1acB0x1004aaB0x641
0xc1bd	0xc1acB0x4b1aB0x4e12B0x641
0xc1bd	0xc1acB0x100464B0x4f06
0xc1bd	0xc1acB0x4b1aB0x4bd2B0x4f06
0xc1bd	0xc1acB0x100464B0x4c67B0x47c
0xc1bd	0xc1acB0x4b1aB0x4bd2B0x4c67B0x47c
0xc1bf	0xc1acB0x1004aaB0x641
0xc1bf	0xc1acB0x4b1aB0x4e12B0x641
0xc1bf	0xc1acB0x100464B0x4f06
0xc1bf	0xc1acB0x4b1aB0x4bd2B0x4f06
0xc1bf	0xc1acB0x100464B0x4c67B0x47c
0xc1bf	0xc1acB0x4b1aB0x4bd2B0x4c67B0x47c
0xc2eb	0xc2eaB0x20b0
0xc2eb	0xc2eaB0x216a
0xc2eb	0xc2eaB0x18f0B0x137c
0xc2eb	0xc2eaB0x18f0B0x15e2
0xc2f0	0xc2eaB0x20b0
0xc2f0	0xc2eaB0x216a
0xc2f0	0xc2eaB0x18f0B0x137c
0xc2f0	0xc2eaB0x18f0B0x15e2
0xc2f2	0xc2eaB0x20b0
0xc2f2	0xc2eaB0x216a
0xc2f2	0xc2eaB0x18f0B0x137c
0xc2f2	0xc2eaB0x18f0B0x15e2
0xc2f3	0xc2eaB0x20b0
0xc2f3	0xc2eaB0x216a
0xc2f3	0xc2eaB0x18f0B0x137c
0xc2f3	0xc2eaB0x18f0B0x15e2
0xc2f6	0xc2eaB0x20b0
0xc2f6	0xc2eaB0x216a
0xc2f6	0xc2eaB0x18f0B0x137c
0xc2f6	0xc2eaB0x18f0B0x15e2
0xc2f8	0xc2eaB0x20b0
0xc2f8	0xc2eaB0x216a
0xc2f8	0xc2eaB0x18f0B0x137c
0xc2f8	0xc2eaB0x18f0B0x15e2
0xc2fb	0xc2eaB0x20b0
0xc2fb	0xc2eaB0x216a
0xc2fb	0xc2eaB0x18f0B0x137c
0xc2fb	0xc2eaB0x18f0B0x15e2
0xc2fd	0xc2eaB0x20b0
0xc2fd	0xc2eaB0x216a
0xc2fd	0xc2eaB0x18f0B0x137c
0xc2fd	0xc2eaB0x18f0B0x15e2
0xc320	0xc31fB0x20a1
0xc320	0xc31fB0x2146
0xc325	0xc31fB0x20a1
0xc325	0xc31fB0x2146
0xc327	0xc31fB0x20a1
0xc327	0xc31fB0x2146
0xc328	0xc31fB0x20a1
0xc328	0xc31fB0x2146
0xc32b	0xc31fB0x20a1
0xc32b	0xc31fB0x2146
0xc32d	0xc31fB0x20a1
0xc32d	0xc31fB0x2146
0xc330	0xc31fB0x20a1
0xc330	0xc31fB0x2146
0xc332	0xc31fB0x20a1
0xc332	0xc31fB0x2146
0x1f630	0x148fB0xb09
0x1f630	0x148fB0xb3d
0x20030	0x14b1B0xb09
0x20030	0x14b1B0xb3d
0x24630	0x208fB0x16f2B0x11c4
0x26430	0x22b7B0x17f2B0x1225
0x28c30	0x2a05B0x1da7B0x15c7
0x35e30	0x386fB0x2a2dB0x1dfcB0x15c7
0x36830	0x3a1eB0x2a5aB0x1e6bB0x15c7
0x37230	0x3ca2B0x3c13
0x37230	0x3ca2B0x382e
0x37230	0x3ca2B0x2dfdB0x232fB0x137c
0x37230	0x3ca2B0x3eeaB0x232fB0x137c
0x37230	0x3ca2B0x2dfdB0x232fB0x15e2
0x37230	0x3ca2B0x3eeaB0x232fB0x15e2
0x3b830	0x496eB0x54d6
0x3b830	0x496eB0x54fe
0x3b830	0x496eB0x5510
0x3b830	0x496eB0x4992B0x49beB0x9d4d3
0x3b830	0x496eB0x4992B0x4c81B0x504
0x3b830	0x496eB0x4992B0x4ca1B0x504
0x3b830	0x496eB0x4992B0x49beB0xe6928
0x3b830	0x496eB0x521fB0x11c4
0x3b830	0x496eB0x5257B0x11c4
0x3b830	0x496eB0x4992B0x49beB0x1716B0x11c4
0x3b830	0x496eB0x4992B0x501dB0x650
0x3b830	0x496eB0x4992B0x5491B0x137c
0x3b830	0x496eB0x4992B0x49beB0x19c0B0x137c
0x3b830	0x496eB0x4992B0x539fB0x546fB0x1ab5B0x137c
0x3b830	0x496eB0x552dB0x15c7
0x3b830	0x496eB0x4992B0x5491B0x15e2
0x3b830	0x496eB0x4992B0x49beB0x19c0B0x15e2
0x3b830	0x496eB0x4992B0x539fB0x546fB0x1ab5B0x15e2
0x3b830	0x496eB0x5a55B0x467aB0x464aB0x381f
0x3b830	0x496eB0x4992B0x49beB0x4858B0x47b8B0x467aB0x464aB0x381f
0x3b830	0x496eB0x5a55B0x467aB0x3ca2B0x3c13
0x3b830	0x496eB0x4992B0x49beB0x4858B0x47b8B0x467aB0x3ca2B0x3c13
0x3b830	0x496eB0x5a55B0x467aB0x3ca2B0x382e
0x3b830	0x496eB0x4992B0x49beB0x4858B0x47b8B0x467aB0x3ca2B0x382e
0x3b830	0x496eB0x5a55B0x467aB0x3ca2B0x2dfdB0x232fB0x137c
0x3b830	0x496eB0x4992B0x49beB0x4858B0x47b8B0x467aB0x3ca2B0x2dfdB0x232fB0x137c
0x3b830	0x496eB0x5a55B0x467aB0x3ca2B0x3eeaB0x232fB0x137c
0x3b830	0x496eB0x4992B0x49beB0x4858B0x47b8B0x467aB0x3ca2B0x3eeaB0x232fB0x137c
0x3b830	0x496eB0x5a55B0x467aB0x464aB0x40c3B0x232fB0x137c
0x3b830	0x496eB0x4992B0x49beB0x4858B0x47b8B0x467aB0x464aB0x40c3B0x232fB0x137c
0x3b830	0x496eB0x5a55B0x467aB0x3ca2B0x2dfdB0x232fB0x15e2
0x3b830	0x496eB0x4992B0x49beB0x4858B0x47b8B0x467aB0x3ca2B0x2dfdB0x232fB0x15e2
0x3b830	0x496eB0x5a55B0x467aB0x3ca2B0x3eeaB0x232fB0x15e2
0x3b830	0x496eB0x4992B0x49beB0x4858B0x47b8B0x467aB0x3ca2B0x3eeaB0x232fB0x15e2
0x3b830	0x496eB0x5a55B0x467aB0x464aB0x40c3B0x232fB0x15e2
0x3b830	0x496eB0x4992B0x49beB0x4858B0x47b8B0x467aB0x464aB0x40c3B0x232fB0x15e2
0x3ea30	0x509bB0x50e3B0x1bf1B0x137c
0x3ea30	0x509bB0x50e3B0x1bf1B0x15e2
0x3f430	0x509dB0x50e3B0x1bf1B0x137c
0x3f430	0x509dB0x50e3B0x1bf1B0x15e2
0xff797	0xff794B0xb09
0xff797	0xff794B0xb3d
0xff7c2	0xff7baB0xb09
0xff7c2	0xff7baB0xb3d
0xff7ed	0xff7e5B0xb09
0xff7ed	0xff7e5B0xb3d
0xffb0d	0xffb0cB0x17f2B0x1225
0xffb10	0xffb0cB0x17f2B0x1225
0xffb14	0xffb0cB0x17f2B0x1225
0xffb17	0xffb0cB0x17f2B0x1225
0xffb19	0xffb0cB0x17f2B0x1225
0xffb1b	0xffb0cB0x17f2B0x1225
0xffb1c	0xffb0cB0x17f2B0x1225
0xffb1d	0xffb0cB0x17f2B0x1225
0xffb24	0xffb0cB0x17f2B0x1225
0xffb26	0xffb0cB0x17f2B0x1225
0xffb27	0xffb0cB0x17f2B0x1225
0xffb2c	0xffb0cB0x17f2B0x1225
0xffb2e	0xffb0cB0x17f2B0x1225
0xffb32	0xffb0cB0x17f2B0x1225
0xffb34	0xffb0cB0x17f2B0x1225
0xffb35	0xffb0cB0x17f2B0x1225
0xffb37	0xffb0cB0x17f2B0x1225
0xffb38	0xffb0cB0x17f2B0x1225
0xffb3c	0xffb0cB0x17f2B0x1225
0xffb43	0xffb0cB0x17f2B0x1225
0x1009ae	0x1009a6B0xb09
0x1009ae	0x1009a6B0xb3d
0x24650	0x208fB0x16f2B0x11c4
0x1c91	0x1c85B0xb09
0x1c91	0x1c85B0xb3d
0x1440	0x1435B0xb09
0x1440	0x1435B0xb3d
0x146c	0x1441B0xb09
0x146c	0x1441B0xb3d
0x225f	0x2254B0x17f2B0x1225
0x2273	0x2260B0x17f2B0x1225
0x4679	0x464aB0x381f
0x4679	0x464aB0x40c3B0x232fB0x137c
0x4679	0x464aB0x40c3B0x232fB0x15e2
0x37250	0x3ca2B0x3c13
0x37250	0x3ca2B0x382e
0x37250	0x3ca2B0x2dfdB0x232fB0x137c
0x37250	0x3ca2B0x3eeaB0x232fB0x137c
0x37250	0x3ca2B0x2dfdB0x232fB0x15e2
0x37250	0x3ca2B0x3eeaB0x232fB0x15e2
0xaf5	0xad8B0x4d5
0x11c3	0x11abB0x7aaB0x271
0x1434	0x142dB0xb09
0x1434	0x142dB0xb3d
0x148e	0x147cB0xb09
0x148e	0x147cB0xb3d
0x14d1	0x14c6B0xb92B0x532
0x1655	0x164cB0x1087B0x6d8
0x16da	0x16aaB0x117aB0x1203
0x16e2	0x16dbB0x117aB0x1203
0x178a	0x174bB0x11ceB0x2a6
0x184f	0x1812B0x123d
0x1c84	0x1c4bB0x13e5
0x1c84	0x1c4bB0x1852B0x137c
0x1c84	0x1c4bB0x1852B0x15e2
0x1cc3	0x1c92B0xb09
0x1cc3	0x1c92B0xb3d
0x1cda	0x1cd4B0xb92B0x532
0x1ced	0x1cdbB0xb92B0x532
0x2293	0x228dB0x17f2B0x1225
0x22b6	0x22b0B0x17f2B0x1225
0x22e9	0x22e3B0x17f2B0x1225
0x232e	0x2325B0x17f2B0x1225
0x3964	0x38bdB0x2a2dB0x1dfcB0x15c7
0x39a0	0x3996B0x2a5aB0x1e6bB0x15c7
0x3a1d	0x3a11B0x2a5aB0x1e6bB0x15c7
0x48bb	0x48b1B0x488eB0x34deB0x232fB0x137c
0x48bb	0x48b1B0x488eB0x34deB0x232fB0x15e2
0x4988	0x497aB0x54d6
0x4988	0x497aB0x54fe
0x4988	0x497aB0x5510
0x4988	0x497aB0x4992B0x49beB0x9d4d3
0x4988	0x497aB0x4992B0x4c81B0x504
0x4988	0x497aB0x4992B0x4ca1B0x504
0x4988	0x497aB0x4992B0x49beB0xe6928
0x4988	0x497aB0x521fB0x11c4
0x4988	0x497aB0x5257B0x11c4
0x4988	0x497aB0x4992B0x49beB0x1716B0x11c4
0x4988	0x497aB0x4992B0x501dB0x650
0x4988	0x497aB0x4992B0x5491B0x137c
0x4988	0x497aB0x4992B0x49beB0x19c0B0x137c
0x4988	0x497aB0x4992B0x539fB0x546fB0x1ab5B0x137c
0x4988	0x497aB0x552dB0x15c7
0x4988	0x497aB0x4992B0x5491B0x15e2
0x4988	0x497aB0x4992B0x49beB0x19c0B0x15e2
0x4988	0x497aB0x4992B0x539fB0x546fB0x1ab5B0x15e2
0x4988	0x497aB0x5a55B0x467aB0x464aB0x381f
0x4988	0x497aB0x4992B0x49beB0x4858B0x47b8B0x467aB0x464aB0x381f
0x4988	0x497aB0x5a55B0x467aB0x3ca2B0x3c13
0x4988	0x497aB0x4992B0x49beB0x4858B0x47b8B0x467aB0x3ca2B0x3c13
0x4988	0x497aB0x5a55B0x467aB0x3ca2B0x382e
0x4988	0x497aB0x4992B0x49beB0x4858B0x47b8B0x467aB0x3ca2B0x382e
0x4988	0x497aB0x5a55B0x467aB0x3ca2B0x2dfdB0x232fB0x137c
0x4988	0x497aB0x4992B0x49beB0x4858B0x47b8B0x467aB0x3ca2B0x2dfdB0x232fB0x137c
0x4988	0x497aB0x5a55B0x467aB0x3ca2B0x3eeaB0x232fB0x137c
0x4988	0x497aB0x4992B0x49beB0x4858B0x47b8B0x467aB0x3ca2B0x3eeaB0x232fB0x137c
0x4988	0x497aB0x5a55B0x467aB0x464aB0x40c3B0x232fB0x137c
0x4988	0x497aB0x4992B0x49beB0x4858B0x47b8B0x467aB0x464aB0x40c3B0x232fB0x137c
0x4988	0x497aB0x5a55B0x467aB0x3ca2B0x2dfdB0x232fB0x15e2
0x4988	0x497aB0x4992B0x49beB0x4858B0x47b8B0x467aB0x3ca2B0x2dfdB0x232fB0x15e2
0x4988	0x497aB0x5a55B0x467aB0x3ca2B0x3eeaB0x232fB0x15e2
0x4988	0x497aB0x4992B0x49beB0x4858B0x47b8B0x467aB0x3ca2B0x3eeaB0x232fB0x15e2
0x4988	0x497aB0x5a55B0x467aB0x464aB0x40c3B0x232fB0x15e2
0x4988	0x497aB0x4992B0x49beB0x4858B0x47b8B0x467aB0x464aB0x40c3B0x232fB0x15e2
0x4ad5	0x4acfB0x1004aaB0x641
0x4ad5	0x4acfB0x4b1aB0x4e12B0x641
0x4ad5	0x4acfB0x100464B0x4f06
0x4ad5	0x4acfB0x4b1aB0x4bd2B0x4f06
0x4ad5	0x4acfB0x100464B0x4c67B0x47c
0x4ad5	0x4acfB0x4b1aB0x4bd2B0x4c67B0x47c
0x50bb	0x50b2B0x50e3B0x1bf1B0x137c
0x50bb	0x50b2B0x50e3B0x1bf1B0x15e2
0x530f	0x5309B0x20b0
0x530f	0x5309B0x216a
0x530f	0x5309B0x18f0B0x137c
0x530f	0x5309B0x18f0B0x15e2
0x55b9	0x55b3B0x20a1
0x55b9	0x55b3B0x2146
0x1f650	0x148fB0xb09
0x1f650	0x148fB0xb3d
0x20050	0x14b1B0xb09
0x20050	0x14b1B0xb3d
0x26450	0x22b7B0x17f2B0x1225
0x28c50	0x2a05B0x1da7B0x15c7
0x35e50	0x386fB0x2a2dB0x1dfcB0x15c7
0x36850	0x3a1eB0x2a5aB0x1e6bB0x15c7
0x3b850	0x496eB0x54d6
0x3b850	0x496eB0x54fe
0x3b850	0x496eB0x5510
0x3b850	0x496eB0x4992B0x49beB0x9d4d3
0x3b850	0x496eB0x4992B0x4c81B0x504
0x3b850	0x496eB0x4992B0x4ca1B0x504
0x3b850	0x496eB0x4992B0x49beB0xe6928
0x3b850	0x496eB0x521fB0x11c4
0x3b850	0x496eB0x5257B0x11c4
0x3b850	0x496eB0x4992B0x49beB0x1716B0x11c4
0x3b850	0x496eB0x4992B0x501dB0x650
0x3b850	0x496eB0x4992B0x5491B0x137c
0x3b850	0x496eB0x4992B0x49beB0x19c0B0x137c
0x3b850	0x496eB0x4992B0x539fB0x546fB0x1ab5B0x137c
0x3b850	0x496eB0x552dB0x15c7
0x3b850	0x496eB0x4992B0x5491B0x15e2
0x3b850	0x496eB0x4992B0x49beB0x19c0B0x15e2
0x3b850	0x496eB0x4992B0x539fB0x546fB0x1ab5B0x15e2
0x3b850	0x496eB0x5a55B0x467aB0x464aB0x381f
0x3b850	0x496eB0x4992B0x49beB0x4858B0x47b8B0x467aB0x464aB0x381f
0x3b850	0x496eB0x5a55B0x467aB0x3ca2B0x3c13
0x3b850	0x496eB0x4992B0x49beB0x4858B0x47b8B0x467aB0x3ca2B0x3c13
0x3b850	0x496eB0x5a55B0x467aB0x3ca2B0x382e
0x3b850	0x496eB0x4992B0x49beB0x4858B0x47b8B0x467aB0x3ca2B0x382e
0x3b850	0x496eB0x5a55B0x467aB0x3ca2B0x2dfdB0x232fB0x137c
0x3b850	0x496eB0x4992B0x49beB0x4858B0x47b8B0x467aB0x3ca2B0x2dfdB0x232fB0x137c
0x3b850	0x496eB0x5a55B0x467aB0x3ca2B0x3eeaB0x232fB0x137c
0x3b850	0x496eB0x4992B0x49beB0x4858B0x47b8B0x467aB0x3ca2B0x3eeaB0x232fB0x137c
0x3b850	0x496eB0x5a55B0x467aB0x464aB0x40c3B0x232fB0x137c
0x3b850	0x496eB0x4992B0x49beB0x4858B0x47b8B0x467aB0x464aB0x40c3B0x232fB0x137c
0x3b850	0x496eB0x5a55B0x467aB0x3ca2B0x2dfdB0x232fB0x15e2
0x3b850	0x496eB0x4992B0x49beB0x4858B0x47b8B0x467aB0x3ca2B0x2dfdB0x232fB0x15e2
0x3b850	0x496eB0x5a55B0x467aB0x3ca2B0x3eeaB0x232fB0x15e2
0x3b850	0x496eB0x4992B0x49beB0x4858B0x47b8B0x467aB0x3ca2B0x3eeaB0x232fB0x15e2
0x3b850	0x496eB0x5a55B0x467aB0x464aB0x40c3B0x232fB0x15e2
0x3b850	0x496eB0x4992B0x49beB0x4858B0x47b8B0x467aB0x464aB0x40c3B0x232fB0x15e2
0x3ea50	0x509bB0x50e3B0x1bf1B0x137c
0x3ea50	0x509bB0x50e3B0x1bf1B0x15e2
0x3f450	0x509dB0x50e3B0x1bf1B0x137c
0x3f450	0x509dB0x50e3B0x1bf1B0x15e2
0xff79a	0xff794B0xb09
0xff79a	0xff794B0xb3d
0xff7c5	0xff7baB0xb09
0xff7c5	0xff7baB0xb3d
0xff7f0	0xff7e5B0xb09
0xff7f0	0xff7e5B0xb3d
0xffb46	0xffb0cB0x17f2B0x1225
0x1009b1	0x1009a6B0xb09
0x1009b1	0x1009a6B0xb3d
0x11aa	0x118fB0x7aaB0x271
0x142c	0x1422B0xb09
0x142c	0x1422B0xb3d
0x1473	0x146dB0xb09
0x1473	0x146dB0xb3d
0x147b	0x1474B0xb09
0x147b	0x1474B0xb3d
0x14b0	0x149dB0xb09
0x14b0	0x149dB0xb3d
0x16a9	0x1694B0x117aB0x1203
0x174a	0x173cB0x11ceB0x2a6
0x1811	0x1807B0x123d
0x1c4a	0x1c3fB0x13e5
0x1c4a	0x1c3fB0x1852B0x137c
0x1c4a	0x1c3fB0x1852B0x15e2
0x1cd3	0x1cc4B0xb92B0x532
0x2253	0x223cB0x17f2B0x1225
0x227d	0x2274B0x17f2B0x1225
0x228c	0x227eB0x17f2B0x1225
0x22af	0x2294B0x17f2B0x1225
0x22e2	0x22d9B0x17f2B0x1225
0x386e	0x383aB0x2a2dB0x1dfcB0x15c7
0x3898	0x3893B0x2a2dB0x1dfcB0x15c7
0x3995	0x396aB0x2a5aB0x1e6bB0x15c7
0x39eb	0x39a1B0x2a5aB0x1e6bB0x15c7
0x3a10	0x39f5B0x2a5aB0x1e6bB0x15c7
0x48b0	0x48a8B0x488eB0x34deB0x232fB0x137c
0x48b0	0x48a8B0x488eB0x34deB0x232fB0x15e2
0x48d3	0x48c0B0x48eaB0x262
0x48d3	0x48c0B0x4e7fB0x661
0x4903	0x48f3B0x5628
0x4903	0x48f3B0x5868
0x4903	0x48f3B0x5873
0x4903	0x48f3B0x588d
0x4903	0x48f3B0x58c6
0x4903	0x48f3B0x491aB0x297
0x4903	0x48f3B0x4951B0x381
0x4903	0x48f3B0x4951B0x3a1
0x4903	0x48f3B0x491aB0x3c1
0x4903	0x48f3B0x491aB0x4c6
0x4903	0x48f3B0x4951B0x543
0x4903	0x48f3B0x491aB0x563
0x4903	0x48f3B0x4e88B0x661
0x4903	0x48f3B0x4f49B0x694
0x4903	0x48f3B0x4f54B0x694
0x4903	0x48f3B0x4951B0x6e9
0x4903	0x48f3B0x4ffcB0x9f4
0x4903	0x48f3B0x4ffcB0xdb2
0x4903	0x48f3B0x4ffcB0xe7d
0x4903	0x48f3B0x4ffcB0x28f3
0x4903	0x48f3B0x4ffcB0x3bcf
0x4903	0x48f3B0x4ffcB0x3d64
0x4903	0x48f3B0x4ffcB0x3e6b
0x4903	0x48f3B0x4ffcB0x41a3
0x4903	0x48f3B0x4ffcB0x42c6
0x4903	0x48f3B0x4ffcB0x434b
0x4903	0x48f3B0x4fdfB0x563c
0x4903	0x48f3B0x4fdfB0x5655
0x4903	0x48f3B0x4fdfB0x5666
0x4903	0x48f3B0x4fdfB0x5692
0x4903	0x48f3B0x4ffcB0x37ea0x36ee
0x4903	0x48f3B0x4ffcB0x44f0B0x36ee
0x4903	0x48f3B0x4ffcB0x37ea0x43b4B0x36ee
0x4903	0x48f3B0x4ffcB0x1a5bB0x137c
0x4903	0x48f3B0x4ffcB0x1b53B0x137c
0x4903	0x48f3B0x4fdfB0x5741B0x137c
0x4903	0x48f3B0x4fdfB0x574aB0x137c
0x4903	0x48f3B0x4fdfB0x5762B0x137c
0x4903	0x48f3B0x4fdfB0x5773B0x137c
0x4903	0x48f3B0x4fdfB0x57b0B0x137c
0x4903	0x48f3B0x57e8B0x232fB0x137c
0x4903	0x48f3B0x57f3B0x232fB0x137c
0x4903	0x48f3B0x5971B0x232fB0x137c
0x4903	0x48f3B0x597fB0x232fB0x137c
0x4903	0x48f3B0x5999B0x232fB0x137c
0x4903	0x48f3B0x4ffcB0x2d3bB0x232fB0x137c
0x4903	0x48f3B0x4ffcB0x2daaB0x232fB0x137c
0x4903	0x48f3B0x4ffcB0x2f27B0x232fB0x137c
0x4903	0x48f3B0x4ffcB0x1a5bB0x15e2
0x4903	0x48f3B0x4ffcB0x1b53B0x15e2
0x4903	0x48f3B0x4fdfB0x5741B0x15e2
0x4903	0x48f3B0x4fdfB0x574aB0x15e2
0x4903	0x48f3B0x4fdfB0x5762B0x15e2
0x4903	0x48f3B0x4fdfB0x5773B0x15e2
0x4903	0x48f3B0x4fdfB0x57b0B0x15e2
0x4903	0x48f3B0x57e8B0x232fB0x15e2
0x4903	0x48f3B0x57f3B0x232fB0x15e2
0x4903	0x48f3B0x5971B0x232fB0x15e2
0x4903	0x48f3B0x597fB0x232fB0x15e2
0x4903	0x48f3B0x5999B0x232fB0x15e2
0x4903	0x48f3B0x4ffcB0x2d3bB0x232fB0x15e2
0x4903	0x48f3B0x4ffcB0x2daaB0x232fB0x15e2
0x4903	0x48f3B0x4ffcB0x2f27B0x232fB0x15e2
0x4932	0x4925B0x2b9
0x4932	0x4925B0x312
0x4932	0x4925B0x44c
0x4932	0x4925B0x5d8
0x4932	0x4925B0x6c9
0x4932	0x4925B0x75d
0x4979	0x4971B0x54d6
0x4979	0x4971B0x54fe
0x4979	0x4971B0x5510
0x4979	0x4971B0x4992B0x49beB0x9d4d3
0x4979	0x4971B0x4992B0x4c81B0x504
0x4979	0x4971B0x4992B0x4ca1B0x504
0x4979	0x4971B0x4992B0x49beB0xe6928
0x4979	0x4971B0x521fB0x11c4
0x4979	0x4971B0x5257B0x11c4
0x4979	0x4971B0x4992B0x49beB0x1716B0x11c4
0x4979	0x4971B0x4992B0x501dB0x650
0x4979	0x4971B0x4992B0x5491B0x137c
0x4979	0x4971B0x4992B0x49beB0x19c0B0x137c
0x4979	0x4971B0x4992B0x539fB0x546fB0x1ab5B0x137c
0x4979	0x4971B0x552dB0x15c7
0x4979	0x4971B0x4992B0x5491B0x15e2
0x4979	0x4971B0x4992B0x49beB0x19c0B0x15e2
0x4979	0x4971B0x4992B0x539fB0x546fB0x1ab5B0x15e2
0x4979	0x4971B0x5a55B0x467aB0x464aB0x381f
0x4979	0x4971B0x4992B0x49beB0x4858B0x47b8B0x467aB0x464aB0x381f
0x4979	0x4971B0x5a55B0x467aB0x3ca2B0x3c13
0x4979	0x4971B0x4992B0x49beB0x4858B0x47b8B0x467aB0x3ca2B0x3c13
0x4979	0x4971B0x5a55B0x467aB0x3ca2B0x382e
0x4979	0x4971B0x4992B0x49beB0x4858B0x47b8B0x467aB0x3ca2B0x382e
0x4979	0x4971B0x5a55B0x467aB0x3ca2B0x2dfdB0x232fB0x137c
0x4979	0x4971B0x4992B0x49beB0x4858B0x47b8B0x467aB0x3ca2B0x2dfdB0x232fB0x137c
0x4979	0x4971B0x5a55B0x467aB0x3ca2B0x3eeaB0x232fB0x137c
0x4979	0x4971B0x4992B0x49beB0x4858B0x47b8B0x467aB0x3ca2B0x3eeaB0x232fB0x137c
0x4979	0x4971B0x5a55B0x467aB0x464aB0x40c3B0x232fB0x137c
0x4979	0x4971B0x4992B0x49beB0x4858B0x47b8B0x467aB0x464aB0x40c3B0x232fB0x137c
0x4979	0x4971B0x5a55B0x467aB0x3ca2B0x2dfdB0x232fB0x15e2
0x4979	0x4971B0x4992B0x49beB0x4858B0x47b8B0x467aB0x3ca2B0x2dfdB0x232fB0x15e2
0x4979	0x4971B0x5a55B0x467aB0x3ca2B0x3eeaB0x232fB0x15e2
0x4979	0x4971B0x4992B0x49beB0x4858B0x47b8B0x467aB0x3ca2B0x3eeaB0x232fB0x15e2
0x4979	0x4971B0x5a55B0x467aB0x464aB0x40c3B0x232fB0x15e2
0x4979	0x4971B0x4992B0x49beB0x4858B0x47b8B0x467aB0x464aB0x40c3B0x232fB0x15e2
0x49db	0x49d1B0x55e7B0x5677
0x49db	0x49d1B0x4c14B0x47c
0x49db	0x49d1B0x55e7B0x5784B0x137c
0x49db	0x49d1B0x55e7B0x579fB0x137c
0x49db	0x49d1B0x5803B0x232fB0x137c
0x49db	0x49d1B0x5598B0x1e55B0x15c7
0x49db	0x49d1B0x55e7B0x5784B0x15e2
0x49db	0x49d1B0x55e7B0x579fB0x15e2
0x49db	0x49d1B0x5803B0x232fB0x15e2
0x49ed	0x49e0B0x4ee1
0x49ed	0x49e0B0x4c42B0x47c
0x4a04	0x49f2B0x4ee1
0x4a04	0x49f2B0x4c42B0x47c
0x4a1f	0x4a09B0x4ee1
0x4a1f	0x4a09B0x4c42B0x47c
0x4ace	0x4aaeB0x1004aaB0x641
0x4ace	0x4aaeB0x4b1aB0x4e12B0x641
0x4ace	0x4aaeB0x100464B0x4f06
0x4ace	0x4aaeB0x4b1aB0x4bd2B0x4f06
0x4ace	0x4aaeB0x100464B0x4c67B0x47c
0x4ace	0x4aaeB0x4b1aB0x4bd2B0x4c67B0x47c
0x4d42	0x4d39B0x4e22B0x641
0x4d42	0x4d39B0x5a4aB0x46dcB0x464aB0x381f
0x4d42	0x4d39B0x5a4aB0x46dcB0x3ca2B0x3c13
0x4d42	0x4d39B0x5a4aB0x46dcB0x3ca2B0x382e
0x4d42	0x4d39B0x5a4aB0x46dcB0x3ca2B0x2dfdB0x232fB0x137c
0x4d42	0x4d39B0x5a4aB0x46dcB0x3ca2B0x3eeaB0x232fB0x137c
0x4d42	0x4d39B0x5a4aB0x46dcB0x464aB0x40c3B0x232fB0x137c
0x4d42	0x4d39B0x5a4aB0x46dcB0x3ca2B0x2dfdB0x232fB0x15e2
0x4d42	0x4d39B0x5a4aB0x46dcB0x3ca2B0x3eeaB0x232fB0x15e2
0x4d42	0x4d39B0x5a4aB0x46dcB0x464aB0x40c3B0x232fB0x15e2
0x4e65	0x4e55B0x58a0
0x4e65	0x4e55B0x58b3
0x4e65	0x4e55B0x4e98B0x661
0x4e65	0x4e55B0x59ecB0x232fB0x137c
0x4e65	0x4e55B0x5932B0x2f97B0x232fB0x137c
0x4e65	0x4e55B0x59ecB0x232fB0x15e2
0x4e65	0x4e55B0x5932B0x2f97B0x232fB0x15e2
0x4f82	0x4f7aB0x4f98
0x4f82	0x4f7aB0x51b2B0x1391
0x4f82	0x4f7aB0x51b2B0x15f8
0x507f	0x5076B0x50e3B0x1bf1B0x137c
0x507f	0x5076B0x50e3B0x1bf1B0x15e2
0x509a	0x5080B0x50e3B0x1bf1B0x137c
0x509a	0x5080B0x50e3B0x1bf1B0x15e2
0x50b1	0x50a9B0x50e3B0x1bf1B0x137c
0x50b1	0x50a9B0x50e3B0x1bf1B0x15e2
0x52a6	0x5294B0x1d11
0x52a6	0x5294B0x18afB0x137c
0x52a6	0x5294B0x190cB0x137c
0x52a6	0x5294B0x1988B0x137c
0x52a6	0x5294B0x18afB0x15e2
0x52a6	0x5294B0x190cB0x15e2
0x52a6	0x5294B0x1988B0x15e2
0x52c0	0x52abB0x1d11
0x52c0	0x52abB0x18afB0x137c
0x52c0	0x52abB0x190cB0x137c
0x52c0	0x52abB0x1988B0x137c
0x52c0	0x52abB0x18afB0x15e2
0x52c0	0x52abB0x190cB0x15e2
0x52c0	0x52abB0x1988B0x15e2
0x52d5	0x52c5B0x1d11
0x52d5	0x52c5B0x18afB0x137c
0x52d5	0x52c5B0x190cB0x137c
0x52d5	0x52c5B0x1988B0x137c
0x52d5	0x52c5B0x18afB0x15e2
0x52d5	0x52c5B0x190cB0x15e2
0x52d5	0x52c5B0x1988B0x15e2
0x5308	0x52fdB0x20b0
0x5308	0x52fdB0x216a
0x5308	0x52fdB0x18f0B0x137c
0x5308	0x52fdB0x18f0B0x15e2
0x55b2	0x55a3B0x20a1
0x55b2	0x55a3B0x2146
0x571a	0x570dB0x2959
0x571a	0x570dB0x3df00x3d0d
0x571a	0x570dB0x3df00x3e14
0x571a	0x570dB0x3df00x40e7
0x571a	0x570dB0x3df00x420a
0x571a	0x570dB0x24bcB0x137c
0x571a	0x570dB0x27f5B0x137c
0x571a	0x570dB0x24bcB0x15e2
0x571a	0x570dB0x27f5B0x15e2
0xbdb	0xbb1B0x552
0xbdb	0xbb1B0x178b
0xbdb	0xbb1B0x10f4B0x11f9
0xbdb	0xbb1B0x16e3B0x11c4
0xbdb	0xbb1B0x1ec7B0x15c7
0x38bc	0x3899B0x2a2dB0x1dfcB0x15c7
0x3969	0x3965B0x2a2dB0x1dfcB0x15c7
0x48bf	0x48bcB0x488eB0x34deB0x232fB0x137c
0x48bf	0x48bcB0x488eB0x34deB0x232fB0x15e2
0x493d	0x4937B0x2b9
0x493d	0x4937B0x312
0x493d	0x4937B0x44c
0x493d	0x4937B0x5d8
0x493d	0x4937B0x6c9
0x493d	0x4937B0x75d
0x4991	0x4989B0x54d6
0x4991	0x4989B0x54fe
0x4991	0x4989B0x5510
0x4991	0x4989B0x4992B0x49beB0x9d4d3
0x4991	0x4989B0x4992B0x4c81B0x504
0x4991	0x4989B0x4992B0x4ca1B0x504
0x4991	0x4989B0x4992B0x49beB0xe6928
0x4991	0x4989B0x521fB0x11c4
0x4991	0x4989B0x5257B0x11c4
0x4991	0x4989B0x4992B0x49beB0x1716B0x11c4
0x4991	0x4989B0x4992B0x501dB0x650
0x4991	0x4989B0x4992B0x5491B0x137c
0x4991	0x4989B0x4992B0x49beB0x19c0B0x137c
0x4991	0x4989B0x4992B0x539fB0x546fB0x1ab5B0x137c
0x4991	0x4989B0x552dB0x15c7
0x4991	0x4989B0x4992B0x5491B0x15e2
0x4991	0x4989B0x4992B0x49beB0x19c0B0x15e2
0x4991	0x4989B0x4992B0x539fB0x546fB0x1ab5B0x15e2
0x4991	0x4989B0x5a55B0x467aB0x464aB0x381f
0x4991	0x4989B0x4992B0x49beB0x4858B0x47b8B0x467aB0x464aB0x381f
0x4991	0x4989B0x5a55B0x467aB0x3ca2B0x3c13
0x4991	0x4989B0x4992B0x49beB0x4858B0x47b8B0x467aB0x3ca2B0x3c13
0x4991	0x4989B0x5a55B0x467aB0x3ca2B0x382e
0x4991	0x4989B0x4992B0x49beB0x4858B0x47b8B0x467aB0x3ca2B0x382e
0x4991	0x4989B0x5a55B0x467aB0x3ca2B0x2dfdB0x232fB0x137c
0x4991	0x4989B0x4992B0x49beB0x4858B0x47b8B0x467aB0x3ca2B0x2dfdB0x232fB0x137c
0x4991	0x4989B0x5a55B0x467aB0x3ca2B0x3eeaB0x232fB0x137c
0x4991	0x4989B0x4992B0x49beB0x4858B0x47b8B0x467aB0x3ca2B0x3eeaB0x232fB0x137c
0x4991	0x4989B0x5a55B0x467aB0x464aB0x40c3B0x232fB0x137c
0x4991	0x4989B0x4992B0x49beB0x4858B0x47b8B0x467aB0x464aB0x40c3B0x232fB0x137c
0x4991	0x4989B0x5a55B0x467aB0x3ca2B0x2dfdB0x232fB0x15e2
0x4991	0x4989B0x4992B0x49beB0x4858B0x47b8B0x467aB0x3ca2B0x2dfdB0x232fB0x15e2
0x4991	0x4989B0x5a55B0x467aB0x3ca2B0x3eeaB0x232fB0x15e2
0x4991	0x4989B0x4992B0x49beB0x4858B0x47b8B0x467aB0x3ca2B0x3eeaB0x232fB0x15e2
0x4991	0x4989B0x5a55B0x467aB0x464aB0x40c3B0x232fB0x15e2
0x4991	0x4989B0x4992B0x49beB0x4858B0x47b8B0x467aB0x464aB0x40c3B0x232fB0x15e2
0x4add	0x4ad6B0x1004aaB0x641
0x4add	0x4ad6B0x4b1aB0x4e12B0x641
0x4add	0x4ad6B0x100464B0x4f06
0x4add	0x4ad6B0x4b1aB0x4bd2B0x4f06
0x4add	0x4ad6B0x100464B0x4c67B0x47c
0x4add	0x4ad6B0x4b1aB0x4bd2B0x4c67B0x47c
0x51b1	0x517bB0x1342
0x51b1	0x517bB0x1365
0x51b1	0x517bB0x152c
0x52e9	0x52daB0x18c1B0x137c
0x52e9	0x52daB0x191eB0x137c
0x52e9	0x52daB0x18c1B0x15e2
0x52e9	0x52daB0x191eB0x15e2
0x570c	0x56cdB0x2449B0x137c
0x570c	0x56cdB0x2632B0x137c
0x570c	0x56cdB0x2449B0x15e2
0x570c	0x56cdB0x2632B0x15e2
0x5725	0x571fB0x2959
0x5725	0x571fB0x3df00x3d0d
0x5725	0x571fB0x3df00x3e14
0x5725	0x571fB0x3df00x40e7
0x5725	0x571fB0x3df00x420a
0x5725	0x571fB0x24bcB0x137c
0x5725	0x571fB0x27f5B0x137c
0x5725	0x571fB0x24bcB0x15e2
0x5725	0x571fB0x27f5B0x15e2
0x591f	0x58e5B0x3d88
0x591f	0x58e5B0x2e2dB0x232fB0x137c
0x591f	0x58e5B0x2e2dB0x232fB0x15e2
0x5a37	0x5a0dB0x3c2a
0x5a37	0x5a0dB0x3e8f
0x5a37	0x5a0dB0x41c7
0x5a37	0x5a0dB0x436f
0xff3d6	0xff3d1B0x4d5
0xff695	0xff690B0x7aaB0x271
0xff6ba	0xff6b5B0x7aaB0x271
0xff83b	0xff835B0xb92B0x532
0xff888	0xff883B0x1087B0x6d8
0xff8d5	0xff8d0B0x117aB0x1203
0xff8fa	0xff8f5B0x117aB0x1203
0xff967	0xff965B0x11ceB0x2a6
0xff9d1	0xff9d0B0x123d
0xffaa1	0xffaa0B0x13e5
0xffaa1	0xffaa0B0x1852B0x137c
0xffaa1	0xffaa0B0x1852B0x15e2
0xffac6	0xffac1B0x16f2B0x11c4
0xffbea	0xffbe5B0x17f2B0x1225
0xfffb8	0xfffb0B0x2a5aB0x1e6bB0x15c7
0xfffe0	0xfffd8B0x2a5aB0x1e6bB0x15c7
0x10004e	0x100049B0x3c13
0x10004e	0x100049B0x382e
0x10004e	0x100049B0x2dfdB0x232fB0x137c
0x10004e	0x100049B0x3eeaB0x232fB0x137c
0x10004e	0x100049B0x2dfdB0x232fB0x15e2
0x10004e	0x100049B0x3eeaB0x232fB0x15e2
0x10010d	0x100109B0x381f
0x10010d	0x100109B0x40c3B0x232fB0x137c
0x10010d	0x100109B0x40c3B0x232fB0x15e2
0x100260	0x10025cB0x48eaB0x262
0x100260	0x10025cB0x4e7fB0x661
0x1002a8	0x1002a6B0x5628
0x1002a8	0x1002a6B0x5868
0x1002a8	0x1002a6B0x5873
0x1002a8	0x1002a6B0x588d
0x1002a8	0x1002a6B0x58c6
0x1002a8	0x1002a6B0x491aB0x297
0x1002a8	0x1002a6B0x4951B0x381
0x1002a8	0x1002a6B0x4951B0x3a1
0x1002a8	0x1002a6B0x491aB0x3c1
0x1002a8	0x1002a6B0x491aB0x4c6
0x1002a8	0x1002a6B0x4951B0x543
0x1002a8	0x1002a6B0x491aB0x563
0x1002a8	0x1002a6B0x4e88B0x661
0x1002a8	0x1002a6B0x4f49B0x694
0x1002a8	0x1002a6B0x4f54B0x694
0x1002a8	0x1002a6B0x4951B0x6e9
0x1002a8	0x1002a6B0x4ffcB0x9f4
0x1002a8	0x1002a6B0x4ffcB0xdb2
0x1002a8	0x1002a6B0x4ffcB0xe7d
0x1002a8	0x1002a6B0x4ffcB0x28f3
0x1002a8	0x1002a6B0x4ffcB0x3bcf
0x1002a8	0x1002a6B0x4ffcB0x3d64
0x1002a8	0x1002a6B0x4ffcB0x3e6b
0x1002a8	0x1002a6B0x4ffcB0x41a3
0x1002a8	0x1002a6B0x4ffcB0x42c6
0x1002a8	0x1002a6B0x4ffcB0x434b
0x1002a8	0x1002a6B0x4fdfB0x563c
0x1002a8	0x1002a6B0x4fdfB0x5655
0x1002a8	0x1002a6B0x4fdfB0x5666
0x1002a8	0x1002a6B0x4fdfB0x5692
0x1002a8	0x1002a6B0x4ffcB0x37ea0x36ee
0x1002a8	0x1002a6B0x4ffcB0x44f0B0x36ee
0x1002a8	0x1002a6B0x4ffcB0x37ea0x43b4B0x36ee
0x1002a8	0x1002a6B0x4ffcB0x1a5bB0x137c
0x1002a8	0x1002a6B0x4ffcB0x1b53B0x137c
0x1002a8	0x1002a6B0x4fdfB0x5741B0x137c
0x1002a8	0x1002a6B0x4fdfB0x574aB0x137c
0x1002a8	0x1002a6B0x4fdfB0x5762B0x137c
0x1002a8	0x1002a6B0x4fdfB0x5773B0x137c
0x1002a8	0x1002a6B0x4fdfB0x57b0B0x137c
0x1002a8	0x1002a6B0x57e8B0x232fB0x137c
0x1002a8	0x1002a6B0x57f3B0x232fB0x137c
0x1002a8	0x1002a6B0x5971B0x232fB0x137c
0x1002a8	0x1002a6B0x597fB0x232fB0x137c
0x1002a8	0x1002a6B0x5999B0x232fB0x137c
0x1002a8	0x1002a6B0x4ffcB0x2d3bB0x232fB0x137c
0x1002a8	0x1002a6B0x4ffcB0x2daaB0x232fB0x137c
0x1002a8	0x1002a6B0x4ffcB0x2f27B0x232fB0x137c
0x1002a8	0x1002a6B0x4ffcB0x1a5bB0x15e2
0x1002a8	0x1002a6B0x4ffcB0x1b53B0x15e2
0x1002a8	0x1002a6B0x4fdfB0x5741B0x15e2
0x1002a8	0x1002a6B0x4fdfB0x574aB0x15e2
0x1002a8	0x1002a6B0x4fdfB0x5762B0x15e2
0x1002a8	0x1002a6B0x4fdfB0x5773B0x15e2
0x1002a8	0x1002a6B0x4fdfB0x57b0B0x15e2
0x1002a8	0x1002a6B0x57e8B0x232fB0x15e2
0x1002a8	0x1002a6B0x57f3B0x232fB0x15e2
0x1002a8	0x1002a6B0x5971B0x232fB0x15e2
0x1002a8	0x1002a6B0x597fB0x232fB0x15e2
0x1002a8	0x1002a6B0x5999B0x232fB0x15e2
0x1002a8	0x1002a6B0x4ffcB0x2d3bB0x232fB0x15e2
0x1002a8	0x1002a6B0x4ffcB0x2daaB0x232fB0x15e2
0x1002a8	0x1002a6B0x4ffcB0x2f27B0x232fB0x15e2
0x100340	0x10033eB0x55e7B0x5677
0x100340	0x10033eB0x4c14B0x47c
0x100340	0x10033eB0x55e7B0x5784B0x137c
0x100340	0x10033eB0x55e7B0x579fB0x137c
0x100340	0x10033eB0x5803B0x232fB0x137c
0x100340	0x10033eB0x5598B0x1e55B0x15c7
0x100340	0x10033eB0x55e7B0x5784B0x15e2
0x100340	0x10033eB0x55e7B0x579fB0x15e2
0x100340	0x10033eB0x5803B0x232fB0x15e2
0x100366	0x100360B0x4ee1
0x100366	0x100360B0x4c42B0x47c
0x10048a	0x100488B0x4e22B0x641
0x10048a	0x100488B0x5a4aB0x46dcB0x464aB0x381f
0x10048a	0x100488B0x5a4aB0x46dcB0x3ca2B0x3c13
0x10048a	0x100488B0x5a4aB0x46dcB0x3ca2B0x382e
0x10048a	0x100488B0x5a4aB0x46dcB0x3ca2B0x2dfdB0x232fB0x137c
0x10048a	0x100488B0x5a4aB0x46dcB0x3ca2B0x3eeaB0x232fB0x137c
0x10048a	0x100488B0x5a4aB0x46dcB0x464aB0x40c3B0x232fB0x137c
0x10048a	0x100488B0x5a4aB0x46dcB0x3ca2B0x2dfdB0x232fB0x15e2
0x10048a	0x100488B0x5a4aB0x46dcB0x3ca2B0x3eeaB0x232fB0x15e2
0x10048a	0x100488B0x5a4aB0x46dcB0x464aB0x40c3B0x232fB0x15e2
0x1004d0	0x1004ceB0x58a0
0x1004d0	0x1004ceB0x58b3
0x1004d0	0x1004ceB0x4e98B0x661
0x1004d0	0x1004ceB0x59ecB0x232fB0x137c
0x1004d0	0x1004ceB0x5932B0x2f97B0x232fB0x137c
0x1004d0	0x1004ceB0x59ecB0x232fB0x15e2
0x1004d0	0x1004ceB0x5932B0x2f97B0x232fB0x15e2
0x10051c	0x10051aB0x4f98
0x10051c	0x10051aB0x51b2B0x1391
0x10051c	0x10051aB0x51b2B0x15f8
0x1005af	0x1005abB0x50e3B0x1bf1B0x137c
0x1005af	0x1005abB0x50e3B0x1bf1B0x15e2
0x1005d6	0x1005cfB0x50e3B0x1bf1B0x137c
0x1005d6	0x1005cfB0x50e3B0x1bf1B0x15e2
0x10067f	0x100679B0x1d11
0x10067f	0x100679B0x18afB0x137c
0x10067f	0x100679B0x190cB0x137c
0x10067f	0x100679B0x1988B0x137c
0x10067f	0x100679B0x18afB0x15e2
0x10067f	0x100679B0x190cB0x15e2
0x10067f	0x100679B0x1988B0x15e2
0x1006ee	0x1006e9B0x20b0
0x1006ee	0x1006e9B0x216a
0x1006ee	0x1006e9B0x18f0B0x137c
0x1006ee	0x1006e9B0x18f0B0x15e2
0x10075e	0x100759B0x20a1
0x10075e	0x100759B0x2146
0x100a4f	0x100a4aB0x1da7B0x15c7
0x100b13	0x100b0bB0x2a5aB0x1e6bB0x15c7
0x10101c	0x101017B0xb09
0x10101c	0x101017B0xb3d
0x101041	0x10103cB0xb09
0x101041	0x10103cB0xb3d
0x101066	0x101061B0xb09
0x101066	0x101061B0xb3d
0x10108b	0x101086B0x17f2B0x1225
0x101317	0x101312B0xb09
0x101317	0x101312B0xb3d
0x39f4	0x39ecB0x2a5aB0x1e6bB0x15c7
0x48d7	0x48d4B0x48eaB0x262
0x48d7	0x48d4B0x4e7fB0x661
0x4907	0x4904B0x5628
0x4907	0x4904B0x5868
0x4907	0x4904B0x5873
0x4907	0x4904B0x588d
0x4907	0x4904B0x58c6
0x4907	0x4904B0x491aB0x297
0x4907	0x4904B0x4951B0x381
0x4907	0x4904B0x4951B0x3a1
0x4907	0x4904B0x491aB0x3c1
0x4907	0x4904B0x491aB0x4c6
0x4907	0x4904B0x4951B0x543
0x4907	0x4904B0x491aB0x563
0x4907	0x4904B0x4e88B0x661
0x4907	0x4904B0x4f49B0x694
0x4907	0x4904B0x4f54B0x694
0x4907	0x4904B0x4951B0x6e9
0x4907	0x4904B0x4ffcB0x9f4
0x4907	0x4904B0x4ffcB0xdb2
0x4907	0x4904B0x4ffcB0xe7d
0x4907	0x4904B0x4ffcB0x28f3
0x4907	0x4904B0x4ffcB0x3bcf
0x4907	0x4904B0x4ffcB0x3d64
0x4907	0x4904B0x4ffcB0x3e6b
0x4907	0x4904B0x4ffcB0x41a3
0x4907	0x4904B0x4ffcB0x42c6
0x4907	0x4904B0x4ffcB0x434b
0x4907	0x4904B0x4fdfB0x563c
0x4907	0x4904B0x4fdfB0x5655
0x4907	0x4904B0x4fdfB0x5666
0x4907	0x4904B0x4fdfB0x5692
0x4907	0x4904B0x4ffcB0x37ea0x36ee
0x4907	0x4904B0x4ffcB0x44f0B0x36ee
0x4907	0x4904B0x4ffcB0x37ea0x43b4B0x36ee
0x4907	0x4904B0x4ffcB0x1a5bB0x137c
0x4907	0x4904B0x4ffcB0x1b53B0x137c
0x4907	0x4904B0x4fdfB0x5741B0x137c
0x4907	0x4904B0x4fdfB0x574aB0x137c
0x4907	0x4904B0x4fdfB0x5762B0x137c
0x4907	0x4904B0x4fdfB0x5773B0x137c
0x4907	0x4904B0x4fdfB0x57b0B0x137c
0x4907	0x4904B0x57e8B0x232fB0x137c
0x4907	0x4904B0x57f3B0x232fB0x137c
0x4907	0x4904B0x5971B0x232fB0x137c
0x4907	0x4904B0x597fB0x232fB0x137c
0x4907	0x4904B0x5999B0x232fB0x137c
0x4907	0x4904B0x4ffcB0x2d3bB0x232fB0x137c
0x4907	0x4904B0x4ffcB0x2daaB0x232fB0x137c
0x4907	0x4904B0x4ffcB0x2f27B0x232fB0x137c
0x4907	0x4904B0x4ffcB0x1a5bB0x15e2
0x4907	0x4904B0x4ffcB0x1b53B0x15e2
0x4907	0x4904B0x4fdfB0x5741B0x15e2
0x4907	0x4904B0x4fdfB0x574aB0x15e2
0x4907	0x4904B0x4fdfB0x5762B0x15e2
0x4907	0x4904B0x4fdfB0x5773B0x15e2
0x4907	0x4904B0x4fdfB0x57b0B0x15e2
0x4907	0x4904B0x57e8B0x232fB0x15e2
0x4907	0x4904B0x57f3B0x232fB0x15e2
0x4907	0x4904B0x5971B0x232fB0x15e2
0x4907	0x4904B0x597fB0x232fB0x15e2
0x4907	0x4904B0x5999B0x232fB0x15e2
0x4907	0x4904B0x4ffcB0x2d3bB0x232fB0x15e2
0x4907	0x4904B0x4ffcB0x2daaB0x232fB0x15e2
0x4907	0x4904B0x4ffcB0x2f27B0x232fB0x15e2
0x4936	0x4933B0x2b9
0x4936	0x4933B0x312
0x4936	0x4933B0x44c
0x4936	0x4933B0x5d8
0x4936	0x4933B0x6c9
0x4936	0x4933B0x75d
0x49df	0x49dcB0x55e7B0x5677
0x49df	0x49dcB0x4c14B0x47c
0x49df	0x49dcB0x55e7B0x5784B0x137c
0x49df	0x49dcB0x55e7B0x579fB0x137c
0x49df	0x49dcB0x5803B0x232fB0x137c
0x49df	0x49dcB0x5598B0x1e55B0x15c7
0x49df	0x49dcB0x55e7B0x5784B0x15e2
0x49df	0x49dcB0x55e7B0x579fB0x15e2
0x49df	0x49dcB0x5803B0x232fB0x15e2
0x49f1	0x49eeB0x4ee1
0x49f1	0x49eeB0x4c42B0x47c
0x4a08	0x4a05B0x4ee1
0x4a08	0x4a05B0x4c42B0x47c
0x4a23	0x4a20B0x4ee1
0x4a23	0x4a20B0x4c42B0x47c
0x4d46	0x4d43B0x4e22B0x641
0x4d46	0x4d43B0x5a4aB0x46dcB0x464aB0x381f
0x4d46	0x4d43B0x5a4aB0x46dcB0x3ca2B0x3c13
0x4d46	0x4d43B0x5a4aB0x46dcB0x3ca2B0x382e
0x4d46	0x4d43B0x5a4aB0x46dcB0x3ca2B0x2dfdB0x232fB0x137c
0x4d46	0x4d43B0x5a4aB0x46dcB0x3ca2B0x3eeaB0x232fB0x137c
0x4d46	0x4d43B0x5a4aB0x46dcB0x464aB0x40c3B0x232fB0x137c
0x4d46	0x4d43B0x5a4aB0x46dcB0x3ca2B0x2dfdB0x232fB0x15e2
0x4d46	0x4d43B0x5a4aB0x46dcB0x3ca2B0x3eeaB0x232fB0x15e2
0x4d46	0x4d43B0x5a4aB0x46dcB0x464aB0x40c3B0x232fB0x15e2
0x4e69	0x4e66B0x58a0
0x4e69	0x4e66B0x58b3
0x4e69	0x4e66B0x4e98B0x661
0x4e69	0x4e66B0x59ecB0x232fB0x137c
0x4e69	0x4e66B0x5932B0x2f97B0x232fB0x137c
0x4e69	0x4e66B0x59ecB0x232fB0x15e2
0x4e69	0x4e66B0x5932B0x2f97B0x232fB0x15e2
0x4f97	0x4f83B0x4f98
0x4f97	0x4f83B0x51b2B0x1391
0x4f97	0x4f83B0x51b2B0x15f8
0x52aa	0x52a7B0x1d11
0x52aa	0x52a7B0x18afB0x137c
0x52aa	0x52a7B0x190cB0x137c
0x52aa	0x52a7B0x1988B0x137c
0x52aa	0x52a7B0x18afB0x15e2
0x52aa	0x52a7B0x190cB0x15e2
0x52aa	0x52a7B0x1988B0x15e2
0x52c4	0x52c1B0x1d11
0x52c4	0x52c1B0x18afB0x137c
0x52c4	0x52c1B0x190cB0x137c
0x52c4	0x52c1B0x1988B0x137c
0x52c4	0x52c1B0x18afB0x15e2
0x52c4	0x52c1B0x190cB0x15e2
0x52c4	0x52c1B0x1988B0x15e2
0x52d9	0x52d6B0x1d11
0x52d9	0x52d6B0x18afB0x137c
0x52d9	0x52d6B0x190cB0x137c
0x52d9	0x52d6B0x1988B0x137c
0x52d9	0x52d6B0x18afB0x15e2
0x52d9	0x52d6B0x190cB0x15e2
0x52d9	0x52d6B0x1988B0x15e2
0x55e6	0x55d1B0x17f2B0x1225
0x571e	0x571bB0x2959
0x571e	0x571bB0x3df00x3d0d
0x571e	0x571bB0x3df00x3e14
0x571e	0x571bB0x3df00x40e7
0x571e	0x571bB0x3df00x420a
0x571e	0x571bB0x24bcB0x137c
0x571e	0x571bB0x27f5B0x137c
0x571e	0x571bB0x24bcB0x15e2
0x571e	0x571bB0x27f5B0x15e2
0xb7b0	0xb7a8B0x11ceB0x2a6
0xb7d8	0xb7d0B0x123d
0xb9a8	0xb9a0B0x13e5
0xb9a8	0xb9a0B0x1852B0x137c
0xb9a8	0xb9a0B0x1852B0x15e2
0xb9dd	0xb9c8B0xb92B0x532
0xbc4d	0xbc38B0x17f2B0x1225
0xbc82	0xbc6dB0x17f2B0x1225
0xc1c1	0xc1acB0x1004aaB0x641
0xc1c1	0xc1acB0x4b1aB0x4e12B0x641
0xc1c1	0xc1acB0x100464B0x4f06
0xc1c1	0xc1acB0x4b1aB0x4bd2B0x4f06
0xc1c1	0xc1acB0x100464B0x4c67B0x47c
0xc1c1	0xc1acB0x4b1aB0x4bd2B0x4c67B0x47c
0xc2ff	0xc2eaB0x20b0
0xc2ff	0xc2eaB0x216a
0xc2ff	0xc2eaB0x18f0B0x137c
0xc2ff	0xc2eaB0x18f0B0x15e2
0xc334	0xc31fB0x20a1
0xc334	0xc31fB0x2146
0x1cb1	0x1c92B0xb09
0x1cb1	0x1c92B0xb3d
0x52de	0x52daB0x18c1B0x137c
0x52de	0x52daB0x191eB0x137c
0x52de	0x52daB0x18c1B0x15e2
0x52de	0x52daB0x191eB0x15e2
0xae7	0xad8B0x4d5
0xaec	0xad8B0x4d5
0xbb6	0xbb1B0x552
0xbb6	0xbb1B0x178b
0xbb6	0xbb1B0x10f4B0x11f9
0xbb6	0xbb1B0x16e3B0x11c4
0xbb6	0xbb1B0x1ec7B0x15c7
0xbbd	0xbb1B0x552
0xbbd	0xbb1B0x178b
0xbbd	0xbb1B0x10f4B0x11f9
0xbbd	0xbb1B0x16e3B0x11c4
0xbbd	0xbb1B0x1ec7B0x15c7
0xbd0	0xbb1B0x552
0xbd0	0xbb1B0x178b
0xbd0	0xbb1B0x10f4B0x11f9
0xbd0	0xbb1B0x16e3B0x11c4
0xbd0	0xbb1B0x1ec7B0x15c7
0xbd3	0xbb1B0x552
0xbd3	0xbb1B0x178b
0xbd3	0xbb1B0x10f4B0x11f9
0xbd3	0xbb1B0x16e3B0x11c4
0xbd3	0xbb1B0x1ec7B0x15c7
0x1457	0x1441B0xb09
0x1457	0x1441B0xb3d
0x145e	0x1441B0xb09
0x145e	0x1441B0xb3d
0x1485	0x147cB0xb09
0x1485	0x147cB0xb3d
0x1496	0x148fB0xb09
0x1496	0x148fB0xb3d
0x14a1	0x149dB0xb09
0x14a1	0x149dB0xb3d
0x1699	0x1694B0x117aB0x1203
0x16a0	0x1694B0x117aB0x1203
0x16b8	0x16aaB0x117aB0x1203
0x16c8	0x16aaB0x117aB0x1203
0x16ce	0x16aaB0x117aB0x1203
0x1756	0x174bB0x11ceB0x2a6
0x175d	0x174bB0x11ceB0x2a6
0x1764	0x174bB0x11ceB0x2a6
0x1783	0x174bB0x11ceB0x2a6
0x181d	0x1812B0x123d
0x1824	0x1812B0x123d
0x182b	0x1812B0x123d
0x1848	0x1812B0x123d
0x1c56	0x1c4bB0x13e5
0x1c56	0x1c4bB0x1852B0x137c
0x1c56	0x1c4bB0x1852B0x15e2
0x1c5d	0x1c4bB0x13e5
0x1c5d	0x1c4bB0x1852B0x137c
0x1c5d	0x1c4bB0x1852B0x15e2
0x1c64	0x1c4bB0x13e5
0x1c64	0x1c4bB0x1852B0x137c
0x1c64	0x1c4bB0x1852B0x15e2
0x1c7d	0x1c4bB0x13e5
0x1c7d	0x1c4bB0x1852B0x137c
0x1c7d	0x1c4bB0x1852B0x15e2
0x1c9b	0x1c92B0xb09
0x1c9b	0x1c92B0xb3d
0x1ca1	0x1c92B0xb09
0x1ca1	0x1c92B0xb3d
0x1cb7	0x1c92B0xb09
0x1cb7	0x1c92B0xb3d
0x1cc0	0x1c92B0xb09
0x1cc0	0x1c92B0xb3d
0x1cdf	0x1cdbB0xb92B0x532
0x2241	0x223cB0x17f2B0x1225
0x2248	0x223cB0x17f2B0x1225
0x2298	0x2294B0x17f2B0x1225
0x22bc	0x22b7B0x17f2B0x1225
0x22cb	0x22b7B0x17f2B0x1225
0x22d1	0x22b7B0x17f2B0x1225
0x2a14	0x2a05B0x1da7B0x15c7
0x2a19	0x2a05B0x1da7B0x15c7
0x38ea	0x38bdB0x2a2dB0x1dfcB0x15c7
0x3912	0x38bdB0x2a2dB0x1dfcB0x15c7
0x3938	0x38bdB0x2a2dB0x1dfcB0x15c7
0x393e	0x38bdB0x2a2dB0x1dfcB0x15c7
0x3944	0x38bdB0x2a2dB0x1dfcB0x15c7
0x3955	0x38bdB0x2a2dB0x1dfcB0x15c7
0x3959	0x38bdB0x2a2dB0x1dfcB0x15c7
0x39aa	0x39a1B0x2a5aB0x1e6bB0x15c7
0x39b1	0x39a1B0x2a5aB0x1e6bB0x15c7
0x39b4	0x39a1B0x2a5aB0x1e6bB0x15c7
0x39bf	0x39a1B0x2a5aB0x1e6bB0x15c7
0x39c6	0x39a1B0x2a5aB0x1e6bB0x15c7
0x39cd	0x39a1B0x2a5aB0x1e6bB0x15c7
0x3cb5	0x3ca2B0x3c13
0x3cb5	0x3ca2B0x382e
0x3cb5	0x3ca2B0x2dfdB0x232fB0x137c
0x3cb5	0x3ca2B0x3eeaB0x232fB0x137c
0x3cb5	0x3ca2B0x2dfdB0x232fB0x15e2
0x3cb5	0x3ca2B0x3eeaB0x232fB0x15e2
0x3cbc	0x3ca2B0x3c13
0x3cbc	0x3ca2B0x382e
0x3cbc	0x3ca2B0x2dfdB0x232fB0x137c
0x3cbc	0x3ca2B0x3eeaB0x232fB0x137c
0x3cbc	0x3ca2B0x2dfdB0x232fB0x15e2
0x3cbc	0x3ca2B0x3eeaB0x232fB0x15e2
0x3cc3	0x3ca2B0x3c13
0x3cc3	0x3ca2B0x382e
0x3cc3	0x3ca2B0x2dfdB0x232fB0x137c
0x3cc3	0x3ca2B0x3eeaB0x232fB0x137c
0x3cc3	0x3ca2B0x2dfdB0x232fB0x15e2
0x3cc3	0x3ca2B0x3eeaB0x232fB0x15e2
0x465c	0x464aB0x381f
0x465c	0x464aB0x40c3B0x232fB0x137c
0x465c	0x464aB0x40c3B0x232fB0x15e2
0x4663	0x464aB0x381f
0x4663	0x464aB0x40c3B0x232fB0x137c
0x4663	0x464aB0x40c3B0x232fB0x15e2
0x4981	0x497aB0x54d6
0x4981	0x497aB0x54fe
0x4981	0x497aB0x5510
0x4981	0x497aB0x4992B0x49beB0x9d4d3
0x4981	0x497aB0x4992B0x4c81B0x504
0x4981	0x497aB0x4992B0x4ca1B0x504
0x4981	0x497aB0x4992B0x49beB0xe6928
0x4981	0x497aB0x521fB0x11c4
0x4981	0x497aB0x5257B0x11c4
0x4981	0x497aB0x4992B0x49beB0x1716B0x11c4
0x4981	0x497aB0x4992B0x501dB0x650
0x4981	0x497aB0x4992B0x5491B0x137c
0x4981	0x497aB0x4992B0x49beB0x19c0B0x137c
0x4981	0x497aB0x4992B0x539fB0x546fB0x1ab5B0x137c
0x4981	0x497aB0x552dB0x15c7
0x4981	0x497aB0x4992B0x5491B0x15e2
0x4981	0x497aB0x4992B0x49beB0x19c0B0x15e2
0x4981	0x497aB0x4992B0x539fB0x546fB0x1ab5B0x15e2
0x4981	0x497aB0x5a55B0x467aB0x464aB0x381f
0x4981	0x497aB0x4992B0x49beB0x4858B0x47b8B0x467aB0x464aB0x381f
0x4981	0x497aB0x5a55B0x467aB0x3ca2B0x3c13
0x4981	0x497aB0x4992B0x49beB0x4858B0x47b8B0x467aB0x3ca2B0x3c13
0x4981	0x497aB0x5a55B0x467aB0x3ca2B0x382e
0x4981	0x497aB0x4992B0x49beB0x4858B0x47b8B0x467aB0x3ca2B0x382e
0x4981	0x497aB0x5a55B0x467aB0x3ca2B0x2dfdB0x232fB0x137c
0x4981	0x497aB0x4992B0x49beB0x4858B0x47b8B0x467aB0x3ca2B0x2dfdB0x232fB0x137c
0x4981	0x497aB0x5a55B0x467aB0x3ca2B0x3eeaB0x232fB0x137c
0x4981	0x497aB0x4992B0x49beB0x4858B0x47b8B0x467aB0x3ca2B0x3eeaB0x232fB0x137c
0x4981	0x497aB0x5a55B0x467aB0x464aB0x40c3B0x232fB0x137c
0x4981	0x497aB0x4992B0x49beB0x4858B0x47b8B0x467aB0x464aB0x40c3B0x232fB0x137c
0x4981	0x497aB0x5a55B0x467aB0x3ca2B0x2dfdB0x232fB0x15e2
0x4981	0x497aB0x4992B0x49beB0x4858B0x47b8B0x467aB0x3ca2B0x2dfdB0x232fB0x15e2
0x4981	0x497aB0x5a55B0x467aB0x3ca2B0x3eeaB0x232fB0x15e2
0x4981	0x497aB0x4992B0x49beB0x4858B0x47b8B0x467aB0x3ca2B0x3eeaB0x232fB0x15e2
0x4981	0x497aB0x5a55B0x467aB0x464aB0x40c3B0x232fB0x15e2
0x4981	0x497aB0x4992B0x49beB0x4858B0x47b8B0x467aB0x464aB0x40c3B0x232fB0x15e2
0x4990	0x4989B0x54d6
0x4990	0x4989B0x54fe
0x4990	0x4989B0x5510
0x4990	0x4989B0x4992B0x49beB0x9d4d3
0x4990	0x4989B0x4992B0x4c81B0x504
0x4990	0x4989B0x4992B0x4ca1B0x504
0x4990	0x4989B0x4992B0x49beB0xe6928
0x4990	0x4989B0x521fB0x11c4
0x4990	0x4989B0x5257B0x11c4
0x4990	0x4989B0x4992B0x49beB0x1716B0x11c4
0x4990	0x4989B0x4992B0x501dB0x650
0x4990	0x4989B0x4992B0x5491B0x137c
0x4990	0x4989B0x4992B0x49beB0x19c0B0x137c
0x4990	0x4989B0x4992B0x539fB0x546fB0x1ab5B0x137c
0x4990	0x4989B0x552dB0x15c7
0x4990	0x4989B0x4992B0x5491B0x15e2
0x4990	0x4989B0x4992B0x49beB0x19c0B0x15e2
0x4990	0x4989B0x4992B0x539fB0x546fB0x1ab5B0x15e2
0x4990	0x4989B0x5a55B0x467aB0x464aB0x381f
0x4990	0x4989B0x4992B0x49beB0x4858B0x47b8B0x467aB0x464aB0x381f
0x4990	0x4989B0x5a55B0x467aB0x3ca2B0x3c13
0x4990	0x4989B0x4992B0x49beB0x4858B0x47b8B0x467aB0x3ca2B0x3c13
0x4990	0x4989B0x5a55B0x467aB0x3ca2B0x382e
0x4990	0x4989B0x4992B0x49beB0x4858B0x47b8B0x467aB0x3ca2B0x382e
0x4990	0x4989B0x5a55B0x467aB0x3ca2B0x2dfdB0x232fB0x137c
0x4990	0x4989B0x4992B0x49beB0x4858B0x47b8B0x467aB0x3ca2B0x2dfdB0x232fB0x137c
0x4990	0x4989B0x5a55B0x467aB0x3ca2B0x3eeaB0x232fB0x137c
0x4990	0x4989B0x4992B0x49beB0x4858B0x47b8B0x467aB0x3ca2B0x3eeaB0x232fB0x137c
0x4990	0x4989B0x5a55B0x467aB0x464aB0x40c3B0x232fB0x137c
0x4990	0x4989B0x4992B0x49beB0x4858B0x47b8B0x467aB0x464aB0x40c3B0x232fB0x137c
0x4990	0x4989B0x5a55B0x467aB0x3ca2B0x2dfdB0x232fB0x15e2
0x4990	0x4989B0x4992B0x49beB0x4858B0x47b8B0x467aB0x3ca2B0x2dfdB0x232fB0x15e2
0x4990	0x4989B0x5a55B0x467aB0x3ca2B0x3eeaB0x232fB0x15e2
0x4990	0x4989B0x4992B0x49beB0x4858B0x47b8B0x467aB0x3ca2B0x3eeaB0x232fB0x15e2
0x4990	0x4989B0x5a55B0x467aB0x464aB0x40c3B0x232fB0x15e2
0x4990	0x4989B0x4992B0x49beB0x4858B0x47b8B0x467aB0x464aB0x40c3B0x232fB0x15e2
0x4ad9	0x4ad6B0x1004aaB0x641
0x4ad9	0x4ad6B0x4b1aB0x4e12B0x641
0x4ad9	0x4ad6B0x100464B0x4f06
0x4ad9	0x4ad6B0x4b1aB0x4bd2B0x4f06
0x4ad9	0x4ad6B0x100464B0x4c67B0x47c
0x4ad9	0x4ad6B0x4b1aB0x4bd2B0x4c67B0x47c
0x4f8d	0x4f83B0x4f98
0x4f8d	0x4f83B0x51b2B0x1391
0x4f8d	0x4f83B0x51b2B0x15f8
0x4f92	0x4f83B0x4f98
0x4f92	0x4f83B0x51b2B0x1391
0x4f92	0x4f83B0x51b2B0x15f8
0x5084	0x5080B0x50e3B0x1bf1B0x137c
0x5084	0x5080B0x50e3B0x1bf1B0x15e2
0x5180	0x517bB0x1342
0x5180	0x517bB0x1365
0x5180	0x517bB0x152c
0x5186	0x517bB0x1342
0x5186	0x517bB0x1365
0x5186	0x517bB0x152c
0x51ac	0x517bB0x1342
0x51ac	0x517bB0x1365
0x51ac	0x517bB0x152c
0x52e5	0x52daB0x18c1B0x137c
0x52e5	0x52daB0x191eB0x137c
0x52e5	0x52daB0x18c1B0x15e2
0x52e5	0x52daB0x191eB0x15e2
0x55dc	0x55d1B0x17f2B0x1225
0x55e1	0x55d1B0x17f2B0x1225
0x56da	0x56cdB0x2449B0x137c
0x56da	0x56cdB0x2632B0x137c
0x56da	0x56cdB0x2449B0x15e2
0x56da	0x56cdB0x2632B0x15e2
0x56e2	0x56cdB0x2449B0x137c
0x56e2	0x56cdB0x2632B0x137c
0x56e2	0x56cdB0x2449B0x15e2
0x56e2	0x56cdB0x2632B0x15e2
0x56ea	0x56cdB0x2449B0x137c
0x56ea	0x56cdB0x2632B0x137c
0x56ea	0x56cdB0x2449B0x15e2
0x56ea	0x56cdB0x2632B0x15e2
0x56f2	0x56cdB0x2449B0x137c
0x56f2	0x56cdB0x2632B0x137c
0x56f2	0x56cdB0x2449B0x15e2
0x56f2	0x56cdB0x2632B0x15e2
0x56f7	0x56cdB0x2449B0x137c
0x56f7	0x56cdB0x2632B0x137c
0x56f7	0x56cdB0x2449B0x15e2
0x56f7	0x56cdB0x2632B0x15e2
0x56ff	0x56cdB0x2449B0x137c
0x56ff	0x56cdB0x2632B0x137c
0x56ff	0x56cdB0x2449B0x15e2
0x56ff	0x56cdB0x2632B0x15e2
0x5707	0x56cdB0x2449B0x137c
0x5707	0x56cdB0x2632B0x137c
0x5707	0x56cdB0x2449B0x15e2
0x5707	0x56cdB0x2632B0x15e2
0x58f2	0x58e5B0x3d88
0x58f2	0x58e5B0x2e2dB0x232fB0x137c
0x58f2	0x58e5B0x2e2dB0x232fB0x15e2
0x58fa	0x58e5B0x3d88
0x58fa	0x58e5B0x2e2dB0x232fB0x137c
0x58fa	0x58e5B0x2e2dB0x232fB0x15e2
0x5902	0x58e5B0x3d88
0x5902	0x58e5B0x2e2dB0x232fB0x137c
0x5902	0x58e5B0x2e2dB0x232fB0x15e2
0x590a	0x58e5B0x3d88
0x590a	0x58e5B0x2e2dB0x232fB0x137c
0x590a	0x58e5B0x2e2dB0x232fB0x15e2
0x591a	0x58e5B0x3d88
0x591a	0x58e5B0x2e2dB0x232fB0x137c
0x591a	0x58e5B0x2e2dB0x232fB0x15e2
0x5a1a	0x5a0dB0x3c2a
0x5a1a	0x5a0dB0x3e8f
0x5a1a	0x5a0dB0x41c7
0x5a1a	0x5a0dB0x436f
0x5a22	0x5a0dB0x3c2a
0x5a22	0x5a0dB0x3e8f
0x5a22	0x5a0dB0x41c7
0x5a22	0x5a0dB0x436f
0x5a2a	0x5a0dB0x3c2a
0x5a2a	0x5a0dB0x3e8f
0x5a2a	0x5a0dB0x41c7
0x5a2a	0x5a0dB0x436f
0x5a32	0x5a0dB0x3c2a
0x5a32	0x5a0dB0x3e8f
0x5a32	0x5a0dB0x41c7
0x5a32	0x5a0dB0x436f
0xb9d3	0xb9c8B0xb92B0x532
0xb9d8	0xb9c8B0xb92B0x532
0xbc43	0xbc38B0x17f2B0x1225
0xbc48	0xbc38B0x17f2B0x1225
0xbc78	0xbc6dB0x17f2B0x1225
0xbc7d	0xbc6dB0x17f2B0x1225
0xc1b7	0xc1acB0x1004aaB0x641
0xc1b7	0xc1acB0x4b1aB0x4e12B0x641
0xc1b7	0xc1acB0x100464B0x4f06
0xc1b7	0xc1acB0x4b1aB0x4bd2B0x4f06
0xc1b7	0xc1acB0x100464B0x4c67B0x47c
0xc1b7	0xc1acB0x4b1aB0x4bd2B0x4c67B0x47c
0xc1bc	0xc1acB0x1004aaB0x641
0xc1bc	0xc1acB0x4b1aB0x4e12B0x641
0xc1bc	0xc1acB0x100464B0x4f06
0xc1bc	0xc1acB0x4b1aB0x4bd2B0x4f06
0xc1bc	0xc1acB0x100464B0x4c67B0x47c
0xc1bc	0xc1acB0x4b1aB0x4bd2B0x4c67B0x47c
0xc2f5	0xc2eaB0x20b0
0xc2f5	0xc2eaB0x216a
0xc2f5	0xc2eaB0x18f0B0x137c
0xc2f5	0xc2eaB0x18f0B0x15e2
0xc2fa	0xc2eaB0x20b0
0xc2fa	0xc2eaB0x216a
0xc2fa	0xc2eaB0x18f0B0x137c
0xc2fa	0xc2eaB0x18f0B0x15e2
0xc32a	0xc31fB0x20a1
0xc32a	0xc31fB0x2146
0xc32f	0xc31fB0x20a1
0xc32f	0xc31fB0x2146
0xffb16	0xffb0cB0x17f2B0x1225
0xffb2b	0xffb0cB0x17f2B0x1225
0xffb31	0xffb0cB0x17f2B0x1225
0x16b3	0x16aaB0x117aB0x1203
0x16c3	0x16aaB0x117aB0x1203
0x16d6	0x16aaB0x117aB0x1203
0x22c8	0x22b7B0x17f2B0x1225
0x22d8	0x22b7B0x17f2B0x1225
0x2a25	0x2a05B0x1da7B0x15c7
0x48b4	0x48b1B0x488eB0x34deB0x232fB0x137c
0x48b4	0x48b1B0x488eB0x34deB0x232fB0x15e2
0x50b4	0x50b2B0x50e3B0x1bf1B0x137c
0x50b4	0x50b2B0x50e3B0x1bf1B0x15e2
0xffb20	0xffb0cB0x17f2B0x1225
0xffb22	0xffb0cB0x17f2B0x1225
0xffb3b	0xffb0cB0x17f2B0x1225
0x39f0	0x39ecB0x2a5aB0x1e6bB0x15c7
0x11ab	0x11abB0x7aaB0x271
0x1474	0x1474B0xb09
0x1474	0x1474B0xb3d
0x14b1	0x14b1B0xb09
0x14b1	0x14b1B0xb3d
0x16aa	0x16aaB0x117aB0x1203
0x386f	0x386fB0x2a2dB0x1dfcB0x15c7
0x3899	0x3899B0x2a2dB0x1dfcB0x15c7
0x3996	0x3996B0x2a5aB0x1e6bB0x15c7
0x497a	0x497aB0x54d6
0x497a	0x497aB0x54fe
0x497a	0x497aB0x5510
0x497a	0x497aB0x4992B0x49beB0x9d4d3
0x497a	0x497aB0x4992B0x4c81B0x504
0x497a	0x497aB0x4992B0x4ca1B0x504
0x497a	0x497aB0x4992B0x49beB0xe6928
0x497a	0x497aB0x521fB0x11c4
0x497a	0x497aB0x5257B0x11c4
0x497a	0x497aB0x4992B0x49beB0x1716B0x11c4
0x497a	0x497aB0x4992B0x501dB0x650
0x497a	0x497aB0x4992B0x5491B0x137c
0x497a	0x497aB0x4992B0x49beB0x19c0B0x137c
0x497a	0x497aB0x4992B0x539fB0x546fB0x1ab5B0x137c
0x497a	0x497aB0x552dB0x15c7
0x497a	0x497aB0x4992B0x5491B0x15e2
0x497a	0x497aB0x4992B0x49beB0x19c0B0x15e2
0x497a	0x497aB0x4992B0x539fB0x546fB0x1ab5B0x15e2
0x497a	0x497aB0x5a55B0x467aB0x464aB0x381f
0x497a	0x497aB0x4992B0x49beB0x4858B0x47b8B0x467aB0x464aB0x381f
0x497a	0x497aB0x5a55B0x467aB0x3ca2B0x3c13
0x497a	0x497aB0x4992B0x49beB0x4858B0x47b8B0x467aB0x3ca2B0x3c13
0x497a	0x497aB0x5a55B0x467aB0x3ca2B0x382e
0x497a	0x497aB0x4992B0x49beB0x4858B0x47b8B0x467aB0x3ca2B0x382e
0x497a	0x497aB0x5a55B0x467aB0x3ca2B0x2dfdB0x232fB0x137c
0x497a	0x497aB0x4992B0x49beB0x4858B0x47b8B0x467aB0x3ca2B0x2dfdB0x232fB0x137c
0x497a	0x497aB0x5a55B0x467aB0x3ca2B0x3eeaB0x232fB0x137c
0x497a	0x497aB0x4992B0x49beB0x4858B0x47b8B0x467aB0x3ca2B0x3eeaB0x232fB0x137c
0x497a	0x497aB0x5a55B0x467aB0x464aB0x40c3B0x232fB0x137c
0x497a	0x497aB0x4992B0x49beB0x4858B0x47b8B0x467aB0x464aB0x40c3B0x232fB0x137c
0x497a	0x497aB0x5a55B0x467aB0x3ca2B0x2dfdB0x232fB0x15e2
0x497a	0x497aB0x4992B0x49beB0x4858B0x47b8B0x467aB0x3ca2B0x2dfdB0x232fB0x15e2
0x497a	0x497aB0x5a55B0x467aB0x3ca2B0x3eeaB0x232fB0x15e2
0x497a	0x497aB0x4992B0x49beB0x4858B0x47b8B0x467aB0x3ca2B0x3eeaB0x232fB0x15e2
0x497a	0x497aB0x5a55B0x467aB0x464aB0x40c3B0x232fB0x15e2
0x497a	0x497aB0x4992B0x49beB0x4858B0x47b8B0x467aB0x464aB0x40c3B0x232fB0x15e2
0x509b	0x509bB0x50e3B0x1bf1B0x137c
0x509b	0x509bB0x50e3B0x1bf1B0x15e2
0x50b2	0x50b2B0x50e3B0x1bf1B0x137c
0x50b2	0x50b2B0x50e3B0x1bf1B0x15e2
0x3b	0x34
0x3e	0x34
0x46	0x3f
0x49	0x3f
0x5c	0x55
0x5f	0x55
0x67	0x60
0x6a	0x60
0x72	0x6b
0x75	0x6b
0x7b	0x7a
0x85	0x7a
0x8d	0x86
0x90	0x86
0x98	0x91
0x9b	0x91
0xa3	0x9c
0xa6	0x9c
0xae	0xa7
0xb1	0xa7
0xb7	0xb6
0xc9	0xc2
0xcc	0xc2
0xd4	0xcd
0xd7	0xcd
0xdf	0xd8
0xea	0xe3
0xed	0xe3
0xf5	0xee
0xfe	0xfd
0x105	0xfd
0x108	0xfd
0x110	0x109
0x113	0x109
0x11b	0x114
0x11e	0x114
0x126	0x11f
0x129	0x11f
0x131	0x12a
0x134	0x12a
0x137	0x135
0x13a	0x139
0x157	0x150
0x15a	0x150
0x162	0x15b
0x165	0x15b
0x16d	0x166
0x170	0x166
0x178	0x171
0x17b	0x171
0x183	0x17c
0x186	0x17c
0x189	0x187
0x18c	0x18b
0x193	0x18b
0x196	0x18b
0x19e	0x197
0x1a1	0x197
0x1a9	0x1a2
0x1ac	0x1a2
0x1b4	0x1ad
0x1b7	0x1ad
0x1bf	0x1b8
0x1c2	0x1b8
0x1c5	0x1c3
0x1c8	0x1c7
0x1da	0x1d3
0x1dd	0x1d3
0x1e5	0x1de
0x1e8	0x1de
0x1f0	0x1e9
0x1f3	0x1e9
0x1fb	0x1f4
0x1fe	0x1f4
0x206	0x1ff
0x209	0x1ff
0x20c	0x20a
0x20f	0x20e
0x216	0x20e
0x219	0x20e
0x221	0x21a
0x224	0x21a
0x22c	0x225
0x22f	0x225
0x237	0x230
0x23a	0x230
0x242	0x23b
0x245	0x23b
0x248	0x246
0x254	0x251
0x258	0x256
0x260	0x25e
0x263	0x262
0x28d	0x28b
0x295	0x293
0x298	0x297
0x2af	0x2ad
0x2b7	0x2b5
0x2ba	0x2b9
0x2c9	0x2c8
0x2e5	0x2e3
0x2ed	0x2eb
0x2f0	0x2ef
0x308	0x306
0x310	0x30e
0x313	0x312
0x324	0x321
0x325	0x321
0x32e	0x321
0x334	0x321
0x338	0x336
0x340	0x33e
0x343	0x342
0x34d	0x34b
0x355	0x353
0x358	0x357
0x362	0x360
0x36a	0x368
0x36d	0x36c
0x377	0x375
0x37f	0x37d
0x382	0x381
0x397	0x395
0x39f	0x39d
0x3a2	0x3a1
0x3b7	0x3b5
0x3bf	0x3bd
0x3c2	0x3c1
0x3da	0x3d0
0x3de	0x3dc
0x3e6	0x3e4
0x3e9	0x3e8
0x3f3	0x3f1
0x3fb	0x3f9
0x3fe	0x3fd
0x415	0x413
0x41d	0x41b
0x420	0x41f
0x42d	0x42b
0x435	0x433
0x438	0x437
0x442	0x440
0x44a	0x448
0x44d	0x44c
0x463	0x45b
0x464	0x45b
0x468	0x45b
0x46e	0x45b
0x472	0x470
0x47a	0x478
0x47d	0x47c
0x492	0x490
0x49a	0x498
0x49d	0x49c
0x4a7	0x4a5
0x4af	0x4ad
0x4b2	0x4b1
0x4bc	0x4ba
0x4c4	0x4c2
0x4c7	0x4c6
0x4dc	0x4da
0x4e4	0x4e2
0x4e7	0x4e6
0x4f1	0x4ef
0x4f9	0x4f7
0x4fc	0x4fb
0x50b	0x504
0x50c	0x504
0x50d	0x504
0x50e	0x504
0x50f	0x504
0x510	0x504
0x511	0x504
0x512	0x504
0x519	0x517
0x521	0x51f
0x524	0x523
0x539	0x537
0x541	0x53f
0x544	0x543
0x559	0x557
0x561	0x55f
0x564	0x563
0x57a	0x572
0x57b	0x572
0x57f	0x572
0x58b	0x572
0x58f	0x58d
0x597	0x595
0x59a	0x599
0x5a4	0x5a2
0x5ac	0x5aa
0x5af	0x5ae
0x5b9	0x5b7
0x5c1	0x5bf
0x5c4	0x5c3
0x5ce	0x5cc
0x5d6	0x5d4
0x5d9	0x5d8
0x5ee	0x5ec
0x5f6	0x5f4
0x5f9	0x5f8
0x622	0x620
0x62a	0x628
0x62d	0x62c
0x637	0x635
0x63f	0x63d
0x642	0x641
0x657	0x655
0x65f	0x65d
0x662	0x661
0x68a	0x688
0x692	0x690
0x695	0x694
0x6aa	0x6a8
0x6b2	0x6b0
0x6b5	0x6b4
0x6bf	0x6bd
0x6c7	0x6c5
0x6ca	0x6c9
0x6df	0x6dd
0x6e7	0x6e5
0x6ea	0x6e9
0x6ff	0x6fd
0x707	0x705
0x70a	0x709
0x711	0x709
0x71f	0x71d
0x727	0x725
0x72a	0x729
0x753	0x751
0x75b	0x759
0x75e	0x75d
0x774	0x76c
0x775	0x76c
0x779	0x76c
0x77f	0x76c
0x788	0x781
0x789	0x781
0x79a	0x78eB0x271
0x7a5	0x78eB0x271
0x7ae	0x7aaB0x271
0x7bf	0x7b9B0x2a6
0x7c8	0x7c4B0x2a6
0x7dd	0x7d1
0x807	0x7fc
0x81c	0x811
0x832	0x826
0x83f	0x83cB0x390
0x840	0x83cB0x390
0x849	0x83cB0x390
0x852	0x83cB0x390
0x85b	0x857B0x390
0x85c	0x857B0x390
0x86f	0x866B0x3b0
0x881	0x877B0x3b0
0x887	0x877B0x3b0
0x88e	0x877B0x3b0
0x8b4	0x877B0x3b0
0x8cc	0x877B0x3b0
0x8df	0x8dbB0x3b0
0x8e0	0x8dbB0x3b0
0x8eb	0x8e5B0x3e8
0x8fe	0x8fbB0x3fd
0x903	0x8fbB0x3fd
0x935	0x9340x8fbB0x3fd
0x935	0x9340xc07B0x5e7
0x936	0x9340x8fbB0x3fd
0x936	0x9340xc07B0x5e7
0x937	0x9340x8fbB0x3fd
0x937	0x9340xc07B0x5e7
0x93a	0x9340x8fbB0x3fd
0x93a	0x9340xc07B0x5e7
0x93b	0x93b0x8fbB0x3fd
0x93b	0x93b0xc07B0x5e7
0x93c	0x93b0x8fbB0x3fd
0x93c	0x93b0xc07B0x5e7
0x93e	0x93b0x8fbB0x3fd
0x93e	0x93b0xc07B0x5e7
0x93f	0x93b0x8fbB0x3fd
0x93f	0x93b0xc07B0x5e7
0x942	0x93b0x8fbB0x3fd
0x942	0x93b0xc07B0x5e7
0x943	0x9430x8fbB0x3fd
0x943	0x9430xc07B0x5e7
0x946	0x9430x8fbB0x3fd
0x946	0x9430xc07B0x5e7
0x947	0x9430x8fbB0x3fd
0x947	0x9430xc07B0x5e7
0x948	0x9430x8fbB0x3fd
0x948	0x9430xc07B0x5e7
0x949	0x9430x8fbB0x3fd
0x949	0x9430xc07B0x5e7
0x94a	0x9430x8fbB0x3fd
0x94a	0x9430xc07B0x5e7
0x94b	0x9430x8fbB0x3fd
0x94b	0x9430xc07B0x5e7
0x94c	0x9430x8fbB0x3fd
0x94c	0x9430xc07B0x5e7
0x94d	0x9430x8fbB0x3fd
0x94d	0x9430xc07B0x5e7
0x94e	0x9430x8fbB0x3fd
0x94e	0x9430xc07B0x5e7
0x950	0x9430x8fbB0x3fd
0x950	0x9430xc07B0x5e7
0x951	0x9430x8fbB0x3fd
0x951	0x9430xc07B0x5e7
0x952	0x9430x8fbB0x3fd
0x952	0x9430xc07B0x5e7
0x955	0x9430x8fbB0x3fd
0x955	0x9430xc07B0x5e7
0x957	0x9560x8fbB0x3fd
0x957	0x9560xc07B0x5e7
0x958	0x9560x8fbB0x3fd
0x958	0x9560xc07B0x5e7
0x959	0x9560x8fbB0x3fd
0x959	0x9560xc07B0x5e7
0x95a	0x9560x8fbB0x3fd
0x95a	0x9560xc07B0x5e7
0x95b	0x9560x8fbB0x3fd
0x95b	0x9560xc07B0x5e7
0x95d	0x9560x8fbB0x3fd
0x95d	0x9560xc07B0x5e7
0x95e	0x9560x8fbB0x3fd
0x95e	0x9560xc07B0x5e7
0x960	0x9560x8fbB0x3fd
0x960	0x9560xc07B0x5e7
0x962	0x9560x8fbB0x3fd
0x962	0x9560xc07B0x5e7
0x963	0x9560x8fbB0x3fd
0x963	0x9560xc07B0x5e7
0x965	0x9640x8fbB0x3fd
0x965	0x9640xc07B0x5e7
0x966	0x9640x8fbB0x3fd
0x966	0x9640xc07B0x5e7
0x967	0x9640x8fbB0x3fd
0x967	0x9640xc07B0x5e7
0x968	0x9640x8fbB0x3fd
0x968	0x9640xc07B0x5e7
0x969	0x9640x8fbB0x3fd
0x969	0x9640xc07B0x5e7
0x96a	0x9640x8fbB0x3fd
0x96a	0x9640xc07B0x5e7
0x96c	0x9640x8fbB0x3fd
0x96c	0x9640xc07B0x5e7
0x96d	0x9640x8fbB0x3fd
0x96d	0x9640xc07B0x5e7
0x96e	0x9640x8fbB0x3fd
0x96e	0x9640xc07B0x5e7
0x970	0x9640x8fbB0x3fd
0x970	0x9640xc07B0x5e7
0x971	0x9640x8fbB0x3fd
0x971	0x9640xc07B0x5e7
0x972	0x9640x8fbB0x3fd
0x972	0x9640xc07B0x5e7
0x973	0x9640x8fbB0x3fd
0x973	0x9640xc07B0x5e7
0x974	0x9640x8fbB0x3fd
0x974	0x9640xc07B0x5e7
0x977	0x9640x8fbB0x3fd
0x977	0x9640xc07B0x5e7
0x978	0x9780x8fbB0x3fd
0x978	0x9780xc07B0x5e7
0x979	0x9780x8fbB0x3fd
0x979	0x9780xc07B0x5e7
0x97a	0x9780x8fbB0x3fd
0x97a	0x9780xc07B0x5e7
0x97b	0x9780x8fbB0x3fd
0x97b	0x9780xc07B0x5e7
0x97d	0x9780x8fbB0x3fd
0x97d	0x9780xc07B0x5e7
0x97e	0x9780x8fbB0x3fd
0x97e	0x9780xc07B0x5e7
0x97f	0x9780x8fbB0x3fd
0x97f	0x9780xc07B0x5e7
0x980	0x9780x8fbB0x3fd
0x980	0x9780xc07B0x5e7
0x995	0x989
0x9a6	0x99f
0x9a8	0x99f
0x9ad	0x99f
0x9c9	0x99f
0x9d3	0x99f
0x9dd	0x99f
0x9de	0x99f
0x9e0	0x99f
0x9e1	0x99f
0x9e5	0x99f
0x9ee	0x9eb
0x9f5	0x9f4
0x9f6	0x9f4
0x9f7	0x9f4
0x9f8	0x9f4
0xa02	0x9f4
0xa05	0x9f4
0xa07	0x9f4
0xa0b	0x9f4
0xa0c	0x9f4
0xa0e	0x9f4
0xa12	0x9f4
0xa13	0x9f4
0xa19	0xa18
0xa1a	0xa18
0xa23	0xa18
0xa35	0xa2b
0xa3b	0xa2b
0xa42	0xa2b
0xa5e	0xa2b
0xa6b	0xa68
0xa6c	0xa68
0xa6e	0xa68
0xa7a	0xa76
0xa7b	0xa76
0xa7c	0xa76
0xa7d	0xa76
0xa7e	0xa76
0xa8e	0xa8d
0xa8f	0xa8d
0xa95	0xa8d
0xa96	0xa8d
0xa99	0xa8d
0xaa6	0xa8d
0xaa8	0xa8d
0xaa9	0xa8d
0xaaa	0xa8d
0xab8	0xaac
0xace	0xac2
0xae1	0xad8B0x4d5
0xae5	0xad8B0x4d5
0xae6	0xad8B0x4d5
0xaef	0xad8B0x4d5
0xafc	0xaf6B0x4e6
0xb0e	0xb09
0xb0f	0xb09
0xb10	0xb09
0xb11	0xb09
0xb12	0xb09
0xb6b	0xb68
0xb6f	0xb68
0xb70	0xb68
0xb74	0xb68
0xb76	0xb68
0xb77	0xb68
0xb7e	0xb68
0xb7f	0xb68
0xb80	0xb68
0xb81	0xb68
0xb82	0xb68
0xb83	0xb68
0xb84	0xb68
0xb86	0xb68
0xb87	0xb68
0xb89	0xb68
0xb8a	0xb68
0xb8b	0xb68
0xb8c	0xb68
0xb8d	0xb68
0xb8e	0xb68
0xb8f	0xb68
0xb90	0xb68
0xb95	0xb92B0x532
0xb96	0xb92B0x532
0xb9f	0xb92B0x532
0xba4	0xb92B0x532
0xba5	0xb92B0x532
0xbb4	0xbb1B0x552
0xbb4	0xbb1B0x178b
0xbb4	0xbb1B0x10f4B0x11f9
0xbb4	0xbb1B0x16e3B0x11c4
0xbb4	0xbb1B0x1ec7B0x15c7
0xbb5	0xbb1B0x552
0xbb5	0xbb1B0x178b
0xbb5	0xbb1B0x10f4B0x11f9
0xbb5	0xbb1B0x16e3B0x11c4
0xbb5	0xbb1B0x1ec7B0x15c7
0xbbb	0xbb1B0x552
0xbbb	0xbb1B0x178b
0xbbb	0xbb1B0x10f4B0x11f9
0xbbb	0xbb1B0x16e3B0x11c4
0xbbb	0xbb1B0x1ec7B0x15c7
0xbbc	0xbb1B0x552
0xbbc	0xbb1B0x178b
0xbbc	0xbb1B0x10f4B0x11f9
0xbbc	0xbb1B0x16e3B0x11c4
0xbbc	0xbb1B0x1ec7B0x15c7
0xbc0	0xbb1B0x552
0xbc0	0xbb1B0x178b
0xbc0	0xbb1B0x10f4B0x11f9
0xbc0	0xbb1B0x16e3B0x11c4
0xbc0	0xbb1B0x1ec7B0x15c7
0xbc1	0xbb1B0x552
0xbc1	0xbb1B0x178b
0xbc1	0xbb1B0x10f4B0x11f9
0xbc1	0xbb1B0x16e3B0x11c4
0xbc1	0xbb1B0x1ec7B0x15c7
0xbcb	0xbb1B0x552
0xbcb	0xbb1B0x178b
0xbcb	0xbb1B0x10f4B0x11f9
0xbcb	0xbb1B0x16e3B0x11c4
0xbcb	0xbb1B0x1ec7B0x15c7
0xbcc	0xbb1B0x552
0xbcc	0xbb1B0x178b
0xbcc	0xbb1B0x10f4B0x11f9
0xbcc	0xbb1B0x16e3B0x11c4
0xbcc	0xbb1B0x1ec7B0x15c7
0xbcd	0xbb1B0x552
0xbcd	0xbb1B0x178b
0xbcd	0xbb1B0x10f4B0x11f9
0xbcd	0xbb1B0x16e3B0x11c4
0xbcd	0xbb1B0x1ec7B0x15c7
0xbcf	0xbb1B0x552
0xbcf	0xbb1B0x178b
0xbcf	0xbb1B0x10f4B0x11f9
0xbcf	0xbb1B0x16e3B0x11c4
0xbcf	0xbb1B0x1ec7B0x15c7
0xbd1	0xbb1B0x552
0xbd1	0xbb1B0x178b
0xbd1	0xbb1B0x10f4B0x11f9
0xbd1	0xbb1B0x16e3B0x11c4
0xbd1	0xbb1B0x1ec7B0x15c7
0xbd2	0xbb1B0x552
0xbd2	0xbb1B0x178b
0xbd2	0xbb1B0x10f4B0x11f9
0xbd2	0xbb1B0x16e3B0x11c4
0xbd2	0xbb1B0x1ec7B0x15c7
0xbd4	0xbb1B0x552
0xbd4	0xbb1B0x178b
0xbd4	0xbb1B0x10f4B0x11f9
0xbd4	0xbb1B0x16e3B0x11c4
0xbd4	0xbb1B0x1ec7B0x15c7
0xbda	0xbb1B0x552
0xbda	0xbb1B0x178b
0xbda	0xbb1B0x10f4B0x11f9
0xbda	0xbb1B0x16e3B0x11c4
0xbda	0xbb1B0x1ec7B0x15c7
0xbe7	0xbdc
0xbfd	0xbf1
0xc0f	0xc07B0x5e7
0xc10	0xc07B0x5e7
0xc14	0xc07B0x5e7
0xc16	0xc07B0x5e7
0xc1b	0xc07B0x5e7
0xc2b	0xc20
0xc5a	0xc35B0x650
0xc60	0xc5fB0x650
0xc65	0xc64B0x650
0xc66	0xc64B0x650
0xc6f	0xc6dB0x650
0xc70	0xc6dB0x650
0xc71	0xc6dB0x650
0xc73	0xc6dB0x650
0xc8d	0xc80B0x650
0xc8f	0xc80B0x650
0xc94	0xc80B0x650
0xc95	0xc80B0x650
0xc96	0xc80B0x650
0xc97	0xc80B0x650
0xc98	0xc80B0x650
0xc9a	0xc80B0x650
0xcb8	0xca7B0x650
0xcb9	0xca7B0x650
0xcbe	0xca7B0x650
0xcbf	0xca7B0x650
0xccd	0xca7B0x650
0xccf	0xca7B0x650
0xcd5	0xca7B0x650
0xcd6	0xca7B0x650
0xcdb	0xca7B0x650
0xcdd	0xca7B0x650
0xcff	0xca7B0x650
0xd00	0xca7B0x650
0xd01	0xca7B0x650
0xd03	0xca7B0x650
0xd1d	0xd10B0x650
0xd1e	0xd10B0x650
0xd1f	0xd10B0x650
0xd20	0xd10B0x650
0xd22	0xd10B0x650
0xd42	0xd2fB0x650
0xd43	0xd2fB0x650
0xd44	0xd2fB0x650
0xd45	0xd2fB0x650
0xd4e	0xd4aB0x650
0xd4f	0xd4aB0x650
0xd51	0xd4aB0x650
0xd53	0xd4aB0x650
0xd57	0xd4aB0x650
0xd5d	0xd5cB0x650
0xd5e	0xd5cB0x650
0xd6c	0xd69
0xd70	0xd69
0xd7a	0xd69
0xd7c	0xd69
0xd80	0xd69
0xd81	0xd69
0xd82	0xd69
0xd8c	0xd69
0xd92	0xd69
0xd93	0xd69
0xd94	0xd69
0xd96	0xd69
0xd99	0xd69
0xd9a	0xd69
0xd9b	0xd69
0xd9e	0xd69
0xd9f	0xd69
0xda3	0xd69
0xdac	0xda9
0xdb3	0xdb2
0xdb4	0xdb2
0xdb5	0xdb2
0xdb6	0xdb2
0xdc0	0xdb2
0xdc3	0xdb2
0xdc5	0xdb2
0xdc9	0xdb2
0xdca	0xdb2
0xdcc	0xdb2
0xdd0	0xdb2
0xdd1	0xdb2
0xdd7	0xdd6
0xdd8	0xdd6
0xde1	0xdd6
0xdf3	0xde9
0xdf9	0xde9
0xe00	0xde9
0xe1c	0xde9
0xe29	0xe26
0xe36	0xe26
0xe40	0xe26
0xe42	0xe26
0xe43	0xe26
0xe45	0xe26
0xe46	0xe26
0xe47	0xe26
0xe4b	0xe26
0xe54	0xe26
0xe55	0xe26
0xe57	0xe26
0xe5d	0xe26
0xe66	0xe26
0xe67	0xe26
0xe69	0xe26
0xe6a	0xe26
0xe6e	0xe26
0xe77	0xe74
0xe7e	0xe7d
0xe7f	0xe7d
0xe80	0xe7d
0xe81	0xe7d
0xe8b	0xe7d
0xe8e	0xe7d
0xe90	0xe7d
0xe94	0xe7d
0xe95	0xe7d
0xe97	0xe7d
0xe9b	0xe7d
0xe9c	0xe7d
0xea2	0xea1
0xea3	0xea1
0xea4	0xea1
0xeae	0xea1
0xec7	0xebd
0xecd	0xebd
0xed4	0xebd
0xef1	0xebd
0xf05	0xefb
0xf1e	0xf14
0xf24	0xf14
0xf2b	0xf14
0xf4a	0xf14
0xf55	0xf54
0xf58	0xf54
0xf62	0xf54
0xf6e	0xf54
0xf6f	0xf54
0xf72	0xf54
0xf76	0xf54
0xf77	0xf54
0xf78	0xf54
0xf79	0xf54
0xf7a	0xf54
0xf7b	0xf54
0xf7c	0xf54
0xf7d	0xf54
0xf82	0xf7f
0xf91	0xf7f
0xf9e	0xf9a
0xf9f	0xf9a
0xfa0	0xf9a
0xfa1	0xf9a
0xfb1	0xfb0
0xfb2	0xfb0
0xfb5	0xfb0
0xfbe	0xfb0
0xfc0	0xfb0
0xfc1	0xfb0
0xfe8	0xfc3
0xff6	0xfed
0x1006	0xffc
0x100c	0xffc
0x1013	0xffc
0x1039	0xffc
0x1044	0x1043
0x104d	0x1043
0x104e	0x1043
0x1052	0x1043
0x1053	0x1043
0x105c	0x1043
0x105e	0x1043
0x106a	0x1043
0x106b	0x1043
0x106c	0x1043
0x106f	0x1043
0x107d	0x1072
0x108a	0x1087B0x6d8
0x108b	0x1087B0x6d8
0x1094	0x1087B0x6d8
0x1099	0x1087B0x6d8
0x10a1	0x109eB0x6f8
0x10a2	0x109eB0x6f8
0x10ab	0x109eB0x6f8
0x10b4	0x109eB0x6f8
0x10bd	0x10b9B0x6f8
0x10be	0x10b9B0x6f8
0x10f8	0x10f4B0x11f9
0x10f9	0x10f4B0x11f9
0x1105	0x1103B0x11f9
0x1106	0x1103B0x11f9
0x110c	0x1103B0x11f9
0x110d	0x1103B0x11f9
0x1111	0x1103B0x11f9
0x1112	0x1103B0x11f9
0x111c	0x1103B0x11f9
0x111e	0x1103B0x11f9
0x1120	0x1103B0x11f9
0x1121	0x1103B0x11f9
0x1123	0x1103B0x11f9
0x1125	0x1103B0x11f9
0x112e	0x1103B0x11f9
0x1134	0x1103B0x11f9
0x1140	0x1136B0x11f9
0x114a	0x1136B0x11f9
0x1172	0x1136B0x11f9
0x1173	0x1136B0x11f9
0x1175	0x1136B0x11f9
0x1177	0x1136B0x11f9
0x1178	0x1136B0x11f9
0x1180	0x117aB0x1203
0x1189	0x117aB0x1203
0x119b	0x118fB0x7aaB0x271
0x11a6	0x118fB0x7aaB0x271
0x11bd	0x11abB0x7aaB0x271
0x11c8	0x11c4
0x11d2	0x11ceB0x2a6
0x11da	0x11d7B0x2a6
0x11ee	0x11d7B0x2a6
0x11ef	0x11d7B0x2a6
0x11f0	0x11d7B0x2a6
0x11f2	0x11d7B0x2a6
0x11f3	0x11d7B0x2a6
0x11f4	0x11d7B0x2a6
0x11f6	0x11d7B0x2a6
0x11fd	0x11f9
0x11fe	0x11f9
0x1206	0x1203
0x1207	0x1203
0x1210	0x1203
0x1215	0x1203
0x1216	0x1203
0x121f	0x121b
0x1220	0x121b
0x1228	0x1225
0x1229	0x1225
0x1232	0x1225
0x1237	0x1225
0x1238	0x1225
0x1248	0x1245
0x124e	0x1245
0x1273	0x12720x123d
0x1273	0x12720x13e5
0x1275	0x12720x123d
0x1275	0x12720x13e5
0x1276	0x12720x123d
0x1276	0x12720x13e5
0x1278	0x12720x123d
0x1278	0x12720x13e5
0x127a	0x12720x123d
0x127a	0x12720x13e5
0x127c	0x12720x123d
0x127c	0x12720x13e5
0x127d	0x12720x123d
0x127d	0x12720x13e5
0x127e	0x12720x123d
0x127e	0x12720x13e5
0x127f	0x12720x123d
0x127f	0x12720x13e5
0x1280	0x12720x123d
0x1280	0x12720x13e5
0x1281	0x12720x123d
0x1281	0x12720x13e5
0x1282	0x12720x123d
0x1282	0x12720x13e5
0x1283	0x12720x123d
0x1283	0x12720x13e5
0x1285	0x12720x123d
0x1285	0x12720x13e5
0x1286	0x12720x123d
0x1286	0x12720x13e5
0x1288	0x12720x123d
0x1288	0x12720x13e5
0x1289	0x12720x123d
0x1289	0x12720x13e5
0x128a	0x12720x123d
0x128a	0x12720x13e5
0x128b	0x12720x123d
0x128b	0x12720x13e5
0x128c	0x12720x123d
0x128c	0x12720x13e5
0x128d	0x12720x123d
0x128d	0x12720x13e5
0x128e	0x12720x123d
0x128e	0x12720x13e5
0x12a4	0x129a
0x12aa	0x129a
0x12b1	0x129a
0x12d7	0x129a
0x12ec	0x12e8
0x12fc	0x12f2
0x1302	0x12f2
0x1309	0x12f2
0x132f	0x12f2
0x133a	0x1339
0x133c	0x1339
0x134c	0x1342
0x1354	0x1342
0x135a	0x1359
0x135c	0x1359
0x136f	0x1365
0x1377	0x1365
0x137f	0x137c
0x1382	0x137c
0x1386	0x137c
0x138a	0x137c
0x138b	0x137c
0x138c	0x137c
0x1392	0x1391
0x1393	0x1391
0x1394	0x1391
0x1395	0x1391
0x1396	0x1391
0x1397	0x1391
0x1398	0x1391
0x1399	0x1391
0x13bc	0x1391
0x13bd	0x1391
0x13be	0x1391
0x13bf	0x1391
0x13c0	0x1391
0x13c7	0x1391
0x13c8	0x1391
0x13c9	0x1391
0x13ca	0x1391
0x13cb	0x1391
0x13cc	0x1391
0x13cd	0x1391
0x13d6	0x13d2
0x13d7	0x13d2
0x13d9	0x13d2
0x13db	0x13d2
0x13dc	0x13d2
0x13dd	0x13d2
0x13de	0x13d2
0x13df	0x13d2
0x13e0	0x13d2
0x13e1	0x13d2
0x13e2	0x13d2
0x13e3	0x13d2
0x13f0	0x13ed
0x13f9	0x13ed
0x1420	0x13ed
0x1427	0x1422B0xb09
0x1427	0x1422B0xb3d
0x1430	0x142dB0xb09
0x1430	0x142dB0xb3d
0x1436	0x1435B0xb09
0x1436	0x1435B0xb3d
0x1437	0x1435B0xb09
0x1437	0x1435B0xb3d
0x143c	0x1435B0xb09
0x143c	0x1435B0xb3d
0x1442	0x1441B0xb09
0x1442	0x1441B0xb3d
0x1448	0x1441B0xb09
0x1448	0x1441B0xb3d
0x1449	0x1441B0xb09
0x1449	0x1441B0xb3d
0x1452	0x1441B0xb09
0x1452	0x1441B0xb3d
0x1453	0x1441B0xb09
0x1453	0x1441B0xb3d
0x1458	0x1441B0xb09
0x1458	0x1441B0xb3d
0x1459	0x1441B0xb09
0x1459	0x1441B0xb3d
0x145a	0x1441B0xb09
0x145a	0x1441B0xb3d
0x145b	0x1441B0xb09
0x145b	0x1441B0xb3d
0x145c	0x1441B0xb09
0x145c	0x1441B0xb3d
0x145d	0x1441B0xb09
0x145d	0x1441B0xb3d
0x1462	0x1441B0xb09
0x1462	0x1441B0xb3d
0x1463	0x1441B0xb09
0x1463	0x1441B0xb3d
0x1468	0x1441B0xb09
0x1468	0x1441B0xb3d
0x146e	0x146dB0xb09
0x146e	0x146dB0xb3d
0x147f	0x147cB0xb09
0x147f	0x147cB0xb3d
0x1480	0x147cB0xb09
0x1480	0x147cB0xb3d
0x1484	0x147cB0xb09
0x1484	0x147cB0xb3d
0x1486	0x147cB0xb09
0x1486	0x147cB0xb3d
0x148a	0x147cB0xb09
0x148a	0x147cB0xb3d
0x1490	0x148fB0xb09
0x1490	0x148fB0xb3d
0x1492	0x148fB0xb09
0x1492	0x148fB0xb3d
0x1493	0x148fB0xb09
0x1493	0x148fB0xb3d
0x149c	0x148fB0xb09
0x149c	0x148fB0xb3d
0x149e	0x149dB0xb09
0x149e	0x149dB0xb3d
0x14a0	0x149dB0xb09
0x14a0	0x149dB0xb3d
0x14a2	0x149dB0xb09
0x14a2	0x149dB0xb3d
0x14a6	0x149dB0xb09
0x14a6	0x149dB0xb3d
0x14aa	0x149dB0xb09
0x14aa	0x149dB0xb3d
0x14ab	0x149dB0xb09
0x14ab	0x149dB0xb3d
0x14b2	0x14b1B0xb09
0x14b2	0x14b1B0xb3d
0x14b7	0x14b1B0xb09
0x14b7	0x14b1B0xb3d
0x14b9	0x14b1B0xb09
0x14b9	0x14b1B0xb3d
0x14cc	0x14c6B0xb92B0x532
0x14cd	0x14c6B0xb92B0x532
0x14d6	0x14d2
0x14e6	0x14dc
0x14ec	0x14dc
0x14f3	0x14dc
0x1519	0x14dc
0x1524	0x1523
0x1526	0x1523
0x1536	0x152c
0x153e	0x152c
0x1546	0x1543
0x154a	0x1543
0x154b	0x1543
0x154c	0x1543
0x1554	0x1551
0x1555	0x1551
0x155e	0x1551
0x1561	0x1551
0x1562	0x1551
0x1563	0x1551
0x1564	0x1551
0x1565	0x1551
0x157c	0x1572
0x1582	0x1572
0x1589	0x1572
0x15af	0x1572
0x15bd	0x1572
0x15ce	0x15c7
0x15cf	0x15c7
0x15d0	0x15c7
0x15d6	0x15d5
0x15d7	0x15d5
0x15db	0x15d5
0x15dd	0x15d5
0x15e3	0x15e2
0x15e4	0x15e2
0x15e5	0x15e2
0x15e8	0x15e2
0x15eb	0x15e2
0x15f1	0x15e2
0x15f2	0x15e2
0x15f3	0x15e2
0x15f9	0x15f8
0x15fa	0x15f8
0x15fb	0x15f8
0x15fc	0x15f8
0x15fd	0x15f8
0x15fe	0x15f8
0x15ff	0x15f8
0x1600	0x15f8
0x1625	0x15f8
0x1626	0x15f8
0x1627	0x15f8
0x1628	0x15f8
0x162f	0x15f8
0x1630	0x15f8
0x1631	0x15f8
0x1632	0x15f8
0x1633	0x15f8
0x1634	0x15f8
0x1635	0x15f8
0x163e	0x163a
0x163f	0x163a
0x1641	0x163a
0x1643	0x163a
0x1644	0x163a
0x1645	0x163a
0x1646	0x163a
0x1647	0x163a
0x1648	0x163a
0x1649	0x163a
0x164a	0x163a
0x1652	0x164cB0x1087B0x6d8
0x1654	0x164cB0x1087B0x6d8
0x1697	0x1694B0x117aB0x1203
0x1698	0x1694B0x117aB0x1203
0x169c	0x1694B0x117aB0x1203
0x16a3	0x1694B0x117aB0x1203
0x16ab	0x16aaB0x117aB0x1203
0x16af	0x16aaB0x117aB0x1203
0x16b0	0x16aaB0x117aB0x1203
0x16b2	0x16aaB0x117aB0x1203
0x16b6	0x16aaB0x117aB0x1203
0x16b7	0x16aaB0x117aB0x1203
0x16bb	0x16aaB0x117aB0x1203
0x16bc	0x16aaB0x117aB0x1203
0x16be	0x16aaB0x117aB0x1203
0x16bf	0x16aaB0x117aB0x1203
0x16c1	0x16aaB0x117aB0x1203
0x16c2	0x16aaB0x117aB0x1203
0x16c4	0x16aaB0x117aB0x1203
0x16c6	0x16aaB0x117aB0x1203
0x16c7	0x16aaB0x117aB0x1203
0x16c9	0x16aaB0x117aB0x1203
0x16ca	0x16aaB0x117aB0x1203
0x16cc	0x16aaB0x117aB0x1203
0x16cd	0x16aaB0x117aB0x1203
0x16d1	0x16aaB0x117aB0x1203
0x16d3	0x16aaB0x117aB0x1203
0x16d4	0x16aaB0x117aB0x1203
0x16d5	0x16aaB0x117aB0x1203
0x16dc	0x16dbB0x117aB0x1203
0x16e7	0x16e3B0x11c4
0x16e8	0x16e3B0x11c4
0x16f5	0x16f2B0x11c4
0x16fe	0x16faB0x11c4
0x170f	0x1705B0x11c4
0x1710	0x1705B0x11c4
0x1711	0x1705B0x11c4
0x1719	0x1716B0x11c4
0x171e	0x1716B0x11c4
0x171f	0x1716B0x11c4
0x1722	0x1716B0x11c4
0x1724	0x1716B0x11c4
0x1725	0x1716B0x11c4
0x1726	0x1716B0x11c4
0x172f	0x1716B0x11c4
0x1734	0x1716B0x11c4
0x1745	0x173cB0x11ceB0x2a6
0x1755	0x174bB0x11ceB0x2a6
0x175b	0x174bB0x11ceB0x2a6
0x1762	0x174bB0x11ceB0x2a6
0x1781	0x174bB0x11ceB0x2a6
0x178f	0x178b
0x1790	0x178b
0x179d	0x179b
0x179e	0x179b
0x17a4	0x179b
0x17a5	0x179b
0x17a9	0x179b
0x17aa	0x179b
0x17b4	0x179b
0x17b6	0x179b
0x17b7	0x179b
0x17b9	0x179b
0x17bb	0x179b
0x17bc	0x179b
0x17be	0x179b
0x17c4	0x179b
0x17c8	0x179b
0x17c9	0x179b
0x17ca	0x179b
0x17ec	0x179b
0x17ed	0x179b
0x17ef	0x179b
0x17f0	0x179b
0x17f8	0x17f2B0x1225
0x1801	0x17f2B0x1225
0x181c	0x1812B0x123d
0x1822	0x1812B0x123d
0x1829	0x1812B0x123d
0x1846	0x1812B0x123d
0x1855	0x1852B0x137c
0x1855	0x1852B0x15e2
0x1858	0x1852B0x137c
0x1858	0x1852B0x15e2
0x1863	0x1860B0x137c
0x1863	0x1860B0x15e2
0x1867	0x1860B0x137c
0x1867	0x1860B0x15e2
0x1869	0x1860B0x137c
0x1869	0x1860B0x15e2
0x186d	0x1860B0x137c
0x186d	0x1860B0x15e2
0x186e	0x1860B0x137c
0x186e	0x1860B0x15e2
0x1872	0x1860B0x137c
0x1872	0x1860B0x15e2
0x1874	0x1860B0x137c
0x1874	0x1860B0x15e2
0x1875	0x1860B0x137c
0x1875	0x1860B0x15e2
0x1877	0x1860B0x137c
0x1877	0x1860B0x15e2
0x1878	0x1860B0x137c
0x1878	0x1860B0x15e2
0x187a	0x1860B0x137c
0x187a	0x1860B0x15e2
0x187b	0x1860B0x137c
0x187b	0x1860B0x15e2
0x187c	0x1860B0x137c
0x187c	0x1860B0x15e2
0x1880	0x1860B0x137c
0x1880	0x1860B0x15e2
0x1882	0x1881B0x137c
0x1882	0x1881B0x15e2
0x1883	0x1881B0x137c
0x1883	0x1881B0x15e2
0x1890	0x188aB0x137c
0x1890	0x188aB0x15e2
0x1892	0x188aB0x137c
0x1892	0x188aB0x15e2
0x1894	0x188aB0x137c
0x1894	0x188aB0x15e2
0x189a	0x1899B0x137c
0x189a	0x1899B0x15e2
0x189b	0x1899B0x137c
0x189b	0x1899B0x15e2
0x189e	0x189dB0x137c
0x189e	0x189dB0x15e2
0x189f	0x189dB0x137c
0x189f	0x189dB0x15e2
0x18a0	0x189dB0x137c
0x18a0	0x189dB0x15e2
0x18a1	0x189dB0x137c
0x18a1	0x189dB0x15e2
0x18a2	0x189dB0x137c
0x18a2	0x189dB0x15e2
0x18b0	0x18afB0x137c
0x18b0	0x18afB0x15e2
0x18b1	0x18afB0x137c
0x18b1	0x18afB0x15e2
0x18b5	0x18afB0x137c
0x18b5	0x18afB0x15e2
0x18b7	0x18afB0x137c
0x18b7	0x18afB0x15e2
0x18bb	0x18afB0x137c
0x18bb	0x18afB0x15e2
0x18bc	0x18afB0x137c
0x18bc	0x18afB0x15e2
0x18c8	0x18c1B0x137c
0x18c8	0x18c1B0x15e2
0x18c9	0x18c1B0x137c
0x18c9	0x18c1B0x15e2
0x18ca	0x18c1B0x137c
0x18ca	0x18c1B0x15e2
0x18d3	0x18cfB0x137c
0x18d3	0x18cfB0x15e2
0x18d4	0x18cfB0x137c
0x18d4	0x18cfB0x15e2
0x18d5	0x18cfB0x137c
0x18d5	0x18cfB0x15e2
0x18d7	0x18cfB0x137c
0x18d7	0x18cfB0x15e2
0x18de	0x18cfB0x137c
0x18de	0x18cfB0x15e2
0x18e4	0x18e3B0x137c
0x18e4	0x18e3B0x15e2
0x18f1	0x18f0B0x137c
0x18f1	0x18f0B0x15e2
0x18f2	0x18f0B0x137c
0x18f2	0x18f0B0x15e2
0x18f6	0x18f0B0x137c
0x18f6	0x18f0B0x15e2
0x18fe	0x18fdB0x137c
0x18fe	0x18fdB0x15e2
0x18ff	0x18fdB0x137c
0x18ff	0x18fdB0x15e2
0x190d	0x190cB0x137c
0x190d	0x190cB0x15e2
0x190e	0x190cB0x137c
0x190e	0x190cB0x15e2
0x1912	0x190cB0x137c
0x1912	0x190cB0x15e2
0x1914	0x190cB0x137c
0x1914	0x190cB0x15e2
0x1918	0x190cB0x137c
0x1918	0x190cB0x15e2
0x1919	0x190cB0x137c
0x1919	0x190cB0x15e2
0x1925	0x191eB0x137c
0x1925	0x191eB0x15e2
0x1926	0x191eB0x137c
0x1926	0x191eB0x15e2
0x1927	0x191eB0x137c
0x1927	0x191eB0x15e2
0x1930	0x192cB0x137c
0x1930	0x192cB0x15e2
0x1931	0x192cB0x137c
0x1931	0x192cB0x15e2
0x1933	0x192cB0x137c
0x1933	0x192cB0x15e2
0x1936	0x1935B0x137c
0x1936	0x1935B0x15e2
0x1937	0x1935B0x137c
0x1937	0x1935B0x15e2
0x1938	0x1935B0x137c
0x1938	0x1935B0x15e2
0x193a	0x1935B0x137c
0x193a	0x1935B0x15e2
0x1950	0x1947B0x137c
0x1950	0x1947B0x15e2
0x1956	0x1955B0x137c
0x1956	0x1955B0x15e2
0x1957	0x1955B0x137c
0x1957	0x1955B0x15e2
0x1958	0x1955B0x137c
0x1958	0x1955B0x15e2
0x1959	0x1955B0x137c
0x1959	0x1955B0x15e2
0x195a	0x1955B0x137c
0x195a	0x1955B0x15e2
0x195b	0x1955B0x137c
0x195b	0x1955B0x15e2
0x195c	0x1955B0x137c
0x195c	0x1955B0x15e2
0x195d	0x1955B0x137c
0x195d	0x1955B0x15e2
0x195e	0x1955B0x137c
0x195e	0x1955B0x15e2
0x195f	0x1955B0x137c
0x195f	0x1955B0x15e2
0x1960	0x1955B0x137c
0x1960	0x1955B0x15e2
0x1963	0x1955B0x137c
0x1963	0x1955B0x15e2
0x1966	0x1955B0x137c
0x1966	0x1955B0x15e2
0x1977	0x1974B0x137c
0x1977	0x1974B0x15e2
0x1978	0x1974B0x137c
0x1978	0x1974B0x15e2
0x1979	0x1974B0x137c
0x1979	0x1974B0x15e2
0x197a	0x1974B0x137c
0x197a	0x1974B0x15e2
0x197b	0x1974B0x137c
0x197b	0x1974B0x15e2
0x1989	0x1988B0x137c
0x1989	0x1988B0x15e2
0x198a	0x1988B0x137c
0x198a	0x1988B0x15e2
0x198e	0x1988B0x137c
0x198e	0x1988B0x15e2
0x1990	0x1988B0x137c
0x1990	0x1988B0x15e2
0x1994	0x1988B0x137c
0x1994	0x1988B0x15e2
0x1995	0x1988B0x137c
0x1995	0x1988B0x15e2
0x19a4	0x199aB0x137c
0x19a4	0x199aB0x15e2
0x19a5	0x199aB0x137c
0x19a5	0x199aB0x15e2
0x19a6	0x199aB0x137c
0x19a6	0x199aB0x15e2
0x19b1	0x19abB0x137c
0x19b1	0x19abB0x15e2
0x19b2	0x19abB0x137c
0x19b2	0x19abB0x15e2
0x19b5	0x19abB0x137c
0x19b5	0x19abB0x15e2
0x19b7	0x19abB0x137c
0x19b7	0x19abB0x15e2
0x19bb	0x19abB0x137c
0x19bb	0x19abB0x15e2
0x19ca	0x19c0B0x137c
0x19ca	0x19c0B0x15e2
0x19d2	0x19c0B0x137c
0x19d2	0x19c0B0x15e2
0x19d3	0x19c0B0x137c
0x19d3	0x19c0B0x15e2
0x19d9	0x19d8B0x137c
0x19d9	0x19d8B0x15e2
0x19da	0x19d8B0x137c
0x19da	0x19d8B0x15e2
0x19db	0x19d8B0x137c
0x19db	0x19d8B0x15e2
0x19dc	0x19d8B0x137c
0x19dc	0x19d8B0x15e2
0x19df	0x19d8B0x137c
0x19df	0x19d8B0x15e2
0x19e2	0x19d8B0x137c
0x19e2	0x19d8B0x15e2
0x19fe	0x19f6B0x137c
0x19fe	0x19f6B0x15e2
0x1a07	0x1a05B0x137c
0x1a07	0x1a05B0x15e2
0x1a14	0x1a05B0x137c
0x1a14	0x1a05B0x15e2
0x1a1e	0x1a05B0x137c
0x1a1e	0x1a05B0x15e2
0x1a20	0x1a05B0x137c
0x1a20	0x1a05B0x15e2
0x1a21	0x1a05B0x137c
0x1a21	0x1a05B0x15e2
0x1a23	0x1a05B0x137c
0x1a23	0x1a05B0x15e2
0x1a24	0x1a05B0x137c
0x1a24	0x1a05B0x15e2
0x1a25	0x1a05B0x137c
0x1a25	0x1a05B0x15e2
0x1a29	0x1a05B0x137c
0x1a29	0x1a05B0x15e2
0x1a32	0x1a05B0x137c
0x1a32	0x1a05B0x15e2
0x1a33	0x1a05B0x137c
0x1a33	0x1a05B0x15e2
0x1a35	0x1a05B0x137c
0x1a35	0x1a05B0x15e2
0x1a3b	0x1a05B0x137c
0x1a3b	0x1a05B0x15e2
0x1a44	0x1a05B0x137c
0x1a44	0x1a05B0x15e2
0x1a45	0x1a05B0x137c
0x1a45	0x1a05B0x15e2
0x1a47	0x1a05B0x137c
0x1a47	0x1a05B0x15e2
0x1a48	0x1a05B0x137c
0x1a48	0x1a05B0x15e2
0x1a4c	0x1a05B0x137c
0x1a4c	0x1a05B0x15e2
0x1a55	0x1a52B0x137c
0x1a55	0x1a52B0x15e2
0x1a5c	0x1a5bB0x137c
0x1a5c	0x1a5bB0x15e2
0x1a5d	0x1a5bB0x137c
0x1a5d	0x1a5bB0x15e2
0x1a5e	0x1a5bB0x137c
0x1a5e	0x1a5bB0x15e2
0x1a5f	0x1a5bB0x137c
0x1a5f	0x1a5bB0x15e2
0x1a69	0x1a5bB0x137c
0x1a69	0x1a5bB0x15e2
0x1a6c	0x1a5bB0x137c
0x1a6c	0x1a5bB0x15e2
0x1a6e	0x1a5bB0x137c
0x1a6e	0x1a5bB0x15e2
0x1a72	0x1a5bB0x137c
0x1a72	0x1a5bB0x15e2
0x1a73	0x1a5bB0x137c
0x1a73	0x1a5bB0x15e2
0x1a75	0x1a5bB0x137c
0x1a75	0x1a5bB0x15e2
0x1a79	0x1a5bB0x137c
0x1a79	0x1a5bB0x15e2
0x1a7a	0x1a5bB0x137c
0x1a7a	0x1a5bB0x15e2
0x1a80	0x1a7fB0x137c
0x1a80	0x1a7fB0x15e2
0x1a81	0x1a7fB0x137c
0x1a81	0x1a7fB0x15e2
0x1a85	0x1a7fB0x137c
0x1a85	0x1a7fB0x15e2
0x1a86	0x1a7fB0x137c
0x1a86	0x1a7fB0x15e2
0x1a8c	0x1a8bB0x137c
0x1a8c	0x1a8bB0x15e2
0x1a8d	0x1a8bB0x137c
0x1a8d	0x1a8bB0x15e2
0x1a8e	0x1a8bB0x137c
0x1a8e	0x1a8bB0x15e2
0x1a98	0x1a97B0x137c
0x1a98	0x1a97B0x15e2
0x1a99	0x1a97B0x137c
0x1a99	0x1a97B0x15e2
0x1a9a	0x1a97B0x137c
0x1a9a	0x1a97B0x15e2
0x1a9c	0x1a97B0x137c
0x1a9c	0x1a97B0x15e2
0x1ab1	0x1aa9B0x137c
0x1ab1	0x1aa9B0x15e2
0x1ab2	0x1aa9B0x137c
0x1ab2	0x1aa9B0x15e2
0x1ab4	0x1aa9B0x137c
0x1ab4	0x1aa9B0x15e2
0x1ac0	0x1ab5B0x137c
0x1ac0	0x1ab5B0x15e2
0x1ac1	0x1ab5B0x137c
0x1ac1	0x1ab5B0x15e2
0x1ac2	0x1ab5B0x137c
0x1ac2	0x1ab5B0x15e2
0x1ac3	0x1ab5B0x137c
0x1ac3	0x1ab5B0x15e2
0x1ac4	0x1ab5B0x137c
0x1ac4	0x1ab5B0x15e2
0x1ace	0x1ab5B0x137c
0x1ace	0x1ab5B0x15e2
0x1acf	0x1ab5B0x137c
0x1acf	0x1ab5B0x15e2
0x1ad0	0x1ab5B0x137c
0x1ad0	0x1ab5B0x15e2
0x1ad1	0x1ab5B0x137c
0x1ad1	0x1ab5B0x15e2
0x1ad2	0x1ab5B0x137c
0x1ad2	0x1ab5B0x15e2
0x1ad3	0x1ab5B0x137c
0x1ad3	0x1ab5B0x15e2
0x1adb	0x1ad8B0x137c
0x1adb	0x1ad8B0x15e2
0x1ae0	0x1ad8B0x137c
0x1ae0	0x1ad8B0x15e2
0x1ae1	0x1ad8B0x137c
0x1ae1	0x1ad8B0x15e2
0x1ae4	0x1ad8B0x137c
0x1ae4	0x1ad8B0x15e2
0x1ae6	0x1ad8B0x137c
0x1ae6	0x1ad8B0x15e2
0x1ae7	0x1ad8B0x137c
0x1ae7	0x1ad8B0x15e2
0x1aeb	0x1ad8B0x137c
0x1aeb	0x1ad8B0x15e2
0x1aec	0x1ad8B0x137c
0x1aec	0x1ad8B0x15e2
0x1aee	0x1ad8B0x137c
0x1aee	0x1ad8B0x15e2
0x1b02	0x1ad8B0x137c
0x1b02	0x1ad8B0x15e2
0x1b03	0x1ad8B0x137c
0x1b03	0x1ad8B0x15e2
0x1b05	0x1ad8B0x137c
0x1b05	0x1ad8B0x15e2
0x1b06	0x1ad8B0x137c
0x1b06	0x1ad8B0x15e2
0x1b07	0x1ad8B0x137c
0x1b07	0x1ad8B0x15e2
0x1b09	0x1ad8B0x137c
0x1b09	0x1ad8B0x15e2
0x1b0a	0x1ad8B0x137c
0x1b0a	0x1ad8B0x15e2
0x1b0e	0x1ad8B0x137c
0x1b0e	0x1ad8B0x15e2
0x1b10	0x1ad8B0x137c
0x1b10	0x1ad8B0x15e2
0x1b1a	0x1ad8B0x137c
0x1b1a	0x1ad8B0x15e2
0x1b1c	0x1ad8B0x137c
0x1b1c	0x1ad8B0x15e2
0x1b1e	0x1ad8B0x137c
0x1b1e	0x1ad8B0x15e2
0x1b1f	0x1ad8B0x137c
0x1b1f	0x1ad8B0x15e2
0x1b20	0x1ad8B0x137c
0x1b20	0x1ad8B0x15e2
0x1b23	0x1ad8B0x137c
0x1b23	0x1ad8B0x15e2
0x1b2c	0x1ad8B0x137c
0x1b2c	0x1ad8B0x15e2
0x1b2d	0x1ad8B0x137c
0x1b2d	0x1ad8B0x15e2
0x1b2f	0x1ad8B0x137c
0x1b2f	0x1ad8B0x15e2
0x1b35	0x1ad8B0x137c
0x1b35	0x1ad8B0x15e2
0x1b36	0x1ad8B0x137c
0x1b36	0x1ad8B0x15e2
0x1b37	0x1ad8B0x137c
0x1b37	0x1ad8B0x15e2
0x1b39	0x1ad8B0x137c
0x1b39	0x1ad8B0x15e2
0x1b3a	0x1ad8B0x137c
0x1b3a	0x1ad8B0x15e2
0x1b3b	0x1ad8B0x137c
0x1b3b	0x1ad8B0x15e2
0x1b3c	0x1ad8B0x137c
0x1b3c	0x1ad8B0x15e2
0x1b3f	0x1ad8B0x137c
0x1b3f	0x1ad8B0x15e2
0x1b40	0x1ad8B0x137c
0x1b40	0x1ad8B0x15e2
0x1b44	0x1ad8B0x137c
0x1b44	0x1ad8B0x15e2
0x1b4d	0x1b4aB0x137c
0x1b4d	0x1b4aB0x15e2
0x1b54	0x1b53B0x137c
0x1b54	0x1b53B0x15e2
0x1b55	0x1b53B0x137c
0x1b55	0x1b53B0x15e2
0x1b56	0x1b53B0x137c
0x1b56	0x1b53B0x15e2
0x1b57	0x1b53B0x137c
0x1b57	0x1b53B0x15e2
0x1b61	0x1b53B0x137c
0x1b61	0x1b53B0x15e2
0x1b64	0x1b53B0x137c
0x1b64	0x1b53B0x15e2
0x1b66	0x1b53B0x137c
0x1b66	0x1b53B0x15e2
0x1b6a	0x1b53B0x137c
0x1b6a	0x1b53B0x15e2
0x1b6b	0x1b53B0x137c
0x1b6b	0x1b53B0x15e2
0x1b6d	0x1b53B0x137c
0x1b6d	0x1b53B0x15e2
0x1b71	0x1b53B0x137c
0x1b71	0x1b53B0x15e2
0x1b72	0x1b53B0x137c
0x1b72	0x1b53B0x15e2
0x1b83	0x1b77B0x137c
0x1b83	0x1b77B0x15e2
0x1b85	0x1b77B0x137c
0x1b85	0x1b77B0x15e2
0x1b86	0x1b77B0x137c
0x1b86	0x1b77B0x15e2
0x1b87	0x1b77B0x137c
0x1b87	0x1b77B0x15e2
0x1b90	0x1b77B0x137c
0x1b90	0x1b77B0x15e2
0x1b92	0x1b77B0x137c
0x1b92	0x1b77B0x15e2
0x1b98	0x1b77B0x137c
0x1b98	0x1b77B0x15e2
0x1b9c	0x1b77B0x137c
0x1b9c	0x1b77B0x15e2
0x1b9d	0x1b77B0x137c
0x1b9d	0x1b77B0x15e2
0x1b9e	0x1b77B0x137c
0x1b9e	0x1b77B0x15e2
0x1b9f	0x1b77B0x137c
0x1b9f	0x1b77B0x15e2
0x1ba0	0x1b77B0x137c
0x1ba0	0x1b77B0x15e2
0x1ba1	0x1b77B0x137c
0x1ba1	0x1b77B0x15e2
0x1ba2	0x1b77B0x137c
0x1ba2	0x1b77B0x15e2
0x1ba5	0x1b77B0x137c
0x1ba5	0x1b77B0x15e2
0x1bb3	0x1badB0x137c
0x1bb3	0x1badB0x15e2
0x1bb4	0x1badB0x137c
0x1bb4	0x1badB0x15e2
0x1bb6	0x1badB0x137c
0x1bb6	0x1badB0x15e2
0x1bb9	0x1badB0x137c
0x1bb9	0x1badB0x15e2
0x1bba	0x1badB0x137c
0x1bba	0x1badB0x15e2
0x1bbd	0x1badB0x137c
0x1bbd	0x1badB0x15e2
0x1bc5	0x1bc3B0x137c
0x1bc5	0x1bc3B0x15e2
0x1bc8	0x1bc7B0x137c
0x1bc8	0x1bc7B0x15e2
0x1bcc	0x1bc7B0x137c
0x1bcc	0x1bc7B0x15e2
0x1bd5	0x1bd2B0x137c
0x1bd5	0x1bd2B0x15e2
0x1bdc	0x1bdbB0x137c
0x1bdc	0x1bdbB0x15e2
0x1bdd	0x1bdbB0x137c
0x1bdd	0x1bdbB0x15e2
0x1bde	0x1bdbB0x137c
0x1bde	0x1bdbB0x15e2
0x1bdf	0x1bdbB0x137c
0x1bdf	0x1bdbB0x15e2
0x1be0	0x1bdbB0x137c
0x1be0	0x1bdbB0x15e2
0x1be1	0x1bdbB0x137c
0x1be1	0x1bdbB0x15e2
0x1be2	0x1bdbB0x137c
0x1be2	0x1bdbB0x15e2
0x1be4	0x1bdbB0x137c
0x1be4	0x1bdbB0x15e2
0x1bfe	0x1bf1B0x137c
0x1bfe	0x1bf1B0x15e2
0x1bff	0x1bf1B0x137c
0x1bff	0x1bf1B0x15e2
0x1c04	0x1bf1B0x137c
0x1c04	0x1bf1B0x15e2
0x1c05	0x1bf1B0x137c
0x1c05	0x1bf1B0x15e2
0x1c0d	0x1bf1B0x137c
0x1c0d	0x1bf1B0x15e2
0x1c0e	0x1bf1B0x137c
0x1c0e	0x1bf1B0x15e2
0x1c12	0x1bf1B0x137c
0x1c12	0x1bf1B0x15e2
0x1c13	0x1bf1B0x137c
0x1c13	0x1bf1B0x15e2
0x1c19	0x1c18B0x137c
0x1c19	0x1c18B0x15e2
0x1c1a	0x1c18B0x137c
0x1c1a	0x1c18B0x15e2
0x1c1b	0x1c18B0x137c
0x1c1b	0x1c18B0x15e2
0x1c1c	0x1c18B0x137c
0x1c1c	0x1c18B0x15e2
0x1c25	0x1c21B0x137c
0x1c25	0x1c21B0x15e2
0x1c2b	0x1c2aB0x137c
0x1c2b	0x1c2aB0x15e2
0x1c2c	0x1c2aB0x137c
0x1c2c	0x1c2aB0x15e2
0x1c55	0x1c4bB0x13e5
0x1c55	0x1c4bB0x1852B0x137c
0x1c55	0x1c4bB0x1852B0x15e2
0x1c5b	0x1c4bB0x13e5
0x1c5b	0x1c4bB0x1852B0x137c
0x1c5b	0x1c4bB0x1852B0x15e2
0x1c62	0x1c4bB0x13e5
0x1c62	0x1c4bB0x1852B0x137c
0x1c62	0x1c4bB0x1852B0x15e2
0x1c7b	0x1c4bB0x13e5
0x1c7b	0x1c4bB0x1852B0x137c
0x1c7b	0x1c4bB0x1852B0x15e2
0x1c8d	0x1c85B0xb09
0x1c8d	0x1c85B0xb3d
0x1c95	0x1c92B0xb09
0x1c95	0x1c92B0xb3d
0x1c99	0x1c92B0xb09
0x1c99	0x1c92B0xb3d
0x1c9a	0x1c92B0xb09
0x1c9a	0x1c92B0xb3d
0x1c9c	0x1c92B0xb09
0x1c9c	0x1c92B0xb3d
0x1c9d	0x1c92B0xb09
0x1c9d	0x1c92B0xb3d
0x1c9f	0x1c92B0xb09
0x1c9f	0x1c92B0xb3d
0x1ca0	0x1c92B0xb09
0x1ca0	0x1c92B0xb3d
0x1ca2	0x1c92B0xb09
0x1ca2	0x1c92B0xb3d
0x1ca3	0x1c92B0xb09
0x1ca3	0x1c92B0xb3d
0x1ca4	0x1c92B0xb09
0x1ca4	0x1c92B0xb3d
0x1ca7	0x1c92B0xb09
0x1ca7	0x1c92B0xb3d
0x1ca8	0x1c92B0xb09
0x1ca8	0x1c92B0xb3d
0x1cab	0x1c92B0xb09
0x1cab	0x1c92B0xb3d
0x1cad	0x1c92B0xb09
0x1cad	0x1c92B0xb3d
0x1cae	0x1c92B0xb09
0x1cae	0x1c92B0xb3d
0x1cb0	0x1c92B0xb09
0x1cb0	0x1c92B0xb3d
0x1cb2	0x1c92B0xb09
0x1cb2	0x1c92B0xb3d
0x1cb3	0x1c92B0xb09
0x1cb3	0x1c92B0xb3d
0x1cb4	0x1c92B0xb09
0x1cb4	0x1c92B0xb3d
0x1cb5	0x1c92B0xb09
0x1cb5	0x1c92B0xb3d
0x1cb6	0x1c92B0xb09
0x1cb6	0x1c92B0xb3d
0x1cb8	0x1c92B0xb09
0x1cb8	0x1c92B0xb3d
0x1cbb	0x1c92B0xb09
0x1cbb	0x1c92B0xb3d
0x1cbd	0x1c92B0xb09
0x1cbd	0x1c92B0xb3d
0x1cbe	0x1c92B0xb09
0x1cbe	0x1c92B0xb3d
0x1cbf	0x1c92B0xb09
0x1cbf	0x1c92B0xb3d
0x1cc1	0x1c92B0xb09
0x1cc1	0x1c92B0xb3d
0x1cc2	0x1c92B0xb09
0x1cc2	0x1c92B0xb3d
0x1cc7	0x1cc4B0xb92B0x532
0x1ccb	0x1cc4B0xb92B0x532
0x1ccc	0x1cc4B0xb92B0x532
0x1cce	0x1cc4B0xb92B0x532
0x1cdc	0x1cdbB0xb92B0x532
0x1ce7	0x1cdbB0xb92B0x532
0x1ce8	0x1cdbB0xb92B0x532
0x1ce9	0x1cdbB0xb92B0x532
0x1cea	0x1cdbB0xb92B0x532
0x1ceb	0x1cdbB0xb92B0x532
0x1cec	0x1cdbB0xb92B0x532
0x1cf3	0x1cee
0x1cf7	0x1cf6
0x1cf8	0x1cf6
0x1d00	0x1cff
0x1d01	0x1cff
0x1d02	0x1cff
0x1d03	0x1cff
0x1d04	0x1cff
0x1d12	0x1d11
0x1d13	0x1d11
0x1d17	0x1d11
0x1d19	0x1d11
0x1d1d	0x1d11
0x1d1e	0x1d11
0x1d2d	0x1d23
0x1d2e	0x1d23
0x1d2f	0x1d23
0x1d30	0x1d23
0x1d3b	0x1d35
0x1d3c	0x1d35
0x1d3f	0x1d35
0x1d41	0x1d35
0x1d45	0x1d35
0x1d46	0x1d35
0x1d47	0x1d35
0x1d48	0x1d35
0x1d49	0x1d35
0x1d4a	0x1d35
0x1d4c	0x1d35
0x1d6b	0x1d59
0x1d6c	0x1d59
0x1d6d	0x1d59
0x1d78	0x1d72
0x1d79	0x1d72
0x1d7c	0x1d72
0x1d7e	0x1d72
0x1d82	0x1d72
0x1d83	0x1d72
0x1d84	0x1d72
0x1d88	0x1d72
0x1d8e	0x1d8d
0x1d8f	0x1d8d
0x1d95	0x1d94
0x1d96	0x1d94
0x1d9a	0x1d94
0x1d9b	0x1d94
0x1d9e	0x1d94
0x1d9f	0x1d94
0x1da0	0x1d94
0x1da1	0x1d94
0x1da2	0x1d94
0x1da3	0x1d94
0x1da4	0x1d94
0x1da5	0x1d94
0x1daa	0x1da7B0x15c7
0x1dae	0x1da7B0x15c7
0x1db4	0x1db3B0x15c7
0x1db5	0x1db3B0x15c7
0x1dd9	0x1db3B0x15c7
0x1dda	0x1db3B0x15c7
0x1ddb	0x1db3B0x15c7
0x1ddc	0x1db3B0x15c7
0x1ddd	0x1db3B0x15c7
0x1de2	0x1db3B0x15c7
0x1df0	0x1db3B0x15c7
0x1df1	0x1db3B0x15c7
0x1df2	0x1db3B0x15c7
0x1df3	0x1db3B0x15c7
0x1df4	0x1db3B0x15c7
0x1df5	0x1db3B0x15c7
0x1df6	0x1db3B0x15c7
0x1df7	0x1db3B0x15c7
0x1e02	0x1dfcB0x15c7
0x1e03	0x1dfcB0x15c7
0x1e06	0x1dfcB0x15c7
0x1e08	0x1dfcB0x15c7
0x1e0c	0x1dfcB0x15c7
0x1e0e	0x1dfcB0x15c7
0x1e13	0x1dfcB0x15c7
0x1e14	0x1dfcB0x15c7
0x1e1d	0x1dfcB0x15c7
0x1e46	0x1e22B0x15c7
0x1e47	0x1e22B0x15c7
0x1e4b	0x1e22B0x15c7
0x1e4c	0x1e22B0x15c7
0x1e4d	0x1e22B0x15c7
0x1e51	0x1e22B0x15c7
0x1e53	0x1e22B0x15c7
0x1e56	0x1e55B0x15c7
0x1e57	0x1e55B0x15c7
0x1e5b	0x1e55B0x15c7
0x1e61	0x1e55B0x15c7
0x1e65	0x1e55B0x15c7
0x1e6c	0x1e6bB0x15c7
0x1e71	0x1e6bB0x15c7
0x1e7b	0x1e7aB0x15c7
0x1e7c	0x1e7aB0x15c7
0x1e7d	0x1e7aB0x15c7
0x1e93	0x1e89B0x15c7
0x1e99	0x1e89B0x15c7
0x1ea0	0x1e89B0x15c7
0x1ebd	0x1e89B0x15c7
0x1eec	0x1ec7B0x15c7
0x1f00	0x1ef6B0x15c7
0x1f06	0x1ef6B0x15c7
0x1f0d	0x1ef6B0x15c7
0x1f33	0x1ef6B0x15c7
0x1f45	0x1ef6B0x15c7
0x1f50	0x1f4fB0x15c7
0x1f51	0x1f4fB0x15c7
0x1f52	0x1f4fB0x15c7
0x1f53	0x1f4fB0x15c7
0x1f54	0x1f4fB0x15c7
0x1f55	0x1f4fB0x15c7
0x1f56	0x1f4fB0x15c7
0x1f57	0x1f4fB0x15c7
0x1f58	0x1f4fB0x15c7
0x1f5b	0x1f5a
0x1f6d	0x1f63
0x1f73	0x1f63
0x1f7a	0x1f63
0x1f99	0x1f63
0x1fa6	0x1fa3
0x1fb0	0x1fa3
0x1fb9	0x1fa3
0x1fba	0x1fa3
0x1fbc	0x1fa3
0x1fbd	0x1fa3
0x1fbe	0x1fa3
0x1fc1	0x1fa3
0x1fc2	0x1fa3
0x1fc3	0x1fa3
0x1fc4	0x1fa3
0x1fc6	0x1fa3
0x1fc9	0x1fa3
0x1fd2	0x1fcf
0x1fd3	0x1fcf
0x1fdc	0x1fcf
0x1fe2	0x1fcf
0x1fe9	0x1fcf
0x1ff3	0x1ff0
0x1ff4	0x1ff0
0x1ff6	0x1ff5
0x1ff7	0x1ff5
0x1ff8	0x1ff5
0x1ff9	0x1ff5
0x1ffa	0x1ff5
0x2009	0x1fff
0x200f	0x1fff
0x2016	0x1fff
0x203c	0x1fff
0x2049	0x2046
0x2053	0x2046
0x2055	0x2046
0x2059	0x2046
0x205b	0x2046
0x205c	0x2046
0x205f	0x2046
0x2081	0x2046
0x2086	0x2046
0x2087	0x2046
0x2089	0x2046
0x208b	0x2046
0x208c	0x2046
0x208d	0x2046
0x209d	0x208fB0x16f2B0x11c4
0x20a9	0x20a1
0x20b4	0x20b0
0x20c4	0x20bb
0x20d6	0x20d2
0x20d7	0x20d2
0x20d8	0x20d2
0x20da	0x20d2
0x20e5	0x20d2
0x20ea	0x20d2
0x20f2	0x20f0
0x20f4	0x20f0
0x20f5	0x20f0
0x20f7	0x20f0
0x20fa	0x20f0
0x20fb	0x20f0
0x20fd	0x20fc
0x20fe	0x20fc
0x20ff	0x20fc
0x2105	0x20fc
0x2108	0x20fc
0x210a	0x20fc
0x211c	0x2117
0x2127	0x2117
0x2128	0x2117
0x212c	0x2117
0x212e	0x2117
0x2134	0x2117
0x2137	0x2117
0x2139	0x2117
0x214b	0x2146
0x2156	0x2146
0x2157	0x2146
0x215b	0x2146
0x215d	0x2146
0x2163	0x2146
0x216e	0x216a
0x2176	0x2175
0x2177	0x2175
0x217b	0x2178
0x2196	0x2182
0x219c	0x2182
0x21ae	0x21a9
0x21af	0x21a9
0x21b0	0x21a9
0x21b2	0x21a9
0x21c4	0x21bf
0x21cf	0x21bf
0x21d0	0x21bf
0x21d4	0x21bf
0x21d6	0x21bf
0x21d9	0x21bf
0x21da	0x21bf
0x21db	0x21bf
0x21dd	0x21bf
0x21e1	0x21bf
0x21e7	0x21e6
0x21e8	0x21e6
0x21ee	0x21ed
0x21ef	0x21ed
0x21ff	0x21f5
0x2205	0x21f5
0x2207	0x21f5
0x2208	0x21f5
0x220c	0x21f5
0x2232	0x21f5
0x223f	0x223cB0x17f2B0x1225
0x2240	0x223cB0x17f2B0x1225
0x2244	0x223cB0x17f2B0x1225
0x224b	0x223cB0x17f2B0x1225
0x224e	0x223cB0x17f2B0x1225
0x225b	0x2254B0x17f2B0x1225
0x2261	0x2260B0x17f2B0x1225
0x2263	0x2260B0x17f2B0x1225
0x2264	0x2260B0x17f2B0x1225
0x2265	0x2260B0x17f2B0x1225
0x2268	0x2260B0x17f2B0x1225
0x226c	0x2260B0x17f2B0x1225
0x226f	0x2260B0x17f2B0x1225
0x2275	0x2274B0x17f2B0x1225
0x2276	0x2274B0x17f2B0x1225
0x2277	0x2274B0x17f2B0x1225
0x2278	0x2274B0x17f2B0x1225
0x2280	0x227eB0x17f2B0x1225
0x2284	0x227eB0x17f2B0x1225
0x2285	0x227eB0x17f2B0x1225
0x2287	0x227eB0x17f2B0x1225
0x2295	0x2294B0x17f2B0x1225
0x22a0	0x2294B0x17f2B0x1225
0x22a1	0x2294B0x17f2B0x1225
0x22a2	0x2294B0x17f2B0x1225
0x22a3	0x2294B0x17f2B0x1225
0x22a7	0x2294B0x17f2B0x1225
0x22a8	0x2294B0x17f2B0x1225
0x22aa	0x2294B0x17f2B0x1225
0x22ba	0x22b7B0x17f2B0x1225
0x22bb	0x22b7B0x17f2B0x1225
0x22bf	0x22b7B0x17f2B0x1225
0x22c0	0x22b7B0x17f2B0x1225
0x22c2	0x22b7B0x17f2B0x1225
0x22c3	0x22b7B0x17f2B0x1225
0x22c5	0x22b7B0x17f2B0x1225
0x22c6	0x22b7B0x17f2B0x1225
0x22c7	0x22b7B0x17f2B0x1225
0x22c9	0x22b7B0x17f2B0x1225
0x22ca	0x22b7B0x17f2B0x1225
0x22ce	0x22b7B0x17f2B0x1225
0x22d0	0x22b7B0x17f2B0x1225
0x22d4	0x22b7B0x17f2B0x1225
0x22d6	0x22b7B0x17f2B0x1225
0x22d7	0x22b7B0x17f2B0x1225
0x22da	0x22d9B0x17f2B0x1225
0x22dc	0x22d9B0x17f2B0x1225
0x22dd	0x22d9B0x17f2B0x1225
0x22de	0x22d9B0x17f2B0x1225
0x2328	0x2325B0x17f2B0x1225
0x2329	0x2325B0x17f2B0x1225
0x232a	0x2325B0x17f2B0x1225
0x2332	0x232fB0x137c
0x2332	0x232fB0x15e2
0x2336	0x232fB0x137c
0x2336	0x232fB0x15e2
0x2337	0x232fB0x137c
0x2337	0x232fB0x15e2
0x2339	0x232fB0x137c
0x2339	0x232fB0x15e2
0x233d	0x232fB0x137c
0x233d	0x232fB0x15e2
0x233e	0x232fB0x137c
0x233e	0x232fB0x15e2
0x2342	0x232fB0x137c
0x2342	0x232fB0x15e2
0x2344	0x232fB0x137c
0x2344	0x232fB0x15e2
0x2345	0x232fB0x137c
0x2345	0x232fB0x15e2
0x2347	0x232fB0x137c
0x2347	0x232fB0x15e2
0x2348	0x232fB0x137c
0x2348	0x232fB0x15e2
0x234a	0x232fB0x137c
0x234a	0x232fB0x15e2
0x234b	0x232fB0x137c
0x234b	0x232fB0x15e2
0x234d	0x232fB0x137c
0x234d	0x232fB0x15e2
0x2353	0x232fB0x137c
0x2353	0x232fB0x15e2
0x2354	0x232fB0x137c
0x2354	0x232fB0x15e2
0x2355	0x232fB0x137c
0x2355	0x232fB0x15e2
0x2356	0x232fB0x137c
0x2356	0x232fB0x15e2
0x2357	0x232fB0x137c
0x2357	0x232fB0x15e2
0x235d	0x235cB0x137c
0x235d	0x235cB0x15e2
0x235e	0x235cB0x137c
0x235e	0x235cB0x15e2
0x235f	0x235cB0x137c
0x235f	0x235cB0x15e2
0x2360	0x235cB0x137c
0x2360	0x235cB0x15e2
0x2361	0x235cB0x137c
0x2361	0x235cB0x15e2
0x2362	0x235cB0x137c
0x2362	0x235cB0x15e2
0x2363	0x235cB0x137c
0x2363	0x235cB0x15e2
0x2364	0x235cB0x137c
0x2364	0x235cB0x15e2
0x2365	0x235cB0x137c
0x2365	0x235cB0x15e2
0x2366	0x235cB0x137c
0x2366	0x235cB0x15e2
0x2369	0x235cB0x137c
0x2369	0x235cB0x15e2
0x236c	0x235cB0x137c
0x236c	0x235cB0x15e2
0x238b	0x2380B0x137c
0x238b	0x2380B0x15e2
0x2390	0x2380B0x137c
0x2390	0x2380B0x15e2
0x2391	0x2380B0x137c
0x2391	0x2380B0x15e2
0x2392	0x2380B0x137c
0x2392	0x2380B0x15e2
0x239b	0x2380B0x137c
0x239b	0x2380B0x15e2
0x239c	0x2380B0x137c
0x239c	0x2380B0x15e2
0x239f	0x2380B0x137c
0x239f	0x2380B0x15e2
0x23a1	0x2380B0x137c
0x23a1	0x2380B0x15e2
0x23a5	0x2380B0x137c
0x23a5	0x2380B0x15e2
0x23a7	0x2380B0x137c
0x23a7	0x2380B0x15e2
0x23b3	0x23b1B0x137c
0x23b3	0x23b1B0x15e2
0x23b4	0x23b1B0x137c
0x23b4	0x23b1B0x15e2
0x23b8	0x23b1B0x137c
0x23b8	0x23b1B0x15e2
0x23ba	0x23b1B0x137c
0x23ba	0x23b1B0x15e2
0x23bc	0x23b1B0x137c
0x23bc	0x23b1B0x15e2
0x23c0	0x23b1B0x137c
0x23c0	0x23b1B0x15e2
0x23c1	0x23b1B0x137c
0x23c1	0x23b1B0x15e2
0x23c7	0x23c6B0x137c
0x23c7	0x23c6B0x15e2
0x23c8	0x23c6B0x137c
0x23c8	0x23c6B0x15e2
0x23ce	0x23c6B0x137c
0x23ce	0x23c6B0x15e2
0x23d8	0x23d7B0x137c
0x23d8	0x23d7B0x15e2
0x23d9	0x23d7B0x137c
0x23d9	0x23d7B0x15e2
0x23dd	0x23d7B0x137c
0x23dd	0x23d7B0x15e2
0x23e2	0x23d7B0x137c
0x23e2	0x23d7B0x15e2
0x23e7	0x23d7B0x137c
0x23e7	0x23d7B0x15e2
0x23ec	0x23d7B0x137c
0x23ec	0x23d7B0x15e2
0x23fa	0x23f1B0x137c
0x23fa	0x23f1B0x15e2
0x23fb	0x23f1B0x137c
0x23fb	0x23f1B0x15e2
0x23ff	0x23f1B0x137c
0x23ff	0x23f1B0x15e2
0x2401	0x23f1B0x137c
0x2401	0x23f1B0x15e2
0x2402	0x23f1B0x137c
0x2402	0x23f1B0x15e2
0x2404	0x23f1B0x137c
0x2404	0x23f1B0x15e2
0x2408	0x23f1B0x137c
0x2408	0x23f1B0x15e2
0x240d	0x23f1B0x137c
0x240d	0x23f1B0x15e2
0x240f	0x23f1B0x137c
0x240f	0x23f1B0x15e2
0x2410	0x23f1B0x137c
0x2410	0x23f1B0x15e2
0x2411	0x23f1B0x137c
0x2411	0x23f1B0x15e2
0x2415	0x23f1B0x137c
0x2415	0x23f1B0x15e2
0x241b	0x23f1B0x137c
0x241b	0x23f1B0x15e2
0x241d	0x23f1B0x137c
0x241d	0x23f1B0x15e2
0x242e	0x2422B0x137c
0x242e	0x2422B0x15e2
0x2431	0x2422B0x137c
0x2431	0x2422B0x15e2
0x2435	0x2422B0x137c
0x2435	0x2422B0x15e2
0x243a	0x2422B0x137c
0x243a	0x2422B0x15e2
0x2440	0x2422B0x137c
0x2440	0x2422B0x15e2
0x2441	0x2422B0x137c
0x2441	0x2422B0x15e2
0x2442	0x2422B0x137c
0x2442	0x2422B0x15e2
0x2443	0x2422B0x137c
0x2443	0x2422B0x15e2
0x2444	0x2422B0x137c
0x2444	0x2422B0x15e2
0x244a	0x2449B0x137c
0x244a	0x2449B0x15e2
0x2459	0x2449B0x137c
0x2459	0x2449B0x15e2
0x245e	0x2449B0x137c
0x245e	0x2449B0x15e2
0x2463	0x2449B0x137c
0x2463	0x2449B0x15e2
0x2468	0x2449B0x137c
0x2468	0x2449B0x15e2
0x246d	0x2449B0x137c
0x246d	0x2449B0x15e2
0x2472	0x2449B0x137c
0x2472	0x2449B0x15e2
0x2477	0x2449B0x137c
0x2477	0x2449B0x15e2
0x247f	0x2449B0x137c
0x247f	0x2449B0x15e2
0x2489	0x2449B0x137c
0x2489	0x2449B0x15e2
0x2491	0x2449B0x137c
0x2491	0x2449B0x15e2
0x2492	0x2449B0x137c
0x2492	0x2449B0x15e2
0x2493	0x2449B0x137c
0x2493	0x2449B0x15e2
0x2494	0x2449B0x137c
0x2494	0x2449B0x15e2
0x2495	0x2449B0x137c
0x2495	0x2449B0x15e2
0x2496	0x2449B0x137c
0x2496	0x2449B0x15e2
0x2497	0x2449B0x137c
0x2497	0x2449B0x15e2
0x2498	0x2449B0x137c
0x2498	0x2449B0x15e2
0x24a3	0x249dB0x137c
0x24a3	0x249dB0x15e2
0x24a4	0x249dB0x137c
0x24a4	0x249dB0x15e2
0x24a6	0x249dB0x137c
0x24a6	0x249dB0x15e2
0x24a9	0x249dB0x137c
0x24a9	0x249dB0x15e2
0x24ad	0x249dB0x137c
0x24ad	0x249dB0x15e2
0x24b6	0x24b3B0x137c
0x24b6	0x24b3B0x15e2
0x24bd	0x24bcB0x137c
0x24bd	0x24bcB0x15e2
0x24be	0x24bcB0x137c
0x24be	0x24bcB0x15e2
0x24bf	0x24bcB0x137c
0x24bf	0x24bcB0x15e2
0x24c0	0x24bcB0x137c
0x24c0	0x24bcB0x15e2
0x24ca	0x24bcB0x137c
0x24ca	0x24bcB0x15e2
0x24cd	0x24bcB0x137c
0x24cd	0x24bcB0x15e2
0x24cf	0x24bcB0x137c
0x24cf	0x24bcB0x15e2
0x24d3	0x24bcB0x137c
0x24d3	0x24bcB0x15e2
0x24d4	0x24bcB0x137c
0x24d4	0x24bcB0x15e2
0x24d6	0x24bcB0x137c
0x24d6	0x24bcB0x15e2
0x24da	0x24bcB0x137c
0x24da	0x24bcB0x15e2
0x24db	0x24bcB0x137c
0x24db	0x24bcB0x15e2
0x24e1	0x24e0B0x137c
0x24e1	0x24e0B0x15e2
0x24e2	0x24e0B0x137c
0x24e2	0x24e0B0x15e2
0x24e6	0x24e0B0x137c
0x24e6	0x24e0B0x15e2
0x24f1	0x24e0B0x137c
0x24f1	0x24e0B0x15e2
0x24f2	0x24e0B0x137c
0x24f2	0x24e0B0x15e2
0x24f6	0x24e0B0x137c
0x24f6	0x24e0B0x15e2
0x24fb	0x24e0B0x137c
0x24fb	0x24e0B0x15e2
0x2501	0x24e0B0x137c
0x2501	0x24e0B0x15e2
0x2513	0x250bB0x137c
0x2513	0x250bB0x15e2
0x2527	0x251dB0x137c
0x2527	0x251dB0x15e2
0x252d	0x251dB0x137c
0x252d	0x251dB0x15e2
0x2534	0x251dB0x137c
0x2534	0x251dB0x15e2
0x2556	0x251dB0x137c
0x2556	0x251dB0x15e2
0x2563	0x2560B0x137c
0x2563	0x2560B0x15e2
0x2564	0x2560B0x137c
0x2564	0x2560B0x15e2
0x2577	0x256cB0x137c
0x2577	0x256cB0x15e2
0x257a	0x256cB0x137c
0x257a	0x256cB0x15e2
0x257b	0x256cB0x137c
0x257b	0x256cB0x15e2
0x2584	0x256cB0x137c
0x2584	0x256cB0x15e2
0x2585	0x256cB0x137c
0x2585	0x256cB0x15e2
0x2588	0x256cB0x137c
0x2588	0x256cB0x15e2
0x258a	0x256cB0x137c
0x258a	0x256cB0x15e2
0x258e	0x256cB0x137c
0x258e	0x256cB0x15e2
0x2590	0x256cB0x137c
0x2590	0x256cB0x15e2
0x259c	0x259aB0x137c
0x259c	0x259aB0x15e2
0x259d	0x259aB0x137c
0x259d	0x259aB0x15e2
0x25a1	0x259aB0x137c
0x25a1	0x259aB0x15e2
0x25a3	0x259aB0x137c
0x25a3	0x259aB0x15e2
0x25a5	0x259aB0x137c
0x25a5	0x259aB0x15e2
0x25a9	0x259aB0x137c
0x25a9	0x259aB0x15e2
0x25aa	0x259aB0x137c
0x25aa	0x259aB0x15e2
0x25b0	0x25afB0x137c
0x25b0	0x25afB0x15e2
0x25b1	0x25afB0x137c
0x25b1	0x25afB0x15e2
0x25b7	0x25afB0x137c
0x25b7	0x25afB0x15e2
0x25c1	0x25c0B0x137c
0x25c1	0x25c0B0x15e2
0x25c2	0x25c0B0x137c
0x25c2	0x25c0B0x15e2
0x25c6	0x25c0B0x137c
0x25c6	0x25c0B0x15e2
0x25cb	0x25c0B0x137c
0x25cb	0x25c0B0x15e2
0x25d0	0x25c0B0x137c
0x25d0	0x25c0B0x15e2
0x25d5	0x25c0B0x137c
0x25d5	0x25c0B0x15e2
0x25e3	0x25daB0x137c
0x25e3	0x25daB0x15e2
0x25e4	0x25daB0x137c
0x25e4	0x25daB0x15e2
0x25e8	0x25daB0x137c
0x25e8	0x25daB0x15e2
0x25ea	0x25daB0x137c
0x25ea	0x25daB0x15e2
0x25eb	0x25daB0x137c
0x25eb	0x25daB0x15e2
0x25ed	0x25daB0x137c
0x25ed	0x25daB0x15e2
0x25f1	0x25daB0x137c
0x25f1	0x25daB0x15e2
0x25f6	0x25daB0x137c
0x25f6	0x25daB0x15e2
0x25f8	0x25daB0x137c
0x25f8	0x25daB0x15e2
0x25f9	0x25daB0x137c
0x25f9	0x25daB0x15e2
0x25fa	0x25daB0x137c
0x25fa	0x25daB0x15e2
0x25fe	0x25daB0x137c
0x25fe	0x25daB0x15e2
0x2604	0x25daB0x137c
0x2604	0x25daB0x15e2
0x2606	0x25daB0x137c
0x2606	0x25daB0x15e2
0x2617	0x260bB0x137c
0x2617	0x260bB0x15e2
0x261a	0x260bB0x137c
0x261a	0x260bB0x15e2
0x261e	0x260bB0x137c
0x261e	0x260bB0x15e2
0x2623	0x260bB0x137c
0x2623	0x260bB0x15e2
0x2629	0x260bB0x137c
0x2629	0x260bB0x15e2
0x262a	0x260bB0x137c
0x262a	0x260bB0x15e2
0x262b	0x260bB0x137c
0x262b	0x260bB0x15e2
0x262c	0x260bB0x137c
0x262c	0x260bB0x15e2
0x262d	0x260bB0x137c
0x262d	0x260bB0x15e2
0x2633	0x2632B0x137c
0x2633	0x2632B0x15e2
0x2642	0x2632B0x137c
0x2642	0x2632B0x15e2
0x2647	0x2632B0x137c
0x2647	0x2632B0x15e2
0x264c	0x2632B0x137c
0x264c	0x2632B0x15e2
0x2651	0x2632B0x137c
0x2651	0x2632B0x15e2
0x2656	0x2632B0x137c
0x2656	0x2632B0x15e2
0x265b	0x2632B0x137c
0x265b	0x2632B0x15e2
0x2660	0x2632B0x137c
0x2660	0x2632B0x15e2
0x2668	0x2632B0x137c
0x2668	0x2632B0x15e2
0x2672	0x2632B0x137c
0x2672	0x2632B0x15e2
0x267a	0x2632B0x137c
0x267a	0x2632B0x15e2
0x267b	0x2632B0x137c
0x267b	0x2632B0x15e2
0x267c	0x2632B0x137c
0x267c	0x2632B0x15e2
0x267d	0x2632B0x137c
0x267d	0x2632B0x15e2
0x267e	0x2632B0x137c
0x267e	0x2632B0x15e2
0x267f	0x2632B0x137c
0x267f	0x2632B0x15e2
0x2680	0x2632B0x137c
0x2680	0x2632B0x15e2
0x2681	0x2632B0x137c
0x2681	0x2632B0x15e2
0x2691	0x2686B0x137c
0x2691	0x2686B0x15e2
0x2694	0x2686B0x137c
0x2694	0x2686B0x15e2
0x2695	0x2686B0x137c
0x2695	0x2686B0x15e2
0x269e	0x2686B0x137c
0x269e	0x2686B0x15e2
0x269f	0x2686B0x137c
0x269f	0x2686B0x15e2
0x26a2	0x2686B0x137c
0x26a2	0x2686B0x15e2
0x26a4	0x2686B0x137c
0x26a4	0x2686B0x15e2
0x26a8	0x2686B0x137c
0x26a8	0x2686B0x15e2
0x26aa	0x2686B0x137c
0x26aa	0x2686B0x15e2
0x26b6	0x26b4B0x137c
0x26b6	0x26b4B0x15e2
0x26b7	0x26b4B0x137c
0x26b7	0x26b4B0x15e2
0x26bb	0x26b4B0x137c
0x26bb	0x26b4B0x15e2
0x26bd	0x26b4B0x137c
0x26bd	0x26b4B0x15e2
0x26bf	0x26b4B0x137c
0x26bf	0x26b4B0x15e2
0x26c3	0x26b4B0x137c
0x26c3	0x26b4B0x15e2
0x26c4	0x26b4B0x137c
0x26c4	0x26b4B0x15e2
0x26ca	0x26c9B0x137c
0x26ca	0x26c9B0x15e2
0x26cb	0x26c9B0x137c
0x26cb	0x26c9B0x15e2
0x26d1	0x26c9B0x137c
0x26d1	0x26c9B0x15e2
0x26db	0x26daB0x137c
0x26db	0x26daB0x15e2
0x26dc	0x26daB0x137c
0x26dc	0x26daB0x15e2
0x26e0	0x26daB0x137c
0x26e0	0x26daB0x15e2
0x26e5	0x26daB0x137c
0x26e5	0x26daB0x15e2
0x26ea	0x26daB0x137c
0x26ea	0x26daB0x15e2
0x26f0	0x26daB0x137c
0x26f0	0x26daB0x15e2
0x26fe	0x26f5B0x137c
0x26fe	0x26f5B0x15e2
0x26ff	0x26f5B0x137c
0x26ff	0x26f5B0x15e2
0x2704	0x26f5B0x137c
0x2704	0x26f5B0x15e2
0x2706	0x26f5B0x137c
0x2706	0x26f5B0x15e2
0x2707	0x26f5B0x137c
0x2707	0x26f5B0x15e2
0x2709	0x26f5B0x137c
0x2709	0x26f5B0x15e2
0x270d	0x26f5B0x137c
0x270d	0x26f5B0x15e2
0x2712	0x26f5B0x137c
0x2712	0x26f5B0x15e2
0x2714	0x26f5B0x137c
0x2714	0x26f5B0x15e2
0x2715	0x26f5B0x137c
0x2715	0x26f5B0x15e2
0x2716	0x26f5B0x137c
0x2716	0x26f5B0x15e2
0x271a	0x26f5B0x137c
0x271a	0x26f5B0x15e2
0x2720	0x26f5B0x137c
0x2720	0x26f5B0x15e2
0x2722	0x26f5B0x137c
0x2722	0x26f5B0x15e2
0x2733	0x2727B0x137c
0x2733	0x2727B0x15e2
0x2736	0x2727B0x137c
0x2736	0x2727B0x15e2
0x273a	0x2727B0x137c
0x273a	0x2727B0x15e2
0x273f	0x2727B0x137c
0x273f	0x2727B0x15e2
0x2745	0x2727B0x137c
0x2745	0x2727B0x15e2
0x2746	0x2727B0x137c
0x2746	0x2727B0x15e2
0x2747	0x2727B0x137c
0x2747	0x2727B0x15e2
0x2748	0x2727B0x137c
0x2748	0x2727B0x15e2
0x2749	0x2727B0x137c
0x2749	0x2727B0x15e2
0x274f	0x274eB0x137c
0x274f	0x274eB0x15e2
0x2753	0x274eB0x137c
0x2753	0x274eB0x15e2
0x2758	0x274eB0x137c
0x2758	0x274eB0x15e2
0x275d	0x274eB0x137c
0x275d	0x274eB0x15e2
0x2762	0x274eB0x137c
0x2762	0x274eB0x15e2
0x2767	0x274eB0x137c
0x2767	0x274eB0x15e2
0x276c	0x274eB0x137c
0x276c	0x274eB0x15e2
0x2772	0x274eB0x137c
0x2772	0x274eB0x15e2
0x2780	0x274eB0x137c
0x2780	0x274eB0x15e2
0x278a	0x274eB0x137c
0x278a	0x274eB0x15e2
0x278b	0x274eB0x137c
0x278b	0x274eB0x15e2
0x278f	0x274eB0x137c
0x278f	0x274eB0x15e2
0x2794	0x274eB0x137c
0x2794	0x274eB0x15e2
0x2796	0x274eB0x137c
0x2796	0x274eB0x15e2
0x2797	0x274eB0x137c
0x2797	0x274eB0x15e2
0x2798	0x274eB0x137c
0x2798	0x274eB0x15e2
0x279a	0x274eB0x137c
0x279a	0x274eB0x15e2
0x279b	0x274eB0x137c
0x279b	0x274eB0x15e2
0x279f	0x274eB0x137c
0x279f	0x274eB0x15e2
0x27a2	0x274eB0x137c
0x27a2	0x274eB0x15e2
0x27a3	0x274eB0x137c
0x27a3	0x274eB0x15e2
0x27a7	0x274eB0x137c
0x27a7	0x274eB0x15e2
0x27ac	0x274eB0x137c
0x27ac	0x274eB0x15e2
0x27ae	0x274eB0x137c
0x27ae	0x274eB0x15e2
0x27af	0x274eB0x137c
0x27af	0x274eB0x15e2
0x27b0	0x274eB0x137c
0x27b0	0x274eB0x15e2
0x27b4	0x274eB0x137c
0x27b4	0x274eB0x15e2
0x27b5	0x274eB0x137c
0x27b5	0x274eB0x15e2
0x27b9	0x274eB0x137c
0x27b9	0x274eB0x15e2
0x27bf	0x274eB0x137c
0x27bf	0x274eB0x15e2
0x27c2	0x274eB0x137c
0x27c2	0x274eB0x15e2
0x27c6	0x274eB0x137c
0x27c6	0x274eB0x15e2
0x27c9	0x274eB0x137c
0x27c9	0x274eB0x15e2
0x27ca	0x274eB0x137c
0x27ca	0x274eB0x15e2
0x27cc	0x274eB0x137c
0x27cc	0x274eB0x15e2
0x27d2	0x274eB0x137c
0x27d2	0x274eB0x15e2
0x27dc	0x274eB0x137c
0x27dc	0x274eB0x15e2
0x27dd	0x274eB0x137c
0x27dd	0x274eB0x15e2
0x27df	0x274eB0x137c
0x27df	0x274eB0x15e2
0x27e2	0x274eB0x137c
0x27e2	0x274eB0x15e2
0x27e6	0x274eB0x137c
0x27e6	0x274eB0x15e2
0x27ef	0x27ecB0x137c
0x27ef	0x27ecB0x15e2
0x27f6	0x27f5B0x137c
0x27f6	0x27f5B0x15e2
0x27f7	0x27f5B0x137c
0x27f7	0x27f5B0x15e2
0x27f8	0x27f5B0x137c
0x27f8	0x27f5B0x15e2
0x27f9	0x27f5B0x137c
0x27f9	0x27f5B0x15e2
0x2803	0x27f5B0x137c
0x2803	0x27f5B0x15e2
0x2806	0x27f5B0x137c
0x2806	0x27f5B0x15e2
0x2808	0x27f5B0x137c
0x2808	0x27f5B0x15e2
0x280c	0x27f5B0x137c
0x280c	0x27f5B0x15e2
0x280d	0x27f5B0x137c
0x280d	0x27f5B0x15e2
0x280f	0x27f5B0x137c
0x280f	0x27f5B0x15e2
0x2813	0x27f5B0x137c
0x2813	0x27f5B0x15e2
0x2814	0x27f5B0x137c
0x2814	0x27f5B0x15e2
0x281a	0x2819B0x137c
0x281a	0x2819B0x15e2
0x281b	0x2819B0x137c
0x281b	0x2819B0x15e2
0x281f	0x2819B0x137c
0x281f	0x2819B0x15e2
0x282a	0x2819B0x137c
0x282a	0x2819B0x15e2
0x282b	0x2819B0x137c
0x282b	0x2819B0x15e2
0x282f	0x2819B0x137c
0x282f	0x2819B0x15e2
0x2835	0x2819B0x137c
0x2835	0x2819B0x15e2
0x283b	0x2819B0x137c
0x283b	0x2819B0x15e2
0x284d	0x2845B0x137c
0x284d	0x2845B0x15e2
0x2861	0x2857B0x137c
0x2861	0x2857B0x15e2
0x2867	0x2857B0x137c
0x2867	0x2857B0x15e2
0x286e	0x2857B0x137c
0x286e	0x2857B0x15e2
0x2890	0x2857B0x137c
0x2890	0x2857B0x15e2
0x289b	0x289aB0x137c
0x289b	0x289aB0x15e2
0x28ad	0x28aa
0x28b1	0x28aa
0x28bb	0x28aa
0x28bd	0x28aa
0x28c1	0x28aa
0x28c2	0x28aa
0x28c3	0x28aa
0x28cd	0x28aa
0x28d3	0x28aa
0x28d4	0x28aa
0x28d5	0x28aa
0x28d7	0x28aa
0x28da	0x28aa
0x28db	0x28aa
0x28dc	0x28aa
0x28df	0x28aa
0x28e0	0x28aa
0x28e4	0x28aa
0x28ed	0x28ea
0x28f4	0x28f3
0x28f5	0x28f3
0x28f6	0x28f3
0x28f7	0x28f3
0x2901	0x28f3
0x2904	0x28f3
0x2906	0x28f3
0x290a	0x28f3
0x290b	0x28f3
0x290d	0x28f3
0x2911	0x28f3
0x2912	0x28f3
0x2918	0x2917
0x2919	0x2917
0x291c	0x2917
0x292e	0x2917
0x2938	0x2917
0x2942	0x2917
0x2943	0x2917
0x2945	0x2917
0x2946	0x2917
0x294a	0x2917
0x2953	0x2950
0x295a	0x2959
0x295b	0x2959
0x295c	0x2959
0x295d	0x2959
0x2967	0x2959
0x296a	0x2959
0x296c	0x2959
0x2970	0x2959
0x2971	0x2959
0x2973	0x2959
0x2977	0x2959
0x2978	0x2959
0x2980	0x297d
0x2985	0x297d
0x2986	0x297d
0x2988	0x297d
0x2989	0x297d
0x298a	0x297d
0x298c	0x297d
0x298d	0x297d
0x298f	0x297d
0x2990	0x297d
0x299a	0x297d
0x299e	0x297d
0x29a4	0x297d
0x29af	0x297d
0x29b3	0x297d
0x29b4	0x297d
0x29b6	0x297d
0x29b7	0x297d
0x29b8	0x297d
0x29ba	0x297d
0x29bc	0x297d
0x29bd	0x297d
0x29bf	0x297d
0x29c0	0x297d
0x29c2	0x297d
0x29c6	0x297d
0x29c7	0x297d
0x29c9	0x297d
0x29ca	0x297d
0x29cc	0x297d
0x29ce	0x297d
0x29d1	0x297d
0x29d2	0x297d
0x29d3	0x297d
0x29e2	0x29dd
0x29e6	0x29dd
0x29f8	0x29ed
0x2a00	0x29ed
0x2a01	0x29ed
0x2a03	0x29ed
0x2a0e	0x2a05B0x1da7B0x15c7
0x2a12	0x2a05B0x1da7B0x15c7
0x2a13	0x2a05B0x1da7B0x15c7
0x2a1c	0x2a05B0x1da7B0x15c7
0x2a1e	0x2a05B0x1da7B0x15c7
0x2a22	0x2a05B0x1da7B0x15c7
0x2a24	0x2a05B0x1da7B0x15c7
0x2a26	0x2a05B0x1da7B0x15c7
0x2a3b	0x2a3aB0x1dfcB0x15c7
0x2a45	0x2a3aB0x1dfcB0x15c7
0x2a49	0x2a3aB0x1dfcB0x15c7
0x2a4b	0x2a3aB0x1dfcB0x15c7
0x2a4c	0x2a3aB0x1dfcB0x15c7
0x2a4d	0x2a3aB0x1dfcB0x15c7
0x2a51	0x2a3aB0x1dfcB0x15c7
0x2a56	0x2a3aB0x1dfcB0x15c7
0x2a58	0x2a3aB0x1dfcB0x15c7
0x2a5d	0x2a5aB0x1e6bB0x15c7
0x2a63	0x2a5aB0x1e6bB0x15c7
0x2a64	0x2a5aB0x1e6bB0x15c7
0x2a65	0x2a5aB0x1e6bB0x15c7
0x2a66	0x2a5aB0x1e6bB0x15c7
0x2a6c	0x2a6bB0x1e6bB0x15c7
0x2a6d	0x2a6bB0x1e6bB0x15c7
0x2a6e	0x2a6bB0x1e6bB0x15c7
0x2a6f	0x2a6bB0x1e6bB0x15c7
0x2a73	0x2a6bB0x1e6bB0x15c7
0x2a79	0x2a78B0x1e6bB0x15c7
0x2a7a	0x2a78B0x1e6bB0x15c7
0x2a7b	0x2a78B0x1e6bB0x15c7
0x2a87	0x2a84B0x232fB0x137c
0x2a87	0x2a84B0x232fB0x15e2
0x2a8b	0x2a84B0x232fB0x137c
0x2a8b	0x2a84B0x232fB0x15e2
0x2a8c	0x2a84B0x232fB0x137c
0x2a8c	0x2a84B0x232fB0x15e2
0x2a8e	0x2a84B0x232fB0x137c
0x2a8e	0x2a84B0x232fB0x15e2
0x2a92	0x2a84B0x232fB0x137c
0x2a92	0x2a84B0x232fB0x15e2
0x2a93	0x2a84B0x232fB0x137c
0x2a93	0x2a84B0x232fB0x15e2
0x2a97	0x2a84B0x232fB0x137c
0x2a97	0x2a84B0x232fB0x15e2
0x2a99	0x2a84B0x232fB0x137c
0x2a99	0x2a84B0x232fB0x15e2
0x2a9a	0x2a84B0x232fB0x137c
0x2a9a	0x2a84B0x232fB0x15e2
0x2a9c	0x2a84B0x232fB0x137c
0x2a9c	0x2a84B0x232fB0x15e2
0x2a9d	0x2a84B0x232fB0x137c
0x2a9d	0x2a84B0x232fB0x15e2
0x2a9f	0x2a84B0x232fB0x137c
0x2a9f	0x2a84B0x232fB0x15e2
0x2aa0	0x2a84B0x232fB0x137c
0x2aa0	0x2a84B0x232fB0x15e2
0x2aa2	0x2a84B0x232fB0x137c
0x2aa2	0x2a84B0x232fB0x15e2
0x2aad	0x2a84B0x232fB0x137c
0x2aad	0x2a84B0x232fB0x15e2
0x2ab2	0x2a84B0x232fB0x137c
0x2ab2	0x2a84B0x232fB0x15e2
0x2ab3	0x2a84B0x232fB0x137c
0x2ab3	0x2a84B0x232fB0x15e2
0x2ab4	0x2a84B0x232fB0x137c
0x2ab4	0x2a84B0x232fB0x15e2
0x2abd	0x2a84B0x232fB0x137c
0x2abd	0x2a84B0x232fB0x15e2
0x2abe	0x2a84B0x232fB0x137c
0x2abe	0x2a84B0x232fB0x15e2
0x2ac1	0x2a84B0x232fB0x137c
0x2ac1	0x2a84B0x232fB0x15e2
0x2ac3	0x2a84B0x232fB0x137c
0x2ac3	0x2a84B0x232fB0x15e2
0x2ac7	0x2a84B0x232fB0x137c
0x2ac7	0x2a84B0x232fB0x15e2
0x2ac9	0x2a84B0x232fB0x137c
0x2ac9	0x2a84B0x232fB0x15e2
0x2ad5	0x2ad3B0x232fB0x137c
0x2ad5	0x2ad3B0x232fB0x15e2
0x2ad6	0x2ad3B0x232fB0x137c
0x2ad6	0x2ad3B0x232fB0x15e2
0x2ada	0x2ad3B0x232fB0x137c
0x2ada	0x2ad3B0x232fB0x15e2
0x2adc	0x2ad3B0x232fB0x137c
0x2adc	0x2ad3B0x232fB0x15e2
0x2ade	0x2ad3B0x232fB0x137c
0x2ade	0x2ad3B0x232fB0x15e2
0x2ae2	0x2ad3B0x232fB0x137c
0x2ae2	0x2ad3B0x232fB0x15e2
0x2ae3	0x2ad3B0x232fB0x137c
0x2ae3	0x2ad3B0x232fB0x15e2
0x2ae9	0x2ae8B0x232fB0x137c
0x2ae9	0x2ae8B0x232fB0x15e2
0x2aed	0x2ae8B0x232fB0x137c
0x2aed	0x2ae8B0x232fB0x15e2
0x2af2	0x2ae8B0x232fB0x137c
0x2af2	0x2ae8B0x232fB0x15e2
0x2af3	0x2ae8B0x232fB0x137c
0x2af3	0x2ae8B0x232fB0x15e2
0x2af8	0x2ae8B0x232fB0x137c
0x2af8	0x2ae8B0x232fB0x15e2
0x2afd	0x2ae8B0x232fB0x137c
0x2afd	0x2ae8B0x232fB0x15e2
0x2b02	0x2ae8B0x232fB0x137c
0x2b02	0x2ae8B0x232fB0x15e2
0x2b07	0x2ae8B0x232fB0x137c
0x2b07	0x2ae8B0x232fB0x15e2
0x2b0a	0x2ae8B0x232fB0x137c
0x2b0a	0x2ae8B0x232fB0x15e2
0x2b14	0x2ae8B0x232fB0x137c
0x2b14	0x2ae8B0x232fB0x15e2
0x2b1e	0x2ae8B0x232fB0x137c
0x2b1e	0x2ae8B0x232fB0x15e2
0x2b1f	0x2ae8B0x232fB0x137c
0x2b1f	0x2ae8B0x232fB0x15e2
0x2b23	0x2ae8B0x232fB0x137c
0x2b23	0x2ae8B0x232fB0x15e2
0x2b29	0x2ae8B0x232fB0x137c
0x2b29	0x2ae8B0x232fB0x15e2
0x2b2e	0x2ae8B0x232fB0x137c
0x2b2e	0x2ae8B0x232fB0x15e2
0x2b30	0x2ae8B0x232fB0x137c
0x2b30	0x2ae8B0x232fB0x15e2
0x2b31	0x2ae8B0x232fB0x137c
0x2b31	0x2ae8B0x232fB0x15e2
0x2b32	0x2ae8B0x232fB0x137c
0x2b32	0x2ae8B0x232fB0x15e2
0x2b36	0x2ae8B0x232fB0x137c
0x2b36	0x2ae8B0x232fB0x15e2
0x2b38	0x2ae8B0x232fB0x137c
0x2b38	0x2ae8B0x232fB0x15e2
0x2b39	0x2ae8B0x232fB0x137c
0x2b39	0x2ae8B0x232fB0x15e2
0x2b3a	0x2ae8B0x232fB0x137c
0x2b3a	0x2ae8B0x232fB0x15e2
0x2b41	0x2ae8B0x232fB0x137c
0x2b41	0x2ae8B0x232fB0x15e2
0x2b46	0x2ae8B0x232fB0x137c
0x2b46	0x2ae8B0x232fB0x15e2
0x2b4b	0x2ae8B0x232fB0x137c
0x2b4b	0x2ae8B0x232fB0x15e2
0x2b4d	0x2ae8B0x232fB0x137c
0x2b4d	0x2ae8B0x232fB0x15e2
0x2b4e	0x2ae8B0x232fB0x137c
0x2b4e	0x2ae8B0x232fB0x15e2
0x2b4f	0x2ae8B0x232fB0x137c
0x2b4f	0x2ae8B0x232fB0x15e2
0x2b51	0x2ae8B0x232fB0x137c
0x2b51	0x2ae8B0x232fB0x15e2
0x2b52	0x2ae8B0x232fB0x137c
0x2b52	0x2ae8B0x232fB0x15e2
0x2b53	0x2ae8B0x232fB0x137c
0x2b53	0x2ae8B0x232fB0x15e2
0x2b55	0x2ae8B0x232fB0x137c
0x2b55	0x2ae8B0x232fB0x15e2
0x2b5b	0x2ae8B0x232fB0x137c
0x2b5b	0x2ae8B0x232fB0x15e2
0x2b64	0x2ae8B0x232fB0x137c
0x2b64	0x2ae8B0x232fB0x15e2
0x2b65	0x2ae8B0x232fB0x137c
0x2b65	0x2ae8B0x232fB0x15e2
0x2b67	0x2ae8B0x232fB0x137c
0x2b67	0x2ae8B0x232fB0x15e2
0x2b6a	0x2ae8B0x232fB0x137c
0x2b6a	0x2ae8B0x232fB0x15e2
0x2b6b	0x2ae8B0x232fB0x137c
0x2b6b	0x2ae8B0x232fB0x15e2
0x2b6e	0x2ae8B0x232fB0x137c
0x2b6e	0x2ae8B0x232fB0x15e2
0x2b76	0x2b74B0x232fB0x137c
0x2b76	0x2b74B0x232fB0x15e2
0x2b79	0x2b78B0x232fB0x137c
0x2b79	0x2b78B0x232fB0x15e2
0x2b7d	0x2b78B0x232fB0x137c
0x2b7d	0x2b78B0x232fB0x15e2
0x2b86	0x2b83B0x232fB0x137c
0x2b86	0x2b83B0x232fB0x15e2
0x2b8d	0x2b8cB0x232fB0x137c
0x2b8d	0x2b8cB0x232fB0x15e2
0x2b8e	0x2b8cB0x232fB0x137c
0x2b8e	0x2b8cB0x232fB0x15e2
0x2b8f	0x2b8cB0x232fB0x137c
0x2b8f	0x2b8cB0x232fB0x15e2
0x2b90	0x2b8cB0x232fB0x137c
0x2b90	0x2b8cB0x232fB0x15e2
0x2b91	0x2b8cB0x232fB0x137c
0x2b91	0x2b8cB0x232fB0x15e2
0x2ba2	0x2b96B0x232fB0x137c
0x2ba2	0x2b96B0x232fB0x15e2
0x2ba5	0x2b96B0x232fB0x137c
0x2ba5	0x2b96B0x232fB0x15e2
0x2ba6	0x2b96B0x232fB0x137c
0x2ba6	0x2b96B0x232fB0x15e2
0x2baf	0x2b96B0x232fB0x137c
0x2baf	0x2b96B0x232fB0x15e2
0x2bb0	0x2b96B0x232fB0x137c
0x2bb0	0x2b96B0x232fB0x15e2
0x2bb3	0x2b96B0x232fB0x137c
0x2bb3	0x2b96B0x232fB0x15e2
0x2bb5	0x2b96B0x232fB0x137c
0x2bb5	0x2b96B0x232fB0x15e2
0x2bb9	0x2b96B0x232fB0x137c
0x2bb9	0x2b96B0x232fB0x15e2
0x2bbb	0x2b96B0x232fB0x137c
0x2bbb	0x2b96B0x232fB0x15e2
0x2bc1	0x2b96B0x232fB0x137c
0x2bc1	0x2b96B0x232fB0x15e2
0x2bd2	0x2bc6B0x232fB0x137c
0x2bd2	0x2bc6B0x232fB0x15e2
0x2bd5	0x2bc6B0x232fB0x137c
0x2bd5	0x2bc6B0x232fB0x15e2
0x2bd6	0x2bc6B0x232fB0x137c
0x2bd6	0x2bc6B0x232fB0x15e2
0x2bdf	0x2bc6B0x232fB0x137c
0x2bdf	0x2bc6B0x232fB0x15e2
0x2be0	0x2bc6B0x232fB0x137c
0x2be0	0x2bc6B0x232fB0x15e2
0x2be3	0x2bc6B0x232fB0x137c
0x2be3	0x2bc6B0x232fB0x15e2
0x2be5	0x2bc6B0x232fB0x137c
0x2be5	0x2bc6B0x232fB0x15e2
0x2be9	0x2bc6B0x232fB0x137c
0x2be9	0x2bc6B0x232fB0x15e2
0x2beb	0x2bc6B0x232fB0x137c
0x2beb	0x2bc6B0x232fB0x15e2
0x2bf2	0x2bf1B0x232fB0x137c
0x2bf2	0x2bf1B0x232fB0x15e2
0x2c03	0x2bf7B0x232fB0x137c
0x2c03	0x2bf7B0x232fB0x15e2
0x2c06	0x2bf7B0x232fB0x137c
0x2c06	0x2bf7B0x232fB0x15e2
0x2c07	0x2bf7B0x232fB0x137c
0x2c07	0x2bf7B0x232fB0x15e2
0x2c10	0x2bf7B0x232fB0x137c
0x2c10	0x2bf7B0x232fB0x15e2
0x2c11	0x2bf7B0x232fB0x137c
0x2c11	0x2bf7B0x232fB0x15e2
0x2c14	0x2bf7B0x232fB0x137c
0x2c14	0x2bf7B0x232fB0x15e2
0x2c16	0x2bf7B0x232fB0x137c
0x2c16	0x2bf7B0x232fB0x15e2
0x2c1a	0x2bf7B0x232fB0x137c
0x2c1a	0x2bf7B0x232fB0x15e2
0x2c1c	0x2bf7B0x232fB0x137c
0x2c1c	0x2bf7B0x232fB0x15e2
0x2c2a	0x2c28B0x232fB0x137c
0x2c2a	0x2c28B0x232fB0x15e2
0x2c2b	0x2c28B0x232fB0x137c
0x2c2b	0x2c28B0x232fB0x15e2
0x2c2f	0x2c28B0x232fB0x137c
0x2c2f	0x2c28B0x232fB0x15e2
0x2c31	0x2c28B0x232fB0x137c
0x2c31	0x2c28B0x232fB0x15e2
0x2c33	0x2c28B0x232fB0x137c
0x2c33	0x2c28B0x232fB0x15e2
0x2c37	0x2c28B0x232fB0x137c
0x2c37	0x2c28B0x232fB0x15e2
0x2c38	0x2c28B0x232fB0x137c
0x2c38	0x2c28B0x232fB0x15e2
0x2c3e	0x2c3dB0x232fB0x137c
0x2c3e	0x2c3dB0x232fB0x15e2
0x2c3f	0x2c3dB0x232fB0x137c
0x2c3f	0x2c3dB0x232fB0x15e2
0x2c40	0x2c3dB0x232fB0x137c
0x2c40	0x2c3dB0x232fB0x15e2
0x2c4d	0x2c4aB0x232fB0x137c
0x2c4d	0x2c4aB0x232fB0x15e2
0x2c52	0x2c4aB0x232fB0x137c
0x2c52	0x2c4aB0x232fB0x15e2
0x2c57	0x2c4aB0x232fB0x137c
0x2c57	0x2c4aB0x232fB0x15e2
0x2c5c	0x2c4aB0x232fB0x137c
0x2c5c	0x2c4aB0x232fB0x15e2
0x2c6a	0x2c61B0x232fB0x137c
0x2c6a	0x2c61B0x232fB0x15e2
0x2c6b	0x2c61B0x232fB0x137c
0x2c6b	0x2c61B0x232fB0x15e2
0x2c6f	0x2c61B0x232fB0x137c
0x2c6f	0x2c61B0x232fB0x15e2
0x2c71	0x2c61B0x232fB0x137c
0x2c71	0x2c61B0x232fB0x15e2
0x2c72	0x2c61B0x232fB0x137c
0x2c72	0x2c61B0x232fB0x15e2
0x2c74	0x2c61B0x232fB0x137c
0x2c74	0x2c61B0x232fB0x15e2
0x2c78	0x2c61B0x232fB0x137c
0x2c78	0x2c61B0x232fB0x15e2
0x2c7d	0x2c61B0x232fB0x137c
0x2c7d	0x2c61B0x232fB0x15e2
0x2c7f	0x2c61B0x232fB0x137c
0x2c7f	0x2c61B0x232fB0x15e2
0x2c80	0x2c61B0x232fB0x137c
0x2c80	0x2c61B0x232fB0x15e2
0x2c81	0x2c61B0x232fB0x137c
0x2c81	0x2c61B0x232fB0x15e2
0x2c85	0x2c61B0x232fB0x137c
0x2c85	0x2c61B0x232fB0x15e2
0x2c8a	0x2c61B0x232fB0x137c
0x2c8a	0x2c61B0x232fB0x15e2
0x2c90	0x2c61B0x232fB0x137c
0x2c90	0x2c61B0x232fB0x15e2
0x2c91	0x2c61B0x232fB0x137c
0x2c91	0x2c61B0x232fB0x15e2
0x2c92	0x2c61B0x232fB0x137c
0x2c92	0x2c61B0x232fB0x15e2
0x2ca3	0x2c97B0x232fB0x137c
0x2ca3	0x2c97B0x232fB0x15e2
0x2cb1	0x2c97B0x232fB0x137c
0x2cb1	0x2c97B0x232fB0x15e2
0x2cb6	0x2c97B0x232fB0x137c
0x2cb6	0x2c97B0x232fB0x15e2
0x2cb7	0x2c97B0x232fB0x137c
0x2cb7	0x2c97B0x232fB0x15e2
0x2cb8	0x2c97B0x232fB0x137c
0x2cb8	0x2c97B0x232fB0x15e2
0x2cc1	0x2c97B0x232fB0x137c
0x2cc1	0x2c97B0x232fB0x15e2
0x2cc2	0x2c97B0x232fB0x137c
0x2cc2	0x2c97B0x232fB0x15e2
0x2cc5	0x2c97B0x232fB0x137c
0x2cc5	0x2c97B0x232fB0x15e2
0x2cc7	0x2c97B0x232fB0x137c
0x2cc7	0x2c97B0x232fB0x15e2
0x2ccb	0x2c97B0x232fB0x137c
0x2ccb	0x2c97B0x232fB0x15e2
0x2ccd	0x2c97B0x232fB0x137c
0x2ccd	0x2c97B0x232fB0x15e2
0x2cda	0x2cd7B0x232fB0x137c
0x2cda	0x2cd7B0x232fB0x15e2
0x2ce7	0x2ce4B0x232fB0x137c
0x2ce7	0x2ce4B0x232fB0x15e2
0x2cf4	0x2ce4B0x232fB0x137c
0x2cf4	0x2ce4B0x232fB0x15e2
0x2d00	0x2ce4B0x232fB0x137c
0x2d00	0x2ce4B0x232fB0x15e2
0x2d01	0x2ce4B0x232fB0x137c
0x2d01	0x2ce4B0x232fB0x15e2
0x2d03	0x2ce4B0x232fB0x137c
0x2d03	0x2ce4B0x232fB0x15e2
0x2d04	0x2ce4B0x232fB0x137c
0x2d04	0x2ce4B0x232fB0x15e2
0x2d05	0x2ce4B0x232fB0x137c
0x2d05	0x2ce4B0x232fB0x15e2
0x2d09	0x2ce4B0x232fB0x137c
0x2d09	0x2ce4B0x232fB0x15e2
0x2d12	0x2ce4B0x232fB0x137c
0x2d12	0x2ce4B0x232fB0x15e2
0x2d13	0x2ce4B0x232fB0x137c
0x2d13	0x2ce4B0x232fB0x15e2
0x2d15	0x2ce4B0x232fB0x137c
0x2d15	0x2ce4B0x232fB0x15e2
0x2d1b	0x2ce4B0x232fB0x137c
0x2d1b	0x2ce4B0x232fB0x15e2
0x2d24	0x2ce4B0x232fB0x137c
0x2d24	0x2ce4B0x232fB0x15e2
0x2d25	0x2ce4B0x232fB0x137c
0x2d25	0x2ce4B0x232fB0x15e2
0x2d27	0x2ce4B0x232fB0x137c
0x2d27	0x2ce4B0x232fB0x15e2
0x2d28	0x2ce4B0x232fB0x137c
0x2d28	0x2ce4B0x232fB0x15e2
0x2d2c	0x2ce4B0x232fB0x137c
0x2d2c	0x2ce4B0x232fB0x15e2
0x2d35	0x2d32B0x232fB0x137c
0x2d35	0x2d32B0x232fB0x15e2
0x2d3c	0x2d3bB0x232fB0x137c
0x2d3c	0x2d3bB0x232fB0x15e2
0x2d3d	0x2d3bB0x232fB0x137c
0x2d3d	0x2d3bB0x232fB0x15e2
0x2d3e	0x2d3bB0x232fB0x137c
0x2d3e	0x2d3bB0x232fB0x15e2
0x2d3f	0x2d3bB0x232fB0x137c
0x2d3f	0x2d3bB0x232fB0x15e2
0x2d49	0x2d3bB0x232fB0x137c
0x2d49	0x2d3bB0x232fB0x15e2
0x2d4c	0x2d3bB0x232fB0x137c
0x2d4c	0x2d3bB0x232fB0x15e2
0x2d4e	0x2d3bB0x232fB0x137c
0x2d4e	0x2d3bB0x232fB0x15e2
0x2d52	0x2d3bB0x232fB0x137c
0x2d52	0x2d3bB0x232fB0x15e2
0x2d53	0x2d3bB0x232fB0x137c
0x2d53	0x2d3bB0x232fB0x15e2
0x2d55	0x2d3bB0x232fB0x137c
0x2d55	0x2d3bB0x232fB0x15e2
0x2d59	0x2d3bB0x232fB0x137c
0x2d59	0x2d3bB0x232fB0x15e2
0x2d5a	0x2d3bB0x232fB0x137c
0x2d5a	0x2d3bB0x232fB0x15e2
0x2d60	0x2d5fB0x232fB0x137c
0x2d60	0x2d5fB0x232fB0x15e2
0x2d6d	0x2d5fB0x232fB0x137c
0x2d6d	0x2d5fB0x232fB0x15e2
0x2d77	0x2d5fB0x232fB0x137c
0x2d77	0x2d5fB0x232fB0x15e2
0x2d78	0x2d5fB0x232fB0x137c
0x2d78	0x2d5fB0x232fB0x15e2
0x2d7c	0x2d5fB0x232fB0x137c
0x2d7c	0x2d5fB0x232fB0x15e2
0x2d7f	0x2d5fB0x232fB0x137c
0x2d7f	0x2d5fB0x232fB0x15e2
0x2d80	0x2d5fB0x232fB0x137c
0x2d80	0x2d5fB0x232fB0x15e2
0x2d81	0x2d5fB0x232fB0x137c
0x2d81	0x2d5fB0x232fB0x15e2
0x2d82	0x2d5fB0x232fB0x137c
0x2d82	0x2d5fB0x232fB0x15e2
0x2d84	0x2d5fB0x232fB0x137c
0x2d84	0x2d5fB0x232fB0x15e2
0x2d8a	0x2d5fB0x232fB0x137c
0x2d8a	0x2d5fB0x232fB0x15e2
0x2d93	0x2d5fB0x232fB0x137c
0x2d93	0x2d5fB0x232fB0x15e2
0x2d94	0x2d5fB0x232fB0x137c
0x2d94	0x2d5fB0x232fB0x15e2
0x2d96	0x2d5fB0x232fB0x137c
0x2d96	0x2d5fB0x232fB0x15e2
0x2d97	0x2d5fB0x232fB0x137c
0x2d97	0x2d5fB0x232fB0x15e2
0x2d9b	0x2d5fB0x232fB0x137c
0x2d9b	0x2d5fB0x232fB0x15e2
0x2da4	0x2da1B0x232fB0x137c
0x2da4	0x2da1B0x232fB0x15e2
0x2dab	0x2daaB0x232fB0x137c
0x2dab	0x2daaB0x232fB0x15e2
0x2dac	0x2daaB0x232fB0x137c
0x2dac	0x2daaB0x232fB0x15e2
0x2dad	0x2daaB0x232fB0x137c
0x2dad	0x2daaB0x232fB0x15e2
0x2dae	0x2daaB0x232fB0x137c
0x2dae	0x2daaB0x232fB0x15e2
0x2db8	0x2daaB0x232fB0x137c
0x2db8	0x2daaB0x232fB0x15e2
0x2dbb	0x2daaB0x232fB0x137c
0x2dbb	0x2daaB0x232fB0x15e2
0x2dbd	0x2daaB0x232fB0x137c
0x2dbd	0x2daaB0x232fB0x15e2
0x2dc1	0x2daaB0x232fB0x137c
0x2dc1	0x2daaB0x232fB0x15e2
0x2dc2	0x2daaB0x232fB0x137c
0x2dc2	0x2daaB0x232fB0x15e2
0x2dc4	0x2daaB0x232fB0x137c
0x2dc4	0x2daaB0x232fB0x15e2
0x2dc8	0x2daaB0x232fB0x137c
0x2dc8	0x2daaB0x232fB0x15e2
0x2dc9	0x2daaB0x232fB0x137c
0x2dc9	0x2daaB0x232fB0x15e2
0x2dcf	0x2dceB0x232fB0x137c
0x2dcf	0x2dceB0x232fB0x15e2
0x2dd0	0x2dceB0x232fB0x137c
0x2dd0	0x2dceB0x232fB0x15e2
0x2dd9	0x2dceB0x232fB0x137c
0x2dd9	0x2dceB0x232fB0x15e2
0x2dea	0x2de0B0x232fB0x137c
0x2dea	0x2de0B0x232fB0x15e2
0x2e00	0x2dfdB0x232fB0x137c
0x2e00	0x2dfdB0x232fB0x15e2
0x2e05	0x2dfdB0x232fB0x137c
0x2e05	0x2dfdB0x232fB0x15e2
0x2e0a	0x2dfdB0x232fB0x137c
0x2e0a	0x2dfdB0x232fB0x15e2
0x2e0b	0x2dfdB0x232fB0x137c
0x2e0b	0x2dfdB0x232fB0x15e2
0x2e1d	0x2e14B0x232fB0x137c
0x2e1d	0x2e14B0x232fB0x15e2
0x2e21	0x2e14B0x232fB0x137c
0x2e21	0x2e14B0x232fB0x15e2
0x2e29	0x2e28B0x232fB0x137c
0x2e29	0x2e28B0x232fB0x15e2
0x2e2b	0x2e28B0x232fB0x137c
0x2e2b	0x2e28B0x232fB0x15e2
0x2e2c	0x2e28B0x232fB0x137c
0x2e2c	0x2e28B0x232fB0x15e2
0x2e2e	0x2e2dB0x232fB0x137c
0x2e2e	0x2e2dB0x232fB0x15e2
0x2e3d	0x2e2dB0x232fB0x137c
0x2e3d	0x2e2dB0x232fB0x15e2
0x2e42	0x2e2dB0x232fB0x137c
0x2e42	0x2e2dB0x232fB0x15e2
0x2e47	0x2e2dB0x232fB0x137c
0x2e47	0x2e2dB0x232fB0x15e2
0x2e4c	0x2e2dB0x232fB0x137c
0x2e4c	0x2e2dB0x232fB0x15e2
0x2e51	0x2e2dB0x232fB0x137c
0x2e51	0x2e2dB0x232fB0x15e2
0x2e59	0x2e2dB0x232fB0x137c
0x2e59	0x2e2dB0x232fB0x15e2
0x2e63	0x2e2dB0x232fB0x137c
0x2e63	0x2e2dB0x232fB0x15e2
0x2e6b	0x2e2dB0x232fB0x137c
0x2e6b	0x2e2dB0x232fB0x15e2
0x2e6c	0x2e2dB0x232fB0x137c
0x2e6c	0x2e2dB0x232fB0x15e2
0x2e6d	0x2e2dB0x232fB0x137c
0x2e6d	0x2e2dB0x232fB0x15e2
0x2e6e	0x2e2dB0x232fB0x137c
0x2e6e	0x2e2dB0x232fB0x15e2
0x2e6f	0x2e2dB0x232fB0x137c
0x2e6f	0x2e2dB0x232fB0x15e2
0x2e70	0x2e2dB0x232fB0x137c
0x2e70	0x2e2dB0x232fB0x15e2
0x2e7b	0x2e75B0x232fB0x137c
0x2e7b	0x2e75B0x232fB0x15e2
0x2e7c	0x2e75B0x232fB0x137c
0x2e7c	0x2e75B0x232fB0x15e2
0x2e7e	0x2e75B0x232fB0x137c
0x2e7e	0x2e75B0x232fB0x15e2
0x2e81	0x2e75B0x232fB0x137c
0x2e81	0x2e75B0x232fB0x15e2
0x2e82	0x2e75B0x232fB0x137c
0x2e82	0x2e75B0x232fB0x15e2
0x2e85	0x2e75B0x232fB0x137c
0x2e85	0x2e75B0x232fB0x15e2
0x2e8d	0x2e8bB0x232fB0x137c
0x2e8d	0x2e8bB0x232fB0x15e2
0x2e90	0x2e8fB0x232fB0x137c
0x2e90	0x2e8fB0x232fB0x15e2
0x2e94	0x2e8fB0x232fB0x137c
0x2e94	0x2e8fB0x232fB0x15e2
0x2e9d	0x2e9aB0x232fB0x137c
0x2e9d	0x2e9aB0x232fB0x15e2
0x2ea4	0x2ea3B0x232fB0x137c
0x2ea4	0x2ea3B0x232fB0x15e2
0x2ea5	0x2ea3B0x232fB0x137c
0x2ea5	0x2ea3B0x232fB0x15e2
0x2ea6	0x2ea3B0x232fB0x137c
0x2ea6	0x2ea3B0x232fB0x15e2
0x2ea7	0x2ea3B0x232fB0x137c
0x2ea7	0x2ea3B0x232fB0x15e2
0x2ea8	0x2ea3B0x232fB0x137c
0x2ea8	0x2ea3B0x232fB0x15e2
0x2eaa	0x2ea9B0x232fB0x137c
0x2eaa	0x2ea9B0x232fB0x15e2
0x2eaf	0x2ea9B0x232fB0x137c
0x2eaf	0x2ea9B0x232fB0x15e2
0x2eb0	0x2ea9B0x232fB0x137c
0x2eb0	0x2ea9B0x232fB0x15e2
0x2eb1	0x2ea9B0x232fB0x137c
0x2eb1	0x2ea9B0x232fB0x15e2
0x2ebb	0x2ea9B0x232fB0x137c
0x2ebb	0x2ea9B0x232fB0x15e2
0x2ec2	0x2ea9B0x232fB0x137c
0x2ec2	0x2ea9B0x232fB0x15e2
0x2ec7	0x2ea9B0x232fB0x137c
0x2ec7	0x2ea9B0x232fB0x15e2
0x2ecf	0x2ec9B0x232fB0x137c
0x2ecf	0x2ec9B0x232fB0x15e2
0x2ed0	0x2ec9B0x232fB0x137c
0x2ed0	0x2ec9B0x232fB0x15e2
0x2ed3	0x2ec9B0x232fB0x137c
0x2ed3	0x2ec9B0x232fB0x15e2
0x2ed5	0x2ec9B0x232fB0x137c
0x2ed5	0x2ec9B0x232fB0x15e2
0x2ed9	0x2ec9B0x232fB0x137c
0x2ed9	0x2ec9B0x232fB0x15e2
0x2edb	0x2ec9B0x232fB0x137c
0x2edb	0x2ec9B0x232fB0x15e2
0x2ee7	0x2ee5B0x232fB0x137c
0x2ee7	0x2ee5B0x232fB0x15e2
0x2ee8	0x2ee5B0x232fB0x137c
0x2ee8	0x2ee5B0x232fB0x15e2
0x2ee9	0x2ee5B0x232fB0x137c
0x2ee9	0x2ee5B0x232fB0x15e2
0x2eea	0x2ee5B0x232fB0x137c
0x2eea	0x2ee5B0x232fB0x15e2
0x2efc	0x2ee5B0x232fB0x137c
0x2efc	0x2ee5B0x232fB0x15e2
0x2f06	0x2ee5B0x232fB0x137c
0x2f06	0x2ee5B0x232fB0x15e2
0x2f10	0x2ee5B0x232fB0x137c
0x2f10	0x2ee5B0x232fB0x15e2
0x2f11	0x2ee5B0x232fB0x137c
0x2f11	0x2ee5B0x232fB0x15e2
0x2f13	0x2ee5B0x232fB0x137c
0x2f13	0x2ee5B0x232fB0x15e2
0x2f14	0x2ee5B0x232fB0x137c
0x2f14	0x2ee5B0x232fB0x15e2
0x2f18	0x2ee5B0x232fB0x137c
0x2f18	0x2ee5B0x232fB0x15e2
0x2f21	0x2f1eB0x232fB0x137c
0x2f21	0x2f1eB0x232fB0x15e2
0x2f28	0x2f27B0x232fB0x137c
0x2f28	0x2f27B0x232fB0x15e2
0x2f29	0x2f27B0x232fB0x137c
0x2f29	0x2f27B0x232fB0x15e2
0x2f2a	0x2f27B0x232fB0x137c
0x2f2a	0x2f27B0x232fB0x15e2
0x2f2b	0x2f27B0x232fB0x137c
0x2f2b	0x2f27B0x232fB0x15e2
0x2f35	0x2f27B0x232fB0x137c
0x2f35	0x2f27B0x232fB0x15e2
0x2f38	0x2f27B0x232fB0x137c
0x2f38	0x2f27B0x232fB0x15e2
0x2f3a	0x2f27B0x232fB0x137c
0x2f3a	0x2f27B0x232fB0x15e2
0x2f3e	0x2f27B0x232fB0x137c
0x2f3e	0x2f27B0x232fB0x15e2
0x2f3f	0x2f27B0x232fB0x137c
0x2f3f	0x2f27B0x232fB0x15e2
0x2f41	0x2f27B0x232fB0x137c
0x2f41	0x2f27B0x232fB0x15e2
0x2f45	0x2f27B0x232fB0x137c
0x2f45	0x2f27B0x232fB0x15e2
0x2f46	0x2f27B0x232fB0x137c
0x2f46	0x2f27B0x232fB0x15e2
0x2f54	0x2f4bB0x232fB0x137c
0x2f54	0x2f4bB0x232fB0x15e2
0x2f55	0x2f4bB0x232fB0x137c
0x2f55	0x2f4bB0x232fB0x15e2
0x2f57	0x2f4bB0x232fB0x137c
0x2f57	0x2f4bB0x232fB0x15e2
0x2f5b	0x2f4bB0x232fB0x137c
0x2f5b	0x2f4bB0x232fB0x15e2
0x2f65	0x2f4bB0x232fB0x137c
0x2f65	0x2f4bB0x232fB0x15e2
0x2f67	0x2f4bB0x232fB0x137c
0x2f67	0x2f4bB0x232fB0x15e2
0x2f69	0x2f4bB0x232fB0x137c
0x2f69	0x2f4bB0x232fB0x15e2
0x2f6a	0x2f4bB0x232fB0x137c
0x2f6a	0x2f4bB0x232fB0x15e2
0x2f6c	0x2f4bB0x232fB0x137c
0x2f6c	0x2f4bB0x232fB0x15e2
0x2f72	0x2f4bB0x232fB0x137c
0x2f72	0x2f4bB0x232fB0x15e2
0x2f75	0x2f4bB0x232fB0x137c
0x2f75	0x2f4bB0x232fB0x15e2
0x2f76	0x2f4bB0x232fB0x137c
0x2f76	0x2f4bB0x232fB0x15e2
0x2f78	0x2f4bB0x232fB0x137c
0x2f78	0x2f4bB0x232fB0x15e2
0x2f7b	0x2f4bB0x232fB0x137c
0x2f7b	0x2f4bB0x232fB0x15e2
0x2f7c	0x2f4bB0x232fB0x137c
0x2f7c	0x2f4bB0x232fB0x15e2
0x2f7d	0x2f4bB0x232fB0x137c
0x2f7d	0x2f4bB0x232fB0x15e2
0x2f7e	0x2f4bB0x232fB0x137c
0x2f7e	0x2f4bB0x232fB0x15e2
0x2f7f	0x2f4bB0x232fB0x137c
0x2f7f	0x2f4bB0x232fB0x15e2
0x2f80	0x2f4bB0x232fB0x137c
0x2f80	0x2f4bB0x232fB0x15e2
0x2f83	0x2f4bB0x232fB0x137c
0x2f83	0x2f4bB0x232fB0x15e2
0x2f84	0x2f4bB0x232fB0x137c
0x2f84	0x2f4bB0x232fB0x15e2
0x2f88	0x2f4bB0x232fB0x137c
0x2f88	0x2f4bB0x232fB0x15e2
0x2f91	0x2f8eB0x232fB0x137c
0x2f91	0x2f8eB0x232fB0x15e2
0x2f98	0x2f97B0x232fB0x137c
0x2f98	0x2f97B0x232fB0x15e2
0x2f99	0x2f97B0x232fB0x137c
0x2f99	0x2f97B0x232fB0x15e2
0x2f9a	0x2f97B0x232fB0x137c
0x2f9a	0x2f97B0x232fB0x15e2
0x2f9b	0x2f97B0x232fB0x137c
0x2f9b	0x2f97B0x232fB0x15e2
0x2fa5	0x2f97B0x232fB0x137c
0x2fa5	0x2f97B0x232fB0x15e2
0x2fa8	0x2f97B0x232fB0x137c
0x2fa8	0x2f97B0x232fB0x15e2
0x2faa	0x2f97B0x232fB0x137c
0x2faa	0x2f97B0x232fB0x15e2
0x2fae	0x2f97B0x232fB0x137c
0x2fae	0x2f97B0x232fB0x15e2
0x2faf	0x2f97B0x232fB0x137c
0x2faf	0x2f97B0x232fB0x15e2
0x2fb1	0x2f97B0x232fB0x137c
0x2fb1	0x2f97B0x232fB0x15e2
0x2fb5	0x2f97B0x232fB0x137c
0x2fb5	0x2f97B0x232fB0x15e2
0x2fb6	0x2f97B0x232fB0x137c
0x2fb6	0x2f97B0x232fB0x15e2
0x2fc7	0x2fbbB0x232fB0x137c
0x2fc7	0x2fbbB0x232fB0x15e2
0x2fca	0x2fbbB0x232fB0x137c
0x2fca	0x2fbbB0x232fB0x15e2
0x2fdc	0x2fcfB0x232fB0x137c
0x2fdc	0x2fcfB0x232fB0x15e2
0x2fe0	0x2fdfB0x232fB0x137c
0x2fe0	0x2fdfB0x232fB0x15e2
0x2fea	0x2fdfB0x232fB0x137c
0x2fea	0x2fdfB0x232fB0x15e2
0x2feb	0x2fdfB0x232fB0x137c
0x2feb	0x2fdfB0x232fB0x15e2
0x2fec	0x2fdfB0x232fB0x137c
0x2fec	0x2fdfB0x232fB0x15e2
0x2ff6	0x2fdfB0x232fB0x137c
0x2ff6	0x2fdfB0x232fB0x15e2
0x2ff7	0x2fdfB0x232fB0x137c
0x2ff7	0x2fdfB0x232fB0x15e2
0x2ff9	0x2fdfB0x232fB0x137c
0x2ff9	0x2fdfB0x232fB0x15e2
0x2ffd	0x2fdfB0x232fB0x137c
0x2ffd	0x2fdfB0x232fB0x15e2
0x2ffe	0x2fdfB0x232fB0x137c
0x2ffe	0x2fdfB0x232fB0x15e2
0x3001	0x2fdfB0x232fB0x137c
0x3001	0x2fdfB0x232fB0x15e2
0x3002	0x2fdfB0x232fB0x137c
0x3002	0x2fdfB0x232fB0x15e2
0x3007	0x2fdfB0x232fB0x137c
0x3007	0x2fdfB0x232fB0x15e2
0x3008	0x2fdfB0x232fB0x137c
0x3008	0x2fdfB0x232fB0x15e2
0x300b	0x2fdfB0x232fB0x137c
0x300b	0x2fdfB0x232fB0x15e2
0x300d	0x2fdfB0x232fB0x137c
0x300d	0x2fdfB0x232fB0x15e2
0x300e	0x2fdfB0x232fB0x137c
0x300e	0x2fdfB0x232fB0x15e2
0x3013	0x2fdfB0x232fB0x137c
0x3013	0x2fdfB0x232fB0x15e2
0x3014	0x2fdfB0x232fB0x137c
0x3014	0x2fdfB0x232fB0x15e2
0x3017	0x2fdfB0x232fB0x137c
0x3017	0x2fdfB0x232fB0x15e2
0x3019	0x2fdfB0x232fB0x137c
0x3019	0x2fdfB0x232fB0x15e2
0x301a	0x2fdfB0x232fB0x137c
0x301a	0x2fdfB0x232fB0x15e2
0x301f	0x2fdfB0x232fB0x137c
0x301f	0x2fdfB0x232fB0x15e2
0x3020	0x2fdfB0x232fB0x137c
0x3020	0x2fdfB0x232fB0x15e2
0x302b	0x2fdfB0x232fB0x137c
0x302b	0x2fdfB0x232fB0x15e2
0x302c	0x2fdfB0x232fB0x137c
0x302c	0x2fdfB0x232fB0x15e2
0x302e	0x2fdfB0x232fB0x137c
0x302e	0x2fdfB0x232fB0x15e2
0x302f	0x2fdfB0x232fB0x137c
0x302f	0x2fdfB0x232fB0x15e2
0x3031	0x2fdfB0x232fB0x137c
0x3031	0x2fdfB0x232fB0x15e2
0x3032	0x2fdfB0x232fB0x137c
0x3032	0x2fdfB0x232fB0x15e2
0x3033	0x2fdfB0x232fB0x137c
0x3033	0x2fdfB0x232fB0x15e2
0x3037	0x2fdfB0x232fB0x137c
0x3037	0x2fdfB0x232fB0x15e2
0x3038	0x2fdfB0x232fB0x137c
0x3038	0x2fdfB0x232fB0x15e2
0x303b	0x2fdfB0x232fB0x137c
0x303b	0x2fdfB0x232fB0x15e2
0x303c	0x2fdfB0x232fB0x137c
0x303c	0x2fdfB0x232fB0x15e2
0x303e	0x2fdfB0x232fB0x137c
0x303e	0x2fdfB0x232fB0x15e2
0x303f	0x2fdfB0x232fB0x137c
0x303f	0x2fdfB0x232fB0x15e2
0x3044	0x2fdfB0x232fB0x137c
0x3044	0x2fdfB0x232fB0x15e2
0x3045	0x2fdfB0x232fB0x137c
0x3045	0x2fdfB0x232fB0x15e2
0x3049	0x2fdfB0x232fB0x137c
0x3049	0x2fdfB0x232fB0x15e2
0x304a	0x2fdfB0x232fB0x137c
0x304a	0x2fdfB0x232fB0x15e2
0x304c	0x2fdfB0x232fB0x137c
0x304c	0x2fdfB0x232fB0x15e2
0x304d	0x2fdfB0x232fB0x137c
0x304d	0x2fdfB0x232fB0x15e2
0x304e	0x2fdfB0x232fB0x137c
0x304e	0x2fdfB0x232fB0x15e2
0x3053	0x2fdfB0x232fB0x137c
0x3053	0x2fdfB0x232fB0x15e2
0x305b	0x3055B0x232fB0x137c
0x305b	0x3055B0x232fB0x15e2
0x305c	0x3055B0x232fB0x137c
0x305c	0x3055B0x232fB0x15e2
0x305f	0x3055B0x232fB0x137c
0x305f	0x3055B0x232fB0x15e2
0x3061	0x3055B0x232fB0x137c
0x3061	0x3055B0x232fB0x15e2
0x3065	0x3055B0x232fB0x137c
0x3065	0x3055B0x232fB0x15e2
0x3066	0x3055B0x232fB0x137c
0x3066	0x3055B0x232fB0x15e2
0x3067	0x3055B0x232fB0x137c
0x3067	0x3055B0x232fB0x15e2
0x3072	0x306cB0x232fB0x137c
0x3072	0x306cB0x232fB0x15e2
0x3073	0x306cB0x232fB0x137c
0x3073	0x306cB0x232fB0x15e2
0x307c	0x306cB0x232fB0x137c
0x307c	0x306cB0x232fB0x15e2
0x3084	0x306cB0x232fB0x137c
0x3084	0x306cB0x232fB0x15e2
0x30a2	0x3098B0x232fB0x137c
0x30a2	0x3098B0x232fB0x15e2
0x30a8	0x3098B0x232fB0x137c
0x30a8	0x3098B0x232fB0x15e2
0x30af	0x3098B0x232fB0x137c
0x30af	0x3098B0x232fB0x15e2
0x30cc	0x3098B0x232fB0x137c
0x30cc	0x3098B0x232fB0x15e2
0x30dc	0x30d6B0x232fB0x137c
0x30dc	0x30d6B0x232fB0x15e2
0x30dd	0x30d6B0x232fB0x137c
0x30dd	0x30d6B0x232fB0x15e2
0x30e6	0x30d6B0x232fB0x137c
0x30e6	0x30d6B0x232fB0x15e2
0x30e8	0x30d6B0x232fB0x137c
0x30e8	0x30d6B0x232fB0x15e2
0x30f1	0x30d6B0x232fB0x137c
0x30f1	0x30d6B0x232fB0x15e2
0x30f5	0x30d6B0x232fB0x137c
0x30f5	0x30d6B0x232fB0x15e2
0x3108	0x3105B0x232fB0x137c
0x3108	0x3105B0x232fB0x15e2
0x310d	0x3105B0x232fB0x137c
0x310d	0x3105B0x232fB0x15e2
0x3112	0x3105B0x232fB0x137c
0x3112	0x3105B0x232fB0x15e2
0x3117	0x3105B0x232fB0x137c
0x3117	0x3105B0x232fB0x15e2
0x3128	0x311cB0x232fB0x137c
0x3128	0x311cB0x232fB0x15e2
0x3137	0x312bB0x232fB0x137c
0x3137	0x312bB0x232fB0x15e2
0x313a	0x312bB0x232fB0x137c
0x313a	0x312bB0x232fB0x15e2
0x313b	0x312bB0x232fB0x137c
0x313b	0x312bB0x232fB0x15e2
0x3144	0x312bB0x232fB0x137c
0x3144	0x312bB0x232fB0x15e2
0x3145	0x312bB0x232fB0x137c
0x3145	0x312bB0x232fB0x15e2
0x3148	0x312bB0x232fB0x137c
0x3148	0x312bB0x232fB0x15e2
0x314a	0x312bB0x232fB0x137c
0x314a	0x312bB0x232fB0x15e2
0x314e	0x312bB0x232fB0x137c
0x314e	0x312bB0x232fB0x15e2
0x3150	0x312bB0x232fB0x137c
0x3150	0x312bB0x232fB0x15e2
0x315d	0x315aB0x232fB0x137c
0x315d	0x315aB0x232fB0x15e2
0x316b	0x3167B0x232fB0x137c
0x316b	0x3167B0x232fB0x15e2
0x3171	0x3170B0x232fB0x137c
0x3171	0x3170B0x232fB0x15e2
0x3175	0x3170B0x232fB0x137c
0x3175	0x3170B0x232fB0x15e2
0x3180	0x3170B0x232fB0x137c
0x3180	0x3170B0x232fB0x15e2
0x3181	0x3170B0x232fB0x137c
0x3181	0x3170B0x232fB0x15e2
0x3185	0x3170B0x232fB0x137c
0x3185	0x3170B0x232fB0x15e2
0x318a	0x3170B0x232fB0x137c
0x318a	0x3170B0x232fB0x15e2
0x3190	0x3170B0x232fB0x137c
0x3190	0x3170B0x232fB0x15e2
0x31a4	0x3199B0x232fB0x137c
0x31a4	0x3199B0x232fB0x15e2
0x31a7	0x3199B0x232fB0x137c
0x31a7	0x3199B0x232fB0x15e2
0x31a8	0x3199B0x232fB0x137c
0x31a8	0x3199B0x232fB0x15e2
0x31b1	0x3199B0x232fB0x137c
0x31b1	0x3199B0x232fB0x15e2
0x31b2	0x3199B0x232fB0x137c
0x31b2	0x3199B0x232fB0x15e2
0x31b5	0x3199B0x232fB0x137c
0x31b5	0x3199B0x232fB0x15e2
0x31b7	0x3199B0x232fB0x137c
0x31b7	0x3199B0x232fB0x15e2
0x31bb	0x3199B0x232fB0x137c
0x31bb	0x3199B0x232fB0x15e2
0x31bd	0x3199B0x232fB0x137c
0x31bd	0x3199B0x232fB0x15e2
0x31c3	0x3199B0x232fB0x137c
0x31c3	0x3199B0x232fB0x15e2
0x31d4	0x31c8B0x232fB0x137c
0x31d4	0x31c8B0x232fB0x15e2
0x31d7	0x31c8B0x232fB0x137c
0x31d7	0x31c8B0x232fB0x15e2
0x31d8	0x31c8B0x232fB0x137c
0x31d8	0x31c8B0x232fB0x15e2
0x31e1	0x31c8B0x232fB0x137c
0x31e1	0x31c8B0x232fB0x15e2
0x31e2	0x31c8B0x232fB0x137c
0x31e2	0x31c8B0x232fB0x15e2
0x31e5	0x31c8B0x232fB0x137c
0x31e5	0x31c8B0x232fB0x15e2
0x31e7	0x31c8B0x232fB0x137c
0x31e7	0x31c8B0x232fB0x15e2
0x31eb	0x31c8B0x232fB0x137c
0x31eb	0x31c8B0x232fB0x15e2
0x31ed	0x31c8B0x232fB0x137c
0x31ed	0x31c8B0x232fB0x15e2
0x31fb	0x31f9B0x232fB0x137c
0x31fb	0x31f9B0x232fB0x15e2
0x31fc	0x31f9B0x232fB0x137c
0x31fc	0x31f9B0x232fB0x15e2
0x3200	0x31f9B0x232fB0x137c
0x3200	0x31f9B0x232fB0x15e2
0x3202	0x31f9B0x232fB0x137c
0x3202	0x31f9B0x232fB0x15e2
0x3204	0x31f9B0x232fB0x137c
0x3204	0x31f9B0x232fB0x15e2
0x3208	0x31f9B0x232fB0x137c
0x3208	0x31f9B0x232fB0x15e2
0x3209	0x31f9B0x232fB0x137c
0x3209	0x31f9B0x232fB0x15e2
0x320f	0x320eB0x232fB0x137c
0x320f	0x320eB0x232fB0x15e2
0x3210	0x320eB0x232fB0x137c
0x3210	0x320eB0x232fB0x15e2
0x3216	0x320eB0x232fB0x137c
0x3216	0x320eB0x232fB0x15e2
0x321b	0x320eB0x232fB0x137c
0x321b	0x320eB0x232fB0x15e2
0x3222	0x320eB0x232fB0x137c
0x3222	0x320eB0x232fB0x15e2
0x3230	0x3227B0x232fB0x137c
0x3230	0x3227B0x232fB0x15e2
0x3231	0x3227B0x232fB0x137c
0x3231	0x3227B0x232fB0x15e2
0x3235	0x3227B0x232fB0x137c
0x3235	0x3227B0x232fB0x15e2
0x323a	0x3227B0x232fB0x137c
0x323a	0x3227B0x232fB0x15e2
0x323c	0x3227B0x232fB0x137c
0x323c	0x3227B0x232fB0x15e2
0x323d	0x3227B0x232fB0x137c
0x323d	0x3227B0x232fB0x15e2
0x323e	0x3227B0x232fB0x137c
0x323e	0x3227B0x232fB0x15e2
0x3242	0x3227B0x232fB0x137c
0x3242	0x3227B0x232fB0x15e2
0x3245	0x3227B0x232fB0x137c
0x3245	0x3227B0x232fB0x15e2
0x3246	0x3227B0x232fB0x137c
0x3246	0x3227B0x232fB0x15e2
0x3247	0x3227B0x232fB0x137c
0x3247	0x3227B0x232fB0x15e2
0x324b	0x3227B0x232fB0x137c
0x324b	0x3227B0x232fB0x15e2
0x324c	0x3227B0x232fB0x137c
0x324c	0x3227B0x232fB0x15e2
0x324e	0x3227B0x232fB0x137c
0x324e	0x3227B0x232fB0x15e2
0x325f	0x3253B0x232fB0x137c
0x325f	0x3253B0x232fB0x15e2
0x326c	0x3253B0x232fB0x137c
0x326c	0x3253B0x232fB0x15e2
0x326f	0x3253B0x232fB0x137c
0x326f	0x3253B0x232fB0x15e2
0x3270	0x3253B0x232fB0x137c
0x3270	0x3253B0x232fB0x15e2
0x3279	0x3253B0x232fB0x137c
0x3279	0x3253B0x232fB0x15e2
0x327a	0x3253B0x232fB0x137c
0x327a	0x3253B0x232fB0x15e2
0x327d	0x3253B0x232fB0x137c
0x327d	0x3253B0x232fB0x15e2
0x327f	0x3253B0x232fB0x137c
0x327f	0x3253B0x232fB0x15e2
0x3283	0x3253B0x232fB0x137c
0x3283	0x3253B0x232fB0x15e2
0x3285	0x3253B0x232fB0x137c
0x3285	0x3253B0x232fB0x15e2
0x3292	0x328fB0x232fB0x137c
0x3292	0x328fB0x232fB0x15e2
0x32a0	0x329cB0x232fB0x137c
0x32a0	0x329cB0x232fB0x15e2
0x32da	0x32ceB0x232fB0x137c
0x32da	0x32ceB0x232fB0x15e2
0x32dd	0x32ceB0x232fB0x137c
0x32dd	0x32ceB0x232fB0x15e2
0x32de	0x32ceB0x232fB0x137c
0x32de	0x32ceB0x232fB0x15e2
0x32e7	0x32ceB0x232fB0x137c
0x32e7	0x32ceB0x232fB0x15e2
0x32e8	0x32ceB0x232fB0x137c
0x32e8	0x32ceB0x232fB0x15e2
0x32eb	0x32ceB0x232fB0x137c
0x32eb	0x32ceB0x232fB0x15e2
0x32ed	0x32ceB0x232fB0x137c
0x32ed	0x32ceB0x232fB0x15e2
0x32f1	0x32ceB0x232fB0x137c
0x32f1	0x32ceB0x232fB0x15e2
0x32f3	0x32ceB0x232fB0x137c
0x32f3	0x32ceB0x232fB0x15e2
0x32f9	0x32ceB0x232fB0x137c
0x32f9	0x32ceB0x232fB0x15e2
0x330a	0x32feB0x232fB0x137c
0x330a	0x32feB0x232fB0x15e2
0x330d	0x32feB0x232fB0x137c
0x330d	0x32feB0x232fB0x15e2
0x330e	0x32feB0x232fB0x137c
0x330e	0x32feB0x232fB0x15e2
0x3317	0x32feB0x232fB0x137c
0x3317	0x32feB0x232fB0x15e2
0x3318	0x32feB0x232fB0x137c
0x3318	0x32feB0x232fB0x15e2
0x331b	0x32feB0x232fB0x137c
0x331b	0x32feB0x232fB0x15e2
0x331d	0x32feB0x232fB0x137c
0x331d	0x32feB0x232fB0x15e2
0x3321	0x32feB0x232fB0x137c
0x3321	0x32feB0x232fB0x15e2
0x3323	0x32feB0x232fB0x137c
0x3323	0x32feB0x232fB0x15e2
0x3331	0x332fB0x232fB0x137c
0x3331	0x332fB0x232fB0x15e2
0x3332	0x332fB0x232fB0x137c
0x3332	0x332fB0x232fB0x15e2
0x3336	0x332fB0x232fB0x137c
0x3336	0x332fB0x232fB0x15e2
0x3338	0x332fB0x232fB0x137c
0x3338	0x332fB0x232fB0x15e2
0x333a	0x332fB0x232fB0x137c
0x333a	0x332fB0x232fB0x15e2
0x333e	0x332fB0x232fB0x137c
0x333e	0x332fB0x232fB0x15e2
0x333f	0x332fB0x232fB0x137c
0x333f	0x332fB0x232fB0x15e2
0x3345	0x3344B0x232fB0x137c
0x3345	0x3344B0x232fB0x15e2
0x3346	0x3344B0x232fB0x137c
0x3346	0x3344B0x232fB0x15e2
0x3347	0x3344B0x232fB0x137c
0x3347	0x3344B0x232fB0x15e2
0x3353	0x3351B0x232fB0x137c
0x3353	0x3351B0x232fB0x15e2
0x3357	0x3351B0x232fB0x137c
0x3357	0x3351B0x232fB0x15e2
0x3358	0x3351B0x232fB0x137c
0x3358	0x3351B0x232fB0x15e2
0x3361	0x3351B0x232fB0x137c
0x3361	0x3351B0x232fB0x15e2
0x3369	0x3351B0x232fB0x137c
0x3369	0x3351B0x232fB0x15e2
0x3387	0x337dB0x232fB0x137c
0x3387	0x337dB0x232fB0x15e2
0x338d	0x337dB0x232fB0x137c
0x338d	0x337dB0x232fB0x15e2
0x3394	0x337dB0x232fB0x137c
0x3394	0x337dB0x232fB0x15e2
0x33b1	0x337dB0x232fB0x137c
0x33b1	0x337dB0x232fB0x15e2
0x33bc	0x33bbB0x232fB0x137c
0x33bc	0x33bbB0x232fB0x15e2
0x33c0	0x33bbB0x232fB0x137c
0x33c0	0x33bbB0x232fB0x15e2
0x33c1	0x33bbB0x232fB0x137c
0x33c1	0x33bbB0x232fB0x15e2
0x33c7	0x33bbB0x232fB0x137c
0x33c7	0x33bbB0x232fB0x15e2
0x33c8	0x33bbB0x232fB0x137c
0x33c8	0x33bbB0x232fB0x15e2
0x33cc	0x33bbB0x232fB0x137c
0x33cc	0x33bbB0x232fB0x15e2
0x33cd	0x33bbB0x232fB0x137c
0x33cd	0x33bbB0x232fB0x15e2
0x33cf	0x33bbB0x232fB0x137c
0x33cf	0x33bbB0x232fB0x15e2
0x33d8	0x33bbB0x232fB0x137c
0x33d8	0x33bbB0x232fB0x15e2
0x33da	0x33bbB0x232fB0x137c
0x33da	0x33bbB0x232fB0x15e2
0x33dd	0x33bbB0x232fB0x137c
0x33dd	0x33bbB0x232fB0x15e2
0x33de	0x33bbB0x232fB0x137c
0x33de	0x33bbB0x232fB0x15e2
0x33e4	0x33e3B0x232fB0x137c
0x33e4	0x33e3B0x232fB0x15e2
0x33e8	0x33e3B0x232fB0x137c
0x33e8	0x33e3B0x232fB0x15e2
0x33e9	0x33e3B0x232fB0x137c
0x33e9	0x33e3B0x232fB0x15e2
0x33f2	0x33e3B0x232fB0x137c
0x33f2	0x33e3B0x232fB0x15e2
0x33f4	0x33e3B0x232fB0x137c
0x33f4	0x33e3B0x232fB0x15e2
0x33f9	0x33e3B0x232fB0x137c
0x33f9	0x33e3B0x232fB0x15e2
0x33ff	0x33feB0x232fB0x137c
0x33ff	0x33feB0x232fB0x15e2
0x3405	0x33feB0x232fB0x137c
0x3405	0x33feB0x232fB0x15e2
0x3406	0x33feB0x232fB0x137c
0x3406	0x33feB0x232fB0x15e2
0x340f	0x33feB0x232fB0x137c
0x340f	0x33feB0x232fB0x15e2
0x3410	0x33feB0x232fB0x137c
0x3410	0x33feB0x232fB0x15e2
0x3415	0x33feB0x232fB0x137c
0x3415	0x33feB0x232fB0x15e2
0x3416	0x33feB0x232fB0x137c
0x3416	0x33feB0x232fB0x15e2
0x3417	0x33feB0x232fB0x137c
0x3417	0x33feB0x232fB0x15e2
0x3418	0x33feB0x232fB0x137c
0x3418	0x33feB0x232fB0x15e2
0x3419	0x33feB0x232fB0x137c
0x3419	0x33feB0x232fB0x15e2
0x341a	0x33feB0x232fB0x137c
0x341a	0x33feB0x232fB0x15e2
0x341f	0x33feB0x232fB0x137c
0x341f	0x33feB0x232fB0x15e2
0x3420	0x33feB0x232fB0x137c
0x3420	0x33feB0x232fB0x15e2
0x3425	0x33feB0x232fB0x137c
0x3425	0x33feB0x232fB0x15e2
0x342b	0x342aB0x232fB0x137c
0x342b	0x342aB0x232fB0x15e2
0x343c	0x3439B0x232fB0x137c
0x343c	0x3439B0x232fB0x15e2
0x343d	0x3439B0x232fB0x137c
0x343d	0x3439B0x232fB0x15e2
0x3441	0x3439B0x232fB0x137c
0x3441	0x3439B0x232fB0x15e2
0x3443	0x3439B0x232fB0x137c
0x3443	0x3439B0x232fB0x15e2
0x3447	0x3439B0x232fB0x137c
0x3447	0x3439B0x232fB0x15e2
0x344d	0x344cB0x232fB0x137c
0x344d	0x344cB0x232fB0x15e2
0x344f	0x344cB0x232fB0x137c
0x344f	0x344cB0x232fB0x15e2
0x3450	0x344cB0x232fB0x137c
0x3450	0x344cB0x232fB0x15e2
0x3459	0x344cB0x232fB0x137c
0x3459	0x344cB0x232fB0x15e2
0x345b	0x345aB0x232fB0x137c
0x345b	0x345aB0x232fB0x15e2
0x345d	0x345aB0x232fB0x137c
0x345d	0x345aB0x232fB0x15e2
0x345f	0x345aB0x232fB0x137c
0x345f	0x345aB0x232fB0x15e2
0x3463	0x345aB0x232fB0x137c
0x3463	0x345aB0x232fB0x15e2
0x3467	0x345aB0x232fB0x137c
0x3467	0x345aB0x232fB0x15e2
0x3468	0x345aB0x232fB0x137c
0x3468	0x345aB0x232fB0x15e2
0x346f	0x346eB0x232fB0x137c
0x346f	0x346eB0x232fB0x15e2
0x3474	0x346eB0x232fB0x137c
0x3474	0x346eB0x232fB0x15e2
0x3476	0x346eB0x232fB0x137c
0x3476	0x346eB0x232fB0x15e2
0x3478	0x3477B0x232fB0x137c
0x3478	0x3477B0x232fB0x15e2
0x3479	0x3477B0x232fB0x137c
0x3479	0x3477B0x232fB0x15e2
0x347a	0x3477B0x232fB0x137c
0x347a	0x3477B0x232fB0x15e2
0x347b	0x3477B0x232fB0x137c
0x347b	0x3477B0x232fB0x15e2
0x347c	0x3477B0x232fB0x137c
0x347c	0x3477B0x232fB0x15e2
0x347d	0x3477B0x232fB0x137c
0x347d	0x3477B0x232fB0x15e2
0x347e	0x3477B0x232fB0x137c
0x347e	0x3477B0x232fB0x15e2
0x347f	0x3477B0x232fB0x137c
0x347f	0x3477B0x232fB0x15e2
0x3492	0x3488B0x232fB0x137c
0x3492	0x3488B0x232fB0x15e2
0x3498	0x3488B0x232fB0x137c
0x3498	0x3488B0x232fB0x15e2
0x349f	0x3488B0x232fB0x137c
0x349f	0x3488B0x232fB0x15e2
0x34be	0x3488B0x232fB0x137c
0x34be	0x3488B0x232fB0x15e2
0x34cb	0x34c8B0x232fB0x137c
0x34cb	0x34c8B0x232fB0x15e2
0x34cc	0x34c8B0x232fB0x137c
0x34cc	0x34c8B0x232fB0x15e2
0x34d0	0x34c8B0x232fB0x137c
0x34d0	0x34c8B0x232fB0x15e2
0x34d2	0x34c8B0x232fB0x137c
0x34d2	0x34c8B0x232fB0x15e2
0x34d4	0x34c8B0x232fB0x137c
0x34d4	0x34c8B0x232fB0x15e2
0x34d8	0x34c8B0x232fB0x137c
0x34d8	0x34c8B0x232fB0x15e2
0x34d9	0x34c8B0x232fB0x137c
0x34d9	0x34c8B0x232fB0x15e2
0x34df	0x34deB0x232fB0x137c
0x34df	0x34deB0x232fB0x15e2
0x34e3	0x34deB0x232fB0x137c
0x34e3	0x34deB0x232fB0x15e2
0x34e4	0x34deB0x232fB0x137c
0x34e4	0x34deB0x232fB0x15e2
0x34ed	0x34deB0x232fB0x137c
0x34ed	0x34deB0x232fB0x15e2
0x34ef	0x34deB0x232fB0x137c
0x34ef	0x34deB0x232fB0x15e2
0x34f0	0x34deB0x232fB0x137c
0x34f0	0x34deB0x232fB0x15e2
0x34f1	0x34deB0x232fB0x137c
0x34f1	0x34deB0x232fB0x15e2
0x34f5	0x34deB0x232fB0x137c
0x34f5	0x34deB0x232fB0x15e2
0x34f6	0x34deB0x232fB0x137c
0x34f6	0x34deB0x232fB0x15e2
0x3507	0x34fbB0x232fB0x137c
0x3507	0x34fbB0x232fB0x15e2
0x350a	0x34fbB0x232fB0x137c
0x350a	0x34fbB0x232fB0x15e2
0x350b	0x34fbB0x232fB0x137c
0x350b	0x34fbB0x232fB0x15e2
0x3514	0x34fbB0x232fB0x137c
0x3514	0x34fbB0x232fB0x15e2
0x3515	0x34fbB0x232fB0x137c
0x3515	0x34fbB0x232fB0x15e2
0x3518	0x34fbB0x232fB0x137c
0x3518	0x34fbB0x232fB0x15e2
0x351a	0x34fbB0x232fB0x137c
0x351a	0x34fbB0x232fB0x15e2
0x351e	0x34fbB0x232fB0x137c
0x351e	0x34fbB0x232fB0x15e2
0x3520	0x34fbB0x232fB0x137c
0x3520	0x34fbB0x232fB0x15e2
0x352d	0x352aB0x232fB0x137c
0x352d	0x352aB0x232fB0x15e2
0x3533	0x3532B0x232fB0x137c
0x3533	0x3532B0x232fB0x15e2
0x353d	0x3539B0x232fB0x137c
0x353d	0x3539B0x232fB0x15e2
0x3543	0x3542B0x232fB0x137c
0x3543	0x3542B0x232fB0x15e2
0x354e	0x354dB0x232fB0x137c
0x354e	0x354dB0x232fB0x15e2
0x354f	0x354dB0x232fB0x137c
0x354f	0x354dB0x232fB0x15e2
0x3550	0x354dB0x232fB0x137c
0x3550	0x354dB0x232fB0x15e2
0x3551	0x354dB0x232fB0x137c
0x3551	0x354dB0x232fB0x15e2
0x3554	0x354dB0x232fB0x137c
0x3554	0x354dB0x232fB0x15e2
0x3555	0x354dB0x232fB0x137c
0x3555	0x354dB0x232fB0x15e2
0x3556	0x354dB0x232fB0x137c
0x3556	0x354dB0x232fB0x15e2
0x3557	0x354dB0x232fB0x137c
0x3557	0x354dB0x232fB0x15e2
0x3558	0x354dB0x232fB0x137c
0x3558	0x354dB0x232fB0x15e2
0x3559	0x354dB0x232fB0x137c
0x3559	0x354dB0x232fB0x15e2
0x355a	0x354dB0x232fB0x137c
0x355a	0x354dB0x232fB0x15e2
0x355b	0x354dB0x232fB0x137c
0x355b	0x354dB0x232fB0x15e2
0x355c	0x354dB0x232fB0x137c
0x355c	0x354dB0x232fB0x15e2
0x355d	0x354dB0x232fB0x137c
0x355d	0x354dB0x232fB0x15e2
0x3568	0x355f
0x3569	0x355f
0x356d	0x355f
0x356e	0x355f
0x3577	0x355f
0x357b	0x355f
0x358a	0x3580
0x3590	0x3580
0x3597	0x3580
0x35bd	0x3580
0x35cb	0x3580
0x35dd	0x35daB0x23d7B0x137c
0x35dd	0x35daB0x25c0B0x137c
0x35dd	0x35daB0x26daB0x137c
0x35dd	0x35daB0x2c4aB0x232fB0x137c
0x35dd	0x35daB0x320eB0x232fB0x137c
0x35dd	0x35daB0x23d7B0x15e2
0x35dd	0x35daB0x25c0B0x15e2
0x35dd	0x35daB0x26daB0x15e2
0x35dd	0x35daB0x2c4aB0x232fB0x15e2
0x35dd	0x35daB0x320eB0x232fB0x15e2
0x35e3	0x35daB0x23d7B0x137c
0x35e3	0x35daB0x25c0B0x137c
0x35e3	0x35daB0x26daB0x137c
0x35e3	0x35daB0x2c4aB0x232fB0x137c
0x35e3	0x35daB0x320eB0x232fB0x137c
0x35e3	0x35daB0x23d7B0x15e2
0x35e3	0x35daB0x25c0B0x15e2
0x35e3	0x35daB0x26daB0x15e2
0x35e3	0x35daB0x2c4aB0x232fB0x15e2
0x35e3	0x35daB0x320eB0x232fB0x15e2
0x35ef	0x35eeB0x23d7B0x137c
0x35ef	0x35eeB0x25c0B0x137c
0x35ef	0x35eeB0x26daB0x137c
0x35ef	0x35eeB0x2c4aB0x232fB0x137c
0x35ef	0x35eeB0x320eB0x232fB0x137c
0x35ef	0x35eeB0x23d7B0x15e2
0x35ef	0x35eeB0x25c0B0x15e2
0x35ef	0x35eeB0x26daB0x15e2
0x35ef	0x35eeB0x2c4aB0x232fB0x15e2
0x35ef	0x35eeB0x320eB0x232fB0x15e2
0x35f2	0x35f1B0x23d7B0x137c
0x35f2	0x35f1B0x25c0B0x137c
0x35f2	0x35f1B0x26daB0x137c
0x35f2	0x35f1B0x2c4aB0x232fB0x137c
0x35f2	0x35f1B0x320eB0x232fB0x137c
0x35f2	0x35f1B0x23d7B0x15e2
0x35f2	0x35f1B0x25c0B0x15e2
0x35f2	0x35f1B0x26daB0x15e2
0x35f2	0x35f1B0x2c4aB0x232fB0x15e2
0x35f2	0x35f1B0x320eB0x232fB0x15e2
0x35f3	0x35f1B0x23d7B0x137c
0x35f3	0x35f1B0x25c0B0x137c
0x35f3	0x35f1B0x26daB0x137c
0x35f3	0x35f1B0x2c4aB0x232fB0x137c
0x35f3	0x35f1B0x320eB0x232fB0x137c
0x35f3	0x35f1B0x23d7B0x15e2
0x35f3	0x35f1B0x25c0B0x15e2
0x35f3	0x35f1B0x26daB0x15e2
0x35f3	0x35f1B0x2c4aB0x232fB0x15e2
0x35f3	0x35f1B0x320eB0x232fB0x15e2
0x35fc	0x35f1B0x23d7B0x137c
0x35fc	0x35f1B0x25c0B0x137c
0x35fc	0x35f1B0x26daB0x137c
0x35fc	0x35f1B0x2c4aB0x232fB0x137c
0x35fc	0x35f1B0x320eB0x232fB0x137c
0x35fc	0x35f1B0x23d7B0x15e2
0x35fc	0x35f1B0x25c0B0x15e2
0x35fc	0x35f1B0x26daB0x15e2
0x35fc	0x35f1B0x2c4aB0x232fB0x15e2
0x35fc	0x35f1B0x320eB0x232fB0x15e2
0x360b	0x3603B0x23d7B0x137c
0x360b	0x3603B0x25c0B0x137c
0x360b	0x3603B0x26daB0x137c
0x360b	0x3603B0x2c4aB0x232fB0x137c
0x360b	0x3603B0x320eB0x232fB0x137c
0x360b	0x3603B0x23d7B0x15e2
0x360b	0x3603B0x25c0B0x15e2
0x360b	0x3603B0x26daB0x15e2
0x360b	0x3603B0x2c4aB0x232fB0x15e2
0x360b	0x3603B0x320eB0x232fB0x15e2
0x361d	0x3613B0x23d7B0x137c
0x361d	0x3613B0x25c0B0x137c
0x361d	0x3613B0x26daB0x137c
0x361d	0x3613B0x2c4aB0x232fB0x137c
0x361d	0x3613B0x320eB0x232fB0x137c
0x361d	0x3613B0x23d7B0x15e2
0x361d	0x3613B0x25c0B0x15e2
0x361d	0x3613B0x26daB0x15e2
0x361d	0x3613B0x2c4aB0x232fB0x15e2
0x361d	0x3613B0x320eB0x232fB0x15e2
0x3623	0x3613B0x23d7B0x137c
0x3623	0x3613B0x25c0B0x137c
0x3623	0x3613B0x26daB0x137c
0x3623	0x3613B0x2c4aB0x232fB0x137c
0x3623	0x3613B0x320eB0x232fB0x137c
0x3623	0x3613B0x23d7B0x15e2
0x3623	0x3613B0x25c0B0x15e2
0x3623	0x3613B0x26daB0x15e2
0x3623	0x3613B0x2c4aB0x232fB0x15e2
0x3623	0x3613B0x320eB0x232fB0x15e2
0x362a	0x3613B0x23d7B0x137c
0x362a	0x3613B0x25c0B0x137c
0x362a	0x3613B0x26daB0x137c
0x362a	0x3613B0x2c4aB0x232fB0x137c
0x362a	0x3613B0x320eB0x232fB0x137c
0x362a	0x3613B0x23d7B0x15e2
0x362a	0x3613B0x25c0B0x15e2
0x362a	0x3613B0x26daB0x15e2
0x362a	0x3613B0x2c4aB0x232fB0x15e2
0x362a	0x3613B0x320eB0x232fB0x15e2
0x3647	0x3613B0x23d7B0x137c
0x3647	0x3613B0x25c0B0x137c
0x3647	0x3613B0x26daB0x137c
0x3647	0x3613B0x2c4aB0x232fB0x137c
0x3647	0x3613B0x320eB0x232fB0x137c
0x3647	0x3613B0x23d7B0x15e2
0x3647	0x3613B0x25c0B0x15e2
0x3647	0x3613B0x26daB0x15e2
0x3647	0x3613B0x2c4aB0x232fB0x15e2
0x3647	0x3613B0x320eB0x232fB0x15e2
0x3652	0x3651B0x23d7B0x137c
0x3652	0x3651B0x25c0B0x137c
0x3652	0x3651B0x26daB0x137c
0x3652	0x3651B0x2c4aB0x232fB0x137c
0x3652	0x3651B0x320eB0x232fB0x137c
0x3652	0x3651B0x23d7B0x15e2
0x3652	0x3651B0x25c0B0x15e2
0x3652	0x3651B0x26daB0x15e2
0x3652	0x3651B0x2c4aB0x232fB0x15e2
0x3652	0x3651B0x320eB0x232fB0x15e2
0x3653	0x3651B0x23d7B0x137c
0x3653	0x3651B0x25c0B0x137c
0x3653	0x3651B0x26daB0x137c
0x3653	0x3651B0x2c4aB0x232fB0x137c
0x3653	0x3651B0x320eB0x232fB0x137c
0x3653	0x3651B0x23d7B0x15e2
0x3653	0x3651B0x25c0B0x15e2
0x3653	0x3651B0x26daB0x15e2
0x3653	0x3651B0x2c4aB0x232fB0x15e2
0x3653	0x3651B0x320eB0x232fB0x15e2
0x3654	0x3651B0x23d7B0x137c
0x3654	0x3651B0x25c0B0x137c
0x3654	0x3651B0x26daB0x137c
0x3654	0x3651B0x2c4aB0x232fB0x137c
0x3654	0x3651B0x320eB0x232fB0x137c
0x3654	0x3651B0x23d7B0x15e2
0x3654	0x3651B0x25c0B0x15e2
0x3654	0x3651B0x26daB0x15e2
0x3654	0x3651B0x2c4aB0x232fB0x15e2
0x3654	0x3651B0x320eB0x232fB0x15e2
0x365a	0x3659B0x23d7B0x137c
0x365a	0x3659B0x25c0B0x137c
0x365a	0x3659B0x26daB0x137c
0x365a	0x3659B0x2c4aB0x232fB0x137c
0x365a	0x3659B0x320eB0x232fB0x137c
0x365a	0x3659B0x23d7B0x15e2
0x365a	0x3659B0x25c0B0x15e2
0x365a	0x3659B0x26daB0x15e2
0x365a	0x3659B0x2c4aB0x232fB0x15e2
0x365a	0x3659B0x320eB0x232fB0x15e2
0x365f	0x3659B0x23d7B0x137c
0x365f	0x3659B0x25c0B0x137c
0x365f	0x3659B0x26daB0x137c
0x365f	0x3659B0x2c4aB0x232fB0x137c
0x365f	0x3659B0x320eB0x232fB0x137c
0x365f	0x3659B0x23d7B0x15e2
0x365f	0x3659B0x25c0B0x15e2
0x365f	0x3659B0x26daB0x15e2
0x365f	0x3659B0x2c4aB0x232fB0x15e2
0x365f	0x3659B0x320eB0x232fB0x15e2
0x3660	0x3659B0x23d7B0x137c
0x3660	0x3659B0x25c0B0x137c
0x3660	0x3659B0x26daB0x137c
0x3660	0x3659B0x2c4aB0x232fB0x137c
0x3660	0x3659B0x320eB0x232fB0x137c
0x3660	0x3659B0x23d7B0x15e2
0x3660	0x3659B0x25c0B0x15e2
0x3660	0x3659B0x26daB0x15e2
0x3660	0x3659B0x2c4aB0x232fB0x15e2
0x3660	0x3659B0x320eB0x232fB0x15e2
0x3666	0x3661B0x23d7B0x137c
0x3666	0x3661B0x25c0B0x137c
0x3666	0x3661B0x26daB0x137c
0x3666	0x3661B0x2c4aB0x232fB0x137c
0x3666	0x3661B0x320eB0x232fB0x137c
0x3666	0x3661B0x23d7B0x15e2
0x3666	0x3661B0x25c0B0x15e2
0x3666	0x3661B0x26daB0x15e2
0x3666	0x3661B0x2c4aB0x232fB0x15e2
0x3666	0x3661B0x320eB0x232fB0x15e2
0x3675	0x366cB0x23d7B0x137c
0x3675	0x366cB0x25c0B0x137c
0x3675	0x366cB0x26daB0x137c
0x3675	0x366cB0x2c4aB0x232fB0x137c
0x3675	0x366cB0x320eB0x232fB0x137c
0x3675	0x366cB0x23d7B0x15e2
0x3675	0x366cB0x25c0B0x15e2
0x3675	0x366cB0x26daB0x15e2
0x3675	0x366cB0x2c4aB0x232fB0x15e2
0x3675	0x366cB0x320eB0x232fB0x15e2
0x3687	0x367fB0x23d7B0x137c
0x3687	0x367fB0x25c0B0x137c
0x3687	0x367fB0x26daB0x137c
0x3687	0x367fB0x2c4aB0x232fB0x137c
0x3687	0x367fB0x320eB0x232fB0x137c
0x3687	0x367fB0x23d7B0x15e2
0x3687	0x367fB0x25c0B0x15e2
0x3687	0x367fB0x26daB0x15e2
0x3687	0x367fB0x2c4aB0x232fB0x15e2
0x3687	0x367fB0x320eB0x232fB0x15e2
0x3699	0x368fB0x23d7B0x137c
0x3699	0x368fB0x25c0B0x137c
0x3699	0x368fB0x26daB0x137c
0x3699	0x368fB0x2c4aB0x232fB0x137c
0x3699	0x368fB0x320eB0x232fB0x137c
0x3699	0x368fB0x23d7B0x15e2
0x3699	0x368fB0x25c0B0x15e2
0x3699	0x368fB0x26daB0x15e2
0x3699	0x368fB0x2c4aB0x232fB0x15e2
0x3699	0x368fB0x320eB0x232fB0x15e2
0x369f	0x368fB0x23d7B0x137c
0x369f	0x368fB0x25c0B0x137c
0x369f	0x368fB0x26daB0x137c
0x369f	0x368fB0x2c4aB0x232fB0x137c
0x369f	0x368fB0x320eB0x232fB0x137c
0x369f	0x368fB0x23d7B0x15e2
0x369f	0x368fB0x25c0B0x15e2
0x369f	0x368fB0x26daB0x15e2
0x369f	0x368fB0x2c4aB0x232fB0x15e2
0x369f	0x368fB0x320eB0x232fB0x15e2
0x36a6	0x368fB0x23d7B0x137c
0x36a6	0x368fB0x25c0B0x137c
0x36a6	0x368fB0x26daB0x137c
0x36a6	0x368fB0x2c4aB0x232fB0x137c
0x36a6	0x368fB0x320eB0x232fB0x137c
0x36a6	0x368fB0x23d7B0x15e2
0x36a6	0x368fB0x25c0B0x15e2
0x36a6	0x368fB0x26daB0x15e2
0x36a6	0x368fB0x2c4aB0x232fB0x15e2
0x36a6	0x368fB0x320eB0x232fB0x15e2
0x36cc	0x368fB0x23d7B0x137c
0x36cc	0x368fB0x25c0B0x137c
0x36cc	0x368fB0x26daB0x137c
0x36cc	0x368fB0x2c4aB0x232fB0x137c
0x36cc	0x368fB0x320eB0x232fB0x137c
0x36cc	0x368fB0x23d7B0x15e2
0x36cc	0x368fB0x25c0B0x15e2
0x36cc	0x368fB0x26daB0x15e2
0x36cc	0x368fB0x2c4aB0x232fB0x15e2
0x36cc	0x368fB0x320eB0x232fB0x15e2
0x36d7	0x36d6B0x23d7B0x137c
0x36d7	0x36d6B0x25c0B0x137c
0x36d7	0x36d6B0x26daB0x137c
0x36d7	0x36d6B0x2c4aB0x232fB0x137c
0x36d7	0x36d6B0x320eB0x232fB0x137c
0x36d7	0x36d6B0x23d7B0x15e2
0x36d7	0x36d6B0x25c0B0x15e2
0x36d7	0x36d6B0x26daB0x15e2
0x36d7	0x36d6B0x2c4aB0x232fB0x15e2
0x36d7	0x36d6B0x320eB0x232fB0x15e2
0x36d8	0x36d6B0x23d7B0x137c
0x36d8	0x36d6B0x25c0B0x137c
0x36d8	0x36d6B0x26daB0x137c
0x36d8	0x36d6B0x2c4aB0x232fB0x137c
0x36d8	0x36d6B0x320eB0x232fB0x137c
0x36d8	0x36d6B0x23d7B0x15e2
0x36d8	0x36d6B0x25c0B0x15e2
0x36d8	0x36d6B0x26daB0x15e2
0x36d8	0x36d6B0x2c4aB0x232fB0x15e2
0x36d8	0x36d6B0x320eB0x232fB0x15e2
0x36de	0x36ddB0x23d7B0x137c
0x36de	0x36ddB0x25c0B0x137c
0x36de	0x36ddB0x26daB0x137c
0x36de	0x36ddB0x2c4aB0x232fB0x137c
0x36de	0x36ddB0x320eB0x232fB0x137c
0x36de	0x36ddB0x23d7B0x15e2
0x36de	0x36ddB0x25c0B0x15e2
0x36de	0x36ddB0x26daB0x15e2
0x36de	0x36ddB0x2c4aB0x232fB0x15e2
0x36de	0x36ddB0x320eB0x232fB0x15e2
0x36e1	0x36ddB0x23d7B0x137c
0x36e1	0x36ddB0x25c0B0x137c
0x36e1	0x36ddB0x26daB0x137c
0x36e1	0x36ddB0x2c4aB0x232fB0x137c
0x36e1	0x36ddB0x320eB0x232fB0x137c
0x36e1	0x36ddB0x23d7B0x15e2
0x36e1	0x36ddB0x25c0B0x15e2
0x36e1	0x36ddB0x26daB0x15e2
0x36e1	0x36ddB0x2c4aB0x232fB0x15e2
0x36e1	0x36ddB0x320eB0x232fB0x15e2
0x36f4	0x36ee
0x36f5	0x36ee
0x36f6	0x36ee
0x36f7	0x36ee
0x36fd	0x36fc
0x36fe	0x36fc
0x3707	0x36fc
0x3717	0x370d
0x3722	0x370d
0x3723	0x370d
0x3726	0x370d
0x3728	0x370d
0x372c	0x370d
0x372e	0x370d
0x3733	0x370d
0x3735	0x370d
0x3745	0x373a
0x3750	0x373a
0x3751	0x373a
0x3754	0x373a
0x3756	0x373a
0x375a	0x373a
0x375c	0x373a
0x3761	0x373a
0x3764	0x3763
0x3774	0x3769
0x377f	0x3769
0x3780	0x3769
0x3783	0x3769
0x3785	0x3769
0x3789	0x3769
0x378b	0x3769
0x3790	0x3769
0x3793	0x37920x36ee
0x3793	0x37920x43b4B0x36ee
0x3794	0x37920x36ee
0x3794	0x37920x43b4B0x36ee
0x3797	0x37920x36ee
0x3797	0x37920x43b4B0x36ee
0x3798	0x37980x36ee
0x3798	0x37980x43b4B0x36ee
0x379a	0x37980x36ee
0x379a	0x37980x43b4B0x36ee
0x379b	0x37980x36ee
0x379b	0x37980x43b4B0x36ee
0x379c	0x37980x36ee
0x379c	0x37980x43b4B0x36ee
0x379e	0x37980x36ee
0x379e	0x37980x43b4B0x36ee
0x379f	0x37980x36ee
0x379f	0x37980x43b4B0x36ee
0x37a4	0x37980x36ee
0x37a4	0x37980x43b4B0x36ee
0x37a6	0x37980x36ee
0x37a6	0x37980x43b4B0x36ee
0x37a7	0x37980x36ee
0x37a7	0x37980x43b4B0x36ee
0x37a8	0x37980x36ee
0x37a8	0x37980x43b4B0x36ee
0x37a9	0x37980x36ee
0x37a9	0x37980x43b4B0x36ee
0x37ab	0x37980x36ee
0x37ab	0x37980x43b4B0x36ee
0x37ad	0x37980x36ee
0x37ad	0x37980x43b4B0x36ee
0x37af	0x37980x36ee
0x37af	0x37980x43b4B0x36ee
0x37b0	0x37980x36ee
0x37b0	0x37980x43b4B0x36ee
0x37b1	0x37980x36ee
0x37b1	0x37980x43b4B0x36ee
0x37b2	0x37980x36ee
0x37b2	0x37980x43b4B0x36ee
0x37b3	0x37980x36ee
0x37b3	0x37980x43b4B0x36ee
0x37b4	0x37980x36ee
0x37b4	0x37980x43b4B0x36ee
0x37b5	0x37980x36ee
0x37b5	0x37980x43b4B0x36ee
0x37b6	0x37980x36ee
0x37b6	0x37980x43b4B0x36ee
0x37b7	0x37980x36ee
0x37b7	0x37980x43b4B0x36ee
0x37b8	0x37980x36ee
0x37b8	0x37980x43b4B0x36ee
0x37b9	0x37980x36ee
0x37b9	0x37980x43b4B0x36ee
0x37ba	0x37980x36ee
0x37ba	0x37980x43b4B0x36ee
0x37bc	0x37980x36ee
0x37bc	0x37980x43b4B0x36ee
0x37be	0x37980x36ee
0x37be	0x37980x43b4B0x36ee
0x37c0	0x37980x36ee
0x37c0	0x37980x43b4B0x36ee
0x37c1	0x37980x36ee
0x37c1	0x37980x43b4B0x36ee
0x37c2	0x37980x36ee
0x37c2	0x37980x43b4B0x36ee
0x37c3	0x37980x36ee
0x37c3	0x37980x43b4B0x36ee
0x37c4	0x37980x36ee
0x37c4	0x37980x43b4B0x36ee
0x37c9	0x37980x36ee
0x37c9	0x37980x43b4B0x36ee
0x37ca	0x37980x36ee
0x37ca	0x37980x43b4B0x36ee
0x37cc	0x37980x36ee
0x37cc	0x37980x43b4B0x36ee
0x37ce	0x37cd0x36ee
0x37ce	0x37cd0x43b4B0x36ee
0x37d0	0x37cd0x36ee
0x37d0	0x37cd0x43b4B0x36ee
0x37d2	0x37cd0x36ee
0x37d2	0x37cd0x43b4B0x36ee
0x37d3	0x37cd0x36ee
0x37d3	0x37cd0x43b4B0x36ee
0x37d4	0x37cd0x36ee
0x37d4	0x37cd0x43b4B0x36ee
0x37d5	0x37cd0x36ee
0x37d5	0x37cd0x43b4B0x36ee
0x37d6	0x37cd0x36ee
0x37d6	0x37cd0x43b4B0x36ee
0x37d7	0x37cd0x36ee
0x37d7	0x37cd0x43b4B0x36ee
0x37d8	0x37cd0x36ee
0x37d8	0x37cd0x43b4B0x36ee
0x37d9	0x37cd0x36ee
0x37d9	0x37cd0x43b4B0x36ee
0x37da	0x37cd0x36ee
0x37da	0x37cd0x43b4B0x36ee
0x37db	0x37cd0x36ee
0x37db	0x37cd0x43b4B0x36ee
0x37dc	0x37cd0x36ee
0x37dc	0x37cd0x43b4B0x36ee
0x37dd	0x37cd0x36ee
0x37dd	0x37cd0x43b4B0x36ee
0x37e0	0x37cd0x36ee
0x37e0	0x37cd0x43b4B0x36ee
0x37e1	0x37e10x36ee
0x37e1	0x37e10x43b4B0x36ee
0x37e2	0x37e10x36ee
0x37e2	0x37e10x43b4B0x36ee
0x37e4	0x37e10x36ee
0x37e4	0x37e10x43b4B0x36ee
0x37e5	0x37e10x36ee
0x37e5	0x37e10x43b4B0x36ee
0x37e6	0x37e10x36ee
0x37e6	0x37e10x43b4B0x36ee
0x37e7	0x37e10x36ee
0x37e7	0x37e10x43b4B0x36ee
0x37e9	0x37e10x36ee
0x37e9	0x37e10x43b4B0x36ee
0x37eb	0x37ea0x36ee
0x37eb	0x37ea0x43b4B0x36ee
0x37ec	0x37ea0x36ee
0x37ec	0x37ea0x43b4B0x36ee
0x37ed	0x37ea0x36ee
0x37ed	0x37ea0x43b4B0x36ee
0x37ee	0x37ea0x36ee
0x37ee	0x37ea0x43b4B0x36ee
0x37ef	0x37ea0x36ee
0x37ef	0x37ea0x43b4B0x36ee
0x37f1	0x37ea0x36ee
0x37f1	0x37ea0x43b4B0x36ee
0x37f2	0x37ea0x36ee
0x37f2	0x37ea0x43b4B0x36ee
0x37f3	0x37ea0x36ee
0x37f3	0x37ea0x43b4B0x36ee
0x37f5	0x37ea0x36ee
0x37f5	0x37ea0x43b4B0x36ee
0x37f6	0x37ea0x36ee
0x37f6	0x37ea0x43b4B0x36ee
0x37f8	0x37ea0x36ee
0x37f8	0x37ea0x43b4B0x36ee
0x37f9	0x37ea0x36ee
0x37f9	0x37ea0x43b4B0x36ee
0x37fa	0x37ea0x36ee
0x37fa	0x37ea0x43b4B0x36ee
0x37fb	0x37ea0x36ee
0x37fb	0x37ea0x43b4B0x36ee
0x37fc	0x37ea0x36ee
0x37fc	0x37ea0x43b4B0x36ee
0x37fd	0x37ea0x36ee
0x37fd	0x37ea0x43b4B0x36ee
0x37fe	0x37ea0x36ee
0x37fe	0x37ea0x43b4B0x36ee
0x3800	0x37ea0x36ee
0x3800	0x37ea0x43b4B0x36ee
0x3801	0x37ea0x36ee
0x3801	0x37ea0x43b4B0x36ee
0x3802	0x37ea0x36ee
0x3802	0x37ea0x43b4B0x36ee
0x3803	0x37ea0x36ee
0x3803	0x37ea0x43b4B0x36ee
0x3804	0x37ea0x36ee
0x3804	0x37ea0x43b4B0x36ee
0x3805	0x37ea0x36ee
0x3805	0x37ea0x43b4B0x36ee
0x3808	0x37ea0x36ee
0x3808	0x37ea0x43b4B0x36ee
0x3809	0x37ea0x36ee
0x3809	0x37ea0x43b4B0x36ee
0x380a	0x37ea0x36ee
0x380a	0x37ea0x43b4B0x36ee
0x380d	0x37ea0x36ee
0x380d	0x37ea0x43b4B0x36ee
0x3818	0x380e
0x3822	0x381f
0x3823	0x381f
0x3824	0x381f
0x3832	0x382e
0x3833	0x382e
0x3834	0x382e
0x3835	0x382e
0x3869	0x383aB0x2a2dB0x1dfcB0x15c7
0x38bb	0x3899B0x2a2dB0x1dfcB0x15c7
0x38c3	0x38bdB0x2a2dB0x1dfcB0x15c7
0x38e8	0x38bdB0x2a2dB0x1dfcB0x15c7
0x390c	0x38bdB0x2a2dB0x1dfcB0x15c7
0x390d	0x38bdB0x2a2dB0x1dfcB0x15c7
0x390f	0x38bdB0x2a2dB0x1dfcB0x15c7
0x3910	0x38bdB0x2a2dB0x1dfcB0x15c7
0x3911	0x38bdB0x2a2dB0x1dfcB0x15c7
0x3936	0x38bdB0x2a2dB0x1dfcB0x15c7
0x393c	0x38bdB0x2a2dB0x1dfcB0x15c7
0x3942	0x38bdB0x2a2dB0x1dfcB0x15c7
0x3947	0x38bdB0x2a2dB0x1dfcB0x15c7
0x3950	0x38bdB0x2a2dB0x1dfcB0x15c7
0x3951	0x38bdB0x2a2dB0x1dfcB0x15c7
0x3954	0x38bdB0x2a2dB0x1dfcB0x15c7
0x3956	0x38bdB0x2a2dB0x1dfcB0x15c7
0x395a	0x38bdB0x2a2dB0x1dfcB0x15c7
0x395c	0x38bdB0x2a2dB0x1dfcB0x15c7
0x3961	0x38bdB0x2a2dB0x1dfcB0x15c7
0x3962	0x38bdB0x2a2dB0x1dfcB0x15c7
0x3963	0x38bdB0x2a2dB0x1dfcB0x15c7
0x3966	0x3965B0x2a2dB0x1dfcB0x15c7
0x3967	0x3965B0x2a2dB0x1dfcB0x15c7
0x3968	0x3965B0x2a2dB0x1dfcB0x15c7
0x396d	0x396aB0x2a5aB0x1e6bB0x15c7
0x398f	0x396aB0x2a5aB0x1e6bB0x15c7
0x3999	0x3996B0x2a5aB0x1e6bB0x15c7
0x399a	0x3996B0x2a5aB0x1e6bB0x15c7
0x39a4	0x39a1B0x2a5aB0x1e6bB0x15c7
0x39a8	0x39a1B0x2a5aB0x1e6bB0x15c7
0x39a9	0x39a1B0x2a5aB0x1e6bB0x15c7
0x39ad	0x39a1B0x2a5aB0x1e6bB0x15c7
0x39af	0x39a1B0x2a5aB0x1e6bB0x15c7
0x39b0	0x39a1B0x2a5aB0x1e6bB0x15c7
0x39b2	0x39a1B0x2a5aB0x1e6bB0x15c7
0x39b3	0x39a1B0x2a5aB0x1e6bB0x15c7
0x39b7	0x39a1B0x2a5aB0x1e6bB0x15c7
0x39b9	0x39a1B0x2a5aB0x1e6bB0x15c7
0x39ba	0x39a1B0x2a5aB0x1e6bB0x15c7
0x39bc	0x39a1B0x2a5aB0x1e6bB0x15c7
0x39bd	0x39a1B0x2a5aB0x1e6bB0x15c7
0x39be	0x39a1B0x2a5aB0x1e6bB0x15c7
0x39c2	0x39a1B0x2a5aB0x1e6bB0x15c7
0x39c4	0x39a1B0x2a5aB0x1e6bB0x15c7
0x39c5	0x39a1B0x2a5aB0x1e6bB0x15c7
0x39c9	0x39a1B0x2a5aB0x1e6bB0x15c7
0x39cb	0x39a1B0x2a5aB0x1e6bB0x15c7
0x39cc	0x39a1B0x2a5aB0x1e6bB0x15c7
0x39d0	0x39a1B0x2a5aB0x1e6bB0x15c7
0x39db	0x39a1B0x2a5aB0x1e6bB0x15c7
0x39dd	0x39a1B0x2a5aB0x1e6bB0x15c7
0x39de	0x39a1B0x2a5aB0x1e6bB0x15c7
0x39df	0x39a1B0x2a5aB0x1e6bB0x15c7
0x39e1	0x39a1B0x2a5aB0x1e6bB0x15c7
0x39e2	0x39a1B0x2a5aB0x1e6bB0x15c7
0x39e6	0x39a1B0x2a5aB0x1e6bB0x15c7
0x39ef	0x39ecB0x2a5aB0x1e6bB0x15c7
0x39f6	0x39f5B0x2a5aB0x1e6bB0x15c7
0x39f7	0x39f5B0x2a5aB0x1e6bB0x15c7
0x3a00	0x39f5B0x2a5aB0x1e6bB0x15c7
0x3a01	0x39f5B0x2a5aB0x1e6bB0x15c7
0x3a02	0x39f5B0x2a5aB0x1e6bB0x15c7
0x3a0b	0x39f5B0x2a5aB0x1e6bB0x15c7
0x3a15	0x3a11B0x2a5aB0x1e6bB0x15c7
0x3a16	0x3a11B0x2a5aB0x1e6bB0x15c7
0x3a17	0x3a11B0x2a5aB0x1e6bB0x15c7
0x3a18	0x3a11B0x2a5aB0x1e6bB0x15c7
0x3a19	0x3a11B0x2a5aB0x1e6bB0x15c7
0x3a1f	0x3a1eB0x2a5aB0x1e6bB0x15c7
0x3a20	0x3a1eB0x2a5aB0x1e6bB0x15c7
0x3a23	0x3a1eB0x2a5aB0x1e6bB0x15c7
0x3a24	0x3a1eB0x2a5aB0x1e6bB0x15c7
0x3a31	0x3a2eB0x2a6bB0x1e6bB0x15c7
0x3a34	0x3a2eB0x2a6bB0x1e6bB0x15c7
0x3a4d	0x3a4aB0x2a6bB0x1e6bB0x15c7
0x3a50	0x3a4aB0x2a6bB0x1e6bB0x15c7
0x3a6e	0x3a64B0x2a6bB0x1e6bB0x15c7
0x3a74	0x3a64B0x2a6bB0x1e6bB0x15c7
0x3a7b	0x3a64B0x2a6bB0x1e6bB0x15c7
0x3aa1	0x3a64B0x2a6bB0x1e6bB0x15c7
0x3aae	0x3aabB0x2a6bB0x1e6bB0x15c7
0x3ab1	0x3aabB0x2a6bB0x1e6bB0x15c7
0x3acf	0x3ac5B0x2a6bB0x1e6bB0x15c7
0x3ad5	0x3ac5B0x2a6bB0x1e6bB0x15c7
0x3adc	0x3ac5B0x2a6bB0x1e6bB0x15c7
0x3b02	0x3ac5B0x2a6bB0x1e6bB0x15c7
0x3b0f	0x3b0cB0x2a6bB0x1e6bB0x15c7
0x3b12	0x3b0cB0x2a6bB0x1e6bB0x15c7
0x3b30	0x3b26B0x2a6bB0x1e6bB0x15c7
0x3b36	0x3b26B0x2a6bB0x1e6bB0x15c7
0x3b3d	0x3b26B0x2a6bB0x1e6bB0x15c7
0x3b63	0x3b26B0x2a6bB0x1e6bB0x15c7
0x3b6e	0x3b26B0x2a6bB0x1e6bB0x15c7
0x3b7b	0x3b78
0x3b88	0x3b78
0x3b94	0x3b78
0x3b95	0x3b78
0x3b97	0x3b78
0x3b98	0x3b78
0x3b99	0x3b78
0x3b9d	0x3b78
0x3ba6	0x3b78
0x3ba7	0x3b78
0x3ba9	0x3b78
0x3baf	0x3b78
0x3bb8	0x3b78
0x3bb9	0x3b78
0x3bbb	0x3b78
0x3bbc	0x3b78
0x3bc0	0x3b78
0x3bc9	0x3bc6
0x3bd0	0x3bcf
0x3bd1	0x3bcf
0x3bd2	0x3bcf
0x3bd3	0x3bcf
0x3bdd	0x3bcf
0x3be0	0x3bcf
0x3be2	0x3bcf
0x3be6	0x3bcf
0x3be7	0x3bcf
0x3be9	0x3bcf
0x3bed	0x3bcf
0x3bee	0x3bcf
0x3bf4	0x3bf3
0x3bf5	0x3bf3
0x3bf6	0x3bf3
0x3c00	0x3bf3
0x3c16	0x3c13
0x3c1b	0x3c13
0x3c20	0x3c13
0x3c21	0x3c13
0x3c2b	0x3c2a
0x3c3a	0x3c2a
0x3c3f	0x3c2a
0x3c44	0x3c2a
0x3c49	0x3c2a
0x3c51	0x3c2a
0x3c5b	0x3c2a
0x3c63	0x3c2a
0x3c64	0x3c2a
0x3c65	0x3c2a
0x3c66	0x3c2a
0x3c67	0x3c2a
0x3c72	0x3c6c
0x3c73	0x3c6c
0x3c75	0x3c6c
0x3c78	0x3c6c
0x3c79	0x3c6c
0x3c7c	0x3c6c
0x3c84	0x3c82
0x3c87	0x3c86
0x3c8b	0x3c86
0x3c94	0x3c91
0x3cae	0x3ca2B0x3c13
0x3cae	0x3ca2B0x382e
0x3cae	0x3ca2B0x2dfdB0x232fB0x137c
0x3cae	0x3ca2B0x3eeaB0x232fB0x137c
0x3cae	0x3ca2B0x2dfdB0x232fB0x15e2
0x3cae	0x3ca2B0x3eeaB0x232fB0x15e2
0x3caf	0x3ca2B0x3c13
0x3caf	0x3ca2B0x382e
0x3caf	0x3ca2B0x2dfdB0x232fB0x137c
0x3caf	0x3ca2B0x3eeaB0x232fB0x137c
0x3caf	0x3ca2B0x2dfdB0x232fB0x15e2
0x3caf	0x3ca2B0x3eeaB0x232fB0x15e2
0x3cb3	0x3ca2B0x3c13
0x3cb3	0x3ca2B0x382e
0x3cb3	0x3ca2B0x2dfdB0x232fB0x137c
0x3cb3	0x3ca2B0x3eeaB0x232fB0x137c
0x3cb3	0x3ca2B0x2dfdB0x232fB0x15e2
0x3cb3	0x3ca2B0x3eeaB0x232fB0x15e2
0x3cb6	0x3ca2B0x3c13
0x3cb6	0x3ca2B0x382e
0x3cb6	0x3ca2B0x2dfdB0x232fB0x137c
0x3cb6	0x3ca2B0x3eeaB0x232fB0x137c
0x3cb6	0x3ca2B0x2dfdB0x232fB0x15e2
0x3cb6	0x3ca2B0x3eeaB0x232fB0x15e2
0x3cba	0x3ca2B0x3c13
0x3cba	0x3ca2B0x382e
0x3cba	0x3ca2B0x2dfdB0x232fB0x137c
0x3cba	0x3ca2B0x3eeaB0x232fB0x137c
0x3cba	0x3ca2B0x2dfdB0x232fB0x15e2
0x3cba	0x3ca2B0x3eeaB0x232fB0x15e2
0x3cbf	0x3ca2B0x3c13
0x3cbf	0x3ca2B0x382e
0x3cbf	0x3ca2B0x2dfdB0x232fB0x137c
0x3cbf	0x3ca2B0x3eeaB0x232fB0x137c
0x3cbf	0x3ca2B0x2dfdB0x232fB0x15e2
0x3cbf	0x3ca2B0x3eeaB0x232fB0x15e2
0x3cc1	0x3ca2B0x3c13
0x3cc1	0x3ca2B0x382e
0x3cc1	0x3ca2B0x2dfdB0x232fB0x137c
0x3cc1	0x3ca2B0x3eeaB0x232fB0x137c
0x3cc1	0x3ca2B0x2dfdB0x232fB0x15e2
0x3cc1	0x3ca2B0x3eeaB0x232fB0x15e2
0x3cc2	0x3ca2B0x3c13
0x3cc2	0x3ca2B0x382e
0x3cc2	0x3ca2B0x2dfdB0x232fB0x137c
0x3cc2	0x3ca2B0x3eeaB0x232fB0x137c
0x3cc2	0x3ca2B0x2dfdB0x232fB0x15e2
0x3cc2	0x3ca2B0x3eeaB0x232fB0x15e2
0x3cc7	0x3ca2B0x3c13
0x3cc7	0x3ca2B0x382e
0x3cc7	0x3ca2B0x2dfdB0x232fB0x137c
0x3cc7	0x3ca2B0x3eeaB0x232fB0x137c
0x3cc7	0x3ca2B0x2dfdB0x232fB0x15e2
0x3cc7	0x3ca2B0x3eeaB0x232fB0x15e2
0x3cc8	0x3ca2B0x3c13
0x3cc8	0x3ca2B0x382e
0x3cc8	0x3ca2B0x2dfdB0x232fB0x137c
0x3cc8	0x3ca2B0x3eeaB0x232fB0x137c
0x3cc8	0x3ca2B0x2dfdB0x232fB0x15e2
0x3cc8	0x3ca2B0x3eeaB0x232fB0x15e2
0x3cc9	0x3ca2B0x3c13
0x3cc9	0x3ca2B0x382e
0x3cc9	0x3ca2B0x2dfdB0x232fB0x137c
0x3cc9	0x3ca2B0x3eeaB0x232fB0x137c
0x3cc9	0x3ca2B0x2dfdB0x232fB0x15e2
0x3cc9	0x3ca2B0x3eeaB0x232fB0x15e2
0x3cd2	0x3ca2B0x3c13
0x3cd2	0x3ca2B0x382e
0x3cd2	0x3ca2B0x2dfdB0x232fB0x137c
0x3cd2	0x3ca2B0x3eeaB0x232fB0x137c
0x3cd2	0x3ca2B0x2dfdB0x232fB0x15e2
0x3cd2	0x3ca2B0x3eeaB0x232fB0x15e2
0x3cd9	0x3cd6B0x464aB0x381f
0x3cd9	0x3cd6B0x3ca2B0x3c13
0x3cd9	0x3cd6B0x3ca2B0x382e
0x3cd9	0x3cd6B0x3ca2B0x2dfdB0x232fB0x137c
0x3cd9	0x3cd6B0x3ca2B0x3eeaB0x232fB0x137c
0x3cd9	0x3cd6B0x464aB0x40c3B0x232fB0x137c
0x3cd9	0x3cd6B0x3ca2B0x2dfdB0x232fB0x15e2
0x3cd9	0x3cd6B0x3ca2B0x3eeaB0x232fB0x15e2
0x3cd9	0x3cd6B0x464aB0x40c3B0x232fB0x15e2
0x3cde	0x3cd6B0x464aB0x381f
0x3cde	0x3cd6B0x3ca2B0x3c13
0x3cde	0x3cd6B0x3ca2B0x382e
0x3cde	0x3cd6B0x3ca2B0x2dfdB0x232fB0x137c
0x3cde	0x3cd6B0x3ca2B0x3eeaB0x232fB0x137c
0x3cde	0x3cd6B0x464aB0x40c3B0x232fB0x137c
0x3cde	0x3cd6B0x3ca2B0x2dfdB0x232fB0x15e2
0x3cde	0x3cd6B0x3ca2B0x3eeaB0x232fB0x15e2
0x3cde	0x3cd6B0x464aB0x40c3B0x232fB0x15e2
0x3cdf	0x3cd6B0x464aB0x381f
0x3cdf	0x3cd6B0x3ca2B0x3c13
0x3cdf	0x3cd6B0x3ca2B0x382e
0x3cdf	0x3cd6B0x3ca2B0x2dfdB0x232fB0x137c
0x3cdf	0x3cd6B0x3ca2B0x3eeaB0x232fB0x137c
0x3cdf	0x3cd6B0x464aB0x40c3B0x232fB0x137c
0x3cdf	0x3cd6B0x3ca2B0x2dfdB0x232fB0x15e2
0x3cdf	0x3cd6B0x3ca2B0x3eeaB0x232fB0x15e2
0x3cdf	0x3cd6B0x464aB0x40c3B0x232fB0x15e2
0x3ce2	0x3cd6B0x464aB0x381f
0x3ce2	0x3cd6B0x3ca2B0x3c13
0x3ce2	0x3cd6B0x3ca2B0x382e
0x3ce2	0x3cd6B0x3ca2B0x2dfdB0x232fB0x137c
0x3ce2	0x3cd6B0x3ca2B0x3eeaB0x232fB0x137c
0x3ce2	0x3cd6B0x464aB0x40c3B0x232fB0x137c
0x3ce2	0x3cd6B0x3ca2B0x2dfdB0x232fB0x15e2
0x3ce2	0x3cd6B0x3ca2B0x3eeaB0x232fB0x15e2
0x3ce2	0x3cd6B0x464aB0x40c3B0x232fB0x15e2
0x3ce4	0x3cd6B0x464aB0x381f
0x3ce4	0x3cd6B0x3ca2B0x3c13
0x3ce4	0x3cd6B0x3ca2B0x382e
0x3ce4	0x3cd6B0x3ca2B0x2dfdB0x232fB0x137c
0x3ce4	0x3cd6B0x3ca2B0x3eeaB0x232fB0x137c
0x3ce4	0x3cd6B0x464aB0x40c3B0x232fB0x137c
0x3ce4	0x3cd6B0x3ca2B0x2dfdB0x232fB0x15e2
0x3ce4	0x3cd6B0x3ca2B0x3eeaB0x232fB0x15e2
0x3ce4	0x3cd6B0x464aB0x40c3B0x232fB0x15e2
0x3ce5	0x3cd6B0x464aB0x381f
0x3ce5	0x3cd6B0x3ca2B0x3c13
0x3ce5	0x3cd6B0x3ca2B0x382e
0x3ce5	0x3cd6B0x3ca2B0x2dfdB0x232fB0x137c
0x3ce5	0x3cd6B0x3ca2B0x3eeaB0x232fB0x137c
0x3ce5	0x3cd6B0x464aB0x40c3B0x232fB0x137c
0x3ce5	0x3cd6B0x3ca2B0x2dfdB0x232fB0x15e2
0x3ce5	0x3cd6B0x3ca2B0x3eeaB0x232fB0x15e2
0x3ce5	0x3cd6B0x464aB0x40c3B0x232fB0x15e2
0x3ce9	0x3cd6B0x464aB0x381f
0x3ce9	0x3cd6B0x3ca2B0x3c13
0x3ce9	0x3cd6B0x3ca2B0x382e
0x3ce9	0x3cd6B0x3ca2B0x2dfdB0x232fB0x137c
0x3ce9	0x3cd6B0x3ca2B0x3eeaB0x232fB0x137c
0x3ce9	0x3cd6B0x464aB0x40c3B0x232fB0x137c
0x3ce9	0x3cd6B0x3ca2B0x2dfdB0x232fB0x15e2
0x3ce9	0x3cd6B0x3ca2B0x3eeaB0x232fB0x15e2
0x3ce9	0x3cd6B0x464aB0x40c3B0x232fB0x15e2
0x3ceb	0x3cd6B0x464aB0x381f
0x3ceb	0x3cd6B0x3ca2B0x3c13
0x3ceb	0x3cd6B0x3ca2B0x382e
0x3ceb	0x3cd6B0x3ca2B0x2dfdB0x232fB0x137c
0x3ceb	0x3cd6B0x3ca2B0x3eeaB0x232fB0x137c
0x3ceb	0x3cd6B0x464aB0x40c3B0x232fB0x137c
0x3ceb	0x3cd6B0x3ca2B0x2dfdB0x232fB0x15e2
0x3ceb	0x3cd6B0x3ca2B0x3eeaB0x232fB0x15e2
0x3ceb	0x3cd6B0x464aB0x40c3B0x232fB0x15e2
0x3cff	0x3cd6B0x464aB0x381f
0x3cff	0x3cd6B0x3ca2B0x3c13
0x3cff	0x3cd6B0x3ca2B0x382e
0x3cff	0x3cd6B0x3ca2B0x2dfdB0x232fB0x137c
0x3cff	0x3cd6B0x3ca2B0x3eeaB0x232fB0x137c
0x3cff	0x3cd6B0x464aB0x40c3B0x232fB0x137c
0x3cff	0x3cd6B0x3ca2B0x2dfdB0x232fB0x15e2
0x3cff	0x3cd6B0x3ca2B0x3eeaB0x232fB0x15e2
0x3cff	0x3cd6B0x464aB0x40c3B0x232fB0x15e2
0x3d00	0x3cd6B0x464aB0x381f
0x3d00	0x3cd6B0x3ca2B0x3c13
0x3d00	0x3cd6B0x3ca2B0x382e
0x3d00	0x3cd6B0x3ca2B0x2dfdB0x232fB0x137c
0x3d00	0x3cd6B0x3ca2B0x3eeaB0x232fB0x137c
0x3d00	0x3cd6B0x464aB0x40c3B0x232fB0x137c
0x3d00	0x3cd6B0x3ca2B0x2dfdB0x232fB0x15e2
0x3d00	0x3cd6B0x3ca2B0x3eeaB0x232fB0x15e2
0x3d00	0x3cd6B0x464aB0x40c3B0x232fB0x15e2
0x3d02	0x3cd6B0x464aB0x381f
0x3d02	0x3cd6B0x3ca2B0x3c13
0x3d02	0x3cd6B0x3ca2B0x382e
0x3d02	0x3cd6B0x3ca2B0x2dfdB0x232fB0x137c
0x3d02	0x3cd6B0x3ca2B0x3eeaB0x232fB0x137c
0x3d02	0x3cd6B0x464aB0x40c3B0x232fB0x137c
0x3d02	0x3cd6B0x3ca2B0x2dfdB0x232fB0x15e2
0x3d02	0x3cd6B0x3ca2B0x3eeaB0x232fB0x15e2
0x3d02	0x3cd6B0x464aB0x40c3B0x232fB0x15e2
0x3d03	0x3cd6B0x464aB0x381f
0x3d03	0x3cd6B0x3ca2B0x3c13
0x3d03	0x3cd6B0x3ca2B0x382e
0x3d03	0x3cd6B0x3ca2B0x2dfdB0x232fB0x137c
0x3d03	0x3cd6B0x3ca2B0x3eeaB0x232fB0x137c
0x3d03	0x3cd6B0x464aB0x40c3B0x232fB0x137c
0x3d03	0x3cd6B0x3ca2B0x2dfdB0x232fB0x15e2
0x3d03	0x3cd6B0x3ca2B0x3eeaB0x232fB0x15e2
0x3d03	0x3cd6B0x464aB0x40c3B0x232fB0x15e2
0x3d04	0x3cd6B0x464aB0x381f
0x3d04	0x3cd6B0x3ca2B0x3c13
0x3d04	0x3cd6B0x3ca2B0x382e
0x3d04	0x3cd6B0x3ca2B0x2dfdB0x232fB0x137c
0x3d04	0x3cd6B0x3ca2B0x3eeaB0x232fB0x137c
0x3d04	0x3cd6B0x464aB0x40c3B0x232fB0x137c
0x3d04	0x3cd6B0x3ca2B0x2dfdB0x232fB0x15e2
0x3d04	0x3cd6B0x3ca2B0x3eeaB0x232fB0x15e2
0x3d04	0x3cd6B0x464aB0x40c3B0x232fB0x15e2
0x3d06	0x3cd6B0x464aB0x381f
0x3d06	0x3cd6B0x3ca2B0x3c13
0x3d06	0x3cd6B0x3ca2B0x382e
0x3d06	0x3cd6B0x3ca2B0x2dfdB0x232fB0x137c
0x3d06	0x3cd6B0x3ca2B0x3eeaB0x232fB0x137c
0x3d06	0x3cd6B0x464aB0x40c3B0x232fB0x137c
0x3d06	0x3cd6B0x3ca2B0x2dfdB0x232fB0x15e2
0x3d06	0x3cd6B0x3ca2B0x3eeaB0x232fB0x15e2
0x3d06	0x3cd6B0x464aB0x40c3B0x232fB0x15e2
0x3d07	0x3cd6B0x464aB0x381f
0x3d07	0x3cd6B0x3ca2B0x3c13
0x3d07	0x3cd6B0x3ca2B0x382e
0x3d07	0x3cd6B0x3ca2B0x2dfdB0x232fB0x137c
0x3d07	0x3cd6B0x3ca2B0x3eeaB0x232fB0x137c
0x3d07	0x3cd6B0x464aB0x40c3B0x232fB0x137c
0x3d07	0x3cd6B0x3ca2B0x2dfdB0x232fB0x15e2
0x3d07	0x3cd6B0x3ca2B0x3eeaB0x232fB0x15e2
0x3d07	0x3cd6B0x464aB0x40c3B0x232fB0x15e2
0x3d10	0x3d0d
0x3d1d	0x3d0d
0x3d29	0x3d0d
0x3d2a	0x3d0d
0x3d2c	0x3d0d
0x3d2d	0x3d0d
0x3d2e	0x3d0d
0x3d32	0x3d0d
0x3d33	0x3d0d
0x3d34	0x3d0d
0x3d3e	0x3d0d
0x3d44	0x3d0d
0x3d4d	0x3d0d
0x3d4e	0x3d0d
0x3d50	0x3d0d
0x3d51	0x3d0d
0x3d55	0x3d0d
0x3d5e	0x3d5b
0x3d65	0x3d64
0x3d66	0x3d64
0x3d67	0x3d64
0x3d68	0x3d64
0x3d72	0x3d64
0x3d75	0x3d64
0x3d77	0x3d64
0x3d7b	0x3d64
0x3d7c	0x3d64
0x3d7e	0x3d64
0x3d82	0x3d64
0x3d83	0x3d64
0x3d89	0x3d88
0x3d8d	0x3d88
0x3d92	0x3d88
0x3d93	0x3d88
0x3d98	0x3d88
0x3d9d	0x3d88
0x3da0	0x3d88
0x3daa	0x3d88
0x3dac	0x3d88
0x3dad	0x3d88
0x3dae	0x3d88
0x3db7	0x3d88
0x3db9	0x3d88
0x3dbf	0x3d88
0x3dc3	0x3d88
0x3dc4	0x3d88
0x3dc5	0x3d88
0x3dc6	0x3d88
0x3dc7	0x3d88
0x3dc8	0x3d88
0x3dc9	0x3d88
0x3dd2	0x3dd10x3d0d
0x3dd2	0x3dd10x3e14
0x3dd2	0x3dd10x40e7
0x3dd2	0x3dd10x420a
0x3dd4	0x3dd10x3d0d
0x3dd4	0x3dd10x3e14
0x3dd4	0x3dd10x40e7
0x3dd4	0x3dd10x420a
0x3dd6	0x3dd10x3d0d
0x3dd6	0x3dd10x3e14
0x3dd6	0x3dd10x40e7
0x3dd6	0x3dd10x420a
0x3dd7	0x3dd10x3d0d
0x3dd7	0x3dd10x3e14
0x3dd7	0x3dd10x40e7
0x3dd7	0x3dd10x420a
0x3dd8	0x3dd10x3d0d
0x3dd8	0x3dd10x3e14
0x3dd8	0x3dd10x40e7
0x3dd8	0x3dd10x420a
0x3dd9	0x3dd10x3d0d
0x3dd9	0x3dd10x3e14
0x3dd9	0x3dd10x40e7
0x3dd9	0x3dd10x420a
0x3dda	0x3dd10x3d0d
0x3dda	0x3dd10x3e14
0x3dda	0x3dd10x40e7
0x3dda	0x3dd10x420a
0x3ddb	0x3dd10x3d0d
0x3ddb	0x3dd10x3e14
0x3ddb	0x3dd10x40e7
0x3ddb	0x3dd10x420a
0x3ddd	0x3dd10x3d0d
0x3ddd	0x3dd10x3e14
0x3ddd	0x3dd10x40e7
0x3ddd	0x3dd10x420a
0x3dde	0x3dd10x3d0d
0x3dde	0x3dd10x3e14
0x3dde	0x3dd10x40e7
0x3dde	0x3dd10x420a
0x3ddf	0x3dd10x3d0d
0x3ddf	0x3dd10x3e14
0x3ddf	0x3dd10x40e7
0x3ddf	0x3dd10x420a
0x3de0	0x3dd10x3d0d
0x3de0	0x3dd10x3e14
0x3de0	0x3dd10x40e7
0x3de0	0x3dd10x420a
0x3de1	0x3dd10x3d0d
0x3de1	0x3dd10x3e14
0x3de1	0x3dd10x40e7
0x3de1	0x3dd10x420a
0x3de2	0x3dd10x3d0d
0x3de2	0x3dd10x3e14
0x3de2	0x3dd10x40e7
0x3de2	0x3dd10x420a
0x3de3	0x3dd10x3d0d
0x3de3	0x3dd10x3e14
0x3de3	0x3dd10x40e7
0x3de3	0x3dd10x420a
0x3de6	0x3dd10x3d0d
0x3de6	0x3dd10x3e14
0x3de6	0x3dd10x40e7
0x3de6	0x3dd10x420a
0x3de7	0x3de70x3d0d
0x3de7	0x3de70x3e14
0x3de7	0x3de70x40e7
0x3de7	0x3de70x420a
0x3de8	0x3de70x3d0d
0x3de8	0x3de70x3e14
0x3de8	0x3de70x40e7
0x3de8	0x3de70x420a
0x3dea	0x3de70x3d0d
0x3dea	0x3de70x3e14
0x3dea	0x3de70x40e7
0x3dea	0x3de70x420a
0x3deb	0x3de70x3d0d
0x3deb	0x3de70x3e14
0x3deb	0x3de70x40e7
0x3deb	0x3de70x420a
0x3dec	0x3de70x3d0d
0x3dec	0x3de70x3e14
0x3dec	0x3de70x40e7
0x3dec	0x3de70x420a
0x3ded	0x3de70x3d0d
0x3ded	0x3de70x3e14
0x3ded	0x3de70x40e7
0x3ded	0x3de70x420a
0x3def	0x3de70x3d0d
0x3def	0x3de70x3e14
0x3def	0x3de70x40e7
0x3def	0x3de70x420a
0x3df1	0x3df00x3d0d
0x3df1	0x3df00x3e14
0x3df1	0x3df00x40e7
0x3df1	0x3df00x420a
0x3df2	0x3df00x3d0d
0x3df2	0x3df00x3e14
0x3df2	0x3df00x40e7
0x3df2	0x3df00x420a
0x3df3	0x3df00x3d0d
0x3df3	0x3df00x3e14
0x3df3	0x3df00x40e7
0x3df3	0x3df00x420a
0x3df4	0x3df00x3d0d
0x3df4	0x3df00x3e14
0x3df4	0x3df00x40e7
0x3df4	0x3df00x420a
0x3df5	0x3df00x3d0d
0x3df5	0x3df00x3e14
0x3df5	0x3df00x40e7
0x3df5	0x3df00x420a
0x3df7	0x3df00x3d0d
0x3df7	0x3df00x3e14
0x3df7	0x3df00x40e7
0x3df7	0x3df00x420a
0x3df8	0x3df00x3d0d
0x3df8	0x3df00x3e14
0x3df8	0x3df00x40e7
0x3df8	0x3df00x420a
0x3df9	0x3df00x3d0d
0x3df9	0x3df00x3e14
0x3df9	0x3df00x40e7
0x3df9	0x3df00x420a
0x3dfb	0x3df00x3d0d
0x3dfb	0x3df00x3e14
0x3dfb	0x3df00x40e7
0x3dfb	0x3df00x420a
0x3dfc	0x3df00x3d0d
0x3dfc	0x3df00x3e14
0x3dfc	0x3df00x40e7
0x3dfc	0x3df00x420a
0x3dfe	0x3df00x3d0d
0x3dfe	0x3df00x3e14
0x3dfe	0x3df00x40e7
0x3dfe	0x3df00x420a
0x3dff	0x3df00x3d0d
0x3dff	0x3df00x3e14
0x3dff	0x3df00x40e7
0x3dff	0x3df00x420a
0x3e00	0x3df00x3d0d
0x3e00	0x3df00x3e14
0x3e00	0x3df00x40e7
0x3e00	0x3df00x420a
0x3e01	0x3df00x3d0d
0x3e01	0x3df00x3e14
0x3e01	0x3df00x40e7
0x3e01	0x3df00x420a
0x3e02	0x3df00x3d0d
0x3e02	0x3df00x3e14
0x3e02	0x3df00x40e7
0x3e02	0x3df00x420a
0x3e03	0x3df00x3d0d
0x3e03	0x3df00x3e14
0x3e03	0x3df00x40e7
0x3e03	0x3df00x420a
0x3e04	0x3df00x3d0d
0x3e04	0x3df00x3e14
0x3e04	0x3df00x40e7
0x3e04	0x3df00x420a
0x3e06	0x3df00x3d0d
0x3e06	0x3df00x3e14
0x3e06	0x3df00x40e7
0x3e06	0x3df00x420a
0x3e07	0x3df00x3d0d
0x3e07	0x3df00x3e14
0x3e07	0x3df00x40e7
0x3e07	0x3df00x420a
0x3e08	0x3df00x3d0d
0x3e08	0x3df00x3e14
0x3e08	0x3df00x40e7
0x3e08	0x3df00x420a
0x3e09	0x3df00x3d0d
0x3e09	0x3df00x3e14
0x3e09	0x3df00x40e7
0x3e09	0x3df00x420a
0x3e0a	0x3df00x3d0d
0x3e0a	0x3df00x3e14
0x3e0a	0x3df00x40e7
0x3e0a	0x3df00x420a
0x3e0b	0x3df00x3d0d
0x3e0b	0x3df00x3e14
0x3e0b	0x3df00x40e7
0x3e0b	0x3df00x420a
0x3e0e	0x3df00x3d0d
0x3e0e	0x3df00x3e14
0x3e0e	0x3df00x40e7
0x3e0e	0x3df00x420a
0x3e0f	0x3df00x3d0d
0x3e0f	0x3df00x3e14
0x3e0f	0x3df00x40e7
0x3e0f	0x3df00x420a
0x3e10	0x3df00x3d0d
0x3e10	0x3df00x3e14
0x3e10	0x3df00x40e7
0x3e10	0x3df00x420a
0x3e13	0x3df00x3d0d
0x3e13	0x3df00x3e14
0x3e13	0x3df00x40e7
0x3e13	0x3df00x420a
0x3e17	0x3e14
0x3e24	0x3e14
0x3e30	0x3e14
0x3e31	0x3e14
0x3e33	0x3e14
0x3e34	0x3e14
0x3e35	0x3e14
0x3e39	0x3e14
0x3e3a	0x3e14
0x3e3b	0x3e14
0x3e45	0x3e14
0x3e4b	0x3e14
0x3e54	0x3e14
0x3e55	0x3e14
0x3e57	0x3e14
0x3e58	0x3e14
0x3e5c	0x3e14
0x3e65	0x3e62
0x3e6c	0x3e6b
0x3e6d	0x3e6b
0x3e6e	0x3e6b
0x3e6f	0x3e6b
0x3e79	0x3e6b
0x3e7c	0x3e6b
0x3e7e	0x3e6b
0x3e82	0x3e6b
0x3e83	0x3e6b
0x3e85	0x3e6b
0x3e89	0x3e6b
0x3e8a	0x3e6b
0x3e90	0x3e8f
0x3e94	0x3e8f
0x3e99	0x3e8f
0x3e9a	0x3e8f
0x3e9f	0x3e8f
0x3ea2	0x3e8f
0x3eac	0x3e8f
0x3eae	0x3e8f
0x3eaf	0x3e8f
0x3eb0	0x3e8f
0x3eb9	0x3e8f
0x3ebb	0x3e8f
0x3ec1	0x3e8f
0x3ec5	0x3e8f
0x3ec6	0x3e8f
0x3ec7	0x3e8f
0x3ec8	0x3e8f
0x3ec9	0x3e8f
0x3eca	0x3e8f
0x3ed5	0x3ed2B0x232fB0x137c
0x3ed5	0x3ed2B0x232fB0x15e2
0x3eda	0x3ed2B0x232fB0x137c
0x3eda	0x3ed2B0x232fB0x15e2
0x3eed	0x3eeaB0x232fB0x137c
0x3eed	0x3eeaB0x232fB0x15e2
0x3ef2	0x3eeaB0x232fB0x137c
0x3ef2	0x3eeaB0x232fB0x15e2
0x3ef8	0x3eeaB0x232fB0x137c
0x3ef8	0x3eeaB0x232fB0x15e2
0x3f02	0x3f01B0x232fB0x137c
0x3f02	0x3f01B0x232fB0x15e2
0x3f06	0x3f01B0x232fB0x137c
0x3f06	0x3f01B0x232fB0x15e2
0x3f14	0x3f01B0x232fB0x137c
0x3f14	0x3f01B0x232fB0x15e2
0x3f1e	0x3f01B0x232fB0x137c
0x3f1e	0x3f01B0x232fB0x15e2
0x3f1f	0x3f01B0x232fB0x137c
0x3f1f	0x3f01B0x232fB0x15e2
0x3f21	0x3f01B0x232fB0x137c
0x3f21	0x3f01B0x232fB0x15e2
0x3f27	0x3f01B0x232fB0x137c
0x3f27	0x3f01B0x232fB0x15e2
0x3f2b	0x3f01B0x232fB0x137c
0x3f2b	0x3f01B0x232fB0x15e2
0x3f2f	0x3f01B0x232fB0x137c
0x3f2f	0x3f01B0x232fB0x15e2
0x3f30	0x3f01B0x232fB0x137c
0x3f30	0x3f01B0x232fB0x15e2
0x3f35	0x3f01B0x232fB0x137c
0x3f35	0x3f01B0x232fB0x15e2
0x3f3d	0x3f37B0x232fB0x137c
0x3f3d	0x3f37B0x232fB0x15e2
0x3f3e	0x3f37B0x232fB0x137c
0x3f3e	0x3f37B0x232fB0x15e2
0x3f40	0x3f37B0x232fB0x137c
0x3f40	0x3f37B0x232fB0x15e2
0x3f43	0x3f37B0x232fB0x137c
0x3f43	0x3f37B0x232fB0x15e2
0x3f44	0x3f37B0x232fB0x137c
0x3f44	0x3f37B0x232fB0x15e2
0x3f47	0x3f37B0x232fB0x137c
0x3f47	0x3f37B0x232fB0x15e2
0x3f4f	0x3f4dB0x232fB0x137c
0x3f4f	0x3f4dB0x232fB0x15e2
0x3f52	0x3f51B0x232fB0x137c
0x3f52	0x3f51B0x232fB0x15e2
0x3f56	0x3f51B0x232fB0x137c
0x3f56	0x3f51B0x232fB0x15e2
0x3f5f	0x3f5cB0x232fB0x137c
0x3f5f	0x3f5cB0x232fB0x15e2
0x3f66	0x3f65B0x232fB0x137c
0x3f66	0x3f65B0x232fB0x15e2
0x3f67	0x3f65B0x232fB0x137c
0x3f67	0x3f65B0x232fB0x15e2
0x3f68	0x3f65B0x232fB0x137c
0x3f68	0x3f65B0x232fB0x15e2
0x3f69	0x3f65B0x232fB0x137c
0x3f69	0x3f65B0x232fB0x15e2
0x3f6c	0x3f65B0x232fB0x137c
0x3f6c	0x3f65B0x232fB0x15e2
0x3f7a	0x3f65B0x232fB0x137c
0x3f7a	0x3f65B0x232fB0x15e2
0x3f87	0x3f65B0x232fB0x137c
0x3f87	0x3f65B0x232fB0x15e2
0x3f88	0x3f65B0x232fB0x137c
0x3f88	0x3f65B0x232fB0x15e2
0x3f8a	0x3f65B0x232fB0x137c
0x3f8a	0x3f65B0x232fB0x15e2
0x3f8b	0x3f65B0x232fB0x137c
0x3f8b	0x3f65B0x232fB0x15e2
0x3f8c	0x3f65B0x232fB0x137c
0x3f8c	0x3f65B0x232fB0x15e2
0x3f8f	0x3f65B0x232fB0x137c
0x3f8f	0x3f65B0x232fB0x15e2
0x3f90	0x3f65B0x232fB0x137c
0x3f90	0x3f65B0x232fB0x15e2
0x3f91	0x3f65B0x232fB0x137c
0x3f91	0x3f65B0x232fB0x15e2
0x3f92	0x3f65B0x232fB0x137c
0x3f92	0x3f65B0x232fB0x15e2
0x3f94	0x3f65B0x232fB0x137c
0x3f94	0x3f65B0x232fB0x15e2
0x3f97	0x3f65B0x232fB0x137c
0x3f97	0x3f65B0x232fB0x15e2
0x3fa0	0x3f9dB0x232fB0x137c
0x3fa0	0x3f9dB0x232fB0x15e2
0x3fa1	0x3f9dB0x232fB0x137c
0x3fa1	0x3f9dB0x232fB0x15e2
0x3faa	0x3f9dB0x232fB0x137c
0x3faa	0x3f9dB0x232fB0x15e2
0x3fb0	0x3f9dB0x232fB0x137c
0x3fb0	0x3f9dB0x232fB0x15e2
0x3fb7	0x3f9dB0x232fB0x137c
0x3fb7	0x3f9dB0x232fB0x15e2
0x3fc1	0x3fbeB0x232fB0x137c
0x3fc1	0x3fbeB0x232fB0x15e2
0x3fc2	0x3fbeB0x232fB0x137c
0x3fc2	0x3fbeB0x232fB0x15e2
0x3fc4	0x3fc3B0x232fB0x137c
0x3fc4	0x3fc3B0x232fB0x15e2
0x3fc5	0x3fc3B0x232fB0x137c
0x3fc5	0x3fc3B0x232fB0x15e2
0x3fc6	0x3fc3B0x232fB0x137c
0x3fc6	0x3fc3B0x232fB0x15e2
0x3fc7	0x3fc3B0x232fB0x137c
0x3fc7	0x3fc3B0x232fB0x15e2
0x3fc8	0x3fc3B0x232fB0x137c
0x3fc8	0x3fc3B0x232fB0x15e2
0x3fd7	0x3fcdB0x232fB0x137c
0x3fd7	0x3fcdB0x232fB0x15e2
0x3fdd	0x3fcdB0x232fB0x137c
0x3fdd	0x3fcdB0x232fB0x15e2
0x3fe4	0x3fcdB0x232fB0x137c
0x3fe4	0x3fcdB0x232fB0x15e2
0x400a	0x3fcdB0x232fB0x137c
0x400a	0x3fcdB0x232fB0x15e2
0x4015	0x4014B0x232fB0x137c
0x4015	0x4014B0x232fB0x15e2
0x4016	0x4014B0x232fB0x137c
0x4016	0x4014B0x232fB0x15e2
0x401b	0x4014B0x232fB0x137c
0x401b	0x4014B0x232fB0x15e2
0x4020	0x401dB0x232fB0x137c
0x4020	0x401dB0x232fB0x15e2
0x4036	0x402cB0x232fB0x137c
0x4036	0x402cB0x232fB0x15e2
0x403c	0x402cB0x232fB0x137c
0x403c	0x402cB0x232fB0x15e2
0x4043	0x402cB0x232fB0x137c
0x4043	0x402cB0x232fB0x15e2
0x4062	0x402cB0x232fB0x137c
0x4062	0x402cB0x232fB0x15e2
0x406d	0x406cB0x232fB0x137c
0x406d	0x406cB0x232fB0x15e2
0x4080	0x406cB0x232fB0x137c
0x4080	0x406cB0x232fB0x15e2
0x4088	0x406cB0x232fB0x137c
0x4088	0x406cB0x232fB0x15e2
0x4092	0x406cB0x232fB0x137c
0x4092	0x406cB0x232fB0x15e2
0x409c	0x406cB0x232fB0x137c
0x409c	0x406cB0x232fB0x15e2
0x409d	0x406cB0x232fB0x137c
0x409d	0x406cB0x232fB0x15e2
0x409f	0x406cB0x232fB0x137c
0x409f	0x406cB0x232fB0x15e2
0x40a0	0x406cB0x232fB0x137c
0x40a0	0x406cB0x232fB0x15e2
0x40a1	0x406cB0x232fB0x137c
0x40a1	0x406cB0x232fB0x15e2
0x40a2	0x406cB0x232fB0x137c
0x40a2	0x406cB0x232fB0x15e2
0x40a5	0x406cB0x232fB0x137c
0x40a5	0x406cB0x232fB0x15e2
0x40ad	0x40abB0x232fB0x137c
0x40ad	0x40abB0x232fB0x15e2
0x40b0	0x40afB0x232fB0x137c
0x40b0	0x40afB0x232fB0x15e2
0x40b4	0x40afB0x232fB0x137c
0x40b4	0x40afB0x232fB0x15e2
0x40bd	0x40baB0x232fB0x137c
0x40bd	0x40baB0x232fB0x15e2
0x40c4	0x40c3B0x232fB0x137c
0x40c4	0x40c3B0x232fB0x15e2
0x40c5	0x40c3B0x232fB0x137c
0x40c5	0x40c3B0x232fB0x15e2
0x40c6	0x40c3B0x232fB0x137c
0x40c6	0x40c3B0x232fB0x15e2
0x40c7	0x40c3B0x232fB0x137c
0x40c7	0x40c3B0x232fB0x15e2
0x40c8	0x40c3B0x232fB0x137c
0x40c8	0x40c3B0x232fB0x15e2
0x40cc	0x40c3B0x232fB0x137c
0x40cc	0x40c3B0x232fB0x15e2
0x40d1	0x40c3B0x232fB0x137c
0x40d1	0x40c3B0x232fB0x15e2
0x40d6	0x40c3B0x232fB0x137c
0x40d6	0x40c3B0x232fB0x15e2
0x40e0	0x40dfB0x232fB0x137c
0x40e0	0x40dfB0x232fB0x15e2
0x40e5	0x40dfB0x232fB0x137c
0x40e5	0x40dfB0x232fB0x15e2
0x40ea	0x40e7
0x40f2	0x40e7
0x40fb	0x40e7
0x40fc	0x40e7
0x40fe	0x40e7
0x410f	0x4105
0x4115	0x4105
0x411c	0x4105
0x4142	0x4105
0x414f	0x414c
0x415c	0x414c
0x4168	0x414c
0x4169	0x414c
0x416b	0x414c
0x416c	0x414c
0x416d	0x414c
0x4171	0x414c
0x417a	0x414c
0x417b	0x414c
0x417d	0x414c
0x4183	0x414c
0x418c	0x414c
0x418d	0x414c
0x418f	0x414c
0x4190	0x414c
0x4194	0x414c
0x419d	0x419a
0x41a4	0x41a3
0x41a5	0x41a3
0x41a6	0x41a3
0x41a7	0x41a3
0x41b1	0x41a3
0x41b4	0x41a3
0x41b6	0x41a3
0x41ba	0x41a3
0x41bb	0x41a3
0x41bd	0x41a3
0x41c1	0x41a3
0x41c2	0x41a3
0x41c8	0x41c7
0x41cc	0x41c7
0x41d1	0x41c7
0x41d2	0x41c7
0x41d7	0x41c7
0x41da	0x41c7
0x41e4	0x41c7
0x41e6	0x41c7
0x41e7	0x41c7
0x41e8	0x41c7
0x41f1	0x41c7
0x41f3	0x41c7
0x41f9	0x41c7
0x41fd	0x41c7
0x41fe	0x41c7
0x41ff	0x41c7
0x4200	0x41c7
0x4201	0x41c7
0x4202	0x41c7
0x420d	0x420a
0x4215	0x420a
0x421e	0x420a
0x421f	0x420a
0x4221	0x420a
0x4232	0x4228
0x4238	0x4228
0x423f	0x4228
0x4265	0x4228
0x4272	0x426f
0x427f	0x426f
0x428b	0x426f
0x428c	0x426f
0x428e	0x426f
0x428f	0x426f
0x4290	0x426f
0x4294	0x426f
0x429d	0x426f
0x429e	0x426f
0x42a0	0x426f
0x42a6	0x426f
0x42af	0x426f
0x42b0	0x426f
0x42b2	0x426f
0x42b3	0x426f
0x42b7	0x426f
0x42c0	0x42bd
0x42c7	0x42c6
0x42c8	0x42c6
0x42c9	0x42c6
0x42ca	0x42c6
0x42d4	0x42c6
0x42d7	0x42c6
0x42d9	0x42c6
0x42dd	0x42c6
0x42de	0x42c6
0x42e0	0x42c6
0x42e4	0x42c6
0x42e5	0x42c6
0x42ed	0x42ea
0x42f0	0x42ea
0x42fd	0x42ea
0x4307	0x42ea
0x4308	0x42ea
0x430c	0x42ea
0x4317	0x42ea
0x4318	0x42ea
0x431c	0x42ea
0x431f	0x42ea
0x4320	0x42ea
0x4321	0x42ea
0x4322	0x42ea
0x4323	0x42ea
0x4325	0x42ea
0x432b	0x42ea
0x4334	0x42ea
0x4335	0x42ea
0x4337	0x42ea
0x4338	0x42ea
0x433c	0x42ea
0x4345	0x4342
0x434c	0x434b
0x434d	0x434b
0x434e	0x434b
0x434f	0x434b
0x4359	0x434b
0x435c	0x434b
0x435e	0x434b
0x4362	0x434b
0x4363	0x434b
0x4365	0x434b
0x4369	0x434b
0x436a	0x434b
0x4378	0x436f
0x4379	0x436f
0x437b	0x436f
0x437c	0x436f
0x4380	0x436f
0x4385	0x436f
0x4386	0x436f
0x438b	0x436f
0x438e	0x436f
0x4398	0x436f
0x439a	0x436f
0x439b	0x436f
0x439d	0x436f
0x43a3	0x436f
0x43a7	0x436f
0x43a8	0x436f
0x43a9	0x436f
0x43aa	0x436f
0x43ab	0x436f
0x43ac	0x436f
0x43bf	0x43b4B0x36ee
0x43c2	0x43b4B0x36ee
0x43c8	0x43c7B0x36ee
0x43d9	0x43cfB0x36ee
0x43df	0x43cfB0x36ee
0x43e6	0x43cfB0x36ee
0x43ff	0x43cfB0x36ee
0x440a	0x4409B0x36ee
0x4410	0x440fB0x36ee
0x4411	0x440fB0x36ee
0x4412	0x440fB0x36ee
0x441c	0x440fB0x36ee
0x4435	0x442bB0x36ee
0x443b	0x442bB0x36ee
0x4442	0x442bB0x36ee
0x4461	0x442bB0x36ee
0x447c	0x4470B0x36ee
0x4487	0x4470B0x36ee
0x4488	0x4470B0x36ee
0x448b	0x4470B0x36ee
0x448d	0x4470B0x36ee
0x4491	0x4470B0x36ee
0x4493	0x4470B0x36ee
0x4498	0x4470B0x36ee
0x44a0	0x449eB0x36ee
0x44ad	0x449eB0x36ee
0x44b7	0x449eB0x36ee
0x44b9	0x449eB0x36ee
0x44ba	0x449eB0x36ee
0x44bc	0x449eB0x36ee
0x44bd	0x449eB0x36ee
0x44be	0x449eB0x36ee
0x44c9	0x449eB0x36ee
0x44cf	0x449eB0x36ee
0x44d9	0x44d3B0x36ee
0x44da	0x44d3B0x36ee
0x44dc	0x44d3B0x36ee
0x44dd	0x44d3B0x36ee
0x44e1	0x44d3B0x36ee
0x44ea	0x44e7B0x36ee
0x44f1	0x44f0B0x36ee
0x44f2	0x44f0B0x36ee
0x44f3	0x44f0B0x36ee
0x44f4	0x44f0B0x36ee
0x44fe	0x44f0B0x36ee
0x4501	0x44f0B0x36ee
0x4503	0x44f0B0x36ee
0x4507	0x44f0B0x36ee
0x4508	0x44f0B0x36ee
0x450a	0x44f0B0x36ee
0x450e	0x44f0B0x36ee
0x450f	0x44f0B0x36ee
0x4515	0x4514B0x36ee
0x4516	0x4514B0x36ee
0x4527	0x451bB0x36ee
0x4532	0x451bB0x36ee
0x4533	0x451bB0x36ee
0x4536	0x451bB0x36ee
0x4538	0x451bB0x36ee
0x453c	0x451bB0x36ee
0x453e	0x451bB0x36ee
0x4543	0x451bB0x36ee
0x4545	0x451bB0x36ee
0x4556	0x454aB0x36ee
0x4561	0x454aB0x36ee
0x4562	0x454aB0x36ee
0x4565	0x454aB0x36ee
0x4567	0x454aB0x36ee
0x456b	0x454aB0x36ee
0x456d	0x454aB0x36ee
0x4572	0x454aB0x36ee
0x457c	0x457aB0x36ee
0x4589	0x457aB0x36ee
0x4593	0x457aB0x36ee
0x4595	0x457aB0x36ee
0x4596	0x457aB0x36ee
0x4598	0x457aB0x36ee
0x4599	0x457aB0x36ee
0x459a	0x457aB0x36ee
0x45a5	0x457aB0x36ee
0x45ab	0x457aB0x36ee
0x45be	0x45b3B0x36ee
0x45c1	0x45b3B0x36ee
0x45c2	0x45b3B0x36ee
0x45cb	0x45b3B0x36ee
0x45cc	0x45b3B0x36ee
0x45cf	0x45b3B0x36ee
0x45d1	0x45b3B0x36ee
0x45d5	0x45b3B0x36ee
0x45d7	0x45b3B0x36ee
0x45dd	0x45b3B0x36ee
0x45ee	0x45e2B0x36ee
0x45f1	0x45e2B0x36ee
0x45f2	0x45e2B0x36ee
0x45fb	0x45e2B0x36ee
0x45fc	0x45e2B0x36ee
0x45ff	0x45e2B0x36ee
0x4601	0x45e2B0x36ee
0x4605	0x45e2B0x36ee
0x4607	0x45e2B0x36ee
0x4613	0x4611B0x36ee
0x4620	0x4611B0x36ee
0x462a	0x4611B0x36ee
0x462c	0x4611B0x36ee
0x462d	0x4611B0x36ee
0x462f	0x4611B0x36ee
0x4630	0x4611B0x36ee
0x4631	0x4611B0x36ee
0x463c	0x4611B0x36ee
0x4642	0x4611B0x36ee
0x4656	0x464aB0x381f
0x4656	0x464aB0x40c3B0x232fB0x137c
0x4656	0x464aB0x40c3B0x232fB0x15e2
0x465a	0x464aB0x381f
0x465a	0x464aB0x40c3B0x232fB0x137c
0x465a	0x464aB0x40c3B0x232fB0x15e2
0x465f	0x464aB0x381f
0x465f	0x464aB0x40c3B0x232fB0x137c
0x465f	0x464aB0x40c3B0x232fB0x15e2
0x4661	0x464aB0x381f
0x4661	0x464aB0x40c3B0x232fB0x137c
0x4661	0x464aB0x40c3B0x232fB0x15e2
0x4662	0x464aB0x381f
0x4662	0x464aB0x40c3B0x232fB0x137c
0x4662	0x464aB0x40c3B0x232fB0x15e2
0x4667	0x464aB0x381f
0x4667	0x464aB0x40c3B0x232fB0x137c
0x4667	0x464aB0x40c3B0x232fB0x15e2
0x4668	0x464aB0x381f
0x4668	0x464aB0x40c3B0x232fB0x137c
0x4668	0x464aB0x40c3B0x232fB0x15e2
0x4669	0x464aB0x381f
0x4669	0x464aB0x40c3B0x232fB0x137c
0x4669	0x464aB0x40c3B0x232fB0x15e2
0x4672	0x464aB0x381f
0x4672	0x464aB0x40c3B0x232fB0x137c
0x4672	0x464aB0x40c3B0x232fB0x15e2
0x4680	0x467aB0x464aB0x381f
0x4680	0x467aB0x3ca2B0x3c13
0x4680	0x467aB0x3ca2B0x382e
0x4680	0x467aB0x3ca2B0x2dfdB0x232fB0x137c
0x4680	0x467aB0x3ca2B0x3eeaB0x232fB0x137c
0x4680	0x467aB0x464aB0x40c3B0x232fB0x137c
0x4680	0x467aB0x3ca2B0x2dfdB0x232fB0x15e2
0x4680	0x467aB0x3ca2B0x3eeaB0x232fB0x15e2
0x4680	0x467aB0x464aB0x40c3B0x232fB0x15e2
0x4684	0x467aB0x464aB0x381f
0x4684	0x467aB0x3ca2B0x3c13
0x4684	0x467aB0x3ca2B0x382e
0x4684	0x467aB0x3ca2B0x2dfdB0x232fB0x137c
0x4684	0x467aB0x3ca2B0x3eeaB0x232fB0x137c
0x4684	0x467aB0x464aB0x40c3B0x232fB0x137c
0x4684	0x467aB0x3ca2B0x2dfdB0x232fB0x15e2
0x4684	0x467aB0x3ca2B0x3eeaB0x232fB0x15e2
0x4684	0x467aB0x464aB0x40c3B0x232fB0x15e2
0x468b	0x467aB0x464aB0x381f
0x468b	0x467aB0x3ca2B0x3c13
0x468b	0x467aB0x3ca2B0x382e
0x468b	0x467aB0x3ca2B0x2dfdB0x232fB0x137c
0x468b	0x467aB0x3ca2B0x3eeaB0x232fB0x137c
0x468b	0x467aB0x464aB0x40c3B0x232fB0x137c
0x468b	0x467aB0x3ca2B0x2dfdB0x232fB0x15e2
0x468b	0x467aB0x3ca2B0x3eeaB0x232fB0x15e2
0x468b	0x467aB0x464aB0x40c3B0x232fB0x15e2
0x468e	0x467aB0x464aB0x381f
0x468e	0x467aB0x3ca2B0x3c13
0x468e	0x467aB0x3ca2B0x382e
0x468e	0x467aB0x3ca2B0x2dfdB0x232fB0x137c
0x468e	0x467aB0x3ca2B0x3eeaB0x232fB0x137c
0x468e	0x467aB0x464aB0x40c3B0x232fB0x137c
0x468e	0x467aB0x3ca2B0x2dfdB0x232fB0x15e2
0x468e	0x467aB0x3ca2B0x3eeaB0x232fB0x15e2
0x468e	0x467aB0x464aB0x40c3B0x232fB0x15e2
0x46b4	0x467aB0x464aB0x381f
0x46b4	0x467aB0x3ca2B0x3c13
0x46b4	0x467aB0x3ca2B0x382e
0x46b4	0x467aB0x3ca2B0x2dfdB0x232fB0x137c
0x46b4	0x467aB0x3ca2B0x3eeaB0x232fB0x137c
0x46b4	0x467aB0x464aB0x40c3B0x232fB0x137c
0x46b4	0x467aB0x3ca2B0x2dfdB0x232fB0x15e2
0x46b4	0x467aB0x3ca2B0x3eeaB0x232fB0x15e2
0x46b4	0x467aB0x464aB0x40c3B0x232fB0x15e2
0x46b6	0x467aB0x464aB0x381f
0x46b6	0x467aB0x3ca2B0x3c13
0x46b6	0x467aB0x3ca2B0x382e
0x46b6	0x467aB0x3ca2B0x2dfdB0x232fB0x137c
0x46b6	0x467aB0x3ca2B0x3eeaB0x232fB0x137c
0x46b6	0x467aB0x464aB0x40c3B0x232fB0x137c
0x46b6	0x467aB0x3ca2B0x2dfdB0x232fB0x15e2
0x46b6	0x467aB0x3ca2B0x3eeaB0x232fB0x15e2
0x46b6	0x467aB0x464aB0x40c3B0x232fB0x15e2
0x46b7	0x467aB0x464aB0x381f
0x46b7	0x467aB0x3ca2B0x3c13
0x46b7	0x467aB0x3ca2B0x382e
0x46b7	0x467aB0x3ca2B0x2dfdB0x232fB0x137c
0x46b7	0x467aB0x3ca2B0x3eeaB0x232fB0x137c
0x46b7	0x467aB0x464aB0x40c3B0x232fB0x137c
0x46b7	0x467aB0x3ca2B0x2dfdB0x232fB0x15e2
0x46b7	0x467aB0x3ca2B0x3eeaB0x232fB0x15e2
0x46b7	0x467aB0x464aB0x40c3B0x232fB0x15e2
0x46c4	0x467aB0x464aB0x381f
0x46c4	0x467aB0x3ca2B0x3c13
0x46c4	0x467aB0x3ca2B0x382e
0x46c4	0x467aB0x3ca2B0x2dfdB0x232fB0x137c
0x46c4	0x467aB0x3ca2B0x3eeaB0x232fB0x137c
0x46c4	0x467aB0x464aB0x40c3B0x232fB0x137c
0x46c4	0x467aB0x3ca2B0x2dfdB0x232fB0x15e2
0x46c4	0x467aB0x3ca2B0x3eeaB0x232fB0x15e2
0x46c4	0x467aB0x464aB0x40c3B0x232fB0x15e2
0x46c5	0x467aB0x464aB0x381f
0x46c5	0x467aB0x3ca2B0x3c13
0x46c5	0x467aB0x3ca2B0x382e
0x46c5	0x467aB0x3ca2B0x2dfdB0x232fB0x137c
0x46c5	0x467aB0x3ca2B0x3eeaB0x232fB0x137c
0x46c5	0x467aB0x464aB0x40c3B0x232fB0x137c
0x46c5	0x467aB0x3ca2B0x2dfdB0x232fB0x15e2
0x46c5	0x467aB0x3ca2B0x3eeaB0x232fB0x15e2
0x46c5	0x467aB0x464aB0x40c3B0x232fB0x15e2
0x46c6	0x467aB0x464aB0x381f
0x46c6	0x467aB0x3ca2B0x3c13
0x46c6	0x467aB0x3ca2B0x382e
0x46c6	0x467aB0x3ca2B0x2dfdB0x232fB0x137c
0x46c6	0x467aB0x3ca2B0x3eeaB0x232fB0x137c
0x46c6	0x467aB0x464aB0x40c3B0x232fB0x137c
0x46c6	0x467aB0x3ca2B0x2dfdB0x232fB0x15e2
0x46c6	0x467aB0x3ca2B0x3eeaB0x232fB0x15e2
0x46c6	0x467aB0x464aB0x40c3B0x232fB0x15e2
0x46c7	0x467aB0x464aB0x381f
0x46c7	0x467aB0x3ca2B0x3c13
0x46c7	0x467aB0x3ca2B0x382e
0x46c7	0x467aB0x3ca2B0x2dfdB0x232fB0x137c
0x46c7	0x467aB0x3ca2B0x3eeaB0x232fB0x137c
0x46c7	0x467aB0x464aB0x40c3B0x232fB0x137c
0x46c7	0x467aB0x3ca2B0x2dfdB0x232fB0x15e2
0x46c7	0x467aB0x3ca2B0x3eeaB0x232fB0x15e2
0x46c7	0x467aB0x464aB0x40c3B0x232fB0x15e2
0x46d0	0x46cfB0x464aB0x381f
0x46d0	0x46cfB0x3ca2B0x3c13
0x46d0	0x46cfB0x3ca2B0x382e
0x46d0	0x46cfB0x3ca2B0x2dfdB0x232fB0x137c
0x46d0	0x46cfB0x3ca2B0x3eeaB0x232fB0x137c
0x46d0	0x46cfB0x464aB0x40c3B0x232fB0x137c
0x46d0	0x46cfB0x3ca2B0x2dfdB0x232fB0x15e2
0x46d0	0x46cfB0x3ca2B0x3eeaB0x232fB0x15e2
0x46d0	0x46cfB0x464aB0x40c3B0x232fB0x15e2
0x46d1	0x46cfB0x464aB0x381f
0x46d1	0x46cfB0x3ca2B0x3c13
0x46d1	0x46cfB0x3ca2B0x382e
0x46d1	0x46cfB0x3ca2B0x2dfdB0x232fB0x137c
0x46d1	0x46cfB0x3ca2B0x3eeaB0x232fB0x137c
0x46d1	0x46cfB0x464aB0x40c3B0x232fB0x137c
0x46d1	0x46cfB0x3ca2B0x2dfdB0x232fB0x15e2
0x46d1	0x46cfB0x3ca2B0x3eeaB0x232fB0x15e2
0x46d1	0x46cfB0x464aB0x40c3B0x232fB0x15e2
0x46d2	0x46cfB0x464aB0x381f
0x46d2	0x46cfB0x3ca2B0x3c13
0x46d2	0x46cfB0x3ca2B0x382e
0x46d2	0x46cfB0x3ca2B0x2dfdB0x232fB0x137c
0x46d2	0x46cfB0x3ca2B0x3eeaB0x232fB0x137c
0x46d2	0x46cfB0x464aB0x40c3B0x232fB0x137c
0x46d2	0x46cfB0x3ca2B0x2dfdB0x232fB0x15e2
0x46d2	0x46cfB0x3ca2B0x3eeaB0x232fB0x15e2
0x46d2	0x46cfB0x464aB0x40c3B0x232fB0x15e2
0x46d7	0x46cfB0x464aB0x381f
0x46d7	0x46cfB0x3ca2B0x3c13
0x46d7	0x46cfB0x3ca2B0x382e
0x46d7	0x46cfB0x3ca2B0x2dfdB0x232fB0x137c
0x46d7	0x46cfB0x3ca2B0x3eeaB0x232fB0x137c
0x46d7	0x46cfB0x464aB0x40c3B0x232fB0x137c
0x46d7	0x46cfB0x3ca2B0x2dfdB0x232fB0x15e2
0x46d7	0x46cfB0x3ca2B0x3eeaB0x232fB0x15e2
0x46d7	0x46cfB0x464aB0x40c3B0x232fB0x15e2
0x46dd	0x46dcB0x464aB0x381f
0x46dd	0x46dcB0x3ca2B0x3c13
0x46dd	0x46dcB0x3ca2B0x382e
0x46dd	0x46dcB0x3ca2B0x2dfdB0x232fB0x137c
0x46dd	0x46dcB0x3ca2B0x3eeaB0x232fB0x137c
0x46dd	0x46dcB0x464aB0x40c3B0x232fB0x137c
0x46dd	0x46dcB0x3ca2B0x2dfdB0x232fB0x15e2
0x46dd	0x46dcB0x3ca2B0x3eeaB0x232fB0x15e2
0x46dd	0x46dcB0x464aB0x40c3B0x232fB0x15e2
0x46de	0x46dcB0x464aB0x381f
0x46de	0x46dcB0x3ca2B0x3c13
0x46de	0x46dcB0x3ca2B0x382e
0x46de	0x46dcB0x3ca2B0x2dfdB0x232fB0x137c
0x46de	0x46dcB0x3ca2B0x3eeaB0x232fB0x137c
0x46de	0x46dcB0x464aB0x40c3B0x232fB0x137c
0x46de	0x46dcB0x3ca2B0x2dfdB0x232fB0x15e2
0x46de	0x46dcB0x3ca2B0x3eeaB0x232fB0x15e2
0x46de	0x46dcB0x464aB0x40c3B0x232fB0x15e2
0x46e2	0x46dcB0x464aB0x381f
0x46e2	0x46dcB0x3ca2B0x3c13
0x46e2	0x46dcB0x3ca2B0x382e
0x46e2	0x46dcB0x3ca2B0x2dfdB0x232fB0x137c
0x46e2	0x46dcB0x3ca2B0x3eeaB0x232fB0x137c
0x46e2	0x46dcB0x464aB0x40c3B0x232fB0x137c
0x46e2	0x46dcB0x3ca2B0x2dfdB0x232fB0x15e2
0x46e2	0x46dcB0x3ca2B0x3eeaB0x232fB0x15e2
0x46e2	0x46dcB0x464aB0x40c3B0x232fB0x15e2
0x46e4	0x46dcB0x464aB0x381f
0x46e4	0x46dcB0x3ca2B0x3c13
0x46e4	0x46dcB0x3ca2B0x382e
0x46e4	0x46dcB0x3ca2B0x2dfdB0x232fB0x137c
0x46e4	0x46dcB0x3ca2B0x3eeaB0x232fB0x137c
0x46e4	0x46dcB0x464aB0x40c3B0x232fB0x137c
0x46e4	0x46dcB0x3ca2B0x2dfdB0x232fB0x15e2
0x46e4	0x46dcB0x3ca2B0x3eeaB0x232fB0x15e2
0x46e4	0x46dcB0x464aB0x40c3B0x232fB0x15e2
0x46e6	0x46dcB0x464aB0x381f
0x46e6	0x46dcB0x3ca2B0x3c13
0x46e6	0x46dcB0x3ca2B0x382e
0x46e6	0x46dcB0x3ca2B0x2dfdB0x232fB0x137c
0x46e6	0x46dcB0x3ca2B0x3eeaB0x232fB0x137c
0x46e6	0x46dcB0x464aB0x40c3B0x232fB0x137c
0x46e6	0x46dcB0x3ca2B0x2dfdB0x232fB0x15e2
0x46e6	0x46dcB0x3ca2B0x3eeaB0x232fB0x15e2
0x46e6	0x46dcB0x464aB0x40c3B0x232fB0x15e2
0x46ea	0x46dcB0x464aB0x381f
0x46ea	0x46dcB0x3ca2B0x3c13
0x46ea	0x46dcB0x3ca2B0x382e
0x46ea	0x46dcB0x3ca2B0x2dfdB0x232fB0x137c
0x46ea	0x46dcB0x3ca2B0x3eeaB0x232fB0x137c
0x46ea	0x46dcB0x464aB0x40c3B0x232fB0x137c
0x46ea	0x46dcB0x3ca2B0x2dfdB0x232fB0x15e2
0x46ea	0x46dcB0x3ca2B0x3eeaB0x232fB0x15e2
0x46ea	0x46dcB0x464aB0x40c3B0x232fB0x15e2
0x46eb	0x46dcB0x464aB0x381f
0x46eb	0x46dcB0x3ca2B0x3c13
0x46eb	0x46dcB0x3ca2B0x382e
0x46eb	0x46dcB0x3ca2B0x2dfdB0x232fB0x137c
0x46eb	0x46dcB0x3ca2B0x3eeaB0x232fB0x137c
0x46eb	0x46dcB0x464aB0x40c3B0x232fB0x137c
0x46eb	0x46dcB0x3ca2B0x2dfdB0x232fB0x15e2
0x46eb	0x46dcB0x3ca2B0x3eeaB0x232fB0x15e2
0x46eb	0x46dcB0x464aB0x40c3B0x232fB0x15e2
0x46ff	0x46f5B0x464aB0x381f
0x46ff	0x46f5B0x3ca2B0x3c13
0x46ff	0x46f5B0x3ca2B0x382e
0x46ff	0x46f5B0x3ca2B0x2dfdB0x232fB0x137c
0x46ff	0x46f5B0x3ca2B0x3eeaB0x232fB0x137c
0x46ff	0x46f5B0x464aB0x40c3B0x232fB0x137c
0x46ff	0x46f5B0x3ca2B0x2dfdB0x232fB0x15e2
0x46ff	0x46f5B0x3ca2B0x3eeaB0x232fB0x15e2
0x46ff	0x46f5B0x464aB0x40c3B0x232fB0x15e2
0x4705	0x46f5B0x464aB0x381f
0x4705	0x46f5B0x3ca2B0x3c13
0x4705	0x46f5B0x3ca2B0x382e
0x4705	0x46f5B0x3ca2B0x2dfdB0x232fB0x137c
0x4705	0x46f5B0x3ca2B0x3eeaB0x232fB0x137c
0x4705	0x46f5B0x464aB0x40c3B0x232fB0x137c
0x4705	0x46f5B0x3ca2B0x2dfdB0x232fB0x15e2
0x4705	0x46f5B0x3ca2B0x3eeaB0x232fB0x15e2
0x4705	0x46f5B0x464aB0x40c3B0x232fB0x15e2
0x470c	0x46f5B0x464aB0x381f
0x470c	0x46f5B0x3ca2B0x3c13
0x470c	0x46f5B0x3ca2B0x382e
0x470c	0x46f5B0x3ca2B0x2dfdB0x232fB0x137c
0x470c	0x46f5B0x3ca2B0x3eeaB0x232fB0x137c
0x470c	0x46f5B0x464aB0x40c3B0x232fB0x137c
0x470c	0x46f5B0x3ca2B0x2dfdB0x232fB0x15e2
0x470c	0x46f5B0x3ca2B0x3eeaB0x232fB0x15e2
0x470c	0x46f5B0x464aB0x40c3B0x232fB0x15e2
0x4732	0x46f5B0x464aB0x381f
0x4732	0x46f5B0x3ca2B0x3c13
0x4732	0x46f5B0x3ca2B0x382e
0x4732	0x46f5B0x3ca2B0x2dfdB0x232fB0x137c
0x4732	0x46f5B0x3ca2B0x3eeaB0x232fB0x137c
0x4732	0x46f5B0x464aB0x40c3B0x232fB0x137c
0x4732	0x46f5B0x3ca2B0x2dfdB0x232fB0x15e2
0x4732	0x46f5B0x3ca2B0x3eeaB0x232fB0x15e2
0x4732	0x46f5B0x464aB0x40c3B0x232fB0x15e2
0x4745	0x46f5B0x464aB0x381f
0x4745	0x46f5B0x3ca2B0x3c13
0x4745	0x46f5B0x3ca2B0x382e
0x4745	0x46f5B0x3ca2B0x2dfdB0x232fB0x137c
0x4745	0x46f5B0x3ca2B0x3eeaB0x232fB0x137c
0x4745	0x46f5B0x464aB0x40c3B0x232fB0x137c
0x4745	0x46f5B0x3ca2B0x2dfdB0x232fB0x15e2
0x4745	0x46f5B0x3ca2B0x3eeaB0x232fB0x15e2
0x4745	0x46f5B0x464aB0x40c3B0x232fB0x15e2
0x4755	0x474fB0x467aB0x464aB0x381f
0x4755	0x474fB0x467aB0x3ca2B0x3c13
0x4755	0x474fB0x467aB0x3ca2B0x382e
0x4755	0x474fB0x467aB0x3ca2B0x2dfdB0x232fB0x137c
0x4755	0x474fB0x467aB0x3ca2B0x3eeaB0x232fB0x137c
0x4755	0x474fB0x467aB0x464aB0x40c3B0x232fB0x137c
0x4755	0x474fB0x467aB0x3ca2B0x2dfdB0x232fB0x15e2
0x4755	0x474fB0x467aB0x3ca2B0x3eeaB0x232fB0x15e2
0x4755	0x474fB0x467aB0x464aB0x40c3B0x232fB0x15e2
0x4756	0x474fB0x467aB0x464aB0x381f
0x4756	0x474fB0x467aB0x3ca2B0x3c13
0x4756	0x474fB0x467aB0x3ca2B0x382e
0x4756	0x474fB0x467aB0x3ca2B0x2dfdB0x232fB0x137c
0x4756	0x474fB0x467aB0x3ca2B0x3eeaB0x232fB0x137c
0x4756	0x474fB0x467aB0x464aB0x40c3B0x232fB0x137c
0x4756	0x474fB0x467aB0x3ca2B0x2dfdB0x232fB0x15e2
0x4756	0x474fB0x467aB0x3ca2B0x3eeaB0x232fB0x15e2
0x4756	0x474fB0x467aB0x464aB0x40c3B0x232fB0x15e2
0x4759	0x474fB0x467aB0x464aB0x381f
0x4759	0x474fB0x467aB0x3ca2B0x3c13
0x4759	0x474fB0x467aB0x3ca2B0x382e
0x4759	0x474fB0x467aB0x3ca2B0x2dfdB0x232fB0x137c
0x4759	0x474fB0x467aB0x3ca2B0x3eeaB0x232fB0x137c
0x4759	0x474fB0x467aB0x464aB0x40c3B0x232fB0x137c
0x4759	0x474fB0x467aB0x3ca2B0x2dfdB0x232fB0x15e2
0x4759	0x474fB0x467aB0x3ca2B0x3eeaB0x232fB0x15e2
0x4759	0x474fB0x467aB0x464aB0x40c3B0x232fB0x15e2
0x475a	0x474fB0x467aB0x464aB0x381f
0x475a	0x474fB0x467aB0x3ca2B0x3c13
0x475a	0x474fB0x467aB0x3ca2B0x382e
0x475a	0x474fB0x467aB0x3ca2B0x2dfdB0x232fB0x137c
0x475a	0x474fB0x467aB0x3ca2B0x3eeaB0x232fB0x137c
0x475a	0x474fB0x467aB0x464aB0x40c3B0x232fB0x137c
0x475a	0x474fB0x467aB0x3ca2B0x2dfdB0x232fB0x15e2
0x475a	0x474fB0x467aB0x3ca2B0x3eeaB0x232fB0x15e2
0x475a	0x474fB0x467aB0x464aB0x40c3B0x232fB0x15e2
0x475d	0x474fB0x467aB0x464aB0x381f
0x475d	0x474fB0x467aB0x3ca2B0x3c13
0x475d	0x474fB0x467aB0x3ca2B0x382e
0x475d	0x474fB0x467aB0x3ca2B0x2dfdB0x232fB0x137c
0x475d	0x474fB0x467aB0x3ca2B0x3eeaB0x232fB0x137c
0x475d	0x474fB0x467aB0x464aB0x40c3B0x232fB0x137c
0x475d	0x474fB0x467aB0x3ca2B0x2dfdB0x232fB0x15e2
0x475d	0x474fB0x467aB0x3ca2B0x3eeaB0x232fB0x15e2
0x475d	0x474fB0x467aB0x464aB0x40c3B0x232fB0x15e2
0x475e	0x474fB0x467aB0x464aB0x381f
0x475e	0x474fB0x467aB0x3ca2B0x3c13
0x475e	0x474fB0x467aB0x3ca2B0x382e
0x475e	0x474fB0x467aB0x3ca2B0x2dfdB0x232fB0x137c
0x475e	0x474fB0x467aB0x3ca2B0x3eeaB0x232fB0x137c
0x475e	0x474fB0x467aB0x464aB0x40c3B0x232fB0x137c
0x475e	0x474fB0x467aB0x3ca2B0x2dfdB0x232fB0x15e2
0x475e	0x474fB0x467aB0x3ca2B0x3eeaB0x232fB0x15e2
0x475e	0x474fB0x467aB0x464aB0x40c3B0x232fB0x15e2
0x4768	0x474fB0x467aB0x464aB0x381f
0x4768	0x474fB0x467aB0x3ca2B0x3c13
0x4768	0x474fB0x467aB0x3ca2B0x382e
0x4768	0x474fB0x467aB0x3ca2B0x2dfdB0x232fB0x137c
0x4768	0x474fB0x467aB0x3ca2B0x3eeaB0x232fB0x137c
0x4768	0x474fB0x467aB0x464aB0x40c3B0x232fB0x137c
0x4768	0x474fB0x467aB0x3ca2B0x2dfdB0x232fB0x15e2
0x4768	0x474fB0x467aB0x3ca2B0x3eeaB0x232fB0x15e2
0x4768	0x474fB0x467aB0x464aB0x40c3B0x232fB0x15e2
0x4769	0x474fB0x467aB0x464aB0x381f
0x4769	0x474fB0x467aB0x3ca2B0x3c13
0x4769	0x474fB0x467aB0x3ca2B0x382e
0x4769	0x474fB0x467aB0x3ca2B0x2dfdB0x232fB0x137c
0x4769	0x474fB0x467aB0x3ca2B0x3eeaB0x232fB0x137c
0x4769	0x474fB0x467aB0x464aB0x40c3B0x232fB0x137c
0x4769	0x474fB0x467aB0x3ca2B0x2dfdB0x232fB0x15e2
0x4769	0x474fB0x467aB0x3ca2B0x3eeaB0x232fB0x15e2
0x4769	0x474fB0x467aB0x464aB0x40c3B0x232fB0x15e2
0x4770	0x474fB0x467aB0x464aB0x381f
0x4770	0x474fB0x467aB0x3ca2B0x3c13
0x4770	0x474fB0x467aB0x3ca2B0x382e
0x4770	0x474fB0x467aB0x3ca2B0x2dfdB0x232fB0x137c
0x4770	0x474fB0x467aB0x3ca2B0x3eeaB0x232fB0x137c
0x4770	0x474fB0x467aB0x464aB0x40c3B0x232fB0x137c
0x4770	0x474fB0x467aB0x3ca2B0x2dfdB0x232fB0x15e2
0x4770	0x474fB0x467aB0x3ca2B0x3eeaB0x232fB0x15e2
0x4770	0x474fB0x467aB0x464aB0x40c3B0x232fB0x15e2
0x4771	0x474fB0x467aB0x464aB0x381f
0x4771	0x474fB0x467aB0x3ca2B0x3c13
0x4771	0x474fB0x467aB0x3ca2B0x382e
0x4771	0x474fB0x467aB0x3ca2B0x2dfdB0x232fB0x137c
0x4771	0x474fB0x467aB0x3ca2B0x3eeaB0x232fB0x137c
0x4771	0x474fB0x467aB0x464aB0x40c3B0x232fB0x137c
0x4771	0x474fB0x467aB0x3ca2B0x2dfdB0x232fB0x15e2
0x4771	0x474fB0x467aB0x3ca2B0x3eeaB0x232fB0x15e2
0x4771	0x474fB0x467aB0x464aB0x40c3B0x232fB0x15e2
0x477c	0x4776B0x467aB0x464aB0x381f
0x477c	0x4776B0x467aB0x3ca2B0x3c13
0x477c	0x4776B0x467aB0x3ca2B0x382e
0x477c	0x4776B0x467aB0x3ca2B0x2dfdB0x232fB0x137c
0x477c	0x4776B0x467aB0x3ca2B0x3eeaB0x232fB0x137c
0x477c	0x4776B0x467aB0x464aB0x40c3B0x232fB0x137c
0x477c	0x4776B0x467aB0x3ca2B0x2dfdB0x232fB0x15e2
0x477c	0x4776B0x467aB0x3ca2B0x3eeaB0x232fB0x15e2
0x477c	0x4776B0x467aB0x464aB0x40c3B0x232fB0x15e2
0x477d	0x4776B0x467aB0x464aB0x381f
0x477d	0x4776B0x467aB0x3ca2B0x3c13
0x477d	0x4776B0x467aB0x3ca2B0x382e
0x477d	0x4776B0x467aB0x3ca2B0x2dfdB0x232fB0x137c
0x477d	0x4776B0x467aB0x3ca2B0x3eeaB0x232fB0x137c
0x477d	0x4776B0x467aB0x464aB0x40c3B0x232fB0x137c
0x477d	0x4776B0x467aB0x3ca2B0x2dfdB0x232fB0x15e2
0x477d	0x4776B0x467aB0x3ca2B0x3eeaB0x232fB0x15e2
0x477d	0x4776B0x467aB0x464aB0x40c3B0x232fB0x15e2
0x477f	0x4776B0x467aB0x464aB0x381f
0x477f	0x4776B0x467aB0x3ca2B0x3c13
0x477f	0x4776B0x467aB0x3ca2B0x382e
0x477f	0x4776B0x467aB0x3ca2B0x2dfdB0x232fB0x137c
0x477f	0x4776B0x467aB0x3ca2B0x3eeaB0x232fB0x137c
0x477f	0x4776B0x467aB0x464aB0x40c3B0x232fB0x137c
0x477f	0x4776B0x467aB0x3ca2B0x2dfdB0x232fB0x15e2
0x477f	0x4776B0x467aB0x3ca2B0x3eeaB0x232fB0x15e2
0x477f	0x4776B0x467aB0x464aB0x40c3B0x232fB0x15e2
0x4780	0x4776B0x467aB0x464aB0x381f
0x4780	0x4776B0x467aB0x3ca2B0x3c13
0x4780	0x4776B0x467aB0x3ca2B0x382e
0x4780	0x4776B0x467aB0x3ca2B0x2dfdB0x232fB0x137c
0x4780	0x4776B0x467aB0x3ca2B0x3eeaB0x232fB0x137c
0x4780	0x4776B0x467aB0x464aB0x40c3B0x232fB0x137c
0x4780	0x4776B0x467aB0x3ca2B0x2dfdB0x232fB0x15e2
0x4780	0x4776B0x467aB0x3ca2B0x3eeaB0x232fB0x15e2
0x4780	0x4776B0x467aB0x464aB0x40c3B0x232fB0x15e2
0x4781	0x4776B0x467aB0x464aB0x381f
0x4781	0x4776B0x467aB0x3ca2B0x3c13
0x4781	0x4776B0x467aB0x3ca2B0x382e
0x4781	0x4776B0x467aB0x3ca2B0x2dfdB0x232fB0x137c
0x4781	0x4776B0x467aB0x3ca2B0x3eeaB0x232fB0x137c
0x4781	0x4776B0x467aB0x464aB0x40c3B0x232fB0x137c
0x4781	0x4776B0x467aB0x3ca2B0x2dfdB0x232fB0x15e2
0x4781	0x4776B0x467aB0x3ca2B0x3eeaB0x232fB0x15e2
0x4781	0x4776B0x467aB0x464aB0x40c3B0x232fB0x15e2
0x4784	0x4776B0x467aB0x464aB0x381f
0x4784	0x4776B0x467aB0x3ca2B0x3c13
0x4784	0x4776B0x467aB0x3ca2B0x382e
0x4784	0x4776B0x467aB0x3ca2B0x2dfdB0x232fB0x137c
0x4784	0x4776B0x467aB0x3ca2B0x3eeaB0x232fB0x137c
0x4784	0x4776B0x467aB0x464aB0x40c3B0x232fB0x137c
0x4784	0x4776B0x467aB0x3ca2B0x2dfdB0x232fB0x15e2
0x4784	0x4776B0x467aB0x3ca2B0x3eeaB0x232fB0x15e2
0x4784	0x4776B0x467aB0x464aB0x40c3B0x232fB0x15e2
0x4785	0x4776B0x467aB0x464aB0x381f
0x4785	0x4776B0x467aB0x3ca2B0x3c13
0x4785	0x4776B0x467aB0x3ca2B0x382e
0x4785	0x4776B0x467aB0x3ca2B0x2dfdB0x232fB0x137c
0x4785	0x4776B0x467aB0x3ca2B0x3eeaB0x232fB0x137c
0x4785	0x4776B0x467aB0x464aB0x40c3B0x232fB0x137c
0x4785	0x4776B0x467aB0x3ca2B0x2dfdB0x232fB0x15e2
0x4785	0x4776B0x467aB0x3ca2B0x3eeaB0x232fB0x15e2
0x4785	0x4776B0x467aB0x464aB0x40c3B0x232fB0x15e2
0x4786	0x4776B0x467aB0x464aB0x381f
0x4786	0x4776B0x467aB0x3ca2B0x3c13
0x4786	0x4776B0x467aB0x3ca2B0x382e
0x4786	0x4776B0x467aB0x3ca2B0x2dfdB0x232fB0x137c
0x4786	0x4776B0x467aB0x3ca2B0x3eeaB0x232fB0x137c
0x4786	0x4776B0x467aB0x464aB0x40c3B0x232fB0x137c
0x4786	0x4776B0x467aB0x3ca2B0x2dfdB0x232fB0x15e2
0x4786	0x4776B0x467aB0x3ca2B0x3eeaB0x232fB0x15e2
0x4786	0x4776B0x467aB0x464aB0x40c3B0x232fB0x15e2
0x4787	0x4776B0x467aB0x464aB0x381f
0x4787	0x4776B0x467aB0x3ca2B0x3c13
0x4787	0x4776B0x467aB0x3ca2B0x382e
0x4787	0x4776B0x467aB0x3ca2B0x2dfdB0x232fB0x137c
0x4787	0x4776B0x467aB0x3ca2B0x3eeaB0x232fB0x137c
0x4787	0x4776B0x467aB0x464aB0x40c3B0x232fB0x137c
0x4787	0x4776B0x467aB0x3ca2B0x2dfdB0x232fB0x15e2
0x4787	0x4776B0x467aB0x3ca2B0x3eeaB0x232fB0x15e2
0x4787	0x4776B0x467aB0x464aB0x40c3B0x232fB0x15e2
0x4789	0x4776B0x467aB0x464aB0x381f
0x4789	0x4776B0x467aB0x3ca2B0x3c13
0x4789	0x4776B0x467aB0x3ca2B0x382e
0x4789	0x4776B0x467aB0x3ca2B0x2dfdB0x232fB0x137c
0x4789	0x4776B0x467aB0x3ca2B0x3eeaB0x232fB0x137c
0x4789	0x4776B0x467aB0x464aB0x40c3B0x232fB0x137c
0x4789	0x4776B0x467aB0x3ca2B0x2dfdB0x232fB0x15e2
0x4789	0x4776B0x467aB0x3ca2B0x3eeaB0x232fB0x15e2
0x4789	0x4776B0x467aB0x464aB0x40c3B0x232fB0x15e2
0x478c	0x4776B0x467aB0x464aB0x381f
0x478c	0x4776B0x467aB0x3ca2B0x3c13
0x478c	0x4776B0x467aB0x3ca2B0x382e
0x478c	0x4776B0x467aB0x3ca2B0x2dfdB0x232fB0x137c
0x478c	0x4776B0x467aB0x3ca2B0x3eeaB0x232fB0x137c
0x478c	0x4776B0x467aB0x464aB0x40c3B0x232fB0x137c
0x478c	0x4776B0x467aB0x3ca2B0x2dfdB0x232fB0x15e2
0x478c	0x4776B0x467aB0x3ca2B0x3eeaB0x232fB0x15e2
0x478c	0x4776B0x467aB0x464aB0x40c3B0x232fB0x15e2
0x4795	0x4792B0x467aB0x464aB0x381f
0x4795	0x4792B0x467aB0x3ca2B0x3c13
0x4795	0x4792B0x467aB0x3ca2B0x382e
0x4795	0x4792B0x467aB0x3ca2B0x2dfdB0x232fB0x137c
0x4795	0x4792B0x467aB0x3ca2B0x3eeaB0x232fB0x137c
0x4795	0x4792B0x467aB0x464aB0x40c3B0x232fB0x137c
0x4795	0x4792B0x467aB0x3ca2B0x2dfdB0x232fB0x15e2
0x4795	0x4792B0x467aB0x3ca2B0x3eeaB0x232fB0x15e2
0x4795	0x4792B0x467aB0x464aB0x40c3B0x232fB0x15e2
0x4796	0x4792B0x467aB0x464aB0x381f
0x4796	0x4792B0x467aB0x3ca2B0x3c13
0x4796	0x4792B0x467aB0x3ca2B0x382e
0x4796	0x4792B0x467aB0x3ca2B0x2dfdB0x232fB0x137c
0x4796	0x4792B0x467aB0x3ca2B0x3eeaB0x232fB0x137c
0x4796	0x4792B0x467aB0x464aB0x40c3B0x232fB0x137c
0x4796	0x4792B0x467aB0x3ca2B0x2dfdB0x232fB0x15e2
0x4796	0x4792B0x467aB0x3ca2B0x3eeaB0x232fB0x15e2
0x4796	0x4792B0x467aB0x464aB0x40c3B0x232fB0x15e2
0x479f	0x4792B0x467aB0x464aB0x381f
0x479f	0x4792B0x467aB0x3ca2B0x3c13
0x479f	0x4792B0x467aB0x3ca2B0x382e
0x479f	0x4792B0x467aB0x3ca2B0x2dfdB0x232fB0x137c
0x479f	0x4792B0x467aB0x3ca2B0x3eeaB0x232fB0x137c
0x479f	0x4792B0x467aB0x464aB0x40c3B0x232fB0x137c
0x479f	0x4792B0x467aB0x3ca2B0x2dfdB0x232fB0x15e2
0x479f	0x4792B0x467aB0x3ca2B0x3eeaB0x232fB0x15e2
0x479f	0x4792B0x467aB0x464aB0x40c3B0x232fB0x15e2
0x47a5	0x4792B0x467aB0x464aB0x381f
0x47a5	0x4792B0x467aB0x3ca2B0x3c13
0x47a5	0x4792B0x467aB0x3ca2B0x382e
0x47a5	0x4792B0x467aB0x3ca2B0x2dfdB0x232fB0x137c
0x47a5	0x4792B0x467aB0x3ca2B0x3eeaB0x232fB0x137c
0x47a5	0x4792B0x467aB0x464aB0x40c3B0x232fB0x137c
0x47a5	0x4792B0x467aB0x3ca2B0x2dfdB0x232fB0x15e2
0x47a5	0x4792B0x467aB0x3ca2B0x3eeaB0x232fB0x15e2
0x47a5	0x4792B0x467aB0x464aB0x40c3B0x232fB0x15e2
0x47ac	0x4792B0x467aB0x464aB0x381f
0x47ac	0x4792B0x467aB0x3ca2B0x3c13
0x47ac	0x4792B0x467aB0x3ca2B0x382e
0x47ac	0x4792B0x467aB0x3ca2B0x2dfdB0x232fB0x137c
0x47ac	0x4792B0x467aB0x3ca2B0x3eeaB0x232fB0x137c
0x47ac	0x4792B0x467aB0x464aB0x40c3B0x232fB0x137c
0x47ac	0x4792B0x467aB0x3ca2B0x2dfdB0x232fB0x15e2
0x47ac	0x4792B0x467aB0x3ca2B0x3eeaB0x232fB0x15e2
0x47ac	0x4792B0x467aB0x464aB0x40c3B0x232fB0x15e2
0x47b6	0x47b3B0x467aB0x464aB0x381f
0x47b6	0x47b3B0x467aB0x3ca2B0x3c13
0x47b6	0x47b3B0x467aB0x3ca2B0x382e
0x47b6	0x47b3B0x467aB0x3ca2B0x2dfdB0x232fB0x137c
0x47b6	0x47b3B0x467aB0x3ca2B0x3eeaB0x232fB0x137c
0x47b6	0x47b3B0x467aB0x464aB0x40c3B0x232fB0x137c
0x47b6	0x47b3B0x467aB0x3ca2B0x2dfdB0x232fB0x15e2
0x47b6	0x47b3B0x467aB0x3ca2B0x3eeaB0x232fB0x15e2
0x47b6	0x47b3B0x467aB0x464aB0x40c3B0x232fB0x15e2
0x47b7	0x47b3B0x467aB0x464aB0x381f
0x47b7	0x47b3B0x467aB0x3ca2B0x3c13
0x47b7	0x47b3B0x467aB0x3ca2B0x382e
0x47b7	0x47b3B0x467aB0x3ca2B0x2dfdB0x232fB0x137c
0x47b7	0x47b3B0x467aB0x3ca2B0x3eeaB0x232fB0x137c
0x47b7	0x47b3B0x467aB0x464aB0x40c3B0x232fB0x137c
0x47b7	0x47b3B0x467aB0x3ca2B0x2dfdB0x232fB0x15e2
0x47b7	0x47b3B0x467aB0x3ca2B0x3eeaB0x232fB0x15e2
0x47b7	0x47b3B0x467aB0x464aB0x40c3B0x232fB0x15e2
0x47b9	0x47b8B0x467aB0x464aB0x381f
0x47b9	0x47b8B0x467aB0x3ca2B0x3c13
0x47b9	0x47b8B0x467aB0x3ca2B0x382e
0x47b9	0x47b8B0x467aB0x3ca2B0x2dfdB0x232fB0x137c
0x47b9	0x47b8B0x467aB0x3ca2B0x3eeaB0x232fB0x137c
0x47b9	0x47b8B0x467aB0x464aB0x40c3B0x232fB0x137c
0x47b9	0x47b8B0x467aB0x3ca2B0x2dfdB0x232fB0x15e2
0x47b9	0x47b8B0x467aB0x3ca2B0x3eeaB0x232fB0x15e2
0x47b9	0x47b8B0x467aB0x464aB0x40c3B0x232fB0x15e2
0x47ba	0x47b8B0x467aB0x464aB0x381f
0x47ba	0x47b8B0x467aB0x3ca2B0x3c13
0x47ba	0x47b8B0x467aB0x3ca2B0x382e
0x47ba	0x47b8B0x467aB0x3ca2B0x2dfdB0x232fB0x137c
0x47ba	0x47b8B0x467aB0x3ca2B0x3eeaB0x232fB0x137c
0x47ba	0x47b8B0x467aB0x464aB0x40c3B0x232fB0x137c
0x47ba	0x47b8B0x467aB0x3ca2B0x2dfdB0x232fB0x15e2
0x47ba	0x47b8B0x467aB0x3ca2B0x3eeaB0x232fB0x15e2
0x47ba	0x47b8B0x467aB0x464aB0x40c3B0x232fB0x15e2
0x47bb	0x47b8B0x467aB0x464aB0x381f
0x47bb	0x47b8B0x467aB0x3ca2B0x3c13
0x47bb	0x47b8B0x467aB0x3ca2B0x382e
0x47bb	0x47b8B0x467aB0x3ca2B0x2dfdB0x232fB0x137c
0x47bb	0x47b8B0x467aB0x3ca2B0x3eeaB0x232fB0x137c
0x47bb	0x47b8B0x467aB0x464aB0x40c3B0x232fB0x137c
0x47bb	0x47b8B0x467aB0x3ca2B0x2dfdB0x232fB0x15e2
0x47bb	0x47b8B0x467aB0x3ca2B0x3eeaB0x232fB0x15e2
0x47bb	0x47b8B0x467aB0x464aB0x40c3B0x232fB0x15e2
0x47bc	0x47b8B0x467aB0x464aB0x381f
0x47bc	0x47b8B0x467aB0x3ca2B0x3c13
0x47bc	0x47b8B0x467aB0x3ca2B0x382e
0x47bc	0x47b8B0x467aB0x3ca2B0x2dfdB0x232fB0x137c
0x47bc	0x47b8B0x467aB0x3ca2B0x3eeaB0x232fB0x137c
0x47bc	0x47b8B0x467aB0x464aB0x40c3B0x232fB0x137c
0x47bc	0x47b8B0x467aB0x3ca2B0x2dfdB0x232fB0x15e2
0x47bc	0x47b8B0x467aB0x3ca2B0x3eeaB0x232fB0x15e2
0x47bc	0x47b8B0x467aB0x464aB0x40c3B0x232fB0x15e2
0x47bd	0x47b8B0x467aB0x464aB0x381f
0x47bd	0x47b8B0x467aB0x3ca2B0x3c13
0x47bd	0x47b8B0x467aB0x3ca2B0x382e
0x47bd	0x47b8B0x467aB0x3ca2B0x2dfdB0x232fB0x137c
0x47bd	0x47b8B0x467aB0x3ca2B0x3eeaB0x232fB0x137c
0x47bd	0x47b8B0x467aB0x464aB0x40c3B0x232fB0x137c
0x47bd	0x47b8B0x467aB0x3ca2B0x2dfdB0x232fB0x15e2
0x47bd	0x47b8B0x467aB0x3ca2B0x3eeaB0x232fB0x15e2
0x47bd	0x47b8B0x467aB0x464aB0x40c3B0x232fB0x15e2
0x47c1	0x47b8B0x467aB0x464aB0x381f
0x47c1	0x47b8B0x467aB0x3ca2B0x3c13
0x47c1	0x47b8B0x467aB0x3ca2B0x382e
0x47c1	0x47b8B0x467aB0x3ca2B0x2dfdB0x232fB0x137c
0x47c1	0x47b8B0x467aB0x3ca2B0x3eeaB0x232fB0x137c
0x47c1	0x47b8B0x467aB0x464aB0x40c3B0x232fB0x137c
0x47c1	0x47b8B0x467aB0x3ca2B0x2dfdB0x232fB0x15e2
0x47c1	0x47b8B0x467aB0x3ca2B0x3eeaB0x232fB0x15e2
0x47c1	0x47b8B0x467aB0x464aB0x40c3B0x232fB0x15e2
0x47c2	0x47b8B0x467aB0x464aB0x381f
0x47c2	0x47b8B0x467aB0x3ca2B0x3c13
0x47c2	0x47b8B0x467aB0x3ca2B0x382e
0x47c2	0x47b8B0x467aB0x3ca2B0x2dfdB0x232fB0x137c
0x47c2	0x47b8B0x467aB0x3ca2B0x3eeaB0x232fB0x137c
0x47c2	0x47b8B0x467aB0x464aB0x40c3B0x232fB0x137c
0x47c2	0x47b8B0x467aB0x3ca2B0x2dfdB0x232fB0x15e2
0x47c2	0x47b8B0x467aB0x3ca2B0x3eeaB0x232fB0x15e2
0x47c2	0x47b8B0x467aB0x464aB0x40c3B0x232fB0x15e2
0x47c3	0x47b8B0x467aB0x464aB0x381f
0x47c3	0x47b8B0x467aB0x3ca2B0x3c13
0x47c3	0x47b8B0x467aB0x3ca2B0x382e
0x47c3	0x47b8B0x467aB0x3ca2B0x2dfdB0x232fB0x137c
0x47c3	0x47b8B0x467aB0x3ca2B0x3eeaB0x232fB0x137c
0x47c3	0x47b8B0x467aB0x464aB0x40c3B0x232fB0x137c
0x47c3	0x47b8B0x467aB0x3ca2B0x2dfdB0x232fB0x15e2
0x47c3	0x47b8B0x467aB0x3ca2B0x3eeaB0x232fB0x15e2
0x47c3	0x47b8B0x467aB0x464aB0x40c3B0x232fB0x15e2
0x47c4	0x47b8B0x467aB0x464aB0x381f
0x47c4	0x47b8B0x467aB0x3ca2B0x3c13
0x47c4	0x47b8B0x467aB0x3ca2B0x382e
0x47c4	0x47b8B0x467aB0x3ca2B0x2dfdB0x232fB0x137c
0x47c4	0x47b8B0x467aB0x3ca2B0x3eeaB0x232fB0x137c
0x47c4	0x47b8B0x467aB0x464aB0x40c3B0x232fB0x137c
0x47c4	0x47b8B0x467aB0x3ca2B0x2dfdB0x232fB0x15e2
0x47c4	0x47b8B0x467aB0x3ca2B0x3eeaB0x232fB0x15e2
0x47c4	0x47b8B0x467aB0x464aB0x40c3B0x232fB0x15e2
0x47ca	0x47c9B0x467aB0x464aB0x381f
0x47ca	0x47c9B0x467aB0x3ca2B0x3c13
0x47ca	0x47c9B0x467aB0x3ca2B0x382e
0x47ca	0x47c9B0x467aB0x3ca2B0x2dfdB0x232fB0x137c
0x47ca	0x47c9B0x467aB0x3ca2B0x3eeaB0x232fB0x137c
0x47ca	0x47c9B0x467aB0x464aB0x40c3B0x232fB0x137c
0x47ca	0x47c9B0x467aB0x3ca2B0x2dfdB0x232fB0x15e2
0x47ca	0x47c9B0x467aB0x3ca2B0x3eeaB0x232fB0x15e2
0x47ca	0x47c9B0x467aB0x464aB0x40c3B0x232fB0x15e2
0x47cb	0x47c9B0x467aB0x464aB0x381f
0x47cb	0x47c9B0x467aB0x3ca2B0x3c13
0x47cb	0x47c9B0x467aB0x3ca2B0x382e
0x47cb	0x47c9B0x467aB0x3ca2B0x2dfdB0x232fB0x137c
0x47cb	0x47c9B0x467aB0x3ca2B0x3eeaB0x232fB0x137c
0x47cb	0x47c9B0x467aB0x464aB0x40c3B0x232fB0x137c
0x47cb	0x47c9B0x467aB0x3ca2B0x2dfdB0x232fB0x15e2
0x47cb	0x47c9B0x467aB0x3ca2B0x3eeaB0x232fB0x15e2
0x47cb	0x47c9B0x467aB0x464aB0x40c3B0x232fB0x15e2
0x47cc	0x47c9B0x467aB0x464aB0x381f
0x47cc	0x47c9B0x467aB0x3ca2B0x3c13
0x47cc	0x47c9B0x467aB0x3ca2B0x382e
0x47cc	0x47c9B0x467aB0x3ca2B0x2dfdB0x232fB0x137c
0x47cc	0x47c9B0x467aB0x3ca2B0x3eeaB0x232fB0x137c
0x47cc	0x47c9B0x467aB0x464aB0x40c3B0x232fB0x137c
0x47cc	0x47c9B0x467aB0x3ca2B0x2dfdB0x232fB0x15e2
0x47cc	0x47c9B0x467aB0x3ca2B0x3eeaB0x232fB0x15e2
0x47cc	0x47c9B0x467aB0x464aB0x40c3B0x232fB0x15e2
0x47cd	0x47c9B0x467aB0x464aB0x381f
0x47cd	0x47c9B0x467aB0x3ca2B0x3c13
0x47cd	0x47c9B0x467aB0x3ca2B0x382e
0x47cd	0x47c9B0x467aB0x3ca2B0x2dfdB0x232fB0x137c
0x47cd	0x47c9B0x467aB0x3ca2B0x3eeaB0x232fB0x137c
0x47cd	0x47c9B0x467aB0x464aB0x40c3B0x232fB0x137c
0x47cd	0x47c9B0x467aB0x3ca2B0x2dfdB0x232fB0x15e2
0x47cd	0x47c9B0x467aB0x3ca2B0x3eeaB0x232fB0x15e2
0x47cd	0x47c9B0x467aB0x464aB0x40c3B0x232fB0x15e2
0x47ce	0x47c9B0x467aB0x464aB0x381f
0x47ce	0x47c9B0x467aB0x3ca2B0x3c13
0x47ce	0x47c9B0x467aB0x3ca2B0x382e
0x47ce	0x47c9B0x467aB0x3ca2B0x2dfdB0x232fB0x137c
0x47ce	0x47c9B0x467aB0x3ca2B0x3eeaB0x232fB0x137c
0x47ce	0x47c9B0x467aB0x464aB0x40c3B0x232fB0x137c
0x47ce	0x47c9B0x467aB0x3ca2B0x2dfdB0x232fB0x15e2
0x47ce	0x47c9B0x467aB0x3ca2B0x3eeaB0x232fB0x15e2
0x47ce	0x47c9B0x467aB0x464aB0x40c3B0x232fB0x15e2
0x47cf	0x47c9B0x467aB0x464aB0x381f
0x47cf	0x47c9B0x467aB0x3ca2B0x3c13
0x47cf	0x47c9B0x467aB0x3ca2B0x382e
0x47cf	0x47c9B0x467aB0x3ca2B0x2dfdB0x232fB0x137c
0x47cf	0x47c9B0x467aB0x3ca2B0x3eeaB0x232fB0x137c
0x47cf	0x47c9B0x467aB0x464aB0x40c3B0x232fB0x137c
0x47cf	0x47c9B0x467aB0x3ca2B0x2dfdB0x232fB0x15e2
0x47cf	0x47c9B0x467aB0x3ca2B0x3eeaB0x232fB0x15e2
0x47cf	0x47c9B0x467aB0x464aB0x40c3B0x232fB0x15e2
0x47d0	0x47c9B0x467aB0x464aB0x381f
0x47d0	0x47c9B0x467aB0x3ca2B0x3c13
0x47d0	0x47c9B0x467aB0x3ca2B0x382e
0x47d0	0x47c9B0x467aB0x3ca2B0x2dfdB0x232fB0x137c
0x47d0	0x47c9B0x467aB0x3ca2B0x3eeaB0x232fB0x137c
0x47d0	0x47c9B0x467aB0x464aB0x40c3B0x232fB0x137c
0x47d0	0x47c9B0x467aB0x3ca2B0x2dfdB0x232fB0x15e2
0x47d0	0x47c9B0x467aB0x3ca2B0x3eeaB0x232fB0x15e2
0x47d0	0x47c9B0x467aB0x464aB0x40c3B0x232fB0x15e2
0x47d1	0x47c9B0x467aB0x464aB0x381f
0x47d1	0x47c9B0x467aB0x3ca2B0x3c13
0x47d1	0x47c9B0x467aB0x3ca2B0x382e
0x47d1	0x47c9B0x467aB0x3ca2B0x2dfdB0x232fB0x137c
0x47d1	0x47c9B0x467aB0x3ca2B0x3eeaB0x232fB0x137c
0x47d1	0x47c9B0x467aB0x464aB0x40c3B0x232fB0x137c
0x47d1	0x47c9B0x467aB0x3ca2B0x2dfdB0x232fB0x15e2
0x47d1	0x47c9B0x467aB0x3ca2B0x3eeaB0x232fB0x15e2
0x47d1	0x47c9B0x467aB0x464aB0x40c3B0x232fB0x15e2
0x47d2	0x47c9B0x467aB0x464aB0x381f
0x47d2	0x47c9B0x467aB0x3ca2B0x3c13
0x47d2	0x47c9B0x467aB0x3ca2B0x382e
0x47d2	0x47c9B0x467aB0x3ca2B0x2dfdB0x232fB0x137c
0x47d2	0x47c9B0x467aB0x3ca2B0x3eeaB0x232fB0x137c
0x47d2	0x47c9B0x467aB0x464aB0x40c3B0x232fB0x137c
0x47d2	0x47c9B0x467aB0x3ca2B0x2dfdB0x232fB0x15e2
0x47d2	0x47c9B0x467aB0x3ca2B0x3eeaB0x232fB0x15e2
0x47d2	0x47c9B0x467aB0x464aB0x40c3B0x232fB0x15e2
0x47d7	0x47d4B0x47b8B0x467aB0x464aB0x381f
0x47d7	0x47d4B0x47b8B0x467aB0x3ca2B0x3c13
0x47d7	0x47d4B0x47b8B0x467aB0x3ca2B0x382e
0x47d7	0x47d4B0x47b8B0x467aB0x3ca2B0x2dfdB0x232fB0x137c
0x47d7	0x47d4B0x47b8B0x467aB0x3ca2B0x3eeaB0x232fB0x137c
0x47d7	0x47d4B0x47b8B0x467aB0x464aB0x40c3B0x232fB0x137c
0x47d7	0x47d4B0x47b8B0x467aB0x3ca2B0x2dfdB0x232fB0x15e2
0x47d7	0x47d4B0x47b8B0x467aB0x3ca2B0x3eeaB0x232fB0x15e2
0x47d7	0x47d4B0x47b8B0x467aB0x464aB0x40c3B0x232fB0x15e2
0x47ee	0x47e6B0x47b8B0x467aB0x464aB0x381f
0x47ee	0x47e6B0x47b8B0x467aB0x3ca2B0x3c13
0x47ee	0x47e6B0x47b8B0x467aB0x3ca2B0x382e
0x47ee	0x47e6B0x47b8B0x467aB0x3ca2B0x2dfdB0x232fB0x137c
0x47ee	0x47e6B0x47b8B0x467aB0x3ca2B0x3eeaB0x232fB0x137c
0x47ee	0x47e6B0x47b8B0x467aB0x464aB0x40c3B0x232fB0x137c
0x47ee	0x47e6B0x47b8B0x467aB0x3ca2B0x2dfdB0x232fB0x15e2
0x47ee	0x47e6B0x47b8B0x467aB0x3ca2B0x3eeaB0x232fB0x15e2
0x47ee	0x47e6B0x47b8B0x467aB0x464aB0x40c3B0x232fB0x15e2
0x47ff	0x47f5B0x47b8B0x467aB0x464aB0x381f
0x47ff	0x47f5B0x47b8B0x467aB0x3ca2B0x3c13
0x47ff	0x47f5B0x47b8B0x467aB0x3ca2B0x382e
0x47ff	0x47f5B0x47b8B0x467aB0x3ca2B0x2dfdB0x232fB0x137c
0x47ff	0x47f5B0x47b8B0x467aB0x3ca2B0x3eeaB0x232fB0x137c
0x47ff	0x47f5B0x47b8B0x467aB0x464aB0x40c3B0x232fB0x137c
0x47ff	0x47f5B0x47b8B0x467aB0x3ca2B0x2dfdB0x232fB0x15e2
0x47ff	0x47f5B0x47b8B0x467aB0x3ca2B0x3eeaB0x232fB0x15e2
0x47ff	0x47f5B0x47b8B0x467aB0x464aB0x40c3B0x232fB0x15e2
0x4805	0x47f5B0x47b8B0x467aB0x464aB0x381f
0x4805	0x47f5B0x47b8B0x467aB0x3ca2B0x3c13
0x4805	0x47f5B0x47b8B0x467aB0x3ca2B0x382e
0x4805	0x47f5B0x47b8B0x467aB0x3ca2B0x2dfdB0x232fB0x137c
0x4805	0x47f5B0x47b8B0x467aB0x3ca2B0x3eeaB0x232fB0x137c
0x4805	0x47f5B0x47b8B0x467aB0x464aB0x40c3B0x232fB0x137c
0x4805	0x47f5B0x47b8B0x467aB0x3ca2B0x2dfdB0x232fB0x15e2
0x4805	0x47f5B0x47b8B0x467aB0x3ca2B0x3eeaB0x232fB0x15e2
0x4805	0x47f5B0x47b8B0x467aB0x464aB0x40c3B0x232fB0x15e2
0x480c	0x47f5B0x47b8B0x467aB0x464aB0x381f
0x480c	0x47f5B0x47b8B0x467aB0x3ca2B0x3c13
0x480c	0x47f5B0x47b8B0x467aB0x3ca2B0x382e
0x480c	0x47f5B0x47b8B0x467aB0x3ca2B0x2dfdB0x232fB0x137c
0x480c	0x47f5B0x47b8B0x467aB0x3ca2B0x3eeaB0x232fB0x137c
0x480c	0x47f5B0x47b8B0x467aB0x464aB0x40c3B0x232fB0x137c
0x480c	0x47f5B0x47b8B0x467aB0x3ca2B0x2dfdB0x232fB0x15e2
0x480c	0x47f5B0x47b8B0x467aB0x3ca2B0x3eeaB0x232fB0x15e2
0x480c	0x47f5B0x47b8B0x467aB0x464aB0x40c3B0x232fB0x15e2
0x4832	0x47f5B0x47b8B0x467aB0x464aB0x381f
0x4832	0x47f5B0x47b8B0x467aB0x3ca2B0x3c13
0x4832	0x47f5B0x47b8B0x467aB0x3ca2B0x382e
0x4832	0x47f5B0x47b8B0x467aB0x3ca2B0x2dfdB0x232fB0x137c
0x4832	0x47f5B0x47b8B0x467aB0x3ca2B0x3eeaB0x232fB0x137c
0x4832	0x47f5B0x47b8B0x467aB0x464aB0x40c3B0x232fB0x137c
0x4832	0x47f5B0x47b8B0x467aB0x3ca2B0x2dfdB0x232fB0x15e2
0x4832	0x47f5B0x47b8B0x467aB0x3ca2B0x3eeaB0x232fB0x15e2
0x4832	0x47f5B0x47b8B0x467aB0x464aB0x40c3B0x232fB0x15e2
0x4847	0x4843B0x47b8B0x467aB0x464aB0x381f
0x4847	0x4843B0x47b8B0x467aB0x3ca2B0x3c13
0x4847	0x4843B0x47b8B0x467aB0x3ca2B0x382e
0x4847	0x4843B0x47b8B0x467aB0x3ca2B0x2dfdB0x232fB0x137c
0x4847	0x4843B0x47b8B0x467aB0x3ca2B0x3eeaB0x232fB0x137c
0x4847	0x4843B0x47b8B0x467aB0x464aB0x40c3B0x232fB0x137c
0x4847	0x4843B0x47b8B0x467aB0x3ca2B0x2dfdB0x232fB0x15e2
0x4847	0x4843B0x47b8B0x467aB0x3ca2B0x3eeaB0x232fB0x15e2
0x4847	0x4843B0x47b8B0x467aB0x464aB0x40c3B0x232fB0x15e2
0x4848	0x4843B0x47b8B0x467aB0x464aB0x381f
0x4848	0x4843B0x47b8B0x467aB0x3ca2B0x3c13
0x4848	0x4843B0x47b8B0x467aB0x3ca2B0x382e
0x4848	0x4843B0x47b8B0x467aB0x3ca2B0x2dfdB0x232fB0x137c
0x4848	0x4843B0x47b8B0x467aB0x3ca2B0x3eeaB0x232fB0x137c
0x4848	0x4843B0x47b8B0x467aB0x464aB0x40c3B0x232fB0x137c
0x4848	0x4843B0x47b8B0x467aB0x3ca2B0x2dfdB0x232fB0x15e2
0x4848	0x4843B0x47b8B0x467aB0x3ca2B0x3eeaB0x232fB0x15e2
0x4848	0x4843B0x47b8B0x467aB0x464aB0x40c3B0x232fB0x15e2
0x4849	0x4843B0x47b8B0x467aB0x464aB0x381f
0x4849	0x4843B0x47b8B0x467aB0x3ca2B0x3c13
0x4849	0x4843B0x47b8B0x467aB0x3ca2B0x382e
0x4849	0x4843B0x47b8B0x467aB0x3ca2B0x2dfdB0x232fB0x137c
0x4849	0x4843B0x47b8B0x467aB0x3ca2B0x3eeaB0x232fB0x137c
0x4849	0x4843B0x47b8B0x467aB0x464aB0x40c3B0x232fB0x137c
0x4849	0x4843B0x47b8B0x467aB0x3ca2B0x2dfdB0x232fB0x15e2
0x4849	0x4843B0x47b8B0x467aB0x3ca2B0x3eeaB0x232fB0x15e2
0x4849	0x4843B0x47b8B0x467aB0x464aB0x40c3B0x232fB0x15e2
0x4852	0x4850B0x47b8B0x467aB0x464aB0x381f
0x4852	0x4850B0x47b8B0x467aB0x3ca2B0x3c13
0x4852	0x4850B0x47b8B0x467aB0x3ca2B0x382e
0x4852	0x4850B0x47b8B0x467aB0x3ca2B0x2dfdB0x232fB0x137c
0x4852	0x4850B0x47b8B0x467aB0x3ca2B0x3eeaB0x232fB0x137c
0x4852	0x4850B0x47b8B0x467aB0x464aB0x40c3B0x232fB0x137c
0x4852	0x4850B0x47b8B0x467aB0x3ca2B0x2dfdB0x232fB0x15e2
0x4852	0x4850B0x47b8B0x467aB0x3ca2B0x3eeaB0x232fB0x15e2
0x4852	0x4850B0x47b8B0x467aB0x464aB0x40c3B0x232fB0x15e2
0x4853	0x4850B0x47b8B0x467aB0x464aB0x381f
0x4853	0x4850B0x47b8B0x467aB0x3ca2B0x3c13
0x4853	0x4850B0x47b8B0x467aB0x3ca2B0x382e
0x4853	0x4850B0x47b8B0x467aB0x3ca2B0x2dfdB0x232fB0x137c
0x4853	0x4850B0x47b8B0x467aB0x3ca2B0x3eeaB0x232fB0x137c
0x4853	0x4850B0x47b8B0x467aB0x464aB0x40c3B0x232fB0x137c
0x4853	0x4850B0x47b8B0x467aB0x3ca2B0x2dfdB0x232fB0x15e2
0x4853	0x4850B0x47b8B0x467aB0x3ca2B0x3eeaB0x232fB0x15e2
0x4853	0x4850B0x47b8B0x467aB0x464aB0x40c3B0x232fB0x15e2
0x4859	0x4858B0x47b8B0x467aB0x464aB0x381f
0x4859	0x4858B0x47b8B0x467aB0x3ca2B0x3c13
0x4859	0x4858B0x47b8B0x467aB0x3ca2B0x382e
0x4859	0x4858B0x47b8B0x467aB0x3ca2B0x2dfdB0x232fB0x137c
0x4859	0x4858B0x47b8B0x467aB0x3ca2B0x3eeaB0x232fB0x137c
0x4859	0x4858B0x47b8B0x467aB0x464aB0x40c3B0x232fB0x137c
0x4859	0x4858B0x47b8B0x467aB0x3ca2B0x2dfdB0x232fB0x15e2
0x4859	0x4858B0x47b8B0x467aB0x3ca2B0x3eeaB0x232fB0x15e2
0x4859	0x4858B0x47b8B0x467aB0x464aB0x40c3B0x232fB0x15e2
0x4864	0x4858B0x47b8B0x467aB0x464aB0x381f
0x4864	0x4858B0x47b8B0x467aB0x3ca2B0x3c13
0x4864	0x4858B0x47b8B0x467aB0x3ca2B0x382e
0x4864	0x4858B0x47b8B0x467aB0x3ca2B0x2dfdB0x232fB0x137c
0x4864	0x4858B0x47b8B0x467aB0x3ca2B0x3eeaB0x232fB0x137c
0x4864	0x4858B0x47b8B0x467aB0x464aB0x40c3B0x232fB0x137c
0x4864	0x4858B0x47b8B0x467aB0x3ca2B0x2dfdB0x232fB0x15e2
0x4864	0x4858B0x47b8B0x467aB0x3ca2B0x3eeaB0x232fB0x15e2
0x4864	0x4858B0x47b8B0x467aB0x464aB0x40c3B0x232fB0x15e2
0x486c	0x4858B0x47b8B0x467aB0x464aB0x381f
0x486c	0x4858B0x47b8B0x467aB0x3ca2B0x3c13
0x486c	0x4858B0x47b8B0x467aB0x3ca2B0x382e
0x486c	0x4858B0x47b8B0x467aB0x3ca2B0x2dfdB0x232fB0x137c
0x486c	0x4858B0x47b8B0x467aB0x3ca2B0x3eeaB0x232fB0x137c
0x486c	0x4858B0x47b8B0x467aB0x464aB0x40c3B0x232fB0x137c
0x486c	0x4858B0x47b8B0x467aB0x3ca2B0x2dfdB0x232fB0x15e2
0x486c	0x4858B0x47b8B0x467aB0x3ca2B0x3eeaB0x232fB0x15e2
0x486c	0x4858B0x47b8B0x467aB0x464aB0x40c3B0x232fB0x15e2
0x486d	0x4858B0x47b8B0x467aB0x464aB0x381f
0x486d	0x4858B0x47b8B0x467aB0x3ca2B0x3c13
0x486d	0x4858B0x47b8B0x467aB0x3ca2B0x382e
0x486d	0x4858B0x47b8B0x467aB0x3ca2B0x2dfdB0x232fB0x137c
0x486d	0x4858B0x47b8B0x467aB0x3ca2B0x3eeaB0x232fB0x137c
0x486d	0x4858B0x47b8B0x467aB0x464aB0x40c3B0x232fB0x137c
0x486d	0x4858B0x47b8B0x467aB0x3ca2B0x2dfdB0x232fB0x15e2
0x486d	0x4858B0x47b8B0x467aB0x3ca2B0x3eeaB0x232fB0x15e2
0x486d	0x4858B0x47b8B0x467aB0x464aB0x40c3B0x232fB0x15e2
0x4873	0x4872B0x34deB0x232fB0x137c
0x4873	0x4872B0x34deB0x232fB0x15e2
0x4874	0x4872B0x34deB0x232fB0x137c
0x4874	0x4872B0x34deB0x232fB0x15e2
0x4879	0x4872B0x34deB0x232fB0x137c
0x4879	0x4872B0x34deB0x232fB0x15e2
0x4881	0x487eB0x34deB0x232fB0x137c
0x4881	0x487eB0x34deB0x232fB0x15e2
0x4883	0x487eB0x34deB0x232fB0x137c
0x4883	0x487eB0x34deB0x232fB0x15e2
0x488c	0x488bB0x34deB0x232fB0x137c
0x488c	0x488bB0x34deB0x232fB0x15e2
0x4894	0x488eB0x34deB0x232fB0x137c
0x4894	0x488eB0x34deB0x232fB0x15e2
0x4896	0x488eB0x34deB0x232fB0x137c
0x4896	0x488eB0x34deB0x232fB0x15e2
0x489f	0x488eB0x34deB0x232fB0x137c
0x489f	0x488eB0x34deB0x232fB0x15e2
0x48a0	0x488eB0x34deB0x232fB0x137c
0x48a0	0x488eB0x34deB0x232fB0x15e2
0x48a2	0x488eB0x34deB0x232fB0x137c
0x48a2	0x488eB0x34deB0x232fB0x15e2
0x48a6	0x488eB0x34deB0x232fB0x137c
0x48a6	0x488eB0x34deB0x232fB0x15e2
0x48a7	0x488eB0x34deB0x232fB0x137c
0x48a7	0x488eB0x34deB0x232fB0x15e2
0x48a9	0x48a8B0x488eB0x34deB0x232fB0x137c
0x48a9	0x48a8B0x488eB0x34deB0x232fB0x15e2
0x48aa	0x48a8B0x488eB0x34deB0x232fB0x137c
0x48aa	0x48a8B0x488eB0x34deB0x232fB0x15e2
0x48b3	0x48b1B0x488eB0x34deB0x232fB0x137c
0x48b3	0x48b1B0x488eB0x34deB0x232fB0x15e2
0x48bd	0x48bcB0x488eB0x34deB0x232fB0x137c
0x48bd	0x48bcB0x488eB0x34deB0x232fB0x15e2
0x48be	0x48bcB0x488eB0x34deB0x232fB0x137c
0x48be	0x48bcB0x488eB0x34deB0x232fB0x15e2
0x48c1	0x48c0B0x48eaB0x262
0x48c1	0x48c0B0x4e7fB0x661
0x48cc	0x48c0B0x48eaB0x262
0x48cc	0x48c0B0x4e7fB0x661
0x48ce	0x48c0B0x48eaB0x262
0x48ce	0x48c0B0x4e7fB0x661
0x48d6	0x48d4B0x48eaB0x262
0x48d6	0x48d4B0x4e7fB0x661
0x48dd	0x48d8B0x262
0x48de	0x48d8B0x262
0x48e8	0x48e6B0x262
0x48ee	0x48eaB0x262
0x48fc	0x48f3B0x5628
0x48fc	0x48f3B0x5868
0x48fc	0x48f3B0x5873
0x48fc	0x48f3B0x588d
0x48fc	0x48f3B0x58c6
0x48fc	0x48f3B0x491aB0x297
0x48fc	0x48f3B0x4951B0x381
0x48fc	0x48f3B0x4951B0x3a1
0x48fc	0x48f3B0x491aB0x3c1
0x48fc	0x48f3B0x491aB0x4c6
0x48fc	0x48f3B0x4951B0x543
0x48fc	0x48f3B0x491aB0x563
0x48fc	0x48f3B0x4e88B0x661
0x48fc	0x48f3B0x4f49B0x694
0x48fc	0x48f3B0x4f54B0x694
0x48fc	0x48f3B0x4951B0x6e9
0x48fc	0x48f3B0x4ffcB0x9f4
0x48fc	0x48f3B0x4ffcB0xdb2
0x48fc	0x48f3B0x4ffcB0xe7d
0x48fc	0x48f3B0x4ffcB0x28f3
0x48fc	0x48f3B0x4ffcB0x3bcf
0x48fc	0x48f3B0x4ffcB0x3d64
0x48fc	0x48f3B0x4ffcB0x3e6b
0x48fc	0x48f3B0x4ffcB0x41a3
0x48fc	0x48f3B0x4ffcB0x42c6
0x48fc	0x48f3B0x4ffcB0x434b
0x48fc	0x48f3B0x4fdfB0x563c
0x48fc	0x48f3B0x4fdfB0x5655
0x48fc	0x48f3B0x4fdfB0x5666
0x48fc	0x48f3B0x4fdfB0x5692
0x48fc	0x48f3B0x4ffcB0x37ea0x36ee
0x48fc	0x48f3B0x4ffcB0x44f0B0x36ee
0x48fc	0x48f3B0x4ffcB0x37ea0x43b4B0x36ee
0x48fc	0x48f3B0x4ffcB0x1a5bB0x137c
0x48fc	0x48f3B0x4ffcB0x1b53B0x137c
0x48fc	0x48f3B0x4fdfB0x5741B0x137c
0x48fc	0x48f3B0x4fdfB0x574aB0x137c
0x48fc	0x48f3B0x4fdfB0x5762B0x137c
0x48fc	0x48f3B0x4fdfB0x5773B0x137c
0x48fc	0x48f3B0x4fdfB0x57b0B0x137c
0x48fc	0x48f3B0x57e8B0x232fB0x137c
0x48fc	0x48f3B0x57f3B0x232fB0x137c
0x48fc	0x48f3B0x5971B0x232fB0x137c
0x48fc	0x48f3B0x597fB0x232fB0x137c
0x48fc	0x48f3B0x5999B0x232fB0x137c
0x48fc	0x48f3B0x4ffcB0x2d3bB0x232fB0x137c
0x48fc	0x48f3B0x4ffcB0x2daaB0x232fB0x137c
0x48fc	0x48f3B0x4ffcB0x2f27B0x232fB0x137c
0x48fc	0x48f3B0x4ffcB0x1a5bB0x15e2
0x48fc	0x48f3B0x4ffcB0x1b53B0x15e2
0x48fc	0x48f3B0x4fdfB0x5741B0x15e2
0x48fc	0x48f3B0x4fdfB0x574aB0x15e2
0x48fc	0x48f3B0x4fdfB0x5762B0x15e2
0x48fc	0x48f3B0x4fdfB0x5773B0x15e2
0x48fc	0x48f3B0x4fdfB0x57b0B0x15e2
0x48fc	0x48f3B0x57e8B0x232fB0x15e2
0x48fc	0x48f3B0x57f3B0x232fB0x15e2
0x48fc	0x48f3B0x5971B0x232fB0x15e2
0x48fc	0x48f3B0x597fB0x232fB0x15e2
0x48fc	0x48f3B0x5999B0x232fB0x15e2
0x48fc	0x48f3B0x4ffcB0x2d3bB0x232fB0x15e2
0x48fc	0x48f3B0x4ffcB0x2daaB0x232fB0x15e2
0x48fc	0x48f3B0x4ffcB0x2f27B0x232fB0x15e2
0x48fe	0x48f3B0x5628
0x48fe	0x48f3B0x5868
0x48fe	0x48f3B0x5873
0x48fe	0x48f3B0x588d
0x48fe	0x48f3B0x58c6
0x48fe	0x48f3B0x491aB0x297
0x48fe	0x48f3B0x4951B0x381
0x48fe	0x48f3B0x4951B0x3a1
0x48fe	0x48f3B0x491aB0x3c1
0x48fe	0x48f3B0x491aB0x4c6
0x48fe	0x48f3B0x4951B0x543
0x48fe	0x48f3B0x491aB0x563
0x48fe	0x48f3B0x4e88B0x661
0x48fe	0x48f3B0x4f49B0x694
0x48fe	0x48f3B0x4f54B0x694
0x48fe	0x48f3B0x4951B0x6e9
0x48fe	0x48f3B0x4ffcB0x9f4
0x48fe	0x48f3B0x4ffcB0xdb2
0x48fe	0x48f3B0x4ffcB0xe7d
0x48fe	0x48f3B0x4ffcB0x28f3
0x48fe	0x48f3B0x4ffcB0x3bcf
0x48fe	0x48f3B0x4ffcB0x3d64
0x48fe	0x48f3B0x4ffcB0x3e6b
0x48fe	0x48f3B0x4ffcB0x41a3
0x48fe	0x48f3B0x4ffcB0x42c6
0x48fe	0x48f3B0x4ffcB0x434b
0x48fe	0x48f3B0x4fdfB0x563c
0x48fe	0x48f3B0x4fdfB0x5655
0x48fe	0x48f3B0x4fdfB0x5666
0x48fe	0x48f3B0x4fdfB0x5692
0x48fe	0x48f3B0x4ffcB0x37ea0x36ee
0x48fe	0x48f3B0x4ffcB0x44f0B0x36ee
0x48fe	0x48f3B0x4ffcB0x37ea0x43b4B0x36ee
0x48fe	0x48f3B0x4ffcB0x1a5bB0x137c
0x48fe	0x48f3B0x4ffcB0x1b53B0x137c
0x48fe	0x48f3B0x4fdfB0x5741B0x137c
0x48fe	0x48f3B0x4fdfB0x574aB0x137c
0x48fe	0x48f3B0x4fdfB0x5762B0x137c
0x48fe	0x48f3B0x4fdfB0x5773B0x137c
0x48fe	0x48f3B0x4fdfB0x57b0B0x137c
0x48fe	0x48f3B0x57e8B0x232fB0x137c
0x48fe	0x48f3B0x57f3B0x232fB0x137c
0x48fe	0x48f3B0x5971B0x232fB0x137c
0x48fe	0x48f3B0x597fB0x232fB0x137c
0x48fe	0x48f3B0x5999B0x232fB0x137c
0x48fe	0x48f3B0x4ffcB0x2d3bB0x232fB0x137c
0x48fe	0x48f3B0x4ffcB0x2daaB0x232fB0x137c
0x48fe	0x48f3B0x4ffcB0x2f27B0x232fB0x137c
0x48fe	0x48f3B0x4ffcB0x1a5bB0x15e2
0x48fe	0x48f3B0x4ffcB0x1b53B0x15e2
0x48fe	0x48f3B0x4fdfB0x5741B0x15e2
0x48fe	0x48f3B0x4fdfB0x574aB0x15e2
0x48fe	0x48f3B0x4fdfB0x5762B0x15e2
0x48fe	0x48f3B0x4fdfB0x5773B0x15e2
0x48fe	0x48f3B0x4fdfB0x57b0B0x15e2
0x48fe	0x48f3B0x57e8B0x232fB0x15e2
0x48fe	0x48f3B0x57f3B0x232fB0x15e2
0x48fe	0x48f3B0x5971B0x232fB0x15e2
0x48fe	0x48f3B0x597fB0x232fB0x15e2
0x48fe	0x48f3B0x5999B0x232fB0x15e2
0x48fe	0x48f3B0x4ffcB0x2d3bB0x232fB0x15e2
0x48fe	0x48f3B0x4ffcB0x2daaB0x232fB0x15e2
0x48fe	0x48f3B0x4ffcB0x2f27B0x232fB0x15e2
0x4906	0x4904B0x5628
0x4906	0x4904B0x5868
0x4906	0x4904B0x5873
0x4906	0x4904B0x588d
0x4906	0x4904B0x58c6
0x4906	0x4904B0x491aB0x297
0x4906	0x4904B0x4951B0x381
0x4906	0x4904B0x4951B0x3a1
0x4906	0x4904B0x491aB0x3c1
0x4906	0x4904B0x491aB0x4c6
0x4906	0x4904B0x4951B0x543
0x4906	0x4904B0x491aB0x563
0x4906	0x4904B0x4e88B0x661
0x4906	0x4904B0x4f49B0x694
0x4906	0x4904B0x4f54B0x694
0x4906	0x4904B0x4951B0x6e9
0x4906	0x4904B0x4ffcB0x9f4
0x4906	0x4904B0x4ffcB0xdb2
0x4906	0x4904B0x4ffcB0xe7d
0x4906	0x4904B0x4ffcB0x28f3
0x4906	0x4904B0x4ffcB0x3bcf
0x4906	0x4904B0x4ffcB0x3d64
0x4906	0x4904B0x4ffcB0x3e6b
0x4906	0x4904B0x4ffcB0x41a3
0x4906	0x4904B0x4ffcB0x42c6
0x4906	0x4904B0x4ffcB0x434b
0x4906	0x4904B0x4fdfB0x563c
0x4906	0x4904B0x4fdfB0x5655
0x4906	0x4904B0x4fdfB0x5666
0x4906	0x4904B0x4fdfB0x5692
0x4906	0x4904B0x4ffcB0x37ea0x36ee
0x4906	0x4904B0x4ffcB0x44f0B0x36ee
0x4906	0x4904B0x4ffcB0x37ea0x43b4B0x36ee
0x4906	0x4904B0x4ffcB0x1a5bB0x137c
0x4906	0x4904B0x4ffcB0x1b53B0x137c
0x4906	0x4904B0x4fdfB0x5741B0x137c
0x4906	0x4904B0x4fdfB0x574aB0x137c
0x4906	0x4904B0x4fdfB0x5762B0x137c
0x4906	0x4904B0x4fdfB0x5773B0x137c
0x4906	0x4904B0x4fdfB0x57b0B0x137c
0x4906	0x4904B0x57e8B0x232fB0x137c
0x4906	0x4904B0x57f3B0x232fB0x137c
0x4906	0x4904B0x5971B0x232fB0x137c
0x4906	0x4904B0x597fB0x232fB0x137c
0x4906	0x4904B0x5999B0x232fB0x137c
0x4906	0x4904B0x4ffcB0x2d3bB0x232fB0x137c
0x4906	0x4904B0x4ffcB0x2daaB0x232fB0x137c
0x4906	0x4904B0x4ffcB0x2f27B0x232fB0x137c
0x4906	0x4904B0x4ffcB0x1a5bB0x15e2
0x4906	0x4904B0x4ffcB0x1b53B0x15e2
0x4906	0x4904B0x4fdfB0x5741B0x15e2
0x4906	0x4904B0x4fdfB0x574aB0x15e2
0x4906	0x4904B0x4fdfB0x5762B0x15e2
0x4906	0x4904B0x4fdfB0x5773B0x15e2
0x4906	0x4904B0x4fdfB0x57b0B0x15e2
0x4906	0x4904B0x57e8B0x232fB0x15e2
0x4906	0x4904B0x57f3B0x232fB0x15e2
0x4906	0x4904B0x5971B0x232fB0x15e2
0x4906	0x4904B0x597fB0x232fB0x15e2
0x4906	0x4904B0x5999B0x232fB0x15e2
0x4906	0x4904B0x4ffcB0x2d3bB0x232fB0x15e2
0x4906	0x4904B0x4ffcB0x2daaB0x232fB0x15e2
0x4906	0x4904B0x4ffcB0x2f27B0x232fB0x15e2
0x490d	0x4908B0x297
0x490d	0x4908B0x3c1
0x490d	0x4908B0x4c6
0x490d	0x4908B0x563
0x490e	0x4908B0x297
0x490e	0x4908B0x3c1
0x490e	0x4908B0x4c6
0x490e	0x4908B0x563
0x4918	0x4916B0x297
0x4918	0x4916B0x3c1
0x4918	0x4916B0x4c6
0x4918	0x4916B0x563
0x491b	0x491aB0x297
0x491b	0x491aB0x3c1
0x491b	0x491aB0x4c6
0x491b	0x491aB0x563
0x4920	0x491aB0x297
0x4920	0x491aB0x3c1
0x4920	0x491aB0x4c6
0x4920	0x491aB0x563
0x492a	0x4925B0x2b9
0x492a	0x4925B0x312
0x492a	0x4925B0x44c
0x492a	0x4925B0x5d8
0x492a	0x4925B0x6c9
0x492a	0x4925B0x75d
0x492b	0x4925B0x2b9
0x492b	0x4925B0x312
0x492b	0x4925B0x44c
0x492b	0x4925B0x5d8
0x492b	0x4925B0x6c9
0x492b	0x4925B0x75d
0x4935	0x4933B0x2b9
0x4935	0x4933B0x312
0x4935	0x4933B0x44c
0x4935	0x4933B0x5d8
0x4935	0x4933B0x6c9
0x4935	0x4933B0x75d
0x4938	0x4937B0x2b9
0x4938	0x4937B0x312
0x4938	0x4937B0x44c
0x4938	0x4937B0x5d8
0x4938	0x4937B0x6c9
0x4938	0x4937B0x75d
0x493a	0x4937B0x2b9
0x493a	0x4937B0x312
0x493a	0x4937B0x44c
0x493a	0x4937B0x5d8
0x493a	0x4937B0x6c9
0x493a	0x4937B0x75d
0x493b	0x4937B0x2b9
0x493b	0x4937B0x312
0x493b	0x4937B0x44c
0x493b	0x4937B0x5d8
0x493b	0x4937B0x6c9
0x493b	0x4937B0x75d
0x493c	0x4937B0x2b9
0x493c	0x4937B0x312
0x493c	0x4937B0x44c
0x493c	0x4937B0x5d8
0x493c	0x4937B0x6c9
0x493c	0x4937B0x75d
0x4941	0x493eB0x381
0x4941	0x493eB0x3a1
0x4941	0x493eB0x543
0x4941	0x493eB0x6e9
0x4944	0x493eB0x381
0x4944	0x493eB0x3a1
0x4944	0x493eB0x543
0x4944	0x493eB0x6e9
0x4945	0x493eB0x381
0x4945	0x493eB0x3a1
0x4945	0x493eB0x543
0x4945	0x493eB0x6e9
0x494f	0x494dB0x381
0x494f	0x494dB0x3a1
0x494f	0x494dB0x543
0x494f	0x494dB0x6e9
0x4952	0x4951B0x381
0x4952	0x4951B0x3a1
0x4952	0x4951B0x543
0x4952	0x4951B0x6e9
0x4954	0x4951B0x381
0x4954	0x4951B0x3a1
0x4954	0x4951B0x543
0x4954	0x4951B0x6e9
0x4955	0x4951B0x381
0x4955	0x4951B0x3a1
0x4955	0x4951B0x543
0x4955	0x4951B0x6e9
0x4958	0x4951B0x381
0x4958	0x4951B0x3a1
0x4958	0x4951B0x543
0x4958	0x4951B0x6e9
0x495e	0x4951B0x381
0x495e	0x4951B0x3a1
0x495e	0x4951B0x543
0x495e	0x4951B0x6e9
0x4972	0x4971B0x54d6
0x4972	0x4971B0x54fe
0x4972	0x4971B0x5510
0x4972	0x4971B0x4992B0x49beB0x9d4d3
0x4972	0x4971B0x4992B0x4c81B0x504
0x4972	0x4971B0x4992B0x4ca1B0x504
0x4972	0x4971B0x4992B0x49beB0xe6928
0x4972	0x4971B0x521fB0x11c4
0x4972	0x4971B0x5257B0x11c4
0x4972	0x4971B0x4992B0x49beB0x1716B0x11c4
0x4972	0x4971B0x4992B0x501dB0x650
0x4972	0x4971B0x4992B0x5491B0x137c
0x4972	0x4971B0x4992B0x49beB0x19c0B0x137c
0x4972	0x4971B0x4992B0x539fB0x546fB0x1ab5B0x137c
0x4972	0x4971B0x552dB0x15c7
0x4972	0x4971B0x4992B0x5491B0x15e2
0x4972	0x4971B0x4992B0x49beB0x19c0B0x15e2
0x4972	0x4971B0x4992B0x539fB0x546fB0x1ab5B0x15e2
0x4972	0x4971B0x5a55B0x467aB0x464aB0x381f
0x4972	0x4971B0x4992B0x49beB0x4858B0x47b8B0x467aB0x464aB0x381f
0x4972	0x4971B0x5a55B0x467aB0x3ca2B0x3c13
0x4972	0x4971B0x4992B0x49beB0x4858B0x47b8B0x467aB0x3ca2B0x3c13
0x4972	0x4971B0x5a55B0x467aB0x3ca2B0x382e
0x4972	0x4971B0x4992B0x49beB0x4858B0x47b8B0x467aB0x3ca2B0x382e
0x4972	0x4971B0x5a55B0x467aB0x3ca2B0x2dfdB0x232fB0x137c
0x4972	0x4971B0x4992B0x49beB0x4858B0x47b8B0x467aB0x3ca2B0x2dfdB0x232fB0x137c
0x4972	0x4971B0x5a55B0x467aB0x3ca2B0x3eeaB0x232fB0x137c
0x4972	0x4971B0x4992B0x49beB0x4858B0x47b8B0x467aB0x3ca2B0x3eeaB0x232fB0x137c
0x4972	0x4971B0x5a55B0x467aB0x464aB0x40c3B0x232fB0x137c
0x4972	0x4971B0x4992B0x49beB0x4858B0x47b8B0x467aB0x464aB0x40c3B0x232fB0x137c
0x4972	0x4971B0x5a55B0x467aB0x3ca2B0x2dfdB0x232fB0x15e2
0x4972	0x4971B0x4992B0x49beB0x4858B0x47b8B0x467aB0x3ca2B0x2dfdB0x232fB0x15e2
0x4972	0x4971B0x5a55B0x467aB0x3ca2B0x3eeaB0x232fB0x15e2
0x4972	0x4971B0x4992B0x49beB0x4858B0x47b8B0x467aB0x3ca2B0x3eeaB0x232fB0x15e2
0x4972	0x4971B0x5a55B0x467aB0x464aB0x40c3B0x232fB0x15e2
0x4972	0x4971B0x4992B0x49beB0x4858B0x47b8B0x467aB0x464aB0x40c3B0x232fB0x15e2
0x4973	0x4971B0x54d6
0x4973	0x4971B0x54fe
0x4973	0x4971B0x5510
0x4973	0x4971B0x4992B0x49beB0x9d4d3
0x4973	0x4971B0x4992B0x4c81B0x504
0x4973	0x4971B0x4992B0x4ca1B0x504
0x4973	0x4971B0x4992B0x49beB0xe6928
0x4973	0x4971B0x521fB0x11c4
0x4973	0x4971B0x5257B0x11c4
0x4973	0x4971B0x4992B0x49beB0x1716B0x11c4
0x4973	0x4971B0x4992B0x501dB0x650
0x4973	0x4971B0x4992B0x5491B0x137c
0x4973	0x4971B0x4992B0x49beB0x19c0B0x137c
0x4973	0x4971B0x4992B0x539fB0x546fB0x1ab5B0x137c
0x4973	0x4971B0x552dB0x15c7
0x4973	0x4971B0x4992B0x5491B0x15e2
0x4973	0x4971B0x4992B0x49beB0x19c0B0x15e2
0x4973	0x4971B0x4992B0x539fB0x546fB0x1ab5B0x15e2
0x4973	0x4971B0x5a55B0x467aB0x464aB0x381f
0x4973	0x4971B0x4992B0x49beB0x4858B0x47b8B0x467aB0x464aB0x381f
0x4973	0x4971B0x5a55B0x467aB0x3ca2B0x3c13
0x4973	0x4971B0x4992B0x49beB0x4858B0x47b8B0x467aB0x3ca2B0x3c13
0x4973	0x4971B0x5a55B0x467aB0x3ca2B0x382e
0x4973	0x4971B0x4992B0x49beB0x4858B0x47b8B0x467aB0x3ca2B0x382e
0x4973	0x4971B0x5a55B0x467aB0x3ca2B0x2dfdB0x232fB0x137c
0x4973	0x4971B0x4992B0x49beB0x4858B0x47b8B0x467aB0x3ca2B0x2dfdB0x232fB0x137c
0x4973	0x4971B0x5a55B0x467aB0x3ca2B0x3eeaB0x232fB0x137c
0x4973	0x4971B0x4992B0x49beB0x4858B0x47b8B0x467aB0x3ca2B0x3eeaB0x232fB0x137c
0x4973	0x4971B0x5a55B0x467aB0x464aB0x40c3B0x232fB0x137c
0x4973	0x4971B0x4992B0x49beB0x4858B0x47b8B0x467aB0x464aB0x40c3B0x232fB0x137c
0x4973	0x4971B0x5a55B0x467aB0x3ca2B0x2dfdB0x232fB0x15e2
0x4973	0x4971B0x4992B0x49beB0x4858B0x47b8B0x467aB0x3ca2B0x2dfdB0x232fB0x15e2
0x4973	0x4971B0x5a55B0x467aB0x3ca2B0x3eeaB0x232fB0x15e2
0x4973	0x4971B0x4992B0x49beB0x4858B0x47b8B0x467aB0x3ca2B0x3eeaB0x232fB0x15e2
0x4973	0x4971B0x5a55B0x467aB0x464aB0x40c3B0x232fB0x15e2
0x4973	0x4971B0x4992B0x49beB0x4858B0x47b8B0x467aB0x464aB0x40c3B0x232fB0x15e2
0x497b	0x497aB0x54d6
0x497b	0x497aB0x54fe
0x497b	0x497aB0x5510
0x497b	0x497aB0x4992B0x49beB0x9d4d3
0x497b	0x497aB0x4992B0x4c81B0x504
0x497b	0x497aB0x4992B0x4ca1B0x504
0x497b	0x497aB0x4992B0x49beB0xe6928
0x497b	0x497aB0x521fB0x11c4
0x497b	0x497aB0x5257B0x11c4
0x497b	0x497aB0x4992B0x49beB0x1716B0x11c4
0x497b	0x497aB0x4992B0x501dB0x650
0x497b	0x497aB0x4992B0x5491B0x137c
0x497b	0x497aB0x4992B0x49beB0x19c0B0x137c
0x497b	0x497aB0x4992B0x539fB0x546fB0x1ab5B0x137c
0x497b	0x497aB0x552dB0x15c7
0x497b	0x497aB0x4992B0x5491B0x15e2
0x497b	0x497aB0x4992B0x49beB0x19c0B0x15e2
0x497b	0x497aB0x4992B0x539fB0x546fB0x1ab5B0x15e2
0x497b	0x497aB0x5a55B0x467aB0x464aB0x381f
0x497b	0x497aB0x4992B0x49beB0x4858B0x47b8B0x467aB0x464aB0x381f
0x497b	0x497aB0x5a55B0x467aB0x3ca2B0x3c13
0x497b	0x497aB0x4992B0x49beB0x4858B0x47b8B0x467aB0x3ca2B0x3c13
0x497b	0x497aB0x5a55B0x467aB0x3ca2B0x382e
0x497b	0x497aB0x4992B0x49beB0x4858B0x47b8B0x467aB0x3ca2B0x382e
0x497b	0x497aB0x5a55B0x467aB0x3ca2B0x2dfdB0x232fB0x137c
0x497b	0x497aB0x4992B0x49beB0x4858B0x47b8B0x467aB0x3ca2B0x2dfdB0x232fB0x137c
0x497b	0x497aB0x5a55B0x467aB0x3ca2B0x3eeaB0x232fB0x137c
0x497b	0x497aB0x4992B0x49beB0x4858B0x47b8B0x467aB0x3ca2B0x3eeaB0x232fB0x137c
0x497b	0x497aB0x5a55B0x467aB0x464aB0x40c3B0x232fB0x137c
0x497b	0x497aB0x4992B0x49beB0x4858B0x47b8B0x467aB0x464aB0x40c3B0x232fB0x137c
0x497b	0x497aB0x5a55B0x467aB0x3ca2B0x2dfdB0x232fB0x15e2
0x497b	0x497aB0x4992B0x49beB0x4858B0x47b8B0x467aB0x3ca2B0x2dfdB0x232fB0x15e2
0x497b	0x497aB0x5a55B0x467aB0x3ca2B0x3eeaB0x232fB0x15e2
0x497b	0x497aB0x4992B0x49beB0x4858B0x47b8B0x467aB0x3ca2B0x3eeaB0x232fB0x15e2
0x497b	0x497aB0x5a55B0x467aB0x464aB0x40c3B0x232fB0x15e2
0x497b	0x497aB0x4992B0x49beB0x4858B0x47b8B0x467aB0x464aB0x40c3B0x232fB0x15e2
0x497e	0x497aB0x54d6
0x497e	0x497aB0x54fe
0x497e	0x497aB0x5510
0x497e	0x497aB0x4992B0x49beB0x9d4d3
0x497e	0x497aB0x4992B0x4c81B0x504
0x497e	0x497aB0x4992B0x4ca1B0x504
0x497e	0x497aB0x4992B0x49beB0xe6928
0x497e	0x497aB0x521fB0x11c4
0x497e	0x497aB0x5257B0x11c4
0x497e	0x497aB0x4992B0x49beB0x1716B0x11c4
0x497e	0x497aB0x4992B0x501dB0x650
0x497e	0x497aB0x4992B0x5491B0x137c
0x497e	0x497aB0x4992B0x49beB0x19c0B0x137c
0x497e	0x497aB0x4992B0x539fB0x546fB0x1ab5B0x137c
0x497e	0x497aB0x552dB0x15c7
0x497e	0x497aB0x4992B0x5491B0x15e2
0x497e	0x497aB0x4992B0x49beB0x19c0B0x15e2
0x497e	0x497aB0x4992B0x539fB0x546fB0x1ab5B0x15e2
0x497e	0x497aB0x5a55B0x467aB0x464aB0x381f
0x497e	0x497aB0x4992B0x49beB0x4858B0x47b8B0x467aB0x464aB0x381f
0x497e	0x497aB0x5a55B0x467aB0x3ca2B0x3c13
0x497e	0x497aB0x4992B0x49beB0x4858B0x47b8B0x467aB0x3ca2B0x3c13
0x497e	0x497aB0x5a55B0x467aB0x3ca2B0x382e
0x497e	0x497aB0x4992B0x49beB0x4858B0x47b8B0x467aB0x3ca2B0x382e
0x497e	0x497aB0x5a55B0x467aB0x3ca2B0x2dfdB0x232fB0x137c
0x497e	0x497aB0x4992B0x49beB0x4858B0x47b8B0x467aB0x3ca2B0x2dfdB0x232fB0x137c
0x497e	0x497aB0x5a55B0x467aB0x3ca2B0x3eeaB0x232fB0x137c
0x497e	0x497aB0x4992B0x49beB0x4858B0x47b8B0x467aB0x3ca2B0x3eeaB0x232fB0x137c
0x497e	0x497aB0x5a55B0x467aB0x464aB0x40c3B0x232fB0x137c
0x497e	0x497aB0x4992B0x49beB0x4858B0x47b8B0x467aB0x464aB0x40c3B0x232fB0x137c
0x497e	0x497aB0x5a55B0x467aB0x3ca2B0x2dfdB0x232fB0x15e2
0x497e	0x497aB0x4992B0x49beB0x4858B0x47b8B0x467aB0x3ca2B0x2dfdB0x232fB0x15e2
0x497e	0x497aB0x5a55B0x467aB0x3ca2B0x3eeaB0x232fB0x15e2
0x497e	0x497aB0x4992B0x49beB0x4858B0x47b8B0x467aB0x3ca2B0x3eeaB0x232fB0x15e2
0x497e	0x497aB0x5a55B0x467aB0x464aB0x40c3B0x232fB0x15e2
0x497e	0x497aB0x4992B0x49beB0x4858B0x47b8B0x467aB0x464aB0x40c3B0x232fB0x15e2
0x497f	0x497aB0x54d6
0x497f	0x497aB0x54fe
0x497f	0x497aB0x5510
0x497f	0x497aB0x4992B0x49beB0x9d4d3
0x497f	0x497aB0x4992B0x4c81B0x504
0x497f	0x497aB0x4992B0x4ca1B0x504
0x497f	0x497aB0x4992B0x49beB0xe6928
0x497f	0x497aB0x521fB0x11c4
0x497f	0x497aB0x5257B0x11c4
0x497f	0x497aB0x4992B0x49beB0x1716B0x11c4
0x497f	0x497aB0x4992B0x501dB0x650
0x497f	0x497aB0x4992B0x5491B0x137c
0x497f	0x497aB0x4992B0x49beB0x19c0B0x137c
0x497f	0x497aB0x4992B0x539fB0x546fB0x1ab5B0x137c
0x497f	0x497aB0x552dB0x15c7
0x497f	0x497aB0x4992B0x5491B0x15e2
0x497f	0x497aB0x4992B0x49beB0x19c0B0x15e2
0x497f	0x497aB0x4992B0x539fB0x546fB0x1ab5B0x15e2
0x497f	0x497aB0x5a55B0x467aB0x464aB0x381f
0x497f	0x497aB0x4992B0x49beB0x4858B0x47b8B0x467aB0x464aB0x381f
0x497f	0x497aB0x5a55B0x467aB0x3ca2B0x3c13
0x497f	0x497aB0x4992B0x49beB0x4858B0x47b8B0x467aB0x3ca2B0x3c13
0x497f	0x497aB0x5a55B0x467aB0x3ca2B0x382e
0x497f	0x497aB0x4992B0x49beB0x4858B0x47b8B0x467aB0x3ca2B0x382e
0x497f	0x497aB0x5a55B0x467aB0x3ca2B0x2dfdB0x232fB0x137c
0x497f	0x497aB0x4992B0x49beB0x4858B0x47b8B0x467aB0x3ca2B0x2dfdB0x232fB0x137c
0x497f	0x497aB0x5a55B0x467aB0x3ca2B0x3eeaB0x232fB0x137c
0x497f	0x497aB0x4992B0x49beB0x4858B0x47b8B0x467aB0x3ca2B0x3eeaB0x232fB0x137c
0x497f	0x497aB0x5a55B0x467aB0x464aB0x40c3B0x232fB0x137c
0x497f	0x497aB0x4992B0x49beB0x4858B0x47b8B0x467aB0x464aB0x40c3B0x232fB0x137c
0x497f	0x497aB0x5a55B0x467aB0x3ca2B0x2dfdB0x232fB0x15e2
0x497f	0x497aB0x4992B0x49beB0x4858B0x47b8B0x467aB0x3ca2B0x2dfdB0x232fB0x15e2
0x497f	0x497aB0x5a55B0x467aB0x3ca2B0x3eeaB0x232fB0x15e2
0x497f	0x497aB0x4992B0x49beB0x4858B0x47b8B0x467aB0x3ca2B0x3eeaB0x232fB0x15e2
0x497f	0x497aB0x5a55B0x467aB0x464aB0x40c3B0x232fB0x15e2
0x497f	0x497aB0x4992B0x49beB0x4858B0x47b8B0x467aB0x464aB0x40c3B0x232fB0x15e2
0x498a	0x4989B0x54d6
0x498a	0x4989B0x54fe
0x498a	0x4989B0x5510
0x498a	0x4989B0x4992B0x49beB0x9d4d3
0x498a	0x4989B0x4992B0x4c81B0x504
0x498a	0x4989B0x4992B0x4ca1B0x504
0x498a	0x4989B0x4992B0x49beB0xe6928
0x498a	0x4989B0x521fB0x11c4
0x498a	0x4989B0x5257B0x11c4
0x498a	0x4989B0x4992B0x49beB0x1716B0x11c4
0x498a	0x4989B0x4992B0x501dB0x650
0x498a	0x4989B0x4992B0x5491B0x137c
0x498a	0x4989B0x4992B0x49beB0x19c0B0x137c
0x498a	0x4989B0x4992B0x539fB0x546fB0x1ab5B0x137c
0x498a	0x4989B0x552dB0x15c7
0x498a	0x4989B0x4992B0x5491B0x15e2
0x498a	0x4989B0x4992B0x49beB0x19c0B0x15e2
0x498a	0x4989B0x4992B0x539fB0x546fB0x1ab5B0x15e2
0x498a	0x4989B0x5a55B0x467aB0x464aB0x381f
0x498a	0x4989B0x4992B0x49beB0x4858B0x47b8B0x467aB0x464aB0x381f
0x498a	0x4989B0x5a55B0x467aB0x3ca2B0x3c13
0x498a	0x4989B0x4992B0x49beB0x4858B0x47b8B0x467aB0x3ca2B0x3c13
0x498a	0x4989B0x5a55B0x467aB0x3ca2B0x382e
0x498a	0x4989B0x4992B0x49beB0x4858B0x47b8B0x467aB0x3ca2B0x382e
0x498a	0x4989B0x5a55B0x467aB0x3ca2B0x2dfdB0x232fB0x137c
0x498a	0x4989B0x4992B0x49beB0x4858B0x47b8B0x467aB0x3ca2B0x2dfdB0x232fB0x137c
0x498a	0x4989B0x5a55B0x467aB0x3ca2B0x3eeaB0x232fB0x137c
0x498a	0x4989B0x4992B0x49beB0x4858B0x47b8B0x467aB0x3ca2B0x3eeaB0x232fB0x137c
0x498a	0x4989B0x5a55B0x467aB0x464aB0x40c3B0x232fB0x137c
0x498a	0x4989B0x4992B0x49beB0x4858B0x47b8B0x467aB0x464aB0x40c3B0x232fB0x137c
0x498a	0x4989B0x5a55B0x467aB0x3ca2B0x2dfdB0x232fB0x15e2
0x498a	0x4989B0x4992B0x49beB0x4858B0x47b8B0x467aB0x3ca2B0x2dfdB0x232fB0x15e2
0x498a	0x4989B0x5a55B0x467aB0x3ca2B0x3eeaB0x232fB0x15e2
0x498a	0x4989B0x4992B0x49beB0x4858B0x47b8B0x467aB0x3ca2B0x3eeaB0x232fB0x15e2
0x498a	0x4989B0x5a55B0x467aB0x464aB0x40c3B0x232fB0x15e2
0x498a	0x4989B0x4992B0x49beB0x4858B0x47b8B0x467aB0x464aB0x40c3B0x232fB0x15e2
0x498b	0x4989B0x54d6
0x498b	0x4989B0x54fe
0x498b	0x4989B0x5510
0x498b	0x4989B0x4992B0x49beB0x9d4d3
0x498b	0x4989B0x4992B0x4c81B0x504
0x498b	0x4989B0x4992B0x4ca1B0x504
0x498b	0x4989B0x4992B0x49beB0xe6928
0x498b	0x4989B0x521fB0x11c4
0x498b	0x4989B0x5257B0x11c4
0x498b	0x4989B0x4992B0x49beB0x1716B0x11c4
0x498b	0x4989B0x4992B0x501dB0x650
0x498b	0x4989B0x4992B0x5491B0x137c
0x498b	0x4989B0x4992B0x49beB0x19c0B0x137c
0x498b	0x4989B0x4992B0x539fB0x546fB0x1ab5B0x137c
0x498b	0x4989B0x552dB0x15c7
0x498b	0x4989B0x4992B0x5491B0x15e2
0x498b	0x4989B0x4992B0x49beB0x19c0B0x15e2
0x498b	0x4989B0x4992B0x539fB0x546fB0x1ab5B0x15e2
0x498b	0x4989B0x5a55B0x467aB0x464aB0x381f
0x498b	0x4989B0x4992B0x49beB0x4858B0x47b8B0x467aB0x464aB0x381f
0x498b	0x4989B0x5a55B0x467aB0x3ca2B0x3c13
0x498b	0x4989B0x4992B0x49beB0x4858B0x47b8B0x467aB0x3ca2B0x3c13
0x498b	0x4989B0x5a55B0x467aB0x3ca2B0x382e
0x498b	0x4989B0x4992B0x49beB0x4858B0x47b8B0x467aB0x3ca2B0x382e
0x498b	0x4989B0x5a55B0x467aB0x3ca2B0x2dfdB0x232fB0x137c
0x498b	0x4989B0x4992B0x49beB0x4858B0x47b8B0x467aB0x3ca2B0x2dfdB0x232fB0x137c
0x498b	0x4989B0x5a55B0x467aB0x3ca2B0x3eeaB0x232fB0x137c
0x498b	0x4989B0x4992B0x49beB0x4858B0x47b8B0x467aB0x3ca2B0x3eeaB0x232fB0x137c
0x498b	0x4989B0x5a55B0x467aB0x464aB0x40c3B0x232fB0x137c
0x498b	0x4989B0x4992B0x49beB0x4858B0x47b8B0x467aB0x464aB0x40c3B0x232fB0x137c
0x498b	0x4989B0x5a55B0x467aB0x3ca2B0x2dfdB0x232fB0x15e2
0x498b	0x4989B0x4992B0x49beB0x4858B0x47b8B0x467aB0x3ca2B0x2dfdB0x232fB0x15e2
0x498b	0x4989B0x5a55B0x467aB0x3ca2B0x3eeaB0x232fB0x15e2
0x498b	0x4989B0x4992B0x49beB0x4858B0x47b8B0x467aB0x3ca2B0x3eeaB0x232fB0x15e2
0x498b	0x4989B0x5a55B0x467aB0x464aB0x40c3B0x232fB0x15e2
0x498b	0x4989B0x4992B0x49beB0x4858B0x47b8B0x467aB0x464aB0x40c3B0x232fB0x15e2
0x498e	0x4989B0x54d6
0x498e	0x4989B0x54fe
0x498e	0x4989B0x5510
0x498e	0x4989B0x4992B0x49beB0x9d4d3
0x498e	0x4989B0x4992B0x4c81B0x504
0x498e	0x4989B0x4992B0x4ca1B0x504
0x498e	0x4989B0x4992B0x49beB0xe6928
0x498e	0x4989B0x521fB0x11c4
0x498e	0x4989B0x5257B0x11c4
0x498e	0x4989B0x4992B0x49beB0x1716B0x11c4
0x498e	0x4989B0x4992B0x501dB0x650
0x498e	0x4989B0x4992B0x5491B0x137c
0x498e	0x4989B0x4992B0x49beB0x19c0B0x137c
0x498e	0x4989B0x4992B0x539fB0x546fB0x1ab5B0x137c
0x498e	0x4989B0x552dB0x15c7
0x498e	0x4989B0x4992B0x5491B0x15e2
0x498e	0x4989B0x4992B0x49beB0x19c0B0x15e2
0x498e	0x4989B0x4992B0x539fB0x546fB0x1ab5B0x15e2
0x498e	0x4989B0x5a55B0x467aB0x464aB0x381f
0x498e	0x4989B0x4992B0x49beB0x4858B0x47b8B0x467aB0x464aB0x381f
0x498e	0x4989B0x5a55B0x467aB0x3ca2B0x3c13
0x498e	0x4989B0x4992B0x49beB0x4858B0x47b8B0x467aB0x3ca2B0x3c13
0x498e	0x4989B0x5a55B0x467aB0x3ca2B0x382e
0x498e	0x4989B0x4992B0x49beB0x4858B0x47b8B0x467aB0x3ca2B0x382e
0x498e	0x4989B0x5a55B0x467aB0x3ca2B0x2dfdB0x232fB0x137c
0x498e	0x4989B0x4992B0x49beB0x4858B0x47b8B0x467aB0x3ca2B0x2dfdB0x232fB0x137c
0x498e	0x4989B0x5a55B0x467aB0x3ca2B0x3eeaB0x232fB0x137c
0x498e	0x4989B0x4992B0x49beB0x4858B0x47b8B0x467aB0x3ca2B0x3eeaB0x232fB0x137c
0x498e	0x4989B0x5a55B0x467aB0x464aB0x40c3B0x232fB0x137c
0x498e	0x4989B0x4992B0x49beB0x4858B0x47b8B0x467aB0x464aB0x40c3B0x232fB0x137c
0x498e	0x4989B0x5a55B0x467aB0x3ca2B0x2dfdB0x232fB0x15e2
0x498e	0x4989B0x4992B0x49beB0x4858B0x47b8B0x467aB0x3ca2B0x2dfdB0x232fB0x15e2
0x498e	0x4989B0x5a55B0x467aB0x3ca2B0x3eeaB0x232fB0x15e2
0x498e	0x4989B0x4992B0x49beB0x4858B0x47b8B0x467aB0x3ca2B0x3eeaB0x232fB0x15e2
0x498e	0x4989B0x5a55B0x467aB0x464aB0x40c3B0x232fB0x15e2
0x498e	0x4989B0x4992B0x49beB0x4858B0x47b8B0x467aB0x464aB0x40c3B0x232fB0x15e2
0x4995	0x4992B0x49beB0x9d4d3
0x4995	0x4992B0x4c81B0x504
0x4995	0x4992B0x4ca1B0x504
0x4995	0x4992B0x49beB0xe6928
0x4995	0x4992B0x49beB0x1716B0x11c4
0x4995	0x4992B0x501dB0x650
0x4995	0x4992B0x5491B0x137c
0x4995	0x4992B0x49beB0x19c0B0x137c
0x4995	0x4992B0x539fB0x546fB0x1ab5B0x137c
0x4995	0x4992B0x5491B0x15e2
0x4995	0x4992B0x49beB0x19c0B0x15e2
0x4995	0x4992B0x539fB0x546fB0x1ab5B0x15e2
0x4995	0x4992B0x49beB0x4858B0x47b8B0x467aB0x464aB0x381f
0x4995	0x4992B0x49beB0x4858B0x47b8B0x467aB0x3ca2B0x3c13
0x4995	0x4992B0x49beB0x4858B0x47b8B0x467aB0x3ca2B0x382e
0x4995	0x4992B0x49beB0x4858B0x47b8B0x467aB0x3ca2B0x2dfdB0x232fB0x137c
0x4995	0x4992B0x49beB0x4858B0x47b8B0x467aB0x3ca2B0x3eeaB0x232fB0x137c
0x4995	0x4992B0x49beB0x4858B0x47b8B0x467aB0x464aB0x40c3B0x232fB0x137c
0x4995	0x4992B0x49beB0x4858B0x47b8B0x467aB0x3ca2B0x2dfdB0x232fB0x15e2
0x4995	0x4992B0x49beB0x4858B0x47b8B0x467aB0x3ca2B0x3eeaB0x232fB0x15e2
0x4995	0x4992B0x49beB0x4858B0x47b8B0x467aB0x464aB0x40c3B0x232fB0x15e2
0x4997	0x4992B0x49beB0x9d4d3
0x4997	0x4992B0x4c81B0x504
0x4997	0x4992B0x4ca1B0x504
0x4997	0x4992B0x49beB0xe6928
0x4997	0x4992B0x49beB0x1716B0x11c4
0x4997	0x4992B0x501dB0x650
0x4997	0x4992B0x5491B0x137c
0x4997	0x4992B0x49beB0x19c0B0x137c
0x4997	0x4992B0x539fB0x546fB0x1ab5B0x137c
0x4997	0x4992B0x5491B0x15e2
0x4997	0x4992B0x49beB0x19c0B0x15e2
0x4997	0x4992B0x539fB0x546fB0x1ab5B0x15e2
0x4997	0x4992B0x49beB0x4858B0x47b8B0x467aB0x464aB0x381f
0x4997	0x4992B0x49beB0x4858B0x47b8B0x467aB0x3ca2B0x3c13
0x4997	0x4992B0x49beB0x4858B0x47b8B0x467aB0x3ca2B0x382e
0x4997	0x4992B0x49beB0x4858B0x47b8B0x467aB0x3ca2B0x2dfdB0x232fB0x137c
0x4997	0x4992B0x49beB0x4858B0x47b8B0x467aB0x3ca2B0x3eeaB0x232fB0x137c
0x4997	0x4992B0x49beB0x4858B0x47b8B0x467aB0x464aB0x40c3B0x232fB0x137c
0x4997	0x4992B0x49beB0x4858B0x47b8B0x467aB0x3ca2B0x2dfdB0x232fB0x15e2
0x4997	0x4992B0x49beB0x4858B0x47b8B0x467aB0x3ca2B0x3eeaB0x232fB0x15e2
0x4997	0x4992B0x49beB0x4858B0x47b8B0x467aB0x464aB0x40c3B0x232fB0x15e2
0x4998	0x4992B0x49beB0x9d4d3
0x4998	0x4992B0x4c81B0x504
0x4998	0x4992B0x4ca1B0x504
0x4998	0x4992B0x49beB0xe6928
0x4998	0x4992B0x49beB0x1716B0x11c4
0x4998	0x4992B0x501dB0x650
0x4998	0x4992B0x5491B0x137c
0x4998	0x4992B0x49beB0x19c0B0x137c
0x4998	0x4992B0x539fB0x546fB0x1ab5B0x137c
0x4998	0x4992B0x5491B0x15e2
0x4998	0x4992B0x49beB0x19c0B0x15e2
0x4998	0x4992B0x539fB0x546fB0x1ab5B0x15e2
0x4998	0x4992B0x49beB0x4858B0x47b8B0x467aB0x464aB0x381f
0x4998	0x4992B0x49beB0x4858B0x47b8B0x467aB0x3ca2B0x3c13
0x4998	0x4992B0x49beB0x4858B0x47b8B0x467aB0x3ca2B0x382e
0x4998	0x4992B0x49beB0x4858B0x47b8B0x467aB0x3ca2B0x2dfdB0x232fB0x137c
0x4998	0x4992B0x49beB0x4858B0x47b8B0x467aB0x3ca2B0x3eeaB0x232fB0x137c
0x4998	0x4992B0x49beB0x4858B0x47b8B0x467aB0x464aB0x40c3B0x232fB0x137c
0x4998	0x4992B0x49beB0x4858B0x47b8B0x467aB0x3ca2B0x2dfdB0x232fB0x15e2
0x4998	0x4992B0x49beB0x4858B0x47b8B0x467aB0x3ca2B0x3eeaB0x232fB0x15e2
0x4998	0x4992B0x49beB0x4858B0x47b8B0x467aB0x464aB0x40c3B0x232fB0x15e2
0x499d	0x4992B0x49beB0x9d4d3
0x499d	0x4992B0x4c81B0x504
0x499d	0x4992B0x4ca1B0x504
0x499d	0x4992B0x49beB0xe6928
0x499d	0x4992B0x49beB0x1716B0x11c4
0x499d	0x4992B0x501dB0x650
0x499d	0x4992B0x5491B0x137c
0x499d	0x4992B0x49beB0x19c0B0x137c
0x499d	0x4992B0x539fB0x546fB0x1ab5B0x137c
0x499d	0x4992B0x5491B0x15e2
0x499d	0x4992B0x49beB0x19c0B0x15e2
0x499d	0x4992B0x539fB0x546fB0x1ab5B0x15e2
0x499d	0x4992B0x49beB0x4858B0x47b8B0x467aB0x464aB0x381f
0x499d	0x4992B0x49beB0x4858B0x47b8B0x467aB0x3ca2B0x3c13
0x499d	0x4992B0x49beB0x4858B0x47b8B0x467aB0x3ca2B0x382e
0x499d	0x4992B0x49beB0x4858B0x47b8B0x467aB0x3ca2B0x2dfdB0x232fB0x137c
0x499d	0x4992B0x49beB0x4858B0x47b8B0x467aB0x3ca2B0x3eeaB0x232fB0x137c
0x499d	0x4992B0x49beB0x4858B0x47b8B0x467aB0x464aB0x40c3B0x232fB0x137c
0x499d	0x4992B0x49beB0x4858B0x47b8B0x467aB0x3ca2B0x2dfdB0x232fB0x15e2
0x499d	0x4992B0x49beB0x4858B0x47b8B0x467aB0x3ca2B0x3eeaB0x232fB0x15e2
0x499d	0x4992B0x49beB0x4858B0x47b8B0x467aB0x464aB0x40c3B0x232fB0x15e2
0x49a0	0x4992B0x49beB0x9d4d3
0x49a0	0x4992B0x4c81B0x504
0x49a0	0x4992B0x4ca1B0x504
0x49a0	0x4992B0x49beB0xe6928
0x49a0	0x4992B0x49beB0x1716B0x11c4
0x49a0	0x4992B0x501dB0x650
0x49a0	0x4992B0x5491B0x137c
0x49a0	0x4992B0x49beB0x19c0B0x137c
0x49a0	0x4992B0x539fB0x546fB0x1ab5B0x137c
0x49a0	0x4992B0x5491B0x15e2
0x49a0	0x4992B0x49beB0x19c0B0x15e2
0x49a0	0x4992B0x539fB0x546fB0x1ab5B0x15e2
0x49a0	0x4992B0x49beB0x4858B0x47b8B0x467aB0x464aB0x381f
0x49a0	0x4992B0x49beB0x4858B0x47b8B0x467aB0x3ca2B0x3c13
0x49a0	0x4992B0x49beB0x4858B0x47b8B0x467aB0x3ca2B0x382e
0x49a0	0x4992B0x49beB0x4858B0x47b8B0x467aB0x3ca2B0x2dfdB0x232fB0x137c
0x49a0	0x4992B0x49beB0x4858B0x47b8B0x467aB0x3ca2B0x3eeaB0x232fB0x137c
0x49a0	0x4992B0x49beB0x4858B0x47b8B0x467aB0x464aB0x40c3B0x232fB0x137c
0x49a0	0x4992B0x49beB0x4858B0x47b8B0x467aB0x3ca2B0x2dfdB0x232fB0x15e2
0x49a0	0x4992B0x49beB0x4858B0x47b8B0x467aB0x3ca2B0x3eeaB0x232fB0x15e2
0x49a0	0x4992B0x49beB0x4858B0x47b8B0x467aB0x464aB0x40c3B0x232fB0x15e2
0x49a4	0x4992B0x49beB0x9d4d3
0x49a4	0x4992B0x4c81B0x504
0x49a4	0x4992B0x4ca1B0x504
0x49a4	0x4992B0x49beB0xe6928
0x49a4	0x4992B0x49beB0x1716B0x11c4
0x49a4	0x4992B0x501dB0x650
0x49a4	0x4992B0x5491B0x137c
0x49a4	0x4992B0x49beB0x19c0B0x137c
0x49a4	0x4992B0x539fB0x546fB0x1ab5B0x137c
0x49a4	0x4992B0x5491B0x15e2
0x49a4	0x4992B0x49beB0x19c0B0x15e2
0x49a4	0x4992B0x539fB0x546fB0x1ab5B0x15e2
0x49a4	0x4992B0x49beB0x4858B0x47b8B0x467aB0x464aB0x381f
0x49a4	0x4992B0x49beB0x4858B0x47b8B0x467aB0x3ca2B0x3c13
0x49a4	0x4992B0x49beB0x4858B0x47b8B0x467aB0x3ca2B0x382e
0x49a4	0x4992B0x49beB0x4858B0x47b8B0x467aB0x3ca2B0x2dfdB0x232fB0x137c
0x49a4	0x4992B0x49beB0x4858B0x47b8B0x467aB0x3ca2B0x3eeaB0x232fB0x137c
0x49a4	0x4992B0x49beB0x4858B0x47b8B0x467aB0x464aB0x40c3B0x232fB0x137c
0x49a4	0x4992B0x49beB0x4858B0x47b8B0x467aB0x3ca2B0x2dfdB0x232fB0x15e2
0x49a4	0x4992B0x49beB0x4858B0x47b8B0x467aB0x3ca2B0x3eeaB0x232fB0x15e2
0x49a4	0x4992B0x49beB0x4858B0x47b8B0x467aB0x464aB0x40c3B0x232fB0x15e2
0x49b2	0x49aaB0x49beB0x9d4d3
0x49b2	0x49aaB0x4c81B0x504
0x49b2	0x49aaB0x4ca1B0x504
0x49b2	0x49aaB0x49beB0xe6928
0x49b2	0x49aaB0x49beB0x1716B0x11c4
0x49b2	0x49aaB0x501dB0x650
0x49b2	0x49aaB0x5491B0x137c
0x49b2	0x49aaB0x49beB0x19c0B0x137c
0x49b2	0x49aaB0x539fB0x546fB0x1ab5B0x137c
0x49b2	0x49aaB0x5491B0x15e2
0x49b2	0x49aaB0x49beB0x19c0B0x15e2
0x49b2	0x49aaB0x539fB0x546fB0x1ab5B0x15e2
0x49b2	0x49aaB0x49beB0x4858B0x47b8B0x467aB0x464aB0x381f
0x49b2	0x49aaB0x49beB0x4858B0x47b8B0x467aB0x3ca2B0x3c13
0x49b2	0x49aaB0x49beB0x4858B0x47b8B0x467aB0x3ca2B0x382e
0x49b2	0x49aaB0x49beB0x4858B0x47b8B0x467aB0x3ca2B0x2dfdB0x232fB0x137c
0x49b2	0x49aaB0x49beB0x4858B0x47b8B0x467aB0x3ca2B0x3eeaB0x232fB0x137c
0x49b2	0x49aaB0x49beB0x4858B0x47b8B0x467aB0x464aB0x40c3B0x232fB0x137c
0x49b2	0x49aaB0x49beB0x4858B0x47b8B0x467aB0x3ca2B0x2dfdB0x232fB0x15e2
0x49b2	0x49aaB0x49beB0x4858B0x47b8B0x467aB0x3ca2B0x3eeaB0x232fB0x15e2
0x49b2	0x49aaB0x49beB0x4858B0x47b8B0x467aB0x464aB0x40c3B0x232fB0x15e2
0x49b3	0x49aaB0x49beB0x9d4d3
0x49b3	0x49aaB0x4c81B0x504
0x49b3	0x49aaB0x4ca1B0x504
0x49b3	0x49aaB0x49beB0xe6928
0x49b3	0x49aaB0x49beB0x1716B0x11c4
0x49b3	0x49aaB0x501dB0x650
0x49b3	0x49aaB0x5491B0x137c
0x49b3	0x49aaB0x49beB0x19c0B0x137c
0x49b3	0x49aaB0x539fB0x546fB0x1ab5B0x137c
0x49b3	0x49aaB0x5491B0x15e2
0x49b3	0x49aaB0x49beB0x19c0B0x15e2
0x49b3	0x49aaB0x539fB0x546fB0x1ab5B0x15e2
0x49b3	0x49aaB0x49beB0x4858B0x47b8B0x467aB0x464aB0x381f
0x49b3	0x49aaB0x49beB0x4858B0x47b8B0x467aB0x3ca2B0x3c13
0x49b3	0x49aaB0x49beB0x4858B0x47b8B0x467aB0x3ca2B0x382e
0x49b3	0x49aaB0x49beB0x4858B0x47b8B0x467aB0x3ca2B0x2dfdB0x232fB0x137c
0x49b3	0x49aaB0x49beB0x4858B0x47b8B0x467aB0x3ca2B0x3eeaB0x232fB0x137c
0x49b3	0x49aaB0x49beB0x4858B0x47b8B0x467aB0x464aB0x40c3B0x232fB0x137c
0x49b3	0x49aaB0x49beB0x4858B0x47b8B0x467aB0x3ca2B0x2dfdB0x232fB0x15e2
0x49b3	0x49aaB0x49beB0x4858B0x47b8B0x467aB0x3ca2B0x3eeaB0x232fB0x15e2
0x49b3	0x49aaB0x49beB0x4858B0x47b8B0x467aB0x464aB0x40c3B0x232fB0x15e2
0x49b4	0x49aaB0x49beB0x9d4d3
0x49b4	0x49aaB0x4c81B0x504
0x49b4	0x49aaB0x4ca1B0x504
0x49b4	0x49aaB0x49beB0xe6928
0x49b4	0x49aaB0x49beB0x1716B0x11c4
0x49b4	0x49aaB0x501dB0x650
0x49b4	0x49aaB0x5491B0x137c
0x49b4	0x49aaB0x49beB0x19c0B0x137c
0x49b4	0x49aaB0x539fB0x546fB0x1ab5B0x137c
0x49b4	0x49aaB0x5491B0x15e2
0x49b4	0x49aaB0x49beB0x19c0B0x15e2
0x49b4	0x49aaB0x539fB0x546fB0x1ab5B0x15e2
0x49b4	0x49aaB0x49beB0x4858B0x47b8B0x467aB0x464aB0x381f
0x49b4	0x49aaB0x49beB0x4858B0x47b8B0x467aB0x3ca2B0x3c13
0x49b4	0x49aaB0x49beB0x4858B0x47b8B0x467aB0x3ca2B0x382e
0x49b4	0x49aaB0x49beB0x4858B0x47b8B0x467aB0x3ca2B0x2dfdB0x232fB0x137c
0x49b4	0x49aaB0x49beB0x4858B0x47b8B0x467aB0x3ca2B0x3eeaB0x232fB0x137c
0x49b4	0x49aaB0x49beB0x4858B0x47b8B0x467aB0x464aB0x40c3B0x232fB0x137c
0x49b4	0x49aaB0x49beB0x4858B0x47b8B0x467aB0x3ca2B0x2dfdB0x232fB0x15e2
0x49b4	0x49aaB0x49beB0x4858B0x47b8B0x467aB0x3ca2B0x3eeaB0x232fB0x15e2
0x49b4	0x49aaB0x49beB0x4858B0x47b8B0x467aB0x464aB0x40c3B0x232fB0x15e2
0x49b9	0x49aaB0x49beB0x9d4d3
0x49b9	0x49aaB0x4c81B0x504
0x49b9	0x49aaB0x4ca1B0x504
0x49b9	0x49aaB0x49beB0xe6928
0x49b9	0x49aaB0x49beB0x1716B0x11c4
0x49b9	0x49aaB0x501dB0x650
0x49b9	0x49aaB0x5491B0x137c
0x49b9	0x49aaB0x49beB0x19c0B0x137c
0x49b9	0x49aaB0x539fB0x546fB0x1ab5B0x137c
0x49b9	0x49aaB0x5491B0x15e2
0x49b9	0x49aaB0x49beB0x19c0B0x15e2
0x49b9	0x49aaB0x539fB0x546fB0x1ab5B0x15e2
0x49b9	0x49aaB0x49beB0x4858B0x47b8B0x467aB0x464aB0x381f
0x49b9	0x49aaB0x49beB0x4858B0x47b8B0x467aB0x3ca2B0x3c13
0x49b9	0x49aaB0x49beB0x4858B0x47b8B0x467aB0x3ca2B0x382e
0x49b9	0x49aaB0x49beB0x4858B0x47b8B0x467aB0x3ca2B0x2dfdB0x232fB0x137c
0x49b9	0x49aaB0x49beB0x4858B0x47b8B0x467aB0x3ca2B0x3eeaB0x232fB0x137c
0x49b9	0x49aaB0x49beB0x4858B0x47b8B0x467aB0x464aB0x40c3B0x232fB0x137c
0x49b9	0x49aaB0x49beB0x4858B0x47b8B0x467aB0x3ca2B0x2dfdB0x232fB0x15e2
0x49b9	0x49aaB0x49beB0x4858B0x47b8B0x467aB0x3ca2B0x3eeaB0x232fB0x15e2
0x49b9	0x49aaB0x49beB0x4858B0x47b8B0x467aB0x464aB0x40c3B0x232fB0x15e2
0x49ba	0x49aaB0x49beB0x9d4d3
0x49ba	0x49aaB0x4c81B0x504
0x49ba	0x49aaB0x4ca1B0x504
0x49ba	0x49aaB0x49beB0xe6928
0x49ba	0x49aaB0x49beB0x1716B0x11c4
0x49ba	0x49aaB0x501dB0x650
0x49ba	0x49aaB0x5491B0x137c
0x49ba	0x49aaB0x49beB0x19c0B0x137c
0x49ba	0x49aaB0x539fB0x546fB0x1ab5B0x137c
0x49ba	0x49aaB0x5491B0x15e2
0x49ba	0x49aaB0x49beB0x19c0B0x15e2
0x49ba	0x49aaB0x539fB0x546fB0x1ab5B0x15e2
0x49ba	0x49aaB0x49beB0x4858B0x47b8B0x467aB0x464aB0x381f
0x49ba	0x49aaB0x49beB0x4858B0x47b8B0x467aB0x3ca2B0x3c13
0x49ba	0x49aaB0x49beB0x4858B0x47b8B0x467aB0x3ca2B0x382e
0x49ba	0x49aaB0x49beB0x4858B0x47b8B0x467aB0x3ca2B0x2dfdB0x232fB0x137c
0x49ba	0x49aaB0x49beB0x4858B0x47b8B0x467aB0x3ca2B0x3eeaB0x232fB0x137c
0x49ba	0x49aaB0x49beB0x4858B0x47b8B0x467aB0x464aB0x40c3B0x232fB0x137c
0x49ba	0x49aaB0x49beB0x4858B0x47b8B0x467aB0x3ca2B0x2dfdB0x232fB0x15e2
0x49ba	0x49aaB0x49beB0x4858B0x47b8B0x467aB0x3ca2B0x3eeaB0x232fB0x15e2
0x49ba	0x49aaB0x49beB0x4858B0x47b8B0x467aB0x464aB0x40c3B0x232fB0x15e2
0x49bb	0x49aaB0x49beB0x9d4d3
0x49bb	0x49aaB0x4c81B0x504
0x49bb	0x49aaB0x4ca1B0x504
0x49bb	0x49aaB0x49beB0xe6928
0x49bb	0x49aaB0x49beB0x1716B0x11c4
0x49bb	0x49aaB0x501dB0x650
0x49bb	0x49aaB0x5491B0x137c
0x49bb	0x49aaB0x49beB0x19c0B0x137c
0x49bb	0x49aaB0x539fB0x546fB0x1ab5B0x137c
0x49bb	0x49aaB0x5491B0x15e2
0x49bb	0x49aaB0x49beB0x19c0B0x15e2
0x49bb	0x49aaB0x539fB0x546fB0x1ab5B0x15e2
0x49bb	0x49aaB0x49beB0x4858B0x47b8B0x467aB0x464aB0x381f
0x49bb	0x49aaB0x49beB0x4858B0x47b8B0x467aB0x3ca2B0x3c13
0x49bb	0x49aaB0x49beB0x4858B0x47b8B0x467aB0x3ca2B0x382e
0x49bb	0x49aaB0x49beB0x4858B0x47b8B0x467aB0x3ca2B0x2dfdB0x232fB0x137c
0x49bb	0x49aaB0x49beB0x4858B0x47b8B0x467aB0x3ca2B0x3eeaB0x232fB0x137c
0x49bb	0x49aaB0x49beB0x4858B0x47b8B0x467aB0x464aB0x40c3B0x232fB0x137c
0x49bb	0x49aaB0x49beB0x4858B0x47b8B0x467aB0x3ca2B0x2dfdB0x232fB0x15e2
0x49bb	0x49aaB0x49beB0x4858B0x47b8B0x467aB0x3ca2B0x3eeaB0x232fB0x15e2
0x49bb	0x49aaB0x49beB0x4858B0x47b8B0x467aB0x464aB0x40c3B0x232fB0x15e2
0x49bc	0x49aaB0x49beB0x9d4d3
0x49bc	0x49aaB0x4c81B0x504
0x49bc	0x49aaB0x4ca1B0x504
0x49bc	0x49aaB0x49beB0xe6928
0x49bc	0x49aaB0x49beB0x1716B0x11c4
0x49bc	0x49aaB0x501dB0x650
0x49bc	0x49aaB0x5491B0x137c
0x49bc	0x49aaB0x49beB0x19c0B0x137c
0x49bc	0x49aaB0x539fB0x546fB0x1ab5B0x137c
0x49bc	0x49aaB0x5491B0x15e2
0x49bc	0x49aaB0x49beB0x19c0B0x15e2
0x49bc	0x49aaB0x539fB0x546fB0x1ab5B0x15e2
0x49bc	0x49aaB0x49beB0x4858B0x47b8B0x467aB0x464aB0x381f
0x49bc	0x49aaB0x49beB0x4858B0x47b8B0x467aB0x3ca2B0x3c13
0x49bc	0x49aaB0x49beB0x4858B0x47b8B0x467aB0x3ca2B0x382e
0x49bc	0x49aaB0x49beB0x4858B0x47b8B0x467aB0x3ca2B0x2dfdB0x232fB0x137c
0x49bc	0x49aaB0x49beB0x4858B0x47b8B0x467aB0x3ca2B0x3eeaB0x232fB0x137c
0x49bc	0x49aaB0x49beB0x4858B0x47b8B0x467aB0x464aB0x40c3B0x232fB0x137c
0x49bc	0x49aaB0x49beB0x4858B0x47b8B0x467aB0x3ca2B0x2dfdB0x232fB0x15e2
0x49bc	0x49aaB0x49beB0x4858B0x47b8B0x467aB0x3ca2B0x3eeaB0x232fB0x15e2
0x49bc	0x49aaB0x49beB0x4858B0x47b8B0x467aB0x464aB0x40c3B0x232fB0x15e2
0x49c1	0x49beB0x9d4d3
0x49c1	0x49beB0xe6928
0x49c1	0x49beB0x1716B0x11c4
0x49c1	0x49beB0x19c0B0x137c
0x49c1	0x49beB0x19c0B0x15e2
0x49c1	0x49beB0x4858B0x47b8B0x467aB0x464aB0x381f
0x49c1	0x49beB0x4858B0x47b8B0x467aB0x3ca2B0x3c13
0x49c1	0x49beB0x4858B0x47b8B0x467aB0x3ca2B0x382e
0x49c1	0x49beB0x4858B0x47b8B0x467aB0x3ca2B0x2dfdB0x232fB0x137c
0x49c1	0x49beB0x4858B0x47b8B0x467aB0x3ca2B0x3eeaB0x232fB0x137c
0x49c1	0x49beB0x4858B0x47b8B0x467aB0x464aB0x40c3B0x232fB0x137c
0x49c1	0x49beB0x4858B0x47b8B0x467aB0x3ca2B0x2dfdB0x232fB0x15e2
0x49c1	0x49beB0x4858B0x47b8B0x467aB0x3ca2B0x3eeaB0x232fB0x15e2
0x49c1	0x49beB0x4858B0x47b8B0x467aB0x464aB0x40c3B0x232fB0x15e2
0x49ca	0x49beB0x9d4d3
0x49ca	0x49beB0xe6928
0x49ca	0x49beB0x1716B0x11c4
0x49ca	0x49beB0x19c0B0x137c
0x49ca	0x49beB0x19c0B0x15e2
0x49ca	0x49beB0x4858B0x47b8B0x467aB0x464aB0x381f
0x49ca	0x49beB0x4858B0x47b8B0x467aB0x3ca2B0x3c13
0x49ca	0x49beB0x4858B0x47b8B0x467aB0x3ca2B0x382e
0x49ca	0x49beB0x4858B0x47b8B0x467aB0x3ca2B0x2dfdB0x232fB0x137c
0x49ca	0x49beB0x4858B0x47b8B0x467aB0x3ca2B0x3eeaB0x232fB0x137c
0x49ca	0x49beB0x4858B0x47b8B0x467aB0x464aB0x40c3B0x232fB0x137c
0x49ca	0x49beB0x4858B0x47b8B0x467aB0x3ca2B0x2dfdB0x232fB0x15e2
0x49ca	0x49beB0x4858B0x47b8B0x467aB0x3ca2B0x3eeaB0x232fB0x15e2
0x49ca	0x49beB0x4858B0x47b8B0x467aB0x464aB0x40c3B0x232fB0x15e2
0x49cc	0x49beB0x9d4d3
0x49cc	0x49beB0xe6928
0x49cc	0x49beB0x1716B0x11c4
0x49cc	0x49beB0x19c0B0x137c
0x49cc	0x49beB0x19c0B0x15e2
0x49cc	0x49beB0x4858B0x47b8B0x467aB0x464aB0x381f
0x49cc	0x49beB0x4858B0x47b8B0x467aB0x3ca2B0x3c13
0x49cc	0x49beB0x4858B0x47b8B0x467aB0x3ca2B0x382e
0x49cc	0x49beB0x4858B0x47b8B0x467aB0x3ca2B0x2dfdB0x232fB0x137c
0x49cc	0x49beB0x4858B0x47b8B0x467aB0x3ca2B0x3eeaB0x232fB0x137c
0x49cc	0x49beB0x4858B0x47b8B0x467aB0x464aB0x40c3B0x232fB0x137c
0x49cc	0x49beB0x4858B0x47b8B0x467aB0x3ca2B0x2dfdB0x232fB0x15e2
0x49cc	0x49beB0x4858B0x47b8B0x467aB0x3ca2B0x3eeaB0x232fB0x15e2
0x49cc	0x49beB0x4858B0x47b8B0x467aB0x464aB0x40c3B0x232fB0x15e2
0x49d4	0x49d1B0x55e7B0x5677
0x49d4	0x49d1B0x4c14B0x47c
0x49d4	0x49d1B0x55e7B0x5784B0x137c
0x49d4	0x49d1B0x55e7B0x579fB0x137c
0x49d4	0x49d1B0x5803B0x232fB0x137c
0x49d4	0x49d1B0x5598B0x1e55B0x15c7
0x49d4	0x49d1B0x55e7B0x5784B0x15e2
0x49d4	0x49d1B0x55e7B0x579fB0x15e2
0x49d4	0x49d1B0x5803B0x232fB0x15e2
0x49d6	0x49d1B0x55e7B0x5677
0x49d6	0x49d1B0x4c14B0x47c
0x49d6	0x49d1B0x55e7B0x5784B0x137c
0x49d6	0x49d1B0x55e7B0x579fB0x137c
0x49d6	0x49d1B0x5803B0x232fB0x137c
0x49d6	0x49d1B0x5598B0x1e55B0x15c7
0x49d6	0x49d1B0x55e7B0x5784B0x15e2
0x49d6	0x49d1B0x55e7B0x579fB0x15e2
0x49d6	0x49d1B0x5803B0x232fB0x15e2
0x49de	0x49dcB0x55e7B0x5677
0x49de	0x49dcB0x4c14B0x47c
0x49de	0x49dcB0x55e7B0x5784B0x137c
0x49de	0x49dcB0x55e7B0x579fB0x137c
0x49de	0x49dcB0x5803B0x232fB0x137c
0x49de	0x49dcB0x5598B0x1e55B0x15c7
0x49de	0x49dcB0x55e7B0x5784B0x15e2
0x49de	0x49dcB0x55e7B0x579fB0x15e2
0x49de	0x49dcB0x5803B0x232fB0x15e2
0x49e3	0x49e0B0x4ee1
0x49e3	0x49e0B0x4c42B0x47c
0x49e4	0x49e0B0x4ee1
0x49e4	0x49e0B0x4c42B0x47c
0x49e7	0x49e0B0x4ee1
0x49e7	0x49e0B0x4c42B0x47c
0x49f0	0x49eeB0x4ee1
0x49f0	0x49eeB0x4c42B0x47c
0x49f3	0x49f2B0x4ee1
0x49f3	0x49f2B0x4c42B0x47c
0x49f4	0x49f2B0x4ee1
0x49f4	0x49f2B0x4c42B0x47c
0x49fe	0x49f2B0x4ee1
0x49fe	0x49f2B0x4c42B0x47c
0x4a07	0x4a05B0x4ee1
0x4a07	0x4a05B0x4c42B0x47c
0x4a0c	0x4a09B0x4ee1
0x4a0c	0x4a09B0x4c42B0x47c
0x4a0e	0x4a09B0x4ee1
0x4a0e	0x4a09B0x4c42B0x47c
0x4a0f	0x4a09B0x4ee1
0x4a0f	0x4a09B0x4c42B0x47c
0x4a10	0x4a09B0x4ee1
0x4a10	0x4a09B0x4c42B0x47c
0x4a13	0x4a09B0x4ee1
0x4a13	0x4a09B0x4c42B0x47c
0x4a17	0x4a09B0x4ee1
0x4a17	0x4a09B0x4c42B0x47c
0x4a22	0x4a20B0x4ee1
0x4a22	0x4a20B0x4c42B0x47c
0x4a44	0x4a41B0x641
0x4a46	0x4a41B0x641
0x4a47	0x4a41B0x641
0x4a51	0x4a41B0x641
0x4a53	0x4a41B0x641
0x4a54	0x4a41B0x641
0x4a70	0x4a69B0x137c
0x4a70	0x4a69B0x15e2
0x4a7a	0x4a69B0x137c
0x4a7a	0x4a69B0x15e2
0x4a7c	0x4a69B0x137c
0x4a7c	0x4a69B0x15e2
0x4a7d	0x4a69B0x137c
0x4a7d	0x4a69B0x15e2
0x4a92	0x4a8c
0x4a9c	0x4a8c
0x4a9e	0x4a8c
0x4a9f	0x4a8c
0x4ab4	0x4aaeB0x1004aaB0x641
0x4ab4	0x4aaeB0x4b1aB0x4e12B0x641
0x4ab4	0x4aaeB0x100464B0x4f06
0x4ab4	0x4aaeB0x4b1aB0x4bd2B0x4f06
0x4ab4	0x4aaeB0x100464B0x4c67B0x47c
0x4ab4	0x4aaeB0x4b1aB0x4bd2B0x4c67B0x47c
0x4aba	0x4aaeB0x1004aaB0x641
0x4aba	0x4aaeB0x4b1aB0x4e12B0x641
0x4aba	0x4aaeB0x100464B0x4f06
0x4aba	0x4aaeB0x4b1aB0x4bd2B0x4f06
0x4aba	0x4aaeB0x100464B0x4c67B0x47c
0x4aba	0x4aaeB0x4b1aB0x4bd2B0x4c67B0x47c
0x4ac4	0x4aaeB0x1004aaB0x641
0x4ac4	0x4aaeB0x4b1aB0x4e12B0x641
0x4ac4	0x4aaeB0x100464B0x4f06
0x4ac4	0x4aaeB0x4b1aB0x4bd2B0x4f06
0x4ac4	0x4aaeB0x100464B0x4c67B0x47c
0x4ac4	0x4aaeB0x4b1aB0x4bd2B0x4c67B0x47c
0x4ac6	0x4aaeB0x1004aaB0x641
0x4ac6	0x4aaeB0x4b1aB0x4e12B0x641
0x4ac6	0x4aaeB0x100464B0x4f06
0x4ac6	0x4aaeB0x4b1aB0x4bd2B0x4f06
0x4ac6	0x4aaeB0x100464B0x4c67B0x47c
0x4ac6	0x4aaeB0x4b1aB0x4bd2B0x4c67B0x47c
0x4ac7	0x4aaeB0x1004aaB0x641
0x4ac7	0x4aaeB0x4b1aB0x4e12B0x641
0x4ac7	0x4aaeB0x100464B0x4f06
0x4ac7	0x4aaeB0x4b1aB0x4bd2B0x4f06
0x4ac7	0x4aaeB0x100464B0x4c67B0x47c
0x4ac7	0x4aaeB0x4b1aB0x4bd2B0x4c67B0x47c
0x4ada	0x4ad6B0x1004aaB0x641
0x4ada	0x4ad6B0x4b1aB0x4e12B0x641
0x4ada	0x4ad6B0x100464B0x4f06
0x4ada	0x4ad6B0x4b1aB0x4bd2B0x4f06
0x4ada	0x4ad6B0x100464B0x4c67B0x47c
0x4ada	0x4ad6B0x4b1aB0x4bd2B0x4c67B0x47c
0x4adb	0x4ad6B0x1004aaB0x641
0x4adb	0x4ad6B0x4b1aB0x4e12B0x641
0x4adb	0x4ad6B0x100464B0x4f06
0x4adb	0x4ad6B0x4b1aB0x4bd2B0x4f06
0x4adb	0x4ad6B0x100464B0x4c67B0x47c
0x4adb	0x4ad6B0x4b1aB0x4bd2B0x4c67B0x47c
0x4adc	0x4ad6B0x1004aaB0x641
0x4adc	0x4ad6B0x4b1aB0x4e12B0x641
0x4adc	0x4ad6B0x100464B0x4f06
0x4adc	0x4ad6B0x4b1aB0x4bd2B0x4f06
0x4adc	0x4ad6B0x100464B0x4c67B0x47c
0x4adc	0x4ad6B0x4b1aB0x4bd2B0x4c67B0x47c
0x4ae9	0x4adeB0x4d85B0x641
0x4ae9	0x4adeB0x4b69B0x4f06
0x4ae9	0x4adeB0x4b69B0x4c67B0x47c
0x4af8	0x4af7B0x4d85B0x641
0x4af8	0x4af7B0x4b69B0x4f06
0x4af8	0x4af7B0x4b69B0x4c67B0x47c
0x4aff	0x4af7B0x4d85B0x641
0x4aff	0x4af7B0x4b69B0x4f06
0x4aff	0x4af7B0x4b69B0x4c67B0x47c
0x4b0c	0x4b01B0x4e12B0x641
0x4b0c	0x4b01B0x4bd2B0x4f06
0x4b0c	0x4b01B0x4bd2B0x4c67B0x47c
0x4b20	0x4b1aB0x4e12B0x641
0x4b20	0x4b1aB0x4bd2B0x4f06
0x4b20	0x4b1aB0x4bd2B0x4c67B0x47c
0x4b2e	0x4b2dB0x4e12B0x641
0x4b2e	0x4b2dB0x4bd2B0x4f06
0x4b2e	0x4b2dB0x4bd2B0x4c67B0x47c
0x4b2f	0x4b2dB0x4e12B0x641
0x4b2f	0x4b2dB0x4bd2B0x4f06
0x4b2f	0x4b2dB0x4bd2B0x4c67B0x47c
0x4b30	0x4b2dB0x4e12B0x641
0x4b30	0x4b2dB0x4bd2B0x4f06
0x4b30	0x4b2dB0x4bd2B0x4c67B0x47c
0x4b31	0x4b2dB0x4e12B0x641
0x4b31	0x4b2dB0x4bd2B0x4f06
0x4b31	0x4b2dB0x4bd2B0x4c67B0x47c
0x4b33	0x4b2dB0x4e12B0x641
0x4b33	0x4b2dB0x4bd2B0x4f06
0x4b33	0x4b2dB0x4bd2B0x4c67B0x47c
0x4b34	0x4b2dB0x4e12B0x641
0x4b34	0x4b2dB0x4bd2B0x4f06
0x4b34	0x4b2dB0x4bd2B0x4c67B0x47c
0x4b35	0x4b2dB0x4e12B0x641
0x4b35	0x4b2dB0x4bd2B0x4f06
0x4b35	0x4b2dB0x4bd2B0x4c67B0x47c
0x4b3f	0x4b3dB0x4e12B0x641
0x4b3f	0x4b3dB0x4bd2B0x4f06
0x4b3f	0x4b3dB0x4bd2B0x4c67B0x47c
0x4b42	0x4b41B0x4e12B0x641
0x4b42	0x4b41B0x4bd2B0x4f06
0x4b42	0x4b41B0x4bd2B0x4c67B0x47c
0x4b43	0x4b41B0x4e12B0x641
0x4b43	0x4b41B0x4bd2B0x4f06
0x4b43	0x4b41B0x4bd2B0x4c67B0x47c
0x4b46	0x4b41B0x4e12B0x641
0x4b46	0x4b41B0x4bd2B0x4f06
0x4b46	0x4b41B0x4bd2B0x4c67B0x47c
0x4b4d	0x4b41B0x4e12B0x641
0x4b4d	0x4b41B0x4bd2B0x4f06
0x4b4d	0x4b41B0x4bd2B0x4c67B0x47c
0x4b4e	0x4b41B0x4e12B0x641
0x4b4e	0x4b41B0x4bd2B0x4f06
0x4b4e	0x4b41B0x4bd2B0x4c67B0x47c
0x4b52	0x4b41B0x4e12B0x641
0x4b52	0x4b41B0x4bd2B0x4f06
0x4b52	0x4b41B0x4bd2B0x4c67B0x47c
0x4b53	0x4b41B0x4e12B0x641
0x4b53	0x4b41B0x4bd2B0x4f06
0x4b53	0x4b41B0x4bd2B0x4c67B0x47c
0x4b54	0x4b41B0x4e12B0x641
0x4b54	0x4b41B0x4bd2B0x4f06
0x4b54	0x4b41B0x4bd2B0x4c67B0x47c
0x4b55	0x4b41B0x4e12B0x641
0x4b55	0x4b41B0x4bd2B0x4f06
0x4b55	0x4b41B0x4bd2B0x4c67B0x47c
0x4b56	0x4b41B0x4e12B0x641
0x4b56	0x4b41B0x4bd2B0x4f06
0x4b56	0x4b41B0x4bd2B0x4c67B0x47c
0x4b5b	0x4b58B0x4f06
0x4b5b	0x4b58B0x4c67B0x47c
0x4b5e	0x4b58B0x4f06
0x4b5e	0x4b58B0x4c67B0x47c
0x4b67	0x4b65B0x4f06
0x4b67	0x4b65B0x4c67B0x47c
0x4b6a	0x4b69B0x4f06
0x4b6a	0x4b69B0x4c67B0x47c
0x4b74	0x4b69B0x4f06
0x4b74	0x4b69B0x4c67B0x47c
0x4b7f	0x4b7eB0x4f06
0x4b7f	0x4b7eB0x4c67B0x47c
0x4b80	0x4b7eB0x4f06
0x4b80	0x4b7eB0x4c67B0x47c
0x4b84	0x4b7eB0x4f06
0x4b84	0x4b7eB0x4c67B0x47c
0x4b85	0x4b7eB0x4f06
0x4b85	0x4b7eB0x4c67B0x47c
0x4b86	0x4b7eB0x4f06
0x4b86	0x4b7eB0x4c67B0x47c
0x4b88	0x4b7eB0x4f06
0x4b88	0x4b7eB0x4c67B0x47c
0x4b8a	0x4b7eB0x4f06
0x4b8a	0x4b7eB0x4c67B0x47c
0x4b8c	0x4b7eB0x4f06
0x4b8c	0x4b7eB0x4c67B0x47c
0x4b8d	0x4b7eB0x4f06
0x4b8d	0x4b7eB0x4c67B0x47c
0x4b8e	0x4b7eB0x4f06
0x4b8e	0x4b7eB0x4c67B0x47c
0x4b90	0x4b7eB0x4f06
0x4b90	0x4b7eB0x4c67B0x47c
0x4b91	0x4b7eB0x4f06
0x4b91	0x4b7eB0x4c67B0x47c
0x4b92	0x4b7eB0x4f06
0x4b92	0x4b7eB0x4c67B0x47c
0x4b9b	0x4b99B0x4f06
0x4b9b	0x4b99B0x4c67B0x47c
0x4b9e	0x4b9dB0x4f06
0x4b9e	0x4b9dB0x4c67B0x47c
0x4b9f	0x4b9dB0x4f06
0x4b9f	0x4b9dB0x4c67B0x47c
0x4ba2	0x4ba1B0x4f06
0x4ba2	0x4ba1B0x4c67B0x47c
0x4ba3	0x4ba1B0x4f06
0x4ba3	0x4ba1B0x4c67B0x47c
0x4bb4	0x4baaB0x4f06
0x4bb4	0x4baaB0x4c67B0x47c
0x4bbd	0x4bbbB0x4f06
0x4bbd	0x4bbbB0x4c67B0x47c
0x4bbe	0x4bbbB0x4f06
0x4bbe	0x4bbbB0x4c67B0x47c
0x4bc1	0x4bc0B0x4f06
0x4bc1	0x4bc0B0x4c67B0x47c
0x4bc5	0x4bc0B0x4f06
0x4bc5	0x4bc0B0x4c67B0x47c
0x4bc7	0x4bc0B0x4f06
0x4bc7	0x4bc0B0x4c67B0x47c
0x4bcf	0x4bcdB0x4f06
0x4bcf	0x4bcdB0x4c67B0x47c
0x4bd0	0x4bcdB0x4f06
0x4bd0	0x4bcdB0x4c67B0x47c
0x4bd6	0x4bd2B0x4f06
0x4bd6	0x4bd2B0x4c67B0x47c
0x4bd7	0x4bd2B0x4f06
0x4bd7	0x4bd2B0x4c67B0x47c
0x4bd8	0x4bd2B0x4f06
0x4bd8	0x4bd2B0x4c67B0x47c
0x4bdd	0x4bd2B0x4f06
0x4bdd	0x4bd2B0x4c67B0x47c
0x4be4	0x4be3B0x4f06
0x4be4	0x4be3B0x4c67B0x47c
0x4be6	0x4be3B0x4f06
0x4be6	0x4be3B0x4c67B0x47c
0x4be7	0x4be3B0x4f06
0x4be7	0x4be3B0x4c67B0x47c
0x4be8	0x4be3B0x4f06
0x4be8	0x4be3B0x4c67B0x47c
0x4bea	0x4be3B0x4f06
0x4bea	0x4be3B0x4c67B0x47c
0x4beb	0x4be3B0x4f06
0x4beb	0x4be3B0x4c67B0x47c
0x4bf2	0x4bf1B0x4f06
0x4bf2	0x4bf1B0x4c67B0x47c
0x4bf3	0x4bf1B0x4f06
0x4bf3	0x4bf1B0x4c67B0x47c
0x4bf4	0x4bf1B0x4f06
0x4bf4	0x4bf1B0x4c67B0x47c
0x4bf5	0x4bf1B0x4f06
0x4bf5	0x4bf1B0x4c67B0x47c
0x4bf6	0x4bf1B0x4f06
0x4bf6	0x4bf1B0x4c67B0x47c
0x4bf7	0x4bf1B0x4f06
0x4bf7	0x4bf1B0x4c67B0x47c
0x4bf8	0x4bf1B0x4f06
0x4bf8	0x4bf1B0x4c67B0x47c
0x4bf9	0x4bf1B0x4f06
0x4bf9	0x4bf1B0x4c67B0x47c
0x4bfa	0x4bf1B0x4f06
0x4bfa	0x4bf1B0x4c67B0x47c
0x4bff	0x4bfcB0x47c
0x4c02	0x4bfcB0x47c
0x4c07	0x4bfcB0x47c
0x4c08	0x4bfcB0x47c
0x4c12	0x4c10B0x47c
0x4c15	0x4c14B0x47c
0x4c17	0x4c14B0x47c
0x4c18	0x4c14B0x47c
0x4c1b	0x4c14B0x47c
0x4c21	0x4c14B0x47c
0x4c27	0x4c26B0x47c
0x4c28	0x4c26B0x47c
0x4c2b	0x4c26B0x47c
0x4c36	0x4c26B0x47c
0x4c37	0x4c26B0x47c
0x4c40	0x4c3eB0x47c
0x4c46	0x4c42B0x47c
0x4c47	0x4c42B0x47c
0x4c48	0x4c42B0x47c
0x4c4f	0x4c4eB0x47c
0x4c50	0x4c4eB0x47c
0x4c51	0x4c4eB0x47c
0x4c52	0x4c4eB0x47c
0x4c53	0x4c4eB0x47c
0x4c56	0x4c4eB0x47c
0x4c59	0x4c4eB0x47c
0x4c5a	0x4c4eB0x47c
0x4c5b	0x4c4eB0x47c
0x4c5c	0x4c4eB0x47c
0x4c65	0x4c63B0x47c
0x4c68	0x4c67B0x47c
0x4c6c	0x4c67B0x47c
0x4c6d	0x4c67B0x47c
0x4c6e	0x4c67B0x47c
0x4c75	0x4c74B0x47c
0x4c76	0x4c74B0x47c
0x4c77	0x4c74B0x47c
0x4c78	0x4c74B0x47c
0x4c79	0x4c74B0x47c
0x4c7a	0x4c74B0x47c
0x4c7b	0x4c74B0x47c
0x4c7c	0x4c74B0x47c
0x4c7d	0x4c74B0x47c
0x4c7e	0x4c74B0x47c
0x4c7f	0x4c74B0x47c
0x4c87	0x4c81B0x504
0x4c89	0x4c81B0x504
0x4c91	0x4c81B0x504
0x4c92	0x4c81B0x504
0x4c9a	0x4c81B0x504
0x4c9c	0x4c81B0x504
0x4ca2	0x4ca1B0x504
0x4ca3	0x4ca1B0x504
0x4ca7	0x4ca1B0x504
0x4cad	0x4ca1B0x504
0x4cae	0x4ca1B0x504
0x4cb6	0x4cb3B0x504
0x4cb8	0x4cb3B0x504
0x4cb9	0x4cb3B0x504
0x4cc3	0x4cb3B0x504
0x4cc7	0x4cb3B0x504
0x4ccc	0x4cb3B0x504
0x4cce	0x4cb3B0x504
0x4ccf	0x4cb3B0x504
0x4cd1	0x4cb3B0x504
0x4cd2	0x4cb3B0x504
0x4cd6	0x4cb3B0x504
0x4cd9	0x4cb3B0x504
0x4cdb	0x4cb3B0x504
0x4cdc	0x4cb3B0x504
0x4cde	0x4cb3B0x504
0x4cdf	0x4cb3B0x504
0x4ce1	0x4cb3B0x504
0x4ce2	0x4cb3B0x504
0x4ce3	0x4cb3B0x504
0x4ce4	0x4cb3B0x504
0x4ce6	0x4cb3B0x504
0x4cea	0x4ce9B0x504
0x4ceb	0x4ce9B0x504
0x4cf4	0x4cf2B0x504
0x4cf6	0x4cf2B0x504
0x4cf7	0x4cf2B0x504
0x4cf9	0x4cf2B0x504
0x4cfa	0x4cf2B0x504
0x4cfb	0x4cf2B0x504
0x4cfd	0x4cf2B0x504
0x4d06	0x4d05B0x504
0x4d07	0x4d05B0x504
0x4d08	0x4d05B0x504
0x4d09	0x4d05B0x504
0x4d0a	0x4d05B0x504
0x4d0b	0x4d05B0x504
0x4d0c	0x4d05B0x504
0x4d0d	0x4d05B0x504
0x4d0e	0x4d05B0x504
0x4d0f	0x4d05B0x504
0x4d10	0x4d05B0x504
0x4d11	0x4d05B0x504
0x4d12	0x4d05B0x504
0x4d13	0x4d05B0x504
0x4d14	0x4d05B0x504
0x4d15	0x4d05B0x504
0x4d1a	0x4d17
0x4d1d	0x4d17
0x4d1e	0x4d17
0x4d28	0x4d26
0x4d2b	0x4d2a
0x4d2c	0x4d2a
0x4d2d	0x4d2a
0x4d2f	0x4d2a
0x4d32	0x4d2a
0x4d33	0x4d2a
0x4d36	0x4d2a
0x4d37	0x4d2a
0x4d3a	0x4d39B0x4e22B0x641
0x4d3a	0x4d39B0x5a4aB0x46dcB0x464aB0x381f
0x4d3a	0x4d39B0x5a4aB0x46dcB0x3ca2B0x3c13
0x4d3a	0x4d39B0x5a4aB0x46dcB0x3ca2B0x382e
0x4d3a	0x4d39B0x5a4aB0x46dcB0x3ca2B0x2dfdB0x232fB0x137c
0x4d3a	0x4d39B0x5a4aB0x46dcB0x3ca2B0x3eeaB0x232fB0x137c
0x4d3a	0x4d39B0x5a4aB0x46dcB0x464aB0x40c3B0x232fB0x137c
0x4d3a	0x4d39B0x5a4aB0x46dcB0x3ca2B0x2dfdB0x232fB0x15e2
0x4d3a	0x4d39B0x5a4aB0x46dcB0x3ca2B0x3eeaB0x232fB0x15e2
0x4d3a	0x4d39B0x5a4aB0x46dcB0x464aB0x40c3B0x232fB0x15e2
0x4d3d	0x4d39B0x4e22B0x641
0x4d3d	0x4d39B0x5a4aB0x46dcB0x464aB0x381f
0x4d3d	0x4d39B0x5a4aB0x46dcB0x3ca2B0x3c13
0x4d3d	0x4d39B0x5a4aB0x46dcB0x3ca2B0x382e
0x4d3d	0x4d39B0x5a4aB0x46dcB0x3ca2B0x2dfdB0x232fB0x137c
0x4d3d	0x4d39B0x5a4aB0x46dcB0x3ca2B0x3eeaB0x232fB0x137c
0x4d3d	0x4d39B0x5a4aB0x46dcB0x464aB0x40c3B0x232fB0x137c
0x4d3d	0x4d39B0x5a4aB0x46dcB0x3ca2B0x2dfdB0x232fB0x15e2
0x4d3d	0x4d39B0x5a4aB0x46dcB0x3ca2B0x3eeaB0x232fB0x15e2
0x4d3d	0x4d39B0x5a4aB0x46dcB0x464aB0x40c3B0x232fB0x15e2
0x4d45	0x4d43B0x4e22B0x641
0x4d45	0x4d43B0x5a4aB0x46dcB0x464aB0x381f
0x4d45	0x4d43B0x5a4aB0x46dcB0x3ca2B0x3c13
0x4d45	0x4d43B0x5a4aB0x46dcB0x3ca2B0x382e
0x4d45	0x4d43B0x5a4aB0x46dcB0x3ca2B0x2dfdB0x232fB0x137c
0x4d45	0x4d43B0x5a4aB0x46dcB0x3ca2B0x3eeaB0x232fB0x137c
0x4d45	0x4d43B0x5a4aB0x46dcB0x464aB0x40c3B0x232fB0x137c
0x4d45	0x4d43B0x5a4aB0x46dcB0x3ca2B0x2dfdB0x232fB0x15e2
0x4d45	0x4d43B0x5a4aB0x46dcB0x3ca2B0x3eeaB0x232fB0x15e2
0x4d45	0x4d43B0x5a4aB0x46dcB0x464aB0x40c3B0x232fB0x15e2
0x4d4c	0x4d47B0x641
0x4d4d	0x4d47B0x641
0x4d4e	0x4d47B0x641
0x4d58	0x4d56B0x641
0x4d5b	0x4d5aB0x641
0x4d65	0x4d5aB0x641
0x4d66	0x4d5aB0x641
0x4d6f	0x4d6dB0x641
0x4d72	0x4d71B0x641
0x4d73	0x4d71B0x641
0x4d75	0x4d71B0x641
0x4d76	0x4d71B0x641
0x4d77	0x4d71B0x641
0x4d7a	0x4d71B0x641
0x4d83	0x4d81B0x641
0x4d86	0x4d85B0x641
0x4d8e	0x4d85B0x641
0x4d94	0x4d93B0x641
0x4d95	0x4d93B0x641
0x4d99	0x4d93B0x641
0x4d9a	0x4d93B0x641
0x4d9b	0x4d93B0x641
0x4d9d	0x4d93B0x641
0x4d9f	0x4d93B0x641
0x4da1	0x4d93B0x641
0x4da2	0x4d93B0x641
0x4da3	0x4d93B0x641
0x4da5	0x4d93B0x641
0x4da6	0x4d93B0x641
0x4da7	0x4d93B0x641
0x4db0	0x4daeB0x641
0x4db3	0x4db2B0x641
0x4db4	0x4db2B0x641
0x4db7	0x4db6B0x641
0x4db8	0x4db6B0x641
0x4dc1	0x4dbfB0x641
0x4dc2	0x4dbfB0x641
0x4dcb	0x4dc9B0x641
0x4dcc	0x4dc9B0x641
0x4dcf	0x4dceB0x641
0x4dd3	0x4dceB0x641
0x4dd4	0x4dceB0x641
0x4dda	0x4dceB0x641
0x4de3	0x4de1B0x641
0x4de4	0x4de1B0x641
0x4def	0x4deeB0x641
0x4df0	0x4deeB0x641
0x4df3	0x4deeB0x641
0x4df4	0x4deeB0x641
0x4dfd	0x4dfbB0x641
0x4dfe	0x4dfbB0x641
0x4e01	0x4e00B0x641
0x4e05	0x4e00B0x641
0x4e07	0x4e00B0x641
0x4e0f	0x4e0dB0x641
0x4e10	0x4e0dB0x641
0x4e16	0x4e12B0x641
0x4e17	0x4e12B0x641
0x4e18	0x4e12B0x641
0x4e1b	0x4e12B0x641
0x4e1c	0x4e12B0x641
0x4e23	0x4e22B0x641
0x4e25	0x4e22B0x641
0x4e26	0x4e22B0x641
0x4e27	0x4e22B0x641
0x4e2a	0x4e22B0x641
0x4e2e	0x4e22B0x641
0x4e34	0x4e33B0x641
0x4e35	0x4e33B0x641
0x4e37	0x4e33B0x641
0x4e38	0x4e33B0x641
0x4e39	0x4e33B0x641
0x4e3b	0x4e33B0x641
0x4e3c	0x4e33B0x641
0x4e3e	0x4e33B0x641
0x4e3f	0x4e33B0x641
0x4e41	0x4e33B0x641
0x4e42	0x4e33B0x641
0x4e49	0x4e48B0x641
0x4e4a	0x4e48B0x641
0x4e4b	0x4e48B0x641
0x4e4c	0x4e48B0x641
0x4e4d	0x4e48B0x641
0x4e4e	0x4e48B0x641
0x4e4f	0x4e48B0x641
0x4e50	0x4e48B0x641
0x4e51	0x4e48B0x641
0x4e52	0x4e48B0x641
0x4e53	0x4e48B0x641
0x4e5e	0x4e55B0x58a0
0x4e5e	0x4e55B0x58b3
0x4e5e	0x4e55B0x4e98B0x661
0x4e5e	0x4e55B0x59ecB0x232fB0x137c
0x4e5e	0x4e55B0x5932B0x2f97B0x232fB0x137c
0x4e5e	0x4e55B0x59ecB0x232fB0x15e2
0x4e5e	0x4e55B0x5932B0x2f97B0x232fB0x15e2
0x4e60	0x4e55B0x58a0
0x4e60	0x4e55B0x58b3
0x4e60	0x4e55B0x4e98B0x661
0x4e60	0x4e55B0x59ecB0x232fB0x137c
0x4e60	0x4e55B0x5932B0x2f97B0x232fB0x137c
0x4e60	0x4e55B0x59ecB0x232fB0x15e2
0x4e60	0x4e55B0x5932B0x2f97B0x232fB0x15e2
0x4e68	0x4e66B0x58a0
0x4e68	0x4e66B0x58b3
0x4e68	0x4e66B0x4e98B0x661
0x4e68	0x4e66B0x59ecB0x232fB0x137c
0x4e68	0x4e66B0x5932B0x2f97B0x232fB0x137c
0x4e68	0x4e66B0x59ecB0x232fB0x15e2
0x4e68	0x4e66B0x5932B0x2f97B0x232fB0x15e2
0x4e6d	0x4e6aB0x661
0x4e72	0x4e6aB0x661
0x4e73	0x4e6aB0x661
0x4e7d	0x4e7bB0x661
0x4e83	0x4e7fB0x661
0x4e89	0x4e88B0x661
0x4e8a	0x4e88B0x661
0x4e8d	0x4e88B0x661
0x4e93	0x4e88B0x661
0x4e99	0x4e98B0x661
0x4e9a	0x4e98B0x661
0x4e9d	0x4e98B0x661
0x4ea3	0x4e98B0x661
0x4ea9	0x4ea8B0x661
0x4eaa	0x4ea8B0x661
0x4eab	0x4ea8B0x661
0x4eac	0x4ea8B0x661
0x4ead	0x4ea8B0x661
0x4eae	0x4ea8B0x661
0x4eaf	0x4ea8B0x661
0x4eb0	0x4ea8B0x661
0x4eb1	0x4ea8B0x661
0x4eb6	0x4eb3
0x4eb9	0x4eb3
0x4eba	0x4eb3
0x4ebb	0x4eb3
0x4ebf	0x4eb3
0x4ec8	0x4ec6
0x4ecb	0x4eca
0x4ed5	0x4eca
0x4ed6	0x4eca
0x4edf	0x4edd
0x4ee5	0x4ee1
0x4ee6	0x4ee1
0x4ee7	0x4ee1
0x4eee	0x4eed
0x4eef	0x4eed
0x4ef0	0x4eed
0x4ef1	0x4eed
0x4ef2	0x4eed
0x4ef5	0x4eed
0x4ef8	0x4eed
0x4ef9	0x4eed
0x4efa	0x4eed
0x4efb	0x4eed
0x4f04	0x4f02
0x4f07	0x4f06
0x4f0b	0x4f06
0x4f0c	0x4f06
0x4f0d	0x4f06
0x4f14	0x4f13
0x4f15	0x4f13
0x4f16	0x4f13
0x4f1c	0x4f13
0x4f26	0x4f24
0x4f29	0x4f28
0x4f2a	0x4f28
0x4f2b	0x4f28
0x4f2c	0x4f28
0x4f2d	0x4f28
0x4f2e	0x4f28
0x4f2f	0x4f28
0x4f33	0x4f28
0x4f34	0x4f28
0x4f39	0x4f36B0x694
0x4f3c	0x4f36B0x694
0x4f3d	0x4f36B0x694
0x4f47	0x4f45B0x694
0x4f4a	0x4f49B0x694
0x4f4f	0x4f49B0x694
0x4f55	0x4f54B0x694
0x4f56	0x4f54B0x694
0x4f59	0x4f54B0x694
0x4f5f	0x4f54B0x694
0x4f7d	0x4f7aB0x4f98
0x4f7d	0x4f7aB0x51b2B0x1391
0x4f7d	0x4f7aB0x51b2B0x15f8
0x4f9b	0x4f98
0x4fa0	0x4f98
0x4fa6	0x4fa5
0x4fa7	0x4fa5
0x4fa9	0x4fa5
0x4fae	0x4fab
0x4faf	0x4fab
0x4fb1	0x4fab
0x4fb2	0x4fab
0x4fb4	0x4fab
0x4fbb	0x4fb9
0x4fbd	0x4fb9
0x4fbe	0x4fb9
0x4fc2	0x4fbf
0x4fc4	0x4fbf
0x4fe0	0x4fdfB0x563c
0x4fe0	0x4fdfB0x5655
0x4fe0	0x4fdfB0x5666
0x4fe0	0x4fdfB0x5692
0x4fe0	0x4fdfB0x5741B0x137c
0x4fe0	0x4fdfB0x574aB0x137c
0x4fe0	0x4fdfB0x5762B0x137c
0x4fe0	0x4fdfB0x5773B0x137c
0x4fe0	0x4fdfB0x57b0B0x137c
0x4fe0	0x4fdfB0x5741B0x15e2
0x4fe0	0x4fdfB0x574aB0x15e2
0x4fe0	0x4fdfB0x5762B0x15e2
0x4fe0	0x4fdfB0x5773B0x15e2
0x4fe0	0x4fdfB0x57b0B0x15e2
0x4fe5	0x4fdfB0x563c
0x4fe5	0x4fdfB0x5655
0x4fe5	0x4fdfB0x5666
0x4fe5	0x4fdfB0x5692
0x4fe5	0x4fdfB0x5741B0x137c
0x4fe5	0x4fdfB0x574aB0x137c
0x4fe5	0x4fdfB0x5762B0x137c
0x4fe5	0x4fdfB0x5773B0x137c
0x4fe5	0x4fdfB0x57b0B0x137c
0x4fe5	0x4fdfB0x5741B0x15e2
0x4fe5	0x4fdfB0x574aB0x15e2
0x4fe5	0x4fdfB0x5762B0x15e2
0x4fe5	0x4fdfB0x5773B0x15e2
0x4fe5	0x4fdfB0x57b0B0x15e2
0x4fef	0x4feaB0x9f4
0x4fef	0x4feaB0xdb2
0x4fef	0x4feaB0xe7d
0x4fef	0x4feaB0x28f3
0x4fef	0x4feaB0x3bcf
0x4fef	0x4feaB0x3d64
0x4fef	0x4feaB0x3e6b
0x4fef	0x4feaB0x41a3
0x4fef	0x4feaB0x42c6
0x4fef	0x4feaB0x434b
0x4fef	0x4feaB0x37ea0x36ee
0x4fef	0x4feaB0x44f0B0x36ee
0x4fef	0x4feaB0x37ea0x43b4B0x36ee
0x4fef	0x4feaB0x1a5bB0x137c
0x4fef	0x4feaB0x1b53B0x137c
0x4fef	0x4feaB0x2d3bB0x232fB0x137c
0x4fef	0x4feaB0x2daaB0x232fB0x137c
0x4fef	0x4feaB0x2f27B0x232fB0x137c
0x4fef	0x4feaB0x1a5bB0x15e2
0x4fef	0x4feaB0x1b53B0x15e2
0x4fef	0x4feaB0x2d3bB0x232fB0x15e2
0x4fef	0x4feaB0x2daaB0x232fB0x15e2
0x4fef	0x4feaB0x2f27B0x232fB0x15e2
0x4ff0	0x4feaB0x9f4
0x4ff0	0x4feaB0xdb2
0x4ff0	0x4feaB0xe7d
0x4ff0	0x4feaB0x28f3
0x4ff0	0x4feaB0x3bcf
0x4ff0	0x4feaB0x3d64
0x4ff0	0x4feaB0x3e6b
0x4ff0	0x4feaB0x41a3
0x4ff0	0x4feaB0x42c6
0x4ff0	0x4feaB0x434b
0x4ff0	0x4feaB0x37ea0x36ee
0x4ff0	0x4feaB0x44f0B0x36ee
0x4ff0	0x4feaB0x37ea0x43b4B0x36ee
0x4ff0	0x4feaB0x1a5bB0x137c
0x4ff0	0x4feaB0x1b53B0x137c
0x4ff0	0x4feaB0x2d3bB0x232fB0x137c
0x4ff0	0x4feaB0x2daaB0x232fB0x137c
0x4ff0	0x4feaB0x2f27B0x232fB0x137c
0x4ff0	0x4feaB0x1a5bB0x15e2
0x4ff0	0x4feaB0x1b53B0x15e2
0x4ff0	0x4feaB0x2d3bB0x232fB0x15e2
0x4ff0	0x4feaB0x2daaB0x232fB0x15e2
0x4ff0	0x4feaB0x2f27B0x232fB0x15e2
0x4ffa	0x4ff8B0x9f4
0x4ffa	0x4ff8B0xdb2
0x4ffa	0x4ff8B0xe7d
0x4ffa	0x4ff8B0x28f3
0x4ffa	0x4ff8B0x3bcf
0x4ffa	0x4ff8B0x3d64
0x4ffa	0x4ff8B0x3e6b
0x4ffa	0x4ff8B0x41a3
0x4ffa	0x4ff8B0x42c6
0x4ffa	0x4ff8B0x434b
0x4ffa	0x4ff8B0x37ea0x36ee
0x4ffa	0x4ff8B0x44f0B0x36ee
0x4ffa	0x4ff8B0x37ea0x43b4B0x36ee
0x4ffa	0x4ff8B0x1a5bB0x137c
0x4ffa	0x4ff8B0x1b53B0x137c
0x4ffa	0x4ff8B0x2d3bB0x232fB0x137c
0x4ffa	0x4ff8B0x2daaB0x232fB0x137c
0x4ffa	0x4ff8B0x2f27B0x232fB0x137c
0x4ffa	0x4ff8B0x1a5bB0x15e2
0x4ffa	0x4ff8B0x1b53B0x15e2
0x4ffa	0x4ff8B0x2d3bB0x232fB0x15e2
0x4ffa	0x4ff8B0x2daaB0x232fB0x15e2
0x4ffa	0x4ff8B0x2f27B0x232fB0x15e2
0x4ffd	0x4ffcB0x9f4
0x4ffd	0x4ffcB0xdb2
0x4ffd	0x4ffcB0xe7d
0x4ffd	0x4ffcB0x28f3
0x4ffd	0x4ffcB0x3bcf
0x4ffd	0x4ffcB0x3d64
0x4ffd	0x4ffcB0x3e6b
0x4ffd	0x4ffcB0x41a3
0x4ffd	0x4ffcB0x42c6
0x4ffd	0x4ffcB0x434b
0x4ffd	0x4ffcB0x37ea0x36ee
0x4ffd	0x4ffcB0x44f0B0x36ee
0x4ffd	0x4ffcB0x37ea0x43b4B0x36ee
0x4ffd	0x4ffcB0x1a5bB0x137c
0x4ffd	0x4ffcB0x1b53B0x137c
0x4ffd	0x4ffcB0x2d3bB0x232fB0x137c
0x4ffd	0x4ffcB0x2daaB0x232fB0x137c
0x4ffd	0x4ffcB0x2f27B0x232fB0x137c
0x4ffd	0x4ffcB0x1a5bB0x15e2
0x4ffd	0x4ffcB0x1b53B0x15e2
0x4ffd	0x4ffcB0x2d3bB0x232fB0x15e2
0x4ffd	0x4ffcB0x2daaB0x232fB0x15e2
0x4ffd	0x4ffcB0x2f27B0x232fB0x15e2
0x5002	0x4ffcB0x9f4
0x5002	0x4ffcB0xdb2
0x5002	0x4ffcB0xe7d
0x5002	0x4ffcB0x28f3
0x5002	0x4ffcB0x3bcf
0x5002	0x4ffcB0x3d64
0x5002	0x4ffcB0x3e6b
0x5002	0x4ffcB0x41a3
0x5002	0x4ffcB0x42c6
0x5002	0x4ffcB0x434b
0x5002	0x4ffcB0x37ea0x36ee
0x5002	0x4ffcB0x44f0B0x36ee
0x5002	0x4ffcB0x37ea0x43b4B0x36ee
0x5002	0x4ffcB0x1a5bB0x137c
0x5002	0x4ffcB0x1b53B0x137c
0x5002	0x4ffcB0x2d3bB0x232fB0x137c
0x5002	0x4ffcB0x2daaB0x232fB0x137c
0x5002	0x4ffcB0x2f27B0x232fB0x137c
0x5002	0x4ffcB0x1a5bB0x15e2
0x5002	0x4ffcB0x1b53B0x15e2
0x5002	0x4ffcB0x2d3bB0x232fB0x15e2
0x5002	0x4ffcB0x2daaB0x232fB0x15e2
0x5002	0x4ffcB0x2f27B0x232fB0x15e2
0x5020	0x501dB0x650
0x5029	0x501dB0x650
0x502b	0x501dB0x650
0x5033	0x5030B0x650
0x5035	0x5030B0x650
0x5036	0x5030B0x650
0x5037	0x5030B0x650
0x5039	0x5030B0x650
0x503a	0x5030B0x650
0x503f	0x5030B0x650
0x5040	0x5030B0x650
0x5043	0x5030B0x650
0x5044	0x5030B0x650
0x5045	0x5030B0x650
0x5062	0x505d
0x5070	0x506f
0x5074	0x506f
0x5079	0x5076B0x50e3B0x1bf1B0x137c
0x5079	0x5076B0x50e3B0x1bf1B0x15e2
0x5082	0x5080B0x50e3B0x1bf1B0x137c
0x5082	0x5080B0x50e3B0x1bf1B0x15e2
0x5083	0x5080B0x50e3B0x1bf1B0x137c
0x5083	0x5080B0x50e3B0x1bf1B0x15e2
0x5087	0x5080B0x50e3B0x1bf1B0x137c
0x5087	0x5080B0x50e3B0x1bf1B0x15e2
0x508b	0x5080B0x50e3B0x1bf1B0x137c
0x508b	0x5080B0x50e3B0x1bf1B0x15e2
0x5090	0x5080B0x50e3B0x1bf1B0x137c
0x5090	0x5080B0x50e3B0x1bf1B0x15e2
0x5094	0x5080B0x50e3B0x1bf1B0x137c
0x5094	0x5080B0x50e3B0x1bf1B0x15e2
0x509c	0x509bB0x50e3B0x1bf1B0x137c
0x509c	0x509bB0x50e3B0x1bf1B0x15e2
0x50a0	0x509dB0x50e3B0x1bf1B0x137c
0x50a0	0x509dB0x50e3B0x1bf1B0x15e2
0x50a5	0x509dB0x50e3B0x1bf1B0x137c
0x50a5	0x509dB0x50e3B0x1bf1B0x15e2
0x50a7	0x509dB0x50e3B0x1bf1B0x137c
0x50a7	0x509dB0x50e3B0x1bf1B0x15e2
0x50a8	0x509dB0x50e3B0x1bf1B0x137c
0x50a8	0x509dB0x50e3B0x1bf1B0x15e2
0x50aa	0x50a9B0x50e3B0x1bf1B0x137c
0x50aa	0x50a9B0x50e3B0x1bf1B0x15e2
0x50ab	0x50a9B0x50e3B0x1bf1B0x137c
0x50ab	0x50a9B0x50e3B0x1bf1B0x15e2
0x50b3	0x50b2B0x50e3B0x1bf1B0x137c
0x50b3	0x50b2B0x50e3B0x1bf1B0x15e2
0x50bd	0x50bcB0x1bf1B0x137c
0x50bd	0x50bcB0x1bf1B0x15e2
0x50c7	0x50bcB0x1bf1B0x137c
0x50c7	0x50bcB0x1bf1B0x15e2
0x50d9	0x50d5B0x1bf1B0x137c
0x50d9	0x50d5B0x1bf1B0x15e2
0x50dd	0x50d5B0x1bf1B0x137c
0x50dd	0x50d5B0x1bf1B0x15e2
0x50e4	0x50e3B0x1bf1B0x137c
0x50e4	0x50e3B0x1bf1B0x15e2
0x50ec	0x50e9B0x1bf1B0x137c
0x50ec	0x50e9B0x1bf1B0x15e2
0x50ef	0x50e9B0x1bf1B0x137c
0x50ef	0x50e9B0x1bf1B0x15e2
0x50f3	0x50e9B0x1bf1B0x137c
0x50f3	0x50e9B0x1bf1B0x15e2
0x50fb	0x50f9B0x1bf1B0x137c
0x50fb	0x50f9B0x1bf1B0x15e2
0x5102	0x5101B0x1bf1B0x137c
0x5102	0x5101B0x1bf1B0x15e2
0x5103	0x5101B0x1bf1B0x137c
0x5103	0x5101B0x1bf1B0x15e2
0x5121	0x511eB0x1bf1B0x137c
0x5121	0x511eB0x1bf1B0x15e2
0x5122	0x511eB0x1bf1B0x137c
0x5122	0x511eB0x1bf1B0x15e2
0x5126	0x511eB0x1bf1B0x137c
0x5126	0x511eB0x1bf1B0x15e2
0x512b	0x511eB0x1bf1B0x137c
0x512b	0x511eB0x1bf1B0x15e2
0x512d	0x511eB0x1bf1B0x137c
0x512d	0x511eB0x1bf1B0x15e2
0x512f	0x512eB0x1bf1B0x137c
0x512f	0x512eB0x1bf1B0x15e2
0x5130	0x512eB0x1bf1B0x137c
0x5130	0x512eB0x1bf1B0x15e2
0x5138	0x5137B0x1bf1B0x137c
0x5138	0x5137B0x1bf1B0x15e2
0x513b	0x5137B0x1bf1B0x137c
0x513b	0x5137B0x1bf1B0x15e2
0x513d	0x5137B0x1bf1B0x137c
0x513d	0x5137B0x1bf1B0x15e2
0x513e	0x5137B0x1bf1B0x137c
0x513e	0x5137B0x1bf1B0x15e2
0x5140	0x5137B0x1bf1B0x137c
0x5140	0x5137B0x1bf1B0x15e2
0x5143	0x5137B0x1bf1B0x137c
0x5143	0x5137B0x1bf1B0x15e2
0x5144	0x5137B0x1bf1B0x137c
0x5144	0x5137B0x1bf1B0x15e2
0x5146	0x5137B0x1bf1B0x137c
0x5146	0x5137B0x1bf1B0x15e2
0x5147	0x5137B0x1bf1B0x137c
0x5147	0x5137B0x1bf1B0x15e2
0x514e	0x514dB0x1bf1B0x137c
0x514e	0x514dB0x1bf1B0x15e2
0x514f	0x514dB0x1bf1B0x137c
0x514f	0x514dB0x1bf1B0x15e2
0x5150	0x514dB0x1bf1B0x137c
0x5150	0x514dB0x1bf1B0x15e2
0x5158	0x5157B0x1bf1B0x137c
0x5158	0x5157B0x1bf1B0x15e2
0x5160	0x5157B0x1bf1B0x137c
0x5160	0x5157B0x1bf1B0x15e2
0x5161	0x5157B0x1bf1B0x137c
0x5161	0x5157B0x1bf1B0x15e2
0x5169	0x5157B0x1bf1B0x137c
0x5169	0x5157B0x1bf1B0x15e2
0x516c	0x516bB0x1bf1B0x137c
0x516c	0x516bB0x1bf1B0x15e2
0x516d	0x516bB0x1bf1B0x137c
0x516d	0x516bB0x1bf1B0x15e2
0x516e	0x516bB0x1bf1B0x137c
0x516e	0x516bB0x1bf1B0x15e2
0x516f	0x516bB0x1bf1B0x137c
0x516f	0x516bB0x1bf1B0x15e2
0x5170	0x516bB0x1bf1B0x137c
0x5170	0x516bB0x1bf1B0x15e2
0x5173	0x516bB0x1bf1B0x137c
0x5173	0x516bB0x1bf1B0x15e2
0x5174	0x516bB0x1bf1B0x137c
0x5174	0x516bB0x1bf1B0x15e2
0x5177	0x516bB0x1bf1B0x137c
0x5177	0x516bB0x1bf1B0x15e2
0x5179	0x516bB0x1bf1B0x137c
0x5179	0x516bB0x1bf1B0x15e2
0x517e	0x517bB0x1342
0x517e	0x517bB0x1365
0x517e	0x517bB0x152c
0x517f	0x517bB0x1342
0x517f	0x517bB0x1365
0x517f	0x517bB0x152c
0x5183	0x517bB0x1342
0x5183	0x517bB0x1365
0x5183	0x517bB0x152c
0x5184	0x517bB0x1342
0x5184	0x517bB0x1365
0x5184	0x517bB0x152c
0x51aa	0x517bB0x1342
0x51aa	0x517bB0x1365
0x51aa	0x517bB0x152c
0x51b0	0x517bB0x1342
0x51b0	0x517bB0x1365
0x51b0	0x517bB0x152c
0x51bb	0x51b2B0x1391
0x51bb	0x51b2B0x15f8
0x51bc	0x51b2B0x1391
0x51bc	0x51b2B0x15f8
0x51be	0x51b2B0x1391
0x51be	0x51b2B0x15f8
0x51c2	0x51b2B0x1391
0x51c2	0x51b2B0x15f8
0x51c4	0x51b2B0x1391
0x51c4	0x51b2B0x15f8
0x51c5	0x51b2B0x1391
0x51c5	0x51b2B0x15f8
0x51c7	0x51b2B0x1391
0x51c7	0x51b2B0x15f8
0x51cb	0x51b2B0x1391
0x51cb	0x51b2B0x15f8
0x51d0	0x51b2B0x1391
0x51d0	0x51b2B0x15f8
0x51d2	0x51b2B0x1391
0x51d2	0x51b2B0x15f8
0x51d3	0x51b2B0x1391
0x51d3	0x51b2B0x15f8
0x51d7	0x51b2B0x1391
0x51d7	0x51b2B0x15f8
0x51dc	0x51b2B0x1391
0x51dc	0x51b2B0x15f8
0x51e2	0x51e1B0x1391
0x51e2	0x51e1B0x15f8
0x51e5	0x51e1B0x1391
0x51e5	0x51e1B0x15f8
0x51ea	0x51e1B0x1391
0x51ea	0x51e1B0x15f8
0x51ee	0x51e1B0x1391
0x51ee	0x51e1B0x15f8
0x51f1	0x51e1B0x1391
0x51f1	0x51e1B0x15f8
0x51f2	0x51e1B0x1391
0x51f2	0x51e1B0x15f8
0x51f3	0x51e1B0x1391
0x51f3	0x51e1B0x15f8
0x51f4	0x51e1B0x1391
0x51f4	0x51e1B0x15f8
0x51f5	0x51e1B0x1391
0x51f5	0x51e1B0x15f8
0x51f6	0x51e1B0x1391
0x51f6	0x51e1B0x15f8
0x51f7	0x51e1B0x1391
0x51f7	0x51e1B0x15f8
0x51f8	0x51e1B0x1391
0x51f8	0x51e1B0x15f8
0x51f9	0x51e1B0x1391
0x51f9	0x51e1B0x15f8
0x5241	0x521fB0x11c4
0x5245	0x521fB0x11c4
0x524a	0x521fB0x11c4
0x524d	0x521fB0x11c4
0x5251	0x521fB0x11c4
0x526f	0x5257B0x11c4
0x5270	0x5257B0x11c4
0x5272	0x5257B0x11c4
0x5273	0x5257B0x11c4
0x5276	0x5257B0x11c4
0x527b	0x5257B0x11c4
0x527e	0x5257B0x11c4
0x5282	0x5257B0x11c4
0x528d	0x5288B0x11c4
0x528e	0x5288B0x11c4
0x528f	0x5288B0x11c4
0x5290	0x5288B0x11c4
0x5291	0x5288B0x11c4
0x5292	0x5288B0x11c4
0x5297	0x5294B0x1d11
0x5297	0x5294B0x18afB0x137c
0x5297	0x5294B0x190cB0x137c
0x5297	0x5294B0x1988B0x137c
0x5297	0x5294B0x18afB0x15e2
0x5297	0x5294B0x190cB0x15e2
0x5297	0x5294B0x1988B0x15e2
0x5298	0x5294B0x1d11
0x5298	0x5294B0x18afB0x137c
0x5298	0x5294B0x190cB0x137c
0x5298	0x5294B0x1988B0x137c
0x5298	0x5294B0x18afB0x15e2
0x5298	0x5294B0x190cB0x15e2
0x5298	0x5294B0x1988B0x15e2
0x529d	0x5294B0x1d11
0x529d	0x5294B0x18afB0x137c
0x529d	0x5294B0x190cB0x137c
0x529d	0x5294B0x1988B0x137c
0x529d	0x5294B0x18afB0x15e2
0x529d	0x5294B0x190cB0x15e2
0x529d	0x5294B0x1988B0x15e2
0x52a1	0x5294B0x1d11
0x52a1	0x5294B0x18afB0x137c
0x52a1	0x5294B0x190cB0x137c
0x52a1	0x5294B0x1988B0x137c
0x52a1	0x5294B0x18afB0x15e2
0x52a1	0x5294B0x190cB0x15e2
0x52a1	0x5294B0x1988B0x15e2
0x52a9	0x52a7B0x1d11
0x52a9	0x52a7B0x18afB0x137c
0x52a9	0x52a7B0x190cB0x137c
0x52a9	0x52a7B0x1988B0x137c
0x52a9	0x52a7B0x18afB0x15e2
0x52a9	0x52a7B0x190cB0x15e2
0x52a9	0x52a7B0x1988B0x15e2
0x52ac	0x52abB0x1d11
0x52ac	0x52abB0x18afB0x137c
0x52ac	0x52abB0x190cB0x137c
0x52ac	0x52abB0x1988B0x137c
0x52ac	0x52abB0x18afB0x15e2
0x52ac	0x52abB0x190cB0x15e2
0x52ac	0x52abB0x1988B0x15e2
0x52ae	0x52abB0x1d11
0x52ae	0x52abB0x18afB0x137c
0x52ae	0x52abB0x190cB0x137c
0x52ae	0x52abB0x1988B0x137c
0x52ae	0x52abB0x18afB0x15e2
0x52ae	0x52abB0x190cB0x15e2
0x52ae	0x52abB0x1988B0x15e2
0x52b0	0x52abB0x1d11
0x52b0	0x52abB0x18afB0x137c
0x52b0	0x52abB0x190cB0x137c
0x52b0	0x52abB0x1988B0x137c
0x52b0	0x52abB0x18afB0x15e2
0x52b0	0x52abB0x190cB0x15e2
0x52b0	0x52abB0x1988B0x15e2
0x52b1	0x52abB0x1d11
0x52b1	0x52abB0x18afB0x137c
0x52b1	0x52abB0x190cB0x137c
0x52b1	0x52abB0x1988B0x137c
0x52b1	0x52abB0x18afB0x15e2
0x52b1	0x52abB0x190cB0x15e2
0x52b1	0x52abB0x1988B0x15e2
0x52ba	0x52abB0x1d11
0x52ba	0x52abB0x18afB0x137c
0x52ba	0x52abB0x190cB0x137c
0x52ba	0x52abB0x1988B0x137c
0x52ba	0x52abB0x18afB0x15e2
0x52ba	0x52abB0x190cB0x15e2
0x52ba	0x52abB0x1988B0x15e2
0x52c3	0x52c1B0x1d11
0x52c3	0x52c1B0x18afB0x137c
0x52c3	0x52c1B0x190cB0x137c
0x52c3	0x52c1B0x1988B0x137c
0x52c3	0x52c1B0x18afB0x15e2
0x52c3	0x52c1B0x190cB0x15e2
0x52c3	0x52c1B0x1988B0x15e2
0x52c9	0x52c5B0x1d11
0x52c9	0x52c5B0x18afB0x137c
0x52c9	0x52c5B0x190cB0x137c
0x52c9	0x52c5B0x1988B0x137c
0x52c9	0x52c5B0x18afB0x15e2
0x52c9	0x52c5B0x190cB0x15e2
0x52c9	0x52c5B0x1988B0x15e2
0x52ca	0x52c5B0x1d11
0x52ca	0x52c5B0x18afB0x137c
0x52ca	0x52c5B0x190cB0x137c
0x52ca	0x52c5B0x1988B0x137c
0x52ca	0x52c5B0x18afB0x15e2
0x52ca	0x52c5B0x190cB0x15e2
0x52ca	0x52c5B0x1988B0x15e2
0x52cc	0x52c5B0x1d11
0x52cc	0x52c5B0x18afB0x137c
0x52cc	0x52c5B0x190cB0x137c
0x52cc	0x52c5B0x1988B0x137c
0x52cc	0x52c5B0x18afB0x15e2
0x52cc	0x52c5B0x190cB0x15e2
0x52cc	0x52c5B0x1988B0x15e2
0x52cd	0x52c5B0x1d11
0x52cd	0x52c5B0x18afB0x137c
0x52cd	0x52c5B0x190cB0x137c
0x52cd	0x52c5B0x1988B0x137c
0x52cd	0x52c5B0x18afB0x15e2
0x52cd	0x52c5B0x190cB0x15e2
0x52cd	0x52c5B0x1988B0x15e2
0x52cf	0x52c5B0x1d11
0x52cf	0x52c5B0x18afB0x137c
0x52cf	0x52c5B0x190cB0x137c
0x52cf	0x52c5B0x1988B0x137c
0x52cf	0x52c5B0x18afB0x15e2
0x52cf	0x52c5B0x190cB0x15e2
0x52cf	0x52c5B0x1988B0x15e2
0x52d8	0x52d6B0x1d11
0x52d8	0x52d6B0x18afB0x137c
0x52d8	0x52d6B0x190cB0x137c
0x52d8	0x52d6B0x1988B0x137c
0x52d8	0x52d6B0x18afB0x15e2
0x52d8	0x52d6B0x190cB0x15e2
0x52d8	0x52d6B0x1988B0x15e2
0x52db	0x52daB0x18c1B0x137c
0x52db	0x52daB0x191eB0x137c
0x52db	0x52daB0x18c1B0x15e2
0x52db	0x52daB0x191eB0x15e2
0x52dc	0x52daB0x18c1B0x137c
0x52dc	0x52daB0x191eB0x137c
0x52dc	0x52daB0x18c1B0x15e2
0x52dc	0x52daB0x191eB0x15e2
0x52dd	0x52daB0x18c1B0x137c
0x52dd	0x52daB0x191eB0x137c
0x52dd	0x52daB0x18c1B0x15e2
0x52dd	0x52daB0x191eB0x15e2
0x52e1	0x52daB0x18c1B0x137c
0x52e1	0x52daB0x191eB0x137c
0x52e1	0x52daB0x18c1B0x15e2
0x52e1	0x52daB0x191eB0x15e2
0x52e3	0x52daB0x18c1B0x137c
0x52e3	0x52daB0x191eB0x137c
0x52e3	0x52daB0x18c1B0x15e2
0x52e3	0x52daB0x191eB0x15e2
0x52e4	0x52daB0x18c1B0x137c
0x52e4	0x52daB0x191eB0x137c
0x52e4	0x52daB0x18c1B0x15e2
0x52e4	0x52daB0x191eB0x15e2
0x52e6	0x52daB0x18c1B0x137c
0x52e6	0x52daB0x191eB0x137c
0x52e6	0x52daB0x18c1B0x15e2
0x52e6	0x52daB0x191eB0x15e2
0x52e7	0x52daB0x18c1B0x137c
0x52e7	0x52daB0x191eB0x137c
0x52e7	0x52daB0x18c1B0x15e2
0x52e7	0x52daB0x191eB0x15e2
0x52e8	0x52daB0x18c1B0x137c
0x52e8	0x52daB0x191eB0x137c
0x52e8	0x52daB0x18c1B0x15e2
0x52e8	0x52daB0x191eB0x15e2
0x52eb	0x52ea
0x52ec	0x52ea
0x52ee	0x52ea
0x52ef	0x52ea
0x52fe	0x52fdB0x20b0
0x52fe	0x52fdB0x216a
0x52fe	0x52fdB0x18f0B0x137c
0x52fe	0x52fdB0x18f0B0x15e2
0x52ff	0x52fdB0x20b0
0x52ff	0x52fdB0x216a
0x52ff	0x52fdB0x18f0B0x137c
0x52ff	0x52fdB0x18f0B0x15e2
0x5301	0x52fdB0x20b0
0x5301	0x52fdB0x216a
0x5301	0x52fdB0x18f0B0x137c
0x5301	0x52fdB0x18f0B0x15e2
0x5302	0x52fdB0x20b0
0x5302	0x52fdB0x216a
0x5302	0x52fdB0x18f0B0x137c
0x5302	0x52fdB0x18f0B0x15e2
0x5320	0x5310B0x137c
0x5320	0x5310B0x15e2
0x5322	0x5310B0x137c
0x5322	0x5310B0x15e2
0x5323	0x5310B0x137c
0x5323	0x5310B0x15e2
0x5326	0x5310B0x137c
0x5326	0x5310B0x15e2
0x533e	0x5310B0x137c
0x533e	0x5310B0x15e2
0x5342	0x5310B0x137c
0x5342	0x5310B0x15e2
0x5344	0x5310B0x137c
0x5344	0x5310B0x15e2
0x5345	0x5310B0x137c
0x5345	0x5310B0x15e2
0x5346	0x5310B0x137c
0x5346	0x5310B0x15e2
0x534b	0x5310B0x137c
0x534b	0x5310B0x15e2
0x534c	0x5310B0x137c
0x534c	0x5310B0x15e2
0x534d	0x5310B0x137c
0x534d	0x5310B0x15e2
0x5350	0x534fB0x1ab5B0x137c
0x5350	0x534fB0x1ab5B0x15e2
0x5351	0x534fB0x1ab5B0x137c
0x5351	0x534fB0x1ab5B0x15e2
0x5353	0x534fB0x1ab5B0x137c
0x5353	0x534fB0x1ab5B0x15e2
0x5354	0x534fB0x1ab5B0x137c
0x5354	0x534fB0x1ab5B0x15e2
0x5357	0x534fB0x1ab5B0x137c
0x5357	0x534fB0x1ab5B0x15e2
0x535a	0x534fB0x1ab5B0x137c
0x535a	0x534fB0x1ab5B0x15e2
0x535d	0x534fB0x1ab5B0x137c
0x535d	0x534fB0x1ab5B0x15e2
0x535e	0x534fB0x1ab5B0x137c
0x535e	0x534fB0x1ab5B0x15e2
0x5362	0x534fB0x1ab5B0x137c
0x5362	0x534fB0x1ab5B0x15e2
0x5363	0x534fB0x1ab5B0x137c
0x5363	0x534fB0x1ab5B0x15e2
0x5365	0x534fB0x1ab5B0x137c
0x5365	0x534fB0x1ab5B0x15e2
0x5366	0x534fB0x1ab5B0x137c
0x5366	0x534fB0x1ab5B0x15e2
0x5367	0x534fB0x1ab5B0x137c
0x5367	0x534fB0x1ab5B0x15e2
0x536b	0x534fB0x1ab5B0x137c
0x536b	0x534fB0x1ab5B0x15e2
0x536c	0x534fB0x1ab5B0x137c
0x536c	0x534fB0x1ab5B0x15e2
0x5372	0x534fB0x1ab5B0x137c
0x5372	0x534fB0x1ab5B0x15e2
0x5373	0x534fB0x1ab5B0x137c
0x5373	0x534fB0x1ab5B0x15e2
0x5376	0x534fB0x1ab5B0x137c
0x5376	0x534fB0x1ab5B0x15e2
0x537b	0x5378B0x546fB0x1ab5B0x137c
0x537b	0x5378B0x546fB0x1ab5B0x15e2
0x537d	0x5378B0x546fB0x1ab5B0x137c
0x537d	0x5378B0x546fB0x1ab5B0x15e2
0x537e	0x5378B0x546fB0x1ab5B0x137c
0x537e	0x5378B0x546fB0x1ab5B0x15e2
0x5382	0x5378B0x546fB0x1ab5B0x137c
0x5382	0x5378B0x546fB0x1ab5B0x15e2
0x5383	0x5378B0x546fB0x1ab5B0x137c
0x5383	0x5378B0x546fB0x1ab5B0x15e2
0x5385	0x5378B0x546fB0x1ab5B0x137c
0x5385	0x5378B0x546fB0x1ab5B0x15e2
0x5386	0x5378B0x546fB0x1ab5B0x137c
0x5386	0x5378B0x546fB0x1ab5B0x15e2
0x5387	0x5378B0x546fB0x1ab5B0x137c
0x5387	0x5378B0x546fB0x1ab5B0x15e2
0x5388	0x5378B0x546fB0x1ab5B0x137c
0x5388	0x5378B0x546fB0x1ab5B0x15e2
0x5389	0x5378B0x546fB0x1ab5B0x137c
0x5389	0x5378B0x546fB0x1ab5B0x15e2
0x538d	0x5378B0x546fB0x1ab5B0x137c
0x538d	0x5378B0x546fB0x1ab5B0x15e2
0x538f	0x5378B0x546fB0x1ab5B0x137c
0x538f	0x5378B0x546fB0x1ab5B0x15e2
0x5390	0x5378B0x546fB0x1ab5B0x137c
0x5390	0x5378B0x546fB0x1ab5B0x15e2
0x5391	0x5378B0x546fB0x1ab5B0x137c
0x5391	0x5378B0x546fB0x1ab5B0x15e2
0x5392	0x5378B0x546fB0x1ab5B0x137c
0x5392	0x5378B0x546fB0x1ab5B0x15e2
0x5397	0x5396B0x546fB0x1ab5B0x137c
0x5397	0x5396B0x546fB0x1ab5B0x15e2
0x5398	0x5396B0x546fB0x1ab5B0x137c
0x5398	0x5396B0x546fB0x1ab5B0x15e2
0x53a0	0x539fB0x546fB0x1ab5B0x137c
0x53a0	0x539fB0x546fB0x1ab5B0x15e2
0x53a2	0x539fB0x546fB0x1ab5B0x137c
0x53a2	0x539fB0x546fB0x1ab5B0x15e2
0x53a7	0x539fB0x546fB0x1ab5B0x137c
0x53a7	0x539fB0x546fB0x1ab5B0x15e2
0x53a8	0x539fB0x546fB0x1ab5B0x137c
0x53a8	0x539fB0x546fB0x1ab5B0x15e2
0x53af	0x53aeB0x546fB0x1ab5B0x137c
0x53af	0x53aeB0x546fB0x1ab5B0x15e2
0x53b0	0x53aeB0x546fB0x1ab5B0x137c
0x53b0	0x53aeB0x546fB0x1ab5B0x15e2
0x53b2	0x53aeB0x546fB0x1ab5B0x137c
0x53b2	0x53aeB0x546fB0x1ab5B0x15e2
0x53b3	0x53aeB0x546fB0x1ab5B0x137c
0x53b3	0x53aeB0x546fB0x1ab5B0x15e2
0x53b4	0x53aeB0x546fB0x1ab5B0x137c
0x53b4	0x53aeB0x546fB0x1ab5B0x15e2
0x53b5	0x53aeB0x546fB0x1ab5B0x137c
0x53b5	0x53aeB0x546fB0x1ab5B0x15e2
0x53b6	0x53aeB0x546fB0x1ab5B0x137c
0x53b6	0x53aeB0x546fB0x1ab5B0x15e2
0x53b8	0x53aeB0x546fB0x1ab5B0x137c
0x53b8	0x53aeB0x546fB0x1ab5B0x15e2
0x53c1	0x53c0B0x546fB0x1ab5B0x137c
0x53c1	0x53c0B0x546fB0x1ab5B0x15e2
0x53c2	0x53c0B0x546fB0x1ab5B0x137c
0x53c2	0x53c0B0x546fB0x1ab5B0x15e2
0x53c3	0x53c0B0x546fB0x1ab5B0x137c
0x53c3	0x53c0B0x546fB0x1ab5B0x15e2
0x53c4	0x53c0B0x546fB0x1ab5B0x137c
0x53c4	0x53c0B0x546fB0x1ab5B0x15e2
0x53c5	0x53c0B0x546fB0x1ab5B0x137c
0x53c5	0x53c0B0x546fB0x1ab5B0x15e2
0x53c6	0x53c0B0x546fB0x1ab5B0x137c
0x53c6	0x53c0B0x546fB0x1ab5B0x15e2
0x53c7	0x53c0B0x546fB0x1ab5B0x137c
0x53c7	0x53c0B0x546fB0x1ab5B0x15e2
0x53c8	0x53c0B0x546fB0x1ab5B0x137c
0x53c8	0x53c0B0x546fB0x1ab5B0x15e2
0x53c9	0x53c0B0x546fB0x1ab5B0x137c
0x53c9	0x53c0B0x546fB0x1ab5B0x15e2
0x53ca	0x53c0B0x546fB0x1ab5B0x137c
0x53ca	0x53c0B0x546fB0x1ab5B0x15e2
0x53cb	0x53c0B0x546fB0x1ab5B0x137c
0x53cb	0x53c0B0x546fB0x1ab5B0x15e2
0x53d2	0x53cdB0x1ab5B0x137c
0x53d2	0x53cdB0x1ab5B0x15e2
0x53d4	0x53cdB0x1ab5B0x137c
0x53d4	0x53cdB0x1ab5B0x15e2
0x53d5	0x53cdB0x1ab5B0x137c
0x53d5	0x53cdB0x1ab5B0x15e2
0x53db	0x53cdB0x1ab5B0x137c
0x53db	0x53cdB0x1ab5B0x15e2
0x53dd	0x53cdB0x1ab5B0x137c
0x53dd	0x53cdB0x1ab5B0x15e2
0x53de	0x53cdB0x1ab5B0x137c
0x53de	0x53cdB0x1ab5B0x15e2
0x53e5	0x53cdB0x1ab5B0x137c
0x53e5	0x53cdB0x1ab5B0x15e2
0x53e8	0x53cdB0x1ab5B0x137c
0x53e8	0x53cdB0x1ab5B0x15e2
0x53e9	0x53cdB0x1ab5B0x137c
0x53e9	0x53cdB0x1ab5B0x15e2
0x53ea	0x53cdB0x1ab5B0x137c
0x53ea	0x53cdB0x1ab5B0x15e2
0x53ee	0x53cdB0x1ab5B0x137c
0x53ee	0x53cdB0x1ab5B0x15e2
0x53f0	0x53cdB0x1ab5B0x137c
0x53f0	0x53cdB0x1ab5B0x15e2
0x53f1	0x53cdB0x1ab5B0x137c
0x53f1	0x53cdB0x1ab5B0x15e2
0x53f4	0x53cdB0x1ab5B0x137c
0x53f4	0x53cdB0x1ab5B0x15e2
0x53f8	0x53cdB0x1ab5B0x137c
0x53f8	0x53cdB0x1ab5B0x15e2
0x53fb	0x53cdB0x1ab5B0x137c
0x53fb	0x53cdB0x1ab5B0x15e2
0x53fc	0x53cdB0x1ab5B0x137c
0x53fc	0x53cdB0x1ab5B0x15e2
0x53fd	0x53cdB0x1ab5B0x137c
0x53fd	0x53cdB0x1ab5B0x15e2
0x5401	0x5400B0x1ab5B0x137c
0x5401	0x5400B0x1ab5B0x15e2
0x5402	0x5400B0x1ab5B0x137c
0x5402	0x5400B0x1ab5B0x15e2
0x540a	0x5409B0x1ab5B0x137c
0x540a	0x5409B0x1ab5B0x15e2
0x5410	0x5409B0x1ab5B0x137c
0x5410	0x5409B0x1ab5B0x15e2
0x5412	0x5409B0x1ab5B0x137c
0x5412	0x5409B0x1ab5B0x15e2
0x5415	0x5409B0x1ab5B0x137c
0x5415	0x5409B0x1ab5B0x15e2
0x5416	0x5409B0x1ab5B0x137c
0x5416	0x5409B0x1ab5B0x15e2
0x541c	0x5409B0x1ab5B0x137c
0x541c	0x5409B0x1ab5B0x15e2
0x5424	0x5422B0x1ab5B0x137c
0x5424	0x5422B0x1ab5B0x15e2
0x5427	0x5426B0x1ab5B0x137c
0x5427	0x5426B0x1ab5B0x15e2
0x5429	0x5426B0x1ab5B0x137c
0x5429	0x5426B0x1ab5B0x15e2
0x542a	0x5426B0x1ab5B0x137c
0x542a	0x5426B0x1ab5B0x15e2
0x542c	0x5426B0x1ab5B0x137c
0x542c	0x5426B0x1ab5B0x15e2
0x5436	0x5426B0x1ab5B0x137c
0x5436	0x5426B0x1ab5B0x15e2
0x543f	0x543dB0x1ab5B0x137c
0x543f	0x543dB0x1ab5B0x15e2
0x5442	0x5441B0x1ab5B0x137c
0x5442	0x5441B0x1ab5B0x15e2
0x5445	0x5441B0x1ab5B0x137c
0x5445	0x5441B0x1ab5B0x15e2
0x544e	0x544cB0x1ab5B0x137c
0x544e	0x544cB0x1ab5B0x15e2
0x5454	0x5450B0x1ab5B0x137c
0x5454	0x5450B0x1ab5B0x15e2
0x5455	0x5450B0x1ab5B0x137c
0x5455	0x5450B0x1ab5B0x15e2
0x5456	0x5450B0x1ab5B0x137c
0x5456	0x5450B0x1ab5B0x15e2
0x545c	0x545bB0x1ab5B0x137c
0x545c	0x545bB0x1ab5B0x15e2
0x545d	0x545bB0x1ab5B0x137c
0x545d	0x545bB0x1ab5B0x15e2
0x545e	0x545bB0x1ab5B0x137c
0x545e	0x545bB0x1ab5B0x15e2
0x545f	0x545bB0x1ab5B0x137c
0x545f	0x545bB0x1ab5B0x15e2
0x5460	0x545bB0x1ab5B0x137c
0x5460	0x545bB0x1ab5B0x15e2
0x5461	0x545bB0x1ab5B0x137c
0x5461	0x545bB0x1ab5B0x15e2
0x5463	0x545bB0x1ab5B0x137c
0x5463	0x545bB0x1ab5B0x15e2
0x5464	0x545bB0x1ab5B0x137c
0x5464	0x545bB0x1ab5B0x15e2
0x5465	0x545bB0x1ab5B0x137c
0x5465	0x545bB0x1ab5B0x15e2
0x5467	0x545bB0x1ab5B0x137c
0x5467	0x545bB0x1ab5B0x15e2
0x5470	0x546fB0x1ab5B0x137c
0x5470	0x546fB0x1ab5B0x15e2
0x5471	0x546fB0x1ab5B0x137c
0x5471	0x546fB0x1ab5B0x15e2
0x5472	0x546fB0x1ab5B0x137c
0x5472	0x546fB0x1ab5B0x15e2
0x5473	0x546fB0x1ab5B0x137c
0x5473	0x546fB0x1ab5B0x15e2
0x5474	0x546fB0x1ab5B0x137c
0x5474	0x546fB0x1ab5B0x15e2
0x5475	0x546fB0x1ab5B0x137c
0x5475	0x546fB0x1ab5B0x15e2
0x5479	0x546fB0x1ab5B0x137c
0x5479	0x546fB0x1ab5B0x15e2
0x547f	0x546fB0x1ab5B0x137c
0x547f	0x546fB0x1ab5B0x15e2
0x5480	0x546fB0x1ab5B0x137c
0x5480	0x546fB0x1ab5B0x15e2
0x5486	0x5485B0x1ab5B0x137c
0x5486	0x5485B0x1ab5B0x15e2
0x5487	0x5485B0x1ab5B0x137c
0x5487	0x5485B0x1ab5B0x15e2
0x5488	0x5485B0x1ab5B0x137c
0x5488	0x5485B0x1ab5B0x15e2
0x5489	0x5485B0x1ab5B0x137c
0x5489	0x5485B0x1ab5B0x15e2
0x548a	0x5485B0x1ab5B0x137c
0x548a	0x5485B0x1ab5B0x15e2
0x548b	0x5485B0x1ab5B0x137c
0x548b	0x5485B0x1ab5B0x15e2
0x548c	0x5485B0x1ab5B0x137c
0x548c	0x5485B0x1ab5B0x15e2
0x548d	0x5485B0x1ab5B0x137c
0x548d	0x5485B0x1ab5B0x15e2
0x548e	0x5485B0x1ab5B0x137c
0x548e	0x5485B0x1ab5B0x15e2
0x548f	0x5485B0x1ab5B0x137c
0x548f	0x5485B0x1ab5B0x15e2
0x5494	0x5491B0x137c
0x5494	0x5491B0x15e2
0x549d	0x5491B0x137c
0x549d	0x5491B0x15e2
0x549f	0x5491B0x137c
0x549f	0x5491B0x15e2
0x54ad	0x54a4B0x137c
0x54ad	0x54a4B0x15e2
0x54ae	0x54a4B0x137c
0x54ae	0x54a4B0x15e2
0x54b2	0x54a4B0x137c
0x54b2	0x54a4B0x15e2
0x54bd	0x54a4B0x137c
0x54bd	0x54a4B0x15e2
0x54be	0x54a4B0x137c
0x54be	0x54a4B0x15e2
0x54bf	0x54a4B0x137c
0x54bf	0x54a4B0x15e2
0x54c3	0x54a4B0x137c
0x54c3	0x54a4B0x15e2
0x54c6	0x54a4B0x137c
0x54c6	0x54a4B0x15e2
0x54c7	0x54a4B0x137c
0x54c7	0x54a4B0x15e2
0x54cb	0x54a4B0x137c
0x54cb	0x54a4B0x15e2
0x54cc	0x54a4B0x137c
0x54cc	0x54a4B0x15e2
0x54ce	0x54a4B0x137c
0x54ce	0x54a4B0x15e2
0x54cf	0x54a4B0x137c
0x54cf	0x54a4B0x15e2
0x54d0	0x54a4B0x137c
0x54d0	0x54a4B0x15e2
0x54d2	0x54a4B0x137c
0x54d2	0x54a4B0x15e2
0x54d3	0x54a4B0x137c
0x54d3	0x54a4B0x15e2
0x54d4	0x54a4B0x137c
0x54d4	0x54a4B0x15e2
0x54d9	0x54d6
0x54de	0x54d6
0x54df	0x54d6
0x54e2	0x54d6
0x54e9	0x54e8
0x54eb	0x54e8
0x54ec	0x54e8
0x54ed	0x54e8
0x54f1	0x54e8
0x54f3	0x54e8
0x54f4	0x54e8
0x54f6	0x54e8
0x54f7	0x54e8
0x54f8	0x54e8
0x54f9	0x54e8
0x54fa	0x54e8
0x54fb	0x54e8
0x54fc	0x54e8
0x5501	0x54fe
0x5506	0x54fe
0x5507	0x54fe
0x550a	0x54fe
0x5511	0x5510
0x5513	0x5510
0x5514	0x5510
0x5516	0x5510
0x551a	0x5510
0x551b	0x5510
0x551e	0x5510
0x5526	0x5524
0x5527	0x5524
0x5528	0x5524
0x5529	0x5524
0x552a	0x5524
0x552b	0x5524
0x552e	0x552dB0x15c7
0x552f	0x552dB0x15c7
0x553f	0x552dB0x15c7
0x5546	0x552dB0x15c7
0x5549	0x552dB0x15c7
0x554c	0x552dB0x15c7
0x554f	0x552dB0x15c7
0x5552	0x552dB0x15c7
0x5557	0x552dB0x15c7
0x555c	0x552dB0x15c7
0x555f	0x552dB0x15c7
0x5563	0x552dB0x15c7
0x556a	0x5569B0x15c7
0x556b	0x5569B0x15c7
0x556f	0x5569B0x15c7
0x5571	0x5569B0x15c7
0x5572	0x5569B0x15c7
0x5573	0x5569B0x15c7
0x5575	0x5569B0x15c7
0x5578	0x5569B0x15c7
0x557e	0x5569B0x15c7
0x557f	0x5569B0x15c7
0x5580	0x5569B0x15c7
0x5581	0x5569B0x15c7
0x5582	0x5569B0x15c7
0x5583	0x5569B0x15c7
0x5584	0x5569B0x15c7
0x558b	0x5586B0x1e55B0x15c7
0x558c	0x5586B0x1e55B0x15c7
0x5596	0x5594B0x1e55B0x15c7
0x5599	0x5598B0x1e55B0x15c7
0x559e	0x5598B0x1e55B0x15c7
0x55a4	0x55a3B0x20a1
0x55a4	0x55a3B0x2146
0x55a5	0x55a3B0x20a1
0x55a5	0x55a3B0x2146
0x55a7	0x55a3B0x20a1
0x55a7	0x55a3B0x2146
0x55a9	0x55a3B0x20a1
0x55a9	0x55a3B0x2146
0x55aa	0x55a3B0x20a1
0x55aa	0x55a3B0x2146
0x55ac	0x55a3B0x20a1
0x55ac	0x55a3B0x2146
0x55bd	0x55ba
0x55ca	0x55c9
0x55cf	0x55c9
0x55e8	0x55e7B0x5677
0x55e8	0x55e7B0x5784B0x137c
0x55e8	0x55e7B0x579fB0x137c
0x55e8	0x55e7B0x5784B0x15e2
0x55e8	0x55e7B0x579fB0x15e2
0x55ed	0x55e7B0x5677
0x55ed	0x55e7B0x5784B0x137c
0x55ed	0x55e7B0x579fB0x137c
0x55ed	0x55e7B0x5784B0x15e2
0x55ed	0x55e7B0x579fB0x15e2
0x55f8	0x55f2
0x55f9	0x55f2
0x55fa	0x55f2
0x5604	0x5602
0x560a	0x5606
0x560b	0x5606
0x560d	0x5606
0x5616	0x5606
0x5618	0x5606
0x5619	0x5606
0x5629	0x5628
0x562d	0x5628
0x562e	0x5628
0x562f	0x5628
0x5630	0x5628
0x5632	0x5628
0x5633	0x5628
0x5637	0x5628
0x563d	0x563c
0x563e	0x563c
0x5642	0x563c
0x5647	0x563c
0x564f	0x563c
0x5658	0x5655
0x5660	0x5655
0x5669	0x5666
0x5671	0x5666
0x567a	0x5677
0x567f	0x5677
0x5684	0x5677
0x568c	0x5677
0x5695	0x5692
0x569d	0x5692
0x56a6	0x56a3
0x56a9	0x56a3
0x56aa	0x56a3
0x56ab	0x56a3
0x56ac	0x56a3
0x56ad	0x56a3
0x56ae	0x56a3
0x56b6	0x56b0
0x56b7	0x56b0
0x56c1	0x56bf
0x56c7	0x56c3
0x56c8	0x56c3
0x56d6	0x56cdB0x2449B0x137c
0x56d6	0x56cdB0x2632B0x137c
0x56d6	0x56cdB0x2449B0x15e2
0x56d6	0x56cdB0x2632B0x15e2
0x56d7	0x56cdB0x2449B0x137c
0x56d7	0x56cdB0x2632B0x137c
0x56d7	0x56cdB0x2449B0x15e2
0x56d7	0x56cdB0x2632B0x15e2
0x56d9	0x56cdB0x2449B0x137c
0x56d9	0x56cdB0x2632B0x137c
0x56d9	0x56cdB0x2449B0x15e2
0x56d9	0x56cdB0x2632B0x15e2
0x56dd	0x56cdB0x2449B0x137c
0x56dd	0x56cdB0x2632B0x137c
0x56dd	0x56cdB0x2449B0x15e2
0x56dd	0x56cdB0x2632B0x15e2
0x56df	0x56cdB0x2449B0x137c
0x56df	0x56cdB0x2632B0x137c
0x56df	0x56cdB0x2449B0x15e2
0x56df	0x56cdB0x2632B0x15e2
0x56e0	0x56cdB0x2449B0x137c
0x56e0	0x56cdB0x2632B0x137c
0x56e0	0x56cdB0x2449B0x15e2
0x56e0	0x56cdB0x2632B0x15e2
0x56e1	0x56cdB0x2449B0x137c
0x56e1	0x56cdB0x2632B0x137c
0x56e1	0x56cdB0x2449B0x15e2
0x56e1	0x56cdB0x2632B0x15e2
0x56e3	0x56cdB0x2449B0x137c
0x56e3	0x56cdB0x2632B0x137c
0x56e3	0x56cdB0x2449B0x15e2
0x56e3	0x56cdB0x2632B0x15e2
0x56e4	0x56cdB0x2449B0x137c
0x56e4	0x56cdB0x2632B0x137c
0x56e4	0x56cdB0x2449B0x15e2
0x56e4	0x56cdB0x2632B0x15e2
0x56e8	0x56cdB0x2449B0x137c
0x56e8	0x56cdB0x2632B0x137c
0x56e8	0x56cdB0x2449B0x15e2
0x56e8	0x56cdB0x2632B0x15e2
0x56eb	0x56cdB0x2449B0x137c
0x56eb	0x56cdB0x2632B0x137c
0x56eb	0x56cdB0x2449B0x15e2
0x56eb	0x56cdB0x2632B0x15e2
0x56ec	0x56cdB0x2449B0x137c
0x56ec	0x56cdB0x2632B0x137c
0x56ec	0x56cdB0x2449B0x15e2
0x56ec	0x56cdB0x2632B0x15e2
0x56f0	0x56cdB0x2449B0x137c
0x56f0	0x56cdB0x2632B0x137c
0x56f0	0x56cdB0x2449B0x15e2
0x56f0	0x56cdB0x2632B0x15e2
0x56f5	0x56cdB0x2449B0x137c
0x56f5	0x56cdB0x2632B0x137c
0x56f5	0x56cdB0x2449B0x15e2
0x56f5	0x56cdB0x2632B0x15e2
0x56fd	0x56cdB0x2449B0x137c
0x56fd	0x56cdB0x2632B0x137c
0x56fd	0x56cdB0x2449B0x15e2
0x56fd	0x56cdB0x2632B0x15e2
0x5700	0x56cdB0x2449B0x137c
0x5700	0x56cdB0x2632B0x137c
0x5700	0x56cdB0x2449B0x15e2
0x5700	0x56cdB0x2632B0x15e2
0x5701	0x56cdB0x2449B0x137c
0x5701	0x56cdB0x2632B0x137c
0x5701	0x56cdB0x2449B0x15e2
0x5701	0x56cdB0x2632B0x15e2
0x5705	0x56cdB0x2449B0x137c
0x5705	0x56cdB0x2632B0x137c
0x5705	0x56cdB0x2449B0x15e2
0x5705	0x56cdB0x2632B0x15e2
0x570b	0x56cdB0x2449B0x137c
0x570b	0x56cdB0x2632B0x137c
0x570b	0x56cdB0x2449B0x15e2
0x570b	0x56cdB0x2632B0x15e2
0x5712	0x570dB0x2959
0x5712	0x570dB0x3df00x3d0d
0x5712	0x570dB0x3df00x3e14
0x5712	0x570dB0x3df00x40e7
0x5712	0x570dB0x3df00x420a
0x5712	0x570dB0x24bcB0x137c
0x5712	0x570dB0x27f5B0x137c
0x5712	0x570dB0x24bcB0x15e2
0x5712	0x570dB0x27f5B0x15e2
0x5713	0x570dB0x2959
0x5713	0x570dB0x3df00x3d0d
0x5713	0x570dB0x3df00x3e14
0x5713	0x570dB0x3df00x40e7
0x5713	0x570dB0x3df00x420a
0x5713	0x570dB0x24bcB0x137c
0x5713	0x570dB0x27f5B0x137c
0x5713	0x570dB0x24bcB0x15e2
0x5713	0x570dB0x27f5B0x15e2
0x571d	0x571bB0x2959
0x571d	0x571bB0x3df00x3d0d
0x571d	0x571bB0x3df00x3e14
0x571d	0x571bB0x3df00x40e7
0x571d	0x571bB0x3df00x420a
0x571d	0x571bB0x24bcB0x137c
0x571d	0x571bB0x27f5B0x137c
0x571d	0x571bB0x24bcB0x15e2
0x571d	0x571bB0x27f5B0x15e2
0x5720	0x571fB0x2959
0x5720	0x571fB0x3df00x3d0d
0x5720	0x571fB0x3df00x3e14
0x5720	0x571fB0x3df00x40e7
0x5720	0x571fB0x3df00x420a
0x5720	0x571fB0x24bcB0x137c
0x5720	0x571fB0x27f5B0x137c
0x5720	0x571fB0x24bcB0x15e2
0x5720	0x571fB0x27f5B0x15e2
0x5722	0x571fB0x2959
0x5722	0x571fB0x3df00x3d0d
0x5722	0x571fB0x3df00x3e14
0x5722	0x571fB0x3df00x40e7
0x5722	0x571fB0x3df00x420a
0x5722	0x571fB0x24bcB0x137c
0x5722	0x571fB0x27f5B0x137c
0x5722	0x571fB0x24bcB0x15e2
0x5722	0x571fB0x27f5B0x15e2
0x5723	0x571fB0x2959
0x5723	0x571fB0x3df00x3d0d
0x5723	0x571fB0x3df00x3e14
0x5723	0x571fB0x3df00x40e7
0x5723	0x571fB0x3df00x420a
0x5723	0x571fB0x24bcB0x137c
0x5723	0x571fB0x27f5B0x137c
0x5723	0x571fB0x24bcB0x15e2
0x5723	0x571fB0x27f5B0x15e2
0x5724	0x571fB0x2959
0x5724	0x571fB0x3df00x3d0d
0x5724	0x571fB0x3df00x3e14
0x5724	0x571fB0x3df00x40e7
0x5724	0x571fB0x3df00x420a
0x5724	0x571fB0x24bcB0x137c
0x5724	0x571fB0x27f5B0x137c
0x5724	0x571fB0x24bcB0x15e2
0x5724	0x571fB0x27f5B0x15e2
0x572c	0x5726B0x137c
0x572c	0x5726B0x15e2
0x572d	0x5726B0x137c
0x572d	0x5726B0x15e2
0x5737	0x5735B0x137c
0x5737	0x5735B0x15e2
0x5745	0x5741B0x137c
0x5745	0x5741B0x15e2
0x574b	0x574aB0x137c
0x574b	0x574aB0x15e2
0x574f	0x574aB0x137c
0x574f	0x574aB0x15e2
0x5754	0x574aB0x137c
0x5754	0x574aB0x15e2
0x575c	0x574aB0x137c
0x575c	0x574aB0x15e2
0x5765	0x5762B0x137c
0x5765	0x5762B0x15e2
0x576d	0x5762B0x137c
0x576d	0x5762B0x15e2
0x5776	0x5773B0x137c
0x5776	0x5773B0x15e2
0x577e	0x5773B0x137c
0x577e	0x5773B0x15e2
0x5787	0x5784B0x137c
0x5787	0x5784B0x15e2
0x578c	0x5784B0x137c
0x578c	0x5784B0x15e2
0x5791	0x5784B0x137c
0x5791	0x5784B0x15e2
0x5799	0x5784B0x137c
0x5799	0x5784B0x15e2
0x57a2	0x579fB0x137c
0x57a2	0x579fB0x15e2
0x57aa	0x579fB0x137c
0x57aa	0x579fB0x15e2
0x57b3	0x57b0B0x137c
0x57b3	0x57b0B0x15e2
0x57bc	0x57b0B0x137c
0x57bc	0x57b0B0x15e2
0x57bd	0x57b0B0x137c
0x57bd	0x57b0B0x15e2
0x57c4	0x57c3B0x137c
0x57c4	0x57c3B0x15e2
0x57c5	0x57c3B0x137c
0x57c5	0x57c3B0x15e2
0x57c8	0x57c3B0x137c
0x57c8	0x57c3B0x15e2
0x57c9	0x57c3B0x137c
0x57c9	0x57c3B0x15e2
0x57ca	0x57c3B0x137c
0x57ca	0x57c3B0x15e2
0x57cb	0x57c3B0x137c
0x57cb	0x57c3B0x15e2
0x57cc	0x57c3B0x137c
0x57cc	0x57c3B0x15e2
0x57d3	0x57ceB0x232fB0x137c
0x57d3	0x57ceB0x232fB0x15e2
0x57d4	0x57ceB0x232fB0x137c
0x57d4	0x57ceB0x232fB0x15e2
0x57de	0x57dcB0x232fB0x137c
0x57de	0x57dcB0x232fB0x15e2
0x57e9	0x57e8B0x232fB0x137c
0x57e9	0x57e8B0x232fB0x15e2
0x57ee	0x57e8B0x232fB0x137c
0x57ee	0x57e8B0x232fB0x15e2
0x57f4	0x57f3B0x232fB0x137c
0x57f4	0x57f3B0x232fB0x15e2
0x57f8	0x57f3B0x232fB0x137c
0x57f8	0x57f3B0x232fB0x15e2
0x57fe	0x57f3B0x232fB0x137c
0x57fe	0x57f3B0x232fB0x15e2
0x5804	0x5803B0x232fB0x137c
0x5804	0x5803B0x232fB0x15e2
0x5807	0x5803B0x232fB0x137c
0x5807	0x5803B0x232fB0x15e2
0x580a	0x5803B0x232fB0x137c
0x580a	0x5803B0x232fB0x15e2
0x580d	0x5803B0x232fB0x137c
0x580d	0x5803B0x232fB0x15e2
0x5812	0x5803B0x232fB0x137c
0x5812	0x5803B0x232fB0x15e2
0x5817	0x5803B0x232fB0x137c
0x5817	0x5803B0x232fB0x15e2
0x581c	0x5803B0x232fB0x137c
0x581c	0x5803B0x232fB0x15e2
0x5821	0x5803B0x232fB0x137c
0x5821	0x5803B0x232fB0x15e2
0x5827	0x5803B0x232fB0x137c
0x5827	0x5803B0x232fB0x15e2
0x582f	0x582cB0x232fB0x137c
0x582f	0x582cB0x232fB0x15e2
0x5834	0x582cB0x232fB0x137c
0x5834	0x582cB0x232fB0x15e2
0x5835	0x582cB0x232fB0x137c
0x5835	0x582cB0x232fB0x15e2
0x5838	0x582cB0x232fB0x137c
0x5838	0x582cB0x232fB0x15e2
0x5839	0x582cB0x232fB0x137c
0x5839	0x582cB0x232fB0x15e2
0x583e	0x582cB0x232fB0x137c
0x583e	0x582cB0x232fB0x15e2
0x583f	0x582cB0x232fB0x137c
0x583f	0x582cB0x232fB0x15e2
0x5842	0x582cB0x232fB0x137c
0x5842	0x582cB0x232fB0x15e2
0x5843	0x582cB0x232fB0x137c
0x5843	0x582cB0x232fB0x15e2
0x5845	0x582cB0x232fB0x137c
0x5845	0x582cB0x232fB0x15e2
0x5846	0x582cB0x232fB0x137c
0x5846	0x582cB0x232fB0x15e2
0x5847	0x582cB0x232fB0x137c
0x5847	0x582cB0x232fB0x15e2
0x5849	0x582cB0x232fB0x137c
0x5849	0x582cB0x232fB0x15e2
0x584a	0x582cB0x232fB0x137c
0x584a	0x582cB0x232fB0x15e2
0x584b	0x582cB0x232fB0x137c
0x584b	0x582cB0x232fB0x15e2
0x584c	0x582cB0x232fB0x137c
0x584c	0x582cB0x232fB0x15e2
0x5853	0x584e
0x5854	0x584e
0x585e	0x585c
0x5869	0x5868
0x586e	0x5868
0x5874	0x5873
0x5878	0x5873
0x5879	0x5873
0x587c	0x5873
0x587d	0x5873
0x5882	0x5873
0x5888	0x5873
0x5890	0x588d
0x5895	0x588d
0x589b	0x588d
0x58a3	0x58a0
0x58a8	0x58a0
0x58ae	0x58a0
0x58b6	0x58b3
0x58bb	0x58b3
0x58c1	0x58b3
0x58c9	0x58c6
0x58ce	0x58c6
0x58d4	0x58c6
0x58dc	0x58d9
0x58df	0x58d9
0x58e0	0x58d9
0x58e1	0x58d9
0x58e2	0x58d9
0x58e3	0x58d9
0x58ee	0x58e5B0x3d88
0x58ee	0x58e5B0x2e2dB0x232fB0x137c
0x58ee	0x58e5B0x2e2dB0x232fB0x15e2
0x58ef	0x58e5B0x3d88
0x58ef	0x58e5B0x2e2dB0x232fB0x137c
0x58ef	0x58e5B0x2e2dB0x232fB0x15e2
0x58f1	0x58e5B0x3d88
0x58f1	0x58e5B0x2e2dB0x232fB0x137c
0x58f1	0x58e5B0x2e2dB0x232fB0x15e2
0x58f5	0x58e5B0x3d88
0x58f5	0x58e5B0x2e2dB0x232fB0x137c
0x58f5	0x58e5B0x2e2dB0x232fB0x15e2
0x58f7	0x58e5B0x3d88
0x58f7	0x58e5B0x2e2dB0x232fB0x137c
0x58f7	0x58e5B0x2e2dB0x232fB0x15e2
0x58f8	0x58e5B0x3d88
0x58f8	0x58e5B0x2e2dB0x232fB0x137c
0x58f8	0x58e5B0x2e2dB0x232fB0x15e2
0x58f9	0x58e5B0x3d88
0x58f9	0x58e5B0x2e2dB0x232fB0x137c
0x58f9	0x58e5B0x2e2dB0x232fB0x15e2
0x58fb	0x58e5B0x3d88
0x58fb	0x58e5B0x2e2dB0x232fB0x137c
0x58fb	0x58e5B0x2e2dB0x232fB0x15e2
0x58fc	0x58e5B0x3d88
0x58fc	0x58e5B0x2e2dB0x232fB0x137c
0x58fc	0x58e5B0x2e2dB0x232fB0x15e2
0x5900	0x58e5B0x3d88
0x5900	0x58e5B0x2e2dB0x232fB0x137c
0x5900	0x58e5B0x2e2dB0x232fB0x15e2
0x5903	0x58e5B0x3d88
0x5903	0x58e5B0x2e2dB0x232fB0x137c
0x5903	0x58e5B0x2e2dB0x232fB0x15e2
0x5904	0x58e5B0x3d88
0x5904	0x58e5B0x2e2dB0x232fB0x137c
0x5904	0x58e5B0x2e2dB0x232fB0x15e2
0x5908	0x58e5B0x3d88
0x5908	0x58e5B0x2e2dB0x232fB0x137c
0x5908	0x58e5B0x2e2dB0x232fB0x15e2
0x5913	0x58e5B0x3d88
0x5913	0x58e5B0x2e2dB0x232fB0x137c
0x5913	0x58e5B0x2e2dB0x232fB0x15e2
0x5914	0x58e5B0x3d88
0x5914	0x58e5B0x2e2dB0x232fB0x137c
0x5914	0x58e5B0x2e2dB0x232fB0x15e2
0x5918	0x58e5B0x3d88
0x5918	0x58e5B0x2e2dB0x232fB0x137c
0x5918	0x58e5B0x2e2dB0x232fB0x15e2
0x591e	0x58e5B0x3d88
0x591e	0x58e5B0x2e2dB0x232fB0x137c
0x591e	0x58e5B0x2e2dB0x232fB0x15e2
0x5925	0x5920B0x2f97B0x232fB0x137c
0x5925	0x5920B0x2f97B0x232fB0x15e2
0x5926	0x5920B0x2f97B0x232fB0x137c
0x5926	0x5920B0x2f97B0x232fB0x15e2
0x5930	0x592eB0x2f97B0x232fB0x137c
0x5930	0x592eB0x2f97B0x232fB0x15e2
0x5933	0x5932B0x2f97B0x232fB0x137c
0x5933	0x5932B0x2f97B0x232fB0x15e2
0x5938	0x5932B0x2f97B0x232fB0x137c
0x5938	0x5932B0x2f97B0x232fB0x15e2
0x5942	0x593dB0x232fB0x137c
0x5942	0x593dB0x232fB0x15e2
0x5943	0x593dB0x232fB0x137c
0x5943	0x593dB0x232fB0x15e2
0x594d	0x594bB0x232fB0x137c
0x594d	0x594bB0x232fB0x15e2
0x5955	0x594fB0x232fB0x137c
0x5955	0x594fB0x232fB0x15e2
0x5957	0x594fB0x232fB0x137c
0x5957	0x594fB0x232fB0x15e2
0x5958	0x594fB0x232fB0x137c
0x5958	0x594fB0x232fB0x15e2
0x5962	0x594fB0x232fB0x137c
0x5962	0x594fB0x232fB0x15e2
0x5975	0x5971B0x232fB0x137c
0x5975	0x5971B0x232fB0x15e2
0x597a	0x5971B0x232fB0x137c
0x597a	0x5971B0x232fB0x15e2
0x5980	0x597fB0x232fB0x137c
0x5980	0x597fB0x232fB0x15e2
0x5984	0x597fB0x232fB0x137c
0x5984	0x597fB0x232fB0x15e2
0x5985	0x597fB0x232fB0x137c
0x5985	0x597fB0x232fB0x15e2
0x5988	0x597fB0x232fB0x137c
0x5988	0x597fB0x232fB0x15e2
0x5989	0x597fB0x232fB0x137c
0x5989	0x597fB0x232fB0x15e2
0x598e	0x597fB0x232fB0x137c
0x598e	0x597fB0x232fB0x15e2
0x5994	0x597fB0x232fB0x137c
0x5994	0x597fB0x232fB0x15e2
0x599c	0x5999B0x232fB0x137c
0x599c	0x5999B0x232fB0x15e2
0x59a1	0x5999B0x232fB0x137c
0x59a1	0x5999B0x232fB0x15e2
0x59a7	0x5999B0x232fB0x137c
0x59a7	0x5999B0x232fB0x15e2
0x59af	0x59acB0x232fB0x137c
0x59af	0x59acB0x232fB0x15e2
0x59b2	0x59acB0x232fB0x137c
0x59b2	0x59acB0x232fB0x15e2
0x59b3	0x59acB0x232fB0x137c
0x59b3	0x59acB0x232fB0x15e2
0x59b4	0x59acB0x232fB0x137c
0x59b4	0x59acB0x232fB0x15e2
0x59b5	0x59acB0x232fB0x137c
0x59b5	0x59acB0x232fB0x15e2
0x59b6	0x59acB0x232fB0x137c
0x59b6	0x59acB0x232fB0x15e2
0x59bd	0x59b8B0x232fB0x137c
0x59bd	0x59b8B0x232fB0x15e2
0x59be	0x59b8B0x232fB0x137c
0x59be	0x59b8B0x232fB0x15e2
0x59c8	0x59c6B0x232fB0x137c
0x59c8	0x59c6B0x232fB0x15e2
0x59d0	0x59caB0x232fB0x137c
0x59d0	0x59caB0x232fB0x15e2
0x59d2	0x59caB0x232fB0x137c
0x59d2	0x59caB0x232fB0x15e2
0x59d3	0x59caB0x232fB0x137c
0x59d3	0x59caB0x232fB0x15e2
0x59dd	0x59caB0x232fB0x137c
0x59dd	0x59caB0x232fB0x15e2
0x59f0	0x59ecB0x232fB0x137c
0x59f0	0x59ecB0x232fB0x15e2
0x59f2	0x59ecB0x232fB0x137c
0x59f2	0x59ecB0x232fB0x15e2
0x59f6	0x59ecB0x232fB0x137c
0x59f6	0x59ecB0x232fB0x15e2
0x59fc	0x59ecB0x232fB0x137c
0x59fc	0x59ecB0x232fB0x15e2
0x5a04	0x5a01B0x232fB0x137c
0x5a04	0x5a01B0x232fB0x15e2
0x5a07	0x5a01B0x232fB0x137c
0x5a07	0x5a01B0x232fB0x15e2
0x5a08	0x5a01B0x232fB0x137c
0x5a08	0x5a01B0x232fB0x15e2
0x5a09	0x5a01B0x232fB0x137c
0x5a09	0x5a01B0x232fB0x15e2
0x5a0a	0x5a01B0x232fB0x137c
0x5a0a	0x5a01B0x232fB0x15e2
0x5a0b	0x5a01B0x232fB0x137c
0x5a0b	0x5a01B0x232fB0x15e2
0x5a16	0x5a0dB0x3c2a
0x5a16	0x5a0dB0x3e8f
0x5a16	0x5a0dB0x41c7
0x5a16	0x5a0dB0x436f
0x5a17	0x5a0dB0x3c2a
0x5a17	0x5a0dB0x3e8f
0x5a17	0x5a0dB0x41c7
0x5a17	0x5a0dB0x436f
0x5a19	0x5a0dB0x3c2a
0x5a19	0x5a0dB0x3e8f
0x5a19	0x5a0dB0x41c7
0x5a19	0x5a0dB0x436f
0x5a1d	0x5a0dB0x3c2a
0x5a1d	0x5a0dB0x3e8f
0x5a1d	0x5a0dB0x41c7
0x5a1d	0x5a0dB0x436f
0x5a1f	0x5a0dB0x3c2a
0x5a1f	0x5a0dB0x3e8f
0x5a1f	0x5a0dB0x41c7
0x5a1f	0x5a0dB0x436f
0x5a20	0x5a0dB0x3c2a
0x5a20	0x5a0dB0x3e8f
0x5a20	0x5a0dB0x41c7
0x5a20	0x5a0dB0x436f
0x5a21	0x5a0dB0x3c2a
0x5a21	0x5a0dB0x3e8f
0x5a21	0x5a0dB0x41c7
0x5a21	0x5a0dB0x436f
0x5a23	0x5a0dB0x3c2a
0x5a23	0x5a0dB0x3e8f
0x5a23	0x5a0dB0x41c7
0x5a23	0x5a0dB0x436f
0x5a24	0x5a0dB0x3c2a
0x5a24	0x5a0dB0x3e8f
0x5a24	0x5a0dB0x41c7
0x5a24	0x5a0dB0x436f
0x5a28	0x5a0dB0x3c2a
0x5a28	0x5a0dB0x3e8f
0x5a28	0x5a0dB0x41c7
0x5a28	0x5a0dB0x436f
0x5a2b	0x5a0dB0x3c2a
0x5a2b	0x5a0dB0x3e8f
0x5a2b	0x5a0dB0x41c7
0x5a2b	0x5a0dB0x436f
0x5a2c	0x5a0dB0x3c2a
0x5a2c	0x5a0dB0x3e8f
0x5a2c	0x5a0dB0x41c7
0x5a2c	0x5a0dB0x436f
0x5a30	0x5a0dB0x3c2a
0x5a30	0x5a0dB0x3e8f
0x5a30	0x5a0dB0x41c7
0x5a30	0x5a0dB0x436f
0x5a36	0x5a0dB0x3c2a
0x5a36	0x5a0dB0x3e8f
0x5a36	0x5a0dB0x41c7
0x5a36	0x5a0dB0x436f
0x5a3d	0x5a38B0x46dcB0x464aB0x381f
0x5a3d	0x5a38B0x46dcB0x3ca2B0x3c13
0x5a3d	0x5a38B0x46dcB0x3ca2B0x382e
0x5a3d	0x5a38B0x46dcB0x3ca2B0x2dfdB0x232fB0x137c
0x5a3d	0x5a38B0x46dcB0x3ca2B0x3eeaB0x232fB0x137c
0x5a3d	0x5a38B0x46dcB0x464aB0x40c3B0x232fB0x137c
0x5a3d	0x5a38B0x46dcB0x3ca2B0x2dfdB0x232fB0x15e2
0x5a3d	0x5a38B0x46dcB0x3ca2B0x3eeaB0x232fB0x15e2
0x5a3d	0x5a38B0x46dcB0x464aB0x40c3B0x232fB0x15e2
0x5a3e	0x5a38B0x46dcB0x464aB0x381f
0x5a3e	0x5a38B0x46dcB0x3ca2B0x3c13
0x5a3e	0x5a38B0x46dcB0x3ca2B0x382e
0x5a3e	0x5a38B0x46dcB0x3ca2B0x2dfdB0x232fB0x137c
0x5a3e	0x5a38B0x46dcB0x3ca2B0x3eeaB0x232fB0x137c
0x5a3e	0x5a38B0x46dcB0x464aB0x40c3B0x232fB0x137c
0x5a3e	0x5a38B0x46dcB0x3ca2B0x2dfdB0x232fB0x15e2
0x5a3e	0x5a38B0x46dcB0x3ca2B0x3eeaB0x232fB0x15e2
0x5a3e	0x5a38B0x46dcB0x464aB0x40c3B0x232fB0x15e2
0x5a48	0x5a46B0x46dcB0x464aB0x381f
0x5a48	0x5a46B0x46dcB0x3ca2B0x3c13
0x5a48	0x5a46B0x46dcB0x3ca2B0x382e
0x5a48	0x5a46B0x46dcB0x3ca2B0x2dfdB0x232fB0x137c
0x5a48	0x5a46B0x46dcB0x3ca2B0x3eeaB0x232fB0x137c
0x5a48	0x5a46B0x46dcB0x464aB0x40c3B0x232fB0x137c
0x5a48	0x5a46B0x46dcB0x3ca2B0x2dfdB0x232fB0x15e2
0x5a48	0x5a46B0x46dcB0x3ca2B0x3eeaB0x232fB0x15e2
0x5a48	0x5a46B0x46dcB0x464aB0x40c3B0x232fB0x15e2
0x5a4b	0x5a4aB0x46dcB0x464aB0x381f
0x5a4b	0x5a4aB0x46dcB0x3ca2B0x3c13
0x5a4b	0x5a4aB0x46dcB0x3ca2B0x382e
0x5a4b	0x5a4aB0x46dcB0x3ca2B0x2dfdB0x232fB0x137c
0x5a4b	0x5a4aB0x46dcB0x3ca2B0x3eeaB0x232fB0x137c
0x5a4b	0x5a4aB0x46dcB0x464aB0x40c3B0x232fB0x137c
0x5a4b	0x5a4aB0x46dcB0x3ca2B0x2dfdB0x232fB0x15e2
0x5a4b	0x5a4aB0x46dcB0x3ca2B0x3eeaB0x232fB0x15e2
0x5a4b	0x5a4aB0x46dcB0x464aB0x40c3B0x232fB0x15e2
0x5a50	0x5a4aB0x46dcB0x464aB0x381f
0x5a50	0x5a4aB0x46dcB0x3ca2B0x3c13
0x5a50	0x5a4aB0x46dcB0x3ca2B0x382e
0x5a50	0x5a4aB0x46dcB0x3ca2B0x2dfdB0x232fB0x137c
0x5a50	0x5a4aB0x46dcB0x3ca2B0x3eeaB0x232fB0x137c
0x5a50	0x5a4aB0x46dcB0x464aB0x40c3B0x232fB0x137c
0x5a50	0x5a4aB0x46dcB0x3ca2B0x2dfdB0x232fB0x15e2
0x5a50	0x5a4aB0x46dcB0x3ca2B0x3eeaB0x232fB0x15e2
0x5a50	0x5a4aB0x46dcB0x464aB0x40c3B0x232fB0x15e2
0x5a58	0x5a55B0x467aB0x464aB0x381f
0x5a58	0x5a55B0x467aB0x3ca2B0x3c13
0x5a58	0x5a55B0x467aB0x3ca2B0x382e
0x5a58	0x5a55B0x467aB0x3ca2B0x2dfdB0x232fB0x137c
0x5a58	0x5a55B0x467aB0x3ca2B0x3eeaB0x232fB0x137c
0x5a58	0x5a55B0x467aB0x464aB0x40c3B0x232fB0x137c
0x5a58	0x5a55B0x467aB0x3ca2B0x2dfdB0x232fB0x15e2
0x5a58	0x5a55B0x467aB0x3ca2B0x3eeaB0x232fB0x15e2
0x5a58	0x5a55B0x467aB0x464aB0x40c3B0x232fB0x15e2
0x5a5d	0x5a55B0x467aB0x464aB0x381f
0x5a5d	0x5a55B0x467aB0x3ca2B0x3c13
0x5a5d	0x5a55B0x467aB0x3ca2B0x382e
0x5a5d	0x5a55B0x467aB0x3ca2B0x2dfdB0x232fB0x137c
0x5a5d	0x5a55B0x467aB0x3ca2B0x3eeaB0x232fB0x137c
0x5a5d	0x5a55B0x467aB0x464aB0x40c3B0x232fB0x137c
0x5a5d	0x5a55B0x467aB0x3ca2B0x2dfdB0x232fB0x15e2
0x5a5d	0x5a55B0x467aB0x3ca2B0x3eeaB0x232fB0x15e2
0x5a5d	0x5a55B0x467aB0x464aB0x40c3B0x232fB0x15e2
0x5a5e	0x5a55B0x467aB0x464aB0x381f
0x5a5e	0x5a55B0x467aB0x3ca2B0x3c13
0x5a5e	0x5a55B0x467aB0x3ca2B0x382e
0x5a5e	0x5a55B0x467aB0x3ca2B0x2dfdB0x232fB0x137c
0x5a5e	0x5a55B0x467aB0x3ca2B0x3eeaB0x232fB0x137c
0x5a5e	0x5a55B0x467aB0x464aB0x40c3B0x232fB0x137c
0x5a5e	0x5a55B0x467aB0x3ca2B0x2dfdB0x232fB0x15e2
0x5a5e	0x5a55B0x467aB0x3ca2B0x3eeaB0x232fB0x15e2
0x5a5e	0x5a55B0x467aB0x464aB0x40c3B0x232fB0x15e2
0x5a61	0x5a55B0x467aB0x464aB0x381f
0x5a61	0x5a55B0x467aB0x3ca2B0x3c13
0x5a61	0x5a55B0x467aB0x3ca2B0x382e
0x5a61	0x5a55B0x467aB0x3ca2B0x2dfdB0x232fB0x137c
0x5a61	0x5a55B0x467aB0x3ca2B0x3eeaB0x232fB0x137c
0x5a61	0x5a55B0x467aB0x464aB0x40c3B0x232fB0x137c
0x5a61	0x5a55B0x467aB0x3ca2B0x2dfdB0x232fB0x15e2
0x5a61	0x5a55B0x467aB0x3ca2B0x3eeaB0x232fB0x15e2
0x5a61	0x5a55B0x467aB0x464aB0x40c3B0x232fB0x15e2
0x5a68	0x5a67B0x467aB0x464aB0x381f
0x5a68	0x5a67B0x467aB0x3ca2B0x3c13
0x5a68	0x5a67B0x467aB0x3ca2B0x382e
0x5a68	0x5a67B0x467aB0x3ca2B0x2dfdB0x232fB0x137c
0x5a68	0x5a67B0x467aB0x3ca2B0x3eeaB0x232fB0x137c
0x5a68	0x5a67B0x467aB0x464aB0x40c3B0x232fB0x137c
0x5a68	0x5a67B0x467aB0x3ca2B0x2dfdB0x232fB0x15e2
0x5a68	0x5a67B0x467aB0x3ca2B0x3eeaB0x232fB0x15e2
0x5a68	0x5a67B0x467aB0x464aB0x40c3B0x232fB0x15e2
0x5a69	0x5a67B0x467aB0x464aB0x381f
0x5a69	0x5a67B0x467aB0x3ca2B0x3c13
0x5a69	0x5a67B0x467aB0x3ca2B0x382e
0x5a69	0x5a67B0x467aB0x3ca2B0x2dfdB0x232fB0x137c
0x5a69	0x5a67B0x467aB0x3ca2B0x3eeaB0x232fB0x137c
0x5a69	0x5a67B0x467aB0x464aB0x40c3B0x232fB0x137c
0x5a69	0x5a67B0x467aB0x3ca2B0x2dfdB0x232fB0x15e2
0x5a69	0x5a67B0x467aB0x3ca2B0x3eeaB0x232fB0x15e2
0x5a69	0x5a67B0x467aB0x464aB0x40c3B0x232fB0x15e2
0x5a6a	0x5a67B0x467aB0x464aB0x381f
0x5a6a	0x5a67B0x467aB0x3ca2B0x3c13
0x5a6a	0x5a67B0x467aB0x3ca2B0x382e
0x5a6a	0x5a67B0x467aB0x3ca2B0x2dfdB0x232fB0x137c
0x5a6a	0x5a67B0x467aB0x3ca2B0x3eeaB0x232fB0x137c
0x5a6a	0x5a67B0x467aB0x464aB0x40c3B0x232fB0x137c
0x5a6a	0x5a67B0x467aB0x3ca2B0x2dfdB0x232fB0x15e2
0x5a6a	0x5a67B0x467aB0x3ca2B0x3eeaB0x232fB0x15e2
0x5a6a	0x5a67B0x467aB0x464aB0x40c3B0x232fB0x15e2
0x5a6c	0x5a67B0x467aB0x464aB0x381f
0x5a6c	0x5a67B0x467aB0x3ca2B0x3c13
0x5a6c	0x5a67B0x467aB0x3ca2B0x382e
0x5a6c	0x5a67B0x467aB0x3ca2B0x2dfdB0x232fB0x137c
0x5a6c	0x5a67B0x467aB0x3ca2B0x3eeaB0x232fB0x137c
0x5a6c	0x5a67B0x467aB0x464aB0x40c3B0x232fB0x137c
0x5a6c	0x5a67B0x467aB0x3ca2B0x2dfdB0x232fB0x15e2
0x5a6c	0x5a67B0x467aB0x3ca2B0x3eeaB0x232fB0x15e2
0x5a6c	0x5a67B0x467aB0x464aB0x40c3B0x232fB0x15e2
0x5a6d	0x5a67B0x467aB0x464aB0x381f
0x5a6d	0x5a67B0x467aB0x3ca2B0x3c13
0x5a6d	0x5a67B0x467aB0x3ca2B0x382e
0x5a6d	0x5a67B0x467aB0x3ca2B0x2dfdB0x232fB0x137c
0x5a6d	0x5a67B0x467aB0x3ca2B0x3eeaB0x232fB0x137c
0x5a6d	0x5a67B0x467aB0x464aB0x40c3B0x232fB0x137c
0x5a6d	0x5a67B0x467aB0x3ca2B0x2dfdB0x232fB0x15e2
0x5a6d	0x5a67B0x467aB0x3ca2B0x3eeaB0x232fB0x15e2
0x5a6d	0x5a67B0x467aB0x464aB0x40c3B0x232fB0x15e2
0x5a6e	0x5a67B0x467aB0x464aB0x381f
0x5a6e	0x5a67B0x467aB0x3ca2B0x3c13
0x5a6e	0x5a67B0x467aB0x3ca2B0x382e
0x5a6e	0x5a67B0x467aB0x3ca2B0x2dfdB0x232fB0x137c
0x5a6e	0x5a67B0x467aB0x3ca2B0x3eeaB0x232fB0x137c
0x5a6e	0x5a67B0x467aB0x464aB0x40c3B0x232fB0x137c
0x5a6e	0x5a67B0x467aB0x3ca2B0x2dfdB0x232fB0x15e2
0x5a6e	0x5a67B0x467aB0x3ca2B0x3eeaB0x232fB0x15e2
0x5a6e	0x5a67B0x467aB0x464aB0x40c3B0x232fB0x15e2
0x5a6f	0x5a67B0x467aB0x464aB0x381f
0x5a6f	0x5a67B0x467aB0x3ca2B0x3c13
0x5a6f	0x5a67B0x467aB0x3ca2B0x382e
0x5a6f	0x5a67B0x467aB0x3ca2B0x2dfdB0x232fB0x137c
0x5a6f	0x5a67B0x467aB0x3ca2B0x3eeaB0x232fB0x137c
0x5a6f	0x5a67B0x467aB0x464aB0x40c3B0x232fB0x137c
0x5a6f	0x5a67B0x467aB0x3ca2B0x2dfdB0x232fB0x15e2
0x5a6f	0x5a67B0x467aB0x3ca2B0x3eeaB0x232fB0x15e2
0x5a6f	0x5a67B0x467aB0x464aB0x40c3B0x232fB0x15e2
0xb570	0xb56c
0xb571	0xb56c
0xb573	0xb56c
0xb66c	0xb668
0xb66d	0xb668
0xb66f	0xb668
0xb694	0xb690
0xb695	0xb690
0xb697	0xb690
0xb6bc	0xb6b8
0xb6bd	0xb6b8
0xb6bf	0xb6b8
0xb6e4	0xb6e0
0xb6e5	0xb6e0
0xb6e7	0xb6e0
0xb70c	0xb708
0xb70d	0xb708
0xb70f	0xb708
0xb734	0xb730
0xb735	0xb730
0xb737	0xb730
0xb75c	0xb758
0xb75d	0xb758
0xb75f	0xb758
0xb784	0xb780
0xb785	0xb780
0xb787	0xb780
0xb7ac	0xb7a8B0x11ceB0x2a6
0xb7ad	0xb7a8B0x11ceB0x2a6
0xb7af	0xb7a8B0x11ceB0x2a6
0xb7d4	0xb7d0B0x123d
0xb7d5	0xb7d0B0x123d
0xb7d7	0xb7d0B0x123d
0xb9a4	0xb9a0B0x13e5
0xb9a4	0xb9a0B0x1852B0x137c
0xb9a4	0xb9a0B0x1852B0x15e2
0xb9a5	0xb9a0B0x13e5
0xb9a5	0xb9a0B0x1852B0x137c
0xb9a5	0xb9a0B0x1852B0x15e2
0xb9a7	0xb9a0B0x13e5
0xb9a7	0xb9a0B0x1852B0x137c
0xb9a7	0xb9a0B0x1852B0x15e2
0xba6b	0xba67B0x15c7
0xba6c	0xba67B0x15c7
0xba6e	0xba67B0x15c7
0xba93	0xba8fB0x15c7
0xba94	0xba8fB0x15c7
0xba96	0xba8fB0x15c7
0xbabb	0xbab7
0xbabc	0xbab7
0xbabe	0xbab7
0xbae3	0xbadf
0xbae4	0xbadf
0xbae6	0xbadf
0xbc14	0xbc10
0xbc15	0xbc10
0xbc17	0xbc10
0xbcdb	0xbcd7B0x137c
0xbcdb	0xbcd7B0x15e2
0xbcdc	0xbcd7B0x137c
0xbcdc	0xbcd7B0x15e2
0xbcde	0xbcd7B0x137c
0xbcde	0xbcd7B0x15e2
0xbd03	0xbcffB0x137c
0xbd03	0xbcffB0x15e2
0xbd04	0xbcffB0x137c
0xbd04	0xbcffB0x15e2
0xbd06	0xbcffB0x137c
0xbd06	0xbcffB0x15e2
0xbd60	0xbd5cB0x232fB0x137c
0xbd60	0xbd5cB0x232fB0x15e2
0xbd61	0xbd5cB0x232fB0x137c
0xbd61	0xbd5cB0x232fB0x15e2
0xbd63	0xbd5cB0x232fB0x137c
0xbd63	0xbd5cB0x232fB0x15e2
0xbdbd	0xbdb9B0x232fB0x137c
0xbdbd	0xbdb9B0x232fB0x15e2
0xbdbe	0xbdb9B0x232fB0x137c
0xbdbe	0xbdb9B0x232fB0x15e2
0xbdc0	0xbdb9B0x232fB0x137c
0xbdc0	0xbdb9B0x232fB0x15e2
0xbde5	0xbde1B0x232fB0x137c
0xbde5	0xbde1B0x232fB0x15e2
0xbde6	0xbde1B0x232fB0x137c
0xbde6	0xbde1B0x232fB0x15e2
0xbde8	0xbde1B0x232fB0x137c
0xbde8	0xbde1B0x232fB0x15e2
0xbe0d	0xbe09
0xbe0e	0xbe09
0xbe10	0xbe09
0xbe35	0xbe31B0x23d7B0x137c
0xbe35	0xbe31B0x25c0B0x137c
0xbe35	0xbe31B0x26daB0x137c
0xbe35	0xbe31B0x2c4aB0x232fB0x137c
0xbe35	0xbe31B0x320eB0x232fB0x137c
0xbe35	0xbe31B0x23d7B0x15e2
0xbe35	0xbe31B0x25c0B0x15e2
0xbe35	0xbe31B0x26daB0x15e2
0xbe35	0xbe31B0x2c4aB0x232fB0x15e2
0xbe35	0xbe31B0x320eB0x232fB0x15e2
0xbe36	0xbe31B0x23d7B0x137c
0xbe36	0xbe31B0x25c0B0x137c
0xbe36	0xbe31B0x26daB0x137c
0xbe36	0xbe31B0x2c4aB0x232fB0x137c
0xbe36	0xbe31B0x320eB0x232fB0x137c
0xbe36	0xbe31B0x23d7B0x15e2
0xbe36	0xbe31B0x25c0B0x15e2
0xbe36	0xbe31B0x26daB0x15e2
0xbe36	0xbe31B0x2c4aB0x232fB0x15e2
0xbe36	0xbe31B0x320eB0x232fB0x15e2
0xbe38	0xbe31B0x23d7B0x137c
0xbe38	0xbe31B0x25c0B0x137c
0xbe38	0xbe31B0x26daB0x137c
0xbe38	0xbe31B0x2c4aB0x232fB0x137c
0xbe38	0xbe31B0x320eB0x232fB0x137c
0xbe38	0xbe31B0x23d7B0x15e2
0xbe38	0xbe31B0x25c0B0x15e2
0xbe38	0xbe31B0x26daB0x15e2
0xbe38	0xbe31B0x2c4aB0x232fB0x15e2
0xbe38	0xbe31B0x320eB0x232fB0x15e2
0xbe5d	0xbe59B0x23d7B0x137c
0xbe5d	0xbe59B0x25c0B0x137c
0xbe5d	0xbe59B0x26daB0x137c
0xbe5d	0xbe59B0x2c4aB0x232fB0x137c
0xbe5d	0xbe59B0x320eB0x232fB0x137c
0xbe5d	0xbe59B0x23d7B0x15e2
0xbe5d	0xbe59B0x25c0B0x15e2
0xbe5d	0xbe59B0x26daB0x15e2
0xbe5d	0xbe59B0x2c4aB0x232fB0x15e2
0xbe5d	0xbe59B0x320eB0x232fB0x15e2
0xbe5e	0xbe59B0x23d7B0x137c
0xbe5e	0xbe59B0x25c0B0x137c
0xbe5e	0xbe59B0x26daB0x137c
0xbe5e	0xbe59B0x2c4aB0x232fB0x137c
0xbe5e	0xbe59B0x320eB0x232fB0x137c
0xbe5e	0xbe59B0x23d7B0x15e2
0xbe5e	0xbe59B0x25c0B0x15e2
0xbe5e	0xbe59B0x26daB0x15e2
0xbe5e	0xbe59B0x2c4aB0x232fB0x15e2
0xbe5e	0xbe59B0x320eB0x232fB0x15e2
0xbe60	0xbe59B0x23d7B0x137c
0xbe60	0xbe59B0x25c0B0x137c
0xbe60	0xbe59B0x26daB0x137c
0xbe60	0xbe59B0x2c4aB0x232fB0x137c
0xbe60	0xbe59B0x320eB0x232fB0x137c
0xbe60	0xbe59B0x23d7B0x15e2
0xbe60	0xbe59B0x25c0B0x15e2
0xbe60	0xbe59B0x26daB0x15e2
0xbe60	0xbe59B0x2c4aB0x232fB0x15e2
0xbe60	0xbe59B0x320eB0x232fB0x15e2
0xbeef	0xbeebB0x2a6bB0x1e6bB0x15c7
0xbef0	0xbeebB0x2a6bB0x1e6bB0x15c7
0xbef2	0xbeebB0x2a6bB0x1e6bB0x15c7
0xbf4c	0xbf48B0x2a6bB0x1e6bB0x15c7
0xbf4d	0xbf48B0x2a6bB0x1e6bB0x15c7
0xbf4f	0xbf48B0x2a6bB0x1e6bB0x15c7
0xbfa9	0xbfa5B0x2a6bB0x1e6bB0x15c7
0xbfaa	0xbfa5B0x2a6bB0x1e6bB0x15c7
0xbfac	0xbfa5B0x2a6bB0x1e6bB0x15c7
0xbfd1	0xbfcdB0x232fB0x137c
0xbfd1	0xbfcdB0x232fB0x15e2
0xbfd2	0xbfcdB0x232fB0x137c
0xbfd2	0xbfcdB0x232fB0x15e2
0xbfd4	0xbfcdB0x232fB0x137c
0xbfd4	0xbfcdB0x232fB0x15e2
0xbff9	0xbff5B0x232fB0x137c
0xbff9	0xbff5B0x232fB0x15e2
0xbffa	0xbff5B0x232fB0x137c
0xbffa	0xbff5B0x232fB0x15e2
0xbffc	0xbff5B0x232fB0x137c
0xbffc	0xbff5B0x232fB0x15e2
0xc021	0xc01d
0xc022	0xc01d
0xc024	0xc01d
0xc049	0xc045
0xc04a	0xc045
0xc04c	0xc045
0xc071	0xc06dB0x36ee
0xc072	0xc06dB0x36ee
0xc074	0xc06dB0x36ee
0xc099	0xc095B0x36ee
0xc09a	0xc095B0x36ee
0xc09c	0xc095B0x36ee
0xc0c1	0xc0bdB0x464aB0x381f
0xc0c1	0xc0bdB0x3ca2B0x3c13
0xc0c1	0xc0bdB0x3ca2B0x382e
0xc0c1	0xc0bdB0x3ca2B0x2dfdB0x232fB0x137c
0xc0c1	0xc0bdB0x3ca2B0x3eeaB0x232fB0x137c
0xc0c1	0xc0bdB0x464aB0x40c3B0x232fB0x137c
0xc0c1	0xc0bdB0x3ca2B0x2dfdB0x232fB0x15e2
0xc0c1	0xc0bdB0x3ca2B0x3eeaB0x232fB0x15e2
0xc0c1	0xc0bdB0x464aB0x40c3B0x232fB0x15e2
0xc0c2	0xc0bdB0x464aB0x381f
0xc0c2	0xc0bdB0x3ca2B0x3c13
0xc0c2	0xc0bdB0x3ca2B0x382e
0xc0c2	0xc0bdB0x3ca2B0x2dfdB0x232fB0x137c
0xc0c2	0xc0bdB0x3ca2B0x3eeaB0x232fB0x137c
0xc0c2	0xc0bdB0x464aB0x40c3B0x232fB0x137c
0xc0c2	0xc0bdB0x3ca2B0x2dfdB0x232fB0x15e2
0xc0c2	0xc0bdB0x3ca2B0x3eeaB0x232fB0x15e2
0xc0c2	0xc0bdB0x464aB0x40c3B0x232fB0x15e2
0xc0c4	0xc0bdB0x464aB0x381f
0xc0c4	0xc0bdB0x3ca2B0x3c13
0xc0c4	0xc0bdB0x3ca2B0x382e
0xc0c4	0xc0bdB0x3ca2B0x2dfdB0x232fB0x137c
0xc0c4	0xc0bdB0x3ca2B0x3eeaB0x232fB0x137c
0xc0c4	0xc0bdB0x464aB0x40c3B0x232fB0x137c
0xc0c4	0xc0bdB0x3ca2B0x2dfdB0x232fB0x15e2
0xc0c4	0xc0bdB0x3ca2B0x3eeaB0x232fB0x15e2
0xc0c4	0xc0bdB0x464aB0x40c3B0x232fB0x15e2
0xc0e9	0xc0e5B0x47b8B0x467aB0x464aB0x381f
0xc0e9	0xc0e5B0x47b8B0x467aB0x3ca2B0x3c13
0xc0e9	0xc0e5B0x47b8B0x467aB0x3ca2B0x382e
0xc0e9	0xc0e5B0x47b8B0x467aB0x3ca2B0x2dfdB0x232fB0x137c
0xc0e9	0xc0e5B0x47b8B0x467aB0x3ca2B0x3eeaB0x232fB0x137c
0xc0e9	0xc0e5B0x47b8B0x467aB0x464aB0x40c3B0x232fB0x137c
0xc0e9	0xc0e5B0x47b8B0x467aB0x3ca2B0x2dfdB0x232fB0x15e2
0xc0e9	0xc0e5B0x47b8B0x467aB0x3ca2B0x3eeaB0x232fB0x15e2
0xc0e9	0xc0e5B0x47b8B0x467aB0x464aB0x40c3B0x232fB0x15e2
0xc0ea	0xc0e5B0x47b8B0x467aB0x464aB0x381f
0xc0ea	0xc0e5B0x47b8B0x467aB0x3ca2B0x3c13
0xc0ea	0xc0e5B0x47b8B0x467aB0x3ca2B0x382e
0xc0ea	0xc0e5B0x47b8B0x467aB0x3ca2B0x2dfdB0x232fB0x137c
0xc0ea	0xc0e5B0x47b8B0x467aB0x3ca2B0x3eeaB0x232fB0x137c
0xc0ea	0xc0e5B0x47b8B0x467aB0x464aB0x40c3B0x232fB0x137c
0xc0ea	0xc0e5B0x47b8B0x467aB0x3ca2B0x2dfdB0x232fB0x15e2
0xc0ea	0xc0e5B0x47b8B0x467aB0x3ca2B0x3eeaB0x232fB0x15e2
0xc0ea	0xc0e5B0x47b8B0x467aB0x464aB0x40c3B0x232fB0x15e2
0xc0ec	0xc0e5B0x47b8B0x467aB0x464aB0x381f
0xc0ec	0xc0e5B0x47b8B0x467aB0x3ca2B0x3c13
0xc0ec	0xc0e5B0x47b8B0x467aB0x3ca2B0x382e
0xc0ec	0xc0e5B0x47b8B0x467aB0x3ca2B0x2dfdB0x232fB0x137c
0xc0ec	0xc0e5B0x47b8B0x467aB0x3ca2B0x3eeaB0x232fB0x137c
0xc0ec	0xc0e5B0x47b8B0x467aB0x464aB0x40c3B0x232fB0x137c
0xc0ec	0xc0e5B0x47b8B0x467aB0x3ca2B0x2dfdB0x232fB0x15e2
0xc0ec	0xc0e5B0x47b8B0x467aB0x3ca2B0x3eeaB0x232fB0x15e2
0xc0ec	0xc0e5B0x47b8B0x467aB0x464aB0x40c3B0x232fB0x15e2
0x1ce30	0x9560x8fbB0x3fd
0x1ce30	0x9560xc07B0x5e7
0x1d830	0x9780x8fbB0x3fd
0x1d830	0x9780xc07B0x5e7
0x1ce50	0x9560x8fbB0x3fd
0x1ce50	0x9560xc07B0x5e7
0x1d850	0x9780x8fbB0x3fd
0x1d850	0x9780xc07B0x5e7
0x35430	0x37980x36ee
0x35430	0x37980x43b4B0x36ee
0x35450	0x37980x36ee
0x35450	0x37980x43b4B0x36ee
0x84cc4	0x84cc0
0x84cc7	0x84cc0
0x9d2e7	0x9d2db
0x9d2e8	0x9d2db
0x9d2ea	0x9d2db
0x9d33e	0x9d33a
0x9d33f	0x9d33a
0x9d393	0x9d38f
0x9d394	0x9d38f
0x9d3c0	0x9d3bc
0x9d3c1	0x9d3bc
0x9d3ed	0x9d3e9
0x9d3ee	0x9d3e9
0x9d41a	0x9d416
0x9d41b	0x9d416
0x9d489	0x9d485
0x9d48a	0x9d485
0x9d4da	0x9d4d3
0x9d4db	0x9d4d3
0x9d52b	0x9d527
0x9d52e	0x9d527
0xb5b25	0xb5b21
0xb5b26	0xb5b21
0xb5b52	0xb5b4e
0xb5b55	0xb5b4e
0xce16d	0xce169
0xce16e	0xce169
0xce19a	0xce196
0xce19b	0xce196
0xce1c7	0xce1c3
0xce1c8	0xce1c3
0xce215	0xce211
0xce216	0xce211
0xce218	0xce211
0xce245	0xce239
0xce246	0xce239
0xce248	0xce239
0xce274	0xce270
0xce277	0xce270
0xe6876	0xe686a
0xe6877	0xe686a
0xe6879	0xe686a
0xe68a5	0xe68a1
0xe68a6	0xe68a1
0xe68d2	0xe68ce
0xe68d3	0xe68ce
0xe692f	0xe6928
0xe6930	0xe6928
0xe6985	0xe6981
0xe6986	0xe6981
0xe69d3	0xe69cf
0xe69d6	0xe69cf
0xff00f	0xff00b
0xff010	0xff00b
0xff03c	0xff038
0xff03d	0xff038
0xff0ee	0xff0ea
0xff0ef	0xff0ea
0xff0f1	0xff0ea
0xff113	0xff112B0x271
0xff114	0xff112B0x271
0xff115	0xff112B0x271
0xff116	0xff112B0x271
0xff138	0xff137B0x271
0xff139	0xff137B0x271
0xff13a	0xff137B0x271
0xff13b	0xff137B0x271
0xff15d	0xff15cB0x2a6
0xff15e	0xff15cB0x2a6
0xff185	0xff17f
0xff186	0xff17f
0xff189	0xff17f
0xff18b	0xff17f
0xff18f	0xff17f
0xff191	0xff17f
0xff196	0xff17f
0xff1bd	0xff1b7
0xff1be	0xff1b7
0xff1c1	0xff1b7
0xff1c3	0xff1b7
0xff1c7	0xff1b7
0xff1c9	0xff1b7
0xff1ce	0xff1b7
0xff1f5	0xff1ef
0xff1f6	0xff1ef
0xff1f9	0xff1ef
0xff1fb	0xff1ef
0xff1ff	0xff1ef
0xff201	0xff1ef
0xff206	0xff1ef
0xff228	0xff227B0x390
0xff229	0xff227B0x390
0xff22a	0xff227B0x390
0xff24c	0xff24bB0x3b0
0xff24d	0xff24bB0x3b0
0xff26f	0xff26eB0x3e8
0xff291	0xff290B0x3fd
0xff297	0xff290B0x3fd
0xff298	0xff290B0x3fd
0xff2a1	0xff290B0x3fd
0xff2a2	0xff290B0x3fd
0xff2a7	0xff290B0x3fd
0xff2a8	0xff290B0x3fd
0xff2a9	0xff290B0x3fd
0xff2aa	0xff290B0x3fd
0xff2ab	0xff290B0x3fd
0xff2ac	0xff290B0x3fd
0xff2b1	0xff290B0x3fd
0xff2b2	0xff290B0x3fd
0xff2b7	0xff290B0x3fd
0xff2dc	0xff2db0x8fbB0x3fd
0xff2dc	0xff2db0xc07B0x5e7
0xff2dd	0xff2db0x8fbB0x3fd
0xff2dd	0xff2db0xc07B0x5e7
0xff2de	0xff2db0x8fbB0x3fd
0xff2de	0xff2db0xc07B0x5e7
0xff2df	0xff2db0x8fbB0x3fd
0xff2df	0xff2db0xc07B0x5e7
0xff2e0	0xff2db0x8fbB0x3fd
0xff2e0	0xff2db0xc07B0x5e7
0xff2e1	0xff2db0x8fbB0x3fd
0xff2e1	0xff2db0xc07B0x5e7
0xff2e2	0xff2db0x8fbB0x3fd
0xff2e2	0xff2db0xc07B0x5e7
0xff303	0xff3020x8fbB0x3fd
0xff303	0xff3020xc07B0x5e7
0xff304	0xff3020x8fbB0x3fd
0xff304	0xff3020xc07B0x5e7
0xff305	0xff3020x8fbB0x3fd
0xff305	0xff3020xc07B0x5e7
0xff306	0xff3020x8fbB0x3fd
0xff306	0xff3020xc07B0x5e7
0xff307	0xff3020x8fbB0x3fd
0xff307	0xff3020xc07B0x5e7
0xff308	0xff3020x8fbB0x3fd
0xff308	0xff3020xc07B0x5e7
0xff309	0xff3020x8fbB0x3fd
0xff309	0xff3020xc07B0x5e7
0xff32f	0xff329
0xff330	0xff329
0xff333	0xff329
0xff335	0xff329
0xff339	0xff329
0xff33b	0xff329
0xff340	0xff329
0xff367	0xff361
0xff368	0xff361
0xff36b	0xff361
0xff36d	0xff361
0xff371	0xff361
0xff373	0xff361
0xff378	0xff361
0xff39f	0xff399
0xff3a0	0xff399
0xff3a3	0xff399
0xff3a5	0xff399
0xff3a9	0xff399
0xff3ab	0xff399
0xff3b0	0xff399
0xff3d2	0xff3d1B0x4d5
0xff3d3	0xff3d1B0x4d5
0xff3d4	0xff3d1B0x4d5
0xff3d5	0xff3d1B0x4d5
0xff3f7	0xff3f6B0x4e6
0xff419	0xff418B0x532
0xff41a	0xff418B0x532
0xff41b	0xff418B0x532
0xff41c	0xff418B0x532
0xff41d	0xff418B0x532
0xff444	0xff43e
0xff445	0xff43e
0xff448	0xff43e
0xff44a	0xff43e
0xff44e	0xff43e
0xff450	0xff43e
0xff455	0xff43e
0xff47c	0xff476
0xff47d	0xff476
0xff480	0xff476
0xff482	0xff476
0xff486	0xff476
0xff488	0xff476
0xff48d	0xff476
0xff4af	0xff4aeB0x5e7
0xff4b5	0xff4aeB0x5e7
0xff4b6	0xff4aeB0x5e7
0xff4bf	0xff4aeB0x5e7
0xff4c0	0xff4aeB0x5e7
0xff4c5	0xff4aeB0x5e7
0xff4c6	0xff4aeB0x5e7
0xff4c7	0xff4aeB0x5e7
0xff4c8	0xff4aeB0x5e7
0xff4c9	0xff4aeB0x5e7
0xff4ca	0xff4aeB0x5e7
0xff4cf	0xff4aeB0x5e7
0xff4d0	0xff4aeB0x5e7
0xff4d5	0xff4aeB0x5e7
0xff4ff	0xff4f9
0xff500	0xff4f9
0xff503	0xff4f9
0xff505	0xff4f9
0xff509	0xff4f9
0xff50b	0xff4f9
0xff510	0xff4f9
0xff532	0xff531B0x650
0xff533	0xff531B0x650
0xff534	0xff531B0x650
0xff535	0xff531B0x650
0xff55c	0xff556
0xff55d	0xff556
0xff560	0xff556
0xff562	0xff556
0xff566	0xff556
0xff568	0xff556
0xff56d	0xff556
0xff58f	0xff58eB0x6d8
0xff590	0xff58eB0x6d8
0xff591	0xff58eB0x6d8
0xff592	0xff58eB0x6d8
0xff5b4	0xff5b3B0x6f8
0xff5b5	0xff5b3B0x6f8
0xff5b6	0xff5b3B0x6f8
0xff648	0xff647B0x11f9
0xff649	0xff647B0x11f9
0xff66b	0xff66aB0x1203
0xff66c	0xff66aB0x1203
0xff66d	0xff66aB0x1203
0xff66e	0xff66aB0x1203
0xff66f	0xff66aB0x1203
0xff691	0xff690B0x7aaB0x271
0xff692	0xff690B0x7aaB0x271
0xff693	0xff690B0x7aaB0x271
0xff694	0xff690B0x7aaB0x271
0xff6b6	0xff6b5B0x7aaB0x271
0xff6b7	0xff6b5B0x7aaB0x271
0xff6b8	0xff6b5B0x7aaB0x271
0xff6b9	0xff6b5B0x7aaB0x271
0xff6db	0xff6da
0xff6fd	0xff6fc
0xff6fe	0xff6fc
0xff6ff	0xff6fc
0xff721	0xff720
0xff722	0xff720
0xff723	0xff720
0xff748	0xff744
0xff749	0xff744
0xff74b	0xff744
0xff770	0xff76c
0xff771	0xff76c
0xff773	0xff76c
0xff795	0xff794B0xb09
0xff795	0xff794B0xb3d
0xff796	0xff794B0xb09
0xff796	0xff794B0xb3d
0xff7bb	0xff7baB0xb09
0xff7bb	0xff7baB0xb3d
0xff7bc	0xff7baB0xb09
0xff7bc	0xff7baB0xb3d
0xff7bd	0xff7baB0xb09
0xff7bd	0xff7baB0xb3d
0xff7be	0xff7baB0xb09
0xff7be	0xff7baB0xb3d
0xff7bf	0xff7baB0xb09
0xff7bf	0xff7baB0xb3d
0xff7c0	0xff7baB0xb09
0xff7c0	0xff7baB0xb3d
0xff7c1	0xff7baB0xb09
0xff7c1	0xff7baB0xb3d
0xff7e6	0xff7e5B0xb09
0xff7e6	0xff7e5B0xb3d
0xff7e7	0xff7e5B0xb09
0xff7e7	0xff7e5B0xb3d
0xff7e8	0xff7e5B0xb09
0xff7e8	0xff7e5B0xb3d
0xff7e9	0xff7e5B0xb09
0xff7e9	0xff7e5B0xb3d
0xff7ea	0xff7e5B0xb09
0xff7ea	0xff7e5B0xb3d
0xff7eb	0xff7e5B0xb09
0xff7eb	0xff7e5B0xb3d
0xff7ec	0xff7e5B0xb09
0xff7ec	0xff7e5B0xb3d
0xff836	0xff835B0xb92B0x532
0xff837	0xff835B0xb92B0x532
0xff838	0xff835B0xb92B0x532
0xff839	0xff835B0xb92B0x532
0xff83a	0xff835B0xb92B0x532
0xff85f	0xff85b
0xff860	0xff85b
0xff862	0xff85b
0xff884	0xff883B0x1087B0x6d8
0xff885	0xff883B0x1087B0x6d8
0xff886	0xff883B0x1087B0x6d8
0xff887	0xff883B0x1087B0x6d8
0xff8d1	0xff8d0B0x117aB0x1203
0xff8d2	0xff8d0B0x117aB0x1203
0xff8d3	0xff8d0B0x117aB0x1203
0xff8d4	0xff8d0B0x117aB0x1203
0xff8f6	0xff8f5B0x117aB0x1203
0xff8f7	0xff8f5B0x117aB0x1203
0xff8f8	0xff8f5B0x117aB0x1203
0xff8f9	0xff8f5B0x117aB0x1203
0xff91b	0xff91aB0x11c4
0xff91c	0xff91aB0x11c4
0xff941	0xff93dB0x11c4
0xff942	0xff93dB0x11c4
0xff944	0xff93dB0x11c4
0xff966	0xff965B0x11ceB0x2a6
0xff988	0xff987
0xff989	0xff987
0xff9ab	0xff9aaB0x1225
0xff9ac	0xff9aaB0x1225
0xff9ad	0xff9aaB0x1225
0xff9ae	0xff9aaB0x1225
0xff9af	0xff9aaB0x1225
0xff9f2	0xff9f1B0x137c
0xff9f2	0xff9f1B0x15e2
0xff9f3	0xff9f1B0x137c
0xff9f3	0xff9f1B0x15e2
0xff9f4	0xff9f1B0x137c
0xff9f4	0xff9f1B0x15e2
0xff9f5	0xff9f1B0x137c
0xff9f5	0xff9f1B0x15e2
0xff9f6	0xff9f1B0x137c
0xff9f6	0xff9f1B0x15e2
0xff9f7	0xff9f1B0x137c
0xff9f7	0xff9f1B0x15e2
0xff9f8	0xff9f1B0x137c
0xff9f8	0xff9f1B0x15e2
0xff9f9	0xff9f1B0x137c
0xff9f9	0xff9f1B0x15e2
0xff9fa	0xff9f1B0x137c
0xff9fa	0xff9f1B0x15e2
0xff9fb	0xff9f1B0x137c
0xff9fb	0xff9f1B0x15e2
0xff9fc	0xff9f1B0x137c
0xff9fc	0xff9f1B0x15e2
0xff9fd	0xff9f1B0x137c
0xff9fd	0xff9f1B0x15e2
0xffa22	0xffa1eB0x137c
0xffa22	0xffa1eB0x15e2
0xffa23	0xffa1eB0x137c
0xffa23	0xffa1eB0x15e2
0xffa25	0xffa1eB0x137c
0xffa25	0xffa1eB0x15e2
0xffa47	0xffa46B0x137c
0xffa47	0xffa46B0x15e2
0xffa48	0xffa46B0x137c
0xffa48	0xffa46B0x15e2
0xffa49	0xffa46B0x137c
0xffa49	0xffa46B0x15e2
0xffa4a	0xffa46B0x137c
0xffa4a	0xffa46B0x15e2
0xffa4b	0xffa46B0x137c
0xffa4b	0xffa46B0x15e2
0xffa4c	0xffa46B0x137c
0xffa4c	0xffa46B0x15e2
0xffa4d	0xffa46B0x137c
0xffa4d	0xffa46B0x15e2
0xffa4e	0xffa46B0x137c
0xffa4e	0xffa46B0x15e2
0xffa4f	0xffa46B0x137c
0xffa4f	0xffa46B0x15e2
0xffa50	0xffa46B0x137c
0xffa50	0xffa46B0x15e2
0xffa51	0xffa46B0x137c
0xffa51	0xffa46B0x15e2
0xffa52	0xffa46B0x137c
0xffa52	0xffa46B0x15e2
0xffa74	0xffa73B0x137c
0xffa74	0xffa73B0x15e2
0xffa75	0xffa73B0x137c
0xffa75	0xffa73B0x15e2
0xffa76	0xffa73B0x137c
0xffa76	0xffa73B0x15e2
0xffa77	0xffa73B0x137c
0xffa77	0xffa73B0x15e2
0xffa78	0xffa73B0x137c
0xffa78	0xffa73B0x15e2
0xffa79	0xffa73B0x137c
0xffa79	0xffa73B0x15e2
0xffa7a	0xffa73B0x137c
0xffa7a	0xffa73B0x15e2
0xffa7b	0xffa73B0x137c
0xffa7b	0xffa73B0x15e2
0xffa7c	0xffa73B0x137c
0xffa7c	0xffa73B0x15e2
0xffa7d	0xffa73B0x137c
0xffa7d	0xffa73B0x15e2
0xffa7e	0xffa73B0x137c
0xffa7e	0xffa73B0x15e2
0xffa7f	0xffa73B0x137c
0xffa7f	0xffa73B0x15e2
0xffac2	0xffac1B0x16f2B0x11c4
0xffac3	0xffac1B0x16f2B0x11c4
0xffac4	0xffac1B0x16f2B0x11c4
0xffac5	0xffac1B0x16f2B0x11c4
0xffae7	0xffae6
0xffae8	0xffae6
0xffae9	0xffae6
0xffaea	0xffae6
0xffaeb	0xffae6
0xffb0f	0xffb0cB0x17f2B0x1225
0xffb11	0xffb0cB0x17f2B0x1225
0xffb12	0xffb0cB0x17f2B0x1225
0xffb13	0xffb0cB0x17f2B0x1225
0xffb1f	0xffb0cB0x17f2B0x1225
0xffb21	0xffb0cB0x17f2B0x1225
0xffb23	0xffb0cB0x17f2B0x1225
0xffb29	0xffb0cB0x17f2B0x1225
0xffb2a	0xffb0cB0x17f2B0x1225
0xffb2f	0xffb0cB0x17f2B0x1225
0xffb30	0xffb0cB0x17f2B0x1225
0xffb3a	0xffb0cB0x17f2B0x1225
0xffb3e	0xffb0cB0x17f2B0x1225
0xffb3f	0xffb0cB0x17f2B0x1225
0xffb40	0xffb0cB0x17f2B0x1225
0xffb41	0xffb0cB0x17f2B0x1225
0xffb42	0xffb0cB0x17f2B0x1225
0xffbe6	0xffbe5B0x17f2B0x1225
0xffbe7	0xffbe5B0x17f2B0x1225
0xffbe8	0xffbe5B0x17f2B0x1225
0xffbe9	0xffbe5B0x17f2B0x1225
0xffc0b	0xffc0aB0x137c
0xffc0b	0xffc0aB0x15e2
0xffc0c	0xffc0aB0x137c
0xffc0c	0xffc0aB0x15e2
0xffc0d	0xffc0aB0x137c
0xffc0d	0xffc0aB0x15e2
0xffc0e	0xffc0aB0x137c
0xffc0e	0xffc0aB0x15e2
0xffc0f	0xffc0aB0x137c
0xffc0f	0xffc0aB0x15e2
0xffc10	0xffc0aB0x137c
0xffc10	0xffc0aB0x15e2
0xffc11	0xffc0aB0x137c
0xffc11	0xffc0aB0x15e2
0xffc12	0xffc0aB0x137c
0xffc12	0xffc0aB0x15e2
0xffc13	0xffc0aB0x137c
0xffc13	0xffc0aB0x15e2
0xffc14	0xffc0aB0x137c
0xffc14	0xffc0aB0x15e2
0xffc36	0xffc35B0x137c
0xffc36	0xffc35B0x15e2
0xffc37	0xffc35B0x137c
0xffc37	0xffc35B0x15e2
0xffc87	0xffc86B0x137c
0xffc87	0xffc86B0x15e2
0xffc88	0xffc86B0x137c
0xffc88	0xffc86B0x15e2
0xffcad	0xffcac
0xffcae	0xffcac
0xffcaf	0xffcac
0xffcb0	0xffcac
0xffcd2	0xffcd1B0x1dfcB0x15c7
0xffcd3	0xffcd1B0x1dfcB0x15c7
0xffcd4	0xffcd1B0x1dfcB0x15c7
0xffcd5	0xffcd1B0x1dfcB0x15c7
0xffcf7	0xffcf6B0x232fB0x137c
0xffcf7	0xffcf6B0x232fB0x15e2
0xffcf8	0xffcf6B0x232fB0x137c
0xffcf8	0xffcf6B0x232fB0x15e2
0xffcf9	0xffcf6B0x232fB0x137c
0xffcf9	0xffcf6B0x232fB0x15e2
0xffcfa	0xffcf6B0x232fB0x137c
0xffcfa	0xffcf6B0x232fB0x15e2
0xffcfb	0xffcf6B0x232fB0x137c
0xffcfb	0xffcf6B0x232fB0x15e2
0xffcfc	0xffcf6B0x232fB0x137c
0xffcfc	0xffcf6B0x232fB0x15e2
0xffcfd	0xffcf6B0x232fB0x137c
0xffcfd	0xffcf6B0x232fB0x15e2
0xffcfe	0xffcf6B0x232fB0x137c
0xffcfe	0xffcf6B0x232fB0x15e2
0xffcff	0xffcf6B0x232fB0x137c
0xffcff	0xffcf6B0x232fB0x15e2
0xffd00	0xffcf6B0x232fB0x137c
0xffd00	0xffcf6B0x232fB0x15e2
0xffd22	0xffd21B0x232fB0x137c
0xffd22	0xffd21B0x232fB0x15e2
0xffd72	0xffd71B0x232fB0x137c
0xffd72	0xffd71B0x232fB0x15e2
0xffd74	0xffd71B0x232fB0x137c
0xffd74	0xffd71B0x232fB0x15e2
0xffd81	0xffd71B0x232fB0x137c
0xffd81	0xffd71B0x232fB0x15e2
0xffd82	0xffd71B0x232fB0x137c
0xffd82	0xffd71B0x232fB0x15e2
0xffd86	0xffd71B0x232fB0x137c
0xffd86	0xffd71B0x232fB0x15e2
0xffd8b	0xffd71B0x232fB0x137c
0xffd8b	0xffd71B0x232fB0x15e2
0xffd8c	0xffd71B0x232fB0x137c
0xffd8c	0xffd71B0x232fB0x15e2
0xffd8f	0xffd71B0x232fB0x137c
0xffd8f	0xffd71B0x232fB0x15e2
0xffd90	0xffd71B0x232fB0x137c
0xffd90	0xffd71B0x232fB0x15e2
0xffd92	0xffd71B0x232fB0x137c
0xffd92	0xffd71B0x232fB0x15e2
0xffd93	0xffd71B0x232fB0x137c
0xffd93	0xffd71B0x232fB0x15e2
0xffdba	0xffdb9B0x232fB0x137c
0xffdba	0xffdb9B0x232fB0x15e2
0xffdbc	0xffdb9B0x232fB0x137c
0xffdbc	0xffdb9B0x232fB0x15e2
0xffdc9	0xffdb9B0x232fB0x137c
0xffdc9	0xffdb9B0x232fB0x15e2
0xffdca	0xffdb9B0x232fB0x137c
0xffdca	0xffdb9B0x232fB0x15e2
0xffdce	0xffdb9B0x232fB0x137c
0xffdce	0xffdb9B0x232fB0x15e2
0xffdd3	0xffdb9B0x232fB0x137c
0xffdd3	0xffdb9B0x232fB0x15e2
0xffdd4	0xffdb9B0x232fB0x137c
0xffdd4	0xffdb9B0x232fB0x15e2
0xffdd7	0xffdb9B0x232fB0x137c
0xffdd7	0xffdb9B0x232fB0x15e2
0xffdd8	0xffdb9B0x232fB0x137c
0xffdd8	0xffdb9B0x232fB0x15e2
0xffdda	0xffdb9B0x232fB0x137c
0xffdda	0xffdb9B0x232fB0x15e2
0xffddb	0xffdb9B0x232fB0x137c
0xffddb	0xffdb9B0x232fB0x15e2
0xffe2d	0xffe2cB0x232fB0x137c
0xffe2d	0xffe2cB0x232fB0x15e2
0xffe52	0xffe51B0x232fB0x137c
0xffe52	0xffe51B0x232fB0x15e2
0xffe53	0xffe51B0x232fB0x137c
0xffe53	0xffe51B0x232fB0x15e2
0xffe54	0xffe51B0x232fB0x137c
0xffe54	0xffe51B0x232fB0x15e2
0xffea4	0xffea3
0xffea5	0xffea3
0xffea6	0xffea3
0xffec8	0xffec7B0x23d7B0x137c
0xffec8	0xffec7B0x25c0B0x137c
0xffec8	0xffec7B0x26daB0x137c
0xffec8	0xffec7B0x2c4aB0x232fB0x137c
0xffec8	0xffec7B0x320eB0x232fB0x137c
0xffec8	0xffec7B0x23d7B0x15e2
0xffec8	0xffec7B0x25c0B0x15e2
0xffec8	0xffec7B0x26daB0x15e2
0xffec8	0xffec7B0x2c4aB0x232fB0x15e2
0xffec8	0xffec7B0x320eB0x232fB0x15e2
0xffec9	0xffec7B0x23d7B0x137c
0xffec9	0xffec7B0x25c0B0x137c
0xffec9	0xffec7B0x26daB0x137c
0xffec9	0xffec7B0x2c4aB0x232fB0x137c
0xffec9	0xffec7B0x320eB0x232fB0x137c
0xffec9	0xffec7B0x23d7B0x15e2
0xffec9	0xffec7B0x25c0B0x15e2
0xffec9	0xffec7B0x26daB0x15e2
0xffec9	0xffec7B0x2c4aB0x232fB0x15e2
0xffec9	0xffec7B0x320eB0x232fB0x15e2
0xffeca	0xffec7B0x23d7B0x137c
0xffeca	0xffec7B0x25c0B0x137c
0xffeca	0xffec7B0x26daB0x137c
0xffeca	0xffec7B0x2c4aB0x232fB0x137c
0xffeca	0xffec7B0x320eB0x232fB0x137c
0xffeca	0xffec7B0x23d7B0x15e2
0xffeca	0xffec7B0x25c0B0x15e2
0xffeca	0xffec7B0x26daB0x15e2
0xffeca	0xffec7B0x2c4aB0x232fB0x15e2
0xffeca	0xffec7B0x320eB0x232fB0x15e2
0xffecb	0xffec7B0x23d7B0x137c
0xffecb	0xffec7B0x25c0B0x137c
0xffecb	0xffec7B0x26daB0x137c
0xffecb	0xffec7B0x2c4aB0x232fB0x137c
0xffecb	0xffec7B0x320eB0x232fB0x137c
0xffecb	0xffec7B0x23d7B0x15e2
0xffecb	0xffec7B0x25c0B0x15e2
0xffecb	0xffec7B0x26daB0x15e2
0xffecb	0xffec7B0x2c4aB0x232fB0x15e2
0xffecb	0xffec7B0x320eB0x232fB0x15e2
0xffecc	0xffec7B0x23d7B0x137c
0xffecc	0xffec7B0x25c0B0x137c
0xffecc	0xffec7B0x26daB0x137c
0xffecc	0xffec7B0x2c4aB0x232fB0x137c
0xffecc	0xffec7B0x320eB0x232fB0x137c
0xffecc	0xffec7B0x23d7B0x15e2
0xffecc	0xffec7B0x25c0B0x15e2
0xffecc	0xffec7B0x26daB0x15e2
0xffecc	0xffec7B0x2c4aB0x232fB0x15e2
0xffecc	0xffec7B0x320eB0x232fB0x15e2
0xffecd	0xffec7B0x23d7B0x137c
0xffecd	0xffec7B0x25c0B0x137c
0xffecd	0xffec7B0x26daB0x137c
0xffecd	0xffec7B0x2c4aB0x232fB0x137c
0xffecd	0xffec7B0x320eB0x232fB0x137c
0xffecd	0xffec7B0x23d7B0x15e2
0xffecd	0xffec7B0x25c0B0x15e2
0xffecd	0xffec7B0x26daB0x15e2
0xffecd	0xffec7B0x2c4aB0x232fB0x15e2
0xffecd	0xffec7B0x320eB0x232fB0x15e2
0xffece	0xffec7B0x23d7B0x137c
0xffece	0xffec7B0x25c0B0x137c
0xffece	0xffec7B0x26daB0x137c
0xffece	0xffec7B0x2c4aB0x232fB0x137c
0xffece	0xffec7B0x320eB0x232fB0x137c
0xffece	0xffec7B0x23d7B0x15e2
0xffece	0xffec7B0x25c0B0x15e2
0xffece	0xffec7B0x26daB0x15e2
0xffece	0xffec7B0x2c4aB0x232fB0x15e2
0xffece	0xffec7B0x320eB0x232fB0x15e2
0xffecf	0xffec7B0x23d7B0x137c
0xffecf	0xffec7B0x25c0B0x137c
0xffecf	0xffec7B0x26daB0x137c
0xffecf	0xffec7B0x2c4aB0x232fB0x137c
0xffecf	0xffec7B0x320eB0x232fB0x137c
0xffecf	0xffec7B0x23d7B0x15e2
0xffecf	0xffec7B0x25c0B0x15e2
0xffecf	0xffec7B0x26daB0x15e2
0xffecf	0xffec7B0x2c4aB0x232fB0x15e2
0xffecf	0xffec7B0x320eB0x232fB0x15e2
0xffef1	0xffef0
0xffef2	0xffef0
0xffef3	0xffef0
0xffef4	0xffef0
0xffef5	0xffef0
0xffef6	0xffef0
0xfff18	0xfff170x36ee
0xfff18	0xfff170x43b4B0x36ee
0xfff19	0xfff170x36ee
0xfff19	0xfff170x43b4B0x36ee
0xfff1a	0xfff170x36ee
0xfff1a	0xfff170x43b4B0x36ee
0xfff1b	0xfff170x36ee
0xfff1b	0xfff170x43b4B0x36ee
0xfff1c	0xfff170x36ee
0xfff1c	0xfff170x43b4B0x36ee
0xfff1d	0xfff170x36ee
0xfff1d	0xfff170x43b4B0x36ee
0xfff1e	0xfff170x36ee
0xfff1e	0xfff170x43b4B0x36ee
0xfff3f	0xfff3e0x36ee
0xfff3f	0xfff3e0x43b4B0x36ee
0xfff40	0xfff3e0x36ee
0xfff40	0xfff3e0x43b4B0x36ee
0xfff41	0xfff3e0x36ee
0xfff41	0xfff3e0x43b4B0x36ee
0xfff42	0xfff3e0x36ee
0xfff42	0xfff3e0x43b4B0x36ee
0xfff43	0xfff3e0x36ee
0xfff43	0xfff3e0x43b4B0x36ee
0xfff44	0xfff3e0x36ee
0xfff44	0xfff3e0x43b4B0x36ee
0xfff45	0xfff3e0x36ee
0xfff45	0xfff3e0x43b4B0x36ee
0xfff46	0xfff3e0x36ee
0xfff46	0xfff3e0x43b4B0x36ee
0xfff67	0xfff66
0xfff68	0xfff66
0xfff69	0xfff66
0xfff6a	0xfff66
0xfff8c	0xfff8b
0xfff8d	0xfff8b
0xfff8e	0xfff8b
0xfff8f	0xfff8b
0xfffb1	0xfffb0B0x2a5aB0x1e6bB0x15c7
0xfffb2	0xfffb0B0x2a5aB0x1e6bB0x15c7
0xfffb3	0xfffb0B0x2a5aB0x1e6bB0x15c7
0xfffb4	0xfffb0B0x2a5aB0x1e6bB0x15c7
0xfffb5	0xfffb0B0x2a5aB0x1e6bB0x15c7
0xfffb6	0xfffb0B0x2a5aB0x1e6bB0x15c7
0xfffb7	0xfffb0B0x2a5aB0x1e6bB0x15c7
0xfffd9	0xfffd8B0x2a5aB0x1e6bB0x15c7
0xfffda	0xfffd8B0x2a5aB0x1e6bB0x15c7
0xfffdb	0xfffd8B0x2a5aB0x1e6bB0x15c7
0xfffdc	0xfffd8B0x2a5aB0x1e6bB0x15c7
0xfffdd	0xfffd8B0x2a5aB0x1e6bB0x15c7
0xfffde	0xfffd8B0x2a5aB0x1e6bB0x15c7
0xfffdf	0xfffd8B0x2a5aB0x1e6bB0x15c7
0x100001	0x100000B0x2a6bB0x1e6bB0x15c7
0x100023	0x100022
0x100024	0x100022
0x100025	0x100022
0x100026	0x100022
0x100027	0x100022
0x100028	0x100022
0x10004a	0x100049B0x3c13
0x10004a	0x100049B0x382e
0x10004a	0x100049B0x2dfdB0x232fB0x137c
0x10004a	0x100049B0x3eeaB0x232fB0x137c
0x10004a	0x100049B0x2dfdB0x232fB0x15e2
0x10004a	0x100049B0x3eeaB0x232fB0x15e2
0x10004b	0x100049B0x3c13
0x10004b	0x100049B0x382e
0x10004b	0x100049B0x2dfdB0x232fB0x137c
0x10004b	0x100049B0x3eeaB0x232fB0x137c
0x10004b	0x100049B0x2dfdB0x232fB0x15e2
0x10004b	0x100049B0x3eeaB0x232fB0x15e2
0x10004c	0x100049B0x3c13
0x10004c	0x100049B0x382e
0x10004c	0x100049B0x2dfdB0x232fB0x137c
0x10004c	0x100049B0x3eeaB0x232fB0x137c
0x10004c	0x100049B0x2dfdB0x232fB0x15e2
0x10004c	0x100049B0x3eeaB0x232fB0x15e2
0x10004d	0x100049B0x3c13
0x10004d	0x100049B0x382e
0x10004d	0x100049B0x2dfdB0x232fB0x137c
0x10004d	0x100049B0x3eeaB0x232fB0x137c
0x10004d	0x100049B0x2dfdB0x232fB0x15e2
0x10004d	0x100049B0x3eeaB0x232fB0x15e2
0x10006f	0x10006e0x3d0d
0x10006f	0x10006e0x3e14
0x10006f	0x10006e0x40e7
0x10006f	0x10006e0x420a
0x100070	0x10006e0x3d0d
0x100070	0x10006e0x3e14
0x100070	0x10006e0x40e7
0x100070	0x10006e0x420a
0x100071	0x10006e0x3d0d
0x100071	0x10006e0x3e14
0x100071	0x10006e0x40e7
0x100071	0x10006e0x420a
0x100072	0x10006e0x3d0d
0x100072	0x10006e0x3e14
0x100072	0x10006e0x40e7
0x100072	0x10006e0x420a
0x100073	0x10006e0x3d0d
0x100073	0x10006e0x3e14
0x100073	0x10006e0x40e7
0x100073	0x10006e0x420a
0x100074	0x10006e0x3d0d
0x100074	0x10006e0x3e14
0x100074	0x10006e0x40e7
0x100074	0x10006e0x420a
0x100095	0x100094B0x36ee
0x100096	0x100094B0x36ee
0x100097	0x100094B0x36ee
0x100098	0x100094B0x36ee
0x100099	0x100094B0x36ee
0x10009a	0x100094B0x36ee
0x1000bc	0x1000bbB0x36ee
0x1000bd	0x1000bbB0x36ee
0x1000be	0x1000bbB0x36ee
0x1000bf	0x1000bbB0x36ee
0x1000c0	0x1000bbB0x36ee
0x1000c1	0x1000bbB0x36ee
0x1000e3	0x1000e2B0x36ee
0x1000e4	0x1000e2B0x36ee
0x1000e5	0x1000e2B0x36ee
0x1000e6	0x1000e2B0x36ee
0x1000e7	0x1000e2B0x36ee
0x1000e8	0x1000e2B0x36ee
0x10010a	0x100109B0x381f
0x10010a	0x100109B0x40c3B0x232fB0x137c
0x10010a	0x100109B0x40c3B0x232fB0x15e2
0x10010b	0x100109B0x381f
0x10010b	0x100109B0x40c3B0x232fB0x137c
0x10010b	0x100109B0x40c3B0x232fB0x15e2
0x10010c	0x100109B0x381f
0x10010c	0x100109B0x40c3B0x232fB0x137c
0x10010c	0x100109B0x40c3B0x232fB0x15e2
0x10012e	0x10012dB0x464aB0x381f
0x10012e	0x10012dB0x3ca2B0x3c13
0x10012e	0x10012dB0x3ca2B0x382e
0x10012e	0x10012dB0x3ca2B0x2dfdB0x232fB0x137c
0x10012e	0x10012dB0x3ca2B0x3eeaB0x232fB0x137c
0x10012e	0x10012dB0x464aB0x40c3B0x232fB0x137c
0x10012e	0x10012dB0x3ca2B0x2dfdB0x232fB0x15e2
0x10012e	0x10012dB0x3ca2B0x3eeaB0x232fB0x15e2
0x10012e	0x10012dB0x464aB0x40c3B0x232fB0x15e2
0x10012f	0x10012dB0x464aB0x381f
0x10012f	0x10012dB0x3ca2B0x3c13
0x10012f	0x10012dB0x3ca2B0x382e
0x10012f	0x10012dB0x3ca2B0x2dfdB0x232fB0x137c
0x10012f	0x10012dB0x3ca2B0x3eeaB0x232fB0x137c
0x10012f	0x10012dB0x464aB0x40c3B0x232fB0x137c
0x10012f	0x10012dB0x3ca2B0x2dfdB0x232fB0x15e2
0x10012f	0x10012dB0x3ca2B0x3eeaB0x232fB0x15e2
0x10012f	0x10012dB0x464aB0x40c3B0x232fB0x15e2
0x100130	0x10012dB0x464aB0x381f
0x100130	0x10012dB0x3ca2B0x3c13
0x100130	0x10012dB0x3ca2B0x382e
0x100130	0x10012dB0x3ca2B0x2dfdB0x232fB0x137c
0x100130	0x10012dB0x3ca2B0x3eeaB0x232fB0x137c
0x100130	0x10012dB0x464aB0x40c3B0x232fB0x137c
0x100130	0x10012dB0x3ca2B0x2dfdB0x232fB0x15e2
0x100130	0x10012dB0x3ca2B0x3eeaB0x232fB0x15e2
0x100130	0x10012dB0x464aB0x40c3B0x232fB0x15e2
0x100152	0x100151B0x467aB0x464aB0x381f
0x100152	0x100151B0x467aB0x3ca2B0x3c13
0x100152	0x100151B0x467aB0x3ca2B0x382e
0x100152	0x100151B0x467aB0x3ca2B0x2dfdB0x232fB0x137c
0x100152	0x100151B0x467aB0x3ca2B0x3eeaB0x232fB0x137c
0x100152	0x100151B0x467aB0x464aB0x40c3B0x232fB0x137c
0x100152	0x100151B0x467aB0x3ca2B0x2dfdB0x232fB0x15e2
0x100152	0x100151B0x467aB0x3ca2B0x3eeaB0x232fB0x15e2
0x100152	0x100151B0x467aB0x464aB0x40c3B0x232fB0x15e2
0x100153	0x100151B0x467aB0x464aB0x381f
0x100153	0x100151B0x467aB0x3ca2B0x3c13
0x100153	0x100151B0x467aB0x3ca2B0x382e
0x100153	0x100151B0x467aB0x3ca2B0x2dfdB0x232fB0x137c
0x100153	0x100151B0x467aB0x3ca2B0x3eeaB0x232fB0x137c
0x100153	0x100151B0x467aB0x464aB0x40c3B0x232fB0x137c
0x100153	0x100151B0x467aB0x3ca2B0x2dfdB0x232fB0x15e2
0x100153	0x100151B0x467aB0x3ca2B0x3eeaB0x232fB0x15e2
0x100153	0x100151B0x467aB0x464aB0x40c3B0x232fB0x15e2
0x100154	0x100151B0x467aB0x464aB0x381f
0x100154	0x100151B0x467aB0x3ca2B0x3c13
0x100154	0x100151B0x467aB0x3ca2B0x382e
0x100154	0x100151B0x467aB0x3ca2B0x2dfdB0x232fB0x137c
0x100154	0x100151B0x467aB0x3ca2B0x3eeaB0x232fB0x137c
0x100154	0x100151B0x467aB0x464aB0x40c3B0x232fB0x137c
0x100154	0x100151B0x467aB0x3ca2B0x2dfdB0x232fB0x15e2
0x100154	0x100151B0x467aB0x3ca2B0x3eeaB0x232fB0x15e2
0x100154	0x100151B0x467aB0x464aB0x40c3B0x232fB0x15e2
0x100155	0x100151B0x467aB0x464aB0x381f
0x100155	0x100151B0x467aB0x3ca2B0x3c13
0x100155	0x100151B0x467aB0x3ca2B0x382e
0x100155	0x100151B0x467aB0x3ca2B0x2dfdB0x232fB0x137c
0x100155	0x100151B0x467aB0x3ca2B0x3eeaB0x232fB0x137c
0x100155	0x100151B0x467aB0x464aB0x40c3B0x232fB0x137c
0x100155	0x100151B0x467aB0x3ca2B0x2dfdB0x232fB0x15e2
0x100155	0x100151B0x467aB0x3ca2B0x3eeaB0x232fB0x15e2
0x100155	0x100151B0x467aB0x464aB0x40c3B0x232fB0x15e2
0x100156	0x100151B0x467aB0x464aB0x381f
0x100156	0x100151B0x467aB0x3ca2B0x3c13
0x100156	0x100151B0x467aB0x3ca2B0x382e
0x100156	0x100151B0x467aB0x3ca2B0x2dfdB0x232fB0x137c
0x100156	0x100151B0x467aB0x3ca2B0x3eeaB0x232fB0x137c
0x100156	0x100151B0x467aB0x464aB0x40c3B0x232fB0x137c
0x100156	0x100151B0x467aB0x3ca2B0x2dfdB0x232fB0x15e2
0x100156	0x100151B0x467aB0x3ca2B0x3eeaB0x232fB0x15e2
0x100156	0x100151B0x467aB0x464aB0x40c3B0x232fB0x15e2
0x100157	0x100151B0x467aB0x464aB0x381f
0x100157	0x100151B0x467aB0x3ca2B0x3c13
0x100157	0x100151B0x467aB0x3ca2B0x382e
0x100157	0x100151B0x467aB0x3ca2B0x2dfdB0x232fB0x137c
0x100157	0x100151B0x467aB0x3ca2B0x3eeaB0x232fB0x137c
0x100157	0x100151B0x467aB0x464aB0x40c3B0x232fB0x137c
0x100157	0x100151B0x467aB0x3ca2B0x2dfdB0x232fB0x15e2
0x100157	0x100151B0x467aB0x3ca2B0x3eeaB0x232fB0x15e2
0x100157	0x100151B0x467aB0x464aB0x40c3B0x232fB0x15e2
0x100179	0x100178B0x47b8B0x467aB0x464aB0x381f
0x100179	0x100178B0x47b8B0x467aB0x3ca2B0x3c13
0x100179	0x100178B0x47b8B0x467aB0x3ca2B0x382e
0x100179	0x100178B0x47b8B0x467aB0x3ca2B0x2dfdB0x232fB0x137c
0x100179	0x100178B0x47b8B0x467aB0x3ca2B0x3eeaB0x232fB0x137c
0x100179	0x100178B0x47b8B0x467aB0x464aB0x40c3B0x232fB0x137c
0x100179	0x100178B0x47b8B0x467aB0x3ca2B0x2dfdB0x232fB0x15e2
0x100179	0x100178B0x47b8B0x467aB0x3ca2B0x3eeaB0x232fB0x15e2
0x100179	0x100178B0x47b8B0x467aB0x464aB0x40c3B0x232fB0x15e2
0x10017a	0x100178B0x47b8B0x467aB0x464aB0x381f
0x10017a	0x100178B0x47b8B0x467aB0x3ca2B0x3c13
0x10017a	0x100178B0x47b8B0x467aB0x3ca2B0x382e
0x10017a	0x100178B0x47b8B0x467aB0x3ca2B0x2dfdB0x232fB0x137c
0x10017a	0x100178B0x47b8B0x467aB0x3ca2B0x3eeaB0x232fB0x137c
0x10017a	0x100178B0x47b8B0x467aB0x464aB0x40c3B0x232fB0x137c
0x10017a	0x100178B0x47b8B0x467aB0x3ca2B0x2dfdB0x232fB0x15e2
0x10017a	0x100178B0x47b8B0x467aB0x3ca2B0x3eeaB0x232fB0x15e2
0x10017a	0x100178B0x47b8B0x467aB0x464aB0x40c3B0x232fB0x15e2
0x10019f	0x10019eB0x47b8B0x467aB0x464aB0x381f
0x10019f	0x10019eB0x47b8B0x467aB0x3ca2B0x3c13
0x10019f	0x10019eB0x47b8B0x467aB0x3ca2B0x382e
0x10019f	0x10019eB0x47b8B0x467aB0x3ca2B0x2dfdB0x232fB0x137c
0x10019f	0x10019eB0x47b8B0x467aB0x3ca2B0x3eeaB0x232fB0x137c
0x10019f	0x10019eB0x47b8B0x467aB0x464aB0x40c3B0x232fB0x137c
0x10019f	0x10019eB0x47b8B0x467aB0x3ca2B0x2dfdB0x232fB0x15e2
0x10019f	0x10019eB0x47b8B0x467aB0x3ca2B0x3eeaB0x232fB0x15e2
0x10019f	0x10019eB0x47b8B0x467aB0x464aB0x40c3B0x232fB0x15e2
0x1001a0	0x10019eB0x47b8B0x467aB0x464aB0x381f
0x1001a0	0x10019eB0x47b8B0x467aB0x3ca2B0x3c13
0x1001a0	0x10019eB0x47b8B0x467aB0x3ca2B0x382e
0x1001a0	0x10019eB0x47b8B0x467aB0x3ca2B0x2dfdB0x232fB0x137c
0x1001a0	0x10019eB0x47b8B0x467aB0x3ca2B0x3eeaB0x232fB0x137c
0x1001a0	0x10019eB0x47b8B0x467aB0x464aB0x40c3B0x232fB0x137c
0x1001a0	0x10019eB0x47b8B0x467aB0x3ca2B0x2dfdB0x232fB0x15e2
0x1001a0	0x10019eB0x47b8B0x467aB0x3ca2B0x3eeaB0x232fB0x15e2
0x1001a0	0x10019eB0x47b8B0x467aB0x464aB0x40c3B0x232fB0x15e2
0x100216	0x100212B0x47b8B0x467aB0x464aB0x381f
0x100216	0x100212B0x47b8B0x467aB0x3ca2B0x3c13
0x100216	0x100212B0x47b8B0x467aB0x3ca2B0x382e
0x100216	0x100212B0x47b8B0x467aB0x3ca2B0x2dfdB0x232fB0x137c
0x100216	0x100212B0x47b8B0x467aB0x3ca2B0x3eeaB0x232fB0x137c
0x100216	0x100212B0x47b8B0x467aB0x464aB0x40c3B0x232fB0x137c
0x100216	0x100212B0x47b8B0x467aB0x3ca2B0x2dfdB0x232fB0x15e2
0x100216	0x100212B0x47b8B0x467aB0x3ca2B0x3eeaB0x232fB0x15e2
0x100216	0x100212B0x47b8B0x467aB0x464aB0x40c3B0x232fB0x15e2
0x100217	0x100212B0x47b8B0x467aB0x464aB0x381f
0x100217	0x100212B0x47b8B0x467aB0x3ca2B0x3c13
0x100217	0x100212B0x47b8B0x467aB0x3ca2B0x382e
0x100217	0x100212B0x47b8B0x467aB0x3ca2B0x2dfdB0x232fB0x137c
0x100217	0x100212B0x47b8B0x467aB0x3ca2B0x3eeaB0x232fB0x137c
0x100217	0x100212B0x47b8B0x467aB0x464aB0x40c3B0x232fB0x137c
0x100217	0x100212B0x47b8B0x467aB0x3ca2B0x2dfdB0x232fB0x15e2
0x100217	0x100212B0x47b8B0x467aB0x3ca2B0x3eeaB0x232fB0x15e2
0x100217	0x100212B0x47b8B0x467aB0x464aB0x40c3B0x232fB0x15e2
0x100219	0x100212B0x47b8B0x467aB0x464aB0x381f
0x100219	0x100212B0x47b8B0x467aB0x3ca2B0x3c13
0x100219	0x100212B0x47b8B0x467aB0x3ca2B0x382e
0x100219	0x100212B0x47b8B0x467aB0x3ca2B0x2dfdB0x232fB0x137c
0x100219	0x100212B0x47b8B0x467aB0x3ca2B0x3eeaB0x232fB0x137c
0x100219	0x100212B0x47b8B0x467aB0x464aB0x40c3B0x232fB0x137c
0x100219	0x100212B0x47b8B0x467aB0x3ca2B0x2dfdB0x232fB0x15e2
0x100219	0x100212B0x47b8B0x467aB0x3ca2B0x3eeaB0x232fB0x15e2
0x100219	0x100212B0x47b8B0x467aB0x464aB0x40c3B0x232fB0x15e2
0x10023b	0x10023aB0x34deB0x232fB0x137c
0x10023b	0x10023aB0x34deB0x232fB0x15e2
0x10025d	0x10025cB0x48eaB0x262
0x10025d	0x10025cB0x4e7fB0x661
0x10025e	0x10025cB0x48eaB0x262
0x10025e	0x10025cB0x4e7fB0x661
0x10025f	0x10025cB0x48eaB0x262
0x10025f	0x10025cB0x4e7fB0x661
0x100281	0x100280B0x262
0x100282	0x100280B0x262
0x100283	0x100280B0x262
0x100284	0x100280B0x262
0x100285	0x100280B0x262
0x1002a7	0x1002a6B0x5628
0x1002a7	0x1002a6B0x5868
0x1002a7	0x1002a6B0x5873
0x1002a7	0x1002a6B0x588d
0x1002a7	0x1002a6B0x58c6
0x1002a7	0x1002a6B0x491aB0x297
0x1002a7	0x1002a6B0x4951B0x381
0x1002a7	0x1002a6B0x4951B0x3a1
0x1002a7	0x1002a6B0x491aB0x3c1
0x1002a7	0x1002a6B0x491aB0x4c6
0x1002a7	0x1002a6B0x4951B0x543
0x1002a7	0x1002a6B0x491aB0x563
0x1002a7	0x1002a6B0x4e88B0x661
0x1002a7	0x1002a6B0x4f49B0x694
0x1002a7	0x1002a6B0x4f54B0x694
0x1002a7	0x1002a6B0x4951B0x6e9
0x1002a7	0x1002a6B0x4ffcB0x9f4
0x1002a7	0x1002a6B0x4ffcB0xdb2
0x1002a7	0x1002a6B0x4ffcB0xe7d
0x1002a7	0x1002a6B0x4ffcB0x28f3
0x1002a7	0x1002a6B0x4ffcB0x3bcf
0x1002a7	0x1002a6B0x4ffcB0x3d64
0x1002a7	0x1002a6B0x4ffcB0x3e6b
0x1002a7	0x1002a6B0x4ffcB0x41a3
0x1002a7	0x1002a6B0x4ffcB0x42c6
0x1002a7	0x1002a6B0x4ffcB0x434b
0x1002a7	0x1002a6B0x4fdfB0x563c
0x1002a7	0x1002a6B0x4fdfB0x5655
0x1002a7	0x1002a6B0x4fdfB0x5666
0x1002a7	0x1002a6B0x4fdfB0x5692
0x1002a7	0x1002a6B0x4ffcB0x37ea0x36ee
0x1002a7	0x1002a6B0x4ffcB0x44f0B0x36ee
0x1002a7	0x1002a6B0x4ffcB0x37ea0x43b4B0x36ee
0x1002a7	0x1002a6B0x4ffcB0x1a5bB0x137c
0x1002a7	0x1002a6B0x4ffcB0x1b53B0x137c
0x1002a7	0x1002a6B0x4fdfB0x5741B0x137c
0x1002a7	0x1002a6B0x4fdfB0x574aB0x137c
0x1002a7	0x1002a6B0x4fdfB0x5762B0x137c
0x1002a7	0x1002a6B0x4fdfB0x5773B0x137c
0x1002a7	0x1002a6B0x4fdfB0x57b0B0x137c
0x1002a7	0x1002a6B0x57e8B0x232fB0x137c
0x1002a7	0x1002a6B0x57f3B0x232fB0x137c
0x1002a7	0x1002a6B0x5971B0x232fB0x137c
0x1002a7	0x1002a6B0x597fB0x232fB0x137c
0x1002a7	0x1002a6B0x5999B0x232fB0x137c
0x1002a7	0x1002a6B0x4ffcB0x2d3bB0x232fB0x137c
0x1002a7	0x1002a6B0x4ffcB0x2daaB0x232fB0x137c
0x1002a7	0x1002a6B0x4ffcB0x2f27B0x232fB0x137c
0x1002a7	0x1002a6B0x4ffcB0x1a5bB0x15e2
0x1002a7	0x1002a6B0x4ffcB0x1b53B0x15e2
0x1002a7	0x1002a6B0x4fdfB0x5741B0x15e2
0x1002a7	0x1002a6B0x4fdfB0x574aB0x15e2
0x1002a7	0x1002a6B0x4fdfB0x5762B0x15e2
0x1002a7	0x1002a6B0x4fdfB0x5773B0x15e2
0x1002a7	0x1002a6B0x4fdfB0x57b0B0x15e2
0x1002a7	0x1002a6B0x57e8B0x232fB0x15e2
0x1002a7	0x1002a6B0x57f3B0x232fB0x15e2
0x1002a7	0x1002a6B0x5971B0x232fB0x15e2
0x1002a7	0x1002a6B0x597fB0x232fB0x15e2
0x1002a7	0x1002a6B0x5999B0x232fB0x15e2
0x1002a7	0x1002a6B0x4ffcB0x2d3bB0x232fB0x15e2
0x1002a7	0x1002a6B0x4ffcB0x2daaB0x232fB0x15e2
0x1002a7	0x1002a6B0x4ffcB0x2f27B0x232fB0x15e2
0x1002c9	0x1002c8B0x297
0x1002c9	0x1002c8B0x3c1
0x1002c9	0x1002c8B0x4c6
0x1002c9	0x1002c8B0x563
0x1002ca	0x1002c8B0x297
0x1002ca	0x1002c8B0x3c1
0x1002ca	0x1002c8B0x4c6
0x1002ca	0x1002c8B0x563
0x1002cb	0x1002c8B0x297
0x1002cb	0x1002c8B0x3c1
0x1002cb	0x1002c8B0x4c6
0x1002cb	0x1002c8B0x563
0x1002cc	0x1002c8B0x297
0x1002cc	0x1002c8B0x3c1
0x1002cc	0x1002c8B0x4c6
0x1002cc	0x1002c8B0x563
0x1002cd	0x1002c8B0x297
0x1002cd	0x1002c8B0x3c1
0x1002cd	0x1002c8B0x4c6
0x1002cd	0x1002c8B0x563
0x1002ef	0x1002eeB0x381
0x1002ef	0x1002eeB0x3a1
0x1002ef	0x1002eeB0x543
0x1002ef	0x1002eeB0x6e9
0x1002f0	0x1002eeB0x381
0x1002f0	0x1002eeB0x3a1
0x1002f0	0x1002eeB0x543
0x1002f0	0x1002eeB0x6e9
0x1002f1	0x1002eeB0x381
0x1002f1	0x1002eeB0x3a1
0x1002f1	0x1002eeB0x543
0x1002f1	0x1002eeB0x6e9
0x1002f2	0x1002eeB0x381
0x1002f2	0x1002eeB0x3a1
0x1002f2	0x1002eeB0x543
0x1002f2	0x1002eeB0x6e9
0x1002f3	0x1002eeB0x381
0x1002f3	0x1002eeB0x3a1
0x1002f3	0x1002eeB0x543
0x1002f3	0x1002eeB0x6e9
0x1002f4	0x1002eeB0x381
0x1002f4	0x1002eeB0x3a1
0x1002f4	0x1002eeB0x543
0x1002f4	0x1002eeB0x6e9
0x1002f5	0x1002eeB0x381
0x1002f5	0x1002eeB0x3a1
0x1002f5	0x1002eeB0x543
0x1002f5	0x1002eeB0x6e9
0x1002f6	0x1002eeB0x381
0x1002f6	0x1002eeB0x3a1
0x1002f6	0x1002eeB0x543
0x1002f6	0x1002eeB0x6e9
0x1002f7	0x1002eeB0x381
0x1002f7	0x1002eeB0x3a1
0x1002f7	0x1002eeB0x543
0x1002f7	0x1002eeB0x6e9
0x100319	0x100318B0x9d4d3
0x100319	0x100318B0xe6928
0x100319	0x100318B0x1716B0x11c4
0x100319	0x100318B0x19c0B0x137c
0x100319	0x100318B0x19c0B0x15e2
0x100319	0x100318B0x4858B0x47b8B0x467aB0x464aB0x381f
0x100319	0x100318B0x4858B0x47b8B0x467aB0x3ca2B0x3c13
0x100319	0x100318B0x4858B0x47b8B0x467aB0x3ca2B0x382e
0x100319	0x100318B0x4858B0x47b8B0x467aB0x3ca2B0x2dfdB0x232fB0x137c
0x100319	0x100318B0x4858B0x47b8B0x467aB0x3ca2B0x3eeaB0x232fB0x137c
0x100319	0x100318B0x4858B0x47b8B0x467aB0x464aB0x40c3B0x232fB0x137c
0x100319	0x100318B0x4858B0x47b8B0x467aB0x3ca2B0x2dfdB0x232fB0x15e2
0x100319	0x100318B0x4858B0x47b8B0x467aB0x3ca2B0x3eeaB0x232fB0x15e2
0x100319	0x100318B0x4858B0x47b8B0x467aB0x464aB0x40c3B0x232fB0x15e2
0x10031a	0x100318B0x9d4d3
0x10031a	0x100318B0xe6928
0x10031a	0x100318B0x1716B0x11c4
0x10031a	0x100318B0x19c0B0x137c
0x10031a	0x100318B0x19c0B0x15e2
0x10031a	0x100318B0x4858B0x47b8B0x467aB0x464aB0x381f
0x10031a	0x100318B0x4858B0x47b8B0x467aB0x3ca2B0x3c13
0x10031a	0x100318B0x4858B0x47b8B0x467aB0x3ca2B0x382e
0x10031a	0x100318B0x4858B0x47b8B0x467aB0x3ca2B0x2dfdB0x232fB0x137c
0x10031a	0x100318B0x4858B0x47b8B0x467aB0x3ca2B0x3eeaB0x232fB0x137c
0x10031a	0x100318B0x4858B0x47b8B0x467aB0x464aB0x40c3B0x232fB0x137c
0x10031a	0x100318B0x4858B0x47b8B0x467aB0x3ca2B0x2dfdB0x232fB0x15e2
0x10031a	0x100318B0x4858B0x47b8B0x467aB0x3ca2B0x3eeaB0x232fB0x15e2
0x10031a	0x100318B0x4858B0x47b8B0x467aB0x464aB0x40c3B0x232fB0x15e2
0x10031b	0x100318B0x9d4d3
0x10031b	0x100318B0xe6928
0x10031b	0x100318B0x1716B0x11c4
0x10031b	0x100318B0x19c0B0x137c
0x10031b	0x100318B0x19c0B0x15e2
0x10031b	0x100318B0x4858B0x47b8B0x467aB0x464aB0x381f
0x10031b	0x100318B0x4858B0x47b8B0x467aB0x3ca2B0x3c13
0x10031b	0x100318B0x4858B0x47b8B0x467aB0x3ca2B0x382e
0x10031b	0x100318B0x4858B0x47b8B0x467aB0x3ca2B0x2dfdB0x232fB0x137c
0x10031b	0x100318B0x4858B0x47b8B0x467aB0x3ca2B0x3eeaB0x232fB0x137c
0x10031b	0x100318B0x4858B0x47b8B0x467aB0x464aB0x40c3B0x232fB0x137c
0x10031b	0x100318B0x4858B0x47b8B0x467aB0x3ca2B0x2dfdB0x232fB0x15e2
0x10031b	0x100318B0x4858B0x47b8B0x467aB0x3ca2B0x3eeaB0x232fB0x15e2
0x10031b	0x100318B0x4858B0x47b8B0x467aB0x464aB0x40c3B0x232fB0x15e2
0x10031c	0x100318B0x9d4d3
0x10031c	0x100318B0xe6928
0x10031c	0x100318B0x1716B0x11c4
0x10031c	0x100318B0x19c0B0x137c
0x10031c	0x100318B0x19c0B0x15e2
0x10031c	0x100318B0x4858B0x47b8B0x467aB0x464aB0x381f
0x10031c	0x100318B0x4858B0x47b8B0x467aB0x3ca2B0x3c13
0x10031c	0x100318B0x4858B0x47b8B0x467aB0x3ca2B0x382e
0x10031c	0x100318B0x4858B0x47b8B0x467aB0x3ca2B0x2dfdB0x232fB0x137c
0x10031c	0x100318B0x4858B0x47b8B0x467aB0x3ca2B0x3eeaB0x232fB0x137c
0x10031c	0x100318B0x4858B0x47b8B0x467aB0x464aB0x40c3B0x232fB0x137c
0x10031c	0x100318B0x4858B0x47b8B0x467aB0x3ca2B0x2dfdB0x232fB0x15e2
0x10031c	0x100318B0x4858B0x47b8B0x467aB0x3ca2B0x3eeaB0x232fB0x15e2
0x10031c	0x100318B0x4858B0x47b8B0x467aB0x464aB0x40c3B0x232fB0x15e2
0x10031d	0x100318B0x9d4d3
0x10031d	0x100318B0xe6928
0x10031d	0x100318B0x1716B0x11c4
0x10031d	0x100318B0x19c0B0x137c
0x10031d	0x100318B0x19c0B0x15e2
0x10031d	0x100318B0x4858B0x47b8B0x467aB0x464aB0x381f
0x10031d	0x100318B0x4858B0x47b8B0x467aB0x3ca2B0x3c13
0x10031d	0x100318B0x4858B0x47b8B0x467aB0x3ca2B0x382e
0x10031d	0x100318B0x4858B0x47b8B0x467aB0x3ca2B0x2dfdB0x232fB0x137c
0x10031d	0x100318B0x4858B0x47b8B0x467aB0x3ca2B0x3eeaB0x232fB0x137c
0x10031d	0x100318B0x4858B0x47b8B0x467aB0x464aB0x40c3B0x232fB0x137c
0x10031d	0x100318B0x4858B0x47b8B0x467aB0x3ca2B0x2dfdB0x232fB0x15e2
0x10031d	0x100318B0x4858B0x47b8B0x467aB0x3ca2B0x3eeaB0x232fB0x15e2
0x10031d	0x100318B0x4858B0x47b8B0x467aB0x464aB0x40c3B0x232fB0x15e2
0x10033f	0x10033eB0x55e7B0x5677
0x10033f	0x10033eB0x4c14B0x47c
0x10033f	0x10033eB0x55e7B0x5784B0x137c
0x10033f	0x10033eB0x55e7B0x579fB0x137c
0x10033f	0x10033eB0x5803B0x232fB0x137c
0x10033f	0x10033eB0x5598B0x1e55B0x15c7
0x10033f	0x10033eB0x55e7B0x5784B0x15e2
0x10033f	0x10033eB0x55e7B0x579fB0x15e2
0x10033f	0x10033eB0x5803B0x232fB0x15e2
0x100361	0x100360B0x4ee1
0x100361	0x100360B0x4c42B0x47c
0x100362	0x100360B0x4ee1
0x100362	0x100360B0x4c42B0x47c
0x100363	0x100360B0x4ee1
0x100363	0x100360B0x4c42B0x47c
0x100364	0x100360B0x4ee1
0x100364	0x100360B0x4c42B0x47c
0x100365	0x100360B0x4ee1
0x100365	0x100360B0x4c42B0x47c
0x10038a	0x100386B0x641
0x1003d4	0x1003d0B0x137c
0x1003d4	0x1003d0B0x15e2
0x10041e	0x10041a
0x100489	0x100488B0x4e22B0x641
0x100489	0x100488B0x5a4aB0x46dcB0x464aB0x381f
0x100489	0x100488B0x5a4aB0x46dcB0x3ca2B0x3c13
0x100489	0x100488B0x5a4aB0x46dcB0x3ca2B0x382e
0x100489	0x100488B0x5a4aB0x46dcB0x3ca2B0x2dfdB0x232fB0x137c
0x100489	0x100488B0x5a4aB0x46dcB0x3ca2B0x3eeaB0x232fB0x137c
0x100489	0x100488B0x5a4aB0x46dcB0x464aB0x40c3B0x232fB0x137c
0x100489	0x100488B0x5a4aB0x46dcB0x3ca2B0x2dfdB0x232fB0x15e2
0x100489	0x100488B0x5a4aB0x46dcB0x3ca2B0x3eeaB0x232fB0x15e2
0x100489	0x100488B0x5a4aB0x46dcB0x464aB0x40c3B0x232fB0x15e2
0x1004cf	0x1004ceB0x58a0
0x1004cf	0x1004ceB0x58b3
0x1004cf	0x1004ceB0x4e98B0x661
0x1004cf	0x1004ceB0x59ecB0x232fB0x137c
0x1004cf	0x1004ceB0x5932B0x2f97B0x232fB0x137c
0x1004cf	0x1004ceB0x59ecB0x232fB0x15e2
0x1004cf	0x1004ceB0x5932B0x2f97B0x232fB0x15e2
0x1004f1	0x1004f0B0x694
0x1004f2	0x1004f0B0x694
0x1004f3	0x1004f0B0x694
0x1004f4	0x1004f0B0x694
0x1004f5	0x1004f0B0x694
0x1004f6	0x1004f0B0x694
0x1004f7	0x1004f0B0x694
0x1004f8	0x1004f0B0x694
0x1004f9	0x1004f0B0x694
0x10051b	0x10051aB0x4f98
0x10051b	0x10051aB0x51b2B0x1391
0x10051b	0x10051aB0x51b2B0x15f8
0x10053d	0x10053c
0x10053e	0x10053c
0x10053f	0x10053c
0x100540	0x10053c
0x100562	0x100561B0x563c
0x100562	0x100561B0x5655
0x100562	0x100561B0x5666
0x100562	0x100561B0x5692
0x100562	0x100561B0x5741B0x137c
0x100562	0x100561B0x574aB0x137c
0x100562	0x100561B0x5762B0x137c
0x100562	0x100561B0x5773B0x137c
0x100562	0x100561B0x57b0B0x137c
0x100562	0x100561B0x5741B0x15e2
0x100562	0x100561B0x574aB0x15e2
0x100562	0x100561B0x5762B0x15e2
0x100562	0x100561B0x5773B0x15e2
0x100562	0x100561B0x57b0B0x15e2
0x100563	0x100561B0x563c
0x100563	0x100561B0x5655
0x100563	0x100561B0x5666
0x100563	0x100561B0x5692
0x100563	0x100561B0x5741B0x137c
0x100563	0x100561B0x574aB0x137c
0x100563	0x100561B0x5762B0x137c
0x100563	0x100561B0x5773B0x137c
0x100563	0x100561B0x57b0B0x137c
0x100563	0x100561B0x5741B0x15e2
0x100563	0x100561B0x574aB0x15e2
0x100563	0x100561B0x5762B0x15e2
0x100563	0x100561B0x5773B0x15e2
0x100563	0x100561B0x57b0B0x15e2
0x100564	0x100561B0x563c
0x100564	0x100561B0x5655
0x100564	0x100561B0x5666
0x100564	0x100561B0x5692
0x100564	0x100561B0x5741B0x137c
0x100564	0x100561B0x574aB0x137c
0x100564	0x100561B0x5762B0x137c
0x100564	0x100561B0x5773B0x137c
0x100564	0x100561B0x57b0B0x137c
0x100564	0x100561B0x5741B0x15e2
0x100564	0x100561B0x574aB0x15e2
0x100564	0x100561B0x5762B0x15e2
0x100564	0x100561B0x5773B0x15e2
0x100564	0x100561B0x57b0B0x15e2
0x100586	0x100585B0x9f4
0x100586	0x100585B0xdb2
0x100586	0x100585B0xe7d
0x100586	0x100585B0x28f3
0x100586	0x100585B0x3bcf
0x100586	0x100585B0x3d64
0x100586	0x100585B0x3e6b
0x100586	0x100585B0x41a3
0x100586	0x100585B0x42c6
0x100586	0x100585B0x434b
0x100586	0x100585B0x37ea0x36ee
0x100586	0x100585B0x44f0B0x36ee
0x100586	0x100585B0x37ea0x43b4B0x36ee
0x100586	0x100585B0x1a5bB0x137c
0x100586	0x100585B0x1b53B0x137c
0x100586	0x100585B0x2d3bB0x232fB0x137c
0x100586	0x100585B0x2daaB0x232fB0x137c
0x100586	0x100585B0x2f27B0x232fB0x137c
0x100586	0x100585B0x1a5bB0x15e2
0x100586	0x100585B0x1b53B0x15e2
0x100586	0x100585B0x2d3bB0x232fB0x15e2
0x100586	0x100585B0x2daaB0x232fB0x15e2
0x100586	0x100585B0x2f27B0x232fB0x15e2
0x100587	0x100585B0x9f4
0x100587	0x100585B0xdb2
0x100587	0x100585B0xe7d
0x100587	0x100585B0x28f3
0x100587	0x100585B0x3bcf
0x100587	0x100585B0x3d64
0x100587	0x100585B0x3e6b
0x100587	0x100585B0x41a3
0x100587	0x100585B0x42c6
0x100587	0x100585B0x434b
0x100587	0x100585B0x37ea0x36ee
0x100587	0x100585B0x44f0B0x36ee
0x100587	0x100585B0x37ea0x43b4B0x36ee
0x100587	0x100585B0x1a5bB0x137c
0x100587	0x100585B0x1b53B0x137c
0x100587	0x100585B0x2d3bB0x232fB0x137c
0x100587	0x100585B0x2daaB0x232fB0x137c
0x100587	0x100585B0x2f27B0x232fB0x137c
0x100587	0x100585B0x1a5bB0x15e2
0x100587	0x100585B0x1b53B0x15e2
0x100587	0x100585B0x2d3bB0x232fB0x15e2
0x100587	0x100585B0x2daaB0x232fB0x15e2
0x100587	0x100585B0x2f27B0x232fB0x15e2
0x100588	0x100585B0x9f4
0x100588	0x100585B0xdb2
0x100588	0x100585B0xe7d
0x100588	0x100585B0x28f3
0x100588	0x100585B0x3bcf
0x100588	0x100585B0x3d64
0x100588	0x100585B0x3e6b
0x100588	0x100585B0x41a3
0x100588	0x100585B0x42c6
0x100588	0x100585B0x434b
0x100588	0x100585B0x37ea0x36ee
0x100588	0x100585B0x44f0B0x36ee
0x100588	0x100585B0x37ea0x43b4B0x36ee
0x100588	0x100585B0x1a5bB0x137c
0x100588	0x100585B0x1b53B0x137c
0x100588	0x100585B0x2d3bB0x232fB0x137c
0x100588	0x100585B0x2daaB0x232fB0x137c
0x100588	0x100585B0x2f27B0x232fB0x137c
0x100588	0x100585B0x1a5bB0x15e2
0x100588	0x100585B0x1b53B0x15e2
0x100588	0x100585B0x2d3bB0x232fB0x15e2
0x100588	0x100585B0x2daaB0x232fB0x15e2
0x100588	0x100585B0x2f27B0x232fB0x15e2
0x100589	0x100585B0x9f4
0x100589	0x100585B0xdb2
0x100589	0x100585B0xe7d
0x100589	0x100585B0x28f3
0x100589	0x100585B0x3bcf
0x100589	0x100585B0x3d64
0x100589	0x100585B0x3e6b
0x100589	0x100585B0x41a3
0x100589	0x100585B0x42c6
0x100589	0x100585B0x434b
0x100589	0x100585B0x37ea0x36ee
0x100589	0x100585B0x44f0B0x36ee
0x100589	0x100585B0x37ea0x43b4B0x36ee
0x100589	0x100585B0x1a5bB0x137c
0x100589	0x100585B0x1b53B0x137c
0x100589	0x100585B0x2d3bB0x232fB0x137c
0x100589	0x100585B0x2daaB0x232fB0x137c
0x100589	0x100585B0x2f27B0x232fB0x137c
0x100589	0x100585B0x1a5bB0x15e2
0x100589	0x100585B0x1b53B0x15e2
0x100589	0x100585B0x2d3bB0x232fB0x15e2
0x100589	0x100585B0x2daaB0x232fB0x15e2
0x100589	0x100585B0x2f27B0x232fB0x15e2
0x10058a	0x100585B0x9f4
0x10058a	0x100585B0xdb2
0x10058a	0x100585B0xe7d
0x10058a	0x100585B0x28f3
0x10058a	0x100585B0x3bcf
0x10058a	0x100585B0x3d64
0x10058a	0x100585B0x3e6b
0x10058a	0x100585B0x41a3
0x10058a	0x100585B0x42c6
0x10058a	0x100585B0x434b
0x10058a	0x100585B0x37ea0x36ee
0x10058a	0x100585B0x44f0B0x36ee
0x10058a	0x100585B0x37ea0x43b4B0x36ee
0x10058a	0x100585B0x1a5bB0x137c
0x10058a	0x100585B0x1b53B0x137c
0x10058a	0x100585B0x2d3bB0x232fB0x137c
0x10058a	0x100585B0x2daaB0x232fB0x137c
0x10058a	0x100585B0x2f27B0x232fB0x137c
0x10058a	0x100585B0x1a5bB0x15e2
0x10058a	0x100585B0x1b53B0x15e2
0x10058a	0x100585B0x2d3bB0x232fB0x15e2
0x10058a	0x100585B0x2daaB0x232fB0x15e2
0x10058a	0x100585B0x2f27B0x232fB0x15e2
0x1005ac	0x1005abB0x50e3B0x1bf1B0x137c
0x1005ac	0x1005abB0x50e3B0x1bf1B0x15e2
0x1005ad	0x1005abB0x50e3B0x1bf1B0x137c
0x1005ad	0x1005abB0x50e3B0x1bf1B0x15e2
0x1005ae	0x1005abB0x50e3B0x1bf1B0x137c
0x1005ae	0x1005abB0x50e3B0x1bf1B0x15e2
0x1005d0	0x1005cfB0x50e3B0x1bf1B0x137c
0x1005d0	0x1005cfB0x50e3B0x1bf1B0x15e2
0x1005d1	0x1005cfB0x50e3B0x1bf1B0x137c
0x1005d1	0x1005cfB0x50e3B0x1bf1B0x15e2
0x1005d2	0x1005cfB0x50e3B0x1bf1B0x137c
0x1005d2	0x1005cfB0x50e3B0x1bf1B0x15e2
0x1005d3	0x1005cfB0x50e3B0x1bf1B0x137c
0x1005d3	0x1005cfB0x50e3B0x1bf1B0x15e2
0x1005d4	0x1005cfB0x50e3B0x1bf1B0x137c
0x1005d4	0x1005cfB0x50e3B0x1bf1B0x15e2
0x1005d5	0x1005cfB0x50e3B0x1bf1B0x137c
0x1005d5	0x1005cfB0x50e3B0x1bf1B0x15e2
0x1005fc	0x1005f6B0x1bf1B0x137c
0x1005fc	0x1005f6B0x1bf1B0x15e2
0x1005fd	0x1005f6B0x1bf1B0x137c
0x1005fd	0x1005f6B0x1bf1B0x15e2
0x100604	0x1005f6B0x1bf1B0x137c
0x100604	0x1005f6B0x1bf1B0x15e2
0x100605	0x1005f6B0x1bf1B0x137c
0x100605	0x1005f6B0x1bf1B0x15e2
0x100608	0x1005f6B0x1bf1B0x137c
0x100608	0x1005f6B0x1bf1B0x15e2
0x10067a	0x100679B0x1d11
0x10067a	0x100679B0x18afB0x137c
0x10067a	0x100679B0x190cB0x137c
0x10067a	0x100679B0x1988B0x137c
0x10067a	0x100679B0x18afB0x15e2
0x10067a	0x100679B0x190cB0x15e2
0x10067a	0x100679B0x1988B0x15e2
0x10067b	0x100679B0x1d11
0x10067b	0x100679B0x18afB0x137c
0x10067b	0x100679B0x190cB0x137c
0x10067b	0x100679B0x1988B0x137c
0x10067b	0x100679B0x18afB0x15e2
0x10067b	0x100679B0x190cB0x15e2
0x10067b	0x100679B0x1988B0x15e2
0x10067c	0x100679B0x1d11
0x10067c	0x100679B0x18afB0x137c
0x10067c	0x100679B0x190cB0x137c
0x10067c	0x100679B0x1988B0x137c
0x10067c	0x100679B0x18afB0x15e2
0x10067c	0x100679B0x190cB0x15e2
0x10067c	0x100679B0x1988B0x15e2
0x10067d	0x100679B0x1d11
0x10067d	0x100679B0x18afB0x137c
0x10067d	0x100679B0x190cB0x137c
0x10067d	0x100679B0x1988B0x137c
0x10067d	0x100679B0x18afB0x15e2
0x10067d	0x100679B0x190cB0x15e2
0x10067d	0x100679B0x1988B0x15e2
0x10067e	0x100679B0x1d11
0x10067e	0x100679B0x18afB0x137c
0x10067e	0x100679B0x190cB0x137c
0x10067e	0x100679B0x1988B0x137c
0x10067e	0x100679B0x18afB0x15e2
0x10067e	0x100679B0x190cB0x15e2
0x10067e	0x100679B0x1988B0x15e2
0x1006a0	0x10069f
0x1006a1	0x10069f
0x1006a2	0x10069f
0x1006a3	0x10069f
0x1006ea	0x1006e9B0x20b0
0x1006ea	0x1006e9B0x216a
0x1006ea	0x1006e9B0x18f0B0x137c
0x1006ea	0x1006e9B0x18f0B0x15e2
0x1006eb	0x1006e9B0x20b0
0x1006eb	0x1006e9B0x216a
0x1006eb	0x1006e9B0x18f0B0x137c
0x1006eb	0x1006e9B0x18f0B0x15e2
0x1006ec	0x1006e9B0x20b0
0x1006ec	0x1006e9B0x216a
0x1006ec	0x1006e9B0x18f0B0x137c
0x1006ec	0x1006e9B0x18f0B0x15e2
0x1006ed	0x1006e9B0x20b0
0x1006ed	0x1006e9B0x216a
0x1006ed	0x1006e9B0x18f0B0x137c
0x1006ed	0x1006e9B0x18f0B0x15e2
0x100734	0x100733B0x1e55B0x15c7
0x100735	0x100733B0x1e55B0x15c7
0x100736	0x100733B0x1e55B0x15c7
0x100737	0x100733B0x1e55B0x15c7
0x100738	0x100733B0x1e55B0x15c7
0x10075a	0x100759B0x20a1
0x10075a	0x100759B0x2146
0x10075b	0x100759B0x20a1
0x10075b	0x100759B0x2146
0x10075c	0x100759B0x20a1
0x10075c	0x100759B0x2146
0x10075d	0x100759B0x20a1
0x10075d	0x100759B0x2146
0x1007a4	0x1007a3B0x5677
0x1007a4	0x1007a3B0x5784B0x137c
0x1007a4	0x1007a3B0x579fB0x137c
0x1007a4	0x1007a3B0x5784B0x15e2
0x1007a4	0x1007a3B0x579fB0x15e2
0x1007a5	0x1007a3B0x5677
0x1007a5	0x1007a3B0x5784B0x137c
0x1007a5	0x1007a3B0x579fB0x137c
0x1007a5	0x1007a3B0x5784B0x15e2
0x1007a5	0x1007a3B0x579fB0x15e2
0x1007a6	0x1007a3B0x5677
0x1007a6	0x1007a3B0x5784B0x137c
0x1007a6	0x1007a3B0x579fB0x137c
0x1007a6	0x1007a3B0x5784B0x15e2
0x1007a6	0x1007a3B0x579fB0x15e2
0x1007c8	0x1007c7
0x1007c9	0x1007c7
0x1007ca	0x1007c7
0x1007cb	0x1007c7
0x1007cc	0x1007c7
0x1007ee	0x1007edB0x2f97B0x232fB0x137c
0x1007ee	0x1007edB0x2f97B0x232fB0x15e2
0x1007ef	0x1007edB0x2f97B0x232fB0x137c
0x1007ef	0x1007edB0x2f97B0x232fB0x15e2
0x1007f0	0x1007edB0x2f97B0x232fB0x137c
0x1007f0	0x1007edB0x2f97B0x232fB0x15e2
0x1007f1	0x1007edB0x2f97B0x232fB0x137c
0x1007f1	0x1007edB0x2f97B0x232fB0x15e2
0x1007f2	0x1007edB0x2f97B0x232fB0x137c
0x1007f2	0x1007edB0x2f97B0x232fB0x15e2
0x100814	0x100813B0x46dcB0x464aB0x381f
0x100814	0x100813B0x46dcB0x3ca2B0x3c13
0x100814	0x100813B0x46dcB0x3ca2B0x382e
0x100814	0x100813B0x46dcB0x3ca2B0x2dfdB0x232fB0x137c
0x100814	0x100813B0x46dcB0x3ca2B0x3eeaB0x232fB0x137c
0x100814	0x100813B0x46dcB0x464aB0x40c3B0x232fB0x137c
0x100814	0x100813B0x46dcB0x3ca2B0x2dfdB0x232fB0x15e2
0x100814	0x100813B0x46dcB0x3ca2B0x3eeaB0x232fB0x15e2
0x100814	0x100813B0x46dcB0x464aB0x40c3B0x232fB0x15e2
0x100815	0x100813B0x46dcB0x464aB0x381f
0x100815	0x100813B0x46dcB0x3ca2B0x3c13
0x100815	0x100813B0x46dcB0x3ca2B0x382e
0x100815	0x100813B0x46dcB0x3ca2B0x2dfdB0x232fB0x137c
0x100815	0x100813B0x46dcB0x3ca2B0x3eeaB0x232fB0x137c
0x100815	0x100813B0x46dcB0x464aB0x40c3B0x232fB0x137c
0x100815	0x100813B0x46dcB0x3ca2B0x2dfdB0x232fB0x15e2
0x100815	0x100813B0x46dcB0x3ca2B0x3eeaB0x232fB0x15e2
0x100815	0x100813B0x46dcB0x464aB0x40c3B0x232fB0x15e2
0x100816	0x100813B0x46dcB0x464aB0x381f
0x100816	0x100813B0x46dcB0x3ca2B0x3c13
0x100816	0x100813B0x46dcB0x3ca2B0x382e
0x100816	0x100813B0x46dcB0x3ca2B0x2dfdB0x232fB0x137c
0x100816	0x100813B0x46dcB0x3ca2B0x3eeaB0x232fB0x137c
0x100816	0x100813B0x46dcB0x464aB0x40c3B0x232fB0x137c
0x100816	0x100813B0x46dcB0x3ca2B0x2dfdB0x232fB0x15e2
0x100816	0x100813B0x46dcB0x3ca2B0x3eeaB0x232fB0x15e2
0x100816	0x100813B0x46dcB0x464aB0x40c3B0x232fB0x15e2
0x100817	0x100813B0x46dcB0x464aB0x381f
0x100817	0x100813B0x46dcB0x3ca2B0x3c13
0x100817	0x100813B0x46dcB0x3ca2B0x382e
0x100817	0x100813B0x46dcB0x3ca2B0x2dfdB0x232fB0x137c
0x100817	0x100813B0x46dcB0x3ca2B0x3eeaB0x232fB0x137c
0x100817	0x100813B0x46dcB0x464aB0x40c3B0x232fB0x137c
0x100817	0x100813B0x46dcB0x3ca2B0x2dfdB0x232fB0x15e2
0x100817	0x100813B0x46dcB0x3ca2B0x3eeaB0x232fB0x15e2
0x100817	0x100813B0x46dcB0x464aB0x40c3B0x232fB0x15e2
0x100818	0x100813B0x46dcB0x464aB0x381f
0x100818	0x100813B0x46dcB0x3ca2B0x3c13
0x100818	0x100813B0x46dcB0x3ca2B0x382e
0x100818	0x100813B0x46dcB0x3ca2B0x2dfdB0x232fB0x137c
0x100818	0x100813B0x46dcB0x3ca2B0x3eeaB0x232fB0x137c
0x100818	0x100813B0x46dcB0x464aB0x40c3B0x232fB0x137c
0x100818	0x100813B0x46dcB0x3ca2B0x2dfdB0x232fB0x15e2
0x100818	0x100813B0x46dcB0x3ca2B0x3eeaB0x232fB0x15e2
0x100818	0x100813B0x46dcB0x464aB0x40c3B0x232fB0x15e2
0x100865	0x100861
0x100866	0x100861
0x100892	0x10088e
0x100893	0x10088e
0x1008c7	0x1008bb
0x1008c8	0x1008bb
0x1008ca	0x1008bb
0x1008f6	0x1008f2
0x1008f7	0x1008f2
0x100925	0x10091f
0x100926	0x10091f
0x100929	0x10091f
0x10092b	0x10091f
0x10092f	0x10091f
0x100931	0x10091f
0x100936	0x10091f
0x10095b	0x100957B0x3b0
0x10095c	0x100957B0x3b0
0x10095e	0x100957B0x3b0
0x100980	0x10097f0x8fbB0x3fd
0x100980	0x10097f0xc07B0x5e7
0x100981	0x10097f0x8fbB0x3fd
0x100981	0x10097f0xc07B0x5e7
0x100982	0x10097f0x8fbB0x3fd
0x100982	0x10097f0xc07B0x5e7
0x100983	0x10097f0x8fbB0x3fd
0x100983	0x10097f0xc07B0x5e7
0x100984	0x10097f0x8fbB0x3fd
0x100984	0x10097f0xc07B0x5e7
0x100985	0x10097f0x8fbB0x3fd
0x100985	0x10097f0xc07B0x5e7
0x100986	0x10097f0x8fbB0x3fd
0x100986	0x10097f0xc07B0x5e7
0x1009a7	0x1009a6B0xb09
0x1009a7	0x1009a6B0xb3d
0x1009a8	0x1009a6B0xb09
0x1009a8	0x1009a6B0xb3d
0x1009a9	0x1009a6B0xb09
0x1009a9	0x1009a6B0xb3d
0x1009aa	0x1009a6B0xb09
0x1009aa	0x1009a6B0xb3d
0x1009ab	0x1009a6B0xb09
0x1009ab	0x1009a6B0xb3d
0x1009ac	0x1009a6B0xb09
0x1009ac	0x1009a6B0xb3d
0x1009ad	0x1009a6B0xb09
0x1009ad	0x1009a6B0xb3d
0x1009d2	0x1009d1B0x137c
0x1009d2	0x1009d1B0x15e2
0x1009d3	0x1009d1B0x137c
0x1009d3	0x1009d1B0x15e2
0x1009f8	0x1009f7B0x137c
0x1009f8	0x1009f7B0x15e2
0x1009f9	0x1009f7B0x137c
0x1009f9	0x1009f7B0x15e2
0x1009fa	0x1009f7B0x137c
0x1009fa	0x1009f7B0x15e2
0x1009fb	0x1009f7B0x137c
0x1009fb	0x1009f7B0x15e2
0x1009fc	0x1009f7B0x137c
0x1009fc	0x1009f7B0x15e2
0x1009fd	0x1009f7B0x137c
0x1009fd	0x1009f7B0x15e2
0x1009fe	0x1009f7B0x137c
0x1009fe	0x1009f7B0x15e2
0x1009ff	0x1009f7B0x137c
0x1009ff	0x1009f7B0x15e2
0x100a00	0x1009f7B0x137c
0x100a00	0x1009f7B0x15e2
0x100a01	0x1009f7B0x137c
0x100a01	0x1009f7B0x15e2
0x100a23	0x100a22
0x100a24	0x100a22
0x100a25	0x100a22
0x100a26	0x100a22
0x100a27	0x100a22
0x100a28	0x100a22
0x100a29	0x100a22
0x100a4b	0x100a4aB0x1da7B0x15c7
0x100a4c	0x100a4aB0x1da7B0x15c7
0x100a4d	0x100a4aB0x1da7B0x15c7
0x100a4e	0x100a4aB0x1da7B0x15c7
0x100a70	0x100a6fB0x1e6bB0x15c7
0x100a71	0x100a6fB0x1e6bB0x15c7
0x100a72	0x100a6fB0x1e6bB0x15c7
0x100a73	0x100a6fB0x1e6bB0x15c7
0x100a74	0x100a6fB0x1e6bB0x15c7
0x100a75	0x100a6fB0x1e6bB0x15c7
0x100a97	0x100a96B0x232fB0x137c
0x100a97	0x100a96B0x232fB0x15e2
0x100abc	0x100abbB0x232fB0x137c
0x100abc	0x100abbB0x232fB0x15e2
0x100abd	0x100abbB0x232fB0x137c
0x100abd	0x100abbB0x232fB0x15e2
0x100abe	0x100abbB0x232fB0x137c
0x100abe	0x100abbB0x232fB0x15e2
0x100ae3	0x100ae2B0x23d7B0x137c
0x100ae3	0x100ae2B0x25c0B0x137c
0x100ae3	0x100ae2B0x26daB0x137c
0x100ae3	0x100ae2B0x2c4aB0x232fB0x137c
0x100ae3	0x100ae2B0x320eB0x232fB0x137c
0x100ae3	0x100ae2B0x23d7B0x15e2
0x100ae3	0x100ae2B0x25c0B0x15e2
0x100ae3	0x100ae2B0x26daB0x15e2
0x100ae3	0x100ae2B0x2c4aB0x232fB0x15e2
0x100ae3	0x100ae2B0x320eB0x232fB0x15e2
0x100ae4	0x100ae2B0x23d7B0x137c
0x100ae4	0x100ae2B0x25c0B0x137c
0x100ae4	0x100ae2B0x26daB0x137c
0x100ae4	0x100ae2B0x2c4aB0x232fB0x137c
0x100ae4	0x100ae2B0x320eB0x232fB0x137c
0x100ae4	0x100ae2B0x23d7B0x15e2
0x100ae4	0x100ae2B0x25c0B0x15e2
0x100ae4	0x100ae2B0x26daB0x15e2
0x100ae4	0x100ae2B0x2c4aB0x232fB0x15e2
0x100ae4	0x100ae2B0x320eB0x232fB0x15e2
0x100ae5	0x100ae2B0x23d7B0x137c
0x100ae5	0x100ae2B0x25c0B0x137c
0x100ae5	0x100ae2B0x26daB0x137c
0x100ae5	0x100ae2B0x2c4aB0x232fB0x137c
0x100ae5	0x100ae2B0x320eB0x232fB0x137c
0x100ae5	0x100ae2B0x23d7B0x15e2
0x100ae5	0x100ae2B0x25c0B0x15e2
0x100ae5	0x100ae2B0x26daB0x15e2
0x100ae5	0x100ae2B0x2c4aB0x232fB0x15e2
0x100ae5	0x100ae2B0x320eB0x232fB0x15e2
0x100ae6	0x100ae2B0x23d7B0x137c
0x100ae6	0x100ae2B0x25c0B0x137c
0x100ae6	0x100ae2B0x26daB0x137c
0x100ae6	0x100ae2B0x2c4aB0x232fB0x137c
0x100ae6	0x100ae2B0x320eB0x232fB0x137c
0x100ae6	0x100ae2B0x23d7B0x15e2
0x100ae6	0x100ae2B0x25c0B0x15e2
0x100ae6	0x100ae2B0x26daB0x15e2
0x100ae6	0x100ae2B0x2c4aB0x232fB0x15e2
0x100ae6	0x100ae2B0x320eB0x232fB0x15e2
0x100ae7	0x100ae2B0x23d7B0x137c
0x100ae7	0x100ae2B0x25c0B0x137c
0x100ae7	0x100ae2B0x26daB0x137c
0x100ae7	0x100ae2B0x2c4aB0x232fB0x137c
0x100ae7	0x100ae2B0x320eB0x232fB0x137c
0x100ae7	0x100ae2B0x23d7B0x15e2
0x100ae7	0x100ae2B0x25c0B0x15e2
0x100ae7	0x100ae2B0x26daB0x15e2
0x100ae7	0x100ae2B0x2c4aB0x232fB0x15e2
0x100ae7	0x100ae2B0x320eB0x232fB0x15e2
0x100ae8	0x100ae2B0x23d7B0x137c
0x100ae8	0x100ae2B0x25c0B0x137c
0x100ae8	0x100ae2B0x26daB0x137c
0x100ae8	0x100ae2B0x2c4aB0x232fB0x137c
0x100ae8	0x100ae2B0x320eB0x232fB0x137c
0x100ae8	0x100ae2B0x23d7B0x15e2
0x100ae8	0x100ae2B0x25c0B0x15e2
0x100ae8	0x100ae2B0x26daB0x15e2
0x100ae8	0x100ae2B0x2c4aB0x232fB0x15e2
0x100ae8	0x100ae2B0x320eB0x232fB0x15e2
0x100ae9	0x100ae2B0x23d7B0x137c
0x100ae9	0x100ae2B0x25c0B0x137c
0x100ae9	0x100ae2B0x26daB0x137c
0x100ae9	0x100ae2B0x2c4aB0x232fB0x137c
0x100ae9	0x100ae2B0x320eB0x232fB0x137c
0x100ae9	0x100ae2B0x23d7B0x15e2
0x100ae9	0x100ae2B0x25c0B0x15e2
0x100ae9	0x100ae2B0x26daB0x15e2
0x100ae9	0x100ae2B0x2c4aB0x232fB0x15e2
0x100ae9	0x100ae2B0x320eB0x232fB0x15e2
0x100aea	0x100ae2B0x23d7B0x137c
0x100aea	0x100ae2B0x25c0B0x137c
0x100aea	0x100ae2B0x26daB0x137c
0x100aea	0x100ae2B0x2c4aB0x232fB0x137c
0x100aea	0x100ae2B0x320eB0x232fB0x137c
0x100aea	0x100ae2B0x23d7B0x15e2
0x100aea	0x100ae2B0x25c0B0x15e2
0x100aea	0x100ae2B0x26daB0x15e2
0x100aea	0x100ae2B0x2c4aB0x232fB0x15e2
0x100aea	0x100ae2B0x320eB0x232fB0x15e2
0x100b0c	0x100b0bB0x2a5aB0x1e6bB0x15c7
0x100b0d	0x100b0bB0x2a5aB0x1e6bB0x15c7
0x100b0e	0x100b0bB0x2a5aB0x1e6bB0x15c7
0x100b0f	0x100b0bB0x2a5aB0x1e6bB0x15c7
0x100b10	0x100b0bB0x2a5aB0x1e6bB0x15c7
0x100b11	0x100b0bB0x2a5aB0x1e6bB0x15c7
0x100b12	0x100b0bB0x2a5aB0x1e6bB0x15c7
0x100b39	0x100b33B0x1bf1B0x137c
0x100b39	0x100b33B0x1bf1B0x15e2
0x100b3a	0x100b33B0x1bf1B0x137c
0x100b3a	0x100b33B0x1bf1B0x15e2
0x100b41	0x100b33B0x1bf1B0x137c
0x100b41	0x100b33B0x1bf1B0x15e2
0x100b42	0x100b33B0x1bf1B0x137c
0x100b42	0x100b33B0x1bf1B0x15e2
0x100b45	0x100b33B0x1bf1B0x137c
0x100b45	0x100b33B0x1bf1B0x15e2
0x100b6e	0x100b6a
0x100b6f	0x100b6a
0x100b71	0x100b6a
0x100b96	0x100b92
0x100b97	0x100b92
0x100b99	0x100b92
0x100bbe	0x100bba
0x100bbf	0x100bba
0x100bc1	0x100bba
0x100be6	0x100be2
0x100be7	0x100be2
0x100be9	0x100be2
0x100c0e	0x100c0a
0x100c0f	0x100c0a
0x100c11	0x100c0a
0x100c36	0x100c32
0x100c37	0x100c32
0x100c39	0x100c32
0x100c5e	0x100c5a
0x100c5f	0x100c5a
0x100c61	0x100c5a
0x100c86	0x100c82
0x100c87	0x100c82
0x100c89	0x100c82
0x100cae	0x100caa
0x100caf	0x100caa
0x100cb1	0x100caa
0x100cd6	0x100cd2
0x100cd7	0x100cd2
0x100cd9	0x100cd2
0x100cfe	0x100cfa
0x100cff	0x100cfa
0x100d01	0x100cfa
0x100d26	0x100d22
0x100d27	0x100d22
0x100d29	0x100d22
0x100d4e	0x100d4a
0x100d4f	0x100d4a
0x100d51	0x100d4a
0x100d76	0x100d72
0x100d77	0x100d72
0x100d79	0x100d72
0x100d9e	0x100d9a
0x100d9f	0x100d9a
0x100da1	0x100d9a
0x100dc6	0x100dc2
0x100dc7	0x100dc2
0x100dc9	0x100dc2
0x100dee	0x100dea
0x100def	0x100dea
0x100df1	0x100dea
0x100e16	0x100e12
0x100e17	0x100e12
0x100e19	0x100e12
0x100e3e	0x100e3a
0x100e3f	0x100e3a
0x100e41	0x100e3a
0x100e66	0x100e62
0x100e67	0x100e62
0x100e69	0x100e62
0x100eb6	0x100eb2
0x100eb7	0x100eb2
0x100eb9	0x100eb2
0x100f06	0x100f02
0x100f07	0x100f02
0x100f09	0x100f02
0x100f2e	0x100f2a
0x100f2f	0x100f2a
0x100f31	0x100f2a
0x100f56	0x100f52
0x100f57	0x100f52
0x100f59	0x100f52
0x100f7e	0x100f7a
0x100f7f	0x100f7a
0x100f81	0x100f7a
0x101018	0x101017B0xb09
0x101018	0x101017B0xb3d
0x101019	0x101017B0xb09
0x101019	0x101017B0xb3d
0x10101a	0x101017B0xb09
0x10101a	0x101017B0xb3d
0x10101b	0x101017B0xb09
0x10101b	0x101017B0xb3d
0x10103d	0x10103cB0xb09
0x10103d	0x10103cB0xb3d
0x10103e	0x10103cB0xb09
0x10103e	0x10103cB0xb3d
0x10103f	0x10103cB0xb09
0x10103f	0x10103cB0xb3d
0x101040	0x10103cB0xb09
0x101040	0x10103cB0xb3d
0x101062	0x101061B0xb09
0x101062	0x101061B0xb3d
0x101063	0x101061B0xb09
0x101063	0x101061B0xb3d
0x101064	0x101061B0xb09
0x101064	0x101061B0xb3d
0x101065	0x101061B0xb09
0x101065	0x101061B0xb3d
0x101087	0x101086B0x17f2B0x1225
0x101088	0x101086B0x17f2B0x1225
0x101089	0x101086B0x17f2B0x1225
0x10108a	0x101086B0x17f2B0x1225
0x1010d1	0x1010d0B0x137c
0x1010d1	0x1010d0B0x15e2
0x1010d2	0x1010d0B0x137c
0x1010d2	0x1010d0B0x15e2
0x1010d3	0x1010d0B0x137c
0x1010d3	0x1010d0B0x15e2
0x1010d4	0x1010d0B0x137c
0x1010d4	0x1010d0B0x15e2
0x1010d5	0x1010d0B0x137c
0x1010d5	0x1010d0B0x15e2
0x1010d6	0x1010d0B0x137c
0x1010d6	0x1010d0B0x15e2
0x1010d7	0x1010d0B0x137c
0x1010d7	0x1010d0B0x15e2
0x1010d8	0x1010d0B0x137c
0x1010d8	0x1010d0B0x15e2
0x1010d9	0x1010d0B0x137c
0x1010d9	0x1010d0B0x15e2
0x1010da	0x1010d0B0x137c
0x1010da	0x1010d0B0x15e2
0x1010fc	0x1010fbB0x137c
0x1010fc	0x1010fbB0x15e2
0x1010fd	0x1010fbB0x137c
0x1010fd	0x1010fbB0x15e2
0x1010fe	0x1010fbB0x137c
0x1010fe	0x1010fbB0x15e2
0x1010ff	0x1010fbB0x137c
0x1010ff	0x1010fbB0x15e2
0x101100	0x1010fbB0x137c
0x101100	0x1010fbB0x15e2
0x101101	0x1010fbB0x137c
0x101101	0x1010fbB0x15e2
0x101102	0x1010fbB0x137c
0x101102	0x1010fbB0x15e2
0x101103	0x1010fbB0x137c
0x101103	0x1010fbB0x15e2
0x101104	0x1010fbB0x137c
0x101104	0x1010fbB0x15e2
0x101105	0x1010fbB0x137c
0x101105	0x1010fbB0x15e2
0x101127	0x101126B0x232fB0x137c
0x101127	0x101126B0x232fB0x15e2
0x101128	0x101126B0x232fB0x137c
0x101128	0x101126B0x232fB0x15e2
0x101129	0x101126B0x232fB0x137c
0x101129	0x101126B0x232fB0x15e2
0x10112a	0x101126B0x232fB0x137c
0x10112a	0x101126B0x232fB0x15e2
0x10112b	0x101126B0x232fB0x137c
0x10112b	0x101126B0x232fB0x15e2
0x10112c	0x101126B0x232fB0x137c
0x10112c	0x101126B0x232fB0x15e2
0x10112d	0x101126B0x232fB0x137c
0x10112d	0x101126B0x232fB0x15e2
0x10112e	0x101126B0x232fB0x137c
0x10112e	0x101126B0x232fB0x15e2
0x10112f	0x101126B0x232fB0x137c
0x10112f	0x101126B0x232fB0x15e2
0x101130	0x101126B0x232fB0x137c
0x101130	0x101126B0x232fB0x15e2
0x101152	0x101151B0x232fB0x137c
0x101152	0x101151B0x232fB0x15e2
0x101153	0x101151B0x232fB0x137c
0x101153	0x101151B0x232fB0x15e2
0x101154	0x101151B0x232fB0x137c
0x101154	0x101151B0x232fB0x15e2
0x101155	0x101151B0x232fB0x137c
0x101155	0x101151B0x232fB0x15e2
0x101156	0x101151B0x232fB0x137c
0x101156	0x101151B0x232fB0x15e2
0x101157	0x101151B0x232fB0x137c
0x101157	0x101151B0x232fB0x15e2
0x101158	0x101151B0x232fB0x137c
0x101158	0x101151B0x232fB0x15e2
0x101159	0x101151B0x232fB0x137c
0x101159	0x101151B0x232fB0x15e2
0x10115a	0x101151B0x232fB0x137c
0x10115a	0x101151B0x232fB0x15e2
0x10115b	0x101151B0x232fB0x137c
0x10115b	0x101151B0x232fB0x15e2
0x10117d	0x10117cB0x232fB0x137c
0x10117d	0x10117cB0x232fB0x15e2
0x10117e	0x10117cB0x232fB0x137c
0x10117e	0x10117cB0x232fB0x15e2
0x10117f	0x10117cB0x232fB0x137c
0x10117f	0x10117cB0x232fB0x15e2
0x101180	0x10117cB0x232fB0x137c
0x101180	0x10117cB0x232fB0x15e2
0x101181	0x10117cB0x232fB0x137c
0x101181	0x10117cB0x232fB0x15e2
0x101182	0x10117cB0x232fB0x137c
0x101182	0x10117cB0x232fB0x15e2
0x101183	0x10117cB0x232fB0x137c
0x101183	0x10117cB0x232fB0x15e2
0x101184	0x10117cB0x232fB0x137c
0x101184	0x10117cB0x232fB0x15e2
0x101185	0x10117cB0x232fB0x137c
0x101185	0x10117cB0x232fB0x15e2
0x101186	0x10117cB0x232fB0x137c
0x101186	0x10117cB0x232fB0x15e2
0x1011a8	0x1011a7B0x232fB0x137c
0x1011a8	0x1011a7B0x232fB0x15e2
0x1011a9	0x1011a7B0x232fB0x137c
0x1011a9	0x1011a7B0x232fB0x15e2
0x1011aa	0x1011a7B0x232fB0x137c
0x1011aa	0x1011a7B0x232fB0x15e2
0x1011ab	0x1011a7B0x232fB0x137c
0x1011ab	0x1011a7B0x232fB0x15e2
0x1011ac	0x1011a7B0x232fB0x137c
0x1011ac	0x1011a7B0x232fB0x15e2
0x1011ad	0x1011a7B0x232fB0x137c
0x1011ad	0x1011a7B0x232fB0x15e2
0x1011ae	0x1011a7B0x232fB0x137c
0x1011ae	0x1011a7B0x232fB0x15e2
0x1011af	0x1011a7B0x232fB0x137c
0x1011af	0x1011a7B0x232fB0x15e2
0x1011b0	0x1011a7B0x232fB0x137c
0x1011b0	0x1011a7B0x232fB0x15e2
0x1011b1	0x1011a7B0x232fB0x137c
0x1011b1	0x1011a7B0x232fB0x15e2
0x1011d3	0x1011d2B0x232fB0x137c
0x1011d3	0x1011d2B0x232fB0x15e2
0x1011d4	0x1011d2B0x232fB0x137c
0x1011d4	0x1011d2B0x232fB0x15e2
0x1011d5	0x1011d2B0x232fB0x137c
0x1011d5	0x1011d2B0x232fB0x15e2
0x1011d6	0x1011d2B0x232fB0x137c
0x1011d6	0x1011d2B0x232fB0x15e2
0x1011d7	0x1011d2B0x232fB0x137c
0x1011d7	0x1011d2B0x232fB0x15e2
0x1011d8	0x1011d2B0x232fB0x137c
0x1011d8	0x1011d2B0x232fB0x15e2
0x1011d9	0x1011d2B0x232fB0x137c
0x1011d9	0x1011d2B0x232fB0x15e2
0x1011da	0x1011d2B0x232fB0x137c
0x1011da	0x1011d2B0x232fB0x15e2
0x1011db	0x1011d2B0x232fB0x137c
0x1011db	0x1011d2B0x232fB0x15e2
0x1011dc	0x1011d2B0x232fB0x137c
0x1011dc	0x1011d2B0x232fB0x15e2
0x1011fe	0x1011fdB0x47b8B0x467aB0x464aB0x381f
0x1011fe	0x1011fdB0x47b8B0x467aB0x3ca2B0x3c13
0x1011fe	0x1011fdB0x47b8B0x467aB0x3ca2B0x382e
0x1011fe	0x1011fdB0x47b8B0x467aB0x3ca2B0x2dfdB0x232fB0x137c
0x1011fe	0x1011fdB0x47b8B0x467aB0x3ca2B0x3eeaB0x232fB0x137c
0x1011fe	0x1011fdB0x47b8B0x467aB0x464aB0x40c3B0x232fB0x137c
0x1011fe	0x1011fdB0x47b8B0x467aB0x3ca2B0x2dfdB0x232fB0x15e2
0x1011fe	0x1011fdB0x47b8B0x467aB0x3ca2B0x3eeaB0x232fB0x15e2
0x1011fe	0x1011fdB0x47b8B0x467aB0x464aB0x40c3B0x232fB0x15e2
0x1011ff	0x1011fdB0x47b8B0x467aB0x464aB0x381f
0x1011ff	0x1011fdB0x47b8B0x467aB0x3ca2B0x3c13
0x1011ff	0x1011fdB0x47b8B0x467aB0x3ca2B0x382e
0x1011ff	0x1011fdB0x47b8B0x467aB0x3ca2B0x2dfdB0x232fB0x137c
0x1011ff	0x1011fdB0x47b8B0x467aB0x3ca2B0x3eeaB0x232fB0x137c
0x1011ff	0x1011fdB0x47b8B0x467aB0x464aB0x40c3B0x232fB0x137c
0x1011ff	0x1011fdB0x47b8B0x467aB0x3ca2B0x2dfdB0x232fB0x15e2
0x1011ff	0x1011fdB0x47b8B0x467aB0x3ca2B0x3eeaB0x232fB0x15e2
0x1011ff	0x1011fdB0x47b8B0x467aB0x464aB0x40c3B0x232fB0x15e2
0x101200	0x1011fdB0x47b8B0x467aB0x464aB0x381f
0x101200	0x1011fdB0x47b8B0x467aB0x3ca2B0x3c13
0x101200	0x1011fdB0x47b8B0x467aB0x3ca2B0x382e
0x101200	0x1011fdB0x47b8B0x467aB0x3ca2B0x2dfdB0x232fB0x137c
0x101200	0x1011fdB0x47b8B0x467aB0x3ca2B0x3eeaB0x232fB0x137c
0x101200	0x1011fdB0x47b8B0x467aB0x464aB0x40c3B0x232fB0x137c
0x101200	0x1011fdB0x47b8B0x467aB0x3ca2B0x2dfdB0x232fB0x15e2
0x101200	0x1011fdB0x47b8B0x467aB0x3ca2B0x3eeaB0x232fB0x15e2
0x101200	0x1011fdB0x47b8B0x467aB0x464aB0x40c3B0x232fB0x15e2
0x101201	0x1011fdB0x47b8B0x467aB0x464aB0x381f
0x101201	0x1011fdB0x47b8B0x467aB0x3ca2B0x3c13
0x101201	0x1011fdB0x47b8B0x467aB0x3ca2B0x382e
0x101201	0x1011fdB0x47b8B0x467aB0x3ca2B0x2dfdB0x232fB0x137c
0x101201	0x1011fdB0x47b8B0x467aB0x3ca2B0x3eeaB0x232fB0x137c
0x101201	0x1011fdB0x47b8B0x467aB0x464aB0x40c3B0x232fB0x137c
0x101201	0x1011fdB0x47b8B0x467aB0x3ca2B0x2dfdB0x232fB0x15e2
0x101201	0x1011fdB0x47b8B0x467aB0x3ca2B0x3eeaB0x232fB0x15e2
0x101201	0x1011fdB0x47b8B0x467aB0x464aB0x40c3B0x232fB0x15e2
0x101202	0x1011fdB0x47b8B0x467aB0x464aB0x381f
0x101202	0x1011fdB0x47b8B0x467aB0x3ca2B0x3c13
0x101202	0x1011fdB0x47b8B0x467aB0x3ca2B0x382e
0x101202	0x1011fdB0x47b8B0x467aB0x3ca2B0x2dfdB0x232fB0x137c
0x101202	0x1011fdB0x47b8B0x467aB0x3ca2B0x3eeaB0x232fB0x137c
0x101202	0x1011fdB0x47b8B0x467aB0x464aB0x40c3B0x232fB0x137c
0x101202	0x1011fdB0x47b8B0x467aB0x3ca2B0x2dfdB0x232fB0x15e2
0x101202	0x1011fdB0x47b8B0x467aB0x3ca2B0x3eeaB0x232fB0x15e2
0x101202	0x1011fdB0x47b8B0x467aB0x464aB0x40c3B0x232fB0x15e2
0x101203	0x1011fdB0x47b8B0x467aB0x464aB0x381f
0x101203	0x1011fdB0x47b8B0x467aB0x3ca2B0x3c13
0x101203	0x1011fdB0x47b8B0x467aB0x3ca2B0x382e
0x101203	0x1011fdB0x47b8B0x467aB0x3ca2B0x2dfdB0x232fB0x137c
0x101203	0x1011fdB0x47b8B0x467aB0x3ca2B0x3eeaB0x232fB0x137c
0x101203	0x1011fdB0x47b8B0x467aB0x464aB0x40c3B0x232fB0x137c
0x101203	0x1011fdB0x47b8B0x467aB0x3ca2B0x2dfdB0x232fB0x15e2
0x101203	0x1011fdB0x47b8B0x467aB0x3ca2B0x3eeaB0x232fB0x15e2
0x101203	0x1011fdB0x47b8B0x467aB0x464aB0x40c3B0x232fB0x15e2
0x101225	0x101224B0x47b8B0x467aB0x464aB0x381f
0x101225	0x101224B0x47b8B0x467aB0x3ca2B0x3c13
0x101225	0x101224B0x47b8B0x467aB0x3ca2B0x382e
0x101225	0x101224B0x47b8B0x467aB0x3ca2B0x2dfdB0x232fB0x137c
0x101225	0x101224B0x47b8B0x467aB0x3ca2B0x3eeaB0x232fB0x137c
0x101225	0x101224B0x47b8B0x467aB0x464aB0x40c3B0x232fB0x137c
0x101225	0x101224B0x47b8B0x467aB0x3ca2B0x2dfdB0x232fB0x15e2
0x101225	0x101224B0x47b8B0x467aB0x3ca2B0x3eeaB0x232fB0x15e2
0x101225	0x101224B0x47b8B0x467aB0x464aB0x40c3B0x232fB0x15e2
0x101226	0x101224B0x47b8B0x467aB0x464aB0x381f
0x101226	0x101224B0x47b8B0x467aB0x3ca2B0x3c13
0x101226	0x101224B0x47b8B0x467aB0x3ca2B0x382e
0x101226	0x101224B0x47b8B0x467aB0x3ca2B0x2dfdB0x232fB0x137c
0x101226	0x101224B0x47b8B0x467aB0x3ca2B0x3eeaB0x232fB0x137c
0x101226	0x101224B0x47b8B0x467aB0x464aB0x40c3B0x232fB0x137c
0x101226	0x101224B0x47b8B0x467aB0x3ca2B0x2dfdB0x232fB0x15e2
0x101226	0x101224B0x47b8B0x467aB0x3ca2B0x3eeaB0x232fB0x15e2
0x101226	0x101224B0x47b8B0x467aB0x464aB0x40c3B0x232fB0x15e2
0x101227	0x101224B0x47b8B0x467aB0x464aB0x381f
0x101227	0x101224B0x47b8B0x467aB0x3ca2B0x3c13
0x101227	0x101224B0x47b8B0x467aB0x3ca2B0x382e
0x101227	0x101224B0x47b8B0x467aB0x3ca2B0x2dfdB0x232fB0x137c
0x101227	0x101224B0x47b8B0x467aB0x3ca2B0x3eeaB0x232fB0x137c
0x101227	0x101224B0x47b8B0x467aB0x464aB0x40c3B0x232fB0x137c
0x101227	0x101224B0x47b8B0x467aB0x3ca2B0x2dfdB0x232fB0x15e2
0x101227	0x101224B0x47b8B0x467aB0x3ca2B0x3eeaB0x232fB0x15e2
0x101227	0x101224B0x47b8B0x467aB0x464aB0x40c3B0x232fB0x15e2
0x101228	0x101224B0x47b8B0x467aB0x464aB0x381f
0x101228	0x101224B0x47b8B0x467aB0x3ca2B0x3c13
0x101228	0x101224B0x47b8B0x467aB0x3ca2B0x382e
0x101228	0x101224B0x47b8B0x467aB0x3ca2B0x2dfdB0x232fB0x137c
0x101228	0x101224B0x47b8B0x467aB0x3ca2B0x3eeaB0x232fB0x137c
0x101228	0x101224B0x47b8B0x467aB0x464aB0x40c3B0x232fB0x137c
0x101228	0x101224B0x47b8B0x467aB0x3ca2B0x2dfdB0x232fB0x15e2
0x101228	0x101224B0x47b8B0x467aB0x3ca2B0x3eeaB0x232fB0x15e2
0x101228	0x101224B0x47b8B0x467aB0x464aB0x40c3B0x232fB0x15e2
0x101229	0x101224B0x47b8B0x467aB0x464aB0x381f
0x101229	0x101224B0x47b8B0x467aB0x3ca2B0x3c13
0x101229	0x101224B0x47b8B0x467aB0x3ca2B0x382e
0x101229	0x101224B0x47b8B0x467aB0x3ca2B0x2dfdB0x232fB0x137c
0x101229	0x101224B0x47b8B0x467aB0x3ca2B0x3eeaB0x232fB0x137c
0x101229	0x101224B0x47b8B0x467aB0x464aB0x40c3B0x232fB0x137c
0x101229	0x101224B0x47b8B0x467aB0x3ca2B0x2dfdB0x232fB0x15e2
0x101229	0x101224B0x47b8B0x467aB0x3ca2B0x3eeaB0x232fB0x15e2
0x101229	0x101224B0x47b8B0x467aB0x464aB0x40c3B0x232fB0x15e2
0x10122a	0x101224B0x47b8B0x467aB0x464aB0x381f
0x10122a	0x101224B0x47b8B0x467aB0x3ca2B0x3c13
0x10122a	0x101224B0x47b8B0x467aB0x3ca2B0x382e
0x10122a	0x101224B0x47b8B0x467aB0x3ca2B0x2dfdB0x232fB0x137c
0x10122a	0x101224B0x47b8B0x467aB0x3ca2B0x3eeaB0x232fB0x137c
0x10122a	0x101224B0x47b8B0x467aB0x464aB0x40c3B0x232fB0x137c
0x10122a	0x101224B0x47b8B0x467aB0x3ca2B0x2dfdB0x232fB0x15e2
0x10122a	0x101224B0x47b8B0x467aB0x3ca2B0x3eeaB0x232fB0x15e2
0x10122a	0x101224B0x47b8B0x467aB0x464aB0x40c3B0x232fB0x15e2
0x10124c	0x10124bB0x1bf1B0x137c
0x10124c	0x10124bB0x1bf1B0x15e2
0x10124d	0x10124bB0x1bf1B0x137c
0x10124d	0x10124bB0x1bf1B0x15e2
0x10124e	0x10124bB0x1bf1B0x137c
0x10124e	0x10124bB0x1bf1B0x15e2
0x10124f	0x10124bB0x1bf1B0x137c
0x10124f	0x10124bB0x1bf1B0x15e2
0x101250	0x10124bB0x1bf1B0x137c
0x101250	0x10124bB0x1bf1B0x15e2
0x101251	0x10124bB0x1bf1B0x137c
0x101251	0x10124bB0x1bf1B0x15e2
0x101276	0x101272
0x101277	0x101272
0x101279	0x101272
0x10129e	0x10129a
0x10129f	0x10129a
0x1012a1	0x10129a
0x1012c6	0x1012c2
0x1012c7	0x1012c2
0x1012c9	0x1012c2
0x1012ee	0x1012ea
0x1012ef	0x1012ea
0x1012f1	0x1012ea
0x101313	0x101312B0xb09
0x101313	0x101312B0xb3d
0x101314	0x101312B0xb09
0x101314	0x101312B0xb3d
0x101315	0x101312B0xb09
0x101315	0x101312B0xb3d
0x101316	0x101312B0xb09
0x101316	0x101312B0xb3d
0x101338	0x101337B0x137c
0x101338	0x101337B0x15e2
0x101339	0x101337B0x137c
0x101339	0x101337B0x15e2
0x10133a	0x101337B0x137c
0x10133a	0x101337B0x15e2
0x10133b	0x101337B0x137c
0x10133b	0x101337B0x15e2
0x10133c	0x101337B0x137c
0x10133c	0x101337B0x15e2
0x10133d	0x101337B0x137c
0x10133d	0x101337B0x15e2
0x10133e	0x101337B0x137c
0x10133e	0x101337B0x15e2
0x10133f	0x101337B0x137c
0x10133f	0x101337B0x15e2
0x101340	0x101337B0x137c
0x101340	0x101337B0x15e2
0x101341	0x101337B0x137c
0x101341	0x101337B0x15e2
0x101363	0x101362B0x232fB0x137c
0x101363	0x101362B0x232fB0x15e2
0x101364	0x101362B0x232fB0x137c
0x101364	0x101362B0x232fB0x15e2
0x101365	0x101362B0x232fB0x137c
0x101365	0x101362B0x232fB0x15e2
0x101366	0x101362B0x232fB0x137c
0x101366	0x101362B0x232fB0x15e2
0x101367	0x101362B0x232fB0x137c
0x101367	0x101362B0x232fB0x15e2
0x101368	0x101362B0x232fB0x137c
0x101368	0x101362B0x232fB0x15e2
0x101369	0x101362B0x232fB0x137c
0x101369	0x101362B0x232fB0x15e2
0x10136a	0x101362B0x232fB0x137c
0x10136a	0x101362B0x232fB0x15e2
0x10136b	0x101362B0x232fB0x137c
0x10136b	0x101362B0x232fB0x15e2
0x10136c	0x101362B0x232fB0x137c
0x10136c	0x101362B0x232fB0x15e2
0x10138e	0x10138dB0x232fB0x137c
0x10138e	0x10138dB0x232fB0x15e2
0x10138f	0x10138dB0x232fB0x137c
0x10138f	0x10138dB0x232fB0x15e2
0x101390	0x10138dB0x232fB0x137c
0x101390	0x10138dB0x232fB0x15e2
0x101391	0x10138dB0x232fB0x137c
0x101391	0x10138dB0x232fB0x15e2
0x101392	0x10138dB0x232fB0x137c
0x101392	0x10138dB0x232fB0x15e2
0x101393	0x10138dB0x232fB0x137c
0x101393	0x10138dB0x232fB0x15e2
0x101394	0x10138dB0x232fB0x137c
0x101394	0x10138dB0x232fB0x15e2
0x101395	0x10138dB0x232fB0x137c
0x101395	0x10138dB0x232fB0x15e2
0x101396	0x10138dB0x232fB0x137c
0x101396	0x10138dB0x232fB0x15e2
0x101397	0x10138dB0x232fB0x137c
0x101397	0x10138dB0x232fB0x15e2
0x1013b9	0x1013b8B0x1bf1B0x137c
0x1013b9	0x1013b8B0x1bf1B0x15e2
0x1013ba	0x1013b8B0x1bf1B0x137c
0x1013ba	0x1013b8B0x1bf1B0x15e2
0x1013bb	0x1013b8B0x1bf1B0x137c
0x1013bb	0x1013b8B0x1bf1B0x15e2
0x1013bc	0x1013b8B0x1bf1B0x137c
0x1013bc	0x1013b8B0x1bf1B0x15e2
0x1013bd	0x1013b8B0x1bf1B0x137c
0x1013bd	0x1013b8B0x1bf1B0x15e2
0x1013be	0x1013b8B0x1bf1B0x137c
0x1013be	0x1013b8B0x1bf1B0x15e2
