0x0	nil
0x40	nil
0xf	nil
0x4	nil
0x8	nil
0x1f	nil
0x2	nil
0xa00	nil
0x5	nil
0x7	nil
0x9	nil
0xd	nil
0x10	nil
0x12	nil
0x14	nil
0x19	nil
0x1a	nil
0x24	nil
0x25	nil
0x2a	nil
0x2f	nil
0x30	nil
0x35	nil
0x3a	nil
0x45	nil
0x4b	nil
0x50	nil
0x56	nil
0x5b	nil
0x61	nil
0x66	nil
0x6c	nil
0x71	nil
0x76	nil
0x7c	nil
0x81	nil
0x87	nil
0x8c	nil
0x92	nil
0x97	nil
0x9d	nil
0xa2	nil
0xa8	nil
0xad	nil
0xb2	nil
0xb8	nil
0xbd	nil
0xbe	nil
0xc3	nil
0xc8	nil
0xce	nil
0xd3	nil
0xd9	nil
0xde	nil
0xe4	nil
0xe9	nil
0xef	nil
0xf4	nil
0xf9	nil
0xff	nil
0x104	nil
0x10a	nil
0x10f	nil
0x115	nil
0x11a	nil
0x120	nil
0x125	nil
0x12b	nil
0x130	nil
0x135	nil
0x13b	nil
0x140	nil
0x141	nil
0x146	nil
0x14b	nil
0x14c	nil
0x151	nil
0x156	nil
0x15c	nil
0x161	nil
0x167	nil
0x16c	nil
0x172	nil
0x177	nil
0x17d	nil
0x182	nil
0x187	nil
0x18d	nil
0x192	nil
0x198	nil
0x19d	nil
0x1a3	nil
0x1a8	nil
0x1ae	nil
0x1b3	nil
0x1b9	nil
0x1be	nil
0x1c3	nil
0x1c9	nil
0x1ce	nil
0x1cf	nil
0x1d4	nil
0x1d9	nil
0x1df	nil
0x1e4	nil
0x1ea	nil
0x1ef	nil
0x1f5	nil
0x1fa	nil
0x200	nil
0x205	nil
0x20a	nil
0x210	nil
0x215	nil
0x21b	nil
0x220	nil
0x226	nil
0x22b	nil
0x231	nil
0x236	nil
0x23c	nil
0x241	nil
0x246	nil
0x24b	nil
0x24c	nil
0x252	nil
0x257	nil
0x259	nil
0x25a	nil
0x25e	nil
0x264	nil
0x267	nil
0x26a	nil
0x26b	nil
0x26d	nil
0x272	nil
0x28c	nil
0x28e	nil
0x28f	nil
0x293	nil
0x299	nil
0x29c	nil
0x29f	nil
0x2a0	nil
0x2a2	nil
0x2a7	nil
0x2ae	nil
0x2b0	nil
0x2b1	nil
0x2b5	nil
0x2bb	nil
0x2be	nil
0x2c1	nil
0x2c2	nil
0x2c4	nil
0x2e4	nil
0x2e6	nil
0x2e7	nil
0x2eb	nil
0x2f1	nil
0x2f4	nil
0x307	nil
0x309	nil
0x30a	nil
0x30e	nil
0x314	nil
0x317	nil
0x31a	nil
0x31b	nil
0x31d	nil
0x322	nil
0x327	nil
0x329	nil
0x32c	nil
0x32f	nil
0x330	nil
0x332	nil
0x333	nil
0x337	nil
0x339	nil
0x33a	nil
0x33e	nil
0x344	nil
0x347	nil
0x34c	nil
0x34e	nil
0x34f	nil
0x353	nil
0x359	nil
0x35c	nil
0x361	nil
0x363	nil
0x364	nil
0x368	nil
0x36e	nil
0x371	nil
0x376	nil
0x378	nil
0x379	nil
0x37d	nil
0x383	nil
0x386	nil
0x389	nil
0x38a	nil
0x38c	nil
0x391	nil
0x396	nil
0x398	nil
0x399	nil
0x39d	nil
0x3a3	nil
0x3a6	nil
0x3a9	nil
0x3aa	nil
0x3ac	nil
0x3b1	nil
0x3b6	nil
0x3b8	nil
0x3b9	nil
0x3bd	nil
0x3c3	nil
0x3c6	nil
0x3c9	nil
0x3ca	nil
0x3cc	nil
0x3d1	nil
0x3d3	nil
0x3d5	nil
0x3d7	nil
0x3d8	nil
0x3d9	nil
0x3dd	nil
0x3df	nil
0x3e0	nil
0x3e4	nil
0x3ea	nil
0x3ed	nil
0x3f2	nil
0x3f4	nil
0x3f5	nil
0x3f9	nil
0x3ff	nil
0x402	nil
0x414	nil
0x416	nil
0x417	nil
0x41b	nil
0x421	nil
0x423	nil
0x424	nil
0x426	nil
0x427	nil
0x42c	nil
0x42e	nil
0x42f	nil
0x433	nil
0x439	nil
0x43c	nil
0x441	nil
0x443	nil
0x444	nil
0x448	nil
0x44e	nil
0x451	nil
0x454	nil
0x455	nil
0x457	nil
0x45c	nil
0x45e	nil
0x461	nil
0x466	nil
0x469	nil
0x46a	nil
0x46b	nil
0x46d	nil
0x471	nil
0x473	nil
0x474	nil
0x478	nil
0x47e	nil
0x481	nil
0x484	nil
0x485	nil
0x487	nil
0x48c	nil
0x491	nil
0x493	nil
0x494	nil
0x498	nil
0x49e	nil
0x4a1	nil
0x4a6	nil
0x4a8	nil
0x4a9	nil
0x4ad	nil
0x4b3	nil
0x4b6	nil
0x4bb	nil
0x4bd	nil
0x4be	nil
0x4c2	nil
0x4c8	nil
0x4cb	nil
0x4ce	nil
0x4cf	nil
0x4d1	nil
0x4d6	nil
0x4db	nil
0x4dd	nil
0x4de	nil
0x4e2	nil
0x4e8	nil
0x4eb	nil
0x4f0	nil
0x4f2	nil
0x4f3	nil
0x4f7	nil
0x4fd	nil
0x500	nil
0x505	nil
0x507	nil
0x508	nil
0x513	nil
0x518	nil
0x51a	nil
0x51b	nil
0x51f	nil
0x525	nil
0x528	nil
0x52b	nil
0x52c	nil
0x52e	nil
0x533	nil
0x538	nil
0x53a	nil
0x53b	nil
0x53f	nil
0x545	nil
0x548	nil
0x54b	nil
0x54c	nil
0x54e	nil
0x553	nil
0x558	nil
0x55a	nil
0x55b	nil
0x55f	nil
0x565	nil
0x568	nil
0x56b	nil
0x56c	nil
0x56e	nil
0x573	nil
0x575	nil
0x578	nil
0x57d	nil
0x580	nil
0x581	nil
0x582	nil
0x584	nil
0x586	nil
0x588	nil
0x589	nil
0x58a	nil
0x58e	nil
0x590	nil
0x591	nil
0x595	nil
0x59b	nil
0x59e	nil
0x5a3	nil
0x5a5	nil
0x5a6	nil
0x5aa	nil
0x5b0	nil
0x5b3	nil
0x5b8	nil
0x5ba	nil
0x5bb	nil
0x5bf	nil
0x5c5	nil
0x5c8	nil
0x5cd	nil
0x5cf	nil
0x5d0	nil
0x5d4	nil
0x5da	nil
0x5dd	nil
0x5e0	nil
0x5e1	nil
0x5e3	nil
0x5e8	nil
0x5ed	nil
0x5ef	nil
0x5f0	nil
0x5f4	nil
0x5fa	nil
0x5fd	nil
0x621	nil
0x623	nil
0x624	nil
0x628	nil
0x62e	nil
0x631	nil
0x636	nil
0x638	nil
0x639	nil
0x63d	nil
0x643	nil
0x646	nil
0x649	nil
0x64a	nil
0x64c	nil
0x651	nil
0x656	nil
0x658	nil
0x659	nil
0x65d	nil
0x663	nil
0x666	nil
0x669	nil
0x66a	nil
0x66c	nil
0x671	nil
0x676	nil
0x679	nil
0x67c	nil
0x67d	nil
0x67f	nil
0x684	nil
0x689	nil
0x68b	nil
0x68c	nil
0x690	nil
0x696	nil
0x699	nil
0x69c	nil
0x69d	nil
0x69f	nil
0x6a4	nil
0x6a9	nil
0x6ab	nil
0x6ac	nil
0x6b0	nil
0x6b6	nil
0x6b9	nil
0x6be	nil
0x6c0	nil
0x6c1	nil
0x6c5	nil
0x6cb	nil
0x6ce	nil
0x6d1	nil
0x6d2	nil
0x6d4	nil
0x6d9	nil
0x6de	nil
0x6e0	nil
0x6e1	nil
0x6e5	nil
0x6eb	nil
0x6ee	nil
0x6f1	nil
0x6f2	nil
0x6f4	nil
0x6f9	nil
0x6fe	nil
0x700	nil
0x701	nil
0x705	nil
0x70b	nil
0x70d	nil
0x70e	nil
0x712	nil
0x714	nil
0x716	nil
0x718	nil
0x719	nil
0x71a	nil
0x71e	nil
0x720	nil
0x721	nil
0x725	nil
0x72b	nil
0x72e	nil
0x752	nil
0x754	nil
0x755	nil
0x759	nil
0x75f	nil
0x762	nil
0x765	nil
0x766	nil
0x768	nil
0x76d	nil
0x76f	nil
0x772	nil
0x777	nil
0x77a	nil
0x77b	nil
0x77c	nil
0x77e	nil
0x782	nil
0x784	nil
0x785	nil
0x78a	nil
0x7d2	nil
0x7d4	nil
0x7d5	nil
0x7d8	nil
0x7da	nil
0x7db	nil
0x7de	nil
0x7e0	nil
0x7e2	nil
0x7fd	nil
0x7ff	nil
0x800	nil
0x802	nil
0x804	nil
0x805	nil
0x808	nil
0x80a	nil
0x80c	nil
0x80d	nil
0x812	nil
0x814	nil
0x815	nil
0x817	nil
0x819	nil
0x81a	nil
0x81d	nil
0x81f	nil
0x821	nil
0x822	nil
0x827	nil
0x829	nil
0x82a	nil
0x82d	nil
0x82f	nil
0x830	nil
0x833	nil
0x835	nil
0x837	nil
0x838	nil
0x98a	nil
0x98c	nil
0x98d	nil
0x990	nil
0x992	nil
0x993	nil
0x996	nil
0x998	nil
0x99a	nil
0x99b	nil
0x9a0	nil
0x9a2	nil
0x9a4	nil
0x9a7	nil
0x9a9	nil
0x9ac	nil
0x9ae	nil
0x9af	nil
0x9b1	nil
0x9b3	nil
0x9b5	nil
0x9b6	nil
0x9b7	nil
0x9b8	nil
0x9ba	nil
0x9bc	nil
0x9be	nil
0x9bf	nil
0x9c0	nil
0x9c1	nil
0x9c6	nil
0x9c8	nil
0x9ca	nil
0x9cf	nil
0x9d0	nil
0x9d2	nil
0x9d5	nil
0x9d7	nil
0x9d8	nil
0x9da	nil
0x9dc	nil
0x9df	nil
0x9e2	nil
0x9e3	nil
0x9e4	nil
0x9e6	nil
0x9e7	nil
0x9eb	nil
0x9ec	nil
0x9f0	nil
0x9f1	nil
0x9f9	nil
0x9fb	nil
0x9fc	nil
0x9fd	nil
0x9ff	nil
0xa03	nil
0xa04	nil
0xa06	nil
0xa08	nil
0xa0d	nil
0xa0f	nil
0xa14	nil
0xa1b	nil
0xa1d	nil
0xa1f	nil
0xa21	nil
0xa22	nil
0xa24	nil
0xa25	nil
0xa26	nil
0xa27	nil
0xa2b	nil
0xa2d	nil
0xa2e	nil
0xa32	nil
0xa34	nil
0xa37	nil
0xa39	nil
0xa3c	nil
0xa3e	nil
0xa40	nil
0xa43	nil
0xa45	nil
0xa59	nil
0xa5b	nil
0xa5c	nil
0xa5f	nil
0xa61	nil
0xa63	nil
0xa64	nil
0xa69	nil
0xa6f	nil
0xa72	nil
0xa77	nil
0xa7f	nil
0xa84	nil
0xa87	nil
0xa89	nil
0xa90	nil
0xa92	nil
0xa97	nil
0xa9a	nil
0xa9b	nil
0xaa4	nil
0xaa5	nil
0xaad	nil
0xaaf	nil
0xab0	nil
0xab3	nil
0xab5	nil
0xab6	nil
0xab9	nil
0xabb	nil
0xabd	nil
0xabe	nil
0xac3	nil
0xac5	nil
0xac6	nil
0xac9	nil
0xacb	nil
0xacc	nil
0xacf	nil
0xad1	nil
0xad3	nil
0xad4	nil
0xb0a	nil
0xb0c	nil
0xb13	nil
0xb16	nil
0xb37	nil
0xb39	nil
0xb3e	nil
0xb41	nil
0xb62	nil
0xb64	nil
0xb69	nil
0xb6c	nil
0xb6d	nil
0xb72	nil
0xb75	nil
0xb79	nil
0xb7b	nil
0xb7d	nil
0xb85	nil
0xb88	nil
0xbdd	nil
0xbdf	nil
0xbe0	nil
0xbe2	nil
0xbe4	nil
0xbe5	nil
0xbe8	nil
0xbea	nil
0xbec	nil
0xbed	nil
0xbf2	nil
0xbf4	nil
0xbf5	nil
0xbf8	nil
0xbfa	nil
0xbfb	nil
0xbfe	nil
0xc00	nil
0xc02	nil
0xc03	nil
0xc21	nil
0xc23	nil
0xc24	nil
0xc26	nil
0xc28	nil
0xc29	nil
0xc2c	nil
0xc2e	nil
0xc30	nil
0xc31	nil
0xd6a	nil
0xd6d	nil
0xd6e	nil
0xd71	nil
0xd72	nil
0xd77	nil
0xd79	nil
0xd7d	nil
0xd7e	nil
0xd83	nil
0xd85	nil
0xd87	nil
0xd89	nil
0xd8a	nil
0xd8b	nil
0xd8d	nil
0xd95	nil
0xd97	nil
0xd9c	nil
0xd9d	nil
0xda0	nil
0xda1	nil
0xda2	nil
0xda4	nil
0xda5	nil
0xda9	nil
0xdaa	nil
0xdae	nil
0xdaf	nil
0xdb7	nil
0xdb9	nil
0xdba	nil
0xdbb	nil
0xdbd	nil
0xdbe	nil
0xdc1	nil
0xdc2	nil
0xdc4	nil
0xdc6	nil
0xdcb	nil
0xdcd	nil
0xdd2	nil
0xdd9	nil
0xddb	nil
0xddd	nil
0xddf	nil
0xde0	nil
0xde2	nil
0xde3	nil
0xde4	nil
0xde5	nil
0xde9	nil
0xdeb	nil
0xdec	nil
0xdf0	nil
0xdf2	nil
0xdf5	nil
0xdf7	nil
0xdfa	nil
0xdfc	nil
0xdfe	nil
0xe01	nil
0xe03	nil
0xe17	nil
0xe19	nil
0xe1a	nil
0xe1d	nil
0xe1f	nil
0xe21	nil
0xe22	nil
0xe27	nil
0xe2a	nil
0xe2b	nil
0xe2d	nil
0xe2e	nil
0xe33	nil
0xe35	nil
0xe38	nil
0xe3a	nil
0xe3c	nil
0xe3e	nil
0xe3f	nil
0xe41	nil
0xe44	nil
0xe49	nil
0xe4c	nil
0xe4e	nil
0xe50	nil
0xe52	nil
0xe53	nil
0xe56	nil
0xe58	nil
0xe5e	nil
0xe60	nil
0xe61	nil
0xe63	nil
0xe65	nil
0xe68	nil
0xe6b	nil
0xe6c	nil
0xe6d	nil
0xe6f	nil
0xe70	nil
0xe74	nil
0xe75	nil
0xe79	nil
0xe7a	nil
0xe82	nil
0xe84	nil
0xe85	nil
0xe86	nil
0xe88	nil
0xe89	nil
0xe8c	nil
0xe8d	nil
0xe8f	nil
0xe91	nil
0xe96	nil
0xe98	nil
0xe9d	nil
0xea5	nil
0xea7	nil
0xea9	nil
0xeab	nil
0xeac	nil
0xead	nil
0xeaf	nil
0xeb1	nil
0xeb3	nil
0xeb5	nil
0xeb6	nil
0xeb7	nil
0xeb8	nil
0xeb9	nil
0xebd	nil
0xebf	nil
0xec0	nil
0xec4	nil
0xec6	nil
0xec9	nil
0xecb	nil
0xece	nil
0xed0	nil
0xed2	nil
0xed5	nil
0xed7	nil
0xeec	nil
0xeee	nil
0xeef	nil
0xef2	nil
0xef4	nil
0xef6	nil
0xef7	nil
0xefc	nil
0xefe	nil
0xf00	nil
0xf02	nil
0xf03	nil
0xf04	nil
0xf06	nil
0xf07	nil
0xf0c	nil
0xf0e	nil
0xf0f	nil
0xf10	nil
0xf14	nil
0xf16	nil
0xf17	nil
0xf1b	nil
0xf1d	nil
0xf20	nil
0xf22	nil
0xf25	nil
0xf27	nil
0xf29	nil
0xf2c	nil
0xf2e	nil
0xf45	nil
0xf47	nil
0xf48	nil
0xf4b	nil
0xf4d	nil
0xf4f	nil
0xf50	nil
0xf56	nil
0xf59	nil
0xf5a	nil
0xf5c	nil
0xf5e	nil
0xf60	nil
0xf61	nil
0xf63	nil
0xf64	nil
0xf6d	nil
0xf70	nil
0xf71	nil
0xf74	nil
0xf80	nil
0xf83	nil
0xf84	nil
0xf86	nil
0xf88	nil
0xf89	nil
0xf8a	nil
0xf8b	nil
0xf8d	nil
0xf8f	nil
0xf90	nil
0xf93	nil
0xf96	nil
0xf9b	nil
0xfa2	nil
0xfa7	nil
0xfaa	nil
0xfac	nil
0xfb3	nil
0xfb6	nil
0xfb7	nil
0xfb9	nil
0xfbb	nil
0xfbc	nil
0xfbd	nil
0xfc4	nil
0xfe5	nil
0xfe9	nil
0xfee	nil
0xff0	nil
0xff2	nil
0xff4	nil
0xff5	nil
0xff7	nil
0xff8	nil
0xffc	nil
0xffe	nil
0xfff	nil
0x1003	nil
0x1005	nil
0x1008	nil
0x100a	nil
0x100d	nil
0x100f	nil
0x1011	nil
0x1014	nil
0x1016	nil
0x1037	nil
0x103a	nil
0x103c	nil
0x103e	nil
0x103f	nil
0x1045	nil
0x1047	nil
0x1049	nil
0x104b	nil
0x104c	nil
0x104f	nil
0x1050	nil
0x1055	nil
0x1057	nil
0x105a	nil
0x105d	nil
0x105f	nil
0x1060	nil
0x1062	nil
0x1064	nil
0x1066	nil
0x1067	nil
0x1068	nil
0x1069	nil
0x106d	nil
0x106e	nil
0x1073	nil
0x1075	nil
0x1076	nil
0x1078	nil
0x107a	nil
0x107b	nil
0x107e	nil
0x1080	nil
0x1082	nil
0x1083	nil
0x11c5	nil
0x11c9	nil
0x11ca	nil
0x11fa	nil
0x11ff	nil
0x1204	nil
0x1209	nil
0x120b	nil
0x120e	nil
0x1211	nil
0x1212	nil
0x1217	nil
0x121c	nil
0x1221	nil
0x1226	nil
0x122b	nil
0x122d	nil
0x1230	nil
0x1233	nil
0x1234	nil
0x1239	nil
0x123e	nil
0x1241	nil
0x1246	nil
0x1249	nil
0x124a	nil
0x124c	nil
0x124d	nil
0x1250	nil
0x1271	nil
0x1290	nil
0x1292	nil
0x1294	nil
0x1295	nil
0x1296	nil
0x129a	nil
0x129c	nil
0x129d	nil
0x12a1	nil
0x12a3	nil
0x12a6	nil
0x12a8	nil
0x12ab	nil
0x12ad	nil
0x12af	nil
0x12b2	nil
0x12b4	nil
0x12d5	nil
0x12d8	nil
0x12da	nil
0x12dc	nil
0x12dd	nil
0x12e2	nil
0x12e4	nil
0x12e9	nil
0x12ed	nil
0x12ee	nil
0x12f2	nil
0x12f4	nil
0x12f5	nil
0x12f9	nil
0x12fb	nil
0x12fe	nil
0x1300	nil
0x1303	nil
0x1305	nil
0x1307	nil
0x130a	nil
0x130c	nil
0x132d	nil
0x1330	nil
0x1332	nil
0x1334	nil
0x1335	nil
0x133b	nil
0x133d	nil
0x133e	nil
0x1342	nil
0x1344	nil
0x1345	nil
0x1349	nil
0x134b	nil
0x134e	nil
0x1350	nil
0x1351	nil
0x1355	nil
0x135b	nil
0x135d	nil
0x135f	nil
0x1360	nil
0x1361	nil
0x1365	nil
0x1367	nil
0x1368	nil
0x136c	nil
0x136e	nil
0x1371	nil
0x1373	nil
0x1374	nil
0x1378	nil
0x137d	nil
0x1380	nil
0x1383	nil
0x1387	nil
0x1389	nil
0x138d	nil
0x139a	nil
0x13bb	nil
0x13c1	nil
0x13c3	nil
0x13c4	nil
0x13ce	nil
0x13d3	nil
0x13d5	nil
0x13d8	nil
0x13e6	nil
0x13e9	nil
0x13ee	nil
0x13f1	nil
0x13f2	nil
0x13f4	nil
0x13f5	nil
0x13f6	nil
0x13f8	nil
0x13fb	nil
0x141c	nil
0x141f	nil
0x14d3	nil
0x14d7	nil
0x14d8	nil
0x14dc	nil
0x14de	nil
0x14df	nil
0x14e3	nil
0x14e5	nil
0x14e8	nil
0x14ea	nil
0x14ed	nil
0x14ef	nil
0x14f1	nil
0x14f4	nil
0x14f6	nil
0x1517	nil
0x151a	nil
0x151c	nil
0x151e	nil
0x151f	nil
0x1525	nil
0x1527	nil
0x1528	nil
0x152c	nil
0x152e	nil
0x152f	nil
0x1533	nil
0x1535	nil
0x1538	nil
0x153a	nil
0x153b	nil
0x153f	nil
0x1544	nil
0x1547	nil
0x154d	nil
0x1552	nil
0x1557	nil
0x1559	nil
0x155c	nil
0x155f	nil
0x1560	nil
0x1566	nil
0x1568	nil
0x1569	nil
0x156a	nil
0x156b	nil
0x156d	nil
0x156e	nil
0x1572	nil
0x1574	nil
0x1575	nil
0x1579	nil
0x157b	nil
0x157e	nil
0x1580	nil
0x1583	nil
0x1585	nil
0x1587	nil
0x158a	nil
0x158c	nil
0x15ad	nil
0x15b0	nil
0x15b2	nil
0x15b8	nil
0x15ba	nil
0x15bb	nil
0x15be	nil
0x15c0	nil
0x15c2	nil
0x15c3	nil
0x15c8	nil
0x15ca	nil
0x15cd	nil
0x15d1	nil
0x15d8	nil
0x15dc	nil
0x15de	nil
0x15e6	nil
0x15e9	nil
0x15ec	nil
0x15ef	nil
0x15f4	nil
0x1601	nil
0x1622	nil
0x1623	nil
0x1629	nil
0x162b	nil
0x162c	nil
0x1636	nil
0x163b	nil
0x163d	nil
0x1640	nil
0x178c	nil
0x1791	nil
0x1796	nil
0x1797	nil
0x179b	nil
0x17a0	nil
0x17a2	nil
0x17a7	nil
0x17ab	nil
0x17ac	nil
0x17ae	nil
0x17b0	nil
0x17b2	nil
0x17b3	nil
0x17b5	nil
0x17bd	nil
0x17bf	nil
0x17c0	nil
0x17c2	nil
0x17c3	nil
0x17c6	nil
0x17c7	nil
0x17cb	nil
0x1cef	nil
0x1cf1	nil
0x1cf4	nil
0x1cf9	nil
0x1cfa	nil
0x1cfb	nil
0x1d05	nil
0x1d06	nil
0x1d0a	nil
0x1d0d	nil
0x1d14	nil
0x1d16	nil
0x1d18	nil
0x1d1a	nil
0x1d1f	nil
0x1d24	nil
0x1d26	nil
0x1d27	nil
0x1d29	nil
0x1d2a	nil
0x1d31	nil
0x1d36	nil
0x1d38	nil
0x1d39	nil
0x1d3d	nil
0x1d3e	nil
0x1d42	nil
0x1d4b	nil
0x1d4d	nil
0x1d4e	nil
0x1d52	nil
0x1d55	nil
0x1d5a	nil
0x1d5c	nil
0x1d5d	nil
0x1d5f	nil
0x1d60	nil
0x1d61	nil
0x1d62	nil
0x1d64	nil
0x1d65	nil
0x1d67	nil
0x1d68	nil
0x1d6e	nil
0x1d73	nil
0x1d75	nil
0x1d76	nil
0x1d7a	nil
0x1d7b	nil
0x1d7f	nil
0x1d85	nil
0x1d89	nil
0x1d90	nil
0x1d97	nil
0x1d98	nil
0x1d9c	nil
0x1d9d	nil
0x1f5c	nil
0x1f5d	nil
0x1f5e	nil
0x1f5f	nil
0x1f63	nil
0x1f65	nil
0x1f66	nil
0x1f6a	nil
0x1f6c	nil
0x1f6f	nil
0x1f71	nil
0x1f74	nil
0x1f76	nil
0x1f78	nil
0x1f7b	nil
0x1f7d	nil
0x1f94	nil
0x1f96	nil
0x1f97	nil
0x1f9a	nil
0x1f9c	nil
0x1f9e	nil
0x1f9f	nil
0x1fa4	nil
0x1fa7	nil
0x1fa9	nil
0x1fab	nil
0x1fad	nil
0x1fae	nil
0x1faf	nil
0x1fb1	nil
0x1fb3	nil
0x1fb4	nil
0x1fb6	nil
0x1fb8	nil
0x1fbb	nil
0x1fbf	nil
0x1fc0	nil
0x1fc5	nil
0x1fc7	nil
0x1fca	nil
0x1fcb	nil
0x1fcf	nil
0x1fd1	nil
0x1fd4	nil
0x1fd6	nil
0x1fd7	nil
0x1fd9	nil
0x1fda	nil
0x1fdb	nil
0x1fdd	nil
0x1fde	nil
0x1fe1	nil
0x1fe4	nil
0x1fe5	nil
0x1fe7	nil
0x1fea	nil
0x1fec	nil
0x1ff1	nil
0x1ffb	nil
0x1fff	nil
0x2001	nil
0x2002	nil
0x2006	nil
0x2008	nil
0x200b	nil
0x200d	nil
0x2010	nil
0x2012	nil
0x2014	nil
0x2017	nil
0x2019	nil
0x203a	nil
0x203d	nil
0x203f	nil
0x2041	nil
0x2042	nil
0x2047	nil
0x204a	nil
0x204b	nil
0x204d	nil
0x204f	nil
0x2051	nil
0x2052	nil
0x2054	nil
0x2057	nil
0x205a	nil
0x205e	nil
0x2060	nil
0x2082	nil
0x2083	nil
0x2085	nil
0x2088	nil
0x20a2	nil
0x20a4	nil
0x20a6	nil
0x20aa	nil
0x20ac	nil
0x20b1	nil
0x20b5	nil
0x20b7	nil
0x20bc	nil
0x20be	nil
0x20c0	nil
0x20c2	nil
0x20c3	nil
0x20c5	nil
0x20c6	nil
0x20c7	nil
0x20cb	nil
0x20ce	nil
0x20d3	nil
0x20d5	nil
0x20db	nil
0x20dd	nil
0x20de	nil
0x20e0	nil
0x20e1	nil
0x20e2	nil
0x20e4	nil
0x20e6	nil
0x20e7	nil
0x20eb	nil
0x20ec	nil
0x20f0	nil
0x20f3	nil
0x20f6	nil
0x20f9	nil
0x2100	nil
0x2102	nil
0x2104	nil
0x2106	nil
0x2109	nil
0x210b	nil
0x210c	nil
0x2110	nil
0x2113	nil
0x2118	nil
0x211a	nil
0x211b	nil
0x211d	nil
0x211f	nil
0x2121	nil
0x2123	nil
0x2124	nil
0x2125	nil
0x2126	nil
0x2129	nil
0x212b	nil
0x212f	nil
0x2131	nil
0x2133	nil
0x2135	nil
0x2138	nil
0x213a	nil
0x213b	nil
0x213f	nil
0x2142	nil
0x2147	nil
0x2149	nil
0x214a	nil
0x214c	nil
0x214e	nil
0x2150	nil
0x2152	nil
0x2153	nil
0x2154	nil
0x2155	nil
0x2158	nil
0x215a	nil
0x215e	nil
0x2160	nil
0x2164	nil
0x2166	nil
0x216b	nil
0x216f	nil
0x2171	nil
0x2179	nil
0x217c	nil
0x217d	nil
0x217e	nil
0x2182	nil
0x2193	nil
0x2195	nil
0x2197	nil
0x2199	nil
0x219a	nil
0x219d	nil
0x219e	nil
0x21a2	nil
0x21a5	nil
0x21aa	nil
0x21ab	nil
0x21ad	nil
0x21b1	nil
0x21b3	nil
0x21b4	nil
0x21b8	nil
0x21bb	nil
0x21c0	nil
0x21c2	nil
0x21c3	nil
0x21c5	nil
0x21c7	nil
0x21c9	nil
0x21cb	nil
0x21cc	nil
0x21cd	nil
0x21ce	nil
0x21d1	nil
0x21d3	nil
0x21d7	nil
0x21dc	nil
0x21de	nil
0x21e2	nil
0x21e9	nil
0x21f0	nil
0x21f1	nil
0x21f5	nil
0x21f7	nil
0x21f8	nil
0x21fc	nil
0x21fe	nil
0x2201	nil
0x2203	nil
0x2206	nil
0x220a	nil
0x220d	nil
0x220f	nil
0x2230	nil
0x2233	nil
0x2235	nil
0x2237	nil
0x2238	nil
0x28ab	nil
0x28ae	nil
0x28af	nil
0x28b2	nil
0x28b3	nil
0x28b8	nil
0x28ba	nil
0x28be	nil
0x28bf	nil
0x28c4	nil
0x28c6	nil
0x28c8	nil
0x28ca	nil
0x28cb	nil
0x28cc	nil
0x28ce	nil
0x28d6	nil
0x28d8	nil
0x28dd	nil
0x28de	nil
0x28e1	nil
0x28e2	nil
0x28e3	nil
0x28e5	nil
0x28e6	nil
0x28ea	nil
0x28eb	nil
0x28ef	nil
0x28f0	nil
0x28f8	nil
0x28fa	nil
0x28fb	nil
0x28fc	nil
0x28fe	nil
0x28ff	nil
0x2902	nil
0x2903	nil
0x2905	nil
0x2907	nil
0x290c	nil
0x290e	nil
0x2913	nil
0x291a	nil
0x291d	nil
0x291f	nil
0x2921	nil
0x2923	nil
0x2924	nil
0x2925	nil
0x2926	nil
0x292b	nil
0x292d	nil
0x292f	nil
0x2934	nil
0x2935	nil
0x2937	nil
0x293a	nil
0x293c	nil
0x293d	nil
0x293f	nil
0x2941	nil
0x2944	nil
0x2947	nil
0x2948	nil
0x2949	nil
0x294b	nil
0x294c	nil
0x2950	nil
0x2951	nil
0x2955	nil
0x2956	nil
0x295e	nil
0x2960	nil
0x2961	nil
0x2962	nil
0x2964	nil
0x2965	nil
0x2968	nil
0x2969	nil
0x296b	nil
0x296d	nil
0x2972	nil
0x2974	nil
0x2979	nil
0x297e	nil
0x2981	nil
0x2982	nil
0x2983	nil
0x2987	nil
0x298e	nil
0x2992	nil
0x2994	nil
0x2996	nil
0x2998	nil
0x2999	nil
0x299b	nil
0x299c	nil
0x299f	nil
0x29a1	nil
0x29a2	nil
0x29a5	nil
0x29a7	nil
0x29a9	nil
0x29ab	nil
0x29ad	nil
0x29ae	nil
0x29b0	nil
0x29b1	nil
0x29b5	nil
0x29bb	nil
0x29be	nil
0x29c1	nil
0x29c4	nil
0x29c8	nil
0x29cd	nil
0x29cf	nil
0x29d0	nil
0x29de	nil
0x29e0	nil
0x29e3	nil
0x29e4	nil
0x29e7	nil
0x29e8	nil
0x29e9	nil
0x29ed	nil
0x29ef	nil
0x29f0	nil
0x29f5	nil
0x29f7	nil
0x29fa	nil
0x29fc	nil
0x29fd	nil
0x29ff	nil
0x2a02	nil
0x3560	nil
0x3562	nil
0x3564	nil
0x3566	nil
0x3567	nil
0x356a	nil
0x356b	nil
0x3570	nil
0x3572	nil
0x3575	nil
0x3578	nil
0x3579	nil
0x357a	nil
0x357c	nil
0x3580	nil
0x3582	nil
0x3583	nil
0x3587	nil
0x3589	nil
0x358c	nil
0x358e	nil
0x3591	nil
0x3593	nil
0x3595	nil
0x3598	nil
0x359a	nil
0x35bb	nil
0x35be	nil
0x35c0	nil
0x35c6	nil
0x35c8	nil
0x35c9	nil
0x35cc	nil
0x35ce	nil
0x35d0	nil
0x35d1	nil
0x36ef	nil
0x36f1	nil
0x36f8	nil
0x36ff	nil
0x3701	nil
0x3703	nil
0x3705	nil
0x3706	nil
0x3708	nil
0x3709	nil
0x370d	nil
0x370f	nil
0x3710	nil
0x3712	nil
0x3714	nil
0x3715	nil
0x3718	nil
0x371a	nil
0x371c	nil
0x371d	nil
0x371f	nil
0x3720	nil
0x3724	nil
0x3725	nil
0x3729	nil
0x372d	nil
0x372f	nil
0x3731	nil
0x3732	nil
0x3734	nil
0x3736	nil
0x373b	nil
0x373d	nil
0x373e	nil
0x3740	nil
0x3742	nil
0x3743	nil
0x3746	nil
0x3748	nil
0x374a	nil
0x374b	nil
0x374d	nil
0x374e	nil
0x3752	nil
0x3753	nil
0x3757	nil
0x375b	nil
0x375d	nil
0x375f	nil
0x3760	nil
0x3762	nil
0x3765	nil
0x376a	nil
0x376c	nil
0x376d	nil
0x376f	nil
0x3771	nil
0x3772	nil
0x3775	nil
0x3777	nil
0x3779	nil
0x377a	nil
0x377c	nil
0x377d	nil
0x3781	nil
0x3782	nil
0x3786	nil
0x378a	nil
0x378c	nil
0x378e	nil
0x378f	nil
0x3791	nil
0x380f	nil
0x3810	nil
0x3812	nil
0x3814	nil
0x3816	nil
0x3817	nil
0x3819	nil
0x381a	nil
0x381b	nil
0x381f	nil
0x3825	nil
0x382a	nil
0x382f	nil
0x3836	nil
0x3b79	nil
0x3b7c	nil
0x3b7d	nil
0x3b7f	nil
0x3b80	nil
0x3b85	nil
0x3b87	nil
0x3b8a	nil
0x3b8c	nil
0x3b8e	nil
0x3b90	nil
0x3b91	nil
0x3b92	nil
0x3b93	nil
0x3b96	nil
0x3b9b	nil
0x3b9e	nil
0x3ba0	nil
0x3ba2	nil
0x3ba4	nil
0x3ba5	nil
0x3ba8	nil
0x3baa	nil
0x3bb0	nil
0x3bb2	nil
0x3bb3	nil
0x3bb5	nil
0x3bb7	nil
0x3bba	nil
0x3bbd	nil
0x3bbe	nil
0x3bbf	nil
0x3bc1	nil
0x3bc2	nil
0x3bc6	nil
0x3bc7	nil
0x3bcb	nil
0x3bcc	nil
0x3bd4	nil
0x3bd6	nil
0x3bd7	nil
0x3bd8	nil
0x3bda	nil
0x3bdb	nil
0x3bde	nil
0x3bdf	nil
0x3be1	nil
0x3be3	nil
0x3be8	nil
0x3bea	nil
0x3bef	nil
0x3bf7	nil
0x3bf9	nil
0x3bfb	nil
0x3bfd	nil
0x3bfe	nil
0x3bff	nil
0x3c01	nil
0x3c03	nil
0x3c04	nil
0x3c05	nil
0x3c07	nil
0x3c09	nil
0x3c0b	nil
0x3c0c	nil
0x3c0d	nil
0x3c0e	nil
0x3c0f	nil
0x3c13	nil
0x3c17	nil
0x3c19	nil
0x3c1a	nil
0x3c1c	nil
0x3c1e	nil
0x3c1f	nil
0x3c22	nil
0x3c24	nil
0x3c25	nil
0x3c26	nil
0x3c2c	nil
0x3c2e	nil
0x3c30	nil
0x3c32	nil
0x3c33	nil
0x3c34	nil
0x3c35	nil
0x3c3b	nil
0x3c3d	nil
0x3c3e	nil
0x3c40	nil
0x3c42	nil
0x3c43	nil
0x3c45	nil
0x3c47	nil
0x3c48	nil
0x3c4a	nil
0x3c4c	nil
0x3c4d	nil
0x3c4e	nil
0x3c50	nil
0x3c52	nil
0x3c57	nil
0x3c58	nil
0x3c5a	nil
0x3c5d	nil
0x3c5f	nil
0x3c60	nil
0x3c68	nil
0x3c6d	nil
0x3c6f	nil
0x3c71	nil
0x3c74	nil
0x3c76	nil
0x3c7a	nil
0x3c7b	nil
0x3c7d	nil
0x3c7e	nil
0x3c82	nil
0x3c88	nil
0x3c89	nil
0x3c8a	nil
0x3c8c	nil
0x3c8d	nil
0x3c91	nil
0x3c92	nil
0x3c96	nil
0x3c97	nil
0x3d0e	nil
0x3d11	nil
0x3d12	nil
0x3d14	nil
0x3d15	nil
0x3d1a	nil
0x3d1c	nil
0x3d1f	nil
0x3d21	nil
0x3d23	nil
0x3d25	nil
0x3d26	nil
0x3d27	nil
0x3d28	nil
0x3d2b	nil
0x3d30	nil
0x3d35	nil
0x3d37	nil
0x3d39	nil
0x3d3b	nil
0x3d3c	nil
0x3d3d	nil
0x3d3f	nil
0x3d45	nil
0x3d47	nil
0x3d48	nil
0x3d4a	nil
0x3d4c	nil
0x3d4f	nil
0x3d52	nil
0x3d53	nil
0x3d54	nil
0x3d56	nil
0x3d57	nil
0x3d5b	nil
0x3d5c	nil
0x3d60	nil
0x3d61	nil
0x3d69	nil
0x3d6b	nil
0x3d6c	nil
0x3d6d	nil
0x3d6f	nil
0x3d70	nil
0x3d73	nil
0x3d74	nil
0x3d76	nil
0x3d78	nil
0x3d7d	nil
0x3d7f	nil
0x3d84	nil
0x3d8a	nil
0x3d8b	nil
0x3d8e	nil
0x3d8f	nil
0x3d90	nil
0x3d94	nil
0x3d95	nil
0x3d96	nil
0x3d99	nil
0x3d9a	nil
0x3d9b	nil
0x3d9e	nil
0x3d9f	nil
0x3da1	nil
0x3da2	nil
0x3da7	nil
0x3da9	nil
0x3daf	nil
0x3db1	nil
0x3db3	nil
0x3db5	nil
0x3db6	nil
0x3db8	nil
0x3dba	nil
0x3dc0	nil
0x3dca	nil
0x3dcc	nil
0x3dcd	nil
0x3e15	nil
0x3e18	nil
0x3e19	nil
0x3e1b	nil
0x3e1c	nil
0x3e21	nil
0x3e23	nil
0x3e26	nil
0x3e28	nil
0x3e2a	nil
0x3e2c	nil
0x3e2d	nil
0x3e2e	nil
0x3e2f	nil
0x3e32	nil
0x3e37	nil
0x3e3c	nil
0x3e3e	nil
0x3e40	nil
0x3e42	nil
0x3e43	nil
0x3e44	nil
0x3e46	nil
0x3e4c	nil
0x3e4e	nil
0x3e4f	nil
0x3e51	nil
0x3e53	nil
0x3e56	nil
0x3e59	nil
0x3e5a	nil
0x3e5b	nil
0x3e5d	nil
0x3e5e	nil
0x3e62	nil
0x3e63	nil
0x3e67	nil
0x3e68	nil
0x3e70	nil
0x3e72	nil
0x3e73	nil
0x3e74	nil
0x3e76	nil
0x3e77	nil
0x3e7a	nil
0x3e7b	nil
0x3e7d	nil
0x3e7f	nil
0x3e84	nil
0x3e86	nil
0x3e8b	nil
0x3e91	nil
0x3e92	nil
0x3e95	nil
0x3e96	nil
0x3e97	nil
0x3e9b	nil
0x3e9c	nil
0x3e9d	nil
0x3ea0	nil
0x3ea1	nil
0x3ea3	nil
0x3ea4	nil
0x3ea9	nil
0x3eab	nil
0x3eb1	nil
0x3eb3	nil
0x3eb5	nil
0x3eb7	nil
0x3eb8	nil
0x3eba	nil
0x3ebc	nil
0x3ec2	nil
0x3ecb	nil
0x3ecd	nil
0x3ece	nil
0x40e8	nil
0x40eb	nil
0x40ec	nil
0x40ed	nil
0x40ef	nil
0x40f0	nil
0x40f3	nil
0x40f5	nil
0x40f7	nil
0x40f9	nil
0x40fa	nil
0x40fd	nil
0x40ff	nil
0x4100	nil
0x4101	nil
0x4105	nil
0x4107	nil
0x4108	nil
0x410c	nil
0x410e	nil
0x4111	nil
0x4113	nil
0x4116	nil
0x4118	nil
0x411a	nil
0x411d	nil
0x411f	nil
0x4140	nil
0x4143	nil
0x4145	nil
0x4147	nil
0x4148	nil
0x414d	nil
0x4150	nil
0x4151	nil
0x4153	nil
0x4154	nil
0x4159	nil
0x415b	nil
0x415e	nil
0x4160	nil
0x4162	nil
0x4164	nil
0x4165	nil
0x4166	nil
0x4167	nil
0x416a	nil
0x416f	nil
0x4172	nil
0x4174	nil
0x4176	nil
0x4178	nil
0x4179	nil
0x417c	nil
0x417e	nil
0x4184	nil
0x4186	nil
0x4187	nil
0x4189	nil
0x418b	nil
0x418e	nil
0x4191	nil
0x4192	nil
0x4193	nil
0x4195	nil
0x4196	nil
0x419a	nil
0x419b	nil
0x419f	nil
0x41a0	nil
0x41a8	nil
0x41aa	nil
0x41ab	nil
0x41ac	nil
0x41ae	nil
0x41af	nil
0x41b2	nil
0x41b3	nil
0x41b5	nil
0x41b7	nil
0x41bc	nil
0x41be	nil
0x41c3	nil
0x41c9	nil
0x41ca	nil
0x41cd	nil
0x41ce	nil
0x41cf	nil
0x41d3	nil
0x41d4	nil
0x41d5	nil
0x41d8	nil
0x41d9	nil
0x41db	nil
0x41dc	nil
0x41e1	nil
0x41e3	nil
0x41e9	nil
0x41eb	nil
0x41ed	nil
0x41ef	nil
0x41f0	nil
0x41f2	nil
0x41f4	nil
0x41fa	nil
0x4203	nil
0x4205	nil
0x4206	nil
0x420b	nil
0x420e	nil
0x420f	nil
0x4210	nil
0x4212	nil
0x4213	nil
0x4216	nil
0x4218	nil
0x421a	nil
0x421c	nil
0x421d	nil
0x4220	nil
0x4222	nil
0x4223	nil
0x4224	nil
0x4228	nil
0x422a	nil
0x422b	nil
0x422f	nil
0x4231	nil
0x4234	nil
0x4236	nil
0x4239	nil
0x423b	nil
0x423d	nil
0x4240	nil
0x4242	nil
0x4263	nil
0x4266	nil
0x4268	nil
0x426a	nil
0x426b	nil
0x4270	nil
0x4273	nil
0x4274	nil
0x4276	nil
0x4277	nil
0x427c	nil
0x427e	nil
0x4281	nil
0x4283	nil
0x4285	nil
0x4287	nil
0x4288	nil
0x4289	nil
0x428a	nil
0x428d	nil
0x4292	nil
0x4295	nil
0x4297	nil
0x4299	nil
0x429b	nil
0x429c	nil
0x429f	nil
0x42a1	nil
0x42a7	nil
0x42a9	nil
0x42aa	nil
0x42ac	nil
0x42ae	nil
0x42b1	nil
0x42b4	nil
0x42b5	nil
0x42b6	nil
0x42b8	nil
0x42b9	nil
0x42bd	nil
0x42be	nil
0x42c2	nil
0x42c3	nil
0x42cb	nil
0x42cd	nil
0x42ce	nil
0x42cf	nil
0x42d1	nil
0x42d2	nil
0x42d5	nil
0x42d6	nil
0x42d8	nil
0x42da	nil
0x42df	nil
0x42e1	nil
0x42e6	nil
0x42eb	nil
0x42ee	nil
0x42ef	nil
0x42f1	nil
0x42f2	nil
0x42f4	nil
0x42f5	nil
0x42fa	nil
0x42fc	nil
0x42ff	nil
0x4301	nil
0x4303	nil
0x4305	nil
0x4306	nil
0x4309	nil
0x430a	nil
0x430d	nil
0x430f	nil
0x4311	nil
0x4313	nil
0x4315	nil
0x4316	nil
0x4319	nil
0x431a	nil
0x431d	nil
0x4324	nil
0x4326	nil
0x432c	nil
0x432e	nil
0x432f	nil
0x4331	nil
0x4333	nil
0x4336	nil
0x4339	nil
0x433a	nil
0x433b	nil
0x433d	nil
0x433e	nil
0x4342	nil
0x4343	nil
0x4347	nil
0x4348	nil
0x4350	nil
0x4352	nil
0x4353	nil
0x4354	nil
0x4356	nil
0x4357	nil
0x435a	nil
0x435b	nil
0x435d	nil
0x435f	nil
0x4364	nil
0x4366	nil
0x436b	nil
0x4370	nil
0x4372	nil
0x4374	nil
0x4376	nil
0x4377	nil
0x437a	nil
0x437e	nil
0x4381	nil
0x4382	nil
0x4383	nil
0x4387	nil
0x4388	nil
0x4389	nil
0x438c	nil
0x438d	nil
0x438f	nil
0x4390	nil
0x4395	nil
0x4397	nil
0x439c	nil
0x439e	nil
0x43a4	nil
0x43ad	nil
0x43af	nil
0x43b0	nil
0x4a8d	nil
0x4a8f	nil
0x4a90	nil
0x4a93	nil
0x4a94	nil
0x4a96	nil
0x4a98	nil
0x4a9a	nil
0x4a9b	nil
0x4a9d	nil
0x4aa0	nil
0x4aa1	nil
0x4aa2	nil
0x4aa3	nil
0x4aa7	nil
0x4aaa	nil
0x4d18	nil
0x4d1b	nil
0x4d1f	nil
0x4d20	nil
0x4d21	nil
0x4d22	nil
0x4d26	nil
0x4d2e	nil
0x4d30	nil
0x4d34	nil
0x4d35	nil
0x4eb4	nil
0x4eb7	nil
0x4ebc	nil
0x4ebd	nil
0x4ec0	nil
0x4ec1	nil
0x4ec2	nil
0x4ec6	nil
0x4ecc	nil
0x4ecd	nil
0x4ecf	nil
0x4ed1	nil
0x4ed3	nil
0x4ed4	nil
0x4ed7	nil
0x4ed8	nil
0x4ed9	nil
0x4edd	nil
0x4ee2	nil
0x4ee8	nil
0x4ee9	nil
0x4ef3	nil
0x4ef6	nil
0x4ef7	nil
0x4efc	nil
0x4efd	nil
0x4efe	nil
0x4f02	nil
0x4f08	nil
0x4f0e	nil
0x4f0f	nil
0x4f17	nil
0x4f19	nil
0x4f1b	nil
0x4f1d	nil
0x4f1e	nil
0x4f1f	nil
0x4f20	nil
0x4f24	nil
0x4f30	nil
0x4f32	nil
0x4f99	nil
0x4f9c	nil
0x4f9d	nil
0x4fa1	nil
0x4fac	nil
0x4fb0	nil
0x4fb3	nil
0x4fb5	nil
0x4fb9	nil
0x4fbc	nil
0x4fc0	nil
0x4fc3	nil
0x4fc5	nil
0x4fc6	nil
0x4fca	nil
0x4fcf	nil
0x4fd1	nil
0x4fd2	nil
0x4fd5	nil
0x4fd7	nil
0x4fda	nil
0x4fdc	nil
0x505e	nil
0x5060	nil
0x5063	nil
0x5064	nil
0x5068	nil
0x506b	nil
0x5071	nil
0x5073	nil
0x52ed	nil
0x52f0	nil
0x52f1	nil
0x52f2	nil
0x52f6	nil
0x52f9	nil
0x54d7	nil
0x54da	nil
0x54db	nil
0x54e0	nil
0x54e3	nil
0x54e4	nil
0x54ea	nil
0x54ef	nil
0x54f2	nil
0x54ff	nil
0x5502	nil
0x5503	nil
0x5508	nil
0x550b	nil
0x550c	nil
0x5512	nil
0x5515	nil
0x5517	nil
0x551c	nil
0x551f	nil
0x5520	nil
0x5525	nil
0x55bb	nil
0x55be	nil
0x55c2	nil
0x55c5	nil
0x55cb	nil
0x55cd	nil
0x55ce	nil
0x55f3	nil
0x55f5	nil
0x55fb	nil
0x55fc	nil
0x55fd	nil
0x55fe	nil
0x5602	nil
0x5607	nil
0x5609	nil
0x560c	nil
0x560e	nil
0x5610	nil
0x5612	nil
0x5614	nil
0x5615	nil
0x5617	nil
0x561a	nil
0x561b	nil
0x561c	nil
0x561d	nil
0x5621	nil
0x5624	nil
0x562a	nil
0x5631	nil
0x5634	nil
0x5638	nil
0x5640	nil
0x5643	nil
0x5644	nil
0x5645	nil
0x5648	nil
0x564a	nil
0x564d	nil
0x5650	nil
0x5651	nil
0x5656	nil
0x5659	nil
0x565b	nil
0x565e	nil
0x5661	nil
0x5662	nil
0x5667	nil
0x566a	nil
0x566c	nil
0x566f	nil
0x5672	nil
0x5673	nil
0x5678	nil
0x567b	nil
0x567d	nil
0x5680	nil
0x5681	nil
0x5682	nil
0x5685	nil
0x5687	nil
0x568a	nil
0x568d	nil
0x568e	nil
0x5693	nil
0x5696	nil
0x5698	nil
0x569b	nil
0x569e	nil
0x569f	nil
0x56a4	nil
0x56a7	nil
0x56b1	nil
0x56b3	nil
0x56b8	nil
0x56b9	nil
0x56ba	nil
0x56bb	nil
0x56bf	nil
0x56c4	nil
0x56c9	nil
0x584f	nil
0x5851	nil
0x5855	nil
0x5856	nil
0x5857	nil
0x5858	nil
0x585c	nil
0x5861	nil
0x5864	nil
0x586a	nil
0x586b	nil
0x586f	nil
0x5876	nil
0x587a	nil
0x587b	nil
0x587e	nil
0x5880	nil
0x5883	nil
0x5884	nil
0x5885	nil
0x5889	nil
0x588e	nil
0x5891	nil
0x5893	nil
0x5896	nil
0x5897	nil
0x5898	nil
0x589c	nil
0x58a1	nil
0x58a4	nil
0x58a6	nil
0x58a9	nil
0x58aa	nil
0x58ab	nil
0x58af	nil
0x58b4	nil
0x58b7	nil
0x58b9	nil
0x58bc	nil
0x58bd	nil
0x58be	nil
0x58c2	nil
0x58c7	nil
0x58ca	nil
0x58cc	nil
0x58cf	nil
0x58d0	nil
0x58d1	nil
0x58d5	nil
0x58da	nil
0x58dd	nil
0xb56d	nil
0xb56f	nil
0xb572	nil
0xb669	nil
0xb66b	nil
0xb66e	nil
0xb691	nil
0xb693	nil
0xb696	nil
0xb6b9	nil
0xb6bb	nil
0xb6be	nil
0xb6e1	nil
0xb6e3	nil
0xb6e6	nil
0xb709	nil
0xb70b	nil
0xb70e	nil
0xb731	nil
0xb733	nil
0xb736	nil
0xb759	nil
0xb75b	nil
0xb75e	nil
0xb781	nil
0xb783	nil
0xb786	nil
0xb9fe	nil
0xba03	nil
0xba05	nil
0xba06	nil
0xba09	nil
0xba0b	nil
0xba0e	nil
0xba10	nil
0xba33	nil
0xba38	nil
0xba3a	nil
0xba3b	nil
0xba3e	nil
0xba40	nil
0xba43	nil
0xba45	nil
0xbab8	nil
0xbaba	nil
0xbabd	nil
0xbae0	nil
0xbae2	nil
0xbae5	nil
0xbb08	nil
0xbb0d	nil
0xbb0f	nil
0xbb10	nil
0xbb13	nil
0xbb15	nil
0xbb18	nil
0xbb1a	nil
0xbb3d	nil
0xbb42	nil
0xbb44	nil
0xbb45	nil
0xbb48	nil
0xbb4a	nil
0xbb4d	nil
0xbb4f	nil
0xbb72	nil
0xbb77	nil
0xbb79	nil
0xbb7a	nil
0xbb7d	nil
0xbb7f	nil
0xbb82	nil
0xbb84	nil
0xbba7	nil
0xbbac	nil
0xbbae	nil
0xbbaf	nil
0xbbb2	nil
0xbbb4	nil
0xbbb7	nil
0xbbb9	nil
0xbbdc	nil
0xbbe1	nil
0xbbe3	nil
0xbbe4	nil
0xbbe7	nil
0xbbe9	nil
0xbbec	nil
0xbbee	nil
0xbc11	nil
0xbc13	nil
0xbc16	nil
0xbe0a	nil
0xbe0c	nil
0xbe0f	nil
0xc01e	nil
0xc020	nil
0xc023	nil
0xc046	nil
0xc048	nil
0xc04b	nil
0xc178	nil
0xc17d	nil
0xc17f	nil
0xc180	nil
0xc183	nil
0xc185	nil
0xc188	nil
0xc18a	nil
0xc24c	nil
0xc251	nil
0xc253	nil
0xc254	nil
0xc257	nil
0xc259	nil
0xc25c	nil
0xc25e	nil
0xc2b6	nil
0xc2bb	nil
0xc2bd	nil
0xc2be	nil
0xc2c1	nil
0xc2c3	nil
0xc2c6	nil
0xc2c8	nil
0xc355	nil
0xc35a	nil
0xc35c	nil
0xc35d	nil
0xc360	nil
0xc362	nil
0xc365	nil
0xc367	nil
0xc38a	nil
0xc38f	nil
0xc391	nil
0xc392	nil
0xc395	nil
0xc397	nil
0xc39a	nil
0xc39c	nil
0x19230	nil
0x19c30	nil
0x1a630	nil
0x1b030	nil
0x1ba30	nil
0x1ec30	nil
0x23230	nil
0x23c30	nil
0x25030	nil
0x25a30	nil
0x28230	nil
0x34030	nil
0x34a30	nil
0x3e030	nil
0x84cc1	nil
0x84cc3	nil
0x84cc5	nil
0x84cc6	nil
0x84cc9	nil
0x84ccb	nil
0x9d27a	nil
0x9d2dc	nil
0x9d2de	nil
0x9d2df	nil
0x9d2e1	nil
0x9d2e3	nil
0x9d2e5	nil
0x9d2e6	nil
0x9d2e9	nil
0x9d2ec	nil
0x9d2ee	nil
0x9d2ef	nil
0x9d33b	nil
0x9d33d	nil
0x9d341	nil
0x9d343	nil
0x9d344	nil
0x9d390	nil
0x9d392	nil
0x9d396	nil
0x9d398	nil
0x9d399	nil
0x9d3bd	nil
0x9d3bf	nil
0x9d3c3	nil
0x9d3c5	nil
0x9d3c6	nil
0x9d3ea	nil
0x9d3ec	nil
0x9d3f0	nil
0x9d3f2	nil
0x9d3f3	nil
0x9d417	nil
0x9d419	nil
0x9d41d	nil
0x9d41f	nil
0x9d420	nil
0x9d486	nil
0x9d488	nil
0x9d48c	nil
0x9d48e	nil
0x9d48f	nil
0x9d4d4	nil
0x9d4d6	nil
0x9d4d7	nil
0x9d4dc	nil
0x9d528	nil
0x9d52a	nil
0x9d52c	nil
0x9d52d	nil
0x9d530	nil
0x9d532	nil
0xb5ae1	nil
0xb5b22	nil
0xb5b24	nil
0xb5b28	nil
0xb5b2a	nil
0xb5b2b	nil
0xb5b4f	nil
0xb5b51	nil
0xb5b53	nil
0xb5b54	nil
0xb5b57	nil
0xb5b59	nil
0xce108	nil
0xce16a	nil
0xce16c	nil
0xce170	nil
0xce172	nil
0xce173	nil
0xce197	nil
0xce199	nil
0xce19d	nil
0xce19f	nil
0xce1a0	nil
0xce1c4	nil
0xce1c6	nil
0xce1ca	nil
0xce1cc	nil
0xce1cd	nil
0xce212	nil
0xce214	nil
0xce217	nil
0xce23a	nil
0xce23c	nil
0xce23d	nil
0xce23f	nil
0xce241	nil
0xce243	nil
0xce244	nil
0xce247	nil
0xce24a	nil
0xce24c	nil
0xce24d	nil
0xce271	nil
0xce273	nil
0xce275	nil
0xce276	nil
0xce279	nil
0xce27b	nil
0xe682a	nil
0xe686b	nil
0xe686d	nil
0xe686e	nil
0xe6870	nil
0xe6872	nil
0xe6874	nil
0xe6875	nil
0xe6878	nil
0xe687b	nil
0xe687d	nil
0xe687e	nil
0xe68a2	nil
0xe68a4	nil
0xe68a8	nil
0xe68aa	nil
0xe68ab	nil
0xe68cf	nil
0xe68d1	nil
0xe68d5	nil
0xe68d7	nil
0xe68d8	nil
0xe6929	nil
0xe692b	nil
0xe692c	nil
0xe6931	nil
0xe6982	nil
0xe6984	nil
0xe6988	nil
0xe698a	nil
0xe698b	nil
0xe69d0	nil
0xe69d2	nil
0xe69d4	nil
0xe69d5	nil
0xe69d8	nil
0xe69da	nil
0xfef89	nil
0xff00c	nil
0xff00e	nil
0xff012	nil
0xff014	nil
0xff015	nil
0xff039	nil
0xff03b	nil
0xff03f	nil
0xff041	nil
0xff042	nil
0xff0eb	nil
0xff0ed	nil
0xff0f0	nil
0xff180	nil
0xff182	nil
0xff183	nil
0xff187	nil
0xff188	nil
0xff18c	nil
0xff190	nil
0xff192	nil
0xff194	nil
0xff195	nil
0xff1b8	nil
0xff1ba	nil
0xff1bb	nil
0xff1bf	nil
0xff1c0	nil
0xff1c4	nil
0xff1c8	nil
0xff1ca	nil
0xff1cc	nil
0xff1cd	nil
0xff1f0	nil
0xff1f2	nil
0xff1f3	nil
0xff1f7	nil
0xff1f8	nil
0xff1fc	nil
0xff200	nil
0xff202	nil
0xff204	nil
0xff205	nil
0xff32a	nil
0xff32c	nil
0xff32d	nil
0xff331	nil
0xff332	nil
0xff336	nil
0xff33a	nil
0xff33c	nil
0xff33e	nil
0xff33f	nil
0xff362	nil
0xff364	nil
0xff365	nil
0xff369	nil
0xff36a	nil
0xff36e	nil
0xff372	nil
0xff374	nil
0xff376	nil
0xff377	nil
0xff39a	nil
0xff39c	nil
0xff39d	nil
0xff3a1	nil
0xff3a2	nil
0xff3a6	nil
0xff3aa	nil
0xff3ac	nil
0xff3ae	nil
0xff3af	nil
0xff43f	nil
0xff441	nil
0xff442	nil
0xff446	nil
0xff447	nil
0xff44b	nil
0xff44f	nil
0xff451	nil
0xff453	nil
0xff454	nil
0xff477	nil
0xff479	nil
0xff47a	nil
0xff47e	nil
0xff47f	nil
0xff483	nil
0xff487	nil
0xff489	nil
0xff48b	nil
0xff48c	nil
0xff4fa	nil
0xff4fc	nil
0xff4fd	nil
0xff501	nil
0xff502	nil
0xff506	nil
0xff50a	nil
0xff50c	nil
0xff50e	nil
0xff50f	nil
0xff557	nil
0xff559	nil
0xff55a	nil
0xff55e	nil
0xff55f	nil
0xff563	nil
0xff567	nil
0xff569	nil
0xff56b	nil
0xff56c	nil
0xff745	nil
0xff747	nil
0xff74a	nil
0xff76d	nil
0xff76f	nil
0xff772	nil
0xff85c	nil
0xff85e	nil
0xff861	nil
0x10041b	nil
0x100862	nil
0x100864	nil
0x100868	nil
0x10086a	nil
0x10086b	nil
0x10088f	nil
0x100891	nil
0x100895	nil
0x100897	nil
0x100898	nil
0x1008bc	nil
0x1008be	nil
0x1008bf	nil
0x1008c1	nil
0x1008c3	nil
0x1008c5	nil
0x1008c6	nil
0x1008c9	nil
0x1008cc	nil
0x1008ce	nil
0x1008cf	nil
0x1008f3	nil
0x1008f5	nil
0x1008f9	nil
0x1008fb	nil
0x1008fc	nil
0x100920	nil
0x100922	nil
0x100923	nil
0x100927	nil
0x100928	nil
0x10092c	nil
0x100930	nil
0x100932	nil
0x100934	nil
0x100935	nil
0x100b6b	nil
0x100b6d	nil
0x100b70	nil
0x100b93	nil
0x100b95	nil
0x100b98	nil
0x100bbb	nil
0x100bbd	nil
0x100bc0	nil
0x100be3	nil
0x100be5	nil
0x100be8	nil
0x100c0b	nil
0x100c0d	nil
0x100c10	nil
0x100c33	nil
0x100c35	nil
0x100c38	nil
0x100c5b	nil
0x100c5d	nil
0x100c60	nil
0x100c83	nil
0x100c85	nil
0x100c88	nil
0x100cab	nil
0x100cad	nil
0x100cb0	nil
0x100cd3	nil
0x100cd5	nil
0x100cd8	nil
0x100cfb	nil
0x100cfd	nil
0x100d00	nil
0x100d23	nil
0x100d25	nil
0x100d28	nil
0x100d4b	nil
0x100d4d	nil
0x100d50	nil
0x100d73	nil
0x100d75	nil
0x100d78	nil
0x100d9b	nil
0x100d9d	nil
0x100da0	nil
0x100dc3	nil
0x100dc5	nil
0x100dc8	nil
0x100deb	nil
0x100ded	nil
0x100df0	nil
0x100e13	nil
0x100e15	nil
0x100e18	nil
0x100e3b	nil
0x100e3d	nil
0x100e40	nil
0x100e63	nil
0x100e65	nil
0x100e68	nil
0x100eb3	nil
0x100eb5	nil
0x100eb8	nil
0x100f03	nil
0x100f05	nil
0x100f08	nil
0x100f2b	nil
0x100f2d	nil
0x100f30	nil
0x100f53	nil
0x100f55	nil
0x100f58	nil
0x100f7b	nil
0x100f7d	nil
0x100f80	nil
0x101273	nil
0x101275	nil
0x101278	nil
0x10129b	nil
0x10129d	nil
0x1012a0	nil
0x1012c3	nil
0x1012c5	nil
0x1012c8	nil
0x1012eb	nil
0x1012ed	nil
0x1012f0	nil
0x20279e	nil
0x20319e	nil
0x203b9e	nil
0x20459e	nil
0x204f9e	nil
0x20599e	nil
0x20639e	nil
0x206d9e	nil
0x20779e	nil
0x20819e	nil
0x208b9e	nil
0x20959e	nil
0x209f9e	nil
0x20a99e	nil
0x20b39e	nil
0x20bd9e	nil
0x20c79e	nil
0x20d19e	nil
0x20db9e	nil
0x20e59e	nil
0x20ef9e	nil
0x20f99e	nil
0x21039e	nil
0x210d9e	nil
0x21179e	nil
0x21219e	nil
0x212b9e	nil
0x21359e	nil
0x213f9e	nil
0x21499e	nil
0x21539e	nil
0x215d9e	nil
0x21679e	nil
0x21719e	nil
0x217b9e	nil
0x21859e	nil
0x218f9e	nil
0x21999e	nil
0x21a39e	nil
0x21ad9e	nil
0x21b79e	nil
0x21c19e	nil
0x21cbbe	nil
0x21d5be	nil
0x21dfbe	nil
0x21e9be	nil
0x21f3be	nil
0x21fdbe	nil
0x2207be	nil
0x2211be	nil
0x221bbe	nil
0x2225be	nil
0x222fbe	nil
0x2239be	nil
0x2243be	nil
0x224dbe	nil
0x2257be	nil
0x2261be	nil
0x226bbe	nil
0x2275be	nil
0x227fbe	nil
0x2289be	nil
0x2293be	nil
0x229dbe	nil
0x22a7be	nil
0x22b1be	nil
0x22bbbe	nil
0x22c5be	nil
0x22cfbe	nil
0x22d9be	nil
0x22e3be	nil
0x22edbe	nil
0x22f7be	nil
0x2301be	nil
0x230bbe	nil
0x2315be	nil
0x231fbe	nil
0x2329be	nil
0x2333be	nil
0x233dbe	nil
0x2347be	nil
0x2351be	nil
0x235bbe	nil
0x5867	nil
0x1d8c	nil
0x354300x36ee	nil
0x3e0b0x3d0d	nil
0x3e0b0x3e14	nil
0x3e0b0x40e7	nil
0x3e0b0x420a	nil
0x3de30x3d0d	nil
0x3de30x3e14	nil
0x3de30x40e7	nil
0x3de30x420a	nil
0x38050x36ee	nil
0x37dd0x36ee	nil
0x37940x36ee	nil
0x15c7_0x0	nil
0x1cf6_0x0	nil
0x1cff_0x0	nil
0x1d11_0x0	nil
0x1d35_0x1	nil
0x1d59_0x0	nil
0x1d72_0x1	nil
0x1d94_0x1	nil
0x2178_0x0	nil
0x2182_0x4	nil
0x21a9_0x2	nil
0x21bf_0x0	nil
0x21bf_0x7	nil
0x21ed_0x4	nil
0x3763_0x0	nil
0x4fbf_0x1	nil
0x54d6_0x3	nil
0x54fe_0x2	nil
0x55ba_0x0	nil
0x55c9_0x1	nil
0x10053c_0x1	nil
0x37920x36ee_0x0	nil
0x3e100x3d0d	nil
0x3e100x3e14	nil
0x3e100x40e7	nil
0x3e100x420a	nil
0x3e090x3d0d	nil
0x3e090x3e14	nil
0x3e090x40e7	nil
0x3e090x420a	nil
0x3e040x3d0d	nil
0x3e040x3e14	nil
0x3e040x40e7	nil
0x3e040x420a	nil
0x3e020x3d0d	nil
0x3e020x3e14	nil
0x3e020x40e7	nil
0x3e020x420a	nil
0x3e000x3d0d	nil
0x3e000x3e14	nil
0x3e000x40e7	nil
0x3e000x420a	nil
0x3dff0x3d0d	nil
0x3dff0x3e14	nil
0x3dff0x40e7	nil
0x3dff0x420a	nil
0x3dfc0x3d0d	nil
0x3dfc0x3e14	nil
0x3dfc0x40e7	nil
0x3dfc0x420a	nil
0x3dfb0x3d0d	nil
0x3dfb0x3e14	nil
0x3dfb0x40e7	nil
0x3dfb0x420a	nil
0x3df90x3d0d	nil
0x3df90x3e14	nil
0x3df90x40e7	nil
0x3df90x420a	nil
0x3df80x3d0d	nil
0x3df80x3e14	nil
0x3df80x40e7	nil
0x3df80x420a	nil
0x3df70x3d0d	nil
0x3df70x3e14	nil
0x3df70x40e7	nil
0x3df70x420a	nil
0x3df50x3d0d	nil
0x3df50x3e14	nil
0x3df50x40e7	nil
0x3df50x420a	nil
0x3ded0x3d0d	nil
0x3ded0x3e14	nil
0x3ded0x40e7	nil
0x3ded0x420a	nil
0x3dec0x3d0d	nil
0x3dec0x3e14	nil
0x3dec0x40e7	nil
0x3dec0x420a	nil
0x3de80x3d0d	nil
0x3de80x3e14	nil
0x3de80x40e7	nil
0x3de80x420a	nil
0x3de70x3d0d	nil
0x3de70x3e14	nil
0x3de70x40e7	nil
0x3de70x420a	nil
0x3de20x3d0d	nil
0x3de20x3e14	nil
0x3de20x40e7	nil
0x3de20x420a	nil
0x3de00x3d0d	nil
0x3de00x3e14	nil
0x3de00x40e7	nil
0x3de00x420a	nil
0x3ddf0x3d0d	nil
0x3ddf0x3e14	nil
0x3ddf0x40e7	nil
0x3ddf0x420a	nil
0x3dde0x3d0d	nil
0x3dde0x3e14	nil
0x3dde0x40e7	nil
0x3dde0x420a	nil
0x3ddb0x3d0d	nil
0x3ddb0x3e14	nil
0x3ddb0x40e7	nil
0x3ddb0x420a	nil
0x3dd90x3d0d	nil
0x3dd90x3e14	nil
0x3dd90x40e7	nil
0x3dd90x420a	nil
0x3dd60x3d0d	nil
0x3dd60x3e14	nil
0x3dd60x40e7	nil
0x3dd60x420a	nil
0x3dd40x3d0d	nil
0x3dd40x3e14	nil
0x3dd40x40e7	nil
0x3dd40x420a	nil
0x3dd20x3d0d	nil
0x3dd20x3e14	nil
0x3dd20x40e7	nil
0x3dd20x420a	nil
0x380a0x36ee	nil
0x38030x36ee	nil
0x37fe0x36ee	nil
0x37fc0x36ee	nil
0x37fa0x36ee	nil
0x37f90x36ee	nil
0x37f60x36ee	nil
0x37f50x36ee	nil
0x37f30x36ee	nil
0x37f20x36ee	nil
0x37f10x36ee	nil
0x37ef0x36ee	nil
0x37e70x36ee	nil
0x37e60x36ee	nil
0x37e20x36ee	nil
0x37e10x36ee	nil
0x37dc0x36ee	nil
0x37da0x36ee	nil
0x37d90x36ee	nil
0x37d80x36ee	nil
0x37d50x36ee	nil
0x37d20x36ee	nil
0x37d00x36ee	nil
0x37ce0x36ee	nil
0x37cc0x36ee	nil
0x37ca0x36ee	nil
0x37c40x36ee	nil
0x37c20x36ee	nil
0x37c10x36ee	nil
0x37c00x36ee	nil
0x37be0x36ee	nil
0x37bc0x36ee	nil
0x37ba0x36ee	nil
0x37b50x36ee	nil
0x37b20x36ee	nil
0x37b00x36ee	nil
0x37af0x36ee	nil
0x37ad0x36ee	nil
0x37ab0x36ee	nil
0x37a90x36ee	nil
0x37a60x36ee	nil
0x37a40x36ee	nil
0x379f0x36ee	nil
0x379e0x36ee	nil
0x379c0x36ee	nil
0x379b0x36ee	nil
0x37980x36ee	nil
0x37930x36ee	nil
0x128b0x123d	nil
0x128b0x13e5	nil
0x12880x123d	nil
0x12880x13e5	nil
0x12860x123d	nil
0x12860x13e5	nil
0x12850x123d	nil
0x12850x13e5	nil
0x12830x123d	nil
0x12830x13e5	nil
0x12800x123d	nil
0x12800x13e5	nil
0x127d0x123d	nil
0x127d0x13e5	nil
0x127c0x123d	nil
0x127c0x13e5	nil
0x127a0x123d	nil
0x127a0x13e5	nil
0x12780x123d	nil
0x12780x13e5	nil
0x12760x123d	nil
0x12760x13e5	nil
0x12750x123d	nil
0x12750x13e5	nil
0x12730x123d	nil
0x12730x13e5	nil
0x517cS0x1342	[0x517b, nil]
0x5181S0x1342	[0x517b, nil]
0x5185S0x1342	[0x517b, nil]
0x5187S0x1342	[0x517b, nil]
0x51a8S0x1342	[0x517b, nil]
0x51abS0x1342	[0x517b, nil]
0x51adS0x1342	[0x517b, nil]
0x51afS0x1342	[0x517b, nil]
0x517cS0x1365	[0x517b, nil]
0x5181S0x1365	[0x517b, nil]
0x5185S0x1365	[0x517b, nil]
0x5187S0x1365	[0x517b, nil]
0x51a8S0x1365	[0x517b, nil]
0x51abS0x1365	[0x517b, nil]
0x51adS0x1365	[0x517b, nil]
0x51afS0x1365	[0x517b, nil]
0x517cS0x152c	[0x517b, nil]
0x5181S0x152c	[0x517b, nil]
0x5185S0x152c	[0x517b, nil]
0x5187S0x152c	[0x517b, nil]
0x51a8S0x152c	[0x517b, nil]
0x51abS0x152c	[0x517b, nil]
0x51adS0x152c	[0x517b, nil]
0x51afS0x152c	[0x517b, nil]
0x464bS0x381f	[0x464a, nil]
0x464dS0x381f	[0x464a, nil]
0x464eS0x381f	[0x464a, nil]
0x4650S0x381f	[0x464a, nil]
0x4652S0x381f	[0x464a, nil]
0x4654S0x381f	[0x464a, nil]
0x4655S0x381f	[0x464a, nil]
0x4657S0x381f	[0x464a, nil]
0x4658S0x381f	[0x464a, nil]
0x465bS0x381f	[0x464a, nil]
0x465dS0x381f	[0x464a, nil]
0x4660S0x381f	[0x464a, nil]
0x4664S0x381f	[0x464a, nil]
0x466aS0x381f	[0x464a, nil]
0x466fS0x381f	[0x464a, nil]
0x4671S0x381f	[0x464a, nil]
0x4673S0x381f	[0x464a, nil]
0x4675S0x381f	[0x464a, nil]
0x4676S0x381f	[0x464a, nil]
0x3ca3S0x3c13	[0x3ca2, nil]
0x3ca5S0x3c13	[0x3ca2, nil]
0x3ca6S0x3c13	[0x3ca2, nil]
0x3ca8S0x3c13	[0x3ca2, nil]
0x3caaS0x3c13	[0x3ca2, nil]
0x3cacS0x3c13	[0x3ca2, nil]
0x3cadS0x3c13	[0x3ca2, nil]
0x3cb0S0x3c13	[0x3ca2, nil]
0x3cb1S0x3c13	[0x3ca2, nil]
0x3cb4S0x3c13	[0x3ca2, nil]
0x3cb7S0x3c13	[0x3ca2, nil]
0x3cb8S0x3c13	[0x3ca2, nil]
0x3cbbS0x3c13	[0x3ca2, nil]
0x3cbdS0x3c13	[0x3ca2, nil]
0x3cc0S0x3c13	[0x3ca2, nil]
0x3cc4S0x3c13	[0x3ca2, nil]
0x3ccaS0x3c13	[0x3ca2, nil]
0x3ccfS0x3c13	[0x3ca2, nil]
0x3cd1S0x3c13	[0x3ca2, nil]
0x3cd3S0x3c13	[0x3ca2, nil]
0x3cd5S0x3c13	[0x3ca2, nil]
0x37230S0x3c13	[0x3ca2, nil]
0x4933S0x2b9	[0x4925, nil]
0x4926S0x2b9	[0x4925, nil]
0x4928S0x2b9	[0x4925, nil]
0x492cS0x2b9	[0x4925, nil]
0x492dS0x2b9	[0x4925, nil]
0x492eS0x2b9	[0x4925, nil]
0x492fS0x2b9	[0x4925, nil]
0x4939S0x2b9	[0x4925, nil]
0x4933S0x312	[0x4925, nil]
0x4926S0x312	[0x4925, nil]
0x4928S0x312	[0x4925, nil]
0x492cS0x312	[0x4925, nil]
0x492dS0x312	[0x4925, nil]
0x492eS0x312	[0x4925, nil]
0x492fS0x312	[0x4925, nil]
0x4939S0x312	[0x4925, nil]
0x4933S0x44c	[0x4925, nil]
0x4926S0x44c	[0x4925, nil]
0x4928S0x44c	[0x4925, nil]
0x492cS0x44c	[0x4925, nil]
0x492dS0x44c	[0x4925, nil]
0x492eS0x44c	[0x4925, nil]
0x492fS0x44c	[0x4925, nil]
0x4939S0x44c	[0x4925, nil]
0xad9S0x4d5	[0xad8, nil]
0xadbS0x4d5	[0xad8, nil]
0xaddS0x4d5	[0xad8, nil]
0xadfS0x4d5	[0xad8, nil]
0xae0S0x4d5	[0xad8, nil]
0xae2S0x4d5	[0xad8, nil]
0xae3S0x4d5	[0xad8, nil]
0xae8S0x4d5	[0xad8, nil]
0xaeaS0x4d5	[0xad8, nil]
0xaedS0x4d5	[0xad8, nil]
0xaf0S0x4d5	[0xad8, nil]
0xaf1S0x4d5	[0xad8, nil]
0xaf2S0x4d5	[0xad8, nil]
0x142dS0xb09	[0x1422, nil]
0x1431S0xb09	[0x1422, nil]
0x147cS0xb09	[0x1422, nil]
0x1481S0xb09	[0x1422, nil]
0x1482S0xb09	[0x1422, nil]
0x1483S0xb09	[0x1422, nil]
0x1487S0xb09	[0x1422, nil]
0x1489S0xb09	[0x1422, nil]
0x148bS0xb09	[0x1422, nil]
0x1423S0xb09	[0x1422, nil]
0x1425S0xb09	[0x1422, nil]
0x1428S0xb09	[0x1422, nil]
0x1429S0xb09	[0x1422, nil]
0x1438S0xb09	[0x1422, nil]
0x1439S0xb09	[0x1422, nil]
0x143dS0xb09	[0x1422, nil]
0x1440S0xb09	[0x1422, nil]
0xff797S0xb09	[0x1422, nil]
0x1c86S0xb09	[0x1422, nil]
0x1c88S0xb09	[0x1422, nil]
0x1c8aS0xb09	[0x1422, nil]
0x1c8eS0xb09	[0x1422, nil]
0x1c91S0xb09	[0x1422, nil]
0x1443S0xb09	[0x1422, nil]
0x1445S0xb09	[0x1422, nil]
0x1446S0xb09	[0x1422, nil]
0x144aS0xb09	[0x1422, nil]
0x144bS0xb09	[0x1422, nil]
0x144cS0xb09	[0x1422, nil]
0x144eS0xb09	[0x1422, nil]
0x144fS0xb09	[0x1422, nil]
0x1451S0xb09	[0x1422, nil]
0x1454S0xb09	[0x1422, nil]
0x1455S0xb09	[0x1422, nil]
0x145fS0xb09	[0x1422, nil]
0x1461S0xb09	[0x1422, nil]
0x1464S0xb09	[0x1422, nil]
0x1465S0xb09	[0x1422, nil]
0x1469S0xb09	[0x1422, nil]
0x146cS0xb09	[0x1422, nil]
0x146fS0xb09	[0x1422, nil]
0x1470S0xb09	[0x1422, nil]
0xff7c2S0xb09	[0x1422, nil]
0x1491S0xb09	[0x1422, nil]
0x1494S0xb09	[0x1422, nil]
0x1497S0xb09	[0x1422, nil]
0x1499S0xb09	[0x1422, nil]
0x149bS0xb09	[0x1422, nil]
0x1f630S0xb09	[0x1422, nil]
0xff7edS0xb09	[0x1422, nil]
0x149fS0xb09	[0x1422, nil]
0x14a3S0xb09	[0x1422, nil]
0x14a5S0xb09	[0x1422, nil]
0x14a7S0xb09	[0x1422, nil]
0x14a9S0xb09	[0x1422, nil]
0x14acS0xb09	[0x1422, nil]
0x14adS0xb09	[0x1422, nil]
0x149d_0x0S0xb09	[0x1422, nil]
0x149d_0x1S0xb09	[0x1422, nil]
0x1c93S0xb09	[0x1422, nil]
0x1c96S0xb09	[0x1422, nil]
0x1c97S0xb09	[0x1422, nil]
0x1c9eS0xb09	[0x1422, nil]
0x1ca5S0xb09	[0x1422, nil]
0x1ca9S0xb09	[0x1422, nil]
0x1cacS0xb09	[0x1422, nil]
0x1cafS0xb09	[0x1422, nil]
0x1cb9S0xb09	[0x1422, nil]
0x1cbcS0xb09	[0x1422, nil]
0x1009aeS0xb09	[0x1422, nil]
0x1475S0xb09	[0x1422, nil]
0x1477S0xb09	[0x1422, nil]
0x1478S0xb09	[0x1422, nil]
0x14b3S0xb09	[0x1422, nil]
0x14b4S0xb09	[0x1422, nil]
0x14b6S0xb09	[0x1422, nil]
0x14b8S0xb09	[0x1422, nil]
0x20030S0xb09	[0x1422, nil]
0xbb2S0x552	[0xbb1, nil]
0xbb7S0x552	[0xbb1, nil]
0xbb9S0x552	[0xbb1, nil]
0xbbeS0x552	[0xbb1, nil]
0xbc2S0x552	[0xbb1, nil]
0xbc3S0x552	[0xbb1, nil]
0xbc5S0x552	[0xbb1, nil]
0xbc7S0x552	[0xbb1, nil]
0xbc9S0x552	[0xbb1, nil]
0xbcaS0x552	[0xbb1, nil]
0xbceS0x552	[0xbb1, nil]
0xbd5S0x552	[0xbb1, nil]
0xbd6S0x552	[0xbb1, nil]
0xbd7S0x552	[0xbb1, nil]
0xbd9S0x552	[0xbb1, nil]
0x4933S0x5d8	[0x4925, nil]
0x4926S0x5d8	[0x4925, nil]
0x4928S0x5d8	[0x4925, nil]
0x492cS0x5d8	[0x4925, nil]
0x492dS0x5d8	[0x4925, nil]
0x492eS0x5d8	[0x4925, nil]
0x492fS0x5d8	[0x4925, nil]
0x4939S0x5d8	[0x4925, nil]
0x4933S0x6c9	[0x4925, nil]
0x4926S0x6c9	[0x4925, nil]
0x4928S0x6c9	[0x4925, nil]
0x492cS0x6c9	[0x4925, nil]
0x492dS0x6c9	[0x4925, nil]
0x492eS0x6c9	[0x4925, nil]
0x492fS0x6c9	[0x4925, nil]
0x4939S0x6c9	[0x4925, nil]
0x4933S0x75d	[0x4925, nil]
0x4926S0x75d	[0x4925, nil]
0x4928S0x75d	[0x4925, nil]
0x492cS0x75d	[0x4925, nil]
0x492dS0x75d	[0x4925, nil]
0x492eS0x75d	[0x4925, nil]
0x492fS0x75d	[0x4925, nil]
0x4939S0x75d	[0x4925, nil]
0x4f83S0x4f98	[0x4f7a, nil]
0x4f88S0x4f98	[0x4f7a, nil]
0x4f8aS0x4f98	[0x4f7a, nil]
0x4f8bS0x4f98	[0x4f7a, nil]
0x4f8eS0x4f98	[0x4f7a, nil]
0x4f90S0x4f98	[0x4f7a, nil]
0x4f93S0x4f98	[0x4f7a, nil]
0x4f95S0x4f98	[0x4f7a, nil]
0x4f7bS0x4f98	[0x4f7a, nil]
0x4f7eS0x4f98	[0x4f7a, nil]
0x4f7fS0x4f98	[0x4f7a, nil]
0x1812S0x123d	[0x1807, nil]
0x1814S0x123d	[0x1807, nil]
0x1815S0x123d	[0x1807, nil]
0x1819S0x123d	[0x1807, nil]
0x181bS0x123d	[0x1807, nil]
0x181eS0x123d	[0x1807, nil]
0x1820S0x123d	[0x1807, nil]
0x1823S0x123d	[0x1807, nil]
0x1825S0x123d	[0x1807, nil]
0x1827S0x123d	[0x1807, nil]
0x182aS0x123d	[0x1807, nil]
0x182cS0x123d	[0x1807, nil]
0x1841S0x123d	[0x1807, nil]
0x1843S0x123d	[0x1807, nil]
0x1844S0x123d	[0x1807, nil]
0x1847S0x123d	[0x1807, nil]
0x1849S0x123d	[0x1807, nil]
0x184bS0x123d	[0x1807, nil]
0x184cS0x123d	[0x1807, nil]
0x1808S0x123d	[0x1807, nil]
0x180aS0x123d	[0x1807, nil]
0x180bS0x123d	[0x1807, nil]
0x180dS0x123d	[0x1807, nil]
0x180eS0x123d	[0x1807, nil]
0xb7d1S0x123d	[0x1807, nil]
0xb7d3S0x123d	[0x1807, nil]
0xb7d6S0x123d	[0x1807, nil]
0x1c4bS0x13e5	[0x1c3f, nil]
0x1c4dS0x13e5	[0x1c3f, nil]
0x1c4eS0x13e5	[0x1c3f, nil]
0x1c52S0x13e5	[0x1c3f, nil]
0x1c54S0x13e5	[0x1c3f, nil]
0x1c57S0x13e5	[0x1c3f, nil]
0x1c59S0x13e5	[0x1c3f, nil]
0x1c5cS0x13e5	[0x1c3f, nil]
0x1c5eS0x13e5	[0x1c3f, nil]
0x1c60S0x13e5	[0x1c3f, nil]
0x1c63S0x13e5	[0x1c3f, nil]
0x1c65S0x13e5	[0x1c3f, nil]
0x1c76S0x13e5	[0x1c3f, nil]
0x1c78S0x13e5	[0x1c3f, nil]
0x1c79S0x13e5	[0x1c3f, nil]
0x1c7cS0x13e5	[0x1c3f, nil]
0x1c7eS0x13e5	[0x1c3f, nil]
0x1c80S0x13e5	[0x1c3f, nil]
0x1c81S0x13e5	[0x1c3f, nil]
0x1c40S0x13e5	[0x1c3f, nil]
0x1c42S0x13e5	[0x1c3f, nil]
0x1c43S0x13e5	[0x1c3f, nil]
0x1c45S0x13e5	[0x1c3f, nil]
0x1c46S0x13e5	[0x1c3f, nil]
0x1c47S0x13e5	[0x1c3f, nil]
0xb9a1S0x13e5	[0x1c3f, nil]
0xb9a3S0x13e5	[0x1c3f, nil]
0xb9a6S0x13e5	[0x1c3f, nil]
0x142dS0xb3d	[0x1422, nil]
0x1431S0xb3d	[0x1422, nil]
0x147cS0xb3d	[0x1422, nil]
0x1481S0xb3d	[0x1422, nil]
0x1482S0xb3d	[0x1422, nil]
0x1483S0xb3d	[0x1422, nil]
0x1487S0xb3d	[0x1422, nil]
0x1489S0xb3d	[0x1422, nil]
0x148bS0xb3d	[0x1422, nil]
0x1423S0xb3d	[0x1422, nil]
0x1425S0xb3d	[0x1422, nil]
0x1428S0xb3d	[0x1422, nil]
0x1429S0xb3d	[0x1422, nil]
0x1438S0xb3d	[0x1422, nil]
0x1439S0xb3d	[0x1422, nil]
0x143dS0xb3d	[0x1422, nil]
0x1440S0xb3d	[0x1422, nil]
0xff797S0xb3d	[0x1422, nil]
0x1c86S0xb3d	[0x1422, nil]
0x1c88S0xb3d	[0x1422, nil]
0x1c8aS0xb3d	[0x1422, nil]
0x1c8eS0xb3d	[0x1422, nil]
0x1c91S0xb3d	[0x1422, nil]
0x1443S0xb3d	[0x1422, nil]
0x1445S0xb3d	[0x1422, nil]
0x1446S0xb3d	[0x1422, nil]
0x144aS0xb3d	[0x1422, nil]
0x144bS0xb3d	[0x1422, nil]
0x144cS0xb3d	[0x1422, nil]
0x144eS0xb3d	[0x1422, nil]
0x144fS0xb3d	[0x1422, nil]
0x1451S0xb3d	[0x1422, nil]
0x1454S0xb3d	[0x1422, nil]
0x1455S0xb3d	[0x1422, nil]
0x145fS0xb3d	[0x1422, nil]
0x1461S0xb3d	[0x1422, nil]
0x1464S0xb3d	[0x1422, nil]
0x1465S0xb3d	[0x1422, nil]
0x1469S0xb3d	[0x1422, nil]
0x146cS0xb3d	[0x1422, nil]
0x146fS0xb3d	[0x1422, nil]
0x1470S0xb3d	[0x1422, nil]
0xff7c2S0xb3d	[0x1422, nil]
0x1491S0xb3d	[0x1422, nil]
0x1494S0xb3d	[0x1422, nil]
0x1497S0xb3d	[0x1422, nil]
0x1499S0xb3d	[0x1422, nil]
0x149bS0xb3d	[0x1422, nil]
0x1f630S0xb3d	[0x1422, nil]
0xff7edS0xb3d	[0x1422, nil]
0x149fS0xb3d	[0x1422, nil]
0x14a3S0xb3d	[0x1422, nil]
0x14a5S0xb3d	[0x1422, nil]
0x14a7S0xb3d	[0x1422, nil]
0x14a9S0xb3d	[0x1422, nil]
0x14acS0xb3d	[0x1422, nil]
0x14adS0xb3d	[0x1422, nil]
0x149d_0x0S0xb3d	[0x1422, nil]
0x149d_0x1S0xb3d	[0x1422, nil]
0x1c93S0xb3d	[0x1422, nil]
0x1c96S0xb3d	[0x1422, nil]
0x1c97S0xb3d	[0x1422, nil]
0x1c9eS0xb3d	[0x1422, nil]
0x1ca5S0xb3d	[0x1422, nil]
0x1ca9S0xb3d	[0x1422, nil]
0x1cacS0xb3d	[0x1422, nil]
0x1cafS0xb3d	[0x1422, nil]
0x1cb9S0xb3d	[0x1422, nil]
0x1cbcS0xb3d	[0x1422, nil]
0x1009aeS0xb3d	[0x1422, nil]
0x1475S0xb3d	[0x1422, nil]
0x1477S0xb3d	[0x1422, nil]
0x1478S0xb3d	[0x1422, nil]
0x14b3S0xb3d	[0x1422, nil]
0x14b4S0xb3d	[0x1422, nil]
0x14b6S0xb3d	[0x1422, nil]
0x14b8S0xb3d	[0x1422, nil]
0x20030S0xb3d	[0x1422, nil]
0xbb2S0x178b	[0xbb1, nil]
0xbb7S0x178b	[0xbb1, nil]
0xbb9S0x178b	[0xbb1, nil]
0xbbeS0x178b	[0xbb1, nil]
0xbc2S0x178b	[0xbb1, nil]
0xbc3S0x178b	[0xbb1, nil]
0xbc5S0x178b	[0xbb1, nil]
0xbc7S0x178b	[0xbb1, nil]
0xbc9S0x178b	[0xbb1, nil]
0xbcaS0x178b	[0xbb1, nil]
0xbceS0x178b	[0xbb1, nil]
0xbd5S0x178b	[0xbb1, nil]
0xbd6S0x178b	[0xbb1, nil]
0xbd7S0x178b	[0xbb1, nil]
0xbd9S0x178b	[0xbb1, nil]
0x55b3S0x20a1	[0x55a3, nil]
0x55b6S0x20a1	[0x55a3, nil]
0x55a6S0x20a1	[0x55a3, nil]
0x55a8S0x20a1	[0x55a3, nil]
0x55abS0x20a1	[0x55a3, nil]
0x55adS0x20a1	[0x55a3, nil]
0x55aeS0x20a1	[0x55a3, nil]
0x55afS0x20a1	[0x55a3, nil]
0xc320S0x20a1	[0x55a3, nil]
0xc325S0x20a1	[0x55a3, nil]
0xc327S0x20a1	[0x55a3, nil]
0xc328S0x20a1	[0x55a3, nil]
0xc32bS0x20a1	[0x55a3, nil]
0xc32dS0x20a1	[0x55a3, nil]
0xc330S0x20a1	[0x55a3, nil]
0xc332S0x20a1	[0x55a3, nil]
0x52a7S0x1d11	[0x5294, nil]
0x52c1S0x1d11	[0x5294, nil]
0x52d6S0x1d11	[0x5294, nil]
0x5295S0x1d11	[0x5294, nil]
0x5299S0x1d11	[0x5294, nil]
0x529aS0x1d11	[0x5294, nil]
0x529cS0x1d11	[0x5294, nil]
0x529eS0x1d11	[0x5294, nil]
0x529fS0x1d11	[0x5294, nil]
0x52a0S0x1d11	[0x5294, nil]
0x52a2S0x1d11	[0x5294, nil]
0x52a3S0x1d11	[0x5294, nil]
0x52adS0x1d11	[0x5294, nil]
0x52afS0x1d11	[0x5294, nil]
0x52b2S0x1d11	[0x5294, nil]
0x52b4S0x1d11	[0x5294, nil]
0x52b6S0x1d11	[0x5294, nil]
0x52b8S0x1d11	[0x5294, nil]
0x52b9S0x1d11	[0x5294, nil]
0x52bbS0x1d11	[0x5294, nil]
0x52bcS0x1d11	[0x5294, nil]
0x52bdS0x1d11	[0x5294, nil]
0x52c6S0x1d11	[0x5294, nil]
0x52c8S0x1d11	[0x5294, nil]
0x52cbS0x1d11	[0x5294, nil]
0x52ceS0x1d11	[0x5294, nil]
0x52d0S0x1d11	[0x5294, nil]
0x52d1S0x1d11	[0x5294, nil]
0x52d2S0x1d11	[0x5294, nil]
0x498cS0x54d6	[0x496e, nil]
0x498fS0x54d6	[0x496e, nil]
0x4974S0x54d6	[0x496e, nil]
0x4975S0x54d6	[0x496e, nil]
0x4976S0x54d6	[0x496e, nil]
0x4971_0x0S0x54d6	[0x496e, nil]
0x496fS0x54d6	[0x496e, nil]
0x3b830S0x54d6	[0x496e, nil]
0x497cS0x54d6	[0x496e, nil]
0x497dS0x54d6	[0x496e, nil]
0x4980S0x54d6	[0x496e, nil]
0x4982S0x54d6	[0x496e, nil]
0x4984S0x54d6	[0x496e, nil]
0x4985S0x54d6	[0x496e, nil]
0x497a_0x0S0x54d6	[0x496e, nil]
0x498cS0x54fe	[0x496e, nil]
0x498fS0x54fe	[0x496e, nil]
0x4974S0x54fe	[0x496e, nil]
0x4975S0x54fe	[0x496e, nil]
0x4976S0x54fe	[0x496e, nil]
0x4971_0x0S0x54fe	[0x496e, nil]
0x496fS0x54fe	[0x496e, nil]
0x3b830S0x54fe	[0x496e, nil]
0x497cS0x54fe	[0x496e, nil]
0x497dS0x54fe	[0x496e, nil]
0x4980S0x54fe	[0x496e, nil]
0x4982S0x54fe	[0x496e, nil]
0x4984S0x54fe	[0x496e, nil]
0x4985S0x54fe	[0x496e, nil]
0x497a_0x0S0x54fe	[0x496e, nil]
0x5309S0x20b0	[0x52fd, nil]
0x530cS0x20b0	[0x52fd, nil]
0x5300S0x20b0	[0x52fd, nil]
0x5303S0x20b0	[0x52fd, nil]
0x5304S0x20b0	[0x52fd, nil]
0x5305S0x20b0	[0x52fd, nil]
0xc2ebS0x20b0	[0x52fd, nil]
0xc2f0S0x20b0	[0x52fd, nil]
0xc2f2S0x20b0	[0x52fd, nil]
0xc2f3S0x20b0	[0x52fd, nil]
0xc2f6S0x20b0	[0x52fd, nil]
0xc2f8S0x20b0	[0x52fd, nil]
0xc2fbS0x20b0	[0x52fd, nil]
0xc2fdS0x20b0	[0x52fd, nil]
0x55b3S0x2146	[0x55a3, nil]
0x55b6S0x2146	[0x55a3, nil]
0x55a6S0x2146	[0x55a3, nil]
0x55a8S0x2146	[0x55a3, nil]
0x55abS0x2146	[0x55a3, nil]
0x55adS0x2146	[0x55a3, nil]
0x55aeS0x2146	[0x55a3, nil]
0x55afS0x2146	[0x55a3, nil]
0xc320S0x2146	[0x55a3, nil]
0xc325S0x2146	[0x55a3, nil]
0xc327S0x2146	[0x55a3, nil]
0xc328S0x2146	[0x55a3, nil]
0xc32bS0x2146	[0x55a3, nil]
0xc32dS0x2146	[0x55a3, nil]
0xc330S0x2146	[0x55a3, nil]
0xc332S0x2146	[0x55a3, nil]
0x5309S0x216a	[0x52fd, nil]
0x530cS0x216a	[0x52fd, nil]
0x5300S0x216a	[0x52fd, nil]
0x5303S0x216a	[0x52fd, nil]
0x5304S0x216a	[0x52fd, nil]
0x5305S0x216a	[0x52fd, nil]
0xc2ebS0x216a	[0x52fd, nil]
0xc2f0S0x216a	[0x52fd, nil]
0xc2f2S0x216a	[0x52fd, nil]
0xc2f3S0x216a	[0x52fd, nil]
0xc2f6S0x216a	[0x52fd, nil]
0xc2f8S0x216a	[0x52fd, nil]
0xc2fbS0x216a	[0x52fd, nil]
0xc2fdS0x216a	[0x52fd, nil]
0x571bS0x2959	[0x570d, nil]
0x570eS0x2959	[0x570d, nil]
0x5710S0x2959	[0x570d, nil]
0x5714S0x2959	[0x570d, nil]
0x5715S0x2959	[0x570d, nil]
0x5716S0x2959	[0x570d, nil]
0x5717S0x2959	[0x570d, nil]
0x5721S0x2959	[0x570d, nil]
0x3ca3S0x382e	[0x3ca2, nil]
0x3ca5S0x382e	[0x3ca2, nil]
0x3ca6S0x382e	[0x3ca2, nil]
0x3ca8S0x382e	[0x3ca2, nil]
0x3caaS0x382e	[0x3ca2, nil]
0x3cacS0x382e	[0x3ca2, nil]
0x3cadS0x382e	[0x3ca2, nil]
0x3cb0S0x382e	[0x3ca2, nil]
0x3cb1S0x382e	[0x3ca2, nil]
0x3cb4S0x382e	[0x3ca2, nil]
0x3cb7S0x382e	[0x3ca2, nil]
0x3cb8S0x382e	[0x3ca2, nil]
0x3cbbS0x382e	[0x3ca2, nil]
0x3cbdS0x382e	[0x3ca2, nil]
0x3cc0S0x382e	[0x3ca2, nil]
0x3cc4S0x382e	[0x3ca2, nil]
0x3ccaS0x382e	[0x3ca2, nil]
0x3ccfS0x382e	[0x3ca2, nil]
0x3cd1S0x382e	[0x3ca2, nil]
0x3cd3S0x382e	[0x3ca2, nil]
0x3cd5S0x382e	[0x3ca2, nil]
0x37230S0x382e	[0x3ca2, nil]
0x5a0eS0x3c2a	[0x5a0d, nil]
0x5a10S0x3c2a	[0x5a0d, nil]
0x5a12S0x3c2a	[0x5a0d, nil]
0x5a14S0x3c2a	[0x5a0d, nil]
0x5a15S0x3c2a	[0x5a0d, nil]
0x5a18S0x3c2a	[0x5a0d, nil]
0x5a1bS0x3c2a	[0x5a0d, nil]
0x5a1eS0x3c2a	[0x5a0d, nil]
0x5a25S0x3c2a	[0x5a0d, nil]
0x5a26S0x3c2a	[0x5a0d, nil]
0x5a29S0x3c2a	[0x5a0d, nil]
0x5a2dS0x3c2a	[0x5a0d, nil]
0x5a2eS0x3c2a	[0x5a0d, nil]
0x5a31S0x3c2a	[0x5a0d, nil]
0x5a33S0x3c2a	[0x5a0d, nil]
0x5a35S0x3c2a	[0x5a0d, nil]
0x58e6S0x3d88	[0x58e5, nil]
0x58e8S0x3d88	[0x58e5, nil]
0x58eaS0x3d88	[0x58e5, nil]
0x58ecS0x3d88	[0x58e5, nil]
0x58edS0x3d88	[0x58e5, nil]
0x58f0S0x3d88	[0x58e5, nil]
0x58f3S0x3d88	[0x58e5, nil]
0x58f6S0x3d88	[0x58e5, nil]
0x58fdS0x3d88	[0x58e5, nil]
0x58feS0x3d88	[0x58e5, nil]
0x5901S0x3d88	[0x58e5, nil]
0x5905S0x3d88	[0x58e5, nil]
0x5906S0x3d88	[0x58e5, nil]
0x5909S0x3d88	[0x58e5, nil]
0x590bS0x3d88	[0x58e5, nil]
0x590dS0x3d88	[0x58e5, nil]
0x590fS0x3d88	[0x58e5, nil]
0x5911S0x3d88	[0x58e5, nil]
0x5912S0x3d88	[0x58e5, nil]
0x5915S0x3d88	[0x58e5, nil]
0x5916S0x3d88	[0x58e5, nil]
0x5919S0x3d88	[0x58e5, nil]
0x591bS0x3d88	[0x58e5, nil]
0x591dS0x3d88	[0x58e5, nil]
0x5a0eS0x3e8f	[0x5a0d, nil]
0x5a10S0x3e8f	[0x5a0d, nil]
0x5a12S0x3e8f	[0x5a0d, nil]
0x5a14S0x3e8f	[0x5a0d, nil]
0x5a15S0x3e8f	[0x5a0d, nil]
0x5a18S0x3e8f	[0x5a0d, nil]
0x5a1bS0x3e8f	[0x5a0d, nil]
0x5a1eS0x3e8f	[0x5a0d, nil]
0x5a25S0x3e8f	[0x5a0d, nil]
0x5a26S0x3e8f	[0x5a0d, nil]
0x5a29S0x3e8f	[0x5a0d, nil]
0x5a2dS0x3e8f	[0x5a0d, nil]
0x5a2eS0x3e8f	[0x5a0d, nil]
0x5a31S0x3e8f	[0x5a0d, nil]
0x5a33S0x3e8f	[0x5a0d, nil]
0x5a35S0x3e8f	[0x5a0d, nil]
0x5a0eS0x41c7	[0x5a0d, nil]
0x5a10S0x41c7	[0x5a0d, nil]
0x5a12S0x41c7	[0x5a0d, nil]
0x5a14S0x41c7	[0x5a0d, nil]
0x5a15S0x41c7	[0x5a0d, nil]
0x5a18S0x41c7	[0x5a0d, nil]
0x5a1bS0x41c7	[0x5a0d, nil]
0x5a1eS0x41c7	[0x5a0d, nil]
0x5a25S0x41c7	[0x5a0d, nil]
0x5a26S0x41c7	[0x5a0d, nil]
0x5a29S0x41c7	[0x5a0d, nil]
0x5a2dS0x41c7	[0x5a0d, nil]
0x5a2eS0x41c7	[0x5a0d, nil]
0x5a31S0x41c7	[0x5a0d, nil]
0x5a33S0x41c7	[0x5a0d, nil]
0x5a35S0x41c7	[0x5a0d, nil]
0x5a0eS0x436f	[0x5a0d, nil]
0x5a10S0x436f	[0x5a0d, nil]
0x5a12S0x436f	[0x5a0d, nil]
0x5a14S0x436f	[0x5a0d, nil]
0x5a15S0x436f	[0x5a0d, nil]
0x5a18S0x436f	[0x5a0d, nil]
0x5a1bS0x436f	[0x5a0d, nil]
0x5a1eS0x436f	[0x5a0d, nil]
0x5a25S0x436f	[0x5a0d, nil]
0x5a26S0x436f	[0x5a0d, nil]
0x5a29S0x436f	[0x5a0d, nil]
0x5a2dS0x436f	[0x5a0d, nil]
0x5a2eS0x436f	[0x5a0d, nil]
0x5a31S0x436f	[0x5a0d, nil]
0x5a33S0x436f	[0x5a0d, nil]
0x5a35S0x436f	[0x5a0d, nil]
0x49eeS0x4ee1	[0x49e0, nil]
0x4a05S0x4ee1	[0x49e0, nil]
0x4a20S0x4ee1	[0x49e0, nil]
0x49f5S0x4ee1	[0x49e0, nil]
0x49f6S0x4ee1	[0x49e0, nil]
0x49f8S0x4ee1	[0x49e0, nil]
0x49faS0x4ee1	[0x49e0, nil]
0x49fcS0x4ee1	[0x49e0, nil]
0x49fdS0x4ee1	[0x49e0, nil]
0x49ffS0x4ee1	[0x49e0, nil]
0x4a00S0x4ee1	[0x49e0, nil]
0x4a01S0x4ee1	[0x49e0, nil]
0x4a0aS0x4ee1	[0x49e0, nil]
0x4a0dS0x4ee1	[0x49e0, nil]
0x4a11S0x4ee1	[0x49e0, nil]
0x4a14S0x4ee1	[0x49e0, nil]
0x4a16S0x4ee1	[0x49e0, nil]
0x4a18S0x4ee1	[0x49e0, nil]
0x4a19S0x4ee1	[0x49e0, nil]
0x4a1aS0x4ee1	[0x49e0, nil]
0x4a1bS0x4ee1	[0x49e0, nil]
0x4a1cS0x4ee1	[0x49e0, nil]
0x49e1S0x4ee1	[0x49e0, nil]
0x49e5S0x4ee1	[0x49e0, nil]
0x49e8S0x4ee1	[0x49e0, nil]
0x49e9S0x4ee1	[0x49e0, nil]
0x49eaS0x4ee1	[0x49e0, nil]
0x498cS0x5510	[0x496e, nil]
0x498fS0x5510	[0x496e, nil]
0x4974S0x5510	[0x496e, nil]
0x4975S0x5510	[0x496e, nil]
0x4976S0x5510	[0x496e, nil]
0x4971_0x0S0x5510	[0x496e, nil]
0x496fS0x5510	[0x496e, nil]
0x3b830S0x5510	[0x496e, nil]
0x497cS0x5510	[0x496e, nil]
0x497dS0x5510	[0x496e, nil]
0x4980S0x5510	[0x496e, nil]
0x4982S0x5510	[0x496e, nil]
0x4984S0x5510	[0x496e, nil]
0x4985S0x5510	[0x496e, nil]
0x497a_0x0S0x5510	[0x496e, nil]
0x4904S0x5628	[0x48f3, nil]
0x48f4S0x5628	[0x48f3, nil]
0x48f6S0x5628	[0x48f3, nil]
0x48f8S0x5628	[0x48f3, nil]
0x48faS0x5628	[0x48f3, nil]
0x48fbS0x5628	[0x48f3, nil]
0x48fdS0x5628	[0x48f3, nil]
0x48ffS0x5628	[0x48f3, nil]
0x4900S0x5628	[0x48f3, nil]
0x4904S0x5868	[0x48f3, nil]
0x48f4S0x5868	[0x48f3, nil]
0x48f6S0x5868	[0x48f3, nil]
0x48f8S0x5868	[0x48f3, nil]
0x48faS0x5868	[0x48f3, nil]
0x48fbS0x5868	[0x48f3, nil]
0x48fdS0x5868	[0x48f3, nil]
0x48ffS0x5868	[0x48f3, nil]
0x4900S0x5868	[0x48f3, nil]
0x4904S0x5873	[0x48f3, nil]
0x48f4S0x5873	[0x48f3, nil]
0x48f6S0x5873	[0x48f3, nil]
0x48f8S0x5873	[0x48f3, nil]
0x48faS0x5873	[0x48f3, nil]
0x48fbS0x5873	[0x48f3, nil]
0x48fdS0x5873	[0x48f3, nil]
0x48ffS0x5873	[0x48f3, nil]
0x4900S0x5873	[0x48f3, nil]
0x4904S0x588d	[0x48f3, nil]
0x48f4S0x588d	[0x48f3, nil]
0x48f6S0x588d	[0x48f3, nil]
0x48f8S0x588d	[0x48f3, nil]
0x48faS0x588d	[0x48f3, nil]
0x48fbS0x588d	[0x48f3, nil]
0x48fdS0x588d	[0x48f3, nil]
0x48ffS0x588d	[0x48f3, nil]
0x4900S0x588d	[0x48f3, nil]
0x4e66S0x58a0	[0x4e55, nil]
0x4e56S0x58a0	[0x4e55, nil]
0x4e58S0x58a0	[0x4e55, nil]
0x4e5aS0x58a0	[0x4e55, nil]
0x4e5cS0x58a0	[0x4e55, nil]
0x4e5dS0x58a0	[0x4e55, nil]
0x4e5fS0x58a0	[0x4e55, nil]
0x4e61S0x58a0	[0x4e55, nil]
0x4e62S0x58a0	[0x4e55, nil]
0x4e66S0x58b3	[0x4e55, nil]
0x4e56S0x58b3	[0x4e55, nil]
0x4e58S0x58b3	[0x4e55, nil]
0x4e5aS0x58b3	[0x4e55, nil]
0x4e5cS0x58b3	[0x4e55, nil]
0x4e5dS0x58b3	[0x4e55, nil]
0x4e5fS0x58b3	[0x4e55, nil]
0x4e61S0x58b3	[0x4e55, nil]
0x4e62S0x58b3	[0x4e55, nil]
0x4904S0x58c6	[0x48f3, nil]
0x48f4S0x58c6	[0x48f3, nil]
0x48f6S0x58c6	[0x48f3, nil]
0x48f8S0x58c6	[0x48f3, nil]
0x48faS0x58c6	[0x48f3, nil]
0x48fbS0x58c6	[0x48f3, nil]
0x48fdS0x58c6	[0x48f3, nil]
0x48ffS0x58c6	[0x48f3, nil]
0x4900S0x58c6	[0x48f3, nil]
0x571bS0x3df00x3d0d	[0x570d, nil]
0x570eS0x3df00x3d0d	[0x570d, nil]
0x5710S0x3df00x3d0d	[0x570d, nil]
0x5714S0x3df00x3d0d	[0x570d, nil]
0x5715S0x3df00x3d0d	[0x570d, nil]
0x5716S0x3df00x3d0d	[0x570d, nil]
0x5717S0x3df00x3d0d	[0x570d, nil]
0x5721S0x3df00x3d0d	[0x570d, nil]
0x571bS0x3df00x3e14	[0x570d, nil]
0x570eS0x3df00x3e14	[0x570d, nil]
0x5710S0x3df00x3e14	[0x570d, nil]
0x5714S0x3df00x3e14	[0x570d, nil]
0x5715S0x3df00x3e14	[0x570d, nil]
0x5716S0x3df00x3e14	[0x570d, nil]
0x5717S0x3df00x3e14	[0x570d, nil]
0x5721S0x3df00x3e14	[0x570d, nil]
0x571bS0x3df00x40e7	[0x570d, nil]
0x570eS0x3df00x40e7	[0x570d, nil]
0x5710S0x3df00x40e7	[0x570d, nil]
0x5714S0x3df00x40e7	[0x570d, nil]
0x5715S0x3df00x40e7	[0x570d, nil]
0x5716S0x3df00x40e7	[0x570d, nil]
0x5717S0x3df00x40e7	[0x570d, nil]
0x5721S0x3df00x40e7	[0x570d, nil]
0x571bS0x3df00x420a	[0x570d, nil]
0x570eS0x3df00x420a	[0x570d, nil]
0x5710S0x3df00x420a	[0x570d, nil]
0x5714S0x3df00x420a	[0x570d, nil]
0x5715S0x3df00x420a	[0x570d, nil]
0x5716S0x3df00x420a	[0x570d, nil]
0x5717S0x3df00x420a	[0x570d, nil]
0x5721S0x3df00x420a	[0x570d, nil]
0x48e6S0x262	[0x48d8, nil]
0x48d9S0x262	[0x48d8, nil]
0x48dbS0x262	[0x48d8, nil]
0x48dfS0x262	[0x48d8, nil]
0x48e0S0x262	[0x48d8, nil]
0x48e1S0x262	[0x48d8, nil]
0x48e2S0x262	[0x48d8, nil]
0x48ebS0x262	[0x48d8, nil]
0x48efS0x262	[0x48d8, nil]
0x48d4S0x48eaS0x262	[0x48d8, [0x48c0, nil]]
0x48c2S0x48eaS0x262	[0x48d8, [0x48c0, nil]]
0x48c3S0x48eaS0x262	[0x48d8, [0x48c0, nil]]
0x48c5S0x48eaS0x262	[0x48d8, [0x48c0, nil]]
0x48c7S0x48eaS0x262	[0x48d8, [0x48c0, nil]]
0x48c9S0x48eaS0x262	[0x48d8, [0x48c0, nil]]
0x48caS0x48eaS0x262	[0x48d8, [0x48c0, nil]]
0x48cbS0x48eaS0x262	[0x48d8, [0x48c0, nil]]
0x48cdS0x48eaS0x262	[0x48d8, [0x48c0, nil]]
0x48cfS0x48eaS0x262	[0x48d8, [0x48c0, nil]]
0x48d0S0x48eaS0x262	[0x48d8, [0x48c0, nil]]
0x4916S0x297	[0x4908, nil]
0x4909S0x297	[0x4908, nil]
0x490bS0x297	[0x4908, nil]
0x490fS0x297	[0x4908, nil]
0x4910S0x297	[0x4908, nil]
0x4911S0x297	[0x4908, nil]
0x4912S0x297	[0x4908, nil]
0x491cS0x297	[0x4908, nil]
0x491dS0x297	[0x4908, nil]
0x4921S0x297	[0x4908, nil]
0x4904S0x491aS0x297	[0x4908, [0x48f3, nil]]
0x48f4S0x491aS0x297	[0x4908, [0x48f3, nil]]
0x48f6S0x491aS0x297	[0x4908, [0x48f3, nil]]
0x48f8S0x491aS0x297	[0x4908, [0x48f3, nil]]
0x48faS0x491aS0x297	[0x4908, [0x48f3, nil]]
0x48fbS0x491aS0x297	[0x4908, [0x48f3, nil]]
0x48fdS0x491aS0x297	[0x4908, [0x48f3, nil]]
0x48ffS0x491aS0x297	[0x4908, [0x48f3, nil]]
0x4900S0x491aS0x297	[0x4908, [0x48f3, nil]]
0x494dS0x381	[0x493e, nil]
0x493fS0x381	[0x493e, nil]
0x4942S0x381	[0x493e, nil]
0x4946S0x381	[0x493e, nil]
0x4947S0x381	[0x493e, nil]
0x4948S0x381	[0x493e, nil]
0x4949S0x381	[0x493e, nil]
0x4953S0x381	[0x493e, nil]
0x4956S0x381	[0x493e, nil]
0x4959S0x381	[0x493e, nil]
0x495aS0x381	[0x493e, nil]
0x495bS0x381	[0x493e, nil]
0x495fS0x381	[0x493e, nil]
0x4904S0x4951S0x381	[0x493e, [0x48f3, nil]]
0x48f4S0x4951S0x381	[0x493e, [0x48f3, nil]]
0x48f6S0x4951S0x381	[0x493e, [0x48f3, nil]]
0x48f8S0x4951S0x381	[0x493e, [0x48f3, nil]]
0x48faS0x4951S0x381	[0x493e, [0x48f3, nil]]
0x48fbS0x4951S0x381	[0x493e, [0x48f3, nil]]
0x48fdS0x4951S0x381	[0x493e, [0x48f3, nil]]
0x48ffS0x4951S0x381	[0x493e, [0x48f3, nil]]
0x4900S0x4951S0x381	[0x493e, [0x48f3, nil]]
0x494dS0x3a1	[0x493e, nil]
0x493fS0x3a1	[0x493e, nil]
0x4942S0x3a1	[0x493e, nil]
0x4946S0x3a1	[0x493e, nil]
0x4947S0x3a1	[0x493e, nil]
0x4948S0x3a1	[0x493e, nil]
0x4949S0x3a1	[0x493e, nil]
0x4953S0x3a1	[0x493e, nil]
0x4956S0x3a1	[0x493e, nil]
0x4959S0x3a1	[0x493e, nil]
0x495aS0x3a1	[0x493e, nil]
0x495bS0x3a1	[0x493e, nil]
0x495fS0x3a1	[0x493e, nil]
0x4904S0x4951S0x3a1	[0x493e, [0x48f3, nil]]
0x48f4S0x4951S0x3a1	[0x493e, [0x48f3, nil]]
0x48f6S0x4951S0x3a1	[0x493e, [0x48f3, nil]]
0x48f8S0x4951S0x3a1	[0x493e, [0x48f3, nil]]
0x48faS0x4951S0x3a1	[0x493e, [0x48f3, nil]]
0x48fbS0x4951S0x3a1	[0x493e, [0x48f3, nil]]
0x48fdS0x4951S0x3a1	[0x493e, [0x48f3, nil]]
0x48ffS0x4951S0x3a1	[0x493e, [0x48f3, nil]]
0x4900S0x4951S0x3a1	[0x493e, [0x48f3, nil]]
0x4916S0x3c1	[0x4908, nil]
0x4909S0x3c1	[0x4908, nil]
0x490bS0x3c1	[0x4908, nil]
0x490fS0x3c1	[0x4908, nil]
0x4910S0x3c1	[0x4908, nil]
0x4911S0x3c1	[0x4908, nil]
0x4912S0x3c1	[0x4908, nil]
0x491cS0x3c1	[0x4908, nil]
0x491dS0x3c1	[0x4908, nil]
0x4921S0x3c1	[0x4908, nil]
0x4904S0x491aS0x3c1	[0x4908, [0x48f3, nil]]
0x48f4S0x491aS0x3c1	[0x4908, [0x48f3, nil]]
0x48f6S0x491aS0x3c1	[0x4908, [0x48f3, nil]]
0x48f8S0x491aS0x3c1	[0x4908, [0x48f3, nil]]
0x48faS0x491aS0x3c1	[0x4908, [0x48f3, nil]]
0x48fbS0x491aS0x3c1	[0x4908, [0x48f3, nil]]
0x48fdS0x491aS0x3c1	[0x4908, [0x48f3, nil]]
0x48ffS0x491aS0x3c1	[0x4908, [0x48f3, nil]]
0x4900S0x491aS0x3c1	[0x4908, [0x48f3, nil]]
0x4916S0x4c6	[0x4908, nil]
0x4909S0x4c6	[0x4908, nil]
0x490bS0x4c6	[0x4908, nil]
0x490fS0x4c6	[0x4908, nil]
0x4910S0x4c6	[0x4908, nil]
0x4911S0x4c6	[0x4908, nil]
0x4912S0x4c6	[0x4908, nil]
0x491cS0x4c6	[0x4908, nil]
0x491dS0x4c6	[0x4908, nil]
0x4921S0x4c6	[0x4908, nil]
0x4904S0x491aS0x4c6	[0x4908, [0x48f3, nil]]
0x48f4S0x491aS0x4c6	[0x4908, [0x48f3, nil]]
0x48f6S0x491aS0x4c6	[0x4908, [0x48f3, nil]]
0x48f8S0x491aS0x4c6	[0x4908, [0x48f3, nil]]
0x48faS0x491aS0x4c6	[0x4908, [0x48f3, nil]]
0x48fbS0x491aS0x4c6	[0x4908, [0x48f3, nil]]
0x48fdS0x491aS0x4c6	[0x4908, [0x48f3, nil]]
0x48ffS0x491aS0x4c6	[0x4908, [0x48f3, nil]]
0x4900S0x491aS0x4c6	[0x4908, [0x48f3, nil]]
0xb93S0x532	[0xb92, nil]
0xb98S0x532	[0xb92, nil]
0xb9aS0x532	[0xb92, nil]
0xb9dS0x532	[0xb92, nil]
0xba0S0x532	[0xb92, nil]
0xba1S0x532	[0xb92, nil]
0xba6S0x532	[0xb92, nil]
0x1cd4S0xb92S0x532	[0xb92, [0x14c6, nil]]
0x1cd7S0xb92S0x532	[0xb92, [0x14c6, nil]]
0x14c7S0xb92S0x532	[0xb92, [0x14c6, nil]]
0x14c9S0xb92S0x532	[0xb92, [0x14c6, nil]]
0x14ceS0xb92S0x532	[0xb92, [0x14c6, nil]]
0x1cc5S0xb92S0x532	[0xb92, [0x14c6, nil]]
0x1cc8S0xb92S0x532	[0xb92, [0x14c6, nil]]
0x1ccaS0xb92S0x532	[0xb92, [0x14c6, nil]]
0x1ccdS0xb92S0x532	[0xb92, [0x14c6, nil]]
0x1ccfS0xb92S0x532	[0xb92, [0x14c6, nil]]
0x1cd0S0xb92S0x532	[0xb92, [0x14c6, nil]]
0x1cddS0xb92S0x532	[0xb92, [0x14c6, nil]]
0x1ce0S0xb92S0x532	[0xb92, [0x14c6, nil]]
0x1ce2S0xb92S0x532	[0xb92, [0x14c6, nil]]
0x1ce4S0xb92S0x532	[0xb92, [0x14c6, nil]]
0x1ce5S0xb92S0x532	[0xb92, [0x14c6, nil]]
0x1ce6S0xb92S0x532	[0xb92, [0x14c6, nil]]
0xb9c9S0xb92S0x532	[0xb92, [0x14c6, nil]]
0xb9ceS0xb92S0x532	[0xb92, [0x14c6, nil]]
0xb9d0S0xb92S0x532	[0xb92, [0x14c6, nil]]
0xb9d1S0xb92S0x532	[0xb92, [0x14c6, nil]]
0xb9d4S0xb92S0x532	[0xb92, [0x14c6, nil]]
0xb9d6S0xb92S0x532	[0xb92, [0x14c6, nil]]
0xb9d9S0xb92S0x532	[0xb92, [0x14c6, nil]]
0xb9dbS0xb92S0x532	[0xb92, [0x14c6, nil]]
0x494dS0x543	[0x493e, nil]
0x493fS0x543	[0x493e, nil]
0x4942S0x543	[0x493e, nil]
0x4946S0x543	[0x493e, nil]
0x4947S0x543	[0x493e, nil]
0x4948S0x543	[0x493e, nil]
0x4949S0x543	[0x493e, nil]
0x4953S0x543	[0x493e, nil]
0x4956S0x543	[0x493e, nil]
0x4959S0x543	[0x493e, nil]
0x495aS0x543	[0x493e, nil]
0x495bS0x543	[0x493e, nil]
0x495fS0x543	[0x493e, nil]
0x4904S0x4951S0x543	[0x493e, [0x48f3, nil]]
0x48f4S0x4951S0x543	[0x493e, [0x48f3, nil]]
0x48f6S0x4951S0x543	[0x493e, [0x48f3, nil]]
0x48f8S0x4951S0x543	[0x493e, [0x48f3, nil]]
0x48faS0x4951S0x543	[0x493e, [0x48f3, nil]]
0x48fbS0x4951S0x543	[0x493e, [0x48f3, nil]]
0x48fdS0x4951S0x543	[0x493e, [0x48f3, nil]]
0x48ffS0x4951S0x543	[0x493e, [0x48f3, nil]]
0x4900S0x4951S0x543	[0x493e, [0x48f3, nil]]
0x4916S0x563	[0x4908, nil]
0x4909S0x563	[0x4908, nil]
0x490bS0x563	[0x4908, nil]
0x490fS0x563	[0x4908, nil]
0x4910S0x563	[0x4908, nil]
0x4911S0x563	[0x4908, nil]
0x4912S0x563	[0x4908, nil]
0x491cS0x563	[0x4908, nil]
0x491dS0x563	[0x4908, nil]
0x4921S0x563	[0x4908, nil]
0x4904S0x491aS0x563	[0x4908, [0x48f3, nil]]
0x48f4S0x491aS0x563	[0x4908, [0x48f3, nil]]
0x48f6S0x491aS0x563	[0x4908, [0x48f3, nil]]
0x48f8S0x491aS0x563	[0x4908, [0x48f3, nil]]
0x48faS0x491aS0x563	[0x4908, [0x48f3, nil]]
0x48fbS0x491aS0x563	[0x4908, [0x48f3, nil]]
0x48fdS0x491aS0x563	[0x4908, [0x48f3, nil]]
0x48ffS0x491aS0x563	[0x4908, [0x48f3, nil]]
0x4900S0x491aS0x563	[0x4908, [0x48f3, nil]]
0x4e7bS0x661	[0x4e6a, nil]
0x4e6bS0x661	[0x4e6a, nil]
0x4e6eS0x661	[0x4e6a, nil]
0x4e70S0x661	[0x4e6a, nil]
0x4e74S0x661	[0x4e6a, nil]
0x4e75S0x661	[0x4e6a, nil]
0x4e76S0x661	[0x4e6a, nil]
0x4e77S0x661	[0x4e6a, nil]
0x4e80S0x661	[0x4e6a, nil]
0x4e84S0x661	[0x4e6a, nil]
0x4e8bS0x661	[0x4e6a, nil]
0x4e8eS0x661	[0x4e6a, nil]
0x4e8fS0x661	[0x4e6a, nil]
0x4e90S0x661	[0x4e6a, nil]
0x4e94S0x661	[0x4e6a, nil]
0x4e9bS0x661	[0x4e6a, nil]
0x4e9eS0x661	[0x4e6a, nil]
0x4e9fS0x661	[0x4e6a, nil]
0x4ea0S0x661	[0x4e6a, nil]
0x4ea4S0x661	[0x4e6a, nil]
0x48d4S0x4e7fS0x661	[0x4e6a, [0x48c0, nil]]
0x48c2S0x4e7fS0x661	[0x4e6a, [0x48c0, nil]]
0x48c3S0x4e7fS0x661	[0x4e6a, [0x48c0, nil]]
0x48c5S0x4e7fS0x661	[0x4e6a, [0x48c0, nil]]
0x48c7S0x4e7fS0x661	[0x4e6a, [0x48c0, nil]]
0x48c9S0x4e7fS0x661	[0x4e6a, [0x48c0, nil]]
0x48caS0x4e7fS0x661	[0x4e6a, [0x48c0, nil]]
0x48cbS0x4e7fS0x661	[0x4e6a, [0x48c0, nil]]
0x48cdS0x4e7fS0x661	[0x4e6a, [0x48c0, nil]]
0x48cfS0x4e7fS0x661	[0x4e6a, [0x48c0, nil]]
0x48d0S0x4e7fS0x661	[0x4e6a, [0x48c0, nil]]
0x4904S0x4e88S0x661	[0x4e6a, [0x48f3, nil]]
0x48f4S0x4e88S0x661	[0x4e6a, [0x48f3, nil]]
0x48f6S0x4e88S0x661	[0x4e6a, [0x48f3, nil]]
0x48f8S0x4e88S0x661	[0x4e6a, [0x48f3, nil]]
0x48faS0x4e88S0x661	[0x4e6a, [0x48f3, nil]]
0x48fbS0x4e88S0x661	[0x4e6a, [0x48f3, nil]]
0x48fdS0x4e88S0x661	[0x4e6a, [0x48f3, nil]]
0x48ffS0x4e88S0x661	[0x4e6a, [0x48f3, nil]]
0x4900S0x4e88S0x661	[0x4e6a, [0x48f3, nil]]
0x4e66S0x4e98S0x661	[0x4e6a, [0x4e55, nil]]
0x4e56S0x4e98S0x661	[0x4e6a, [0x4e55, nil]]
0x4e58S0x4e98S0x661	[0x4e6a, [0x4e55, nil]]
0x4e5aS0x4e98S0x661	[0x4e6a, [0x4e55, nil]]
0x4e5cS0x4e98S0x661	[0x4e6a, [0x4e55, nil]]
0x4e5dS0x4e98S0x661	[0x4e6a, [0x4e55, nil]]
0x4e5fS0x4e98S0x661	[0x4e6a, [0x4e55, nil]]
0x4e61S0x4e98S0x661	[0x4e6a, [0x4e55, nil]]
0x4e62S0x4e98S0x661	[0x4e6a, [0x4e55, nil]]
0x4f45S0x694	[0x4f36, nil]
0x4f37S0x694	[0x4f36, nil]
0x4f3aS0x694	[0x4f36, nil]
0x4f3eS0x694	[0x4f36, nil]
0x4f3fS0x694	[0x4f36, nil]
0x4f40S0x694	[0x4f36, nil]
0x4f41S0x694	[0x4f36, nil]
0x4f4bS0x694	[0x4f36, nil]
0x4f4cS0x694	[0x4f36, nil]
0x4f50S0x694	[0x4f36, nil]
0x4f57S0x694	[0x4f36, nil]
0x4f5aS0x694	[0x4f36, nil]
0x4f5bS0x694	[0x4f36, nil]
0x4f5cS0x694	[0x4f36, nil]
0x4f60S0x694	[0x4f36, nil]
0x4904S0x4f49S0x694	[0x4f36, [0x48f3, nil]]
0x48f4S0x4f49S0x694	[0x4f36, [0x48f3, nil]]
0x48f6S0x4f49S0x694	[0x4f36, [0x48f3, nil]]
0x48f8S0x4f49S0x694	[0x4f36, [0x48f3, nil]]
0x48faS0x4f49S0x694	[0x4f36, [0x48f3, nil]]
0x48fbS0x4f49S0x694	[0x4f36, [0x48f3, nil]]
0x48fdS0x4f49S0x694	[0x4f36, [0x48f3, nil]]
0x48ffS0x4f49S0x694	[0x4f36, [0x48f3, nil]]
0x4900S0x4f49S0x694	[0x4f36, [0x48f3, nil]]
0x4904S0x4f54S0x694	[0x4f36, [0x48f3, nil]]
0x48f4S0x4f54S0x694	[0x4f36, [0x48f3, nil]]
0x48f6S0x4f54S0x694	[0x4f36, [0x48f3, nil]]
0x48f8S0x4f54S0x694	[0x4f36, [0x48f3, nil]]
0x48faS0x4f54S0x694	[0x4f36, [0x48f3, nil]]
0x48fbS0x4f54S0x694	[0x4f36, [0x48f3, nil]]
0x48fdS0x4f54S0x694	[0x4f36, [0x48f3, nil]]
0x48ffS0x4f54S0x694	[0x4f36, [0x48f3, nil]]
0x4900S0x4f54S0x694	[0x4f36, [0x48f3, nil]]
0x1088S0x6d8	[0x1087, nil]
0x108dS0x6d8	[0x1087, nil]
0x108fS0x6d8	[0x1087, nil]
0x1092S0x6d8	[0x1087, nil]
0x1095S0x6d8	[0x1087, nil]
0x1096S0x6d8	[0x1087, nil]
0x109aS0x6d8	[0x1087, nil]
0x164dS0x1087S0x6d8	[0x1087, [0x164c, nil]]
0x164fS0x1087S0x6d8	[0x1087, [0x164c, nil]]
0x1653S0x1087S0x6d8	[0x1087, [0x164c, nil]]
0x494dS0x6e9	[0x493e, nil]
0x493fS0x6e9	[0x493e, nil]
0x4942S0x6e9	[0x493e, nil]
0x4946S0x6e9	[0x493e, nil]
0x4947S0x6e9	[0x493e, nil]
0x4948S0x6e9	[0x493e, nil]
0x4949S0x6e9	[0x493e, nil]
0x4953S0x6e9	[0x493e, nil]
0x4956S0x6e9	[0x493e, nil]
0x4959S0x6e9	[0x493e, nil]
0x495aS0x6e9	[0x493e, nil]
0x495bS0x6e9	[0x493e, nil]
0x495fS0x6e9	[0x493e, nil]
0x4904S0x4951S0x6e9	[0x493e, [0x48f3, nil]]
0x48f4S0x4951S0x6e9	[0x493e, [0x48f3, nil]]
0x48f6S0x4951S0x6e9	[0x493e, [0x48f3, nil]]
0x48f8S0x4951S0x6e9	[0x493e, [0x48f3, nil]]
0x48faS0x4951S0x6e9	[0x493e, [0x48f3, nil]]
0x48fbS0x4951S0x6e9	[0x493e, [0x48f3, nil]]
0x48fdS0x4951S0x6e9	[0x493e, [0x48f3, nil]]
0x48ffS0x4951S0x6e9	[0x493e, [0x48f3, nil]]
0x4900S0x4951S0x6e9	[0x493e, [0x48f3, nil]]
0x4ff8S0x9f4	[0x4fea, nil]
0x4febS0x9f4	[0x4fea, nil]
0x4fedS0x9f4	[0x4fea, nil]
0x4ff1S0x9f4	[0x4fea, nil]
0x4ff2S0x9f4	[0x4fea, nil]
0x4ff3S0x9f4	[0x4fea, nil]
0x4ff4S0x9f4	[0x4fea, nil]
0x4ffeS0x9f4	[0x4fea, nil]
0x4fffS0x9f4	[0x4fea, nil]
0x5003S0x9f4	[0x4fea, nil]
0x4904S0x4ffcS0x9f4	[0x4fea, [0x48f3, nil]]
0x48f4S0x4ffcS0x9f4	[0x4fea, [0x48f3, nil]]
0x48f6S0x4ffcS0x9f4	[0x4fea, [0x48f3, nil]]
0x48f8S0x4ffcS0x9f4	[0x4fea, [0x48f3, nil]]
0x48faS0x4ffcS0x9f4	[0x4fea, [0x48f3, nil]]
0x48fbS0x4ffcS0x9f4	[0x4fea, [0x48f3, nil]]
0x48fdS0x4ffcS0x9f4	[0x4fea, [0x48f3, nil]]
0x48ffS0x4ffcS0x9f4	[0x4fea, [0x48f3, nil]]
0x4900S0x4ffcS0x9f4	[0x4fea, [0x48f3, nil]]
0x4ff8S0xdb2	[0x4fea, nil]
0x4febS0xdb2	[0x4fea, nil]
0x4fedS0xdb2	[0x4fea, nil]
0x4ff1S0xdb2	[0x4fea, nil]
0x4ff2S0xdb2	[0x4fea, nil]
0x4ff3S0xdb2	[0x4fea, nil]
0x4ff4S0xdb2	[0x4fea, nil]
0x4ffeS0xdb2	[0x4fea, nil]
0x4fffS0xdb2	[0x4fea, nil]
0x5003S0xdb2	[0x4fea, nil]
0x4904S0x4ffcS0xdb2	[0x4fea, [0x48f3, nil]]
0x48f4S0x4ffcS0xdb2	[0x4fea, [0x48f3, nil]]
0x48f6S0x4ffcS0xdb2	[0x4fea, [0x48f3, nil]]
0x48f8S0x4ffcS0xdb2	[0x4fea, [0x48f3, nil]]
0x48faS0x4ffcS0xdb2	[0x4fea, [0x48f3, nil]]
0x48fbS0x4ffcS0xdb2	[0x4fea, [0x48f3, nil]]
0x48fdS0x4ffcS0xdb2	[0x4fea, [0x48f3, nil]]
0x48ffS0x4ffcS0xdb2	[0x4fea, [0x48f3, nil]]
0x4900S0x4ffcS0xdb2	[0x4fea, [0x48f3, nil]]
0x4ff8S0xe7d	[0x4fea, nil]
0x4febS0xe7d	[0x4fea, nil]
0x4fedS0xe7d	[0x4fea, nil]
0x4ff1S0xe7d	[0x4fea, nil]
0x4ff2S0xe7d	[0x4fea, nil]
0x4ff3S0xe7d	[0x4fea, nil]
0x4ff4S0xe7d	[0x4fea, nil]
0x4ffeS0xe7d	[0x4fea, nil]
0x4fffS0xe7d	[0x4fea, nil]
0x5003S0xe7d	[0x4fea, nil]
0x4904S0x4ffcS0xe7d	[0x4fea, [0x48f3, nil]]
0x48f4S0x4ffcS0xe7d	[0x4fea, [0x48f3, nil]]
0x48f6S0x4ffcS0xe7d	[0x4fea, [0x48f3, nil]]
0x48f8S0x4ffcS0xe7d	[0x4fea, [0x48f3, nil]]
0x48faS0x4ffcS0xe7d	[0x4fea, [0x48f3, nil]]
0x48fbS0x4ffcS0xe7d	[0x4fea, [0x48f3, nil]]
0x48fdS0x4ffcS0xe7d	[0x4fea, [0x48f3, nil]]
0x48ffS0x4ffcS0xe7d	[0x4fea, [0x48f3, nil]]
0x4900S0x4ffcS0xe7d	[0x4fea, [0x48f3, nil]]
0x117bS0x1203	[0x117a, nil]
0x117dS0x1203	[0x117a, nil]
0x1181S0x1203	[0x117a, nil]
0x1183S0x1203	[0x117a, nil]
0x1185S0x1203	[0x117a, nil]
0x1187S0x1203	[0x117a, nil]
0x1188S0x1203	[0x117a, nil]
0x118aS0x1203	[0x117a, nil]
0x118bS0x1203	[0x117a, nil]
0x1695S0x117aS0x1203	[0x117a, [0x1694, nil]]
0x169aS0x117aS0x1203	[0x117a, [0x1694, nil]]
0x169dS0x117aS0x1203	[0x117a, [0x1694, nil]]
0x169eS0x117aS0x1203	[0x117a, [0x1694, nil]]
0x16a1S0x117aS0x1203	[0x117a, [0x1694, nil]]
0x16a4S0x117aS0x1203	[0x117a, [0x1694, nil]]
0x16a5S0x117aS0x1203	[0x117a, [0x1694, nil]]
0x16a6S0x117aS0x1203	[0x117a, [0x1694, nil]]
0x16ddS0x117aS0x1203	[0x117a, [0x1694, nil]]
0x16dfS0x117aS0x1203	[0x117a, [0x1694, nil]]
0x16acS0x117aS0x1203	[0x117a, [0x1694, nil]]
0x16adS0x117aS0x1203	[0x117a, [0x1694, nil]]
0x16b1S0x117aS0x1203	[0x117a, [0x1694, nil]]
0x16b4S0x117aS0x1203	[0x117a, [0x1694, nil]]
0x16b9S0x117aS0x1203	[0x117a, [0x1694, nil]]
0x16bdS0x117aS0x1203	[0x117a, [0x1694, nil]]
0x16c0S0x117aS0x1203	[0x117a, [0x1694, nil]]
0x16c5S0x117aS0x1203	[0x117a, [0x1694, nil]]
0x16cbS0x117aS0x1203	[0x117a, [0x1694, nil]]
0x16cfS0x117aS0x1203	[0x117a, [0x1694, nil]]
0x16d2S0x117aS0x1203	[0x117a, [0x1694, nil]]
0x16d7S0x117aS0x1203	[0x117a, [0x1694, nil]]
0x17f3S0x1225	[0x17f2, nil]
0x17f5S0x1225	[0x17f2, nil]
0x17f9S0x1225	[0x17f2, nil]
0x17fbS0x1225	[0x17f2, nil]
0x17fdS0x1225	[0x17f2, nil]
0x17ffS0x1225	[0x17f2, nil]
0x1800S0x1225	[0x17f2, nil]
0x1802S0x1225	[0x17f2, nil]
0x1803S0x1225	[0x17f2, nil]
0x2254S0x17f2S0x1225	[0x17f2, [0x223c, nil]]
0x2256S0x17f2S0x1225	[0x17f2, [0x223c, nil]]
0x2259S0x17f2S0x1225	[0x17f2, [0x223c, nil]]
0x225cS0x17f2S0x1225	[0x17f2, [0x223c, nil]]
0x225fS0x17f2S0x1225	[0x17f2, [0x223c, nil]]
0x227eS0x17f2S0x1225	[0x17f2, [0x223c, nil]]
0x2281S0x17f2S0x1225	[0x17f2, [0x223c, nil]]
0x2283S0x17f2S0x1225	[0x17f2, [0x223c, nil]]
0x2286S0x17f2S0x1225	[0x17f2, [0x223c, nil]]
0x2288S0x17f2S0x1225	[0x17f2, [0x223c, nil]]
0x2289S0x17f2S0x1225	[0x17f2, [0x223c, nil]]
0x228dS0x17f2S0x1225	[0x17f2, [0x223c, nil]]
0x2290S0x17f2S0x1225	[0x17f2, [0x223c, nil]]
0x22b0S0x17f2S0x1225	[0x17f2, [0x223c, nil]]
0x22b3S0x17f2S0x1225	[0x17f2, [0x223c, nil]]
0x22e3S0x17f2S0x1225	[0x17f2, [0x223c, nil]]
0x22e6S0x17f2S0x1225	[0x17f2, [0x223c, nil]]
0x223dS0x17f2S0x1225	[0x17f2, [0x223c, nil]]
0x2242S0x17f2S0x1225	[0x17f2, [0x223c, nil]]
0x2245S0x17f2S0x1225	[0x17f2, [0x223c, nil]]
0x2246S0x17f2S0x1225	[0x17f2, [0x223c, nil]]
0x2249S0x17f2S0x1225	[0x17f2, [0x223c, nil]]
0x224cS0x17f2S0x1225	[0x17f2, [0x223c, nil]]
0x224dS0x17f2S0x1225	[0x17f2, [0x223c, nil]]
0x224fS0x17f2S0x1225	[0x17f2, [0x223c, nil]]
0x2250S0x17f2S0x1225	[0x17f2, [0x223c, nil]]
0x2326S0x17f2S0x1225	[0x17f2, [0x223c, nil]]
0x232bS0x17f2S0x1225	[0x17f2, [0x223c, nil]]
0x2262S0x17f2S0x1225	[0x17f2, [0x223c, nil]]
0x2266S0x17f2S0x1225	[0x17f2, [0x223c, nil]]
0x2269S0x17f2S0x1225	[0x17f2, [0x223c, nil]]
0x226dS0x17f2S0x1225	[0x17f2, [0x223c, nil]]
0x2270S0x17f2S0x1225	[0x17f2, [0x223c, nil]]
0x2273S0x17f2S0x1225	[0x17f2, [0x223c, nil]]
0x2279S0x17f2S0x1225	[0x17f2, [0x223c, nil]]
0x227aS0x17f2S0x1225	[0x17f2, [0x223c, nil]]
0x22dbS0x17f2S0x1225	[0x17f2, [0x223c, nil]]
0x22dfS0x17f2S0x1225	[0x17f2, [0x223c, nil]]
0x2296S0x17f2S0x1225	[0x17f2, [0x223c, nil]]
0x2299S0x17f2S0x1225	[0x17f2, [0x223c, nil]]
0x229bS0x17f2S0x1225	[0x17f2, [0x223c, nil]]
0x229dS0x17f2S0x1225	[0x17f2, [0x223c, nil]]
0x229eS0x17f2S0x1225	[0x17f2, [0x223c, nil]]
0x229fS0x17f2S0x1225	[0x17f2, [0x223c, nil]]
0x22a4S0x17f2S0x1225	[0x17f2, [0x223c, nil]]
0x22a6S0x17f2S0x1225	[0x17f2, [0x223c, nil]]
0x22a9S0x17f2S0x1225	[0x17f2, [0x223c, nil]]
0x22abS0x17f2S0x1225	[0x17f2, [0x223c, nil]]
0x22acS0x17f2S0x1225	[0x17f2, [0x223c, nil]]
0xbc39S0x17f2S0x1225	[0x17f2, [0x223c, nil]]
0xbc3eS0x17f2S0x1225	[0x17f2, [0x223c, nil]]
0xbc40S0x17f2S0x1225	[0x17f2, [0x223c, nil]]
0xbc41S0x17f2S0x1225	[0x17f2, [0x223c, nil]]
0xbc44S0x17f2S0x1225	[0x17f2, [0x223c, nil]]
0xbc46S0x17f2S0x1225	[0x17f2, [0x223c, nil]]
0xbc49S0x17f2S0x1225	[0x17f2, [0x223c, nil]]
0xbc4bS0x17f2S0x1225	[0x17f2, [0x223c, nil]]
0x22b8S0x17f2S0x1225	[0x17f2, [0x223c, nil]]
0x22bdS0x17f2S0x1225	[0x17f2, [0x223c, nil]]
0x22c1S0x17f2S0x1225	[0x17f2, [0x223c, nil]]
0x22c4S0x17f2S0x1225	[0x17f2, [0x223c, nil]]
0x22ccS0x17f2S0x1225	[0x17f2, [0x223c, nil]]
0x22cfS0x17f2S0x1225	[0x17f2, [0x223c, nil]]
0x22d2S0x17f2S0x1225	[0x17f2, [0x223c, nil]]
0x22d5S0x17f2S0x1225	[0x17f2, [0x223c, nil]]
0x26430S0x17f2S0x1225	[0x17f2, [0x223c, nil]]
0xbc6eS0x17f2S0x1225	[0x17f2, [0x223c, nil]]
0xbc73S0x17f2S0x1225	[0x17f2, [0x223c, nil]]
0xbc75S0x17f2S0x1225	[0x17f2, [0x223c, nil]]
0xbc76S0x17f2S0x1225	[0x17f2, [0x223c, nil]]
0xbc79S0x17f2S0x1225	[0x17f2, [0x223c, nil]]
0xbc7bS0x17f2S0x1225	[0x17f2, [0x223c, nil]]
0xbc7eS0x17f2S0x1225	[0x17f2, [0x223c, nil]]
0xbc80S0x17f2S0x1225	[0x17f2, [0x223c, nil]]
0xffb0dS0x17f2S0x1225	[0x17f2, [0x223c, nil]]
0xffb10S0x17f2S0x1225	[0x17f2, [0x223c, nil]]
0xffb14S0x17f2S0x1225	[0x17f2, [0x223c, nil]]
0xffb17S0x17f2S0x1225	[0x17f2, [0x223c, nil]]
0xffb19S0x17f2S0x1225	[0x17f2, [0x223c, nil]]
0xffb1bS0x17f2S0x1225	[0x17f2, [0x223c, nil]]
0xffb1cS0x17f2S0x1225	[0x17f2, [0x223c, nil]]
0xffb1dS0x17f2S0x1225	[0x17f2, [0x223c, nil]]
0xffb24S0x17f2S0x1225	[0x17f2, [0x223c, nil]]
0xffb26S0x17f2S0x1225	[0x17f2, [0x223c, nil]]
0xffb27S0x17f2S0x1225	[0x17f2, [0x223c, nil]]
0xffb2cS0x17f2S0x1225	[0x17f2, [0x223c, nil]]
0xffb2eS0x17f2S0x1225	[0x17f2, [0x223c, nil]]
0xffb32S0x17f2S0x1225	[0x17f2, [0x223c, nil]]
0xffb34S0x17f2S0x1225	[0x17f2, [0x223c, nil]]
0xffb35S0x17f2S0x1225	[0x17f2, [0x223c, nil]]
0xffb37S0x17f2S0x1225	[0x17f2, [0x223c, nil]]
0xffb38S0x17f2S0x1225	[0x17f2, [0x223c, nil]]
0xffb3cS0x17f2S0x1225	[0x17f2, [0x223c, nil]]
0xffb43S0x17f2S0x1225	[0x17f2, [0x223c, nil]]
0x55d2S0x17f2S0x1225	[0x17f2, [0x223c, nil]]
0x55d7S0x17f2S0x1225	[0x17f2, [0x223c, nil]]
0x55d9S0x17f2S0x1225	[0x17f2, [0x223c, nil]]
0x55daS0x17f2S0x1225	[0x17f2, [0x223c, nil]]
0x55ddS0x17f2S0x1225	[0x17f2, [0x223c, nil]]
0x55dfS0x17f2S0x1225	[0x17f2, [0x223c, nil]]
0x55e2S0x17f2S0x1225	[0x17f2, [0x223c, nil]]
0x55e4S0x17f2S0x1225	[0x17f2, [0x223c, nil]]
0x51b3S0x1391	[0x51b2, nil]
0x51b5S0x1391	[0x51b2, nil]
0x51b7S0x1391	[0x51b2, nil]
0x51b9S0x1391	[0x51b2, nil]
0x51baS0x1391	[0x51b2, nil]
0x51bdS0x1391	[0x51b2, nil]
0x51c0S0x1391	[0x51b2, nil]
0x51c3S0x1391	[0x51b2, nil]
0x51c8S0x1391	[0x51b2, nil]
0x51c9S0x1391	[0x51b2, nil]
0x51ccS0x1391	[0x51b2, nil]
0x51ceS0x1391	[0x51b2, nil]
0x51d1S0x1391	[0x51b2, nil]
0x51d5S0x1391	[0x51b2, nil]
0x51d8S0x1391	[0x51b2, nil]
0x51d9S0x1391	[0x51b2, nil]
0x51ddS0x1391	[0x51b2, nil]
0x51e3S0x1391	[0x51b2, nil]
0x51e6S0x1391	[0x51b2, nil]
0x51e8S0x1391	[0x51b2, nil]
0x51ebS0x1391	[0x51b2, nil]
0x51ecS0x1391	[0x51b2, nil]
0x51efS0x1391	[0x51b2, nil]
0x4f83S0x51b2S0x1391	[0x51b2, [0x4f7a, nil]]
0x4f88S0x51b2S0x1391	[0x51b2, [0x4f7a, nil]]
0x4f8aS0x51b2S0x1391	[0x51b2, [0x4f7a, nil]]
0x4f8bS0x51b2S0x1391	[0x51b2, [0x4f7a, nil]]
0x4f8eS0x51b2S0x1391	[0x51b2, [0x4f7a, nil]]
0x4f90S0x51b2S0x1391	[0x51b2, [0x4f7a, nil]]
0x4f93S0x51b2S0x1391	[0x51b2, [0x4f7a, nil]]
0x4f95S0x51b2S0x1391	[0x51b2, [0x4f7a, nil]]
0x4f7bS0x51b2S0x1391	[0x51b2, [0x4f7a, nil]]
0x4f7eS0x51b2S0x1391	[0x51b2, [0x4f7a, nil]]
0x4f7fS0x51b2S0x1391	[0x51b2, [0x4f7a, nil]]
0x51b3S0x15f8	[0x51b2, nil]
0x51b5S0x15f8	[0x51b2, nil]
0x51b7S0x15f8	[0x51b2, nil]
0x51b9S0x15f8	[0x51b2, nil]
0x51baS0x15f8	[0x51b2, nil]
0x51bdS0x15f8	[0x51b2, nil]
0x51c0S0x15f8	[0x51b2, nil]
0x51c3S0x15f8	[0x51b2, nil]
0x51c8S0x15f8	[0x51b2, nil]
0x51c9S0x15f8	[0x51b2, nil]
0x51ccS0x15f8	[0x51b2, nil]
0x51ceS0x15f8	[0x51b2, nil]
0x51d1S0x15f8	[0x51b2, nil]
0x51d5S0x15f8	[0x51b2, nil]
0x51d8S0x15f8	[0x51b2, nil]
0x51d9S0x15f8	[0x51b2, nil]
0x51ddS0x15f8	[0x51b2, nil]
0x51e3S0x15f8	[0x51b2, nil]
0x51e6S0x15f8	[0x51b2, nil]
0x51e8S0x15f8	[0x51b2, nil]
0x51ebS0x15f8	[0x51b2, nil]
0x51ecS0x15f8	[0x51b2, nil]
0x51efS0x15f8	[0x51b2, nil]
0x4f83S0x51b2S0x15f8	[0x51b2, [0x4f7a, nil]]
0x4f88S0x51b2S0x15f8	[0x51b2, [0x4f7a, nil]]
0x4f8aS0x51b2S0x15f8	[0x51b2, [0x4f7a, nil]]
0x4f8bS0x51b2S0x15f8	[0x51b2, [0x4f7a, nil]]
0x4f8eS0x51b2S0x15f8	[0x51b2, [0x4f7a, nil]]
0x4f90S0x51b2S0x15f8	[0x51b2, [0x4f7a, nil]]
0x4f93S0x51b2S0x15f8	[0x51b2, [0x4f7a, nil]]
0x4f95S0x51b2S0x15f8	[0x51b2, [0x4f7a, nil]]
0x4f7bS0x51b2S0x15f8	[0x51b2, [0x4f7a, nil]]
0x4f7eS0x51b2S0x15f8	[0x51b2, [0x4f7a, nil]]
0x4f7fS0x51b2S0x15f8	[0x51b2, [0x4f7a, nil]]
0x4ff8S0x28f3	[0x4fea, nil]
0x4febS0x28f3	[0x4fea, nil]
0x4fedS0x28f3	[0x4fea, nil]
0x4ff1S0x28f3	[0x4fea, nil]
0x4ff2S0x28f3	[0x4fea, nil]
0x4ff3S0x28f3	[0x4fea, nil]
0x4ff4S0x28f3	[0x4fea, nil]
0x4ffeS0x28f3	[0x4fea, nil]
0x4fffS0x28f3	[0x4fea, nil]
0x5003S0x28f3	[0x4fea, nil]
0x4904S0x4ffcS0x28f3	[0x4fea, [0x48f3, nil]]
0x48f4S0x4ffcS0x28f3	[0x4fea, [0x48f3, nil]]
0x48f6S0x4ffcS0x28f3	[0x4fea, [0x48f3, nil]]
0x48f8S0x4ffcS0x28f3	[0x4fea, [0x48f3, nil]]
0x48faS0x4ffcS0x28f3	[0x4fea, [0x48f3, nil]]
0x48fbS0x4ffcS0x28f3	[0x4fea, [0x48f3, nil]]
0x48fdS0x4ffcS0x28f3	[0x4fea, [0x48f3, nil]]
0x48ffS0x4ffcS0x28f3	[0x4fea, [0x48f3, nil]]
0x4900S0x4ffcS0x28f3	[0x4fea, [0x48f3, nil]]
0x4ff8S0x3bcf	[0x4fea, nil]
0x4febS0x3bcf	[0x4fea, nil]
0x4fedS0x3bcf	[0x4fea, nil]
0x4ff1S0x3bcf	[0x4fea, nil]
0x4ff2S0x3bcf	[0x4fea, nil]
0x4ff3S0x3bcf	[0x4fea, nil]
0x4ff4S0x3bcf	[0x4fea, nil]
0x4ffeS0x3bcf	[0x4fea, nil]
0x4fffS0x3bcf	[0x4fea, nil]
0x5003S0x3bcf	[0x4fea, nil]
0x4904S0x4ffcS0x3bcf	[0x4fea, [0x48f3, nil]]
0x48f4S0x4ffcS0x3bcf	[0x4fea, [0x48f3, nil]]
0x48f6S0x4ffcS0x3bcf	[0x4fea, [0x48f3, nil]]
0x48f8S0x4ffcS0x3bcf	[0x4fea, [0x48f3, nil]]
0x48faS0x4ffcS0x3bcf	[0x4fea, [0x48f3, nil]]
0x48fbS0x4ffcS0x3bcf	[0x4fea, [0x48f3, nil]]
0x48fdS0x4ffcS0x3bcf	[0x4fea, [0x48f3, nil]]
0x48ffS0x4ffcS0x3bcf	[0x4fea, [0x48f3, nil]]
0x4900S0x4ffcS0x3bcf	[0x4fea, [0x48f3, nil]]
0x4ff8S0x3d64	[0x4fea, nil]
0x4febS0x3d64	[0x4fea, nil]
0x4fedS0x3d64	[0x4fea, nil]
0x4ff1S0x3d64	[0x4fea, nil]
0x4ff2S0x3d64	[0x4fea, nil]
0x4ff3S0x3d64	[0x4fea, nil]
0x4ff4S0x3d64	[0x4fea, nil]
0x4ffeS0x3d64	[0x4fea, nil]
0x4fffS0x3d64	[0x4fea, nil]
0x5003S0x3d64	[0x4fea, nil]
0x4904S0x4ffcS0x3d64	[0x4fea, [0x48f3, nil]]
0x48f4S0x4ffcS0x3d64	[0x4fea, [0x48f3, nil]]
0x48f6S0x4ffcS0x3d64	[0x4fea, [0x48f3, nil]]
0x48f8S0x4ffcS0x3d64	[0x4fea, [0x48f3, nil]]
0x48faS0x4ffcS0x3d64	[0x4fea, [0x48f3, nil]]
0x48fbS0x4ffcS0x3d64	[0x4fea, [0x48f3, nil]]
0x48fdS0x4ffcS0x3d64	[0x4fea, [0x48f3, nil]]
0x48ffS0x4ffcS0x3d64	[0x4fea, [0x48f3, nil]]
0x4900S0x4ffcS0x3d64	[0x4fea, [0x48f3, nil]]
0x4ff8S0x3e6b	[0x4fea, nil]
0x4febS0x3e6b	[0x4fea, nil]
0x4fedS0x3e6b	[0x4fea, nil]
0x4ff1S0x3e6b	[0x4fea, nil]
0x4ff2S0x3e6b	[0x4fea, nil]
0x4ff3S0x3e6b	[0x4fea, nil]
0x4ff4S0x3e6b	[0x4fea, nil]
0x4ffeS0x3e6b	[0x4fea, nil]
0x4fffS0x3e6b	[0x4fea, nil]
0x5003S0x3e6b	[0x4fea, nil]
0x4904S0x4ffcS0x3e6b	[0x4fea, [0x48f3, nil]]
0x48f4S0x4ffcS0x3e6b	[0x4fea, [0x48f3, nil]]
0x48f6S0x4ffcS0x3e6b	[0x4fea, [0x48f3, nil]]
0x48f8S0x4ffcS0x3e6b	[0x4fea, [0x48f3, nil]]
0x48faS0x4ffcS0x3e6b	[0x4fea, [0x48f3, nil]]
0x48fbS0x4ffcS0x3e6b	[0x4fea, [0x48f3, nil]]
0x48fdS0x4ffcS0x3e6b	[0x4fea, [0x48f3, nil]]
0x48ffS0x4ffcS0x3e6b	[0x4fea, [0x48f3, nil]]
0x4900S0x4ffcS0x3e6b	[0x4fea, [0x48f3, nil]]
0x4ff8S0x41a3	[0x4fea, nil]
0x4febS0x41a3	[0x4fea, nil]
0x4fedS0x41a3	[0x4fea, nil]
0x4ff1S0x41a3	[0x4fea, nil]
0x4ff2S0x41a3	[0x4fea, nil]
0x4ff3S0x41a3	[0x4fea, nil]
0x4ff4S0x41a3	[0x4fea, nil]
0x4ffeS0x41a3	[0x4fea, nil]
0x4fffS0x41a3	[0x4fea, nil]
0x5003S0x41a3	[0x4fea, nil]
0x4904S0x4ffcS0x41a3	[0x4fea, [0x48f3, nil]]
0x48f4S0x4ffcS0x41a3	[0x4fea, [0x48f3, nil]]
0x48f6S0x4ffcS0x41a3	[0x4fea, [0x48f3, nil]]
0x48f8S0x4ffcS0x41a3	[0x4fea, [0x48f3, nil]]
0x48faS0x4ffcS0x41a3	[0x4fea, [0x48f3, nil]]
0x48fbS0x4ffcS0x41a3	[0x4fea, [0x48f3, nil]]
0x48fdS0x4ffcS0x41a3	[0x4fea, [0x48f3, nil]]
0x48ffS0x4ffcS0x41a3	[0x4fea, [0x48f3, nil]]
0x4900S0x4ffcS0x41a3	[0x4fea, [0x48f3, nil]]
0x4ff8S0x42c6	[0x4fea, nil]
0x4febS0x42c6	[0x4fea, nil]
0x4fedS0x42c6	[0x4fea, nil]
0x4ff1S0x42c6	[0x4fea, nil]
0x4ff2S0x42c6	[0x4fea, nil]
0x4ff3S0x42c6	[0x4fea, nil]
0x4ff4S0x42c6	[0x4fea, nil]
0x4ffeS0x42c6	[0x4fea, nil]
0x4fffS0x42c6	[0x4fea, nil]
0x5003S0x42c6	[0x4fea, nil]
0x4904S0x4ffcS0x42c6	[0x4fea, [0x48f3, nil]]
0x48f4S0x4ffcS0x42c6	[0x4fea, [0x48f3, nil]]
0x48f6S0x4ffcS0x42c6	[0x4fea, [0x48f3, nil]]
0x48f8S0x4ffcS0x42c6	[0x4fea, [0x48f3, nil]]
0x48faS0x4ffcS0x42c6	[0x4fea, [0x48f3, nil]]
0x48fbS0x4ffcS0x42c6	[0x4fea, [0x48f3, nil]]
0x48fdS0x4ffcS0x42c6	[0x4fea, [0x48f3, nil]]
0x48ffS0x4ffcS0x42c6	[0x4fea, [0x48f3, nil]]
0x4900S0x4ffcS0x42c6	[0x4fea, [0x48f3, nil]]
0x4ff8S0x434b	[0x4fea, nil]
0x4febS0x434b	[0x4fea, nil]
0x4fedS0x434b	[0x4fea, nil]
0x4ff1S0x434b	[0x4fea, nil]
0x4ff2S0x434b	[0x4fea, nil]
0x4ff3S0x434b	[0x4fea, nil]
0x4ff4S0x434b	[0x4fea, nil]
0x4ffeS0x434b	[0x4fea, nil]
0x4fffS0x434b	[0x4fea, nil]
0x5003S0x434b	[0x4fea, nil]
0x4904S0x4ffcS0x434b	[0x4fea, [0x48f3, nil]]
0x48f4S0x4ffcS0x434b	[0x4fea, [0x48f3, nil]]
0x48f6S0x4ffcS0x434b	[0x4fea, [0x48f3, nil]]
0x48f8S0x4ffcS0x434b	[0x4fea, [0x48f3, nil]]
0x48faS0x4ffcS0x434b	[0x4fea, [0x48f3, nil]]
0x48fbS0x4ffcS0x434b	[0x4fea, [0x48f3, nil]]
0x48fdS0x4ffcS0x434b	[0x4fea, [0x48f3, nil]]
0x48ffS0x4ffcS0x434b	[0x4fea, [0x48f3, nil]]
0x4900S0x4ffcS0x434b	[0x4fea, [0x48f3, nil]]
0x4fe1S0x563c	[0x4fdf, nil]
0x4fe2S0x563c	[0x4fdf, nil]
0x4fe6S0x563c	[0x4fdf, nil]
0x4904S0x4fdfS0x563c	[0x4fdf, [0x48f3, nil]]
0x48f4S0x4fdfS0x563c	[0x4fdf, [0x48f3, nil]]
0x48f6S0x4fdfS0x563c	[0x4fdf, [0x48f3, nil]]
0x48f8S0x4fdfS0x563c	[0x4fdf, [0x48f3, nil]]
0x48faS0x4fdfS0x563c	[0x4fdf, [0x48f3, nil]]
0x48fbS0x4fdfS0x563c	[0x4fdf, [0x48f3, nil]]
0x48fdS0x4fdfS0x563c	[0x4fdf, [0x48f3, nil]]
0x48ffS0x4fdfS0x563c	[0x4fdf, [0x48f3, nil]]
0x4900S0x4fdfS0x563c	[0x4fdf, [0x48f3, nil]]
0x4fe1S0x5655	[0x4fdf, nil]
0x4fe2S0x5655	[0x4fdf, nil]
0x4fe6S0x5655	[0x4fdf, nil]
0x4904S0x4fdfS0x5655	[0x4fdf, [0x48f3, nil]]
0x48f4S0x4fdfS0x5655	[0x4fdf, [0x48f3, nil]]
0x48f6S0x4fdfS0x5655	[0x4fdf, [0x48f3, nil]]
0x48f8S0x4fdfS0x5655	[0x4fdf, [0x48f3, nil]]
0x48faS0x4fdfS0x5655	[0x4fdf, [0x48f3, nil]]
0x48fbS0x4fdfS0x5655	[0x4fdf, [0x48f3, nil]]
0x48fdS0x4fdfS0x5655	[0x4fdf, [0x48f3, nil]]
0x48ffS0x4fdfS0x5655	[0x4fdf, [0x48f3, nil]]
0x4900S0x4fdfS0x5655	[0x4fdf, [0x48f3, nil]]
0x4fe1S0x5666	[0x4fdf, nil]
0x4fe2S0x5666	[0x4fdf, nil]
0x4fe6S0x5666	[0x4fdf, nil]
0x4904S0x4fdfS0x5666	[0x4fdf, [0x48f3, nil]]
0x48f4S0x4fdfS0x5666	[0x4fdf, [0x48f3, nil]]
0x48f6S0x4fdfS0x5666	[0x4fdf, [0x48f3, nil]]
0x48f8S0x4fdfS0x5666	[0x4fdf, [0x48f3, nil]]
0x48faS0x4fdfS0x5666	[0x4fdf, [0x48f3, nil]]
0x48fbS0x4fdfS0x5666	[0x4fdf, [0x48f3, nil]]
0x48fdS0x4fdfS0x5666	[0x4fdf, [0x48f3, nil]]
0x48ffS0x4fdfS0x5666	[0x4fdf, [0x48f3, nil]]
0x4900S0x4fdfS0x5666	[0x4fdf, [0x48f3, nil]]
0x55e9S0x5677	[0x55e7, nil]
0x55eaS0x5677	[0x55e7, nil]
0x55eeS0x5677	[0x55e7, nil]
0x49dcS0x55e7S0x5677	[0x55e7, [0x49d1, nil]]
0x49d2S0x55e7S0x5677	[0x55e7, [0x49d1, nil]]
0x49d5S0x55e7S0x5677	[0x55e7, [0x49d1, nil]]
0x49d7S0x55e7S0x5677	[0x55e7, [0x49d1, nil]]
0x49d8S0x55e7S0x5677	[0x55e7, [0x49d1, nil]]
0x4fe1S0x5692	[0x4fdf, nil]
0x4fe2S0x5692	[0x4fdf, nil]
0x4fe6S0x5692	[0x4fdf, nil]
0x4904S0x4fdfS0x5692	[0x4fdf, [0x48f3, nil]]
0x48f4S0x4fdfS0x5692	[0x4fdf, [0x48f3, nil]]
0x48f6S0x4fdfS0x5692	[0x4fdf, [0x48f3, nil]]
0x48f8S0x4fdfS0x5692	[0x4fdf, [0x48f3, nil]]
0x48faS0x4fdfS0x5692	[0x4fdf, [0x48f3, nil]]
0x48fbS0x4fdfS0x5692	[0x4fdf, [0x48f3, nil]]
0x48fdS0x4fdfS0x5692	[0x4fdf, [0x48f3, nil]]
0x48ffS0x4fdfS0x5692	[0x4fdf, [0x48f3, nil]]
0x4900S0x4fdfS0x5692	[0x4fdf, [0x48f3, nil]]
0x4ff8S0x37ea0x36ee	[0x4fea, nil]
0x4febS0x37ea0x36ee	[0x4fea, nil]
0x4fedS0x37ea0x36ee	[0x4fea, nil]
0x4ff1S0x37ea0x36ee	[0x4fea, nil]
0x4ff2S0x37ea0x36ee	[0x4fea, nil]
0x4ff3S0x37ea0x36ee	[0x4fea, nil]
0x4ff4S0x37ea0x36ee	[0x4fea, nil]
0x4ffeS0x37ea0x36ee	[0x4fea, nil]
0x4fffS0x37ea0x36ee	[0x4fea, nil]
0x5003S0x37ea0x36ee	[0x4fea, nil]
0x4904S0x4ffcS0x37ea0x36ee	[0x4fea, [0x48f3, nil]]
0x48f4S0x4ffcS0x37ea0x36ee	[0x4fea, [0x48f3, nil]]
0x48f6S0x4ffcS0x37ea0x36ee	[0x4fea, [0x48f3, nil]]
0x48f8S0x4ffcS0x37ea0x36ee	[0x4fea, [0x48f3, nil]]
0x48faS0x4ffcS0x37ea0x36ee	[0x4fea, [0x48f3, nil]]
0x48fbS0x4ffcS0x37ea0x36ee	[0x4fea, [0x48f3, nil]]
0x48fdS0x4ffcS0x37ea0x36ee	[0x4fea, [0x48f3, nil]]
0x48ffS0x4ffcS0x37ea0x36ee	[0x4fea, [0x48f3, nil]]
0x4900S0x4ffcS0x37ea0x36ee	[0x4fea, [0x48f3, nil]]
0x78fS0x271	[0x78e, nil]
0x791S0x271	[0x78e, nil]
0x793S0x271	[0x78e, nil]
0x795S0x271	[0x78e, nil]
0x797S0x271	[0x78e, nil]
0x798S0x271	[0x78e, nil]
0x799S0x271	[0x78e, nil]
0x79bS0x271	[0x78e, nil]
0x79cS0x271	[0x78e, nil]
0x7a1S0x271	[0x78e, nil]
0x7a3S0x271	[0x78e, nil]
0x7a4S0x271	[0x78e, nil]
0x7a6S0x271	[0x78e, nil]
0x7abS0x271	[0x78e, nil]
0x7afS0x271	[0x78e, nil]
0x1190S0x7aaS0x271	[0x78e, [0x118f, nil]]
0x1192S0x7aaS0x271	[0x78e, [0x118f, nil]]
0x1194S0x7aaS0x271	[0x78e, [0x118f, nil]]
0x1196S0x7aaS0x271	[0x78e, [0x118f, nil]]
0x1198S0x7aaS0x271	[0x78e, [0x118f, nil]]
0x1199S0x7aaS0x271	[0x78e, [0x118f, nil]]
0x119aS0x7aaS0x271	[0x78e, [0x118f, nil]]
0x119cS0x7aaS0x271	[0x78e, [0x118f, nil]]
0x119dS0x7aaS0x271	[0x78e, [0x118f, nil]]
0x11a2S0x7aaS0x271	[0x78e, [0x118f, nil]]
0x11a4S0x7aaS0x271	[0x78e, [0x118f, nil]]
0x11a5S0x7aaS0x271	[0x78e, [0x118f, nil]]
0x11a7S0x7aaS0x271	[0x78e, [0x118f, nil]]
0x11acS0x7aaS0x271	[0x78e, [0x118f, nil]]
0x11b1S0x7aaS0x271	[0x78e, [0x118f, nil]]
0x11b3S0x7aaS0x271	[0x78e, [0x118f, nil]]
0x11b4S0x7aaS0x271	[0x78e, [0x118f, nil]]
0x11b6S0x7aaS0x271	[0x78e, [0x118f, nil]]
0x11b8S0x7aaS0x271	[0x78e, [0x118f, nil]]
0x11baS0x7aaS0x271	[0x78e, [0x118f, nil]]
0x11bbS0x7aaS0x271	[0x78e, [0x118f, nil]]
0x11bcS0x7aaS0x271	[0x78e, [0x118f, nil]]
0x11beS0x7aaS0x271	[0x78e, [0x118f, nil]]
0x11bfS0x7aaS0x271	[0x78e, [0x118f, nil]]
0x11c0S0x7aaS0x271	[0x78e, [0x118f, nil]]
0x877S0x3b0	[0x866, nil]
0x879S0x3b0	[0x866, nil]
0x87aS0x3b0	[0x866, nil]
0x87eS0x3b0	[0x866, nil]
0x880S0x3b0	[0x866, nil]
0x883S0x3b0	[0x866, nil]
0x885S0x3b0	[0x866, nil]
0x888S0x3b0	[0x866, nil]
0x88aS0x3b0	[0x866, nil]
0x88cS0x3b0	[0x866, nil]
0x88fS0x3b0	[0x866, nil]
0x891S0x3b0	[0x866, nil]
0x8b2S0x3b0	[0x866, nil]
0x8b5S0x3b0	[0x866, nil]
0x8b7S0x3b0	[0x866, nil]
0x8c7S0x3b0	[0x866, nil]
0x8c9S0x3b0	[0x866, nil]
0x8caS0x3b0	[0x866, nil]
0x8cdS0x3b0	[0x866, nil]
0x8cfS0x3b0	[0x866, nil]
0x8d1S0x3b0	[0x866, nil]
0x1c430S0x3b0	[0x866, nil]
0x867S0x3b0	[0x866, nil]
0x869S0x3b0	[0x866, nil]
0x86bS0x3b0	[0x866, nil]
0x86dS0x3b0	[0x866, nil]
0x86eS0x3b0	[0x866, nil]
0x870S0x3b0	[0x866, nil]
0x871S0x3b0	[0x866, nil]
0x872S0x3b0	[0x866, nil]
0x873S0x3b0	[0x866, nil]
0x8dcS0x3b0	[0x866, nil]
0x8e1S0x3b0	[0x866, nil]
0x100958S0x3b0	[0x866, nil]
0x10095aS0x3b0	[0x866, nil]
0x10095dS0x3b0	[0x866, nil]
0x49bfS0x9d4d3	[0x49be, nil]
0x49c3S0x9d4d3	[0x49be, nil]
0x49c5S0x9d4d3	[0x49be, nil]
0x49c8S0x9d4d3	[0x49be, nil]
0x49cbS0x9d4d3	[0x49be, nil]
0x49cdS0x9d4d3	[0x49be, nil]
0x49abS0x49beS0x9d4d3	[0x49be, [0x4992, nil]]
0x49adS0x49beS0x9d4d3	[0x49be, [0x4992, nil]]
0x49aeS0x49beS0x9d4d3	[0x49be, [0x4992, nil]]
0x49b0S0x49beS0x9d4d3	[0x49be, [0x4992, nil]]
0x49b1S0x49beS0x9d4d3	[0x49be, [0x4992, nil]]
0x49b5S0x49beS0x9d4d3	[0x49be, [0x4992, nil]]
0x49b6S0x49beS0x9d4d3	[0x49be, [0x4992, nil]]
0x49b8S0x49beS0x9d4d3	[0x49be, [0x4992, nil]]
0x4993S0x49beS0x9d4d3	[0x49be, [0x4992, nil]]
0x4996S0x49beS0x9d4d3	[0x49be, [0x4992, nil]]
0x499aS0x49beS0x9d4d3	[0x49be, [0x4992, nil]]
0x499eS0x49beS0x9d4d3	[0x49be, [0x4992, nil]]
0x49a1S0x49beS0x9d4d3	[0x49be, [0x4992, nil]]
0x49a2S0x49beS0x9d4d3	[0x49be, [0x4992, nil]]
0x49a5S0x49beS0x9d4d3	[0x49be, [0x4992, nil]]
0x49a6S0x49beS0x9d4d3	[0x49be, [0x4992, nil]]
0x498cS0x4992S0x49beS0x9d4d3	[0x49be, [0x4992, [0x496e, nil]]]
0x498fS0x4992S0x49beS0x9d4d3	[0x49be, [0x4992, [0x496e, nil]]]
0x4974S0x4992S0x49beS0x9d4d3	[0x49be, [0x4992, [0x496e, nil]]]
0x4975S0x4992S0x49beS0x9d4d3	[0x49be, [0x4992, [0x496e, nil]]]
0x4976S0x4992S0x49beS0x9d4d3	[0x49be, [0x4992, [0x496e, nil]]]
0x4971_0x0S0x4992S0x49beS0x9d4d3	[0x49be, [0x4992, [0x496e, nil]]]
0x496fS0x4992S0x49beS0x9d4d3	[0x49be, [0x4992, [0x496e, nil]]]
0x3b830S0x4992S0x49beS0x9d4d3	[0x49be, [0x4992, [0x496e, nil]]]
0x497cS0x4992S0x49beS0x9d4d3	[0x49be, [0x4992, [0x496e, nil]]]
0x497dS0x4992S0x49beS0x9d4d3	[0x49be, [0x4992, [0x496e, nil]]]
0x4980S0x4992S0x49beS0x9d4d3	[0x49be, [0x4992, [0x496e, nil]]]
0x4982S0x4992S0x49beS0x9d4d3	[0x49be, [0x4992, [0x496e, nil]]]
0x4984S0x4992S0x49beS0x9d4d3	[0x49be, [0x4992, [0x496e, nil]]]
0x4985S0x4992S0x49beS0x9d4d3	[0x49be, [0x4992, [0x496e, nil]]]
0x497a_0x0S0x4992S0x49beS0x9d4d3	[0x49be, [0x4992, [0x496e, nil]]]
0x4c82S0x504	[0x4c81, nil]
0x4c84S0x504	[0x4c81, nil]
0x4c86S0x504	[0x4c81, nil]
0x4c88S0x504	[0x4c81, nil]
0x4c8bS0x504	[0x4c81, nil]
0x4c8dS0x504	[0x4c81, nil]
0x4c8fS0x504	[0x4c81, nil]
0x4c93S0x504	[0x4c81, nil]
0x4c95S0x504	[0x4c81, nil]
0x4c98S0x504	[0x4c81, nil]
0x4c9bS0x504	[0x4c81, nil]
0x4c9dS0x504	[0x4c81, nil]
0x4ca4S0x504	[0x4c81, nil]
0x4ca5S0x504	[0x4c81, nil]
0x4ca8S0x504	[0x4c81, nil]
0x4caaS0x504	[0x4c81, nil]
0x4cafS0x504	[0x4c81, nil]
0x4cb4S0x504	[0x4c81, nil]
0x4cb7S0x504	[0x4c81, nil]
0x4cbbS0x504	[0x4c81, nil]
0x4cbdS0x504	[0x4c81, nil]
0x4cbfS0x504	[0x4c81, nil]
0x4cc1S0x504	[0x4c81, nil]
0x4cc2S0x504	[0x4c81, nil]
0x4cc4S0x504	[0x4c81, nil]
0x4cc5S0x504	[0x4c81, nil]
0x4cc8S0x504	[0x4c81, nil]
0x4ccaS0x504	[0x4c81, nil]
0x4ccdS0x504	[0x4c81, nil]
0x4cd3S0x504	[0x4c81, nil]
0x4cd4S0x504	[0x4c81, nil]
0x4cd7S0x504	[0x4c81, nil]
0x4cdaS0x504	[0x4c81, nil]
0x4ce0S0x504	[0x4c81, nil]
0x4ce5S0x504	[0x4c81, nil]
0x4ce7S0x504	[0x4c81, nil]
0x3cc30S0x504	[0x4c81, nil]
0x4d05_0x2S0x504	[0x4c81, nil]
0x4cecS0x504	[0x4c81, nil]
0x4cedS0x504	[0x4c81, nil]
0x4ceeS0x504	[0x4c81, nil]
0x4ce9_0x0S0x504	[0x4c81, nil]
0x4cf3S0x504	[0x4c81, nil]
0x4cf8S0x504	[0x4c81, nil]
0x4cfcS0x504	[0x4c81, nil]
0x4cfeS0x504	[0x4c81, nil]
0x4d00S0x504	[0x4c81, nil]
0x4d01S0x504	[0x4c81, nil]
0x4cf2_0x0S0x504	[0x4c81, nil]
0x4cf2_0x2S0x504	[0x4c81, nil]
0x4cf2_0x3S0x504	[0x4c81, nil]
0x49abS0x4c81S0x504	[0x4c81, [0x4992, nil]]
0x49adS0x4c81S0x504	[0x4c81, [0x4992, nil]]
0x49aeS0x4c81S0x504	[0x4c81, [0x4992, nil]]
0x49b0S0x4c81S0x504	[0x4c81, [0x4992, nil]]
0x49b1S0x4c81S0x504	[0x4c81, [0x4992, nil]]
0x49b5S0x4c81S0x504	[0x4c81, [0x4992, nil]]
0x49b6S0x4c81S0x504	[0x4c81, [0x4992, nil]]
0x49b8S0x4c81S0x504	[0x4c81, [0x4992, nil]]
0x4993S0x4c81S0x504	[0x4c81, [0x4992, nil]]
0x4996S0x4c81S0x504	[0x4c81, [0x4992, nil]]
0x499aS0x4c81S0x504	[0x4c81, [0x4992, nil]]
0x499eS0x4c81S0x504	[0x4c81, [0x4992, nil]]
0x49a1S0x4c81S0x504	[0x4c81, [0x4992, nil]]
0x49a2S0x4c81S0x504	[0x4c81, [0x4992, nil]]
0x49a5S0x4c81S0x504	[0x4c81, [0x4992, nil]]
0x49a6S0x4c81S0x504	[0x4c81, [0x4992, nil]]
0x498cS0x4992S0x4c81S0x504	[0x4c81, [0x4992, [0x496e, nil]]]
0x498fS0x4992S0x4c81S0x504	[0x4c81, [0x4992, [0x496e, nil]]]
0x4974S0x4992S0x4c81S0x504	[0x4c81, [0x4992, [0x496e, nil]]]
0x4975S0x4992S0x4c81S0x504	[0x4c81, [0x4992, [0x496e, nil]]]
0x4976S0x4992S0x4c81S0x504	[0x4c81, [0x4992, [0x496e, nil]]]
0x4971_0x0S0x4992S0x4c81S0x504	[0x4c81, [0x4992, [0x496e, nil]]]
0x496fS0x4992S0x4c81S0x504	[0x4c81, [0x4992, [0x496e, nil]]]
0x3b830S0x4992S0x4c81S0x504	[0x4c81, [0x4992, [0x496e, nil]]]
0x497cS0x4992S0x4c81S0x504	[0x4c81, [0x4992, [0x496e, nil]]]
0x497dS0x4992S0x4c81S0x504	[0x4c81, [0x4992, [0x496e, nil]]]
0x4980S0x4992S0x4c81S0x504	[0x4c81, [0x4992, [0x496e, nil]]]
0x4982S0x4992S0x4c81S0x504	[0x4c81, [0x4992, [0x496e, nil]]]
0x4984S0x4992S0x4c81S0x504	[0x4c81, [0x4992, [0x496e, nil]]]
0x4985S0x4992S0x4c81S0x504	[0x4c81, [0x4992, [0x496e, nil]]]
0x497a_0x0S0x4992S0x4c81S0x504	[0x4c81, [0x4992, [0x496e, nil]]]
0x49abS0x4ca1S0x504	[0x4c81, [0x4992, nil]]
0x49adS0x4ca1S0x504	[0x4c81, [0x4992, nil]]
0x49aeS0x4ca1S0x504	[0x4c81, [0x4992, nil]]
0x49b0S0x4ca1S0x504	[0x4c81, [0x4992, nil]]
0x49b1S0x4ca1S0x504	[0x4c81, [0x4992, nil]]
0x49b5S0x4ca1S0x504	[0x4c81, [0x4992, nil]]
0x49b6S0x4ca1S0x504	[0x4c81, [0x4992, nil]]
0x49b8S0x4ca1S0x504	[0x4c81, [0x4992, nil]]
0x4993S0x4ca1S0x504	[0x4c81, [0x4992, nil]]
0x4996S0x4ca1S0x504	[0x4c81, [0x4992, nil]]
0x499aS0x4ca1S0x504	[0x4c81, [0x4992, nil]]
0x499eS0x4ca1S0x504	[0x4c81, [0x4992, nil]]
0x49a1S0x4ca1S0x504	[0x4c81, [0x4992, nil]]
0x49a2S0x4ca1S0x504	[0x4c81, [0x4992, nil]]
0x49a5S0x4ca1S0x504	[0x4c81, [0x4992, nil]]
0x49a6S0x4ca1S0x504	[0x4c81, [0x4992, nil]]
0x498cS0x4992S0x4ca1S0x504	[0x4c81, [0x4992, [0x496e, nil]]]
0x498fS0x4992S0x4ca1S0x504	[0x4c81, [0x4992, [0x496e, nil]]]
0x4974S0x4992S0x4ca1S0x504	[0x4c81, [0x4992, [0x496e, nil]]]
0x4975S0x4992S0x4ca1S0x504	[0x4c81, [0x4992, [0x496e, nil]]]
0x4976S0x4992S0x4ca1S0x504	[0x4c81, [0x4992, [0x496e, nil]]]
0x4971_0x0S0x4992S0x4ca1S0x504	[0x4c81, [0x4992, [0x496e, nil]]]
0x496fS0x4992S0x4ca1S0x504	[0x4c81, [0x4992, [0x496e, nil]]]
0x3b830S0x4992S0x4ca1S0x504	[0x4c81, [0x4992, [0x496e, nil]]]
0x497cS0x4992S0x4ca1S0x504	[0x4c81, [0x4992, [0x496e, nil]]]
0x497dS0x4992S0x4ca1S0x504	[0x4c81, [0x4992, [0x496e, nil]]]
0x4980S0x4992S0x4ca1S0x504	[0x4c81, [0x4992, [0x496e, nil]]]
0x4982S0x4992S0x4ca1S0x504	[0x4c81, [0x4992, [0x496e, nil]]]
0x4984S0x4992S0x4ca1S0x504	[0x4c81, [0x4992, [0x496e, nil]]]
0x4985S0x4992S0x4ca1S0x504	[0x4c81, [0x4992, [0x496e, nil]]]
0x497a_0x0S0x4992S0x4ca1S0x504	[0x4c81, [0x4992, [0x496e, nil]]]
0x49bfS0xe6928	[0x49be, nil]
0x49c3S0xe6928	[0x49be, nil]
0x49c5S0xe6928	[0x49be, nil]
0x49c8S0xe6928	[0x49be, nil]
0x49cbS0xe6928	[0x49be, nil]
0x49cdS0xe6928	[0x49be, nil]
0x49abS0x49beS0xe6928	[0x49be, [0x4992, nil]]
0x49adS0x49beS0xe6928	[0x49be, [0x4992, nil]]
0x49aeS0x49beS0xe6928	[0x49be, [0x4992, nil]]
0x49b0S0x49beS0xe6928	[0x49be, [0x4992, nil]]
0x49b1S0x49beS0xe6928	[0x49be, [0x4992, nil]]
0x49b5S0x49beS0xe6928	[0x49be, [0x4992, nil]]
0x49b6S0x49beS0xe6928	[0x49be, [0x4992, nil]]
0x49b8S0x49beS0xe6928	[0x49be, [0x4992, nil]]
0x4993S0x49beS0xe6928	[0x49be, [0x4992, nil]]
0x4996S0x49beS0xe6928	[0x49be, [0x4992, nil]]
0x499aS0x49beS0xe6928	[0x49be, [0x4992, nil]]
0x499eS0x49beS0xe6928	[0x49be, [0x4992, nil]]
0x49a1S0x49beS0xe6928	[0x49be, [0x4992, nil]]
0x49a2S0x49beS0xe6928	[0x49be, [0x4992, nil]]
0x49a5S0x49beS0xe6928	[0x49be, [0x4992, nil]]
0x49a6S0x49beS0xe6928	[0x49be, [0x4992, nil]]
0x498cS0x4992S0x49beS0xe6928	[0x49be, [0x4992, [0x496e, nil]]]
0x498fS0x4992S0x49beS0xe6928	[0x49be, [0x4992, [0x496e, nil]]]
0x4974S0x4992S0x49beS0xe6928	[0x49be, [0x4992, [0x496e, nil]]]
0x4975S0x4992S0x49beS0xe6928	[0x49be, [0x4992, [0x496e, nil]]]
0x4976S0x4992S0x49beS0xe6928	[0x49be, [0x4992, [0x496e, nil]]]
0x4971_0x0S0x4992S0x49beS0xe6928	[0x49be, [0x4992, [0x496e, nil]]]
0x496fS0x4992S0x49beS0xe6928	[0x49be, [0x4992, [0x496e, nil]]]
0x3b830S0x4992S0x49beS0xe6928	[0x49be, [0x4992, [0x496e, nil]]]
0x497cS0x4992S0x49beS0xe6928	[0x49be, [0x4992, [0x496e, nil]]]
0x497dS0x4992S0x49beS0xe6928	[0x49be, [0x4992, [0x496e, nil]]]
0x4980S0x4992S0x49beS0xe6928	[0x49be, [0x4992, [0x496e, nil]]]
0x4982S0x4992S0x49beS0xe6928	[0x49be, [0x4992, [0x496e, nil]]]
0x4984S0x4992S0x49beS0xe6928	[0x49be, [0x4992, [0x496e, nil]]]
0x4985S0x4992S0x49beS0xe6928	[0x49be, [0x4992, [0x496e, nil]]]
0x497a_0x0S0x4992S0x49beS0xe6928	[0x49be, [0x4992, [0x496e, nil]]]
0x4a5cS0x641	[0x4d47, nil]
0x4a5fS0x641	[0x4d47, nil]
0x4d56S0x641	[0x4d47, nil]
0x4d6dS0x641	[0x4d47, nil]
0x4d81S0x641	[0x4d47, nil]
0x4daeS0x641	[0x4d47, nil]
0x4dc9S0x641	[0x4d47, nil]
0x4de1S0x641	[0x4d47, nil]
0x4dfbS0x641	[0x4d47, nil]
0x4e0dS0x641	[0x4d47, nil]
0x4d48S0x641	[0x4d47, nil]
0x4d4aS0x641	[0x4d47, nil]
0x4d4fS0x641	[0x4d47, nil]
0x4d50S0x641	[0x4d47, nil]
0x4d51S0x641	[0x4d47, nil]
0x4d52S0x641	[0x4d47, nil]
0x100387S0x641	[0x4d47, nil]
0xc10eS0x641	[0x4d47, nil]
0xc113S0x641	[0x4d47, nil]
0xc115S0x641	[0x4d47, nil]
0xc116S0x641	[0x4d47, nil]
0xc119S0x641	[0x4d47, nil]
0xc11bS0x641	[0x4d47, nil]
0xc11eS0x641	[0x4d47, nil]
0xc120S0x641	[0x4d47, nil]
0x4d5cS0x641	[0x4d47, nil]
0x4d5dS0x641	[0x4d47, nil]
0x4d5fS0x641	[0x4d47, nil]
0x4d61S0x641	[0x4d47, nil]
0x4d63S0x641	[0x4d47, nil]
0x4d64S0x641	[0x4d47, nil]
0x4d67S0x641	[0x4d47, nil]
0x4d68S0x641	[0x4d47, nil]
0x4d69S0x641	[0x4d47, nil]
0x4d74S0x641	[0x4d47, nil]
0x4d78S0x641	[0x4d47, nil]
0x4d7bS0x641	[0x4d47, nil]
0x4d7cS0x641	[0x4d47, nil]
0x4d7dS0x641	[0x4d47, nil]
0x4d87S0x641	[0x4d47, nil]
0x4d88S0x641	[0x4d47, nil]
0x4d8bS0x641	[0x4d47, nil]
0x4d8fS0x641	[0x4d47, nil]
0x4d97S0x641	[0x4d47, nil]
0x4d9cS0x641	[0x4d47, nil]
0x4d9eS0x641	[0x4d47, nil]
0x4da0S0x641	[0x4d47, nil]
0x4da4S0x641	[0x4d47, nil]
0x4da8S0x641	[0x4d47, nil]
0x4da9S0x641	[0x4d47, nil]
0x4daaS0x641	[0x4d47, nil]
0x1004abS0x641	[0x4d47, nil]
0x4db5S0x641	[0x4d47, nil]
0x3d630S0x641	[0x4d47, nil]
0x4dd0S0x641	[0x4d47, nil]
0x4dd1S0x641	[0x4d47, nil]
0x4dd5S0x641	[0x4d47, nil]
0x4dd6S0x641	[0x4d47, nil]
0x4dd8S0x641	[0x4d47, nil]
0x4dd9S0x641	[0x4d47, nil]
0x4ddbS0x641	[0x4d47, nil]
0x4ddcS0x641	[0x4d47, nil]
0x4dddS0x641	[0x4d47, nil]
0x4de7S0x641	[0x4d47, nil]
0x4deaS0x641	[0x4d47, nil]
0x4df1S0x641	[0x4d47, nil]
0x4df2S0x641	[0x4d47, nil]
0x4df5S0x641	[0x4d47, nil]
0x4df6S0x641	[0x4d47, nil]
0x4df7S0x641	[0x4d47, nil]
0x4a42S0x641	[0x4d47, nil]
0x4a45S0x641	[0x4d47, nil]
0x4a48S0x641	[0x4d47, nil]
0x4a49S0x641	[0x4d47, nil]
0x4a4bS0x641	[0x4d47, nil]
0x4a4dS0x641	[0x4d47, nil]
0x4a4fS0x641	[0x4d47, nil]
0x4a50S0x641	[0x4d47, nil]
0x4a52S0x641	[0x4d47, nil]
0x4a55S0x641	[0x4d47, nil]
0x4a56S0x641	[0x4d47, nil]
0x4a57S0x641	[0x4d47, nil]
0x4a58S0x641	[0x4d47, nil]
0x4e02S0x641	[0x4d47, nil]
0x4e03S0x641	[0x4d47, nil]
0x4e06S0x641	[0x4d47, nil]
0x4e08S0x641	[0x4d47, nil]
0x4e09S0x641	[0x4d47, nil]
0x4e13S0x641	[0x4d47, nil]
0x4e19S0x641	[0x4d47, nil]
0x4e1aS0x641	[0x4d47, nil]
0x4e1dS0x641	[0x4d47, nil]
0x4e1eS0x641	[0x4d47, nil]
0x4e28S0x641	[0x4d47, nil]
0x4e29S0x641	[0x4d47, nil]
0x4e2bS0x641	[0x4d47, nil]
0x4e2fS0x641	[0x4d47, nil]
0x4e36S0x641	[0x4d47, nil]
0x4e40S0x641	[0x4d47, nil]
0x4e43S0x641	[0x4d47, nil]
0x4e44S0x641	[0x4d47, nil]
0x4e33_0x3S0x641	[0x4d47, nil]
0x4e33_0x5S0x641	[0x4d47, nil]
0x4db9S0x641	[0x4d47, nil]
0x4dbaS0x641	[0x4d47, nil]
0x4dbbS0x641	[0x4d47, nil]
0x4db6_0x0S0x641	[0x4d47, nil]
0x4dc0S0x641	[0x4d47, nil]
0x4dc3S0x641	[0x4d47, nil]
0x4dc4S0x641	[0x4d47, nil]
0x4dc5S0x641	[0x4d47, nil]
0x4dbf_0x0S0x641	[0x4d47, nil]
0x4acfS0x1004aaS0x641	[0x4d47, [0x4aae, nil]]
0x4ad2S0x1004aaS0x641	[0x4d47, [0x4aae, nil]]
0x4ad7S0x1004aaS0x641	[0x4d47, [0x4aae, nil]]
0xc1adS0x1004aaS0x641	[0x4d47, [0x4aae, nil]]
0xc1b2S0x1004aaS0x641	[0x4d47, [0x4aae, nil]]
0xc1b4S0x1004aaS0x641	[0x4d47, [0x4aae, nil]]
0xc1b5S0x1004aaS0x641	[0x4d47, [0x4aae, nil]]
0xc1b8S0x1004aaS0x641	[0x4d47, [0x4aae, nil]]
0xc1baS0x1004aaS0x641	[0x4d47, [0x4aae, nil]]
0xc1bdS0x1004aaS0x641	[0x4d47, [0x4aae, nil]]
0xc1bfS0x1004aaS0x641	[0x4d47, [0x4aae, nil]]
0x4aafS0x1004aaS0x641	[0x4d47, [0x4aae, nil]]
0x4ab1S0x1004aaS0x641	[0x4d47, [0x4aae, nil]]
0x4ab2S0x1004aaS0x641	[0x4d47, [0x4aae, nil]]
0x4ab5S0x1004aaS0x641	[0x4d47, [0x4aae, nil]]
0x4ab6S0x1004aaS0x641	[0x4d47, [0x4aae, nil]]
0x4ab8S0x1004aaS0x641	[0x4d47, [0x4aae, nil]]
0x4ab9S0x1004aaS0x641	[0x4d47, [0x4aae, nil]]
0x4abbS0x1004aaS0x641	[0x4d47, [0x4aae, nil]]
0x4abcS0x1004aaS0x641	[0x4d47, [0x4aae, nil]]
0x4abeS0x1004aaS0x641	[0x4d47, [0x4aae, nil]]
0x4ac0S0x1004aaS0x641	[0x4d47, [0x4aae, nil]]
0x4ac2S0x1004aaS0x641	[0x4d47, [0x4aae, nil]]
0x4ac3S0x1004aaS0x641	[0x4d47, [0x4aae, nil]]
0x4ac5S0x1004aaS0x641	[0x4d47, [0x4aae, nil]]
0x4ac8S0x1004aaS0x641	[0x4d47, [0x4aae, nil]]
0x4ac9S0x1004aaS0x641	[0x4d47, [0x4aae, nil]]
0x4acaS0x1004aaS0x641	[0x4d47, [0x4aae, nil]]
0x4acbS0x1004aaS0x641	[0x4d47, [0x4aae, nil]]
0x4d43S0x4e22S0x641	[0x4d47, [0x4d39, nil]]
0x4d3bS0x4e22S0x641	[0x4d47, [0x4d39, nil]]
0x4d3cS0x4e22S0x641	[0x4d47, [0x4d39, nil]]
0x4d3eS0x4e22S0x641	[0x4d47, [0x4d39, nil]]
0x4d3fS0x4e22S0x641	[0x4d47, [0x4d39, nil]]
0x4af0S0x4d85S0x641	[0x4d47, [0x4ade, nil]]
0x4af3S0x4d85S0x641	[0x4d47, [0x4ade, nil]]
0x4af9S0x4d85S0x641	[0x4d47, [0x4ade, nil]]
0x4afbS0x4d85S0x641	[0x4d47, [0x4ade, nil]]
0x4afcS0x4d85S0x641	[0x4d47, [0x4ade, nil]]
0x4afeS0x4d85S0x641	[0x4d47, [0x4ade, nil]]
0xc1e2S0x4d85S0x641	[0x4d47, [0x4ade, nil]]
0xc1e7S0x4d85S0x641	[0x4d47, [0x4ade, nil]]
0xc1e9S0x4d85S0x641	[0x4d47, [0x4ade, nil]]
0xc1eaS0x4d85S0x641	[0x4d47, [0x4ade, nil]]
0xc1edS0x4d85S0x641	[0x4d47, [0x4ade, nil]]
0xc1efS0x4d85S0x641	[0x4d47, [0x4ade, nil]]
0xc1f2S0x4d85S0x641	[0x4d47, [0x4ade, nil]]
0xc1f4S0x4d85S0x641	[0x4d47, [0x4ade, nil]]
0x4adfS0x4d85S0x641	[0x4d47, [0x4ade, nil]]
0x4ae1S0x4d85S0x641	[0x4d47, [0x4ade, nil]]
0x4ae3S0x4d85S0x641	[0x4d47, [0x4ade, nil]]
0x4ae5S0x4d85S0x641	[0x4d47, [0x4ade, nil]]
0x4ae7S0x4d85S0x641	[0x4d47, [0x4ade, nil]]
0x4ae8S0x4d85S0x641	[0x4d47, [0x4ade, nil]]
0x4aeaS0x4d85S0x641	[0x4d47, [0x4ade, nil]]
0x4aebS0x4d85S0x641	[0x4d47, [0x4ade, nil]]
0x4aecS0x4d85S0x641	[0x4d47, [0x4ade, nil]]
0x4b13S0x4e12S0x641	[0x4d47, [0x4b01, nil]]
0x4b16S0x4e12S0x641	[0x4d47, [0x4b01, nil]]
0x4b3dS0x4e12S0x641	[0x4d47, [0x4b01, nil]]
0x4b1bS0x4e12S0x641	[0x4d47, [0x4b01, nil]]
0x4b1eS0x4e12S0x641	[0x4d47, [0x4b01, nil]]
0x4b21S0x4e12S0x641	[0x4d47, [0x4b01, nil]]
0x4b22S0x4e12S0x641	[0x4d47, [0x4b01, nil]]
0x4b24S0x4e12S0x641	[0x4d47, [0x4b01, nil]]
0x4b25S0x4e12S0x641	[0x4d47, [0x4b01, nil]]
0x4b26S0x4e12S0x641	[0x4d47, [0x4b01, nil]]
0x4b28S0x4e12S0x641	[0x4d47, [0x4b01, nil]]
0x4b29S0x4e12S0x641	[0x4d47, [0x4b01, nil]]
0xc217S0x4e12S0x641	[0x4d47, [0x4b01, nil]]
0xc21cS0x4e12S0x641	[0x4d47, [0x4b01, nil]]
0xc21eS0x4e12S0x641	[0x4d47, [0x4b01, nil]]
0xc21fS0x4e12S0x641	[0x4d47, [0x4b01, nil]]
0xc222S0x4e12S0x641	[0x4d47, [0x4b01, nil]]
0xc224S0x4e12S0x641	[0x4d47, [0x4b01, nil]]
0xc227S0x4e12S0x641	[0x4d47, [0x4b01, nil]]
0xc229S0x4e12S0x641	[0x4d47, [0x4b01, nil]]
0x4b36S0x4e12S0x641	[0x4d47, [0x4b01, nil]]
0x4b37S0x4e12S0x641	[0x4d47, [0x4b01, nil]]
0x4b38S0x4e12S0x641	[0x4d47, [0x4b01, nil]]
0x4b39S0x4e12S0x641	[0x4d47, [0x4b01, nil]]
0x4b44S0x4e12S0x641	[0x4d47, [0x4b01, nil]]
0x4b47S0x4e12S0x641	[0x4d47, [0x4b01, nil]]
0x4b49S0x4e12S0x641	[0x4d47, [0x4b01, nil]]
0x4b4bS0x4e12S0x641	[0x4d47, [0x4b01, nil]]
0x4b4fS0x4e12S0x641	[0x4d47, [0x4b01, nil]]
0x4b50S0x4e12S0x641	[0x4d47, [0x4b01, nil]]
0x4b02S0x4e12S0x641	[0x4d47, [0x4b01, nil]]
0x4b04S0x4e12S0x641	[0x4d47, [0x4b01, nil]]
0x4b06S0x4e12S0x641	[0x4d47, [0x4b01, nil]]
0x4b08S0x4e12S0x641	[0x4d47, [0x4b01, nil]]
0x4b0aS0x4e12S0x641	[0x4d47, [0x4b01, nil]]
0x4b0bS0x4e12S0x641	[0x4d47, [0x4b01, nil]]
0x4b0dS0x4e12S0x641	[0x4d47, [0x4b01, nil]]
0x4b0eS0x4e12S0x641	[0x4d47, [0x4b01, nil]]
0x4b0fS0x4e12S0x641	[0x4d47, [0x4b01, nil]]
0x4acfS0x4b1aS0x4e12S0x641	[0x4d47, [0x4b01, [0x4aae, nil]]]
0x4ad2S0x4b1aS0x4e12S0x641	[0x4d47, [0x4b01, [0x4aae, nil]]]
0x4ad7S0x4b1aS0x4e12S0x641	[0x4d47, [0x4b01, [0x4aae, nil]]]
0xc1adS0x4b1aS0x4e12S0x641	[0x4d47, [0x4b01, [0x4aae, nil]]]
0xc1b2S0x4b1aS0x4e12S0x641	[0x4d47, [0x4b01, [0x4aae, nil]]]
0xc1b4S0x4b1aS0x4e12S0x641	[0x4d47, [0x4b01, [0x4aae, nil]]]
0xc1b5S0x4b1aS0x4e12S0x641	[0x4d47, [0x4b01, [0x4aae, nil]]]
0xc1b8S0x4b1aS0x4e12S0x641	[0x4d47, [0x4b01, [0x4aae, nil]]]
0xc1baS0x4b1aS0x4e12S0x641	[0x4d47, [0x4b01, [0x4aae, nil]]]
0xc1bdS0x4b1aS0x4e12S0x641	[0x4d47, [0x4b01, [0x4aae, nil]]]
0xc1bfS0x4b1aS0x4e12S0x641	[0x4d47, [0x4b01, [0x4aae, nil]]]
0x4aafS0x4b1aS0x4e12S0x641	[0x4d47, [0x4b01, [0x4aae, nil]]]
0x4ab1S0x4b1aS0x4e12S0x641	[0x4d47, [0x4b01, [0x4aae, nil]]]
0x4ab2S0x4b1aS0x4e12S0x641	[0x4d47, [0x4b01, [0x4aae, nil]]]
0x4ab5S0x4b1aS0x4e12S0x641	[0x4d47, [0x4b01, [0x4aae, nil]]]
0x4ab6S0x4b1aS0x4e12S0x641	[0x4d47, [0x4b01, [0x4aae, nil]]]
0x4ab8S0x4b1aS0x4e12S0x641	[0x4d47, [0x4b01, [0x4aae, nil]]]
0x4ab9S0x4b1aS0x4e12S0x641	[0x4d47, [0x4b01, [0x4aae, nil]]]
0x4abbS0x4b1aS0x4e12S0x641	[0x4d47, [0x4b01, [0x4aae, nil]]]
0x4abcS0x4b1aS0x4e12S0x641	[0x4d47, [0x4b01, [0x4aae, nil]]]
0x4abeS0x4b1aS0x4e12S0x641	[0x4d47, [0x4b01, [0x4aae, nil]]]
0x4ac0S0x4b1aS0x4e12S0x641	[0x4d47, [0x4b01, [0x4aae, nil]]]
0x4ac2S0x4b1aS0x4e12S0x641	[0x4d47, [0x4b01, [0x4aae, nil]]]
0x4ac3S0x4b1aS0x4e12S0x641	[0x4d47, [0x4b01, [0x4aae, nil]]]
0x4ac5S0x4b1aS0x4e12S0x641	[0x4d47, [0x4b01, [0x4aae, nil]]]
0x4ac8S0x4b1aS0x4e12S0x641	[0x4d47, [0x4b01, [0x4aae, nil]]]
0x4ac9S0x4b1aS0x4e12S0x641	[0x4d47, [0x4b01, [0x4aae, nil]]]
0x4acaS0x4b1aS0x4e12S0x641	[0x4d47, [0x4b01, [0x4aae, nil]]]
0x4acbS0x4b1aS0x4e12S0x641	[0x4d47, [0x4b01, [0x4aae, nil]]]
0x1103S0x11f9	[0x10f4, nil]
0x1108S0x11f9	[0x10f4, nil]
0x110aS0x11f9	[0x10f4, nil]
0x110fS0x11f9	[0x10f4, nil]
0x1113S0x11f9	[0x10f4, nil]
0x1114S0x11f9	[0x10f4, nil]
0x1116S0x11f9	[0x10f4, nil]
0x1118S0x11f9	[0x10f4, nil]
0x111aS0x11f9	[0x10f4, nil]
0x111bS0x11f9	[0x10f4, nil]
0x111dS0x11f9	[0x10f4, nil]
0x1124S0x11f9	[0x10f4, nil]
0x1126S0x11f9	[0x10f4, nil]
0x1127S0x11f9	[0x10f4, nil]
0x1129S0x11f9	[0x10f4, nil]
0x112aS0x11f9	[0x10f4, nil]
0x112bS0x11f9	[0x10f4, nil]
0x112dS0x11f9	[0x10f4, nil]
0x1130S0x11f9	[0x10f4, nil]
0x1133S0x11f9	[0x10f4, nil]
0x10ffS0x11f9	[0x10f4, nil]
0x1137S0x11f9	[0x10f4, nil]
0x1139S0x11f9	[0x10f4, nil]
0x113bS0x11f9	[0x10f4, nil]
0x113dS0x11f9	[0x10f4, nil]
0x113eS0x11f9	[0x10f4, nil]
0x113fS0x11f9	[0x10f4, nil]
0x1141S0x11f9	[0x10f4, nil]
0x1143S0x11f9	[0x10f4, nil]
0x1145S0x11f9	[0x10f4, nil]
0x1147S0x11f9	[0x10f4, nil]
0x1148S0x11f9	[0x10f4, nil]
0x1149S0x11f9	[0x10f4, nil]
0x114bS0x11f9	[0x10f4, nil]
0x116cS0x11f9	[0x10f4, nil]
0x116eS0x11f9	[0x10f4, nil]
0x116fS0x11f9	[0x10f4, nil]
0x1171S0x11f9	[0x10f4, nil]
0x1174S0x11f9	[0x10f4, nil]
0x10f5S0x11f9	[0x10f4, nil]
0x10faS0x11f9	[0x10f4, nil]
0xbb2S0x10f4S0x11f9	[0x10f4, [0xbb1, nil]]
0xbb7S0x10f4S0x11f9	[0x10f4, [0xbb1, nil]]
0xbb9S0x10f4S0x11f9	[0x10f4, [0xbb1, nil]]
0xbbeS0x10f4S0x11f9	[0x10f4, [0xbb1, nil]]
0xbc2S0x10f4S0x11f9	[0x10f4, [0xbb1, nil]]
0xbc3S0x10f4S0x11f9	[0x10f4, [0xbb1, nil]]
0xbc5S0x10f4S0x11f9	[0x10f4, [0xbb1, nil]]
0xbc7S0x10f4S0x11f9	[0x10f4, [0xbb1, nil]]
0xbc9S0x10f4S0x11f9	[0x10f4, [0xbb1, nil]]
0xbcaS0x10f4S0x11f9	[0x10f4, [0xbb1, nil]]
0xbceS0x10f4S0x11f9	[0x10f4, [0xbb1, nil]]
0xbd5S0x10f4S0x11f9	[0x10f4, [0xbb1, nil]]
0xbd6S0x10f4S0x11f9	[0x10f4, [0xbb1, nil]]
0xbd7S0x10f4S0x11f9	[0x10f4, [0xbb1, nil]]
0xbd9S0x10f4S0x11f9	[0x10f4, [0xbb1, nil]]
0x43cfS0x36ee	[0x43b4, nil]
0x43d1S0x36ee	[0x43b4, nil]
0x43d2S0x36ee	[0x43b4, nil]
0x43d6S0x36ee	[0x43b4, nil]
0x43d8S0x36ee	[0x43b4, nil]
0x43dbS0x36ee	[0x43b4, nil]
0x43ddS0x36ee	[0x43b4, nil]
0x43e0S0x36ee	[0x43b4, nil]
0x43e2S0x36ee	[0x43b4, nil]
0x43e4S0x36ee	[0x43b4, nil]
0x43e7S0x36ee	[0x43b4, nil]
0x43e9S0x36ee	[0x43b4, nil]
0x43faS0x36ee	[0x43b4, nil]
0x43fcS0x36ee	[0x43b4, nil]
0x43fdS0x36ee	[0x43b4, nil]
0x4400S0x36ee	[0x43b4, nil]
0x4402S0x36ee	[0x43b4, nil]
0x4404S0x36ee	[0x43b4, nil]
0x4405S0x36ee	[0x43b4, nil]
0x442bS0x36ee	[0x43b4, nil]
0x442dS0x36ee	[0x43b4, nil]
0x442eS0x36ee	[0x43b4, nil]
0x4432S0x36ee	[0x43b4, nil]
0x4434S0x36ee	[0x43b4, nil]
0x4437S0x36ee	[0x43b4, nil]
0x4439S0x36ee	[0x43b4, nil]
0x443cS0x36ee	[0x43b4, nil]
0x443eS0x36ee	[0x43b4, nil]
0x4440S0x36ee	[0x43b4, nil]
0x4443S0x36ee	[0x43b4, nil]
0x4445S0x36ee	[0x43b4, nil]
0x445cS0x36ee	[0x43b4, nil]
0x445eS0x36ee	[0x43b4, nil]
0x445fS0x36ee	[0x43b4, nil]
0x4462S0x36ee	[0x43b4, nil]
0x4464S0x36ee	[0x43b4, nil]
0x4466S0x36ee	[0x43b4, nil]
0x4467S0x36ee	[0x43b4, nil]
0x449eS0x36ee	[0x43b4, nil]
0x44a1S0x36ee	[0x43b4, nil]
0x44a2S0x36ee	[0x43b4, nil]
0x44a4S0x36ee	[0x43b4, nil]
0x44a5S0x36ee	[0x43b4, nil]
0x44aaS0x36ee	[0x43b4, nil]
0x44acS0x36ee	[0x43b4, nil]
0x44afS0x36ee	[0x43b4, nil]
0x44b1S0x36ee	[0x43b4, nil]
0x44b3S0x36ee	[0x43b4, nil]
0x44b5S0x36ee	[0x43b4, nil]
0x44b6S0x36ee	[0x43b4, nil]
0x44b8S0x36ee	[0x43b4, nil]
0x44bbS0x36ee	[0x43b4, nil]
0x44c0S0x36ee	[0x43b4, nil]
0x44c2S0x36ee	[0x43b4, nil]
0x44c4S0x36ee	[0x43b4, nil]
0x44c6S0x36ee	[0x43b4, nil]
0x44c7S0x36ee	[0x43b4, nil]
0x44c8S0x36ee	[0x43b4, nil]
0x44caS0x36ee	[0x43b4, nil]
0x44d0S0x36ee	[0x43b4, nil]
0x44d2S0x36ee	[0x43b4, nil]
0x39030S0x36ee	[0x43b4, nil]
0x44e7S0x36ee	[0x43b4, nil]
0x44e8S0x36ee	[0x43b4, nil]
0x44ecS0x36ee	[0x43b4, nil]
0x44edS0x36ee	[0x43b4, nil]
0x457aS0x36ee	[0x43b4, nil]
0x457dS0x36ee	[0x43b4, nil]
0x457eS0x36ee	[0x43b4, nil]
0x4580S0x36ee	[0x43b4, nil]
0x4581S0x36ee	[0x43b4, nil]
0x4586S0x36ee	[0x43b4, nil]
0x4588S0x36ee	[0x43b4, nil]
0x458bS0x36ee	[0x43b4, nil]
0x458dS0x36ee	[0x43b4, nil]
0x458fS0x36ee	[0x43b4, nil]
0x4591S0x36ee	[0x43b4, nil]
0x4592S0x36ee	[0x43b4, nil]
0x4594S0x36ee	[0x43b4, nil]
0x4597S0x36ee	[0x43b4, nil]
0x459cS0x36ee	[0x43b4, nil]
0x459eS0x36ee	[0x43b4, nil]
0x45a0S0x36ee	[0x43b4, nil]
0x45a2S0x36ee	[0x43b4, nil]
0x45a3S0x36ee	[0x43b4, nil]
0x45a4S0x36ee	[0x43b4, nil]
0x45a6S0x36ee	[0x43b4, nil]
0x45acS0x36ee	[0x43b4, nil]
0x45aeS0x36ee	[0x43b4, nil]
0x45afS0x36ee	[0x43b4, nil]
0x4611S0x36ee	[0x43b4, nil]
0x4614S0x36ee	[0x43b4, nil]
0x4615S0x36ee	[0x43b4, nil]
0x4617S0x36ee	[0x43b4, nil]
0x4618S0x36ee	[0x43b4, nil]
0x461dS0x36ee	[0x43b4, nil]
0x461fS0x36ee	[0x43b4, nil]
0x4622S0x36ee	[0x43b4, nil]
0x4624S0x36ee	[0x43b4, nil]
0x4626S0x36ee	[0x43b4, nil]
0x4628S0x36ee	[0x43b4, nil]
0x4629S0x36ee	[0x43b4, nil]
0x462bS0x36ee	[0x43b4, nil]
0x462eS0x36ee	[0x43b4, nil]
0x4633S0x36ee	[0x43b4, nil]
0x4635S0x36ee	[0x43b4, nil]
0x4637S0x36ee	[0x43b4, nil]
0x4639S0x36ee	[0x43b4, nil]
0x463aS0x36ee	[0x43b4, nil]
0x463bS0x36ee	[0x43b4, nil]
0x463dS0x36ee	[0x43b4, nil]
0x4643S0x36ee	[0x43b4, nil]
0x4645S0x36ee	[0x43b4, nil]
0x4646S0x36ee	[0x43b4, nil]
0x37e70x43b4S0x36ee	[0x43b4, nil]
0x37e60x43b4S0x36ee	[0x43b4, nil]
0x37e20x43b4S0x36ee	[0x43b4, nil]
0x37e10x43b4S0x36ee	[0x43b4, nil]
0x354300x43b4S0x36ee	[0x43b4, nil]
0x37cc0x43b4S0x36ee	[0x43b4, nil]
0x37ca0x43b4S0x36ee	[0x43b4, nil]
0x37c40x43b4S0x36ee	[0x43b4, nil]
0x37c20x43b4S0x36ee	[0x43b4, nil]
0x37c10x43b4S0x36ee	[0x43b4, nil]
0x37c00x43b4S0x36ee	[0x43b4, nil]
0x37be0x43b4S0x36ee	[0x43b4, nil]
0x37bc0x43b4S0x36ee	[0x43b4, nil]
0x37ba0x43b4S0x36ee	[0x43b4, nil]
0x37b50x43b4S0x36ee	[0x43b4, nil]
0x37b20x43b4S0x36ee	[0x43b4, nil]
0x37b00x43b4S0x36ee	[0x43b4, nil]
0x37af0x43b4S0x36ee	[0x43b4, nil]
0x37ad0x43b4S0x36ee	[0x43b4, nil]
0x37ab0x43b4S0x36ee	[0x43b4, nil]
0x37a90x43b4S0x36ee	[0x43b4, nil]
0x37a60x43b4S0x36ee	[0x43b4, nil]
0x37a40x43b4S0x36ee	[0x43b4, nil]
0x379f0x43b4S0x36ee	[0x43b4, nil]
0x379e0x43b4S0x36ee	[0x43b4, nil]
0x379c0x43b4S0x36ee	[0x43b4, nil]
0x379b0x43b4S0x36ee	[0x43b4, nil]
0x37980x43b4S0x36ee	[0x43b4, nil]
0x43b5S0x36ee	[0x43b4, nil]
0x43b7S0x36ee	[0x43b4, nil]
0x43b9S0x36ee	[0x43b4, nil]
0x43bbS0x36ee	[0x43b4, nil]
0x43bdS0x36ee	[0x43b4, nil]
0x43beS0x36ee	[0x43b4, nil]
0x43c0S0x36ee	[0x43b4, nil]
0x43c1S0x36ee	[0x43b4, nil]
0x43c3S0x36ee	[0x43b4, nil]
0x43cbS0x36ee	[0x43b4, nil]
0x43ca_0x0S0x36ee	[0x43b4, nil]
0x440bS0x36ee	[0x43b4, nil]
0xc06eS0x36ee	[0x43b4, nil]
0xc070S0x36ee	[0x43b4, nil]
0xc073S0x36ee	[0x43b4, nil]
0x4471S0x36ee	[0x43b4, nil]
0x4473S0x36ee	[0x43b4, nil]
0x4474S0x36ee	[0x43b4, nil]
0x4477S0x36ee	[0x43b4, nil]
0x4479S0x36ee	[0x43b4, nil]
0x447aS0x36ee	[0x43b4, nil]
0x447dS0x36ee	[0x43b4, nil]
0x447fS0x36ee	[0x43b4, nil]
0x4481S0x36ee	[0x43b4, nil]
0x4482S0x36ee	[0x43b4, nil]
0x4484S0x36ee	[0x43b4, nil]
0x4485S0x36ee	[0x43b4, nil]
0x4489S0x36ee	[0x43b4, nil]
0x448aS0x36ee	[0x43b4, nil]
0x448eS0x36ee	[0x43b4, nil]
0x4492S0x36ee	[0x43b4, nil]
0x4494S0x36ee	[0x43b4, nil]
0x4496S0x36ee	[0x43b4, nil]
0x4497S0x36ee	[0x43b4, nil]
0x4499S0x36ee	[0x43b4, nil]
0x449aS0x36ee	[0x43b4, nil]
0x446cS0x36ee	[0x43b4, nil]
0xc096S0x36ee	[0x43b4, nil]
0xc098S0x36ee	[0x43b4, nil]
0xc09bS0x36ee	[0x43b4, nil]
0x451cS0x36ee	[0x43b4, nil]
0x451eS0x36ee	[0x43b4, nil]
0x451fS0x36ee	[0x43b4, nil]
0x4522S0x36ee	[0x43b4, nil]
0x4524S0x36ee	[0x43b4, nil]
0x4525S0x36ee	[0x43b4, nil]
0x4528S0x36ee	[0x43b4, nil]
0x452aS0x36ee	[0x43b4, nil]
0x452cS0x36ee	[0x43b4, nil]
0x452dS0x36ee	[0x43b4, nil]
0x452fS0x36ee	[0x43b4, nil]
0x4530S0x36ee	[0x43b4, nil]
0x4534S0x36ee	[0x43b4, nil]
0x4535S0x36ee	[0x43b4, nil]
0x4539S0x36ee	[0x43b4, nil]
0x453dS0x36ee	[0x43b4, nil]
0x453fS0x36ee	[0x43b4, nil]
0x4541S0x36ee	[0x43b4, nil]
0x4542S0x36ee	[0x43b4, nil]
0x4544S0x36ee	[0x43b4, nil]
0x4546S0x36ee	[0x43b4, nil]
0x44f5S0x36ee	[0x43b4, nil]
0x44f7S0x36ee	[0x43b4, nil]
0x44f8S0x36ee	[0x43b4, nil]
0x44f9S0x36ee	[0x43b4, nil]
0x44fbS0x36ee	[0x43b4, nil]
0x44fcS0x36ee	[0x43b4, nil]
0x44ffS0x36ee	[0x43b4, nil]
0x4500S0x36ee	[0x43b4, nil]
0x4502S0x36ee	[0x43b4, nil]
0x4504S0x36ee	[0x43b4, nil]
0x4509S0x36ee	[0x43b4, nil]
0x450bS0x36ee	[0x43b4, nil]
0x4510S0x36ee	[0x43b4, nil]
0x4517S0x36ee	[0x43b4, nil]
0x4575S0x36ee	[0x43b4, nil]
0x4576S0x36ee	[0x43b4, nil]
0x4574_0x0S0x36ee	[0x43b4, nil]
0x45b4S0x36ee	[0x43b4, nil]
0x45b6S0x36ee	[0x43b4, nil]
0x45b7S0x36ee	[0x43b4, nil]
0x45b9S0x36ee	[0x43b4, nil]
0x45bbS0x36ee	[0x43b4, nil]
0x45bcS0x36ee	[0x43b4, nil]
0x45bfS0x36ee	[0x43b4, nil]
0x45c3S0x36ee	[0x43b4, nil]
0x45c5S0x36ee	[0x43b4, nil]
0x45c6S0x36ee	[0x43b4, nil]
0x45c8S0x36ee	[0x43b4, nil]
0x45c9S0x36ee	[0x43b4, nil]
0x45cdS0x36ee	[0x43b4, nil]
0x45ceS0x36ee	[0x43b4, nil]
0x45d2S0x36ee	[0x43b4, nil]
0x45d6S0x36ee	[0x43b4, nil]
0x45d8S0x36ee	[0x43b4, nil]
0x45daS0x36ee	[0x43b4, nil]
0x45dbS0x36ee	[0x43b4, nil]
0x45dcS0x36ee	[0x43b4, nil]
0x45deS0x36ee	[0x43b4, nil]
0x44d4S0x36ee	[0x43b4, nil]
0x44d6S0x36ee	[0x43b4, nil]
0x44d8S0x36ee	[0x43b4, nil]
0x44dbS0x36ee	[0x43b4, nil]
0x44deS0x36ee	[0x43b4, nil]
0x44dfS0x36ee	[0x43b4, nil]
0x44e0S0x36ee	[0x43b4, nil]
0x44e2S0x36ee	[0x43b4, nil]
0x44e3S0x36ee	[0x43b4, nil]
0x44d3_0x0S0x36ee	[0x43b4, nil]
0x44d3_0x2S0x36ee	[0x43b4, nil]
0x43c9S0x36ee	[0x43b4, nil]
0x38630S0x36ee	[0x43b4, nil]
0x4413S0x36ee	[0x43b4, nil]
0x4415S0x36ee	[0x43b4, nil]
0x4417S0x36ee	[0x43b4, nil]
0x4419S0x36ee	[0x43b4, nil]
0x441aS0x36ee	[0x43b4, nil]
0x441bS0x36ee	[0x43b4, nil]
0x441dS0x36ee	[0x43b4, nil]
0x441fS0x36ee	[0x43b4, nil]
0x4421S0x36ee	[0x43b4, nil]
0x4423S0x36ee	[0x43b4, nil]
0x4424S0x36ee	[0x43b4, nil]
0x4425S0x36ee	[0x43b4, nil]
0x4426S0x36ee	[0x43b4, nil]
0x4427S0x36ee	[0x43b4, nil]
0x454bS0x36ee	[0x43b4, nil]
0x454dS0x36ee	[0x43b4, nil]
0x454eS0x36ee	[0x43b4, nil]
0x4551S0x36ee	[0x43b4, nil]
0x4553S0x36ee	[0x43b4, nil]
0x4554S0x36ee	[0x43b4, nil]
0x4557S0x36ee	[0x43b4, nil]
0x4559S0x36ee	[0x43b4, nil]
0x455bS0x36ee	[0x43b4, nil]
0x455cS0x36ee	[0x43b4, nil]
0x455eS0x36ee	[0x43b4, nil]
0x455fS0x36ee	[0x43b4, nil]
0x4563S0x36ee	[0x43b4, nil]
0x4564S0x36ee	[0x43b4, nil]
0x4568S0x36ee	[0x43b4, nil]
0x456cS0x36ee	[0x43b4, nil]
0x456eS0x36ee	[0x43b4, nil]
0x4570S0x36ee	[0x43b4, nil]
0x4571S0x36ee	[0x43b4, nil]
0x4573S0x36ee	[0x43b4, nil]
0x39a30S0x36ee	[0x43b4, nil]
0x45e3S0x36ee	[0x43b4, nil]
0x45e5S0x36ee	[0x43b4, nil]
0x45e6S0x36ee	[0x43b4, nil]
0x45e9S0x36ee	[0x43b4, nil]
0x45ebS0x36ee	[0x43b4, nil]
0x45ecS0x36ee	[0x43b4, nil]
0x45efS0x36ee	[0x43b4, nil]
0x45f3S0x36ee	[0x43b4, nil]
0x45f5S0x36ee	[0x43b4, nil]
0x45f6S0x36ee	[0x43b4, nil]
0x45f8S0x36ee	[0x43b4, nil]
0x45f9S0x36ee	[0x43b4, nil]
0x45fdS0x36ee	[0x43b4, nil]
0x45feS0x36ee	[0x43b4, nil]
0x4602S0x36ee	[0x43b4, nil]
0x4606S0x36ee	[0x43b4, nil]
0x4608S0x36ee	[0x43b4, nil]
0x460aS0x36ee	[0x43b4, nil]
0x460bS0x36ee	[0x43b4, nil]
0x460cS0x36ee	[0x43b4, nil]
0x460dS0x36ee	[0x43b4, nil]
0x38050x43b4S0x36ee	[0x43b4, nil]
0x380a0x43b4S0x36ee	[0x43b4, nil]
0x38030x43b4S0x36ee	[0x43b4, nil]
0x37fe0x43b4S0x36ee	[0x43b4, nil]
0x37fc0x43b4S0x36ee	[0x43b4, nil]
0x37fa0x43b4S0x36ee	[0x43b4, nil]
0x37f90x43b4S0x36ee	[0x43b4, nil]
0x37f60x43b4S0x36ee	[0x43b4, nil]
0x37f50x43b4S0x36ee	[0x43b4, nil]
0x37f30x43b4S0x36ee	[0x43b4, nil]
0x37f20x43b4S0x36ee	[0x43b4, nil]
0x37f10x43b4S0x36ee	[0x43b4, nil]
0x37ef0x43b4S0x36ee	[0x43b4, nil]
0x37dd0x43b4S0x36ee	[0x43b4, nil]
0x37cd0x43b4_0x0S0x36ee	[0x43b4, nil]
0x37cd0x43b4_0x2S0x36ee	[0x43b4, nil]
0x37dc0x43b4S0x36ee	[0x43b4, nil]
0x37da0x43b4S0x36ee	[0x43b4, nil]
0x37d90x43b4S0x36ee	[0x43b4, nil]
0x37d80x43b4S0x36ee	[0x43b4, nil]
0x37d50x43b4S0x36ee	[0x43b4, nil]
0x37d20x43b4S0x36ee	[0x43b4, nil]
0x37d00x43b4S0x36ee	[0x43b4, nil]
0x37ce0x43b4S0x36ee	[0x43b4, nil]
0x37940x43b4S0x36ee	[0x43b4, nil]
0x37930x43b4S0x36ee	[0x43b4, nil]
0x4ff8S0x44f0S0x36ee	[0x43b4, [0x4fea, nil]]
0x4febS0x44f0S0x36ee	[0x43b4, [0x4fea, nil]]
0x4fedS0x44f0S0x36ee	[0x43b4, [0x4fea, nil]]
0x4ff1S0x44f0S0x36ee	[0x43b4, [0x4fea, nil]]
0x4ff2S0x44f0S0x36ee	[0x43b4, [0x4fea, nil]]
0x4ff3S0x44f0S0x36ee	[0x43b4, [0x4fea, nil]]
0x4ff4S0x44f0S0x36ee	[0x43b4, [0x4fea, nil]]
0x4ffeS0x44f0S0x36ee	[0x43b4, [0x4fea, nil]]
0x4fffS0x44f0S0x36ee	[0x43b4, [0x4fea, nil]]
0x5003S0x44f0S0x36ee	[0x43b4, [0x4fea, nil]]
0x4904S0x4ffcS0x44f0S0x36ee	[0x43b4, [0x4fea, [0x48f3, nil]]]
0x48f4S0x4ffcS0x44f0S0x36ee	[0x43b4, [0x4fea, [0x48f3, nil]]]
0x48f6S0x4ffcS0x44f0S0x36ee	[0x43b4, [0x4fea, [0x48f3, nil]]]
0x48f8S0x4ffcS0x44f0S0x36ee	[0x43b4, [0x4fea, [0x48f3, nil]]]
0x48faS0x4ffcS0x44f0S0x36ee	[0x43b4, [0x4fea, [0x48f3, nil]]]
0x48fbS0x4ffcS0x44f0S0x36ee	[0x43b4, [0x4fea, [0x48f3, nil]]]
0x48fdS0x4ffcS0x44f0S0x36ee	[0x43b4, [0x4fea, [0x48f3, nil]]]
0x48ffS0x4ffcS0x44f0S0x36ee	[0x43b4, [0x4fea, [0x48f3, nil]]]
0x4900S0x4ffcS0x44f0S0x36ee	[0x43b4, [0x4fea, [0x48f3, nil]]]
0x4ff8S0x37ea0x43b4S0x36ee	[0x43b4, [0x4fea, nil]]
0x4febS0x37ea0x43b4S0x36ee	[0x43b4, [0x4fea, nil]]
0x4fedS0x37ea0x43b4S0x36ee	[0x43b4, [0x4fea, nil]]
0x4ff1S0x37ea0x43b4S0x36ee	[0x43b4, [0x4fea, nil]]
0x4ff2S0x37ea0x43b4S0x36ee	[0x43b4, [0x4fea, nil]]
0x4ff3S0x37ea0x43b4S0x36ee	[0x43b4, [0x4fea, nil]]
0x4ff4S0x37ea0x43b4S0x36ee	[0x43b4, [0x4fea, nil]]
0x4ffeS0x37ea0x43b4S0x36ee	[0x43b4, [0x4fea, nil]]
0x4fffS0x37ea0x43b4S0x36ee	[0x43b4, [0x4fea, nil]]
0x5003S0x37ea0x43b4S0x36ee	[0x43b4, [0x4fea, nil]]
0x4904S0x4ffcS0x37ea0x43b4S0x36ee	[0x43b4, [0x4fea, [0x48f3, nil]]]
0x48f4S0x4ffcS0x37ea0x43b4S0x36ee	[0x43b4, [0x4fea, [0x48f3, nil]]]
0x48f6S0x4ffcS0x37ea0x43b4S0x36ee	[0x43b4, [0x4fea, [0x48f3, nil]]]
0x48f8S0x4ffcS0x37ea0x43b4S0x36ee	[0x43b4, [0x4fea, [0x48f3, nil]]]
0x48faS0x4ffcS0x37ea0x43b4S0x36ee	[0x43b4, [0x4fea, [0x48f3, nil]]]
0x48fbS0x4ffcS0x37ea0x43b4S0x36ee	[0x43b4, [0x4fea, [0x48f3, nil]]]
0x48fdS0x4ffcS0x37ea0x43b4S0x36ee	[0x43b4, [0x4fea, [0x48f3, nil]]]
0x48ffS0x4ffcS0x37ea0x43b4S0x36ee	[0x43b4, [0x4fea, [0x48f3, nil]]]
0x4900S0x4ffcS0x37ea0x43b4S0x36ee	[0x43b4, [0x4fea, [0x48f3, nil]]]
0x4b65S0x4f06	[0x4b58, nil]
0x4b99S0x4f06	[0x4b58, nil]
0x4bbbS0x4f06	[0x4b58, nil]
0x4bcdS0x4f06	[0x4b58, nil]
0x4b6bS0x4f06	[0x4b58, nil]
0x4b6cS0x4f06	[0x4b58, nil]
0x4b6eS0x4f06	[0x4b58, nil]
0x4b71S0x4f06	[0x4b58, nil]
0x4b75S0x4f06	[0x4b58, nil]
0x4b82S0x4f06	[0x4b58, nil]
0x4b87S0x4f06	[0x4b58, nil]
0x4b89S0x4f06	[0x4b58, nil]
0x4b8bS0x4f06	[0x4b58, nil]
0x4b8fS0x4f06	[0x4b58, nil]
0x4b93S0x4f06	[0x4b58, nil]
0x4b94S0x4f06	[0x4b58, nil]
0x4b95S0x4f06	[0x4b58, nil]
0x100465S0x4f06	[0x4b58, nil]
0x4ba0S0x4f06	[0x4b58, nil]
0x3c230S0x4f06	[0x4b58, nil]
0x4bc2S0x4f06	[0x4b58, nil]
0x4bc3S0x4f06	[0x4b58, nil]
0x4bc6S0x4f06	[0x4b58, nil]
0x4bc8S0x4f06	[0x4b58, nil]
0x4bc9S0x4f06	[0x4b58, nil]
0x4bd3S0x4f06	[0x4b58, nil]
0x4bd9S0x4f06	[0x4b58, nil]
0x4bdaS0x4f06	[0x4b58, nil]
0x4bdbS0x4f06	[0x4b58, nil]
0x4bdeS0x4f06	[0x4b58, nil]
0x4bdfS0x4f06	[0x4b58, nil]
0x4be9S0x4f06	[0x4b58, nil]
0x4becS0x4f06	[0x4b58, nil]
0x4bedS0x4f06	[0x4b58, nil]
0x4be3_0x2S0x4f06	[0x4b58, nil]
0x4be3_0x4S0x4f06	[0x4b58, nil]
0x4ba4S0x4f06	[0x4b58, nil]
0x4ba5S0x4f06	[0x4b58, nil]
0x4ba6S0x4f06	[0x4b58, nil]
0x4ba1_0x0S0x4f06	[0x4b58, nil]
0x4b59S0x4f06	[0x4b58, nil]
0x4b5cS0x4f06	[0x4b58, nil]
0x4b5fS0x4f06	[0x4b58, nil]
0x4b60S0x4f06	[0x4b58, nil]
0x4b61S0x4f06	[0x4b58, nil]
0x4babS0x4f06	[0x4b58, nil]
0x4bacS0x4f06	[0x4b58, nil]
0x4baeS0x4f06	[0x4b58, nil]
0x4bb0S0x4f06	[0x4b58, nil]
0x4bb2S0x4f06	[0x4b58, nil]
0x4bb3S0x4f06	[0x4b58, nil]
0x4bb5S0x4f06	[0x4b58, nil]
0x4bb6S0x4f06	[0x4b58, nil]
0x4bb7S0x4f06	[0x4b58, nil]
0x4baa_0x0S0x4f06	[0x4b58, nil]
0x4acfS0x100464S0x4f06	[0x4b58, [0x4aae, nil]]
0x4ad2S0x100464S0x4f06	[0x4b58, [0x4aae, nil]]
0x4ad7S0x100464S0x4f06	[0x4b58, [0x4aae, nil]]
0xc1adS0x100464S0x4f06	[0x4b58, [0x4aae, nil]]
0xc1b2S0x100464S0x4f06	[0x4b58, [0x4aae, nil]]
0xc1b4S0x100464S0x4f06	[0x4b58, [0x4aae, nil]]
0xc1b5S0x100464S0x4f06	[0x4b58, [0x4aae, nil]]
0xc1b8S0x100464S0x4f06	[0x4b58, [0x4aae, nil]]
0xc1baS0x100464S0x4f06	[0x4b58, [0x4aae, nil]]
0xc1bdS0x100464S0x4f06	[0x4b58, [0x4aae, nil]]
0xc1bfS0x100464S0x4f06	[0x4b58, [0x4aae, nil]]
0x4aafS0x100464S0x4f06	[0x4b58, [0x4aae, nil]]
0x4ab1S0x100464S0x4f06	[0x4b58, [0x4aae, nil]]
0x4ab2S0x100464S0x4f06	[0x4b58, [0x4aae, nil]]
0x4ab5S0x100464S0x4f06	[0x4b58, [0x4aae, nil]]
0x4ab6S0x100464S0x4f06	[0x4b58, [0x4aae, nil]]
0x4ab8S0x100464S0x4f06	[0x4b58, [0x4aae, nil]]
0x4ab9S0x100464S0x4f06	[0x4b58, [0x4aae, nil]]
0x4abbS0x100464S0x4f06	[0x4b58, [0x4aae, nil]]
0x4abcS0x100464S0x4f06	[0x4b58, [0x4aae, nil]]
0x4abeS0x100464S0x4f06	[0x4b58, [0x4aae, nil]]
0x4ac0S0x100464S0x4f06	[0x4b58, [0x4aae, nil]]
0x4ac2S0x100464S0x4f06	[0x4b58, [0x4aae, nil]]
0x4ac3S0x100464S0x4f06	[0x4b58, [0x4aae, nil]]
0x4ac5S0x100464S0x4f06	[0x4b58, [0x4aae, nil]]
0x4ac8S0x100464S0x4f06	[0x4b58, [0x4aae, nil]]
0x4ac9S0x100464S0x4f06	[0x4b58, [0x4aae, nil]]
0x4acaS0x100464S0x4f06	[0x4b58, [0x4aae, nil]]
0x4acbS0x100464S0x4f06	[0x4b58, [0x4aae, nil]]
0x4af0S0x4b69S0x4f06	[0x4b58, [0x4ade, nil]]
0x4af3S0x4b69S0x4f06	[0x4b58, [0x4ade, nil]]
0x4af9S0x4b69S0x4f06	[0x4b58, [0x4ade, nil]]
0x4afbS0x4b69S0x4f06	[0x4b58, [0x4ade, nil]]
0x4afcS0x4b69S0x4f06	[0x4b58, [0x4ade, nil]]
0x4afeS0x4b69S0x4f06	[0x4b58, [0x4ade, nil]]
0xc1e2S0x4b69S0x4f06	[0x4b58, [0x4ade, nil]]
0xc1e7S0x4b69S0x4f06	[0x4b58, [0x4ade, nil]]
0xc1e9S0x4b69S0x4f06	[0x4b58, [0x4ade, nil]]
0xc1eaS0x4b69S0x4f06	[0x4b58, [0x4ade, nil]]
0xc1edS0x4b69S0x4f06	[0x4b58, [0x4ade, nil]]
0xc1efS0x4b69S0x4f06	[0x4b58, [0x4ade, nil]]
0xc1f2S0x4b69S0x4f06	[0x4b58, [0x4ade, nil]]
0xc1f4S0x4b69S0x4f06	[0x4b58, [0x4ade, nil]]
0x4adfS0x4b69S0x4f06	[0x4b58, [0x4ade, nil]]
0x4ae1S0x4b69S0x4f06	[0x4b58, [0x4ade, nil]]
0x4ae3S0x4b69S0x4f06	[0x4b58, [0x4ade, nil]]
0x4ae5S0x4b69S0x4f06	[0x4b58, [0x4ade, nil]]
0x4ae7S0x4b69S0x4f06	[0x4b58, [0x4ade, nil]]
0x4ae8S0x4b69S0x4f06	[0x4b58, [0x4ade, nil]]
0x4aeaS0x4b69S0x4f06	[0x4b58, [0x4ade, nil]]
0x4aebS0x4b69S0x4f06	[0x4b58, [0x4ade, nil]]
0x4aecS0x4b69S0x4f06	[0x4b58, [0x4ade, nil]]
0x4b13S0x4bd2S0x4f06	[0x4b58, [0x4b01, nil]]
0x4b16S0x4bd2S0x4f06	[0x4b58, [0x4b01, nil]]
0x4b3dS0x4bd2S0x4f06	[0x4b58, [0x4b01, nil]]
0x4b1bS0x4bd2S0x4f06	[0x4b58, [0x4b01, nil]]
0x4b1eS0x4bd2S0x4f06	[0x4b58, [0x4b01, nil]]
0x4b21S0x4bd2S0x4f06	[0x4b58, [0x4b01, nil]]
0x4b22S0x4bd2S0x4f06	[0x4b58, [0x4b01, nil]]
0x4b24S0x4bd2S0x4f06	[0x4b58, [0x4b01, nil]]
0x4b25S0x4bd2S0x4f06	[0x4b58, [0x4b01, nil]]
0x4b26S0x4bd2S0x4f06	[0x4b58, [0x4b01, nil]]
0x4b28S0x4bd2S0x4f06	[0x4b58, [0x4b01, nil]]
0x4b29S0x4bd2S0x4f06	[0x4b58, [0x4b01, nil]]
0xc217S0x4bd2S0x4f06	[0x4b58, [0x4b01, nil]]
0xc21cS0x4bd2S0x4f06	[0x4b58, [0x4b01, nil]]
0xc21eS0x4bd2S0x4f06	[0x4b58, [0x4b01, nil]]
0xc21fS0x4bd2S0x4f06	[0x4b58, [0x4b01, nil]]
0xc222S0x4bd2S0x4f06	[0x4b58, [0x4b01, nil]]
0xc224S0x4bd2S0x4f06	[0x4b58, [0x4b01, nil]]
0xc227S0x4bd2S0x4f06	[0x4b58, [0x4b01, nil]]
0xc229S0x4bd2S0x4f06	[0x4b58, [0x4b01, nil]]
0x4b36S0x4bd2S0x4f06	[0x4b58, [0x4b01, nil]]
0x4b37S0x4bd2S0x4f06	[0x4b58, [0x4b01, nil]]
0x4b38S0x4bd2S0x4f06	[0x4b58, [0x4b01, nil]]
0x4b39S0x4bd2S0x4f06	[0x4b58, [0x4b01, nil]]
0x4b44S0x4bd2S0x4f06	[0x4b58, [0x4b01, nil]]
0x4b47S0x4bd2S0x4f06	[0x4b58, [0x4b01, nil]]
0x4b49S0x4bd2S0x4f06	[0x4b58, [0x4b01, nil]]
0x4b4bS0x4bd2S0x4f06	[0x4b58, [0x4b01, nil]]
0x4b4fS0x4bd2S0x4f06	[0x4b58, [0x4b01, nil]]
0x4b50S0x4bd2S0x4f06	[0x4b58, [0x4b01, nil]]
0x4b02S0x4bd2S0x4f06	[0x4b58, [0x4b01, nil]]
0x4b04S0x4bd2S0x4f06	[0x4b58, [0x4b01, nil]]
0x4b06S0x4bd2S0x4f06	[0x4b58, [0x4b01, nil]]
0x4b08S0x4bd2S0x4f06	[0x4b58, [0x4b01, nil]]
0x4b0aS0x4bd2S0x4f06	[0x4b58, [0x4b01, nil]]
0x4b0bS0x4bd2S0x4f06	[0x4b58, [0x4b01, nil]]
0x4b0dS0x4bd2S0x4f06	[0x4b58, [0x4b01, nil]]
0x4b0eS0x4bd2S0x4f06	[0x4b58, [0x4b01, nil]]
0x4b0fS0x4bd2S0x4f06	[0x4b58, [0x4b01, nil]]
0x4acfS0x4b1aS0x4bd2S0x4f06	[0x4b58, [0x4b01, [0x4aae, nil]]]
0x4ad2S0x4b1aS0x4bd2S0x4f06	[0x4b58, [0x4b01, [0x4aae, nil]]]
0x4ad7S0x4b1aS0x4bd2S0x4f06	[0x4b58, [0x4b01, [0x4aae, nil]]]
0xc1adS0x4b1aS0x4bd2S0x4f06	[0x4b58, [0x4b01, [0x4aae, nil]]]
0xc1b2S0x4b1aS0x4bd2S0x4f06	[0x4b58, [0x4b01, [0x4aae, nil]]]
0xc1b4S0x4b1aS0x4bd2S0x4f06	[0x4b58, [0x4b01, [0x4aae, nil]]]
0xc1b5S0x4b1aS0x4bd2S0x4f06	[0x4b58, [0x4b01, [0x4aae, nil]]]
0xc1b8S0x4b1aS0x4bd2S0x4f06	[0x4b58, [0x4b01, [0x4aae, nil]]]
0xc1baS0x4b1aS0x4bd2S0x4f06	[0x4b58, [0x4b01, [0x4aae, nil]]]
0xc1bdS0x4b1aS0x4bd2S0x4f06	[0x4b58, [0x4b01, [0x4aae, nil]]]
0xc1bfS0x4b1aS0x4bd2S0x4f06	[0x4b58, [0x4b01, [0x4aae, nil]]]
0x4aafS0x4b1aS0x4bd2S0x4f06	[0x4b58, [0x4b01, [0x4aae, nil]]]
0x4ab1S0x4b1aS0x4bd2S0x4f06	[0x4b58, [0x4b01, [0x4aae, nil]]]
0x4ab2S0x4b1aS0x4bd2S0x4f06	[0x4b58, [0x4b01, [0x4aae, nil]]]
0x4ab5S0x4b1aS0x4bd2S0x4f06	[0x4b58, [0x4b01, [0x4aae, nil]]]
0x4ab6S0x4b1aS0x4bd2S0x4f06	[0x4b58, [0x4b01, [0x4aae, nil]]]
0x4ab8S0x4b1aS0x4bd2S0x4f06	[0x4b58, [0x4b01, [0x4aae, nil]]]
0x4ab9S0x4b1aS0x4bd2S0x4f06	[0x4b58, [0x4b01, [0x4aae, nil]]]
0x4abbS0x4b1aS0x4bd2S0x4f06	[0x4b58, [0x4b01, [0x4aae, nil]]]
0x4abcS0x4b1aS0x4bd2S0x4f06	[0x4b58, [0x4b01, [0x4aae, nil]]]
0x4abeS0x4b1aS0x4bd2S0x4f06	[0x4b58, [0x4b01, [0x4aae, nil]]]
0x4ac0S0x4b1aS0x4bd2S0x4f06	[0x4b58, [0x4b01, [0x4aae, nil]]]
0x4ac2S0x4b1aS0x4bd2S0x4f06	[0x4b58, [0x4b01, [0x4aae, nil]]]
0x4ac3S0x4b1aS0x4bd2S0x4f06	[0x4b58, [0x4b01, [0x4aae, nil]]]
0x4ac5S0x4b1aS0x4bd2S0x4f06	[0x4b58, [0x4b01, [0x4aae, nil]]]
0x4ac8S0x4b1aS0x4bd2S0x4f06	[0x4b58, [0x4b01, [0x4aae, nil]]]
0x4ac9S0x4b1aS0x4bd2S0x4f06	[0x4b58, [0x4b01, [0x4aae, nil]]]
0x4acaS0x4b1aS0x4bd2S0x4f06	[0x4b58, [0x4b01, [0x4aae, nil]]]
0x4acbS0x4b1aS0x4bd2S0x4f06	[0x4b58, [0x4b01, [0x4aae, nil]]]
0x9520x8fbS0x3fd	[0x8fb, nil]
0x9500x8fbS0x3fd	[0x8fb, nil]
0x94e0x8fbS0x3fd	[0x8fb, nil]
0x94a0x8fbS0x3fd	[0x8fb, nil]
0x9490x8fbS0x3fd	[0x8fb, nil]
0x9480x8fbS0x3fd	[0x8fb, nil]
0x9430x8fbS0x3fd	[0x8fb, nil]
0x8fcS0x3fd	[0x8fb, nil]
0x8ffS0x3fd	[0x8fb, nil]
0x900S0x3fd	[0x8fb, nil]
0x904S0x3fd	[0x8fb, nil]
0x907S0x3fd	[0x8fb, nil]
0xff292S0x3fd	[0x8fb, nil]
0xff294S0x3fd	[0x8fb, nil]
0xff295S0x3fd	[0x8fb, nil]
0xff299S0x3fd	[0x8fb, nil]
0xff29aS0x3fd	[0x8fb, nil]
0xff29bS0x3fd	[0x8fb, nil]
0xff29dS0x3fd	[0x8fb, nil]
0xff29eS0x3fd	[0x8fb, nil]
0xff2a0S0x3fd	[0x8fb, nil]
0xff2a3S0x3fd	[0x8fb, nil]
0xff2a4S0x3fd	[0x8fb, nil]
0xff2aeS0x3fd	[0x8fb, nil]
0xff2b0S0x3fd	[0x8fb, nil]
0xff2b3S0x3fd	[0x8fb, nil]
0xff2b4S0x3fd	[0x8fb, nil]
0xff2b8S0x3fd	[0x8fb, nil]
0xff2bbS0x3fd	[0x8fb, nil]
0x1d8300x8fbS0x3fd	[0x8fb, nil]
0x97f0x8fbS0x3fd	[0x8fb, nil]
0x97d0x8fbS0x3fd	[0x8fb, nil]
0x97b0x8fbS0x3fd	[0x8fb, nil]
0x97a0x8fbS0x3fd	[0x8fb, nil]
0x1ce300x8fbS0x3fd	[0x8fb, nil]
0x9620x8fbS0x3fd	[0x8fb, nil]
0x9600x8fbS0x3fd	[0x8fb, nil]
0x95e0x8fbS0x3fd	[0x8fb, nil]
0x95b0x8fbS0x3fd	[0x8fb, nil]
0x9580x8fbS0x3fd	[0x8fb, nil]
0x9740x8fbS0x3fd	[0x8fb, nil]
0x9640x8fb_0x0S0x3fd	[0x8fb, nil]
0x9640x8fb_0x1S0x3fd	[0x8fb, nil]
0x9730x8fbS0x3fd	[0x8fb, nil]
0x9700x8fbS0x3fd	[0x8fb, nil]
0x96e0x8fbS0x3fd	[0x8fb, nil]
0x96c0x8fbS0x3fd	[0x8fb, nil]
0x96a0x8fbS0x3fd	[0x8fb, nil]
0x9660x8fbS0x3fd	[0x8fb, nil]
0x93f0x8fbS0x3fd	[0x8fb, nil]
0x93e0x8fbS0x3fd	[0x8fb, nil]
0x93c0x8fbS0x3fd	[0x8fb, nil]
0x9370x8fbS0x3fd	[0x8fb, nil]
0x9360x8fbS0x3fd	[0x8fb, nil]
0x4c10S0x47c	[0x4bfc, nil]
0x4c3eS0x47c	[0x4bfc, nil]
0x4c63S0x47c	[0x4bfc, nil]
0x4bfdS0x47c	[0x4bfc, nil]
0x4c00S0x47c	[0x4bfc, nil]
0x4c03S0x47c	[0x4bfc, nil]
0x4c05S0x47c	[0x4bfc, nil]
0x4c09S0x47c	[0x4bfc, nil]
0x4c0aS0x47c	[0x4bfc, nil]
0x4c0bS0x47c	[0x4bfc, nil]
0x4c0cS0x47c	[0x4bfc, nil]
0x4c16S0x47c	[0x4bfc, nil]
0x4c19S0x47c	[0x4bfc, nil]
0x4c1cS0x47c	[0x4bfc, nil]
0x4c1dS0x47c	[0x4bfc, nil]
0x4c1eS0x47c	[0x4bfc, nil]
0x4c22S0x47c	[0x4bfc, nil]
0x4c29S0x47c	[0x4bfc, nil]
0x4c2cS0x47c	[0x4bfc, nil]
0x4c2dS0x47c	[0x4bfc, nil]
0x4c2eS0x47c	[0x4bfc, nil]
0x4c30S0x47c	[0x4bfc, nil]
0x4c32S0x47c	[0x4bfc, nil]
0x4c34S0x47c	[0x4bfc, nil]
0x4c35S0x47c	[0x4bfc, nil]
0x4c38S0x47c	[0x4bfc, nil]
0x4c39S0x47c	[0x4bfc, nil]
0x4c3aS0x47c	[0x4bfc, nil]
0x4c43S0x47c	[0x4bfc, nil]
0x4c49S0x47c	[0x4bfc, nil]
0x4c4aS0x47c	[0x4bfc, nil]
0x4c54S0x47c	[0x4bfc, nil]
0x4c57S0x47c	[0x4bfc, nil]
0x4c58S0x47c	[0x4bfc, nil]
0x4c5dS0x47c	[0x4bfc, nil]
0x4c5eS0x47c	[0x4bfc, nil]
0x4c5fS0x47c	[0x4bfc, nil]
0x4c69S0x47c	[0x4bfc, nil]
0x4c6fS0x47c	[0x4bfc, nil]
0x4c70S0x47c	[0x4bfc, nil]
0x49dcS0x4c14S0x47c	[0x4bfc, [0x49d1, nil]]
0x49d2S0x4c14S0x47c	[0x4bfc, [0x49d1, nil]]
0x49d5S0x4c14S0x47c	[0x4bfc, [0x49d1, nil]]
0x49d7S0x4c14S0x47c	[0x4bfc, [0x49d1, nil]]
0x49d8S0x4c14S0x47c	[0x4bfc, [0x49d1, nil]]
0x49eeS0x4c42S0x47c	[0x4bfc, [0x49e0, nil]]
0x4a05S0x4c42S0x47c	[0x4bfc, [0x49e0, nil]]
0x4a20S0x4c42S0x47c	[0x4bfc, [0x49e0, nil]]
0x49f5S0x4c42S0x47c	[0x4bfc, [0x49e0, nil]]
0x49f6S0x4c42S0x47c	[0x4bfc, [0x49e0, nil]]
0x49f8S0x4c42S0x47c	[0x4bfc, [0x49e0, nil]]
0x49faS0x4c42S0x47c	[0x4bfc, [0x49e0, nil]]
0x49fcS0x4c42S0x47c	[0x4bfc, [0x49e0, nil]]
0x49fdS0x4c42S0x47c	[0x4bfc, [0x49e0, nil]]
0x49ffS0x4c42S0x47c	[0x4bfc, [0x49e0, nil]]
0x4a00S0x4c42S0x47c	[0x4bfc, [0x49e0, nil]]
0x4a01S0x4c42S0x47c	[0x4bfc, [0x49e0, nil]]
0x4a0aS0x4c42S0x47c	[0x4bfc, [0x49e0, nil]]
0x4a0dS0x4c42S0x47c	[0x4bfc, [0x49e0, nil]]
0x4a11S0x4c42S0x47c	[0x4bfc, [0x49e0, nil]]
0x4a14S0x4c42S0x47c	[0x4bfc, [0x49e0, nil]]
0x4a16S0x4c42S0x47c	[0x4bfc, [0x49e0, nil]]
0x4a18S0x4c42S0x47c	[0x4bfc, [0x49e0, nil]]
0x4a19S0x4c42S0x47c	[0x4bfc, [0x49e0, nil]]
0x4a1aS0x4c42S0x47c	[0x4bfc, [0x49e0, nil]]
0x4a1bS0x4c42S0x47c	[0x4bfc, [0x49e0, nil]]
0x4a1cS0x4c42S0x47c	[0x4bfc, [0x49e0, nil]]
0x49e1S0x4c42S0x47c	[0x4bfc, [0x49e0, nil]]
0x49e5S0x4c42S0x47c	[0x4bfc, [0x49e0, nil]]
0x49e8S0x4c42S0x47c	[0x4bfc, [0x49e0, nil]]
0x49e9S0x4c42S0x47c	[0x4bfc, [0x49e0, nil]]
0x49eaS0x4c42S0x47c	[0x4bfc, [0x49e0, nil]]
0x4b65S0x4c67S0x47c	[0x4bfc, [0x4b58, nil]]
0x4b99S0x4c67S0x47c	[0x4bfc, [0x4b58, nil]]
0x4bbbS0x4c67S0x47c	[0x4bfc, [0x4b58, nil]]
0x4bcdS0x4c67S0x47c	[0x4bfc, [0x4b58, nil]]
0x4b6bS0x4c67S0x47c	[0x4bfc, [0x4b58, nil]]
0x4b6cS0x4c67S0x47c	[0x4bfc, [0x4b58, nil]]
0x4b6eS0x4c67S0x47c	[0x4bfc, [0x4b58, nil]]
0x4b71S0x4c67S0x47c	[0x4bfc, [0x4b58, nil]]
0x4b75S0x4c67S0x47c	[0x4bfc, [0x4b58, nil]]
0x4b82S0x4c67S0x47c	[0x4bfc, [0x4b58, nil]]
0x4b87S0x4c67S0x47c	[0x4bfc, [0x4b58, nil]]
0x4b89S0x4c67S0x47c	[0x4bfc, [0x4b58, nil]]
0x4b8bS0x4c67S0x47c	[0x4bfc, [0x4b58, nil]]
0x4b8fS0x4c67S0x47c	[0x4bfc, [0x4b58, nil]]
0x4b93S0x4c67S0x47c	[0x4bfc, [0x4b58, nil]]
0x4b94S0x4c67S0x47c	[0x4bfc, [0x4b58, nil]]
0x4b95S0x4c67S0x47c	[0x4bfc, [0x4b58, nil]]
0x100465S0x4c67S0x47c	[0x4bfc, [0x4b58, nil]]
0x4ba0S0x4c67S0x47c	[0x4bfc, [0x4b58, nil]]
0x3c230S0x4c67S0x47c	[0x4bfc, [0x4b58, nil]]
0x4bc2S0x4c67S0x47c	[0x4bfc, [0x4b58, nil]]
0x4bc3S0x4c67S0x47c	[0x4bfc, [0x4b58, nil]]
0x4bc6S0x4c67S0x47c	[0x4bfc, [0x4b58, nil]]
0x4bc8S0x4c67S0x47c	[0x4bfc, [0x4b58, nil]]
0x4bc9S0x4c67S0x47c	[0x4bfc, [0x4b58, nil]]
0x4bd3S0x4c67S0x47c	[0x4bfc, [0x4b58, nil]]
0x4bd9S0x4c67S0x47c	[0x4bfc, [0x4b58, nil]]
0x4bdaS0x4c67S0x47c	[0x4bfc, [0x4b58, nil]]
0x4bdbS0x4c67S0x47c	[0x4bfc, [0x4b58, nil]]
0x4bdeS0x4c67S0x47c	[0x4bfc, [0x4b58, nil]]
0x4bdfS0x4c67S0x47c	[0x4bfc, [0x4b58, nil]]
0x4be9S0x4c67S0x47c	[0x4bfc, [0x4b58, nil]]
0x4becS0x4c67S0x47c	[0x4bfc, [0x4b58, nil]]
0x4bedS0x4c67S0x47c	[0x4bfc, [0x4b58, nil]]
0x4be3_0x2S0x4c67S0x47c	[0x4bfc, [0x4b58, nil]]
0x4be3_0x4S0x4c67S0x47c	[0x4bfc, [0x4b58, nil]]
0x4ba4S0x4c67S0x47c	[0x4bfc, [0x4b58, nil]]
0x4ba5S0x4c67S0x47c	[0x4bfc, [0x4b58, nil]]
0x4ba6S0x4c67S0x47c	[0x4bfc, [0x4b58, nil]]
0x4ba1_0x0S0x4c67S0x47c	[0x4bfc, [0x4b58, nil]]
0x4b59S0x4c67S0x47c	[0x4bfc, [0x4b58, nil]]
0x4b5cS0x4c67S0x47c	[0x4bfc, [0x4b58, nil]]
0x4b5fS0x4c67S0x47c	[0x4bfc, [0x4b58, nil]]
0x4b60S0x4c67S0x47c	[0x4bfc, [0x4b58, nil]]
0x4b61S0x4c67S0x47c	[0x4bfc, [0x4b58, nil]]
0x4babS0x4c67S0x47c	[0x4bfc, [0x4b58, nil]]
0x4bacS0x4c67S0x47c	[0x4bfc, [0x4b58, nil]]
0x4baeS0x4c67S0x47c	[0x4bfc, [0x4b58, nil]]
0x4bb0S0x4c67S0x47c	[0x4bfc, [0x4b58, nil]]
0x4bb2S0x4c67S0x47c	[0x4bfc, [0x4b58, nil]]
0x4bb3S0x4c67S0x47c	[0x4bfc, [0x4b58, nil]]
0x4bb5S0x4c67S0x47c	[0x4bfc, [0x4b58, nil]]
0x4bb6S0x4c67S0x47c	[0x4bfc, [0x4b58, nil]]
0x4bb7S0x4c67S0x47c	[0x4bfc, [0x4b58, nil]]
0x4baa_0x0S0x4c67S0x47c	[0x4bfc, [0x4b58, nil]]
0x4acfS0x100464S0x4c67S0x47c	[0x4bfc, [0x4b58, [0x4aae, nil]]]
0x4ad2S0x100464S0x4c67S0x47c	[0x4bfc, [0x4b58, [0x4aae, nil]]]
0x4ad7S0x100464S0x4c67S0x47c	[0x4bfc, [0x4b58, [0x4aae, nil]]]
0xc1adS0x100464S0x4c67S0x47c	[0x4bfc, [0x4b58, [0x4aae, nil]]]
0xc1b2S0x100464S0x4c67S0x47c	[0x4bfc, [0x4b58, [0x4aae, nil]]]
0xc1b4S0x100464S0x4c67S0x47c	[0x4bfc, [0x4b58, [0x4aae, nil]]]
0xc1b5S0x100464S0x4c67S0x47c	[0x4bfc, [0x4b58, [0x4aae, nil]]]
0xc1b8S0x100464S0x4c67S0x47c	[0x4bfc, [0x4b58, [0x4aae, nil]]]
0xc1baS0x100464S0x4c67S0x47c	[0x4bfc, [0x4b58, [0x4aae, nil]]]
0xc1bdS0x100464S0x4c67S0x47c	[0x4bfc, [0x4b58, [0x4aae, nil]]]
0xc1bfS0x100464S0x4c67S0x47c	[0x4bfc, [0x4b58, [0x4aae, nil]]]
0x4aafS0x100464S0x4c67S0x47c	[0x4bfc, [0x4b58, [0x4aae, nil]]]
0x4ab1S0x100464S0x4c67S0x47c	[0x4bfc, [0x4b58, [0x4aae, nil]]]
0x4ab2S0x100464S0x4c67S0x47c	[0x4bfc, [0x4b58, [0x4aae, nil]]]
0x4ab5S0x100464S0x4c67S0x47c	[0x4bfc, [0x4b58, [0x4aae, nil]]]
0x4ab6S0x100464S0x4c67S0x47c	[0x4bfc, [0x4b58, [0x4aae, nil]]]
0x4ab8S0x100464S0x4c67S0x47c	[0x4bfc, [0x4b58, [0x4aae, nil]]]
0x4ab9S0x100464S0x4c67S0x47c	[0x4bfc, [0x4b58, [0x4aae, nil]]]
0x4abbS0x100464S0x4c67S0x47c	[0x4bfc, [0x4b58, [0x4aae, nil]]]
0x4abcS0x100464S0x4c67S0x47c	[0x4bfc, [0x4b58, [0x4aae, nil]]]
0x4abeS0x100464S0x4c67S0x47c	[0x4bfc, [0x4b58, [0x4aae, nil]]]
0x4ac0S0x100464S0x4c67S0x47c	[0x4bfc, [0x4b58, [0x4aae, nil]]]
0x4ac2S0x100464S0x4c67S0x47c	[0x4bfc, [0x4b58, [0x4aae, nil]]]
0x4ac3S0x100464S0x4c67S0x47c	[0x4bfc, [0x4b58, [0x4aae, nil]]]
0x4ac5S0x100464S0x4c67S0x47c	[0x4bfc, [0x4b58, [0x4aae, nil]]]
0x4ac8S0x100464S0x4c67S0x47c	[0x4bfc, [0x4b58, [0x4aae, nil]]]
0x4ac9S0x100464S0x4c67S0x47c	[0x4bfc, [0x4b58, [0x4aae, nil]]]
0x4acaS0x100464S0x4c67S0x47c	[0x4bfc, [0x4b58, [0x4aae, nil]]]
0x4acbS0x100464S0x4c67S0x47c	[0x4bfc, [0x4b58, [0x4aae, nil]]]
0x4af0S0x4b69S0x4c67S0x47c	[0x4bfc, [0x4b58, [0x4ade, nil]]]
0x4af3S0x4b69S0x4c67S0x47c	[0x4bfc, [0x4b58, [0x4ade, nil]]]
0x4af9S0x4b69S0x4c67S0x47c	[0x4bfc, [0x4b58, [0x4ade, nil]]]
0x4afbS0x4b69S0x4c67S0x47c	[0x4bfc, [0x4b58, [0x4ade, nil]]]
0x4afcS0x4b69S0x4c67S0x47c	[0x4bfc, [0x4b58, [0x4ade, nil]]]
0x4afeS0x4b69S0x4c67S0x47c	[0x4bfc, [0x4b58, [0x4ade, nil]]]
0xc1e2S0x4b69S0x4c67S0x47c	[0x4bfc, [0x4b58, [0x4ade, nil]]]
0xc1e7S0x4b69S0x4c67S0x47c	[0x4bfc, [0x4b58, [0x4ade, nil]]]
0xc1e9S0x4b69S0x4c67S0x47c	[0x4bfc, [0x4b58, [0x4ade, nil]]]
0xc1eaS0x4b69S0x4c67S0x47c	[0x4bfc, [0x4b58, [0x4ade, nil]]]
0xc1edS0x4b69S0x4c67S0x47c	[0x4bfc, [0x4b58, [0x4ade, nil]]]
0xc1efS0x4b69S0x4c67S0x47c	[0x4bfc, [0x4b58, [0x4ade, nil]]]
0xc1f2S0x4b69S0x4c67S0x47c	[0x4bfc, [0x4b58, [0x4ade, nil]]]
0xc1f4S0x4b69S0x4c67S0x47c	[0x4bfc, [0x4b58, [0x4ade, nil]]]
0x4adfS0x4b69S0x4c67S0x47c	[0x4bfc, [0x4b58, [0x4ade, nil]]]
0x4ae1S0x4b69S0x4c67S0x47c	[0x4bfc, [0x4b58, [0x4ade, nil]]]
0x4ae3S0x4b69S0x4c67S0x47c	[0x4bfc, [0x4b58, [0x4ade, nil]]]
0x4ae5S0x4b69S0x4c67S0x47c	[0x4bfc, [0x4b58, [0x4ade, nil]]]
0x4ae7S0x4b69S0x4c67S0x47c	[0x4bfc, [0x4b58, [0x4ade, nil]]]
0x4ae8S0x4b69S0x4c67S0x47c	[0x4bfc, [0x4b58, [0x4ade, nil]]]
0x4aeaS0x4b69S0x4c67S0x47c	[0x4bfc, [0x4b58, [0x4ade, nil]]]
0x4aebS0x4b69S0x4c67S0x47c	[0x4bfc, [0x4b58, [0x4ade, nil]]]
0x4aecS0x4b69S0x4c67S0x47c	[0x4bfc, [0x4b58, [0x4ade, nil]]]
0x4b13S0x4bd2S0x4c67S0x47c	[0x4bfc, [0x4b58, [0x4b01, nil]]]
0x4b16S0x4bd2S0x4c67S0x47c	[0x4bfc, [0x4b58, [0x4b01, nil]]]
0x4b3dS0x4bd2S0x4c67S0x47c	[0x4bfc, [0x4b58, [0x4b01, nil]]]
0x4b1bS0x4bd2S0x4c67S0x47c	[0x4bfc, [0x4b58, [0x4b01, nil]]]
0x4b1eS0x4bd2S0x4c67S0x47c	[0x4bfc, [0x4b58, [0x4b01, nil]]]
0x4b21S0x4bd2S0x4c67S0x47c	[0x4bfc, [0x4b58, [0x4b01, nil]]]
0x4b22S0x4bd2S0x4c67S0x47c	[0x4bfc, [0x4b58, [0x4b01, nil]]]
0x4b24S0x4bd2S0x4c67S0x47c	[0x4bfc, [0x4b58, [0x4b01, nil]]]
0x4b25S0x4bd2S0x4c67S0x47c	[0x4bfc, [0x4b58, [0x4b01, nil]]]
0x4b26S0x4bd2S0x4c67S0x47c	[0x4bfc, [0x4b58, [0x4b01, nil]]]
0x4b28S0x4bd2S0x4c67S0x47c	[0x4bfc, [0x4b58, [0x4b01, nil]]]
0x4b29S0x4bd2S0x4c67S0x47c	[0x4bfc, [0x4b58, [0x4b01, nil]]]
0xc217S0x4bd2S0x4c67S0x47c	[0x4bfc, [0x4b58, [0x4b01, nil]]]
0xc21cS0x4bd2S0x4c67S0x47c	[0x4bfc, [0x4b58, [0x4b01, nil]]]
0xc21eS0x4bd2S0x4c67S0x47c	[0x4bfc, [0x4b58, [0x4b01, nil]]]
0xc21fS0x4bd2S0x4c67S0x47c	[0x4bfc, [0x4b58, [0x4b01, nil]]]
0xc222S0x4bd2S0x4c67S0x47c	[0x4bfc, [0x4b58, [0x4b01, nil]]]
0xc224S0x4bd2S0x4c67S0x47c	[0x4bfc, [0x4b58, [0x4b01, nil]]]
0xc227S0x4bd2S0x4c67S0x47c	[0x4bfc, [0x4b58, [0x4b01, nil]]]
0xc229S0x4bd2S0x4c67S0x47c	[0x4bfc, [0x4b58, [0x4b01, nil]]]
0x4b36S0x4bd2S0x4c67S0x47c	[0x4bfc, [0x4b58, [0x4b01, nil]]]
0x4b37S0x4bd2S0x4c67S0x47c	[0x4bfc, [0x4b58, [0x4b01, nil]]]
0x4b38S0x4bd2S0x4c67S0x47c	[0x4bfc, [0x4b58, [0x4b01, nil]]]
0x4b39S0x4bd2S0x4c67S0x47c	[0x4bfc, [0x4b58, [0x4b01, nil]]]
0x4b44S0x4bd2S0x4c67S0x47c	[0x4bfc, [0x4b58, [0x4b01, nil]]]
0x4b47S0x4bd2S0x4c67S0x47c	[0x4bfc, [0x4b58, [0x4b01, nil]]]
0x4b49S0x4bd2S0x4c67S0x47c	[0x4bfc, [0x4b58, [0x4b01, nil]]]
0x4b4bS0x4bd2S0x4c67S0x47c	[0x4bfc, [0x4b58, [0x4b01, nil]]]
0x4b4fS0x4bd2S0x4c67S0x47c	[0x4bfc, [0x4b58, [0x4b01, nil]]]
0x4b50S0x4bd2S0x4c67S0x47c	[0x4bfc, [0x4b58, [0x4b01, nil]]]
0x4b02S0x4bd2S0x4c67S0x47c	[0x4bfc, [0x4b58, [0x4b01, nil]]]
0x4b04S0x4bd2S0x4c67S0x47c	[0x4bfc, [0x4b58, [0x4b01, nil]]]
0x4b06S0x4bd2S0x4c67S0x47c	[0x4bfc, [0x4b58, [0x4b01, nil]]]
0x4b08S0x4bd2S0x4c67S0x47c	[0x4bfc, [0x4b58, [0x4b01, nil]]]
0x4b0aS0x4bd2S0x4c67S0x47c	[0x4bfc, [0x4b58, [0x4b01, nil]]]
0x4b0bS0x4bd2S0x4c67S0x47c	[0x4bfc, [0x4b58, [0x4b01, nil]]]
0x4b0dS0x4bd2S0x4c67S0x47c	[0x4bfc, [0x4b58, [0x4b01, nil]]]
0x4b0eS0x4bd2S0x4c67S0x47c	[0x4bfc, [0x4b58, [0x4b01, nil]]]
0x4b0fS0x4bd2S0x4c67S0x47c	[0x4bfc, [0x4b58, [0x4b01, nil]]]
0x4acfS0x4b1aS0x4bd2S0x4c67S0x47c	[0x4bfc, [0x4b58, [0x4b01, [0x4aae, nil]]]]
0x4ad2S0x4b1aS0x4bd2S0x4c67S0x47c	[0x4bfc, [0x4b58, [0x4b01, [0x4aae, nil]]]]
0x4ad7S0x4b1aS0x4bd2S0x4c67S0x47c	[0x4bfc, [0x4b58, [0x4b01, [0x4aae, nil]]]]
0xc1adS0x4b1aS0x4bd2S0x4c67S0x47c	[0x4bfc, [0x4b58, [0x4b01, [0x4aae, nil]]]]
0xc1b2S0x4b1aS0x4bd2S0x4c67S0x47c	[0x4bfc, [0x4b58, [0x4b01, [0x4aae, nil]]]]
0xc1b4S0x4b1aS0x4bd2S0x4c67S0x47c	[0x4bfc, [0x4b58, [0x4b01, [0x4aae, nil]]]]
0xc1b5S0x4b1aS0x4bd2S0x4c67S0x47c	[0x4bfc, [0x4b58, [0x4b01, [0x4aae, nil]]]]
0xc1b8S0x4b1aS0x4bd2S0x4c67S0x47c	[0x4bfc, [0x4b58, [0x4b01, [0x4aae, nil]]]]
0xc1baS0x4b1aS0x4bd2S0x4c67S0x47c	[0x4bfc, [0x4b58, [0x4b01, [0x4aae, nil]]]]
0xc1bdS0x4b1aS0x4bd2S0x4c67S0x47c	[0x4bfc, [0x4b58, [0x4b01, [0x4aae, nil]]]]
0xc1bfS0x4b1aS0x4bd2S0x4c67S0x47c	[0x4bfc, [0x4b58, [0x4b01, [0x4aae, nil]]]]
0x4aafS0x4b1aS0x4bd2S0x4c67S0x47c	[0x4bfc, [0x4b58, [0x4b01, [0x4aae, nil]]]]
0x4ab1S0x4b1aS0x4bd2S0x4c67S0x47c	[0x4bfc, [0x4b58, [0x4b01, [0x4aae, nil]]]]
0x4ab2S0x4b1aS0x4bd2S0x4c67S0x47c	[0x4bfc, [0x4b58, [0x4b01, [0x4aae, nil]]]]
0x4ab5S0x4b1aS0x4bd2S0x4c67S0x47c	[0x4bfc, [0x4b58, [0x4b01, [0x4aae, nil]]]]
0x4ab6S0x4b1aS0x4bd2S0x4c67S0x47c	[0x4bfc, [0x4b58, [0x4b01, [0x4aae, nil]]]]
0x4ab8S0x4b1aS0x4bd2S0x4c67S0x47c	[0x4bfc, [0x4b58, [0x4b01, [0x4aae, nil]]]]
0x4ab9S0x4b1aS0x4bd2S0x4c67S0x47c	[0x4bfc, [0x4b58, [0x4b01, [0x4aae, nil]]]]
0x4abbS0x4b1aS0x4bd2S0x4c67S0x47c	[0x4bfc, [0x4b58, [0x4b01, [0x4aae, nil]]]]
0x4abcS0x4b1aS0x4bd2S0x4c67S0x47c	[0x4bfc, [0x4b58, [0x4b01, [0x4aae, nil]]]]
0x4abeS0x4b1aS0x4bd2S0x4c67S0x47c	[0x4bfc, [0x4b58, [0x4b01, [0x4aae, nil]]]]
0x4ac0S0x4b1aS0x4bd2S0x4c67S0x47c	[0x4bfc, [0x4b58, [0x4b01, [0x4aae, nil]]]]
0x4ac2S0x4b1aS0x4bd2S0x4c67S0x47c	[0x4bfc, [0x4b58, [0x4b01, [0x4aae, nil]]]]
0x4ac3S0x4b1aS0x4bd2S0x4c67S0x47c	[0x4bfc, [0x4b58, [0x4b01, [0x4aae, nil]]]]
0x4ac5S0x4b1aS0x4bd2S0x4c67S0x47c	[0x4bfc, [0x4b58, [0x4b01, [0x4aae, nil]]]]
0x4ac8S0x4b1aS0x4bd2S0x4c67S0x47c	[0x4bfc, [0x4b58, [0x4b01, [0x4aae, nil]]]]
0x4ac9S0x4b1aS0x4bd2S0x4c67S0x47c	[0x4bfc, [0x4b58, [0x4b01, [0x4aae, nil]]]]
0x4acaS0x4b1aS0x4bd2S0x4c67S0x47c	[0x4bfc, [0x4b58, [0x4b01, [0x4aae, nil]]]]
0x4acbS0x4b1aS0x4bd2S0x4c67S0x47c	[0x4bfc, [0x4b58, [0x4b01, [0x4aae, nil]]]]
0x9520xc07S0x5e7	[0xc07, nil]
0x9500xc07S0x5e7	[0xc07, nil]
0x94e0xc07S0x5e7	[0xc07, nil]
0x94a0xc07S0x5e7	[0xc07, nil]
0x9490xc07S0x5e7	[0xc07, nil]
0x9480xc07S0x5e7	[0xc07, nil]
0x9430xc07S0x5e7	[0xc07, nil]
0xc08S0x5e7	[0xc07, nil]
0xc0aS0x5e7	[0xc07, nil]
0xc0dS0x5e7	[0xc07, nil]
0xc12S0x5e7	[0xc07, nil]
0xc15S0x5e7	[0xc07, nil]
0xc17S0x5e7	[0xc07, nil]
0xc18S0x5e7	[0xc07, nil]
0xc1cS0x5e7	[0xc07, nil]
0xc1fS0x5e7	[0xc07, nil]
0xff4b0S0x5e7	[0xc07, nil]
0xff4b2S0x5e7	[0xc07, nil]
0xff4b3S0x5e7	[0xc07, nil]
0xff4b7S0x5e7	[0xc07, nil]
0xff4b8S0x5e7	[0xc07, nil]
0xff4b9S0x5e7	[0xc07, nil]
0xff4bbS0x5e7	[0xc07, nil]
0xff4bcS0x5e7	[0xc07, nil]
0xff4beS0x5e7	[0xc07, nil]
0xff4c1S0x5e7	[0xc07, nil]
0xff4c2S0x5e7	[0xc07, nil]
0xff4ccS0x5e7	[0xc07, nil]
0xff4ceS0x5e7	[0xc07, nil]
0xff4d1S0x5e7	[0xc07, nil]
0xff4d2S0x5e7	[0xc07, nil]
0xff4d6S0x5e7	[0xc07, nil]
0xff4d9S0x5e7	[0xc07, nil]
0x1d8300xc07S0x5e7	[0xc07, nil]
0x97f0xc07S0x5e7	[0xc07, nil]
0x97d0xc07S0x5e7	[0xc07, nil]
0x97b0xc07S0x5e7	[0xc07, nil]
0x97a0xc07S0x5e7	[0xc07, nil]
0x1ce300xc07S0x5e7	[0xc07, nil]
0x9620xc07S0x5e7	[0xc07, nil]
0x9600xc07S0x5e7	[0xc07, nil]
0x95e0xc07S0x5e7	[0xc07, nil]
0x95b0xc07S0x5e7	[0xc07, nil]
0x9580xc07S0x5e7	[0xc07, nil]
0x9740xc07S0x5e7	[0xc07, nil]
0x9640xc07_0x0S0x5e7	[0xc07, nil]
0x9640xc07_0x1S0x5e7	[0xc07, nil]
0x9730xc07S0x5e7	[0xc07, nil]
0x9700xc07S0x5e7	[0xc07, nil]
0x96e0xc07S0x5e7	[0xc07, nil]
0x96c0xc07S0x5e7	[0xc07, nil]
0x96a0xc07S0x5e7	[0xc07, nil]
0x9660xc07S0x5e7	[0xc07, nil]
0x93f0xc07S0x5e7	[0xc07, nil]
0x93e0xc07S0x5e7	[0xc07, nil]
0x93c0xc07S0x5e7	[0xc07, nil]
0x9370xc07S0x5e7	[0xc07, nil]
0x9360xc07S0x5e7	[0xc07, nil]
0x16f2S0x11c4	[0x16e3, nil]
0x16f6S0x11c4	[0x16e3, nil]
0x16e4S0x11c4	[0x16e3, nil]
0x16e9S0x11c4	[0x16e3, nil]
0x16eeS0x11c4	[0x16e3, nil]
0x16fbS0x11c4	[0x16e3, nil]
0x16ffS0x11c4	[0x16e3, nil]
0x1701S0x11c4	[0x16e3, nil]
0x1704S0x11c4	[0x16e3, nil]
0x1706S0x11c4	[0x16e3, nil]
0x1708S0x11c4	[0x16e3, nil]
0x1709S0x11c4	[0x16e3, nil]
0x170bS0x11c4	[0x16e3, nil]
0x170cS0x11c4	[0x16e3, nil]
0x1712S0x11c4	[0x16e3, nil]
0x1717S0x11c4	[0x16e3, nil]
0x171aS0x11c4	[0x16e3, nil]
0x171bS0x11c4	[0x16e3, nil]
0x171dS0x11c4	[0x16e3, nil]
0x1720S0x11c4	[0x16e3, nil]
0x1721S0x11c4	[0x16e3, nil]
0x1728S0x11c4	[0x16e3, nil]
0x172cS0x11c4	[0x16e3, nil]
0x172eS0x11c4	[0x16e3, nil]
0x1731S0x11c4	[0x16e3, nil]
0x1735S0x11c4	[0x16e3, nil]
0x1737S0x11c4	[0x16e3, nil]
0x1738S0x11c4	[0x16e3, nil]
0x5220S0x11c4	[0x16e3, nil]
0x5243S0x11c4	[0x16e3, nil]
0x5246S0x11c4	[0x16e3, nil]
0x5247S0x11c4	[0x16e3, nil]
0x524bS0x11c4	[0x16e3, nil]
0x524eS0x11c4	[0x16e3, nil]
0x524fS0x11c4	[0x16e3, nil]
0x5252S0x11c4	[0x16e3, nil]
0x5253S0x11c4	[0x16e3, nil]
0xff93eS0x11c4	[0x16e3, nil]
0xff940S0x11c4	[0x16e3, nil]
0xff943S0x11c4	[0x16e3, nil]
0x5258S0x11c4	[0x16e3, nil]
0x526aS0x11c4	[0x16e3, nil]
0x526cS0x11c4	[0x16e3, nil]
0x526dS0x11c4	[0x16e3, nil]
0x5271S0x11c4	[0x16e3, nil]
0x5274S0x11c4	[0x16e3, nil]
0x5277S0x11c4	[0x16e3, nil]
0x5278S0x11c4	[0x16e3, nil]
0x527cS0x11c4	[0x16e3, nil]
0x527fS0x11c4	[0x16e3, nil]
0x5280S0x11c4	[0x16e3, nil]
0x5283S0x11c4	[0x16e3, nil]
0x5284S0x11c4	[0x16e3, nil]
0x5289S0x11c4	[0x16e3, nil]
0x528aS0x11c4	[0x16e3, nil]
0x528cS0x11c4	[0x16e3, nil]
0x2090S0x16f2S0x11c4	[0x16e3, [0x208f, nil]]
0x2092S0x16f2S0x11c4	[0x16e3, [0x208f, nil]]
0x2095S0x16f2S0x11c4	[0x16e3, [0x208f, nil]]
0x2097S0x16f2S0x11c4	[0x16e3, [0x208f, nil]]
0x2099S0x16f2S0x11c4	[0x16e3, [0x208f, nil]]
0x209bS0x16f2S0x11c4	[0x16e3, [0x208f, nil]]
0x209cS0x16f2S0x11c4	[0x16e3, [0x208f, nil]]
0x209eS0x16f2S0x11c4	[0x16e3, [0x208f, nil]]
0x209fS0x16f2S0x11c4	[0x16e3, [0x208f, nil]]
0x24630S0x16f2S0x11c4	[0x16e3, [0x208f, nil]]
0x24650S0x16f2S0x11c4	[0x16e3, [0x208f, nil]]
0xbb2S0x16e3S0x11c4	[0x16e3, [0xbb1, nil]]
0xbb7S0x16e3S0x11c4	[0x16e3, [0xbb1, nil]]
0xbb9S0x16e3S0x11c4	[0x16e3, [0xbb1, nil]]
0xbbeS0x16e3S0x11c4	[0x16e3, [0xbb1, nil]]
0xbc2S0x16e3S0x11c4	[0x16e3, [0xbb1, nil]]
0xbc3S0x16e3S0x11c4	[0x16e3, [0xbb1, nil]]
0xbc5S0x16e3S0x11c4	[0x16e3, [0xbb1, nil]]
0xbc7S0x16e3S0x11c4	[0x16e3, [0xbb1, nil]]
0xbc9S0x16e3S0x11c4	[0x16e3, [0xbb1, nil]]
0xbcaS0x16e3S0x11c4	[0x16e3, [0xbb1, nil]]
0xbceS0x16e3S0x11c4	[0x16e3, [0xbb1, nil]]
0xbd5S0x16e3S0x11c4	[0x16e3, [0xbb1, nil]]
0xbd6S0x16e3S0x11c4	[0x16e3, [0xbb1, nil]]
0xbd7S0x16e3S0x11c4	[0x16e3, [0xbb1, nil]]
0xbd9S0x16e3S0x11c4	[0x16e3, [0xbb1, nil]]
0x498cS0x521fS0x11c4	[0x16e3, [0x496e, nil]]
0x498fS0x521fS0x11c4	[0x16e3, [0x496e, nil]]
0x4974S0x521fS0x11c4	[0x16e3, [0x496e, nil]]
0x4975S0x521fS0x11c4	[0x16e3, [0x496e, nil]]
0x4976S0x521fS0x11c4	[0x16e3, [0x496e, nil]]
0x4971_0x0S0x521fS0x11c4	[0x16e3, [0x496e, nil]]
0x496fS0x521fS0x11c4	[0x16e3, [0x496e, nil]]
0x3b830S0x521fS0x11c4	[0x16e3, [0x496e, nil]]
0x497cS0x521fS0x11c4	[0x16e3, [0x496e, nil]]
0x497dS0x521fS0x11c4	[0x16e3, [0x496e, nil]]
0x4980S0x521fS0x11c4	[0x16e3, [0x496e, nil]]
0x4982S0x521fS0x11c4	[0x16e3, [0x496e, nil]]
0x4984S0x521fS0x11c4	[0x16e3, [0x496e, nil]]
0x4985S0x521fS0x11c4	[0x16e3, [0x496e, nil]]
0x497a_0x0S0x521fS0x11c4	[0x16e3, [0x496e, nil]]
0x498cS0x5257S0x11c4	[0x16e3, [0x496e, nil]]
0x498fS0x5257S0x11c4	[0x16e3, [0x496e, nil]]
0x4974S0x5257S0x11c4	[0x16e3, [0x496e, nil]]
0x4975S0x5257S0x11c4	[0x16e3, [0x496e, nil]]
0x4976S0x5257S0x11c4	[0x16e3, [0x496e, nil]]
0x4971_0x0S0x5257S0x11c4	[0x16e3, [0x496e, nil]]
0x496fS0x5257S0x11c4	[0x16e3, [0x496e, nil]]
0x3b830S0x5257S0x11c4	[0x16e3, [0x496e, nil]]
0x497cS0x5257S0x11c4	[0x16e3, [0x496e, nil]]
0x497dS0x5257S0x11c4	[0x16e3, [0x496e, nil]]
0x4980S0x5257S0x11c4	[0x16e3, [0x496e, nil]]
0x4982S0x5257S0x11c4	[0x16e3, [0x496e, nil]]
0x4984S0x5257S0x11c4	[0x16e3, [0x496e, nil]]
0x4985S0x5257S0x11c4	[0x16e3, [0x496e, nil]]
0x497a_0x0S0x5257S0x11c4	[0x16e3, [0x496e, nil]]
0x49bfS0x1716S0x11c4	[0x16e3, [0x49be, nil]]
0x49c3S0x1716S0x11c4	[0x16e3, [0x49be, nil]]
0x49c5S0x1716S0x11c4	[0x16e3, [0x49be, nil]]
0x49c8S0x1716S0x11c4	[0x16e3, [0x49be, nil]]
0x49cbS0x1716S0x11c4	[0x16e3, [0x49be, nil]]
0x49cdS0x1716S0x11c4	[0x16e3, [0x49be, nil]]
0x49abS0x49beS0x1716S0x11c4	[0x16e3, [0x49be, [0x4992, nil]]]
0x49adS0x49beS0x1716S0x11c4	[0x16e3, [0x49be, [0x4992, nil]]]
0x49aeS0x49beS0x1716S0x11c4	[0x16e3, [0x49be, [0x4992, nil]]]
0x49b0S0x49beS0x1716S0x11c4	[0x16e3, [0x49be, [0x4992, nil]]]
0x49b1S0x49beS0x1716S0x11c4	[0x16e3, [0x49be, [0x4992, nil]]]
0x49b5S0x49beS0x1716S0x11c4	[0x16e3, [0x49be, [0x4992, nil]]]
0x49b6S0x49beS0x1716S0x11c4	[0x16e3, [0x49be, [0x4992, nil]]]
0x49b8S0x49beS0x1716S0x11c4	[0x16e3, [0x49be, [0x4992, nil]]]
0x4993S0x49beS0x1716S0x11c4	[0x16e3, [0x49be, [0x4992, nil]]]
0x4996S0x49beS0x1716S0x11c4	[0x16e3, [0x49be, [0x4992, nil]]]
0x499aS0x49beS0x1716S0x11c4	[0x16e3, [0x49be, [0x4992, nil]]]
0x499eS0x49beS0x1716S0x11c4	[0x16e3, [0x49be, [0x4992, nil]]]
0x49a1S0x49beS0x1716S0x11c4	[0x16e3, [0x49be, [0x4992, nil]]]
0x49a2S0x49beS0x1716S0x11c4	[0x16e3, [0x49be, [0x4992, nil]]]
0x49a5S0x49beS0x1716S0x11c4	[0x16e3, [0x49be, [0x4992, nil]]]
0x49a6S0x49beS0x1716S0x11c4	[0x16e3, [0x49be, [0x4992, nil]]]
0x498cS0x4992S0x49beS0x1716S0x11c4	[0x16e3, [0x49be, [0x4992, [0x496e, nil]]]]
0x498fS0x4992S0x49beS0x1716S0x11c4	[0x16e3, [0x49be, [0x4992, [0x496e, nil]]]]
0x4974S0x4992S0x49beS0x1716S0x11c4	[0x16e3, [0x49be, [0x4992, [0x496e, nil]]]]
0x4975S0x4992S0x49beS0x1716S0x11c4	[0x16e3, [0x49be, [0x4992, [0x496e, nil]]]]
0x4976S0x4992S0x49beS0x1716S0x11c4	[0x16e3, [0x49be, [0x4992, [0x496e, nil]]]]
0x4971_0x0S0x4992S0x49beS0x1716S0x11c4	[0x16e3, [0x49be, [0x4992, [0x496e, nil]]]]
0x496fS0x4992S0x49beS0x1716S0x11c4	[0x16e3, [0x49be, [0x4992, [0x496e, nil]]]]
0x3b830S0x4992S0x49beS0x1716S0x11c4	[0x16e3, [0x49be, [0x4992, [0x496e, nil]]]]
0x497cS0x4992S0x49beS0x1716S0x11c4	[0x16e3, [0x49be, [0x4992, [0x496e, nil]]]]
0x497dS0x4992S0x49beS0x1716S0x11c4	[0x16e3, [0x49be, [0x4992, [0x496e, nil]]]]
0x4980S0x4992S0x49beS0x1716S0x11c4	[0x16e3, [0x49be, [0x4992, [0x496e, nil]]]]
0x4982S0x4992S0x49beS0x1716S0x11c4	[0x16e3, [0x49be, [0x4992, [0x496e, nil]]]]
0x4984S0x4992S0x49beS0x1716S0x11c4	[0x16e3, [0x49be, [0x4992, [0x496e, nil]]]]
0x4985S0x4992S0x49beS0x1716S0x11c4	[0x16e3, [0x49be, [0x4992, [0x496e, nil]]]]
0x497a_0x0S0x4992S0x49beS0x1716S0x11c4	[0x16e3, [0x49be, [0x4992, [0x496e, nil]]]]
0x7baS0x2a6	[0x7b9, nil]
0x7bcS0x2a6	[0x7b9, nil]
0x7c0S0x2a6	[0x7b9, nil]
0x7c5S0x2a6	[0x7b9, nil]
0x7c9S0x2a6	[0x7b9, nil]
0x11cfS0x2a6	[0x7b9, nil]
0x11d3S0x2a6	[0x7b9, nil]
0x11d8S0x2a6	[0x7b9, nil]
0x11dbS0x2a6	[0x7b9, nil]
0x11dcS0x2a6	[0x7b9, nil]
0x11deS0x2a6	[0x7b9, nil]
0x11e0S0x2a6	[0x7b9, nil]
0x11e2S0x2a6	[0x7b9, nil]
0x11e3S0x2a6	[0x7b9, nil]
0x11e4S0x2a6	[0x7b9, nil]
0x11e5S0x2a6	[0x7b9, nil]
0x11e6S0x2a6	[0x7b9, nil]
0x11e8S0x2a6	[0x7b9, nil]
0x11eaS0x2a6	[0x7b9, nil]
0x11ecS0x2a6	[0x7b9, nil]
0x11edS0x2a6	[0x7b9, nil]
0x11f1S0x2a6	[0x7b9, nil]
0x11f5S0x2a6	[0x7b9, nil]
0x174bS0x11ceS0x2a6	[0x7b9, [0x173c, nil]]
0x174dS0x11ceS0x2a6	[0x7b9, [0x173c, nil]]
0x174eS0x11ceS0x2a6	[0x7b9, [0x173c, nil]]
0x1752S0x11ceS0x2a6	[0x7b9, [0x173c, nil]]
0x1754S0x11ceS0x2a6	[0x7b9, [0x173c, nil]]
0x1757S0x11ceS0x2a6	[0x7b9, [0x173c, nil]]
0x1759S0x11ceS0x2a6	[0x7b9, [0x173c, nil]]
0x175cS0x11ceS0x2a6	[0x7b9, [0x173c, nil]]
0x175eS0x11ceS0x2a6	[0x7b9, [0x173c, nil]]
0x1760S0x11ceS0x2a6	[0x7b9, [0x173c, nil]]
0x1763S0x11ceS0x2a6	[0x7b9, [0x173c, nil]]
0x1765S0x11ceS0x2a6	[0x7b9, [0x173c, nil]]
0x177cS0x11ceS0x2a6	[0x7b9, [0x173c, nil]]
0x177eS0x11ceS0x2a6	[0x7b9, [0x173c, nil]]
0x177fS0x11ceS0x2a6	[0x7b9, [0x173c, nil]]
0x1782S0x11ceS0x2a6	[0x7b9, [0x173c, nil]]
0x1784S0x11ceS0x2a6	[0x7b9, [0x173c, nil]]
0x1786S0x11ceS0x2a6	[0x7b9, [0x173c, nil]]
0x1787S0x11ceS0x2a6	[0x7b9, [0x173c, nil]]
0x173dS0x11ceS0x2a6	[0x7b9, [0x173c, nil]]
0x173fS0x11ceS0x2a6	[0x7b9, [0x173c, nil]]
0x1741S0x11ceS0x2a6	[0x7b9, [0x173c, nil]]
0x1743S0x11ceS0x2a6	[0x7b9, [0x173c, nil]]
0x1744S0x11ceS0x2a6	[0x7b9, [0x173c, nil]]
0x1746S0x11ceS0x2a6	[0x7b9, [0x173c, nil]]
0x1747S0x11ceS0x2a6	[0x7b9, [0x173c, nil]]
0xb7a9S0x11ceS0x2a6	[0x7b9, [0x173c, nil]]
0xb7abS0x11ceS0x2a6	[0x7b9, [0x173c, nil]]
0xb7aeS0x11ceS0x2a6	[0x7b9, [0x173c, nil]]
0x83dS0x390	[0x83c, nil]
0x842S0x390	[0x83c, nil]
0x844S0x390	[0x83c, nil]
0x847S0x390	[0x83c, nil]
0x84aS0x390	[0x83c, nil]
0x84bS0x390	[0x83c, nil]
0x84dS0x390	[0x83c, nil]
0x84eS0x390	[0x83c, nil]
0x84fS0x390	[0x83c, nil]
0x853S0x390	[0x83c, nil]
0x858S0x390	[0x83c, nil]
0x85dS0x390	[0x83c, nil]
0x8e6S0x3e8	[0x8e5, nil]
0x8e8S0x3e8	[0x8e5, nil]
0x8ecS0x3e8	[0x8e5, nil]
0x8f1S0x3e8	[0x8e5, nil]
0x8f4S0x3e8	[0x8e5, nil]
0xaf7S0x4e6	[0xaf6, nil]
0xaf9S0x4e6	[0xaf6, nil]
0xafdS0x4e6	[0xaf6, nil]
0xb02S0x4e6	[0xaf6, nil]
0xb05S0x4e6	[0xaf6, nil]
0xc6dS0x650	[0xc35, nil]
0xc72S0x650	[0xc35, nil]
0xc74S0x650	[0xc35, nil]
0xc75S0x650	[0xc35, nil]
0xc6d_0x0S0x650	[0xc35, nil]
0xc79S0x650	[0xc35, nil]
0xc7cS0x650	[0xc35, nil]
0xca0S0x650	[0xc35, nil]
0xca3S0x650	[0xc35, nil]
0xd09S0x650	[0xc35, nil]
0xd0cS0x650	[0xc35, nil]
0xd28S0x650	[0xc35, nil]
0xd2bS0x650	[0xc35, nil]
0xc36S0x650	[0xc35, nil]
0xc57S0x650	[0xc35, nil]
0xc5bS0x650	[0xc35, nil]
0xc61S0x650	[0xc35, nil]
0xc62S0x650	[0xc35, nil]
0x1e230S0x650	[0xc35, nil]
0xc81S0x650	[0xc35, nil]
0xc83S0x650	[0xc35, nil]
0xc84S0x650	[0xc35, nil]
0xc86S0x650	[0xc35, nil]
0xc87S0x650	[0xc35, nil]
0xc88S0x650	[0xc35, nil]
0xc89S0x650	[0xc35, nil]
0xc8bS0x650	[0xc35, nil]
0xc8cS0x650	[0xc35, nil]
0xc8eS0x650	[0xc35, nil]
0xc90S0x650	[0xc35, nil]
0xc92S0x650	[0xc35, nil]
0xc93S0x650	[0xc35, nil]
0xc99S0x650	[0xc35, nil]
0xc9bS0x650	[0xc35, nil]
0xc9cS0x650	[0xc35, nil]
0xc80_0x0S0x650	[0xc35, nil]
0xc80_0x3S0x650	[0xc35, nil]
0xb595S0x650	[0xc35, nil]
0xb59aS0x650	[0xc35, nil]
0xb59cS0x650	[0xc35, nil]
0xb59dS0x650	[0xc35, nil]
0xb5a0S0x650	[0xc35, nil]
0xb5a2S0x650	[0xc35, nil]
0xb5a5S0x650	[0xc35, nil]
0xb5a7S0x650	[0xc35, nil]
0xca8S0x650	[0xc35, nil]
0xcaaS0x650	[0xc35, nil]
0xcabS0x650	[0xc35, nil]
0xcadS0x650	[0xc35, nil]
0xcaeS0x650	[0xc35, nil]
0xcafS0x650	[0xc35, nil]
0xcb0S0x650	[0xc35, nil]
0xcb2S0x650	[0xc35, nil]
0xcb3S0x650	[0xc35, nil]
0xcb4S0x650	[0xc35, nil]
0xcb6S0x650	[0xc35, nil]
0xcbbS0x650	[0xc35, nil]
0xcbdS0x650	[0xc35, nil]
0xcc1S0x650	[0xc35, nil]
0xcc3S0x650	[0xc35, nil]
0xcc4S0x650	[0xc35, nil]
0xcc6S0x650	[0xc35, nil]
0xcc7S0x650	[0xc35, nil]
0xcc9S0x650	[0xc35, nil]
0xcccS0x650	[0xc35, nil]
0xcceS0x650	[0xc35, nil]
0xcd0S0x650	[0xc35, nil]
0xcd2S0x650	[0xc35, nil]
0xcd3S0x650	[0xc35, nil]
0xcd4S0x650	[0xc35, nil]
0xcd7S0x650	[0xc35, nil]
0xcd8S0x650	[0xc35, nil]
0xcd9S0x650	[0xc35, nil]
0xcdaS0x650	[0xc35, nil]
0xcdeS0x650	[0xc35, nil]
0xd02S0x650	[0xc35, nil]
0xd04S0x650	[0xc35, nil]
0xd05S0x650	[0xc35, nil]
0xca7_0x0S0x650	[0xc35, nil]
0xca7_0x3S0x650	[0xc35, nil]
0xb5caS0x650	[0xc35, nil]
0xb5cfS0x650	[0xc35, nil]
0xb5d1S0x650	[0xc35, nil]
0xb5d2S0x650	[0xc35, nil]
0xb5d5S0x650	[0xc35, nil]
0xb5d7S0x650	[0xc35, nil]
0xb5daS0x650	[0xc35, nil]
0xb5dcS0x650	[0xc35, nil]
0xd11S0x650	[0xc35, nil]
0xd13S0x650	[0xc35, nil]
0xd14S0x650	[0xc35, nil]
0xd16S0x650	[0xc35, nil]
0xd17S0x650	[0xc35, nil]
0xd18S0x650	[0xc35, nil]
0xd19S0x650	[0xc35, nil]
0xd1bS0x650	[0xc35, nil]
0xd1cS0x650	[0xc35, nil]
0xd21S0x650	[0xc35, nil]
0xd23S0x650	[0xc35, nil]
0xd24S0x650	[0xc35, nil]
0xd10_0x0S0x650	[0xc35, nil]
0xd10_0x4S0x650	[0xc35, nil]
0xb5ffS0x650	[0xc35, nil]
0xb604S0x650	[0xc35, nil]
0xb606S0x650	[0xc35, nil]
0xb607S0x650	[0xc35, nil]
0xb60aS0x650	[0xc35, nil]
0xb60cS0x650	[0xc35, nil]
0xb60fS0x650	[0xc35, nil]
0xb611S0x650	[0xc35, nil]
0xd30S0x650	[0xc35, nil]
0xd32S0x650	[0xc35, nil]
0xd33S0x650	[0xc35, nil]
0xd35S0x650	[0xc35, nil]
0xd36S0x650	[0xc35, nil]
0xd37S0x650	[0xc35, nil]
0xd38S0x650	[0xc35, nil]
0xd3aS0x650	[0xc35, nil]
0xd3bS0x650	[0xc35, nil]
0xd3cS0x650	[0xc35, nil]
0xd3eS0x650	[0xc35, nil]
0xd3fS0x650	[0xc35, nil]
0xd46S0x650	[0xc35, nil]
0xd2f_0x0S0x650	[0xc35, nil]
0xb634S0x650	[0xc35, nil]
0xb639S0x650	[0xc35, nil]
0xb63bS0x650	[0xc35, nil]
0xb63cS0x650	[0xc35, nil]
0xb63fS0x650	[0xc35, nil]
0xb641S0x650	[0xc35, nil]
0xb644S0x650	[0xc35, nil]
0xb646S0x650	[0xc35, nil]
0xd4bS0x650	[0xc35, nil]
0xd4dS0x650	[0xc35, nil]
0xd50S0x650	[0xc35, nil]
0xd54S0x650	[0xc35, nil]
0xd58S0x650	[0xc35, nil]
0xd5bS0x650	[0xc35, nil]
0xd4a_0x3S0x650	[0xc35, nil]
0x501eS0x650	[0xc35, nil]
0x5022S0x650	[0xc35, nil]
0x5024S0x650	[0xc35, nil]
0x5027S0x650	[0xc35, nil]
0x502aS0x650	[0xc35, nil]
0x502cS0x650	[0xc35, nil]
0xd5fS0x650	[0xc35, nil]
0xc67S0x650	[0xc35, nil]
0xc68S0x650	[0xc35, nil]
0xc69S0x650	[0xc35, nil]
0xc64_0x0S0x650	[0xc35, nil]
0x5031S0x650	[0xc35, nil]
0x5034S0x650	[0xc35, nil]
0x503bS0x650	[0xc35, nil]
0x503cS0x650	[0xc35, nil]
0x503dS0x650	[0xc35, nil]
0x5041S0x650	[0xc35, nil]
0x49abS0x501dS0x650	[0xc35, [0x4992, nil]]
0x49adS0x501dS0x650	[0xc35, [0x4992, nil]]
0x49aeS0x501dS0x650	[0xc35, [0x4992, nil]]
0x49b0S0x501dS0x650	[0xc35, [0x4992, nil]]
0x49b1S0x501dS0x650	[0xc35, [0x4992, nil]]
0x49b5S0x501dS0x650	[0xc35, [0x4992, nil]]
0x49b6S0x501dS0x650	[0xc35, [0x4992, nil]]
0x49b8S0x501dS0x650	[0xc35, [0x4992, nil]]
0x4993S0x501dS0x650	[0xc35, [0x4992, nil]]
0x4996S0x501dS0x650	[0xc35, [0x4992, nil]]
0x499aS0x501dS0x650	[0xc35, [0x4992, nil]]
0x499eS0x501dS0x650	[0xc35, [0x4992, nil]]
0x49a1S0x501dS0x650	[0xc35, [0x4992, nil]]
0x49a2S0x501dS0x650	[0xc35, [0x4992, nil]]
0x49a5S0x501dS0x650	[0xc35, [0x4992, nil]]
0x49a6S0x501dS0x650	[0xc35, [0x4992, nil]]
0x498cS0x4992S0x501dS0x650	[0xc35, [0x4992, [0x496e, nil]]]
0x498fS0x4992S0x501dS0x650	[0xc35, [0x4992, [0x496e, nil]]]
0x4974S0x4992S0x501dS0x650	[0xc35, [0x4992, [0x496e, nil]]]
0x4975S0x4992S0x501dS0x650	[0xc35, [0x4992, [0x496e, nil]]]
0x4976S0x4992S0x501dS0x650	[0xc35, [0x4992, [0x496e, nil]]]
0x4971_0x0S0x4992S0x501dS0x650	[0xc35, [0x4992, [0x496e, nil]]]
0x496fS0x4992S0x501dS0x650	[0xc35, [0x4992, [0x496e, nil]]]
0x3b830S0x4992S0x501dS0x650	[0xc35, [0x4992, [0x496e, nil]]]
0x497cS0x4992S0x501dS0x650	[0xc35, [0x4992, [0x496e, nil]]]
0x497dS0x4992S0x501dS0x650	[0xc35, [0x4992, [0x496e, nil]]]
0x4980S0x4992S0x501dS0x650	[0xc35, [0x4992, [0x496e, nil]]]
0x4982S0x4992S0x501dS0x650	[0xc35, [0x4992, [0x496e, nil]]]
0x4984S0x4992S0x501dS0x650	[0xc35, [0x4992, [0x496e, nil]]]
0x4985S0x4992S0x501dS0x650	[0xc35, [0x4992, [0x496e, nil]]]
0x497a_0x0S0x4992S0x501dS0x650	[0xc35, [0x4992, [0x496e, nil]]]
0x109fS0x6f8	[0x109e, nil]
0x10a4S0x6f8	[0x109e, nil]
0x10a6S0x6f8	[0x109e, nil]
0x10a9S0x6f8	[0x109e, nil]
0x10acS0x6f8	[0x109e, nil]
0x10adS0x6f8	[0x109e, nil]
0x10afS0x6f8	[0x109e, nil]
0x10b0S0x6f8	[0x109e, nil]
0x10b1S0x6f8	[0x109e, nil]
0x10b5S0x6f8	[0x109e, nil]
0x10baS0x6f8	[0x109e, nil]
0x10bfS0x6f8	[0x109e, nil]
0x188aS0x137c	[0x1852, nil]
0x188cS0x137c	[0x1852, nil]
0x188dS0x137c	[0x1852, nil]
0x1891S0x137c	[0x1852, nil]
0x1893S0x137c	[0x1852, nil]
0x1895S0x137c	[0x1852, nil]
0x18a8S0x137c	[0x1852, nil]
0x18abS0x137c	[0x1852, nil]
0x18eaS0x137c	[0x1852, nil]
0x18ecS0x137c	[0x1852, nil]
0x1905S0x137c	[0x1852, nil]
0x1908S0x137c	[0x1852, nil]
0x1940S0x137c	[0x1852, nil]
0x1943S0x137c	[0x1852, nil]
0x196dS0x137c	[0x1852, nil]
0x1970S0x137c	[0x1852, nil]
0x1981S0x137c	[0x1852, nil]
0x1984S0x137c	[0x1852, nil]
0x19c0S0x137c	[0x1852, nil]
0x19c2S0x137c	[0x1852, nil]
0x19c3S0x137c	[0x1852, nil]
0x19c7S0x137c	[0x1852, nil]
0x19c9S0x137c	[0x1852, nil]
0x19ccS0x137c	[0x1852, nil]
0x19ceS0x137c	[0x1852, nil]
0x19cfS0x137c	[0x1852, nil]
0x19d4S0x137c	[0x1852, nil]
0x19e9S0x137c	[0x1852, nil]
0x19ecS0x137c	[0x1852, nil]
0x19f6S0x137c	[0x1852, nil]
0x19f8S0x137c	[0x1852, nil]
0x19faS0x137c	[0x1852, nil]
0x19fcS0x137c	[0x1852, nil]
0x19fdS0x137c	[0x1852, nil]
0x19ffS0x137c	[0x1852, nil]
0x1a00S0x137c	[0x1852, nil]
0x1a01S0x137c	[0x1852, nil]
0x1a05S0x137c	[0x1852, nil]
0x1a08S0x137c	[0x1852, nil]
0x1a09S0x137c	[0x1852, nil]
0x1a0bS0x137c	[0x1852, nil]
0x1a0cS0x137c	[0x1852, nil]
0x1a11S0x137c	[0x1852, nil]
0x1a13S0x137c	[0x1852, nil]
0x1a16S0x137c	[0x1852, nil]
0x1a18S0x137c	[0x1852, nil]
0x1a1aS0x137c	[0x1852, nil]
0x1a1cS0x137c	[0x1852, nil]
0x1a1dS0x137c	[0x1852, nil]
0x1a1fS0x137c	[0x1852, nil]
0x1a22S0x137c	[0x1852, nil]
0x1a27S0x137c	[0x1852, nil]
0x1a2aS0x137c	[0x1852, nil]
0x1a2cS0x137c	[0x1852, nil]
0x1a2eS0x137c	[0x1852, nil]
0x1a30S0x137c	[0x1852, nil]
0x1a31S0x137c	[0x1852, nil]
0x1a34S0x137c	[0x1852, nil]
0x1a36S0x137c	[0x1852, nil]
0x1a3cS0x137c	[0x1852, nil]
0x1a3eS0x137c	[0x1852, nil]
0x1a3fS0x137c	[0x1852, nil]
0x1a41S0x137c	[0x1852, nil]
0x1a43S0x137c	[0x1852, nil]
0x1a46S0x137c	[0x1852, nil]
0x1a49S0x137c	[0x1852, nil]
0x1a4aS0x137c	[0x1852, nil]
0x1a4bS0x137c	[0x1852, nil]
0x1a4dS0x137c	[0x1852, nil]
0x1a4eS0x137c	[0x1852, nil]
0x1a52S0x137c	[0x1852, nil]
0x1a53S0x137c	[0x1852, nil]
0x1a57S0x137c	[0x1852, nil]
0x1a58S0x137c	[0x1852, nil]
0x1aa2S0x137c	[0x1852, nil]
0x1aa5S0x137c	[0x1852, nil]
0x1b4aS0x137c	[0x1852, nil]
0x1b4bS0x137c	[0x1852, nil]
0x1b4fS0x137c	[0x1852, nil]
0x1b50S0x137c	[0x1852, nil]
0x1bc3S0x137c	[0x1852, nil]
0x1bd2S0x137c	[0x1852, nil]
0x1bd3S0x137c	[0x1852, nil]
0x1bd7S0x137c	[0x1852, nil]
0x1bd8S0x137c	[0x1852, nil]
0x1beaS0x137c	[0x1852, nil]
0x1bedS0x137c	[0x1852, nil]
0x2373S0x137c	[0x1852, nil]
0x2376S0x137c	[0x1852, nil]
0x23b1S0x137c	[0x1852, nil]
0x23b5S0x137c	[0x1852, nil]
0x23b7S0x137c	[0x1852, nil]
0x23b9S0x137c	[0x1852, nil]
0x23bbS0x137c	[0x1852, nil]
0x23bdS0x137c	[0x1852, nil]
0x23c2S0x137c	[0x1852, nil]
0x23c5S0x137c	[0x1852, nil]
0x24b3S0x137c	[0x1852, nil]
0x24b4S0x137c	[0x1852, nil]
0x24b8S0x137c	[0x1852, nil]
0x24b9S0x137c	[0x1852, nil]
0x250bS0x137c	[0x1852, nil]
0x250dS0x137c	[0x1852, nil]
0x250eS0x137c	[0x1852, nil]
0x2510S0x137c	[0x1852, nil]
0x2512S0x137c	[0x1852, nil]
0x2514S0x137c	[0x1852, nil]
0x2515S0x137c	[0x1852, nil]
0x2517S0x137c	[0x1852, nil]
0x2518S0x137c	[0x1852, nil]
0x2519S0x137c	[0x1852, nil]
0x251dS0x137c	[0x1852, nil]
0x251fS0x137c	[0x1852, nil]
0x2520S0x137c	[0x1852, nil]
0x2524S0x137c	[0x1852, nil]
0x2526S0x137c	[0x1852, nil]
0x2529S0x137c	[0x1852, nil]
0x252bS0x137c	[0x1852, nil]
0x252eS0x137c	[0x1852, nil]
0x2530S0x137c	[0x1852, nil]
0x2532S0x137c	[0x1852, nil]
0x2535S0x137c	[0x1852, nil]
0x2537S0x137c	[0x1852, nil]
0x2551S0x137c	[0x1852, nil]
0x2553S0x137c	[0x1852, nil]
0x2554S0x137c	[0x1852, nil]
0x2557S0x137c	[0x1852, nil]
0x2559S0x137c	[0x1852, nil]
0x255bS0x137c	[0x1852, nil]
0x255cS0x137c	[0x1852, nil]
0x259aS0x137c	[0x1852, nil]
0x259eS0x137c	[0x1852, nil]
0x25a0S0x137c	[0x1852, nil]
0x25a2S0x137c	[0x1852, nil]
0x25a4S0x137c	[0x1852, nil]
0x25a6S0x137c	[0x1852, nil]
0x25abS0x137c	[0x1852, nil]
0x25aeS0x137c	[0x1852, nil]
0x26b4S0x137c	[0x1852, nil]
0x26b8S0x137c	[0x1852, nil]
0x26baS0x137c	[0x1852, nil]
0x26bcS0x137c	[0x1852, nil]
0x26beS0x137c	[0x1852, nil]
0x26c0S0x137c	[0x1852, nil]
0x26c5S0x137c	[0x1852, nil]
0x27ecS0x137c	[0x1852, nil]
0x27edS0x137c	[0x1852, nil]
0x27f1S0x137c	[0x1852, nil]
0x27f2S0x137c	[0x1852, nil]
0x2845S0x137c	[0x1852, nil]
0x2847S0x137c	[0x1852, nil]
0x2848S0x137c	[0x1852, nil]
0x284aS0x137c	[0x1852, nil]
0x284cS0x137c	[0x1852, nil]
0x284eS0x137c	[0x1852, nil]
0x284fS0x137c	[0x1852, nil]
0x2851S0x137c	[0x1852, nil]
0x2852S0x137c	[0x1852, nil]
0x2853S0x137c	[0x1852, nil]
0x2857S0x137c	[0x1852, nil]
0x2859S0x137c	[0x1852, nil]
0x285aS0x137c	[0x1852, nil]
0x285eS0x137c	[0x1852, nil]
0x2860S0x137c	[0x1852, nil]
0x2863S0x137c	[0x1852, nil]
0x2865S0x137c	[0x1852, nil]
0x2868S0x137c	[0x1852, nil]
0x286aS0x137c	[0x1852, nil]
0x286cS0x137c	[0x1852, nil]
0x286fS0x137c	[0x1852, nil]
0x2871S0x137c	[0x1852, nil]
0x288bS0x137c	[0x1852, nil]
0x288dS0x137c	[0x1852, nil]
0x288eS0x137c	[0x1852, nil]
0x2891S0x137c	[0x1852, nil]
0x2893S0x137c	[0x1852, nil]
0x2895S0x137c	[0x1852, nil]
0x2896S0x137c	[0x1852, nil]
0x4a85S0x137c	[0x1852, nil]
0x4a88S0x137c	[0x1852, nil]
0x5735S0x137c	[0x1852, nil]
0x1853S0x137c	[0x1852, nil]
0x1856S0x137c	[0x1852, nil]
0x1859S0x137c	[0x1852, nil]
0x185cS0x137c	[0x1852, nil]
0x1861S0x137c	[0x1852, nil]
0x1864S0x137c	[0x1852, nil]
0x1865S0x137c	[0x1852, nil]
0x1868S0x137c	[0x1852, nil]
0x186bS0x137c	[0x1852, nil]
0x1870S0x137c	[0x1852, nil]
0x1873S0x137c	[0x1852, nil]
0x1879S0x137c	[0x1852, nil]
0x187eS0x137c	[0x1852, nil]
0x20a30S0x137c	[0x1852, nil]
0xff9f1_0x3S0x137c	[0x1852, nil]
0xff9f1_0x4S0x137c	[0x1852, nil]
0xff9f1_0x5S0x137c	[0x1852, nil]
0x1961S0x137c	[0x1852, nil]
0x1964S0x137c	[0x1852, nil]
0x1967S0x137c	[0x1852, nil]
0x1968S0x137c	[0x1852, nil]
0x1969S0x137c	[0x1852, nil]
0x1955_0x0S0x137c	[0x1852, nil]
0x18a3S0x137c	[0x1852, nil]
0x18a4S0x137c	[0x1852, nil]
0x189d_0x2S0x137c	[0x1852, nil]
0x18b2S0x137c	[0x1852, nil]
0x18b4S0x137c	[0x1852, nil]
0x18b6S0x137c	[0x1852, nil]
0x18b8S0x137c	[0x1852, nil]
0x18bdS0x137c	[0x1852, nil]
0x18af_0x0S0x137c	[0x1852, nil]
0xb7f9S0x137c	[0x1852, nil]
0xb7feS0x137c	[0x1852, nil]
0xb800S0x137c	[0x1852, nil]
0xb801S0x137c	[0x1852, nil]
0xb804S0x137c	[0x1852, nil]
0xb806S0x137c	[0x1852, nil]
0xb809S0x137c	[0x1852, nil]
0xb80bS0x137c	[0x1852, nil]
0x18c2S0x137c	[0x1852, nil]
0x18c4S0x137c	[0x1852, nil]
0x18c5S0x137c	[0x1852, nil]
0x18cbS0x137c	[0x1852, nil]
0x18d0S0x137c	[0x1852, nil]
0x18d2S0x137c	[0x1852, nil]
0x18d6S0x137c	[0x1852, nil]
0x18d8S0x137c	[0x1852, nil]
0x18d9S0x137c	[0x1852, nil]
0x18dcS0x137c	[0x1852, nil]
0x18dfS0x137c	[0x1852, nil]
0x18e2S0x137c	[0x1852, nil]
0x18e5S0x137c	[0x1852, nil]
0x18e6S0x137c	[0x1852, nil]
0x18e3_0x4S0x137c	[0x1852, nil]
0x18f3S0x137c	[0x1852, nil]
0x18f7S0x137c	[0x1852, nil]
0x18f9S0x137c	[0x1852, nil]
0x18f0_0x3S0x137c	[0x1852, nil]
0x1939S0x137c	[0x1852, nil]
0x193bS0x137c	[0x1852, nil]
0x193cS0x137c	[0x1852, nil]
0x1935_0x4S0x137c	[0x1852, nil]
0x1900S0x137c	[0x1852, nil]
0x1901S0x137c	[0x1852, nil]
0x190fS0x137c	[0x1852, nil]
0x1911S0x137c	[0x1852, nil]
0x1913S0x137c	[0x1852, nil]
0x1915S0x137c	[0x1852, nil]
0x191aS0x137c	[0x1852, nil]
0xb82eS0x137c	[0x1852, nil]
0xb833S0x137c	[0x1852, nil]
0xb835S0x137c	[0x1852, nil]
0xb836S0x137c	[0x1852, nil]
0xb839S0x137c	[0x1852, nil]
0xb83bS0x137c	[0x1852, nil]
0xb83eS0x137c	[0x1852, nil]
0xb840S0x137c	[0x1852, nil]
0x191fS0x137c	[0x1852, nil]
0x1921S0x137c	[0x1852, nil]
0x1922S0x137c	[0x1852, nil]
0x1928S0x137c	[0x1852, nil]
0x192dS0x137c	[0x1852, nil]
0x192fS0x137c	[0x1852, nil]
0x1932S0x137c	[0x1852, nil]
0x1934S0x137c	[0x1852, nil]
0x21e30S0x137c	[0x1852, nil]
0x1948S0x137c	[0x1852, nil]
0x194aS0x137c	[0x1852, nil]
0x194bS0x137c	[0x1852, nil]
0x194dS0x137c	[0x1852, nil]
0x194eS0x137c	[0x1852, nil]
0x194fS0x137c	[0x1852, nil]
0x1951S0x137c	[0x1852, nil]
0x1947_0x0S0x137c	[0x1852, nil]
0xb863S0x137c	[0x1852, nil]
0xb868S0x137c	[0x1852, nil]
0xb86aS0x137c	[0x1852, nil]
0xb86bS0x137c	[0x1852, nil]
0xb86eS0x137c	[0x1852, nil]
0xb870S0x137c	[0x1852, nil]
0xb873S0x137c	[0x1852, nil]
0xb875S0x137c	[0x1852, nil]
0x2330S0x137c	[0x1852, nil]
0x2333S0x137c	[0x1852, nil]
0x2334S0x137c	[0x1852, nil]
0x2338S0x137c	[0x1852, nil]
0x233bS0x137c	[0x1852, nil]
0x2340S0x137c	[0x1852, nil]
0x2343S0x137c	[0x1852, nil]
0x2349S0x137c	[0x1852, nil]
0x234eS0x137c	[0x1852, nil]
0x2350S0x137c	[0x1852, nil]
0x2358S0x137c	[0x1852, nil]
0x232f_0x0S0x137c	[0x1852, nil]
0x232f_0x2S0x137c	[0x1852, nil]
0x232f_0x4S0x137c	[0x1852, nil]
0x1975S0x137c	[0x1852, nil]
0x1976S0x137c	[0x1852, nil]
0x197cS0x137c	[0x1852, nil]
0x197dS0x137c	[0x1852, nil]
0x1974_0x0S0x137c	[0x1852, nil]
0x1974_0x2S0x137c	[0x1852, nil]
0xb898S0x137c	[0x1852, nil]
0xb89dS0x137c	[0x1852, nil]
0xb89fS0x137c	[0x1852, nil]
0xb8a0S0x137c	[0x1852, nil]
0xb8a3S0x137c	[0x1852, nil]
0xb8a5S0x137c	[0x1852, nil]
0xb8a8S0x137c	[0x1852, nil]
0xb8aaS0x137c	[0x1852, nil]
0x198bS0x137c	[0x1852, nil]
0x198dS0x137c	[0x1852, nil]
0x198fS0x137c	[0x1852, nil]
0x1991S0x137c	[0x1852, nil]
0x1996S0x137c	[0x1852, nil]
0x1988_0x0S0x137c	[0x1852, nil]
0xb8cdS0x137c	[0x1852, nil]
0xb8d2S0x137c	[0x1852, nil]
0xb8d4S0x137c	[0x1852, nil]
0xb8d5S0x137c	[0x1852, nil]
0xb8d8S0x137c	[0x1852, nil]
0xb8daS0x137c	[0x1852, nil]
0xb8ddS0x137c	[0x1852, nil]
0xb8dfS0x137c	[0x1852, nil]
0x199bS0x137c	[0x1852, nil]
0x199dS0x137c	[0x1852, nil]
0x199eS0x137c	[0x1852, nil]
0x19a0S0x137c	[0x1852, nil]
0x19a1S0x137c	[0x1852, nil]
0x19a7S0x137c	[0x1852, nil]
0x19acS0x137c	[0x1852, nil]
0x19aeS0x137c	[0x1852, nil]
0x19afS0x137c	[0x1852, nil]
0x19b3S0x137c	[0x1852, nil]
0x19b4S0x137c	[0x1852, nil]
0x19b8S0x137c	[0x1852, nil]
0x19bcS0x137c	[0x1852, nil]
0x5311S0x137c	[0x1852, nil]
0x531dS0x137c	[0x1852, nil]
0x531fS0x137c	[0x1852, nil]
0x5324S0x137c	[0x1852, nil]
0x5327S0x137c	[0x1852, nil]
0x5329S0x137c	[0x1852, nil]
0x533bS0x137c	[0x1852, nil]
0x533dS0x137c	[0x1852, nil]
0x533fS0x137c	[0x1852, nil]
0x5340S0x137c	[0x1852, nil]
0x5343S0x137c	[0x1852, nil]
0x5348S0x137c	[0x1852, nil]
0x534aS0x137c	[0x1852, nil]
0x19ddS0x137c	[0x1852, nil]
0x19e0S0x137c	[0x1852, nil]
0x19e3S0x137c	[0x1852, nil]
0x19e4S0x137c	[0x1852, nil]
0x19e5S0x137c	[0x1852, nil]
0x19d8_0x5S0x137c	[0x1852, nil]
0xffa1fS0x137c	[0x1852, nil]
0xffa21S0x137c	[0x1852, nil]
0xffa24S0x137c	[0x1852, nil]
0x19f1S0x137c	[0x1852, nil]
0x19f2S0x137c	[0x1852, nil]
0x19f0_0x0S0x137c	[0x1852, nil]
0xb902S0x137c	[0x1852, nil]
0xb907S0x137c	[0x1852, nil]
0xb909S0x137c	[0x1852, nil]
0xb90aS0x137c	[0x1852, nil]
0xb90dS0x137c	[0x1852, nil]
0xb90fS0x137c	[0x1852, nil]
0xb912S0x137c	[0x1852, nil]
0xb914S0x137c	[0x1852, nil]
0xffa46_0x3S0x137c	[0x1852, nil]
0xffa46_0x4S0x137c	[0x1852, nil]
0x1c22S0x137c	[0x1852, nil]
0x1c26S0x137c	[0x1852, nil]
0x1c29S0x137c	[0x1852, nil]
0x1c21_0x0S0x137c	[0x1852, nil]
0x1a60S0x137c	[0x1852, nil]
0x1a62S0x137c	[0x1852, nil]
0x1a63S0x137c	[0x1852, nil]
0x1a64S0x137c	[0x1852, nil]
0x1a66S0x137c	[0x1852, nil]
0x1a67S0x137c	[0x1852, nil]
0x1a6aS0x137c	[0x1852, nil]
0x1a6bS0x137c	[0x1852, nil]
0x1a6dS0x137c	[0x1852, nil]
0x1a6fS0x137c	[0x1852, nil]
0x1a74S0x137c	[0x1852, nil]
0x1a76S0x137c	[0x1852, nil]
0x1a7bS0x137c	[0x1852, nil]
0x1a82S0x137c	[0x1852, nil]
0x1a87S0x137c	[0x1852, nil]
0x1a8aS0x137c	[0x1852, nil]
0x1a8fS0x137c	[0x1852, nil]
0x1a90S0x137c	[0x1852, nil]
0x1a92S0x137c	[0x1852, nil]
0x1a93S0x137c	[0x1852, nil]
0x1ab6S0x137c	[0x1852, nil]
0x1ab8S0x137c	[0x1852, nil]
0x1abdS0x137c	[0x1852, nil]
0x1abfS0x137c	[0x1852, nil]
0x1ac5S0x137c	[0x1852, nil]
0x1ac7S0x137c	[0x1852, nil]
0x1ac8S0x137c	[0x1852, nil]
0x1acaS0x137c	[0x1852, nil]
0x1acbS0x137c	[0x1852, nil]
0x1ad4S0x137c	[0x1852, nil]
0x1ab5_0x1S0x137c	[0x1852, nil]
0x1aaaS0x137c	[0x1852, nil]
0x1aacS0x137c	[0x1852, nil]
0x1aadS0x137c	[0x1852, nil]
0x1aafS0x137c	[0x1852, nil]
0x1ab0S0x137c	[0x1852, nil]
0x22830S0x137c	[0x1852, nil]
0x1aa9_0x0S0x137c	[0x1852, nil]
0xb937S0x137c	[0x1852, nil]
0xb93cS0x137c	[0x1852, nil]
0xb93eS0x137c	[0x1852, nil]
0xb93fS0x137c	[0x1852, nil]
0xb942S0x137c	[0x1852, nil]
0xb944S0x137c	[0x1852, nil]
0xb947S0x137c	[0x1852, nil]
0xb949S0x137c	[0x1852, nil]
0x1ad9S0x137c	[0x1852, nil]
0x1adcS0x137c	[0x1852, nil]
0x1addS0x137c	[0x1852, nil]
0x1adfS0x137c	[0x1852, nil]
0x1ae2S0x137c	[0x1852, nil]
0x1ae3S0x137c	[0x1852, nil]
0x1ae9S0x137c	[0x1852, nil]
0x1aedS0x137c	[0x1852, nil]
0x1aefS0x137c	[0x1852, nil]
0x1af0S0x137c	[0x1852, nil]
0x1af2S0x137c	[0x1852, nil]
0x1af4S0x137c	[0x1852, nil]
0x1af6S0x137c	[0x1852, nil]
0x1af7S0x137c	[0x1852, nil]
0x1af8S0x137c	[0x1852, nil]
0x1af9S0x137c	[0x1852, nil]
0x1afbS0x137c	[0x1852, nil]
0x1afdS0x137c	[0x1852, nil]
0x1affS0x137c	[0x1852, nil]
0x1b00S0x137c	[0x1852, nil]
0x1b01S0x137c	[0x1852, nil]
0x1b04S0x137c	[0x1852, nil]
0x1b08S0x137c	[0x1852, nil]
0x1b0cS0x137c	[0x1852, nil]
0x1b0fS0x137c	[0x1852, nil]
0x1b11S0x137c	[0x1852, nil]
0x1b12S0x137c	[0x1852, nil]
0x1b17S0x137c	[0x1852, nil]
0x1b19S0x137c	[0x1852, nil]
0x1b1dS0x137c	[0x1852, nil]
0x1b21S0x137c	[0x1852, nil]
0x1b24S0x137c	[0x1852, nil]
0x1b26S0x137c	[0x1852, nil]
0x1b28S0x137c	[0x1852, nil]
0x1b2aS0x137c	[0x1852, nil]
0x1b2bS0x137c	[0x1852, nil]
0x1b2eS0x137c	[0x1852, nil]
0x1b30S0x137c	[0x1852, nil]
0x1b38S0x137c	[0x1852, nil]
0x1b3dS0x137c	[0x1852, nil]
0x1b3eS0x137c	[0x1852, nil]
0x1b41S0x137c	[0x1852, nil]
0x1b42S0x137c	[0x1852, nil]
0x1b43S0x137c	[0x1852, nil]
0x1b45S0x137c	[0x1852, nil]
0x1b46S0x137c	[0x1852, nil]
0x1b58S0x137c	[0x1852, nil]
0x1b5aS0x137c	[0x1852, nil]
0x1b5bS0x137c	[0x1852, nil]
0x1b5cS0x137c	[0x1852, nil]
0x1b5eS0x137c	[0x1852, nil]
0x1b5fS0x137c	[0x1852, nil]
0x1b62S0x137c	[0x1852, nil]
0x1b63S0x137c	[0x1852, nil]
0x1b65S0x137c	[0x1852, nil]
0x1b67S0x137c	[0x1852, nil]
0x1b6cS0x137c	[0x1852, nil]
0x1b6eS0x137c	[0x1852, nil]
0x1b73S0x137c	[0x1852, nil]
0x1b78S0x137c	[0x1852, nil]
0x1b7aS0x137c	[0x1852, nil]
0x1b7bS0x137c	[0x1852, nil]
0x1b80S0x137c	[0x1852, nil]
0x1b82S0x137c	[0x1852, nil]
0x1b88S0x137c	[0x1852, nil]
0x1b8aS0x137c	[0x1852, nil]
0x1b8cS0x137c	[0x1852, nil]
0x1b8eS0x137c	[0x1852, nil]
0x1b8fS0x137c	[0x1852, nil]
0x1b91S0x137c	[0x1852, nil]
0x1b93S0x137c	[0x1852, nil]
0x1b99S0x137c	[0x1852, nil]
0x1ba3S0x137c	[0x1852, nil]
0x1ba6S0x137c	[0x1852, nil]
0x1ba8S0x137c	[0x1852, nil]
0x1ba9S0x137c	[0x1852, nil]
0x1baeS0x137c	[0x1852, nil]
0x1bb0S0x137c	[0x1852, nil]
0x1bb2S0x137c	[0x1852, nil]
0x1bb5S0x137c	[0x1852, nil]
0x1bb7S0x137c	[0x1852, nil]
0x1bbbS0x137c	[0x1852, nil]
0x1bbcS0x137c	[0x1852, nil]
0x1bbeS0x137c	[0x1852, nil]
0x1bbfS0x137c	[0x1852, nil]
0x5492S0x137c	[0x1852, nil]
0x5496S0x137c	[0x1852, nil]
0x5498S0x137c	[0x1852, nil]
0x549bS0x137c	[0x1852, nil]
0x549eS0x137c	[0x1852, nil]
0x54a0S0x137c	[0x1852, nil]
0x1bc9S0x137c	[0x1852, nil]
0x1bcaS0x137c	[0x1852, nil]
0x1bcbS0x137c	[0x1852, nil]
0x1bcdS0x137c	[0x1852, nil]
0x1bceS0x137c	[0x1852, nil]
0x1be3S0x137c	[0x1852, nil]
0x1be5S0x137c	[0x1852, nil]
0x1be6S0x137c	[0x1852, nil]
0x1bdb_0x7S0x137c	[0x1852, nil]
0x1bf2S0x137c	[0x1852, nil]
0x1bf4S0x137c	[0x1852, nil]
0x1bf5S0x137c	[0x1852, nil]
0x1bf7S0x137c	[0x1852, nil]
0x1bf8S0x137c	[0x1852, nil]
0x1bf9S0x137c	[0x1852, nil]
0x1bfaS0x137c	[0x1852, nil]
0x1bfcS0x137c	[0x1852, nil]
0x1c01S0x137c	[0x1852, nil]
0x1c03S0x137c	[0x1852, nil]
0x1c07S0x137c	[0x1852, nil]
0x1c09S0x137c	[0x1852, nil]
0x1c0aS0x137c	[0x1852, nil]
0x1c0cS0x137c	[0x1852, nil]
0x1c0fS0x137c	[0x1852, nil]
0x1c14S0x137c	[0x1852, nil]
0x1bf1_0x0S0x137c	[0x1852, nil]
0xb96cS0x137c	[0x1852, nil]
0xb971S0x137c	[0x1852, nil]
0xb973S0x137c	[0x1852, nil]
0xb974S0x137c	[0x1852, nil]
0xb977S0x137c	[0x1852, nil]
0xb979S0x137c	[0x1852, nil]
0xb97cS0x137c	[0x1852, nil]
0xb97eS0x137c	[0x1852, nil]
0x1c1dS0x137c	[0x1852, nil]
0xffa73_0x3S0x137c	[0x1852, nil]
0xffa73_0x4S0x137c	[0x1852, nil]
0x1c2dS0x137c	[0x1852, nil]
0x1884S0x137c	[0x1852, nil]
0x1885S0x137c	[0x1852, nil]
0x1886S0x137c	[0x1852, nil]
0x1881_0x0S0x137c	[0x1852, nil]
0x2367S0x137c	[0x1852, nil]
0x236aS0x137c	[0x1852, nil]
0x236dS0x137c	[0x1852, nil]
0x236eS0x137c	[0x1852, nil]
0x236fS0x137c	[0x1852, nil]
0x237bS0x137c	[0x1852, nil]
0x237cS0x137c	[0x1852, nil]
0xbca3S0x137c	[0x1852, nil]
0xbca8S0x137c	[0x1852, nil]
0xbcaaS0x137c	[0x1852, nil]
0xbcabS0x137c	[0x1852, nil]
0xbcaeS0x137c	[0x1852, nil]
0xbcb0S0x137c	[0x1852, nil]
0xbcb3S0x137c	[0x1852, nil]
0xbcb5S0x137c	[0x1852, nil]
0x256dS0x137c	[0x1852, nil]
0x256fS0x137c	[0x1852, nil]
0x2570S0x137c	[0x1852, nil]
0x2572S0x137c	[0x1852, nil]
0x2574S0x137c	[0x1852, nil]
0x2575S0x137c	[0x1852, nil]
0x2578S0x137c	[0x1852, nil]
0x257cS0x137c	[0x1852, nil]
0x257eS0x137c	[0x1852, nil]
0x257fS0x137c	[0x1852, nil]
0x2581S0x137c	[0x1852, nil]
0x2582S0x137c	[0x1852, nil]
0x2586S0x137c	[0x1852, nil]
0x2587S0x137c	[0x1852, nil]
0x258bS0x137c	[0x1852, nil]
0x258fS0x137c	[0x1852, nil]
0x2591S0x137c	[0x1852, nil]
0x2593S0x137c	[0x1852, nil]
0x2594S0x137c	[0x1852, nil]
0x2595S0x137c	[0x1852, nil]
0x2596S0x137c	[0x1852, nil]
0x23c9S0x137c	[0x1852, nil]
0x23cbS0x137c	[0x1852, nil]
0x23cfS0x137c	[0x1852, nil]
0x23d1S0x137c	[0x1852, nil]
0x23d2S0x137c	[0x1852, nil]
0x23d3S0x137c	[0x1852, nil]
0x23d6S0x137c	[0x1852, nil]
0x23daS0x137c	[0x1852, nil]
0x23deS0x137c	[0x1852, nil]
0x23e0S0x137c	[0x1852, nil]
0x23e1S0x137c	[0x1852, nil]
0x23e3S0x137c	[0x1852, nil]
0x23e5S0x137c	[0x1852, nil]
0x23e6S0x137c	[0x1852, nil]
0x23e8S0x137c	[0x1852, nil]
0x23eaS0x137c	[0x1852, nil]
0x23ebS0x137c	[0x1852, nil]
0x23edS0x137c	[0x1852, nil]
0x23f2S0x137c	[0x1852, nil]
0x23f4S0x137c	[0x1852, nil]
0x23f6S0x137c	[0x1852, nil]
0x23f8S0x137c	[0x1852, nil]
0x23f9S0x137c	[0x1852, nil]
0x23fcS0x137c	[0x1852, nil]
0x23fdS0x137c	[0x1852, nil]
0x2400S0x137c	[0x1852, nil]
0x2405S0x137c	[0x1852, nil]
0x2406S0x137c	[0x1852, nil]
0x2409S0x137c	[0x1852, nil]
0x240bS0x137c	[0x1852, nil]
0x240eS0x137c	[0x1852, nil]
0x2413S0x137c	[0x1852, nil]
0x2416S0x137c	[0x1852, nil]
0x2417S0x137c	[0x1852, nil]
0x2418S0x137c	[0x1852, nil]
0x241cS0x137c	[0x1852, nil]
0x241eS0x137c	[0x1852, nil]
0x2421S0x137c	[0x1852, nil]
0x23f1_0xbS0x137c	[0x1852, nil]
0x2423S0x137c	[0x1852, nil]
0x2425S0x137c	[0x1852, nil]
0x2427S0x137c	[0x1852, nil]
0x2429S0x137c	[0x1852, nil]
0x242aS0x137c	[0x1852, nil]
0x242bS0x137c	[0x1852, nil]
0x242cS0x137c	[0x1852, nil]
0x242fS0x137c	[0x1852, nil]
0x2432S0x137c	[0x1852, nil]
0x2433S0x137c	[0x1852, nil]
0x2436S0x137c	[0x1852, nil]
0x2437S0x137c	[0x1852, nil]
0x2438S0x137c	[0x1852, nil]
0x243bS0x137c	[0x1852, nil]
0x243cS0x137c	[0x1852, nil]
0x243dS0x137c	[0x1852, nil]
0x2445S0x137c	[0x1852, nil]
0x244bS0x137c	[0x1852, nil]
0x244dS0x137c	[0x1852, nil]
0x244fS0x137c	[0x1852, nil]
0x2451S0x137c	[0x1852, nil]
0x2452S0x137c	[0x1852, nil]
0x2453S0x137c	[0x1852, nil]
0x2454S0x137c	[0x1852, nil]
0x245aS0x137c	[0x1852, nil]
0x245cS0x137c	[0x1852, nil]
0x245dS0x137c	[0x1852, nil]
0x245fS0x137c	[0x1852, nil]
0x2461S0x137c	[0x1852, nil]
0x2462S0x137c	[0x1852, nil]
0x2464S0x137c	[0x1852, nil]
0x2466S0x137c	[0x1852, nil]
0x2467S0x137c	[0x1852, nil]
0x2469S0x137c	[0x1852, nil]
0x246bS0x137c	[0x1852, nil]
0x246cS0x137c	[0x1852, nil]
0x246eS0x137c	[0x1852, nil]
0x2470S0x137c	[0x1852, nil]
0x2471S0x137c	[0x1852, nil]
0x2473S0x137c	[0x1852, nil]
0x2475S0x137c	[0x1852, nil]
0x2476S0x137c	[0x1852, nil]
0x2478S0x137c	[0x1852, nil]
0x247aS0x137c	[0x1852, nil]
0x247bS0x137c	[0x1852, nil]
0x247cS0x137c	[0x1852, nil]
0x247eS0x137c	[0x1852, nil]
0x2480S0x137c	[0x1852, nil]
0x2485S0x137c	[0x1852, nil]
0x2486S0x137c	[0x1852, nil]
0x2488S0x137c	[0x1852, nil]
0x248bS0x137c	[0x1852, nil]
0x248dS0x137c	[0x1852, nil]
0x248eS0x137c	[0x1852, nil]
0x2499S0x137c	[0x1852, nil]
0x249eS0x137c	[0x1852, nil]
0x24a0S0x137c	[0x1852, nil]
0x24a2S0x137c	[0x1852, nil]
0x24a5S0x137c	[0x1852, nil]
0x24a7S0x137c	[0x1852, nil]
0x24aaS0x137c	[0x1852, nil]
0x24abS0x137c	[0x1852, nil]
0x24acS0x137c	[0x1852, nil]
0x24aeS0x137c	[0x1852, nil]
0x24afS0x137c	[0x1852, nil]
0x249d_0x0S0x137c	[0x1852, nil]
0x249d_0x2S0x137c	[0x1852, nil]
0x24c1S0x137c	[0x1852, nil]
0x24c3S0x137c	[0x1852, nil]
0x24c4S0x137c	[0x1852, nil]
0x24c5S0x137c	[0x1852, nil]
0x24c7S0x137c	[0x1852, nil]
0x24c8S0x137c	[0x1852, nil]
0x24cbS0x137c	[0x1852, nil]
0x24ccS0x137c	[0x1852, nil]
0x24ceS0x137c	[0x1852, nil]
0x24d0S0x137c	[0x1852, nil]
0x24d5S0x137c	[0x1852, nil]
0x24d7S0x137c	[0x1852, nil]
0x24dcS0x137c	[0x1852, nil]
0x24e4S0x137c	[0x1852, nil]
0x24e7S0x137c	[0x1852, nil]
0x24e8S0x137c	[0x1852, nil]
0x24e9S0x137c	[0x1852, nil]
0x24ebS0x137c	[0x1852, nil]
0x24edS0x137c	[0x1852, nil]
0x24efS0x137c	[0x1852, nil]
0x24f0S0x137c	[0x1852, nil]
0x24f3S0x137c	[0x1852, nil]
0x24f4S0x137c	[0x1852, nil]
0x24f7S0x137c	[0x1852, nil]
0x24f9S0x137c	[0x1852, nil]
0x24fcS0x137c	[0x1852, nil]
0x24fdS0x137c	[0x1852, nil]
0x24feS0x137c	[0x1852, nil]
0x24ffS0x137c	[0x1852, nil]
0x2502S0x137c	[0x1852, nil]
0x2504S0x137c	[0x1852, nil]
0x2506S0x137c	[0x1852, nil]
0x2507S0x137c	[0x1852, nil]
0x24e0_0x2S0x137c	[0x1852, nil]
0xffc38S0x137c	[0x1852, nil]
0x2561S0x137c	[0x1852, nil]
0x26e30S0x137c	[0x1852, nil]
0xbcd8S0x137c	[0x1852, nil]
0xbcdaS0x137c	[0x1852, nil]
0xbcddS0x137c	[0x1852, nil]
0x2687S0x137c	[0x1852, nil]
0x2689S0x137c	[0x1852, nil]
0x268aS0x137c	[0x1852, nil]
0x268cS0x137c	[0x1852, nil]
0x268eS0x137c	[0x1852, nil]
0x268fS0x137c	[0x1852, nil]
0x2692S0x137c	[0x1852, nil]
0x2696S0x137c	[0x1852, nil]
0x2698S0x137c	[0x1852, nil]
0x2699S0x137c	[0x1852, nil]
0x269bS0x137c	[0x1852, nil]
0x269cS0x137c	[0x1852, nil]
0x26a0S0x137c	[0x1852, nil]
0x26a1S0x137c	[0x1852, nil]
0x26a5S0x137c	[0x1852, nil]
0x26a9S0x137c	[0x1852, nil]
0x26abS0x137c	[0x1852, nil]
0x26adS0x137c	[0x1852, nil]
0x26aeS0x137c	[0x1852, nil]
0x26afS0x137c	[0x1852, nil]
0x26b0S0x137c	[0x1852, nil]
0x25b2S0x137c	[0x1852, nil]
0x25b4S0x137c	[0x1852, nil]
0x25b8S0x137c	[0x1852, nil]
0x25baS0x137c	[0x1852, nil]
0x25bbS0x137c	[0x1852, nil]
0x25bcS0x137c	[0x1852, nil]
0x25bfS0x137c	[0x1852, nil]
0x25c3S0x137c	[0x1852, nil]
0x25c7S0x137c	[0x1852, nil]
0x25c9S0x137c	[0x1852, nil]
0x25caS0x137c	[0x1852, nil]
0x25ccS0x137c	[0x1852, nil]
0x25ceS0x137c	[0x1852, nil]
0x25cfS0x137c	[0x1852, nil]
0x25d1S0x137c	[0x1852, nil]
0x25d3S0x137c	[0x1852, nil]
0x25d4S0x137c	[0x1852, nil]
0x25d6S0x137c	[0x1852, nil]
0x25dbS0x137c	[0x1852, nil]
0x25ddS0x137c	[0x1852, nil]
0x25dfS0x137c	[0x1852, nil]
0x25e1S0x137c	[0x1852, nil]
0x25e2S0x137c	[0x1852, nil]
0x25e5S0x137c	[0x1852, nil]
0x25e6S0x137c	[0x1852, nil]
0x25e9S0x137c	[0x1852, nil]
0x25eeS0x137c	[0x1852, nil]
0x25efS0x137c	[0x1852, nil]
0x25f2S0x137c	[0x1852, nil]
0x25f4S0x137c	[0x1852, nil]
0x25f7S0x137c	[0x1852, nil]
0x25fcS0x137c	[0x1852, nil]
0x25ffS0x137c	[0x1852, nil]
0x2600S0x137c	[0x1852, nil]
0x2601S0x137c	[0x1852, nil]
0x2605S0x137c	[0x1852, nil]
0x2607S0x137c	[0x1852, nil]
0x260aS0x137c	[0x1852, nil]
0x25da_0xbS0x137c	[0x1852, nil]
0x260cS0x137c	[0x1852, nil]
0x260eS0x137c	[0x1852, nil]
0x2610S0x137c	[0x1852, nil]
0x2612S0x137c	[0x1852, nil]
0x2613S0x137c	[0x1852, nil]
0x2614S0x137c	[0x1852, nil]
0x2615S0x137c	[0x1852, nil]
0x2618S0x137c	[0x1852, nil]
0x261bS0x137c	[0x1852, nil]
0x261cS0x137c	[0x1852, nil]
0x261fS0x137c	[0x1852, nil]
0x2620S0x137c	[0x1852, nil]
0x2621S0x137c	[0x1852, nil]
0x2624S0x137c	[0x1852, nil]
0x2625S0x137c	[0x1852, nil]
0x2626S0x137c	[0x1852, nil]
0x262eS0x137c	[0x1852, nil]
0x2634S0x137c	[0x1852, nil]
0x2636S0x137c	[0x1852, nil]
0x2638S0x137c	[0x1852, nil]
0x263aS0x137c	[0x1852, nil]
0x263bS0x137c	[0x1852, nil]
0x263cS0x137c	[0x1852, nil]
0x263dS0x137c	[0x1852, nil]
0x2643S0x137c	[0x1852, nil]
0x2645S0x137c	[0x1852, nil]
0x2646S0x137c	[0x1852, nil]
0x2648S0x137c	[0x1852, nil]
0x264aS0x137c	[0x1852, nil]
0x264bS0x137c	[0x1852, nil]
0x264dS0x137c	[0x1852, nil]
0x264fS0x137c	[0x1852, nil]
0x2650S0x137c	[0x1852, nil]
0x2652S0x137c	[0x1852, nil]
0x2654S0x137c	[0x1852, nil]
0x2655S0x137c	[0x1852, nil]
0x2657S0x137c	[0x1852, nil]
0x2659S0x137c	[0x1852, nil]
0x265aS0x137c	[0x1852, nil]
0x265cS0x137c	[0x1852, nil]
0x265eS0x137c	[0x1852, nil]
0x265fS0x137c	[0x1852, nil]
0x2661S0x137c	[0x1852, nil]
0x2663S0x137c	[0x1852, nil]
0x2664S0x137c	[0x1852, nil]
0x2665S0x137c	[0x1852, nil]
0x2667S0x137c	[0x1852, nil]
0x2669S0x137c	[0x1852, nil]
0x266eS0x137c	[0x1852, nil]
0x266fS0x137c	[0x1852, nil]
0x2671S0x137c	[0x1852, nil]
0x2674S0x137c	[0x1852, nil]
0x2676S0x137c	[0x1852, nil]
0x2677S0x137c	[0x1852, nil]
0x2682S0x137c	[0x1852, nil]
0x289cS0x137c	[0x1852, nil]
0x27830S0x137c	[0x1852, nil]
0x26ccS0x137c	[0x1852, nil]
0x26ceS0x137c	[0x1852, nil]
0x26d2S0x137c	[0x1852, nil]
0x26d4S0x137c	[0x1852, nil]
0x26d5S0x137c	[0x1852, nil]
0x26d6S0x137c	[0x1852, nil]
0x26d9S0x137c	[0x1852, nil]
0x5727S0x137c	[0x1852, nil]
0x5729S0x137c	[0x1852, nil]
0x572eS0x137c	[0x1852, nil]
0x572fS0x137c	[0x1852, nil]
0x5730S0x137c	[0x1852, nil]
0x5731S0x137c	[0x1852, nil]
0x26ddS0x137c	[0x1852, nil]
0x26e1S0x137c	[0x1852, nil]
0x26e3S0x137c	[0x1852, nil]
0x26e4S0x137c	[0x1852, nil]
0x26e6S0x137c	[0x1852, nil]
0x26e8S0x137c	[0x1852, nil]
0x26e9S0x137c	[0x1852, nil]
0x26ebS0x137c	[0x1852, nil]
0x26eeS0x137c	[0x1852, nil]
0x26efS0x137c	[0x1852, nil]
0x26f1S0x137c	[0x1852, nil]
0x26f6S0x137c	[0x1852, nil]
0x26f8S0x137c	[0x1852, nil]
0x26faS0x137c	[0x1852, nil]
0x26fcS0x137c	[0x1852, nil]
0x26fdS0x137c	[0x1852, nil]
0x2700S0x137c	[0x1852, nil]
0x2701S0x137c	[0x1852, nil]
0x2705S0x137c	[0x1852, nil]
0x270aS0x137c	[0x1852, nil]
0x270bS0x137c	[0x1852, nil]
0x270eS0x137c	[0x1852, nil]
0x2710S0x137c	[0x1852, nil]
0x2713S0x137c	[0x1852, nil]
0x2718S0x137c	[0x1852, nil]
0x271bS0x137c	[0x1852, nil]
0x271cS0x137c	[0x1852, nil]
0x271dS0x137c	[0x1852, nil]
0x2721S0x137c	[0x1852, nil]
0x2723S0x137c	[0x1852, nil]
0x2726S0x137c	[0x1852, nil]
0x26f5_0xbS0x137c	[0x1852, nil]
0x2728S0x137c	[0x1852, nil]
0x272aS0x137c	[0x1852, nil]
0x272cS0x137c	[0x1852, nil]
0x272eS0x137c	[0x1852, nil]
0x272fS0x137c	[0x1852, nil]
0x2730S0x137c	[0x1852, nil]
0x2731S0x137c	[0x1852, nil]
0x2734S0x137c	[0x1852, nil]
0x2737S0x137c	[0x1852, nil]
0x2738S0x137c	[0x1852, nil]
0x273bS0x137c	[0x1852, nil]
0x273cS0x137c	[0x1852, nil]
0x273dS0x137c	[0x1852, nil]
0x2740S0x137c	[0x1852, nil]
0x2741S0x137c	[0x1852, nil]
0x2742S0x137c	[0x1852, nil]
0x274aS0x137c	[0x1852, nil]
0x2750S0x137c	[0x1852, nil]
0x2751S0x137c	[0x1852, nil]
0x2754S0x137c	[0x1852, nil]
0x2755S0x137c	[0x1852, nil]
0x2756S0x137c	[0x1852, nil]
0x2759S0x137c	[0x1852, nil]
0x275aS0x137c	[0x1852, nil]
0x275bS0x137c	[0x1852, nil]
0x275eS0x137c	[0x1852, nil]
0x275fS0x137c	[0x1852, nil]
0x2760S0x137c	[0x1852, nil]
0x2763S0x137c	[0x1852, nil]
0x2764S0x137c	[0x1852, nil]
0x2765S0x137c	[0x1852, nil]
0x2768S0x137c	[0x1852, nil]
0x2769S0x137c	[0x1852, nil]
0x276aS0x137c	[0x1852, nil]
0x276dS0x137c	[0x1852, nil]
0x276eS0x137c	[0x1852, nil]
0x276fS0x137c	[0x1852, nil]
0x2773S0x137c	[0x1852, nil]
0x2774S0x137c	[0x1852, nil]
0x2775S0x137c	[0x1852, nil]
0x2777S0x137c	[0x1852, nil]
0x2778S0x137c	[0x1852, nil]
0x277dS0x137c	[0x1852, nil]
0x277fS0x137c	[0x1852, nil]
0x2782S0x137c	[0x1852, nil]
0x2784S0x137c	[0x1852, nil]
0x2786S0x137c	[0x1852, nil]
0x2788S0x137c	[0x1852, nil]
0x2789S0x137c	[0x1852, nil]
0x278cS0x137c	[0x1852, nil]
0x278dS0x137c	[0x1852, nil]
0x2790S0x137c	[0x1852, nil]
0x2792S0x137c	[0x1852, nil]
0x2795S0x137c	[0x1852, nil]
0x279cS0x137c	[0x1852, nil]
0x279dS0x137c	[0x1852, nil]
0x27a0S0x137c	[0x1852, nil]
0x27a4S0x137c	[0x1852, nil]
0x27a5S0x137c	[0x1852, nil]
0x27a8S0x137c	[0x1852, nil]
0x27aaS0x137c	[0x1852, nil]
0x27adS0x137c	[0x1852, nil]
0x27b2S0x137c	[0x1852, nil]
0x27b6S0x137c	[0x1852, nil]
0x27b7S0x137c	[0x1852, nil]
0x27baS0x137c	[0x1852, nil]
0x27bcS0x137c	[0x1852, nil]
0x27bdS0x137c	[0x1852, nil]
0x27c0S0x137c	[0x1852, nil]
0x27c3S0x137c	[0x1852, nil]
0x27c4S0x137c	[0x1852, nil]
0x27c7S0x137c	[0x1852, nil]
0x27cbS0x137c	[0x1852, nil]
0x27cdS0x137c	[0x1852, nil]
0x27d3S0x137c	[0x1852, nil]
0x27d6S0x137c	[0x1852, nil]
0x27d7S0x137c	[0x1852, nil]
0x27d9S0x137c	[0x1852, nil]
0x27dbS0x137c	[0x1852, nil]
0x27deS0x137c	[0x1852, nil]
0x27e0S0x137c	[0x1852, nil]
0x27e3S0x137c	[0x1852, nil]
0x27e4S0x137c	[0x1852, nil]
0x27e5S0x137c	[0x1852, nil]
0x27e7S0x137c	[0x1852, nil]
0x27e8S0x137c	[0x1852, nil]
0x27faS0x137c	[0x1852, nil]
0x27fcS0x137c	[0x1852, nil]
0x27fdS0x137c	[0x1852, nil]
0x27feS0x137c	[0x1852, nil]
0x2800S0x137c	[0x1852, nil]
0x2801S0x137c	[0x1852, nil]
0x2804S0x137c	[0x1852, nil]
0x2805S0x137c	[0x1852, nil]
0x2807S0x137c	[0x1852, nil]
0x2809S0x137c	[0x1852, nil]
0x280eS0x137c	[0x1852, nil]
0x2810S0x137c	[0x1852, nil]
0x2815S0x137c	[0x1852, nil]
0x281dS0x137c	[0x1852, nil]
0x2820S0x137c	[0x1852, nil]
0x2821S0x137c	[0x1852, nil]
0x2822S0x137c	[0x1852, nil]
0x2824S0x137c	[0x1852, nil]
0x2826S0x137c	[0x1852, nil]
0x2828S0x137c	[0x1852, nil]
0x2829S0x137c	[0x1852, nil]
0x282cS0x137c	[0x1852, nil]
0x282dS0x137c	[0x1852, nil]
0x2830S0x137c	[0x1852, nil]
0x2832S0x137c	[0x1852, nil]
0x2836S0x137c	[0x1852, nil]
0x2837S0x137c	[0x1852, nil]
0x2838S0x137c	[0x1852, nil]
0x2839S0x137c	[0x1852, nil]
0x283cS0x137c	[0x1852, nil]
0x283eS0x137c	[0x1852, nil]
0x2840S0x137c	[0x1852, nil]
0x2841S0x137c	[0x1852, nil]
0xffc89S0x137c	[0x1852, nil]
0xbd00S0x137c	[0x1852, nil]
0xbd02S0x137c	[0x1852, nil]
0xbd05S0x137c	[0x1852, nil]
0x1003d1S0x137c	[0x1852, nil]
0xc143S0x137c	[0x1852, nil]
0xc148S0x137c	[0x1852, nil]
0xc14aS0x137c	[0x1852, nil]
0xc14bS0x137c	[0x1852, nil]
0xc14eS0x137c	[0x1852, nil]
0xc150S0x137c	[0x1852, nil]
0xc153S0x137c	[0x1852, nil]
0xc155S0x137c	[0x1852, nil]
0x54a5S0x137c	[0x1852, nil]
0x54a7S0x137c	[0x1852, nil]
0x54a9S0x137c	[0x1852, nil]
0x54abS0x137c	[0x1852, nil]
0x54acS0x137c	[0x1852, nil]
0x54afS0x137c	[0x1852, nil]
0x54b0S0x137c	[0x1852, nil]
0x54b3S0x137c	[0x1852, nil]
0x54b5S0x137c	[0x1852, nil]
0x54b7S0x137c	[0x1852, nil]
0x54b9S0x137c	[0x1852, nil]
0x54bbS0x137c	[0x1852, nil]
0x54bcS0x137c	[0x1852, nil]
0x54c0S0x137c	[0x1852, nil]
0x54c1S0x137c	[0x1852, nil]
0x54c4S0x137c	[0x1852, nil]
0x54c8S0x137c	[0x1852, nil]
0x54c9S0x137c	[0x1852, nil]
0x54cdS0x137c	[0x1852, nil]
0x573aS0x137c	[0x1852, nil]
0x573dS0x137c	[0x1852, nil]
0x5742S0x137c	[0x1852, nil]
0x5746S0x137c	[0x1852, nil]
0x4a6aS0x137c	[0x1852, nil]
0x4a6cS0x137c	[0x1852, nil]
0x4a6dS0x137c	[0x1852, nil]
0x4a71S0x137c	[0x1852, nil]
0x4a72S0x137c	[0x1852, nil]
0x4a74S0x137c	[0x1852, nil]
0x4a76S0x137c	[0x1852, nil]
0x4a78S0x137c	[0x1852, nil]
0x4a79S0x137c	[0x1852, nil]
0x4a7bS0x137c	[0x1852, nil]
0x4a7eS0x137c	[0x1852, nil]
0x4a7fS0x137c	[0x1852, nil]
0x4a80S0x137c	[0x1852, nil]
0x4a81S0x137c	[0x1852, nil]
0x574dS0x137c	[0x1852, nil]
0x5750S0x137c	[0x1852, nil]
0x5751S0x137c	[0x1852, nil]
0x5752S0x137c	[0x1852, nil]
0x5755S0x137c	[0x1852, nil]
0x5757S0x137c	[0x1852, nil]
0x575aS0x137c	[0x1852, nil]
0x575dS0x137c	[0x1852, nil]
0x575eS0x137c	[0x1852, nil]
0x5763S0x137c	[0x1852, nil]
0x5766S0x137c	[0x1852, nil]
0x5768S0x137c	[0x1852, nil]
0x576bS0x137c	[0x1852, nil]
0x576eS0x137c	[0x1852, nil]
0x576fS0x137c	[0x1852, nil]
0x5774S0x137c	[0x1852, nil]
0x5777S0x137c	[0x1852, nil]
0x5779S0x137c	[0x1852, nil]
0x577cS0x137c	[0x1852, nil]
0x577fS0x137c	[0x1852, nil]
0x5780S0x137c	[0x1852, nil]
0x5785S0x137c	[0x1852, nil]
0x5788S0x137c	[0x1852, nil]
0x578aS0x137c	[0x1852, nil]
0x578dS0x137c	[0x1852, nil]
0x578eS0x137c	[0x1852, nil]
0x578fS0x137c	[0x1852, nil]
0x5792S0x137c	[0x1852, nil]
0x5794S0x137c	[0x1852, nil]
0x5797S0x137c	[0x1852, nil]
0x579aS0x137c	[0x1852, nil]
0x579bS0x137c	[0x1852, nil]
0x57a0S0x137c	[0x1852, nil]
0x57a3S0x137c	[0x1852, nil]
0x57a5S0x137c	[0x1852, nil]
0x57a8S0x137c	[0x1852, nil]
0x57abS0x137c	[0x1852, nil]
0x57acS0x137c	[0x1852, nil]
0x57b1S0x137c	[0x1852, nil]
0x57b4S0x137c	[0x1852, nil]
0x57b6S0x137c	[0x1852, nil]
0x57b9S0x137c	[0x1852, nil]
0x57beS0x137c	[0x1852, nil]
0x57bfS0x137c	[0x1852, nil]
0x57c6S0x137c	[0x1852, nil]
0x1009d4S0x137c	[0x1852, nil]
0x189cS0x137c	[0x1852, nil]
0x21430S0x137c	[0x1852, nil]
0x1899_0x2S0x137c	[0x1852, nil]
0x1a9bS0x137c	[0x1852, nil]
0x1a9dS0x137c	[0x1852, nil]
0x1a9eS0x137c	[0x1852, nil]
0x1a97_0x1S0x137c	[0x1852, nil]
0x2381S0x137c	[0x1852, nil]
0x2383S0x137c	[0x1852, nil]
0x2384S0x137c	[0x1852, nil]
0x2386S0x137c	[0x1852, nil]
0x2388S0x137c	[0x1852, nil]
0x2389S0x137c	[0x1852, nil]
0x238cS0x137c	[0x1852, nil]
0x238eS0x137c	[0x1852, nil]
0x2393S0x137c	[0x1852, nil]
0x2395S0x137c	[0x1852, nil]
0x2396S0x137c	[0x1852, nil]
0x2398S0x137c	[0x1852, nil]
0x2399S0x137c	[0x1852, nil]
0x239dS0x137c	[0x1852, nil]
0x239eS0x137c	[0x1852, nil]
0x23a2S0x137c	[0x1852, nil]
0x23a6S0x137c	[0x1852, nil]
0x23a8S0x137c	[0x1852, nil]
0x23aaS0x137c	[0x1852, nil]
0x23abS0x137c	[0x1852, nil]
0x23acS0x137c	[0x1852, nil]
0x23adS0x137c	[0x1852, nil]
0x1c4bS0x1852S0x137c	[0x1852, [0x1c3f, nil]]
0x1c4dS0x1852S0x137c	[0x1852, [0x1c3f, nil]]
0x1c4eS0x1852S0x137c	[0x1852, [0x1c3f, nil]]
0x1c52S0x1852S0x137c	[0x1852, [0x1c3f, nil]]
0x1c54S0x1852S0x137c	[0x1852, [0x1c3f, nil]]
0x1c57S0x1852S0x137c	[0x1852, [0x1c3f, nil]]
0x1c59S0x1852S0x137c	[0x1852, [0x1c3f, nil]]
0x1c5cS0x1852S0x137c	[0x1852, [0x1c3f, nil]]
0x1c5eS0x1852S0x137c	[0x1852, [0x1c3f, nil]]
0x1c60S0x1852S0x137c	[0x1852, [0x1c3f, nil]]
0x1c63S0x1852S0x137c	[0x1852, [0x1c3f, nil]]
0x1c65S0x1852S0x137c	[0x1852, [0x1c3f, nil]]
0x1c76S0x1852S0x137c	[0x1852, [0x1c3f, nil]]
0x1c78S0x1852S0x137c	[0x1852, [0x1c3f, nil]]
0x1c79S0x1852S0x137c	[0x1852, [0x1c3f, nil]]
0x1c7cS0x1852S0x137c	[0x1852, [0x1c3f, nil]]
0x1c7eS0x1852S0x137c	[0x1852, [0x1c3f, nil]]
0x1c80S0x1852S0x137c	[0x1852, [0x1c3f, nil]]
0x1c81S0x1852S0x137c	[0x1852, [0x1c3f, nil]]
0x1c40S0x1852S0x137c	[0x1852, [0x1c3f, nil]]
0x1c42S0x1852S0x137c	[0x1852, [0x1c3f, nil]]
0x1c43S0x1852S0x137c	[0x1852, [0x1c3f, nil]]
0x1c45S0x1852S0x137c	[0x1852, [0x1c3f, nil]]
0x1c46S0x1852S0x137c	[0x1852, [0x1c3f, nil]]
0x1c47S0x1852S0x137c	[0x1852, [0x1c3f, nil]]
0xb9a1S0x1852S0x137c	[0x1852, [0x1c3f, nil]]
0xb9a3S0x1852S0x137c	[0x1852, [0x1c3f, nil]]
0xb9a6S0x1852S0x137c	[0x1852, [0x1c3f, nil]]
0x52a7S0x18afS0x137c	[0x1852, [0x5294, nil]]
0x52c1S0x18afS0x137c	[0x1852, [0x5294, nil]]
0x52d6S0x18afS0x137c	[0x1852, [0x5294, nil]]
0x5295S0x18afS0x137c	[0x1852, [0x5294, nil]]
0x5299S0x18afS0x137c	[0x1852, [0x5294, nil]]
0x529aS0x18afS0x137c	[0x1852, [0x5294, nil]]
0x529cS0x18afS0x137c	[0x1852, [0x5294, nil]]
0x529eS0x18afS0x137c	[0x1852, [0x5294, nil]]
0x529fS0x18afS0x137c	[0x1852, [0x5294, nil]]
0x52a0S0x18afS0x137c	[0x1852, [0x5294, nil]]
0x52a2S0x18afS0x137c	[0x1852, [0x5294, nil]]
0x52a3S0x18afS0x137c	[0x1852, [0x5294, nil]]
0x52adS0x18afS0x137c	[0x1852, [0x5294, nil]]
0x52afS0x18afS0x137c	[0x1852, [0x5294, nil]]
0x52b2S0x18afS0x137c	[0x1852, [0x5294, nil]]
0x52b4S0x18afS0x137c	[0x1852, [0x5294, nil]]
0x52b6S0x18afS0x137c	[0x1852, [0x5294, nil]]
0x52b8S0x18afS0x137c	[0x1852, [0x5294, nil]]
0x52b9S0x18afS0x137c	[0x1852, [0x5294, nil]]
0x52bbS0x18afS0x137c	[0x1852, [0x5294, nil]]
0x52bcS0x18afS0x137c	[0x1852, [0x5294, nil]]
0x52bdS0x18afS0x137c	[0x1852, [0x5294, nil]]
0x52c6S0x18afS0x137c	[0x1852, [0x5294, nil]]
0x52c8S0x18afS0x137c	[0x1852, [0x5294, nil]]
0x52cbS0x18afS0x137c	[0x1852, [0x5294, nil]]
0x52ceS0x18afS0x137c	[0x1852, [0x5294, nil]]
0x52d0S0x18afS0x137c	[0x1852, [0x5294, nil]]
0x52d1S0x18afS0x137c	[0x1852, [0x5294, nil]]
0x52d2S0x18afS0x137c	[0x1852, [0x5294, nil]]
0x52dfS0x18c1S0x137c	[0x1852, [0x52da, nil]]
0x52e2S0x18c1S0x137c	[0x1852, [0x52da, nil]]
0x5309S0x18f0S0x137c	[0x1852, [0x52fd, nil]]
0x530cS0x18f0S0x137c	[0x1852, [0x52fd, nil]]
0x5300S0x18f0S0x137c	[0x1852, [0x52fd, nil]]
0x5303S0x18f0S0x137c	[0x1852, [0x52fd, nil]]
0x5304S0x18f0S0x137c	[0x1852, [0x52fd, nil]]
0x5305S0x18f0S0x137c	[0x1852, [0x52fd, nil]]
0xc2ebS0x18f0S0x137c	[0x1852, [0x52fd, nil]]
0xc2f0S0x18f0S0x137c	[0x1852, [0x52fd, nil]]
0xc2f2S0x18f0S0x137c	[0x1852, [0x52fd, nil]]
0xc2f3S0x18f0S0x137c	[0x1852, [0x52fd, nil]]
0xc2f6S0x18f0S0x137c	[0x1852, [0x52fd, nil]]
0xc2f8S0x18f0S0x137c	[0x1852, [0x52fd, nil]]
0xc2fbS0x18f0S0x137c	[0x1852, [0x52fd, nil]]
0xc2fdS0x18f0S0x137c	[0x1852, [0x52fd, nil]]
0x52a7S0x190cS0x137c	[0x1852, [0x5294, nil]]
0x52c1S0x190cS0x137c	[0x1852, [0x5294, nil]]
0x52d6S0x190cS0x137c	[0x1852, [0x5294, nil]]
0x5295S0x190cS0x137c	[0x1852, [0x5294, nil]]
0x5299S0x190cS0x137c	[0x1852, [0x5294, nil]]
0x529aS0x190cS0x137c	[0x1852, [0x5294, nil]]
0x529cS0x190cS0x137c	[0x1852, [0x5294, nil]]
0x529eS0x190cS0x137c	[0x1852, [0x5294, nil]]
0x529fS0x190cS0x137c	[0x1852, [0x5294, nil]]
0x52a0S0x190cS0x137c	[0x1852, [0x5294, nil]]
0x52a2S0x190cS0x137c	[0x1852, [0x5294, nil]]
0x52a3S0x190cS0x137c	[0x1852, [0x5294, nil]]
0x52adS0x190cS0x137c	[0x1852, [0x5294, nil]]
0x52afS0x190cS0x137c	[0x1852, [0x5294, nil]]
0x52b2S0x190cS0x137c	[0x1852, [0x5294, nil]]
0x52b4S0x190cS0x137c	[0x1852, [0x5294, nil]]
0x52b6S0x190cS0x137c	[0x1852, [0x5294, nil]]
0x52b8S0x190cS0x137c	[0x1852, [0x5294, nil]]
0x52b9S0x190cS0x137c	[0x1852, [0x5294, nil]]
0x52bbS0x190cS0x137c	[0x1852, [0x5294, nil]]
0x52bcS0x190cS0x137c	[0x1852, [0x5294, nil]]
0x52bdS0x190cS0x137c	[0x1852, [0x5294, nil]]
0x52c6S0x190cS0x137c	[0x1852, [0x5294, nil]]
0x52c8S0x190cS0x137c	[0x1852, [0x5294, nil]]
0x52cbS0x190cS0x137c	[0x1852, [0x5294, nil]]
0x52ceS0x190cS0x137c	[0x1852, [0x5294, nil]]
0x52d0S0x190cS0x137c	[0x1852, [0x5294, nil]]
0x52d1S0x190cS0x137c	[0x1852, [0x5294, nil]]
0x52d2S0x190cS0x137c	[0x1852, [0x5294, nil]]
0x52dfS0x191eS0x137c	[0x1852, [0x52da, nil]]
0x52e2S0x191eS0x137c	[0x1852, [0x52da, nil]]
0x52a7S0x1988S0x137c	[0x1852, [0x5294, nil]]
0x52c1S0x1988S0x137c	[0x1852, [0x5294, nil]]
0x52d6S0x1988S0x137c	[0x1852, [0x5294, nil]]
0x5295S0x1988S0x137c	[0x1852, [0x5294, nil]]
0x5299S0x1988S0x137c	[0x1852, [0x5294, nil]]
0x529aS0x1988S0x137c	[0x1852, [0x5294, nil]]
0x529cS0x1988S0x137c	[0x1852, [0x5294, nil]]
0x529eS0x1988S0x137c	[0x1852, [0x5294, nil]]
0x529fS0x1988S0x137c	[0x1852, [0x5294, nil]]
0x52a0S0x1988S0x137c	[0x1852, [0x5294, nil]]
0x52a2S0x1988S0x137c	[0x1852, [0x5294, nil]]
0x52a3S0x1988S0x137c	[0x1852, [0x5294, nil]]
0x52adS0x1988S0x137c	[0x1852, [0x5294, nil]]
0x52afS0x1988S0x137c	[0x1852, [0x5294, nil]]
0x52b2S0x1988S0x137c	[0x1852, [0x5294, nil]]
0x52b4S0x1988S0x137c	[0x1852, [0x5294, nil]]
0x52b6S0x1988S0x137c	[0x1852, [0x5294, nil]]
0x52b8S0x1988S0x137c	[0x1852, [0x5294, nil]]
0x52b9S0x1988S0x137c	[0x1852, [0x5294, nil]]
0x52bbS0x1988S0x137c	[0x1852, [0x5294, nil]]
0x52bcS0x1988S0x137c	[0x1852, [0x5294, nil]]
0x52bdS0x1988S0x137c	[0x1852, [0x5294, nil]]
0x52c6S0x1988S0x137c	[0x1852, [0x5294, nil]]
0x52c8S0x1988S0x137c	[0x1852, [0x5294, nil]]
0x52cbS0x1988S0x137c	[0x1852, [0x5294, nil]]
0x52ceS0x1988S0x137c	[0x1852, [0x5294, nil]]
0x52d0S0x1988S0x137c	[0x1852, [0x5294, nil]]
0x52d1S0x1988S0x137c	[0x1852, [0x5294, nil]]
0x52d2S0x1988S0x137c	[0x1852, [0x5294, nil]]
0x56ceS0x2449S0x137c	[0x1852, [0x56cd, nil]]
0x56d0S0x2449S0x137c	[0x1852, [0x56cd, nil]]
0x56d2S0x2449S0x137c	[0x1852, [0x56cd, nil]]
0x56d4S0x2449S0x137c	[0x1852, [0x56cd, nil]]
0x56d5S0x2449S0x137c	[0x1852, [0x56cd, nil]]
0x56d8S0x2449S0x137c	[0x1852, [0x56cd, nil]]
0x56dbS0x2449S0x137c	[0x1852, [0x56cd, nil]]
0x56deS0x2449S0x137c	[0x1852, [0x56cd, nil]]
0x56e5S0x2449S0x137c	[0x1852, [0x56cd, nil]]
0x56e6S0x2449S0x137c	[0x1852, [0x56cd, nil]]
0x56e9S0x2449S0x137c	[0x1852, [0x56cd, nil]]
0x56edS0x2449S0x137c	[0x1852, [0x56cd, nil]]
0x56eeS0x2449S0x137c	[0x1852, [0x56cd, nil]]
0x56f1S0x2449S0x137c	[0x1852, [0x56cd, nil]]
0x56f3S0x2449S0x137c	[0x1852, [0x56cd, nil]]
0x56f6S0x2449S0x137c	[0x1852, [0x56cd, nil]]
0x56f8S0x2449S0x137c	[0x1852, [0x56cd, nil]]
0x56faS0x2449S0x137c	[0x1852, [0x56cd, nil]]
0x56fbS0x2449S0x137c	[0x1852, [0x56cd, nil]]
0x56feS0x2449S0x137c	[0x1852, [0x56cd, nil]]
0x5702S0x2449S0x137c	[0x1852, [0x56cd, nil]]
0x5703S0x2449S0x137c	[0x1852, [0x56cd, nil]]
0x5706S0x2449S0x137c	[0x1852, [0x56cd, nil]]
0x5708S0x2449S0x137c	[0x1852, [0x56cd, nil]]
0x570aS0x2449S0x137c	[0x1852, [0x56cd, nil]]
0x571bS0x24bcS0x137c	[0x1852, [0x570d, nil]]
0x570eS0x24bcS0x137c	[0x1852, [0x570d, nil]]
0x5710S0x24bcS0x137c	[0x1852, [0x570d, nil]]
0x5714S0x24bcS0x137c	[0x1852, [0x570d, nil]]
0x5715S0x24bcS0x137c	[0x1852, [0x570d, nil]]
0x5716S0x24bcS0x137c	[0x1852, [0x570d, nil]]
0x5717S0x24bcS0x137c	[0x1852, [0x570d, nil]]
0x5721S0x24bcS0x137c	[0x1852, [0x570d, nil]]
0x56ceS0x2632S0x137c	[0x1852, [0x56cd, nil]]
0x56d0S0x2632S0x137c	[0x1852, [0x56cd, nil]]
0x56d2S0x2632S0x137c	[0x1852, [0x56cd, nil]]
0x56d4S0x2632S0x137c	[0x1852, [0x56cd, nil]]
0x56d5S0x2632S0x137c	[0x1852, [0x56cd, nil]]
0x56d8S0x2632S0x137c	[0x1852, [0x56cd, nil]]
0x56dbS0x2632S0x137c	[0x1852, [0x56cd, nil]]
0x56deS0x2632S0x137c	[0x1852, [0x56cd, nil]]
0x56e5S0x2632S0x137c	[0x1852, [0x56cd, nil]]
0x56e6S0x2632S0x137c	[0x1852, [0x56cd, nil]]
0x56e9S0x2632S0x137c	[0x1852, [0x56cd, nil]]
0x56edS0x2632S0x137c	[0x1852, [0x56cd, nil]]
0x56eeS0x2632S0x137c	[0x1852, [0x56cd, nil]]
0x56f1S0x2632S0x137c	[0x1852, [0x56cd, nil]]
0x56f3S0x2632S0x137c	[0x1852, [0x56cd, nil]]
0x56f6S0x2632S0x137c	[0x1852, [0x56cd, nil]]
0x56f8S0x2632S0x137c	[0x1852, [0x56cd, nil]]
0x56faS0x2632S0x137c	[0x1852, [0x56cd, nil]]
0x56fbS0x2632S0x137c	[0x1852, [0x56cd, nil]]
0x56feS0x2632S0x137c	[0x1852, [0x56cd, nil]]
0x5702S0x2632S0x137c	[0x1852, [0x56cd, nil]]
0x5703S0x2632S0x137c	[0x1852, [0x56cd, nil]]
0x5706S0x2632S0x137c	[0x1852, [0x56cd, nil]]
0x5708S0x2632S0x137c	[0x1852, [0x56cd, nil]]
0x570aS0x2632S0x137c	[0x1852, [0x56cd, nil]]
0x571bS0x27f5S0x137c	[0x1852, [0x570d, nil]]
0x570eS0x27f5S0x137c	[0x1852, [0x570d, nil]]
0x5710S0x27f5S0x137c	[0x1852, [0x570d, nil]]
0x5714S0x27f5S0x137c	[0x1852, [0x570d, nil]]
0x5715S0x27f5S0x137c	[0x1852, [0x570d, nil]]
0x5716S0x27f5S0x137c	[0x1852, [0x570d, nil]]
0x5717S0x27f5S0x137c	[0x1852, [0x570d, nil]]
0x5721S0x27f5S0x137c	[0x1852, [0x570d, nil]]
0x4ff8S0x1a5bS0x137c	[0x1852, [0x4fea, nil]]
0x4febS0x1a5bS0x137c	[0x1852, [0x4fea, nil]]
0x4fedS0x1a5bS0x137c	[0x1852, [0x4fea, nil]]
0x4ff1S0x1a5bS0x137c	[0x1852, [0x4fea, nil]]
0x4ff2S0x1a5bS0x137c	[0x1852, [0x4fea, nil]]
0x4ff3S0x1a5bS0x137c	[0x1852, [0x4fea, nil]]
0x4ff4S0x1a5bS0x137c	[0x1852, [0x4fea, nil]]
0x4ffeS0x1a5bS0x137c	[0x1852, [0x4fea, nil]]
0x4fffS0x1a5bS0x137c	[0x1852, [0x4fea, nil]]
0x5003S0x1a5bS0x137c	[0x1852, [0x4fea, nil]]
0x4904S0x4ffcS0x1a5bS0x137c	[0x1852, [0x4fea, [0x48f3, nil]]]
0x48f4S0x4ffcS0x1a5bS0x137c	[0x1852, [0x4fea, [0x48f3, nil]]]
0x48f6S0x4ffcS0x1a5bS0x137c	[0x1852, [0x4fea, [0x48f3, nil]]]
0x48f8S0x4ffcS0x1a5bS0x137c	[0x1852, [0x4fea, [0x48f3, nil]]]
0x48faS0x4ffcS0x1a5bS0x137c	[0x1852, [0x4fea, [0x48f3, nil]]]
0x48fbS0x4ffcS0x1a5bS0x137c	[0x1852, [0x4fea, [0x48f3, nil]]]
0x48fdS0x4ffcS0x1a5bS0x137c	[0x1852, [0x4fea, [0x48f3, nil]]]
0x48ffS0x4ffcS0x1a5bS0x137c	[0x1852, [0x4fea, [0x48f3, nil]]]
0x4900S0x4ffcS0x1a5bS0x137c	[0x1852, [0x4fea, [0x48f3, nil]]]
0x4ff8S0x1b53S0x137c	[0x1852, [0x4fea, nil]]
0x4febS0x1b53S0x137c	[0x1852, [0x4fea, nil]]
0x4fedS0x1b53S0x137c	[0x1852, [0x4fea, nil]]
0x4ff1S0x1b53S0x137c	[0x1852, [0x4fea, nil]]
0x4ff2S0x1b53S0x137c	[0x1852, [0x4fea, nil]]
0x4ff3S0x1b53S0x137c	[0x1852, [0x4fea, nil]]
0x4ff4S0x1b53S0x137c	[0x1852, [0x4fea, nil]]
0x4ffeS0x1b53S0x137c	[0x1852, [0x4fea, nil]]
0x4fffS0x1b53S0x137c	[0x1852, [0x4fea, nil]]
0x5003S0x1b53S0x137c	[0x1852, [0x4fea, nil]]
0x4904S0x4ffcS0x1b53S0x137c	[0x1852, [0x4fea, [0x48f3, nil]]]
0x48f4S0x4ffcS0x1b53S0x137c	[0x1852, [0x4fea, [0x48f3, nil]]]
0x48f6S0x4ffcS0x1b53S0x137c	[0x1852, [0x4fea, [0x48f3, nil]]]
0x48f8S0x4ffcS0x1b53S0x137c	[0x1852, [0x4fea, [0x48f3, nil]]]
0x48faS0x4ffcS0x1b53S0x137c	[0x1852, [0x4fea, [0x48f3, nil]]]
0x48fbS0x4ffcS0x1b53S0x137c	[0x1852, [0x4fea, [0x48f3, nil]]]
0x48fdS0x4ffcS0x1b53S0x137c	[0x1852, [0x4fea, [0x48f3, nil]]]
0x48ffS0x4ffcS0x1b53S0x137c	[0x1852, [0x4fea, [0x48f3, nil]]]
0x4900S0x4ffcS0x1b53S0x137c	[0x1852, [0x4fea, [0x48f3, nil]]]
0x49abS0x5491S0x137c	[0x1852, [0x4992, nil]]
0x49adS0x5491S0x137c	[0x1852, [0x4992, nil]]
0x49aeS0x5491S0x137c	[0x1852, [0x4992, nil]]
0x49b0S0x5491S0x137c	[0x1852, [0x4992, nil]]
0x49b1S0x5491S0x137c	[0x1852, [0x4992, nil]]
0x49b5S0x5491S0x137c	[0x1852, [0x4992, nil]]
0x49b6S0x5491S0x137c	[0x1852, [0x4992, nil]]
0x49b8S0x5491S0x137c	[0x1852, [0x4992, nil]]
0x4993S0x5491S0x137c	[0x1852, [0x4992, nil]]
0x4996S0x5491S0x137c	[0x1852, [0x4992, nil]]
0x499aS0x5491S0x137c	[0x1852, [0x4992, nil]]
0x499eS0x5491S0x137c	[0x1852, [0x4992, nil]]
0x49a1S0x5491S0x137c	[0x1852, [0x4992, nil]]
0x49a2S0x5491S0x137c	[0x1852, [0x4992, nil]]
0x49a5S0x5491S0x137c	[0x1852, [0x4992, nil]]
0x49a6S0x5491S0x137c	[0x1852, [0x4992, nil]]
0x498cS0x4992S0x5491S0x137c	[0x1852, [0x4992, [0x496e, nil]]]
0x498fS0x4992S0x5491S0x137c	[0x1852, [0x4992, [0x496e, nil]]]
0x4974S0x4992S0x5491S0x137c	[0x1852, [0x4992, [0x496e, nil]]]
0x4975S0x4992S0x5491S0x137c	[0x1852, [0x4992, [0x496e, nil]]]
0x4976S0x4992S0x5491S0x137c	[0x1852, [0x4992, [0x496e, nil]]]
0x4971_0x0S0x4992S0x5491S0x137c	[0x1852, [0x4992, [0x496e, nil]]]
0x496fS0x4992S0x5491S0x137c	[0x1852, [0x4992, [0x496e, nil]]]
0x3b830S0x4992S0x5491S0x137c	[0x1852, [0x4992, [0x496e, nil]]]
0x497cS0x4992S0x5491S0x137c	[0x1852, [0x4992, [0x496e, nil]]]
0x497dS0x4992S0x5491S0x137c	[0x1852, [0x4992, [0x496e, nil]]]
0x4980S0x4992S0x5491S0x137c	[0x1852, [0x4992, [0x496e, nil]]]
0x4982S0x4992S0x5491S0x137c	[0x1852, [0x4992, [0x496e, nil]]]
0x4984S0x4992S0x5491S0x137c	[0x1852, [0x4992, [0x496e, nil]]]
0x4985S0x4992S0x5491S0x137c	[0x1852, [0x4992, [0x496e, nil]]]
0x497a_0x0S0x4992S0x5491S0x137c	[0x1852, [0x4992, [0x496e, nil]]]
0x50ceS0x1bf1S0x137c	[0x1852, [0x50bc, nil]]
0x50d1S0x1bf1S0x137c	[0x1852, [0x50bc, nil]]
0x50f9S0x1bf1S0x137c	[0x1852, [0x50bc, nil]]
0x50fcS0x1bf1S0x137c	[0x1852, [0x50bc, nil]]
0x50fdS0x1bf1S0x137c	[0x1852, [0x50bc, nil]]
0x50beS0x1bf1S0x137c	[0x1852, [0x50bc, nil]]
0x50bfS0x1bf1S0x137c	[0x1852, [0x50bc, nil]]
0x50c1S0x1bf1S0x137c	[0x1852, [0x50bc, nil]]
0x50c3S0x1bf1S0x137c	[0x1852, [0x50bc, nil]]
0x50c5S0x1bf1S0x137c	[0x1852, [0x50bc, nil]]
0x50c6S0x1bf1S0x137c	[0x1852, [0x50bc, nil]]
0x50c8S0x1bf1S0x137c	[0x1852, [0x50bc, nil]]
0x50c9S0x1bf1S0x137c	[0x1852, [0x50bc, nil]]
0x50caS0x1bf1S0x137c	[0x1852, [0x50bc, nil]]
0x50d6S0x1bf1S0x137c	[0x1852, [0x50bc, nil]]
0x50daS0x1bf1S0x137c	[0x1852, [0x50bc, nil]]
0x50deS0x1bf1S0x137c	[0x1852, [0x50bc, nil]]
0x50dfS0x1bf1S0x137c	[0x1852, [0x50bc, nil]]
0x50e2S0x1bf1S0x137c	[0x1852, [0x50bc, nil]]
0xc281S0x1bf1S0x137c	[0x1852, [0x50bc, nil]]
0xc286S0x1bf1S0x137c	[0x1852, [0x50bc, nil]]
0xc288S0x1bf1S0x137c	[0x1852, [0x50bc, nil]]
0xc289S0x1bf1S0x137c	[0x1852, [0x50bc, nil]]
0xc28cS0x1bf1S0x137c	[0x1852, [0x50bc, nil]]
0xc28eS0x1bf1S0x137c	[0x1852, [0x50bc, nil]]
0xc291S0x1bf1S0x137c	[0x1852, [0x50bc, nil]]
0xc293S0x1bf1S0x137c	[0x1852, [0x50bc, nil]]
0x50eaS0x1bf1S0x137c	[0x1852, [0x50bc, nil]]
0x50edS0x1bf1S0x137c	[0x1852, [0x50bc, nil]]
0x50f0S0x1bf1S0x137c	[0x1852, [0x50bc, nil]]
0x50f1S0x1bf1S0x137c	[0x1852, [0x50bc, nil]]
0x50f4S0x1bf1S0x137c	[0x1852, [0x50bc, nil]]
0x50f5S0x1bf1S0x137c	[0x1852, [0x50bc, nil]]
0x50e5S0x1bf1S0x137c	[0x1852, [0x50bc, nil]]
0x511fS0x1bf1S0x137c	[0x1852, [0x50bc, nil]]
0x5124S0x1bf1S0x137c	[0x1852, [0x50bc, nil]]
0x5127S0x1bf1S0x137c	[0x1852, [0x50bc, nil]]
0x5128S0x1bf1S0x137c	[0x1852, [0x50bc, nil]]
0x512aS0x1bf1S0x137c	[0x1852, [0x50bc, nil]]
0x512cS0x1bf1S0x137c	[0x1852, [0x50bc, nil]]
0x40830S0x1bf1S0x137c	[0x1852, [0x50bc, nil]]
0x1005f7S0x1bf1S0x137c	[0x1852, [0x50bc, nil]]
0x1005f9S0x1bf1S0x137c	[0x1852, [0x50bc, nil]]
0x1005faS0x1bf1S0x137c	[0x1852, [0x50bc, nil]]
0x1005feS0x1bf1S0x137c	[0x1852, [0x50bc, nil]]
0x1005ffS0x1bf1S0x137c	[0x1852, [0x50bc, nil]]
0x100600S0x1bf1S0x137c	[0x1852, [0x50bc, nil]]
0x100601S0x1bf1S0x137c	[0x1852, [0x50bc, nil]]
0x100602S0x1bf1S0x137c	[0x1852, [0x50bc, nil]]
0x100606S0x1bf1S0x137c	[0x1852, [0x50bc, nil]]
0x100607S0x1bf1S0x137c	[0x1852, [0x50bc, nil]]
0x10060aS0x1bf1S0x137c	[0x1852, [0x50bc, nil]]
0x5151S0x1bf1S0x137c	[0x1852, [0x50bc, nil]]
0x5152S0x1bf1S0x137c	[0x1852, [0x50bc, nil]]
0x5153S0x1bf1S0x137c	[0x1852, [0x50bc, nil]]
0x5131S0x1bf1S0x137c	[0x1852, [0x50bc, nil]]
0x5132S0x1bf1S0x137c	[0x1852, [0x50bc, nil]]
0x5133S0x1bf1S0x137c	[0x1852, [0x50bc, nil]]
0x512e_0x0S0x1bf1S0x137c	[0x1852, [0x50bc, nil]]
0x5171S0x1bf1S0x137c	[0x1852, [0x50bc, nil]]
0x5175S0x1bf1S0x137c	[0x1852, [0x50bc, nil]]
0x5176S0x1bf1S0x137c	[0x1852, [0x50bc, nil]]
0x100b34S0x1bf1S0x137c	[0x1852, [0x50bc, nil]]
0x100b36S0x1bf1S0x137c	[0x1852, [0x50bc, nil]]
0x100b37S0x1bf1S0x137c	[0x1852, [0x50bc, nil]]
0x100b3bS0x1bf1S0x137c	[0x1852, [0x50bc, nil]]
0x100b3cS0x1bf1S0x137c	[0x1852, [0x50bc, nil]]
0x100b3dS0x1bf1S0x137c	[0x1852, [0x50bc, nil]]
0x100b3eS0x1bf1S0x137c	[0x1852, [0x50bc, nil]]
0x100b3fS0x1bf1S0x137c	[0x1852, [0x50bc, nil]]
0x100b43S0x1bf1S0x137c	[0x1852, [0x50bc, nil]]
0x100b44S0x1bf1S0x137c	[0x1852, [0x50bc, nil]]
0x100b47S0x1bf1S0x137c	[0x1852, [0x50bc, nil]]
0x5104S0x1bf1S0x137c	[0x1852, [0x50bc, nil]]
0x5105S0x1bf1S0x137c	[0x1852, [0x50bc, nil]]
0x3fe30S0x1bf1S0x137c	[0x1852, [0x50bc, nil]]
0x5139S0x1bf1S0x137c	[0x1852, [0x50bc, nil]]
0x513aS0x1bf1S0x137c	[0x1852, [0x50bc, nil]]
0x513fS0x1bf1S0x137c	[0x1852, [0x50bc, nil]]
0x5141S0x1bf1S0x137c	[0x1852, [0x50bc, nil]]
0x5145S0x1bf1S0x137c	[0x1852, [0x50bc, nil]]
0x5148S0x1bf1S0x137c	[0x1852, [0x50bc, nil]]
0x5149S0x1bf1S0x137c	[0x1852, [0x50bc, nil]]
0x5137_0x0S0x1bf1S0x137c	[0x1852, [0x50bc, nil]]
0x5137_0x1S0x1bf1S0x137c	[0x1852, [0x50bc, nil]]
0x5137_0x5S0x1bf1S0x137c	[0x1852, [0x50bc, nil]]
0x5159S0x1bf1S0x137c	[0x1852, [0x50bc, nil]]
0x515aS0x1bf1S0x137c	[0x1852, [0x50bc, nil]]
0x515bS0x1bf1S0x137c	[0x1852, [0x50bc, nil]]
0x515dS0x1bf1S0x137c	[0x1852, [0x50bc, nil]]
0x515eS0x1bf1S0x137c	[0x1852, [0x50bc, nil]]
0x5162S0x1bf1S0x137c	[0x1852, [0x50bc, nil]]
0x5163S0x1bf1S0x137c	[0x1852, [0x50bc, nil]]
0x5165S0x1bf1S0x137c	[0x1852, [0x50bc, nil]]
0x5166S0x1bf1S0x137c	[0x1852, [0x50bc, nil]]
0x5167S0x1bf1S0x137c	[0x1852, [0x50bc, nil]]
0x5168S0x1bf1S0x137c	[0x1852, [0x50bc, nil]]
0x41230S0x1bf1S0x137c	[0x1852, [0x50bc, nil]]
0x5157_0x0S0x1bf1S0x137c	[0x1852, [0x50bc, nil]]
0x5157_0x4S0x1bf1S0x137c	[0x1852, [0x50bc, nil]]
0x5080S0x50e3S0x1bf1S0x137c	[0x1852, [0x50bc, [0x5076, nil]]]
0x5085S0x50e3S0x1bf1S0x137c	[0x1852, [0x50bc, [0x5076, nil]]]
0x5088S0x50e3S0x1bf1S0x137c	[0x1852, [0x50bc, [0x5076, nil]]]
0x5089S0x50e3S0x1bf1S0x137c	[0x1852, [0x50bc, [0x5076, nil]]]
0x508cS0x50e3S0x1bf1S0x137c	[0x1852, [0x50bc, [0x5076, nil]]]
0x508dS0x50e3S0x1bf1S0x137c	[0x1852, [0x50bc, [0x5076, nil]]]
0x508fS0x50e3S0x1bf1S0x137c	[0x1852, [0x50bc, [0x5076, nil]]]
0x5091S0x50e3S0x1bf1S0x137c	[0x1852, [0x50bc, [0x5076, nil]]]
0x5092S0x50e3S0x1bf1S0x137c	[0x1852, [0x50bc, [0x5076, nil]]]
0x5095S0x50e3S0x1bf1S0x137c	[0x1852, [0x50bc, [0x5076, nil]]]
0x5096S0x50e3S0x1bf1S0x137c	[0x1852, [0x50bc, [0x5076, nil]]]
0x5097S0x50e3S0x1bf1S0x137c	[0x1852, [0x50bc, [0x5076, nil]]]
0x509eS0x50e3S0x1bf1S0x137c	[0x1852, [0x50bc, [0x5076, nil]]]
0x50a1S0x50e3S0x1bf1S0x137c	[0x1852, [0x50bc, [0x5076, nil]]]
0x50a2S0x50e3S0x1bf1S0x137c	[0x1852, [0x50bc, [0x5076, nil]]]
0x50a4S0x50e3S0x1bf1S0x137c	[0x1852, [0x50bc, [0x5076, nil]]]
0x50a6S0x50e3S0x1bf1S0x137c	[0x1852, [0x50bc, [0x5076, nil]]]
0x3f430S0x50e3S0x1bf1S0x137c	[0x1852, [0x50bc, [0x5076, nil]]]
0x50acS0x50e3S0x1bf1S0x137c	[0x1852, [0x50bc, [0x5076, nil]]]
0x50adS0x50e3S0x1bf1S0x137c	[0x1852, [0x50bc, [0x5076, nil]]]
0x50aeS0x50e3S0x1bf1S0x137c	[0x1852, [0x50bc, [0x5076, nil]]]
0x50a9_0x0S0x50e3S0x1bf1S0x137c	[0x1852, [0x50bc, [0x5076, nil]]]
0x5077S0x50e3S0x1bf1S0x137c	[0x1852, [0x50bc, [0x5076, nil]]]
0x507aS0x50e3S0x1bf1S0x137c	[0x1852, [0x50bc, [0x5076, nil]]]
0x507bS0x50e3S0x1bf1S0x137c	[0x1852, [0x50bc, [0x5076, nil]]]
0x507cS0x50e3S0x1bf1S0x137c	[0x1852, [0x50bc, [0x5076, nil]]]
0x3ea30S0x50e3S0x1bf1S0x137c	[0x1852, [0x50bc, [0x5076, nil]]]
0x50b5S0x50e3S0x1bf1S0x137c	[0x1852, [0x50bc, [0x5076, nil]]]
0x50b7S0x50e3S0x1bf1S0x137c	[0x1852, [0x50bc, [0x5076, nil]]]
0x50b8S0x50e3S0x1bf1S0x137c	[0x1852, [0x50bc, [0x5076, nil]]]
0x50b2_0x0S0x50e3S0x1bf1S0x137c	[0x1852, [0x50bc, [0x5076, nil]]]
0x4fe1S0x5741S0x137c	[0x1852, [0x4fdf, nil]]
0x4fe2S0x5741S0x137c	[0x1852, [0x4fdf, nil]]
0x4fe6S0x5741S0x137c	[0x1852, [0x4fdf, nil]]
0x4904S0x4fdfS0x5741S0x137c	[0x1852, [0x4fdf, [0x48f3, nil]]]
0x48f4S0x4fdfS0x5741S0x137c	[0x1852, [0x4fdf, [0x48f3, nil]]]
0x48f6S0x4fdfS0x5741S0x137c	[0x1852, [0x4fdf, [0x48f3, nil]]]
0x48f8S0x4fdfS0x5741S0x137c	[0x1852, [0x4fdf, [0x48f3, nil]]]
0x48faS0x4fdfS0x5741S0x137c	[0x1852, [0x4fdf, [0x48f3, nil]]]
0x48fbS0x4fdfS0x5741S0x137c	[0x1852, [0x4fdf, [0x48f3, nil]]]
0x48fdS0x4fdfS0x5741S0x137c	[0x1852, [0x4fdf, [0x48f3, nil]]]
0x48ffS0x4fdfS0x5741S0x137c	[0x1852, [0x4fdf, [0x48f3, nil]]]
0x4900S0x4fdfS0x5741S0x137c	[0x1852, [0x4fdf, [0x48f3, nil]]]
0x4fe1S0x574aS0x137c	[0x1852, [0x4fdf, nil]]
0x4fe2S0x574aS0x137c	[0x1852, [0x4fdf, nil]]
0x4fe6S0x574aS0x137c	[0x1852, [0x4fdf, nil]]
0x4904S0x4fdfS0x574aS0x137c	[0x1852, [0x4fdf, [0x48f3, nil]]]
0x48f4S0x4fdfS0x574aS0x137c	[0x1852, [0x4fdf, [0x48f3, nil]]]
0x48f6S0x4fdfS0x574aS0x137c	[0x1852, [0x4fdf, [0x48f3, nil]]]
0x48f8S0x4fdfS0x574aS0x137c	[0x1852, [0x4fdf, [0x48f3, nil]]]
0x48faS0x4fdfS0x574aS0x137c	[0x1852, [0x4fdf, [0x48f3, nil]]]
0x48fbS0x4fdfS0x574aS0x137c	[0x1852, [0x4fdf, [0x48f3, nil]]]
0x48fdS0x4fdfS0x574aS0x137c	[0x1852, [0x4fdf, [0x48f3, nil]]]
0x48ffS0x4fdfS0x574aS0x137c	[0x1852, [0x4fdf, [0x48f3, nil]]]
0x4900S0x4fdfS0x574aS0x137c	[0x1852, [0x4fdf, [0x48f3, nil]]]
0x4fe1S0x5762S0x137c	[0x1852, [0x4fdf, nil]]
0x4fe2S0x5762S0x137c	[0x1852, [0x4fdf, nil]]
0x4fe6S0x5762S0x137c	[0x1852, [0x4fdf, nil]]
0x4904S0x4fdfS0x5762S0x137c	[0x1852, [0x4fdf, [0x48f3, nil]]]
0x48f4S0x4fdfS0x5762S0x137c	[0x1852, [0x4fdf, [0x48f3, nil]]]
0x48f6S0x4fdfS0x5762S0x137c	[0x1852, [0x4fdf, [0x48f3, nil]]]
0x48f8S0x4fdfS0x5762S0x137c	[0x1852, [0x4fdf, [0x48f3, nil]]]
0x48faS0x4fdfS0x5762S0x137c	[0x1852, [0x4fdf, [0x48f3, nil]]]
0x48fbS0x4fdfS0x5762S0x137c	[0x1852, [0x4fdf, [0x48f3, nil]]]
0x48fdS0x4fdfS0x5762S0x137c	[0x1852, [0x4fdf, [0x48f3, nil]]]
0x48ffS0x4fdfS0x5762S0x137c	[0x1852, [0x4fdf, [0x48f3, nil]]]
0x4900S0x4fdfS0x5762S0x137c	[0x1852, [0x4fdf, [0x48f3, nil]]]
0x4fe1S0x5773S0x137c	[0x1852, [0x4fdf, nil]]
0x4fe2S0x5773S0x137c	[0x1852, [0x4fdf, nil]]
0x4fe6S0x5773S0x137c	[0x1852, [0x4fdf, nil]]
0x4904S0x4fdfS0x5773S0x137c	[0x1852, [0x4fdf, [0x48f3, nil]]]
0x48f4S0x4fdfS0x5773S0x137c	[0x1852, [0x4fdf, [0x48f3, nil]]]
0x48f6S0x4fdfS0x5773S0x137c	[0x1852, [0x4fdf, [0x48f3, nil]]]
0x48f8S0x4fdfS0x5773S0x137c	[0x1852, [0x4fdf, [0x48f3, nil]]]
0x48faS0x4fdfS0x5773S0x137c	[0x1852, [0x4fdf, [0x48f3, nil]]]
0x48fbS0x4fdfS0x5773S0x137c	[0x1852, [0x4fdf, [0x48f3, nil]]]
0x48fdS0x4fdfS0x5773S0x137c	[0x1852, [0x4fdf, [0x48f3, nil]]]
0x48ffS0x4fdfS0x5773S0x137c	[0x1852, [0x4fdf, [0x48f3, nil]]]
0x4900S0x4fdfS0x5773S0x137c	[0x1852, [0x4fdf, [0x48f3, nil]]]
0x55e9S0x5784S0x137c	[0x1852, [0x55e7, nil]]
0x55eaS0x5784S0x137c	[0x1852, [0x55e7, nil]]
0x55eeS0x5784S0x137c	[0x1852, [0x55e7, nil]]
0x49dcS0x55e7S0x5784S0x137c	[0x1852, [0x55e7, [0x49d1, nil]]]
0x49d2S0x55e7S0x5784S0x137c	[0x1852, [0x55e7, [0x49d1, nil]]]
0x49d5S0x55e7S0x5784S0x137c	[0x1852, [0x55e7, [0x49d1, nil]]]
0x49d7S0x55e7S0x5784S0x137c	[0x1852, [0x55e7, [0x49d1, nil]]]
0x49d8S0x55e7S0x5784S0x137c	[0x1852, [0x55e7, [0x49d1, nil]]]
0x55e9S0x579fS0x137c	[0x1852, [0x55e7, nil]]
0x55eaS0x579fS0x137c	[0x1852, [0x55e7, nil]]
0x55eeS0x579fS0x137c	[0x1852, [0x55e7, nil]]
0x49dcS0x55e7S0x579fS0x137c	[0x1852, [0x55e7, [0x49d1, nil]]]
0x49d2S0x55e7S0x579fS0x137c	[0x1852, [0x55e7, [0x49d1, nil]]]
0x49d5S0x55e7S0x579fS0x137c	[0x1852, [0x55e7, [0x49d1, nil]]]
0x49d7S0x55e7S0x579fS0x137c	[0x1852, [0x55e7, [0x49d1, nil]]]
0x49d8S0x55e7S0x579fS0x137c	[0x1852, [0x55e7, [0x49d1, nil]]]
0x4fe1S0x57b0S0x137c	[0x1852, [0x4fdf, nil]]
0x4fe2S0x57b0S0x137c	[0x1852, [0x4fdf, nil]]
0x4fe6S0x57b0S0x137c	[0x1852, [0x4fdf, nil]]
0x4904S0x4fdfS0x57b0S0x137c	[0x1852, [0x4fdf, [0x48f3, nil]]]
0x48f4S0x4fdfS0x57b0S0x137c	[0x1852, [0x4fdf, [0x48f3, nil]]]
0x48f6S0x4fdfS0x57b0S0x137c	[0x1852, [0x4fdf, [0x48f3, nil]]]
0x48f8S0x4fdfS0x57b0S0x137c	[0x1852, [0x4fdf, [0x48f3, nil]]]
0x48faS0x4fdfS0x57b0S0x137c	[0x1852, [0x4fdf, [0x48f3, nil]]]
0x48fbS0x4fdfS0x57b0S0x137c	[0x1852, [0x4fdf, [0x48f3, nil]]]
0x48fdS0x4fdfS0x57b0S0x137c	[0x1852, [0x4fdf, [0x48f3, nil]]]
0x48ffS0x4fdfS0x57b0S0x137c	[0x1852, [0x4fdf, [0x48f3, nil]]]
0x4900S0x4fdfS0x57b0S0x137c	[0x1852, [0x4fdf, [0x48f3, nil]]]
0x49bfS0x19c0S0x137c	[0x1852, [0x49be, nil]]
0x49c3S0x19c0S0x137c	[0x1852, [0x49be, nil]]
0x49c5S0x19c0S0x137c	[0x1852, [0x49be, nil]]
0x49c8S0x19c0S0x137c	[0x1852, [0x49be, nil]]
0x49cbS0x19c0S0x137c	[0x1852, [0x49be, nil]]
0x49cdS0x19c0S0x137c	[0x1852, [0x49be, nil]]
0x49abS0x49beS0x19c0S0x137c	[0x1852, [0x49be, [0x4992, nil]]]
0x49adS0x49beS0x19c0S0x137c	[0x1852, [0x49be, [0x4992, nil]]]
0x49aeS0x49beS0x19c0S0x137c	[0x1852, [0x49be, [0x4992, nil]]]
0x49b0S0x49beS0x19c0S0x137c	[0x1852, [0x49be, [0x4992, nil]]]
0x49b1S0x49beS0x19c0S0x137c	[0x1852, [0x49be, [0x4992, nil]]]
0x49b5S0x49beS0x19c0S0x137c	[0x1852, [0x49be, [0x4992, nil]]]
0x49b6S0x49beS0x19c0S0x137c	[0x1852, [0x49be, [0x4992, nil]]]
0x49b8S0x49beS0x19c0S0x137c	[0x1852, [0x49be, [0x4992, nil]]]
0x4993S0x49beS0x19c0S0x137c	[0x1852, [0x49be, [0x4992, nil]]]
0x4996S0x49beS0x19c0S0x137c	[0x1852, [0x49be, [0x4992, nil]]]
0x499aS0x49beS0x19c0S0x137c	[0x1852, [0x49be, [0x4992, nil]]]
0x499eS0x49beS0x19c0S0x137c	[0x1852, [0x49be, [0x4992, nil]]]
0x49a1S0x49beS0x19c0S0x137c	[0x1852, [0x49be, [0x4992, nil]]]
0x49a2S0x49beS0x19c0S0x137c	[0x1852, [0x49be, [0x4992, nil]]]
0x49a5S0x49beS0x19c0S0x137c	[0x1852, [0x49be, [0x4992, nil]]]
0x49a6S0x49beS0x19c0S0x137c	[0x1852, [0x49be, [0x4992, nil]]]
0x498cS0x4992S0x49beS0x19c0S0x137c	[0x1852, [0x49be, [0x4992, [0x496e, nil]]]]
0x498fS0x4992S0x49beS0x19c0S0x137c	[0x1852, [0x49be, [0x4992, [0x496e, nil]]]]
0x4974S0x4992S0x49beS0x19c0S0x137c	[0x1852, [0x49be, [0x4992, [0x496e, nil]]]]
0x4975S0x4992S0x49beS0x19c0S0x137c	[0x1852, [0x49be, [0x4992, [0x496e, nil]]]]
0x4976S0x4992S0x49beS0x19c0S0x137c	[0x1852, [0x49be, [0x4992, [0x496e, nil]]]]
0x4971_0x0S0x4992S0x49beS0x19c0S0x137c	[0x1852, [0x49be, [0x4992, [0x496e, nil]]]]
0x496fS0x4992S0x49beS0x19c0S0x137c	[0x1852, [0x49be, [0x4992, [0x496e, nil]]]]
0x3b830S0x4992S0x49beS0x19c0S0x137c	[0x1852, [0x49be, [0x4992, [0x496e, nil]]]]
0x497cS0x4992S0x49beS0x19c0S0x137c	[0x1852, [0x49be, [0x4992, [0x496e, nil]]]]
0x497dS0x4992S0x49beS0x19c0S0x137c	[0x1852, [0x49be, [0x4992, [0x496e, nil]]]]
0x4980S0x4992S0x49beS0x19c0S0x137c	[0x1852, [0x49be, [0x4992, [0x496e, nil]]]]
0x4982S0x4992S0x49beS0x19c0S0x137c	[0x1852, [0x49be, [0x4992, [0x496e, nil]]]]
0x4984S0x4992S0x49beS0x19c0S0x137c	[0x1852, [0x49be, [0x4992, [0x496e, nil]]]]
0x4985S0x4992S0x49beS0x19c0S0x137c	[0x1852, [0x49be, [0x4992, [0x496e, nil]]]]
0x497a_0x0S0x4992S0x49beS0x19c0S0x137c	[0x1852, [0x49be, [0x4992, [0x496e, nil]]]]
0x2ad3S0x232fS0x137c	[0x1852, [0x2a84, nil]]
0x2ad7S0x232fS0x137c	[0x1852, [0x2a84, nil]]
0x2ad9S0x232fS0x137c	[0x1852, [0x2a84, nil]]
0x2adbS0x232fS0x137c	[0x1852, [0x2a84, nil]]
0x2addS0x232fS0x137c	[0x1852, [0x2a84, nil]]
0x2adfS0x232fS0x137c	[0x1852, [0x2a84, nil]]
0x2ae4S0x232fS0x137c	[0x1852, [0x2a84, nil]]
0x2b74S0x232fS0x137c	[0x1852, [0x2a84, nil]]
0x2b83S0x232fS0x137c	[0x1852, [0x2a84, nil]]
0x2b84S0x232fS0x137c	[0x1852, [0x2a84, nil]]
0x2b88S0x232fS0x137c	[0x1852, [0x2a84, nil]]
0x2b89S0x232fS0x137c	[0x1852, [0x2a84, nil]]
0x2c28S0x232fS0x137c	[0x1852, [0x2a84, nil]]
0x2c2cS0x232fS0x137c	[0x1852, [0x2a84, nil]]
0x2c2eS0x232fS0x137c	[0x1852, [0x2a84, nil]]
0x2c30S0x232fS0x137c	[0x1852, [0x2a84, nil]]
0x2c32S0x232fS0x137c	[0x1852, [0x2a84, nil]]
0x2c34S0x232fS0x137c	[0x1852, [0x2a84, nil]]
0x2c39S0x232fS0x137c	[0x1852, [0x2a84, nil]]
0x2c3cS0x232fS0x137c	[0x1852, [0x2a84, nil]]
0x2c4aS0x232fS0x137c	[0x1852, [0x2a84, nil]]
0x2c4eS0x232fS0x137c	[0x1852, [0x2a84, nil]]
0x2c50S0x232fS0x137c	[0x1852, [0x2a84, nil]]
0x2c51S0x232fS0x137c	[0x1852, [0x2a84, nil]]
0x2c53S0x232fS0x137c	[0x1852, [0x2a84, nil]]
0x2c55S0x232fS0x137c	[0x1852, [0x2a84, nil]]
0x2c56S0x232fS0x137c	[0x1852, [0x2a84, nil]]
0x2c58S0x232fS0x137c	[0x1852, [0x2a84, nil]]
0x2c5aS0x232fS0x137c	[0x1852, [0x2a84, nil]]
0x2c5bS0x232fS0x137c	[0x1852, [0x2a84, nil]]
0x2c5dS0x232fS0x137c	[0x1852, [0x2a84, nil]]
0x2cd7S0x232fS0x137c	[0x1852, [0x2a84, nil]]
0x2cdbS0x232fS0x137c	[0x1852, [0x2a84, nil]]
0x2d32S0x232fS0x137c	[0x1852, [0x2a84, nil]]
0x2d33S0x232fS0x137c	[0x1852, [0x2a84, nil]]
0x2d37S0x232fS0x137c	[0x1852, [0x2a84, nil]]
0x2d38S0x232fS0x137c	[0x1852, [0x2a84, nil]]
0x2da1S0x232fS0x137c	[0x1852, [0x2a84, nil]]
0x2da2S0x232fS0x137c	[0x1852, [0x2a84, nil]]
0x2da6S0x232fS0x137c	[0x1852, [0x2a84, nil]]
0x2da7S0x232fS0x137c	[0x1852, [0x2a84, nil]]
0x2dfdS0x232fS0x137c	[0x1852, [0x2a84, nil]]
0x2e01S0x232fS0x137c	[0x1852, [0x2a84, nil]]
0x2e03S0x232fS0x137c	[0x1852, [0x2a84, nil]]
0x2e04S0x232fS0x137c	[0x1852, [0x2a84, nil]]
0x2e06S0x232fS0x137c	[0x1852, [0x2a84, nil]]
0x2e08S0x232fS0x137c	[0x1852, [0x2a84, nil]]
0x2e09S0x232fS0x137c	[0x1852, [0x2a84, nil]]
0x2e0cS0x232fS0x137c	[0x1852, [0x2a84, nil]]
0x2e0eS0x232fS0x137c	[0x1852, [0x2a84, nil]]
0x2e0fS0x232fS0x137c	[0x1852, [0x2a84, nil]]
0x2e10S0x232fS0x137c	[0x1852, [0x2a84, nil]]
0x2e8bS0x232fS0x137c	[0x1852, [0x2a84, nil]]
0x2e9aS0x232fS0x137c	[0x1852, [0x2a84, nil]]
0x2e9bS0x232fS0x137c	[0x1852, [0x2a84, nil]]
0x2e9fS0x232fS0x137c	[0x1852, [0x2a84, nil]]
0x2ea0S0x232fS0x137c	[0x1852, [0x2a84, nil]]
0x2ee5S0x232fS0x137c	[0x1852, [0x2a84, nil]]
0x2eebS0x232fS0x137c	[0x1852, [0x2a84, nil]]
0x2eedS0x232fS0x137c	[0x1852, [0x2a84, nil]]
0x2eefS0x232fS0x137c	[0x1852, [0x2a84, nil]]
0x2ef1S0x232fS0x137c	[0x1852, [0x2a84, nil]]
0x2ef2S0x232fS0x137c	[0x1852, [0x2a84, nil]]
0x2ef3S0x232fS0x137c	[0x1852, [0x2a84, nil]]
0x2ef4S0x232fS0x137c	[0x1852, [0x2a84, nil]]
0x2ef9S0x232fS0x137c	[0x1852, [0x2a84, nil]]
0x2efbS0x232fS0x137c	[0x1852, [0x2a84, nil]]
0x2efdS0x232fS0x137c	[0x1852, [0x2a84, nil]]
0x2f02S0x232fS0x137c	[0x1852, [0x2a84, nil]]
0x2f03S0x232fS0x137c	[0x1852, [0x2a84, nil]]
0x2f05S0x232fS0x137c	[0x1852, [0x2a84, nil]]
0x2f08S0x232fS0x137c	[0x1852, [0x2a84, nil]]
0x2f0aS0x232fS0x137c	[0x1852, [0x2a84, nil]]
0x2f0bS0x232fS0x137c	[0x1852, [0x2a84, nil]]
0x2f0dS0x232fS0x137c	[0x1852, [0x2a84, nil]]
0x2f0fS0x232fS0x137c	[0x1852, [0x2a84, nil]]
0x2f12S0x232fS0x137c	[0x1852, [0x2a84, nil]]
0x2f15S0x232fS0x137c	[0x1852, [0x2a84, nil]]
0x2f16S0x232fS0x137c	[0x1852, [0x2a84, nil]]
0x2f17S0x232fS0x137c	[0x1852, [0x2a84, nil]]
0x2f19S0x232fS0x137c	[0x1852, [0x2a84, nil]]
0x2f1aS0x232fS0x137c	[0x1852, [0x2a84, nil]]
0x2ee5_0x0S0x232fS0x137c	[0x1852, [0x2a84, nil]]
0x2f1eS0x232fS0x137c	[0x1852, [0x2a84, nil]]
0x2f1fS0x232fS0x137c	[0x1852, [0x2a84, nil]]
0x2f23S0x232fS0x137c	[0x1852, [0x2a84, nil]]
0x2f24S0x232fS0x137c	[0x1852, [0x2a84, nil]]
0x2f8eS0x232fS0x137c	[0x1852, [0x2a84, nil]]
0x2f8fS0x232fS0x137c	[0x1852, [0x2a84, nil]]
0x2f93S0x232fS0x137c	[0x1852, [0x2a84, nil]]
0x2f94S0x232fS0x137c	[0x1852, [0x2a84, nil]]
0x308bS0x232fS0x137c	[0x1852, [0x2a84, nil]]
0x308eS0x232fS0x137c	[0x1852, [0x2a84, nil]]
0x3098S0x232fS0x137c	[0x1852, [0x2a84, nil]]
0x309aS0x232fS0x137c	[0x1852, [0x2a84, nil]]
0x309bS0x232fS0x137c	[0x1852, [0x2a84, nil]]
0x309fS0x232fS0x137c	[0x1852, [0x2a84, nil]]
0x30a1S0x232fS0x137c	[0x1852, [0x2a84, nil]]
0x30a4S0x232fS0x137c	[0x1852, [0x2a84, nil]]
0x30a6S0x232fS0x137c	[0x1852, [0x2a84, nil]]
0x30a9S0x232fS0x137c	[0x1852, [0x2a84, nil]]
0x30abS0x232fS0x137c	[0x1852, [0x2a84, nil]]
0x30adS0x232fS0x137c	[0x1852, [0x2a84, nil]]
0x30b0S0x232fS0x137c	[0x1852, [0x2a84, nil]]
0x30b2S0x232fS0x137c	[0x1852, [0x2a84, nil]]
0x30c7S0x232fS0x137c	[0x1852, [0x2a84, nil]]
0x30c9S0x232fS0x137c	[0x1852, [0x2a84, nil]]
0x30caS0x232fS0x137c	[0x1852, [0x2a84, nil]]
0x30cdS0x232fS0x137c	[0x1852, [0x2a84, nil]]
0x30cfS0x232fS0x137c	[0x1852, [0x2a84, nil]]
0x30d1S0x232fS0x137c	[0x1852, [0x2a84, nil]]
0x30d2S0x232fS0x137c	[0x1852, [0x2a84, nil]]
0x3105S0x232fS0x137c	[0x1852, [0x2a84, nil]]
0x3109S0x232fS0x137c	[0x1852, [0x2a84, nil]]
0x310bS0x232fS0x137c	[0x1852, [0x2a84, nil]]
0x310cS0x232fS0x137c	[0x1852, [0x2a84, nil]]
0x310eS0x232fS0x137c	[0x1852, [0x2a84, nil]]
0x3110S0x232fS0x137c	[0x1852, [0x2a84, nil]]
0x3111S0x232fS0x137c	[0x1852, [0x2a84, nil]]
0x3113S0x232fS0x137c	[0x1852, [0x2a84, nil]]
0x3115S0x232fS0x137c	[0x1852, [0x2a84, nil]]
0x3116S0x232fS0x137c	[0x1852, [0x2a84, nil]]
0x3118S0x232fS0x137c	[0x1852, [0x2a84, nil]]
0x311bS0x232fS0x137c	[0x1852, [0x2a84, nil]]
0x315aS0x232fS0x137c	[0x1852, [0x2a84, nil]]
0x315eS0x232fS0x137c	[0x1852, [0x2a84, nil]]
0x3161S0x232fS0x137c	[0x1852, [0x2a84, nil]]
0x31f9S0x232fS0x137c	[0x1852, [0x2a84, nil]]
0x31fdS0x232fS0x137c	[0x1852, [0x2a84, nil]]
0x31ffS0x232fS0x137c	[0x1852, [0x2a84, nil]]
0x3201S0x232fS0x137c	[0x1852, [0x2a84, nil]]
0x3203S0x232fS0x137c	[0x1852, [0x2a84, nil]]
0x3205S0x232fS0x137c	[0x1852, [0x2a84, nil]]
0x320aS0x232fS0x137c	[0x1852, [0x2a84, nil]]
0x328fS0x232fS0x137c	[0x1852, [0x2a84, nil]]
0x3293S0x232fS0x137c	[0x1852, [0x2a84, nil]]
0x332fS0x232fS0x137c	[0x1852, [0x2a84, nil]]
0x3333S0x232fS0x137c	[0x1852, [0x2a84, nil]]
0x3335S0x232fS0x137c	[0x1852, [0x2a84, nil]]
0x3337S0x232fS0x137c	[0x1852, [0x2a84, nil]]
0x3339S0x232fS0x137c	[0x1852, [0x2a84, nil]]
0x333bS0x232fS0x137c	[0x1852, [0x2a84, nil]]
0x3340S0x232fS0x137c	[0x1852, [0x2a84, nil]]
0x3351S0x232fS0x137c	[0x1852, [0x2a84, nil]]
0x3354S0x232fS0x137c	[0x1852, [0x2a84, nil]]
0x3355S0x232fS0x137c	[0x1852, [0x2a84, nil]]
0x335aS0x232fS0x137c	[0x1852, [0x2a84, nil]]
0x335cS0x232fS0x137c	[0x1852, [0x2a84, nil]]
0x335fS0x232fS0x137c	[0x1852, [0x2a84, nil]]
0x3362S0x232fS0x137c	[0x1852, [0x2a84, nil]]
0x3363S0x232fS0x137c	[0x1852, [0x2a84, nil]]
0x3364S0x232fS0x137c	[0x1852, [0x2a84, nil]]
0x3366S0x232fS0x137c	[0x1852, [0x2a84, nil]]
0x3367S0x232fS0x137c	[0x1852, [0x2a84, nil]]
0x336aS0x232fS0x137c	[0x1852, [0x2a84, nil]]
0x336bS0x232fS0x137c	[0x1852, [0x2a84, nil]]
0x336cS0x232fS0x137c	[0x1852, [0x2a84, nil]]
0x3370S0x232fS0x137c	[0x1852, [0x2a84, nil]]
0x3373S0x232fS0x137c	[0x1852, [0x2a84, nil]]
0x337dS0x232fS0x137c	[0x1852, [0x2a84, nil]]
0x337fS0x232fS0x137c	[0x1852, [0x2a84, nil]]
0x3380S0x232fS0x137c	[0x1852, [0x2a84, nil]]
0x3384S0x232fS0x137c	[0x1852, [0x2a84, nil]]
0x3386S0x232fS0x137c	[0x1852, [0x2a84, nil]]
0x3389S0x232fS0x137c	[0x1852, [0x2a84, nil]]
0x338bS0x232fS0x137c	[0x1852, [0x2a84, nil]]
0x338eS0x232fS0x137c	[0x1852, [0x2a84, nil]]
0x3390S0x232fS0x137c	[0x1852, [0x2a84, nil]]
0x3392S0x232fS0x137c	[0x1852, [0x2a84, nil]]
0x3395S0x232fS0x137c	[0x1852, [0x2a84, nil]]
0x3397S0x232fS0x137c	[0x1852, [0x2a84, nil]]
0x33acS0x232fS0x137c	[0x1852, [0x2a84, nil]]
0x33aeS0x232fS0x137c	[0x1852, [0x2a84, nil]]
0x33afS0x232fS0x137c	[0x1852, [0x2a84, nil]]
0x33b2S0x232fS0x137c	[0x1852, [0x2a84, nil]]
0x33b4S0x232fS0x137c	[0x1852, [0x2a84, nil]]
0x33b6S0x232fS0x137c	[0x1852, [0x2a84, nil]]
0x33b7S0x232fS0x137c	[0x1852, [0x2a84, nil]]
0x3439S0x232fS0x137c	[0x1852, [0x2a84, nil]]
0x343eS0x232fS0x137c	[0x1852, [0x2a84, nil]]
0x343fS0x232fS0x137c	[0x1852, [0x2a84, nil]]
0x3440S0x232fS0x137c	[0x1852, [0x2a84, nil]]
0x3444S0x232fS0x137c	[0x1852, [0x2a84, nil]]
0x3446S0x232fS0x137c	[0x1852, [0x2a84, nil]]
0x3448S0x232fS0x137c	[0x1852, [0x2a84, nil]]
0x3488S0x232fS0x137c	[0x1852, [0x2a84, nil]]
0x348aS0x232fS0x137c	[0x1852, [0x2a84, nil]]
0x348bS0x232fS0x137c	[0x1852, [0x2a84, nil]]
0x348fS0x232fS0x137c	[0x1852, [0x2a84, nil]]
0x3491S0x232fS0x137c	[0x1852, [0x2a84, nil]]
0x3494S0x232fS0x137c	[0x1852, [0x2a84, nil]]
0x3496S0x232fS0x137c	[0x1852, [0x2a84, nil]]
0x3499S0x232fS0x137c	[0x1852, [0x2a84, nil]]
0x349bS0x232fS0x137c	[0x1852, [0x2a84, nil]]
0x349dS0x232fS0x137c	[0x1852, [0x2a84, nil]]
0x34a0S0x232fS0x137c	[0x1852, [0x2a84, nil]]
0x34a2S0x232fS0x137c	[0x1852, [0x2a84, nil]]
0x34b9S0x232fS0x137c	[0x1852, [0x2a84, nil]]
0x34bbS0x232fS0x137c	[0x1852, [0x2a84, nil]]
0x34bcS0x232fS0x137c	[0x1852, [0x2a84, nil]]
0x34bfS0x232fS0x137c	[0x1852, [0x2a84, nil]]
0x34c1S0x232fS0x137c	[0x1852, [0x2a84, nil]]
0x34c3S0x232fS0x137c	[0x1852, [0x2a84, nil]]
0x34c4S0x232fS0x137c	[0x1852, [0x2a84, nil]]
0x352aS0x232fS0x137c	[0x1852, [0x2a84, nil]]
0x352eS0x232fS0x137c	[0x1852, [0x2a84, nil]]
0x3531S0x232fS0x137c	[0x1852, [0x2a84, nil]]
0x3eeaS0x232fS0x137c	[0x1852, [0x2a84, nil]]
0x3eeeS0x232fS0x137c	[0x1852, [0x2a84, nil]]
0x3ef0S0x232fS0x137c	[0x1852, [0x2a84, nil]]
0x3ef1S0x232fS0x137c	[0x1852, [0x2a84, nil]]
0x3ef3S0x232fS0x137c	[0x1852, [0x2a84, nil]]
0x3ef5S0x232fS0x137c	[0x1852, [0x2a84, nil]]
0x3ef6S0x232fS0x137c	[0x1852, [0x2a84, nil]]
0x3ef7S0x232fS0x137c	[0x1852, [0x2a84, nil]]
0x3ef9S0x232fS0x137c	[0x1852, [0x2a84, nil]]
0x3efbS0x232fS0x137c	[0x1852, [0x2a84, nil]]
0x3efcS0x232fS0x137c	[0x1852, [0x2a84, nil]]
0x3efdS0x232fS0x137c	[0x1852, [0x2a84, nil]]
0x3f4dS0x232fS0x137c	[0x1852, [0x2a84, nil]]
0x3f5cS0x232fS0x137c	[0x1852, [0x2a84, nil]]
0x3f5dS0x232fS0x137c	[0x1852, [0x2a84, nil]]
0x3f61S0x232fS0x137c	[0x1852, [0x2a84, nil]]
0x3f62S0x232fS0x137c	[0x1852, [0x2a84, nil]]
0x3f9dS0x232fS0x137c	[0x1852, [0x2a84, nil]]
0x3f9fS0x232fS0x137c	[0x1852, [0x2a84, nil]]
0x3fa2S0x232fS0x137c	[0x1852, [0x2a84, nil]]
0x3fa4S0x232fS0x137c	[0x1852, [0x2a84, nil]]
0x3fa5S0x232fS0x137c	[0x1852, [0x2a84, nil]]
0x3fa7S0x232fS0x137c	[0x1852, [0x2a84, nil]]
0x3fa8S0x232fS0x137c	[0x1852, [0x2a84, nil]]
0x3fa9S0x232fS0x137c	[0x1852, [0x2a84, nil]]
0x3fabS0x232fS0x137c	[0x1852, [0x2a84, nil]]
0x3facS0x232fS0x137c	[0x1852, [0x2a84, nil]]
0x3fafS0x232fS0x137c	[0x1852, [0x2a84, nil]]
0x3fb2S0x232fS0x137c	[0x1852, [0x2a84, nil]]
0x3fb3S0x232fS0x137c	[0x1852, [0x2a84, nil]]
0x3fb5S0x232fS0x137c	[0x1852, [0x2a84, nil]]
0x3fb8S0x232fS0x137c	[0x1852, [0x2a84, nil]]
0x3fbaS0x232fS0x137c	[0x1852, [0x2a84, nil]]
0x3fcdS0x232fS0x137c	[0x1852, [0x2a84, nil]]
0x3fcfS0x232fS0x137c	[0x1852, [0x2a84, nil]]
0x3fd0S0x232fS0x137c	[0x1852, [0x2a84, nil]]
0x3fd4S0x232fS0x137c	[0x1852, [0x2a84, nil]]
0x3fd6S0x232fS0x137c	[0x1852, [0x2a84, nil]]
0x3fd9S0x232fS0x137c	[0x1852, [0x2a84, nil]]
0x3fdbS0x232fS0x137c	[0x1852, [0x2a84, nil]]
0x3fdeS0x232fS0x137c	[0x1852, [0x2a84, nil]]
0x3fe0S0x232fS0x137c	[0x1852, [0x2a84, nil]]
0x3fe2S0x232fS0x137c	[0x1852, [0x2a84, nil]]
0x3fe5S0x232fS0x137c	[0x1852, [0x2a84, nil]]
0x3fe7S0x232fS0x137c	[0x1852, [0x2a84, nil]]
0x4008S0x232fS0x137c	[0x1852, [0x2a84, nil]]
0x400bS0x232fS0x137c	[0x1852, [0x2a84, nil]]
0x400dS0x232fS0x137c	[0x1852, [0x2a84, nil]]
0x400fS0x232fS0x137c	[0x1852, [0x2a84, nil]]
0x4010S0x232fS0x137c	[0x1852, [0x2a84, nil]]
0x402cS0x232fS0x137c	[0x1852, [0x2a84, nil]]
0x402eS0x232fS0x137c	[0x1852, [0x2a84, nil]]
0x402fS0x232fS0x137c	[0x1852, [0x2a84, nil]]
0x4033S0x232fS0x137c	[0x1852, [0x2a84, nil]]
0x4035S0x232fS0x137c	[0x1852, [0x2a84, nil]]
0x4038S0x232fS0x137c	[0x1852, [0x2a84, nil]]
0x403aS0x232fS0x137c	[0x1852, [0x2a84, nil]]
0x403dS0x232fS0x137c	[0x1852, [0x2a84, nil]]
0x403fS0x232fS0x137c	[0x1852, [0x2a84, nil]]
0x4041S0x232fS0x137c	[0x1852, [0x2a84, nil]]
0x4044S0x232fS0x137c	[0x1852, [0x2a84, nil]]
0x4046S0x232fS0x137c	[0x1852, [0x2a84, nil]]
0x405dS0x232fS0x137c	[0x1852, [0x2a84, nil]]
0x405fS0x232fS0x137c	[0x1852, [0x2a84, nil]]
0x4060S0x232fS0x137c	[0x1852, [0x2a84, nil]]
0x4063S0x232fS0x137c	[0x1852, [0x2a84, nil]]
0x4065S0x232fS0x137c	[0x1852, [0x2a84, nil]]
0x4067S0x232fS0x137c	[0x1852, [0x2a84, nil]]
0x4068S0x232fS0x137c	[0x1852, [0x2a84, nil]]
0x40abS0x232fS0x137c	[0x1852, [0x2a84, nil]]
0x40baS0x232fS0x137c	[0x1852, [0x2a84, nil]]
0x40bbS0x232fS0x137c	[0x1852, [0x2a84, nil]]
0x40bfS0x232fS0x137c	[0x1852, [0x2a84, nil]]
0x40c0S0x232fS0x137c	[0x1852, [0x2a84, nil]]
0x57dcS0x232fS0x137c	[0x1852, [0x2a84, nil]]
0x594bS0x232fS0x137c	[0x1852, [0x2a84, nil]]
0x596aS0x232fS0x137c	[0x1852, [0x2a84, nil]]
0x596dS0x232fS0x137c	[0x1852, [0x2a84, nil]]
0x59c6S0x232fS0x137c	[0x1852, [0x2a84, nil]]
0x59e5S0x232fS0x137c	[0x1852, [0x2a84, nil]]
0x59e8S0x232fS0x137c	[0x1852, [0x2a84, nil]]
0x2a85S0x232fS0x137c	[0x1852, [0x2a84, nil]]
0x2a88S0x232fS0x137c	[0x1852, [0x2a84, nil]]
0x2a89S0x232fS0x137c	[0x1852, [0x2a84, nil]]
0x2a8dS0x232fS0x137c	[0x1852, [0x2a84, nil]]
0x2a90S0x232fS0x137c	[0x1852, [0x2a84, nil]]
0x2a95S0x232fS0x137c	[0x1852, [0x2a84, nil]]
0x2a98S0x232fS0x137c	[0x1852, [0x2a84, nil]]
0x2a9eS0x232fS0x137c	[0x1852, [0x2a84, nil]]
0x2aa3S0x232fS0x137c	[0x1852, [0x2a84, nil]]
0x2aa5S0x232fS0x137c	[0x1852, [0x2a84, nil]]
0x2aa6S0x232fS0x137c	[0x1852, [0x2a84, nil]]
0x2aa8S0x232fS0x137c	[0x1852, [0x2a84, nil]]
0x2aaaS0x232fS0x137c	[0x1852, [0x2a84, nil]]
0x2aabS0x232fS0x137c	[0x1852, [0x2a84, nil]]
0x2aaeS0x232fS0x137c	[0x1852, [0x2a84, nil]]
0x2ab0S0x232fS0x137c	[0x1852, [0x2a84, nil]]
0x2ab5S0x232fS0x137c	[0x1852, [0x2a84, nil]]
0x2ab7S0x232fS0x137c	[0x1852, [0x2a84, nil]]
0x2ab8S0x232fS0x137c	[0x1852, [0x2a84, nil]]
0x2abaS0x232fS0x137c	[0x1852, [0x2a84, nil]]
0x2abbS0x232fS0x137c	[0x1852, [0x2a84, nil]]
0x2abfS0x232fS0x137c	[0x1852, [0x2a84, nil]]
0x2ac0S0x232fS0x137c	[0x1852, [0x2a84, nil]]
0x2ac4S0x232fS0x137c	[0x1852, [0x2a84, nil]]
0x2ac8S0x232fS0x137c	[0x1852, [0x2a84, nil]]
0x2acaS0x232fS0x137c	[0x1852, [0x2a84, nil]]
0x2accS0x232fS0x137c	[0x1852, [0x2a84, nil]]
0x2acdS0x232fS0x137c	[0x1852, [0x2a84, nil]]
0x2aceS0x232fS0x137c	[0x1852, [0x2a84, nil]]
0x2acfS0x232fS0x137c	[0x1852, [0x2a84, nil]]
0x2b97S0x232fS0x137c	[0x1852, [0x2a84, nil]]
0x2b99S0x232fS0x137c	[0x1852, [0x2a84, nil]]
0x2b9aS0x232fS0x137c	[0x1852, [0x2a84, nil]]
0x2b9dS0x232fS0x137c	[0x1852, [0x2a84, nil]]
0x2b9fS0x232fS0x137c	[0x1852, [0x2a84, nil]]
0x2ba0S0x232fS0x137c	[0x1852, [0x2a84, nil]]
0x2ba3S0x232fS0x137c	[0x1852, [0x2a84, nil]]
0x2ba7S0x232fS0x137c	[0x1852, [0x2a84, nil]]
0x2ba9S0x232fS0x137c	[0x1852, [0x2a84, nil]]
0x2baaS0x232fS0x137c	[0x1852, [0x2a84, nil]]
0x2bacS0x232fS0x137c	[0x1852, [0x2a84, nil]]
0x2badS0x232fS0x137c	[0x1852, [0x2a84, nil]]
0x2bb1S0x232fS0x137c	[0x1852, [0x2a84, nil]]
0x2bb2S0x232fS0x137c	[0x1852, [0x2a84, nil]]
0x2bb6S0x232fS0x137c	[0x1852, [0x2a84, nil]]
0x2bbaS0x232fS0x137c	[0x1852, [0x2a84, nil]]
0x2bbcS0x232fS0x137c	[0x1852, [0x2a84, nil]]
0x2bbeS0x232fS0x137c	[0x1852, [0x2a84, nil]]
0x2bbfS0x232fS0x137c	[0x1852, [0x2a84, nil]]
0x2bc0S0x232fS0x137c	[0x1852, [0x2a84, nil]]
0x2bc2S0x232fS0x137c	[0x1852, [0x2a84, nil]]
0x2aeaS0x232fS0x137c	[0x1852, [0x2a84, nil]]
0x2aebS0x232fS0x137c	[0x1852, [0x2a84, nil]]
0x2aeeS0x232fS0x137c	[0x1852, [0x2a84, nil]]
0x2aefS0x232fS0x137c	[0x1852, [0x2a84, nil]]
0x2af0S0x232fS0x137c	[0x1852, [0x2a84, nil]]
0x2af4S0x232fS0x137c	[0x1852, [0x2a84, nil]]
0x2af5S0x232fS0x137c	[0x1852, [0x2a84, nil]]
0x2af6S0x232fS0x137c	[0x1852, [0x2a84, nil]]
0x2af9S0x232fS0x137c	[0x1852, [0x2a84, nil]]
0x2afaS0x232fS0x137c	[0x1852, [0x2a84, nil]]
0x2afbS0x232fS0x137c	[0x1852, [0x2a84, nil]]
0x2afeS0x232fS0x137c	[0x1852, [0x2a84, nil]]
0x2affS0x232fS0x137c	[0x1852, [0x2a84, nil]]
0x2b00S0x232fS0x137c	[0x1852, [0x2a84, nil]]
0x2b03S0x232fS0x137c	[0x1852, [0x2a84, nil]]
0x2b04S0x232fS0x137c	[0x1852, [0x2a84, nil]]
0x2b05S0x232fS0x137c	[0x1852, [0x2a84, nil]]
0x2b08S0x232fS0x137c	[0x1852, [0x2a84, nil]]
0x2b09S0x232fS0x137c	[0x1852, [0x2a84, nil]]
0x2b0bS0x232fS0x137c	[0x1852, [0x2a84, nil]]
0x2b0cS0x232fS0x137c	[0x1852, [0x2a84, nil]]
0x2b11S0x232fS0x137c	[0x1852, [0x2a84, nil]]
0x2b13S0x232fS0x137c	[0x1852, [0x2a84, nil]]
0x2b16S0x232fS0x137c	[0x1852, [0x2a84, nil]]
0x2b18S0x232fS0x137c	[0x1852, [0x2a84, nil]]
0x2b1aS0x232fS0x137c	[0x1852, [0x2a84, nil]]
0x2b1cS0x232fS0x137c	[0x1852, [0x2a84, nil]]
0x2b1dS0x232fS0x137c	[0x1852, [0x2a84, nil]]
0x2b20S0x232fS0x137c	[0x1852, [0x2a84, nil]]
0x2b21S0x232fS0x137c	[0x1852, [0x2a84, nil]]
0x2b24S0x232fS0x137c	[0x1852, [0x2a84, nil]]
0x2b26S0x232fS0x137c	[0x1852, [0x2a84, nil]]
0x2b27S0x232fS0x137c	[0x1852, [0x2a84, nil]]
0x2b2aS0x232fS0x137c	[0x1852, [0x2a84, nil]]
0x2b2cS0x232fS0x137c	[0x1852, [0x2a84, nil]]
0x2b2fS0x232fS0x137c	[0x1852, [0x2a84, nil]]
0x2b34S0x232fS0x137c	[0x1852, [0x2a84, nil]]
0x2b37S0x232fS0x137c	[0x1852, [0x2a84, nil]]
0x2b3cS0x232fS0x137c	[0x1852, [0x2a84, nil]]
0x2b3eS0x232fS0x137c	[0x1852, [0x2a84, nil]]
0x2b3fS0x232fS0x137c	[0x1852, [0x2a84, nil]]
0x2b42S0x232fS0x137c	[0x1852, [0x2a84, nil]]
0x2b44S0x232fS0x137c	[0x1852, [0x2a84, nil]]
0x2b47S0x232fS0x137c	[0x1852, [0x2a84, nil]]
0x2b49S0x232fS0x137c	[0x1852, [0x2a84, nil]]
0x2b4cS0x232fS0x137c	[0x1852, [0x2a84, nil]]
0x2b54S0x232fS0x137c	[0x1852, [0x2a84, nil]]
0x2b56S0x232fS0x137c	[0x1852, [0x2a84, nil]]
0x2b5cS0x232fS0x137c	[0x1852, [0x2a84, nil]]
0x2b5eS0x232fS0x137c	[0x1852, [0x2a84, nil]]
0x2b5fS0x232fS0x137c	[0x1852, [0x2a84, nil]]
0x2b61S0x232fS0x137c	[0x1852, [0x2a84, nil]]
0x2b63S0x232fS0x137c	[0x1852, [0x2a84, nil]]
0x2b66S0x232fS0x137c	[0x1852, [0x2a84, nil]]
0x2b68S0x232fS0x137c	[0x1852, [0x2a84, nil]]
0x2b6cS0x232fS0x137c	[0x1852, [0x2a84, nil]]
0x2b6dS0x232fS0x137c	[0x1852, [0x2a84, nil]]
0x2b6fS0x232fS0x137c	[0x1852, [0x2a84, nil]]
0x2b70S0x232fS0x137c	[0x1852, [0x2a84, nil]]
0x57cfS0x232fS0x137c	[0x1852, [0x2a84, nil]]
0x57d1S0x232fS0x137c	[0x1852, [0x2a84, nil]]
0x57d5S0x232fS0x137c	[0x1852, [0x2a84, nil]]
0x57d6S0x232fS0x137c	[0x1852, [0x2a84, nil]]
0x57d7S0x232fS0x137c	[0x1852, [0x2a84, nil]]
0x57d8S0x232fS0x137c	[0x1852, [0x2a84, nil]]
0x2b7aS0x232fS0x137c	[0x1852, [0x2a84, nil]]
0x2b7bS0x232fS0x137c	[0x1852, [0x2a84, nil]]
0x2b7cS0x232fS0x137c	[0x1852, [0x2a84, nil]]
0x2b7eS0x232fS0x137c	[0x1852, [0x2a84, nil]]
0x2b7fS0x232fS0x137c	[0x1852, [0x2a84, nil]]
0x2b92S0x232fS0x137c	[0x1852, [0x2a84, nil]]
0x2bf3S0x232fS0x137c	[0x1852, [0x2a84, nil]]
0x2bf1_0x0S0x232fS0x137c	[0x1852, [0x2a84, nil]]
0x2c23S0x232fS0x137c	[0x1852, [0x2a84, nil]]
0x2c24S0x232fS0x137c	[0x1852, [0x2a84, nil]]
0x2c22_0x0S0x232fS0x137c	[0x1852, [0x2a84, nil]]
0x319aS0x232fS0x137c	[0x1852, [0x2a84, nil]]
0x319cS0x232fS0x137c	[0x1852, [0x2a84, nil]]
0x319dS0x232fS0x137c	[0x1852, [0x2a84, nil]]
0x319fS0x232fS0x137c	[0x1852, [0x2a84, nil]]
0x31a1S0x232fS0x137c	[0x1852, [0x2a84, nil]]
0x31a2S0x232fS0x137c	[0x1852, [0x2a84, nil]]
0x31a5S0x232fS0x137c	[0x1852, [0x2a84, nil]]
0x31a9S0x232fS0x137c	[0x1852, [0x2a84, nil]]
0x31abS0x232fS0x137c	[0x1852, [0x2a84, nil]]
0x31acS0x232fS0x137c	[0x1852, [0x2a84, nil]]
0x31aeS0x232fS0x137c	[0x1852, [0x2a84, nil]]
0x31afS0x232fS0x137c	[0x1852, [0x2a84, nil]]
0x31b3S0x232fS0x137c	[0x1852, [0x2a84, nil]]
0x31b4S0x232fS0x137c	[0x1852, [0x2a84, nil]]
0x31b8S0x232fS0x137c	[0x1852, [0x2a84, nil]]
0x31bcS0x232fS0x137c	[0x1852, [0x2a84, nil]]
0x31beS0x232fS0x137c	[0x1852, [0x2a84, nil]]
0x31c0S0x232fS0x137c	[0x1852, [0x2a84, nil]]
0x31c1S0x232fS0x137c	[0x1852, [0x2a84, nil]]
0x31c2S0x232fS0x137c	[0x1852, [0x2a84, nil]]
0x31c4S0x232fS0x137c	[0x1852, [0x2a84, nil]]
0x2c41S0x232fS0x137c	[0x1852, [0x2a84, nil]]
0x2c42S0x232fS0x137c	[0x1852, [0x2a84, nil]]
0x2c43S0x232fS0x137c	[0x1852, [0x2a84, nil]]
0x2c45S0x232fS0x137c	[0x1852, [0x2a84, nil]]
0x2c46S0x232fS0x137c	[0x1852, [0x2a84, nil]]
0x306dS0x232fS0x137c	[0x1852, [0x2a84, nil]]
0x306fS0x232fS0x137c	[0x1852, [0x2a84, nil]]
0x3070S0x232fS0x137c	[0x1852, [0x2a84, nil]]
0x3075S0x232fS0x137c	[0x1852, [0x2a84, nil]]
0x3077S0x232fS0x137c	[0x1852, [0x2a84, nil]]
0x307aS0x232fS0x137c	[0x1852, [0x2a84, nil]]
0x307dS0x232fS0x137c	[0x1852, [0x2a84, nil]]
0x307eS0x232fS0x137c	[0x1852, [0x2a84, nil]]
0x307fS0x232fS0x137c	[0x1852, [0x2a84, nil]]
0x3081S0x232fS0x137c	[0x1852, [0x2a84, nil]]
0x3082S0x232fS0x137c	[0x1852, [0x2a84, nil]]
0x3085S0x232fS0x137c	[0x1852, [0x2a84, nil]]
0x3086S0x232fS0x137c	[0x1852, [0x2a84, nil]]
0x3087S0x232fS0x137c	[0x1852, [0x2a84, nil]]
0x2c62S0x232fS0x137c	[0x1852, [0x2a84, nil]]
0x2c64S0x232fS0x137c	[0x1852, [0x2a84, nil]]
0x2c66S0x232fS0x137c	[0x1852, [0x2a84, nil]]
0x2c68S0x232fS0x137c	[0x1852, [0x2a84, nil]]
0x2c69S0x232fS0x137c	[0x1852, [0x2a84, nil]]
0x2c6cS0x232fS0x137c	[0x1852, [0x2a84, nil]]
0x2c6dS0x232fS0x137c	[0x1852, [0x2a84, nil]]
0x2c70S0x232fS0x137c	[0x1852, [0x2a84, nil]]
0x2c75S0x232fS0x137c	[0x1852, [0x2a84, nil]]
0x2c76S0x232fS0x137c	[0x1852, [0x2a84, nil]]
0x2c79S0x232fS0x137c	[0x1852, [0x2a84, nil]]
0x2c7bS0x232fS0x137c	[0x1852, [0x2a84, nil]]
0x2c7eS0x232fS0x137c	[0x1852, [0x2a84, nil]]
0x2c83S0x232fS0x137c	[0x1852, [0x2a84, nil]]
0x2c86S0x232fS0x137c	[0x1852, [0x2a84, nil]]
0x2c87S0x232fS0x137c	[0x1852, [0x2a84, nil]]
0x2c88S0x232fS0x137c	[0x1852, [0x2a84, nil]]
0x2c8bS0x232fS0x137c	[0x1852, [0x2a84, nil]]
0x2c8cS0x232fS0x137c	[0x1852, [0x2a84, nil]]
0x2c8dS0x232fS0x137c	[0x1852, [0x2a84, nil]]
0x2c93S0x232fS0x137c	[0x1852, [0x2a84, nil]]
0x2c96S0x232fS0x137c	[0x1852, [0x2a84, nil]]
0x2c98S0x232fS0x137c	[0x1852, [0x2a84, nil]]
0x2c9aS0x232fS0x137c	[0x1852, [0x2a84, nil]]
0x2c9cS0x232fS0x137c	[0x1852, [0x2a84, nil]]
0x2c9eS0x232fS0x137c	[0x1852, [0x2a84, nil]]
0x2c9fS0x232fS0x137c	[0x1852, [0x2a84, nil]]
0x2ca0S0x232fS0x137c	[0x1852, [0x2a84, nil]]
0x2ca1S0x232fS0x137c	[0x1852, [0x2a84, nil]]
0x2ca4S0x232fS0x137c	[0x1852, [0x2a84, nil]]
0x2ca6S0x232fS0x137c	[0x1852, [0x2a84, nil]]
0x2ca8S0x232fS0x137c	[0x1852, [0x2a84, nil]]
0x2ca9S0x232fS0x137c	[0x1852, [0x2a84, nil]]
0x2cacS0x232fS0x137c	[0x1852, [0x2a84, nil]]
0x2caeS0x232fS0x137c	[0x1852, [0x2a84, nil]]
0x2cafS0x232fS0x137c	[0x1852, [0x2a84, nil]]
0x2cb2S0x232fS0x137c	[0x1852, [0x2a84, nil]]
0x2cb4S0x232fS0x137c	[0x1852, [0x2a84, nil]]
0x2cb9S0x232fS0x137c	[0x1852, [0x2a84, nil]]
0x2cbbS0x232fS0x137c	[0x1852, [0x2a84, nil]]
0x2cbcS0x232fS0x137c	[0x1852, [0x2a84, nil]]
0x2cbeS0x232fS0x137c	[0x1852, [0x2a84, nil]]
0x2cbfS0x232fS0x137c	[0x1852, [0x2a84, nil]]
0x2cc3S0x232fS0x137c	[0x1852, [0x2a84, nil]]
0x2cc4S0x232fS0x137c	[0x1852, [0x2a84, nil]]
0x2cc8S0x232fS0x137c	[0x1852, [0x2a84, nil]]
0x2cccS0x232fS0x137c	[0x1852, [0x2a84, nil]]
0x2cceS0x232fS0x137c	[0x1852, [0x2a84, nil]]
0x2cd0S0x232fS0x137c	[0x1852, [0x2a84, nil]]
0x2cd1S0x232fS0x137c	[0x1852, [0x2a84, nil]]
0x2cd2S0x232fS0x137c	[0x1852, [0x2a84, nil]]
0x2cd3S0x232fS0x137c	[0x1852, [0x2a84, nil]]
0x2ce5S0x232fS0x137c	[0x1852, [0x2a84, nil]]
0x2ce8S0x232fS0x137c	[0x1852, [0x2a84, nil]]
0x2ce9S0x232fS0x137c	[0x1852, [0x2a84, nil]]
0x2cebS0x232fS0x137c	[0x1852, [0x2a84, nil]]
0x2cecS0x232fS0x137c	[0x1852, [0x2a84, nil]]
0x2cf1S0x232fS0x137c	[0x1852, [0x2a84, nil]]
0x2cf3S0x232fS0x137c	[0x1852, [0x2a84, nil]]
0x2cf6S0x232fS0x137c	[0x1852, [0x2a84, nil]]
0x2cf8S0x232fS0x137c	[0x1852, [0x2a84, nil]]
0x2cfaS0x232fS0x137c	[0x1852, [0x2a84, nil]]
0x2cfcS0x232fS0x137c	[0x1852, [0x2a84, nil]]
0x2cfdS0x232fS0x137c	[0x1852, [0x2a84, nil]]
0x2cfeS0x232fS0x137c	[0x1852, [0x2a84, nil]]
0x2cffS0x232fS0x137c	[0x1852, [0x2a84, nil]]
0x2d02S0x232fS0x137c	[0x1852, [0x2a84, nil]]
0x2d07S0x232fS0x137c	[0x1852, [0x2a84, nil]]
0x2d0aS0x232fS0x137c	[0x1852, [0x2a84, nil]]
0x2d0cS0x232fS0x137c	[0x1852, [0x2a84, nil]]
0x2d0eS0x232fS0x137c	[0x1852, [0x2a84, nil]]
0x2d10S0x232fS0x137c	[0x1852, [0x2a84, nil]]
0x2d11S0x232fS0x137c	[0x1852, [0x2a84, nil]]
0x2d14S0x232fS0x137c	[0x1852, [0x2a84, nil]]
0x2d16S0x232fS0x137c	[0x1852, [0x2a84, nil]]
0x2d1cS0x232fS0x137c	[0x1852, [0x2a84, nil]]
0x2d1eS0x232fS0x137c	[0x1852, [0x2a84, nil]]
0x2d1fS0x232fS0x137c	[0x1852, [0x2a84, nil]]
0x2d21S0x232fS0x137c	[0x1852, [0x2a84, nil]]
0x2d23S0x232fS0x137c	[0x1852, [0x2a84, nil]]
0x2d26S0x232fS0x137c	[0x1852, [0x2a84, nil]]
0x2d29S0x232fS0x137c	[0x1852, [0x2a84, nil]]
0x2d2aS0x232fS0x137c	[0x1852, [0x2a84, nil]]
0x2d2bS0x232fS0x137c	[0x1852, [0x2a84, nil]]
0x2d2dS0x232fS0x137c	[0x1852, [0x2a84, nil]]
0x2d2eS0x232fS0x137c	[0x1852, [0x2a84, nil]]
0x2ce0S0x232fS0x137c	[0x1852, [0x2a84, nil]]
0x2eabS0x232fS0x137c	[0x1852, [0x2a84, nil]]
0x2eadS0x232fS0x137c	[0x1852, [0x2a84, nil]]
0x2eaeS0x232fS0x137c	[0x1852, [0x2a84, nil]]
0x2eb2S0x232fS0x137c	[0x1852, [0x2a84, nil]]
0x2eb4S0x232fS0x137c	[0x1852, [0x2a84, nil]]
0x2eb5S0x232fS0x137c	[0x1852, [0x2a84, nil]]
0x2eb7S0x232fS0x137c	[0x1852, [0x2a84, nil]]
0x2eb8S0x232fS0x137c	[0x1852, [0x2a84, nil]]
0x2ebcS0x232fS0x137c	[0x1852, [0x2a84, nil]]
0x2ebfS0x232fS0x137c	[0x1852, [0x2a84, nil]]
0x2ec1S0x232fS0x137c	[0x1852, [0x2a84, nil]]
0x2ec4S0x232fS0x137c	[0x1852, [0x2a84, nil]]
0x2ec6S0x232fS0x137c	[0x1852, [0x2a84, nil]]
0x2d40S0x232fS0x137c	[0x1852, [0x2a84, nil]]
0x2d42S0x232fS0x137c	[0x1852, [0x2a84, nil]]
0x2d43S0x232fS0x137c	[0x1852, [0x2a84, nil]]
0x2d44S0x232fS0x137c	[0x1852, [0x2a84, nil]]
0x2d46S0x232fS0x137c	[0x1852, [0x2a84, nil]]
0x2d47S0x232fS0x137c	[0x1852, [0x2a84, nil]]
0x2d4aS0x232fS0x137c	[0x1852, [0x2a84, nil]]
0x2d4bS0x232fS0x137c	[0x1852, [0x2a84, nil]]
0x2d4dS0x232fS0x137c	[0x1852, [0x2a84, nil]]
0x2d4fS0x232fS0x137c	[0x1852, [0x2a84, nil]]
0x2d54S0x232fS0x137c	[0x1852, [0x2a84, nil]]
0x2d56S0x232fS0x137c	[0x1852, [0x2a84, nil]]
0x2d5bS0x232fS0x137c	[0x1852, [0x2a84, nil]]
0x2d61S0x232fS0x137c	[0x1852, [0x2a84, nil]]
0x2d62S0x232fS0x137c	[0x1852, [0x2a84, nil]]
0x2d64S0x232fS0x137c	[0x1852, [0x2a84, nil]]
0x2d65S0x232fS0x137c	[0x1852, [0x2a84, nil]]
0x2d6aS0x232fS0x137c	[0x1852, [0x2a84, nil]]
0x2d6cS0x232fS0x137c	[0x1852, [0x2a84, nil]]
0x2d6fS0x232fS0x137c	[0x1852, [0x2a84, nil]]
0x2d71S0x232fS0x137c	[0x1852, [0x2a84, nil]]
0x2d73S0x232fS0x137c	[0x1852, [0x2a84, nil]]
0x2d75S0x232fS0x137c	[0x1852, [0x2a84, nil]]
0x2d76S0x232fS0x137c	[0x1852, [0x2a84, nil]]
0x2d79S0x232fS0x137c	[0x1852, [0x2a84, nil]]
0x2d7aS0x232fS0x137c	[0x1852, [0x2a84, nil]]
0x2d7dS0x232fS0x137c	[0x1852, [0x2a84, nil]]
0x2d83S0x232fS0x137c	[0x1852, [0x2a84, nil]]
0x2d85S0x232fS0x137c	[0x1852, [0x2a84, nil]]
0x2d8bS0x232fS0x137c	[0x1852, [0x2a84, nil]]
0x2d8dS0x232fS0x137c	[0x1852, [0x2a84, nil]]
0x2d8eS0x232fS0x137c	[0x1852, [0x2a84, nil]]
0x2d90S0x232fS0x137c	[0x1852, [0x2a84, nil]]
0x2d92S0x232fS0x137c	[0x1852, [0x2a84, nil]]
0x2d95S0x232fS0x137c	[0x1852, [0x2a84, nil]]
0x2d98S0x232fS0x137c	[0x1852, [0x2a84, nil]]
0x2d99S0x232fS0x137c	[0x1852, [0x2a84, nil]]
0x2d9aS0x232fS0x137c	[0x1852, [0x2a84, nil]]
0x2d9cS0x232fS0x137c	[0x1852, [0x2a84, nil]]
0x2d9dS0x232fS0x137c	[0x1852, [0x2a84, nil]]
0x2dafS0x232fS0x137c	[0x1852, [0x2a84, nil]]
0x2db1S0x232fS0x137c	[0x1852, [0x2a84, nil]]
0x2db2S0x232fS0x137c	[0x1852, [0x2a84, nil]]
0x2db3S0x232fS0x137c	[0x1852, [0x2a84, nil]]
0x2db5S0x232fS0x137c	[0x1852, [0x2a84, nil]]
0x2db6S0x232fS0x137c	[0x1852, [0x2a84, nil]]
0x2db9S0x232fS0x137c	[0x1852, [0x2a84, nil]]
0x2dbaS0x232fS0x137c	[0x1852, [0x2a84, nil]]
0x2dbcS0x232fS0x137c	[0x1852, [0x2a84, nil]]
0x2dbeS0x232fS0x137c	[0x1852, [0x2a84, nil]]
0x2dc3S0x232fS0x137c	[0x1852, [0x2a84, nil]]
0x2dc5S0x232fS0x137c	[0x1852, [0x2a84, nil]]
0x2dcaS0x232fS0x137c	[0x1852, [0x2a84, nil]]
0x2dd1S0x232fS0x137c	[0x1852, [0x2a84, nil]]
0x2dd3S0x232fS0x137c	[0x1852, [0x2a84, nil]]
0x2dd5S0x232fS0x137c	[0x1852, [0x2a84, nil]]
0x2dd7S0x232fS0x137c	[0x1852, [0x2a84, nil]]
0x2dd8S0x232fS0x137c	[0x1852, [0x2a84, nil]]
0x2ddaS0x232fS0x137c	[0x1852, [0x2a84, nil]]
0x2ddbS0x232fS0x137c	[0x1852, [0x2a84, nil]]
0x2ddcS0x232fS0x137c	[0x1852, [0x2a84, nil]]
0x2e2aS0x232fS0x137c	[0x1852, [0x2a84, nil]]
0x2b430S0x232fS0x137c	[0x1852, [0x2a84, nil]]
0x2e15S0x232fS0x137c	[0x1852, [0x2a84, nil]]
0x2e17S0x232fS0x137c	[0x1852, [0x2a84, nil]]
0x2e19S0x232fS0x137c	[0x1852, [0x2a84, nil]]
0x2e1bS0x232fS0x137c	[0x1852, [0x2a84, nil]]
0x2e1cS0x232fS0x137c	[0x1852, [0x2a84, nil]]
0x2e1eS0x232fS0x137c	[0x1852, [0x2a84, nil]]
0x2e1fS0x232fS0x137c	[0x1852, [0x2a84, nil]]
0x2e22S0x232fS0x137c	[0x1852, [0x2a84, nil]]
0x2e24S0x232fS0x137c	[0x1852, [0x2a84, nil]]
0x2e2fS0x232fS0x137c	[0x1852, [0x2a84, nil]]
0x2e31S0x232fS0x137c	[0x1852, [0x2a84, nil]]
0x2e33S0x232fS0x137c	[0x1852, [0x2a84, nil]]
0x2e35S0x232fS0x137c	[0x1852, [0x2a84, nil]]
0x2e36S0x232fS0x137c	[0x1852, [0x2a84, nil]]
0x2e37S0x232fS0x137c	[0x1852, [0x2a84, nil]]
0x2e38S0x232fS0x137c	[0x1852, [0x2a84, nil]]
0x2e3eS0x232fS0x137c	[0x1852, [0x2a84, nil]]
0x2e40S0x232fS0x137c	[0x1852, [0x2a84, nil]]
0x2e41S0x232fS0x137c	[0x1852, [0x2a84, nil]]
0x2e43S0x232fS0x137c	[0x1852, [0x2a84, nil]]
0x2e45S0x232fS0x137c	[0x1852, [0x2a84, nil]]
0x2e46S0x232fS0x137c	[0x1852, [0x2a84, nil]]
0x2e48S0x232fS0x137c	[0x1852, [0x2a84, nil]]
0x2e4aS0x232fS0x137c	[0x1852, [0x2a84, nil]]
0x2e4bS0x232fS0x137c	[0x1852, [0x2a84, nil]]
0x2e4dS0x232fS0x137c	[0x1852, [0x2a84, nil]]
0x2e4fS0x232fS0x137c	[0x1852, [0x2a84, nil]]
0x2e50S0x232fS0x137c	[0x1852, [0x2a84, nil]]
0x2e52S0x232fS0x137c	[0x1852, [0x2a84, nil]]
0x2e54S0x232fS0x137c	[0x1852, [0x2a84, nil]]
0x2e55S0x232fS0x137c	[0x1852, [0x2a84, nil]]
0x2e56S0x232fS0x137c	[0x1852, [0x2a84, nil]]
0x2e58S0x232fS0x137c	[0x1852, [0x2a84, nil]]
0x2e5aS0x232fS0x137c	[0x1852, [0x2a84, nil]]
0x2e5fS0x232fS0x137c	[0x1852, [0x2a84, nil]]
0x2e60S0x232fS0x137c	[0x1852, [0x2a84, nil]]
0x2e62S0x232fS0x137c	[0x1852, [0x2a84, nil]]
0x2e65S0x232fS0x137c	[0x1852, [0x2a84, nil]]
0x2e67S0x232fS0x137c	[0x1852, [0x2a84, nil]]
0x2e68S0x232fS0x137c	[0x1852, [0x2a84, nil]]
0x2e71S0x232fS0x137c	[0x1852, [0x2a84, nil]]
0x2e76S0x232fS0x137c	[0x1852, [0x2a84, nil]]
0x2e78S0x232fS0x137c	[0x1852, [0x2a84, nil]]
0x2e7aS0x232fS0x137c	[0x1852, [0x2a84, nil]]
0x2e7dS0x232fS0x137c	[0x1852, [0x2a84, nil]]
0x2e7fS0x232fS0x137c	[0x1852, [0x2a84, nil]]
0x2e83S0x232fS0x137c	[0x1852, [0x2a84, nil]]
0x2e84S0x232fS0x137c	[0x1852, [0x2a84, nil]]
0x2e86S0x232fS0x137c	[0x1852, [0x2a84, nil]]
0x2e87S0x232fS0x137c	[0x1852, [0x2a84, nil]]
0x2e91S0x232fS0x137c	[0x1852, [0x2a84, nil]]
0x2e92S0x232fS0x137c	[0x1852, [0x2a84, nil]]
0x2e93S0x232fS0x137c	[0x1852, [0x2a84, nil]]
0x2e95S0x232fS0x137c	[0x1852, [0x2a84, nil]]
0x2e96S0x232fS0x137c	[0x1852, [0x2a84, nil]]
0x2be30S0x232fS0x137c	[0x1852, [0x2a84, nil]]
0x2ecaS0x232fS0x137c	[0x1852, [0x2a84, nil]]
0x2eccS0x232fS0x137c	[0x1852, [0x2a84, nil]]
0x2ecdS0x232fS0x137c	[0x1852, [0x2a84, nil]]
0x2ed1S0x232fS0x137c	[0x1852, [0x2a84, nil]]
0x2ed2S0x232fS0x137c	[0x1852, [0x2a84, nil]]
0x2ed6S0x232fS0x137c	[0x1852, [0x2a84, nil]]
0x2edaS0x232fS0x137c	[0x1852, [0x2a84, nil]]
0x2edcS0x232fS0x137c	[0x1852, [0x2a84, nil]]
0x2edeS0x232fS0x137c	[0x1852, [0x2a84, nil]]
0x2edfS0x232fS0x137c	[0x1852, [0x2a84, nil]]
0x2ee0S0x232fS0x137c	[0x1852, [0x2a84, nil]]
0x2ee1S0x232fS0x137c	[0x1852, [0x2a84, nil]]
0x2fd0S0x232fS0x137c	[0x1852, [0x2a84, nil]]
0x2fd2S0x232fS0x137c	[0x1852, [0x2a84, nil]]
0x2fd4S0x232fS0x137c	[0x1852, [0x2a84, nil]]
0x2fd6S0x232fS0x137c	[0x1852, [0x2a84, nil]]
0x2fd7S0x232fS0x137c	[0x1852, [0x2a84, nil]]
0x2fd8S0x232fS0x137c	[0x1852, [0x2a84, nil]]
0x2fd9S0x232fS0x137c	[0x1852, [0x2a84, nil]]
0x2fdaS0x232fS0x137c	[0x1852, [0x2a84, nil]]
0x2fddS0x232fS0x137c	[0x1852, [0x2a84, nil]]
0x2c830S0x232fS0x137c	[0x1852, [0x2a84, nil]]
0x2f2cS0x232fS0x137c	[0x1852, [0x2a84, nil]]
0x2f2eS0x232fS0x137c	[0x1852, [0x2a84, nil]]
0x2f2fS0x232fS0x137c	[0x1852, [0x2a84, nil]]
0x2f30S0x232fS0x137c	[0x1852, [0x2a84, nil]]
0x2f32S0x232fS0x137c	[0x1852, [0x2a84, nil]]
0x2f33S0x232fS0x137c	[0x1852, [0x2a84, nil]]
0x2f36S0x232fS0x137c	[0x1852, [0x2a84, nil]]
0x2f37S0x232fS0x137c	[0x1852, [0x2a84, nil]]
0x2f39S0x232fS0x137c	[0x1852, [0x2a84, nil]]
0x2f3bS0x232fS0x137c	[0x1852, [0x2a84, nil]]
0x2f40S0x232fS0x137c	[0x1852, [0x2a84, nil]]
0x2f42S0x232fS0x137c	[0x1852, [0x2a84, nil]]
0x2f47S0x232fS0x137c	[0x1852, [0x2a84, nil]]
0x2f4cS0x232fS0x137c	[0x1852, [0x2a84, nil]]
0x2f4eS0x232fS0x137c	[0x1852, [0x2a84, nil]]
0x2f50S0x232fS0x137c	[0x1852, [0x2a84, nil]]
0x2f52S0x232fS0x137c	[0x1852, [0x2a84, nil]]
0x2f53S0x232fS0x137c	[0x1852, [0x2a84, nil]]
0x2f56S0x232fS0x137c	[0x1852, [0x2a84, nil]]
0x2f59S0x232fS0x137c	[0x1852, [0x2a84, nil]]
0x2f5cS0x232fS0x137c	[0x1852, [0x2a84, nil]]
0x2f5dS0x232fS0x137c	[0x1852, [0x2a84, nil]]
0x2f62S0x232fS0x137c	[0x1852, [0x2a84, nil]]
0x2f64S0x232fS0x137c	[0x1852, [0x2a84, nil]]
0x2f68S0x232fS0x137c	[0x1852, [0x2a84, nil]]
0x2f6bS0x232fS0x137c	[0x1852, [0x2a84, nil]]
0x2f6dS0x232fS0x137c	[0x1852, [0x2a84, nil]]
0x2f73S0x232fS0x137c	[0x1852, [0x2a84, nil]]
0x2f77S0x232fS0x137c	[0x1852, [0x2a84, nil]]
0x2f79S0x232fS0x137c	[0x1852, [0x2a84, nil]]
0x2f81S0x232fS0x137c	[0x1852, [0x2a84, nil]]
0x2f82S0x232fS0x137c	[0x1852, [0x2a84, nil]]
0x2f85S0x232fS0x137c	[0x1852, [0x2a84, nil]]
0x2f86S0x232fS0x137c	[0x1852, [0x2a84, nil]]
0x2f87S0x232fS0x137c	[0x1852, [0x2a84, nil]]
0x2f89S0x232fS0x137c	[0x1852, [0x2a84, nil]]
0x2f8aS0x232fS0x137c	[0x1852, [0x2a84, nil]]
0x2f4b_0x1S0x232fS0x137c	[0x1852, [0x2a84, nil]]
0x2f9cS0x232fS0x137c	[0x1852, [0x2a84, nil]]
0x2f9eS0x232fS0x137c	[0x1852, [0x2a84, nil]]
0x2f9fS0x232fS0x137c	[0x1852, [0x2a84, nil]]
0x2fa0S0x232fS0x137c	[0x1852, [0x2a84, nil]]
0x2fa2S0x232fS0x137c	[0x1852, [0x2a84, nil]]
0x2fa3S0x232fS0x137c	[0x1852, [0x2a84, nil]]
0x2fa6S0x232fS0x137c	[0x1852, [0x2a84, nil]]
0x2fa7S0x232fS0x137c	[0x1852, [0x2a84, nil]]
0x2fa9S0x232fS0x137c	[0x1852, [0x2a84, nil]]
0x2fabS0x232fS0x137c	[0x1852, [0x2a84, nil]]
0x2fb0S0x232fS0x137c	[0x1852, [0x2a84, nil]]
0x2fb2S0x232fS0x137c	[0x1852, [0x2a84, nil]]
0x2fb7S0x232fS0x137c	[0x1852, [0x2a84, nil]]
0x2fbcS0x232fS0x137c	[0x1852, [0x2a84, nil]]
0x2fbeS0x232fS0x137c	[0x1852, [0x2a84, nil]]
0x2fc0S0x232fS0x137c	[0x1852, [0x2a84, nil]]
0x2fc2S0x232fS0x137c	[0x1852, [0x2a84, nil]]
0x2fc3S0x232fS0x137c	[0x1852, [0x2a84, nil]]
0x2fc4S0x232fS0x137c	[0x1852, [0x2a84, nil]]
0x2fc5S0x232fS0x137c	[0x1852, [0x2a84, nil]]
0x2fc8S0x232fS0x137c	[0x1852, [0x2a84, nil]]
0x2fcbS0x232fS0x137c	[0x1852, [0x2a84, nil]]
0x2fe1S0x232fS0x137c	[0x1852, [0x2a84, nil]]
0x2fe3S0x232fS0x137c	[0x1852, [0x2a84, nil]]
0x2fe4S0x232fS0x137c	[0x1852, [0x2a84, nil]]
0x2fe6S0x232fS0x137c	[0x1852, [0x2a84, nil]]
0x2fe7S0x232fS0x137c	[0x1852, [0x2a84, nil]]
0x2fedS0x232fS0x137c	[0x1852, [0x2a84, nil]]
0x2feeS0x232fS0x137c	[0x1852, [0x2a84, nil]]
0x2ff0S0x232fS0x137c	[0x1852, [0x2a84, nil]]
0x2ff2S0x232fS0x137c	[0x1852, [0x2a84, nil]]
0x2ff4S0x232fS0x137c	[0x1852, [0x2a84, nil]]
0x2ff5S0x232fS0x137c	[0x1852, [0x2a84, nil]]
0x2ff8S0x232fS0x137c	[0x1852, [0x2a84, nil]]
0x2ffbS0x232fS0x137c	[0x1852, [0x2a84, nil]]
0x2fffS0x232fS0x137c	[0x1852, [0x2a84, nil]]
0x3000S0x232fS0x137c	[0x1852, [0x2a84, nil]]
0x3003S0x232fS0x137c	[0x1852, [0x2a84, nil]]
0x3005S0x232fS0x137c	[0x1852, [0x2a84, nil]]
0x3009S0x232fS0x137c	[0x1852, [0x2a84, nil]]
0x300aS0x232fS0x137c	[0x1852, [0x2a84, nil]]
0x300cS0x232fS0x137c	[0x1852, [0x2a84, nil]]
0x300fS0x232fS0x137c	[0x1852, [0x2a84, nil]]
0x3011S0x232fS0x137c	[0x1852, [0x2a84, nil]]
0x3015S0x232fS0x137c	[0x1852, [0x2a84, nil]]
0x3016S0x232fS0x137c	[0x1852, [0x2a84, nil]]
0x3018S0x232fS0x137c	[0x1852, [0x2a84, nil]]
0x301bS0x232fS0x137c	[0x1852, [0x2a84, nil]]
0x301dS0x232fS0x137c	[0x1852, [0x2a84, nil]]
0x3021S0x232fS0x137c	[0x1852, [0x2a84, nil]]
0x3022S0x232fS0x137c	[0x1852, [0x2a84, nil]]
0x3023S0x232fS0x137c	[0x1852, [0x2a84, nil]]
0x3025S0x232fS0x137c	[0x1852, [0x2a84, nil]]
0x3027S0x232fS0x137c	[0x1852, [0x2a84, nil]]
0x3029S0x232fS0x137c	[0x1852, [0x2a84, nil]]
0x302aS0x232fS0x137c	[0x1852, [0x2a84, nil]]
0x302dS0x232fS0x137c	[0x1852, [0x2a84, nil]]
0x3030S0x232fS0x137c	[0x1852, [0x2a84, nil]]
0x3035S0x232fS0x137c	[0x1852, [0x2a84, nil]]
0x3039S0x232fS0x137c	[0x1852, [0x2a84, nil]]
0x303aS0x232fS0x137c	[0x1852, [0x2a84, nil]]
0x303dS0x232fS0x137c	[0x1852, [0x2a84, nil]]
0x3040S0x232fS0x137c	[0x1852, [0x2a84, nil]]
0x3042S0x232fS0x137c	[0x1852, [0x2a84, nil]]
0x3046S0x232fS0x137c	[0x1852, [0x2a84, nil]]
0x3047S0x232fS0x137c	[0x1852, [0x2a84, nil]]
0x3048S0x232fS0x137c	[0x1852, [0x2a84, nil]]
0x304bS0x232fS0x137c	[0x1852, [0x2a84, nil]]
0x3050S0x232fS0x137c	[0x1852, [0x2a84, nil]]
0x3052S0x232fS0x137c	[0x1852, [0x2a84, nil]]
0x3056S0x232fS0x137c	[0x1852, [0x2a84, nil]]
0x3058S0x232fS0x137c	[0x1852, [0x2a84, nil]]
0x3059S0x232fS0x137c	[0x1852, [0x2a84, nil]]
0x305dS0x232fS0x137c	[0x1852, [0x2a84, nil]]
0x305eS0x232fS0x137c	[0x1852, [0x2a84, nil]]
0x3062S0x232fS0x137c	[0x1852, [0x2a84, nil]]
0x3068S0x232fS0x137c	[0x1852, [0x2a84, nil]]
0xffd23S0x232fS0x137c	[0x1852, [0x2a84, nil]]
0x3093S0x232fS0x137c	[0x1852, [0x2a84, nil]]
0x3094S0x232fS0x137c	[0x1852, [0x2a84, nil]]
0xbd28S0x232fS0x137c	[0x1852, [0x2a84, nil]]
0xbd2dS0x232fS0x137c	[0x1852, [0x2a84, nil]]
0xbd2fS0x232fS0x137c	[0x1852, [0x2a84, nil]]
0xbd30S0x232fS0x137c	[0x1852, [0x2a84, nil]]
0xbd33S0x232fS0x137c	[0x1852, [0x2a84, nil]]
0xbd35S0x232fS0x137c	[0x1852, [0x2a84, nil]]
0xbd38S0x232fS0x137c	[0x1852, [0x2a84, nil]]
0xbd3aS0x232fS0x137c	[0x1852, [0x2a84, nil]]
0x30d7S0x232fS0x137c	[0x1852, [0x2a84, nil]]
0x30d9S0x232fS0x137c	[0x1852, [0x2a84, nil]]
0x30daS0x232fS0x137c	[0x1852, [0x2a84, nil]]
0x30dfS0x232fS0x137c	[0x1852, [0x2a84, nil]]
0x30e1S0x232fS0x137c	[0x1852, [0x2a84, nil]]
0x30e4S0x232fS0x137c	[0x1852, [0x2a84, nil]]
0x30e7S0x232fS0x137c	[0x1852, [0x2a84, nil]]
0x30e9S0x232fS0x137c	[0x1852, [0x2a84, nil]]
0x30eaS0x232fS0x137c	[0x1852, [0x2a84, nil]]
0x30ecS0x232fS0x137c	[0x1852, [0x2a84, nil]]
0x30edS0x232fS0x137c	[0x1852, [0x2a84, nil]]
0x30eeS0x232fS0x137c	[0x1852, [0x2a84, nil]]
0x30f0S0x232fS0x137c	[0x1852, [0x2a84, nil]]
0x30f3S0x232fS0x137c	[0x1852, [0x2a84, nil]]
0x30f6S0x232fS0x137c	[0x1852, [0x2a84, nil]]
0x30f7S0x232fS0x137c	[0x1852, [0x2a84, nil]]
0x30f8S0x232fS0x137c	[0x1852, [0x2a84, nil]]
0x30faS0x232fS0x137c	[0x1852, [0x2a84, nil]]
0x30fcS0x232fS0x137c	[0x1852, [0x2a84, nil]]
0x30feS0x232fS0x137c	[0x1852, [0x2a84, nil]]
0x30ffS0x232fS0x137c	[0x1852, [0x2a84, nil]]
0x3100S0x232fS0x137c	[0x1852, [0x2a84, nil]]
0x3101S0x232fS0x137c	[0x1852, [0x2a84, nil]]
0xbd5dS0x232fS0x137c	[0x1852, [0x2a84, nil]]
0xbd5fS0x232fS0x137c	[0x1852, [0x2a84, nil]]
0xbd62S0x232fS0x137c	[0x1852, [0x2a84, nil]]
0x312cS0x232fS0x137c	[0x1852, [0x2a84, nil]]
0x312eS0x232fS0x137c	[0x1852, [0x2a84, nil]]
0x312fS0x232fS0x137c	[0x1852, [0x2a84, nil]]
0x3132S0x232fS0x137c	[0x1852, [0x2a84, nil]]
0x3134S0x232fS0x137c	[0x1852, [0x2a84, nil]]
0x3135S0x232fS0x137c	[0x1852, [0x2a84, nil]]
0x3138S0x232fS0x137c	[0x1852, [0x2a84, nil]]
0x313cS0x232fS0x137c	[0x1852, [0x2a84, nil]]
0x313eS0x232fS0x137c	[0x1852, [0x2a84, nil]]
0x313fS0x232fS0x137c	[0x1852, [0x2a84, nil]]
0x3141S0x232fS0x137c	[0x1852, [0x2a84, nil]]
0x3142S0x232fS0x137c	[0x1852, [0x2a84, nil]]
0x3146S0x232fS0x137c	[0x1852, [0x2a84, nil]]
0x3147S0x232fS0x137c	[0x1852, [0x2a84, nil]]
0x314bS0x232fS0x137c	[0x1852, [0x2a84, nil]]
0x314fS0x232fS0x137c	[0x1852, [0x2a84, nil]]
0x3151S0x232fS0x137c	[0x1852, [0x2a84, nil]]
0x3153S0x232fS0x137c	[0x1852, [0x2a84, nil]]
0x3154S0x232fS0x137c	[0x1852, [0x2a84, nil]]
0x3155S0x232fS0x137c	[0x1852, [0x2a84, nil]]
0x3156S0x232fS0x137c	[0x1852, [0x2a84, nil]]
0x311dS0x232fS0x137c	[0x1852, [0x2a84, nil]]
0x311fS0x232fS0x137c	[0x1852, [0x2a84, nil]]
0x3121S0x232fS0x137c	[0x1852, [0x2a84, nil]]
0x3123S0x232fS0x137c	[0x1852, [0x2a84, nil]]
0x3124S0x232fS0x137c	[0x1852, [0x2a84, nil]]
0x3125S0x232fS0x137c	[0x1852, [0x2a84, nil]]
0x3126S0x232fS0x137c	[0x1852, [0x2a84, nil]]
0x3129S0x232fS0x137c	[0x1852, [0x2a84, nil]]
0x2d230S0x232fS0x137c	[0x1852, [0x2a84, nil]]
0x3168S0x232fS0x137c	[0x1852, [0x2a84, nil]]
0x316cS0x232fS0x137c	[0x1852, [0x2a84, nil]]
0x316fS0x232fS0x137c	[0x1852, [0x2a84, nil]]
0x3163S0x232fS0x137c	[0x1852, [0x2a84, nil]]
0x3173S0x232fS0x137c	[0x1852, [0x2a84, nil]]
0x3176S0x232fS0x137c	[0x1852, [0x2a84, nil]]
0x3177S0x232fS0x137c	[0x1852, [0x2a84, nil]]
0x3178S0x232fS0x137c	[0x1852, [0x2a84, nil]]
0x317aS0x232fS0x137c	[0x1852, [0x2a84, nil]]
0x317cS0x232fS0x137c	[0x1852, [0x2a84, nil]]
0x317eS0x232fS0x137c	[0x1852, [0x2a84, nil]]
0x317fS0x232fS0x137c	[0x1852, [0x2a84, nil]]
0x3182S0x232fS0x137c	[0x1852, [0x2a84, nil]]
0x3183S0x232fS0x137c	[0x1852, [0x2a84, nil]]
0x3186S0x232fS0x137c	[0x1852, [0x2a84, nil]]
0x3188S0x232fS0x137c	[0x1852, [0x2a84, nil]]
0x318bS0x232fS0x137c	[0x1852, [0x2a84, nil]]
0x318cS0x232fS0x137c	[0x1852, [0x2a84, nil]]
0x318dS0x232fS0x137c	[0x1852, [0x2a84, nil]]
0x318eS0x232fS0x137c	[0x1852, [0x2a84, nil]]
0x3191S0x232fS0x137c	[0x1852, [0x2a84, nil]]
0x2dc30S0x232fS0x137c	[0x1852, [0x2a84, nil]]
0x3170_0x0S0x232fS0x137c	[0x1852, [0x2a84, nil]]
0x31f4S0x232fS0x137c	[0x1852, [0x2a84, nil]]
0x31f5S0x232fS0x137c	[0x1852, [0x2a84, nil]]
0x31f3_0x0S0x232fS0x137c	[0x1852, [0x2a84, nil]]
0x32cfS0x232fS0x137c	[0x1852, [0x2a84, nil]]
0x32d1S0x232fS0x137c	[0x1852, [0x2a84, nil]]
0x32d2S0x232fS0x137c	[0x1852, [0x2a84, nil]]
0x32d5S0x232fS0x137c	[0x1852, [0x2a84, nil]]
0x32d7S0x232fS0x137c	[0x1852, [0x2a84, nil]]
0x32d8S0x232fS0x137c	[0x1852, [0x2a84, nil]]
0x32dbS0x232fS0x137c	[0x1852, [0x2a84, nil]]
0x32dfS0x232fS0x137c	[0x1852, [0x2a84, nil]]
0x32e1S0x232fS0x137c	[0x1852, [0x2a84, nil]]
0x32e2S0x232fS0x137c	[0x1852, [0x2a84, nil]]
0x32e4S0x232fS0x137c	[0x1852, [0x2a84, nil]]
0x32e5S0x232fS0x137c	[0x1852, [0x2a84, nil]]
0x32e9S0x232fS0x137c	[0x1852, [0x2a84, nil]]
0x32eaS0x232fS0x137c	[0x1852, [0x2a84, nil]]
0x32eeS0x232fS0x137c	[0x1852, [0x2a84, nil]]
0x32f2S0x232fS0x137c	[0x1852, [0x2a84, nil]]
0x32f4S0x232fS0x137c	[0x1852, [0x2a84, nil]]
0x32f6S0x232fS0x137c	[0x1852, [0x2a84, nil]]
0x32f7S0x232fS0x137c	[0x1852, [0x2a84, nil]]
0x32f8S0x232fS0x137c	[0x1852, [0x2a84, nil]]
0x32faS0x232fS0x137c	[0x1852, [0x2a84, nil]]
0x3211S0x232fS0x137c	[0x1852, [0x2a84, nil]]
0x3213S0x232fS0x137c	[0x1852, [0x2a84, nil]]
0x3217S0x232fS0x137c	[0x1852, [0x2a84, nil]]
0x3219S0x232fS0x137c	[0x1852, [0x2a84, nil]]
0x321aS0x232fS0x137c	[0x1852, [0x2a84, nil]]
0x321cS0x232fS0x137c	[0x1852, [0x2a84, nil]]
0x321eS0x232fS0x137c	[0x1852, [0x2a84, nil]]
0x321fS0x232fS0x137c	[0x1852, [0x2a84, nil]]
0x3220S0x232fS0x137c	[0x1852, [0x2a84, nil]]
0x3223S0x232fS0x137c	[0x1852, [0x2a84, nil]]
0x593eS0x232fS0x137c	[0x1852, [0x2a84, nil]]
0x5940S0x232fS0x137c	[0x1852, [0x2a84, nil]]
0x5944S0x232fS0x137c	[0x1852, [0x2a84, nil]]
0x5945S0x232fS0x137c	[0x1852, [0x2a84, nil]]
0x5946S0x232fS0x137c	[0x1852, [0x2a84, nil]]
0x5947S0x232fS0x137c	[0x1852, [0x2a84, nil]]
0x3228S0x232fS0x137c	[0x1852, [0x2a84, nil]]
0x322aS0x232fS0x137c	[0x1852, [0x2a84, nil]]
0x322cS0x232fS0x137c	[0x1852, [0x2a84, nil]]
0x322eS0x232fS0x137c	[0x1852, [0x2a84, nil]]
0x322fS0x232fS0x137c	[0x1852, [0x2a84, nil]]
0x3232S0x232fS0x137c	[0x1852, [0x2a84, nil]]
0x3233S0x232fS0x137c	[0x1852, [0x2a84, nil]]
0x3236S0x232fS0x137c	[0x1852, [0x2a84, nil]]
0x3238S0x232fS0x137c	[0x1852, [0x2a84, nil]]
0x323bS0x232fS0x137c	[0x1852, [0x2a84, nil]]
0x3240S0x232fS0x137c	[0x1852, [0x2a84, nil]]
0x3243S0x232fS0x137c	[0x1852, [0x2a84, nil]]
0x3244S0x232fS0x137c	[0x1852, [0x2a84, nil]]
0x3248S0x232fS0x137c	[0x1852, [0x2a84, nil]]
0x324dS0x232fS0x137c	[0x1852, [0x2a84, nil]]
0x324fS0x232fS0x137c	[0x1852, [0x2a84, nil]]
0x3252S0x232fS0x137c	[0x1852, [0x2a84, nil]]
0x3254S0x232fS0x137c	[0x1852, [0x2a84, nil]]
0x3256S0x232fS0x137c	[0x1852, [0x2a84, nil]]
0x3258S0x232fS0x137c	[0x1852, [0x2a84, nil]]
0x325aS0x232fS0x137c	[0x1852, [0x2a84, nil]]
0x325bS0x232fS0x137c	[0x1852, [0x2a84, nil]]
0x325cS0x232fS0x137c	[0x1852, [0x2a84, nil]]
0x325dS0x232fS0x137c	[0x1852, [0x2a84, nil]]
0x3260S0x232fS0x137c	[0x1852, [0x2a84, nil]]
0x3262S0x232fS0x137c	[0x1852, [0x2a84, nil]]
0x3264S0x232fS0x137c	[0x1852, [0x2a84, nil]]
0x3265S0x232fS0x137c	[0x1852, [0x2a84, nil]]
0x3267S0x232fS0x137c	[0x1852, [0x2a84, nil]]
0x3269S0x232fS0x137c	[0x1852, [0x2a84, nil]]
0x326aS0x232fS0x137c	[0x1852, [0x2a84, nil]]
0x326dS0x232fS0x137c	[0x1852, [0x2a84, nil]]
0x3271S0x232fS0x137c	[0x1852, [0x2a84, nil]]
0x3273S0x232fS0x137c	[0x1852, [0x2a84, nil]]
0x3274S0x232fS0x137c	[0x1852, [0x2a84, nil]]
0x3276S0x232fS0x137c	[0x1852, [0x2a84, nil]]
0x3277S0x232fS0x137c	[0x1852, [0x2a84, nil]]
0x327bS0x232fS0x137c	[0x1852, [0x2a84, nil]]
0x327cS0x232fS0x137c	[0x1852, [0x2a84, nil]]
0x3280S0x232fS0x137c	[0x1852, [0x2a84, nil]]
0x3284S0x232fS0x137c	[0x1852, [0x2a84, nil]]
0x3286S0x232fS0x137c	[0x1852, [0x2a84, nil]]
0x3288S0x232fS0x137c	[0x1852, [0x2a84, nil]]
0x3289S0x232fS0x137c	[0x1852, [0x2a84, nil]]
0x328aS0x232fS0x137c	[0x1852, [0x2a84, nil]]
0x328bS0x232fS0x137c	[0x1852, [0x2a84, nil]]
0x329dS0x232fS0x137c	[0x1852, [0x2a84, nil]]
0x32a1S0x232fS0x137c	[0x1852, [0x2a84, nil]]
0x3298S0x232fS0x137c	[0x1852, [0x2a84, nil]]
0x3ed3S0x232fS0x137c	[0x1852, [0x2a84, nil]]
0x3ed6S0x232fS0x137c	[0x1852, [0x2a84, nil]]
0x3ed7S0x232fS0x137c	[0x1852, [0x2a84, nil]]
0x3ed8S0x232fS0x137c	[0x1852, [0x2a84, nil]]
0x3edbS0x232fS0x137c	[0x1852, [0x2a84, nil]]
0x3eddS0x232fS0x137c	[0x1852, [0x2a84, nil]]
0x3edfS0x232fS0x137c	[0x1852, [0x2a84, nil]]
0x3ee1S0x232fS0x137c	[0x1852, [0x2a84, nil]]
0x3ee2S0x232fS0x137c	[0x1852, [0x2a84, nil]]
0x3ee3S0x232fS0x137c	[0x1852, [0x2a84, nil]]
0x3ee4S0x232fS0x137c	[0x1852, [0x2a84, nil]]
0x3ee5S0x232fS0x137c	[0x1852, [0x2a84, nil]]
0x3ee6S0x232fS0x137c	[0x1852, [0x2a84, nil]]
0xffd75S0x232fS0x137c	[0x1852, [0x2a84, nil]]
0xffd77S0x232fS0x137c	[0x1852, [0x2a84, nil]]
0xffd78S0x232fS0x137c	[0x1852, [0x2a84, nil]]
0xffd79S0x232fS0x137c	[0x1852, [0x2a84, nil]]
0xffd7bS0x232fS0x137c	[0x1852, [0x2a84, nil]]
0xffd7dS0x232fS0x137c	[0x1852, [0x2a84, nil]]
0xffd7fS0x232fS0x137c	[0x1852, [0x2a84, nil]]
0xffd80S0x232fS0x137c	[0x1852, [0x2a84, nil]]
0xffd83S0x232fS0x137c	[0x1852, [0x2a84, nil]]
0xffd84S0x232fS0x137c	[0x1852, [0x2a84, nil]]
0xffd87S0x232fS0x137c	[0x1852, [0x2a84, nil]]
0xffd89S0x232fS0x137c	[0x1852, [0x2a84, nil]]
0xffd8dS0x232fS0x137c	[0x1852, [0x2a84, nil]]
0xffd8eS0x232fS0x137c	[0x1852, [0x2a84, nil]]
0xffd91S0x232fS0x137c	[0x1852, [0x2a84, nil]]
0xffd94S0x232fS0x137c	[0x1852, [0x2a84, nil]]
0xffd96S0x232fS0x137c	[0x1852, [0x2a84, nil]]
0xffdbdS0x232fS0x137c	[0x1852, [0x2a84, nil]]
0xffdbfS0x232fS0x137c	[0x1852, [0x2a84, nil]]
0xffdc0S0x232fS0x137c	[0x1852, [0x2a84, nil]]
0xffdc1S0x232fS0x137c	[0x1852, [0x2a84, nil]]
0xffdc3S0x232fS0x137c	[0x1852, [0x2a84, nil]]
0xffdc5S0x232fS0x137c	[0x1852, [0x2a84, nil]]
0xffdc7S0x232fS0x137c	[0x1852, [0x2a84, nil]]
0xffdc8S0x232fS0x137c	[0x1852, [0x2a84, nil]]
0xffdcbS0x232fS0x137c	[0x1852, [0x2a84, nil]]
0xffdccS0x232fS0x137c	[0x1852, [0x2a84, nil]]
0xffdcfS0x232fS0x137c	[0x1852, [0x2a84, nil]]
0xffdd1S0x232fS0x137c	[0x1852, [0x2a84, nil]]
0xffdd5S0x232fS0x137c	[0x1852, [0x2a84, nil]]
0xffdd6S0x232fS0x137c	[0x1852, [0x2a84, nil]]
0xffdd9S0x232fS0x137c	[0x1852, [0x2a84, nil]]
0xffddcS0x232fS0x137c	[0x1852, [0x2a84, nil]]
0xffddeS0x232fS0x137c	[0x1852, [0x2a84, nil]]
0x401eS0x232fS0x137c	[0x1852, [0x2a84, nil]]
0x4021S0x232fS0x137c	[0x1852, [0x2a84, nil]]
0x4023S0x232fS0x137c	[0x1852, [0x2a84, nil]]
0x4024S0x232fS0x137c	[0x1852, [0x2a84, nil]]
0x4025S0x232fS0x137c	[0x1852, [0x2a84, nil]]
0x4026S0x232fS0x137c	[0x1852, [0x2a84, nil]]
0x4027S0x232fS0x137c	[0x1852, [0x2a84, nil]]
0x4028S0x232fS0x137c	[0x1852, [0x2a84, nil]]
0x332aS0x232fS0x137c	[0x1852, [0x2a84, nil]]
0x332bS0x232fS0x137c	[0x1852, [0x2a84, nil]]
0x3329_0x0S0x232fS0x137c	[0x1852, [0x2a84, nil]]
0x3552S0x232fS0x137c	[0x1852, [0x2a84, nil]]
0x3348S0x232fS0x137c	[0x1852, [0x2a84, nil]]
0x3349S0x232fS0x137c	[0x1852, [0x2a84, nil]]
0x334aS0x232fS0x137c	[0x1852, [0x2a84, nil]]
0x334cS0x232fS0x137c	[0x1852, [0x2a84, nil]]
0x334dS0x232fS0x137c	[0x1852, [0x2a84, nil]]
0x59b9S0x232fS0x137c	[0x1852, [0x2a84, nil]]
0x59bbS0x232fS0x137c	[0x1852, [0x2a84, nil]]
0x59bfS0x232fS0x137c	[0x1852, [0x2a84, nil]]
0x59c0S0x232fS0x137c	[0x1852, [0x2a84, nil]]
0x59c1S0x232fS0x137c	[0x1852, [0x2a84, nil]]
0x59c2S0x232fS0x137c	[0x1852, [0x2a84, nil]]
0x33e5S0x232fS0x137c	[0x1852, [0x2a84, nil]]
0x33e6S0x232fS0x137c	[0x1852, [0x2a84, nil]]
0x33ebS0x232fS0x137c	[0x1852, [0x2a84, nil]]
0x33edS0x232fS0x137c	[0x1852, [0x2a84, nil]]
0x33f0S0x232fS0x137c	[0x1852, [0x2a84, nil]]
0x33f3S0x232fS0x137c	[0x1852, [0x2a84, nil]]
0x33f5S0x232fS0x137c	[0x1852, [0x2a84, nil]]
0x33f6S0x232fS0x137c	[0x1852, [0x2a84, nil]]
0x33faS0x232fS0x137c	[0x1852, [0x2a84, nil]]
0x33fdS0x232fS0x137c	[0x1852, [0x2a84, nil]]
0x3378S0x232fS0x137c	[0x1852, [0x2a84, nil]]
0x3379S0x232fS0x137c	[0x1852, [0x2a84, nil]]
0xbd85S0x232fS0x137c	[0x1852, [0x2a84, nil]]
0xbd8aS0x232fS0x137c	[0x1852, [0x2a84, nil]]
0xbd8cS0x232fS0x137c	[0x1852, [0x2a84, nil]]
0xbd8dS0x232fS0x137c	[0x1852, [0x2a84, nil]]
0xbd90S0x232fS0x137c	[0x1852, [0x2a84, nil]]
0xbd92S0x232fS0x137c	[0x1852, [0x2a84, nil]]
0xbd95S0x232fS0x137c	[0x1852, [0x2a84, nil]]
0xbd97S0x232fS0x137c	[0x1852, [0x2a84, nil]]
0x33bdS0x232fS0x137c	[0x1852, [0x2a84, nil]]
0x33beS0x232fS0x137c	[0x1852, [0x2a84, nil]]
0x33c3S0x232fS0x137c	[0x1852, [0x2a84, nil]]
0x33c5S0x232fS0x137c	[0x1852, [0x2a84, nil]]
0x33caS0x232fS0x137c	[0x1852, [0x2a84, nil]]
0x33ceS0x232fS0x137c	[0x1852, [0x2a84, nil]]
0x33d0S0x232fS0x137c	[0x1852, [0x2a84, nil]]
0x33d1S0x232fS0x137c	[0x1852, [0x2a84, nil]]
0x33d3S0x232fS0x137c	[0x1852, [0x2a84, nil]]
0x33d4S0x232fS0x137c	[0x1852, [0x2a84, nil]]
0x33d5S0x232fS0x137c	[0x1852, [0x2a84, nil]]
0x33d7S0x232fS0x137c	[0x1852, [0x2a84, nil]]
0x33dbS0x232fS0x137c	[0x1852, [0x2a84, nil]]
0x33dcS0x232fS0x137c	[0x1852, [0x2a84, nil]]
0x33dfS0x232fS0x137c	[0x1852, [0x2a84, nil]]
0xbdbaS0x232fS0x137c	[0x1852, [0x2a84, nil]]
0xbdbcS0x232fS0x137c	[0x1852, [0x2a84, nil]]
0xbdbfS0x232fS0x137c	[0x1852, [0x2a84, nil]]
0xffe2eS0x232fS0x137c	[0x1852, [0x2a84, nil]]
0x3400S0x232fS0x137c	[0x1852, [0x2a84, nil]]
0x3402S0x232fS0x137c	[0x1852, [0x2a84, nil]]
0x3403S0x232fS0x137c	[0x1852, [0x2a84, nil]]
0x3407S0x232fS0x137c	[0x1852, [0x2a84, nil]]
0x3408S0x232fS0x137c	[0x1852, [0x2a84, nil]]
0x3409S0x232fS0x137c	[0x1852, [0x2a84, nil]]
0x340bS0x232fS0x137c	[0x1852, [0x2a84, nil]]
0x340cS0x232fS0x137c	[0x1852, [0x2a84, nil]]
0x340eS0x232fS0x137c	[0x1852, [0x2a84, nil]]
0x3411S0x232fS0x137c	[0x1852, [0x2a84, nil]]
0x3412S0x232fS0x137c	[0x1852, [0x2a84, nil]]
0x341cS0x232fS0x137c	[0x1852, [0x2a84, nil]]
0x341eS0x232fS0x137c	[0x1852, [0x2a84, nil]]
0x3421S0x232fS0x137c	[0x1852, [0x2a84, nil]]
0x3422S0x232fS0x137c	[0x1852, [0x2a84, nil]]
0x3426S0x232fS0x137c	[0x1852, [0x2a84, nil]]
0x3429S0x232fS0x137c	[0x1852, [0x2a84, nil]]
0x342cS0x232fS0x137c	[0x1852, [0x2a84, nil]]
0x342dS0x232fS0x137c	[0x1852, [0x2a84, nil]]
0x3480S0x232fS0x137c	[0x1852, [0x2a84, nil]]
0x3481S0x232fS0x137c	[0x1852, [0x2a84, nil]]
0x3483S0x232fS0x137c	[0x1852, [0x2a84, nil]]
0x3484S0x232fS0x137c	[0x1852, [0x2a84, nil]]
0x344eS0x232fS0x137c	[0x1852, [0x2a84, nil]]
0x3451S0x232fS0x137c	[0x1852, [0x2a84, nil]]
0x3454S0x232fS0x137c	[0x1852, [0x2a84, nil]]
0x3456S0x232fS0x137c	[0x1852, [0x2a84, nil]]
0x3458S0x232fS0x137c	[0x1852, [0x2a84, nil]]
0x2fa30S0x232fS0x137c	[0x1852, [0x2a84, nil]]
0x345cS0x232fS0x137c	[0x1852, [0x2a84, nil]]
0x3460S0x232fS0x137c	[0x1852, [0x2a84, nil]]
0x3462S0x232fS0x137c	[0x1852, [0x2a84, nil]]
0x3464S0x232fS0x137c	[0x1852, [0x2a84, nil]]
0x3466S0x232fS0x137c	[0x1852, [0x2a84, nil]]
0x3469S0x232fS0x137c	[0x1852, [0x2a84, nil]]
0x346aS0x232fS0x137c	[0x1852, [0x2a84, nil]]
0x345a_0x0S0x232fS0x137c	[0x1852, [0x2a84, nil]]
0x345a_0x1S0x232fS0x137c	[0x1852, [0x2a84, nil]]
0x34c9S0x232fS0x137c	[0x1852, [0x2a84, nil]]
0x34cdS0x232fS0x137c	[0x1852, [0x2a84, nil]]
0x34cfS0x232fS0x137c	[0x1852, [0x2a84, nil]]
0x34d1S0x232fS0x137c	[0x1852, [0x2a84, nil]]
0x34d3S0x232fS0x137c	[0x1852, [0x2a84, nil]]
0x34d5S0x232fS0x137c	[0x1852, [0x2a84, nil]]
0x34daS0x232fS0x137c	[0x1852, [0x2a84, nil]]
0x34ddS0x232fS0x137c	[0x1852, [0x2a84, nil]]
0xbde2S0x232fS0x137c	[0x1852, [0x2a84, nil]]
0xbde4S0x232fS0x137c	[0x1852, [0x2a84, nil]]
0xbde7S0x232fS0x137c	[0x1852, [0x2a84, nil]]
0x34e0S0x232fS0x137c	[0x1852, [0x2a84, nil]]
0x34e1S0x232fS0x137c	[0x1852, [0x2a84, nil]]
0x34e6S0x232fS0x137c	[0x1852, [0x2a84, nil]]
0x34e8S0x232fS0x137c	[0x1852, [0x2a84, nil]]
0x34ebS0x232fS0x137c	[0x1852, [0x2a84, nil]]
0x34eeS0x232fS0x137c	[0x1852, [0x2a84, nil]]
0x34f2S0x232fS0x137c	[0x1852, [0x2a84, nil]]
0x34f7S0x232fS0x137c	[0x1852, [0x2a84, nil]]
0x34fcS0x232fS0x137c	[0x1852, [0x2a84, nil]]
0x34feS0x232fS0x137c	[0x1852, [0x2a84, nil]]
0x34ffS0x232fS0x137c	[0x1852, [0x2a84, nil]]
0x3502S0x232fS0x137c	[0x1852, [0x2a84, nil]]
0x3504S0x232fS0x137c	[0x1852, [0x2a84, nil]]
0x3505S0x232fS0x137c	[0x1852, [0x2a84, nil]]
0x3508S0x232fS0x137c	[0x1852, [0x2a84, nil]]
0x350cS0x232fS0x137c	[0x1852, [0x2a84, nil]]
0x350eS0x232fS0x137c	[0x1852, [0x2a84, nil]]
0x350fS0x232fS0x137c	[0x1852, [0x2a84, nil]]
0x3511S0x232fS0x137c	[0x1852, [0x2a84, nil]]
0x3512S0x232fS0x137c	[0x1852, [0x2a84, nil]]
0x3516S0x232fS0x137c	[0x1852, [0x2a84, nil]]
0x3517S0x232fS0x137c	[0x1852, [0x2a84, nil]]
0x351bS0x232fS0x137c	[0x1852, [0x2a84, nil]]
0x351fS0x232fS0x137c	[0x1852, [0x2a84, nil]]
0x3521S0x232fS0x137c	[0x1852, [0x2a84, nil]]
0x3523S0x232fS0x137c	[0x1852, [0x2a84, nil]]
0x3524S0x232fS0x137c	[0x1852, [0x2a84, nil]]
0x3525S0x232fS0x137c	[0x1852, [0x2a84, nil]]
0x3526S0x232fS0x137c	[0x1852, [0x2a84, nil]]
0x353aS0x232fS0x137c	[0x1852, [0x2a84, nil]]
0x353eS0x232fS0x137c	[0x1852, [0x2a84, nil]]
0x3541S0x232fS0x137c	[0x1852, [0x2a84, nil]]
0x3535S0x232fS0x137c	[0x1852, [0x2a84, nil]]
0xffe55S0x232fS0x137c	[0x1852, [0x2a84, nil]]
0x30e30S0x232fS0x137c	[0x1852, [0x2a84, nil]]
0x3f03S0x232fS0x137c	[0x1852, [0x2a84, nil]]
0x3f04S0x232fS0x137c	[0x1852, [0x2a84, nil]]
0x3f07S0x232fS0x137c	[0x1852, [0x2a84, nil]]
0x3f08S0x232fS0x137c	[0x1852, [0x2a84, nil]]
0x3f09S0x232fS0x137c	[0x1852, [0x2a84, nil]]
0x3f0bS0x232fS0x137c	[0x1852, [0x2a84, nil]]
0x3f0cS0x232fS0x137c	[0x1852, [0x2a84, nil]]
0x3f11S0x232fS0x137c	[0x1852, [0x2a84, nil]]
0x3f13S0x232fS0x137c	[0x1852, [0x2a84, nil]]
0x3f16S0x232fS0x137c	[0x1852, [0x2a84, nil]]
0x3f18S0x232fS0x137c	[0x1852, [0x2a84, nil]]
0x3f1aS0x232fS0x137c	[0x1852, [0x2a84, nil]]
0x3f1cS0x232fS0x137c	[0x1852, [0x2a84, nil]]
0x3f1dS0x232fS0x137c	[0x1852, [0x2a84, nil]]
0x3f20S0x232fS0x137c	[0x1852, [0x2a84, nil]]
0x3f22S0x232fS0x137c	[0x1852, [0x2a84, nil]]
0x3f28S0x232fS0x137c	[0x1852, [0x2a84, nil]]
0x3f2cS0x232fS0x137c	[0x1852, [0x2a84, nil]]
0x3f2eS0x232fS0x137c	[0x1852, [0x2a84, nil]]
0x3f32S0x232fS0x137c	[0x1852, [0x2a84, nil]]
0x3f34S0x232fS0x137c	[0x1852, [0x2a84, nil]]
0x3f38S0x232fS0x137c	[0x1852, [0x2a84, nil]]
0x3f3aS0x232fS0x137c	[0x1852, [0x2a84, nil]]
0x3f3cS0x232fS0x137c	[0x1852, [0x2a84, nil]]
0x3f3fS0x232fS0x137c	[0x1852, [0x2a84, nil]]
0x3f41S0x232fS0x137c	[0x1852, [0x2a84, nil]]
0x3f45S0x232fS0x137c	[0x1852, [0x2a84, nil]]
0x3f46S0x232fS0x137c	[0x1852, [0x2a84, nil]]
0x3f48S0x232fS0x137c	[0x1852, [0x2a84, nil]]
0x3f49S0x232fS0x137c	[0x1852, [0x2a84, nil]]
0x3f53S0x232fS0x137c	[0x1852, [0x2a84, nil]]
0x3f54S0x232fS0x137c	[0x1852, [0x2a84, nil]]
0x3f55S0x232fS0x137c	[0x1852, [0x2a84, nil]]
0x3f57S0x232fS0x137c	[0x1852, [0x2a84, nil]]
0x3f58S0x232fS0x137c	[0x1852, [0x2a84, nil]]
0x3f6aS0x232fS0x137c	[0x1852, [0x2a84, nil]]
0x3f6dS0x232fS0x137c	[0x1852, [0x2a84, nil]]
0x3f6fS0x232fS0x137c	[0x1852, [0x2a84, nil]]
0x3f70S0x232fS0x137c	[0x1852, [0x2a84, nil]]
0x3f71S0x232fS0x137c	[0x1852, [0x2a84, nil]]
0x3f73S0x232fS0x137c	[0x1852, [0x2a84, nil]]
0x3f75S0x232fS0x137c	[0x1852, [0x2a84, nil]]
0x3f77S0x232fS0x137c	[0x1852, [0x2a84, nil]]
0x3f78S0x232fS0x137c	[0x1852, [0x2a84, nil]]
0x3f79S0x232fS0x137c	[0x1852, [0x2a84, nil]]
0x3f7bS0x232fS0x137c	[0x1852, [0x2a84, nil]]
0x3f7dS0x232fS0x137c	[0x1852, [0x2a84, nil]]
0x3f7eS0x232fS0x137c	[0x1852, [0x2a84, nil]]
0x3f7fS0x232fS0x137c	[0x1852, [0x2a84, nil]]
0x3f81S0x232fS0x137c	[0x1852, [0x2a84, nil]]
0x3f82S0x232fS0x137c	[0x1852, [0x2a84, nil]]
0x3f84S0x232fS0x137c	[0x1852, [0x2a84, nil]]
0x3f86S0x232fS0x137c	[0x1852, [0x2a84, nil]]
0x3f89S0x232fS0x137c	[0x1852, [0x2a84, nil]]
0x3f8dS0x232fS0x137c	[0x1852, [0x2a84, nil]]
0x3f8eS0x232fS0x137c	[0x1852, [0x2a84, nil]]
0x3f93S0x232fS0x137c	[0x1852, [0x2a84, nil]]
0x3f95S0x232fS0x137c	[0x1852, [0x2a84, nil]]
0x3f98S0x232fS0x137c	[0x1852, [0x2a84, nil]]
0x3f99S0x232fS0x137c	[0x1852, [0x2a84, nil]]
0x3fbfS0x232fS0x137c	[0x1852, [0x2a84, nil]]
0x37c30S0x232fS0x137c	[0x1852, [0x2a84, nil]]
0x3fc9S0x232fS0x137c	[0x1852, [0x2a84, nil]]
0x4017S0x232fS0x137c	[0x1852, [0x2a84, nil]]
0x4019S0x232fS0x137c	[0x1852, [0x2a84, nil]]
0x401aS0x232fS0x137c	[0x1852, [0x2a84, nil]]
0xbfceS0x232fS0x137c	[0x1852, [0x2a84, nil]]
0xbfd0S0x232fS0x137c	[0x1852, [0x2a84, nil]]
0xbfd3S0x232fS0x137c	[0x1852, [0x2a84, nil]]
0x406eS0x232fS0x137c	[0x1852, [0x2a84, nil]]
0x4070S0x232fS0x137c	[0x1852, [0x2a84, nil]]
0x4071S0x232fS0x137c	[0x1852, [0x2a84, nil]]
0x4072S0x232fS0x137c	[0x1852, [0x2a84, nil]]
0x4074S0x232fS0x137c	[0x1852, [0x2a84, nil]]
0x4076S0x232fS0x137c	[0x1852, [0x2a84, nil]]
0x4078S0x232fS0x137c	[0x1852, [0x2a84, nil]]
0x4079S0x232fS0x137c	[0x1852, [0x2a84, nil]]
0x407aS0x232fS0x137c	[0x1852, [0x2a84, nil]]
0x407bS0x232fS0x137c	[0x1852, [0x2a84, nil]]
0x4081S0x232fS0x137c	[0x1852, [0x2a84, nil]]
0x4083S0x232fS0x137c	[0x1852, [0x2a84, nil]]
0x4084S0x232fS0x137c	[0x1852, [0x2a84, nil]]
0x4085S0x232fS0x137c	[0x1852, [0x2a84, nil]]
0x4087S0x232fS0x137c	[0x1852, [0x2a84, nil]]
0x4089S0x232fS0x137c	[0x1852, [0x2a84, nil]]
0x408eS0x232fS0x137c	[0x1852, [0x2a84, nil]]
0x408fS0x232fS0x137c	[0x1852, [0x2a84, nil]]
0x4091S0x232fS0x137c	[0x1852, [0x2a84, nil]]
0x4094S0x232fS0x137c	[0x1852, [0x2a84, nil]]
0x4096S0x232fS0x137c	[0x1852, [0x2a84, nil]]
0x4097S0x232fS0x137c	[0x1852, [0x2a84, nil]]
0x4099S0x232fS0x137c	[0x1852, [0x2a84, nil]]
0x409bS0x232fS0x137c	[0x1852, [0x2a84, nil]]
0x409eS0x232fS0x137c	[0x1852, [0x2a84, nil]]
0x40a3S0x232fS0x137c	[0x1852, [0x2a84, nil]]
0x40a4S0x232fS0x137c	[0x1852, [0x2a84, nil]]
0x40a6S0x232fS0x137c	[0x1852, [0x2a84, nil]]
0x40a7S0x232fS0x137c	[0x1852, [0x2a84, nil]]
0xbff6S0x232fS0x137c	[0x1852, [0x2a84, nil]]
0xbff8S0x232fS0x137c	[0x1852, [0x2a84, nil]]
0xbffbS0x232fS0x137c	[0x1852, [0x2a84, nil]]
0x40b1S0x232fS0x137c	[0x1852, [0x2a84, nil]]
0x40b2S0x232fS0x137c	[0x1852, [0x2a84, nil]]
0x40b3S0x232fS0x137c	[0x1852, [0x2a84, nil]]
0x40b5S0x232fS0x137c	[0x1852, [0x2a84, nil]]
0x40b6S0x232fS0x137c	[0x1852, [0x2a84, nil]]
0x40c9S0x232fS0x137c	[0x1852, [0x2a84, nil]]
0x40cdS0x232fS0x137c	[0x1852, [0x2a84, nil]]
0x40cfS0x232fS0x137c	[0x1852, [0x2a84, nil]]
0x40d0S0x232fS0x137c	[0x1852, [0x2a84, nil]]
0x40d2S0x232fS0x137c	[0x1852, [0x2a84, nil]]
0x40d4S0x232fS0x137c	[0x1852, [0x2a84, nil]]
0x40d5S0x232fS0x137c	[0x1852, [0x2a84, nil]]
0x40d7S0x232fS0x137c	[0x1852, [0x2a84, nil]]
0x40d9S0x232fS0x137c	[0x1852, [0x2a84, nil]]
0x40daS0x232fS0x137c	[0x1852, [0x2a84, nil]]
0x40dbS0x232fS0x137c	[0x1852, [0x2a84, nil]]
0x40e1S0x232fS0x137c	[0x1852, [0x2a84, nil]]
0x40e3S0x232fS0x137c	[0x1852, [0x2a84, nil]]
0x40e4S0x232fS0x137c	[0x1852, [0x2a84, nil]]
0x57e1S0x232fS0x137c	[0x1852, [0x2a84, nil]]
0x57e4S0x232fS0x137c	[0x1852, [0x2a84, nil]]
0x57e7S0x232fS0x137c	[0x1852, [0x2a84, nil]]
0x57eaS0x232fS0x137c	[0x1852, [0x2a84, nil]]
0x57ebS0x232fS0x137c	[0x1852, [0x2a84, nil]]
0x57efS0x232fS0x137c	[0x1852, [0x2a84, nil]]
0x57f6S0x232fS0x137c	[0x1852, [0x2a84, nil]]
0x57f9S0x232fS0x137c	[0x1852, [0x2a84, nil]]
0x57faS0x232fS0x137c	[0x1852, [0x2a84, nil]]
0x57fbS0x232fS0x137c	[0x1852, [0x2a84, nil]]
0x57ffS0x232fS0x137c	[0x1852, [0x2a84, nil]]
0x5805S0x232fS0x137c	[0x1852, [0x2a84, nil]]
0x5808S0x232fS0x137c	[0x1852, [0x2a84, nil]]
0x580bS0x232fS0x137c	[0x1852, [0x2a84, nil]]
0x580eS0x232fS0x137c	[0x1852, [0x2a84, nil]]
0x580fS0x232fS0x137c	[0x1852, [0x2a84, nil]]
0x5810S0x232fS0x137c	[0x1852, [0x2a84, nil]]
0x5813S0x232fS0x137c	[0x1852, [0x2a84, nil]]
0x5815S0x232fS0x137c	[0x1852, [0x2a84, nil]]
0x5818S0x232fS0x137c	[0x1852, [0x2a84, nil]]
0x5819S0x232fS0x137c	[0x1852, [0x2a84, nil]]
0x581aS0x232fS0x137c	[0x1852, [0x2a84, nil]]
0x581dS0x232fS0x137c	[0x1852, [0x2a84, nil]]
0x581fS0x232fS0x137c	[0x1852, [0x2a84, nil]]
0x5822S0x232fS0x137c	[0x1852, [0x2a84, nil]]
0x5823S0x232fS0x137c	[0x1852, [0x2a84, nil]]
0x5824S0x232fS0x137c	[0x1852, [0x2a84, nil]]
0x5828S0x232fS0x137c	[0x1852, [0x2a84, nil]]
0x582dS0x232fS0x137c	[0x1852, [0x2a84, nil]]
0x5830S0x232fS0x137c	[0x1852, [0x2a84, nil]]
0x5832S0x232fS0x137c	[0x1852, [0x2a84, nil]]
0x5836S0x232fS0x137c	[0x1852, [0x2a84, nil]]
0x5837S0x232fS0x137c	[0x1852, [0x2a84, nil]]
0x583aS0x232fS0x137c	[0x1852, [0x2a84, nil]]
0x583cS0x232fS0x137c	[0x1852, [0x2a84, nil]]
0x5840S0x232fS0x137c	[0x1852, [0x2a84, nil]]
0x5841S0x232fS0x137c	[0x1852, [0x2a84, nil]]
0x5844S0x232fS0x137c	[0x1852, [0x2a84, nil]]
0x5950S0x232fS0x137c	[0x1852, [0x2a84, nil]]
0x5952S0x232fS0x137c	[0x1852, [0x2a84, nil]]
0x5953S0x232fS0x137c	[0x1852, [0x2a84, nil]]
0x5956S0x232fS0x137c	[0x1852, [0x2a84, nil]]
0x5959S0x232fS0x137c	[0x1852, [0x2a84, nil]]
0x595aS0x232fS0x137c	[0x1852, [0x2a84, nil]]
0x595cS0x232fS0x137c	[0x1852, [0x2a84, nil]]
0x595eS0x232fS0x137c	[0x1852, [0x2a84, nil]]
0x5960S0x232fS0x137c	[0x1852, [0x2a84, nil]]
0x5961S0x232fS0x137c	[0x1852, [0x2a84, nil]]
0x5963S0x232fS0x137c	[0x1852, [0x2a84, nil]]
0x5964S0x232fS0x137c	[0x1852, [0x2a84, nil]]
0x5965S0x232fS0x137c	[0x1852, [0x2a84, nil]]
0x5966S0x232fS0x137c	[0x1852, [0x2a84, nil]]
0x5972S0x232fS0x137c	[0x1852, [0x2a84, nil]]
0x5976S0x232fS0x137c	[0x1852, [0x2a84, nil]]
0x5977S0x232fS0x137c	[0x1852, [0x2a84, nil]]
0x597bS0x232fS0x137c	[0x1852, [0x2a84, nil]]
0xc3bfS0x232fS0x137c	[0x1852, [0x2a84, nil]]
0xc3c4S0x232fS0x137c	[0x1852, [0x2a84, nil]]
0xc3c6S0x232fS0x137c	[0x1852, [0x2a84, nil]]
0xc3c7S0x232fS0x137c	[0x1852, [0x2a84, nil]]
0xc3caS0x232fS0x137c	[0x1852, [0x2a84, nil]]
0xc3ccS0x232fS0x137c	[0x1852, [0x2a84, nil]]
0xc3cfS0x232fS0x137c	[0x1852, [0x2a84, nil]]
0xc3d1S0x232fS0x137c	[0x1852, [0x2a84, nil]]
0x5982S0x232fS0x137c	[0x1852, [0x2a84, nil]]
0x5986S0x232fS0x137c	[0x1852, [0x2a84, nil]]
0x5987S0x232fS0x137c	[0x1852, [0x2a84, nil]]
0x598aS0x232fS0x137c	[0x1852, [0x2a84, nil]]
0x598cS0x232fS0x137c	[0x1852, [0x2a84, nil]]
0x598fS0x232fS0x137c	[0x1852, [0x2a84, nil]]
0x5990S0x232fS0x137c	[0x1852, [0x2a84, nil]]
0x5991S0x232fS0x137c	[0x1852, [0x2a84, nil]]
0x5995S0x232fS0x137c	[0x1852, [0x2a84, nil]]
0x599aS0x232fS0x137c	[0x1852, [0x2a84, nil]]
0x599dS0x232fS0x137c	[0x1852, [0x2a84, nil]]
0x599fS0x232fS0x137c	[0x1852, [0x2a84, nil]]
0x59a2S0x232fS0x137c	[0x1852, [0x2a84, nil]]
0x59a3S0x232fS0x137c	[0x1852, [0x2a84, nil]]
0x59a4S0x232fS0x137c	[0x1852, [0x2a84, nil]]
0x59a8S0x232fS0x137c	[0x1852, [0x2a84, nil]]
0x59adS0x232fS0x137c	[0x1852, [0x2a84, nil]]
0x59b0S0x232fS0x137c	[0x1852, [0x2a84, nil]]
0x59cbS0x232fS0x137c	[0x1852, [0x2a84, nil]]
0x59cdS0x232fS0x137c	[0x1852, [0x2a84, nil]]
0x59ceS0x232fS0x137c	[0x1852, [0x2a84, nil]]
0x59d1S0x232fS0x137c	[0x1852, [0x2a84, nil]]
0x59d4S0x232fS0x137c	[0x1852, [0x2a84, nil]]
0x59d5S0x232fS0x137c	[0x1852, [0x2a84, nil]]
0x59d7S0x232fS0x137c	[0x1852, [0x2a84, nil]]
0x59d9S0x232fS0x137c	[0x1852, [0x2a84, nil]]
0x59dbS0x232fS0x137c	[0x1852, [0x2a84, nil]]
0x59dcS0x232fS0x137c	[0x1852, [0x2a84, nil]]
0x59deS0x232fS0x137c	[0x1852, [0x2a84, nil]]
0x59dfS0x232fS0x137c	[0x1852, [0x2a84, nil]]
0x59e0S0x232fS0x137c	[0x1852, [0x2a84, nil]]
0x59e1S0x232fS0x137c	[0x1852, [0x2a84, nil]]
0x59edS0x232fS0x137c	[0x1852, [0x2a84, nil]]
0x59f1S0x232fS0x137c	[0x1852, [0x2a84, nil]]
0x59f4S0x232fS0x137c	[0x1852, [0x2a84, nil]]
0x59f7S0x232fS0x137c	[0x1852, [0x2a84, nil]]
0x59f8S0x232fS0x137c	[0x1852, [0x2a84, nil]]
0x59f9S0x232fS0x137c	[0x1852, [0x2a84, nil]]
0x59fdS0x232fS0x137c	[0x1852, [0x2a84, nil]]
0xc3f4S0x232fS0x137c	[0x1852, [0x2a84, nil]]
0xc3f9S0x232fS0x137c	[0x1852, [0x2a84, nil]]
0xc3fbS0x232fS0x137c	[0x1852, [0x2a84, nil]]
0xc3fcS0x232fS0x137c	[0x1852, [0x2a84, nil]]
0xc3ffS0x232fS0x137c	[0x1852, [0x2a84, nil]]
0xc401S0x232fS0x137c	[0x1852, [0x2a84, nil]]
0xc404S0x232fS0x137c	[0x1852, [0x2a84, nil]]
0xc406S0x232fS0x137c	[0x1852, [0x2a84, nil]]
0x5a02S0x232fS0x137c	[0x1852, [0x2a84, nil]]
0x5a05S0x232fS0x137c	[0x1852, [0x2a84, nil]]
0x100a98S0x232fS0x137c	[0x1852, [0x2a84, nil]]
0x100abfS0x232fS0x137c	[0x1852, [0x2a84, nil]]
0x2bc7S0x232fS0x137c	[0x1852, [0x2a84, nil]]
0x2bc9S0x232fS0x137c	[0x1852, [0x2a84, nil]]
0x2bcaS0x232fS0x137c	[0x1852, [0x2a84, nil]]
0x2bcdS0x232fS0x137c	[0x1852, [0x2a84, nil]]
0x2bcfS0x232fS0x137c	[0x1852, [0x2a84, nil]]
0x2bd0S0x232fS0x137c	[0x1852, [0x2a84, nil]]
0x2bd3S0x232fS0x137c	[0x1852, [0x2a84, nil]]
0x2bd7S0x232fS0x137c	[0x1852, [0x2a84, nil]]
0x2bd9S0x232fS0x137c	[0x1852, [0x2a84, nil]]
0x2bdaS0x232fS0x137c	[0x1852, [0x2a84, nil]]
0x2bdcS0x232fS0x137c	[0x1852, [0x2a84, nil]]
0x2bddS0x232fS0x137c	[0x1852, [0x2a84, nil]]
0x2be1S0x232fS0x137c	[0x1852, [0x2a84, nil]]
0x2be2S0x232fS0x137c	[0x1852, [0x2a84, nil]]
0x2be6S0x232fS0x137c	[0x1852, [0x2a84, nil]]
0x2beaS0x232fS0x137c	[0x1852, [0x2a84, nil]]
0x2becS0x232fS0x137c	[0x1852, [0x2a84, nil]]
0x2beeS0x232fS0x137c	[0x1852, [0x2a84, nil]]
0x2befS0x232fS0x137c	[0x1852, [0x2a84, nil]]
0x2bf0S0x232fS0x137c	[0x1852, [0x2a84, nil]]
0x2a030S0x232fS0x137c	[0x1852, [0x2a84, nil]]
0x2bf8S0x232fS0x137c	[0x1852, [0x2a84, nil]]
0x2bfaS0x232fS0x137c	[0x1852, [0x2a84, nil]]
0x2bfbS0x232fS0x137c	[0x1852, [0x2a84, nil]]
0x2bfeS0x232fS0x137c	[0x1852, [0x2a84, nil]]
0x2c00S0x232fS0x137c	[0x1852, [0x2a84, nil]]
0x2c01S0x232fS0x137c	[0x1852, [0x2a84, nil]]
0x2c04S0x232fS0x137c	[0x1852, [0x2a84, nil]]
0x2c08S0x232fS0x137c	[0x1852, [0x2a84, nil]]
0x2c0aS0x232fS0x137c	[0x1852, [0x2a84, nil]]
0x2c0bS0x232fS0x137c	[0x1852, [0x2a84, nil]]
0x2c0dS0x232fS0x137c	[0x1852, [0x2a84, nil]]
0x2c0eS0x232fS0x137c	[0x1852, [0x2a84, nil]]
0x2c12S0x232fS0x137c	[0x1852, [0x2a84, nil]]
0x2c13S0x232fS0x137c	[0x1852, [0x2a84, nil]]
0x2c17S0x232fS0x137c	[0x1852, [0x2a84, nil]]
0x2c1bS0x232fS0x137c	[0x1852, [0x2a84, nil]]
0x2c1dS0x232fS0x137c	[0x1852, [0x2a84, nil]]
0x2c1fS0x232fS0x137c	[0x1852, [0x2a84, nil]]
0x2c20S0x232fS0x137c	[0x1852, [0x2a84, nil]]
0x2c21S0x232fS0x137c	[0x1852, [0x2a84, nil]]
0x2aa30S0x232fS0x137c	[0x1852, [0x2a84, nil]]
0x2de1S0x232fS0x137c	[0x1852, [0x2a84, nil]]
0x2de3S0x232fS0x137c	[0x1852, [0x2a84, nil]]
0x2de5S0x232fS0x137c	[0x1852, [0x2a84, nil]]
0x2de7S0x232fS0x137c	[0x1852, [0x2a84, nil]]
0x2de8S0x232fS0x137c	[0x1852, [0x2a84, nil]]
0x2de9S0x232fS0x137c	[0x1852, [0x2a84, nil]]
0x2debS0x232fS0x137c	[0x1852, [0x2a84, nil]]
0x2dedS0x232fS0x137c	[0x1852, [0x2a84, nil]]
0x2deeS0x232fS0x137c	[0x1852, [0x2a84, nil]]
0x2defS0x232fS0x137c	[0x1852, [0x2a84, nil]]
0x2df1S0x232fS0x137c	[0x1852, [0x2a84, nil]]
0x2df3S0x232fS0x137c	[0x1852, [0x2a84, nil]]
0x2df5S0x232fS0x137c	[0x1852, [0x2a84, nil]]
0x2df6S0x232fS0x137c	[0x1852, [0x2a84, nil]]
0x2df7S0x232fS0x137c	[0x1852, [0x2a84, nil]]
0x2df8S0x232fS0x137c	[0x1852, [0x2a84, nil]]
0x2df9S0x232fS0x137c	[0x1852, [0x2a84, nil]]
0x31c9S0x232fS0x137c	[0x1852, [0x2a84, nil]]
0x31cbS0x232fS0x137c	[0x1852, [0x2a84, nil]]
0x31ccS0x232fS0x137c	[0x1852, [0x2a84, nil]]
0x31cfS0x232fS0x137c	[0x1852, [0x2a84, nil]]
0x31d1S0x232fS0x137c	[0x1852, [0x2a84, nil]]
0x31d2S0x232fS0x137c	[0x1852, [0x2a84, nil]]
0x31d5S0x232fS0x137c	[0x1852, [0x2a84, nil]]
0x31d9S0x232fS0x137c	[0x1852, [0x2a84, nil]]
0x31dbS0x232fS0x137c	[0x1852, [0x2a84, nil]]
0x31dcS0x232fS0x137c	[0x1852, [0x2a84, nil]]
0x31deS0x232fS0x137c	[0x1852, [0x2a84, nil]]
0x31dfS0x232fS0x137c	[0x1852, [0x2a84, nil]]
0x31e3S0x232fS0x137c	[0x1852, [0x2a84, nil]]
0x31e4S0x232fS0x137c	[0x1852, [0x2a84, nil]]
0x31e8S0x232fS0x137c	[0x1852, [0x2a84, nil]]
0x31ecS0x232fS0x137c	[0x1852, [0x2a84, nil]]
0x31eeS0x232fS0x137c	[0x1852, [0x2a84, nil]]
0x31f0S0x232fS0x137c	[0x1852, [0x2a84, nil]]
0x31f1S0x232fS0x137c	[0x1852, [0x2a84, nil]]
0x31f2S0x232fS0x137c	[0x1852, [0x2a84, nil]]
0x2e630S0x232fS0x137c	[0x1852, [0x2a84, nil]]
0x32ffS0x232fS0x137c	[0x1852, [0x2a84, nil]]
0x3301S0x232fS0x137c	[0x1852, [0x2a84, nil]]
0x3302S0x232fS0x137c	[0x1852, [0x2a84, nil]]
0x3305S0x232fS0x137c	[0x1852, [0x2a84, nil]]
0x3307S0x232fS0x137c	[0x1852, [0x2a84, nil]]
0x3308S0x232fS0x137c	[0x1852, [0x2a84, nil]]
0x330bS0x232fS0x137c	[0x1852, [0x2a84, nil]]
0x330fS0x232fS0x137c	[0x1852, [0x2a84, nil]]
0x3311S0x232fS0x137c	[0x1852, [0x2a84, nil]]
0x3312S0x232fS0x137c	[0x1852, [0x2a84, nil]]
0x3314S0x232fS0x137c	[0x1852, [0x2a84, nil]]
0x3315S0x232fS0x137c	[0x1852, [0x2a84, nil]]
0x3319S0x232fS0x137c	[0x1852, [0x2a84, nil]]
0x331aS0x232fS0x137c	[0x1852, [0x2a84, nil]]
0x331eS0x232fS0x137c	[0x1852, [0x2a84, nil]]
0x3322S0x232fS0x137c	[0x1852, [0x2a84, nil]]
0x3324S0x232fS0x137c	[0x1852, [0x2a84, nil]]
0x3326S0x232fS0x137c	[0x1852, [0x2a84, nil]]
0x3327S0x232fS0x137c	[0x1852, [0x2a84, nil]]
0x3328S0x232fS0x137c	[0x1852, [0x2a84, nil]]
0x2f030S0x232fS0x137c	[0x1852, [0x2a84, nil]]
0x3432S0x232fS0x137c	[0x1852, [0x2a84, nil]]
0x3434S0x232fS0x137c	[0x1852, [0x2a84, nil]]
0x3435S0x232fS0x137c	[0x1852, [0x2a84, nil]]
0x3470S0x232fS0x137c	[0x1852, [0x2a84, nil]]
0x3471S0x232fS0x137c	[0x1852, [0x2a84, nil]]
0x3473S0x232fS0x137c	[0x1852, [0x2a84, nil]]
0x3475S0x232fS0x137c	[0x1852, [0x2a84, nil]]
0x30430S0x232fS0x137c	[0x1852, [0x2a84, nil]]
0x3ca3S0x2dfdS0x232fS0x137c	[0x1852, [0x2a84, [0x3ca2, nil]]]
0x3ca5S0x2dfdS0x232fS0x137c	[0x1852, [0x2a84, [0x3ca2, nil]]]
0x3ca6S0x2dfdS0x232fS0x137c	[0x1852, [0x2a84, [0x3ca2, nil]]]
0x3ca8S0x2dfdS0x232fS0x137c	[0x1852, [0x2a84, [0x3ca2, nil]]]
0x3caaS0x2dfdS0x232fS0x137c	[0x1852, [0x2a84, [0x3ca2, nil]]]
0x3cacS0x2dfdS0x232fS0x137c	[0x1852, [0x2a84, [0x3ca2, nil]]]
0x3cadS0x2dfdS0x232fS0x137c	[0x1852, [0x2a84, [0x3ca2, nil]]]
0x3cb0S0x2dfdS0x232fS0x137c	[0x1852, [0x2a84, [0x3ca2, nil]]]
0x3cb1S0x2dfdS0x232fS0x137c	[0x1852, [0x2a84, [0x3ca2, nil]]]
0x3cb4S0x2dfdS0x232fS0x137c	[0x1852, [0x2a84, [0x3ca2, nil]]]
0x3cb7S0x2dfdS0x232fS0x137c	[0x1852, [0x2a84, [0x3ca2, nil]]]
0x3cb8S0x2dfdS0x232fS0x137c	[0x1852, [0x2a84, [0x3ca2, nil]]]
0x3cbbS0x2dfdS0x232fS0x137c	[0x1852, [0x2a84, [0x3ca2, nil]]]
0x3cbdS0x2dfdS0x232fS0x137c	[0x1852, [0x2a84, [0x3ca2, nil]]]
0x3cc0S0x2dfdS0x232fS0x137c	[0x1852, [0x2a84, [0x3ca2, nil]]]
0x3cc4S0x2dfdS0x232fS0x137c	[0x1852, [0x2a84, [0x3ca2, nil]]]
0x3ccaS0x2dfdS0x232fS0x137c	[0x1852, [0x2a84, [0x3ca2, nil]]]
0x3ccfS0x2dfdS0x232fS0x137c	[0x1852, [0x2a84, [0x3ca2, nil]]]
0x3cd1S0x2dfdS0x232fS0x137c	[0x1852, [0x2a84, [0x3ca2, nil]]]
0x3cd3S0x2dfdS0x232fS0x137c	[0x1852, [0x2a84, [0x3ca2, nil]]]
0x3cd5S0x2dfdS0x232fS0x137c	[0x1852, [0x2a84, [0x3ca2, nil]]]
0x37230S0x2dfdS0x232fS0x137c	[0x1852, [0x2a84, [0x3ca2, nil]]]
0x3ca3S0x3eeaS0x232fS0x137c	[0x1852, [0x2a84, [0x3ca2, nil]]]
0x3ca5S0x3eeaS0x232fS0x137c	[0x1852, [0x2a84, [0x3ca2, nil]]]
0x3ca6S0x3eeaS0x232fS0x137c	[0x1852, [0x2a84, [0x3ca2, nil]]]
0x3ca8S0x3eeaS0x232fS0x137c	[0x1852, [0x2a84, [0x3ca2, nil]]]
0x3caaS0x3eeaS0x232fS0x137c	[0x1852, [0x2a84, [0x3ca2, nil]]]
0x3cacS0x3eeaS0x232fS0x137c	[0x1852, [0x2a84, [0x3ca2, nil]]]
0x3cadS0x3eeaS0x232fS0x137c	[0x1852, [0x2a84, [0x3ca2, nil]]]
0x3cb0S0x3eeaS0x232fS0x137c	[0x1852, [0x2a84, [0x3ca2, nil]]]
0x3cb1S0x3eeaS0x232fS0x137c	[0x1852, [0x2a84, [0x3ca2, nil]]]
0x3cb4S0x3eeaS0x232fS0x137c	[0x1852, [0x2a84, [0x3ca2, nil]]]
0x3cb7S0x3eeaS0x232fS0x137c	[0x1852, [0x2a84, [0x3ca2, nil]]]
0x3cb8S0x3eeaS0x232fS0x137c	[0x1852, [0x2a84, [0x3ca2, nil]]]
0x3cbbS0x3eeaS0x232fS0x137c	[0x1852, [0x2a84, [0x3ca2, nil]]]
0x3cbdS0x3eeaS0x232fS0x137c	[0x1852, [0x2a84, [0x3ca2, nil]]]
0x3cc0S0x3eeaS0x232fS0x137c	[0x1852, [0x2a84, [0x3ca2, nil]]]
0x3cc4S0x3eeaS0x232fS0x137c	[0x1852, [0x2a84, [0x3ca2, nil]]]
0x3ccaS0x3eeaS0x232fS0x137c	[0x1852, [0x2a84, [0x3ca2, nil]]]
0x3ccfS0x3eeaS0x232fS0x137c	[0x1852, [0x2a84, [0x3ca2, nil]]]
0x3cd1S0x3eeaS0x232fS0x137c	[0x1852, [0x2a84, [0x3ca2, nil]]]
0x3cd3S0x3eeaS0x232fS0x137c	[0x1852, [0x2a84, [0x3ca2, nil]]]
0x3cd5S0x3eeaS0x232fS0x137c	[0x1852, [0x2a84, [0x3ca2, nil]]]
0x37230S0x3eeaS0x232fS0x137c	[0x1852, [0x2a84, [0x3ca2, nil]]]
0x58e6S0x2e2dS0x232fS0x137c	[0x1852, [0x2a84, [0x58e5, nil]]]
0x58e8S0x2e2dS0x232fS0x137c	[0x1852, [0x2a84, [0x58e5, nil]]]
0x58eaS0x2e2dS0x232fS0x137c	[0x1852, [0x2a84, [0x58e5, nil]]]
0x58ecS0x2e2dS0x232fS0x137c	[0x1852, [0x2a84, [0x58e5, nil]]]
0x58edS0x2e2dS0x232fS0x137c	[0x1852, [0x2a84, [0x58e5, nil]]]
0x58f0S0x2e2dS0x232fS0x137c	[0x1852, [0x2a84, [0x58e5, nil]]]
0x58f3S0x2e2dS0x232fS0x137c	[0x1852, [0x2a84, [0x58e5, nil]]]
0x58f6S0x2e2dS0x232fS0x137c	[0x1852, [0x2a84, [0x58e5, nil]]]
0x58fdS0x2e2dS0x232fS0x137c	[0x1852, [0x2a84, [0x58e5, nil]]]
0x58feS0x2e2dS0x232fS0x137c	[0x1852, [0x2a84, [0x58e5, nil]]]
0x5901S0x2e2dS0x232fS0x137c	[0x1852, [0x2a84, [0x58e5, nil]]]
0x5905S0x2e2dS0x232fS0x137c	[0x1852, [0x2a84, [0x58e5, nil]]]
0x5906S0x2e2dS0x232fS0x137c	[0x1852, [0x2a84, [0x58e5, nil]]]
0x5909S0x2e2dS0x232fS0x137c	[0x1852, [0x2a84, [0x58e5, nil]]]
0x590bS0x2e2dS0x232fS0x137c	[0x1852, [0x2a84, [0x58e5, nil]]]
0x590dS0x2e2dS0x232fS0x137c	[0x1852, [0x2a84, [0x58e5, nil]]]
0x590fS0x2e2dS0x232fS0x137c	[0x1852, [0x2a84, [0x58e5, nil]]]
0x5911S0x2e2dS0x232fS0x137c	[0x1852, [0x2a84, [0x58e5, nil]]]
0x5912S0x2e2dS0x232fS0x137c	[0x1852, [0x2a84, [0x58e5, nil]]]
0x5915S0x2e2dS0x232fS0x137c	[0x1852, [0x2a84, [0x58e5, nil]]]
0x5916S0x2e2dS0x232fS0x137c	[0x1852, [0x2a84, [0x58e5, nil]]]
0x5919S0x2e2dS0x232fS0x137c	[0x1852, [0x2a84, [0x58e5, nil]]]
0x591bS0x2e2dS0x232fS0x137c	[0x1852, [0x2a84, [0x58e5, nil]]]
0x591dS0x2e2dS0x232fS0x137c	[0x1852, [0x2a84, [0x58e5, nil]]]
0x464bS0x40c3S0x232fS0x137c	[0x1852, [0x2a84, [0x464a, nil]]]
0x464dS0x40c3S0x232fS0x137c	[0x1852, [0x2a84, [0x464a, nil]]]
0x464eS0x40c3S0x232fS0x137c	[0x1852, [0x2a84, [0x464a, nil]]]
0x4650S0x40c3S0x232fS0x137c	[0x1852, [0x2a84, [0x464a, nil]]]
0x4652S0x40c3S0x232fS0x137c	[0x1852, [0x2a84, [0x464a, nil]]]
0x4654S0x40c3S0x232fS0x137c	[0x1852, [0x2a84, [0x464a, nil]]]
0x4655S0x40c3S0x232fS0x137c	[0x1852, [0x2a84, [0x464a, nil]]]
0x4657S0x40c3S0x232fS0x137c	[0x1852, [0x2a84, [0x464a, nil]]]
0x4658S0x40c3S0x232fS0x137c	[0x1852, [0x2a84, [0x464a, nil]]]
0x465bS0x40c3S0x232fS0x137c	[0x1852, [0x2a84, [0x464a, nil]]]
0x465dS0x40c3S0x232fS0x137c	[0x1852, [0x2a84, [0x464a, nil]]]
0x4660S0x40c3S0x232fS0x137c	[0x1852, [0x2a84, [0x464a, nil]]]
0x4664S0x40c3S0x232fS0x137c	[0x1852, [0x2a84, [0x464a, nil]]]
0x466aS0x40c3S0x232fS0x137c	[0x1852, [0x2a84, [0x464a, nil]]]
0x466fS0x40c3S0x232fS0x137c	[0x1852, [0x2a84, [0x464a, nil]]]
0x4671S0x40c3S0x232fS0x137c	[0x1852, [0x2a84, [0x464a, nil]]]
0x4673S0x40c3S0x232fS0x137c	[0x1852, [0x2a84, [0x464a, nil]]]
0x4675S0x40c3S0x232fS0x137c	[0x1852, [0x2a84, [0x464a, nil]]]
0x4676S0x40c3S0x232fS0x137c	[0x1852, [0x2a84, [0x464a, nil]]]
0x4904S0x57e8S0x232fS0x137c	[0x1852, [0x2a84, [0x48f3, nil]]]
0x48f4S0x57e8S0x232fS0x137c	[0x1852, [0x2a84, [0x48f3, nil]]]
0x48f6S0x57e8S0x232fS0x137c	[0x1852, [0x2a84, [0x48f3, nil]]]
0x48f8S0x57e8S0x232fS0x137c	[0x1852, [0x2a84, [0x48f3, nil]]]
0x48faS0x57e8S0x232fS0x137c	[0x1852, [0x2a84, [0x48f3, nil]]]
0x48fbS0x57e8S0x232fS0x137c	[0x1852, [0x2a84, [0x48f3, nil]]]
0x48fdS0x57e8S0x232fS0x137c	[0x1852, [0x2a84, [0x48f3, nil]]]
0x48ffS0x57e8S0x232fS0x137c	[0x1852, [0x2a84, [0x48f3, nil]]]
0x4900S0x57e8S0x232fS0x137c	[0x1852, [0x2a84, [0x48f3, nil]]]
0x4904S0x57f3S0x232fS0x137c	[0x1852, [0x2a84, [0x48f3, nil]]]
0x48f4S0x57f3S0x232fS0x137c	[0x1852, [0x2a84, [0x48f3, nil]]]
0x48f6S0x57f3S0x232fS0x137c	[0x1852, [0x2a84, [0x48f3, nil]]]
0x48f8S0x57f3S0x232fS0x137c	[0x1852, [0x2a84, [0x48f3, nil]]]
0x48faS0x57f3S0x232fS0x137c	[0x1852, [0x2a84, [0x48f3, nil]]]
0x48fbS0x57f3S0x232fS0x137c	[0x1852, [0x2a84, [0x48f3, nil]]]
0x48fdS0x57f3S0x232fS0x137c	[0x1852, [0x2a84, [0x48f3, nil]]]
0x48ffS0x57f3S0x232fS0x137c	[0x1852, [0x2a84, [0x48f3, nil]]]
0x4900S0x57f3S0x232fS0x137c	[0x1852, [0x2a84, [0x48f3, nil]]]
0x49dcS0x5803S0x232fS0x137c	[0x1852, [0x2a84, [0x49d1, nil]]]
0x49d2S0x5803S0x232fS0x137c	[0x1852, [0x2a84, [0x49d1, nil]]]
0x49d5S0x5803S0x232fS0x137c	[0x1852, [0x2a84, [0x49d1, nil]]]
0x49d7S0x5803S0x232fS0x137c	[0x1852, [0x2a84, [0x49d1, nil]]]
0x49d8S0x5803S0x232fS0x137c	[0x1852, [0x2a84, [0x49d1, nil]]]
0x4904S0x5971S0x232fS0x137c	[0x1852, [0x2a84, [0x48f3, nil]]]
0x48f4S0x5971S0x232fS0x137c	[0x1852, [0x2a84, [0x48f3, nil]]]
0x48f6S0x5971S0x232fS0x137c	[0x1852, [0x2a84, [0x48f3, nil]]]
0x48f8S0x5971S0x232fS0x137c	[0x1852, [0x2a84, [0x48f3, nil]]]
0x48faS0x5971S0x232fS0x137c	[0x1852, [0x2a84, [0x48f3, nil]]]
0x48fbS0x5971S0x232fS0x137c	[0x1852, [0x2a84, [0x48f3, nil]]]
0x48fdS0x5971S0x232fS0x137c	[0x1852, [0x2a84, [0x48f3, nil]]]
0x48ffS0x5971S0x232fS0x137c	[0x1852, [0x2a84, [0x48f3, nil]]]
0x4900S0x5971S0x232fS0x137c	[0x1852, [0x2a84, [0x48f3, nil]]]
0x4904S0x597fS0x232fS0x137c	[0x1852, [0x2a84, [0x48f3, nil]]]
0x48f4S0x597fS0x232fS0x137c	[0x1852, [0x2a84, [0x48f3, nil]]]
0x48f6S0x597fS0x232fS0x137c	[0x1852, [0x2a84, [0x48f3, nil]]]
0x48f8S0x597fS0x232fS0x137c	[0x1852, [0x2a84, [0x48f3, nil]]]
0x48faS0x597fS0x232fS0x137c	[0x1852, [0x2a84, [0x48f3, nil]]]
0x48fbS0x597fS0x232fS0x137c	[0x1852, [0x2a84, [0x48f3, nil]]]
0x48fdS0x597fS0x232fS0x137c	[0x1852, [0x2a84, [0x48f3, nil]]]
0x48ffS0x597fS0x232fS0x137c	[0x1852, [0x2a84, [0x48f3, nil]]]
0x4900S0x597fS0x232fS0x137c	[0x1852, [0x2a84, [0x48f3, nil]]]
0x4904S0x5999S0x232fS0x137c	[0x1852, [0x2a84, [0x48f3, nil]]]
0x48f4S0x5999S0x232fS0x137c	[0x1852, [0x2a84, [0x48f3, nil]]]
0x48f6S0x5999S0x232fS0x137c	[0x1852, [0x2a84, [0x48f3, nil]]]
0x48f8S0x5999S0x232fS0x137c	[0x1852, [0x2a84, [0x48f3, nil]]]
0x48faS0x5999S0x232fS0x137c	[0x1852, [0x2a84, [0x48f3, nil]]]
0x48fbS0x5999S0x232fS0x137c	[0x1852, [0x2a84, [0x48f3, nil]]]
0x48fdS0x5999S0x232fS0x137c	[0x1852, [0x2a84, [0x48f3, nil]]]
0x48ffS0x5999S0x232fS0x137c	[0x1852, [0x2a84, [0x48f3, nil]]]
0x4900S0x5999S0x232fS0x137c	[0x1852, [0x2a84, [0x48f3, nil]]]
0x4e66S0x59ecS0x232fS0x137c	[0x1852, [0x2a84, [0x4e55, nil]]]
0x4e56S0x59ecS0x232fS0x137c	[0x1852, [0x2a84, [0x4e55, nil]]]
0x4e58S0x59ecS0x232fS0x137c	[0x1852, [0x2a84, [0x4e55, nil]]]
0x4e5aS0x59ecS0x232fS0x137c	[0x1852, [0x2a84, [0x4e55, nil]]]
0x4e5cS0x59ecS0x232fS0x137c	[0x1852, [0x2a84, [0x4e55, nil]]]
0x4e5dS0x59ecS0x232fS0x137c	[0x1852, [0x2a84, [0x4e55, nil]]]
0x4e5fS0x59ecS0x232fS0x137c	[0x1852, [0x2a84, [0x4e55, nil]]]
0x4e61S0x59ecS0x232fS0x137c	[0x1852, [0x2a84, [0x4e55, nil]]]
0x4e62S0x59ecS0x232fS0x137c	[0x1852, [0x2a84, [0x4e55, nil]]]
0x4ff8S0x2d3bS0x232fS0x137c	[0x1852, [0x2a84, [0x4fea, nil]]]
0x4febS0x2d3bS0x232fS0x137c	[0x1852, [0x2a84, [0x4fea, nil]]]
0x4fedS0x2d3bS0x232fS0x137c	[0x1852, [0x2a84, [0x4fea, nil]]]
0x4ff1S0x2d3bS0x232fS0x137c	[0x1852, [0x2a84, [0x4fea, nil]]]
0x4ff2S0x2d3bS0x232fS0x137c	[0x1852, [0x2a84, [0x4fea, nil]]]
0x4ff3S0x2d3bS0x232fS0x137c	[0x1852, [0x2a84, [0x4fea, nil]]]
0x4ff4S0x2d3bS0x232fS0x137c	[0x1852, [0x2a84, [0x4fea, nil]]]
0x4ffeS0x2d3bS0x232fS0x137c	[0x1852, [0x2a84, [0x4fea, nil]]]
0x4fffS0x2d3bS0x232fS0x137c	[0x1852, [0x2a84, [0x4fea, nil]]]
0x5003S0x2d3bS0x232fS0x137c	[0x1852, [0x2a84, [0x4fea, nil]]]
0x4904S0x4ffcS0x2d3bS0x232fS0x137c	[0x1852, [0x2a84, [0x4fea, [0x48f3, nil]]]]
0x48f4S0x4ffcS0x2d3bS0x232fS0x137c	[0x1852, [0x2a84, [0x4fea, [0x48f3, nil]]]]
0x48f6S0x4ffcS0x2d3bS0x232fS0x137c	[0x1852, [0x2a84, [0x4fea, [0x48f3, nil]]]]
0x48f8S0x4ffcS0x2d3bS0x232fS0x137c	[0x1852, [0x2a84, [0x4fea, [0x48f3, nil]]]]
0x48faS0x4ffcS0x2d3bS0x232fS0x137c	[0x1852, [0x2a84, [0x4fea, [0x48f3, nil]]]]
0x48fbS0x4ffcS0x2d3bS0x232fS0x137c	[0x1852, [0x2a84, [0x4fea, [0x48f3, nil]]]]
0x48fdS0x4ffcS0x2d3bS0x232fS0x137c	[0x1852, [0x2a84, [0x4fea, [0x48f3, nil]]]]
0x48ffS0x4ffcS0x2d3bS0x232fS0x137c	[0x1852, [0x2a84, [0x4fea, [0x48f3, nil]]]]
0x4900S0x4ffcS0x2d3bS0x232fS0x137c	[0x1852, [0x2a84, [0x4fea, [0x48f3, nil]]]]
0x4ff8S0x2daaS0x232fS0x137c	[0x1852, [0x2a84, [0x4fea, nil]]]
0x4febS0x2daaS0x232fS0x137c	[0x1852, [0x2a84, [0x4fea, nil]]]
0x4fedS0x2daaS0x232fS0x137c	[0x1852, [0x2a84, [0x4fea, nil]]]
0x4ff1S0x2daaS0x232fS0x137c	[0x1852, [0x2a84, [0x4fea, nil]]]
0x4ff2S0x2daaS0x232fS0x137c	[0x1852, [0x2a84, [0x4fea, nil]]]
0x4ff3S0x2daaS0x232fS0x137c	[0x1852, [0x2a84, [0x4fea, nil]]]
0x4ff4S0x2daaS0x232fS0x137c	[0x1852, [0x2a84, [0x4fea, nil]]]
0x4ffeS0x2daaS0x232fS0x137c	[0x1852, [0x2a84, [0x4fea, nil]]]
0x4fffS0x2daaS0x232fS0x137c	[0x1852, [0x2a84, [0x4fea, nil]]]
0x5003S0x2daaS0x232fS0x137c	[0x1852, [0x2a84, [0x4fea, nil]]]
0x4904S0x4ffcS0x2daaS0x232fS0x137c	[0x1852, [0x2a84, [0x4fea, [0x48f3, nil]]]]
0x48f4S0x4ffcS0x2daaS0x232fS0x137c	[0x1852, [0x2a84, [0x4fea, [0x48f3, nil]]]]
0x48f6S0x4ffcS0x2daaS0x232fS0x137c	[0x1852, [0x2a84, [0x4fea, [0x48f3, nil]]]]
0x48f8S0x4ffcS0x2daaS0x232fS0x137c	[0x1852, [0x2a84, [0x4fea, [0x48f3, nil]]]]
0x48faS0x4ffcS0x2daaS0x232fS0x137c	[0x1852, [0x2a84, [0x4fea, [0x48f3, nil]]]]
0x48fbS0x4ffcS0x2daaS0x232fS0x137c	[0x1852, [0x2a84, [0x4fea, [0x48f3, nil]]]]
0x48fdS0x4ffcS0x2daaS0x232fS0x137c	[0x1852, [0x2a84, [0x4fea, [0x48f3, nil]]]]
0x48ffS0x4ffcS0x2daaS0x232fS0x137c	[0x1852, [0x2a84, [0x4fea, [0x48f3, nil]]]]
0x4900S0x4ffcS0x2daaS0x232fS0x137c	[0x1852, [0x2a84, [0x4fea, [0x48f3, nil]]]]
0x4ff8S0x2f27S0x232fS0x137c	[0x1852, [0x2a84, [0x4fea, nil]]]
0x4febS0x2f27S0x232fS0x137c	[0x1852, [0x2a84, [0x4fea, nil]]]
0x4fedS0x2f27S0x232fS0x137c	[0x1852, [0x2a84, [0x4fea, nil]]]
0x4ff1S0x2f27S0x232fS0x137c	[0x1852, [0x2a84, [0x4fea, nil]]]
0x4ff2S0x2f27S0x232fS0x137c	[0x1852, [0x2a84, [0x4fea, nil]]]
0x4ff3S0x2f27S0x232fS0x137c	[0x1852, [0x2a84, [0x4fea, nil]]]
0x4ff4S0x2f27S0x232fS0x137c	[0x1852, [0x2a84, [0x4fea, nil]]]
0x4ffeS0x2f27S0x232fS0x137c	[0x1852, [0x2a84, [0x4fea, nil]]]
0x4fffS0x2f27S0x232fS0x137c	[0x1852, [0x2a84, [0x4fea, nil]]]
0x5003S0x2f27S0x232fS0x137c	[0x1852, [0x2a84, [0x4fea, nil]]]
0x4904S0x4ffcS0x2f27S0x232fS0x137c	[0x1852, [0x2a84, [0x4fea, [0x48f3, nil]]]]
0x48f4S0x4ffcS0x2f27S0x232fS0x137c	[0x1852, [0x2a84, [0x4fea, [0x48f3, nil]]]]
0x48f6S0x4ffcS0x2f27S0x232fS0x137c	[0x1852, [0x2a84, [0x4fea, [0x48f3, nil]]]]
0x48f8S0x4ffcS0x2f27S0x232fS0x137c	[0x1852, [0x2a84, [0x4fea, [0x48f3, nil]]]]
0x48faS0x4ffcS0x2f27S0x232fS0x137c	[0x1852, [0x2a84, [0x4fea, [0x48f3, nil]]]]
0x48fbS0x4ffcS0x2f27S0x232fS0x137c	[0x1852, [0x2a84, [0x4fea, [0x48f3, nil]]]]
0x48fdS0x4ffcS0x2f27S0x232fS0x137c	[0x1852, [0x2a84, [0x4fea, [0x48f3, nil]]]]
0x48ffS0x4ffcS0x2f27S0x232fS0x137c	[0x1852, [0x2a84, [0x4fea, [0x48f3, nil]]]]
0x4900S0x4ffcS0x2f27S0x232fS0x137c	[0x1852, [0x2a84, [0x4fea, [0x48f3, nil]]]]
0x592eS0x2f97S0x232fS0x137c	[0x1852, [0x2a84, [0x5920, nil]]]
0x5921S0x2f97S0x232fS0x137c	[0x1852, [0x2a84, [0x5920, nil]]]
0x5923S0x2f97S0x232fS0x137c	[0x1852, [0x2a84, [0x5920, nil]]]
0x5927S0x2f97S0x232fS0x137c	[0x1852, [0x2a84, [0x5920, nil]]]
0x5928S0x2f97S0x232fS0x137c	[0x1852, [0x2a84, [0x5920, nil]]]
0x5929S0x2f97S0x232fS0x137c	[0x1852, [0x2a84, [0x5920, nil]]]
0x592aS0x2f97S0x232fS0x137c	[0x1852, [0x2a84, [0x5920, nil]]]
0x5934S0x2f97S0x232fS0x137c	[0x1852, [0x2a84, [0x5920, nil]]]
0x5935S0x2f97S0x232fS0x137c	[0x1852, [0x2a84, [0x5920, nil]]]
0x5939S0x2f97S0x232fS0x137c	[0x1852, [0x2a84, [0x5920, nil]]]
0x4e66S0x5932S0x2f97S0x232fS0x137c	[0x1852, [0x2a84, [0x5920, [0x4e55, nil]]]]
0x4e56S0x5932S0x2f97S0x232fS0x137c	[0x1852, [0x2a84, [0x5920, [0x4e55, nil]]]]
0x4e58S0x5932S0x2f97S0x232fS0x137c	[0x1852, [0x2a84, [0x5920, [0x4e55, nil]]]]
0x4e5aS0x5932S0x2f97S0x232fS0x137c	[0x1852, [0x2a84, [0x5920, [0x4e55, nil]]]]
0x4e5cS0x5932S0x2f97S0x232fS0x137c	[0x1852, [0x2a84, [0x5920, [0x4e55, nil]]]]
0x4e5dS0x5932S0x2f97S0x232fS0x137c	[0x1852, [0x2a84, [0x5920, [0x4e55, nil]]]]
0x4e5fS0x5932S0x2f97S0x232fS0x137c	[0x1852, [0x2a84, [0x5920, [0x4e55, nil]]]]
0x4e61S0x5932S0x2f97S0x232fS0x137c	[0x1852, [0x2a84, [0x5920, [0x4e55, nil]]]]
0x4e62S0x5932S0x2f97S0x232fS0x137c	[0x1852, [0x2a84, [0x5920, [0x4e55, nil]]]]
0x4875S0x34deS0x232fS0x137c	[0x1852, [0x2a84, [0x4872, nil]]]
0x4876S0x34deS0x232fS0x137c	[0x1852, [0x2a84, [0x4872, nil]]]
0x487aS0x34deS0x232fS0x137c	[0x1852, [0x2a84, [0x4872, nil]]]
0x487dS0x34deS0x232fS0x137c	[0x1852, [0x2a84, [0x4872, nil]]]
0x487fS0x34deS0x232fS0x137c	[0x1852, [0x2a84, [0x4872, nil]]]
0x4884S0x34deS0x232fS0x137c	[0x1852, [0x2a84, [0x4872, nil]]]
0x4886S0x34deS0x232fS0x137c	[0x1852, [0x2a84, [0x4872, nil]]]
0x4887S0x34deS0x232fS0x137c	[0x1852, [0x2a84, [0x4872, nil]]]
0x488fS0x34deS0x232fS0x137c	[0x1852, [0x2a84, [0x4872, nil]]]
0x4891S0x34deS0x232fS0x137c	[0x1852, [0x2a84, [0x4872, nil]]]
0x4892S0x34deS0x232fS0x137c	[0x1852, [0x2a84, [0x4872, nil]]]
0x4895S0x34deS0x232fS0x137c	[0x1852, [0x2a84, [0x4872, nil]]]
0x4897S0x34deS0x232fS0x137c	[0x1852, [0x2a84, [0x4872, nil]]]
0x489aS0x34deS0x232fS0x137c	[0x1852, [0x2a84, [0x4872, nil]]]
0x489cS0x34deS0x232fS0x137c	[0x1852, [0x2a84, [0x4872, nil]]]
0x489eS0x34deS0x232fS0x137c	[0x1852, [0x2a84, [0x4872, nil]]]
0x48a1S0x34deS0x232fS0x137c	[0x1852, [0x2a84, [0x4872, nil]]]
0x48a3S0x34deS0x232fS0x137c	[0x1852, [0x2a84, [0x4872, nil]]]
0x3ae30S0x34deS0x232fS0x137c	[0x1852, [0x2a84, [0x4872, nil]]]
0x48b1S0x488eS0x34deS0x232fS0x137c	[0x1852, [0x2a84, [0x4872, [0x48a8, nil]]]]
0x48b5S0x488eS0x34deS0x232fS0x137c	[0x1852, [0x2a84, [0x4872, [0x48a8, nil]]]]
0x48b7S0x488eS0x34deS0x232fS0x137c	[0x1852, [0x2a84, [0x4872, [0x48a8, nil]]]]
0x48b8S0x488eS0x34deS0x232fS0x137c	[0x1852, [0x2a84, [0x4872, [0x48a8, nil]]]]
0x48b1_0x0S0x488eS0x34deS0x232fS0x137c	[0x1852, [0x2a84, [0x4872, [0x48a8, nil]]]]
0x48abS0x488eS0x34deS0x232fS0x137c	[0x1852, [0x2a84, [0x4872, [0x48a8, nil]]]]
0x48acS0x488eS0x34deS0x232fS0x137c	[0x1852, [0x2a84, [0x4872, [0x48a8, nil]]]]
0x48adS0x488eS0x34deS0x232fS0x137c	[0x1852, [0x2a84, [0x4872, [0x48a8, nil]]]]
0x48a8_0x0S0x488eS0x34deS0x232fS0x137c	[0x1852, [0x2a84, [0x4872, [0x48a8, nil]]]]
0x5422S0x1ab5S0x137c	[0x1852, [0x53cd, nil]]
0x543dS0x1ab5S0x137c	[0x1852, [0x53cd, nil]]
0x544cS0x1ab5S0x137c	[0x1852, [0x53cd, nil]]
0x53ceS0x1ab5S0x137c	[0x1852, [0x53cd, nil]]
0x53d0S0x1ab5S0x137c	[0x1852, [0x53cd, nil]]
0x53d3S0x1ab5S0x137c	[0x1852, [0x53cd, nil]]
0x53d7S0x1ab5S0x137c	[0x1852, [0x53cd, nil]]
0x53d9S0x1ab5S0x137c	[0x1852, [0x53cd, nil]]
0x53dcS0x1ab5S0x137c	[0x1852, [0x53cd, nil]]
0x53dfS0x1ab5S0x137c	[0x1852, [0x53cd, nil]]
0x53e1S0x1ab5S0x137c	[0x1852, [0x53cd, nil]]
0x53e3S0x1ab5S0x137c	[0x1852, [0x53cd, nil]]
0x53e6S0x1ab5S0x137c	[0x1852, [0x53cd, nil]]
0x53ecS0x1ab5S0x137c	[0x1852, [0x53cd, nil]]
0x53efS0x1ab5S0x137c	[0x1852, [0x53cd, nil]]
0x53f2S0x1ab5S0x137c	[0x1852, [0x53cd, nil]]
0x53f5S0x1ab5S0x137c	[0x1852, [0x53cd, nil]]
0x53f7S0x1ab5S0x137c	[0x1852, [0x53cd, nil]]
0x53f9S0x1ab5S0x137c	[0x1852, [0x53cd, nil]]
0x53faS0x1ab5S0x137c	[0x1852, [0x53cd, nil]]
0x53feS0x1ab5S0x137c	[0x1852, [0x53cd, nil]]
0x42630S0x1ab5S0x137c	[0x1852, [0x53cd, nil]]
0x5476S0x1ab5S0x137c	[0x1852, [0x53cd, nil]]
0x5477S0x1ab5S0x137c	[0x1852, [0x53cd, nil]]
0x547aS0x1ab5S0x137c	[0x1852, [0x53cd, nil]]
0x547cS0x1ab5S0x137c	[0x1852, [0x53cd, nil]]
0x5481S0x1ab5S0x137c	[0x1852, [0x53cd, nil]]
0x546f_0x4S0x1ab5S0x137c	[0x1852, [0x53cd, nil]]
0x5428S0x1ab5S0x137c	[0x1852, [0x53cd, nil]]
0x542bS0x1ab5S0x137c	[0x1852, [0x53cd, nil]]
0x542dS0x1ab5S0x137c	[0x1852, [0x53cd, nil]]
0x542eS0x1ab5S0x137c	[0x1852, [0x53cd, nil]]
0x5430S0x1ab5S0x137c	[0x1852, [0x53cd, nil]]
0x5432S0x1ab5S0x137c	[0x1852, [0x53cd, nil]]
0x5434S0x1ab5S0x137c	[0x1852, [0x53cd, nil]]
0x5435S0x1ab5S0x137c	[0x1852, [0x53cd, nil]]
0x5437S0x1ab5S0x137c	[0x1852, [0x53cd, nil]]
0x5438S0x1ab5S0x137c	[0x1852, [0x53cd, nil]]
0x5439S0x1ab5S0x137c	[0x1852, [0x53cd, nil]]
0x5443S0x1ab5S0x137c	[0x1852, [0x53cd, nil]]
0x5444S0x1ab5S0x137c	[0x1852, [0x53cd, nil]]
0x5446S0x1ab5S0x137c	[0x1852, [0x53cd, nil]]
0x5447S0x1ab5S0x137c	[0x1852, [0x53cd, nil]]
0x5448S0x1ab5S0x137c	[0x1852, [0x53cd, nil]]
0x5451S0x1ab5S0x137c	[0x1852, [0x53cd, nil]]
0x5457S0x1ab5S0x137c	[0x1852, [0x53cd, nil]]
0x5462S0x1ab5S0x137c	[0x1852, [0x53cd, nil]]
0x5466S0x1ab5S0x137c	[0x1852, [0x53cd, nil]]
0x5468S0x1ab5S0x137c	[0x1852, [0x53cd, nil]]
0x546aS0x1ab5S0x137c	[0x1852, [0x53cd, nil]]
0x546bS0x1ab5S0x137c	[0x1852, [0x53cd, nil]]
0x545b_0x3S0x1ab5S0x137c	[0x1852, [0x53cd, nil]]
0x545b_0x4S0x1ab5S0x137c	[0x1852, [0x53cd, nil]]
0x545b_0x5S0x1ab5S0x137c	[0x1852, [0x53cd, nil]]
0x5355S0x1ab5S0x137c	[0x1852, [0x53cd, nil]]
0x5358S0x1ab5S0x137c	[0x1852, [0x53cd, nil]]
0x535bS0x1ab5S0x137c	[0x1852, [0x53cd, nil]]
0x535fS0x1ab5S0x137c	[0x1852, [0x53cd, nil]]
0x5360S0x1ab5S0x137c	[0x1852, [0x53cd, nil]]
0x5364S0x1ab5S0x137c	[0x1852, [0x53cd, nil]]
0x5369S0x1ab5S0x137c	[0x1852, [0x53cd, nil]]
0x536dS0x1ab5S0x137c	[0x1852, [0x53cd, nil]]
0x536eS0x1ab5S0x137c	[0x1852, [0x53cd, nil]]
0x5370S0x1ab5S0x137c	[0x1852, [0x53cd, nil]]
0x5371S0x1ab5S0x137c	[0x1852, [0x53cd, nil]]
0x5374S0x1ab5S0x137c	[0x1852, [0x53cd, nil]]
0x5375S0x1ab5S0x137c	[0x1852, [0x53cd, nil]]
0x534f_0x2S0x1ab5S0x137c	[0x1852, [0x53cd, nil]]
0x5403S0x1ab5S0x137c	[0x1852, [0x53cd, nil]]
0x5404S0x1ab5S0x137c	[0x1852, [0x53cd, nil]]
0x5405S0x1ab5S0x137c	[0x1852, [0x53cd, nil]]
0x5400_0x0S0x1ab5S0x137c	[0x1852, [0x53cd, nil]]
0x540bS0x1ab5S0x137c	[0x1852, [0x53cd, nil]]
0x540cS0x1ab5S0x137c	[0x1852, [0x53cd, nil]]
0x540eS0x1ab5S0x137c	[0x1852, [0x53cd, nil]]
0x540fS0x1ab5S0x137c	[0x1852, [0x53cd, nil]]
0x5413S0x1ab5S0x137c	[0x1852, [0x53cd, nil]]
0x5414S0x1ab5S0x137c	[0x1852, [0x53cd, nil]]
0x5417S0x1ab5S0x137c	[0x1852, [0x53cd, nil]]
0x5418S0x1ab5S0x137c	[0x1852, [0x53cd, nil]]
0x541aS0x1ab5S0x137c	[0x1852, [0x53cd, nil]]
0x541bS0x1ab5S0x137c	[0x1852, [0x53cd, nil]]
0x541dS0x1ab5S0x137c	[0x1852, [0x53cd, nil]]
0x541eS0x1ab5S0x137c	[0x1852, [0x53cd, nil]]
0x5409_0x1S0x1ab5S0x137c	[0x1852, [0x53cd, nil]]
0x5409_0x2S0x1ab5S0x137c	[0x1852, [0x53cd, nil]]
0x5409_0x4S0x1ab5S0x137c	[0x1852, [0x53cd, nil]]
0x53c0_0x3S0x546fS0x1ab5S0x137c	[0x1852, [0x53cd, [0x5378, nil]]]
0x53b1S0x546fS0x1ab5S0x137c	[0x1852, [0x53cd, [0x5378, nil]]]
0x53b7S0x546fS0x1ab5S0x137c	[0x1852, [0x53cd, [0x5378, nil]]]
0x53b9S0x546fS0x1ab5S0x137c	[0x1852, [0x53cd, [0x5378, nil]]]
0x53bbS0x546fS0x1ab5S0x137c	[0x1852, [0x53cd, [0x5378, nil]]]
0x53bcS0x546fS0x1ab5S0x137c	[0x1852, [0x53cd, [0x5378, nil]]]
0x53ae_0x1S0x546fS0x1ab5S0x137c	[0x1852, [0x53cd, [0x5378, nil]]]
0x53ae_0x2S0x546fS0x1ab5S0x137c	[0x1852, [0x53cd, [0x5378, nil]]]
0x53ae_0x9S0x546fS0x1ab5S0x137c	[0x1852, [0x53cd, [0x5378, nil]]]
0x5399S0x546fS0x1ab5S0x137c	[0x1852, [0x53cd, [0x5378, nil]]]
0x539aS0x546fS0x1ab5S0x137c	[0x1852, [0x53cd, [0x5378, nil]]]
0x539bS0x546fS0x1ab5S0x137c	[0x1852, [0x53cd, [0x5378, nil]]]
0x5396_0x0S0x546fS0x1ab5S0x137c	[0x1852, [0x53cd, [0x5378, nil]]]
0x5379S0x546fS0x1ab5S0x137c	[0x1852, [0x53cd, [0x5378, nil]]]
0x537cS0x546fS0x1ab5S0x137c	[0x1852, [0x53cd, [0x5378, nil]]]
0x5380S0x546fS0x1ab5S0x137c	[0x1852, [0x53cd, [0x5378, nil]]]
0x5384S0x546fS0x1ab5S0x137c	[0x1852, [0x53cd, [0x5378, nil]]]
0x538aS0x546fS0x1ab5S0x137c	[0x1852, [0x53cd, [0x5378, nil]]]
0x538cS0x546fS0x1ab5S0x137c	[0x1852, [0x53cd, [0x5378, nil]]]
0x538eS0x546fS0x1ab5S0x137c	[0x1852, [0x53cd, [0x5378, nil]]]
0x5393S0x546fS0x1ab5S0x137c	[0x1852, [0x53cd, [0x5378, nil]]]
0x5394S0x546fS0x1ab5S0x137c	[0x1852, [0x53cd, [0x5378, nil]]]
0x41c30S0x546fS0x1ab5S0x137c	[0x1852, [0x53cd, [0x5378, nil]]]
0x53a1S0x546fS0x1ab5S0x137c	[0x1852, [0x53cd, [0x5378, nil]]]
0x53a4S0x546fS0x1ab5S0x137c	[0x1852, [0x53cd, [0x5378, nil]]]
0x53a9S0x546fS0x1ab5S0x137c	[0x1852, [0x53cd, [0x5378, nil]]]
0x53aaS0x546fS0x1ab5S0x137c	[0x1852, [0x53cd, [0x5378, nil]]]
0x539f_0x1S0x546fS0x1ab5S0x137c	[0x1852, [0x53cd, [0x5378, nil]]]
0x539f_0x3S0x546fS0x1ab5S0x137c	[0x1852, [0x53cd, [0x5378, nil]]]
0x539f_0x8S0x546fS0x1ab5S0x137c	[0x1852, [0x53cd, [0x5378, nil]]]
0x49abS0x539fS0x546fS0x1ab5S0x137c	[0x1852, [0x53cd, [0x5378, [0x4992, nil]]]]
0x49adS0x539fS0x546fS0x1ab5S0x137c	[0x1852, [0x53cd, [0x5378, [0x4992, nil]]]]
0x49aeS0x539fS0x546fS0x1ab5S0x137c	[0x1852, [0x53cd, [0x5378, [0x4992, nil]]]]
0x49b0S0x539fS0x546fS0x1ab5S0x137c	[0x1852, [0x53cd, [0x5378, [0x4992, nil]]]]
0x49b1S0x539fS0x546fS0x1ab5S0x137c	[0x1852, [0x53cd, [0x5378, [0x4992, nil]]]]
0x49b5S0x539fS0x546fS0x1ab5S0x137c	[0x1852, [0x53cd, [0x5378, [0x4992, nil]]]]
0x49b6S0x539fS0x546fS0x1ab5S0x137c	[0x1852, [0x53cd, [0x5378, [0x4992, nil]]]]
0x49b8S0x539fS0x546fS0x1ab5S0x137c	[0x1852, [0x53cd, [0x5378, [0x4992, nil]]]]
0x4993S0x539fS0x546fS0x1ab5S0x137c	[0x1852, [0x53cd, [0x5378, [0x4992, nil]]]]
0x4996S0x539fS0x546fS0x1ab5S0x137c	[0x1852, [0x53cd, [0x5378, [0x4992, nil]]]]
0x499aS0x539fS0x546fS0x1ab5S0x137c	[0x1852, [0x53cd, [0x5378, [0x4992, nil]]]]
0x499eS0x539fS0x546fS0x1ab5S0x137c	[0x1852, [0x53cd, [0x5378, [0x4992, nil]]]]
0x49a1S0x539fS0x546fS0x1ab5S0x137c	[0x1852, [0x53cd, [0x5378, [0x4992, nil]]]]
0x49a2S0x539fS0x546fS0x1ab5S0x137c	[0x1852, [0x53cd, [0x5378, [0x4992, nil]]]]
0x49a5S0x539fS0x546fS0x1ab5S0x137c	[0x1852, [0x53cd, [0x5378, [0x4992, nil]]]]
0x49a6S0x539fS0x546fS0x1ab5S0x137c	[0x1852, [0x53cd, [0x5378, [0x4992, nil]]]]
0x498cS0x4992S0x539fS0x546fS0x1ab5S0x137c	[0x1852, [0x53cd, [0x5378, [0x4992, [0x496e, nil]]]]]
0x498fS0x4992S0x539fS0x546fS0x1ab5S0x137c	[0x1852, [0x53cd, [0x5378, [0x4992, [0x496e, nil]]]]]
0x4974S0x4992S0x539fS0x546fS0x1ab5S0x137c	[0x1852, [0x53cd, [0x5378, [0x4992, [0x496e, nil]]]]]
0x4975S0x4992S0x539fS0x546fS0x1ab5S0x137c	[0x1852, [0x53cd, [0x5378, [0x4992, [0x496e, nil]]]]]
0x4976S0x4992S0x539fS0x546fS0x1ab5S0x137c	[0x1852, [0x53cd, [0x5378, [0x4992, [0x496e, nil]]]]]
0x4971_0x0S0x4992S0x539fS0x546fS0x1ab5S0x137c	[0x1852, [0x53cd, [0x5378, [0x4992, [0x496e, nil]]]]]
0x496fS0x4992S0x539fS0x546fS0x1ab5S0x137c	[0x1852, [0x53cd, [0x5378, [0x4992, [0x496e, nil]]]]]
0x3b830S0x4992S0x539fS0x546fS0x1ab5S0x137c	[0x1852, [0x53cd, [0x5378, [0x4992, [0x496e, nil]]]]]
0x497cS0x4992S0x539fS0x546fS0x1ab5S0x137c	[0x1852, [0x53cd, [0x5378, [0x4992, [0x496e, nil]]]]]
0x497dS0x4992S0x539fS0x546fS0x1ab5S0x137c	[0x1852, [0x53cd, [0x5378, [0x4992, [0x496e, nil]]]]]
0x4980S0x4992S0x539fS0x546fS0x1ab5S0x137c	[0x1852, [0x53cd, [0x5378, [0x4992, [0x496e, nil]]]]]
0x4982S0x4992S0x539fS0x546fS0x1ab5S0x137c	[0x1852, [0x53cd, [0x5378, [0x4992, [0x496e, nil]]]]]
0x4984S0x4992S0x539fS0x546fS0x1ab5S0x137c	[0x1852, [0x53cd, [0x5378, [0x4992, [0x496e, nil]]]]]
0x4985S0x4992S0x539fS0x546fS0x1ab5S0x137c	[0x1852, [0x53cd, [0x5378, [0x4992, [0x496e, nil]]]]]
0x497a_0x0S0x4992S0x539fS0x546fS0x1ab5S0x137c	[0x1852, [0x53cd, [0x5378, [0x4992, [0x496e, nil]]]]]
0x3603S0x23d7S0x137c	[0x1852, [0x35da, nil]]
0x3605S0x23d7S0x137c	[0x1852, [0x35da, nil]]
0x3607S0x23d7S0x137c	[0x1852, [0x35da, nil]]
0x3609S0x23d7S0x137c	[0x1852, [0x35da, nil]]
0x360aS0x23d7S0x137c	[0x1852, [0x35da, nil]]
0x360cS0x23d7S0x137c	[0x1852, [0x35da, nil]]
0x360dS0x23d7S0x137c	[0x1852, [0x35da, nil]]
0x360eS0x23d7S0x137c	[0x1852, [0x35da, nil]]
0x360fS0x23d7S0x137c	[0x1852, [0x35da, nil]]
0x3613S0x23d7S0x137c	[0x1852, [0x35da, nil]]
0x3615S0x23d7S0x137c	[0x1852, [0x35da, nil]]
0x3616S0x23d7S0x137c	[0x1852, [0x35da, nil]]
0x361aS0x23d7S0x137c	[0x1852, [0x35da, nil]]
0x361cS0x23d7S0x137c	[0x1852, [0x35da, nil]]
0x361fS0x23d7S0x137c	[0x1852, [0x35da, nil]]
0x3621S0x23d7S0x137c	[0x1852, [0x35da, nil]]
0x3624S0x23d7S0x137c	[0x1852, [0x35da, nil]]
0x3626S0x23d7S0x137c	[0x1852, [0x35da, nil]]
0x3628S0x23d7S0x137c	[0x1852, [0x35da, nil]]
0x362bS0x23d7S0x137c	[0x1852, [0x35da, nil]]
0x362dS0x23d7S0x137c	[0x1852, [0x35da, nil]]
0x3642S0x23d7S0x137c	[0x1852, [0x35da, nil]]
0x3644S0x23d7S0x137c	[0x1852, [0x35da, nil]]
0x3645S0x23d7S0x137c	[0x1852, [0x35da, nil]]
0x3648S0x23d7S0x137c	[0x1852, [0x35da, nil]]
0x364aS0x23d7S0x137c	[0x1852, [0x35da, nil]]
0x364cS0x23d7S0x137c	[0x1852, [0x35da, nil]]
0x364dS0x23d7S0x137c	[0x1852, [0x35da, nil]]
0x367fS0x23d7S0x137c	[0x1852, [0x35da, nil]]
0x3681S0x23d7S0x137c	[0x1852, [0x35da, nil]]
0x3683S0x23d7S0x137c	[0x1852, [0x35da, nil]]
0x3685S0x23d7S0x137c	[0x1852, [0x35da, nil]]
0x3686S0x23d7S0x137c	[0x1852, [0x35da, nil]]
0x3688S0x23d7S0x137c	[0x1852, [0x35da, nil]]
0x3689S0x23d7S0x137c	[0x1852, [0x35da, nil]]
0x368aS0x23d7S0x137c	[0x1852, [0x35da, nil]]
0x368bS0x23d7S0x137c	[0x1852, [0x35da, nil]]
0x368fS0x23d7S0x137c	[0x1852, [0x35da, nil]]
0x3691S0x23d7S0x137c	[0x1852, [0x35da, nil]]
0x3692S0x23d7S0x137c	[0x1852, [0x35da, nil]]
0x3696S0x23d7S0x137c	[0x1852, [0x35da, nil]]
0x3698S0x23d7S0x137c	[0x1852, [0x35da, nil]]
0x369bS0x23d7S0x137c	[0x1852, [0x35da, nil]]
0x369dS0x23d7S0x137c	[0x1852, [0x35da, nil]]
0x36a0S0x23d7S0x137c	[0x1852, [0x35da, nil]]
0x36a2S0x23d7S0x137c	[0x1852, [0x35da, nil]]
0x36a4S0x23d7S0x137c	[0x1852, [0x35da, nil]]
0x36a7S0x23d7S0x137c	[0x1852, [0x35da, nil]]
0x36a9S0x23d7S0x137c	[0x1852, [0x35da, nil]]
0x36caS0x23d7S0x137c	[0x1852, [0x35da, nil]]
0x36cdS0x23d7S0x137c	[0x1852, [0x35da, nil]]
0x36cfS0x23d7S0x137c	[0x1852, [0x35da, nil]]
0x36d1S0x23d7S0x137c	[0x1852, [0x35da, nil]]
0x36d2S0x23d7S0x137c	[0x1852, [0x35da, nil]]
0x35dbS0x23d7S0x137c	[0x1852, [0x35da, nil]]
0x35deS0x23d7S0x137c	[0x1852, [0x35da, nil]]
0x35e0S0x23d7S0x137c	[0x1852, [0x35da, nil]]
0x35e2S0x23d7S0x137c	[0x1852, [0x35da, nil]]
0x35e4S0x23d7S0x137c	[0x1852, [0x35da, nil]]
0x35e5S0x23d7S0x137c	[0x1852, [0x35da, nil]]
0x35f0S0x23d7S0x137c	[0x1852, [0x35da, nil]]
0x31830S0x23d7S0x137c	[0x1852, [0x35da, nil]]
0x35f4S0x23d7S0x137c	[0x1852, [0x35da, nil]]
0x35f6S0x23d7S0x137c	[0x1852, [0x35da, nil]]
0x35f8S0x23d7S0x137c	[0x1852, [0x35da, nil]]
0x35faS0x23d7S0x137c	[0x1852, [0x35da, nil]]
0x35fbS0x23d7S0x137c	[0x1852, [0x35da, nil]]
0x35fdS0x23d7S0x137c	[0x1852, [0x35da, nil]]
0x35feS0x23d7S0x137c	[0x1852, [0x35da, nil]]
0x35ffS0x23d7S0x137c	[0x1852, [0x35da, nil]]
0x365bS0x23d7S0x137c	[0x1852, [0x35da, nil]]
0x365dS0x23d7S0x137c	[0x1852, [0x35da, nil]]
0x365eS0x23d7S0x137c	[0x1852, [0x35da, nil]]
0x32230S0x23d7S0x137c	[0x1852, [0x35da, nil]]
0x3655S0x23d7S0x137c	[0x1852, [0x35da, nil]]
0xbe32S0x23d7S0x137c	[0x1852, [0x35da, nil]]
0xbe34S0x23d7S0x137c	[0x1852, [0x35da, nil]]
0xbe37S0x23d7S0x137c	[0x1852, [0x35da, nil]]
0x3662S0x23d7S0x137c	[0x1852, [0x35da, nil]]
0x3664S0x23d7S0x137c	[0x1852, [0x35da, nil]]
0x3665S0x23d7S0x137c	[0x1852, [0x35da, nil]]
0x3667S0x23d7S0x137c	[0x1852, [0x35da, nil]]
0x3668S0x23d7S0x137c	[0x1852, [0x35da, nil]]
0x367aS0x23d7S0x137c	[0x1852, [0x35da, nil]]
0x367bS0x23d7S0x137c	[0x1852, [0x35da, nil]]
0x3679_0x0S0x23d7S0x137c	[0x1852, [0x35da, nil]]
0x36dfS0x23d7S0x137c	[0x1852, [0x35da, nil]]
0x36e2S0x23d7S0x137c	[0x1852, [0x35da, nil]]
0x36e3S0x23d7S0x137c	[0x1852, [0x35da, nil]]
0x33630S0x23d7S0x137c	[0x1852, [0x35da, nil]]
0x36d9S0x23d7S0x137c	[0x1852, [0x35da, nil]]
0xbe5aS0x23d7S0x137c	[0x1852, [0x35da, nil]]
0xbe5cS0x23d7S0x137c	[0x1852, [0x35da, nil]]
0xbe5fS0x23d7S0x137c	[0x1852, [0x35da, nil]]
0xffec7_0x1S0x23d7S0x137c	[0x1852, [0x35da, nil]]
0xffec7_0x2S0x23d7S0x137c	[0x1852, [0x35da, nil]]
0x100ae2_0x1S0x23d7S0x137c	[0x1852, [0x35da, nil]]
0x100ae2_0x2S0x23d7S0x137c	[0x1852, [0x35da, nil]]
0x35eaS0x23d7S0x137c	[0x1852, [0x35da, nil]]
0x366dS0x23d7S0x137c	[0x1852, [0x35da, nil]]
0x366fS0x23d7S0x137c	[0x1852, [0x35da, nil]]
0x3671S0x23d7S0x137c	[0x1852, [0x35da, nil]]
0x3673S0x23d7S0x137c	[0x1852, [0x35da, nil]]
0x3674S0x23d7S0x137c	[0x1852, [0x35da, nil]]
0x3676S0x23d7S0x137c	[0x1852, [0x35da, nil]]
0x3677S0x23d7S0x137c	[0x1852, [0x35da, nil]]
0x3678S0x23d7S0x137c	[0x1852, [0x35da, nil]]
0x32c30S0x23d7S0x137c	[0x1852, [0x35da, nil]]
0x3603S0x25c0S0x137c	[0x1852, [0x35da, nil]]
0x3605S0x25c0S0x137c	[0x1852, [0x35da, nil]]
0x3607S0x25c0S0x137c	[0x1852, [0x35da, nil]]
0x3609S0x25c0S0x137c	[0x1852, [0x35da, nil]]
0x360aS0x25c0S0x137c	[0x1852, [0x35da, nil]]
0x360cS0x25c0S0x137c	[0x1852, [0x35da, nil]]
0x360dS0x25c0S0x137c	[0x1852, [0x35da, nil]]
0x360eS0x25c0S0x137c	[0x1852, [0x35da, nil]]
0x360fS0x25c0S0x137c	[0x1852, [0x35da, nil]]
0x3613S0x25c0S0x137c	[0x1852, [0x35da, nil]]
0x3615S0x25c0S0x137c	[0x1852, [0x35da, nil]]
0x3616S0x25c0S0x137c	[0x1852, [0x35da, nil]]
0x361aS0x25c0S0x137c	[0x1852, [0x35da, nil]]
0x361cS0x25c0S0x137c	[0x1852, [0x35da, nil]]
0x361fS0x25c0S0x137c	[0x1852, [0x35da, nil]]
0x3621S0x25c0S0x137c	[0x1852, [0x35da, nil]]
0x3624S0x25c0S0x137c	[0x1852, [0x35da, nil]]
0x3626S0x25c0S0x137c	[0x1852, [0x35da, nil]]
0x3628S0x25c0S0x137c	[0x1852, [0x35da, nil]]
0x362bS0x25c0S0x137c	[0x1852, [0x35da, nil]]
0x362dS0x25c0S0x137c	[0x1852, [0x35da, nil]]
0x3642S0x25c0S0x137c	[0x1852, [0x35da, nil]]
0x3644S0x25c0S0x137c	[0x1852, [0x35da, nil]]
0x3645S0x25c0S0x137c	[0x1852, [0x35da, nil]]
0x3648S0x25c0S0x137c	[0x1852, [0x35da, nil]]
0x364aS0x25c0S0x137c	[0x1852, [0x35da, nil]]
0x364cS0x25c0S0x137c	[0x1852, [0x35da, nil]]
0x364dS0x25c0S0x137c	[0x1852, [0x35da, nil]]
0x367fS0x25c0S0x137c	[0x1852, [0x35da, nil]]
0x3681S0x25c0S0x137c	[0x1852, [0x35da, nil]]
0x3683S0x25c0S0x137c	[0x1852, [0x35da, nil]]
0x3685S0x25c0S0x137c	[0x1852, [0x35da, nil]]
0x3686S0x25c0S0x137c	[0x1852, [0x35da, nil]]
0x3688S0x25c0S0x137c	[0x1852, [0x35da, nil]]
0x3689S0x25c0S0x137c	[0x1852, [0x35da, nil]]
0x368aS0x25c0S0x137c	[0x1852, [0x35da, nil]]
0x368bS0x25c0S0x137c	[0x1852, [0x35da, nil]]
0x368fS0x25c0S0x137c	[0x1852, [0x35da, nil]]
0x3691S0x25c0S0x137c	[0x1852, [0x35da, nil]]
0x3692S0x25c0S0x137c	[0x1852, [0x35da, nil]]
0x3696S0x25c0S0x137c	[0x1852, [0x35da, nil]]
0x3698S0x25c0S0x137c	[0x1852, [0x35da, nil]]
0x369bS0x25c0S0x137c	[0x1852, [0x35da, nil]]
0x369dS0x25c0S0x137c	[0x1852, [0x35da, nil]]
0x36a0S0x25c0S0x137c	[0x1852, [0x35da, nil]]
0x36a2S0x25c0S0x137c	[0x1852, [0x35da, nil]]
0x36a4S0x25c0S0x137c	[0x1852, [0x35da, nil]]
0x36a7S0x25c0S0x137c	[0x1852, [0x35da, nil]]
0x36a9S0x25c0S0x137c	[0x1852, [0x35da, nil]]
0x36caS0x25c0S0x137c	[0x1852, [0x35da, nil]]
0x36cdS0x25c0S0x137c	[0x1852, [0x35da, nil]]
0x36cfS0x25c0S0x137c	[0x1852, [0x35da, nil]]
0x36d1S0x25c0S0x137c	[0x1852, [0x35da, nil]]
0x36d2S0x25c0S0x137c	[0x1852, [0x35da, nil]]
0x35dbS0x25c0S0x137c	[0x1852, [0x35da, nil]]
0x35deS0x25c0S0x137c	[0x1852, [0x35da, nil]]
0x35e0S0x25c0S0x137c	[0x1852, [0x35da, nil]]
0x35e2S0x25c0S0x137c	[0x1852, [0x35da, nil]]
0x35e4S0x25c0S0x137c	[0x1852, [0x35da, nil]]
0x35e5S0x25c0S0x137c	[0x1852, [0x35da, nil]]
0x35f0S0x25c0S0x137c	[0x1852, [0x35da, nil]]
0x31830S0x25c0S0x137c	[0x1852, [0x35da, nil]]
0x35f4S0x25c0S0x137c	[0x1852, [0x35da, nil]]
0x35f6S0x25c0S0x137c	[0x1852, [0x35da, nil]]
0x35f8S0x25c0S0x137c	[0x1852, [0x35da, nil]]
0x35faS0x25c0S0x137c	[0x1852, [0x35da, nil]]
0x35fbS0x25c0S0x137c	[0x1852, [0x35da, nil]]
0x35fdS0x25c0S0x137c	[0x1852, [0x35da, nil]]
0x35feS0x25c0S0x137c	[0x1852, [0x35da, nil]]
0x35ffS0x25c0S0x137c	[0x1852, [0x35da, nil]]
0x365bS0x25c0S0x137c	[0x1852, [0x35da, nil]]
0x365dS0x25c0S0x137c	[0x1852, [0x35da, nil]]
0x365eS0x25c0S0x137c	[0x1852, [0x35da, nil]]
0x32230S0x25c0S0x137c	[0x1852, [0x35da, nil]]
0x3655S0x25c0S0x137c	[0x1852, [0x35da, nil]]
0xbe32S0x25c0S0x137c	[0x1852, [0x35da, nil]]
0xbe34S0x25c0S0x137c	[0x1852, [0x35da, nil]]
0xbe37S0x25c0S0x137c	[0x1852, [0x35da, nil]]
0x3662S0x25c0S0x137c	[0x1852, [0x35da, nil]]
0x3664S0x25c0S0x137c	[0x1852, [0x35da, nil]]
0x3665S0x25c0S0x137c	[0x1852, [0x35da, nil]]
0x3667S0x25c0S0x137c	[0x1852, [0x35da, nil]]
0x3668S0x25c0S0x137c	[0x1852, [0x35da, nil]]
0x367aS0x25c0S0x137c	[0x1852, [0x35da, nil]]
0x367bS0x25c0S0x137c	[0x1852, [0x35da, nil]]
0x3679_0x0S0x25c0S0x137c	[0x1852, [0x35da, nil]]
0x36dfS0x25c0S0x137c	[0x1852, [0x35da, nil]]
0x36e2S0x25c0S0x137c	[0x1852, [0x35da, nil]]
0x36e3S0x25c0S0x137c	[0x1852, [0x35da, nil]]
0x33630S0x25c0S0x137c	[0x1852, [0x35da, nil]]
0x36d9S0x25c0S0x137c	[0x1852, [0x35da, nil]]
0xbe5aS0x25c0S0x137c	[0x1852, [0x35da, nil]]
0xbe5cS0x25c0S0x137c	[0x1852, [0x35da, nil]]
0xbe5fS0x25c0S0x137c	[0x1852, [0x35da, nil]]
0xffec7_0x1S0x25c0S0x137c	[0x1852, [0x35da, nil]]
0xffec7_0x2S0x25c0S0x137c	[0x1852, [0x35da, nil]]
0x100ae2_0x1S0x25c0S0x137c	[0x1852, [0x35da, nil]]
0x100ae2_0x2S0x25c0S0x137c	[0x1852, [0x35da, nil]]
0x35eaS0x25c0S0x137c	[0x1852, [0x35da, nil]]
0x366dS0x25c0S0x137c	[0x1852, [0x35da, nil]]
0x366fS0x25c0S0x137c	[0x1852, [0x35da, nil]]
0x3671S0x25c0S0x137c	[0x1852, [0x35da, nil]]
0x3673S0x25c0S0x137c	[0x1852, [0x35da, nil]]
0x3674S0x25c0S0x137c	[0x1852, [0x35da, nil]]
0x3676S0x25c0S0x137c	[0x1852, [0x35da, nil]]
0x3677S0x25c0S0x137c	[0x1852, [0x35da, nil]]
0x3678S0x25c0S0x137c	[0x1852, [0x35da, nil]]
0x32c30S0x25c0S0x137c	[0x1852, [0x35da, nil]]
0x3603S0x26daS0x137c	[0x1852, [0x35da, nil]]
0x3605S0x26daS0x137c	[0x1852, [0x35da, nil]]
0x3607S0x26daS0x137c	[0x1852, [0x35da, nil]]
0x3609S0x26daS0x137c	[0x1852, [0x35da, nil]]
0x360aS0x26daS0x137c	[0x1852, [0x35da, nil]]
0x360cS0x26daS0x137c	[0x1852, [0x35da, nil]]
0x360dS0x26daS0x137c	[0x1852, [0x35da, nil]]
0x360eS0x26daS0x137c	[0x1852, [0x35da, nil]]
0x360fS0x26daS0x137c	[0x1852, [0x35da, nil]]
0x3613S0x26daS0x137c	[0x1852, [0x35da, nil]]
0x3615S0x26daS0x137c	[0x1852, [0x35da, nil]]
0x3616S0x26daS0x137c	[0x1852, [0x35da, nil]]
0x361aS0x26daS0x137c	[0x1852, [0x35da, nil]]
0x361cS0x26daS0x137c	[0x1852, [0x35da, nil]]
0x361fS0x26daS0x137c	[0x1852, [0x35da, nil]]
0x3621S0x26daS0x137c	[0x1852, [0x35da, nil]]
0x3624S0x26daS0x137c	[0x1852, [0x35da, nil]]
0x3626S0x26daS0x137c	[0x1852, [0x35da, nil]]
0x3628S0x26daS0x137c	[0x1852, [0x35da, nil]]
0x362bS0x26daS0x137c	[0x1852, [0x35da, nil]]
0x362dS0x26daS0x137c	[0x1852, [0x35da, nil]]
0x3642S0x26daS0x137c	[0x1852, [0x35da, nil]]
0x3644S0x26daS0x137c	[0x1852, [0x35da, nil]]
0x3645S0x26daS0x137c	[0x1852, [0x35da, nil]]
0x3648S0x26daS0x137c	[0x1852, [0x35da, nil]]
0x364aS0x26daS0x137c	[0x1852, [0x35da, nil]]
0x364cS0x26daS0x137c	[0x1852, [0x35da, nil]]
0x364dS0x26daS0x137c	[0x1852, [0x35da, nil]]
0x367fS0x26daS0x137c	[0x1852, [0x35da, nil]]
0x3681S0x26daS0x137c	[0x1852, [0x35da, nil]]
0x3683S0x26daS0x137c	[0x1852, [0x35da, nil]]
0x3685S0x26daS0x137c	[0x1852, [0x35da, nil]]
0x3686S0x26daS0x137c	[0x1852, [0x35da, nil]]
0x3688S0x26daS0x137c	[0x1852, [0x35da, nil]]
0x3689S0x26daS0x137c	[0x1852, [0x35da, nil]]
0x368aS0x26daS0x137c	[0x1852, [0x35da, nil]]
0x368bS0x26daS0x137c	[0x1852, [0x35da, nil]]
0x368fS0x26daS0x137c	[0x1852, [0x35da, nil]]
0x3691S0x26daS0x137c	[0x1852, [0x35da, nil]]
0x3692S0x26daS0x137c	[0x1852, [0x35da, nil]]
0x3696S0x26daS0x137c	[0x1852, [0x35da, nil]]
0x3698S0x26daS0x137c	[0x1852, [0x35da, nil]]
0x369bS0x26daS0x137c	[0x1852, [0x35da, nil]]
0x369dS0x26daS0x137c	[0x1852, [0x35da, nil]]
0x36a0S0x26daS0x137c	[0x1852, [0x35da, nil]]
0x36a2S0x26daS0x137c	[0x1852, [0x35da, nil]]
0x36a4S0x26daS0x137c	[0x1852, [0x35da, nil]]
0x36a7S0x26daS0x137c	[0x1852, [0x35da, nil]]
0x36a9S0x26daS0x137c	[0x1852, [0x35da, nil]]
0x36caS0x26daS0x137c	[0x1852, [0x35da, nil]]
0x36cdS0x26daS0x137c	[0x1852, [0x35da, nil]]
0x36cfS0x26daS0x137c	[0x1852, [0x35da, nil]]
0x36d1S0x26daS0x137c	[0x1852, [0x35da, nil]]
0x36d2S0x26daS0x137c	[0x1852, [0x35da, nil]]
0x35dbS0x26daS0x137c	[0x1852, [0x35da, nil]]
0x35deS0x26daS0x137c	[0x1852, [0x35da, nil]]
0x35e0S0x26daS0x137c	[0x1852, [0x35da, nil]]
0x35e2S0x26daS0x137c	[0x1852, [0x35da, nil]]
0x35e4S0x26daS0x137c	[0x1852, [0x35da, nil]]
0x35e5S0x26daS0x137c	[0x1852, [0x35da, nil]]
0x35f0S0x26daS0x137c	[0x1852, [0x35da, nil]]
0x31830S0x26daS0x137c	[0x1852, [0x35da, nil]]
0x35f4S0x26daS0x137c	[0x1852, [0x35da, nil]]
0x35f6S0x26daS0x137c	[0x1852, [0x35da, nil]]
0x35f8S0x26daS0x137c	[0x1852, [0x35da, nil]]
0x35faS0x26daS0x137c	[0x1852, [0x35da, nil]]
0x35fbS0x26daS0x137c	[0x1852, [0x35da, nil]]
0x35fdS0x26daS0x137c	[0x1852, [0x35da, nil]]
0x35feS0x26daS0x137c	[0x1852, [0x35da, nil]]
0x35ffS0x26daS0x137c	[0x1852, [0x35da, nil]]
0x365bS0x26daS0x137c	[0x1852, [0x35da, nil]]
0x365dS0x26daS0x137c	[0x1852, [0x35da, nil]]
0x365eS0x26daS0x137c	[0x1852, [0x35da, nil]]
0x32230S0x26daS0x137c	[0x1852, [0x35da, nil]]
0x3655S0x26daS0x137c	[0x1852, [0x35da, nil]]
0xbe32S0x26daS0x137c	[0x1852, [0x35da, nil]]
0xbe34S0x26daS0x137c	[0x1852, [0x35da, nil]]
0xbe37S0x26daS0x137c	[0x1852, [0x35da, nil]]
0x3662S0x26daS0x137c	[0x1852, [0x35da, nil]]
0x3664S0x26daS0x137c	[0x1852, [0x35da, nil]]
0x3665S0x26daS0x137c	[0x1852, [0x35da, nil]]
0x3667S0x26daS0x137c	[0x1852, [0x35da, nil]]
0x3668S0x26daS0x137c	[0x1852, [0x35da, nil]]
0x367aS0x26daS0x137c	[0x1852, [0x35da, nil]]
0x367bS0x26daS0x137c	[0x1852, [0x35da, nil]]
0x3679_0x0S0x26daS0x137c	[0x1852, [0x35da, nil]]
0x36dfS0x26daS0x137c	[0x1852, [0x35da, nil]]
0x36e2S0x26daS0x137c	[0x1852, [0x35da, nil]]
0x36e3S0x26daS0x137c	[0x1852, [0x35da, nil]]
0x33630S0x26daS0x137c	[0x1852, [0x35da, nil]]
0x36d9S0x26daS0x137c	[0x1852, [0x35da, nil]]
0xbe5aS0x26daS0x137c	[0x1852, [0x35da, nil]]
0xbe5cS0x26daS0x137c	[0x1852, [0x35da, nil]]
0xbe5fS0x26daS0x137c	[0x1852, [0x35da, nil]]
0xffec7_0x1S0x26daS0x137c	[0x1852, [0x35da, nil]]
0xffec7_0x2S0x26daS0x137c	[0x1852, [0x35da, nil]]
0x100ae2_0x1S0x26daS0x137c	[0x1852, [0x35da, nil]]
0x100ae2_0x2S0x26daS0x137c	[0x1852, [0x35da, nil]]
0x35eaS0x26daS0x137c	[0x1852, [0x35da, nil]]
0x366dS0x26daS0x137c	[0x1852, [0x35da, nil]]
0x366fS0x26daS0x137c	[0x1852, [0x35da, nil]]
0x3671S0x26daS0x137c	[0x1852, [0x35da, nil]]
0x3673S0x26daS0x137c	[0x1852, [0x35da, nil]]
0x3674S0x26daS0x137c	[0x1852, [0x35da, nil]]
0x3676S0x26daS0x137c	[0x1852, [0x35da, nil]]
0x3677S0x26daS0x137c	[0x1852, [0x35da, nil]]
0x3678S0x26daS0x137c	[0x1852, [0x35da, nil]]
0x32c30S0x26daS0x137c	[0x1852, [0x35da, nil]]
0x3603S0x2c4aB0x232fS0x137c	[0x1852, [0x35da, nil]]
0x3605S0x2c4aB0x232fS0x137c	[0x1852, [0x35da, nil]]
0x3607S0x2c4aB0x232fS0x137c	[0x1852, [0x35da, nil]]
0x3609S0x2c4aB0x232fS0x137c	[0x1852, [0x35da, nil]]
0x360aS0x2c4aB0x232fS0x137c	[0x1852, [0x35da, nil]]
0x360cS0x2c4aB0x232fS0x137c	[0x1852, [0x35da, nil]]
0x360dS0x2c4aB0x232fS0x137c	[0x1852, [0x35da, nil]]
0x360eS0x2c4aB0x232fS0x137c	[0x1852, [0x35da, nil]]
0x360fS0x2c4aB0x232fS0x137c	[0x1852, [0x35da, nil]]
0x3613S0x2c4aB0x232fS0x137c	[0x1852, [0x35da, nil]]
0x3615S0x2c4aB0x232fS0x137c	[0x1852, [0x35da, nil]]
0x3616S0x2c4aB0x232fS0x137c	[0x1852, [0x35da, nil]]
0x361aS0x2c4aB0x232fS0x137c	[0x1852, [0x35da, nil]]
0x361cS0x2c4aB0x232fS0x137c	[0x1852, [0x35da, nil]]
0x361fS0x2c4aB0x232fS0x137c	[0x1852, [0x35da, nil]]
0x3621S0x2c4aB0x232fS0x137c	[0x1852, [0x35da, nil]]
0x3624S0x2c4aB0x232fS0x137c	[0x1852, [0x35da, nil]]
0x3626S0x2c4aB0x232fS0x137c	[0x1852, [0x35da, nil]]
0x3628S0x2c4aB0x232fS0x137c	[0x1852, [0x35da, nil]]
0x362bS0x2c4aB0x232fS0x137c	[0x1852, [0x35da, nil]]
0x362dS0x2c4aB0x232fS0x137c	[0x1852, [0x35da, nil]]
0x3642S0x2c4aB0x232fS0x137c	[0x1852, [0x35da, nil]]
0x3644S0x2c4aB0x232fS0x137c	[0x1852, [0x35da, nil]]
0x3645S0x2c4aB0x232fS0x137c	[0x1852, [0x35da, nil]]
0x3648S0x2c4aB0x232fS0x137c	[0x1852, [0x35da, nil]]
0x364aS0x2c4aB0x232fS0x137c	[0x1852, [0x35da, nil]]
0x364cS0x2c4aB0x232fS0x137c	[0x1852, [0x35da, nil]]
0x364dS0x2c4aB0x232fS0x137c	[0x1852, [0x35da, nil]]
0x367fS0x2c4aB0x232fS0x137c	[0x1852, [0x35da, nil]]
0x3681S0x2c4aB0x232fS0x137c	[0x1852, [0x35da, nil]]
0x3683S0x2c4aB0x232fS0x137c	[0x1852, [0x35da, nil]]
0x3685S0x2c4aB0x232fS0x137c	[0x1852, [0x35da, nil]]
0x3686S0x2c4aB0x232fS0x137c	[0x1852, [0x35da, nil]]
0x3688S0x2c4aB0x232fS0x137c	[0x1852, [0x35da, nil]]
0x3689S0x2c4aB0x232fS0x137c	[0x1852, [0x35da, nil]]
0x368aS0x2c4aB0x232fS0x137c	[0x1852, [0x35da, nil]]
0x368bS0x2c4aB0x232fS0x137c	[0x1852, [0x35da, nil]]
0x368fS0x2c4aB0x232fS0x137c	[0x1852, [0x35da, nil]]
0x3691S0x2c4aB0x232fS0x137c	[0x1852, [0x35da, nil]]
0x3692S0x2c4aB0x232fS0x137c	[0x1852, [0x35da, nil]]
0x3696S0x2c4aB0x232fS0x137c	[0x1852, [0x35da, nil]]
0x3698S0x2c4aB0x232fS0x137c	[0x1852, [0x35da, nil]]
0x369bS0x2c4aB0x232fS0x137c	[0x1852, [0x35da, nil]]
0x369dS0x2c4aB0x232fS0x137c	[0x1852, [0x35da, nil]]
0x36a0S0x2c4aB0x232fS0x137c	[0x1852, [0x35da, nil]]
0x36a2S0x2c4aB0x232fS0x137c	[0x1852, [0x35da, nil]]
0x36a4S0x2c4aB0x232fS0x137c	[0x1852, [0x35da, nil]]
0x36a7S0x2c4aB0x232fS0x137c	[0x1852, [0x35da, nil]]
0x36a9S0x2c4aB0x232fS0x137c	[0x1852, [0x35da, nil]]
0x36caS0x2c4aB0x232fS0x137c	[0x1852, [0x35da, nil]]
0x36cdS0x2c4aB0x232fS0x137c	[0x1852, [0x35da, nil]]
0x36cfS0x2c4aB0x232fS0x137c	[0x1852, [0x35da, nil]]
0x36d1S0x2c4aB0x232fS0x137c	[0x1852, [0x35da, nil]]
0x36d2S0x2c4aB0x232fS0x137c	[0x1852, [0x35da, nil]]
0x35dbS0x2c4aB0x232fS0x137c	[0x1852, [0x35da, nil]]
0x35deS0x2c4aB0x232fS0x137c	[0x1852, [0x35da, nil]]
0x35e0S0x2c4aB0x232fS0x137c	[0x1852, [0x35da, nil]]
0x35e2S0x2c4aB0x232fS0x137c	[0x1852, [0x35da, nil]]
0x35e4S0x2c4aB0x232fS0x137c	[0x1852, [0x35da, nil]]
0x35e5S0x2c4aB0x232fS0x137c	[0x1852, [0x35da, nil]]
0x35f0S0x2c4aB0x232fS0x137c	[0x1852, [0x35da, nil]]
0x31830S0x2c4aB0x232fS0x137c	[0x1852, [0x35da, nil]]
0x35f4S0x2c4aB0x232fS0x137c	[0x1852, [0x35da, nil]]
0x35f6S0x2c4aB0x232fS0x137c	[0x1852, [0x35da, nil]]
0x35f8S0x2c4aB0x232fS0x137c	[0x1852, [0x35da, nil]]
0x35faS0x2c4aB0x232fS0x137c	[0x1852, [0x35da, nil]]
0x35fbS0x2c4aB0x232fS0x137c	[0x1852, [0x35da, nil]]
0x35fdS0x2c4aB0x232fS0x137c	[0x1852, [0x35da, nil]]
0x35feS0x2c4aB0x232fS0x137c	[0x1852, [0x35da, nil]]
0x35ffS0x2c4aB0x232fS0x137c	[0x1852, [0x35da, nil]]
0x365bS0x2c4aB0x232fS0x137c	[0x1852, [0x35da, nil]]
0x365dS0x2c4aB0x232fS0x137c	[0x1852, [0x35da, nil]]
0x365eS0x2c4aB0x232fS0x137c	[0x1852, [0x35da, nil]]
0x32230S0x2c4aB0x232fS0x137c	[0x1852, [0x35da, nil]]
0x3655S0x2c4aB0x232fS0x137c	[0x1852, [0x35da, nil]]
0xbe32S0x2c4aB0x232fS0x137c	[0x1852, [0x35da, nil]]
0xbe34S0x2c4aB0x232fS0x137c	[0x1852, [0x35da, nil]]
0xbe37S0x2c4aB0x232fS0x137c	[0x1852, [0x35da, nil]]
0x3662S0x2c4aB0x232fS0x137c	[0x1852, [0x35da, nil]]
0x3664S0x2c4aB0x232fS0x137c	[0x1852, [0x35da, nil]]
0x3665S0x2c4aB0x232fS0x137c	[0x1852, [0x35da, nil]]
0x3667S0x2c4aB0x232fS0x137c	[0x1852, [0x35da, nil]]
0x3668S0x2c4aB0x232fS0x137c	[0x1852, [0x35da, nil]]
0x367aS0x2c4aB0x232fS0x137c	[0x1852, [0x35da, nil]]
0x367bS0x2c4aB0x232fS0x137c	[0x1852, [0x35da, nil]]
0x3679_0x0S0x2c4aB0x232fS0x137c	[0x1852, [0x35da, nil]]
0x36dfS0x2c4aB0x232fS0x137c	[0x1852, [0x35da, nil]]
0x36e2S0x2c4aB0x232fS0x137c	[0x1852, [0x35da, nil]]
0x36e3S0x2c4aB0x232fS0x137c	[0x1852, [0x35da, nil]]
0x33630S0x2c4aB0x232fS0x137c	[0x1852, [0x35da, nil]]
0x36d9S0x2c4aB0x232fS0x137c	[0x1852, [0x35da, nil]]
0xbe5aS0x2c4aB0x232fS0x137c	[0x1852, [0x35da, nil]]
0xbe5cS0x2c4aB0x232fS0x137c	[0x1852, [0x35da, nil]]
0xbe5fS0x2c4aB0x232fS0x137c	[0x1852, [0x35da, nil]]
0xffec7_0x1S0x2c4aB0x232fS0x137c	[0x1852, [0x35da, nil]]
0xffec7_0x2S0x2c4aB0x232fS0x137c	[0x1852, [0x35da, nil]]
0x100ae2_0x1S0x2c4aB0x232fS0x137c	[0x1852, [0x35da, nil]]
0x100ae2_0x2S0x2c4aB0x232fS0x137c	[0x1852, [0x35da, nil]]
0x35eaS0x2c4aB0x232fS0x137c	[0x1852, [0x35da, nil]]
0x366dS0x2c4aB0x232fS0x137c	[0x1852, [0x35da, nil]]
0x366fS0x2c4aB0x232fS0x137c	[0x1852, [0x35da, nil]]
0x3671S0x2c4aB0x232fS0x137c	[0x1852, [0x35da, nil]]
0x3673S0x2c4aB0x232fS0x137c	[0x1852, [0x35da, nil]]
0x3674S0x2c4aB0x232fS0x137c	[0x1852, [0x35da, nil]]
0x3676S0x2c4aB0x232fS0x137c	[0x1852, [0x35da, nil]]
0x3677S0x2c4aB0x232fS0x137c	[0x1852, [0x35da, nil]]
0x3678S0x2c4aB0x232fS0x137c	[0x1852, [0x35da, nil]]
0x32c30S0x2c4aB0x232fS0x137c	[0x1852, [0x35da, nil]]
0x3603S0x320eB0x232fS0x137c	[0x1852, [0x35da, nil]]
0x3605S0x320eB0x232fS0x137c	[0x1852, [0x35da, nil]]
0x3607S0x320eB0x232fS0x137c	[0x1852, [0x35da, nil]]
0x3609S0x320eB0x232fS0x137c	[0x1852, [0x35da, nil]]
0x360aS0x320eB0x232fS0x137c	[0x1852, [0x35da, nil]]
0x360cS0x320eB0x232fS0x137c	[0x1852, [0x35da, nil]]
0x360dS0x320eB0x232fS0x137c	[0x1852, [0x35da, nil]]
0x360eS0x320eB0x232fS0x137c	[0x1852, [0x35da, nil]]
0x360fS0x320eB0x232fS0x137c	[0x1852, [0x35da, nil]]
0x3613S0x320eB0x232fS0x137c	[0x1852, [0x35da, nil]]
0x3615S0x320eB0x232fS0x137c	[0x1852, [0x35da, nil]]
0x3616S0x320eB0x232fS0x137c	[0x1852, [0x35da, nil]]
0x361aS0x320eB0x232fS0x137c	[0x1852, [0x35da, nil]]
0x361cS0x320eB0x232fS0x137c	[0x1852, [0x35da, nil]]
0x361fS0x320eB0x232fS0x137c	[0x1852, [0x35da, nil]]
0x3621S0x320eB0x232fS0x137c	[0x1852, [0x35da, nil]]
0x3624S0x320eB0x232fS0x137c	[0x1852, [0x35da, nil]]
0x3626S0x320eB0x232fS0x137c	[0x1852, [0x35da, nil]]
0x3628S0x320eB0x232fS0x137c	[0x1852, [0x35da, nil]]
0x362bS0x320eB0x232fS0x137c	[0x1852, [0x35da, nil]]
0x362dS0x320eB0x232fS0x137c	[0x1852, [0x35da, nil]]
0x3642S0x320eB0x232fS0x137c	[0x1852, [0x35da, nil]]
0x3644S0x320eB0x232fS0x137c	[0x1852, [0x35da, nil]]
0x3645S0x320eB0x232fS0x137c	[0x1852, [0x35da, nil]]
0x3648S0x320eB0x232fS0x137c	[0x1852, [0x35da, nil]]
0x364aS0x320eB0x232fS0x137c	[0x1852, [0x35da, nil]]
0x364cS0x320eB0x232fS0x137c	[0x1852, [0x35da, nil]]
0x364dS0x320eB0x232fS0x137c	[0x1852, [0x35da, nil]]
0x367fS0x320eB0x232fS0x137c	[0x1852, [0x35da, nil]]
0x3681S0x320eB0x232fS0x137c	[0x1852, [0x35da, nil]]
0x3683S0x320eB0x232fS0x137c	[0x1852, [0x35da, nil]]
0x3685S0x320eB0x232fS0x137c	[0x1852, [0x35da, nil]]
0x3686S0x320eB0x232fS0x137c	[0x1852, [0x35da, nil]]
0x3688S0x320eB0x232fS0x137c	[0x1852, [0x35da, nil]]
0x3689S0x320eB0x232fS0x137c	[0x1852, [0x35da, nil]]
0x368aS0x320eB0x232fS0x137c	[0x1852, [0x35da, nil]]
0x368bS0x320eB0x232fS0x137c	[0x1852, [0x35da, nil]]
0x368fS0x320eB0x232fS0x137c	[0x1852, [0x35da, nil]]
0x3691S0x320eB0x232fS0x137c	[0x1852, [0x35da, nil]]
0x3692S0x320eB0x232fS0x137c	[0x1852, [0x35da, nil]]
0x3696S0x320eB0x232fS0x137c	[0x1852, [0x35da, nil]]
0x3698S0x320eB0x232fS0x137c	[0x1852, [0x35da, nil]]
0x369bS0x320eB0x232fS0x137c	[0x1852, [0x35da, nil]]
0x369dS0x320eB0x232fS0x137c	[0x1852, [0x35da, nil]]
0x36a0S0x320eB0x232fS0x137c	[0x1852, [0x35da, nil]]
0x36a2S0x320eB0x232fS0x137c	[0x1852, [0x35da, nil]]
0x36a4S0x320eB0x232fS0x137c	[0x1852, [0x35da, nil]]
0x36a7S0x320eB0x232fS0x137c	[0x1852, [0x35da, nil]]
0x36a9S0x320eB0x232fS0x137c	[0x1852, [0x35da, nil]]
0x36caS0x320eB0x232fS0x137c	[0x1852, [0x35da, nil]]
0x36cdS0x320eB0x232fS0x137c	[0x1852, [0x35da, nil]]
0x36cfS0x320eB0x232fS0x137c	[0x1852, [0x35da, nil]]
0x36d1S0x320eB0x232fS0x137c	[0x1852, [0x35da, nil]]
0x36d2S0x320eB0x232fS0x137c	[0x1852, [0x35da, nil]]
0x35dbS0x320eB0x232fS0x137c	[0x1852, [0x35da, nil]]
0x35deS0x320eB0x232fS0x137c	[0x1852, [0x35da, nil]]
0x35e0S0x320eB0x232fS0x137c	[0x1852, [0x35da, nil]]
0x35e2S0x320eB0x232fS0x137c	[0x1852, [0x35da, nil]]
0x35e4S0x320eB0x232fS0x137c	[0x1852, [0x35da, nil]]
0x35e5S0x320eB0x232fS0x137c	[0x1852, [0x35da, nil]]
0x35f0S0x320eB0x232fS0x137c	[0x1852, [0x35da, nil]]
0x31830S0x320eB0x232fS0x137c	[0x1852, [0x35da, nil]]
0x35f4S0x320eB0x232fS0x137c	[0x1852, [0x35da, nil]]
0x35f6S0x320eB0x232fS0x137c	[0x1852, [0x35da, nil]]
0x35f8S0x320eB0x232fS0x137c	[0x1852, [0x35da, nil]]
0x35faS0x320eB0x232fS0x137c	[0x1852, [0x35da, nil]]
0x35fbS0x320eB0x232fS0x137c	[0x1852, [0x35da, nil]]
0x35fdS0x320eB0x232fS0x137c	[0x1852, [0x35da, nil]]
0x35feS0x320eB0x232fS0x137c	[0x1852, [0x35da, nil]]
0x35ffS0x320eB0x232fS0x137c	[0x1852, [0x35da, nil]]
0x365bS0x320eB0x232fS0x137c	[0x1852, [0x35da, nil]]
0x365dS0x320eB0x232fS0x137c	[0x1852, [0x35da, nil]]
0x365eS0x320eB0x232fS0x137c	[0x1852, [0x35da, nil]]
0x32230S0x320eB0x232fS0x137c	[0x1852, [0x35da, nil]]
0x3655S0x320eB0x232fS0x137c	[0x1852, [0x35da, nil]]
0xbe32S0x320eB0x232fS0x137c	[0x1852, [0x35da, nil]]
0xbe34S0x320eB0x232fS0x137c	[0x1852, [0x35da, nil]]
0xbe37S0x320eB0x232fS0x137c	[0x1852, [0x35da, nil]]
0x3662S0x320eB0x232fS0x137c	[0x1852, [0x35da, nil]]
0x3664S0x320eB0x232fS0x137c	[0x1852, [0x35da, nil]]
0x3665S0x320eB0x232fS0x137c	[0x1852, [0x35da, nil]]
0x3667S0x320eB0x232fS0x137c	[0x1852, [0x35da, nil]]
0x3668S0x320eB0x232fS0x137c	[0x1852, [0x35da, nil]]
0x367aS0x320eB0x232fS0x137c	[0x1852, [0x35da, nil]]
0x367bS0x320eB0x232fS0x137c	[0x1852, [0x35da, nil]]
0x3679_0x0S0x320eB0x232fS0x137c	[0x1852, [0x35da, nil]]
0x36dfS0x320eB0x232fS0x137c	[0x1852, [0x35da, nil]]
0x36e2S0x320eB0x232fS0x137c	[0x1852, [0x35da, nil]]
0x36e3S0x320eB0x232fS0x137c	[0x1852, [0x35da, nil]]
0x33630S0x320eB0x232fS0x137c	[0x1852, [0x35da, nil]]
0x36d9S0x320eB0x232fS0x137c	[0x1852, [0x35da, nil]]
0xbe5aS0x320eB0x232fS0x137c	[0x1852, [0x35da, nil]]
0xbe5cS0x320eB0x232fS0x137c	[0x1852, [0x35da, nil]]
0xbe5fS0x320eB0x232fS0x137c	[0x1852, [0x35da, nil]]
0xffec7_0x1S0x320eB0x232fS0x137c	[0x1852, [0x35da, nil]]
0xffec7_0x2S0x320eB0x232fS0x137c	[0x1852, [0x35da, nil]]
0x100ae2_0x1S0x320eB0x232fS0x137c	[0x1852, [0x35da, nil]]
0x100ae2_0x2S0x320eB0x232fS0x137c	[0x1852, [0x35da, nil]]
0x35eaS0x320eB0x232fS0x137c	[0x1852, [0x35da, nil]]
0x366dS0x320eB0x232fS0x137c	[0x1852, [0x35da, nil]]
0x366fS0x320eB0x232fS0x137c	[0x1852, [0x35da, nil]]
0x3671S0x320eB0x232fS0x137c	[0x1852, [0x35da, nil]]
0x3673S0x320eB0x232fS0x137c	[0x1852, [0x35da, nil]]
0x3674S0x320eB0x232fS0x137c	[0x1852, [0x35da, nil]]
0x3676S0x320eB0x232fS0x137c	[0x1852, [0x35da, nil]]
0x3677S0x320eB0x232fS0x137c	[0x1852, [0x35da, nil]]
0x3678S0x320eB0x232fS0x137c	[0x1852, [0x35da, nil]]
0x32c30S0x320eB0x232fS0x137c	[0x1852, [0x35da, nil]]
0x1e89S0x15c7	[0x1da7, nil]
0x1e8bS0x15c7	[0x1da7, nil]
0x1e8cS0x15c7	[0x1da7, nil]
0x1e90S0x15c7	[0x1da7, nil]
0x1e92S0x15c7	[0x1da7, nil]
0x1e95S0x15c7	[0x1da7, nil]
0x1e97S0x15c7	[0x1da7, nil]
0x1e9aS0x15c7	[0x1da7, nil]
0x1e9cS0x15c7	[0x1da7, nil]
0x1e9eS0x15c7	[0x1da7, nil]
0x1ea1S0x15c7	[0x1da7, nil]
0x1ea3S0x15c7	[0x1da7, nil]
0x1eb8S0x15c7	[0x1da7, nil]
0x1ebaS0x15c7	[0x1da7, nil]
0x1ebbS0x15c7	[0x1da7, nil]
0x1ebeS0x15c7	[0x1da7, nil]
0x1ec0S0x15c7	[0x1da7, nil]
0x1ec2S0x15c7	[0x1da7, nil]
0x1ec3S0x15c7	[0x1da7, nil]
0x1ef6S0x15c7	[0x1da7, nil]
0x1ef8S0x15c7	[0x1da7, nil]
0x1ef9S0x15c7	[0x1da7, nil]
0x1efdS0x15c7	[0x1da7, nil]
0x1effS0x15c7	[0x1da7, nil]
0x1f02S0x15c7	[0x1da7, nil]
0x1f04S0x15c7	[0x1da7, nil]
0x1f07S0x15c7	[0x1da7, nil]
0x1f09S0x15c7	[0x1da7, nil]
0x1f0bS0x15c7	[0x1da7, nil]
0x1f0eS0x15c7	[0x1da7, nil]
0x1f10S0x15c7	[0x1da7, nil]
0x1f31S0x15c7	[0x1da7, nil]
0x1f34S0x15c7	[0x1da7, nil]
0x1f36S0x15c7	[0x1da7, nil]
0x1f40S0x15c7	[0x1da7, nil]
0x1f42S0x15c7	[0x1da7, nil]
0x1f43S0x15c7	[0x1da7, nil]
0x1f46S0x15c7	[0x1da7, nil]
0x1f48S0x15c7	[0x1da7, nil]
0x1f4aS0x15c7	[0x1da7, nil]
0x1f4bS0x15c7	[0x1da7, nil]
0x1da8S0x15c7	[0x1da7, nil]
0x1dabS0x15c7	[0x1da7, nil]
0x1dafS0x15c7	[0x1da7, nil]
0x1db6S0x15c7	[0x1da7, nil]
0x1db8S0x15c7	[0x1da7, nil]
0x1ddeS0x15c7	[0x1da7, nil]
0x1de0S0x15c7	[0x1da7, nil]
0x1de1S0x15c7	[0x1da7, nil]
0x1de3S0x15c7	[0x1da7, nil]
0x1de5S0x15c7	[0x1da7, nil]
0x1de6S0x15c7	[0x1da7, nil]
0x1de7S0x15c7	[0x1da7, nil]
0x1de9S0x15c7	[0x1da7, nil]
0x1deaS0x15c7	[0x1da7, nil]
0x1decS0x15c7	[0x1da7, nil]
0x1dedS0x15c7	[0x1da7, nil]
0x1df8S0x15c7	[0x1da7, nil]
0x1dfdS0x15c7	[0x1da7, nil]
0x1dffS0x15c7	[0x1da7, nil]
0x1e00S0x15c7	[0x1da7, nil]
0x1e04S0x15c7	[0x1da7, nil]
0x1e05S0x15c7	[0x1da7, nil]
0x1e09S0x15c7	[0x1da7, nil]
0x1e0dS0x15c7	[0x1da7, nil]
0x1e0fS0x15c7	[0x1da7, nil]
0x1e11S0x15c7	[0x1da7, nil]
0x1e12S0x15c7	[0x1da7, nil]
0x1e15S0x15c7	[0x1da7, nil]
0x1e17S0x15c7	[0x1da7, nil]
0x1e1aS0x15c7	[0x1da7, nil]
0x1e1eS0x15c7	[0x1da7, nil]
0x5531S0x15c7	[0x1da7, nil]
0x553eS0x15c7	[0x1da7, nil]
0x5540S0x15c7	[0x1da7, nil]
0x5542S0x15c7	[0x1da7, nil]
0x5543S0x15c7	[0x1da7, nil]
0x5544S0x15c7	[0x1da7, nil]
0x5547S0x15c7	[0x1da7, nil]
0x554aS0x15c7	[0x1da7, nil]
0x554dS0x15c7	[0x1da7, nil]
0x5550S0x15c7	[0x1da7, nil]
0x5553S0x15c7	[0x1da7, nil]
0x5555S0x15c7	[0x1da7, nil]
0x5558S0x15c7	[0x1da7, nil]
0x5559S0x15c7	[0x1da7, nil]
0x555dS0x15c7	[0x1da7, nil]
0x5560S0x15c7	[0x1da7, nil]
0x5561S0x15c7	[0x1da7, nil]
0x5564S0x15c7	[0x1da7, nil]
0x5565S0x15c7	[0x1da7, nil]
0x1e58S0x15c7	[0x1da7, nil]
0x1e5cS0x15c7	[0x1da7, nil]
0x1e5fS0x15c7	[0x1da7, nil]
0x1e62S0x15c7	[0x1da7, nil]
0x1e63S0x15c7	[0x1da7, nil]
0x1e66S0x15c7	[0x1da7, nil]
0x1e67S0x15c7	[0x1da7, nil]
0x1e23S0x15c7	[0x1da7, nil]
0x1e44S0x15c7	[0x1da7, nil]
0x1e49S0x15c7	[0x1da7, nil]
0x1e4fS0x15c7	[0x1da7, nil]
0x1e52S0x15c7	[0x1da7, nil]
0x1e7eS0x15c7	[0x1da7, nil]
0x1e80S0x15c7	[0x1da7, nil]
0x1e81S0x15c7	[0x1da7, nil]
0x1e82S0x15c7	[0x1da7, nil]
0x1e83S0x15c7	[0x1da7, nil]
0x1e84S0x15c7	[0x1da7, nil]
0x1e85S0x15c7	[0x1da7, nil]
0x1e6dS0x15c7	[0x1da7, nil]
0x1e6fS0x15c7	[0x1da7, nil]
0x1e70S0x15c7	[0x1da7, nil]
0x1e72S0x15c7	[0x1da7, nil]
0x1e74S0x15c7	[0x1da7, nil]
0x1e75S0x15c7	[0x1da7, nil]
0x1e76S0x15c7	[0x1da7, nil]
0x1ec8S0x15c7	[0x1da7, nil]
0x1ecbS0x15c7	[0x1da7, nil]
0x1eedS0x15c7	[0x1da7, nil]
0xba68S0x15c7	[0x1da7, nil]
0xba6aS0x15c7	[0x1da7, nil]
0xba6dS0x15c7	[0x1da7, nil]
0x1ef2S0x15c7	[0x1da7, nil]
0xba90S0x15c7	[0x1da7, nil]
0xba92S0x15c7	[0x1da7, nil]
0xba95S0x15c7	[0x1da7, nil]
0x556cS0x15c7	[0x1da7, nil]
0x556dS0x15c7	[0x1da7, nil]
0x5570S0x15c7	[0x1da7, nil]
0x5576S0x15c7	[0x1da7, nil]
0x5579S0x15c7	[0x1da7, nil]
0x557bS0x15c7	[0x1da7, nil]
0x557dS0x15c7	[0x1da7, nil]
0x2a06S0x1da7S0x15c7	[0x1da7, [0x2a05, nil]]
0x2a08S0x1da7S0x15c7	[0x1da7, [0x2a05, nil]]
0x2a0aS0x1da7S0x15c7	[0x1da7, [0x2a05, nil]]
0x2a0cS0x1da7S0x15c7	[0x1da7, [0x2a05, nil]]
0x2a0dS0x1da7S0x15c7	[0x1da7, [0x2a05, nil]]
0x2a0fS0x1da7S0x15c7	[0x1da7, [0x2a05, nil]]
0x2a10S0x1da7S0x15c7	[0x1da7, [0x2a05, nil]]
0x2a15S0x1da7S0x15c7	[0x1da7, [0x2a05, nil]]
0x2a17S0x1da7S0x15c7	[0x1da7, [0x2a05, nil]]
0x2a1aS0x1da7S0x15c7	[0x1da7, [0x2a05, nil]]
0x2a1dS0x1da7S0x15c7	[0x1da7, [0x2a05, nil]]
0x2a1fS0x1da7S0x15c7	[0x1da7, [0x2a05, nil]]
0x2a20S0x1da7S0x15c7	[0x1da7, [0x2a05, nil]]
0x2a23S0x1da7S0x15c7	[0x1da7, [0x2a05, nil]]
0x28c30S0x1da7S0x15c7	[0x1da7, [0x2a05, nil]]
0x498cS0x552dS0x15c7	[0x1da7, [0x496e, nil]]
0x498fS0x552dS0x15c7	[0x1da7, [0x496e, nil]]
0x4974S0x552dS0x15c7	[0x1da7, [0x496e, nil]]
0x4975S0x552dS0x15c7	[0x1da7, [0x496e, nil]]
0x4976S0x552dS0x15c7	[0x1da7, [0x496e, nil]]
0x4971_0x0S0x552dS0x15c7	[0x1da7, [0x496e, nil]]
0x496fS0x552dS0x15c7	[0x1da7, [0x496e, nil]]
0x3b830S0x552dS0x15c7	[0x1da7, [0x496e, nil]]
0x497cS0x552dS0x15c7	[0x1da7, [0x496e, nil]]
0x497dS0x552dS0x15c7	[0x1da7, [0x496e, nil]]
0x4980S0x552dS0x15c7	[0x1da7, [0x496e, nil]]
0x4982S0x552dS0x15c7	[0x1da7, [0x496e, nil]]
0x4984S0x552dS0x15c7	[0x1da7, [0x496e, nil]]
0x4985S0x552dS0x15c7	[0x1da7, [0x496e, nil]]
0x497a_0x0S0x552dS0x15c7	[0x1da7, [0x496e, nil]]
0xbb2S0x1ec7S0x15c7	[0x1da7, [0xbb1, nil]]
0xbb7S0x1ec7S0x15c7	[0x1da7, [0xbb1, nil]]
0xbb9S0x1ec7S0x15c7	[0x1da7, [0xbb1, nil]]
0xbbeS0x1ec7S0x15c7	[0x1da7, [0xbb1, nil]]
0xbc2S0x1ec7S0x15c7	[0x1da7, [0xbb1, nil]]
0xbc3S0x1ec7S0x15c7	[0x1da7, [0xbb1, nil]]
0xbc5S0x1ec7S0x15c7	[0x1da7, [0xbb1, nil]]
0xbc7S0x1ec7S0x15c7	[0x1da7, [0xbb1, nil]]
0xbc9S0x1ec7S0x15c7	[0x1da7, [0xbb1, nil]]
0xbcaS0x1ec7S0x15c7	[0x1da7, [0xbb1, nil]]
0xbceS0x1ec7S0x15c7	[0x1da7, [0xbb1, nil]]
0xbd5S0x1ec7S0x15c7	[0x1da7, [0xbb1, nil]]
0xbd6S0x1ec7S0x15c7	[0x1da7, [0xbb1, nil]]
0xbd7S0x1ec7S0x15c7	[0x1da7, [0xbb1, nil]]
0xbd9S0x1ec7S0x15c7	[0x1da7, [0xbb1, nil]]
0x5594S0x1e55S0x15c7	[0x1da7, [0x5586, nil]]
0x5587S0x1e55S0x15c7	[0x1da7, [0x5586, nil]]
0x5589S0x1e55S0x15c7	[0x1da7, [0x5586, nil]]
0x558dS0x1e55S0x15c7	[0x1da7, [0x5586, nil]]
0x558eS0x1e55S0x15c7	[0x1da7, [0x5586, nil]]
0x558fS0x1e55S0x15c7	[0x1da7, [0x5586, nil]]
0x5590S0x1e55S0x15c7	[0x1da7, [0x5586, nil]]
0x559aS0x1e55S0x15c7	[0x1da7, [0x5586, nil]]
0x559bS0x1e55S0x15c7	[0x1da7, [0x5586, nil]]
0x559fS0x1e55S0x15c7	[0x1da7, [0x5586, nil]]
0x49dcS0x5598S0x1e55S0x15c7	[0x1da7, [0x5586, [0x49d1, nil]]]
0x49d2S0x5598S0x1e55S0x15c7	[0x1da7, [0x5586, [0x49d1, nil]]]
0x49d5S0x5598S0x1e55S0x15c7	[0x1da7, [0x5586, [0x49d1, nil]]]
0x49d7S0x5598S0x1e55S0x15c7	[0x1da7, [0x5586, [0x49d1, nil]]]
0x49d8S0x5598S0x1e55S0x15c7	[0x1da7, [0x5586, [0x49d1, nil]]]
0x2a5bS0x1e6bS0x15c7	[0x1da7, [0x2a5a, nil]]
0x2a5eS0x1e6bS0x15c7	[0x1da7, [0x2a5a, nil]]
0x2a60S0x1e6bS0x15c7	[0x1da7, [0x2a5a, nil]]
0x2a67S0x1e6bS0x15c7	[0x1da7, [0x2a5a, nil]]
0x2a70S0x1e6bS0x15c7	[0x1da7, [0x2a5a, nil]]
0x2a74S0x1e6bS0x15c7	[0x1da7, [0x2a5a, nil]]
0x29630S0x1e6bS0x15c7	[0x1da7, [0x2a5a, nil]]
0x39ecS0x2a5aS0x1e6bS0x15c7	[0x1da7, [0x2a5a, [0x396a, nil]]]
0x39edS0x2a5aS0x1e6bS0x15c7	[0x1da7, [0x2a5a, [0x396a, nil]]]
0x39f1S0x2a5aS0x1e6bS0x15c7	[0x1da7, [0x2a5a, [0x396a, nil]]]
0x39f2S0x2a5aS0x1e6bS0x15c7	[0x1da7, [0x2a5a, [0x396a, nil]]]
0x3a11S0x2a5aS0x1e6bS0x15c7	[0x1da7, [0x2a5a, [0x396a, nil]]]
0x3a13S0x2a5aS0x1e6bS0x15c7	[0x1da7, [0x2a5a, [0x396a, nil]]]
0x3a1aS0x2a5aS0x1e6bS0x15c7	[0x1da7, [0x2a5a, [0x396a, nil]]]
0x396bS0x2a5aS0x1e6bS0x15c7	[0x1da7, [0x2a5a, [0x396a, nil]]]
0x396eS0x2a5aS0x1e6bS0x15c7	[0x1da7, [0x2a5a, [0x396a, nil]]]
0x3990S0x2a5aS0x1e6bS0x15c7	[0x1da7, [0x2a5a, [0x396a, nil]]]
0x3991S0x2a5aS0x1e6bS0x15c7	[0x1da7, [0x2a5a, [0x396a, nil]]]
0x3992S0x2a5aS0x1e6bS0x15c7	[0x1da7, [0x2a5a, [0x396a, nil]]]
0x39a2S0x2a5aS0x1e6bS0x15c7	[0x1da7, [0x2a5a, [0x396a, nil]]]
0x39a5S0x2a5aS0x1e6bS0x15c7	[0x1da7, [0x2a5a, [0x396a, nil]]]
0x39a6S0x2a5aS0x1e6bS0x15c7	[0x1da7, [0x2a5a, [0x396a, nil]]]
0x39abS0x2a5aS0x1e6bS0x15c7	[0x1da7, [0x2a5a, [0x396a, nil]]]
0x39aeS0x2a5aS0x1e6bS0x15c7	[0x1da7, [0x2a5a, [0x396a, nil]]]
0x39b5S0x2a5aS0x1e6bS0x15c7	[0x1da7, [0x2a5a, [0x396a, nil]]]
0x39b8S0x2a5aS0x1e6bS0x15c7	[0x1da7, [0x2a5a, [0x396a, nil]]]
0x39bbS0x2a5aS0x1e6bS0x15c7	[0x1da7, [0x2a5a, [0x396a, nil]]]
0x39c0S0x2a5aS0x1e6bS0x15c7	[0x1da7, [0x2a5a, [0x396a, nil]]]
0x39c3S0x2a5aS0x1e6bS0x15c7	[0x1da7, [0x2a5a, [0x396a, nil]]]
0x39c7S0x2a5aS0x1e6bS0x15c7	[0x1da7, [0x2a5a, [0x396a, nil]]]
0x39caS0x2a5aS0x1e6bS0x15c7	[0x1da7, [0x2a5a, [0x396a, nil]]]
0x39ceS0x2a5aS0x1e6bS0x15c7	[0x1da7, [0x2a5a, [0x396a, nil]]]
0x39d1S0x2a5aS0x1e6bS0x15c7	[0x1da7, [0x2a5a, [0x396a, nil]]]
0x39d3S0x2a5aS0x1e6bS0x15c7	[0x1da7, [0x2a5a, [0x396a, nil]]]
0x39d4S0x2a5aS0x1e6bS0x15c7	[0x1da7, [0x2a5a, [0x396a, nil]]]
0x39d6S0x2a5aS0x1e6bS0x15c7	[0x1da7, [0x2a5a, [0x396a, nil]]]
0x39d8S0x2a5aS0x1e6bS0x15c7	[0x1da7, [0x2a5a, [0x396a, nil]]]
0x39d9S0x2a5aS0x1e6bS0x15c7	[0x1da7, [0x2a5a, [0x396a, nil]]]
0x39dcS0x2a5aS0x1e6bS0x15c7	[0x1da7, [0x2a5a, [0x396a, nil]]]
0x39e0S0x2a5aS0x1e6bS0x15c7	[0x1da7, [0x2a5a, [0x396a, nil]]]
0x39e3S0x2a5aS0x1e6bS0x15c7	[0x1da7, [0x2a5a, [0x396a, nil]]]
0x39e4S0x2a5aS0x1e6bS0x15c7	[0x1da7, [0x2a5a, [0x396a, nil]]]
0x39e5S0x2a5aS0x1e6bS0x15c7	[0x1da7, [0x2a5a, [0x396a, nil]]]
0x39e7S0x2a5aS0x1e6bS0x15c7	[0x1da7, [0x2a5a, [0x396a, nil]]]
0x39e8S0x2a5aS0x1e6bS0x15c7	[0x1da7, [0x2a5a, [0x396a, nil]]]
0x39f8S0x2a5aS0x1e6bS0x15c7	[0x1da7, [0x2a5a, [0x396a, nil]]]
0x39faS0x2a5aS0x1e6bS0x15c7	[0x1da7, [0x2a5a, [0x396a, nil]]]
0x39fbS0x2a5aS0x1e6bS0x15c7	[0x1da7, [0x2a5a, [0x396a, nil]]]
0x39fdS0x2a5aS0x1e6bS0x15c7	[0x1da7, [0x2a5a, [0x396a, nil]]]
0x39feS0x2a5aS0x1e6bS0x15c7	[0x1da7, [0x2a5a, [0x396a, nil]]]
0x39ffS0x2a5aS0x1e6bS0x15c7	[0x1da7, [0x2a5a, [0x396a, nil]]]
0x3a03S0x2a5aS0x1e6bS0x15c7	[0x1da7, [0x2a5a, [0x396a, nil]]]
0x3a05S0x2a5aS0x1e6bS0x15c7	[0x1da7, [0x2a5a, [0x396a, nil]]]
0x3a07S0x2a5aS0x1e6bS0x15c7	[0x1da7, [0x2a5a, [0x396a, nil]]]
0x3a09S0x2a5aS0x1e6bS0x15c7	[0x1da7, [0x2a5a, [0x396a, nil]]]
0x3a0aS0x2a5aS0x1e6bS0x15c7	[0x1da7, [0x2a5a, [0x396a, nil]]]
0x3a0cS0x2a5aS0x1e6bS0x15c7	[0x1da7, [0x2a5a, [0x396a, nil]]]
0x3a0dS0x2a5aS0x1e6bS0x15c7	[0x1da7, [0x2a5a, [0x396a, nil]]]
0x3a21S0x2a5aS0x1e6bS0x15c7	[0x1da7, [0x2a5a, [0x396a, nil]]]
0x36830S0x2a5aS0x1e6bS0x15c7	[0x1da7, [0x2a5a, [0x396a, nil]]]
0x3997S0x2a5aS0x1e6bS0x15c7	[0x1da7, [0x2a5a, [0x396a, nil]]]
0x399bS0x2a5aS0x1e6bS0x15c7	[0x1da7, [0x2a5a, [0x396a, nil]]]
0x399dS0x2a5aS0x1e6bS0x15c7	[0x1da7, [0x2a5a, [0x396a, nil]]]
0x3a3bS0x2a6bS0x1e6bS0x15c7	[0x1da7, [0x2a5a, [0x3a2e, nil]]]
0x3a3eS0x2a6bS0x1e6bS0x15c7	[0x1da7, [0x2a5a, [0x3a2e, nil]]]
0x3a57S0x2a6bS0x1e6bS0x15c7	[0x1da7, [0x2a5a, [0x3a2e, nil]]]
0x3a5aS0x2a6bS0x1e6bS0x15c7	[0x1da7, [0x2a5a, [0x3a2e, nil]]]
0x3a64S0x2a6bS0x1e6bS0x15c7	[0x1da7, [0x2a5a, [0x3a2e, nil]]]
0x3a66S0x2a6bS0x1e6bS0x15c7	[0x1da7, [0x2a5a, [0x3a2e, nil]]]
0x3a67S0x2a6bS0x1e6bS0x15c7	[0x1da7, [0x2a5a, [0x3a2e, nil]]]
0x3a6bS0x2a6bS0x1e6bS0x15c7	[0x1da7, [0x2a5a, [0x3a2e, nil]]]
0x3a6dS0x2a6bS0x1e6bS0x15c7	[0x1da7, [0x2a5a, [0x3a2e, nil]]]
0x3a70S0x2a6bS0x1e6bS0x15c7	[0x1da7, [0x2a5a, [0x3a2e, nil]]]
0x3a72S0x2a6bS0x1e6bS0x15c7	[0x1da7, [0x2a5a, [0x3a2e, nil]]]
0x3a75S0x2a6bS0x1e6bS0x15c7	[0x1da7, [0x2a5a, [0x3a2e, nil]]]
0x3a77S0x2a6bS0x1e6bS0x15c7	[0x1da7, [0x2a5a, [0x3a2e, nil]]]
0x3a79S0x2a6bS0x1e6bS0x15c7	[0x1da7, [0x2a5a, [0x3a2e, nil]]]
0x3a7cS0x2a6bS0x1e6bS0x15c7	[0x1da7, [0x2a5a, [0x3a2e, nil]]]
0x3a7eS0x2a6bS0x1e6bS0x15c7	[0x1da7, [0x2a5a, [0x3a2e, nil]]]
0x3a9fS0x2a6bS0x1e6bS0x15c7	[0x1da7, [0x2a5a, [0x3a2e, nil]]]
0x3aa2S0x2a6bS0x1e6bS0x15c7	[0x1da7, [0x2a5a, [0x3a2e, nil]]]
0x3aa4S0x2a6bS0x1e6bS0x15c7	[0x1da7, [0x2a5a, [0x3a2e, nil]]]
0x3aa6S0x2a6bS0x1e6bS0x15c7	[0x1da7, [0x2a5a, [0x3a2e, nil]]]
0x3aa7S0x2a6bS0x1e6bS0x15c7	[0x1da7, [0x2a5a, [0x3a2e, nil]]]
0x3ab8S0x2a6bS0x1e6bS0x15c7	[0x1da7, [0x2a5a, [0x3a2e, nil]]]
0x3abbS0x2a6bS0x1e6bS0x15c7	[0x1da7, [0x2a5a, [0x3a2e, nil]]]
0x3ac5S0x2a6bS0x1e6bS0x15c7	[0x1da7, [0x2a5a, [0x3a2e, nil]]]
0x3ac7S0x2a6bS0x1e6bS0x15c7	[0x1da7, [0x2a5a, [0x3a2e, nil]]]
0x3ac8S0x2a6bS0x1e6bS0x15c7	[0x1da7, [0x2a5a, [0x3a2e, nil]]]
0x3accS0x2a6bS0x1e6bS0x15c7	[0x1da7, [0x2a5a, [0x3a2e, nil]]]
0x3aceS0x2a6bS0x1e6bS0x15c7	[0x1da7, [0x2a5a, [0x3a2e, nil]]]
0x3ad1S0x2a6bS0x1e6bS0x15c7	[0x1da7, [0x2a5a, [0x3a2e, nil]]]
0x3ad3S0x2a6bS0x1e6bS0x15c7	[0x1da7, [0x2a5a, [0x3a2e, nil]]]
0x3ad6S0x2a6bS0x1e6bS0x15c7	[0x1da7, [0x2a5a, [0x3a2e, nil]]]
0x3ad8S0x2a6bS0x1e6bS0x15c7	[0x1da7, [0x2a5a, [0x3a2e, nil]]]
0x3adaS0x2a6bS0x1e6bS0x15c7	[0x1da7, [0x2a5a, [0x3a2e, nil]]]
0x3addS0x2a6bS0x1e6bS0x15c7	[0x1da7, [0x2a5a, [0x3a2e, nil]]]
0x3adfS0x2a6bS0x1e6bS0x15c7	[0x1da7, [0x2a5a, [0x3a2e, nil]]]
0x3b00S0x2a6bS0x1e6bS0x15c7	[0x1da7, [0x2a5a, [0x3a2e, nil]]]
0x3b03S0x2a6bS0x1e6bS0x15c7	[0x1da7, [0x2a5a, [0x3a2e, nil]]]
0x3b05S0x2a6bS0x1e6bS0x15c7	[0x1da7, [0x2a5a, [0x3a2e, nil]]]
0x3b07S0x2a6bS0x1e6bS0x15c7	[0x1da7, [0x2a5a, [0x3a2e, nil]]]
0x3b08S0x2a6bS0x1e6bS0x15c7	[0x1da7, [0x2a5a, [0x3a2e, nil]]]
0x3b19S0x2a6bS0x1e6bS0x15c7	[0x1da7, [0x2a5a, [0x3a2e, nil]]]
0x3b1cS0x2a6bS0x1e6bS0x15c7	[0x1da7, [0x2a5a, [0x3a2e, nil]]]
0x3b26S0x2a6bS0x1e6bS0x15c7	[0x1da7, [0x2a5a, [0x3a2e, nil]]]
0x3b28S0x2a6bS0x1e6bS0x15c7	[0x1da7, [0x2a5a, [0x3a2e, nil]]]
0x3b29S0x2a6bS0x1e6bS0x15c7	[0x1da7, [0x2a5a, [0x3a2e, nil]]]
0x3b2dS0x2a6bS0x1e6bS0x15c7	[0x1da7, [0x2a5a, [0x3a2e, nil]]]
0x3b2fS0x2a6bS0x1e6bS0x15c7	[0x1da7, [0x2a5a, [0x3a2e, nil]]]
0x3b32S0x2a6bS0x1e6bS0x15c7	[0x1da7, [0x2a5a, [0x3a2e, nil]]]
0x3b34S0x2a6bS0x1e6bS0x15c7	[0x1da7, [0x2a5a, [0x3a2e, nil]]]
0x3b37S0x2a6bS0x1e6bS0x15c7	[0x1da7, [0x2a5a, [0x3a2e, nil]]]
0x3b39S0x2a6bS0x1e6bS0x15c7	[0x1da7, [0x2a5a, [0x3a2e, nil]]]
0x3b3bS0x2a6bS0x1e6bS0x15c7	[0x1da7, [0x2a5a, [0x3a2e, nil]]]
0x3b3eS0x2a6bS0x1e6bS0x15c7	[0x1da7, [0x2a5a, [0x3a2e, nil]]]
0x3b40S0x2a6bS0x1e6bS0x15c7	[0x1da7, [0x2a5a, [0x3a2e, nil]]]
0x3b61S0x2a6bS0x1e6bS0x15c7	[0x1da7, [0x2a5a, [0x3a2e, nil]]]
0x3b64S0x2a6bS0x1e6bS0x15c7	[0x1da7, [0x2a5a, [0x3a2e, nil]]]
0x3b66S0x2a6bS0x1e6bS0x15c7	[0x1da7, [0x2a5a, [0x3a2e, nil]]]
0x3b69S0x2a6bS0x1e6bS0x15c7	[0x1da7, [0x2a5a, [0x3a2e, nil]]]
0x3b6bS0x2a6bS0x1e6bS0x15c7	[0x1da7, [0x2a5a, [0x3a2e, nil]]]
0x3b6cS0x2a6bS0x1e6bS0x15c7	[0x1da7, [0x2a5a, [0x3a2e, nil]]]
0x3b6fS0x2a6bS0x1e6bS0x15c7	[0x1da7, [0x2a5a, [0x3a2e, nil]]]
0x3b71S0x2a6bS0x1e6bS0x15c7	[0x1da7, [0x2a5a, [0x3a2e, nil]]]
0x3b73S0x2a6bS0x1e6bS0x15c7	[0x1da7, [0x2a5a, [0x3a2e, nil]]]
0x3b74S0x2a6bS0x1e6bS0x15c7	[0x1da7, [0x2a5a, [0x3a2e, nil]]]
0x3a2fS0x2a6bS0x1e6bS0x15c7	[0x1da7, [0x2a5a, [0x3a2e, nil]]]
0x3a32S0x2a6bS0x1e6bS0x15c7	[0x1da7, [0x2a5a, [0x3a2e, nil]]]
0x3a35S0x2a6bS0x1e6bS0x15c7	[0x1da7, [0x2a5a, [0x3a2e, nil]]]
0x3a36S0x2a6bS0x1e6bS0x15c7	[0x1da7, [0x2a5a, [0x3a2e, nil]]]
0x3a37S0x2a6bS0x1e6bS0x15c7	[0x1da7, [0x2a5a, [0x3a2e, nil]]]
0x3a43S0x2a6bS0x1e6bS0x15c7	[0x1da7, [0x2a5a, [0x3a2e, nil]]]
0x3a44S0x2a6bS0x1e6bS0x15c7	[0x1da7, [0x2a5a, [0x3a2e, nil]]]
0xbe82S0x2a6bS0x1e6bS0x15c7	[0x1da7, [0x2a5a, [0x3a2e, nil]]]
0xbe87S0x2a6bS0x1e6bS0x15c7	[0x1da7, [0x2a5a, [0x3a2e, nil]]]
0xbe89S0x2a6bS0x1e6bS0x15c7	[0x1da7, [0x2a5a, [0x3a2e, nil]]]
0xbe8aS0x2a6bS0x1e6bS0x15c7	[0x1da7, [0x2a5a, [0x3a2e, nil]]]
0xbe8dS0x2a6bS0x1e6bS0x15c7	[0x1da7, [0x2a5a, [0x3a2e, nil]]]
0xbe8fS0x2a6bS0x1e6bS0x15c7	[0x1da7, [0x2a5a, [0x3a2e, nil]]]
0xbe92S0x2a6bS0x1e6bS0x15c7	[0x1da7, [0x2a5a, [0x3a2e, nil]]]
0xbe94S0x2a6bS0x1e6bS0x15c7	[0x1da7, [0x2a5a, [0x3a2e, nil]]]
0x3a4bS0x2a6bS0x1e6bS0x15c7	[0x1da7, [0x2a5a, [0x3a2e, nil]]]
0x3a4eS0x2a6bS0x1e6bS0x15c7	[0x1da7, [0x2a5a, [0x3a2e, nil]]]
0x3a51S0x2a6bS0x1e6bS0x15c7	[0x1da7, [0x2a5a, [0x3a2e, nil]]]
0x3a52S0x2a6bS0x1e6bS0x15c7	[0x1da7, [0x2a5a, [0x3a2e, nil]]]
0x3a53S0x2a6bS0x1e6bS0x15c7	[0x1da7, [0x2a5a, [0x3a2e, nil]]]
0x3a5fS0x2a6bS0x1e6bS0x15c7	[0x1da7, [0x2a5a, [0x3a2e, nil]]]
0x3a60S0x2a6bS0x1e6bS0x15c7	[0x1da7, [0x2a5a, [0x3a2e, nil]]]
0xbeb7S0x2a6bS0x1e6bS0x15c7	[0x1da7, [0x2a5a, [0x3a2e, nil]]]
0xbebcS0x2a6bS0x1e6bS0x15c7	[0x1da7, [0x2a5a, [0x3a2e, nil]]]
0xbebeS0x2a6bS0x1e6bS0x15c7	[0x1da7, [0x2a5a, [0x3a2e, nil]]]
0xbebfS0x2a6bS0x1e6bS0x15c7	[0x1da7, [0x2a5a, [0x3a2e, nil]]]
0xbec2S0x2a6bS0x1e6bS0x15c7	[0x1da7, [0x2a5a, [0x3a2e, nil]]]
0xbec4S0x2a6bS0x1e6bS0x15c7	[0x1da7, [0x2a5a, [0x3a2e, nil]]]
0xbec7S0x2a6bS0x1e6bS0x15c7	[0x1da7, [0x2a5a, [0x3a2e, nil]]]
0xbec9S0x2a6bS0x1e6bS0x15c7	[0x1da7, [0x2a5a, [0x3a2e, nil]]]
0x3aacS0x2a6bS0x1e6bS0x15c7	[0x1da7, [0x2a5a, [0x3a2e, nil]]]
0x3aafS0x2a6bS0x1e6bS0x15c7	[0x1da7, [0x2a5a, [0x3a2e, nil]]]
0x3ab2S0x2a6bS0x1e6bS0x15c7	[0x1da7, [0x2a5a, [0x3a2e, nil]]]
0x3ab3S0x2a6bS0x1e6bS0x15c7	[0x1da7, [0x2a5a, [0x3a2e, nil]]]
0x3ab4S0x2a6bS0x1e6bS0x15c7	[0x1da7, [0x2a5a, [0x3a2e, nil]]]
0xbeecS0x2a6bS0x1e6bS0x15c7	[0x1da7, [0x2a5a, [0x3a2e, nil]]]
0xbeeeS0x2a6bS0x1e6bS0x15c7	[0x1da7, [0x2a5a, [0x3a2e, nil]]]
0xbef1S0x2a6bS0x1e6bS0x15c7	[0x1da7, [0x2a5a, [0x3a2e, nil]]]
0x3ac0S0x2a6bS0x1e6bS0x15c7	[0x1da7, [0x2a5a, [0x3a2e, nil]]]
0x3ac1S0x2a6bS0x1e6bS0x15c7	[0x1da7, [0x2a5a, [0x3a2e, nil]]]
0xbf14S0x2a6bS0x1e6bS0x15c7	[0x1da7, [0x2a5a, [0x3a2e, nil]]]
0xbf19S0x2a6bS0x1e6bS0x15c7	[0x1da7, [0x2a5a, [0x3a2e, nil]]]
0xbf1bS0x2a6bS0x1e6bS0x15c7	[0x1da7, [0x2a5a, [0x3a2e, nil]]]
0xbf1cS0x2a6bS0x1e6bS0x15c7	[0x1da7, [0x2a5a, [0x3a2e, nil]]]
0xbf1fS0x2a6bS0x1e6bS0x15c7	[0x1da7, [0x2a5a, [0x3a2e, nil]]]
0xbf21S0x2a6bS0x1e6bS0x15c7	[0x1da7, [0x2a5a, [0x3a2e, nil]]]
0xbf24S0x2a6bS0x1e6bS0x15c7	[0x1da7, [0x2a5a, [0x3a2e, nil]]]
0xbf26S0x2a6bS0x1e6bS0x15c7	[0x1da7, [0x2a5a, [0x3a2e, nil]]]
0x3b0dS0x2a6bS0x1e6bS0x15c7	[0x1da7, [0x2a5a, [0x3a2e, nil]]]
0x3b10S0x2a6bS0x1e6bS0x15c7	[0x1da7, [0x2a5a, [0x3a2e, nil]]]
0x3b13S0x2a6bS0x1e6bS0x15c7	[0x1da7, [0x2a5a, [0x3a2e, nil]]]
0x3b14S0x2a6bS0x1e6bS0x15c7	[0x1da7, [0x2a5a, [0x3a2e, nil]]]
0x3b15S0x2a6bS0x1e6bS0x15c7	[0x1da7, [0x2a5a, [0x3a2e, nil]]]
0xbf49S0x2a6bS0x1e6bS0x15c7	[0x1da7, [0x2a5a, [0x3a2e, nil]]]
0xbf4bS0x2a6bS0x1e6bS0x15c7	[0x1da7, [0x2a5a, [0x3a2e, nil]]]
0xbf4eS0x2a6bS0x1e6bS0x15c7	[0x1da7, [0x2a5a, [0x3a2e, nil]]]
0x3b21S0x2a6bS0x1e6bS0x15c7	[0x1da7, [0x2a5a, [0x3a2e, nil]]]
0x3b22S0x2a6bS0x1e6bS0x15c7	[0x1da7, [0x2a5a, [0x3a2e, nil]]]
0xbf71S0x2a6bS0x1e6bS0x15c7	[0x1da7, [0x2a5a, [0x3a2e, nil]]]
0xbf76S0x2a6bS0x1e6bS0x15c7	[0x1da7, [0x2a5a, [0x3a2e, nil]]]
0xbf78S0x2a6bS0x1e6bS0x15c7	[0x1da7, [0x2a5a, [0x3a2e, nil]]]
0xbf79S0x2a6bS0x1e6bS0x15c7	[0x1da7, [0x2a5a, [0x3a2e, nil]]]
0xbf7cS0x2a6bS0x1e6bS0x15c7	[0x1da7, [0x2a5a, [0x3a2e, nil]]]
0xbf7eS0x2a6bS0x1e6bS0x15c7	[0x1da7, [0x2a5a, [0x3a2e, nil]]]
0xbf81S0x2a6bS0x1e6bS0x15c7	[0x1da7, [0x2a5a, [0x3a2e, nil]]]
0xbf83S0x2a6bS0x1e6bS0x15c7	[0x1da7, [0x2a5a, [0x3a2e, nil]]]
0xbfa6S0x2a6bS0x1e6bS0x15c7	[0x1da7, [0x2a5a, [0x3a2e, nil]]]
0xbfa8S0x2a6bS0x1e6bS0x15c7	[0x1da7, [0x2a5a, [0x3a2e, nil]]]
0xbfabS0x2a6bS0x1e6bS0x15c7	[0x1da7, [0x2a5a, [0x3a2e, nil]]]
0x2a2eS0x1dfcS0x15c7	[0x1da7, [0x2a2d, nil]]
0x2a30S0x1dfcS0x15c7	[0x1da7, [0x2a2d, nil]]
0x2a33S0x1dfcS0x15c7	[0x1da7, [0x2a2d, nil]]
0x2a36S0x1dfcS0x15c7	[0x1da7, [0x2a2d, nil]]
0x2a3cS0x1dfcS0x15c7	[0x1da7, [0x2a2d, nil]]
0x2a3eS0x1dfcS0x15c7	[0x1da7, [0x2a2d, nil]]
0x2a3fS0x1dfcS0x15c7	[0x1da7, [0x2a2d, nil]]
0x2a42S0x1dfcS0x15c7	[0x1da7, [0x2a2d, nil]]
0x2a44S0x1dfcS0x15c7	[0x1da7, [0x2a2d, nil]]
0x2a47S0x1dfcS0x15c7	[0x1da7, [0x2a2d, nil]]
0x2a4aS0x1dfcS0x15c7	[0x1da7, [0x2a2d, nil]]
0x2a4fS0x1dfcS0x15c7	[0x1da7, [0x2a2d, nil]]
0x2a52S0x1dfcS0x15c7	[0x1da7, [0x2a2d, nil]]
0x2a54S0x1dfcS0x15c7	[0x1da7, [0x2a2d, nil]]
0x2a57S0x1dfcS0x15c7	[0x1da7, [0x2a2d, nil]]
0x383bS0x2a2dS0x1dfcS0x15c7	[0x1da7, [0x2a2d, [0x383a, nil]]]
0x383dS0x2a2dS0x1dfcS0x15c7	[0x1da7, [0x2a2d, [0x383a, nil]]]
0x383eS0x2a2dS0x1dfcS0x15c7	[0x1da7, [0x2a2d, [0x383a, nil]]]
0x3840S0x2a2dS0x1dfcS0x15c7	[0x1da7, [0x2a2d, [0x383a, nil]]]
0x3842S0x2a2dS0x1dfcS0x15c7	[0x1da7, [0x2a2d, [0x383a, nil]]]
0x3844S0x2a2dS0x1dfcS0x15c7	[0x1da7, [0x2a2d, [0x383a, nil]]]
0x3845S0x2a2dS0x1dfcS0x15c7	[0x1da7, [0x2a2d, [0x383a, nil]]]
0x3846S0x2a2dS0x1dfcS0x15c7	[0x1da7, [0x2a2d, [0x383a, nil]]]
0x3867S0x2a2dS0x1dfcS0x15c7	[0x1da7, [0x2a2d, [0x383a, nil]]]
0x3868S0x2a2dS0x1dfcS0x15c7	[0x1da7, [0x2a2d, [0x383a, nil]]]
0x386aS0x2a2dS0x1dfcS0x15c7	[0x1da7, [0x2a2d, [0x383a, nil]]]
0x386bS0x2a2dS0x1dfcS0x15c7	[0x1da7, [0x2a2d, [0x383a, nil]]]
0x3894S0x2a2dS0x1dfcS0x15c7	[0x1da7, [0x2a2d, [0x383a, nil]]]
0x3895S0x2a2dS0x1dfcS0x15c7	[0x1da7, [0x2a2d, [0x383a, nil]]]
0x3893_0x0S0x2a2dS0x1dfcS0x15c7	[0x1da7, [0x2a2d, [0x383a, nil]]]
0x38beS0x2a2dS0x1dfcS0x15c7	[0x1da7, [0x2a2d, [0x383a, nil]]]
0x38c1S0x2a2dS0x1dfcS0x15c7	[0x1da7, [0x2a2d, [0x383a, nil]]]
0x38c4S0x2a2dS0x1dfcS0x15c7	[0x1da7, [0x2a2d, [0x383a, nil]]]
0x38c5S0x2a2dS0x1dfcS0x15c7	[0x1da7, [0x2a2d, [0x383a, nil]]]
0x38e6S0x2a2dS0x1dfcS0x15c7	[0x1da7, [0x2a2d, [0x383a, nil]]]
0x38e9S0x2a2dS0x1dfcS0x15c7	[0x1da7, [0x2a2d, [0x383a, nil]]]
0x38ebS0x2a2dS0x1dfcS0x15c7	[0x1da7, [0x2a2d, [0x383a, nil]]]
0x390eS0x2a2dS0x1dfcS0x15c7	[0x1da7, [0x2a2d, [0x383a, nil]]]
0x3913S0x2a2dS0x1dfcS0x15c7	[0x1da7, [0x2a2d, [0x383a, nil]]]
0x3934S0x2a2dS0x1dfcS0x15c7	[0x1da7, [0x2a2d, [0x383a, nil]]]
0x3937S0x2a2dS0x1dfcS0x15c7	[0x1da7, [0x2a2d, [0x383a, nil]]]
0x3939S0x2a2dS0x1dfcS0x15c7	[0x1da7, [0x2a2d, [0x383a, nil]]]
0x393aS0x2a2dS0x1dfcS0x15c7	[0x1da7, [0x2a2d, [0x383a, nil]]]
0x393dS0x2a2dS0x1dfcS0x15c7	[0x1da7, [0x2a2d, [0x383a, nil]]]
0x393fS0x2a2dS0x1dfcS0x15c7	[0x1da7, [0x2a2d, [0x383a, nil]]]
0x3940S0x2a2dS0x1dfcS0x15c7	[0x1da7, [0x2a2d, [0x383a, nil]]]
0x3943S0x2a2dS0x1dfcS0x15c7	[0x1da7, [0x2a2d, [0x383a, nil]]]
0x3945S0x2a2dS0x1dfcS0x15c7	[0x1da7, [0x2a2d, [0x383a, nil]]]
0x3948S0x2a2dS0x1dfcS0x15c7	[0x1da7, [0x2a2d, [0x383a, nil]]]
0x394aS0x2a2dS0x1dfcS0x15c7	[0x1da7, [0x2a2d, [0x383a, nil]]]
0x394bS0x2a2dS0x1dfcS0x15c7	[0x1da7, [0x2a2d, [0x383a, nil]]]
0x394dS0x2a2dS0x1dfcS0x15c7	[0x1da7, [0x2a2d, [0x383a, nil]]]
0x394eS0x2a2dS0x1dfcS0x15c7	[0x1da7, [0x2a2d, [0x383a, nil]]]
0x3952S0x2a2dS0x1dfcS0x15c7	[0x1da7, [0x2a2d, [0x383a, nil]]]
0x3953S0x2a2dS0x1dfcS0x15c7	[0x1da7, [0x2a2d, [0x383a, nil]]]
0x3957S0x2a2dS0x1dfcS0x15c7	[0x1da7, [0x2a2d, [0x383a, nil]]]
0x395bS0x2a2dS0x1dfcS0x15c7	[0x1da7, [0x2a2d, [0x383a, nil]]]
0x395dS0x2a2dS0x1dfcS0x15c7	[0x1da7, [0x2a2d, [0x383a, nil]]]
0x395fS0x2a2dS0x1dfcS0x15c7	[0x1da7, [0x2a2d, [0x383a, nil]]]
0x3960S0x2a2dS0x1dfcS0x15c7	[0x1da7, [0x2a2d, [0x383a, nil]]]
0x3870S0x2a2dS0x1dfcS0x15c7	[0x1da7, [0x2a2d, [0x383a, nil]]]
0x3891S0x2a2dS0x1dfcS0x15c7	[0x1da7, [0x2a2d, [0x383a, nil]]]
0x3892S0x2a2dS0x1dfcS0x15c7	[0x1da7, [0x2a2d, [0x383a, nil]]]
0x35e30S0x2a2dS0x1dfcS0x15c7	[0x1da7, [0x2a2d, [0x383a, nil]]]
0x389aS0x2a2dS0x1dfcS0x15c7	[0x1da7, [0x2a2d, [0x383a, nil]]]
0x188aS0x15e2	[0x1852, nil]
0x188cS0x15e2	[0x1852, nil]
0x188dS0x15e2	[0x1852, nil]
0x1891S0x15e2	[0x1852, nil]
0x1893S0x15e2	[0x1852, nil]
0x1895S0x15e2	[0x1852, nil]
0x18a8S0x15e2	[0x1852, nil]
0x18abS0x15e2	[0x1852, nil]
0x18eaS0x15e2	[0x1852, nil]
0x18ecS0x15e2	[0x1852, nil]
0x1905S0x15e2	[0x1852, nil]
0x1908S0x15e2	[0x1852, nil]
0x1940S0x15e2	[0x1852, nil]
0x1943S0x15e2	[0x1852, nil]
0x196dS0x15e2	[0x1852, nil]
0x1970S0x15e2	[0x1852, nil]
0x1981S0x15e2	[0x1852, nil]
0x1984S0x15e2	[0x1852, nil]
0x19c0S0x15e2	[0x1852, nil]
0x19c2S0x15e2	[0x1852, nil]
0x19c3S0x15e2	[0x1852, nil]
0x19c7S0x15e2	[0x1852, nil]
0x19c9S0x15e2	[0x1852, nil]
0x19ccS0x15e2	[0x1852, nil]
0x19ceS0x15e2	[0x1852, nil]
0x19cfS0x15e2	[0x1852, nil]
0x19d4S0x15e2	[0x1852, nil]
0x19e9S0x15e2	[0x1852, nil]
0x19ecS0x15e2	[0x1852, nil]
0x19f6S0x15e2	[0x1852, nil]
0x19f8S0x15e2	[0x1852, nil]
0x19faS0x15e2	[0x1852, nil]
0x19fcS0x15e2	[0x1852, nil]
0x19fdS0x15e2	[0x1852, nil]
0x19ffS0x15e2	[0x1852, nil]
0x1a00S0x15e2	[0x1852, nil]
0x1a01S0x15e2	[0x1852, nil]
0x1a05S0x15e2	[0x1852, nil]
0x1a08S0x15e2	[0x1852, nil]
0x1a09S0x15e2	[0x1852, nil]
0x1a0bS0x15e2	[0x1852, nil]
0x1a0cS0x15e2	[0x1852, nil]
0x1a11S0x15e2	[0x1852, nil]
0x1a13S0x15e2	[0x1852, nil]
0x1a16S0x15e2	[0x1852, nil]
0x1a18S0x15e2	[0x1852, nil]
0x1a1aS0x15e2	[0x1852, nil]
0x1a1cS0x15e2	[0x1852, nil]
0x1a1dS0x15e2	[0x1852, nil]
0x1a1fS0x15e2	[0x1852, nil]
0x1a22S0x15e2	[0x1852, nil]
0x1a27S0x15e2	[0x1852, nil]
0x1a2aS0x15e2	[0x1852, nil]
0x1a2cS0x15e2	[0x1852, nil]
0x1a2eS0x15e2	[0x1852, nil]
0x1a30S0x15e2	[0x1852, nil]
0x1a31S0x15e2	[0x1852, nil]
0x1a34S0x15e2	[0x1852, nil]
0x1a36S0x15e2	[0x1852, nil]
0x1a3cS0x15e2	[0x1852, nil]
0x1a3eS0x15e2	[0x1852, nil]
0x1a3fS0x15e2	[0x1852, nil]
0x1a41S0x15e2	[0x1852, nil]
0x1a43S0x15e2	[0x1852, nil]
0x1a46S0x15e2	[0x1852, nil]
0x1a49S0x15e2	[0x1852, nil]
0x1a4aS0x15e2	[0x1852, nil]
0x1a4bS0x15e2	[0x1852, nil]
0x1a4dS0x15e2	[0x1852, nil]
0x1a4eS0x15e2	[0x1852, nil]
0x1a52S0x15e2	[0x1852, nil]
0x1a53S0x15e2	[0x1852, nil]
0x1a57S0x15e2	[0x1852, nil]
0x1a58S0x15e2	[0x1852, nil]
0x1aa2S0x15e2	[0x1852, nil]
0x1aa5S0x15e2	[0x1852, nil]
0x1b4aS0x15e2	[0x1852, nil]
0x1b4bS0x15e2	[0x1852, nil]
0x1b4fS0x15e2	[0x1852, nil]
0x1b50S0x15e2	[0x1852, nil]
0x1bc3S0x15e2	[0x1852, nil]
0x1bd2S0x15e2	[0x1852, nil]
0x1bd3S0x15e2	[0x1852, nil]
0x1bd7S0x15e2	[0x1852, nil]
0x1bd8S0x15e2	[0x1852, nil]
0x1beaS0x15e2	[0x1852, nil]
0x1bedS0x15e2	[0x1852, nil]
0x2373S0x15e2	[0x1852, nil]
0x2376S0x15e2	[0x1852, nil]
0x23b1S0x15e2	[0x1852, nil]
0x23b5S0x15e2	[0x1852, nil]
0x23b7S0x15e2	[0x1852, nil]
0x23b9S0x15e2	[0x1852, nil]
0x23bbS0x15e2	[0x1852, nil]
0x23bdS0x15e2	[0x1852, nil]
0x23c2S0x15e2	[0x1852, nil]
0x23c5S0x15e2	[0x1852, nil]
0x24b3S0x15e2	[0x1852, nil]
0x24b4S0x15e2	[0x1852, nil]
0x24b8S0x15e2	[0x1852, nil]
0x24b9S0x15e2	[0x1852, nil]
0x250bS0x15e2	[0x1852, nil]
0x250dS0x15e2	[0x1852, nil]
0x250eS0x15e2	[0x1852, nil]
0x2510S0x15e2	[0x1852, nil]
0x2512S0x15e2	[0x1852, nil]
0x2514S0x15e2	[0x1852, nil]
0x2515S0x15e2	[0x1852, nil]
0x2517S0x15e2	[0x1852, nil]
0x2518S0x15e2	[0x1852, nil]
0x2519S0x15e2	[0x1852, nil]
0x251dS0x15e2	[0x1852, nil]
0x251fS0x15e2	[0x1852, nil]
0x2520S0x15e2	[0x1852, nil]
0x2524S0x15e2	[0x1852, nil]
0x2526S0x15e2	[0x1852, nil]
0x2529S0x15e2	[0x1852, nil]
0x252bS0x15e2	[0x1852, nil]
0x252eS0x15e2	[0x1852, nil]
0x2530S0x15e2	[0x1852, nil]
0x2532S0x15e2	[0x1852, nil]
0x2535S0x15e2	[0x1852, nil]
0x2537S0x15e2	[0x1852, nil]
0x2551S0x15e2	[0x1852, nil]
0x2553S0x15e2	[0x1852, nil]
0x2554S0x15e2	[0x1852, nil]
0x2557S0x15e2	[0x1852, nil]
0x2559S0x15e2	[0x1852, nil]
0x255bS0x15e2	[0x1852, nil]
0x255cS0x15e2	[0x1852, nil]
0x259aS0x15e2	[0x1852, nil]
0x259eS0x15e2	[0x1852, nil]
0x25a0S0x15e2	[0x1852, nil]
0x25a2S0x15e2	[0x1852, nil]
0x25a4S0x15e2	[0x1852, nil]
0x25a6S0x15e2	[0x1852, nil]
0x25abS0x15e2	[0x1852, nil]
0x25aeS0x15e2	[0x1852, nil]
0x26b4S0x15e2	[0x1852, nil]
0x26b8S0x15e2	[0x1852, nil]
0x26baS0x15e2	[0x1852, nil]
0x26bcS0x15e2	[0x1852, nil]
0x26beS0x15e2	[0x1852, nil]
0x26c0S0x15e2	[0x1852, nil]
0x26c5S0x15e2	[0x1852, nil]
0x27ecS0x15e2	[0x1852, nil]
0x27edS0x15e2	[0x1852, nil]
0x27f1S0x15e2	[0x1852, nil]
0x27f2S0x15e2	[0x1852, nil]
0x2845S0x15e2	[0x1852, nil]
0x2847S0x15e2	[0x1852, nil]
0x2848S0x15e2	[0x1852, nil]
0x284aS0x15e2	[0x1852, nil]
0x284cS0x15e2	[0x1852, nil]
0x284eS0x15e2	[0x1852, nil]
0x284fS0x15e2	[0x1852, nil]
0x2851S0x15e2	[0x1852, nil]
0x2852S0x15e2	[0x1852, nil]
0x2853S0x15e2	[0x1852, nil]
0x2857S0x15e2	[0x1852, nil]
0x2859S0x15e2	[0x1852, nil]
0x285aS0x15e2	[0x1852, nil]
0x285eS0x15e2	[0x1852, nil]
0x2860S0x15e2	[0x1852, nil]
0x2863S0x15e2	[0x1852, nil]
0x2865S0x15e2	[0x1852, nil]
0x2868S0x15e2	[0x1852, nil]
0x286aS0x15e2	[0x1852, nil]
0x286cS0x15e2	[0x1852, nil]
0x286fS0x15e2	[0x1852, nil]
0x2871S0x15e2	[0x1852, nil]
0x288bS0x15e2	[0x1852, nil]
0x288dS0x15e2	[0x1852, nil]
0x288eS0x15e2	[0x1852, nil]
0x2891S0x15e2	[0x1852, nil]
0x2893S0x15e2	[0x1852, nil]
0x2895S0x15e2	[0x1852, nil]
0x2896S0x15e2	[0x1852, nil]
0x4a85S0x15e2	[0x1852, nil]
0x4a88S0x15e2	[0x1852, nil]
0x5735S0x15e2	[0x1852, nil]
0x1853S0x15e2	[0x1852, nil]
0x1856S0x15e2	[0x1852, nil]
0x1859S0x15e2	[0x1852, nil]
0x185cS0x15e2	[0x1852, nil]
0x1861S0x15e2	[0x1852, nil]
0x1864S0x15e2	[0x1852, nil]
0x1865S0x15e2	[0x1852, nil]
0x1868S0x15e2	[0x1852, nil]
0x186bS0x15e2	[0x1852, nil]
0x1870S0x15e2	[0x1852, nil]
0x1873S0x15e2	[0x1852, nil]
0x1879S0x15e2	[0x1852, nil]
0x187eS0x15e2	[0x1852, nil]
0x20a30S0x15e2	[0x1852, nil]
0xff9f1_0x3S0x15e2	[0x1852, nil]
0xff9f1_0x4S0x15e2	[0x1852, nil]
0xff9f1_0x5S0x15e2	[0x1852, nil]
0x1961S0x15e2	[0x1852, nil]
0x1964S0x15e2	[0x1852, nil]
0x1967S0x15e2	[0x1852, nil]
0x1968S0x15e2	[0x1852, nil]
0x1969S0x15e2	[0x1852, nil]
0x1955_0x0S0x15e2	[0x1852, nil]
0x18a3S0x15e2	[0x1852, nil]
0x18a4S0x15e2	[0x1852, nil]
0x189d_0x2S0x15e2	[0x1852, nil]
0x18b2S0x15e2	[0x1852, nil]
0x18b4S0x15e2	[0x1852, nil]
0x18b6S0x15e2	[0x1852, nil]
0x18b8S0x15e2	[0x1852, nil]
0x18bdS0x15e2	[0x1852, nil]
0x18af_0x0S0x15e2	[0x1852, nil]
0xb7f9S0x15e2	[0x1852, nil]
0xb7feS0x15e2	[0x1852, nil]
0xb800S0x15e2	[0x1852, nil]
0xb801S0x15e2	[0x1852, nil]
0xb804S0x15e2	[0x1852, nil]
0xb806S0x15e2	[0x1852, nil]
0xb809S0x15e2	[0x1852, nil]
0xb80bS0x15e2	[0x1852, nil]
0x18c2S0x15e2	[0x1852, nil]
0x18c4S0x15e2	[0x1852, nil]
0x18c5S0x15e2	[0x1852, nil]
0x18cbS0x15e2	[0x1852, nil]
0x18d0S0x15e2	[0x1852, nil]
0x18d2S0x15e2	[0x1852, nil]
0x18d6S0x15e2	[0x1852, nil]
0x18d8S0x15e2	[0x1852, nil]
0x18d9S0x15e2	[0x1852, nil]
0x18dcS0x15e2	[0x1852, nil]
0x18dfS0x15e2	[0x1852, nil]
0x18e2S0x15e2	[0x1852, nil]
0x18e5S0x15e2	[0x1852, nil]
0x18e6S0x15e2	[0x1852, nil]
0x18e3_0x4S0x15e2	[0x1852, nil]
0x18f3S0x15e2	[0x1852, nil]
0x18f7S0x15e2	[0x1852, nil]
0x18f9S0x15e2	[0x1852, nil]
0x18f0_0x3S0x15e2	[0x1852, nil]
0x1939S0x15e2	[0x1852, nil]
0x193bS0x15e2	[0x1852, nil]
0x193cS0x15e2	[0x1852, nil]
0x1935_0x4S0x15e2	[0x1852, nil]
0x1900S0x15e2	[0x1852, nil]
0x1901S0x15e2	[0x1852, nil]
0x190fS0x15e2	[0x1852, nil]
0x1911S0x15e2	[0x1852, nil]
0x1913S0x15e2	[0x1852, nil]
0x1915S0x15e2	[0x1852, nil]
0x191aS0x15e2	[0x1852, nil]
0xb82eS0x15e2	[0x1852, nil]
0xb833S0x15e2	[0x1852, nil]
0xb835S0x15e2	[0x1852, nil]
0xb836S0x15e2	[0x1852, nil]
0xb839S0x15e2	[0x1852, nil]
0xb83bS0x15e2	[0x1852, nil]
0xb83eS0x15e2	[0x1852, nil]
0xb840S0x15e2	[0x1852, nil]
0x191fS0x15e2	[0x1852, nil]
0x1921S0x15e2	[0x1852, nil]
0x1922S0x15e2	[0x1852, nil]
0x1928S0x15e2	[0x1852, nil]
0x192dS0x15e2	[0x1852, nil]
0x192fS0x15e2	[0x1852, nil]
0x1932S0x15e2	[0x1852, nil]
0x1934S0x15e2	[0x1852, nil]
0x21e30S0x15e2	[0x1852, nil]
0x1948S0x15e2	[0x1852, nil]
0x194aS0x15e2	[0x1852, nil]
0x194bS0x15e2	[0x1852, nil]
0x194dS0x15e2	[0x1852, nil]
0x194eS0x15e2	[0x1852, nil]
0x194fS0x15e2	[0x1852, nil]
0x1951S0x15e2	[0x1852, nil]
0x1947_0x0S0x15e2	[0x1852, nil]
0xb863S0x15e2	[0x1852, nil]
0xb868S0x15e2	[0x1852, nil]
0xb86aS0x15e2	[0x1852, nil]
0xb86bS0x15e2	[0x1852, nil]
0xb86eS0x15e2	[0x1852, nil]
0xb870S0x15e2	[0x1852, nil]
0xb873S0x15e2	[0x1852, nil]
0xb875S0x15e2	[0x1852, nil]
0x2330S0x15e2	[0x1852, nil]
0x2333S0x15e2	[0x1852, nil]
0x2334S0x15e2	[0x1852, nil]
0x2338S0x15e2	[0x1852, nil]
0x233bS0x15e2	[0x1852, nil]
0x2340S0x15e2	[0x1852, nil]
0x2343S0x15e2	[0x1852, nil]
0x2349S0x15e2	[0x1852, nil]
0x234eS0x15e2	[0x1852, nil]
0x2350S0x15e2	[0x1852, nil]
0x2358S0x15e2	[0x1852, nil]
0x232f_0x0S0x15e2	[0x1852, nil]
0x232f_0x2S0x15e2	[0x1852, nil]
0x232f_0x4S0x15e2	[0x1852, nil]
0x1975S0x15e2	[0x1852, nil]
0x1976S0x15e2	[0x1852, nil]
0x197cS0x15e2	[0x1852, nil]
0x197dS0x15e2	[0x1852, nil]
0x1974_0x0S0x15e2	[0x1852, nil]
0x1974_0x2S0x15e2	[0x1852, nil]
0xb898S0x15e2	[0x1852, nil]
0xb89dS0x15e2	[0x1852, nil]
0xb89fS0x15e2	[0x1852, nil]
0xb8a0S0x15e2	[0x1852, nil]
0xb8a3S0x15e2	[0x1852, nil]
0xb8a5S0x15e2	[0x1852, nil]
0xb8a8S0x15e2	[0x1852, nil]
0xb8aaS0x15e2	[0x1852, nil]
0x198bS0x15e2	[0x1852, nil]
0x198dS0x15e2	[0x1852, nil]
0x198fS0x15e2	[0x1852, nil]
0x1991S0x15e2	[0x1852, nil]
0x1996S0x15e2	[0x1852, nil]
0x1988_0x0S0x15e2	[0x1852, nil]
0xb8cdS0x15e2	[0x1852, nil]
0xb8d2S0x15e2	[0x1852, nil]
0xb8d4S0x15e2	[0x1852, nil]
0xb8d5S0x15e2	[0x1852, nil]
0xb8d8S0x15e2	[0x1852, nil]
0xb8daS0x15e2	[0x1852, nil]
0xb8ddS0x15e2	[0x1852, nil]
0xb8dfS0x15e2	[0x1852, nil]
0x199bS0x15e2	[0x1852, nil]
0x199dS0x15e2	[0x1852, nil]
0x199eS0x15e2	[0x1852, nil]
0x19a0S0x15e2	[0x1852, nil]
0x19a1S0x15e2	[0x1852, nil]
0x19a7S0x15e2	[0x1852, nil]
0x19acS0x15e2	[0x1852, nil]
0x19aeS0x15e2	[0x1852, nil]
0x19afS0x15e2	[0x1852, nil]
0x19b3S0x15e2	[0x1852, nil]
0x19b4S0x15e2	[0x1852, nil]
0x19b8S0x15e2	[0x1852, nil]
0x19bcS0x15e2	[0x1852, nil]
0x5311S0x15e2	[0x1852, nil]
0x531dS0x15e2	[0x1852, nil]
0x531fS0x15e2	[0x1852, nil]
0x5324S0x15e2	[0x1852, nil]
0x5327S0x15e2	[0x1852, nil]
0x5329S0x15e2	[0x1852, nil]
0x533bS0x15e2	[0x1852, nil]
0x533dS0x15e2	[0x1852, nil]
0x533fS0x15e2	[0x1852, nil]
0x5340S0x15e2	[0x1852, nil]
0x5343S0x15e2	[0x1852, nil]
0x5348S0x15e2	[0x1852, nil]
0x534aS0x15e2	[0x1852, nil]
0x19ddS0x15e2	[0x1852, nil]
0x19e0S0x15e2	[0x1852, nil]
0x19e3S0x15e2	[0x1852, nil]
0x19e4S0x15e2	[0x1852, nil]
0x19e5S0x15e2	[0x1852, nil]
0x19d8_0x5S0x15e2	[0x1852, nil]
0xffa1fS0x15e2	[0x1852, nil]
0xffa21S0x15e2	[0x1852, nil]
0xffa24S0x15e2	[0x1852, nil]
0x19f1S0x15e2	[0x1852, nil]
0x19f2S0x15e2	[0x1852, nil]
0x19f0_0x0S0x15e2	[0x1852, nil]
0xb902S0x15e2	[0x1852, nil]
0xb907S0x15e2	[0x1852, nil]
0xb909S0x15e2	[0x1852, nil]
0xb90aS0x15e2	[0x1852, nil]
0xb90dS0x15e2	[0x1852, nil]
0xb90fS0x15e2	[0x1852, nil]
0xb912S0x15e2	[0x1852, nil]
0xb914S0x15e2	[0x1852, nil]
0xffa46_0x3S0x15e2	[0x1852, nil]
0xffa46_0x4S0x15e2	[0x1852, nil]
0x1c22S0x15e2	[0x1852, nil]
0x1c26S0x15e2	[0x1852, nil]
0x1c29S0x15e2	[0x1852, nil]
0x1c21_0x0S0x15e2	[0x1852, nil]
0x1a60S0x15e2	[0x1852, nil]
0x1a62S0x15e2	[0x1852, nil]
0x1a63S0x15e2	[0x1852, nil]
0x1a64S0x15e2	[0x1852, nil]
0x1a66S0x15e2	[0x1852, nil]
0x1a67S0x15e2	[0x1852, nil]
0x1a6aS0x15e2	[0x1852, nil]
0x1a6bS0x15e2	[0x1852, nil]
0x1a6dS0x15e2	[0x1852, nil]
0x1a6fS0x15e2	[0x1852, nil]
0x1a74S0x15e2	[0x1852, nil]
0x1a76S0x15e2	[0x1852, nil]
0x1a7bS0x15e2	[0x1852, nil]
0x1a82S0x15e2	[0x1852, nil]
0x1a87S0x15e2	[0x1852, nil]
0x1a8aS0x15e2	[0x1852, nil]
0x1a8fS0x15e2	[0x1852, nil]
0x1a90S0x15e2	[0x1852, nil]
0x1a92S0x15e2	[0x1852, nil]
0x1a93S0x15e2	[0x1852, nil]
0x1ab6S0x15e2	[0x1852, nil]
0x1ab8S0x15e2	[0x1852, nil]
0x1abdS0x15e2	[0x1852, nil]
0x1abfS0x15e2	[0x1852, nil]
0x1ac5S0x15e2	[0x1852, nil]
0x1ac7S0x15e2	[0x1852, nil]
0x1ac8S0x15e2	[0x1852, nil]
0x1acaS0x15e2	[0x1852, nil]
0x1acbS0x15e2	[0x1852, nil]
0x1ad4S0x15e2	[0x1852, nil]
0x1ab5_0x1S0x15e2	[0x1852, nil]
0x1aaaS0x15e2	[0x1852, nil]
0x1aacS0x15e2	[0x1852, nil]
0x1aadS0x15e2	[0x1852, nil]
0x1aafS0x15e2	[0x1852, nil]
0x1ab0S0x15e2	[0x1852, nil]
0x22830S0x15e2	[0x1852, nil]
0x1aa9_0x0S0x15e2	[0x1852, nil]
0xb937S0x15e2	[0x1852, nil]
0xb93cS0x15e2	[0x1852, nil]
0xb93eS0x15e2	[0x1852, nil]
0xb93fS0x15e2	[0x1852, nil]
0xb942S0x15e2	[0x1852, nil]
0xb944S0x15e2	[0x1852, nil]
0xb947S0x15e2	[0x1852, nil]
0xb949S0x15e2	[0x1852, nil]
0x1ad9S0x15e2	[0x1852, nil]
0x1adcS0x15e2	[0x1852, nil]
0x1addS0x15e2	[0x1852, nil]
0x1adfS0x15e2	[0x1852, nil]
0x1ae2S0x15e2	[0x1852, nil]
0x1ae3S0x15e2	[0x1852, nil]
0x1ae9S0x15e2	[0x1852, nil]
0x1aedS0x15e2	[0x1852, nil]
0x1aefS0x15e2	[0x1852, nil]
0x1af0S0x15e2	[0x1852, nil]
0x1af2S0x15e2	[0x1852, nil]
0x1af4S0x15e2	[0x1852, nil]
0x1af6S0x15e2	[0x1852, nil]
0x1af7S0x15e2	[0x1852, nil]
0x1af8S0x15e2	[0x1852, nil]
0x1af9S0x15e2	[0x1852, nil]
0x1afbS0x15e2	[0x1852, nil]
0x1afdS0x15e2	[0x1852, nil]
0x1affS0x15e2	[0x1852, nil]
0x1b00S0x15e2	[0x1852, nil]
0x1b01S0x15e2	[0x1852, nil]
0x1b04S0x15e2	[0x1852, nil]
0x1b08S0x15e2	[0x1852, nil]
0x1b0cS0x15e2	[0x1852, nil]
0x1b0fS0x15e2	[0x1852, nil]
0x1b11S0x15e2	[0x1852, nil]
0x1b12S0x15e2	[0x1852, nil]
0x1b17S0x15e2	[0x1852, nil]
0x1b19S0x15e2	[0x1852, nil]
0x1b1dS0x15e2	[0x1852, nil]
0x1b21S0x15e2	[0x1852, nil]
0x1b24S0x15e2	[0x1852, nil]
0x1b26S0x15e2	[0x1852, nil]
0x1b28S0x15e2	[0x1852, nil]
0x1b2aS0x15e2	[0x1852, nil]
0x1b2bS0x15e2	[0x1852, nil]
0x1b2eS0x15e2	[0x1852, nil]
0x1b30S0x15e2	[0x1852, nil]
0x1b38S0x15e2	[0x1852, nil]
0x1b3dS0x15e2	[0x1852, nil]
0x1b3eS0x15e2	[0x1852, nil]
0x1b41S0x15e2	[0x1852, nil]
0x1b42S0x15e2	[0x1852, nil]
0x1b43S0x15e2	[0x1852, nil]
0x1b45S0x15e2	[0x1852, nil]
0x1b46S0x15e2	[0x1852, nil]
0x1b58S0x15e2	[0x1852, nil]
0x1b5aS0x15e2	[0x1852, nil]
0x1b5bS0x15e2	[0x1852, nil]
0x1b5cS0x15e2	[0x1852, nil]
0x1b5eS0x15e2	[0x1852, nil]
0x1b5fS0x15e2	[0x1852, nil]
0x1b62S0x15e2	[0x1852, nil]
0x1b63S0x15e2	[0x1852, nil]
0x1b65S0x15e2	[0x1852, nil]
0x1b67S0x15e2	[0x1852, nil]
0x1b6cS0x15e2	[0x1852, nil]
0x1b6eS0x15e2	[0x1852, nil]
0x1b73S0x15e2	[0x1852, nil]
0x1b78S0x15e2	[0x1852, nil]
0x1b7aS0x15e2	[0x1852, nil]
0x1b7bS0x15e2	[0x1852, nil]
0x1b80S0x15e2	[0x1852, nil]
0x1b82S0x15e2	[0x1852, nil]
0x1b88S0x15e2	[0x1852, nil]
0x1b8aS0x15e2	[0x1852, nil]
0x1b8cS0x15e2	[0x1852, nil]
0x1b8eS0x15e2	[0x1852, nil]
0x1b8fS0x15e2	[0x1852, nil]
0x1b91S0x15e2	[0x1852, nil]
0x1b93S0x15e2	[0x1852, nil]
0x1b99S0x15e2	[0x1852, nil]
0x1ba3S0x15e2	[0x1852, nil]
0x1ba6S0x15e2	[0x1852, nil]
0x1ba8S0x15e2	[0x1852, nil]
0x1ba9S0x15e2	[0x1852, nil]
0x1baeS0x15e2	[0x1852, nil]
0x1bb0S0x15e2	[0x1852, nil]
0x1bb2S0x15e2	[0x1852, nil]
0x1bb5S0x15e2	[0x1852, nil]
0x1bb7S0x15e2	[0x1852, nil]
0x1bbbS0x15e2	[0x1852, nil]
0x1bbcS0x15e2	[0x1852, nil]
0x1bbeS0x15e2	[0x1852, nil]
0x1bbfS0x15e2	[0x1852, nil]
0x5492S0x15e2	[0x1852, nil]
0x5496S0x15e2	[0x1852, nil]
0x5498S0x15e2	[0x1852, nil]
0x549bS0x15e2	[0x1852, nil]
0x549eS0x15e2	[0x1852, nil]
0x54a0S0x15e2	[0x1852, nil]
0x1bc9S0x15e2	[0x1852, nil]
0x1bcaS0x15e2	[0x1852, nil]
0x1bcbS0x15e2	[0x1852, nil]
0x1bcdS0x15e2	[0x1852, nil]
0x1bceS0x15e2	[0x1852, nil]
0x1be3S0x15e2	[0x1852, nil]
0x1be5S0x15e2	[0x1852, nil]
0x1be6S0x15e2	[0x1852, nil]
0x1bdb_0x7S0x15e2	[0x1852, nil]
0x1bf2S0x15e2	[0x1852, nil]
0x1bf4S0x15e2	[0x1852, nil]
0x1bf5S0x15e2	[0x1852, nil]
0x1bf7S0x15e2	[0x1852, nil]
0x1bf8S0x15e2	[0x1852, nil]
0x1bf9S0x15e2	[0x1852, nil]
0x1bfaS0x15e2	[0x1852, nil]
0x1bfcS0x15e2	[0x1852, nil]
0x1c01S0x15e2	[0x1852, nil]
0x1c03S0x15e2	[0x1852, nil]
0x1c07S0x15e2	[0x1852, nil]
0x1c09S0x15e2	[0x1852, nil]
0x1c0aS0x15e2	[0x1852, nil]
0x1c0cS0x15e2	[0x1852, nil]
0x1c0fS0x15e2	[0x1852, nil]
0x1c14S0x15e2	[0x1852, nil]
0x1bf1_0x0S0x15e2	[0x1852, nil]
0xb96cS0x15e2	[0x1852, nil]
0xb971S0x15e2	[0x1852, nil]
0xb973S0x15e2	[0x1852, nil]
0xb974S0x15e2	[0x1852, nil]
0xb977S0x15e2	[0x1852, nil]
0xb979S0x15e2	[0x1852, nil]
0xb97cS0x15e2	[0x1852, nil]
0xb97eS0x15e2	[0x1852, nil]
0x1c1dS0x15e2	[0x1852, nil]
0xffa73_0x3S0x15e2	[0x1852, nil]
0xffa73_0x4S0x15e2	[0x1852, nil]
0x1c2dS0x15e2	[0x1852, nil]
0x1884S0x15e2	[0x1852, nil]
0x1885S0x15e2	[0x1852, nil]
0x1886S0x15e2	[0x1852, nil]
0x1881_0x0S0x15e2	[0x1852, nil]
0x2367S0x15e2	[0x1852, nil]
0x236aS0x15e2	[0x1852, nil]
0x236dS0x15e2	[0x1852, nil]
0x236eS0x15e2	[0x1852, nil]
0x236fS0x15e2	[0x1852, nil]
0x237bS0x15e2	[0x1852, nil]
0x237cS0x15e2	[0x1852, nil]
0xbca3S0x15e2	[0x1852, nil]
0xbca8S0x15e2	[0x1852, nil]
0xbcaaS0x15e2	[0x1852, nil]
0xbcabS0x15e2	[0x1852, nil]
0xbcaeS0x15e2	[0x1852, nil]
0xbcb0S0x15e2	[0x1852, nil]
0xbcb3S0x15e2	[0x1852, nil]
0xbcb5S0x15e2	[0x1852, nil]
0x256dS0x15e2	[0x1852, nil]
0x256fS0x15e2	[0x1852, nil]
0x2570S0x15e2	[0x1852, nil]
0x2572S0x15e2	[0x1852, nil]
0x2574S0x15e2	[0x1852, nil]
0x2575S0x15e2	[0x1852, nil]
0x2578S0x15e2	[0x1852, nil]
0x257cS0x15e2	[0x1852, nil]
0x257eS0x15e2	[0x1852, nil]
0x257fS0x15e2	[0x1852, nil]
0x2581S0x15e2	[0x1852, nil]
0x2582S0x15e2	[0x1852, nil]
0x2586S0x15e2	[0x1852, nil]
0x2587S0x15e2	[0x1852, nil]
0x258bS0x15e2	[0x1852, nil]
0x258fS0x15e2	[0x1852, nil]
0x2591S0x15e2	[0x1852, nil]
0x2593S0x15e2	[0x1852, nil]
0x2594S0x15e2	[0x1852, nil]
0x2595S0x15e2	[0x1852, nil]
0x2596S0x15e2	[0x1852, nil]
0x23c9S0x15e2	[0x1852, nil]
0x23cbS0x15e2	[0x1852, nil]
0x23cfS0x15e2	[0x1852, nil]
0x23d1S0x15e2	[0x1852, nil]
0x23d2S0x15e2	[0x1852, nil]
0x23d3S0x15e2	[0x1852, nil]
0x23d6S0x15e2	[0x1852, nil]
0x23daS0x15e2	[0x1852, nil]
0x23deS0x15e2	[0x1852, nil]
0x23e0S0x15e2	[0x1852, nil]
0x23e1S0x15e2	[0x1852, nil]
0x23e3S0x15e2	[0x1852, nil]
0x23e5S0x15e2	[0x1852, nil]
0x23e6S0x15e2	[0x1852, nil]
0x23e8S0x15e2	[0x1852, nil]
0x23eaS0x15e2	[0x1852, nil]
0x23ebS0x15e2	[0x1852, nil]
0x23edS0x15e2	[0x1852, nil]
0x23f2S0x15e2	[0x1852, nil]
0x23f4S0x15e2	[0x1852, nil]
0x23f6S0x15e2	[0x1852, nil]
0x23f8S0x15e2	[0x1852, nil]
0x23f9S0x15e2	[0x1852, nil]
0x23fcS0x15e2	[0x1852, nil]
0x23fdS0x15e2	[0x1852, nil]
0x2400S0x15e2	[0x1852, nil]
0x2405S0x15e2	[0x1852, nil]
0x2406S0x15e2	[0x1852, nil]
0x2409S0x15e2	[0x1852, nil]
0x240bS0x15e2	[0x1852, nil]
0x240eS0x15e2	[0x1852, nil]
0x2413S0x15e2	[0x1852, nil]
0x2416S0x15e2	[0x1852, nil]
0x2417S0x15e2	[0x1852, nil]
0x2418S0x15e2	[0x1852, nil]
0x241cS0x15e2	[0x1852, nil]
0x241eS0x15e2	[0x1852, nil]
0x2421S0x15e2	[0x1852, nil]
0x23f1_0xbS0x15e2	[0x1852, nil]
0x2423S0x15e2	[0x1852, nil]
0x2425S0x15e2	[0x1852, nil]
0x2427S0x15e2	[0x1852, nil]
0x2429S0x15e2	[0x1852, nil]
0x242aS0x15e2	[0x1852, nil]
0x242bS0x15e2	[0x1852, nil]
0x242cS0x15e2	[0x1852, nil]
0x242fS0x15e2	[0x1852, nil]
0x2432S0x15e2	[0x1852, nil]
0x2433S0x15e2	[0x1852, nil]
0x2436S0x15e2	[0x1852, nil]
0x2437S0x15e2	[0x1852, nil]
0x2438S0x15e2	[0x1852, nil]
0x243bS0x15e2	[0x1852, nil]
0x243cS0x15e2	[0x1852, nil]
0x243dS0x15e2	[0x1852, nil]
0x2445S0x15e2	[0x1852, nil]
0x244bS0x15e2	[0x1852, nil]
0x244dS0x15e2	[0x1852, nil]
0x244fS0x15e2	[0x1852, nil]
0x2451S0x15e2	[0x1852, nil]
0x2452S0x15e2	[0x1852, nil]
0x2453S0x15e2	[0x1852, nil]
0x2454S0x15e2	[0x1852, nil]
0x245aS0x15e2	[0x1852, nil]
0x245cS0x15e2	[0x1852, nil]
0x245dS0x15e2	[0x1852, nil]
0x245fS0x15e2	[0x1852, nil]
0x2461S0x15e2	[0x1852, nil]
0x2462S0x15e2	[0x1852, nil]
0x2464S0x15e2	[0x1852, nil]
0x2466S0x15e2	[0x1852, nil]
0x2467S0x15e2	[0x1852, nil]
0x2469S0x15e2	[0x1852, nil]
0x246bS0x15e2	[0x1852, nil]
0x246cS0x15e2	[0x1852, nil]
0x246eS0x15e2	[0x1852, nil]
0x2470S0x15e2	[0x1852, nil]
0x2471S0x15e2	[0x1852, nil]
0x2473S0x15e2	[0x1852, nil]
0x2475S0x15e2	[0x1852, nil]
0x2476S0x15e2	[0x1852, nil]
0x2478S0x15e2	[0x1852, nil]
0x247aS0x15e2	[0x1852, nil]
0x247bS0x15e2	[0x1852, nil]
0x247cS0x15e2	[0x1852, nil]
0x247eS0x15e2	[0x1852, nil]
0x2480S0x15e2	[0x1852, nil]
0x2485S0x15e2	[0x1852, nil]
0x2486S0x15e2	[0x1852, nil]
0x2488S0x15e2	[0x1852, nil]
0x248bS0x15e2	[0x1852, nil]
0x248dS0x15e2	[0x1852, nil]
0x248eS0x15e2	[0x1852, nil]
0x2499S0x15e2	[0x1852, nil]
0x249eS0x15e2	[0x1852, nil]
0x24a0S0x15e2	[0x1852, nil]
0x24a2S0x15e2	[0x1852, nil]
0x24a5S0x15e2	[0x1852, nil]
0x24a7S0x15e2	[0x1852, nil]
0x24aaS0x15e2	[0x1852, nil]
0x24abS0x15e2	[0x1852, nil]
0x24acS0x15e2	[0x1852, nil]
0x24aeS0x15e2	[0x1852, nil]
0x24afS0x15e2	[0x1852, nil]
0x249d_0x0S0x15e2	[0x1852, nil]
0x249d_0x2S0x15e2	[0x1852, nil]
0x24c1S0x15e2	[0x1852, nil]
0x24c3S0x15e2	[0x1852, nil]
0x24c4S0x15e2	[0x1852, nil]
0x24c5S0x15e2	[0x1852, nil]
0x24c7S0x15e2	[0x1852, nil]
0x24c8S0x15e2	[0x1852, nil]
0x24cbS0x15e2	[0x1852, nil]
0x24ccS0x15e2	[0x1852, nil]
0x24ceS0x15e2	[0x1852, nil]
0x24d0S0x15e2	[0x1852, nil]
0x24d5S0x15e2	[0x1852, nil]
0x24d7S0x15e2	[0x1852, nil]
0x24dcS0x15e2	[0x1852, nil]
0x24e4S0x15e2	[0x1852, nil]
0x24e7S0x15e2	[0x1852, nil]
0x24e8S0x15e2	[0x1852, nil]
0x24e9S0x15e2	[0x1852, nil]
0x24ebS0x15e2	[0x1852, nil]
0x24edS0x15e2	[0x1852, nil]
0x24efS0x15e2	[0x1852, nil]
0x24f0S0x15e2	[0x1852, nil]
0x24f3S0x15e2	[0x1852, nil]
0x24f4S0x15e2	[0x1852, nil]
0x24f7S0x15e2	[0x1852, nil]
0x24f9S0x15e2	[0x1852, nil]
0x24fcS0x15e2	[0x1852, nil]
0x24fdS0x15e2	[0x1852, nil]
0x24feS0x15e2	[0x1852, nil]
0x24ffS0x15e2	[0x1852, nil]
0x2502S0x15e2	[0x1852, nil]
0x2504S0x15e2	[0x1852, nil]
0x2506S0x15e2	[0x1852, nil]
0x2507S0x15e2	[0x1852, nil]
0x24e0_0x2S0x15e2	[0x1852, nil]
0xffc38S0x15e2	[0x1852, nil]
0x2561S0x15e2	[0x1852, nil]
0x26e30S0x15e2	[0x1852, nil]
0xbcd8S0x15e2	[0x1852, nil]
0xbcdaS0x15e2	[0x1852, nil]
0xbcddS0x15e2	[0x1852, nil]
0x2687S0x15e2	[0x1852, nil]
0x2689S0x15e2	[0x1852, nil]
0x268aS0x15e2	[0x1852, nil]
0x268cS0x15e2	[0x1852, nil]
0x268eS0x15e2	[0x1852, nil]
0x268fS0x15e2	[0x1852, nil]
0x2692S0x15e2	[0x1852, nil]
0x2696S0x15e2	[0x1852, nil]
0x2698S0x15e2	[0x1852, nil]
0x2699S0x15e2	[0x1852, nil]
0x269bS0x15e2	[0x1852, nil]
0x269cS0x15e2	[0x1852, nil]
0x26a0S0x15e2	[0x1852, nil]
0x26a1S0x15e2	[0x1852, nil]
0x26a5S0x15e2	[0x1852, nil]
0x26a9S0x15e2	[0x1852, nil]
0x26abS0x15e2	[0x1852, nil]
0x26adS0x15e2	[0x1852, nil]
0x26aeS0x15e2	[0x1852, nil]
0x26afS0x15e2	[0x1852, nil]
0x26b0S0x15e2	[0x1852, nil]
0x25b2S0x15e2	[0x1852, nil]
0x25b4S0x15e2	[0x1852, nil]
0x25b8S0x15e2	[0x1852, nil]
0x25baS0x15e2	[0x1852, nil]
0x25bbS0x15e2	[0x1852, nil]
0x25bcS0x15e2	[0x1852, nil]
0x25bfS0x15e2	[0x1852, nil]
0x25c3S0x15e2	[0x1852, nil]
0x25c7S0x15e2	[0x1852, nil]
0x25c9S0x15e2	[0x1852, nil]
0x25caS0x15e2	[0x1852, nil]
0x25ccS0x15e2	[0x1852, nil]
0x25ceS0x15e2	[0x1852, nil]
0x25cfS0x15e2	[0x1852, nil]
0x25d1S0x15e2	[0x1852, nil]
0x25d3S0x15e2	[0x1852, nil]
0x25d4S0x15e2	[0x1852, nil]
0x25d6S0x15e2	[0x1852, nil]
0x25dbS0x15e2	[0x1852, nil]
0x25ddS0x15e2	[0x1852, nil]
0x25dfS0x15e2	[0x1852, nil]
0x25e1S0x15e2	[0x1852, nil]
0x25e2S0x15e2	[0x1852, nil]
0x25e5S0x15e2	[0x1852, nil]
0x25e6S0x15e2	[0x1852, nil]
0x25e9S0x15e2	[0x1852, nil]
0x25eeS0x15e2	[0x1852, nil]
0x25efS0x15e2	[0x1852, nil]
0x25f2S0x15e2	[0x1852, nil]
0x25f4S0x15e2	[0x1852, nil]
0x25f7S0x15e2	[0x1852, nil]
0x25fcS0x15e2	[0x1852, nil]
0x25ffS0x15e2	[0x1852, nil]
0x2600S0x15e2	[0x1852, nil]
0x2601S0x15e2	[0x1852, nil]
0x2605S0x15e2	[0x1852, nil]
0x2607S0x15e2	[0x1852, nil]
0x260aS0x15e2	[0x1852, nil]
0x25da_0xbS0x15e2	[0x1852, nil]
0x260cS0x15e2	[0x1852, nil]
0x260eS0x15e2	[0x1852, nil]
0x2610S0x15e2	[0x1852, nil]
0x2612S0x15e2	[0x1852, nil]
0x2613S0x15e2	[0x1852, nil]
0x2614S0x15e2	[0x1852, nil]
0x2615S0x15e2	[0x1852, nil]
0x2618S0x15e2	[0x1852, nil]
0x261bS0x15e2	[0x1852, nil]
0x261cS0x15e2	[0x1852, nil]
0x261fS0x15e2	[0x1852, nil]
0x2620S0x15e2	[0x1852, nil]
0x2621S0x15e2	[0x1852, nil]
0x2624S0x15e2	[0x1852, nil]
0x2625S0x15e2	[0x1852, nil]
0x2626S0x15e2	[0x1852, nil]
0x262eS0x15e2	[0x1852, nil]
0x2634S0x15e2	[0x1852, nil]
0x2636S0x15e2	[0x1852, nil]
0x2638S0x15e2	[0x1852, nil]
0x263aS0x15e2	[0x1852, nil]
0x263bS0x15e2	[0x1852, nil]
0x263cS0x15e2	[0x1852, nil]
0x263dS0x15e2	[0x1852, nil]
0x2643S0x15e2	[0x1852, nil]
0x2645S0x15e2	[0x1852, nil]
0x2646S0x15e2	[0x1852, nil]
0x2648S0x15e2	[0x1852, nil]
0x264aS0x15e2	[0x1852, nil]
0x264bS0x15e2	[0x1852, nil]
0x264dS0x15e2	[0x1852, nil]
0x264fS0x15e2	[0x1852, nil]
0x2650S0x15e2	[0x1852, nil]
0x2652S0x15e2	[0x1852, nil]
0x2654S0x15e2	[0x1852, nil]
0x2655S0x15e2	[0x1852, nil]
0x2657S0x15e2	[0x1852, nil]
0x2659S0x15e2	[0x1852, nil]
0x265aS0x15e2	[0x1852, nil]
0x265cS0x15e2	[0x1852, nil]
0x265eS0x15e2	[0x1852, nil]
0x265fS0x15e2	[0x1852, nil]
0x2661S0x15e2	[0x1852, nil]
0x2663S0x15e2	[0x1852, nil]
0x2664S0x15e2	[0x1852, nil]
0x2665S0x15e2	[0x1852, nil]
0x2667S0x15e2	[0x1852, nil]
0x2669S0x15e2	[0x1852, nil]
0x266eS0x15e2	[0x1852, nil]
0x266fS0x15e2	[0x1852, nil]
0x2671S0x15e2	[0x1852, nil]
0x2674S0x15e2	[0x1852, nil]
0x2676S0x15e2	[0x1852, nil]
0x2677S0x15e2	[0x1852, nil]
0x2682S0x15e2	[0x1852, nil]
0x289cS0x15e2	[0x1852, nil]
0x27830S0x15e2	[0x1852, nil]
0x26ccS0x15e2	[0x1852, nil]
0x26ceS0x15e2	[0x1852, nil]
0x26d2S0x15e2	[0x1852, nil]
0x26d4S0x15e2	[0x1852, nil]
0x26d5S0x15e2	[0x1852, nil]
0x26d6S0x15e2	[0x1852, nil]
0x26d9S0x15e2	[0x1852, nil]
0x5727S0x15e2	[0x1852, nil]
0x5729S0x15e2	[0x1852, nil]
0x572eS0x15e2	[0x1852, nil]
0x572fS0x15e2	[0x1852, nil]
0x5730S0x15e2	[0x1852, nil]
0x5731S0x15e2	[0x1852, nil]
0x26ddS0x15e2	[0x1852, nil]
0x26e1S0x15e2	[0x1852, nil]
0x26e3S0x15e2	[0x1852, nil]
0x26e4S0x15e2	[0x1852, nil]
0x26e6S0x15e2	[0x1852, nil]
0x26e8S0x15e2	[0x1852, nil]
0x26e9S0x15e2	[0x1852, nil]
0x26ebS0x15e2	[0x1852, nil]
0x26eeS0x15e2	[0x1852, nil]
0x26efS0x15e2	[0x1852, nil]
0x26f1S0x15e2	[0x1852, nil]
0x26f6S0x15e2	[0x1852, nil]
0x26f8S0x15e2	[0x1852, nil]
0x26faS0x15e2	[0x1852, nil]
0x26fcS0x15e2	[0x1852, nil]
0x26fdS0x15e2	[0x1852, nil]
0x2700S0x15e2	[0x1852, nil]
0x2701S0x15e2	[0x1852, nil]
0x2705S0x15e2	[0x1852, nil]
0x270aS0x15e2	[0x1852, nil]
0x270bS0x15e2	[0x1852, nil]
0x270eS0x15e2	[0x1852, nil]
0x2710S0x15e2	[0x1852, nil]
0x2713S0x15e2	[0x1852, nil]
0x2718S0x15e2	[0x1852, nil]
0x271bS0x15e2	[0x1852, nil]
0x271cS0x15e2	[0x1852, nil]
0x271dS0x15e2	[0x1852, nil]
0x2721S0x15e2	[0x1852, nil]
0x2723S0x15e2	[0x1852, nil]
0x2726S0x15e2	[0x1852, nil]
0x26f5_0xbS0x15e2	[0x1852, nil]
0x2728S0x15e2	[0x1852, nil]
0x272aS0x15e2	[0x1852, nil]
0x272cS0x15e2	[0x1852, nil]
0x272eS0x15e2	[0x1852, nil]
0x272fS0x15e2	[0x1852, nil]
0x2730S0x15e2	[0x1852, nil]
0x2731S0x15e2	[0x1852, nil]
0x2734S0x15e2	[0x1852, nil]
0x2737S0x15e2	[0x1852, nil]
0x2738S0x15e2	[0x1852, nil]
0x273bS0x15e2	[0x1852, nil]
0x273cS0x15e2	[0x1852, nil]
0x273dS0x15e2	[0x1852, nil]
0x2740S0x15e2	[0x1852, nil]
0x2741S0x15e2	[0x1852, nil]
0x2742S0x15e2	[0x1852, nil]
0x274aS0x15e2	[0x1852, nil]
0x2750S0x15e2	[0x1852, nil]
0x2751S0x15e2	[0x1852, nil]
0x2754S0x15e2	[0x1852, nil]
0x2755S0x15e2	[0x1852, nil]
0x2756S0x15e2	[0x1852, nil]
0x2759S0x15e2	[0x1852, nil]
0x275aS0x15e2	[0x1852, nil]
0x275bS0x15e2	[0x1852, nil]
0x275eS0x15e2	[0x1852, nil]
0x275fS0x15e2	[0x1852, nil]
0x2760S0x15e2	[0x1852, nil]
0x2763S0x15e2	[0x1852, nil]
0x2764S0x15e2	[0x1852, nil]
0x2765S0x15e2	[0x1852, nil]
0x2768S0x15e2	[0x1852, nil]
0x2769S0x15e2	[0x1852, nil]
0x276aS0x15e2	[0x1852, nil]
0x276dS0x15e2	[0x1852, nil]
0x276eS0x15e2	[0x1852, nil]
0x276fS0x15e2	[0x1852, nil]
0x2773S0x15e2	[0x1852, nil]
0x2774S0x15e2	[0x1852, nil]
0x2775S0x15e2	[0x1852, nil]
0x2777S0x15e2	[0x1852, nil]
0x2778S0x15e2	[0x1852, nil]
0x277dS0x15e2	[0x1852, nil]
0x277fS0x15e2	[0x1852, nil]
0x2782S0x15e2	[0x1852, nil]
0x2784S0x15e2	[0x1852, nil]
0x2786S0x15e2	[0x1852, nil]
0x2788S0x15e2	[0x1852, nil]
0x2789S0x15e2	[0x1852, nil]
0x278cS0x15e2	[0x1852, nil]
0x278dS0x15e2	[0x1852, nil]
0x2790S0x15e2	[0x1852, nil]
0x2792S0x15e2	[0x1852, nil]
0x2795S0x15e2	[0x1852, nil]
0x279cS0x15e2	[0x1852, nil]
0x279dS0x15e2	[0x1852, nil]
0x27a0S0x15e2	[0x1852, nil]
0x27a4S0x15e2	[0x1852, nil]
0x27a5S0x15e2	[0x1852, nil]
0x27a8S0x15e2	[0x1852, nil]
0x27aaS0x15e2	[0x1852, nil]
0x27adS0x15e2	[0x1852, nil]
0x27b2S0x15e2	[0x1852, nil]
0x27b6S0x15e2	[0x1852, nil]
0x27b7S0x15e2	[0x1852, nil]
0x27baS0x15e2	[0x1852, nil]
0x27bcS0x15e2	[0x1852, nil]
0x27bdS0x15e2	[0x1852, nil]
0x27c0S0x15e2	[0x1852, nil]
0x27c3S0x15e2	[0x1852, nil]
0x27c4S0x15e2	[0x1852, nil]
0x27c7S0x15e2	[0x1852, nil]
0x27cbS0x15e2	[0x1852, nil]
0x27cdS0x15e2	[0x1852, nil]
0x27d3S0x15e2	[0x1852, nil]
0x27d6S0x15e2	[0x1852, nil]
0x27d7S0x15e2	[0x1852, nil]
0x27d9S0x15e2	[0x1852, nil]
0x27dbS0x15e2	[0x1852, nil]
0x27deS0x15e2	[0x1852, nil]
0x27e0S0x15e2	[0x1852, nil]
0x27e3S0x15e2	[0x1852, nil]
0x27e4S0x15e2	[0x1852, nil]
0x27e5S0x15e2	[0x1852, nil]
0x27e7S0x15e2	[0x1852, nil]
0x27e8S0x15e2	[0x1852, nil]
0x27faS0x15e2	[0x1852, nil]
0x27fcS0x15e2	[0x1852, nil]
0x27fdS0x15e2	[0x1852, nil]
0x27feS0x15e2	[0x1852, nil]
0x2800S0x15e2	[0x1852, nil]
0x2801S0x15e2	[0x1852, nil]
0x2804S0x15e2	[0x1852, nil]
0x2805S0x15e2	[0x1852, nil]
0x2807S0x15e2	[0x1852, nil]
0x2809S0x15e2	[0x1852, nil]
0x280eS0x15e2	[0x1852, nil]
0x2810S0x15e2	[0x1852, nil]
0x2815S0x15e2	[0x1852, nil]
0x281dS0x15e2	[0x1852, nil]
0x2820S0x15e2	[0x1852, nil]
0x2821S0x15e2	[0x1852, nil]
0x2822S0x15e2	[0x1852, nil]
0x2824S0x15e2	[0x1852, nil]
0x2826S0x15e2	[0x1852, nil]
0x2828S0x15e2	[0x1852, nil]
0x2829S0x15e2	[0x1852, nil]
0x282cS0x15e2	[0x1852, nil]
0x282dS0x15e2	[0x1852, nil]
0x2830S0x15e2	[0x1852, nil]
0x2832S0x15e2	[0x1852, nil]
0x2836S0x15e2	[0x1852, nil]
0x2837S0x15e2	[0x1852, nil]
0x2838S0x15e2	[0x1852, nil]
0x2839S0x15e2	[0x1852, nil]
0x283cS0x15e2	[0x1852, nil]
0x283eS0x15e2	[0x1852, nil]
0x2840S0x15e2	[0x1852, nil]
0x2841S0x15e2	[0x1852, nil]
0xffc89S0x15e2	[0x1852, nil]
0xbd00S0x15e2	[0x1852, nil]
0xbd02S0x15e2	[0x1852, nil]
0xbd05S0x15e2	[0x1852, nil]
0x1003d1S0x15e2	[0x1852, nil]
0xc143S0x15e2	[0x1852, nil]
0xc148S0x15e2	[0x1852, nil]
0xc14aS0x15e2	[0x1852, nil]
0xc14bS0x15e2	[0x1852, nil]
0xc14eS0x15e2	[0x1852, nil]
0xc150S0x15e2	[0x1852, nil]
0xc153S0x15e2	[0x1852, nil]
0xc155S0x15e2	[0x1852, nil]
0x54a5S0x15e2	[0x1852, nil]
0x54a7S0x15e2	[0x1852, nil]
0x54a9S0x15e2	[0x1852, nil]
0x54abS0x15e2	[0x1852, nil]
0x54acS0x15e2	[0x1852, nil]
0x54afS0x15e2	[0x1852, nil]
0x54b0S0x15e2	[0x1852, nil]
0x54b3S0x15e2	[0x1852, nil]
0x54b5S0x15e2	[0x1852, nil]
0x54b7S0x15e2	[0x1852, nil]
0x54b9S0x15e2	[0x1852, nil]
0x54bbS0x15e2	[0x1852, nil]
0x54bcS0x15e2	[0x1852, nil]
0x54c0S0x15e2	[0x1852, nil]
0x54c1S0x15e2	[0x1852, nil]
0x54c4S0x15e2	[0x1852, nil]
0x54c8S0x15e2	[0x1852, nil]
0x54c9S0x15e2	[0x1852, nil]
0x54cdS0x15e2	[0x1852, nil]
0x573aS0x15e2	[0x1852, nil]
0x573dS0x15e2	[0x1852, nil]
0x5742S0x15e2	[0x1852, nil]
0x5746S0x15e2	[0x1852, nil]
0x4a6aS0x15e2	[0x1852, nil]
0x4a6cS0x15e2	[0x1852, nil]
0x4a6dS0x15e2	[0x1852, nil]
0x4a71S0x15e2	[0x1852, nil]
0x4a72S0x15e2	[0x1852, nil]
0x4a74S0x15e2	[0x1852, nil]
0x4a76S0x15e2	[0x1852, nil]
0x4a78S0x15e2	[0x1852, nil]
0x4a79S0x15e2	[0x1852, nil]
0x4a7bS0x15e2	[0x1852, nil]
0x4a7eS0x15e2	[0x1852, nil]
0x4a7fS0x15e2	[0x1852, nil]
0x4a80S0x15e2	[0x1852, nil]
0x4a81S0x15e2	[0x1852, nil]
0x574dS0x15e2	[0x1852, nil]
0x5750S0x15e2	[0x1852, nil]
0x5751S0x15e2	[0x1852, nil]
0x5752S0x15e2	[0x1852, nil]
0x5755S0x15e2	[0x1852, nil]
0x5757S0x15e2	[0x1852, nil]
0x575aS0x15e2	[0x1852, nil]
0x575dS0x15e2	[0x1852, nil]
0x575eS0x15e2	[0x1852, nil]
0x5763S0x15e2	[0x1852, nil]
0x5766S0x15e2	[0x1852, nil]
0x5768S0x15e2	[0x1852, nil]
0x576bS0x15e2	[0x1852, nil]
0x576eS0x15e2	[0x1852, nil]
0x576fS0x15e2	[0x1852, nil]
0x5774S0x15e2	[0x1852, nil]
0x5777S0x15e2	[0x1852, nil]
0x5779S0x15e2	[0x1852, nil]
0x577cS0x15e2	[0x1852, nil]
0x577fS0x15e2	[0x1852, nil]
0x5780S0x15e2	[0x1852, nil]
0x5785S0x15e2	[0x1852, nil]
0x5788S0x15e2	[0x1852, nil]
0x578aS0x15e2	[0x1852, nil]
0x578dS0x15e2	[0x1852, nil]
0x578eS0x15e2	[0x1852, nil]
0x578fS0x15e2	[0x1852, nil]
0x5792S0x15e2	[0x1852, nil]
0x5794S0x15e2	[0x1852, nil]
0x5797S0x15e2	[0x1852, nil]
0x579aS0x15e2	[0x1852, nil]
0x579bS0x15e2	[0x1852, nil]
0x57a0S0x15e2	[0x1852, nil]
0x57a3S0x15e2	[0x1852, nil]
0x57a5S0x15e2	[0x1852, nil]
0x57a8S0x15e2	[0x1852, nil]
0x57abS0x15e2	[0x1852, nil]
0x57acS0x15e2	[0x1852, nil]
0x57b1S0x15e2	[0x1852, nil]
0x57b4S0x15e2	[0x1852, nil]
0x57b6S0x15e2	[0x1852, nil]
0x57b9S0x15e2	[0x1852, nil]
0x57beS0x15e2	[0x1852, nil]
0x57bfS0x15e2	[0x1852, nil]
0x57c6S0x15e2	[0x1852, nil]
0x1009d4S0x15e2	[0x1852, nil]
0x189cS0x15e2	[0x1852, nil]
0x21430S0x15e2	[0x1852, nil]
0x1899_0x2S0x15e2	[0x1852, nil]
0x1a9bS0x15e2	[0x1852, nil]
0x1a9dS0x15e2	[0x1852, nil]
0x1a9eS0x15e2	[0x1852, nil]
0x1a97_0x1S0x15e2	[0x1852, nil]
0x2381S0x15e2	[0x1852, nil]
0x2383S0x15e2	[0x1852, nil]
0x2384S0x15e2	[0x1852, nil]
0x2386S0x15e2	[0x1852, nil]
0x2388S0x15e2	[0x1852, nil]
0x2389S0x15e2	[0x1852, nil]
0x238cS0x15e2	[0x1852, nil]
0x238eS0x15e2	[0x1852, nil]
0x2393S0x15e2	[0x1852, nil]
0x2395S0x15e2	[0x1852, nil]
0x2396S0x15e2	[0x1852, nil]
0x2398S0x15e2	[0x1852, nil]
0x2399S0x15e2	[0x1852, nil]
0x239dS0x15e2	[0x1852, nil]
0x239eS0x15e2	[0x1852, nil]
0x23a2S0x15e2	[0x1852, nil]
0x23a6S0x15e2	[0x1852, nil]
0x23a8S0x15e2	[0x1852, nil]
0x23aaS0x15e2	[0x1852, nil]
0x23abS0x15e2	[0x1852, nil]
0x23acS0x15e2	[0x1852, nil]
0x23adS0x15e2	[0x1852, nil]
0x1c4bS0x1852S0x15e2	[0x1852, [0x1c3f, nil]]
0x1c4dS0x1852S0x15e2	[0x1852, [0x1c3f, nil]]
0x1c4eS0x1852S0x15e2	[0x1852, [0x1c3f, nil]]
0x1c52S0x1852S0x15e2	[0x1852, [0x1c3f, nil]]
0x1c54S0x1852S0x15e2	[0x1852, [0x1c3f, nil]]
0x1c57S0x1852S0x15e2	[0x1852, [0x1c3f, nil]]
0x1c59S0x1852S0x15e2	[0x1852, [0x1c3f, nil]]
0x1c5cS0x1852S0x15e2	[0x1852, [0x1c3f, nil]]
0x1c5eS0x1852S0x15e2	[0x1852, [0x1c3f, nil]]
0x1c60S0x1852S0x15e2	[0x1852, [0x1c3f, nil]]
0x1c63S0x1852S0x15e2	[0x1852, [0x1c3f, nil]]
0x1c65S0x1852S0x15e2	[0x1852, [0x1c3f, nil]]
0x1c76S0x1852S0x15e2	[0x1852, [0x1c3f, nil]]
0x1c78S0x1852S0x15e2	[0x1852, [0x1c3f, nil]]
0x1c79S0x1852S0x15e2	[0x1852, [0x1c3f, nil]]
0x1c7cS0x1852S0x15e2	[0x1852, [0x1c3f, nil]]
0x1c7eS0x1852S0x15e2	[0x1852, [0x1c3f, nil]]
0x1c80S0x1852S0x15e2	[0x1852, [0x1c3f, nil]]
0x1c81S0x1852S0x15e2	[0x1852, [0x1c3f, nil]]
0x1c40S0x1852S0x15e2	[0x1852, [0x1c3f, nil]]
0x1c42S0x1852S0x15e2	[0x1852, [0x1c3f, nil]]
0x1c43S0x1852S0x15e2	[0x1852, [0x1c3f, nil]]
0x1c45S0x1852S0x15e2	[0x1852, [0x1c3f, nil]]
0x1c46S0x1852S0x15e2	[0x1852, [0x1c3f, nil]]
0x1c47S0x1852S0x15e2	[0x1852, [0x1c3f, nil]]
0xb9a1S0x1852S0x15e2	[0x1852, [0x1c3f, nil]]
0xb9a3S0x1852S0x15e2	[0x1852, [0x1c3f, nil]]
0xb9a6S0x1852S0x15e2	[0x1852, [0x1c3f, nil]]
0x52a7S0x18afS0x15e2	[0x1852, [0x5294, nil]]
0x52c1S0x18afS0x15e2	[0x1852, [0x5294, nil]]
0x52d6S0x18afS0x15e2	[0x1852, [0x5294, nil]]
0x5295S0x18afS0x15e2	[0x1852, [0x5294, nil]]
0x5299S0x18afS0x15e2	[0x1852, [0x5294, nil]]
0x529aS0x18afS0x15e2	[0x1852, [0x5294, nil]]
0x529cS0x18afS0x15e2	[0x1852, [0x5294, nil]]
0x529eS0x18afS0x15e2	[0x1852, [0x5294, nil]]
0x529fS0x18afS0x15e2	[0x1852, [0x5294, nil]]
0x52a0S0x18afS0x15e2	[0x1852, [0x5294, nil]]
0x52a2S0x18afS0x15e2	[0x1852, [0x5294, nil]]
0x52a3S0x18afS0x15e2	[0x1852, [0x5294, nil]]
0x52adS0x18afS0x15e2	[0x1852, [0x5294, nil]]
0x52afS0x18afS0x15e2	[0x1852, [0x5294, nil]]
0x52b2S0x18afS0x15e2	[0x1852, [0x5294, nil]]
0x52b4S0x18afS0x15e2	[0x1852, [0x5294, nil]]
0x52b6S0x18afS0x15e2	[0x1852, [0x5294, nil]]
0x52b8S0x18afS0x15e2	[0x1852, [0x5294, nil]]
0x52b9S0x18afS0x15e2	[0x1852, [0x5294, nil]]
0x52bbS0x18afS0x15e2	[0x1852, [0x5294, nil]]
0x52bcS0x18afS0x15e2	[0x1852, [0x5294, nil]]
0x52bdS0x18afS0x15e2	[0x1852, [0x5294, nil]]
0x52c6S0x18afS0x15e2	[0x1852, [0x5294, nil]]
0x52c8S0x18afS0x15e2	[0x1852, [0x5294, nil]]
0x52cbS0x18afS0x15e2	[0x1852, [0x5294, nil]]
0x52ceS0x18afS0x15e2	[0x1852, [0x5294, nil]]
0x52d0S0x18afS0x15e2	[0x1852, [0x5294, nil]]
0x52d1S0x18afS0x15e2	[0x1852, [0x5294, nil]]
0x52d2S0x18afS0x15e2	[0x1852, [0x5294, nil]]
0x52dfS0x18c1S0x15e2	[0x1852, [0x52da, nil]]
0x52e2S0x18c1S0x15e2	[0x1852, [0x52da, nil]]
0x5309S0x18f0S0x15e2	[0x1852, [0x52fd, nil]]
0x530cS0x18f0S0x15e2	[0x1852, [0x52fd, nil]]
0x5300S0x18f0S0x15e2	[0x1852, [0x52fd, nil]]
0x5303S0x18f0S0x15e2	[0x1852, [0x52fd, nil]]
0x5304S0x18f0S0x15e2	[0x1852, [0x52fd, nil]]
0x5305S0x18f0S0x15e2	[0x1852, [0x52fd, nil]]
0xc2ebS0x18f0S0x15e2	[0x1852, [0x52fd, nil]]
0xc2f0S0x18f0S0x15e2	[0x1852, [0x52fd, nil]]
0xc2f2S0x18f0S0x15e2	[0x1852, [0x52fd, nil]]
0xc2f3S0x18f0S0x15e2	[0x1852, [0x52fd, nil]]
0xc2f6S0x18f0S0x15e2	[0x1852, [0x52fd, nil]]
0xc2f8S0x18f0S0x15e2	[0x1852, [0x52fd, nil]]
0xc2fbS0x18f0S0x15e2	[0x1852, [0x52fd, nil]]
0xc2fdS0x18f0S0x15e2	[0x1852, [0x52fd, nil]]
0x52a7S0x190cS0x15e2	[0x1852, [0x5294, nil]]
0x52c1S0x190cS0x15e2	[0x1852, [0x5294, nil]]
0x52d6S0x190cS0x15e2	[0x1852, [0x5294, nil]]
0x5295S0x190cS0x15e2	[0x1852, [0x5294, nil]]
0x5299S0x190cS0x15e2	[0x1852, [0x5294, nil]]
0x529aS0x190cS0x15e2	[0x1852, [0x5294, nil]]
0x529cS0x190cS0x15e2	[0x1852, [0x5294, nil]]
0x529eS0x190cS0x15e2	[0x1852, [0x5294, nil]]
0x529fS0x190cS0x15e2	[0x1852, [0x5294, nil]]
0x52a0S0x190cS0x15e2	[0x1852, [0x5294, nil]]
0x52a2S0x190cS0x15e2	[0x1852, [0x5294, nil]]
0x52a3S0x190cS0x15e2	[0x1852, [0x5294, nil]]
0x52adS0x190cS0x15e2	[0x1852, [0x5294, nil]]
0x52afS0x190cS0x15e2	[0x1852, [0x5294, nil]]
0x52b2S0x190cS0x15e2	[0x1852, [0x5294, nil]]
0x52b4S0x190cS0x15e2	[0x1852, [0x5294, nil]]
0x52b6S0x190cS0x15e2	[0x1852, [0x5294, nil]]
0x52b8S0x190cS0x15e2	[0x1852, [0x5294, nil]]
0x52b9S0x190cS0x15e2	[0x1852, [0x5294, nil]]
0x52bbS0x190cS0x15e2	[0x1852, [0x5294, nil]]
0x52bcS0x190cS0x15e2	[0x1852, [0x5294, nil]]
0x52bdS0x190cS0x15e2	[0x1852, [0x5294, nil]]
0x52c6S0x190cS0x15e2	[0x1852, [0x5294, nil]]
0x52c8S0x190cS0x15e2	[0x1852, [0x5294, nil]]
0x52cbS0x190cS0x15e2	[0x1852, [0x5294, nil]]
0x52ceS0x190cS0x15e2	[0x1852, [0x5294, nil]]
0x52d0S0x190cS0x15e2	[0x1852, [0x5294, nil]]
0x52d1S0x190cS0x15e2	[0x1852, [0x5294, nil]]
0x52d2S0x190cS0x15e2	[0x1852, [0x5294, nil]]
0x52dfS0x191eS0x15e2	[0x1852, [0x52da, nil]]
0x52e2S0x191eS0x15e2	[0x1852, [0x52da, nil]]
0x52a7S0x1988S0x15e2	[0x1852, [0x5294, nil]]
0x52c1S0x1988S0x15e2	[0x1852, [0x5294, nil]]
0x52d6S0x1988S0x15e2	[0x1852, [0x5294, nil]]
0x5295S0x1988S0x15e2	[0x1852, [0x5294, nil]]
0x5299S0x1988S0x15e2	[0x1852, [0x5294, nil]]
0x529aS0x1988S0x15e2	[0x1852, [0x5294, nil]]
0x529cS0x1988S0x15e2	[0x1852, [0x5294, nil]]
0x529eS0x1988S0x15e2	[0x1852, [0x5294, nil]]
0x529fS0x1988S0x15e2	[0x1852, [0x5294, nil]]
0x52a0S0x1988S0x15e2	[0x1852, [0x5294, nil]]
0x52a2S0x1988S0x15e2	[0x1852, [0x5294, nil]]
0x52a3S0x1988S0x15e2	[0x1852, [0x5294, nil]]
0x52adS0x1988S0x15e2	[0x1852, [0x5294, nil]]
0x52afS0x1988S0x15e2	[0x1852, [0x5294, nil]]
0x52b2S0x1988S0x15e2	[0x1852, [0x5294, nil]]
0x52b4S0x1988S0x15e2	[0x1852, [0x5294, nil]]
0x52b6S0x1988S0x15e2	[0x1852, [0x5294, nil]]
0x52b8S0x1988S0x15e2	[0x1852, [0x5294, nil]]
0x52b9S0x1988S0x15e2	[0x1852, [0x5294, nil]]
0x52bbS0x1988S0x15e2	[0x1852, [0x5294, nil]]
0x52bcS0x1988S0x15e2	[0x1852, [0x5294, nil]]
0x52bdS0x1988S0x15e2	[0x1852, [0x5294, nil]]
0x52c6S0x1988S0x15e2	[0x1852, [0x5294, nil]]
0x52c8S0x1988S0x15e2	[0x1852, [0x5294, nil]]
0x52cbS0x1988S0x15e2	[0x1852, [0x5294, nil]]
0x52ceS0x1988S0x15e2	[0x1852, [0x5294, nil]]
0x52d0S0x1988S0x15e2	[0x1852, [0x5294, nil]]
0x52d1S0x1988S0x15e2	[0x1852, [0x5294, nil]]
0x52d2S0x1988S0x15e2	[0x1852, [0x5294, nil]]
0x56ceS0x2449S0x15e2	[0x1852, [0x56cd, nil]]
0x56d0S0x2449S0x15e2	[0x1852, [0x56cd, nil]]
0x56d2S0x2449S0x15e2	[0x1852, [0x56cd, nil]]
0x56d4S0x2449S0x15e2	[0x1852, [0x56cd, nil]]
0x56d5S0x2449S0x15e2	[0x1852, [0x56cd, nil]]
0x56d8S0x2449S0x15e2	[0x1852, [0x56cd, nil]]
0x56dbS0x2449S0x15e2	[0x1852, [0x56cd, nil]]
0x56deS0x2449S0x15e2	[0x1852, [0x56cd, nil]]
0x56e5S0x2449S0x15e2	[0x1852, [0x56cd, nil]]
0x56e6S0x2449S0x15e2	[0x1852, [0x56cd, nil]]
0x56e9S0x2449S0x15e2	[0x1852, [0x56cd, nil]]
0x56edS0x2449S0x15e2	[0x1852, [0x56cd, nil]]
0x56eeS0x2449S0x15e2	[0x1852, [0x56cd, nil]]
0x56f1S0x2449S0x15e2	[0x1852, [0x56cd, nil]]
0x56f3S0x2449S0x15e2	[0x1852, [0x56cd, nil]]
0x56f6S0x2449S0x15e2	[0x1852, [0x56cd, nil]]
0x56f8S0x2449S0x15e2	[0x1852, [0x56cd, nil]]
0x56faS0x2449S0x15e2	[0x1852, [0x56cd, nil]]
0x56fbS0x2449S0x15e2	[0x1852, [0x56cd, nil]]
0x56feS0x2449S0x15e2	[0x1852, [0x56cd, nil]]
0x5702S0x2449S0x15e2	[0x1852, [0x56cd, nil]]
0x5703S0x2449S0x15e2	[0x1852, [0x56cd, nil]]
0x5706S0x2449S0x15e2	[0x1852, [0x56cd, nil]]
0x5708S0x2449S0x15e2	[0x1852, [0x56cd, nil]]
0x570aS0x2449S0x15e2	[0x1852, [0x56cd, nil]]
0x571bS0x24bcS0x15e2	[0x1852, [0x570d, nil]]
0x570eS0x24bcS0x15e2	[0x1852, [0x570d, nil]]
0x5710S0x24bcS0x15e2	[0x1852, [0x570d, nil]]
0x5714S0x24bcS0x15e2	[0x1852, [0x570d, nil]]
0x5715S0x24bcS0x15e2	[0x1852, [0x570d, nil]]
0x5716S0x24bcS0x15e2	[0x1852, [0x570d, nil]]
0x5717S0x24bcS0x15e2	[0x1852, [0x570d, nil]]
0x5721S0x24bcS0x15e2	[0x1852, [0x570d, nil]]
0x56ceS0x2632S0x15e2	[0x1852, [0x56cd, nil]]
0x56d0S0x2632S0x15e2	[0x1852, [0x56cd, nil]]
0x56d2S0x2632S0x15e2	[0x1852, [0x56cd, nil]]
0x56d4S0x2632S0x15e2	[0x1852, [0x56cd, nil]]
0x56d5S0x2632S0x15e2	[0x1852, [0x56cd, nil]]
0x56d8S0x2632S0x15e2	[0x1852, [0x56cd, nil]]
0x56dbS0x2632S0x15e2	[0x1852, [0x56cd, nil]]
0x56deS0x2632S0x15e2	[0x1852, [0x56cd, nil]]
0x56e5S0x2632S0x15e2	[0x1852, [0x56cd, nil]]
0x56e6S0x2632S0x15e2	[0x1852, [0x56cd, nil]]
0x56e9S0x2632S0x15e2	[0x1852, [0x56cd, nil]]
0x56edS0x2632S0x15e2	[0x1852, [0x56cd, nil]]
0x56eeS0x2632S0x15e2	[0x1852, [0x56cd, nil]]
0x56f1S0x2632S0x15e2	[0x1852, [0x56cd, nil]]
0x56f3S0x2632S0x15e2	[0x1852, [0x56cd, nil]]
0x56f6S0x2632S0x15e2	[0x1852, [0x56cd, nil]]
0x56f8S0x2632S0x15e2	[0x1852, [0x56cd, nil]]
0x56faS0x2632S0x15e2	[0x1852, [0x56cd, nil]]
0x56fbS0x2632S0x15e2	[0x1852, [0x56cd, nil]]
0x56feS0x2632S0x15e2	[0x1852, [0x56cd, nil]]
0x5702S0x2632S0x15e2	[0x1852, [0x56cd, nil]]
0x5703S0x2632S0x15e2	[0x1852, [0x56cd, nil]]
0x5706S0x2632S0x15e2	[0x1852, [0x56cd, nil]]
0x5708S0x2632S0x15e2	[0x1852, [0x56cd, nil]]
0x570aS0x2632S0x15e2	[0x1852, [0x56cd, nil]]
0x571bS0x27f5S0x15e2	[0x1852, [0x570d, nil]]
0x570eS0x27f5S0x15e2	[0x1852, [0x570d, nil]]
0x5710S0x27f5S0x15e2	[0x1852, [0x570d, nil]]
0x5714S0x27f5S0x15e2	[0x1852, [0x570d, nil]]
0x5715S0x27f5S0x15e2	[0x1852, [0x570d, nil]]
0x5716S0x27f5S0x15e2	[0x1852, [0x570d, nil]]
0x5717S0x27f5S0x15e2	[0x1852, [0x570d, nil]]
0x5721S0x27f5S0x15e2	[0x1852, [0x570d, nil]]
0x4ff8S0x1a5bS0x15e2	[0x1852, [0x4fea, nil]]
0x4febS0x1a5bS0x15e2	[0x1852, [0x4fea, nil]]
0x4fedS0x1a5bS0x15e2	[0x1852, [0x4fea, nil]]
0x4ff1S0x1a5bS0x15e2	[0x1852, [0x4fea, nil]]
0x4ff2S0x1a5bS0x15e2	[0x1852, [0x4fea, nil]]
0x4ff3S0x1a5bS0x15e2	[0x1852, [0x4fea, nil]]
0x4ff4S0x1a5bS0x15e2	[0x1852, [0x4fea, nil]]
0x4ffeS0x1a5bS0x15e2	[0x1852, [0x4fea, nil]]
0x4fffS0x1a5bS0x15e2	[0x1852, [0x4fea, nil]]
0x5003S0x1a5bS0x15e2	[0x1852, [0x4fea, nil]]
0x4904S0x4ffcS0x1a5bS0x15e2	[0x1852, [0x4fea, [0x48f3, nil]]]
0x48f4S0x4ffcS0x1a5bS0x15e2	[0x1852, [0x4fea, [0x48f3, nil]]]
0x48f6S0x4ffcS0x1a5bS0x15e2	[0x1852, [0x4fea, [0x48f3, nil]]]
0x48f8S0x4ffcS0x1a5bS0x15e2	[0x1852, [0x4fea, [0x48f3, nil]]]
0x48faS0x4ffcS0x1a5bS0x15e2	[0x1852, [0x4fea, [0x48f3, nil]]]
0x48fbS0x4ffcS0x1a5bS0x15e2	[0x1852, [0x4fea, [0x48f3, nil]]]
0x48fdS0x4ffcS0x1a5bS0x15e2	[0x1852, [0x4fea, [0x48f3, nil]]]
0x48ffS0x4ffcS0x1a5bS0x15e2	[0x1852, [0x4fea, [0x48f3, nil]]]
0x4900S0x4ffcS0x1a5bS0x15e2	[0x1852, [0x4fea, [0x48f3, nil]]]
0x4ff8S0x1b53S0x15e2	[0x1852, [0x4fea, nil]]
0x4febS0x1b53S0x15e2	[0x1852, [0x4fea, nil]]
0x4fedS0x1b53S0x15e2	[0x1852, [0x4fea, nil]]
0x4ff1S0x1b53S0x15e2	[0x1852, [0x4fea, nil]]
0x4ff2S0x1b53S0x15e2	[0x1852, [0x4fea, nil]]
0x4ff3S0x1b53S0x15e2	[0x1852, [0x4fea, nil]]
0x4ff4S0x1b53S0x15e2	[0x1852, [0x4fea, nil]]
0x4ffeS0x1b53S0x15e2	[0x1852, [0x4fea, nil]]
0x4fffS0x1b53S0x15e2	[0x1852, [0x4fea, nil]]
0x5003S0x1b53S0x15e2	[0x1852, [0x4fea, nil]]
0x4904S0x4ffcS0x1b53S0x15e2	[0x1852, [0x4fea, [0x48f3, nil]]]
0x48f4S0x4ffcS0x1b53S0x15e2	[0x1852, [0x4fea, [0x48f3, nil]]]
0x48f6S0x4ffcS0x1b53S0x15e2	[0x1852, [0x4fea, [0x48f3, nil]]]
0x48f8S0x4ffcS0x1b53S0x15e2	[0x1852, [0x4fea, [0x48f3, nil]]]
0x48faS0x4ffcS0x1b53S0x15e2	[0x1852, [0x4fea, [0x48f3, nil]]]
0x48fbS0x4ffcS0x1b53S0x15e2	[0x1852, [0x4fea, [0x48f3, nil]]]
0x48fdS0x4ffcS0x1b53S0x15e2	[0x1852, [0x4fea, [0x48f3, nil]]]
0x48ffS0x4ffcS0x1b53S0x15e2	[0x1852, [0x4fea, [0x48f3, nil]]]
0x4900S0x4ffcS0x1b53S0x15e2	[0x1852, [0x4fea, [0x48f3, nil]]]
0x49abS0x5491S0x15e2	[0x1852, [0x4992, nil]]
0x49adS0x5491S0x15e2	[0x1852, [0x4992, nil]]
0x49aeS0x5491S0x15e2	[0x1852, [0x4992, nil]]
0x49b0S0x5491S0x15e2	[0x1852, [0x4992, nil]]
0x49b1S0x5491S0x15e2	[0x1852, [0x4992, nil]]
0x49b5S0x5491S0x15e2	[0x1852, [0x4992, nil]]
0x49b6S0x5491S0x15e2	[0x1852, [0x4992, nil]]
0x49b8S0x5491S0x15e2	[0x1852, [0x4992, nil]]
0x4993S0x5491S0x15e2	[0x1852, [0x4992, nil]]
0x4996S0x5491S0x15e2	[0x1852, [0x4992, nil]]
0x499aS0x5491S0x15e2	[0x1852, [0x4992, nil]]
0x499eS0x5491S0x15e2	[0x1852, [0x4992, nil]]
0x49a1S0x5491S0x15e2	[0x1852, [0x4992, nil]]
0x49a2S0x5491S0x15e2	[0x1852, [0x4992, nil]]
0x49a5S0x5491S0x15e2	[0x1852, [0x4992, nil]]
0x49a6S0x5491S0x15e2	[0x1852, [0x4992, nil]]
0x498cS0x4992S0x5491S0x15e2	[0x1852, [0x4992, [0x496e, nil]]]
0x498fS0x4992S0x5491S0x15e2	[0x1852, [0x4992, [0x496e, nil]]]
0x4974S0x4992S0x5491S0x15e2	[0x1852, [0x4992, [0x496e, nil]]]
0x4975S0x4992S0x5491S0x15e2	[0x1852, [0x4992, [0x496e, nil]]]
0x4976S0x4992S0x5491S0x15e2	[0x1852, [0x4992, [0x496e, nil]]]
0x4971_0x0S0x4992S0x5491S0x15e2	[0x1852, [0x4992, [0x496e, nil]]]
0x496fS0x4992S0x5491S0x15e2	[0x1852, [0x4992, [0x496e, nil]]]
0x3b830S0x4992S0x5491S0x15e2	[0x1852, [0x4992, [0x496e, nil]]]
0x497cS0x4992S0x5491S0x15e2	[0x1852, [0x4992, [0x496e, nil]]]
0x497dS0x4992S0x5491S0x15e2	[0x1852, [0x4992, [0x496e, nil]]]
0x4980S0x4992S0x5491S0x15e2	[0x1852, [0x4992, [0x496e, nil]]]
0x4982S0x4992S0x5491S0x15e2	[0x1852, [0x4992, [0x496e, nil]]]
0x4984S0x4992S0x5491S0x15e2	[0x1852, [0x4992, [0x496e, nil]]]
0x4985S0x4992S0x5491S0x15e2	[0x1852, [0x4992, [0x496e, nil]]]
0x497a_0x0S0x4992S0x5491S0x15e2	[0x1852, [0x4992, [0x496e, nil]]]
0x50ceS0x1bf1S0x15e2	[0x1852, [0x50bc, nil]]
0x50d1S0x1bf1S0x15e2	[0x1852, [0x50bc, nil]]
0x50f9S0x1bf1S0x15e2	[0x1852, [0x50bc, nil]]
0x50fcS0x1bf1S0x15e2	[0x1852, [0x50bc, nil]]
0x50fdS0x1bf1S0x15e2	[0x1852, [0x50bc, nil]]
0x50beS0x1bf1S0x15e2	[0x1852, [0x50bc, nil]]
0x50bfS0x1bf1S0x15e2	[0x1852, [0x50bc, nil]]
0x50c1S0x1bf1S0x15e2	[0x1852, [0x50bc, nil]]
0x50c3S0x1bf1S0x15e2	[0x1852, [0x50bc, nil]]
0x50c5S0x1bf1S0x15e2	[0x1852, [0x50bc, nil]]
0x50c6S0x1bf1S0x15e2	[0x1852, [0x50bc, nil]]
0x50c8S0x1bf1S0x15e2	[0x1852, [0x50bc, nil]]
0x50c9S0x1bf1S0x15e2	[0x1852, [0x50bc, nil]]
0x50caS0x1bf1S0x15e2	[0x1852, [0x50bc, nil]]
0x50d6S0x1bf1S0x15e2	[0x1852, [0x50bc, nil]]
0x50daS0x1bf1S0x15e2	[0x1852, [0x50bc, nil]]
0x50deS0x1bf1S0x15e2	[0x1852, [0x50bc, nil]]
0x50dfS0x1bf1S0x15e2	[0x1852, [0x50bc, nil]]
0x50e2S0x1bf1S0x15e2	[0x1852, [0x50bc, nil]]
0xc281S0x1bf1S0x15e2	[0x1852, [0x50bc, nil]]
0xc286S0x1bf1S0x15e2	[0x1852, [0x50bc, nil]]
0xc288S0x1bf1S0x15e2	[0x1852, [0x50bc, nil]]
0xc289S0x1bf1S0x15e2	[0x1852, [0x50bc, nil]]
0xc28cS0x1bf1S0x15e2	[0x1852, [0x50bc, nil]]
0xc28eS0x1bf1S0x15e2	[0x1852, [0x50bc, nil]]
0xc291S0x1bf1S0x15e2	[0x1852, [0x50bc, nil]]
0xc293S0x1bf1S0x15e2	[0x1852, [0x50bc, nil]]
0x50eaS0x1bf1S0x15e2	[0x1852, [0x50bc, nil]]
0x50edS0x1bf1S0x15e2	[0x1852, [0x50bc, nil]]
0x50f0S0x1bf1S0x15e2	[0x1852, [0x50bc, nil]]
0x50f1S0x1bf1S0x15e2	[0x1852, [0x50bc, nil]]
0x50f4S0x1bf1S0x15e2	[0x1852, [0x50bc, nil]]
0x50f5S0x1bf1S0x15e2	[0x1852, [0x50bc, nil]]
0x50e5S0x1bf1S0x15e2	[0x1852, [0x50bc, nil]]
0x511fS0x1bf1S0x15e2	[0x1852, [0x50bc, nil]]
0x5124S0x1bf1S0x15e2	[0x1852, [0x50bc, nil]]
0x5127S0x1bf1S0x15e2	[0x1852, [0x50bc, nil]]
0x5128S0x1bf1S0x15e2	[0x1852, [0x50bc, nil]]
0x512aS0x1bf1S0x15e2	[0x1852, [0x50bc, nil]]
0x512cS0x1bf1S0x15e2	[0x1852, [0x50bc, nil]]
0x40830S0x1bf1S0x15e2	[0x1852, [0x50bc, nil]]
0x1005f7S0x1bf1S0x15e2	[0x1852, [0x50bc, nil]]
0x1005f9S0x1bf1S0x15e2	[0x1852, [0x50bc, nil]]
0x1005faS0x1bf1S0x15e2	[0x1852, [0x50bc, nil]]
0x1005feS0x1bf1S0x15e2	[0x1852, [0x50bc, nil]]
0x1005ffS0x1bf1S0x15e2	[0x1852, [0x50bc, nil]]
0x100600S0x1bf1S0x15e2	[0x1852, [0x50bc, nil]]
0x100601S0x1bf1S0x15e2	[0x1852, [0x50bc, nil]]
0x100602S0x1bf1S0x15e2	[0x1852, [0x50bc, nil]]
0x100606S0x1bf1S0x15e2	[0x1852, [0x50bc, nil]]
0x100607S0x1bf1S0x15e2	[0x1852, [0x50bc, nil]]
0x10060aS0x1bf1S0x15e2	[0x1852, [0x50bc, nil]]
0x5151S0x1bf1S0x15e2	[0x1852, [0x50bc, nil]]
0x5152S0x1bf1S0x15e2	[0x1852, [0x50bc, nil]]
0x5153S0x1bf1S0x15e2	[0x1852, [0x50bc, nil]]
0x5131S0x1bf1S0x15e2	[0x1852, [0x50bc, nil]]
0x5132S0x1bf1S0x15e2	[0x1852, [0x50bc, nil]]
0x5133S0x1bf1S0x15e2	[0x1852, [0x50bc, nil]]
0x512e_0x0S0x1bf1S0x15e2	[0x1852, [0x50bc, nil]]
0x5171S0x1bf1S0x15e2	[0x1852, [0x50bc, nil]]
0x5175S0x1bf1S0x15e2	[0x1852, [0x50bc, nil]]
0x5176S0x1bf1S0x15e2	[0x1852, [0x50bc, nil]]
0x100b34S0x1bf1S0x15e2	[0x1852, [0x50bc, nil]]
0x100b36S0x1bf1S0x15e2	[0x1852, [0x50bc, nil]]
0x100b37S0x1bf1S0x15e2	[0x1852, [0x50bc, nil]]
0x100b3bS0x1bf1S0x15e2	[0x1852, [0x50bc, nil]]
0x100b3cS0x1bf1S0x15e2	[0x1852, [0x50bc, nil]]
0x100b3dS0x1bf1S0x15e2	[0x1852, [0x50bc, nil]]
0x100b3eS0x1bf1S0x15e2	[0x1852, [0x50bc, nil]]
0x100b3fS0x1bf1S0x15e2	[0x1852, [0x50bc, nil]]
0x100b43S0x1bf1S0x15e2	[0x1852, [0x50bc, nil]]
0x100b44S0x1bf1S0x15e2	[0x1852, [0x50bc, nil]]
0x100b47S0x1bf1S0x15e2	[0x1852, [0x50bc, nil]]
0x5104S0x1bf1S0x15e2	[0x1852, [0x50bc, nil]]
0x5105S0x1bf1S0x15e2	[0x1852, [0x50bc, nil]]
0x3fe30S0x1bf1S0x15e2	[0x1852, [0x50bc, nil]]
0x5139S0x1bf1S0x15e2	[0x1852, [0x50bc, nil]]
0x513aS0x1bf1S0x15e2	[0x1852, [0x50bc, nil]]
0x513fS0x1bf1S0x15e2	[0x1852, [0x50bc, nil]]
0x5141S0x1bf1S0x15e2	[0x1852, [0x50bc, nil]]
0x5145S0x1bf1S0x15e2	[0x1852, [0x50bc, nil]]
0x5148S0x1bf1S0x15e2	[0x1852, [0x50bc, nil]]
0x5149S0x1bf1S0x15e2	[0x1852, [0x50bc, nil]]
0x5137_0x0S0x1bf1S0x15e2	[0x1852, [0x50bc, nil]]
0x5137_0x1S0x1bf1S0x15e2	[0x1852, [0x50bc, nil]]
0x5137_0x5S0x1bf1S0x15e2	[0x1852, [0x50bc, nil]]
0x5159S0x1bf1S0x15e2	[0x1852, [0x50bc, nil]]
0x515aS0x1bf1S0x15e2	[0x1852, [0x50bc, nil]]
0x515bS0x1bf1S0x15e2	[0x1852, [0x50bc, nil]]
0x515dS0x1bf1S0x15e2	[0x1852, [0x50bc, nil]]
0x515eS0x1bf1S0x15e2	[0x1852, [0x50bc, nil]]
0x5162S0x1bf1S0x15e2	[0x1852, [0x50bc, nil]]
0x5163S0x1bf1S0x15e2	[0x1852, [0x50bc, nil]]
0x5165S0x1bf1S0x15e2	[0x1852, [0x50bc, nil]]
0x5166S0x1bf1S0x15e2	[0x1852, [0x50bc, nil]]
0x5167S0x1bf1S0x15e2	[0x1852, [0x50bc, nil]]
0x5168S0x1bf1S0x15e2	[0x1852, [0x50bc, nil]]
0x41230S0x1bf1S0x15e2	[0x1852, [0x50bc, nil]]
0x5157_0x0S0x1bf1S0x15e2	[0x1852, [0x50bc, nil]]
0x5157_0x4S0x1bf1S0x15e2	[0x1852, [0x50bc, nil]]
0x5080S0x50e3S0x1bf1S0x15e2	[0x1852, [0x50bc, [0x5076, nil]]]
0x5085S0x50e3S0x1bf1S0x15e2	[0x1852, [0x50bc, [0x5076, nil]]]
0x5088S0x50e3S0x1bf1S0x15e2	[0x1852, [0x50bc, [0x5076, nil]]]
0x5089S0x50e3S0x1bf1S0x15e2	[0x1852, [0x50bc, [0x5076, nil]]]
0x508cS0x50e3S0x1bf1S0x15e2	[0x1852, [0x50bc, [0x5076, nil]]]
0x508dS0x50e3S0x1bf1S0x15e2	[0x1852, [0x50bc, [0x5076, nil]]]
0x508fS0x50e3S0x1bf1S0x15e2	[0x1852, [0x50bc, [0x5076, nil]]]
0x5091S0x50e3S0x1bf1S0x15e2	[0x1852, [0x50bc, [0x5076, nil]]]
0x5092S0x50e3S0x1bf1S0x15e2	[0x1852, [0x50bc, [0x5076, nil]]]
0x5095S0x50e3S0x1bf1S0x15e2	[0x1852, [0x50bc, [0x5076, nil]]]
0x5096S0x50e3S0x1bf1S0x15e2	[0x1852, [0x50bc, [0x5076, nil]]]
0x5097S0x50e3S0x1bf1S0x15e2	[0x1852, [0x50bc, [0x5076, nil]]]
0x509eS0x50e3S0x1bf1S0x15e2	[0x1852, [0x50bc, [0x5076, nil]]]
0x50a1S0x50e3S0x1bf1S0x15e2	[0x1852, [0x50bc, [0x5076, nil]]]
0x50a2S0x50e3S0x1bf1S0x15e2	[0x1852, [0x50bc, [0x5076, nil]]]
0x50a4S0x50e3S0x1bf1S0x15e2	[0x1852, [0x50bc, [0x5076, nil]]]
0x50a6S0x50e3S0x1bf1S0x15e2	[0x1852, [0x50bc, [0x5076, nil]]]
0x3f430S0x50e3S0x1bf1S0x15e2	[0x1852, [0x50bc, [0x5076, nil]]]
0x50acS0x50e3S0x1bf1S0x15e2	[0x1852, [0x50bc, [0x5076, nil]]]
0x50adS0x50e3S0x1bf1S0x15e2	[0x1852, [0x50bc, [0x5076, nil]]]
0x50aeS0x50e3S0x1bf1S0x15e2	[0x1852, [0x50bc, [0x5076, nil]]]
0x50a9_0x0S0x50e3S0x1bf1S0x15e2	[0x1852, [0x50bc, [0x5076, nil]]]
0x5077S0x50e3S0x1bf1S0x15e2	[0x1852, [0x50bc, [0x5076, nil]]]
0x507aS0x50e3S0x1bf1S0x15e2	[0x1852, [0x50bc, [0x5076, nil]]]
0x507bS0x50e3S0x1bf1S0x15e2	[0x1852, [0x50bc, [0x5076, nil]]]
0x507cS0x50e3S0x1bf1S0x15e2	[0x1852, [0x50bc, [0x5076, nil]]]
0x3ea30S0x50e3S0x1bf1S0x15e2	[0x1852, [0x50bc, [0x5076, nil]]]
0x50b5S0x50e3S0x1bf1S0x15e2	[0x1852, [0x50bc, [0x5076, nil]]]
0x50b7S0x50e3S0x1bf1S0x15e2	[0x1852, [0x50bc, [0x5076, nil]]]
0x50b8S0x50e3S0x1bf1S0x15e2	[0x1852, [0x50bc, [0x5076, nil]]]
0x50b2_0x0S0x50e3S0x1bf1S0x15e2	[0x1852, [0x50bc, [0x5076, nil]]]
0x4fe1S0x5741S0x15e2	[0x1852, [0x4fdf, nil]]
0x4fe2S0x5741S0x15e2	[0x1852, [0x4fdf, nil]]
0x4fe6S0x5741S0x15e2	[0x1852, [0x4fdf, nil]]
0x4904S0x4fdfS0x5741S0x15e2	[0x1852, [0x4fdf, [0x48f3, nil]]]
0x48f4S0x4fdfS0x5741S0x15e2	[0x1852, [0x4fdf, [0x48f3, nil]]]
0x48f6S0x4fdfS0x5741S0x15e2	[0x1852, [0x4fdf, [0x48f3, nil]]]
0x48f8S0x4fdfS0x5741S0x15e2	[0x1852, [0x4fdf, [0x48f3, nil]]]
0x48faS0x4fdfS0x5741S0x15e2	[0x1852, [0x4fdf, [0x48f3, nil]]]
0x48fbS0x4fdfS0x5741S0x15e2	[0x1852, [0x4fdf, [0x48f3, nil]]]
0x48fdS0x4fdfS0x5741S0x15e2	[0x1852, [0x4fdf, [0x48f3, nil]]]
0x48ffS0x4fdfS0x5741S0x15e2	[0x1852, [0x4fdf, [0x48f3, nil]]]
0x4900S0x4fdfS0x5741S0x15e2	[0x1852, [0x4fdf, [0x48f3, nil]]]
0x4fe1S0x574aS0x15e2	[0x1852, [0x4fdf, nil]]
0x4fe2S0x574aS0x15e2	[0x1852, [0x4fdf, nil]]
0x4fe6S0x574aS0x15e2	[0x1852, [0x4fdf, nil]]
0x4904S0x4fdfS0x574aS0x15e2	[0x1852, [0x4fdf, [0x48f3, nil]]]
0x48f4S0x4fdfS0x574aS0x15e2	[0x1852, [0x4fdf, [0x48f3, nil]]]
0x48f6S0x4fdfS0x574aS0x15e2	[0x1852, [0x4fdf, [0x48f3, nil]]]
0x48f8S0x4fdfS0x574aS0x15e2	[0x1852, [0x4fdf, [0x48f3, nil]]]
0x48faS0x4fdfS0x574aS0x15e2	[0x1852, [0x4fdf, [0x48f3, nil]]]
0x48fbS0x4fdfS0x574aS0x15e2	[0x1852, [0x4fdf, [0x48f3, nil]]]
0x48fdS0x4fdfS0x574aS0x15e2	[0x1852, [0x4fdf, [0x48f3, nil]]]
0x48ffS0x4fdfS0x574aS0x15e2	[0x1852, [0x4fdf, [0x48f3, nil]]]
0x4900S0x4fdfS0x574aS0x15e2	[0x1852, [0x4fdf, [0x48f3, nil]]]
0x4fe1S0x5762S0x15e2	[0x1852, [0x4fdf, nil]]
0x4fe2S0x5762S0x15e2	[0x1852, [0x4fdf, nil]]
0x4fe6S0x5762S0x15e2	[0x1852, [0x4fdf, nil]]
0x4904S0x4fdfS0x5762S0x15e2	[0x1852, [0x4fdf, [0x48f3, nil]]]
0x48f4S0x4fdfS0x5762S0x15e2	[0x1852, [0x4fdf, [0x48f3, nil]]]
0x48f6S0x4fdfS0x5762S0x15e2	[0x1852, [0x4fdf, [0x48f3, nil]]]
0x48f8S0x4fdfS0x5762S0x15e2	[0x1852, [0x4fdf, [0x48f3, nil]]]
0x48faS0x4fdfS0x5762S0x15e2	[0x1852, [0x4fdf, [0x48f3, nil]]]
0x48fbS0x4fdfS0x5762S0x15e2	[0x1852, [0x4fdf, [0x48f3, nil]]]
0x48fdS0x4fdfS0x5762S0x15e2	[0x1852, [0x4fdf, [0x48f3, nil]]]
0x48ffS0x4fdfS0x5762S0x15e2	[0x1852, [0x4fdf, [0x48f3, nil]]]
0x4900S0x4fdfS0x5762S0x15e2	[0x1852, [0x4fdf, [0x48f3, nil]]]
0x4fe1S0x5773S0x15e2	[0x1852, [0x4fdf, nil]]
0x4fe2S0x5773S0x15e2	[0x1852, [0x4fdf, nil]]
0x4fe6S0x5773S0x15e2	[0x1852, [0x4fdf, nil]]
0x4904S0x4fdfS0x5773S0x15e2	[0x1852, [0x4fdf, [0x48f3, nil]]]
0x48f4S0x4fdfS0x5773S0x15e2	[0x1852, [0x4fdf, [0x48f3, nil]]]
0x48f6S0x4fdfS0x5773S0x15e2	[0x1852, [0x4fdf, [0x48f3, nil]]]
0x48f8S0x4fdfS0x5773S0x15e2	[0x1852, [0x4fdf, [0x48f3, nil]]]
0x48faS0x4fdfS0x5773S0x15e2	[0x1852, [0x4fdf, [0x48f3, nil]]]
0x48fbS0x4fdfS0x5773S0x15e2	[0x1852, [0x4fdf, [0x48f3, nil]]]
0x48fdS0x4fdfS0x5773S0x15e2	[0x1852, [0x4fdf, [0x48f3, nil]]]
0x48ffS0x4fdfS0x5773S0x15e2	[0x1852, [0x4fdf, [0x48f3, nil]]]
0x4900S0x4fdfS0x5773S0x15e2	[0x1852, [0x4fdf, [0x48f3, nil]]]
0x55e9S0x5784S0x15e2	[0x1852, [0x55e7, nil]]
0x55eaS0x5784S0x15e2	[0x1852, [0x55e7, nil]]
0x55eeS0x5784S0x15e2	[0x1852, [0x55e7, nil]]
0x49dcS0x55e7S0x5784S0x15e2	[0x1852, [0x55e7, [0x49d1, nil]]]
0x49d2S0x55e7S0x5784S0x15e2	[0x1852, [0x55e7, [0x49d1, nil]]]
0x49d5S0x55e7S0x5784S0x15e2	[0x1852, [0x55e7, [0x49d1, nil]]]
0x49d7S0x55e7S0x5784S0x15e2	[0x1852, [0x55e7, [0x49d1, nil]]]
0x49d8S0x55e7S0x5784S0x15e2	[0x1852, [0x55e7, [0x49d1, nil]]]
0x55e9S0x579fS0x15e2	[0x1852, [0x55e7, nil]]
0x55eaS0x579fS0x15e2	[0x1852, [0x55e7, nil]]
0x55eeS0x579fS0x15e2	[0x1852, [0x55e7, nil]]
0x49dcS0x55e7S0x579fS0x15e2	[0x1852, [0x55e7, [0x49d1, nil]]]
0x49d2S0x55e7S0x579fS0x15e2	[0x1852, [0x55e7, [0x49d1, nil]]]
0x49d5S0x55e7S0x579fS0x15e2	[0x1852, [0x55e7, [0x49d1, nil]]]
0x49d7S0x55e7S0x579fS0x15e2	[0x1852, [0x55e7, [0x49d1, nil]]]
0x49d8S0x55e7S0x579fS0x15e2	[0x1852, [0x55e7, [0x49d1, nil]]]
0x4fe1S0x57b0S0x15e2	[0x1852, [0x4fdf, nil]]
0x4fe2S0x57b0S0x15e2	[0x1852, [0x4fdf, nil]]
0x4fe6S0x57b0S0x15e2	[0x1852, [0x4fdf, nil]]
0x4904S0x4fdfS0x57b0S0x15e2	[0x1852, [0x4fdf, [0x48f3, nil]]]
0x48f4S0x4fdfS0x57b0S0x15e2	[0x1852, [0x4fdf, [0x48f3, nil]]]
0x48f6S0x4fdfS0x57b0S0x15e2	[0x1852, [0x4fdf, [0x48f3, nil]]]
0x48f8S0x4fdfS0x57b0S0x15e2	[0x1852, [0x4fdf, [0x48f3, nil]]]
0x48faS0x4fdfS0x57b0S0x15e2	[0x1852, [0x4fdf, [0x48f3, nil]]]
0x48fbS0x4fdfS0x57b0S0x15e2	[0x1852, [0x4fdf, [0x48f3, nil]]]
0x48fdS0x4fdfS0x57b0S0x15e2	[0x1852, [0x4fdf, [0x48f3, nil]]]
0x48ffS0x4fdfS0x57b0S0x15e2	[0x1852, [0x4fdf, [0x48f3, nil]]]
0x4900S0x4fdfS0x57b0S0x15e2	[0x1852, [0x4fdf, [0x48f3, nil]]]
0x49bfS0x19c0S0x15e2	[0x1852, [0x49be, nil]]
0x49c3S0x19c0S0x15e2	[0x1852, [0x49be, nil]]
0x49c5S0x19c0S0x15e2	[0x1852, [0x49be, nil]]
0x49c8S0x19c0S0x15e2	[0x1852, [0x49be, nil]]
0x49cbS0x19c0S0x15e2	[0x1852, [0x49be, nil]]
0x49cdS0x19c0S0x15e2	[0x1852, [0x49be, nil]]
0x49abS0x49beS0x19c0S0x15e2	[0x1852, [0x49be, [0x4992, nil]]]
0x49adS0x49beS0x19c0S0x15e2	[0x1852, [0x49be, [0x4992, nil]]]
0x49aeS0x49beS0x19c0S0x15e2	[0x1852, [0x49be, [0x4992, nil]]]
0x49b0S0x49beS0x19c0S0x15e2	[0x1852, [0x49be, [0x4992, nil]]]
0x49b1S0x49beS0x19c0S0x15e2	[0x1852, [0x49be, [0x4992, nil]]]
0x49b5S0x49beS0x19c0S0x15e2	[0x1852, [0x49be, [0x4992, nil]]]
0x49b6S0x49beS0x19c0S0x15e2	[0x1852, [0x49be, [0x4992, nil]]]
0x49b8S0x49beS0x19c0S0x15e2	[0x1852, [0x49be, [0x4992, nil]]]
0x4993S0x49beS0x19c0S0x15e2	[0x1852, [0x49be, [0x4992, nil]]]
0x4996S0x49beS0x19c0S0x15e2	[0x1852, [0x49be, [0x4992, nil]]]
0x499aS0x49beS0x19c0S0x15e2	[0x1852, [0x49be, [0x4992, nil]]]
0x499eS0x49beS0x19c0S0x15e2	[0x1852, [0x49be, [0x4992, nil]]]
0x49a1S0x49beS0x19c0S0x15e2	[0x1852, [0x49be, [0x4992, nil]]]
0x49a2S0x49beS0x19c0S0x15e2	[0x1852, [0x49be, [0x4992, nil]]]
0x49a5S0x49beS0x19c0S0x15e2	[0x1852, [0x49be, [0x4992, nil]]]
0x49a6S0x49beS0x19c0S0x15e2	[0x1852, [0x49be, [0x4992, nil]]]
0x498cS0x4992S0x49beS0x19c0S0x15e2	[0x1852, [0x49be, [0x4992, [0x496e, nil]]]]
0x498fS0x4992S0x49beS0x19c0S0x15e2	[0x1852, [0x49be, [0x4992, [0x496e, nil]]]]
0x4974S0x4992S0x49beS0x19c0S0x15e2	[0x1852, [0x49be, [0x4992, [0x496e, nil]]]]
0x4975S0x4992S0x49beS0x19c0S0x15e2	[0x1852, [0x49be, [0x4992, [0x496e, nil]]]]
0x4976S0x4992S0x49beS0x19c0S0x15e2	[0x1852, [0x49be, [0x4992, [0x496e, nil]]]]
0x4971_0x0S0x4992S0x49beS0x19c0S0x15e2	[0x1852, [0x49be, [0x4992, [0x496e, nil]]]]
0x496fS0x4992S0x49beS0x19c0S0x15e2	[0x1852, [0x49be, [0x4992, [0x496e, nil]]]]
0x3b830S0x4992S0x49beS0x19c0S0x15e2	[0x1852, [0x49be, [0x4992, [0x496e, nil]]]]
0x497cS0x4992S0x49beS0x19c0S0x15e2	[0x1852, [0x49be, [0x4992, [0x496e, nil]]]]
0x497dS0x4992S0x49beS0x19c0S0x15e2	[0x1852, [0x49be, [0x4992, [0x496e, nil]]]]
0x4980S0x4992S0x49beS0x19c0S0x15e2	[0x1852, [0x49be, [0x4992, [0x496e, nil]]]]
0x4982S0x4992S0x49beS0x19c0S0x15e2	[0x1852, [0x49be, [0x4992, [0x496e, nil]]]]
0x4984S0x4992S0x49beS0x19c0S0x15e2	[0x1852, [0x49be, [0x4992, [0x496e, nil]]]]
0x4985S0x4992S0x49beS0x19c0S0x15e2	[0x1852, [0x49be, [0x4992, [0x496e, nil]]]]
0x497a_0x0S0x4992S0x49beS0x19c0S0x15e2	[0x1852, [0x49be, [0x4992, [0x496e, nil]]]]
0x2ad3S0x232fS0x15e2	[0x1852, [0x2a84, nil]]
0x2ad7S0x232fS0x15e2	[0x1852, [0x2a84, nil]]
0x2ad9S0x232fS0x15e2	[0x1852, [0x2a84, nil]]
0x2adbS0x232fS0x15e2	[0x1852, [0x2a84, nil]]
0x2addS0x232fS0x15e2	[0x1852, [0x2a84, nil]]
0x2adfS0x232fS0x15e2	[0x1852, [0x2a84, nil]]
0x2ae4S0x232fS0x15e2	[0x1852, [0x2a84, nil]]
0x2b74S0x232fS0x15e2	[0x1852, [0x2a84, nil]]
0x2b83S0x232fS0x15e2	[0x1852, [0x2a84, nil]]
0x2b84S0x232fS0x15e2	[0x1852, [0x2a84, nil]]
0x2b88S0x232fS0x15e2	[0x1852, [0x2a84, nil]]
0x2b89S0x232fS0x15e2	[0x1852, [0x2a84, nil]]
0x2c28S0x232fS0x15e2	[0x1852, [0x2a84, nil]]
0x2c2cS0x232fS0x15e2	[0x1852, [0x2a84, nil]]
0x2c2eS0x232fS0x15e2	[0x1852, [0x2a84, nil]]
0x2c30S0x232fS0x15e2	[0x1852, [0x2a84, nil]]
0x2c32S0x232fS0x15e2	[0x1852, [0x2a84, nil]]
0x2c34S0x232fS0x15e2	[0x1852, [0x2a84, nil]]
0x2c39S0x232fS0x15e2	[0x1852, [0x2a84, nil]]
0x2c3cS0x232fS0x15e2	[0x1852, [0x2a84, nil]]
0x2c4aS0x232fS0x15e2	[0x1852, [0x2a84, nil]]
0x2c4eS0x232fS0x15e2	[0x1852, [0x2a84, nil]]
0x2c50S0x232fS0x15e2	[0x1852, [0x2a84, nil]]
0x2c51S0x232fS0x15e2	[0x1852, [0x2a84, nil]]
0x2c53S0x232fS0x15e2	[0x1852, [0x2a84, nil]]
0x2c55S0x232fS0x15e2	[0x1852, [0x2a84, nil]]
0x2c56S0x232fS0x15e2	[0x1852, [0x2a84, nil]]
0x2c58S0x232fS0x15e2	[0x1852, [0x2a84, nil]]
0x2c5aS0x232fS0x15e2	[0x1852, [0x2a84, nil]]
0x2c5bS0x232fS0x15e2	[0x1852, [0x2a84, nil]]
0x2c5dS0x232fS0x15e2	[0x1852, [0x2a84, nil]]
0x2cd7S0x232fS0x15e2	[0x1852, [0x2a84, nil]]
0x2cdbS0x232fS0x15e2	[0x1852, [0x2a84, nil]]
0x2d32S0x232fS0x15e2	[0x1852, [0x2a84, nil]]
0x2d33S0x232fS0x15e2	[0x1852, [0x2a84, nil]]
0x2d37S0x232fS0x15e2	[0x1852, [0x2a84, nil]]
0x2d38S0x232fS0x15e2	[0x1852, [0x2a84, nil]]
0x2da1S0x232fS0x15e2	[0x1852, [0x2a84, nil]]
0x2da2S0x232fS0x15e2	[0x1852, [0x2a84, nil]]
0x2da6S0x232fS0x15e2	[0x1852, [0x2a84, nil]]
0x2da7S0x232fS0x15e2	[0x1852, [0x2a84, nil]]
0x2dfdS0x232fS0x15e2	[0x1852, [0x2a84, nil]]
0x2e01S0x232fS0x15e2	[0x1852, [0x2a84, nil]]
0x2e03S0x232fS0x15e2	[0x1852, [0x2a84, nil]]
0x2e04S0x232fS0x15e2	[0x1852, [0x2a84, nil]]
0x2e06S0x232fS0x15e2	[0x1852, [0x2a84, nil]]
0x2e08S0x232fS0x15e2	[0x1852, [0x2a84, nil]]
0x2e09S0x232fS0x15e2	[0x1852, [0x2a84, nil]]
0x2e0cS0x232fS0x15e2	[0x1852, [0x2a84, nil]]
0x2e0eS0x232fS0x15e2	[0x1852, [0x2a84, nil]]
0x2e0fS0x232fS0x15e2	[0x1852, [0x2a84, nil]]
0x2e10S0x232fS0x15e2	[0x1852, [0x2a84, nil]]
0x2e8bS0x232fS0x15e2	[0x1852, [0x2a84, nil]]
0x2e9aS0x232fS0x15e2	[0x1852, [0x2a84, nil]]
0x2e9bS0x232fS0x15e2	[0x1852, [0x2a84, nil]]
0x2e9fS0x232fS0x15e2	[0x1852, [0x2a84, nil]]
0x2ea0S0x232fS0x15e2	[0x1852, [0x2a84, nil]]
0x2ee5S0x232fS0x15e2	[0x1852, [0x2a84, nil]]
0x2eebS0x232fS0x15e2	[0x1852, [0x2a84, nil]]
0x2eedS0x232fS0x15e2	[0x1852, [0x2a84, nil]]
0x2eefS0x232fS0x15e2	[0x1852, [0x2a84, nil]]
0x2ef1S0x232fS0x15e2	[0x1852, [0x2a84, nil]]
0x2ef2S0x232fS0x15e2	[0x1852, [0x2a84, nil]]
0x2ef3S0x232fS0x15e2	[0x1852, [0x2a84, nil]]
0x2ef4S0x232fS0x15e2	[0x1852, [0x2a84, nil]]
0x2ef9S0x232fS0x15e2	[0x1852, [0x2a84, nil]]
0x2efbS0x232fS0x15e2	[0x1852, [0x2a84, nil]]
0x2efdS0x232fS0x15e2	[0x1852, [0x2a84, nil]]
0x2f02S0x232fS0x15e2	[0x1852, [0x2a84, nil]]
0x2f03S0x232fS0x15e2	[0x1852, [0x2a84, nil]]
0x2f05S0x232fS0x15e2	[0x1852, [0x2a84, nil]]
0x2f08S0x232fS0x15e2	[0x1852, [0x2a84, nil]]
0x2f0aS0x232fS0x15e2	[0x1852, [0x2a84, nil]]
0x2f0bS0x232fS0x15e2	[0x1852, [0x2a84, nil]]
0x2f0dS0x232fS0x15e2	[0x1852, [0x2a84, nil]]
0x2f0fS0x232fS0x15e2	[0x1852, [0x2a84, nil]]
0x2f12S0x232fS0x15e2	[0x1852, [0x2a84, nil]]
0x2f15S0x232fS0x15e2	[0x1852, [0x2a84, nil]]
0x2f16S0x232fS0x15e2	[0x1852, [0x2a84, nil]]
0x2f17S0x232fS0x15e2	[0x1852, [0x2a84, nil]]
0x2f19S0x232fS0x15e2	[0x1852, [0x2a84, nil]]
0x2f1aS0x232fS0x15e2	[0x1852, [0x2a84, nil]]
0x2ee5_0x0S0x232fS0x15e2	[0x1852, [0x2a84, nil]]
0x2f1eS0x232fS0x15e2	[0x1852, [0x2a84, nil]]
0x2f1fS0x232fS0x15e2	[0x1852, [0x2a84, nil]]
0x2f23S0x232fS0x15e2	[0x1852, [0x2a84, nil]]
0x2f24S0x232fS0x15e2	[0x1852, [0x2a84, nil]]
0x2f8eS0x232fS0x15e2	[0x1852, [0x2a84, nil]]
0x2f8fS0x232fS0x15e2	[0x1852, [0x2a84, nil]]
0x2f93S0x232fS0x15e2	[0x1852, [0x2a84, nil]]
0x2f94S0x232fS0x15e2	[0x1852, [0x2a84, nil]]
0x308bS0x232fS0x15e2	[0x1852, [0x2a84, nil]]
0x308eS0x232fS0x15e2	[0x1852, [0x2a84, nil]]
0x3098S0x232fS0x15e2	[0x1852, [0x2a84, nil]]
0x309aS0x232fS0x15e2	[0x1852, [0x2a84, nil]]
0x309bS0x232fS0x15e2	[0x1852, [0x2a84, nil]]
0x309fS0x232fS0x15e2	[0x1852, [0x2a84, nil]]
0x30a1S0x232fS0x15e2	[0x1852, [0x2a84, nil]]
0x30a4S0x232fS0x15e2	[0x1852, [0x2a84, nil]]
0x30a6S0x232fS0x15e2	[0x1852, [0x2a84, nil]]
0x30a9S0x232fS0x15e2	[0x1852, [0x2a84, nil]]
0x30abS0x232fS0x15e2	[0x1852, [0x2a84, nil]]
0x30adS0x232fS0x15e2	[0x1852, [0x2a84, nil]]
0x30b0S0x232fS0x15e2	[0x1852, [0x2a84, nil]]
0x30b2S0x232fS0x15e2	[0x1852, [0x2a84, nil]]
0x30c7S0x232fS0x15e2	[0x1852, [0x2a84, nil]]
0x30c9S0x232fS0x15e2	[0x1852, [0x2a84, nil]]
0x30caS0x232fS0x15e2	[0x1852, [0x2a84, nil]]
0x30cdS0x232fS0x15e2	[0x1852, [0x2a84, nil]]
0x30cfS0x232fS0x15e2	[0x1852, [0x2a84, nil]]
0x30d1S0x232fS0x15e2	[0x1852, [0x2a84, nil]]
0x30d2S0x232fS0x15e2	[0x1852, [0x2a84, nil]]
0x3105S0x232fS0x15e2	[0x1852, [0x2a84, nil]]
0x3109S0x232fS0x15e2	[0x1852, [0x2a84, nil]]
0x310bS0x232fS0x15e2	[0x1852, [0x2a84, nil]]
0x310cS0x232fS0x15e2	[0x1852, [0x2a84, nil]]
0x310eS0x232fS0x15e2	[0x1852, [0x2a84, nil]]
0x3110S0x232fS0x15e2	[0x1852, [0x2a84, nil]]
0x3111S0x232fS0x15e2	[0x1852, [0x2a84, nil]]
0x3113S0x232fS0x15e2	[0x1852, [0x2a84, nil]]
0x3115S0x232fS0x15e2	[0x1852, [0x2a84, nil]]
0x3116S0x232fS0x15e2	[0x1852, [0x2a84, nil]]
0x3118S0x232fS0x15e2	[0x1852, [0x2a84, nil]]
0x311bS0x232fS0x15e2	[0x1852, [0x2a84, nil]]
0x315aS0x232fS0x15e2	[0x1852, [0x2a84, nil]]
0x315eS0x232fS0x15e2	[0x1852, [0x2a84, nil]]
0x3161S0x232fS0x15e2	[0x1852, [0x2a84, nil]]
0x31f9S0x232fS0x15e2	[0x1852, [0x2a84, nil]]
0x31fdS0x232fS0x15e2	[0x1852, [0x2a84, nil]]
0x31ffS0x232fS0x15e2	[0x1852, [0x2a84, nil]]
0x3201S0x232fS0x15e2	[0x1852, [0x2a84, nil]]
0x3203S0x232fS0x15e2	[0x1852, [0x2a84, nil]]
0x3205S0x232fS0x15e2	[0x1852, [0x2a84, nil]]
0x320aS0x232fS0x15e2	[0x1852, [0x2a84, nil]]
0x328fS0x232fS0x15e2	[0x1852, [0x2a84, nil]]
0x3293S0x232fS0x15e2	[0x1852, [0x2a84, nil]]
0x332fS0x232fS0x15e2	[0x1852, [0x2a84, nil]]
0x3333S0x232fS0x15e2	[0x1852, [0x2a84, nil]]
0x3335S0x232fS0x15e2	[0x1852, [0x2a84, nil]]
0x3337S0x232fS0x15e2	[0x1852, [0x2a84, nil]]
0x3339S0x232fS0x15e2	[0x1852, [0x2a84, nil]]
0x333bS0x232fS0x15e2	[0x1852, [0x2a84, nil]]
0x3340S0x232fS0x15e2	[0x1852, [0x2a84, nil]]
0x3351S0x232fS0x15e2	[0x1852, [0x2a84, nil]]
0x3354S0x232fS0x15e2	[0x1852, [0x2a84, nil]]
0x3355S0x232fS0x15e2	[0x1852, [0x2a84, nil]]
0x335aS0x232fS0x15e2	[0x1852, [0x2a84, nil]]
0x335cS0x232fS0x15e2	[0x1852, [0x2a84, nil]]
0x335fS0x232fS0x15e2	[0x1852, [0x2a84, nil]]
0x3362S0x232fS0x15e2	[0x1852, [0x2a84, nil]]
0x3363S0x232fS0x15e2	[0x1852, [0x2a84, nil]]
0x3364S0x232fS0x15e2	[0x1852, [0x2a84, nil]]
0x3366S0x232fS0x15e2	[0x1852, [0x2a84, nil]]
0x3367S0x232fS0x15e2	[0x1852, [0x2a84, nil]]
0x336aS0x232fS0x15e2	[0x1852, [0x2a84, nil]]
0x336bS0x232fS0x15e2	[0x1852, [0x2a84, nil]]
0x336cS0x232fS0x15e2	[0x1852, [0x2a84, nil]]
0x3370S0x232fS0x15e2	[0x1852, [0x2a84, nil]]
0x3373S0x232fS0x15e2	[0x1852, [0x2a84, nil]]
0x337dS0x232fS0x15e2	[0x1852, [0x2a84, nil]]
0x337fS0x232fS0x15e2	[0x1852, [0x2a84, nil]]
0x3380S0x232fS0x15e2	[0x1852, [0x2a84, nil]]
0x3384S0x232fS0x15e2	[0x1852, [0x2a84, nil]]
0x3386S0x232fS0x15e2	[0x1852, [0x2a84, nil]]
0x3389S0x232fS0x15e2	[0x1852, [0x2a84, nil]]
0x338bS0x232fS0x15e2	[0x1852, [0x2a84, nil]]
0x338eS0x232fS0x15e2	[0x1852, [0x2a84, nil]]
0x3390S0x232fS0x15e2	[0x1852, [0x2a84, nil]]
0x3392S0x232fS0x15e2	[0x1852, [0x2a84, nil]]
0x3395S0x232fS0x15e2	[0x1852, [0x2a84, nil]]
0x3397S0x232fS0x15e2	[0x1852, [0x2a84, nil]]
0x33acS0x232fS0x15e2	[0x1852, [0x2a84, nil]]
0x33aeS0x232fS0x15e2	[0x1852, [0x2a84, nil]]
0x33afS0x232fS0x15e2	[0x1852, [0x2a84, nil]]
0x33b2S0x232fS0x15e2	[0x1852, [0x2a84, nil]]
0x33b4S0x232fS0x15e2	[0x1852, [0x2a84, nil]]
0x33b6S0x232fS0x15e2	[0x1852, [0x2a84, nil]]
0x33b7S0x232fS0x15e2	[0x1852, [0x2a84, nil]]
0x3439S0x232fS0x15e2	[0x1852, [0x2a84, nil]]
0x343eS0x232fS0x15e2	[0x1852, [0x2a84, nil]]
0x343fS0x232fS0x15e2	[0x1852, [0x2a84, nil]]
0x3440S0x232fS0x15e2	[0x1852, [0x2a84, nil]]
0x3444S0x232fS0x15e2	[0x1852, [0x2a84, nil]]
0x3446S0x232fS0x15e2	[0x1852, [0x2a84, nil]]
0x3448S0x232fS0x15e2	[0x1852, [0x2a84, nil]]
0x3488S0x232fS0x15e2	[0x1852, [0x2a84, nil]]
0x348aS0x232fS0x15e2	[0x1852, [0x2a84, nil]]
0x348bS0x232fS0x15e2	[0x1852, [0x2a84, nil]]
0x348fS0x232fS0x15e2	[0x1852, [0x2a84, nil]]
0x3491S0x232fS0x15e2	[0x1852, [0x2a84, nil]]
0x3494S0x232fS0x15e2	[0x1852, [0x2a84, nil]]
0x3496S0x232fS0x15e2	[0x1852, [0x2a84, nil]]
0x3499S0x232fS0x15e2	[0x1852, [0x2a84, nil]]
0x349bS0x232fS0x15e2	[0x1852, [0x2a84, nil]]
0x349dS0x232fS0x15e2	[0x1852, [0x2a84, nil]]
0x34a0S0x232fS0x15e2	[0x1852, [0x2a84, nil]]
0x34a2S0x232fS0x15e2	[0x1852, [0x2a84, nil]]
0x34b9S0x232fS0x15e2	[0x1852, [0x2a84, nil]]
0x34bbS0x232fS0x15e2	[0x1852, [0x2a84, nil]]
0x34bcS0x232fS0x15e2	[0x1852, [0x2a84, nil]]
0x34bfS0x232fS0x15e2	[0x1852, [0x2a84, nil]]
0x34c1S0x232fS0x15e2	[0x1852, [0x2a84, nil]]
0x34c3S0x232fS0x15e2	[0x1852, [0x2a84, nil]]
0x34c4S0x232fS0x15e2	[0x1852, [0x2a84, nil]]
0x352aS0x232fS0x15e2	[0x1852, [0x2a84, nil]]
0x352eS0x232fS0x15e2	[0x1852, [0x2a84, nil]]
0x3531S0x232fS0x15e2	[0x1852, [0x2a84, nil]]
0x3eeaS0x232fS0x15e2	[0x1852, [0x2a84, nil]]
0x3eeeS0x232fS0x15e2	[0x1852, [0x2a84, nil]]
0x3ef0S0x232fS0x15e2	[0x1852, [0x2a84, nil]]
0x3ef1S0x232fS0x15e2	[0x1852, [0x2a84, nil]]
0x3ef3S0x232fS0x15e2	[0x1852, [0x2a84, nil]]
0x3ef5S0x232fS0x15e2	[0x1852, [0x2a84, nil]]
0x3ef6S0x232fS0x15e2	[0x1852, [0x2a84, nil]]
0x3ef7S0x232fS0x15e2	[0x1852, [0x2a84, nil]]
0x3ef9S0x232fS0x15e2	[0x1852, [0x2a84, nil]]
0x3efbS0x232fS0x15e2	[0x1852, [0x2a84, nil]]
0x3efcS0x232fS0x15e2	[0x1852, [0x2a84, nil]]
0x3efdS0x232fS0x15e2	[0x1852, [0x2a84, nil]]
0x3f4dS0x232fS0x15e2	[0x1852, [0x2a84, nil]]
0x3f5cS0x232fS0x15e2	[0x1852, [0x2a84, nil]]
0x3f5dS0x232fS0x15e2	[0x1852, [0x2a84, nil]]
0x3f61S0x232fS0x15e2	[0x1852, [0x2a84, nil]]
0x3f62S0x232fS0x15e2	[0x1852, [0x2a84, nil]]
0x3f9dS0x232fS0x15e2	[0x1852, [0x2a84, nil]]
0x3f9fS0x232fS0x15e2	[0x1852, [0x2a84, nil]]
0x3fa2S0x232fS0x15e2	[0x1852, [0x2a84, nil]]
0x3fa4S0x232fS0x15e2	[0x1852, [0x2a84, nil]]
0x3fa5S0x232fS0x15e2	[0x1852, [0x2a84, nil]]
0x3fa7S0x232fS0x15e2	[0x1852, [0x2a84, nil]]
0x3fa8S0x232fS0x15e2	[0x1852, [0x2a84, nil]]
0x3fa9S0x232fS0x15e2	[0x1852, [0x2a84, nil]]
0x3fabS0x232fS0x15e2	[0x1852, [0x2a84, nil]]
0x3facS0x232fS0x15e2	[0x1852, [0x2a84, nil]]
0x3fafS0x232fS0x15e2	[0x1852, [0x2a84, nil]]
0x3fb2S0x232fS0x15e2	[0x1852, [0x2a84, nil]]
0x3fb3S0x232fS0x15e2	[0x1852, [0x2a84, nil]]
0x3fb5S0x232fS0x15e2	[0x1852, [0x2a84, nil]]
0x3fb8S0x232fS0x15e2	[0x1852, [0x2a84, nil]]
0x3fbaS0x232fS0x15e2	[0x1852, [0x2a84, nil]]
0x3fcdS0x232fS0x15e2	[0x1852, [0x2a84, nil]]
0x3fcfS0x232fS0x15e2	[0x1852, [0x2a84, nil]]
0x3fd0S0x232fS0x15e2	[0x1852, [0x2a84, nil]]
0x3fd4S0x232fS0x15e2	[0x1852, [0x2a84, nil]]
0x3fd6S0x232fS0x15e2	[0x1852, [0x2a84, nil]]
0x3fd9S0x232fS0x15e2	[0x1852, [0x2a84, nil]]
0x3fdbS0x232fS0x15e2	[0x1852, [0x2a84, nil]]
0x3fdeS0x232fS0x15e2	[0x1852, [0x2a84, nil]]
0x3fe0S0x232fS0x15e2	[0x1852, [0x2a84, nil]]
0x3fe2S0x232fS0x15e2	[0x1852, [0x2a84, nil]]
0x3fe5S0x232fS0x15e2	[0x1852, [0x2a84, nil]]
0x3fe7S0x232fS0x15e2	[0x1852, [0x2a84, nil]]
0x4008S0x232fS0x15e2	[0x1852, [0x2a84, nil]]
0x400bS0x232fS0x15e2	[0x1852, [0x2a84, nil]]
0x400dS0x232fS0x15e2	[0x1852, [0x2a84, nil]]
0x400fS0x232fS0x15e2	[0x1852, [0x2a84, nil]]
0x4010S0x232fS0x15e2	[0x1852, [0x2a84, nil]]
0x402cS0x232fS0x15e2	[0x1852, [0x2a84, nil]]
0x402eS0x232fS0x15e2	[0x1852, [0x2a84, nil]]
0x402fS0x232fS0x15e2	[0x1852, [0x2a84, nil]]
0x4033S0x232fS0x15e2	[0x1852, [0x2a84, nil]]
0x4035S0x232fS0x15e2	[0x1852, [0x2a84, nil]]
0x4038S0x232fS0x15e2	[0x1852, [0x2a84, nil]]
0x403aS0x232fS0x15e2	[0x1852, [0x2a84, nil]]
0x403dS0x232fS0x15e2	[0x1852, [0x2a84, nil]]
0x403fS0x232fS0x15e2	[0x1852, [0x2a84, nil]]
0x4041S0x232fS0x15e2	[0x1852, [0x2a84, nil]]
0x4044S0x232fS0x15e2	[0x1852, [0x2a84, nil]]
0x4046S0x232fS0x15e2	[0x1852, [0x2a84, nil]]
0x405dS0x232fS0x15e2	[0x1852, [0x2a84, nil]]
0x405fS0x232fS0x15e2	[0x1852, [0x2a84, nil]]
0x4060S0x232fS0x15e2	[0x1852, [0x2a84, nil]]
0x4063S0x232fS0x15e2	[0x1852, [0x2a84, nil]]
0x4065S0x232fS0x15e2	[0x1852, [0x2a84, nil]]
0x4067S0x232fS0x15e2	[0x1852, [0x2a84, nil]]
0x4068S0x232fS0x15e2	[0x1852, [0x2a84, nil]]
0x40abS0x232fS0x15e2	[0x1852, [0x2a84, nil]]
0x40baS0x232fS0x15e2	[0x1852, [0x2a84, nil]]
0x40bbS0x232fS0x15e2	[0x1852, [0x2a84, nil]]
0x40bfS0x232fS0x15e2	[0x1852, [0x2a84, nil]]
0x40c0S0x232fS0x15e2	[0x1852, [0x2a84, nil]]
0x57dcS0x232fS0x15e2	[0x1852, [0x2a84, nil]]
0x594bS0x232fS0x15e2	[0x1852, [0x2a84, nil]]
0x596aS0x232fS0x15e2	[0x1852, [0x2a84, nil]]
0x596dS0x232fS0x15e2	[0x1852, [0x2a84, nil]]
0x59c6S0x232fS0x15e2	[0x1852, [0x2a84, nil]]
0x59e5S0x232fS0x15e2	[0x1852, [0x2a84, nil]]
0x59e8S0x232fS0x15e2	[0x1852, [0x2a84, nil]]
0x2a85S0x232fS0x15e2	[0x1852, [0x2a84, nil]]
0x2a88S0x232fS0x15e2	[0x1852, [0x2a84, nil]]
0x2a89S0x232fS0x15e2	[0x1852, [0x2a84, nil]]
0x2a8dS0x232fS0x15e2	[0x1852, [0x2a84, nil]]
0x2a90S0x232fS0x15e2	[0x1852, [0x2a84, nil]]
0x2a95S0x232fS0x15e2	[0x1852, [0x2a84, nil]]
0x2a98S0x232fS0x15e2	[0x1852, [0x2a84, nil]]
0x2a9eS0x232fS0x15e2	[0x1852, [0x2a84, nil]]
0x2aa3S0x232fS0x15e2	[0x1852, [0x2a84, nil]]
0x2aa5S0x232fS0x15e2	[0x1852, [0x2a84, nil]]
0x2aa6S0x232fS0x15e2	[0x1852, [0x2a84, nil]]
0x2aa8S0x232fS0x15e2	[0x1852, [0x2a84, nil]]
0x2aaaS0x232fS0x15e2	[0x1852, [0x2a84, nil]]
0x2aabS0x232fS0x15e2	[0x1852, [0x2a84, nil]]
0x2aaeS0x232fS0x15e2	[0x1852, [0x2a84, nil]]
0x2ab0S0x232fS0x15e2	[0x1852, [0x2a84, nil]]
0x2ab5S0x232fS0x15e2	[0x1852, [0x2a84, nil]]
0x2ab7S0x232fS0x15e2	[0x1852, [0x2a84, nil]]
0x2ab8S0x232fS0x15e2	[0x1852, [0x2a84, nil]]
0x2abaS0x232fS0x15e2	[0x1852, [0x2a84, nil]]
0x2abbS0x232fS0x15e2	[0x1852, [0x2a84, nil]]
0x2abfS0x232fS0x15e2	[0x1852, [0x2a84, nil]]
0x2ac0S0x232fS0x15e2	[0x1852, [0x2a84, nil]]
0x2ac4S0x232fS0x15e2	[0x1852, [0x2a84, nil]]
0x2ac8S0x232fS0x15e2	[0x1852, [0x2a84, nil]]
0x2acaS0x232fS0x15e2	[0x1852, [0x2a84, nil]]
0x2accS0x232fS0x15e2	[0x1852, [0x2a84, nil]]
0x2acdS0x232fS0x15e2	[0x1852, [0x2a84, nil]]
0x2aceS0x232fS0x15e2	[0x1852, [0x2a84, nil]]
0x2acfS0x232fS0x15e2	[0x1852, [0x2a84, nil]]
0x2b97S0x232fS0x15e2	[0x1852, [0x2a84, nil]]
0x2b99S0x232fS0x15e2	[0x1852, [0x2a84, nil]]
0x2b9aS0x232fS0x15e2	[0x1852, [0x2a84, nil]]
0x2b9dS0x232fS0x15e2	[0x1852, [0x2a84, nil]]
0x2b9fS0x232fS0x15e2	[0x1852, [0x2a84, nil]]
0x2ba0S0x232fS0x15e2	[0x1852, [0x2a84, nil]]
0x2ba3S0x232fS0x15e2	[0x1852, [0x2a84, nil]]
0x2ba7S0x232fS0x15e2	[0x1852, [0x2a84, nil]]
0x2ba9S0x232fS0x15e2	[0x1852, [0x2a84, nil]]
0x2baaS0x232fS0x15e2	[0x1852, [0x2a84, nil]]
0x2bacS0x232fS0x15e2	[0x1852, [0x2a84, nil]]
0x2badS0x232fS0x15e2	[0x1852, [0x2a84, nil]]
0x2bb1S0x232fS0x15e2	[0x1852, [0x2a84, nil]]
0x2bb2S0x232fS0x15e2	[0x1852, [0x2a84, nil]]
0x2bb6S0x232fS0x15e2	[0x1852, [0x2a84, nil]]
0x2bbaS0x232fS0x15e2	[0x1852, [0x2a84, nil]]
0x2bbcS0x232fS0x15e2	[0x1852, [0x2a84, nil]]
0x2bbeS0x232fS0x15e2	[0x1852, [0x2a84, nil]]
0x2bbfS0x232fS0x15e2	[0x1852, [0x2a84, nil]]
0x2bc0S0x232fS0x15e2	[0x1852, [0x2a84, nil]]
0x2bc2S0x232fS0x15e2	[0x1852, [0x2a84, nil]]
0x2aeaS0x232fS0x15e2	[0x1852, [0x2a84, nil]]
0x2aebS0x232fS0x15e2	[0x1852, [0x2a84, nil]]
0x2aeeS0x232fS0x15e2	[0x1852, [0x2a84, nil]]
0x2aefS0x232fS0x15e2	[0x1852, [0x2a84, nil]]
0x2af0S0x232fS0x15e2	[0x1852, [0x2a84, nil]]
0x2af4S0x232fS0x15e2	[0x1852, [0x2a84, nil]]
0x2af5S0x232fS0x15e2	[0x1852, [0x2a84, nil]]
0x2af6S0x232fS0x15e2	[0x1852, [0x2a84, nil]]
0x2af9S0x232fS0x15e2	[0x1852, [0x2a84, nil]]
0x2afaS0x232fS0x15e2	[0x1852, [0x2a84, nil]]
0x2afbS0x232fS0x15e2	[0x1852, [0x2a84, nil]]
0x2afeS0x232fS0x15e2	[0x1852, [0x2a84, nil]]
0x2affS0x232fS0x15e2	[0x1852, [0x2a84, nil]]
0x2b00S0x232fS0x15e2	[0x1852, [0x2a84, nil]]
0x2b03S0x232fS0x15e2	[0x1852, [0x2a84, nil]]
0x2b04S0x232fS0x15e2	[0x1852, [0x2a84, nil]]
0x2b05S0x232fS0x15e2	[0x1852, [0x2a84, nil]]
0x2b08S0x232fS0x15e2	[0x1852, [0x2a84, nil]]
0x2b09S0x232fS0x15e2	[0x1852, [0x2a84, nil]]
0x2b0bS0x232fS0x15e2	[0x1852, [0x2a84, nil]]
0x2b0cS0x232fS0x15e2	[0x1852, [0x2a84, nil]]
0x2b11S0x232fS0x15e2	[0x1852, [0x2a84, nil]]
0x2b13S0x232fS0x15e2	[0x1852, [0x2a84, nil]]
0x2b16S0x232fS0x15e2	[0x1852, [0x2a84, nil]]
0x2b18S0x232fS0x15e2	[0x1852, [0x2a84, nil]]
0x2b1aS0x232fS0x15e2	[0x1852, [0x2a84, nil]]
0x2b1cS0x232fS0x15e2	[0x1852, [0x2a84, nil]]
0x2b1dS0x232fS0x15e2	[0x1852, [0x2a84, nil]]
0x2b20S0x232fS0x15e2	[0x1852, [0x2a84, nil]]
0x2b21S0x232fS0x15e2	[0x1852, [0x2a84, nil]]
0x2b24S0x232fS0x15e2	[0x1852, [0x2a84, nil]]
0x2b26S0x232fS0x15e2	[0x1852, [0x2a84, nil]]
0x2b27S0x232fS0x15e2	[0x1852, [0x2a84, nil]]
0x2b2aS0x232fS0x15e2	[0x1852, [0x2a84, nil]]
0x2b2cS0x232fS0x15e2	[0x1852, [0x2a84, nil]]
0x2b2fS0x232fS0x15e2	[0x1852, [0x2a84, nil]]
0x2b34S0x232fS0x15e2	[0x1852, [0x2a84, nil]]
0x2b37S0x232fS0x15e2	[0x1852, [0x2a84, nil]]
0x2b3cS0x232fS0x15e2	[0x1852, [0x2a84, nil]]
0x2b3eS0x232fS0x15e2	[0x1852, [0x2a84, nil]]
0x2b3fS0x232fS0x15e2	[0x1852, [0x2a84, nil]]
0x2b42S0x232fS0x15e2	[0x1852, [0x2a84, nil]]
0x2b44S0x232fS0x15e2	[0x1852, [0x2a84, nil]]
0x2b47S0x232fS0x15e2	[0x1852, [0x2a84, nil]]
0x2b49S0x232fS0x15e2	[0x1852, [0x2a84, nil]]
0x2b4cS0x232fS0x15e2	[0x1852, [0x2a84, nil]]
0x2b54S0x232fS0x15e2	[0x1852, [0x2a84, nil]]
0x2b56S0x232fS0x15e2	[0x1852, [0x2a84, nil]]
0x2b5cS0x232fS0x15e2	[0x1852, [0x2a84, nil]]
0x2b5eS0x232fS0x15e2	[0x1852, [0x2a84, nil]]
0x2b5fS0x232fS0x15e2	[0x1852, [0x2a84, nil]]
0x2b61S0x232fS0x15e2	[0x1852, [0x2a84, nil]]
0x2b63S0x232fS0x15e2	[0x1852, [0x2a84, nil]]
0x2b66S0x232fS0x15e2	[0x1852, [0x2a84, nil]]
0x2b68S0x232fS0x15e2	[0x1852, [0x2a84, nil]]
0x2b6cS0x232fS0x15e2	[0x1852, [0x2a84, nil]]
0x2b6dS0x232fS0x15e2	[0x1852, [0x2a84, nil]]
0x2b6fS0x232fS0x15e2	[0x1852, [0x2a84, nil]]
0x2b70S0x232fS0x15e2	[0x1852, [0x2a84, nil]]
0x57cfS0x232fS0x15e2	[0x1852, [0x2a84, nil]]
0x57d1S0x232fS0x15e2	[0x1852, [0x2a84, nil]]
0x57d5S0x232fS0x15e2	[0x1852, [0x2a84, nil]]
0x57d6S0x232fS0x15e2	[0x1852, [0x2a84, nil]]
0x57d7S0x232fS0x15e2	[0x1852, [0x2a84, nil]]
0x57d8S0x232fS0x15e2	[0x1852, [0x2a84, nil]]
0x2b7aS0x232fS0x15e2	[0x1852, [0x2a84, nil]]
0x2b7bS0x232fS0x15e2	[0x1852, [0x2a84, nil]]
0x2b7cS0x232fS0x15e2	[0x1852, [0x2a84, nil]]
0x2b7eS0x232fS0x15e2	[0x1852, [0x2a84, nil]]
0x2b7fS0x232fS0x15e2	[0x1852, [0x2a84, nil]]
0x2b92S0x232fS0x15e2	[0x1852, [0x2a84, nil]]
0x2bf3S0x232fS0x15e2	[0x1852, [0x2a84, nil]]
0x2bf1_0x0S0x232fS0x15e2	[0x1852, [0x2a84, nil]]
0x2c23S0x232fS0x15e2	[0x1852, [0x2a84, nil]]
0x2c24S0x232fS0x15e2	[0x1852, [0x2a84, nil]]
0x2c22_0x0S0x232fS0x15e2	[0x1852, [0x2a84, nil]]
0x319aS0x232fS0x15e2	[0x1852, [0x2a84, nil]]
0x319cS0x232fS0x15e2	[0x1852, [0x2a84, nil]]
0x319dS0x232fS0x15e2	[0x1852, [0x2a84, nil]]
0x319fS0x232fS0x15e2	[0x1852, [0x2a84, nil]]
0x31a1S0x232fS0x15e2	[0x1852, [0x2a84, nil]]
0x31a2S0x232fS0x15e2	[0x1852, [0x2a84, nil]]
0x31a5S0x232fS0x15e2	[0x1852, [0x2a84, nil]]
0x31a9S0x232fS0x15e2	[0x1852, [0x2a84, nil]]
0x31abS0x232fS0x15e2	[0x1852, [0x2a84, nil]]
0x31acS0x232fS0x15e2	[0x1852, [0x2a84, nil]]
0x31aeS0x232fS0x15e2	[0x1852, [0x2a84, nil]]
0x31afS0x232fS0x15e2	[0x1852, [0x2a84, nil]]
0x31b3S0x232fS0x15e2	[0x1852, [0x2a84, nil]]
0x31b4S0x232fS0x15e2	[0x1852, [0x2a84, nil]]
0x31b8S0x232fS0x15e2	[0x1852, [0x2a84, nil]]
0x31bcS0x232fS0x15e2	[0x1852, [0x2a84, nil]]
0x31beS0x232fS0x15e2	[0x1852, [0x2a84, nil]]
0x31c0S0x232fS0x15e2	[0x1852, [0x2a84, nil]]
0x31c1S0x232fS0x15e2	[0x1852, [0x2a84, nil]]
0x31c2S0x232fS0x15e2	[0x1852, [0x2a84, nil]]
0x31c4S0x232fS0x15e2	[0x1852, [0x2a84, nil]]
0x2c41S0x232fS0x15e2	[0x1852, [0x2a84, nil]]
0x2c42S0x232fS0x15e2	[0x1852, [0x2a84, nil]]
0x2c43S0x232fS0x15e2	[0x1852, [0x2a84, nil]]
0x2c45S0x232fS0x15e2	[0x1852, [0x2a84, nil]]
0x2c46S0x232fS0x15e2	[0x1852, [0x2a84, nil]]
0x306dS0x232fS0x15e2	[0x1852, [0x2a84, nil]]
0x306fS0x232fS0x15e2	[0x1852, [0x2a84, nil]]
0x3070S0x232fS0x15e2	[0x1852, [0x2a84, nil]]
0x3075S0x232fS0x15e2	[0x1852, [0x2a84, nil]]
0x3077S0x232fS0x15e2	[0x1852, [0x2a84, nil]]
0x307aS0x232fS0x15e2	[0x1852, [0x2a84, nil]]
0x307dS0x232fS0x15e2	[0x1852, [0x2a84, nil]]
0x307eS0x232fS0x15e2	[0x1852, [0x2a84, nil]]
0x307fS0x232fS0x15e2	[0x1852, [0x2a84, nil]]
0x3081S0x232fS0x15e2	[0x1852, [0x2a84, nil]]
0x3082S0x232fS0x15e2	[0x1852, [0x2a84, nil]]
0x3085S0x232fS0x15e2	[0x1852, [0x2a84, nil]]
0x3086S0x232fS0x15e2	[0x1852, [0x2a84, nil]]
0x3087S0x232fS0x15e2	[0x1852, [0x2a84, nil]]
0x2c62S0x232fS0x15e2	[0x1852, [0x2a84, nil]]
0x2c64S0x232fS0x15e2	[0x1852, [0x2a84, nil]]
0x2c66S0x232fS0x15e2	[0x1852, [0x2a84, nil]]
0x2c68S0x232fS0x15e2	[0x1852, [0x2a84, nil]]
0x2c69S0x232fS0x15e2	[0x1852, [0x2a84, nil]]
0x2c6cS0x232fS0x15e2	[0x1852, [0x2a84, nil]]
0x2c6dS0x232fS0x15e2	[0x1852, [0x2a84, nil]]
0x2c70S0x232fS0x15e2	[0x1852, [0x2a84, nil]]
0x2c75S0x232fS0x15e2	[0x1852, [0x2a84, nil]]
0x2c76S0x232fS0x15e2	[0x1852, [0x2a84, nil]]
0x2c79S0x232fS0x15e2	[0x1852, [0x2a84, nil]]
0x2c7bS0x232fS0x15e2	[0x1852, [0x2a84, nil]]
0x2c7eS0x232fS0x15e2	[0x1852, [0x2a84, nil]]
0x2c83S0x232fS0x15e2	[0x1852, [0x2a84, nil]]
0x2c86S0x232fS0x15e2	[0x1852, [0x2a84, nil]]
0x2c87S0x232fS0x15e2	[0x1852, [0x2a84, nil]]
0x2c88S0x232fS0x15e2	[0x1852, [0x2a84, nil]]
0x2c8bS0x232fS0x15e2	[0x1852, [0x2a84, nil]]
0x2c8cS0x232fS0x15e2	[0x1852, [0x2a84, nil]]
0x2c8dS0x232fS0x15e2	[0x1852, [0x2a84, nil]]
0x2c93S0x232fS0x15e2	[0x1852, [0x2a84, nil]]
0x2c96S0x232fS0x15e2	[0x1852, [0x2a84, nil]]
0x2c98S0x232fS0x15e2	[0x1852, [0x2a84, nil]]
0x2c9aS0x232fS0x15e2	[0x1852, [0x2a84, nil]]
0x2c9cS0x232fS0x15e2	[0x1852, [0x2a84, nil]]
0x2c9eS0x232fS0x15e2	[0x1852, [0x2a84, nil]]
0x2c9fS0x232fS0x15e2	[0x1852, [0x2a84, nil]]
0x2ca0S0x232fS0x15e2	[0x1852, [0x2a84, nil]]
0x2ca1S0x232fS0x15e2	[0x1852, [0x2a84, nil]]
0x2ca4S0x232fS0x15e2	[0x1852, [0x2a84, nil]]
0x2ca6S0x232fS0x15e2	[0x1852, [0x2a84, nil]]
0x2ca8S0x232fS0x15e2	[0x1852, [0x2a84, nil]]
0x2ca9S0x232fS0x15e2	[0x1852, [0x2a84, nil]]
0x2cacS0x232fS0x15e2	[0x1852, [0x2a84, nil]]
0x2caeS0x232fS0x15e2	[0x1852, [0x2a84, nil]]
0x2cafS0x232fS0x15e2	[0x1852, [0x2a84, nil]]
0x2cb2S0x232fS0x15e2	[0x1852, [0x2a84, nil]]
0x2cb4S0x232fS0x15e2	[0x1852, [0x2a84, nil]]
0x2cb9S0x232fS0x15e2	[0x1852, [0x2a84, nil]]
0x2cbbS0x232fS0x15e2	[0x1852, [0x2a84, nil]]
0x2cbcS0x232fS0x15e2	[0x1852, [0x2a84, nil]]
0x2cbeS0x232fS0x15e2	[0x1852, [0x2a84, nil]]
0x2cbfS0x232fS0x15e2	[0x1852, [0x2a84, nil]]
0x2cc3S0x232fS0x15e2	[0x1852, [0x2a84, nil]]
0x2cc4S0x232fS0x15e2	[0x1852, [0x2a84, nil]]
0x2cc8S0x232fS0x15e2	[0x1852, [0x2a84, nil]]
0x2cccS0x232fS0x15e2	[0x1852, [0x2a84, nil]]
0x2cceS0x232fS0x15e2	[0x1852, [0x2a84, nil]]
0x2cd0S0x232fS0x15e2	[0x1852, [0x2a84, nil]]
0x2cd1S0x232fS0x15e2	[0x1852, [0x2a84, nil]]
0x2cd2S0x232fS0x15e2	[0x1852, [0x2a84, nil]]
0x2cd3S0x232fS0x15e2	[0x1852, [0x2a84, nil]]
0x2ce5S0x232fS0x15e2	[0x1852, [0x2a84, nil]]
0x2ce8S0x232fS0x15e2	[0x1852, [0x2a84, nil]]
0x2ce9S0x232fS0x15e2	[0x1852, [0x2a84, nil]]
0x2cebS0x232fS0x15e2	[0x1852, [0x2a84, nil]]
0x2cecS0x232fS0x15e2	[0x1852, [0x2a84, nil]]
0x2cf1S0x232fS0x15e2	[0x1852, [0x2a84, nil]]
0x2cf3S0x232fS0x15e2	[0x1852, [0x2a84, nil]]
0x2cf6S0x232fS0x15e2	[0x1852, [0x2a84, nil]]
0x2cf8S0x232fS0x15e2	[0x1852, [0x2a84, nil]]
0x2cfaS0x232fS0x15e2	[0x1852, [0x2a84, nil]]
0x2cfcS0x232fS0x15e2	[0x1852, [0x2a84, nil]]
0x2cfdS0x232fS0x15e2	[0x1852, [0x2a84, nil]]
0x2cfeS0x232fS0x15e2	[0x1852, [0x2a84, nil]]
0x2cffS0x232fS0x15e2	[0x1852, [0x2a84, nil]]
0x2d02S0x232fS0x15e2	[0x1852, [0x2a84, nil]]
0x2d07S0x232fS0x15e2	[0x1852, [0x2a84, nil]]
0x2d0aS0x232fS0x15e2	[0x1852, [0x2a84, nil]]
0x2d0cS0x232fS0x15e2	[0x1852, [0x2a84, nil]]
0x2d0eS0x232fS0x15e2	[0x1852, [0x2a84, nil]]
0x2d10S0x232fS0x15e2	[0x1852, [0x2a84, nil]]
0x2d11S0x232fS0x15e2	[0x1852, [0x2a84, nil]]
0x2d14S0x232fS0x15e2	[0x1852, [0x2a84, nil]]
0x2d16S0x232fS0x15e2	[0x1852, [0x2a84, nil]]
0x2d1cS0x232fS0x15e2	[0x1852, [0x2a84, nil]]
0x2d1eS0x232fS0x15e2	[0x1852, [0x2a84, nil]]
0x2d1fS0x232fS0x15e2	[0x1852, [0x2a84, nil]]
0x2d21S0x232fS0x15e2	[0x1852, [0x2a84, nil]]
0x2d23S0x232fS0x15e2	[0x1852, [0x2a84, nil]]
0x2d26S0x232fS0x15e2	[0x1852, [0x2a84, nil]]
0x2d29S0x232fS0x15e2	[0x1852, [0x2a84, nil]]
0x2d2aS0x232fS0x15e2	[0x1852, [0x2a84, nil]]
0x2d2bS0x232fS0x15e2	[0x1852, [0x2a84, nil]]
0x2d2dS0x232fS0x15e2	[0x1852, [0x2a84, nil]]
0x2d2eS0x232fS0x15e2	[0x1852, [0x2a84, nil]]
0x2ce0S0x232fS0x15e2	[0x1852, [0x2a84, nil]]
0x2eabS0x232fS0x15e2	[0x1852, [0x2a84, nil]]
0x2eadS0x232fS0x15e2	[0x1852, [0x2a84, nil]]
0x2eaeS0x232fS0x15e2	[0x1852, [0x2a84, nil]]
0x2eb2S0x232fS0x15e2	[0x1852, [0x2a84, nil]]
0x2eb4S0x232fS0x15e2	[0x1852, [0x2a84, nil]]
0x2eb5S0x232fS0x15e2	[0x1852, [0x2a84, nil]]
0x2eb7S0x232fS0x15e2	[0x1852, [0x2a84, nil]]
0x2eb8S0x232fS0x15e2	[0x1852, [0x2a84, nil]]
0x2ebcS0x232fS0x15e2	[0x1852, [0x2a84, nil]]
0x2ebfS0x232fS0x15e2	[0x1852, [0x2a84, nil]]
0x2ec1S0x232fS0x15e2	[0x1852, [0x2a84, nil]]
0x2ec4S0x232fS0x15e2	[0x1852, [0x2a84, nil]]
0x2ec6S0x232fS0x15e2	[0x1852, [0x2a84, nil]]
0x2d40S0x232fS0x15e2	[0x1852, [0x2a84, nil]]
0x2d42S0x232fS0x15e2	[0x1852, [0x2a84, nil]]
0x2d43S0x232fS0x15e2	[0x1852, [0x2a84, nil]]
0x2d44S0x232fS0x15e2	[0x1852, [0x2a84, nil]]
0x2d46S0x232fS0x15e2	[0x1852, [0x2a84, nil]]
0x2d47S0x232fS0x15e2	[0x1852, [0x2a84, nil]]
0x2d4aS0x232fS0x15e2	[0x1852, [0x2a84, nil]]
0x2d4bS0x232fS0x15e2	[0x1852, [0x2a84, nil]]
0x2d4dS0x232fS0x15e2	[0x1852, [0x2a84, nil]]
0x2d4fS0x232fS0x15e2	[0x1852, [0x2a84, nil]]
0x2d54S0x232fS0x15e2	[0x1852, [0x2a84, nil]]
0x2d56S0x232fS0x15e2	[0x1852, [0x2a84, nil]]
0x2d5bS0x232fS0x15e2	[0x1852, [0x2a84, nil]]
0x2d61S0x232fS0x15e2	[0x1852, [0x2a84, nil]]
0x2d62S0x232fS0x15e2	[0x1852, [0x2a84, nil]]
0x2d64S0x232fS0x15e2	[0x1852, [0x2a84, nil]]
0x2d65S0x232fS0x15e2	[0x1852, [0x2a84, nil]]
0x2d6aS0x232fS0x15e2	[0x1852, [0x2a84, nil]]
0x2d6cS0x232fS0x15e2	[0x1852, [0x2a84, nil]]
0x2d6fS0x232fS0x15e2	[0x1852, [0x2a84, nil]]
0x2d71S0x232fS0x15e2	[0x1852, [0x2a84, nil]]
0x2d73S0x232fS0x15e2	[0x1852, [0x2a84, nil]]
0x2d75S0x232fS0x15e2	[0x1852, [0x2a84, nil]]
0x2d76S0x232fS0x15e2	[0x1852, [0x2a84, nil]]
0x2d79S0x232fS0x15e2	[0x1852, [0x2a84, nil]]
0x2d7aS0x232fS0x15e2	[0x1852, [0x2a84, nil]]
0x2d7dS0x232fS0x15e2	[0x1852, [0x2a84, nil]]
0x2d83S0x232fS0x15e2	[0x1852, [0x2a84, nil]]
0x2d85S0x232fS0x15e2	[0x1852, [0x2a84, nil]]
0x2d8bS0x232fS0x15e2	[0x1852, [0x2a84, nil]]
0x2d8dS0x232fS0x15e2	[0x1852, [0x2a84, nil]]
0x2d8eS0x232fS0x15e2	[0x1852, [0x2a84, nil]]
0x2d90S0x232fS0x15e2	[0x1852, [0x2a84, nil]]
0x2d92S0x232fS0x15e2	[0x1852, [0x2a84, nil]]
0x2d95S0x232fS0x15e2	[0x1852, [0x2a84, nil]]
0x2d98S0x232fS0x15e2	[0x1852, [0x2a84, nil]]
0x2d99S0x232fS0x15e2	[0x1852, [0x2a84, nil]]
0x2d9aS0x232fS0x15e2	[0x1852, [0x2a84, nil]]
0x2d9cS0x232fS0x15e2	[0x1852, [0x2a84, nil]]
0x2d9dS0x232fS0x15e2	[0x1852, [0x2a84, nil]]
0x2dafS0x232fS0x15e2	[0x1852, [0x2a84, nil]]
0x2db1S0x232fS0x15e2	[0x1852, [0x2a84, nil]]
0x2db2S0x232fS0x15e2	[0x1852, [0x2a84, nil]]
0x2db3S0x232fS0x15e2	[0x1852, [0x2a84, nil]]
0x2db5S0x232fS0x15e2	[0x1852, [0x2a84, nil]]
0x2db6S0x232fS0x15e2	[0x1852, [0x2a84, nil]]
0x2db9S0x232fS0x15e2	[0x1852, [0x2a84, nil]]
0x2dbaS0x232fS0x15e2	[0x1852, [0x2a84, nil]]
0x2dbcS0x232fS0x15e2	[0x1852, [0x2a84, nil]]
0x2dbeS0x232fS0x15e2	[0x1852, [0x2a84, nil]]
0x2dc3S0x232fS0x15e2	[0x1852, [0x2a84, nil]]
0x2dc5S0x232fS0x15e2	[0x1852, [0x2a84, nil]]
0x2dcaS0x232fS0x15e2	[0x1852, [0x2a84, nil]]
0x2dd1S0x232fS0x15e2	[0x1852, [0x2a84, nil]]
0x2dd3S0x232fS0x15e2	[0x1852, [0x2a84, nil]]
0x2dd5S0x232fS0x15e2	[0x1852, [0x2a84, nil]]
0x2dd7S0x232fS0x15e2	[0x1852, [0x2a84, nil]]
0x2dd8S0x232fS0x15e2	[0x1852, [0x2a84, nil]]
0x2ddaS0x232fS0x15e2	[0x1852, [0x2a84, nil]]
0x2ddbS0x232fS0x15e2	[0x1852, [0x2a84, nil]]
0x2ddcS0x232fS0x15e2	[0x1852, [0x2a84, nil]]
0x2e2aS0x232fS0x15e2	[0x1852, [0x2a84, nil]]
0x2b430S0x232fS0x15e2	[0x1852, [0x2a84, nil]]
0x2e15S0x232fS0x15e2	[0x1852, [0x2a84, nil]]
0x2e17S0x232fS0x15e2	[0x1852, [0x2a84, nil]]
0x2e19S0x232fS0x15e2	[0x1852, [0x2a84, nil]]
0x2e1bS0x232fS0x15e2	[0x1852, [0x2a84, nil]]
0x2e1cS0x232fS0x15e2	[0x1852, [0x2a84, nil]]
0x2e1eS0x232fS0x15e2	[0x1852, [0x2a84, nil]]
0x2e1fS0x232fS0x15e2	[0x1852, [0x2a84, nil]]
0x2e22S0x232fS0x15e2	[0x1852, [0x2a84, nil]]
0x2e24S0x232fS0x15e2	[0x1852, [0x2a84, nil]]
0x2e2fS0x232fS0x15e2	[0x1852, [0x2a84, nil]]
0x2e31S0x232fS0x15e2	[0x1852, [0x2a84, nil]]
0x2e33S0x232fS0x15e2	[0x1852, [0x2a84, nil]]
0x2e35S0x232fS0x15e2	[0x1852, [0x2a84, nil]]
0x2e36S0x232fS0x15e2	[0x1852, [0x2a84, nil]]
0x2e37S0x232fS0x15e2	[0x1852, [0x2a84, nil]]
0x2e38S0x232fS0x15e2	[0x1852, [0x2a84, nil]]
0x2e3eS0x232fS0x15e2	[0x1852, [0x2a84, nil]]
0x2e40S0x232fS0x15e2	[0x1852, [0x2a84, nil]]
0x2e41S0x232fS0x15e2	[0x1852, [0x2a84, nil]]
0x2e43S0x232fS0x15e2	[0x1852, [0x2a84, nil]]
0x2e45S0x232fS0x15e2	[0x1852, [0x2a84, nil]]
0x2e46S0x232fS0x15e2	[0x1852, [0x2a84, nil]]
0x2e48S0x232fS0x15e2	[0x1852, [0x2a84, nil]]
0x2e4aS0x232fS0x15e2	[0x1852, [0x2a84, nil]]
0x2e4bS0x232fS0x15e2	[0x1852, [0x2a84, nil]]
0x2e4dS0x232fS0x15e2	[0x1852, [0x2a84, nil]]
0x2e4fS0x232fS0x15e2	[0x1852, [0x2a84, nil]]
0x2e50S0x232fS0x15e2	[0x1852, [0x2a84, nil]]
0x2e52S0x232fS0x15e2	[0x1852, [0x2a84, nil]]
0x2e54S0x232fS0x15e2	[0x1852, [0x2a84, nil]]
0x2e55S0x232fS0x15e2	[0x1852, [0x2a84, nil]]
0x2e56S0x232fS0x15e2	[0x1852, [0x2a84, nil]]
0x2e58S0x232fS0x15e2	[0x1852, [0x2a84, nil]]
0x2e5aS0x232fS0x15e2	[0x1852, [0x2a84, nil]]
0x2e5fS0x232fS0x15e2	[0x1852, [0x2a84, nil]]
0x2e60S0x232fS0x15e2	[0x1852, [0x2a84, nil]]
0x2e62S0x232fS0x15e2	[0x1852, [0x2a84, nil]]
0x2e65S0x232fS0x15e2	[0x1852, [0x2a84, nil]]
0x2e67S0x232fS0x15e2	[0x1852, [0x2a84, nil]]
0x2e68S0x232fS0x15e2	[0x1852, [0x2a84, nil]]
0x2e71S0x232fS0x15e2	[0x1852, [0x2a84, nil]]
0x2e76S0x232fS0x15e2	[0x1852, [0x2a84, nil]]
0x2e78S0x232fS0x15e2	[0x1852, [0x2a84, nil]]
0x2e7aS0x232fS0x15e2	[0x1852, [0x2a84, nil]]
0x2e7dS0x232fS0x15e2	[0x1852, [0x2a84, nil]]
0x2e7fS0x232fS0x15e2	[0x1852, [0x2a84, nil]]
0x2e83S0x232fS0x15e2	[0x1852, [0x2a84, nil]]
0x2e84S0x232fS0x15e2	[0x1852, [0x2a84, nil]]
0x2e86S0x232fS0x15e2	[0x1852, [0x2a84, nil]]
0x2e87S0x232fS0x15e2	[0x1852, [0x2a84, nil]]
0x2e91S0x232fS0x15e2	[0x1852, [0x2a84, nil]]
0x2e92S0x232fS0x15e2	[0x1852, [0x2a84, nil]]
0x2e93S0x232fS0x15e2	[0x1852, [0x2a84, nil]]
0x2e95S0x232fS0x15e2	[0x1852, [0x2a84, nil]]
0x2e96S0x232fS0x15e2	[0x1852, [0x2a84, nil]]
0x2be30S0x232fS0x15e2	[0x1852, [0x2a84, nil]]
0x2ecaS0x232fS0x15e2	[0x1852, [0x2a84, nil]]
0x2eccS0x232fS0x15e2	[0x1852, [0x2a84, nil]]
0x2ecdS0x232fS0x15e2	[0x1852, [0x2a84, nil]]
0x2ed1S0x232fS0x15e2	[0x1852, [0x2a84, nil]]
0x2ed2S0x232fS0x15e2	[0x1852, [0x2a84, nil]]
0x2ed6S0x232fS0x15e2	[0x1852, [0x2a84, nil]]
0x2edaS0x232fS0x15e2	[0x1852, [0x2a84, nil]]
0x2edcS0x232fS0x15e2	[0x1852, [0x2a84, nil]]
0x2edeS0x232fS0x15e2	[0x1852, [0x2a84, nil]]
0x2edfS0x232fS0x15e2	[0x1852, [0x2a84, nil]]
0x2ee0S0x232fS0x15e2	[0x1852, [0x2a84, nil]]
0x2ee1S0x232fS0x15e2	[0x1852, [0x2a84, nil]]
0x2fd0S0x232fS0x15e2	[0x1852, [0x2a84, nil]]
0x2fd2S0x232fS0x15e2	[0x1852, [0x2a84, nil]]
0x2fd4S0x232fS0x15e2	[0x1852, [0x2a84, nil]]
0x2fd6S0x232fS0x15e2	[0x1852, [0x2a84, nil]]
0x2fd7S0x232fS0x15e2	[0x1852, [0x2a84, nil]]
0x2fd8S0x232fS0x15e2	[0x1852, [0x2a84, nil]]
0x2fd9S0x232fS0x15e2	[0x1852, [0x2a84, nil]]
0x2fdaS0x232fS0x15e2	[0x1852, [0x2a84, nil]]
0x2fddS0x232fS0x15e2	[0x1852, [0x2a84, nil]]
0x2c830S0x232fS0x15e2	[0x1852, [0x2a84, nil]]
0x2f2cS0x232fS0x15e2	[0x1852, [0x2a84, nil]]
0x2f2eS0x232fS0x15e2	[0x1852, [0x2a84, nil]]
0x2f2fS0x232fS0x15e2	[0x1852, [0x2a84, nil]]
0x2f30S0x232fS0x15e2	[0x1852, [0x2a84, nil]]
0x2f32S0x232fS0x15e2	[0x1852, [0x2a84, nil]]
0x2f33S0x232fS0x15e2	[0x1852, [0x2a84, nil]]
0x2f36S0x232fS0x15e2	[0x1852, [0x2a84, nil]]
0x2f37S0x232fS0x15e2	[0x1852, [0x2a84, nil]]
0x2f39S0x232fS0x15e2	[0x1852, [0x2a84, nil]]
0x2f3bS0x232fS0x15e2	[0x1852, [0x2a84, nil]]
0x2f40S0x232fS0x15e2	[0x1852, [0x2a84, nil]]
0x2f42S0x232fS0x15e2	[0x1852, [0x2a84, nil]]
0x2f47S0x232fS0x15e2	[0x1852, [0x2a84, nil]]
0x2f4cS0x232fS0x15e2	[0x1852, [0x2a84, nil]]
0x2f4eS0x232fS0x15e2	[0x1852, [0x2a84, nil]]
0x2f50S0x232fS0x15e2	[0x1852, [0x2a84, nil]]
0x2f52S0x232fS0x15e2	[0x1852, [0x2a84, nil]]
0x2f53S0x232fS0x15e2	[0x1852, [0x2a84, nil]]
0x2f56S0x232fS0x15e2	[0x1852, [0x2a84, nil]]
0x2f59S0x232fS0x15e2	[0x1852, [0x2a84, nil]]
0x2f5cS0x232fS0x15e2	[0x1852, [0x2a84, nil]]
0x2f5dS0x232fS0x15e2	[0x1852, [0x2a84, nil]]
0x2f62S0x232fS0x15e2	[0x1852, [0x2a84, nil]]
0x2f64S0x232fS0x15e2	[0x1852, [0x2a84, nil]]
0x2f68S0x232fS0x15e2	[0x1852, [0x2a84, nil]]
0x2f6bS0x232fS0x15e2	[0x1852, [0x2a84, nil]]
0x2f6dS0x232fS0x15e2	[0x1852, [0x2a84, nil]]
0x2f73S0x232fS0x15e2	[0x1852, [0x2a84, nil]]
0x2f77S0x232fS0x15e2	[0x1852, [0x2a84, nil]]
0x2f79S0x232fS0x15e2	[0x1852, [0x2a84, nil]]
0x2f81S0x232fS0x15e2	[0x1852, [0x2a84, nil]]
0x2f82S0x232fS0x15e2	[0x1852, [0x2a84, nil]]
0x2f85S0x232fS0x15e2	[0x1852, [0x2a84, nil]]
0x2f86S0x232fS0x15e2	[0x1852, [0x2a84, nil]]
0x2f87S0x232fS0x15e2	[0x1852, [0x2a84, nil]]
0x2f89S0x232fS0x15e2	[0x1852, [0x2a84, nil]]
0x2f8aS0x232fS0x15e2	[0x1852, [0x2a84, nil]]
0x2f4b_0x1S0x232fS0x15e2	[0x1852, [0x2a84, nil]]
0x2f9cS0x232fS0x15e2	[0x1852, [0x2a84, nil]]
0x2f9eS0x232fS0x15e2	[0x1852, [0x2a84, nil]]
0x2f9fS0x232fS0x15e2	[0x1852, [0x2a84, nil]]
0x2fa0S0x232fS0x15e2	[0x1852, [0x2a84, nil]]
0x2fa2S0x232fS0x15e2	[0x1852, [0x2a84, nil]]
0x2fa3S0x232fS0x15e2	[0x1852, [0x2a84, nil]]
0x2fa6S0x232fS0x15e2	[0x1852, [0x2a84, nil]]
0x2fa7S0x232fS0x15e2	[0x1852, [0x2a84, nil]]
0x2fa9S0x232fS0x15e2	[0x1852, [0x2a84, nil]]
0x2fabS0x232fS0x15e2	[0x1852, [0x2a84, nil]]
0x2fb0S0x232fS0x15e2	[0x1852, [0x2a84, nil]]
0x2fb2S0x232fS0x15e2	[0x1852, [0x2a84, nil]]
0x2fb7S0x232fS0x15e2	[0x1852, [0x2a84, nil]]
0x2fbcS0x232fS0x15e2	[0x1852, [0x2a84, nil]]
0x2fbeS0x232fS0x15e2	[0x1852, [0x2a84, nil]]
0x2fc0S0x232fS0x15e2	[0x1852, [0x2a84, nil]]
0x2fc2S0x232fS0x15e2	[0x1852, [0x2a84, nil]]
0x2fc3S0x232fS0x15e2	[0x1852, [0x2a84, nil]]
0x2fc4S0x232fS0x15e2	[0x1852, [0x2a84, nil]]
0x2fc5S0x232fS0x15e2	[0x1852, [0x2a84, nil]]
0x2fc8S0x232fS0x15e2	[0x1852, [0x2a84, nil]]
0x2fcbS0x232fS0x15e2	[0x1852, [0x2a84, nil]]
0x2fe1S0x232fS0x15e2	[0x1852, [0x2a84, nil]]
0x2fe3S0x232fS0x15e2	[0x1852, [0x2a84, nil]]
0x2fe4S0x232fS0x15e2	[0x1852, [0x2a84, nil]]
0x2fe6S0x232fS0x15e2	[0x1852, [0x2a84, nil]]
0x2fe7S0x232fS0x15e2	[0x1852, [0x2a84, nil]]
0x2fedS0x232fS0x15e2	[0x1852, [0x2a84, nil]]
0x2feeS0x232fS0x15e2	[0x1852, [0x2a84, nil]]
0x2ff0S0x232fS0x15e2	[0x1852, [0x2a84, nil]]
0x2ff2S0x232fS0x15e2	[0x1852, [0x2a84, nil]]
0x2ff4S0x232fS0x15e2	[0x1852, [0x2a84, nil]]
0x2ff5S0x232fS0x15e2	[0x1852, [0x2a84, nil]]
0x2ff8S0x232fS0x15e2	[0x1852, [0x2a84, nil]]
0x2ffbS0x232fS0x15e2	[0x1852, [0x2a84, nil]]
0x2fffS0x232fS0x15e2	[0x1852, [0x2a84, nil]]
0x3000S0x232fS0x15e2	[0x1852, [0x2a84, nil]]
0x3003S0x232fS0x15e2	[0x1852, [0x2a84, nil]]
0x3005S0x232fS0x15e2	[0x1852, [0x2a84, nil]]
0x3009S0x232fS0x15e2	[0x1852, [0x2a84, nil]]
0x300aS0x232fS0x15e2	[0x1852, [0x2a84, nil]]
0x300cS0x232fS0x15e2	[0x1852, [0x2a84, nil]]
0x300fS0x232fS0x15e2	[0x1852, [0x2a84, nil]]
0x3011S0x232fS0x15e2	[0x1852, [0x2a84, nil]]
0x3015S0x232fS0x15e2	[0x1852, [0x2a84, nil]]
0x3016S0x232fS0x15e2	[0x1852, [0x2a84, nil]]
0x3018S0x232fS0x15e2	[0x1852, [0x2a84, nil]]
0x301bS0x232fS0x15e2	[0x1852, [0x2a84, nil]]
0x301dS0x232fS0x15e2	[0x1852, [0x2a84, nil]]
0x3021S0x232fS0x15e2	[0x1852, [0x2a84, nil]]
0x3022S0x232fS0x15e2	[0x1852, [0x2a84, nil]]
0x3023S0x232fS0x15e2	[0x1852, [0x2a84, nil]]
0x3025S0x232fS0x15e2	[0x1852, [0x2a84, nil]]
0x3027S0x232fS0x15e2	[0x1852, [0x2a84, nil]]
0x3029S0x232fS0x15e2	[0x1852, [0x2a84, nil]]
0x302aS0x232fS0x15e2	[0x1852, [0x2a84, nil]]
0x302dS0x232fS0x15e2	[0x1852, [0x2a84, nil]]
0x3030S0x232fS0x15e2	[0x1852, [0x2a84, nil]]
0x3035S0x232fS0x15e2	[0x1852, [0x2a84, nil]]
0x3039S0x232fS0x15e2	[0x1852, [0x2a84, nil]]
0x303aS0x232fS0x15e2	[0x1852, [0x2a84, nil]]
0x303dS0x232fS0x15e2	[0x1852, [0x2a84, nil]]
0x3040S0x232fS0x15e2	[0x1852, [0x2a84, nil]]
0x3042S0x232fS0x15e2	[0x1852, [0x2a84, nil]]
0x3046S0x232fS0x15e2	[0x1852, [0x2a84, nil]]
0x3047S0x232fS0x15e2	[0x1852, [0x2a84, nil]]
0x3048S0x232fS0x15e2	[0x1852, [0x2a84, nil]]
0x304bS0x232fS0x15e2	[0x1852, [0x2a84, nil]]
0x3050S0x232fS0x15e2	[0x1852, [0x2a84, nil]]
0x3052S0x232fS0x15e2	[0x1852, [0x2a84, nil]]
0x3056S0x232fS0x15e2	[0x1852, [0x2a84, nil]]
0x3058S0x232fS0x15e2	[0x1852, [0x2a84, nil]]
0x3059S0x232fS0x15e2	[0x1852, [0x2a84, nil]]
0x305dS0x232fS0x15e2	[0x1852, [0x2a84, nil]]
0x305eS0x232fS0x15e2	[0x1852, [0x2a84, nil]]
0x3062S0x232fS0x15e2	[0x1852, [0x2a84, nil]]
0x3068S0x232fS0x15e2	[0x1852, [0x2a84, nil]]
0xffd23S0x232fS0x15e2	[0x1852, [0x2a84, nil]]
0x3093S0x232fS0x15e2	[0x1852, [0x2a84, nil]]
0x3094S0x232fS0x15e2	[0x1852, [0x2a84, nil]]
0xbd28S0x232fS0x15e2	[0x1852, [0x2a84, nil]]
0xbd2dS0x232fS0x15e2	[0x1852, [0x2a84, nil]]
0xbd2fS0x232fS0x15e2	[0x1852, [0x2a84, nil]]
0xbd30S0x232fS0x15e2	[0x1852, [0x2a84, nil]]
0xbd33S0x232fS0x15e2	[0x1852, [0x2a84, nil]]
0xbd35S0x232fS0x15e2	[0x1852, [0x2a84, nil]]
0xbd38S0x232fS0x15e2	[0x1852, [0x2a84, nil]]
0xbd3aS0x232fS0x15e2	[0x1852, [0x2a84, nil]]
0x30d7S0x232fS0x15e2	[0x1852, [0x2a84, nil]]
0x30d9S0x232fS0x15e2	[0x1852, [0x2a84, nil]]
0x30daS0x232fS0x15e2	[0x1852, [0x2a84, nil]]
0x30dfS0x232fS0x15e2	[0x1852, [0x2a84, nil]]
0x30e1S0x232fS0x15e2	[0x1852, [0x2a84, nil]]
0x30e4S0x232fS0x15e2	[0x1852, [0x2a84, nil]]
0x30e7S0x232fS0x15e2	[0x1852, [0x2a84, nil]]
0x30e9S0x232fS0x15e2	[0x1852, [0x2a84, nil]]
0x30eaS0x232fS0x15e2	[0x1852, [0x2a84, nil]]
0x30ecS0x232fS0x15e2	[0x1852, [0x2a84, nil]]
0x30edS0x232fS0x15e2	[0x1852, [0x2a84, nil]]
0x30eeS0x232fS0x15e2	[0x1852, [0x2a84, nil]]
0x30f0S0x232fS0x15e2	[0x1852, [0x2a84, nil]]
0x30f3S0x232fS0x15e2	[0x1852, [0x2a84, nil]]
0x30f6S0x232fS0x15e2	[0x1852, [0x2a84, nil]]
0x30f7S0x232fS0x15e2	[0x1852, [0x2a84, nil]]
0x30f8S0x232fS0x15e2	[0x1852, [0x2a84, nil]]
0x30faS0x232fS0x15e2	[0x1852, [0x2a84, nil]]
0x30fcS0x232fS0x15e2	[0x1852, [0x2a84, nil]]
0x30feS0x232fS0x15e2	[0x1852, [0x2a84, nil]]
0x30ffS0x232fS0x15e2	[0x1852, [0x2a84, nil]]
0x3100S0x232fS0x15e2	[0x1852, [0x2a84, nil]]
0x3101S0x232fS0x15e2	[0x1852, [0x2a84, nil]]
0xbd5dS0x232fS0x15e2	[0x1852, [0x2a84, nil]]
0xbd5fS0x232fS0x15e2	[0x1852, [0x2a84, nil]]
0xbd62S0x232fS0x15e2	[0x1852, [0x2a84, nil]]
0x312cS0x232fS0x15e2	[0x1852, [0x2a84, nil]]
0x312eS0x232fS0x15e2	[0x1852, [0x2a84, nil]]
0x312fS0x232fS0x15e2	[0x1852, [0x2a84, nil]]
0x3132S0x232fS0x15e2	[0x1852, [0x2a84, nil]]
0x3134S0x232fS0x15e2	[0x1852, [0x2a84, nil]]
0x3135S0x232fS0x15e2	[0x1852, [0x2a84, nil]]
0x3138S0x232fS0x15e2	[0x1852, [0x2a84, nil]]
0x313cS0x232fS0x15e2	[0x1852, [0x2a84, nil]]
0x313eS0x232fS0x15e2	[0x1852, [0x2a84, nil]]
0x313fS0x232fS0x15e2	[0x1852, [0x2a84, nil]]
0x3141S0x232fS0x15e2	[0x1852, [0x2a84, nil]]
0x3142S0x232fS0x15e2	[0x1852, [0x2a84, nil]]
0x3146S0x232fS0x15e2	[0x1852, [0x2a84, nil]]
0x3147S0x232fS0x15e2	[0x1852, [0x2a84, nil]]
0x314bS0x232fS0x15e2	[0x1852, [0x2a84, nil]]
0x314fS0x232fS0x15e2	[0x1852, [0x2a84, nil]]
0x3151S0x232fS0x15e2	[0x1852, [0x2a84, nil]]
0x3153S0x232fS0x15e2	[0x1852, [0x2a84, nil]]
0x3154S0x232fS0x15e2	[0x1852, [0x2a84, nil]]
0x3155S0x232fS0x15e2	[0x1852, [0x2a84, nil]]
0x3156S0x232fS0x15e2	[0x1852, [0x2a84, nil]]
0x311dS0x232fS0x15e2	[0x1852, [0x2a84, nil]]
0x311fS0x232fS0x15e2	[0x1852, [0x2a84, nil]]
0x3121S0x232fS0x15e2	[0x1852, [0x2a84, nil]]
0x3123S0x232fS0x15e2	[0x1852, [0x2a84, nil]]
0x3124S0x232fS0x15e2	[0x1852, [0x2a84, nil]]
0x3125S0x232fS0x15e2	[0x1852, [0x2a84, nil]]
0x3126S0x232fS0x15e2	[0x1852, [0x2a84, nil]]
0x3129S0x232fS0x15e2	[0x1852, [0x2a84, nil]]
0x2d230S0x232fS0x15e2	[0x1852, [0x2a84, nil]]
0x3168S0x232fS0x15e2	[0x1852, [0x2a84, nil]]
0x316cS0x232fS0x15e2	[0x1852, [0x2a84, nil]]
0x316fS0x232fS0x15e2	[0x1852, [0x2a84, nil]]
0x3163S0x232fS0x15e2	[0x1852, [0x2a84, nil]]
0x3173S0x232fS0x15e2	[0x1852, [0x2a84, nil]]
0x3176S0x232fS0x15e2	[0x1852, [0x2a84, nil]]
0x3177S0x232fS0x15e2	[0x1852, [0x2a84, nil]]
0x3178S0x232fS0x15e2	[0x1852, [0x2a84, nil]]
0x317aS0x232fS0x15e2	[0x1852, [0x2a84, nil]]
0x317cS0x232fS0x15e2	[0x1852, [0x2a84, nil]]
0x317eS0x232fS0x15e2	[0x1852, [0x2a84, nil]]
0x317fS0x232fS0x15e2	[0x1852, [0x2a84, nil]]
0x3182S0x232fS0x15e2	[0x1852, [0x2a84, nil]]
0x3183S0x232fS0x15e2	[0x1852, [0x2a84, nil]]
0x3186S0x232fS0x15e2	[0x1852, [0x2a84, nil]]
0x3188S0x232fS0x15e2	[0x1852, [0x2a84, nil]]
0x318bS0x232fS0x15e2	[0x1852, [0x2a84, nil]]
0x318cS0x232fS0x15e2	[0x1852, [0x2a84, nil]]
0x318dS0x232fS0x15e2	[0x1852, [0x2a84, nil]]
0x318eS0x232fS0x15e2	[0x1852, [0x2a84, nil]]
0x3191S0x232fS0x15e2	[0x1852, [0x2a84, nil]]
0x2dc30S0x232fS0x15e2	[0x1852, [0x2a84, nil]]
0x3170_0x0S0x232fS0x15e2	[0x1852, [0x2a84, nil]]
0x31f4S0x232fS0x15e2	[0x1852, [0x2a84, nil]]
0x31f5S0x232fS0x15e2	[0x1852, [0x2a84, nil]]
0x31f3_0x0S0x232fS0x15e2	[0x1852, [0x2a84, nil]]
0x32cfS0x232fS0x15e2	[0x1852, [0x2a84, nil]]
0x32d1S0x232fS0x15e2	[0x1852, [0x2a84, nil]]
0x32d2S0x232fS0x15e2	[0x1852, [0x2a84, nil]]
0x32d5S0x232fS0x15e2	[0x1852, [0x2a84, nil]]
0x32d7S0x232fS0x15e2	[0x1852, [0x2a84, nil]]
0x32d8S0x232fS0x15e2	[0x1852, [0x2a84, nil]]
0x32dbS0x232fS0x15e2	[0x1852, [0x2a84, nil]]
0x32dfS0x232fS0x15e2	[0x1852, [0x2a84, nil]]
0x32e1S0x232fS0x15e2	[0x1852, [0x2a84, nil]]
0x32e2S0x232fS0x15e2	[0x1852, [0x2a84, nil]]
0x32e4S0x232fS0x15e2	[0x1852, [0x2a84, nil]]
0x32e5S0x232fS0x15e2	[0x1852, [0x2a84, nil]]
0x32e9S0x232fS0x15e2	[0x1852, [0x2a84, nil]]
0x32eaS0x232fS0x15e2	[0x1852, [0x2a84, nil]]
0x32eeS0x232fS0x15e2	[0x1852, [0x2a84, nil]]
0x32f2S0x232fS0x15e2	[0x1852, [0x2a84, nil]]
0x32f4S0x232fS0x15e2	[0x1852, [0x2a84, nil]]
0x32f6S0x232fS0x15e2	[0x1852, [0x2a84, nil]]
0x32f7S0x232fS0x15e2	[0x1852, [0x2a84, nil]]
0x32f8S0x232fS0x15e2	[0x1852, [0x2a84, nil]]
0x32faS0x232fS0x15e2	[0x1852, [0x2a84, nil]]
0x3211S0x232fS0x15e2	[0x1852, [0x2a84, nil]]
0x3213S0x232fS0x15e2	[0x1852, [0x2a84, nil]]
0x3217S0x232fS0x15e2	[0x1852, [0x2a84, nil]]
0x3219S0x232fS0x15e2	[0x1852, [0x2a84, nil]]
0x321aS0x232fS0x15e2	[0x1852, [0x2a84, nil]]
0x321cS0x232fS0x15e2	[0x1852, [0x2a84, nil]]
0x321eS0x232fS0x15e2	[0x1852, [0x2a84, nil]]
0x321fS0x232fS0x15e2	[0x1852, [0x2a84, nil]]
0x3220S0x232fS0x15e2	[0x1852, [0x2a84, nil]]
0x3223S0x232fS0x15e2	[0x1852, [0x2a84, nil]]
0x593eS0x232fS0x15e2	[0x1852, [0x2a84, nil]]
0x5940S0x232fS0x15e2	[0x1852, [0x2a84, nil]]
0x5944S0x232fS0x15e2	[0x1852, [0x2a84, nil]]
0x5945S0x232fS0x15e2	[0x1852, [0x2a84, nil]]
0x5946S0x232fS0x15e2	[0x1852, [0x2a84, nil]]
0x5947S0x232fS0x15e2	[0x1852, [0x2a84, nil]]
0x3228S0x232fS0x15e2	[0x1852, [0x2a84, nil]]
0x322aS0x232fS0x15e2	[0x1852, [0x2a84, nil]]
0x322cS0x232fS0x15e2	[0x1852, [0x2a84, nil]]
0x322eS0x232fS0x15e2	[0x1852, [0x2a84, nil]]
0x322fS0x232fS0x15e2	[0x1852, [0x2a84, nil]]
0x3232S0x232fS0x15e2	[0x1852, [0x2a84, nil]]
0x3233S0x232fS0x15e2	[0x1852, [0x2a84, nil]]
0x3236S0x232fS0x15e2	[0x1852, [0x2a84, nil]]
0x3238S0x232fS0x15e2	[0x1852, [0x2a84, nil]]
0x323bS0x232fS0x15e2	[0x1852, [0x2a84, nil]]
0x3240S0x232fS0x15e2	[0x1852, [0x2a84, nil]]
0x3243S0x232fS0x15e2	[0x1852, [0x2a84, nil]]
0x3244S0x232fS0x15e2	[0x1852, [0x2a84, nil]]
0x3248S0x232fS0x15e2	[0x1852, [0x2a84, nil]]
0x324dS0x232fS0x15e2	[0x1852, [0x2a84, nil]]
0x324fS0x232fS0x15e2	[0x1852, [0x2a84, nil]]
0x3252S0x232fS0x15e2	[0x1852, [0x2a84, nil]]
0x3254S0x232fS0x15e2	[0x1852, [0x2a84, nil]]
0x3256S0x232fS0x15e2	[0x1852, [0x2a84, nil]]
0x3258S0x232fS0x15e2	[0x1852, [0x2a84, nil]]
0x325aS0x232fS0x15e2	[0x1852, [0x2a84, nil]]
0x325bS0x232fS0x15e2	[0x1852, [0x2a84, nil]]
0x325cS0x232fS0x15e2	[0x1852, [0x2a84, nil]]
0x325dS0x232fS0x15e2	[0x1852, [0x2a84, nil]]
0x3260S0x232fS0x15e2	[0x1852, [0x2a84, nil]]
0x3262S0x232fS0x15e2	[0x1852, [0x2a84, nil]]
0x3264S0x232fS0x15e2	[0x1852, [0x2a84, nil]]
0x3265S0x232fS0x15e2	[0x1852, [0x2a84, nil]]
0x3267S0x232fS0x15e2	[0x1852, [0x2a84, nil]]
0x3269S0x232fS0x15e2	[0x1852, [0x2a84, nil]]
0x326aS0x232fS0x15e2	[0x1852, [0x2a84, nil]]
0x326dS0x232fS0x15e2	[0x1852, [0x2a84, nil]]
0x3271S0x232fS0x15e2	[0x1852, [0x2a84, nil]]
0x3273S0x232fS0x15e2	[0x1852, [0x2a84, nil]]
0x3274S0x232fS0x15e2	[0x1852, [0x2a84, nil]]
0x3276S0x232fS0x15e2	[0x1852, [0x2a84, nil]]
0x3277S0x232fS0x15e2	[0x1852, [0x2a84, nil]]
0x327bS0x232fS0x15e2	[0x1852, [0x2a84, nil]]
0x327cS0x232fS0x15e2	[0x1852, [0x2a84, nil]]
0x3280S0x232fS0x15e2	[0x1852, [0x2a84, nil]]
0x3284S0x232fS0x15e2	[0x1852, [0x2a84, nil]]
0x3286S0x232fS0x15e2	[0x1852, [0x2a84, nil]]
0x3288S0x232fS0x15e2	[0x1852, [0x2a84, nil]]
0x3289S0x232fS0x15e2	[0x1852, [0x2a84, nil]]
0x328aS0x232fS0x15e2	[0x1852, [0x2a84, nil]]
0x328bS0x232fS0x15e2	[0x1852, [0x2a84, nil]]
0x329dS0x232fS0x15e2	[0x1852, [0x2a84, nil]]
0x32a1S0x232fS0x15e2	[0x1852, [0x2a84, nil]]
0x3298S0x232fS0x15e2	[0x1852, [0x2a84, nil]]
0x3ed3S0x232fS0x15e2	[0x1852, [0x2a84, nil]]
0x3ed6S0x232fS0x15e2	[0x1852, [0x2a84, nil]]
0x3ed7S0x232fS0x15e2	[0x1852, [0x2a84, nil]]
0x3ed8S0x232fS0x15e2	[0x1852, [0x2a84, nil]]
0x3edbS0x232fS0x15e2	[0x1852, [0x2a84, nil]]
0x3eddS0x232fS0x15e2	[0x1852, [0x2a84, nil]]
0x3edfS0x232fS0x15e2	[0x1852, [0x2a84, nil]]
0x3ee1S0x232fS0x15e2	[0x1852, [0x2a84, nil]]
0x3ee2S0x232fS0x15e2	[0x1852, [0x2a84, nil]]
0x3ee3S0x232fS0x15e2	[0x1852, [0x2a84, nil]]
0x3ee4S0x232fS0x15e2	[0x1852, [0x2a84, nil]]
0x3ee5S0x232fS0x15e2	[0x1852, [0x2a84, nil]]
0x3ee6S0x232fS0x15e2	[0x1852, [0x2a84, nil]]
0xffd75S0x232fS0x15e2	[0x1852, [0x2a84, nil]]
0xffd77S0x232fS0x15e2	[0x1852, [0x2a84, nil]]
0xffd78S0x232fS0x15e2	[0x1852, [0x2a84, nil]]
0xffd79S0x232fS0x15e2	[0x1852, [0x2a84, nil]]
0xffd7bS0x232fS0x15e2	[0x1852, [0x2a84, nil]]
0xffd7dS0x232fS0x15e2	[0x1852, [0x2a84, nil]]
0xffd7fS0x232fS0x15e2	[0x1852, [0x2a84, nil]]
0xffd80S0x232fS0x15e2	[0x1852, [0x2a84, nil]]
0xffd83S0x232fS0x15e2	[0x1852, [0x2a84, nil]]
0xffd84S0x232fS0x15e2	[0x1852, [0x2a84, nil]]
0xffd87S0x232fS0x15e2	[0x1852, [0x2a84, nil]]
0xffd89S0x232fS0x15e2	[0x1852, [0x2a84, nil]]
0xffd8dS0x232fS0x15e2	[0x1852, [0x2a84, nil]]
0xffd8eS0x232fS0x15e2	[0x1852, [0x2a84, nil]]
0xffd91S0x232fS0x15e2	[0x1852, [0x2a84, nil]]
0xffd94S0x232fS0x15e2	[0x1852, [0x2a84, nil]]
0xffd96S0x232fS0x15e2	[0x1852, [0x2a84, nil]]
0xffdbdS0x232fS0x15e2	[0x1852, [0x2a84, nil]]
0xffdbfS0x232fS0x15e2	[0x1852, [0x2a84, nil]]
0xffdc0S0x232fS0x15e2	[0x1852, [0x2a84, nil]]
0xffdc1S0x232fS0x15e2	[0x1852, [0x2a84, nil]]
0xffdc3S0x232fS0x15e2	[0x1852, [0x2a84, nil]]
0xffdc5S0x232fS0x15e2	[0x1852, [0x2a84, nil]]
0xffdc7S0x232fS0x15e2	[0x1852, [0x2a84, nil]]
0xffdc8S0x232fS0x15e2	[0x1852, [0x2a84, nil]]
0xffdcbS0x232fS0x15e2	[0x1852, [0x2a84, nil]]
0xffdccS0x232fS0x15e2	[0x1852, [0x2a84, nil]]
0xffdcfS0x232fS0x15e2	[0x1852, [0x2a84, nil]]
0xffdd1S0x232fS0x15e2	[0x1852, [0x2a84, nil]]
0xffdd5S0x232fS0x15e2	[0x1852, [0x2a84, nil]]
0xffdd6S0x232fS0x15e2	[0x1852, [0x2a84, nil]]
0xffdd9S0x232fS0x15e2	[0x1852, [0x2a84, nil]]
0xffddcS0x232fS0x15e2	[0x1852, [0x2a84, nil]]
0xffddeS0x232fS0x15e2	[0x1852, [0x2a84, nil]]
0x401eS0x232fS0x15e2	[0x1852, [0x2a84, nil]]
0x4021S0x232fS0x15e2	[0x1852, [0x2a84, nil]]
0x4023S0x232fS0x15e2	[0x1852, [0x2a84, nil]]
0x4024S0x232fS0x15e2	[0x1852, [0x2a84, nil]]
0x4025S0x232fS0x15e2	[0x1852, [0x2a84, nil]]
0x4026S0x232fS0x15e2	[0x1852, [0x2a84, nil]]
0x4027S0x232fS0x15e2	[0x1852, [0x2a84, nil]]
0x4028S0x232fS0x15e2	[0x1852, [0x2a84, nil]]
0x332aS0x232fS0x15e2	[0x1852, [0x2a84, nil]]
0x332bS0x232fS0x15e2	[0x1852, [0x2a84, nil]]
0x3329_0x0S0x232fS0x15e2	[0x1852, [0x2a84, nil]]
0x3552S0x232fS0x15e2	[0x1852, [0x2a84, nil]]
0x3348S0x232fS0x15e2	[0x1852, [0x2a84, nil]]
0x3349S0x232fS0x15e2	[0x1852, [0x2a84, nil]]
0x334aS0x232fS0x15e2	[0x1852, [0x2a84, nil]]
0x334cS0x232fS0x15e2	[0x1852, [0x2a84, nil]]
0x334dS0x232fS0x15e2	[0x1852, [0x2a84, nil]]
0x59b9S0x232fS0x15e2	[0x1852, [0x2a84, nil]]
0x59bbS0x232fS0x15e2	[0x1852, [0x2a84, nil]]
0x59bfS0x232fS0x15e2	[0x1852, [0x2a84, nil]]
0x59c0S0x232fS0x15e2	[0x1852, [0x2a84, nil]]
0x59c1S0x232fS0x15e2	[0x1852, [0x2a84, nil]]
0x59c2S0x232fS0x15e2	[0x1852, [0x2a84, nil]]
0x33e5S0x232fS0x15e2	[0x1852, [0x2a84, nil]]
0x33e6S0x232fS0x15e2	[0x1852, [0x2a84, nil]]
0x33ebS0x232fS0x15e2	[0x1852, [0x2a84, nil]]
0x33edS0x232fS0x15e2	[0x1852, [0x2a84, nil]]
0x33f0S0x232fS0x15e2	[0x1852, [0x2a84, nil]]
0x33f3S0x232fS0x15e2	[0x1852, [0x2a84, nil]]
0x33f5S0x232fS0x15e2	[0x1852, [0x2a84, nil]]
0x33f6S0x232fS0x15e2	[0x1852, [0x2a84, nil]]
0x33faS0x232fS0x15e2	[0x1852, [0x2a84, nil]]
0x33fdS0x232fS0x15e2	[0x1852, [0x2a84, nil]]
0x3378S0x232fS0x15e2	[0x1852, [0x2a84, nil]]
0x3379S0x232fS0x15e2	[0x1852, [0x2a84, nil]]
0xbd85S0x232fS0x15e2	[0x1852, [0x2a84, nil]]
0xbd8aS0x232fS0x15e2	[0x1852, [0x2a84, nil]]
0xbd8cS0x232fS0x15e2	[0x1852, [0x2a84, nil]]
0xbd8dS0x232fS0x15e2	[0x1852, [0x2a84, nil]]
0xbd90S0x232fS0x15e2	[0x1852, [0x2a84, nil]]
0xbd92S0x232fS0x15e2	[0x1852, [0x2a84, nil]]
0xbd95S0x232fS0x15e2	[0x1852, [0x2a84, nil]]
0xbd97S0x232fS0x15e2	[0x1852, [0x2a84, nil]]
0x33bdS0x232fS0x15e2	[0x1852, [0x2a84, nil]]
0x33beS0x232fS0x15e2	[0x1852, [0x2a84, nil]]
0x33c3S0x232fS0x15e2	[0x1852, [0x2a84, nil]]
0x33c5S0x232fS0x15e2	[0x1852, [0x2a84, nil]]
0x33caS0x232fS0x15e2	[0x1852, [0x2a84, nil]]
0x33ceS0x232fS0x15e2	[0x1852, [0x2a84, nil]]
0x33d0S0x232fS0x15e2	[0x1852, [0x2a84, nil]]
0x33d1S0x232fS0x15e2	[0x1852, [0x2a84, nil]]
0x33d3S0x232fS0x15e2	[0x1852, [0x2a84, nil]]
0x33d4S0x232fS0x15e2	[0x1852, [0x2a84, nil]]
0x33d5S0x232fS0x15e2	[0x1852, [0x2a84, nil]]
0x33d7S0x232fS0x15e2	[0x1852, [0x2a84, nil]]
0x33dbS0x232fS0x15e2	[0x1852, [0x2a84, nil]]
0x33dcS0x232fS0x15e2	[0x1852, [0x2a84, nil]]
0x33dfS0x232fS0x15e2	[0x1852, [0x2a84, nil]]
0xbdbaS0x232fS0x15e2	[0x1852, [0x2a84, nil]]
0xbdbcS0x232fS0x15e2	[0x1852, [0x2a84, nil]]
0xbdbfS0x232fS0x15e2	[0x1852, [0x2a84, nil]]
0xffe2eS0x232fS0x15e2	[0x1852, [0x2a84, nil]]
0x3400S0x232fS0x15e2	[0x1852, [0x2a84, nil]]
0x3402S0x232fS0x15e2	[0x1852, [0x2a84, nil]]
0x3403S0x232fS0x15e2	[0x1852, [0x2a84, nil]]
0x3407S0x232fS0x15e2	[0x1852, [0x2a84, nil]]
0x3408S0x232fS0x15e2	[0x1852, [0x2a84, nil]]
0x3409S0x232fS0x15e2	[0x1852, [0x2a84, nil]]
0x340bS0x232fS0x15e2	[0x1852, [0x2a84, nil]]
0x340cS0x232fS0x15e2	[0x1852, [0x2a84, nil]]
0x340eS0x232fS0x15e2	[0x1852, [0x2a84, nil]]
0x3411S0x232fS0x15e2	[0x1852, [0x2a84, nil]]
0x3412S0x232fS0x15e2	[0x1852, [0x2a84, nil]]
0x341cS0x232fS0x15e2	[0x1852, [0x2a84, nil]]
0x341eS0x232fS0x15e2	[0x1852, [0x2a84, nil]]
0x3421S0x232fS0x15e2	[0x1852, [0x2a84, nil]]
0x3422S0x232fS0x15e2	[0x1852, [0x2a84, nil]]
0x3426S0x232fS0x15e2	[0x1852, [0x2a84, nil]]
0x3429S0x232fS0x15e2	[0x1852, [0x2a84, nil]]
0x342cS0x232fS0x15e2	[0x1852, [0x2a84, nil]]
0x342dS0x232fS0x15e2	[0x1852, [0x2a84, nil]]
0x3480S0x232fS0x15e2	[0x1852, [0x2a84, nil]]
0x3481S0x232fS0x15e2	[0x1852, [0x2a84, nil]]
0x3483S0x232fS0x15e2	[0x1852, [0x2a84, nil]]
0x3484S0x232fS0x15e2	[0x1852, [0x2a84, nil]]
0x344eS0x232fS0x15e2	[0x1852, [0x2a84, nil]]
0x3451S0x232fS0x15e2	[0x1852, [0x2a84, nil]]
0x3454S0x232fS0x15e2	[0x1852, [0x2a84, nil]]
0x3456S0x232fS0x15e2	[0x1852, [0x2a84, nil]]
0x3458S0x232fS0x15e2	[0x1852, [0x2a84, nil]]
0x2fa30S0x232fS0x15e2	[0x1852, [0x2a84, nil]]
0x345cS0x232fS0x15e2	[0x1852, [0x2a84, nil]]
0x3460S0x232fS0x15e2	[0x1852, [0x2a84, nil]]
0x3462S0x232fS0x15e2	[0x1852, [0x2a84, nil]]
0x3464S0x232fS0x15e2	[0x1852, [0x2a84, nil]]
0x3466S0x232fS0x15e2	[0x1852, [0x2a84, nil]]
0x3469S0x232fS0x15e2	[0x1852, [0x2a84, nil]]
0x346aS0x232fS0x15e2	[0x1852, [0x2a84, nil]]
0x345a_0x0S0x232fS0x15e2	[0x1852, [0x2a84, nil]]
0x345a_0x1S0x232fS0x15e2	[0x1852, [0x2a84, nil]]
0x34c9S0x232fS0x15e2	[0x1852, [0x2a84, nil]]
0x34cdS0x232fS0x15e2	[0x1852, [0x2a84, nil]]
0x34cfS0x232fS0x15e2	[0x1852, [0x2a84, nil]]
0x34d1S0x232fS0x15e2	[0x1852, [0x2a84, nil]]
0x34d3S0x232fS0x15e2	[0x1852, [0x2a84, nil]]
0x34d5S0x232fS0x15e2	[0x1852, [0x2a84, nil]]
0x34daS0x232fS0x15e2	[0x1852, [0x2a84, nil]]
0x34ddS0x232fS0x15e2	[0x1852, [0x2a84, nil]]
0xbde2S0x232fS0x15e2	[0x1852, [0x2a84, nil]]
0xbde4S0x232fS0x15e2	[0x1852, [0x2a84, nil]]
0xbde7S0x232fS0x15e2	[0x1852, [0x2a84, nil]]
0x34e0S0x232fS0x15e2	[0x1852, [0x2a84, nil]]
0x34e1S0x232fS0x15e2	[0x1852, [0x2a84, nil]]
0x34e6S0x232fS0x15e2	[0x1852, [0x2a84, nil]]
0x34e8S0x232fS0x15e2	[0x1852, [0x2a84, nil]]
0x34ebS0x232fS0x15e2	[0x1852, [0x2a84, nil]]
0x34eeS0x232fS0x15e2	[0x1852, [0x2a84, nil]]
0x34f2S0x232fS0x15e2	[0x1852, [0x2a84, nil]]
0x34f7S0x232fS0x15e2	[0x1852, [0x2a84, nil]]
0x34fcS0x232fS0x15e2	[0x1852, [0x2a84, nil]]
0x34feS0x232fS0x15e2	[0x1852, [0x2a84, nil]]
0x34ffS0x232fS0x15e2	[0x1852, [0x2a84, nil]]
0x3502S0x232fS0x15e2	[0x1852, [0x2a84, nil]]
0x3504S0x232fS0x15e2	[0x1852, [0x2a84, nil]]
0x3505S0x232fS0x15e2	[0x1852, [0x2a84, nil]]
0x3508S0x232fS0x15e2	[0x1852, [0x2a84, nil]]
0x350cS0x232fS0x15e2	[0x1852, [0x2a84, nil]]
0x350eS0x232fS0x15e2	[0x1852, [0x2a84, nil]]
0x350fS0x232fS0x15e2	[0x1852, [0x2a84, nil]]
0x3511S0x232fS0x15e2	[0x1852, [0x2a84, nil]]
0x3512S0x232fS0x15e2	[0x1852, [0x2a84, nil]]
0x3516S0x232fS0x15e2	[0x1852, [0x2a84, nil]]
0x3517S0x232fS0x15e2	[0x1852, [0x2a84, nil]]
0x351bS0x232fS0x15e2	[0x1852, [0x2a84, nil]]
0x351fS0x232fS0x15e2	[0x1852, [0x2a84, nil]]
0x3521S0x232fS0x15e2	[0x1852, [0x2a84, nil]]
0x3523S0x232fS0x15e2	[0x1852, [0x2a84, nil]]
0x3524S0x232fS0x15e2	[0x1852, [0x2a84, nil]]
0x3525S0x232fS0x15e2	[0x1852, [0x2a84, nil]]
0x3526S0x232fS0x15e2	[0x1852, [0x2a84, nil]]
0x353aS0x232fS0x15e2	[0x1852, [0x2a84, nil]]
0x353eS0x232fS0x15e2	[0x1852, [0x2a84, nil]]
0x3541S0x232fS0x15e2	[0x1852, [0x2a84, nil]]
0x3535S0x232fS0x15e2	[0x1852, [0x2a84, nil]]
0xffe55S0x232fS0x15e2	[0x1852, [0x2a84, nil]]
0x30e30S0x232fS0x15e2	[0x1852, [0x2a84, nil]]
0x3f03S0x232fS0x15e2	[0x1852, [0x2a84, nil]]
0x3f04S0x232fS0x15e2	[0x1852, [0x2a84, nil]]
0x3f07S0x232fS0x15e2	[0x1852, [0x2a84, nil]]
0x3f08S0x232fS0x15e2	[0x1852, [0x2a84, nil]]
0x3f09S0x232fS0x15e2	[0x1852, [0x2a84, nil]]
0x3f0bS0x232fS0x15e2	[0x1852, [0x2a84, nil]]
0x3f0cS0x232fS0x15e2	[0x1852, [0x2a84, nil]]
0x3f11S0x232fS0x15e2	[0x1852, [0x2a84, nil]]
0x3f13S0x232fS0x15e2	[0x1852, [0x2a84, nil]]
0x3f16S0x232fS0x15e2	[0x1852, [0x2a84, nil]]
0x3f18S0x232fS0x15e2	[0x1852, [0x2a84, nil]]
0x3f1aS0x232fS0x15e2	[0x1852, [0x2a84, nil]]
0x3f1cS0x232fS0x15e2	[0x1852, [0x2a84, nil]]
0x3f1dS0x232fS0x15e2	[0x1852, [0x2a84, nil]]
0x3f20S0x232fS0x15e2	[0x1852, [0x2a84, nil]]
0x3f22S0x232fS0x15e2	[0x1852, [0x2a84, nil]]
0x3f28S0x232fS0x15e2	[0x1852, [0x2a84, nil]]
0x3f2cS0x232fS0x15e2	[0x1852, [0x2a84, nil]]
0x3f2eS0x232fS0x15e2	[0x1852, [0x2a84, nil]]
0x3f32S0x232fS0x15e2	[0x1852, [0x2a84, nil]]
0x3f34S0x232fS0x15e2	[0x1852, [0x2a84, nil]]
0x3f38S0x232fS0x15e2	[0x1852, [0x2a84, nil]]
0x3f3aS0x232fS0x15e2	[0x1852, [0x2a84, nil]]
0x3f3cS0x232fS0x15e2	[0x1852, [0x2a84, nil]]
0x3f3fS0x232fS0x15e2	[0x1852, [0x2a84, nil]]
0x3f41S0x232fS0x15e2	[0x1852, [0x2a84, nil]]
0x3f45S0x232fS0x15e2	[0x1852, [0x2a84, nil]]
0x3f46S0x232fS0x15e2	[0x1852, [0x2a84, nil]]
0x3f48S0x232fS0x15e2	[0x1852, [0x2a84, nil]]
0x3f49S0x232fS0x15e2	[0x1852, [0x2a84, nil]]
0x3f53S0x232fS0x15e2	[0x1852, [0x2a84, nil]]
0x3f54S0x232fS0x15e2	[0x1852, [0x2a84, nil]]
0x3f55S0x232fS0x15e2	[0x1852, [0x2a84, nil]]
0x3f57S0x232fS0x15e2	[0x1852, [0x2a84, nil]]
0x3f58S0x232fS0x15e2	[0x1852, [0x2a84, nil]]
0x3f6aS0x232fS0x15e2	[0x1852, [0x2a84, nil]]
0x3f6dS0x232fS0x15e2	[0x1852, [0x2a84, nil]]
0x3f6fS0x232fS0x15e2	[0x1852, [0x2a84, nil]]
0x3f70S0x232fS0x15e2	[0x1852, [0x2a84, nil]]
0x3f71S0x232fS0x15e2	[0x1852, [0x2a84, nil]]
0x3f73S0x232fS0x15e2	[0x1852, [0x2a84, nil]]
0x3f75S0x232fS0x15e2	[0x1852, [0x2a84, nil]]
0x3f77S0x232fS0x15e2	[0x1852, [0x2a84, nil]]
0x3f78S0x232fS0x15e2	[0x1852, [0x2a84, nil]]
0x3f79S0x232fS0x15e2	[0x1852, [0x2a84, nil]]
0x3f7bS0x232fS0x15e2	[0x1852, [0x2a84, nil]]
0x3f7dS0x232fS0x15e2	[0x1852, [0x2a84, nil]]
0x3f7eS0x232fS0x15e2	[0x1852, [0x2a84, nil]]
0x3f7fS0x232fS0x15e2	[0x1852, [0x2a84, nil]]
0x3f81S0x232fS0x15e2	[0x1852, [0x2a84, nil]]
0x3f82S0x232fS0x15e2	[0x1852, [0x2a84, nil]]
0x3f84S0x232fS0x15e2	[0x1852, [0x2a84, nil]]
0x3f86S0x232fS0x15e2	[0x1852, [0x2a84, nil]]
0x3f89S0x232fS0x15e2	[0x1852, [0x2a84, nil]]
0x3f8dS0x232fS0x15e2	[0x1852, [0x2a84, nil]]
0x3f8eS0x232fS0x15e2	[0x1852, [0x2a84, nil]]
0x3f93S0x232fS0x15e2	[0x1852, [0x2a84, nil]]
0x3f95S0x232fS0x15e2	[0x1852, [0x2a84, nil]]
0x3f98S0x232fS0x15e2	[0x1852, [0x2a84, nil]]
0x3f99S0x232fS0x15e2	[0x1852, [0x2a84, nil]]
0x3fbfS0x232fS0x15e2	[0x1852, [0x2a84, nil]]
0x37c30S0x232fS0x15e2	[0x1852, [0x2a84, nil]]
0x3fc9S0x232fS0x15e2	[0x1852, [0x2a84, nil]]
0x4017S0x232fS0x15e2	[0x1852, [0x2a84, nil]]
0x4019S0x232fS0x15e2	[0x1852, [0x2a84, nil]]
0x401aS0x232fS0x15e2	[0x1852, [0x2a84, nil]]
0xbfceS0x232fS0x15e2	[0x1852, [0x2a84, nil]]
0xbfd0S0x232fS0x15e2	[0x1852, [0x2a84, nil]]
0xbfd3S0x232fS0x15e2	[0x1852, [0x2a84, nil]]
0x406eS0x232fS0x15e2	[0x1852, [0x2a84, nil]]
0x4070S0x232fS0x15e2	[0x1852, [0x2a84, nil]]
0x4071S0x232fS0x15e2	[0x1852, [0x2a84, nil]]
0x4072S0x232fS0x15e2	[0x1852, [0x2a84, nil]]
0x4074S0x232fS0x15e2	[0x1852, [0x2a84, nil]]
0x4076S0x232fS0x15e2	[0x1852, [0x2a84, nil]]
0x4078S0x232fS0x15e2	[0x1852, [0x2a84, nil]]
0x4079S0x232fS0x15e2	[0x1852, [0x2a84, nil]]
0x407aS0x232fS0x15e2	[0x1852, [0x2a84, nil]]
0x407bS0x232fS0x15e2	[0x1852, [0x2a84, nil]]
0x4081S0x232fS0x15e2	[0x1852, [0x2a84, nil]]
0x4083S0x232fS0x15e2	[0x1852, [0x2a84, nil]]
0x4084S0x232fS0x15e2	[0x1852, [0x2a84, nil]]
0x4085S0x232fS0x15e2	[0x1852, [0x2a84, nil]]
0x4087S0x232fS0x15e2	[0x1852, [0x2a84, nil]]
0x4089S0x232fS0x15e2	[0x1852, [0x2a84, nil]]
0x408eS0x232fS0x15e2	[0x1852, [0x2a84, nil]]
0x408fS0x232fS0x15e2	[0x1852, [0x2a84, nil]]
0x4091S0x232fS0x15e2	[0x1852, [0x2a84, nil]]
0x4094S0x232fS0x15e2	[0x1852, [0x2a84, nil]]
0x4096S0x232fS0x15e2	[0x1852, [0x2a84, nil]]
0x4097S0x232fS0x15e2	[0x1852, [0x2a84, nil]]
0x4099S0x232fS0x15e2	[0x1852, [0x2a84, nil]]
0x409bS0x232fS0x15e2	[0x1852, [0x2a84, nil]]
0x409eS0x232fS0x15e2	[0x1852, [0x2a84, nil]]
0x40a3S0x232fS0x15e2	[0x1852, [0x2a84, nil]]
0x40a4S0x232fS0x15e2	[0x1852, [0x2a84, nil]]
0x40a6S0x232fS0x15e2	[0x1852, [0x2a84, nil]]
0x40a7S0x232fS0x15e2	[0x1852, [0x2a84, nil]]
0xbff6S0x232fS0x15e2	[0x1852, [0x2a84, nil]]
0xbff8S0x232fS0x15e2	[0x1852, [0x2a84, nil]]
0xbffbS0x232fS0x15e2	[0x1852, [0x2a84, nil]]
0x40b1S0x232fS0x15e2	[0x1852, [0x2a84, nil]]
0x40b2S0x232fS0x15e2	[0x1852, [0x2a84, nil]]
0x40b3S0x232fS0x15e2	[0x1852, [0x2a84, nil]]
0x40b5S0x232fS0x15e2	[0x1852, [0x2a84, nil]]
0x40b6S0x232fS0x15e2	[0x1852, [0x2a84, nil]]
0x40c9S0x232fS0x15e2	[0x1852, [0x2a84, nil]]
0x40cdS0x232fS0x15e2	[0x1852, [0x2a84, nil]]
0x40cfS0x232fS0x15e2	[0x1852, [0x2a84, nil]]
0x40d0S0x232fS0x15e2	[0x1852, [0x2a84, nil]]
0x40d2S0x232fS0x15e2	[0x1852, [0x2a84, nil]]
0x40d4S0x232fS0x15e2	[0x1852, [0x2a84, nil]]
0x40d5S0x232fS0x15e2	[0x1852, [0x2a84, nil]]
0x40d7S0x232fS0x15e2	[0x1852, [0x2a84, nil]]
0x40d9S0x232fS0x15e2	[0x1852, [0x2a84, nil]]
0x40daS0x232fS0x15e2	[0x1852, [0x2a84, nil]]
0x40dbS0x232fS0x15e2	[0x1852, [0x2a84, nil]]
0x40e1S0x232fS0x15e2	[0x1852, [0x2a84, nil]]
0x40e3S0x232fS0x15e2	[0x1852, [0x2a84, nil]]
0x40e4S0x232fS0x15e2	[0x1852, [0x2a84, nil]]
0x57e1S0x232fS0x15e2	[0x1852, [0x2a84, nil]]
0x57e4S0x232fS0x15e2	[0x1852, [0x2a84, nil]]
0x57e7S0x232fS0x15e2	[0x1852, [0x2a84, nil]]
0x57eaS0x232fS0x15e2	[0x1852, [0x2a84, nil]]
0x57ebS0x232fS0x15e2	[0x1852, [0x2a84, nil]]
0x57efS0x232fS0x15e2	[0x1852, [0x2a84, nil]]
0x57f6S0x232fS0x15e2	[0x1852, [0x2a84, nil]]
0x57f9S0x232fS0x15e2	[0x1852, [0x2a84, nil]]
0x57faS0x232fS0x15e2	[0x1852, [0x2a84, nil]]
0x57fbS0x232fS0x15e2	[0x1852, [0x2a84, nil]]
0x57ffS0x232fS0x15e2	[0x1852, [0x2a84, nil]]
0x5805S0x232fS0x15e2	[0x1852, [0x2a84, nil]]
0x5808S0x232fS0x15e2	[0x1852, [0x2a84, nil]]
0x580bS0x232fS0x15e2	[0x1852, [0x2a84, nil]]
0x580eS0x232fS0x15e2	[0x1852, [0x2a84, nil]]
0x580fS0x232fS0x15e2	[0x1852, [0x2a84, nil]]
0x5810S0x232fS0x15e2	[0x1852, [0x2a84, nil]]
0x5813S0x232fS0x15e2	[0x1852, [0x2a84, nil]]
0x5815S0x232fS0x15e2	[0x1852, [0x2a84, nil]]
0x5818S0x232fS0x15e2	[0x1852, [0x2a84, nil]]
0x5819S0x232fS0x15e2	[0x1852, [0x2a84, nil]]
0x581aS0x232fS0x15e2	[0x1852, [0x2a84, nil]]
0x581dS0x232fS0x15e2	[0x1852, [0x2a84, nil]]
0x581fS0x232fS0x15e2	[0x1852, [0x2a84, nil]]
0x5822S0x232fS0x15e2	[0x1852, [0x2a84, nil]]
0x5823S0x232fS0x15e2	[0x1852, [0x2a84, nil]]
0x5824S0x232fS0x15e2	[0x1852, [0x2a84, nil]]
0x5828S0x232fS0x15e2	[0x1852, [0x2a84, nil]]
0x582dS0x232fS0x15e2	[0x1852, [0x2a84, nil]]
0x5830S0x232fS0x15e2	[0x1852, [0x2a84, nil]]
0x5832S0x232fS0x15e2	[0x1852, [0x2a84, nil]]
0x5836S0x232fS0x15e2	[0x1852, [0x2a84, nil]]
0x5837S0x232fS0x15e2	[0x1852, [0x2a84, nil]]
0x583aS0x232fS0x15e2	[0x1852, [0x2a84, nil]]
0x583cS0x232fS0x15e2	[0x1852, [0x2a84, nil]]
0x5840S0x232fS0x15e2	[0x1852, [0x2a84, nil]]
0x5841S0x232fS0x15e2	[0x1852, [0x2a84, nil]]
0x5844S0x232fS0x15e2	[0x1852, [0x2a84, nil]]
0x5950S0x232fS0x15e2	[0x1852, [0x2a84, nil]]
0x5952S0x232fS0x15e2	[0x1852, [0x2a84, nil]]
0x5953S0x232fS0x15e2	[0x1852, [0x2a84, nil]]
0x5956S0x232fS0x15e2	[0x1852, [0x2a84, nil]]
0x5959S0x232fS0x15e2	[0x1852, [0x2a84, nil]]
0x595aS0x232fS0x15e2	[0x1852, [0x2a84, nil]]
0x595cS0x232fS0x15e2	[0x1852, [0x2a84, nil]]
0x595eS0x232fS0x15e2	[0x1852, [0x2a84, nil]]
0x5960S0x232fS0x15e2	[0x1852, [0x2a84, nil]]
0x5961S0x232fS0x15e2	[0x1852, [0x2a84, nil]]
0x5963S0x232fS0x15e2	[0x1852, [0x2a84, nil]]
0x5964S0x232fS0x15e2	[0x1852, [0x2a84, nil]]
0x5965S0x232fS0x15e2	[0x1852, [0x2a84, nil]]
0x5966S0x232fS0x15e2	[0x1852, [0x2a84, nil]]
0x5972S0x232fS0x15e2	[0x1852, [0x2a84, nil]]
0x5976S0x232fS0x15e2	[0x1852, [0x2a84, nil]]
0x5977S0x232fS0x15e2	[0x1852, [0x2a84, nil]]
0x597bS0x232fS0x15e2	[0x1852, [0x2a84, nil]]
0xc3bfS0x232fS0x15e2	[0x1852, [0x2a84, nil]]
0xc3c4S0x232fS0x15e2	[0x1852, [0x2a84, nil]]
0xc3c6S0x232fS0x15e2	[0x1852, [0x2a84, nil]]
0xc3c7S0x232fS0x15e2	[0x1852, [0x2a84, nil]]
0xc3caS0x232fS0x15e2	[0x1852, [0x2a84, nil]]
0xc3ccS0x232fS0x15e2	[0x1852, [0x2a84, nil]]
0xc3cfS0x232fS0x15e2	[0x1852, [0x2a84, nil]]
0xc3d1S0x232fS0x15e2	[0x1852, [0x2a84, nil]]
0x5982S0x232fS0x15e2	[0x1852, [0x2a84, nil]]
0x5986S0x232fS0x15e2	[0x1852, [0x2a84, nil]]
0x5987S0x232fS0x15e2	[0x1852, [0x2a84, nil]]
0x598aS0x232fS0x15e2	[0x1852, [0x2a84, nil]]
0x598cS0x232fS0x15e2	[0x1852, [0x2a84, nil]]
0x598fS0x232fS0x15e2	[0x1852, [0x2a84, nil]]
0x5990S0x232fS0x15e2	[0x1852, [0x2a84, nil]]
0x5991S0x232fS0x15e2	[0x1852, [0x2a84, nil]]
0x5995S0x232fS0x15e2	[0x1852, [0x2a84, nil]]
0x599aS0x232fS0x15e2	[0x1852, [0x2a84, nil]]
0x599dS0x232fS0x15e2	[0x1852, [0x2a84, nil]]
0x599fS0x232fS0x15e2	[0x1852, [0x2a84, nil]]
0x59a2S0x232fS0x15e2	[0x1852, [0x2a84, nil]]
0x59a3S0x232fS0x15e2	[0x1852, [0x2a84, nil]]
0x59a4S0x232fS0x15e2	[0x1852, [0x2a84, nil]]
0x59a8S0x232fS0x15e2	[0x1852, [0x2a84, nil]]
0x59adS0x232fS0x15e2	[0x1852, [0x2a84, nil]]
0x59b0S0x232fS0x15e2	[0x1852, [0x2a84, nil]]
0x59cbS0x232fS0x15e2	[0x1852, [0x2a84, nil]]
0x59cdS0x232fS0x15e2	[0x1852, [0x2a84, nil]]
0x59ceS0x232fS0x15e2	[0x1852, [0x2a84, nil]]
0x59d1S0x232fS0x15e2	[0x1852, [0x2a84, nil]]
0x59d4S0x232fS0x15e2	[0x1852, [0x2a84, nil]]
0x59d5S0x232fS0x15e2	[0x1852, [0x2a84, nil]]
0x59d7S0x232fS0x15e2	[0x1852, [0x2a84, nil]]
0x59d9S0x232fS0x15e2	[0x1852, [0x2a84, nil]]
0x59dbS0x232fS0x15e2	[0x1852, [0x2a84, nil]]
0x59dcS0x232fS0x15e2	[0x1852, [0x2a84, nil]]
0x59deS0x232fS0x15e2	[0x1852, [0x2a84, nil]]
0x59dfS0x232fS0x15e2	[0x1852, [0x2a84, nil]]
0x59e0S0x232fS0x15e2	[0x1852, [0x2a84, nil]]
0x59e1S0x232fS0x15e2	[0x1852, [0x2a84, nil]]
0x59edS0x232fS0x15e2	[0x1852, [0x2a84, nil]]
0x59f1S0x232fS0x15e2	[0x1852, [0x2a84, nil]]
0x59f4S0x232fS0x15e2	[0x1852, [0x2a84, nil]]
0x59f7S0x232fS0x15e2	[0x1852, [0x2a84, nil]]
0x59f8S0x232fS0x15e2	[0x1852, [0x2a84, nil]]
0x59f9S0x232fS0x15e2	[0x1852, [0x2a84, nil]]
0x59fdS0x232fS0x15e2	[0x1852, [0x2a84, nil]]
0xc3f4S0x232fS0x15e2	[0x1852, [0x2a84, nil]]
0xc3f9S0x232fS0x15e2	[0x1852, [0x2a84, nil]]
0xc3fbS0x232fS0x15e2	[0x1852, [0x2a84, nil]]
0xc3fcS0x232fS0x15e2	[0x1852, [0x2a84, nil]]
0xc3ffS0x232fS0x15e2	[0x1852, [0x2a84, nil]]
0xc401S0x232fS0x15e2	[0x1852, [0x2a84, nil]]
0xc404S0x232fS0x15e2	[0x1852, [0x2a84, nil]]
0xc406S0x232fS0x15e2	[0x1852, [0x2a84, nil]]
0x5a02S0x232fS0x15e2	[0x1852, [0x2a84, nil]]
0x5a05S0x232fS0x15e2	[0x1852, [0x2a84, nil]]
0x100a98S0x232fS0x15e2	[0x1852, [0x2a84, nil]]
0x100abfS0x232fS0x15e2	[0x1852, [0x2a84, nil]]
0x2bc7S0x232fS0x15e2	[0x1852, [0x2a84, nil]]
0x2bc9S0x232fS0x15e2	[0x1852, [0x2a84, nil]]
0x2bcaS0x232fS0x15e2	[0x1852, [0x2a84, nil]]
0x2bcdS0x232fS0x15e2	[0x1852, [0x2a84, nil]]
0x2bcfS0x232fS0x15e2	[0x1852, [0x2a84, nil]]
0x2bd0S0x232fS0x15e2	[0x1852, [0x2a84, nil]]
0x2bd3S0x232fS0x15e2	[0x1852, [0x2a84, nil]]
0x2bd7S0x232fS0x15e2	[0x1852, [0x2a84, nil]]
0x2bd9S0x232fS0x15e2	[0x1852, [0x2a84, nil]]
0x2bdaS0x232fS0x15e2	[0x1852, [0x2a84, nil]]
0x2bdcS0x232fS0x15e2	[0x1852, [0x2a84, nil]]
0x2bddS0x232fS0x15e2	[0x1852, [0x2a84, nil]]
0x2be1S0x232fS0x15e2	[0x1852, [0x2a84, nil]]
0x2be2S0x232fS0x15e2	[0x1852, [0x2a84, nil]]
0x2be6S0x232fS0x15e2	[0x1852, [0x2a84, nil]]
0x2beaS0x232fS0x15e2	[0x1852, [0x2a84, nil]]
0x2becS0x232fS0x15e2	[0x1852, [0x2a84, nil]]
0x2beeS0x232fS0x15e2	[0x1852, [0x2a84, nil]]
0x2befS0x232fS0x15e2	[0x1852, [0x2a84, nil]]
0x2bf0S0x232fS0x15e2	[0x1852, [0x2a84, nil]]
0x2a030S0x232fS0x15e2	[0x1852, [0x2a84, nil]]
0x2bf8S0x232fS0x15e2	[0x1852, [0x2a84, nil]]
0x2bfaS0x232fS0x15e2	[0x1852, [0x2a84, nil]]
0x2bfbS0x232fS0x15e2	[0x1852, [0x2a84, nil]]
0x2bfeS0x232fS0x15e2	[0x1852, [0x2a84, nil]]
0x2c00S0x232fS0x15e2	[0x1852, [0x2a84, nil]]
0x2c01S0x232fS0x15e2	[0x1852, [0x2a84, nil]]
0x2c04S0x232fS0x15e2	[0x1852, [0x2a84, nil]]
0x2c08S0x232fS0x15e2	[0x1852, [0x2a84, nil]]
0x2c0aS0x232fS0x15e2	[0x1852, [0x2a84, nil]]
0x2c0bS0x232fS0x15e2	[0x1852, [0x2a84, nil]]
0x2c0dS0x232fS0x15e2	[0x1852, [0x2a84, nil]]
0x2c0eS0x232fS0x15e2	[0x1852, [0x2a84, nil]]
0x2c12S0x232fS0x15e2	[0x1852, [0x2a84, nil]]
0x2c13S0x232fS0x15e2	[0x1852, [0x2a84, nil]]
0x2c17S0x232fS0x15e2	[0x1852, [0x2a84, nil]]
0x2c1bS0x232fS0x15e2	[0x1852, [0x2a84, nil]]
0x2c1dS0x232fS0x15e2	[0x1852, [0x2a84, nil]]
0x2c1fS0x232fS0x15e2	[0x1852, [0x2a84, nil]]
0x2c20S0x232fS0x15e2	[0x1852, [0x2a84, nil]]
0x2c21S0x232fS0x15e2	[0x1852, [0x2a84, nil]]
0x2aa30S0x232fS0x15e2	[0x1852, [0x2a84, nil]]
0x2de1S0x232fS0x15e2	[0x1852, [0x2a84, nil]]
0x2de3S0x232fS0x15e2	[0x1852, [0x2a84, nil]]
0x2de5S0x232fS0x15e2	[0x1852, [0x2a84, nil]]
0x2de7S0x232fS0x15e2	[0x1852, [0x2a84, nil]]
0x2de8S0x232fS0x15e2	[0x1852, [0x2a84, nil]]
0x2de9S0x232fS0x15e2	[0x1852, [0x2a84, nil]]
0x2debS0x232fS0x15e2	[0x1852, [0x2a84, nil]]
0x2dedS0x232fS0x15e2	[0x1852, [0x2a84, nil]]
0x2deeS0x232fS0x15e2	[0x1852, [0x2a84, nil]]
0x2defS0x232fS0x15e2	[0x1852, [0x2a84, nil]]
0x2df1S0x232fS0x15e2	[0x1852, [0x2a84, nil]]
0x2df3S0x232fS0x15e2	[0x1852, [0x2a84, nil]]
0x2df5S0x232fS0x15e2	[0x1852, [0x2a84, nil]]
0x2df6S0x232fS0x15e2	[0x1852, [0x2a84, nil]]
0x2df7S0x232fS0x15e2	[0x1852, [0x2a84, nil]]
0x2df8S0x232fS0x15e2	[0x1852, [0x2a84, nil]]
0x2df9S0x232fS0x15e2	[0x1852, [0x2a84, nil]]
0x31c9S0x232fS0x15e2	[0x1852, [0x2a84, nil]]
0x31cbS0x232fS0x15e2	[0x1852, [0x2a84, nil]]
0x31ccS0x232fS0x15e2	[0x1852, [0x2a84, nil]]
0x31cfS0x232fS0x15e2	[0x1852, [0x2a84, nil]]
0x31d1S0x232fS0x15e2	[0x1852, [0x2a84, nil]]
0x31d2S0x232fS0x15e2	[0x1852, [0x2a84, nil]]
0x31d5S0x232fS0x15e2	[0x1852, [0x2a84, nil]]
0x31d9S0x232fS0x15e2	[0x1852, [0x2a84, nil]]
0x31dbS0x232fS0x15e2	[0x1852, [0x2a84, nil]]
0x31dcS0x232fS0x15e2	[0x1852, [0x2a84, nil]]
0x31deS0x232fS0x15e2	[0x1852, [0x2a84, nil]]
0x31dfS0x232fS0x15e2	[0x1852, [0x2a84, nil]]
0x31e3S0x232fS0x15e2	[0x1852, [0x2a84, nil]]
0x31e4S0x232fS0x15e2	[0x1852, [0x2a84, nil]]
0x31e8S0x232fS0x15e2	[0x1852, [0x2a84, nil]]
0x31ecS0x232fS0x15e2	[0x1852, [0x2a84, nil]]
0x31eeS0x232fS0x15e2	[0x1852, [0x2a84, nil]]
0x31f0S0x232fS0x15e2	[0x1852, [0x2a84, nil]]
0x31f1S0x232fS0x15e2	[0x1852, [0x2a84, nil]]
0x31f2S0x232fS0x15e2	[0x1852, [0x2a84, nil]]
0x2e630S0x232fS0x15e2	[0x1852, [0x2a84, nil]]
0x32ffS0x232fS0x15e2	[0x1852, [0x2a84, nil]]
0x3301S0x232fS0x15e2	[0x1852, [0x2a84, nil]]
0x3302S0x232fS0x15e2	[0x1852, [0x2a84, nil]]
0x3305S0x232fS0x15e2	[0x1852, [0x2a84, nil]]
0x3307S0x232fS0x15e2	[0x1852, [0x2a84, nil]]
0x3308S0x232fS0x15e2	[0x1852, [0x2a84, nil]]
0x330bS0x232fS0x15e2	[0x1852, [0x2a84, nil]]
0x330fS0x232fS0x15e2	[0x1852, [0x2a84, nil]]
0x3311S0x232fS0x15e2	[0x1852, [0x2a84, nil]]
0x3312S0x232fS0x15e2	[0x1852, [0x2a84, nil]]
0x3314S0x232fS0x15e2	[0x1852, [0x2a84, nil]]
0x3315S0x232fS0x15e2	[0x1852, [0x2a84, nil]]
0x3319S0x232fS0x15e2	[0x1852, [0x2a84, nil]]
0x331aS0x232fS0x15e2	[0x1852, [0x2a84, nil]]
0x331eS0x232fS0x15e2	[0x1852, [0x2a84, nil]]
0x3322S0x232fS0x15e2	[0x1852, [0x2a84, nil]]
0x3324S0x232fS0x15e2	[0x1852, [0x2a84, nil]]
0x3326S0x232fS0x15e2	[0x1852, [0x2a84, nil]]
0x3327S0x232fS0x15e2	[0x1852, [0x2a84, nil]]
0x3328S0x232fS0x15e2	[0x1852, [0x2a84, nil]]
0x2f030S0x232fS0x15e2	[0x1852, [0x2a84, nil]]
0x3432S0x232fS0x15e2	[0x1852, [0x2a84, nil]]
0x3434S0x232fS0x15e2	[0x1852, [0x2a84, nil]]
0x3435S0x232fS0x15e2	[0x1852, [0x2a84, nil]]
0x3470S0x232fS0x15e2	[0x1852, [0x2a84, nil]]
0x3471S0x232fS0x15e2	[0x1852, [0x2a84, nil]]
0x3473S0x232fS0x15e2	[0x1852, [0x2a84, nil]]
0x3475S0x232fS0x15e2	[0x1852, [0x2a84, nil]]
0x30430S0x232fS0x15e2	[0x1852, [0x2a84, nil]]
0x3ca3S0x2dfdS0x232fS0x15e2	[0x1852, [0x2a84, [0x3ca2, nil]]]
0x3ca5S0x2dfdS0x232fS0x15e2	[0x1852, [0x2a84, [0x3ca2, nil]]]
0x3ca6S0x2dfdS0x232fS0x15e2	[0x1852, [0x2a84, [0x3ca2, nil]]]
0x3ca8S0x2dfdS0x232fS0x15e2	[0x1852, [0x2a84, [0x3ca2, nil]]]
0x3caaS0x2dfdS0x232fS0x15e2	[0x1852, [0x2a84, [0x3ca2, nil]]]
0x3cacS0x2dfdS0x232fS0x15e2	[0x1852, [0x2a84, [0x3ca2, nil]]]
0x3cadS0x2dfdS0x232fS0x15e2	[0x1852, [0x2a84, [0x3ca2, nil]]]
0x3cb0S0x2dfdS0x232fS0x15e2	[0x1852, [0x2a84, [0x3ca2, nil]]]
0x3cb1S0x2dfdS0x232fS0x15e2	[0x1852, [0x2a84, [0x3ca2, nil]]]
0x3cb4S0x2dfdS0x232fS0x15e2	[0x1852, [0x2a84, [0x3ca2, nil]]]
0x3cb7S0x2dfdS0x232fS0x15e2	[0x1852, [0x2a84, [0x3ca2, nil]]]
0x3cb8S0x2dfdS0x232fS0x15e2	[0x1852, [0x2a84, [0x3ca2, nil]]]
0x3cbbS0x2dfdS0x232fS0x15e2	[0x1852, [0x2a84, [0x3ca2, nil]]]
0x3cbdS0x2dfdS0x232fS0x15e2	[0x1852, [0x2a84, [0x3ca2, nil]]]
0x3cc0S0x2dfdS0x232fS0x15e2	[0x1852, [0x2a84, [0x3ca2, nil]]]
0x3cc4S0x2dfdS0x232fS0x15e2	[0x1852, [0x2a84, [0x3ca2, nil]]]
0x3ccaS0x2dfdS0x232fS0x15e2	[0x1852, [0x2a84, [0x3ca2, nil]]]
0x3ccfS0x2dfdS0x232fS0x15e2	[0x1852, [0x2a84, [0x3ca2, nil]]]
0x3cd1S0x2dfdS0x232fS0x15e2	[0x1852, [0x2a84, [0x3ca2, nil]]]
0x3cd3S0x2dfdS0x232fS0x15e2	[0x1852, [0x2a84, [0x3ca2, nil]]]
0x3cd5S0x2dfdS0x232fS0x15e2	[0x1852, [0x2a84, [0x3ca2, nil]]]
0x37230S0x2dfdS0x232fS0x15e2	[0x1852, [0x2a84, [0x3ca2, nil]]]
0x3ca3S0x3eeaS0x232fS0x15e2	[0x1852, [0x2a84, [0x3ca2, nil]]]
0x3ca5S0x3eeaS0x232fS0x15e2	[0x1852, [0x2a84, [0x3ca2, nil]]]
0x3ca6S0x3eeaS0x232fS0x15e2	[0x1852, [0x2a84, [0x3ca2, nil]]]
0x3ca8S0x3eeaS0x232fS0x15e2	[0x1852, [0x2a84, [0x3ca2, nil]]]
0x3caaS0x3eeaS0x232fS0x15e2	[0x1852, [0x2a84, [0x3ca2, nil]]]
0x3cacS0x3eeaS0x232fS0x15e2	[0x1852, [0x2a84, [0x3ca2, nil]]]
0x3cadS0x3eeaS0x232fS0x15e2	[0x1852, [0x2a84, [0x3ca2, nil]]]
0x3cb0S0x3eeaS0x232fS0x15e2	[0x1852, [0x2a84, [0x3ca2, nil]]]
0x3cb1S0x3eeaS0x232fS0x15e2	[0x1852, [0x2a84, [0x3ca2, nil]]]
0x3cb4S0x3eeaS0x232fS0x15e2	[0x1852, [0x2a84, [0x3ca2, nil]]]
0x3cb7S0x3eeaS0x232fS0x15e2	[0x1852, [0x2a84, [0x3ca2, nil]]]
0x3cb8S0x3eeaS0x232fS0x15e2	[0x1852, [0x2a84, [0x3ca2, nil]]]
0x3cbbS0x3eeaS0x232fS0x15e2	[0x1852, [0x2a84, [0x3ca2, nil]]]
0x3cbdS0x3eeaS0x232fS0x15e2	[0x1852, [0x2a84, [0x3ca2, nil]]]
0x3cc0S0x3eeaS0x232fS0x15e2	[0x1852, [0x2a84, [0x3ca2, nil]]]
0x3cc4S0x3eeaS0x232fS0x15e2	[0x1852, [0x2a84, [0x3ca2, nil]]]
0x3ccaS0x3eeaS0x232fS0x15e2	[0x1852, [0x2a84, [0x3ca2, nil]]]
0x3ccfS0x3eeaS0x232fS0x15e2	[0x1852, [0x2a84, [0x3ca2, nil]]]
0x3cd1S0x3eeaS0x232fS0x15e2	[0x1852, [0x2a84, [0x3ca2, nil]]]
0x3cd3S0x3eeaS0x232fS0x15e2	[0x1852, [0x2a84, [0x3ca2, nil]]]
0x3cd5S0x3eeaS0x232fS0x15e2	[0x1852, [0x2a84, [0x3ca2, nil]]]
0x37230S0x3eeaS0x232fS0x15e2	[0x1852, [0x2a84, [0x3ca2, nil]]]
0x58e6S0x2e2dS0x232fS0x15e2	[0x1852, [0x2a84, [0x58e5, nil]]]
0x58e8S0x2e2dS0x232fS0x15e2	[0x1852, [0x2a84, [0x58e5, nil]]]
0x58eaS0x2e2dS0x232fS0x15e2	[0x1852, [0x2a84, [0x58e5, nil]]]
0x58ecS0x2e2dS0x232fS0x15e2	[0x1852, [0x2a84, [0x58e5, nil]]]
0x58edS0x2e2dS0x232fS0x15e2	[0x1852, [0x2a84, [0x58e5, nil]]]
0x58f0S0x2e2dS0x232fS0x15e2	[0x1852, [0x2a84, [0x58e5, nil]]]
0x58f3S0x2e2dS0x232fS0x15e2	[0x1852, [0x2a84, [0x58e5, nil]]]
0x58f6S0x2e2dS0x232fS0x15e2	[0x1852, [0x2a84, [0x58e5, nil]]]
0x58fdS0x2e2dS0x232fS0x15e2	[0x1852, [0x2a84, [0x58e5, nil]]]
0x58feS0x2e2dS0x232fS0x15e2	[0x1852, [0x2a84, [0x58e5, nil]]]
0x5901S0x2e2dS0x232fS0x15e2	[0x1852, [0x2a84, [0x58e5, nil]]]
0x5905S0x2e2dS0x232fS0x15e2	[0x1852, [0x2a84, [0x58e5, nil]]]
0x5906S0x2e2dS0x232fS0x15e2	[0x1852, [0x2a84, [0x58e5, nil]]]
0x5909S0x2e2dS0x232fS0x15e2	[0x1852, [0x2a84, [0x58e5, nil]]]
0x590bS0x2e2dS0x232fS0x15e2	[0x1852, [0x2a84, [0x58e5, nil]]]
0x590dS0x2e2dS0x232fS0x15e2	[0x1852, [0x2a84, [0x58e5, nil]]]
0x590fS0x2e2dS0x232fS0x15e2	[0x1852, [0x2a84, [0x58e5, nil]]]
0x5911S0x2e2dS0x232fS0x15e2	[0x1852, [0x2a84, [0x58e5, nil]]]
0x5912S0x2e2dS0x232fS0x15e2	[0x1852, [0x2a84, [0x58e5, nil]]]
0x5915S0x2e2dS0x232fS0x15e2	[0x1852, [0x2a84, [0x58e5, nil]]]
0x5916S0x2e2dS0x232fS0x15e2	[0x1852, [0x2a84, [0x58e5, nil]]]
0x5919S0x2e2dS0x232fS0x15e2	[0x1852, [0x2a84, [0x58e5, nil]]]
0x591bS0x2e2dS0x232fS0x15e2	[0x1852, [0x2a84, [0x58e5, nil]]]
0x591dS0x2e2dS0x232fS0x15e2	[0x1852, [0x2a84, [0x58e5, nil]]]
0x464bS0x40c3S0x232fS0x15e2	[0x1852, [0x2a84, [0x464a, nil]]]
0x464dS0x40c3S0x232fS0x15e2	[0x1852, [0x2a84, [0x464a, nil]]]
0x464eS0x40c3S0x232fS0x15e2	[0x1852, [0x2a84, [0x464a, nil]]]
0x4650S0x40c3S0x232fS0x15e2	[0x1852, [0x2a84, [0x464a, nil]]]
0x4652S0x40c3S0x232fS0x15e2	[0x1852, [0x2a84, [0x464a, nil]]]
0x4654S0x40c3S0x232fS0x15e2	[0x1852, [0x2a84, [0x464a, nil]]]
0x4655S0x40c3S0x232fS0x15e2	[0x1852, [0x2a84, [0x464a, nil]]]
0x4657S0x40c3S0x232fS0x15e2	[0x1852, [0x2a84, [0x464a, nil]]]
0x4658S0x40c3S0x232fS0x15e2	[0x1852, [0x2a84, [0x464a, nil]]]
0x465bS0x40c3S0x232fS0x15e2	[0x1852, [0x2a84, [0x464a, nil]]]
0x465dS0x40c3S0x232fS0x15e2	[0x1852, [0x2a84, [0x464a, nil]]]
0x4660S0x40c3S0x232fS0x15e2	[0x1852, [0x2a84, [0x464a, nil]]]
0x4664S0x40c3S0x232fS0x15e2	[0x1852, [0x2a84, [0x464a, nil]]]
0x466aS0x40c3S0x232fS0x15e2	[0x1852, [0x2a84, [0x464a, nil]]]
0x466fS0x40c3S0x232fS0x15e2	[0x1852, [0x2a84, [0x464a, nil]]]
0x4671S0x40c3S0x232fS0x15e2	[0x1852, [0x2a84, [0x464a, nil]]]
0x4673S0x40c3S0x232fS0x15e2	[0x1852, [0x2a84, [0x464a, nil]]]
0x4675S0x40c3S0x232fS0x15e2	[0x1852, [0x2a84, [0x464a, nil]]]
0x4676S0x40c3S0x232fS0x15e2	[0x1852, [0x2a84, [0x464a, nil]]]
0x4904S0x57e8S0x232fS0x15e2	[0x1852, [0x2a84, [0x48f3, nil]]]
0x48f4S0x57e8S0x232fS0x15e2	[0x1852, [0x2a84, [0x48f3, nil]]]
0x48f6S0x57e8S0x232fS0x15e2	[0x1852, [0x2a84, [0x48f3, nil]]]
0x48f8S0x57e8S0x232fS0x15e2	[0x1852, [0x2a84, [0x48f3, nil]]]
0x48faS0x57e8S0x232fS0x15e2	[0x1852, [0x2a84, [0x48f3, nil]]]
0x48fbS0x57e8S0x232fS0x15e2	[0x1852, [0x2a84, [0x48f3, nil]]]
0x48fdS0x57e8S0x232fS0x15e2	[0x1852, [0x2a84, [0x48f3, nil]]]
0x48ffS0x57e8S0x232fS0x15e2	[0x1852, [0x2a84, [0x48f3, nil]]]
0x4900S0x57e8S0x232fS0x15e2	[0x1852, [0x2a84, [0x48f3, nil]]]
0x4904S0x57f3S0x232fS0x15e2	[0x1852, [0x2a84, [0x48f3, nil]]]
0x48f4S0x57f3S0x232fS0x15e2	[0x1852, [0x2a84, [0x48f3, nil]]]
0x48f6S0x57f3S0x232fS0x15e2	[0x1852, [0x2a84, [0x48f3, nil]]]
0x48f8S0x57f3S0x232fS0x15e2	[0x1852, [0x2a84, [0x48f3, nil]]]
0x48faS0x57f3S0x232fS0x15e2	[0x1852, [0x2a84, [0x48f3, nil]]]
0x48fbS0x57f3S0x232fS0x15e2	[0x1852, [0x2a84, [0x48f3, nil]]]
0x48fdS0x57f3S0x232fS0x15e2	[0x1852, [0x2a84, [0x48f3, nil]]]
0x48ffS0x57f3S0x232fS0x15e2	[0x1852, [0x2a84, [0x48f3, nil]]]
0x4900S0x57f3S0x232fS0x15e2	[0x1852, [0x2a84, [0x48f3, nil]]]
0x49dcS0x5803S0x232fS0x15e2	[0x1852, [0x2a84, [0x49d1, nil]]]
0x49d2S0x5803S0x232fS0x15e2	[0x1852, [0x2a84, [0x49d1, nil]]]
0x49d5S0x5803S0x232fS0x15e2	[0x1852, [0x2a84, [0x49d1, nil]]]
0x49d7S0x5803S0x232fS0x15e2	[0x1852, [0x2a84, [0x49d1, nil]]]
0x49d8S0x5803S0x232fS0x15e2	[0x1852, [0x2a84, [0x49d1, nil]]]
0x4904S0x5971S0x232fS0x15e2	[0x1852, [0x2a84, [0x48f3, nil]]]
0x48f4S0x5971S0x232fS0x15e2	[0x1852, [0x2a84, [0x48f3, nil]]]
0x48f6S0x5971S0x232fS0x15e2	[0x1852, [0x2a84, [0x48f3, nil]]]
0x48f8S0x5971S0x232fS0x15e2	[0x1852, [0x2a84, [0x48f3, nil]]]
0x48faS0x5971S0x232fS0x15e2	[0x1852, [0x2a84, [0x48f3, nil]]]
0x48fbS0x5971S0x232fS0x15e2	[0x1852, [0x2a84, [0x48f3, nil]]]
0x48fdS0x5971S0x232fS0x15e2	[0x1852, [0x2a84, [0x48f3, nil]]]
0x48ffS0x5971S0x232fS0x15e2	[0x1852, [0x2a84, [0x48f3, nil]]]
0x4900S0x5971S0x232fS0x15e2	[0x1852, [0x2a84, [0x48f3, nil]]]
0x4904S0x597fS0x232fS0x15e2	[0x1852, [0x2a84, [0x48f3, nil]]]
0x48f4S0x597fS0x232fS0x15e2	[0x1852, [0x2a84, [0x48f3, nil]]]
0x48f6S0x597fS0x232fS0x15e2	[0x1852, [0x2a84, [0x48f3, nil]]]
0x48f8S0x597fS0x232fS0x15e2	[0x1852, [0x2a84, [0x48f3, nil]]]
0x48faS0x597fS0x232fS0x15e2	[0x1852, [0x2a84, [0x48f3, nil]]]
0x48fbS0x597fS0x232fS0x15e2	[0x1852, [0x2a84, [0x48f3, nil]]]
0x48fdS0x597fS0x232fS0x15e2	[0x1852, [0x2a84, [0x48f3, nil]]]
0x48ffS0x597fS0x232fS0x15e2	[0x1852, [0x2a84, [0x48f3, nil]]]
0x4900S0x597fS0x232fS0x15e2	[0x1852, [0x2a84, [0x48f3, nil]]]
0x4904S0x5999S0x232fS0x15e2	[0x1852, [0x2a84, [0x48f3, nil]]]
0x48f4S0x5999S0x232fS0x15e2	[0x1852, [0x2a84, [0x48f3, nil]]]
0x48f6S0x5999S0x232fS0x15e2	[0x1852, [0x2a84, [0x48f3, nil]]]
0x48f8S0x5999S0x232fS0x15e2	[0x1852, [0x2a84, [0x48f3, nil]]]
0x48faS0x5999S0x232fS0x15e2	[0x1852, [0x2a84, [0x48f3, nil]]]
0x48fbS0x5999S0x232fS0x15e2	[0x1852, [0x2a84, [0x48f3, nil]]]
0x48fdS0x5999S0x232fS0x15e2	[0x1852, [0x2a84, [0x48f3, nil]]]
0x48ffS0x5999S0x232fS0x15e2	[0x1852, [0x2a84, [0x48f3, nil]]]
0x4900S0x5999S0x232fS0x15e2	[0x1852, [0x2a84, [0x48f3, nil]]]
0x4e66S0x59ecS0x232fS0x15e2	[0x1852, [0x2a84, [0x4e55, nil]]]
0x4e56S0x59ecS0x232fS0x15e2	[0x1852, [0x2a84, [0x4e55, nil]]]
0x4e58S0x59ecS0x232fS0x15e2	[0x1852, [0x2a84, [0x4e55, nil]]]
0x4e5aS0x59ecS0x232fS0x15e2	[0x1852, [0x2a84, [0x4e55, nil]]]
0x4e5cS0x59ecS0x232fS0x15e2	[0x1852, [0x2a84, [0x4e55, nil]]]
0x4e5dS0x59ecS0x232fS0x15e2	[0x1852, [0x2a84, [0x4e55, nil]]]
0x4e5fS0x59ecS0x232fS0x15e2	[0x1852, [0x2a84, [0x4e55, nil]]]
0x4e61S0x59ecS0x232fS0x15e2	[0x1852, [0x2a84, [0x4e55, nil]]]
0x4e62S0x59ecS0x232fS0x15e2	[0x1852, [0x2a84, [0x4e55, nil]]]
0x4ff8S0x2d3bS0x232fS0x15e2	[0x1852, [0x2a84, [0x4fea, nil]]]
0x4febS0x2d3bS0x232fS0x15e2	[0x1852, [0x2a84, [0x4fea, nil]]]
0x4fedS0x2d3bS0x232fS0x15e2	[0x1852, [0x2a84, [0x4fea, nil]]]
0x4ff1S0x2d3bS0x232fS0x15e2	[0x1852, [0x2a84, [0x4fea, nil]]]
0x4ff2S0x2d3bS0x232fS0x15e2	[0x1852, [0x2a84, [0x4fea, nil]]]
0x4ff3S0x2d3bS0x232fS0x15e2	[0x1852, [0x2a84, [0x4fea, nil]]]
0x4ff4S0x2d3bS0x232fS0x15e2	[0x1852, [0x2a84, [0x4fea, nil]]]
0x4ffeS0x2d3bS0x232fS0x15e2	[0x1852, [0x2a84, [0x4fea, nil]]]
0x4fffS0x2d3bS0x232fS0x15e2	[0x1852, [0x2a84, [0x4fea, nil]]]
0x5003S0x2d3bS0x232fS0x15e2	[0x1852, [0x2a84, [0x4fea, nil]]]
0x4904S0x4ffcS0x2d3bS0x232fS0x15e2	[0x1852, [0x2a84, [0x4fea, [0x48f3, nil]]]]
0x48f4S0x4ffcS0x2d3bS0x232fS0x15e2	[0x1852, [0x2a84, [0x4fea, [0x48f3, nil]]]]
0x48f6S0x4ffcS0x2d3bS0x232fS0x15e2	[0x1852, [0x2a84, [0x4fea, [0x48f3, nil]]]]
0x48f8S0x4ffcS0x2d3bS0x232fS0x15e2	[0x1852, [0x2a84, [0x4fea, [0x48f3, nil]]]]
0x48faS0x4ffcS0x2d3bS0x232fS0x15e2	[0x1852, [0x2a84, [0x4fea, [0x48f3, nil]]]]
0x48fbS0x4ffcS0x2d3bS0x232fS0x15e2	[0x1852, [0x2a84, [0x4fea, [0x48f3, nil]]]]
0x48fdS0x4ffcS0x2d3bS0x232fS0x15e2	[0x1852, [0x2a84, [0x4fea, [0x48f3, nil]]]]
0x48ffS0x4ffcS0x2d3bS0x232fS0x15e2	[0x1852, [0x2a84, [0x4fea, [0x48f3, nil]]]]
0x4900S0x4ffcS0x2d3bS0x232fS0x15e2	[0x1852, [0x2a84, [0x4fea, [0x48f3, nil]]]]
0x4ff8S0x2daaS0x232fS0x15e2	[0x1852, [0x2a84, [0x4fea, nil]]]
0x4febS0x2daaS0x232fS0x15e2	[0x1852, [0x2a84, [0x4fea, nil]]]
0x4fedS0x2daaS0x232fS0x15e2	[0x1852, [0x2a84, [0x4fea, nil]]]
0x4ff1S0x2daaS0x232fS0x15e2	[0x1852, [0x2a84, [0x4fea, nil]]]
0x4ff2S0x2daaS0x232fS0x15e2	[0x1852, [0x2a84, [0x4fea, nil]]]
0x4ff3S0x2daaS0x232fS0x15e2	[0x1852, [0x2a84, [0x4fea, nil]]]
0x4ff4S0x2daaS0x232fS0x15e2	[0x1852, [0x2a84, [0x4fea, nil]]]
0x4ffeS0x2daaS0x232fS0x15e2	[0x1852, [0x2a84, [0x4fea, nil]]]
0x4fffS0x2daaS0x232fS0x15e2	[0x1852, [0x2a84, [0x4fea, nil]]]
0x5003S0x2daaS0x232fS0x15e2	[0x1852, [0x2a84, [0x4fea, nil]]]
0x4904S0x4ffcS0x2daaS0x232fS0x15e2	[0x1852, [0x2a84, [0x4fea, [0x48f3, nil]]]]
0x48f4S0x4ffcS0x2daaS0x232fS0x15e2	[0x1852, [0x2a84, [0x4fea, [0x48f3, nil]]]]
0x48f6S0x4ffcS0x2daaS0x232fS0x15e2	[0x1852, [0x2a84, [0x4fea, [0x48f3, nil]]]]
0x48f8S0x4ffcS0x2daaS0x232fS0x15e2	[0x1852, [0x2a84, [0x4fea, [0x48f3, nil]]]]
0x48faS0x4ffcS0x2daaS0x232fS0x15e2	[0x1852, [0x2a84, [0x4fea, [0x48f3, nil]]]]
0x48fbS0x4ffcS0x2daaS0x232fS0x15e2	[0x1852, [0x2a84, [0x4fea, [0x48f3, nil]]]]
0x48fdS0x4ffcS0x2daaS0x232fS0x15e2	[0x1852, [0x2a84, [0x4fea, [0x48f3, nil]]]]
0x48ffS0x4ffcS0x2daaS0x232fS0x15e2	[0x1852, [0x2a84, [0x4fea, [0x48f3, nil]]]]
0x4900S0x4ffcS0x2daaS0x232fS0x15e2	[0x1852, [0x2a84, [0x4fea, [0x48f3, nil]]]]
0x4ff8S0x2f27S0x232fS0x15e2	[0x1852, [0x2a84, [0x4fea, nil]]]
0x4febS0x2f27S0x232fS0x15e2	[0x1852, [0x2a84, [0x4fea, nil]]]
0x4fedS0x2f27S0x232fS0x15e2	[0x1852, [0x2a84, [0x4fea, nil]]]
0x4ff1S0x2f27S0x232fS0x15e2	[0x1852, [0x2a84, [0x4fea, nil]]]
0x4ff2S0x2f27S0x232fS0x15e2	[0x1852, [0x2a84, [0x4fea, nil]]]
0x4ff3S0x2f27S0x232fS0x15e2	[0x1852, [0x2a84, [0x4fea, nil]]]
0x4ff4S0x2f27S0x232fS0x15e2	[0x1852, [0x2a84, [0x4fea, nil]]]
0x4ffeS0x2f27S0x232fS0x15e2	[0x1852, [0x2a84, [0x4fea, nil]]]
0x4fffS0x2f27S0x232fS0x15e2	[0x1852, [0x2a84, [0x4fea, nil]]]
0x5003S0x2f27S0x232fS0x15e2	[0x1852, [0x2a84, [0x4fea, nil]]]
0x4904S0x4ffcS0x2f27S0x232fS0x15e2	[0x1852, [0x2a84, [0x4fea, [0x48f3, nil]]]]
0x48f4S0x4ffcS0x2f27S0x232fS0x15e2	[0x1852, [0x2a84, [0x4fea, [0x48f3, nil]]]]
0x48f6S0x4ffcS0x2f27S0x232fS0x15e2	[0x1852, [0x2a84, [0x4fea, [0x48f3, nil]]]]
0x48f8S0x4ffcS0x2f27S0x232fS0x15e2	[0x1852, [0x2a84, [0x4fea, [0x48f3, nil]]]]
0x48faS0x4ffcS0x2f27S0x232fS0x15e2	[0x1852, [0x2a84, [0x4fea, [0x48f3, nil]]]]
0x48fbS0x4ffcS0x2f27S0x232fS0x15e2	[0x1852, [0x2a84, [0x4fea, [0x48f3, nil]]]]
0x48fdS0x4ffcS0x2f27S0x232fS0x15e2	[0x1852, [0x2a84, [0x4fea, [0x48f3, nil]]]]
0x48ffS0x4ffcS0x2f27S0x232fS0x15e2	[0x1852, [0x2a84, [0x4fea, [0x48f3, nil]]]]
0x4900S0x4ffcS0x2f27S0x232fS0x15e2	[0x1852, [0x2a84, [0x4fea, [0x48f3, nil]]]]
0x592eS0x2f97S0x232fS0x15e2	[0x1852, [0x2a84, [0x5920, nil]]]
0x5921S0x2f97S0x232fS0x15e2	[0x1852, [0x2a84, [0x5920, nil]]]
0x5923S0x2f97S0x232fS0x15e2	[0x1852, [0x2a84, [0x5920, nil]]]
0x5927S0x2f97S0x232fS0x15e2	[0x1852, [0x2a84, [0x5920, nil]]]
0x5928S0x2f97S0x232fS0x15e2	[0x1852, [0x2a84, [0x5920, nil]]]
0x5929S0x2f97S0x232fS0x15e2	[0x1852, [0x2a84, [0x5920, nil]]]
0x592aS0x2f97S0x232fS0x15e2	[0x1852, [0x2a84, [0x5920, nil]]]
0x5934S0x2f97S0x232fS0x15e2	[0x1852, [0x2a84, [0x5920, nil]]]
0x5935S0x2f97S0x232fS0x15e2	[0x1852, [0x2a84, [0x5920, nil]]]
0x5939S0x2f97S0x232fS0x15e2	[0x1852, [0x2a84, [0x5920, nil]]]
0x4e66S0x5932S0x2f97S0x232fS0x15e2	[0x1852, [0x2a84, [0x5920, [0x4e55, nil]]]]
0x4e56S0x5932S0x2f97S0x232fS0x15e2	[0x1852, [0x2a84, [0x5920, [0x4e55, nil]]]]
0x4e58S0x5932S0x2f97S0x232fS0x15e2	[0x1852, [0x2a84, [0x5920, [0x4e55, nil]]]]
0x4e5aS0x5932S0x2f97S0x232fS0x15e2	[0x1852, [0x2a84, [0x5920, [0x4e55, nil]]]]
0x4e5cS0x5932S0x2f97S0x232fS0x15e2	[0x1852, [0x2a84, [0x5920, [0x4e55, nil]]]]
0x4e5dS0x5932S0x2f97S0x232fS0x15e2	[0x1852, [0x2a84, [0x5920, [0x4e55, nil]]]]
0x4e5fS0x5932S0x2f97S0x232fS0x15e2	[0x1852, [0x2a84, [0x5920, [0x4e55, nil]]]]
0x4e61S0x5932S0x2f97S0x232fS0x15e2	[0x1852, [0x2a84, [0x5920, [0x4e55, nil]]]]
0x4e62S0x5932S0x2f97S0x232fS0x15e2	[0x1852, [0x2a84, [0x5920, [0x4e55, nil]]]]
0x4875S0x34deS0x232fS0x15e2	[0x1852, [0x2a84, [0x4872, nil]]]
0x4876S0x34deS0x232fS0x15e2	[0x1852, [0x2a84, [0x4872, nil]]]
0x487aS0x34deS0x232fS0x15e2	[0x1852, [0x2a84, [0x4872, nil]]]
0x487dS0x34deS0x232fS0x15e2	[0x1852, [0x2a84, [0x4872, nil]]]
0x487fS0x34deS0x232fS0x15e2	[0x1852, [0x2a84, [0x4872, nil]]]
0x4884S0x34deS0x232fS0x15e2	[0x1852, [0x2a84, [0x4872, nil]]]
0x4886S0x34deS0x232fS0x15e2	[0x1852, [0x2a84, [0x4872, nil]]]
0x4887S0x34deS0x232fS0x15e2	[0x1852, [0x2a84, [0x4872, nil]]]
0x488fS0x34deS0x232fS0x15e2	[0x1852, [0x2a84, [0x4872, nil]]]
0x4891S0x34deS0x232fS0x15e2	[0x1852, [0x2a84, [0x4872, nil]]]
0x4892S0x34deS0x232fS0x15e2	[0x1852, [0x2a84, [0x4872, nil]]]
0x4895S0x34deS0x232fS0x15e2	[0x1852, [0x2a84, [0x4872, nil]]]
0x4897S0x34deS0x232fS0x15e2	[0x1852, [0x2a84, [0x4872, nil]]]
0x489aS0x34deS0x232fS0x15e2	[0x1852, [0x2a84, [0x4872, nil]]]
0x489cS0x34deS0x232fS0x15e2	[0x1852, [0x2a84, [0x4872, nil]]]
0x489eS0x34deS0x232fS0x15e2	[0x1852, [0x2a84, [0x4872, nil]]]
0x48a1S0x34deS0x232fS0x15e2	[0x1852, [0x2a84, [0x4872, nil]]]
0x48a3S0x34deS0x232fS0x15e2	[0x1852, [0x2a84, [0x4872, nil]]]
0x3ae30S0x34deS0x232fS0x15e2	[0x1852, [0x2a84, [0x4872, nil]]]
0x48b1S0x488eS0x34deS0x232fS0x15e2	[0x1852, [0x2a84, [0x4872, [0x48a8, nil]]]]
0x48b5S0x488eS0x34deS0x232fS0x15e2	[0x1852, [0x2a84, [0x4872, [0x48a8, nil]]]]
0x48b7S0x488eS0x34deS0x232fS0x15e2	[0x1852, [0x2a84, [0x4872, [0x48a8, nil]]]]
0x48b8S0x488eS0x34deS0x232fS0x15e2	[0x1852, [0x2a84, [0x4872, [0x48a8, nil]]]]
0x48b1_0x0S0x488eS0x34deS0x232fS0x15e2	[0x1852, [0x2a84, [0x4872, [0x48a8, nil]]]]
0x48abS0x488eS0x34deS0x232fS0x15e2	[0x1852, [0x2a84, [0x4872, [0x48a8, nil]]]]
0x48acS0x488eS0x34deS0x232fS0x15e2	[0x1852, [0x2a84, [0x4872, [0x48a8, nil]]]]
0x48adS0x488eS0x34deS0x232fS0x15e2	[0x1852, [0x2a84, [0x4872, [0x48a8, nil]]]]
0x48a8_0x0S0x488eS0x34deS0x232fS0x15e2	[0x1852, [0x2a84, [0x4872, [0x48a8, nil]]]]
0x5422S0x1ab5S0x15e2	[0x1852, [0x53cd, nil]]
0x543dS0x1ab5S0x15e2	[0x1852, [0x53cd, nil]]
0x544cS0x1ab5S0x15e2	[0x1852, [0x53cd, nil]]
0x53ceS0x1ab5S0x15e2	[0x1852, [0x53cd, nil]]
0x53d0S0x1ab5S0x15e2	[0x1852, [0x53cd, nil]]
0x53d3S0x1ab5S0x15e2	[0x1852, [0x53cd, nil]]
0x53d7S0x1ab5S0x15e2	[0x1852, [0x53cd, nil]]
0x53d9S0x1ab5S0x15e2	[0x1852, [0x53cd, nil]]
0x53dcS0x1ab5S0x15e2	[0x1852, [0x53cd, nil]]
0x53dfS0x1ab5S0x15e2	[0x1852, [0x53cd, nil]]
0x53e1S0x1ab5S0x15e2	[0x1852, [0x53cd, nil]]
0x53e3S0x1ab5S0x15e2	[0x1852, [0x53cd, nil]]
0x53e6S0x1ab5S0x15e2	[0x1852, [0x53cd, nil]]
0x53ecS0x1ab5S0x15e2	[0x1852, [0x53cd, nil]]
0x53efS0x1ab5S0x15e2	[0x1852, [0x53cd, nil]]
0x53f2S0x1ab5S0x15e2	[0x1852, [0x53cd, nil]]
0x53f5S0x1ab5S0x15e2	[0x1852, [0x53cd, nil]]
0x53f7S0x1ab5S0x15e2	[0x1852, [0x53cd, nil]]
0x53f9S0x1ab5S0x15e2	[0x1852, [0x53cd, nil]]
0x53faS0x1ab5S0x15e2	[0x1852, [0x53cd, nil]]
0x53feS0x1ab5S0x15e2	[0x1852, [0x53cd, nil]]
0x42630S0x1ab5S0x15e2	[0x1852, [0x53cd, nil]]
0x5476S0x1ab5S0x15e2	[0x1852, [0x53cd, nil]]
0x5477S0x1ab5S0x15e2	[0x1852, [0x53cd, nil]]
0x547aS0x1ab5S0x15e2	[0x1852, [0x53cd, nil]]
0x547cS0x1ab5S0x15e2	[0x1852, [0x53cd, nil]]
0x5481S0x1ab5S0x15e2	[0x1852, [0x53cd, nil]]
0x546f_0x4S0x1ab5S0x15e2	[0x1852, [0x53cd, nil]]
0x5428S0x1ab5S0x15e2	[0x1852, [0x53cd, nil]]
0x542bS0x1ab5S0x15e2	[0x1852, [0x53cd, nil]]
0x542dS0x1ab5S0x15e2	[0x1852, [0x53cd, nil]]
0x542eS0x1ab5S0x15e2	[0x1852, [0x53cd, nil]]
0x5430S0x1ab5S0x15e2	[0x1852, [0x53cd, nil]]
0x5432S0x1ab5S0x15e2	[0x1852, [0x53cd, nil]]
0x5434S0x1ab5S0x15e2	[0x1852, [0x53cd, nil]]
0x5435S0x1ab5S0x15e2	[0x1852, [0x53cd, nil]]
0x5437S0x1ab5S0x15e2	[0x1852, [0x53cd, nil]]
0x5438S0x1ab5S0x15e2	[0x1852, [0x53cd, nil]]
0x5439S0x1ab5S0x15e2	[0x1852, [0x53cd, nil]]
0x5443S0x1ab5S0x15e2	[0x1852, [0x53cd, nil]]
0x5444S0x1ab5S0x15e2	[0x1852, [0x53cd, nil]]
0x5446S0x1ab5S0x15e2	[0x1852, [0x53cd, nil]]
0x5447S0x1ab5S0x15e2	[0x1852, [0x53cd, nil]]
0x5448S0x1ab5S0x15e2	[0x1852, [0x53cd, nil]]
0x5451S0x1ab5S0x15e2	[0x1852, [0x53cd, nil]]
0x5457S0x1ab5S0x15e2	[0x1852, [0x53cd, nil]]
0x5462S0x1ab5S0x15e2	[0x1852, [0x53cd, nil]]
0x5466S0x1ab5S0x15e2	[0x1852, [0x53cd, nil]]
0x5468S0x1ab5S0x15e2	[0x1852, [0x53cd, nil]]
0x546aS0x1ab5S0x15e2	[0x1852, [0x53cd, nil]]
0x546bS0x1ab5S0x15e2	[0x1852, [0x53cd, nil]]
0x545b_0x3S0x1ab5S0x15e2	[0x1852, [0x53cd, nil]]
0x545b_0x4S0x1ab5S0x15e2	[0x1852, [0x53cd, nil]]
0x545b_0x5S0x1ab5S0x15e2	[0x1852, [0x53cd, nil]]
0x5355S0x1ab5S0x15e2	[0x1852, [0x53cd, nil]]
0x5358S0x1ab5S0x15e2	[0x1852, [0x53cd, nil]]
0x535bS0x1ab5S0x15e2	[0x1852, [0x53cd, nil]]
0x535fS0x1ab5S0x15e2	[0x1852, [0x53cd, nil]]
0x5360S0x1ab5S0x15e2	[0x1852, [0x53cd, nil]]
0x5364S0x1ab5S0x15e2	[0x1852, [0x53cd, nil]]
0x5369S0x1ab5S0x15e2	[0x1852, [0x53cd, nil]]
0x536dS0x1ab5S0x15e2	[0x1852, [0x53cd, nil]]
0x536eS0x1ab5S0x15e2	[0x1852, [0x53cd, nil]]
0x5370S0x1ab5S0x15e2	[0x1852, [0x53cd, nil]]
0x5371S0x1ab5S0x15e2	[0x1852, [0x53cd, nil]]
0x5374S0x1ab5S0x15e2	[0x1852, [0x53cd, nil]]
0x5375S0x1ab5S0x15e2	[0x1852, [0x53cd, nil]]
0x534f_0x2S0x1ab5S0x15e2	[0x1852, [0x53cd, nil]]
0x5403S0x1ab5S0x15e2	[0x1852, [0x53cd, nil]]
0x5404S0x1ab5S0x15e2	[0x1852, [0x53cd, nil]]
0x5405S0x1ab5S0x15e2	[0x1852, [0x53cd, nil]]
0x5400_0x0S0x1ab5S0x15e2	[0x1852, [0x53cd, nil]]
0x540bS0x1ab5S0x15e2	[0x1852, [0x53cd, nil]]
0x540cS0x1ab5S0x15e2	[0x1852, [0x53cd, nil]]
0x540eS0x1ab5S0x15e2	[0x1852, [0x53cd, nil]]
0x540fS0x1ab5S0x15e2	[0x1852, [0x53cd, nil]]
0x5413S0x1ab5S0x15e2	[0x1852, [0x53cd, nil]]
0x5414S0x1ab5S0x15e2	[0x1852, [0x53cd, nil]]
0x5417S0x1ab5S0x15e2	[0x1852, [0x53cd, nil]]
0x5418S0x1ab5S0x15e2	[0x1852, [0x53cd, nil]]
0x541aS0x1ab5S0x15e2	[0x1852, [0x53cd, nil]]
0x541bS0x1ab5S0x15e2	[0x1852, [0x53cd, nil]]
0x541dS0x1ab5S0x15e2	[0x1852, [0x53cd, nil]]
0x541eS0x1ab5S0x15e2	[0x1852, [0x53cd, nil]]
0x5409_0x1S0x1ab5S0x15e2	[0x1852, [0x53cd, nil]]
0x5409_0x2S0x1ab5S0x15e2	[0x1852, [0x53cd, nil]]
0x5409_0x4S0x1ab5S0x15e2	[0x1852, [0x53cd, nil]]
0x53c0_0x3S0x546fS0x1ab5S0x15e2	[0x1852, [0x53cd, [0x5378, nil]]]
0x53b1S0x546fS0x1ab5S0x15e2	[0x1852, [0x53cd, [0x5378, nil]]]
0x53b7S0x546fS0x1ab5S0x15e2	[0x1852, [0x53cd, [0x5378, nil]]]
0x53b9S0x546fS0x1ab5S0x15e2	[0x1852, [0x53cd, [0x5378, nil]]]
0x53bbS0x546fS0x1ab5S0x15e2	[0x1852, [0x53cd, [0x5378, nil]]]
0x53bcS0x546fS0x1ab5S0x15e2	[0x1852, [0x53cd, [0x5378, nil]]]
0x53ae_0x1S0x546fS0x1ab5S0x15e2	[0x1852, [0x53cd, [0x5378, nil]]]
0x53ae_0x2S0x546fS0x1ab5S0x15e2	[0x1852, [0x53cd, [0x5378, nil]]]
0x53ae_0x9S0x546fS0x1ab5S0x15e2	[0x1852, [0x53cd, [0x5378, nil]]]
0x5399S0x546fS0x1ab5S0x15e2	[0x1852, [0x53cd, [0x5378, nil]]]
0x539aS0x546fS0x1ab5S0x15e2	[0x1852, [0x53cd, [0x5378, nil]]]
0x539bS0x546fS0x1ab5S0x15e2	[0x1852, [0x53cd, [0x5378, nil]]]
0x5396_0x0S0x546fS0x1ab5S0x15e2	[0x1852, [0x53cd, [0x5378, nil]]]
0x5379S0x546fS0x1ab5S0x15e2	[0x1852, [0x53cd, [0x5378, nil]]]
0x537cS0x546fS0x1ab5S0x15e2	[0x1852, [0x53cd, [0x5378, nil]]]
0x5380S0x546fS0x1ab5S0x15e2	[0x1852, [0x53cd, [0x5378, nil]]]
0x5384S0x546fS0x1ab5S0x15e2	[0x1852, [0x53cd, [0x5378, nil]]]
0x538aS0x546fS0x1ab5S0x15e2	[0x1852, [0x53cd, [0x5378, nil]]]
0x538cS0x546fS0x1ab5S0x15e2	[0x1852, [0x53cd, [0x5378, nil]]]
0x538eS0x546fS0x1ab5S0x15e2	[0x1852, [0x53cd, [0x5378, nil]]]
0x5393S0x546fS0x1ab5S0x15e2	[0x1852, [0x53cd, [0x5378, nil]]]
0x5394S0x546fS0x1ab5S0x15e2	[0x1852, [0x53cd, [0x5378, nil]]]
0x41c30S0x546fS0x1ab5S0x15e2	[0x1852, [0x53cd, [0x5378, nil]]]
0x53a1S0x546fS0x1ab5S0x15e2	[0x1852, [0x53cd, [0x5378, nil]]]
0x53a4S0x546fS0x1ab5S0x15e2	[0x1852, [0x53cd, [0x5378, nil]]]
0x53a9S0x546fS0x1ab5S0x15e2	[0x1852, [0x53cd, [0x5378, nil]]]
0x53aaS0x546fS0x1ab5S0x15e2	[0x1852, [0x53cd, [0x5378, nil]]]
0x539f_0x1S0x546fS0x1ab5S0x15e2	[0x1852, [0x53cd, [0x5378, nil]]]
0x539f_0x3S0x546fS0x1ab5S0x15e2	[0x1852, [0x53cd, [0x5378, nil]]]
0x539f_0x8S0x546fS0x1ab5S0x15e2	[0x1852, [0x53cd, [0x5378, nil]]]
0x49abS0x539fS0x546fS0x1ab5S0x15e2	[0x1852, [0x53cd, [0x5378, [0x4992, nil]]]]
0x49adS0x539fS0x546fS0x1ab5S0x15e2	[0x1852, [0x53cd, [0x5378, [0x4992, nil]]]]
0x49aeS0x539fS0x546fS0x1ab5S0x15e2	[0x1852, [0x53cd, [0x5378, [0x4992, nil]]]]
0x49b0S0x539fS0x546fS0x1ab5S0x15e2	[0x1852, [0x53cd, [0x5378, [0x4992, nil]]]]
0x49b1S0x539fS0x546fS0x1ab5S0x15e2	[0x1852, [0x53cd, [0x5378, [0x4992, nil]]]]
0x49b5S0x539fS0x546fS0x1ab5S0x15e2	[0x1852, [0x53cd, [0x5378, [0x4992, nil]]]]
0x49b6S0x539fS0x546fS0x1ab5S0x15e2	[0x1852, [0x53cd, [0x5378, [0x4992, nil]]]]
0x49b8S0x539fS0x546fS0x1ab5S0x15e2	[0x1852, [0x53cd, [0x5378, [0x4992, nil]]]]
0x4993S0x539fS0x546fS0x1ab5S0x15e2	[0x1852, [0x53cd, [0x5378, [0x4992, nil]]]]
0x4996S0x539fS0x546fS0x1ab5S0x15e2	[0x1852, [0x53cd, [0x5378, [0x4992, nil]]]]
0x499aS0x539fS0x546fS0x1ab5S0x15e2	[0x1852, [0x53cd, [0x5378, [0x4992, nil]]]]
0x499eS0x539fS0x546fS0x1ab5S0x15e2	[0x1852, [0x53cd, [0x5378, [0x4992, nil]]]]
0x49a1S0x539fS0x546fS0x1ab5S0x15e2	[0x1852, [0x53cd, [0x5378, [0x4992, nil]]]]
0x49a2S0x539fS0x546fS0x1ab5S0x15e2	[0x1852, [0x53cd, [0x5378, [0x4992, nil]]]]
0x49a5S0x539fS0x546fS0x1ab5S0x15e2	[0x1852, [0x53cd, [0x5378, [0x4992, nil]]]]
0x49a6S0x539fS0x546fS0x1ab5S0x15e2	[0x1852, [0x53cd, [0x5378, [0x4992, nil]]]]
0x498cS0x4992S0x539fS0x546fS0x1ab5S0x15e2	[0x1852, [0x53cd, [0x5378, [0x4992, [0x496e, nil]]]]]
0x498fS0x4992S0x539fS0x546fS0x1ab5S0x15e2	[0x1852, [0x53cd, [0x5378, [0x4992, [0x496e, nil]]]]]
0x4974S0x4992S0x539fS0x546fS0x1ab5S0x15e2	[0x1852, [0x53cd, [0x5378, [0x4992, [0x496e, nil]]]]]
0x4975S0x4992S0x539fS0x546fS0x1ab5S0x15e2	[0x1852, [0x53cd, [0x5378, [0x4992, [0x496e, nil]]]]]
0x4976S0x4992S0x539fS0x546fS0x1ab5S0x15e2	[0x1852, [0x53cd, [0x5378, [0x4992, [0x496e, nil]]]]]
0x4971_0x0S0x4992S0x539fS0x546fS0x1ab5S0x15e2	[0x1852, [0x53cd, [0x5378, [0x4992, [0x496e, nil]]]]]
0x496fS0x4992S0x539fS0x546fS0x1ab5S0x15e2	[0x1852, [0x53cd, [0x5378, [0x4992, [0x496e, nil]]]]]
0x3b830S0x4992S0x539fS0x546fS0x1ab5S0x15e2	[0x1852, [0x53cd, [0x5378, [0x4992, [0x496e, nil]]]]]
0x497cS0x4992S0x539fS0x546fS0x1ab5S0x15e2	[0x1852, [0x53cd, [0x5378, [0x4992, [0x496e, nil]]]]]
0x497dS0x4992S0x539fS0x546fS0x1ab5S0x15e2	[0x1852, [0x53cd, [0x5378, [0x4992, [0x496e, nil]]]]]
0x4980S0x4992S0x539fS0x546fS0x1ab5S0x15e2	[0x1852, [0x53cd, [0x5378, [0x4992, [0x496e, nil]]]]]
0x4982S0x4992S0x539fS0x546fS0x1ab5S0x15e2	[0x1852, [0x53cd, [0x5378, [0x4992, [0x496e, nil]]]]]
0x4984S0x4992S0x539fS0x546fS0x1ab5S0x15e2	[0x1852, [0x53cd, [0x5378, [0x4992, [0x496e, nil]]]]]
0x4985S0x4992S0x539fS0x546fS0x1ab5S0x15e2	[0x1852, [0x53cd, [0x5378, [0x4992, [0x496e, nil]]]]]
0x497a_0x0S0x4992S0x539fS0x546fS0x1ab5S0x15e2	[0x1852, [0x53cd, [0x5378, [0x4992, [0x496e, nil]]]]]
0x3603S0x23d7S0x15e2	[0x1852, [0x35da, nil]]
0x3605S0x23d7S0x15e2	[0x1852, [0x35da, nil]]
0x3607S0x23d7S0x15e2	[0x1852, [0x35da, nil]]
0x3609S0x23d7S0x15e2	[0x1852, [0x35da, nil]]
0x360aS0x23d7S0x15e2	[0x1852, [0x35da, nil]]
0x360cS0x23d7S0x15e2	[0x1852, [0x35da, nil]]
0x360dS0x23d7S0x15e2	[0x1852, [0x35da, nil]]
0x360eS0x23d7S0x15e2	[0x1852, [0x35da, nil]]
0x360fS0x23d7S0x15e2	[0x1852, [0x35da, nil]]
0x3613S0x23d7S0x15e2	[0x1852, [0x35da, nil]]
0x3615S0x23d7S0x15e2	[0x1852, [0x35da, nil]]
0x3616S0x23d7S0x15e2	[0x1852, [0x35da, nil]]
0x361aS0x23d7S0x15e2	[0x1852, [0x35da, nil]]
0x361cS0x23d7S0x15e2	[0x1852, [0x35da, nil]]
0x361fS0x23d7S0x15e2	[0x1852, [0x35da, nil]]
0x3621S0x23d7S0x15e2	[0x1852, [0x35da, nil]]
0x3624S0x23d7S0x15e2	[0x1852, [0x35da, nil]]
0x3626S0x23d7S0x15e2	[0x1852, [0x35da, nil]]
0x3628S0x23d7S0x15e2	[0x1852, [0x35da, nil]]
0x362bS0x23d7S0x15e2	[0x1852, [0x35da, nil]]
0x362dS0x23d7S0x15e2	[0x1852, [0x35da, nil]]
0x3642S0x23d7S0x15e2	[0x1852, [0x35da, nil]]
0x3644S0x23d7S0x15e2	[0x1852, [0x35da, nil]]
0x3645S0x23d7S0x15e2	[0x1852, [0x35da, nil]]
0x3648S0x23d7S0x15e2	[0x1852, [0x35da, nil]]
0x364aS0x23d7S0x15e2	[0x1852, [0x35da, nil]]
0x364cS0x23d7S0x15e2	[0x1852, [0x35da, nil]]
0x364dS0x23d7S0x15e2	[0x1852, [0x35da, nil]]
0x367fS0x23d7S0x15e2	[0x1852, [0x35da, nil]]
0x3681S0x23d7S0x15e2	[0x1852, [0x35da, nil]]
0x3683S0x23d7S0x15e2	[0x1852, [0x35da, nil]]
0x3685S0x23d7S0x15e2	[0x1852, [0x35da, nil]]
0x3686S0x23d7S0x15e2	[0x1852, [0x35da, nil]]
0x3688S0x23d7S0x15e2	[0x1852, [0x35da, nil]]
0x3689S0x23d7S0x15e2	[0x1852, [0x35da, nil]]
0x368aS0x23d7S0x15e2	[0x1852, [0x35da, nil]]
0x368bS0x23d7S0x15e2	[0x1852, [0x35da, nil]]
0x368fS0x23d7S0x15e2	[0x1852, [0x35da, nil]]
0x3691S0x23d7S0x15e2	[0x1852, [0x35da, nil]]
0x3692S0x23d7S0x15e2	[0x1852, [0x35da, nil]]
0x3696S0x23d7S0x15e2	[0x1852, [0x35da, nil]]
0x3698S0x23d7S0x15e2	[0x1852, [0x35da, nil]]
0x369bS0x23d7S0x15e2	[0x1852, [0x35da, nil]]
0x369dS0x23d7S0x15e2	[0x1852, [0x35da, nil]]
0x36a0S0x23d7S0x15e2	[0x1852, [0x35da, nil]]
0x36a2S0x23d7S0x15e2	[0x1852, [0x35da, nil]]
0x36a4S0x23d7S0x15e2	[0x1852, [0x35da, nil]]
0x36a7S0x23d7S0x15e2	[0x1852, [0x35da, nil]]
0x36a9S0x23d7S0x15e2	[0x1852, [0x35da, nil]]
0x36caS0x23d7S0x15e2	[0x1852, [0x35da, nil]]
0x36cdS0x23d7S0x15e2	[0x1852, [0x35da, nil]]
0x36cfS0x23d7S0x15e2	[0x1852, [0x35da, nil]]
0x36d1S0x23d7S0x15e2	[0x1852, [0x35da, nil]]
0x36d2S0x23d7S0x15e2	[0x1852, [0x35da, nil]]
0x35dbS0x23d7S0x15e2	[0x1852, [0x35da, nil]]
0x35deS0x23d7S0x15e2	[0x1852, [0x35da, nil]]
0x35e0S0x23d7S0x15e2	[0x1852, [0x35da, nil]]
0x35e2S0x23d7S0x15e2	[0x1852, [0x35da, nil]]
0x35e4S0x23d7S0x15e2	[0x1852, [0x35da, nil]]
0x35e5S0x23d7S0x15e2	[0x1852, [0x35da, nil]]
0x35f0S0x23d7S0x15e2	[0x1852, [0x35da, nil]]
0x31830S0x23d7S0x15e2	[0x1852, [0x35da, nil]]
0x35f4S0x23d7S0x15e2	[0x1852, [0x35da, nil]]
0x35f6S0x23d7S0x15e2	[0x1852, [0x35da, nil]]
0x35f8S0x23d7S0x15e2	[0x1852, [0x35da, nil]]
0x35faS0x23d7S0x15e2	[0x1852, [0x35da, nil]]
0x35fbS0x23d7S0x15e2	[0x1852, [0x35da, nil]]
0x35fdS0x23d7S0x15e2	[0x1852, [0x35da, nil]]
0x35feS0x23d7S0x15e2	[0x1852, [0x35da, nil]]
0x35ffS0x23d7S0x15e2	[0x1852, [0x35da, nil]]
0x365bS0x23d7S0x15e2	[0x1852, [0x35da, nil]]
0x365dS0x23d7S0x15e2	[0x1852, [0x35da, nil]]
0x365eS0x23d7S0x15e2	[0x1852, [0x35da, nil]]
0x32230S0x23d7S0x15e2	[0x1852, [0x35da, nil]]
0x3655S0x23d7S0x15e2	[0x1852, [0x35da, nil]]
0xbe32S0x23d7S0x15e2	[0x1852, [0x35da, nil]]
0xbe34S0x23d7S0x15e2	[0x1852, [0x35da, nil]]
0xbe37S0x23d7S0x15e2	[0x1852, [0x35da, nil]]
0x3662S0x23d7S0x15e2	[0x1852, [0x35da, nil]]
0x3664S0x23d7S0x15e2	[0x1852, [0x35da, nil]]
0x3665S0x23d7S0x15e2	[0x1852, [0x35da, nil]]
0x3667S0x23d7S0x15e2	[0x1852, [0x35da, nil]]
0x3668S0x23d7S0x15e2	[0x1852, [0x35da, nil]]
0x367aS0x23d7S0x15e2	[0x1852, [0x35da, nil]]
0x367bS0x23d7S0x15e2	[0x1852, [0x35da, nil]]
0x3679_0x0S0x23d7S0x15e2	[0x1852, [0x35da, nil]]
0x36dfS0x23d7S0x15e2	[0x1852, [0x35da, nil]]
0x36e2S0x23d7S0x15e2	[0x1852, [0x35da, nil]]
0x36e3S0x23d7S0x15e2	[0x1852, [0x35da, nil]]
0x33630S0x23d7S0x15e2	[0x1852, [0x35da, nil]]
0x36d9S0x23d7S0x15e2	[0x1852, [0x35da, nil]]
0xbe5aS0x23d7S0x15e2	[0x1852, [0x35da, nil]]
0xbe5cS0x23d7S0x15e2	[0x1852, [0x35da, nil]]
0xbe5fS0x23d7S0x15e2	[0x1852, [0x35da, nil]]
0xffec7_0x1S0x23d7S0x15e2	[0x1852, [0x35da, nil]]
0xffec7_0x2S0x23d7S0x15e2	[0x1852, [0x35da, nil]]
0x100ae2_0x1S0x23d7S0x15e2	[0x1852, [0x35da, nil]]
0x100ae2_0x2S0x23d7S0x15e2	[0x1852, [0x35da, nil]]
0x35eaS0x23d7S0x15e2	[0x1852, [0x35da, nil]]
0x366dS0x23d7S0x15e2	[0x1852, [0x35da, nil]]
0x366fS0x23d7S0x15e2	[0x1852, [0x35da, nil]]
0x3671S0x23d7S0x15e2	[0x1852, [0x35da, nil]]
0x3673S0x23d7S0x15e2	[0x1852, [0x35da, nil]]
0x3674S0x23d7S0x15e2	[0x1852, [0x35da, nil]]
0x3676S0x23d7S0x15e2	[0x1852, [0x35da, nil]]
0x3677S0x23d7S0x15e2	[0x1852, [0x35da, nil]]
0x3678S0x23d7S0x15e2	[0x1852, [0x35da, nil]]
0x32c30S0x23d7S0x15e2	[0x1852, [0x35da, nil]]
0x3603S0x25c0S0x15e2	[0x1852, [0x35da, nil]]
0x3605S0x25c0S0x15e2	[0x1852, [0x35da, nil]]
0x3607S0x25c0S0x15e2	[0x1852, [0x35da, nil]]
0x3609S0x25c0S0x15e2	[0x1852, [0x35da, nil]]
0x360aS0x25c0S0x15e2	[0x1852, [0x35da, nil]]
0x360cS0x25c0S0x15e2	[0x1852, [0x35da, nil]]
0x360dS0x25c0S0x15e2	[0x1852, [0x35da, nil]]
0x360eS0x25c0S0x15e2	[0x1852, [0x35da, nil]]
0x360fS0x25c0S0x15e2	[0x1852, [0x35da, nil]]
0x3613S0x25c0S0x15e2	[0x1852, [0x35da, nil]]
0x3615S0x25c0S0x15e2	[0x1852, [0x35da, nil]]
0x3616S0x25c0S0x15e2	[0x1852, [0x35da, nil]]
0x361aS0x25c0S0x15e2	[0x1852, [0x35da, nil]]
0x361cS0x25c0S0x15e2	[0x1852, [0x35da, nil]]
0x361fS0x25c0S0x15e2	[0x1852, [0x35da, nil]]
0x3621S0x25c0S0x15e2	[0x1852, [0x35da, nil]]
0x3624S0x25c0S0x15e2	[0x1852, [0x35da, nil]]
0x3626S0x25c0S0x15e2	[0x1852, [0x35da, nil]]
0x3628S0x25c0S0x15e2	[0x1852, [0x35da, nil]]
0x362bS0x25c0S0x15e2	[0x1852, [0x35da, nil]]
0x362dS0x25c0S0x15e2	[0x1852, [0x35da, nil]]
0x3642S0x25c0S0x15e2	[0x1852, [0x35da, nil]]
0x3644S0x25c0S0x15e2	[0x1852, [0x35da, nil]]
0x3645S0x25c0S0x15e2	[0x1852, [0x35da, nil]]
0x3648S0x25c0S0x15e2	[0x1852, [0x35da, nil]]
0x364aS0x25c0S0x15e2	[0x1852, [0x35da, nil]]
0x364cS0x25c0S0x15e2	[0x1852, [0x35da, nil]]
0x364dS0x25c0S0x15e2	[0x1852, [0x35da, nil]]
0x367fS0x25c0S0x15e2	[0x1852, [0x35da, nil]]
0x3681S0x25c0S0x15e2	[0x1852, [0x35da, nil]]
0x3683S0x25c0S0x15e2	[0x1852, [0x35da, nil]]
0x3685S0x25c0S0x15e2	[0x1852, [0x35da, nil]]
0x3686S0x25c0S0x15e2	[0x1852, [0x35da, nil]]
0x3688S0x25c0S0x15e2	[0x1852, [0x35da, nil]]
0x3689S0x25c0S0x15e2	[0x1852, [0x35da, nil]]
0x368aS0x25c0S0x15e2	[0x1852, [0x35da, nil]]
0x368bS0x25c0S0x15e2	[0x1852, [0x35da, nil]]
0x368fS0x25c0S0x15e2	[0x1852, [0x35da, nil]]
0x3691S0x25c0S0x15e2	[0x1852, [0x35da, nil]]
0x3692S0x25c0S0x15e2	[0x1852, [0x35da, nil]]
0x3696S0x25c0S0x15e2	[0x1852, [0x35da, nil]]
0x3698S0x25c0S0x15e2	[0x1852, [0x35da, nil]]
0x369bS0x25c0S0x15e2	[0x1852, [0x35da, nil]]
0x369dS0x25c0S0x15e2	[0x1852, [0x35da, nil]]
0x36a0S0x25c0S0x15e2	[0x1852, [0x35da, nil]]
0x36a2S0x25c0S0x15e2	[0x1852, [0x35da, nil]]
0x36a4S0x25c0S0x15e2	[0x1852, [0x35da, nil]]
0x36a7S0x25c0S0x15e2	[0x1852, [0x35da, nil]]
0x36a9S0x25c0S0x15e2	[0x1852, [0x35da, nil]]
0x36caS0x25c0S0x15e2	[0x1852, [0x35da, nil]]
0x36cdS0x25c0S0x15e2	[0x1852, [0x35da, nil]]
0x36cfS0x25c0S0x15e2	[0x1852, [0x35da, nil]]
0x36d1S0x25c0S0x15e2	[0x1852, [0x35da, nil]]
0x36d2S0x25c0S0x15e2	[0x1852, [0x35da, nil]]
0x35dbS0x25c0S0x15e2	[0x1852, [0x35da, nil]]
0x35deS0x25c0S0x15e2	[0x1852, [0x35da, nil]]
0x35e0S0x25c0S0x15e2	[0x1852, [0x35da, nil]]
0x35e2S0x25c0S0x15e2	[0x1852, [0x35da, nil]]
0x35e4S0x25c0S0x15e2	[0x1852, [0x35da, nil]]
0x35e5S0x25c0S0x15e2	[0x1852, [0x35da, nil]]
0x35f0S0x25c0S0x15e2	[0x1852, [0x35da, nil]]
0x31830S0x25c0S0x15e2	[0x1852, [0x35da, nil]]
0x35f4S0x25c0S0x15e2	[0x1852, [0x35da, nil]]
0x35f6S0x25c0S0x15e2	[0x1852, [0x35da, nil]]
0x35f8S0x25c0S0x15e2	[0x1852, [0x35da, nil]]
0x35faS0x25c0S0x15e2	[0x1852, [0x35da, nil]]
0x35fbS0x25c0S0x15e2	[0x1852, [0x35da, nil]]
0x35fdS0x25c0S0x15e2	[0x1852, [0x35da, nil]]
0x35feS0x25c0S0x15e2	[0x1852, [0x35da, nil]]
0x35ffS0x25c0S0x15e2	[0x1852, [0x35da, nil]]
0x365bS0x25c0S0x15e2	[0x1852, [0x35da, nil]]
0x365dS0x25c0S0x15e2	[0x1852, [0x35da, nil]]
0x365eS0x25c0S0x15e2	[0x1852, [0x35da, nil]]
0x32230S0x25c0S0x15e2	[0x1852, [0x35da, nil]]
0x3655S0x25c0S0x15e2	[0x1852, [0x35da, nil]]
0xbe32S0x25c0S0x15e2	[0x1852, [0x35da, nil]]
0xbe34S0x25c0S0x15e2	[0x1852, [0x35da, nil]]
0xbe37S0x25c0S0x15e2	[0x1852, [0x35da, nil]]
0x3662S0x25c0S0x15e2	[0x1852, [0x35da, nil]]
0x3664S0x25c0S0x15e2	[0x1852, [0x35da, nil]]
0x3665S0x25c0S0x15e2	[0x1852, [0x35da, nil]]
0x3667S0x25c0S0x15e2	[0x1852, [0x35da, nil]]
0x3668S0x25c0S0x15e2	[0x1852, [0x35da, nil]]
0x367aS0x25c0S0x15e2	[0x1852, [0x35da, nil]]
0x367bS0x25c0S0x15e2	[0x1852, [0x35da, nil]]
0x3679_0x0S0x25c0S0x15e2	[0x1852, [0x35da, nil]]
0x36dfS0x25c0S0x15e2	[0x1852, [0x35da, nil]]
0x36e2S0x25c0S0x15e2	[0x1852, [0x35da, nil]]
0x36e3S0x25c0S0x15e2	[0x1852, [0x35da, nil]]
0x33630S0x25c0S0x15e2	[0x1852, [0x35da, nil]]
0x36d9S0x25c0S0x15e2	[0x1852, [0x35da, nil]]
0xbe5aS0x25c0S0x15e2	[0x1852, [0x35da, nil]]
0xbe5cS0x25c0S0x15e2	[0x1852, [0x35da, nil]]
0xbe5fS0x25c0S0x15e2	[0x1852, [0x35da, nil]]
0xffec7_0x1S0x25c0S0x15e2	[0x1852, [0x35da, nil]]
0xffec7_0x2S0x25c0S0x15e2	[0x1852, [0x35da, nil]]
0x100ae2_0x1S0x25c0S0x15e2	[0x1852, [0x35da, nil]]
0x100ae2_0x2S0x25c0S0x15e2	[0x1852, [0x35da, nil]]
0x35eaS0x25c0S0x15e2	[0x1852, [0x35da, nil]]
0x366dS0x25c0S0x15e2	[0x1852, [0x35da, nil]]
0x366fS0x25c0S0x15e2	[0x1852, [0x35da, nil]]
0x3671S0x25c0S0x15e2	[0x1852, [0x35da, nil]]
0x3673S0x25c0S0x15e2	[0x1852, [0x35da, nil]]
0x3674S0x25c0S0x15e2	[0x1852, [0x35da, nil]]
0x3676S0x25c0S0x15e2	[0x1852, [0x35da, nil]]
0x3677S0x25c0S0x15e2	[0x1852, [0x35da, nil]]
0x3678S0x25c0S0x15e2	[0x1852, [0x35da, nil]]
0x32c30S0x25c0S0x15e2	[0x1852, [0x35da, nil]]
0x3603S0x26daS0x15e2	[0x1852, [0x35da, nil]]
0x3605S0x26daS0x15e2	[0x1852, [0x35da, nil]]
0x3607S0x26daS0x15e2	[0x1852, [0x35da, nil]]
0x3609S0x26daS0x15e2	[0x1852, [0x35da, nil]]
0x360aS0x26daS0x15e2	[0x1852, [0x35da, nil]]
0x360cS0x26daS0x15e2	[0x1852, [0x35da, nil]]
0x360dS0x26daS0x15e2	[0x1852, [0x35da, nil]]
0x360eS0x26daS0x15e2	[0x1852, [0x35da, nil]]
0x360fS0x26daS0x15e2	[0x1852, [0x35da, nil]]
0x3613S0x26daS0x15e2	[0x1852, [0x35da, nil]]
0x3615S0x26daS0x15e2	[0x1852, [0x35da, nil]]
0x3616S0x26daS0x15e2	[0x1852, [0x35da, nil]]
0x361aS0x26daS0x15e2	[0x1852, [0x35da, nil]]
0x361cS0x26daS0x15e2	[0x1852, [0x35da, nil]]
0x361fS0x26daS0x15e2	[0x1852, [0x35da, nil]]
0x3621S0x26daS0x15e2	[0x1852, [0x35da, nil]]
0x3624S0x26daS0x15e2	[0x1852, [0x35da, nil]]
0x3626S0x26daS0x15e2	[0x1852, [0x35da, nil]]
0x3628S0x26daS0x15e2	[0x1852, [0x35da, nil]]
0x362bS0x26daS0x15e2	[0x1852, [0x35da, nil]]
0x362dS0x26daS0x15e2	[0x1852, [0x35da, nil]]
0x3642S0x26daS0x15e2	[0x1852, [0x35da, nil]]
0x3644S0x26daS0x15e2	[0x1852, [0x35da, nil]]
0x3645S0x26daS0x15e2	[0x1852, [0x35da, nil]]
0x3648S0x26daS0x15e2	[0x1852, [0x35da, nil]]
0x364aS0x26daS0x15e2	[0x1852, [0x35da, nil]]
0x364cS0x26daS0x15e2	[0x1852, [0x35da, nil]]
0x364dS0x26daS0x15e2	[0x1852, [0x35da, nil]]
0x367fS0x26daS0x15e2	[0x1852, [0x35da, nil]]
0x3681S0x26daS0x15e2	[0x1852, [0x35da, nil]]
0x3683S0x26daS0x15e2	[0x1852, [0x35da, nil]]
0x3685S0x26daS0x15e2	[0x1852, [0x35da, nil]]
0x3686S0x26daS0x15e2	[0x1852, [0x35da, nil]]
0x3688S0x26daS0x15e2	[0x1852, [0x35da, nil]]
0x3689S0x26daS0x15e2	[0x1852, [0x35da, nil]]
0x368aS0x26daS0x15e2	[0x1852, [0x35da, nil]]
0x368bS0x26daS0x15e2	[0x1852, [0x35da, nil]]
0x368fS0x26daS0x15e2	[0x1852, [0x35da, nil]]
0x3691S0x26daS0x15e2	[0x1852, [0x35da, nil]]
0x3692S0x26daS0x15e2	[0x1852, [0x35da, nil]]
0x3696S0x26daS0x15e2	[0x1852, [0x35da, nil]]
0x3698S0x26daS0x15e2	[0x1852, [0x35da, nil]]
0x369bS0x26daS0x15e2	[0x1852, [0x35da, nil]]
0x369dS0x26daS0x15e2	[0x1852, [0x35da, nil]]
0x36a0S0x26daS0x15e2	[0x1852, [0x35da, nil]]
0x36a2S0x26daS0x15e2	[0x1852, [0x35da, nil]]
0x36a4S0x26daS0x15e2	[0x1852, [0x35da, nil]]
0x36a7S0x26daS0x15e2	[0x1852, [0x35da, nil]]
0x36a9S0x26daS0x15e2	[0x1852, [0x35da, nil]]
0x36caS0x26daS0x15e2	[0x1852, [0x35da, nil]]
0x36cdS0x26daS0x15e2	[0x1852, [0x35da, nil]]
0x36cfS0x26daS0x15e2	[0x1852, [0x35da, nil]]
0x36d1S0x26daS0x15e2	[0x1852, [0x35da, nil]]
0x36d2S0x26daS0x15e2	[0x1852, [0x35da, nil]]
0x35dbS0x26daS0x15e2	[0x1852, [0x35da, nil]]
0x35deS0x26daS0x15e2	[0x1852, [0x35da, nil]]
0x35e0S0x26daS0x15e2	[0x1852, [0x35da, nil]]
0x35e2S0x26daS0x15e2	[0x1852, [0x35da, nil]]
0x35e4S0x26daS0x15e2	[0x1852, [0x35da, nil]]
0x35e5S0x26daS0x15e2	[0x1852, [0x35da, nil]]
0x35f0S0x26daS0x15e2	[0x1852, [0x35da, nil]]
0x31830S0x26daS0x15e2	[0x1852, [0x35da, nil]]
0x35f4S0x26daS0x15e2	[0x1852, [0x35da, nil]]
0x35f6S0x26daS0x15e2	[0x1852, [0x35da, nil]]
0x35f8S0x26daS0x15e2	[0x1852, [0x35da, nil]]
0x35faS0x26daS0x15e2	[0x1852, [0x35da, nil]]
0x35fbS0x26daS0x15e2	[0x1852, [0x35da, nil]]
0x35fdS0x26daS0x15e2	[0x1852, [0x35da, nil]]
0x35feS0x26daS0x15e2	[0x1852, [0x35da, nil]]
0x35ffS0x26daS0x15e2	[0x1852, [0x35da, nil]]
0x365bS0x26daS0x15e2	[0x1852, [0x35da, nil]]
0x365dS0x26daS0x15e2	[0x1852, [0x35da, nil]]
0x365eS0x26daS0x15e2	[0x1852, [0x35da, nil]]
0x32230S0x26daS0x15e2	[0x1852, [0x35da, nil]]
0x3655S0x26daS0x15e2	[0x1852, [0x35da, nil]]
0xbe32S0x26daS0x15e2	[0x1852, [0x35da, nil]]
0xbe34S0x26daS0x15e2	[0x1852, [0x35da, nil]]
0xbe37S0x26daS0x15e2	[0x1852, [0x35da, nil]]
0x3662S0x26daS0x15e2	[0x1852, [0x35da, nil]]
0x3664S0x26daS0x15e2	[0x1852, [0x35da, nil]]
0x3665S0x26daS0x15e2	[0x1852, [0x35da, nil]]
0x3667S0x26daS0x15e2	[0x1852, [0x35da, nil]]
0x3668S0x26daS0x15e2	[0x1852, [0x35da, nil]]
0x367aS0x26daS0x15e2	[0x1852, [0x35da, nil]]
0x367bS0x26daS0x15e2	[0x1852, [0x35da, nil]]
0x3679_0x0S0x26daS0x15e2	[0x1852, [0x35da, nil]]
0x36dfS0x26daS0x15e2	[0x1852, [0x35da, nil]]
0x36e2S0x26daS0x15e2	[0x1852, [0x35da, nil]]
0x36e3S0x26daS0x15e2	[0x1852, [0x35da, nil]]
0x33630S0x26daS0x15e2	[0x1852, [0x35da, nil]]
0x36d9S0x26daS0x15e2	[0x1852, [0x35da, nil]]
0xbe5aS0x26daS0x15e2	[0x1852, [0x35da, nil]]
0xbe5cS0x26daS0x15e2	[0x1852, [0x35da, nil]]
0xbe5fS0x26daS0x15e2	[0x1852, [0x35da, nil]]
0xffec7_0x1S0x26daS0x15e2	[0x1852, [0x35da, nil]]
0xffec7_0x2S0x26daS0x15e2	[0x1852, [0x35da, nil]]
0x100ae2_0x1S0x26daS0x15e2	[0x1852, [0x35da, nil]]
0x100ae2_0x2S0x26daS0x15e2	[0x1852, [0x35da, nil]]
0x35eaS0x26daS0x15e2	[0x1852, [0x35da, nil]]
0x366dS0x26daS0x15e2	[0x1852, [0x35da, nil]]
0x366fS0x26daS0x15e2	[0x1852, [0x35da, nil]]
0x3671S0x26daS0x15e2	[0x1852, [0x35da, nil]]
0x3673S0x26daS0x15e2	[0x1852, [0x35da, nil]]
0x3674S0x26daS0x15e2	[0x1852, [0x35da, nil]]
0x3676S0x26daS0x15e2	[0x1852, [0x35da, nil]]
0x3677S0x26daS0x15e2	[0x1852, [0x35da, nil]]
0x3678S0x26daS0x15e2	[0x1852, [0x35da, nil]]
0x32c30S0x26daS0x15e2	[0x1852, [0x35da, nil]]
0x3603S0x2c4aB0x232fS0x15e2	[0x1852, [0x35da, nil]]
0x3605S0x2c4aB0x232fS0x15e2	[0x1852, [0x35da, nil]]
0x3607S0x2c4aB0x232fS0x15e2	[0x1852, [0x35da, nil]]
0x3609S0x2c4aB0x232fS0x15e2	[0x1852, [0x35da, nil]]
0x360aS0x2c4aB0x232fS0x15e2	[0x1852, [0x35da, nil]]
0x360cS0x2c4aB0x232fS0x15e2	[0x1852, [0x35da, nil]]
0x360dS0x2c4aB0x232fS0x15e2	[0x1852, [0x35da, nil]]
0x360eS0x2c4aB0x232fS0x15e2	[0x1852, [0x35da, nil]]
0x360fS0x2c4aB0x232fS0x15e2	[0x1852, [0x35da, nil]]
0x3613S0x2c4aB0x232fS0x15e2	[0x1852, [0x35da, nil]]
0x3615S0x2c4aB0x232fS0x15e2	[0x1852, [0x35da, nil]]
0x3616S0x2c4aB0x232fS0x15e2	[0x1852, [0x35da, nil]]
0x361aS0x2c4aB0x232fS0x15e2	[0x1852, [0x35da, nil]]
0x361cS0x2c4aB0x232fS0x15e2	[0x1852, [0x35da, nil]]
0x361fS0x2c4aB0x232fS0x15e2	[0x1852, [0x35da, nil]]
0x3621S0x2c4aB0x232fS0x15e2	[0x1852, [0x35da, nil]]
0x3624S0x2c4aB0x232fS0x15e2	[0x1852, [0x35da, nil]]
0x3626S0x2c4aB0x232fS0x15e2	[0x1852, [0x35da, nil]]
0x3628S0x2c4aB0x232fS0x15e2	[0x1852, [0x35da, nil]]
0x362bS0x2c4aB0x232fS0x15e2	[0x1852, [0x35da, nil]]
0x362dS0x2c4aB0x232fS0x15e2	[0x1852, [0x35da, nil]]
0x3642S0x2c4aB0x232fS0x15e2	[0x1852, [0x35da, nil]]
0x3644S0x2c4aB0x232fS0x15e2	[0x1852, [0x35da, nil]]
0x3645S0x2c4aB0x232fS0x15e2	[0x1852, [0x35da, nil]]
0x3648S0x2c4aB0x232fS0x15e2	[0x1852, [0x35da, nil]]
0x364aS0x2c4aB0x232fS0x15e2	[0x1852, [0x35da, nil]]
0x364cS0x2c4aB0x232fS0x15e2	[0x1852, [0x35da, nil]]
0x364dS0x2c4aB0x232fS0x15e2	[0x1852, [0x35da, nil]]
0x367fS0x2c4aB0x232fS0x15e2	[0x1852, [0x35da, nil]]
0x3681S0x2c4aB0x232fS0x15e2	[0x1852, [0x35da, nil]]
0x3683S0x2c4aB0x232fS0x15e2	[0x1852, [0x35da, nil]]
0x3685S0x2c4aB0x232fS0x15e2	[0x1852, [0x35da, nil]]
0x3686S0x2c4aB0x232fS0x15e2	[0x1852, [0x35da, nil]]
0x3688S0x2c4aB0x232fS0x15e2	[0x1852, [0x35da, nil]]
0x3689S0x2c4aB0x232fS0x15e2	[0x1852, [0x35da, nil]]
0x368aS0x2c4aB0x232fS0x15e2	[0x1852, [0x35da, nil]]
0x368bS0x2c4aB0x232fS0x15e2	[0x1852, [0x35da, nil]]
0x368fS0x2c4aB0x232fS0x15e2	[0x1852, [0x35da, nil]]
0x3691S0x2c4aB0x232fS0x15e2	[0x1852, [0x35da, nil]]
0x3692S0x2c4aB0x232fS0x15e2	[0x1852, [0x35da, nil]]
0x3696S0x2c4aB0x232fS0x15e2	[0x1852, [0x35da, nil]]
0x3698S0x2c4aB0x232fS0x15e2	[0x1852, [0x35da, nil]]
0x369bS0x2c4aB0x232fS0x15e2	[0x1852, [0x35da, nil]]
0x369dS0x2c4aB0x232fS0x15e2	[0x1852, [0x35da, nil]]
0x36a0S0x2c4aB0x232fS0x15e2	[0x1852, [0x35da, nil]]
0x36a2S0x2c4aB0x232fS0x15e2	[0x1852, [0x35da, nil]]
0x36a4S0x2c4aB0x232fS0x15e2	[0x1852, [0x35da, nil]]
0x36a7S0x2c4aB0x232fS0x15e2	[0x1852, [0x35da, nil]]
0x36a9S0x2c4aB0x232fS0x15e2	[0x1852, [0x35da, nil]]
0x36caS0x2c4aB0x232fS0x15e2	[0x1852, [0x35da, nil]]
0x36cdS0x2c4aB0x232fS0x15e2	[0x1852, [0x35da, nil]]
0x36cfS0x2c4aB0x232fS0x15e2	[0x1852, [0x35da, nil]]
0x36d1S0x2c4aB0x232fS0x15e2	[0x1852, [0x35da, nil]]
0x36d2S0x2c4aB0x232fS0x15e2	[0x1852, [0x35da, nil]]
0x35dbS0x2c4aB0x232fS0x15e2	[0x1852, [0x35da, nil]]
0x35deS0x2c4aB0x232fS0x15e2	[0x1852, [0x35da, nil]]
0x35e0S0x2c4aB0x232fS0x15e2	[0x1852, [0x35da, nil]]
0x35e2S0x2c4aB0x232fS0x15e2	[0x1852, [0x35da, nil]]
0x35e4S0x2c4aB0x232fS0x15e2	[0x1852, [0x35da, nil]]
0x35e5S0x2c4aB0x232fS0x15e2	[0x1852, [0x35da, nil]]
0x35f0S0x2c4aB0x232fS0x15e2	[0x1852, [0x35da, nil]]
0x31830S0x2c4aB0x232fS0x15e2	[0x1852, [0x35da, nil]]
0x35f4S0x2c4aB0x232fS0x15e2	[0x1852, [0x35da, nil]]
0x35f6S0x2c4aB0x232fS0x15e2	[0x1852, [0x35da, nil]]
0x35f8S0x2c4aB0x232fS0x15e2	[0x1852, [0x35da, nil]]
0x35faS0x2c4aB0x232fS0x15e2	[0x1852, [0x35da, nil]]
0x35fbS0x2c4aB0x232fS0x15e2	[0x1852, [0x35da, nil]]
0x35fdS0x2c4aB0x232fS0x15e2	[0x1852, [0x35da, nil]]
0x35feS0x2c4aB0x232fS0x15e2	[0x1852, [0x35da, nil]]
0x35ffS0x2c4aB0x232fS0x15e2	[0x1852, [0x35da, nil]]
0x365bS0x2c4aB0x232fS0x15e2	[0x1852, [0x35da, nil]]
0x365dS0x2c4aB0x232fS0x15e2	[0x1852, [0x35da, nil]]
0x365eS0x2c4aB0x232fS0x15e2	[0x1852, [0x35da, nil]]
0x32230S0x2c4aB0x232fS0x15e2	[0x1852, [0x35da, nil]]
0x3655S0x2c4aB0x232fS0x15e2	[0x1852, [0x35da, nil]]
0xbe32S0x2c4aB0x232fS0x15e2	[0x1852, [0x35da, nil]]
0xbe34S0x2c4aB0x232fS0x15e2	[0x1852, [0x35da, nil]]
0xbe37S0x2c4aB0x232fS0x15e2	[0x1852, [0x35da, nil]]
0x3662S0x2c4aB0x232fS0x15e2	[0x1852, [0x35da, nil]]
0x3664S0x2c4aB0x232fS0x15e2	[0x1852, [0x35da, nil]]
0x3665S0x2c4aB0x232fS0x15e2	[0x1852, [0x35da, nil]]
0x3667S0x2c4aB0x232fS0x15e2	[0x1852, [0x35da, nil]]
0x3668S0x2c4aB0x232fS0x15e2	[0x1852, [0x35da, nil]]
0x367aS0x2c4aB0x232fS0x15e2	[0x1852, [0x35da, nil]]
0x367bS0x2c4aB0x232fS0x15e2	[0x1852, [0x35da, nil]]
0x3679_0x0S0x2c4aB0x232fS0x15e2	[0x1852, [0x35da, nil]]
0x36dfS0x2c4aB0x232fS0x15e2	[0x1852, [0x35da, nil]]
0x36e2S0x2c4aB0x232fS0x15e2	[0x1852, [0x35da, nil]]
0x36e3S0x2c4aB0x232fS0x15e2	[0x1852, [0x35da, nil]]
0x33630S0x2c4aB0x232fS0x15e2	[0x1852, [0x35da, nil]]
0x36d9S0x2c4aB0x232fS0x15e2	[0x1852, [0x35da, nil]]
0xbe5aS0x2c4aB0x232fS0x15e2	[0x1852, [0x35da, nil]]
0xbe5cS0x2c4aB0x232fS0x15e2	[0x1852, [0x35da, nil]]
0xbe5fS0x2c4aB0x232fS0x15e2	[0x1852, [0x35da, nil]]
0xffec7_0x1S0x2c4aB0x232fS0x15e2	[0x1852, [0x35da, nil]]
0xffec7_0x2S0x2c4aB0x232fS0x15e2	[0x1852, [0x35da, nil]]
0x100ae2_0x1S0x2c4aB0x232fS0x15e2	[0x1852, [0x35da, nil]]
0x100ae2_0x2S0x2c4aB0x232fS0x15e2	[0x1852, [0x35da, nil]]
0x35eaS0x2c4aB0x232fS0x15e2	[0x1852, [0x35da, nil]]
0x366dS0x2c4aB0x232fS0x15e2	[0x1852, [0x35da, nil]]
0x366fS0x2c4aB0x232fS0x15e2	[0x1852, [0x35da, nil]]
0x3671S0x2c4aB0x232fS0x15e2	[0x1852, [0x35da, nil]]
0x3673S0x2c4aB0x232fS0x15e2	[0x1852, [0x35da, nil]]
0x3674S0x2c4aB0x232fS0x15e2	[0x1852, [0x35da, nil]]
0x3676S0x2c4aB0x232fS0x15e2	[0x1852, [0x35da, nil]]
0x3677S0x2c4aB0x232fS0x15e2	[0x1852, [0x35da, nil]]
0x3678S0x2c4aB0x232fS0x15e2	[0x1852, [0x35da, nil]]
0x32c30S0x2c4aB0x232fS0x15e2	[0x1852, [0x35da, nil]]
0x3603S0x320eB0x232fS0x15e2	[0x1852, [0x35da, nil]]
0x3605S0x320eB0x232fS0x15e2	[0x1852, [0x35da, nil]]
0x3607S0x320eB0x232fS0x15e2	[0x1852, [0x35da, nil]]
0x3609S0x320eB0x232fS0x15e2	[0x1852, [0x35da, nil]]
0x360aS0x320eB0x232fS0x15e2	[0x1852, [0x35da, nil]]
0x360cS0x320eB0x232fS0x15e2	[0x1852, [0x35da, nil]]
0x360dS0x320eB0x232fS0x15e2	[0x1852, [0x35da, nil]]
0x360eS0x320eB0x232fS0x15e2	[0x1852, [0x35da, nil]]
0x360fS0x320eB0x232fS0x15e2	[0x1852, [0x35da, nil]]
0x3613S0x320eB0x232fS0x15e2	[0x1852, [0x35da, nil]]
0x3615S0x320eB0x232fS0x15e2	[0x1852, [0x35da, nil]]
0x3616S0x320eB0x232fS0x15e2	[0x1852, [0x35da, nil]]
0x361aS0x320eB0x232fS0x15e2	[0x1852, [0x35da, nil]]
0x361cS0x320eB0x232fS0x15e2	[0x1852, [0x35da, nil]]
0x361fS0x320eB0x232fS0x15e2	[0x1852, [0x35da, nil]]
0x3621S0x320eB0x232fS0x15e2	[0x1852, [0x35da, nil]]
0x3624S0x320eB0x232fS0x15e2	[0x1852, [0x35da, nil]]
0x3626S0x320eB0x232fS0x15e2	[0x1852, [0x35da, nil]]
0x3628S0x320eB0x232fS0x15e2	[0x1852, [0x35da, nil]]
0x362bS0x320eB0x232fS0x15e2	[0x1852, [0x35da, nil]]
0x362dS0x320eB0x232fS0x15e2	[0x1852, [0x35da, nil]]
0x3642S0x320eB0x232fS0x15e2	[0x1852, [0x35da, nil]]
0x3644S0x320eB0x232fS0x15e2	[0x1852, [0x35da, nil]]
0x3645S0x320eB0x232fS0x15e2	[0x1852, [0x35da, nil]]
0x3648S0x320eB0x232fS0x15e2	[0x1852, [0x35da, nil]]
0x364aS0x320eB0x232fS0x15e2	[0x1852, [0x35da, nil]]
0x364cS0x320eB0x232fS0x15e2	[0x1852, [0x35da, nil]]
0x364dS0x320eB0x232fS0x15e2	[0x1852, [0x35da, nil]]
0x367fS0x320eB0x232fS0x15e2	[0x1852, [0x35da, nil]]
0x3681S0x320eB0x232fS0x15e2	[0x1852, [0x35da, nil]]
0x3683S0x320eB0x232fS0x15e2	[0x1852, [0x35da, nil]]
0x3685S0x320eB0x232fS0x15e2	[0x1852, [0x35da, nil]]
0x3686S0x320eB0x232fS0x15e2	[0x1852, [0x35da, nil]]
0x3688S0x320eB0x232fS0x15e2	[0x1852, [0x35da, nil]]
0x3689S0x320eB0x232fS0x15e2	[0x1852, [0x35da, nil]]
0x368aS0x320eB0x232fS0x15e2	[0x1852, [0x35da, nil]]
0x368bS0x320eB0x232fS0x15e2	[0x1852, [0x35da, nil]]
0x368fS0x320eB0x232fS0x15e2	[0x1852, [0x35da, nil]]
0x3691S0x320eB0x232fS0x15e2	[0x1852, [0x35da, nil]]
0x3692S0x320eB0x232fS0x15e2	[0x1852, [0x35da, nil]]
0x3696S0x320eB0x232fS0x15e2	[0x1852, [0x35da, nil]]
0x3698S0x320eB0x232fS0x15e2	[0x1852, [0x35da, nil]]
0x369bS0x320eB0x232fS0x15e2	[0x1852, [0x35da, nil]]
0x369dS0x320eB0x232fS0x15e2	[0x1852, [0x35da, nil]]
0x36a0S0x320eB0x232fS0x15e2	[0x1852, [0x35da, nil]]
0x36a2S0x320eB0x232fS0x15e2	[0x1852, [0x35da, nil]]
0x36a4S0x320eB0x232fS0x15e2	[0x1852, [0x35da, nil]]
0x36a7S0x320eB0x232fS0x15e2	[0x1852, [0x35da, nil]]
0x36a9S0x320eB0x232fS0x15e2	[0x1852, [0x35da, nil]]
0x36caS0x320eB0x232fS0x15e2	[0x1852, [0x35da, nil]]
0x36cdS0x320eB0x232fS0x15e2	[0x1852, [0x35da, nil]]
0x36cfS0x320eB0x232fS0x15e2	[0x1852, [0x35da, nil]]
0x36d1S0x320eB0x232fS0x15e2	[0x1852, [0x35da, nil]]
0x36d2S0x320eB0x232fS0x15e2	[0x1852, [0x35da, nil]]
0x35dbS0x320eB0x232fS0x15e2	[0x1852, [0x35da, nil]]
0x35deS0x320eB0x232fS0x15e2	[0x1852, [0x35da, nil]]
0x35e0S0x320eB0x232fS0x15e2	[0x1852, [0x35da, nil]]
0x35e2S0x320eB0x232fS0x15e2	[0x1852, [0x35da, nil]]
0x35e4S0x320eB0x232fS0x15e2	[0x1852, [0x35da, nil]]
0x35e5S0x320eB0x232fS0x15e2	[0x1852, [0x35da, nil]]
0x35f0S0x320eB0x232fS0x15e2	[0x1852, [0x35da, nil]]
0x31830S0x320eB0x232fS0x15e2	[0x1852, [0x35da, nil]]
0x35f4S0x320eB0x232fS0x15e2	[0x1852, [0x35da, nil]]
0x35f6S0x320eB0x232fS0x15e2	[0x1852, [0x35da, nil]]
0x35f8S0x320eB0x232fS0x15e2	[0x1852, [0x35da, nil]]
0x35faS0x320eB0x232fS0x15e2	[0x1852, [0x35da, nil]]
0x35fbS0x320eB0x232fS0x15e2	[0x1852, [0x35da, nil]]
0x35fdS0x320eB0x232fS0x15e2	[0x1852, [0x35da, nil]]
0x35feS0x320eB0x232fS0x15e2	[0x1852, [0x35da, nil]]
0x35ffS0x320eB0x232fS0x15e2	[0x1852, [0x35da, nil]]
0x365bS0x320eB0x232fS0x15e2	[0x1852, [0x35da, nil]]
0x365dS0x320eB0x232fS0x15e2	[0x1852, [0x35da, nil]]
0x365eS0x320eB0x232fS0x15e2	[0x1852, [0x35da, nil]]
0x32230S0x320eB0x232fS0x15e2	[0x1852, [0x35da, nil]]
0x3655S0x320eB0x232fS0x15e2	[0x1852, [0x35da, nil]]
0xbe32S0x320eB0x232fS0x15e2	[0x1852, [0x35da, nil]]
0xbe34S0x320eB0x232fS0x15e2	[0x1852, [0x35da, nil]]
0xbe37S0x320eB0x232fS0x15e2	[0x1852, [0x35da, nil]]
0x3662S0x320eB0x232fS0x15e2	[0x1852, [0x35da, nil]]
0x3664S0x320eB0x232fS0x15e2	[0x1852, [0x35da, nil]]
0x3665S0x320eB0x232fS0x15e2	[0x1852, [0x35da, nil]]
0x3667S0x320eB0x232fS0x15e2	[0x1852, [0x35da, nil]]
0x3668S0x320eB0x232fS0x15e2	[0x1852, [0x35da, nil]]
0x367aS0x320eB0x232fS0x15e2	[0x1852, [0x35da, nil]]
0x367bS0x320eB0x232fS0x15e2	[0x1852, [0x35da, nil]]
0x3679_0x0S0x320eB0x232fS0x15e2	[0x1852, [0x35da, nil]]
0x36dfS0x320eB0x232fS0x15e2	[0x1852, [0x35da, nil]]
0x36e2S0x320eB0x232fS0x15e2	[0x1852, [0x35da, nil]]
0x36e3S0x320eB0x232fS0x15e2	[0x1852, [0x35da, nil]]
0x33630S0x320eB0x232fS0x15e2	[0x1852, [0x35da, nil]]
0x36d9S0x320eB0x232fS0x15e2	[0x1852, [0x35da, nil]]
0xbe5aS0x320eB0x232fS0x15e2	[0x1852, [0x35da, nil]]
0xbe5cS0x320eB0x232fS0x15e2	[0x1852, [0x35da, nil]]
0xbe5fS0x320eB0x232fS0x15e2	[0x1852, [0x35da, nil]]
0xffec7_0x1S0x320eB0x232fS0x15e2	[0x1852, [0x35da, nil]]
0xffec7_0x2S0x320eB0x232fS0x15e2	[0x1852, [0x35da, nil]]
0x100ae2_0x1S0x320eB0x232fS0x15e2	[0x1852, [0x35da, nil]]
0x100ae2_0x2S0x320eB0x232fS0x15e2	[0x1852, [0x35da, nil]]
0x35eaS0x320eB0x232fS0x15e2	[0x1852, [0x35da, nil]]
0x366dS0x320eB0x232fS0x15e2	[0x1852, [0x35da, nil]]
0x366fS0x320eB0x232fS0x15e2	[0x1852, [0x35da, nil]]
0x3671S0x320eB0x232fS0x15e2	[0x1852, [0x35da, nil]]
0x3673S0x320eB0x232fS0x15e2	[0x1852, [0x35da, nil]]
0x3674S0x320eB0x232fS0x15e2	[0x1852, [0x35da, nil]]
0x3676S0x320eB0x232fS0x15e2	[0x1852, [0x35da, nil]]
0x3677S0x320eB0x232fS0x15e2	[0x1852, [0x35da, nil]]
0x3678S0x320eB0x232fS0x15e2	[0x1852, [0x35da, nil]]
0x32c30S0x320eB0x232fS0x15e2	[0x1852, [0x35da, nil]]
0x1390	nil
0x15f7	nil
0x15d4	nil
0x405	nil
0x5eb	nil
0x48a	nil
0x275	nil
0x36fb	nil
0x9d4df	nil
0xe6934	nil
0x4f12	nil
0x516	nil
0x64f	nil
0x536	nil
0x6dc	nil
0x121a	nil
0x123c	nil
0x270	nil
0x2a5	nil
0x3cf	nil
0x4d4	nil
0x571	nil
0x38f	nil
0x3af	nil
0x551	nil
0x6f7	nil
0x66f	nil
0x6a2	nil
0x5654	nil
0x5665	nil
0x5676	nil
0x56a2	nil
0xa17	nil
0xdd5	nil
0xea0	nil
0x2916	nil
0x3bf2	nil
0x3d87	nil
0x3e8e	nil
0x41c6	nil
0x42e9	nil
0x436e	nil
0x13d1	nil
0x1639	nil
0x5691	nil
0x380d0x36ee	nil
0x4d9	nil
0x556	nil
0x1794	nil
0xb3c	nil
0xb67	nil
0x2c7	nil
0x320	nil
0x45a	nil
0x5e6	nil
0x6d7	nil
0x76b	nil
0x4eec	nil
0x1358	nil
0x137b	nil
0x1542	nil
0x1d22	nil
0x20ba	nil
0x2174	nil
0x20af	nil
0x2169	nil
0x297c	nil
0x3dd0	nil
0x3c6b	nil
0x3ed1	nil
0x4209	nil
0x43b3	nil
0x3e130x3d0d	nil
0x3e130x3e14	nil
0x3e130x40e7	nil
0x3e130x420a	nil
0x2aa	nil
0x394	nil
0x3b4	nil
0x3f0	nil
0x4ee	nil
0x654	nil
0x6fc	nil
0xa75	nil
0xf99	nil
0xfec	nil
0x11cd	nil
0x1202	nil
0x1224	nil
0x1244	nil
0x13ec	nil
0x3828	nil
0x3839	nil
0x3c29	nil
0x4fa4	nil
0x54e7	nil
0x550f	nil
0x5523	nil
0x563b	nil
0x5872	nil
0x588c	nil
0x589f	nil
0x58b2	nil
0x58c5	nil
0x58d8	nil
0x21c1be	nil
0x21cbde	nil
0x21d5de	nil
0x21dfde	nil
0x21e9de	nil
0x21f3de	nil
0x21fdde	nil
0x2207de	nil
0x2211de	nil
0x221bde	nil
0x2225de	nil
0x222fde	nil
0x2239de	nil
0x2243de	nil
0x224dde	nil
0x2257de	nil
0x2261de	nil
0x226bde	nil
0x2275de	nil
0x227fde	nil
0x2289de	nil
0x2293de	nil
0x229dde	nil
0x22a7de	nil
0x22b1de	nil
0x22bbde	nil
0x22c5de	nil
0x22cfde	nil
0x22d9de	nil
0x22e3de	nil
0x22edde	nil
0x22f7de	nil
0x2301de	nil
0x230bde	nil
0x2315de	nil
0x231fde	nil
0x2329de	nil
0x2333de	nil
0x233dde	nil
0x2347de	nil
0x2351de	nil
0x235bde	nil
0x2ca	nil
0x2f7	nil
0x335	nil
0x34a	nil
0x35f	nil
0x374	nil
0x3db	nil
0x42a	nil
0x43f	nil
0x46f	nil
0x48f	nil
0x4a4	nil
0x4b9	nil
0x503	nil
0x531	nil
0x58c	nil
0x5a1	nil
0x5b6	nil
0x5cb	nil
0x61f	nil
0x634	nil
0x674	nil
0x682	nil
0x687	nil
0x6a7	nil
0x6bc	nil
0x71c	nil
0x750	nil
0x780	nil
0x78d	nil
0x810	nil
0x825	nil
0x83b	nil
0x99e	nil
0xa67	nil
0xa82	nil
0xa8c	nil
0xaab	nil
0xac1	nil
0xad7	nil
0xb91	nil
0xbf0	nil
0xc06	nil
0xc34	nil
0xe25	nil
0xefa	nil
0xf53	nil
0xf7e	nil
0xfa5	nil
0xfaf	nil
0xfc2	nil
0x1042	nil
0x1071	nil
0x1086	nil
0x12e0	nil
0x1338	nil
0x13e4	nil
0x1421	nil
0x1522	nil
0x1550	nil
0x15c6	nil
0x15e1	nil
0x164b	nil
0x1d10	nil
0x1d34	nil
0x1d58	nil
0x1d71	nil
0x1d93	nil
0x1da6	nil
0x1fa2	nil
0x1fef	nil
0x2045	nil
0x208e	nil
0x20d1	nil
0x2116	nil
0x2145	nil
0x21a8	nil
0x21be	nil
0x21e5	nil
0x21ec	nil
0x223b	nil
0x35d4	nil
0x382d	nil
0x414b	nil
0x426e	nil
0x4aad	nil
0x4d38	nil
0x4f35	nil
0x4faa	nil
0x506e	nil
0x52fc	nil
0x54fd	nil
0x552c	nil
0x55c8	nil
0x55d0	nil
0x5627	nil
0x56af	nil
0x56cc	nil
0x1ba50	nil
0x1ec50	nil
0x23250	nil
0x23c50	nil
0x25050	nil
0x25a50	nil
0x28250	nil
0x34050	nil
0x34a50	nil
0x3e050	nil
0x9d29a	nil
0x9d2f2	nil
0x9d347	nil
0x9d39c	nil
0x9d3c9	nil
0x9d3f6	nil
0x9d423	nil
0x9d492	nil
0xb5b01	nil
0xb5b2e	nil
0xce128	nil
0xce176	nil
0xce1a3	nil
0xce1d0	nil
0xce250	nil
0xe684a	nil
0xe6881	nil
0xe68ae	nil
0xe68db	nil
0xe698e	nil
0xfefa9	nil
0xff018	nil
0xff045	nil
0xff197	nil
0xff1cf	nil
0xff207	nil
0xff341	nil
0xff379	nil
0xff3b1	nil
0xff456	nil
0xff48e	nil
0xff511	nil
0xff56e	nil
0x10086e	nil
0x10089b	nil
0x1008d2	nil
0x1008ff	nil
0x100937	nil
0x354500x36ee	nil
0xc	nil
0x1d	nil
0x28	nil
0x33	nil
0xc1	nil
0x144	nil
0x14f	nil
0x1d2	nil
0x24f	nil
0x25d	nil
0x292	nil
0x2b4	nil
0x2ea	nil
0x30d	nil
0x33d	nil
0x352	nil
0x367	nil
0x37c	nil
0x39c	nil
0x3bc	nil
0x3e3	nil
0x3f8	nil
0x41a	nil
0x432	nil
0x447	nil
0x477	nil
0x497	nil
0x4ac	nil
0x4c1	nil
0x4e1	nil
0x4f6	nil
0x51e	nil
0x53e	nil
0x55e	nil
0x594	nil
0x5a9	nil
0x5be	nil
0x5d3	nil
0x5f3	nil
0x627	nil
0x63c	nil
0x65c	nil
0x68f	nil
0x6af	nil
0x6c4	nil
0x6e4	nil
0x704	nil
0x724	nil
0x758	nil
0x9ea	nil
0xa2a	nil
0xda8	nil
0xde8	nil
0xe73	nil
0xebc	nil
0xf13	nil
0xffb	nil
0x1299	nil
0x12f1	nil
0x1341	nil
0x1364	nil
0x14db	nil
0x152b	nil
0x1571	nil
0x179a	nil
0x1cfe	nil
0x1d09	nil
0x1d51	nil
0x1f62	nil
0x1fce	nil
0x1ffe	nil
0x20ca	nil
0x20ef	nil
0x210f	nil
0x213e	nil
0x2181	nil
0x21a1	nil
0x21b7	nil
0x21f4	nil
0x28e9	nil
0x294f	nil
0x29ec	nil
0x357f	nil
0x370c	nil
0x3739	nil
0x3768	nil
0x381e	nil
0x3bc5	nil
0x3c12	nil
0x3c81	nil
0x3c90	nil
0x3d5a	nil
0x3e61	nil
0x4104	nil
0x4199	nil
0x4227	nil
0x42bc	nil
0x4341	nil
0x4aa6	nil
0x4d25	nil
0x4ec5	nil
0x4edc	nil
0x4f01	nil
0x4f23	nil
0x4fb8	nil
0x4fc9	nil
0x5067	nil
0x52f5	nil
0x55c1	nil
0x5601	nil
0x5620	nil
0x56be	nil
0x585b	nil
0x2027be	nil
0x2031be	nil
0x203bbe	nil
0x2045be	nil
0x204fbe	nil
0x2059be	nil
0x2063be	nil
0x206dbe	nil
0x2077be	nil
0x2081be	nil
0x208bbe	nil
0x2095be	nil
0x209fbe	nil
0x20a9be	nil
0x20b3be	nil
0x20bdbe	nil
0x20c7be	nil
0x20d1be	nil
0x20dbbe	nil
0x20e5be	nil
0x20efbe	nil
0x20f9be	nil
0x2103be	nil
0x210dbe	nil
0x2117be	nil
0x2121be	nil
0x212bbe	nil
0x2135be	nil
0x213fbe	nil
0x2149be	nil
0x2153be	nil
0x215dbe	nil
0x2167be	nil
0x2171be	nil
0x217bbe	nil
0x2185be	nil
0x218fbe	nil
0x2199be	nil
0x21a3be	nil
0x21adbe	nil
0x21b7be	nil
0x37970x36ee	nil
0x37e00x36ee	nil
0x3de60x3d0d	nil
0x3de60x3e14	nil
0x3de60x40e7	nil
0x3de60x420a	nil
0x12e7	nil
0x17f1	nil
0x5075	nil
0x58e4	nil
0xff6dc	nil
0xff700	nil
0xff724	nil
0xff98a	nil
0xffaec	nil
0xffcb1	nil
0xffea7	nil
0xffef7	nil
0xfff6b	nil
0xfff90	nil
0x100029	nil
0x10041f	nil
0x100541	nil
0x1006a4	nil
0x1007cd	nil
0x100a2a	nil
0x128e0x123d	nil
0x128e0x13e5	nil
0xfff1e0x36ee	nil
0xfff460x36ee	nil
0x1000740x3d0d	nil
0x1000740x3e14	nil
0x1000740x40e7	nil
0x1000740x420a	nil
0x13da	nil
0x1642	nil
0x128d0x123d	nil
0x128d0x13e5	nil
0x208a	nil
0x17ee	nil
0x250	nil
0x9d2bb	nil
0x9d444	nil
0x9d465	nil
0x9d4b3	nil
0xce149	nil
0xce1f1	nil
0xe69af	nil
0xfefca	nil
0xfefeb	nil
0xff066	nil
0xce219	nil
0xff0f2	nil
0x100b72	nil
0x100b9a	nil
0x100bc2	nil
0x100bea	nil
0x100c12	nil
0x100c3a	nil
0x100c62	nil
0x100c8a	nil
0x100cb2	nil
0x100cda	nil
0x100d02	nil
0x100d2a	nil
0x100d52	nil
0x100d7a	nil
0x100da2	nil
0x100dca	nil
0x100df2	nil
0x100e1a	nil
0x100e42	nil
0x100e6a	nil
0x100eba	nil
0x100f0a	nil
0x100f32	nil
0x100f5a	nil
0x100f82	nil
0x10127a	nil
0x1012a2	nil
0x1012ca	nil
0x1012f2	nil
0x79	nil
0xb5	nil
0xfc	nil
0x138	nil
0x18a	nil
0x1c6	nil
0x20d	nil
0x249	nil
0x255	nil
0x261	nil
0x296	nil
0x2b8	nil
0x2ee	nil
0x311	nil
0x341	nil
0x356	nil
0x36b	nil
0x380	nil
0x3a0	nil
0x3c0	nil
0x3e7	nil
0x3fc	nil
0x41e	nil
0x436	nil
0x44b	nil
0x47b	nil
0x49b	nil
0x4b0	nil
0x4c5	nil
0x4e5	nil
0x4fa	nil
0x522	nil
0x542	nil
0x562	nil
0x598	nil
0x5ad	nil
0x5c2	nil
0x5d7	nil
0x5f7	nil
0x62b	nil
0x640	nil
0x660	nil
0x693	nil
0x6b3	nil
0x6c8	nil
0x6e8	nil
0x708	nil
0x728	nil
0x75c	nil
0x9f3	nil
0xdb1	nil
0xe7c	nil
0x28f2	nil
0x2958	nil
0x2a04	nil
0x3bce	nil
0x3c85	nil
0x3c99	nil
0x3d63	nil
0x3e6a	nil
0x41a2	nil
0x42c5	nil
0x434a	nil
0x4d29	nil
0x4ec9	nil
0x4ee0	nil
0x4f05	nil
0x4f27	nil
0x4fde	nil
0x5605	nil
0x56c2	nil
0x585f	nil
0xb574	nil
0xb670	nil
0xb698	nil
0xb6c0	nil
0xb6e8	nil
0xb710	nil
0xb738	nil
0xb760	nil
0xb788	nil
0xba12	nil
0xba47	nil
0xbabf	nil
0xbae7	nil
0xbb1c	nil
0xbb51	nil
0xbb86	nil
0xbbbb	nil
0xbbf0	nil
0xbc18	nil
0xbe11	nil
0xc025	nil
0xc04d	nil
0xc18c	nil
0xc260	nil
0xc2ca	nil
0xc369	nil
0xc39e	nil
0xff74c	nil
0xff774	nil
0xff863	nil
0x37e90x36ee	nil
0x3def0x3d0d	nil
0x3def0x3e14	nil
0x3def0x40e7	nil
0x3def0x420a	nil
0x20f8	nil
0x54ee	nil
0x326	nil
0x32b	nil
0x460	nil
0x465	nil
0x577	nil
0x57c	nil
0x771	nil
0x776	nil
0x7df	nil
0x809	nil
0x81e	nil
0x834	nil
0x997	nil
0x9d4	nil
0xa0a	nil
0xa36	nil
0xa3d	nil
0xa44	nil
0xa60	nil
0xaba	nil
0xad0	nil
0xb71	nil
0xb78	nil
0xbe9	nil
0xbff	nil
0xc2d	nil
0xd7b	nil
0xdc8	nil
0xdf4	nil
0xdfb	nil
0xe02	nil
0xe1e	nil
0xe37	nil
0xe48	nil
0xe93	nil
0xec8	nil
0xecf	nil
0xed6	nil
0xef3	nil
0xf1f	nil
0xf26	nil
0xf2d	nil
0xf4c	nil
0x1007	nil
0x100e	nil
0x1015	nil
0x103b	nil
0x1054	nil
0x1059	nil
0x107f	nil
0x1208	nil
0x120d	nil
0x122a	nil
0x122f	nil
0x12a5	nil
0x12ac	nil
0x12b3	nil
0x12d9	nil
0x12fd	nil
0x1304	nil
0x130b	nil
0x1331	nil
0x134d	nil
0x1370	nil
0x14e7	nil
0x14ee	nil
0x14f5	nil
0x151b	nil
0x1537	nil
0x1556	nil
0x155b	nil
0x157d	nil
0x1584	nil
0x158b	nil
0x15b1	nil
0x15bf	nil
0x179f	nil
0x17a6	nil
0x17b8	nil
0x17ba	nil
0x1d40	nil
0x1d44	nil
0x1d7d	nil
0x1d81	nil
0x1f6e	nil
0x1f75	nil
0x1f7c	nil
0x1f9b	nil
0x1fe0	nil
0x1fe3	nil
0x200a	nil
0x2011	nil
0x2018	nil
0x203e	nil
0x2056	nil
0x205d	nil
0x20d9	nil
0x20e9	nil
0x2200	nil
0x2209	nil
0x220e	nil
0x2234	nil
0x28bc	nil
0x2909	nil
0x2939	nil
0x296f	nil
0x298b	nil
0x2991	nil
0x29a0	nil
0x29a6	nil
0x29b9	nil
0x29c3	nil
0x29cb	nil
0x29f9	nil
0x356f	nil
0x3574	nil
0x358b	nil
0x3592	nil
0x3599	nil
0x35bf	nil
0x35cd	nil
0x3719	nil
0x3727	nil
0x372b	nil
0x3747	nil
0x3755	nil
0x3759	nil
0x3776	nil
0x3784	nil
0x3788	nil
0x3b89	nil
0x3b9a	nil
0x3be5	nil
0x3c5c	nil
0x3d1e	nil
0x3d2f	nil
0x3d7a	nil
0x3dab	nil
0x3e25	nil
0x3e36	nil
0x3e81	nil
0x3ead	nil
0x4110	nil
0x4117	nil
0x411e	nil
0x4144	nil
0x415d	nil
0x416e	nil
0x41b9	nil
0x41e5	nil
0x4233	nil
0x423a	nil
0x4241	nil
0x4267	nil
0x4280	nil
0x4291	nil
0x42dc	nil
0x42fe	nil
0x430e	nil
0x431e	nil
0x4361	nil
0x437d	nil
0x4399	nil
0x4fa8	nil
0x4fd4	nil
0x4fd9	nil
0x54f5	nil
0x562c	nil
0x563f	nil
0x5649	nil
0x565a	nil
0x566b	nil
0x567c	nil
0x5686	nil
0x5697	nil
0x56a8	nil
0x5875	nil
0x587f	nil
0x5892	nil
0x58a5	nil
0x58b8	nil
0x58cb	nil
0x58de	nil
0xba08	nil
0xba0d	nil
0xba3d	nil
0xba42	nil
0xbb12	nil
0xbb17	nil
0xbb47	nil
0xbb4c	nil
0xbb7c	nil
0xbb81	nil
0xbbb1	nil
0xbbb6	nil
0xbbe6	nil
0xbbeb	nil
0xc182	nil
0xc187	nil
0xc256	nil
0xc25b	nil
0xc2c0	nil
0xc2c5	nil
0xc35f	nil
0xc364	nil
0xc394	nil
0xc399	nil
0x84cc8	nil
0x9d2eb	nil
0x9d340	nil
0x9d395	nil
0x9d3c2	nil
0x9d3ef	nil
0x9d41c	nil
0x9d48b	nil
0x9d52f	nil
0xb5b27	nil
0xb5b56	nil
0xce16f	nil
0xce19c	nil
0xce1c9	nil
0xce249	nil
0xce278	nil
0xe687a	nil
0xe68a7	nil
0xe68d4	nil
0xe6987	nil
0xe69d7	nil
0xff011	nil
0xff03e	nil
0xff18a	nil
0xff18e	nil
0xff1c2	nil
0xff1c6	nil
0xff1fa	nil
0xff1fe	nil
0xff334	nil
0xff338	nil
0xff36c	nil
0xff370	nil
0xff3a4	nil
0xff3a8	nil
0xff449	nil
0xff44d	nil
0xff481	nil
0xff485	nil
0xff504	nil
0xff508	nil
0xff561	nil
0xff565	nil
0x10041d	nil
0x100867	nil
0x100894	nil
0x1008cb	nil
0x1008f8	nil
0x10092a	nil
0x10092e	nil
0x12820x123d	nil
0x12820x13e5	nil
0x37a80x36ee	nil
0x37b90x36ee	nil
0x38000x36ee	nil
0x3e060x3d0d	nil
0x3e060x3e14	nil
0x3e060x40e7	nil
0x3e060x420a	nil
0x212d	nil
0x215c	nil
0x21d5	nil
0xa6d	nil
0xa8b	nil
0xa94	nil
0xaa7	nil
0xf73	nil
0xf92	nil
0xfae	nil
0xfbf	nil
0x1070	nil
0x124f	nil
0x12e6	nil
0x13fa	nil
0x17c5	nil
0x9ef	nil
0xdad	nil
0xe78	nil
0x1feb	nil
0x28ee	nil
0x2954	nil
0x3bca	nil
0x3c95	nil
0x3d5f	nil
0x3e66	nil
0x419e	nil
0x42c1	nil
0x4346	nil
0x37e50x36ee	nil
0x3deb0x3d0d	nil
0x3deb0x3e14	nil
0x3deb0x40e7	nil
0x3deb0x420a	nil
0x51b1S0x1342	[0x517b, nil]
0x5180S0x1342	[0x517b, nil]
0x5186S0x1342	[0x517b, nil]
0x51acS0x1342	[0x517b, nil]
0x51b1S0x1365	[0x517b, nil]
0x5180S0x1365	[0x517b, nil]
0x5186S0x1365	[0x517b, nil]
0x51acS0x1365	[0x517b, nil]
0x51b1S0x152c	[0x517b, nil]
0x5180S0x152c	[0x517b, nil]
0x5186S0x152c	[0x517b, nil]
0x51acS0x152c	[0x517b, nil]
0x4679S0x381f	[0x464a, nil]
0x465cS0x381f	[0x464a, nil]
0x4663S0x381f	[0x464a, nil]
0x10010dS0x381f	[0x464a, nil]
0x37250S0x3c13	[0x3ca2, nil]
0x3cb5S0x3c13	[0x3ca2, nil]
0x3cbcS0x3c13	[0x3ca2, nil]
0x3cc3S0x3c13	[0x3ca2, nil]
0x10004eS0x3c13	[0x3ca2, nil]
0x4936S0x2b9	[0x4925, nil]
0x4932S0x2b9	[0x4925, nil]
0x493dS0x2b9	[0x4925, nil]
0x4936S0x312	[0x4925, nil]
0x4932S0x312	[0x4925, nil]
0x493dS0x312	[0x4925, nil]
0x4936S0x44c	[0x4925, nil]
0x4932S0x44c	[0x4925, nil]
0x493dS0x44c	[0x4925, nil]
0xaf5S0x4d5	[0xad8, nil]
0xae7S0x4d5	[0xad8, nil]
0xaecS0x4d5	[0xad8, nil]
0xff3d6S0x4d5	[0xad8, nil]
0x1434S0xb09	[0x1422, nil]
0x148eS0xb09	[0x1422, nil]
0x1485S0xb09	[0x1422, nil]
0x142cS0xb09	[0x1422, nil]
0xff79aS0xb09	[0x1422, nil]
0x1457S0xb09	[0x1422, nil]
0x145eS0xb09	[0x1422, nil]
0x1473S0xb09	[0x1422, nil]
0xff7c5S0xb09	[0x1422, nil]
0x1f650S0xb09	[0x1422, nil]
0x1496S0xb09	[0x1422, nil]
0xff7f0S0xb09	[0x1422, nil]
0x14b0S0xb09	[0x1422, nil]
0x14a1S0xb09	[0x1422, nil]
0x1cc3S0xb09	[0x1422, nil]
0x1cb1S0xb09	[0x1422, nil]
0x1c9bS0xb09	[0x1422, nil]
0x1ca1S0xb09	[0x1422, nil]
0x1cb7S0xb09	[0x1422, nil]
0x1cc0S0xb09	[0x1422, nil]
0x1009b1S0xb09	[0x1422, nil]
0x10101cS0xb09	[0x1422, nil]
0x101041S0xb09	[0x1422, nil]
0x101066S0xb09	[0x1422, nil]
0x101317S0xb09	[0x1422, nil]
0x147bS0xb09	[0x1422, nil]
0x20050S0xb09	[0x1422, nil]
0xbdbS0x552	[0xbb1, nil]
0xbb6S0x552	[0xbb1, nil]
0xbbdS0x552	[0xbb1, nil]
0xbd0S0x552	[0xbb1, nil]
0xbd3S0x552	[0xbb1, nil]
0x4936S0x5d8	[0x4925, nil]
0x4932S0x5d8	[0x4925, nil]
0x493dS0x5d8	[0x4925, nil]
0x4936S0x6c9	[0x4925, nil]
0x4932S0x6c9	[0x4925, nil]
0x493dS0x6c9	[0x4925, nil]
0x4936S0x75d	[0x4925, nil]
0x4932S0x75d	[0x4925, nil]
0x493dS0x75d	[0x4925, nil]
0x4f97S0x4f98	[0x4f7a, nil]
0x4f8dS0x4f98	[0x4f7a, nil]
0x4f92S0x4f98	[0x4f7a, nil]
0x10051cS0x4f98	[0x4f7a, nil]
0x4f82S0x4f98	[0x4f7a, nil]
0x184fS0x123d	[0x1807, nil]
0x181dS0x123d	[0x1807, nil]
0x1824S0x123d	[0x1807, nil]
0x182bS0x123d	[0x1807, nil]
0x1848S0x123d	[0x1807, nil]
0x1811S0x123d	[0x1807, nil]
0xff9d1S0x123d	[0x1807, nil]
0xb7d8S0x123d	[0x1807, nil]
0x1c84S0x13e5	[0x1c3f, nil]
0x1c56S0x13e5	[0x1c3f, nil]
0x1c5dS0x13e5	[0x1c3f, nil]
0x1c64S0x13e5	[0x1c3f, nil]
0x1c7dS0x13e5	[0x1c3f, nil]
0x1c4aS0x13e5	[0x1c3f, nil]
0xffaa1S0x13e5	[0x1c3f, nil]
0xb9a8S0x13e5	[0x1c3f, nil]
0x1434S0xb3d	[0x1422, nil]
0x148eS0xb3d	[0x1422, nil]
0x1485S0xb3d	[0x1422, nil]
0x142cS0xb3d	[0x1422, nil]
0xff79aS0xb3d	[0x1422, nil]
0x1457S0xb3d	[0x1422, nil]
0x145eS0xb3d	[0x1422, nil]
0x1473S0xb3d	[0x1422, nil]
0xff7c5S0xb3d	[0x1422, nil]
0x1f650S0xb3d	[0x1422, nil]
0x1496S0xb3d	[0x1422, nil]
0xff7f0S0xb3d	[0x1422, nil]
0x14b0S0xb3d	[0x1422, nil]
0x14a1S0xb3d	[0x1422, nil]
0x1cc3S0xb3d	[0x1422, nil]
0x1cb1S0xb3d	[0x1422, nil]
0x1c9bS0xb3d	[0x1422, nil]
0x1ca1S0xb3d	[0x1422, nil]
0x1cb7S0xb3d	[0x1422, nil]
0x1cc0S0xb3d	[0x1422, nil]
0x1009b1S0xb3d	[0x1422, nil]
0x10101cS0xb3d	[0x1422, nil]
0x101041S0xb3d	[0x1422, nil]
0x101066S0xb3d	[0x1422, nil]
0x101317S0xb3d	[0x1422, nil]
0x147bS0xb3d	[0x1422, nil]
0x20050S0xb3d	[0x1422, nil]
0xbdbS0x178b	[0xbb1, nil]
0xbb6S0x178b	[0xbb1, nil]
0xbbdS0x178b	[0xbb1, nil]
0xbd0S0x178b	[0xbb1, nil]
0xbd3S0x178b	[0xbb1, nil]
0x55b9S0x20a1	[0x55a3, nil]
0x55b2S0x20a1	[0x55a3, nil]
0x10075eS0x20a1	[0x55a3, nil]
0xc334S0x20a1	[0x55a3, nil]
0xc32aS0x20a1	[0x55a3, nil]
0xc32fS0x20a1	[0x55a3, nil]
0x52aaS0x1d11	[0x5294, nil]
0x52c4S0x1d11	[0x5294, nil]
0x52d9S0x1d11	[0x5294, nil]
0x52a6S0x1d11	[0x5294, nil]
0x52c0S0x1d11	[0x5294, nil]
0x52d5S0x1d11	[0x5294, nil]
0x10067fS0x1d11	[0x5294, nil]
0x4991S0x54d6	[0x496e, nil]
0x4990S0x54d6	[0x496e, nil]
0x4979S0x54d6	[0x496e, nil]
0x3b850S0x54d6	[0x496e, nil]
0x4988S0x54d6	[0x496e, nil]
0x4981S0x54d6	[0x496e, nil]
0x4991S0x54fe	[0x496e, nil]
0x4990S0x54fe	[0x496e, nil]
0x4979S0x54fe	[0x496e, nil]
0x3b850S0x54fe	[0x496e, nil]
0x4988S0x54fe	[0x496e, nil]
0x4981S0x54fe	[0x496e, nil]
0x530fS0x20b0	[0x52fd, nil]
0x5308S0x20b0	[0x52fd, nil]
0x1006eeS0x20b0	[0x52fd, nil]
0xc2ffS0x20b0	[0x52fd, nil]
0xc2f5S0x20b0	[0x52fd, nil]
0xc2faS0x20b0	[0x52fd, nil]
0x55b9S0x2146	[0x55a3, nil]
0x55b2S0x2146	[0x55a3, nil]
0x10075eS0x2146	[0x55a3, nil]
0xc334S0x2146	[0x55a3, nil]
0xc32aS0x2146	[0x55a3, nil]
0xc32fS0x2146	[0x55a3, nil]
0x530fS0x216a	[0x52fd, nil]
0x5308S0x216a	[0x52fd, nil]
0x1006eeS0x216a	[0x52fd, nil]
0xc2ffS0x216a	[0x52fd, nil]
0xc2f5S0x216a	[0x52fd, nil]
0xc2faS0x216a	[0x52fd, nil]
0x571eS0x2959	[0x570d, nil]
0x571aS0x2959	[0x570d, nil]
0x5725S0x2959	[0x570d, nil]
0x37250S0x382e	[0x3ca2, nil]
0x3cb5S0x382e	[0x3ca2, nil]
0x3cbcS0x382e	[0x3ca2, nil]
0x3cc3S0x382e	[0x3ca2, nil]
0x10004eS0x382e	[0x3ca2, nil]
0x5a37S0x3c2a	[0x5a0d, nil]
0x5a1aS0x3c2a	[0x5a0d, nil]
0x5a22S0x3c2a	[0x5a0d, nil]
0x5a2aS0x3c2a	[0x5a0d, nil]
0x5a32S0x3c2a	[0x5a0d, nil]
0x591fS0x3d88	[0x58e5, nil]
0x58f2S0x3d88	[0x58e5, nil]
0x58faS0x3d88	[0x58e5, nil]
0x5902S0x3d88	[0x58e5, nil]
0x590aS0x3d88	[0x58e5, nil]
0x591aS0x3d88	[0x58e5, nil]
0x5a37S0x3e8f	[0x5a0d, nil]
0x5a1aS0x3e8f	[0x5a0d, nil]
0x5a22S0x3e8f	[0x5a0d, nil]
0x5a2aS0x3e8f	[0x5a0d, nil]
0x5a32S0x3e8f	[0x5a0d, nil]
0x5a37S0x41c7	[0x5a0d, nil]
0x5a1aS0x41c7	[0x5a0d, nil]
0x5a22S0x41c7	[0x5a0d, nil]
0x5a2aS0x41c7	[0x5a0d, nil]
0x5a32S0x41c7	[0x5a0d, nil]
0x5a37S0x436f	[0x5a0d, nil]
0x5a1aS0x436f	[0x5a0d, nil]
0x5a22S0x436f	[0x5a0d, nil]
0x5a2aS0x436f	[0x5a0d, nil]
0x5a32S0x436f	[0x5a0d, nil]
0x49f1S0x4ee1	[0x49e0, nil]
0x4a08S0x4ee1	[0x49e0, nil]
0x4a23S0x4ee1	[0x49e0, nil]
0x4a04S0x4ee1	[0x49e0, nil]
0x4a1fS0x4ee1	[0x49e0, nil]
0x100366S0x4ee1	[0x49e0, nil]
0x49edS0x4ee1	[0x49e0, nil]
0x4991S0x5510	[0x496e, nil]
0x4990S0x5510	[0x496e, nil]
0x4979S0x5510	[0x496e, nil]
0x3b850S0x5510	[0x496e, nil]
0x4988S0x5510	[0x496e, nil]
0x4981S0x5510	[0x496e, nil]
0x4907S0x5628	[0x48f3, nil]
0x1002a8S0x5628	[0x48f3, nil]
0x4903S0x5628	[0x48f3, nil]
0x4907S0x5868	[0x48f3, nil]
0x1002a8S0x5868	[0x48f3, nil]
0x4903S0x5868	[0x48f3, nil]
0x4907S0x5873	[0x48f3, nil]
0x1002a8S0x5873	[0x48f3, nil]
0x4903S0x5873	[0x48f3, nil]
0x4907S0x588d	[0x48f3, nil]
0x1002a8S0x588d	[0x48f3, nil]
0x4903S0x588d	[0x48f3, nil]
0x4e69S0x58a0	[0x4e55, nil]
0x1004d0S0x58a0	[0x4e55, nil]
0x4e65S0x58a0	[0x4e55, nil]
0x4e69S0x58b3	[0x4e55, nil]
0x1004d0S0x58b3	[0x4e55, nil]
0x4e65S0x58b3	[0x4e55, nil]
0x4907S0x58c6	[0x48f3, nil]
0x1002a8S0x58c6	[0x48f3, nil]
0x4903S0x58c6	[0x48f3, nil]
0x571eS0x3df00x3d0d	[0x570d, nil]
0x571aS0x3df00x3d0d	[0x570d, nil]
0x5725S0x3df00x3d0d	[0x570d, nil]
0x571eS0x3df00x3e14	[0x570d, nil]
0x571aS0x3df00x3e14	[0x570d, nil]
0x5725S0x3df00x3e14	[0x570d, nil]
0x571eS0x3df00x40e7	[0x570d, nil]
0x571aS0x3df00x40e7	[0x570d, nil]
0x5725S0x3df00x40e7	[0x570d, nil]
0x571eS0x3df00x420a	[0x570d, nil]
0x571aS0x3df00x420a	[0x570d, nil]
0x5725S0x3df00x420a	[0x570d, nil]
0x48e9S0x262	[0x48d8, nil]
0x48e5S0x262	[0x48d8, nil]
0x48f2S0x262	[0x48d8, nil]
0x100286S0x262	[0x48d8, nil]
0x48d7S0x48eaS0x262	[0x48d8, [0x48c0, nil]]
0x100260S0x48eaS0x262	[0x48d8, [0x48c0, nil]]
0x48d3S0x48eaS0x262	[0x48d8, [0x48c0, nil]]
0x4919S0x297	[0x4908, nil]
0x4915S0x297	[0x4908, nil]
0x4924S0x297	[0x4908, nil]
0x1002ceS0x297	[0x4908, nil]
0x4907S0x491aS0x297	[0x4908, [0x48f3, nil]]
0x1002a8S0x491aS0x297	[0x4908, [0x48f3, nil]]
0x4903S0x491aS0x297	[0x4908, [0x48f3, nil]]
0x4950S0x381	[0x493e, nil]
0x494cS0x381	[0x493e, nil]
0x4962S0x381	[0x493e, nil]
0x1002f8S0x381	[0x493e, nil]
0x4907S0x4951S0x381	[0x493e, [0x48f3, nil]]
0x1002a8S0x4951S0x381	[0x493e, [0x48f3, nil]]
0x4903S0x4951S0x381	[0x493e, [0x48f3, nil]]
0x4950S0x3a1	[0x493e, nil]
0x494cS0x3a1	[0x493e, nil]
0x4962S0x3a1	[0x493e, nil]
0x1002f8S0x3a1	[0x493e, nil]
0x4907S0x4951S0x3a1	[0x493e, [0x48f3, nil]]
0x1002a8S0x4951S0x3a1	[0x493e, [0x48f3, nil]]
0x4903S0x4951S0x3a1	[0x493e, [0x48f3, nil]]
0x4919S0x3c1	[0x4908, nil]
0x4915S0x3c1	[0x4908, nil]
0x4924S0x3c1	[0x4908, nil]
0x1002ceS0x3c1	[0x4908, nil]
0x4907S0x491aS0x3c1	[0x4908, [0x48f3, nil]]
0x1002a8S0x491aS0x3c1	[0x4908, [0x48f3, nil]]
0x4903S0x491aS0x3c1	[0x4908, [0x48f3, nil]]
0x4919S0x4c6	[0x4908, nil]
0x4915S0x4c6	[0x4908, nil]
0x4924S0x4c6	[0x4908, nil]
0x1002ceS0x4c6	[0x4908, nil]
0x4907S0x491aS0x4c6	[0x4908, [0x48f3, nil]]
0x1002a8S0x491aS0x4c6	[0x4908, [0x48f3, nil]]
0x4903S0x491aS0x4c6	[0x4908, [0x48f3, nil]]
0xba9S0x532	[0xb92, nil]
0xb97S0x532	[0xb92, nil]
0xb9cS0x532	[0xb92, nil]
0xff41eS0x532	[0xb92, nil]
0x1cdaS0xb92S0x532	[0xb92, [0x14c6, nil]]
0x14d1S0xb92S0x532	[0xb92, [0x14c6, nil]]
0xff83bS0xb92S0x532	[0xb92, [0x14c6, nil]]
0x1cd3S0xb92S0x532	[0xb92, [0x14c6, nil]]
0x1cedS0xb92S0x532	[0xb92, [0x14c6, nil]]
0x1cdfS0xb92S0x532	[0xb92, [0x14c6, nil]]
0xb9ddS0xb92S0x532	[0xb92, [0x14c6, nil]]
0xb9d3S0xb92S0x532	[0xb92, [0x14c6, nil]]
0xb9d8S0xb92S0x532	[0xb92, [0x14c6, nil]]
0x4950S0x543	[0x493e, nil]
0x494cS0x543	[0x493e, nil]
0x4962S0x543	[0x493e, nil]
0x1002f8S0x543	[0x493e, nil]
0x4907S0x4951S0x543	[0x493e, [0x48f3, nil]]
0x1002a8S0x4951S0x543	[0x493e, [0x48f3, nil]]
0x4903S0x4951S0x543	[0x493e, [0x48f3, nil]]
0x4919S0x563	[0x4908, nil]
0x4915S0x563	[0x4908, nil]
0x4924S0x563	[0x4908, nil]
0x1002ceS0x563	[0x4908, nil]
0x4907S0x491aS0x563	[0x4908, [0x48f3, nil]]
0x1002a8S0x491aS0x563	[0x4908, [0x48f3, nil]]
0x4903S0x491aS0x563	[0x4908, [0x48f3, nil]]
0x4e7eS0x661	[0x4e6a, nil]
0x4e7aS0x661	[0x4e6a, nil]
0x4e87S0x661	[0x4e6a, nil]
0x4e97S0x661	[0x4e6a, nil]
0x4ea7S0x661	[0x4e6a, nil]
0x4eb2S0x661	[0x4e6a, nil]
0x48d7S0x4e7fS0x661	[0x4e6a, [0x48c0, nil]]
0x100260S0x4e7fS0x661	[0x4e6a, [0x48c0, nil]]
0x48d3S0x4e7fS0x661	[0x4e6a, [0x48c0, nil]]
0x4907S0x4e88S0x661	[0x4e6a, [0x48f3, nil]]
0x1002a8S0x4e88S0x661	[0x4e6a, [0x48f3, nil]]
0x4903S0x4e88S0x661	[0x4e6a, [0x48f3, nil]]
0x4e69S0x4e98S0x661	[0x4e6a, [0x4e55, nil]]
0x1004d0S0x4e98S0x661	[0x4e6a, [0x4e55, nil]]
0x4e65S0x4e98S0x661	[0x4e6a, [0x4e55, nil]]
0x4f48S0x694	[0x4f36, nil]
0x4f44S0x694	[0x4f36, nil]
0x4f53S0x694	[0x4f36, nil]
0x4f63S0x694	[0x4f36, nil]
0x1004faS0x694	[0x4f36, nil]
0x4907S0x4f49S0x694	[0x4f36, [0x48f3, nil]]
0x1002a8S0x4f49S0x694	[0x4f36, [0x48f3, nil]]
0x4903S0x4f49S0x694	[0x4f36, [0x48f3, nil]]
0x4907S0x4f54S0x694	[0x4f36, [0x48f3, nil]]
0x1002a8S0x4f54S0x694	[0x4f36, [0x48f3, nil]]
0x4903S0x4f54S0x694	[0x4f36, [0x48f3, nil]]
0x109dS0x6d8	[0x1087, nil]
0x108cS0x6d8	[0x1087, nil]
0x1091S0x6d8	[0x1087, nil]
0xff593S0x6d8	[0x1087, nil]
0x1655S0x1087S0x6d8	[0x1087, [0x164c, nil]]
0xff888S0x1087S0x6d8	[0x1087, [0x164c, nil]]
0x4950S0x6e9	[0x493e, nil]
0x494cS0x6e9	[0x493e, nil]
0x4962S0x6e9	[0x493e, nil]
0x1002f8S0x6e9	[0x493e, nil]
0x4907S0x4951S0x6e9	[0x493e, [0x48f3, nil]]
0x1002a8S0x4951S0x6e9	[0x493e, [0x48f3, nil]]
0x4903S0x4951S0x6e9	[0x493e, [0x48f3, nil]]
0x4ffbS0x9f4	[0x4fea, nil]
0x4ff7S0x9f4	[0x4fea, nil]
0x5006S0x9f4	[0x4fea, nil]
0x10058bS0x9f4	[0x4fea, nil]
0x4907S0x4ffcS0x9f4	[0x4fea, [0x48f3, nil]]
0x1002a8S0x4ffcS0x9f4	[0x4fea, [0x48f3, nil]]
0x4903S0x4ffcS0x9f4	[0x4fea, [0x48f3, nil]]
0x4ffbS0xdb2	[0x4fea, nil]
0x4ff7S0xdb2	[0x4fea, nil]
0x5006S0xdb2	[0x4fea, nil]
0x10058bS0xdb2	[0x4fea, nil]
0x4907S0x4ffcS0xdb2	[0x4fea, [0x48f3, nil]]
0x1002a8S0x4ffcS0xdb2	[0x4fea, [0x48f3, nil]]
0x4903S0x4ffcS0xdb2	[0x4fea, [0x48f3, nil]]
0x4ffbS0xe7d	[0x4fea, nil]
0x4ff7S0xe7d	[0x4fea, nil]
0x5006S0xe7d	[0x4fea, nil]
0x10058bS0xe7d	[0x4fea, nil]
0x4907S0x4ffcS0xe7d	[0x4fea, [0x48f3, nil]]
0x1002a8S0x4ffcS0xe7d	[0x4fea, [0x48f3, nil]]
0x4903S0x4ffcS0xe7d	[0x4fea, [0x48f3, nil]]
0xff670S0x1203	[0x117a, nil]
0x118eS0x1203	[0x117a, nil]
0x16a9S0x117aS0x1203	[0x117a, [0x1694, nil]]
0x1699S0x117aS0x1203	[0x117a, [0x1694, nil]]
0x16a0S0x117aS0x1203	[0x117a, [0x1694, nil]]
0x16e2S0x117aS0x1203	[0x117a, [0x1694, nil]]
0xff8d5S0x117aS0x1203	[0x117a, [0x1694, nil]]
0xff8faS0x117aS0x1203	[0x117a, [0x1694, nil]]
0x16daS0x117aS0x1203	[0x117a, [0x1694, nil]]
0x16b8S0x117aS0x1203	[0x117a, [0x1694, nil]]
0x16c8S0x117aS0x1203	[0x117a, [0x1694, nil]]
0x16ceS0x117aS0x1203	[0x117a, [0x1694, nil]]
0x16b3S0x117aS0x1203	[0x117a, [0x1694, nil]]
0x16c3S0x117aS0x1203	[0x117a, [0x1694, nil]]
0x16d6S0x117aS0x1203	[0x117a, [0x1694, nil]]
0x1806S0x1225	[0x17f2, nil]
0xff9b0S0x1225	[0x17f2, nil]
0x228cS0x17f2S0x1225	[0x17f2, [0x223c, nil]]
0x2293S0x17f2S0x1225	[0x17f2, [0x223c, nil]]
0x22b6S0x17f2S0x1225	[0x17f2, [0x223c, nil]]
0x22e9S0x17f2S0x1225	[0x17f2, [0x223c, nil]]
0x2253S0x17f2S0x1225	[0x17f2, [0x223c, nil]]
0x2241S0x17f2S0x1225	[0x17f2, [0x223c, nil]]
0x2248S0x17f2S0x1225	[0x17f2, [0x223c, nil]]
0x232eS0x17f2S0x1225	[0x17f2, [0x223c, nil]]
0x227dS0x17f2S0x1225	[0x17f2, [0x223c, nil]]
0x22e2S0x17f2S0x1225	[0x17f2, [0x223c, nil]]
0x22afS0x17f2S0x1225	[0x17f2, [0x223c, nil]]
0x2298S0x17f2S0x1225	[0x17f2, [0x223c, nil]]
0xbc4dS0x17f2S0x1225	[0x17f2, [0x223c, nil]]
0xbc43S0x17f2S0x1225	[0x17f2, [0x223c, nil]]
0xbc48S0x17f2S0x1225	[0x17f2, [0x223c, nil]]
0x26450S0x17f2S0x1225	[0x17f2, [0x223c, nil]]
0x22bcS0x17f2S0x1225	[0x17f2, [0x223c, nil]]
0x22cbS0x17f2S0x1225	[0x17f2, [0x223c, nil]]
0x22d1S0x17f2S0x1225	[0x17f2, [0x223c, nil]]
0x22c8S0x17f2S0x1225	[0x17f2, [0x223c, nil]]
0x22d8S0x17f2S0x1225	[0x17f2, [0x223c, nil]]
0xbc82S0x17f2S0x1225	[0x17f2, [0x223c, nil]]
0xbc78S0x17f2S0x1225	[0x17f2, [0x223c, nil]]
0xbc7dS0x17f2S0x1225	[0x17f2, [0x223c, nil]]
0xffb46S0x17f2S0x1225	[0x17f2, [0x223c, nil]]
0xffb16S0x17f2S0x1225	[0x17f2, [0x223c, nil]]
0xffb2bS0x17f2S0x1225	[0x17f2, [0x223c, nil]]
0xffb31S0x17f2S0x1225	[0x17f2, [0x223c, nil]]
0xffb20S0x17f2S0x1225	[0x17f2, [0x223c, nil]]
0xffb22S0x17f2S0x1225	[0x17f2, [0x223c, nil]]
0xffb3bS0x17f2S0x1225	[0x17f2, [0x223c, nil]]
0x55e6S0x17f2S0x1225	[0x17f2, [0x223c, nil]]
0x55dcS0x17f2S0x1225	[0x17f2, [0x223c, nil]]
0x55e1S0x17f2S0x1225	[0x17f2, [0x223c, nil]]
0xffbeaS0x17f2S0x1225	[0x17f2, [0x223c, nil]]
0x10108bS0x17f2S0x1225	[0x17f2, [0x223c, nil]]
0x51e0S0x1391	[0x51b2, nil]
0x51bfS0x1391	[0x51b2, nil]
0x51c6S0x1391	[0x51b2, nil]
0x51cdS0x1391	[0x51b2, nil]
0x51d4S0x1391	[0x51b2, nil]
0x51faS0x1391	[0x51b2, nil]
0x51e7S0x1391	[0x51b2, nil]
0x51f0S0x1391	[0x51b2, nil]
0x4f97S0x51b2S0x1391	[0x51b2, [0x4f7a, nil]]
0x4f8dS0x51b2S0x1391	[0x51b2, [0x4f7a, nil]]
0x4f92S0x51b2S0x1391	[0x51b2, [0x4f7a, nil]]
0x10051cS0x51b2S0x1391	[0x51b2, [0x4f7a, nil]]
0x4f82S0x51b2S0x1391	[0x51b2, [0x4f7a, nil]]
0x51e0S0x15f8	[0x51b2, nil]
0x51bfS0x15f8	[0x51b2, nil]
0x51c6S0x15f8	[0x51b2, nil]
0x51cdS0x15f8	[0x51b2, nil]
0x51d4S0x15f8	[0x51b2, nil]
0x51faS0x15f8	[0x51b2, nil]
0x51e7S0x15f8	[0x51b2, nil]
0x51f0S0x15f8	[0x51b2, nil]
0x4f97S0x51b2S0x15f8	[0x51b2, [0x4f7a, nil]]
0x4f8dS0x51b2S0x15f8	[0x51b2, [0x4f7a, nil]]
0x4f92S0x51b2S0x15f8	[0x51b2, [0x4f7a, nil]]
0x10051cS0x51b2S0x15f8	[0x51b2, [0x4f7a, nil]]
0x4f82S0x51b2S0x15f8	[0x51b2, [0x4f7a, nil]]
0x4ffbS0x28f3	[0x4fea, nil]
0x4ff7S0x28f3	[0x4fea, nil]
0x5006S0x28f3	[0x4fea, nil]
0x10058bS0x28f3	[0x4fea, nil]
0x4907S0x4ffcS0x28f3	[0x4fea, [0x48f3, nil]]
0x1002a8S0x4ffcS0x28f3	[0x4fea, [0x48f3, nil]]
0x4903S0x4ffcS0x28f3	[0x4fea, [0x48f3, nil]]
0x4ffbS0x3bcf	[0x4fea, nil]
0x4ff7S0x3bcf	[0x4fea, nil]
0x5006S0x3bcf	[0x4fea, nil]
0x10058bS0x3bcf	[0x4fea, nil]
0x4907S0x4ffcS0x3bcf	[0x4fea, [0x48f3, nil]]
0x1002a8S0x4ffcS0x3bcf	[0x4fea, [0x48f3, nil]]
0x4903S0x4ffcS0x3bcf	[0x4fea, [0x48f3, nil]]
0x4ffbS0x3d64	[0x4fea, nil]
0x4ff7S0x3d64	[0x4fea, nil]
0x5006S0x3d64	[0x4fea, nil]
0x10058bS0x3d64	[0x4fea, nil]
0x4907S0x4ffcS0x3d64	[0x4fea, [0x48f3, nil]]
0x1002a8S0x4ffcS0x3d64	[0x4fea, [0x48f3, nil]]
0x4903S0x4ffcS0x3d64	[0x4fea, [0x48f3, nil]]
0x4ffbS0x3e6b	[0x4fea, nil]
0x4ff7S0x3e6b	[0x4fea, nil]
0x5006S0x3e6b	[0x4fea, nil]
0x10058bS0x3e6b	[0x4fea, nil]
0x4907S0x4ffcS0x3e6b	[0x4fea, [0x48f3, nil]]
0x1002a8S0x4ffcS0x3e6b	[0x4fea, [0x48f3, nil]]
0x4903S0x4ffcS0x3e6b	[0x4fea, [0x48f3, nil]]
0x4ffbS0x41a3	[0x4fea, nil]
0x4ff7S0x41a3	[0x4fea, nil]
0x5006S0x41a3	[0x4fea, nil]
0x10058bS0x41a3	[0x4fea, nil]
0x4907S0x4ffcS0x41a3	[0x4fea, [0x48f3, nil]]
0x1002a8S0x4ffcS0x41a3	[0x4fea, [0x48f3, nil]]
0x4903S0x4ffcS0x41a3	[0x4fea, [0x48f3, nil]]
0x4ffbS0x42c6	[0x4fea, nil]
0x4ff7S0x42c6	[0x4fea, nil]
0x5006S0x42c6	[0x4fea, nil]
0x10058bS0x42c6	[0x4fea, nil]
0x4907S0x4ffcS0x42c6	[0x4fea, [0x48f3, nil]]
0x1002a8S0x4ffcS0x42c6	[0x4fea, [0x48f3, nil]]
0x4903S0x4ffcS0x42c6	[0x4fea, [0x48f3, nil]]
0x4ffbS0x434b	[0x4fea, nil]
0x4ff7S0x434b	[0x4fea, nil]
0x5006S0x434b	[0x4fea, nil]
0x10058bS0x434b	[0x4fea, nil]
0x4907S0x4ffcS0x434b	[0x4fea, [0x48f3, nil]]
0x1002a8S0x4ffcS0x434b	[0x4fea, [0x48f3, nil]]
0x4903S0x4ffcS0x434b	[0x4fea, [0x48f3, nil]]
0x100565S0x563c	[0x4fdf, nil]
0x4fe9S0x563c	[0x4fdf, nil]
0x4907S0x4fdfS0x563c	[0x4fdf, [0x48f3, nil]]
0x1002a8S0x4fdfS0x563c	[0x4fdf, [0x48f3, nil]]
0x4903S0x4fdfS0x563c	[0x4fdf, [0x48f3, nil]]
0x100565S0x5655	[0x4fdf, nil]
0x4fe9S0x5655	[0x4fdf, nil]
0x4907S0x4fdfS0x5655	[0x4fdf, [0x48f3, nil]]
0x1002a8S0x4fdfS0x5655	[0x4fdf, [0x48f3, nil]]
0x4903S0x4fdfS0x5655	[0x4fdf, [0x48f3, nil]]
0x100565S0x5666	[0x4fdf, nil]
0x4fe9S0x5666	[0x4fdf, nil]
0x4907S0x4fdfS0x5666	[0x4fdf, [0x48f3, nil]]
0x1002a8S0x4fdfS0x5666	[0x4fdf, [0x48f3, nil]]
0x4903S0x4fdfS0x5666	[0x4fdf, [0x48f3, nil]]
0x1007a7S0x5677	[0x55e7, nil]
0x55f1S0x5677	[0x55e7, nil]
0x49dfS0x55e7S0x5677	[0x55e7, [0x49d1, nil]]
0x100340S0x55e7S0x5677	[0x55e7, [0x49d1, nil]]
0x49dbS0x55e7S0x5677	[0x55e7, [0x49d1, nil]]
0x100565S0x5692	[0x4fdf, nil]
0x4fe9S0x5692	[0x4fdf, nil]
0x4907S0x4fdfS0x5692	[0x4fdf, [0x48f3, nil]]
0x1002a8S0x4fdfS0x5692	[0x4fdf, [0x48f3, nil]]
0x4903S0x4fdfS0x5692	[0x4fdf, [0x48f3, nil]]
0x4ffbS0x37ea0x36ee	[0x4fea, nil]
0x4ff7S0x37ea0x36ee	[0x4fea, nil]
0x5006S0x37ea0x36ee	[0x4fea, nil]
0x10058bS0x37ea0x36ee	[0x4fea, nil]
0x4907S0x4ffcS0x37ea0x36ee	[0x4fea, [0x48f3, nil]]
0x1002a8S0x4ffcS0x37ea0x36ee	[0x4fea, [0x48f3, nil]]
0x4903S0x4ffcS0x37ea0x36ee	[0x4fea, [0x48f3, nil]]
0x7a9S0x271	[0x78e, nil]
0xff117S0x271	[0x78e, nil]
0xff13cS0x271	[0x78e, nil]
0x7b2S0x271	[0x78e, nil]
0x11aaS0x7aaS0x271	[0x78e, [0x118f, nil]]
0x11c3S0x7aaS0x271	[0x78e, [0x118f, nil]]
0xff695S0x7aaS0x271	[0x78e, [0x118f, nil]]
0xff6baS0x7aaS0x271	[0x78e, [0x118f, nil]]
0x1c450S0x3b0	[0x866, nil]
0x882S0x3b0	[0x866, nil]
0x889S0x3b0	[0x866, nil]
0x890S0x3b0	[0x866, nil]
0x8b6S0x3b0	[0x866, nil]
0x8ceS0x3b0	[0x866, nil]
0x876S0x3b0	[0x866, nil]
0x8e4S0x3b0	[0x866, nil]
0xff24eS0x3b0	[0x866, nil]
0x10095fS0x3b0	[0x866, nil]
0x49d0S0x9d4d3	[0x49be, nil]
0x49c2S0x9d4d3	[0x49be, nil]
0x10031eS0x9d4d3	[0x49be, nil]
0x49bdS0x49beS0x9d4d3	[0x49be, [0x4992, nil]]
0x49a9S0x49beS0x9d4d3	[0x49be, [0x4992, nil]]
0x4999S0x49beS0x9d4d3	[0x49be, [0x4992, nil]]
0x4991S0x4992S0x49beS0x9d4d3	[0x49be, [0x4992, [0x496e, nil]]]
0x4990S0x4992S0x49beS0x9d4d3	[0x49be, [0x4992, [0x496e, nil]]]
0x4979S0x4992S0x49beS0x9d4d3	[0x49be, [0x4992, [0x496e, nil]]]
0x3b850S0x4992S0x49beS0x9d4d3	[0x49be, [0x4992, [0x496e, nil]]]
0x4988S0x4992S0x49beS0x9d4d3	[0x49be, [0x4992, [0x496e, nil]]]
0x4981S0x4992S0x49beS0x9d4d3	[0x49be, [0x4992, [0x496e, nil]]]
0x4ca0S0x504	[0x4c81, nil]
0x4c8aS0x504	[0x4c81, nil]
0x4c94S0x504	[0x4c81, nil]
0x4cb2S0x504	[0x4c81, nil]
0x4ca9S0x504	[0x4c81, nil]
0x3cc50S0x504	[0x4c81, nil]
0x4cbaS0x504	[0x4c81, nil]
0x4cc9S0x504	[0x4c81, nil]
0x4cd0S0x504	[0x4c81, nil]
0x4cd8S0x504	[0x4c81, nil]
0x4cddS0x504	[0x4c81, nil]
0x4d16S0x504	[0x4c81, nil]
0x4cf1S0x504	[0x4c81, nil]
0x4d04S0x504	[0x4c81, nil]
0x4cf5S0x504	[0x4c81, nil]
0x49bdS0x4c81S0x504	[0x4c81, [0x4992, nil]]
0x49a9S0x4c81S0x504	[0x4c81, [0x4992, nil]]
0x4999S0x4c81S0x504	[0x4c81, [0x4992, nil]]
0x4991S0x4992S0x4c81S0x504	[0x4c81, [0x4992, [0x496e, nil]]]
0x4990S0x4992S0x4c81S0x504	[0x4c81, [0x4992, [0x496e, nil]]]
0x4979S0x4992S0x4c81S0x504	[0x4c81, [0x4992, [0x496e, nil]]]
0x3b850S0x4992S0x4c81S0x504	[0x4c81, [0x4992, [0x496e, nil]]]
0x4988S0x4992S0x4c81S0x504	[0x4c81, [0x4992, [0x496e, nil]]]
0x4981S0x4992S0x4c81S0x504	[0x4c81, [0x4992, [0x496e, nil]]]
0x49bdS0x4ca1S0x504	[0x4c81, [0x4992, nil]]
0x49a9S0x4ca1S0x504	[0x4c81, [0x4992, nil]]
0x4999S0x4ca1S0x504	[0x4c81, [0x4992, nil]]
0x4991S0x4992S0x4ca1S0x504	[0x4c81, [0x4992, [0x496e, nil]]]
0x4990S0x4992S0x4ca1S0x504	[0x4c81, [0x4992, [0x496e, nil]]]
0x4979S0x4992S0x4ca1S0x504	[0x4c81, [0x4992, [0x496e, nil]]]
0x3b850S0x4992S0x4ca1S0x504	[0x4c81, [0x4992, [0x496e, nil]]]
0x4988S0x4992S0x4ca1S0x504	[0x4c81, [0x4992, [0x496e, nil]]]
0x4981S0x4992S0x4ca1S0x504	[0x4c81, [0x4992, [0x496e, nil]]]
0x49d0S0xe6928	[0x49be, nil]
0x49c2S0xe6928	[0x49be, nil]
0x10031eS0xe6928	[0x49be, nil]
0x49bdS0x49beS0xe6928	[0x49be, [0x4992, nil]]
0x49a9S0x49beS0xe6928	[0x49be, [0x4992, nil]]
0x4999S0x49beS0xe6928	[0x49be, [0x4992, nil]]
0x4991S0x4992S0x49beS0xe6928	[0x49be, [0x4992, [0x496e, nil]]]
0x4990S0x4992S0x49beS0xe6928	[0x49be, [0x4992, [0x496e, nil]]]
0x4979S0x4992S0x49beS0xe6928	[0x49be, [0x4992, [0x496e, nil]]]
0x3b850S0x4992S0x49beS0xe6928	[0x49be, [0x4992, [0x496e, nil]]]
0x4988S0x4992S0x49beS0xe6928	[0x49be, [0x4992, [0x496e, nil]]]
0x4981S0x4992S0x49beS0xe6928	[0x49be, [0x4992, [0x496e, nil]]]
0x4a62S0x641	[0x4d47, nil]
0x4d59S0x641	[0x4d47, nil]
0x4d70S0x641	[0x4d47, nil]
0x4d84S0x641	[0x4d47, nil]
0x4db1S0x641	[0x4d47, nil]
0x4dcdS0x641	[0x4d47, nil]
0x4de5S0x641	[0x4d47, nil]
0x4dffS0x641	[0x4d47, nil]
0x4e11S0x641	[0x4d47, nil]
0x4d55S0x641	[0x4d47, nil]
0x10038bS0x641	[0x4d47, nil]
0x100389S0x641	[0x4d47, nil]
0xc122S0x641	[0x4d47, nil]
0xc118S0x641	[0x4d47, nil]
0xc11dS0x641	[0x4d47, nil]
0x4d6cS0x641	[0x4d47, nil]
0x4d80S0x641	[0x4d47, nil]
0x4d92S0x641	[0x4d47, nil]
0x4dadS0x641	[0x4d47, nil]
0x4d96S0x641	[0x4d47, nil]
0x1004aeS0x641	[0x4d47, nil]
0x3d650S0x641	[0x4d47, nil]
0x4e54S0x641	[0x4d47, nil]
0x4de0S0x641	[0x4d47, nil]
0x4dedS0x641	[0x4d47, nil]
0x4dfaS0x641	[0x4d47, nil]
0x4a5bS0x641	[0x4d47, nil]
0x4e0cS0x641	[0x4d47, nil]
0x4e21S0x641	[0x4d47, nil]
0x4e32S0x641	[0x4d47, nil]
0x4e24S0x641	[0x4d47, nil]
0x4e47S0x641	[0x4d47, nil]
0x4e3aS0x641	[0x4d47, nil]
0x4e3dS0x641	[0x4d47, nil]
0x4dbeS0x641	[0x4d47, nil]
0x4dc8S0x641	[0x4d47, nil]
0x4ad5S0x1004aaS0x641	[0x4d47, [0x4aae, nil]]
0x4addS0x1004aaS0x641	[0x4d47, [0x4aae, nil]]
0x4ad9S0x1004aaS0x641	[0x4d47, [0x4aae, nil]]
0xc1c1S0x1004aaS0x641	[0x4d47, [0x4aae, nil]]
0xc1b7S0x1004aaS0x641	[0x4d47, [0x4aae, nil]]
0xc1bcS0x1004aaS0x641	[0x4d47, [0x4aae, nil]]
0x4aceS0x1004aaS0x641	[0x4d47, [0x4aae, nil]]
0x4d46S0x4e22S0x641	[0x4d47, [0x4d39, nil]]
0x4d42S0x4e22S0x641	[0x4d47, [0x4d39, nil]]
0x10048aS0x4e22S0x641	[0x4d47, [0x4d39, nil]]
0x4af6S0x4d85S0x641	[0x4d47, [0x4ade, nil]]
0x4b00S0x4d85S0x641	[0x4d47, [0x4ade, nil]]
0xc1f6S0x4d85S0x641	[0x4d47, [0x4ade, nil]]
0xc1ecS0x4d85S0x641	[0x4d47, [0x4ade, nil]]
0xc1f1S0x4d85S0x641	[0x4d47, [0x4ade, nil]]
0x4aefS0x4d85S0x641	[0x4d47, [0x4ade, nil]]
0x4b19S0x4e12S0x641	[0x4d47, [0x4b01, nil]]
0x4b40S0x4e12S0x641	[0x4d47, [0x4b01, nil]]
0x4b2cS0x4e12S0x641	[0x4d47, [0x4b01, nil]]
0xc22bS0x4e12S0x641	[0x4d47, [0x4b01, nil]]
0xc221S0x4e12S0x641	[0x4d47, [0x4b01, nil]]
0xc226S0x4e12S0x641	[0x4d47, [0x4b01, nil]]
0x4b3cS0x4e12S0x641	[0x4d47, [0x4b01, nil]]
0x4b32S0x4e12S0x641	[0x4d47, [0x4b01, nil]]
0x4b57S0x4e12S0x641	[0x4d47, [0x4b01, nil]]
0x4b48S0x4e12S0x641	[0x4d47, [0x4b01, nil]]
0x4b51S0x4e12S0x641	[0x4d47, [0x4b01, nil]]
0x4b12S0x4e12S0x641	[0x4d47, [0x4b01, nil]]
0x4ad5S0x4b1aS0x4e12S0x641	[0x4d47, [0x4b01, [0x4aae, nil]]]
0x4addS0x4b1aS0x4e12S0x641	[0x4d47, [0x4b01, [0x4aae, nil]]]
0x4ad9S0x4b1aS0x4e12S0x641	[0x4d47, [0x4b01, [0x4aae, nil]]]
0xc1c1S0x4b1aS0x4e12S0x641	[0x4d47, [0x4b01, [0x4aae, nil]]]
0xc1b7S0x4b1aS0x4e12S0x641	[0x4d47, [0x4b01, [0x4aae, nil]]]
0xc1bcS0x4b1aS0x4e12S0x641	[0x4d47, [0x4b01, [0x4aae, nil]]]
0x4aceS0x4b1aS0x4e12S0x641	[0x4d47, [0x4b01, [0x4aae, nil]]]
0x1135S0x11f9	[0x10f4, nil]
0x1107S0x11f9	[0x10f4, nil]
0x110eS0x11f9	[0x10f4, nil]
0x111fS0x11f9	[0x10f4, nil]
0x1122S0x11f9	[0x10f4, nil]
0x112fS0x11f9	[0x10f4, nil]
0x1102S0x11f9	[0x10f4, nil]
0xff64aS0x11f9	[0x10f4, nil]
0x1179S0x11f9	[0x10f4, nil]
0x1176S0x11f9	[0x10f4, nil]
0x10fdS0x11f9	[0x10f4, nil]
0xbdbS0x10f4S0x11f9	[0x10f4, [0xbb1, nil]]
0xbb6S0x10f4S0x11f9	[0x10f4, [0xbb1, nil]]
0xbbdS0x10f4S0x11f9	[0x10f4, [0xbb1, nil]]
0xbd0S0x10f4S0x11f9	[0x10f4, [0xbb1, nil]]
0xbd3S0x10f4S0x11f9	[0x10f4, [0xbb1, nil]]
0x4408S0x36ee	[0x43b4, nil]
0x43daS0x36ee	[0x43b4, nil]
0x43e1S0x36ee	[0x43b4, nil]
0x43e8S0x36ee	[0x43b4, nil]
0x4401S0x36ee	[0x43b4, nil]
0x446aS0x36ee	[0x43b4, nil]
0x4436S0x36ee	[0x43b4, nil]
0x443dS0x36ee	[0x43b4, nil]
0x4444S0x36ee	[0x43b4, nil]
0x4463S0x36ee	[0x43b4, nil]
0x39050S0x36ee	[0x43b4, nil]
0x44aeS0x36ee	[0x43b4, nil]
0x44bfS0x36ee	[0x43b4, nil]
0x44efS0x36ee	[0x43b4, nil]
0x44ebS0x36ee	[0x43b4, nil]
0x45b2S0x36ee	[0x43b4, nil]
0x458aS0x36ee	[0x43b4, nil]
0x459bS0x36ee	[0x43b4, nil]
0x4649S0x36ee	[0x43b4, nil]
0x4621S0x36ee	[0x43b4, nil]
0x4632S0x36ee	[0x43b4, nil]
0x37e90x43b4S0x36ee	[0x43b4, nil]
0x37e50x43b4S0x36ee	[0x43b4, nil]
0x354500x43b4S0x36ee	[0x43b4, nil]
0x37a80x43b4S0x36ee	[0x43b4, nil]
0x37b90x43b4S0x36ee	[0x43b4, nil]
0x43c6S0x36ee	[0x43b4, nil]
0x43ceS0x36ee	[0x43b4, nil]
0x440eS0x36ee	[0x43b4, nil]
0xc075S0x36ee	[0x43b4, nil]
0x449dS0x36ee	[0x43b4, nil]
0x447eS0x36ee	[0x43b4, nil]
0x448cS0x36ee	[0x43b4, nil]
0x4490S0x36ee	[0x43b4, nil]
0x446fS0x36ee	[0x43b4, nil]
0xc09dS0x36ee	[0x43b4, nil]
0x10009bS0x36ee	[0x43b4, nil]
0x4549S0x36ee	[0x43b4, nil]
0x4529S0x36ee	[0x43b4, nil]
0x4537S0x36ee	[0x43b4, nil]
0x453bS0x36ee	[0x43b4, nil]
0x4513S0x36ee	[0x43b4, nil]
0x4506S0x36ee	[0x43b4, nil]
0x451aS0x36ee	[0x43b4, nil]
0x1000c2S0x36ee	[0x43b4, nil]
0x4579S0x36ee	[0x43b4, nil]
0x45e1S0x36ee	[0x43b4, nil]
0x45c0S0x36ee	[0x43b4, nil]
0x45d0S0x36ee	[0x43b4, nil]
0x45d4S0x36ee	[0x43b4, nil]
0x44e6S0x36ee	[0x43b4, nil]
0x1000e9S0x36ee	[0x43b4, nil]
0x38650S0x36ee	[0x43b4, nil]
0x442aS0x36ee	[0x43b4, nil]
0x39a50S0x36ee	[0x43b4, nil]
0x4558S0x36ee	[0x43b4, nil]
0x4566S0x36ee	[0x43b4, nil]
0x456aS0x36ee	[0x43b4, nil]
0x4610S0x36ee	[0x43b4, nil]
0x45f0S0x36ee	[0x43b4, nil]
0x4600S0x36ee	[0x43b4, nil]
0x4604S0x36ee	[0x43b4, nil]
0x380d0x43b4S0x36ee	[0x43b4, nil]
0x38000x43b4S0x36ee	[0x43b4, nil]
0x37e00x43b4S0x36ee	[0x43b4, nil]
0x37970x43b4S0x36ee	[0x43b4, nil]
0xfff1e0x43b4S0x36ee	[0x43b4, nil]
0xfff460x43b4S0x36ee	[0x43b4, nil]
0x4ffbS0x44f0S0x36ee	[0x43b4, [0x4fea, nil]]
0x4ff7S0x44f0S0x36ee	[0x43b4, [0x4fea, nil]]
0x5006S0x44f0S0x36ee	[0x43b4, [0x4fea, nil]]
0x10058bS0x44f0S0x36ee	[0x43b4, [0x4fea, nil]]
0x4907S0x4ffcS0x44f0S0x36ee	[0x43b4, [0x4fea, [0x48f3, nil]]]
0x1002a8S0x4ffcS0x44f0S0x36ee	[0x43b4, [0x4fea, [0x48f3, nil]]]
0x4903S0x4ffcS0x44f0S0x36ee	[0x43b4, [0x4fea, [0x48f3, nil]]]
0x4ffbS0x37ea0x43b4S0x36ee	[0x43b4, [0x4fea, nil]]
0x4ff7S0x37ea0x43b4S0x36ee	[0x43b4, [0x4fea, nil]]
0x5006S0x37ea0x43b4S0x36ee	[0x43b4, [0x4fea, nil]]
0x10058bS0x37ea0x43b4S0x36ee	[0x43b4, [0x4fea, nil]]
0x4907S0x4ffcS0x37ea0x43b4S0x36ee	[0x43b4, [0x4fea, [0x48f3, nil]]]
0x1002a8S0x4ffcS0x37ea0x43b4S0x36ee	[0x43b4, [0x4fea, [0x48f3, nil]]]
0x4903S0x4ffcS0x37ea0x43b4S0x36ee	[0x43b4, [0x4fea, [0x48f3, nil]]]
0x4b68S0x4f06	[0x4b58, nil]
0x4b9cS0x4f06	[0x4b58, nil]
0x4bbfS0x4f06	[0x4b58, nil]
0x4bd1S0x4f06	[0x4b58, nil]
0x4b78S0x4f06	[0x4b58, nil]
0x4b98S0x4f06	[0x4b58, nil]
0x4b81S0x4f06	[0x4b58, nil]
0x100468S0x4f06	[0x4b58, nil]
0x3c250S0x4f06	[0x4b58, nil]
0x4bfbS0x4f06	[0x4b58, nil]
0x4bccS0x4f06	[0x4b58, nil]
0x4be2S0x4f06	[0x4b58, nil]
0x4bf0S0x4f06	[0x4b58, nil]
0x4be5S0x4f06	[0x4b58, nil]
0x4ba9S0x4f06	[0x4b58, nil]
0x4b64S0x4f06	[0x4b58, nil]
0x4bbaS0x4f06	[0x4b58, nil]
0x4ad5S0x100464S0x4f06	[0x4b58, [0x4aae, nil]]
0x4addS0x100464S0x4f06	[0x4b58, [0x4aae, nil]]
0x4ad9S0x100464S0x4f06	[0x4b58, [0x4aae, nil]]
0xc1c1S0x100464S0x4f06	[0x4b58, [0x4aae, nil]]
0xc1b7S0x100464S0x4f06	[0x4b58, [0x4aae, nil]]
0xc1bcS0x100464S0x4f06	[0x4b58, [0x4aae, nil]]
0x4aceS0x100464S0x4f06	[0x4b58, [0x4aae, nil]]
0x4af6S0x4b69S0x4f06	[0x4b58, [0x4ade, nil]]
0x4b00S0x4b69S0x4f06	[0x4b58, [0x4ade, nil]]
0xc1f6S0x4b69S0x4f06	[0x4b58, [0x4ade, nil]]
0xc1ecS0x4b69S0x4f06	[0x4b58, [0x4ade, nil]]
0xc1f1S0x4b69S0x4f06	[0x4b58, [0x4ade, nil]]
0x4aefS0x4b69S0x4f06	[0x4b58, [0x4ade, nil]]
0x4b19S0x4bd2S0x4f06	[0x4b58, [0x4b01, nil]]
0x4b40S0x4bd2S0x4f06	[0x4b58, [0x4b01, nil]]
0x4b2cS0x4bd2S0x4f06	[0x4b58, [0x4b01, nil]]
0xc22bS0x4bd2S0x4f06	[0x4b58, [0x4b01, nil]]
0xc221S0x4bd2S0x4f06	[0x4b58, [0x4b01, nil]]
0xc226S0x4bd2S0x4f06	[0x4b58, [0x4b01, nil]]
0x4b3cS0x4bd2S0x4f06	[0x4b58, [0x4b01, nil]]
0x4b32S0x4bd2S0x4f06	[0x4b58, [0x4b01, nil]]
0x4b57S0x4bd2S0x4f06	[0x4b58, [0x4b01, nil]]
0x4b48S0x4bd2S0x4f06	[0x4b58, [0x4b01, nil]]
0x4b51S0x4bd2S0x4f06	[0x4b58, [0x4b01, nil]]
0x4b12S0x4bd2S0x4f06	[0x4b58, [0x4b01, nil]]
0x4ad5S0x4b1aS0x4bd2S0x4f06	[0x4b58, [0x4b01, [0x4aae, nil]]]
0x4addS0x4b1aS0x4bd2S0x4f06	[0x4b58, [0x4b01, [0x4aae, nil]]]
0x4ad9S0x4b1aS0x4bd2S0x4f06	[0x4b58, [0x4b01, [0x4aae, nil]]]
0xc1c1S0x4b1aS0x4bd2S0x4f06	[0x4b58, [0x4b01, [0x4aae, nil]]]
0xc1b7S0x4b1aS0x4bd2S0x4f06	[0x4b58, [0x4b01, [0x4aae, nil]]]
0xc1bcS0x4b1aS0x4bd2S0x4f06	[0x4b58, [0x4b01, [0x4aae, nil]]]
0x4aceS0x4b1aS0x4bd2S0x4f06	[0x4b58, [0x4b01, [0x4aae, nil]]]
0x9550x8fbS0x3fd	[0x8fb, nil]
0x94c0x8fbS0x3fd	[0x8fb, nil]
0xff2a6S0x3fd	[0x8fb, nil]
0xff2adS0x3fd	[0x8fb, nil]
0x1d8500x8fbS0x3fd	[0x8fb, nil]
0x1ce500x8fbS0x3fd	[0x8fb, nil]
0x95d0x8fbS0x3fd	[0x8fb, nil]
0x9770x8fbS0x3fd	[0x8fb, nil]
0x9680x8fbS0x3fd	[0x8fb, nil]
0x9420x8fbS0x3fd	[0x8fb, nil]
0x93a0x8fbS0x3fd	[0x8fb, nil]
0xff2e20x8fbS0x3fd	[0x8fb, nil]
0xff3090x8fbS0x3fd	[0x8fb, nil]
0x1009860x8fbS0x3fd	[0x8fb, nil]
0x4c13S0x47c	[0x4bfc, nil]
0x4c41S0x47c	[0x4bfc, nil]
0x4c66S0x47c	[0x4bfc, nil]
0x4c0fS0x47c	[0x4bfc, nil]
0x4c25S0x47c	[0x4bfc, nil]
0x4c3dS0x47c	[0x4bfc, nil]
0x4c4dS0x47c	[0x4bfc, nil]
0x4c62S0x47c	[0x4bfc, nil]
0x4c73S0x47c	[0x4bfc, nil]
0x4c80S0x47c	[0x4bfc, nil]
0x49dfS0x4c14S0x47c	[0x4bfc, [0x49d1, nil]]
0x49dbS0x4c14S0x47c	[0x4bfc, [0x49d1, nil]]
0x49f1S0x4c42S0x47c	[0x4bfc, [0x49e0, nil]]
0x4a08S0x4c42S0x47c	[0x4bfc, [0x49e0, nil]]
0x4a23S0x4c42S0x47c	[0x4bfc, [0x49e0, nil]]
0x4a04S0x4c42S0x47c	[0x4bfc, [0x49e0, nil]]
0x4a1fS0x4c42S0x47c	[0x4bfc, [0x49e0, nil]]
0x49edS0x4c42S0x47c	[0x4bfc, [0x49e0, nil]]
0x100340S0x4c14S0x47c	[0x4bfc, [0x49d1, nil]]
0x100366S0x4c42S0x47c	[0x4bfc, [0x49e0, nil]]
0x4b68S0x4c67S0x47c	[0x4bfc, [0x4b58, nil]]
0x4b9cS0x4c67S0x47c	[0x4bfc, [0x4b58, nil]]
0x4bbfS0x4c67S0x47c	[0x4bfc, [0x4b58, nil]]
0x4bd1S0x4c67S0x47c	[0x4bfc, [0x4b58, nil]]
0x4b78S0x4c67S0x47c	[0x4bfc, [0x4b58, nil]]
0x4b98S0x4c67S0x47c	[0x4bfc, [0x4b58, nil]]
0x4b81S0x4c67S0x47c	[0x4bfc, [0x4b58, nil]]
0x100468S0x4c67S0x47c	[0x4bfc, [0x4b58, nil]]
0x3c250S0x4c67S0x47c	[0x4bfc, [0x4b58, nil]]
0x4bfbS0x4c67S0x47c	[0x4bfc, [0x4b58, nil]]
0x4bccS0x4c67S0x47c	[0x4bfc, [0x4b58, nil]]
0x4be2S0x4c67S0x47c	[0x4bfc, [0x4b58, nil]]
0x4bf0S0x4c67S0x47c	[0x4bfc, [0x4b58, nil]]
0x4be5S0x4c67S0x47c	[0x4bfc, [0x4b58, nil]]
0x4ba9S0x4c67S0x47c	[0x4bfc, [0x4b58, nil]]
0x4b64S0x4c67S0x47c	[0x4bfc, [0x4b58, nil]]
0x4bbaS0x4c67S0x47c	[0x4bfc, [0x4b58, nil]]
0x4ad5S0x100464S0x4c67S0x47c	[0x4bfc, [0x4b58, [0x4aae, nil]]]
0x4addS0x100464S0x4c67S0x47c	[0x4bfc, [0x4b58, [0x4aae, nil]]]
0x4ad9S0x100464S0x4c67S0x47c	[0x4bfc, [0x4b58, [0x4aae, nil]]]
0xc1c1S0x100464S0x4c67S0x47c	[0x4bfc, [0x4b58, [0x4aae, nil]]]
0xc1b7S0x100464S0x4c67S0x47c	[0x4bfc, [0x4b58, [0x4aae, nil]]]
0xc1bcS0x100464S0x4c67S0x47c	[0x4bfc, [0x4b58, [0x4aae, nil]]]
0x4aceS0x100464S0x4c67S0x47c	[0x4bfc, [0x4b58, [0x4aae, nil]]]
0x4af6S0x4b69S0x4c67S0x47c	[0x4bfc, [0x4b58, [0x4ade, nil]]]
0x4b00S0x4b69S0x4c67S0x47c	[0x4bfc, [0x4b58, [0x4ade, nil]]]
0xc1f6S0x4b69S0x4c67S0x47c	[0x4bfc, [0x4b58, [0x4ade, nil]]]
0xc1ecS0x4b69S0x4c67S0x47c	[0x4bfc, [0x4b58, [0x4ade, nil]]]
0xc1f1S0x4b69S0x4c67S0x47c	[0x4bfc, [0x4b58, [0x4ade, nil]]]
0x4aefS0x4b69S0x4c67S0x47c	[0x4bfc, [0x4b58, [0x4ade, nil]]]
0x4b19S0x4bd2S0x4c67S0x47c	[0x4bfc, [0x4b58, [0x4b01, nil]]]
0x4b40S0x4bd2S0x4c67S0x47c	[0x4bfc, [0x4b58, [0x4b01, nil]]]
0x4b2cS0x4bd2S0x4c67S0x47c	[0x4bfc, [0x4b58, [0x4b01, nil]]]
0xc22bS0x4bd2S0x4c67S0x47c	[0x4bfc, [0x4b58, [0x4b01, nil]]]
0xc221S0x4bd2S0x4c67S0x47c	[0x4bfc, [0x4b58, [0x4b01, nil]]]
0xc226S0x4bd2S0x4c67S0x47c	[0x4bfc, [0x4b58, [0x4b01, nil]]]
0x4b3cS0x4bd2S0x4c67S0x47c	[0x4bfc, [0x4b58, [0x4b01, nil]]]
0x4b32S0x4bd2S0x4c67S0x47c	[0x4bfc, [0x4b58, [0x4b01, nil]]]
0x4b57S0x4bd2S0x4c67S0x47c	[0x4bfc, [0x4b58, [0x4b01, nil]]]
0x4b48S0x4bd2S0x4c67S0x47c	[0x4bfc, [0x4b58, [0x4b01, nil]]]
0x4b51S0x4bd2S0x4c67S0x47c	[0x4bfc, [0x4b58, [0x4b01, nil]]]
0x4b12S0x4bd2S0x4c67S0x47c	[0x4bfc, [0x4b58, [0x4b01, nil]]]
0x4ad5S0x4b1aS0x4bd2S0x4c67S0x47c	[0x4bfc, [0x4b58, [0x4b01, [0x4aae, nil]]]]
0x4addS0x4b1aS0x4bd2S0x4c67S0x47c	[0x4bfc, [0x4b58, [0x4b01, [0x4aae, nil]]]]
0x4ad9S0x4b1aS0x4bd2S0x4c67S0x47c	[0x4bfc, [0x4b58, [0x4b01, [0x4aae, nil]]]]
0xc1c1S0x4b1aS0x4bd2S0x4c67S0x47c	[0x4bfc, [0x4b58, [0x4b01, [0x4aae, nil]]]]
0xc1b7S0x4b1aS0x4bd2S0x4c67S0x47c	[0x4bfc, [0x4b58, [0x4b01, [0x4aae, nil]]]]
0xc1bcS0x4b1aS0x4bd2S0x4c67S0x47c	[0x4bfc, [0x4b58, [0x4b01, [0x4aae, nil]]]]
0x4aceS0x4b1aS0x4bd2S0x4c67S0x47c	[0x4bfc, [0x4b58, [0x4b01, [0x4aae, nil]]]]
0x9550xc07S0x5e7	[0xc07, nil]
0x94c0xc07S0x5e7	[0xc07, nil]
0xc0cS0x5e7	[0xc07, nil]
0xc11S0x5e7	[0xc07, nil]
0xff4c4S0x5e7	[0xc07, nil]
0xff4cbS0x5e7	[0xc07, nil]
0x1d8500xc07S0x5e7	[0xc07, nil]
0x1ce500xc07S0x5e7	[0xc07, nil]
0x95d0xc07S0x5e7	[0xc07, nil]
0x9770xc07S0x5e7	[0xc07, nil]
0x9680xc07S0x5e7	[0xc07, nil]
0x9420xc07S0x5e7	[0xc07, nil]
0x93a0xc07S0x5e7	[0xc07, nil]
0xff2e20xc07S0x5e7	[0xc07, nil]
0xff3090xc07S0x5e7	[0xc07, nil]
0x1009860xc07S0x5e7	[0xc07, nil]
0x16f9S0x11c4	[0x16e3, nil]
0x16ecS0x11c4	[0x16e3, nil]
0x16f1S0x11c4	[0x16e3, nil]
0xff91dS0x11c4	[0x16e3, nil]
0x1715S0x11c4	[0x16e3, nil]
0x173bS0x11c4	[0x16e3, nil]
0x1723S0x11c4	[0x16e3, nil]
0x1727S0x11c4	[0x16e3, nil]
0x1730S0x11c4	[0x16e3, nil]
0x5256S0x11c4	[0x16e3, nil]
0x5242S0x11c4	[0x16e3, nil]
0xff945S0x11c4	[0x16e3, nil]
0x5287S0x11c4	[0x16e3, nil]
0x5275S0x11c4	[0x16e3, nil]
0x5293S0x11c4	[0x16e3, nil]
0xbdbS0x16e3S0x11c4	[0x16e3, [0xbb1, nil]]
0xbb6S0x16e3S0x11c4	[0x16e3, [0xbb1, nil]]
0xbbdS0x16e3S0x11c4	[0x16e3, [0xbb1, nil]]
0xbd0S0x16e3S0x11c4	[0x16e3, [0xbb1, nil]]
0xbd3S0x16e3S0x11c4	[0x16e3, [0xbb1, nil]]
0x4991S0x521fS0x11c4	[0x16e3, [0x496e, nil]]
0x4990S0x521fS0x11c4	[0x16e3, [0x496e, nil]]
0x4979S0x521fS0x11c4	[0x16e3, [0x496e, nil]]
0x3b850S0x521fS0x11c4	[0x16e3, [0x496e, nil]]
0x4988S0x521fS0x11c4	[0x16e3, [0x496e, nil]]
0x4981S0x521fS0x11c4	[0x16e3, [0x496e, nil]]
0x4991S0x5257S0x11c4	[0x16e3, [0x496e, nil]]
0x4990S0x5257S0x11c4	[0x16e3, [0x496e, nil]]
0x4979S0x5257S0x11c4	[0x16e3, [0x496e, nil]]
0x3b850S0x5257S0x11c4	[0x16e3, [0x496e, nil]]
0x4988S0x5257S0x11c4	[0x16e3, [0x496e, nil]]
0x4981S0x5257S0x11c4	[0x16e3, [0x496e, nil]]
0xffac6S0x16f2S0x11c4	[0x16e3, [0x208f, nil]]
0x49d0S0x1716S0x11c4	[0x16e3, [0x49be, nil]]
0x49c2S0x1716S0x11c4	[0x16e3, [0x49be, nil]]
0x10031eS0x1716S0x11c4	[0x16e3, [0x49be, nil]]
0x49bdS0x49beS0x1716S0x11c4	[0x16e3, [0x49be, [0x4992, nil]]]
0x49a9S0x49beS0x1716S0x11c4	[0x16e3, [0x49be, [0x4992, nil]]]
0x4999S0x49beS0x1716S0x11c4	[0x16e3, [0x49be, [0x4992, nil]]]
0x4991S0x4992S0x49beS0x1716S0x11c4	[0x16e3, [0x49be, [0x4992, [0x496e, nil]]]]
0x4990S0x4992S0x49beS0x1716S0x11c4	[0x16e3, [0x49be, [0x4992, [0x496e, nil]]]]
0x4979S0x4992S0x49beS0x1716S0x11c4	[0x16e3, [0x49be, [0x4992, [0x496e, nil]]]]
0x3b850S0x4992S0x49beS0x1716S0x11c4	[0x16e3, [0x49be, [0x4992, [0x496e, nil]]]]
0x4988S0x4992S0x49beS0x1716S0x11c4	[0x16e3, [0x49be, [0x4992, [0x496e, nil]]]]
0x4981S0x4992S0x49beS0x1716S0x11c4	[0x16e3, [0x49be, [0x4992, [0x496e, nil]]]]
0x7c3S0x2a6	[0x7b9, nil]
0x7ccS0x2a6	[0x7b9, nil]
0xff15fS0x2a6	[0x7b9, nil]
0x11d6S0x2a6	[0x7b9, nil]
0x11f8S0x2a6	[0x7b9, nil]
0x11f7S0x2a6	[0x7b9, nil]
0x178aS0x11ceS0x2a6	[0x7b9, [0x173c, nil]]
0x1756S0x11ceS0x2a6	[0x7b9, [0x173c, nil]]
0x175dS0x11ceS0x2a6	[0x7b9, [0x173c, nil]]
0x1764S0x11ceS0x2a6	[0x7b9, [0x173c, nil]]
0x1783S0x11ceS0x2a6	[0x7b9, [0x173c, nil]]
0x174aS0x11ceS0x2a6	[0x7b9, [0x173c, nil]]
0xb7b0S0x11ceS0x2a6	[0x7b9, [0x173c, nil]]
0xff967S0x11ceS0x2a6	[0x7b9, [0x173c, nil]]
0x856S0x390	[0x83c, nil]
0x841S0x390	[0x83c, nil]
0x846S0x390	[0x83c, nil]
0x860S0x390	[0x83c, nil]
0xff22bS0x390	[0x83c, nil]
0x8efS0x3e8	[0x8e5, nil]
0x8f7S0x3e8	[0x8e5, nil]
0xff270S0x3e8	[0x8e5, nil]
0xb00S0x4e6	[0xaf6, nil]
0xb08S0x4e6	[0xaf6, nil]
0xff3f8S0x4e6	[0xaf6, nil]
0xc78S0x650	[0xc35, nil]
0xc7fS0x650	[0xc35, nil]
0xca6S0x650	[0xc35, nil]
0xd0fS0x650	[0xc35, nil]
0xd2eS0x650	[0xc35, nil]
0xc5eS0x650	[0xc35, nil]
0x1e250S0x650	[0xc35, nil]
0xff536S0x650	[0xc35, nil]
0xc9fS0x650	[0xc35, nil]
0xb5a9S0x650	[0xc35, nil]
0xb59fS0x650	[0xc35, nil]
0xb5a4S0x650	[0xc35, nil]
0xd08S0x650	[0xc35, nil]
0xcbaS0x650	[0xc35, nil]
0xcc0S0x650	[0xc35, nil]
0xcdcS0x650	[0xc35, nil]
0xb5deS0x650	[0xc35, nil]
0xb5d4S0x650	[0xc35, nil]
0xb5d9S0x650	[0xc35, nil]
0xd27S0x650	[0xc35, nil]
0xb613S0x650	[0xc35, nil]
0xb609S0x650	[0xc35, nil]
0xb60eS0x650	[0xc35, nil]
0xd49S0x650	[0xc35, nil]
0xb648S0x650	[0xc35, nil]
0xb63eS0x650	[0xc35, nil]
0xb643S0x650	[0xc35, nil]
0xd52S0x650	[0xc35, nil]
0x502fS0x650	[0xc35, nil]
0x5021S0x650	[0xc35, nil]
0xd62S0x650	[0xc35, nil]
0xc6cS0x650	[0xc35, nil]
0x5046S0x650	[0xc35, nil]
0x5038S0x650	[0xc35, nil]
0x5042S0x650	[0xc35, nil]
0x49bdS0x501dS0x650	[0xc35, [0x4992, nil]]
0x49a9S0x501dS0x650	[0xc35, [0x4992, nil]]
0x4999S0x501dS0x650	[0xc35, [0x4992, nil]]
0x4991S0x4992S0x501dS0x650	[0xc35, [0x4992, [0x496e, nil]]]
0x4990S0x4992S0x501dS0x650	[0xc35, [0x4992, [0x496e, nil]]]
0x4979S0x4992S0x501dS0x650	[0xc35, [0x4992, [0x496e, nil]]]
0x3b850S0x4992S0x501dS0x650	[0xc35, [0x4992, [0x496e, nil]]]
0x4988S0x4992S0x501dS0x650	[0xc35, [0x4992, [0x496e, nil]]]
0x4981S0x4992S0x501dS0x650	[0xc35, [0x4992, [0x496e, nil]]]
0x10b8S0x6f8	[0x109e, nil]
0x10a3S0x6f8	[0x109e, nil]
0x10a8S0x6f8	[0x109e, nil]
0x10c2S0x6f8	[0x109e, nil]
0xff5b7S0x6f8	[0x109e, nil]
0x1898S0x137c	[0x1852, nil]
0x18aeS0x137c	[0x1852, nil]
0x18efS0x137c	[0x1852, nil]
0x190bS0x137c	[0x1852, nil]
0x1946S0x137c	[0x1852, nil]
0x1973S0x137c	[0x1852, nil]
0x1987S0x137c	[0x1852, nil]
0x19d7S0x137c	[0x1852, nil]
0x19cbS0x137c	[0x1852, nil]
0x19efS0x137c	[0x1852, nil]
0x1a04S0x137c	[0x1852, nil]
0x1a51S0x137c	[0x1852, nil]
0x1a15S0x137c	[0x1852, nil]
0x1a26S0x137c	[0x1852, nil]
0x1a5aS0x137c	[0x1852, nil]
0x1a56S0x137c	[0x1852, nil]
0x1aa8S0x137c	[0x1852, nil]
0x1b52S0x137c	[0x1852, nil]
0x1b4eS0x137c	[0x1852, nil]
0x1bc6S0x137c	[0x1852, nil]
0x1bdaS0x137c	[0x1852, nil]
0x1bd6S0x137c	[0x1852, nil]
0x1bf0S0x137c	[0x1852, nil]
0x2379S0x137c	[0x1852, nil]
0x24bbS0x137c	[0x1852, nil]
0x24b7S0x137c	[0x1852, nil]
0x251cS0x137c	[0x1852, nil]
0x255fS0x137c	[0x1852, nil]
0x2528S0x137c	[0x1852, nil]
0x252fS0x137c	[0x1852, nil]
0x2536S0x137c	[0x1852, nil]
0x2558S0x137c	[0x1852, nil]
0x26c8S0x137c	[0x1852, nil]
0x27f4S0x137c	[0x1852, nil]
0x27f0S0x137c	[0x1852, nil]
0x2856S0x137c	[0x1852, nil]
0x2899S0x137c	[0x1852, nil]
0x2862S0x137c	[0x1852, nil]
0x2869S0x137c	[0x1852, nil]
0x2870S0x137c	[0x1852, nil]
0x2892S0x137c	[0x1852, nil]
0x4a8bS0x137c	[0x1852, nil]
0x5738S0x137c	[0x1852, nil]
0x185fS0x137c	[0x1852, nil]
0x20a50S0x137c	[0x1852, nil]
0x186aS0x137c	[0x1852, nil]
0x186fS0x137c	[0x1852, nil]
0x1876S0x137c	[0x1852, nil]
0x187dS0x137c	[0x1852, nil]
0xff9feS0x137c	[0x1852, nil]
0x196cS0x137c	[0x1852, nil]
0x18a7S0x137c	[0x1852, nil]
0x18c0S0x137c	[0x1852, nil]
0xb80dS0x137c	[0x1852, nil]
0xb803S0x137c	[0x1852, nil]
0xb808S0x137c	[0x1852, nil]
0x18ceS0x137c	[0x1852, nil]
0x18e9S0x137c	[0x1852, nil]
0x18fcS0x137c	[0x1852, nil]
0x193fS0x137c	[0x1852, nil]
0x1904S0x137c	[0x1852, nil]
0x191dS0x137c	[0x1852, nil]
0xb842S0x137c	[0x1852, nil]
0xb838S0x137c	[0x1852, nil]
0xb83dS0x137c	[0x1852, nil]
0x192bS0x137c	[0x1852, nil]
0x21e50S0x137c	[0x1852, nil]
0x1954S0x137c	[0x1852, nil]
0xb877S0x137c	[0x1852, nil]
0xb86dS0x137c	[0x1852, nil]
0xb872S0x137c	[0x1852, nil]
0x235bS0x137c	[0x1852, nil]
0x233aS0x137c	[0x1852, nil]
0x233fS0x137c	[0x1852, nil]
0x2346S0x137c	[0x1852, nil]
0x234cS0x137c	[0x1852, nil]
0x1980S0x137c	[0x1852, nil]
0xb8acS0x137c	[0x1852, nil]
0xb8a2S0x137c	[0x1852, nil]
0xb8a7S0x137c	[0x1852, nil]
0x1999S0x137c	[0x1852, nil]
0xb8e1S0x137c	[0x1852, nil]
0xb8d7S0x137c	[0x1852, nil]
0xb8dcS0x137c	[0x1852, nil]
0x19aaS0x137c	[0x1852, nil]
0x19bfS0x137c	[0x1852, nil]
0x19b6S0x137c	[0x1852, nil]
0x19baS0x137c	[0x1852, nil]
0x534eS0x137c	[0x1852, nil]
0x5328S0x137c	[0x1852, nil]
0x5321S0x137c	[0x1852, nil]
0x5347S0x137c	[0x1852, nil]
0x19e8S0x137c	[0x1852, nil]
0xffa26S0x137c	[0x1852, nil]
0x19f5S0x137c	[0x1852, nil]
0xb916S0x137c	[0x1852, nil]
0xb90cS0x137c	[0x1852, nil]
0xb911S0x137c	[0x1852, nil]
0xffa53S0x137c	[0x1852, nil]
0x1a7eS0x137c	[0x1852, nil]
0x1a71S0x137c	[0x1852, nil]
0x1a96S0x137c	[0x1852, nil]
0x1ad7S0x137c	[0x1852, nil]
0x22850S0x137c	[0x1852, nil]
0x1ab3S0x137c	[0x1852, nil]
0xb94bS0x137c	[0x1852, nil]
0xb941S0x137c	[0x1852, nil]
0xb946S0x137c	[0x1852, nil]
0x1b49S0x137c	[0x1852, nil]
0x1ae5S0x137c	[0x1852, nil]
0x1ae8S0x137c	[0x1852, nil]
0x1b0bS0x137c	[0x1852, nil]
0x1b1bS0x137c	[0x1852, nil]
0x1b76S0x137c	[0x1852, nil]
0x1b69S0x137c	[0x1852, nil]
0x1bacS0x137c	[0x1852, nil]
0x1b84S0x137c	[0x1852, nil]
0x1bc2S0x137c	[0x1852, nil]
0x54a3S0x137c	[0x1852, nil]
0x5495S0x137c	[0x1852, nil]
0x1bd1S0x137c	[0x1852, nil]
0x1be9S0x137c	[0x1852, nil]
0x1c17S0x137c	[0x1852, nil]
0x1c00S0x137c	[0x1852, nil]
0x1c06S0x137c	[0x1852, nil]
0xb980S0x137c	[0x1852, nil]
0xb976S0x137c	[0x1852, nil]
0xb97bS0x137c	[0x1852, nil]
0x1c20S0x137c	[0x1852, nil]
0xffa80S0x137c	[0x1852, nil]
0x1c30S0x137c	[0x1852, nil]
0x1889S0x137c	[0x1852, nil]
0x2372S0x137c	[0x1852, nil]
0x237fS0x137c	[0x1852, nil]
0xbcb7S0x137c	[0x1852, nil]
0xbcadS0x137c	[0x1852, nil]
0xbcb2S0x137c	[0x1852, nil]
0xffc15S0x137c	[0x1852, nil]
0x2599S0x137c	[0x1852, nil]
0x2579S0x137c	[0x1852, nil]
0x2589S0x137c	[0x1852, nil]
0x258dS0x137c	[0x1852, nil]
0x23f0S0x137c	[0x1852, nil]
0x2403S0x137c	[0x1852, nil]
0x240aS0x137c	[0x1852, nil]
0x2412S0x137c	[0x1852, nil]
0x2448S0x137c	[0x1852, nil]
0x2430S0x137c	[0x1852, nil]
0x249cS0x137c	[0x1852, nil]
0x248aS0x137c	[0x1852, nil]
0x24b2S0x137c	[0x1852, nil]
0x24dfS0x137c	[0x1852, nil]
0x24d2S0x137c	[0x1852, nil]
0x250aS0x137c	[0x1852, nil]
0x24e3S0x137c	[0x1852, nil]
0x24f8S0x137c	[0x1852, nil]
0x2503S0x137c	[0x1852, nil]
0xffc3bS0x137c	[0x1852, nil]
0x26e50S0x137c	[0x1852, nil]
0xbcdfS0x137c	[0x1852, nil]
0x26b3S0x137c	[0x1852, nil]
0x2693S0x137c	[0x1852, nil]
0x26a3S0x137c	[0x1852, nil]
0x26a7S0x137c	[0x1852, nil]
0x25d9S0x137c	[0x1852, nil]
0x25ecS0x137c	[0x1852, nil]
0x25f3S0x137c	[0x1852, nil]
0x25fbS0x137c	[0x1852, nil]
0x2631S0x137c	[0x1852, nil]
0x2619S0x137c	[0x1852, nil]
0x2685S0x137c	[0x1852, nil]
0x2673S0x137c	[0x1852, nil]
0x27850S0x137c	[0x1852, nil]
0x5734S0x137c	[0x1852, nil]
0x26f4S0x137c	[0x1852, nil]
0x2708S0x137c	[0x1852, nil]
0x270fS0x137c	[0x1852, nil]
0x2717S0x137c	[0x1852, nil]
0x274dS0x137c	[0x1852, nil]
0x2735S0x137c	[0x1852, nil]
0x27ebS0x137c	[0x1852, nil]
0x2781S0x137c	[0x1852, nil]
0x2791S0x137c	[0x1852, nil]
0x2799S0x137c	[0x1852, nil]
0x27a1S0x137c	[0x1852, nil]
0x27a9S0x137c	[0x1852, nil]
0x27b1S0x137c	[0x1852, nil]
0x27bbS0x137c	[0x1852, nil]
0x27c1S0x137c	[0x1852, nil]
0x27c8S0x137c	[0x1852, nil]
0x2818S0x137c	[0x1852, nil]
0x280bS0x137c	[0x1852, nil]
0x2844S0x137c	[0x1852, nil]
0x281cS0x137c	[0x1852, nil]
0x2831S0x137c	[0x1852, nil]
0x283dS0x137c	[0x1852, nil]
0xffc8cS0x137c	[0x1852, nil]
0xbd07S0x137c	[0x1852, nil]
0x1003d5S0x137c	[0x1852, nil]
0x1003d3S0x137c	[0x1852, nil]
0xc157S0x137c	[0x1852, nil]
0xc14dS0x137c	[0x1852, nil]
0xc152S0x137c	[0x1852, nil]
0x54d5S0x137c	[0x1852, nil]
0x54b4S0x137c	[0x1852, nil]
0x54c5S0x137c	[0x1852, nil]
0x54d1S0x137c	[0x1852, nil]
0x5740S0x137c	[0x1852, nil]
0x5749S0x137c	[0x1852, nil]
0x4a84S0x137c	[0x1852, nil]
0x5761S0x137c	[0x1852, nil]
0x574cS0x137c	[0x1852, nil]
0x5756S0x137c	[0x1852, nil]
0x5772S0x137c	[0x1852, nil]
0x5767S0x137c	[0x1852, nil]
0x5783S0x137c	[0x1852, nil]
0x5778S0x137c	[0x1852, nil]
0x579eS0x137c	[0x1852, nil]
0x5789S0x137c	[0x1852, nil]
0x5793S0x137c	[0x1852, nil]
0x57afS0x137c	[0x1852, nil]
0x57a4S0x137c	[0x1852, nil]
0x57c2S0x137c	[0x1852, nil]
0x57b5S0x137c	[0x1852, nil]
0x57cdS0x137c	[0x1852, nil]
0x57c7S0x137c	[0x1852, nil]
0x1009d7S0x137c	[0x1852, nil]
0x100a02S0x137c	[0x1852, nil]
0x1010dbS0x137c	[0x1852, nil]
0x101106S0x137c	[0x1852, nil]
0x101342S0x137c	[0x1852, nil]
0x21450S0x137c	[0x1852, nil]
0x1aa1S0x137c	[0x1852, nil]
0x23b0S0x137c	[0x1852, nil]
0x238dS0x137c	[0x1852, nil]
0x23a0S0x137c	[0x1852, nil]
0x23a4S0x137c	[0x1852, nil]
0x1c84S0x1852S0x137c	[0x1852, [0x1c3f, nil]]
0x1c56S0x1852S0x137c	[0x1852, [0x1c3f, nil]]
0x1c5dS0x1852S0x137c	[0x1852, [0x1c3f, nil]]
0x1c64S0x1852S0x137c	[0x1852, [0x1c3f, nil]]
0x1c7dS0x1852S0x137c	[0x1852, [0x1c3f, nil]]
0x1c4aS0x1852S0x137c	[0x1852, [0x1c3f, nil]]
0xb9a8S0x1852S0x137c	[0x1852, [0x1c3f, nil]]
0x52aaS0x18afS0x137c	[0x1852, [0x5294, nil]]
0x52c4S0x18afS0x137c	[0x1852, [0x5294, nil]]
0x52d9S0x18afS0x137c	[0x1852, [0x5294, nil]]
0x52a6S0x18afS0x137c	[0x1852, [0x5294, nil]]
0x52c0S0x18afS0x137c	[0x1852, [0x5294, nil]]
0x52d5S0x18afS0x137c	[0x1852, [0x5294, nil]]
0x52e9S0x18c1S0x137c	[0x1852, [0x52da, nil]]
0x52deS0x18c1S0x137c	[0x1852, [0x52da, nil]]
0x52e5S0x18c1S0x137c	[0x1852, [0x52da, nil]]
0x530fS0x18f0S0x137c	[0x1852, [0x52fd, nil]]
0x5308S0x18f0S0x137c	[0x1852, [0x52fd, nil]]
0xc2ffS0x18f0S0x137c	[0x1852, [0x52fd, nil]]
0xc2f5S0x18f0S0x137c	[0x1852, [0x52fd, nil]]
0xc2faS0x18f0S0x137c	[0x1852, [0x52fd, nil]]
0x52aaS0x190cS0x137c	[0x1852, [0x5294, nil]]
0x52c4S0x190cS0x137c	[0x1852, [0x5294, nil]]
0x52d9S0x190cS0x137c	[0x1852, [0x5294, nil]]
0x52a6S0x190cS0x137c	[0x1852, [0x5294, nil]]
0x52c0S0x190cS0x137c	[0x1852, [0x5294, nil]]
0x52d5S0x190cS0x137c	[0x1852, [0x5294, nil]]
0x52e9S0x191eS0x137c	[0x1852, [0x52da, nil]]
0x52deS0x191eS0x137c	[0x1852, [0x52da, nil]]
0x52e5S0x191eS0x137c	[0x1852, [0x52da, nil]]
0x52aaS0x1988S0x137c	[0x1852, [0x5294, nil]]
0x52c4S0x1988S0x137c	[0x1852, [0x5294, nil]]
0x52d9S0x1988S0x137c	[0x1852, [0x5294, nil]]
0x52a6S0x1988S0x137c	[0x1852, [0x5294, nil]]
0x52c0S0x1988S0x137c	[0x1852, [0x5294, nil]]
0x52d5S0x1988S0x137c	[0x1852, [0x5294, nil]]
0x570cS0x2449S0x137c	[0x1852, [0x56cd, nil]]
0x56daS0x2449S0x137c	[0x1852, [0x56cd, nil]]
0x56e2S0x2449S0x137c	[0x1852, [0x56cd, nil]]
0x56eaS0x2449S0x137c	[0x1852, [0x56cd, nil]]
0x56f2S0x2449S0x137c	[0x1852, [0x56cd, nil]]
0x56f7S0x2449S0x137c	[0x1852, [0x56cd, nil]]
0x56ffS0x2449S0x137c	[0x1852, [0x56cd, nil]]
0x5707S0x2449S0x137c	[0x1852, [0x56cd, nil]]
0x571eS0x24bcS0x137c	[0x1852, [0x570d, nil]]
0x571aS0x24bcS0x137c	[0x1852, [0x570d, nil]]
0x5725S0x24bcS0x137c	[0x1852, [0x570d, nil]]
0x570cS0x2632S0x137c	[0x1852, [0x56cd, nil]]
0x56daS0x2632S0x137c	[0x1852, [0x56cd, nil]]
0x56e2S0x2632S0x137c	[0x1852, [0x56cd, nil]]
0x56eaS0x2632S0x137c	[0x1852, [0x56cd, nil]]
0x56f2S0x2632S0x137c	[0x1852, [0x56cd, nil]]
0x56f7S0x2632S0x137c	[0x1852, [0x56cd, nil]]
0x56ffS0x2632S0x137c	[0x1852, [0x56cd, nil]]
0x5707S0x2632S0x137c	[0x1852, [0x56cd, nil]]
0x571eS0x27f5S0x137c	[0x1852, [0x570d, nil]]
0x571aS0x27f5S0x137c	[0x1852, [0x570d, nil]]
0x5725S0x27f5S0x137c	[0x1852, [0x570d, nil]]
0x4ffbS0x1a5bS0x137c	[0x1852, [0x4fea, nil]]
0x4ff7S0x1a5bS0x137c	[0x1852, [0x4fea, nil]]
0x5006S0x1a5bS0x137c	[0x1852, [0x4fea, nil]]
0x4907S0x4ffcS0x1a5bS0x137c	[0x1852, [0x4fea, [0x48f3, nil]]]
0x4903S0x4ffcS0x1a5bS0x137c	[0x1852, [0x4fea, [0x48f3, nil]]]
0x4ffbS0x1b53S0x137c	[0x1852, [0x4fea, nil]]
0x4ff7S0x1b53S0x137c	[0x1852, [0x4fea, nil]]
0x5006S0x1b53S0x137c	[0x1852, [0x4fea, nil]]
0x4907S0x4ffcS0x1b53S0x137c	[0x1852, [0x4fea, [0x48f3, nil]]]
0x4903S0x4ffcS0x1b53S0x137c	[0x1852, [0x4fea, [0x48f3, nil]]]
0x49bdS0x5491S0x137c	[0x1852, [0x4992, nil]]
0x49a9S0x5491S0x137c	[0x1852, [0x4992, nil]]
0x4999S0x5491S0x137c	[0x1852, [0x4992, nil]]
0x4991S0x4992S0x5491S0x137c	[0x1852, [0x4992, [0x496e, nil]]]
0x4990S0x4992S0x5491S0x137c	[0x1852, [0x4992, [0x496e, nil]]]
0x4979S0x4992S0x5491S0x137c	[0x1852, [0x4992, [0x496e, nil]]]
0x3b850S0x4992S0x5491S0x137c	[0x1852, [0x4992, [0x496e, nil]]]
0x4988S0x4992S0x5491S0x137c	[0x1852, [0x4992, [0x496e, nil]]]
0x4981S0x4992S0x5491S0x137c	[0x1852, [0x4992, [0x496e, nil]]]
0x50d4S0x1bf1S0x137c	[0x1852, [0x50bc, nil]]
0x5100S0x1bf1S0x137c	[0x1852, [0x50bc, nil]]
0x50cdS0x1bf1S0x137c	[0x1852, [0x50bc, nil]]
0xc295S0x1bf1S0x137c	[0x1852, [0x50bc, nil]]
0xc28bS0x1bf1S0x137c	[0x1852, [0x50bc, nil]]
0xc290S0x1bf1S0x137c	[0x1852, [0x50bc, nil]]
0x50f8S0x1bf1S0x137c	[0x1852, [0x50bc, nil]]
0x50e8S0x1bf1S0x137c	[0x1852, [0x50bc, nil]]
0x40850S0x1bf1S0x137c	[0x1852, [0x50bc, nil]]
0x5123S0x1bf1S0x137c	[0x1852, [0x50bc, nil]]
0x10060dS0x1bf1S0x137c	[0x1852, [0x50bc, nil]]
0x100609S0x1bf1S0x137c	[0x1852, [0x50bc, nil]]
0x5156S0x1bf1S0x137c	[0x1852, [0x50bc, nil]]
0x5136S0x1bf1S0x137c	[0x1852, [0x50bc, nil]]
0x517aS0x1bf1S0x137c	[0x1852, [0x50bc, nil]]
0x5178S0x1bf1S0x137c	[0x1852, [0x50bc, nil]]
0x100b4aS0x1bf1S0x137c	[0x1852, [0x50bc, nil]]
0x100b46S0x1bf1S0x137c	[0x1852, [0x50bc, nil]]
0x3fe50S0x1bf1S0x137c	[0x1852, [0x50bc, nil]]
0x514cS0x1bf1S0x137c	[0x1852, [0x50bc, nil]]
0x513cS0x1bf1S0x137c	[0x1852, [0x50bc, nil]]
0x41250S0x1bf1S0x137c	[0x1852, [0x50bc, nil]]
0x516aS0x1bf1S0x137c	[0x1852, [0x50bc, nil]]
0x509aS0x50e3S0x1bf1S0x137c	[0x1852, [0x50bc, [0x5076, nil]]]
0x5084S0x50e3S0x1bf1S0x137c	[0x1852, [0x50bc, [0x5076, nil]]]
0x3f450S0x50e3S0x1bf1S0x137c	[0x1852, [0x50bc, [0x5076, nil]]]
0x50b1S0x50e3S0x1bf1S0x137c	[0x1852, [0x50bc, [0x5076, nil]]]
0x507fS0x50e3S0x1bf1S0x137c	[0x1852, [0x50bc, [0x5076, nil]]]
0x3ea50S0x50e3S0x1bf1S0x137c	[0x1852, [0x50bc, [0x5076, nil]]]
0x50bbS0x50e3S0x1bf1S0x137c	[0x1852, [0x50bc, [0x5076, nil]]]
0x50b4S0x50e3S0x1bf1S0x137c	[0x1852, [0x50bc, [0x5076, nil]]]
0x4fe9S0x5741S0x137c	[0x1852, [0x4fdf, nil]]
0x4907S0x4fdfS0x5741S0x137c	[0x1852, [0x4fdf, [0x48f3, nil]]]
0x4903S0x4fdfS0x5741S0x137c	[0x1852, [0x4fdf, [0x48f3, nil]]]
0x4fe9S0x574aS0x137c	[0x1852, [0x4fdf, nil]]
0x4907S0x4fdfS0x574aS0x137c	[0x1852, [0x4fdf, [0x48f3, nil]]]
0x4903S0x4fdfS0x574aS0x137c	[0x1852, [0x4fdf, [0x48f3, nil]]]
0x4fe9S0x5762S0x137c	[0x1852, [0x4fdf, nil]]
0x4907S0x4fdfS0x5762S0x137c	[0x1852, [0x4fdf, [0x48f3, nil]]]
0x4903S0x4fdfS0x5762S0x137c	[0x1852, [0x4fdf, [0x48f3, nil]]]
0x4fe9S0x5773S0x137c	[0x1852, [0x4fdf, nil]]
0x4907S0x4fdfS0x5773S0x137c	[0x1852, [0x4fdf, [0x48f3, nil]]]
0x4903S0x4fdfS0x5773S0x137c	[0x1852, [0x4fdf, [0x48f3, nil]]]
0x55f1S0x5784S0x137c	[0x1852, [0x55e7, nil]]
0x49dfS0x55e7S0x5784S0x137c	[0x1852, [0x55e7, [0x49d1, nil]]]
0x49dbS0x55e7S0x5784S0x137c	[0x1852, [0x55e7, [0x49d1, nil]]]
0x55f1S0x579fS0x137c	[0x1852, [0x55e7, nil]]
0x49dfS0x55e7S0x579fS0x137c	[0x1852, [0x55e7, [0x49d1, nil]]]
0x49dbS0x55e7S0x579fS0x137c	[0x1852, [0x55e7, [0x49d1, nil]]]
0x4fe9S0x57b0S0x137c	[0x1852, [0x4fdf, nil]]
0x4907S0x4fdfS0x57b0S0x137c	[0x1852, [0x4fdf, [0x48f3, nil]]]
0x4903S0x4fdfS0x57b0S0x137c	[0x1852, [0x4fdf, [0x48f3, nil]]]
0x49d0S0x19c0S0x137c	[0x1852, [0x49be, nil]]
0x49c2S0x19c0S0x137c	[0x1852, [0x49be, nil]]
0x49bdS0x49beS0x19c0S0x137c	[0x1852, [0x49be, [0x4992, nil]]]
0x49a9S0x49beS0x19c0S0x137c	[0x1852, [0x49be, [0x4992, nil]]]
0x4999S0x49beS0x19c0S0x137c	[0x1852, [0x49be, [0x4992, nil]]]
0x4991S0x4992S0x49beS0x19c0S0x137c	[0x1852, [0x49be, [0x4992, [0x496e, nil]]]]
0x4990S0x4992S0x49beS0x19c0S0x137c	[0x1852, [0x49be, [0x4992, [0x496e, nil]]]]
0x4979S0x4992S0x49beS0x19c0S0x137c	[0x1852, [0x49be, [0x4992, [0x496e, nil]]]]
0x3b850S0x4992S0x49beS0x19c0S0x137c	[0x1852, [0x49be, [0x4992, [0x496e, nil]]]]
0x4988S0x4992S0x49beS0x19c0S0x137c	[0x1852, [0x49be, [0x4992, [0x496e, nil]]]]
0x4981S0x4992S0x49beS0x19c0S0x137c	[0x1852, [0x49be, [0x4992, [0x496e, nil]]]]
0x2ae7S0x232fS0x137c	[0x1852, [0x2a84, nil]]
0x2b77S0x232fS0x137c	[0x1852, [0x2a84, nil]]
0x2b8bS0x232fS0x137c	[0x1852, [0x2a84, nil]]
0x2b87S0x232fS0x137c	[0x1852, [0x2a84, nil]]
0x2c60S0x232fS0x137c	[0x1852, [0x2a84, nil]]
0x2cdeS0x232fS0x137c	[0x1852, [0x2a84, nil]]
0x2d3aS0x232fS0x137c	[0x1852, [0x2a84, nil]]
0x2d36S0x232fS0x137c	[0x1852, [0x2a84, nil]]
0x2da9S0x232fS0x137c	[0x1852, [0x2a84, nil]]
0x2da5S0x232fS0x137c	[0x1852, [0x2a84, nil]]
0x2e13S0x232fS0x137c	[0x1852, [0x2a84, nil]]
0x2e8eS0x232fS0x137c	[0x1852, [0x2a84, nil]]
0x2ea2S0x232fS0x137c	[0x1852, [0x2a84, nil]]
0x2e9eS0x232fS0x137c	[0x1852, [0x2a84, nil]]
0x2f1dS0x232fS0x137c	[0x1852, [0x2a84, nil]]
0x2f07S0x232fS0x137c	[0x1852, [0x2a84, nil]]
0x2f26S0x232fS0x137c	[0x1852, [0x2a84, nil]]
0x2f22S0x232fS0x137c	[0x1852, [0x2a84, nil]]
0x2f96S0x232fS0x137c	[0x1852, [0x2a84, nil]]
0x2f92S0x232fS0x137c	[0x1852, [0x2a84, nil]]
0x3091S0x232fS0x137c	[0x1852, [0x2a84, nil]]
0x30d5S0x232fS0x137c	[0x1852, [0x2a84, nil]]
0x30a3S0x232fS0x137c	[0x1852, [0x2a84, nil]]
0x30aaS0x232fS0x137c	[0x1852, [0x2a84, nil]]
0x30b1S0x232fS0x137c	[0x1852, [0x2a84, nil]]
0x30ceS0x232fS0x137c	[0x1852, [0x2a84, nil]]
0x320dS0x232fS0x137c	[0x1852, [0x2a84, nil]]
0x3296S0x232fS0x137c	[0x1852, [0x2a84, nil]]
0x3343S0x232fS0x137c	[0x1852, [0x2a84, nil]]
0x336fS0x232fS0x137c	[0x1852, [0x2a84, nil]]
0x3359S0x232fS0x137c	[0x1852, [0x2a84, nil]]
0x335eS0x232fS0x137c	[0x1852, [0x2a84, nil]]
0x3376S0x232fS0x137c	[0x1852, [0x2a84, nil]]
0x33baS0x232fS0x137c	[0x1852, [0x2a84, nil]]
0x3388S0x232fS0x137c	[0x1852, [0x2a84, nil]]
0x338fS0x232fS0x137c	[0x1852, [0x2a84, nil]]
0x3396S0x232fS0x137c	[0x1852, [0x2a84, nil]]
0x33b3S0x232fS0x137c	[0x1852, [0x2a84, nil]]
0x344bS0x232fS0x137c	[0x1852, [0x2a84, nil]]
0x3442S0x232fS0x137c	[0x1852, [0x2a84, nil]]
0x34c7S0x232fS0x137c	[0x1852, [0x2a84, nil]]
0x3493S0x232fS0x137c	[0x1852, [0x2a84, nil]]
0x349aS0x232fS0x137c	[0x1852, [0x2a84, nil]]
0x34a1S0x232fS0x137c	[0x1852, [0x2a84, nil]]
0x34c0S0x232fS0x137c	[0x1852, [0x2a84, nil]]
0x3f00S0x232fS0x137c	[0x1852, [0x2a84, nil]]
0x3f50S0x232fS0x137c	[0x1852, [0x2a84, nil]]
0x3f64S0x232fS0x137c	[0x1852, [0x2a84, nil]]
0x3f60S0x232fS0x137c	[0x1852, [0x2a84, nil]]
0x3fbdS0x232fS0x137c	[0x1852, [0x2a84, nil]]
0x3faeS0x232fS0x137c	[0x1852, [0x2a84, nil]]
0x3fb1S0x232fS0x137c	[0x1852, [0x2a84, nil]]
0x3fb9S0x232fS0x137c	[0x1852, [0x2a84, nil]]
0x4013S0x232fS0x137c	[0x1852, [0x2a84, nil]]
0x3fd8S0x232fS0x137c	[0x1852, [0x2a84, nil]]
0x3fdfS0x232fS0x137c	[0x1852, [0x2a84, nil]]
0x3fe6S0x232fS0x137c	[0x1852, [0x2a84, nil]]
0x400cS0x232fS0x137c	[0x1852, [0x2a84, nil]]
0x406bS0x232fS0x137c	[0x1852, [0x2a84, nil]]
0x4037S0x232fS0x137c	[0x1852, [0x2a84, nil]]
0x403eS0x232fS0x137c	[0x1852, [0x2a84, nil]]
0x4045S0x232fS0x137c	[0x1852, [0x2a84, nil]]
0x4064S0x232fS0x137c	[0x1852, [0x2a84, nil]]
0x40aeS0x232fS0x137c	[0x1852, [0x2a84, nil]]
0x40c2S0x232fS0x137c	[0x1852, [0x2a84, nil]]
0x40beS0x232fS0x137c	[0x1852, [0x2a84, nil]]
0x57dfS0x232fS0x137c	[0x1852, [0x2a84, nil]]
0x594eS0x232fS0x137c	[0x1852, [0x2a84, nil]]
0x5970S0x232fS0x137c	[0x1852, [0x2a84, nil]]
0x59c9S0x232fS0x137c	[0x1852, [0x2a84, nil]]
0x59ebS0x232fS0x137c	[0x1852, [0x2a84, nil]]
0x2ad2S0x232fS0x137c	[0x1852, [0x2a84, nil]]
0x2a8fS0x232fS0x137c	[0x1852, [0x2a84, nil]]
0x2a94S0x232fS0x137c	[0x1852, [0x2a84, nil]]
0x2a9bS0x232fS0x137c	[0x1852, [0x2a84, nil]]
0x2aa1S0x232fS0x137c	[0x1852, [0x2a84, nil]]
0x2aafS0x232fS0x137c	[0x1852, [0x2a84, nil]]
0x2ac2S0x232fS0x137c	[0x1852, [0x2a84, nil]]
0x2ac6S0x232fS0x137c	[0x1852, [0x2a84, nil]]
0x2bc5S0x232fS0x137c	[0x1852, [0x2a84, nil]]
0x2ba4S0x232fS0x137c	[0x1852, [0x2a84, nil]]
0x2bb4S0x232fS0x137c	[0x1852, [0x2a84, nil]]
0x2bb8S0x232fS0x137c	[0x1852, [0x2a84, nil]]
0x2b73S0x232fS0x137c	[0x1852, [0x2a84, nil]]
0x2b15S0x232fS0x137c	[0x1852, [0x2a84, nil]]
0x2b25S0x232fS0x137c	[0x1852, [0x2a84, nil]]
0x2b2bS0x232fS0x137c	[0x1852, [0x2a84, nil]]
0x2b33S0x232fS0x137c	[0x1852, [0x2a84, nil]]
0x2b3bS0x232fS0x137c	[0x1852, [0x2a84, nil]]
0x2b43S0x232fS0x137c	[0x1852, [0x2a84, nil]]
0x2b48S0x232fS0x137c	[0x1852, [0x2a84, nil]]
0x2b50S0x232fS0x137c	[0x1852, [0x2a84, nil]]
0x57dbS0x232fS0x137c	[0x1852, [0x2a84, nil]]
0x2b82S0x232fS0x137c	[0x1852, [0x2a84, nil]]
0x2b95S0x232fS0x137c	[0x1852, [0x2a84, nil]]
0x2bf6S0x232fS0x137c	[0x1852, [0x2a84, nil]]
0x2c27S0x232fS0x137c	[0x1852, [0x2a84, nil]]
0x31c7S0x232fS0x137c	[0x1852, [0x2a84, nil]]
0x31a6S0x232fS0x137c	[0x1852, [0x2a84, nil]]
0x31b6S0x232fS0x137c	[0x1852, [0x2a84, nil]]
0x31baS0x232fS0x137c	[0x1852, [0x2a84, nil]]
0x2c49S0x232fS0x137c	[0x1852, [0x2a84, nil]]
0x308aS0x232fS0x137c	[0x1852, [0x2a84, nil]]
0x3074S0x232fS0x137c	[0x1852, [0x2a84, nil]]
0x3079S0x232fS0x137c	[0x1852, [0x2a84, nil]]
0x2c73S0x232fS0x137c	[0x1852, [0x2a84, nil]]
0x2c7aS0x232fS0x137c	[0x1852, [0x2a84, nil]]
0x2c82S0x232fS0x137c	[0x1852, [0x2a84, nil]]
0x2cd6S0x232fS0x137c	[0x1852, [0x2a84, nil]]
0x2ca5S0x232fS0x137c	[0x1852, [0x2a84, nil]]
0x2cb3S0x232fS0x137c	[0x1852, [0x2a84, nil]]
0x2cc6S0x232fS0x137c	[0x1852, [0x2a84, nil]]
0x2ccaS0x232fS0x137c	[0x1852, [0x2a84, nil]]
0x2d31S0x232fS0x137c	[0x1852, [0x2a84, nil]]
0x2cf5S0x232fS0x137c	[0x1852, [0x2a84, nil]]
0x2d06S0x232fS0x137c	[0x1852, [0x2a84, nil]]
0x2ce3S0x232fS0x137c	[0x1852, [0x2a84, nil]]
0x2ec8S0x232fS0x137c	[0x1852, [0x2a84, nil]]
0x2ec3S0x232fS0x137c	[0x1852, [0x2a84, nil]]
0x2d5eS0x232fS0x137c	[0x1852, [0x2a84, nil]]
0x2d51S0x232fS0x137c	[0x1852, [0x2a84, nil]]
0x2da0S0x232fS0x137c	[0x1852, [0x2a84, nil]]
0x2d6eS0x232fS0x137c	[0x1852, [0x2a84, nil]]
0x2d7eS0x232fS0x137c	[0x1852, [0x2a84, nil]]
0x2dcdS0x232fS0x137c	[0x1852, [0x2a84, nil]]
0x2dc0S0x232fS0x137c	[0x1852, [0x2a84, nil]]
0x2ddfS0x232fS0x137c	[0x1852, [0x2a84, nil]]
0x2b450S0x232fS0x137c	[0x1852, [0x2a84, nil]]
0x2e27S0x232fS0x137c	[0x1852, [0x2a84, nil]]
0x2e23S0x232fS0x137c	[0x1852, [0x2a84, nil]]
0x2e74S0x232fS0x137c	[0x1852, [0x2a84, nil]]
0x2e64S0x232fS0x137c	[0x1852, [0x2a84, nil]]
0x2e8aS0x232fS0x137c	[0x1852, [0x2a84, nil]]
0x2e99S0x232fS0x137c	[0x1852, [0x2a84, nil]]
0x2be50S0x232fS0x137c	[0x1852, [0x2a84, nil]]
0x2ee4S0x232fS0x137c	[0x1852, [0x2a84, nil]]
0x2ed4S0x232fS0x137c	[0x1852, [0x2a84, nil]]
0x2ed8S0x232fS0x137c	[0x1852, [0x2a84, nil]]
0x2c850S0x232fS0x137c	[0x1852, [0x2a84, nil]]
0x2fdeS0x232fS0x137c	[0x1852, [0x2a84, nil]]
0x2f4aS0x232fS0x137c	[0x1852, [0x2a84, nil]]
0x2f3dS0x232fS0x137c	[0x1852, [0x2a84, nil]]
0x2f8dS0x232fS0x137c	[0x1852, [0x2a84, nil]]
0x2f58S0x232fS0x137c	[0x1852, [0x2a84, nil]]
0x2f66S0x232fS0x137c	[0x1852, [0x2a84, nil]]
0x2fbaS0x232fS0x137c	[0x1852, [0x2a84, nil]]
0x2fadS0x232fS0x137c	[0x1852, [0x2a84, nil]]
0x2fceS0x232fS0x137c	[0x1852, [0x2a84, nil]]
0x2fc9S0x232fS0x137c	[0x1852, [0x2a84, nil]]
0x3054S0x232fS0x137c	[0x1852, [0x2a84, nil]]
0x2ffaS0x232fS0x137c	[0x1852, [0x2a84, nil]]
0x3004S0x232fS0x137c	[0x1852, [0x2a84, nil]]
0x3010S0x232fS0x137c	[0x1852, [0x2a84, nil]]
0x301cS0x232fS0x137c	[0x1852, [0x2a84, nil]]
0x3034S0x232fS0x137c	[0x1852, [0x2a84, nil]]
0x3041S0x232fS0x137c	[0x1852, [0x2a84, nil]]
0x304fS0x232fS0x137c	[0x1852, [0x2a84, nil]]
0x306bS0x232fS0x137c	[0x1852, [0x2a84, nil]]
0x3060S0x232fS0x137c	[0x1852, [0x2a84, nil]]
0x3064S0x232fS0x137c	[0x1852, [0x2a84, nil]]
0xffd26S0x232fS0x137c	[0x1852, [0x2a84, nil]]
0x3097S0x232fS0x137c	[0x1852, [0x2a84, nil]]
0xbd3cS0x232fS0x137c	[0x1852, [0x2a84, nil]]
0xbd32S0x232fS0x137c	[0x1852, [0x2a84, nil]]
0xbd37S0x232fS0x137c	[0x1852, [0x2a84, nil]]
0x3104S0x232fS0x137c	[0x1852, [0x2a84, nil]]
0x30deS0x232fS0x137c	[0x1852, [0x2a84, nil]]
0x30e3S0x232fS0x137c	[0x1852, [0x2a84, nil]]
0x30f2S0x232fS0x137c	[0x1852, [0x2a84, nil]]
0xbd64S0x232fS0x137c	[0x1852, [0x2a84, nil]]
0x3159S0x232fS0x137c	[0x1852, [0x2a84, nil]]
0x3139S0x232fS0x137c	[0x1852, [0x2a84, nil]]
0x3149S0x232fS0x137c	[0x1852, [0x2a84, nil]]
0x314dS0x232fS0x137c	[0x1852, [0x2a84, nil]]
0x2d250S0x232fS0x137c	[0x1852, [0x2a84, nil]]
0x312aS0x232fS0x137c	[0x1852, [0x2a84, nil]]
0x3166S0x232fS0x137c	[0x1852, [0x2a84, nil]]
0x2dc50S0x232fS0x137c	[0x1852, [0x2a84, nil]]
0x3172S0x232fS0x137c	[0x1852, [0x2a84, nil]]
0x3187S0x232fS0x137c	[0x1852, [0x2a84, nil]]
0x3192S0x232fS0x137c	[0x1852, [0x2a84, nil]]
0x31f8S0x232fS0x137c	[0x1852, [0x2a84, nil]]
0x32fdS0x232fS0x137c	[0x1852, [0x2a84, nil]]
0x32dcS0x232fS0x137c	[0x1852, [0x2a84, nil]]
0x32ecS0x232fS0x137c	[0x1852, [0x2a84, nil]]
0x32f0S0x232fS0x137c	[0x1852, [0x2a84, nil]]
0x3226S0x232fS0x137c	[0x1852, [0x2a84, nil]]
0x594aS0x232fS0x137c	[0x1852, [0x2a84, nil]]
0x3237S0x232fS0x137c	[0x1852, [0x2a84, nil]]
0x323fS0x232fS0x137c	[0x1852, [0x2a84, nil]]
0x328eS0x232fS0x137c	[0x1852, [0x2a84, nil]]
0x3261S0x232fS0x137c	[0x1852, [0x2a84, nil]]
0x326eS0x232fS0x137c	[0x1852, [0x2a84, nil]]
0x327eS0x232fS0x137c	[0x1852, [0x2a84, nil]]
0x3282S0x232fS0x137c	[0x1852, [0x2a84, nil]]
0x32a4S0x232fS0x137c	[0x1852, [0x2a84, nil]]
0x329bS0x232fS0x137c	[0x1852, [0x2a84, nil]]
0x3ee9S0x232fS0x137c	[0x1852, [0x2a84, nil]]
0xffd99S0x232fS0x137c	[0x1852, [0x2a84, nil]]
0xffd73S0x232fS0x137c	[0x1852, [0x2a84, nil]]
0xffd88S0x232fS0x137c	[0x1852, [0x2a84, nil]]
0xffd95S0x232fS0x137c	[0x1852, [0x2a84, nil]]
0xffde1S0x232fS0x137c	[0x1852, [0x2a84, nil]]
0xffdbbS0x232fS0x137c	[0x1852, [0x2a84, nil]]
0xffdd0S0x232fS0x137c	[0x1852, [0x2a84, nil]]
0xffdddS0x232fS0x137c	[0x1852, [0x2a84, nil]]
0x402bS0x232fS0x137c	[0x1852, [0x2a84, nil]]
0x332eS0x232fS0x137c	[0x1852, [0x2a84, nil]]
0x355eS0x232fS0x137c	[0x1852, [0x2a84, nil]]
0x3350S0x232fS0x137c	[0x1852, [0x2a84, nil]]
0x59c5S0x232fS0x137c	[0x1852, [0x2a84, nil]]
0x33eaS0x232fS0x137c	[0x1852, [0x2a84, nil]]
0x33efS0x232fS0x137c	[0x1852, [0x2a84, nil]]
0x337cS0x232fS0x137c	[0x1852, [0x2a84, nil]]
0xbd99S0x232fS0x137c	[0x1852, [0x2a84, nil]]
0xbd8fS0x232fS0x137c	[0x1852, [0x2a84, nil]]
0xbd94S0x232fS0x137c	[0x1852, [0x2a84, nil]]
0x33e2S0x232fS0x137c	[0x1852, [0x2a84, nil]]
0x33c2S0x232fS0x137c	[0x1852, [0x2a84, nil]]
0x33c9S0x232fS0x137c	[0x1852, [0x2a84, nil]]
0x33d9S0x232fS0x137c	[0x1852, [0x2a84, nil]]
0xbdc1S0x232fS0x137c	[0x1852, [0x2a84, nil]]
0xffe31S0x232fS0x137c	[0x1852, [0x2a84, nil]]
0x3414S0x232fS0x137c	[0x1852, [0x2a84, nil]]
0x341bS0x232fS0x137c	[0x1852, [0x2a84, nil]]
0x3430S0x232fS0x137c	[0x1852, [0x2a84, nil]]
0x3487S0x232fS0x137c	[0x1852, [0x2a84, nil]]
0x2fa50S0x232fS0x137c	[0x1852, [0x2a84, nil]]
0x3453S0x232fS0x137c	[0x1852, [0x2a84, nil]]
0x346dS0x232fS0x137c	[0x1852, [0x2a84, nil]]
0x345eS0x232fS0x137c	[0x1852, [0x2a84, nil]]
0xbde9S0x232fS0x137c	[0x1852, [0x2a84, nil]]
0x34faS0x232fS0x137c	[0x1852, [0x2a84, nil]]
0x34e5S0x232fS0x137c	[0x1852, [0x2a84, nil]]
0x34eaS0x232fS0x137c	[0x1852, [0x2a84, nil]]
0x3529S0x232fS0x137c	[0x1852, [0x2a84, nil]]
0x3509S0x232fS0x137c	[0x1852, [0x2a84, nil]]
0x3519S0x232fS0x137c	[0x1852, [0x2a84, nil]]
0x351dS0x232fS0x137c	[0x1852, [0x2a84, nil]]
0x3538S0x232fS0x137c	[0x1852, [0x2a84, nil]]
0x3534S0x232fS0x137c	[0x1852, [0x2a84, nil]]
0xffe58S0x232fS0x137c	[0x1852, [0x2a84, nil]]
0x30e50S0x232fS0x137c	[0x1852, [0x2a84, nil]]
0x3544S0x232fS0x137c	[0x1852, [0x2a84, nil]]
0x3f36S0x232fS0x137c	[0x1852, [0x2a84, nil]]
0x3f15S0x232fS0x137c	[0x1852, [0x2a84, nil]]
0x3f31S0x232fS0x137c	[0x1852, [0x2a84, nil]]
0x3f4cS0x232fS0x137c	[0x1852, [0x2a84, nil]]
0x3f5bS0x232fS0x137c	[0x1852, [0x2a84, nil]]
0x3f9cS0x232fS0x137c	[0x1852, [0x2a84, nil]]
0x37c50S0x232fS0x137c	[0x1852, [0x2a84, nil]]
0x3fccS0x232fS0x137c	[0x1852, [0x2a84, nil]]
0x401cS0x232fS0x137c	[0x1852, [0x2a84, nil]]
0xbfd5S0x232fS0x137c	[0x1852, [0x2a84, nil]]
0x40aaS0x232fS0x137c	[0x1852, [0x2a84, nil]]
0x4093S0x232fS0x137c	[0x1852, [0x2a84, nil]]
0xbffdS0x232fS0x137c	[0x1852, [0x2a84, nil]]
0x40b9S0x232fS0x137c	[0x1852, [0x2a84, nil]]
0x40deS0x232fS0x137c	[0x1852, [0x2a84, nil]]
0x40e6S0x232fS0x137c	[0x1852, [0x2a84, nil]]
0x57f2S0x232fS0x137c	[0x1852, [0x2a84, nil]]
0x5802S0x232fS0x137c	[0x1852, [0x2a84, nil]]
0x57f5S0x232fS0x137c	[0x1852, [0x2a84, nil]]
0x582bS0x232fS0x137c	[0x1852, [0x2a84, nil]]
0x5809S0x232fS0x137c	[0x1852, [0x2a84, nil]]
0x5814S0x232fS0x137c	[0x1852, [0x2a84, nil]]
0x581eS0x232fS0x137c	[0x1852, [0x2a84, nil]]
0x584dS0x232fS0x137c	[0x1852, [0x2a84, nil]]
0x5831S0x232fS0x137c	[0x1852, [0x2a84, nil]]
0x583bS0x232fS0x137c	[0x1852, [0x2a84, nil]]
0x5848S0x232fS0x137c	[0x1852, [0x2a84, nil]]
0x5969S0x232fS0x137c	[0x1852, [0x2a84, nil]]
0x597eS0x232fS0x137c	[0x1852, [0x2a84, nil]]
0x5974S0x232fS0x137c	[0x1852, [0x2a84, nil]]
0xc3d3S0x232fS0x137c	[0x1852, [0x2a84, nil]]
0xc3c9S0x232fS0x137c	[0x1852, [0x2a84, nil]]
0xc3ceS0x232fS0x137c	[0x1852, [0x2a84, nil]]
0x5998S0x232fS0x137c	[0x1852, [0x2a84, nil]]
0x5981S0x232fS0x137c	[0x1852, [0x2a84, nil]]
0x598bS0x232fS0x137c	[0x1852, [0x2a84, nil]]
0x59abS0x232fS0x137c	[0x1852, [0x2a84, nil]]
0x599eS0x232fS0x137c	[0x1852, [0x2a84, nil]]
0x59b7S0x232fS0x137c	[0x1852, [0x2a84, nil]]
0x59b1S0x232fS0x137c	[0x1852, [0x2a84, nil]]
0x59e4S0x232fS0x137c	[0x1852, [0x2a84, nil]]
0x5a00S0x232fS0x137c	[0x1852, [0x2a84, nil]]
0x59efS0x232fS0x137c	[0x1852, [0x2a84, nil]]
0x59f3S0x232fS0x137c	[0x1852, [0x2a84, nil]]
0xc408S0x232fS0x137c	[0x1852, [0x2a84, nil]]
0xc3feS0x232fS0x137c	[0x1852, [0x2a84, nil]]
0xc403S0x232fS0x137c	[0x1852, [0x2a84, nil]]
0x5a0cS0x232fS0x137c	[0x1852, [0x2a84, nil]]
0x5a06S0x232fS0x137c	[0x1852, [0x2a84, nil]]
0x100a9bS0x232fS0x137c	[0x1852, [0x2a84, nil]]
0x100ac2S0x232fS0x137c	[0x1852, [0x2a84, nil]]
0x2a050S0x232fS0x137c	[0x1852, [0x2a84, nil]]
0x2bd4S0x232fS0x137c	[0x1852, [0x2a84, nil]]
0x2be4S0x232fS0x137c	[0x1852, [0x2a84, nil]]
0x2be8S0x232fS0x137c	[0x1852, [0x2a84, nil]]
0x2aa50S0x232fS0x137c	[0x1852, [0x2a84, nil]]
0x2c05S0x232fS0x137c	[0x1852, [0x2a84, nil]]
0x2c15S0x232fS0x137c	[0x1852, [0x2a84, nil]]
0x2c19S0x232fS0x137c	[0x1852, [0x2a84, nil]]
0x2dfcS0x232fS0x137c	[0x1852, [0x2a84, nil]]
0x2e650S0x232fS0x137c	[0x1852, [0x2a84, nil]]
0x31d6S0x232fS0x137c	[0x1852, [0x2a84, nil]]
0x31e6S0x232fS0x137c	[0x1852, [0x2a84, nil]]
0x31eaS0x232fS0x137c	[0x1852, [0x2a84, nil]]
0x2f050S0x232fS0x137c	[0x1852, [0x2a84, nil]]
0x330cS0x232fS0x137c	[0x1852, [0x2a84, nil]]
0x331cS0x232fS0x137c	[0x1852, [0x2a84, nil]]
0x3320S0x232fS0x137c	[0x1852, [0x2a84, nil]]
0x3438S0x232fS0x137c	[0x1852, [0x2a84, nil]]
0x30450S0x232fS0x137c	[0x1852, [0x2a84, nil]]
0x37250S0x2dfdS0x232fS0x137c	[0x1852, [0x2a84, [0x3ca2, nil]]]
0x3cb5S0x2dfdS0x232fS0x137c	[0x1852, [0x2a84, [0x3ca2, nil]]]
0x3cbcS0x2dfdS0x232fS0x137c	[0x1852, [0x2a84, [0x3ca2, nil]]]
0x3cc3S0x2dfdS0x232fS0x137c	[0x1852, [0x2a84, [0x3ca2, nil]]]
0x37250S0x3eeaS0x232fS0x137c	[0x1852, [0x2a84, [0x3ca2, nil]]]
0x3cb5S0x3eeaS0x232fS0x137c	[0x1852, [0x2a84, [0x3ca2, nil]]]
0x3cbcS0x3eeaS0x232fS0x137c	[0x1852, [0x2a84, [0x3ca2, nil]]]
0x3cc3S0x3eeaS0x232fS0x137c	[0x1852, [0x2a84, [0x3ca2, nil]]]
0x591fS0x2e2dS0x232fS0x137c	[0x1852, [0x2a84, [0x58e5, nil]]]
0x58f2S0x2e2dS0x232fS0x137c	[0x1852, [0x2a84, [0x58e5, nil]]]
0x58faS0x2e2dS0x232fS0x137c	[0x1852, [0x2a84, [0x58e5, nil]]]
0x5902S0x2e2dS0x232fS0x137c	[0x1852, [0x2a84, [0x58e5, nil]]]
0x590aS0x2e2dS0x232fS0x137c	[0x1852, [0x2a84, [0x58e5, nil]]]
0x591aS0x2e2dS0x232fS0x137c	[0x1852, [0x2a84, [0x58e5, nil]]]
0x4679S0x40c3S0x232fS0x137c	[0x1852, [0x2a84, [0x464a, nil]]]
0x465cS0x40c3S0x232fS0x137c	[0x1852, [0x2a84, [0x464a, nil]]]
0x4663S0x40c3S0x232fS0x137c	[0x1852, [0x2a84, [0x464a, nil]]]
0x4907S0x57e8S0x232fS0x137c	[0x1852, [0x2a84, [0x48f3, nil]]]
0x4903S0x57e8S0x232fS0x137c	[0x1852, [0x2a84, [0x48f3, nil]]]
0x4907S0x57f3S0x232fS0x137c	[0x1852, [0x2a84, [0x48f3, nil]]]
0x4903S0x57f3S0x232fS0x137c	[0x1852, [0x2a84, [0x48f3, nil]]]
0x49dfS0x5803S0x232fS0x137c	[0x1852, [0x2a84, [0x49d1, nil]]]
0x49dbS0x5803S0x232fS0x137c	[0x1852, [0x2a84, [0x49d1, nil]]]
0x4907S0x5971S0x232fS0x137c	[0x1852, [0x2a84, [0x48f3, nil]]]
0x4903S0x5971S0x232fS0x137c	[0x1852, [0x2a84, [0x48f3, nil]]]
0x4907S0x597fS0x232fS0x137c	[0x1852, [0x2a84, [0x48f3, nil]]]
0x4903S0x597fS0x232fS0x137c	[0x1852, [0x2a84, [0x48f3, nil]]]
0x4907S0x5999S0x232fS0x137c	[0x1852, [0x2a84, [0x48f3, nil]]]
0x4903S0x5999S0x232fS0x137c	[0x1852, [0x2a84, [0x48f3, nil]]]
0x4e69S0x59ecS0x232fS0x137c	[0x1852, [0x2a84, [0x4e55, nil]]]
0x4e65S0x59ecS0x232fS0x137c	[0x1852, [0x2a84, [0x4e55, nil]]]
0x4ffbS0x2d3bS0x232fS0x137c	[0x1852, [0x2a84, [0x4fea, nil]]]
0x4ff7S0x2d3bS0x232fS0x137c	[0x1852, [0x2a84, [0x4fea, nil]]]
0x5006S0x2d3bS0x232fS0x137c	[0x1852, [0x2a84, [0x4fea, nil]]]
0x4907S0x4ffcS0x2d3bS0x232fS0x137c	[0x1852, [0x2a84, [0x4fea, [0x48f3, nil]]]]
0x4903S0x4ffcS0x2d3bS0x232fS0x137c	[0x1852, [0x2a84, [0x4fea, [0x48f3, nil]]]]
0x4ffbS0x2daaS0x232fS0x137c	[0x1852, [0x2a84, [0x4fea, nil]]]
0x4ff7S0x2daaS0x232fS0x137c	[0x1852, [0x2a84, [0x4fea, nil]]]
0x5006S0x2daaS0x232fS0x137c	[0x1852, [0x2a84, [0x4fea, nil]]]
0x4907S0x4ffcS0x2daaS0x232fS0x137c	[0x1852, [0x2a84, [0x4fea, [0x48f3, nil]]]]
0x4903S0x4ffcS0x2daaS0x232fS0x137c	[0x1852, [0x2a84, [0x4fea, [0x48f3, nil]]]]
0x4ffbS0x2f27S0x232fS0x137c	[0x1852, [0x2a84, [0x4fea, nil]]]
0x4ff7S0x2f27S0x232fS0x137c	[0x1852, [0x2a84, [0x4fea, nil]]]
0x5006S0x2f27S0x232fS0x137c	[0x1852, [0x2a84, [0x4fea, nil]]]
0x4907S0x4ffcS0x2f27S0x232fS0x137c	[0x1852, [0x2a84, [0x4fea, [0x48f3, nil]]]]
0x4903S0x4ffcS0x2f27S0x232fS0x137c	[0x1852, [0x2a84, [0x4fea, [0x48f3, nil]]]]
0x5931S0x2f97S0x232fS0x137c	[0x1852, [0x2a84, [0x5920, nil]]]
0x592dS0x2f97S0x232fS0x137c	[0x1852, [0x2a84, [0x5920, nil]]]
0x593cS0x2f97S0x232fS0x137c	[0x1852, [0x2a84, [0x5920, nil]]]
0x4e69S0x5932S0x2f97S0x232fS0x137c	[0x1852, [0x2a84, [0x5920, [0x4e55, nil]]]]
0x4e65S0x5932S0x2f97S0x232fS0x137c	[0x1852, [0x2a84, [0x5920, [0x4e55, nil]]]]
0x488aS0x34deS0x232fS0x137c	[0x1852, [0x2a84, [0x4872, nil]]]
0x4882S0x34deS0x232fS0x137c	[0x1852, [0x2a84, [0x4872, nil]]]
0x3ae50S0x34deS0x232fS0x137c	[0x1852, [0x2a84, [0x4872, nil]]]
0x4899S0x34deS0x232fS0x137c	[0x1852, [0x2a84, [0x4872, nil]]]
0x48bbS0x488eS0x34deS0x232fS0x137c	[0x1852, [0x2a84, [0x4872, [0x48a8, nil]]]]
0x48b4S0x488eS0x34deS0x232fS0x137c	[0x1852, [0x2a84, [0x4872, [0x48a8, nil]]]]
0x48b0S0x488eS0x34deS0x232fS0x137c	[0x1852, [0x2a84, [0x4872, [0x48a8, nil]]]]
0xffaa1S0x1852S0x137c	[0x1852, [0x1c3f, nil]]
0x10067fS0x18afS0x137c	[0x1852, [0x5294, nil]]
0x1006eeS0x18f0S0x137c	[0x1852, [0x52fd, nil]]
0x10067fS0x190cS0x137c	[0x1852, [0x5294, nil]]
0x10067fS0x1988S0x137c	[0x1852, [0x5294, nil]]
0x10058bS0x1a5bS0x137c	[0x1852, [0x4fea, nil]]
0x1002a8S0x4ffcS0x1a5bS0x137c	[0x1852, [0x4fea, [0x48f3, nil]]]
0x10058bS0x1b53S0x137c	[0x1852, [0x4fea, nil]]
0x1002a8S0x4ffcS0x1b53S0x137c	[0x1852, [0x4fea, [0x48f3, nil]]]
0x101252S0x1bf1S0x137c	[0x1852, [0x50bc, nil]]
0x1013bfS0x1bf1S0x137c	[0x1852, [0x50bc, nil]]
0x1005afS0x50e3S0x1bf1S0x137c	[0x1852, [0x50bc, [0x5076, nil]]]
0x1005d6S0x50e3S0x1bf1S0x137c	[0x1852, [0x50bc, [0x5076, nil]]]
0x100565S0x5741S0x137c	[0x1852, [0x4fdf, nil]]
0x1002a8S0x4fdfS0x5741S0x137c	[0x1852, [0x4fdf, [0x48f3, nil]]]
0x100565S0x574aS0x137c	[0x1852, [0x4fdf, nil]]
0x1002a8S0x4fdfS0x574aS0x137c	[0x1852, [0x4fdf, [0x48f3, nil]]]
0x100565S0x5762S0x137c	[0x1852, [0x4fdf, nil]]
0x1002a8S0x4fdfS0x5762S0x137c	[0x1852, [0x4fdf, [0x48f3, nil]]]
0x100565S0x5773S0x137c	[0x1852, [0x4fdf, nil]]
0x1002a8S0x4fdfS0x5773S0x137c	[0x1852, [0x4fdf, [0x48f3, nil]]]
0x1007a7S0x5784S0x137c	[0x1852, [0x55e7, nil]]
0x100340S0x55e7S0x5784S0x137c	[0x1852, [0x55e7, [0x49d1, nil]]]
0x1007a7S0x579fS0x137c	[0x1852, [0x55e7, nil]]
0x100340S0x55e7S0x579fS0x137c	[0x1852, [0x55e7, [0x49d1, nil]]]
0x100565S0x57b0S0x137c	[0x1852, [0x4fdf, nil]]
0x1002a8S0x4fdfS0x57b0S0x137c	[0x1852, [0x4fdf, [0x48f3, nil]]]
0x10031eS0x19c0S0x137c	[0x1852, [0x49be, nil]]
0xffd01S0x232fS0x137c	[0x1852, [0x2a84, nil]]
0x101131S0x232fS0x137c	[0x1852, [0x2a84, nil]]
0x10115cS0x232fS0x137c	[0x1852, [0x2a84, nil]]
0x101187S0x232fS0x137c	[0x1852, [0x2a84, nil]]
0x1011b2S0x232fS0x137c	[0x1852, [0x2a84, nil]]
0x1011ddS0x232fS0x137c	[0x1852, [0x2a84, nil]]
0x10136dS0x232fS0x137c	[0x1852, [0x2a84, nil]]
0x101398S0x232fS0x137c	[0x1852, [0x2a84, nil]]
0x10004eS0x2dfdS0x232fS0x137c	[0x1852, [0x2a84, [0x3ca2, nil]]]
0x10004eS0x3eeaS0x232fS0x137c	[0x1852, [0x2a84, [0x3ca2, nil]]]
0x10010dS0x40c3S0x232fS0x137c	[0x1852, [0x2a84, [0x464a, nil]]]
0x1002a8S0x57e8S0x232fS0x137c	[0x1852, [0x2a84, [0x48f3, nil]]]
0x1002a8S0x57f3S0x232fS0x137c	[0x1852, [0x2a84, [0x48f3, nil]]]
0x100340S0x5803S0x232fS0x137c	[0x1852, [0x2a84, [0x49d1, nil]]]
0x1002a8S0x5971S0x232fS0x137c	[0x1852, [0x2a84, [0x48f3, nil]]]
0x1002a8S0x597fS0x232fS0x137c	[0x1852, [0x2a84, [0x48f3, nil]]]
0x1002a8S0x5999S0x232fS0x137c	[0x1852, [0x2a84, [0x48f3, nil]]]
0x1004d0S0x59ecS0x232fS0x137c	[0x1852, [0x2a84, [0x4e55, nil]]]
0x10058bS0x2d3bS0x232fS0x137c	[0x1852, [0x2a84, [0x4fea, nil]]]
0x1002a8S0x4ffcS0x2d3bS0x232fS0x137c	[0x1852, [0x2a84, [0x4fea, [0x48f3, nil]]]]
0x10058bS0x2daaS0x232fS0x137c	[0x1852, [0x2a84, [0x4fea, nil]]]
0x1002a8S0x4ffcS0x2daaS0x232fS0x137c	[0x1852, [0x2a84, [0x4fea, [0x48f3, nil]]]]
0x10058bS0x2f27S0x232fS0x137c	[0x1852, [0x2a84, [0x4fea, nil]]]
0x1002a8S0x4ffcS0x2f27S0x232fS0x137c	[0x1852, [0x2a84, [0x4fea, [0x48f3, nil]]]]
0x1007f3S0x2f97S0x232fS0x137c	[0x1852, [0x2a84, [0x5920, nil]]]
0x1004d0S0x5932S0x2f97S0x232fS0x137c	[0x1852, [0x2a84, [0x5920, [0x4e55, nil]]]]
0x10023cS0x34deS0x232fS0x137c	[0x1852, [0x2a84, [0x4872, nil]]]
0x488dS0x34deS0x232fS0x137c	[0x1852, [0x2a84, [0x4872, nil]]]
0x48bfS0x488eS0x34deS0x232fS0x137c	[0x1852, [0x2a84, [0x4872, [0x48a8, nil]]]]
0x5425S0x1ab5S0x137c	[0x1852, [0x53cd, nil]]
0x5440S0x1ab5S0x137c	[0x1852, [0x53cd, nil]]
0x544fS0x1ab5S0x137c	[0x1852, [0x53cd, nil]]
0x42650S0x1ab5S0x137c	[0x1852, [0x53cd, nil]]
0x53d6S0x1ab5S0x137c	[0x1852, [0x53cd, nil]]
0x53e0S0x1ab5S0x137c	[0x1852, [0x53cd, nil]]
0x53e7S0x1ab5S0x137c	[0x1852, [0x53cd, nil]]
0x53ebS0x1ab5S0x137c	[0x1852, [0x53cd, nil]]
0x5484S0x1ab5S0x137c	[0x1852, [0x53cd, nil]]
0x547bS0x1ab5S0x137c	[0x1852, [0x53cd, nil]]
0x543cS0x1ab5S0x137c	[0x1852, [0x53cd, nil]]
0x544bS0x1ab5S0x137c	[0x1852, [0x53cd, nil]]
0x545aS0x1ab5S0x137c	[0x1852, [0x53cd, nil]]
0x546eS0x1ab5S0x137c	[0x1852, [0x53cd, nil]]
0x5377S0x1ab5S0x137c	[0x1852, [0x53cd, nil]]
0x5359S0x1ab5S0x137c	[0x1852, [0x53cd, nil]]
0x5352S0x1ab5S0x137c	[0x1852, [0x53cd, nil]]
0x5368S0x1ab5S0x137c	[0x1852, [0x53cd, nil]]
0x5408S0x1ab5S0x137c	[0x1852, [0x53cd, nil]]
0x5490S0x1ab5S0x137c	[0x1852, [0x53cd, nil]]
0x5421S0x1ab5S0x137c	[0x1852, [0x53cd, nil]]
0x5411S0x1ab5S0x137c	[0x1852, [0x53cd, nil]]
0x53ccS0x546fS0x1ab5S0x137c	[0x1852, [0x53cd, [0x5378, nil]]]
0x53bfS0x546fS0x1ab5S0x137c	[0x1852, [0x53cd, [0x5378, nil]]]
0x539eS0x546fS0x1ab5S0x137c	[0x1852, [0x53cd, [0x5378, nil]]]
0x41c50S0x546fS0x1ab5S0x137c	[0x1852, [0x53cd, [0x5378, nil]]]
0x537fS0x546fS0x1ab5S0x137c	[0x1852, [0x53cd, [0x5378, nil]]]
0x53adS0x546fS0x1ab5S0x137c	[0x1852, [0x53cd, [0x5378, nil]]]
0x53a3S0x546fS0x1ab5S0x137c	[0x1852, [0x53cd, [0x5378, nil]]]
0x49bdS0x539fS0x546fS0x1ab5S0x137c	[0x1852, [0x53cd, [0x5378, [0x4992, nil]]]]
0x49a9S0x539fS0x546fS0x1ab5S0x137c	[0x1852, [0x53cd, [0x5378, [0x4992, nil]]]]
0x4999S0x539fS0x546fS0x1ab5S0x137c	[0x1852, [0x53cd, [0x5378, [0x4992, nil]]]]
0x4991S0x4992S0x539fS0x546fS0x1ab5S0x137c	[0x1852, [0x53cd, [0x5378, [0x4992, [0x496e, nil]]]]]
0x4990S0x4992S0x539fS0x546fS0x1ab5S0x137c	[0x1852, [0x53cd, [0x5378, [0x4992, [0x496e, nil]]]]]
0x4979S0x4992S0x539fS0x546fS0x1ab5S0x137c	[0x1852, [0x53cd, [0x5378, [0x4992, [0x496e, nil]]]]]
0x3b850S0x4992S0x539fS0x546fS0x1ab5S0x137c	[0x1852, [0x53cd, [0x5378, [0x4992, [0x496e, nil]]]]]
0x4988S0x4992S0x539fS0x546fS0x1ab5S0x137c	[0x1852, [0x53cd, [0x5378, [0x4992, [0x496e, nil]]]]]
0x4981S0x4992S0x539fS0x546fS0x1ab5S0x137c	[0x1852, [0x53cd, [0x5378, [0x4992, [0x496e, nil]]]]]
0x3612S0x23d7S0x137c	[0x1852, [0x35da, nil]]
0x3650S0x23d7S0x137c	[0x1852, [0x35da, nil]]
0x361eS0x23d7S0x137c	[0x1852, [0x35da, nil]]
0x3625S0x23d7S0x137c	[0x1852, [0x35da, nil]]
0x362cS0x23d7S0x137c	[0x1852, [0x35da, nil]]
0x3649S0x23d7S0x137c	[0x1852, [0x35da, nil]]
0x368eS0x23d7S0x137c	[0x1852, [0x35da, nil]]
0x36d5S0x23d7S0x137c	[0x1852, [0x35da, nil]]
0x369aS0x23d7S0x137c	[0x1852, [0x35da, nil]]
0x36a1S0x23d7S0x137c	[0x1852, [0x35da, nil]]
0x36a8S0x23d7S0x137c	[0x1852, [0x35da, nil]]
0x36ceS0x23d7S0x137c	[0x1852, [0x35da, nil]]
0x35e8S0x23d7S0x137c	[0x1852, [0x35da, nil]]
0x31850S0x23d7S0x137c	[0x1852, [0x35da, nil]]
0x3602S0x23d7S0x137c	[0x1852, [0x35da, nil]]
0x32250S0x23d7S0x137c	[0x1852, [0x35da, nil]]
0x3658S0x23d7S0x137c	[0x1852, [0x35da, nil]]
0xbe39S0x23d7S0x137c	[0x1852, [0x35da, nil]]
0x366bS0x23d7S0x137c	[0x1852, [0x35da, nil]]
0x367eS0x23d7S0x137c	[0x1852, [0x35da, nil]]
0x33650S0x23d7S0x137c	[0x1852, [0x35da, nil]]
0x36dcS0x23d7S0x137c	[0x1852, [0x35da, nil]]
0xbe61S0x23d7S0x137c	[0x1852, [0x35da, nil]]
0xffed0S0x23d7S0x137c	[0x1852, [0x35da, nil]]
0x100aebS0x23d7S0x137c	[0x1852, [0x35da, nil]]
0x35edS0x23d7S0x137c	[0x1852, [0x35da, nil]]
0x32c50S0x23d7S0x137c	[0x1852, [0x35da, nil]]
0x3612S0x25c0S0x137c	[0x1852, [0x35da, nil]]
0x3650S0x25c0S0x137c	[0x1852, [0x35da, nil]]
0x361eS0x25c0S0x137c	[0x1852, [0x35da, nil]]
0x3625S0x25c0S0x137c	[0x1852, [0x35da, nil]]
0x362cS0x25c0S0x137c	[0x1852, [0x35da, nil]]
0x3649S0x25c0S0x137c	[0x1852, [0x35da, nil]]
0x368eS0x25c0S0x137c	[0x1852, [0x35da, nil]]
0x36d5S0x25c0S0x137c	[0x1852, [0x35da, nil]]
0x369aS0x25c0S0x137c	[0x1852, [0x35da, nil]]
0x36a1S0x25c0S0x137c	[0x1852, [0x35da, nil]]
0x36a8S0x25c0S0x137c	[0x1852, [0x35da, nil]]
0x36ceS0x25c0S0x137c	[0x1852, [0x35da, nil]]
0x35e8S0x25c0S0x137c	[0x1852, [0x35da, nil]]
0x31850S0x25c0S0x137c	[0x1852, [0x35da, nil]]
0x3602S0x25c0S0x137c	[0x1852, [0x35da, nil]]
0x32250S0x25c0S0x137c	[0x1852, [0x35da, nil]]
0x3658S0x25c0S0x137c	[0x1852, [0x35da, nil]]
0xbe39S0x25c0S0x137c	[0x1852, [0x35da, nil]]
0x366bS0x25c0S0x137c	[0x1852, [0x35da, nil]]
0x367eS0x25c0S0x137c	[0x1852, [0x35da, nil]]
0x33650S0x25c0S0x137c	[0x1852, [0x35da, nil]]
0x36dcS0x25c0S0x137c	[0x1852, [0x35da, nil]]
0xbe61S0x25c0S0x137c	[0x1852, [0x35da, nil]]
0xffed0S0x25c0S0x137c	[0x1852, [0x35da, nil]]
0x100aebS0x25c0S0x137c	[0x1852, [0x35da, nil]]
0x35edS0x25c0S0x137c	[0x1852, [0x35da, nil]]
0x32c50S0x25c0S0x137c	[0x1852, [0x35da, nil]]
0x3612S0x26daS0x137c	[0x1852, [0x35da, nil]]
0x3650S0x26daS0x137c	[0x1852, [0x35da, nil]]
0x361eS0x26daS0x137c	[0x1852, [0x35da, nil]]
0x3625S0x26daS0x137c	[0x1852, [0x35da, nil]]
0x362cS0x26daS0x137c	[0x1852, [0x35da, nil]]
0x3649S0x26daS0x137c	[0x1852, [0x35da, nil]]
0x368eS0x26daS0x137c	[0x1852, [0x35da, nil]]
0x36d5S0x26daS0x137c	[0x1852, [0x35da, nil]]
0x369aS0x26daS0x137c	[0x1852, [0x35da, nil]]
0x36a1S0x26daS0x137c	[0x1852, [0x35da, nil]]
0x36a8S0x26daS0x137c	[0x1852, [0x35da, nil]]
0x36ceS0x26daS0x137c	[0x1852, [0x35da, nil]]
0x35e8S0x26daS0x137c	[0x1852, [0x35da, nil]]
0x31850S0x26daS0x137c	[0x1852, [0x35da, nil]]
0x3602S0x26daS0x137c	[0x1852, [0x35da, nil]]
0x32250S0x26daS0x137c	[0x1852, [0x35da, nil]]
0x3658S0x26daS0x137c	[0x1852, [0x35da, nil]]
0xbe39S0x26daS0x137c	[0x1852, [0x35da, nil]]
0x366bS0x26daS0x137c	[0x1852, [0x35da, nil]]
0x367eS0x26daS0x137c	[0x1852, [0x35da, nil]]
0x33650S0x26daS0x137c	[0x1852, [0x35da, nil]]
0x36dcS0x26daS0x137c	[0x1852, [0x35da, nil]]
0xbe61S0x26daS0x137c	[0x1852, [0x35da, nil]]
0xffed0S0x26daS0x137c	[0x1852, [0x35da, nil]]
0x100aebS0x26daS0x137c	[0x1852, [0x35da, nil]]
0x35edS0x26daS0x137c	[0x1852, [0x35da, nil]]
0x32c50S0x26daS0x137c	[0x1852, [0x35da, nil]]
0x3612S0x2c4aB0x232fS0x137c	[0x1852, [0x35da, nil]]
0x3650S0x2c4aB0x232fS0x137c	[0x1852, [0x35da, nil]]
0x361eS0x2c4aB0x232fS0x137c	[0x1852, [0x35da, nil]]
0x3625S0x2c4aB0x232fS0x137c	[0x1852, [0x35da, nil]]
0x362cS0x2c4aB0x232fS0x137c	[0x1852, [0x35da, nil]]
0x3649S0x2c4aB0x232fS0x137c	[0x1852, [0x35da, nil]]
0x368eS0x2c4aB0x232fS0x137c	[0x1852, [0x35da, nil]]
0x36d5S0x2c4aB0x232fS0x137c	[0x1852, [0x35da, nil]]
0x369aS0x2c4aB0x232fS0x137c	[0x1852, [0x35da, nil]]
0x36a1S0x2c4aB0x232fS0x137c	[0x1852, [0x35da, nil]]
0x36a8S0x2c4aB0x232fS0x137c	[0x1852, [0x35da, nil]]
0x36ceS0x2c4aB0x232fS0x137c	[0x1852, [0x35da, nil]]
0x35e8S0x2c4aB0x232fS0x137c	[0x1852, [0x35da, nil]]
0x31850S0x2c4aB0x232fS0x137c	[0x1852, [0x35da, nil]]
0x3602S0x2c4aB0x232fS0x137c	[0x1852, [0x35da, nil]]
0x32250S0x2c4aB0x232fS0x137c	[0x1852, [0x35da, nil]]
0x3658S0x2c4aB0x232fS0x137c	[0x1852, [0x35da, nil]]
0xbe39S0x2c4aB0x232fS0x137c	[0x1852, [0x35da, nil]]
0x366bS0x2c4aB0x232fS0x137c	[0x1852, [0x35da, nil]]
0x367eS0x2c4aB0x232fS0x137c	[0x1852, [0x35da, nil]]
0x33650S0x2c4aB0x232fS0x137c	[0x1852, [0x35da, nil]]
0x36dcS0x2c4aB0x232fS0x137c	[0x1852, [0x35da, nil]]
0xbe61S0x2c4aB0x232fS0x137c	[0x1852, [0x35da, nil]]
0xffed0S0x2c4aB0x232fS0x137c	[0x1852, [0x35da, nil]]
0x100aebS0x2c4aB0x232fS0x137c	[0x1852, [0x35da, nil]]
0x35edS0x2c4aB0x232fS0x137c	[0x1852, [0x35da, nil]]
0x32c50S0x2c4aB0x232fS0x137c	[0x1852, [0x35da, nil]]
0x3612S0x320eB0x232fS0x137c	[0x1852, [0x35da, nil]]
0x3650S0x320eB0x232fS0x137c	[0x1852, [0x35da, nil]]
0x361eS0x320eB0x232fS0x137c	[0x1852, [0x35da, nil]]
0x3625S0x320eB0x232fS0x137c	[0x1852, [0x35da, nil]]
0x362cS0x320eB0x232fS0x137c	[0x1852, [0x35da, nil]]
0x3649S0x320eB0x232fS0x137c	[0x1852, [0x35da, nil]]
0x368eS0x320eB0x232fS0x137c	[0x1852, [0x35da, nil]]
0x36d5S0x320eB0x232fS0x137c	[0x1852, [0x35da, nil]]
0x369aS0x320eB0x232fS0x137c	[0x1852, [0x35da, nil]]
0x36a1S0x320eB0x232fS0x137c	[0x1852, [0x35da, nil]]
0x36a8S0x320eB0x232fS0x137c	[0x1852, [0x35da, nil]]
0x36ceS0x320eB0x232fS0x137c	[0x1852, [0x35da, nil]]
0x35e8S0x320eB0x232fS0x137c	[0x1852, [0x35da, nil]]
0x31850S0x320eB0x232fS0x137c	[0x1852, [0x35da, nil]]
0x3602S0x320eB0x232fS0x137c	[0x1852, [0x35da, nil]]
0x32250S0x320eB0x232fS0x137c	[0x1852, [0x35da, nil]]
0x3658S0x320eB0x232fS0x137c	[0x1852, [0x35da, nil]]
0xbe39S0x320eB0x232fS0x137c	[0x1852, [0x35da, nil]]
0x366bS0x320eB0x232fS0x137c	[0x1852, [0x35da, nil]]
0x367eS0x320eB0x232fS0x137c	[0x1852, [0x35da, nil]]
0x33650S0x320eB0x232fS0x137c	[0x1852, [0x35da, nil]]
0x36dcS0x320eB0x232fS0x137c	[0x1852, [0x35da, nil]]
0xbe61S0x320eB0x232fS0x137c	[0x1852, [0x35da, nil]]
0xffed0S0x320eB0x232fS0x137c	[0x1852, [0x35da, nil]]
0x100aebS0x320eB0x232fS0x137c	[0x1852, [0x35da, nil]]
0x35edS0x320eB0x232fS0x137c	[0x1852, [0x35da, nil]]
0x32c50S0x320eB0x232fS0x137c	[0x1852, [0x35da, nil]]
0x1ec6S0x15c7	[0x1da7, nil]
0x1e94S0x15c7	[0x1da7, nil]
0x1e9bS0x15c7	[0x1da7, nil]
0x1ea2S0x15c7	[0x1da7, nil]
0x1ebfS0x15c7	[0x1da7, nil]
0x1f4eS0x15c7	[0x1da7, nil]
0x1f01S0x15c7	[0x1da7, nil]
0x1f08S0x15c7	[0x1da7, nil]
0x1f0fS0x15c7	[0x1da7, nil]
0x1f35S0x15c7	[0x1da7, nil]
0x1f47S0x15c7	[0x1da7, nil]
0x1db2S0x15c7	[0x1da7, nil]
0x1dfbS0x15c7	[0x1da7, nil]
0x1e21S0x15c7	[0x1da7, nil]
0x1e07S0x15c7	[0x1da7, nil]
0x1e0bS0x15c7	[0x1da7, nil]
0x5568S0x15c7	[0x1da7, nil]
0x5530S0x15c7	[0x1da7, nil]
0x5548S0x15c7	[0x1da7, nil]
0x554eS0x15c7	[0x1da7, nil]
0x5554S0x15c7	[0x1da7, nil]
0x1e6aS0x15c7	[0x1da7, nil]
0x1e54S0x15c7	[0x1da7, nil]
0x1e48S0x15c7	[0x1da7, nil]
0x1e4eS0x15c7	[0x1da7, nil]
0x1e88S0x15c7	[0x1da7, nil]
0x1e79S0x15c7	[0x1da7, nil]
0x1ef0S0x15c7	[0x1da7, nil]
0xba6fS0x15c7	[0x1da7, nil]
0x1ef5S0x15c7	[0x1da7, nil]
0x1f59S0x15c7	[0x1da7, nil]
0xba97S0x15c7	[0x1da7, nil]
0x5585S0x15c7	[0x1da7, nil]
0x5574S0x15c7	[0x1da7, nil]
0x557aS0x15c7	[0x1da7, nil]
0x28c50S0x1da7S0x15c7	[0x1da7, [0x2a05, nil]]
0x2a14S0x1da7S0x15c7	[0x1da7, [0x2a05, nil]]
0x2a19S0x1da7S0x15c7	[0x1da7, [0x2a05, nil]]
0x2a25S0x1da7S0x15c7	[0x1da7, [0x2a05, nil]]
0x4991S0x552dS0x15c7	[0x1da7, [0x496e, nil]]
0x4990S0x552dS0x15c7	[0x1da7, [0x496e, nil]]
0x4979S0x552dS0x15c7	[0x1da7, [0x496e, nil]]
0x3b850S0x552dS0x15c7	[0x1da7, [0x496e, nil]]
0x4988S0x552dS0x15c7	[0x1da7, [0x496e, nil]]
0x4981S0x552dS0x15c7	[0x1da7, [0x496e, nil]]
0xbdbS0x1ec7S0x15c7	[0x1da7, [0xbb1, nil]]
0xbb6S0x1ec7S0x15c7	[0x1da7, [0xbb1, nil]]
0xbbdS0x1ec7S0x15c7	[0x1da7, [0xbb1, nil]]
0xbd0S0x1ec7S0x15c7	[0x1da7, [0xbb1, nil]]
0xbd3S0x1ec7S0x15c7	[0x1da7, [0xbb1, nil]]
0x5597S0x1e55S0x15c7	[0x1da7, [0x5586, nil]]
0x5593S0x1e55S0x15c7	[0x1da7, [0x5586, nil]]
0x55a2S0x1e55S0x15c7	[0x1da7, [0x5586, nil]]
0x49dfS0x5598S0x1e55S0x15c7	[0x1da7, [0x5586, [0x49d1, nil]]]
0x49dbS0x5598S0x1e55S0x15c7	[0x1da7, [0x5586, [0x49d1, nil]]]
0x2a6aS0x1e6bS0x15c7	[0x1da7, [0x2a5a, nil]]
0x2a77S0x1e6bS0x15c7	[0x1da7, [0x2a5a, nil]]
0x29650S0x1e6bS0x15c7	[0x1da7, [0x2a5a, nil]]
0x39f4S0x2a5aS0x1e6bS0x15c7	[0x1da7, [0x2a5a, [0x396a, nil]]]
0x39f0S0x2a5aS0x1e6bS0x15c7	[0x1da7, [0x2a5a, [0x396a, nil]]]
0x3a1dS0x2a5aS0x1e6bS0x15c7	[0x1da7, [0x2a5a, [0x396a, nil]]]
0x3995S0x2a5aS0x1e6bS0x15c7	[0x1da7, [0x2a5a, [0x396a, nil]]]
0x39ebS0x2a5aS0x1e6bS0x15c7	[0x1da7, [0x2a5a, [0x396a, nil]]]
0x39aaS0x2a5aS0x1e6bS0x15c7	[0x1da7, [0x2a5a, [0x396a, nil]]]
0x39b1S0x2a5aS0x1e6bS0x15c7	[0x1da7, [0x2a5a, [0x396a, nil]]]
0x39b4S0x2a5aS0x1e6bS0x15c7	[0x1da7, [0x2a5a, [0x396a, nil]]]
0x39bfS0x2a5aS0x1e6bS0x15c7	[0x1da7, [0x2a5a, [0x396a, nil]]]
0x39c6S0x2a5aS0x1e6bS0x15c7	[0x1da7, [0x2a5a, [0x396a, nil]]]
0x39cdS0x2a5aS0x1e6bS0x15c7	[0x1da7, [0x2a5a, [0x396a, nil]]]
0x3a10S0x2a5aS0x1e6bS0x15c7	[0x1da7, [0x2a5a, [0x396a, nil]]]
0x36850S0x2a5aS0x1e6bS0x15c7	[0x1da7, [0x2a5a, [0x396a, nil]]]
0x39a0S0x2a5aS0x1e6bS0x15c7	[0x1da7, [0x2a5a, [0x396a, nil]]]
0x3a41S0x2a6bS0x1e6bS0x15c7	[0x1da7, [0x2a5a, [0x3a2e, nil]]]
0x3a5dS0x2a6bS0x1e6bS0x15c7	[0x1da7, [0x2a5a, [0x3a2e, nil]]]
0x3aaaS0x2a6bS0x1e6bS0x15c7	[0x1da7, [0x2a5a, [0x3a2e, nil]]]
0x3a6fS0x2a6bS0x1e6bS0x15c7	[0x1da7, [0x2a5a, [0x3a2e, nil]]]
0x3a76S0x2a6bS0x1e6bS0x15c7	[0x1da7, [0x2a5a, [0x3a2e, nil]]]
0x3a7dS0x2a6bS0x1e6bS0x15c7	[0x1da7, [0x2a5a, [0x3a2e, nil]]]
0x3aa3S0x2a6bS0x1e6bS0x15c7	[0x1da7, [0x2a5a, [0x3a2e, nil]]]
0x3abeS0x2a6bS0x1e6bS0x15c7	[0x1da7, [0x2a5a, [0x3a2e, nil]]]
0x3b0bS0x2a6bS0x1e6bS0x15c7	[0x1da7, [0x2a5a, [0x3a2e, nil]]]
0x3ad0S0x2a6bS0x1e6bS0x15c7	[0x1da7, [0x2a5a, [0x3a2e, nil]]]
0x3ad7S0x2a6bS0x1e6bS0x15c7	[0x1da7, [0x2a5a, [0x3a2e, nil]]]
0x3adeS0x2a6bS0x1e6bS0x15c7	[0x1da7, [0x2a5a, [0x3a2e, nil]]]
0x3b04S0x2a6bS0x1e6bS0x15c7	[0x1da7, [0x2a5a, [0x3a2e, nil]]]
0x3b1fS0x2a6bS0x1e6bS0x15c7	[0x1da7, [0x2a5a, [0x3a2e, nil]]]
0x3b77S0x2a6bS0x1e6bS0x15c7	[0x1da7, [0x2a5a, [0x3a2e, nil]]]
0x3b31S0x2a6bS0x1e6bS0x15c7	[0x1da7, [0x2a5a, [0x3a2e, nil]]]
0x3b38S0x2a6bS0x1e6bS0x15c7	[0x1da7, [0x2a5a, [0x3a2e, nil]]]
0x3b3fS0x2a6bS0x1e6bS0x15c7	[0x1da7, [0x2a5a, [0x3a2e, nil]]]
0x3b65S0x2a6bS0x1e6bS0x15c7	[0x1da7, [0x2a5a, [0x3a2e, nil]]]
0x3b70S0x2a6bS0x1e6bS0x15c7	[0x1da7, [0x2a5a, [0x3a2e, nil]]]
0x3a3aS0x2a6bS0x1e6bS0x15c7	[0x1da7, [0x2a5a, [0x3a2e, nil]]]
0x3a47S0x2a6bS0x1e6bS0x15c7	[0x1da7, [0x2a5a, [0x3a2e, nil]]]
0xbe96S0x2a6bS0x1e6bS0x15c7	[0x1da7, [0x2a5a, [0x3a2e, nil]]]
0xbe8cS0x2a6bS0x1e6bS0x15c7	[0x1da7, [0x2a5a, [0x3a2e, nil]]]
0xbe91S0x2a6bS0x1e6bS0x15c7	[0x1da7, [0x2a5a, [0x3a2e, nil]]]
0x3a56S0x2a6bS0x1e6bS0x15c7	[0x1da7, [0x2a5a, [0x3a2e, nil]]]
0x3a63S0x2a6bS0x1e6bS0x15c7	[0x1da7, [0x2a5a, [0x3a2e, nil]]]
0xbecbS0x2a6bS0x1e6bS0x15c7	[0x1da7, [0x2a5a, [0x3a2e, nil]]]
0xbec1S0x2a6bS0x1e6bS0x15c7	[0x1da7, [0x2a5a, [0x3a2e, nil]]]
0xbec6S0x2a6bS0x1e6bS0x15c7	[0x1da7, [0x2a5a, [0x3a2e, nil]]]
0x3ab7S0x2a6bS0x1e6bS0x15c7	[0x1da7, [0x2a5a, [0x3a2e, nil]]]
0xbef3S0x2a6bS0x1e6bS0x15c7	[0x1da7, [0x2a5a, [0x3a2e, nil]]]
0x3ac4S0x2a6bS0x1e6bS0x15c7	[0x1da7, [0x2a5a, [0x3a2e, nil]]]
0xbf28S0x2a6bS0x1e6bS0x15c7	[0x1da7, [0x2a5a, [0x3a2e, nil]]]
0xbf1eS0x2a6bS0x1e6bS0x15c7	[0x1da7, [0x2a5a, [0x3a2e, nil]]]
0xbf23S0x2a6bS0x1e6bS0x15c7	[0x1da7, [0x2a5a, [0x3a2e, nil]]]
0x3b18S0x2a6bS0x1e6bS0x15c7	[0x1da7, [0x2a5a, [0x3a2e, nil]]]
0xbf50S0x2a6bS0x1e6bS0x15c7	[0x1da7, [0x2a5a, [0x3a2e, nil]]]
0x3b25S0x2a6bS0x1e6bS0x15c7	[0x1da7, [0x2a5a, [0x3a2e, nil]]]
0xbf85S0x2a6bS0x1e6bS0x15c7	[0x1da7, [0x2a5a, [0x3a2e, nil]]]
0xbf7bS0x2a6bS0x1e6bS0x15c7	[0x1da7, [0x2a5a, [0x3a2e, nil]]]
0xbf80S0x2a6bS0x1e6bS0x15c7	[0x1da7, [0x2a5a, [0x3a2e, nil]]]
0xbfadS0x2a6bS0x1e6bS0x15c7	[0x1da7, [0x2a5a, [0x3a2e, nil]]]
0x100a4fS0x1da7S0x15c7	[0x1da7, [0x2a05, nil]]
0x100739S0x1e55S0x15c7	[0x1da7, [0x5586, nil]]
0x100340S0x5598S0x1e55S0x15c7	[0x1da7, [0x5586, [0x49d1, nil]]]
0x100a76S0x1e6bS0x15c7	[0x1da7, [0x2a5a, nil]]
0xfffb8S0x2a5aS0x1e6bS0x15c7	[0x1da7, [0x2a5a, [0x396a, nil]]]
0xfffe0S0x2a5aS0x1e6bS0x15c7	[0x1da7, [0x2a5a, [0x396a, nil]]]
0x100b13S0x2a5aS0x1e6bS0x15c7	[0x1da7, [0x2a5a, [0x396a, nil]]]
0x100002S0x2a6bS0x1e6bS0x15c7	[0x1da7, [0x2a5a, [0x3a2e, nil]]]
0x3a49S0x2a6bS0x1e6bS0x15c7	[0x1da7, [0x2a5a, [0x3a2e, nil]]]
0x2a39S0x1dfcS0x15c7	[0x1da7, [0x2a2d, nil]]
0xffcd6S0x1dfcS0x15c7	[0x1da7, [0x2a2d, nil]]
0x2a59S0x1dfcS0x15c7	[0x1da7, [0x2a2d, nil]]
0x2a46S0x1dfcS0x15c7	[0x1da7, [0x2a2d, nil]]
0x2a4eS0x1dfcS0x15c7	[0x1da7, [0x2a2d, nil]]
0x2a53S0x1dfcS0x15c7	[0x1da7, [0x2a2d, nil]]
0x386eS0x2a2dS0x1dfcS0x15c7	[0x1da7, [0x2a2d, [0x383a, nil]]]
0x3898S0x2a2dS0x1dfcS0x15c7	[0x1da7, [0x2a2d, [0x383a, nil]]]
0x3964S0x2a2dS0x1dfcS0x15c7	[0x1da7, [0x2a2d, [0x383a, nil]]]
0x38eaS0x2a2dS0x1dfcS0x15c7	[0x1da7, [0x2a2d, [0x383a, nil]]]
0x3912S0x2a2dS0x1dfcS0x15c7	[0x1da7, [0x2a2d, [0x383a, nil]]]
0x3938S0x2a2dS0x1dfcS0x15c7	[0x1da7, [0x2a2d, [0x383a, nil]]]
0x393eS0x2a2dS0x1dfcS0x15c7	[0x1da7, [0x2a2d, [0x383a, nil]]]
0x3944S0x2a2dS0x1dfcS0x15c7	[0x1da7, [0x2a2d, [0x383a, nil]]]
0x3955S0x2a2dS0x1dfcS0x15c7	[0x1da7, [0x2a2d, [0x383a, nil]]]
0x3959S0x2a2dS0x1dfcS0x15c7	[0x1da7, [0x2a2d, [0x383a, nil]]]
0x35e50S0x2a2dS0x1dfcS0x15c7	[0x1da7, [0x2a2d, [0x383a, nil]]]
0x38bcS0x2a2dS0x1dfcS0x15c7	[0x1da7, [0x2a2d, [0x383a, nil]]]
0x3969S0x2a2dS0x1dfcS0x15c7	[0x1da7, [0x2a2d, [0x383a, nil]]]
0x1898S0x15e2	[0x1852, nil]
0x18aeS0x15e2	[0x1852, nil]
0x18efS0x15e2	[0x1852, nil]
0x190bS0x15e2	[0x1852, nil]
0x1946S0x15e2	[0x1852, nil]
0x1973S0x15e2	[0x1852, nil]
0x1987S0x15e2	[0x1852, nil]
0x19d7S0x15e2	[0x1852, nil]
0x19cbS0x15e2	[0x1852, nil]
0x19efS0x15e2	[0x1852, nil]
0x1a04S0x15e2	[0x1852, nil]
0x1a51S0x15e2	[0x1852, nil]
0x1a15S0x15e2	[0x1852, nil]
0x1a26S0x15e2	[0x1852, nil]
0x1a5aS0x15e2	[0x1852, nil]
0x1a56S0x15e2	[0x1852, nil]
0x1aa8S0x15e2	[0x1852, nil]
0x1b52S0x15e2	[0x1852, nil]
0x1b4eS0x15e2	[0x1852, nil]
0x1bc6S0x15e2	[0x1852, nil]
0x1bdaS0x15e2	[0x1852, nil]
0x1bd6S0x15e2	[0x1852, nil]
0x1bf0S0x15e2	[0x1852, nil]
0x2379S0x15e2	[0x1852, nil]
0x24bbS0x15e2	[0x1852, nil]
0x24b7S0x15e2	[0x1852, nil]
0x251cS0x15e2	[0x1852, nil]
0x255fS0x15e2	[0x1852, nil]
0x2528S0x15e2	[0x1852, nil]
0x252fS0x15e2	[0x1852, nil]
0x2536S0x15e2	[0x1852, nil]
0x2558S0x15e2	[0x1852, nil]
0x26c8S0x15e2	[0x1852, nil]
0x27f4S0x15e2	[0x1852, nil]
0x27f0S0x15e2	[0x1852, nil]
0x2856S0x15e2	[0x1852, nil]
0x2899S0x15e2	[0x1852, nil]
0x2862S0x15e2	[0x1852, nil]
0x2869S0x15e2	[0x1852, nil]
0x2870S0x15e2	[0x1852, nil]
0x2892S0x15e2	[0x1852, nil]
0x4a8bS0x15e2	[0x1852, nil]
0x5738S0x15e2	[0x1852, nil]
0x185fS0x15e2	[0x1852, nil]
0x20a50S0x15e2	[0x1852, nil]
0x186aS0x15e2	[0x1852, nil]
0x186fS0x15e2	[0x1852, nil]
0x1876S0x15e2	[0x1852, nil]
0x187dS0x15e2	[0x1852, nil]
0xff9feS0x15e2	[0x1852, nil]
0x196cS0x15e2	[0x1852, nil]
0x18a7S0x15e2	[0x1852, nil]
0x18c0S0x15e2	[0x1852, nil]
0xb80dS0x15e2	[0x1852, nil]
0xb803S0x15e2	[0x1852, nil]
0xb808S0x15e2	[0x1852, nil]
0x18ceS0x15e2	[0x1852, nil]
0x18e9S0x15e2	[0x1852, nil]
0x18fcS0x15e2	[0x1852, nil]
0x193fS0x15e2	[0x1852, nil]
0x1904S0x15e2	[0x1852, nil]
0x191dS0x15e2	[0x1852, nil]
0xb842S0x15e2	[0x1852, nil]
0xb838S0x15e2	[0x1852, nil]
0xb83dS0x15e2	[0x1852, nil]
0x192bS0x15e2	[0x1852, nil]
0x21e50S0x15e2	[0x1852, nil]
0x1954S0x15e2	[0x1852, nil]
0xb877S0x15e2	[0x1852, nil]
0xb86dS0x15e2	[0x1852, nil]
0xb872S0x15e2	[0x1852, nil]
0x235bS0x15e2	[0x1852, nil]
0x233aS0x15e2	[0x1852, nil]
0x233fS0x15e2	[0x1852, nil]
0x2346S0x15e2	[0x1852, nil]
0x234cS0x15e2	[0x1852, nil]
0x1980S0x15e2	[0x1852, nil]
0xb8acS0x15e2	[0x1852, nil]
0xb8a2S0x15e2	[0x1852, nil]
0xb8a7S0x15e2	[0x1852, nil]
0x1999S0x15e2	[0x1852, nil]
0xb8e1S0x15e2	[0x1852, nil]
0xb8d7S0x15e2	[0x1852, nil]
0xb8dcS0x15e2	[0x1852, nil]
0x19aaS0x15e2	[0x1852, nil]
0x19bfS0x15e2	[0x1852, nil]
0x19b6S0x15e2	[0x1852, nil]
0x19baS0x15e2	[0x1852, nil]
0x534eS0x15e2	[0x1852, nil]
0x5328S0x15e2	[0x1852, nil]
0x5321S0x15e2	[0x1852, nil]
0x5347S0x15e2	[0x1852, nil]
0x19e8S0x15e2	[0x1852, nil]
0xffa26S0x15e2	[0x1852, nil]
0x19f5S0x15e2	[0x1852, nil]
0xb916S0x15e2	[0x1852, nil]
0xb90cS0x15e2	[0x1852, nil]
0xb911S0x15e2	[0x1852, nil]
0xffa53S0x15e2	[0x1852, nil]
0x1a7eS0x15e2	[0x1852, nil]
0x1a71S0x15e2	[0x1852, nil]
0x1a96S0x15e2	[0x1852, nil]
0x1ad7S0x15e2	[0x1852, nil]
0x22850S0x15e2	[0x1852, nil]
0x1ab3S0x15e2	[0x1852, nil]
0xb94bS0x15e2	[0x1852, nil]
0xb941S0x15e2	[0x1852, nil]
0xb946S0x15e2	[0x1852, nil]
0x1b49S0x15e2	[0x1852, nil]
0x1ae5S0x15e2	[0x1852, nil]
0x1ae8S0x15e2	[0x1852, nil]
0x1b0bS0x15e2	[0x1852, nil]
0x1b1bS0x15e2	[0x1852, nil]
0x1b76S0x15e2	[0x1852, nil]
0x1b69S0x15e2	[0x1852, nil]
0x1bacS0x15e2	[0x1852, nil]
0x1b84S0x15e2	[0x1852, nil]
0x1bc2S0x15e2	[0x1852, nil]
0x54a3S0x15e2	[0x1852, nil]
0x5495S0x15e2	[0x1852, nil]
0x1bd1S0x15e2	[0x1852, nil]
0x1be9S0x15e2	[0x1852, nil]
0x1c17S0x15e2	[0x1852, nil]
0x1c00S0x15e2	[0x1852, nil]
0x1c06S0x15e2	[0x1852, nil]
0xb980S0x15e2	[0x1852, nil]
0xb976S0x15e2	[0x1852, nil]
0xb97bS0x15e2	[0x1852, nil]
0x1c20S0x15e2	[0x1852, nil]
0xffa80S0x15e2	[0x1852, nil]
0x1c30S0x15e2	[0x1852, nil]
0x1889S0x15e2	[0x1852, nil]
0x2372S0x15e2	[0x1852, nil]
0x237fS0x15e2	[0x1852, nil]
0xbcb7S0x15e2	[0x1852, nil]
0xbcadS0x15e2	[0x1852, nil]
0xbcb2S0x15e2	[0x1852, nil]
0xffc15S0x15e2	[0x1852, nil]
0x2599S0x15e2	[0x1852, nil]
0x2579S0x15e2	[0x1852, nil]
0x2589S0x15e2	[0x1852, nil]
0x258dS0x15e2	[0x1852, nil]
0x23f0S0x15e2	[0x1852, nil]
0x2403S0x15e2	[0x1852, nil]
0x240aS0x15e2	[0x1852, nil]
0x2412S0x15e2	[0x1852, nil]
0x2448S0x15e2	[0x1852, nil]
0x2430S0x15e2	[0x1852, nil]
0x249cS0x15e2	[0x1852, nil]
0x248aS0x15e2	[0x1852, nil]
0x24b2S0x15e2	[0x1852, nil]
0x24dfS0x15e2	[0x1852, nil]
0x24d2S0x15e2	[0x1852, nil]
0x250aS0x15e2	[0x1852, nil]
0x24e3S0x15e2	[0x1852, nil]
0x24f8S0x15e2	[0x1852, nil]
0x2503S0x15e2	[0x1852, nil]
0xffc3bS0x15e2	[0x1852, nil]
0x26e50S0x15e2	[0x1852, nil]
0xbcdfS0x15e2	[0x1852, nil]
0x26b3S0x15e2	[0x1852, nil]
0x2693S0x15e2	[0x1852, nil]
0x26a3S0x15e2	[0x1852, nil]
0x26a7S0x15e2	[0x1852, nil]
0x25d9S0x15e2	[0x1852, nil]
0x25ecS0x15e2	[0x1852, nil]
0x25f3S0x15e2	[0x1852, nil]
0x25fbS0x15e2	[0x1852, nil]
0x2631S0x15e2	[0x1852, nil]
0x2619S0x15e2	[0x1852, nil]
0x2685S0x15e2	[0x1852, nil]
0x2673S0x15e2	[0x1852, nil]
0x27850S0x15e2	[0x1852, nil]
0x5734S0x15e2	[0x1852, nil]
0x26f4S0x15e2	[0x1852, nil]
0x2708S0x15e2	[0x1852, nil]
0x270fS0x15e2	[0x1852, nil]
0x2717S0x15e2	[0x1852, nil]
0x274dS0x15e2	[0x1852, nil]
0x2735S0x15e2	[0x1852, nil]
0x27ebS0x15e2	[0x1852, nil]
0x2781S0x15e2	[0x1852, nil]
0x2791S0x15e2	[0x1852, nil]
0x2799S0x15e2	[0x1852, nil]
0x27a1S0x15e2	[0x1852, nil]
0x27a9S0x15e2	[0x1852, nil]
0x27b1S0x15e2	[0x1852, nil]
0x27bbS0x15e2	[0x1852, nil]
0x27c1S0x15e2	[0x1852, nil]
0x27c8S0x15e2	[0x1852, nil]
0x2818S0x15e2	[0x1852, nil]
0x280bS0x15e2	[0x1852, nil]
0x2844S0x15e2	[0x1852, nil]
0x281cS0x15e2	[0x1852, nil]
0x2831S0x15e2	[0x1852, nil]
0x283dS0x15e2	[0x1852, nil]
0xffc8cS0x15e2	[0x1852, nil]
0xbd07S0x15e2	[0x1852, nil]
0x1003d5S0x15e2	[0x1852, nil]
0x1003d3S0x15e2	[0x1852, nil]
0xc157S0x15e2	[0x1852, nil]
0xc14dS0x15e2	[0x1852, nil]
0xc152S0x15e2	[0x1852, nil]
0x54d5S0x15e2	[0x1852, nil]
0x54b4S0x15e2	[0x1852, nil]
0x54c5S0x15e2	[0x1852, nil]
0x54d1S0x15e2	[0x1852, nil]
0x5740S0x15e2	[0x1852, nil]
0x5749S0x15e2	[0x1852, nil]
0x4a84S0x15e2	[0x1852, nil]
0x5761S0x15e2	[0x1852, nil]
0x574cS0x15e2	[0x1852, nil]
0x5756S0x15e2	[0x1852, nil]
0x5772S0x15e2	[0x1852, nil]
0x5767S0x15e2	[0x1852, nil]
0x5783S0x15e2	[0x1852, nil]
0x5778S0x15e2	[0x1852, nil]
0x579eS0x15e2	[0x1852, nil]
0x5789S0x15e2	[0x1852, nil]
0x5793S0x15e2	[0x1852, nil]
0x57afS0x15e2	[0x1852, nil]
0x57a4S0x15e2	[0x1852, nil]
0x57c2S0x15e2	[0x1852, nil]
0x57b5S0x15e2	[0x1852, nil]
0x57cdS0x15e2	[0x1852, nil]
0x57c7S0x15e2	[0x1852, nil]
0x1009d7S0x15e2	[0x1852, nil]
0x100a02S0x15e2	[0x1852, nil]
0x1010dbS0x15e2	[0x1852, nil]
0x101106S0x15e2	[0x1852, nil]
0x101342S0x15e2	[0x1852, nil]
0x21450S0x15e2	[0x1852, nil]
0x1aa1S0x15e2	[0x1852, nil]
0x23b0S0x15e2	[0x1852, nil]
0x238dS0x15e2	[0x1852, nil]
0x23a0S0x15e2	[0x1852, nil]
0x23a4S0x15e2	[0x1852, nil]
0x1c84S0x1852S0x15e2	[0x1852, [0x1c3f, nil]]
0x1c56S0x1852S0x15e2	[0x1852, [0x1c3f, nil]]
0x1c5dS0x1852S0x15e2	[0x1852, [0x1c3f, nil]]
0x1c64S0x1852S0x15e2	[0x1852, [0x1c3f, nil]]
0x1c7dS0x1852S0x15e2	[0x1852, [0x1c3f, nil]]
0x1c4aS0x1852S0x15e2	[0x1852, [0x1c3f, nil]]
0xb9a8S0x1852S0x15e2	[0x1852, [0x1c3f, nil]]
0x52aaS0x18afS0x15e2	[0x1852, [0x5294, nil]]
0x52c4S0x18afS0x15e2	[0x1852, [0x5294, nil]]
0x52d9S0x18afS0x15e2	[0x1852, [0x5294, nil]]
0x52a6S0x18afS0x15e2	[0x1852, [0x5294, nil]]
0x52c0S0x18afS0x15e2	[0x1852, [0x5294, nil]]
0x52d5S0x18afS0x15e2	[0x1852, [0x5294, nil]]
0x52e9S0x18c1S0x15e2	[0x1852, [0x52da, nil]]
0x52deS0x18c1S0x15e2	[0x1852, [0x52da, nil]]
0x52e5S0x18c1S0x15e2	[0x1852, [0x52da, nil]]
0x530fS0x18f0S0x15e2	[0x1852, [0x52fd, nil]]
0x5308S0x18f0S0x15e2	[0x1852, [0x52fd, nil]]
0xc2ffS0x18f0S0x15e2	[0x1852, [0x52fd, nil]]
0xc2f5S0x18f0S0x15e2	[0x1852, [0x52fd, nil]]
0xc2faS0x18f0S0x15e2	[0x1852, [0x52fd, nil]]
0x52aaS0x190cS0x15e2	[0x1852, [0x5294, nil]]
0x52c4S0x190cS0x15e2	[0x1852, [0x5294, nil]]
0x52d9S0x190cS0x15e2	[0x1852, [0x5294, nil]]
0x52a6S0x190cS0x15e2	[0x1852, [0x5294, nil]]
0x52c0S0x190cS0x15e2	[0x1852, [0x5294, nil]]
0x52d5S0x190cS0x15e2	[0x1852, [0x5294, nil]]
0x52e9S0x191eS0x15e2	[0x1852, [0x52da, nil]]
0x52deS0x191eS0x15e2	[0x1852, [0x52da, nil]]
0x52e5S0x191eS0x15e2	[0x1852, [0x52da, nil]]
0x52aaS0x1988S0x15e2	[0x1852, [0x5294, nil]]
0x52c4S0x1988S0x15e2	[0x1852, [0x5294, nil]]
0x52d9S0x1988S0x15e2	[0x1852, [0x5294, nil]]
0x52a6S0x1988S0x15e2	[0x1852, [0x5294, nil]]
0x52c0S0x1988S0x15e2	[0x1852, [0x5294, nil]]
0x52d5S0x1988S0x15e2	[0x1852, [0x5294, nil]]
0x570cS0x2449S0x15e2	[0x1852, [0x56cd, nil]]
0x56daS0x2449S0x15e2	[0x1852, [0x56cd, nil]]
0x56e2S0x2449S0x15e2	[0x1852, [0x56cd, nil]]
0x56eaS0x2449S0x15e2	[0x1852, [0x56cd, nil]]
0x56f2S0x2449S0x15e2	[0x1852, [0x56cd, nil]]
0x56f7S0x2449S0x15e2	[0x1852, [0x56cd, nil]]
0x56ffS0x2449S0x15e2	[0x1852, [0x56cd, nil]]
0x5707S0x2449S0x15e2	[0x1852, [0x56cd, nil]]
0x571eS0x24bcS0x15e2	[0x1852, [0x570d, nil]]
0x571aS0x24bcS0x15e2	[0x1852, [0x570d, nil]]
0x5725S0x24bcS0x15e2	[0x1852, [0x570d, nil]]
0x570cS0x2632S0x15e2	[0x1852, [0x56cd, nil]]
0x56daS0x2632S0x15e2	[0x1852, [0x56cd, nil]]
0x56e2S0x2632S0x15e2	[0x1852, [0x56cd, nil]]
0x56eaS0x2632S0x15e2	[0x1852, [0x56cd, nil]]
0x56f2S0x2632S0x15e2	[0x1852, [0x56cd, nil]]
0x56f7S0x2632S0x15e2	[0x1852, [0x56cd, nil]]
0x56ffS0x2632S0x15e2	[0x1852, [0x56cd, nil]]
0x5707S0x2632S0x15e2	[0x1852, [0x56cd, nil]]
0x571eS0x27f5S0x15e2	[0x1852, [0x570d, nil]]
0x571aS0x27f5S0x15e2	[0x1852, [0x570d, nil]]
0x5725S0x27f5S0x15e2	[0x1852, [0x570d, nil]]
0x4ffbS0x1a5bS0x15e2	[0x1852, [0x4fea, nil]]
0x4ff7S0x1a5bS0x15e2	[0x1852, [0x4fea, nil]]
0x5006S0x1a5bS0x15e2	[0x1852, [0x4fea, nil]]
0x4907S0x4ffcS0x1a5bS0x15e2	[0x1852, [0x4fea, [0x48f3, nil]]]
0x4903S0x4ffcS0x1a5bS0x15e2	[0x1852, [0x4fea, [0x48f3, nil]]]
0x4ffbS0x1b53S0x15e2	[0x1852, [0x4fea, nil]]
0x4ff7S0x1b53S0x15e2	[0x1852, [0x4fea, nil]]
0x5006S0x1b53S0x15e2	[0x1852, [0x4fea, nil]]
0x4907S0x4ffcS0x1b53S0x15e2	[0x1852, [0x4fea, [0x48f3, nil]]]
0x4903S0x4ffcS0x1b53S0x15e2	[0x1852, [0x4fea, [0x48f3, nil]]]
0x49bdS0x5491S0x15e2	[0x1852, [0x4992, nil]]
0x49a9S0x5491S0x15e2	[0x1852, [0x4992, nil]]
0x4999S0x5491S0x15e2	[0x1852, [0x4992, nil]]
0x4991S0x4992S0x5491S0x15e2	[0x1852, [0x4992, [0x496e, nil]]]
0x4990S0x4992S0x5491S0x15e2	[0x1852, [0x4992, [0x496e, nil]]]
0x4979S0x4992S0x5491S0x15e2	[0x1852, [0x4992, [0x496e, nil]]]
0x3b850S0x4992S0x5491S0x15e2	[0x1852, [0x4992, [0x496e, nil]]]
0x4988S0x4992S0x5491S0x15e2	[0x1852, [0x4992, [0x496e, nil]]]
0x4981S0x4992S0x5491S0x15e2	[0x1852, [0x4992, [0x496e, nil]]]
0x50d4S0x1bf1S0x15e2	[0x1852, [0x50bc, nil]]
0x5100S0x1bf1S0x15e2	[0x1852, [0x50bc, nil]]
0x50cdS0x1bf1S0x15e2	[0x1852, [0x50bc, nil]]
0xc295S0x1bf1S0x15e2	[0x1852, [0x50bc, nil]]
0xc28bS0x1bf1S0x15e2	[0x1852, [0x50bc, nil]]
0xc290S0x1bf1S0x15e2	[0x1852, [0x50bc, nil]]
0x50f8S0x1bf1S0x15e2	[0x1852, [0x50bc, nil]]
0x50e8S0x1bf1S0x15e2	[0x1852, [0x50bc, nil]]
0x40850S0x1bf1S0x15e2	[0x1852, [0x50bc, nil]]
0x5123S0x1bf1S0x15e2	[0x1852, [0x50bc, nil]]
0x10060dS0x1bf1S0x15e2	[0x1852, [0x50bc, nil]]
0x100609S0x1bf1S0x15e2	[0x1852, [0x50bc, nil]]
0x5156S0x1bf1S0x15e2	[0x1852, [0x50bc, nil]]
0x5136S0x1bf1S0x15e2	[0x1852, [0x50bc, nil]]
0x517aS0x1bf1S0x15e2	[0x1852, [0x50bc, nil]]
0x5178S0x1bf1S0x15e2	[0x1852, [0x50bc, nil]]
0x100b4aS0x1bf1S0x15e2	[0x1852, [0x50bc, nil]]
0x100b46S0x1bf1S0x15e2	[0x1852, [0x50bc, nil]]
0x3fe50S0x1bf1S0x15e2	[0x1852, [0x50bc, nil]]
0x514cS0x1bf1S0x15e2	[0x1852, [0x50bc, nil]]
0x513cS0x1bf1S0x15e2	[0x1852, [0x50bc, nil]]
0x41250S0x1bf1S0x15e2	[0x1852, [0x50bc, nil]]
0x516aS0x1bf1S0x15e2	[0x1852, [0x50bc, nil]]
0x509aS0x50e3S0x1bf1S0x15e2	[0x1852, [0x50bc, [0x5076, nil]]]
0x5084S0x50e3S0x1bf1S0x15e2	[0x1852, [0x50bc, [0x5076, nil]]]
0x3f450S0x50e3S0x1bf1S0x15e2	[0x1852, [0x50bc, [0x5076, nil]]]
0x50b1S0x50e3S0x1bf1S0x15e2	[0x1852, [0x50bc, [0x5076, nil]]]
0x507fS0x50e3S0x1bf1S0x15e2	[0x1852, [0x50bc, [0x5076, nil]]]
0x3ea50S0x50e3S0x1bf1S0x15e2	[0x1852, [0x50bc, [0x5076, nil]]]
0x50bbS0x50e3S0x1bf1S0x15e2	[0x1852, [0x50bc, [0x5076, nil]]]
0x50b4S0x50e3S0x1bf1S0x15e2	[0x1852, [0x50bc, [0x5076, nil]]]
0x4fe9S0x5741S0x15e2	[0x1852, [0x4fdf, nil]]
0x4907S0x4fdfS0x5741S0x15e2	[0x1852, [0x4fdf, [0x48f3, nil]]]
0x4903S0x4fdfS0x5741S0x15e2	[0x1852, [0x4fdf, [0x48f3, nil]]]
0x4fe9S0x574aS0x15e2	[0x1852, [0x4fdf, nil]]
0x4907S0x4fdfS0x574aS0x15e2	[0x1852, [0x4fdf, [0x48f3, nil]]]
0x4903S0x4fdfS0x574aS0x15e2	[0x1852, [0x4fdf, [0x48f3, nil]]]
0x4fe9S0x5762S0x15e2	[0x1852, [0x4fdf, nil]]
0x4907S0x4fdfS0x5762S0x15e2	[0x1852, [0x4fdf, [0x48f3, nil]]]
0x4903S0x4fdfS0x5762S0x15e2	[0x1852, [0x4fdf, [0x48f3, nil]]]
0x4fe9S0x5773S0x15e2	[0x1852, [0x4fdf, nil]]
0x4907S0x4fdfS0x5773S0x15e2	[0x1852, [0x4fdf, [0x48f3, nil]]]
0x4903S0x4fdfS0x5773S0x15e2	[0x1852, [0x4fdf, [0x48f3, nil]]]
0x55f1S0x5784S0x15e2	[0x1852, [0x55e7, nil]]
0x49dfS0x55e7S0x5784S0x15e2	[0x1852, [0x55e7, [0x49d1, nil]]]
0x49dbS0x55e7S0x5784S0x15e2	[0x1852, [0x55e7, [0x49d1, nil]]]
0x55f1S0x579fS0x15e2	[0x1852, [0x55e7, nil]]
0x49dfS0x55e7S0x579fS0x15e2	[0x1852, [0x55e7, [0x49d1, nil]]]
0x49dbS0x55e7S0x579fS0x15e2	[0x1852, [0x55e7, [0x49d1, nil]]]
0x4fe9S0x57b0S0x15e2	[0x1852, [0x4fdf, nil]]
0x4907S0x4fdfS0x57b0S0x15e2	[0x1852, [0x4fdf, [0x48f3, nil]]]
0x4903S0x4fdfS0x57b0S0x15e2	[0x1852, [0x4fdf, [0x48f3, nil]]]
0x49d0S0x19c0S0x15e2	[0x1852, [0x49be, nil]]
0x49c2S0x19c0S0x15e2	[0x1852, [0x49be, nil]]
0x49bdS0x49beS0x19c0S0x15e2	[0x1852, [0x49be, [0x4992, nil]]]
0x49a9S0x49beS0x19c0S0x15e2	[0x1852, [0x49be, [0x4992, nil]]]
0x4999S0x49beS0x19c0S0x15e2	[0x1852, [0x49be, [0x4992, nil]]]
0x4991S0x4992S0x49beS0x19c0S0x15e2	[0x1852, [0x49be, [0x4992, [0x496e, nil]]]]
0x4990S0x4992S0x49beS0x19c0S0x15e2	[0x1852, [0x49be, [0x4992, [0x496e, nil]]]]
0x4979S0x4992S0x49beS0x19c0S0x15e2	[0x1852, [0x49be, [0x4992, [0x496e, nil]]]]
0x3b850S0x4992S0x49beS0x19c0S0x15e2	[0x1852, [0x49be, [0x4992, [0x496e, nil]]]]
0x4988S0x4992S0x49beS0x19c0S0x15e2	[0x1852, [0x49be, [0x4992, [0x496e, nil]]]]
0x4981S0x4992S0x49beS0x19c0S0x15e2	[0x1852, [0x49be, [0x4992, [0x496e, nil]]]]
0x2ae7S0x232fS0x15e2	[0x1852, [0x2a84, nil]]
0x2b77S0x232fS0x15e2	[0x1852, [0x2a84, nil]]
0x2b8bS0x232fS0x15e2	[0x1852, [0x2a84, nil]]
0x2b87S0x232fS0x15e2	[0x1852, [0x2a84, nil]]
0x2c60S0x232fS0x15e2	[0x1852, [0x2a84, nil]]
0x2cdeS0x232fS0x15e2	[0x1852, [0x2a84, nil]]
0x2d3aS0x232fS0x15e2	[0x1852, [0x2a84, nil]]
0x2d36S0x232fS0x15e2	[0x1852, [0x2a84, nil]]
0x2da9S0x232fS0x15e2	[0x1852, [0x2a84, nil]]
0x2da5S0x232fS0x15e2	[0x1852, [0x2a84, nil]]
0x2e13S0x232fS0x15e2	[0x1852, [0x2a84, nil]]
0x2e8eS0x232fS0x15e2	[0x1852, [0x2a84, nil]]
0x2ea2S0x232fS0x15e2	[0x1852, [0x2a84, nil]]
0x2e9eS0x232fS0x15e2	[0x1852, [0x2a84, nil]]
0x2f1dS0x232fS0x15e2	[0x1852, [0x2a84, nil]]
0x2f07S0x232fS0x15e2	[0x1852, [0x2a84, nil]]
0x2f26S0x232fS0x15e2	[0x1852, [0x2a84, nil]]
0x2f22S0x232fS0x15e2	[0x1852, [0x2a84, nil]]
0x2f96S0x232fS0x15e2	[0x1852, [0x2a84, nil]]
0x2f92S0x232fS0x15e2	[0x1852, [0x2a84, nil]]
0x3091S0x232fS0x15e2	[0x1852, [0x2a84, nil]]
0x30d5S0x232fS0x15e2	[0x1852, [0x2a84, nil]]
0x30a3S0x232fS0x15e2	[0x1852, [0x2a84, nil]]
0x30aaS0x232fS0x15e2	[0x1852, [0x2a84, nil]]
0x30b1S0x232fS0x15e2	[0x1852, [0x2a84, nil]]
0x30ceS0x232fS0x15e2	[0x1852, [0x2a84, nil]]
0x320dS0x232fS0x15e2	[0x1852, [0x2a84, nil]]
0x3296S0x232fS0x15e2	[0x1852, [0x2a84, nil]]
0x3343S0x232fS0x15e2	[0x1852, [0x2a84, nil]]
0x336fS0x232fS0x15e2	[0x1852, [0x2a84, nil]]
0x3359S0x232fS0x15e2	[0x1852, [0x2a84, nil]]
0x335eS0x232fS0x15e2	[0x1852, [0x2a84, nil]]
0x3376S0x232fS0x15e2	[0x1852, [0x2a84, nil]]
0x33baS0x232fS0x15e2	[0x1852, [0x2a84, nil]]
0x3388S0x232fS0x15e2	[0x1852, [0x2a84, nil]]
0x338fS0x232fS0x15e2	[0x1852, [0x2a84, nil]]
0x3396S0x232fS0x15e2	[0x1852, [0x2a84, nil]]
0x33b3S0x232fS0x15e2	[0x1852, [0x2a84, nil]]
0x344bS0x232fS0x15e2	[0x1852, [0x2a84, nil]]
0x3442S0x232fS0x15e2	[0x1852, [0x2a84, nil]]
0x34c7S0x232fS0x15e2	[0x1852, [0x2a84, nil]]
0x3493S0x232fS0x15e2	[0x1852, [0x2a84, nil]]
0x349aS0x232fS0x15e2	[0x1852, [0x2a84, nil]]
0x34a1S0x232fS0x15e2	[0x1852, [0x2a84, nil]]
0x34c0S0x232fS0x15e2	[0x1852, [0x2a84, nil]]
0x3f00S0x232fS0x15e2	[0x1852, [0x2a84, nil]]
0x3f50S0x232fS0x15e2	[0x1852, [0x2a84, nil]]
0x3f64S0x232fS0x15e2	[0x1852, [0x2a84, nil]]
0x3f60S0x232fS0x15e2	[0x1852, [0x2a84, nil]]
0x3fbdS0x232fS0x15e2	[0x1852, [0x2a84, nil]]
0x3faeS0x232fS0x15e2	[0x1852, [0x2a84, nil]]
0x3fb1S0x232fS0x15e2	[0x1852, [0x2a84, nil]]
0x3fb9S0x232fS0x15e2	[0x1852, [0x2a84, nil]]
0x4013S0x232fS0x15e2	[0x1852, [0x2a84, nil]]
0x3fd8S0x232fS0x15e2	[0x1852, [0x2a84, nil]]
0x3fdfS0x232fS0x15e2	[0x1852, [0x2a84, nil]]
0x3fe6S0x232fS0x15e2	[0x1852, [0x2a84, nil]]
0x400cS0x232fS0x15e2	[0x1852, [0x2a84, nil]]
0x406bS0x232fS0x15e2	[0x1852, [0x2a84, nil]]
0x4037S0x232fS0x15e2	[0x1852, [0x2a84, nil]]
0x403eS0x232fS0x15e2	[0x1852, [0x2a84, nil]]
0x4045S0x232fS0x15e2	[0x1852, [0x2a84, nil]]
0x4064S0x232fS0x15e2	[0x1852, [0x2a84, nil]]
0x40aeS0x232fS0x15e2	[0x1852, [0x2a84, nil]]
0x40c2S0x232fS0x15e2	[0x1852, [0x2a84, nil]]
0x40beS0x232fS0x15e2	[0x1852, [0x2a84, nil]]
0x57dfS0x232fS0x15e2	[0x1852, [0x2a84, nil]]
0x594eS0x232fS0x15e2	[0x1852, [0x2a84, nil]]
0x5970S0x232fS0x15e2	[0x1852, [0x2a84, nil]]
0x59c9S0x232fS0x15e2	[0x1852, [0x2a84, nil]]
0x59ebS0x232fS0x15e2	[0x1852, [0x2a84, nil]]
0x2ad2S0x232fS0x15e2	[0x1852, [0x2a84, nil]]
0x2a8fS0x232fS0x15e2	[0x1852, [0x2a84, nil]]
0x2a94S0x232fS0x15e2	[0x1852, [0x2a84, nil]]
0x2a9bS0x232fS0x15e2	[0x1852, [0x2a84, nil]]
0x2aa1S0x232fS0x15e2	[0x1852, [0x2a84, nil]]
0x2aafS0x232fS0x15e2	[0x1852, [0x2a84, nil]]
0x2ac2S0x232fS0x15e2	[0x1852, [0x2a84, nil]]
0x2ac6S0x232fS0x15e2	[0x1852, [0x2a84, nil]]
0x2bc5S0x232fS0x15e2	[0x1852, [0x2a84, nil]]
0x2ba4S0x232fS0x15e2	[0x1852, [0x2a84, nil]]
0x2bb4S0x232fS0x15e2	[0x1852, [0x2a84, nil]]
0x2bb8S0x232fS0x15e2	[0x1852, [0x2a84, nil]]
0x2b73S0x232fS0x15e2	[0x1852, [0x2a84, nil]]
0x2b15S0x232fS0x15e2	[0x1852, [0x2a84, nil]]
0x2b25S0x232fS0x15e2	[0x1852, [0x2a84, nil]]
0x2b2bS0x232fS0x15e2	[0x1852, [0x2a84, nil]]
0x2b33S0x232fS0x15e2	[0x1852, [0x2a84, nil]]
0x2b3bS0x232fS0x15e2	[0x1852, [0x2a84, nil]]
0x2b43S0x232fS0x15e2	[0x1852, [0x2a84, nil]]
0x2b48S0x232fS0x15e2	[0x1852, [0x2a84, nil]]
0x2b50S0x232fS0x15e2	[0x1852, [0x2a84, nil]]
0x57dbS0x232fS0x15e2	[0x1852, [0x2a84, nil]]
0x2b82S0x232fS0x15e2	[0x1852, [0x2a84, nil]]
0x2b95S0x232fS0x15e2	[0x1852, [0x2a84, nil]]
0x2bf6S0x232fS0x15e2	[0x1852, [0x2a84, nil]]
0x2c27S0x232fS0x15e2	[0x1852, [0x2a84, nil]]
0x31c7S0x232fS0x15e2	[0x1852, [0x2a84, nil]]
0x31a6S0x232fS0x15e2	[0x1852, [0x2a84, nil]]
0x31b6S0x232fS0x15e2	[0x1852, [0x2a84, nil]]
0x31baS0x232fS0x15e2	[0x1852, [0x2a84, nil]]
0x2c49S0x232fS0x15e2	[0x1852, [0x2a84, nil]]
0x308aS0x232fS0x15e2	[0x1852, [0x2a84, nil]]
0x3074S0x232fS0x15e2	[0x1852, [0x2a84, nil]]
0x3079S0x232fS0x15e2	[0x1852, [0x2a84, nil]]
0x2c73S0x232fS0x15e2	[0x1852, [0x2a84, nil]]
0x2c7aS0x232fS0x15e2	[0x1852, [0x2a84, nil]]
0x2c82S0x232fS0x15e2	[0x1852, [0x2a84, nil]]
0x2cd6S0x232fS0x15e2	[0x1852, [0x2a84, nil]]
0x2ca5S0x232fS0x15e2	[0x1852, [0x2a84, nil]]
0x2cb3S0x232fS0x15e2	[0x1852, [0x2a84, nil]]
0x2cc6S0x232fS0x15e2	[0x1852, [0x2a84, nil]]
0x2ccaS0x232fS0x15e2	[0x1852, [0x2a84, nil]]
0x2d31S0x232fS0x15e2	[0x1852, [0x2a84, nil]]
0x2cf5S0x232fS0x15e2	[0x1852, [0x2a84, nil]]
0x2d06S0x232fS0x15e2	[0x1852, [0x2a84, nil]]
0x2ce3S0x232fS0x15e2	[0x1852, [0x2a84, nil]]
0x2ec8S0x232fS0x15e2	[0x1852, [0x2a84, nil]]
0x2ec3S0x232fS0x15e2	[0x1852, [0x2a84, nil]]
0x2d5eS0x232fS0x15e2	[0x1852, [0x2a84, nil]]
0x2d51S0x232fS0x15e2	[0x1852, [0x2a84, nil]]
0x2da0S0x232fS0x15e2	[0x1852, [0x2a84, nil]]
0x2d6eS0x232fS0x15e2	[0x1852, [0x2a84, nil]]
0x2d7eS0x232fS0x15e2	[0x1852, [0x2a84, nil]]
0x2dcdS0x232fS0x15e2	[0x1852, [0x2a84, nil]]
0x2dc0S0x232fS0x15e2	[0x1852, [0x2a84, nil]]
0x2ddfS0x232fS0x15e2	[0x1852, [0x2a84, nil]]
0x2b450S0x232fS0x15e2	[0x1852, [0x2a84, nil]]
0x2e27S0x232fS0x15e2	[0x1852, [0x2a84, nil]]
0x2e23S0x232fS0x15e2	[0x1852, [0x2a84, nil]]
0x2e74S0x232fS0x15e2	[0x1852, [0x2a84, nil]]
0x2e64S0x232fS0x15e2	[0x1852, [0x2a84, nil]]
0x2e8aS0x232fS0x15e2	[0x1852, [0x2a84, nil]]
0x2e99S0x232fS0x15e2	[0x1852, [0x2a84, nil]]
0x2be50S0x232fS0x15e2	[0x1852, [0x2a84, nil]]
0x2ee4S0x232fS0x15e2	[0x1852, [0x2a84, nil]]
0x2ed4S0x232fS0x15e2	[0x1852, [0x2a84, nil]]
0x2ed8S0x232fS0x15e2	[0x1852, [0x2a84, nil]]
0x2c850S0x232fS0x15e2	[0x1852, [0x2a84, nil]]
0x2fdeS0x232fS0x15e2	[0x1852, [0x2a84, nil]]
0x2f4aS0x232fS0x15e2	[0x1852, [0x2a84, nil]]
0x2f3dS0x232fS0x15e2	[0x1852, [0x2a84, nil]]
0x2f8dS0x232fS0x15e2	[0x1852, [0x2a84, nil]]
0x2f58S0x232fS0x15e2	[0x1852, [0x2a84, nil]]
0x2f66S0x232fS0x15e2	[0x1852, [0x2a84, nil]]
0x2fbaS0x232fS0x15e2	[0x1852, [0x2a84, nil]]
0x2fadS0x232fS0x15e2	[0x1852, [0x2a84, nil]]
0x2fceS0x232fS0x15e2	[0x1852, [0x2a84, nil]]
0x2fc9S0x232fS0x15e2	[0x1852, [0x2a84, nil]]
0x3054S0x232fS0x15e2	[0x1852, [0x2a84, nil]]
0x2ffaS0x232fS0x15e2	[0x1852, [0x2a84, nil]]
0x3004S0x232fS0x15e2	[0x1852, [0x2a84, nil]]
0x3010S0x232fS0x15e2	[0x1852, [0x2a84, nil]]
0x301cS0x232fS0x15e2	[0x1852, [0x2a84, nil]]
0x3034S0x232fS0x15e2	[0x1852, [0x2a84, nil]]
0x3041S0x232fS0x15e2	[0x1852, [0x2a84, nil]]
0x304fS0x232fS0x15e2	[0x1852, [0x2a84, nil]]
0x306bS0x232fS0x15e2	[0x1852, [0x2a84, nil]]
0x3060S0x232fS0x15e2	[0x1852, [0x2a84, nil]]
0x3064S0x232fS0x15e2	[0x1852, [0x2a84, nil]]
0xffd26S0x232fS0x15e2	[0x1852, [0x2a84, nil]]
0x3097S0x232fS0x15e2	[0x1852, [0x2a84, nil]]
0xbd3cS0x232fS0x15e2	[0x1852, [0x2a84, nil]]
0xbd32S0x232fS0x15e2	[0x1852, [0x2a84, nil]]
0xbd37S0x232fS0x15e2	[0x1852, [0x2a84, nil]]
0x3104S0x232fS0x15e2	[0x1852, [0x2a84, nil]]
0x30deS0x232fS0x15e2	[0x1852, [0x2a84, nil]]
0x30e3S0x232fS0x15e2	[0x1852, [0x2a84, nil]]
0x30f2S0x232fS0x15e2	[0x1852, [0x2a84, nil]]
0xbd64S0x232fS0x15e2	[0x1852, [0x2a84, nil]]
0x3159S0x232fS0x15e2	[0x1852, [0x2a84, nil]]
0x3139S0x232fS0x15e2	[0x1852, [0x2a84, nil]]
0x3149S0x232fS0x15e2	[0x1852, [0x2a84, nil]]
0x314dS0x232fS0x15e2	[0x1852, [0x2a84, nil]]
0x2d250S0x232fS0x15e2	[0x1852, [0x2a84, nil]]
0x312aS0x232fS0x15e2	[0x1852, [0x2a84, nil]]
0x3166S0x232fS0x15e2	[0x1852, [0x2a84, nil]]
0x2dc50S0x232fS0x15e2	[0x1852, [0x2a84, nil]]
0x3172S0x232fS0x15e2	[0x1852, [0x2a84, nil]]
0x3187S0x232fS0x15e2	[0x1852, [0x2a84, nil]]
0x3192S0x232fS0x15e2	[0x1852, [0x2a84, nil]]
0x31f8S0x232fS0x15e2	[0x1852, [0x2a84, nil]]
0x32fdS0x232fS0x15e2	[0x1852, [0x2a84, nil]]
0x32dcS0x232fS0x15e2	[0x1852, [0x2a84, nil]]
0x32ecS0x232fS0x15e2	[0x1852, [0x2a84, nil]]
0x32f0S0x232fS0x15e2	[0x1852, [0x2a84, nil]]
0x3226S0x232fS0x15e2	[0x1852, [0x2a84, nil]]
0x594aS0x232fS0x15e2	[0x1852, [0x2a84, nil]]
0x3237S0x232fS0x15e2	[0x1852, [0x2a84, nil]]
0x323fS0x232fS0x15e2	[0x1852, [0x2a84, nil]]
0x328eS0x232fS0x15e2	[0x1852, [0x2a84, nil]]
0x3261S0x232fS0x15e2	[0x1852, [0x2a84, nil]]
0x326eS0x232fS0x15e2	[0x1852, [0x2a84, nil]]
0x327eS0x232fS0x15e2	[0x1852, [0x2a84, nil]]
0x3282S0x232fS0x15e2	[0x1852, [0x2a84, nil]]
0x32a4S0x232fS0x15e2	[0x1852, [0x2a84, nil]]
0x329bS0x232fS0x15e2	[0x1852, [0x2a84, nil]]
0x3ee9S0x232fS0x15e2	[0x1852, [0x2a84, nil]]
0xffd99S0x232fS0x15e2	[0x1852, [0x2a84, nil]]
0xffd73S0x232fS0x15e2	[0x1852, [0x2a84, nil]]
0xffd88S0x232fS0x15e2	[0x1852, [0x2a84, nil]]
0xffd95S0x232fS0x15e2	[0x1852, [0x2a84, nil]]
0xffde1S0x232fS0x15e2	[0x1852, [0x2a84, nil]]
0xffdbbS0x232fS0x15e2	[0x1852, [0x2a84, nil]]
0xffdd0S0x232fS0x15e2	[0x1852, [0x2a84, nil]]
0xffdddS0x232fS0x15e2	[0x1852, [0x2a84, nil]]
0x402bS0x232fS0x15e2	[0x1852, [0x2a84, nil]]
0x332eS0x232fS0x15e2	[0x1852, [0x2a84, nil]]
0x355eS0x232fS0x15e2	[0x1852, [0x2a84, nil]]
0x3350S0x232fS0x15e2	[0x1852, [0x2a84, nil]]
0x59c5S0x232fS0x15e2	[0x1852, [0x2a84, nil]]
0x33eaS0x232fS0x15e2	[0x1852, [0x2a84, nil]]
0x33efS0x232fS0x15e2	[0x1852, [0x2a84, nil]]
0x337cS0x232fS0x15e2	[0x1852, [0x2a84, nil]]
0xbd99S0x232fS0x15e2	[0x1852, [0x2a84, nil]]
0xbd8fS0x232fS0x15e2	[0x1852, [0x2a84, nil]]
0xbd94S0x232fS0x15e2	[0x1852, [0x2a84, nil]]
0x33e2S0x232fS0x15e2	[0x1852, [0x2a84, nil]]
0x33c2S0x232fS0x15e2	[0x1852, [0x2a84, nil]]
0x33c9S0x232fS0x15e2	[0x1852, [0x2a84, nil]]
0x33d9S0x232fS0x15e2	[0x1852, [0x2a84, nil]]
0xbdc1S0x232fS0x15e2	[0x1852, [0x2a84, nil]]
0xffe31S0x232fS0x15e2	[0x1852, [0x2a84, nil]]
0x3414S0x232fS0x15e2	[0x1852, [0x2a84, nil]]
0x341bS0x232fS0x15e2	[0x1852, [0x2a84, nil]]
0x3430S0x232fS0x15e2	[0x1852, [0x2a84, nil]]
0x3487S0x232fS0x15e2	[0x1852, [0x2a84, nil]]
0x2fa50S0x232fS0x15e2	[0x1852, [0x2a84, nil]]
0x3453S0x232fS0x15e2	[0x1852, [0x2a84, nil]]
0x346dS0x232fS0x15e2	[0x1852, [0x2a84, nil]]
0x345eS0x232fS0x15e2	[0x1852, [0x2a84, nil]]
0xbde9S0x232fS0x15e2	[0x1852, [0x2a84, nil]]
0x34faS0x232fS0x15e2	[0x1852, [0x2a84, nil]]
0x34e5S0x232fS0x15e2	[0x1852, [0x2a84, nil]]
0x34eaS0x232fS0x15e2	[0x1852, [0x2a84, nil]]
0x3529S0x232fS0x15e2	[0x1852, [0x2a84, nil]]
0x3509S0x232fS0x15e2	[0x1852, [0x2a84, nil]]
0x3519S0x232fS0x15e2	[0x1852, [0x2a84, nil]]
0x351dS0x232fS0x15e2	[0x1852, [0x2a84, nil]]
0x3538S0x232fS0x15e2	[0x1852, [0x2a84, nil]]
0x3534S0x232fS0x15e2	[0x1852, [0x2a84, nil]]
0xffe58S0x232fS0x15e2	[0x1852, [0x2a84, nil]]
0x30e50S0x232fS0x15e2	[0x1852, [0x2a84, nil]]
0x3544S0x232fS0x15e2	[0x1852, [0x2a84, nil]]
0x3f36S0x232fS0x15e2	[0x1852, [0x2a84, nil]]
0x3f15S0x232fS0x15e2	[0x1852, [0x2a84, nil]]
0x3f31S0x232fS0x15e2	[0x1852, [0x2a84, nil]]
0x3f4cS0x232fS0x15e2	[0x1852, [0x2a84, nil]]
0x3f5bS0x232fS0x15e2	[0x1852, [0x2a84, nil]]
0x3f9cS0x232fS0x15e2	[0x1852, [0x2a84, nil]]
0x37c50S0x232fS0x15e2	[0x1852, [0x2a84, nil]]
0x3fccS0x232fS0x15e2	[0x1852, [0x2a84, nil]]
0x401cS0x232fS0x15e2	[0x1852, [0x2a84, nil]]
0xbfd5S0x232fS0x15e2	[0x1852, [0x2a84, nil]]
0x40aaS0x232fS0x15e2	[0x1852, [0x2a84, nil]]
0x4093S0x232fS0x15e2	[0x1852, [0x2a84, nil]]
0xbffdS0x232fS0x15e2	[0x1852, [0x2a84, nil]]
0x40b9S0x232fS0x15e2	[0x1852, [0x2a84, nil]]
0x40deS0x232fS0x15e2	[0x1852, [0x2a84, nil]]
0x40e6S0x232fS0x15e2	[0x1852, [0x2a84, nil]]
0x57f2S0x232fS0x15e2	[0x1852, [0x2a84, nil]]
0x5802S0x232fS0x15e2	[0x1852, [0x2a84, nil]]
0x57f5S0x232fS0x15e2	[0x1852, [0x2a84, nil]]
0x582bS0x232fS0x15e2	[0x1852, [0x2a84, nil]]
0x5809S0x232fS0x15e2	[0x1852, [0x2a84, nil]]
0x5814S0x232fS0x15e2	[0x1852, [0x2a84, nil]]
0x581eS0x232fS0x15e2	[0x1852, [0x2a84, nil]]
0x584dS0x232fS0x15e2	[0x1852, [0x2a84, nil]]
0x5831S0x232fS0x15e2	[0x1852, [0x2a84, nil]]
0x583bS0x232fS0x15e2	[0x1852, [0x2a84, nil]]
0x5848S0x232fS0x15e2	[0x1852, [0x2a84, nil]]
0x5969S0x232fS0x15e2	[0x1852, [0x2a84, nil]]
0x597eS0x232fS0x15e2	[0x1852, [0x2a84, nil]]
0x5974S0x232fS0x15e2	[0x1852, [0x2a84, nil]]
0xc3d3S0x232fS0x15e2	[0x1852, [0x2a84, nil]]
0xc3c9S0x232fS0x15e2	[0x1852, [0x2a84, nil]]
0xc3ceS0x232fS0x15e2	[0x1852, [0x2a84, nil]]
0x5998S0x232fS0x15e2	[0x1852, [0x2a84, nil]]
0x5981S0x232fS0x15e2	[0x1852, [0x2a84, nil]]
0x598bS0x232fS0x15e2	[0x1852, [0x2a84, nil]]
0x59abS0x232fS0x15e2	[0x1852, [0x2a84, nil]]
0x599eS0x232fS0x15e2	[0x1852, [0x2a84, nil]]
0x59b7S0x232fS0x15e2	[0x1852, [0x2a84, nil]]
0x59b1S0x232fS0x15e2	[0x1852, [0x2a84, nil]]
0x59e4S0x232fS0x15e2	[0x1852, [0x2a84, nil]]
0x5a00S0x232fS0x15e2	[0x1852, [0x2a84, nil]]
0x59efS0x232fS0x15e2	[0x1852, [0x2a84, nil]]
0x59f3S0x232fS0x15e2	[0x1852, [0x2a84, nil]]
0xc408S0x232fS0x15e2	[0x1852, [0x2a84, nil]]
0xc3feS0x232fS0x15e2	[0x1852, [0x2a84, nil]]
0xc403S0x232fS0x15e2	[0x1852, [0x2a84, nil]]
0x5a0cS0x232fS0x15e2	[0x1852, [0x2a84, nil]]
0x5a06S0x232fS0x15e2	[0x1852, [0x2a84, nil]]
0x100a9bS0x232fS0x15e2	[0x1852, [0x2a84, nil]]
0x100ac2S0x232fS0x15e2	[0x1852, [0x2a84, nil]]
0x2a050S0x232fS0x15e2	[0x1852, [0x2a84, nil]]
0x2bd4S0x232fS0x15e2	[0x1852, [0x2a84, nil]]
0x2be4S0x232fS0x15e2	[0x1852, [0x2a84, nil]]
0x2be8S0x232fS0x15e2	[0x1852, [0x2a84, nil]]
0x2aa50S0x232fS0x15e2	[0x1852, [0x2a84, nil]]
0x2c05S0x232fS0x15e2	[0x1852, [0x2a84, nil]]
0x2c15S0x232fS0x15e2	[0x1852, [0x2a84, nil]]
0x2c19S0x232fS0x15e2	[0x1852, [0x2a84, nil]]
0x2dfcS0x232fS0x15e2	[0x1852, [0x2a84, nil]]
0x2e650S0x232fS0x15e2	[0x1852, [0x2a84, nil]]
0x31d6S0x232fS0x15e2	[0x1852, [0x2a84, nil]]
0x31e6S0x232fS0x15e2	[0x1852, [0x2a84, nil]]
0x31eaS0x232fS0x15e2	[0x1852, [0x2a84, nil]]
0x2f050S0x232fS0x15e2	[0x1852, [0x2a84, nil]]
0x330cS0x232fS0x15e2	[0x1852, [0x2a84, nil]]
0x331cS0x232fS0x15e2	[0x1852, [0x2a84, nil]]
0x3320S0x232fS0x15e2	[0x1852, [0x2a84, nil]]
0x3438S0x232fS0x15e2	[0x1852, [0x2a84, nil]]
0x30450S0x232fS0x15e2	[0x1852, [0x2a84, nil]]
0x37250S0x2dfdS0x232fS0x15e2	[0x1852, [0x2a84, [0x3ca2, nil]]]
0x3cb5S0x2dfdS0x232fS0x15e2	[0x1852, [0x2a84, [0x3ca2, nil]]]
0x3cbcS0x2dfdS0x232fS0x15e2	[0x1852, [0x2a84, [0x3ca2, nil]]]
0x3cc3S0x2dfdS0x232fS0x15e2	[0x1852, [0x2a84, [0x3ca2, nil]]]
0x37250S0x3eeaS0x232fS0x15e2	[0x1852, [0x2a84, [0x3ca2, nil]]]
0x3cb5S0x3eeaS0x232fS0x15e2	[0x1852, [0x2a84, [0x3ca2, nil]]]
0x3cbcS0x3eeaS0x232fS0x15e2	[0x1852, [0x2a84, [0x3ca2, nil]]]
0x3cc3S0x3eeaS0x232fS0x15e2	[0x1852, [0x2a84, [0x3ca2, nil]]]
0x591fS0x2e2dS0x232fS0x15e2	[0x1852, [0x2a84, [0x58e5, nil]]]
0x58f2S0x2e2dS0x232fS0x15e2	[0x1852, [0x2a84, [0x58e5, nil]]]
0x58faS0x2e2dS0x232fS0x15e2	[0x1852, [0x2a84, [0x58e5, nil]]]
0x5902S0x2e2dS0x232fS0x15e2	[0x1852, [0x2a84, [0x58e5, nil]]]
0x590aS0x2e2dS0x232fS0x15e2	[0x1852, [0x2a84, [0x58e5, nil]]]
0x591aS0x2e2dS0x232fS0x15e2	[0x1852, [0x2a84, [0x58e5, nil]]]
0x4679S0x40c3S0x232fS0x15e2	[0x1852, [0x2a84, [0x464a, nil]]]
0x465cS0x40c3S0x232fS0x15e2	[0x1852, [0x2a84, [0x464a, nil]]]
0x4663S0x40c3S0x232fS0x15e2	[0x1852, [0x2a84, [0x464a, nil]]]
0x4907S0x57e8S0x232fS0x15e2	[0x1852, [0x2a84, [0x48f3, nil]]]
0x4903S0x57e8S0x232fS0x15e2	[0x1852, [0x2a84, [0x48f3, nil]]]
0x4907S0x57f3S0x232fS0x15e2	[0x1852, [0x2a84, [0x48f3, nil]]]
0x4903S0x57f3S0x232fS0x15e2	[0x1852, [0x2a84, [0x48f3, nil]]]
0x49dfS0x5803S0x232fS0x15e2	[0x1852, [0x2a84, [0x49d1, nil]]]
0x49dbS0x5803S0x232fS0x15e2	[0x1852, [0x2a84, [0x49d1, nil]]]
0x4907S0x5971S0x232fS0x15e2	[0x1852, [0x2a84, [0x48f3, nil]]]
0x4903S0x5971S0x232fS0x15e2	[0x1852, [0x2a84, [0x48f3, nil]]]
0x4907S0x597fS0x232fS0x15e2	[0x1852, [0x2a84, [0x48f3, nil]]]
0x4903S0x597fS0x232fS0x15e2	[0x1852, [0x2a84, [0x48f3, nil]]]
0x4907S0x5999S0x232fS0x15e2	[0x1852, [0x2a84, [0x48f3, nil]]]
0x4903S0x5999S0x232fS0x15e2	[0x1852, [0x2a84, [0x48f3, nil]]]
0x4e69S0x59ecS0x232fS0x15e2	[0x1852, [0x2a84, [0x4e55, nil]]]
0x4e65S0x59ecS0x232fS0x15e2	[0x1852, [0x2a84, [0x4e55, nil]]]
0x4ffbS0x2d3bS0x232fS0x15e2	[0x1852, [0x2a84, [0x4fea, nil]]]
0x4ff7S0x2d3bS0x232fS0x15e2	[0x1852, [0x2a84, [0x4fea, nil]]]
0x5006S0x2d3bS0x232fS0x15e2	[0x1852, [0x2a84, [0x4fea, nil]]]
0x4907S0x4ffcS0x2d3bS0x232fS0x15e2	[0x1852, [0x2a84, [0x4fea, [0x48f3, nil]]]]
0x4903S0x4ffcS0x2d3bS0x232fS0x15e2	[0x1852, [0x2a84, [0x4fea, [0x48f3, nil]]]]
0x4ffbS0x2daaS0x232fS0x15e2	[0x1852, [0x2a84, [0x4fea, nil]]]
0x4ff7S0x2daaS0x232fS0x15e2	[0x1852, [0x2a84, [0x4fea, nil]]]
0x5006S0x2daaS0x232fS0x15e2	[0x1852, [0x2a84, [0x4fea, nil]]]
0x4907S0x4ffcS0x2daaS0x232fS0x15e2	[0x1852, [0x2a84, [0x4fea, [0x48f3, nil]]]]
0x4903S0x4ffcS0x2daaS0x232fS0x15e2	[0x1852, [0x2a84, [0x4fea, [0x48f3, nil]]]]
0x4ffbS0x2f27S0x232fS0x15e2	[0x1852, [0x2a84, [0x4fea, nil]]]
0x4ff7S0x2f27S0x232fS0x15e2	[0x1852, [0x2a84, [0x4fea, nil]]]
0x5006S0x2f27S0x232fS0x15e2	[0x1852, [0x2a84, [0x4fea, nil]]]
0x4907S0x4ffcS0x2f27S0x232fS0x15e2	[0x1852, [0x2a84, [0x4fea, [0x48f3, nil]]]]
0x4903S0x4ffcS0x2f27S0x232fS0x15e2	[0x1852, [0x2a84, [0x4fea, [0x48f3, nil]]]]
0x5931S0x2f97S0x232fS0x15e2	[0x1852, [0x2a84, [0x5920, nil]]]
0x592dS0x2f97S0x232fS0x15e2	[0x1852, [0x2a84, [0x5920, nil]]]
0x593cS0x2f97S0x232fS0x15e2	[0x1852, [0x2a84, [0x5920, nil]]]
0x4e69S0x5932S0x2f97S0x232fS0x15e2	[0x1852, [0x2a84, [0x5920, [0x4e55, nil]]]]
0x4e65S0x5932S0x2f97S0x232fS0x15e2	[0x1852, [0x2a84, [0x5920, [0x4e55, nil]]]]
0x488aS0x34deS0x232fS0x15e2	[0x1852, [0x2a84, [0x4872, nil]]]
0x4882S0x34deS0x232fS0x15e2	[0x1852, [0x2a84, [0x4872, nil]]]
0x3ae50S0x34deS0x232fS0x15e2	[0x1852, [0x2a84, [0x4872, nil]]]
0x4899S0x34deS0x232fS0x15e2	[0x1852, [0x2a84, [0x4872, nil]]]
0x48bbS0x488eS0x34deS0x232fS0x15e2	[0x1852, [0x2a84, [0x4872, [0x48a8, nil]]]]
0x48b4S0x488eS0x34deS0x232fS0x15e2	[0x1852, [0x2a84, [0x4872, [0x48a8, nil]]]]
0x48b0S0x488eS0x34deS0x232fS0x15e2	[0x1852, [0x2a84, [0x4872, [0x48a8, nil]]]]
0xffaa1S0x1852S0x15e2	[0x1852, [0x1c3f, nil]]
0x10067fS0x18afS0x15e2	[0x1852, [0x5294, nil]]
0x1006eeS0x18f0S0x15e2	[0x1852, [0x52fd, nil]]
0x10067fS0x190cS0x15e2	[0x1852, [0x5294, nil]]
0x10067fS0x1988S0x15e2	[0x1852, [0x5294, nil]]
0x10058bS0x1a5bS0x15e2	[0x1852, [0x4fea, nil]]
0x1002a8S0x4ffcS0x1a5bS0x15e2	[0x1852, [0x4fea, [0x48f3, nil]]]
0x10058bS0x1b53S0x15e2	[0x1852, [0x4fea, nil]]
0x1002a8S0x4ffcS0x1b53S0x15e2	[0x1852, [0x4fea, [0x48f3, nil]]]
0x101252S0x1bf1S0x15e2	[0x1852, [0x50bc, nil]]
0x1013bfS0x1bf1S0x15e2	[0x1852, [0x50bc, nil]]
0x1005afS0x50e3S0x1bf1S0x15e2	[0x1852, [0x50bc, [0x5076, nil]]]
0x1005d6S0x50e3S0x1bf1S0x15e2	[0x1852, [0x50bc, [0x5076, nil]]]
0x100565S0x5741S0x15e2	[0x1852, [0x4fdf, nil]]
0x1002a8S0x4fdfS0x5741S0x15e2	[0x1852, [0x4fdf, [0x48f3, nil]]]
0x100565S0x574aS0x15e2	[0x1852, [0x4fdf, nil]]
0x1002a8S0x4fdfS0x574aS0x15e2	[0x1852, [0x4fdf, [0x48f3, nil]]]
0x100565S0x5762S0x15e2	[0x1852, [0x4fdf, nil]]
0x1002a8S0x4fdfS0x5762S0x15e2	[0x1852, [0x4fdf, [0x48f3, nil]]]
0x100565S0x5773S0x15e2	[0x1852, [0x4fdf, nil]]
0x1002a8S0x4fdfS0x5773S0x15e2	[0x1852, [0x4fdf, [0x48f3, nil]]]
0x1007a7S0x5784S0x15e2	[0x1852, [0x55e7, nil]]
0x100340S0x55e7S0x5784S0x15e2	[0x1852, [0x55e7, [0x49d1, nil]]]
0x1007a7S0x579fS0x15e2	[0x1852, [0x55e7, nil]]
0x100340S0x55e7S0x579fS0x15e2	[0x1852, [0x55e7, [0x49d1, nil]]]
0x100565S0x57b0S0x15e2	[0x1852, [0x4fdf, nil]]
0x1002a8S0x4fdfS0x57b0S0x15e2	[0x1852, [0x4fdf, [0x48f3, nil]]]
0x10031eS0x19c0S0x15e2	[0x1852, [0x49be, nil]]
0xffd01S0x232fS0x15e2	[0x1852, [0x2a84, nil]]
0x101131S0x232fS0x15e2	[0x1852, [0x2a84, nil]]
0x10115cS0x232fS0x15e2	[0x1852, [0x2a84, nil]]
0x101187S0x232fS0x15e2	[0x1852, [0x2a84, nil]]
0x1011b2S0x232fS0x15e2	[0x1852, [0x2a84, nil]]
0x1011ddS0x232fS0x15e2	[0x1852, [0x2a84, nil]]
0x10136dS0x232fS0x15e2	[0x1852, [0x2a84, nil]]
0x101398S0x232fS0x15e2	[0x1852, [0x2a84, nil]]
0x10004eS0x2dfdS0x232fS0x15e2	[0x1852, [0x2a84, [0x3ca2, nil]]]
0x10004eS0x3eeaS0x232fS0x15e2	[0x1852, [0x2a84, [0x3ca2, nil]]]
0x10010dS0x40c3S0x232fS0x15e2	[0x1852, [0x2a84, [0x464a, nil]]]
0x1002a8S0x57e8S0x232fS0x15e2	[0x1852, [0x2a84, [0x48f3, nil]]]
0x1002a8S0x57f3S0x232fS0x15e2	[0x1852, [0x2a84, [0x48f3, nil]]]
0x100340S0x5803S0x232fS0x15e2	[0x1852, [0x2a84, [0x49d1, nil]]]
0x1002a8S0x5971S0x232fS0x15e2	[0x1852, [0x2a84, [0x48f3, nil]]]
0x1002a8S0x597fS0x232fS0x15e2	[0x1852, [0x2a84, [0x48f3, nil]]]
0x1002a8S0x5999S0x232fS0x15e2	[0x1852, [0x2a84, [0x48f3, nil]]]
0x1004d0S0x59ecS0x232fS0x15e2	[0x1852, [0x2a84, [0x4e55, nil]]]
0x10058bS0x2d3bS0x232fS0x15e2	[0x1852, [0x2a84, [0x4fea, nil]]]
0x1002a8S0x4ffcS0x2d3bS0x232fS0x15e2	[0x1852, [0x2a84, [0x4fea, [0x48f3, nil]]]]
0x10058bS0x2daaS0x232fS0x15e2	[0x1852, [0x2a84, [0x4fea, nil]]]
0x1002a8S0x4ffcS0x2daaS0x232fS0x15e2	[0x1852, [0x2a84, [0x4fea, [0x48f3, nil]]]]
0x10058bS0x2f27S0x232fS0x15e2	[0x1852, [0x2a84, [0x4fea, nil]]]
0x1002a8S0x4ffcS0x2f27S0x232fS0x15e2	[0x1852, [0x2a84, [0x4fea, [0x48f3, nil]]]]
0x1007f3S0x2f97S0x232fS0x15e2	[0x1852, [0x2a84, [0x5920, nil]]]
0x1004d0S0x5932S0x2f97S0x232fS0x15e2	[0x1852, [0x2a84, [0x5920, [0x4e55, nil]]]]
0x10023cS0x34deS0x232fS0x15e2	[0x1852, [0x2a84, [0x4872, nil]]]
0x488dS0x34deS0x232fS0x15e2	[0x1852, [0x2a84, [0x4872, nil]]]
0x48bfS0x488eS0x34deS0x232fS0x15e2	[0x1852, [0x2a84, [0x4872, [0x48a8, nil]]]]
0x5425S0x1ab5S0x15e2	[0x1852, [0x53cd, nil]]
0x5440S0x1ab5S0x15e2	[0x1852, [0x53cd, nil]]
0x544fS0x1ab5S0x15e2	[0x1852, [0x53cd, nil]]
0x42650S0x1ab5S0x15e2	[0x1852, [0x53cd, nil]]
0x53d6S0x1ab5S0x15e2	[0x1852, [0x53cd, nil]]
0x53e0S0x1ab5S0x15e2	[0x1852, [0x53cd, nil]]
0x53e7S0x1ab5S0x15e2	[0x1852, [0x53cd, nil]]
0x53ebS0x1ab5S0x15e2	[0x1852, [0x53cd, nil]]
0x5484S0x1ab5S0x15e2	[0x1852, [0x53cd, nil]]
0x547bS0x1ab5S0x15e2	[0x1852, [0x53cd, nil]]
0x543cS0x1ab5S0x15e2	[0x1852, [0x53cd, nil]]
0x544bS0x1ab5S0x15e2	[0x1852, [0x53cd, nil]]
0x545aS0x1ab5S0x15e2	[0x1852, [0x53cd, nil]]
0x546eS0x1ab5S0x15e2	[0x1852, [0x53cd, nil]]
0x5377S0x1ab5S0x15e2	[0x1852, [0x53cd, nil]]
0x5359S0x1ab5S0x15e2	[0x1852, [0x53cd, nil]]
0x5352S0x1ab5S0x15e2	[0x1852, [0x53cd, nil]]
0x5368S0x1ab5S0x15e2	[0x1852, [0x53cd, nil]]
0x5408S0x1ab5S0x15e2	[0x1852, [0x53cd, nil]]
0x5490S0x1ab5S0x15e2	[0x1852, [0x53cd, nil]]
0x5421S0x1ab5S0x15e2	[0x1852, [0x53cd, nil]]
0x5411S0x1ab5S0x15e2	[0x1852, [0x53cd, nil]]
0x53ccS0x546fS0x1ab5S0x15e2	[0x1852, [0x53cd, [0x5378, nil]]]
0x53bfS0x546fS0x1ab5S0x15e2	[0x1852, [0x53cd, [0x5378, nil]]]
0x539eS0x546fS0x1ab5S0x15e2	[0x1852, [0x53cd, [0x5378, nil]]]
0x41c50S0x546fS0x1ab5S0x15e2	[0x1852, [0x53cd, [0x5378, nil]]]
0x537fS0x546fS0x1ab5S0x15e2	[0x1852, [0x53cd, [0x5378, nil]]]
0x53adS0x546fS0x1ab5S0x15e2	[0x1852, [0x53cd, [0x5378, nil]]]
0x53a3S0x546fS0x1ab5S0x15e2	[0x1852, [0x53cd, [0x5378, nil]]]
0x49bdS0x539fS0x546fS0x1ab5S0x15e2	[0x1852, [0x53cd, [0x5378, [0x4992, nil]]]]
0x49a9S0x539fS0x546fS0x1ab5S0x15e2	[0x1852, [0x53cd, [0x5378, [0x4992, nil]]]]
0x4999S0x539fS0x546fS0x1ab5S0x15e2	[0x1852, [0x53cd, [0x5378, [0x4992, nil]]]]
0x4991S0x4992S0x539fS0x546fS0x1ab5S0x15e2	[0x1852, [0x53cd, [0x5378, [0x4992, [0x496e, nil]]]]]
0x4990S0x4992S0x539fS0x546fS0x1ab5S0x15e2	[0x1852, [0x53cd, [0x5378, [0x4992, [0x496e, nil]]]]]
0x4979S0x4992S0x539fS0x546fS0x1ab5S0x15e2	[0x1852, [0x53cd, [0x5378, [0x4992, [0x496e, nil]]]]]
0x3b850S0x4992S0x539fS0x546fS0x1ab5S0x15e2	[0x1852, [0x53cd, [0x5378, [0x4992, [0x496e, nil]]]]]
0x4988S0x4992S0x539fS0x546fS0x1ab5S0x15e2	[0x1852, [0x53cd, [0x5378, [0x4992, [0x496e, nil]]]]]
0x4981S0x4992S0x539fS0x546fS0x1ab5S0x15e2	[0x1852, [0x53cd, [0x5378, [0x4992, [0x496e, nil]]]]]
0x3612S0x23d7S0x15e2	[0x1852, [0x35da, nil]]
0x3650S0x23d7S0x15e2	[0x1852, [0x35da, nil]]
0x361eS0x23d7S0x15e2	[0x1852, [0x35da, nil]]
0x3625S0x23d7S0x15e2	[0x1852, [0x35da, nil]]
0x362cS0x23d7S0x15e2	[0x1852, [0x35da, nil]]
0x3649S0x23d7S0x15e2	[0x1852, [0x35da, nil]]
0x368eS0x23d7S0x15e2	[0x1852, [0x35da, nil]]
0x36d5S0x23d7S0x15e2	[0x1852, [0x35da, nil]]
0x369aS0x23d7S0x15e2	[0x1852, [0x35da, nil]]
0x36a1S0x23d7S0x15e2	[0x1852, [0x35da, nil]]
0x36a8S0x23d7S0x15e2	[0x1852, [0x35da, nil]]
0x36ceS0x23d7S0x15e2	[0x1852, [0x35da, nil]]
0x35e8S0x23d7S0x15e2	[0x1852, [0x35da, nil]]
0x31850S0x23d7S0x15e2	[0x1852, [0x35da, nil]]
0x3602S0x23d7S0x15e2	[0x1852, [0x35da, nil]]
0x32250S0x23d7S0x15e2	[0x1852, [0x35da, nil]]
0x3658S0x23d7S0x15e2	[0x1852, [0x35da, nil]]
0xbe39S0x23d7S0x15e2	[0x1852, [0x35da, nil]]
0x366bS0x23d7S0x15e2	[0x1852, [0x35da, nil]]
0x367eS0x23d7S0x15e2	[0x1852, [0x35da, nil]]
0x33650S0x23d7S0x15e2	[0x1852, [0x35da, nil]]
0x36dcS0x23d7S0x15e2	[0x1852, [0x35da, nil]]
0xbe61S0x23d7S0x15e2	[0x1852, [0x35da, nil]]
0xffed0S0x23d7S0x15e2	[0x1852, [0x35da, nil]]
0x100aebS0x23d7S0x15e2	[0x1852, [0x35da, nil]]
0x35edS0x23d7S0x15e2	[0x1852, [0x35da, nil]]
0x32c50S0x23d7S0x15e2	[0x1852, [0x35da, nil]]
0x3612S0x25c0S0x15e2	[0x1852, [0x35da, nil]]
0x3650S0x25c0S0x15e2	[0x1852, [0x35da, nil]]
0x361eS0x25c0S0x15e2	[0x1852, [0x35da, nil]]
0x3625S0x25c0S0x15e2	[0x1852, [0x35da, nil]]
0x362cS0x25c0S0x15e2	[0x1852, [0x35da, nil]]
0x3649S0x25c0S0x15e2	[0x1852, [0x35da, nil]]
0x368eS0x25c0S0x15e2	[0x1852, [0x35da, nil]]
0x36d5S0x25c0S0x15e2	[0x1852, [0x35da, nil]]
0x369aS0x25c0S0x15e2	[0x1852, [0x35da, nil]]
0x36a1S0x25c0S0x15e2	[0x1852, [0x35da, nil]]
0x36a8S0x25c0S0x15e2	[0x1852, [0x35da, nil]]
0x36ceS0x25c0S0x15e2	[0x1852, [0x35da, nil]]
0x35e8S0x25c0S0x15e2	[0x1852, [0x35da, nil]]
0x31850S0x25c0S0x15e2	[0x1852, [0x35da, nil]]
0x3602S0x25c0S0x15e2	[0x1852, [0x35da, nil]]
0x32250S0x25c0S0x15e2	[0x1852, [0x35da, nil]]
0x3658S0x25c0S0x15e2	[0x1852, [0x35da, nil]]
0xbe39S0x25c0S0x15e2	[0x1852, [0x35da, nil]]
0x366bS0x25c0S0x15e2	[0x1852, [0x35da, nil]]
0x367eS0x25c0S0x15e2	[0x1852, [0x35da, nil]]
0x33650S0x25c0S0x15e2	[0x1852, [0x35da, nil]]
0x36dcS0x25c0S0x15e2	[0x1852, [0x35da, nil]]
0xbe61S0x25c0S0x15e2	[0x1852, [0x35da, nil]]
0xffed0S0x25c0S0x15e2	[0x1852, [0x35da, nil]]
0x100aebS0x25c0S0x15e2	[0x1852, [0x35da, nil]]
0x35edS0x25c0S0x15e2	[0x1852, [0x35da, nil]]
0x32c50S0x25c0S0x15e2	[0x1852, [0x35da, nil]]
0x3612S0x26daS0x15e2	[0x1852, [0x35da, nil]]
0x3650S0x26daS0x15e2	[0x1852, [0x35da, nil]]
0x361eS0x26daS0x15e2	[0x1852, [0x35da, nil]]
0x3625S0x26daS0x15e2	[0x1852, [0x35da, nil]]
0x362cS0x26daS0x15e2	[0x1852, [0x35da, nil]]
0x3649S0x26daS0x15e2	[0x1852, [0x35da, nil]]
0x368eS0x26daS0x15e2	[0x1852, [0x35da, nil]]
0x36d5S0x26daS0x15e2	[0x1852, [0x35da, nil]]
0x369aS0x26daS0x15e2	[0x1852, [0x35da, nil]]
0x36a1S0x26daS0x15e2	[0x1852, [0x35da, nil]]
0x36a8S0x26daS0x15e2	[0x1852, [0x35da, nil]]
0x36ceS0x26daS0x15e2	[0x1852, [0x35da, nil]]
0x35e8S0x26daS0x15e2	[0x1852, [0x35da, nil]]
0x31850S0x26daS0x15e2	[0x1852, [0x35da, nil]]
0x3602S0x26daS0x15e2	[0x1852, [0x35da, nil]]
0x32250S0x26daS0x15e2	[0x1852, [0x35da, nil]]
0x3658S0x26daS0x15e2	[0x1852, [0x35da, nil]]
0xbe39S0x26daS0x15e2	[0x1852, [0x35da, nil]]
0x366bS0x26daS0x15e2	[0x1852, [0x35da, nil]]
0x367eS0x26daS0x15e2	[0x1852, [0x35da, nil]]
0x33650S0x26daS0x15e2	[0x1852, [0x35da, nil]]
0x36dcS0x26daS0x15e2	[0x1852, [0x35da, nil]]
0xbe61S0x26daS0x15e2	[0x1852, [0x35da, nil]]
0xffed0S0x26daS0x15e2	[0x1852, [0x35da, nil]]
0x100aebS0x26daS0x15e2	[0x1852, [0x35da, nil]]
0x35edS0x26daS0x15e2	[0x1852, [0x35da, nil]]
0x32c50S0x26daS0x15e2	[0x1852, [0x35da, nil]]
0x3612S0x2c4aB0x232fS0x15e2	[0x1852, [0x35da, nil]]
0x3650S0x2c4aB0x232fS0x15e2	[0x1852, [0x35da, nil]]
0x361eS0x2c4aB0x232fS0x15e2	[0x1852, [0x35da, nil]]
0x3625S0x2c4aB0x232fS0x15e2	[0x1852, [0x35da, nil]]
0x362cS0x2c4aB0x232fS0x15e2	[0x1852, [0x35da, nil]]
0x3649S0x2c4aB0x232fS0x15e2	[0x1852, [0x35da, nil]]
0x368eS0x2c4aB0x232fS0x15e2	[0x1852, [0x35da, nil]]
0x36d5S0x2c4aB0x232fS0x15e2	[0x1852, [0x35da, nil]]
0x369aS0x2c4aB0x232fS0x15e2	[0x1852, [0x35da, nil]]
0x36a1S0x2c4aB0x232fS0x15e2	[0x1852, [0x35da, nil]]
0x36a8S0x2c4aB0x232fS0x15e2	[0x1852, [0x35da, nil]]
0x36ceS0x2c4aB0x232fS0x15e2	[0x1852, [0x35da, nil]]
0x35e8S0x2c4aB0x232fS0x15e2	[0x1852, [0x35da, nil]]
0x31850S0x2c4aB0x232fS0x15e2	[0x1852, [0x35da, nil]]
0x3602S0x2c4aB0x232fS0x15e2	[0x1852, [0x35da, nil]]
0x32250S0x2c4aB0x232fS0x15e2	[0x1852, [0x35da, nil]]
0x3658S0x2c4aB0x232fS0x15e2	[0x1852, [0x35da, nil]]
0xbe39S0x2c4aB0x232fS0x15e2	[0x1852, [0x35da, nil]]
0x366bS0x2c4aB0x232fS0x15e2	[0x1852, [0x35da, nil]]
0x367eS0x2c4aB0x232fS0x15e2	[0x1852, [0x35da, nil]]
0x33650S0x2c4aB0x232fS0x15e2	[0x1852, [0x35da, nil]]
0x36dcS0x2c4aB0x232fS0x15e2	[0x1852, [0x35da, nil]]
0xbe61S0x2c4aB0x232fS0x15e2	[0x1852, [0x35da, nil]]
0xffed0S0x2c4aB0x232fS0x15e2	[0x1852, [0x35da, nil]]
0x100aebS0x2c4aB0x232fS0x15e2	[0x1852, [0x35da, nil]]
0x35edS0x2c4aB0x232fS0x15e2	[0x1852, [0x35da, nil]]
0x32c50S0x2c4aB0x232fS0x15e2	[0x1852, [0x35da, nil]]
0x3612S0x320eB0x232fS0x15e2	[0x1852, [0x35da, nil]]
0x3650S0x320eB0x232fS0x15e2	[0x1852, [0x35da, nil]]
0x361eS0x320eB0x232fS0x15e2	[0x1852, [0x35da, nil]]
0x3625S0x320eB0x232fS0x15e2	[0x1852, [0x35da, nil]]
0x362cS0x320eB0x232fS0x15e2	[0x1852, [0x35da, nil]]
0x3649S0x320eB0x232fS0x15e2	[0x1852, [0x35da, nil]]
0x368eS0x320eB0x232fS0x15e2	[0x1852, [0x35da, nil]]
0x36d5S0x320eB0x232fS0x15e2	[0x1852, [0x35da, nil]]
0x369aS0x320eB0x232fS0x15e2	[0x1852, [0x35da, nil]]
0x36a1S0x320eB0x232fS0x15e2	[0x1852, [0x35da, nil]]
0x36a8S0x320eB0x232fS0x15e2	[0x1852, [0x35da, nil]]
0x36ceS0x320eB0x232fS0x15e2	[0x1852, [0x35da, nil]]
0x35e8S0x320eB0x232fS0x15e2	[0x1852, [0x35da, nil]]
0x31850S0x320eB0x232fS0x15e2	[0x1852, [0x35da, nil]]
0x3602S0x320eB0x232fS0x15e2	[0x1852, [0x35da, nil]]
0x32250S0x320eB0x232fS0x15e2	[0x1852, [0x35da, nil]]
0x3658S0x320eB0x232fS0x15e2	[0x1852, [0x35da, nil]]
0xbe39S0x320eB0x232fS0x15e2	[0x1852, [0x35da, nil]]
0x366bS0x320eB0x232fS0x15e2	[0x1852, [0x35da, nil]]
0x367eS0x320eB0x232fS0x15e2	[0x1852, [0x35da, nil]]
0x33650S0x320eB0x232fS0x15e2	[0x1852, [0x35da, nil]]
0x36dcS0x320eB0x232fS0x15e2	[0x1852, [0x35da, nil]]
0xbe61S0x320eB0x232fS0x15e2	[0x1852, [0x35da, nil]]
0xffed0S0x320eB0x232fS0x15e2	[0x1852, [0x35da, nil]]
0x100aebS0x320eB0x232fS0x15e2	[0x1852, [0x35da, nil]]
0x35edS0x320eB0x232fS0x15e2	[0x1852, [0x35da, nil]]
0x32c50S0x320eB0x232fS0x15e2	[0x1852, [0x35da, nil]]
0x46f5S0x464aB0x381f	[0x3cd6, nil]
0x46f7S0x464aB0x381f	[0x3cd6, nil]
0x46f8S0x464aB0x381f	[0x3cd6, nil]
0x46fcS0x464aB0x381f	[0x3cd6, nil]
0x46feS0x464aB0x381f	[0x3cd6, nil]
0x4701S0x464aB0x381f	[0x3cd6, nil]
0x4703S0x464aB0x381f	[0x3cd6, nil]
0x4706S0x464aB0x381f	[0x3cd6, nil]
0x4708S0x464aB0x381f	[0x3cd6, nil]
0x470aS0x464aB0x381f	[0x3cd6, nil]
0x470dS0x464aB0x381f	[0x3cd6, nil]
0x470fS0x464aB0x381f	[0x3cd6, nil]
0x4730S0x464aB0x381f	[0x3cd6, nil]
0x4733S0x464aB0x381f	[0x3cd6, nil]
0x4735S0x464aB0x381f	[0x3cd6, nil]
0x4740S0x464aB0x381f	[0x3cd6, nil]
0x4742S0x464aB0x381f	[0x3cd6, nil]
0x4743S0x464aB0x381f	[0x3cd6, nil]
0x4746S0x464aB0x381f	[0x3cd6, nil]
0x4748S0x464aB0x381f	[0x3cd6, nil]
0x474aS0x464aB0x381f	[0x3cd6, nil]
0x474bS0x464aB0x381f	[0x3cd6, nil]
0x474eS0x464aB0x381f	[0x3cd6, nil]
0x4700S0x464aB0x381f	[0x3cd6, nil]
0x4707S0x464aB0x381f	[0x3cd6, nil]
0x470eS0x464aB0x381f	[0x3cd6, nil]
0x4734S0x464aB0x381f	[0x3cd6, nil]
0x4747S0x464aB0x381f	[0x3cd6, nil]
0x467bS0x464aB0x381f	[0x3cd6, nil]
0x467dS0x464aB0x381f	[0x3cd6, nil]
0x4681S0x464aB0x381f	[0x3cd6, nil]
0x4683S0x464aB0x381f	[0x3cd6, nil]
0x4685S0x464aB0x381f	[0x3cd6, nil]
0x4687S0x464aB0x381f	[0x3cd6, nil]
0x4688S0x464aB0x381f	[0x3cd6, nil]
0x468cS0x464aB0x381f	[0x3cd6, nil]
0x4690S0x464aB0x381f	[0x3cd6, nil]
0x4692S0x464aB0x381f	[0x3cd6, nil]
0x4693S0x464aB0x381f	[0x3cd6, nil]
0x46b8S0x464aB0x381f	[0x3cd6, nil]
0x46baS0x464aB0x381f	[0x3cd6, nil]
0x46bcS0x464aB0x381f	[0x3cd6, nil]
0x46beS0x464aB0x381f	[0x3cd6, nil]
0x46bfS0x464aB0x381f	[0x3cd6, nil]
0x46c0S0x464aB0x381f	[0x3cd6, nil]
0x46c1S0x464aB0x381f	[0x3cd6, nil]
0x46c8S0x464aB0x381f	[0x3cd6, nil]
0x46cdS0x464aB0x381f	[0x3cd6, nil]
0x46ceS0x464aB0x381f	[0x3cd6, nil]
0x468aS0x464aB0x381f	[0x3cd6, nil]
0x468fS0x464aB0x381f	[0x3cd6, nil]
0x46b5S0x464aB0x381f	[0x3cd6, nil]
0x46d3S0x464aB0x381f	[0x3cd6, nil]
0x46d4S0x464aB0x381f	[0x3cd6, nil]
0x46d6S0x464aB0x381f	[0x3cd6, nil]
0x46d8S0x464aB0x381f	[0x3cd6, nil]
0x46dbS0x464aB0x381f	[0x3cd6, nil]
0x46f1S0x464aB0x381f	[0x3cd6, nil]
0x46f0_0x0S0x464aB0x381f	[0x3cd6, nil]
0x46f4S0x464aB0x381f	[0x3cd6, nil]
0x100131S0x464aB0x381f	[0x3cd6, nil]
0xc0beS0x464aB0x381f	[0x3cd6, nil]
0xc0c0S0x464aB0x381f	[0x3cd6, nil]
0xc0c3S0x464aB0x381f	[0x3cd6, nil]
0xc0c5S0x464aB0x381f	[0x3cd6, nil]
0x3cd7S0x464aB0x381f	[0x3cd6, nil]
0x3cdaS0x464aB0x381f	[0x3cd6, nil]
0x3cdbS0x464aB0x381f	[0x3cd6, nil]
0x3cddS0x464aB0x381f	[0x3cd6, nil]
0x3ce0S0x464aB0x381f	[0x3cd6, nil]
0x3ce1S0x464aB0x381f	[0x3cd6, nil]
0x3ce7S0x464aB0x381f	[0x3cd6, nil]
0x3ceaS0x464aB0x381f	[0x3cd6, nil]
0x3cecS0x464aB0x381f	[0x3cd6, nil]
0x3cedS0x464aB0x381f	[0x3cd6, nil]
0x3cefS0x464aB0x381f	[0x3cd6, nil]
0x3cf1S0x464aB0x381f	[0x3cd6, nil]
0x3cf3S0x464aB0x381f	[0x3cd6, nil]
0x3cf4S0x464aB0x381f	[0x3cd6, nil]
0x3cf5S0x464aB0x381f	[0x3cd6, nil]
0x3cf6S0x464aB0x381f	[0x3cd6, nil]
0x3cf8S0x464aB0x381f	[0x3cd6, nil]
0x3cfaS0x464aB0x381f	[0x3cd6, nil]
0x3cfcS0x464aB0x381f	[0x3cd6, nil]
0x3cfdS0x464aB0x381f	[0x3cd6, nil]
0x3cfeS0x464aB0x381f	[0x3cd6, nil]
0x3d01S0x464aB0x381f	[0x3cd6, nil]
0x3d05S0x464aB0x381f	[0x3cd6, nil]
0x3d09S0x464aB0x381f	[0x3cd6, nil]
0x3d0cS0x464aB0x381f	[0x3cd6, nil]
0x3ce3S0x464aB0x381f	[0x3cd6, nil]
0x3ce6S0x464aB0x381f	[0x3cd6, nil]
0x3d08S0x464aB0x381f	[0x3cd6, nil]
0x46dfS0x464aB0x381f	[0x3cd6, nil]
0x46e1S0x464aB0x381f	[0x3cd6, nil]
0x46e3S0x464aB0x381f	[0x3cd6, nil]
0x46e5S0x464aB0x381f	[0x3cd6, nil]
0x46e7S0x464aB0x381f	[0x3cd6, nil]
0x46ecS0x464aB0x381f	[0x3cd6, nil]
0x46efS0x464aB0x381f	[0x3cd6, nil]
0x5a46S0x46dcS0x464aB0x381f	[0x3cd6, [0x5a38, nil]]
0x5a49S0x46dcS0x464aB0x381f	[0x3cd6, [0x5a38, nil]]
0x5a39S0x46dcS0x464aB0x381f	[0x3cd6, [0x5a38, nil]]
0x5a3bS0x46dcS0x464aB0x381f	[0x3cd6, [0x5a38, nil]]
0x5a3fS0x46dcS0x464aB0x381f	[0x3cd6, [0x5a38, nil]]
0x5a40S0x46dcS0x464aB0x381f	[0x3cd6, [0x5a38, nil]]
0x5a41S0x46dcS0x464aB0x381f	[0x3cd6, [0x5a38, nil]]
0x5a42S0x46dcS0x464aB0x381f	[0x3cd6, [0x5a38, nil]]
0x5a45S0x46dcS0x464aB0x381f	[0x3cd6, [0x5a38, nil]]
0x5a4cS0x46dcS0x464aB0x381f	[0x3cd6, [0x5a38, nil]]
0x5a4dS0x46dcS0x464aB0x381f	[0x3cd6, [0x5a38, nil]]
0x5a51S0x46dcS0x464aB0x381f	[0x3cd6, [0x5a38, nil]]
0x5a54S0x46dcS0x464aB0x381f	[0x3cd6, [0x5a38, nil]]
0x4d43S0x5a4aS0x46dcS0x464aB0x381f	[0x3cd6, [0x5a38, [0x4d39, nil]]]
0x4d46S0x5a4aS0x46dcS0x464aB0x381f	[0x3cd6, [0x5a38, [0x4d39, nil]]]
0x4d3bS0x5a4aS0x46dcS0x464aB0x381f	[0x3cd6, [0x5a38, [0x4d39, nil]]]
0x4d3cS0x5a4aS0x46dcS0x464aB0x381f	[0x3cd6, [0x5a38, [0x4d39, nil]]]
0x4d3eS0x5a4aS0x46dcS0x464aB0x381f	[0x3cd6, [0x5a38, [0x4d39, nil]]]
0x4d3fS0x5a4aS0x46dcS0x464aB0x381f	[0x3cd6, [0x5a38, [0x4d39, nil]]]
0x4d42S0x5a4aS0x46dcS0x464aB0x381f	[0x3cd6, [0x5a38, [0x4d39, nil]]]
0x100819S0x46dcS0x464aB0x381f	[0x3cd6, [0x5a38, nil]]
0x10048aS0x5a4aS0x46dcS0x464aB0x381f	[0x3cd6, [0x5a38, [0x4d39, nil]]]
0x4792S0x467aS0x464aB0x381f	[0x3cd6, [0x474f, nil]]
0x4794S0x467aS0x464aB0x381f	[0x3cd6, [0x474f, nil]]
0x4797S0x467aS0x464aB0x381f	[0x3cd6, [0x474f, nil]]
0x4799S0x467aS0x464aB0x381f	[0x3cd6, [0x474f, nil]]
0x479aS0x467aS0x464aB0x381f	[0x3cd6, [0x474f, nil]]
0x479cS0x467aS0x464aB0x381f	[0x3cd6, [0x474f, nil]]
0x479dS0x467aS0x464aB0x381f	[0x3cd6, [0x474f, nil]]
0x479eS0x467aS0x464aB0x381f	[0x3cd6, [0x474f, nil]]
0x47a0S0x467aS0x464aB0x381f	[0x3cd6, [0x474f, nil]]
0x47a1S0x467aS0x464aB0x381f	[0x3cd6, [0x474f, nil]]
0x47a4S0x467aS0x464aB0x381f	[0x3cd6, [0x474f, nil]]
0x47a7S0x467aS0x464aB0x381f	[0x3cd6, [0x474f, nil]]
0x47a8S0x467aS0x464aB0x381f	[0x3cd6, [0x474f, nil]]
0x47aaS0x467aS0x464aB0x381f	[0x3cd6, [0x474f, nil]]
0x47adS0x467aS0x464aB0x381f	[0x3cd6, [0x474f, nil]]
0x47afS0x467aS0x464aB0x381f	[0x3cd6, [0x474f, nil]]
0x47b2S0x467aS0x464aB0x381f	[0x3cd6, [0x474f, nil]]
0x47a3S0x467aS0x464aB0x381f	[0x3cd6, [0x474f, nil]]
0x47a6S0x467aS0x464aB0x381f	[0x3cd6, [0x474f, nil]]
0x47aeS0x467aS0x464aB0x381f	[0x3cd6, [0x474f, nil]]
0x4750S0x467aS0x464aB0x381f	[0x3cd6, [0x474f, nil]]
0x4752S0x467aS0x464aB0x381f	[0x3cd6, [0x474f, nil]]
0x4757S0x467aS0x464aB0x381f	[0x3cd6, [0x474f, nil]]
0x475bS0x467aS0x464aB0x381f	[0x3cd6, [0x474f, nil]]
0x475fS0x467aS0x464aB0x381f	[0x3cd6, [0x474f, nil]]
0x4761S0x467aS0x464aB0x381f	[0x3cd6, [0x474f, nil]]
0x4763S0x467aS0x464aB0x381f	[0x3cd6, [0x474f, nil]]
0x4765S0x467aS0x464aB0x381f	[0x3cd6, [0x474f, nil]]
0x4766S0x467aS0x464aB0x381f	[0x3cd6, [0x474f, nil]]
0x4767S0x467aS0x464aB0x381f	[0x3cd6, [0x474f, nil]]
0x476aS0x467aS0x464aB0x381f	[0x3cd6, [0x474f, nil]]
0x476cS0x467aS0x464aB0x381f	[0x3cd6, [0x474f, nil]]
0x476dS0x467aS0x464aB0x381f	[0x3cd6, [0x474f, nil]]
0x4772S0x467aS0x464aB0x381f	[0x3cd6, [0x474f, nil]]
0x4775S0x467aS0x464aB0x381f	[0x3cd6, [0x474f, nil]]
0x100158S0x467aS0x464aB0x381f	[0x3cd6, [0x474f, nil]]
0x4777S0x467aS0x464aB0x381f	[0x3cd6, [0x474f, nil]]
0x4779S0x467aS0x464aB0x381f	[0x3cd6, [0x474f, nil]]
0x477bS0x467aS0x464aB0x381f	[0x3cd6, [0x474f, nil]]
0x477eS0x467aS0x464aB0x381f	[0x3cd6, [0x474f, nil]]
0x4782S0x467aS0x464aB0x381f	[0x3cd6, [0x474f, nil]]
0x4783S0x467aS0x464aB0x381f	[0x3cd6, [0x474f, nil]]
0x4788S0x467aS0x464aB0x381f	[0x3cd6, [0x474f, nil]]
0x478aS0x467aS0x464aB0x381f	[0x3cd6, [0x474f, nil]]
0x478dS0x467aS0x464aB0x381f	[0x3cd6, [0x474f, nil]]
0x478eS0x467aS0x464aB0x381f	[0x3cd6, [0x474f, nil]]
0x4791S0x467aS0x464aB0x381f	[0x3cd6, [0x474f, nil]]
0x5a56S0x467aS0x464aB0x381f	[0x3cd6, [0x474f, nil]]
0x5a59S0x467aS0x464aB0x381f	[0x3cd6, [0x474f, nil]]
0x5a5aS0x467aS0x464aB0x381f	[0x3cd6, [0x474f, nil]]
0x5a5fS0x467aS0x464aB0x381f	[0x3cd6, [0x474f, nil]]
0x5a62S0x467aS0x464aB0x381f	[0x3cd6, [0x474f, nil]]
0x5a63S0x467aS0x464aB0x381f	[0x3cd6, [0x474f, nil]]
0x5a66S0x467aS0x464aB0x381f	[0x3cd6, [0x474f, nil]]
0x47b4S0x467aS0x464aB0x381f	[0x3cd6, [0x474f, nil]]
0x3a430S0x467aS0x464aB0x381f	[0x3cd6, [0x474f, nil]]
0x3a450S0x467aS0x464aB0x381f	[0x3cd6, [0x474f, nil]]
0x47beS0x467aS0x464aB0x381f	[0x3cd6, [0x474f, nil]]
0x47c5S0x467aS0x464aB0x381f	[0x3cd6, [0x474f, nil]]
0x47b8_0x1S0x467aS0x464aB0x381f	[0x3cd6, [0x474f, nil]]
0x47c8S0x467aS0x464aB0x381f	[0x3cd6, [0x474f, nil]]
0x47d3S0x467aS0x464aB0x381f	[0x3cd6, [0x474f, nil]]
0x5a6bS0x467aS0x464aB0x381f	[0x3cd6, [0x474f, nil]]
0x5a70S0x467aS0x464aB0x381f	[0x3cd6, [0x474f, nil]]
0x498cS0x5a55S0x467aS0x464aB0x381f	[0x3cd6, [0x474f, [0x496e, nil]]]
0x498fS0x5a55S0x467aS0x464aB0x381f	[0x3cd6, [0x474f, [0x496e, nil]]]
0x4991S0x5a55S0x467aS0x464aB0x381f	[0x3cd6, [0x474f, [0x496e, nil]]]
0x4990S0x5a55S0x467aS0x464aB0x381f	[0x3cd6, [0x474f, [0x496e, nil]]]
0x4974S0x5a55S0x467aS0x464aB0x381f	[0x3cd6, [0x474f, [0x496e, nil]]]
0x4975S0x5a55S0x467aS0x464aB0x381f	[0x3cd6, [0x474f, [0x496e, nil]]]
0x4976S0x5a55S0x467aS0x464aB0x381f	[0x3cd6, [0x474f, [0x496e, nil]]]
0x4971_0x0S0x5a55S0x467aS0x464aB0x381f	[0x3cd6, [0x474f, [0x496e, nil]]]
0x4979S0x5a55S0x467aS0x464aB0x381f	[0x3cd6, [0x474f, [0x496e, nil]]]
0x496fS0x5a55S0x467aS0x464aB0x381f	[0x3cd6, [0x474f, [0x496e, nil]]]
0x3b830S0x5a55S0x467aS0x464aB0x381f	[0x3cd6, [0x474f, [0x496e, nil]]]
0x3b850S0x5a55S0x467aS0x464aB0x381f	[0x3cd6, [0x474f, [0x496e, nil]]]
0x497cS0x5a55S0x467aS0x464aB0x381f	[0x3cd6, [0x474f, [0x496e, nil]]]
0x497dS0x5a55S0x467aS0x464aB0x381f	[0x3cd6, [0x474f, [0x496e, nil]]]
0x4980S0x5a55S0x467aS0x464aB0x381f	[0x3cd6, [0x474f, [0x496e, nil]]]
0x4982S0x5a55S0x467aS0x464aB0x381f	[0x3cd6, [0x474f, [0x496e, nil]]]
0x4984S0x5a55S0x467aS0x464aB0x381f	[0x3cd6, [0x474f, [0x496e, nil]]]
0x4985S0x5a55S0x467aS0x464aB0x381f	[0x3cd6, [0x474f, [0x496e, nil]]]
0x497a_0x0S0x5a55S0x467aS0x464aB0x381f	[0x3cd6, [0x474f, [0x496e, nil]]]
0x4988S0x5a55S0x467aS0x464aB0x381f	[0x3cd6, [0x474f, [0x496e, nil]]]
0x4981S0x5a55S0x467aS0x464aB0x381f	[0x3cd6, [0x474f, [0x496e, nil]]]
0x47e6S0x47b8S0x467aS0x464aB0x381f	[0x3cd6, [0x474f, [0x47d4, nil]]]
0x47e8S0x47b8S0x467aS0x464aB0x381f	[0x3cd6, [0x474f, [0x47d4, nil]]]
0x47eaS0x47b8S0x467aS0x464aB0x381f	[0x3cd6, [0x474f, [0x47d4, nil]]]
0x47ecS0x47b8S0x467aS0x464aB0x381f	[0x3cd6, [0x474f, [0x47d4, nil]]]
0x47edS0x47b8S0x467aS0x464aB0x381f	[0x3cd6, [0x474f, [0x47d4, nil]]]
0x47efS0x47b8S0x467aS0x464aB0x381f	[0x3cd6, [0x474f, [0x47d4, nil]]]
0x47f0S0x47b8S0x467aS0x464aB0x381f	[0x3cd6, [0x474f, [0x47d4, nil]]]
0x47f1S0x47b8S0x467aS0x464aB0x381f	[0x3cd6, [0x474f, [0x47d4, nil]]]
0x47f4S0x47b8S0x467aS0x464aB0x381f	[0x3cd6, [0x474f, [0x47d4, nil]]]
0x47f5S0x47b8S0x467aS0x464aB0x381f	[0x3cd6, [0x474f, [0x47d4, nil]]]
0x47f7S0x47b8S0x467aS0x464aB0x381f	[0x3cd6, [0x474f, [0x47d4, nil]]]
0x47f8S0x47b8S0x467aS0x464aB0x381f	[0x3cd6, [0x474f, [0x47d4, nil]]]
0x47fcS0x47b8S0x467aS0x464aB0x381f	[0x3cd6, [0x474f, [0x47d4, nil]]]
0x47feS0x47b8S0x467aS0x464aB0x381f	[0x3cd6, [0x474f, [0x47d4, nil]]]
0x4801S0x47b8S0x467aS0x464aB0x381f	[0x3cd6, [0x474f, [0x47d4, nil]]]
0x4803S0x47b8S0x467aS0x464aB0x381f	[0x3cd6, [0x474f, [0x47d4, nil]]]
0x4806S0x47b8S0x467aS0x464aB0x381f	[0x3cd6, [0x474f, [0x47d4, nil]]]
0x4808S0x47b8S0x467aS0x464aB0x381f	[0x3cd6, [0x474f, [0x47d4, nil]]]
0x480aS0x47b8S0x467aS0x464aB0x381f	[0x3cd6, [0x474f, [0x47d4, nil]]]
0x480dS0x47b8S0x467aS0x464aB0x381f	[0x3cd6, [0x474f, [0x47d4, nil]]]
0x480fS0x47b8S0x467aS0x464aB0x381f	[0x3cd6, [0x474f, [0x47d4, nil]]]
0x4830S0x47b8S0x467aS0x464aB0x381f	[0x3cd6, [0x474f, [0x47d4, nil]]]
0x4833S0x47b8S0x467aS0x464aB0x381f	[0x3cd6, [0x474f, [0x47d4, nil]]]
0x4835S0x47b8S0x467aS0x464aB0x381f	[0x3cd6, [0x474f, [0x47d4, nil]]]
0x4837S0x47b8S0x467aS0x464aB0x381f	[0x3cd6, [0x474f, [0x47d4, nil]]]
0x4838S0x47b8S0x467aS0x464aB0x381f	[0x3cd6, [0x474f, [0x47d4, nil]]]
0x483bS0x47b8S0x467aS0x464aB0x381f	[0x3cd6, [0x474f, [0x47d4, nil]]]
0x4800S0x47b8S0x467aS0x464aB0x381f	[0x3cd6, [0x474f, [0x47d4, nil]]]
0x4807S0x47b8S0x467aS0x464aB0x381f	[0x3cd6, [0x474f, [0x47d4, nil]]]
0x480eS0x47b8S0x467aS0x464aB0x381f	[0x3cd6, [0x474f, [0x47d4, nil]]]
0x4834S0x47b8S0x467aS0x464aB0x381f	[0x3cd6, [0x474f, [0x47d4, nil]]]
0x47d5S0x47b8S0x467aS0x464aB0x381f	[0x3cd6, [0x474f, [0x47d4, nil]]]
0x47d8S0x47b8S0x467aS0x464aB0x381f	[0x3cd6, [0x474f, [0x47d4, nil]]]
0x47d9S0x47b8S0x467aS0x464aB0x381f	[0x3cd6, [0x474f, [0x47d4, nil]]]
0x47dcS0x47b8S0x467aS0x464aB0x381f	[0x3cd6, [0x474f, [0x47d4, nil]]]
0x4844S0x47b8S0x467aS0x464aB0x381f	[0x3cd6, [0x474f, [0x47d4, nil]]]
0x484aS0x47b8S0x467aS0x464aB0x381f	[0x3cd6, [0x474f, [0x47d4, nil]]]
0x484bS0x47b8S0x467aS0x464aB0x381f	[0x3cd6, [0x474f, [0x47d4, nil]]]
0x484cS0x47b8S0x467aS0x464aB0x381f	[0x3cd6, [0x474f, [0x47d4, nil]]]
0x484fS0x47b8S0x467aS0x464aB0x381f	[0x3cd6, [0x474f, [0x47d4, nil]]]
0x10017bS0x47b8S0x467aS0x464aB0x381f	[0x3cd6, [0x474f, [0x47d4, nil]]]
0x10017eS0x47b8S0x467aS0x464aB0x381f	[0x3cd6, [0x474f, [0x47d4, nil]]]
0x1001a1S0x47b8S0x467aS0x464aB0x381f	[0x3cd6, [0x474f, [0x47d4, nil]]]
0x1001a4S0x47b8S0x467aS0x464aB0x381f	[0x3cd6, [0x474f, [0x47d4, nil]]]
0xc0e6S0x47b8S0x467aS0x464aB0x381f	[0x3cd6, [0x474f, [0x47d4, nil]]]
0xc0e8S0x47b8S0x467aS0x464aB0x381f	[0x3cd6, [0x474f, [0x47d4, nil]]]
0xc0ebS0x47b8S0x467aS0x464aB0x381f	[0x3cd6, [0x474f, [0x47d4, nil]]]
0xc0edS0x47b8S0x467aS0x464aB0x381f	[0x3cd6, [0x474f, [0x47d4, nil]]]
0x485aS0x47b8S0x467aS0x464aB0x381f	[0x3cd6, [0x474f, [0x47d4, nil]]]
0x485cS0x47b8S0x467aS0x464aB0x381f	[0x3cd6, [0x474f, [0x47d4, nil]]]
0x485dS0x47b8S0x467aS0x464aB0x381f	[0x3cd6, [0x474f, [0x47d4, nil]]]
0x4861S0x47b8S0x467aS0x464aB0x381f	[0x3cd6, [0x474f, [0x47d4, nil]]]
0x4863S0x47b8S0x467aS0x464aB0x381f	[0x3cd6, [0x474f, [0x47d4, nil]]]
0x4866S0x47b8S0x467aS0x464aB0x381f	[0x3cd6, [0x474f, [0x47d4, nil]]]
0x4868S0x47b8S0x467aS0x464aB0x381f	[0x3cd6, [0x474f, [0x47d4, nil]]]
0x4869S0x47b8S0x467aS0x464aB0x381f	[0x3cd6, [0x474f, [0x47d4, nil]]]
0x486eS0x47b8S0x467aS0x464aB0x381f	[0x3cd6, [0x474f, [0x47d4, nil]]]
0x4871S0x47b8S0x467aS0x464aB0x381f	[0x3cd6, [0x474f, [0x47d4, nil]]]
0x4865S0x47b8S0x467aS0x464aB0x381f	[0x3cd6, [0x474f, [0x47d4, nil]]]
0x100213S0x47b8S0x467aS0x464aB0x381f	[0x3cd6, [0x474f, [0x47d4, nil]]]
0x100215S0x47b8S0x467aS0x464aB0x381f	[0x3cd6, [0x474f, [0x47d4, nil]]]
0x100218S0x47b8S0x467aS0x464aB0x381f	[0x3cd6, [0x474f, [0x47d4, nil]]]
0x10021aS0x47b8S0x467aS0x464aB0x381f	[0x3cd6, [0x474f, [0x47d4, nil]]]
0x101204S0x47b8S0x467aS0x464aB0x381f	[0x3cd6, [0x474f, [0x47d4, nil]]]
0x10122bS0x47b8S0x467aS0x464aB0x381f	[0x3cd6, [0x474f, [0x47d4, nil]]]
0x47deS0x47b8S0x467aS0x464aB0x381f	[0x3cd6, [0x474f, [0x47d4, nil]]]
0x47dfS0x47b8S0x467aS0x464aB0x381f	[0x3cd6, [0x474f, [0x47d4, nil]]]
0x47e1S0x47b8S0x467aS0x464aB0x381f	[0x3cd6, [0x474f, [0x47d4, nil]]]
0x47e2S0x47b8S0x467aS0x464aB0x381f	[0x3cd6, [0x474f, [0x47d4, nil]]]
0x47e5S0x47b8S0x467aS0x464aB0x381f	[0x3cd6, [0x474f, [0x47d4, nil]]]
0x4851S0x47b8S0x467aS0x464aB0x381f	[0x3cd6, [0x474f, [0x47d4, nil]]]
0x4854S0x47b8S0x467aS0x464aB0x381f	[0x3cd6, [0x474f, [0x47d4, nil]]]
0x4856S0x47b8S0x467aS0x464aB0x381f	[0x3cd6, [0x474f, [0x47d4, nil]]]
0x4857S0x47b8S0x467aS0x464aB0x381f	[0x3cd6, [0x474f, [0x47d4, nil]]]
0x49bfS0x4858S0x47b8S0x467aS0x464aB0x381f	[0x3cd6, [0x474f, [0x47d4, [0x49be, nil]]]]
0x49c3S0x4858S0x47b8S0x467aS0x464aB0x381f	[0x3cd6, [0x474f, [0x47d4, [0x49be, nil]]]]
0x49c5S0x4858S0x47b8S0x467aS0x464aB0x381f	[0x3cd6, [0x474f, [0x47d4, [0x49be, nil]]]]
0x49c8S0x4858S0x47b8S0x467aS0x464aB0x381f	[0x3cd6, [0x474f, [0x47d4, [0x49be, nil]]]]
0x49cbS0x4858S0x47b8S0x467aS0x464aB0x381f	[0x3cd6, [0x474f, [0x47d4, [0x49be, nil]]]]
0x49cdS0x4858S0x47b8S0x467aS0x464aB0x381f	[0x3cd6, [0x474f, [0x47d4, [0x49be, nil]]]]
0x49d0S0x4858S0x47b8S0x467aS0x464aB0x381f	[0x3cd6, [0x474f, [0x47d4, [0x49be, nil]]]]
0x49c2S0x4858S0x47b8S0x467aS0x464aB0x381f	[0x3cd6, [0x474f, [0x47d4, [0x49be, nil]]]]
0x10031eS0x4858S0x47b8S0x467aS0x464aB0x381f	[0x3cd6, [0x474f, [0x47d4, [0x49be, nil]]]]
0x49abS0x49beS0x4858S0x47b8S0x467aS0x464aB0x381f	[0x3cd6, [0x474f, [0x47d4, [0x49be, [0x4992, nil]]]]]
0x49adS0x49beS0x4858S0x47b8S0x467aS0x464aB0x381f	[0x3cd6, [0x474f, [0x47d4, [0x49be, [0x4992, nil]]]]]
0x49aeS0x49beS0x4858S0x47b8S0x467aS0x464aB0x381f	[0x3cd6, [0x474f, [0x47d4, [0x49be, [0x4992, nil]]]]]
0x49b0S0x49beS0x4858S0x47b8S0x467aS0x464aB0x381f	[0x3cd6, [0x474f, [0x47d4, [0x49be, [0x4992, nil]]]]]
0x49b1S0x49beS0x4858S0x47b8S0x467aS0x464aB0x381f	[0x3cd6, [0x474f, [0x47d4, [0x49be, [0x4992, nil]]]]]
0x49b5S0x49beS0x4858S0x47b8S0x467aS0x464aB0x381f	[0x3cd6, [0x474f, [0x47d4, [0x49be, [0x4992, nil]]]]]
0x49b6S0x49beS0x4858S0x47b8S0x467aS0x464aB0x381f	[0x3cd6, [0x474f, [0x47d4, [0x49be, [0x4992, nil]]]]]
0x49b8S0x49beS0x4858S0x47b8S0x467aS0x464aB0x381f	[0x3cd6, [0x474f, [0x47d4, [0x49be, [0x4992, nil]]]]]
0x49bdS0x49beS0x4858S0x47b8S0x467aS0x464aB0x381f	[0x3cd6, [0x474f, [0x47d4, [0x49be, [0x4992, nil]]]]]
0x4993S0x49beS0x4858S0x47b8S0x467aS0x464aB0x381f	[0x3cd6, [0x474f, [0x47d4, [0x49be, [0x4992, nil]]]]]
0x4996S0x49beS0x4858S0x47b8S0x467aS0x464aB0x381f	[0x3cd6, [0x474f, [0x47d4, [0x49be, [0x4992, nil]]]]]
0x499aS0x49beS0x4858S0x47b8S0x467aS0x464aB0x381f	[0x3cd6, [0x474f, [0x47d4, [0x49be, [0x4992, nil]]]]]
0x499eS0x49beS0x4858S0x47b8S0x467aS0x464aB0x381f	[0x3cd6, [0x474f, [0x47d4, [0x49be, [0x4992, nil]]]]]
0x49a1S0x49beS0x4858S0x47b8S0x467aS0x464aB0x381f	[0x3cd6, [0x474f, [0x47d4, [0x49be, [0x4992, nil]]]]]
0x49a2S0x49beS0x4858S0x47b8S0x467aS0x464aB0x381f	[0x3cd6, [0x474f, [0x47d4, [0x49be, [0x4992, nil]]]]]
0x49a5S0x49beS0x4858S0x47b8S0x467aS0x464aB0x381f	[0x3cd6, [0x474f, [0x47d4, [0x49be, [0x4992, nil]]]]]
0x49a6S0x49beS0x4858S0x47b8S0x467aS0x464aB0x381f	[0x3cd6, [0x474f, [0x47d4, [0x49be, [0x4992, nil]]]]]
0x49a9S0x49beS0x4858S0x47b8S0x467aS0x464aB0x381f	[0x3cd6, [0x474f, [0x47d4, [0x49be, [0x4992, nil]]]]]
0x4999S0x49beS0x4858S0x47b8S0x467aS0x464aB0x381f	[0x3cd6, [0x474f, [0x47d4, [0x49be, [0x4992, nil]]]]]
0x498cS0x4992S0x49beS0x4858S0x47b8S0x467aS0x464aB0x381f	[0x3cd6, [0x474f, [0x47d4, [0x49be, [0x4992, [0x496e, nil]]]]]]
0x498fS0x4992S0x49beS0x4858S0x47b8S0x467aS0x464aB0x381f	[0x3cd6, [0x474f, [0x47d4, [0x49be, [0x4992, [0x496e, nil]]]]]]
0x4991S0x4992S0x49beS0x4858S0x47b8S0x467aS0x464aB0x381f	[0x3cd6, [0x474f, [0x47d4, [0x49be, [0x4992, [0x496e, nil]]]]]]
0x4990S0x4992S0x49beS0x4858S0x47b8S0x467aS0x464aB0x381f	[0x3cd6, [0x474f, [0x47d4, [0x49be, [0x4992, [0x496e, nil]]]]]]
0x4974S0x4992S0x49beS0x4858S0x47b8S0x467aS0x464aB0x381f	[0x3cd6, [0x474f, [0x47d4, [0x49be, [0x4992, [0x496e, nil]]]]]]
0x4975S0x4992S0x49beS0x4858S0x47b8S0x467aS0x464aB0x381f	[0x3cd6, [0x474f, [0x47d4, [0x49be, [0x4992, [0x496e, nil]]]]]]
0x4976S0x4992S0x49beS0x4858S0x47b8S0x467aS0x464aB0x381f	[0x3cd6, [0x474f, [0x47d4, [0x49be, [0x4992, [0x496e, nil]]]]]]
0x4971_0x0S0x4992S0x49beS0x4858S0x47b8S0x467aS0x464aB0x381f	[0x3cd6, [0x474f, [0x47d4, [0x49be, [0x4992, [0x496e, nil]]]]]]
0x4979S0x4992S0x49beS0x4858S0x47b8S0x467aS0x464aB0x381f	[0x3cd6, [0x474f, [0x47d4, [0x49be, [0x4992, [0x496e, nil]]]]]]
0x496fS0x4992S0x49beS0x4858S0x47b8S0x467aS0x464aB0x381f	[0x3cd6, [0x474f, [0x47d4, [0x49be, [0x4992, [0x496e, nil]]]]]]
0x3b830S0x4992S0x49beS0x4858S0x47b8S0x467aS0x464aB0x381f	[0x3cd6, [0x474f, [0x47d4, [0x49be, [0x4992, [0x496e, nil]]]]]]
0x3b850S0x4992S0x49beS0x4858S0x47b8S0x467aS0x464aB0x381f	[0x3cd6, [0x474f, [0x47d4, [0x49be, [0x4992, [0x496e, nil]]]]]]
0x497cS0x4992S0x49beS0x4858S0x47b8S0x467aS0x464aB0x381f	[0x3cd6, [0x474f, [0x47d4, [0x49be, [0x4992, [0x496e, nil]]]]]]
0x497dS0x4992S0x49beS0x4858S0x47b8S0x467aS0x464aB0x381f	[0x3cd6, [0x474f, [0x47d4, [0x49be, [0x4992, [0x496e, nil]]]]]]
0x4980S0x4992S0x49beS0x4858S0x47b8S0x467aS0x464aB0x381f	[0x3cd6, [0x474f, [0x47d4, [0x49be, [0x4992, [0x496e, nil]]]]]]
0x4982S0x4992S0x49beS0x4858S0x47b8S0x467aS0x464aB0x381f	[0x3cd6, [0x474f, [0x47d4, [0x49be, [0x4992, [0x496e, nil]]]]]]
0x4984S0x4992S0x49beS0x4858S0x47b8S0x467aS0x464aB0x381f	[0x3cd6, [0x474f, [0x47d4, [0x49be, [0x4992, [0x496e, nil]]]]]]
0x4985S0x4992S0x49beS0x4858S0x47b8S0x467aS0x464aB0x381f	[0x3cd6, [0x474f, [0x47d4, [0x49be, [0x4992, [0x496e, nil]]]]]]
0x497a_0x0S0x4992S0x49beS0x4858S0x47b8S0x467aS0x464aB0x381f	[0x3cd6, [0x474f, [0x47d4, [0x49be, [0x4992, [0x496e, nil]]]]]]
0x4988S0x4992S0x49beS0x4858S0x47b8S0x467aS0x464aB0x381f	[0x3cd6, [0x474f, [0x47d4, [0x49be, [0x4992, [0x496e, nil]]]]]]
0x4981S0x4992S0x49beS0x4858S0x47b8S0x467aS0x464aB0x381f	[0x3cd6, [0x474f, [0x47d4, [0x49be, [0x4992, [0x496e, nil]]]]]]
0x46f5S0x3ca2B0x3c13	[0x3cd6, nil]
0x46f7S0x3ca2B0x3c13	[0x3cd6, nil]
0x46f8S0x3ca2B0x3c13	[0x3cd6, nil]
0x46fcS0x3ca2B0x3c13	[0x3cd6, nil]
0x46feS0x3ca2B0x3c13	[0x3cd6, nil]
0x4701S0x3ca2B0x3c13	[0x3cd6, nil]
0x4703S0x3ca2B0x3c13	[0x3cd6, nil]
0x4706S0x3ca2B0x3c13	[0x3cd6, nil]
0x4708S0x3ca2B0x3c13	[0x3cd6, nil]
0x470aS0x3ca2B0x3c13	[0x3cd6, nil]
0x470dS0x3ca2B0x3c13	[0x3cd6, nil]
0x470fS0x3ca2B0x3c13	[0x3cd6, nil]
0x4730S0x3ca2B0x3c13	[0x3cd6, nil]
0x4733S0x3ca2B0x3c13	[0x3cd6, nil]
0x4735S0x3ca2B0x3c13	[0x3cd6, nil]
0x4740S0x3ca2B0x3c13	[0x3cd6, nil]
0x4742S0x3ca2B0x3c13	[0x3cd6, nil]
0x4743S0x3ca2B0x3c13	[0x3cd6, nil]
0x4746S0x3ca2B0x3c13	[0x3cd6, nil]
0x4748S0x3ca2B0x3c13	[0x3cd6, nil]
0x474aS0x3ca2B0x3c13	[0x3cd6, nil]
0x474bS0x3ca2B0x3c13	[0x3cd6, nil]
0x474eS0x3ca2B0x3c13	[0x3cd6, nil]
0x4700S0x3ca2B0x3c13	[0x3cd6, nil]
0x4707S0x3ca2B0x3c13	[0x3cd6, nil]
0x470eS0x3ca2B0x3c13	[0x3cd6, nil]
0x4734S0x3ca2B0x3c13	[0x3cd6, nil]
0x4747S0x3ca2B0x3c13	[0x3cd6, nil]
0x467bS0x3ca2B0x3c13	[0x3cd6, nil]
0x467dS0x3ca2B0x3c13	[0x3cd6, nil]
0x4681S0x3ca2B0x3c13	[0x3cd6, nil]
0x4683S0x3ca2B0x3c13	[0x3cd6, nil]
0x4685S0x3ca2B0x3c13	[0x3cd6, nil]
0x4687S0x3ca2B0x3c13	[0x3cd6, nil]
0x4688S0x3ca2B0x3c13	[0x3cd6, nil]
0x468cS0x3ca2B0x3c13	[0x3cd6, nil]
0x4690S0x3ca2B0x3c13	[0x3cd6, nil]
0x4692S0x3ca2B0x3c13	[0x3cd6, nil]
0x4693S0x3ca2B0x3c13	[0x3cd6, nil]
0x46b8S0x3ca2B0x3c13	[0x3cd6, nil]
0x46baS0x3ca2B0x3c13	[0x3cd6, nil]
0x46bcS0x3ca2B0x3c13	[0x3cd6, nil]
0x46beS0x3ca2B0x3c13	[0x3cd6, nil]
0x46bfS0x3ca2B0x3c13	[0x3cd6, nil]
0x46c0S0x3ca2B0x3c13	[0x3cd6, nil]
0x46c1S0x3ca2B0x3c13	[0x3cd6, nil]
0x46c8S0x3ca2B0x3c13	[0x3cd6, nil]
0x46cdS0x3ca2B0x3c13	[0x3cd6, nil]
0x46ceS0x3ca2B0x3c13	[0x3cd6, nil]
0x468aS0x3ca2B0x3c13	[0x3cd6, nil]
0x468fS0x3ca2B0x3c13	[0x3cd6, nil]
0x46b5S0x3ca2B0x3c13	[0x3cd6, nil]
0x46d3S0x3ca2B0x3c13	[0x3cd6, nil]
0x46d4S0x3ca2B0x3c13	[0x3cd6, nil]
0x46d6S0x3ca2B0x3c13	[0x3cd6, nil]
0x46d8S0x3ca2B0x3c13	[0x3cd6, nil]
0x46dbS0x3ca2B0x3c13	[0x3cd6, nil]
0x46f1S0x3ca2B0x3c13	[0x3cd6, nil]
0x46f0_0x0S0x3ca2B0x3c13	[0x3cd6, nil]
0x46f4S0x3ca2B0x3c13	[0x3cd6, nil]
0x100131S0x3ca2B0x3c13	[0x3cd6, nil]
0xc0beS0x3ca2B0x3c13	[0x3cd6, nil]
0xc0c0S0x3ca2B0x3c13	[0x3cd6, nil]
0xc0c3S0x3ca2B0x3c13	[0x3cd6, nil]
0xc0c5S0x3ca2B0x3c13	[0x3cd6, nil]
0x3cd7S0x3ca2B0x3c13	[0x3cd6, nil]
0x3cdaS0x3ca2B0x3c13	[0x3cd6, nil]
0x3cdbS0x3ca2B0x3c13	[0x3cd6, nil]
0x3cddS0x3ca2B0x3c13	[0x3cd6, nil]
0x3ce0S0x3ca2B0x3c13	[0x3cd6, nil]
0x3ce1S0x3ca2B0x3c13	[0x3cd6, nil]
0x3ce7S0x3ca2B0x3c13	[0x3cd6, nil]
0x3ceaS0x3ca2B0x3c13	[0x3cd6, nil]
0x3cecS0x3ca2B0x3c13	[0x3cd6, nil]
0x3cedS0x3ca2B0x3c13	[0x3cd6, nil]
0x3cefS0x3ca2B0x3c13	[0x3cd6, nil]
0x3cf1S0x3ca2B0x3c13	[0x3cd6, nil]
0x3cf3S0x3ca2B0x3c13	[0x3cd6, nil]
0x3cf4S0x3ca2B0x3c13	[0x3cd6, nil]
0x3cf5S0x3ca2B0x3c13	[0x3cd6, nil]
0x3cf6S0x3ca2B0x3c13	[0x3cd6, nil]
0x3cf8S0x3ca2B0x3c13	[0x3cd6, nil]
0x3cfaS0x3ca2B0x3c13	[0x3cd6, nil]
0x3cfcS0x3ca2B0x3c13	[0x3cd6, nil]
0x3cfdS0x3ca2B0x3c13	[0x3cd6, nil]
0x3cfeS0x3ca2B0x3c13	[0x3cd6, nil]
0x3d01S0x3ca2B0x3c13	[0x3cd6, nil]
0x3d05S0x3ca2B0x3c13	[0x3cd6, nil]
0x3d09S0x3ca2B0x3c13	[0x3cd6, nil]
0x3d0cS0x3ca2B0x3c13	[0x3cd6, nil]
0x3ce3S0x3ca2B0x3c13	[0x3cd6, nil]
0x3ce6S0x3ca2B0x3c13	[0x3cd6, nil]
0x3d08S0x3ca2B0x3c13	[0x3cd6, nil]
0x46dfS0x3ca2B0x3c13	[0x3cd6, nil]
0x46e1S0x3ca2B0x3c13	[0x3cd6, nil]
0x46e3S0x3ca2B0x3c13	[0x3cd6, nil]
0x46e5S0x3ca2B0x3c13	[0x3cd6, nil]
0x46e7S0x3ca2B0x3c13	[0x3cd6, nil]
0x46ecS0x3ca2B0x3c13	[0x3cd6, nil]
0x46efS0x3ca2B0x3c13	[0x3cd6, nil]
0x5a46S0x46dcS0x3ca2B0x3c13	[0x3cd6, [0x5a38, nil]]
0x5a49S0x46dcS0x3ca2B0x3c13	[0x3cd6, [0x5a38, nil]]
0x5a39S0x46dcS0x3ca2B0x3c13	[0x3cd6, [0x5a38, nil]]
0x5a3bS0x46dcS0x3ca2B0x3c13	[0x3cd6, [0x5a38, nil]]
0x5a3fS0x46dcS0x3ca2B0x3c13	[0x3cd6, [0x5a38, nil]]
0x5a40S0x46dcS0x3ca2B0x3c13	[0x3cd6, [0x5a38, nil]]
0x5a41S0x46dcS0x3ca2B0x3c13	[0x3cd6, [0x5a38, nil]]
0x5a42S0x46dcS0x3ca2B0x3c13	[0x3cd6, [0x5a38, nil]]
0x5a45S0x46dcS0x3ca2B0x3c13	[0x3cd6, [0x5a38, nil]]
0x5a4cS0x46dcS0x3ca2B0x3c13	[0x3cd6, [0x5a38, nil]]
0x5a4dS0x46dcS0x3ca2B0x3c13	[0x3cd6, [0x5a38, nil]]
0x5a51S0x46dcS0x3ca2B0x3c13	[0x3cd6, [0x5a38, nil]]
0x5a54S0x46dcS0x3ca2B0x3c13	[0x3cd6, [0x5a38, nil]]
0x4d43S0x5a4aS0x46dcS0x3ca2B0x3c13	[0x3cd6, [0x5a38, [0x4d39, nil]]]
0x4d46S0x5a4aS0x46dcS0x3ca2B0x3c13	[0x3cd6, [0x5a38, [0x4d39, nil]]]
0x4d3bS0x5a4aS0x46dcS0x3ca2B0x3c13	[0x3cd6, [0x5a38, [0x4d39, nil]]]
0x4d3cS0x5a4aS0x46dcS0x3ca2B0x3c13	[0x3cd6, [0x5a38, [0x4d39, nil]]]
0x4d3eS0x5a4aS0x46dcS0x3ca2B0x3c13	[0x3cd6, [0x5a38, [0x4d39, nil]]]
0x4d3fS0x5a4aS0x46dcS0x3ca2B0x3c13	[0x3cd6, [0x5a38, [0x4d39, nil]]]
0x4d42S0x5a4aS0x46dcS0x3ca2B0x3c13	[0x3cd6, [0x5a38, [0x4d39, nil]]]
0x100819S0x46dcS0x3ca2B0x3c13	[0x3cd6, [0x5a38, nil]]
0x10048aS0x5a4aS0x46dcS0x3ca2B0x3c13	[0x3cd6, [0x5a38, [0x4d39, nil]]]
0x4792S0x467aS0x3ca2B0x3c13	[0x3cd6, [0x474f, nil]]
0x4794S0x467aS0x3ca2B0x3c13	[0x3cd6, [0x474f, nil]]
0x4797S0x467aS0x3ca2B0x3c13	[0x3cd6, [0x474f, nil]]
0x4799S0x467aS0x3ca2B0x3c13	[0x3cd6, [0x474f, nil]]
0x479aS0x467aS0x3ca2B0x3c13	[0x3cd6, [0x474f, nil]]
0x479cS0x467aS0x3ca2B0x3c13	[0x3cd6, [0x474f, nil]]
0x479dS0x467aS0x3ca2B0x3c13	[0x3cd6, [0x474f, nil]]
0x479eS0x467aS0x3ca2B0x3c13	[0x3cd6, [0x474f, nil]]
0x47a0S0x467aS0x3ca2B0x3c13	[0x3cd6, [0x474f, nil]]
0x47a1S0x467aS0x3ca2B0x3c13	[0x3cd6, [0x474f, nil]]
0x47a4S0x467aS0x3ca2B0x3c13	[0x3cd6, [0x474f, nil]]
0x47a7S0x467aS0x3ca2B0x3c13	[0x3cd6, [0x474f, nil]]
0x47a8S0x467aS0x3ca2B0x3c13	[0x3cd6, [0x474f, nil]]
0x47aaS0x467aS0x3ca2B0x3c13	[0x3cd6, [0x474f, nil]]
0x47adS0x467aS0x3ca2B0x3c13	[0x3cd6, [0x474f, nil]]
0x47afS0x467aS0x3ca2B0x3c13	[0x3cd6, [0x474f, nil]]
0x47b2S0x467aS0x3ca2B0x3c13	[0x3cd6, [0x474f, nil]]
0x47a3S0x467aS0x3ca2B0x3c13	[0x3cd6, [0x474f, nil]]
0x47a6S0x467aS0x3ca2B0x3c13	[0x3cd6, [0x474f, nil]]
0x47aeS0x467aS0x3ca2B0x3c13	[0x3cd6, [0x474f, nil]]
0x4750S0x467aS0x3ca2B0x3c13	[0x3cd6, [0x474f, nil]]
0x4752S0x467aS0x3ca2B0x3c13	[0x3cd6, [0x474f, nil]]
0x4757S0x467aS0x3ca2B0x3c13	[0x3cd6, [0x474f, nil]]
0x475bS0x467aS0x3ca2B0x3c13	[0x3cd6, [0x474f, nil]]
0x475fS0x467aS0x3ca2B0x3c13	[0x3cd6, [0x474f, nil]]
0x4761S0x467aS0x3ca2B0x3c13	[0x3cd6, [0x474f, nil]]
0x4763S0x467aS0x3ca2B0x3c13	[0x3cd6, [0x474f, nil]]
0x4765S0x467aS0x3ca2B0x3c13	[0x3cd6, [0x474f, nil]]
0x4766S0x467aS0x3ca2B0x3c13	[0x3cd6, [0x474f, nil]]
0x4767S0x467aS0x3ca2B0x3c13	[0x3cd6, [0x474f, nil]]
0x476aS0x467aS0x3ca2B0x3c13	[0x3cd6, [0x474f, nil]]
0x476cS0x467aS0x3ca2B0x3c13	[0x3cd6, [0x474f, nil]]
0x476dS0x467aS0x3ca2B0x3c13	[0x3cd6, [0x474f, nil]]
0x4772S0x467aS0x3ca2B0x3c13	[0x3cd6, [0x474f, nil]]
0x4775S0x467aS0x3ca2B0x3c13	[0x3cd6, [0x474f, nil]]
0x100158S0x467aS0x3ca2B0x3c13	[0x3cd6, [0x474f, nil]]
0x4777S0x467aS0x3ca2B0x3c13	[0x3cd6, [0x474f, nil]]
0x4779S0x467aS0x3ca2B0x3c13	[0x3cd6, [0x474f, nil]]
0x477bS0x467aS0x3ca2B0x3c13	[0x3cd6, [0x474f, nil]]
0x477eS0x467aS0x3ca2B0x3c13	[0x3cd6, [0x474f, nil]]
0x4782S0x467aS0x3ca2B0x3c13	[0x3cd6, [0x474f, nil]]
0x4783S0x467aS0x3ca2B0x3c13	[0x3cd6, [0x474f, nil]]
0x4788S0x467aS0x3ca2B0x3c13	[0x3cd6, [0x474f, nil]]
0x478aS0x467aS0x3ca2B0x3c13	[0x3cd6, [0x474f, nil]]
0x478dS0x467aS0x3ca2B0x3c13	[0x3cd6, [0x474f, nil]]
0x478eS0x467aS0x3ca2B0x3c13	[0x3cd6, [0x474f, nil]]
0x4791S0x467aS0x3ca2B0x3c13	[0x3cd6, [0x474f, nil]]
0x5a56S0x467aS0x3ca2B0x3c13	[0x3cd6, [0x474f, nil]]
0x5a59S0x467aS0x3ca2B0x3c13	[0x3cd6, [0x474f, nil]]
0x5a5aS0x467aS0x3ca2B0x3c13	[0x3cd6, [0x474f, nil]]
0x5a5fS0x467aS0x3ca2B0x3c13	[0x3cd6, [0x474f, nil]]
0x5a62S0x467aS0x3ca2B0x3c13	[0x3cd6, [0x474f, nil]]
0x5a63S0x467aS0x3ca2B0x3c13	[0x3cd6, [0x474f, nil]]
0x5a66S0x467aS0x3ca2B0x3c13	[0x3cd6, [0x474f, nil]]
0x47b4S0x467aS0x3ca2B0x3c13	[0x3cd6, [0x474f, nil]]
0x3a430S0x467aS0x3ca2B0x3c13	[0x3cd6, [0x474f, nil]]
0x3a450S0x467aS0x3ca2B0x3c13	[0x3cd6, [0x474f, nil]]
0x47beS0x467aS0x3ca2B0x3c13	[0x3cd6, [0x474f, nil]]
0x47c5S0x467aS0x3ca2B0x3c13	[0x3cd6, [0x474f, nil]]
0x47b8_0x1S0x467aS0x3ca2B0x3c13	[0x3cd6, [0x474f, nil]]
0x47c8S0x467aS0x3ca2B0x3c13	[0x3cd6, [0x474f, nil]]
0x47d3S0x467aS0x3ca2B0x3c13	[0x3cd6, [0x474f, nil]]
0x5a6bS0x467aS0x3ca2B0x3c13	[0x3cd6, [0x474f, nil]]
0x5a70S0x467aS0x3ca2B0x3c13	[0x3cd6, [0x474f, nil]]
0x498cS0x5a55S0x467aS0x3ca2B0x3c13	[0x3cd6, [0x474f, [0x496e, nil]]]
0x498fS0x5a55S0x467aS0x3ca2B0x3c13	[0x3cd6, [0x474f, [0x496e, nil]]]
0x4991S0x5a55S0x467aS0x3ca2B0x3c13	[0x3cd6, [0x474f, [0x496e, nil]]]
0x4990S0x5a55S0x467aS0x3ca2B0x3c13	[0x3cd6, [0x474f, [0x496e, nil]]]
0x4974S0x5a55S0x467aS0x3ca2B0x3c13	[0x3cd6, [0x474f, [0x496e, nil]]]
0x4975S0x5a55S0x467aS0x3ca2B0x3c13	[0x3cd6, [0x474f, [0x496e, nil]]]
0x4976S0x5a55S0x467aS0x3ca2B0x3c13	[0x3cd6, [0x474f, [0x496e, nil]]]
0x4971_0x0S0x5a55S0x467aS0x3ca2B0x3c13	[0x3cd6, [0x474f, [0x496e, nil]]]
0x4979S0x5a55S0x467aS0x3ca2B0x3c13	[0x3cd6, [0x474f, [0x496e, nil]]]
0x496fS0x5a55S0x467aS0x3ca2B0x3c13	[0x3cd6, [0x474f, [0x496e, nil]]]
0x3b830S0x5a55S0x467aS0x3ca2B0x3c13	[0x3cd6, [0x474f, [0x496e, nil]]]
0x3b850S0x5a55S0x467aS0x3ca2B0x3c13	[0x3cd6, [0x474f, [0x496e, nil]]]
0x497cS0x5a55S0x467aS0x3ca2B0x3c13	[0x3cd6, [0x474f, [0x496e, nil]]]
0x497dS0x5a55S0x467aS0x3ca2B0x3c13	[0x3cd6, [0x474f, [0x496e, nil]]]
0x4980S0x5a55S0x467aS0x3ca2B0x3c13	[0x3cd6, [0x474f, [0x496e, nil]]]
0x4982S0x5a55S0x467aS0x3ca2B0x3c13	[0x3cd6, [0x474f, [0x496e, nil]]]
0x4984S0x5a55S0x467aS0x3ca2B0x3c13	[0x3cd6, [0x474f, [0x496e, nil]]]
0x4985S0x5a55S0x467aS0x3ca2B0x3c13	[0x3cd6, [0x474f, [0x496e, nil]]]
0x497a_0x0S0x5a55S0x467aS0x3ca2B0x3c13	[0x3cd6, [0x474f, [0x496e, nil]]]
0x4988S0x5a55S0x467aS0x3ca2B0x3c13	[0x3cd6, [0x474f, [0x496e, nil]]]
0x4981S0x5a55S0x467aS0x3ca2B0x3c13	[0x3cd6, [0x474f, [0x496e, nil]]]
0x47e6S0x47b8S0x467aS0x3ca2B0x3c13	[0x3cd6, [0x474f, [0x47d4, nil]]]
0x47e8S0x47b8S0x467aS0x3ca2B0x3c13	[0x3cd6, [0x474f, [0x47d4, nil]]]
0x47eaS0x47b8S0x467aS0x3ca2B0x3c13	[0x3cd6, [0x474f, [0x47d4, nil]]]
0x47ecS0x47b8S0x467aS0x3ca2B0x3c13	[0x3cd6, [0x474f, [0x47d4, nil]]]
0x47edS0x47b8S0x467aS0x3ca2B0x3c13	[0x3cd6, [0x474f, [0x47d4, nil]]]
0x47efS0x47b8S0x467aS0x3ca2B0x3c13	[0x3cd6, [0x474f, [0x47d4, nil]]]
0x47f0S0x47b8S0x467aS0x3ca2B0x3c13	[0x3cd6, [0x474f, [0x47d4, nil]]]
0x47f1S0x47b8S0x467aS0x3ca2B0x3c13	[0x3cd6, [0x474f, [0x47d4, nil]]]
0x47f4S0x47b8S0x467aS0x3ca2B0x3c13	[0x3cd6, [0x474f, [0x47d4, nil]]]
0x47f5S0x47b8S0x467aS0x3ca2B0x3c13	[0x3cd6, [0x474f, [0x47d4, nil]]]
0x47f7S0x47b8S0x467aS0x3ca2B0x3c13	[0x3cd6, [0x474f, [0x47d4, nil]]]
0x47f8S0x47b8S0x467aS0x3ca2B0x3c13	[0x3cd6, [0x474f, [0x47d4, nil]]]
0x47fcS0x47b8S0x467aS0x3ca2B0x3c13	[0x3cd6, [0x474f, [0x47d4, nil]]]
0x47feS0x47b8S0x467aS0x3ca2B0x3c13	[0x3cd6, [0x474f, [0x47d4, nil]]]
0x4801S0x47b8S0x467aS0x3ca2B0x3c13	[0x3cd6, [0x474f, [0x47d4, nil]]]
0x4803S0x47b8S0x467aS0x3ca2B0x3c13	[0x3cd6, [0x474f, [0x47d4, nil]]]
0x4806S0x47b8S0x467aS0x3ca2B0x3c13	[0x3cd6, [0x474f, [0x47d4, nil]]]
0x4808S0x47b8S0x467aS0x3ca2B0x3c13	[0x3cd6, [0x474f, [0x47d4, nil]]]
0x480aS0x47b8S0x467aS0x3ca2B0x3c13	[0x3cd6, [0x474f, [0x47d4, nil]]]
0x480dS0x47b8S0x467aS0x3ca2B0x3c13	[0x3cd6, [0x474f, [0x47d4, nil]]]
0x480fS0x47b8S0x467aS0x3ca2B0x3c13	[0x3cd6, [0x474f, [0x47d4, nil]]]
0x4830S0x47b8S0x467aS0x3ca2B0x3c13	[0x3cd6, [0x474f, [0x47d4, nil]]]
0x4833S0x47b8S0x467aS0x3ca2B0x3c13	[0x3cd6, [0x474f, [0x47d4, nil]]]
0x4835S0x47b8S0x467aS0x3ca2B0x3c13	[0x3cd6, [0x474f, [0x47d4, nil]]]
0x4837S0x47b8S0x467aS0x3ca2B0x3c13	[0x3cd6, [0x474f, [0x47d4, nil]]]
0x4838S0x47b8S0x467aS0x3ca2B0x3c13	[0x3cd6, [0x474f, [0x47d4, nil]]]
0x483bS0x47b8S0x467aS0x3ca2B0x3c13	[0x3cd6, [0x474f, [0x47d4, nil]]]
0x4800S0x47b8S0x467aS0x3ca2B0x3c13	[0x3cd6, [0x474f, [0x47d4, nil]]]
0x4807S0x47b8S0x467aS0x3ca2B0x3c13	[0x3cd6, [0x474f, [0x47d4, nil]]]
0x480eS0x47b8S0x467aS0x3ca2B0x3c13	[0x3cd6, [0x474f, [0x47d4, nil]]]
0x4834S0x47b8S0x467aS0x3ca2B0x3c13	[0x3cd6, [0x474f, [0x47d4, nil]]]
0x47d5S0x47b8S0x467aS0x3ca2B0x3c13	[0x3cd6, [0x474f, [0x47d4, nil]]]
0x47d8S0x47b8S0x467aS0x3ca2B0x3c13	[0x3cd6, [0x474f, [0x47d4, nil]]]
0x47d9S0x47b8S0x467aS0x3ca2B0x3c13	[0x3cd6, [0x474f, [0x47d4, nil]]]
0x47dcS0x47b8S0x467aS0x3ca2B0x3c13	[0x3cd6, [0x474f, [0x47d4, nil]]]
0x4844S0x47b8S0x467aS0x3ca2B0x3c13	[0x3cd6, [0x474f, [0x47d4, nil]]]
0x484aS0x47b8S0x467aS0x3ca2B0x3c13	[0x3cd6, [0x474f, [0x47d4, nil]]]
0x484bS0x47b8S0x467aS0x3ca2B0x3c13	[0x3cd6, [0x474f, [0x47d4, nil]]]
0x484cS0x47b8S0x467aS0x3ca2B0x3c13	[0x3cd6, [0x474f, [0x47d4, nil]]]
0x484fS0x47b8S0x467aS0x3ca2B0x3c13	[0x3cd6, [0x474f, [0x47d4, nil]]]
0x10017bS0x47b8S0x467aS0x3ca2B0x3c13	[0x3cd6, [0x474f, [0x47d4, nil]]]
0x10017eS0x47b8S0x467aS0x3ca2B0x3c13	[0x3cd6, [0x474f, [0x47d4, nil]]]
0x1001a1S0x47b8S0x467aS0x3ca2B0x3c13	[0x3cd6, [0x474f, [0x47d4, nil]]]
0x1001a4S0x47b8S0x467aS0x3ca2B0x3c13	[0x3cd6, [0x474f, [0x47d4, nil]]]
0xc0e6S0x47b8S0x467aS0x3ca2B0x3c13	[0x3cd6, [0x474f, [0x47d4, nil]]]
0xc0e8S0x47b8S0x467aS0x3ca2B0x3c13	[0x3cd6, [0x474f, [0x47d4, nil]]]
0xc0ebS0x47b8S0x467aS0x3ca2B0x3c13	[0x3cd6, [0x474f, [0x47d4, nil]]]
0xc0edS0x47b8S0x467aS0x3ca2B0x3c13	[0x3cd6, [0x474f, [0x47d4, nil]]]
0x485aS0x47b8S0x467aS0x3ca2B0x3c13	[0x3cd6, [0x474f, [0x47d4, nil]]]
0x485cS0x47b8S0x467aS0x3ca2B0x3c13	[0x3cd6, [0x474f, [0x47d4, nil]]]
0x485dS0x47b8S0x467aS0x3ca2B0x3c13	[0x3cd6, [0x474f, [0x47d4, nil]]]
0x4861S0x47b8S0x467aS0x3ca2B0x3c13	[0x3cd6, [0x474f, [0x47d4, nil]]]
0x4863S0x47b8S0x467aS0x3ca2B0x3c13	[0x3cd6, [0x474f, [0x47d4, nil]]]
0x4866S0x47b8S0x467aS0x3ca2B0x3c13	[0x3cd6, [0x474f, [0x47d4, nil]]]
0x4868S0x47b8S0x467aS0x3ca2B0x3c13	[0x3cd6, [0x474f, [0x47d4, nil]]]
0x4869S0x47b8S0x467aS0x3ca2B0x3c13	[0x3cd6, [0x474f, [0x47d4, nil]]]
0x486eS0x47b8S0x467aS0x3ca2B0x3c13	[0x3cd6, [0x474f, [0x47d4, nil]]]
0x4871S0x47b8S0x467aS0x3ca2B0x3c13	[0x3cd6, [0x474f, [0x47d4, nil]]]
0x4865S0x47b8S0x467aS0x3ca2B0x3c13	[0x3cd6, [0x474f, [0x47d4, nil]]]
0x100213S0x47b8S0x467aS0x3ca2B0x3c13	[0x3cd6, [0x474f, [0x47d4, nil]]]
0x100215S0x47b8S0x467aS0x3ca2B0x3c13	[0x3cd6, [0x474f, [0x47d4, nil]]]
0x100218S0x47b8S0x467aS0x3ca2B0x3c13	[0x3cd6, [0x474f, [0x47d4, nil]]]
0x10021aS0x47b8S0x467aS0x3ca2B0x3c13	[0x3cd6, [0x474f, [0x47d4, nil]]]
0x101204S0x47b8S0x467aS0x3ca2B0x3c13	[0x3cd6, [0x474f, [0x47d4, nil]]]
0x10122bS0x47b8S0x467aS0x3ca2B0x3c13	[0x3cd6, [0x474f, [0x47d4, nil]]]
0x47deS0x47b8S0x467aS0x3ca2B0x3c13	[0x3cd6, [0x474f, [0x47d4, nil]]]
0x47dfS0x47b8S0x467aS0x3ca2B0x3c13	[0x3cd6, [0x474f, [0x47d4, nil]]]
0x47e1S0x47b8S0x467aS0x3ca2B0x3c13	[0x3cd6, [0x474f, [0x47d4, nil]]]
0x47e2S0x47b8S0x467aS0x3ca2B0x3c13	[0x3cd6, [0x474f, [0x47d4, nil]]]
0x47e5S0x47b8S0x467aS0x3ca2B0x3c13	[0x3cd6, [0x474f, [0x47d4, nil]]]
0x4851S0x47b8S0x467aS0x3ca2B0x3c13	[0x3cd6, [0x474f, [0x47d4, nil]]]
0x4854S0x47b8S0x467aS0x3ca2B0x3c13	[0x3cd6, [0x474f, [0x47d4, nil]]]
0x4856S0x47b8S0x467aS0x3ca2B0x3c13	[0x3cd6, [0x474f, [0x47d4, nil]]]
0x4857S0x47b8S0x467aS0x3ca2B0x3c13	[0x3cd6, [0x474f, [0x47d4, nil]]]
0x49bfS0x4858S0x47b8S0x467aS0x3ca2B0x3c13	[0x3cd6, [0x474f, [0x47d4, [0x49be, nil]]]]
0x49c3S0x4858S0x47b8S0x467aS0x3ca2B0x3c13	[0x3cd6, [0x474f, [0x47d4, [0x49be, nil]]]]
0x49c5S0x4858S0x47b8S0x467aS0x3ca2B0x3c13	[0x3cd6, [0x474f, [0x47d4, [0x49be, nil]]]]
0x49c8S0x4858S0x47b8S0x467aS0x3ca2B0x3c13	[0x3cd6, [0x474f, [0x47d4, [0x49be, nil]]]]
0x49cbS0x4858S0x47b8S0x467aS0x3ca2B0x3c13	[0x3cd6, [0x474f, [0x47d4, [0x49be, nil]]]]
0x49cdS0x4858S0x47b8S0x467aS0x3ca2B0x3c13	[0x3cd6, [0x474f, [0x47d4, [0x49be, nil]]]]
0x49d0S0x4858S0x47b8S0x467aS0x3ca2B0x3c13	[0x3cd6, [0x474f, [0x47d4, [0x49be, nil]]]]
0x49c2S0x4858S0x47b8S0x467aS0x3ca2B0x3c13	[0x3cd6, [0x474f, [0x47d4, [0x49be, nil]]]]
0x10031eS0x4858S0x47b8S0x467aS0x3ca2B0x3c13	[0x3cd6, [0x474f, [0x47d4, [0x49be, nil]]]]
0x49abS0x49beS0x4858S0x47b8S0x467aS0x3ca2B0x3c13	[0x3cd6, [0x474f, [0x47d4, [0x49be, [0x4992, nil]]]]]
0x49adS0x49beS0x4858S0x47b8S0x467aS0x3ca2B0x3c13	[0x3cd6, [0x474f, [0x47d4, [0x49be, [0x4992, nil]]]]]
0x49aeS0x49beS0x4858S0x47b8S0x467aS0x3ca2B0x3c13	[0x3cd6, [0x474f, [0x47d4, [0x49be, [0x4992, nil]]]]]
0x49b0S0x49beS0x4858S0x47b8S0x467aS0x3ca2B0x3c13	[0x3cd6, [0x474f, [0x47d4, [0x49be, [0x4992, nil]]]]]
0x49b1S0x49beS0x4858S0x47b8S0x467aS0x3ca2B0x3c13	[0x3cd6, [0x474f, [0x47d4, [0x49be, [0x4992, nil]]]]]
0x49b5S0x49beS0x4858S0x47b8S0x467aS0x3ca2B0x3c13	[0x3cd6, [0x474f, [0x47d4, [0x49be, [0x4992, nil]]]]]
0x49b6S0x49beS0x4858S0x47b8S0x467aS0x3ca2B0x3c13	[0x3cd6, [0x474f, [0x47d4, [0x49be, [0x4992, nil]]]]]
0x49b8S0x49beS0x4858S0x47b8S0x467aS0x3ca2B0x3c13	[0x3cd6, [0x474f, [0x47d4, [0x49be, [0x4992, nil]]]]]
0x49bdS0x49beS0x4858S0x47b8S0x467aS0x3ca2B0x3c13	[0x3cd6, [0x474f, [0x47d4, [0x49be, [0x4992, nil]]]]]
0x4993S0x49beS0x4858S0x47b8S0x467aS0x3ca2B0x3c13	[0x3cd6, [0x474f, [0x47d4, [0x49be, [0x4992, nil]]]]]
0x4996S0x49beS0x4858S0x47b8S0x467aS0x3ca2B0x3c13	[0x3cd6, [0x474f, [0x47d4, [0x49be, [0x4992, nil]]]]]
0x499aS0x49beS0x4858S0x47b8S0x467aS0x3ca2B0x3c13	[0x3cd6, [0x474f, [0x47d4, [0x49be, [0x4992, nil]]]]]
0x499eS0x49beS0x4858S0x47b8S0x467aS0x3ca2B0x3c13	[0x3cd6, [0x474f, [0x47d4, [0x49be, [0x4992, nil]]]]]
0x49a1S0x49beS0x4858S0x47b8S0x467aS0x3ca2B0x3c13	[0x3cd6, [0x474f, [0x47d4, [0x49be, [0x4992, nil]]]]]
0x49a2S0x49beS0x4858S0x47b8S0x467aS0x3ca2B0x3c13	[0x3cd6, [0x474f, [0x47d4, [0x49be, [0x4992, nil]]]]]
0x49a5S0x49beS0x4858S0x47b8S0x467aS0x3ca2B0x3c13	[0x3cd6, [0x474f, [0x47d4, [0x49be, [0x4992, nil]]]]]
0x49a6S0x49beS0x4858S0x47b8S0x467aS0x3ca2B0x3c13	[0x3cd6, [0x474f, [0x47d4, [0x49be, [0x4992, nil]]]]]
0x49a9S0x49beS0x4858S0x47b8S0x467aS0x3ca2B0x3c13	[0x3cd6, [0x474f, [0x47d4, [0x49be, [0x4992, nil]]]]]
0x4999S0x49beS0x4858S0x47b8S0x467aS0x3ca2B0x3c13	[0x3cd6, [0x474f, [0x47d4, [0x49be, [0x4992, nil]]]]]
0x498cS0x4992S0x49beS0x4858S0x47b8S0x467aS0x3ca2B0x3c13	[0x3cd6, [0x474f, [0x47d4, [0x49be, [0x4992, [0x496e, nil]]]]]]
0x498fS0x4992S0x49beS0x4858S0x47b8S0x467aS0x3ca2B0x3c13	[0x3cd6, [0x474f, [0x47d4, [0x49be, [0x4992, [0x496e, nil]]]]]]
0x4991S0x4992S0x49beS0x4858S0x47b8S0x467aS0x3ca2B0x3c13	[0x3cd6, [0x474f, [0x47d4, [0x49be, [0x4992, [0x496e, nil]]]]]]
0x4990S0x4992S0x49beS0x4858S0x47b8S0x467aS0x3ca2B0x3c13	[0x3cd6, [0x474f, [0x47d4, [0x49be, [0x4992, [0x496e, nil]]]]]]
0x4974S0x4992S0x49beS0x4858S0x47b8S0x467aS0x3ca2B0x3c13	[0x3cd6, [0x474f, [0x47d4, [0x49be, [0x4992, [0x496e, nil]]]]]]
0x4975S0x4992S0x49beS0x4858S0x47b8S0x467aS0x3ca2B0x3c13	[0x3cd6, [0x474f, [0x47d4, [0x49be, [0x4992, [0x496e, nil]]]]]]
0x4976S0x4992S0x49beS0x4858S0x47b8S0x467aS0x3ca2B0x3c13	[0x3cd6, [0x474f, [0x47d4, [0x49be, [0x4992, [0x496e, nil]]]]]]
0x4971_0x0S0x4992S0x49beS0x4858S0x47b8S0x467aS0x3ca2B0x3c13	[0x3cd6, [0x474f, [0x47d4, [0x49be, [0x4992, [0x496e, nil]]]]]]
0x4979S0x4992S0x49beS0x4858S0x47b8S0x467aS0x3ca2B0x3c13	[0x3cd6, [0x474f, [0x47d4, [0x49be, [0x4992, [0x496e, nil]]]]]]
0x496fS0x4992S0x49beS0x4858S0x47b8S0x467aS0x3ca2B0x3c13	[0x3cd6, [0x474f, [0x47d4, [0x49be, [0x4992, [0x496e, nil]]]]]]
0x3b830S0x4992S0x49beS0x4858S0x47b8S0x467aS0x3ca2B0x3c13	[0x3cd6, [0x474f, [0x47d4, [0x49be, [0x4992, [0x496e, nil]]]]]]
0x3b850S0x4992S0x49beS0x4858S0x47b8S0x467aS0x3ca2B0x3c13	[0x3cd6, [0x474f, [0x47d4, [0x49be, [0x4992, [0x496e, nil]]]]]]
0x497cS0x4992S0x49beS0x4858S0x47b8S0x467aS0x3ca2B0x3c13	[0x3cd6, [0x474f, [0x47d4, [0x49be, [0x4992, [0x496e, nil]]]]]]
0x497dS0x4992S0x49beS0x4858S0x47b8S0x467aS0x3ca2B0x3c13	[0x3cd6, [0x474f, [0x47d4, [0x49be, [0x4992, [0x496e, nil]]]]]]
0x4980S0x4992S0x49beS0x4858S0x47b8S0x467aS0x3ca2B0x3c13	[0x3cd6, [0x474f, [0x47d4, [0x49be, [0x4992, [0x496e, nil]]]]]]
0x4982S0x4992S0x49beS0x4858S0x47b8S0x467aS0x3ca2B0x3c13	[0x3cd6, [0x474f, [0x47d4, [0x49be, [0x4992, [0x496e, nil]]]]]]
0x4984S0x4992S0x49beS0x4858S0x47b8S0x467aS0x3ca2B0x3c13	[0x3cd6, [0x474f, [0x47d4, [0x49be, [0x4992, [0x496e, nil]]]]]]
0x4985S0x4992S0x49beS0x4858S0x47b8S0x467aS0x3ca2B0x3c13	[0x3cd6, [0x474f, [0x47d4, [0x49be, [0x4992, [0x496e, nil]]]]]]
0x497a_0x0S0x4992S0x49beS0x4858S0x47b8S0x467aS0x3ca2B0x3c13	[0x3cd6, [0x474f, [0x47d4, [0x49be, [0x4992, [0x496e, nil]]]]]]
0x4988S0x4992S0x49beS0x4858S0x47b8S0x467aS0x3ca2B0x3c13	[0x3cd6, [0x474f, [0x47d4, [0x49be, [0x4992, [0x496e, nil]]]]]]
0x4981S0x4992S0x49beS0x4858S0x47b8S0x467aS0x3ca2B0x3c13	[0x3cd6, [0x474f, [0x47d4, [0x49be, [0x4992, [0x496e, nil]]]]]]
0x46f5S0x3ca2B0x382e	[0x3cd6, nil]
0x46f7S0x3ca2B0x382e	[0x3cd6, nil]
0x46f8S0x3ca2B0x382e	[0x3cd6, nil]
0x46fcS0x3ca2B0x382e	[0x3cd6, nil]
0x46feS0x3ca2B0x382e	[0x3cd6, nil]
0x4701S0x3ca2B0x382e	[0x3cd6, nil]
0x4703S0x3ca2B0x382e	[0x3cd6, nil]
0x4706S0x3ca2B0x382e	[0x3cd6, nil]
0x4708S0x3ca2B0x382e	[0x3cd6, nil]
0x470aS0x3ca2B0x382e	[0x3cd6, nil]
0x470dS0x3ca2B0x382e	[0x3cd6, nil]
0x470fS0x3ca2B0x382e	[0x3cd6, nil]
0x4730S0x3ca2B0x382e	[0x3cd6, nil]
0x4733S0x3ca2B0x382e	[0x3cd6, nil]
0x4735S0x3ca2B0x382e	[0x3cd6, nil]
0x4740S0x3ca2B0x382e	[0x3cd6, nil]
0x4742S0x3ca2B0x382e	[0x3cd6, nil]
0x4743S0x3ca2B0x382e	[0x3cd6, nil]
0x4746S0x3ca2B0x382e	[0x3cd6, nil]
0x4748S0x3ca2B0x382e	[0x3cd6, nil]
0x474aS0x3ca2B0x382e	[0x3cd6, nil]
0x474bS0x3ca2B0x382e	[0x3cd6, nil]
0x474eS0x3ca2B0x382e	[0x3cd6, nil]
0x4700S0x3ca2B0x382e	[0x3cd6, nil]
0x4707S0x3ca2B0x382e	[0x3cd6, nil]
0x470eS0x3ca2B0x382e	[0x3cd6, nil]
0x4734S0x3ca2B0x382e	[0x3cd6, nil]
0x4747S0x3ca2B0x382e	[0x3cd6, nil]
0x467bS0x3ca2B0x382e	[0x3cd6, nil]
0x467dS0x3ca2B0x382e	[0x3cd6, nil]
0x4681S0x3ca2B0x382e	[0x3cd6, nil]
0x4683S0x3ca2B0x382e	[0x3cd6, nil]
0x4685S0x3ca2B0x382e	[0x3cd6, nil]
0x4687S0x3ca2B0x382e	[0x3cd6, nil]
0x4688S0x3ca2B0x382e	[0x3cd6, nil]
0x468cS0x3ca2B0x382e	[0x3cd6, nil]
0x4690S0x3ca2B0x382e	[0x3cd6, nil]
0x4692S0x3ca2B0x382e	[0x3cd6, nil]
0x4693S0x3ca2B0x382e	[0x3cd6, nil]
0x46b8S0x3ca2B0x382e	[0x3cd6, nil]
0x46baS0x3ca2B0x382e	[0x3cd6, nil]
0x46bcS0x3ca2B0x382e	[0x3cd6, nil]
0x46beS0x3ca2B0x382e	[0x3cd6, nil]
0x46bfS0x3ca2B0x382e	[0x3cd6, nil]
0x46c0S0x3ca2B0x382e	[0x3cd6, nil]
0x46c1S0x3ca2B0x382e	[0x3cd6, nil]
0x46c8S0x3ca2B0x382e	[0x3cd6, nil]
0x46cdS0x3ca2B0x382e	[0x3cd6, nil]
0x46ceS0x3ca2B0x382e	[0x3cd6, nil]
0x468aS0x3ca2B0x382e	[0x3cd6, nil]
0x468fS0x3ca2B0x382e	[0x3cd6, nil]
0x46b5S0x3ca2B0x382e	[0x3cd6, nil]
0x46d3S0x3ca2B0x382e	[0x3cd6, nil]
0x46d4S0x3ca2B0x382e	[0x3cd6, nil]
0x46d6S0x3ca2B0x382e	[0x3cd6, nil]
0x46d8S0x3ca2B0x382e	[0x3cd6, nil]
0x46dbS0x3ca2B0x382e	[0x3cd6, nil]
0x46f1S0x3ca2B0x382e	[0x3cd6, nil]
0x46f0_0x0S0x3ca2B0x382e	[0x3cd6, nil]
0x46f4S0x3ca2B0x382e	[0x3cd6, nil]
0x100131S0x3ca2B0x382e	[0x3cd6, nil]
0xc0beS0x3ca2B0x382e	[0x3cd6, nil]
0xc0c0S0x3ca2B0x382e	[0x3cd6, nil]
0xc0c3S0x3ca2B0x382e	[0x3cd6, nil]
0xc0c5S0x3ca2B0x382e	[0x3cd6, nil]
0x3cd7S0x3ca2B0x382e	[0x3cd6, nil]
0x3cdaS0x3ca2B0x382e	[0x3cd6, nil]
0x3cdbS0x3ca2B0x382e	[0x3cd6, nil]
0x3cddS0x3ca2B0x382e	[0x3cd6, nil]
0x3ce0S0x3ca2B0x382e	[0x3cd6, nil]
0x3ce1S0x3ca2B0x382e	[0x3cd6, nil]
0x3ce7S0x3ca2B0x382e	[0x3cd6, nil]
0x3ceaS0x3ca2B0x382e	[0x3cd6, nil]
0x3cecS0x3ca2B0x382e	[0x3cd6, nil]
0x3cedS0x3ca2B0x382e	[0x3cd6, nil]
0x3cefS0x3ca2B0x382e	[0x3cd6, nil]
0x3cf1S0x3ca2B0x382e	[0x3cd6, nil]
0x3cf3S0x3ca2B0x382e	[0x3cd6, nil]
0x3cf4S0x3ca2B0x382e	[0x3cd6, nil]
0x3cf5S0x3ca2B0x382e	[0x3cd6, nil]
0x3cf6S0x3ca2B0x382e	[0x3cd6, nil]
0x3cf8S0x3ca2B0x382e	[0x3cd6, nil]
0x3cfaS0x3ca2B0x382e	[0x3cd6, nil]
0x3cfcS0x3ca2B0x382e	[0x3cd6, nil]
0x3cfdS0x3ca2B0x382e	[0x3cd6, nil]
0x3cfeS0x3ca2B0x382e	[0x3cd6, nil]
0x3d01S0x3ca2B0x382e	[0x3cd6, nil]
0x3d05S0x3ca2B0x382e	[0x3cd6, nil]
0x3d09S0x3ca2B0x382e	[0x3cd6, nil]
0x3d0cS0x3ca2B0x382e	[0x3cd6, nil]
0x3ce3S0x3ca2B0x382e	[0x3cd6, nil]
0x3ce6S0x3ca2B0x382e	[0x3cd6, nil]
0x3d08S0x3ca2B0x382e	[0x3cd6, nil]
0x46dfS0x3ca2B0x382e	[0x3cd6, nil]
0x46e1S0x3ca2B0x382e	[0x3cd6, nil]
0x46e3S0x3ca2B0x382e	[0x3cd6, nil]
0x46e5S0x3ca2B0x382e	[0x3cd6, nil]
0x46e7S0x3ca2B0x382e	[0x3cd6, nil]
0x46ecS0x3ca2B0x382e	[0x3cd6, nil]
0x46efS0x3ca2B0x382e	[0x3cd6, nil]
0x5a46S0x46dcS0x3ca2B0x382e	[0x3cd6, [0x5a38, nil]]
0x5a49S0x46dcS0x3ca2B0x382e	[0x3cd6, [0x5a38, nil]]
0x5a39S0x46dcS0x3ca2B0x382e	[0x3cd6, [0x5a38, nil]]
0x5a3bS0x46dcS0x3ca2B0x382e	[0x3cd6, [0x5a38, nil]]
0x5a3fS0x46dcS0x3ca2B0x382e	[0x3cd6, [0x5a38, nil]]
0x5a40S0x46dcS0x3ca2B0x382e	[0x3cd6, [0x5a38, nil]]
0x5a41S0x46dcS0x3ca2B0x382e	[0x3cd6, [0x5a38, nil]]
0x5a42S0x46dcS0x3ca2B0x382e	[0x3cd6, [0x5a38, nil]]
0x5a45S0x46dcS0x3ca2B0x382e	[0x3cd6, [0x5a38, nil]]
0x5a4cS0x46dcS0x3ca2B0x382e	[0x3cd6, [0x5a38, nil]]
0x5a4dS0x46dcS0x3ca2B0x382e	[0x3cd6, [0x5a38, nil]]
0x5a51S0x46dcS0x3ca2B0x382e	[0x3cd6, [0x5a38, nil]]
0x5a54S0x46dcS0x3ca2B0x382e	[0x3cd6, [0x5a38, nil]]
0x4d43S0x5a4aS0x46dcS0x3ca2B0x382e	[0x3cd6, [0x5a38, [0x4d39, nil]]]
0x4d46S0x5a4aS0x46dcS0x3ca2B0x382e	[0x3cd6, [0x5a38, [0x4d39, nil]]]
0x4d3bS0x5a4aS0x46dcS0x3ca2B0x382e	[0x3cd6, [0x5a38, [0x4d39, nil]]]
0x4d3cS0x5a4aS0x46dcS0x3ca2B0x382e	[0x3cd6, [0x5a38, [0x4d39, nil]]]
0x4d3eS0x5a4aS0x46dcS0x3ca2B0x382e	[0x3cd6, [0x5a38, [0x4d39, nil]]]
0x4d3fS0x5a4aS0x46dcS0x3ca2B0x382e	[0x3cd6, [0x5a38, [0x4d39, nil]]]
0x4d42S0x5a4aS0x46dcS0x3ca2B0x382e	[0x3cd6, [0x5a38, [0x4d39, nil]]]
0x100819S0x46dcS0x3ca2B0x382e	[0x3cd6, [0x5a38, nil]]
0x10048aS0x5a4aS0x46dcS0x3ca2B0x382e	[0x3cd6, [0x5a38, [0x4d39, nil]]]
0x4792S0x467aS0x3ca2B0x382e	[0x3cd6, [0x474f, nil]]
0x4794S0x467aS0x3ca2B0x382e	[0x3cd6, [0x474f, nil]]
0x4797S0x467aS0x3ca2B0x382e	[0x3cd6, [0x474f, nil]]
0x4799S0x467aS0x3ca2B0x382e	[0x3cd6, [0x474f, nil]]
0x479aS0x467aS0x3ca2B0x382e	[0x3cd6, [0x474f, nil]]
0x479cS0x467aS0x3ca2B0x382e	[0x3cd6, [0x474f, nil]]
0x479dS0x467aS0x3ca2B0x382e	[0x3cd6, [0x474f, nil]]
0x479eS0x467aS0x3ca2B0x382e	[0x3cd6, [0x474f, nil]]
0x47a0S0x467aS0x3ca2B0x382e	[0x3cd6, [0x474f, nil]]
0x47a1S0x467aS0x3ca2B0x382e	[0x3cd6, [0x474f, nil]]
0x47a4S0x467aS0x3ca2B0x382e	[0x3cd6, [0x474f, nil]]
0x47a7S0x467aS0x3ca2B0x382e	[0x3cd6, [0x474f, nil]]
0x47a8S0x467aS0x3ca2B0x382e	[0x3cd6, [0x474f, nil]]
0x47aaS0x467aS0x3ca2B0x382e	[0x3cd6, [0x474f, nil]]
0x47adS0x467aS0x3ca2B0x382e	[0x3cd6, [0x474f, nil]]
0x47afS0x467aS0x3ca2B0x382e	[0x3cd6, [0x474f, nil]]
0x47b2S0x467aS0x3ca2B0x382e	[0x3cd6, [0x474f, nil]]
0x47a3S0x467aS0x3ca2B0x382e	[0x3cd6, [0x474f, nil]]
0x47a6S0x467aS0x3ca2B0x382e	[0x3cd6, [0x474f, nil]]
0x47aeS0x467aS0x3ca2B0x382e	[0x3cd6, [0x474f, nil]]
0x4750S0x467aS0x3ca2B0x382e	[0x3cd6, [0x474f, nil]]
0x4752S0x467aS0x3ca2B0x382e	[0x3cd6, [0x474f, nil]]
0x4757S0x467aS0x3ca2B0x382e	[0x3cd6, [0x474f, nil]]
0x475bS0x467aS0x3ca2B0x382e	[0x3cd6, [0x474f, nil]]
0x475fS0x467aS0x3ca2B0x382e	[0x3cd6, [0x474f, nil]]
0x4761S0x467aS0x3ca2B0x382e	[0x3cd6, [0x474f, nil]]
0x4763S0x467aS0x3ca2B0x382e	[0x3cd6, [0x474f, nil]]
0x4765S0x467aS0x3ca2B0x382e	[0x3cd6, [0x474f, nil]]
0x4766S0x467aS0x3ca2B0x382e	[0x3cd6, [0x474f, nil]]
0x4767S0x467aS0x3ca2B0x382e	[0x3cd6, [0x474f, nil]]
0x476aS0x467aS0x3ca2B0x382e	[0x3cd6, [0x474f, nil]]
0x476cS0x467aS0x3ca2B0x382e	[0x3cd6, [0x474f, nil]]
0x476dS0x467aS0x3ca2B0x382e	[0x3cd6, [0x474f, nil]]
0x4772S0x467aS0x3ca2B0x382e	[0x3cd6, [0x474f, nil]]
0x4775S0x467aS0x3ca2B0x382e	[0x3cd6, [0x474f, nil]]
0x100158S0x467aS0x3ca2B0x382e	[0x3cd6, [0x474f, nil]]
0x4777S0x467aS0x3ca2B0x382e	[0x3cd6, [0x474f, nil]]
0x4779S0x467aS0x3ca2B0x382e	[0x3cd6, [0x474f, nil]]
0x477bS0x467aS0x3ca2B0x382e	[0x3cd6, [0x474f, nil]]
0x477eS0x467aS0x3ca2B0x382e	[0x3cd6, [0x474f, nil]]
0x4782S0x467aS0x3ca2B0x382e	[0x3cd6, [0x474f, nil]]
0x4783S0x467aS0x3ca2B0x382e	[0x3cd6, [0x474f, nil]]
0x4788S0x467aS0x3ca2B0x382e	[0x3cd6, [0x474f, nil]]
0x478aS0x467aS0x3ca2B0x382e	[0x3cd6, [0x474f, nil]]
0x478dS0x467aS0x3ca2B0x382e	[0x3cd6, [0x474f, nil]]
0x478eS0x467aS0x3ca2B0x382e	[0x3cd6, [0x474f, nil]]
0x4791S0x467aS0x3ca2B0x382e	[0x3cd6, [0x474f, nil]]
0x5a56S0x467aS0x3ca2B0x382e	[0x3cd6, [0x474f, nil]]
0x5a59S0x467aS0x3ca2B0x382e	[0x3cd6, [0x474f, nil]]
0x5a5aS0x467aS0x3ca2B0x382e	[0x3cd6, [0x474f, nil]]
0x5a5fS0x467aS0x3ca2B0x382e	[0x3cd6, [0x474f, nil]]
0x5a62S0x467aS0x3ca2B0x382e	[0x3cd6, [0x474f, nil]]
0x5a63S0x467aS0x3ca2B0x382e	[0x3cd6, [0x474f, nil]]
0x5a66S0x467aS0x3ca2B0x382e	[0x3cd6, [0x474f, nil]]
0x47b4S0x467aS0x3ca2B0x382e	[0x3cd6, [0x474f, nil]]
0x3a430S0x467aS0x3ca2B0x382e	[0x3cd6, [0x474f, nil]]
0x3a450S0x467aS0x3ca2B0x382e	[0x3cd6, [0x474f, nil]]
0x47beS0x467aS0x3ca2B0x382e	[0x3cd6, [0x474f, nil]]
0x47c5S0x467aS0x3ca2B0x382e	[0x3cd6, [0x474f, nil]]
0x47b8_0x1S0x467aS0x3ca2B0x382e	[0x3cd6, [0x474f, nil]]
0x47c8S0x467aS0x3ca2B0x382e	[0x3cd6, [0x474f, nil]]
0x47d3S0x467aS0x3ca2B0x382e	[0x3cd6, [0x474f, nil]]
0x5a6bS0x467aS0x3ca2B0x382e	[0x3cd6, [0x474f, nil]]
0x5a70S0x467aS0x3ca2B0x382e	[0x3cd6, [0x474f, nil]]
0x498cS0x5a55S0x467aS0x3ca2B0x382e	[0x3cd6, [0x474f, [0x496e, nil]]]
0x498fS0x5a55S0x467aS0x3ca2B0x382e	[0x3cd6, [0x474f, [0x496e, nil]]]
0x4991S0x5a55S0x467aS0x3ca2B0x382e	[0x3cd6, [0x474f, [0x496e, nil]]]
0x4990S0x5a55S0x467aS0x3ca2B0x382e	[0x3cd6, [0x474f, [0x496e, nil]]]
0x4974S0x5a55S0x467aS0x3ca2B0x382e	[0x3cd6, [0x474f, [0x496e, nil]]]
0x4975S0x5a55S0x467aS0x3ca2B0x382e	[0x3cd6, [0x474f, [0x496e, nil]]]
0x4976S0x5a55S0x467aS0x3ca2B0x382e	[0x3cd6, [0x474f, [0x496e, nil]]]
0x4971_0x0S0x5a55S0x467aS0x3ca2B0x382e	[0x3cd6, [0x474f, [0x496e, nil]]]
0x4979S0x5a55S0x467aS0x3ca2B0x382e	[0x3cd6, [0x474f, [0x496e, nil]]]
0x496fS0x5a55S0x467aS0x3ca2B0x382e	[0x3cd6, [0x474f, [0x496e, nil]]]
0x3b830S0x5a55S0x467aS0x3ca2B0x382e	[0x3cd6, [0x474f, [0x496e, nil]]]
0x3b850S0x5a55S0x467aS0x3ca2B0x382e	[0x3cd6, [0x474f, [0x496e, nil]]]
0x497cS0x5a55S0x467aS0x3ca2B0x382e	[0x3cd6, [0x474f, [0x496e, nil]]]
0x497dS0x5a55S0x467aS0x3ca2B0x382e	[0x3cd6, [0x474f, [0x496e, nil]]]
0x4980S0x5a55S0x467aS0x3ca2B0x382e	[0x3cd6, [0x474f, [0x496e, nil]]]
0x4982S0x5a55S0x467aS0x3ca2B0x382e	[0x3cd6, [0x474f, [0x496e, nil]]]
0x4984S0x5a55S0x467aS0x3ca2B0x382e	[0x3cd6, [0x474f, [0x496e, nil]]]
0x4985S0x5a55S0x467aS0x3ca2B0x382e	[0x3cd6, [0x474f, [0x496e, nil]]]
0x497a_0x0S0x5a55S0x467aS0x3ca2B0x382e	[0x3cd6, [0x474f, [0x496e, nil]]]
0x4988S0x5a55S0x467aS0x3ca2B0x382e	[0x3cd6, [0x474f, [0x496e, nil]]]
0x4981S0x5a55S0x467aS0x3ca2B0x382e	[0x3cd6, [0x474f, [0x496e, nil]]]
0x47e6S0x47b8S0x467aS0x3ca2B0x382e	[0x3cd6, [0x474f, [0x47d4, nil]]]
0x47e8S0x47b8S0x467aS0x3ca2B0x382e	[0x3cd6, [0x474f, [0x47d4, nil]]]
0x47eaS0x47b8S0x467aS0x3ca2B0x382e	[0x3cd6, [0x474f, [0x47d4, nil]]]
0x47ecS0x47b8S0x467aS0x3ca2B0x382e	[0x3cd6, [0x474f, [0x47d4, nil]]]
0x47edS0x47b8S0x467aS0x3ca2B0x382e	[0x3cd6, [0x474f, [0x47d4, nil]]]
0x47efS0x47b8S0x467aS0x3ca2B0x382e	[0x3cd6, [0x474f, [0x47d4, nil]]]
0x47f0S0x47b8S0x467aS0x3ca2B0x382e	[0x3cd6, [0x474f, [0x47d4, nil]]]
0x47f1S0x47b8S0x467aS0x3ca2B0x382e	[0x3cd6, [0x474f, [0x47d4, nil]]]
0x47f4S0x47b8S0x467aS0x3ca2B0x382e	[0x3cd6, [0x474f, [0x47d4, nil]]]
0x47f5S0x47b8S0x467aS0x3ca2B0x382e	[0x3cd6, [0x474f, [0x47d4, nil]]]
0x47f7S0x47b8S0x467aS0x3ca2B0x382e	[0x3cd6, [0x474f, [0x47d4, nil]]]
0x47f8S0x47b8S0x467aS0x3ca2B0x382e	[0x3cd6, [0x474f, [0x47d4, nil]]]
0x47fcS0x47b8S0x467aS0x3ca2B0x382e	[0x3cd6, [0x474f, [0x47d4, nil]]]
0x47feS0x47b8S0x467aS0x3ca2B0x382e	[0x3cd6, [0x474f, [0x47d4, nil]]]
0x4801S0x47b8S0x467aS0x3ca2B0x382e	[0x3cd6, [0x474f, [0x47d4, nil]]]
0x4803S0x47b8S0x467aS0x3ca2B0x382e	[0x3cd6, [0x474f, [0x47d4, nil]]]
0x4806S0x47b8S0x467aS0x3ca2B0x382e	[0x3cd6, [0x474f, [0x47d4, nil]]]
0x4808S0x47b8S0x467aS0x3ca2B0x382e	[0x3cd6, [0x474f, [0x47d4, nil]]]
0x480aS0x47b8S0x467aS0x3ca2B0x382e	[0x3cd6, [0x474f, [0x47d4, nil]]]
0x480dS0x47b8S0x467aS0x3ca2B0x382e	[0x3cd6, [0x474f, [0x47d4, nil]]]
0x480fS0x47b8S0x467aS0x3ca2B0x382e	[0x3cd6, [0x474f, [0x47d4, nil]]]
0x4830S0x47b8S0x467aS0x3ca2B0x382e	[0x3cd6, [0x474f, [0x47d4, nil]]]
0x4833S0x47b8S0x467aS0x3ca2B0x382e	[0x3cd6, [0x474f, [0x47d4, nil]]]
0x4835S0x47b8S0x467aS0x3ca2B0x382e	[0x3cd6, [0x474f, [0x47d4, nil]]]
0x4837S0x47b8S0x467aS0x3ca2B0x382e	[0x3cd6, [0x474f, [0x47d4, nil]]]
0x4838S0x47b8S0x467aS0x3ca2B0x382e	[0x3cd6, [0x474f, [0x47d4, nil]]]
0x483bS0x47b8S0x467aS0x3ca2B0x382e	[0x3cd6, [0x474f, [0x47d4, nil]]]
0x4800S0x47b8S0x467aS0x3ca2B0x382e	[0x3cd6, [0x474f, [0x47d4, nil]]]
0x4807S0x47b8S0x467aS0x3ca2B0x382e	[0x3cd6, [0x474f, [0x47d4, nil]]]
0x480eS0x47b8S0x467aS0x3ca2B0x382e	[0x3cd6, [0x474f, [0x47d4, nil]]]
0x4834S0x47b8S0x467aS0x3ca2B0x382e	[0x3cd6, [0x474f, [0x47d4, nil]]]
0x47d5S0x47b8S0x467aS0x3ca2B0x382e	[0x3cd6, [0x474f, [0x47d4, nil]]]
0x47d8S0x47b8S0x467aS0x3ca2B0x382e	[0x3cd6, [0x474f, [0x47d4, nil]]]
0x47d9S0x47b8S0x467aS0x3ca2B0x382e	[0x3cd6, [0x474f, [0x47d4, nil]]]
0x47dcS0x47b8S0x467aS0x3ca2B0x382e	[0x3cd6, [0x474f, [0x47d4, nil]]]
0x4844S0x47b8S0x467aS0x3ca2B0x382e	[0x3cd6, [0x474f, [0x47d4, nil]]]
0x484aS0x47b8S0x467aS0x3ca2B0x382e	[0x3cd6, [0x474f, [0x47d4, nil]]]
0x484bS0x47b8S0x467aS0x3ca2B0x382e	[0x3cd6, [0x474f, [0x47d4, nil]]]
0x484cS0x47b8S0x467aS0x3ca2B0x382e	[0x3cd6, [0x474f, [0x47d4, nil]]]
0x484fS0x47b8S0x467aS0x3ca2B0x382e	[0x3cd6, [0x474f, [0x47d4, nil]]]
0x10017bS0x47b8S0x467aS0x3ca2B0x382e	[0x3cd6, [0x474f, [0x47d4, nil]]]
0x10017eS0x47b8S0x467aS0x3ca2B0x382e	[0x3cd6, [0x474f, [0x47d4, nil]]]
0x1001a1S0x47b8S0x467aS0x3ca2B0x382e	[0x3cd6, [0x474f, [0x47d4, nil]]]
0x1001a4S0x47b8S0x467aS0x3ca2B0x382e	[0x3cd6, [0x474f, [0x47d4, nil]]]
0xc0e6S0x47b8S0x467aS0x3ca2B0x382e	[0x3cd6, [0x474f, [0x47d4, nil]]]
0xc0e8S0x47b8S0x467aS0x3ca2B0x382e	[0x3cd6, [0x474f, [0x47d4, nil]]]
0xc0ebS0x47b8S0x467aS0x3ca2B0x382e	[0x3cd6, [0x474f, [0x47d4, nil]]]
0xc0edS0x47b8S0x467aS0x3ca2B0x382e	[0x3cd6, [0x474f, [0x47d4, nil]]]
0x485aS0x47b8S0x467aS0x3ca2B0x382e	[0x3cd6, [0x474f, [0x47d4, nil]]]
0x485cS0x47b8S0x467aS0x3ca2B0x382e	[0x3cd6, [0x474f, [0x47d4, nil]]]
0x485dS0x47b8S0x467aS0x3ca2B0x382e	[0x3cd6, [0x474f, [0x47d4, nil]]]
0x4861S0x47b8S0x467aS0x3ca2B0x382e	[0x3cd6, [0x474f, [0x47d4, nil]]]
0x4863S0x47b8S0x467aS0x3ca2B0x382e	[0x3cd6, [0x474f, [0x47d4, nil]]]
0x4866S0x47b8S0x467aS0x3ca2B0x382e	[0x3cd6, [0x474f, [0x47d4, nil]]]
0x4868S0x47b8S0x467aS0x3ca2B0x382e	[0x3cd6, [0x474f, [0x47d4, nil]]]
0x4869S0x47b8S0x467aS0x3ca2B0x382e	[0x3cd6, [0x474f, [0x47d4, nil]]]
0x486eS0x47b8S0x467aS0x3ca2B0x382e	[0x3cd6, [0x474f, [0x47d4, nil]]]
0x4871S0x47b8S0x467aS0x3ca2B0x382e	[0x3cd6, [0x474f, [0x47d4, nil]]]
0x4865S0x47b8S0x467aS0x3ca2B0x382e	[0x3cd6, [0x474f, [0x47d4, nil]]]
0x100213S0x47b8S0x467aS0x3ca2B0x382e	[0x3cd6, [0x474f, [0x47d4, nil]]]
0x100215S0x47b8S0x467aS0x3ca2B0x382e	[0x3cd6, [0x474f, [0x47d4, nil]]]
0x100218S0x47b8S0x467aS0x3ca2B0x382e	[0x3cd6, [0x474f, [0x47d4, nil]]]
0x10021aS0x47b8S0x467aS0x3ca2B0x382e	[0x3cd6, [0x474f, [0x47d4, nil]]]
0x101204S0x47b8S0x467aS0x3ca2B0x382e	[0x3cd6, [0x474f, [0x47d4, nil]]]
0x10122bS0x47b8S0x467aS0x3ca2B0x382e	[0x3cd6, [0x474f, [0x47d4, nil]]]
0x47deS0x47b8S0x467aS0x3ca2B0x382e	[0x3cd6, [0x474f, [0x47d4, nil]]]
0x47dfS0x47b8S0x467aS0x3ca2B0x382e	[0x3cd6, [0x474f, [0x47d4, nil]]]
0x47e1S0x47b8S0x467aS0x3ca2B0x382e	[0x3cd6, [0x474f, [0x47d4, nil]]]
0x47e2S0x47b8S0x467aS0x3ca2B0x382e	[0x3cd6, [0x474f, [0x47d4, nil]]]
0x47e5S0x47b8S0x467aS0x3ca2B0x382e	[0x3cd6, [0x474f, [0x47d4, nil]]]
0x4851S0x47b8S0x467aS0x3ca2B0x382e	[0x3cd6, [0x474f, [0x47d4, nil]]]
0x4854S0x47b8S0x467aS0x3ca2B0x382e	[0x3cd6, [0x474f, [0x47d4, nil]]]
0x4856S0x47b8S0x467aS0x3ca2B0x382e	[0x3cd6, [0x474f, [0x47d4, nil]]]
0x4857S0x47b8S0x467aS0x3ca2B0x382e	[0x3cd6, [0x474f, [0x47d4, nil]]]
0x49bfS0x4858S0x47b8S0x467aS0x3ca2B0x382e	[0x3cd6, [0x474f, [0x47d4, [0x49be, nil]]]]
0x49c3S0x4858S0x47b8S0x467aS0x3ca2B0x382e	[0x3cd6, [0x474f, [0x47d4, [0x49be, nil]]]]
0x49c5S0x4858S0x47b8S0x467aS0x3ca2B0x382e	[0x3cd6, [0x474f, [0x47d4, [0x49be, nil]]]]
0x49c8S0x4858S0x47b8S0x467aS0x3ca2B0x382e	[0x3cd6, [0x474f, [0x47d4, [0x49be, nil]]]]
0x49cbS0x4858S0x47b8S0x467aS0x3ca2B0x382e	[0x3cd6, [0x474f, [0x47d4, [0x49be, nil]]]]
0x49cdS0x4858S0x47b8S0x467aS0x3ca2B0x382e	[0x3cd6, [0x474f, [0x47d4, [0x49be, nil]]]]
0x49d0S0x4858S0x47b8S0x467aS0x3ca2B0x382e	[0x3cd6, [0x474f, [0x47d4, [0x49be, nil]]]]
0x49c2S0x4858S0x47b8S0x467aS0x3ca2B0x382e	[0x3cd6, [0x474f, [0x47d4, [0x49be, nil]]]]
0x10031eS0x4858S0x47b8S0x467aS0x3ca2B0x382e	[0x3cd6, [0x474f, [0x47d4, [0x49be, nil]]]]
0x49abS0x49beS0x4858S0x47b8S0x467aS0x3ca2B0x382e	[0x3cd6, [0x474f, [0x47d4, [0x49be, [0x4992, nil]]]]]
0x49adS0x49beS0x4858S0x47b8S0x467aS0x3ca2B0x382e	[0x3cd6, [0x474f, [0x47d4, [0x49be, [0x4992, nil]]]]]
0x49aeS0x49beS0x4858S0x47b8S0x467aS0x3ca2B0x382e	[0x3cd6, [0x474f, [0x47d4, [0x49be, [0x4992, nil]]]]]
0x49b0S0x49beS0x4858S0x47b8S0x467aS0x3ca2B0x382e	[0x3cd6, [0x474f, [0x47d4, [0x49be, [0x4992, nil]]]]]
0x49b1S0x49beS0x4858S0x47b8S0x467aS0x3ca2B0x382e	[0x3cd6, [0x474f, [0x47d4, [0x49be, [0x4992, nil]]]]]
0x49b5S0x49beS0x4858S0x47b8S0x467aS0x3ca2B0x382e	[0x3cd6, [0x474f, [0x47d4, [0x49be, [0x4992, nil]]]]]
0x49b6S0x49beS0x4858S0x47b8S0x467aS0x3ca2B0x382e	[0x3cd6, [0x474f, [0x47d4, [0x49be, [0x4992, nil]]]]]
0x49b8S0x49beS0x4858S0x47b8S0x467aS0x3ca2B0x382e	[0x3cd6, [0x474f, [0x47d4, [0x49be, [0x4992, nil]]]]]
0x49bdS0x49beS0x4858S0x47b8S0x467aS0x3ca2B0x382e	[0x3cd6, [0x474f, [0x47d4, [0x49be, [0x4992, nil]]]]]
0x4993S0x49beS0x4858S0x47b8S0x467aS0x3ca2B0x382e	[0x3cd6, [0x474f, [0x47d4, [0x49be, [0x4992, nil]]]]]
0x4996S0x49beS0x4858S0x47b8S0x467aS0x3ca2B0x382e	[0x3cd6, [0x474f, [0x47d4, [0x49be, [0x4992, nil]]]]]
0x499aS0x49beS0x4858S0x47b8S0x467aS0x3ca2B0x382e	[0x3cd6, [0x474f, [0x47d4, [0x49be, [0x4992, nil]]]]]
0x499eS0x49beS0x4858S0x47b8S0x467aS0x3ca2B0x382e	[0x3cd6, [0x474f, [0x47d4, [0x49be, [0x4992, nil]]]]]
0x49a1S0x49beS0x4858S0x47b8S0x467aS0x3ca2B0x382e	[0x3cd6, [0x474f, [0x47d4, [0x49be, [0x4992, nil]]]]]
0x49a2S0x49beS0x4858S0x47b8S0x467aS0x3ca2B0x382e	[0x3cd6, [0x474f, [0x47d4, [0x49be, [0x4992, nil]]]]]
0x49a5S0x49beS0x4858S0x47b8S0x467aS0x3ca2B0x382e	[0x3cd6, [0x474f, [0x47d4, [0x49be, [0x4992, nil]]]]]
0x49a6S0x49beS0x4858S0x47b8S0x467aS0x3ca2B0x382e	[0x3cd6, [0x474f, [0x47d4, [0x49be, [0x4992, nil]]]]]
0x49a9S0x49beS0x4858S0x47b8S0x467aS0x3ca2B0x382e	[0x3cd6, [0x474f, [0x47d4, [0x49be, [0x4992, nil]]]]]
0x4999S0x49beS0x4858S0x47b8S0x467aS0x3ca2B0x382e	[0x3cd6, [0x474f, [0x47d4, [0x49be, [0x4992, nil]]]]]
0x498cS0x4992S0x49beS0x4858S0x47b8S0x467aS0x3ca2B0x382e	[0x3cd6, [0x474f, [0x47d4, [0x49be, [0x4992, [0x496e, nil]]]]]]
0x498fS0x4992S0x49beS0x4858S0x47b8S0x467aS0x3ca2B0x382e	[0x3cd6, [0x474f, [0x47d4, [0x49be, [0x4992, [0x496e, nil]]]]]]
0x4991S0x4992S0x49beS0x4858S0x47b8S0x467aS0x3ca2B0x382e	[0x3cd6, [0x474f, [0x47d4, [0x49be, [0x4992, [0x496e, nil]]]]]]
0x4990S0x4992S0x49beS0x4858S0x47b8S0x467aS0x3ca2B0x382e	[0x3cd6, [0x474f, [0x47d4, [0x49be, [0x4992, [0x496e, nil]]]]]]
0x4974S0x4992S0x49beS0x4858S0x47b8S0x467aS0x3ca2B0x382e	[0x3cd6, [0x474f, [0x47d4, [0x49be, [0x4992, [0x496e, nil]]]]]]
0x4975S0x4992S0x49beS0x4858S0x47b8S0x467aS0x3ca2B0x382e	[0x3cd6, [0x474f, [0x47d4, [0x49be, [0x4992, [0x496e, nil]]]]]]
0x4976S0x4992S0x49beS0x4858S0x47b8S0x467aS0x3ca2B0x382e	[0x3cd6, [0x474f, [0x47d4, [0x49be, [0x4992, [0x496e, nil]]]]]]
0x4971_0x0S0x4992S0x49beS0x4858S0x47b8S0x467aS0x3ca2B0x382e	[0x3cd6, [0x474f, [0x47d4, [0x49be, [0x4992, [0x496e, nil]]]]]]
0x4979S0x4992S0x49beS0x4858S0x47b8S0x467aS0x3ca2B0x382e	[0x3cd6, [0x474f, [0x47d4, [0x49be, [0x4992, [0x496e, nil]]]]]]
0x496fS0x4992S0x49beS0x4858S0x47b8S0x467aS0x3ca2B0x382e	[0x3cd6, [0x474f, [0x47d4, [0x49be, [0x4992, [0x496e, nil]]]]]]
0x3b830S0x4992S0x49beS0x4858S0x47b8S0x467aS0x3ca2B0x382e	[0x3cd6, [0x474f, [0x47d4, [0x49be, [0x4992, [0x496e, nil]]]]]]
0x3b850S0x4992S0x49beS0x4858S0x47b8S0x467aS0x3ca2B0x382e	[0x3cd6, [0x474f, [0x47d4, [0x49be, [0x4992, [0x496e, nil]]]]]]
0x497cS0x4992S0x49beS0x4858S0x47b8S0x467aS0x3ca2B0x382e	[0x3cd6, [0x474f, [0x47d4, [0x49be, [0x4992, [0x496e, nil]]]]]]
0x497dS0x4992S0x49beS0x4858S0x47b8S0x467aS0x3ca2B0x382e	[0x3cd6, [0x474f, [0x47d4, [0x49be, [0x4992, [0x496e, nil]]]]]]
0x4980S0x4992S0x49beS0x4858S0x47b8S0x467aS0x3ca2B0x382e	[0x3cd6, [0x474f, [0x47d4, [0x49be, [0x4992, [0x496e, nil]]]]]]
0x4982S0x4992S0x49beS0x4858S0x47b8S0x467aS0x3ca2B0x382e	[0x3cd6, [0x474f, [0x47d4, [0x49be, [0x4992, [0x496e, nil]]]]]]
0x4984S0x4992S0x49beS0x4858S0x47b8S0x467aS0x3ca2B0x382e	[0x3cd6, [0x474f, [0x47d4, [0x49be, [0x4992, [0x496e, nil]]]]]]
0x4985S0x4992S0x49beS0x4858S0x47b8S0x467aS0x3ca2B0x382e	[0x3cd6, [0x474f, [0x47d4, [0x49be, [0x4992, [0x496e, nil]]]]]]
0x497a_0x0S0x4992S0x49beS0x4858S0x47b8S0x467aS0x3ca2B0x382e	[0x3cd6, [0x474f, [0x47d4, [0x49be, [0x4992, [0x496e, nil]]]]]]
0x4988S0x4992S0x49beS0x4858S0x47b8S0x467aS0x3ca2B0x382e	[0x3cd6, [0x474f, [0x47d4, [0x49be, [0x4992, [0x496e, nil]]]]]]
0x4981S0x4992S0x49beS0x4858S0x47b8S0x467aS0x3ca2B0x382e	[0x3cd6, [0x474f, [0x47d4, [0x49be, [0x4992, [0x496e, nil]]]]]]
0x46f5S0x3ca2B0x2dfdB0x232fB0x137c	[0x3cd6, nil]
0x46f7S0x3ca2B0x2dfdB0x232fB0x137c	[0x3cd6, nil]
0x46f8S0x3ca2B0x2dfdB0x232fB0x137c	[0x3cd6, nil]
0x46fcS0x3ca2B0x2dfdB0x232fB0x137c	[0x3cd6, nil]
0x46feS0x3ca2B0x2dfdB0x232fB0x137c	[0x3cd6, nil]
0x4701S0x3ca2B0x2dfdB0x232fB0x137c	[0x3cd6, nil]
0x4703S0x3ca2B0x2dfdB0x232fB0x137c	[0x3cd6, nil]
0x4706S0x3ca2B0x2dfdB0x232fB0x137c	[0x3cd6, nil]
0x4708S0x3ca2B0x2dfdB0x232fB0x137c	[0x3cd6, nil]
0x470aS0x3ca2B0x2dfdB0x232fB0x137c	[0x3cd6, nil]
0x470dS0x3ca2B0x2dfdB0x232fB0x137c	[0x3cd6, nil]
0x470fS0x3ca2B0x2dfdB0x232fB0x137c	[0x3cd6, nil]
0x4730S0x3ca2B0x2dfdB0x232fB0x137c	[0x3cd6, nil]
0x4733S0x3ca2B0x2dfdB0x232fB0x137c	[0x3cd6, nil]
0x4735S0x3ca2B0x2dfdB0x232fB0x137c	[0x3cd6, nil]
0x4740S0x3ca2B0x2dfdB0x232fB0x137c	[0x3cd6, nil]
0x4742S0x3ca2B0x2dfdB0x232fB0x137c	[0x3cd6, nil]
0x4743S0x3ca2B0x2dfdB0x232fB0x137c	[0x3cd6, nil]
0x4746S0x3ca2B0x2dfdB0x232fB0x137c	[0x3cd6, nil]
0x4748S0x3ca2B0x2dfdB0x232fB0x137c	[0x3cd6, nil]
0x474aS0x3ca2B0x2dfdB0x232fB0x137c	[0x3cd6, nil]
0x474bS0x3ca2B0x2dfdB0x232fB0x137c	[0x3cd6, nil]
0x474eS0x3ca2B0x2dfdB0x232fB0x137c	[0x3cd6, nil]
0x4700S0x3ca2B0x2dfdB0x232fB0x137c	[0x3cd6, nil]
0x4707S0x3ca2B0x2dfdB0x232fB0x137c	[0x3cd6, nil]
0x470eS0x3ca2B0x2dfdB0x232fB0x137c	[0x3cd6, nil]
0x4734S0x3ca2B0x2dfdB0x232fB0x137c	[0x3cd6, nil]
0x4747S0x3ca2B0x2dfdB0x232fB0x137c	[0x3cd6, nil]
0x467bS0x3ca2B0x2dfdB0x232fB0x137c	[0x3cd6, nil]
0x467dS0x3ca2B0x2dfdB0x232fB0x137c	[0x3cd6, nil]
0x4681S0x3ca2B0x2dfdB0x232fB0x137c	[0x3cd6, nil]
0x4683S0x3ca2B0x2dfdB0x232fB0x137c	[0x3cd6, nil]
0x4685S0x3ca2B0x2dfdB0x232fB0x137c	[0x3cd6, nil]
0x4687S0x3ca2B0x2dfdB0x232fB0x137c	[0x3cd6, nil]
0x4688S0x3ca2B0x2dfdB0x232fB0x137c	[0x3cd6, nil]
0x468cS0x3ca2B0x2dfdB0x232fB0x137c	[0x3cd6, nil]
0x4690S0x3ca2B0x2dfdB0x232fB0x137c	[0x3cd6, nil]
0x4692S0x3ca2B0x2dfdB0x232fB0x137c	[0x3cd6, nil]
0x4693S0x3ca2B0x2dfdB0x232fB0x137c	[0x3cd6, nil]
0x46b8S0x3ca2B0x2dfdB0x232fB0x137c	[0x3cd6, nil]
0x46baS0x3ca2B0x2dfdB0x232fB0x137c	[0x3cd6, nil]
0x46bcS0x3ca2B0x2dfdB0x232fB0x137c	[0x3cd6, nil]
0x46beS0x3ca2B0x2dfdB0x232fB0x137c	[0x3cd6, nil]
0x46bfS0x3ca2B0x2dfdB0x232fB0x137c	[0x3cd6, nil]
0x46c0S0x3ca2B0x2dfdB0x232fB0x137c	[0x3cd6, nil]
0x46c1S0x3ca2B0x2dfdB0x232fB0x137c	[0x3cd6, nil]
0x46c8S0x3ca2B0x2dfdB0x232fB0x137c	[0x3cd6, nil]
0x46cdS0x3ca2B0x2dfdB0x232fB0x137c	[0x3cd6, nil]
0x46ceS0x3ca2B0x2dfdB0x232fB0x137c	[0x3cd6, nil]
0x468aS0x3ca2B0x2dfdB0x232fB0x137c	[0x3cd6, nil]
0x468fS0x3ca2B0x2dfdB0x232fB0x137c	[0x3cd6, nil]
0x46b5S0x3ca2B0x2dfdB0x232fB0x137c	[0x3cd6, nil]
0x46d3S0x3ca2B0x2dfdB0x232fB0x137c	[0x3cd6, nil]
0x46d4S0x3ca2B0x2dfdB0x232fB0x137c	[0x3cd6, nil]
0x46d6S0x3ca2B0x2dfdB0x232fB0x137c	[0x3cd6, nil]
0x46d8S0x3ca2B0x2dfdB0x232fB0x137c	[0x3cd6, nil]
0x46dbS0x3ca2B0x2dfdB0x232fB0x137c	[0x3cd6, nil]
0x46f1S0x3ca2B0x2dfdB0x232fB0x137c	[0x3cd6, nil]
0x46f0_0x0S0x3ca2B0x2dfdB0x232fB0x137c	[0x3cd6, nil]
0x46f4S0x3ca2B0x2dfdB0x232fB0x137c	[0x3cd6, nil]
0x100131S0x3ca2B0x2dfdB0x232fB0x137c	[0x3cd6, nil]
0xc0beS0x3ca2B0x2dfdB0x232fB0x137c	[0x3cd6, nil]
0xc0c0S0x3ca2B0x2dfdB0x232fB0x137c	[0x3cd6, nil]
0xc0c3S0x3ca2B0x2dfdB0x232fB0x137c	[0x3cd6, nil]
0xc0c5S0x3ca2B0x2dfdB0x232fB0x137c	[0x3cd6, nil]
0x3cd7S0x3ca2B0x2dfdB0x232fB0x137c	[0x3cd6, nil]
0x3cdaS0x3ca2B0x2dfdB0x232fB0x137c	[0x3cd6, nil]
0x3cdbS0x3ca2B0x2dfdB0x232fB0x137c	[0x3cd6, nil]
0x3cddS0x3ca2B0x2dfdB0x232fB0x137c	[0x3cd6, nil]
0x3ce0S0x3ca2B0x2dfdB0x232fB0x137c	[0x3cd6, nil]
0x3ce1S0x3ca2B0x2dfdB0x232fB0x137c	[0x3cd6, nil]
0x3ce7S0x3ca2B0x2dfdB0x232fB0x137c	[0x3cd6, nil]
0x3ceaS0x3ca2B0x2dfdB0x232fB0x137c	[0x3cd6, nil]
0x3cecS0x3ca2B0x2dfdB0x232fB0x137c	[0x3cd6, nil]
0x3cedS0x3ca2B0x2dfdB0x232fB0x137c	[0x3cd6, nil]
0x3cefS0x3ca2B0x2dfdB0x232fB0x137c	[0x3cd6, nil]
0x3cf1S0x3ca2B0x2dfdB0x232fB0x137c	[0x3cd6, nil]
0x3cf3S0x3ca2B0x2dfdB0x232fB0x137c	[0x3cd6, nil]
0x3cf4S0x3ca2B0x2dfdB0x232fB0x137c	[0x3cd6, nil]
0x3cf5S0x3ca2B0x2dfdB0x232fB0x137c	[0x3cd6, nil]
0x3cf6S0x3ca2B0x2dfdB0x232fB0x137c	[0x3cd6, nil]
0x3cf8S0x3ca2B0x2dfdB0x232fB0x137c	[0x3cd6, nil]
0x3cfaS0x3ca2B0x2dfdB0x232fB0x137c	[0x3cd6, nil]
0x3cfcS0x3ca2B0x2dfdB0x232fB0x137c	[0x3cd6, nil]
0x3cfdS0x3ca2B0x2dfdB0x232fB0x137c	[0x3cd6, nil]
0x3cfeS0x3ca2B0x2dfdB0x232fB0x137c	[0x3cd6, nil]
0x3d01S0x3ca2B0x2dfdB0x232fB0x137c	[0x3cd6, nil]
0x3d05S0x3ca2B0x2dfdB0x232fB0x137c	[0x3cd6, nil]
0x3d09S0x3ca2B0x2dfdB0x232fB0x137c	[0x3cd6, nil]
0x3d0cS0x3ca2B0x2dfdB0x232fB0x137c	[0x3cd6, nil]
0x3ce3S0x3ca2B0x2dfdB0x232fB0x137c	[0x3cd6, nil]
0x3ce6S0x3ca2B0x2dfdB0x232fB0x137c	[0x3cd6, nil]
0x3d08S0x3ca2B0x2dfdB0x232fB0x137c	[0x3cd6, nil]
0x46dfS0x3ca2B0x2dfdB0x232fB0x137c	[0x3cd6, nil]
0x46e1S0x3ca2B0x2dfdB0x232fB0x137c	[0x3cd6, nil]
0x46e3S0x3ca2B0x2dfdB0x232fB0x137c	[0x3cd6, nil]
0x46e5S0x3ca2B0x2dfdB0x232fB0x137c	[0x3cd6, nil]
0x46e7S0x3ca2B0x2dfdB0x232fB0x137c	[0x3cd6, nil]
0x46ecS0x3ca2B0x2dfdB0x232fB0x137c	[0x3cd6, nil]
0x46efS0x3ca2B0x2dfdB0x232fB0x137c	[0x3cd6, nil]
0x5a46S0x46dcS0x3ca2B0x2dfdB0x232fB0x137c	[0x3cd6, [0x5a38, nil]]
0x5a49S0x46dcS0x3ca2B0x2dfdB0x232fB0x137c	[0x3cd6, [0x5a38, nil]]
0x5a39S0x46dcS0x3ca2B0x2dfdB0x232fB0x137c	[0x3cd6, [0x5a38, nil]]
0x5a3bS0x46dcS0x3ca2B0x2dfdB0x232fB0x137c	[0x3cd6, [0x5a38, nil]]
0x5a3fS0x46dcS0x3ca2B0x2dfdB0x232fB0x137c	[0x3cd6, [0x5a38, nil]]
0x5a40S0x46dcS0x3ca2B0x2dfdB0x232fB0x137c	[0x3cd6, [0x5a38, nil]]
0x5a41S0x46dcS0x3ca2B0x2dfdB0x232fB0x137c	[0x3cd6, [0x5a38, nil]]
0x5a42S0x46dcS0x3ca2B0x2dfdB0x232fB0x137c	[0x3cd6, [0x5a38, nil]]
0x5a45S0x46dcS0x3ca2B0x2dfdB0x232fB0x137c	[0x3cd6, [0x5a38, nil]]
0x5a4cS0x46dcS0x3ca2B0x2dfdB0x232fB0x137c	[0x3cd6, [0x5a38, nil]]
0x5a4dS0x46dcS0x3ca2B0x2dfdB0x232fB0x137c	[0x3cd6, [0x5a38, nil]]
0x5a51S0x46dcS0x3ca2B0x2dfdB0x232fB0x137c	[0x3cd6, [0x5a38, nil]]
0x5a54S0x46dcS0x3ca2B0x2dfdB0x232fB0x137c	[0x3cd6, [0x5a38, nil]]
0x4d43S0x5a4aS0x46dcS0x3ca2B0x2dfdB0x232fB0x137c	[0x3cd6, [0x5a38, [0x4d39, nil]]]
0x4d46S0x5a4aS0x46dcS0x3ca2B0x2dfdB0x232fB0x137c	[0x3cd6, [0x5a38, [0x4d39, nil]]]
0x4d3bS0x5a4aS0x46dcS0x3ca2B0x2dfdB0x232fB0x137c	[0x3cd6, [0x5a38, [0x4d39, nil]]]
0x4d3cS0x5a4aS0x46dcS0x3ca2B0x2dfdB0x232fB0x137c	[0x3cd6, [0x5a38, [0x4d39, nil]]]
0x4d3eS0x5a4aS0x46dcS0x3ca2B0x2dfdB0x232fB0x137c	[0x3cd6, [0x5a38, [0x4d39, nil]]]
0x4d3fS0x5a4aS0x46dcS0x3ca2B0x2dfdB0x232fB0x137c	[0x3cd6, [0x5a38, [0x4d39, nil]]]
0x4d42S0x5a4aS0x46dcS0x3ca2B0x2dfdB0x232fB0x137c	[0x3cd6, [0x5a38, [0x4d39, nil]]]
0x100819S0x46dcS0x3ca2B0x2dfdB0x232fB0x137c	[0x3cd6, [0x5a38, nil]]
0x10048aS0x5a4aS0x46dcS0x3ca2B0x2dfdB0x232fB0x137c	[0x3cd6, [0x5a38, [0x4d39, nil]]]
0x4792S0x467aS0x3ca2B0x2dfdB0x232fB0x137c	[0x3cd6, [0x474f, nil]]
0x4794S0x467aS0x3ca2B0x2dfdB0x232fB0x137c	[0x3cd6, [0x474f, nil]]
0x4797S0x467aS0x3ca2B0x2dfdB0x232fB0x137c	[0x3cd6, [0x474f, nil]]
0x4799S0x467aS0x3ca2B0x2dfdB0x232fB0x137c	[0x3cd6, [0x474f, nil]]
0x479aS0x467aS0x3ca2B0x2dfdB0x232fB0x137c	[0x3cd6, [0x474f, nil]]
0x479cS0x467aS0x3ca2B0x2dfdB0x232fB0x137c	[0x3cd6, [0x474f, nil]]
0x479dS0x467aS0x3ca2B0x2dfdB0x232fB0x137c	[0x3cd6, [0x474f, nil]]
0x479eS0x467aS0x3ca2B0x2dfdB0x232fB0x137c	[0x3cd6, [0x474f, nil]]
0x47a0S0x467aS0x3ca2B0x2dfdB0x232fB0x137c	[0x3cd6, [0x474f, nil]]
0x47a1S0x467aS0x3ca2B0x2dfdB0x232fB0x137c	[0x3cd6, [0x474f, nil]]
0x47a4S0x467aS0x3ca2B0x2dfdB0x232fB0x137c	[0x3cd6, [0x474f, nil]]
0x47a7S0x467aS0x3ca2B0x2dfdB0x232fB0x137c	[0x3cd6, [0x474f, nil]]
0x47a8S0x467aS0x3ca2B0x2dfdB0x232fB0x137c	[0x3cd6, [0x474f, nil]]
0x47aaS0x467aS0x3ca2B0x2dfdB0x232fB0x137c	[0x3cd6, [0x474f, nil]]
0x47adS0x467aS0x3ca2B0x2dfdB0x232fB0x137c	[0x3cd6, [0x474f, nil]]
0x47afS0x467aS0x3ca2B0x2dfdB0x232fB0x137c	[0x3cd6, [0x474f, nil]]
0x47b2S0x467aS0x3ca2B0x2dfdB0x232fB0x137c	[0x3cd6, [0x474f, nil]]
0x47a3S0x467aS0x3ca2B0x2dfdB0x232fB0x137c	[0x3cd6, [0x474f, nil]]
0x47a6S0x467aS0x3ca2B0x2dfdB0x232fB0x137c	[0x3cd6, [0x474f, nil]]
0x47aeS0x467aS0x3ca2B0x2dfdB0x232fB0x137c	[0x3cd6, [0x474f, nil]]
0x4750S0x467aS0x3ca2B0x2dfdB0x232fB0x137c	[0x3cd6, [0x474f, nil]]
0x4752S0x467aS0x3ca2B0x2dfdB0x232fB0x137c	[0x3cd6, [0x474f, nil]]
0x4757S0x467aS0x3ca2B0x2dfdB0x232fB0x137c	[0x3cd6, [0x474f, nil]]
0x475bS0x467aS0x3ca2B0x2dfdB0x232fB0x137c	[0x3cd6, [0x474f, nil]]
0x475fS0x467aS0x3ca2B0x2dfdB0x232fB0x137c	[0x3cd6, [0x474f, nil]]
0x4761S0x467aS0x3ca2B0x2dfdB0x232fB0x137c	[0x3cd6, [0x474f, nil]]
0x4763S0x467aS0x3ca2B0x2dfdB0x232fB0x137c	[0x3cd6, [0x474f, nil]]
0x4765S0x467aS0x3ca2B0x2dfdB0x232fB0x137c	[0x3cd6, [0x474f, nil]]
0x4766S0x467aS0x3ca2B0x2dfdB0x232fB0x137c	[0x3cd6, [0x474f, nil]]
0x4767S0x467aS0x3ca2B0x2dfdB0x232fB0x137c	[0x3cd6, [0x474f, nil]]
0x476aS0x467aS0x3ca2B0x2dfdB0x232fB0x137c	[0x3cd6, [0x474f, nil]]
0x476cS0x467aS0x3ca2B0x2dfdB0x232fB0x137c	[0x3cd6, [0x474f, nil]]
0x476dS0x467aS0x3ca2B0x2dfdB0x232fB0x137c	[0x3cd6, [0x474f, nil]]
0x4772S0x467aS0x3ca2B0x2dfdB0x232fB0x137c	[0x3cd6, [0x474f, nil]]
0x4775S0x467aS0x3ca2B0x2dfdB0x232fB0x137c	[0x3cd6, [0x474f, nil]]
0x100158S0x467aS0x3ca2B0x2dfdB0x232fB0x137c	[0x3cd6, [0x474f, nil]]
0x4777S0x467aS0x3ca2B0x2dfdB0x232fB0x137c	[0x3cd6, [0x474f, nil]]
0x4779S0x467aS0x3ca2B0x2dfdB0x232fB0x137c	[0x3cd6, [0x474f, nil]]
0x477bS0x467aS0x3ca2B0x2dfdB0x232fB0x137c	[0x3cd6, [0x474f, nil]]
0x477eS0x467aS0x3ca2B0x2dfdB0x232fB0x137c	[0x3cd6, [0x474f, nil]]
0x4782S0x467aS0x3ca2B0x2dfdB0x232fB0x137c	[0x3cd6, [0x474f, nil]]
0x4783S0x467aS0x3ca2B0x2dfdB0x232fB0x137c	[0x3cd6, [0x474f, nil]]
0x4788S0x467aS0x3ca2B0x2dfdB0x232fB0x137c	[0x3cd6, [0x474f, nil]]
0x478aS0x467aS0x3ca2B0x2dfdB0x232fB0x137c	[0x3cd6, [0x474f, nil]]
0x478dS0x467aS0x3ca2B0x2dfdB0x232fB0x137c	[0x3cd6, [0x474f, nil]]
0x478eS0x467aS0x3ca2B0x2dfdB0x232fB0x137c	[0x3cd6, [0x474f, nil]]
0x4791S0x467aS0x3ca2B0x2dfdB0x232fB0x137c	[0x3cd6, [0x474f, nil]]
0x5a56S0x467aS0x3ca2B0x2dfdB0x232fB0x137c	[0x3cd6, [0x474f, nil]]
0x5a59S0x467aS0x3ca2B0x2dfdB0x232fB0x137c	[0x3cd6, [0x474f, nil]]
0x5a5aS0x467aS0x3ca2B0x2dfdB0x232fB0x137c	[0x3cd6, [0x474f, nil]]
0x5a5fS0x467aS0x3ca2B0x2dfdB0x232fB0x137c	[0x3cd6, [0x474f, nil]]
0x5a62S0x467aS0x3ca2B0x2dfdB0x232fB0x137c	[0x3cd6, [0x474f, nil]]
0x5a63S0x467aS0x3ca2B0x2dfdB0x232fB0x137c	[0x3cd6, [0x474f, nil]]
0x5a66S0x467aS0x3ca2B0x2dfdB0x232fB0x137c	[0x3cd6, [0x474f, nil]]
0x47b4S0x467aS0x3ca2B0x2dfdB0x232fB0x137c	[0x3cd6, [0x474f, nil]]
0x3a430S0x467aS0x3ca2B0x2dfdB0x232fB0x137c	[0x3cd6, [0x474f, nil]]
0x3a450S0x467aS0x3ca2B0x2dfdB0x232fB0x137c	[0x3cd6, [0x474f, nil]]
0x47beS0x467aS0x3ca2B0x2dfdB0x232fB0x137c	[0x3cd6, [0x474f, nil]]
0x47c5S0x467aS0x3ca2B0x2dfdB0x232fB0x137c	[0x3cd6, [0x474f, nil]]
0x47b8_0x1S0x467aS0x3ca2B0x2dfdB0x232fB0x137c	[0x3cd6, [0x474f, nil]]
0x47c8S0x467aS0x3ca2B0x2dfdB0x232fB0x137c	[0x3cd6, [0x474f, nil]]
0x47d3S0x467aS0x3ca2B0x2dfdB0x232fB0x137c	[0x3cd6, [0x474f, nil]]
0x5a6bS0x467aS0x3ca2B0x2dfdB0x232fB0x137c	[0x3cd6, [0x474f, nil]]
0x5a70S0x467aS0x3ca2B0x2dfdB0x232fB0x137c	[0x3cd6, [0x474f, nil]]
0x498cS0x5a55S0x467aS0x3ca2B0x2dfdB0x232fB0x137c	[0x3cd6, [0x474f, [0x496e, nil]]]
0x498fS0x5a55S0x467aS0x3ca2B0x2dfdB0x232fB0x137c	[0x3cd6, [0x474f, [0x496e, nil]]]
0x4991S0x5a55S0x467aS0x3ca2B0x2dfdB0x232fB0x137c	[0x3cd6, [0x474f, [0x496e, nil]]]
0x4990S0x5a55S0x467aS0x3ca2B0x2dfdB0x232fB0x137c	[0x3cd6, [0x474f, [0x496e, nil]]]
0x4974S0x5a55S0x467aS0x3ca2B0x2dfdB0x232fB0x137c	[0x3cd6, [0x474f, [0x496e, nil]]]
0x4975S0x5a55S0x467aS0x3ca2B0x2dfdB0x232fB0x137c	[0x3cd6, [0x474f, [0x496e, nil]]]
0x4976S0x5a55S0x467aS0x3ca2B0x2dfdB0x232fB0x137c	[0x3cd6, [0x474f, [0x496e, nil]]]
0x4971_0x0S0x5a55S0x467aS0x3ca2B0x2dfdB0x232fB0x137c	[0x3cd6, [0x474f, [0x496e, nil]]]
0x4979S0x5a55S0x467aS0x3ca2B0x2dfdB0x232fB0x137c	[0x3cd6, [0x474f, [0x496e, nil]]]
0x496fS0x5a55S0x467aS0x3ca2B0x2dfdB0x232fB0x137c	[0x3cd6, [0x474f, [0x496e, nil]]]
0x3b830S0x5a55S0x467aS0x3ca2B0x2dfdB0x232fB0x137c	[0x3cd6, [0x474f, [0x496e, nil]]]
0x3b850S0x5a55S0x467aS0x3ca2B0x2dfdB0x232fB0x137c	[0x3cd6, [0x474f, [0x496e, nil]]]
0x497cS0x5a55S0x467aS0x3ca2B0x2dfdB0x232fB0x137c	[0x3cd6, [0x474f, [0x496e, nil]]]
0x497dS0x5a55S0x467aS0x3ca2B0x2dfdB0x232fB0x137c	[0x3cd6, [0x474f, [0x496e, nil]]]
0x4980S0x5a55S0x467aS0x3ca2B0x2dfdB0x232fB0x137c	[0x3cd6, [0x474f, [0x496e, nil]]]
0x4982S0x5a55S0x467aS0x3ca2B0x2dfdB0x232fB0x137c	[0x3cd6, [0x474f, [0x496e, nil]]]
0x4984S0x5a55S0x467aS0x3ca2B0x2dfdB0x232fB0x137c	[0x3cd6, [0x474f, [0x496e, nil]]]
0x4985S0x5a55S0x467aS0x3ca2B0x2dfdB0x232fB0x137c	[0x3cd6, [0x474f, [0x496e, nil]]]
0x497a_0x0S0x5a55S0x467aS0x3ca2B0x2dfdB0x232fB0x137c	[0x3cd6, [0x474f, [0x496e, nil]]]
0x4988S0x5a55S0x467aS0x3ca2B0x2dfdB0x232fB0x137c	[0x3cd6, [0x474f, [0x496e, nil]]]
0x4981S0x5a55S0x467aS0x3ca2B0x2dfdB0x232fB0x137c	[0x3cd6, [0x474f, [0x496e, nil]]]
0x47e6S0x47b8S0x467aS0x3ca2B0x2dfdB0x232fB0x137c	[0x3cd6, [0x474f, [0x47d4, nil]]]
0x47e8S0x47b8S0x467aS0x3ca2B0x2dfdB0x232fB0x137c	[0x3cd6, [0x474f, [0x47d4, nil]]]
0x47eaS0x47b8S0x467aS0x3ca2B0x2dfdB0x232fB0x137c	[0x3cd6, [0x474f, [0x47d4, nil]]]
0x47ecS0x47b8S0x467aS0x3ca2B0x2dfdB0x232fB0x137c	[0x3cd6, [0x474f, [0x47d4, nil]]]
0x47edS0x47b8S0x467aS0x3ca2B0x2dfdB0x232fB0x137c	[0x3cd6, [0x474f, [0x47d4, nil]]]
0x47efS0x47b8S0x467aS0x3ca2B0x2dfdB0x232fB0x137c	[0x3cd6, [0x474f, [0x47d4, nil]]]
0x47f0S0x47b8S0x467aS0x3ca2B0x2dfdB0x232fB0x137c	[0x3cd6, [0x474f, [0x47d4, nil]]]
0x47f1S0x47b8S0x467aS0x3ca2B0x2dfdB0x232fB0x137c	[0x3cd6, [0x474f, [0x47d4, nil]]]
0x47f4S0x47b8S0x467aS0x3ca2B0x2dfdB0x232fB0x137c	[0x3cd6, [0x474f, [0x47d4, nil]]]
0x47f5S0x47b8S0x467aS0x3ca2B0x2dfdB0x232fB0x137c	[0x3cd6, [0x474f, [0x47d4, nil]]]
0x47f7S0x47b8S0x467aS0x3ca2B0x2dfdB0x232fB0x137c	[0x3cd6, [0x474f, [0x47d4, nil]]]
0x47f8S0x47b8S0x467aS0x3ca2B0x2dfdB0x232fB0x137c	[0x3cd6, [0x474f, [0x47d4, nil]]]
0x47fcS0x47b8S0x467aS0x3ca2B0x2dfdB0x232fB0x137c	[0x3cd6, [0x474f, [0x47d4, nil]]]
0x47feS0x47b8S0x467aS0x3ca2B0x2dfdB0x232fB0x137c	[0x3cd6, [0x474f, [0x47d4, nil]]]
0x4801S0x47b8S0x467aS0x3ca2B0x2dfdB0x232fB0x137c	[0x3cd6, [0x474f, [0x47d4, nil]]]
0x4803S0x47b8S0x467aS0x3ca2B0x2dfdB0x232fB0x137c	[0x3cd6, [0x474f, [0x47d4, nil]]]
0x4806S0x47b8S0x467aS0x3ca2B0x2dfdB0x232fB0x137c	[0x3cd6, [0x474f, [0x47d4, nil]]]
0x4808S0x47b8S0x467aS0x3ca2B0x2dfdB0x232fB0x137c	[0x3cd6, [0x474f, [0x47d4, nil]]]
0x480aS0x47b8S0x467aS0x3ca2B0x2dfdB0x232fB0x137c	[0x3cd6, [0x474f, [0x47d4, nil]]]
0x480dS0x47b8S0x467aS0x3ca2B0x2dfdB0x232fB0x137c	[0x3cd6, [0x474f, [0x47d4, nil]]]
0x480fS0x47b8S0x467aS0x3ca2B0x2dfdB0x232fB0x137c	[0x3cd6, [0x474f, [0x47d4, nil]]]
0x4830S0x47b8S0x467aS0x3ca2B0x2dfdB0x232fB0x137c	[0x3cd6, [0x474f, [0x47d4, nil]]]
0x4833S0x47b8S0x467aS0x3ca2B0x2dfdB0x232fB0x137c	[0x3cd6, [0x474f, [0x47d4, nil]]]
0x4835S0x47b8S0x467aS0x3ca2B0x2dfdB0x232fB0x137c	[0x3cd6, [0x474f, [0x47d4, nil]]]
0x4837S0x47b8S0x467aS0x3ca2B0x2dfdB0x232fB0x137c	[0x3cd6, [0x474f, [0x47d4, nil]]]
0x4838S0x47b8S0x467aS0x3ca2B0x2dfdB0x232fB0x137c	[0x3cd6, [0x474f, [0x47d4, nil]]]
0x483bS0x47b8S0x467aS0x3ca2B0x2dfdB0x232fB0x137c	[0x3cd6, [0x474f, [0x47d4, nil]]]
0x4800S0x47b8S0x467aS0x3ca2B0x2dfdB0x232fB0x137c	[0x3cd6, [0x474f, [0x47d4, nil]]]
0x4807S0x47b8S0x467aS0x3ca2B0x2dfdB0x232fB0x137c	[0x3cd6, [0x474f, [0x47d4, nil]]]
0x480eS0x47b8S0x467aS0x3ca2B0x2dfdB0x232fB0x137c	[0x3cd6, [0x474f, [0x47d4, nil]]]
0x4834S0x47b8S0x467aS0x3ca2B0x2dfdB0x232fB0x137c	[0x3cd6, [0x474f, [0x47d4, nil]]]
0x47d5S0x47b8S0x467aS0x3ca2B0x2dfdB0x232fB0x137c	[0x3cd6, [0x474f, [0x47d4, nil]]]
0x47d8S0x47b8S0x467aS0x3ca2B0x2dfdB0x232fB0x137c	[0x3cd6, [0x474f, [0x47d4, nil]]]
0x47d9S0x47b8S0x467aS0x3ca2B0x2dfdB0x232fB0x137c	[0x3cd6, [0x474f, [0x47d4, nil]]]
0x47dcS0x47b8S0x467aS0x3ca2B0x2dfdB0x232fB0x137c	[0x3cd6, [0x474f, [0x47d4, nil]]]
0x4844S0x47b8S0x467aS0x3ca2B0x2dfdB0x232fB0x137c	[0x3cd6, [0x474f, [0x47d4, nil]]]
0x484aS0x47b8S0x467aS0x3ca2B0x2dfdB0x232fB0x137c	[0x3cd6, [0x474f, [0x47d4, nil]]]
0x484bS0x47b8S0x467aS0x3ca2B0x2dfdB0x232fB0x137c	[0x3cd6, [0x474f, [0x47d4, nil]]]
0x484cS0x47b8S0x467aS0x3ca2B0x2dfdB0x232fB0x137c	[0x3cd6, [0x474f, [0x47d4, nil]]]
0x484fS0x47b8S0x467aS0x3ca2B0x2dfdB0x232fB0x137c	[0x3cd6, [0x474f, [0x47d4, nil]]]
0x10017bS0x47b8S0x467aS0x3ca2B0x2dfdB0x232fB0x137c	[0x3cd6, [0x474f, [0x47d4, nil]]]
0x10017eS0x47b8S0x467aS0x3ca2B0x2dfdB0x232fB0x137c	[0x3cd6, [0x474f, [0x47d4, nil]]]
0x1001a1S0x47b8S0x467aS0x3ca2B0x2dfdB0x232fB0x137c	[0x3cd6, [0x474f, [0x47d4, nil]]]
0x1001a4S0x47b8S0x467aS0x3ca2B0x2dfdB0x232fB0x137c	[0x3cd6, [0x474f, [0x47d4, nil]]]
0xc0e6S0x47b8S0x467aS0x3ca2B0x2dfdB0x232fB0x137c	[0x3cd6, [0x474f, [0x47d4, nil]]]
0xc0e8S0x47b8S0x467aS0x3ca2B0x2dfdB0x232fB0x137c	[0x3cd6, [0x474f, [0x47d4, nil]]]
0xc0ebS0x47b8S0x467aS0x3ca2B0x2dfdB0x232fB0x137c	[0x3cd6, [0x474f, [0x47d4, nil]]]
0xc0edS0x47b8S0x467aS0x3ca2B0x2dfdB0x232fB0x137c	[0x3cd6, [0x474f, [0x47d4, nil]]]
0x485aS0x47b8S0x467aS0x3ca2B0x2dfdB0x232fB0x137c	[0x3cd6, [0x474f, [0x47d4, nil]]]
0x485cS0x47b8S0x467aS0x3ca2B0x2dfdB0x232fB0x137c	[0x3cd6, [0x474f, [0x47d4, nil]]]
0x485dS0x47b8S0x467aS0x3ca2B0x2dfdB0x232fB0x137c	[0x3cd6, [0x474f, [0x47d4, nil]]]
0x4861S0x47b8S0x467aS0x3ca2B0x2dfdB0x232fB0x137c	[0x3cd6, [0x474f, [0x47d4, nil]]]
0x4863S0x47b8S0x467aS0x3ca2B0x2dfdB0x232fB0x137c	[0x3cd6, [0x474f, [0x47d4, nil]]]
0x4866S0x47b8S0x467aS0x3ca2B0x2dfdB0x232fB0x137c	[0x3cd6, [0x474f, [0x47d4, nil]]]
0x4868S0x47b8S0x467aS0x3ca2B0x2dfdB0x232fB0x137c	[0x3cd6, [0x474f, [0x47d4, nil]]]
0x4869S0x47b8S0x467aS0x3ca2B0x2dfdB0x232fB0x137c	[0x3cd6, [0x474f, [0x47d4, nil]]]
0x486eS0x47b8S0x467aS0x3ca2B0x2dfdB0x232fB0x137c	[0x3cd6, [0x474f, [0x47d4, nil]]]
0x4871S0x47b8S0x467aS0x3ca2B0x2dfdB0x232fB0x137c	[0x3cd6, [0x474f, [0x47d4, nil]]]
0x4865S0x47b8S0x467aS0x3ca2B0x2dfdB0x232fB0x137c	[0x3cd6, [0x474f, [0x47d4, nil]]]
0x100213S0x47b8S0x467aS0x3ca2B0x2dfdB0x232fB0x137c	[0x3cd6, [0x474f, [0x47d4, nil]]]
0x100215S0x47b8S0x467aS0x3ca2B0x2dfdB0x232fB0x137c	[0x3cd6, [0x474f, [0x47d4, nil]]]
0x100218S0x47b8S0x467aS0x3ca2B0x2dfdB0x232fB0x137c	[0x3cd6, [0x474f, [0x47d4, nil]]]
0x10021aS0x47b8S0x467aS0x3ca2B0x2dfdB0x232fB0x137c	[0x3cd6, [0x474f, [0x47d4, nil]]]
0x101204S0x47b8S0x467aS0x3ca2B0x2dfdB0x232fB0x137c	[0x3cd6, [0x474f, [0x47d4, nil]]]
0x10122bS0x47b8S0x467aS0x3ca2B0x2dfdB0x232fB0x137c	[0x3cd6, [0x474f, [0x47d4, nil]]]
0x47deS0x47b8S0x467aS0x3ca2B0x2dfdB0x232fB0x137c	[0x3cd6, [0x474f, [0x47d4, nil]]]
0x47dfS0x47b8S0x467aS0x3ca2B0x2dfdB0x232fB0x137c	[0x3cd6, [0x474f, [0x47d4, nil]]]
0x47e1S0x47b8S0x467aS0x3ca2B0x2dfdB0x232fB0x137c	[0x3cd6, [0x474f, [0x47d4, nil]]]
0x47e2S0x47b8S0x467aS0x3ca2B0x2dfdB0x232fB0x137c	[0x3cd6, [0x474f, [0x47d4, nil]]]
0x47e5S0x47b8S0x467aS0x3ca2B0x2dfdB0x232fB0x137c	[0x3cd6, [0x474f, [0x47d4, nil]]]
0x4851S0x47b8S0x467aS0x3ca2B0x2dfdB0x232fB0x137c	[0x3cd6, [0x474f, [0x47d4, nil]]]
0x4854S0x47b8S0x467aS0x3ca2B0x2dfdB0x232fB0x137c	[0x3cd6, [0x474f, [0x47d4, nil]]]
0x4856S0x47b8S0x467aS0x3ca2B0x2dfdB0x232fB0x137c	[0x3cd6, [0x474f, [0x47d4, nil]]]
0x4857S0x47b8S0x467aS0x3ca2B0x2dfdB0x232fB0x137c	[0x3cd6, [0x474f, [0x47d4, nil]]]
0x49bfS0x4858S0x47b8S0x467aS0x3ca2B0x2dfdB0x232fB0x137c	[0x3cd6, [0x474f, [0x47d4, [0x49be, nil]]]]
0x49c3S0x4858S0x47b8S0x467aS0x3ca2B0x2dfdB0x232fB0x137c	[0x3cd6, [0x474f, [0x47d4, [0x49be, nil]]]]
0x49c5S0x4858S0x47b8S0x467aS0x3ca2B0x2dfdB0x232fB0x137c	[0x3cd6, [0x474f, [0x47d4, [0x49be, nil]]]]
0x49c8S0x4858S0x47b8S0x467aS0x3ca2B0x2dfdB0x232fB0x137c	[0x3cd6, [0x474f, [0x47d4, [0x49be, nil]]]]
0x49cbS0x4858S0x47b8S0x467aS0x3ca2B0x2dfdB0x232fB0x137c	[0x3cd6, [0x474f, [0x47d4, [0x49be, nil]]]]
0x49cdS0x4858S0x47b8S0x467aS0x3ca2B0x2dfdB0x232fB0x137c	[0x3cd6, [0x474f, [0x47d4, [0x49be, nil]]]]
0x49d0S0x4858S0x47b8S0x467aS0x3ca2B0x2dfdB0x232fB0x137c	[0x3cd6, [0x474f, [0x47d4, [0x49be, nil]]]]
0x49c2S0x4858S0x47b8S0x467aS0x3ca2B0x2dfdB0x232fB0x137c	[0x3cd6, [0x474f, [0x47d4, [0x49be, nil]]]]
0x10031eS0x4858S0x47b8S0x467aS0x3ca2B0x2dfdB0x232fB0x137c	[0x3cd6, [0x474f, [0x47d4, [0x49be, nil]]]]
0x49abS0x49beS0x4858S0x47b8S0x467aS0x3ca2B0x2dfdB0x232fB0x137c	[0x3cd6, [0x474f, [0x47d4, [0x49be, [0x4992, nil]]]]]
0x49adS0x49beS0x4858S0x47b8S0x467aS0x3ca2B0x2dfdB0x232fB0x137c	[0x3cd6, [0x474f, [0x47d4, [0x49be, [0x4992, nil]]]]]
0x49aeS0x49beS0x4858S0x47b8S0x467aS0x3ca2B0x2dfdB0x232fB0x137c	[0x3cd6, [0x474f, [0x47d4, [0x49be, [0x4992, nil]]]]]
0x49b0S0x49beS0x4858S0x47b8S0x467aS0x3ca2B0x2dfdB0x232fB0x137c	[0x3cd6, [0x474f, [0x47d4, [0x49be, [0x4992, nil]]]]]
0x49b1S0x49beS0x4858S0x47b8S0x467aS0x3ca2B0x2dfdB0x232fB0x137c	[0x3cd6, [0x474f, [0x47d4, [0x49be, [0x4992, nil]]]]]
0x49b5S0x49beS0x4858S0x47b8S0x467aS0x3ca2B0x2dfdB0x232fB0x137c	[0x3cd6, [0x474f, [0x47d4, [0x49be, [0x4992, nil]]]]]
0x49b6S0x49beS0x4858S0x47b8S0x467aS0x3ca2B0x2dfdB0x232fB0x137c	[0x3cd6, [0x474f, [0x47d4, [0x49be, [0x4992, nil]]]]]
0x49b8S0x49beS0x4858S0x47b8S0x467aS0x3ca2B0x2dfdB0x232fB0x137c	[0x3cd6, [0x474f, [0x47d4, [0x49be, [0x4992, nil]]]]]
0x49bdS0x49beS0x4858S0x47b8S0x467aS0x3ca2B0x2dfdB0x232fB0x137c	[0x3cd6, [0x474f, [0x47d4, [0x49be, [0x4992, nil]]]]]
0x4993S0x49beS0x4858S0x47b8S0x467aS0x3ca2B0x2dfdB0x232fB0x137c	[0x3cd6, [0x474f, [0x47d4, [0x49be, [0x4992, nil]]]]]
0x4996S0x49beS0x4858S0x47b8S0x467aS0x3ca2B0x2dfdB0x232fB0x137c	[0x3cd6, [0x474f, [0x47d4, [0x49be, [0x4992, nil]]]]]
0x499aS0x49beS0x4858S0x47b8S0x467aS0x3ca2B0x2dfdB0x232fB0x137c	[0x3cd6, [0x474f, [0x47d4, [0x49be, [0x4992, nil]]]]]
0x499eS0x49beS0x4858S0x47b8S0x467aS0x3ca2B0x2dfdB0x232fB0x137c	[0x3cd6, [0x474f, [0x47d4, [0x49be, [0x4992, nil]]]]]
0x49a1S0x49beS0x4858S0x47b8S0x467aS0x3ca2B0x2dfdB0x232fB0x137c	[0x3cd6, [0x474f, [0x47d4, [0x49be, [0x4992, nil]]]]]
0x49a2S0x49beS0x4858S0x47b8S0x467aS0x3ca2B0x2dfdB0x232fB0x137c	[0x3cd6, [0x474f, [0x47d4, [0x49be, [0x4992, nil]]]]]
0x49a5S0x49beS0x4858S0x47b8S0x467aS0x3ca2B0x2dfdB0x232fB0x137c	[0x3cd6, [0x474f, [0x47d4, [0x49be, [0x4992, nil]]]]]
0x49a6S0x49beS0x4858S0x47b8S0x467aS0x3ca2B0x2dfdB0x232fB0x137c	[0x3cd6, [0x474f, [0x47d4, [0x49be, [0x4992, nil]]]]]
0x49a9S0x49beS0x4858S0x47b8S0x467aS0x3ca2B0x2dfdB0x232fB0x137c	[0x3cd6, [0x474f, [0x47d4, [0x49be, [0x4992, nil]]]]]
0x4999S0x49beS0x4858S0x47b8S0x467aS0x3ca2B0x2dfdB0x232fB0x137c	[0x3cd6, [0x474f, [0x47d4, [0x49be, [0x4992, nil]]]]]
0x498cS0x4992S0x49beS0x4858S0x47b8S0x467aS0x3ca2B0x2dfdB0x232fB0x137c	[0x3cd6, [0x474f, [0x47d4, [0x49be, [0x4992, [0x496e, nil]]]]]]
0x498fS0x4992S0x49beS0x4858S0x47b8S0x467aS0x3ca2B0x2dfdB0x232fB0x137c	[0x3cd6, [0x474f, [0x47d4, [0x49be, [0x4992, [0x496e, nil]]]]]]
0x4991S0x4992S0x49beS0x4858S0x47b8S0x467aS0x3ca2B0x2dfdB0x232fB0x137c	[0x3cd6, [0x474f, [0x47d4, [0x49be, [0x4992, [0x496e, nil]]]]]]
0x4990S0x4992S0x49beS0x4858S0x47b8S0x467aS0x3ca2B0x2dfdB0x232fB0x137c	[0x3cd6, [0x474f, [0x47d4, [0x49be, [0x4992, [0x496e, nil]]]]]]
0x4974S0x4992S0x49beS0x4858S0x47b8S0x467aS0x3ca2B0x2dfdB0x232fB0x137c	[0x3cd6, [0x474f, [0x47d4, [0x49be, [0x4992, [0x496e, nil]]]]]]
0x4975S0x4992S0x49beS0x4858S0x47b8S0x467aS0x3ca2B0x2dfdB0x232fB0x137c	[0x3cd6, [0x474f, [0x47d4, [0x49be, [0x4992, [0x496e, nil]]]]]]
0x4976S0x4992S0x49beS0x4858S0x47b8S0x467aS0x3ca2B0x2dfdB0x232fB0x137c	[0x3cd6, [0x474f, [0x47d4, [0x49be, [0x4992, [0x496e, nil]]]]]]
0x4971_0x0S0x4992S0x49beS0x4858S0x47b8S0x467aS0x3ca2B0x2dfdB0x232fB0x137c	[0x3cd6, [0x474f, [0x47d4, [0x49be, [0x4992, [0x496e, nil]]]]]]
0x4979S0x4992S0x49beS0x4858S0x47b8S0x467aS0x3ca2B0x2dfdB0x232fB0x137c	[0x3cd6, [0x474f, [0x47d4, [0x49be, [0x4992, [0x496e, nil]]]]]]
0x496fS0x4992S0x49beS0x4858S0x47b8S0x467aS0x3ca2B0x2dfdB0x232fB0x137c	[0x3cd6, [0x474f, [0x47d4, [0x49be, [0x4992, [0x496e, nil]]]]]]
0x3b830S0x4992S0x49beS0x4858S0x47b8S0x467aS0x3ca2B0x2dfdB0x232fB0x137c	[0x3cd6, [0x474f, [0x47d4, [0x49be, [0x4992, [0x496e, nil]]]]]]
0x3b850S0x4992S0x49beS0x4858S0x47b8S0x467aS0x3ca2B0x2dfdB0x232fB0x137c	[0x3cd6, [0x474f, [0x47d4, [0x49be, [0x4992, [0x496e, nil]]]]]]
0x497cS0x4992S0x49beS0x4858S0x47b8S0x467aS0x3ca2B0x2dfdB0x232fB0x137c	[0x3cd6, [0x474f, [0x47d4, [0x49be, [0x4992, [0x496e, nil]]]]]]
0x497dS0x4992S0x49beS0x4858S0x47b8S0x467aS0x3ca2B0x2dfdB0x232fB0x137c	[0x3cd6, [0x474f, [0x47d4, [0x49be, [0x4992, [0x496e, nil]]]]]]
0x4980S0x4992S0x49beS0x4858S0x47b8S0x467aS0x3ca2B0x2dfdB0x232fB0x137c	[0x3cd6, [0x474f, [0x47d4, [0x49be, [0x4992, [0x496e, nil]]]]]]
0x4982S0x4992S0x49beS0x4858S0x47b8S0x467aS0x3ca2B0x2dfdB0x232fB0x137c	[0x3cd6, [0x474f, [0x47d4, [0x49be, [0x4992, [0x496e, nil]]]]]]
0x4984S0x4992S0x49beS0x4858S0x47b8S0x467aS0x3ca2B0x2dfdB0x232fB0x137c	[0x3cd6, [0x474f, [0x47d4, [0x49be, [0x4992, [0x496e, nil]]]]]]
0x4985S0x4992S0x49beS0x4858S0x47b8S0x467aS0x3ca2B0x2dfdB0x232fB0x137c	[0x3cd6, [0x474f, [0x47d4, [0x49be, [0x4992, [0x496e, nil]]]]]]
0x497a_0x0S0x4992S0x49beS0x4858S0x47b8S0x467aS0x3ca2B0x2dfdB0x232fB0x137c	[0x3cd6, [0x474f, [0x47d4, [0x49be, [0x4992, [0x496e, nil]]]]]]
0x4988S0x4992S0x49beS0x4858S0x47b8S0x467aS0x3ca2B0x2dfdB0x232fB0x137c	[0x3cd6, [0x474f, [0x47d4, [0x49be, [0x4992, [0x496e, nil]]]]]]
0x4981S0x4992S0x49beS0x4858S0x47b8S0x467aS0x3ca2B0x2dfdB0x232fB0x137c	[0x3cd6, [0x474f, [0x47d4, [0x49be, [0x4992, [0x496e, nil]]]]]]
0x46f5S0x3ca2B0x3eeaB0x232fB0x137c	[0x3cd6, nil]
0x46f7S0x3ca2B0x3eeaB0x232fB0x137c	[0x3cd6, nil]
0x46f8S0x3ca2B0x3eeaB0x232fB0x137c	[0x3cd6, nil]
0x46fcS0x3ca2B0x3eeaB0x232fB0x137c	[0x3cd6, nil]
0x46feS0x3ca2B0x3eeaB0x232fB0x137c	[0x3cd6, nil]
0x4701S0x3ca2B0x3eeaB0x232fB0x137c	[0x3cd6, nil]
0x4703S0x3ca2B0x3eeaB0x232fB0x137c	[0x3cd6, nil]
0x4706S0x3ca2B0x3eeaB0x232fB0x137c	[0x3cd6, nil]
0x4708S0x3ca2B0x3eeaB0x232fB0x137c	[0x3cd6, nil]
0x470aS0x3ca2B0x3eeaB0x232fB0x137c	[0x3cd6, nil]
0x470dS0x3ca2B0x3eeaB0x232fB0x137c	[0x3cd6, nil]
0x470fS0x3ca2B0x3eeaB0x232fB0x137c	[0x3cd6, nil]
0x4730S0x3ca2B0x3eeaB0x232fB0x137c	[0x3cd6, nil]
0x4733S0x3ca2B0x3eeaB0x232fB0x137c	[0x3cd6, nil]
0x4735S0x3ca2B0x3eeaB0x232fB0x137c	[0x3cd6, nil]
0x4740S0x3ca2B0x3eeaB0x232fB0x137c	[0x3cd6, nil]
0x4742S0x3ca2B0x3eeaB0x232fB0x137c	[0x3cd6, nil]
0x4743S0x3ca2B0x3eeaB0x232fB0x137c	[0x3cd6, nil]
0x4746S0x3ca2B0x3eeaB0x232fB0x137c	[0x3cd6, nil]
0x4748S0x3ca2B0x3eeaB0x232fB0x137c	[0x3cd6, nil]
0x474aS0x3ca2B0x3eeaB0x232fB0x137c	[0x3cd6, nil]
0x474bS0x3ca2B0x3eeaB0x232fB0x137c	[0x3cd6, nil]
0x474eS0x3ca2B0x3eeaB0x232fB0x137c	[0x3cd6, nil]
0x4700S0x3ca2B0x3eeaB0x232fB0x137c	[0x3cd6, nil]
0x4707S0x3ca2B0x3eeaB0x232fB0x137c	[0x3cd6, nil]
0x470eS0x3ca2B0x3eeaB0x232fB0x137c	[0x3cd6, nil]
0x4734S0x3ca2B0x3eeaB0x232fB0x137c	[0x3cd6, nil]
0x4747S0x3ca2B0x3eeaB0x232fB0x137c	[0x3cd6, nil]
0x467bS0x3ca2B0x3eeaB0x232fB0x137c	[0x3cd6, nil]
0x467dS0x3ca2B0x3eeaB0x232fB0x137c	[0x3cd6, nil]
0x4681S0x3ca2B0x3eeaB0x232fB0x137c	[0x3cd6, nil]
0x4683S0x3ca2B0x3eeaB0x232fB0x137c	[0x3cd6, nil]
0x4685S0x3ca2B0x3eeaB0x232fB0x137c	[0x3cd6, nil]
0x4687S0x3ca2B0x3eeaB0x232fB0x137c	[0x3cd6, nil]
0x4688S0x3ca2B0x3eeaB0x232fB0x137c	[0x3cd6, nil]
0x468cS0x3ca2B0x3eeaB0x232fB0x137c	[0x3cd6, nil]
0x4690S0x3ca2B0x3eeaB0x232fB0x137c	[0x3cd6, nil]
0x4692S0x3ca2B0x3eeaB0x232fB0x137c	[0x3cd6, nil]
0x4693S0x3ca2B0x3eeaB0x232fB0x137c	[0x3cd6, nil]
0x46b8S0x3ca2B0x3eeaB0x232fB0x137c	[0x3cd6, nil]
0x46baS0x3ca2B0x3eeaB0x232fB0x137c	[0x3cd6, nil]
0x46bcS0x3ca2B0x3eeaB0x232fB0x137c	[0x3cd6, nil]
0x46beS0x3ca2B0x3eeaB0x232fB0x137c	[0x3cd6, nil]
0x46bfS0x3ca2B0x3eeaB0x232fB0x137c	[0x3cd6, nil]
0x46c0S0x3ca2B0x3eeaB0x232fB0x137c	[0x3cd6, nil]
0x46c1S0x3ca2B0x3eeaB0x232fB0x137c	[0x3cd6, nil]
0x46c8S0x3ca2B0x3eeaB0x232fB0x137c	[0x3cd6, nil]
0x46cdS0x3ca2B0x3eeaB0x232fB0x137c	[0x3cd6, nil]
0x46ceS0x3ca2B0x3eeaB0x232fB0x137c	[0x3cd6, nil]
0x468aS0x3ca2B0x3eeaB0x232fB0x137c	[0x3cd6, nil]
0x468fS0x3ca2B0x3eeaB0x232fB0x137c	[0x3cd6, nil]
0x46b5S0x3ca2B0x3eeaB0x232fB0x137c	[0x3cd6, nil]
0x46d3S0x3ca2B0x3eeaB0x232fB0x137c	[0x3cd6, nil]
0x46d4S0x3ca2B0x3eeaB0x232fB0x137c	[0x3cd6, nil]
0x46d6S0x3ca2B0x3eeaB0x232fB0x137c	[0x3cd6, nil]
0x46d8S0x3ca2B0x3eeaB0x232fB0x137c	[0x3cd6, nil]
0x46dbS0x3ca2B0x3eeaB0x232fB0x137c	[0x3cd6, nil]
0x46f1S0x3ca2B0x3eeaB0x232fB0x137c	[0x3cd6, nil]
0x46f0_0x0S0x3ca2B0x3eeaB0x232fB0x137c	[0x3cd6, nil]
0x46f4S0x3ca2B0x3eeaB0x232fB0x137c	[0x3cd6, nil]
0x100131S0x3ca2B0x3eeaB0x232fB0x137c	[0x3cd6, nil]
0xc0beS0x3ca2B0x3eeaB0x232fB0x137c	[0x3cd6, nil]
0xc0c0S0x3ca2B0x3eeaB0x232fB0x137c	[0x3cd6, nil]
0xc0c3S0x3ca2B0x3eeaB0x232fB0x137c	[0x3cd6, nil]
0xc0c5S0x3ca2B0x3eeaB0x232fB0x137c	[0x3cd6, nil]
0x3cd7S0x3ca2B0x3eeaB0x232fB0x137c	[0x3cd6, nil]
0x3cdaS0x3ca2B0x3eeaB0x232fB0x137c	[0x3cd6, nil]
0x3cdbS0x3ca2B0x3eeaB0x232fB0x137c	[0x3cd6, nil]
0x3cddS0x3ca2B0x3eeaB0x232fB0x137c	[0x3cd6, nil]
0x3ce0S0x3ca2B0x3eeaB0x232fB0x137c	[0x3cd6, nil]
0x3ce1S0x3ca2B0x3eeaB0x232fB0x137c	[0x3cd6, nil]
0x3ce7S0x3ca2B0x3eeaB0x232fB0x137c	[0x3cd6, nil]
0x3ceaS0x3ca2B0x3eeaB0x232fB0x137c	[0x3cd6, nil]
0x3cecS0x3ca2B0x3eeaB0x232fB0x137c	[0x3cd6, nil]
0x3cedS0x3ca2B0x3eeaB0x232fB0x137c	[0x3cd6, nil]
0x3cefS0x3ca2B0x3eeaB0x232fB0x137c	[0x3cd6, nil]
0x3cf1S0x3ca2B0x3eeaB0x232fB0x137c	[0x3cd6, nil]
0x3cf3S0x3ca2B0x3eeaB0x232fB0x137c	[0x3cd6, nil]
0x3cf4S0x3ca2B0x3eeaB0x232fB0x137c	[0x3cd6, nil]
0x3cf5S0x3ca2B0x3eeaB0x232fB0x137c	[0x3cd6, nil]
0x3cf6S0x3ca2B0x3eeaB0x232fB0x137c	[0x3cd6, nil]
0x3cf8S0x3ca2B0x3eeaB0x232fB0x137c	[0x3cd6, nil]
0x3cfaS0x3ca2B0x3eeaB0x232fB0x137c	[0x3cd6, nil]
0x3cfcS0x3ca2B0x3eeaB0x232fB0x137c	[0x3cd6, nil]
0x3cfdS0x3ca2B0x3eeaB0x232fB0x137c	[0x3cd6, nil]
0x3cfeS0x3ca2B0x3eeaB0x232fB0x137c	[0x3cd6, nil]
0x3d01S0x3ca2B0x3eeaB0x232fB0x137c	[0x3cd6, nil]
0x3d05S0x3ca2B0x3eeaB0x232fB0x137c	[0x3cd6, nil]
0x3d09S0x3ca2B0x3eeaB0x232fB0x137c	[0x3cd6, nil]
0x3d0cS0x3ca2B0x3eeaB0x232fB0x137c	[0x3cd6, nil]
0x3ce3S0x3ca2B0x3eeaB0x232fB0x137c	[0x3cd6, nil]
0x3ce6S0x3ca2B0x3eeaB0x232fB0x137c	[0x3cd6, nil]
0x3d08S0x3ca2B0x3eeaB0x232fB0x137c	[0x3cd6, nil]
0x46dfS0x3ca2B0x3eeaB0x232fB0x137c	[0x3cd6, nil]
0x46e1S0x3ca2B0x3eeaB0x232fB0x137c	[0x3cd6, nil]
0x46e3S0x3ca2B0x3eeaB0x232fB0x137c	[0x3cd6, nil]
0x46e5S0x3ca2B0x3eeaB0x232fB0x137c	[0x3cd6, nil]
0x46e7S0x3ca2B0x3eeaB0x232fB0x137c	[0x3cd6, nil]
0x46ecS0x3ca2B0x3eeaB0x232fB0x137c	[0x3cd6, nil]
0x46efS0x3ca2B0x3eeaB0x232fB0x137c	[0x3cd6, nil]
0x5a46S0x46dcS0x3ca2B0x3eeaB0x232fB0x137c	[0x3cd6, [0x5a38, nil]]
0x5a49S0x46dcS0x3ca2B0x3eeaB0x232fB0x137c	[0x3cd6, [0x5a38, nil]]
0x5a39S0x46dcS0x3ca2B0x3eeaB0x232fB0x137c	[0x3cd6, [0x5a38, nil]]
0x5a3bS0x46dcS0x3ca2B0x3eeaB0x232fB0x137c	[0x3cd6, [0x5a38, nil]]
0x5a3fS0x46dcS0x3ca2B0x3eeaB0x232fB0x137c	[0x3cd6, [0x5a38, nil]]
0x5a40S0x46dcS0x3ca2B0x3eeaB0x232fB0x137c	[0x3cd6, [0x5a38, nil]]
0x5a41S0x46dcS0x3ca2B0x3eeaB0x232fB0x137c	[0x3cd6, [0x5a38, nil]]
0x5a42S0x46dcS0x3ca2B0x3eeaB0x232fB0x137c	[0x3cd6, [0x5a38, nil]]
0x5a45S0x46dcS0x3ca2B0x3eeaB0x232fB0x137c	[0x3cd6, [0x5a38, nil]]
0x5a4cS0x46dcS0x3ca2B0x3eeaB0x232fB0x137c	[0x3cd6, [0x5a38, nil]]
0x5a4dS0x46dcS0x3ca2B0x3eeaB0x232fB0x137c	[0x3cd6, [0x5a38, nil]]
0x5a51S0x46dcS0x3ca2B0x3eeaB0x232fB0x137c	[0x3cd6, [0x5a38, nil]]
0x5a54S0x46dcS0x3ca2B0x3eeaB0x232fB0x137c	[0x3cd6, [0x5a38, nil]]
0x4d43S0x5a4aS0x46dcS0x3ca2B0x3eeaB0x232fB0x137c	[0x3cd6, [0x5a38, [0x4d39, nil]]]
0x4d46S0x5a4aS0x46dcS0x3ca2B0x3eeaB0x232fB0x137c	[0x3cd6, [0x5a38, [0x4d39, nil]]]
0x4d3bS0x5a4aS0x46dcS0x3ca2B0x3eeaB0x232fB0x137c	[0x3cd6, [0x5a38, [0x4d39, nil]]]
0x4d3cS0x5a4aS0x46dcS0x3ca2B0x3eeaB0x232fB0x137c	[0x3cd6, [0x5a38, [0x4d39, nil]]]
0x4d3eS0x5a4aS0x46dcS0x3ca2B0x3eeaB0x232fB0x137c	[0x3cd6, [0x5a38, [0x4d39, nil]]]
0x4d3fS0x5a4aS0x46dcS0x3ca2B0x3eeaB0x232fB0x137c	[0x3cd6, [0x5a38, [0x4d39, nil]]]
0x4d42S0x5a4aS0x46dcS0x3ca2B0x3eeaB0x232fB0x137c	[0x3cd6, [0x5a38, [0x4d39, nil]]]
0x100819S0x46dcS0x3ca2B0x3eeaB0x232fB0x137c	[0x3cd6, [0x5a38, nil]]
0x10048aS0x5a4aS0x46dcS0x3ca2B0x3eeaB0x232fB0x137c	[0x3cd6, [0x5a38, [0x4d39, nil]]]
0x4792S0x467aS0x3ca2B0x3eeaB0x232fB0x137c	[0x3cd6, [0x474f, nil]]
0x4794S0x467aS0x3ca2B0x3eeaB0x232fB0x137c	[0x3cd6, [0x474f, nil]]
0x4797S0x467aS0x3ca2B0x3eeaB0x232fB0x137c	[0x3cd6, [0x474f, nil]]
0x4799S0x467aS0x3ca2B0x3eeaB0x232fB0x137c	[0x3cd6, [0x474f, nil]]
0x479aS0x467aS0x3ca2B0x3eeaB0x232fB0x137c	[0x3cd6, [0x474f, nil]]
0x479cS0x467aS0x3ca2B0x3eeaB0x232fB0x137c	[0x3cd6, [0x474f, nil]]
0x479dS0x467aS0x3ca2B0x3eeaB0x232fB0x137c	[0x3cd6, [0x474f, nil]]
0x479eS0x467aS0x3ca2B0x3eeaB0x232fB0x137c	[0x3cd6, [0x474f, nil]]
0x47a0S0x467aS0x3ca2B0x3eeaB0x232fB0x137c	[0x3cd6, [0x474f, nil]]
0x47a1S0x467aS0x3ca2B0x3eeaB0x232fB0x137c	[0x3cd6, [0x474f, nil]]
0x47a4S0x467aS0x3ca2B0x3eeaB0x232fB0x137c	[0x3cd6, [0x474f, nil]]
0x47a7S0x467aS0x3ca2B0x3eeaB0x232fB0x137c	[0x3cd6, [0x474f, nil]]
0x47a8S0x467aS0x3ca2B0x3eeaB0x232fB0x137c	[0x3cd6, [0x474f, nil]]
0x47aaS0x467aS0x3ca2B0x3eeaB0x232fB0x137c	[0x3cd6, [0x474f, nil]]
0x47adS0x467aS0x3ca2B0x3eeaB0x232fB0x137c	[0x3cd6, [0x474f, nil]]
0x47afS0x467aS0x3ca2B0x3eeaB0x232fB0x137c	[0x3cd6, [0x474f, nil]]
0x47b2S0x467aS0x3ca2B0x3eeaB0x232fB0x137c	[0x3cd6, [0x474f, nil]]
0x47a3S0x467aS0x3ca2B0x3eeaB0x232fB0x137c	[0x3cd6, [0x474f, nil]]
0x47a6S0x467aS0x3ca2B0x3eeaB0x232fB0x137c	[0x3cd6, [0x474f, nil]]
0x47aeS0x467aS0x3ca2B0x3eeaB0x232fB0x137c	[0x3cd6, [0x474f, nil]]
0x4750S0x467aS0x3ca2B0x3eeaB0x232fB0x137c	[0x3cd6, [0x474f, nil]]
0x4752S0x467aS0x3ca2B0x3eeaB0x232fB0x137c	[0x3cd6, [0x474f, nil]]
0x4757S0x467aS0x3ca2B0x3eeaB0x232fB0x137c	[0x3cd6, [0x474f, nil]]
0x475bS0x467aS0x3ca2B0x3eeaB0x232fB0x137c	[0x3cd6, [0x474f, nil]]
0x475fS0x467aS0x3ca2B0x3eeaB0x232fB0x137c	[0x3cd6, [0x474f, nil]]
0x4761S0x467aS0x3ca2B0x3eeaB0x232fB0x137c	[0x3cd6, [0x474f, nil]]
0x4763S0x467aS0x3ca2B0x3eeaB0x232fB0x137c	[0x3cd6, [0x474f, nil]]
0x4765S0x467aS0x3ca2B0x3eeaB0x232fB0x137c	[0x3cd6, [0x474f, nil]]
0x4766S0x467aS0x3ca2B0x3eeaB0x232fB0x137c	[0x3cd6, [0x474f, nil]]
0x4767S0x467aS0x3ca2B0x3eeaB0x232fB0x137c	[0x3cd6, [0x474f, nil]]
0x476aS0x467aS0x3ca2B0x3eeaB0x232fB0x137c	[0x3cd6, [0x474f, nil]]
0x476cS0x467aS0x3ca2B0x3eeaB0x232fB0x137c	[0x3cd6, [0x474f, nil]]
0x476dS0x467aS0x3ca2B0x3eeaB0x232fB0x137c	[0x3cd6, [0x474f, nil]]
0x4772S0x467aS0x3ca2B0x3eeaB0x232fB0x137c	[0x3cd6, [0x474f, nil]]
0x4775S0x467aS0x3ca2B0x3eeaB0x232fB0x137c	[0x3cd6, [0x474f, nil]]
0x100158S0x467aS0x3ca2B0x3eeaB0x232fB0x137c	[0x3cd6, [0x474f, nil]]
0x4777S0x467aS0x3ca2B0x3eeaB0x232fB0x137c	[0x3cd6, [0x474f, nil]]
0x4779S0x467aS0x3ca2B0x3eeaB0x232fB0x137c	[0x3cd6, [0x474f, nil]]
0x477bS0x467aS0x3ca2B0x3eeaB0x232fB0x137c	[0x3cd6, [0x474f, nil]]
0x477eS0x467aS0x3ca2B0x3eeaB0x232fB0x137c	[0x3cd6, [0x474f, nil]]
0x4782S0x467aS0x3ca2B0x3eeaB0x232fB0x137c	[0x3cd6, [0x474f, nil]]
0x4783S0x467aS0x3ca2B0x3eeaB0x232fB0x137c	[0x3cd6, [0x474f, nil]]
0x4788S0x467aS0x3ca2B0x3eeaB0x232fB0x137c	[0x3cd6, [0x474f, nil]]
0x478aS0x467aS0x3ca2B0x3eeaB0x232fB0x137c	[0x3cd6, [0x474f, nil]]
0x478dS0x467aS0x3ca2B0x3eeaB0x232fB0x137c	[0x3cd6, [0x474f, nil]]
0x478eS0x467aS0x3ca2B0x3eeaB0x232fB0x137c	[0x3cd6, [0x474f, nil]]
0x4791S0x467aS0x3ca2B0x3eeaB0x232fB0x137c	[0x3cd6, [0x474f, nil]]
0x5a56S0x467aS0x3ca2B0x3eeaB0x232fB0x137c	[0x3cd6, [0x474f, nil]]
0x5a59S0x467aS0x3ca2B0x3eeaB0x232fB0x137c	[0x3cd6, [0x474f, nil]]
0x5a5aS0x467aS0x3ca2B0x3eeaB0x232fB0x137c	[0x3cd6, [0x474f, nil]]
0x5a5fS0x467aS0x3ca2B0x3eeaB0x232fB0x137c	[0x3cd6, [0x474f, nil]]
0x5a62S0x467aS0x3ca2B0x3eeaB0x232fB0x137c	[0x3cd6, [0x474f, nil]]
0x5a63S0x467aS0x3ca2B0x3eeaB0x232fB0x137c	[0x3cd6, [0x474f, nil]]
0x5a66S0x467aS0x3ca2B0x3eeaB0x232fB0x137c	[0x3cd6, [0x474f, nil]]
0x47b4S0x467aS0x3ca2B0x3eeaB0x232fB0x137c	[0x3cd6, [0x474f, nil]]
0x3a430S0x467aS0x3ca2B0x3eeaB0x232fB0x137c	[0x3cd6, [0x474f, nil]]
0x3a450S0x467aS0x3ca2B0x3eeaB0x232fB0x137c	[0x3cd6, [0x474f, nil]]
0x47beS0x467aS0x3ca2B0x3eeaB0x232fB0x137c	[0x3cd6, [0x474f, nil]]
0x47c5S0x467aS0x3ca2B0x3eeaB0x232fB0x137c	[0x3cd6, [0x474f, nil]]
0x47b8_0x1S0x467aS0x3ca2B0x3eeaB0x232fB0x137c	[0x3cd6, [0x474f, nil]]
0x47c8S0x467aS0x3ca2B0x3eeaB0x232fB0x137c	[0x3cd6, [0x474f, nil]]
0x47d3S0x467aS0x3ca2B0x3eeaB0x232fB0x137c	[0x3cd6, [0x474f, nil]]
0x5a6bS0x467aS0x3ca2B0x3eeaB0x232fB0x137c	[0x3cd6, [0x474f, nil]]
0x5a70S0x467aS0x3ca2B0x3eeaB0x232fB0x137c	[0x3cd6, [0x474f, nil]]
0x498cS0x5a55S0x467aS0x3ca2B0x3eeaB0x232fB0x137c	[0x3cd6, [0x474f, [0x496e, nil]]]
0x498fS0x5a55S0x467aS0x3ca2B0x3eeaB0x232fB0x137c	[0x3cd6, [0x474f, [0x496e, nil]]]
0x4991S0x5a55S0x467aS0x3ca2B0x3eeaB0x232fB0x137c	[0x3cd6, [0x474f, [0x496e, nil]]]
0x4990S0x5a55S0x467aS0x3ca2B0x3eeaB0x232fB0x137c	[0x3cd6, [0x474f, [0x496e, nil]]]
0x4974S0x5a55S0x467aS0x3ca2B0x3eeaB0x232fB0x137c	[0x3cd6, [0x474f, [0x496e, nil]]]
0x4975S0x5a55S0x467aS0x3ca2B0x3eeaB0x232fB0x137c	[0x3cd6, [0x474f, [0x496e, nil]]]
0x4976S0x5a55S0x467aS0x3ca2B0x3eeaB0x232fB0x137c	[0x3cd6, [0x474f, [0x496e, nil]]]
0x4971_0x0S0x5a55S0x467aS0x3ca2B0x3eeaB0x232fB0x137c	[0x3cd6, [0x474f, [0x496e, nil]]]
0x4979S0x5a55S0x467aS0x3ca2B0x3eeaB0x232fB0x137c	[0x3cd6, [0x474f, [0x496e, nil]]]
0x496fS0x5a55S0x467aS0x3ca2B0x3eeaB0x232fB0x137c	[0x3cd6, [0x474f, [0x496e, nil]]]
0x3b830S0x5a55S0x467aS0x3ca2B0x3eeaB0x232fB0x137c	[0x3cd6, [0x474f, [0x496e, nil]]]
0x3b850S0x5a55S0x467aS0x3ca2B0x3eeaB0x232fB0x137c	[0x3cd6, [0x474f, [0x496e, nil]]]
0x497cS0x5a55S0x467aS0x3ca2B0x3eeaB0x232fB0x137c	[0x3cd6, [0x474f, [0x496e, nil]]]
0x497dS0x5a55S0x467aS0x3ca2B0x3eeaB0x232fB0x137c	[0x3cd6, [0x474f, [0x496e, nil]]]
0x4980S0x5a55S0x467aS0x3ca2B0x3eeaB0x232fB0x137c	[0x3cd6, [0x474f, [0x496e, nil]]]
0x4982S0x5a55S0x467aS0x3ca2B0x3eeaB0x232fB0x137c	[0x3cd6, [0x474f, [0x496e, nil]]]
0x4984S0x5a55S0x467aS0x3ca2B0x3eeaB0x232fB0x137c	[0x3cd6, [0x474f, [0x496e, nil]]]
0x4985S0x5a55S0x467aS0x3ca2B0x3eeaB0x232fB0x137c	[0x3cd6, [0x474f, [0x496e, nil]]]
0x497a_0x0S0x5a55S0x467aS0x3ca2B0x3eeaB0x232fB0x137c	[0x3cd6, [0x474f, [0x496e, nil]]]
0x4988S0x5a55S0x467aS0x3ca2B0x3eeaB0x232fB0x137c	[0x3cd6, [0x474f, [0x496e, nil]]]
0x4981S0x5a55S0x467aS0x3ca2B0x3eeaB0x232fB0x137c	[0x3cd6, [0x474f, [0x496e, nil]]]
0x47e6S0x47b8S0x467aS0x3ca2B0x3eeaB0x232fB0x137c	[0x3cd6, [0x474f, [0x47d4, nil]]]
0x47e8S0x47b8S0x467aS0x3ca2B0x3eeaB0x232fB0x137c	[0x3cd6, [0x474f, [0x47d4, nil]]]
0x47eaS0x47b8S0x467aS0x3ca2B0x3eeaB0x232fB0x137c	[0x3cd6, [0x474f, [0x47d4, nil]]]
0x47ecS0x47b8S0x467aS0x3ca2B0x3eeaB0x232fB0x137c	[0x3cd6, [0x474f, [0x47d4, nil]]]
0x47edS0x47b8S0x467aS0x3ca2B0x3eeaB0x232fB0x137c	[0x3cd6, [0x474f, [0x47d4, nil]]]
0x47efS0x47b8S0x467aS0x3ca2B0x3eeaB0x232fB0x137c	[0x3cd6, [0x474f, [0x47d4, nil]]]
0x47f0S0x47b8S0x467aS0x3ca2B0x3eeaB0x232fB0x137c	[0x3cd6, [0x474f, [0x47d4, nil]]]
0x47f1S0x47b8S0x467aS0x3ca2B0x3eeaB0x232fB0x137c	[0x3cd6, [0x474f, [0x47d4, nil]]]
0x47f4S0x47b8S0x467aS0x3ca2B0x3eeaB0x232fB0x137c	[0x3cd6, [0x474f, [0x47d4, nil]]]
0x47f5S0x47b8S0x467aS0x3ca2B0x3eeaB0x232fB0x137c	[0x3cd6, [0x474f, [0x47d4, nil]]]
0x47f7S0x47b8S0x467aS0x3ca2B0x3eeaB0x232fB0x137c	[0x3cd6, [0x474f, [0x47d4, nil]]]
0x47f8S0x47b8S0x467aS0x3ca2B0x3eeaB0x232fB0x137c	[0x3cd6, [0x474f, [0x47d4, nil]]]
0x47fcS0x47b8S0x467aS0x3ca2B0x3eeaB0x232fB0x137c	[0x3cd6, [0x474f, [0x47d4, nil]]]
0x47feS0x47b8S0x467aS0x3ca2B0x3eeaB0x232fB0x137c	[0x3cd6, [0x474f, [0x47d4, nil]]]
0x4801S0x47b8S0x467aS0x3ca2B0x3eeaB0x232fB0x137c	[0x3cd6, [0x474f, [0x47d4, nil]]]
0x4803S0x47b8S0x467aS0x3ca2B0x3eeaB0x232fB0x137c	[0x3cd6, [0x474f, [0x47d4, nil]]]
0x4806S0x47b8S0x467aS0x3ca2B0x3eeaB0x232fB0x137c	[0x3cd6, [0x474f, [0x47d4, nil]]]
0x4808S0x47b8S0x467aS0x3ca2B0x3eeaB0x232fB0x137c	[0x3cd6, [0x474f, [0x47d4, nil]]]
0x480aS0x47b8S0x467aS0x3ca2B0x3eeaB0x232fB0x137c	[0x3cd6, [0x474f, [0x47d4, nil]]]
0x480dS0x47b8S0x467aS0x3ca2B0x3eeaB0x232fB0x137c	[0x3cd6, [0x474f, [0x47d4, nil]]]
0x480fS0x47b8S0x467aS0x3ca2B0x3eeaB0x232fB0x137c	[0x3cd6, [0x474f, [0x47d4, nil]]]
0x4830S0x47b8S0x467aS0x3ca2B0x3eeaB0x232fB0x137c	[0x3cd6, [0x474f, [0x47d4, nil]]]
0x4833S0x47b8S0x467aS0x3ca2B0x3eeaB0x232fB0x137c	[0x3cd6, [0x474f, [0x47d4, nil]]]
0x4835S0x47b8S0x467aS0x3ca2B0x3eeaB0x232fB0x137c	[0x3cd6, [0x474f, [0x47d4, nil]]]
0x4837S0x47b8S0x467aS0x3ca2B0x3eeaB0x232fB0x137c	[0x3cd6, [0x474f, [0x47d4, nil]]]
0x4838S0x47b8S0x467aS0x3ca2B0x3eeaB0x232fB0x137c	[0x3cd6, [0x474f, [0x47d4, nil]]]
0x483bS0x47b8S0x467aS0x3ca2B0x3eeaB0x232fB0x137c	[0x3cd6, [0x474f, [0x47d4, nil]]]
0x4800S0x47b8S0x467aS0x3ca2B0x3eeaB0x232fB0x137c	[0x3cd6, [0x474f, [0x47d4, nil]]]
0x4807S0x47b8S0x467aS0x3ca2B0x3eeaB0x232fB0x137c	[0x3cd6, [0x474f, [0x47d4, nil]]]
0x480eS0x47b8S0x467aS0x3ca2B0x3eeaB0x232fB0x137c	[0x3cd6, [0x474f, [0x47d4, nil]]]
0x4834S0x47b8S0x467aS0x3ca2B0x3eeaB0x232fB0x137c	[0x3cd6, [0x474f, [0x47d4, nil]]]
0x47d5S0x47b8S0x467aS0x3ca2B0x3eeaB0x232fB0x137c	[0x3cd6, [0x474f, [0x47d4, nil]]]
0x47d8S0x47b8S0x467aS0x3ca2B0x3eeaB0x232fB0x137c	[0x3cd6, [0x474f, [0x47d4, nil]]]
0x47d9S0x47b8S0x467aS0x3ca2B0x3eeaB0x232fB0x137c	[0x3cd6, [0x474f, [0x47d4, nil]]]
0x47dcS0x47b8S0x467aS0x3ca2B0x3eeaB0x232fB0x137c	[0x3cd6, [0x474f, [0x47d4, nil]]]
0x4844S0x47b8S0x467aS0x3ca2B0x3eeaB0x232fB0x137c	[0x3cd6, [0x474f, [0x47d4, nil]]]
0x484aS0x47b8S0x467aS0x3ca2B0x3eeaB0x232fB0x137c	[0x3cd6, [0x474f, [0x47d4, nil]]]
0x484bS0x47b8S0x467aS0x3ca2B0x3eeaB0x232fB0x137c	[0x3cd6, [0x474f, [0x47d4, nil]]]
0x484cS0x47b8S0x467aS0x3ca2B0x3eeaB0x232fB0x137c	[0x3cd6, [0x474f, [0x47d4, nil]]]
0x484fS0x47b8S0x467aS0x3ca2B0x3eeaB0x232fB0x137c	[0x3cd6, [0x474f, [0x47d4, nil]]]
0x10017bS0x47b8S0x467aS0x3ca2B0x3eeaB0x232fB0x137c	[0x3cd6, [0x474f, [0x47d4, nil]]]
0x10017eS0x47b8S0x467aS0x3ca2B0x3eeaB0x232fB0x137c	[0x3cd6, [0x474f, [0x47d4, nil]]]
0x1001a1S0x47b8S0x467aS0x3ca2B0x3eeaB0x232fB0x137c	[0x3cd6, [0x474f, [0x47d4, nil]]]
0x1001a4S0x47b8S0x467aS0x3ca2B0x3eeaB0x232fB0x137c	[0x3cd6, [0x474f, [0x47d4, nil]]]
0xc0e6S0x47b8S0x467aS0x3ca2B0x3eeaB0x232fB0x137c	[0x3cd6, [0x474f, [0x47d4, nil]]]
0xc0e8S0x47b8S0x467aS0x3ca2B0x3eeaB0x232fB0x137c	[0x3cd6, [0x474f, [0x47d4, nil]]]
0xc0ebS0x47b8S0x467aS0x3ca2B0x3eeaB0x232fB0x137c	[0x3cd6, [0x474f, [0x47d4, nil]]]
0xc0edS0x47b8S0x467aS0x3ca2B0x3eeaB0x232fB0x137c	[0x3cd6, [0x474f, [0x47d4, nil]]]
0x485aS0x47b8S0x467aS0x3ca2B0x3eeaB0x232fB0x137c	[0x3cd6, [0x474f, [0x47d4, nil]]]
0x485cS0x47b8S0x467aS0x3ca2B0x3eeaB0x232fB0x137c	[0x3cd6, [0x474f, [0x47d4, nil]]]
0x485dS0x47b8S0x467aS0x3ca2B0x3eeaB0x232fB0x137c	[0x3cd6, [0x474f, [0x47d4, nil]]]
0x4861S0x47b8S0x467aS0x3ca2B0x3eeaB0x232fB0x137c	[0x3cd6, [0x474f, [0x47d4, nil]]]
0x4863S0x47b8S0x467aS0x3ca2B0x3eeaB0x232fB0x137c	[0x3cd6, [0x474f, [0x47d4, nil]]]
0x4866S0x47b8S0x467aS0x3ca2B0x3eeaB0x232fB0x137c	[0x3cd6, [0x474f, [0x47d4, nil]]]
0x4868S0x47b8S0x467aS0x3ca2B0x3eeaB0x232fB0x137c	[0x3cd6, [0x474f, [0x47d4, nil]]]
0x4869S0x47b8S0x467aS0x3ca2B0x3eeaB0x232fB0x137c	[0x3cd6, [0x474f, [0x47d4, nil]]]
0x486eS0x47b8S0x467aS0x3ca2B0x3eeaB0x232fB0x137c	[0x3cd6, [0x474f, [0x47d4, nil]]]
0x4871S0x47b8S0x467aS0x3ca2B0x3eeaB0x232fB0x137c	[0x3cd6, [0x474f, [0x47d4, nil]]]
0x4865S0x47b8S0x467aS0x3ca2B0x3eeaB0x232fB0x137c	[0x3cd6, [0x474f, [0x47d4, nil]]]
0x100213S0x47b8S0x467aS0x3ca2B0x3eeaB0x232fB0x137c	[0x3cd6, [0x474f, [0x47d4, nil]]]
0x100215S0x47b8S0x467aS0x3ca2B0x3eeaB0x232fB0x137c	[0x3cd6, [0x474f, [0x47d4, nil]]]
0x100218S0x47b8S0x467aS0x3ca2B0x3eeaB0x232fB0x137c	[0x3cd6, [0x474f, [0x47d4, nil]]]
0x10021aS0x47b8S0x467aS0x3ca2B0x3eeaB0x232fB0x137c	[0x3cd6, [0x474f, [0x47d4, nil]]]
0x101204S0x47b8S0x467aS0x3ca2B0x3eeaB0x232fB0x137c	[0x3cd6, [0x474f, [0x47d4, nil]]]
0x10122bS0x47b8S0x467aS0x3ca2B0x3eeaB0x232fB0x137c	[0x3cd6, [0x474f, [0x47d4, nil]]]
0x47deS0x47b8S0x467aS0x3ca2B0x3eeaB0x232fB0x137c	[0x3cd6, [0x474f, [0x47d4, nil]]]
0x47dfS0x47b8S0x467aS0x3ca2B0x3eeaB0x232fB0x137c	[0x3cd6, [0x474f, [0x47d4, nil]]]
0x47e1S0x47b8S0x467aS0x3ca2B0x3eeaB0x232fB0x137c	[0x3cd6, [0x474f, [0x47d4, nil]]]
0x47e2S0x47b8S0x467aS0x3ca2B0x3eeaB0x232fB0x137c	[0x3cd6, [0x474f, [0x47d4, nil]]]
0x47e5S0x47b8S0x467aS0x3ca2B0x3eeaB0x232fB0x137c	[0x3cd6, [0x474f, [0x47d4, nil]]]
0x4851S0x47b8S0x467aS0x3ca2B0x3eeaB0x232fB0x137c	[0x3cd6, [0x474f, [0x47d4, nil]]]
0x4854S0x47b8S0x467aS0x3ca2B0x3eeaB0x232fB0x137c	[0x3cd6, [0x474f, [0x47d4, nil]]]
0x4856S0x47b8S0x467aS0x3ca2B0x3eeaB0x232fB0x137c	[0x3cd6, [0x474f, [0x47d4, nil]]]
0x4857S0x47b8S0x467aS0x3ca2B0x3eeaB0x232fB0x137c	[0x3cd6, [0x474f, [0x47d4, nil]]]
0x49bfS0x4858S0x47b8S0x467aS0x3ca2B0x3eeaB0x232fB0x137c	[0x3cd6, [0x474f, [0x47d4, [0x49be, nil]]]]
0x49c3S0x4858S0x47b8S0x467aS0x3ca2B0x3eeaB0x232fB0x137c	[0x3cd6, [0x474f, [0x47d4, [0x49be, nil]]]]
0x49c5S0x4858S0x47b8S0x467aS0x3ca2B0x3eeaB0x232fB0x137c	[0x3cd6, [0x474f, [0x47d4, [0x49be, nil]]]]
0x49c8S0x4858S0x47b8S0x467aS0x3ca2B0x3eeaB0x232fB0x137c	[0x3cd6, [0x474f, [0x47d4, [0x49be, nil]]]]
0x49cbS0x4858S0x47b8S0x467aS0x3ca2B0x3eeaB0x232fB0x137c	[0x3cd6, [0x474f, [0x47d4, [0x49be, nil]]]]
0x49cdS0x4858S0x47b8S0x467aS0x3ca2B0x3eeaB0x232fB0x137c	[0x3cd6, [0x474f, [0x47d4, [0x49be, nil]]]]
0x49d0S0x4858S0x47b8S0x467aS0x3ca2B0x3eeaB0x232fB0x137c	[0x3cd6, [0x474f, [0x47d4, [0x49be, nil]]]]
0x49c2S0x4858S0x47b8S0x467aS0x3ca2B0x3eeaB0x232fB0x137c	[0x3cd6, [0x474f, [0x47d4, [0x49be, nil]]]]
0x10031eS0x4858S0x47b8S0x467aS0x3ca2B0x3eeaB0x232fB0x137c	[0x3cd6, [0x474f, [0x47d4, [0x49be, nil]]]]
0x49abS0x49beS0x4858S0x47b8S0x467aS0x3ca2B0x3eeaB0x232fB0x137c	[0x3cd6, [0x474f, [0x47d4, [0x49be, [0x4992, nil]]]]]
0x49adS0x49beS0x4858S0x47b8S0x467aS0x3ca2B0x3eeaB0x232fB0x137c	[0x3cd6, [0x474f, [0x47d4, [0x49be, [0x4992, nil]]]]]
0x49aeS0x49beS0x4858S0x47b8S0x467aS0x3ca2B0x3eeaB0x232fB0x137c	[0x3cd6, [0x474f, [0x47d4, [0x49be, [0x4992, nil]]]]]
0x49b0S0x49beS0x4858S0x47b8S0x467aS0x3ca2B0x3eeaB0x232fB0x137c	[0x3cd6, [0x474f, [0x47d4, [0x49be, [0x4992, nil]]]]]
0x49b1S0x49beS0x4858S0x47b8S0x467aS0x3ca2B0x3eeaB0x232fB0x137c	[0x3cd6, [0x474f, [0x47d4, [0x49be, [0x4992, nil]]]]]
0x49b5S0x49beS0x4858S0x47b8S0x467aS0x3ca2B0x3eeaB0x232fB0x137c	[0x3cd6, [0x474f, [0x47d4, [0x49be, [0x4992, nil]]]]]
0x49b6S0x49beS0x4858S0x47b8S0x467aS0x3ca2B0x3eeaB0x232fB0x137c	[0x3cd6, [0x474f, [0x47d4, [0x49be, [0x4992, nil]]]]]
0x49b8S0x49beS0x4858S0x47b8S0x467aS0x3ca2B0x3eeaB0x232fB0x137c	[0x3cd6, [0x474f, [0x47d4, [0x49be, [0x4992, nil]]]]]
0x49bdS0x49beS0x4858S0x47b8S0x467aS0x3ca2B0x3eeaB0x232fB0x137c	[0x3cd6, [0x474f, [0x47d4, [0x49be, [0x4992, nil]]]]]
0x4993S0x49beS0x4858S0x47b8S0x467aS0x3ca2B0x3eeaB0x232fB0x137c	[0x3cd6, [0x474f, [0x47d4, [0x49be, [0x4992, nil]]]]]
0x4996S0x49beS0x4858S0x47b8S0x467aS0x3ca2B0x3eeaB0x232fB0x137c	[0x3cd6, [0x474f, [0x47d4, [0x49be, [0x4992, nil]]]]]
0x499aS0x49beS0x4858S0x47b8S0x467aS0x3ca2B0x3eeaB0x232fB0x137c	[0x3cd6, [0x474f, [0x47d4, [0x49be, [0x4992, nil]]]]]
0x499eS0x49beS0x4858S0x47b8S0x467aS0x3ca2B0x3eeaB0x232fB0x137c	[0x3cd6, [0x474f, [0x47d4, [0x49be, [0x4992, nil]]]]]
0x49a1S0x49beS0x4858S0x47b8S0x467aS0x3ca2B0x3eeaB0x232fB0x137c	[0x3cd6, [0x474f, [0x47d4, [0x49be, [0x4992, nil]]]]]
0x49a2S0x49beS0x4858S0x47b8S0x467aS0x3ca2B0x3eeaB0x232fB0x137c	[0x3cd6, [0x474f, [0x47d4, [0x49be, [0x4992, nil]]]]]
0x49a5S0x49beS0x4858S0x47b8S0x467aS0x3ca2B0x3eeaB0x232fB0x137c	[0x3cd6, [0x474f, [0x47d4, [0x49be, [0x4992, nil]]]]]
0x49a6S0x49beS0x4858S0x47b8S0x467aS0x3ca2B0x3eeaB0x232fB0x137c	[0x3cd6, [0x474f, [0x47d4, [0x49be, [0x4992, nil]]]]]
0x49a9S0x49beS0x4858S0x47b8S0x467aS0x3ca2B0x3eeaB0x232fB0x137c	[0x3cd6, [0x474f, [0x47d4, [0x49be, [0x4992, nil]]]]]
0x4999S0x49beS0x4858S0x47b8S0x467aS0x3ca2B0x3eeaB0x232fB0x137c	[0x3cd6, [0x474f, [0x47d4, [0x49be, [0x4992, nil]]]]]
0x498cS0x4992S0x49beS0x4858S0x47b8S0x467aS0x3ca2B0x3eeaB0x232fB0x137c	[0x3cd6, [0x474f, [0x47d4, [0x49be, [0x4992, [0x496e, nil]]]]]]
0x498fS0x4992S0x49beS0x4858S0x47b8S0x467aS0x3ca2B0x3eeaB0x232fB0x137c	[0x3cd6, [0x474f, [0x47d4, [0x49be, [0x4992, [0x496e, nil]]]]]]
0x4991S0x4992S0x49beS0x4858S0x47b8S0x467aS0x3ca2B0x3eeaB0x232fB0x137c	[0x3cd6, [0x474f, [0x47d4, [0x49be, [0x4992, [0x496e, nil]]]]]]
0x4990S0x4992S0x49beS0x4858S0x47b8S0x467aS0x3ca2B0x3eeaB0x232fB0x137c	[0x3cd6, [0x474f, [0x47d4, [0x49be, [0x4992, [0x496e, nil]]]]]]
0x4974S0x4992S0x49beS0x4858S0x47b8S0x467aS0x3ca2B0x3eeaB0x232fB0x137c	[0x3cd6, [0x474f, [0x47d4, [0x49be, [0x4992, [0x496e, nil]]]]]]
0x4975S0x4992S0x49beS0x4858S0x47b8S0x467aS0x3ca2B0x3eeaB0x232fB0x137c	[0x3cd6, [0x474f, [0x47d4, [0x49be, [0x4992, [0x496e, nil]]]]]]
0x4976S0x4992S0x49beS0x4858S0x47b8S0x467aS0x3ca2B0x3eeaB0x232fB0x137c	[0x3cd6, [0x474f, [0x47d4, [0x49be, [0x4992, [0x496e, nil]]]]]]
0x4971_0x0S0x4992S0x49beS0x4858S0x47b8S0x467aS0x3ca2B0x3eeaB0x232fB0x137c	[0x3cd6, [0x474f, [0x47d4, [0x49be, [0x4992, [0x496e, nil]]]]]]
0x4979S0x4992S0x49beS0x4858S0x47b8S0x467aS0x3ca2B0x3eeaB0x232fB0x137c	[0x3cd6, [0x474f, [0x47d4, [0x49be, [0x4992, [0x496e, nil]]]]]]
0x496fS0x4992S0x49beS0x4858S0x47b8S0x467aS0x3ca2B0x3eeaB0x232fB0x137c	[0x3cd6, [0x474f, [0x47d4, [0x49be, [0x4992, [0x496e, nil]]]]]]
0x3b830S0x4992S0x49beS0x4858S0x47b8S0x467aS0x3ca2B0x3eeaB0x232fB0x137c	[0x3cd6, [0x474f, [0x47d4, [0x49be, [0x4992, [0x496e, nil]]]]]]
0x3b850S0x4992S0x49beS0x4858S0x47b8S0x467aS0x3ca2B0x3eeaB0x232fB0x137c	[0x3cd6, [0x474f, [0x47d4, [0x49be, [0x4992, [0x496e, nil]]]]]]
0x497cS0x4992S0x49beS0x4858S0x47b8S0x467aS0x3ca2B0x3eeaB0x232fB0x137c	[0x3cd6, [0x474f, [0x47d4, [0x49be, [0x4992, [0x496e, nil]]]]]]
0x497dS0x4992S0x49beS0x4858S0x47b8S0x467aS0x3ca2B0x3eeaB0x232fB0x137c	[0x3cd6, [0x474f, [0x47d4, [0x49be, [0x4992, [0x496e, nil]]]]]]
0x4980S0x4992S0x49beS0x4858S0x47b8S0x467aS0x3ca2B0x3eeaB0x232fB0x137c	[0x3cd6, [0x474f, [0x47d4, [0x49be, [0x4992, [0x496e, nil]]]]]]
0x4982S0x4992S0x49beS0x4858S0x47b8S0x467aS0x3ca2B0x3eeaB0x232fB0x137c	[0x3cd6, [0x474f, [0x47d4, [0x49be, [0x4992, [0x496e, nil]]]]]]
0x4984S0x4992S0x49beS0x4858S0x47b8S0x467aS0x3ca2B0x3eeaB0x232fB0x137c	[0x3cd6, [0x474f, [0x47d4, [0x49be, [0x4992, [0x496e, nil]]]]]]
0x4985S0x4992S0x49beS0x4858S0x47b8S0x467aS0x3ca2B0x3eeaB0x232fB0x137c	[0x3cd6, [0x474f, [0x47d4, [0x49be, [0x4992, [0x496e, nil]]]]]]
0x497a_0x0S0x4992S0x49beS0x4858S0x47b8S0x467aS0x3ca2B0x3eeaB0x232fB0x137c	[0x3cd6, [0x474f, [0x47d4, [0x49be, [0x4992, [0x496e, nil]]]]]]
0x4988S0x4992S0x49beS0x4858S0x47b8S0x467aS0x3ca2B0x3eeaB0x232fB0x137c	[0x3cd6, [0x474f, [0x47d4, [0x49be, [0x4992, [0x496e, nil]]]]]]
0x4981S0x4992S0x49beS0x4858S0x47b8S0x467aS0x3ca2B0x3eeaB0x232fB0x137c	[0x3cd6, [0x474f, [0x47d4, [0x49be, [0x4992, [0x496e, nil]]]]]]
0x46f5S0x464aB0x40c3B0x232fB0x137c	[0x3cd6, nil]
0x46f7S0x464aB0x40c3B0x232fB0x137c	[0x3cd6, nil]
0x46f8S0x464aB0x40c3B0x232fB0x137c	[0x3cd6, nil]
0x46fcS0x464aB0x40c3B0x232fB0x137c	[0x3cd6, nil]
0x46feS0x464aB0x40c3B0x232fB0x137c	[0x3cd6, nil]
0x4701S0x464aB0x40c3B0x232fB0x137c	[0x3cd6, nil]
0x4703S0x464aB0x40c3B0x232fB0x137c	[0x3cd6, nil]
0x4706S0x464aB0x40c3B0x232fB0x137c	[0x3cd6, nil]
0x4708S0x464aB0x40c3B0x232fB0x137c	[0x3cd6, nil]
0x470aS0x464aB0x40c3B0x232fB0x137c	[0x3cd6, nil]
0x470dS0x464aB0x40c3B0x232fB0x137c	[0x3cd6, nil]
0x470fS0x464aB0x40c3B0x232fB0x137c	[0x3cd6, nil]
0x4730S0x464aB0x40c3B0x232fB0x137c	[0x3cd6, nil]
0x4733S0x464aB0x40c3B0x232fB0x137c	[0x3cd6, nil]
0x4735S0x464aB0x40c3B0x232fB0x137c	[0x3cd6, nil]
0x4740S0x464aB0x40c3B0x232fB0x137c	[0x3cd6, nil]
0x4742S0x464aB0x40c3B0x232fB0x137c	[0x3cd6, nil]
0x4743S0x464aB0x40c3B0x232fB0x137c	[0x3cd6, nil]
0x4746S0x464aB0x40c3B0x232fB0x137c	[0x3cd6, nil]
0x4748S0x464aB0x40c3B0x232fB0x137c	[0x3cd6, nil]
0x474aS0x464aB0x40c3B0x232fB0x137c	[0x3cd6, nil]
0x474bS0x464aB0x40c3B0x232fB0x137c	[0x3cd6, nil]
0x474eS0x464aB0x40c3B0x232fB0x137c	[0x3cd6, nil]
0x4700S0x464aB0x40c3B0x232fB0x137c	[0x3cd6, nil]
0x4707S0x464aB0x40c3B0x232fB0x137c	[0x3cd6, nil]
0x470eS0x464aB0x40c3B0x232fB0x137c	[0x3cd6, nil]
0x4734S0x464aB0x40c3B0x232fB0x137c	[0x3cd6, nil]
0x4747S0x464aB0x40c3B0x232fB0x137c	[0x3cd6, nil]
0x467bS0x464aB0x40c3B0x232fB0x137c	[0x3cd6, nil]
0x467dS0x464aB0x40c3B0x232fB0x137c	[0x3cd6, nil]
0x4681S0x464aB0x40c3B0x232fB0x137c	[0x3cd6, nil]
0x4683S0x464aB0x40c3B0x232fB0x137c	[0x3cd6, nil]
0x4685S0x464aB0x40c3B0x232fB0x137c	[0x3cd6, nil]
0x4687S0x464aB0x40c3B0x232fB0x137c	[0x3cd6, nil]
0x4688S0x464aB0x40c3B0x232fB0x137c	[0x3cd6, nil]
0x468cS0x464aB0x40c3B0x232fB0x137c	[0x3cd6, nil]
0x4690S0x464aB0x40c3B0x232fB0x137c	[0x3cd6, nil]
0x4692S0x464aB0x40c3B0x232fB0x137c	[0x3cd6, nil]
0x4693S0x464aB0x40c3B0x232fB0x137c	[0x3cd6, nil]
0x46b8S0x464aB0x40c3B0x232fB0x137c	[0x3cd6, nil]
0x46baS0x464aB0x40c3B0x232fB0x137c	[0x3cd6, nil]
0x46bcS0x464aB0x40c3B0x232fB0x137c	[0x3cd6, nil]
0x46beS0x464aB0x40c3B0x232fB0x137c	[0x3cd6, nil]
0x46bfS0x464aB0x40c3B0x232fB0x137c	[0x3cd6, nil]
0x46c0S0x464aB0x40c3B0x232fB0x137c	[0x3cd6, nil]
0x46c1S0x464aB0x40c3B0x232fB0x137c	[0x3cd6, nil]
0x46c8S0x464aB0x40c3B0x232fB0x137c	[0x3cd6, nil]
0x46cdS0x464aB0x40c3B0x232fB0x137c	[0x3cd6, nil]
0x46ceS0x464aB0x40c3B0x232fB0x137c	[0x3cd6, nil]
0x468aS0x464aB0x40c3B0x232fB0x137c	[0x3cd6, nil]
0x468fS0x464aB0x40c3B0x232fB0x137c	[0x3cd6, nil]
0x46b5S0x464aB0x40c3B0x232fB0x137c	[0x3cd6, nil]
0x46d3S0x464aB0x40c3B0x232fB0x137c	[0x3cd6, nil]
0x46d4S0x464aB0x40c3B0x232fB0x137c	[0x3cd6, nil]
0x46d6S0x464aB0x40c3B0x232fB0x137c	[0x3cd6, nil]
0x46d8S0x464aB0x40c3B0x232fB0x137c	[0x3cd6, nil]
0x46dbS0x464aB0x40c3B0x232fB0x137c	[0x3cd6, nil]
0x46f1S0x464aB0x40c3B0x232fB0x137c	[0x3cd6, nil]
0x46f0_0x0S0x464aB0x40c3B0x232fB0x137c	[0x3cd6, nil]
0x46f4S0x464aB0x40c3B0x232fB0x137c	[0x3cd6, nil]
0x100131S0x464aB0x40c3B0x232fB0x137c	[0x3cd6, nil]
0xc0beS0x464aB0x40c3B0x232fB0x137c	[0x3cd6, nil]
0xc0c0S0x464aB0x40c3B0x232fB0x137c	[0x3cd6, nil]
0xc0c3S0x464aB0x40c3B0x232fB0x137c	[0x3cd6, nil]
0xc0c5S0x464aB0x40c3B0x232fB0x137c	[0x3cd6, nil]
0x3cd7S0x464aB0x40c3B0x232fB0x137c	[0x3cd6, nil]
0x3cdaS0x464aB0x40c3B0x232fB0x137c	[0x3cd6, nil]
0x3cdbS0x464aB0x40c3B0x232fB0x137c	[0x3cd6, nil]
0x3cddS0x464aB0x40c3B0x232fB0x137c	[0x3cd6, nil]
0x3ce0S0x464aB0x40c3B0x232fB0x137c	[0x3cd6, nil]
0x3ce1S0x464aB0x40c3B0x232fB0x137c	[0x3cd6, nil]
0x3ce7S0x464aB0x40c3B0x232fB0x137c	[0x3cd6, nil]
0x3ceaS0x464aB0x40c3B0x232fB0x137c	[0x3cd6, nil]
0x3cecS0x464aB0x40c3B0x232fB0x137c	[0x3cd6, nil]
0x3cedS0x464aB0x40c3B0x232fB0x137c	[0x3cd6, nil]
0x3cefS0x464aB0x40c3B0x232fB0x137c	[0x3cd6, nil]
0x3cf1S0x464aB0x40c3B0x232fB0x137c	[0x3cd6, nil]
0x3cf3S0x464aB0x40c3B0x232fB0x137c	[0x3cd6, nil]
0x3cf4S0x464aB0x40c3B0x232fB0x137c	[0x3cd6, nil]
0x3cf5S0x464aB0x40c3B0x232fB0x137c	[0x3cd6, nil]
0x3cf6S0x464aB0x40c3B0x232fB0x137c	[0x3cd6, nil]
0x3cf8S0x464aB0x40c3B0x232fB0x137c	[0x3cd6, nil]
0x3cfaS0x464aB0x40c3B0x232fB0x137c	[0x3cd6, nil]
0x3cfcS0x464aB0x40c3B0x232fB0x137c	[0x3cd6, nil]
0x3cfdS0x464aB0x40c3B0x232fB0x137c	[0x3cd6, nil]
0x3cfeS0x464aB0x40c3B0x232fB0x137c	[0x3cd6, nil]
0x3d01S0x464aB0x40c3B0x232fB0x137c	[0x3cd6, nil]
0x3d05S0x464aB0x40c3B0x232fB0x137c	[0x3cd6, nil]
0x3d09S0x464aB0x40c3B0x232fB0x137c	[0x3cd6, nil]
0x3d0cS0x464aB0x40c3B0x232fB0x137c	[0x3cd6, nil]
0x3ce3S0x464aB0x40c3B0x232fB0x137c	[0x3cd6, nil]
0x3ce6S0x464aB0x40c3B0x232fB0x137c	[0x3cd6, nil]
0x3d08S0x464aB0x40c3B0x232fB0x137c	[0x3cd6, nil]
0x46dfS0x464aB0x40c3B0x232fB0x137c	[0x3cd6, nil]
0x46e1S0x464aB0x40c3B0x232fB0x137c	[0x3cd6, nil]
0x46e3S0x464aB0x40c3B0x232fB0x137c	[0x3cd6, nil]
0x46e5S0x464aB0x40c3B0x232fB0x137c	[0x3cd6, nil]
0x46e7S0x464aB0x40c3B0x232fB0x137c	[0x3cd6, nil]
0x46ecS0x464aB0x40c3B0x232fB0x137c	[0x3cd6, nil]
0x46efS0x464aB0x40c3B0x232fB0x137c	[0x3cd6, nil]
0x5a46S0x46dcS0x464aB0x40c3B0x232fB0x137c	[0x3cd6, [0x5a38, nil]]
0x5a49S0x46dcS0x464aB0x40c3B0x232fB0x137c	[0x3cd6, [0x5a38, nil]]
0x5a39S0x46dcS0x464aB0x40c3B0x232fB0x137c	[0x3cd6, [0x5a38, nil]]
0x5a3bS0x46dcS0x464aB0x40c3B0x232fB0x137c	[0x3cd6, [0x5a38, nil]]
0x5a3fS0x46dcS0x464aB0x40c3B0x232fB0x137c	[0x3cd6, [0x5a38, nil]]
0x5a40S0x46dcS0x464aB0x40c3B0x232fB0x137c	[0x3cd6, [0x5a38, nil]]
0x5a41S0x46dcS0x464aB0x40c3B0x232fB0x137c	[0x3cd6, [0x5a38, nil]]
0x5a42S0x46dcS0x464aB0x40c3B0x232fB0x137c	[0x3cd6, [0x5a38, nil]]
0x5a45S0x46dcS0x464aB0x40c3B0x232fB0x137c	[0x3cd6, [0x5a38, nil]]
0x5a4cS0x46dcS0x464aB0x40c3B0x232fB0x137c	[0x3cd6, [0x5a38, nil]]
0x5a4dS0x46dcS0x464aB0x40c3B0x232fB0x137c	[0x3cd6, [0x5a38, nil]]
0x5a51S0x46dcS0x464aB0x40c3B0x232fB0x137c	[0x3cd6, [0x5a38, nil]]
0x5a54S0x46dcS0x464aB0x40c3B0x232fB0x137c	[0x3cd6, [0x5a38, nil]]
0x4d43S0x5a4aS0x46dcS0x464aB0x40c3B0x232fB0x137c	[0x3cd6, [0x5a38, [0x4d39, nil]]]
0x4d46S0x5a4aS0x46dcS0x464aB0x40c3B0x232fB0x137c	[0x3cd6, [0x5a38, [0x4d39, nil]]]
0x4d3bS0x5a4aS0x46dcS0x464aB0x40c3B0x232fB0x137c	[0x3cd6, [0x5a38, [0x4d39, nil]]]
0x4d3cS0x5a4aS0x46dcS0x464aB0x40c3B0x232fB0x137c	[0x3cd6, [0x5a38, [0x4d39, nil]]]
0x4d3eS0x5a4aS0x46dcS0x464aB0x40c3B0x232fB0x137c	[0x3cd6, [0x5a38, [0x4d39, nil]]]
0x4d3fS0x5a4aS0x46dcS0x464aB0x40c3B0x232fB0x137c	[0x3cd6, [0x5a38, [0x4d39, nil]]]
0x4d42S0x5a4aS0x46dcS0x464aB0x40c3B0x232fB0x137c	[0x3cd6, [0x5a38, [0x4d39, nil]]]
0x100819S0x46dcS0x464aB0x40c3B0x232fB0x137c	[0x3cd6, [0x5a38, nil]]
0x10048aS0x5a4aS0x46dcS0x464aB0x40c3B0x232fB0x137c	[0x3cd6, [0x5a38, [0x4d39, nil]]]
0x4792S0x467aS0x464aB0x40c3B0x232fB0x137c	[0x3cd6, [0x474f, nil]]
0x4794S0x467aS0x464aB0x40c3B0x232fB0x137c	[0x3cd6, [0x474f, nil]]
0x4797S0x467aS0x464aB0x40c3B0x232fB0x137c	[0x3cd6, [0x474f, nil]]
0x4799S0x467aS0x464aB0x40c3B0x232fB0x137c	[0x3cd6, [0x474f, nil]]
0x479aS0x467aS0x464aB0x40c3B0x232fB0x137c	[0x3cd6, [0x474f, nil]]
0x479cS0x467aS0x464aB0x40c3B0x232fB0x137c	[0x3cd6, [0x474f, nil]]
0x479dS0x467aS0x464aB0x40c3B0x232fB0x137c	[0x3cd6, [0x474f, nil]]
0x479eS0x467aS0x464aB0x40c3B0x232fB0x137c	[0x3cd6, [0x474f, nil]]
0x47a0S0x467aS0x464aB0x40c3B0x232fB0x137c	[0x3cd6, [0x474f, nil]]
0x47a1S0x467aS0x464aB0x40c3B0x232fB0x137c	[0x3cd6, [0x474f, nil]]
0x47a4S0x467aS0x464aB0x40c3B0x232fB0x137c	[0x3cd6, [0x474f, nil]]
0x47a7S0x467aS0x464aB0x40c3B0x232fB0x137c	[0x3cd6, [0x474f, nil]]
0x47a8S0x467aS0x464aB0x40c3B0x232fB0x137c	[0x3cd6, [0x474f, nil]]
0x47aaS0x467aS0x464aB0x40c3B0x232fB0x137c	[0x3cd6, [0x474f, nil]]
0x47adS0x467aS0x464aB0x40c3B0x232fB0x137c	[0x3cd6, [0x474f, nil]]
0x47afS0x467aS0x464aB0x40c3B0x232fB0x137c	[0x3cd6, [0x474f, nil]]
0x47b2S0x467aS0x464aB0x40c3B0x232fB0x137c	[0x3cd6, [0x474f, nil]]
0x47a3S0x467aS0x464aB0x40c3B0x232fB0x137c	[0x3cd6, [0x474f, nil]]
0x47a6S0x467aS0x464aB0x40c3B0x232fB0x137c	[0x3cd6, [0x474f, nil]]
0x47aeS0x467aS0x464aB0x40c3B0x232fB0x137c	[0x3cd6, [0x474f, nil]]
0x4750S0x467aS0x464aB0x40c3B0x232fB0x137c	[0x3cd6, [0x474f, nil]]
0x4752S0x467aS0x464aB0x40c3B0x232fB0x137c	[0x3cd6, [0x474f, nil]]
0x4757S0x467aS0x464aB0x40c3B0x232fB0x137c	[0x3cd6, [0x474f, nil]]
0x475bS0x467aS0x464aB0x40c3B0x232fB0x137c	[0x3cd6, [0x474f, nil]]
0x475fS0x467aS0x464aB0x40c3B0x232fB0x137c	[0x3cd6, [0x474f, nil]]
0x4761S0x467aS0x464aB0x40c3B0x232fB0x137c	[0x3cd6, [0x474f, nil]]
0x4763S0x467aS0x464aB0x40c3B0x232fB0x137c	[0x3cd6, [0x474f, nil]]
0x4765S0x467aS0x464aB0x40c3B0x232fB0x137c	[0x3cd6, [0x474f, nil]]
0x4766S0x467aS0x464aB0x40c3B0x232fB0x137c	[0x3cd6, [0x474f, nil]]
0x4767S0x467aS0x464aB0x40c3B0x232fB0x137c	[0x3cd6, [0x474f, nil]]
0x476aS0x467aS0x464aB0x40c3B0x232fB0x137c	[0x3cd6, [0x474f, nil]]
0x476cS0x467aS0x464aB0x40c3B0x232fB0x137c	[0x3cd6, [0x474f, nil]]
0x476dS0x467aS0x464aB0x40c3B0x232fB0x137c	[0x3cd6, [0x474f, nil]]
0x4772S0x467aS0x464aB0x40c3B0x232fB0x137c	[0x3cd6, [0x474f, nil]]
0x4775S0x467aS0x464aB0x40c3B0x232fB0x137c	[0x3cd6, [0x474f, nil]]
0x100158S0x467aS0x464aB0x40c3B0x232fB0x137c	[0x3cd6, [0x474f, nil]]
0x4777S0x467aS0x464aB0x40c3B0x232fB0x137c	[0x3cd6, [0x474f, nil]]
0x4779S0x467aS0x464aB0x40c3B0x232fB0x137c	[0x3cd6, [0x474f, nil]]
0x477bS0x467aS0x464aB0x40c3B0x232fB0x137c	[0x3cd6, [0x474f, nil]]
0x477eS0x467aS0x464aB0x40c3B0x232fB0x137c	[0x3cd6, [0x474f, nil]]
0x4782S0x467aS0x464aB0x40c3B0x232fB0x137c	[0x3cd6, [0x474f, nil]]
0x4783S0x467aS0x464aB0x40c3B0x232fB0x137c	[0x3cd6, [0x474f, nil]]
0x4788S0x467aS0x464aB0x40c3B0x232fB0x137c	[0x3cd6, [0x474f, nil]]
0x478aS0x467aS0x464aB0x40c3B0x232fB0x137c	[0x3cd6, [0x474f, nil]]
0x478dS0x467aS0x464aB0x40c3B0x232fB0x137c	[0x3cd6, [0x474f, nil]]
0x478eS0x467aS0x464aB0x40c3B0x232fB0x137c	[0x3cd6, [0x474f, nil]]
0x4791S0x467aS0x464aB0x40c3B0x232fB0x137c	[0x3cd6, [0x474f, nil]]
0x5a56S0x467aS0x464aB0x40c3B0x232fB0x137c	[0x3cd6, [0x474f, nil]]
0x5a59S0x467aS0x464aB0x40c3B0x232fB0x137c	[0x3cd6, [0x474f, nil]]
0x5a5aS0x467aS0x464aB0x40c3B0x232fB0x137c	[0x3cd6, [0x474f, nil]]
0x5a5fS0x467aS0x464aB0x40c3B0x232fB0x137c	[0x3cd6, [0x474f, nil]]
0x5a62S0x467aS0x464aB0x40c3B0x232fB0x137c	[0x3cd6, [0x474f, nil]]
0x5a63S0x467aS0x464aB0x40c3B0x232fB0x137c	[0x3cd6, [0x474f, nil]]
0x5a66S0x467aS0x464aB0x40c3B0x232fB0x137c	[0x3cd6, [0x474f, nil]]
0x47b4S0x467aS0x464aB0x40c3B0x232fB0x137c	[0x3cd6, [0x474f, nil]]
0x3a430S0x467aS0x464aB0x40c3B0x232fB0x137c	[0x3cd6, [0x474f, nil]]
0x3a450S0x467aS0x464aB0x40c3B0x232fB0x137c	[0x3cd6, [0x474f, nil]]
0x47beS0x467aS0x464aB0x40c3B0x232fB0x137c	[0x3cd6, [0x474f, nil]]
0x47c5S0x467aS0x464aB0x40c3B0x232fB0x137c	[0x3cd6, [0x474f, nil]]
0x47b8_0x1S0x467aS0x464aB0x40c3B0x232fB0x137c	[0x3cd6, [0x474f, nil]]
0x47c8S0x467aS0x464aB0x40c3B0x232fB0x137c	[0x3cd6, [0x474f, nil]]
0x47d3S0x467aS0x464aB0x40c3B0x232fB0x137c	[0x3cd6, [0x474f, nil]]
0x5a6bS0x467aS0x464aB0x40c3B0x232fB0x137c	[0x3cd6, [0x474f, nil]]
0x5a70S0x467aS0x464aB0x40c3B0x232fB0x137c	[0x3cd6, [0x474f, nil]]
0x498cS0x5a55S0x467aS0x464aB0x40c3B0x232fB0x137c	[0x3cd6, [0x474f, [0x496e, nil]]]
0x498fS0x5a55S0x467aS0x464aB0x40c3B0x232fB0x137c	[0x3cd6, [0x474f, [0x496e, nil]]]
0x4991S0x5a55S0x467aS0x464aB0x40c3B0x232fB0x137c	[0x3cd6, [0x474f, [0x496e, nil]]]
0x4990S0x5a55S0x467aS0x464aB0x40c3B0x232fB0x137c	[0x3cd6, [0x474f, [0x496e, nil]]]
0x4974S0x5a55S0x467aS0x464aB0x40c3B0x232fB0x137c	[0x3cd6, [0x474f, [0x496e, nil]]]
0x4975S0x5a55S0x467aS0x464aB0x40c3B0x232fB0x137c	[0x3cd6, [0x474f, [0x496e, nil]]]
0x4976S0x5a55S0x467aS0x464aB0x40c3B0x232fB0x137c	[0x3cd6, [0x474f, [0x496e, nil]]]
0x4971_0x0S0x5a55S0x467aS0x464aB0x40c3B0x232fB0x137c	[0x3cd6, [0x474f, [0x496e, nil]]]
0x4979S0x5a55S0x467aS0x464aB0x40c3B0x232fB0x137c	[0x3cd6, [0x474f, [0x496e, nil]]]
0x496fS0x5a55S0x467aS0x464aB0x40c3B0x232fB0x137c	[0x3cd6, [0x474f, [0x496e, nil]]]
0x3b830S0x5a55S0x467aS0x464aB0x40c3B0x232fB0x137c	[0x3cd6, [0x474f, [0x496e, nil]]]
0x3b850S0x5a55S0x467aS0x464aB0x40c3B0x232fB0x137c	[0x3cd6, [0x474f, [0x496e, nil]]]
0x497cS0x5a55S0x467aS0x464aB0x40c3B0x232fB0x137c	[0x3cd6, [0x474f, [0x496e, nil]]]
0x497dS0x5a55S0x467aS0x464aB0x40c3B0x232fB0x137c	[0x3cd6, [0x474f, [0x496e, nil]]]
0x4980S0x5a55S0x467aS0x464aB0x40c3B0x232fB0x137c	[0x3cd6, [0x474f, [0x496e, nil]]]
0x4982S0x5a55S0x467aS0x464aB0x40c3B0x232fB0x137c	[0x3cd6, [0x474f, [0x496e, nil]]]
0x4984S0x5a55S0x467aS0x464aB0x40c3B0x232fB0x137c	[0x3cd6, [0x474f, [0x496e, nil]]]
0x4985S0x5a55S0x467aS0x464aB0x40c3B0x232fB0x137c	[0x3cd6, [0x474f, [0x496e, nil]]]
0x497a_0x0S0x5a55S0x467aS0x464aB0x40c3B0x232fB0x137c	[0x3cd6, [0x474f, [0x496e, nil]]]
0x4988S0x5a55S0x467aS0x464aB0x40c3B0x232fB0x137c	[0x3cd6, [0x474f, [0x496e, nil]]]
0x4981S0x5a55S0x467aS0x464aB0x40c3B0x232fB0x137c	[0x3cd6, [0x474f, [0x496e, nil]]]
0x47e6S0x47b8S0x467aS0x464aB0x40c3B0x232fB0x137c	[0x3cd6, [0x474f, [0x47d4, nil]]]
0x47e8S0x47b8S0x467aS0x464aB0x40c3B0x232fB0x137c	[0x3cd6, [0x474f, [0x47d4, nil]]]
0x47eaS0x47b8S0x467aS0x464aB0x40c3B0x232fB0x137c	[0x3cd6, [0x474f, [0x47d4, nil]]]
0x47ecS0x47b8S0x467aS0x464aB0x40c3B0x232fB0x137c	[0x3cd6, [0x474f, [0x47d4, nil]]]
0x47edS0x47b8S0x467aS0x464aB0x40c3B0x232fB0x137c	[0x3cd6, [0x474f, [0x47d4, nil]]]
0x47efS0x47b8S0x467aS0x464aB0x40c3B0x232fB0x137c	[0x3cd6, [0x474f, [0x47d4, nil]]]
0x47f0S0x47b8S0x467aS0x464aB0x40c3B0x232fB0x137c	[0x3cd6, [0x474f, [0x47d4, nil]]]
0x47f1S0x47b8S0x467aS0x464aB0x40c3B0x232fB0x137c	[0x3cd6, [0x474f, [0x47d4, nil]]]
0x47f4S0x47b8S0x467aS0x464aB0x40c3B0x232fB0x137c	[0x3cd6, [0x474f, [0x47d4, nil]]]
0x47f5S0x47b8S0x467aS0x464aB0x40c3B0x232fB0x137c	[0x3cd6, [0x474f, [0x47d4, nil]]]
0x47f7S0x47b8S0x467aS0x464aB0x40c3B0x232fB0x137c	[0x3cd6, [0x474f, [0x47d4, nil]]]
0x47f8S0x47b8S0x467aS0x464aB0x40c3B0x232fB0x137c	[0x3cd6, [0x474f, [0x47d4, nil]]]
0x47fcS0x47b8S0x467aS0x464aB0x40c3B0x232fB0x137c	[0x3cd6, [0x474f, [0x47d4, nil]]]
0x47feS0x47b8S0x467aS0x464aB0x40c3B0x232fB0x137c	[0x3cd6, [0x474f, [0x47d4, nil]]]
0x4801S0x47b8S0x467aS0x464aB0x40c3B0x232fB0x137c	[0x3cd6, [0x474f, [0x47d4, nil]]]
0x4803S0x47b8S0x467aS0x464aB0x40c3B0x232fB0x137c	[0x3cd6, [0x474f, [0x47d4, nil]]]
0x4806S0x47b8S0x467aS0x464aB0x40c3B0x232fB0x137c	[0x3cd6, [0x474f, [0x47d4, nil]]]
0x4808S0x47b8S0x467aS0x464aB0x40c3B0x232fB0x137c	[0x3cd6, [0x474f, [0x47d4, nil]]]
0x480aS0x47b8S0x467aS0x464aB0x40c3B0x232fB0x137c	[0x3cd6, [0x474f, [0x47d4, nil]]]
0x480dS0x47b8S0x467aS0x464aB0x40c3B0x232fB0x137c	[0x3cd6, [0x474f, [0x47d4, nil]]]
0x480fS0x47b8S0x467aS0x464aB0x40c3B0x232fB0x137c	[0x3cd6, [0x474f, [0x47d4, nil]]]
0x4830S0x47b8S0x467aS0x464aB0x40c3B0x232fB0x137c	[0x3cd6, [0x474f, [0x47d4, nil]]]
0x4833S0x47b8S0x467aS0x464aB0x40c3B0x232fB0x137c	[0x3cd6, [0x474f, [0x47d4, nil]]]
0x4835S0x47b8S0x467aS0x464aB0x40c3B0x232fB0x137c	[0x3cd6, [0x474f, [0x47d4, nil]]]
0x4837S0x47b8S0x467aS0x464aB0x40c3B0x232fB0x137c	[0x3cd6, [0x474f, [0x47d4, nil]]]
0x4838S0x47b8S0x467aS0x464aB0x40c3B0x232fB0x137c	[0x3cd6, [0x474f, [0x47d4, nil]]]
0x483bS0x47b8S0x467aS0x464aB0x40c3B0x232fB0x137c	[0x3cd6, [0x474f, [0x47d4, nil]]]
0x4800S0x47b8S0x467aS0x464aB0x40c3B0x232fB0x137c	[0x3cd6, [0x474f, [0x47d4, nil]]]
0x4807S0x47b8S0x467aS0x464aB0x40c3B0x232fB0x137c	[0x3cd6, [0x474f, [0x47d4, nil]]]
0x480eS0x47b8S0x467aS0x464aB0x40c3B0x232fB0x137c	[0x3cd6, [0x474f, [0x47d4, nil]]]
0x4834S0x47b8S0x467aS0x464aB0x40c3B0x232fB0x137c	[0x3cd6, [0x474f, [0x47d4, nil]]]
0x47d5S0x47b8S0x467aS0x464aB0x40c3B0x232fB0x137c	[0x3cd6, [0x474f, [0x47d4, nil]]]
0x47d8S0x47b8S0x467aS0x464aB0x40c3B0x232fB0x137c	[0x3cd6, [0x474f, [0x47d4, nil]]]
0x47d9S0x47b8S0x467aS0x464aB0x40c3B0x232fB0x137c	[0x3cd6, [0x474f, [0x47d4, nil]]]
0x47dcS0x47b8S0x467aS0x464aB0x40c3B0x232fB0x137c	[0x3cd6, [0x474f, [0x47d4, nil]]]
0x4844S0x47b8S0x467aS0x464aB0x40c3B0x232fB0x137c	[0x3cd6, [0x474f, [0x47d4, nil]]]
0x484aS0x47b8S0x467aS0x464aB0x40c3B0x232fB0x137c	[0x3cd6, [0x474f, [0x47d4, nil]]]
0x484bS0x47b8S0x467aS0x464aB0x40c3B0x232fB0x137c	[0x3cd6, [0x474f, [0x47d4, nil]]]
0x484cS0x47b8S0x467aS0x464aB0x40c3B0x232fB0x137c	[0x3cd6, [0x474f, [0x47d4, nil]]]
0x484fS0x47b8S0x467aS0x464aB0x40c3B0x232fB0x137c	[0x3cd6, [0x474f, [0x47d4, nil]]]
0x10017bS0x47b8S0x467aS0x464aB0x40c3B0x232fB0x137c	[0x3cd6, [0x474f, [0x47d4, nil]]]
0x10017eS0x47b8S0x467aS0x464aB0x40c3B0x232fB0x137c	[0x3cd6, [0x474f, [0x47d4, nil]]]
0x1001a1S0x47b8S0x467aS0x464aB0x40c3B0x232fB0x137c	[0x3cd6, [0x474f, [0x47d4, nil]]]
0x1001a4S0x47b8S0x467aS0x464aB0x40c3B0x232fB0x137c	[0x3cd6, [0x474f, [0x47d4, nil]]]
0xc0e6S0x47b8S0x467aS0x464aB0x40c3B0x232fB0x137c	[0x3cd6, [0x474f, [0x47d4, nil]]]
0xc0e8S0x47b8S0x467aS0x464aB0x40c3B0x232fB0x137c	[0x3cd6, [0x474f, [0x47d4, nil]]]
0xc0ebS0x47b8S0x467aS0x464aB0x40c3B0x232fB0x137c	[0x3cd6, [0x474f, [0x47d4, nil]]]
0xc0edS0x47b8S0x467aS0x464aB0x40c3B0x232fB0x137c	[0x3cd6, [0x474f, [0x47d4, nil]]]
0x485aS0x47b8S0x467aS0x464aB0x40c3B0x232fB0x137c	[0x3cd6, [0x474f, [0x47d4, nil]]]
0x485cS0x47b8S0x467aS0x464aB0x40c3B0x232fB0x137c	[0x3cd6, [0x474f, [0x47d4, nil]]]
0x485dS0x47b8S0x467aS0x464aB0x40c3B0x232fB0x137c	[0x3cd6, [0x474f, [0x47d4, nil]]]
0x4861S0x47b8S0x467aS0x464aB0x40c3B0x232fB0x137c	[0x3cd6, [0x474f, [0x47d4, nil]]]
0x4863S0x47b8S0x467aS0x464aB0x40c3B0x232fB0x137c	[0x3cd6, [0x474f, [0x47d4, nil]]]
0x4866S0x47b8S0x467aS0x464aB0x40c3B0x232fB0x137c	[0x3cd6, [0x474f, [0x47d4, nil]]]
0x4868S0x47b8S0x467aS0x464aB0x40c3B0x232fB0x137c	[0x3cd6, [0x474f, [0x47d4, nil]]]
0x4869S0x47b8S0x467aS0x464aB0x40c3B0x232fB0x137c	[0x3cd6, [0x474f, [0x47d4, nil]]]
0x486eS0x47b8S0x467aS0x464aB0x40c3B0x232fB0x137c	[0x3cd6, [0x474f, [0x47d4, nil]]]
0x4871S0x47b8S0x467aS0x464aB0x40c3B0x232fB0x137c	[0x3cd6, [0x474f, [0x47d4, nil]]]
0x4865S0x47b8S0x467aS0x464aB0x40c3B0x232fB0x137c	[0x3cd6, [0x474f, [0x47d4, nil]]]
0x100213S0x47b8S0x467aS0x464aB0x40c3B0x232fB0x137c	[0x3cd6, [0x474f, [0x47d4, nil]]]
0x100215S0x47b8S0x467aS0x464aB0x40c3B0x232fB0x137c	[0x3cd6, [0x474f, [0x47d4, nil]]]
0x100218S0x47b8S0x467aS0x464aB0x40c3B0x232fB0x137c	[0x3cd6, [0x474f, [0x47d4, nil]]]
0x10021aS0x47b8S0x467aS0x464aB0x40c3B0x232fB0x137c	[0x3cd6, [0x474f, [0x47d4, nil]]]
0x101204S0x47b8S0x467aS0x464aB0x40c3B0x232fB0x137c	[0x3cd6, [0x474f, [0x47d4, nil]]]
0x10122bS0x47b8S0x467aS0x464aB0x40c3B0x232fB0x137c	[0x3cd6, [0x474f, [0x47d4, nil]]]
0x47deS0x47b8S0x467aS0x464aB0x40c3B0x232fB0x137c	[0x3cd6, [0x474f, [0x47d4, nil]]]
0x47dfS0x47b8S0x467aS0x464aB0x40c3B0x232fB0x137c	[0x3cd6, [0x474f, [0x47d4, nil]]]
0x47e1S0x47b8S0x467aS0x464aB0x40c3B0x232fB0x137c	[0x3cd6, [0x474f, [0x47d4, nil]]]
0x47e2S0x47b8S0x467aS0x464aB0x40c3B0x232fB0x137c	[0x3cd6, [0x474f, [0x47d4, nil]]]
0x47e5S0x47b8S0x467aS0x464aB0x40c3B0x232fB0x137c	[0x3cd6, [0x474f, [0x47d4, nil]]]
0x4851S0x47b8S0x467aS0x464aB0x40c3B0x232fB0x137c	[0x3cd6, [0x474f, [0x47d4, nil]]]
0x4854S0x47b8S0x467aS0x464aB0x40c3B0x232fB0x137c	[0x3cd6, [0x474f, [0x47d4, nil]]]
0x4856S0x47b8S0x467aS0x464aB0x40c3B0x232fB0x137c	[0x3cd6, [0x474f, [0x47d4, nil]]]
0x4857S0x47b8S0x467aS0x464aB0x40c3B0x232fB0x137c	[0x3cd6, [0x474f, [0x47d4, nil]]]
0x49bfS0x4858S0x47b8S0x467aS0x464aB0x40c3B0x232fB0x137c	[0x3cd6, [0x474f, [0x47d4, [0x49be, nil]]]]
0x49c3S0x4858S0x47b8S0x467aS0x464aB0x40c3B0x232fB0x137c	[0x3cd6, [0x474f, [0x47d4, [0x49be, nil]]]]
0x49c5S0x4858S0x47b8S0x467aS0x464aB0x40c3B0x232fB0x137c	[0x3cd6, [0x474f, [0x47d4, [0x49be, nil]]]]
0x49c8S0x4858S0x47b8S0x467aS0x464aB0x40c3B0x232fB0x137c	[0x3cd6, [0x474f, [0x47d4, [0x49be, nil]]]]
0x49cbS0x4858S0x47b8S0x467aS0x464aB0x40c3B0x232fB0x137c	[0x3cd6, [0x474f, [0x47d4, [0x49be, nil]]]]
0x49cdS0x4858S0x47b8S0x467aS0x464aB0x40c3B0x232fB0x137c	[0x3cd6, [0x474f, [0x47d4, [0x49be, nil]]]]
0x49d0S0x4858S0x47b8S0x467aS0x464aB0x40c3B0x232fB0x137c	[0x3cd6, [0x474f, [0x47d4, [0x49be, nil]]]]
0x49c2S0x4858S0x47b8S0x467aS0x464aB0x40c3B0x232fB0x137c	[0x3cd6, [0x474f, [0x47d4, [0x49be, nil]]]]
0x10031eS0x4858S0x47b8S0x467aS0x464aB0x40c3B0x232fB0x137c	[0x3cd6, [0x474f, [0x47d4, [0x49be, nil]]]]
0x49abS0x49beS0x4858S0x47b8S0x467aS0x464aB0x40c3B0x232fB0x137c	[0x3cd6, [0x474f, [0x47d4, [0x49be, [0x4992, nil]]]]]
0x49adS0x49beS0x4858S0x47b8S0x467aS0x464aB0x40c3B0x232fB0x137c	[0x3cd6, [0x474f, [0x47d4, [0x49be, [0x4992, nil]]]]]
0x49aeS0x49beS0x4858S0x47b8S0x467aS0x464aB0x40c3B0x232fB0x137c	[0x3cd6, [0x474f, [0x47d4, [0x49be, [0x4992, nil]]]]]
0x49b0S0x49beS0x4858S0x47b8S0x467aS0x464aB0x40c3B0x232fB0x137c	[0x3cd6, [0x474f, [0x47d4, [0x49be, [0x4992, nil]]]]]
0x49b1S0x49beS0x4858S0x47b8S0x467aS0x464aB0x40c3B0x232fB0x137c	[0x3cd6, [0x474f, [0x47d4, [0x49be, [0x4992, nil]]]]]
0x49b5S0x49beS0x4858S0x47b8S0x467aS0x464aB0x40c3B0x232fB0x137c	[0x3cd6, [0x474f, [0x47d4, [0x49be, [0x4992, nil]]]]]
0x49b6S0x49beS0x4858S0x47b8S0x467aS0x464aB0x40c3B0x232fB0x137c	[0x3cd6, [0x474f, [0x47d4, [0x49be, [0x4992, nil]]]]]
0x49b8S0x49beS0x4858S0x47b8S0x467aS0x464aB0x40c3B0x232fB0x137c	[0x3cd6, [0x474f, [0x47d4, [0x49be, [0x4992, nil]]]]]
0x49bdS0x49beS0x4858S0x47b8S0x467aS0x464aB0x40c3B0x232fB0x137c	[0x3cd6, [0x474f, [0x47d4, [0x49be, [0x4992, nil]]]]]
0x4993S0x49beS0x4858S0x47b8S0x467aS0x464aB0x40c3B0x232fB0x137c	[0x3cd6, [0x474f, [0x47d4, [0x49be, [0x4992, nil]]]]]
0x4996S0x49beS0x4858S0x47b8S0x467aS0x464aB0x40c3B0x232fB0x137c	[0x3cd6, [0x474f, [0x47d4, [0x49be, [0x4992, nil]]]]]
0x499aS0x49beS0x4858S0x47b8S0x467aS0x464aB0x40c3B0x232fB0x137c	[0x3cd6, [0x474f, [0x47d4, [0x49be, [0x4992, nil]]]]]
0x499eS0x49beS0x4858S0x47b8S0x467aS0x464aB0x40c3B0x232fB0x137c	[0x3cd6, [0x474f, [0x47d4, [0x49be, [0x4992, nil]]]]]
0x49a1S0x49beS0x4858S0x47b8S0x467aS0x464aB0x40c3B0x232fB0x137c	[0x3cd6, [0x474f, [0x47d4, [0x49be, [0x4992, nil]]]]]
0x49a2S0x49beS0x4858S0x47b8S0x467aS0x464aB0x40c3B0x232fB0x137c	[0x3cd6, [0x474f, [0x47d4, [0x49be, [0x4992, nil]]]]]
0x49a5S0x49beS0x4858S0x47b8S0x467aS0x464aB0x40c3B0x232fB0x137c	[0x3cd6, [0x474f, [0x47d4, [0x49be, [0x4992, nil]]]]]
0x49a6S0x49beS0x4858S0x47b8S0x467aS0x464aB0x40c3B0x232fB0x137c	[0x3cd6, [0x474f, [0x47d4, [0x49be, [0x4992, nil]]]]]
0x49a9S0x49beS0x4858S0x47b8S0x467aS0x464aB0x40c3B0x232fB0x137c	[0x3cd6, [0x474f, [0x47d4, [0x49be, [0x4992, nil]]]]]
0x4999S0x49beS0x4858S0x47b8S0x467aS0x464aB0x40c3B0x232fB0x137c	[0x3cd6, [0x474f, [0x47d4, [0x49be, [0x4992, nil]]]]]
0x498cS0x4992S0x49beS0x4858S0x47b8S0x467aS0x464aB0x40c3B0x232fB0x137c	[0x3cd6, [0x474f, [0x47d4, [0x49be, [0x4992, [0x496e, nil]]]]]]
0x498fS0x4992S0x49beS0x4858S0x47b8S0x467aS0x464aB0x40c3B0x232fB0x137c	[0x3cd6, [0x474f, [0x47d4, [0x49be, [0x4992, [0x496e, nil]]]]]]
0x4991S0x4992S0x49beS0x4858S0x47b8S0x467aS0x464aB0x40c3B0x232fB0x137c	[0x3cd6, [0x474f, [0x47d4, [0x49be, [0x4992, [0x496e, nil]]]]]]
0x4990S0x4992S0x49beS0x4858S0x47b8S0x467aS0x464aB0x40c3B0x232fB0x137c	[0x3cd6, [0x474f, [0x47d4, [0x49be, [0x4992, [0x496e, nil]]]]]]
0x4974S0x4992S0x49beS0x4858S0x47b8S0x467aS0x464aB0x40c3B0x232fB0x137c	[0x3cd6, [0x474f, [0x47d4, [0x49be, [0x4992, [0x496e, nil]]]]]]
0x4975S0x4992S0x49beS0x4858S0x47b8S0x467aS0x464aB0x40c3B0x232fB0x137c	[0x3cd6, [0x474f, [0x47d4, [0x49be, [0x4992, [0x496e, nil]]]]]]
0x4976S0x4992S0x49beS0x4858S0x47b8S0x467aS0x464aB0x40c3B0x232fB0x137c	[0x3cd6, [0x474f, [0x47d4, [0x49be, [0x4992, [0x496e, nil]]]]]]
0x4971_0x0S0x4992S0x49beS0x4858S0x47b8S0x467aS0x464aB0x40c3B0x232fB0x137c	[0x3cd6, [0x474f, [0x47d4, [0x49be, [0x4992, [0x496e, nil]]]]]]
0x4979S0x4992S0x49beS0x4858S0x47b8S0x467aS0x464aB0x40c3B0x232fB0x137c	[0x3cd6, [0x474f, [0x47d4, [0x49be, [0x4992, [0x496e, nil]]]]]]
0x496fS0x4992S0x49beS0x4858S0x47b8S0x467aS0x464aB0x40c3B0x232fB0x137c	[0x3cd6, [0x474f, [0x47d4, [0x49be, [0x4992, [0x496e, nil]]]]]]
0x3b830S0x4992S0x49beS0x4858S0x47b8S0x467aS0x464aB0x40c3B0x232fB0x137c	[0x3cd6, [0x474f, [0x47d4, [0x49be, [0x4992, [0x496e, nil]]]]]]
0x3b850S0x4992S0x49beS0x4858S0x47b8S0x467aS0x464aB0x40c3B0x232fB0x137c	[0x3cd6, [0x474f, [0x47d4, [0x49be, [0x4992, [0x496e, nil]]]]]]
0x497cS0x4992S0x49beS0x4858S0x47b8S0x467aS0x464aB0x40c3B0x232fB0x137c	[0x3cd6, [0x474f, [0x47d4, [0x49be, [0x4992, [0x496e, nil]]]]]]
0x497dS0x4992S0x49beS0x4858S0x47b8S0x467aS0x464aB0x40c3B0x232fB0x137c	[0x3cd6, [0x474f, [0x47d4, [0x49be, [0x4992, [0x496e, nil]]]]]]
0x4980S0x4992S0x49beS0x4858S0x47b8S0x467aS0x464aB0x40c3B0x232fB0x137c	[0x3cd6, [0x474f, [0x47d4, [0x49be, [0x4992, [0x496e, nil]]]]]]
0x4982S0x4992S0x49beS0x4858S0x47b8S0x467aS0x464aB0x40c3B0x232fB0x137c	[0x3cd6, [0x474f, [0x47d4, [0x49be, [0x4992, [0x496e, nil]]]]]]
0x4984S0x4992S0x49beS0x4858S0x47b8S0x467aS0x464aB0x40c3B0x232fB0x137c	[0x3cd6, [0x474f, [0x47d4, [0x49be, [0x4992, [0x496e, nil]]]]]]
0x4985S0x4992S0x49beS0x4858S0x47b8S0x467aS0x464aB0x40c3B0x232fB0x137c	[0x3cd6, [0x474f, [0x47d4, [0x49be, [0x4992, [0x496e, nil]]]]]]
0x497a_0x0S0x4992S0x49beS0x4858S0x47b8S0x467aS0x464aB0x40c3B0x232fB0x137c	[0x3cd6, [0x474f, [0x47d4, [0x49be, [0x4992, [0x496e, nil]]]]]]
0x4988S0x4992S0x49beS0x4858S0x47b8S0x467aS0x464aB0x40c3B0x232fB0x137c	[0x3cd6, [0x474f, [0x47d4, [0x49be, [0x4992, [0x496e, nil]]]]]]
0x4981S0x4992S0x49beS0x4858S0x47b8S0x467aS0x464aB0x40c3B0x232fB0x137c	[0x3cd6, [0x474f, [0x47d4, [0x49be, [0x4992, [0x496e, nil]]]]]]
0x46f5S0x3ca2B0x2dfdB0x232fB0x15e2	[0x3cd6, nil]
0x46f7S0x3ca2B0x2dfdB0x232fB0x15e2	[0x3cd6, nil]
0x46f8S0x3ca2B0x2dfdB0x232fB0x15e2	[0x3cd6, nil]
0x46fcS0x3ca2B0x2dfdB0x232fB0x15e2	[0x3cd6, nil]
0x46feS0x3ca2B0x2dfdB0x232fB0x15e2	[0x3cd6, nil]
0x4701S0x3ca2B0x2dfdB0x232fB0x15e2	[0x3cd6, nil]
0x4703S0x3ca2B0x2dfdB0x232fB0x15e2	[0x3cd6, nil]
0x4706S0x3ca2B0x2dfdB0x232fB0x15e2	[0x3cd6, nil]
0x4708S0x3ca2B0x2dfdB0x232fB0x15e2	[0x3cd6, nil]
0x470aS0x3ca2B0x2dfdB0x232fB0x15e2	[0x3cd6, nil]
0x470dS0x3ca2B0x2dfdB0x232fB0x15e2	[0x3cd6, nil]
0x470fS0x3ca2B0x2dfdB0x232fB0x15e2	[0x3cd6, nil]
0x4730S0x3ca2B0x2dfdB0x232fB0x15e2	[0x3cd6, nil]
0x4733S0x3ca2B0x2dfdB0x232fB0x15e2	[0x3cd6, nil]
0x4735S0x3ca2B0x2dfdB0x232fB0x15e2	[0x3cd6, nil]
0x4740S0x3ca2B0x2dfdB0x232fB0x15e2	[0x3cd6, nil]
0x4742S0x3ca2B0x2dfdB0x232fB0x15e2	[0x3cd6, nil]
0x4743S0x3ca2B0x2dfdB0x232fB0x15e2	[0x3cd6, nil]
0x4746S0x3ca2B0x2dfdB0x232fB0x15e2	[0x3cd6, nil]
0x4748S0x3ca2B0x2dfdB0x232fB0x15e2	[0x3cd6, nil]
0x474aS0x3ca2B0x2dfdB0x232fB0x15e2	[0x3cd6, nil]
0x474bS0x3ca2B0x2dfdB0x232fB0x15e2	[0x3cd6, nil]
0x474eS0x3ca2B0x2dfdB0x232fB0x15e2	[0x3cd6, nil]
0x4700S0x3ca2B0x2dfdB0x232fB0x15e2	[0x3cd6, nil]
0x4707S0x3ca2B0x2dfdB0x232fB0x15e2	[0x3cd6, nil]
0x470eS0x3ca2B0x2dfdB0x232fB0x15e2	[0x3cd6, nil]
0x4734S0x3ca2B0x2dfdB0x232fB0x15e2	[0x3cd6, nil]
0x4747S0x3ca2B0x2dfdB0x232fB0x15e2	[0x3cd6, nil]
0x467bS0x3ca2B0x2dfdB0x232fB0x15e2	[0x3cd6, nil]
0x467dS0x3ca2B0x2dfdB0x232fB0x15e2	[0x3cd6, nil]
0x4681S0x3ca2B0x2dfdB0x232fB0x15e2	[0x3cd6, nil]
0x4683S0x3ca2B0x2dfdB0x232fB0x15e2	[0x3cd6, nil]
0x4685S0x3ca2B0x2dfdB0x232fB0x15e2	[0x3cd6, nil]
0x4687S0x3ca2B0x2dfdB0x232fB0x15e2	[0x3cd6, nil]
0x4688S0x3ca2B0x2dfdB0x232fB0x15e2	[0x3cd6, nil]
0x468cS0x3ca2B0x2dfdB0x232fB0x15e2	[0x3cd6, nil]
0x4690S0x3ca2B0x2dfdB0x232fB0x15e2	[0x3cd6, nil]
0x4692S0x3ca2B0x2dfdB0x232fB0x15e2	[0x3cd6, nil]
0x4693S0x3ca2B0x2dfdB0x232fB0x15e2	[0x3cd6, nil]
0x46b8S0x3ca2B0x2dfdB0x232fB0x15e2	[0x3cd6, nil]
0x46baS0x3ca2B0x2dfdB0x232fB0x15e2	[0x3cd6, nil]
0x46bcS0x3ca2B0x2dfdB0x232fB0x15e2	[0x3cd6, nil]
0x46beS0x3ca2B0x2dfdB0x232fB0x15e2	[0x3cd6, nil]
0x46bfS0x3ca2B0x2dfdB0x232fB0x15e2	[0x3cd6, nil]
0x46c0S0x3ca2B0x2dfdB0x232fB0x15e2	[0x3cd6, nil]
0x46c1S0x3ca2B0x2dfdB0x232fB0x15e2	[0x3cd6, nil]
0x46c8S0x3ca2B0x2dfdB0x232fB0x15e2	[0x3cd6, nil]
0x46cdS0x3ca2B0x2dfdB0x232fB0x15e2	[0x3cd6, nil]
0x46ceS0x3ca2B0x2dfdB0x232fB0x15e2	[0x3cd6, nil]
0x468aS0x3ca2B0x2dfdB0x232fB0x15e2	[0x3cd6, nil]
0x468fS0x3ca2B0x2dfdB0x232fB0x15e2	[0x3cd6, nil]
0x46b5S0x3ca2B0x2dfdB0x232fB0x15e2	[0x3cd6, nil]
0x46d3S0x3ca2B0x2dfdB0x232fB0x15e2	[0x3cd6, nil]
0x46d4S0x3ca2B0x2dfdB0x232fB0x15e2	[0x3cd6, nil]
0x46d6S0x3ca2B0x2dfdB0x232fB0x15e2	[0x3cd6, nil]
0x46d8S0x3ca2B0x2dfdB0x232fB0x15e2	[0x3cd6, nil]
0x46dbS0x3ca2B0x2dfdB0x232fB0x15e2	[0x3cd6, nil]
0x46f1S0x3ca2B0x2dfdB0x232fB0x15e2	[0x3cd6, nil]
0x46f0_0x0S0x3ca2B0x2dfdB0x232fB0x15e2	[0x3cd6, nil]
0x46f4S0x3ca2B0x2dfdB0x232fB0x15e2	[0x3cd6, nil]
0x100131S0x3ca2B0x2dfdB0x232fB0x15e2	[0x3cd6, nil]
0xc0beS0x3ca2B0x2dfdB0x232fB0x15e2	[0x3cd6, nil]
0xc0c0S0x3ca2B0x2dfdB0x232fB0x15e2	[0x3cd6, nil]
0xc0c3S0x3ca2B0x2dfdB0x232fB0x15e2	[0x3cd6, nil]
0xc0c5S0x3ca2B0x2dfdB0x232fB0x15e2	[0x3cd6, nil]
0x3cd7S0x3ca2B0x2dfdB0x232fB0x15e2	[0x3cd6, nil]
0x3cdaS0x3ca2B0x2dfdB0x232fB0x15e2	[0x3cd6, nil]
0x3cdbS0x3ca2B0x2dfdB0x232fB0x15e2	[0x3cd6, nil]
0x3cddS0x3ca2B0x2dfdB0x232fB0x15e2	[0x3cd6, nil]
0x3ce0S0x3ca2B0x2dfdB0x232fB0x15e2	[0x3cd6, nil]
0x3ce1S0x3ca2B0x2dfdB0x232fB0x15e2	[0x3cd6, nil]
0x3ce7S0x3ca2B0x2dfdB0x232fB0x15e2	[0x3cd6, nil]
0x3ceaS0x3ca2B0x2dfdB0x232fB0x15e2	[0x3cd6, nil]
0x3cecS0x3ca2B0x2dfdB0x232fB0x15e2	[0x3cd6, nil]
0x3cedS0x3ca2B0x2dfdB0x232fB0x15e2	[0x3cd6, nil]
0x3cefS0x3ca2B0x2dfdB0x232fB0x15e2	[0x3cd6, nil]
0x3cf1S0x3ca2B0x2dfdB0x232fB0x15e2	[0x3cd6, nil]
0x3cf3S0x3ca2B0x2dfdB0x232fB0x15e2	[0x3cd6, nil]
0x3cf4S0x3ca2B0x2dfdB0x232fB0x15e2	[0x3cd6, nil]
0x3cf5S0x3ca2B0x2dfdB0x232fB0x15e2	[0x3cd6, nil]
0x3cf6S0x3ca2B0x2dfdB0x232fB0x15e2	[0x3cd6, nil]
0x3cf8S0x3ca2B0x2dfdB0x232fB0x15e2	[0x3cd6, nil]
0x3cfaS0x3ca2B0x2dfdB0x232fB0x15e2	[0x3cd6, nil]
0x3cfcS0x3ca2B0x2dfdB0x232fB0x15e2	[0x3cd6, nil]
0x3cfdS0x3ca2B0x2dfdB0x232fB0x15e2	[0x3cd6, nil]
0x3cfeS0x3ca2B0x2dfdB0x232fB0x15e2	[0x3cd6, nil]
0x3d01S0x3ca2B0x2dfdB0x232fB0x15e2	[0x3cd6, nil]
0x3d05S0x3ca2B0x2dfdB0x232fB0x15e2	[0x3cd6, nil]
0x3d09S0x3ca2B0x2dfdB0x232fB0x15e2	[0x3cd6, nil]
0x3d0cS0x3ca2B0x2dfdB0x232fB0x15e2	[0x3cd6, nil]
0x3ce3S0x3ca2B0x2dfdB0x232fB0x15e2	[0x3cd6, nil]
0x3ce6S0x3ca2B0x2dfdB0x232fB0x15e2	[0x3cd6, nil]
0x3d08S0x3ca2B0x2dfdB0x232fB0x15e2	[0x3cd6, nil]
0x46dfS0x3ca2B0x2dfdB0x232fB0x15e2	[0x3cd6, nil]
0x46e1S0x3ca2B0x2dfdB0x232fB0x15e2	[0x3cd6, nil]
0x46e3S0x3ca2B0x2dfdB0x232fB0x15e2	[0x3cd6, nil]
0x46e5S0x3ca2B0x2dfdB0x232fB0x15e2	[0x3cd6, nil]
0x46e7S0x3ca2B0x2dfdB0x232fB0x15e2	[0x3cd6, nil]
0x46ecS0x3ca2B0x2dfdB0x232fB0x15e2	[0x3cd6, nil]
0x46efS0x3ca2B0x2dfdB0x232fB0x15e2	[0x3cd6, nil]
0x5a46S0x46dcS0x3ca2B0x2dfdB0x232fB0x15e2	[0x3cd6, [0x5a38, nil]]
0x5a49S0x46dcS0x3ca2B0x2dfdB0x232fB0x15e2	[0x3cd6, [0x5a38, nil]]
0x5a39S0x46dcS0x3ca2B0x2dfdB0x232fB0x15e2	[0x3cd6, [0x5a38, nil]]
0x5a3bS0x46dcS0x3ca2B0x2dfdB0x232fB0x15e2	[0x3cd6, [0x5a38, nil]]
0x5a3fS0x46dcS0x3ca2B0x2dfdB0x232fB0x15e2	[0x3cd6, [0x5a38, nil]]
0x5a40S0x46dcS0x3ca2B0x2dfdB0x232fB0x15e2	[0x3cd6, [0x5a38, nil]]
0x5a41S0x46dcS0x3ca2B0x2dfdB0x232fB0x15e2	[0x3cd6, [0x5a38, nil]]
0x5a42S0x46dcS0x3ca2B0x2dfdB0x232fB0x15e2	[0x3cd6, [0x5a38, nil]]
0x5a45S0x46dcS0x3ca2B0x2dfdB0x232fB0x15e2	[0x3cd6, [0x5a38, nil]]
0x5a4cS0x46dcS0x3ca2B0x2dfdB0x232fB0x15e2	[0x3cd6, [0x5a38, nil]]
0x5a4dS0x46dcS0x3ca2B0x2dfdB0x232fB0x15e2	[0x3cd6, [0x5a38, nil]]
0x5a51S0x46dcS0x3ca2B0x2dfdB0x232fB0x15e2	[0x3cd6, [0x5a38, nil]]
0x5a54S0x46dcS0x3ca2B0x2dfdB0x232fB0x15e2	[0x3cd6, [0x5a38, nil]]
0x4d43S0x5a4aS0x46dcS0x3ca2B0x2dfdB0x232fB0x15e2	[0x3cd6, [0x5a38, [0x4d39, nil]]]
0x4d46S0x5a4aS0x46dcS0x3ca2B0x2dfdB0x232fB0x15e2	[0x3cd6, [0x5a38, [0x4d39, nil]]]
0x4d3bS0x5a4aS0x46dcS0x3ca2B0x2dfdB0x232fB0x15e2	[0x3cd6, [0x5a38, [0x4d39, nil]]]
0x4d3cS0x5a4aS0x46dcS0x3ca2B0x2dfdB0x232fB0x15e2	[0x3cd6, [0x5a38, [0x4d39, nil]]]
0x4d3eS0x5a4aS0x46dcS0x3ca2B0x2dfdB0x232fB0x15e2	[0x3cd6, [0x5a38, [0x4d39, nil]]]
0x4d3fS0x5a4aS0x46dcS0x3ca2B0x2dfdB0x232fB0x15e2	[0x3cd6, [0x5a38, [0x4d39, nil]]]
0x4d42S0x5a4aS0x46dcS0x3ca2B0x2dfdB0x232fB0x15e2	[0x3cd6, [0x5a38, [0x4d39, nil]]]
0x100819S0x46dcS0x3ca2B0x2dfdB0x232fB0x15e2	[0x3cd6, [0x5a38, nil]]
0x10048aS0x5a4aS0x46dcS0x3ca2B0x2dfdB0x232fB0x15e2	[0x3cd6, [0x5a38, [0x4d39, nil]]]
0x4792S0x467aS0x3ca2B0x2dfdB0x232fB0x15e2	[0x3cd6, [0x474f, nil]]
0x4794S0x467aS0x3ca2B0x2dfdB0x232fB0x15e2	[0x3cd6, [0x474f, nil]]
0x4797S0x467aS0x3ca2B0x2dfdB0x232fB0x15e2	[0x3cd6, [0x474f, nil]]
0x4799S0x467aS0x3ca2B0x2dfdB0x232fB0x15e2	[0x3cd6, [0x474f, nil]]
0x479aS0x467aS0x3ca2B0x2dfdB0x232fB0x15e2	[0x3cd6, [0x474f, nil]]
0x479cS0x467aS0x3ca2B0x2dfdB0x232fB0x15e2	[0x3cd6, [0x474f, nil]]
0x479dS0x467aS0x3ca2B0x2dfdB0x232fB0x15e2	[0x3cd6, [0x474f, nil]]
0x479eS0x467aS0x3ca2B0x2dfdB0x232fB0x15e2	[0x3cd6, [0x474f, nil]]
0x47a0S0x467aS0x3ca2B0x2dfdB0x232fB0x15e2	[0x3cd6, [0x474f, nil]]
0x47a1S0x467aS0x3ca2B0x2dfdB0x232fB0x15e2	[0x3cd6, [0x474f, nil]]
0x47a4S0x467aS0x3ca2B0x2dfdB0x232fB0x15e2	[0x3cd6, [0x474f, nil]]
0x47a7S0x467aS0x3ca2B0x2dfdB0x232fB0x15e2	[0x3cd6, [0x474f, nil]]
0x47a8S0x467aS0x3ca2B0x2dfdB0x232fB0x15e2	[0x3cd6, [0x474f, nil]]
0x47aaS0x467aS0x3ca2B0x2dfdB0x232fB0x15e2	[0x3cd6, [0x474f, nil]]
0x47adS0x467aS0x3ca2B0x2dfdB0x232fB0x15e2	[0x3cd6, [0x474f, nil]]
0x47afS0x467aS0x3ca2B0x2dfdB0x232fB0x15e2	[0x3cd6, [0x474f, nil]]
0x47b2S0x467aS0x3ca2B0x2dfdB0x232fB0x15e2	[0x3cd6, [0x474f, nil]]
0x47a3S0x467aS0x3ca2B0x2dfdB0x232fB0x15e2	[0x3cd6, [0x474f, nil]]
0x47a6S0x467aS0x3ca2B0x2dfdB0x232fB0x15e2	[0x3cd6, [0x474f, nil]]
0x47aeS0x467aS0x3ca2B0x2dfdB0x232fB0x15e2	[0x3cd6, [0x474f, nil]]
0x4750S0x467aS0x3ca2B0x2dfdB0x232fB0x15e2	[0x3cd6, [0x474f, nil]]
0x4752S0x467aS0x3ca2B0x2dfdB0x232fB0x15e2	[0x3cd6, [0x474f, nil]]
0x4757S0x467aS0x3ca2B0x2dfdB0x232fB0x15e2	[0x3cd6, [0x474f, nil]]
0x475bS0x467aS0x3ca2B0x2dfdB0x232fB0x15e2	[0x3cd6, [0x474f, nil]]
0x475fS0x467aS0x3ca2B0x2dfdB0x232fB0x15e2	[0x3cd6, [0x474f, nil]]
0x4761S0x467aS0x3ca2B0x2dfdB0x232fB0x15e2	[0x3cd6, [0x474f, nil]]
0x4763S0x467aS0x3ca2B0x2dfdB0x232fB0x15e2	[0x3cd6, [0x474f, nil]]
0x4765S0x467aS0x3ca2B0x2dfdB0x232fB0x15e2	[0x3cd6, [0x474f, nil]]
0x4766S0x467aS0x3ca2B0x2dfdB0x232fB0x15e2	[0x3cd6, [0x474f, nil]]
0x4767S0x467aS0x3ca2B0x2dfdB0x232fB0x15e2	[0x3cd6, [0x474f, nil]]
0x476aS0x467aS0x3ca2B0x2dfdB0x232fB0x15e2	[0x3cd6, [0x474f, nil]]
0x476cS0x467aS0x3ca2B0x2dfdB0x232fB0x15e2	[0x3cd6, [0x474f, nil]]
0x476dS0x467aS0x3ca2B0x2dfdB0x232fB0x15e2	[0x3cd6, [0x474f, nil]]
0x4772S0x467aS0x3ca2B0x2dfdB0x232fB0x15e2	[0x3cd6, [0x474f, nil]]
0x4775S0x467aS0x3ca2B0x2dfdB0x232fB0x15e2	[0x3cd6, [0x474f, nil]]
0x100158S0x467aS0x3ca2B0x2dfdB0x232fB0x15e2	[0x3cd6, [0x474f, nil]]
0x4777S0x467aS0x3ca2B0x2dfdB0x232fB0x15e2	[0x3cd6, [0x474f, nil]]
0x4779S0x467aS0x3ca2B0x2dfdB0x232fB0x15e2	[0x3cd6, [0x474f, nil]]
0x477bS0x467aS0x3ca2B0x2dfdB0x232fB0x15e2	[0x3cd6, [0x474f, nil]]
0x477eS0x467aS0x3ca2B0x2dfdB0x232fB0x15e2	[0x3cd6, [0x474f, nil]]
0x4782S0x467aS0x3ca2B0x2dfdB0x232fB0x15e2	[0x3cd6, [0x474f, nil]]
0x4783S0x467aS0x3ca2B0x2dfdB0x232fB0x15e2	[0x3cd6, [0x474f, nil]]
0x4788S0x467aS0x3ca2B0x2dfdB0x232fB0x15e2	[0x3cd6, [0x474f, nil]]
0x478aS0x467aS0x3ca2B0x2dfdB0x232fB0x15e2	[0x3cd6, [0x474f, nil]]
0x478dS0x467aS0x3ca2B0x2dfdB0x232fB0x15e2	[0x3cd6, [0x474f, nil]]
0x478eS0x467aS0x3ca2B0x2dfdB0x232fB0x15e2	[0x3cd6, [0x474f, nil]]
0x4791S0x467aS0x3ca2B0x2dfdB0x232fB0x15e2	[0x3cd6, [0x474f, nil]]
0x5a56S0x467aS0x3ca2B0x2dfdB0x232fB0x15e2	[0x3cd6, [0x474f, nil]]
0x5a59S0x467aS0x3ca2B0x2dfdB0x232fB0x15e2	[0x3cd6, [0x474f, nil]]
0x5a5aS0x467aS0x3ca2B0x2dfdB0x232fB0x15e2	[0x3cd6, [0x474f, nil]]
0x5a5fS0x467aS0x3ca2B0x2dfdB0x232fB0x15e2	[0x3cd6, [0x474f, nil]]
0x5a62S0x467aS0x3ca2B0x2dfdB0x232fB0x15e2	[0x3cd6, [0x474f, nil]]
0x5a63S0x467aS0x3ca2B0x2dfdB0x232fB0x15e2	[0x3cd6, [0x474f, nil]]
0x5a66S0x467aS0x3ca2B0x2dfdB0x232fB0x15e2	[0x3cd6, [0x474f, nil]]
0x47b4S0x467aS0x3ca2B0x2dfdB0x232fB0x15e2	[0x3cd6, [0x474f, nil]]
0x3a430S0x467aS0x3ca2B0x2dfdB0x232fB0x15e2	[0x3cd6, [0x474f, nil]]
0x3a450S0x467aS0x3ca2B0x2dfdB0x232fB0x15e2	[0x3cd6, [0x474f, nil]]
0x47beS0x467aS0x3ca2B0x2dfdB0x232fB0x15e2	[0x3cd6, [0x474f, nil]]
0x47c5S0x467aS0x3ca2B0x2dfdB0x232fB0x15e2	[0x3cd6, [0x474f, nil]]
0x47b8_0x1S0x467aS0x3ca2B0x2dfdB0x232fB0x15e2	[0x3cd6, [0x474f, nil]]
0x47c8S0x467aS0x3ca2B0x2dfdB0x232fB0x15e2	[0x3cd6, [0x474f, nil]]
0x47d3S0x467aS0x3ca2B0x2dfdB0x232fB0x15e2	[0x3cd6, [0x474f, nil]]
0x5a6bS0x467aS0x3ca2B0x2dfdB0x232fB0x15e2	[0x3cd6, [0x474f, nil]]
0x5a70S0x467aS0x3ca2B0x2dfdB0x232fB0x15e2	[0x3cd6, [0x474f, nil]]
0x498cS0x5a55S0x467aS0x3ca2B0x2dfdB0x232fB0x15e2	[0x3cd6, [0x474f, [0x496e, nil]]]
0x498fS0x5a55S0x467aS0x3ca2B0x2dfdB0x232fB0x15e2	[0x3cd6, [0x474f, [0x496e, nil]]]
0x4991S0x5a55S0x467aS0x3ca2B0x2dfdB0x232fB0x15e2	[0x3cd6, [0x474f, [0x496e, nil]]]
0x4990S0x5a55S0x467aS0x3ca2B0x2dfdB0x232fB0x15e2	[0x3cd6, [0x474f, [0x496e, nil]]]
0x4974S0x5a55S0x467aS0x3ca2B0x2dfdB0x232fB0x15e2	[0x3cd6, [0x474f, [0x496e, nil]]]
0x4975S0x5a55S0x467aS0x3ca2B0x2dfdB0x232fB0x15e2	[0x3cd6, [0x474f, [0x496e, nil]]]
0x4976S0x5a55S0x467aS0x3ca2B0x2dfdB0x232fB0x15e2	[0x3cd6, [0x474f, [0x496e, nil]]]
0x4971_0x0S0x5a55S0x467aS0x3ca2B0x2dfdB0x232fB0x15e2	[0x3cd6, [0x474f, [0x496e, nil]]]
0x4979S0x5a55S0x467aS0x3ca2B0x2dfdB0x232fB0x15e2	[0x3cd6, [0x474f, [0x496e, nil]]]
0x496fS0x5a55S0x467aS0x3ca2B0x2dfdB0x232fB0x15e2	[0x3cd6, [0x474f, [0x496e, nil]]]
0x3b830S0x5a55S0x467aS0x3ca2B0x2dfdB0x232fB0x15e2	[0x3cd6, [0x474f, [0x496e, nil]]]
0x3b850S0x5a55S0x467aS0x3ca2B0x2dfdB0x232fB0x15e2	[0x3cd6, [0x474f, [0x496e, nil]]]
0x497cS0x5a55S0x467aS0x3ca2B0x2dfdB0x232fB0x15e2	[0x3cd6, [0x474f, [0x496e, nil]]]
0x497dS0x5a55S0x467aS0x3ca2B0x2dfdB0x232fB0x15e2	[0x3cd6, [0x474f, [0x496e, nil]]]
0x4980S0x5a55S0x467aS0x3ca2B0x2dfdB0x232fB0x15e2	[0x3cd6, [0x474f, [0x496e, nil]]]
0x4982S0x5a55S0x467aS0x3ca2B0x2dfdB0x232fB0x15e2	[0x3cd6, [0x474f, [0x496e, nil]]]
0x4984S0x5a55S0x467aS0x3ca2B0x2dfdB0x232fB0x15e2	[0x3cd6, [0x474f, [0x496e, nil]]]
0x4985S0x5a55S0x467aS0x3ca2B0x2dfdB0x232fB0x15e2	[0x3cd6, [0x474f, [0x496e, nil]]]
0x497a_0x0S0x5a55S0x467aS0x3ca2B0x2dfdB0x232fB0x15e2	[0x3cd6, [0x474f, [0x496e, nil]]]
0x4988S0x5a55S0x467aS0x3ca2B0x2dfdB0x232fB0x15e2	[0x3cd6, [0x474f, [0x496e, nil]]]
0x4981S0x5a55S0x467aS0x3ca2B0x2dfdB0x232fB0x15e2	[0x3cd6, [0x474f, [0x496e, nil]]]
0x47e6S0x47b8S0x467aS0x3ca2B0x2dfdB0x232fB0x15e2	[0x3cd6, [0x474f, [0x47d4, nil]]]
0x47e8S0x47b8S0x467aS0x3ca2B0x2dfdB0x232fB0x15e2	[0x3cd6, [0x474f, [0x47d4, nil]]]
0x47eaS0x47b8S0x467aS0x3ca2B0x2dfdB0x232fB0x15e2	[0x3cd6, [0x474f, [0x47d4, nil]]]
0x47ecS0x47b8S0x467aS0x3ca2B0x2dfdB0x232fB0x15e2	[0x3cd6, [0x474f, [0x47d4, nil]]]
0x47edS0x47b8S0x467aS0x3ca2B0x2dfdB0x232fB0x15e2	[0x3cd6, [0x474f, [0x47d4, nil]]]
0x47efS0x47b8S0x467aS0x3ca2B0x2dfdB0x232fB0x15e2	[0x3cd6, [0x474f, [0x47d4, nil]]]
0x47f0S0x47b8S0x467aS0x3ca2B0x2dfdB0x232fB0x15e2	[0x3cd6, [0x474f, [0x47d4, nil]]]
0x47f1S0x47b8S0x467aS0x3ca2B0x2dfdB0x232fB0x15e2	[0x3cd6, [0x474f, [0x47d4, nil]]]
0x47f4S0x47b8S0x467aS0x3ca2B0x2dfdB0x232fB0x15e2	[0x3cd6, [0x474f, [0x47d4, nil]]]
0x47f5S0x47b8S0x467aS0x3ca2B0x2dfdB0x232fB0x15e2	[0x3cd6, [0x474f, [0x47d4, nil]]]
0x47f7S0x47b8S0x467aS0x3ca2B0x2dfdB0x232fB0x15e2	[0x3cd6, [0x474f, [0x47d4, nil]]]
0x47f8S0x47b8S0x467aS0x3ca2B0x2dfdB0x232fB0x15e2	[0x3cd6, [0x474f, [0x47d4, nil]]]
0x47fcS0x47b8S0x467aS0x3ca2B0x2dfdB0x232fB0x15e2	[0x3cd6, [0x474f, [0x47d4, nil]]]
0x47feS0x47b8S0x467aS0x3ca2B0x2dfdB0x232fB0x15e2	[0x3cd6, [0x474f, [0x47d4, nil]]]
0x4801S0x47b8S0x467aS0x3ca2B0x2dfdB0x232fB0x15e2	[0x3cd6, [0x474f, [0x47d4, nil]]]
0x4803S0x47b8S0x467aS0x3ca2B0x2dfdB0x232fB0x15e2	[0x3cd6, [0x474f, [0x47d4, nil]]]
0x4806S0x47b8S0x467aS0x3ca2B0x2dfdB0x232fB0x15e2	[0x3cd6, [0x474f, [0x47d4, nil]]]
0x4808S0x47b8S0x467aS0x3ca2B0x2dfdB0x232fB0x15e2	[0x3cd6, [0x474f, [0x47d4, nil]]]
0x480aS0x47b8S0x467aS0x3ca2B0x2dfdB0x232fB0x15e2	[0x3cd6, [0x474f, [0x47d4, nil]]]
0x480dS0x47b8S0x467aS0x3ca2B0x2dfdB0x232fB0x15e2	[0x3cd6, [0x474f, [0x47d4, nil]]]
0x480fS0x47b8S0x467aS0x3ca2B0x2dfdB0x232fB0x15e2	[0x3cd6, [0x474f, [0x47d4, nil]]]
0x4830S0x47b8S0x467aS0x3ca2B0x2dfdB0x232fB0x15e2	[0x3cd6, [0x474f, [0x47d4, nil]]]
0x4833S0x47b8S0x467aS0x3ca2B0x2dfdB0x232fB0x15e2	[0x3cd6, [0x474f, [0x47d4, nil]]]
0x4835S0x47b8S0x467aS0x3ca2B0x2dfdB0x232fB0x15e2	[0x3cd6, [0x474f, [0x47d4, nil]]]
0x4837S0x47b8S0x467aS0x3ca2B0x2dfdB0x232fB0x15e2	[0x3cd6, [0x474f, [0x47d4, nil]]]
0x4838S0x47b8S0x467aS0x3ca2B0x2dfdB0x232fB0x15e2	[0x3cd6, [0x474f, [0x47d4, nil]]]
0x483bS0x47b8S0x467aS0x3ca2B0x2dfdB0x232fB0x15e2	[0x3cd6, [0x474f, [0x47d4, nil]]]
0x4800S0x47b8S0x467aS0x3ca2B0x2dfdB0x232fB0x15e2	[0x3cd6, [0x474f, [0x47d4, nil]]]
0x4807S0x47b8S0x467aS0x3ca2B0x2dfdB0x232fB0x15e2	[0x3cd6, [0x474f, [0x47d4, nil]]]
0x480eS0x47b8S0x467aS0x3ca2B0x2dfdB0x232fB0x15e2	[0x3cd6, [0x474f, [0x47d4, nil]]]
0x4834S0x47b8S0x467aS0x3ca2B0x2dfdB0x232fB0x15e2	[0x3cd6, [0x474f, [0x47d4, nil]]]
0x47d5S0x47b8S0x467aS0x3ca2B0x2dfdB0x232fB0x15e2	[0x3cd6, [0x474f, [0x47d4, nil]]]
0x47d8S0x47b8S0x467aS0x3ca2B0x2dfdB0x232fB0x15e2	[0x3cd6, [0x474f, [0x47d4, nil]]]
0x47d9S0x47b8S0x467aS0x3ca2B0x2dfdB0x232fB0x15e2	[0x3cd6, [0x474f, [0x47d4, nil]]]
0x47dcS0x47b8S0x467aS0x3ca2B0x2dfdB0x232fB0x15e2	[0x3cd6, [0x474f, [0x47d4, nil]]]
0x4844S0x47b8S0x467aS0x3ca2B0x2dfdB0x232fB0x15e2	[0x3cd6, [0x474f, [0x47d4, nil]]]
0x484aS0x47b8S0x467aS0x3ca2B0x2dfdB0x232fB0x15e2	[0x3cd6, [0x474f, [0x47d4, nil]]]
0x484bS0x47b8S0x467aS0x3ca2B0x2dfdB0x232fB0x15e2	[0x3cd6, [0x474f, [0x47d4, nil]]]
0x484cS0x47b8S0x467aS0x3ca2B0x2dfdB0x232fB0x15e2	[0x3cd6, [0x474f, [0x47d4, nil]]]
0x484fS0x47b8S0x467aS0x3ca2B0x2dfdB0x232fB0x15e2	[0x3cd6, [0x474f, [0x47d4, nil]]]
0x10017bS0x47b8S0x467aS0x3ca2B0x2dfdB0x232fB0x15e2	[0x3cd6, [0x474f, [0x47d4, nil]]]
0x10017eS0x47b8S0x467aS0x3ca2B0x2dfdB0x232fB0x15e2	[0x3cd6, [0x474f, [0x47d4, nil]]]
0x1001a1S0x47b8S0x467aS0x3ca2B0x2dfdB0x232fB0x15e2	[0x3cd6, [0x474f, [0x47d4, nil]]]
0x1001a4S0x47b8S0x467aS0x3ca2B0x2dfdB0x232fB0x15e2	[0x3cd6, [0x474f, [0x47d4, nil]]]
0xc0e6S0x47b8S0x467aS0x3ca2B0x2dfdB0x232fB0x15e2	[0x3cd6, [0x474f, [0x47d4, nil]]]
0xc0e8S0x47b8S0x467aS0x3ca2B0x2dfdB0x232fB0x15e2	[0x3cd6, [0x474f, [0x47d4, nil]]]
0xc0ebS0x47b8S0x467aS0x3ca2B0x2dfdB0x232fB0x15e2	[0x3cd6, [0x474f, [0x47d4, nil]]]
0xc0edS0x47b8S0x467aS0x3ca2B0x2dfdB0x232fB0x15e2	[0x3cd6, [0x474f, [0x47d4, nil]]]
0x485aS0x47b8S0x467aS0x3ca2B0x2dfdB0x232fB0x15e2	[0x3cd6, [0x474f, [0x47d4, nil]]]
0x485cS0x47b8S0x467aS0x3ca2B0x2dfdB0x232fB0x15e2	[0x3cd6, [0x474f, [0x47d4, nil]]]
0x485dS0x47b8S0x467aS0x3ca2B0x2dfdB0x232fB0x15e2	[0x3cd6, [0x474f, [0x47d4, nil]]]
0x4861S0x47b8S0x467aS0x3ca2B0x2dfdB0x232fB0x15e2	[0x3cd6, [0x474f, [0x47d4, nil]]]
0x4863S0x47b8S0x467aS0x3ca2B0x2dfdB0x232fB0x15e2	[0x3cd6, [0x474f, [0x47d4, nil]]]
0x4866S0x47b8S0x467aS0x3ca2B0x2dfdB0x232fB0x15e2	[0x3cd6, [0x474f, [0x47d4, nil]]]
0x4868S0x47b8S0x467aS0x3ca2B0x2dfdB0x232fB0x15e2	[0x3cd6, [0x474f, [0x47d4, nil]]]
0x4869S0x47b8S0x467aS0x3ca2B0x2dfdB0x232fB0x15e2	[0x3cd6, [0x474f, [0x47d4, nil]]]
0x486eS0x47b8S0x467aS0x3ca2B0x2dfdB0x232fB0x15e2	[0x3cd6, [0x474f, [0x47d4, nil]]]
0x4871S0x47b8S0x467aS0x3ca2B0x2dfdB0x232fB0x15e2	[0x3cd6, [0x474f, [0x47d4, nil]]]
0x4865S0x47b8S0x467aS0x3ca2B0x2dfdB0x232fB0x15e2	[0x3cd6, [0x474f, [0x47d4, nil]]]
0x100213S0x47b8S0x467aS0x3ca2B0x2dfdB0x232fB0x15e2	[0x3cd6, [0x474f, [0x47d4, nil]]]
0x100215S0x47b8S0x467aS0x3ca2B0x2dfdB0x232fB0x15e2	[0x3cd6, [0x474f, [0x47d4, nil]]]
0x100218S0x47b8S0x467aS0x3ca2B0x2dfdB0x232fB0x15e2	[0x3cd6, [0x474f, [0x47d4, nil]]]
0x10021aS0x47b8S0x467aS0x3ca2B0x2dfdB0x232fB0x15e2	[0x3cd6, [0x474f, [0x47d4, nil]]]
0x101204S0x47b8S0x467aS0x3ca2B0x2dfdB0x232fB0x15e2	[0x3cd6, [0x474f, [0x47d4, nil]]]
0x10122bS0x47b8S0x467aS0x3ca2B0x2dfdB0x232fB0x15e2	[0x3cd6, [0x474f, [0x47d4, nil]]]
0x47deS0x47b8S0x467aS0x3ca2B0x2dfdB0x232fB0x15e2	[0x3cd6, [0x474f, [0x47d4, nil]]]
0x47dfS0x47b8S0x467aS0x3ca2B0x2dfdB0x232fB0x15e2	[0x3cd6, [0x474f, [0x47d4, nil]]]
0x47e1S0x47b8S0x467aS0x3ca2B0x2dfdB0x232fB0x15e2	[0x3cd6, [0x474f, [0x47d4, nil]]]
0x47e2S0x47b8S0x467aS0x3ca2B0x2dfdB0x232fB0x15e2	[0x3cd6, [0x474f, [0x47d4, nil]]]
0x47e5S0x47b8S0x467aS0x3ca2B0x2dfdB0x232fB0x15e2	[0x3cd6, [0x474f, [0x47d4, nil]]]
0x4851S0x47b8S0x467aS0x3ca2B0x2dfdB0x232fB0x15e2	[0x3cd6, [0x474f, [0x47d4, nil]]]
0x4854S0x47b8S0x467aS0x3ca2B0x2dfdB0x232fB0x15e2	[0x3cd6, [0x474f, [0x47d4, nil]]]
0x4856S0x47b8S0x467aS0x3ca2B0x2dfdB0x232fB0x15e2	[0x3cd6, [0x474f, [0x47d4, nil]]]
0x4857S0x47b8S0x467aS0x3ca2B0x2dfdB0x232fB0x15e2	[0x3cd6, [0x474f, [0x47d4, nil]]]
0x49bfS0x4858S0x47b8S0x467aS0x3ca2B0x2dfdB0x232fB0x15e2	[0x3cd6, [0x474f, [0x47d4, [0x49be, nil]]]]
0x49c3S0x4858S0x47b8S0x467aS0x3ca2B0x2dfdB0x232fB0x15e2	[0x3cd6, [0x474f, [0x47d4, [0x49be, nil]]]]
0x49c5S0x4858S0x47b8S0x467aS0x3ca2B0x2dfdB0x232fB0x15e2	[0x3cd6, [0x474f, [0x47d4, [0x49be, nil]]]]
0x49c8S0x4858S0x47b8S0x467aS0x3ca2B0x2dfdB0x232fB0x15e2	[0x3cd6, [0x474f, [0x47d4, [0x49be, nil]]]]
0x49cbS0x4858S0x47b8S0x467aS0x3ca2B0x2dfdB0x232fB0x15e2	[0x3cd6, [0x474f, [0x47d4, [0x49be, nil]]]]
0x49cdS0x4858S0x47b8S0x467aS0x3ca2B0x2dfdB0x232fB0x15e2	[0x3cd6, [0x474f, [0x47d4, [0x49be, nil]]]]
0x49d0S0x4858S0x47b8S0x467aS0x3ca2B0x2dfdB0x232fB0x15e2	[0x3cd6, [0x474f, [0x47d4, [0x49be, nil]]]]
0x49c2S0x4858S0x47b8S0x467aS0x3ca2B0x2dfdB0x232fB0x15e2	[0x3cd6, [0x474f, [0x47d4, [0x49be, nil]]]]
0x10031eS0x4858S0x47b8S0x467aS0x3ca2B0x2dfdB0x232fB0x15e2	[0x3cd6, [0x474f, [0x47d4, [0x49be, nil]]]]
0x49abS0x49beS0x4858S0x47b8S0x467aS0x3ca2B0x2dfdB0x232fB0x15e2	[0x3cd6, [0x474f, [0x47d4, [0x49be, [0x4992, nil]]]]]
0x49adS0x49beS0x4858S0x47b8S0x467aS0x3ca2B0x2dfdB0x232fB0x15e2	[0x3cd6, [0x474f, [0x47d4, [0x49be, [0x4992, nil]]]]]
0x49aeS0x49beS0x4858S0x47b8S0x467aS0x3ca2B0x2dfdB0x232fB0x15e2	[0x3cd6, [0x474f, [0x47d4, [0x49be, [0x4992, nil]]]]]
0x49b0S0x49beS0x4858S0x47b8S0x467aS0x3ca2B0x2dfdB0x232fB0x15e2	[0x3cd6, [0x474f, [0x47d4, [0x49be, [0x4992, nil]]]]]
0x49b1S0x49beS0x4858S0x47b8S0x467aS0x3ca2B0x2dfdB0x232fB0x15e2	[0x3cd6, [0x474f, [0x47d4, [0x49be, [0x4992, nil]]]]]
0x49b5S0x49beS0x4858S0x47b8S0x467aS0x3ca2B0x2dfdB0x232fB0x15e2	[0x3cd6, [0x474f, [0x47d4, [0x49be, [0x4992, nil]]]]]
0x49b6S0x49beS0x4858S0x47b8S0x467aS0x3ca2B0x2dfdB0x232fB0x15e2	[0x3cd6, [0x474f, [0x47d4, [0x49be, [0x4992, nil]]]]]
0x49b8S0x49beS0x4858S0x47b8S0x467aS0x3ca2B0x2dfdB0x232fB0x15e2	[0x3cd6, [0x474f, [0x47d4, [0x49be, [0x4992, nil]]]]]
0x49bdS0x49beS0x4858S0x47b8S0x467aS0x3ca2B0x2dfdB0x232fB0x15e2	[0x3cd6, [0x474f, [0x47d4, [0x49be, [0x4992, nil]]]]]
0x4993S0x49beS0x4858S0x47b8S0x467aS0x3ca2B0x2dfdB0x232fB0x15e2	[0x3cd6, [0x474f, [0x47d4, [0x49be, [0x4992, nil]]]]]
0x4996S0x49beS0x4858S0x47b8S0x467aS0x3ca2B0x2dfdB0x232fB0x15e2	[0x3cd6, [0x474f, [0x47d4, [0x49be, [0x4992, nil]]]]]
0x499aS0x49beS0x4858S0x47b8S0x467aS0x3ca2B0x2dfdB0x232fB0x15e2	[0x3cd6, [0x474f, [0x47d4, [0x49be, [0x4992, nil]]]]]
0x499eS0x49beS0x4858S0x47b8S0x467aS0x3ca2B0x2dfdB0x232fB0x15e2	[0x3cd6, [0x474f, [0x47d4, [0x49be, [0x4992, nil]]]]]
0x49a1S0x49beS0x4858S0x47b8S0x467aS0x3ca2B0x2dfdB0x232fB0x15e2	[0x3cd6, [0x474f, [0x47d4, [0x49be, [0x4992, nil]]]]]
0x49a2S0x49beS0x4858S0x47b8S0x467aS0x3ca2B0x2dfdB0x232fB0x15e2	[0x3cd6, [0x474f, [0x47d4, [0x49be, [0x4992, nil]]]]]
0x49a5S0x49beS0x4858S0x47b8S0x467aS0x3ca2B0x2dfdB0x232fB0x15e2	[0x3cd6, [0x474f, [0x47d4, [0x49be, [0x4992, nil]]]]]
0x49a6S0x49beS0x4858S0x47b8S0x467aS0x3ca2B0x2dfdB0x232fB0x15e2	[0x3cd6, [0x474f, [0x47d4, [0x49be, [0x4992, nil]]]]]
0x49a9S0x49beS0x4858S0x47b8S0x467aS0x3ca2B0x2dfdB0x232fB0x15e2	[0x3cd6, [0x474f, [0x47d4, [0x49be, [0x4992, nil]]]]]
0x4999S0x49beS0x4858S0x47b8S0x467aS0x3ca2B0x2dfdB0x232fB0x15e2	[0x3cd6, [0x474f, [0x47d4, [0x49be, [0x4992, nil]]]]]
0x498cS0x4992S0x49beS0x4858S0x47b8S0x467aS0x3ca2B0x2dfdB0x232fB0x15e2	[0x3cd6, [0x474f, [0x47d4, [0x49be, [0x4992, [0x496e, nil]]]]]]
0x498fS0x4992S0x49beS0x4858S0x47b8S0x467aS0x3ca2B0x2dfdB0x232fB0x15e2	[0x3cd6, [0x474f, [0x47d4, [0x49be, [0x4992, [0x496e, nil]]]]]]
0x4991S0x4992S0x49beS0x4858S0x47b8S0x467aS0x3ca2B0x2dfdB0x232fB0x15e2	[0x3cd6, [0x474f, [0x47d4, [0x49be, [0x4992, [0x496e, nil]]]]]]
0x4990S0x4992S0x49beS0x4858S0x47b8S0x467aS0x3ca2B0x2dfdB0x232fB0x15e2	[0x3cd6, [0x474f, [0x47d4, [0x49be, [0x4992, [0x496e, nil]]]]]]
0x4974S0x4992S0x49beS0x4858S0x47b8S0x467aS0x3ca2B0x2dfdB0x232fB0x15e2	[0x3cd6, [0x474f, [0x47d4, [0x49be, [0x4992, [0x496e, nil]]]]]]
0x4975S0x4992S0x49beS0x4858S0x47b8S0x467aS0x3ca2B0x2dfdB0x232fB0x15e2	[0x3cd6, [0x474f, [0x47d4, [0x49be, [0x4992, [0x496e, nil]]]]]]
0x4976S0x4992S0x49beS0x4858S0x47b8S0x467aS0x3ca2B0x2dfdB0x232fB0x15e2	[0x3cd6, [0x474f, [0x47d4, [0x49be, [0x4992, [0x496e, nil]]]]]]
0x4971_0x0S0x4992S0x49beS0x4858S0x47b8S0x467aS0x3ca2B0x2dfdB0x232fB0x15e2	[0x3cd6, [0x474f, [0x47d4, [0x49be, [0x4992, [0x496e, nil]]]]]]
0x4979S0x4992S0x49beS0x4858S0x47b8S0x467aS0x3ca2B0x2dfdB0x232fB0x15e2	[0x3cd6, [0x474f, [0x47d4, [0x49be, [0x4992, [0x496e, nil]]]]]]
0x496fS0x4992S0x49beS0x4858S0x47b8S0x467aS0x3ca2B0x2dfdB0x232fB0x15e2	[0x3cd6, [0x474f, [0x47d4, [0x49be, [0x4992, [0x496e, nil]]]]]]
0x3b830S0x4992S0x49beS0x4858S0x47b8S0x467aS0x3ca2B0x2dfdB0x232fB0x15e2	[0x3cd6, [0x474f, [0x47d4, [0x49be, [0x4992, [0x496e, nil]]]]]]
0x3b850S0x4992S0x49beS0x4858S0x47b8S0x467aS0x3ca2B0x2dfdB0x232fB0x15e2	[0x3cd6, [0x474f, [0x47d4, [0x49be, [0x4992, [0x496e, nil]]]]]]
0x497cS0x4992S0x49beS0x4858S0x47b8S0x467aS0x3ca2B0x2dfdB0x232fB0x15e2	[0x3cd6, [0x474f, [0x47d4, [0x49be, [0x4992, [0x496e, nil]]]]]]
0x497dS0x4992S0x49beS0x4858S0x47b8S0x467aS0x3ca2B0x2dfdB0x232fB0x15e2	[0x3cd6, [0x474f, [0x47d4, [0x49be, [0x4992, [0x496e, nil]]]]]]
0x4980S0x4992S0x49beS0x4858S0x47b8S0x467aS0x3ca2B0x2dfdB0x232fB0x15e2	[0x3cd6, [0x474f, [0x47d4, [0x49be, [0x4992, [0x496e, nil]]]]]]
0x4982S0x4992S0x49beS0x4858S0x47b8S0x467aS0x3ca2B0x2dfdB0x232fB0x15e2	[0x3cd6, [0x474f, [0x47d4, [0x49be, [0x4992, [0x496e, nil]]]]]]
0x4984S0x4992S0x49beS0x4858S0x47b8S0x467aS0x3ca2B0x2dfdB0x232fB0x15e2	[0x3cd6, [0x474f, [0x47d4, [0x49be, [0x4992, [0x496e, nil]]]]]]
0x4985S0x4992S0x49beS0x4858S0x47b8S0x467aS0x3ca2B0x2dfdB0x232fB0x15e2	[0x3cd6, [0x474f, [0x47d4, [0x49be, [0x4992, [0x496e, nil]]]]]]
0x497a_0x0S0x4992S0x49beS0x4858S0x47b8S0x467aS0x3ca2B0x2dfdB0x232fB0x15e2	[0x3cd6, [0x474f, [0x47d4, [0x49be, [0x4992, [0x496e, nil]]]]]]
0x4988S0x4992S0x49beS0x4858S0x47b8S0x467aS0x3ca2B0x2dfdB0x232fB0x15e2	[0x3cd6, [0x474f, [0x47d4, [0x49be, [0x4992, [0x496e, nil]]]]]]
0x4981S0x4992S0x49beS0x4858S0x47b8S0x467aS0x3ca2B0x2dfdB0x232fB0x15e2	[0x3cd6, [0x474f, [0x47d4, [0x49be, [0x4992, [0x496e, nil]]]]]]
0x46f5S0x3ca2B0x3eeaB0x232fB0x15e2	[0x3cd6, nil]
0x46f7S0x3ca2B0x3eeaB0x232fB0x15e2	[0x3cd6, nil]
0x46f8S0x3ca2B0x3eeaB0x232fB0x15e2	[0x3cd6, nil]
0x46fcS0x3ca2B0x3eeaB0x232fB0x15e2	[0x3cd6, nil]
0x46feS0x3ca2B0x3eeaB0x232fB0x15e2	[0x3cd6, nil]
0x4701S0x3ca2B0x3eeaB0x232fB0x15e2	[0x3cd6, nil]
0x4703S0x3ca2B0x3eeaB0x232fB0x15e2	[0x3cd6, nil]
0x4706S0x3ca2B0x3eeaB0x232fB0x15e2	[0x3cd6, nil]
0x4708S0x3ca2B0x3eeaB0x232fB0x15e2	[0x3cd6, nil]
0x470aS0x3ca2B0x3eeaB0x232fB0x15e2	[0x3cd6, nil]
0x470dS0x3ca2B0x3eeaB0x232fB0x15e2	[0x3cd6, nil]
0x470fS0x3ca2B0x3eeaB0x232fB0x15e2	[0x3cd6, nil]
0x4730S0x3ca2B0x3eeaB0x232fB0x15e2	[0x3cd6, nil]
0x4733S0x3ca2B0x3eeaB0x232fB0x15e2	[0x3cd6, nil]
0x4735S0x3ca2B0x3eeaB0x232fB0x15e2	[0x3cd6, nil]
0x4740S0x3ca2B0x3eeaB0x232fB0x15e2	[0x3cd6, nil]
0x4742S0x3ca2B0x3eeaB0x232fB0x15e2	[0x3cd6, nil]
0x4743S0x3ca2B0x3eeaB0x232fB0x15e2	[0x3cd6, nil]
0x4746S0x3ca2B0x3eeaB0x232fB0x15e2	[0x3cd6, nil]
0x4748S0x3ca2B0x3eeaB0x232fB0x15e2	[0x3cd6, nil]
0x474aS0x3ca2B0x3eeaB0x232fB0x15e2	[0x3cd6, nil]
0x474bS0x3ca2B0x3eeaB0x232fB0x15e2	[0x3cd6, nil]
0x474eS0x3ca2B0x3eeaB0x232fB0x15e2	[0x3cd6, nil]
0x4700S0x3ca2B0x3eeaB0x232fB0x15e2	[0x3cd6, nil]
0x4707S0x3ca2B0x3eeaB0x232fB0x15e2	[0x3cd6, nil]
0x470eS0x3ca2B0x3eeaB0x232fB0x15e2	[0x3cd6, nil]
0x4734S0x3ca2B0x3eeaB0x232fB0x15e2	[0x3cd6, nil]
0x4747S0x3ca2B0x3eeaB0x232fB0x15e2	[0x3cd6, nil]
0x467bS0x3ca2B0x3eeaB0x232fB0x15e2	[0x3cd6, nil]
0x467dS0x3ca2B0x3eeaB0x232fB0x15e2	[0x3cd6, nil]
0x4681S0x3ca2B0x3eeaB0x232fB0x15e2	[0x3cd6, nil]
0x4683S0x3ca2B0x3eeaB0x232fB0x15e2	[0x3cd6, nil]
0x4685S0x3ca2B0x3eeaB0x232fB0x15e2	[0x3cd6, nil]
0x4687S0x3ca2B0x3eeaB0x232fB0x15e2	[0x3cd6, nil]
0x4688S0x3ca2B0x3eeaB0x232fB0x15e2	[0x3cd6, nil]
0x468cS0x3ca2B0x3eeaB0x232fB0x15e2	[0x3cd6, nil]
0x4690S0x3ca2B0x3eeaB0x232fB0x15e2	[0x3cd6, nil]
0x4692S0x3ca2B0x3eeaB0x232fB0x15e2	[0x3cd6, nil]
0x4693S0x3ca2B0x3eeaB0x232fB0x15e2	[0x3cd6, nil]
0x46b8S0x3ca2B0x3eeaB0x232fB0x15e2	[0x3cd6, nil]
0x46baS0x3ca2B0x3eeaB0x232fB0x15e2	[0x3cd6, nil]
0x46bcS0x3ca2B0x3eeaB0x232fB0x15e2	[0x3cd6, nil]
0x46beS0x3ca2B0x3eeaB0x232fB0x15e2	[0x3cd6, nil]
0x46bfS0x3ca2B0x3eeaB0x232fB0x15e2	[0x3cd6, nil]
0x46c0S0x3ca2B0x3eeaB0x232fB0x15e2	[0x3cd6, nil]
0x46c1S0x3ca2B0x3eeaB0x232fB0x15e2	[0x3cd6, nil]
0x46c8S0x3ca2B0x3eeaB0x232fB0x15e2	[0x3cd6, nil]
0x46cdS0x3ca2B0x3eeaB0x232fB0x15e2	[0x3cd6, nil]
0x46ceS0x3ca2B0x3eeaB0x232fB0x15e2	[0x3cd6, nil]
0x468aS0x3ca2B0x3eeaB0x232fB0x15e2	[0x3cd6, nil]
0x468fS0x3ca2B0x3eeaB0x232fB0x15e2	[0x3cd6, nil]
0x46b5S0x3ca2B0x3eeaB0x232fB0x15e2	[0x3cd6, nil]
0x46d3S0x3ca2B0x3eeaB0x232fB0x15e2	[0x3cd6, nil]
0x46d4S0x3ca2B0x3eeaB0x232fB0x15e2	[0x3cd6, nil]
0x46d6S0x3ca2B0x3eeaB0x232fB0x15e2	[0x3cd6, nil]
0x46d8S0x3ca2B0x3eeaB0x232fB0x15e2	[0x3cd6, nil]
0x46dbS0x3ca2B0x3eeaB0x232fB0x15e2	[0x3cd6, nil]
0x46f1S0x3ca2B0x3eeaB0x232fB0x15e2	[0x3cd6, nil]
0x46f0_0x0S0x3ca2B0x3eeaB0x232fB0x15e2	[0x3cd6, nil]
0x46f4S0x3ca2B0x3eeaB0x232fB0x15e2	[0x3cd6, nil]
0x100131S0x3ca2B0x3eeaB0x232fB0x15e2	[0x3cd6, nil]
0xc0beS0x3ca2B0x3eeaB0x232fB0x15e2	[0x3cd6, nil]
0xc0c0S0x3ca2B0x3eeaB0x232fB0x15e2	[0x3cd6, nil]
0xc0c3S0x3ca2B0x3eeaB0x232fB0x15e2	[0x3cd6, nil]
0xc0c5S0x3ca2B0x3eeaB0x232fB0x15e2	[0x3cd6, nil]
0x3cd7S0x3ca2B0x3eeaB0x232fB0x15e2	[0x3cd6, nil]
0x3cdaS0x3ca2B0x3eeaB0x232fB0x15e2	[0x3cd6, nil]
0x3cdbS0x3ca2B0x3eeaB0x232fB0x15e2	[0x3cd6, nil]
0x3cddS0x3ca2B0x3eeaB0x232fB0x15e2	[0x3cd6, nil]
0x3ce0S0x3ca2B0x3eeaB0x232fB0x15e2	[0x3cd6, nil]
0x3ce1S0x3ca2B0x3eeaB0x232fB0x15e2	[0x3cd6, nil]
0x3ce7S0x3ca2B0x3eeaB0x232fB0x15e2	[0x3cd6, nil]
0x3ceaS0x3ca2B0x3eeaB0x232fB0x15e2	[0x3cd6, nil]
0x3cecS0x3ca2B0x3eeaB0x232fB0x15e2	[0x3cd6, nil]
0x3cedS0x3ca2B0x3eeaB0x232fB0x15e2	[0x3cd6, nil]
0x3cefS0x3ca2B0x3eeaB0x232fB0x15e2	[0x3cd6, nil]
0x3cf1S0x3ca2B0x3eeaB0x232fB0x15e2	[0x3cd6, nil]
0x3cf3S0x3ca2B0x3eeaB0x232fB0x15e2	[0x3cd6, nil]
0x3cf4S0x3ca2B0x3eeaB0x232fB0x15e2	[0x3cd6, nil]
0x3cf5S0x3ca2B0x3eeaB0x232fB0x15e2	[0x3cd6, nil]
0x3cf6S0x3ca2B0x3eeaB0x232fB0x15e2	[0x3cd6, nil]
0x3cf8S0x3ca2B0x3eeaB0x232fB0x15e2	[0x3cd6, nil]
0x3cfaS0x3ca2B0x3eeaB0x232fB0x15e2	[0x3cd6, nil]
0x3cfcS0x3ca2B0x3eeaB0x232fB0x15e2	[0x3cd6, nil]
0x3cfdS0x3ca2B0x3eeaB0x232fB0x15e2	[0x3cd6, nil]
0x3cfeS0x3ca2B0x3eeaB0x232fB0x15e2	[0x3cd6, nil]
0x3d01S0x3ca2B0x3eeaB0x232fB0x15e2	[0x3cd6, nil]
0x3d05S0x3ca2B0x3eeaB0x232fB0x15e2	[0x3cd6, nil]
0x3d09S0x3ca2B0x3eeaB0x232fB0x15e2	[0x3cd6, nil]
0x3d0cS0x3ca2B0x3eeaB0x232fB0x15e2	[0x3cd6, nil]
0x3ce3S0x3ca2B0x3eeaB0x232fB0x15e2	[0x3cd6, nil]
0x3ce6S0x3ca2B0x3eeaB0x232fB0x15e2	[0x3cd6, nil]
0x3d08S0x3ca2B0x3eeaB0x232fB0x15e2	[0x3cd6, nil]
0x46dfS0x3ca2B0x3eeaB0x232fB0x15e2	[0x3cd6, nil]
0x46e1S0x3ca2B0x3eeaB0x232fB0x15e2	[0x3cd6, nil]
0x46e3S0x3ca2B0x3eeaB0x232fB0x15e2	[0x3cd6, nil]
0x46e5S0x3ca2B0x3eeaB0x232fB0x15e2	[0x3cd6, nil]
0x46e7S0x3ca2B0x3eeaB0x232fB0x15e2	[0x3cd6, nil]
0x46ecS0x3ca2B0x3eeaB0x232fB0x15e2	[0x3cd6, nil]
0x46efS0x3ca2B0x3eeaB0x232fB0x15e2	[0x3cd6, nil]
0x5a46S0x46dcS0x3ca2B0x3eeaB0x232fB0x15e2	[0x3cd6, [0x5a38, nil]]
0x5a49S0x46dcS0x3ca2B0x3eeaB0x232fB0x15e2	[0x3cd6, [0x5a38, nil]]
0x5a39S0x46dcS0x3ca2B0x3eeaB0x232fB0x15e2	[0x3cd6, [0x5a38, nil]]
0x5a3bS0x46dcS0x3ca2B0x3eeaB0x232fB0x15e2	[0x3cd6, [0x5a38, nil]]
0x5a3fS0x46dcS0x3ca2B0x3eeaB0x232fB0x15e2	[0x3cd6, [0x5a38, nil]]
0x5a40S0x46dcS0x3ca2B0x3eeaB0x232fB0x15e2	[0x3cd6, [0x5a38, nil]]
0x5a41S0x46dcS0x3ca2B0x3eeaB0x232fB0x15e2	[0x3cd6, [0x5a38, nil]]
0x5a42S0x46dcS0x3ca2B0x3eeaB0x232fB0x15e2	[0x3cd6, [0x5a38, nil]]
0x5a45S0x46dcS0x3ca2B0x3eeaB0x232fB0x15e2	[0x3cd6, [0x5a38, nil]]
0x5a4cS0x46dcS0x3ca2B0x3eeaB0x232fB0x15e2	[0x3cd6, [0x5a38, nil]]
0x5a4dS0x46dcS0x3ca2B0x3eeaB0x232fB0x15e2	[0x3cd6, [0x5a38, nil]]
0x5a51S0x46dcS0x3ca2B0x3eeaB0x232fB0x15e2	[0x3cd6, [0x5a38, nil]]
0x5a54S0x46dcS0x3ca2B0x3eeaB0x232fB0x15e2	[0x3cd6, [0x5a38, nil]]
0x4d43S0x5a4aS0x46dcS0x3ca2B0x3eeaB0x232fB0x15e2	[0x3cd6, [0x5a38, [0x4d39, nil]]]
0x4d46S0x5a4aS0x46dcS0x3ca2B0x3eeaB0x232fB0x15e2	[0x3cd6, [0x5a38, [0x4d39, nil]]]
0x4d3bS0x5a4aS0x46dcS0x3ca2B0x3eeaB0x232fB0x15e2	[0x3cd6, [0x5a38, [0x4d39, nil]]]
0x4d3cS0x5a4aS0x46dcS0x3ca2B0x3eeaB0x232fB0x15e2	[0x3cd6, [0x5a38, [0x4d39, nil]]]
0x4d3eS0x5a4aS0x46dcS0x3ca2B0x3eeaB0x232fB0x15e2	[0x3cd6, [0x5a38, [0x4d39, nil]]]
0x4d3fS0x5a4aS0x46dcS0x3ca2B0x3eeaB0x232fB0x15e2	[0x3cd6, [0x5a38, [0x4d39, nil]]]
0x4d42S0x5a4aS0x46dcS0x3ca2B0x3eeaB0x232fB0x15e2	[0x3cd6, [0x5a38, [0x4d39, nil]]]
0x100819S0x46dcS0x3ca2B0x3eeaB0x232fB0x15e2	[0x3cd6, [0x5a38, nil]]
0x10048aS0x5a4aS0x46dcS0x3ca2B0x3eeaB0x232fB0x15e2	[0x3cd6, [0x5a38, [0x4d39, nil]]]
0x4792S0x467aS0x3ca2B0x3eeaB0x232fB0x15e2	[0x3cd6, [0x474f, nil]]
0x4794S0x467aS0x3ca2B0x3eeaB0x232fB0x15e2	[0x3cd6, [0x474f, nil]]
0x4797S0x467aS0x3ca2B0x3eeaB0x232fB0x15e2	[0x3cd6, [0x474f, nil]]
0x4799S0x467aS0x3ca2B0x3eeaB0x232fB0x15e2	[0x3cd6, [0x474f, nil]]
0x479aS0x467aS0x3ca2B0x3eeaB0x232fB0x15e2	[0x3cd6, [0x474f, nil]]
0x479cS0x467aS0x3ca2B0x3eeaB0x232fB0x15e2	[0x3cd6, [0x474f, nil]]
0x479dS0x467aS0x3ca2B0x3eeaB0x232fB0x15e2	[0x3cd6, [0x474f, nil]]
0x479eS0x467aS0x3ca2B0x3eeaB0x232fB0x15e2	[0x3cd6, [0x474f, nil]]
0x47a0S0x467aS0x3ca2B0x3eeaB0x232fB0x15e2	[0x3cd6, [0x474f, nil]]
0x47a1S0x467aS0x3ca2B0x3eeaB0x232fB0x15e2	[0x3cd6, [0x474f, nil]]
0x47a4S0x467aS0x3ca2B0x3eeaB0x232fB0x15e2	[0x3cd6, [0x474f, nil]]
0x47a7S0x467aS0x3ca2B0x3eeaB0x232fB0x15e2	[0x3cd6, [0x474f, nil]]
0x47a8S0x467aS0x3ca2B0x3eeaB0x232fB0x15e2	[0x3cd6, [0x474f, nil]]
0x47aaS0x467aS0x3ca2B0x3eeaB0x232fB0x15e2	[0x3cd6, [0x474f, nil]]
0x47adS0x467aS0x3ca2B0x3eeaB0x232fB0x15e2	[0x3cd6, [0x474f, nil]]
0x47afS0x467aS0x3ca2B0x3eeaB0x232fB0x15e2	[0x3cd6, [0x474f, nil]]
0x47b2S0x467aS0x3ca2B0x3eeaB0x232fB0x15e2	[0x3cd6, [0x474f, nil]]
0x47a3S0x467aS0x3ca2B0x3eeaB0x232fB0x15e2	[0x3cd6, [0x474f, nil]]
0x47a6S0x467aS0x3ca2B0x3eeaB0x232fB0x15e2	[0x3cd6, [0x474f, nil]]
0x47aeS0x467aS0x3ca2B0x3eeaB0x232fB0x15e2	[0x3cd6, [0x474f, nil]]
0x4750S0x467aS0x3ca2B0x3eeaB0x232fB0x15e2	[0x3cd6, [0x474f, nil]]
0x4752S0x467aS0x3ca2B0x3eeaB0x232fB0x15e2	[0x3cd6, [0x474f, nil]]
0x4757S0x467aS0x3ca2B0x3eeaB0x232fB0x15e2	[0x3cd6, [0x474f, nil]]
0x475bS0x467aS0x3ca2B0x3eeaB0x232fB0x15e2	[0x3cd6, [0x474f, nil]]
0x475fS0x467aS0x3ca2B0x3eeaB0x232fB0x15e2	[0x3cd6, [0x474f, nil]]
0x4761S0x467aS0x3ca2B0x3eeaB0x232fB0x15e2	[0x3cd6, [0x474f, nil]]
0x4763S0x467aS0x3ca2B0x3eeaB0x232fB0x15e2	[0x3cd6, [0x474f, nil]]
0x4765S0x467aS0x3ca2B0x3eeaB0x232fB0x15e2	[0x3cd6, [0x474f, nil]]
0x4766S0x467aS0x3ca2B0x3eeaB0x232fB0x15e2	[0x3cd6, [0x474f, nil]]
0x4767S0x467aS0x3ca2B0x3eeaB0x232fB0x15e2	[0x3cd6, [0x474f, nil]]
0x476aS0x467aS0x3ca2B0x3eeaB0x232fB0x15e2	[0x3cd6, [0x474f, nil]]
0x476cS0x467aS0x3ca2B0x3eeaB0x232fB0x15e2	[0x3cd6, [0x474f, nil]]
0x476dS0x467aS0x3ca2B0x3eeaB0x232fB0x15e2	[0x3cd6, [0x474f, nil]]
0x4772S0x467aS0x3ca2B0x3eeaB0x232fB0x15e2	[0x3cd6, [0x474f, nil]]
0x4775S0x467aS0x3ca2B0x3eeaB0x232fB0x15e2	[0x3cd6, [0x474f, nil]]
0x100158S0x467aS0x3ca2B0x3eeaB0x232fB0x15e2	[0x3cd6, [0x474f, nil]]
0x4777S0x467aS0x3ca2B0x3eeaB0x232fB0x15e2	[0x3cd6, [0x474f, nil]]
0x4779S0x467aS0x3ca2B0x3eeaB0x232fB0x15e2	[0x3cd6, [0x474f, nil]]
0x477bS0x467aS0x3ca2B0x3eeaB0x232fB0x15e2	[0x3cd6, [0x474f, nil]]
0x477eS0x467aS0x3ca2B0x3eeaB0x232fB0x15e2	[0x3cd6, [0x474f, nil]]
0x4782S0x467aS0x3ca2B0x3eeaB0x232fB0x15e2	[0x3cd6, [0x474f, nil]]
0x4783S0x467aS0x3ca2B0x3eeaB0x232fB0x15e2	[0x3cd6, [0x474f, nil]]
0x4788S0x467aS0x3ca2B0x3eeaB0x232fB0x15e2	[0x3cd6, [0x474f, nil]]
0x478aS0x467aS0x3ca2B0x3eeaB0x232fB0x15e2	[0x3cd6, [0x474f, nil]]
0x478dS0x467aS0x3ca2B0x3eeaB0x232fB0x15e2	[0x3cd6, [0x474f, nil]]
0x478eS0x467aS0x3ca2B0x3eeaB0x232fB0x15e2	[0x3cd6, [0x474f, nil]]
0x4791S0x467aS0x3ca2B0x3eeaB0x232fB0x15e2	[0x3cd6, [0x474f, nil]]
0x5a56S0x467aS0x3ca2B0x3eeaB0x232fB0x15e2	[0x3cd6, [0x474f, nil]]
0x5a59S0x467aS0x3ca2B0x3eeaB0x232fB0x15e2	[0x3cd6, [0x474f, nil]]
0x5a5aS0x467aS0x3ca2B0x3eeaB0x232fB0x15e2	[0x3cd6, [0x474f, nil]]
0x5a5fS0x467aS0x3ca2B0x3eeaB0x232fB0x15e2	[0x3cd6, [0x474f, nil]]
0x5a62S0x467aS0x3ca2B0x3eeaB0x232fB0x15e2	[0x3cd6, [0x474f, nil]]
0x5a63S0x467aS0x3ca2B0x3eeaB0x232fB0x15e2	[0x3cd6, [0x474f, nil]]
0x5a66S0x467aS0x3ca2B0x3eeaB0x232fB0x15e2	[0x3cd6, [0x474f, nil]]
0x47b4S0x467aS0x3ca2B0x3eeaB0x232fB0x15e2	[0x3cd6, [0x474f, nil]]
0x3a430S0x467aS0x3ca2B0x3eeaB0x232fB0x15e2	[0x3cd6, [0x474f, nil]]
0x3a450S0x467aS0x3ca2B0x3eeaB0x232fB0x15e2	[0x3cd6, [0x474f, nil]]
0x47beS0x467aS0x3ca2B0x3eeaB0x232fB0x15e2	[0x3cd6, [0x474f, nil]]
0x47c5S0x467aS0x3ca2B0x3eeaB0x232fB0x15e2	[0x3cd6, [0x474f, nil]]
0x47b8_0x1S0x467aS0x3ca2B0x3eeaB0x232fB0x15e2	[0x3cd6, [0x474f, nil]]
0x47c8S0x467aS0x3ca2B0x3eeaB0x232fB0x15e2	[0x3cd6, [0x474f, nil]]
0x47d3S0x467aS0x3ca2B0x3eeaB0x232fB0x15e2	[0x3cd6, [0x474f, nil]]
0x5a6bS0x467aS0x3ca2B0x3eeaB0x232fB0x15e2	[0x3cd6, [0x474f, nil]]
0x5a70S0x467aS0x3ca2B0x3eeaB0x232fB0x15e2	[0x3cd6, [0x474f, nil]]
0x498cS0x5a55S0x467aS0x3ca2B0x3eeaB0x232fB0x15e2	[0x3cd6, [0x474f, [0x496e, nil]]]
0x498fS0x5a55S0x467aS0x3ca2B0x3eeaB0x232fB0x15e2	[0x3cd6, [0x474f, [0x496e, nil]]]
0x4991S0x5a55S0x467aS0x3ca2B0x3eeaB0x232fB0x15e2	[0x3cd6, [0x474f, [0x496e, nil]]]
0x4990S0x5a55S0x467aS0x3ca2B0x3eeaB0x232fB0x15e2	[0x3cd6, [0x474f, [0x496e, nil]]]
0x4974S0x5a55S0x467aS0x3ca2B0x3eeaB0x232fB0x15e2	[0x3cd6, [0x474f, [0x496e, nil]]]
0x4975S0x5a55S0x467aS0x3ca2B0x3eeaB0x232fB0x15e2	[0x3cd6, [0x474f, [0x496e, nil]]]
0x4976S0x5a55S0x467aS0x3ca2B0x3eeaB0x232fB0x15e2	[0x3cd6, [0x474f, [0x496e, nil]]]
0x4971_0x0S0x5a55S0x467aS0x3ca2B0x3eeaB0x232fB0x15e2	[0x3cd6, [0x474f, [0x496e, nil]]]
0x4979S0x5a55S0x467aS0x3ca2B0x3eeaB0x232fB0x15e2	[0x3cd6, [0x474f, [0x496e, nil]]]
0x496fS0x5a55S0x467aS0x3ca2B0x3eeaB0x232fB0x15e2	[0x3cd6, [0x474f, [0x496e, nil]]]
0x3b830S0x5a55S0x467aS0x3ca2B0x3eeaB0x232fB0x15e2	[0x3cd6, [0x474f, [0x496e, nil]]]
0x3b850S0x5a55S0x467aS0x3ca2B0x3eeaB0x232fB0x15e2	[0x3cd6, [0x474f, [0x496e, nil]]]
0x497cS0x5a55S0x467aS0x3ca2B0x3eeaB0x232fB0x15e2	[0x3cd6, [0x474f, [0x496e, nil]]]
0x497dS0x5a55S0x467aS0x3ca2B0x3eeaB0x232fB0x15e2	[0x3cd6, [0x474f, [0x496e, nil]]]
0x4980S0x5a55S0x467aS0x3ca2B0x3eeaB0x232fB0x15e2	[0x3cd6, [0x474f, [0x496e, nil]]]
0x4982S0x5a55S0x467aS0x3ca2B0x3eeaB0x232fB0x15e2	[0x3cd6, [0x474f, [0x496e, nil]]]
0x4984S0x5a55S0x467aS0x3ca2B0x3eeaB0x232fB0x15e2	[0x3cd6, [0x474f, [0x496e, nil]]]
0x4985S0x5a55S0x467aS0x3ca2B0x3eeaB0x232fB0x15e2	[0x3cd6, [0x474f, [0x496e, nil]]]
0x497a_0x0S0x5a55S0x467aS0x3ca2B0x3eeaB0x232fB0x15e2	[0x3cd6, [0x474f, [0x496e, nil]]]
0x4988S0x5a55S0x467aS0x3ca2B0x3eeaB0x232fB0x15e2	[0x3cd6, [0x474f, [0x496e, nil]]]
0x4981S0x5a55S0x467aS0x3ca2B0x3eeaB0x232fB0x15e2	[0x3cd6, [0x474f, [0x496e, nil]]]
0x47e6S0x47b8S0x467aS0x3ca2B0x3eeaB0x232fB0x15e2	[0x3cd6, [0x474f, [0x47d4, nil]]]
0x47e8S0x47b8S0x467aS0x3ca2B0x3eeaB0x232fB0x15e2	[0x3cd6, [0x474f, [0x47d4, nil]]]
0x47eaS0x47b8S0x467aS0x3ca2B0x3eeaB0x232fB0x15e2	[0x3cd6, [0x474f, [0x47d4, nil]]]
0x47ecS0x47b8S0x467aS0x3ca2B0x3eeaB0x232fB0x15e2	[0x3cd6, [0x474f, [0x47d4, nil]]]
0x47edS0x47b8S0x467aS0x3ca2B0x3eeaB0x232fB0x15e2	[0x3cd6, [0x474f, [0x47d4, nil]]]
0x47efS0x47b8S0x467aS0x3ca2B0x3eeaB0x232fB0x15e2	[0x3cd6, [0x474f, [0x47d4, nil]]]
0x47f0S0x47b8S0x467aS0x3ca2B0x3eeaB0x232fB0x15e2	[0x3cd6, [0x474f, [0x47d4, nil]]]
0x47f1S0x47b8S0x467aS0x3ca2B0x3eeaB0x232fB0x15e2	[0x3cd6, [0x474f, [0x47d4, nil]]]
0x47f4S0x47b8S0x467aS0x3ca2B0x3eeaB0x232fB0x15e2	[0x3cd6, [0x474f, [0x47d4, nil]]]
0x47f5S0x47b8S0x467aS0x3ca2B0x3eeaB0x232fB0x15e2	[0x3cd6, [0x474f, [0x47d4, nil]]]
0x47f7S0x47b8S0x467aS0x3ca2B0x3eeaB0x232fB0x15e2	[0x3cd6, [0x474f, [0x47d4, nil]]]
0x47f8S0x47b8S0x467aS0x3ca2B0x3eeaB0x232fB0x15e2	[0x3cd6, [0x474f, [0x47d4, nil]]]
0x47fcS0x47b8S0x467aS0x3ca2B0x3eeaB0x232fB0x15e2	[0x3cd6, [0x474f, [0x47d4, nil]]]
0x47feS0x47b8S0x467aS0x3ca2B0x3eeaB0x232fB0x15e2	[0x3cd6, [0x474f, [0x47d4, nil]]]
0x4801S0x47b8S0x467aS0x3ca2B0x3eeaB0x232fB0x15e2	[0x3cd6, [0x474f, [0x47d4, nil]]]
0x4803S0x47b8S0x467aS0x3ca2B0x3eeaB0x232fB0x15e2	[0x3cd6, [0x474f, [0x47d4, nil]]]
0x4806S0x47b8S0x467aS0x3ca2B0x3eeaB0x232fB0x15e2	[0x3cd6, [0x474f, [0x47d4, nil]]]
0x4808S0x47b8S0x467aS0x3ca2B0x3eeaB0x232fB0x15e2	[0x3cd6, [0x474f, [0x47d4, nil]]]
0x480aS0x47b8S0x467aS0x3ca2B0x3eeaB0x232fB0x15e2	[0x3cd6, [0x474f, [0x47d4, nil]]]
0x480dS0x47b8S0x467aS0x3ca2B0x3eeaB0x232fB0x15e2	[0x3cd6, [0x474f, [0x47d4, nil]]]
0x480fS0x47b8S0x467aS0x3ca2B0x3eeaB0x232fB0x15e2	[0x3cd6, [0x474f, [0x47d4, nil]]]
0x4830S0x47b8S0x467aS0x3ca2B0x3eeaB0x232fB0x15e2	[0x3cd6, [0x474f, [0x47d4, nil]]]
0x4833S0x47b8S0x467aS0x3ca2B0x3eeaB0x232fB0x15e2	[0x3cd6, [0x474f, [0x47d4, nil]]]
0x4835S0x47b8S0x467aS0x3ca2B0x3eeaB0x232fB0x15e2	[0x3cd6, [0x474f, [0x47d4, nil]]]
0x4837S0x47b8S0x467aS0x3ca2B0x3eeaB0x232fB0x15e2	[0x3cd6, [0x474f, [0x47d4, nil]]]
0x4838S0x47b8S0x467aS0x3ca2B0x3eeaB0x232fB0x15e2	[0x3cd6, [0x474f, [0x47d4, nil]]]
0x483bS0x47b8S0x467aS0x3ca2B0x3eeaB0x232fB0x15e2	[0x3cd6, [0x474f, [0x47d4, nil]]]
0x4800S0x47b8S0x467aS0x3ca2B0x3eeaB0x232fB0x15e2	[0x3cd6, [0x474f, [0x47d4, nil]]]
0x4807S0x47b8S0x467aS0x3ca2B0x3eeaB0x232fB0x15e2	[0x3cd6, [0x474f, [0x47d4, nil]]]
0x480eS0x47b8S0x467aS0x3ca2B0x3eeaB0x232fB0x15e2	[0x3cd6, [0x474f, [0x47d4, nil]]]
0x4834S0x47b8S0x467aS0x3ca2B0x3eeaB0x232fB0x15e2	[0x3cd6, [0x474f, [0x47d4, nil]]]
0x47d5S0x47b8S0x467aS0x3ca2B0x3eeaB0x232fB0x15e2	[0x3cd6, [0x474f, [0x47d4, nil]]]
0x47d8S0x47b8S0x467aS0x3ca2B0x3eeaB0x232fB0x15e2	[0x3cd6, [0x474f, [0x47d4, nil]]]
0x47d9S0x47b8S0x467aS0x3ca2B0x3eeaB0x232fB0x15e2	[0x3cd6, [0x474f, [0x47d4, nil]]]
0x47dcS0x47b8S0x467aS0x3ca2B0x3eeaB0x232fB0x15e2	[0x3cd6, [0x474f, [0x47d4, nil]]]
0x4844S0x47b8S0x467aS0x3ca2B0x3eeaB0x232fB0x15e2	[0x3cd6, [0x474f, [0x47d4, nil]]]
0x484aS0x47b8S0x467aS0x3ca2B0x3eeaB0x232fB0x15e2	[0x3cd6, [0x474f, [0x47d4, nil]]]
0x484bS0x47b8S0x467aS0x3ca2B0x3eeaB0x232fB0x15e2	[0x3cd6, [0x474f, [0x47d4, nil]]]
0x484cS0x47b8S0x467aS0x3ca2B0x3eeaB0x232fB0x15e2	[0x3cd6, [0x474f, [0x47d4, nil]]]
0x484fS0x47b8S0x467aS0x3ca2B0x3eeaB0x232fB0x15e2	[0x3cd6, [0x474f, [0x47d4, nil]]]
0x10017bS0x47b8S0x467aS0x3ca2B0x3eeaB0x232fB0x15e2	[0x3cd6, [0x474f, [0x47d4, nil]]]
0x10017eS0x47b8S0x467aS0x3ca2B0x3eeaB0x232fB0x15e2	[0x3cd6, [0x474f, [0x47d4, nil]]]
0x1001a1S0x47b8S0x467aS0x3ca2B0x3eeaB0x232fB0x15e2	[0x3cd6, [0x474f, [0x47d4, nil]]]
0x1001a4S0x47b8S0x467aS0x3ca2B0x3eeaB0x232fB0x15e2	[0x3cd6, [0x474f, [0x47d4, nil]]]
0xc0e6S0x47b8S0x467aS0x3ca2B0x3eeaB0x232fB0x15e2	[0x3cd6, [0x474f, [0x47d4, nil]]]
0xc0e8S0x47b8S0x467aS0x3ca2B0x3eeaB0x232fB0x15e2	[0x3cd6, [0x474f, [0x47d4, nil]]]
0xc0ebS0x47b8S0x467aS0x3ca2B0x3eeaB0x232fB0x15e2	[0x3cd6, [0x474f, [0x47d4, nil]]]
0xc0edS0x47b8S0x467aS0x3ca2B0x3eeaB0x232fB0x15e2	[0x3cd6, [0x474f, [0x47d4, nil]]]
0x485aS0x47b8S0x467aS0x3ca2B0x3eeaB0x232fB0x15e2	[0x3cd6, [0x474f, [0x47d4, nil]]]
0x485cS0x47b8S0x467aS0x3ca2B0x3eeaB0x232fB0x15e2	[0x3cd6, [0x474f, [0x47d4, nil]]]
0x485dS0x47b8S0x467aS0x3ca2B0x3eeaB0x232fB0x15e2	[0x3cd6, [0x474f, [0x47d4, nil]]]
0x4861S0x47b8S0x467aS0x3ca2B0x3eeaB0x232fB0x15e2	[0x3cd6, [0x474f, [0x47d4, nil]]]
0x4863S0x47b8S0x467aS0x3ca2B0x3eeaB0x232fB0x15e2	[0x3cd6, [0x474f, [0x47d4, nil]]]
0x4866S0x47b8S0x467aS0x3ca2B0x3eeaB0x232fB0x15e2	[0x3cd6, [0x474f, [0x47d4, nil]]]
0x4868S0x47b8S0x467aS0x3ca2B0x3eeaB0x232fB0x15e2	[0x3cd6, [0x474f, [0x47d4, nil]]]
0x4869S0x47b8S0x467aS0x3ca2B0x3eeaB0x232fB0x15e2	[0x3cd6, [0x474f, [0x47d4, nil]]]
0x486eS0x47b8S0x467aS0x3ca2B0x3eeaB0x232fB0x15e2	[0x3cd6, [0x474f, [0x47d4, nil]]]
0x4871S0x47b8S0x467aS0x3ca2B0x3eeaB0x232fB0x15e2	[0x3cd6, [0x474f, [0x47d4, nil]]]
0x4865S0x47b8S0x467aS0x3ca2B0x3eeaB0x232fB0x15e2	[0x3cd6, [0x474f, [0x47d4, nil]]]
0x100213S0x47b8S0x467aS0x3ca2B0x3eeaB0x232fB0x15e2	[0x3cd6, [0x474f, [0x47d4, nil]]]
0x100215S0x47b8S0x467aS0x3ca2B0x3eeaB0x232fB0x15e2	[0x3cd6, [0x474f, [0x47d4, nil]]]
0x100218S0x47b8S0x467aS0x3ca2B0x3eeaB0x232fB0x15e2	[0x3cd6, [0x474f, [0x47d4, nil]]]
0x10021aS0x47b8S0x467aS0x3ca2B0x3eeaB0x232fB0x15e2	[0x3cd6, [0x474f, [0x47d4, nil]]]
0x101204S0x47b8S0x467aS0x3ca2B0x3eeaB0x232fB0x15e2	[0x3cd6, [0x474f, [0x47d4, nil]]]
0x10122bS0x47b8S0x467aS0x3ca2B0x3eeaB0x232fB0x15e2	[0x3cd6, [0x474f, [0x47d4, nil]]]
0x47deS0x47b8S0x467aS0x3ca2B0x3eeaB0x232fB0x15e2	[0x3cd6, [0x474f, [0x47d4, nil]]]
0x47dfS0x47b8S0x467aS0x3ca2B0x3eeaB0x232fB0x15e2	[0x3cd6, [0x474f, [0x47d4, nil]]]
0x47e1S0x47b8S0x467aS0x3ca2B0x3eeaB0x232fB0x15e2	[0x3cd6, [0x474f, [0x47d4, nil]]]
0x47e2S0x47b8S0x467aS0x3ca2B0x3eeaB0x232fB0x15e2	[0x3cd6, [0x474f, [0x47d4, nil]]]
0x47e5S0x47b8S0x467aS0x3ca2B0x3eeaB0x232fB0x15e2	[0x3cd6, [0x474f, [0x47d4, nil]]]
0x4851S0x47b8S0x467aS0x3ca2B0x3eeaB0x232fB0x15e2	[0x3cd6, [0x474f, [0x47d4, nil]]]
0x4854S0x47b8S0x467aS0x3ca2B0x3eeaB0x232fB0x15e2	[0x3cd6, [0x474f, [0x47d4, nil]]]
0x4856S0x47b8S0x467aS0x3ca2B0x3eeaB0x232fB0x15e2	[0x3cd6, [0x474f, [0x47d4, nil]]]
0x4857S0x47b8S0x467aS0x3ca2B0x3eeaB0x232fB0x15e2	[0x3cd6, [0x474f, [0x47d4, nil]]]
0x49bfS0x4858S0x47b8S0x467aS0x3ca2B0x3eeaB0x232fB0x15e2	[0x3cd6, [0x474f, [0x47d4, [0x49be, nil]]]]
0x49c3S0x4858S0x47b8S0x467aS0x3ca2B0x3eeaB0x232fB0x15e2	[0x3cd6, [0x474f, [0x47d4, [0x49be, nil]]]]
0x49c5S0x4858S0x47b8S0x467aS0x3ca2B0x3eeaB0x232fB0x15e2	[0x3cd6, [0x474f, [0x47d4, [0x49be, nil]]]]
0x49c8S0x4858S0x47b8S0x467aS0x3ca2B0x3eeaB0x232fB0x15e2	[0x3cd6, [0x474f, [0x47d4, [0x49be, nil]]]]
0x49cbS0x4858S0x47b8S0x467aS0x3ca2B0x3eeaB0x232fB0x15e2	[0x3cd6, [0x474f, [0x47d4, [0x49be, nil]]]]
0x49cdS0x4858S0x47b8S0x467aS0x3ca2B0x3eeaB0x232fB0x15e2	[0x3cd6, [0x474f, [0x47d4, [0x49be, nil]]]]
0x49d0S0x4858S0x47b8S0x467aS0x3ca2B0x3eeaB0x232fB0x15e2	[0x3cd6, [0x474f, [0x47d4, [0x49be, nil]]]]
0x49c2S0x4858S0x47b8S0x467aS0x3ca2B0x3eeaB0x232fB0x15e2	[0x3cd6, [0x474f, [0x47d4, [0x49be, nil]]]]
0x10031eS0x4858S0x47b8S0x467aS0x3ca2B0x3eeaB0x232fB0x15e2	[0x3cd6, [0x474f, [0x47d4, [0x49be, nil]]]]
0x49abS0x49beS0x4858S0x47b8S0x467aS0x3ca2B0x3eeaB0x232fB0x15e2	[0x3cd6, [0x474f, [0x47d4, [0x49be, [0x4992, nil]]]]]
0x49adS0x49beS0x4858S0x47b8S0x467aS0x3ca2B0x3eeaB0x232fB0x15e2	[0x3cd6, [0x474f, [0x47d4, [0x49be, [0x4992, nil]]]]]
0x49aeS0x49beS0x4858S0x47b8S0x467aS0x3ca2B0x3eeaB0x232fB0x15e2	[0x3cd6, [0x474f, [0x47d4, [0x49be, [0x4992, nil]]]]]
0x49b0S0x49beS0x4858S0x47b8S0x467aS0x3ca2B0x3eeaB0x232fB0x15e2	[0x3cd6, [0x474f, [0x47d4, [0x49be, [0x4992, nil]]]]]
0x49b1S0x49beS0x4858S0x47b8S0x467aS0x3ca2B0x3eeaB0x232fB0x15e2	[0x3cd6, [0x474f, [0x47d4, [0x49be, [0x4992, nil]]]]]
0x49b5S0x49beS0x4858S0x47b8S0x467aS0x3ca2B0x3eeaB0x232fB0x15e2	[0x3cd6, [0x474f, [0x47d4, [0x49be, [0x4992, nil]]]]]
0x49b6S0x49beS0x4858S0x47b8S0x467aS0x3ca2B0x3eeaB0x232fB0x15e2	[0x3cd6, [0x474f, [0x47d4, [0x49be, [0x4992, nil]]]]]
0x49b8S0x49beS0x4858S0x47b8S0x467aS0x3ca2B0x3eeaB0x232fB0x15e2	[0x3cd6, [0x474f, [0x47d4, [0x49be, [0x4992, nil]]]]]
0x49bdS0x49beS0x4858S0x47b8S0x467aS0x3ca2B0x3eeaB0x232fB0x15e2	[0x3cd6, [0x474f, [0x47d4, [0x49be, [0x4992, nil]]]]]
0x4993S0x49beS0x4858S0x47b8S0x467aS0x3ca2B0x3eeaB0x232fB0x15e2	[0x3cd6, [0x474f, [0x47d4, [0x49be, [0x4992, nil]]]]]
0x4996S0x49beS0x4858S0x47b8S0x467aS0x3ca2B0x3eeaB0x232fB0x15e2	[0x3cd6, [0x474f, [0x47d4, [0x49be, [0x4992, nil]]]]]
0x499aS0x49beS0x4858S0x47b8S0x467aS0x3ca2B0x3eeaB0x232fB0x15e2	[0x3cd6, [0x474f, [0x47d4, [0x49be, [0x4992, nil]]]]]
0x499eS0x49beS0x4858S0x47b8S0x467aS0x3ca2B0x3eeaB0x232fB0x15e2	[0x3cd6, [0x474f, [0x47d4, [0x49be, [0x4992, nil]]]]]
0x49a1S0x49beS0x4858S0x47b8S0x467aS0x3ca2B0x3eeaB0x232fB0x15e2	[0x3cd6, [0x474f, [0x47d4, [0x49be, [0x4992, nil]]]]]
0x49a2S0x49beS0x4858S0x47b8S0x467aS0x3ca2B0x3eeaB0x232fB0x15e2	[0x3cd6, [0x474f, [0x47d4, [0x49be, [0x4992, nil]]]]]
0x49a5S0x49beS0x4858S0x47b8S0x467aS0x3ca2B0x3eeaB0x232fB0x15e2	[0x3cd6, [0x474f, [0x47d4, [0x49be, [0x4992, nil]]]]]
0x49a6S0x49beS0x4858S0x47b8S0x467aS0x3ca2B0x3eeaB0x232fB0x15e2	[0x3cd6, [0x474f, [0x47d4, [0x49be, [0x4992, nil]]]]]
0x49a9S0x49beS0x4858S0x47b8S0x467aS0x3ca2B0x3eeaB0x232fB0x15e2	[0x3cd6, [0x474f, [0x47d4, [0x49be, [0x4992, nil]]]]]
0x4999S0x49beS0x4858S0x47b8S0x467aS0x3ca2B0x3eeaB0x232fB0x15e2	[0x3cd6, [0x474f, [0x47d4, [0x49be, [0x4992, nil]]]]]
0x498cS0x4992S0x49beS0x4858S0x47b8S0x467aS0x3ca2B0x3eeaB0x232fB0x15e2	[0x3cd6, [0x474f, [0x47d4, [0x49be, [0x4992, [0x496e, nil]]]]]]
0x498fS0x4992S0x49beS0x4858S0x47b8S0x467aS0x3ca2B0x3eeaB0x232fB0x15e2	[0x3cd6, [0x474f, [0x47d4, [0x49be, [0x4992, [0x496e, nil]]]]]]
0x4991S0x4992S0x49beS0x4858S0x47b8S0x467aS0x3ca2B0x3eeaB0x232fB0x15e2	[0x3cd6, [0x474f, [0x47d4, [0x49be, [0x4992, [0x496e, nil]]]]]]
0x4990S0x4992S0x49beS0x4858S0x47b8S0x467aS0x3ca2B0x3eeaB0x232fB0x15e2	[0x3cd6, [0x474f, [0x47d4, [0x49be, [0x4992, [0x496e, nil]]]]]]
0x4974S0x4992S0x49beS0x4858S0x47b8S0x467aS0x3ca2B0x3eeaB0x232fB0x15e2	[0x3cd6, [0x474f, [0x47d4, [0x49be, [0x4992, [0x496e, nil]]]]]]
0x4975S0x4992S0x49beS0x4858S0x47b8S0x467aS0x3ca2B0x3eeaB0x232fB0x15e2	[0x3cd6, [0x474f, [0x47d4, [0x49be, [0x4992, [0x496e, nil]]]]]]
0x4976S0x4992S0x49beS0x4858S0x47b8S0x467aS0x3ca2B0x3eeaB0x232fB0x15e2	[0x3cd6, [0x474f, [0x47d4, [0x49be, [0x4992, [0x496e, nil]]]]]]
0x4971_0x0S0x4992S0x49beS0x4858S0x47b8S0x467aS0x3ca2B0x3eeaB0x232fB0x15e2	[0x3cd6, [0x474f, [0x47d4, [0x49be, [0x4992, [0x496e, nil]]]]]]
0x4979S0x4992S0x49beS0x4858S0x47b8S0x467aS0x3ca2B0x3eeaB0x232fB0x15e2	[0x3cd6, [0x474f, [0x47d4, [0x49be, [0x4992, [0x496e, nil]]]]]]
0x496fS0x4992S0x49beS0x4858S0x47b8S0x467aS0x3ca2B0x3eeaB0x232fB0x15e2	[0x3cd6, [0x474f, [0x47d4, [0x49be, [0x4992, [0x496e, nil]]]]]]
0x3b830S0x4992S0x49beS0x4858S0x47b8S0x467aS0x3ca2B0x3eeaB0x232fB0x15e2	[0x3cd6, [0x474f, [0x47d4, [0x49be, [0x4992, [0x496e, nil]]]]]]
0x3b850S0x4992S0x49beS0x4858S0x47b8S0x467aS0x3ca2B0x3eeaB0x232fB0x15e2	[0x3cd6, [0x474f, [0x47d4, [0x49be, [0x4992, [0x496e, nil]]]]]]
0x497cS0x4992S0x49beS0x4858S0x47b8S0x467aS0x3ca2B0x3eeaB0x232fB0x15e2	[0x3cd6, [0x474f, [0x47d4, [0x49be, [0x4992, [0x496e, nil]]]]]]
0x497dS0x4992S0x49beS0x4858S0x47b8S0x467aS0x3ca2B0x3eeaB0x232fB0x15e2	[0x3cd6, [0x474f, [0x47d4, [0x49be, [0x4992, [0x496e, nil]]]]]]
0x4980S0x4992S0x49beS0x4858S0x47b8S0x467aS0x3ca2B0x3eeaB0x232fB0x15e2	[0x3cd6, [0x474f, [0x47d4, [0x49be, [0x4992, [0x496e, nil]]]]]]
0x4982S0x4992S0x49beS0x4858S0x47b8S0x467aS0x3ca2B0x3eeaB0x232fB0x15e2	[0x3cd6, [0x474f, [0x47d4, [0x49be, [0x4992, [0x496e, nil]]]]]]
0x4984S0x4992S0x49beS0x4858S0x47b8S0x467aS0x3ca2B0x3eeaB0x232fB0x15e2	[0x3cd6, [0x474f, [0x47d4, [0x49be, [0x4992, [0x496e, nil]]]]]]
0x4985S0x4992S0x49beS0x4858S0x47b8S0x467aS0x3ca2B0x3eeaB0x232fB0x15e2	[0x3cd6, [0x474f, [0x47d4, [0x49be, [0x4992, [0x496e, nil]]]]]]
0x497a_0x0S0x4992S0x49beS0x4858S0x47b8S0x467aS0x3ca2B0x3eeaB0x232fB0x15e2	[0x3cd6, [0x474f, [0x47d4, [0x49be, [0x4992, [0x496e, nil]]]]]]
0x4988S0x4992S0x49beS0x4858S0x47b8S0x467aS0x3ca2B0x3eeaB0x232fB0x15e2	[0x3cd6, [0x474f, [0x47d4, [0x49be, [0x4992, [0x496e, nil]]]]]]
0x4981S0x4992S0x49beS0x4858S0x47b8S0x467aS0x3ca2B0x3eeaB0x232fB0x15e2	[0x3cd6, [0x474f, [0x47d4, [0x49be, [0x4992, [0x496e, nil]]]]]]
0x46f5S0x464aB0x40c3B0x232fB0x15e2	[0x3cd6, nil]
0x46f7S0x464aB0x40c3B0x232fB0x15e2	[0x3cd6, nil]
0x46f8S0x464aB0x40c3B0x232fB0x15e2	[0x3cd6, nil]
0x46fcS0x464aB0x40c3B0x232fB0x15e2	[0x3cd6, nil]
0x46feS0x464aB0x40c3B0x232fB0x15e2	[0x3cd6, nil]
0x4701S0x464aB0x40c3B0x232fB0x15e2	[0x3cd6, nil]
0x4703S0x464aB0x40c3B0x232fB0x15e2	[0x3cd6, nil]
0x4706S0x464aB0x40c3B0x232fB0x15e2	[0x3cd6, nil]
0x4708S0x464aB0x40c3B0x232fB0x15e2	[0x3cd6, nil]
0x470aS0x464aB0x40c3B0x232fB0x15e2	[0x3cd6, nil]
0x470dS0x464aB0x40c3B0x232fB0x15e2	[0x3cd6, nil]
0x470fS0x464aB0x40c3B0x232fB0x15e2	[0x3cd6, nil]
0x4730S0x464aB0x40c3B0x232fB0x15e2	[0x3cd6, nil]
0x4733S0x464aB0x40c3B0x232fB0x15e2	[0x3cd6, nil]
0x4735S0x464aB0x40c3B0x232fB0x15e2	[0x3cd6, nil]
0x4740S0x464aB0x40c3B0x232fB0x15e2	[0x3cd6, nil]
0x4742S0x464aB0x40c3B0x232fB0x15e2	[0x3cd6, nil]
0x4743S0x464aB0x40c3B0x232fB0x15e2	[0x3cd6, nil]
0x4746S0x464aB0x40c3B0x232fB0x15e2	[0x3cd6, nil]
0x4748S0x464aB0x40c3B0x232fB0x15e2	[0x3cd6, nil]
0x474aS0x464aB0x40c3B0x232fB0x15e2	[0x3cd6, nil]
0x474bS0x464aB0x40c3B0x232fB0x15e2	[0x3cd6, nil]
0x474eS0x464aB0x40c3B0x232fB0x15e2	[0x3cd6, nil]
0x4700S0x464aB0x40c3B0x232fB0x15e2	[0x3cd6, nil]
0x4707S0x464aB0x40c3B0x232fB0x15e2	[0x3cd6, nil]
0x470eS0x464aB0x40c3B0x232fB0x15e2	[0x3cd6, nil]
0x4734S0x464aB0x40c3B0x232fB0x15e2	[0x3cd6, nil]
0x4747S0x464aB0x40c3B0x232fB0x15e2	[0x3cd6, nil]
0x467bS0x464aB0x40c3B0x232fB0x15e2	[0x3cd6, nil]
0x467dS0x464aB0x40c3B0x232fB0x15e2	[0x3cd6, nil]
0x4681S0x464aB0x40c3B0x232fB0x15e2	[0x3cd6, nil]
0x4683S0x464aB0x40c3B0x232fB0x15e2	[0x3cd6, nil]
0x4685S0x464aB0x40c3B0x232fB0x15e2	[0x3cd6, nil]
0x4687S0x464aB0x40c3B0x232fB0x15e2	[0x3cd6, nil]
0x4688S0x464aB0x40c3B0x232fB0x15e2	[0x3cd6, nil]
0x468cS0x464aB0x40c3B0x232fB0x15e2	[0x3cd6, nil]
0x4690S0x464aB0x40c3B0x232fB0x15e2	[0x3cd6, nil]
0x4692S0x464aB0x40c3B0x232fB0x15e2	[0x3cd6, nil]
0x4693S0x464aB0x40c3B0x232fB0x15e2	[0x3cd6, nil]
0x46b8S0x464aB0x40c3B0x232fB0x15e2	[0x3cd6, nil]
0x46baS0x464aB0x40c3B0x232fB0x15e2	[0x3cd6, nil]
0x46bcS0x464aB0x40c3B0x232fB0x15e2	[0x3cd6, nil]
0x46beS0x464aB0x40c3B0x232fB0x15e2	[0x3cd6, nil]
0x46bfS0x464aB0x40c3B0x232fB0x15e2	[0x3cd6, nil]
0x46c0S0x464aB0x40c3B0x232fB0x15e2	[0x3cd6, nil]
0x46c1S0x464aB0x40c3B0x232fB0x15e2	[0x3cd6, nil]
0x46c8S0x464aB0x40c3B0x232fB0x15e2	[0x3cd6, nil]
0x46cdS0x464aB0x40c3B0x232fB0x15e2	[0x3cd6, nil]
0x46ceS0x464aB0x40c3B0x232fB0x15e2	[0x3cd6, nil]
0x468aS0x464aB0x40c3B0x232fB0x15e2	[0x3cd6, nil]
0x468fS0x464aB0x40c3B0x232fB0x15e2	[0x3cd6, nil]
0x46b5S0x464aB0x40c3B0x232fB0x15e2	[0x3cd6, nil]
0x46d3S0x464aB0x40c3B0x232fB0x15e2	[0x3cd6, nil]
0x46d4S0x464aB0x40c3B0x232fB0x15e2	[0x3cd6, nil]
0x46d6S0x464aB0x40c3B0x232fB0x15e2	[0x3cd6, nil]
0x46d8S0x464aB0x40c3B0x232fB0x15e2	[0x3cd6, nil]
0x46dbS0x464aB0x40c3B0x232fB0x15e2	[0x3cd6, nil]
0x46f1S0x464aB0x40c3B0x232fB0x15e2	[0x3cd6, nil]
0x46f0_0x0S0x464aB0x40c3B0x232fB0x15e2	[0x3cd6, nil]
0x46f4S0x464aB0x40c3B0x232fB0x15e2	[0x3cd6, nil]
0x100131S0x464aB0x40c3B0x232fB0x15e2	[0x3cd6, nil]
0xc0beS0x464aB0x40c3B0x232fB0x15e2	[0x3cd6, nil]
0xc0c0S0x464aB0x40c3B0x232fB0x15e2	[0x3cd6, nil]
0xc0c3S0x464aB0x40c3B0x232fB0x15e2	[0x3cd6, nil]
0xc0c5S0x464aB0x40c3B0x232fB0x15e2	[0x3cd6, nil]
0x3cd7S0x464aB0x40c3B0x232fB0x15e2	[0x3cd6, nil]
0x3cdaS0x464aB0x40c3B0x232fB0x15e2	[0x3cd6, nil]
0x3cdbS0x464aB0x40c3B0x232fB0x15e2	[0x3cd6, nil]
0x3cddS0x464aB0x40c3B0x232fB0x15e2	[0x3cd6, nil]
0x3ce0S0x464aB0x40c3B0x232fB0x15e2	[0x3cd6, nil]
0x3ce1S0x464aB0x40c3B0x232fB0x15e2	[0x3cd6, nil]
0x3ce7S0x464aB0x40c3B0x232fB0x15e2	[0x3cd6, nil]
0x3ceaS0x464aB0x40c3B0x232fB0x15e2	[0x3cd6, nil]
0x3cecS0x464aB0x40c3B0x232fB0x15e2	[0x3cd6, nil]
0x3cedS0x464aB0x40c3B0x232fB0x15e2	[0x3cd6, nil]
0x3cefS0x464aB0x40c3B0x232fB0x15e2	[0x3cd6, nil]
0x3cf1S0x464aB0x40c3B0x232fB0x15e2	[0x3cd6, nil]
0x3cf3S0x464aB0x40c3B0x232fB0x15e2	[0x3cd6, nil]
0x3cf4S0x464aB0x40c3B0x232fB0x15e2	[0x3cd6, nil]
0x3cf5S0x464aB0x40c3B0x232fB0x15e2	[0x3cd6, nil]
0x3cf6S0x464aB0x40c3B0x232fB0x15e2	[0x3cd6, nil]
0x3cf8S0x464aB0x40c3B0x232fB0x15e2	[0x3cd6, nil]
0x3cfaS0x464aB0x40c3B0x232fB0x15e2	[0x3cd6, nil]
0x3cfcS0x464aB0x40c3B0x232fB0x15e2	[0x3cd6, nil]
0x3cfdS0x464aB0x40c3B0x232fB0x15e2	[0x3cd6, nil]
0x3cfeS0x464aB0x40c3B0x232fB0x15e2	[0x3cd6, nil]
0x3d01S0x464aB0x40c3B0x232fB0x15e2	[0x3cd6, nil]
0x3d05S0x464aB0x40c3B0x232fB0x15e2	[0x3cd6, nil]
0x3d09S0x464aB0x40c3B0x232fB0x15e2	[0x3cd6, nil]
0x3d0cS0x464aB0x40c3B0x232fB0x15e2	[0x3cd6, nil]
0x3ce3S0x464aB0x40c3B0x232fB0x15e2	[0x3cd6, nil]
0x3ce6S0x464aB0x40c3B0x232fB0x15e2	[0x3cd6, nil]
0x3d08S0x464aB0x40c3B0x232fB0x15e2	[0x3cd6, nil]
0x46dfS0x464aB0x40c3B0x232fB0x15e2	[0x3cd6, nil]
0x46e1S0x464aB0x40c3B0x232fB0x15e2	[0x3cd6, nil]
0x46e3S0x464aB0x40c3B0x232fB0x15e2	[0x3cd6, nil]
0x46e5S0x464aB0x40c3B0x232fB0x15e2	[0x3cd6, nil]
0x46e7S0x464aB0x40c3B0x232fB0x15e2	[0x3cd6, nil]
0x46ecS0x464aB0x40c3B0x232fB0x15e2	[0x3cd6, nil]
0x46efS0x464aB0x40c3B0x232fB0x15e2	[0x3cd6, nil]
0x5a46S0x46dcS0x464aB0x40c3B0x232fB0x15e2	[0x3cd6, [0x5a38, nil]]
0x5a49S0x46dcS0x464aB0x40c3B0x232fB0x15e2	[0x3cd6, [0x5a38, nil]]
0x5a39S0x46dcS0x464aB0x40c3B0x232fB0x15e2	[0x3cd6, [0x5a38, nil]]
0x5a3bS0x46dcS0x464aB0x40c3B0x232fB0x15e2	[0x3cd6, [0x5a38, nil]]
0x5a3fS0x46dcS0x464aB0x40c3B0x232fB0x15e2	[0x3cd6, [0x5a38, nil]]
0x5a40S0x46dcS0x464aB0x40c3B0x232fB0x15e2	[0x3cd6, [0x5a38, nil]]
0x5a41S0x46dcS0x464aB0x40c3B0x232fB0x15e2	[0x3cd6, [0x5a38, nil]]
0x5a42S0x46dcS0x464aB0x40c3B0x232fB0x15e2	[0x3cd6, [0x5a38, nil]]
0x5a45S0x46dcS0x464aB0x40c3B0x232fB0x15e2	[0x3cd6, [0x5a38, nil]]
0x5a4cS0x46dcS0x464aB0x40c3B0x232fB0x15e2	[0x3cd6, [0x5a38, nil]]
0x5a4dS0x46dcS0x464aB0x40c3B0x232fB0x15e2	[0x3cd6, [0x5a38, nil]]
0x5a51S0x46dcS0x464aB0x40c3B0x232fB0x15e2	[0x3cd6, [0x5a38, nil]]
0x5a54S0x46dcS0x464aB0x40c3B0x232fB0x15e2	[0x3cd6, [0x5a38, nil]]
0x4d43S0x5a4aS0x46dcS0x464aB0x40c3B0x232fB0x15e2	[0x3cd6, [0x5a38, [0x4d39, nil]]]
0x4d46S0x5a4aS0x46dcS0x464aB0x40c3B0x232fB0x15e2	[0x3cd6, [0x5a38, [0x4d39, nil]]]
0x4d3bS0x5a4aS0x46dcS0x464aB0x40c3B0x232fB0x15e2	[0x3cd6, [0x5a38, [0x4d39, nil]]]
0x4d3cS0x5a4aS0x46dcS0x464aB0x40c3B0x232fB0x15e2	[0x3cd6, [0x5a38, [0x4d39, nil]]]
0x4d3eS0x5a4aS0x46dcS0x464aB0x40c3B0x232fB0x15e2	[0x3cd6, [0x5a38, [0x4d39, nil]]]
0x4d3fS0x5a4aS0x46dcS0x464aB0x40c3B0x232fB0x15e2	[0x3cd6, [0x5a38, [0x4d39, nil]]]
0x4d42S0x5a4aS0x46dcS0x464aB0x40c3B0x232fB0x15e2	[0x3cd6, [0x5a38, [0x4d39, nil]]]
0x100819S0x46dcS0x464aB0x40c3B0x232fB0x15e2	[0x3cd6, [0x5a38, nil]]
0x10048aS0x5a4aS0x46dcS0x464aB0x40c3B0x232fB0x15e2	[0x3cd6, [0x5a38, [0x4d39, nil]]]
0x4792S0x467aS0x464aB0x40c3B0x232fB0x15e2	[0x3cd6, [0x474f, nil]]
0x4794S0x467aS0x464aB0x40c3B0x232fB0x15e2	[0x3cd6, [0x474f, nil]]
0x4797S0x467aS0x464aB0x40c3B0x232fB0x15e2	[0x3cd6, [0x474f, nil]]
0x4799S0x467aS0x464aB0x40c3B0x232fB0x15e2	[0x3cd6, [0x474f, nil]]
0x479aS0x467aS0x464aB0x40c3B0x232fB0x15e2	[0x3cd6, [0x474f, nil]]
0x479cS0x467aS0x464aB0x40c3B0x232fB0x15e2	[0x3cd6, [0x474f, nil]]
0x479dS0x467aS0x464aB0x40c3B0x232fB0x15e2	[0x3cd6, [0x474f, nil]]
0x479eS0x467aS0x464aB0x40c3B0x232fB0x15e2	[0x3cd6, [0x474f, nil]]
0x47a0S0x467aS0x464aB0x40c3B0x232fB0x15e2	[0x3cd6, [0x474f, nil]]
0x47a1S0x467aS0x464aB0x40c3B0x232fB0x15e2	[0x3cd6, [0x474f, nil]]
0x47a4S0x467aS0x464aB0x40c3B0x232fB0x15e2	[0x3cd6, [0x474f, nil]]
0x47a7S0x467aS0x464aB0x40c3B0x232fB0x15e2	[0x3cd6, [0x474f, nil]]
0x47a8S0x467aS0x464aB0x40c3B0x232fB0x15e2	[0x3cd6, [0x474f, nil]]
0x47aaS0x467aS0x464aB0x40c3B0x232fB0x15e2	[0x3cd6, [0x474f, nil]]
0x47adS0x467aS0x464aB0x40c3B0x232fB0x15e2	[0x3cd6, [0x474f, nil]]
0x47afS0x467aS0x464aB0x40c3B0x232fB0x15e2	[0x3cd6, [0x474f, nil]]
0x47b2S0x467aS0x464aB0x40c3B0x232fB0x15e2	[0x3cd6, [0x474f, nil]]
0x47a3S0x467aS0x464aB0x40c3B0x232fB0x15e2	[0x3cd6, [0x474f, nil]]
0x47a6S0x467aS0x464aB0x40c3B0x232fB0x15e2	[0x3cd6, [0x474f, nil]]
0x47aeS0x467aS0x464aB0x40c3B0x232fB0x15e2	[0x3cd6, [0x474f, nil]]
0x4750S0x467aS0x464aB0x40c3B0x232fB0x15e2	[0x3cd6, [0x474f, nil]]
0x4752S0x467aS0x464aB0x40c3B0x232fB0x15e2	[0x3cd6, [0x474f, nil]]
0x4757S0x467aS0x464aB0x40c3B0x232fB0x15e2	[0x3cd6, [0x474f, nil]]
0x475bS0x467aS0x464aB0x40c3B0x232fB0x15e2	[0x3cd6, [0x474f, nil]]
0x475fS0x467aS0x464aB0x40c3B0x232fB0x15e2	[0x3cd6, [0x474f, nil]]
0x4761S0x467aS0x464aB0x40c3B0x232fB0x15e2	[0x3cd6, [0x474f, nil]]
0x4763S0x467aS0x464aB0x40c3B0x232fB0x15e2	[0x3cd6, [0x474f, nil]]
0x4765S0x467aS0x464aB0x40c3B0x232fB0x15e2	[0x3cd6, [0x474f, nil]]
0x4766S0x467aS0x464aB0x40c3B0x232fB0x15e2	[0x3cd6, [0x474f, nil]]
0x4767S0x467aS0x464aB0x40c3B0x232fB0x15e2	[0x3cd6, [0x474f, nil]]
0x476aS0x467aS0x464aB0x40c3B0x232fB0x15e2	[0x3cd6, [0x474f, nil]]
0x476cS0x467aS0x464aB0x40c3B0x232fB0x15e2	[0x3cd6, [0x474f, nil]]
0x476dS0x467aS0x464aB0x40c3B0x232fB0x15e2	[0x3cd6, [0x474f, nil]]
0x4772S0x467aS0x464aB0x40c3B0x232fB0x15e2	[0x3cd6, [0x474f, nil]]
0x4775S0x467aS0x464aB0x40c3B0x232fB0x15e2	[0x3cd6, [0x474f, nil]]
0x100158S0x467aS0x464aB0x40c3B0x232fB0x15e2	[0x3cd6, [0x474f, nil]]
0x4777S0x467aS0x464aB0x40c3B0x232fB0x15e2	[0x3cd6, [0x474f, nil]]
0x4779S0x467aS0x464aB0x40c3B0x232fB0x15e2	[0x3cd6, [0x474f, nil]]
0x477bS0x467aS0x464aB0x40c3B0x232fB0x15e2	[0x3cd6, [0x474f, nil]]
0x477eS0x467aS0x464aB0x40c3B0x232fB0x15e2	[0x3cd6, [0x474f, nil]]
0x4782S0x467aS0x464aB0x40c3B0x232fB0x15e2	[0x3cd6, [0x474f, nil]]
0x4783S0x467aS0x464aB0x40c3B0x232fB0x15e2	[0x3cd6, [0x474f, nil]]
0x4788S0x467aS0x464aB0x40c3B0x232fB0x15e2	[0x3cd6, [0x474f, nil]]
0x478aS0x467aS0x464aB0x40c3B0x232fB0x15e2	[0x3cd6, [0x474f, nil]]
0x478dS0x467aS0x464aB0x40c3B0x232fB0x15e2	[0x3cd6, [0x474f, nil]]
0x478eS0x467aS0x464aB0x40c3B0x232fB0x15e2	[0x3cd6, [0x474f, nil]]
0x4791S0x467aS0x464aB0x40c3B0x232fB0x15e2	[0x3cd6, [0x474f, nil]]
0x5a56S0x467aS0x464aB0x40c3B0x232fB0x15e2	[0x3cd6, [0x474f, nil]]
0x5a59S0x467aS0x464aB0x40c3B0x232fB0x15e2	[0x3cd6, [0x474f, nil]]
0x5a5aS0x467aS0x464aB0x40c3B0x232fB0x15e2	[0x3cd6, [0x474f, nil]]
0x5a5fS0x467aS0x464aB0x40c3B0x232fB0x15e2	[0x3cd6, [0x474f, nil]]
0x5a62S0x467aS0x464aB0x40c3B0x232fB0x15e2	[0x3cd6, [0x474f, nil]]
0x5a63S0x467aS0x464aB0x40c3B0x232fB0x15e2	[0x3cd6, [0x474f, nil]]
0x5a66S0x467aS0x464aB0x40c3B0x232fB0x15e2	[0x3cd6, [0x474f, nil]]
0x47b4S0x467aS0x464aB0x40c3B0x232fB0x15e2	[0x3cd6, [0x474f, nil]]
0x3a430S0x467aS0x464aB0x40c3B0x232fB0x15e2	[0x3cd6, [0x474f, nil]]
0x3a450S0x467aS0x464aB0x40c3B0x232fB0x15e2	[0x3cd6, [0x474f, nil]]
0x47beS0x467aS0x464aB0x40c3B0x232fB0x15e2	[0x3cd6, [0x474f, nil]]
0x47c5S0x467aS0x464aB0x40c3B0x232fB0x15e2	[0x3cd6, [0x474f, nil]]
0x47b8_0x1S0x467aS0x464aB0x40c3B0x232fB0x15e2	[0x3cd6, [0x474f, nil]]
0x47c8S0x467aS0x464aB0x40c3B0x232fB0x15e2	[0x3cd6, [0x474f, nil]]
0x47d3S0x467aS0x464aB0x40c3B0x232fB0x15e2	[0x3cd6, [0x474f, nil]]
0x5a6bS0x467aS0x464aB0x40c3B0x232fB0x15e2	[0x3cd6, [0x474f, nil]]
0x5a70S0x467aS0x464aB0x40c3B0x232fB0x15e2	[0x3cd6, [0x474f, nil]]
0x498cS0x5a55S0x467aS0x464aB0x40c3B0x232fB0x15e2	[0x3cd6, [0x474f, [0x496e, nil]]]
0x498fS0x5a55S0x467aS0x464aB0x40c3B0x232fB0x15e2	[0x3cd6, [0x474f, [0x496e, nil]]]
0x4991S0x5a55S0x467aS0x464aB0x40c3B0x232fB0x15e2	[0x3cd6, [0x474f, [0x496e, nil]]]
0x4990S0x5a55S0x467aS0x464aB0x40c3B0x232fB0x15e2	[0x3cd6, [0x474f, [0x496e, nil]]]
0x4974S0x5a55S0x467aS0x464aB0x40c3B0x232fB0x15e2	[0x3cd6, [0x474f, [0x496e, nil]]]
0x4975S0x5a55S0x467aS0x464aB0x40c3B0x232fB0x15e2	[0x3cd6, [0x474f, [0x496e, nil]]]
0x4976S0x5a55S0x467aS0x464aB0x40c3B0x232fB0x15e2	[0x3cd6, [0x474f, [0x496e, nil]]]
0x4971_0x0S0x5a55S0x467aS0x464aB0x40c3B0x232fB0x15e2	[0x3cd6, [0x474f, [0x496e, nil]]]
0x4979S0x5a55S0x467aS0x464aB0x40c3B0x232fB0x15e2	[0x3cd6, [0x474f, [0x496e, nil]]]
0x496fS0x5a55S0x467aS0x464aB0x40c3B0x232fB0x15e2	[0x3cd6, [0x474f, [0x496e, nil]]]
0x3b830S0x5a55S0x467aS0x464aB0x40c3B0x232fB0x15e2	[0x3cd6, [0x474f, [0x496e, nil]]]
0x3b850S0x5a55S0x467aS0x464aB0x40c3B0x232fB0x15e2	[0x3cd6, [0x474f, [0x496e, nil]]]
0x497cS0x5a55S0x467aS0x464aB0x40c3B0x232fB0x15e2	[0x3cd6, [0x474f, [0x496e, nil]]]
0x497dS0x5a55S0x467aS0x464aB0x40c3B0x232fB0x15e2	[0x3cd6, [0x474f, [0x496e, nil]]]
0x4980S0x5a55S0x467aS0x464aB0x40c3B0x232fB0x15e2	[0x3cd6, [0x474f, [0x496e, nil]]]
0x4982S0x5a55S0x467aS0x464aB0x40c3B0x232fB0x15e2	[0x3cd6, [0x474f, [0x496e, nil]]]
0x4984S0x5a55S0x467aS0x464aB0x40c3B0x232fB0x15e2	[0x3cd6, [0x474f, [0x496e, nil]]]
0x4985S0x5a55S0x467aS0x464aB0x40c3B0x232fB0x15e2	[0x3cd6, [0x474f, [0x496e, nil]]]
0x497a_0x0S0x5a55S0x467aS0x464aB0x40c3B0x232fB0x15e2	[0x3cd6, [0x474f, [0x496e, nil]]]
0x4988S0x5a55S0x467aS0x464aB0x40c3B0x232fB0x15e2	[0x3cd6, [0x474f, [0x496e, nil]]]
0x4981S0x5a55S0x467aS0x464aB0x40c3B0x232fB0x15e2	[0x3cd6, [0x474f, [0x496e, nil]]]
0x47e6S0x47b8S0x467aS0x464aB0x40c3B0x232fB0x15e2	[0x3cd6, [0x474f, [0x47d4, nil]]]
0x47e8S0x47b8S0x467aS0x464aB0x40c3B0x232fB0x15e2	[0x3cd6, [0x474f, [0x47d4, nil]]]
0x47eaS0x47b8S0x467aS0x464aB0x40c3B0x232fB0x15e2	[0x3cd6, [0x474f, [0x47d4, nil]]]
0x47ecS0x47b8S0x467aS0x464aB0x40c3B0x232fB0x15e2	[0x3cd6, [0x474f, [0x47d4, nil]]]
0x47edS0x47b8S0x467aS0x464aB0x40c3B0x232fB0x15e2	[0x3cd6, [0x474f, [0x47d4, nil]]]
0x47efS0x47b8S0x467aS0x464aB0x40c3B0x232fB0x15e2	[0x3cd6, [0x474f, [0x47d4, nil]]]
0x47f0S0x47b8S0x467aS0x464aB0x40c3B0x232fB0x15e2	[0x3cd6, [0x474f, [0x47d4, nil]]]
0x47f1S0x47b8S0x467aS0x464aB0x40c3B0x232fB0x15e2	[0x3cd6, [0x474f, [0x47d4, nil]]]
0x47f4S0x47b8S0x467aS0x464aB0x40c3B0x232fB0x15e2	[0x3cd6, [0x474f, [0x47d4, nil]]]
0x47f5S0x47b8S0x467aS0x464aB0x40c3B0x232fB0x15e2	[0x3cd6, [0x474f, [0x47d4, nil]]]
0x47f7S0x47b8S0x467aS0x464aB0x40c3B0x232fB0x15e2	[0x3cd6, [0x474f, [0x47d4, nil]]]
0x47f8S0x47b8S0x467aS0x464aB0x40c3B0x232fB0x15e2	[0x3cd6, [0x474f, [0x47d4, nil]]]
0x47fcS0x47b8S0x467aS0x464aB0x40c3B0x232fB0x15e2	[0x3cd6, [0x474f, [0x47d4, nil]]]
0x47feS0x47b8S0x467aS0x464aB0x40c3B0x232fB0x15e2	[0x3cd6, [0x474f, [0x47d4, nil]]]
0x4801S0x47b8S0x467aS0x464aB0x40c3B0x232fB0x15e2	[0x3cd6, [0x474f, [0x47d4, nil]]]
0x4803S0x47b8S0x467aS0x464aB0x40c3B0x232fB0x15e2	[0x3cd6, [0x474f, [0x47d4, nil]]]
0x4806S0x47b8S0x467aS0x464aB0x40c3B0x232fB0x15e2	[0x3cd6, [0x474f, [0x47d4, nil]]]
0x4808S0x47b8S0x467aS0x464aB0x40c3B0x232fB0x15e2	[0x3cd6, [0x474f, [0x47d4, nil]]]
0x480aS0x47b8S0x467aS0x464aB0x40c3B0x232fB0x15e2	[0x3cd6, [0x474f, [0x47d4, nil]]]
0x480dS0x47b8S0x467aS0x464aB0x40c3B0x232fB0x15e2	[0x3cd6, [0x474f, [0x47d4, nil]]]
0x480fS0x47b8S0x467aS0x464aB0x40c3B0x232fB0x15e2	[0x3cd6, [0x474f, [0x47d4, nil]]]
0x4830S0x47b8S0x467aS0x464aB0x40c3B0x232fB0x15e2	[0x3cd6, [0x474f, [0x47d4, nil]]]
0x4833S0x47b8S0x467aS0x464aB0x40c3B0x232fB0x15e2	[0x3cd6, [0x474f, [0x47d4, nil]]]
0x4835S0x47b8S0x467aS0x464aB0x40c3B0x232fB0x15e2	[0x3cd6, [0x474f, [0x47d4, nil]]]
0x4837S0x47b8S0x467aS0x464aB0x40c3B0x232fB0x15e2	[0x3cd6, [0x474f, [0x47d4, nil]]]
0x4838S0x47b8S0x467aS0x464aB0x40c3B0x232fB0x15e2	[0x3cd6, [0x474f, [0x47d4, nil]]]
0x483bS0x47b8S0x467aS0x464aB0x40c3B0x232fB0x15e2	[0x3cd6, [0x474f, [0x47d4, nil]]]
0x4800S0x47b8S0x467aS0x464aB0x40c3B0x232fB0x15e2	[0x3cd6, [0x474f, [0x47d4, nil]]]
0x4807S0x47b8S0x467aS0x464aB0x40c3B0x232fB0x15e2	[0x3cd6, [0x474f, [0x47d4, nil]]]
0x480eS0x47b8S0x467aS0x464aB0x40c3B0x232fB0x15e2	[0x3cd6, [0x474f, [0x47d4, nil]]]
0x4834S0x47b8S0x467aS0x464aB0x40c3B0x232fB0x15e2	[0x3cd6, [0x474f, [0x47d4, nil]]]
0x47d5S0x47b8S0x467aS0x464aB0x40c3B0x232fB0x15e2	[0x3cd6, [0x474f, [0x47d4, nil]]]
0x47d8S0x47b8S0x467aS0x464aB0x40c3B0x232fB0x15e2	[0x3cd6, [0x474f, [0x47d4, nil]]]
0x47d9S0x47b8S0x467aS0x464aB0x40c3B0x232fB0x15e2	[0x3cd6, [0x474f, [0x47d4, nil]]]
0x47dcS0x47b8S0x467aS0x464aB0x40c3B0x232fB0x15e2	[0x3cd6, [0x474f, [0x47d4, nil]]]
0x4844S0x47b8S0x467aS0x464aB0x40c3B0x232fB0x15e2	[0x3cd6, [0x474f, [0x47d4, nil]]]
0x484aS0x47b8S0x467aS0x464aB0x40c3B0x232fB0x15e2	[0x3cd6, [0x474f, [0x47d4, nil]]]
0x484bS0x47b8S0x467aS0x464aB0x40c3B0x232fB0x15e2	[0x3cd6, [0x474f, [0x47d4, nil]]]
0x484cS0x47b8S0x467aS0x464aB0x40c3B0x232fB0x15e2	[0x3cd6, [0x474f, [0x47d4, nil]]]
0x484fS0x47b8S0x467aS0x464aB0x40c3B0x232fB0x15e2	[0x3cd6, [0x474f, [0x47d4, nil]]]
0x10017bS0x47b8S0x467aS0x464aB0x40c3B0x232fB0x15e2	[0x3cd6, [0x474f, [0x47d4, nil]]]
0x10017eS0x47b8S0x467aS0x464aB0x40c3B0x232fB0x15e2	[0x3cd6, [0x474f, [0x47d4, nil]]]
0x1001a1S0x47b8S0x467aS0x464aB0x40c3B0x232fB0x15e2	[0x3cd6, [0x474f, [0x47d4, nil]]]
0x1001a4S0x47b8S0x467aS0x464aB0x40c3B0x232fB0x15e2	[0x3cd6, [0x474f, [0x47d4, nil]]]
0xc0e6S0x47b8S0x467aS0x464aB0x40c3B0x232fB0x15e2	[0x3cd6, [0x474f, [0x47d4, nil]]]
0xc0e8S0x47b8S0x467aS0x464aB0x40c3B0x232fB0x15e2	[0x3cd6, [0x474f, [0x47d4, nil]]]
0xc0ebS0x47b8S0x467aS0x464aB0x40c3B0x232fB0x15e2	[0x3cd6, [0x474f, [0x47d4, nil]]]
0xc0edS0x47b8S0x467aS0x464aB0x40c3B0x232fB0x15e2	[0x3cd6, [0x474f, [0x47d4, nil]]]
0x485aS0x47b8S0x467aS0x464aB0x40c3B0x232fB0x15e2	[0x3cd6, [0x474f, [0x47d4, nil]]]
0x485cS0x47b8S0x467aS0x464aB0x40c3B0x232fB0x15e2	[0x3cd6, [0x474f, [0x47d4, nil]]]
0x485dS0x47b8S0x467aS0x464aB0x40c3B0x232fB0x15e2	[0x3cd6, [0x474f, [0x47d4, nil]]]
0x4861S0x47b8S0x467aS0x464aB0x40c3B0x232fB0x15e2	[0x3cd6, [0x474f, [0x47d4, nil]]]
0x4863S0x47b8S0x467aS0x464aB0x40c3B0x232fB0x15e2	[0x3cd6, [0x474f, [0x47d4, nil]]]
0x4866S0x47b8S0x467aS0x464aB0x40c3B0x232fB0x15e2	[0x3cd6, [0x474f, [0x47d4, nil]]]
0x4868S0x47b8S0x467aS0x464aB0x40c3B0x232fB0x15e2	[0x3cd6, [0x474f, [0x47d4, nil]]]
0x4869S0x47b8S0x467aS0x464aB0x40c3B0x232fB0x15e2	[0x3cd6, [0x474f, [0x47d4, nil]]]
0x486eS0x47b8S0x467aS0x464aB0x40c3B0x232fB0x15e2	[0x3cd6, [0x474f, [0x47d4, nil]]]
0x4871S0x47b8S0x467aS0x464aB0x40c3B0x232fB0x15e2	[0x3cd6, [0x474f, [0x47d4, nil]]]
0x4865S0x47b8S0x467aS0x464aB0x40c3B0x232fB0x15e2	[0x3cd6, [0x474f, [0x47d4, nil]]]
0x100213S0x47b8S0x467aS0x464aB0x40c3B0x232fB0x15e2	[0x3cd6, [0x474f, [0x47d4, nil]]]
0x100215S0x47b8S0x467aS0x464aB0x40c3B0x232fB0x15e2	[0x3cd6, [0x474f, [0x47d4, nil]]]
0x100218S0x47b8S0x467aS0x464aB0x40c3B0x232fB0x15e2	[0x3cd6, [0x474f, [0x47d4, nil]]]
0x10021aS0x47b8S0x467aS0x464aB0x40c3B0x232fB0x15e2	[0x3cd6, [0x474f, [0x47d4, nil]]]
0x101204S0x47b8S0x467aS0x464aB0x40c3B0x232fB0x15e2	[0x3cd6, [0x474f, [0x47d4, nil]]]
0x10122bS0x47b8S0x467aS0x464aB0x40c3B0x232fB0x15e2	[0x3cd6, [0x474f, [0x47d4, nil]]]
0x47deS0x47b8S0x467aS0x464aB0x40c3B0x232fB0x15e2	[0x3cd6, [0x474f, [0x47d4, nil]]]
0x47dfS0x47b8S0x467aS0x464aB0x40c3B0x232fB0x15e2	[0x3cd6, [0x474f, [0x47d4, nil]]]
0x47e1S0x47b8S0x467aS0x464aB0x40c3B0x232fB0x15e2	[0x3cd6, [0x474f, [0x47d4, nil]]]
0x47e2S0x47b8S0x467aS0x464aB0x40c3B0x232fB0x15e2	[0x3cd6, [0x474f, [0x47d4, nil]]]
0x47e5S0x47b8S0x467aS0x464aB0x40c3B0x232fB0x15e2	[0x3cd6, [0x474f, [0x47d4, nil]]]
0x4851S0x47b8S0x467aS0x464aB0x40c3B0x232fB0x15e2	[0x3cd6, [0x474f, [0x47d4, nil]]]
0x4854S0x47b8S0x467aS0x464aB0x40c3B0x232fB0x15e2	[0x3cd6, [0x474f, [0x47d4, nil]]]
0x4856S0x47b8S0x467aS0x464aB0x40c3B0x232fB0x15e2	[0x3cd6, [0x474f, [0x47d4, nil]]]
0x4857S0x47b8S0x467aS0x464aB0x40c3B0x232fB0x15e2	[0x3cd6, [0x474f, [0x47d4, nil]]]
0x49bfS0x4858S0x47b8S0x467aS0x464aB0x40c3B0x232fB0x15e2	[0x3cd6, [0x474f, [0x47d4, [0x49be, nil]]]]
0x49c3S0x4858S0x47b8S0x467aS0x464aB0x40c3B0x232fB0x15e2	[0x3cd6, [0x474f, [0x47d4, [0x49be, nil]]]]
0x49c5S0x4858S0x47b8S0x467aS0x464aB0x40c3B0x232fB0x15e2	[0x3cd6, [0x474f, [0x47d4, [0x49be, nil]]]]
0x49c8S0x4858S0x47b8S0x467aS0x464aB0x40c3B0x232fB0x15e2	[0x3cd6, [0x474f, [0x47d4, [0x49be, nil]]]]
0x49cbS0x4858S0x47b8S0x467aS0x464aB0x40c3B0x232fB0x15e2	[0x3cd6, [0x474f, [0x47d4, [0x49be, nil]]]]
0x49cdS0x4858S0x47b8S0x467aS0x464aB0x40c3B0x232fB0x15e2	[0x3cd6, [0x474f, [0x47d4, [0x49be, nil]]]]
0x49d0S0x4858S0x47b8S0x467aS0x464aB0x40c3B0x232fB0x15e2	[0x3cd6, [0x474f, [0x47d4, [0x49be, nil]]]]
0x49c2S0x4858S0x47b8S0x467aS0x464aB0x40c3B0x232fB0x15e2	[0x3cd6, [0x474f, [0x47d4, [0x49be, nil]]]]
0x10031eS0x4858S0x47b8S0x467aS0x464aB0x40c3B0x232fB0x15e2	[0x3cd6, [0x474f, [0x47d4, [0x49be, nil]]]]
0x49abS0x49beS0x4858S0x47b8S0x467aS0x464aB0x40c3B0x232fB0x15e2	[0x3cd6, [0x474f, [0x47d4, [0x49be, [0x4992, nil]]]]]
0x49adS0x49beS0x4858S0x47b8S0x467aS0x464aB0x40c3B0x232fB0x15e2	[0x3cd6, [0x474f, [0x47d4, [0x49be, [0x4992, nil]]]]]
0x49aeS0x49beS0x4858S0x47b8S0x467aS0x464aB0x40c3B0x232fB0x15e2	[0x3cd6, [0x474f, [0x47d4, [0x49be, [0x4992, nil]]]]]
0x49b0S0x49beS0x4858S0x47b8S0x467aS0x464aB0x40c3B0x232fB0x15e2	[0x3cd6, [0x474f, [0x47d4, [0x49be, [0x4992, nil]]]]]
0x49b1S0x49beS0x4858S0x47b8S0x467aS0x464aB0x40c3B0x232fB0x15e2	[0x3cd6, [0x474f, [0x47d4, [0x49be, [0x4992, nil]]]]]
0x49b5S0x49beS0x4858S0x47b8S0x467aS0x464aB0x40c3B0x232fB0x15e2	[0x3cd6, [0x474f, [0x47d4, [0x49be, [0x4992, nil]]]]]
0x49b6S0x49beS0x4858S0x47b8S0x467aS0x464aB0x40c3B0x232fB0x15e2	[0x3cd6, [0x474f, [0x47d4, [0x49be, [0x4992, nil]]]]]
0x49b8S0x49beS0x4858S0x47b8S0x467aS0x464aB0x40c3B0x232fB0x15e2	[0x3cd6, [0x474f, [0x47d4, [0x49be, [0x4992, nil]]]]]
0x49bdS0x49beS0x4858S0x47b8S0x467aS0x464aB0x40c3B0x232fB0x15e2	[0x3cd6, [0x474f, [0x47d4, [0x49be, [0x4992, nil]]]]]
0x4993S0x49beS0x4858S0x47b8S0x467aS0x464aB0x40c3B0x232fB0x15e2	[0x3cd6, [0x474f, [0x47d4, [0x49be, [0x4992, nil]]]]]
0x4996S0x49beS0x4858S0x47b8S0x467aS0x464aB0x40c3B0x232fB0x15e2	[0x3cd6, [0x474f, [0x47d4, [0x49be, [0x4992, nil]]]]]
0x499aS0x49beS0x4858S0x47b8S0x467aS0x464aB0x40c3B0x232fB0x15e2	[0x3cd6, [0x474f, [0x47d4, [0x49be, [0x4992, nil]]]]]
0x499eS0x49beS0x4858S0x47b8S0x467aS0x464aB0x40c3B0x232fB0x15e2	[0x3cd6, [0x474f, [0x47d4, [0x49be, [0x4992, nil]]]]]
0x49a1S0x49beS0x4858S0x47b8S0x467aS0x464aB0x40c3B0x232fB0x15e2	[0x3cd6, [0x474f, [0x47d4, [0x49be, [0x4992, nil]]]]]
0x49a2S0x49beS0x4858S0x47b8S0x467aS0x464aB0x40c3B0x232fB0x15e2	[0x3cd6, [0x474f, [0x47d4, [0x49be, [0x4992, nil]]]]]
0x49a5S0x49beS0x4858S0x47b8S0x467aS0x464aB0x40c3B0x232fB0x15e2	[0x3cd6, [0x474f, [0x47d4, [0x49be, [0x4992, nil]]]]]
0x49a6S0x49beS0x4858S0x47b8S0x467aS0x464aB0x40c3B0x232fB0x15e2	[0x3cd6, [0x474f, [0x47d4, [0x49be, [0x4992, nil]]]]]
0x49a9S0x49beS0x4858S0x47b8S0x467aS0x464aB0x40c3B0x232fB0x15e2	[0x3cd6, [0x474f, [0x47d4, [0x49be, [0x4992, nil]]]]]
0x4999S0x49beS0x4858S0x47b8S0x467aS0x464aB0x40c3B0x232fB0x15e2	[0x3cd6, [0x474f, [0x47d4, [0x49be, [0x4992, nil]]]]]
0x498cS0x4992S0x49beS0x4858S0x47b8S0x467aS0x464aB0x40c3B0x232fB0x15e2	[0x3cd6, [0x474f, [0x47d4, [0x49be, [0x4992, [0x496e, nil]]]]]]
0x498fS0x4992S0x49beS0x4858S0x47b8S0x467aS0x464aB0x40c3B0x232fB0x15e2	[0x3cd6, [0x474f, [0x47d4, [0x49be, [0x4992, [0x496e, nil]]]]]]
0x4991S0x4992S0x49beS0x4858S0x47b8S0x467aS0x464aB0x40c3B0x232fB0x15e2	[0x3cd6, [0x474f, [0x47d4, [0x49be, [0x4992, [0x496e, nil]]]]]]
0x4990S0x4992S0x49beS0x4858S0x47b8S0x467aS0x464aB0x40c3B0x232fB0x15e2	[0x3cd6, [0x474f, [0x47d4, [0x49be, [0x4992, [0x496e, nil]]]]]]
0x4974S0x4992S0x49beS0x4858S0x47b8S0x467aS0x464aB0x40c3B0x232fB0x15e2	[0x3cd6, [0x474f, [0x47d4, [0x49be, [0x4992, [0x496e, nil]]]]]]
0x4975S0x4992S0x49beS0x4858S0x47b8S0x467aS0x464aB0x40c3B0x232fB0x15e2	[0x3cd6, [0x474f, [0x47d4, [0x49be, [0x4992, [0x496e, nil]]]]]]
0x4976S0x4992S0x49beS0x4858S0x47b8S0x467aS0x464aB0x40c3B0x232fB0x15e2	[0x3cd6, [0x474f, [0x47d4, [0x49be, [0x4992, [0x496e, nil]]]]]]
0x4971_0x0S0x4992S0x49beS0x4858S0x47b8S0x467aS0x464aB0x40c3B0x232fB0x15e2	[0x3cd6, [0x474f, [0x47d4, [0x49be, [0x4992, [0x496e, nil]]]]]]
0x4979S0x4992S0x49beS0x4858S0x47b8S0x467aS0x464aB0x40c3B0x232fB0x15e2	[0x3cd6, [0x474f, [0x47d4, [0x49be, [0x4992, [0x496e, nil]]]]]]
0x496fS0x4992S0x49beS0x4858S0x47b8S0x467aS0x464aB0x40c3B0x232fB0x15e2	[0x3cd6, [0x474f, [0x47d4, [0x49be, [0x4992, [0x496e, nil]]]]]]
0x3b830S0x4992S0x49beS0x4858S0x47b8S0x467aS0x464aB0x40c3B0x232fB0x15e2	[0x3cd6, [0x474f, [0x47d4, [0x49be, [0x4992, [0x496e, nil]]]]]]
0x3b850S0x4992S0x49beS0x4858S0x47b8S0x467aS0x464aB0x40c3B0x232fB0x15e2	[0x3cd6, [0x474f, [0x47d4, [0x49be, [0x4992, [0x496e, nil]]]]]]
0x497cS0x4992S0x49beS0x4858S0x47b8S0x467aS0x464aB0x40c3B0x232fB0x15e2	[0x3cd6, [0x474f, [0x47d4, [0x49be, [0x4992, [0x496e, nil]]]]]]
0x497dS0x4992S0x49beS0x4858S0x47b8S0x467aS0x464aB0x40c3B0x232fB0x15e2	[0x3cd6, [0x474f, [0x47d4, [0x49be, [0x4992, [0x496e, nil]]]]]]
0x4980S0x4992S0x49beS0x4858S0x47b8S0x467aS0x464aB0x40c3B0x232fB0x15e2	[0x3cd6, [0x474f, [0x47d4, [0x49be, [0x4992, [0x496e, nil]]]]]]
0x4982S0x4992S0x49beS0x4858S0x47b8S0x467aS0x464aB0x40c3B0x232fB0x15e2	[0x3cd6, [0x474f, [0x47d4, [0x49be, [0x4992, [0x496e, nil]]]]]]
0x4984S0x4992S0x49beS0x4858S0x47b8S0x467aS0x464aB0x40c3B0x232fB0x15e2	[0x3cd6, [0x474f, [0x47d4, [0x49be, [0x4992, [0x496e, nil]]]]]]
0x4985S0x4992S0x49beS0x4858S0x47b8S0x467aS0x464aB0x40c3B0x232fB0x15e2	[0x3cd6, [0x474f, [0x47d4, [0x49be, [0x4992, [0x496e, nil]]]]]]
0x497a_0x0S0x4992S0x49beS0x4858S0x47b8S0x467aS0x464aB0x40c3B0x232fB0x15e2	[0x3cd6, [0x474f, [0x47d4, [0x49be, [0x4992, [0x496e, nil]]]]]]
0x4988S0x4992S0x49beS0x4858S0x47b8S0x467aS0x464aB0x40c3B0x232fB0x15e2	[0x3cd6, [0x474f, [0x47d4, [0x49be, [0x4992, [0x496e, nil]]]]]]
0x4981S0x4992S0x49beS0x4858S0x47b8S0x467aS0x464aB0x40c3B0x232fB0x15e2	[0x3cd6, [0x474f, [0x47d4, [0x49be, [0x4992, [0x496e, nil]]]]]]
