0x0	0x0
0x40	0x40
0xf	0xf
0x4	0x4
0x8	0x8
0x1f	0x1f
0x2	0x2
0x5	0x5
0x7	0x7
0xd	0xd
0x10	0x10
0x12	0x12
0x14	0x14
0x19	0x19
0x1a	0x1a
0x24	0x24
0x25	0x25
0x2a	0x2a
0x2f	0x2f
0x30	0x30
0x35	0x35
0x3a	0x3a
0x3b	0x3b
0x45	0x45
0x4b	0x4b
0x50	0x50
0x56	0x56
0x5b	0x5b
0x61	0x61
0x66	0x66
0x6b	0x6b
0x71	0x71
0x76	0x76
0x7c	0x7c
0x81	0x81
0x87	0x87
0x8c	0x8c
0x91	0x91
0x97	0x97
0x9c	0x9c
0xa2	0xa2
0xa7	0xa7
0xad	0xad
0xb2	0xb2
0xb8	0xb8
0xbd	0xbd
0xc3	0xc3
0xc8	0xc8
0xce	0xce
0xd3	0xd3
0xd8	0xd8
0xde	0xde
0xe3	0xe3
0xe4	0xe4
0xe9	0xe9
0xee	0xee
0xf4	0xf4
0xf9	0xf9
0xff	0xff
0x104	0x104
0x10a	0x10a
0x10f	0x10f
0x115	0x115
0x11a	0x11a
0x120	0x120
0x125	0x125
0x12a	0x12a
0x130	0x130
0x135	0x135
0x13b	0x13b
0x140	0x140
0x146	0x146
0x14b	0x14b
0x151	0x151
0x156	0x156
0x15c	0x15c
0x161	0x161
0x167	0x167
0x16c	0x16c
0x171	0x171
0x177	0x177
0x17c	0x17c
0x17d	0x17d
0x182	0x182
0x187	0x187
0x188	0x188
0x18d	0x18d
0x192	0x192
0x193	0x193
0x198	0x198
0x19d	0x19d
0x1a3	0x1a3
0x1a8	0x1a8
0x1ae	0x1ae
0x1b3	0x1b3
0x1b9	0x1b9
0x1be	0x1be
0x1c3	0x1c3
0x1c9	0x1c9
0x1ce	0x1ce
0x1d4	0x1d4
0x1d9	0x1d9
0x1df	0x1df
0x1e4	0x1e4
0x1e9	0x1e9
0x1ef	0x1ef
0x1f4	0x1f4
0x1fa	0x1fa
0x1ff	0x1ff
0x205	0x205
0x20a	0x20a
0x210	0x210
0x215	0x215
0x21b	0x21b
0x220	0x220
0x226	0x226
0x22b	0x22b
0x230	0x230
0x236	0x236
0x23b	0x23b
0x23c	0x23c
0x241	0x241
0x246	0x246
0x24c	0x24c
0x251	0x251
0x257	0x257
0x25c	0x25c
0x262	0x262
0x267	0x267
0x26d	0x26d
0x272	0x272
0x278	0x278
0x27d	0x27d
0x282	0x282
0x288	0x288
0x28d	0x28d
0x293	0x293
0x298	0x298
0x29e	0x29e
0x2a3	0x2a3
0x2a9	0x2a9
0x2ae	0x2ae
0x2b4	0x2b4
0x2b9	0x2b9
0x2bf	0x2bf
0x2c4	0x2c4
0x2ca	0x2ca
0x2cf	0x2cf
0x2d2	0x2d2
0x2d5	0x2d5
0x2d6	0x2d6
0x2d8	0x2d8
0x2dd	0x2dd
0x2e4	0x2e4
0x2e6	0x2e6
0x2e7	0x2e7
0x2eb	0x2eb
0x2f1	0x2f1
0x2f4	0x2f4
0x2f7	0x2f7
0x2f8	0x2f8
0x2fa	0x2fa
0x2ff	0x2ff
0x31a	0x31a
0x31c	0x31c
0x31d	0x31d
0x321	0x321
0x327	0x327
0x32a	0x32a
0x32d	0x32d
0x32e	0x32e
0x330	0x330
0x335	0x335
0x33a	0x33a
0x33c	0x33c
0x33d	0x33d
0x341	0x341
0x347	0x347
0x34a	0x34a
0x34d	0x34d
0x34e	0x34e
0x350	0x350
0x355	0x355
0x35a	0x35a
0x35c	0x35c
0x35d	0x35d
0x361	0x361
0x367	0x367
0x36a	0x36a
0x36d	0x36d
0x36e	0x36e
0x370	0x370
0x375	0x375
0x37a	0x37a
0x37c	0x37c
0x37d	0x37d
0x381	0x381
0x387	0x387
0x38a	0x38a
0x38d	0x38d
0x38e	0x38e
0x390	0x390
0x395	0x395
0x39a	0x39a
0x39c	0x39c
0x39d	0x39d
0x3a1	0x3a1
0x3a7	0x3a7
0x3aa	0x3aa
0x3ad	0x3ad
0x3ae	0x3ae
0x3b0	0x3b0
0x3b5	0x3b5
0x3ba	0x3ba
0x3bc	0x3bc
0x3bd	0x3bd
0x3c1	0x3c1
0x3c7	0x3c7
0x3ca	0x3ca
0x3cd	0x3cd
0x3ce	0x3ce
0x3d0	0x3d0
0x3d5	0x3d5
0x3da	0x3da
0x3dc	0x3dc
0x3dd	0x3dd
0x3e1	0x3e1
0x3e7	0x3e7
0x3ea	0x3ea
0x3ed	0x3ed
0x3ee	0x3ee
0x3f0	0x3f0
0x3f5	0x3f5
0x3fa	0x3fa
0x3fc	0x3fc
0x3fd	0x3fd
0x401	0x401
0x407	0x407
0x40a	0x40a
0x40d	0x40d
0x40e	0x40e
0x410	0x410
0x415	0x415
0x41a	0x41a
0x41c	0x41c
0x41d	0x41d
0x422	0x422
0x427	0x427
0x429	0x429
0x42a	0x42a
0x42e	0x42e
0x434	0x434
0x437	0x437
0x43a	0x43a
0x43b	0x43b
0x43d	0x43d
0x442	0x442
0x447	0x447
0x449	0x449
0x44a	0x44a
0x44e	0x44e
0x454	0x454
0x457	0x457
0x45a	0x45a
0x45b	0x45b
0x45d	0x45d
0x462	0x462
0x467	0x467
0x469	0x469
0x46a	0x46a
0x46e	0x46e
0x474	0x474
0x477	0x477
0x47a	0x47a
0x47b	0x47b
0x47d	0x47d
0x482	0x482
0x487	0x487
0x489	0x489
0x48a	0x48a
0x48f	0x48f
0x494	0x494
0x496	0x496
0x497	0x497
0x49b	0x49b
0x4a1	0x4a1
0x4a4	0x4a4
0x4a7	0x4a7
0x4a8	0x4a8
0x4aa	0x4aa
0x4af	0x4af
0x4b4	0x4b4
0x4b6	0x4b6
0x4b7	0x4b7
0x4bb	0x4bb
0x4c1	0x4c1
0x4c4	0x4c4
0x4c7	0x4c7
0x4c8	0x4c8
0x4ca	0x4ca
0x4cf	0x4cf
0x4d4	0x4d4
0x4d6	0x4d6
0x4d7	0x4d7
0x4df	0x4df
0x4e4	0x4e4
0x4e6	0x4e6
0x4e7	0x4e7
0x4eb	0x4eb
0x4f1	0x4f1
0x4f4	0x4f4
0x506	0x506
0x508	0x508
0x509	0x509
0x50d	0x50d
0x513	0x513
0x516	0x516
0x519	0x519
0x51a	0x51a
0x51c	0x51c
0x521	0x521
0x533	0x533
0x535	0x535
0x536	0x536
0x53a	0x53a
0x540	0x540
0x543	0x543
0x546	0x546
0x547	0x547
0x549	0x549
0x54e	0x54e
0x553	0x553
0x555	0x555
0x556	0x556
0x55a	0x55a
0x560	0x560
0x563	0x563
0x568	0x568
0x56a	0x56a
0x56b	0x56b
0x56f	0x56f
0x575	0x575
0x578	0x578
0x57b	0x57b
0x57c	0x57c
0x57e	0x57e
0x583	0x583
0x588	0x588
0x58a	0x58a
0x58b	0x58b
0x58f	0x58f
0x595	0x595
0x598	0x598
0x59b	0x59b
0x59c	0x59c
0x59e	0x59e
0x5a3	0x5a3
0x5a8	0x5a8
0x5aa	0x5aa
0x5ab	0x5ab
0x5af	0x5af
0x5b5	0x5b5
0x5b8	0x5b8
0x5bb	0x5bb
0x5bc	0x5bc
0x5be	0x5be
0x5c3	0x5c3
0x5c8	0x5c8
0x5ca	0x5ca
0x5cb	0x5cb
0x5cf	0x5cf
0x5d5	0x5d5
0x5d8	0x5d8
0x5db	0x5db
0x5dc	0x5dc
0x5de	0x5de
0x5e3	0x5e3
0x5e8	0x5e8
0x5ea	0x5ea
0x5eb	0x5eb
0x5ef	0x5ef
0x5f5	0x5f5
0x5f8	0x5f8
0x5fb	0x5fb
0x5fc	0x5fc
0x5fe	0x5fe
0x603	0x603
0x608	0x608
0x60a	0x60a
0x60b	0x60b
0x60f	0x60f
0x615	0x615
0x618	0x618
0x61d	0x61d
0x61f	0x61f
0x620	0x620
0x624	0x624
0x62a	0x62a
0x62d	0x62d
0x632	0x632
0x634	0x634
0x635	0x635
0x639	0x639
0x63f	0x63f
0x642	0x642
0x645	0x645
0x646	0x646
0x648	0x648
0x64d	0x64d
0x652	0x652
0x654	0x654
0x655	0x655
0x659	0x659
0x65f	0x65f
0x662	0x662
0x665	0x665
0x666	0x666
0x668	0x668
0x66d	0x66d
0x672	0x672
0x674	0x674
0x675	0x675
0x679	0x679
0x67f	0x67f
0x682	0x682
0x685	0x685
0x686	0x686
0x688	0x688
0x68d	0x68d
0x692	0x692
0x694	0x694
0x695	0x695
0x699	0x699
0x69f	0x69f
0x6a2	0x6a2
0x6a5	0x6a5
0x6a6	0x6a6
0x6a8	0x6a8
0x6ad	0x6ad
0x6b2	0x6b2
0x6b4	0x6b4
0x6b5	0x6b5
0x6b9	0x6b9
0x6bf	0x6bf
0x6c2	0x6c2
0x6c5	0x6c5
0x6c6	0x6c6
0x6c8	0x6c8
0x6d2	0x6d2
0x6d4	0x6d4
0x6d5	0x6d5
0x6d9	0x6d9
0x6df	0x6df
0x6e2	0x6e2
0x6e7	0x6e7
0x6e9	0x6e9
0x6ea	0x6ea
0x6ee	0x6ee
0x6f4	0x6f4
0x6f7	0x6f7
0x6fa	0x6fa
0x6fb	0x6fb
0x6fd	0x6fd
0x702	0x702
0x707	0x707
0x709	0x709
0x70a	0x70a
0x70e	0x70e
0x714	0x714
0x717	0x717
0x71c	0x71c
0x71e	0x71e
0x71f	0x71f
0x723	0x723
0x729	0x729
0x72c	0x72c
0x72f	0x72f
0x730	0x730
0x732	0x732
0x737	0x737
0x73c	0x73c
0x73e	0x73e
0x73f	0x73f
0x743	0x743
0x749	0x749
0x74c	0x74c
0x751	0x751
0x753	0x753
0x754	0x754
0x758	0x758
0x75e	0x75e
0x761	0x761
0x764	0x764
0x765	0x765
0x767	0x767
0x76c	0x76c
0x771	0x771
0x773	0x773
0x774	0x774
0x779	0x779
0x77e	0x77e
0x780	0x780
0x781	0x781
0x785	0x785
0x78b	0x78b
0x78e	0x78e
0x793	0x793
0x795	0x795
0x796	0x796
0x79b	0x79b
0x7a0	0x7a0
0x7a2	0x7a2
0x7a3	0x7a3
0x7a7	0x7a7
0x7ad	0x7ad
0x7b0	0x7b0
0x7b5	0x7b5
0x7b7	0x7b7
0x7b8	0x7b8
0x7bc	0x7bc
0x7c2	0x7c2
0x7c5	0x7c5
0x7ca	0x7ca
0x7cc	0x7cc
0x7cd	0x7cd
0x7d1	0x7d1
0x7d7	0x7d7
0x7da	0x7da
0x7dd	0x7dd
0x7de	0x7de
0x7e0	0x7e0
0x7e5	0x7e5
0x7ea	0x7ea
0x7ec	0x7ec
0x7ed	0x7ed
0x7f1	0x7f1
0x7f7	0x7f7
0x7fa	0x7fa
0x7fd	0x7fd
0x7fe	0x7fe
0x800	0x800
0x805	0x805
0x80a	0x80a
0x80c	0x80c
0x80d	0x80d
0x811	0x811
0x817	0x817
0x81a	0x81a
0x81d	0x81d
0x81e	0x81e
0x820	0x820
0x825	0x825
0x82a	0x82a
0x82c	0x82c
0x82d	0x82d
0x831	0x831
0x837	0x837
0x83a	0x83a
0x83d	0x83d
0x83e	0x83e
0x840	0x840
0x845	0x845
0x84a	0x84a
0x84c	0x84c
0x84d	0x84d
0x851	0x851
0x857	0x857
0x85a	0x85a
0x85f	0x85f
0x862	0x862
0x865	0x865
0x866	0x866
0x868	0x868
0x86d	0x86d
0x872	0x872
0x874	0x874
0x875	0x875
0x879	0x879
0x87f	0x87f
0x882	0x882
0x887	0x887
0x889	0x889
0x88a	0x88a
0x88e	0x88e
0x894	0x894
0x897	0x897
0x89c	0x89c
0x89e	0x89e
0x89f	0x89f
0x8a3	0x8a3
0x8a9	0x8a9
0x8ac	0x8ac
0x8af	0x8af
0x8b0	0x8b0
0x8b2	0x8b2
0x8b7	0x8b7
0x8bc	0x8bc
0x8be	0x8be
0x8bf	0x8bf
0x8c3	0x8c3
0x8c9	0x8c9
0x8cc	0x8cc
0x8d1	0x8d1
0x8d4	0x8d4
0x8d9	0x8d9
0x8db	0x8db
0x8df	0x8df
0x8e7	0x8e7
0x8e8	0x8e8
0x8e9	0x8e9
0x8ed	0x8ed
0x8ef	0x8ef
0x8f0	0x8f0
0x8f4	0x8f4
0x8f6	0x8f6
0x8f9	0x8f9
0x8fb	0x8fb
0x8fc	0x8fc
0x900	0x900
0x90e	0x90e
0x913	0x913
0x915	0x915
0x918	0x918
0x91b	0x91b
0x91c	0x91c
0x91d	0x91d
0x91f	0x91f
0x921	0x921
0x923	0x923
0x924	0x924
0x925	0x925
0x927	0x927
0x92b	0x92b
0x92d	0x92d
0x92e	0x92e
0x932	0x932
0x934	0x934
0x937	0x937
0x939	0x939
0x93a	0x93a
0x93e	0x93e
0x943	0x943
0x946	0x946
0x947	0x947
0x94c	0x94c
0x94e	0x94e
0x953	0x953
0x957	0x957
0x959	0x959
0x95a	0x95a
0x95c	0x95c
0x95e	0x95e
0x960	0x960
0x961	0x961
0x964	0x964
0x965	0x965
0x967	0x967
0x96a	0x96a
0x96b	0x96b
0x974	0x974
0x977	0x977
0x979	0x979
0x97f	0x97f
0x985	0x985
0x98e	0x98e
0x98f	0x98f
0x995	0x995
0x99b	0x99b
0x99d	0x99d
0x99e	0x99e
0x9a3	0x9a3
0x9a5	0x9a5
0x9aa	0x9aa
0x9ac	0x9ac
0x9ae	0x9ae
0x9b0	0x9b0
0x9b1	0x9b1
0x9b3	0x9b3
0x9b5	0x9b5
0x9bb	0x9bb
0x9c5	0x9c5
0x9cb	0x9cb
0x9cd	0x9cd
0x9ce	0x9ce
0x9d3	0x9d3
0x9d5	0x9d5
0x9d7	0x9d7
0x9da	0x9da
0x9dc	0x9dc
0x9e0	0x9e0
0x9e1	0x9e1
0x9e3	0x9e3
0x9e4	0x9e4
0x9e8	0x9e8
0x9ee	0x9ee
0x9ef	0x9ef
0x9f0	0x9f0
0x9f2	0x9f2
0x9f3	0x9f3
0x9f7	0x9f7
0x9f8	0x9f8
0x9fc	0x9fc
0x9fd	0x9fd
0xa06	0xa06
0xa08	0xa08
0xa0a	0xa0a
0xa0c	0xa0c
0xa0d	0xa0d
0xa0e	0xa0e
0xa11	0xa11
0xa13	0xa13
0xa14	0xa14
0xa35	0xa35
0xa37	0xa37
0xa38	0xa38
0xa3a	0xa3a
0xa3d	0xa3d
0xa5d	0xa5d
0xa60	0xa60
0xa65	0xa65
0xa6f	0xa6f
0xa73	0xa73
0xa74	0xa74
0xa75	0xa75
0xa78	0xa78
0xa79	0xa79
0xa7a	0xa7a
0xa7c	0xa7c
0xa7e	0xa7e
0xa80	0xa80
0xa81	0xa81
0xa83	0xa83
0xa84	0xa84
0xa89	0xa89
0xa8b	0xa8b
0xa90	0xa90
0xa94	0xa94
0xa9c	0xa9c
0xa9d	0xa9d
0xaa2	0xaa2
0xaa3	0xaa3
0xaa4	0xaa4
0xaa6	0xaa6
0xaa9	0xaa9
0xaaa	0xaaa
0xaab	0xaab
0xab1	0xab1
0xab2	0xab2
0xab3	0xab3
0xab7	0xab7
0xab9	0xab9
0xaba	0xaba
0xabe	0xabe
0xac0	0xac0
0xac3	0xac3
0xac5	0xac5
0xac6	0xac6
0xaca	0xaca
0xacf	0xacf
0xad1	0xad1
0xad2	0xad2
0xad5	0xad5
0xad7	0xad7
0xad9	0xad9
0xada	0xada
0xadb	0xadb
0xae0	0xae0
0xae1	0xae1
0xae5	0xae5
0xae7	0xae7
0xae8	0xae8
0xaec	0xaec
0xaee	0xaee
0xaf1	0xaf1
0xaf3	0xaf3
0xaf4	0xaf4
0xaf8	0xaf8
0xafd	0xafd
0xb01	0xb01
0xb03	0xb03
0xb04	0xb04
0xb06	0xb06
0xb07	0xb07
0xb09	0xb09
0xb0d	0xb0d
0xb0e	0xb0e
0xb11	0xb11
0xb12	0xb12
0xb13	0xb13
0xb15	0xb15
0xb16	0xb16
0xb18	0xb18
0xb1a	0xb1a
0xb1c	0xb1c
0xb1d	0xb1d
0xb1f	0xb1f
0xb21	0xb21
0xb24	0xb24
0xb26	0xb26
0xb29	0xb29
0xb2a	0xb2a
0xb2c	0xb2c
0xb36	0xb36
0xb3c	0xb3c
0xb41	0xb41
0xb43	0xb43
0xb46	0xb46
0xb50	0xb50
0xb52	0xb52
0xb55	0xb55
0xb5a	0xb5a
0xb5d	0xb5d
0xb5e	0xb5e
0xf74	0xf74
0xf79	0xf79
0xf7b	0xf7b
0xf7e	0xf7e
0xf81	0xf81
0xf82	0xf82
0xf84	0xf84
0xf85	0xf85
0xf89	0xf89
0xf8e	0xf8e
0xf90	0xf90
0xf93	0xf93
0xf96	0xf96
0xf97	0xf97
0xf99	0xf99
0xf9a	0xf9a
0xf9b	0xf9b
0xf9f	0xf9f
0xfa2	0xfa2
0xfa7	0xfa7
0xfab	0xfab
0xfad	0xfad
0xfae	0xfae
0xfb2	0xfb2
0xfb4	0xfb4
0xfb7	0xfb7
0xfb9	0xfb9
0xfba	0xfba
0xfbe	0xfbe
0xfc3	0xfc3
0xfc8	0xfc8
0xfd1	0xfd1
0xfd4	0xfd4
0xfd9	0xfd9
0xfdc	0xfdc
0xfde	0xfde
0xfdf	0xfdf
0xfe3	0xfe3
0xff6	0xff6
0xffa	0xffa
0xffc	0xffc
0xffd	0xffd
0x1001	0x1001
0x1003	0x1003
0x1006	0x1006
0x1008	0x1008
0x1009	0x1009
0x100d	0x100d
0x1012	0x1012
0x1015	0x1015
0x1017	0x1017
0x1018	0x1018
0x101c	0x101c
0x102f	0x102f
0x1031	0x1031
0x1032	0x1032
0x1034	0x1034
0x1036	0x1036
0x1038	0x1038
0x1039	0x1039
0x103b	0x103b
0x103d	0x103d
0x105f	0x105f
0x1064	0x1064
0x1067	0x1067
0x1068	0x1068
0x106a	0x106a
0x106b	0x106b
0x1070	0x1070
0x1073	0x1073
0x1078	0x1078
0x107a	0x107a
0x107c	0x107c
0x107e	0x107e
0x107f	0x107f
0x1080	0x1080
0x1082	0x1082
0x1084	0x1084
0x1086	0x1086
0x1088	0x1088
0x1089	0x1089
0x108a	0x108a
0x108b	0x108b
0x108c	0x108c
0x1090	0x1090
0x1092	0x1092
0x1093	0x1093
0x1097	0x1097
0x1099	0x1099
0x109c	0x109c
0x109e	0x109e
0x109f	0x109f
0x10a3	0x10a3
0x1156	0x1156
0x1159	0x1159
0x115e	0x115e
0x1161	0x1161
0x1166	0x1166
0x116b	0x116b
0x116d	0x116d
0x1172	0x1172
0x1176	0x1176
0x1177	0x1177
0x1179	0x1179
0x117a	0x117a
0x117c	0x117c
0x117e	0x117e
0x1180	0x1180
0x1181	0x1181
0x1184	0x1184
0x1186	0x1186
0x1190	0x1190
0x1194	0x1194
0x1195	0x1195
0x1196	0x1196
0x1199	0x1199
0x119a	0x119a
0x119e	0x119e
0x11a8	0x11a8
0x11a9	0x11a9
0x11ae	0x11ae
0x11b1	0x11b1
0x11b2	0x11b2
0x11b4	0x11b4
0x11b7	0x11b7
0x11b8	0x11b8
0x11bf	0x11bf
0x11c0	0x11c0
0x11c4	0x11c4
0x11c5	0x11c5
0x11c6	0x11c6
0x11c8	0x11c8
0x11ca	0x11ca
0x11cc	0x11cc
0x11cd	0x11cd
0x11cf	0x11cf
0x11d0	0x11d0
0x11d5	0x11d5
0x11db	0x11db
0x11e4	0x11e4
0x11e9	0x11e9
0x11ed	0x11ed
0x11ee	0x11ee
0x11ef	0x11ef
0x11f1	0x11f1
0x11f4	0x11f4
0x11f5	0x11f5
0x11f6	0x11f6
0x11fc	0x11fc
0x11fd	0x11fd
0x11fe	0x11fe
0x1202	0x1202
0x1204	0x1204
0x1205	0x1205
0x1209	0x1209
0x120b	0x120b
0x120e	0x120e
0x1210	0x1210
0x1211	0x1211
0x1215	0x1215
0x121a	0x121a
0x121c	0x121c
0x1220	0x1220
0x1221	0x1221
0x1222	0x1222
0x1224	0x1224
0x1227	0x1227
0x1228	0x1228
0x1229	0x1229
0x122f	0x122f
0x1230	0x1230
0x1234	0x1234
0x1236	0x1236
0x1237	0x1237
0x123b	0x123b
0x123d	0x123d
0x1240	0x1240
0x1242	0x1242
0x1243	0x1243
0x1247	0x1247
0x124d	0x124d
0x124f	0x124f
0x1250	0x1250
0x1252	0x1252
0x1253	0x1253
0x1257	0x1257
0x1259	0x1259
0x125a	0x125a
0x125e	0x125e
0x1260	0x1260
0x1263	0x1263
0x1265	0x1265
0x1266	0x1266
0x126a	0x126a
0x126f	0x126f
0x1273	0x1273
0x1275	0x1275
0x1276	0x1276
0x1278	0x1278
0x1279	0x1279
0x127a	0x127a
0x127c	0x127c
0x1280	0x1280
0x1281	0x1281
0x1286	0x1286
0x1288	0x1288
0x128b	0x128b
0x1290	0x1290
0x1291	0x1291
0x1293	0x1293
0x1294	0x1294
0x1299	0x1299
0x129b	0x129b
0x129e	0x129e
0x12a0	0x12a0
0x12a2	0x12a2
0x12a4	0x12a4
0x12a5	0x12a5
0x12a8	0x12a8
0x12ac	0x12ac
0x12b2	0x12b2
0x12ba	0x12ba
0x12bb	0x12bb
0x12c0	0x12c0
0x12c2	0x12c2
0x12c4	0x12c4
0x12c7	0x12c7
0x12c9	0x12c9
0x12cd	0x12cd
0x12ce	0x12ce
0x12d0	0x12d0
0x12d1	0x12d1
0x12d5	0x12d5
0x12db	0x12db
0x12dc	0x12dc
0x12dd	0x12dd
0x12df	0x12df
0x12e0	0x12e0
0x12e4	0x12e4
0x12e5	0x12e5
0x12e9	0x12e9
0x12ea	0x12ea
0x12f1	0x12f1
0x12f5	0x12f5
0x12f6	0x12f6
0x12f7	0x12f7
0x12f9	0x12f9
0x12fd	0x12fd
0x12fe	0x12fe
0x12ff	0x12ff
0x1306	0x1306
0x1308	0x1308
0x130a	0x130a
0x130c	0x130c
0x130d	0x130d
0x130e	0x130e
0x1310	0x1310
0x1312	0x1312
0x1313	0x1313
0x1316	0x1316
0x1317	0x1317
0x1319	0x1319
0x1323	0x1323
0x1325	0x1325
0x1326	0x1326
0x1328	0x1328
0x132a	0x132a
0x132b	0x132b
0x132c	0x132c
0x132e	0x132e
0x132f	0x132f
0x1335	0x1335
0x133a	0x133a
0x133c	0x133c
0x133f	0x133f
0x13dc	0x13dc
0x13de	0x13de
0x13e1	0x13e1
0x13e6	0x13e6
0x13e9	0x13e9
0x13ea	0x13ea
0x13eb	0x13eb
0x13ed	0x13ed
0x13ef	0x13ef
0x13f1	0x13f1
0x13f2	0x13f2
0x13f3	0x13f3
0x13f7	0x13f7
0x13fa	0x13fa
0x13ff	0x13ff
0x1404	0x1404
0x1406	0x1406
0x1409	0x1409
0x142b	0x142b
0x1432	0x1432
0x1434	0x1434
0x1439	0x1439
0x143e	0x143e
0x1442	0x1442
0x144a	0x144a
0x144c	0x144c
0x144d	0x144d
0x1450	0x1450
0x1451	0x1451
0x1452	0x1452
0x1455	0x1455
0x1456	0x1456
0x1457	0x1457
0x145b	0x145b
0x145c	0x145c
0x1461	0x1461
0x1465	0x1465
0x146a	0x146a
0x146c	0x146c
0x146d	0x146d
0x146f	0x146f
0x1471	0x1471
0x1473	0x1473
0x1474	0x1474
0x1475	0x1475
0x155d	0x155d
0x1560	0x1560
0x1565	0x1565
0x1568	0x1568
0x1569	0x1569
0x156e	0x156e
0x1570	0x1570
0x1573	0x1573
0x1576	0x1576
0x1577	0x1577
0x157a	0x157a
0x157b	0x157b
0x157c	0x157c
0x1580	0x1580
0x1582	0x1582
0x1583	0x1583
0x1587	0x1587
0x1589	0x1589
0x158c	0x158c
0x158e	0x158e
0x158f	0x158f
0x1593	0x1593
0x1599	0x1599
0x159b	0x159b
0x159c	0x159c
0x15a1	0x15a1
0x15a3	0x15a3
0x15a6	0x15a6
0x15a9	0x15a9
0x1631	0x1631
0x1633	0x1633
0x1638	0x1638
0x163d	0x163d
0x1641	0x1641
0x1649	0x1649
0x164f	0x164f
0x1650	0x1650
0x1651	0x1651
0x1653	0x1653
0x1657	0x1657
0x1659	0x1659
0x166f	0x166f
0x1671	0x1671
0x1674	0x1674
0x1679	0x1679
0x167c	0x167c
0x167d	0x167d
0x167e	0x167e
0x1680	0x1680
0x1682	0x1682
0x1684	0x1684
0x1685	0x1685
0x1686	0x1686
0x171e	0x171e
0x1721	0x1721
0x1727	0x1727
0x1729	0x1729
0x172a	0x172a
0x172b	0x172b
0x172c	0x172c
0x1730	0x1730
0x1732	0x1732
0x1733	0x1733
0x1737	0x1737
0x1739	0x1739
0x173c	0x173c
0x173e	0x173e
0x173f	0x173f
0x1743	0x1743
0x1748	0x1748
0x176b	0x176b
0x176d	0x176d
0x176e	0x176e
0x1772	0x1772
0x17b8	0x17b8
0x17ba	0x17ba
0x17be	0x17be
0x17c1	0x17c1
0x17c6	0x17c6
0x17c9	0x17c9
0x17cb	0x17cb
0x17cc	0x17cc
0x17d0	0x17d0
0x17d5	0x17d5
0x17d9	0x17d9
0x17db	0x17db
0x17dc	0x17dc
0x17e0	0x17e0
0x17e2	0x17e2
0x17e5	0x17e5
0x17e7	0x17e7
0x17e8	0x17e8
0x17ec	0x17ec
0x17f1	0x17f1
0x17f4	0x17f4
0x17f6	0x17f6
0x17f7	0x17f7
0x17fb	0x17fb
0x1800	0x1800
0x1802	0x1802
0x1803	0x1803
0x1805	0x1805
0x1807	0x1807
0x1809	0x1809
0x180a	0x180a
0x180c	0x180c
0x180e	0x180e
0x1830	0x1830
0x1835	0x1835
0x1838	0x1838
0x1839	0x1839
0x183b	0x183b
0x183c	0x183c
0x1841	0x1841
0x1846	0x1846
0x1849	0x1849
0x184e	0x184e
0x1858	0x1858
0x185c	0x185c
0x185d	0x185d
0x185e	0x185e
0x1861	0x1861
0x1862	0x1862
0x1863	0x1863
0x1865	0x1865
0x1867	0x1867
0x1869	0x1869
0x186a	0x186a
0x186c	0x186c
0x186d	0x186d
0x1872	0x1872
0x1874	0x1874
0x1879	0x1879
0x187d	0x187d
0x1886	0x1886
0x1888	0x1888
0x1889	0x1889
0x188c	0x188c
0x1890	0x1890
0x1893	0x1893
0x1896	0x1896
0x1897	0x1897
0x189a	0x189a
0x189c	0x189c
0x189f	0x189f
0x18a1	0x18a1
0x18a3	0x18a3
0x18a6	0x18a6
0x18a8	0x18a8
0x18aa	0x18aa
0x18b6	0x18b6
0x18b9	0x18b9
0x18bd	0x18bd
0x18be	0x18be
0x18c2	0x18c2
0x18c4	0x18c4
0x18c6	0x18c6
0x18c9	0x18c9
0x18cc	0x18cc
0x18ce	0x18ce
0x18d0	0x18d0
0x18d4	0x18d4
0x18d5	0x18d5
0x18d7	0x18d7
0x18d9	0x18d9
0x18db	0x18db
0x18dc	0x18dc
0x18dd	0x18dd
0x18e0	0x18e0
0x18e4	0x18e4
0x18e6	0x18e6
0x18e8	0x18e8
0x18eb	0x18eb
0x18ec	0x18ec
0x18f8	0x18f8
0x18fa	0x18fa
0x18fb	0x18fb
0x18fe	0x18fe
0x1900	0x1900
0x1902	0x1902
0x1904	0x1904
0x1905	0x1905
0x1907	0x1907
0x1908	0x1908
0x190a	0x190a
0x190d	0x190d
0x190e	0x190e
0x1918	0x1918
0x191a	0x191a
0x191d	0x191d
0x191f	0x191f
0x1920	0x1920
0x1924	0x1924
0x1926	0x1926
0x1928	0x1928
0x192b	0x192b
0x192e	0x192e
0x1930	0x1930
0x1932	0x1932
0x1936	0x1936
0x1937	0x1937
0x1939	0x1939
0x193b	0x193b
0x193d	0x193d
0x193e	0x193e
0x193f	0x193f
0x1942	0x1942
0x1946	0x1946
0x1948	0x1948
0x194a	0x194a
0x194d	0x194d
0x194e	0x194e
0x195b	0x195b
0x195f	0x195f
0x1960	0x1960
0x1961	0x1961
0x1965	0x1965
0x1967	0x1967
0x1969	0x1969
0x196c	0x196c
0x196d	0x196d
0x196e	0x196e
0x1974	0x1974
0x1977	0x1977
0x1978	0x1978
0x1979	0x1979
0x1981	0x1981
0x1983	0x1983
0x1984	0x1984
0x1987	0x1987
0x1988	0x1988
0x1997	0x1997
0x1999	0x1999
0x199a	0x199a
0x199c	0x199c
0x19a0	0x19a0
0x19a2	0x19a2
0x19a6	0x19a6
0x19a8	0x19a8
0x1a54	0x1a54
0x1a57	0x1a57
0x1a5c	0x1a5c
0x1a5f	0x1a5f
0x1a61	0x1a61
0x1a62	0x1a62
0x1a66	0x1a66
0x1a6b	0x1a6b
0x1a6c	0x1a6c
0x1a70	0x1a70
0x1a72	0x1a72
0x1a73	0x1a73
0x1a77	0x1a77
0x1a79	0x1a79
0x1a7c	0x1a7c
0x1a7e	0x1a7e
0x1a7f	0x1a7f
0x1a83	0x1a83
0x1a88	0x1a88
0x1a8b	0x1a8b
0x1a8d	0x1a8d
0x1a8e	0x1a8e
0x1a92	0x1a92
0x1aa5	0x1aa5
0x1aa7	0x1aa7
0x1aa8	0x1aa8
0x1aaa	0x1aaa
0x1aac	0x1aac
0x1aae	0x1aae
0x1aaf	0x1aaf
0x1ab1	0x1ab1
0x1ab3	0x1ab3
0x1ad5	0x1ad5
0x1ada	0x1ada
0x1add	0x1add
0x1ade	0x1ade
0x1ae0	0x1ae0
0x1ae5	0x1ae5
0x1aea	0x1aea
0x1aec	0x1aec
0x1aef	0x1aef
0x1af2	0x1af2
0x1af3	0x1af3
0x1af5	0x1af5
0x1af6	0x1af6
0x1af7	0x1af7
0x1afb	0x1afb
0x1afe	0x1afe
0x1b03	0x1b03
0x1b07	0x1b07
0x1b09	0x1b09
0x1b0a	0x1b0a
0x1b0e	0x1b0e
0x1b10	0x1b10
0x1b13	0x1b13
0x1b15	0x1b15
0x1b16	0x1b16
0x1b1a	0x1b1a
0x1b1f	0x1b1f
0x1b21	0x1b21
0x1b25	0x1b25
0x1b28	0x1b28
0x1b2d	0x1b2d
0x1b2f	0x1b2f
0x1b33	0x1b33
0x1b3b	0x1b3b
0x1b3c	0x1b3c
0x1b3d	0x1b3d
0x1b3e	0x1b3e
0x1b42	0x1b42
0x1b44	0x1b44
0x1b45	0x1b45
0x1b49	0x1b49
0x1b4b	0x1b4b
0x1b4e	0x1b4e
0x1b50	0x1b50
0x1b51	0x1b51
0x1b55	0x1b55
0x1b5a	0x1b5a
0x1b5f	0x1b5f
0x1b61	0x1b61
0x1b64	0x1b64
0x1b67	0x1b67
0x1b68	0x1b68
0x1b69	0x1b69
0x1b6b	0x1b6b
0x1b6d	0x1b6d
0x1b6f	0x1b6f
0x1b70	0x1b70
0x1b71	0x1b71
0x1b73	0x1b73
0x1b77	0x1b77
0x1b79	0x1b79
0x1b7a	0x1b7a
0x1b7e	0x1b7e
0x1b80	0x1b80
0x1b83	0x1b83
0x1b85	0x1b85
0x1b86	0x1b86
0x1b8a	0x1b8a
0x1b8f	0x1b8f
0x1b92	0x1b92
0x1b93	0x1b93
0x1b95	0x1b95
0x1b98	0x1b98
0x1b99	0x1b99
0x1b9d	0x1b9d
0x1b9f	0x1b9f
0x1ba0	0x1ba0
0x1ba4	0x1ba4
0x1ba6	0x1ba6
0x1ba9	0x1ba9
0x1bab	0x1bab
0x1bac	0x1bac
0x1bb0	0x1bb0
0x1bb5	0x1bb5
0x1bb8	0x1bb8
0x1bba	0x1bba
0x1bbc	0x1bbc
0x1bbe	0x1bbe
0x1bbf	0x1bbf
0x1bc0	0x1bc0
0x1bc1	0x1bc1
0x1bc6	0x1bc6
0x1bc8	0x1bc8
0x1bca	0x1bca
0x1bcf	0x1bcf
0x1bd0	0x1bd0
0x1bd2	0x1bd2
0x1bd5	0x1bd5
0x1bd7	0x1bd7
0x1bd8	0x1bd8
0x1bda	0x1bda
0x1bdc	0x1bdc
0x1bdf	0x1bdf
0x1be1	0x1be1
0x1be5	0x1be5
0x1be6	0x1be6
0x1be8	0x1be8
0x1be9	0x1be9
0x1bed	0x1bed
0x1bf3	0x1bf3
0x1bf4	0x1bf4
0x1bf5	0x1bf5
0x1bf7	0x1bf7
0x1bf8	0x1bf8
0x1bfc	0x1bfc
0x1bfd	0x1bfd
0x1c01	0x1c01
0x1c02	0x1c02
0x1c0a	0x1c0a
0x1c0c	0x1c0c
0x1c0d	0x1c0d
0x1c0e	0x1c0e
0x1c10	0x1c10
0x1c11	0x1c11
0x1c14	0x1c14
0x1c15	0x1c15
0x1c17	0x1c17
0x1c19	0x1c19
0x1c1e	0x1c1e
0x1c20	0x1c20
0x1c25	0x1c25
0x1c2c	0x1c2c
0x1c2e	0x1c2e
0x1c30	0x1c30
0x1c32	0x1c32
0x1c33	0x1c33
0x1c35	0x1c35
0x1c36	0x1c36
0x1c3a	0x1c3a
0x1c3c	0x1c3c
0x1c3d	0x1c3d
0x1c41	0x1c41
0x1c43	0x1c43
0x1c46	0x1c46
0x1c48	0x1c48
0x1c49	0x1c49
0x1c4d	0x1c4d
0x1c53	0x1c53
0x1c55	0x1c55
0x1c57	0x1c57
0x1c59	0x1c59
0x1c5a	0x1c5a
0x1c5b	0x1c5b
0x1c5c	0x1c5c
0x1c62	0x1c62
0x1c64	0x1c64
0x1c66	0x1c66
0x1c6b	0x1c6b
0x1c6c	0x1c6c
0x1c6e	0x1c6e
0x1c71	0x1c71
0x1c73	0x1c73
0x1c74	0x1c74
0x1c76	0x1c76
0x1c78	0x1c78
0x1c7b	0x1c7b
0x1c80	0x1c80
0x1c81	0x1c81
0x1c83	0x1c83
0x1c84	0x1c84
0x1c88	0x1c88
0x1c8e	0x1c8e
0x1c8f	0x1c8f
0x1c90	0x1c90
0x1c92	0x1c92
0x1c93	0x1c93
0x1c97	0x1c97
0x1c98	0x1c98
0x1c9c	0x1c9c
0x1c9d	0x1c9d
0x1ca3	0x1ca3
0x1ca5	0x1ca5
0x1ca6	0x1ca6
0x1cab	0x1cab
0x1cad	0x1cad
0x1cb0	0x1cb0
0x1cb2	0x1cb2
0x1cb4	0x1cb4
0x1cb6	0x1cb6
0x1cb7	0x1cb7
0x1cb9	0x1cb9
0x1cbc	0x1cbc
0x1cc3	0x1cc3
0x1ccc	0x1ccc
0x1cce	0x1cce
0x1ccf	0x1ccf
0x1cd4	0x1cd4
0x1cd6	0x1cd6
0x1cd8	0x1cd8
0x1cdb	0x1cdb
0x1cdd	0x1cdd
0x1ce1	0x1ce1
0x1ce2	0x1ce2
0x1ce4	0x1ce4
0x1ce5	0x1ce5
0x1ce9	0x1ce9
0x1cef	0x1cef
0x1cf0	0x1cf0
0x1cf1	0x1cf1
0x1cf3	0x1cf3
0x1cf4	0x1cf4
0x1cf8	0x1cf8
0x1cf9	0x1cf9
0x1cfd	0x1cfd
0x1cfe	0x1cfe
0x1d06	0x1d06
0x1d08	0x1d08
0x1d09	0x1d09
0x1d0a	0x1d0a
0x1d0c	0x1d0c
0x1d0d	0x1d0d
0x1d10	0x1d10
0x1d11	0x1d11
0x1d13	0x1d13
0x1d15	0x1d15
0x1d1a	0x1d1a
0x1d1c	0x1d1c
0x1d21	0x1d21
0x1d27	0x1d27
0x1d2a	0x1d2a
0x1d2b	0x1d2b
0x1d30	0x1d30
0x1d32	0x1d32
0x1d37	0x1d37
0x1d3b	0x1d3b
0x1d3d	0x1d3d
0x1d3e	0x1d3e
0x1d40	0x1d40
0x1d42	0x1d42
0x1d44	0x1d44
0x1d45	0x1d45
0x1d48	0x1d48
0x1d49	0x1d49
0x1d4b	0x1d4b
0x1d4e	0x1d4e
0x1d4f	0x1d4f
0x1d58	0x1d58
0x1d5b	0x1d5b
0x1d5d	0x1d5d
0x1d63	0x1d63
0x1d69	0x1d69
0x1d72	0x1d72
0x1d73	0x1d73
0x1d79	0x1d79
0x1d7f	0x1d7f
0x1d85	0x1d85
0x1d87	0x1d87
0x1d89	0x1d89
0x1d8b	0x1d8b
0x1d8c	0x1d8c
0x1d8d	0x1d8d
0x1d8e	0x1d8e
0x1d96	0x1d96
0x1d99	0x1d99
0x1d9b	0x1d9b
0x1d9d	0x1d9d
0x1da2	0x1da2
0x1da3	0x1da3
0x1da5	0x1da5
0x1da8	0x1da8
0x1daa	0x1daa
0x1dab	0x1dab
0x1db5	0x1db5
0x1dba	0x1dba
0x1dbc	0x1dbc
0x1dbe	0x1dbe
0x1dc1	0x1dc1
0x1dc3	0x1dc3
0x1dc7	0x1dc7
0x1dc8	0x1dc8
0x1dca	0x1dca
0x1dcb	0x1dcb
0x1dcf	0x1dcf
0x1dd5	0x1dd5
0x1dd6	0x1dd6
0x1dd7	0x1dd7
0x1dd9	0x1dd9
0x1dda	0x1dda
0x1dde	0x1dde
0x1ddf	0x1ddf
0x1de3	0x1de3
0x1de4	0x1de4
0x1ded	0x1ded
0x1def	0x1def
0x1df1	0x1df1
0x1df3	0x1df3
0x1df4	0x1df4
0x1df5	0x1df5
0x1df8	0x1df8
0x1dfa	0x1dfa
0x1dfb	0x1dfb
0x1e1c	0x1e1c
0x1e1e	0x1e1e
0x1e1f	0x1e1f
0x1e21	0x1e21
0x1e24	0x1e24
0x1e34	0x1e34
0x1e36	0x1e36
0x1e37	0x1e37
0x1e3b	0x1e3b
0x1e40	0x1e40
0x1e42	0x1e42
0x1e46	0x1e46
0x1e49	0x1e49
0x1e4e	0x1e4e
0x1e51	0x1e51
0x1e53	0x1e53
0x1e54	0x1e54
0x1e58	0x1e58
0x1e5d	0x1e5d
0x1e5e	0x1e5e
0x1e62	0x1e62
0x1e64	0x1e64
0x1e65	0x1e65
0x1e69	0x1e69
0x1e6b	0x1e6b
0x1e6e	0x1e6e
0x1e70	0x1e70
0x1e71	0x1e71
0x1e75	0x1e75
0x1e7a	0x1e7a
0x1e7d	0x1e7d
0x1e7f	0x1e7f
0x1e80	0x1e80
0x1e84	0x1e84
0x1e89	0x1e89
0x1e8b	0x1e8b
0x1e8c	0x1e8c
0x1e8e	0x1e8e
0x1e90	0x1e90
0x1e92	0x1e92
0x1e93	0x1e93
0x1e95	0x1e95
0x1e97	0x1e97
0x1eb9	0x1eb9
0x1ebe	0x1ebe
0x1ec1	0x1ec1
0x1ec2	0x1ec2
0x1ec4	0x1ec4
0x1efc	0x1efc
0x1eff	0x1eff
0x1f00	0x1f00
0x1f05	0x1f05
0x1f07	0x1f07
0x1f0a	0x1f0a
0x1f0d	0x1f0d
0x1f0e	0x1f0e
0x1f10	0x1f10
0x1f11	0x1f11
0x1f17	0x1f17
0x1f1e	0x1f1e
0x1f20	0x1f20
0x1f21	0x1f21
0x1f26	0x1f26
0x1f29	0x1f29
0x1f2b	0x1f2b
0x1f2c	0x1f2c
0x1f32	0x1f32
0x1f37	0x1f37
0x1f3a	0x1f3a
0x1f3c	0x1f3c
0x1f3d	0x1f3d
0x1f41	0x1f41
0x1f54	0x1f54
0x1f58	0x1f58
0x1f5a	0x1f5a
0x1f5b	0x1f5b
0x1f5f	0x1f5f
0x1f61	0x1f61
0x1f64	0x1f64
0x1f66	0x1f66
0x1f67	0x1f67
0x1f6b	0x1f6b
0x1f70	0x1f70
0x1f72	0x1f72
0x1f77	0x1f77
0x1f79	0x1f79
0x1f7b	0x1f7b
0x1f7d	0x1f7d
0x1f7e	0x1f7e
0x1f82	0x1f82
0x1f86	0x1f86
0x1f88	0x1f88
0x1f89	0x1f89
0x1fad	0x1fad
0x1fb2	0x1fb2
0x1fb5	0x1fb5
0x1fb7	0x1fb7
0x1fb8	0x1fb8
0x1fbc	0x1fbc
0x1fc1	0x1fc1
0x1fc5	0x1fc5
0x1fc7	0x1fc7
0x1fc8	0x1fc8
0x1fcc	0x1fcc
0x1fce	0x1fce
0x1fd1	0x1fd1
0x1fd3	0x1fd3
0x1fd4	0x1fd4
0x1fd8	0x1fd8
0x2077	0x2077
0x207c	0x207c
0x207e	0x207e
0x2081	0x2081
0x2084	0x2084
0x2085	0x2085
0x208a	0x208a
0x208f	0x208f
0x2092	0x2092
0x2095	0x2095
0x2096	0x2096
0x209a	0x209a
0x209d	0x209d
0x20a2	0x20a2
0x20a4	0x20a4
0x20a6	0x20a6
0x20a8	0x20a8
0x20a9	0x20a9
0x20aa	0x20aa
0x20ac	0x20ac
0x20ae	0x20ae
0x20b0	0x20b0
0x20b2	0x20b2
0x20b3	0x20b3
0x20b4	0x20b4
0x20b6	0x20b6
0x20d7	0x20d7
0x20d9	0x20d9
0x20da	0x20da
0x20dc	0x20dc
0x20df	0x20df
0x20e6	0x20e6
0x20e9	0x20e9
0x20eb	0x20eb
0x20ec	0x20ec
0x20f2	0x20f2
0x20f7	0x20f7
0x20fa	0x20fa
0x20fc	0x20fc
0x20fd	0x20fd
0x2101	0x2101
0x2106	0x2106
0x210a	0x210a
0x210c	0x210c
0x210d	0x210d
0x2111	0x2111
0x2113	0x2113
0x2116	0x2116
0x2118	0x2118
0x2119	0x2119
0x211d	0x211d
0x21df	0x21df
0x21e4	0x21e4
0x21e5	0x21e5
0x21e6	0x21e6
0x21ea	0x21ea
0x21ec	0x21ec
0x21ed	0x21ed
0x21f1	0x21f1
0x21f3	0x21f3
0x21f6	0x21f6
0x21f8	0x21f8
0x21f9	0x21f9
0x21fe	0x21fe
0x2207	0x2207
0x24a7	0x24a7
0x24aa	0x24aa
0x24ab	0x24ab
0x24ae	0x24ae
0x24b1	0x24b1
0x24b6	0x24b6
0x24b9	0x24b9
0x24bd	0x24bd
0x24c1	0x24c1
0x24c7	0x24c7
0x24cd	0x24cd
0x24d0	0x24d0
0x24d4	0x24d4
0x24d6	0x24d6
0x24d7	0x24d7
0x2643	0x2643
0x2646	0x2646
0x2649	0x2649
0x264d	0x264d
0x264e	0x264e
0x264f	0x264f
0x2650	0x2650
0x2659	0x2659
0x265a	0x265a
0x265e	0x265e
0x2665	0x2665
0x2668	0x2668
0x2669	0x2669
0x266a	0x266a
0x266e	0x266e
0x2675	0x2675
0x2678	0x2678
0x2679	0x2679
0x267a	0x267a
0x267e	0x267e
0x268a	0x268a
0x268c	0x268c
0x268d	0x268d
0x2807	0x2807
0x280a	0x280a
0x280e	0x280e
0x280f	0x280f
0x2810	0x2810
0x2811	0x2811
0x281c	0x281c
0x281e	0x281e
0x2822	0x2822
0x2823	0x2823
0x2885	0x2885
0x2888	0x2888
0x288c	0x288c
0x288d	0x288d
0x288e	0x288e
0x288f	0x288f
0x2898	0x2898
0x2899	0x2899
0x289d	0x289d
0x28a3	0x28a3
0x28a8	0x28a8
0x28a9	0x28a9
0x2973	0x2973
0x2976	0x2976
0x2979	0x2979
0x297d	0x297d
0x297e	0x297e
0x297f	0x297f
0x2980	0x2980
0x2988	0x2988
0x298d	0x298d
0x2994	0x2994
0x2997	0x2997
0x2998	0x2998
0x2999	0x2999
0x299b	0x299b
0x299d	0x299d
0x299f	0x299f
0x29a0	0x29a0
0x29a2	0x29a2
0x29a4	0x29a4
0x29a5	0x29a5
0x29b5	0x29b5
0x29b8	0x29b8
0x29b9	0x29b9
0x29bb	0x29bb
0x29bd	0x29bd
0x29be	0x29be
0x29c2	0x29c2
0x29c5	0x29c5
0x29c8	0x29c8
0x29ca	0x29ca
0x29ce	0x29ce
0x29cf	0x29cf
0x29d0	0x29d0
0x29d1	0x29d1
0x29d9	0x29d9
0x29de	0x29de
0x29e5	0x29e5
0x29e9	0x29e9
0x29ec	0x29ec
0x29ed	0x29ed
0x29f4	0x29f4
0x29f7	0x29f7
0x29f8	0x29f8
0x29f9	0x29f9
0x29fb	0x29fb
0x29fd	0x29fd
0x29ff	0x29ff
0x2a00	0x2a00
0x2a02	0x2a02
0x2a03	0x2a03
0x2a04	0x2a04
0x2a0c	0x2a0c
0x2a12	0x2a12
0x2a13	0x2a13
0x2a1e	0x2a1e
0x2a20	0x2a20
0x2a21	0x2a21
0x2ae2	0x2ae2
0x2ae4	0x2ae4
0x2af1	0x2af1
0x2af3	0x2af3
0x2af5	0x2af5
0x2af6	0x2af6
0x2afb	0x2afb
0x2afe	0x2afe
0x2b01	0x2b01
0x2b02	0x2b02
0x2b04	0x2b04
0x2b77	0x2b77
0x2b79	0x2b79
0x2b7b	0x2b7b
0x2b7d	0x2b7d
0x2b7e	0x2b7e
0x2b82	0x2b82
0x2b85	0x2b85
0x2b88	0x2b88
0x2b8a	0x2b8a
0x2b8c	0x2b8c
0x2c02	0x2c02
0x2c05	0x2c05
0x2c09	0x2c09
0x2c0c	0x2c0c
0x2c0d	0x2c0d
0x2c11	0x2c11
0x2c16	0x2c16
0x2c19	0x2c19
0x2c1e	0x2c1e
0x2c20	0x2c20
0x2cad	0x2cad
0x2cb2	0x2cb2
0x2cb6	0x2cb6
0x2cb8	0x2cb8
0x2cd9	0x2cd9
0x2cdc	0x2cdc
0x2cde	0x2cde
0x2ce0	0x2ce0
0x2ce4	0x2ce4
0x2ce9	0x2ce9
0x2ced	0x2ced
0x2cef	0x2cef
0x2d06	0x2d06
0x2d08	0x2d08
0x2d09	0x2d09
0x2d0c	0x2d0c
0x2d0e	0x2d0e
0x2d10	0x2d10
0x2d56	0x2d56
0x2d5b	0x2d5b
0x2d5f	0x2d5f
0x2d61	0x2d61
0x2d82	0x2d82
0x2d85	0x2d85
0x2d87	0x2d87
0x2d89	0x2d89
0x2d8d	0x2d8d
0x2d92	0x2d92
0x2d96	0x2d96
0x2d98	0x2d98
0x2db9	0x2db9
0x2dbc	0x2dbc
0x2dbe	0x2dbe
0x2dc0	0x2dc0
0x2dc4	0x2dc4
0x2dc9	0x2dc9
0x2dcd	0x2dcd
0x2dcf	0x2dcf
0x2df0	0x2df0
0x2df3	0x2df3
0x2df5	0x2df5
0x2e05	0x2e05
0x2e07	0x2e07
0x2e08	0x2e08
0x2e0b	0x2e0b
0x2e0d	0x2e0d
0x2e0f	0x2e0f
0x2e70	0x2e70
0x2e75	0x2e75
0x2e79	0x2e79
0x2e7b	0x2e7b
0x2e9c	0x2e9c
0x2e9f	0x2e9f
0x2ea1	0x2ea1
0x2ea3	0x2ea3
0x2ea7	0x2ea7
0x2eac	0x2eac
0x2eb0	0x2eb0
0x2eb2	0x2eb2
0x2ec9	0x2ec9
0x2ecb	0x2ecb
0x2ecc	0x2ecc
0x2ecf	0x2ecf
0x2ed1	0x2ed1
0x2ed3	0x2ed3
0x2ed7	0x2ed7
0x2edc	0x2edc
0x2ee0	0x2ee0
0x2ee2	0x2ee2
0x2f03	0x2f03
0x2f06	0x2f06
0x2f08	0x2f08
0x2f0a	0x2f0a
0x2f0e	0x2f0e
0x2f13	0x2f13
0x2f17	0x2f17
0x2f19	0x2f19
0x2f3a	0x2f3a
0x2f3d	0x2f3d
0x2f3f	0x2f3f
0x2f41	0x2f41
0x2f45	0x2f45
0x2f4a	0x2f4a
0x2f4e	0x2f4e
0x2f50	0x2f50
0x2f71	0x2f71
0x2f74	0x2f74
0x2f76	0x2f76
0x2f78	0x2f78
0x2fb1	0x2fb1
0x2fb6	0x2fb6
0x2fba	0x2fba
0x2fbc	0x2fbc
0x2fdd	0x2fdd
0x2fe0	0x2fe0
0x2fe2	0x2fe2
0x2ff3	0x2ff3
0x2ff5	0x2ff5
0x2ff6	0x2ff6
0x2ff9	0x2ff9
0x2ffb	0x2ffb
0x2ffd	0x2ffd
0x3001	0x3001
0x3008	0x3008
0x300a	0x300a
0x302b	0x302b
0x302e	0x302e
0x3030	0x3030
0x3032	0x3032
0x3060	0x3060
0x3065	0x3065
0x3069	0x3069
0x306b	0x306b
0x3080	0x3080
0x3082	0x3082
0x3083	0x3083
0x3086	0x3086
0x3088	0x3088
0x308a	0x308a
0x308e	0x308e
0x3093	0x3093
0x3097	0x3097
0x3099	0x3099
0x30ba	0x30ba
0x30bd	0x30bd
0x30bf	0x30bf
0x30c1	0x30c1
0x30c5	0x30c5
0x30ca	0x30ca
0x30ce	0x30ce
0x30d0	0x30d0
0x30f1	0x30f1
0x30f4	0x30f4
0x30f6	0x30f6
0x3100	0x3100
0x3102	0x3102
0x3103	0x3103
0x3106	0x3106
0x3108	0x3108
0x310a	0x310a
0x310e	0x310e
0x3113	0x3113
0x3117	0x3117
0x3119	0x3119
0x313a	0x313a
0x313d	0x313d
0x313f	0x313f
0x3141	0x3141
0x3145	0x3145
0x314a	0x314a
0x314e	0x314e
0x3150	0x3150
0x3171	0x3171
0x3174	0x3174
0x3176	0x3176
0x3178	0x3178
0x31c6	0x31c6
0x31cd	0x31cd
0x31cf	0x31cf
0x31f0	0x31f0
0x31f3	0x31f3
0x31f5	0x31f5
0x31f7	0x31f7
0x3232	0x3232
0x3237	0x3237
0x323b	0x323b
0x323d	0x323d
0x325e	0x325e
0x3261	0x3261
0x3263	0x3263
0x3265	0x3265
0x3269	0x3269
0x3270	0x3270
0x3272	0x3272
0x3293	0x3293
0x3296	0x3296
0x3298	0x3298
0x329a	0x329a
0x3300	0x3300
0x3305	0x3305
0x3309	0x3309
0x330b	0x330b
0x332c	0x332c
0x332f	0x332f
0x3331	0x3331
0x3341	0x3341
0x3343	0x3343
0x3344	0x3344
0x3347	0x3347
0x3349	0x3349
0x334b	0x334b
0x334f	0x334f
0x3351	0x3351
0x3356	0x3356
0x3357	0x3357
0x335a	0x335a
0x335c	0x335c
0x335f	0x335f
0x3360	0x3360
0x3361	0x3361
0x3364	0x3364
0x3366	0x3366
0x3369	0x3369
0x336a	0x336a
0x336b	0x336b
0x336d	0x336d
0x3370	0x3370
0x3372	0x3372
0x3375	0x3375
0x3378	0x3378
0x337a	0x337a
0x337f	0x337f
0x3382	0x3382
0x3383	0x3383
0x3386	0x3386
0x3387	0x3387
0x3389	0x3389
0x338a	0x338a
0x338b	0x338b
0x338e	0x338e
0x3392	0x3392
0x3397	0x3397
0x339c	0x339c
0x339f	0x339f
0x33a0	0x33a0
0x33a3	0x33a3
0x33a7	0x33a7
0x33ad	0x33ad
0x33b0	0x33b0
0x33b2	0x33b2
0x33b5	0x33b5
0x33b6	0x33b6
0x33b7	0x33b7
0x33ba	0x33ba
0x33c8	0x33c8
0x33ca	0x33ca
0x33cc	0x33cc
0x33ce	0x33ce
0x33cf	0x33cf
0x33d3	0x33d3
0x33d6	0x33d6
0x33d8	0x33d8
0x33dc	0x33dc
0x33e1	0x33e1
0x33e4	0x33e4
0x33e6	0x33e6
0x6931	0x2ca
0x6955	0x2ca
0x6979	0x2ca
0x699d	0x2ca
0x69c1	0x2ca
0x69e5	0x2ca
0x6a09	0x2ca
0x6a2d	0x2ca
0x6a51	0x2ca
0x6a75	0x2ca
0x13910	0x18d2
0x14310	0x1934
0x312a2	0x304
0x312a4	0x306
0x312a5	0x307
0x312aa	0x30c
0x31317	0x304
0x31319	0x306
0x3131a	0x307
0x3131f	0x30c
0x31364	0x304
0x31366	0x306
0x31367	0x307
0x3136c	0x30c
0x313f3	0x311
0x313f5	0x313
0x313f8	0x316
0x3145d	0x311
0x3145f	0x313
0x31462	0x316
0x314a6	0x311
0x314a8	0x313
0x314ab	0x316
0x314ce	0x4f9
0x314d0	0x4fb
0x314d1	0x4fc
0x314d6	0x501
0x31522	0x526
0x31524	0x528
0x31525	0x529
0x3152a	0x52e
0x31597	0x526
0x31599	0x528
0x3159a	0x529
0x3159f	0x52e
0x31605	0x526
0x31607	0x528
0x31608	0x529
0x3160d	0x52e
0x31652	0x526
0x31654	0x528
0x31655	0x529
0x3165a	0x52e
0x3167e	0x304
0x31680	0x306
0x31681	0x307
0x31686	0x30c
0x316cb	0x4f9
0x316cd	0x4fb
0x316ce	0x4fc
0x316d3	0x501
0x31718	0x4f9
0x3171a	0x4fb
0x3171b	0x4fc
0x31720	0x501
0x31765	0x526
0x31767	0x528
0x31768	0x529
0x3176d	0x52e
0x31791	0x6cd
0x317b5	0x304
0x317b7	0x306
0x317b8	0x307
0x317bd	0x30c
0x31802	0x304
0x31804	0x306
0x31805	0x307
0x3180a	0x30c
0x3184f	0x304
0x31851	0x306
0x31852	0x307
0x31857	0x30c
0x3187b	0x311
0x3187d	0x313
0x31880	0x316
0x318a3	0x311
0x318a5	0x313
0x318a8	0x316
0x318cb	0x304
0x318cd	0x306
0x318ce	0x307
0x318d3	0x30c
0x318f7	0x304
0x318f9	0x306
0x318fa	0x307
0x318ff	0x30c
0x31923	0x304
0x31925	0x306
0x31926	0x307
0x3192b	0x30c
0x319b2	0x304
0x319b4	0x306
0x319b5	0x307
0x319ba	0x30c
0x319ff	0x304
0x31a01	0x306
0x31a02	0x307
0x31a07	0x30c
0x31a2b	0x304
0x31a2d	0x306
0x31a2e	0x307
0x31a33	0x30c
0x31a99	0x905
0x31a9b	0x907
0x31a9e	0x90a
0x31ac1	0x905
0x31ac3	0x907
0x31ac6	0x90a
0x3e5e5	0x905
0x3e5e7	0x907
0x3e5ea	0x90a
0x3e60d	0x905
0x3e60f	0x907
0x3e612	0x90a
0x3e723	0x6cd
0x3e747	0x905
0x3e749	0x907
0x3e74c	0x90a
0x3e792	0xfe8
0x3e794	0xfea
0x3e797	0xfed
0x3e799	0xfef
0x3e79b	0xff1
0x3e7bf	0x905
0x3e7c1	0x907
0x3e7c4	0x90a
0x3e7e7	0x1021
0x3e7e9	0x1023
0x3e7ec	0x1026
0x3e7ee	0x1028
0x3e7f0	0x102a
0x3e814	0x905
0x3e816	0x907
0x3e819	0x90a
0x3e8ad	0x905
0x3e8af	0x907
0x3e8b2	0x90a
0x3e8d5	0x905
0x3e8d7	0x907
0x3e8da	0x90a
0x3e8fd	0x905
0x3e8ff	0x907
0x3e902	0x90a
0x4b470	0x905
0x4b472	0x907
0x4b475	0x90a
0x6981e	0x905
0x69820	0x907
0x69823	0x90a
0x7b082	0x1777
0x7b084	0x1779
0x7b087	0x177c
0x7b089	0x177e
0x7b0ac	0xfe8
0x7b0ae	0xfea
0x7b0b1	0xfed
0x7b0b3	0xfef
0x7b0b5	0xff1
0x7b0d9	0x905
0x7b0db	0x907
0x7b0de	0x90a
0x7b101	0x1021
0x7b103	0x1023
0x7b106	0x1026
0x7b108	0x1028
0x7b10a	0x102a
0x87c2a	0xfe8
0x87c2c	0xfea
0x87c2f	0xfed
0x87c31	0xfef
0x87c33	0xff1
0x87c57	0x905
0x87c59	0x907
0x87c5c	0x90a
0x87c7f	0x1a97
0x87c81	0x1a99
0x87c84	0x1a9c
0x87c86	0x1a9e
0x87c88	0x1aa0
0x87cac	0x6cd
0x87cd0	0x905
0x87cd2	0x907
0x87cd5	0x90a
0x87cf8	0x905
0x87cfa	0x907
0x87cfd	0x90a
0x87d20	0x905
0x87d22	0x907
0x87d25	0x90a
0x87d48	0x905
0x87d4a	0x907
0x87d4d	0x90a
0x87d70	0x905
0x87d72	0x907
0x87d75	0x90a
0x87d98	0x1777
0x87d9a	0x1779
0x87d9d	0x177c
0x87d9f	0x177e
0x87dc2	0xfe8
0x87dc4	0xfea
0x87dc7	0xfed
0x87dc9	0xfef
0x87dcb	0xff1
0x87def	0x905
0x87df1	0x907
0x87df4	0x90a
0x87e17	0x1a97
0x87e19	0x1a99
0x87e1c	0x1a9c
0x87e1e	0x1a9e
0x87e20	0x1aa0
0x87ef6	0x1f46
0x87ef8	0x1f48
0x87efb	0x1f4b
0x87efd	0x1f4d
0x87efe	0x1f4e
0x87eff	0x1f4f
0x87f44	0x905
0x87f46	0x907
0x87f49	0x90a
0x99767	0x1717
0x997a8	0x1f46
0x997aa	0x1f48
0x997ad	0x1f4b
0x997af	0x1f4d
0x997b0	0x1f4e
0x997b1	0x1f4f
0x997f6	0x905
0x997f8	0x907
0x997fb	0x90a
0x998ad	0x1f46
0x998af	0x1f48
0x998b2	0x1f4b
0x998b4	0x1f4d
0x998b5	0x1f4e
0x998b6	0x1f4f
0x998fb	0x905
0x998fd	0x907
0x99900	0x90a
0xc94e9	0x905
0xc94eb	0x907
0xc94ee	0x90a
0x10fb89	0x311
0x10fb8b	0x313
0x10fb8e	0x316
0x10fbb1	0x311
0x10fbb3	0x313
0x10fbb6	0x316
0x10fbd9	0x311
0x10fbdb	0x313
0x10fbde	0x316
0x10fc01	0x311
0x10fc03	0x313
0x10fc06	0x316
0x10fc29	0x311
0x10fc2b	0x313
0x10fc2e	0x316
0x10fc51	0x311
0x10fc53	0x313
0x10fc56	0x316
0x10fc79	0x311
0x10fc7b	0x313
0x10fc7e	0x316
0x10fca1	0x311
0x10fca3	0x313
0x10fca6	0x316
0x10fcc9	0x311
0x10fccb	0x313
0x10fcce	0x316
0x10fcf1	0x311
0x10fcf3	0x313
0x10fcf6	0x316
0x10fd19	0x311
0x10fd1b	0x313
0x10fd1e	0x316
0x10fd41	0x311
0x10fd43	0x313
0x10fd46	0x316
0x10fd69	0x311
0x10fd6b	0x313
0x10fd6e	0x316
0x10fd91	0x311
0x10fd93	0x313
0x10fd96	0x316
0x10fdb9	0x311
0x10fdbb	0x313
0x10fdbe	0x316
0x10fde1	0x311
0x10fde3	0x313
0x10fde6	0x316
0x10fe09	0x311
0x10fe0b	0x313
0x10fe0e	0x316
0x10fe31	0x311
0x10fe33	0x313
0x10fe36	0x316
0x10fe59	0x311
0x10fe5b	0x313
0x10fe5e	0x316
0x10fe81	0x311
0x10fe83	0x313
0x10fe86	0x316
0x10fea9	0x311
0x10feab	0x313
0x10feae	0x316
0x22022a	0x9
0x220c2a	0x46
0x22162a	0x51
0x22202a	0x5c
0x222a2a	0x67
0x22342a	0x77
0x223e2a	0x82
0x22482a	0x8d
0x22522a	0x9d
0x225c2a	0xa8
0x22662a	0xb3
0x22702a	0xbe
0x227a2a	0xc9
0x22842a	0xd4
0x228e2a	0xef
0x22982a	0xfa
0x22a22a	0x105
0x22ac2a	0x110
0x22b62a	0x11b
0x22c02a	0x126
0x22ca2a	0x136
0x22d42a	0x141
0x22de2a	0x14c
0x22e82a	0x157
0x22f22a	0x162
0x22fc2a	0x16d
0x23062a	0x19e
0x23102a	0x1a9
0x231a2a	0x1b4
0x23242a	0x1bf
0x232e2a	0x1cf
0x23382a	0x1da
0x23422a	0x1e5
0x234c2a	0x1f5
0x23562a	0x200
0x23602a	0x20b
0x236a2a	0x216
0x23742a	0x221
0x237e2a	0x22c
0x23882a	0x247
0x23922a	0x252
0x239c2a	0x25d
0x23a62a	0x268
0x23b02a	0x273
0x23ba2a	0x27e
0x23c42a	0x28e
0x23ce2a	0x299
0x23d82a	0x2a4
0x23e22a	0x2af
0x23ec2a	0x2ba
0x23f62a	0x2c5
0x24004a	0x2ce
0x240a4a	0x2e3
0x24144a	0x319
0x241e4a	0x339
0x24284a	0x359
0x24324a	0x379
0x243c4a	0x399
0x24464a	0x3b9
0x24504a	0x3d9
0x245a4a	0x3f9
0x24644a	0x426
0x246e4a	0x446
0x24784a	0x466
0x24824a	0x493
0x248c4a	0x4b3
0x24964a	0x4e3
0x24a04a	0x505
0x24aa4a	0x532
0x24b44a	0x552
0x24be4a	0x567
0x24c84a	0x587
0x24d24a	0x5a7
0x24dc4a	0x5c7
0x24e64a	0x5e7
0x24f04a	0x607
0x24fa4a	0x61c
0x25044a	0x631
0x250e4a	0x651
0x25184a	0x671
0x25224a	0x691
0x252c4a	0x6b1
0x25364a	0x6d1
0x25404a	0x6e6
0x254a4a	0x706
0x25544a	0x71b
0x255e4a	0x73b
0x25684a	0x750
0x25724a	0x77d
0x257c4a	0x79f
0x25864a	0x7b4
0x25904a	0x7c9
0x259a4a	0x7e9
0x25a44a	0x809
0x25ae4a	0x829
0x25b84a	0x849
0x25c24a	0x85e
0x25cc4a	0x871
0x25d64a	0x886
0x25e04a	0x89b
0x25ea4a	0x8bb
0x25fe4a	0xb32
0x263a4a	0x131f
0x26444a	0x2c9
0x8e2	0x8e2
0x1b36	0x1b36
0xade	0xade
0x10a80x106f	0x10a8
0x10a80x1ae4	0x10a8
0x10ad0x106f	0x10ad
0x10ad0x1ae4	0x10ad
0x2f7cS0x92b	0x2f7c
0x2f83S0x92b	0x2f83
0x2f85S0x92b	0x2f85
0x2fa6S0x92b	0x2fa6
0x2fa9S0x92b	0x2fa9
0x2fabS0x92b	0x2fab
0x2fadS0x92b	0x2fad
0x2f7cS0x1b77	0x2f7c
0x2f83S0x1b77	0x2f83
0x2f85S0x1b77	0x2f85
0x2fa6S0x1b77	0x2fa6
0x2fa9S0x1b77	0x2fa9
0x2fabS0x1b77	0x2fab
0x2fadS0x1b77	0x2fad
0x1fddS0x209a	0x1fdd
0x2aa8S0x21ea	0x2aa8
0x2aacS0x21ea	0x2aac
0x2aaeS0x21ea	0x2aae
0x2aafS0x21ea	0x2aaf
0x2ab2S0x21ea	0x2ab2
0x2ab4S0x21ea	0x2ab4
0x2ab6S0x21ea	0x2ab6
0x2ab7S0x21ea	0x2ab7
0x2c9aS0x21ea	0x2c9a
0x2c9cS0x21ea	0x2c9c
0x2ca0S0x21ea	0x2ca0
0x2ca3S0x21ea	0x2ca3
0x2ca6S0x21ea	0x2ca6
0x2ca8S0x21ea	0x2ca8
0x2abeS0x21ea	0x2abe
0x2abfS0x21ea	0x2abf
0x2ac0S0x21ea	0x2ac0
0x2aa2S0x21ea	0x2aa2
0x2aa3S0x21ea	0x2aa3
0x2aa4S0x21ea	0x2aa4
0x2aceS0x21ea	0x2ace
0x2ad0S0x21ea	0x2ad0
0x2ad1S0x21ea	0x2ad1
0x2ad3S0x21ea	0x2ad3
0x2ad4S0x21ea	0x2ad4
0x2ad8S0x21ea	0x2ad8
0x2ad9S0x21ea	0x2ad9
0x2adbS0x21ea	0x2adb
0x10fa07S0x21ea	0x1717
0x2a97S0x21ea	0x2a97
0x2a9aS0x21ea	0x2a9a
0x17f10S0x21ea	0x2a9f
0x2ac5S0x21ea	0x2ac5
0x2ac9S0x21ea	0x2ac9
0x2acaS0x21ea	0x2aca
0x18910S0x21ea	0x2acc
0x1ee4S0x8d0	0x1ee4
0x1ee6S0x8d0	0x1ee6
0x1ee7S0x8d0	0x1ee7
0x1eebS0x8d0	0x1eeb
0x1eedS0x8d0	0x1eed
0x1ef0S0x8d0	0x1ef0
0x1ef2S0x8d0	0x1ef2
0x1ef3S0x8d0	0x1ef3
0x1ef7S0x8d0	0x1ef7
0x1ed9S0x8d0	0x1ed9
0x1edbS0x8d0	0x1edb
0x1edcS0x8d0	0x1edc
0x1edeS0x8d0	0x1ede
0x1edfS0x8d0	0x1edf
0x1ee0S0x8d0	0x1ee0
0x87e86S0x8d0	0x905
0x87e88S0x8d0	0x907
0x87e8bS0x8d0	0x90a
0x3036S0x8d0	0x3036
0x303bS0x8d0	0x303b
0x303fS0x8d0	0x303f
0x3041S0x8d0	0x3041
0x3052S0x8d0	0x3052
0x3054S0x8d0	0x3054
0x3055S0x8d0	0x3055
0x3058S0x8d0	0x3058
0x305aS0x8d0	0x305a
0x305cS0x8d0	0x305c
0x2b9eS0x312a1	0x2b9e
0x2ba0S0x312a1	0x2ba0
0x2b9eS0x31316	0x2b9e
0x2ba0S0x31316	0x2ba0
0x27cbS0x385	0x27cb
0x27cdS0x385	0x27cd
0x27d1S0x385	0x27d1
0x27d2S0x385	0x27d2
0x27d3S0x385	0x27d3
0x27d4S0x385	0x27d4
0x27ddS0x385	0x27dd
0x2b9eS0x31363	0x2b9e
0x2ba0S0x31363	0x2ba0
0x1fddS0xf88	0x1fdd
0x1fddS0x106f	0x1fdd
0x2aa8S0x419	0x2aa8
0x2aacS0x419	0x2aac
0x2aaeS0x419	0x2aae
0x2aafS0x419	0x2aaf
0x2ab2S0x419	0x2ab2
0x2ab4S0x419	0x2ab4
0x2ab6S0x419	0x2ab6
0x2ab7S0x419	0x2ab7
0x2c9aS0x419	0x2c9a
0x2c9cS0x419	0x2c9c
0x2ca0S0x419	0x2ca0
0x2ca3S0x419	0x2ca3
0x2ca6S0x419	0x2ca6
0x2ca8S0x419	0x2ca8
0x2abeS0x419	0x2abe
0x2abfS0x419	0x2abf
0x2ac0S0x419	0x2ac0
0x2aa2S0x419	0x2aa2
0x2aa3S0x419	0x2aa3
0x2aa4S0x419	0x2aa4
0x2aceS0x419	0x2ace
0x2ad0S0x419	0x2ad0
0x2ad1S0x419	0x2ad1
0x2ad3S0x419	0x2ad3
0x2ad4S0x419	0x2ad4
0x2ad8S0x419	0x2ad8
0x2ad9S0x419	0x2ad9
0x2adbS0x419	0x2adb
0x10fa07S0x419	0x1717
0x2a97S0x419	0x2a97
0x2a9aS0x419	0x2a9a
0x17f10S0x419	0x2a9f
0x2ac5S0x419	0x2ac5
0x2ac9S0x419	0x2ac9
0x2acaS0x419	0x2aca
0x18910S0x419	0x2acc
0x27cbS0x49f	0x27cb
0x27cdS0x49f	0x27cd
0x27d1S0x49f	0x27d1
0x27d2S0x49f	0x27d2
0x27d3S0x49f	0x27d3
0x27d4S0x49f	0x27d4
0x27ddS0x49f	0x27dd
0x33eaS0x2bfe	0x33ea
0x33edS0x2bfe	0x33ed
0x33eeS0x2bfe	0x33ee
0x2b3fS0x314cd	0x2b3f
0x2b41S0x314cd	0x2b41
0x2b43S0x314cd	0x2b43
0x2b45S0x314cd	0x2b45
0x2b46S0x314cd	0x2b46
0x2b4aS0x314cd	0x2b4a
0x2b4dS0x314cd	0x2b4d
0x2b4fS0x314cd	0x2b4f
0x2b91S0x31521	0x2b91
0x2b92S0x31521	0x2b92
0x2b95S0x31521	0x2b95
0x2b97S0x31521	0x2b97
0x1532S0x55e	0x1532
0x1534S0x55e	0x1534
0x1535S0x55e	0x1535
0x1537S0x55e	0x1537
0x12510S0x55e	0x1538
0x2b91S0x31596	0x2b91
0x2b92S0x31596	0x2b92
0x2b95S0x31596	0x2b95
0x2b97S0x31596	0x2b97
0x2828S0x593	0x2828
0x282bS0x593	0x282b
0x282fS0x593	0x282f
0x2830S0x593	0x2830
0x2831S0x593	0x2831
0x2832S0x593	0x2832
0x283bS0x593	0x283b
0x283eS0x593	0x283e
0x2841S0x593	0x2841
0x2842S0x593	0x2842
0x2843S0x593	0x2843
0x2846S0x593	0x2846
0x2848S0x593	0x2848
0x2849S0x593	0x2849
0x2b91S0x31604	0x2b91
0x2b92S0x31604	0x2b92
0x2b95S0x31604	0x2b95
0x2b97S0x31604	0x2b97
0x2b91S0x31651	0x2b91
0x2b92S0x31651	0x2b92
0x2b95S0x31651	0x2b95
0x2b97S0x31651	0x2b97
0x2b9eS0x3167d	0x2b9e
0x2ba0S0x3167d	0x2ba0
0x27cbS0x63d	0x27cb
0x27cdS0x63d	0x27cd
0x27d1S0x63d	0x27d1
0x27d2S0x63d	0x27d2
0x27d3S0x63d	0x27d3
0x27d4S0x63d	0x27d4
0x27ddS0x63d	0x27dd
0x2b3fS0x316ca	0x2b3f
0x2b41S0x316ca	0x2b41
0x2b43S0x316ca	0x2b43
0x2b45S0x316ca	0x2b45
0x2b46S0x316ca	0x2b46
0x2b4aS0x316ca	0x2b4a
0x2b4dS0x316ca	0x2b4d
0x2b4fS0x316ca	0x2b4f
0x2b3fS0x31717	0x2b3f
0x2b41S0x31717	0x2b41
0x2b43S0x31717	0x2b43
0x2b45S0x31717	0x2b45
0x2b46S0x31717	0x2b46
0x2b4aS0x31717	0x2b4a
0x2b4dS0x31717	0x2b4d
0x2b4fS0x31717	0x2b4f
0x27cbS0x69d	0x27cb
0x27cdS0x69d	0x27cd
0x27d1S0x69d	0x27d1
0x27d2S0x69d	0x27d2
0x27d3S0x69d	0x27d3
0x27d4S0x69d	0x27d4
0x27ddS0x69d	0x27dd
0x2b91S0x31764	0x2b91
0x2b92S0x31764	0x2b92
0x2b95S0x31764	0x2b95
0x2b97S0x31764	0x2b97
0x2b9eS0x317b4	0x2b9e
0x2ba0S0x317b4	0x2ba0
0x2b27S0x176a	0x2b27
0x2b34S0x176a	0x2b34
0x2b36S0x176a	0x2b36
0x2b39S0x176a	0x2b39
0x2b3bS0x176a	0x2b3b
0x2b9eS0x31801	0x2b9e
0x2ba0S0x31801	0x2ba0
0x2b9eS0x3184e	0x2b9e
0x2ba0S0x3184e	0x2ba0
0x2a3fS0x334e	0x2a3f
0x2a40S0x334e	0x2a40
0x2a41S0x334e	0x2a41
0x2a2aS0x334e	0x2a2a
0x2a2dS0x334e	0x2a2d
0x2a31S0x334e	0x2a31
0x2a35S0x334e	0x2a35
0x2a3aS0x334e	0x2a3a
0x17510S0x334e	0x2a3c
0x2a46S0x334e	0x2a46
0x2a47S0x334e	0x2a47
0x2a49S0x334e	0x2a49
0x2a4bS0x334e	0x2a4b
0x2a4dS0x334e	0x2a4d
0x2a4eS0x334e	0x2a4e
0x2a4fS0x334e	0x2a4f
0x2a54S0x334e	0x2a54
0x2a58S0x334e	0x2a58
0x2a5aS0x334e	0x2a5a
0x2a5cS0x334e	0x2a5c
0x2a5dS0x334e	0x2a5d
0x2b9eS0x318ca	0x2b9e
0x2ba0S0x318ca	0x2ba0
0x2b9eS0x318f6	0x2b9e
0x2ba0S0x318f6	0x2ba0
0x27cbS0x7d5	0x27cb
0x27cdS0x7d5	0x27cd
0x27d1S0x7d5	0x27d1
0x27d2S0x7d5	0x27d2
0x27d3S0x7d5	0x27d3
0x27d4S0x7d5	0x27d4
0x27ddS0x7d5	0x27dd
0x2b9eS0x31922	0x2b9e
0x2ba0S0x31922	0x2ba0
0x1fddS0x1ae4	0x1fdd
0x2b9eS0x319b1	0x2b9e
0x2ba0S0x319b1	0x2ba0
0x1ee4S0x1b24	0x1ee4
0x1ee6S0x1b24	0x1ee6
0x1ee7S0x1b24	0x1ee7
0x1eebS0x1b24	0x1eeb
0x1eedS0x1b24	0x1eed
0x1ef0S0x1b24	0x1ef0
0x1ef2S0x1b24	0x1ef2
0x1ef3S0x1b24	0x1ef3
0x1ef7S0x1b24	0x1ef7
0x1ed9S0x1b24	0x1ed9
0x1edbS0x1b24	0x1edb
0x1edcS0x1b24	0x1edc
0x1edeS0x1b24	0x1ede
0x1edfS0x1b24	0x1edf
0x1ee0S0x1b24	0x1ee0
0x87e86S0x1b24	0x905
0x87e88S0x1b24	0x907
0x87e8bS0x1b24	0x90a
0x3036S0x1b24	0x3036
0x303bS0x1b24	0x303b
0x303fS0x1b24	0x303f
0x3041S0x1b24	0x3041
0x3052S0x1b24	0x3052
0x3054S0x1b24	0x3054
0x3055S0x1b24	0x3055
0x3058S0x1b24	0x3058
0x305aS0x1b24	0x305a
0x305cS0x1b24	0x305c
0x2b9eS0x319fe	0x2b9e
0x2ba0S0x319fe	0x2ba0
0x2b0eS0x1e33	0x2b0e
0x2b1cS0x1e33	0x2b1c
0x2b1eS0x1e33	0x2b1e
0x2b21S0x1e33	0x2b21
0x2b23S0x1e33	0x2b23
0x2b9eS0x31a2a	0x2b9e
0x2ba0S0x31a2a	0x2ba0
0x2bf4S0xafc	0x2bf4
0x2bf7S0xafc	0x2bf7
0x2bf9S0xafc	0x2bf9
0x2bfbS0xafc	0x2bfb
0x2b27S0x1fb1	0x2b27
0x2b34S0x1fb1	0x2b34
0x2b36S0x1fb1	0x2b36
0x2b39S0x1fb1	0x2b39
0x2b3bS0x1fb1	0x2b3b
0x2b0eS0xfd8	0x2b0e
0x2b1cS0xfd8	0x2b1c
0x2b1eS0xfd8	0x2b1e
0x2b21S0xfd8	0x2b21
0x2b23S0xfd8	0x2b23
0x2b0eS0x1011	0x2b0e
0x2b1cS0x1011	0x2b1c
0x2b1eS0x1011	0x2b1e
0x2b21S0x1011	0x2b21
0x2b23S0x1011	0x2b23
0x1ee4S0x115d	0x1ee4
0x1ee6S0x115d	0x1ee6
0x1ee7S0x115d	0x1ee7
0x1eebS0x115d	0x1eeb
0x1eedS0x115d	0x1eed
0x1ef0S0x115d	0x1ef0
0x1ef2S0x115d	0x1ef2
0x1ef3S0x115d	0x1ef3
0x1ef7S0x115d	0x1ef7
0x1ed9S0x115d	0x1ed9
0x1edbS0x115d	0x1edb
0x1edcS0x115d	0x1edc
0x1edeS0x115d	0x1ede
0x1edfS0x115d	0x1edf
0x1ee0S0x115d	0x1ee0
0x87e86S0x115d	0x905
0x87e88S0x115d	0x907
0x87e8bS0x115d	0x90a
0x3036S0x115d	0x3036
0x303bS0x115d	0x303b
0x303fS0x115d	0x303f
0x3041S0x115d	0x3041
0x3052S0x115d	0x3052
0x3054S0x115d	0x3054
0x3055S0x115d	0x3055
0x3058S0x115d	0x3058
0x305aS0x115d	0x305a
0x305cS0x115d	0x305c
0x2bf4S0x1304	0x2bf4
0x2bf7S0x1304	0x2bf7
0x2bf9S0x1304	0x2bf9
0x2bfbS0x1304	0x2bfb
0x2b27S0x17c5	0x2b27
0x2b34S0x17c5	0x2b34
0x2b36S0x17c5	0x2b36
0x2b39S0x17c5	0x2b39
0x2b3bS0x17c5	0x2b3b
0x2b27S0x17f0	0x2b27
0x2b34S0x17f0	0x2b34
0x2b36S0x17f0	0x2b36
0x2b39S0x17f0	0x2b39
0x2b3bS0x17f0	0x2b3b
0x2b27S0x1a5b	0x2b27
0x2b34S0x1a5b	0x2b34
0x2b36S0x1a5b	0x2b36
0x2b39S0x1a5b	0x2b39
0x2b3bS0x1a5b	0x2b3b
0x2b27S0x1a87	0x2b27
0x2b34S0x1a87	0x2b34
0x2b36S0x1a87	0x2b36
0x2b39S0x1a87	0x2b39
0x2b3bS0x1a87	0x2b3b
0x27abS0x1d01	0x27ab
0x27adS0x1d01	0x27ad
0x27b1S0x1d01	0x27b1
0x27b2S0x1d01	0x27b2
0x27b3S0x1d01	0x27b3
0x27b4S0x1d01	0x27b4
0x27bdS0x1d01	0x27bd
0x27bfS0x1d01	0x27bf
0x27c0S0x1d01	0x27c0
0x27c2S0x1d01	0x27c2
0x27c3S0x1d01	0x27c3
0x2b0eS0x1e4d	0x2b0e
0x2b1cS0x1e4d	0x2b1c
0x2b1eS0x1e4d	0x2b1e
0x2b21S0x1e4d	0x2b21
0x2b23S0x1e4d	0x2b23
0x2b0eS0x1e79	0x2b0e
0x2b1cS0x1e79	0x2b1c
0x2b1eS0x1e79	0x2b1e
0x2b21S0x1e79	0x2b21
0x2b23S0x1e79	0x2b23
0x3404S0x2657	0x3404
0x33f4S0x2657	0x33f4
0x33f6S0x2657	0x33f6
0x33f8S0x2657	0x33f8
0x33faS0x2657	0x33fa
0x33fbS0x2657	0x33fb
0x33fdS0x2657	0x33fd
0x33ffS0x2657	0x33ff
0x3400S0x2657	0x3400
0x3404S0x2662	0x3404
0x33f4S0x2662	0x33f4
0x33f6S0x2662	0x33f6
0x33f8S0x2662	0x33f8
0x33faS0x2662	0x33fa
0x33fbS0x2662	0x33fb
0x33fdS0x2662	0x33fd
0x33ffS0x2662	0x33ff
0x3400S0x2662	0x3400
0x3404S0x2672	0x3404
0x33f4S0x2672	0x33f4
0x33f6S0x2672	0x33f6
0x33f8S0x2672	0x33f8
0x33faS0x2672	0x33fa
0x33fbS0x2672	0x33fb
0x33fdS0x2672	0x33fd
0x33ffS0x2672	0x33ff
0x3400S0x2672	0x3400
0x342fS0x2896	0x342f
0x341fS0x2896	0x341f
0x3421S0x2896	0x3421
0x3423S0x2896	0x3423
0x3425S0x2896	0x3425
0x3426S0x2896	0x3426
0x3428S0x2896	0x3428
0x342aS0x2896	0x342a
0x342bS0x2896	0x342b
0x25c7S0x2987	0x25c7
0x25bcS0x2987	0x25bc
0x25bdS0x2987	0x25bd
0x25c0S0x2987	0x25c0
0x25c2S0x2987	0x25c2
0x25c3S0x2987	0x25c3
0x25c7S0x29d8	0x25c7
0x25bcS0x29d8	0x25bc
0x25bdS0x29d8	0x25bd
0x25c0S0x29d8	0x25c0
0x25c2S0x29d8	0x25c2
0x25c3S0x29d8	0x25c3
0x25b6S0x29e2	0x25b6
0x25a5S0x29e2	0x25a5
0x25a6S0x29e2	0x25a6
0x25a8S0x29e2	0x25a8
0x25aaS0x29e2	0x25aa
0x25acS0x29e2	0x25ac
0x25adS0x29e2	0x25ad
0x25afS0x29e2	0x25af
0x25b1S0x29e2	0x25b1
0x25b2S0x29e2	0x25b2
0x259fS0x2a0b	0x259f
0x2578S0x2a0b	0x2578
0x2579S0x2a0b	0x2579
0x257bS0x2a0b	0x257b
0x257dS0x2a0b	0x257d
0x257fS0x2a0b	0x257f
0x2580S0x2a0b	0x2580
0x2582S0x2a0b	0x2582
0x2583S0x2a0b	0x2583
0x2584S0x2a0b	0x2584
0x258cS0x2a0b	0x258c
0x258fS0x2a0b	0x258f
0x2593S0x2a0b	0x2593
0x2597S0x2a0b	0x2597
0x2598S0x2a0b	0x2598
0x2599S0x2a0b	0x2599
0x259aS0x2a0b	0x259a
0x259bS0x2a0b	0x259b
0x2565S0x2a0b	0x2565
0x2569S0x2a0b	0x2569
0x256cS0x2a0b	0x256c
0x256dS0x2a0b	0x256d
0x256eS0x2a0b	0x256e
0x2a3fS0x337e	0x2a3f
0x2a40S0x337e	0x2a40
0x2a41S0x337e	0x2a41
0x2a2aS0x337e	0x2a2a
0x2a2dS0x337e	0x2a2d
0x2a31S0x337e	0x2a31
0x2a35S0x337e	0x2a35
0x2a3aS0x337e	0x2a3a
0x17510S0x337e	0x2a3c
0x2a46S0x337e	0x2a46
0x2a47S0x337e	0x2a47
0x2a49S0x337e	0x2a49
0x2a4bS0x337e	0x2a4b
0x2a4dS0x337e	0x2a4d
0x2a4eS0x337e	0x2a4e
0x2a4fS0x337e	0x2a4f
0x2a54S0x337e	0x2a54
0x2a58S0x337e	0x2a58
0x2a5aS0x337e	0x2a5a
0x2a5cS0x337e	0x2a5c
0x2a5dS0x337e	0x2a5d
0x33eaS0x339b	0x33ea
0x33edS0x339b	0x33ed
0x33eeS0x339b	0x33ee
0x2b27S0x1f36	0x2b27
0x2b34S0x1f36	0x2b34
0x2b36S0x1f36	0x2b36
0x2b39S0x1f36	0x2b39
0x2b3bS0x1f36	0x2b3b
0x2b0eS0x20f6	0x2b0e
0x2b1cS0x20f6	0x2b1c
0x2b1eS0x20f6	0x2b1e
0x2b21S0x20f6	0x2b21
0x2b23S0x20f6	0x2b23
0x28cfS0x2ef	0x28cf
0x28d1S0x2ef	0x28d1
0x28d5S0x2ef	0x28d5
0x28d6S0x2ef	0x28d6
0x28d7S0x2ef	0x28d7
0x28d8S0x2ef	0x28d8
0x28e0S0x2ef	0x28e0
0x28e5S0x2ef	0x28e5
0xfe1a0S0x2ef	0x1717
0x25c7S0x28dfS0x2ef	0x25c7
0x25bcS0x28dfS0x2ef	0x25bc
0x25bdS0x28dfS0x2ef	0x25bd
0x25c0S0x28dfS0x2ef	0x25c0
0x25c2S0x28dfS0x2ef	0x25c2
0x25c3S0x28dfS0x2ef	0x25c3
0x2936S0x325	0x2936
0x2939S0x325	0x2939
0x293bS0x325	0x293b
0x293fS0x325	0x293f
0x2940S0x325	0x2940
0x2941S0x325	0x2941
0x2942S0x325	0x2942
0x294aS0x325	0x294a
0x294fS0x325	0x294f
0x2956S0x325	0x2956
0x295aS0x325	0x295a
0x295dS0x325	0x295d
0x295eS0x325	0x295e
0x2965S0x325	0x2965
0x2968S0x325	0x2968
0x2969S0x325	0x2969
0x25c7S0x2949S0x325	0x25c7
0x25bcS0x2949S0x325	0x25bc
0x25bdS0x2949S0x325	0x25bd
0x25c0S0x2949S0x325	0x25c0
0x25c2S0x2949S0x325	0x25c2
0x25c3S0x2949S0x325	0x25c3
0x25b6S0x2953S0x325	0x25b6
0x25a5S0x2953S0x325	0x25a5
0x25a6S0x2953S0x325	0x25a6
0x25a8S0x2953S0x325	0x25a8
0x25aaS0x2953S0x325	0x25aa
0x25acS0x2953S0x325	0x25ac
0x25adS0x2953S0x325	0x25ad
0x25afS0x2953S0x325	0x25af
0x25b1S0x2953S0x325	0x25b1
0x25b2S0x2953S0x325	0x25b2
0x28cfS0x345	0x28cf
0x28d1S0x345	0x28d1
0x28d5S0x345	0x28d5
0x28d6S0x345	0x28d6
0x28d7S0x345	0x28d7
0x28d8S0x345	0x28d8
0x28e0S0x345	0x28e0
0x28e5S0x345	0x28e5
0xfe1a0S0x345	0x1717
0x25c7S0x28dfS0x345	0x25c7
0x25bcS0x28dfS0x345	0x25bc
0x25bdS0x28dfS0x345	0x25bd
0x25c0S0x28dfS0x345	0x25c0
0x25c2S0x28dfS0x345	0x25c2
0x25c3S0x28dfS0x345	0x25c3
0x27e3S0x3a5	0x27e3
0x27e6S0x3a5	0x27e6
0x27eaS0x3a5	0x27ea
0x27ebS0x3a5	0x27eb
0x27ecS0x3a5	0x27ec
0x27edS0x3a5	0x27ed
0x27f6S0x3a5	0x27f6
0x27f9S0x3a5	0x27f9
0x27fcS0x3a5	0x27fc
0x27fdS0x3a5	0x27fd
0x27feS0x3a5	0x27fe
0x2802S0x3a5	0x2802
0x3404S0x27f4S0x3a5	0x3404
0x33f4S0x27f4S0x3a5	0x33f4
0x33f6S0x27f4S0x3a5	0x33f6
0x33f8S0x27f4S0x3a5	0x33f8
0x33faS0x27f4S0x3a5	0x33fa
0x33fbS0x27f4S0x3a5	0x33fb
0x33fdS0x27f4S0x3a5	0x33fd
0x33ffS0x27f4S0x3a5	0x33ff
0x3400S0x27f4S0x3a5	0x3400
0x25ccS0x3c5	0x25cc
0x25ceS0x3c5	0x25ce
0x25d2S0x3c5	0x25d2
0x25d3S0x3c5	0x25d3
0x25d4S0x3c5	0x25d4
0x25d5S0x3c5	0x25d5
0x25deS0x3c5	0x25de
0x25dfS0x3c5	0x25df
0x25e3S0x3c5	0x25e3
0x3404S0x25dcS0x3c5	0x3404
0x33f4S0x25dcS0x3c5	0x33f4
0x33f6S0x25dcS0x3c5	0x33f6
0x33f8S0x25dcS0x3c5	0x33f8
0x33faS0x25dcS0x3c5	0x33fa
0x33fbS0x25dcS0x3c5	0x33fb
0x33fdS0x25dcS0x3c5	0x33fd
0x33ffS0x25dcS0x3c5	0x33ff
0x3400S0x25dcS0x3c5	0x3400
0x27e3S0x3e5	0x27e3
0x27e6S0x3e5	0x27e6
0x27eaS0x3e5	0x27ea
0x27ebS0x3e5	0x27eb
0x27ecS0x3e5	0x27ec
0x27edS0x3e5	0x27ed
0x27f6S0x3e5	0x27f6
0x27f9S0x3e5	0x27f9
0x27fcS0x3e5	0x27fc
0x27fdS0x3e5	0x27fd
0x27feS0x3e5	0x27fe
0x2802S0x3e5	0x2802
0x3404S0x27f4S0x3e5	0x3404
0x33f4S0x27f4S0x3e5	0x33f4
0x33f6S0x27f4S0x3e5	0x33f6
0x33f8S0x27f4S0x3e5	0x33f8
0x33faS0x27f4S0x3e5	0x33fa
0x33fbS0x27f4S0x3e5	0x33fb
0x33fdS0x27f4S0x3e5	0x33fd
0x33ffS0x27f4S0x3e5	0x33ff
0x3400S0x27f4S0x3e5	0x3400
0x2851S0x405	0x2851
0x2854S0x405	0x2854
0x2858S0x405	0x2858
0x2859S0x405	0x2859
0x285aS0x405	0x285a
0x285bS0x405	0x285b
0x2863S0x405	0x2863
0x2868S0x405	0x2868
0x286fS0x405	0x286f
0x2873S0x405	0x2873
0x2876S0x405	0x2876
0x2877S0x405	0x2877
0x25b6S0x2862S0x405	0x25b6
0x25a5S0x2862S0x405	0x25a5
0x25a6S0x2862S0x405	0x25a6
0x25a8S0x2862S0x405	0x25a8
0x25aaS0x2862S0x405	0x25aa
0x25acS0x2862S0x405	0x25ac
0x25adS0x2862S0x405	0x25ad
0x25afS0x2862S0x405	0x25af
0x25b1S0x2862S0x405	0x25b1
0x25b2S0x2862S0x405	0x25b2
0x25c7S0x286cS0x405	0x25c7
0x25bcS0x286cS0x405	0x25bc
0x25bdS0x286cS0x405	0x25bd
0x25c0S0x286cS0x405	0x25c0
0x25c2S0x286cS0x405	0x25c2
0x25c3S0x286cS0x405	0x25c3
0x2743S0x452	0x2743
0x2746S0x452	0x2746
0x2749S0x452	0x2749
0x274dS0x452	0x274d
0x274eS0x452	0x274e
0x274fS0x452	0x274f
0x2750S0x452	0x2750
0x2759S0x452	0x2759
0x275aS0x452	0x275a
0x275cS0x452	0x275c
0x275eS0x452	0x275e
0x2760S0x452	0x2760
0x2761S0x452	0x2761
0x2764S0x452	0x2764
0x2765S0x452	0x2765
0x2766S0x452	0x2766
0x276eS0x452	0x276e
0x2774S0x452	0x2774
0x2775S0x452	0x2775
0x277fS0x452	0x277f
0x2782S0x452	0x2782
0x2783S0x452	0x2783
0x2788S0x452	0x2788
0x2789S0x452	0x2789
0x278aS0x452	0x278a
0x2793S0x452	0x2793
0x2799S0x452	0x2799
0x279aS0x452	0x279a
0x2559S0x276dS0x452	0x2559
0x2530S0x276dS0x452	0x2530
0x2531S0x276dS0x452	0x2531
0x2533S0x276dS0x452	0x2533
0x2535S0x276dS0x452	0x2535
0x2537S0x276dS0x452	0x2537
0x2538S0x276dS0x452	0x2538
0x253aS0x276dS0x452	0x253a
0x253bS0x276dS0x452	0x253b
0x253cS0x276dS0x452	0x253c
0x2544S0x276dS0x452	0x2544
0x2547S0x276dS0x452	0x2547
0x254bS0x276dS0x452	0x254b
0x254fS0x276dS0x452	0x254f
0x2551S0x276dS0x452	0x2551
0x2552S0x276dS0x452	0x2552
0x2553S0x276dS0x452	0x2553
0x2554S0x276dS0x452	0x2554
0x2555S0x276dS0x452	0x2555
0x251dS0x276dS0x452	0x251d
0x2521S0x276dS0x452	0x2521
0x2524S0x276dS0x452	0x2524
0x2525S0x276dS0x452	0x2525
0x2526S0x276dS0x452	0x2526
0x2559S0x2791S0x452	0x2559
0x2530S0x2791S0x452	0x2530
0x2531S0x2791S0x452	0x2531
0x2533S0x2791S0x452	0x2533
0x2535S0x2791S0x452	0x2535
0x2537S0x2791S0x452	0x2537
0x2538S0x2791S0x452	0x2538
0x253aS0x2791S0x452	0x253a
0x253bS0x2791S0x452	0x253b
0x253cS0x2791S0x452	0x253c
0x2544S0x2791S0x452	0x2544
0x2547S0x2791S0x452	0x2547
0x254bS0x2791S0x452	0x254b
0x254fS0x2791S0x452	0x254f
0x2551S0x2791S0x452	0x2551
0x2552S0x2791S0x452	0x2552
0x2553S0x2791S0x452	0x2553
0x2554S0x2791S0x452	0x2554
0x2555S0x2791S0x452	0x2555
0x251dS0x2791S0x452	0x251d
0x2521S0x2791S0x452	0x2521
0x2524S0x2791S0x452	0x2524
0x2525S0x2791S0x452	0x2525
0x2526S0x2791S0x452	0x2526
0x28cfS0x472	0x28cf
0x28d1S0x472	0x28d1
0x28d5S0x472	0x28d5
0x28d6S0x472	0x28d6
0x28d7S0x472	0x28d7
0x28d8S0x472	0x28d8
0x28e0S0x472	0x28e0
0x28e5S0x472	0x28e5
0xfe1a0S0x472	0x1717
0x25c7S0x28dfS0x472	0x25c7
0x25bcS0x28dfS0x472	0x25bc
0x25bdS0x28dfS0x472	0x25bd
0x25c0S0x28dfS0x472	0x25c0
0x25c2S0x28dfS0x472	0x25c2
0x25c3S0x28dfS0x472	0x25c3
0x25ccS0x511	0x25cc
0x25ceS0x511	0x25ce
0x25d2S0x511	0x25d2
0x25d3S0x511	0x25d3
0x25d4S0x511	0x25d4
0x25d5S0x511	0x25d5
0x25deS0x511	0x25de
0x25dfS0x511	0x25df
0x25e3S0x511	0x25e3
0x3404S0x25dcS0x511	0x3404
0x33f4S0x25dcS0x511	0x33f4
0x33f6S0x25dcS0x511	0x33f6
0x33f8S0x25dcS0x511	0x33f8
0x33faS0x25dcS0x511	0x33fa
0x33fbS0x25dcS0x511	0x33fb
0x33fdS0x25dcS0x511	0x33fd
0x33ffS0x25dcS0x511	0x33ff
0x3400S0x25dcS0x511	0x3400
0x26d4S0x53e	0x26d4
0x26d7S0x53e	0x26d7
0x26daS0x53e	0x26da
0x26ddS0x53e	0x26dd
0x26e1S0x53e	0x26e1
0x26e2S0x53e	0x26e2
0x26e3S0x53e	0x26e3
0x26e4S0x53e	0x26e4
0x26edS0x53e	0x26ed
0x26eeS0x53e	0x26ee
0x26f2S0x53e	0x26f2
0x26f9S0x53e	0x26f9
0x26fcS0x53e	0x26fc
0x26fdS0x53e	0x26fd
0x2700S0x53e	0x2700
0x2703S0x53e	0x2703
0x2704S0x53e	0x2704
0x2705S0x53e	0x2705
0x2709S0x53e	0x2709
0x2710S0x53e	0x2710
0x2713S0x53e	0x2713
0x2714S0x53e	0x2714
0x2715S0x53e	0x2715
0x2719S0x53e	0x2719
0x2720S0x53e	0x2720
0x2723S0x53e	0x2723
0x2724S0x53e	0x2724
0x2727S0x53e	0x2727
0x272aS0x53e	0x272a
0x272bS0x53e	0x272b
0x272cS0x53e	0x272c
0x2730S0x53e	0x2730
0x3404S0x26ebS0x53e	0x3404
0x33f4S0x26ebS0x53e	0x33f4
0x33f6S0x26ebS0x53e	0x33f6
0x33f8S0x26ebS0x53e	0x33f8
0x33faS0x26ebS0x53e	0x33fa
0x33fbS0x26ebS0x53e	0x33fb
0x33fdS0x26ebS0x53e	0x33fd
0x33ffS0x26ebS0x53e	0x33ff
0x3400S0x26ebS0x53e	0x3400
0x3404S0x26f6S0x53e	0x3404
0x33f4S0x26f6S0x53e	0x33f4
0x33f6S0x26f6S0x53e	0x33f6
0x33f8S0x26f6S0x53e	0x33f8
0x33faS0x26f6S0x53e	0x33fa
0x33fbS0x26f6S0x53e	0x33fb
0x33fdS0x26f6S0x53e	0x33fd
0x33ffS0x26f6S0x53e	0x33ff
0x3400S0x26f6S0x53e	0x3400
0x341aS0x270dS0x53e	0x341a
0x3409S0x270dS0x53e	0x3409
0x340bS0x270dS0x53e	0x340b
0x340dS0x270dS0x53e	0x340d
0x340fS0x270dS0x53e	0x340f
0x3410S0x270dS0x53e	0x3410
0x3411S0x270dS0x53e	0x3411
0x3413S0x270dS0x53e	0x3413
0x3415S0x270dS0x53e	0x3415
0x3416S0x270dS0x53e	0x3416
0x341aS0x271dS0x53e	0x341a
0x3409S0x271dS0x53e	0x3409
0x340bS0x271dS0x53e	0x340b
0x340dS0x271dS0x53e	0x340d
0x340fS0x271dS0x53e	0x340f
0x3410S0x271dS0x53e	0x3410
0x3411S0x271dS0x53e	0x3411
0x3413S0x271dS0x53e	0x3413
0x3415S0x271dS0x53e	0x3415
0x3416S0x271dS0x53e	0x3416
0x25ccS0x573	0x25cc
0x25ceS0x573	0x25ce
0x25d2S0x573	0x25d2
0x25d3S0x573	0x25d3
0x25d4S0x573	0x25d4
0x25d5S0x573	0x25d5
0x25deS0x573	0x25de
0x25dfS0x573	0x25df
0x25e3S0x573	0x25e3
0x3404S0x25dcS0x573	0x3404
0x33f4S0x25dcS0x573	0x33f4
0x33f6S0x25dcS0x573	0x33f6
0x33f8S0x25dcS0x573	0x33f8
0x33faS0x25dcS0x573	0x33fa
0x33fbS0x25dcS0x573	0x33fb
0x33fdS0x25dcS0x573	0x33fd
0x33ffS0x25dcS0x573	0x33ff
0x3400S0x25dcS0x573	0x3400
0x25ccS0x5b3	0x25cc
0x25ceS0x5b3	0x25ce
0x25d2S0x5b3	0x25d2
0x25d3S0x5b3	0x25d3
0x25d4S0x5b3	0x25d4
0x25d5S0x5b3	0x25d5
0x25deS0x5b3	0x25de
0x25dfS0x5b3	0x25df
0x25e3S0x5b3	0x25e3
0x3404S0x25dcS0x5b3	0x3404
0x33f4S0x25dcS0x5b3	0x33f4
0x33f6S0x25dcS0x5b3	0x33f6
0x33f8S0x25dcS0x5b3	0x33f8
0x33faS0x25dcS0x5b3	0x33fa
0x33fbS0x25dcS0x5b3	0x33fb
0x33fdS0x25dcS0x5b3	0x33fd
0x33ffS0x25dcS0x5b3	0x33ff
0x3400S0x25dcS0x5b3	0x3400
0x160dS0x5e2	0x160d
0x161cS0x5e2	0x161c
0x161dS0x5e2	0x161d
0x1621S0x5e2	0x1621
0x1622S0x5e2	0x1622
0x15beS0x5e2	0x15be
0x15c1S0x5e2	0x15c1
0x15c6S0x5e2	0x15c6
0x15c8S0x5e2	0x15c8
0x15c9S0x5e2	0x15c9
0x15ceS0x5e2	0x15ce
0x15d0S0x5e2	0x15d0
0x15d5S0x5e2	0x15d5
0x15d7S0x5e2	0x15d7
0x15d9S0x5e2	0x15d9
0x15dbS0x5e2	0x15db
0x15dcS0x5e2	0x15dc
0x15deS0x5e2	0x15de
0x15e0S0x5e2	0x15e0
0x15e6S0x5e2	0x15e6
0x15f0S0x5e2	0x15f0
0x15f2S0x5e2	0x15f2
0x15f3S0x5e2	0x15f3
0x15f8S0x5e2	0x15f8
0x15faS0x5e2	0x15fa
0x15fcS0x5e2	0x15fc
0x15ffS0x5e2	0x15ff
0x1601S0x5e2	0x1601
0x1605S0x5e2	0x1605
0x1606S0x5e2	0x1606
0x1608S0x5e2	0x1608
0x1609S0x5e2	0x1609
0x2b53S0x5e2	0x2b53
0x2b55S0x5e2	0x2b55
0x2b57S0x5e2	0x2b57
0x2b59S0x5e2	0x2b59
0x2b5aS0x5e2	0x2b5a
0x2b5dS0x5e2	0x2b5d
0x2b63S0x5e2	0x2b63
0x2b64S0x5e2	0x2b64
0x2b67S0x5e2	0x2b67
0x2b69S0x5e2	0x2b69
0x2b6cS0x5e2	0x2b6c
0x2b71S0x5e2	0x2b71
0x2b73S0x5e2	0x2b73
0x1613S0x5e2	0x1613
0x1614S0x5e2	0x1614
0x1615S0x5e2	0x1615
0x1617S0x5e2	0x1617
0x1618S0x5e2	0x1618
0x28b0S0x5f3	0x28b0
0x28b3S0x5f3	0x28b3
0x28b5S0x5f3	0x28b5
0x28b9S0x5f3	0x28b9
0x28baS0x5f3	0x28ba
0x28bbS0x5f3	0x28bb
0x28bcS0x5f3	0x28bc
0x28c5S0x5f3	0x28c5
0x28c6S0x5f3	0x28c6
0x28caS0x5f3	0x28ca
0xec971S0x5f3	0x26b4
0xec974S0x5f3	0x26b7
0xec975S0x5f3	0x26b8
0xec978S0x5f3	0x26bb
0xec97bS0x5f3	0x26be
0xec97cS0x5f3	0x26bf
0xec97dS0x5f3	0x26c0
0xec981S0x5f3	0x26c4
0x342fS0x28c3S0x5f3	0x342f
0x341fS0x28c3S0x5f3	0x341f
0x3421S0x28c3S0x5f3	0x3421
0x3423S0x28c3S0x5f3	0x3423
0x3425S0x28c3S0x5f3	0x3425
0x3426S0x28c3S0x5f3	0x3426
0x3428S0x28c3S0x5f3	0x3428
0x342aS0x28c3S0x5f3	0x342a
0x342bS0x28c3S0x5f3	0x342b
0x3404S0xec96eS0x5f3	0x3404
0x33f4S0xec96eS0x5f3	0x33f4
0x33f6S0xec96eS0x5f3	0x33f6
0x33f8S0xec96eS0x5f3	0x33f8
0x33faS0xec96eS0x5f3	0x33fa
0x33fbS0xec96eS0x5f3	0x33fb
0x33fdS0xec96eS0x5f3	0x33fd
0x33ffS0xec96eS0x5f3	0x33ff
0x3400S0xec96eS0x5f3	0x3400
0x165dS0x628	0x165d
0x1660S0x628	0x1660
0x1665S0x628	0x1665
0x1668S0x628	0x1668
0x2122S0x628	0x2122
0x2125S0x628	0x2125
0x212aS0x628	0x212a
0x212dS0x628	0x212d
0x212eS0x628	0x212e
0x2130S0x628	0x2130
0x2131S0x628	0x2131
0x2132S0x628	0x2132
0x2134S0x628	0x2134
0x2137S0x628	0x2137
0x2139S0x628	0x2139
0x213aS0x628	0x213a
0x215cS0x628	0x215c
0x2160S0x628	0x2160
0x2162S0x628	0x2162
0x99923S0x628	0x2167
0x99925S0x628	0x2169
0x99928S0x628	0x216c
0x1ee4S0x2121S0x628	0x1ee4
0x1ee6S0x2121S0x628	0x1ee6
0x1ee7S0x2121S0x628	0x1ee7
0x1eebS0x2121S0x628	0x1eeb
0x1eedS0x2121S0x628	0x1eed
0x1ef0S0x2121S0x628	0x1ef0
0x1ef2S0x2121S0x628	0x1ef2
0x1ef3S0x2121S0x628	0x1ef3
0x1ef7S0x2121S0x628	0x1ef7
0x1ed9S0x2121S0x628	0x1ed9
0x1edbS0x2121S0x628	0x1edb
0x1edcS0x2121S0x628	0x1edc
0x1edeS0x2121S0x628	0x1ede
0x1edfS0x2121S0x628	0x1edf
0x1ee0S0x2121S0x628	0x1ee0
0x87e86S0x2121S0x628	0x905
0x87e88S0x2121S0x628	0x907
0x87e8bS0x2121S0x628	0x90a
0x3036S0x2121S0x628	0x3036
0x303bS0x2121S0x628	0x303b
0x303fS0x2121S0x628	0x303f
0x3041S0x2121S0x628	0x3041
0x3052S0x2121S0x628	0x3052
0x3054S0x2121S0x628	0x3054
0x3055S0x2121S0x628	0x3055
0x3058S0x2121S0x628	0x3058
0x305aS0x2121S0x628	0x305a
0x305cS0x2121S0x628	0x305c
0x2b3fS0x2129S0x628	0x2b3f
0x2b41S0x2129S0x628	0x2b41
0x2b43S0x2129S0x628	0x2b43
0x2b45S0x2129S0x628	0x2b45
0x2b46S0x2129S0x628	0x2b46
0x2b4aS0x2129S0x628	0x2b4a
0x2b4dS0x2129S0x628	0x2b4d
0x2b4fS0x2129S0x628	0x2b4f
0x260bS0x65d	0x260b
0x260eS0x65d	0x260e
0x2612S0x65d	0x2612
0x2613S0x65d	0x2613
0x2614S0x65d	0x2614
0x2615S0x65d	0x2615
0x261eS0x65d	0x261e
0x261fS0x65d	0x261f
0x2623S0x65d	0x2623
0x262aS0x65d	0x262a
0x262dS0x65d	0x262d
0x262eS0x65d	0x262e
0x262fS0x65d	0x262f
0x2633S0x65d	0x2633
0x3404S0x261cS0x65d	0x3404
0x33f4S0x261cS0x65d	0x33f4
0x33f6S0x261cS0x65d	0x33f6
0x33f8S0x261cS0x65d	0x33f8
0x33faS0x261cS0x65d	0x33fa
0x33fbS0x261cS0x65d	0x33fb
0x33fdS0x261cS0x65d	0x33fd
0x33ffS0x261cS0x65d	0x33ff
0x3400S0x261cS0x65d	0x3400
0x3404S0x2627S0x65d	0x3404
0x33f4S0x2627S0x65d	0x33f4
0x33f6S0x2627S0x65d	0x33f6
0x33f8S0x2627S0x65d	0x33f8
0x33faS0x2627S0x65d	0x33fa
0x33fbS0x2627S0x65d	0x33fb
0x33fdS0x2627S0x65d	0x33fd
0x33ffS0x2627S0x65d	0x33ff
0x3400S0x2627S0x65d	0x3400
0x16f7S0x68c	0x16f7
0x16fcS0x68c	0x16fc
0x16feS0x68c	0x16fe
0x1701S0x68c	0x1701
0x1704S0x68c	0x1704
0x1705S0x68c	0x1705
0x170aS0x68c	0x170a
0x170fS0x68c	0x170f
0x1712S0x68c	0x1712
0x697ddS0x68c	0x1717
0x2240S0x16f6S0x68c	0x2240
0x2242S0x16f6S0x68c	0x2242
0x2243S0x16f6S0x68c	0x2243
0x2247S0x16f6S0x68c	0x2247
0x2249S0x16f6S0x68c	0x2249
0x224cS0x16f6S0x68c	0x224c
0x224eS0x16f6S0x68c	0x224e
0x224fS0x16f6S0x68c	0x224f
0x2253S0x16f6S0x68c	0x2253
0x2171S0x16f6S0x68c	0x2171
0x2173S0x16f6S0x68c	0x2173
0x2178S0x16f6S0x68c	0x2178
0xab147S0x16f6S0x68c	0x1717
0x2236S0x16f6S0x68c	0x2236
0x2237S0x16f6S0x68c	0x2237
0x223bS0x16f6S0x68c	0x223b
0x223cS0x16f6S0x68c	0x223c
0x2259S0x16f6S0x68c	0x2259
0x225bS0x16f6S0x68c	0x225b
0x225eS0x16f6S0x68c	0x225e
0x2260S0x16f6S0x68c	0x2260
0x2261S0x16f6S0x68c	0x2261
0xec589S0x16f6S0x68c	0x905
0xec58bS0x16f6S0x68c	0x907
0xec58eS0x16f6S0x68c	0x90a
0x2d14S0x16f6S0x68c	0x2d14
0x2d19S0x16f6S0x68c	0x2d19
0x2d1dS0x16f6S0x68c	0x2d1d
0x2d1fS0x16f6S0x68c	0x2d1f
0x2d40S0x16f6S0x68c	0x2d40
0x2d43S0x16f6S0x68c	0x2d43
0x2d45S0x16f6S0x68c	0x2d45
0x2d48S0x16f6S0x68c	0x2d48
0x2d4aS0x16f6S0x68c	0x2d4a
0x2d4bS0x16f6S0x68c	0x2d4b
0x2d4eS0x16f6S0x68c	0x2d4e
0x2d50S0x16f6S0x68c	0x2d50
0x2d52S0x16f6S0x68c	0x2d52
0x2268S0x16f6S0x68c	0x2268
0x226bS0x16f6S0x68c	0x226b
0x226dS0x16f6S0x68c	0x226d
0x226fS0x16f6S0x68c	0x226f
0x2270S0x16f6S0x68c	0x2270
0x2271S0x16f6S0x68c	0x2271
0x27e3S0x6bd	0x27e3
0x27e6S0x6bd	0x27e6
0x27eaS0x6bd	0x27ea
0x27ebS0x6bd	0x27eb
0x27ecS0x6bd	0x27ec
0x27edS0x6bd	0x27ed
0x27f6S0x6bd	0x27f6
0x27f9S0x6bd	0x27f9
0x27fcS0x6bd	0x27fc
0x27fdS0x6bd	0x27fd
0x27feS0x6bd	0x27fe
0x2802S0x6bd	0x2802
0x3404S0x27f4S0x6bd	0x3404
0x33f4S0x27f4S0x6bd	0x33f4
0x33f6S0x27f4S0x6bd	0x33f6
0x33f8S0x27f4S0x6bd	0x33f8
0x33faS0x27f4S0x6bd	0x33fa
0x33fbS0x27f4S0x6bd	0x33fb
0x33fdS0x27f4S0x6bd	0x33fd
0x33ffS0x27f4S0x6bd	0x33ff
0x3400S0x27f4S0x6bd	0x3400
0x260bS0x6f2	0x260b
0x260eS0x6f2	0x260e
0x2612S0x6f2	0x2612
0x2613S0x6f2	0x2613
0x2614S0x6f2	0x2614
0x2615S0x6f2	0x2615
0x261eS0x6f2	0x261e
0x261fS0x6f2	0x261f
0x2623S0x6f2	0x2623
0x262aS0x6f2	0x262a
0x262dS0x6f2	0x262d
0x262eS0x6f2	0x262e
0x262fS0x6f2	0x262f
0x2633S0x6f2	0x2633
0x3404S0x261cS0x6f2	0x3404
0x33f4S0x261cS0x6f2	0x33f4
0x33f6S0x261cS0x6f2	0x33f6
0x33f8S0x261cS0x6f2	0x33f8
0x33faS0x261cS0x6f2	0x33fa
0x33fbS0x261cS0x6f2	0x33fb
0x33fdS0x261cS0x6f2	0x33fd
0x33ffS0x261cS0x6f2	0x33ff
0x3400S0x261cS0x6f2	0x3400
0x3404S0x2627S0x6f2	0x3404
0x33f4S0x2627S0x6f2	0x33f4
0x33f6S0x2627S0x6f2	0x33f6
0x33f8S0x2627S0x6f2	0x33f8
0x33faS0x2627S0x6f2	0x33fa
0x33fbS0x2627S0x6f2	0x33fb
0x33fdS0x2627S0x6f2	0x33fd
0x33ffS0x2627S0x6f2	0x33ff
0x3400S0x2627S0x6f2	0x3400
0x25ccS0x727	0x25cc
0x25ceS0x727	0x25ce
0x25d2S0x727	0x25d2
0x25d3S0x727	0x25d3
0x25d4S0x727	0x25d4
0x25d5S0x727	0x25d5
0x25deS0x727	0x25de
0x25dfS0x727	0x25df
0x25e3S0x727	0x25e3
0x3404S0x25dcS0x727	0x3404
0x33f4S0x25dcS0x727	0x33f4
0x33f6S0x25dcS0x727	0x33f6
0x33f8S0x25dcS0x727	0x33f8
0x33faS0x25dcS0x727	0x33fa
0x33fbS0x25dcS0x727	0x33fb
0x33fdS0x25dcS0x727	0x33fd
0x33ffS0x25dcS0x727	0x33ff
0x3400S0x25dcS0x727	0x3400
0x2936S0x75c	0x2936
0x2939S0x75c	0x2939
0x293bS0x75c	0x293b
0x293fS0x75c	0x293f
0x2940S0x75c	0x2940
0x2941S0x75c	0x2941
0x2942S0x75c	0x2942
0x294aS0x75c	0x294a
0x294fS0x75c	0x294f
0x2956S0x75c	0x2956
0x295aS0x75c	0x295a
0x295dS0x75c	0x295d
0x295eS0x75c	0x295e
0x2965S0x75c	0x2965
0x2968S0x75c	0x2968
0x2969S0x75c	0x2969
0x25c7S0x2949S0x75c	0x25c7
0x25bcS0x2949S0x75c	0x25bc
0x25bdS0x2949S0x75c	0x25bd
0x25c0S0x2949S0x75c	0x25c0
0x25c2S0x2949S0x75c	0x25c2
0x25c3S0x2949S0x75c	0x25c3
0x25b6S0x2953S0x75c	0x25b6
0x25a5S0x2953S0x75c	0x25a5
0x25a6S0x2953S0x75c	0x25a6
0x25a8S0x2953S0x75c	0x25a8
0x25aaS0x2953S0x75c	0x25aa
0x25acS0x2953S0x75c	0x25ac
0x25adS0x2953S0x75c	0x25ad
0x25afS0x2953S0x75c	0x25af
0x25b1S0x2953S0x75c	0x25b1
0x25b2S0x2953S0x75c	0x25b2
0x19acS0x7e4	0x19ac
0x19b1S0x7e4	0x19b1
0x19b3S0x7e4	0x19b3
0x19b6S0x7e4	0x19b6
0x19b9S0x7e4	0x19b9
0x19baS0x7e4	0x19ba
0x19beS0x7e4	0x19be
0x87be9S0x7e4	0xa57
0x2192S0x19abS0x7e4	0x2192
0x2194S0x19abS0x7e4	0x2194
0x2198S0x19abS0x7e4	0x2198
0xc947fS0x19abS0x7e4	0xa57
0x2292S0x19abS0x7e4	0x2292
0x2693S0x7f5	0x2693
0x2696S0x7f5	0x2696
0x2698S0x7f5	0x2698
0x269cS0x7f5	0x269c
0x269dS0x7f5	0x269d
0x269eS0x7f5	0x269e
0x269fS0x7f5	0x269f
0x26a8S0x7f5	0x26a8
0x26a9S0x7f5	0x26a9
0x26adS0x7f5	0x26ad
0xec86cS0x7f5	0x26b4
0xec86fS0x7f5	0x26b7
0xec870S0x7f5	0x26b8
0xec873S0x7f5	0x26bb
0xec876S0x7f5	0x26be
0xec877S0x7f5	0x26bf
0xec878S0x7f5	0x26c0
0xec87cS0x7f5	0x26c4
0x3404S0x26a6S0x7f5	0x3404
0x33f4S0x26a6S0x7f5	0x33f4
0x33f6S0x26a6S0x7f5	0x33f6
0x33f8S0x26a6S0x7f5	0x33f8
0x33faS0x26a6S0x7f5	0x33fa
0x33fbS0x26a6S0x7f5	0x33fb
0x33fdS0x26a6S0x7f5	0x33fd
0x33ffS0x26a6S0x7f5	0x33ff
0x3400S0x26a6S0x7f5	0x3400
0x3404S0xec869S0x7f5	0x3404
0x33f4S0xec869S0x7f5	0x33f4
0x33f6S0xec869S0x7f5	0x33f6
0x33f8S0xec869S0x7f5	0x33f8
0x33faS0xec869S0x7f5	0x33fa
0x33fbS0xec869S0x7f5	0x33fb
0x33fdS0xec869S0x7f5	0x33fd
0x33ffS0xec869S0x7f5	0x33ff
0x3400S0xec869S0x7f5	0x3400
0x25ccS0x815	0x25cc
0x25ceS0x815	0x25ce
0x25d2S0x815	0x25d2
0x25d3S0x815	0x25d3
0x25d4S0x815	0x25d4
0x25d5S0x815	0x25d5
0x25deS0x815	0x25de
0x25dfS0x815	0x25df
0x25e3S0x815	0x25e3
0x3404S0x25dcS0x815	0x3404
0x33f4S0x25dcS0x815	0x33f4
0x33f6S0x25dcS0x815	0x33f6
0x33f8S0x25dcS0x815	0x33f8
0x33faS0x25dcS0x815	0x33fa
0x33fbS0x25dcS0x815	0x33fb
0x33fdS0x25dcS0x815	0x33fd
0x33ffS0x25dcS0x815	0x33ff
0x3400S0x25dcS0x815	0x3400
0x27e3S0x835	0x27e3
0x27e6S0x835	0x27e6
0x27eaS0x835	0x27ea
0x27ebS0x835	0x27eb
0x27ecS0x835	0x27ec
0x27edS0x835	0x27ed
0x27f6S0x835	0x27f6
0x27f9S0x835	0x27f9
0x27fcS0x835	0x27fc
0x27fdS0x835	0x27fd
0x27feS0x835	0x27fe
0x2802S0x835	0x2802
0x3404S0x27f4S0x835	0x3404
0x33f4S0x27f4S0x835	0x33f4
0x33f6S0x27f4S0x835	0x33f6
0x33f8S0x27f4S0x835	0x33f8
0x33faS0x27f4S0x835	0x33fa
0x33fbS0x27f4S0x835	0x33fb
0x33fdS0x27f4S0x835	0x33fd
0x33ffS0x27f4S0x835	0x33ff
0x3400S0x27f4S0x835	0x3400
0x25ccS0x8a7	0x25cc
0x25ceS0x8a7	0x25ce
0x25d2S0x8a7	0x25d2
0x25d3S0x8a7	0x25d3
0x25d4S0x8a7	0x25d4
0x25d5S0x8a7	0x25d5
0x25deS0x8a7	0x25de
0x25dfS0x8a7	0x25df
0x25e3S0x8a7	0x25e3
0x3404S0x25dcS0x8a7	0x3404
0x33f4S0x25dcS0x8a7	0x33f4
0x33f6S0x25dcS0x8a7	0x33f6
0x33f8S0x25dcS0x8a7	0x33f8
0x33faS0x25dcS0x8a7	0x33fa
0x33fbS0x25dcS0x8a7	0x33fb
0x33fdS0x25dcS0x8a7	0x33fd
0x33ffS0x25dcS0x8a7	0x33ff
0x3400S0x25dcS0x8a7	0x3400
0x1ec9S0x8c7	0x1ec9
0x1eccS0x8c7	0x1ecc
0x1ed1S0x8c7	0x1ed1
0x1ed4S0x8c7	0x1ed4
0x219dS0x8c7	0x219d
0x21a0S0x8c7	0x21a0
0x21a5S0x8c7	0x21a5
0x21a8S0x8c7	0x21a8
0x21a9S0x8c7	0x21a9
0x21abS0x8c7	0x21ab
0x21acS0x8c7	0x21ac
0x21afS0x8c7	0x21af
0x21b1S0x8c7	0x21b1
0x21b2S0x8c7	0x21b2
0x21d4S0x8c7	0x21d4
0x21d8S0x8c7	0x21d8
0x21daS0x8c7	0x21da
0xc94c0S0x8c7	0x2167
0xc94c2S0x8c7	0x2169
0xc94c5S0x8c7	0x216c
0x22a0S0x219cS0x8c7	0x22a0
0x22a2S0x219cS0x8c7	0x22a2
0x22a3S0x219cS0x8c7	0x22a3
0x22a7S0x219cS0x8c7	0x22a7
0x22a9S0x219cS0x8c7	0x22a9
0x22acS0x219cS0x8c7	0x22ac
0x22aeS0x219cS0x8c7	0x22ae
0x22afS0x219cS0x8c7	0x22af
0x22b3S0x219cS0x8c7	0x22b3
0x2296S0x219cS0x8c7	0x2296
0x2298S0x219cS0x8c7	0x2298
0x2299S0x219cS0x8c7	0x2299
0x229bS0x219cS0x8c7	0x229b
0x229cS0x219cS0x8c7	0x229c
0xec5d2S0x219cS0x8c7	0x905
0xec5d4S0x219cS0x8c7	0x907
0xec5d7S0x219cS0x8c7	0x90a
0x2e42S0x219cS0x8c7	0x2e42
0x2e47S0x219cS0x8c7	0x2e47
0x2e4bS0x219cS0x8c7	0x2e4b
0x2e4dS0x219cS0x8c7	0x2e4d
0x2e62S0x219cS0x8c7	0x2e62
0x2e64S0x219cS0x8c7	0x2e64
0x2e65S0x219cS0x8c7	0x2e65
0x2e68S0x219cS0x8c7	0x2e68
0x2e6aS0x219cS0x8c7	0x2e6a
0x2e6cS0x219cS0x8c7	0x2e6c
0x2b3fS0x21a4S0x8c7	0x2b3f
0x2b41S0x21a4S0x8c7	0x2b41
0x2b43S0x21a4S0x8c7	0x2b43
0x2b45S0x21a4S0x8c7	0x2b45
0x2b46S0x21a4S0x8c7	0x2b46
0x2b4aS0x21a4S0x8c7	0x2b4a
0x2b4dS0x21a4S0x8c7	0x2b4d
0x2b4fS0x21a4S0x8c7	0x2b4f
0x2c4eS0x999	0x2c4e
0x2c51S0x999	0x2c51
0x2c52S0x999	0x2c52
0x2c55S0x999	0x2c55
0x2c57S0x999	0x2c57
0x2c59S0x999	0x2c59
0x2c5bS0x999	0x2c5b
0x2c5dS0x999	0x2c5d
0x2c5eS0x999	0x2c5e
0x2c60S0x999	0x2c60
0x2c61S0x999	0x2c61
0x2c64S0x999	0x2c64
0x2c66S0x999	0x2c66
0x2c68S0x999	0x2c68
0x2c6aS0x999	0x2c6a
0x2c6cS0x999	0x2c6c
0x2c6dS0x999	0x2c6d
0x2c6fS0x999	0x2c6f
0x2c70S0x999	0x2c70
0x2c73S0x999	0x2c73
0x2c75S0x999	0x2c75
0x2c77S0x999	0x2c77
0x2c7aS0x999	0x2c7a
0x2c7eS0x999	0x2c7e
0x2c81S0x999	0x2c81
0x2c86S0x999	0x2c86
0x2c89S0x999	0x2c89
0x2a6dS0x2c4aS0x999	0x2a6d
0x2a74S0x2c4aS0x999	0x2a74
0x2a77S0x2c4aS0x999	0x2a77
0x2a7aS0x2c4aS0x999	0x2a7a
0x2a7eS0x2c4aS0x999	0x2a7e
0x2a7fS0x2c4aS0x999	0x2a7f
0x2a81S0x2c4aS0x999	0x2a81
0x2a83S0x2c4aS0x999	0x2a83
0x2a85S0x2c4aS0x999	0x2a85
0x2a86S0x2c4aS0x999	0x2a86
0x2a89S0x2c4aS0x999	0x2a89
0x2a8aS0x2c4aS0x999	0x2a8a
0x2a8cS0x2c4aS0x999	0x2a8c
0x2a8dS0x2c4aS0x999	0x2a8d
0x2c28S0x126e	0x2c28
0x2c2dS0x126e	0x2c2d
0x2c2fS0x126e	0x2c2f
0x2c32S0x126e	0x2c32
0x2c34S0x126e	0x2c34
0x2c37S0x126e	0x2c37
0x2c3aS0x126e	0x2c3a
0x2c3dS0x126e	0x2c3d
0x2a6dS0x2c27S0x126e	0x2a6d
0x2a74S0x2c27S0x126e	0x2a74
0x2a77S0x2c27S0x126e	0x2a77
0x2a7aS0x2c27S0x126e	0x2a7a
0x2a7eS0x2c27S0x126e	0x2a7e
0x2a7fS0x2c27S0x126e	0x2a7f
0x2a81S0x2c27S0x126e	0x2a81
0x2a83S0x2c27S0x126e	0x2a83
0x2a85S0x2c27S0x126e	0x2a85
0x2a86S0x2c27S0x126e	0x2a86
0x2a89S0x2c27S0x126e	0x2a89
0x2a8aS0x2c27S0x126e	0x2a8a
0x2a8cS0x2c27S0x126e	0x2a8c
0x2a8dS0x2c27S0x126e	0x2a8d
0x25efS0x1c05	0x25ef
0x25f1S0x1c05	0x25f1
0x25f5S0x1c05	0x25f5
0x25f6S0x1c05	0x25f6
0x25f7S0x1c05	0x25f7
0x25f8S0x1c05	0x25f8
0x2601S0x1c05	0x2601
0x2602S0x1c05	0x2602
0x2606S0x1c05	0x2606
0x3404S0x25ffS0x1c05	0x3404
0x33f4S0x25ffS0x1c05	0x33f4
0x33f6S0x25ffS0x1c05	0x33f6
0x33f8S0x25ffS0x1c05	0x33f8
0x33faS0x25ffS0x1c05	0x33fa
0x33fbS0x25ffS0x1c05	0x33fb
0x33fdS0x25ffS0x1c05	0x33fd
0x33ffS0x25ffS0x1c05	0x33ff
0x3400S0x25ffS0x1c05	0x3400
0x2c4eS0x1d7d	0x2c4e
0x2c51S0x1d7d	0x2c51
0x2c52S0x1d7d	0x2c52
0x2c55S0x1d7d	0x2c55
0x2c57S0x1d7d	0x2c57
0x2c59S0x1d7d	0x2c59
0x2c5bS0x1d7d	0x2c5b
0x2c5dS0x1d7d	0x2c5d
0x2c5eS0x1d7d	0x2c5e
0x2c60S0x1d7d	0x2c60
0x2c61S0x1d7d	0x2c61
0x2c64S0x1d7d	0x2c64
0x2c66S0x1d7d	0x2c66
0x2c68S0x1d7d	0x2c68
0x2c6aS0x1d7d	0x2c6a
0x2c6cS0x1d7d	0x2c6c
0x2c6dS0x1d7d	0x2c6d
0x2c6fS0x1d7d	0x2c6f
0x2c70S0x1d7d	0x2c70
0x2c73S0x1d7d	0x2c73
0x2c75S0x1d7d	0x2c75
0x2c77S0x1d7d	0x2c77
0x2c7aS0x1d7d	0x2c7a
0x2c7eS0x1d7d	0x2c7e
0x2c81S0x1d7d	0x2c81
0x2c86S0x1d7d	0x2c86
0x2c89S0x1d7d	0x2c89
0x2a6dS0x2c4aS0x1d7d	0x2a6d
0x2a74S0x2c4aS0x1d7d	0x2a74
0x2a77S0x2c4aS0x1d7d	0x2a77
0x2a7aS0x2c4aS0x1d7d	0x2a7a
0x2a7eS0x2c4aS0x1d7d	0x2a7e
0x2a7fS0x2c4aS0x1d7d	0x2a7f
0x2a81S0x2c4aS0x1d7d	0x2a81
0x2a83S0x2c4aS0x1d7d	0x2a83
0x2a85S0x2c4aS0x1d7d	0x2a85
0x2a86S0x2c4aS0x1d7d	0x2a86
0x2a89S0x2c4aS0x1d7d	0x2a89
0x2a8aS0x2c4aS0x1d7d	0x2a8a
0x2a8cS0x2c4aS0x1d7d	0x2a8c
0x2a8dS0x2c4aS0x1d7d	0x2a8d
0x28eaS0x2ce	0x28ea
0x28edS0x2ce	0x28ed
0x28f0S0x2ce	0x28f0
0x28f4S0x2ce	0x28f4
0x28f5S0x2ce	0x28f5
0x28f6S0x2ce	0x28f6
0x28f7S0x2ce	0x28f7
0x28ffS0x2ce	0x28ff
0x2904S0x2ce	0x2904
0x290bS0x2ce	0x290b
0x290eS0x2ce	0x290e
0x290fS0x2ce	0x290f
0x2912S0x2ce	0x2912
0x2915S0x2ce	0x2915
0x2916S0x2ce	0x2916
0x2917S0x2ce	0x2917
0x2919S0x2ce	0x2919
0x291bS0x2ce	0x291b
0x291dS0x2ce	0x291d
0x291eS0x2ce	0x291e
0x2920S0x2ce	0x2920
0x2921S0x2ce	0x2921
0x2922S0x2ce	0x2922
0x292aS0x2ce	0x292a
0x2930S0x2ce	0x2930
0x2931S0x2ce	0x2931
0x25c7S0x28feS0x2ce	0x25c7
0x25bcS0x28feS0x2ce	0x25bc
0x25bdS0x28feS0x2ce	0x25bd
0x25c0S0x28feS0x2ce	0x25c0
0x25c2S0x28feS0x2ce	0x25c2
0x25c3S0x28feS0x2ce	0x25c3
0x259fS0x2929S0x2ce	0x259f
0x2578S0x2929S0x2ce	0x2578
0x2579S0x2929S0x2ce	0x2579
0x257bS0x2929S0x2ce	0x257b
0x257dS0x2929S0x2ce	0x257d
0x257fS0x2929S0x2ce	0x257f
0x2580S0x2929S0x2ce	0x2580
0x2582S0x2929S0x2ce	0x2582
0x2583S0x2929S0x2ce	0x2583
0x2584S0x2929S0x2ce	0x2584
0x258cS0x2929S0x2ce	0x258c
0x258fS0x2929S0x2ce	0x258f
0x2593S0x2929S0x2ce	0x2593
0x2597S0x2929S0x2ce	0x2597
0x2598S0x2929S0x2ce	0x2598
0x2599S0x2929S0x2ce	0x2599
0x259aS0x2929S0x2ce	0x259a
0x259bS0x2929S0x2ce	0x259b
0x2565S0x2929S0x2ce	0x2565
0x2569S0x2929S0x2ce	0x2569
0x256cS0x2929S0x2ce	0x256c
0x256dS0x2929S0x2ce	0x256d
0x256eS0x2929S0x2ce	0x256e
0x28eaS0x85e	0x28ea
0x28edS0x85e	0x28ed
0x28f0S0x85e	0x28f0
0x28f4S0x85e	0x28f4
0x28f5S0x85e	0x28f5
0x28f6S0x85e	0x28f6
0x28f7S0x85e	0x28f7
0x28ffS0x85e	0x28ff
0x2904S0x85e	0x2904
0x290bS0x85e	0x290b
0x290eS0x85e	0x290e
0x290fS0x85e	0x290f
0x2912S0x85e	0x2912
0x2915S0x85e	0x2915
0x2916S0x85e	0x2916
0x2917S0x85e	0x2917
0x2919S0x85e	0x2919
0x291bS0x85e	0x291b
0x291dS0x85e	0x291d
0x291eS0x85e	0x291e
0x2920S0x85e	0x2920
0x2921S0x85e	0x2921
0x2922S0x85e	0x2922
0x292aS0x85e	0x292a
0x2930S0x85e	0x2930
0x2931S0x85e	0x2931
0x25c7S0x28feS0x85e	0x25c7
0x25bcS0x28feS0x85e	0x25bc
0x25bdS0x28feS0x85e	0x25bd
0x25c0S0x28feS0x85e	0x25c0
0x25c2S0x28feS0x85e	0x25c2
0x25c3S0x28feS0x85e	0x25c3
0x259fS0x2929S0x85e	0x259f
0x2578S0x2929S0x85e	0x2578
0x2579S0x2929S0x85e	0x2579
0x257bS0x2929S0x85e	0x257b
0x257dS0x2929S0x85e	0x257d
0x257fS0x2929S0x85e	0x257f
0x2580S0x2929S0x85e	0x2580
0x2582S0x2929S0x85e	0x2582
0x2583S0x2929S0x85e	0x2583
0x2584S0x2929S0x85e	0x2584
0x258cS0x2929S0x85e	0x258c
0x258fS0x2929S0x85e	0x258f
0x2593S0x2929S0x85e	0x2593
0x2597S0x2929S0x85e	0x2597
0x2598S0x2929S0x85e	0x2598
0x2599S0x2929S0x85e	0x2599
0x259aS0x2929S0x85e	0x259a
0x259bS0x2929S0x85e	0x259b
0x2565S0x2929S0x85e	0x2565
0x2569S0x2929S0x85e	0x2569
0x256cS0x2929S0x85e	0x256c
0x256dS0x2929S0x85e	0x256d
0x256eS0x2929S0x85e	0x256e
0x2220S0x2076	0x2220
0x2222S0x2076	0x2222
0x2226S0x2076	0x2226
0x2228S0x2076	0x2228
0x222aS0x2076	0x222a
0x222cS0x2076	0x222c
0x222dS0x2076	0x222d
0x222fS0x2076	0x222f
0x2230S0x2076	0x2230
0xec548S0x2076	0x1717
0x2302S0x221fS0x2076	0x2302
0x2307S0x221fS0x2076	0x2307
0x230aS0x221fS0x2076	0x230a
0x230bS0x221fS0x2076	0x230b
0x230eS0x221fS0x2076	0x230e
0x2311S0x221fS0x2076	0x2311
0x2312S0x221fS0x2076	0x2312
0x2314S0x221fS0x2076	0x2314
0x2315S0x221fS0x2076	0x2315
0x23beS0x221fS0x2076	0x23be
0x23c3S0x221fS0x2076	0x23c3
0x2336S0x221fS0x2076	0x2336
0x2339S0x221fS0x2076	0x2339
0x233bS0x221fS0x2076	0x233b
0x233dS0x221fS0x2076	0x233d
0x233eS0x221fS0x2076	0x233e
0x233fS0x221fS0x2076	0x233f
0x2344S0x221fS0x2076	0x2344
0x2346S0x221fS0x2076	0x2346
0x2349S0x221fS0x2076	0x2349
0x234bS0x221fS0x2076	0x234b
0x234cS0x221fS0x2076	0x234c
0x2352S0x221fS0x2076	0x2352
0x2357S0x221fS0x2076	0x2357
0x235bS0x221fS0x2076	0x235b
0x235eS0x221fS0x2076	0x235e
0x2366S0x221fS0x2076	0x2366
0x236aS0x221fS0x2076	0x236a
0x236eS0x221fS0x2076	0x236e
0x2371S0x221fS0x2076	0x2371
0x2374S0x221fS0x2076	0x2374
0x2378S0x221fS0x2076	0x2378
0x237cS0x221fS0x2076	0x237c
0x2382S0x221fS0x2076	0x2382
0x2385S0x221fS0x2076	0x2385
0x2389S0x221fS0x2076	0x2389
0x238cS0x221fS0x2076	0x238c
0x238eS0x221fS0x2076	0x238e
0x2390S0x221fS0x2076	0x2390
0x2391S0x221fS0x2076	0x2391
0x2392S0x221fS0x2076	0x2392
0x2399S0x221fS0x2076	0x2399
0x239bS0x221fS0x2076	0x239b
0x239cS0x221fS0x2076	0x239c
0x23a1S0x221fS0x2076	0x23a1
0x23a3S0x221fS0x2076	0x23a3
0x23a7S0x221fS0x2076	0x23a7
0x23a9S0x221fS0x2076	0x23a9
0x23aaS0x221fS0x2076	0x23aa
0x23acS0x221fS0x2076	0x23ac
0x23adS0x221fS0x2076	0x23ad
0x23b1S0x221fS0x2076	0x23b1
0x23b9S0x221fS0x2076	0x23b9
0x231aS0x221fS0x2076	0x231a
0x231bS0x221fS0x2076	0x231b
0x231dS0x221fS0x2076	0x231d
0x2320S0x221fS0x2076	0x2320
0x2324S0x221fS0x2076	0x2324
0x2326S0x221fS0x2076	0x2326
0x232eS0x221fS0x2076	0x232e
0x232fS0x221fS0x2076	0x232f
0xa4aS0x2fe	0xa4a
0xa4cS0x2fe	0xa4c
0xa50S0x2fe	0xa50
0xa53S0x2fe	0xa53
0x3e5a4S0x2fe	0xa57
0x110fS0x414	0x110f
0x1114S0x414	0x1114
0x1115S0x414	0x1115
0x1116S0x414	0x1116
0x111aS0x414	0x111a
0x111cS0x414	0x111c
0x111eS0x414	0x111e
0x10b2S0x414	0x10b2
0x10b4S0x414	0x10b4
0x10b9S0x414	0x10b9
0x10beS0x414	0x10be
0x10c2S0x414	0x10c2
0x10cbS0x414	0x10cb
0x10cdS0x414	0x10cd
0x10cfS0x414	0x10cf
0x10d0S0x414	0x10d0
0x10d2S0x414	0x10d2
0x10d5S0x414	0x10d5
0x10d6S0x414	0x10d6
0x10d7S0x414	0x10d7
0x10daS0x414	0x10da
0x10dbS0x414	0x10db
0x10ddS0x414	0x10dd
0x10deS0x414	0x10de
0x10e1S0x414	0x10e1
0x10e5S0x414	0x10e5
0x10e6S0x414	0x10e6
0x10e9S0x414	0x10e9
0x10ecS0x414	0x10ec
0x10eeS0x414	0x10ee
0x10f0S0x414	0x10f0
0x10f2S0x414	0x10f2
0x10feS0x414	0x10fe
0x1102S0x414	0x1102
0x1103S0x414	0x1103
0x1124S0x414	0x1124
0x1127S0x414	0x1127
0x112aS0x414	0x112a
0x112cS0x414	0x112c
0x112eS0x414	0x112e
0x10710S0x414	0x1130
0x1132S0x414	0x1132
0x1136S0x414	0x1136
0x1138S0x414	0x1138
0x113aS0x414	0x113a
0x113cS0x414	0x113c
0x113fS0x414	0x113f
0x1140S0x414	0x1140
0x1108S0x414	0x1108
0x110aS0x414	0x110a
0x110bS0x414	0x110b
0x1146S0x414	0x1146
0x1147S0x414	0x1147
0x1149S0x414	0x1149
0x114bS0x414	0x114b
0x11110S0x414	0x114d
0x13c2S0x461	0x13c2
0x13c3S0x461	0x13c3
0x13c7S0x461	0x13c7
0x13c8S0x461	0x13c8
0x134eS0x461	0x134e
0x1351S0x461	0x1351
0x1356S0x461	0x1356
0x11b10S0x461	0x1358
0x136fS0x461	0x136f
0x1371S0x461	0x1371
0x1372S0x461	0x1372
0x1373S0x461	0x1373
0x1376S0x461	0x1376
0x1378S0x461	0x1378
0x137dS0x461	0x137d
0x1382S0x461	0x1382
0x1384S0x461	0x1384
0x1386S0x461	0x1386
0x1388S0x461	0x1388
0x1389S0x461	0x1389
0x138aS0x461	0x138a
0x138bS0x461	0x138b
0x1393S0x461	0x1393
0x1394S0x461	0x1394
0x139cS0x461	0x139c
0x139eS0x461	0x139e
0x139fS0x461	0x139f
0x13a0S0x461	0x13a0
0x13a3S0x461	0x13a3
0x13a4S0x461	0x13a4
0x13a6S0x461	0x13a6
0x13a8S0x461	0x13a8
0x13a9S0x461	0x13a9
0x13abS0x461	0x13ab
0x13adS0x461	0x13ad
0x13b0S0x461	0x13b0
0x13b5S0x461	0x13b5
0x13bbS0x461	0x13bb
0x13bdS0x461	0x13bd
0x13beS0x461	0x13be
0x13cdS0x461	0x13cd
0x13cfS0x461	0x13cf
0x13d0S0x461	0x13d0
0x135bS0x461	0x135b
0x135cS0x461	0x135c
0x135dS0x461	0x135d
0x1366S0x461	0x1366
0x1367S0x461	0x1367
0x25ccS0x136cS0x461	0x25cc
0x25ceS0x136cS0x461	0x25ce
0x25d2S0x136cS0x461	0x25d2
0x25d3S0x136cS0x461	0x25d3
0x25d4S0x136cS0x461	0x25d4
0x25d5S0x136cS0x461	0x25d5
0x25deS0x136cS0x461	0x25de
0x25dfS0x136cS0x461	0x25df
0x25e3S0x136cS0x461	0x25e3
0x3404S0x25dcS0x136cS0x461	0x3404
0x33f4S0x25dcS0x136cS0x461	0x33f4
0x33f6S0x25dcS0x136cS0x461	0x33f6
0x33f8S0x25dcS0x136cS0x461	0x33f8
0x33faS0x25dcS0x136cS0x461	0x33fa
0x33fbS0x25dcS0x136cS0x461	0x33fb
0x33fdS0x25dcS0x136cS0x461	0x33fd
0x33ffS0x25dcS0x136cS0x461	0x33ff
0x3400S0x25dcS0x136cS0x461	0x3400
0x150cS0x54d	0x150c
0x151bS0x54d	0x151b
0x151cS0x54d	0x151c
0x1520S0x54d	0x1520
0x1521S0x54d	0x1521
0x1498S0x54d	0x1498
0x149bS0x54d	0x149b
0x14a0S0x54d	0x14a0
0x14a5S0x54d	0x14a5
0x14a7S0x54d	0x14a7
0x14aaS0x54d	0x14aa
0x14afS0x54d	0x14af
0x14b1S0x54d	0x14b1
0x14b2S0x54d	0x14b2
0x14b4S0x54d	0x14b4
0x14b6S0x54d	0x14b6
0x14b8S0x54d	0x14b8
0x14b9S0x54d	0x14b9
0x14baS0x54d	0x14ba
0x14bbS0x54d	0x14bb
0x14bcS0x54d	0x14bc
0x14beS0x54d	0x14be
0x14c0S0x54d	0x14c0
0x14c2S0x54d	0x14c2
0x14c3S0x54d	0x14c3
0x14c5S0x54d	0x14c5
0x14c8S0x54d	0x14c8
0x14cdS0x54d	0x14cd
0x14ceS0x54d	0x14ce
0x14d3S0x54d	0x14d3
0x14d5S0x54d	0x14d5
0x14dbS0x54d	0x14db
0x14e1S0x54d	0x14e1
0x14efS0x54d	0x14ef
0x14f1S0x54d	0x14f1
0x14f2S0x54d	0x14f2
0x14f7S0x54d	0x14f7
0x14f9S0x54d	0x14f9
0x14fbS0x54d	0x14fb
0x14feS0x54d	0x14fe
0x1500S0x54d	0x1500
0x1504S0x54d	0x1504
0x1505S0x54d	0x1505
0x1507S0x54d	0x1507
0x1508S0x54d	0x1508
0x2bbeS0x54d	0x2bbe
0x2bc0S0x54d	0x2bc0
0x2bc2S0x54d	0x2bc2
0x2bc4S0x54d	0x2bc4
0x2bc5S0x54d	0x2bc5
0x2bc9S0x54d	0x2bc9
0x2bcaS0x54d	0x2bca
0x2bcdS0x54d	0x2bcd
0x2bcfS0x54d	0x2bcf
0x2bd1S0x54d	0x2bd1
0x2bd3S0x54d	0x2bd3
0x2bd5S0x54d	0x2bd5
0x2bd6S0x54d	0x2bd6
0x2bd7S0x54d	0x2bd7
0x2bdaS0x54d	0x2bda
0x2bdbS0x54d	0x2bdb
0x2bdeS0x54d	0x2bde
0x2be0S0x54d	0x2be0
0x2be3S0x54d	0x2be3
0x2be5S0x54d	0x2be5
0x2be6S0x54d	0x2be6
0x2be9S0x54d	0x2be9
0x2bebS0x54d	0x2beb
0x2bedS0x54d	0x2bed
0x1512S0x54d	0x1512
0x1513S0x54d	0x1513
0x1514S0x54d	0x1514
0x1516S0x54d	0x1516
0x1517S0x54d	0x1517
0x153cS0x582	0x153c
0x153fS0x582	0x153f
0x1544S0x582	0x1544
0x1547S0x582	0x1547
0x154aS0x582	0x154a
0x154fS0x582	0x154f
0x1552S0x582	0x1552
0x1554S0x582	0x1554
0x1555S0x582	0x1555
0x16ea0x1689S0x66c	0x16ea
0x16e90x1689S0x66c	0x16e9
0x16e50x1689S0x66c	0x16e5
0x16e40x1689S0x66c	0x16e4
0x16d50x1689S0x66c	0x16d5
0x168aS0x66c	0x168a
0x168dS0x66c	0x168d
0x1692S0x66c	0x1692
0x1694S0x66c	0x1694
0x1695S0x66c	0x1695
0x169aS0x66c	0x169a
0x169cS0x66c	0x169c
0x16a1S0x66c	0x16a1
0x16a3S0x66c	0x16a3
0x16a5S0x66c	0x16a5
0x16a7S0x66c	0x16a7
0x16a8S0x66c	0x16a8
0x16aaS0x66c	0x16aa
0x16acS0x66c	0x16ac
0x16b2S0x66c	0x16b2
0x16b8S0x66c	0x16b8
0x16baS0x66c	0x16ba
0x16bbS0x66c	0x16bb
0x16e00x1689S0x66c	0x16e0
0x16df0x1689S0x66c	0x16df
0x16dd0x1689S0x66c	0x16dd
0x16dc0x1689S0x66c	0x16dc
0x16db0x1689S0x66c	0x16db
0x16d10x1689S0x66c	0x16d1
0x16d00x1689S0x66c	0x16d0
0x16ce0x1689S0x66c	0x16ce
0x16cd0x1689S0x66c	0x16cd
0x16c90x1689S0x66c	0x16c9
0x16c70x1689S0x66c	0x16c7
0x16c40x1689S0x66c	0x16c4
0x16c20x1689S0x66c	0x16c2
0x16c00x1689S0x66c	0x16c0
0x2b3fS0x1691S0x66c	0x2b3f
0x2b41S0x1691S0x66c	0x2b41
0x2b43S0x1691S0x66c	0x2b43
0x2b45S0x1691S0x66c	0x2b45
0x2b46S0x1691S0x66c	0x2b46
0x2b4aS0x1691S0x66c	0x2b4a
0x2b4dS0x1691S0x66c	0x2b4d
0x2b4fS0x1691S0x66c	0x2b4f
0x7b041S0x31790	0x1717
0x174dS0x31790	0x174d
0x1752S0x31790	0x1752
0x1754S0x31790	0x1754
0x1757S0x31790	0x1757
0x175aS0x31790	0x175a
0x175bS0x31790	0x175b
0x1760S0x31790	0x1760
0x1765S0x31790	0x1765
0x1768S0x31790	0x1768
0x217dS0x174cS0x31790	0x217d
0x217fS0x174cS0x31790	0x217f
0x2183S0x174cS0x31790	0x2183
0x2185S0x174cS0x31790	0x2185
0x2187S0x174cS0x31790	0x2187
0x2189S0x174cS0x31790	0x2189
0x218aS0x174cS0x31790	0x218a
0x218cS0x174cS0x31790	0x218c
0x218dS0x174cS0x31790	0x218d
0xbc983S0x174cS0x31790	0x1717
0x227aS0x217cS0x174cS0x31790	0x227a
0x227fS0x217cS0x174cS0x31790	0x227f
0x2284S0x217cS0x174cS0x31790	0x2284
0x2285S0x217cS0x174cS0x31790	0x2285
0x2288S0x217cS0x174cS0x31790	0x2288
0x228bS0x217cS0x174cS0x31790	0x228b
0x228cS0x217cS0x174cS0x31790	0x228c
0x228dS0x217cS0x174cS0x31790	0x228d
0x228eS0x217cS0x174cS0x31790	0x228e
0x16ea0x1781S0x701	0x16ea
0x16e90x1781S0x701	0x16e9
0x16e50x1781S0x701	0x16e5
0x16e40x1781S0x701	0x16e4
0x16d50x1781S0x701	0x16d5
0x1782S0x701	0x1782
0x1785S0x701	0x1785
0x178aS0x701	0x178a
0x178cS0x701	0x178c
0x178dS0x701	0x178d
0x1792S0x701	0x1792
0x1794S0x701	0x1794
0x1799S0x701	0x1799
0x179bS0x701	0x179b
0x179dS0x701	0x179d
0x179fS0x701	0x179f
0x17a0S0x701	0x17a0
0x17a2S0x701	0x17a2
0x17a4S0x701	0x17a4
0x17aaS0x701	0x17aa
0x17b0S0x701	0x17b0
0x17b2S0x701	0x17b2
0x17b3S0x701	0x17b3
0x16e00x1781S0x701	0x16e0
0x16df0x1781S0x701	0x16df
0x16dd0x1781S0x701	0x16dd
0x16dc0x1781S0x701	0x16dc
0x16db0x1781S0x701	0x16db
0x16d10x1781S0x701	0x16d1
0x16d00x1781S0x701	0x16d0
0x16ce0x1781S0x701	0x16ce
0x16cd0x1781S0x701	0x16cd
0x16c90x1781S0x701	0x16c9
0x16c70x1781S0x701	0x16c7
0x16c40x1781S0x701	0x16c4
0x16c20x1781S0x701	0x16c2
0x16c00x1781S0x701	0x16c0
0x2b3fS0x1789S0x701	0x2b3f
0x2b41S0x1789S0x701	0x2b41
0x2b43S0x1789S0x701	0x2b43
0x2b45S0x1789S0x701	0x2b45
0x2b46S0x1789S0x701	0x2b46
0x2b4aS0x1789S0x701	0x2b4a
0x2b4dS0x1789S0x701	0x2b4d
0x2b4fS0x1789S0x701	0x2b4f
0x1a31S0x804	0x1a31
0x1a40S0x804	0x1a40
0x1a41S0x804	0x1a41
0x1a45S0x804	0x1a45
0x1a46S0x804	0x1a46
0x19c3S0x804	0x19c3
0x19c6S0x804	0x19c6
0x19cbS0x804	0x19cb
0x19d0S0x804	0x19d0
0x19d2S0x804	0x19d2
0x19d5S0x804	0x19d5
0x19daS0x804	0x19da
0x19dcS0x804	0x19dc
0x19ddS0x804	0x19dd
0x19dfS0x804	0x19df
0x19e1S0x804	0x19e1
0x19e3S0x804	0x19e3
0x19e4S0x804	0x19e4
0x19e5S0x804	0x19e5
0x19e6S0x804	0x19e6
0x19e7S0x804	0x19e7
0x19e9S0x804	0x19e9
0x19ebS0x804	0x19eb
0x19edS0x804	0x19ed
0x19eeS0x804	0x19ee
0x19f0S0x804	0x19f0
0x19f3S0x804	0x19f3
0x19f8S0x804	0x19f8
0x19f9S0x804	0x19f9
0x19feS0x804	0x19fe
0x1a00S0x804	0x1a00
0x1a06S0x804	0x1a06
0x1a0cS0x804	0x1a0c
0x1a14S0x804	0x1a14
0x1a16S0x804	0x1a16
0x1a17S0x804	0x1a17
0x1a1cS0x804	0x1a1c
0x1a1eS0x804	0x1a1e
0x1a20S0x804	0x1a20
0x1a23S0x804	0x1a23
0x1a25S0x804	0x1a25
0x1a29S0x804	0x1a29
0x1a2aS0x804	0x1a2a
0x1a2cS0x804	0x1a2c
0x1a2dS0x804	0x1a2d
0x2ba7S0x804	0x2ba7
0x2ba9S0x804	0x2ba9
0x2babS0x804	0x2bab
0x2badS0x804	0x2bad
0x2baeS0x804	0x2bae
0x2bafS0x804	0x2baf
0x2bb0S0x804	0x2bb0
0x2bb3S0x804	0x2bb3
0x2bb5S0x804	0x2bb5
0x2bb7S0x804	0x2bb7
0x1a37S0x804	0x1a37
0x1a38S0x804	0x1a38
0x1a39S0x804	0x1a39
0x1a3bS0x804	0x1a3b
0x1a3cS0x804	0x1a3c
0x23caS0x942	0x23ca
0x23cbS0x942	0x23cb
0x23ceS0x942	0x23ce
0x23d0S0x942	0x23d0
0x23d1S0x942	0x23d1
0x23d2S0x942	0x23d2
0x23d5S0x942	0x23d5
0x23d6S0x942	0x23d6
0x23d7S0x942	0x23d7
0x23d8S0x942	0x23d8
0x23dbS0x942	0x23db
0x23ddS0x942	0x23dd
0x23e0S0x942	0x23e0
0x23e2S0x942	0x23e2
0x23e4S0x942	0x23e4
0x23e6S0x942	0x23e6
0x23e8S0x942	0x23e8
0x23e9S0x942	0x23e9
0x23ecS0x942	0x23ec
0x23eeS0x942	0x23ee
0x23f1S0x942	0x23f1
0x23f3S0x942	0x23f3
0x23f4S0x942	0x23f4
0x240bS0x942	0x240b
0x240cS0x942	0x240c
0x240eS0x942	0x240e
0x2412S0x942	0x2412
0x2413S0x942	0x2413
0x2437S0x942	0x2437
0x243dS0x942	0x243d
0x241dS0x942	0x241d
0x241eS0x942	0x241e
0x241fS0x942	0x241f
0x23faS0x942	0x23fa
0x23fbS0x942	0x23fb
0x23fdS0x942	0x23fd
0x23ffS0x942	0x23ff
0x2400S0x942	0x2400
0x2401S0x942	0x2401
0x2404S0x942	0x2404
0x2419S0x942	0x2419
0x14d10S0x942	0x241a
0x2424S0x942	0x2424
0x2428S0x942	0x2428
0x242aS0x942	0x242a
0x242dS0x942	0x242d
0x242fS0x942	0x242f
0x2431S0x942	0x2431
0x24dfS0x2435S0x942	0x24df
0x16110S0x2435S0x942	0x24e4
0x24edS0x24deS0x2435S0x942	0x24ed
0x24f1S0x24deS0x2435S0x942	0x24f1
0x24f3S0x24deS0x2435S0x942	0x24f3
0x24f4S0x24deS0x2435S0x942	0x24f4
0x24e7S0x24deS0x2435S0x942	0x24e7
0x24e8S0x24deS0x2435S0x942	0x24e8
0x24e9S0x24deS0x2435S0x942	0x24e9
0x7b041S0x1f25	0x1717
0x174dS0x1f25	0x174d
0x1752S0x1f25	0x1752
0x1754S0x1f25	0x1754
0x1757S0x1f25	0x1757
0x175aS0x1f25	0x175a
0x175bS0x1f25	0x175b
0x1760S0x1f25	0x1760
0x1765S0x1f25	0x1765
0x1768S0x1f25	0x1768
0x217dS0x174cS0x1f25	0x217d
0x217fS0x174cS0x1f25	0x217f
0x2183S0x174cS0x1f25	0x2183
0x2185S0x174cS0x1f25	0x2185
0x2187S0x174cS0x1f25	0x2187
0x2189S0x174cS0x1f25	0x2189
0x218aS0x174cS0x1f25	0x218a
0x218cS0x174cS0x1f25	0x218c
0x218dS0x174cS0x1f25	0x218d
0xbc983S0x174cS0x1f25	0x1717
0x227aS0x217cS0x174cS0x1f25	0x227a
0x227fS0x217cS0x174cS0x1f25	0x227f
0x2284S0x217cS0x174cS0x1f25	0x2284
0x2285S0x217cS0x174cS0x1f25	0x2285
0x2288S0x217cS0x174cS0x1f25	0x2288
0x228bS0x217cS0x174cS0x1f25	0x228b
0x228cS0x217cS0x174cS0x1f25	0x228c
0x228dS0x217cS0x174cS0x1f25	0x228d
0x228eS0x217cS0x174cS0x1f25	0x228e
0x7b041S0x3e722	0x1717
0x174dS0x3e722	0x174d
0x1752S0x3e722	0x1752
0x1754S0x3e722	0x1754
0x1757S0x3e722	0x1757
0x175aS0x3e722	0x175a
0x175bS0x3e722	0x175b
0x1760S0x3e722	0x1760
0x1765S0x3e722	0x1765
0x1768S0x3e722	0x1768
0x217dS0x174cS0x3e722	0x217d
0x217fS0x174cS0x3e722	0x217f
0x2183S0x174cS0x3e722	0x2183
0x2185S0x174cS0x3e722	0x2185
0x2187S0x174cS0x3e722	0x2187
0x2189S0x174cS0x3e722	0x2189
0x218aS0x174cS0x3e722	0x218a
0x218cS0x174cS0x3e722	0x218c
0x218dS0x174cS0x3e722	0x218d
0xbc983S0x174cS0x3e722	0x1717
0x227aS0x217cS0x174cS0x3e722	0x227a
0x227fS0x217cS0x174cS0x3e722	0x227f
0x2284S0x217cS0x174cS0x3e722	0x2284
0x2285S0x217cS0x174cS0x3e722	0x2285
0x2288S0x217cS0x174cS0x3e722	0x2288
0x228bS0x217cS0x174cS0x3e722	0x228b
0x228cS0x217cS0x174cS0x3e722	0x228c
0x228dS0x217cS0x174cS0x3e722	0x228d
0x228eS0x217cS0x174cS0x3e722	0x228e
0x7b041S0x3e791	0x1717
0x174dS0x3e791	0x174d
0x1752S0x3e791	0x1752
0x1754S0x3e791	0x1754
0x1757S0x3e791	0x1757
0x175aS0x3e791	0x175a
0x175bS0x3e791	0x175b
0x1760S0x3e791	0x1760
0x1765S0x3e791	0x1765
0x1768S0x3e791	0x1768
0x217dS0x174cS0x3e791	0x217d
0x217fS0x174cS0x3e791	0x217f
0x2183S0x174cS0x3e791	0x2183
0x2185S0x174cS0x3e791	0x2185
0x2187S0x174cS0x3e791	0x2187
0x2189S0x174cS0x3e791	0x2189
0x218aS0x174cS0x3e791	0x218a
0x218cS0x174cS0x3e791	0x218c
0x218dS0x174cS0x3e791	0x218d
0xbc983S0x174cS0x3e791	0x1717
0x227aS0x217cS0x174cS0x3e791	0x227a
0x227fS0x217cS0x174cS0x3e791	0x227f
0x2284S0x217cS0x174cS0x3e791	0x2284
0x2285S0x217cS0x174cS0x3e791	0x2285
0x2288S0x217cS0x174cS0x3e791	0x2288
0x228bS0x217cS0x174cS0x3e791	0x228b
0x228cS0x217cS0x174cS0x3e791	0x228c
0x228dS0x217cS0x174cS0x3e791	0x228d
0x228eS0x217cS0x174cS0x3e791	0x228e
0x7b041S0x20e5	0x1717
0x174dS0x20e5	0x174d
0x1752S0x20e5	0x1752
0x1754S0x20e5	0x1754
0x1757S0x20e5	0x1757
0x175aS0x20e5	0x175a
0x175bS0x20e5	0x175b
0x1760S0x20e5	0x1760
0x1765S0x20e5	0x1765
0x1768S0x20e5	0x1768
0x217dS0x174cS0x20e5	0x217d
0x217fS0x174cS0x20e5	0x217f
0x2183S0x174cS0x20e5	0x2183
0x2185S0x174cS0x20e5	0x2185
0x2187S0x174cS0x20e5	0x2187
0x2189S0x174cS0x20e5	0x2189
0x218aS0x174cS0x20e5	0x218a
0x218cS0x174cS0x20e5	0x218c
0x218dS0x174cS0x20e5	0x218d
0xbc983S0x174cS0x20e5	0x1717
0x227aS0x217cS0x174cS0x20e5	0x227a
0x227fS0x217cS0x174cS0x20e5	0x227f
0x2284S0x217cS0x174cS0x20e5	0x2284
0x2285S0x217cS0x174cS0x20e5	0x2285
0x2288S0x217cS0x174cS0x20e5	0x2288
0x228bS0x217cS0x174cS0x20e5	0x228b
0x228cS0x217cS0x174cS0x20e5	0x228c
0x228dS0x217cS0x174cS0x20e5	0x228d
0x228eS0x217cS0x174cS0x20e5	0x228e
0x7b041S0x7b0ab	0x1717
0x174dS0x7b0ab	0x174d
0x1752S0x7b0ab	0x1752
0x1754S0x7b0ab	0x1754
0x1757S0x7b0ab	0x1757
0x175aS0x7b0ab	0x175a
0x175bS0x7b0ab	0x175b
0x1760S0x7b0ab	0x1760
0x1765S0x7b0ab	0x1765
0x1768S0x7b0ab	0x1768
0x217dS0x174cS0x7b0ab	0x217d
0x217fS0x174cS0x7b0ab	0x217f
0x2183S0x174cS0x7b0ab	0x2183
0x2185S0x174cS0x7b0ab	0x2185
0x2187S0x174cS0x7b0ab	0x2187
0x2189S0x174cS0x7b0ab	0x2189
0x218aS0x174cS0x7b0ab	0x218a
0x218cS0x174cS0x7b0ab	0x218c
0x218dS0x174cS0x7b0ab	0x218d
0xbc983S0x174cS0x7b0ab	0x1717
0x227aS0x217cS0x174cS0x7b0ab	0x227a
0x227fS0x217cS0x174cS0x7b0ab	0x227f
0x2284S0x217cS0x174cS0x7b0ab	0x2284
0x2285S0x217cS0x174cS0x7b0ab	0x2285
0x2288S0x217cS0x174cS0x7b0ab	0x2288
0x228bS0x217cS0x174cS0x7b0ab	0x228b
0x228cS0x217cS0x174cS0x7b0ab	0x228c
0x228dS0x217cS0x174cS0x7b0ab	0x228d
0x228eS0x217cS0x174cS0x7b0ab	0x228e
0x7b041S0x87c29	0x1717
0x174dS0x87c29	0x174d
0x1752S0x87c29	0x1752
0x1754S0x87c29	0x1754
0x1757S0x87c29	0x1757
0x175aS0x87c29	0x175a
0x175bS0x87c29	0x175b
0x1760S0x87c29	0x1760
0x1765S0x87c29	0x1765
0x1768S0x87c29	0x1768
0x217dS0x174cS0x87c29	0x217d
0x217fS0x174cS0x87c29	0x217f
0x2183S0x174cS0x87c29	0x2183
0x2185S0x174cS0x87c29	0x2185
0x2187S0x174cS0x87c29	0x2187
0x2189S0x174cS0x87c29	0x2189
0x218aS0x174cS0x87c29	0x218a
0x218cS0x174cS0x87c29	0x218c
0x218dS0x174cS0x87c29	0x218d
0xbc983S0x174cS0x87c29	0x1717
0x227aS0x217cS0x174cS0x87c29	0x227a
0x227fS0x217cS0x174cS0x87c29	0x227f
0x2284S0x217cS0x174cS0x87c29	0x2284
0x2285S0x217cS0x174cS0x87c29	0x2285
0x2288S0x217cS0x174cS0x87c29	0x2288
0x228bS0x217cS0x174cS0x87c29	0x228b
0x228cS0x217cS0x174cS0x87c29	0x228c
0x228dS0x217cS0x174cS0x87c29	0x228d
0x228eS0x217cS0x174cS0x87c29	0x228e
0x7b041S0x87cab	0x1717
0x174dS0x87cab	0x174d
0x1752S0x87cab	0x1752
0x1754S0x87cab	0x1754
0x1757S0x87cab	0x1757
0x175aS0x87cab	0x175a
0x175bS0x87cab	0x175b
0x1760S0x87cab	0x1760
0x1765S0x87cab	0x1765
0x1768S0x87cab	0x1768
0x217dS0x174cS0x87cab	0x217d
0x217fS0x174cS0x87cab	0x217f
0x2183S0x174cS0x87cab	0x2183
0x2185S0x174cS0x87cab	0x2185
0x2187S0x174cS0x87cab	0x2187
0x2189S0x174cS0x87cab	0x2189
0x218aS0x174cS0x87cab	0x218a
0x218cS0x174cS0x87cab	0x218c
0x218dS0x174cS0x87cab	0x218d
0xbc983S0x174cS0x87cab	0x1717
0x227aS0x217cS0x174cS0x87cab	0x227a
0x227fS0x217cS0x174cS0x87cab	0x227f
0x2284S0x217cS0x174cS0x87cab	0x2284
0x2285S0x217cS0x174cS0x87cab	0x2285
0x2288S0x217cS0x174cS0x87cab	0x2288
0x228bS0x217cS0x174cS0x87cab	0x228b
0x228cS0x217cS0x174cS0x87cab	0x228c
0x228dS0x217cS0x174cS0x87cab	0x228d
0x228eS0x217cS0x174cS0x87cab	0x228e
0x23caS0x1d25	0x23ca
0x23cbS0x1d25	0x23cb
0x23ceS0x1d25	0x23ce
0x23d0S0x1d25	0x23d0
0x23d1S0x1d25	0x23d1
0x23d2S0x1d25	0x23d2
0x23d5S0x1d25	0x23d5
0x23d6S0x1d25	0x23d6
0x23d7S0x1d25	0x23d7
0x23d8S0x1d25	0x23d8
0x23dbS0x1d25	0x23db
0x23ddS0x1d25	0x23dd
0x23e0S0x1d25	0x23e0
0x23e2S0x1d25	0x23e2
0x23e4S0x1d25	0x23e4
0x23e6S0x1d25	0x23e6
0x23e8S0x1d25	0x23e8
0x23e9S0x1d25	0x23e9
0x23ecS0x1d25	0x23ec
0x23eeS0x1d25	0x23ee
0x23f1S0x1d25	0x23f1
0x23f3S0x1d25	0x23f3
0x23f4S0x1d25	0x23f4
0x240bS0x1d25	0x240b
0x240cS0x1d25	0x240c
0x240eS0x1d25	0x240e
0x2412S0x1d25	0x2412
0x2413S0x1d25	0x2413
0x2437S0x1d25	0x2437
0x243dS0x1d25	0x243d
0x241dS0x1d25	0x241d
0x241eS0x1d25	0x241e
0x241fS0x1d25	0x241f
0x23faS0x1d25	0x23fa
0x23fbS0x1d25	0x23fb
0x23fdS0x1d25	0x23fd
0x23ffS0x1d25	0x23ff
0x2400S0x1d25	0x2400
0x2401S0x1d25	0x2401
0x2404S0x1d25	0x2404
0x2419S0x1d25	0x2419
0x14d10S0x1d25	0x241a
0x2424S0x1d25	0x2424
0x2428S0x1d25	0x2428
0x242aS0x1d25	0x242a
0x242dS0x1d25	0x242d
0x242fS0x1d25	0x242f
0x2431S0x1d25	0x2431
0x24dfS0x2435S0x1d25	0x24df
0x16110S0x2435S0x1d25	0x24e4
0x24edS0x24deS0x2435S0x1d25	0x24ed
0x24f1S0x24deS0x2435S0x1d25	0x24f1
0x24f3S0x24deS0x2435S0x1d25	0x24f3
0x24f4S0x24deS0x2435S0x1d25	0x24f4
0x24e7S0x24deS0x2435S0x1d25	0x24e7
0x24e8S0x24deS0x2435S0x1d25	0x24e8
0x24e9S0x24deS0x2435S0x1d25	0x24e9
0x7b041S0x87dc1	0x1717
0x174dS0x87dc1	0x174d
0x1752S0x87dc1	0x1752
0x1754S0x87dc1	0x1754
0x1757S0x87dc1	0x1757
0x175aS0x87dc1	0x175a
0x175bS0x87dc1	0x175b
0x1760S0x87dc1	0x1760
0x1765S0x87dc1	0x1765
0x1768S0x87dc1	0x1768
0x217dS0x174cS0x87dc1	0x217d
0x217fS0x174cS0x87dc1	0x217f
0x2183S0x174cS0x87dc1	0x2183
0x2185S0x174cS0x87dc1	0x2185
0x2187S0x174cS0x87dc1	0x2187
0x2189S0x174cS0x87dc1	0x2189
0x218aS0x174cS0x87dc1	0x218a
0x218cS0x174cS0x87dc1	0x218c
0x218dS0x174cS0x87dc1	0x218d
0xbc983S0x174cS0x87dc1	0x1717
0x227aS0x217cS0x174cS0x87dc1	0x227a
0x227fS0x217cS0x174cS0x87dc1	0x227f
0x2284S0x217cS0x174cS0x87dc1	0x2284
0x2285S0x217cS0x174cS0x87dc1	0x2285
0x2288S0x217cS0x174cS0x87dc1	0x2288
0x228bS0x217cS0x174cS0x87dc1	0x228b
0x228cS0x217cS0x174cS0x87dc1	0x228c
0x228dS0x217cS0x174cS0x87dc1	0x228d
0x228eS0x217cS0x174cS0x87dc1	0x228e
0x7b041S0x87ef5	0x1717
0x174dS0x87ef5	0x174d
0x1752S0x87ef5	0x1752
0x1754S0x87ef5	0x1754
0x1757S0x87ef5	0x1757
0x175aS0x87ef5	0x175a
0x175bS0x87ef5	0x175b
0x1760S0x87ef5	0x1760
0x1765S0x87ef5	0x1765
0x1768S0x87ef5	0x1768
0x217dS0x174cS0x87ef5	0x217d
0x217fS0x174cS0x87ef5	0x217f
0x2183S0x174cS0x87ef5	0x2183
0x2185S0x174cS0x87ef5	0x2185
0x2187S0x174cS0x87ef5	0x2187
0x2189S0x174cS0x87ef5	0x2189
0x218aS0x174cS0x87ef5	0x218a
0x218cS0x174cS0x87ef5	0x218c
0x218dS0x174cS0x87ef5	0x218d
0xbc983S0x174cS0x87ef5	0x1717
0x227aS0x217cS0x174cS0x87ef5	0x227a
0x227fS0x217cS0x174cS0x87ef5	0x227f
0x2284S0x217cS0x174cS0x87ef5	0x2284
0x2285S0x217cS0x174cS0x87ef5	0x2285
0x2288S0x217cS0x174cS0x87ef5	0x2288
0x228bS0x217cS0x174cS0x87ef5	0x228b
0x228cS0x217cS0x174cS0x87ef5	0x228c
0x228dS0x217cS0x174cS0x87ef5	0x228d
0x228eS0x217cS0x174cS0x87ef5	0x228e
0x7b041S0x997a7	0x1717
0x174dS0x997a7	0x174d
0x1752S0x997a7	0x1752
0x1754S0x997a7	0x1754
0x1757S0x997a7	0x1757
0x175aS0x997a7	0x175a
0x175bS0x997a7	0x175b
0x1760S0x997a7	0x1760
0x1765S0x997a7	0x1765
0x1768S0x997a7	0x1768
0x217dS0x174cS0x997a7	0x217d
0x217fS0x174cS0x997a7	0x217f
0x2183S0x174cS0x997a7	0x2183
0x2185S0x174cS0x997a7	0x2185
0x2187S0x174cS0x997a7	0x2187
0x2189S0x174cS0x997a7	0x2189
0x218aS0x174cS0x997a7	0x218a
0x218cS0x174cS0x997a7	0x218c
0x218dS0x174cS0x997a7	0x218d
0xbc983S0x174cS0x997a7	0x1717
0x227aS0x217cS0x174cS0x997a7	0x227a
0x227fS0x217cS0x174cS0x997a7	0x227f
0x2284S0x217cS0x174cS0x997a7	0x2284
0x2285S0x217cS0x174cS0x997a7	0x2285
0x2288S0x217cS0x174cS0x997a7	0x2288
0x228bS0x217cS0x174cS0x997a7	0x228b
0x228cS0x217cS0x174cS0x997a7	0x228c
0x228dS0x217cS0x174cS0x997a7	0x228d
0x228eS0x217cS0x174cS0x997a7	0x228e
0x7b041S0x998ac	0x1717
0x174dS0x998ac	0x174d
0x1752S0x998ac	0x1752
0x1754S0x998ac	0x1754
0x1757S0x998ac	0x1757
0x175aS0x998ac	0x175a
0x175bS0x998ac	0x175b
0x1760S0x998ac	0x1760
0x1765S0x998ac	0x1765
0x1768S0x998ac	0x1768
0x217dS0x174cS0x998ac	0x217d
0x217fS0x174cS0x998ac	0x217f
0x2183S0x174cS0x998ac	0x2183
0x2185S0x174cS0x998ac	0x2185
0x2187S0x174cS0x998ac	0x2187
0x2189S0x174cS0x998ac	0x2189
0x218aS0x174cS0x998ac	0x218a
0x218cS0x174cS0x998ac	0x218c
0x218dS0x174cS0x998ac	0x218d
0xbc983S0x174cS0x998ac	0x1717
0x227aS0x217cS0x174cS0x998ac	0x227a
0x227fS0x217cS0x174cS0x998ac	0x227f
0x2284S0x217cS0x174cS0x998ac	0x2284
0x2285S0x217cS0x174cS0x998ac	0x2285
0x2288S0x217cS0x174cS0x998ac	0x2288
0x228bS0x217cS0x174cS0x998ac	0x228b
0x228cS0x217cS0x174cS0x998ac	0x228c
0x228dS0x217cS0x174cS0x998ac	0x228d
0x228eS0x217cS0x174cS0x998ac	0x228e
0xbc3S0x374	0xbc3
0xbc5S0x374	0xbc5
0xbc6S0x374	0xbc6
0xbcaS0x374	0xbca
0xbccS0x374	0xbcc
0xbcfS0x374	0xbcf
0xbd1S0x374	0xbd1
0xbd2S0x374	0xbd2
0xbd6S0x374	0xbd6
0xbf9S0x374	0xbf9
0xbfbS0x374	0xbfb
0xbfcS0x374	0xbfc
0xc00S0x374	0xc00
0xc02S0x374	0xc02
0xc05S0x374	0xc05
0xc07S0x374	0xc07
0xc08S0x374	0xc08
0xc0cS0x374	0xc0c
0xc45S0x374	0xc45
0xc47S0x374	0xc47
0xc48S0x374	0xc48
0xc4cS0x374	0xc4c
0xc4eS0x374	0xc4e
0xc51S0x374	0xc51
0xc53S0x374	0xc53
0xc54S0x374	0xc54
0xc58S0x374	0xc58
0xc74S0x374	0xc74
0xc77S0x374	0xc77
0xc78S0x374	0xc78
0xc7cS0x374	0xc7c
0xc80S0x374	0xc80
0xc83S0x374	0xc83
0xc84S0x374	0xc84
0xc87S0x374	0xc87
0xc8dS0x374	0xc8d
0xc90S0x374	0xc90
0xc95S0x374	0xc95
0xc9bS0x374	0xc9b
0xca2S0x374	0xca2
0xca5S0x374	0xca5
0xca7S0x374	0xca7
0xca8S0x374	0xca8
0xcabS0x374	0xcab
0xcadS0x374	0xcad
0xcb5S0x374	0xcb5
0xcb8S0x374	0xcb8
0xcb9S0x374	0xcb9
0xcbeS0x374	0xcbe
0xcc2S0x374	0xcc2
0xcc7S0x374	0xcc7
0xcccS0x374	0xccc
0xcd0S0x374	0xcd0
0xcd4S0x374	0xcd4
0xcd5S0x374	0xcd5
0xcd9S0x374	0xcd9
0xcdeS0x374	0xcde
0xce0S0x374	0xce0
0xce2S0x374	0xce2
0xce4S0x374	0xce4
0xce5S0x374	0xce5
0xce7S0x374	0xce7
0xceaS0x374	0xcea
0xcf0S0x374	0xcf0
0xcf8S0x374	0xcf8
0xcfaS0x374	0xcfa
0xcffS0x374	0xcff
0xd00S0x374	0xd00
0xd03S0x374	0xd03
0xd0aS0x374	0xd0a
0xd0bS0x374	0xd0b
0xd0dS0x374	0xd0d
0xd0eS0x374	0xd0e
0xd12S0x374	0xd12
0xd15S0x374	0xd15
0xd17S0x374	0xd17
0xd19S0x374	0xd19
0xdffS0x374	0xdff
0xe03S0x374	0xe03
0xe05S0x374	0xe05
0xe06S0x374	0xe06
0xe08S0x374	0xe08
0xe09S0x374	0xe09
0xe0bS0x374	0xe0b
0xe0eS0x374	0xe0e
0xe1eS0x374	0xe1e
0xe20S0x374	0xe20
0xe21S0x374	0xe21
0xe25S0x374	0xe25
0xe27S0x374	0xe27
0xe2aS0x374	0xe2a
0xe2cS0x374	0xe2c
0xe2dS0x374	0xe2d
0xe31S0x374	0xe31
0xe76S0x374	0xe76
0xe78S0x374	0xe78
0xe7aS0x374	0xe7a
0xe7cS0x374	0xe7c
0xe7dS0x374	0xe7d
0xe7fS0x374	0xe7f
0xe80S0x374	0xe80
0xe85S0x374	0xe85
0xe87S0x374	0xe87
0xe8cS0x374	0xe8c
0xe90S0x374	0xe90
0xe98S0x374	0xe98
0xe99S0x374	0xe99
0xea0S0x374	0xea0
0xea2S0x374	0xea2
0xea3S0x374	0xea3
0xea5S0x374	0xea5
0xea6S0x374	0xea6
0xea7S0x374	0xea7
0xea9S0x374	0xea9
0xeacS0x374	0xeac
0xeb0S0x374	0xeb0
0xeb1S0x374	0xeb1
0xeb2S0x374	0xeb2
0xeb4S0x374	0xeb4
0xeb7S0x374	0xeb7
0xeb8S0x374	0xeb8
0xeb9S0x374	0xeb9
0xf21S0x374	0xf21
0xf24S0x374	0xf24
0xf26S0x374	0xf26
0xf27S0x374	0xf27
0xf29S0x374	0xf29
0xf2aS0x374	0xf2a
0xf2bS0x374	0xf2b
0xf2fS0x374	0xf2f
0xf33S0x374	0xf33
0xf35S0x374	0xf35
0xf36S0x374	0xf36
0xf38S0x374	0xf38
0xf3aS0x374	0xf3a
0xf3cS0x374	0xf3c
0xf3dS0x374	0xf3d
0xf3fS0x374	0xf3f
0xf41S0x374	0xf41
0xf44S0x374	0xf44
0xf46S0x374	0xf46
0xf49S0x374	0xf49
0xf4aS0x374	0xf4a
0xf4cS0x374	0xf4c
0xf56S0x374	0xf56
0xf5eS0x374	0xf5e
0x26264aS0x374	0xf52
0xb62S0x374	0xb62
0xb65S0x374	0xb65
0xb6aS0x374	0xb6a
0xb6dS0x374	0xb6d
0xb72S0x374	0xb72
0xb7cS0x374	0xb7c
0xb80S0x374	0xb80
0xb81S0x374	0xb81
0xb82S0x374	0xb82
0xb85S0x374	0xb85
0xb86S0x374	0xb86
0xb87S0x374	0xb87
0xb89S0x374	0xb89
0xb8bS0x374	0xb8b
0xb8dS0x374	0xb8d
0xb8eS0x374	0xb8e
0xb90S0x374	0xb90
0xb91S0x374	0xb91
0xb96S0x374	0xb96
0xb98S0x374	0xb98
0xb9dS0x374	0xb9d
0xba1S0x374	0xba1
0xba9S0x374	0xba9
0xbadS0x374	0xbad
0xbb4S0x374	0xbb4
0xbb5S0x374	0xbb5
0xbb6S0x374	0xbb6
0xbb8S0x374	0xbb8
0xbbaS0x374	0xbba
0xbbcS0x374	0xbbc
0xbbdS0x374	0xbbd
0xbbeS0x374	0xbbe
0xbbfS0x374	0xbbf
0xbdbS0x374	0xbdb
0xbdfS0x374	0xbdf
0xbe0S0x374	0xbe0
0xbe1S0x374	0xbe1
0xbe4S0x374	0xbe4
0xbe8S0x374	0xbe8
0xbebS0x374	0xbeb
0xbecS0x374	0xbec
0xbedS0x374	0xbed
0x3e635S0x374	0x905
0x3e637S0x374	0x907
0x3e63aS0x374	0x90a
0x32c9S0x374	0x32c9
0x32ceS0x374	0x32ce
0x32d2S0x374	0x32d2
0x32d4S0x374	0x32d4
0x32f5S0x374	0x32f5
0x32f8S0x374	0x32f8
0x32faS0x374	0x32fa
0x32fcS0x374	0x32fc
0xbf3S0x374	0xbf3
0xbf4S0x374	0xbf4
0xbf5S0x374	0xbf5
0xc11S0x374	0xc11
0xc13S0x374	0xc13
0xc15S0x374	0xc15
0xc17S0x374	0xc17
0xc18S0x374	0xc18
0xc1aS0x374	0xc1a
0xc1bS0x374	0xc1b
0xc20S0x374	0xc20
0xc22S0x374	0xc22
0xc27S0x374	0xc27
0xc2bS0x374	0xc2b
0xc33S0x374	0xc33
0xc34S0x374	0xc34
0xc3bS0x374	0xc3b
0xc3cS0x374	0xc3c
0xc3dS0x374	0xc3d
0xc3fS0x374	0xc3f
0xc40S0x374	0xc40
0xc41S0x374	0xc41
0x3e65dS0x374	0x905
0x3e65fS0x374	0x907
0x3e662S0x374	0x90a
0x317cS0x374	0x317c
0x3181S0x374	0x3181
0x3185S0x374	0x3185
0x3187S0x374	0x3187
0x31a8S0x374	0x31a8
0x31abS0x374	0x31ab
0x31adS0x374	0x31ad
0x31b8S0x374	0x31b8
0x31baS0x374	0x31ba
0x31bbS0x374	0x31bb
0x31beS0x374	0x31be
0x31c0S0x374	0x31c0
0x31c2S0x374	0x31c2
0xc5dS0x374	0xc5d
0xc61S0x374	0xc61
0xc62S0x374	0xc62
0xc63S0x374	0xc63
0xc65S0x374	0xc65
0xc68S0x374	0xc68
0xc69S0x374	0xc69
0xc6aS0x374	0xc6a
0x3e685S0x374	0x905
0x3e687S0x374	0x907
0x3e68aS0x374	0x90a
0x2e13S0x374	0x2e13
0x2e18S0x374	0x2e18
0x2e1cS0x374	0x2e1c
0x2e1eS0x374	0x2e1e
0x2e34S0x374	0x2e34
0x2e36S0x374	0x2e36
0x2e37S0x374	0x2e37
0x2e3aS0x374	0x2e3a
0x2e3cS0x374	0x2e3c
0x2e3eS0x374	0x2e3e
0xc70S0x374	0xc70
0xde8S0x374	0xde8
0xdeaS0x374	0xdea
0xdebS0x374	0xdeb
0xdeeS0x374	0xdee
0xdf0S0x374	0xdf0
0xdf2S0x374	0xdf2
0xdf3S0x374	0xdf3
0xdf4S0x374	0xdf4
0xdf7S0x374	0xdf7
0xd1fS0x374	0xd1f
0xd22S0x374	0xd22
0xd23S0x374	0xd23
0xd25S0x374	0xd25
0xd26S0x374	0xd26
0xd2aS0x374	0xd2a
0xd2dS0x374	0xd2d
0xd2fS0x374	0xd2f
0xd33S0x374	0xd33
0xd35S0x374	0xd35
0xd3bS0x374	0xd3b
0xd3eS0x374	0xd3e
0xd3fS0x374	0xd3f
0xd41S0x374	0xd41
0xd43S0x374	0xd43
0xd44S0x374	0xd44
0xd46S0x374	0xd46
0xd49S0x374	0xd49
0xd4bS0x374	0xd4b
0xd4dS0x374	0xd4d
0xd4fS0x374	0xd4f
0xd50S0x374	0xd50
0xd51S0x374	0xd51
0xd54S0x374	0xd54
0xd57S0x374	0xd57
0xd58S0x374	0xd58
0xd59S0x374	0xd59
0xd5fS0x374	0xd5f
0xd60S0x374	0xd60
0xd64S0x374	0xd64
0xd67S0x374	0xd67
0xd68S0x374	0xd68
0xd6aS0x374	0xd6a
0xd6cS0x374	0xd6c
0xd71S0x374	0xd71
0xd73S0x374	0xd73
0xd75S0x374	0xd75
0xd76S0x374	0xd76
0xd79S0x374	0xd79
0xd7bS0x374	0xd7b
0xd7cS0x374	0xd7c
0xd82S0x374	0xd82
0xd87S0x374	0xd87
0xd8bS0x374	0xd8b
0xd8cS0x374	0xd8c
0xd8eS0x374	0xd8e
0xd8fS0x374	0xd8f
0xd91S0x374	0xd91
0xd93S0x374	0xd93
0xd95S0x374	0xd95
0xd96S0x374	0xd96
0xd97S0x374	0xd97
0xd98S0x374	0xd98
0xd99S0x374	0xd99
0xd9bS0x374	0xd9b
0xd9dS0x374	0xd9d
0xd9fS0x374	0xd9f
0xda0S0x374	0xda0
0xda4S0x374	0xda4
0xda8S0x374	0xda8
0xdabS0x374	0xdab
0xdf10S0x374	0xdad
0xddbS0x374	0xddb
0xdddS0x374	0xddd
0xde0S0x374	0xde0
0xde3S0x374	0xde3
0xe5eS0x374	0xe5e
0xe62S0x374	0xe62
0xe63S0x374	0xe63
0xe64S0x374	0xe64
0xe66S0x374	0xe66
0xe69S0x374	0xe69
0xe6aS0x374	0xe6a
0xe6bS0x374	0xe6b
0xdf9S0x374	0xdf9
0xdfaS0x374	0xdfa
0xdfbS0x374	0xdfb
0xe14S0x374	0xe14
0xe16S0x374	0xe16
0xe17S0x374	0xe17
0xe19S0x374	0xe19
0xe1aS0x374	0xe1a
0xdafS0x374	0xdaf
0xdb1S0x374	0xdb1
0xdb3S0x374	0xdb3
0xdb5S0x374	0xdb5
0xdb6S0x374	0xdb6
0xdb7S0x374	0xdb7
0xdb9S0x374	0xdb9
0xdbbS0x374	0xdbb
0xdbcS0x374	0xdbc
0xdbfS0x374	0xdbf
0xdc0S0x374	0xdc0
0xdc2S0x374	0xdc2
0xdcdS0x374	0xdcd
0xdcfS0x374	0xdcf
0xdd0S0x374	0xdd0
0xdd6S0x374	0xdd6
0x26124aS0x374	0xdc8
0xe36S0x374	0xe36
0xe39S0x374	0xe39
0xe3bS0x374	0xe3b
0xe3cS0x374	0xe3c
0xe3fS0x374	0xe3f
0xe42S0x374	0xe42
0xe47S0x374	0xe47
0xe4bS0x374	0xe4b
0xe4cS0x374	0xe4c
0xe4eS0x374	0xe4e
0xe4fS0x374	0xe4f
0xe51S0x374	0xe51
0xe53S0x374	0xe53
0xe55S0x374	0xe55
0xe56S0x374	0xe56
0xe57S0x374	0xe57
0xe58S0x374	0xe58
0xe59S0x374	0xe59
0xe5aS0x374	0xe5a
0xe910S0x374	0xe5d
0x3e6adS0x374	0x905
0x3e6afS0x374	0x907
0x3e6b2S0x374	0x90a
0x329eS0x374	0x329e
0x32a3S0x374	0x32a3
0x32a7S0x374	0x32a7
0x32a9S0x374	0x32a9
0x32bbS0x374	0x32bb
0x32bdS0x374	0x32bd
0x32beS0x374	0x32be
0x32c1S0x374	0x32c1
0x32c3S0x374	0x32c3
0x32c5S0x374	0x32c5
0xe71S0x374	0xe71
0xe72S0x374	0xe72
0xec0S0x374	0xec0
0xec2S0x374	0xec2
0xec4S0x374	0xec4
0xec6S0x374	0xec6
0xec7S0x374	0xec7
0xec8S0x374	0xec8
0xecaS0x374	0xeca
0xeccS0x374	0xecc
0xecdS0x374	0xecd
0xeefS0x374	0xeef
0xef1S0x374	0xef1
0xef2S0x374	0xef2
0xef7S0x374	0xef7
0xefcS0x374	0xefc
0xefeS0x374	0xefe
0xf01S0x374	0xf01
0xf04S0x374	0xf04
0xf06S0x374	0xf06
0xf08S0x374	0xf08
0xf09S0x374	0xf09
0xf0aS0x374	0xf0a
0xf0cS0x374	0xf0c
0xf1cS0x374	0xf1c
0xf1dS0x374	0xf1d
0xf63S0x374	0xf63
0xf65S0x374	0xf65
0xf68S0x374	0xf68
0xfd10S0x374	0xf6b
0xf11S0x374	0xf11
0xf13S0x374	0xf13
0xf14S0x374	0xf14
0xf17S0x374	0xf17
0xf18S0x374	0xf18
0xf19S0x374	0xf19
0xf1aS0x374	0xf1a
0xf310S0x374	0xf1b
0x2bf4S0xf21S0x374	0x2bf4
0x2bf7S0xf21S0x374	0x2bf7
0x2bf9S0xf21S0x374	0x2bf9
0x2bfbS0xf21S0x374	0x2bfb
0x1ee4S0xb69S0x374	0x1ee4
0x1ee6S0xb69S0x374	0x1ee6
0x1ee7S0xb69S0x374	0x1ee7
0x1eebS0xb69S0x374	0x1eeb
0x1eedS0xb69S0x374	0x1eed
0x1ef0S0xb69S0x374	0x1ef0
0x1ef2S0xb69S0x374	0x1ef2
0x1ef3S0xb69S0x374	0x1ef3
0x1ef7S0xb69S0x374	0x1ef7
0x1ed9S0xb69S0x374	0x1ed9
0x1edbS0xb69S0x374	0x1edb
0x1edcS0xb69S0x374	0x1edc
0x1edeS0xb69S0x374	0x1ede
0x1edfS0xb69S0x374	0x1edf
0x1ee0S0xb69S0x374	0x1ee0
0x87e86S0xb69S0x374	0x905
0x87e88S0xb69S0x374	0x907
0x87e8bS0xb69S0x374	0x90a
0x3036S0xb69S0x374	0x3036
0x303bS0xb69S0x374	0x303b
0x303fS0xb69S0x374	0x303f
0x3041S0xb69S0x374	0x3041
0x3052S0xb69S0x374	0x3052
0x3054S0xb69S0x374	0x3054
0x3055S0xb69S0x374	0x3055
0x3058S0xb69S0x374	0x3058
0x305aS0xb69S0x374	0x305a
0x305cS0xb69S0x374	0x305c
0x2bf4S0xdadS0x374	0x2bf4
0x2bf7S0xdadS0x374	0x2bf7
0x2bf9S0xdadS0x374	0x2bf9
0x2bfbS0xdadS0x374	0x2bfb
0x2b9eS0xebeS0x374	0x2b9e
0x2ba0S0xebeS0x374	0x2ba0
0x2448S0xc74S0x374	0x2448
0x244dS0xc74S0x374	0x244d
0x2450S0xc74S0x374	0x2450
0x2452S0xc74S0x374	0x2452
0x2454S0xc74S0x374	0x2454
0x2457S0xc74S0x374	0x2457
0x245aS0xc74S0x374	0x245a
0x245bS0xc74S0x374	0x245b
0x249cS0xc74S0x374	0x249c
0x24a2S0xc74S0x374	0x24a2
0x2468S0xc74S0x374	0x2468
0x2469S0xc74S0x374	0x2469
0x246aS0xc74S0x374	0x246a
0x2460S0xc74S0x374	0x2460
0x2462S0xc74S0x374	0x2462
0x2464S0xc74S0x374	0x2464
0x15710S0xc74S0x374	0x2465
0x246fS0xc74S0x374	0x246f
0x2471S0xc74S0x374	0x2471
0x2472S0xc74S0x374	0x2472
0x2474S0xc74S0x374	0x2474
0x2476S0xc74S0x374	0x2476
0x2478S0xc74S0x374	0x2478
0x2479S0xc74S0x374	0x2479
0x247aS0xc74S0x374	0x247a
0x247bS0xc74S0x374	0x247b
0x247cS0xc74S0x374	0x247c
0x247eS0xc74S0x374	0x247e
0x2480S0xc74S0x374	0x2480
0x2482S0xc74S0x374	0x2482
0x2483S0xc74S0x374	0x2483
0x2486S0xc74S0x374	0x2486
0x2487S0xc74S0x374	0x2487
0x248aS0xc74S0x374	0x248a
0x248eS0xc74S0x374	0x248e
0x2490S0xc74S0x374	0x2490
0x2494S0xc74S0x374	0x2494
0x2496S0xc74S0x374	0x2496
0x24f9S0x249aS0xc74S0x374	0x24f9
0x16b10S0x249aS0xc74S0x374	0x24fe
0x2501S0x24f8S0x249aS0xc74S0x374	0x2501
0x2502S0x24f8S0x249aS0xc74S0x374	0x2502
0x2503S0x24f8S0x249aS0xc74S0x374	0x2503
0x2508S0x24f8S0x249aS0xc74S0x374	0x2508
0x2509S0x24f8S0x249aS0xc74S0x374	0x2509
0x250bS0x24f8S0x249aS0xc74S0x374	0x250b
0x250dS0x24f8S0x249aS0xc74S0x374	0x250d
0x250fS0x24f8S0x249aS0xc74S0x374	0x250f
0x2510S0x24f8S0x249aS0xc74S0x374	0x2510
0x2511S0x24f8S0x249aS0xc74S0x374	0x2511
0x2512S0x24f8S0x249aS0xc74S0x374	0x2512
0x2515S0x24f8S0x249aS0xc74S0x374	0x2515
0x2517S0x24f8S0x249aS0xc74S0x374	0x2517
0x2518S0x24f8S0x249aS0xc74S0x374	0x2518
0x2448S0xd1dS0x374	0x2448
0x244dS0xd1dS0x374	0x244d
0x2450S0xd1dS0x374	0x2450
0x2452S0xd1dS0x374	0x2452
0x2454S0xd1dS0x374	0x2454
0x2457S0xd1dS0x374	0x2457
0x245aS0xd1dS0x374	0x245a
0x245bS0xd1dS0x374	0x245b
0x249cS0xd1dS0x374	0x249c
0x24a2S0xd1dS0x374	0x24a2
0x2468S0xd1dS0x374	0x2468
0x2469S0xd1dS0x374	0x2469
0x246aS0xd1dS0x374	0x246a
0x2460S0xd1dS0x374	0x2460
0x2462S0xd1dS0x374	0x2462
0x2464S0xd1dS0x374	0x2464
0x15710S0xd1dS0x374	0x2465
0x246fS0xd1dS0x374	0x246f
0x2471S0xd1dS0x374	0x2471
0x2472S0xd1dS0x374	0x2472
0x2474S0xd1dS0x374	0x2474
0x2476S0xd1dS0x374	0x2476
0x2478S0xd1dS0x374	0x2478
0x2479S0xd1dS0x374	0x2479
0x247aS0xd1dS0x374	0x247a
0x247bS0xd1dS0x374	0x247b
0x247cS0xd1dS0x374	0x247c
0x247eS0xd1dS0x374	0x247e
0x2480S0xd1dS0x374	0x2480
0x2482S0xd1dS0x374	0x2482
0x2483S0xd1dS0x374	0x2483
0x2486S0xd1dS0x374	0x2486
0x2487S0xd1dS0x374	0x2487
0x248aS0xd1dS0x374	0x248a
0x248eS0xd1dS0x374	0x248e
0x2490S0xd1dS0x374	0x2490
0x2494S0xd1dS0x374	0x2494
0x2496S0xd1dS0x374	0x2496
0x24f9S0x249aS0xd1dS0x374	0x24f9
0x16b10S0x249aS0xd1dS0x374	0x24fe
0x2501S0x24f8S0x249aS0xd1dS0x374	0x2501
0x2502S0x24f8S0x249aS0xd1dS0x374	0x2502
0x2503S0x24f8S0x249aS0xd1dS0x374	0x2503
0x2508S0x24f8S0x249aS0xd1dS0x374	0x2508
0x2509S0x24f8S0x249aS0xd1dS0x374	0x2509
0x250bS0x24f8S0x249aS0xd1dS0x374	0x250b
0x250dS0x24f8S0x249aS0xd1dS0x374	0x250d
0x250fS0x24f8S0x249aS0xd1dS0x374	0x250f
0x2510S0x24f8S0x249aS0xd1dS0x374	0x2510
0x2511S0x24f8S0x249aS0xd1dS0x374	0x2511
0x2512S0x24f8S0x249aS0xd1dS0x374	0x2512
0x2515S0x24f8S0x249aS0xd1dS0x374	0x2515
0x2517S0x24f8S0x249aS0xd1dS0x374	0x2517
0x2518S0x24f8S0x249aS0xd1dS0x374	0x2518
0x205fS0xfd0	0x205f
0x2061S0xfd0	0x2061
0x2062S0xfd0	0x2062
0x2066S0xfd0	0x2066
0x2068S0xfd0	0x2068
0x206bS0xfd0	0x206b
0x206dS0xfd0	0x206d
0x206eS0xfd0	0x206e
0x2072S0xfd0	0x2072
0x2050S0xfd0	0x2050
0x2053S0xfd0	0x2053
0x2055S0xfd0	0x2055
0x2056S0xfd0	0x2056
0x205bS0xfd0	0x205b
0x99862S0xfd0	0x905
0x99864S0xfd0	0x907
0x99867S0xfd0	0x90a
0x31fbS0xfd0	0x31fb
0x3200S0xfd0	0x3200
0x3204S0xfd0	0x3204
0x3206S0xfd0	0x3206
0x3227S0xfd0	0x3227
0x322aS0xfd0	0x322a
0x322cS0xfd0	0x322c
0x322eS0xfd0	0x322e
0x7b041S0x204fS0xfd0	0x1717
0x174dS0x204fS0xfd0	0x174d
0x1752S0x204fS0xfd0	0x1752
0x1754S0x204fS0xfd0	0x1754
0x1757S0x204fS0xfd0	0x1757
0x175aS0x204fS0xfd0	0x175a
0x175bS0x204fS0xfd0	0x175b
0x1760S0x204fS0xfd0	0x1760
0x1765S0x204fS0xfd0	0x1765
0x1768S0x204fS0xfd0	0x1768
0x217dS0x174cS0x204fS0xfd0	0x217d
0x217fS0x174cS0x204fS0xfd0	0x217f
0x2183S0x174cS0x204fS0xfd0	0x2183
0x2185S0x174cS0x204fS0xfd0	0x2185
0x2187S0x174cS0x204fS0xfd0	0x2187
0x2189S0x174cS0x204fS0xfd0	0x2189
0x218aS0x174cS0x204fS0xfd0	0x218a
0x218cS0x174cS0x204fS0xfd0	0x218c
0x218dS0x174cS0x204fS0xfd0	0x218d
0xbc983S0x174cS0x204fS0xfd0	0x1717
0x227aS0x217cS0x174cS0x204fS0xfd0	0x227a
0x227fS0x217cS0x174cS0x204fS0xfd0	0x227f
0x2284S0x217cS0x174cS0x204fS0xfd0	0x2284
0x2285S0x217cS0x174cS0x204fS0xfd0	0x2285
0x2288S0x217cS0x174cS0x204fS0xfd0	0x2288
0x228bS0x217cS0x174cS0x204fS0xfd0	0x228b
0x228cS0x217cS0x174cS0x204fS0xfd0	0x228c
0x228dS0x217cS0x174cS0x204fS0xfd0	0x228d
0x228eS0x217cS0x174cS0x204fS0xfd0	0x228e
0x205fS0x13f6	0x205f
0x2061S0x13f6	0x2061
0x2062S0x13f6	0x2062
0x2066S0x13f6	0x2066
0x2068S0x13f6	0x2068
0x206bS0x13f6	0x206b
0x206dS0x13f6	0x206d
0x206eS0x13f6	0x206e
0x2072S0x13f6	0x2072
0x2050S0x13f6	0x2050
0x2053S0x13f6	0x2053
0x2055S0x13f6	0x2055
0x2056S0x13f6	0x2056
0x205bS0x13f6	0x205b
0x99862S0x13f6	0x905
0x99864S0x13f6	0x907
0x99867S0x13f6	0x90a
0x31fbS0x13f6	0x31fb
0x3200S0x13f6	0x3200
0x3204S0x13f6	0x3204
0x3206S0x13f6	0x3206
0x3227S0x13f6	0x3227
0x322aS0x13f6	0x322a
0x322cS0x13f6	0x322c
0x322eS0x13f6	0x322e
0x7b041S0x204fS0x13f6	0x1717
0x174dS0x204fS0x13f6	0x174d
0x1752S0x204fS0x13f6	0x1752
0x1754S0x204fS0x13f6	0x1754
0x1757S0x204fS0x13f6	0x1757
0x175aS0x204fS0x13f6	0x175a
0x175bS0x204fS0x13f6	0x175b
0x1760S0x204fS0x13f6	0x1760
0x1765S0x204fS0x13f6	0x1765
0x1768S0x204fS0x13f6	0x1768
0x217dS0x174cS0x204fS0x13f6	0x217d
0x217fS0x174cS0x204fS0x13f6	0x217f
0x2183S0x174cS0x204fS0x13f6	0x2183
0x2185S0x174cS0x204fS0x13f6	0x2185
0x2187S0x174cS0x204fS0x13f6	0x2187
0x2189S0x174cS0x204fS0x13f6	0x2189
0x218aS0x174cS0x204fS0x13f6	0x218a
0x218cS0x174cS0x204fS0x13f6	0x218c
0x218dS0x174cS0x204fS0x13f6	0x218d
0xbc983S0x174cS0x204fS0x13f6	0x1717
0x227aS0x217cS0x174cS0x204fS0x13f6	0x227a
0x227fS0x217cS0x174cS0x204fS0x13f6	0x227f
0x2284S0x217cS0x174cS0x204fS0x13f6	0x2284
0x2285S0x217cS0x174cS0x204fS0x13f6	0x2285
0x2288S0x217cS0x174cS0x204fS0x13f6	0x2288
0x228bS0x217cS0x174cS0x204fS0x13f6	0x228b
0x228cS0x217cS0x174cS0x204fS0x13f6	0x228c
0x228dS0x217cS0x174cS0x204fS0x13f6	0x228d
0x228eS0x217cS0x174cS0x204fS0x13f6	0x228e
0x1479S0x520	0x1479
0x147bS0x520	0x147b
0x147eS0x520	0x147e
0x1480S0x520	0x1480
0x1481S0x520	0x1481
0x1485S0x520	0x1485
0x4b3e0S0x520	0xa57
0x4b421S0x520	0x148a
0x4b423S0x520	0x148c
0x4b426S0x520	0x148f
0x4b428S0x520	0x1491
0x4b42aS0x520	0x1493
0x2b27S0x1478S0x520	0x2b27
0x2b34S0x1478S0x520	0x2b34
0x2b36S0x1478S0x520	0x2b36
0x2b39S0x1478S0x520	0x2b39
0x2b3bS0x1478S0x520	0x2b3b
0x7b041S0x4b420S0x520	0x1717
0x174dS0x4b420S0x520	0x174d
0x1752S0x4b420S0x520	0x1752
0x1754S0x4b420S0x520	0x1754
0x1757S0x4b420S0x520	0x1757
0x175aS0x4b420S0x520	0x175a
0x175bS0x4b420S0x520	0x175b
0x1760S0x4b420S0x520	0x1760
0x1765S0x4b420S0x520	0x1765
0x1768S0x4b420S0x520	0x1768
0x217dS0x174cS0x4b420S0x520	0x217d
0x217fS0x174cS0x4b420S0x520	0x217f
0x2183S0x174cS0x4b420S0x520	0x2183
0x2185S0x174cS0x4b420S0x520	0x2185
0x2187S0x174cS0x4b420S0x520	0x2187
0x2189S0x174cS0x4b420S0x520	0x2189
0x218aS0x174cS0x4b420S0x520	0x218a
0x218cS0x174cS0x4b420S0x520	0x218c
0x218dS0x174cS0x4b420S0x520	0x218d
0xbc983S0x174cS0x4b420S0x520	0x1717
0x227aS0x217cS0x174cS0x4b420S0x520	0x227a
0x227fS0x217cS0x174cS0x4b420S0x520	0x227f
0x2284S0x217cS0x174cS0x4b420S0x520	0x2284
0x2285S0x217cS0x174cS0x4b420S0x520	0x2285
0x2288S0x217cS0x174cS0x4b420S0x520	0x2288
0x228bS0x217cS0x174cS0x4b420S0x520	0x228b
0x228cS0x217cS0x174cS0x4b420S0x520	0x228c
0x228dS0x217cS0x174cS0x4b420S0x520	0x228d
0x228eS0x217cS0x174cS0x4b420S0x520	0x228e
0x15adS0x5c2	0x15ad
0x15afS0x5c2	0x15af
0x15b2S0x5c2	0x15b2
0x15b4S0x5c2	0x15b4
0x15b5S0x5c2	0x15b5
0x15b9S0x5c2	0x15b9
0x57f53S0x5c2	0xa57
0x57f94S0x5c2	0x148a
0x57f96S0x5c2	0x148c
0x57f99S0x5c2	0x148f
0x57f9bS0x5c2	0x1491
0x57f9dS0x5c2	0x1493
0x2b0eS0x15acS0x5c2	0x2b0e
0x2b1cS0x15acS0x5c2	0x2b1c
0x2b1eS0x15acS0x5c2	0x2b1e
0x2b21S0x15acS0x5c2	0x2b21
0x2b23S0x15acS0x5c2	0x2b23
0x7b041S0x57f93S0x5c2	0x1717
0x174dS0x57f93S0x5c2	0x174d
0x1752S0x57f93S0x5c2	0x1752
0x1754S0x57f93S0x5c2	0x1754
0x1757S0x57f93S0x5c2	0x1757
0x175aS0x57f93S0x5c2	0x175a
0x175bS0x57f93S0x5c2	0x175b
0x1760S0x57f93S0x5c2	0x1760
0x1765S0x57f93S0x5c2	0x1765
0x1768S0x57f93S0x5c2	0x1768
0x217dS0x174cS0x57f93S0x5c2	0x217d
0x217fS0x174cS0x57f93S0x5c2	0x217f
0x2183S0x174cS0x57f93S0x5c2	0x2183
0x2185S0x174cS0x57f93S0x5c2	0x2185
0x2187S0x174cS0x57f93S0x5c2	0x2187
0x2189S0x174cS0x57f93S0x5c2	0x2189
0x218aS0x174cS0x57f93S0x5c2	0x218a
0x218cS0x174cS0x57f93S0x5c2	0x218c
0x218dS0x174cS0x57f93S0x5c2	0x218d
0xbc983S0x174cS0x57f93S0x5c2	0x1717
0x227aS0x217cS0x174cS0x57f93S0x5c2	0x227a
0x227fS0x217cS0x174cS0x57f93S0x5c2	0x227f
0x2284S0x217cS0x174cS0x57f93S0x5c2	0x2284
0x2285S0x217cS0x174cS0x57f93S0x5c2	0x2285
0x2288S0x217cS0x174cS0x57f93S0x5c2	0x2288
0x228bS0x217cS0x174cS0x57f93S0x5c2	0x228b
0x228cS0x217cS0x174cS0x57f93S0x5c2	0x228c
0x228dS0x217cS0x174cS0x57f93S0x5c2	0x228d
0x228eS0x217cS0x174cS0x57f93S0x5c2	0x228e
0x205fS0x171d	0x205f
0x2061S0x171d	0x2061
0x2062S0x171d	0x2062
0x2066S0x171d	0x2066
0x2068S0x171d	0x2068
0x206bS0x171d	0x206b
0x206dS0x171d	0x206d
0x206eS0x171d	0x206e
0x2072S0x171d	0x2072
0x2050S0x171d	0x2050
0x2053S0x171d	0x2053
0x2055S0x171d	0x2055
0x2056S0x171d	0x2056
0x205bS0x171d	0x205b
0x99862S0x171d	0x905
0x99864S0x171d	0x907
0x99867S0x171d	0x90a
0x31fbS0x171d	0x31fb
0x3200S0x171d	0x3200
0x3204S0x171d	0x3204
0x3206S0x171d	0x3206
0x3227S0x171d	0x3227
0x322aS0x171d	0x322a
0x322cS0x171d	0x322c
0x322eS0x171d	0x322e
0x7b041S0x204fS0x171d	0x1717
0x174dS0x204fS0x171d	0x174d
0x1752S0x204fS0x171d	0x1752
0x1754S0x204fS0x171d	0x1754
0x1757S0x204fS0x171d	0x1757
0x175aS0x204fS0x171d	0x175a
0x175bS0x204fS0x171d	0x175b
0x1760S0x204fS0x171d	0x1760
0x1765S0x204fS0x171d	0x1765
0x1768S0x204fS0x171d	0x1768
0x217dS0x174cS0x204fS0x171d	0x217d
0x217fS0x174cS0x204fS0x171d	0x217f
0x2183S0x174cS0x204fS0x171d	0x2183
0x2185S0x174cS0x204fS0x171d	0x2185
0x2187S0x174cS0x204fS0x171d	0x2187
0x2189S0x174cS0x204fS0x171d	0x2189
0x218aS0x174cS0x204fS0x171d	0x218a
0x218cS0x174cS0x204fS0x171d	0x218c
0x218dS0x174cS0x204fS0x171d	0x218d
0xbc983S0x174cS0x204fS0x171d	0x1717
0x227aS0x217cS0x174cS0x204fS0x171d	0x227a
0x227fS0x217cS0x174cS0x204fS0x171d	0x227f
0x2284S0x217cS0x174cS0x204fS0x171d	0x2284
0x2285S0x217cS0x174cS0x204fS0x171d	0x2285
0x2288S0x217cS0x174cS0x204fS0x171d	0x2288
0x228bS0x217cS0x174cS0x204fS0x171d	0x228b
0x228cS0x217cS0x174cS0x204fS0x171d	0x228c
0x228dS0x217cS0x174cS0x204fS0x171d	0x228d
0x228eS0x217cS0x174cS0x204fS0x171d	0x228e
0x205fS0x17bd	0x205f
0x2061S0x17bd	0x2061
0x2062S0x17bd	0x2062
0x2066S0x17bd	0x2066
0x2068S0x17bd	0x2068
0x206bS0x17bd	0x206b
0x206dS0x17bd	0x206d
0x206eS0x17bd	0x206e
0x2072S0x17bd	0x2072
0x2050S0x17bd	0x2050
0x2053S0x17bd	0x2053
0x2055S0x17bd	0x2055
0x2056S0x17bd	0x2056
0x205bS0x17bd	0x205b
0x99862S0x17bd	0x905
0x99864S0x17bd	0x907
0x99867S0x17bd	0x90a
0x31fbS0x17bd	0x31fb
0x3200S0x17bd	0x3200
0x3204S0x17bd	0x3204
0x3206S0x17bd	0x3206
0x3227S0x17bd	0x3227
0x322aS0x17bd	0x322a
0x322cS0x17bd	0x322c
0x322eS0x17bd	0x322e
0x7b041S0x204fS0x17bd	0x1717
0x174dS0x204fS0x17bd	0x174d
0x1752S0x204fS0x17bd	0x1752
0x1754S0x204fS0x17bd	0x1754
0x1757S0x204fS0x17bd	0x1757
0x175aS0x204fS0x17bd	0x175a
0x175bS0x204fS0x17bd	0x175b
0x1760S0x204fS0x17bd	0x1760
0x1765S0x204fS0x17bd	0x1765
0x1768S0x204fS0x17bd	0x1768
0x217dS0x174cS0x204fS0x17bd	0x217d
0x217fS0x174cS0x204fS0x17bd	0x217f
0x2183S0x174cS0x204fS0x17bd	0x2183
0x2185S0x174cS0x204fS0x17bd	0x2185
0x2187S0x174cS0x204fS0x17bd	0x2187
0x2189S0x174cS0x204fS0x17bd	0x2189
0x218aS0x174cS0x204fS0x17bd	0x218a
0x218cS0x174cS0x204fS0x17bd	0x218c
0x218dS0x174cS0x204fS0x17bd	0x218d
0xbc983S0x174cS0x204fS0x17bd	0x1717
0x227aS0x217cS0x174cS0x204fS0x17bd	0x227a
0x227fS0x217cS0x174cS0x204fS0x17bd	0x227f
0x2284S0x217cS0x174cS0x204fS0x17bd	0x2284
0x2285S0x217cS0x174cS0x204fS0x17bd	0x2285
0x2288S0x217cS0x174cS0x204fS0x17bd	0x2288
0x228bS0x217cS0x174cS0x204fS0x17bd	0x228b
0x228cS0x217cS0x174cS0x204fS0x17bd	0x228c
0x228dS0x217cS0x174cS0x204fS0x17bd	0x228d
0x228eS0x217cS0x174cS0x204fS0x17bd	0x228e
0x205fS0x1a53	0x205f
0x2061S0x1a53	0x2061
0x2062S0x1a53	0x2062
0x2066S0x1a53	0x2066
0x2068S0x1a53	0x2068
0x206bS0x1a53	0x206b
0x206dS0x1a53	0x206d
0x206eS0x1a53	0x206e
0x2072S0x1a53	0x2072
0x2050S0x1a53	0x2050
0x2053S0x1a53	0x2053
0x2055S0x1a53	0x2055
0x2056S0x1a53	0x2056
0x205bS0x1a53	0x205b
0x99862S0x1a53	0x905
0x99864S0x1a53	0x907
0x99867S0x1a53	0x90a
0x31fbS0x1a53	0x31fb
0x3200S0x1a53	0x3200
0x3204S0x1a53	0x3204
0x3206S0x1a53	0x3206
0x3227S0x1a53	0x3227
0x322aS0x1a53	0x322a
0x322cS0x1a53	0x322c
0x322eS0x1a53	0x322e
0x7b041S0x204fS0x1a53	0x1717
0x174dS0x204fS0x1a53	0x174d
0x1752S0x204fS0x1a53	0x1752
0x1754S0x204fS0x1a53	0x1754
0x1757S0x204fS0x1a53	0x1757
0x175aS0x204fS0x1a53	0x175a
0x175bS0x204fS0x1a53	0x175b
0x1760S0x204fS0x1a53	0x1760
0x1765S0x204fS0x1a53	0x1765
0x1768S0x204fS0x1a53	0x1768
0x217dS0x174cS0x204fS0x1a53	0x217d
0x217fS0x174cS0x204fS0x1a53	0x217f
0x2183S0x174cS0x204fS0x1a53	0x2183
0x2185S0x174cS0x204fS0x1a53	0x2185
0x2187S0x174cS0x204fS0x1a53	0x2187
0x2189S0x174cS0x204fS0x1a53	0x2189
0x218aS0x174cS0x204fS0x1a53	0x218a
0x218cS0x174cS0x204fS0x1a53	0x218c
0x218dS0x174cS0x204fS0x1a53	0x218d
0xbc983S0x174cS0x204fS0x1a53	0x1717
0x227aS0x217cS0x174cS0x204fS0x1a53	0x227a
0x227fS0x217cS0x174cS0x204fS0x1a53	0x227f
0x2284S0x217cS0x174cS0x204fS0x1a53	0x2284
0x2285S0x217cS0x174cS0x204fS0x1a53	0x2285
0x2288S0x217cS0x174cS0x204fS0x1a53	0x2288
0x228bS0x217cS0x174cS0x204fS0x1a53	0x228b
0x228cS0x217cS0x174cS0x204fS0x1a53	0x228c
0x228dS0x217cS0x174cS0x204fS0x1a53	0x228d
0x228eS0x217cS0x174cS0x204fS0x1a53	0x228e
0x205fS0x1e45	0x205f
0x2061S0x1e45	0x2061
0x2062S0x1e45	0x2062
0x2066S0x1e45	0x2066
0x2068S0x1e45	0x2068
0x206bS0x1e45	0x206b
0x206dS0x1e45	0x206d
0x206eS0x1e45	0x206e
0x2072S0x1e45	0x2072
0x2050S0x1e45	0x2050
0x2053S0x1e45	0x2053
0x2055S0x1e45	0x2055
0x2056S0x1e45	0x2056
0x205bS0x1e45	0x205b
0x99862S0x1e45	0x905
0x99864S0x1e45	0x907
0x99867S0x1e45	0x90a
0x31fbS0x1e45	0x31fb
0x3200S0x1e45	0x3200
0x3204S0x1e45	0x3204
0x3206S0x1e45	0x3206
0x3227S0x1e45	0x3227
0x322aS0x1e45	0x322a
0x322cS0x1e45	0x322c
0x322eS0x1e45	0x322e
0x7b041S0x204fS0x1e45	0x1717
0x174dS0x204fS0x1e45	0x174d
0x1752S0x204fS0x1e45	0x1752
0x1754S0x204fS0x1e45	0x1754
0x1757S0x204fS0x1e45	0x1757
0x175aS0x204fS0x1e45	0x175a
0x175bS0x204fS0x1e45	0x175b
0x1760S0x204fS0x1e45	0x1760
0x1765S0x204fS0x1e45	0x1765
0x1768S0x204fS0x1e45	0x1768
0x217dS0x174cS0x204fS0x1e45	0x217d
0x217fS0x174cS0x204fS0x1e45	0x217f
0x2183S0x174cS0x204fS0x1e45	0x2183
0x2185S0x174cS0x204fS0x1e45	0x2185
0x2187S0x174cS0x204fS0x1e45	0x2187
0x2189S0x174cS0x204fS0x1e45	0x2189
0x218aS0x174cS0x204fS0x1e45	0x218a
0x218cS0x174cS0x204fS0x1e45	0x218c
0x218dS0x174cS0x204fS0x1e45	0x218d
0xbc983S0x174cS0x204fS0x1e45	0x1717
0x227aS0x217cS0x174cS0x204fS0x1e45	0x227a
0x227fS0x217cS0x174cS0x204fS0x1e45	0x227f
0x2284S0x217cS0x174cS0x204fS0x1e45	0x2284
0x2285S0x217cS0x174cS0x204fS0x1e45	0x2285
0x2288S0x217cS0x174cS0x204fS0x1e45	0x2288
0x228bS0x217cS0x174cS0x204fS0x1e45	0x228b
0x228cS0x217cS0x174cS0x204fS0x1e45	0x228c
0x228dS0x217cS0x174cS0x204fS0x1e45	0x228d
0x228eS0x217cS0x174cS0x204fS0x1e45	0x228e
0x2004S0xfc2	0x2004
0x2007S0xfc2	0x2007
0x1fe1S0xfc2	0x1fe1
0x1fe6S0xfc2	0x1fe6
0x1fe8S0xfc2	0x1fe8
0x1febS0xfc2	0x1feb
0x1feeS0xfc2	0x1fee
0x1fefS0xfc2	0x1fef
0x1ff4S0xfc2	0x1ff4
0x1ff9S0xfc2	0x1ff9
0x1ffcS0xfc2	0x1ffc
0x1fffS0xfc2	0x1fff
0x2000S0xfc2	0x2000
0x200cS0xfc2	0x200c
0x200eS0xfc2	0x200e
0x2010S0xfc2	0x2010
0x2012S0xfc2	0x2012
0x2013S0xfc2	0x2013
0x2014S0xfc2	0x2014
0x2016S0xfc2	0x2016
0x2018S0xfc2	0x2018
0x201aS0xfc2	0x201a
0x201cS0xfc2	0x201c
0x201dS0xfc2	0x201d
0x201eS0xfc2	0x201e
0x2020S0xfc2	0x2020
0x2041S0xfc2	0x2041
0x2043S0xfc2	0x2043
0x2044S0xfc2	0x2044
0x2046S0xfc2	0x2046
0x2049S0xfc2	0x2049
0x1fddS0x2004S0xfc2	0x1fdd
0x220bS0x1fe0S0xfc2	0x220b
0x220dS0x1fe0S0xfc2	0x220d
0x2211S0x1fe0S0xfc2	0x2211
0x2213S0x1fe0S0xfc2	0x2213
0x2215S0x1fe0S0xfc2	0x2215
0x2217S0x1fe0S0xfc2	0x2217
0x2218S0x1fe0S0xfc2	0x2218
0x221aS0x1fe0S0xfc2	0x221a
0x221bS0x1fe0S0xfc2	0x221b
0xdad0cS0x1fe0S0xfc2	0x1717
0x22b8S0x220aS0x1fe0S0xfc2	0x22b8
0x22baS0x220aS0x1fe0S0xfc2	0x22ba
0x22bfS0x220aS0x1fe0S0xfc2	0x22bf
0x22c4S0x220aS0x1fe0S0xfc2	0x22c4
0x22fbS0x220aS0x1fe0S0xfc2	0x22fb
0x22fdS0x220aS0x1fe0S0xfc2	0x22fd
0x22caS0x220aS0x1fe0S0xfc2	0x22ca
0x22cbS0x220aS0x1fe0S0xfc2	0x22cb
0x22cfS0x220aS0x1fe0S0xfc2	0x22cf
0x22d2S0x220aS0x1fe0S0xfc2	0x22d2
0x22d7S0x220aS0x1fe0S0xfc2	0x22d7
0x22dbS0x220aS0x1fe0S0xfc2	0x22db
0x22deS0x220aS0x1fe0S0xfc2	0x22de
0x22e3S0x220aS0x1fe0S0xfc2	0x22e3
0x22e9S0x220aS0x1fe0S0xfc2	0x22e9
0x22edS0x220aS0x1fe0S0xfc2	0x22ed
0x22f0S0x220aS0x1fe0S0xfc2	0x22f0
0x22f5S0x220aS0x1fe0S0xfc2	0x22f5
0x227aS0x22b7S0x220aS0x1fe0S0xfc2	0x227a
0x227fS0x22b7S0x220aS0x1fe0S0xfc2	0x227f
0x2284S0x22b7S0x220aS0x1fe0S0xfc2	0x2284
0x2285S0x22b7S0x220aS0x1fe0S0xfc2	0x2285
0x2288S0x22b7S0x220aS0x1fe0S0xfc2	0x2288
0x228bS0x22b7S0x220aS0x1fe0S0xfc2	0x228b
0x228cS0x22b7S0x220aS0x1fe0S0xfc2	0x228c
0x228dS0x22b7S0x220aS0x1fe0S0xfc2	0x228d
0x228eS0x22b7S0x220aS0x1fe0S0xfc2	0x228e
0x205fS0x15bdB0x5e2	0x205f
0x2061S0x15bdB0x5e2	0x2061
0x2062S0x15bdB0x5e2	0x2062
0x2066S0x15bdB0x5e2	0x2066
0x2068S0x15bdB0x5e2	0x2068
0x206bS0x15bdB0x5e2	0x206b
0x206dS0x15bdB0x5e2	0x206d
0x206eS0x15bdB0x5e2	0x206e
0x2072S0x15bdB0x5e2	0x2072
0x2050S0x15bdB0x5e2	0x2050
0x2053S0x15bdB0x5e2	0x2053
0x2055S0x15bdB0x5e2	0x2055
0x2056S0x15bdB0x5e2	0x2056
0x205bS0x15bdB0x5e2	0x205b
0x99862S0x15bdB0x5e2	0x905
0x99864S0x15bdB0x5e2	0x907
0x99867S0x15bdB0x5e2	0x90a
0x31fbS0x15bdB0x5e2	0x31fb
0x3200S0x15bdB0x5e2	0x3200
0x3204S0x15bdB0x5e2	0x3204
0x3206S0x15bdB0x5e2	0x3206
0x3227S0x15bdB0x5e2	0x3227
0x322aS0x15bdB0x5e2	0x322a
0x322cS0x15bdB0x5e2	0x322c
0x322eS0x15bdB0x5e2	0x322e
0x7b041S0x204fS0x15bdB0x5e2	0x1717
0x174dS0x204fS0x15bdB0x5e2	0x174d
0x1752S0x204fS0x15bdB0x5e2	0x1752
0x1754S0x204fS0x15bdB0x5e2	0x1754
0x1757S0x204fS0x15bdB0x5e2	0x1757
0x175aS0x204fS0x15bdB0x5e2	0x175a
0x175bS0x204fS0x15bdB0x5e2	0x175b
0x1760S0x204fS0x15bdB0x5e2	0x1760
0x1765S0x204fS0x15bdB0x5e2	0x1765
0x1768S0x204fS0x15bdB0x5e2	0x1768
0x217dS0x174cS0x204fS0x15bdB0x5e2	0x217d
0x217fS0x174cS0x204fS0x15bdB0x5e2	0x217f
0x2183S0x174cS0x204fS0x15bdB0x5e2	0x2183
0x2185S0x174cS0x204fS0x15bdB0x5e2	0x2185
0x2187S0x174cS0x204fS0x15bdB0x5e2	0x2187
0x2189S0x174cS0x204fS0x15bdB0x5e2	0x2189
0x218aS0x174cS0x204fS0x15bdB0x5e2	0x218a
0x218cS0x174cS0x204fS0x15bdB0x5e2	0x218c
0x218dS0x174cS0x204fS0x15bdB0x5e2	0x218d
0xbc983S0x174cS0x204fS0x15bdB0x5e2	0x1717
0x227aS0x217cS0x174cS0x204fS0x15bdB0x5e2	0x227a
0x227fS0x217cS0x174cS0x204fS0x15bdB0x5e2	0x227f
0x2284S0x217cS0x174cS0x204fS0x15bdB0x5e2	0x2284
0x2285S0x217cS0x174cS0x204fS0x15bdB0x5e2	0x2285
0x2288S0x217cS0x174cS0x204fS0x15bdB0x5e2	0x2288
0x228bS0x217cS0x174cS0x204fS0x15bdB0x5e2	0x228b
0x228cS0x217cS0x174cS0x204fS0x15bdB0x5e2	0x228c
0x228dS0x217cS0x174cS0x204fS0x15bdB0x5e2	0x228d
0x228eS0x217cS0x174cS0x204fS0x15bdB0x5e2	0x228e
0x205fS0x134dB0x461	0x205f
0x2061S0x134dB0x461	0x2061
0x2062S0x134dB0x461	0x2062
0x2066S0x134dB0x461	0x2066
0x2068S0x134dB0x461	0x2068
0x206bS0x134dB0x461	0x206b
0x206dS0x134dB0x461	0x206d
0x206eS0x134dB0x461	0x206e
0x2072S0x134dB0x461	0x2072
0x2050S0x134dB0x461	0x2050
0x2053S0x134dB0x461	0x2053
0x2055S0x134dB0x461	0x2055
0x2056S0x134dB0x461	0x2056
0x205bS0x134dB0x461	0x205b
0x99862S0x134dB0x461	0x905
0x99864S0x134dB0x461	0x907
0x99867S0x134dB0x461	0x90a
0x31fbS0x134dB0x461	0x31fb
0x3200S0x134dB0x461	0x3200
0x3204S0x134dB0x461	0x3204
0x3206S0x134dB0x461	0x3206
0x3227S0x134dB0x461	0x3227
0x322aS0x134dB0x461	0x322a
0x322cS0x134dB0x461	0x322c
0x322eS0x134dB0x461	0x322e
0x7b041S0x204fS0x134dB0x461	0x1717
0x174dS0x204fS0x134dB0x461	0x174d
0x1752S0x204fS0x134dB0x461	0x1752
0x1754S0x204fS0x134dB0x461	0x1754
0x1757S0x204fS0x134dB0x461	0x1757
0x175aS0x204fS0x134dB0x461	0x175a
0x175bS0x204fS0x134dB0x461	0x175b
0x1760S0x204fS0x134dB0x461	0x1760
0x1765S0x204fS0x134dB0x461	0x1765
0x1768S0x204fS0x134dB0x461	0x1768
0x217dS0x174cS0x204fS0x134dB0x461	0x217d
0x217fS0x174cS0x204fS0x134dB0x461	0x217f
0x2183S0x174cS0x204fS0x134dB0x461	0x2183
0x2185S0x174cS0x204fS0x134dB0x461	0x2185
0x2187S0x174cS0x204fS0x134dB0x461	0x2187
0x2189S0x174cS0x204fS0x134dB0x461	0x2189
0x218aS0x174cS0x204fS0x134dB0x461	0x218a
0x218cS0x174cS0x204fS0x134dB0x461	0x218c
0x218dS0x174cS0x204fS0x134dB0x461	0x218d
0xbc983S0x174cS0x204fS0x134dB0x461	0x1717
0x227aS0x217cS0x174cS0x204fS0x134dB0x461	0x227a
0x227fS0x217cS0x174cS0x204fS0x134dB0x461	0x227f
0x2284S0x217cS0x174cS0x204fS0x134dB0x461	0x2284
0x2285S0x217cS0x174cS0x204fS0x134dB0x461	0x2285
0x2288S0x217cS0x174cS0x204fS0x134dB0x461	0x2288
0x228bS0x217cS0x174cS0x204fS0x134dB0x461	0x228b
0x228cS0x217cS0x174cS0x204fS0x134dB0x461	0x228c
0x228dS0x217cS0x174cS0x204fS0x134dB0x461	0x228d
0x228eS0x217cS0x174cS0x204fS0x134dB0x461	0x228e
0x205fS0x1497B0x54d	0x205f
0x2061S0x1497B0x54d	0x2061
0x2062S0x1497B0x54d	0x2062
0x2066S0x1497B0x54d	0x2066
0x2068S0x1497B0x54d	0x2068
0x206bS0x1497B0x54d	0x206b
0x206dS0x1497B0x54d	0x206d
0x206eS0x1497B0x54d	0x206e
0x2072S0x1497B0x54d	0x2072
0x2050S0x1497B0x54d	0x2050
0x2053S0x1497B0x54d	0x2053
0x2055S0x1497B0x54d	0x2055
0x2056S0x1497B0x54d	0x2056
0x205bS0x1497B0x54d	0x205b
0x99862S0x1497B0x54d	0x905
0x99864S0x1497B0x54d	0x907
0x99867S0x1497B0x54d	0x90a
0x31fbS0x1497B0x54d	0x31fb
0x3200S0x1497B0x54d	0x3200
0x3204S0x1497B0x54d	0x3204
0x3206S0x1497B0x54d	0x3206
0x3227S0x1497B0x54d	0x3227
0x322aS0x1497B0x54d	0x322a
0x322cS0x1497B0x54d	0x322c
0x322eS0x1497B0x54d	0x322e
0x7b041S0x204fS0x1497B0x54d	0x1717
0x174dS0x204fS0x1497B0x54d	0x174d
0x1752S0x204fS0x1497B0x54d	0x1752
0x1754S0x204fS0x1497B0x54d	0x1754
0x1757S0x204fS0x1497B0x54d	0x1757
0x175aS0x204fS0x1497B0x54d	0x175a
0x175bS0x204fS0x1497B0x54d	0x175b
0x1760S0x204fS0x1497B0x54d	0x1760
0x1765S0x204fS0x1497B0x54d	0x1765
0x1768S0x204fS0x1497B0x54d	0x1768
0x217dS0x174cS0x204fS0x1497B0x54d	0x217d
0x217fS0x174cS0x204fS0x1497B0x54d	0x217f
0x2183S0x174cS0x204fS0x1497B0x54d	0x2183
0x2185S0x174cS0x204fS0x1497B0x54d	0x2185
0x2187S0x174cS0x204fS0x1497B0x54d	0x2187
0x2189S0x174cS0x204fS0x1497B0x54d	0x2189
0x218aS0x174cS0x204fS0x1497B0x54d	0x218a
0x218cS0x174cS0x204fS0x1497B0x54d	0x218c
0x218dS0x174cS0x204fS0x1497B0x54d	0x218d
0xbc983S0x174cS0x204fS0x1497B0x54d	0x1717
0x227aS0x217cS0x174cS0x204fS0x1497B0x54d	0x227a
0x227fS0x217cS0x174cS0x204fS0x1497B0x54d	0x227f
0x2284S0x217cS0x174cS0x204fS0x1497B0x54d	0x2284
0x2285S0x217cS0x174cS0x204fS0x1497B0x54d	0x2285
0x2288S0x217cS0x174cS0x204fS0x1497B0x54d	0x2288
0x228bS0x217cS0x174cS0x204fS0x1497B0x54d	0x228b
0x228cS0x217cS0x174cS0x204fS0x1497B0x54d	0x228c
0x228dS0x217cS0x174cS0x204fS0x1497B0x54d	0x228d
0x228eS0x217cS0x174cS0x204fS0x1497B0x54d	0x228e
0x205fS0x153bB0x582	0x205f
0x2061S0x153bB0x582	0x2061
0x2062S0x153bB0x582	0x2062
0x2066S0x153bB0x582	0x2066
0x2068S0x153bB0x582	0x2068
0x206bS0x153bB0x582	0x206b
0x206dS0x153bB0x582	0x206d
0x206eS0x153bB0x582	0x206e
0x2072S0x153bB0x582	0x2072
0x2050S0x153bB0x582	0x2050
0x2053S0x153bB0x582	0x2053
0x2055S0x153bB0x582	0x2055
0x2056S0x153bB0x582	0x2056
0x205bS0x153bB0x582	0x205b
0x99862S0x153bB0x582	0x905
0x99864S0x153bB0x582	0x907
0x99867S0x153bB0x582	0x90a
0x31fbS0x153bB0x582	0x31fb
0x3200S0x153bB0x582	0x3200
0x3204S0x153bB0x582	0x3204
0x3206S0x153bB0x582	0x3206
0x3227S0x153bB0x582	0x3227
0x322aS0x153bB0x582	0x322a
0x322cS0x153bB0x582	0x322c
0x322eS0x153bB0x582	0x322e
0x7b041S0x204fS0x153bB0x582	0x1717
0x174dS0x204fS0x153bB0x582	0x174d
0x1752S0x204fS0x153bB0x582	0x1752
0x1754S0x204fS0x153bB0x582	0x1754
0x1757S0x204fS0x153bB0x582	0x1757
0x175aS0x204fS0x153bB0x582	0x175a
0x175bS0x204fS0x153bB0x582	0x175b
0x1760S0x204fS0x153bB0x582	0x1760
0x1765S0x204fS0x153bB0x582	0x1765
0x1768S0x204fS0x153bB0x582	0x1768
0x217dS0x174cS0x204fS0x153bB0x582	0x217d
0x217fS0x174cS0x204fS0x153bB0x582	0x217f
0x2183S0x174cS0x204fS0x153bB0x582	0x2183
0x2185S0x174cS0x204fS0x153bB0x582	0x2185
0x2187S0x174cS0x204fS0x153bB0x582	0x2187
0x2189S0x174cS0x204fS0x153bB0x582	0x2189
0x218aS0x174cS0x204fS0x153bB0x582	0x218a
0x218cS0x174cS0x204fS0x153bB0x582	0x218c
0x218dS0x174cS0x204fS0x153bB0x582	0x218d
0xbc983S0x174cS0x204fS0x153bB0x582	0x1717
0x227aS0x217cS0x174cS0x204fS0x153bB0x582	0x227a
0x227fS0x217cS0x174cS0x204fS0x153bB0x582	0x227f
0x2284S0x217cS0x174cS0x204fS0x153bB0x582	0x2284
0x2285S0x217cS0x174cS0x204fS0x153bB0x582	0x2285
0x2288S0x217cS0x174cS0x204fS0x153bB0x582	0x2288
0x228bS0x217cS0x174cS0x204fS0x153bB0x582	0x228b
0x228cS0x217cS0x174cS0x204fS0x153bB0x582	0x228c
0x228dS0x217cS0x174cS0x204fS0x153bB0x582	0x228d
0x228eS0x217cS0x174cS0x204fS0x153bB0x582	0x228e
0x205fS0x1689B0x66c	0x205f
0x2061S0x1689B0x66c	0x2061
0x2062S0x1689B0x66c	0x2062
0x2066S0x1689B0x66c	0x2066
0x2068S0x1689B0x66c	0x2068
0x206bS0x1689B0x66c	0x206b
0x206dS0x1689B0x66c	0x206d
0x206eS0x1689B0x66c	0x206e
0x2072S0x1689B0x66c	0x2072
0x2050S0x1689B0x66c	0x2050
0x2053S0x1689B0x66c	0x2053
0x2055S0x1689B0x66c	0x2055
0x2056S0x1689B0x66c	0x2056
0x205bS0x1689B0x66c	0x205b
0x99862S0x1689B0x66c	0x905
0x99864S0x1689B0x66c	0x907
0x99867S0x1689B0x66c	0x90a
0x31fbS0x1689B0x66c	0x31fb
0x3200S0x1689B0x66c	0x3200
0x3204S0x1689B0x66c	0x3204
0x3206S0x1689B0x66c	0x3206
0x3227S0x1689B0x66c	0x3227
0x322aS0x1689B0x66c	0x322a
0x322cS0x1689B0x66c	0x322c
0x322eS0x1689B0x66c	0x322e
0x7b041S0x204fS0x1689B0x66c	0x1717
0x174dS0x204fS0x1689B0x66c	0x174d
0x1752S0x204fS0x1689B0x66c	0x1752
0x1754S0x204fS0x1689B0x66c	0x1754
0x1757S0x204fS0x1689B0x66c	0x1757
0x175aS0x204fS0x1689B0x66c	0x175a
0x175bS0x204fS0x1689B0x66c	0x175b
0x1760S0x204fS0x1689B0x66c	0x1760
0x1765S0x204fS0x1689B0x66c	0x1765
0x1768S0x204fS0x1689B0x66c	0x1768
0x217dS0x174cS0x204fS0x1689B0x66c	0x217d
0x217fS0x174cS0x204fS0x1689B0x66c	0x217f
0x2183S0x174cS0x204fS0x1689B0x66c	0x2183
0x2185S0x174cS0x204fS0x1689B0x66c	0x2185
0x2187S0x174cS0x204fS0x1689B0x66c	0x2187
0x2189S0x174cS0x204fS0x1689B0x66c	0x2189
0x218aS0x174cS0x204fS0x1689B0x66c	0x218a
0x218cS0x174cS0x204fS0x1689B0x66c	0x218c
0x218dS0x174cS0x204fS0x1689B0x66c	0x218d
0xbc983S0x174cS0x204fS0x1689B0x66c	0x1717
0x227aS0x217cS0x174cS0x204fS0x1689B0x66c	0x227a
0x227fS0x217cS0x174cS0x204fS0x1689B0x66c	0x227f
0x2284S0x217cS0x174cS0x204fS0x1689B0x66c	0x2284
0x2285S0x217cS0x174cS0x204fS0x1689B0x66c	0x2285
0x2288S0x217cS0x174cS0x204fS0x1689B0x66c	0x2288
0x228bS0x217cS0x174cS0x204fS0x1689B0x66c	0x228b
0x228cS0x217cS0x174cS0x204fS0x1689B0x66c	0x228c
0x228dS0x217cS0x174cS0x204fS0x1689B0x66c	0x228d
0x228eS0x217cS0x174cS0x204fS0x1689B0x66c	0x228e
0x205fS0x1781B0x701	0x205f
0x2061S0x1781B0x701	0x2061
0x2062S0x1781B0x701	0x2062
0x2066S0x1781B0x701	0x2066
0x2068S0x1781B0x701	0x2068
0x206bS0x1781B0x701	0x206b
0x206dS0x1781B0x701	0x206d
0x206eS0x1781B0x701	0x206e
0x2072S0x1781B0x701	0x2072
0x2050S0x1781B0x701	0x2050
0x2053S0x1781B0x701	0x2053
0x2055S0x1781B0x701	0x2055
0x2056S0x1781B0x701	0x2056
0x205bS0x1781B0x701	0x205b
0x99862S0x1781B0x701	0x905
0x99864S0x1781B0x701	0x907
0x99867S0x1781B0x701	0x90a
0x31fbS0x1781B0x701	0x31fb
0x3200S0x1781B0x701	0x3200
0x3204S0x1781B0x701	0x3204
0x3206S0x1781B0x701	0x3206
0x3227S0x1781B0x701	0x3227
0x322aS0x1781B0x701	0x322a
0x322cS0x1781B0x701	0x322c
0x322eS0x1781B0x701	0x322e
0x7b041S0x204fS0x1781B0x701	0x1717
0x174dS0x204fS0x1781B0x701	0x174d
0x1752S0x204fS0x1781B0x701	0x1752
0x1754S0x204fS0x1781B0x701	0x1754
0x1757S0x204fS0x1781B0x701	0x1757
0x175aS0x204fS0x1781B0x701	0x175a
0x175bS0x204fS0x1781B0x701	0x175b
0x1760S0x204fS0x1781B0x701	0x1760
0x1765S0x204fS0x1781B0x701	0x1765
0x1768S0x204fS0x1781B0x701	0x1768
0x217dS0x174cS0x204fS0x1781B0x701	0x217d
0x217fS0x174cS0x204fS0x1781B0x701	0x217f
0x2183S0x174cS0x204fS0x1781B0x701	0x2183
0x2185S0x174cS0x204fS0x1781B0x701	0x2185
0x2187S0x174cS0x204fS0x1781B0x701	0x2187
0x2189S0x174cS0x204fS0x1781B0x701	0x2189
0x218aS0x174cS0x204fS0x1781B0x701	0x218a
0x218cS0x174cS0x204fS0x1781B0x701	0x218c
0x218dS0x174cS0x204fS0x1781B0x701	0x218d
0xbc983S0x174cS0x204fS0x1781B0x701	0x1717
0x227aS0x217cS0x174cS0x204fS0x1781B0x701	0x227a
0x227fS0x217cS0x174cS0x204fS0x1781B0x701	0x227f
0x2284S0x217cS0x174cS0x204fS0x1781B0x701	0x2284
0x2285S0x217cS0x174cS0x204fS0x1781B0x701	0x2285
0x2288S0x217cS0x174cS0x204fS0x1781B0x701	0x2288
0x228bS0x217cS0x174cS0x204fS0x1781B0x701	0x228b
0x228cS0x217cS0x174cS0x204fS0x1781B0x701	0x228c
0x228dS0x217cS0x174cS0x204fS0x1781B0x701	0x228d
0x228eS0x217cS0x174cS0x204fS0x1781B0x701	0x228e
0x205fS0x19c2B0x804	0x205f
0x2061S0x19c2B0x804	0x2061
0x2062S0x19c2B0x804	0x2062
0x2066S0x19c2B0x804	0x2066
0x2068S0x19c2B0x804	0x2068
0x206bS0x19c2B0x804	0x206b
0x206dS0x19c2B0x804	0x206d
0x206eS0x19c2B0x804	0x206e
0x2072S0x19c2B0x804	0x2072
0x2050S0x19c2B0x804	0x2050
0x2053S0x19c2B0x804	0x2053
0x2055S0x19c2B0x804	0x2055
0x2056S0x19c2B0x804	0x2056
0x205bS0x19c2B0x804	0x205b
0x99862S0x19c2B0x804	0x905
0x99864S0x19c2B0x804	0x907
0x99867S0x19c2B0x804	0x90a
0x31fbS0x19c2B0x804	0x31fb
0x3200S0x19c2B0x804	0x3200
0x3204S0x19c2B0x804	0x3204
0x3206S0x19c2B0x804	0x3206
0x3227S0x19c2B0x804	0x3227
0x322aS0x19c2B0x804	0x322a
0x322cS0x19c2B0x804	0x322c
0x322eS0x19c2B0x804	0x322e
0x7b041S0x204fS0x19c2B0x804	0x1717
0x174dS0x204fS0x19c2B0x804	0x174d
0x1752S0x204fS0x19c2B0x804	0x1752
0x1754S0x204fS0x19c2B0x804	0x1754
0x1757S0x204fS0x19c2B0x804	0x1757
0x175aS0x204fS0x19c2B0x804	0x175a
0x175bS0x204fS0x19c2B0x804	0x175b
0x1760S0x204fS0x19c2B0x804	0x1760
0x1765S0x204fS0x19c2B0x804	0x1765
0x1768S0x204fS0x19c2B0x804	0x1768
0x217dS0x174cS0x204fS0x19c2B0x804	0x217d
0x217fS0x174cS0x204fS0x19c2B0x804	0x217f
0x2183S0x174cS0x204fS0x19c2B0x804	0x2183
0x2185S0x174cS0x204fS0x19c2B0x804	0x2185
0x2187S0x174cS0x204fS0x19c2B0x804	0x2187
0x2189S0x174cS0x204fS0x19c2B0x804	0x2189
0x218aS0x174cS0x204fS0x19c2B0x804	0x218a
0x218cS0x174cS0x204fS0x19c2B0x804	0x218c
0x218dS0x174cS0x204fS0x19c2B0x804	0x218d
0xbc983S0x174cS0x204fS0x19c2B0x804	0x1717
0x227aS0x217cS0x174cS0x204fS0x19c2B0x804	0x227a
0x227fS0x217cS0x174cS0x204fS0x19c2B0x804	0x227f
0x2284S0x217cS0x174cS0x204fS0x19c2B0x804	0x2284
0x2285S0x217cS0x174cS0x204fS0x19c2B0x804	0x2285
0x2288S0x217cS0x174cS0x204fS0x19c2B0x804	0x2288
0x228bS0x217cS0x174cS0x204fS0x19c2B0x804	0x228b
0x228cS0x217cS0x174cS0x204fS0x19c2B0x804	0x228c
0x228dS0x217cS0x174cS0x204fS0x19c2B0x804	0x228d
0x228eS0x217cS0x174cS0x204fS0x19c2B0x804	0x228e
0x524	0x524
0x5c6	0x5c6
0x302	0x302
0x418	0x418
0x1f2f	0x1f2f
0x20ef	0x20ef
0x31794	0x6d0
0x3e726	0x6d0
0x3e79e	0xff4
0x7b0b8	0xff4
0x87c36	0xff4
0x87caf	0x6d0
0x87dce	0xff4
0x87f02	0x1f52
0x997b4	0x1f52
0x998b9	0x1f52
0x998	0x998
0x1d7c	0x1d7c
0x690	0x690
0x7e8	0x7e8
0x2093	0x2093
0x3d3	0x3d3
0x51f	0x51f
0x581	0x581
0x5c1	0x5c1
0x735	0x735
0x823	0x823
0x8b5	0x8b5
0x1c28	0x1c28
0x66b	0x66b
0x700	0x700
0x803	0x803
0x54c	0x54c
0x460	0x460
0x3b3	0x3b3
0x3f3	0x3f3
0x6cb	0x6cb
0x843	0x843
0x413	0x413
0x601	0x601
0x2fd	0x2fd
0x353	0x353
0x480	0x480
0x2db	0x2db
0x86b	0x86b
0x333	0x333
0x76a	0x76a
0x12be	0x12be
0x9d1	0x9d1
0x1db8	0x1db8
0x566	0x566
0xfa5	0xfa5
0x1076	0x1076
0x1b01	0x1b01
0x20a0	0x20a0
0x2a16	0x2a16
0x29f0	0x29f0
0x2990	0x2990
0x29e1	0x29e1
0x1d24	0x1d24
0x393	0x393
0x4ad	0x4ad
0x64b	0x64b
0x6ab	0x6ab
0x7e3	0x7e3
0x5a1	0x5a1
0x337d	0x337d
0x339a	0x339a
0xfe6	0xfe6
0x101f	0x101f
0x1e3e	0x1e3e
0x1e5b	0x1e5b
0x1e87	0x1e87
0x2104	0x2104
0x1775	0x1775
0x17d3	0x17d3
0x17fe	0x17fe
0x1a69	0x1a69
0x1a95	0x1a95
0x1f44	0x1f44
0x1fbf	0x1fbf
0x314d9	0x504
0x316d6	0x504
0x31723	0x504
0x3152d	0x531
0x315a2	0x531
0x31610	0x531
0x3165d	0x531
0x31770	0x531
0x312ad	0x30f
0x31322	0x30f
0x3136f	0x30f
0x31689	0x30f
0x317c0	0x30f
0x3180d	0x30f
0x3185a	0x30f
0x318d6	0x30f
0x31902	0x30f
0x3192e	0x30f
0x319bd	0x30f
0x31a0a	0x30f
0x31a36	0x30f
0xb3f	0xb3f
0x1338	0x1338
0x425	0x425
0x2201	0x2201
0x941	0x941
0x1b8d	0x1b8d
0x378	0x378
0x3b8	0x3b8
0x3f8	0x3f8
0x465	0x465
0x551	0x551
0x586	0x586
0x5e6	0x5e6
0x630	0x630
0x670	0x670
0x705	0x705
0x808	0x808
0x848	0x848
0x8cf	0x8cf
0x8d7	0x8d7
0xa63	0xa63
0xfcb	0xfcb
0xfd7	0xfd7
0x115c	0x115c
0x1164	0x1164
0x13fd	0x13fd
0x1563	0x1563
0x1724	0x1724
0x17c4	0x17c4
0x1a5a	0x1a5a
0x1b2b	0x1b2b
0x1e4c	0x1e4c
0x2661	0x2661
0x2671	0x2671
0x2681	0x2681
0x28a0	0x28a0
0x2c14	0x2c14
0x33aa	0x33aa
0x3e7f3	0x102d
0x7b10d	0x102d
0x87c8b	0x1aa3
0x87e23	0x1aa3
0x24006a	0x2ce
0x240a6a	0x2e3
0x24146a	0x319
0x241e6a	0x339
0x24286a	0x359
0x24326a	0x379
0x243c6a	0x399
0x24466a	0x3b9
0x24506a	0x3d9
0x245a6a	0x3f9
0x24646a	0x426
0x246e6a	0x446
0x24786a	0x466
0x24826a	0x493
0x248c6a	0x4b3
0x24966a	0x4e3
0x24a06a	0x505
0x24aa6a	0x532
0x24b46a	0x552
0x24be6a	0x567
0x24c86a	0x587
0x24d26a	0x5a7
0x24dc6a	0x5c7
0x24e66a	0x5e7
0x24f06a	0x607
0x24fa6a	0x61c
0x25046a	0x631
0x250e6a	0x651
0x25186a	0x671
0x25226a	0x691
0x252c6a	0x6b1
0x25366a	0x6d1
0x25406a	0x6e6
0x254a6a	0x706
0x25546a	0x71b
0x255e6a	0x73b
0x25686a	0x750
0x25726a	0x77d
0x257c6a	0x79f
0x25866a	0x7b4
0x25906a	0x7c9
0x259a6a	0x7e9
0x25a46a	0x809
0x25ae6a	0x829
0x25b86a	0x849
0x25c26a	0x85e
0x25cc6a	0x871
0x25d66a	0x886
0x25e06a	0x89b
0x25ea6a	0x8bb
0x26446a	0x2c9
0x10b00x106f	0x10b0
0x10b00x1ae4	0x10b0
0x6e	0x6e
0x94	0x94
0xdb	0xdb
0x12d	0x12d
0x174	0x174
0x1c6	0x1c6
0x1ec	0x1ec
0x233	0x233
0x285	0x285
0x2e0	0x2e0
0x338	0x338
0x358	0x358
0x373	0x373
0x398	0x398
0x3d8	0x3d8
0x440	0x440
0x445	0x445
0x485	0x485
0x492	0x492
0x4b2	0x4b2
0x4cd	0x4cd
0x4d2	0x4d2
0x4e2	0x4e2
0x4f7	0x4f7
0x5a6	0x5a6
0x5e1	0x5e1
0x606	0x606
0x61b	0x61b
0x650	0x650
0x68b	0x68b
0x6b0	0x6b0
0x6e5	0x6e5
0x71a	0x71a
0x73a	0x73a
0x74f	0x74f
0x76f	0x76f
0x77c	0x77c
0x791	0x791
0x79e	0x79e
0x7b3	0x7b3
0x7c8	0x7c8
0x828	0x828
0x85d	0x85d
0x870	0x870
0x885	0x885
0x89a	0x89a
0x8ba	0x8ba
0x903	0x903
0xa48	0xa48
0xacd	0xacd
0xafb	0xafb
0xb4e	0xb4e
0xb60	0xb60
0xf87	0xf87
0xfc1	0xfc1
0x1010	0x1010
0x106e	0x106e
0x10a6	0x10a6
0x11ac	0x11ac
0x1218	0x1218
0x124a	0x124a
0x126d	0x126d
0x134c	0x134c
0x13f5	0x13f5
0x1430	0x1430
0x1468	0x1468
0x1477	0x1477
0x1596	0x1596
0x15ab	0x15ab
0x1655	0x1655
0x165b	0x165b
0x1688	0x1688
0x1746	0x1746
0x174b	0x174b
0x17bc	0x17bc
0x17ef	0x17ef
0x183f	0x183f
0x1844	0x1844
0x184c	0x184c
0x1995	0x1995
0x199e	0x199e
0x19a4	0x19a4
0x19aa	0x19aa
0x1a86	0x1a86
0x1ae3	0x1ae3
0x1b1d	0x1b1d
0x1b23	0x1b23
0x1b58	0x1b58
0x1bb3	0x1bb3
0x1c50	0x1c50
0x1cd2	0x1cd2
0x1e32	0x1e32
0x1e44	0x1e44
0x1e78	0x1e78
0x1ec7	0x1ec7
0x1f1a	0x1f1a
0x1f24	0x1f24
0x1f6e	0x1f6e
0x1fb0	0x1fb0
0x1fdb	0x1fdb
0x2120	0x2120
0x2209	0x2209
0x24dd	0x24dd
0x2691	0x2691
0x2826	0x2826
0x28ae	0x28ae
0x29c0	0x29c0
0x2a28	0x2a28
0x2b0c	0x2b0c
0x2b8e	0x2b8e
0x2c26	0x2c26
0x2ce2	0x2ce2
0x2d12	0x2d12
0x2d8b	0x2d8b
0x2dc2	0x2dc2
0x2e11	0x2e11
0x2ea5	0x2ea5
0x2ed5	0x2ed5
0x2f0c	0x2f0c
0x2f43	0x2f43
0x2f7a	0x2f7a
0x2fff	0x2fff
0x3034	0x3034
0x308c	0x308c
0x30c3	0x30c3
0x310c	0x310c
0x3143	0x3143
0x317a	0x317a
0x31f9	0x31f9
0x3267	0x3267
0x329c	0x329c
0x334d	0x334d
0x33c6	0x33c6
0x33da	0x33da
0x33e8	0x33e8
0x13930	0x18d2
0x14330	0x1934
0x7b08b	0x1780
0x87da1	0x1780
0x99787	0x1717
0x1d	0x1d
0x28	0x28
0x33	0x33
0x3e	0x3e
0xe7	0xe7
0x180	0x180
0x18b	0x18b
0x196	0x196
0x23f	0x23f
0x2ea	0x2ea
0x320	0x320
0x340	0x340
0x360	0x360
0x380	0x380
0x3a0	0x3a0
0x3c0	0x3c0
0x3e0	0x3e0
0x400	0x400
0x42d	0x42d
0x44d	0x44d
0x46d	0x46d
0x49a	0x49a
0x4ba	0x4ba
0x4ea	0x4ea
0x50c	0x50c
0x539	0x539
0x559	0x559
0x56e	0x56e
0x58e	0x58e
0x5ae	0x5ae
0x5ce	0x5ce
0x5ee	0x5ee
0x60e	0x60e
0x623	0x623
0x638	0x638
0x658	0x658
0x678	0x678
0x698	0x698
0x6b8	0x6b8
0x6d8	0x6d8
0x6ed	0x6ed
0x70d	0x70d
0x722	0x722
0x742	0x742
0x757	0x757
0x784	0x784
0x7a6	0x7a6
0x7bb	0x7bb
0x7d0	0x7d0
0x7f0	0x7f0
0x810	0x810
0x830	0x830
0x850	0x850
0x878	0x878
0x88d	0x88d
0x8a2	0x8a2
0x8c2	0x8c2
0x8ec	0x8ec
0x92a	0x92a
0x9e7	0x9e7
0x9f6	0x9f6
0xaae	0xaae
0xab6	0xab6
0xae4	0xae4
0xfaa	0xfaa
0xff9	0xff9
0x108f	0x108f
0x11f9	0x11f9
0x1201	0x1201
0x122c	0x122c
0x1233	0x1233
0x1256	0x1256
0x12d4	0x12d4
0x12e3	0x12e3
0x1302	0x1302
0x157f	0x157f
0x172f	0x172f
0x17d8	0x17d8
0x18c1	0x18c1
0x18ef	0x18ef
0x1923	0x1923
0x1951	0x1951
0x1971	0x1971
0x197c	0x197c
0x1a6f	0x1a6f
0x1b06	0x1b06
0x1b41	0x1b41
0x1b76	0x1b76
0x1b9c	0x1b9c
0x1bec	0x1bec
0x1bfb	0x1bfb
0x1c39	0x1c39
0x1c87	0x1c87
0x1c96	0x1c96
0x1ce8	0x1ce8
0x1cf7	0x1cf7
0x1dce	0x1dce
0x1ddd	0x1ddd
0x1e61	0x1e61
0x1f14	0x1f14
0x1f35	0x1f35
0x1f57	0x1f57
0x1fc4	0x1fc4
0x2099	0x2099
0x20f5	0x20f5
0x2109	0x2109
0x21e9	0x21e9
0x2653	0x2653
0x2814	0x2814
0x2892	0x2892
0x2983	0x2983
0x29a8	0x29a8
0x29d4	0x29d4
0x2a07	0x2a07
0x22024a	0x9
0x220c4a	0x46
0x22164a	0x51
0x22204a	0x5c
0x222a4a	0x67
0x22344a	0x77
0x223e4a	0x82
0x22484a	0x8d
0x22524a	0x9d
0x225c4a	0xa8
0x22664a	0xb3
0x22704a	0xbe
0x227a4a	0xc9
0x22844a	0xd4
0x228e4a	0xef
0x22984a	0xfa
0x22a24a	0x105
0x22ac4a	0x110
0x22b64a	0x11b
0x22c04a	0x126
0x22ca4a	0x136
0x22d44a	0x141
0x22de4a	0x14c
0x22e84a	0x157
0x22f24a	0x162
0x22fc4a	0x16d
0x23064a	0x19e
0x23104a	0x1a9
0x231a4a	0x1b4
0x23244a	0x1bf
0x232e4a	0x1cf
0x23384a	0x1da
0x23424a	0x1e5
0x234c4a	0x1f5
0x23564a	0x200
0x23604a	0x20b
0x236a4a	0x216
0x23744a	0x221
0x237e4a	0x22c
0x23884a	0x247
0x23924a	0x252
0x239c4a	0x25d
0x23a64a	0x268
0x23b04a	0x273
0x23ba4a	0x27e
0x23c44a	0x28e
0x23ce4a	0x299
0x23d84a	0x2a4
0x23e24a	0x2af
0x23ec4a	0x2ba
0x23f64a	0x2c5
0x20e4	0x20e4
0x3e771	0xfcf
0x87eb1	0xa5b
0x87ed5	0xa5b
0x87f23	0x166d
0x997d5	0x166d
0x9988c	0xfcf
0x998da	0x166d
0x10ffaf	0x171c
0x3e83e0x106f	0xfcf
0x3e83e0x1ae4	0xfcf
0x1062	0x1062
0x142e	0x142e
0x1833	0x1833
0x1ad8	0x1ad8
0x1ebc	0x1ebc
0xa3f	0xa3f
0xb48	0xb48
0x1341	0x1341
0x1e26	0x1e26
0x20e1	0x20e1
0x31281	0x2e2
0x312f6	0x2e2
0x31343	0x2e2
0x31390	0x2e2
0x313b1	0x2e2
0x313d2	0x2e2
0x3141b	0x2e2
0x3143c	0x2e2
0x31485	0x2e2
0x31576	0x2e2
0x315c3	0x2e2
0x315e4	0x2e2
0x31631	0x2e2
0x316aa	0x2e2
0x316f7	0x2e2
0x31744	0x2e2
0x317e1	0x2e2
0x3182e	0x2e2
0x3194f	0x2e2
0x31970	0x2e2
0x31991	0x2e2
0x319de	0x2e2
0x31a57	0x2e2
0x31a78	0x2e2
0x313fa	0x318
0x31464	0x318
0x314ad	0x318
0x31882	0x318
0x318aa	0x318
0x10fb90	0x318
0x10fbb8	0x318
0x10fbe0	0x318
0x10fc08	0x318
0x10fc30	0x318
0x10fc58	0x318
0x10fc80	0x318
0x10fca8	0x318
0x10fcd0	0x318
0x10fcf8	0x318
0x10fd20	0x318
0x10fd48	0x318
0x10fd70	0x318
0x10fd98	0x318
0x10fdc0	0x318
0x10fde8	0x318
0x10fe10	0x318
0x10fe38	0x318
0x10fe60	0x318
0x10fe88	0x318
0x10feb0	0x318
0x2cd	0x2cd
0x2ee	0x2ee
0x324	0x324
0x344	0x344
0x364	0x364
0x384	0x384
0x3a4	0x3a4
0x3c4	0x3c4
0x3e4	0x3e4
0x404	0x404
0x431	0x431
0x451	0x451
0x471	0x471
0x49e	0x49e
0x4be	0x4be
0x4ee	0x4ee
0x510	0x510
0x53d	0x53d
0x55d	0x55d
0x572	0x572
0x592	0x592
0x5b2	0x5b2
0x5d2	0x5d2
0x5f2	0x5f2
0x612	0x612
0x627	0x627
0x63c	0x63c
0x65c	0x65c
0x67c	0x67c
0x69c	0x69c
0x6bc	0x6bc
0x6dc	0x6dc
0x6f1	0x6f1
0x711	0x711
0x726	0x726
0x746	0x746
0x75b	0x75b
0x788	0x788
0x7aa	0x7aa
0x7bf	0x7bf
0x7d4	0x7d4
0x7f4	0x7f4
0x814	0x814
0x834	0x834
0x854	0x854
0x87c	0x87c
0x891	0x891
0x8a6	0x8a6
0x8c6	0x8c6
0x9eb	0x9eb
0x9ff	0x9ff
0x12d8	0x12d8
0x12ec	0x12ec
0x1bf0	0x1bf0
0x1c04	0x1c04
0x1c8b	0x1c8b
0x1c9f	0x1c9f
0x1cec	0x1cec
0x1d00	0x1d00
0x1dd2	0x1dd2
0x1de6	0x1de6
0x2656	0x2656
0x2817	0x2817
0x2895	0x2895
0x2986	0x2986
0x29ab	0x29ab
0x29d7	0x29d7
0x2a0a	0x2a0a
0x6934	0x2cd
0x6958	0x2cd
0x697c	0x2cd
0x69a0	0x2cd
0x69c4	0x2cd
0x69e8	0x2cd
0x6a0c	0x2cd
0x6a30	0x2cd
0x6a54	0x2cd
0x6a78	0x2cd
0x31aa0	0x90c
0x31ac8	0x90c
0x3e5ec	0x90c
0x3e614	0x90c
0x3e74e	0x90c
0x3e7c6	0x90c
0x3e81b	0x90c
0x3e8b4	0x90c
0x3e8dc	0x90c
0x3e904	0x90c
0x4b477	0x90c
0x69825	0x90c
0x7b0e0	0x90c
0x87c5e	0x90c
0x87cd7	0x90c
0x87cff	0x90c
0x87d27	0x90c
0x87d4f	0x90c
0x87d77	0x90c
0x87df6	0x90c
0x87f4b	0x90c
0x997fd	0x90c
0x99902	0x90c
0xc94f0	0x90c
0x2aff	0x2aff
0x8f8	0x8f8
0x912	0x912
0x917	0x917
0x936	0x936
0x94b	0x94b
0x952	0x952
0x97e	0x97e
0x982	0x982
0x988	0x988
0x98c	0x98c
0x9a7	0x9a7
0xa88	0xa88
0xa8f	0xa8f
0xa97	0xa97
0xa9a	0xa9a
0xac2	0xac2
0xaf0	0xaf0
0xb34	0xb34
0xb54	0xb54
0xb59	0xb59
0xf78	0xf78
0xf7d	0xf7d
0xf8d	0xf8d
0xf92	0xf92
0xfb6	0xfb6
0x1005	0x1005
0x109b	0x109b
0x116a	0x116a
0x1171	0x1171
0x11ba	0x11ba
0x11bd	0x11bd
0x11d4	0x11d4
0x11d8	0x11d8
0x11de	0x11de
0x11e1	0x11e1
0x120d	0x120d
0x123f	0x123f
0x1262	0x1262
0x1285	0x1285
0x128a	0x128a
0x129d	0x129d
0x1321	0x1321
0x13e0	0x13e0
0x13e5	0x13e5
0x1438	0x1438
0x143d	0x143d
0x1445	0x1445
0x1448	0x1448
0x156d	0x156d
0x1572	0x1572
0x158b	0x158b
0x15a0	0x15a0
0x15a5	0x15a5
0x1637	0x1637
0x163c	0x163c
0x1643	0x1643
0x1646	0x1646
0x164b	0x164b
0x164d	0x164d
0x1673	0x1673
0x1678	0x1678
0x173b	0x173b
0x17e4	0x17e4
0x1871	0x1871
0x1878	0x1878
0x1880	0x1880
0x1882	0x1882
0x188e	0x188e
0x1892	0x1892
0x189b	0x189b
0x18ac	0x18ac
0x18af	0x18af
0x18cb	0x18cb
0x18df	0x18df
0x18f7	0x18f7
0x1910	0x1910
0x1917	0x1917
0x192d	0x192d
0x1941	0x1941
0x1958	0x1958
0x1980	0x1980
0x198a	0x198a
0x1a7b	0x1a7b
0x1ae9	0x1ae9
0x1aee	0x1aee
0x1b12	0x1b12
0x1b4d	0x1b4d
0x1b5e	0x1b5e
0x1b63	0x1b63
0x1b82	0x1b82
0x1ba8	0x1ba8
0x1bd4	0x1bd4
0x1c1b	0x1c1b
0x1c45	0x1c45
0x1c70	0x1c70
0x1caf	0x1caf
0x1d17	0x1d17
0x1d2f	0x1d2f
0x1d36	0x1d36
0x1d62	0x1d62
0x1d66	0x1d66
0x1d6c	0x1d6c
0x1d70	0x1d70
0x1da7	0x1da7
0x1e6d	0x1e6d
0x1f04	0x1f04
0x1f09	0x1f09
0x1f63	0x1f63
0x1f80	0x1f80
0x1f85	0x1f85
0x1fab	0x1fab
0x1fd0	0x1fd0
0x207b	0x207b
0x2080	0x2080
0x2115	0x2115
0x21f5	0x21f5
0x24b0	0x24b0
0x24b5	0x24b5
0x24bc	0x24bc
0x24c4	0x24c4
0x24cb	0x24cb
0x24d3	0x24d3
0x24da	0x24da
0x2af8	0x2af8
0x2b07	0x2b07
0x2b84	0x2b84
0x2b89	0x2b89
0x2c01	0x2c01
0x2c08	0x2c08
0x2c1d	0x2c1d
0x2c21	0x2c21
0x2cb1	0x2cb1
0x2cb7	0x2cb7
0x2cdd	0x2cdd
0x2ce8	0x2ce8
0x2cee	0x2cee
0x2d0d	0x2d0d
0x2d5a	0x2d5a
0x2d60	0x2d60
0x2d86	0x2d86
0x2d91	0x2d91
0x2d97	0x2d97
0x2dbd	0x2dbd
0x2dc8	0x2dc8
0x2dce	0x2dce
0x2df4	0x2df4
0x2e0c	0x2e0c
0x2e74	0x2e74
0x2e7a	0x2e7a
0x2ea0	0x2ea0
0x2eab	0x2eab
0x2eb1	0x2eb1
0x2ed0	0x2ed0
0x2edb	0x2edb
0x2ee1	0x2ee1
0x2f07	0x2f07
0x2f12	0x2f12
0x2f18	0x2f18
0x2f3e	0x2f3e
0x2f49	0x2f49
0x2f4f	0x2f4f
0x2f75	0x2f75
0x2fb5	0x2fb5
0x2fbb	0x2fbb
0x2fe1	0x2fe1
0x2ffa	0x2ffa
0x3005	0x3005
0x3009	0x3009
0x302f	0x302f
0x3064	0x3064
0x306a	0x306a
0x3087	0x3087
0x3092	0x3092
0x3098	0x3098
0x30be	0x30be
0x30c9	0x30c9
0x30cf	0x30cf
0x30f5	0x30f5
0x3107	0x3107
0x3112	0x3112
0x3118	0x3118
0x313e	0x313e
0x3149	0x3149
0x314f	0x314f
0x3175	0x3175
0x31ca	0x31ca
0x31ce	0x31ce
0x31f4	0x31f4
0x3236	0x3236
0x323c	0x323c
0x3262	0x3262
0x326d	0x326d
0x3271	0x3271
0x3297	0x3297
0x3304	0x3304
0x330a	0x330a
0x3330	0x3330
0x3348	0x3348
0x3354	0x3354
0x335b	0x335b
0x3365	0x3365
0x3371	0x3371
0x338f	0x338f
0x33b1	0x33b1
0x33bb	0x33bb
0x33d5	0x33d5
0x33e3	0x33e3
0x97c	0x97c
0xb0b	0xb0b
0x106d	0x106d
0x127e	0x127e
0x1403	0x1403
0x15aa	0x15aa
0x174a	0x174a
0x183e	0x183e
0x1ae2	0x1ae2
0x1d60	0x1d60
0x1ec6	0x1ec6
0x9fb	0x9fb
0x12e8	0x12e8
0x1c00	0x1c00
0x1c9b	0x1c9b
0x1cfc	0x1cfc
0x1de2	0x1de2
0xaaf	0xaaf
0x11fa	0x11fa
0x122d	0x122d
0x1303	0x1303
0x1972	0x1972
0x197d	0x197d
0x2fafS0x92b	0x2faf
0x2f80S0x92b	0x2f80
0x2f84S0x92b	0x2f84
0x2faaS0x92b	0x2faa
0x2fafS0x1b77	0x2faf
0x2f80S0x1b77	0x2f80
0x2f84S0x1b77	0x2f84
0x2faaS0x1b77	0x2faa
0x1fdfS0x209a	0x1fdf
0x2abaS0x21ea	0x2aba
0x2ab5S0x21ea	0x2ab5
0x2cabS0x21ea	0x2cab
0x2c9fS0x21ea	0x2c9f
0x2ac3S0x21ea	0x2ac3
0x2aa7S0x21ea	0x2aa7
0x2ae0S0x21ea	0x2ae0
0x10fa27S0x21ea	0x1717
0x17f30S0x21ea	0x2a9f
0x2a9dS0x21ea	0x2a9d
0x110105S0x21ea	0x171c
0x18930S0x21ea	0x2acc
0x2acbS0x21ea	0x2acb
0x1efaS0x8d0	0x1efa
0x1eefS0x8d0	0x1eef
0x1ee3S0x8d0	0x1ee3
0x87e65S0x8d0	0x166d
0x87e8dS0x8d0	0x90c
0x305eS0x8d0	0x305e
0x303aS0x8d0	0x303a
0x3040S0x8d0	0x3040
0x3059S0x8d0	0x3059
0x2ba2S0x312a1	0x2ba2
0x2b9dS0x312a1	0x2b9d
0x2ba2S0x31316	0x2ba2
0x2b9dS0x31316	0x2b9d
0x27d7S0x385	0x27d7
0x27e1S0x385	0x27e1
0x27daS0x385	0x27da
0x2ba2S0x31363	0x2ba2
0x2b9dS0x31363	0x2b9d
0x1fdfS0xf88	0x1fdf
0x1fdfS0x106f	0x1fdf
0x2abaS0x419	0x2aba
0x2ab5S0x419	0x2ab5
0x2cabS0x419	0x2cab
0x2c9fS0x419	0x2c9f
0x2ac3S0x419	0x2ac3
0x2aa7S0x419	0x2aa7
0x2ae0S0x419	0x2ae0
0x10fa27S0x419	0x1717
0x17f30S0x419	0x2a9f
0x2a9dS0x419	0x2a9d
0x110105S0x419	0x171c
0x18930S0x419	0x2acc
0x2acbS0x419	0x2acb
0x27d7S0x49f	0x27d7
0x27e1S0x49f	0x27e1
0x27daS0x49f	0x27da
0x33f2S0x2bfe	0x33f2
0x33f1S0x2bfe	0x33f1
0x10fa49S0x2bfe	0x155b
0x2b51S0x314cd	0x2b51
0x2b4cS0x314cd	0x2b4c
0x2b99S0x31521	0x2b99
0x2b94S0x31521	0x2b94
0x12530S0x55e	0x1538
0x10fb43S0x55e	0x153a
0x2b99S0x31596	0x2b99
0x2b94S0x31596	0x2b94
0x2835S0x593	0x2835
0x284cS0x593	0x284c
0xec94eS0x593	0x2641
0x2838S0x593	0x2838
0x284fS0x593	0x284f
0x2b99S0x31604	0x2b99
0x2b94S0x31604	0x2b94
0x2b99S0x31651	0x2b99
0x2b94S0x31651	0x2b94
0x2ba2S0x3167d	0x2ba2
0x2b9dS0x3167d	0x2b9d
0x27d7S0x63d	0x27d7
0x27e1S0x63d	0x27e1
0x27daS0x63d	0x27da
0x2b51S0x316ca	0x2b51
0x2b4cS0x316ca	0x2b4c
0x2b51S0x31717	0x2b51
0x2b4cS0x31717	0x2b4c
0x27d7S0x69d	0x27d7
0x27e1S0x69d	0x27e1
0x27daS0x69d	0x27da
0x2b99S0x31764	0x2b99
0x2b94S0x31764	0x2b94
0x2ba2S0x317b4	0x2ba2
0x2b9dS0x317b4	0x2b9d
0x2b3dS0x176a	0x2b3d
0x2b38S0x176a	0x2b38
0x2ba2S0x31801	0x2ba2
0x2b9dS0x31801	0x2b9d
0x2ba2S0x3184e	0x2ba2
0x2b9dS0x3184e	0x2b9d
0x2a6bS0x334e	0x2a6b
0x2a44S0x334e	0x2a44
0x17530S0x334e	0x2a3c
0x2a30S0x334e	0x2a30
0x2a60S0x334e	0x2a60
0x2a51S0x334e	0x2a51
0x2ba2S0x318ca	0x2ba2
0x2b9dS0x318ca	0x2b9d
0x2ba2S0x318f6	0x2ba2
0x2b9dS0x318f6	0x2b9d
0x27d7S0x7d5	0x27d7
0x27e1S0x7d5	0x27e1
0x27daS0x7d5	0x27da
0x2ba2S0x31922	0x2ba2
0x2b9dS0x31922	0x2b9d
0x1fdfS0x1ae4	0x1fdf
0x2ba2S0x319b1	0x2ba2
0x2b9dS0x319b1	0x2b9d
0x1efaS0x1b24	0x1efa
0x1eefS0x1b24	0x1eef
0x1ee3S0x1b24	0x1ee3
0x87e65S0x1b24	0x166d
0x87e8dS0x1b24	0x90c
0x305eS0x1b24	0x305e
0x303aS0x1b24	0x303a
0x3040S0x1b24	0x3040
0x3059S0x1b24	0x3059
0x2ba2S0x319fe	0x2ba2
0x2b9dS0x319fe	0x2b9d
0x2b25S0x1e33	0x2b25
0x2b20S0x1e33	0x2b20
0x2ba2S0x31a2a	0x2ba2
0x2b9dS0x31a2a	0x2b9d
0x2bfdS0xafc	0x2bfd
0x2bf3S0xafc	0x2bf3
0x2bf8S0xafc	0x2bf8
0x2b3dS0x1fb1	0x2b3d
0x2b38S0x1fb1	0x2b38
0x2b25S0xfd8	0x2b25
0x2b20S0xfd8	0x2b20
0x2b25S0x1011	0x2b25
0x2b20S0x1011	0x2b20
0x1efaS0x115d	0x1efa
0x1eefS0x115d	0x1eef
0x1ee3S0x115d	0x1ee3
0x87e65S0x115d	0x166d
0x87e8dS0x115d	0x90c
0x305eS0x115d	0x305e
0x303aS0x115d	0x303a
0x3040S0x115d	0x3040
0x3059S0x115d	0x3059
0x2bfdS0x1304	0x2bfd
0x2bf3S0x1304	0x2bf3
0x2bf8S0x1304	0x2bf8
0x2b3dS0x17c5	0x2b3d
0x2b38S0x17c5	0x2b38
0x2b3dS0x17f0	0x2b3d
0x2b38S0x17f0	0x2b38
0x2b3dS0x1a5b	0x2b3d
0x2b38S0x1a5b	0x2b38
0x2b3dS0x1a87	0x2b3d
0x2b38S0x1a87	0x2b38
0x27b7S0x1d01	0x27b7
0x27c6S0x1d01	0x27c6
0xec8faS0x1d01	0x25ed
0x27baS0x1d01	0x27ba
0x27c9S0x1d01	0x27c9
0x2b25S0x1e4d	0x2b25
0x2b20S0x1e4d	0x2b20
0x2b25S0x1e79	0x2b25
0x2b20S0x1e79	0x2b20
0x3407S0x2657	0x3407
0x3403S0x2657	0x3403
0x10fa6bS0x2657	0x155b
0x3407S0x2662	0x3407
0x3403S0x2662	0x3403
0x10fa6bS0x2662	0x155b
0x3407S0x2672	0x3407
0x3403S0x2672	0x3403
0x10fa6bS0x2672	0x155b
0x3432S0x2896	0x3432
0x342eS0x2896	0x342e
0x10faafS0x2896	0x155b
0x25caS0x2987	0x25ca
0xec7d3S0x2987	0x171c
0x25c6S0x2987	0x25c6
0x25caS0x29d8	0x25ca
0xec7d3S0x29d8	0x171c
0x25c6S0x29d8	0x25c6
0x25b9S0x29e2	0x25b9
0xec7aeS0x29e2	0x171c
0x25b5S0x29e2	0x25b5
0x25a2S0x2a0b	0x25a2
0x2587S0x2a0b	0x2587
0x259eS0x2a0b	0x259e
0xec789S0x2a0b	0x2563
0x2571S0x2a0b	0x2571
0x2574S0x2a0b	0x2574
0x258aS0x2a0b	0x258a
0x2a6bS0x337e	0x2a6b
0x2a44S0x337e	0x2a44
0x17530S0x337e	0x2a3c
0x2a30S0x337e	0x2a30
0x2a60S0x337e	0x2a60
0x2a51S0x337e	0x2a51
0x33f2S0x339b	0x33f2
0x33f1S0x339b	0x33f1
0x10fa49S0x339b	0x155b
0x2b3dS0x1f36	0x2b3d
0x2b38S0x1f36	0x2b38
0x2b25S0x20f6	0x2b25
0x2b20S0x20f6	0x2b20
0x28dbS0x2ef	0x28db
0x28e8S0x2ef	0x28e8
0xfe1c0S0x2ef	0x1717
0x1100e0S0x2ef	0x171c
0x28deS0x2ef	0x28de
0x25caS0x28dfS0x2ef	0x25ca
0xec7d3S0x28dfS0x2ef	0x171c
0x25c6S0x28dfS0x2ef	0x25c6
0x2945S0x325	0x2945
0x2952S0x325	0x2952
0x2961S0x325	0x2961
0x2971S0x325	0x2971
0x2948S0x325	0x2948
0x25caS0x2949S0x325	0x25ca
0xec7d3S0x2949S0x325	0x171c
0x25c6S0x2949S0x325	0x25c6
0x25b9S0x2953S0x325	0x25b9
0xec7aeS0x2953S0x325	0x171c
0x25b5S0x2953S0x325	0x25b5
0x28dbS0x345	0x28db
0x28e8S0x345	0x28e8
0xfe1c0S0x345	0x1717
0x1100e0S0x345	0x171c
0x28deS0x345	0x28de
0x25caS0x28dfS0x345	0x25ca
0xec7d3S0x28dfS0x345	0x171c
0x25c6S0x28dfS0x345	0x25c6
0x27f0S0x3a5	0x27f0
0x2805S0x3a5	0x2805
0xec924S0x3a5	0x2641
0x27f3S0x3a5	0x27f3
0x3407S0x27f4S0x3a5	0x3407
0x3403S0x27f4S0x3a5	0x3403
0x10fa6bS0x27f4S0x3a5	0x155b
0x25d8S0x3c5	0x25d8
0x25e6S0x3c5	0x25e6
0xec7f9S0x3c5	0x25ed
0x25dbS0x3c5	0x25db
0x3407S0x25dcS0x3c5	0x3407
0x3403S0x25dcS0x3c5	0x3403
0x10fa6bS0x25dcS0x3c5	0x155b
0x27f0S0x3e5	0x27f0
0x2805S0x3e5	0x2805
0xec924S0x3e5	0x2641
0x27f3S0x3e5	0x27f3
0x3407S0x27f4S0x3e5	0x3407
0x3403S0x27f4S0x3e5	0x3403
0x10fa6bS0x27f4S0x3e5	0x155b
0x285eS0x405	0x285e
0x286bS0x405	0x286b
0x287aS0x405	0x287a
0x2883S0x405	0x2883
0x2861S0x405	0x2861
0x25b9S0x2862S0x405	0x25b9
0xec7aeS0x2862S0x405	0x171c
0x25b5S0x2862S0x405	0x25b5
0x25caS0x286cS0x405	0x25ca
0xec7d3S0x286cS0x405	0x171c
0x25c6S0x286cS0x405	0x25c6
0x2753S0x452	0x2753
0x2769S0x452	0x2769
0x2778S0x452	0x2778
0x278dS0x452	0x278d
0x279dS0x452	0x279d
0xec8d4S0x452	0x27a9
0x2756S0x452	0x2756
0x276cS0x452	0x276c
0x2790S0x452	0x2790
0x255cS0x276dS0x452	0x255c
0x253fS0x276dS0x452	0x253f
0x2558S0x276dS0x452	0x2558
0xec763S0x276dS0x452	0x2563
0x2529S0x276dS0x452	0x2529
0x252cS0x276dS0x452	0x252c
0x2542S0x276dS0x452	0x2542
0x255cS0x2791S0x452	0x255c
0x253fS0x2791S0x452	0x253f
0x2558S0x2791S0x452	0x2558
0xec763S0x2791S0x452	0x2563
0x2529S0x2791S0x452	0x2529
0x252cS0x2791S0x452	0x252c
0x2542S0x2791S0x452	0x2542
0x28dbS0x472	0x28db
0x28e8S0x472	0x28e8
0xfe1c0S0x472	0x1717
0x1100e0S0x472	0x171c
0x28deS0x472	0x28de
0x25caS0x28dfS0x472	0x25ca
0xec7d3S0x28dfS0x472	0x171c
0x25c6S0x28dfS0x472	0x25c6
0x25d8S0x511	0x25d8
0x25e6S0x511	0x25e6
0xec7f9S0x511	0x25ed
0x25dbS0x511	0x25db
0x3407S0x25dcS0x511	0x3407
0x3403S0x25dcS0x511	0x3403
0x10fa6bS0x25dcS0x511	0x155b
0x26e7S0x53e	0x26e7
0x26f5S0x53e	0x26f5
0x270cS0x53e	0x270c
0x271cS0x53e	0x271c
0x2733S0x53e	0x2733
0x2741S0x53e	0x2741
0x26eaS0x53e	0x26ea
0x3407S0x26ebS0x53e	0x3407
0x3403S0x26ebS0x53e	0x3403
0x10fa6bS0x26ebS0x53e	0x155b
0x3407S0x26f6S0x53e	0x3407
0x3403S0x26f6S0x53e	0x3403
0x10fa6bS0x26f6S0x53e	0x155b
0x341dS0x270dS0x53e	0x341d
0x3419S0x270dS0x53e	0x3419
0x10fa8dS0x270dS0x53e	0x155b
0x341dS0x271dS0x53e	0x341d
0x3419S0x271dS0x53e	0x3419
0x10fa8dS0x271dS0x53e	0x155b
0x25d8S0x573	0x25d8
0x25e6S0x573	0x25e6
0xec7f9S0x573	0x25ed
0x25dbS0x573	0x25db
0x3407S0x25dcS0x573	0x3407
0x3403S0x25dcS0x573	0x3403
0x10fa6bS0x25dcS0x573	0x155b
0x25d8S0x5b3	0x25d8
0x25e6S0x5b3	0x25e6
0xec7f9S0x5b3	0x25ed
0x25dbS0x5b3	0x25db
0x3407S0x25dcS0x5b3	0x3407
0x3403S0x25dcS0x5b3	0x3403
0x10fa6bS0x25dcS0x5b3	0x155b
0x1610S0x5e2	0x1610
0x1624S0x5e2	0x1624
0x1620S0x5e2	0x1620
0x15c4S0x5e2	0x15c4
0x15f6S0x5e2	0x15f6
0x15d2S0x5e2	0x15d2
0x160cS0x5e2	0x160c
0x2b75S0x5e2	0x2b75
0x2b5fS0x5e2	0x2b5f
0x2b68S0x5e2	0x2b68
0x2b70S0x5e2	0x2b70
0x161bS0x5e2	0x161b
0x162fS0x5e2	0x162f
0x28bfS0x5f3	0x28bf
0x28cdS0x5f3	0x28cd
0xec984S0x5f3	0x26c7
0x1100bbS0x5f3	0x26d2
0x28c2S0x5f3	0x28c2
0x3432S0x28c3S0x5f3	0x3432
0x342eS0x28c3S0x5f3	0x342e
0x10faafS0x28c3S0x5f3	0x155b
0x3407S0xec96eS0x5f3	0x3407
0x3403S0xec96eS0x5f3	0x3403
0x10fa6bS0xec96eS0x5f3	0x155b
0x1663S0x628	0x1663
0x166bS0x628	0x166b
0x57fc1S0x628	0x166d
0x2128S0x628	0x2128
0x2165S0x628	0x2165
0x2136S0x628	0x2136
0x9992bS0x628	0x216f
0x9992aS0x628	0x216e
0x1efaS0x2121S0x628	0x1efa
0x1eefS0x2121S0x628	0x1eef
0x1ee3S0x2121S0x628	0x1ee3
0x87e65S0x2121S0x628	0x166d
0x87e8dS0x2121S0x628	0x90c
0x305eS0x2121S0x628	0x305e
0x303aS0x2121S0x628	0x303a
0x3040S0x2121S0x628	0x3040
0x3059S0x2121S0x628	0x3059
0x2b51S0x2129S0x628	0x2b51
0x2b4cS0x2129S0x628	0x2b4c
0x2618S0x65d	0x2618
0x2626S0x65d	0x2626
0x2636S0x65d	0x2636
0xec849S0x65d	0x2641
0x261bS0x65d	0x261b
0x3407S0x261cS0x65d	0x3407
0x3403S0x261cS0x65d	0x3403
0x10fa6bS0x261cS0x65d	0x155b
0x3407S0x2627S0x65d	0x3407
0x3403S0x2627S0x65d	0x3403
0x10fa6bS0x2627S0x65d	0x155b
0x1713S0x68c	0x1713
0x16fbS0x68c	0x16fb
0x1700S0x68c	0x1700
0x697fdS0x68c	0x1717
0x10ff41S0x68c	0x171c
0x2256S0x16f6S0x68c	0x2256
0x224bS0x16f6S0x68c	0x224b
0x2265S0x16f6S0x68c	0x2265
0x217bS0x16f6S0x68c	0x217b
0xab167S0x16f6S0x68c	0x1717
0x223fS0x16f6S0x68c	0x223f
0x2264S0x16f6S0x68c	0x2264
0xec590S0x16f6S0x68c	0x90c
0x2d54S0x16f6S0x68c	0x2d54
0x2d18S0x16f6S0x68c	0x2d18
0x2d1eS0x16f6S0x68c	0x2d1e
0x2d44S0x16f6S0x68c	0x2d44
0x2d4fS0x16f6S0x68c	0x2d4f
0x2278S0x16f6S0x68c	0x2278
0x226aS0x16f6S0x68c	0x226a
0x10ffd4S0x16f6S0x68c	0x171c
0x27f0S0x6bd	0x27f0
0x2805S0x6bd	0x2805
0xec924S0x6bd	0x2641
0x27f3S0x6bd	0x27f3
0x3407S0x27f4S0x6bd	0x3407
0x3403S0x27f4S0x6bd	0x3403
0x10fa6bS0x27f4S0x6bd	0x155b
0x2618S0x6f2	0x2618
0x2626S0x6f2	0x2626
0x2636S0x6f2	0x2636
0xec849S0x6f2	0x2641
0x261bS0x6f2	0x261b
0x3407S0x261cS0x6f2	0x3407
0x3403S0x261cS0x6f2	0x3403
0x10fa6bS0x261cS0x6f2	0x155b
0x3407S0x2627S0x6f2	0x3407
0x3403S0x2627S0x6f2	0x3403
0x10fa6bS0x2627S0x6f2	0x155b
0x25d8S0x727	0x25d8
0x25e6S0x727	0x25e6
0xec7f9S0x727	0x25ed
0x25dbS0x727	0x25db
0x3407S0x25dcS0x727	0x3407
0x3403S0x25dcS0x727	0x3403
0x10fa6bS0x25dcS0x727	0x155b
0x2945S0x75c	0x2945
0x2952S0x75c	0x2952
0x2961S0x75c	0x2961
0x2971S0x75c	0x2971
0x2948S0x75c	0x2948
0x25caS0x2949S0x75c	0x25ca
0xec7d3S0x2949S0x75c	0x171c
0x25c6S0x2949S0x75c	0x25c6
0x25b9S0x2953S0x75c	0x25b9
0xec7aeS0x2953S0x75c	0x171c
0x25b5S0x2953S0x75c	0x25b5
0x19c1S0x7e4	0x19c1
0x19b0S0x7e4	0x19b0
0x19b5S0x7e4	0x19b5
0x87c09S0x7e4	0xa57
0x10ff8aS0x7e4	0xa5b
0x219bS0x19abS0x7e4	0x219b
0xc949fS0x19abS0x7e4	0xa57
0x2294S0x19abS0x7e4	0x2294
0x11001dS0x19abS0x7e4	0xa5b
0x26a2S0x7f5	0x26a2
0x26b0S0x7f5	0x26b0
0xec87fS0x7f5	0x26c7
0x110091S0x7f5	0x26d2
0x26a5S0x7f5	0x26a5
0x3407S0x26a6S0x7f5	0x3407
0x3403S0x26a6S0x7f5	0x3403
0x10fa6bS0x26a6S0x7f5	0x155b
0x3407S0xec869S0x7f5	0x3407
0x3403S0xec869S0x7f5	0x3403
0x10fa6bS0xec869S0x7f5	0x155b
0x25d8S0x815	0x25d8
0x25e6S0x815	0x25e6
0xec7f9S0x815	0x25ed
0x25dbS0x815	0x25db
0x3407S0x25dcS0x815	0x3407
0x3403S0x25dcS0x815	0x3403
0x10fa6bS0x25dcS0x815	0x155b
0x27f0S0x835	0x27f0
0x2805S0x835	0x2805
0xec924S0x835	0x2641
0x27f3S0x835	0x27f3
0x3407S0x27f4S0x835	0x3407
0x3403S0x27f4S0x835	0x3403
0x10fa6bS0x27f4S0x835	0x155b
0x25d8S0x8a7	0x25d8
0x25e6S0x8a7	0x25e6
0xec7f9S0x8a7	0x25ed
0x25dbS0x8a7	0x25db
0x3407S0x25dcS0x8a7	0x3407
0x3403S0x25dcS0x8a7	0x3403
0x10fa6bS0x25dcS0x8a7	0x155b
0x1ecfS0x8c7	0x1ecf
0x1ed7S0x8c7	0x1ed7
0x87e44S0x8c7	0x166d
0x21a3S0x8c7	0x21a3
0x21ddS0x8c7	0x21dd
0x21aeS0x8c7	0x21ae
0xc94c8S0x8c7	0x216f
0xc94c7S0x8c7	0x216e
0x22b6S0x219cS0x8c7	0x22b6
0x22abS0x219cS0x8c7	0x22ab
0x229fS0x219cS0x8c7	0x229f
0xec5b1S0x219cS0x8c7	0x166d
0xec5d9S0x219cS0x8c7	0x90c
0x2e6eS0x219cS0x8c7	0x2e6e
0x2e46S0x219cS0x8c7	0x2e46
0x2e4cS0x219cS0x8c7	0x2e4c
0x2e69S0x219cS0x8c7	0x2e69
0x2b51S0x21a4S0x8c7	0x2b51
0x2b4cS0x21a4S0x8c7	0x2b4c
0x2c8cS0x999	0x2c8c
0x2c4dS0x999	0x2c4d
0x2c56S0x999	0x2c56
0x2c65S0x999	0x2c65
0x2c74S0x999	0x2c74
0x2c7dS0x999	0x2c7d
0x2c98S0x999	0x2c98
0x2a95S0x2c4aS0x999	0x2a95
0x2a78S0x2c4aS0x999	0x2a78
0x2a71S0x2c4aS0x999	0x2a71
0x2a80S0x2c4aS0x999	0x2a80
0x2c40S0x126e	0x2c40
0x2c2cS0x126e	0x2c2c
0x2c33S0x126e	0x2c33
0x2c49S0x126e	0x2c49
0x2a95S0x2c27S0x126e	0x2a95
0x2a78S0x2c27S0x126e	0x2a78
0x2a71S0x2c27S0x126e	0x2a71
0x2a80S0x2c27S0x126e	0x2a80
0x25fbS0x1c05	0x25fb
0x2609S0x1c05	0x2609
0xec81fS0x1c05	0x25ed
0x25feS0x1c05	0x25fe
0x3407S0x25ffS0x1c05	0x3407
0x3403S0x25ffS0x1c05	0x3403
0x10fa6bS0x25ffS0x1c05	0x155b
0x2c8cS0x1d7d	0x2c8c
0x2c4dS0x1d7d	0x2c4d
0x2c56S0x1d7d	0x2c56
0x2c65S0x1d7d	0x2c65
0x2c74S0x1d7d	0x2c74
0x2c7dS0x1d7d	0x2c7d
0x2c98S0x1d7d	0x2c98
0x2a95S0x2c4aS0x1d7d	0x2a95
0x2a78S0x2c4aS0x1d7d	0x2a78
0x2a71S0x2c4aS0x1d7d	0x2a71
0x2a80S0x2c4aS0x1d7d	0x2a80
0x28faS0x2ce	0x28fa
0x2907S0x2ce	0x2907
0x2925S0x2ce	0x2925
0x2934S0x2ce	0x2934
0xfe1ebS0x2ce	0x27a9
0x28fdS0x2ce	0x28fd
0x2928S0x2ce	0x2928
0x25caS0x28feS0x2ce	0x25ca
0xec7d3S0x28feS0x2ce	0x171c
0x25c6S0x28feS0x2ce	0x25c6
0x25a2S0x2929S0x2ce	0x25a2
0x2587S0x2929S0x2ce	0x2587
0x259eS0x2929S0x2ce	0x259e
0xec789S0x2929S0x2ce	0x2563
0x2571S0x2929S0x2ce	0x2571
0x2574S0x2929S0x2ce	0x2574
0x258aS0x2929S0x2ce	0x258a
0x28faS0x85e	0x28fa
0x2907S0x85e	0x2907
0x2925S0x85e	0x2925
0x2934S0x85e	0x2934
0xfe1ebS0x85e	0x27a9
0x28fdS0x85e	0x28fd
0x2928S0x85e	0x2928
0x25caS0x28feS0x85e	0x25ca
0xec7d3S0x28feS0x85e	0x171c
0x25c6S0x28feS0x85e	0x25c6
0x25a2S0x2929S0x85e	0x25a2
0x2587S0x2929S0x85e	0x2587
0x259eS0x2929S0x85e	0x259e
0xec789S0x2929S0x85e	0x2563
0x2571S0x2929S0x85e	0x2571
0x2574S0x2929S0x85e	0x2574
0x258aS0x2929S0x85e	0x258a
0x2233S0x2076	0x2233
0xec568S0x2076	0x1717
0x110067S0x2076	0x171c
0x2333S0x221fS0x2076	0x2333
0x2350S0x221fS0x2076	0x2350
0x2380S0x221fS0x2076	0x2380
0x2318S0x221fS0x2076	0x2318
0x2306S0x221fS0x2076	0x2306
0x230dS0x221fS0x2076	0x230d
0x23c6S0x221fS0x2076	0x23c6
0x234fS0x221fS0x2076	0x234f
0x2338S0x221fS0x2076	0x2338
0x237fS0x221fS0x2076	0x237f
0x2356S0x221fS0x2076	0x2356
0x2365S0x221fS0x2076	0x2365
0x236dS0x221fS0x2076	0x236d
0x2362S0x221fS0x2076	0x2362
0x2376S0x221fS0x2076	0x2376
0x23bcS0x221fS0x2076	0x23bc
0x238bS0x221fS0x2076	0x238b
0x23a0S0x221fS0x2076	0x23a0
0x23a6S0x221fS0x2076	0x23a6
0x2395S0x221fS0x2076	0x2395
0x2397S0x221fS0x2076	0x2397
0x23b0S0x221fS0x2076	0x23b0
0xec648S0x221fS0x2076	0x171c
0xec66dS0x221fS0x2076	0x171c
0x2332S0x221fS0x2076	0x2332
0x3e5c4S0x2fe	0xa57
0x10fed4S0x2fe	0xa5b
0x1121S0x414	0x1121
0x1118S0x414	0x1118
0x1106S0x414	0x1106
0x10b8S0x414	0x10b8
0x10bdS0x414	0x10bd
0x10c4S0x414	0x10c4
0x10c7S0x414	0x10c7
0x10f5S0x414	0x10f5
0x10f8S0x414	0x10f8
0x3e865S0x414	0x1154
0x10730S0x414	0x1130
0x1129S0x414	0x1129
0x3e88cS0x414	0x1154
0x1143S0x414	0x1143
0x1134S0x414	0x1134
0x10fb21S0x414	0x1154
0x110eS0x414	0x110e
0x11130S0x414	0x114d
0x13caS0x461	0x13ca
0x13c6S0x461	0x13c6
0x136bS0x461	0x136b
0x1398S0x461	0x1398
0x1354S0x461	0x1354
0x11b30S0x461	0x1358
0x13daS0x461	0x13da
0x1380S0x461	0x1380
0x1397S0x461	0x1397
0x13c1S0x461	0x13c1
0x13d3S0x461	0x13d3
0x1360S0x461	0x1360
0x136aS0x461	0x136a
0x25d8S0x136cS0x461	0x25d8
0x25e6S0x136cS0x461	0x25e6
0xec7f9S0x136cS0x461	0x25ed
0x25dbS0x136cS0x461	0x25db
0x3407S0x25dcS0x136cS0x461	0x3407
0x3403S0x25dcS0x136cS0x461	0x3403
0x10fa6bS0x25dcS0x136cS0x461	0x155b
0x150fS0x54d	0x150f
0x1523S0x54d	0x1523
0x151fS0x54d	0x151f
0x149eS0x54d	0x149e
0x14f5S0x54d	0x14f5
0x14a4S0x54d	0x14a4
0x14a9S0x54d	0x14a9
0x14d7S0x54d	0x14d7
0x14cbS0x54d	0x14cb
0x150bS0x54d	0x150b
0x2befS0x54d	0x2bef
0x2bbdS0x54d	0x2bbd
0x2bceS0x54d	0x2bce
0x2bdfS0x54d	0x2bdf
0x2be4S0x54d	0x2be4
0x2beaS0x54d	0x2bea
0x151aS0x54d	0x151a
0x1530S0x54d	0x1530
0x1542S0x582	0x1542
0x154dS0x582	0x154d
0x1558S0x582	0x1558
0x4b44fS0x582	0x155b
0x16ec0x1689S0x66c	0x16ec
0x16e80x1689S0x66c	0x16e8
0x16d80x1689S0x66c	0x16d8
0x1690S0x66c	0x1690
0x16beS0x66c	0x16be
0x169eS0x66c	0x169e
0x16e30x1689S0x66c	0x16e3
0x16d40x1689S0x66c	0x16d4
0x2b51S0x1691S0x66c	0x2b51
0x2b4cS0x1691S0x66c	0x2b4c
0x16f50x1689S0x66c	0x16f5
0x7b061S0x31790	0x1717
0x1769S0x31790	0x1769
0x1751S0x31790	0x1751
0x1756S0x31790	0x1756
0x10ff66S0x31790	0x171c
0x2190S0x174cS0x31790	0x2190
0xbc9a3S0x174cS0x31790	0x1717
0x10fff9S0x174cS0x31790	0x171c
0x2290S0x217cS0x174cS0x31790	0x2290
0x227eS0x217cS0x174cS0x31790	0x227e
0x2287S0x217cS0x174cS0x31790	0x2287
0x16ec0x1781S0x701	0x16ec
0x16e80x1781S0x701	0x16e8
0x16d80x1781S0x701	0x16d8
0x1788S0x701	0x1788
0x17b6S0x701	0x17b6
0x1796S0x701	0x1796
0x16e30x1781S0x701	0x16e3
0x16d40x1781S0x701	0x16d4
0x2b51S0x1789S0x701	0x2b51
0x2b4cS0x1789S0x701	0x2b4c
0x16f50x1781S0x701	0x16f5
0x1a34S0x804	0x1a34
0x1a48S0x804	0x1a48
0x1a44S0x804	0x1a44
0x19c9S0x804	0x19c9
0x1a1aS0x804	0x1a1a
0x19cfS0x804	0x19cf
0x19d4S0x804	0x19d4
0x1a02S0x804	0x1a02
0x19f6S0x804	0x19f6
0x1a30S0x804	0x1a30
0x2bb9S0x804	0x2bb9
0x2ba6S0x804	0x2ba6
0x2bb4S0x804	0x2bb4
0x1a3fS0x804	0x1a3f
0x1a52S0x804	0x1a52
0x23f7S0x942	0x23f7
0x23dfS0x942	0x23df
0x2416S0x942	0x2416
0x2410S0x942	0x2410
0x2440S0x942	0x2440
0x2422S0x942	0x2422
0xec690S0x942	0x2444
0x2407S0x942	0x2407
0x2403S0x942	0x2403
0x14d30S0x942	0x241a
0x2434S0x942	0x2434
0x2426S0x942	0x2426
0x16130S0x2435S0x942	0x24e4
0xec6d5S0x2435S0x942	0x153a
0x24f7S0x24deS0x2435S0x942	0x24f7
0x24f0S0x24deS0x2435S0x942	0x24f0
0xec6f8S0x24deS0x2435S0x942	0x2444
0x24ecS0x24deS0x2435S0x942	0x24ec
0x7b061S0x1f25	0x1717
0x1769S0x1f25	0x1769
0x1751S0x1f25	0x1751
0x1756S0x1f25	0x1756
0x10ff66S0x1f25	0x171c
0x2190S0x174cS0x1f25	0x2190
0xbc9a3S0x174cS0x1f25	0x1717
0x10fff9S0x174cS0x1f25	0x171c
0x2290S0x217cS0x174cS0x1f25	0x2290
0x227eS0x217cS0x174cS0x1f25	0x227e
0x2287S0x217cS0x174cS0x1f25	0x2287
0x7b061S0x3e722	0x1717
0x1769S0x3e722	0x1769
0x1751S0x3e722	0x1751
0x1756S0x3e722	0x1756
0x10ff66S0x3e722	0x171c
0x2190S0x174cS0x3e722	0x2190
0xbc9a3S0x174cS0x3e722	0x1717
0x10fff9S0x174cS0x3e722	0x171c
0x2290S0x217cS0x174cS0x3e722	0x2290
0x227eS0x217cS0x174cS0x3e722	0x227e
0x2287S0x217cS0x174cS0x3e722	0x2287
0x7b061S0x3e791	0x1717
0x1769S0x3e791	0x1769
0x1751S0x3e791	0x1751
0x1756S0x3e791	0x1756
0x10ff66S0x3e791	0x171c
0x2190S0x174cS0x3e791	0x2190
0xbc9a3S0x174cS0x3e791	0x1717
0x10fff9S0x174cS0x3e791	0x171c
0x2290S0x217cS0x174cS0x3e791	0x2290
0x227eS0x217cS0x174cS0x3e791	0x227e
0x2287S0x217cS0x174cS0x3e791	0x2287
0x7b061S0x20e5	0x1717
0x1769S0x20e5	0x1769
0x1751S0x20e5	0x1751
0x1756S0x20e5	0x1756
0x10ff66S0x20e5	0x171c
0x2190S0x174cS0x20e5	0x2190
0xbc9a3S0x174cS0x20e5	0x1717
0x10fff9S0x174cS0x20e5	0x171c
0x2290S0x217cS0x174cS0x20e5	0x2290
0x227eS0x217cS0x174cS0x20e5	0x227e
0x2287S0x217cS0x174cS0x20e5	0x2287
0x7b061S0x7b0ab	0x1717
0x1769S0x7b0ab	0x1769
0x1751S0x7b0ab	0x1751
0x1756S0x7b0ab	0x1756
0x10ff66S0x7b0ab	0x171c
0x2190S0x174cS0x7b0ab	0x2190
0xbc9a3S0x174cS0x7b0ab	0x1717
0x10fff9S0x174cS0x7b0ab	0x171c
0x2290S0x217cS0x174cS0x7b0ab	0x2290
0x227eS0x217cS0x174cS0x7b0ab	0x227e
0x2287S0x217cS0x174cS0x7b0ab	0x2287
0x7b061S0x87c29	0x1717
0x1769S0x87c29	0x1769
0x1751S0x87c29	0x1751
0x1756S0x87c29	0x1756
0x10ff66S0x87c29	0x171c
0x2190S0x174cS0x87c29	0x2190
0xbc9a3S0x174cS0x87c29	0x1717
0x10fff9S0x174cS0x87c29	0x171c
0x2290S0x217cS0x174cS0x87c29	0x2290
0x227eS0x217cS0x174cS0x87c29	0x227e
0x2287S0x217cS0x174cS0x87c29	0x2287
0x7b061S0x87cab	0x1717
0x1769S0x87cab	0x1769
0x1751S0x87cab	0x1751
0x1756S0x87cab	0x1756
0x10ff66S0x87cab	0x171c
0x2190S0x174cS0x87cab	0x2190
0xbc9a3S0x174cS0x87cab	0x1717
0x10fff9S0x174cS0x87cab	0x171c
0x2290S0x217cS0x174cS0x87cab	0x2290
0x227eS0x217cS0x174cS0x87cab	0x227e
0x2287S0x217cS0x174cS0x87cab	0x2287
0x23f7S0x1d25	0x23f7
0x23dfS0x1d25	0x23df
0x2416S0x1d25	0x2416
0x2410S0x1d25	0x2410
0x2440S0x1d25	0x2440
0x2422S0x1d25	0x2422
0xec690S0x1d25	0x2444
0x2407S0x1d25	0x2407
0x2403S0x1d25	0x2403
0x14d30S0x1d25	0x241a
0x2434S0x1d25	0x2434
0x2426S0x1d25	0x2426
0x16130S0x2435S0x1d25	0x24e4
0xec6d5S0x2435S0x1d25	0x153a
0x24f7S0x24deS0x2435S0x1d25	0x24f7
0x24f0S0x24deS0x2435S0x1d25	0x24f0
0xec6f8S0x24deS0x2435S0x1d25	0x2444
0x24ecS0x24deS0x2435S0x1d25	0x24ec
0x7b061S0x87dc1	0x1717
0x1769S0x87dc1	0x1769
0x1751S0x87dc1	0x1751
0x1756S0x87dc1	0x1756
0x10ff66S0x87dc1	0x171c
0x2190S0x174cS0x87dc1	0x2190
0xbc9a3S0x174cS0x87dc1	0x1717
0x10fff9S0x174cS0x87dc1	0x171c
0x2290S0x217cS0x174cS0x87dc1	0x2290
0x227eS0x217cS0x174cS0x87dc1	0x227e
0x2287S0x217cS0x174cS0x87dc1	0x2287
0x7b061S0x87ef5	0x1717
0x1769S0x87ef5	0x1769
0x1751S0x87ef5	0x1751
0x1756S0x87ef5	0x1756
0x10ff66S0x87ef5	0x171c
0x2190S0x174cS0x87ef5	0x2190
0xbc9a3S0x174cS0x87ef5	0x1717
0x10fff9S0x174cS0x87ef5	0x171c
0x2290S0x217cS0x174cS0x87ef5	0x2290
0x227eS0x217cS0x174cS0x87ef5	0x227e
0x2287S0x217cS0x174cS0x87ef5	0x2287
0x7b061S0x997a7	0x1717
0x1769S0x997a7	0x1769
0x1751S0x997a7	0x1751
0x1756S0x997a7	0x1756
0x10ff66S0x997a7	0x171c
0x2190S0x174cS0x997a7	0x2190
0xbc9a3S0x174cS0x997a7	0x1717
0x10fff9S0x174cS0x997a7	0x171c
0x2290S0x217cS0x174cS0x997a7	0x2290
0x227eS0x217cS0x174cS0x997a7	0x227e
0x2287S0x217cS0x174cS0x997a7	0x2287
0x7b061S0x998ac	0x1717
0x1769S0x998ac	0x1769
0x1751S0x998ac	0x1751
0x1756S0x998ac	0x1756
0x10ff66S0x998ac	0x171c
0x2190S0x174cS0x998ac	0x2190
0xbc9a3S0x174cS0x998ac	0x1717
0x10fff9S0x174cS0x998ac	0x171c
0x2290S0x217cS0x174cS0x998ac	0x2290
0x227eS0x217cS0x174cS0x998ac	0x227e
0x2287S0x217cS0x174cS0x998ac	0x2287
0xbd9S0x374	0xbd9
0xbceS0x374	0xbce
0xc0fS0x374	0xc0f
0xc04S0x374	0xc04
0xc5bS0x374	0xc5b
0xc50S0x374	0xc50
0xd1cS0x374	0xd1c
0xcafS0x374	0xcaf
0xc89S0x374	0xc89
0xc8cS0x374	0xc8c
0xc93S0x374	0xc93
0xc98S0x374	0xc98
0xc9dS0x374	0xc9d
0xcb4S0x374	0xcb4
0xcbdS0x374	0xcbd
0xcc4S0x374	0xcc4
0xccbS0x374	0xccb
0xcd3S0x374	0xcd3
0xcddS0x374	0xcdd
0xce9S0x374	0xce9
0xcedS0x374	0xced
0xcf3S0x374	0xcf3
0xcf5S0x374	0xcf5
0xc7fS0x374	0xc7f
0xcfcS0x374	0xcfc
0xd07S0x374	0xd07
0xe11S0x374	0xe11
0xe0dS0x374	0xe0d
0xe34S0x374	0xe34
0xe29S0x374	0xe29
0xebcS0x374	0xebc
0xe84S0x374	0xe84
0xe8bS0x374	0xe8b
0xe93S0x374	0xe93
0xe95S0x374	0xe95
0xe9bS0x374	0xe9b
0xe9eS0x374	0xe9e
0xeabS0x374	0xeab
0xf61S0x374	0xf61
0xf54S0x374	0xf54
0xf32S0x374	0xf32
0xbf1S0x374	0xbf1
0xc6eS0x374	0xc6e
0xd5dS0x374	0xd5d
0xd80S0x374	0xd80
0xe6fS0x374	0xe6f
0xebdS0x374	0xebd
0xb68S0x374	0xb68
0xb70S0x374	0xb70
0xbc2S0x374	0xbc2
0xb95S0x374	0xb95
0xb9cS0x374	0xb9c
0xba4S0x374	0xba4
0xba6S0x374	0xba6
0xbacS0x374	0xbac
0xbb1S0x374	0xbb1
0xbf0S0x374	0xbf0
0x3e63cS0x374	0x90c
0x32feS0x374	0x32fe
0x32cdS0x374	0x32cd
0x32d3S0x374	0x32d3
0x32f9S0x374	0x32f9
0xbf8S0x374	0xbf8
0xc44S0x374	0xc44
0xc1fS0x374	0xc1f
0xc26S0x374	0xc26
0xc2eS0x374	0xc2e
0xc30S0x374	0xc30
0xc36S0x374	0xc36
0xc39S0x374	0xc39
0x3e664S0x374	0x90c
0x31c4S0x374	0x31c4
0x3180S0x374	0x3180
0x3186S0x374	0x3186
0x31acS0x374	0x31ac
0x31bfS0x374	0x31bf
0xc6dS0x374	0xc6d
0x3e68cS0x374	0x90c
0x2e40S0x374	0x2e40
0x2e17S0x374	0x2e17
0x2e1dS0x374	0x2e1d
0x2e3bS0x374	0x2e3b
0xc73S0x374	0xc73
0xd38S0x374	0xd38
0xd5cS0x374	0xd5c
0xd7fS0x374	0xd7f
0xd62S0x374	0xd62
0xd6dS0x374	0xd6d
0xdf30S0x374	0xdad
0xd86S0x374	0xd86
0xdaaS0x374	0xdaa
0xde6S0x374	0xde6
0xde2S0x374	0xde2
0xe6eS0x374	0xe6e
0xdfeS0x374	0xdfe
0xe1dS0x374	0xe1d
0xdd9S0x374	0xdd9
0xdcaS0x374	0xdca
0xe930S0x374	0xe5d
0xe46S0x374	0xe46
0xe41S0x374	0xe41
0xe5cS0x374	0xe5c
0x3e6b4S0x374	0x90c
0x32c7S0x374	0x32c7
0x32a2S0x374	0x32a2
0x32a8S0x374	0x32a8
0x32c2S0x374	0x32c2
0xe75S0x374	0xe75
0x3e6dbS0x374	0xf72
0xefaS0x374	0xefa
0xf0fS0x374	0xf0f
0xf03S0x374	0xf03
0xf20S0x374	0xf20
0x3e702S0x374	0xf72
0xfd30S0x374	0xf6b
0xf6aS0x374	0xf6a
0x10fafaS0x374	0xf72
0xf330S0x374	0xf1b
0x2bfdS0xf21S0x374	0x2bfd
0x2bf3S0xf21S0x374	0x2bf3
0x2bf8S0xf21S0x374	0x2bf8
0x1efaS0xb69S0x374	0x1efa
0x1eefS0xb69S0x374	0x1eef
0x1ee3S0xb69S0x374	0x1ee3
0x87e8dS0xb69S0x374	0x90c
0x305eS0xb69S0x374	0x305e
0x303aS0xb69S0x374	0x303a
0x3040S0xb69S0x374	0x3040
0x3059S0xb69S0x374	0x3059
0x2bfdS0xdadS0x374	0x2bfd
0x2bf3S0xdadS0x374	0x2bf3
0x2bf8S0xdadS0x374	0x2bf8
0x2ba2S0xebeS0x374	0x2ba2
0x2b9dS0xebeS0x374	0x2b9d
0x87e65S0xb69S0x374	0x166d
0x245eS0xc74S0x374	0x245e
0x244fS0xc74S0x374	0x244f
0x244bS0xc74S0x374	0x244b
0x24a5S0xc74S0x374	0x24a5
0x246dS0xc74S0x374	0x246d
0xec6b3S0xc74S0x374	0x2444
0x15730S0xc74S0x374	0x2465
0x2499S0xc74S0x374	0x2499
0x2489S0xc74S0x374	0x2489
0x16b30S0x249aS0xc74S0x374	0x24fe
0xec71aS0x249aS0xc74S0x374	0x153a
0xec73dS0x24f8S0x249aS0xc74S0x374	0x2444
0x2506S0x24f8S0x249aS0xc74S0x374	0x2506
0x251bS0x24f8S0x249aS0xc74S0x374	0x251b
0x2514S0x24f8S0x249aS0xc74S0x374	0x2514
0x245eS0xd1dS0x374	0x245e
0x244fS0xd1dS0x374	0x244f
0x244bS0xd1dS0x374	0x244b
0x24a5S0xd1dS0x374	0x24a5
0x246dS0xd1dS0x374	0x246d
0xec6b3S0xd1dS0x374	0x2444
0x15730S0xd1dS0x374	0x2465
0x2499S0xd1dS0x374	0x2499
0x2489S0xd1dS0x374	0x2489
0x16b30S0x249aS0xd1dS0x374	0x24fe
0xec71aS0x249aS0xd1dS0x374	0x153a
0xec73dS0x24f8S0x249aS0xd1dS0x374	0x2444
0x2506S0x24f8S0x249aS0xd1dS0x374	0x2506
0x251bS0x24f8S0x249aS0xd1dS0x374	0x251b
0x2514S0x24f8S0x249aS0xd1dS0x374	0x2514
0x2075S0xfd0	0x2075
0x206aS0xfd0	0x206a
0x2059S0xfd0	0x2059
0x205eS0xfd0	0x205e
0x99841S0xfd0	0x166d
0x99869S0xfd0	0x90c
0x3230S0xfd0	0x3230
0x31ffS0xfd0	0x31ff
0x3205S0xfd0	0x3205
0x322bS0xfd0	0x322b
0x7b061S0x204fS0xfd0	0x1717
0x1769S0x204fS0xfd0	0x1769
0x1751S0x204fS0xfd0	0x1751
0x1756S0x204fS0xfd0	0x1756
0x10ff66S0x204fS0xfd0	0x171c
0x2190S0x174cS0x204fS0xfd0	0x2190
0xbc9a3S0x174cS0x204fS0xfd0	0x1717
0x10fff9S0x174cS0x204fS0xfd0	0x171c
0x2290S0x217cS0x174cS0x204fS0xfd0	0x2290
0x227eS0x217cS0x174cS0x204fS0xfd0	0x227e
0x2287S0x217cS0x174cS0x204fS0xfd0	0x2287
0x2075S0x13f6	0x2075
0x206aS0x13f6	0x206a
0x2059S0x13f6	0x2059
0x205eS0x13f6	0x205e
0x99841S0x13f6	0x166d
0x99869S0x13f6	0x90c
0x3230S0x13f6	0x3230
0x31ffS0x13f6	0x31ff
0x3205S0x13f6	0x3205
0x322bS0x13f6	0x322b
0x7b061S0x204fS0x13f6	0x1717
0x1769S0x204fS0x13f6	0x1769
0x1751S0x204fS0x13f6	0x1751
0x1756S0x204fS0x13f6	0x1756
0x10ff66S0x204fS0x13f6	0x171c
0x2190S0x174cS0x204fS0x13f6	0x2190
0xbc9a3S0x174cS0x204fS0x13f6	0x1717
0x10fff9S0x174cS0x204fS0x13f6	0x171c
0x2290S0x217cS0x174cS0x204fS0x13f6	0x2290
0x227eS0x217cS0x174cS0x204fS0x13f6	0x227e
0x2287S0x217cS0x174cS0x204fS0x13f6	0x2287
0x1488S0x520	0x1488
0x4b400S0x520	0xa57
0x4b42dS0x520	0x1496
0x10fef8S0x520	0xa5b
0x2b3dS0x1478S0x520	0x2b3d
0x2b38S0x1478S0x520	0x2b38
0x7b061S0x4b420S0x520	0x1717
0x1769S0x4b420S0x520	0x1769
0x1751S0x4b420S0x520	0x1751
0x1756S0x4b420S0x520	0x1756
0x10ff66S0x4b420S0x520	0x171c
0x2190S0x174cS0x4b420S0x520	0x2190
0xbc9a3S0x174cS0x4b420S0x520	0x1717
0x10fff9S0x174cS0x4b420S0x520	0x171c
0x2290S0x217cS0x174cS0x4b420S0x520	0x2290
0x227eS0x217cS0x174cS0x4b420S0x520	0x227e
0x2287S0x217cS0x174cS0x4b420S0x520	0x2287
0x15bcS0x5c2	0x15bc
0x57f73S0x5c2	0xa57
0x57fa0S0x5c2	0x1496
0x10ff1cS0x5c2	0xa5b
0x2b25S0x15acS0x5c2	0x2b25
0x2b20S0x15acS0x5c2	0x2b20
0x7b061S0x57f93S0x5c2	0x1717
0x1769S0x57f93S0x5c2	0x1769
0x1751S0x57f93S0x5c2	0x1751
0x1756S0x57f93S0x5c2	0x1756
0x10ff66S0x57f93S0x5c2	0x171c
0x2190S0x174cS0x57f93S0x5c2	0x2190
0xbc9a3S0x174cS0x57f93S0x5c2	0x1717
0x10fff9S0x174cS0x57f93S0x5c2	0x171c
0x2290S0x217cS0x174cS0x57f93S0x5c2	0x2290
0x227eS0x217cS0x174cS0x57f93S0x5c2	0x227e
0x2287S0x217cS0x174cS0x57f93S0x5c2	0x2287
0x2075S0x171d	0x2075
0x206aS0x171d	0x206a
0x2059S0x171d	0x2059
0x205eS0x171d	0x205e
0x99841S0x171d	0x166d
0x99869S0x171d	0x90c
0x3230S0x171d	0x3230
0x31ffS0x171d	0x31ff
0x3205S0x171d	0x3205
0x322bS0x171d	0x322b
0x7b061S0x204fS0x171d	0x1717
0x1769S0x204fS0x171d	0x1769
0x1751S0x204fS0x171d	0x1751
0x1756S0x204fS0x171d	0x1756
0x10ff66S0x204fS0x171d	0x171c
0x2190S0x174cS0x204fS0x171d	0x2190
0xbc9a3S0x174cS0x204fS0x171d	0x1717
0x10fff9S0x174cS0x204fS0x171d	0x171c
0x2290S0x217cS0x174cS0x204fS0x171d	0x2290
0x227eS0x217cS0x174cS0x204fS0x171d	0x227e
0x2287S0x217cS0x174cS0x204fS0x171d	0x2287
0x2075S0x17bd	0x2075
0x206aS0x17bd	0x206a
0x2059S0x17bd	0x2059
0x205eS0x17bd	0x205e
0x99841S0x17bd	0x166d
0x99869S0x17bd	0x90c
0x3230S0x17bd	0x3230
0x31ffS0x17bd	0x31ff
0x3205S0x17bd	0x3205
0x322bS0x17bd	0x322b
0x7b061S0x204fS0x17bd	0x1717
0x1769S0x204fS0x17bd	0x1769
0x1751S0x204fS0x17bd	0x1751
0x1756S0x204fS0x17bd	0x1756
0x10ff66S0x204fS0x17bd	0x171c
0x2190S0x174cS0x204fS0x17bd	0x2190
0xbc9a3S0x174cS0x204fS0x17bd	0x1717
0x10fff9S0x174cS0x204fS0x17bd	0x171c
0x2290S0x217cS0x174cS0x204fS0x17bd	0x2290
0x227eS0x217cS0x174cS0x204fS0x17bd	0x227e
0x2287S0x217cS0x174cS0x204fS0x17bd	0x2287
0x2075S0x1a53	0x2075
0x206aS0x1a53	0x206a
0x2059S0x1a53	0x2059
0x205eS0x1a53	0x205e
0x99841S0x1a53	0x166d
0x99869S0x1a53	0x90c
0x3230S0x1a53	0x3230
0x31ffS0x1a53	0x31ff
0x3205S0x1a53	0x3205
0x322bS0x1a53	0x322b
0x7b061S0x204fS0x1a53	0x1717
0x1769S0x204fS0x1a53	0x1769
0x1751S0x204fS0x1a53	0x1751
0x1756S0x204fS0x1a53	0x1756
0x10ff66S0x204fS0x1a53	0x171c
0x2190S0x174cS0x204fS0x1a53	0x2190
0xbc9a3S0x174cS0x204fS0x1a53	0x1717
0x10fff9S0x174cS0x204fS0x1a53	0x171c
0x2290S0x217cS0x174cS0x204fS0x1a53	0x2290
0x227eS0x217cS0x174cS0x204fS0x1a53	0x227e
0x2287S0x217cS0x174cS0x204fS0x1a53	0x2287
0x2075S0x1e45	0x2075
0x206aS0x1e45	0x206a
0x2059S0x1e45	0x2059
0x205eS0x1e45	0x205e
0x99841S0x1e45	0x166d
0x99869S0x1e45	0x90c
0x3230S0x1e45	0x3230
0x31ffS0x1e45	0x31ff
0x3205S0x1e45	0x3205
0x322bS0x1e45	0x322b
0x7b061S0x204fS0x1e45	0x1717
0x1769S0x204fS0x1e45	0x1769
0x1751S0x204fS0x1e45	0x1751
0x1756S0x204fS0x1e45	0x1756
0x10ff66S0x204fS0x1e45	0x171c
0x2190S0x174cS0x204fS0x1e45	0x2190
0xbc9a3S0x174cS0x204fS0x1e45	0x1717
0x10fff9S0x174cS0x204fS0x1e45	0x171c
0x2290S0x217cS0x174cS0x204fS0x1e45	0x2290
0x227eS0x217cS0x174cS0x204fS0x1e45	0x227e
0x2287S0x217cS0x174cS0x204fS0x1e45	0x2287
0x200aS0xfc2	0x200a
0x1ffdS0xfc2	0x1ffd
0x1fe5S0xfc2	0x1fe5
0x1feaS0xfc2	0x1fea
0x2003S0xfc2	0x2003
0x99820S0xfc2	0xfcf
0x204eS0xfc2	0x204e
0x204bS0xfc2	0x204b
0x1fdfS0x2004S0xfc2	0x1fdf
0x221eS0x1fe0S0xfc2	0x221e
0xdad2cS0x1fe0S0xfc2	0x1717
0x110042S0x1fe0S0xfc2	0x171c
0x22c2S0x220aS0x1fe0S0xfc2	0x22c2
0x22c7S0x220aS0x1fe0S0xfc2	0x22c7
0x2300S0x220aS0x1fe0S0xfc2	0x2300
0xec5feS0x220aS0x1fe0S0xfc2	0x171c
0xec623S0x220aS0x1fe0S0xfc2	0x171c
0x22f8S0x220aS0x1fe0S0xfc2	0x22f8
0x22d6S0x220aS0x1fe0S0xfc2	0x22d6
0x22e6S0x220aS0x1fe0S0xfc2	0x22e6
0x22ecS0x220aS0x1fe0S0xfc2	0x22ec
0x22d1S0x220aS0x1fe0S0xfc2	0x22d1
0x22e1S0x220aS0x1fe0S0xfc2	0x22e1
0x22f4S0x220aS0x1fe0S0xfc2	0x22f4
0x2290S0x22b7S0x220aS0x1fe0S0xfc2	0x2290
0x227eS0x22b7S0x220aS0x1fe0S0xfc2	0x227e
0x2287S0x22b7S0x220aS0x1fe0S0xfc2	0x2287
0x2075S0x15bdB0x5e2	0x2075
0x206aS0x15bdB0x5e2	0x206a
0x2059S0x15bdB0x5e2	0x2059
0x205eS0x15bdB0x5e2	0x205e
0x99841S0x15bdB0x5e2	0x166d
0x99869S0x15bdB0x5e2	0x90c
0x3230S0x15bdB0x5e2	0x3230
0x31ffS0x15bdB0x5e2	0x31ff
0x3205S0x15bdB0x5e2	0x3205
0x322bS0x15bdB0x5e2	0x322b
0x7b061S0x204fS0x15bdB0x5e2	0x1717
0x1769S0x204fS0x15bdB0x5e2	0x1769
0x1751S0x204fS0x15bdB0x5e2	0x1751
0x1756S0x204fS0x15bdB0x5e2	0x1756
0x10ff66S0x204fS0x15bdB0x5e2	0x171c
0x2190S0x174cS0x204fS0x15bdB0x5e2	0x2190
0xbc9a3S0x174cS0x204fS0x15bdB0x5e2	0x1717
0x10fff9S0x174cS0x204fS0x15bdB0x5e2	0x171c
0x2290S0x217cS0x174cS0x204fS0x15bdB0x5e2	0x2290
0x227eS0x217cS0x174cS0x204fS0x15bdB0x5e2	0x227e
0x2287S0x217cS0x174cS0x204fS0x15bdB0x5e2	0x2287
0x2075S0x134dB0x461	0x2075
0x206aS0x134dB0x461	0x206a
0x2059S0x134dB0x461	0x2059
0x205eS0x134dB0x461	0x205e
0x99841S0x134dB0x461	0x166d
0x99869S0x134dB0x461	0x90c
0x3230S0x134dB0x461	0x3230
0x31ffS0x134dB0x461	0x31ff
0x3205S0x134dB0x461	0x3205
0x322bS0x134dB0x461	0x322b
0x7b061S0x204fS0x134dB0x461	0x1717
0x1769S0x204fS0x134dB0x461	0x1769
0x1751S0x204fS0x134dB0x461	0x1751
0x1756S0x204fS0x134dB0x461	0x1756
0x10ff66S0x204fS0x134dB0x461	0x171c
0x2190S0x174cS0x204fS0x134dB0x461	0x2190
0xbc9a3S0x174cS0x204fS0x134dB0x461	0x1717
0x10fff9S0x174cS0x204fS0x134dB0x461	0x171c
0x2290S0x217cS0x174cS0x204fS0x134dB0x461	0x2290
0x227eS0x217cS0x174cS0x204fS0x134dB0x461	0x227e
0x2287S0x217cS0x174cS0x204fS0x134dB0x461	0x2287
0x2075S0x1497B0x54d	0x2075
0x206aS0x1497B0x54d	0x206a
0x2059S0x1497B0x54d	0x2059
0x205eS0x1497B0x54d	0x205e
0x99841S0x1497B0x54d	0x166d
0x99869S0x1497B0x54d	0x90c
0x3230S0x1497B0x54d	0x3230
0x31ffS0x1497B0x54d	0x31ff
0x3205S0x1497B0x54d	0x3205
0x322bS0x1497B0x54d	0x322b
0x7b061S0x204fS0x1497B0x54d	0x1717
0x1769S0x204fS0x1497B0x54d	0x1769
0x1751S0x204fS0x1497B0x54d	0x1751
0x1756S0x204fS0x1497B0x54d	0x1756
0x10ff66S0x204fS0x1497B0x54d	0x171c
0x2190S0x174cS0x204fS0x1497B0x54d	0x2190
0xbc9a3S0x174cS0x204fS0x1497B0x54d	0x1717
0x10fff9S0x174cS0x204fS0x1497B0x54d	0x171c
0x2290S0x217cS0x174cS0x204fS0x1497B0x54d	0x2290
0x227eS0x217cS0x174cS0x204fS0x1497B0x54d	0x227e
0x2287S0x217cS0x174cS0x204fS0x1497B0x54d	0x2287
0x2075S0x153bB0x582	0x2075
0x206aS0x153bB0x582	0x206a
0x2059S0x153bB0x582	0x2059
0x205eS0x153bB0x582	0x205e
0x99841S0x153bB0x582	0x166d
0x99869S0x153bB0x582	0x90c
0x3230S0x153bB0x582	0x3230
0x31ffS0x153bB0x582	0x31ff
0x3205S0x153bB0x582	0x3205
0x322bS0x153bB0x582	0x322b
0x7b061S0x204fS0x153bB0x582	0x1717
0x1769S0x204fS0x153bB0x582	0x1769
0x1751S0x204fS0x153bB0x582	0x1751
0x1756S0x204fS0x153bB0x582	0x1756
0x10ff66S0x204fS0x153bB0x582	0x171c
0x2190S0x174cS0x204fS0x153bB0x582	0x2190
0xbc9a3S0x174cS0x204fS0x153bB0x582	0x1717
0x10fff9S0x174cS0x204fS0x153bB0x582	0x171c
0x2290S0x217cS0x174cS0x204fS0x153bB0x582	0x2290
0x227eS0x217cS0x174cS0x204fS0x153bB0x582	0x227e
0x2287S0x217cS0x174cS0x204fS0x153bB0x582	0x2287
0x2075S0x1689B0x66c	0x2075
0x206aS0x1689B0x66c	0x206a
0x2059S0x1689B0x66c	0x2059
0x205eS0x1689B0x66c	0x205e
0x99841S0x1689B0x66c	0x166d
0x99869S0x1689B0x66c	0x90c
0x3230S0x1689B0x66c	0x3230
0x31ffS0x1689B0x66c	0x31ff
0x3205S0x1689B0x66c	0x3205
0x322bS0x1689B0x66c	0x322b
0x7b061S0x204fS0x1689B0x66c	0x1717
0x1769S0x204fS0x1689B0x66c	0x1769
0x1751S0x204fS0x1689B0x66c	0x1751
0x1756S0x204fS0x1689B0x66c	0x1756
0x10ff66S0x204fS0x1689B0x66c	0x171c
0x2190S0x174cS0x204fS0x1689B0x66c	0x2190
0xbc9a3S0x174cS0x204fS0x1689B0x66c	0x1717
0x10fff9S0x174cS0x204fS0x1689B0x66c	0x171c
0x2290S0x217cS0x174cS0x204fS0x1689B0x66c	0x2290
0x227eS0x217cS0x174cS0x204fS0x1689B0x66c	0x227e
0x2287S0x217cS0x174cS0x204fS0x1689B0x66c	0x2287
0x2075S0x1781B0x701	0x2075
0x206aS0x1781B0x701	0x206a
0x2059S0x1781B0x701	0x2059
0x205eS0x1781B0x701	0x205e
0x99841S0x1781B0x701	0x166d
0x99869S0x1781B0x701	0x90c
0x3230S0x1781B0x701	0x3230
0x31ffS0x1781B0x701	0x31ff
0x3205S0x1781B0x701	0x3205
0x322bS0x1781B0x701	0x322b
0x7b061S0x204fS0x1781B0x701	0x1717
0x1769S0x204fS0x1781B0x701	0x1769
0x1751S0x204fS0x1781B0x701	0x1751
0x1756S0x204fS0x1781B0x701	0x1756
0x10ff66S0x204fS0x1781B0x701	0x171c
0x2190S0x174cS0x204fS0x1781B0x701	0x2190
0xbc9a3S0x174cS0x204fS0x1781B0x701	0x1717
0x10fff9S0x174cS0x204fS0x1781B0x701	0x171c
0x2290S0x217cS0x174cS0x204fS0x1781B0x701	0x2290
0x227eS0x217cS0x174cS0x204fS0x1781B0x701	0x227e
0x2287S0x217cS0x174cS0x204fS0x1781B0x701	0x2287
0x2075S0x19c2B0x804	0x2075
0x206aS0x19c2B0x804	0x206a
0x2059S0x19c2B0x804	0x2059
0x205eS0x19c2B0x804	0x205e
0x99841S0x19c2B0x804	0x166d
0x99869S0x19c2B0x804	0x90c
0x3230S0x19c2B0x804	0x3230
0x31ffS0x19c2B0x804	0x31ff
0x3205S0x19c2B0x804	0x3205
0x322bS0x19c2B0x804	0x322b
0x7b061S0x204fS0x19c2B0x804	0x1717
0x1769S0x204fS0x19c2B0x804	0x1769
0x1751S0x204fS0x19c2B0x804	0x1751
0x1756S0x204fS0x19c2B0x804	0x1756
0x10ff66S0x204fS0x19c2B0x804	0x171c
0x2190S0x174cS0x204fS0x19c2B0x804	0x2190
0xbc9a3S0x174cS0x204fS0x19c2B0x804	0x1717
0x10fff9S0x174cS0x204fS0x19c2B0x804	0x171c
0x2290S0x217cS0x174cS0x204fS0x19c2B0x804	0x2290
0x227eS0x217cS0x174cS0x204fS0x19c2B0x804	0x227e
0x2287S0x217cS0x174cS0x204fS0x19c2B0x804	0x2287
