0x0	0x0
0x40	0x3f
0xf	0xd
0x4	0x0
0x8	0x0
0x60	0x60
0x3f	0x3f
0x1f	0x1e
0x2	0x0
0x5	0x0
0x7	0x0
0xd	0xd
0x10	0xd
0x12	0xd
0x14	0xd
0x19	0xd
0x1a	0xd
0x24	0x1e
0x25	0x1e
0x2a	0x29
0x2f	0x29
0x30	0x29
0x35	0x34
0x3a	0x34
0x3b	0x34
0x45	0x3f
0x4b	0x4a
0x50	0x4a
0x56	0x55
0x5b	0x55
0x61	0x60
0x66	0x60
0x6b	0x6b
0x71	0x6f
0x76	0x6f
0x7c	0x7b
0x81	0x7b
0x87	0x86
0x8c	0x86
0x91	0x91
0x97	0x95
0x9c	0x95
0xa2	0xa1
0xa7	0xa1
0xad	0xac
0xb2	0xac
0xb8	0xb7
0xbd	0xb7
0xc3	0xc2
0xc8	0xc2
0xce	0xcd
0xd3	0xcd
0xd8	0xd8
0xde	0xdc
0xe3	0xdc
0xe4	0xdc
0xe9	0xe8
0xee	0xe8
0xf4	0xf3
0xf9	0xf3
0xff	0xfe
0x104	0xfe
0x10a	0x109
0x10f	0x109
0x115	0x114
0x11a	0x114
0x120	0x11f
0x125	0x11f
0x12a	0x12a
0x130	0x12e
0x135	0x12e
0x13b	0x13a
0x140	0x13a
0x146	0x145
0x14b	0x145
0x151	0x150
0x156	0x150
0x15c	0x15b
0x161	0x15b
0x167	0x166
0x16c	0x166
0x171	0x171
0x177	0x175
0x17c	0x175
0x17d	0x175
0x182	0x181
0x187	0x181
0x188	0x181
0x18d	0x18c
0x192	0x18c
0x193	0x18c
0x198	0x197
0x19d	0x197
0x1a3	0x1a2
0x1a8	0x1a2
0x1ae	0x1ad
0x1b3	0x1ad
0x1b9	0x1b8
0x1be	0x1b8
0x1c3	0x1c3
0x1c9	0x1c7
0x1ce	0x1c7
0x1d4	0x1d3
0x1d9	0x1d3
0x1df	0x1de
0x1e4	0x1de
0x1e9	0x1e9
0x1ef	0x1ed
0x1f4	0x1ed
0x1fa	0x1f9
0x1ff	0x1f9
0x205	0x204
0x20a	0x204
0x210	0x20f
0x215	0x20f
0x21b	0x21a
0x220	0x21a
0x226	0x225
0x22b	0x225
0x230	0x230
0x236	0x234
0x23b	0x234
0x23c	0x234
0x241	0x240
0x246	0x240
0x24c	0x24b
0x251	0x24b
0x257	0x256
0x25c	0x256
0x262	0x261
0x267	0x261
0x26d	0x26c
0x272	0x26c
0x278	0x277
0x27d	0x277
0x282	0x282
0x288	0x286
0x28d	0x286
0x293	0x292
0x298	0x292
0x29e	0x29d
0x2a3	0x29d
0x2a9	0x2a8
0x2ae	0x2a8
0x2b4	0x2b3
0x2b9	0x2b3
0x2bf	0x2be
0x2c4	0x2be
0x2ca	0x2c9
0x2cf	0x2ce
0x2d2	0x2ce
0x2d5	0x2ce
0x2d6	0x2ce
0x2d8	0x2ce
0x2dd	0x2dc
0x2e4	0x2e3
0x2e6	0x2e3
0x2e7	0x2e3
0x2eb	0x2eb
0x2f1	0x2ef
0x2f4	0x2ef
0x2f7	0x2ef
0x2f8	0x2ef
0x2fa	0x2ef
0x2ff	0x2fe
0x31a	0x319
0x31c	0x319
0x31d	0x319
0x321	0x321
0x327	0x325
0x32a	0x325
0x32d	0x325
0x32e	0x325
0x330	0x325
0x335	0x334
0x33a	0x339
0x33c	0x339
0x33d	0x339
0x341	0x341
0x347	0x345
0x34a	0x345
0x34d	0x345
0x34e	0x345
0x350	0x345
0x355	0x354
0x35a	0x359
0x35c	0x359
0x35d	0x359
0x361	0x361
0x367	0x365
0x36a	0x365
0x36d	0x365
0x36e	0x365
0x370	0x365
0x375	0x374
0x37a	0x379
0x37c	0x379
0x37d	0x379
0x381	0x381
0x387	0x385
0x38a	0x385
0x38d	0x385
0x38e	0x385
0x390	0x385
0x395	0x394
0x39a	0x399
0x39c	0x399
0x39d	0x399
0x3a1	0x3a1
0x3a7	0x3a5
0x3aa	0x3a5
0x3ad	0x3a5
0x3ae	0x3a5
0x3b0	0x3a5
0x3b5	0x3b4
0x3ba	0x3b9
0x3bc	0x3b9
0x3bd	0x3b9
0x3c1	0x3c1
0x3c7	0x3c5
0x3ca	0x3c5
0x3cd	0x3c5
0x3ce	0x3c5
0x3d0	0x3c5
0x3d5	0x3d4
0x3da	0x3d9
0x3dc	0x3d9
0x3dd	0x3d9
0x3e1	0x3e1
0x3e7	0x3e5
0x3ea	0x3e5
0x3ed	0x3e5
0x3ee	0x3e5
0x3f0	0x3e5
0x3f5	0x3f4
0x3fa	0x3f9
0x3fc	0x3f9
0x3fd	0x3f9
0x401	0x401
0x407	0x405
0x40a	0x405
0x40d	0x405
0x40e	0x405
0x410	0x405
0x415	0x414
0x41a	0x419
0x41c	0x419
0x41d	0x419
0x422	0x419
0x427	0x426
0x429	0x426
0x42a	0x426
0x42e	0x42e
0x434	0x432
0x437	0x432
0x43a	0x432
0x43b	0x432
0x43d	0x432
0x442	0x441
0x447	0x446
0x449	0x446
0x44a	0x446
0x44e	0x44e
0x454	0x452
0x457	0x452
0x45a	0x452
0x45b	0x452
0x45d	0x452
0x462	0x461
0x467	0x466
0x469	0x466
0x46a	0x466
0x46e	0x46e
0x474	0x472
0x477	0x472
0x47a	0x472
0x47b	0x472
0x47d	0x472
0x482	0x481
0x487	0x486
0x489	0x486
0x48a	0x486
0x48f	0x486
0x494	0x493
0x496	0x493
0x497	0x493
0x49b	0x49b
0x4a1	0x49f
0x4a4	0x49f
0x4a7	0x49f
0x4a8	0x49f
0x4aa	0x49f
0x4af	0x4ae
0x4b4	0x4b3
0x4b6	0x4b3
0x4b7	0x4b3
0x4bb	0x4bb
0x4c1	0x4bf
0x4c4	0x4bf
0x4c7	0x4bf
0x4c8	0x4bf
0x4ca	0x4bf
0x4cf	0x4ce
0x4d4	0x4d3
0x4d6	0x4d3
0x4d7	0x4d3
0x4df	0x4d3
0x4e4	0x4e3
0x4e6	0x4e3
0x4e7	0x4e3
0x4eb	0x4eb
0x4f1	0x4ef
0x4f4	0x4ef
0x506	0x505
0x508	0x505
0x509	0x505
0x50d	0x50d
0x513	0x511
0x516	0x511
0x519	0x511
0x51a	0x511
0x51c	0x511
0x521	0x520
0x533	0x532
0x535	0x532
0x536	0x532
0x53a	0x53a
0x540	0x53e
0x543	0x53e
0x546	0x53e
0x547	0x53e
0x549	0x53e
0x54e	0x54d
0x553	0x552
0x555	0x552
0x556	0x552
0x55a	0x55a
0x560	0x55e
0x563	0x55e
0x568	0x567
0x56a	0x567
0x56b	0x567
0x56f	0x56f
0x575	0x573
0x578	0x573
0x57b	0x573
0x57c	0x573
0x57e	0x573
0x583	0x582
0x588	0x587
0x58a	0x587
0x58b	0x587
0x58f	0x58f
0x595	0x593
0x598	0x593
0x59b	0x593
0x59c	0x593
0x59e	0x593
0x5a3	0x5a2
0x5a8	0x5a7
0x5aa	0x5a7
0x5ab	0x5a7
0x5af	0x5af
0x5b5	0x5b3
0x5b8	0x5b3
0x5bb	0x5b3
0x5bc	0x5b3
0x5be	0x5b3
0x5c3	0x5c2
0x5c8	0x5c7
0x5ca	0x5c7
0x5cb	0x5c7
0x5cf	0x5cf
0x5d5	0x5d3
0x5d8	0x5d3
0x5db	0x5d3
0x5dc	0x5d3
0x5de	0x5d3
0x5e3	0x5e2
0x5e8	0x5e7
0x5ea	0x5e7
0x5eb	0x5e7
0x5ef	0x5ef
0x5f5	0x5f3
0x5f8	0x5f3
0x5fb	0x5f3
0x5fc	0x5f3
0x5fe	0x5f3
0x603	0x602
0x608	0x607
0x60a	0x607
0x60b	0x607
0x60f	0x60f
0x615	0x613
0x618	0x613
0x61d	0x61c
0x61f	0x61c
0x620	0x61c
0x624	0x624
0x62a	0x628
0x62d	0x628
0x632	0x631
0x634	0x631
0x635	0x631
0x639	0x639
0x63f	0x63d
0x642	0x63d
0x645	0x63d
0x646	0x63d
0x648	0x63d
0x64d	0x64c
0x652	0x651
0x654	0x651
0x655	0x651
0x659	0x659
0x65f	0x65d
0x662	0x65d
0x665	0x65d
0x666	0x65d
0x668	0x65d
0x66d	0x66c
0x672	0x671
0x674	0x671
0x675	0x671
0x679	0x679
0x67f	0x67d
0x682	0x67d
0x685	0x67d
0x686	0x67d
0x688	0x67d
0x68d	0x68c
0x692	0x691
0x694	0x691
0x695	0x691
0x699	0x699
0x69f	0x69d
0x6a2	0x69d
0x6a5	0x69d
0x6a6	0x69d
0x6a8	0x69d
0x6ad	0x6ac
0x6b2	0x6b1
0x6b4	0x6b1
0x6b5	0x6b1
0x6b9	0x6b9
0x6bf	0x6bd
0x6c2	0x6bd
0x6c5	0x6bd
0x6c6	0x6bd
0x6c8	0x6bd
0x6d2	0x6d1
0x6d4	0x6d1
0x6d5	0x6d1
0x6d9	0x6d9
0x6df	0x6dd
0x6e2	0x6dd
0x6e7	0x6e6
0x6e9	0x6e6
0x6ea	0x6e6
0x6ee	0x6ee
0x6f4	0x6f2
0x6f7	0x6f2
0x6fa	0x6f2
0x6fb	0x6f2
0x6fd	0x6f2
0x702	0x701
0x707	0x706
0x709	0x706
0x70a	0x706
0x70e	0x70e
0x714	0x712
0x717	0x712
0x71c	0x71b
0x71e	0x71b
0x71f	0x71b
0x723	0x723
0x729	0x727
0x72c	0x727
0x72f	0x727
0x730	0x727
0x732	0x727
0x737	0x736
0x73c	0x73b
0x73e	0x73b
0x73f	0x73b
0x743	0x743
0x749	0x747
0x74c	0x747
0x751	0x750
0x753	0x750
0x754	0x750
0x758	0x758
0x75e	0x75c
0x761	0x75c
0x764	0x75c
0x765	0x75c
0x767	0x75c
0x76c	0x76b
0x771	0x770
0x773	0x770
0x774	0x770
0x779	0x770
0x77e	0x77d
0x780	0x77d
0x781	0x77d
0x785	0x785
0x78b	0x789
0x78e	0x789
0x793	0x792
0x795	0x792
0x796	0x792
0x79b	0x792
0x7a0	0x79f
0x7a2	0x79f
0x7a3	0x79f
0x7a7	0x7a7
0x7ad	0x7ab
0x7b0	0x7ab
0x7b5	0x7b4
0x7b7	0x7b4
0x7b8	0x7b4
0x7bc	0x7bc
0x7c2	0x7c0
0x7c5	0x7c0
0x7ca	0x7c9
0x7cc	0x7c9
0x7cd	0x7c9
0x7d1	0x7d1
0x7d7	0x7d5
0x7da	0x7d5
0x7dd	0x7d5
0x7de	0x7d5
0x7e0	0x7d5
0x7e5	0x7e4
0x7ea	0x7e9
0x7ec	0x7e9
0x7ed	0x7e9
0x7f1	0x7f1
0x7f7	0x7f5
0x7fa	0x7f5
0x7fd	0x7f5
0x7fe	0x7f5
0x800	0x7f5
0x805	0x804
0x80a	0x809
0x80c	0x809
0x80d	0x809
0x811	0x811
0x817	0x815
0x81a	0x815
0x81d	0x815
0x81e	0x815
0x820	0x815
0x825	0x824
0x82a	0x829
0x82c	0x829
0x82d	0x829
0x831	0x831
0x837	0x835
0x83a	0x835
0x83d	0x835
0x83e	0x835
0x840	0x835
0x845	0x844
0x84a	0x849
0x84c	0x849
0x84d	0x849
0x851	0x851
0x857	0x855
0x85a	0x855
0x85f	0x85e
0x862	0x85e
0x865	0x85e
0x866	0x85e
0x868	0x85e
0x86d	0x86c
0x872	0x871
0x874	0x871
0x875	0x871
0x879	0x879
0x87f	0x87d
0x882	0x87d
0x887	0x886
0x889	0x886
0x88a	0x886
0x88e	0x88e
0x894	0x892
0x897	0x892
0x89c	0x89b
0x89e	0x89b
0x89f	0x89b
0x8a3	0x8a3
0x8a9	0x8a7
0x8ac	0x8a7
0x8af	0x8a7
0x8b0	0x8a7
0x8b2	0x8a7
0x8b7	0x8b6
0x8bc	0x8bb
0x8be	0x8bb
0x8bf	0x8bb
0x8c3	0x8c3
0x8c9	0x8c7
0x8cc	0x8c7
0x8d1	0x8d0
0x8d4	0x8d0
0x8d9	0x8d8
0x8db	0x8d8
0x8df	0x8d8
0x8e7	0x8e3
0x8e8	0x8e3
0x8e9	0x8e3
0x8ed	0x8ed
0x8ef	0x8ed
0x8f0	0x8ed
0x8f4	0x8ed
0x8f6	0x8ed
0x8f9	0x8ed
0x8fb	0x8ed
0x8fc	0x8ed
0x900	0x8ed
0x90e	0x90d
0x913	0x90d
0x915	0x90d
0x918	0x90d
0x91b	0x90d
0x91c	0x90d
0x91d	0x90d
0x91f	0x90d
0x921	0x90d
0x923	0x90d
0x924	0x90d
0x925	0x90d
0x927	0x90d
0x92b	0x92b
0x92d	0x92b
0x92e	0x92b
0x932	0x92b
0x934	0x92b
0x937	0x92b
0x939	0x92b
0x93a	0x92b
0x93e	0x92b
0x943	0x942
0x946	0x942
0x947	0x942
0x94c	0x942
0x94e	0x942
0x953	0x942
0x957	0x942
0x959	0x942
0x95a	0x942
0x95c	0x942
0x95e	0x942
0x960	0x942
0x961	0x942
0x964	0x942
0x965	0x942
0x967	0x942
0x96a	0x942
0x96b	0x942
0x974	0x942
0x977	0x942
0x979	0x942
0x97f	0x942
0x985	0x942
0x98e	0x942
0x98f	0x942
0x995	0x942
0x99b	0x999
0x99d	0x999
0x99e	0x999
0x9a3	0x999
0x9a5	0x999
0x9aa	0x999
0x9ac	0x999
0x9ae	0x999
0x9b0	0x999
0x9b1	0x999
0x9b3	0x999
0x9b5	0x999
0x9bb	0x999
0x9c5	0x999
0x9cb	0x999
0x9cd	0x999
0x9ce	0x999
0x9d3	0x9d2
0x9d5	0x9d2
0x9d7	0x9d2
0x9da	0x9d2
0x9dc	0x9d2
0x9e0	0x9d2
0x9e1	0x9d2
0x9e3	0x9d2
0x9e4	0x9d2
0x9e8	0x9e8
0x9ee	0x9ec
0x9ef	0x9ec
0x9f0	0x9ec
0x9f2	0x9ec
0x9f3	0x9ec
0x9f7	0x9f7
0x9f8	0x9f7
0x9fc	0x9f7
0x9fd	0x9f7
0xa06	0xa00
0xa08	0xa00
0xa0a	0xa00
0xa0c	0xa00
0xa0d	0xa00
0xa0e	0xa00
0xa11	0xa00
0xa13	0xa00
0xa14	0xa00
0xa35	0xa00
0xa37	0xa00
0xa38	0xa00
0xa3a	0xa00
0xa3d	0xa00
0xa5d	0xa5c
0xa60	0xa5c
0xa65	0xa64
0xa6f	0xa64
0xa73	0xa64
0xa74	0xa64
0xa75	0xa64
0xa78	0xa64
0xa79	0xa64
0xa7a	0xa64
0xa7c	0xa64
0xa7e	0xa64
0xa80	0xa64
0xa81	0xa64
0xa83	0xa64
0xa84	0xa64
0xa89	0xa64
0xa8b	0xa64
0xa90	0xa64
0xa94	0xa64
0xa9c	0xa64
0xa9d	0xa64
0xaa2	0xa64
0xaa3	0xa64
0xaa4	0xa64
0xaa6	0xa64
0xaa9	0xa64
0xaaa	0xa64
0xaab	0xa64
0xab1	0xab0
0xab2	0xab0
0xab3	0xab0
0xab7	0xab7
0xab9	0xab7
0xaba	0xab7
0xabe	0xab7
0xac0	0xab7
0xac3	0xab7
0xac5	0xab7
0xac6	0xab7
0xaca	0xab7
0xacf	0xace
0xad1	0xace
0xad2	0xace
0xad5	0xace
0xad7	0xace
0xad9	0xace
0xada	0xace
0xadb	0xace
0xae0	0xadf
0xae1	0xadf
0xae5	0xae5
0xae7	0xae5
0xae8	0xae5
0xaec	0xae5
0xaee	0xae5
0xaf1	0xae5
0xaf3	0xae5
0xaf4	0xae5
0xaf8	0xae5
0xafd	0xafc
0xb01	0xafc
0xb03	0xafc
0xb04	0xafc
0xb06	0xafc
0xb07	0xafc
0xb09	0xafc
0xb0d	0xafc
0xb0e	0xafc
0xb11	0xafc
0xb12	0xafc
0xb13	0xafc
0xb15	0xafc
0xb16	0xafc
0xb18	0xafc
0xb1a	0xafc
0xb1c	0xafc
0xb1d	0xafc
0xb1f	0xafc
0xb21	0xafc
0xb24	0xafc
0xb26	0xafc
0xb29	0xafc
0xb2a	0xafc
0xb2c	0xafc
0xb36	0xafc
0xb3c	0xafc
0xb41	0xb40
0xb43	0xb40
0xb46	0xb40
0xb50	0xb4f
0xb52	0xb4f
0xb55	0xb4f
0xb5a	0xb4f
0xb5d	0xb4f
0xb5e	0xb4f
0xf74	0xf73
0xf79	0xf73
0xf7b	0xf73
0xf7e	0xf73
0xf81	0xf73
0xf82	0xf73
0xf84	0xf73
0xf85	0xf73
0xf89	0xf88
0xf8e	0xf88
0xf90	0xf88
0xf93	0xf88
0xf96	0xf88
0xf97	0xf88
0xf99	0xf88
0xf9a	0xf88
0xf9b	0xf88
0xf9f	0xf88
0xfa2	0xf88
0xfa7	0xfa6
0xfab	0xfab
0xfad	0xfab
0xfae	0xfab
0xfb2	0xfab
0xfb4	0xfab
0xfb7	0xfab
0xfb9	0xfab
0xfba	0xfab
0xfbe	0xfab
0xfc3	0xfc2
0xfc8	0xfc2
0xfd1	0xfd0
0xfd4	0xfd0
0xfd9	0xfd8
0xfdc	0xfd8
0xfde	0xfd8
0xfdf	0xfd8
0xfe3	0xfd8
0xff6	0xff5
0xffa	0xffa
0xffc	0xffa
0xffd	0xffa
0x1001	0xffa
0x1003	0xffa
0x1006	0xffa
0x1008	0xffa
0x1009	0xffa
0x100d	0xffa
0x1012	0x1011
0x1015	0x1011
0x1017	0x1011
0x1018	0x1011
0x101c	0x1011
0x102f	0x102e
0x1031	0x102e
0x1032	0x102e
0x1034	0x102e
0x1036	0x102e
0x1038	0x102e
0x1039	0x102e
0x103b	0x102e
0x103d	0x102e
0x105f	0x102e
0x1064	0x102e
0x1067	0x102e
0x1068	0x102e
0x106a	0x102e
0x106b	0x102e
0x1070	0x106f
0x1073	0x106f
0x1078	0x1077
0x107a	0x1077
0x107c	0x1077
0x107e	0x1077
0x107f	0x1077
0x1080	0x1077
0x1082	0x1077
0x1084	0x1077
0x1086	0x1077
0x1088	0x1077
0x1089	0x1077
0x108a	0x1077
0x108b	0x1077
0x108c	0x1077
0x1090	0x1090
0x1092	0x1090
0x1093	0x1090
0x1097	0x1090
0x1099	0x1090
0x109c	0x1090
0x109e	0x1090
0x109f	0x1090
0x10a3	0x1090
0x1156	0x1155
0x1159	0x1155
0x115e	0x115d
0x1161	0x115d
0x1166	0x1165
0x116b	0x1165
0x116d	0x1165
0x1172	0x1165
0x1176	0x1165
0x1177	0x1165
0x1179	0x1165
0x117a	0x1165
0x117c	0x1165
0x117e	0x1165
0x1180	0x1165
0x1181	0x1165
0x1184	0x1165
0x1186	0x1165
0x1190	0x1165
0x1194	0x1165
0x1195	0x1165
0x1196	0x1165
0x1199	0x1165
0x119a	0x1165
0x119e	0x1165
0x11a8	0x1165
0x11a9	0x1165
0x11ae	0x11ad
0x11b1	0x11ad
0x11b2	0x11ad
0x11b4	0x11ad
0x11b7	0x11ad
0x11b8	0x11ad
0x11bf	0x11ad
0x11c0	0x11ad
0x11c4	0x11ad
0x11c5	0x11ad
0x11c6	0x11ad
0x11c8	0x11ad
0x11ca	0x11ad
0x11cc	0x11ad
0x11cd	0x11ad
0x11cf	0x11ad
0x11d0	0x11ad
0x11d5	0x11ad
0x11db	0x11ad
0x11e4	0x11ad
0x11e9	0x11ad
0x11ed	0x11ad
0x11ee	0x11ad
0x11ef	0x11ad
0x11f1	0x11ad
0x11f4	0x11ad
0x11f5	0x11ad
0x11f6	0x11ad
0x11fc	0x11fb
0x11fd	0x11fb
0x11fe	0x11fb
0x1202	0x1202
0x1204	0x1202
0x1205	0x1202
0x1209	0x1202
0x120b	0x1202
0x120e	0x1202
0x1210	0x1202
0x1211	0x1202
0x1215	0x1202
0x121a	0x1219
0x121c	0x1219
0x1220	0x1219
0x1221	0x1219
0x1222	0x1219
0x1224	0x1219
0x1227	0x1219
0x1228	0x1219
0x1229	0x1219
0x122f	0x122e
0x1230	0x122e
0x1234	0x1234
0x1236	0x1234
0x1237	0x1234
0x123b	0x1234
0x123d	0x1234
0x1240	0x1234
0x1242	0x1234
0x1243	0x1234
0x1247	0x1234
0x124d	0x124b
0x124f	0x124b
0x1250	0x124b
0x1252	0x124b
0x1253	0x124b
0x1257	0x1257
0x1259	0x1257
0x125a	0x1257
0x125e	0x1257
0x1260	0x1257
0x1263	0x1257
0x1265	0x1257
0x1266	0x1257
0x126a	0x1257
0x126f	0x126e
0x1273	0x126e
0x1275	0x126e
0x1276	0x126e
0x1278	0x126e
0x1279	0x126e
0x127a	0x126e
0x127c	0x126e
0x1280	0x126e
0x1281	0x126e
0x1286	0x126e
0x1288	0x126e
0x128b	0x126e
0x1290	0x126e
0x1291	0x126e
0x1293	0x126e
0x1294	0x126e
0x1299	0x126e
0x129b	0x126e
0x129e	0x126e
0x12a0	0x126e
0x12a2	0x126e
0x12a4	0x126e
0x12a5	0x126e
0x12a8	0x126e
0x12ac	0x126e
0x12b2	0x126e
0x12ba	0x126e
0x12bb	0x126e
0x12c0	0x12bf
0x12c2	0x12bf
0x12c4	0x12bf
0x12c7	0x12bf
0x12c9	0x12bf
0x12cd	0x12bf
0x12ce	0x12bf
0x12d0	0x12bf
0x12d1	0x12bf
0x12d5	0x12d5
0x12db	0x12d9
0x12dc	0x12d9
0x12dd	0x12d9
0x12df	0x12d9
0x12e0	0x12d9
0x12e4	0x12e4
0x12e5	0x12e4
0x12e9	0x12e4
0x12ea	0x12e4
0x12f1	0x12ed
0x12f5	0x12ed
0x12f6	0x12ed
0x12f7	0x12ed
0x12f9	0x12ed
0x12fd	0x12ed
0x12fe	0x12ed
0x12ff	0x12ed
0x1306	0x1304
0x1308	0x1304
0x130a	0x1304
0x130c	0x1304
0x130d	0x1304
0x130e	0x1304
0x1310	0x1304
0x1312	0x1304
0x1313	0x1304
0x1316	0x1304
0x1317	0x1304
0x1319	0x1304
0x1323	0x1304
0x1325	0x1304
0x1326	0x1304
0x1328	0x1304
0x132a	0x1304
0x132b	0x1304
0x132c	0x1304
0x132e	0x1304
0x132f	0x1304
0x1335	0x1304
0x133a	0x1339
0x133c	0x1339
0x133f	0x1339
0x13dc	0x13db
0x13de	0x13db
0x13e1	0x13db
0x13e6	0x13db
0x13e9	0x13db
0x13ea	0x13db
0x13eb	0x13db
0x13ed	0x13db
0x13ef	0x13db
0x13f1	0x13db
0x13f2	0x13db
0x13f3	0x13db
0x13f7	0x13f6
0x13fa	0x13f6
0x13ff	0x13fe
0x1404	0x13fe
0x1406	0x13fe
0x1409	0x13fe
0x142b	0x13fe
0x1432	0x1431
0x1434	0x1431
0x1439	0x1431
0x143e	0x1431
0x1442	0x1431
0x144a	0x1431
0x144c	0x1431
0x144d	0x1431
0x1450	0x1431
0x1451	0x1431
0x1452	0x1431
0x1455	0x1431
0x1456	0x1431
0x1457	0x1431
0x145b	0x1431
0x145c	0x1431
0x1461	0x1431
0x1465	0x1431
0x146a	0x1469
0x146c	0x1469
0x146d	0x1469
0x146f	0x1469
0x1471	0x1469
0x1473	0x1469
0x1474	0x1469
0x1475	0x1469
0x155d	0x155c
0x1560	0x155c
0x1565	0x1564
0x1568	0x1564
0x1569	0x1564
0x156e	0x1564
0x1570	0x1564
0x1573	0x1564
0x1576	0x1564
0x1577	0x1564
0x157a	0x1564
0x157b	0x1564
0x157c	0x1564
0x1580	0x1580
0x1582	0x1580
0x1583	0x1580
0x1587	0x1580
0x1589	0x1580
0x158c	0x1580
0x158e	0x1580
0x158f	0x1580
0x1593	0x1580
0x1599	0x1597
0x159b	0x1597
0x159c	0x1597
0x15a1	0x1597
0x15a3	0x1597
0x15a6	0x1597
0x15a9	0x1597
0x1631	0x1630
0x1633	0x1630
0x1638	0x1630
0x163d	0x1630
0x1641	0x1630
0x1649	0x1630
0x164f	0x1630
0x1650	0x1630
0x1651	0x1630
0x1653	0x1630
0x1657	0x1656
0x1659	0x1656
0x166f	0x166e
0x1671	0x166e
0x1674	0x166e
0x1679	0x166e
0x167c	0x166e
0x167d	0x166e
0x167e	0x166e
0x1680	0x166e
0x1682	0x166e
0x1684	0x166e
0x1685	0x166e
0x1686	0x166e
0x171e	0x171d
0x1721	0x171d
0x1727	0x1725
0x1729	0x1725
0x172a	0x1725
0x172b	0x1725
0x172c	0x1725
0x1730	0x1730
0x1732	0x1730
0x1733	0x1730
0x1737	0x1730
0x1739	0x1730
0x173c	0x1730
0x173e	0x1730
0x173f	0x1730
0x1743	0x1730
0x1748	0x1747
0x176b	0x176a
0x176d	0x176a
0x176e	0x176a
0x1772	0x176a
0x17b8	0x17b7
0x17ba	0x17b7
0x17be	0x17bd
0x17c1	0x17bd
0x17c6	0x17c5
0x17c9	0x17c5
0x17cb	0x17c5
0x17cc	0x17c5
0x17d0	0x17c5
0x17d5	0x17d4
0x17d9	0x17d9
0x17db	0x17d9
0x17dc	0x17d9
0x17e0	0x17d9
0x17e2	0x17d9
0x17e5	0x17d9
0x17e7	0x17d9
0x17e8	0x17d9
0x17ec	0x17d9
0x17f1	0x17f0
0x17f4	0x17f0
0x17f6	0x17f0
0x17f7	0x17f0
0x17fb	0x17f0
0x1800	0x17ff
0x1802	0x17ff
0x1803	0x17ff
0x1805	0x17ff
0x1807	0x17ff
0x1809	0x17ff
0x180a	0x17ff
0x180c	0x17ff
0x180e	0x17ff
0x1830	0x17ff
0x1835	0x17ff
0x1838	0x17ff
0x1839	0x17ff
0x183b	0x17ff
0x183c	0x17ff
0x1841	0x1840
0x1846	0x1845
0x1849	0x1845
0x184e	0x184d
0x1858	0x184d
0x185c	0x184d
0x185d	0x184d
0x185e	0x184d
0x1861	0x184d
0x1862	0x184d
0x1863	0x184d
0x1865	0x184d
0x1867	0x184d
0x1869	0x184d
0x186a	0x184d
0x186c	0x184d
0x186d	0x184d
0x1872	0x184d
0x1874	0x184d
0x1879	0x184d
0x187d	0x184d
0x1886	0x184d
0x1888	0x184d
0x1889	0x184d
0x188c	0x184d
0x1890	0x184d
0x1893	0x184d
0x1896	0x184d
0x1897	0x184d
0x189a	0x184d
0x189c	0x184d
0x189f	0x184d
0x18a1	0x184d
0x18a3	0x184d
0x18a6	0x184d
0x18a8	0x184d
0x18aa	0x184d
0x18b6	0x184d
0x18b9	0x184d
0x18bd	0x184d
0x18be	0x184d
0x18c2	0x18c2
0x18c4	0x18c2
0x18c6	0x18c2
0x18c9	0x18c2
0x18cc	0x18c2
0x18ce	0x18c2
0x18d0	0x18c2
0x18d4	0x18d2
0x18d5	0x18d2
0x18d7	0x18d2
0x18d9	0x18d2
0x18db	0x18d2
0x18dc	0x18d2
0x18dd	0x18d2
0x18e0	0x18d2
0x18e4	0x18d2
0x18e6	0x18d2
0x18e8	0x18d2
0x18eb	0x18d2
0x18ec	0x18d2
0x18f8	0x18f0
0x18fa	0x18f0
0x18fb	0x18f0
0x18fe	0x18f0
0x1900	0x18f0
0x1902	0x18f0
0x1904	0x18f0
0x1905	0x18f0
0x1907	0x18f0
0x1908	0x18f0
0x190a	0x18f0
0x190d	0x18f0
0x190e	0x18f0
0x1918	0x18f0
0x191a	0x18f0
0x191d	0x18f0
0x191f	0x18f0
0x1920	0x18f0
0x1924	0x1924
0x1926	0x1924
0x1928	0x1924
0x192b	0x1924
0x192e	0x1924
0x1930	0x1924
0x1932	0x1924
0x1936	0x1934
0x1937	0x1934
0x1939	0x1934
0x193b	0x1934
0x193d	0x1934
0x193e	0x1934
0x193f	0x1934
0x1942	0x1934
0x1946	0x1934
0x1948	0x1934
0x194a	0x1934
0x194d	0x1934
0x194e	0x1934
0x195b	0x1952
0x195f	0x1952
0x1960	0x1952
0x1961	0x1952
0x1965	0x1952
0x1967	0x1952
0x1969	0x1952
0x196c	0x1952
0x196d	0x1952
0x196e	0x1952
0x1974	0x1973
0x1977	0x1973
0x1978	0x1973
0x1979	0x1973
0x1981	0x197e
0x1983	0x197e
0x1984	0x197e
0x1987	0x197e
0x1988	0x197e
0x1997	0x1996
0x1999	0x1996
0x199a	0x1996
0x199c	0x1996
0x19a0	0x199f
0x19a2	0x199f
0x19a6	0x19a5
0x19a8	0x19a5
0x1a54	0x1a53
0x1a57	0x1a53
0x1a5c	0x1a5b
0x1a5f	0x1a5b
0x1a61	0x1a5b
0x1a62	0x1a5b
0x1a66	0x1a5b
0x1a6b	0x1a6a
0x1a6c	0x1a6a
0x1a70	0x1a70
0x1a72	0x1a70
0x1a73	0x1a70
0x1a77	0x1a70
0x1a79	0x1a70
0x1a7c	0x1a70
0x1a7e	0x1a70
0x1a7f	0x1a70
0x1a83	0x1a70
0x1a88	0x1a87
0x1a8b	0x1a87
0x1a8d	0x1a87
0x1a8e	0x1a87
0x1a92	0x1a87
0x1aa5	0x1aa4
0x1aa7	0x1aa4
0x1aa8	0x1aa4
0x1aaa	0x1aa4
0x1aac	0x1aa4
0x1aae	0x1aa4
0x1aaf	0x1aa4
0x1ab1	0x1aa4
0x1ab3	0x1aa4
0x1ad5	0x1aa4
0x1ada	0x1aa4
0x1add	0x1aa4
0x1ade	0x1aa4
0x1ae0	0x1aa4
0x1ae5	0x1ae4
0x1aea	0x1ae4
0x1aec	0x1ae4
0x1aef	0x1ae4
0x1af2	0x1ae4
0x1af3	0x1ae4
0x1af5	0x1ae4
0x1af6	0x1ae4
0x1af7	0x1ae4
0x1afb	0x1ae4
0x1afe	0x1ae4
0x1b03	0x1b02
0x1b07	0x1b07
0x1b09	0x1b07
0x1b0a	0x1b07
0x1b0e	0x1b07
0x1b10	0x1b07
0x1b13	0x1b07
0x1b15	0x1b07
0x1b16	0x1b07
0x1b1a	0x1b07
0x1b1f	0x1b1e
0x1b21	0x1b1e
0x1b25	0x1b24
0x1b28	0x1b24
0x1b2d	0x1b2c
0x1b2f	0x1b2c
0x1b33	0x1b2c
0x1b3b	0x1b37
0x1b3c	0x1b37
0x1b3d	0x1b37
0x1b3e	0x1b37
0x1b42	0x1b42
0x1b44	0x1b42
0x1b45	0x1b42
0x1b49	0x1b42
0x1b4b	0x1b42
0x1b4e	0x1b42
0x1b50	0x1b42
0x1b51	0x1b42
0x1b55	0x1b42
0x1b5a	0x1b59
0x1b5f	0x1b59
0x1b61	0x1b59
0x1b64	0x1b59
0x1b67	0x1b59
0x1b68	0x1b59
0x1b69	0x1b59
0x1b6b	0x1b59
0x1b6d	0x1b59
0x1b6f	0x1b59
0x1b70	0x1b59
0x1b71	0x1b59
0x1b73	0x1b59
0x1b77	0x1b77
0x1b79	0x1b77
0x1b7a	0x1b77
0x1b7e	0x1b77
0x1b80	0x1b77
0x1b83	0x1b77
0x1b85	0x1b77
0x1b86	0x1b77
0x1b8a	0x1b77
0x1b8f	0x1b8e
0x1b92	0x1b8e
0x1b93	0x1b8e
0x1b95	0x1b8e
0x1b98	0x1b8e
0x1b99	0x1b8e
0x1b9d	0x1b9d
0x1b9f	0x1b9d
0x1ba0	0x1b9d
0x1ba4	0x1b9d
0x1ba6	0x1b9d
0x1ba9	0x1b9d
0x1bab	0x1b9d
0x1bac	0x1b9d
0x1bb0	0x1b9d
0x1bb5	0x1bb4
0x1bb8	0x1bb4
0x1bba	0x1bb4
0x1bbc	0x1bb4
0x1bbe	0x1bb4
0x1bbf	0x1bb4
0x1bc0	0x1bb4
0x1bc1	0x1bb4
0x1bc6	0x1bb4
0x1bc8	0x1bb4
0x1bca	0x1bb4
0x1bcf	0x1bb4
0x1bd0	0x1bb4
0x1bd2	0x1bb4
0x1bd5	0x1bb4
0x1bd7	0x1bb4
0x1bd8	0x1bb4
0x1bda	0x1bb4
0x1bdc	0x1bb4
0x1bdf	0x1bb4
0x1be1	0x1bb4
0x1be5	0x1bb4
0x1be6	0x1bb4
0x1be8	0x1bb4
0x1be9	0x1bb4
0x1bed	0x1bed
0x1bf3	0x1bf1
0x1bf4	0x1bf1
0x1bf5	0x1bf1
0x1bf7	0x1bf1
0x1bf8	0x1bf1
0x1bfc	0x1bfc
0x1bfd	0x1bfc
0x1c01	0x1bfc
0x1c02	0x1bfc
0x1c0a	0x1c05
0x1c0c	0x1c05
0x1c0d	0x1c05
0x1c0e	0x1c05
0x1c10	0x1c05
0x1c11	0x1c05
0x1c14	0x1c05
0x1c15	0x1c05
0x1c17	0x1c05
0x1c19	0x1c05
0x1c1e	0x1c05
0x1c20	0x1c05
0x1c25	0x1c05
0x1c2c	0x1c29
0x1c2e	0x1c29
0x1c30	0x1c29
0x1c32	0x1c29
0x1c33	0x1c29
0x1c35	0x1c29
0x1c36	0x1c29
0x1c3a	0x1c3a
0x1c3c	0x1c3a
0x1c3d	0x1c3a
0x1c41	0x1c3a
0x1c43	0x1c3a
0x1c46	0x1c3a
0x1c48	0x1c3a
0x1c49	0x1c3a
0x1c4d	0x1c3a
0x1c53	0x1c51
0x1c55	0x1c51
0x1c57	0x1c51
0x1c59	0x1c51
0x1c5a	0x1c51
0x1c5b	0x1c51
0x1c5c	0x1c51
0x1c62	0x1c51
0x1c64	0x1c51
0x1c66	0x1c51
0x1c6b	0x1c51
0x1c6c	0x1c51
0x1c6e	0x1c51
0x1c71	0x1c51
0x1c73	0x1c51
0x1c74	0x1c51
0x1c76	0x1c51
0x1c78	0x1c51
0x1c7b	0x1c51
0x1c80	0x1c51
0x1c81	0x1c51
0x1c83	0x1c51
0x1c84	0x1c51
0x1c88	0x1c88
0x1c8e	0x1c8c
0x1c8f	0x1c8c
0x1c90	0x1c8c
0x1c92	0x1c8c
0x1c93	0x1c8c
0x1c97	0x1c97
0x1c98	0x1c97
0x1c9c	0x1c97
0x1c9d	0x1c97
0x1ca3	0x1ca0
0x1ca5	0x1ca0
0x1ca6	0x1ca0
0x1cab	0x1ca0
0x1cad	0x1ca0
0x1cb0	0x1ca0
0x1cb2	0x1ca0
0x1cb4	0x1ca0
0x1cb6	0x1ca0
0x1cb7	0x1ca0
0x1cb9	0x1ca0
0x1cbc	0x1ca0
0x1cc3	0x1ca0
0x1ccc	0x1ca0
0x1cce	0x1ca0
0x1ccf	0x1ca0
0x1cd4	0x1cd3
0x1cd6	0x1cd3
0x1cd8	0x1cd3
0x1cdb	0x1cd3
0x1cdd	0x1cd3
0x1ce1	0x1cd3
0x1ce2	0x1cd3
0x1ce4	0x1cd3
0x1ce5	0x1cd3
0x1ce9	0x1ce9
0x1cef	0x1ced
0x1cf0	0x1ced
0x1cf1	0x1ced
0x1cf3	0x1ced
0x1cf4	0x1ced
0x1cf8	0x1cf8
0x1cf9	0x1cf8
0x1cfd	0x1cf8
0x1cfe	0x1cf8
0x1d06	0x1d01
0x1d08	0x1d01
0x1d09	0x1d01
0x1d0a	0x1d01
0x1d0c	0x1d01
0x1d0d	0x1d01
0x1d10	0x1d01
0x1d11	0x1d01
0x1d13	0x1d01
0x1d15	0x1d01
0x1d1a	0x1d01
0x1d1c	0x1d01
0x1d21	0x1d01
0x1d27	0x1d25
0x1d2a	0x1d25
0x1d2b	0x1d25
0x1d30	0x1d25
0x1d32	0x1d25
0x1d37	0x1d25
0x1d3b	0x1d25
0x1d3d	0x1d25
0x1d3e	0x1d25
0x1d40	0x1d25
0x1d42	0x1d25
0x1d44	0x1d25
0x1d45	0x1d25
0x1d48	0x1d25
0x1d49	0x1d25
0x1d4b	0x1d25
0x1d4e	0x1d25
0x1d4f	0x1d25
0x1d58	0x1d25
0x1d5b	0x1d25
0x1d5d	0x1d25
0x1d63	0x1d25
0x1d69	0x1d25
0x1d72	0x1d25
0x1d73	0x1d25
0x1d79	0x1d25
0x1d7f	0x1d7d
0x1d85	0x1d7d
0x1d87	0x1d7d
0x1d89	0x1d7d
0x1d8b	0x1d7d
0x1d8c	0x1d7d
0x1d8d	0x1d7d
0x1d8e	0x1d7d
0x1d96	0x1d7d
0x1d99	0x1d7d
0x1d9b	0x1d7d
0x1d9d	0x1d7d
0x1da2	0x1d7d
0x1da3	0x1d7d
0x1da5	0x1d7d
0x1da8	0x1d7d
0x1daa	0x1d7d
0x1dab	0x1d7d
0x1db5	0x1d7d
0x1dba	0x1db9
0x1dbc	0x1db9
0x1dbe	0x1db9
0x1dc1	0x1db9
0x1dc3	0x1db9
0x1dc7	0x1db9
0x1dc8	0x1db9
0x1dca	0x1db9
0x1dcb	0x1db9
0x1dcf	0x1dcf
0x1dd5	0x1dd3
0x1dd6	0x1dd3
0x1dd7	0x1dd3
0x1dd9	0x1dd3
0x1dda	0x1dd3
0x1dde	0x1dde
0x1ddf	0x1dde
0x1de3	0x1dde
0x1de4	0x1dde
0x1ded	0x1de7
0x1def	0x1de7
0x1df1	0x1de7
0x1df3	0x1de7
0x1df4	0x1de7
0x1df5	0x1de7
0x1df8	0x1de7
0x1dfa	0x1de7
0x1dfb	0x1de7
0x1e1c	0x1de7
0x1e1e	0x1de7
0x1e1f	0x1de7
0x1e21	0x1de7
0x1e24	0x1de7
0x1e34	0x1e33
0x1e36	0x1e33
0x1e37	0x1e33
0x1e3b	0x1e33
0x1e40	0x1e3f
0x1e42	0x1e3f
0x1e46	0x1e45
0x1e49	0x1e45
0x1e4e	0x1e4d
0x1e51	0x1e4d
0x1e53	0x1e4d
0x1e54	0x1e4d
0x1e58	0x1e4d
0x1e5d	0x1e5c
0x1e5e	0x1e5c
0x1e62	0x1e62
0x1e64	0x1e62
0x1e65	0x1e62
0x1e69	0x1e62
0x1e6b	0x1e62
0x1e6e	0x1e62
0x1e70	0x1e62
0x1e71	0x1e62
0x1e75	0x1e62
0x1e7a	0x1e79
0x1e7d	0x1e79
0x1e7f	0x1e79
0x1e80	0x1e79
0x1e84	0x1e79
0x1e89	0x1e88
0x1e8b	0x1e88
0x1e8c	0x1e88
0x1e8e	0x1e88
0x1e90	0x1e88
0x1e92	0x1e88
0x1e93	0x1e88
0x1e95	0x1e88
0x1e97	0x1e88
0x1eb9	0x1e88
0x1ebe	0x1e88
0x1ec1	0x1e88
0x1ec2	0x1e88
0x1ec4	0x1e88
0x1efc	0x1efb
0x1eff	0x1efb
0x1f00	0x1efb
0x1f05	0x1efb
0x1f07	0x1efb
0x1f0a	0x1efb
0x1f0d	0x1efb
0x1f0e	0x1efb
0x1f10	0x1efb
0x1f11	0x1efb
0x1f17	0x1f15
0x1f1e	0x1f1b
0x1f20	0x1f1b
0x1f21	0x1f1b
0x1f26	0x1f25
0x1f29	0x1f25
0x1f2b	0x1f25
0x1f2c	0x1f25
0x1f32	0x1f30
0x1f37	0x1f36
0x1f3a	0x1f36
0x1f3c	0x1f36
0x1f3d	0x1f36
0x1f41	0x1f36
0x1f54	0x1f53
0x1f58	0x1f58
0x1f5a	0x1f58
0x1f5b	0x1f58
0x1f5f	0x1f58
0x1f61	0x1f58
0x1f64	0x1f58
0x1f66	0x1f58
0x1f67	0x1f58
0x1f6b	0x1f58
0x1f70	0x1f6f
0x1f72	0x1f6f
0x1f77	0x1f6f
0x1f79	0x1f6f
0x1f7b	0x1f6f
0x1f7d	0x1f6f
0x1f7e	0x1f6f
0x1f82	0x1f6f
0x1f86	0x1f6f
0x1f88	0x1f6f
0x1f89	0x1f6f
0x1fad	0x1f6f
0x1fb2	0x1fb1
0x1fb5	0x1fb1
0x1fb7	0x1fb1
0x1fb8	0x1fb1
0x1fbc	0x1fb1
0x1fc1	0x1fc0
0x1fc5	0x1fc5
0x1fc7	0x1fc5
0x1fc8	0x1fc5
0x1fcc	0x1fc5
0x1fce	0x1fc5
0x1fd1	0x1fc5
0x1fd3	0x1fc5
0x1fd4	0x1fc5
0x1fd8	0x1fc5
0x2077	0x2076
0x207c	0x2076
0x207e	0x2076
0x2081	0x2076
0x2084	0x2076
0x2085	0x2076
0x208a	0x2076
0x208f	0x2076
0x2092	0x2076
0x2095	0x2094
0x2096	0x2094
0x209a	0x209a
0x209d	0x209a
0x20a2	0x20a1
0x20a4	0x20a1
0x20a6	0x20a1
0x20a8	0x20a1
0x20a9	0x20a1
0x20aa	0x20a1
0x20ac	0x20a1
0x20ae	0x20a1
0x20b0	0x20a1
0x20b2	0x20a1
0x20b3	0x20a1
0x20b4	0x20a1
0x20b6	0x20a1
0x20d7	0x20a1
0x20d9	0x20a1
0x20da	0x20a1
0x20dc	0x20a1
0x20df	0x20a1
0x20e6	0x20e5
0x20e9	0x20e5
0x20eb	0x20e5
0x20ec	0x20e5
0x20f2	0x20f0
0x20f7	0x20f6
0x20fa	0x20f6
0x20fc	0x20f6
0x20fd	0x20f6
0x2101	0x20f6
0x2106	0x2105
0x210a	0x210a
0x210c	0x210a
0x210d	0x210a
0x2111	0x210a
0x2113	0x210a
0x2116	0x210a
0x2118	0x210a
0x2119	0x210a
0x211d	0x210a
0x21df	0x21de
0x21e4	0x21de
0x21e5	0x21de
0x21e6	0x21de
0x21ea	0x21ea
0x21ec	0x21ea
0x21ed	0x21ea
0x21f1	0x21ea
0x21f3	0x21ea
0x21f6	0x21ea
0x21f8	0x21ea
0x21f9	0x21ea
0x21fe	0x21ea
0x2207	0x2202
0x24a7	0x24a6
0x24aa	0x24a6
0x24ab	0x24a6
0x24ae	0x24a6
0x24b1	0x24a6
0x24b6	0x24a6
0x24b9	0x24a6
0x24bd	0x24a6
0x24c1	0x24a6
0x24c7	0x24a6
0x24cd	0x24a6
0x24d0	0x24a6
0x24d4	0x24a6
0x24d6	0x24a6
0x24d7	0x24a6
0x2643	0x2642
0x2646	0x2642
0x2649	0x2642
0x264d	0x2642
0x264e	0x2642
0x264f	0x2642
0x2650	0x2642
0x2659	0x2657
0x265a	0x2657
0x265e	0x2657
0x2665	0x2662
0x2668	0x2662
0x2669	0x2662
0x266a	0x2662
0x266e	0x2662
0x2675	0x2672
0x2678	0x2672
0x2679	0x2672
0x267a	0x2672
0x267e	0x2672
0x268a	0x2682
0x268c	0x2682
0x268d	0x2682
0x2807	0x2806
0x280a	0x2806
0x280e	0x2806
0x280f	0x2806
0x2810	0x2806
0x2811	0x2806
0x281c	0x2818
0x281e	0x2818
0x2822	0x2818
0x2823	0x2818
0x2885	0x2884
0x2888	0x2884
0x288c	0x2884
0x288d	0x2884
0x288e	0x2884
0x288f	0x2884
0x2898	0x2896
0x2899	0x2896
0x289d	0x2896
0x28a3	0x28a1
0x28a8	0x28a1
0x28a9	0x28a1
0x2973	0x2972
0x2976	0x2972
0x2979	0x2972
0x297d	0x2972
0x297e	0x2972
0x297f	0x2972
0x2980	0x2972
0x2988	0x2987
0x298d	0x2987
0x2994	0x2991
0x2997	0x2991
0x2998	0x2991
0x2999	0x2991
0x299b	0x2991
0x299d	0x2991
0x299f	0x2991
0x29a0	0x2991
0x29a2	0x2991
0x29a4	0x2991
0x29a5	0x2991
0x29b5	0x29ac
0x29b8	0x29ac
0x29b9	0x29ac
0x29bb	0x29ac
0x29bd	0x29ac
0x29be	0x29ac
0x29c2	0x29c1
0x29c5	0x29c1
0x29c8	0x29c1
0x29ca	0x29c1
0x29ce	0x29c1
0x29cf	0x29c1
0x29d0	0x29c1
0x29d1	0x29c1
0x29d9	0x29d8
0x29de	0x29d8
0x29e5	0x29e2
0x29e9	0x29e2
0x29ec	0x29e2
0x29ed	0x29e2
0x29f4	0x29f1
0x29f7	0x29f1
0x29f8	0x29f1
0x29f9	0x29f1
0x29fb	0x29f1
0x29fd	0x29f1
0x29ff	0x29f1
0x2a00	0x29f1
0x2a02	0x29f1
0x2a03	0x29f1
0x2a04	0x29f1
0x2a0c	0x2a0b
0x2a12	0x2a0b
0x2a13	0x2a0b
0x2a1e	0x2a17
0x2a20	0x2a17
0x2a21	0x2a17
0x2ae2	0x2ae1
0x2ae4	0x2ae1
0x2af1	0x2ae1
0x2af3	0x2ae1
0x2af5	0x2ae1
0x2af6	0x2ae1
0x2afb	0x2ae1
0x2afe	0x2ae1
0x2b01	0x2ae1
0x2b02	0x2ae1
0x2b04	0x2ae1
0x2b77	0x2b76
0x2b79	0x2b76
0x2b7b	0x2b76
0x2b7d	0x2b76
0x2b7e	0x2b76
0x2b82	0x2b76
0x2b85	0x2b76
0x2b88	0x2b76
0x2b8a	0x2b76
0x2b8c	0x2b76
0x2c02	0x2bfe
0x2c05	0x2bfe
0x2c09	0x2bfe
0x2c0c	0x2bfe
0x2c0d	0x2bfe
0x2c11	0x2bfe
0x2c16	0x2c15
0x2c19	0x2c15
0x2c1e	0x2c15
0x2c20	0x2c15
0x2cad	0x2cac
0x2cb2	0x2cac
0x2cb6	0x2cac
0x2cb8	0x2cac
0x2cd9	0x2cac
0x2cdc	0x2cac
0x2cde	0x2cac
0x2ce0	0x2cac
0x2ce4	0x2ce3
0x2ce9	0x2ce3
0x2ced	0x2ce3
0x2cef	0x2ce3
0x2d06	0x2ce3
0x2d08	0x2ce3
0x2d09	0x2ce3
0x2d0c	0x2ce3
0x2d0e	0x2ce3
0x2d10	0x2ce3
0x2d56	0x2d55
0x2d5b	0x2d55
0x2d5f	0x2d55
0x2d61	0x2d55
0x2d82	0x2d55
0x2d85	0x2d55
0x2d87	0x2d55
0x2d89	0x2d55
0x2d8d	0x2d8c
0x2d92	0x2d8c
0x2d96	0x2d8c
0x2d98	0x2d8c
0x2db9	0x2d8c
0x2dbc	0x2d8c
0x2dbe	0x2d8c
0x2dc0	0x2d8c
0x2dc4	0x2dc3
0x2dc9	0x2dc3
0x2dcd	0x2dc3
0x2dcf	0x2dc3
0x2df0	0x2dc3
0x2df3	0x2dc3
0x2df5	0x2dc3
0x2e05	0x2dc3
0x2e07	0x2dc3
0x2e08	0x2dc3
0x2e0b	0x2dc3
0x2e0d	0x2dc3
0x2e0f	0x2dc3
0x2e70	0x2e6f
0x2e75	0x2e6f
0x2e79	0x2e6f
0x2e7b	0x2e6f
0x2e9c	0x2e6f
0x2e9f	0x2e6f
0x2ea1	0x2e6f
0x2ea3	0x2e6f
0x2ea7	0x2ea6
0x2eac	0x2ea6
0x2eb0	0x2ea6
0x2eb2	0x2ea6
0x2ec9	0x2ea6
0x2ecb	0x2ea6
0x2ecc	0x2ea6
0x2ecf	0x2ea6
0x2ed1	0x2ea6
0x2ed3	0x2ea6
0x2ed7	0x2ed6
0x2edc	0x2ed6
0x2ee0	0x2ed6
0x2ee2	0x2ed6
0x2f03	0x2ed6
0x2f06	0x2ed6
0x2f08	0x2ed6
0x2f0a	0x2ed6
0x2f0e	0x2f0d
0x2f13	0x2f0d
0x2f17	0x2f0d
0x2f19	0x2f0d
0x2f3a	0x2f0d
0x2f3d	0x2f0d
0x2f3f	0x2f0d
0x2f41	0x2f0d
0x2f45	0x2f44
0x2f4a	0x2f44
0x2f4e	0x2f44
0x2f50	0x2f44
0x2f71	0x2f44
0x2f74	0x2f44
0x2f76	0x2f44
0x2f78	0x2f44
0x2fb1	0x2fb0
0x2fb6	0x2fb0
0x2fba	0x2fb0
0x2fbc	0x2fb0
0x2fdd	0x2fb0
0x2fe0	0x2fb0
0x2fe2	0x2fb0
0x2ff3	0x2fb0
0x2ff5	0x2fb0
0x2ff6	0x2fb0
0x2ff9	0x2fb0
0x2ffb	0x2fb0
0x2ffd	0x2fb0
0x3001	0x3000
0x3008	0x3000
0x300a	0x3000
0x302b	0x3000
0x302e	0x3000
0x3030	0x3000
0x3032	0x3000
0x3060	0x305f
0x3065	0x305f
0x3069	0x305f
0x306b	0x305f
0x3080	0x305f
0x3082	0x305f
0x3083	0x305f
0x3086	0x305f
0x3088	0x305f
0x308a	0x305f
0x308e	0x308d
0x3093	0x308d
0x3097	0x308d
0x3099	0x308d
0x30ba	0x308d
0x30bd	0x308d
0x30bf	0x308d
0x30c1	0x308d
0x30c5	0x30c4
0x30ca	0x30c4
0x30ce	0x30c4
0x30d0	0x30c4
0x30f1	0x30c4
0x30f4	0x30c4
0x30f6	0x30c4
0x3100	0x30c4
0x3102	0x30c4
0x3103	0x30c4
0x3106	0x30c4
0x3108	0x30c4
0x310a	0x30c4
0x310e	0x310d
0x3113	0x310d
0x3117	0x310d
0x3119	0x310d
0x313a	0x310d
0x313d	0x310d
0x313f	0x310d
0x3141	0x310d
0x3145	0x3144
0x314a	0x3144
0x314e	0x3144
0x3150	0x3144
0x3171	0x3144
0x3174	0x3144
0x3176	0x3144
0x3178	0x3144
0x31c6	0x31c5
0x31cd	0x31c5
0x31cf	0x31c5
0x31f0	0x31c5
0x31f3	0x31c5
0x31f5	0x31c5
0x31f7	0x31c5
0x3232	0x3231
0x3237	0x3231
0x323b	0x3231
0x323d	0x3231
0x325e	0x3231
0x3261	0x3231
0x3263	0x3231
0x3265	0x3231
0x3269	0x3268
0x3270	0x3268
0x3272	0x3268
0x3293	0x3268
0x3296	0x3268
0x3298	0x3268
0x329a	0x3268
0x3300	0x32ff
0x3305	0x32ff
0x3309	0x32ff
0x330b	0x32ff
0x332c	0x32ff
0x332f	0x32ff
0x3331	0x32ff
0x3341	0x32ff
0x3343	0x32ff
0x3344	0x32ff
0x3347	0x32ff
0x3349	0x32ff
0x334b	0x32ff
0x334f	0x334e
0x3351	0x334e
0x3356	0x334e
0x3357	0x334e
0x335a	0x334e
0x335c	0x334e
0x335f	0x334e
0x3360	0x334e
0x3361	0x334e
0x3364	0x334e
0x3366	0x334e
0x3369	0x334e
0x336a	0x334e
0x336b	0x334e
0x336d	0x334e
0x3370	0x334e
0x3372	0x334e
0x3375	0x334e
0x3378	0x334e
0x337a	0x334e
0x337f	0x337e
0x3382	0x337e
0x3383	0x337e
0x3386	0x337e
0x3387	0x337e
0x3389	0x337e
0x338a	0x337e
0x338b	0x337e
0x338e	0x337e
0x3392	0x337e
0x3397	0x337e
0x339c	0x339b
0x339f	0x339b
0x33a0	0x339b
0x33a3	0x339b
0x33a7	0x339b
0x33ad	0x33ab
0x33b0	0x33ab
0x33b2	0x33ab
0x33b5	0x33ab
0x33b6	0x33ab
0x33b7	0x33ab
0x33ba	0x33ab
0x33c8	0x33c7
0x33ca	0x33c7
0x33cc	0x33c7
0x33ce	0x33c7
0x33cf	0x33c7
0x33d3	0x33c7
0x33d6	0x33c7
0x33d8	0x33c7
0x33dc	0x33db
0x33e1	0x33db
0x33e4	0x33db
0x33e6	0x33db
0x6931	0x6930
0x6955	0x6954
0x6979	0x6978
0x699d	0x699c
0x69c1	0x69c0
0x69e5	0x69e4
0x6a09	0x6a08
0x6a2d	0x6a2c
0x6a51	0x6a50
0x6a75	0x6a74
0x13910	0x18c2
0x14310	0x1924
0x312a2	0x312a1
0x312a4	0x312a1
0x312a5	0x312a1
0x312aa	0x312a1
0x31317	0x31316
0x31319	0x31316
0x3131a	0x31316
0x3131f	0x31316
0x31364	0x31363
0x31366	0x31363
0x31367	0x31363
0x3136c	0x31363
0x313f3	0x313f2
0x313f5	0x313f2
0x313f8	0x313f2
0x3145d	0x3145c
0x3145f	0x3145c
0x31462	0x3145c
0x314a6	0x314a5
0x314a8	0x314a5
0x314ab	0x314a5
0x314ce	0x314cd
0x314d0	0x314cd
0x314d1	0x314cd
0x314d6	0x314cd
0x31522	0x31521
0x31524	0x31521
0x31525	0x31521
0x3152a	0x31521
0x31597	0x31596
0x31599	0x31596
0x3159a	0x31596
0x3159f	0x31596
0x31605	0x31604
0x31607	0x31604
0x31608	0x31604
0x3160d	0x31604
0x31652	0x31651
0x31654	0x31651
0x31655	0x31651
0x3165a	0x31651
0x3167e	0x3167d
0x31680	0x3167d
0x31681	0x3167d
0x31686	0x3167d
0x316cb	0x316ca
0x316cd	0x316ca
0x316ce	0x316ca
0x316d3	0x316ca
0x31718	0x31717
0x3171a	0x31717
0x3171b	0x31717
0x31720	0x31717
0x31765	0x31764
0x31767	0x31764
0x31768	0x31764
0x3176d	0x31764
0x31791	0x31790
0x317b5	0x317b4
0x317b7	0x317b4
0x317b8	0x317b4
0x317bd	0x317b4
0x31802	0x31801
0x31804	0x31801
0x31805	0x31801
0x3180a	0x31801
0x3184f	0x3184e
0x31851	0x3184e
0x31852	0x3184e
0x31857	0x3184e
0x3187b	0x3187a
0x3187d	0x3187a
0x31880	0x3187a
0x318a3	0x318a2
0x318a5	0x318a2
0x318a8	0x318a2
0x318cb	0x318ca
0x318cd	0x318ca
0x318ce	0x318ca
0x318d3	0x318ca
0x318f7	0x318f6
0x318f9	0x318f6
0x318fa	0x318f6
0x318ff	0x318f6
0x31923	0x31922
0x31925	0x31922
0x31926	0x31922
0x3192b	0x31922
0x319b2	0x319b1
0x319b4	0x319b1
0x319b5	0x319b1
0x319ba	0x319b1
0x319ff	0x319fe
0x31a01	0x319fe
0x31a02	0x319fe
0x31a07	0x319fe
0x31a2b	0x31a2a
0x31a2d	0x31a2a
0x31a2e	0x31a2a
0x31a33	0x31a2a
0x31a99	0x31a98
0x31a9b	0x31a98
0x31a9e	0x31a98
0x31ac1	0x31ac0
0x31ac3	0x31ac0
0x31ac6	0x31ac0
0x3e5e5	0x3e5e4
0x3e5e7	0x3e5e4
0x3e5ea	0x3e5e4
0x3e60d	0x3e60c
0x3e60f	0x3e60c
0x3e612	0x3e60c
0x3e723	0x3e722
0x3e747	0x3e746
0x3e749	0x3e746
0x3e74c	0x3e746
0x3e792	0x3e791
0x3e794	0x3e791
0x3e797	0x3e791
0x3e799	0x3e791
0x3e79b	0x3e791
0x3e7bf	0x3e7be
0x3e7c1	0x3e7be
0x3e7c4	0x3e7be
0x3e7e7	0x3e7e6
0x3e7e9	0x3e7e6
0x3e7ec	0x3e7e6
0x3e7ee	0x3e7e6
0x3e7f0	0x3e7e6
0x3e814	0x3e813
0x3e816	0x3e813
0x3e819	0x3e813
0x3e8ad	0x3e8ac
0x3e8af	0x3e8ac
0x3e8b2	0x3e8ac
0x3e8d5	0x3e8d4
0x3e8d7	0x3e8d4
0x3e8da	0x3e8d4
0x3e8fd	0x3e8fc
0x3e8ff	0x3e8fc
0x3e902	0x3e8fc
0x4b470	0x4b46f
0x4b472	0x4b46f
0x4b475	0x4b46f
0x6981e	0x6981d
0x69820	0x6981d
0x69823	0x6981d
0x7b082	0x7b081
0x7b084	0x7b081
0x7b087	0x7b081
0x7b089	0x7b081
0x7b0ac	0x7b0ab
0x7b0ae	0x7b0ab
0x7b0b1	0x7b0ab
0x7b0b3	0x7b0ab
0x7b0b5	0x7b0ab
0x7b0d9	0x7b0d8
0x7b0db	0x7b0d8
0x7b0de	0x7b0d8
0x7b101	0x7b100
0x7b103	0x7b100
0x7b106	0x7b100
0x7b108	0x7b100
0x7b10a	0x7b100
0x87c2a	0x87c29
0x87c2c	0x87c29
0x87c2f	0x87c29
0x87c31	0x87c29
0x87c33	0x87c29
0x87c57	0x87c56
0x87c59	0x87c56
0x87c5c	0x87c56
0x87c7f	0x87c7e
0x87c81	0x87c7e
0x87c84	0x87c7e
0x87c86	0x87c7e
0x87c88	0x87c7e
0x87cac	0x87cab
0x87cd0	0x87ccf
0x87cd2	0x87ccf
0x87cd5	0x87ccf
0x87cf8	0x87cf7
0x87cfa	0x87cf7
0x87cfd	0x87cf7
0x87d20	0x87d1f
0x87d22	0x87d1f
0x87d25	0x87d1f
0x87d48	0x87d47
0x87d4a	0x87d47
0x87d4d	0x87d47
0x87d70	0x87d6f
0x87d72	0x87d6f
0x87d75	0x87d6f
0x87d98	0x87d97
0x87d9a	0x87d97
0x87d9d	0x87d97
0x87d9f	0x87d97
0x87dc2	0x87dc1
0x87dc4	0x87dc1
0x87dc7	0x87dc1
0x87dc9	0x87dc1
0x87dcb	0x87dc1
0x87def	0x87dee
0x87df1	0x87dee
0x87df4	0x87dee
0x87e17	0x87e16
0x87e19	0x87e16
0x87e1c	0x87e16
0x87e1e	0x87e16
0x87e20	0x87e16
0x87ef6	0x87ef5
0x87ef8	0x87ef5
0x87efb	0x87ef5
0x87efd	0x87ef5
0x87efe	0x87ef5
0x87eff	0x87ef5
0x87f44	0x87f43
0x87f46	0x87f43
0x87f49	0x87f43
0x99767	0x87f6b
0x997a8	0x997a7
0x997aa	0x997a7
0x997ad	0x997a7
0x997af	0x997a7
0x997b0	0x997a7
0x997b1	0x997a7
0x997f6	0x997f5
0x997f8	0x997f5
0x997fb	0x997f5
0x998ad	0x998ac
0x998af	0x998ac
0x998b2	0x998ac
0x998b4	0x998ac
0x998b5	0x998ac
0x998b6	0x998ac
0x998fb	0x998fa
0x998fd	0x998fa
0x99900	0x998fa
0xc94e9	0xc94e8
0xc94eb	0xc94e8
0xc94ee	0xc94e8
0x10fb89	0x10fb88
0x10fb8b	0x10fb88
0x10fb8e	0x10fb88
0x10fbb1	0x10fbb0
0x10fbb3	0x10fbb0
0x10fbb6	0x10fbb0
0x10fbd9	0x10fbd8
0x10fbdb	0x10fbd8
0x10fbde	0x10fbd8
0x10fc01	0x10fc00
0x10fc03	0x10fc00
0x10fc06	0x10fc00
0x10fc29	0x10fc28
0x10fc2b	0x10fc28
0x10fc2e	0x10fc28
0x10fc51	0x10fc50
0x10fc53	0x10fc50
0x10fc56	0x10fc50
0x10fc79	0x10fc78
0x10fc7b	0x10fc78
0x10fc7e	0x10fc78
0x10fca1	0x10fca0
0x10fca3	0x10fca0
0x10fca6	0x10fca0
0x10fcc9	0x10fcc8
0x10fccb	0x10fcc8
0x10fcce	0x10fcc8
0x10fcf1	0x10fcf0
0x10fcf3	0x10fcf0
0x10fcf6	0x10fcf0
0x10fd19	0x10fd18
0x10fd1b	0x10fd18
0x10fd1e	0x10fd18
0x10fd41	0x10fd40
0x10fd43	0x10fd40
0x10fd46	0x10fd40
0x10fd69	0x10fd68
0x10fd6b	0x10fd68
0x10fd6e	0x10fd68
0x10fd91	0x10fd90
0x10fd93	0x10fd90
0x10fd96	0x10fd90
0x10fdb9	0x10fdb8
0x10fdbb	0x10fdb8
0x10fdbe	0x10fdb8
0x10fde1	0x10fde0
0x10fde3	0x10fde0
0x10fde6	0x10fde0
0x10fe09	0x10fe08
0x10fe0b	0x10fe08
0x10fe0e	0x10fe08
0x10fe31	0x10fe30
0x10fe33	0x10fe30
0x10fe36	0x10fe30
0x10fe59	0x10fe58
0x10fe5b	0x10fe58
0x10fe5e	0x10fe58
0x10fe81	0x10fe80
0x10fe83	0x10fe80
0x10fe86	0x10fe80
0x10fea9	0x10fea8
0x10feab	0x10fea8
0x10feae	0x10fea8
0x8e2	0x8d8
0x1b36	0x1b2c
0xade	0xace
0x524	0x520
0x5c6	0x5c2
0x302	0x2fe
0x418	0x414
0x1f2f	0x1f25
0x20ef	0x20e5
0x31794	0x31790
0x3e726	0x3e722
0x3e79e	0x3e791
0x7b0b8	0x7b0ab
0x87c36	0x87c29
0x87caf	0x87cab
0x87dce	0x87dc1
0x87f02	0x87ef5
0x997b4	0x997a7
0x998b9	0x998ac
0x998	0x942
0x1d7c	0x1d25
0x690	0x68c
0x7e8	0x7e4
0x2093	0x2076
0x3d3	0x3c5
0x51f	0x511
0x581	0x573
0x5c1	0x5b3
0x735	0x727
0x823	0x815
0x8b5	0x8a7
0x1c28	0x1c05
0x66b	0x65d
0x700	0x6f2
0x803	0x7f5
0x54c	0x53e
0x460	0x452
0x3b3	0x3a5
0x3f3	0x3e5
0x6cb	0x6bd
0x843	0x835
0x413	0x405
0x601	0x5f3
0x2fd	0x2ef
0x353	0x345
0x480	0x472
0x2db	0x2ce
0x86b	0x85e
0x333	0x325
0x76a	0x75c
0x12be	0x126e
0x9d1	0x999
0x1db8	0x1d7d
0x566	0x55e
0xfa5	0xf88
0x1076	0x106f
0x1b01	0x1ae4
0x20a0	0x209a
0x2a16	0x2a0b
0x29f0	0x29e2
0x2990	0x2987
0x29e1	0x29d8
0x1d24	0x1d01
0x393	0x385
0x4ad	0x49f
0x64b	0x63d
0x6ab	0x69d
0x7e3	0x7d5
0x5a1	0x593
0x337d	0x334e
0x339a	0x337e
0xfe6	0xfd8
0x101f	0x1011
0x1e3e	0x1e33
0x1e5b	0x1e4d
0x1e87	0x1e79
0x2104	0x20f6
0x1775	0x176a
0x17d3	0x17c5
0x17fe	0x17f0
0x1a69	0x1a5b
0x1a95	0x1a87
0x1f44	0x1f36
0x1fbf	0x1fb1
0x314d9	0x314cd
0x316d6	0x316ca
0x31723	0x31717
0x3152d	0x31521
0x315a2	0x31596
0x31610	0x31604
0x3165d	0x31651
0x31770	0x31764
0x312ad	0x312a1
0x31322	0x31316
0x3136f	0x31363
0x31689	0x3167d
0x317c0	0x317b4
0x3180d	0x31801
0x3185a	0x3184e
0x318d6	0x318ca
0x31902	0x318f6
0x3192e	0x31922
0x319bd	0x319b1
0x31a0a	0x319fe
0x31a36	0x31a2a
0xb3f	0xafc
0x1338	0x1304
0x425	0x419
0x2201	0x21ea
0x941	0x92b
0x1b8d	0x1b77
0x378	0x374
0x3b8	0x3b4
0x3f8	0x3f4
0x465	0x461
0x551	0x54d
0x586	0x582
0x5e6	0x5e2
0x630	0x628
0x670	0x66c
0x705	0x701
0x808	0x804
0x848	0x844
0x8cf	0x8c7
0x8d7	0x8d0
0xa63	0xa5c
0xfcb	0xfc2
0xfd7	0xfd0
0x115c	0x1155
0x1164	0x115d
0x13fd	0x13f6
0x1563	0x155c
0x1724	0x171d
0x17c4	0x17bd
0x1a5a	0x1a53
0x1b2b	0x1b24
0x1e4c	0x1e45
0x2661	0x2657
0x2671	0x2662
0x2681	0x2672
0x28a0	0x2896
0x2c14	0x2bfe
0x33aa	0x339b
0x3e7f3	0x3e7e6
0x7b10d	0x7b100
0x87c8b	0x87c7e
0x87e23	0x87e16
0x6e	0x6b
0x94	0x91
0xdb	0xd8
0x12d	0x12a
0x174	0x171
0x1c6	0x1c3
0x1ec	0x1e9
0x233	0x230
0x285	0x282
0x2e0	0x2dc
0x338	0x334
0x358	0x354
0x373	0x365
0x398	0x394
0x3d8	0x3d4
0x440	0x432
0x445	0x441
0x485	0x481
0x492	0x486
0x4b2	0x4ae
0x4cd	0x4bf
0x4d2	0x4ce
0x4e2	0x4d3
0x4f7	0x4ef
0x5a6	0x5a2
0x5e1	0x5d3
0x606	0x602
0x61b	0x613
0x650	0x64c
0x68b	0x67d
0x6b0	0x6ac
0x6e5	0x6dd
0x71a	0x712
0x73a	0x736
0x74f	0x747
0x76f	0x76b
0x77c	0x770
0x791	0x789
0x79e	0x792
0x7b3	0x7ab
0x7c8	0x7c0
0x828	0x824
0x85d	0x855
0x870	0x86c
0x885	0x87d
0x89a	0x892
0x8ba	0x8b6
0x903	0x8ed
0xa48	0xa00
0xacd	0xab7
0xafb	0xae5
0xb4e	0xb40
0xb60	0xb4f
0xf87	0xf73
0xfc1	0xfab
0x1010	0xffa
0x106e	0x102e
0x10a6	0x1090
0x11ac	0x1165
0x1218	0x1202
0x124a	0x1234
0x126d	0x1257
0x134c	0x1339
0x13f5	0x13db
0x1430	0x13fe
0x1468	0x1431
0x1477	0x1469
0x1596	0x1580
0x15ab	0x1597
0x1655	0x1630
0x165b	0x1656
0x1688	0x166e
0x1746	0x1730
0x174b	0x1747
0x17bc	0x17b7
0x17ef	0x17d9
0x183f	0x17ff
0x1844	0x1840
0x184c	0x1845
0x1995	0x197e
0x199e	0x1996
0x19a4	0x199f
0x19aa	0x19a5
0x1a86	0x1a70
0x1ae3	0x1aa4
0x1b1d	0x1b07
0x1b23	0x1b1e
0x1b58	0x1b42
0x1bb3	0x1b9d
0x1c50	0x1c3a
0x1cd2	0x1ca0
0x1e32	0x1de7
0x1e44	0x1e3f
0x1e78	0x1e62
0x1ec7	0x1e88
0x1f1a	0x1f15
0x1f24	0x1f1b
0x1f6e	0x1f58
0x1fb0	0x1f6f
0x1fdb	0x1fc5
0x2120	0x210a
0x2209	0x2202
0x24dd	0x24a6
0x2691	0x2682
0x2826	0x2818
0x28ae	0x28a1
0x29c0	0x29ac
0x2a28	0x2a17
0x2b0c	0x2ae1
0x2b8e	0x2b76
0x2c26	0x2c15
0x2ce2	0x2cac
0x2d12	0x2ce3
0x2d8b	0x2d55
0x2dc2	0x2d8c
0x2e11	0x2dc3
0x2ea5	0x2e6f
0x2ed5	0x2ea6
0x2f0c	0x2ed6
0x2f43	0x2f0d
0x2f7a	0x2f44
0x2fff	0x2fb0
0x3034	0x3000
0x308c	0x305f
0x30c3	0x308d
0x310c	0x30c4
0x3143	0x310d
0x317a	0x3144
0x31f9	0x31c5
0x3267	0x3231
0x329c	0x3268
0x334d	0x32ff
0x33c6	0x33ab
0x33da	0x33c7
0x33e8	0x33db
0x13930	0x18c2
0x14330	0x1924
0x7b08b	0x7b081
0x87da1	0x87d97
0x99787	0x87f6b
0x1d	0xd
0x28	0x1e
0x33	0x29
0x3e	0x34
0xe7	0xdc
0x180	0x175
0x18b	0x181
0x196	0x18c
0x23f	0x234
0x2ea	0x2e3
0x320	0x319
0x340	0x339
0x360	0x359
0x380	0x379
0x3a0	0x399
0x3c0	0x3b9
0x3e0	0x3d9
0x400	0x3f9
0x42d	0x426
0x44d	0x446
0x46d	0x466
0x49a	0x493
0x4ba	0x4b3
0x4ea	0x4e3
0x50c	0x505
0x539	0x532
0x559	0x552
0x56e	0x567
0x58e	0x587
0x5ae	0x5a7
0x5ce	0x5c7
0x5ee	0x5e7
0x60e	0x607
0x623	0x61c
0x638	0x631
0x658	0x651
0x678	0x671
0x698	0x691
0x6b8	0x6b1
0x6d8	0x6d1
0x6ed	0x6e6
0x70d	0x706
0x722	0x71b
0x742	0x73b
0x757	0x750
0x784	0x77d
0x7a6	0x79f
0x7bb	0x7b4
0x7d0	0x7c9
0x7f0	0x7e9
0x810	0x809
0x830	0x829
0x850	0x849
0x878	0x871
0x88d	0x886
0x8a2	0x89b
0x8c2	0x8bb
0x8ec	0x8e3
0x92a	0x90d
0x9e7	0x9d2
0x9f6	0x9ec
0xaae	0xa64
0xab6	0xab0
0xae4	0xadf
0xfaa	0xfa6
0xff9	0xff5
0x108f	0x1077
0x11f9	0x11ad
0x1201	0x11fb
0x122c	0x1219
0x1233	0x122e
0x1256	0x124b
0x12d4	0x12bf
0x12e3	0x12d9
0x1302	0x12ed
0x157f	0x1564
0x172f	0x1725
0x17d8	0x17d4
0x18c1	0x184d
0x18ef	0x18d2
0x1923	0x18f0
0x1951	0x1934
0x1971	0x1952
0x197c	0x1973
0x1a6f	0x1a6a
0x1b06	0x1b02
0x1b41	0x1b37
0x1b76	0x1b59
0x1b9c	0x1b8e
0x1bec	0x1bb4
0x1bfb	0x1bf1
0x1c39	0x1c29
0x1c87	0x1c51
0x1c96	0x1c8c
0x1ce8	0x1cd3
0x1cf7	0x1ced
0x1dce	0x1db9
0x1ddd	0x1dd3
0x1e61	0x1e5c
0x1f14	0x1efb
0x1f35	0x1f30
0x1f57	0x1f53
0x1fc4	0x1fc0
0x2099	0x2094
0x20f5	0x20f0
0x2109	0x2105
0x21e9	0x21de
0x2653	0x2642
0x2814	0x2806
0x2892	0x2884
0x2983	0x2972
0x29a8	0x2991
0x29d4	0x29c1
0x2a07	0x29f1
0x20e4	0x20a1
0x3e771	0x3e76e
0x87eb1	0x87ead
0x87ed5	0x87ed1
0x87f23	0x87f22
0x997d5	0x997d4
0x9988c	0x99889
0x998da	0x998d9
0x10ffaf	0x10ffaa
0x1062	0x102e
0x142e	0x13fe
0x1833	0x17ff
0x1ad8	0x1aa4
0x1ebc	0x1e88
0xa3f	0xa00
0xb48	0xb40
0x1341	0x1339
0x1e26	0x1de7
0x20e1	0x20a1
0x31281	0x31280
0x312f6	0x312f5
0x31343	0x31342
0x31390	0x3138f
0x313b1	0x313b0
0x313d2	0x313d1
0x3141b	0x3141a
0x3143c	0x3143b
0x31485	0x31484
0x31576	0x31575
0x315c3	0x315c2
0x315e4	0x315e3
0x31631	0x31630
0x316aa	0x316a9
0x316f7	0x316f6
0x31744	0x31743
0x317e1	0x317e0
0x3182e	0x3182d
0x3194f	0x3194e
0x31970	0x3196f
0x31991	0x31990
0x319de	0x319dd
0x31a57	0x31a56
0x31a78	0x31a77
0x313fa	0x313f2
0x31464	0x3145c
0x314ad	0x314a5
0x31882	0x3187a
0x318aa	0x318a2
0x10fb90	0x10fb88
0x10fbb8	0x10fbb0
0x10fbe0	0x10fbd8
0x10fc08	0x10fc00
0x10fc30	0x10fc28
0x10fc58	0x10fc50
0x10fc80	0x10fc78
0x10fca8	0x10fca0
0x10fcd0	0x10fcc8
0x10fcf8	0x10fcf0
0x10fd20	0x10fd18
0x10fd48	0x10fd40
0x10fd70	0x10fd68
0x10fd98	0x10fd90
0x10fdc0	0x10fdb8
0x10fde8	0x10fde0
0x10fe10	0x10fe08
0x10fe38	0x10fe30
0x10fe60	0x10fe58
0x10fe88	0x10fe80
0x10feb0	0x10fea8
0x2cd	0x2c9
0x2ee	0x2eb
0x324	0x321
0x344	0x341
0x364	0x361
0x384	0x381
0x3a4	0x3a1
0x3c4	0x3c1
0x3e4	0x3e1
0x404	0x401
0x431	0x42e
0x451	0x44e
0x471	0x46e
0x49e	0x49b
0x4be	0x4bb
0x4ee	0x4eb
0x510	0x50d
0x53d	0x53a
0x55d	0x55a
0x572	0x56f
0x592	0x58f
0x5b2	0x5af
0x5d2	0x5cf
0x5f2	0x5ef
0x612	0x60f
0x627	0x624
0x63c	0x639
0x65c	0x659
0x67c	0x679
0x69c	0x699
0x6bc	0x6b9
0x6dc	0x6d9
0x6f1	0x6ee
0x711	0x70e
0x726	0x723
0x746	0x743
0x75b	0x758
0x788	0x785
0x7aa	0x7a7
0x7bf	0x7bc
0x7d4	0x7d1
0x7f4	0x7f1
0x814	0x811
0x834	0x831
0x854	0x851
0x87c	0x879
0x891	0x88e
0x8a6	0x8a3
0x8c6	0x8c3
0x9eb	0x9e8
0x9ff	0x9f7
0x12d8	0x12d5
0x12ec	0x12e4
0x1bf0	0x1bed
0x1c04	0x1bfc
0x1c8b	0x1c88
0x1c9f	0x1c97
0x1cec	0x1ce9
0x1d00	0x1cf8
0x1dd2	0x1dcf
0x1de6	0x1dde
0x2656	0x2654
0x2817	0x2815
0x2895	0x2893
0x2986	0x2984
0x29ab	0x29a9
0x29d7	0x29d5
0x2a0a	0x2a08
0x6934	0x6930
0x6958	0x6954
0x697c	0x6978
0x69a0	0x699c
0x69c4	0x69c0
0x69e8	0x69e4
0x6a0c	0x6a08
0x6a30	0x6a2c
0x6a54	0x6a50
0x6a78	0x6a74
0x31aa0	0x31a98
0x31ac8	0x31ac0
0x3e5ec	0x3e5e4
0x3e614	0x3e60c
0x3e74e	0x3e746
0x3e7c6	0x3e7be
0x3e81b	0x3e813
0x3e8b4	0x3e8ac
0x3e8dc	0x3e8d4
0x3e904	0x3e8fc
0x4b477	0x4b46f
0x69825	0x6981d
0x7b0e0	0x7b0d8
0x87c5e	0x87c56
0x87cd7	0x87ccf
0x87cff	0x87cf7
0x87d27	0x87d1f
0x87d4f	0x87d47
0x87d77	0x87d6f
0x87df6	0x87dee
0x87f4b	0x87f43
0x997fd	0x997f5
0x99902	0x998fa
0xc94f0	0xc94e8
0x2aff	0x2ae1
0x8f8	0x8ed
0x912	0x90d
0x917	0x90d
0x936	0x92b
0x94b	0x942
0x952	0x942
0x97e	0x942
0x982	0x942
0x988	0x942
0x98c	0x942
0x9a7	0x999
0xa88	0xa64
0xa8f	0xa64
0xa97	0xa64
0xa9a	0xa64
0xac2	0xab7
0xaf0	0xae5
0xb34	0xafc
0xb54	0xb4f
0xb59	0xb4f
0xf78	0xf73
0xf7d	0xf73
0xf8d	0xf88
0xf92	0xf88
0xfb6	0xfab
0x1005	0xffa
0x109b	0x1090
0x116a	0x1165
0x1171	0x1165
0x11ba	0x11ad
0x11bd	0x11ad
0x11d4	0x11ad
0x11d8	0x11ad
0x11de	0x11ad
0x11e1	0x11ad
0x120d	0x1202
0x123f	0x1234
0x1262	0x1257
0x1285	0x126e
0x128a	0x126e
0x129d	0x126e
0x1321	0x1304
0x13e0	0x13db
0x13e5	0x13db
0x1438	0x1431
0x143d	0x1431
0x1445	0x1431
0x1448	0x1431
0x156d	0x1564
0x1572	0x1564
0x158b	0x1580
0x15a0	0x1597
0x15a5	0x1597
0x1637	0x1630
0x163c	0x1630
0x1643	0x1630
0x1646	0x1630
0x164b	0x1630
0x164d	0x1630
0x1673	0x166e
0x1678	0x166e
0x173b	0x1730
0x17e4	0x17d9
0x1871	0x184d
0x1878	0x184d
0x1880	0x184d
0x1882	0x184d
0x188e	0x184d
0x1892	0x184d
0x189b	0x184d
0x18ac	0x184d
0x18af	0x184d
0x18cb	0x18c2
0x18df	0x18d2
0x18f7	0x18f0
0x1910	0x18f0
0x1917	0x18f0
0x192d	0x1924
0x1941	0x1934
0x1958	0x1952
0x1980	0x197e
0x198a	0x197e
0x1a7b	0x1a70
0x1ae9	0x1ae4
0x1aee	0x1ae4
0x1b12	0x1b07
0x1b4d	0x1b42
0x1b5e	0x1b59
0x1b63	0x1b59
0x1b82	0x1b77
0x1ba8	0x1b9d
0x1bd4	0x1bb4
0x1c1b	0x1c05
0x1c45	0x1c3a
0x1c70	0x1c51
0x1caf	0x1ca0
0x1d17	0x1d01
0x1d2f	0x1d25
0x1d36	0x1d25
0x1d62	0x1d25
0x1d66	0x1d25
0x1d6c	0x1d25
0x1d70	0x1d25
0x1da7	0x1d7d
0x1e6d	0x1e62
0x1f04	0x1efb
0x1f09	0x1efb
0x1f63	0x1f58
0x1f80	0x1f6f
0x1f85	0x1f6f
0x1fab	0x1f6f
0x1fd0	0x1fc5
0x207b	0x2076
0x2080	0x2076
0x2115	0x210a
0x21f5	0x21ea
0x24b0	0x24a6
0x24b5	0x24a6
0x24bc	0x24a6
0x24c4	0x24a6
0x24cb	0x24a6
0x24d3	0x24a6
0x24da	0x24a6
0x2af8	0x2ae1
0x2b07	0x2ae1
0x2b84	0x2b76
0x2b89	0x2b76
0x2c01	0x2bfe
0x2c08	0x2bfe
0x2c1d	0x2c15
0x2c21	0x2c15
0x2cb1	0x2cac
0x2cb7	0x2cac
0x2cdd	0x2cac
0x2ce8	0x2ce3
0x2cee	0x2ce3
0x2d0d	0x2ce3
0x2d5a	0x2d55
0x2d60	0x2d55
0x2d86	0x2d55
0x2d91	0x2d8c
0x2d97	0x2d8c
0x2dbd	0x2d8c
0x2dc8	0x2dc3
0x2dce	0x2dc3
0x2df4	0x2dc3
0x2e0c	0x2dc3
0x2e74	0x2e6f
0x2e7a	0x2e6f
0x2ea0	0x2e6f
0x2eab	0x2ea6
0x2eb1	0x2ea6
0x2ed0	0x2ea6
0x2edb	0x2ed6
0x2ee1	0x2ed6
0x2f07	0x2ed6
0x2f12	0x2f0d
0x2f18	0x2f0d
0x2f3e	0x2f0d
0x2f49	0x2f44
0x2f4f	0x2f44
0x2f75	0x2f44
0x2fb5	0x2fb0
0x2fbb	0x2fb0
0x2fe1	0x2fb0
0x2ffa	0x2fb0
0x3005	0x3000
0x3009	0x3000
0x302f	0x3000
0x3064	0x305f
0x306a	0x305f
0x3087	0x305f
0x3092	0x308d
0x3098	0x308d
0x30be	0x308d
0x30c9	0x30c4
0x30cf	0x30c4
0x30f5	0x30c4
0x3107	0x30c4
0x3112	0x310d
0x3118	0x310d
0x313e	0x310d
0x3149	0x3144
0x314f	0x3144
0x3175	0x3144
0x31ca	0x31c5
0x31ce	0x31c5
0x31f4	0x31c5
0x3236	0x3231
0x323c	0x3231
0x3262	0x3231
0x326d	0x3268
0x3271	0x3268
0x3297	0x3268
0x3304	0x32ff
0x330a	0x32ff
0x3330	0x32ff
0x3348	0x32ff
0x3354	0x334e
0x335b	0x334e
0x3365	0x334e
0x3371	0x334e
0x338f	0x337e
0x33b1	0x33ab
0x33bb	0x33ab
0x33d5	0x33c7
0x33e3	0x33db
0x97c	0x942
0xb0b	0xafc
0x106d	0x102e
0x127e	0x126e
0x1403	0x13fe
0x15aa	0x1597
0x174a	0x1747
0x183e	0x17ff
0x1ae2	0x1aa4
0x1d60	0x1d25
0x1ec6	0x1e88
0x9fb	0x9f7
0x12e8	0x12e4
0x1c00	0x1bfc
0x1c9b	0x1c97
0x1cfc	0x1cf8
0x1de2	0x1dde
0xaaf	0xaaf
0x11fa	0x11fa
0x122d	0x122d
0x1303	0x1303
0x1972	0x1972
0x197d	0x197d
0x175	0x175
0xdc	0xdc
0x95	0x95
0x6f	0x6f
0x6954	0x6954
0x6978	0x6978
0x699c	0x699c
0x12e	0x12e
0x69c0	0x69c0
0x69e4	0x69e4
0x234	0x234
0x1ed	0x1ed
0x1c7	0x1c7
0x6a08	0x6a08
0x6a2c	0x6a2c
0x6a50	0x6a50
0x286	0x286
0x6a74	0x6a74
0x31280	0x31280
0x2dc	0x2dc
0x28e9	0x28e9B0x2ce
0x28e9	0x28e9B0x85e
0x8d0	0x8d0
0x2ef	0x2ef
0x312a1	0x312a1
0x2fe	0x2fe
0x28ce	0x28ceB0x2ef
0x28ce	0x28ceB0x345
0x28ce	0x28ceB0x472
0xa49	0xa49B0x2fe
0x325	0x325
0x312f5	0x312f5
0x334	0x334
0x2935	0x2935B0x325
0x2935	0x2935B0x75c
0xa5c	0xa5c
0x345	0x345
0x31316	0x31316
0x354	0x354
0xb4f	0xb4f
0x365	0x365
0x31342	0x31342
0x374	0x374
0x2972	0x2972
0xb61	0xb61B0x374
0x385	0x385
0x31363	0x31363
0x394	0x394
0x27ca	0x27caB0x385
0x27ca	0x27caB0x49f
0x27ca	0x27caB0x63d
0x27ca	0x27caB0x69d
0x27ca	0x27caB0x7d5
0xf73	0xf73
0x3a5	0x3a5
0x3138f	0x3138f
0x3b4	0x3b4
0x27e2	0x27e2B0x3a5
0x27e2	0x27e2B0x3e5
0x27e2	0x27e2B0x6bd
0x27e2	0x27e2B0x835
0xf88	0xf88
0x3c5	0x3c5
0x313b0	0x313b0
0x3d4	0x3d4
0x25cb	0x25cbB0x3c5
0x25cb	0x25cbB0x511
0x25cb	0x25cbB0x573
0x25cb	0x25cbB0x5b3
0x25cb	0x25cbB0x727
0x25cb	0x25cbB0x815
0x25cb	0x25cbB0x8a7
0x25cb	0x25cbB0x136cB0x461
0xfd0	0xfd0
0x3e5	0x3e5
0x313d1	0x313d1
0x3f4	0x3f4
0x106f	0x106f
0x405	0x405
0x419	0x419
0x414	0x414
0x2850	0x2850B0x405
0x10b1	0x10b1B0x414
0x313f2	0x313f2
0x2c99	0x2c99B0x21ea
0x2c99	0x2c99B0x419
0x432	0x432
0x3141a	0x3141a
0x441	0x441
0x29c1	0x29c1
0x1155	0x1155
0x452	0x452
0x3143b	0x3143b
0x461	0x461
0x2742	0x2742B0x452
0x134d	0x134dB0x461
0x472	0x472
0x486	0x486
0x481	0x481
0x13db	0x13db
0x3145c	0x3145c
0x33c7	0x33c7
0x49f	0x49f
0x31484	0x31484
0x4ae	0x4ae
0x13f6	0x13f6
0x4bf	0x4bf
0x4d3	0x4d3
0x4ce	0x4ce
0x2884	0x2884
0x1431	0x1431
0x314a5	0x314a5
0x2bfe	0x2bfe
0x4ef	0x4ef
0x314cd	0x314cd
0x1469	0x1469
0x511	0x511
0x31521	0x31521
0x520	0x520
0x1478	0x1478B0x520
0x53e	0x53e
0x31575	0x31575
0x54d	0x54d
0x26d3	0x26d3B0x53e
0x1497	0x1497B0x54d
0x55e	0x55e
0x31596	0x31596
0x1531	0x1531B0x55e
0x573	0x573
0x315c2	0x315c2
0x582	0x582
0x153b	0x153bB0x582
0x593	0x593
0x315e3	0x315e3
0x5a2	0x5a2
0x2827	0x2827B0x593
0x155c	0x155c
0x5b3	0x5b3
0x31604	0x31604
0x5c2	0x5c2
0x15ac	0x15acB0x5c2
0x5d3	0x5d3
0x31630	0x31630
0x5e2	0x5e2
0x2642	0x2642
0x15bd	0x15bdB0x5e2
0x5f3	0x5f3
0x31651	0x31651
0x602	0x602
0x28af	0x28afB0x5f3
0x1630	0x1630
0x613	0x613
0x3167d	0x3167d
0x1656	0x1656
0x628	0x628
0x316a9	0x316a9
0x165c	0x165cB0x628
0x63d	0x63d
0x316ca	0x316ca
0x64c	0x64c
0x166e	0x166e
0x65d	0x65d
0x316f6	0x316f6
0x66c	0x66c
0x260a	0x260aB0x65d
0x260a	0x260aB0x6f2
0x1689	0x1689B0x66c
0x67d	0x67d
0x31717	0x31717
0x68c	0x68c
0x2806	0x2806
0x16f6	0x16f6B0x68c
0x69d	0x69d
0x31743	0x31743
0x6ac	0x6ac
0x171d	0x171d
0x6bd	0x6bd
0x31764	0x31764
0x31790	0x31790
0x6dd	0x6dd
0x317b4	0x317b4
0x176a	0x176a
0x6f2	0x6f2
0x317e0	0x317e0
0x701	0x701
0x1781	0x1781B0x701
0x712	0x712
0x31801	0x31801
0x17b7	0x17b7
0x727	0x727
0x3182d	0x3182d
0x736	0x736
0x17bd	0x17bd
0x747	0x747
0x3184e	0x3184e
0x1840	0x1840
0x75c	0x75c
0x770	0x770
0x76b	0x76b
0x1845	0x1845
0x3187a	0x3187a
0x334e	0x334e
0x789	0x789
0x792	0x792
0x1996	0x1996
0x318a2	0x318a2
0x33db	0x33db
0x7ab	0x7ab
0x318ca	0x318ca
0x199f	0x199f
0x7c0	0x7c0
0x318f6	0x318f6
0x19a5	0x19a5
0x7d5	0x7d5
0x31922	0x31922
0x7e4	0x7e4
0x19ab	0x19abB0x7e4
0x7f5	0x7f5
0x3194e	0x3194e
0x804	0x804
0x2692	0x2692B0x7f5
0x19c2	0x19c2B0x804
0x815	0x815
0x3196f	0x3196f
0x824	0x824
0x1a53	0x1a53
0x835	0x835
0x31990	0x31990
0x844	0x844
0x1ae4	0x1ae4
0x855	0x855
0x319b1	0x319b1
0x1b1e	0x1b1e
0x319dd	0x319dd
0x86c	0x86c
0x1b24	0x1b24
0x87d	0x87d
0x319fe	0x319fe
0x1e33	0x1e33
0x892	0x892
0x31a2a	0x31a2a
0x1e3f	0x1e3f
0x8a7	0x8a7
0x31a56	0x31a56
0x8b6	0x8b6
0x1e45	0x1e45
0x8c7	0x8c7
0x31a77	0x31a77
0x1ec8	0x1ec8B0x8c7
0x8d8	0x8d8
0x1ed8	0x1ed8B0x8d0
0x1ed8	0x1ed8B0x1b24
0x1ed8	0x1ed8B0x115d
0x1ed8	0x1ed8B0x2121B0x628
0x1ed8	0x1ed8B0xb69B0x374
0x8e3	0x8e3
0x1efb	0x1efb
0x90d	0x90d
0x31a98	0x31a98
0x2ea6	0x2ea6
0xc	0x0
0xa0	0x95
0x942	0x942
0x31ac0	0x31ac0
0x2f7b	0x2f7bB0x92b
0x2f7b	0x2f7bB0x1b77
0x999	0x999
0x23c7	0x23c7B0x942
0x23c7	0x23c7B0x1d25
0x9d2	0x9d2
0x2c4a	0x2c4aB0x999
0x2c4a	0x2c4aB0x1d7d
0x9ec	0x9ec
0xa00	0xa00
0xa64	0xa64
0x1f25	0x1f25
0xab0	0xab0
0xace	0xace
0x3e5e4	0x3e5e4
0x2f0d	0x2f0d
0xadf	0xadf
0x1f6f	0x1f6f
0xafc	0xafc
0x3e60c	0x3e60c
0x3000	0x3000
0xb40	0xb40
0x2bf0	0x2bf0B0xafc
0x2bf0	0x2bf0B0x1304
0x2bf0	0x2bf0B0xf21B0x374
0x2bf0	0x2bf0B0xdadB0x374
0xfa6	0xfa6
0x3e722	0x3e722
0x1fdc	0x1fdcB0x209a
0x1fdc	0x1fdcB0xf88
0x1fdc	0x1fdcB0x106f
0x1fdc	0x1fdcB0x1ae4
0x1fdc	0x1fdcB0x2004B0xfc2
0xfc2	0xfc2
0x3e746	0x3e746
0x2dc3	0x2dc3
0x3e76e	0x3e76e
0x1fe0	0x1fe0B0xfc2
0xfd8	0xfd8
0x204f	0x204fB0xfd0
0x204f	0x204fB0x13f6
0x204f	0x204fB0x171d
0x204f	0x204fB0x17bd
0x204f	0x204fB0x1a53
0x204f	0x204fB0x1e45
0x204f	0x204fB0x15bdB0x5e2
0x204f	0x204fB0x134dB0x461
0x204f	0x204fB0x1497B0x54d
0x204f	0x204fB0x153bB0x582
0x204f	0x204fB0x1689B0x66c
0x204f	0x204fB0x1781B0x701
0x204f	0x204fB0x19c2B0x804
0xff5	0xff5
0x3e791	0x3e791
0x2b0d	0x2b0dB0x1e33
0x2b0d	0x2b0dB0xfd8
0x2b0d	0x2b0dB0x1011
0x2b0d	0x2b0dB0x1e4d
0x2b0d	0x2b0dB0x1e79
0x2b0d	0x2b0dB0x20f6
0x2b0d	0x2b0dB0x15acB0x5c2
0x1011	0x1011
0x3e7be	0x3e7be
0x3268	0x3268
0x102e	0x102e
0x3e7e6	0x3e7e6
0x1077	0x1077
0x10a7	0x10a70x106f
0x10a7	0x10a70x1ae4
0x3e813	0x3e813
0x32ff	0x32ff
0x115d	0x115d
0x1fb1	0x1fb1
0x1165	0x1165
0x11ad	0x11ad
0x2ae1	0x2ae1
0x11fb	0x11fb
0x1219	0x1219
0x3e8ac	0x3e8ac
0x2ce3	0x2ce3
0x122e	0x122e
0x124b	0x124b
0x3e8d4	0x3e8d4
0x2cac	0x2cac
0x126e	0x126e
0x3e8fc	0x3e8fc
0x2ed6	0x2ed6
0x12bf	0x12bf
0x2c27	0x2c27B0x126e
0x12d9	0x12d9
0x12ed	0x12ed
0x1304	0x1304
0x1339	0x1339
0x13fe	0x13fe
0x9	0x0
0x1564	0x1564
0x20e5	0x20e5
0x1597	0x1597
0x4b46f	0x4b46f
0x30c4	0x30c4
0x1725	0x1725
0x1747	0x1747
0x6981d	0x6981d
0x3231	0x3231
0x7b081	0x7b081
0x2b26	0x2b26B0x176a
0x2b26	0x2b26B0x1fb1
0x2b26	0x2b26B0x17c5
0x2b26	0x2b26B0x17f0
0x2b26	0x2b26B0x1a5b
0x2b26	0x2b26B0x1a87
0x2b26	0x2b26B0x1f36
0x2b26	0x2b26B0x1478B0x520
0x17c5	0x17c5
0x17d4	0x17d4
0x7b0ab	0x7b0ab
0x17f0	0x17f0
0x7b0d8	0x7b0d8
0x2e6f	0x2e6f
0x17ff	0x17ff
0x7b100	0x7b100
0x184d	0x184d
0x24a6	0x24a6
0x18f0	0x18f0
0x18d2	0x18d2
0x1952	0x1952
0x1934	0x1934
0x1973	0x1973
0x197e	0x197e
0x1a5b	0x1a5b
0x1a6a	0x1a6a
0x87c29	0x87c29
0x1a87	0x1a87
0x87c56	0x87c56
0x308d	0x308d
0x1aa4	0x1aa4
0x87c7e	0x87c7e
0x1b02	0x1b02
0x87cab	0x87cab
0x87ccf	0x87ccf
0x2fb0	0x2fb0
0x1b2c	0x1b2c
0x1b37	0x1b37
0x1b59	0x1b59
0x87cf7	0x87cf7
0x3144	0x3144
0x1b8e	0x1b8e
0x87d1f	0x87d1f
0x1bb4	0x1bb4
0x87d47	0x87d47
0x2d55	0x2d55
0x1bf1	0x1bf1
0x1c05	0x1c05
0x1c29	0x1c29
0x25ee	0x25eeB0x1c05
0x1c51	0x1c51
0x87d6f	0x87d6f
0x305f	0x305f
0x1c8c	0x1c8c
0x1ca0	0x1ca0
0x1cd3	0x1cd3
0x2b76	0x2b76
0x1ced	0x1ced
0x1d01	0x1d01
0x1d25	0x1d25
0x27aa	0x27aaB0x1d01
0x1d7d	0x1d7d
0x1db9	0x1db9
0x1dd3	0x1dd3
0x1de7	0x1de7
0x87d97	0x87d97
0x1e4d	0x1e4d
0x1e5c	0x1e5c
0x87dc1	0x87dc1
0x1e79	0x1e79
0x87dee	0x87dee
0x310d	0x310d
0x1e88	0x1e88
0x87e16	0x87e16
0x1f1b	0x1f1b
0x87ead	0x87ead
0x87ed1	0x87ed1
0x1f30	0x1f30
0x174c	0x174cB0x31790
0x174c	0x174cB0x1f25
0x174c	0x174cB0x3e722
0x174c	0x174cB0x3e791
0x174c	0x174cB0x20e5
0x174c	0x174cB0x7b0ab
0x174c	0x174cB0x87c29
0x174c	0x174cB0x87cab
0x174c	0x174cB0x87dc1
0x174c	0x174cB0x87ef5
0x174c	0x174cB0x997a7
0x174c	0x174cB0x998ac
0x174c	0x174cB0x204fB0xfd0
0x174c	0x174cB0x204fB0x13f6
0x174c	0x174cB0x4b420B0x520
0x174c	0x174cB0x57f93B0x5c2
0x174c	0x174cB0x204fB0x171d
0x174c	0x174cB0x204fB0x17bd
0x174c	0x174cB0x204fB0x1a53
0x174c	0x174cB0x204fB0x1e45
0x174c	0x174cB0x204fB0x15bdB0x5e2
0x174c	0x174cB0x204fB0x134dB0x461
0x174c	0x174cB0x204fB0x1497B0x54d
0x174c	0x174cB0x204fB0x153bB0x582
0x174c	0x174cB0x204fB0x1689B0x66c
0x174c	0x174cB0x204fB0x1781B0x701
0x174c	0x174cB0x204fB0x19c2B0x804
0x1f53	0x1f53
0x87ef5	0x87ef5
0x87f22	0x87f22
0x87f43	0x87f43
0x2d8c	0x2d8c
0x87f6b	0x87f6b
0x1e	0x1e
0x21de	0x21de
0x1fc0	0x1fc0
0x997a7	0x997a7
0x997d4	0x997d4
0x997f5	0x997f5
0x31c5	0x31c5
0x2094	0x2094
0x221f	0x221fB0x2076
0x99889	0x99889
0x20a1	0x20a1
0x20f0	0x20f0
0x2105	0x2105
0x998ac	0x998ac
0x998d9	0x998d9
0x998fa	0x998fa
0x2f44	0x2f44
0x2202	0x2202
0xc94e8	0xc94e8
0x2657	0x2657
0x2662	0x2662
0x33f3	0x33f3B0x2657
0x33f3	0x33f3B0x2662
0x33f3	0x33f3B0x2672
0x33f3	0x33f3B0x27f4B0x3a5
0x33f3	0x33f3B0x25dcB0x3c5
0x33f3	0x33f3B0x27f4B0x3e5
0x33f3	0x33f3B0x25dcB0x511
0x33f3	0x33f3B0x26ebB0x53e
0x33f3	0x33f3B0x26f6B0x53e
0x33f3	0x33f3B0x25dcB0x573
0x33f3	0x33f3B0x25dcB0x5b3
0x33f3	0x33f3B0xec96eB0x5f3
0x33f3	0x33f3B0x261cB0x65d
0x33f3	0x33f3B0x2627B0x65d
0x33f3	0x33f3B0x27f4B0x6bd
0x33f3	0x33f3B0x261cB0x6f2
0x33f3	0x33f3B0x2627B0x6f2
0x33f3	0x33f3B0x25dcB0x727
0x33f3	0x33f3B0x26a6B0x7f5
0x33f3	0x33f3B0xec869B0x7f5
0x33f3	0x33f3B0x25dcB0x815
0x33f3	0x33f3B0x27f4B0x835
0x33f3	0x33f3B0x25dcB0x8a7
0x33f3	0x33f3B0x25ffB0x1c05
0x33f3	0x33f3B0x25dcB0x136cB0x461
0x2672	0x2672
0x2682	0x2682
0x2818	0x2818
0x2896	0x2896
0x28a1	0x28a1
0x341e	0x341eB0x2896
0x341e	0x341eB0x28c3B0x5f3
0x2987	0x2987
0x2991	0x2991
0x25ba	0x25baB0x2987
0x25ba	0x25baB0x29d8
0x25ba	0x25baB0x28dfB0x2ef
0x25ba	0x25baB0x2949B0x325
0x25ba	0x25baB0x28dfB0x345
0x25ba	0x25baB0x286cB0x405
0x25ba	0x25baB0x28dfB0x472
0x25ba	0x25baB0x2949B0x75c
0x25ba	0x25baB0x28feB0x2ce
0x25ba	0x25baB0x28feB0x85e
0x29ac	0x29ac
0x29d8	0x29d8
0x29e2	0x29e2
0x29f1	0x29f1
0x25a3	0x25a3B0x29e2
0x25a3	0x25a3B0x2953B0x325
0x25a3	0x25a3B0x2862B0x405
0x25a3	0x25a3B0x2953B0x75c
0x2a0b	0x2a0b
0x2a17	0x2a17
0x2564	0x2564B0x2a0b
0x2564	0x2564B0x2929B0x2ce
0x2564	0x2564B0x2929B0x85e
0x2c15	0x2c15
0x33e9	0x33e9B0x2bfe
0x33e9	0x33e9B0x339b
0x29	0x29
0x337e	0x337e
0x2a29	0x2a29B0x334e
0x2a29	0x2a29B0x337e
0x339b	0x339b
0x33ab	0x33ab
0x10fb88	0x10fb88
0x2b9a	0x2b9aB0x312a1
0x2b9a	0x2b9aB0x31316
0x2b9a	0x2b9aB0x31363
0x2b9a	0x2b9aB0x3167d
0x2b9a	0x2b9aB0x317b4
0x2b9a	0x2b9aB0x31801
0x2b9a	0x2b9aB0x3184e
0x2b9a	0x2b9aB0x318ca
0x2b9a	0x2b9aB0x318f6
0x2b9a	0x2b9aB0x31922
0x2b9a	0x2b9aB0x319b1
0x2b9a	0x2b9aB0x319fe
0x2b9a	0x2b9aB0x31a2a
0x2b9a	0x2b9aB0xebeB0x374
0x10fbb0	0x10fbb0
0x10fbd8	0x10fbd8
0x10fc00	0x10fc00
0x2b3e	0x2b3eB0x314cd
0x2b3e	0x2b3eB0x316ca
0x2b3e	0x2b3eB0x31717
0x2b3e	0x2b3eB0x2129B0x628
0x2b3e	0x2b3eB0x21a4B0x8c7
0x2b3e	0x2b3eB0x1691B0x66c
0x2b3e	0x2b3eB0x1789B0x701
0x10fc28	0x10fc28
0x2b8f	0x2b8fB0x31521
0x2b8f	0x2b8fB0x31596
0x2b8f	0x2b8fB0x31604
0x2b8f	0x2b8fB0x31651
0x2b8f	0x2b8fB0x31764
0x10fc50	0x10fc50
0x10fc78	0x10fc78
0x10fca0	0x10fca0
0x10fcc8	0x10fcc8
0x10fcf0	0x10fcf0
0x10fd18	0x10fd18
0x10fd40	0x10fd40
0x10fd68	0x10fd68
0x10fd90	0x10fd90
0x10fdb8	0x10fdb8
0x10fde0	0x10fde0
0x10fe08	0x10fe08
0x10fe30	0x10fe30
0x10fe58	0x10fe58
0x10fe80	0x10fe80
0x10fea8	0x10fea8
0x10ffaa	0x10ffaa
0x2ce	0x2ce
0x2e3	0x2e3
0x319	0x319
0x339	0x339
0x359	0x359
0x379	0x379
0x399	0x399
0x3b9	0x3b9
0x3d9	0x3d9
0x3f9	0x3f9
0x426	0x426
0x446	0x446
0x466	0x466
0x493	0x493
0x4b3	0x4b3
0x4e3	0x4e3
0x505	0x505
0x532	0x532
0x552	0x552
0x567	0x567
0x587	0x587
0x5a7	0x5a7
0x5c7	0x5c7
0x5e7	0x5e7
0x607	0x607
0x61c	0x61c
0x631	0x631
0x651	0x651
0x671	0x671
0x691	0x691
0x6b1	0x6b1
0x6d1	0x6d1
0x6e6	0x6e6
0x706	0x706
0x71b	0x71b
0x73b	0x73b
0x750	0x750
0x77d	0x77d
0x79f	0x79f
0x7b4	0x7b4
0x7c9	0x7c9
0x7e9	0x7e9
0x809	0x809
0x829	0x829
0x849	0x849
0x85e	0x85e
0x871	0x871
0x886	0x886
0x89b	0x89b
0x8bb	0x8bb
0x6930	0x6930
0x3e83b	0x3e83b0x106f
0x3e83b	0x3e83b0x1ae4
0x2076	0x2076
0x2a9f	0x2a9fB0x21ea
0x2a9f	0x2a9fB0x419
0xfe20b	0xfe20bB0x21ea
0xfe20b	0xfe20bB0x419
0x2a96	0x2a96B0x21ea
0x2a96	0x2a96B0x419
0x2acc	0x2accB0x21ea
0x2acc	0x2accB0x419
0x2abb	0x2abbB0x21ea
0x2abb	0x2abbB0x419
0x110100	0x110100B0x21ea
0x110100	0x110100B0x419
0x87e85	0x87e85B0x8d0
0x87e85	0x87e85B0x1b24
0x87e85	0x87e85B0x115d
0x87e85	0x87e85B0x2121B0x628
0x87e85	0x87e85B0xb69B0x374
0x3035	0x3035B0x8d0
0x3035	0x3035B0x1b24
0x3035	0x3035B0x115d
0x3035	0x3035B0x2121B0x628
0x3035	0x3035B0xb69B0x374
0x87e64	0x87e64B0x8d0
0x87e64	0x87e64B0x1b24
0x87e64	0x87e64B0x115d
0x87e64	0x87e64B0x2121B0x628
0x87e64	0x87e64B0xb69B0x374
0x82	0x7b
0x27db	0x27dbB0x385
0x27db	0x27dbB0x49f
0x27db	0x27dbB0x63d
0x27db	0x27dbB0x69d
0x27db	0x27dbB0x7d5
0x10fa47	0x10fa47B0x2bfe
0x10fa47	0x10fa47B0x339b
0x10fb41	0x10fb41B0x55e
0x2839	0x2839B0x593
0xec944	0xec944B0x593
0x2a61	0x2a61B0x334e
0x2a61	0x2a61B0x337e
0x2a3c	0x2a3cB0x334e
0x2a3c	0x2a3cB0x337e
0x27bb	0x27bbB0x1d01
0xec8f4	0xec8f4B0x1d01
0x10fa69	0x10fa69B0x2657
0x10fa69	0x10fa69B0x2662
0x10fa69	0x10fa69B0x2672
0x10fa69	0x10fa69B0x27f4B0x3a5
0x10fa69	0x10fa69B0x25dcB0x3c5
0x10fa69	0x10fa69B0x27f4B0x3e5
0x10fa69	0x10fa69B0x25dcB0x511
0x10fa69	0x10fa69B0x26ebB0x53e
0x10fa69	0x10fa69B0x26f6B0x53e
0x10fa69	0x10fa69B0x25dcB0x573
0x10fa69	0x10fa69B0x25dcB0x5b3
0x10fa69	0x10fa69B0xec96eB0x5f3
0x10fa69	0x10fa69B0x261cB0x65d
0x10fa69	0x10fa69B0x2627B0x65d
0x10fa69	0x10fa69B0x27f4B0x6bd
0x10fa69	0x10fa69B0x261cB0x6f2
0x10fa69	0x10fa69B0x2627B0x6f2
0x10fa69	0x10fa69B0x25dcB0x727
0x10fa69	0x10fa69B0x26a6B0x7f5
0x10fa69	0x10fa69B0xec869B0x7f5
0x10fa69	0x10fa69B0x25dcB0x815
0x10fa69	0x10fa69B0x27f4B0x835
0x10fa69	0x10fa69B0x25dcB0x8a7
0x10fa69	0x10fa69B0x25ffB0x1c05
0x10fa69	0x10fa69B0x25dcB0x136cB0x461
0x10faad	0x10faadB0x2896
0x10faad	0x10faadB0x28c3B0x5f3
0xec7ce	0xec7ceB0x2987
0xec7ce	0xec7ceB0x29d8
0xec7ce	0xec7ceB0x28dfB0x2ef
0xec7ce	0xec7ceB0x2949B0x325
0xec7ce	0xec7ceB0x28dfB0x345
0xec7ce	0xec7ceB0x286cB0x405
0xec7ce	0xec7ceB0x28dfB0x472
0xec7ce	0xec7ceB0x2949B0x75c
0xec7ce	0xec7ceB0x28feB0x2ce
0xec7ce	0xec7ceB0x28feB0x85e
0xec7a9	0xec7a9B0x29e2
0xec7a9	0xec7a9B0x2953B0x325
0xec7a9	0xec7a9B0x2862B0x405
0xec7a9	0xec7a9B0x2953B0x75c
0x258b	0x258bB0x2a0b
0x258b	0x258bB0x2929B0x2ce
0x258b	0x258bB0x2929B0x85e
0xec783	0xec783B0x2a0b
0xec783	0xec783B0x2929B0x2ce
0xec783	0xec783B0x2929B0x85e
0x2575	0x2575B0x2a0b
0x2575	0x2575B0x2929B0x2ce
0x2575	0x2575B0x2929B0x85e
0x28df	0x28dfB0x2ef
0x28df	0x28dfB0x345
0x28df	0x28dfB0x472
0xec9a4	0xec9a4B0x2ef
0xec9a4	0xec9a4B0x345
0xec9a4	0xec9a4B0x472
0x1100db	0x1100dbB0x2ef
0x1100db	0x1100dbB0x345
0x1100db	0x1100dbB0x472
0x2949	0x2949B0x325
0x2949	0x2949B0x75c
0x2953	0x2953B0x325
0x2953	0x2953B0x75c
0x2962	0x2962B0x325
0x2962	0x2962B0x75c
0x27f4	0x27f4B0x3a5
0x27f4	0x27f4B0x3e5
0x27f4	0x27f4B0x6bd
0x27f4	0x27f4B0x835
0xec91a	0xec91aB0x3a5
0xec91a	0xec91aB0x3e5
0xec91a	0xec91aB0x6bd
0xec91a	0xec91aB0x835
0x25dc	0x25dcB0x3c5
0x25dc	0x25dcB0x511
0x25dc	0x25dcB0x573
0x25dc	0x25dcB0x5b3
0x25dc	0x25dcB0x727
0x25dc	0x25dcB0x815
0x25dc	0x25dcB0x8a7
0x25dc	0x25dcB0x136cB0x461
0xec7f3	0xec7f3B0x3c5
0xec7f3	0xec7f3B0x511
0xec7f3	0xec7f3B0x573
0xec7f3	0xec7f3B0x5b3
0xec7f3	0xec7f3B0x727
0xec7f3	0xec7f3B0x815
0xec7f3	0xec7f3B0x8a7
0xec7f3	0xec7f3B0x136cB0x461
0x2862	0x2862B0x405
0x286c	0x286cB0x405
0x287b	0x287bB0x405
0x2757	0x2757B0x452
0x276d	0x276dB0x452
0x2779	0x2779B0x452
0x251c	0x251cB0x276dB0x452
0x251c	0x251cB0x2791B0x452
0x2791	0x2791B0x452
0xec8c9	0xec8c9B0x452
0x2543	0x2543B0x276dB0x452
0x2543	0x2543B0x2791B0x452
0xec75d	0xec75dB0x276dB0x452
0xec75d	0xec75dB0x2791B0x452
0x252d	0x252dB0x276dB0x452
0x252d	0x252dB0x2791B0x452
0x26eb	0x26ebB0x53e
0x26f6	0x26f6B0x53e
0x270d	0x270dB0x53e
0x271d	0x271dB0x53e
0x3408	0x3408B0x270dB0x53e
0x3408	0x3408B0x271dB0x53e
0x2734	0x2734B0x53e
0x10fa8b	0x10fa8bB0x270dB0x53e
0x10fa8b	0x10fa8bB0x271dB0x53e
0x15c5	0x15c5B0x5e2
0x15f7	0x15f7B0x5e2
0x2b52	0x2b52B0x5e2
0x1611	0x1611B0x5e2
0x1625	0x1625B0x5e2
0x28c3	0x28c3B0x5f3
0xec96e	0xec96eB0x5f3
0x1100b1	0x1100b1B0x5f3
0x1664	0x1664B0x628
0x57fc0	0x57fc0B0x628
0x2121	0x2121B0x628
0x2129	0x2129B0x628
0x99922	0x99922B0x628
0x261c	0x261cB0x65d
0x261c	0x261cB0x6f2
0x2627	0x2627B0x65d
0x2627	0x2627B0x6f2
0xec83f	0xec83fB0x65d
0xec83f	0xec83fB0x6f2
0x57fe1	0x57fe1B0x68c
0x2170	0x2170B0x16f6B0x68c
0x10ff3c	0x10ff3cB0x68c
0xec588	0xec588B0x16f6B0x68c
0x2d13	0x2d13B0x16f6B0x68c
0x9994b	0x9994bB0x16f6B0x68c
0x2234	0x2234B0x16f6B0x68c
0x10ffcf	0x10ffcfB0x16f6B0x68c
0x2257	0x2257B0x16f6B0x68c
0x2266	0x2266B0x16f6B0x68c
0x7b12d	0x7b12dB0x7e4
0x2191	0x2191B0x19abB0x7e4
0x10ff86	0x10ff86B0x7e4
0xbc9c3	0xbc9c3B0x19abB0x7e4
0x2291	0x2291B0x19abB0x7e4
0x110019	0x110019B0x19abB0x7e4
0x26a6	0x26a6B0x7f5
0xec869	0xec869B0x7f5
0x110087	0x110087B0x7f5
0x1ed0	0x1ed0B0x8c7
0x87e43	0x87e43B0x8c7
0x219c	0x219cB0x8c7
0x21a4	0x21a4B0x8c7
0x2295	0x2295B0x219cB0x8c7
0xc94bf	0xc94bfB0x8c7
0xec5d1	0xec5d1B0x219cB0x8c7
0x2e41	0x2e41B0x219cB0x8c7
0xec5b0	0xec5b0B0x219cB0x8c7
0x2c8d	0x2c8dB0x999
0x2c8d	0x2c8dB0x1d7d
0x2a6c	0x2a6cB0x2c4aB0x999
0x2a6c	0x2a6cB0x2c27B0x126e
0x2a6c	0x2a6cB0x2c4aB0x1d7d
0x2c41	0x2c41B0x126e
0x25ff	0x25ffB0x1c05
0xec819	0xec819B0x1c05
0x28fe	0x28feB0x2ce
0x28fe	0x28feB0x85e
0x2908	0x2908B0x2ce
0x2908	0x2908B0x85e
0x2929	0x2929B0x2ce
0x2929	0x2929B0x85e
0xfe1e0	0xfe1e0B0x2ce
0xfe1e0	0xfe1e0B0x85e
0xdad4c	0xdad4cB0x2076
0x2301	0x2301B0x221fB0x2076
0x110062	0x110062B0x2076
0x23bd	0x23bdB0x221fB0x2076
0xec668	0xec668B0x221fB0x2076
0x2351	0x2351B0x221fB0x2076
0x2381	0x2381B0x221fB0x2076
0xec643	0xec643B0x221fB0x2076
0x2334	0x2334B0x221fB0x2076
0x31ae8	0x31ae8B0x2fe
0x10fed0	0x10fed0B0x2fe
0x3e885	0x3e885B0x414
0x3e85e	0x3e85eB0x414
0x1130	0x1130B0x414
0x1122	0x1122B0x414
0x10fb1a	0x10fb1aB0x414
0x1355	0x1355B0x461
0x1358	0x1358B0x461
0x1381	0x1381B0x461
0x1399	0x1399B0x461
0x13cb	0x13cbB0x461
0x13d4	0x13d4B0x461
0x136c	0x136cB0x461
0x149f	0x149fB0x54d
0x14f6	0x14f6B0x54d
0x2bba	0x2bbaB0x54d
0x1510	0x1510B0x54d
0x1524	0x1524B0x54d
0x1543	0x1543B0x582
0x154e	0x154eB0x582
0x4b44d	0x4b44dB0x582
0x1691	0x1691B0x66c
0x16bf	0x16bf0x1689B0x66c
0x16bf	0x16bf0x1781B0x701
0x16ed	0x16ed0x1689B0x66c
0x16ed	0x16ed0x1781B0x701
0x16d9	0x16d90x1689B0x66c
0x16d9	0x16d90x1781B0x701
0x10ff61	0x10ff61B0x31790
0x10ff61	0x10ff61B0x1f25
0x10ff61	0x10ff61B0x3e722
0x10ff61	0x10ff61B0x3e791
0x10ff61	0x10ff61B0x20e5
0x10ff61	0x10ff61B0x7b0ab
0x10ff61	0x10ff61B0x87c29
0x10ff61	0x10ff61B0x87cab
0x10ff61	0x10ff61B0x87dc1
0x10ff61	0x10ff61B0x87ef5
0x10ff61	0x10ff61B0x997a7
0x10ff61	0x10ff61B0x998ac
0x10ff61	0x10ff61B0x204fB0xfd0
0x10ff61	0x10ff61B0x204fB0x13f6
0x10ff61	0x10ff61B0x4b420B0x520
0x10ff61	0x10ff61B0x57f93B0x5c2
0x10ff61	0x10ff61B0x204fB0x171d
0x10ff61	0x10ff61B0x204fB0x17bd
0x10ff61	0x10ff61B0x204fB0x1a53
0x10ff61	0x10ff61B0x204fB0x1e45
0x10ff61	0x10ff61B0x204fB0x15bdB0x5e2
0x10ff61	0x10ff61B0x204fB0x134dB0x461
0x10ff61	0x10ff61B0x204fB0x1497B0x54d
0x10ff61	0x10ff61B0x204fB0x153bB0x582
0x10ff61	0x10ff61B0x204fB0x1689B0x66c
0x10ff61	0x10ff61B0x204fB0x1781B0x701
0x10ff61	0x10ff61B0x204fB0x19c2B0x804
0x69845	0x69845B0x31790
0x69845	0x69845B0x1f25
0x69845	0x69845B0x3e722
0x69845	0x69845B0x3e791
0x69845	0x69845B0x20e5
0x69845	0x69845B0x7b0ab
0x69845	0x69845B0x87c29
0x69845	0x69845B0x87cab
0x69845	0x69845B0x87dc1
0x69845	0x69845B0x87ef5
0x69845	0x69845B0x997a7
0x69845	0x69845B0x998ac
0x69845	0x69845B0x204fB0xfd0
0x69845	0x69845B0x204fB0x13f6
0x69845	0x69845B0x4b420B0x520
0x69845	0x69845B0x57f93B0x5c2
0x69845	0x69845B0x204fB0x171d
0x69845	0x69845B0x204fB0x17bd
0x69845	0x69845B0x204fB0x1a53
0x69845	0x69845B0x204fB0x1e45
0x69845	0x69845B0x204fB0x15bdB0x5e2
0x69845	0x69845B0x204fB0x134dB0x461
0x69845	0x69845B0x204fB0x1497B0x54d
0x69845	0x69845B0x204fB0x153bB0x582
0x69845	0x69845B0x204fB0x1689B0x66c
0x69845	0x69845B0x204fB0x1781B0x701
0x69845	0x69845B0x204fB0x19c2B0x804
0x217c	0x217cB0x174cB0x31790
0x217c	0x217cB0x174cB0x1f25
0x217c	0x217cB0x174cB0x3e722
0x217c	0x217cB0x174cB0x3e791
0x217c	0x217cB0x174cB0x20e5
0x217c	0x217cB0x174cB0x7b0ab
0x217c	0x217cB0x174cB0x87c29
0x217c	0x217cB0x174cB0x87cab
0x217c	0x217cB0x174cB0x87dc1
0x217c	0x217cB0x174cB0x87ef5
0x217c	0x217cB0x174cB0x997a7
0x217c	0x217cB0x174cB0x998ac
0x217c	0x217cB0x174cB0x204fB0xfd0
0x217c	0x217cB0x174cB0x204fB0x13f6
0x217c	0x217cB0x174cB0x4b420B0x520
0x217c	0x217cB0x174cB0x57f93B0x5c2
0x217c	0x217cB0x174cB0x204fB0x171d
0x217c	0x217cB0x174cB0x204fB0x17bd
0x217c	0x217cB0x174cB0x204fB0x1a53
0x217c	0x217cB0x174cB0x204fB0x1e45
0x217c	0x217cB0x174cB0x204fB0x15bdB0x5e2
0x217c	0x217cB0x174cB0x204fB0x134dB0x461
0x217c	0x217cB0x174cB0x204fB0x1497B0x54d
0x217c	0x217cB0x174cB0x204fB0x153bB0x582
0x217c	0x217cB0x174cB0x204fB0x1689B0x66c
0x217c	0x217cB0x174cB0x204fB0x1781B0x701
0x217c	0x217cB0x174cB0x204fB0x19c2B0x804
0xab187	0xab187B0x174cB0x31790
0xab187	0xab187B0x174cB0x1f25
0xab187	0xab187B0x174cB0x3e722
0xab187	0xab187B0x174cB0x3e791
0xab187	0xab187B0x174cB0x20e5
0xab187	0xab187B0x174cB0x7b0ab
0xab187	0xab187B0x174cB0x87c29
0xab187	0xab187B0x174cB0x87cab
0xab187	0xab187B0x174cB0x87dc1
0xab187	0xab187B0x174cB0x87ef5
0xab187	0xab187B0x174cB0x997a7
0xab187	0xab187B0x174cB0x998ac
0xab187	0xab187B0x174cB0x204fB0xfd0
0xab187	0xab187B0x174cB0x204fB0x13f6
0xab187	0xab187B0x174cB0x4b420B0x520
0xab187	0xab187B0x174cB0x57f93B0x5c2
0xab187	0xab187B0x174cB0x204fB0x171d
0xab187	0xab187B0x174cB0x204fB0x17bd
0xab187	0xab187B0x174cB0x204fB0x1a53
0xab187	0xab187B0x174cB0x204fB0x1e45
0xab187	0xab187B0x174cB0x204fB0x15bdB0x5e2
0xab187	0xab187B0x174cB0x204fB0x134dB0x461
0xab187	0xab187B0x174cB0x204fB0x1497B0x54d
0xab187	0xab187B0x174cB0x204fB0x153bB0x582
0xab187	0xab187B0x174cB0x204fB0x1689B0x66c
0xab187	0xab187B0x174cB0x204fB0x1781B0x701
0xab187	0xab187B0x174cB0x204fB0x19c2B0x804
0x2279	0x2279B0x217cB0x174cB0x31790
0x2279	0x2279B0x217cB0x174cB0x1f25
0x2279	0x2279B0x217cB0x174cB0x3e722
0x2279	0x2279B0x217cB0x174cB0x3e791
0x2279	0x2279B0x217cB0x174cB0x20e5
0x2279	0x2279B0x217cB0x174cB0x7b0ab
0x2279	0x2279B0x217cB0x174cB0x87c29
0x2279	0x2279B0x217cB0x174cB0x87cab
0x2279	0x2279B0x217cB0x174cB0x87dc1
0x2279	0x2279B0x217cB0x174cB0x87ef5
0x2279	0x2279B0x217cB0x174cB0x997a7
0x2279	0x2279B0x217cB0x174cB0x998ac
0x2279	0x2279B0x217cB0x174cB0x204fB0xfd0
0x2279	0x2279B0x217cB0x174cB0x204fB0x13f6
0x2279	0x2279B0x217cB0x174cB0x4b420B0x520
0x2279	0x2279B0x217cB0x174cB0x57f93B0x5c2
0x2279	0x2279B0x217cB0x174cB0x204fB0x171d
0x2279	0x2279B0x217cB0x174cB0x204fB0x17bd
0x2279	0x2279B0x217cB0x174cB0x204fB0x1a53
0x2279	0x2279B0x217cB0x174cB0x204fB0x1e45
0x2279	0x2279B0x22b7B0x220aB0x1fe0B0xfc2
0x2279	0x2279B0x217cB0x174cB0x204fB0x15bdB0x5e2
0x2279	0x2279B0x217cB0x174cB0x204fB0x134dB0x461
0x2279	0x2279B0x217cB0x174cB0x204fB0x1497B0x54d
0x2279	0x2279B0x217cB0x174cB0x204fB0x153bB0x582
0x2279	0x2279B0x217cB0x174cB0x204fB0x1689B0x66c
0x2279	0x2279B0x217cB0x174cB0x204fB0x1781B0x701
0x2279	0x2279B0x217cB0x174cB0x204fB0x19c2B0x804
0x10fff4	0x10fff4B0x174cB0x31790
0x10fff4	0x10fff4B0x174cB0x1f25
0x10fff4	0x10fff4B0x174cB0x3e722
0x10fff4	0x10fff4B0x174cB0x3e791
0x10fff4	0x10fff4B0x174cB0x20e5
0x10fff4	0x10fff4B0x174cB0x7b0ab
0x10fff4	0x10fff4B0x174cB0x87c29
0x10fff4	0x10fff4B0x174cB0x87cab
0x10fff4	0x10fff4B0x174cB0x87dc1
0x10fff4	0x10fff4B0x174cB0x87ef5
0x10fff4	0x10fff4B0x174cB0x997a7
0x10fff4	0x10fff4B0x174cB0x998ac
0x10fff4	0x10fff4B0x174cB0x204fB0xfd0
0x10fff4	0x10fff4B0x174cB0x204fB0x13f6
0x10fff4	0x10fff4B0x174cB0x4b420B0x520
0x10fff4	0x10fff4B0x174cB0x57f93B0x5c2
0x10fff4	0x10fff4B0x174cB0x204fB0x171d
0x10fff4	0x10fff4B0x174cB0x204fB0x17bd
0x10fff4	0x10fff4B0x174cB0x204fB0x1a53
0x10fff4	0x10fff4B0x174cB0x204fB0x1e45
0x10fff4	0x10fff4B0x174cB0x204fB0x15bdB0x5e2
0x10fff4	0x10fff4B0x174cB0x204fB0x134dB0x461
0x10fff4	0x10fff4B0x174cB0x204fB0x1497B0x54d
0x10fff4	0x10fff4B0x174cB0x204fB0x153bB0x582
0x10fff4	0x10fff4B0x174cB0x204fB0x1689B0x66c
0x10fff4	0x10fff4B0x174cB0x204fB0x1781B0x701
0x10fff4	0x10fff4B0x174cB0x204fB0x19c2B0x804
0x1789	0x1789B0x701
0x19ca	0x19caB0x804
0x1a1b	0x1a1bB0x804
0x2ba3	0x2ba3B0x804
0x1a35	0x1a35B0x804
0x1a49	0x1a49B0x804
0x2408	0x2408B0x942
0x2408	0x2408B0x1d25
0x2435	0x2435B0x942
0x2435	0x2435B0x1d25
0xec68d	0xec68dB0x942
0xec68d	0xec68dB0x1d25
0x24de	0x24deB0x2435B0x942
0x24de	0x24deB0x2435B0x1d25
0x241a	0x241aB0x942
0x241a	0x241aB0x1d25
0xec6d3	0xec6d3B0x2435B0x942
0xec6d3	0xec6d3B0x2435B0x1d25
0x24e4	0x24e4B0x24deB0x2435B0x942
0x24e4	0x24e4B0x24deB0x2435B0x1d25
0xec6f5	0xec6f5B0x24deB0x2435B0x942
0xec6f5	0xec6f5B0x24deB0x2435B0x1d25
0x3e634	0x3e634B0x374
0x32c8	0x32c8B0x374
0x3e65c	0x3e65cB0x374
0x317b	0x317bB0x374
0x3e684	0x3e684B0x374
0x2e12	0x2e12B0x374
0xd1d	0xd1dB0x374
0x2445	0x2445B0xc74B0x374
0x2445	0x2445B0xd1dB0x374
0xdad	0xdadB0x374
0x3e6ac	0x3e6acB0x374
0x329d	0x329dB0x374
0xebe	0xebeB0x374
0xf62	0xf62B0x374
0xb69	0xb69B0x374
0xb71	0xb71B0x374
0xbda	0xbdaB0x374
0xbf2	0xbf2B0x374
0xc10	0xc10B0x374
0xc5c	0xc5cB0x374
0xc6f	0xc6fB0x374
0xde7	0xde7B0x374
0xdf8	0xdf8B0x374
0xd39	0xd39B0x374
0xd5e	0xd5eB0x374
0xd81	0xd81B0x374
0xe5d	0xe5dB0x374
0xe70	0xe70B0x374
0xe12	0xe12B0x374
0xe35	0xe35B0x374
0xdda	0xddaB0x374
0x7b	0x7b
0x3e6d4	0x3e6d4B0x374
0xefb	0xefbB0x374
0xf1b	0xf1bB0x374
0x3e6fb	0x3e6fbB0x374
0x10faf3	0x10faf3B0x374
0x249a	0x249aB0xc74B0x374
0x249a	0x249aB0xd1dB0x374
0xec6b0	0xec6b0B0xc74B0x374
0xec6b0	0xec6b0B0xd1dB0x374
0x24f8	0x24f8B0x249aB0xc74B0x374
0x24f8	0x24f8B0x249aB0xd1dB0x374
0x2465	0x2465B0xc74B0x374
0x2465	0x2465B0xd1dB0x374
0xec718	0xec718B0x249aB0xc74B0x374
0xec718	0xec718B0x249aB0xd1dB0x374
0x24fe	0x24feB0x24f8B0x249aB0xc74B0x374
0x24fe	0x24feB0x24f8B0x249aB0xd1dB0x374
0xec73a	0xec73aB0x24f8B0x249aB0xc74B0x374
0xec73a	0xec73aB0x24f8B0x249aB0xd1dB0x374
0x99861	0x99861B0xfd0
0x99861	0x99861B0x13f6
0x99861	0x99861B0x171d
0x99861	0x99861B0x17bd
0x99861	0x99861B0x1a53
0x99861	0x99861B0x1e45
0x99861	0x99861B0x15bdB0x5e2
0x99861	0x99861B0x134dB0x461
0x99861	0x99861B0x1497B0x54d
0x99861	0x99861B0x153bB0x582
0x99861	0x99861B0x1689B0x66c
0x99861	0x99861B0x1781B0x701
0x99861	0x99861B0x19c2B0x804
0x31fa	0x31faB0xfd0
0x31fa	0x31faB0x13f6
0x31fa	0x31faB0x171d
0x31fa	0x31faB0x17bd
0x31fa	0x31faB0x1a53
0x31fa	0x31faB0x1e45
0x31fa	0x31faB0x15bdB0x5e2
0x31fa	0x31faB0x134dB0x461
0x31fa	0x31faB0x1497B0x54d
0x31fa	0x31faB0x153bB0x582
0x31fa	0x31faB0x1689B0x66c
0x31fa	0x31faB0x1781B0x701
0x31fa	0x31faB0x19c2B0x804
0x205a	0x205aB0xfd0
0x205a	0x205aB0x13f6
0x205a	0x205aB0x171d
0x205a	0x205aB0x17bd
0x205a	0x205aB0x1a53
0x205a	0x205aB0x1e45
0x205a	0x205aB0x15bdB0x5e2
0x205a	0x205aB0x134dB0x461
0x205a	0x205aB0x1497B0x54d
0x205a	0x205aB0x153bB0x582
0x205a	0x205aB0x1689B0x66c
0x205a	0x205aB0x1781B0x701
0x205a	0x205aB0x19c2B0x804
0x99840	0x99840B0xfd0
0x99840	0x99840B0x13f6
0x99840	0x99840B0x171d
0x99840	0x99840B0x17bd
0x99840	0x99840B0x1a53
0x99840	0x99840B0x1e45
0x99840	0x99840B0x15bdB0x5e2
0x99840	0x99840B0x134dB0x461
0x99840	0x99840B0x1497B0x54d
0x99840	0x99840B0x153bB0x582
0x99840	0x99840B0x1689B0x66c
0x99840	0x99840B0x1781B0x701
0x99840	0x99840B0x19c2B0x804
0x3e924	0x3e924B0x520
0x4b420	0x4b420B0x520
0x10fef4	0x10fef4B0x520
0x4b497	0x4b497B0x5c2
0x57f93	0x57f93B0x5c2
0x10ff18	0x10ff18B0x5c2
0x200b	0x200bB0xfc2
0x1ffe	0x1ffeB0xfc2
0x220a	0x220aB0x1fe0B0xfc2
0x9981d	0x9981dB0xfc2
0xc9510	0xc9510B0x1fe0B0xfc2
0x22b7	0x22b7B0x220aB0x1fe0B0xfc2
0x11003d	0x11003dB0x1fe0B0xfc2
0x22c3	0x22c3B0x220aB0x1fe0B0xfc2
0x22f9	0x22f9B0x220aB0x1fe0B0xfc2
0xec61e	0xec61eB0x220aB0x1fe0B0xfc2
0xec5f9	0xec5f9B0x220aB0x1fe0B0xfc2
0x34	0x34
0x4a	0x4a
0x55	0x55
0x86	0x86
0xa1	0xa1
0xac	0xac
0xb7	0xb7
0xc2	0xc2
0xcd	0xcd
0xe8	0xe8
0xf3	0xf3
0xfe	0xfe
0x109	0x109
0x114	0x114
0x11f	0x11f
0x13a	0x13a
0x145	0x145
0x150	0x150
0x15b	0x15b
0x166	0x166
0x181	0x181
0x18c	0x18c
0x197	0x197
0x1a2	0x1a2
0x1ad	0x1ad
0x1b8	0x1b8
0x1d3	0x1d3
0x1de	0x1de
0x1f9	0x1f9
0x204	0x204
0x20f	0x20f
0x21a	0x21a
0x225	0x225
0x240	0x240
0x24b	0x24b
0x256	0x256
0x261	0x261
0x26c	0x26c
0x277	0x277
0x292	0x292
0x29d	0x29d
0x2a8	0x2a8
0x2b3	0x2b3
0x2be	0x2be
0x2c9	0x2c9
0x1f15	0x1f15
0x1f36	0x1f36
0x20f6	0x20f6
0x2654	0x2654
0x2815	0x2815
0x2893	0x2893
0x2984	0x2984
0x29a9	0x29a9
0x29d5	0x29d5
0x2a08	0x2a08
0x1fff	0x1ffeB0xfc2
0x10fc	0x10b1B0x414
0x1101	0x10b1B0x414
0xb62	0xb61B0x374
0xb65	0xb61B0x374
0xb6a	0xb69B0x374
0xb6d	0xb69B0x374
0xb72	0xb71B0x374
0xb7c	0xb71B0x374
0xb80	0xb71B0x374
0xb81	0xb71B0x374
0xb82	0xb71B0x374
0xb85	0xb71B0x374
0xb86	0xb71B0x374
0xb87	0xb71B0x374
0xb89	0xb71B0x374
0xb8b	0xb71B0x374
0xb8d	0xb71B0x374
0xb8e	0xb71B0x374
0xb90	0xb71B0x374
0xb91	0xb71B0x374
0xb96	0xb71B0x374
0xb98	0xb71B0x374
0xb9d	0xb71B0x374
0xba1	0xb71B0x374
0xba9	0xb71B0x374
0xbad	0xb71B0x374
0xbb4	0xb71B0x374
0xbb5	0xb71B0x374
0xbb6	0xb71B0x374
0xbb8	0xb71B0x374
0xbba	0xb71B0x374
0xbbc	0xb71B0x374
0xbbd	0xb71B0x374
0xbbe	0xb71B0x374
0xbbf	0xb71B0x374
0xbc3	0xbc3B0x374
0xbc5	0xbc3B0x374
0xbc6	0xbc3B0x374
0xbca	0xbc3B0x374
0xbcc	0xbc3B0x374
0xbcf	0xbc3B0x374
0xbd1	0xbc3B0x374
0xbd2	0xbc3B0x374
0xbd6	0xbc3B0x374
0xbdb	0xbdaB0x374
0xbdf	0xbdaB0x374
0xbe0	0xbdaB0x374
0xbe1	0xbdaB0x374
0xbe4	0xbdaB0x374
0xbe8	0xbdaB0x374
0xbeb	0xbdaB0x374
0xbec	0xbdaB0x374
0xbed	0xbdaB0x374
0xbf3	0xbf2B0x374
0xbf4	0xbf2B0x374
0xbf5	0xbf2B0x374
0xbf9	0xbf9B0x374
0xbfb	0xbf9B0x374
0xbfc	0xbf9B0x374
0xc00	0xbf9B0x374
0xc02	0xbf9B0x374
0xc05	0xbf9B0x374
0xc07	0xbf9B0x374
0xc08	0xbf9B0x374
0xc0c	0xbf9B0x374
0xc11	0xc10B0x374
0xc13	0xc10B0x374
0xc15	0xc10B0x374
0xc17	0xc10B0x374
0xc18	0xc10B0x374
0xc1a	0xc10B0x374
0xc1b	0xc10B0x374
0xc20	0xc10B0x374
0xc22	0xc10B0x374
0xc27	0xc10B0x374
0xc2b	0xc10B0x374
0xc33	0xc10B0x374
0xc34	0xc10B0x374
0xc3b	0xc10B0x374
0xc3c	0xc10B0x374
0xc3d	0xc10B0x374
0xc3f	0xc10B0x374
0xc40	0xc10B0x374
0xc41	0xc10B0x374
0xc45	0xc45B0x374
0xc47	0xc45B0x374
0xc48	0xc45B0x374
0xc4c	0xc45B0x374
0xc4e	0xc45B0x374
0xc51	0xc45B0x374
0xc53	0xc45B0x374
0xc54	0xc45B0x374
0xc58	0xc45B0x374
0xc5d	0xc5cB0x374
0xc61	0xc5cB0x374
0xc62	0xc5cB0x374
0xc63	0xc5cB0x374
0xc65	0xc5cB0x374
0xc68	0xc5cB0x374
0xc69	0xc5cB0x374
0xc6a	0xc5cB0x374
0xc70	0xc6fB0x374
0xc74	0xc74B0x374
0xc77	0xc74B0x374
0xc78	0xc74B0x374
0xc7c	0xc74B0x374
0xc80	0xc74B0x374
0xc83	0xc74B0x374
0xc84	0xc74B0x374
0xc87	0xc74B0x374
0xc8d	0xc74B0x374
0xc90	0xc74B0x374
0xc95	0xc74B0x374
0xc9b	0xc74B0x374
0xca2	0xc74B0x374
0xca5	0xc74B0x374
0xca7	0xc74B0x374
0xca8	0xc74B0x374
0xcab	0xc74B0x374
0xcad	0xc74B0x374
0xcb5	0xc74B0x374
0xcb8	0xc74B0x374
0xcb9	0xc74B0x374
0xcbe	0xc74B0x374
0xcc2	0xc74B0x374
0xcc7	0xc74B0x374
0xccc	0xc74B0x374
0xcd0	0xc74B0x374
0xcd4	0xc74B0x374
0xcd5	0xc74B0x374
0xcd9	0xc74B0x374
0xcde	0xc74B0x374
0xce0	0xc74B0x374
0xce2	0xc74B0x374
0xce4	0xc74B0x374
0xce5	0xc74B0x374
0xce7	0xc74B0x374
0xcea	0xc74B0x374
0xcf0	0xc74B0x374
0xcf8	0xc74B0x374
0xcfa	0xc74B0x374
0xcff	0xc74B0x374
0xd00	0xc74B0x374
0xd03	0xc74B0x374
0xd0a	0xc74B0x374
0xd0b	0xc74B0x374
0xd0d	0xc74B0x374
0xd0e	0xc74B0x374
0xd12	0xc74B0x374
0xd15	0xc74B0x374
0xd17	0xc74B0x374
0xd19	0xc74B0x374
0xd1f	0xd1dB0x374
0xd22	0xd1dB0x374
0xd23	0xd1dB0x374
0xd25	0xd1dB0x374
0xd26	0xd1dB0x374
0xd2a	0xd1dB0x374
0xd2d	0xd1dB0x374
0xd2f	0xd1dB0x374
0xd33	0xd1dB0x374
0xd35	0xd1dB0x374
0xd3b	0xd39B0x374
0xd3e	0xd39B0x374
0xd3f	0xd39B0x374
0xd41	0xd39B0x374
0xd43	0xd39B0x374
0xd44	0xd39B0x374
0xd46	0xd39B0x374
0xd49	0xd39B0x374
0xd4b	0xd39B0x374
0xd4d	0xd39B0x374
0xd4f	0xd39B0x374
0xd50	0xd39B0x374
0xd51	0xd39B0x374
0xd54	0xd39B0x374
0xd57	0xd39B0x374
0xd58	0xd39B0x374
0xd59	0xd39B0x374
0xd5f	0xd5eB0x374
0xd60	0xd5eB0x374
0xd64	0xd5eB0x374
0xd67	0xd5eB0x374
0xd68	0xd5eB0x374
0xd6a	0xd5eB0x374
0xd6c	0xd5eB0x374
0xd71	0xd5eB0x374
0xd73	0xd5eB0x374
0xd75	0xd5eB0x374
0xd76	0xd5eB0x374
0xd79	0xd5eB0x374
0xd7b	0xd5eB0x374
0xd7c	0xd5eB0x374
0xd82	0xd81B0x374
0xd87	0xd81B0x374
0xd8b	0xd81B0x374
0xd8c	0xd81B0x374
0xd8e	0xd81B0x374
0xd8f	0xd81B0x374
0xd91	0xd81B0x374
0xd93	0xd81B0x374
0xd95	0xd81B0x374
0xd96	0xd81B0x374
0xd97	0xd81B0x374
0xd98	0xd81B0x374
0xd99	0xd81B0x374
0xd9b	0xd81B0x374
0xd9d	0xd81B0x374
0xd9f	0xd81B0x374
0xda0	0xd81B0x374
0xda4	0xd81B0x374
0xda8	0xd81B0x374
0xdab	0xd81B0x374
0xdaf	0xdadB0x374
0xdb1	0xdadB0x374
0xdb3	0xdadB0x374
0xdb5	0xdadB0x374
0xdb6	0xdadB0x374
0xdb7	0xdadB0x374
0xdb9	0xdadB0x374
0xdbb	0xdadB0x374
0xdbc	0xdadB0x374
0xdbf	0xdadB0x374
0xdc0	0xdadB0x374
0xdc2	0xdadB0x374
0xdcd	0xdadB0x374
0xdcf	0xdadB0x374
0xdd0	0xdadB0x374
0xdd6	0xdadB0x374
0xddb	0xddaB0x374
0xddd	0xddaB0x374
0xde0	0xddaB0x374
0xde3	0xddaB0x374
0xde8	0xde7B0x374
0xdea	0xde7B0x374
0xdeb	0xde7B0x374
0xdee	0xde7B0x374
0xdf0	0xde7B0x374
0xdf2	0xde7B0x374
0xdf3	0xde7B0x374
0xdf4	0xde7B0x374
0xdf9	0xdf8B0x374
0xdfa	0xdf8B0x374
0xdfb	0xdf8B0x374
0xdff	0xdffB0x374
0xe03	0xdffB0x374
0xe05	0xdffB0x374
0xe06	0xdffB0x374
0xe08	0xdffB0x374
0xe09	0xdffB0x374
0xe0b	0xdffB0x374
0xe0e	0xdffB0x374
0xe14	0xe12B0x374
0xe16	0xe12B0x374
0xe17	0xe12B0x374
0xe19	0xe12B0x374
0xe1a	0xe12B0x374
0xe1e	0xe1eB0x374
0xe20	0xe1eB0x374
0xe21	0xe1eB0x374
0xe25	0xe1eB0x374
0xe27	0xe1eB0x374
0xe2a	0xe1eB0x374
0xe2c	0xe1eB0x374
0xe2d	0xe1eB0x374
0xe31	0xe1eB0x374
0xe36	0xe35B0x374
0xe39	0xe35B0x374
0xe3b	0xe35B0x374
0xe3c	0xe35B0x374
0xe3f	0xe35B0x374
0xe42	0xe35B0x374
0xe47	0xe35B0x374
0xe4b	0xe35B0x374
0xe4c	0xe35B0x374
0xe4e	0xe35B0x374
0xe4f	0xe35B0x374
0xe51	0xe35B0x374
0xe53	0xe35B0x374
0xe55	0xe35B0x374
0xe56	0xe35B0x374
0xe57	0xe35B0x374
0xe58	0xe35B0x374
0xe59	0xe35B0x374
0xe5a	0xe35B0x374
0xe5e	0xe5dB0x374
0xe62	0xe5dB0x374
0xe63	0xe5dB0x374
0xe64	0xe5dB0x374
0xe66	0xe5dB0x374
0xe69	0xe5dB0x374
0xe6a	0xe5dB0x374
0xe6b	0xe5dB0x374
0xe71	0xe70B0x374
0xe72	0xe70B0x374
0xe76	0xe76B0x374
0xe78	0xe76B0x374
0xe7a	0xe76B0x374
0xe7c	0xe76B0x374
0xe7d	0xe76B0x374
0xe7f	0xe76B0x374
0xe80	0xe76B0x374
0xe85	0xe76B0x374
0xe87	0xe76B0x374
0xe8c	0xe76B0x374
0xe90	0xe76B0x374
0xe98	0xe76B0x374
0xe99	0xe76B0x374
0xea0	0xe76B0x374
0xea2	0xe76B0x374
0xea3	0xe76B0x374
0xea5	0xe76B0x374
0xea6	0xe76B0x374
0xea7	0xe76B0x374
0xea9	0xe76B0x374
0xeac	0xe76B0x374
0xeb0	0xe76B0x374
0xeb1	0xe76B0x374
0xeb2	0xe76B0x374
0xeb4	0xe76B0x374
0xeb7	0xe76B0x374
0xeb8	0xe76B0x374
0xeb9	0xe76B0x374
0xec0	0xebeB0x374
0xec2	0xebeB0x374
0xec4	0xebeB0x374
0xec6	0xebeB0x374
0xec7	0xebeB0x374
0xec8	0xebeB0x374
0xeca	0xebeB0x374
0xecc	0xebeB0x374
0xecd	0xebeB0x374
0xeef	0xebeB0x374
0xef1	0xebeB0x374
0xef2	0xebeB0x374
0xef7	0xebeB0x374
0xefc	0xefbB0x374
0xefe	0xefbB0x374
0xf01	0xefbB0x374
0xf04	0xefbB0x374
0xf06	0xefbB0x374
0xf08	0xefbB0x374
0xf09	0xefbB0x374
0xf0a	0xefbB0x374
0xf0c	0xefbB0x374
0xf11	0xf10B0x374
0xf13	0xf10B0x374
0xf14	0xf10B0x374
0xf17	0xf10B0x374
0xf18	0xf10B0x374
0xf19	0xf10B0x374
0xf1a	0xf10B0x374
0xf1c	0xf1bB0x374
0xf1d	0xf1bB0x374
0xf21	0xf21B0x374
0xf24	0xf21B0x374
0xf26	0xf21B0x374
0xf27	0xf21B0x374
0xf29	0xf21B0x374
0xf2a	0xf21B0x374
0xf2b	0xf21B0x374
0xf2f	0xf21B0x374
0xf33	0xf21B0x374
0xf35	0xf21B0x374
0xf36	0xf21B0x374
0xf38	0xf21B0x374
0xf3a	0xf21B0x374
0xf3c	0xf21B0x374
0xf3d	0xf21B0x374
0xf3f	0xf21B0x374
0xf41	0xf21B0x374
0xf44	0xf21B0x374
0xf46	0xf21B0x374
0xf49	0xf21B0x374
0xf4a	0xf21B0x374
0xf4c	0xf21B0x374
0xf56	0xf21B0x374
0xf5e	0xf21B0x374
0xf63	0xf62B0x374
0xf65	0xf62B0x374
0xf68	0xf62B0x374
0x1479	0x1478B0x520
0x147b	0x1478B0x520
0x147e	0x1478B0x520
0x1480	0x1478B0x520
0x1481	0x1478B0x520
0x1485	0x1478B0x520
0x15ad	0x15acB0x5c2
0x15af	0x15acB0x5c2
0x15b2	0x15acB0x5c2
0x15b4	0x15acB0x5c2
0x15b5	0x15acB0x5c2
0x15b9	0x15acB0x5c2
0x1fe1	0x1fe0B0xfc2
0x1fe6	0x1fe0B0xfc2
0x1fe8	0x1fe0B0xfc2
0x1feb	0x1fe0B0xfc2
0x1fee	0x1fe0B0xfc2
0x1fef	0x1fe0B0xfc2
0x1ff4	0x1fe0B0xfc2
0x1ff9	0x1fe0B0xfc2
0x1ffc	0x1fe0B0xfc2
0x2000	0x1ffeB0xfc2
0x2004	0x2004B0xfc2
0x2007	0x2004B0xfc2
0x200c	0x200bB0xfc2
0x200e	0x200bB0xfc2
0x2010	0x200bB0xfc2
0x2012	0x200bB0xfc2
0x2013	0x200bB0xfc2
0x2014	0x200bB0xfc2
0x2016	0x200bB0xfc2
0x2018	0x200bB0xfc2
0x201a	0x200bB0xfc2
0x201c	0x200bB0xfc2
0x201d	0x200bB0xfc2
0x201e	0x200bB0xfc2
0x2020	0x200bB0xfc2
0x2041	0x200bB0xfc2
0x2043	0x200bB0xfc2
0x2044	0x200bB0xfc2
0x2046	0x200bB0xfc2
0x2049	0x200bB0xfc2
0x2050	0x204fB0xfd0
0x2050	0x204fB0x13f6
0x2050	0x204fB0x171d
0x2050	0x204fB0x17bd
0x2050	0x204fB0x1a53
0x2050	0x204fB0x1e45
0x2050	0x204fB0x15bdB0x5e2
0x2050	0x204fB0x134dB0x461
0x2050	0x204fB0x1497B0x54d
0x2050	0x204fB0x153bB0x582
0x2050	0x204fB0x1689B0x66c
0x2050	0x204fB0x1781B0x701
0x2050	0x204fB0x19c2B0x804
0x2053	0x204fB0xfd0
0x2053	0x204fB0x13f6
0x2053	0x204fB0x171d
0x2053	0x204fB0x17bd
0x2053	0x204fB0x1a53
0x2053	0x204fB0x1e45
0x2053	0x204fB0x15bdB0x5e2
0x2053	0x204fB0x134dB0x461
0x2053	0x204fB0x1497B0x54d
0x2053	0x204fB0x153bB0x582
0x2053	0x204fB0x1689B0x66c
0x2053	0x204fB0x1781B0x701
0x2053	0x204fB0x19c2B0x804
0x2055	0x204fB0xfd0
0x2055	0x204fB0x13f6
0x2055	0x204fB0x171d
0x2055	0x204fB0x17bd
0x2055	0x204fB0x1a53
0x2055	0x204fB0x1e45
0x2055	0x204fB0x15bdB0x5e2
0x2055	0x204fB0x134dB0x461
0x2055	0x204fB0x1497B0x54d
0x2055	0x204fB0x153bB0x582
0x2055	0x204fB0x1689B0x66c
0x2055	0x204fB0x1781B0x701
0x2055	0x204fB0x19c2B0x804
0x2056	0x204fB0xfd0
0x2056	0x204fB0x13f6
0x2056	0x204fB0x171d
0x2056	0x204fB0x17bd
0x2056	0x204fB0x1a53
0x2056	0x204fB0x1e45
0x2056	0x204fB0x15bdB0x5e2
0x2056	0x204fB0x134dB0x461
0x2056	0x204fB0x1497B0x54d
0x2056	0x204fB0x153bB0x582
0x2056	0x204fB0x1689B0x66c
0x2056	0x204fB0x1781B0x701
0x2056	0x204fB0x19c2B0x804
0x205b	0x205aB0xfd0
0x205b	0x205aB0x13f6
0x205b	0x205aB0x171d
0x205b	0x205aB0x17bd
0x205b	0x205aB0x1a53
0x205b	0x205aB0x1e45
0x205b	0x205aB0x15bdB0x5e2
0x205b	0x205aB0x134dB0x461
0x205b	0x205aB0x1497B0x54d
0x205b	0x205aB0x153bB0x582
0x205b	0x205aB0x1689B0x66c
0x205b	0x205aB0x1781B0x701
0x205b	0x205aB0x19c2B0x804
0x205f	0x205fB0xfd0
0x205f	0x205fB0x13f6
0x205f	0x205fB0x171d
0x205f	0x205fB0x17bd
0x205f	0x205fB0x1a53
0x205f	0x205fB0x1e45
0x205f	0x205fB0x15bdB0x5e2
0x205f	0x205fB0x134dB0x461
0x205f	0x205fB0x1497B0x54d
0x205f	0x205fB0x153bB0x582
0x205f	0x205fB0x1689B0x66c
0x205f	0x205fB0x1781B0x701
0x205f	0x205fB0x19c2B0x804
0x2061	0x205fB0xfd0
0x2061	0x205fB0x13f6
0x2061	0x205fB0x171d
0x2061	0x205fB0x17bd
0x2061	0x205fB0x1a53
0x2061	0x205fB0x1e45
0x2061	0x205fB0x15bdB0x5e2
0x2061	0x205fB0x134dB0x461
0x2061	0x205fB0x1497B0x54d
0x2061	0x205fB0x153bB0x582
0x2061	0x205fB0x1689B0x66c
0x2061	0x205fB0x1781B0x701
0x2061	0x205fB0x19c2B0x804
0x2062	0x205fB0xfd0
0x2062	0x205fB0x13f6
0x2062	0x205fB0x171d
0x2062	0x205fB0x17bd
0x2062	0x205fB0x1a53
0x2062	0x205fB0x1e45
0x2062	0x205fB0x15bdB0x5e2
0x2062	0x205fB0x134dB0x461
0x2062	0x205fB0x1497B0x54d
0x2062	0x205fB0x153bB0x582
0x2062	0x205fB0x1689B0x66c
0x2062	0x205fB0x1781B0x701
0x2062	0x205fB0x19c2B0x804
0x2066	0x205fB0xfd0
0x2066	0x205fB0x13f6
0x2066	0x205fB0x171d
0x2066	0x205fB0x17bd
0x2066	0x205fB0x1a53
0x2066	0x205fB0x1e45
0x2066	0x205fB0x15bdB0x5e2
0x2066	0x205fB0x134dB0x461
0x2066	0x205fB0x1497B0x54d
0x2066	0x205fB0x153bB0x582
0x2066	0x205fB0x1689B0x66c
0x2066	0x205fB0x1781B0x701
0x2066	0x205fB0x19c2B0x804
0x2068	0x205fB0xfd0
0x2068	0x205fB0x13f6
0x2068	0x205fB0x171d
0x2068	0x205fB0x17bd
0x2068	0x205fB0x1a53
0x2068	0x205fB0x1e45
0x2068	0x205fB0x15bdB0x5e2
0x2068	0x205fB0x134dB0x461
0x2068	0x205fB0x1497B0x54d
0x2068	0x205fB0x153bB0x582
0x2068	0x205fB0x1689B0x66c
0x2068	0x205fB0x1781B0x701
0x2068	0x205fB0x19c2B0x804
0x206b	0x205fB0xfd0
0x206b	0x205fB0x13f6
0x206b	0x205fB0x171d
0x206b	0x205fB0x17bd
0x206b	0x205fB0x1a53
0x206b	0x205fB0x1e45
0x206b	0x205fB0x15bdB0x5e2
0x206b	0x205fB0x134dB0x461
0x206b	0x205fB0x1497B0x54d
0x206b	0x205fB0x153bB0x582
0x206b	0x205fB0x1689B0x66c
0x206b	0x205fB0x1781B0x701
0x206b	0x205fB0x19c2B0x804
0x206d	0x205fB0xfd0
0x206d	0x205fB0x13f6
0x206d	0x205fB0x171d
0x206d	0x205fB0x17bd
0x206d	0x205fB0x1a53
0x206d	0x205fB0x1e45
0x206d	0x205fB0x15bdB0x5e2
0x206d	0x205fB0x134dB0x461
0x206d	0x205fB0x1497B0x54d
0x206d	0x205fB0x153bB0x582
0x206d	0x205fB0x1689B0x66c
0x206d	0x205fB0x1781B0x701
0x206d	0x205fB0x19c2B0x804
0x206e	0x205fB0xfd0
0x206e	0x205fB0x13f6
0x206e	0x205fB0x171d
0x206e	0x205fB0x17bd
0x206e	0x205fB0x1a53
0x206e	0x205fB0x1e45
0x206e	0x205fB0x15bdB0x5e2
0x206e	0x205fB0x134dB0x461
0x206e	0x205fB0x1497B0x54d
0x206e	0x205fB0x153bB0x582
0x206e	0x205fB0x1689B0x66c
0x206e	0x205fB0x1781B0x701
0x206e	0x205fB0x19c2B0x804
0x2072	0x205fB0xfd0
0x2072	0x205fB0x13f6
0x2072	0x205fB0x171d
0x2072	0x205fB0x17bd
0x2072	0x205fB0x1a53
0x2072	0x205fB0x1e45
0x2072	0x205fB0x15bdB0x5e2
0x2072	0x205fB0x134dB0x461
0x2072	0x205fB0x1497B0x54d
0x2072	0x205fB0x153bB0x582
0x2072	0x205fB0x1689B0x66c
0x2072	0x205fB0x1781B0x701
0x2072	0x205fB0x19c2B0x804
0x2e13	0x2e12B0x374
0x2e18	0x2e12B0x374
0x2e1c	0x2e12B0x374
0x2e1e	0x2e12B0x374
0x2e34	0x2e12B0x374
0x2e36	0x2e12B0x374
0x2e37	0x2e12B0x374
0x2e3a	0x2e12B0x374
0x2e3c	0x2e12B0x374
0x2e3e	0x2e12B0x374
0x317c	0x317bB0x374
0x3181	0x317bB0x374
0x3185	0x317bB0x374
0x3187	0x317bB0x374
0x31a8	0x317bB0x374
0x31ab	0x317bB0x374
0x31ad	0x317bB0x374
0x31b8	0x317bB0x374
0x31ba	0x317bB0x374
0x31bb	0x317bB0x374
0x31be	0x317bB0x374
0x31c0	0x317bB0x374
0x31c2	0x317bB0x374
0x31fb	0x31faB0xfd0
0x31fb	0x31faB0x13f6
0x31fb	0x31faB0x171d
0x31fb	0x31faB0x17bd
0x31fb	0x31faB0x1a53
0x31fb	0x31faB0x1e45
0x31fb	0x31faB0x15bdB0x5e2
0x31fb	0x31faB0x134dB0x461
0x31fb	0x31faB0x1497B0x54d
0x31fb	0x31faB0x153bB0x582
0x31fb	0x31faB0x1689B0x66c
0x31fb	0x31faB0x1781B0x701
0x31fb	0x31faB0x19c2B0x804
0x3200	0x31faB0xfd0
0x3200	0x31faB0x13f6
0x3200	0x31faB0x171d
0x3200	0x31faB0x17bd
0x3200	0x31faB0x1a53
0x3200	0x31faB0x1e45
0x3200	0x31faB0x15bdB0x5e2
0x3200	0x31faB0x134dB0x461
0x3200	0x31faB0x1497B0x54d
0x3200	0x31faB0x153bB0x582
0x3200	0x31faB0x1689B0x66c
0x3200	0x31faB0x1781B0x701
0x3200	0x31faB0x19c2B0x804
0x3204	0x31faB0xfd0
0x3204	0x31faB0x13f6
0x3204	0x31faB0x171d
0x3204	0x31faB0x17bd
0x3204	0x31faB0x1a53
0x3204	0x31faB0x1e45
0x3204	0x31faB0x15bdB0x5e2
0x3204	0x31faB0x134dB0x461
0x3204	0x31faB0x1497B0x54d
0x3204	0x31faB0x153bB0x582
0x3204	0x31faB0x1689B0x66c
0x3204	0x31faB0x1781B0x701
0x3204	0x31faB0x19c2B0x804
0x3206	0x31faB0xfd0
0x3206	0x31faB0x13f6
0x3206	0x31faB0x171d
0x3206	0x31faB0x17bd
0x3206	0x31faB0x1a53
0x3206	0x31faB0x1e45
0x3206	0x31faB0x15bdB0x5e2
0x3206	0x31faB0x134dB0x461
0x3206	0x31faB0x1497B0x54d
0x3206	0x31faB0x153bB0x582
0x3206	0x31faB0x1689B0x66c
0x3206	0x31faB0x1781B0x701
0x3206	0x31faB0x19c2B0x804
0x3227	0x31faB0xfd0
0x3227	0x31faB0x13f6
0x3227	0x31faB0x171d
0x3227	0x31faB0x17bd
0x3227	0x31faB0x1a53
0x3227	0x31faB0x1e45
0x3227	0x31faB0x15bdB0x5e2
0x3227	0x31faB0x134dB0x461
0x3227	0x31faB0x1497B0x54d
0x3227	0x31faB0x153bB0x582
0x3227	0x31faB0x1689B0x66c
0x3227	0x31faB0x1781B0x701
0x3227	0x31faB0x19c2B0x804
0x322a	0x31faB0xfd0
0x322a	0x31faB0x13f6
0x322a	0x31faB0x171d
0x322a	0x31faB0x17bd
0x322a	0x31faB0x1a53
0x322a	0x31faB0x1e45
0x322a	0x31faB0x15bdB0x5e2
0x322a	0x31faB0x134dB0x461
0x322a	0x31faB0x1497B0x54d
0x322a	0x31faB0x153bB0x582
0x322a	0x31faB0x1689B0x66c
0x322a	0x31faB0x1781B0x701
0x322a	0x31faB0x19c2B0x804
0x322c	0x31faB0xfd0
0x322c	0x31faB0x13f6
0x322c	0x31faB0x171d
0x322c	0x31faB0x17bd
0x322c	0x31faB0x1a53
0x322c	0x31faB0x1e45
0x322c	0x31faB0x15bdB0x5e2
0x322c	0x31faB0x134dB0x461
0x322c	0x31faB0x1497B0x54d
0x322c	0x31faB0x153bB0x582
0x322c	0x31faB0x1689B0x66c
0x322c	0x31faB0x1781B0x701
0x322c	0x31faB0x19c2B0x804
0x322e	0x31faB0xfd0
0x322e	0x31faB0x13f6
0x322e	0x31faB0x171d
0x322e	0x31faB0x17bd
0x322e	0x31faB0x1a53
0x322e	0x31faB0x1e45
0x322e	0x31faB0x15bdB0x5e2
0x322e	0x31faB0x134dB0x461
0x322e	0x31faB0x1497B0x54d
0x322e	0x31faB0x153bB0x582
0x322e	0x31faB0x1689B0x66c
0x322e	0x31faB0x1781B0x701
0x322e	0x31faB0x19c2B0x804
0x329e	0x329dB0x374
0x32a3	0x329dB0x374
0x32a7	0x329dB0x374
0x32a9	0x329dB0x374
0x32bb	0x329dB0x374
0x32bd	0x329dB0x374
0x32be	0x329dB0x374
0x32c1	0x329dB0x374
0x32c3	0x329dB0x374
0x32c5	0x329dB0x374
0x32c9	0x32c8B0x374
0x32ce	0x32c8B0x374
0x32d2	0x32c8B0x374
0x32d4	0x32c8B0x374
0x32f5	0x32c8B0x374
0x32f8	0x32c8B0x374
0x32fa	0x32c8B0x374
0x32fc	0x32c8B0x374
0xdf10	0xd81B0x374
0xe910	0xe35B0x374
0xf310	0xf10B0x374
0xfd10	0xf62B0x374
0x3e635	0x3e634B0x374
0x3e637	0x3e634B0x374
0x3e63a	0x3e634B0x374
0x3e65d	0x3e65cB0x374
0x3e65f	0x3e65cB0x374
0x3e662	0x3e65cB0x374
0x3e685	0x3e684B0x374
0x3e687	0x3e684B0x374
0x3e68a	0x3e684B0x374
0x3e6ad	0x3e6acB0x374
0x3e6af	0x3e6acB0x374
0x3e6b2	0x3e6acB0x374
0x4b3e0	0x3e924B0x520
0x4b421	0x4b420B0x520
0x4b423	0x4b420B0x520
0x4b426	0x4b420B0x520
0x4b428	0x4b420B0x520
0x4b42a	0x4b420B0x520
0x57f53	0x4b497B0x5c2
0x57f94	0x57f93B0x5c2
0x57f96	0x57f93B0x5c2
0x57f99	0x57f93B0x5c2
0x57f9b	0x57f93B0x5c2
0x57f9d	0x57f93B0x5c2
0x99862	0x99861B0xfd0
0x99862	0x99861B0x13f6
0x99862	0x99861B0x171d
0x99862	0x99861B0x17bd
0x99862	0x99861B0x1a53
0x99862	0x99861B0x1e45
0x99862	0x99861B0x15bdB0x5e2
0x99862	0x99861B0x134dB0x461
0x99862	0x99861B0x1497B0x54d
0x99862	0x99861B0x153bB0x582
0x99862	0x99861B0x1689B0x66c
0x99862	0x99861B0x1781B0x701
0x99862	0x99861B0x19c2B0x804
0x99864	0x99861B0xfd0
0x99864	0x99861B0x13f6
0x99864	0x99861B0x171d
0x99864	0x99861B0x17bd
0x99864	0x99861B0x1a53
0x99864	0x99861B0x1e45
0x99864	0x99861B0x15bdB0x5e2
0x99864	0x99861B0x134dB0x461
0x99864	0x99861B0x1497B0x54d
0x99864	0x99861B0x153bB0x582
0x99864	0x99861B0x1689B0x66c
0x99864	0x99861B0x1781B0x701
0x99864	0x99861B0x19c2B0x804
0x99867	0x99861B0xfd0
0x99867	0x99861B0x13f6
0x99867	0x99861B0x171d
0x99867	0x99861B0x17bd
0x99867	0x99861B0x1a53
0x99867	0x99861B0x1e45
0x99867	0x99861B0x15bdB0x5e2
0x99867	0x99861B0x134dB0x461
0x99867	0x99861B0x1497B0x54d
0x99867	0x99861B0x153bB0x582
0x99867	0x99861B0x1689B0x66c
0x99867	0x99861B0x1781B0x701
0x99867	0x99861B0x19c2B0x804
0xdf7	0xde7B0x374
0x2059	0x204fB0xfd0
0x2059	0x204fB0x13f6
0x2059	0x204fB0x171d
0x2059	0x204fB0x17bd
0x2059	0x204fB0x1a53
0x2059	0x204fB0x1e45
0x2059	0x204fB0x15bdB0x5e2
0x2059	0x204fB0x134dB0x461
0x2059	0x204fB0x1497B0x54d
0x2059	0x204fB0x153bB0x582
0x2059	0x204fB0x1689B0x66c
0x2059	0x204fB0x1781B0x701
0x2059	0x204fB0x19c2B0x804
0x4b42d	0x4b420B0x520
0x57fa0	0x57f93B0x5c2
0x1ffd	0x1fe0B0xfc2
0xd1c	0xc74B0x374
0xd38	0xd1dB0x374
0x200a	0x2004B0xfc2
0x15bc	0x15acB0x5c2
0x1488	0x1478B0x520
0xefa	0xebeB0x374
0xdd9	0xdadB0x374
0xf61	0xf21B0x374
0xb68	0xb61B0x374
0xb70	0xb69B0x374
0xbd9	0xbc3B0x374
0xc0f	0xbf9B0x374
0xc5b	0xc45B0x374
0xde6	0xddaB0x374
0xe11	0xdffB0x374
0xe34	0xe1eB0x374
0x2075	0x205fB0xfd0
0x2075	0x205fB0x13f6
0x2075	0x205fB0x171d
0x2075	0x205fB0x17bd
0x2075	0x205fB0x1a53
0x2075	0x205fB0x1e45
0x2075	0x205fB0x15bdB0x5e2
0x2075	0x205fB0x134dB0x461
0x2075	0x205fB0x1497B0x54d
0x2075	0x205fB0x153bB0x582
0x2075	0x205fB0x1689B0x66c
0x2075	0x205fB0x1781B0x701
0x2075	0x205fB0x19c2B0x804
0x2e40	0x2e12B0x374
0x31c4	0x317bB0x374
0x3230	0x31faB0xfd0
0x3230	0x31faB0x13f6
0x3230	0x31faB0x171d
0x3230	0x31faB0x17bd
0x3230	0x31faB0x1a53
0x3230	0x31faB0x1e45
0x3230	0x31faB0x15bdB0x5e2
0x3230	0x31faB0x134dB0x461
0x3230	0x31faB0x1497B0x54d
0x3230	0x31faB0x153bB0x582
0x3230	0x31faB0x1689B0x66c
0x3230	0x31faB0x1781B0x701
0x3230	0x31faB0x19c2B0x804
0x32c7	0x329dB0x374
0x32fe	0x32c8B0x374
0xdf30	0xd81B0x374
0xe930	0xe35B0x374
0xf330	0xf10B0x374
0xfd30	0xf62B0x374
0x4b400	0x3e924B0x520
0x57f73	0x4b497B0x5c2
0xbc2	0xb71B0x374
0xbf0	0xbdaB0x374
0xbf8	0xbf2B0x374
0xc44	0xc10B0x374
0xc6d	0xc5cB0x374
0xc73	0xc6fB0x374
0xd5c	0xd39B0x374
0xd7f	0xd5eB0x374
0xdfe	0xdf8B0x374
0xe1d	0xe12B0x374
0xe6e	0xe5dB0x374
0xe75	0xe70B0x374
0xebc	0xe76B0x374
0xf0f	0xefbB0x374
0xf20	0xf1bB0x374
0x2003	0x1ffeB0xfc2
0x205e	0x205aB0xfd0
0x205e	0x205aB0x13f6
0x205e	0x205aB0x171d
0x205e	0x205aB0x17bd
0x205e	0x205aB0x1a53
0x205e	0x205aB0x1e45
0x205e	0x205aB0x15bdB0x5e2
0x205e	0x205aB0x134dB0x461
0x205e	0x205aB0x1497B0x54d
0x205e	0x205aB0x153bB0x582
0x205e	0x205aB0x1689B0x66c
0x205e	0x205aB0x1781B0x701
0x205e	0x205aB0x19c2B0x804
0x204e	0x200bB0xfc2
0x3e6db	0x3e6d4B0x374
0x3e702	0x3e6fbB0x374
0x99820	0x9981dB0xfc2
0x99841	0x99840B0xfd0
0x99841	0x99840B0x13f6
0x99841	0x99840B0x171d
0x99841	0x99840B0x17bd
0x99841	0x99840B0x1a53
0x99841	0x99840B0x1e45
0x99841	0x99840B0x15bdB0x5e2
0x99841	0x99840B0x134dB0x461
0x99841	0x99840B0x1497B0x54d
0x99841	0x99840B0x153bB0x582
0x99841	0x99840B0x1689B0x66c
0x99841	0x99840B0x1781B0x701
0x99841	0x99840B0x19c2B0x804
0x10fafa	0x10faf3B0x374
0x10fef8	0x10fef4B0x520
0x10ff1c	0x10ff18B0x5c2
0xde2	0xddaB0x374
0xf03	0xefbB0x374
0xf6a	0xf62B0x374
0x204b	0x200bB0xfc2
0x3e63c	0x3e634B0x374
0x3e664	0x3e65cB0x374
0x3e68c	0x3e684B0x374
0x3e6b4	0x3e6acB0x374
0x99869	0x99861B0xfd0
0x99869	0x99861B0x13f6
0x99869	0x99861B0x171d
0x99869	0x99861B0x17bd
0x99869	0x99861B0x1a53
0x99869	0x99861B0x1e45
0x99869	0x99861B0x15bdB0x5e2
0x99869	0x99861B0x134dB0x461
0x99869	0x99861B0x1497B0x54d
0x99869	0x99861B0x153bB0x582
0x99869	0x99861B0x1689B0x66c
0x99869	0x99861B0x1781B0x701
0x99869	0x99861B0x19c2B0x804
0xcaf	0xc74B0x374
0xb95	0xb71B0x374
0xb9c	0xb71B0x374
0xba4	0xb71B0x374
0xba6	0xb71B0x374
0xbac	0xb71B0x374
0xbb1	0xb71B0x374
0xbce	0xbc3B0x374
0xc04	0xbf9B0x374
0xc1f	0xc10B0x374
0xc26	0xc10B0x374
0xc2e	0xc10B0x374
0xc30	0xc10B0x374
0xc36	0xc10B0x374
0xc39	0xc10B0x374
0xc50	0xc45B0x374
0xc89	0xc74B0x374
0xc8c	0xc74B0x374
0xc93	0xc74B0x374
0xc98	0xc74B0x374
0xc9d	0xc74B0x374
0xcb4	0xc74B0x374
0xcbd	0xc74B0x374
0xcc4	0xc74B0x374
0xccb	0xc74B0x374
0xcd3	0xc74B0x374
0xcdd	0xc74B0x374
0xce9	0xc74B0x374
0xced	0xc74B0x374
0xcf3	0xc74B0x374
0xcf5	0xc74B0x374
0xd86	0xd81B0x374
0xdca	0xdadB0x374
0xe29	0xe1eB0x374
0xe46	0xe35B0x374
0xe84	0xe76B0x374
0xe8b	0xe76B0x374
0xe93	0xe76B0x374
0xe95	0xe76B0x374
0xe9b	0xe76B0x374
0xe9e	0xe76B0x374
0xf54	0xf21B0x374
0x1fe5	0x1fe0B0xfc2
0x1fea	0x1fe0B0xfc2
0x206a	0x205fB0xfd0
0x206a	0x205fB0x13f6
0x206a	0x205fB0x171d
0x206a	0x205fB0x17bd
0x206a	0x205fB0x1a53
0x206a	0x205fB0x1e45
0x206a	0x205fB0x15bdB0x5e2
0x206a	0x205fB0x134dB0x461
0x206a	0x205fB0x1497B0x54d
0x206a	0x205fB0x153bB0x582
0x206a	0x205fB0x1689B0x66c
0x206a	0x205fB0x1781B0x701
0x206a	0x205fB0x19c2B0x804
0x2e17	0x2e12B0x374
0x2e1d	0x2e12B0x374
0x2e3b	0x2e12B0x374
0x3180	0x317bB0x374
0x3186	0x317bB0x374
0x31ac	0x317bB0x374
0x31bf	0x317bB0x374
0x31ff	0x31faB0xfd0
0x31ff	0x31faB0x13f6
0x31ff	0x31faB0x171d
0x31ff	0x31faB0x17bd
0x31ff	0x31faB0x1a53
0x31ff	0x31faB0x1e45
0x31ff	0x31faB0x15bdB0x5e2
0x31ff	0x31faB0x134dB0x461
0x31ff	0x31faB0x1497B0x54d
0x31ff	0x31faB0x153bB0x582
0x31ff	0x31faB0x1689B0x66c
0x31ff	0x31faB0x1781B0x701
0x31ff	0x31faB0x19c2B0x804
0x3205	0x31faB0xfd0
0x3205	0x31faB0x13f6
0x3205	0x31faB0x171d
0x3205	0x31faB0x17bd
0x3205	0x31faB0x1a53
0x3205	0x31faB0x1e45
0x3205	0x31faB0x15bdB0x5e2
0x3205	0x31faB0x134dB0x461
0x3205	0x31faB0x1497B0x54d
0x3205	0x31faB0x153bB0x582
0x3205	0x31faB0x1689B0x66c
0x3205	0x31faB0x1781B0x701
0x3205	0x31faB0x19c2B0x804
0x322b	0x31faB0xfd0
0x322b	0x31faB0x13f6
0x322b	0x31faB0x171d
0x322b	0x31faB0x17bd
0x322b	0x31faB0x1a53
0x322b	0x31faB0x1e45
0x322b	0x31faB0x15bdB0x5e2
0x322b	0x31faB0x134dB0x461
0x322b	0x31faB0x1497B0x54d
0x322b	0x31faB0x153bB0x582
0x322b	0x31faB0x1689B0x66c
0x322b	0x31faB0x1781B0x701
0x322b	0x31faB0x19c2B0x804
0x32a2	0x329dB0x374
0x32a8	0x329dB0x374
0x32c2	0x329dB0x374
0x32cd	0x32c8B0x374
0x32d3	0x32c8B0x374
0x32f9	0x32c8B0x374
0xc7f	0xc74B0x374
0xcfc	0xc74B0x374
0xd07	0xc74B0x374
0xd62	0xd5eB0x374
0xd6d	0xd5eB0x374
0xdaa	0xd81B0x374
0xe0d	0xdffB0x374
0xe41	0xe35B0x374
0xe5c	0xe35B0x374
0xeab	0xe76B0x374
0xf32	0xf21B0x374
0xbf1	0xbf1B0x374
0xc6e	0xc6eB0x374
0xd5d	0xd5dB0x374
0xd80	0xd80B0x374
0xe6f	0xe6fB0x374
0xebd	0xebdB0x374
0xf10	0xf10B0x374
0xa4a	0xa49B0x2fe
0xa4c	0xa49B0x2fe
0xa50	0xa49B0x2fe
0x10b2	0x10b1B0x414
0x10b4	0x10b1B0x414
0x10b9	0x10b1B0x414
0x10be	0x10b1B0x414
0x10c2	0x10b1B0x414
0x10cb	0x10b1B0x414
0x10cd	0x10b1B0x414
0x10cf	0x10b1B0x414
0x10d0	0x10b1B0x414
0x10d2	0x10b1B0x414
0x10d5	0x10b1B0x414
0x10d6	0x10b1B0x414
0x10d7	0x10b1B0x414
0x10da	0x10b1B0x414
0x10db	0x10b1B0x414
0x10dd	0x10b1B0x414
0x10de	0x10b1B0x414
0x10e1	0x10b1B0x414
0x10e5	0x10b1B0x414
0x10e6	0x10b1B0x414
0x10e9	0x10b1B0x414
0x10ec	0x10b1B0x414
0x10ee	0x10b1B0x414
0x10f0	0x10b1B0x414
0x10f2	0x10b1B0x414
0x10fe	0x10b1B0x414
0x1102	0x10b1B0x414
0x1103	0x10b1B0x414
0x1108	0x1107B0x414
0x110a	0x1107B0x414
0x110b	0x1107B0x414
0x110f	0x110fB0x414
0x1114	0x110fB0x414
0x1115	0x110fB0x414
0x1116	0x110fB0x414
0x111a	0x110fB0x414
0x111c	0x110fB0x414
0x111e	0x110fB0x414
0x1124	0x1122B0x414
0x1127	0x1122B0x414
0x112a	0x1122B0x414
0x112c	0x1122B0x414
0x112e	0x1122B0x414
0x1132	0x1130B0x414
0x1136	0x1130B0x414
0x1138	0x1130B0x414
0x113a	0x1130B0x414
0x113c	0x1130B0x414
0x113f	0x1130B0x414
0x1140	0x1130B0x414
0x1146	0x1144B0x414
0x1147	0x1144B0x414
0x1149	0x1144B0x414
0x114b	0x1144B0x414
0x134e	0x134dB0x461
0x1351	0x134dB0x461
0x1356	0x1355B0x461
0x135b	0x1358B0x461
0x135c	0x1358B0x461
0x135d	0x1358B0x461
0x1366	0x1361B0x461
0x1367	0x1361B0x461
0x136f	0x136cB0x461
0x1371	0x136cB0x461
0x1372	0x136cB0x461
0x1373	0x136cB0x461
0x1376	0x136cB0x461
0x1378	0x136cB0x461
0x137d	0x136cB0x461
0x1382	0x1381B0x461
0x1384	0x1381B0x461
0x1386	0x1381B0x461
0x1388	0x1381B0x461
0x1389	0x1381B0x461
0x138a	0x1381B0x461
0x138b	0x1381B0x461
0x1393	0x1381B0x461
0x1394	0x1381B0x461
0x139c	0x1399B0x461
0x139e	0x1399B0x461
0x139f	0x1399B0x461
0x13a0	0x1399B0x461
0x13a3	0x1399B0x461
0x13a4	0x1399B0x461
0x13a6	0x1399B0x461
0x13a8	0x1399B0x461
0x13a9	0x1399B0x461
0x13ab	0x1399B0x461
0x13ad	0x1399B0x461
0x13b0	0x1399B0x461
0x13b5	0x1399B0x461
0x13bb	0x1399B0x461
0x13bd	0x1399B0x461
0x13be	0x1399B0x461
0x13c2	0x13c2B0x461
0x13c3	0x13c2B0x461
0x13c7	0x13c2B0x461
0x13c8	0x13c2B0x461
0x13cd	0x13cbB0x461
0x13cf	0x13cbB0x461
0x13d0	0x13cbB0x461
0x1498	0x1497B0x54d
0x149b	0x1497B0x54d
0x14a0	0x149fB0x54d
0x14a5	0x149fB0x54d
0x14a7	0x149fB0x54d
0x14aa	0x149fB0x54d
0x14af	0x149fB0x54d
0x14b1	0x149fB0x54d
0x14b2	0x149fB0x54d
0x14b4	0x149fB0x54d
0x14b6	0x149fB0x54d
0x14b8	0x149fB0x54d
0x14b9	0x149fB0x54d
0x14ba	0x149fB0x54d
0x14bb	0x149fB0x54d
0x14bc	0x149fB0x54d
0x14be	0x149fB0x54d
0x14c0	0x149fB0x54d
0x14c2	0x149fB0x54d
0x14c3	0x149fB0x54d
0x14c5	0x149fB0x54d
0x14c8	0x149fB0x54d
0x14cd	0x149fB0x54d
0x14ce	0x149fB0x54d
0x14d3	0x149fB0x54d
0x14d5	0x149fB0x54d
0x14db	0x149fB0x54d
0x14e1	0x149fB0x54d
0x14ef	0x149fB0x54d
0x14f1	0x149fB0x54d
0x14f2	0x149fB0x54d
0x14f7	0x14f6B0x54d
0x14f9	0x14f6B0x54d
0x14fb	0x14f6B0x54d
0x14fe	0x14f6B0x54d
0x1500	0x14f6B0x54d
0x1504	0x14f6B0x54d
0x1505	0x14f6B0x54d
0x1507	0x14f6B0x54d
0x1508	0x14f6B0x54d
0x150c	0x150cB0x54d
0x1512	0x1510B0x54d
0x1513	0x1510B0x54d
0x1514	0x1510B0x54d
0x1516	0x1510B0x54d
0x1517	0x1510B0x54d
0x151b	0x151bB0x54d
0x151c	0x151bB0x54d
0x1520	0x151bB0x54d
0x1521	0x151bB0x54d
0x153c	0x153bB0x582
0x153f	0x153bB0x582
0x1544	0x1543B0x582
0x1547	0x1543B0x582
0x154a	0x1543B0x582
0x154f	0x154eB0x582
0x1552	0x154eB0x582
0x1554	0x154eB0x582
0x1555	0x154eB0x582
0x168a	0x1689B0x66c
0x168d	0x1689B0x66c
0x1692	0x1691B0x66c
0x1694	0x1691B0x66c
0x1695	0x1691B0x66c
0x169a	0x1691B0x66c
0x169c	0x1691B0x66c
0x16a1	0x1691B0x66c
0x16a3	0x1691B0x66c
0x16a5	0x1691B0x66c
0x16a7	0x1691B0x66c
0x16a8	0x1691B0x66c
0x16aa	0x1691B0x66c
0x16ac	0x1691B0x66c
0x16b2	0x1691B0x66c
0x16b8	0x1691B0x66c
0x16ba	0x1691B0x66c
0x16bb	0x1691B0x66c
0x174d	0x174cB0x31790
0x174d	0x174cB0x1f25
0x174d	0x174cB0x3e722
0x174d	0x174cB0x3e791
0x174d	0x174cB0x20e5
0x174d	0x174cB0x7b0ab
0x174d	0x174cB0x87c29
0x174d	0x174cB0x87cab
0x174d	0x174cB0x87dc1
0x174d	0x174cB0x87ef5
0x174d	0x174cB0x997a7
0x174d	0x174cB0x998ac
0x174d	0x174cB0x204fB0xfd0
0x174d	0x174cB0x204fB0x13f6
0x174d	0x174cB0x4b420B0x520
0x174d	0x174cB0x57f93B0x5c2
0x174d	0x174cB0x204fB0x171d
0x174d	0x174cB0x204fB0x17bd
0x174d	0x174cB0x204fB0x1a53
0x174d	0x174cB0x204fB0x1e45
0x174d	0x174cB0x204fB0x15bdB0x5e2
0x174d	0x174cB0x204fB0x134dB0x461
0x174d	0x174cB0x204fB0x1497B0x54d
0x174d	0x174cB0x204fB0x153bB0x582
0x174d	0x174cB0x204fB0x1689B0x66c
0x174d	0x174cB0x204fB0x1781B0x701
0x174d	0x174cB0x204fB0x19c2B0x804
0x1752	0x174cB0x31790
0x1752	0x174cB0x1f25
0x1752	0x174cB0x3e722
0x1752	0x174cB0x3e791
0x1752	0x174cB0x20e5
0x1752	0x174cB0x7b0ab
0x1752	0x174cB0x87c29
0x1752	0x174cB0x87cab
0x1752	0x174cB0x87dc1
0x1752	0x174cB0x87ef5
0x1752	0x174cB0x997a7
0x1752	0x174cB0x998ac
0x1752	0x174cB0x204fB0xfd0
0x1752	0x174cB0x204fB0x13f6
0x1752	0x174cB0x4b420B0x520
0x1752	0x174cB0x57f93B0x5c2
0x1752	0x174cB0x204fB0x171d
0x1752	0x174cB0x204fB0x17bd
0x1752	0x174cB0x204fB0x1a53
0x1752	0x174cB0x204fB0x1e45
0x1752	0x174cB0x204fB0x15bdB0x5e2
0x1752	0x174cB0x204fB0x134dB0x461
0x1752	0x174cB0x204fB0x1497B0x54d
0x1752	0x174cB0x204fB0x153bB0x582
0x1752	0x174cB0x204fB0x1689B0x66c
0x1752	0x174cB0x204fB0x1781B0x701
0x1752	0x174cB0x204fB0x19c2B0x804
0x1754	0x174cB0x31790
0x1754	0x174cB0x1f25
0x1754	0x174cB0x3e722
0x1754	0x174cB0x3e791
0x1754	0x174cB0x20e5
0x1754	0x174cB0x7b0ab
0x1754	0x174cB0x87c29
0x1754	0x174cB0x87cab
0x1754	0x174cB0x87dc1
0x1754	0x174cB0x87ef5
0x1754	0x174cB0x997a7
0x1754	0x174cB0x998ac
0x1754	0x174cB0x204fB0xfd0
0x1754	0x174cB0x204fB0x13f6
0x1754	0x174cB0x4b420B0x520
0x1754	0x174cB0x57f93B0x5c2
0x1754	0x174cB0x204fB0x171d
0x1754	0x174cB0x204fB0x17bd
0x1754	0x174cB0x204fB0x1a53
0x1754	0x174cB0x204fB0x1e45
0x1754	0x174cB0x204fB0x15bdB0x5e2
0x1754	0x174cB0x204fB0x134dB0x461
0x1754	0x174cB0x204fB0x1497B0x54d
0x1754	0x174cB0x204fB0x153bB0x582
0x1754	0x174cB0x204fB0x1689B0x66c
0x1754	0x174cB0x204fB0x1781B0x701
0x1754	0x174cB0x204fB0x19c2B0x804
0x1757	0x174cB0x31790
0x1757	0x174cB0x1f25
0x1757	0x174cB0x3e722
0x1757	0x174cB0x3e791
0x1757	0x174cB0x20e5
0x1757	0x174cB0x7b0ab
0x1757	0x174cB0x87c29
0x1757	0x174cB0x87cab
0x1757	0x174cB0x87dc1
0x1757	0x174cB0x87ef5
0x1757	0x174cB0x997a7
0x1757	0x174cB0x998ac
0x1757	0x174cB0x204fB0xfd0
0x1757	0x174cB0x204fB0x13f6
0x1757	0x174cB0x4b420B0x520
0x1757	0x174cB0x57f93B0x5c2
0x1757	0x174cB0x204fB0x171d
0x1757	0x174cB0x204fB0x17bd
0x1757	0x174cB0x204fB0x1a53
0x1757	0x174cB0x204fB0x1e45
0x1757	0x174cB0x204fB0x15bdB0x5e2
0x1757	0x174cB0x204fB0x134dB0x461
0x1757	0x174cB0x204fB0x1497B0x54d
0x1757	0x174cB0x204fB0x153bB0x582
0x1757	0x174cB0x204fB0x1689B0x66c
0x1757	0x174cB0x204fB0x1781B0x701
0x1757	0x174cB0x204fB0x19c2B0x804
0x175a	0x174cB0x31790
0x175a	0x174cB0x1f25
0x175a	0x174cB0x3e722
0x175a	0x174cB0x3e791
0x175a	0x174cB0x20e5
0x175a	0x174cB0x7b0ab
0x175a	0x174cB0x87c29
0x175a	0x174cB0x87cab
0x175a	0x174cB0x87dc1
0x175a	0x174cB0x87ef5
0x175a	0x174cB0x997a7
0x175a	0x174cB0x998ac
0x175a	0x174cB0x204fB0xfd0
0x175a	0x174cB0x204fB0x13f6
0x175a	0x174cB0x4b420B0x520
0x175a	0x174cB0x57f93B0x5c2
0x175a	0x174cB0x204fB0x171d
0x175a	0x174cB0x204fB0x17bd
0x175a	0x174cB0x204fB0x1a53
0x175a	0x174cB0x204fB0x1e45
0x175a	0x174cB0x204fB0x15bdB0x5e2
0x175a	0x174cB0x204fB0x134dB0x461
0x175a	0x174cB0x204fB0x1497B0x54d
0x175a	0x174cB0x204fB0x153bB0x582
0x175a	0x174cB0x204fB0x1689B0x66c
0x175a	0x174cB0x204fB0x1781B0x701
0x175a	0x174cB0x204fB0x19c2B0x804
0x175b	0x174cB0x31790
0x175b	0x174cB0x1f25
0x175b	0x174cB0x3e722
0x175b	0x174cB0x3e791
0x175b	0x174cB0x20e5
0x175b	0x174cB0x7b0ab
0x175b	0x174cB0x87c29
0x175b	0x174cB0x87cab
0x175b	0x174cB0x87dc1
0x175b	0x174cB0x87ef5
0x175b	0x174cB0x997a7
0x175b	0x174cB0x998ac
0x175b	0x174cB0x204fB0xfd0
0x175b	0x174cB0x204fB0x13f6
0x175b	0x174cB0x4b420B0x520
0x175b	0x174cB0x57f93B0x5c2
0x175b	0x174cB0x204fB0x171d
0x175b	0x174cB0x204fB0x17bd
0x175b	0x174cB0x204fB0x1a53
0x175b	0x174cB0x204fB0x1e45
0x175b	0x174cB0x204fB0x15bdB0x5e2
0x175b	0x174cB0x204fB0x134dB0x461
0x175b	0x174cB0x204fB0x1497B0x54d
0x175b	0x174cB0x204fB0x153bB0x582
0x175b	0x174cB0x204fB0x1689B0x66c
0x175b	0x174cB0x204fB0x1781B0x701
0x175b	0x174cB0x204fB0x19c2B0x804
0x1760	0x174cB0x31790
0x1760	0x174cB0x1f25
0x1760	0x174cB0x3e722
0x1760	0x174cB0x3e791
0x1760	0x174cB0x20e5
0x1760	0x174cB0x7b0ab
0x1760	0x174cB0x87c29
0x1760	0x174cB0x87cab
0x1760	0x174cB0x87dc1
0x1760	0x174cB0x87ef5
0x1760	0x174cB0x997a7
0x1760	0x174cB0x998ac
0x1760	0x174cB0x204fB0xfd0
0x1760	0x174cB0x204fB0x13f6
0x1760	0x174cB0x4b420B0x520
0x1760	0x174cB0x57f93B0x5c2
0x1760	0x174cB0x204fB0x171d
0x1760	0x174cB0x204fB0x17bd
0x1760	0x174cB0x204fB0x1a53
0x1760	0x174cB0x204fB0x1e45
0x1760	0x174cB0x204fB0x15bdB0x5e2
0x1760	0x174cB0x204fB0x134dB0x461
0x1760	0x174cB0x204fB0x1497B0x54d
0x1760	0x174cB0x204fB0x153bB0x582
0x1760	0x174cB0x204fB0x1689B0x66c
0x1760	0x174cB0x204fB0x1781B0x701
0x1760	0x174cB0x204fB0x19c2B0x804
0x1765	0x174cB0x31790
0x1765	0x174cB0x1f25
0x1765	0x174cB0x3e722
0x1765	0x174cB0x3e791
0x1765	0x174cB0x20e5
0x1765	0x174cB0x7b0ab
0x1765	0x174cB0x87c29
0x1765	0x174cB0x87cab
0x1765	0x174cB0x87dc1
0x1765	0x174cB0x87ef5
0x1765	0x174cB0x997a7
0x1765	0x174cB0x998ac
0x1765	0x174cB0x204fB0xfd0
0x1765	0x174cB0x204fB0x13f6
0x1765	0x174cB0x4b420B0x520
0x1765	0x174cB0x57f93B0x5c2
0x1765	0x174cB0x204fB0x171d
0x1765	0x174cB0x204fB0x17bd
0x1765	0x174cB0x204fB0x1a53
0x1765	0x174cB0x204fB0x1e45
0x1765	0x174cB0x204fB0x15bdB0x5e2
0x1765	0x174cB0x204fB0x134dB0x461
0x1765	0x174cB0x204fB0x1497B0x54d
0x1765	0x174cB0x204fB0x153bB0x582
0x1765	0x174cB0x204fB0x1689B0x66c
0x1765	0x174cB0x204fB0x1781B0x701
0x1765	0x174cB0x204fB0x19c2B0x804
0x1768	0x174cB0x31790
0x1768	0x174cB0x1f25
0x1768	0x174cB0x3e722
0x1768	0x174cB0x3e791
0x1768	0x174cB0x20e5
0x1768	0x174cB0x7b0ab
0x1768	0x174cB0x87c29
0x1768	0x174cB0x87cab
0x1768	0x174cB0x87dc1
0x1768	0x174cB0x87ef5
0x1768	0x174cB0x997a7
0x1768	0x174cB0x998ac
0x1768	0x174cB0x204fB0xfd0
0x1768	0x174cB0x204fB0x13f6
0x1768	0x174cB0x4b420B0x520
0x1768	0x174cB0x57f93B0x5c2
0x1768	0x174cB0x204fB0x171d
0x1768	0x174cB0x204fB0x17bd
0x1768	0x174cB0x204fB0x1a53
0x1768	0x174cB0x204fB0x1e45
0x1768	0x174cB0x204fB0x15bdB0x5e2
0x1768	0x174cB0x204fB0x134dB0x461
0x1768	0x174cB0x204fB0x1497B0x54d
0x1768	0x174cB0x204fB0x153bB0x582
0x1768	0x174cB0x204fB0x1689B0x66c
0x1768	0x174cB0x204fB0x1781B0x701
0x1768	0x174cB0x204fB0x19c2B0x804
0x1782	0x1781B0x701
0x1785	0x1781B0x701
0x178a	0x1789B0x701
0x178c	0x1789B0x701
0x178d	0x1789B0x701
0x1792	0x1789B0x701
0x1794	0x1789B0x701
0x1799	0x1789B0x701
0x179b	0x1789B0x701
0x179d	0x1789B0x701
0x179f	0x1789B0x701
0x17a0	0x1789B0x701
0x17a2	0x1789B0x701
0x17a4	0x1789B0x701
0x17aa	0x1789B0x701
0x17b0	0x1789B0x701
0x17b2	0x1789B0x701
0x17b3	0x1789B0x701
0x19c3	0x19c2B0x804
0x19c6	0x19c2B0x804
0x19cb	0x19caB0x804
0x19d0	0x19caB0x804
0x19d2	0x19caB0x804
0x19d5	0x19caB0x804
0x19da	0x19caB0x804
0x19dc	0x19caB0x804
0x19dd	0x19caB0x804
0x19df	0x19caB0x804
0x19e1	0x19caB0x804
0x19e3	0x19caB0x804
0x19e4	0x19caB0x804
0x19e5	0x19caB0x804
0x19e6	0x19caB0x804
0x19e7	0x19caB0x804
0x19e9	0x19caB0x804
0x19eb	0x19caB0x804
0x19ed	0x19caB0x804
0x19ee	0x19caB0x804
0x19f0	0x19caB0x804
0x19f3	0x19caB0x804
0x19f8	0x19caB0x804
0x19f9	0x19caB0x804
0x19fe	0x19caB0x804
0x1a00	0x19caB0x804
0x1a06	0x19caB0x804
0x1a0c	0x19caB0x804
0x1a14	0x19caB0x804
0x1a16	0x19caB0x804
0x1a17	0x19caB0x804
0x1a1c	0x1a1bB0x804
0x1a1e	0x1a1bB0x804
0x1a20	0x1a1bB0x804
0x1a23	0x1a1bB0x804
0x1a25	0x1a1bB0x804
0x1a29	0x1a1bB0x804
0x1a2a	0x1a1bB0x804
0x1a2c	0x1a1bB0x804
0x1a2d	0x1a1bB0x804
0x1a31	0x1a31B0x804
0x1a37	0x1a35B0x804
0x1a38	0x1a35B0x804
0x1a39	0x1a35B0x804
0x1a3b	0x1a35B0x804
0x1a3c	0x1a35B0x804
0x1a40	0x1a40B0x804
0x1a41	0x1a40B0x804
0x1a45	0x1a40B0x804
0x1a46	0x1a40B0x804
0x220b	0x220aB0x1fe0B0xfc2
0x220d	0x220aB0x1fe0B0xfc2
0x2211	0x220aB0x1fe0B0xfc2
0x2213	0x220aB0x1fe0B0xfc2
0x2215	0x220aB0x1fe0B0xfc2
0x2217	0x220aB0x1fe0B0xfc2
0x2218	0x220aB0x1fe0B0xfc2
0x221a	0x220aB0x1fe0B0xfc2
0x221b	0x220aB0x1fe0B0xfc2
0x23ca	0x23c7B0x942
0x23ca	0x23c7B0x1d25
0x23cb	0x23c7B0x942
0x23cb	0x23c7B0x1d25
0x23ce	0x23c7B0x942
0x23ce	0x23c7B0x1d25
0x23d0	0x23c7B0x942
0x23d0	0x23c7B0x1d25
0x23d1	0x23c7B0x942
0x23d1	0x23c7B0x1d25
0x23d2	0x23c7B0x942
0x23d2	0x23c7B0x1d25
0x23d5	0x23c7B0x942
0x23d5	0x23c7B0x1d25
0x23d6	0x23c7B0x942
0x23d6	0x23c7B0x1d25
0x23d7	0x23c7B0x942
0x23d7	0x23c7B0x1d25
0x23d8	0x23c7B0x942
0x23d8	0x23c7B0x1d25
0x23db	0x23c7B0x942
0x23db	0x23c7B0x1d25
0x23dd	0x23c7B0x942
0x23dd	0x23c7B0x1d25
0x23e0	0x23c7B0x942
0x23e0	0x23c7B0x1d25
0x23e2	0x23c7B0x942
0x23e2	0x23c7B0x1d25
0x23e4	0x23c7B0x942
0x23e4	0x23c7B0x1d25
0x23e6	0x23c7B0x942
0x23e6	0x23c7B0x1d25
0x23e8	0x23c7B0x942
0x23e8	0x23c7B0x1d25
0x23e9	0x23c7B0x942
0x23e9	0x23c7B0x1d25
0x23ec	0x23c7B0x942
0x23ec	0x23c7B0x1d25
0x23ee	0x23c7B0x942
0x23ee	0x23c7B0x1d25
0x23f1	0x23c7B0x942
0x23f1	0x23c7B0x1d25
0x23f3	0x23c7B0x942
0x23f3	0x23c7B0x1d25
0x23f4	0x23c7B0x942
0x23f4	0x23c7B0x1d25
0x23fa	0x23f8B0x942
0x23fa	0x23f8B0x1d25
0x23fb	0x23f8B0x942
0x23fb	0x23f8B0x1d25
0x23fd	0x23f8B0x942
0x23fd	0x23f8B0x1d25
0x23ff	0x23f8B0x942
0x23ff	0x23f8B0x1d25
0x2400	0x23f8B0x942
0x2400	0x23f8B0x1d25
0x2401	0x23f8B0x942
0x2401	0x23f8B0x1d25
0x2404	0x23f8B0x942
0x2404	0x23f8B0x1d25
0x240b	0x2408B0x942
0x240b	0x2408B0x1d25
0x240c	0x2408B0x942
0x240c	0x2408B0x1d25
0x240e	0x2408B0x942
0x240e	0x2408B0x1d25
0x2412	0x2408B0x942
0x2412	0x2408B0x1d25
0x2413	0x2408B0x942
0x2413	0x2408B0x1d25
0x2419	0x2417B0x942
0x2419	0x2417B0x1d25
0x241d	0x241aB0x942
0x241d	0x241aB0x1d25
0x241e	0x241aB0x942
0x241e	0x241aB0x1d25
0x241f	0x241aB0x942
0x241f	0x241aB0x1d25
0x2424	0x2423B0x942
0x2424	0x2423B0x1d25
0x2428	0x2423B0x942
0x2428	0x2423B0x1d25
0x242a	0x2423B0x942
0x242a	0x2423B0x1d25
0x242d	0x2423B0x942
0x242d	0x2423B0x1d25
0x242f	0x2423B0x942
0x242f	0x2423B0x1d25
0x2431	0x2423B0x942
0x2431	0x2423B0x1d25
0x2437	0x2435B0x942
0x2437	0x2435B0x1d25
0x243d	0x2435B0x942
0x243d	0x2435B0x1d25
0x2448	0x2445B0xc74B0x374
0x2448	0x2445B0xd1dB0x374
0x244d	0x2445B0xc74B0x374
0x244d	0x2445B0xd1dB0x374
0x2450	0x2445B0xc74B0x374
0x2450	0x2445B0xd1dB0x374
0x2452	0x2445B0xc74B0x374
0x2452	0x2445B0xd1dB0x374
0x2454	0x2445B0xc74B0x374
0x2454	0x2445B0xd1dB0x374
0x2457	0x2445B0xc74B0x374
0x2457	0x2445B0xd1dB0x374
0x245a	0x2445B0xc74B0x374
0x245a	0x2445B0xd1dB0x374
0x245b	0x2445B0xc74B0x374
0x245b	0x2445B0xd1dB0x374
0x2460	0x245fB0xc74B0x374
0x2460	0x245fB0xd1dB0x374
0x2462	0x245fB0xc74B0x374
0x2462	0x245fB0xd1dB0x374
0x2464	0x245fB0xc74B0x374
0x2464	0x245fB0xd1dB0x374
0x2468	0x2465B0xc74B0x374
0x2468	0x2465B0xd1dB0x374
0x2469	0x2465B0xc74B0x374
0x2469	0x2465B0xd1dB0x374
0x246a	0x2465B0xc74B0x374
0x246a	0x2465B0xd1dB0x374
0x246f	0x246eB0xc74B0x374
0x246f	0x246eB0xd1dB0x374
0x2471	0x246eB0xc74B0x374
0x2471	0x246eB0xd1dB0x374
0x2472	0x246eB0xc74B0x374
0x2472	0x246eB0xd1dB0x374
0x2474	0x246eB0xc74B0x374
0x2474	0x246eB0xd1dB0x374
0x2476	0x246eB0xc74B0x374
0x2476	0x246eB0xd1dB0x374
0x2478	0x246eB0xc74B0x374
0x2478	0x246eB0xd1dB0x374
0x2479	0x246eB0xc74B0x374
0x2479	0x246eB0xd1dB0x374
0x247a	0x246eB0xc74B0x374
0x247a	0x246eB0xd1dB0x374
0x247b	0x246eB0xc74B0x374
0x247b	0x246eB0xd1dB0x374
0x247c	0x246eB0xc74B0x374
0x247c	0x246eB0xd1dB0x374
0x247e	0x246eB0xc74B0x374
0x247e	0x246eB0xd1dB0x374
0x2480	0x246eB0xc74B0x374
0x2480	0x246eB0xd1dB0x374
0x2482	0x246eB0xc74B0x374
0x2482	0x246eB0xd1dB0x374
0x2483	0x246eB0xc74B0x374
0x2483	0x246eB0xd1dB0x374
0x2486	0x246eB0xc74B0x374
0x2486	0x246eB0xd1dB0x374
0x2487	0x246eB0xc74B0x374
0x2487	0x246eB0xd1dB0x374
0x248a	0x246eB0xc74B0x374
0x248a	0x246eB0xd1dB0x374
0x248e	0x246eB0xc74B0x374
0x248e	0x246eB0xd1dB0x374
0x2490	0x246eB0xc74B0x374
0x2490	0x246eB0xd1dB0x374
0x2494	0x246eB0xc74B0x374
0x2494	0x246eB0xd1dB0x374
0x2496	0x246eB0xc74B0x374
0x2496	0x246eB0xd1dB0x374
0x249c	0x249aB0xc74B0x374
0x249c	0x249aB0xd1dB0x374
0x24a2	0x249aB0xc74B0x374
0x24a2	0x249aB0xd1dB0x374
0x2ba7	0x2ba3B0x804
0x2ba9	0x2ba3B0x804
0x2bab	0x2ba3B0x804
0x2bad	0x2ba3B0x804
0x2bae	0x2ba3B0x804
0x2baf	0x2ba3B0x804
0x2bb0	0x2ba3B0x804
0x2bb3	0x2ba3B0x804
0x2bb5	0x2ba3B0x804
0x2bb7	0x2ba3B0x804
0x2bbe	0x2bbaB0x54d
0x2bc0	0x2bbaB0x54d
0x2bc2	0x2bbaB0x54d
0x2bc4	0x2bbaB0x54d
0x2bc5	0x2bbaB0x54d
0x2bc9	0x2bbaB0x54d
0x2bca	0x2bbaB0x54d
0x2bcd	0x2bbaB0x54d
0x2bcf	0x2bbaB0x54d
0x2bd1	0x2bbaB0x54d
0x2bd3	0x2bbaB0x54d
0x2bd5	0x2bbaB0x54d
0x2bd6	0x2bbaB0x54d
0x2bd7	0x2bbaB0x54d
0x2bda	0x2bbaB0x54d
0x2bdb	0x2bbaB0x54d
0x2bde	0x2bbaB0x54d
0x2be0	0x2bbaB0x54d
0x2be3	0x2bbaB0x54d
0x2be5	0x2bbaB0x54d
0x2be6	0x2bbaB0x54d
0x2be9	0x2bbaB0x54d
0x2beb	0x2bbaB0x54d
0x2bed	0x2bbaB0x54d
0x10710	0x1122B0x414
0x11110	0x1144B0x414
0x11b10	0x1355B0x461
0x14d10	0x2417B0x942
0x14d10	0x2417B0x1d25
0x15710	0x245fB0xc74B0x374
0x15710	0x245fB0xd1dB0x374
0x3e5a4	0x31ae8B0x2fe
0x7b041	0x69845B0x31790
0x7b041	0x69845B0x1f25
0x7b041	0x69845B0x3e722
0x7b041	0x69845B0x3e791
0x7b041	0x69845B0x20e5
0x7b041	0x69845B0x7b0ab
0x7b041	0x69845B0x87c29
0x7b041	0x69845B0x87cab
0x7b041	0x69845B0x87dc1
0x7b041	0x69845B0x87ef5
0x7b041	0x69845B0x997a7
0x7b041	0x69845B0x998ac
0x7b041	0x69845B0x204fB0xfd0
0x7b041	0x69845B0x204fB0x13f6
0x7b041	0x69845B0x4b420B0x520
0x7b041	0x69845B0x57f93B0x5c2
0x7b041	0x69845B0x204fB0x171d
0x7b041	0x69845B0x204fB0x17bd
0x7b041	0x69845B0x204fB0x1a53
0x7b041	0x69845B0x204fB0x1e45
0x7b041	0x69845B0x204fB0x15bdB0x5e2
0x7b041	0x69845B0x204fB0x134dB0x461
0x7b041	0x69845B0x204fB0x1497B0x54d
0x7b041	0x69845B0x204fB0x153bB0x582
0x7b041	0x69845B0x204fB0x1689B0x66c
0x7b041	0x69845B0x204fB0x1781B0x701
0x7b041	0x69845B0x204fB0x19c2B0x804
0xdad0c	0xc9510B0x1fe0B0xfc2
0xa53	0xa49B0x2fe
0x1769	0x174cB0x31790
0x1769	0x174cB0x1f25
0x1769	0x174cB0x3e722
0x1769	0x174cB0x3e791
0x1769	0x174cB0x20e5
0x1769	0x174cB0x7b0ab
0x1769	0x174cB0x87c29
0x1769	0x174cB0x87cab
0x1769	0x174cB0x87dc1
0x1769	0x174cB0x87ef5
0x1769	0x174cB0x997a7
0x1769	0x174cB0x998ac
0x1769	0x174cB0x204fB0xfd0
0x1769	0x174cB0x204fB0x13f6
0x1769	0x174cB0x4b420B0x520
0x1769	0x174cB0x57f93B0x5c2
0x1769	0x174cB0x204fB0x171d
0x1769	0x174cB0x204fB0x17bd
0x1769	0x174cB0x204fB0x1a53
0x1769	0x174cB0x204fB0x1e45
0x1769	0x174cB0x204fB0x15bdB0x5e2
0x1769	0x174cB0x204fB0x134dB0x461
0x1769	0x174cB0x204fB0x1497B0x54d
0x1769	0x174cB0x204fB0x153bB0x582
0x1769	0x174cB0x204fB0x1689B0x66c
0x1769	0x174cB0x204fB0x1781B0x701
0x1769	0x174cB0x204fB0x19c2B0x804
0x221e	0x220aB0x1fe0B0xfc2
0x2440	0x2435B0x942
0x2440	0x2435B0x1d25
0x24a5	0x249aB0xc74B0x374
0x24a5	0x249aB0xd1dB0x374
0x1380	0x136cB0x461
0x16be	0x1691B0x66c
0x17b6	0x1789B0x701
0x1354	0x134dB0x461
0x149e	0x1497B0x54d
0x1542	0x153bB0x582
0x154d	0x1543B0x582
0x1558	0x154eB0x582
0x1690	0x1689B0x66c
0x1788	0x1781B0x701
0x19c9	0x19c2B0x804
0x1121	0x110fB0x414
0x13d3	0x13cbB0x461
0x14f5	0x149fB0x54d
0x1a1a	0x19caB0x804
0x2407	0x23f8B0x942
0x2407	0x23f8B0x1d25
0x2434	0x2423B0x942
0x2434	0x2423B0x1d25
0x2499	0x246eB0xc74B0x374
0x2499	0x246eB0xd1dB0x374
0x2bb9	0x2ba3B0x804
0x2bef	0x2bbaB0x54d
0x10730	0x1122B0x414
0x11130	0x1144B0x414
0x11b30	0x1355B0x461
0x14d30	0x2417B0x942
0x14d30	0x2417B0x1d25
0x15730	0x245fB0xc74B0x374
0x15730	0x245fB0xd1dB0x374
0x3e5c4	0x31ae8B0x2fe
0x7b061	0x69845B0x31790
0x7b061	0x69845B0x1f25
0x7b061	0x69845B0x3e722
0x7b061	0x69845B0x3e791
0x7b061	0x69845B0x20e5
0x7b061	0x69845B0x7b0ab
0x7b061	0x69845B0x87c29
0x7b061	0x69845B0x87cab
0x7b061	0x69845B0x87dc1
0x7b061	0x69845B0x87ef5
0x7b061	0x69845B0x997a7
0x7b061	0x69845B0x998ac
0x7b061	0x69845B0x204fB0xfd0
0x7b061	0x69845B0x204fB0x13f6
0x7b061	0x69845B0x4b420B0x520
0x7b061	0x69845B0x57f93B0x5c2
0x7b061	0x69845B0x204fB0x171d
0x7b061	0x69845B0x204fB0x17bd
0x7b061	0x69845B0x204fB0x1a53
0x7b061	0x69845B0x204fB0x1e45
0x7b061	0x69845B0x204fB0x15bdB0x5e2
0x7b061	0x69845B0x204fB0x134dB0x461
0x7b061	0x69845B0x204fB0x1497B0x54d
0x7b061	0x69845B0x204fB0x153bB0x582
0x7b061	0x69845B0x204fB0x1689B0x66c
0x7b061	0x69845B0x204fB0x1781B0x701
0x7b061	0x69845B0x204fB0x19c2B0x804
0xdad2c	0xc9510B0x1fe0B0xfc2
0x1106	0x10b1B0x414
0x110e	0x1107B0x414
0x1143	0x1130B0x414
0x1360	0x1358B0x461
0x136a	0x1361B0x461
0x1397	0x1381B0x461
0x13c1	0x1399B0x461
0x150b	0x14f6B0x54d
0x151a	0x1510B0x54d
0x1a30	0x1a1bB0x804
0x1a3f	0x1a35B0x804
0x23f7	0x23c7B0x942
0x23f7	0x23c7B0x1d25
0x2416	0x2408B0x942
0x2416	0x2408B0x1d25
0x2422	0x241aB0x942
0x2422	0x241aB0x1d25
0x245e	0x2445B0xc74B0x374
0x245e	0x2445B0xd1dB0x374
0x246d	0x2465B0xc74B0x374
0x246d	0x2465B0xd1dB0x374
0x13da	0x13d4B0x461
0x1530	0x1524B0x54d
0x1a52	0x1a49B0x804
0x3e865	0x3e85eB0x414
0x3e88c	0x3e885B0x414
0x4b44f	0x4b44dB0x582
0xec690	0xec68dB0x942
0xec690	0xec68dB0x1d25
0xec6b3	0xec6b0B0xc74B0x374
0xec6b3	0xec6b0B0xd1dB0x374
0x10fb21	0x10fb1aB0x414
0x10fed4	0x10fed0B0x2fe
0x10ff66	0x10ff61B0x31790
0x10ff66	0x10ff61B0x1f25
0x10ff66	0x10ff61B0x3e722
0x10ff66	0x10ff61B0x3e791
0x10ff66	0x10ff61B0x20e5
0x10ff66	0x10ff61B0x7b0ab
0x10ff66	0x10ff61B0x87c29
0x10ff66	0x10ff61B0x87cab
0x10ff66	0x10ff61B0x87dc1
0x10ff66	0x10ff61B0x87ef5
0x10ff66	0x10ff61B0x997a7
0x10ff66	0x10ff61B0x998ac
0x10ff66	0x10ff61B0x204fB0xfd0
0x10ff66	0x10ff61B0x204fB0x13f6
0x10ff66	0x10ff61B0x4b420B0x520
0x10ff66	0x10ff61B0x57f93B0x5c2
0x10ff66	0x10ff61B0x204fB0x171d
0x10ff66	0x10ff61B0x204fB0x17bd
0x10ff66	0x10ff61B0x204fB0x1a53
0x10ff66	0x10ff61B0x204fB0x1e45
0x10ff66	0x10ff61B0x204fB0x15bdB0x5e2
0x10ff66	0x10ff61B0x204fB0x134dB0x461
0x10ff66	0x10ff61B0x204fB0x1497B0x54d
0x10ff66	0x10ff61B0x204fB0x153bB0x582
0x10ff66	0x10ff61B0x204fB0x1689B0x66c
0x10ff66	0x10ff61B0x204fB0x1781B0x701
0x10ff66	0x10ff61B0x204fB0x19c2B0x804
0x110042	0x11003dB0x1fe0B0xfc2
0x13ca	0x13c2B0x461
0x150f	0x150cB0x54d
0x1523	0x151bB0x54d
0x1a34	0x1a31B0x804
0x1a48	0x1a40B0x804
0x10b8	0x10b1B0x414
0x10bd	0x10b1B0x414
0x10c4	0x10b1B0x414
0x10c7	0x10b1B0x414
0x10f5	0x10b1B0x414
0x10f8	0x10b1B0x414
0x1118	0x110fB0x414
0x1129	0x1122B0x414
0x1134	0x1130B0x414
0x14a4	0x149fB0x54d
0x14a9	0x149fB0x54d
0x14d7	0x149fB0x54d
0x169e	0x1691B0x66c
0x1751	0x174cB0x31790
0x1751	0x174cB0x1f25
0x1751	0x174cB0x3e722
0x1751	0x174cB0x3e791
0x1751	0x174cB0x20e5
0x1751	0x174cB0x7b0ab
0x1751	0x174cB0x87c29
0x1751	0x174cB0x87cab
0x1751	0x174cB0x87dc1
0x1751	0x174cB0x87ef5
0x1751	0x174cB0x997a7
0x1751	0x174cB0x998ac
0x1751	0x174cB0x204fB0xfd0
0x1751	0x174cB0x204fB0x13f6
0x1751	0x174cB0x4b420B0x520
0x1751	0x174cB0x57f93B0x5c2
0x1751	0x174cB0x204fB0x171d
0x1751	0x174cB0x204fB0x17bd
0x1751	0x174cB0x204fB0x1a53
0x1751	0x174cB0x204fB0x1e45
0x1751	0x174cB0x204fB0x15bdB0x5e2
0x1751	0x174cB0x204fB0x134dB0x461
0x1751	0x174cB0x204fB0x1497B0x54d
0x1751	0x174cB0x204fB0x153bB0x582
0x1751	0x174cB0x204fB0x1689B0x66c
0x1751	0x174cB0x204fB0x1781B0x701
0x1751	0x174cB0x204fB0x19c2B0x804
0x1756	0x174cB0x31790
0x1756	0x174cB0x1f25
0x1756	0x174cB0x3e722
0x1756	0x174cB0x3e791
0x1756	0x174cB0x20e5
0x1756	0x174cB0x7b0ab
0x1756	0x174cB0x87c29
0x1756	0x174cB0x87cab
0x1756	0x174cB0x87dc1
0x1756	0x174cB0x87ef5
0x1756	0x174cB0x997a7
0x1756	0x174cB0x998ac
0x1756	0x174cB0x204fB0xfd0
0x1756	0x174cB0x204fB0x13f6
0x1756	0x174cB0x4b420B0x520
0x1756	0x174cB0x57f93B0x5c2
0x1756	0x174cB0x204fB0x171d
0x1756	0x174cB0x204fB0x17bd
0x1756	0x174cB0x204fB0x1a53
0x1756	0x174cB0x204fB0x1e45
0x1756	0x174cB0x204fB0x15bdB0x5e2
0x1756	0x174cB0x204fB0x134dB0x461
0x1756	0x174cB0x204fB0x1497B0x54d
0x1756	0x174cB0x204fB0x153bB0x582
0x1756	0x174cB0x204fB0x1689B0x66c
0x1756	0x174cB0x204fB0x1781B0x701
0x1756	0x174cB0x204fB0x19c2B0x804
0x1796	0x1789B0x701
0x19cf	0x19caB0x804
0x19d4	0x19caB0x804
0x1a02	0x19caB0x804
0x23df	0x23c7B0x942
0x23df	0x23c7B0x1d25
0x244f	0x2445B0xc74B0x374
0x244f	0x2445B0xd1dB0x374
0x2ba6	0x2ba3B0x804
0x2bb4	0x2ba3B0x804
0x2bbd	0x2bbaB0x54d
0x2bce	0x2bbaB0x54d
0x2bdf	0x2bbaB0x54d
0x2be4	0x2bbaB0x54d
0x2bea	0x2bbaB0x54d
0x14cb	0x149fB0x54d
0x19f6	0x19caB0x804
0x2403	0x23f8B0x942
0x2403	0x23f8B0x1d25
0x2410	0x2408B0x942
0x2410	0x2408B0x1d25
0x2426	0x2423B0x942
0x2426	0x2423B0x1d25
0x244b	0x2445B0xc74B0x374
0x244b	0x2445B0xd1dB0x374
0x2489	0x246eB0xc74B0x374
0x2489	0x246eB0xd1dB0x374
0x13c6	0x13c2B0x461
0x151f	0x151bB0x54d
0x1a44	0x1a40B0x804
0x136b	0x136bB0x461
0x1398	0x1398B0x461
0x1107	0x1107B0x414
0x1144	0x1144B0x414
0x1361	0x1361B0x461
0x23f8	0x23f8B0x942
0x23f8	0x23f8B0x1d25
0x2417	0x2417B0x942
0x2417	0x2417B0x1d25
0x2423	0x2423B0x942
0x2423	0x2423B0x1d25
0x245f	0x245fB0xc74B0x374
0x245f	0x245fB0xd1dB0x374
0x246e	0x246eB0xc74B0x374
0x246e	0x246eB0xd1dB0x374
0x15be	0x15bdB0x5e2
0x15c1	0x15bdB0x5e2
0x15c6	0x15c5B0x5e2
0x15c8	0x15c5B0x5e2
0x15c9	0x15c5B0x5e2
0x15ce	0x15c5B0x5e2
0x15d0	0x15c5B0x5e2
0x15d5	0x15c5B0x5e2
0x15d7	0x15c5B0x5e2
0x15d9	0x15c5B0x5e2
0x15db	0x15c5B0x5e2
0x15dc	0x15c5B0x5e2
0x15de	0x15c5B0x5e2
0x15e0	0x15c5B0x5e2
0x15e6	0x15c5B0x5e2
0x15f0	0x15c5B0x5e2
0x15f2	0x15c5B0x5e2
0x15f3	0x15c5B0x5e2
0x15f8	0x15f7B0x5e2
0x15fa	0x15f7B0x5e2
0x15fc	0x15f7B0x5e2
0x15ff	0x15f7B0x5e2
0x1601	0x15f7B0x5e2
0x1605	0x15f7B0x5e2
0x1606	0x15f7B0x5e2
0x1608	0x15f7B0x5e2
0x1609	0x15f7B0x5e2
0x160d	0x160dB0x5e2
0x1613	0x1611B0x5e2
0x1614	0x1611B0x5e2
0x1615	0x1611B0x5e2
0x1617	0x1611B0x5e2
0x1618	0x1611B0x5e2
0x161c	0x161cB0x5e2
0x161d	0x161cB0x5e2
0x1621	0x161cB0x5e2
0x1622	0x161cB0x5e2
0x165d	0x165cB0x628
0x1660	0x165cB0x628
0x1665	0x1664B0x628
0x1668	0x1664B0x628
0x16f7	0x16f6B0x68c
0x16fc	0x16f6B0x68c
0x16fe	0x16f6B0x68c
0x1701	0x16f6B0x68c
0x1704	0x16f6B0x68c
0x1705	0x16f6B0x68c
0x170a	0x16f6B0x68c
0x170f	0x16f6B0x68c
0x1712	0x16f6B0x68c
0x19ac	0x19abB0x7e4
0x19b1	0x19abB0x7e4
0x19b3	0x19abB0x7e4
0x19b6	0x19abB0x7e4
0x19b9	0x19abB0x7e4
0x19ba	0x19abB0x7e4
0x19be	0x19abB0x7e4
0x1ec9	0x1ec8B0x8c7
0x1ecc	0x1ec8B0x8c7
0x1ed1	0x1ed0B0x8c7
0x1ed4	0x1ed0B0x8c7
0x2122	0x2121B0x628
0x2125	0x2121B0x628
0x212a	0x2129B0x628
0x212d	0x2129B0x628
0x212e	0x2129B0x628
0x2130	0x2129B0x628
0x2131	0x2129B0x628
0x2132	0x2129B0x628
0x2134	0x2129B0x628
0x2137	0x2129B0x628
0x2139	0x2129B0x628
0x213a	0x2129B0x628
0x215c	0x2129B0x628
0x2160	0x2129B0x628
0x2162	0x2129B0x628
0x217d	0x217cB0x174cB0x31790
0x217d	0x217cB0x174cB0x1f25
0x217d	0x217cB0x174cB0x3e722
0x217d	0x217cB0x174cB0x3e791
0x217d	0x217cB0x174cB0x20e5
0x217d	0x217cB0x174cB0x7b0ab
0x217d	0x217cB0x174cB0x87c29
0x217d	0x217cB0x174cB0x87cab
0x217d	0x217cB0x174cB0x87dc1
0x217d	0x217cB0x174cB0x87ef5
0x217d	0x217cB0x174cB0x997a7
0x217d	0x217cB0x174cB0x998ac
0x217d	0x217cB0x174cB0x204fB0xfd0
0x217d	0x217cB0x174cB0x204fB0x13f6
0x217d	0x217cB0x174cB0x4b420B0x520
0x217d	0x217cB0x174cB0x57f93B0x5c2
0x217d	0x217cB0x174cB0x204fB0x171d
0x217d	0x217cB0x174cB0x204fB0x17bd
0x217d	0x217cB0x174cB0x204fB0x1a53
0x217d	0x217cB0x174cB0x204fB0x1e45
0x217d	0x217cB0x174cB0x204fB0x15bdB0x5e2
0x217d	0x217cB0x174cB0x204fB0x134dB0x461
0x217d	0x217cB0x174cB0x204fB0x1497B0x54d
0x217d	0x217cB0x174cB0x204fB0x153bB0x582
0x217d	0x217cB0x174cB0x204fB0x1689B0x66c
0x217d	0x217cB0x174cB0x204fB0x1781B0x701
0x217d	0x217cB0x174cB0x204fB0x19c2B0x804
0x217f	0x217cB0x174cB0x31790
0x217f	0x217cB0x174cB0x1f25
0x217f	0x217cB0x174cB0x3e722
0x217f	0x217cB0x174cB0x3e791
0x217f	0x217cB0x174cB0x20e5
0x217f	0x217cB0x174cB0x7b0ab
0x217f	0x217cB0x174cB0x87c29
0x217f	0x217cB0x174cB0x87cab
0x217f	0x217cB0x174cB0x87dc1
0x217f	0x217cB0x174cB0x87ef5
0x217f	0x217cB0x174cB0x997a7
0x217f	0x217cB0x174cB0x998ac
0x217f	0x217cB0x174cB0x204fB0xfd0
0x217f	0x217cB0x174cB0x204fB0x13f6
0x217f	0x217cB0x174cB0x4b420B0x520
0x217f	0x217cB0x174cB0x57f93B0x5c2
0x217f	0x217cB0x174cB0x204fB0x171d
0x217f	0x217cB0x174cB0x204fB0x17bd
0x217f	0x217cB0x174cB0x204fB0x1a53
0x217f	0x217cB0x174cB0x204fB0x1e45
0x217f	0x217cB0x174cB0x204fB0x15bdB0x5e2
0x217f	0x217cB0x174cB0x204fB0x134dB0x461
0x217f	0x217cB0x174cB0x204fB0x1497B0x54d
0x217f	0x217cB0x174cB0x204fB0x153bB0x582
0x217f	0x217cB0x174cB0x204fB0x1689B0x66c
0x217f	0x217cB0x174cB0x204fB0x1781B0x701
0x217f	0x217cB0x174cB0x204fB0x19c2B0x804
0x2183	0x217cB0x174cB0x31790
0x2183	0x217cB0x174cB0x1f25
0x2183	0x217cB0x174cB0x3e722
0x2183	0x217cB0x174cB0x3e791
0x2183	0x217cB0x174cB0x20e5
0x2183	0x217cB0x174cB0x7b0ab
0x2183	0x217cB0x174cB0x87c29
0x2183	0x217cB0x174cB0x87cab
0x2183	0x217cB0x174cB0x87dc1
0x2183	0x217cB0x174cB0x87ef5
0x2183	0x217cB0x174cB0x997a7
0x2183	0x217cB0x174cB0x998ac
0x2183	0x217cB0x174cB0x204fB0xfd0
0x2183	0x217cB0x174cB0x204fB0x13f6
0x2183	0x217cB0x174cB0x4b420B0x520
0x2183	0x217cB0x174cB0x57f93B0x5c2
0x2183	0x217cB0x174cB0x204fB0x171d
0x2183	0x217cB0x174cB0x204fB0x17bd
0x2183	0x217cB0x174cB0x204fB0x1a53
0x2183	0x217cB0x174cB0x204fB0x1e45
0x2183	0x217cB0x174cB0x204fB0x15bdB0x5e2
0x2183	0x217cB0x174cB0x204fB0x134dB0x461
0x2183	0x217cB0x174cB0x204fB0x1497B0x54d
0x2183	0x217cB0x174cB0x204fB0x153bB0x582
0x2183	0x217cB0x174cB0x204fB0x1689B0x66c
0x2183	0x217cB0x174cB0x204fB0x1781B0x701
0x2183	0x217cB0x174cB0x204fB0x19c2B0x804
0x2185	0x217cB0x174cB0x31790
0x2185	0x217cB0x174cB0x1f25
0x2185	0x217cB0x174cB0x3e722
0x2185	0x217cB0x174cB0x3e791
0x2185	0x217cB0x174cB0x20e5
0x2185	0x217cB0x174cB0x7b0ab
0x2185	0x217cB0x174cB0x87c29
0x2185	0x217cB0x174cB0x87cab
0x2185	0x217cB0x174cB0x87dc1
0x2185	0x217cB0x174cB0x87ef5
0x2185	0x217cB0x174cB0x997a7
0x2185	0x217cB0x174cB0x998ac
0x2185	0x217cB0x174cB0x204fB0xfd0
0x2185	0x217cB0x174cB0x204fB0x13f6
0x2185	0x217cB0x174cB0x4b420B0x520
0x2185	0x217cB0x174cB0x57f93B0x5c2
0x2185	0x217cB0x174cB0x204fB0x171d
0x2185	0x217cB0x174cB0x204fB0x17bd
0x2185	0x217cB0x174cB0x204fB0x1a53
0x2185	0x217cB0x174cB0x204fB0x1e45
0x2185	0x217cB0x174cB0x204fB0x15bdB0x5e2
0x2185	0x217cB0x174cB0x204fB0x134dB0x461
0x2185	0x217cB0x174cB0x204fB0x1497B0x54d
0x2185	0x217cB0x174cB0x204fB0x153bB0x582
0x2185	0x217cB0x174cB0x204fB0x1689B0x66c
0x2185	0x217cB0x174cB0x204fB0x1781B0x701
0x2185	0x217cB0x174cB0x204fB0x19c2B0x804
0x2187	0x217cB0x174cB0x31790
0x2187	0x217cB0x174cB0x1f25
0x2187	0x217cB0x174cB0x3e722
0x2187	0x217cB0x174cB0x3e791
0x2187	0x217cB0x174cB0x20e5
0x2187	0x217cB0x174cB0x7b0ab
0x2187	0x217cB0x174cB0x87c29
0x2187	0x217cB0x174cB0x87cab
0x2187	0x217cB0x174cB0x87dc1
0x2187	0x217cB0x174cB0x87ef5
0x2187	0x217cB0x174cB0x997a7
0x2187	0x217cB0x174cB0x998ac
0x2187	0x217cB0x174cB0x204fB0xfd0
0x2187	0x217cB0x174cB0x204fB0x13f6
0x2187	0x217cB0x174cB0x4b420B0x520
0x2187	0x217cB0x174cB0x57f93B0x5c2
0x2187	0x217cB0x174cB0x204fB0x171d
0x2187	0x217cB0x174cB0x204fB0x17bd
0x2187	0x217cB0x174cB0x204fB0x1a53
0x2187	0x217cB0x174cB0x204fB0x1e45
0x2187	0x217cB0x174cB0x204fB0x15bdB0x5e2
0x2187	0x217cB0x174cB0x204fB0x134dB0x461
0x2187	0x217cB0x174cB0x204fB0x1497B0x54d
0x2187	0x217cB0x174cB0x204fB0x153bB0x582
0x2187	0x217cB0x174cB0x204fB0x1689B0x66c
0x2187	0x217cB0x174cB0x204fB0x1781B0x701
0x2187	0x217cB0x174cB0x204fB0x19c2B0x804
0x2189	0x217cB0x174cB0x31790
0x2189	0x217cB0x174cB0x1f25
0x2189	0x217cB0x174cB0x3e722
0x2189	0x217cB0x174cB0x3e791
0x2189	0x217cB0x174cB0x20e5
0x2189	0x217cB0x174cB0x7b0ab
0x2189	0x217cB0x174cB0x87c29
0x2189	0x217cB0x174cB0x87cab
0x2189	0x217cB0x174cB0x87dc1
0x2189	0x217cB0x174cB0x87ef5
0x2189	0x217cB0x174cB0x997a7
0x2189	0x217cB0x174cB0x998ac
0x2189	0x217cB0x174cB0x204fB0xfd0
0x2189	0x217cB0x174cB0x204fB0x13f6
0x2189	0x217cB0x174cB0x4b420B0x520
0x2189	0x217cB0x174cB0x57f93B0x5c2
0x2189	0x217cB0x174cB0x204fB0x171d
0x2189	0x217cB0x174cB0x204fB0x17bd
0x2189	0x217cB0x174cB0x204fB0x1a53
0x2189	0x217cB0x174cB0x204fB0x1e45
0x2189	0x217cB0x174cB0x204fB0x15bdB0x5e2
0x2189	0x217cB0x174cB0x204fB0x134dB0x461
0x2189	0x217cB0x174cB0x204fB0x1497B0x54d
0x2189	0x217cB0x174cB0x204fB0x153bB0x582
0x2189	0x217cB0x174cB0x204fB0x1689B0x66c
0x2189	0x217cB0x174cB0x204fB0x1781B0x701
0x2189	0x217cB0x174cB0x204fB0x19c2B0x804
0x218a	0x217cB0x174cB0x31790
0x218a	0x217cB0x174cB0x1f25
0x218a	0x217cB0x174cB0x3e722
0x218a	0x217cB0x174cB0x3e791
0x218a	0x217cB0x174cB0x20e5
0x218a	0x217cB0x174cB0x7b0ab
0x218a	0x217cB0x174cB0x87c29
0x218a	0x217cB0x174cB0x87cab
0x218a	0x217cB0x174cB0x87dc1
0x218a	0x217cB0x174cB0x87ef5
0x218a	0x217cB0x174cB0x997a7
0x218a	0x217cB0x174cB0x998ac
0x218a	0x217cB0x174cB0x204fB0xfd0
0x218a	0x217cB0x174cB0x204fB0x13f6
0x218a	0x217cB0x174cB0x4b420B0x520
0x218a	0x217cB0x174cB0x57f93B0x5c2
0x218a	0x217cB0x174cB0x204fB0x171d
0x218a	0x217cB0x174cB0x204fB0x17bd
0x218a	0x217cB0x174cB0x204fB0x1a53
0x218a	0x217cB0x174cB0x204fB0x1e45
0x218a	0x217cB0x174cB0x204fB0x15bdB0x5e2
0x218a	0x217cB0x174cB0x204fB0x134dB0x461
0x218a	0x217cB0x174cB0x204fB0x1497B0x54d
0x218a	0x217cB0x174cB0x204fB0x153bB0x582
0x218a	0x217cB0x174cB0x204fB0x1689B0x66c
0x218a	0x217cB0x174cB0x204fB0x1781B0x701
0x218a	0x217cB0x174cB0x204fB0x19c2B0x804
0x218c	0x217cB0x174cB0x31790
0x218c	0x217cB0x174cB0x1f25
0x218c	0x217cB0x174cB0x3e722
0x218c	0x217cB0x174cB0x3e791
0x218c	0x217cB0x174cB0x20e5
0x218c	0x217cB0x174cB0x7b0ab
0x218c	0x217cB0x174cB0x87c29
0x218c	0x217cB0x174cB0x87cab
0x218c	0x217cB0x174cB0x87dc1
0x218c	0x217cB0x174cB0x87ef5
0x218c	0x217cB0x174cB0x997a7
0x218c	0x217cB0x174cB0x998ac
0x218c	0x217cB0x174cB0x204fB0xfd0
0x218c	0x217cB0x174cB0x204fB0x13f6
0x218c	0x217cB0x174cB0x4b420B0x520
0x218c	0x217cB0x174cB0x57f93B0x5c2
0x218c	0x217cB0x174cB0x204fB0x171d
0x218c	0x217cB0x174cB0x204fB0x17bd
0x218c	0x217cB0x174cB0x204fB0x1a53
0x218c	0x217cB0x174cB0x204fB0x1e45
0x218c	0x217cB0x174cB0x204fB0x15bdB0x5e2
0x218c	0x217cB0x174cB0x204fB0x134dB0x461
0x218c	0x217cB0x174cB0x204fB0x1497B0x54d
0x218c	0x217cB0x174cB0x204fB0x153bB0x582
0x218c	0x217cB0x174cB0x204fB0x1689B0x66c
0x218c	0x217cB0x174cB0x204fB0x1781B0x701
0x218c	0x217cB0x174cB0x204fB0x19c2B0x804
0x218d	0x217cB0x174cB0x31790
0x218d	0x217cB0x174cB0x1f25
0x218d	0x217cB0x174cB0x3e722
0x218d	0x217cB0x174cB0x3e791
0x218d	0x217cB0x174cB0x20e5
0x218d	0x217cB0x174cB0x7b0ab
0x218d	0x217cB0x174cB0x87c29
0x218d	0x217cB0x174cB0x87cab
0x218d	0x217cB0x174cB0x87dc1
0x218d	0x217cB0x174cB0x87ef5
0x218d	0x217cB0x174cB0x997a7
0x218d	0x217cB0x174cB0x998ac
0x218d	0x217cB0x174cB0x204fB0xfd0
0x218d	0x217cB0x174cB0x204fB0x13f6
0x218d	0x217cB0x174cB0x4b420B0x520
0x218d	0x217cB0x174cB0x57f93B0x5c2
0x218d	0x217cB0x174cB0x204fB0x171d
0x218d	0x217cB0x174cB0x204fB0x17bd
0x218d	0x217cB0x174cB0x204fB0x1a53
0x218d	0x217cB0x174cB0x204fB0x1e45
0x218d	0x217cB0x174cB0x204fB0x15bdB0x5e2
0x218d	0x217cB0x174cB0x204fB0x134dB0x461
0x218d	0x217cB0x174cB0x204fB0x1497B0x54d
0x218d	0x217cB0x174cB0x204fB0x153bB0x582
0x218d	0x217cB0x174cB0x204fB0x1689B0x66c
0x218d	0x217cB0x174cB0x204fB0x1781B0x701
0x218d	0x217cB0x174cB0x204fB0x19c2B0x804
0x219d	0x219cB0x8c7
0x21a0	0x219cB0x8c7
0x21a5	0x21a4B0x8c7
0x21a8	0x21a4B0x8c7
0x21a9	0x21a4B0x8c7
0x21ab	0x21a4B0x8c7
0x21ac	0x21a4B0x8c7
0x21af	0x21a4B0x8c7
0x21b1	0x21a4B0x8c7
0x21b2	0x21a4B0x8c7
0x21d4	0x21a4B0x8c7
0x21d8	0x21a4B0x8c7
0x21da	0x21a4B0x8c7
0x2220	0x221fB0x2076
0x2222	0x221fB0x2076
0x2226	0x221fB0x2076
0x2228	0x221fB0x2076
0x222a	0x221fB0x2076
0x222c	0x221fB0x2076
0x222d	0x221fB0x2076
0x222f	0x221fB0x2076
0x2230	0x221fB0x2076
0x22b8	0x22b7B0x220aB0x1fe0B0xfc2
0x22ba	0x22b7B0x220aB0x1fe0B0xfc2
0x22bf	0x22b7B0x220aB0x1fe0B0xfc2
0x22c4	0x22c3B0x220aB0x1fe0B0xfc2
0x22ca	0x22c8B0x220aB0x1fe0B0xfc2
0x22cb	0x22c8B0x220aB0x1fe0B0xfc2
0x22cf	0x22c8B0x220aB0x1fe0B0xfc2
0x22d2	0x22c8B0x220aB0x1fe0B0xfc2
0x22d7	0x22c8B0x220aB0x1fe0B0xfc2
0x22db	0x22c8B0x220aB0x1fe0B0xfc2
0x22de	0x22c8B0x220aB0x1fe0B0xfc2
0x22e3	0x22c8B0x220aB0x1fe0B0xfc2
0x22e9	0x22c8B0x220aB0x1fe0B0xfc2
0x22ed	0x22c8B0x220aB0x1fe0B0xfc2
0x22f0	0x22c8B0x220aB0x1fe0B0xfc2
0x22f5	0x22c8B0x220aB0x1fe0B0xfc2
0x22fb	0x22f9B0x220aB0x1fe0B0xfc2
0x22fd	0x22f9B0x220aB0x1fe0B0xfc2
0x24df	0x24deB0x2435B0x942
0x24df	0x24deB0x2435B0x1d25
0x24f9	0x24f8B0x249aB0xc74B0x374
0x24f9	0x24f8B0x249aB0xd1dB0x374
0x25cc	0x25cbB0x3c5
0x25cc	0x25cbB0x511
0x25cc	0x25cbB0x573
0x25cc	0x25cbB0x5b3
0x25cc	0x25cbB0x727
0x25cc	0x25cbB0x815
0x25cc	0x25cbB0x8a7
0x25cc	0x25cbB0x136cB0x461
0x25ce	0x25cbB0x3c5
0x25ce	0x25cbB0x511
0x25ce	0x25cbB0x573
0x25ce	0x25cbB0x5b3
0x25ce	0x25cbB0x727
0x25ce	0x25cbB0x815
0x25ce	0x25cbB0x8a7
0x25ce	0x25cbB0x136cB0x461
0x25d2	0x25cbB0x3c5
0x25d2	0x25cbB0x511
0x25d2	0x25cbB0x573
0x25d2	0x25cbB0x5b3
0x25d2	0x25cbB0x727
0x25d2	0x25cbB0x815
0x25d2	0x25cbB0x8a7
0x25d2	0x25cbB0x136cB0x461
0x25d3	0x25cbB0x3c5
0x25d3	0x25cbB0x511
0x25d3	0x25cbB0x573
0x25d3	0x25cbB0x5b3
0x25d3	0x25cbB0x727
0x25d3	0x25cbB0x815
0x25d3	0x25cbB0x8a7
0x25d3	0x25cbB0x136cB0x461
0x25d4	0x25cbB0x3c5
0x25d4	0x25cbB0x511
0x25d4	0x25cbB0x573
0x25d4	0x25cbB0x5b3
0x25d4	0x25cbB0x727
0x25d4	0x25cbB0x815
0x25d4	0x25cbB0x8a7
0x25d4	0x25cbB0x136cB0x461
0x25d5	0x25cbB0x3c5
0x25d5	0x25cbB0x511
0x25d5	0x25cbB0x573
0x25d5	0x25cbB0x5b3
0x25d5	0x25cbB0x727
0x25d5	0x25cbB0x815
0x25d5	0x25cbB0x8a7
0x25d5	0x25cbB0x136cB0x461
0x25de	0x25dcB0x3c5
0x25de	0x25dcB0x511
0x25de	0x25dcB0x573
0x25de	0x25dcB0x5b3
0x25de	0x25dcB0x727
0x25de	0x25dcB0x815
0x25de	0x25dcB0x8a7
0x25de	0x25dcB0x136cB0x461
0x25df	0x25dcB0x3c5
0x25df	0x25dcB0x511
0x25df	0x25dcB0x573
0x25df	0x25dcB0x5b3
0x25df	0x25dcB0x727
0x25df	0x25dcB0x815
0x25df	0x25dcB0x8a7
0x25df	0x25dcB0x136cB0x461
0x25e3	0x25dcB0x3c5
0x25e3	0x25dcB0x511
0x25e3	0x25dcB0x573
0x25e3	0x25dcB0x5b3
0x25e3	0x25dcB0x727
0x25e3	0x25dcB0x815
0x25e3	0x25dcB0x8a7
0x25e3	0x25dcB0x136cB0x461
0x25ef	0x25eeB0x1c05
0x25f1	0x25eeB0x1c05
0x25f5	0x25eeB0x1c05
0x25f6	0x25eeB0x1c05
0x25f7	0x25eeB0x1c05
0x25f8	0x25eeB0x1c05
0x2601	0x25ffB0x1c05
0x2602	0x25ffB0x1c05
0x2606	0x25ffB0x1c05
0x260b	0x260aB0x65d
0x260b	0x260aB0x6f2
0x260e	0x260aB0x65d
0x260e	0x260aB0x6f2
0x2612	0x260aB0x65d
0x2612	0x260aB0x6f2
0x2613	0x260aB0x65d
0x2613	0x260aB0x6f2
0x2614	0x260aB0x65d
0x2614	0x260aB0x6f2
0x2615	0x260aB0x65d
0x2615	0x260aB0x6f2
0x261e	0x261cB0x65d
0x261e	0x261cB0x6f2
0x261f	0x261cB0x65d
0x261f	0x261cB0x6f2
0x2623	0x261cB0x65d
0x2623	0x261cB0x6f2
0x262a	0x2627B0x65d
0x262a	0x2627B0x6f2
0x262d	0x2627B0x65d
0x262d	0x2627B0x6f2
0x262e	0x2627B0x65d
0x262e	0x2627B0x6f2
0x262f	0x2627B0x65d
0x262f	0x2627B0x6f2
0x2633	0x2627B0x65d
0x2633	0x2627B0x6f2
0x2693	0x2692B0x7f5
0x2696	0x2692B0x7f5
0x2698	0x2692B0x7f5
0x269c	0x2692B0x7f5
0x269d	0x2692B0x7f5
0x269e	0x2692B0x7f5
0x269f	0x2692B0x7f5
0x26a8	0x26a6B0x7f5
0x26a9	0x26a6B0x7f5
0x26ad	0x26a6B0x7f5
0x26d4	0x26d3B0x53e
0x26d7	0x26d3B0x53e
0x26da	0x26d3B0x53e
0x26dd	0x26d3B0x53e
0x26e1	0x26d3B0x53e
0x26e2	0x26d3B0x53e
0x26e3	0x26d3B0x53e
0x26e4	0x26d3B0x53e
0x26ed	0x26ebB0x53e
0x26ee	0x26ebB0x53e
0x26f2	0x26ebB0x53e
0x26f9	0x26f6B0x53e
0x26fc	0x26f6B0x53e
0x26fd	0x26f6B0x53e
0x2700	0x26f6B0x53e
0x2703	0x26f6B0x53e
0x2704	0x26f6B0x53e
0x2705	0x26f6B0x53e
0x2709	0x26f6B0x53e
0x2710	0x270dB0x53e
0x2713	0x270dB0x53e
0x2714	0x270dB0x53e
0x2715	0x270dB0x53e
0x2719	0x270dB0x53e
0x2720	0x271dB0x53e
0x2723	0x271dB0x53e
0x2724	0x271dB0x53e
0x2727	0x271dB0x53e
0x272a	0x271dB0x53e
0x272b	0x271dB0x53e
0x272c	0x271dB0x53e
0x2730	0x271dB0x53e
0x2743	0x2742B0x452
0x2746	0x2742B0x452
0x2749	0x2742B0x452
0x274d	0x2742B0x452
0x274e	0x2742B0x452
0x274f	0x2742B0x452
0x2750	0x2742B0x452
0x2759	0x2757B0x452
0x275a	0x2757B0x452
0x275c	0x2757B0x452
0x275e	0x2757B0x452
0x2760	0x2757B0x452
0x2761	0x2757B0x452
0x2764	0x2757B0x452
0x2765	0x2757B0x452
0x2766	0x2757B0x452
0x276e	0x276dB0x452
0x2774	0x276dB0x452
0x2775	0x276dB0x452
0x277f	0x2779B0x452
0x2782	0x2779B0x452
0x2783	0x2779B0x452
0x2788	0x2779B0x452
0x2789	0x2779B0x452
0x278a	0x2779B0x452
0x2793	0x2791B0x452
0x2799	0x2791B0x452
0x279a	0x2791B0x452
0x27e3	0x27e2B0x3a5
0x27e3	0x27e2B0x3e5
0x27e3	0x27e2B0x6bd
0x27e3	0x27e2B0x835
0x27e6	0x27e2B0x3a5
0x27e6	0x27e2B0x3e5
0x27e6	0x27e2B0x6bd
0x27e6	0x27e2B0x835
0x27ea	0x27e2B0x3a5
0x27ea	0x27e2B0x3e5
0x27ea	0x27e2B0x6bd
0x27ea	0x27e2B0x835
0x27eb	0x27e2B0x3a5
0x27eb	0x27e2B0x3e5
0x27eb	0x27e2B0x6bd
0x27eb	0x27e2B0x835
0x27ec	0x27e2B0x3a5
0x27ec	0x27e2B0x3e5
0x27ec	0x27e2B0x6bd
0x27ec	0x27e2B0x835
0x27ed	0x27e2B0x3a5
0x27ed	0x27e2B0x3e5
0x27ed	0x27e2B0x6bd
0x27ed	0x27e2B0x835
0x27f6	0x27f4B0x3a5
0x27f6	0x27f4B0x3e5
0x27f6	0x27f4B0x6bd
0x27f6	0x27f4B0x835
0x27f9	0x27f4B0x3a5
0x27f9	0x27f4B0x3e5
0x27f9	0x27f4B0x6bd
0x27f9	0x27f4B0x835
0x27fc	0x27f4B0x3a5
0x27fc	0x27f4B0x3e5
0x27fc	0x27f4B0x6bd
0x27fc	0x27f4B0x835
0x27fd	0x27f4B0x3a5
0x27fd	0x27f4B0x3e5
0x27fd	0x27f4B0x6bd
0x27fd	0x27f4B0x835
0x27fe	0x27f4B0x3a5
0x27fe	0x27f4B0x3e5
0x27fe	0x27f4B0x6bd
0x27fe	0x27f4B0x835
0x2802	0x27f4B0x3a5
0x2802	0x27f4B0x3e5
0x2802	0x27f4B0x6bd
0x2802	0x27f4B0x835
0x2851	0x2850B0x405
0x2854	0x2850B0x405
0x2858	0x2850B0x405
0x2859	0x2850B0x405
0x285a	0x2850B0x405
0x285b	0x2850B0x405
0x2863	0x2862B0x405
0x2868	0x2862B0x405
0x286f	0x286cB0x405
0x2873	0x286cB0x405
0x2876	0x286cB0x405
0x2877	0x286cB0x405
0x28b0	0x28afB0x5f3
0x28b3	0x28afB0x5f3
0x28b5	0x28afB0x5f3
0x28b9	0x28afB0x5f3
0x28ba	0x28afB0x5f3
0x28bb	0x28afB0x5f3
0x28bc	0x28afB0x5f3
0x28c5	0x28c3B0x5f3
0x28c6	0x28c3B0x5f3
0x28ca	0x28c3B0x5f3
0x28cf	0x28ceB0x2ef
0x28cf	0x28ceB0x345
0x28cf	0x28ceB0x472
0x28d1	0x28ceB0x2ef
0x28d1	0x28ceB0x345
0x28d1	0x28ceB0x472
0x28d5	0x28ceB0x2ef
0x28d5	0x28ceB0x345
0x28d5	0x28ceB0x472
0x28d6	0x28ceB0x2ef
0x28d6	0x28ceB0x345
0x28d6	0x28ceB0x472
0x28d7	0x28ceB0x2ef
0x28d7	0x28ceB0x345
0x28d7	0x28ceB0x472
0x28d8	0x28ceB0x2ef
0x28d8	0x28ceB0x345
0x28d8	0x28ceB0x472
0x28e0	0x28dfB0x2ef
0x28e0	0x28dfB0x345
0x28e0	0x28dfB0x472
0x28e5	0x28dfB0x2ef
0x28e5	0x28dfB0x345
0x28e5	0x28dfB0x472
0x28ea	0x28e9B0x2ce
0x28ea	0x28e9B0x85e
0x28ed	0x28e9B0x2ce
0x28ed	0x28e9B0x85e
0x28f0	0x28e9B0x2ce
0x28f0	0x28e9B0x85e
0x28f4	0x28e9B0x2ce
0x28f4	0x28e9B0x85e
0x28f5	0x28e9B0x2ce
0x28f5	0x28e9B0x85e
0x28f6	0x28e9B0x2ce
0x28f6	0x28e9B0x85e
0x28f7	0x28e9B0x2ce
0x28f7	0x28e9B0x85e
0x28ff	0x28feB0x2ce
0x28ff	0x28feB0x85e
0x2904	0x28feB0x2ce
0x2904	0x28feB0x85e
0x290b	0x2908B0x2ce
0x290b	0x2908B0x85e
0x290e	0x2908B0x2ce
0x290e	0x2908B0x85e
0x290f	0x2908B0x2ce
0x290f	0x2908B0x85e
0x2912	0x2908B0x2ce
0x2912	0x2908B0x85e
0x2915	0x2908B0x2ce
0x2915	0x2908B0x85e
0x2916	0x2908B0x2ce
0x2916	0x2908B0x85e
0x2917	0x2908B0x2ce
0x2917	0x2908B0x85e
0x2919	0x2908B0x2ce
0x2919	0x2908B0x85e
0x291b	0x2908B0x2ce
0x291b	0x2908B0x85e
0x291d	0x2908B0x2ce
0x291d	0x2908B0x85e
0x291e	0x2908B0x2ce
0x291e	0x2908B0x85e
0x2920	0x2908B0x2ce
0x2920	0x2908B0x85e
0x2921	0x2908B0x2ce
0x2921	0x2908B0x85e
0x2922	0x2908B0x2ce
0x2922	0x2908B0x85e
0x292a	0x2929B0x2ce
0x292a	0x2929B0x85e
0x2930	0x2929B0x2ce
0x2930	0x2929B0x85e
0x2931	0x2929B0x2ce
0x2931	0x2929B0x85e
0x2936	0x2935B0x325
0x2936	0x2935B0x75c
0x2939	0x2935B0x325
0x2939	0x2935B0x75c
0x293b	0x2935B0x325
0x293b	0x2935B0x75c
0x293f	0x2935B0x325
0x293f	0x2935B0x75c
0x2940	0x2935B0x325
0x2940	0x2935B0x75c
0x2941	0x2935B0x325
0x2941	0x2935B0x75c
0x2942	0x2935B0x325
0x2942	0x2935B0x75c
0x294a	0x2949B0x325
0x294a	0x2949B0x75c
0x294f	0x2949B0x325
0x294f	0x2949B0x75c
0x2956	0x2953B0x325
0x2956	0x2953B0x75c
0x295a	0x2953B0x325
0x295a	0x2953B0x75c
0x295d	0x2953B0x325
0x295d	0x2953B0x75c
0x295e	0x2953B0x325
0x295e	0x2953B0x75c
0x2965	0x2962B0x325
0x2965	0x2962B0x75c
0x2968	0x2962B0x325
0x2968	0x2962B0x75c
0x2969	0x2962B0x325
0x2969	0x2962B0x75c
0x2b53	0x2b52B0x5e2
0x2b55	0x2b52B0x5e2
0x2b57	0x2b52B0x5e2
0x2b59	0x2b52B0x5e2
0x2b5a	0x2b52B0x5e2
0x2b5d	0x2b52B0x5e2
0x2b63	0x2b52B0x5e2
0x2b64	0x2b52B0x5e2
0x2b67	0x2b52B0x5e2
0x2b69	0x2b52B0x5e2
0x2b6c	0x2b52B0x5e2
0x2b71	0x2b52B0x5e2
0x2b73	0x2b52B0x5e2
0x2c28	0x2c27B0x126e
0x2c2d	0x2c27B0x126e
0x2c2f	0x2c27B0x126e
0x2c32	0x2c27B0x126e
0x2c34	0x2c27B0x126e
0x2c37	0x2c27B0x126e
0x2c3a	0x2c27B0x126e
0x2c3d	0x2c27B0x126e
0x2c4e	0x2c4aB0x999
0x2c4e	0x2c4aB0x1d7d
0x2c51	0x2c4aB0x999
0x2c51	0x2c4aB0x1d7d
0x2c52	0x2c4aB0x999
0x2c52	0x2c4aB0x1d7d
0x2c55	0x2c4aB0x999
0x2c55	0x2c4aB0x1d7d
0x2c57	0x2c4aB0x999
0x2c57	0x2c4aB0x1d7d
0x2c59	0x2c4aB0x999
0x2c59	0x2c4aB0x1d7d
0x2c5b	0x2c4aB0x999
0x2c5b	0x2c4aB0x1d7d
0x2c5d	0x2c4aB0x999
0x2c5d	0x2c4aB0x1d7d
0x2c5e	0x2c4aB0x999
0x2c5e	0x2c4aB0x1d7d
0x2c60	0x2c4aB0x999
0x2c60	0x2c4aB0x1d7d
0x2c61	0x2c4aB0x999
0x2c61	0x2c4aB0x1d7d
0x2c64	0x2c4aB0x999
0x2c64	0x2c4aB0x1d7d
0x2c66	0x2c4aB0x999
0x2c66	0x2c4aB0x1d7d
0x2c68	0x2c4aB0x999
0x2c68	0x2c4aB0x1d7d
0x2c6a	0x2c4aB0x999
0x2c6a	0x2c4aB0x1d7d
0x2c6c	0x2c4aB0x999
0x2c6c	0x2c4aB0x1d7d
0x2c6d	0x2c4aB0x999
0x2c6d	0x2c4aB0x1d7d
0x2c6f	0x2c4aB0x999
0x2c6f	0x2c4aB0x1d7d
0x2c70	0x2c4aB0x999
0x2c70	0x2c4aB0x1d7d
0x2c73	0x2c4aB0x999
0x2c73	0x2c4aB0x1d7d
0x2c75	0x2c4aB0x999
0x2c75	0x2c4aB0x1d7d
0x2c77	0x2c4aB0x999
0x2c77	0x2c4aB0x1d7d
0x2c7a	0x2c4aB0x999
0x2c7a	0x2c4aB0x1d7d
0x2c7e	0x2c4aB0x999
0x2c7e	0x2c4aB0x1d7d
0x2c81	0x2c4aB0x999
0x2c81	0x2c4aB0x1d7d
0x2c86	0x2c4aB0x999
0x2c86	0x2c4aB0x1d7d
0x2c89	0x2c4aB0x999
0x2c89	0x2c4aB0x1d7d
0x16110	0x24deB0x2435B0x942
0x16110	0x24deB0x2435B0x1d25
0x16b10	0x24f8B0x249aB0xc74B0x374
0x16b10	0x24f8B0x249aB0xd1dB0x374
0x697dd	0x57fe1B0x68c
0x87be9	0x7b12dB0x7e4
0x99923	0x99922B0x628
0x99925	0x99922B0x628
0x99928	0x99922B0x628
0xbc983	0xab187B0x174cB0x31790
0xbc983	0xab187B0x174cB0x1f25
0xbc983	0xab187B0x174cB0x3e722
0xbc983	0xab187B0x174cB0x3e791
0xbc983	0xab187B0x174cB0x20e5
0xbc983	0xab187B0x174cB0x7b0ab
0xbc983	0xab187B0x174cB0x87c29
0xbc983	0xab187B0x174cB0x87cab
0xbc983	0xab187B0x174cB0x87dc1
0xbc983	0xab187B0x174cB0x87ef5
0xbc983	0xab187B0x174cB0x997a7
0xbc983	0xab187B0x174cB0x998ac
0xbc983	0xab187B0x174cB0x204fB0xfd0
0xbc983	0xab187B0x174cB0x204fB0x13f6
0xbc983	0xab187B0x174cB0x4b420B0x520
0xbc983	0xab187B0x174cB0x57f93B0x5c2
0xbc983	0xab187B0x174cB0x204fB0x171d
0xbc983	0xab187B0x174cB0x204fB0x17bd
0xbc983	0xab187B0x174cB0x204fB0x1a53
0xbc983	0xab187B0x174cB0x204fB0x1e45
0xbc983	0xab187B0x174cB0x204fB0x15bdB0x5e2
0xbc983	0xab187B0x174cB0x204fB0x134dB0x461
0xbc983	0xab187B0x174cB0x204fB0x1497B0x54d
0xbc983	0xab187B0x174cB0x204fB0x153bB0x582
0xbc983	0xab187B0x174cB0x204fB0x1689B0x66c
0xbc983	0xab187B0x174cB0x204fB0x1781B0x701
0xbc983	0xab187B0x174cB0x204fB0x19c2B0x804
0xc94c0	0xc94bfB0x8c7
0xc94c2	0xc94bfB0x8c7
0xc94c5	0xc94bfB0x8c7
0xec548	0xdad4cB0x2076
0xec86c	0xec869B0x7f5
0xec86f	0xec869B0x7f5
0xec870	0xec869B0x7f5
0xec873	0xec869B0x7f5
0xec876	0xec869B0x7f5
0xec877	0xec869B0x7f5
0xec878	0xec869B0x7f5
0xec87c	0xec869B0x7f5
0xec971	0xec96eB0x5f3
0xec974	0xec96eB0x5f3
0xec975	0xec96eB0x5f3
0xec978	0xec96eB0x5f3
0xec97b	0xec96eB0x5f3
0xec97c	0xec96eB0x5f3
0xec97d	0xec96eB0x5f3
0xec981	0xec96eB0x5f3
0xfe1a0	0xec9a4B0x2ef
0xfe1a0	0xec9a4B0x345
0xfe1a0	0xec9a4B0x472
0x1713	0x16f6B0x68c
0x19c1	0x19abB0x7e4
0x2190	0x217cB0x174cB0x31790
0x2190	0x217cB0x174cB0x1f25
0x2190	0x217cB0x174cB0x3e722
0x2190	0x217cB0x174cB0x3e791
0x2190	0x217cB0x174cB0x20e5
0x2190	0x217cB0x174cB0x7b0ab
0x2190	0x217cB0x174cB0x87c29
0x2190	0x217cB0x174cB0x87cab
0x2190	0x217cB0x174cB0x87dc1
0x2190	0x217cB0x174cB0x87ef5
0x2190	0x217cB0x174cB0x997a7
0x2190	0x217cB0x174cB0x998ac
0x2190	0x217cB0x174cB0x204fB0xfd0
0x2190	0x217cB0x174cB0x204fB0x13f6
0x2190	0x217cB0x174cB0x4b420B0x520
0x2190	0x217cB0x174cB0x57f93B0x5c2
0x2190	0x217cB0x174cB0x204fB0x171d
0x2190	0x217cB0x174cB0x204fB0x17bd
0x2190	0x217cB0x174cB0x204fB0x1a53
0x2190	0x217cB0x174cB0x204fB0x1e45
0x2190	0x217cB0x174cB0x204fB0x15bdB0x5e2
0x2190	0x217cB0x174cB0x204fB0x134dB0x461
0x2190	0x217cB0x174cB0x204fB0x1497B0x54d
0x2190	0x217cB0x174cB0x204fB0x153bB0x582
0x2190	0x217cB0x174cB0x204fB0x1689B0x66c
0x2190	0x217cB0x174cB0x204fB0x1781B0x701
0x2190	0x217cB0x174cB0x204fB0x19c2B0x804
0x22c2	0x22b7B0x220aB0x1fe0B0xfc2
0x2233	0x221fB0x2076
0x16130	0x24deB0x2435B0x942
0x16130	0x24deB0x2435B0x1d25
0x16b30	0x24f8B0x249aB0xc74B0x374
0x16b30	0x24f8B0x249aB0xd1dB0x374
0x2778	0x276dB0x452
0x279d	0x2791B0x452
0x2934	0x2929B0x2ce
0x2934	0x2929B0x85e
0x286b	0x2862B0x405
0x2961	0x2953B0x325
0x2961	0x2953B0x75c
0x287a	0x286cB0x405
0x28e8	0x28dfB0x2ef
0x28e8	0x28dfB0x345
0x28e8	0x28dfB0x472
0x2907	0x28feB0x2ce
0x2907	0x28feB0x85e
0x2952	0x2949B0x325
0x2952	0x2949B0x75c
0x2c40	0x2c27B0x126e
0x2c8c	0x2c4aB0x999
0x2c8c	0x2c4aB0x1d7d
0x2165	0x2129B0x628
0x21dd	0x21a4B0x8c7
0x15c4	0x15bdB0x5e2
0x1663	0x165cB0x628
0x1ecf	0x1ec8B0x8c7
0x2128	0x2121B0x628
0x21a3	0x219cB0x8c7
0x25e6	0x25dcB0x3c5
0x25e6	0x25dcB0x511
0x25e6	0x25dcB0x573
0x25e6	0x25dcB0x5b3
0x25e6	0x25dcB0x727
0x25e6	0x25dcB0x815
0x25e6	0x25dcB0x8a7
0x25e6	0x25dcB0x136cB0x461
0x2609	0x25ffB0x1c05
0x2626	0x261cB0x65d
0x2626	0x261cB0x6f2
0x2636	0x2627B0x65d
0x2636	0x2627B0x6f2
0x26b0	0x26a6B0x7f5
0x26f5	0x26ebB0x53e
0x270c	0x26f6B0x53e
0x271c	0x270dB0x53e
0x2733	0x271dB0x53e
0x2805	0x27f4B0x3a5
0x2805	0x27f4B0x3e5
0x2805	0x27f4B0x6bd
0x2805	0x27f4B0x835
0x28cd	0x28c3B0x5f3
0xec87f	0xec869B0x7f5
0xec984	0xec96eB0x5f3
0x15f6	0x15c5B0x5e2
0x166b	0x1664B0x628
0x1ed7	0x1ed0B0x8c7
0x22f8	0x22c8B0x220aB0x1fe0B0xfc2
0x2300	0x22f9B0x220aB0x1fe0B0xfc2
0x2b75	0x2b52B0x5e2
0x697fd	0x57fe1B0x68c
0x87c09	0x7b12dB0x7e4
0x9992b	0x99922B0x628
0xbc9a3	0xab187B0x174cB0x31790
0xbc9a3	0xab187B0x174cB0x1f25
0xbc9a3	0xab187B0x174cB0x3e722
0xbc9a3	0xab187B0x174cB0x3e791
0xbc9a3	0xab187B0x174cB0x20e5
0xbc9a3	0xab187B0x174cB0x7b0ab
0xbc9a3	0xab187B0x174cB0x87c29
0xbc9a3	0xab187B0x174cB0x87cab
0xbc9a3	0xab187B0x174cB0x87dc1
0xbc9a3	0xab187B0x174cB0x87ef5
0xbc9a3	0xab187B0x174cB0x997a7
0xbc9a3	0xab187B0x174cB0x998ac
0xbc9a3	0xab187B0x174cB0x204fB0xfd0
0xbc9a3	0xab187B0x174cB0x204fB0x13f6
0xbc9a3	0xab187B0x174cB0x4b420B0x520
0xbc9a3	0xab187B0x174cB0x57f93B0x5c2
0xbc9a3	0xab187B0x174cB0x204fB0x171d
0xbc9a3	0xab187B0x174cB0x204fB0x17bd
0xbc9a3	0xab187B0x174cB0x204fB0x1a53
0xbc9a3	0xab187B0x174cB0x204fB0x1e45
0xbc9a3	0xab187B0x174cB0x204fB0x15bdB0x5e2
0xbc9a3	0xab187B0x174cB0x204fB0x134dB0x461
0xbc9a3	0xab187B0x174cB0x204fB0x1497B0x54d
0xbc9a3	0xab187B0x174cB0x204fB0x153bB0x582
0xbc9a3	0xab187B0x174cB0x204fB0x1689B0x66c
0xbc9a3	0xab187B0x174cB0x204fB0x1781B0x701
0xbc9a3	0xab187B0x174cB0x204fB0x19c2B0x804
0xc94c8	0xc94bfB0x8c7
0xec568	0xdad4cB0x2076
0xfe1c0	0xec9a4B0x2ef
0xfe1c0	0xec9a4B0x345
0xfe1c0	0xec9a4B0x472
0x160c	0x15f7B0x5e2
0x161b	0x1611B0x5e2
0x22c7	0x22c3B0x220aB0x1fe0B0xfc2
0x25d8	0x25cbB0x3c5
0x25d8	0x25cbB0x511
0x25d8	0x25cbB0x573
0x25d8	0x25cbB0x5b3
0x25d8	0x25cbB0x727
0x25d8	0x25cbB0x815
0x25d8	0x25cbB0x8a7
0x25d8	0x25cbB0x136cB0x461
0x25fb	0x25eeB0x1c05
0x2618	0x260aB0x65d
0x2618	0x260aB0x6f2
0x26a2	0x2692B0x7f5
0x26e7	0x26d3B0x53e
0x2753	0x2742B0x452
0x2769	0x2757B0x452
0x278d	0x2779B0x452
0x27f0	0x27e2B0x3a5
0x27f0	0x27e2B0x3e5
0x27f0	0x27e2B0x6bd
0x27f0	0x27e2B0x835
0x285e	0x2850B0x405
0x28bf	0x28afB0x5f3
0x28db	0x28ceB0x2ef
0x28db	0x28ceB0x345
0x28db	0x28ceB0x472
0x28fa	0x28e9B0x2ce
0x28fa	0x28e9B0x85e
0x2925	0x2908B0x2ce
0x2925	0x2908B0x85e
0x2945	0x2935B0x325
0x2945	0x2935B0x75c
0x162f	0x1625B0x5e2
0x2741	0x2734B0x53e
0x2883	0x287bB0x405
0x2971	0x2962B0x325
0x2971	0x2962B0x75c
0x2c49	0x2c41B0x126e
0x2c98	0x2c8dB0x999
0x2c98	0x2c8dB0x1d7d
0x57fc1	0x57fc0B0x628
0x87e44	0x87e43B0x8c7
0xec5fe	0xec5f9B0x220aB0x1fe0B0xfc2
0xec623	0xec61eB0x220aB0x1fe0B0xfc2
0xec6d5	0xec6d3B0x2435B0x942
0xec6d5	0xec6d3B0x2435B0x1d25
0xec71a	0xec718B0x249aB0xc74B0x374
0xec71a	0xec718B0x249aB0xd1dB0x374
0xec7f9	0xec7f3B0x3c5
0xec7f9	0xec7f3B0x511
0xec7f9	0xec7f3B0x573
0xec7f9	0xec7f3B0x5b3
0xec7f9	0xec7f3B0x727
0xec7f9	0xec7f3B0x815
0xec7f9	0xec7f3B0x8a7
0xec7f9	0xec7f3B0x136cB0x461
0xec81f	0xec819B0x1c05
0xec849	0xec83fB0x65d
0xec849	0xec83fB0x6f2
0xec8d4	0xec8c9B0x452
0xec924	0xec91aB0x3a5
0xec924	0xec91aB0x3e5
0xec924	0xec91aB0x6bd
0xec924	0xec91aB0x835
0xfe1eb	0xfe1e0B0x2ce
0xfe1eb	0xfe1e0B0x85e
0x10ff41	0x10ff3cB0x68c
0x10ff8a	0x10ff86B0x7e4
0x10fff9	0x10fff4B0x174cB0x31790
0x10fff9	0x10fff4B0x174cB0x1f25
0x10fff9	0x10fff4B0x174cB0x3e722
0x10fff9	0x10fff4B0x174cB0x3e791
0x10fff9	0x10fff4B0x174cB0x20e5
0x10fff9	0x10fff4B0x174cB0x7b0ab
0x10fff9	0x10fff4B0x174cB0x87c29
0x10fff9	0x10fff4B0x174cB0x87cab
0x10fff9	0x10fff4B0x174cB0x87dc1
0x10fff9	0x10fff4B0x174cB0x87ef5
0x10fff9	0x10fff4B0x174cB0x997a7
0x10fff9	0x10fff4B0x174cB0x998ac
0x10fff9	0x10fff4B0x174cB0x204fB0xfd0
0x10fff9	0x10fff4B0x174cB0x204fB0x13f6
0x10fff9	0x10fff4B0x174cB0x4b420B0x520
0x10fff9	0x10fff4B0x174cB0x57f93B0x5c2
0x10fff9	0x10fff4B0x174cB0x204fB0x171d
0x10fff9	0x10fff4B0x174cB0x204fB0x17bd
0x10fff9	0x10fff4B0x174cB0x204fB0x1a53
0x10fff9	0x10fff4B0x174cB0x204fB0x1e45
0x10fff9	0x10fff4B0x174cB0x204fB0x15bdB0x5e2
0x10fff9	0x10fff4B0x174cB0x204fB0x134dB0x461
0x10fff9	0x10fff4B0x174cB0x204fB0x1497B0x54d
0x10fff9	0x10fff4B0x174cB0x204fB0x153bB0x582
0x10fff9	0x10fff4B0x174cB0x204fB0x1689B0x66c
0x10fff9	0x10fff4B0x174cB0x204fB0x1781B0x701
0x10fff9	0x10fff4B0x174cB0x204fB0x19c2B0x804
0x110067	0x110062B0x2076
0x110091	0x110087B0x7f5
0x1100bb	0x1100b1B0x5f3
0x1100e0	0x1100dbB0x2ef
0x1100e0	0x1100dbB0x345
0x1100e0	0x1100dbB0x472
0x9992a	0x99922B0x628
0xc94c7	0xc94bfB0x8c7
0x1610	0x160dB0x5e2
0x1624	0x161cB0x5e2
0x25db	0x25d9B0x3c5
0x25db	0x25d9B0x511
0x25db	0x25d9B0x573
0x25db	0x25d9B0x5b3
0x25db	0x25d9B0x727
0x25db	0x25d9B0x815
0x25db	0x25d9B0x8a7
0x25db	0x25d9B0x136cB0x461
0x25fe	0x25fcB0x1c05
0x261b	0x2619B0x65d
0x261b	0x2619B0x6f2
0x26a5	0x26a3B0x7f5
0x26ea	0x26e8B0x53e
0x2756	0x2754B0x452
0x276c	0x276aB0x452
0x2790	0x278eB0x452
0x27f3	0x27f1B0x3a5
0x27f3	0x27f1B0x3e5
0x27f3	0x27f1B0x6bd
0x27f3	0x27f1B0x835
0x2861	0x285fB0x405
0x28c2	0x28c0B0x5f3
0x28de	0x28dcB0x2ef
0x28de	0x28dcB0x345
0x28de	0x28dcB0x472
0x28fd	0x28fbB0x2ce
0x28fd	0x28fbB0x85e
0x2928	0x2926B0x2ce
0x2928	0x2926B0x85e
0x2948	0x2946B0x325
0x2948	0x2946B0x75c
0x15d2	0x15c5B0x5e2
0x16fb	0x16f6B0x68c
0x1700	0x16f6B0x68c
0x19b0	0x19abB0x7e4
0x19b5	0x19abB0x7e4
0x22d6	0x22c8B0x220aB0x1fe0B0xfc2
0x22e6	0x22c8B0x220aB0x1fe0B0xfc2
0x22ec	0x22c8B0x220aB0x1fe0B0xfc2
0x2b5f	0x2b52B0x5e2
0x2b68	0x2b52B0x5e2
0x2b70	0x2b52B0x5e2
0x2c2c	0x2c27B0x126e
0x2c33	0x2c27B0x126e
0x2c4d	0x2c4aB0x999
0x2c4d	0x2c4aB0x1d7d
0x2c56	0x2c4aB0x999
0x2c56	0x2c4aB0x1d7d
0x2c65	0x2c4aB0x999
0x2c65	0x2c4aB0x1d7d
0x2c74	0x2c4aB0x999
0x2c74	0x2c4aB0x1d7d
0x2c7d	0x2c4aB0x999
0x2c7d	0x2c4aB0x1d7d
0x2136	0x2129B0x628
0x21ae	0x21a4B0x8c7
0x22d1	0x22c8B0x220aB0x1fe0B0xfc2
0x22e1	0x22c8B0x220aB0x1fe0B0xfc2
0x22f4	0x22c8B0x220aB0x1fe0B0xfc2
0x1620	0x161cB0x5e2
0x22c8	0x22c8B0x220aB0x1fe0B0xfc2
0x25d9	0x25d9B0x3c5
0x25d9	0x25d9B0x511
0x25d9	0x25d9B0x573
0x25d9	0x25d9B0x5b3
0x25d9	0x25d9B0x727
0x25d9	0x25d9B0x815
0x25d9	0x25d9B0x8a7
0x25d9	0x25d9B0x136cB0x461
0x25fc	0x25fcB0x1c05
0x2619	0x2619B0x65d
0x2619	0x2619B0x6f2
0x26a3	0x26a3B0x7f5
0x26e8	0x26e8B0x53e
0x2754	0x2754B0x452
0x276a	0x276aB0x452
0x278e	0x278eB0x452
0x27f1	0x27f1B0x3a5
0x27f1	0x27f1B0x3e5
0x27f1	0x27f1B0x6bd
0x27f1	0x27f1B0x835
0x285f	0x285fB0x405
0x28c0	0x28c0B0x5f3
0x28dc	0x28dcB0x2ef
0x28dc	0x28dcB0x345
0x28dc	0x28dcB0x472
0x28fb	0x28fbB0x2ce
0x28fb	0x28fbB0x85e
0x2926	0x2926B0x2ce
0x2926	0x2926B0x85e
0x2946	0x2946B0x325
0x2946	0x2946B0x75c
0x1532	0x1531B0x55e
0x1534	0x1531B0x55e
0x1535	0x1531B0x55e
0x1537	0x1531B0x55e
0x1ed9	0x1ed8B0x8d0
0x1ed9	0x1ed8B0x1b24
0x1ed9	0x1ed8B0x115d
0x1ed9	0x1ed8B0x2121B0x628
0x1ed9	0x1ed8B0xb69B0x374
0x1edb	0x1ed8B0x8d0
0x1edb	0x1ed8B0x1b24
0x1edb	0x1ed8B0x115d
0x1edb	0x1ed8B0x2121B0x628
0x1edb	0x1ed8B0xb69B0x374
0x1edc	0x1ed8B0x8d0
0x1edc	0x1ed8B0x1b24
0x1edc	0x1ed8B0x115d
0x1edc	0x1ed8B0x2121B0x628
0x1edc	0x1ed8B0xb69B0x374
0x1ede	0x1ed8B0x8d0
0x1ede	0x1ed8B0x1b24
0x1ede	0x1ed8B0x115d
0x1ede	0x1ed8B0x2121B0x628
0x1ede	0x1ed8B0xb69B0x374
0x1edf	0x1ed8B0x8d0
0x1edf	0x1ed8B0x1b24
0x1edf	0x1ed8B0x115d
0x1edf	0x1ed8B0x2121B0x628
0x1edf	0x1ed8B0xb69B0x374
0x1ee0	0x1ed8B0x8d0
0x1ee0	0x1ed8B0x1b24
0x1ee0	0x1ed8B0x115d
0x1ee0	0x1ed8B0x2121B0x628
0x1ee0	0x1ed8B0xb69B0x374
0x1ee4	0x1ee4B0x8d0
0x1ee4	0x1ee4B0x1b24
0x1ee4	0x1ee4B0x115d
0x1ee4	0x1ee4B0x2121B0x628
0x1ee4	0x1ee4B0xb69B0x374
0x1ee6	0x1ee4B0x8d0
0x1ee6	0x1ee4B0x1b24
0x1ee6	0x1ee4B0x115d
0x1ee6	0x1ee4B0x2121B0x628
0x1ee6	0x1ee4B0xb69B0x374
0x1ee7	0x1ee4B0x8d0
0x1ee7	0x1ee4B0x1b24
0x1ee7	0x1ee4B0x115d
0x1ee7	0x1ee4B0x2121B0x628
0x1ee7	0x1ee4B0xb69B0x374
0x1eeb	0x1ee4B0x8d0
0x1eeb	0x1ee4B0x1b24
0x1eeb	0x1ee4B0x115d
0x1eeb	0x1ee4B0x2121B0x628
0x1eeb	0x1ee4B0xb69B0x374
0x1eed	0x1ee4B0x8d0
0x1eed	0x1ee4B0x1b24
0x1eed	0x1ee4B0x115d
0x1eed	0x1ee4B0x2121B0x628
0x1eed	0x1ee4B0xb69B0x374
0x1ef0	0x1ee4B0x8d0
0x1ef0	0x1ee4B0x1b24
0x1ef0	0x1ee4B0x115d
0x1ef0	0x1ee4B0x2121B0x628
0x1ef0	0x1ee4B0xb69B0x374
0x1ef2	0x1ee4B0x8d0
0x1ef2	0x1ee4B0x1b24
0x1ef2	0x1ee4B0x115d
0x1ef2	0x1ee4B0x2121B0x628
0x1ef2	0x1ee4B0xb69B0x374
0x1ef3	0x1ee4B0x8d0
0x1ef3	0x1ee4B0x1b24
0x1ef3	0x1ee4B0x115d
0x1ef3	0x1ee4B0x2121B0x628
0x1ef3	0x1ee4B0xb69B0x374
0x1ef7	0x1ee4B0x8d0
0x1ef7	0x1ee4B0x1b24
0x1ef7	0x1ee4B0x115d
0x1ef7	0x1ee4B0x2121B0x628
0x1ef7	0x1ee4B0xb69B0x374
0x1fdd	0x1fdcB0x209a
0x1fdd	0x1fdcB0xf88
0x1fdd	0x1fdcB0x106f
0x1fdd	0x1fdcB0x1ae4
0x1fdd	0x1fdcB0x2004B0xfc2
0x2171	0x2170B0x16f6B0x68c
0x2173	0x2170B0x16f6B0x68c
0x2178	0x2170B0x16f6B0x68c
0x2192	0x2191B0x19abB0x7e4
0x2194	0x2191B0x19abB0x7e4
0x2198	0x2191B0x19abB0x7e4
0x2236	0x2234B0x16f6B0x68c
0x2237	0x2234B0x16f6B0x68c
0x223b	0x2234B0x16f6B0x68c
0x223c	0x2234B0x16f6B0x68c
0x2240	0x2240B0x16f6B0x68c
0x2242	0x2240B0x16f6B0x68c
0x2243	0x2240B0x16f6B0x68c
0x2247	0x2240B0x16f6B0x68c
0x2249	0x2240B0x16f6B0x68c
0x224c	0x2240B0x16f6B0x68c
0x224e	0x2240B0x16f6B0x68c
0x224f	0x2240B0x16f6B0x68c
0x2253	0x2240B0x16f6B0x68c
0x2259	0x2257B0x16f6B0x68c
0x225b	0x2257B0x16f6B0x68c
0x225e	0x2257B0x16f6B0x68c
0x2260	0x2257B0x16f6B0x68c
0x2261	0x2257B0x16f6B0x68c
0x2268	0x2266B0x16f6B0x68c
0x226b	0x2266B0x16f6B0x68c
0x226d	0x2266B0x16f6B0x68c
0x226f	0x2266B0x16f6B0x68c
0x2270	0x2266B0x16f6B0x68c
0x2271	0x2266B0x16f6B0x68c
0x227a	0x2279B0x217cB0x174cB0x31790
0x227a	0x2279B0x217cB0x174cB0x1f25
0x227a	0x2279B0x217cB0x174cB0x3e722
0x227a	0x2279B0x217cB0x174cB0x3e791
0x227a	0x2279B0x217cB0x174cB0x20e5
0x227a	0x2279B0x217cB0x174cB0x7b0ab
0x227a	0x2279B0x217cB0x174cB0x87c29
0x227a	0x2279B0x217cB0x174cB0x87cab
0x227a	0x2279B0x217cB0x174cB0x87dc1
0x227a	0x2279B0x217cB0x174cB0x87ef5
0x227a	0x2279B0x217cB0x174cB0x997a7
0x227a	0x2279B0x217cB0x174cB0x998ac
0x227a	0x2279B0x217cB0x174cB0x204fB0xfd0
0x227a	0x2279B0x217cB0x174cB0x204fB0x13f6
0x227a	0x2279B0x217cB0x174cB0x4b420B0x520
0x227a	0x2279B0x217cB0x174cB0x57f93B0x5c2
0x227a	0x2279B0x217cB0x174cB0x204fB0x171d
0x227a	0x2279B0x217cB0x174cB0x204fB0x17bd
0x227a	0x2279B0x217cB0x174cB0x204fB0x1a53
0x227a	0x2279B0x217cB0x174cB0x204fB0x1e45
0x227a	0x2279B0x22b7B0x220aB0x1fe0B0xfc2
0x227a	0x2279B0x217cB0x174cB0x204fB0x15bdB0x5e2
0x227a	0x2279B0x217cB0x174cB0x204fB0x134dB0x461
0x227a	0x2279B0x217cB0x174cB0x204fB0x1497B0x54d
0x227a	0x2279B0x217cB0x174cB0x204fB0x153bB0x582
0x227a	0x2279B0x217cB0x174cB0x204fB0x1689B0x66c
0x227a	0x2279B0x217cB0x174cB0x204fB0x1781B0x701
0x227a	0x2279B0x217cB0x174cB0x204fB0x19c2B0x804
0x227f	0x2279B0x217cB0x174cB0x31790
0x227f	0x2279B0x217cB0x174cB0x1f25
0x227f	0x2279B0x217cB0x174cB0x3e722
0x227f	0x2279B0x217cB0x174cB0x3e791
0x227f	0x2279B0x217cB0x174cB0x20e5
0x227f	0x2279B0x217cB0x174cB0x7b0ab
0x227f	0x2279B0x217cB0x174cB0x87c29
0x227f	0x2279B0x217cB0x174cB0x87cab
0x227f	0x2279B0x217cB0x174cB0x87dc1
0x227f	0x2279B0x217cB0x174cB0x87ef5
0x227f	0x2279B0x217cB0x174cB0x997a7
0x227f	0x2279B0x217cB0x174cB0x998ac
0x227f	0x2279B0x217cB0x174cB0x204fB0xfd0
0x227f	0x2279B0x217cB0x174cB0x204fB0x13f6
0x227f	0x2279B0x217cB0x174cB0x4b420B0x520
0x227f	0x2279B0x217cB0x174cB0x57f93B0x5c2
0x227f	0x2279B0x217cB0x174cB0x204fB0x171d
0x227f	0x2279B0x217cB0x174cB0x204fB0x17bd
0x227f	0x2279B0x217cB0x174cB0x204fB0x1a53
0x227f	0x2279B0x217cB0x174cB0x204fB0x1e45
0x227f	0x2279B0x22b7B0x220aB0x1fe0B0xfc2
0x227f	0x2279B0x217cB0x174cB0x204fB0x15bdB0x5e2
0x227f	0x2279B0x217cB0x174cB0x204fB0x134dB0x461
0x227f	0x2279B0x217cB0x174cB0x204fB0x1497B0x54d
0x227f	0x2279B0x217cB0x174cB0x204fB0x153bB0x582
0x227f	0x2279B0x217cB0x174cB0x204fB0x1689B0x66c
0x227f	0x2279B0x217cB0x174cB0x204fB0x1781B0x701
0x227f	0x2279B0x217cB0x174cB0x204fB0x19c2B0x804
0x2284	0x2279B0x217cB0x174cB0x31790
0x2284	0x2279B0x217cB0x174cB0x1f25
0x2284	0x2279B0x217cB0x174cB0x3e722
0x2284	0x2279B0x217cB0x174cB0x3e791
0x2284	0x2279B0x217cB0x174cB0x20e5
0x2284	0x2279B0x217cB0x174cB0x7b0ab
0x2284	0x2279B0x217cB0x174cB0x87c29
0x2284	0x2279B0x217cB0x174cB0x87cab
0x2284	0x2279B0x217cB0x174cB0x87dc1
0x2284	0x2279B0x217cB0x174cB0x87ef5
0x2284	0x2279B0x217cB0x174cB0x997a7
0x2284	0x2279B0x217cB0x174cB0x998ac
0x2284	0x2279B0x217cB0x174cB0x204fB0xfd0
0x2284	0x2279B0x217cB0x174cB0x204fB0x13f6
0x2284	0x2279B0x217cB0x174cB0x4b420B0x520
0x2284	0x2279B0x217cB0x174cB0x57f93B0x5c2
0x2284	0x2279B0x217cB0x174cB0x204fB0x171d
0x2284	0x2279B0x217cB0x174cB0x204fB0x17bd
0x2284	0x2279B0x217cB0x174cB0x204fB0x1a53
0x2284	0x2279B0x217cB0x174cB0x204fB0x1e45
0x2284	0x2279B0x22b7B0x220aB0x1fe0B0xfc2
0x2284	0x2279B0x217cB0x174cB0x204fB0x15bdB0x5e2
0x2284	0x2279B0x217cB0x174cB0x204fB0x134dB0x461
0x2284	0x2279B0x217cB0x174cB0x204fB0x1497B0x54d
0x2284	0x2279B0x217cB0x174cB0x204fB0x153bB0x582
0x2284	0x2279B0x217cB0x174cB0x204fB0x1689B0x66c
0x2284	0x2279B0x217cB0x174cB0x204fB0x1781B0x701
0x2284	0x2279B0x217cB0x174cB0x204fB0x19c2B0x804
0x2285	0x2279B0x217cB0x174cB0x31790
0x2285	0x2279B0x217cB0x174cB0x1f25
0x2285	0x2279B0x217cB0x174cB0x3e722
0x2285	0x2279B0x217cB0x174cB0x3e791
0x2285	0x2279B0x217cB0x174cB0x20e5
0x2285	0x2279B0x217cB0x174cB0x7b0ab
0x2285	0x2279B0x217cB0x174cB0x87c29
0x2285	0x2279B0x217cB0x174cB0x87cab
0x2285	0x2279B0x217cB0x174cB0x87dc1
0x2285	0x2279B0x217cB0x174cB0x87ef5
0x2285	0x2279B0x217cB0x174cB0x997a7
0x2285	0x2279B0x217cB0x174cB0x998ac
0x2285	0x2279B0x217cB0x174cB0x204fB0xfd0
0x2285	0x2279B0x217cB0x174cB0x204fB0x13f6
0x2285	0x2279B0x217cB0x174cB0x4b420B0x520
0x2285	0x2279B0x217cB0x174cB0x57f93B0x5c2
0x2285	0x2279B0x217cB0x174cB0x204fB0x171d
0x2285	0x2279B0x217cB0x174cB0x204fB0x17bd
0x2285	0x2279B0x217cB0x174cB0x204fB0x1a53
0x2285	0x2279B0x217cB0x174cB0x204fB0x1e45
0x2285	0x2279B0x22b7B0x220aB0x1fe0B0xfc2
0x2285	0x2279B0x217cB0x174cB0x204fB0x15bdB0x5e2
0x2285	0x2279B0x217cB0x174cB0x204fB0x134dB0x461
0x2285	0x2279B0x217cB0x174cB0x204fB0x1497B0x54d
0x2285	0x2279B0x217cB0x174cB0x204fB0x153bB0x582
0x2285	0x2279B0x217cB0x174cB0x204fB0x1689B0x66c
0x2285	0x2279B0x217cB0x174cB0x204fB0x1781B0x701
0x2285	0x2279B0x217cB0x174cB0x204fB0x19c2B0x804
0x2288	0x2279B0x217cB0x174cB0x31790
0x2288	0x2279B0x217cB0x174cB0x1f25
0x2288	0x2279B0x217cB0x174cB0x3e722
0x2288	0x2279B0x217cB0x174cB0x3e791
0x2288	0x2279B0x217cB0x174cB0x20e5
0x2288	0x2279B0x217cB0x174cB0x7b0ab
0x2288	0x2279B0x217cB0x174cB0x87c29
0x2288	0x2279B0x217cB0x174cB0x87cab
0x2288	0x2279B0x217cB0x174cB0x87dc1
0x2288	0x2279B0x217cB0x174cB0x87ef5
0x2288	0x2279B0x217cB0x174cB0x997a7
0x2288	0x2279B0x217cB0x174cB0x998ac
0x2288	0x2279B0x217cB0x174cB0x204fB0xfd0
0x2288	0x2279B0x217cB0x174cB0x204fB0x13f6
0x2288	0x2279B0x217cB0x174cB0x4b420B0x520
0x2288	0x2279B0x217cB0x174cB0x57f93B0x5c2
0x2288	0x2279B0x217cB0x174cB0x204fB0x171d
0x2288	0x2279B0x217cB0x174cB0x204fB0x17bd
0x2288	0x2279B0x217cB0x174cB0x204fB0x1a53
0x2288	0x2279B0x217cB0x174cB0x204fB0x1e45
0x2288	0x2279B0x22b7B0x220aB0x1fe0B0xfc2
0x2288	0x2279B0x217cB0x174cB0x204fB0x15bdB0x5e2
0x2288	0x2279B0x217cB0x174cB0x204fB0x134dB0x461
0x2288	0x2279B0x217cB0x174cB0x204fB0x1497B0x54d
0x2288	0x2279B0x217cB0x174cB0x204fB0x153bB0x582
0x2288	0x2279B0x217cB0x174cB0x204fB0x1689B0x66c
0x2288	0x2279B0x217cB0x174cB0x204fB0x1781B0x701
0x2288	0x2279B0x217cB0x174cB0x204fB0x19c2B0x804
0x228b	0x2279B0x217cB0x174cB0x31790
0x228b	0x2279B0x217cB0x174cB0x1f25
0x228b	0x2279B0x217cB0x174cB0x3e722
0x228b	0x2279B0x217cB0x174cB0x3e791
0x228b	0x2279B0x217cB0x174cB0x20e5
0x228b	0x2279B0x217cB0x174cB0x7b0ab
0x228b	0x2279B0x217cB0x174cB0x87c29
0x228b	0x2279B0x217cB0x174cB0x87cab
0x228b	0x2279B0x217cB0x174cB0x87dc1
0x228b	0x2279B0x217cB0x174cB0x87ef5
0x228b	0x2279B0x217cB0x174cB0x997a7
0x228b	0x2279B0x217cB0x174cB0x998ac
0x228b	0x2279B0x217cB0x174cB0x204fB0xfd0
0x228b	0x2279B0x217cB0x174cB0x204fB0x13f6
0x228b	0x2279B0x217cB0x174cB0x4b420B0x520
0x228b	0x2279B0x217cB0x174cB0x57f93B0x5c2
0x228b	0x2279B0x217cB0x174cB0x204fB0x171d
0x228b	0x2279B0x217cB0x174cB0x204fB0x17bd
0x228b	0x2279B0x217cB0x174cB0x204fB0x1a53
0x228b	0x2279B0x217cB0x174cB0x204fB0x1e45
0x228b	0x2279B0x22b7B0x220aB0x1fe0B0xfc2
0x228b	0x2279B0x217cB0x174cB0x204fB0x15bdB0x5e2
0x228b	0x2279B0x217cB0x174cB0x204fB0x134dB0x461
0x228b	0x2279B0x217cB0x174cB0x204fB0x1497B0x54d
0x228b	0x2279B0x217cB0x174cB0x204fB0x153bB0x582
0x228b	0x2279B0x217cB0x174cB0x204fB0x1689B0x66c
0x228b	0x2279B0x217cB0x174cB0x204fB0x1781B0x701
0x228b	0x2279B0x217cB0x174cB0x204fB0x19c2B0x804
0x228c	0x2279B0x217cB0x174cB0x31790
0x228c	0x2279B0x217cB0x174cB0x1f25
0x228c	0x2279B0x217cB0x174cB0x3e722
0x228c	0x2279B0x217cB0x174cB0x3e791
0x228c	0x2279B0x217cB0x174cB0x20e5
0x228c	0x2279B0x217cB0x174cB0x7b0ab
0x228c	0x2279B0x217cB0x174cB0x87c29
0x228c	0x2279B0x217cB0x174cB0x87cab
0x228c	0x2279B0x217cB0x174cB0x87dc1
0x228c	0x2279B0x217cB0x174cB0x87ef5
0x228c	0x2279B0x217cB0x174cB0x997a7
0x228c	0x2279B0x217cB0x174cB0x998ac
0x228c	0x2279B0x217cB0x174cB0x204fB0xfd0
0x228c	0x2279B0x217cB0x174cB0x204fB0x13f6
0x228c	0x2279B0x217cB0x174cB0x4b420B0x520
0x228c	0x2279B0x217cB0x174cB0x57f93B0x5c2
0x228c	0x2279B0x217cB0x174cB0x204fB0x171d
0x228c	0x2279B0x217cB0x174cB0x204fB0x17bd
0x228c	0x2279B0x217cB0x174cB0x204fB0x1a53
0x228c	0x2279B0x217cB0x174cB0x204fB0x1e45
0x228c	0x2279B0x22b7B0x220aB0x1fe0B0xfc2
0x228c	0x2279B0x217cB0x174cB0x204fB0x15bdB0x5e2
0x228c	0x2279B0x217cB0x174cB0x204fB0x134dB0x461
0x228c	0x2279B0x217cB0x174cB0x204fB0x1497B0x54d
0x228c	0x2279B0x217cB0x174cB0x204fB0x153bB0x582
0x228c	0x2279B0x217cB0x174cB0x204fB0x1689B0x66c
0x228c	0x2279B0x217cB0x174cB0x204fB0x1781B0x701
0x228c	0x2279B0x217cB0x174cB0x204fB0x19c2B0x804
0x228d	0x2279B0x217cB0x174cB0x31790
0x228d	0x2279B0x217cB0x174cB0x1f25
0x228d	0x2279B0x217cB0x174cB0x3e722
0x228d	0x2279B0x217cB0x174cB0x3e791
0x228d	0x2279B0x217cB0x174cB0x20e5
0x228d	0x2279B0x217cB0x174cB0x7b0ab
0x228d	0x2279B0x217cB0x174cB0x87c29
0x228d	0x2279B0x217cB0x174cB0x87cab
0x228d	0x2279B0x217cB0x174cB0x87dc1
0x228d	0x2279B0x217cB0x174cB0x87ef5
0x228d	0x2279B0x217cB0x174cB0x997a7
0x228d	0x2279B0x217cB0x174cB0x998ac
0x228d	0x2279B0x217cB0x174cB0x204fB0xfd0
0x228d	0x2279B0x217cB0x174cB0x204fB0x13f6
0x228d	0x2279B0x217cB0x174cB0x4b420B0x520
0x228d	0x2279B0x217cB0x174cB0x57f93B0x5c2
0x228d	0x2279B0x217cB0x174cB0x204fB0x171d
0x228d	0x2279B0x217cB0x174cB0x204fB0x17bd
0x228d	0x2279B0x217cB0x174cB0x204fB0x1a53
0x228d	0x2279B0x217cB0x174cB0x204fB0x1e45
0x228d	0x2279B0x22b7B0x220aB0x1fe0B0xfc2
0x228d	0x2279B0x217cB0x174cB0x204fB0x15bdB0x5e2
0x228d	0x2279B0x217cB0x174cB0x204fB0x134dB0x461
0x228d	0x2279B0x217cB0x174cB0x204fB0x1497B0x54d
0x228d	0x2279B0x217cB0x174cB0x204fB0x153bB0x582
0x228d	0x2279B0x217cB0x174cB0x204fB0x1689B0x66c
0x228d	0x2279B0x217cB0x174cB0x204fB0x1781B0x701
0x228d	0x2279B0x217cB0x174cB0x204fB0x19c2B0x804
0x228e	0x2279B0x217cB0x174cB0x31790
0x228e	0x2279B0x217cB0x174cB0x1f25
0x228e	0x2279B0x217cB0x174cB0x3e722
0x228e	0x2279B0x217cB0x174cB0x3e791
0x228e	0x2279B0x217cB0x174cB0x20e5
0x228e	0x2279B0x217cB0x174cB0x7b0ab
0x228e	0x2279B0x217cB0x174cB0x87c29
0x228e	0x2279B0x217cB0x174cB0x87cab
0x228e	0x2279B0x217cB0x174cB0x87dc1
0x228e	0x2279B0x217cB0x174cB0x87ef5
0x228e	0x2279B0x217cB0x174cB0x997a7
0x228e	0x2279B0x217cB0x174cB0x998ac
0x228e	0x2279B0x217cB0x174cB0x204fB0xfd0
0x228e	0x2279B0x217cB0x174cB0x204fB0x13f6
0x228e	0x2279B0x217cB0x174cB0x4b420B0x520
0x228e	0x2279B0x217cB0x174cB0x57f93B0x5c2
0x228e	0x2279B0x217cB0x174cB0x204fB0x171d
0x228e	0x2279B0x217cB0x174cB0x204fB0x17bd
0x228e	0x2279B0x217cB0x174cB0x204fB0x1a53
0x228e	0x2279B0x217cB0x174cB0x204fB0x1e45
0x228e	0x2279B0x22b7B0x220aB0x1fe0B0xfc2
0x228e	0x2279B0x217cB0x174cB0x204fB0x15bdB0x5e2
0x228e	0x2279B0x217cB0x174cB0x204fB0x134dB0x461
0x228e	0x2279B0x217cB0x174cB0x204fB0x1497B0x54d
0x228e	0x2279B0x217cB0x174cB0x204fB0x153bB0x582
0x228e	0x2279B0x217cB0x174cB0x204fB0x1689B0x66c
0x228e	0x2279B0x217cB0x174cB0x204fB0x1781B0x701
0x228e	0x2279B0x217cB0x174cB0x204fB0x19c2B0x804
0x2292	0x2291B0x19abB0x7e4
0x2296	0x2295B0x219cB0x8c7
0x2298	0x2295B0x219cB0x8c7
0x2299	0x2295B0x219cB0x8c7
0x229b	0x2295B0x219cB0x8c7
0x229c	0x2295B0x219cB0x8c7
0x22a0	0x22a0B0x219cB0x8c7
0x22a2	0x22a0B0x219cB0x8c7
0x22a3	0x22a0B0x219cB0x8c7
0x22a7	0x22a0B0x219cB0x8c7
0x22a9	0x22a0B0x219cB0x8c7
0x22ac	0x22a0B0x219cB0x8c7
0x22ae	0x22a0B0x219cB0x8c7
0x22af	0x22a0B0x219cB0x8c7
0x22b3	0x22a0B0x219cB0x8c7
0x2302	0x2301B0x221fB0x2076
0x2307	0x2301B0x221fB0x2076
0x230a	0x2301B0x221fB0x2076
0x230b	0x2301B0x221fB0x2076
0x230e	0x2301B0x221fB0x2076
0x2311	0x2301B0x221fB0x2076
0x2312	0x2301B0x221fB0x2076
0x2314	0x2301B0x221fB0x2076
0x2315	0x2301B0x221fB0x2076
0x231a	0x2319B0x221fB0x2076
0x231b	0x2319B0x221fB0x2076
0x231d	0x2319B0x221fB0x2076
0x2320	0x2319B0x221fB0x2076
0x2324	0x2319B0x221fB0x2076
0x2326	0x2319B0x221fB0x2076
0x232e	0x2319B0x221fB0x2076
0x232f	0x2319B0x221fB0x2076
0x2336	0x2334B0x221fB0x2076
0x2339	0x2334B0x221fB0x2076
0x233b	0x2334B0x221fB0x2076
0x233d	0x2334B0x221fB0x2076
0x233e	0x2334B0x221fB0x2076
0x233f	0x2334B0x221fB0x2076
0x2344	0x2334B0x221fB0x2076
0x2346	0x2334B0x221fB0x2076
0x2349	0x2334B0x221fB0x2076
0x234b	0x2334B0x221fB0x2076
0x234c	0x2334B0x221fB0x2076
0x2352	0x2351B0x221fB0x2076
0x2357	0x2351B0x221fB0x2076
0x235b	0x2351B0x221fB0x2076
0x235e	0x2351B0x221fB0x2076
0x2366	0x2351B0x221fB0x2076
0x236a	0x2351B0x221fB0x2076
0x236e	0x2351B0x221fB0x2076
0x2371	0x2351B0x221fB0x2076
0x2374	0x2351B0x221fB0x2076
0x2378	0x2351B0x221fB0x2076
0x237c	0x2351B0x221fB0x2076
0x2382	0x2381B0x221fB0x2076
0x2385	0x2381B0x221fB0x2076
0x2389	0x2381B0x221fB0x2076
0x238c	0x2381B0x221fB0x2076
0x238e	0x2381B0x221fB0x2076
0x2390	0x2381B0x221fB0x2076
0x2391	0x2381B0x221fB0x2076
0x2392	0x2381B0x221fB0x2076
0x2399	0x2381B0x221fB0x2076
0x239b	0x2381B0x221fB0x2076
0x239c	0x2381B0x221fB0x2076
0x23a1	0x2381B0x221fB0x2076
0x23a3	0x2381B0x221fB0x2076
0x23a7	0x2381B0x221fB0x2076
0x23a9	0x2381B0x221fB0x2076
0x23aa	0x2381B0x221fB0x2076
0x23ac	0x2381B0x221fB0x2076
0x23ad	0x2381B0x221fB0x2076
0x23b1	0x2381B0x221fB0x2076
0x23b9	0x2381B0x221fB0x2076
0x23be	0x23bdB0x221fB0x2076
0x23c3	0x23bdB0x221fB0x2076
0x24e7	0x24e4B0x24deB0x2435B0x942
0x24e7	0x24e4B0x24deB0x2435B0x1d25
0x24e8	0x24e4B0x24deB0x2435B0x942
0x24e8	0x24e4B0x24deB0x2435B0x1d25
0x24e9	0x24e4B0x24deB0x2435B0x942
0x24e9	0x24e4B0x24deB0x2435B0x1d25
0x24ed	0x24edB0x24deB0x2435B0x942
0x24ed	0x24edB0x24deB0x2435B0x1d25
0x24f1	0x24edB0x24deB0x2435B0x942
0x24f1	0x24edB0x24deB0x2435B0x1d25
0x24f3	0x24edB0x24deB0x2435B0x942
0x24f3	0x24edB0x24deB0x2435B0x1d25
0x24f4	0x24edB0x24deB0x2435B0x942
0x24f4	0x24edB0x24deB0x2435B0x1d25
0x2501	0x24feB0x24f8B0x249aB0xc74B0x374
0x2501	0x24feB0x24f8B0x249aB0xd1dB0x374
0x2502	0x24feB0x24f8B0x249aB0xc74B0x374
0x2502	0x24feB0x24f8B0x249aB0xd1dB0x374
0x2503	0x24feB0x24f8B0x249aB0xc74B0x374
0x2503	0x24feB0x24f8B0x249aB0xd1dB0x374
0x2508	0x2507B0x24f8B0x249aB0xc74B0x374
0x2508	0x2507B0x24f8B0x249aB0xd1dB0x374
0x2509	0x2507B0x24f8B0x249aB0xc74B0x374
0x2509	0x2507B0x24f8B0x249aB0xd1dB0x374
0x250b	0x2507B0x24f8B0x249aB0xc74B0x374
0x250b	0x2507B0x24f8B0x249aB0xd1dB0x374
0x250d	0x2507B0x24f8B0x249aB0xc74B0x374
0x250d	0x2507B0x24f8B0x249aB0xd1dB0x374
0x250f	0x2507B0x24f8B0x249aB0xc74B0x374
0x250f	0x2507B0x24f8B0x249aB0xd1dB0x374
0x2510	0x2507B0x24f8B0x249aB0xc74B0x374
0x2510	0x2507B0x24f8B0x249aB0xd1dB0x374
0x2511	0x2507B0x24f8B0x249aB0xc74B0x374
0x2511	0x2507B0x24f8B0x249aB0xd1dB0x374
0x2512	0x2507B0x24f8B0x249aB0xc74B0x374
0x2512	0x2507B0x24f8B0x249aB0xd1dB0x374
0x2515	0x2507B0x24f8B0x249aB0xc74B0x374
0x2515	0x2507B0x24f8B0x249aB0xd1dB0x374
0x2517	0x2507B0x24f8B0x249aB0xc74B0x374
0x2517	0x2507B0x24f8B0x249aB0xd1dB0x374
0x2518	0x2507B0x24f8B0x249aB0xc74B0x374
0x2518	0x2507B0x24f8B0x249aB0xd1dB0x374
0x251d	0x251cB0x276dB0x452
0x251d	0x251cB0x2791B0x452
0x2521	0x251cB0x276dB0x452
0x2521	0x251cB0x2791B0x452
0x2524	0x251cB0x276dB0x452
0x2524	0x251cB0x2791B0x452
0x2525	0x251cB0x276dB0x452
0x2525	0x251cB0x2791B0x452
0x2526	0x251cB0x276dB0x452
0x2526	0x251cB0x2791B0x452
0x2530	0x252dB0x276dB0x452
0x2530	0x252dB0x2791B0x452
0x2531	0x252dB0x276dB0x452
0x2531	0x252dB0x2791B0x452
0x2533	0x252dB0x276dB0x452
0x2533	0x252dB0x2791B0x452
0x2535	0x252dB0x276dB0x452
0x2535	0x252dB0x2791B0x452
0x2537	0x252dB0x276dB0x452
0x2537	0x252dB0x2791B0x452
0x2538	0x252dB0x276dB0x452
0x2538	0x252dB0x2791B0x452
0x253a	0x252dB0x276dB0x452
0x253a	0x252dB0x2791B0x452
0x253b	0x252dB0x276dB0x452
0x253b	0x252dB0x2791B0x452
0x253c	0x252dB0x276dB0x452
0x253c	0x252dB0x2791B0x452
0x2544	0x2543B0x276dB0x452
0x2544	0x2543B0x2791B0x452
0x2547	0x2543B0x276dB0x452
0x2547	0x2543B0x2791B0x452
0x254b	0x2543B0x276dB0x452
0x254b	0x2543B0x2791B0x452
0x254f	0x2543B0x276dB0x452
0x254f	0x2543B0x2791B0x452
0x2551	0x2543B0x276dB0x452
0x2551	0x2543B0x2791B0x452
0x2552	0x2543B0x276dB0x452
0x2552	0x2543B0x2791B0x452
0x2553	0x2543B0x276dB0x452
0x2553	0x2543B0x2791B0x452
0x2554	0x2543B0x276dB0x452
0x2554	0x2543B0x2791B0x452
0x2555	0x2543B0x276dB0x452
0x2555	0x2543B0x2791B0x452
0x2559	0x2559B0x276dB0x452
0x2559	0x2559B0x2791B0x452
0x2565	0x2564B0x2a0b
0x2565	0x2564B0x2929B0x2ce
0x2565	0x2564B0x2929B0x85e
0x2569	0x2564B0x2a0b
0x2569	0x2564B0x2929B0x2ce
0x2569	0x2564B0x2929B0x85e
0x256c	0x2564B0x2a0b
0x256c	0x2564B0x2929B0x2ce
0x256c	0x2564B0x2929B0x85e
0x256d	0x2564B0x2a0b
0x256d	0x2564B0x2929B0x2ce
0x256d	0x2564B0x2929B0x85e
0x256e	0x2564B0x2a0b
0x256e	0x2564B0x2929B0x2ce
0x256e	0x2564B0x2929B0x85e
0x2578	0x2575B0x2a0b
0x2578	0x2575B0x2929B0x2ce
0x2578	0x2575B0x2929B0x85e
0x2579	0x2575B0x2a0b
0x2579	0x2575B0x2929B0x2ce
0x2579	0x2575B0x2929B0x85e
0x257b	0x2575B0x2a0b
0x257b	0x2575B0x2929B0x2ce
0x257b	0x2575B0x2929B0x85e
0x257d	0x2575B0x2a0b
0x257d	0x2575B0x2929B0x2ce
0x257d	0x2575B0x2929B0x85e
0x257f	0x2575B0x2a0b
0x257f	0x2575B0x2929B0x2ce
0x257f	0x2575B0x2929B0x85e
0x2580	0x2575B0x2a0b
0x2580	0x2575B0x2929B0x2ce
0x2580	0x2575B0x2929B0x85e
0x2582	0x2575B0x2a0b
0x2582	0x2575B0x2929B0x2ce
0x2582	0x2575B0x2929B0x85e
0x2583	0x2575B0x2a0b
0x2583	0x2575B0x2929B0x2ce
0x2583	0x2575B0x2929B0x85e
0x2584	0x2575B0x2a0b
0x2584	0x2575B0x2929B0x2ce
0x2584	0x2575B0x2929B0x85e
0x258c	0x258bB0x2a0b
0x258c	0x258bB0x2929B0x2ce
0x258c	0x258bB0x2929B0x85e
0x258f	0x258bB0x2a0b
0x258f	0x258bB0x2929B0x2ce
0x258f	0x258bB0x2929B0x85e
0x2593	0x258bB0x2a0b
0x2593	0x258bB0x2929B0x2ce
0x2593	0x258bB0x2929B0x85e
0x2597	0x258bB0x2a0b
0x2597	0x258bB0x2929B0x2ce
0x2597	0x258bB0x2929B0x85e
0x2598	0x258bB0x2a0b
0x2598	0x258bB0x2929B0x2ce
0x2598	0x258bB0x2929B0x85e
0x2599	0x258bB0x2a0b
0x2599	0x258bB0x2929B0x2ce
0x2599	0x258bB0x2929B0x85e
0x259a	0x258bB0x2a0b
0x259a	0x258bB0x2929B0x2ce
0x259a	0x258bB0x2929B0x85e
0x259b	0x258bB0x2a0b
0x259b	0x258bB0x2929B0x2ce
0x259b	0x258bB0x2929B0x85e
0x259f	0x259fB0x2a0b
0x259f	0x259fB0x2929B0x2ce
0x259f	0x259fB0x2929B0x85e
0x25a5	0x25a3B0x29e2
0x25a5	0x25a3B0x2953B0x325
0x25a5	0x25a3B0x2862B0x405
0x25a5	0x25a3B0x2953B0x75c
0x25a6	0x25a3B0x29e2
0x25a6	0x25a3B0x2953B0x325
0x25a6	0x25a3B0x2862B0x405
0x25a6	0x25a3B0x2953B0x75c
0x25a8	0x25a3B0x29e2
0x25a8	0x25a3B0x2953B0x325
0x25a8	0x25a3B0x2862B0x405
0x25a8	0x25a3B0x2953B0x75c
0x25aa	0x25a3B0x29e2
0x25aa	0x25a3B0x2953B0x325
0x25aa	0x25a3B0x2862B0x405
0x25aa	0x25a3B0x2953B0x75c
0x25ac	0x25a3B0x29e2
0x25ac	0x25a3B0x2953B0x325
0x25ac	0x25a3B0x2862B0x405
0x25ac	0x25a3B0x2953B0x75c
0x25ad	0x25a3B0x29e2
0x25ad	0x25a3B0x2953B0x325
0x25ad	0x25a3B0x2862B0x405
0x25ad	0x25a3B0x2953B0x75c
0x25af	0x25a3B0x29e2
0x25af	0x25a3B0x2953B0x325
0x25af	0x25a3B0x2862B0x405
0x25af	0x25a3B0x2953B0x75c
0x25b1	0x25a3B0x29e2
0x25b1	0x25a3B0x2953B0x325
0x25b1	0x25a3B0x2862B0x405
0x25b1	0x25a3B0x2953B0x75c
0x25b2	0x25a3B0x29e2
0x25b2	0x25a3B0x2953B0x325
0x25b2	0x25a3B0x2862B0x405
0x25b2	0x25a3B0x2953B0x75c
0x25b6	0x25b6B0x29e2
0x25b6	0x25b6B0x2953B0x325
0x25b6	0x25b6B0x2862B0x405
0x25b6	0x25b6B0x2953B0x75c
0x25bc	0x25baB0x2987
0x25bc	0x25baB0x29d8
0x25bc	0x25baB0x28dfB0x2ef
0x25bc	0x25baB0x2949B0x325
0x25bc	0x25baB0x28dfB0x345
0x25bc	0x25baB0x286cB0x405
0x25bc	0x25baB0x28dfB0x472
0x25bc	0x25baB0x2949B0x75c
0x25bc	0x25baB0x28feB0x2ce
0x25bc	0x25baB0x28feB0x85e
0x25bd	0x25baB0x2987
0x25bd	0x25baB0x29d8
0x25bd	0x25baB0x28dfB0x2ef
0x25bd	0x25baB0x2949B0x325
0x25bd	0x25baB0x28dfB0x345
0x25bd	0x25baB0x286cB0x405
0x25bd	0x25baB0x28dfB0x472
0x25bd	0x25baB0x2949B0x75c
0x25bd	0x25baB0x28feB0x2ce
0x25bd	0x25baB0x28feB0x85e
0x25c0	0x25baB0x2987
0x25c0	0x25baB0x29d8
0x25c0	0x25baB0x28dfB0x2ef
0x25c0	0x25baB0x2949B0x325
0x25c0	0x25baB0x28dfB0x345
0x25c0	0x25baB0x286cB0x405
0x25c0	0x25baB0x28dfB0x472
0x25c0	0x25baB0x2949B0x75c
0x25c0	0x25baB0x28feB0x2ce
0x25c0	0x25baB0x28feB0x85e
0x25c2	0x25baB0x2987
0x25c2	0x25baB0x29d8
0x25c2	0x25baB0x28dfB0x2ef
0x25c2	0x25baB0x2949B0x325
0x25c2	0x25baB0x28dfB0x345
0x25c2	0x25baB0x286cB0x405
0x25c2	0x25baB0x28dfB0x472
0x25c2	0x25baB0x2949B0x75c
0x25c2	0x25baB0x28feB0x2ce
0x25c2	0x25baB0x28feB0x85e
0x25c3	0x25baB0x2987
0x25c3	0x25baB0x29d8
0x25c3	0x25baB0x28dfB0x2ef
0x25c3	0x25baB0x2949B0x325
0x25c3	0x25baB0x28dfB0x345
0x25c3	0x25baB0x286cB0x405
0x25c3	0x25baB0x28dfB0x472
0x25c3	0x25baB0x2949B0x75c
0x25c3	0x25baB0x28feB0x2ce
0x25c3	0x25baB0x28feB0x85e
0x25c7	0x25c7B0x2987
0x25c7	0x25c7B0x29d8
0x25c7	0x25c7B0x28dfB0x2ef
0x25c7	0x25c7B0x2949B0x325
0x25c7	0x25c7B0x28dfB0x345
0x25c7	0x25c7B0x286cB0x405
0x25c7	0x25c7B0x28dfB0x472
0x25c7	0x25c7B0x2949B0x75c
0x25c7	0x25c7B0x28feB0x2ce
0x25c7	0x25c7B0x28feB0x85e
0x27ab	0x27aaB0x1d01
0x27ad	0x27aaB0x1d01
0x27b1	0x27aaB0x1d01
0x27b2	0x27aaB0x1d01
0x27b3	0x27aaB0x1d01
0x27b4	0x27aaB0x1d01
0x27bd	0x27bbB0x1d01
0x27bf	0x27bbB0x1d01
0x27c0	0x27bbB0x1d01
0x27c2	0x27bbB0x1d01
0x27c3	0x27bbB0x1d01
0x27cb	0x27caB0x385
0x27cb	0x27caB0x49f
0x27cb	0x27caB0x63d
0x27cb	0x27caB0x69d
0x27cb	0x27caB0x7d5
0x27cd	0x27caB0x385
0x27cd	0x27caB0x49f
0x27cd	0x27caB0x63d
0x27cd	0x27caB0x69d
0x27cd	0x27caB0x7d5
0x27d1	0x27caB0x385
0x27d1	0x27caB0x49f
0x27d1	0x27caB0x63d
0x27d1	0x27caB0x69d
0x27d1	0x27caB0x7d5
0x27d2	0x27caB0x385
0x27d2	0x27caB0x49f
0x27d2	0x27caB0x63d
0x27d2	0x27caB0x69d
0x27d2	0x27caB0x7d5
0x27d3	0x27caB0x385
0x27d3	0x27caB0x49f
0x27d3	0x27caB0x63d
0x27d3	0x27caB0x69d
0x27d3	0x27caB0x7d5
0x27d4	0x27caB0x385
0x27d4	0x27caB0x49f
0x27d4	0x27caB0x63d
0x27d4	0x27caB0x69d
0x27d4	0x27caB0x7d5
0x27dd	0x27dbB0x385
0x27dd	0x27dbB0x49f
0x27dd	0x27dbB0x63d
0x27dd	0x27dbB0x69d
0x27dd	0x27dbB0x7d5
0x2828	0x2827B0x593
0x282b	0x2827B0x593
0x282f	0x2827B0x593
0x2830	0x2827B0x593
0x2831	0x2827B0x593
0x2832	0x2827B0x593
0x283b	0x2839B0x593
0x283e	0x2839B0x593
0x2841	0x2839B0x593
0x2842	0x2839B0x593
0x2843	0x2839B0x593
0x2846	0x2839B0x593
0x2848	0x2839B0x593
0x2849	0x2839B0x593
0x2a2a	0x2a29B0x334e
0x2a2a	0x2a29B0x337e
0x2a2d	0x2a29B0x334e
0x2a2d	0x2a29B0x337e
0x2a31	0x2a29B0x334e
0x2a31	0x2a29B0x337e
0x2a35	0x2a29B0x334e
0x2a35	0x2a29B0x337e
0x2a3a	0x2a29B0x334e
0x2a3a	0x2a29B0x337e
0x2a3f	0x2a3cB0x334e
0x2a3f	0x2a3cB0x337e
0x2a40	0x2a3cB0x334e
0x2a40	0x2a3cB0x337e
0x2a41	0x2a3cB0x334e
0x2a41	0x2a3cB0x337e
0x2a46	0x2a45B0x334e
0x2a46	0x2a45B0x337e
0x2a47	0x2a45B0x334e
0x2a47	0x2a45B0x337e
0x2a49	0x2a45B0x334e
0x2a49	0x2a45B0x337e
0x2a4b	0x2a45B0x334e
0x2a4b	0x2a45B0x337e
0x2a4d	0x2a45B0x334e
0x2a4d	0x2a45B0x337e
0x2a4e	0x2a45B0x334e
0x2a4e	0x2a45B0x337e
0x2a4f	0x2a45B0x334e
0x2a4f	0x2a45B0x337e
0x2a54	0x2a45B0x334e
0x2a54	0x2a45B0x337e
0x2a58	0x2a45B0x334e
0x2a58	0x2a45B0x337e
0x2a5a	0x2a45B0x334e
0x2a5a	0x2a45B0x337e
0x2a5c	0x2a45B0x334e
0x2a5c	0x2a45B0x337e
0x2a5d	0x2a45B0x334e
0x2a5d	0x2a45B0x337e
0x2a6d	0x2a6cB0x2c4aB0x999
0x2a6d	0x2a6cB0x2c27B0x126e
0x2a6d	0x2a6cB0x2c4aB0x1d7d
0x2a74	0x2a6cB0x2c4aB0x999
0x2a74	0x2a6cB0x2c27B0x126e
0x2a74	0x2a6cB0x2c4aB0x1d7d
0x2a77	0x2a6cB0x2c4aB0x999
0x2a77	0x2a6cB0x2c27B0x126e
0x2a77	0x2a6cB0x2c4aB0x1d7d
0x2a7a	0x2a6cB0x2c4aB0x999
0x2a7a	0x2a6cB0x2c27B0x126e
0x2a7a	0x2a6cB0x2c4aB0x1d7d
0x2a7e	0x2a6cB0x2c4aB0x999
0x2a7e	0x2a6cB0x2c27B0x126e
0x2a7e	0x2a6cB0x2c4aB0x1d7d
0x2a7f	0x2a6cB0x2c4aB0x999
0x2a7f	0x2a6cB0x2c27B0x126e
0x2a7f	0x2a6cB0x2c4aB0x1d7d
0x2a81	0x2a6cB0x2c4aB0x999
0x2a81	0x2a6cB0x2c27B0x126e
0x2a81	0x2a6cB0x2c4aB0x1d7d
0x2a83	0x2a6cB0x2c4aB0x999
0x2a83	0x2a6cB0x2c27B0x126e
0x2a83	0x2a6cB0x2c4aB0x1d7d
0x2a85	0x2a6cB0x2c4aB0x999
0x2a85	0x2a6cB0x2c27B0x126e
0x2a85	0x2a6cB0x2c4aB0x1d7d
0x2a86	0x2a6cB0x2c4aB0x999
0x2a86	0x2a6cB0x2c27B0x126e
0x2a86	0x2a6cB0x2c4aB0x1d7d
0x2a89	0x2a6cB0x2c4aB0x999
0x2a89	0x2a6cB0x2c27B0x126e
0x2a89	0x2a6cB0x2c4aB0x1d7d
0x2a8a	0x2a6cB0x2c4aB0x999
0x2a8a	0x2a6cB0x2c27B0x126e
0x2a8a	0x2a6cB0x2c4aB0x1d7d
0x2a8c	0x2a6cB0x2c4aB0x999
0x2a8c	0x2a6cB0x2c27B0x126e
0x2a8c	0x2a6cB0x2c4aB0x1d7d
0x2a8d	0x2a6cB0x2c4aB0x999
0x2a8d	0x2a6cB0x2c27B0x126e
0x2a8d	0x2a6cB0x2c4aB0x1d7d
0x2a97	0x2a96B0x21ea
0x2a97	0x2a96B0x419
0x2a9a	0x2a96B0x21ea
0x2a9a	0x2a96B0x419
0x2aa2	0x2a9fB0x21ea
0x2aa2	0x2a9fB0x419
0x2aa3	0x2a9fB0x21ea
0x2aa3	0x2a9fB0x419
0x2aa4	0x2a9fB0x21ea
0x2aa4	0x2a9fB0x419
0x2aa8	0x2aa8B0x21ea
0x2aa8	0x2aa8B0x419
0x2aac	0x2aa8B0x21ea
0x2aac	0x2aa8B0x419
0x2aae	0x2aa8B0x21ea
0x2aae	0x2aa8B0x419
0x2aaf	0x2aa8B0x21ea
0x2aaf	0x2aa8B0x419
0x2ab2	0x2aa8B0x21ea
0x2ab2	0x2aa8B0x419
0x2ab4	0x2aa8B0x21ea
0x2ab4	0x2aa8B0x419
0x2ab6	0x2aa8B0x21ea
0x2ab6	0x2aa8B0x419
0x2ab7	0x2aa8B0x21ea
0x2ab7	0x2aa8B0x419
0x2abe	0x2abbB0x21ea
0x2abe	0x2abbB0x419
0x2abf	0x2abbB0x21ea
0x2abf	0x2abbB0x419
0x2ac0	0x2abbB0x21ea
0x2ac0	0x2abbB0x419
0x2ac5	0x2ac4B0x21ea
0x2ac5	0x2ac4B0x419
0x2ac9	0x2ac4B0x21ea
0x2ac9	0x2ac4B0x419
0x2aca	0x2ac4B0x21ea
0x2aca	0x2ac4B0x419
0x2ace	0x2accB0x21ea
0x2ace	0x2accB0x419
0x2ad0	0x2accB0x21ea
0x2ad0	0x2accB0x419
0x2ad1	0x2accB0x21ea
0x2ad1	0x2accB0x419
0x2ad3	0x2accB0x21ea
0x2ad3	0x2accB0x419
0x2ad4	0x2accB0x21ea
0x2ad4	0x2accB0x419
0x2ad8	0x2accB0x21ea
0x2ad8	0x2accB0x419
0x2ad9	0x2accB0x21ea
0x2ad9	0x2accB0x419
0x2adb	0x2accB0x21ea
0x2adb	0x2accB0x419
0x2b0e	0x2b0dB0x1e33
0x2b0e	0x2b0dB0xfd8
0x2b0e	0x2b0dB0x1011
0x2b0e	0x2b0dB0x1e4d
0x2b0e	0x2b0dB0x1e79
0x2b0e	0x2b0dB0x20f6
0x2b0e	0x2b0dB0x15acB0x5c2
0x2b1c	0x2b0dB0x1e33
0x2b1c	0x2b0dB0xfd8
0x2b1c	0x2b0dB0x1011
0x2b1c	0x2b0dB0x1e4d
0x2b1c	0x2b0dB0x1e79
0x2b1c	0x2b0dB0x20f6
0x2b1c	0x2b0dB0x15acB0x5c2
0x2b1e	0x2b0dB0x1e33
0x2b1e	0x2b0dB0xfd8
0x2b1e	0x2b0dB0x1011
0x2b1e	0x2b0dB0x1e4d
0x2b1e	0x2b0dB0x1e79
0x2b1e	0x2b0dB0x20f6
0x2b1e	0x2b0dB0x15acB0x5c2
0x2b21	0x2b0dB0x1e33
0x2b21	0x2b0dB0xfd8
0x2b21	0x2b0dB0x1011
0x2b21	0x2b0dB0x1e4d
0x2b21	0x2b0dB0x1e79
0x2b21	0x2b0dB0x20f6
0x2b21	0x2b0dB0x15acB0x5c2
0x2b23	0x2b0dB0x1e33
0x2b23	0x2b0dB0xfd8
0x2b23	0x2b0dB0x1011
0x2b23	0x2b0dB0x1e4d
0x2b23	0x2b0dB0x1e79
0x2b23	0x2b0dB0x20f6
0x2b23	0x2b0dB0x15acB0x5c2
0x2b27	0x2b26B0x176a
0x2b27	0x2b26B0x1fb1
0x2b27	0x2b26B0x17c5
0x2b27	0x2b26B0x17f0
0x2b27	0x2b26B0x1a5b
0x2b27	0x2b26B0x1a87
0x2b27	0x2b26B0x1f36
0x2b27	0x2b26B0x1478B0x520
0x2b34	0x2b26B0x176a
0x2b34	0x2b26B0x1fb1
0x2b34	0x2b26B0x17c5
0x2b34	0x2b26B0x17f0
0x2b34	0x2b26B0x1a5b
0x2b34	0x2b26B0x1a87
0x2b34	0x2b26B0x1f36
0x2b34	0x2b26B0x1478B0x520
0x2b36	0x2b26B0x176a
0x2b36	0x2b26B0x1fb1
0x2b36	0x2b26B0x17c5
0x2b36	0x2b26B0x17f0
0x2b36	0x2b26B0x1a5b
0x2b36	0x2b26B0x1a87
0x2b36	0x2b26B0x1f36
0x2b36	0x2b26B0x1478B0x520
0x2b39	0x2b26B0x176a
0x2b39	0x2b26B0x1fb1
0x2b39	0x2b26B0x17c5
0x2b39	0x2b26B0x17f0
0x2b39	0x2b26B0x1a5b
0x2b39	0x2b26B0x1a87
0x2b39	0x2b26B0x1f36
0x2b39	0x2b26B0x1478B0x520
0x2b3b	0x2b26B0x176a
0x2b3b	0x2b26B0x1fb1
0x2b3b	0x2b26B0x17c5
0x2b3b	0x2b26B0x17f0
0x2b3b	0x2b26B0x1a5b
0x2b3b	0x2b26B0x1a87
0x2b3b	0x2b26B0x1f36
0x2b3b	0x2b26B0x1478B0x520
0x2b3f	0x2b3eB0x314cd
0x2b3f	0x2b3eB0x316ca
0x2b3f	0x2b3eB0x31717
0x2b3f	0x2b3eB0x2129B0x628
0x2b3f	0x2b3eB0x21a4B0x8c7
0x2b3f	0x2b3eB0x1691B0x66c
0x2b3f	0x2b3eB0x1789B0x701
0x2b41	0x2b3eB0x314cd
0x2b41	0x2b3eB0x316ca
0x2b41	0x2b3eB0x31717
0x2b41	0x2b3eB0x2129B0x628
0x2b41	0x2b3eB0x21a4B0x8c7
0x2b41	0x2b3eB0x1691B0x66c
0x2b41	0x2b3eB0x1789B0x701
0x2b43	0x2b3eB0x314cd
0x2b43	0x2b3eB0x316ca
0x2b43	0x2b3eB0x31717
0x2b43	0x2b3eB0x2129B0x628
0x2b43	0x2b3eB0x21a4B0x8c7
0x2b43	0x2b3eB0x1691B0x66c
0x2b43	0x2b3eB0x1789B0x701
0x2b45	0x2b3eB0x314cd
0x2b45	0x2b3eB0x316ca
0x2b45	0x2b3eB0x31717
0x2b45	0x2b3eB0x2129B0x628
0x2b45	0x2b3eB0x21a4B0x8c7
0x2b45	0x2b3eB0x1691B0x66c
0x2b45	0x2b3eB0x1789B0x701
0x2b46	0x2b3eB0x314cd
0x2b46	0x2b3eB0x316ca
0x2b46	0x2b3eB0x31717
0x2b46	0x2b3eB0x2129B0x628
0x2b46	0x2b3eB0x21a4B0x8c7
0x2b46	0x2b3eB0x1691B0x66c
0x2b46	0x2b3eB0x1789B0x701
0x2b4a	0x2b3eB0x314cd
0x2b4a	0x2b3eB0x316ca
0x2b4a	0x2b3eB0x31717
0x2b4a	0x2b3eB0x2129B0x628
0x2b4a	0x2b3eB0x21a4B0x8c7
0x2b4a	0x2b3eB0x1691B0x66c
0x2b4a	0x2b3eB0x1789B0x701
0x2b4d	0x2b3eB0x314cd
0x2b4d	0x2b3eB0x316ca
0x2b4d	0x2b3eB0x31717
0x2b4d	0x2b3eB0x2129B0x628
0x2b4d	0x2b3eB0x21a4B0x8c7
0x2b4d	0x2b3eB0x1691B0x66c
0x2b4d	0x2b3eB0x1789B0x701
0x2b4f	0x2b3eB0x314cd
0x2b4f	0x2b3eB0x316ca
0x2b4f	0x2b3eB0x31717
0x2b4f	0x2b3eB0x2129B0x628
0x2b4f	0x2b3eB0x21a4B0x8c7
0x2b4f	0x2b3eB0x1691B0x66c
0x2b4f	0x2b3eB0x1789B0x701
0x2b91	0x2b8fB0x31521
0x2b91	0x2b8fB0x31596
0x2b91	0x2b8fB0x31604
0x2b91	0x2b8fB0x31651
0x2b91	0x2b8fB0x31764
0x2b92	0x2b8fB0x31521
0x2b92	0x2b8fB0x31596
0x2b92	0x2b8fB0x31604
0x2b92	0x2b8fB0x31651
0x2b92	0x2b8fB0x31764
0x2b95	0x2b8fB0x31521
0x2b95	0x2b8fB0x31596
0x2b95	0x2b8fB0x31604
0x2b95	0x2b8fB0x31651
0x2b95	0x2b8fB0x31764
0x2b97	0x2b8fB0x31521
0x2b97	0x2b8fB0x31596
0x2b97	0x2b8fB0x31604
0x2b97	0x2b8fB0x31651
0x2b97	0x2b8fB0x31764
0x2b9e	0x2b9aB0x312a1
0x2b9e	0x2b9aB0x31316
0x2b9e	0x2b9aB0x31363
0x2b9e	0x2b9aB0x3167d
0x2b9e	0x2b9aB0x317b4
0x2b9e	0x2b9aB0x31801
0x2b9e	0x2b9aB0x3184e
0x2b9e	0x2b9aB0x318ca
0x2b9e	0x2b9aB0x318f6
0x2b9e	0x2b9aB0x31922
0x2b9e	0x2b9aB0x319b1
0x2b9e	0x2b9aB0x319fe
0x2b9e	0x2b9aB0x31a2a
0x2b9e	0x2b9aB0xebeB0x374
0x2ba0	0x2b9aB0x312a1
0x2ba0	0x2b9aB0x31316
0x2ba0	0x2b9aB0x31363
0x2ba0	0x2b9aB0x3167d
0x2ba0	0x2b9aB0x317b4
0x2ba0	0x2b9aB0x31801
0x2ba0	0x2b9aB0x3184e
0x2ba0	0x2b9aB0x318ca
0x2ba0	0x2b9aB0x318f6
0x2ba0	0x2b9aB0x31922
0x2ba0	0x2b9aB0x319b1
0x2ba0	0x2b9aB0x319fe
0x2ba0	0x2b9aB0x31a2a
0x2ba0	0x2b9aB0xebeB0x374
0x2bf4	0x2bf0B0xafc
0x2bf4	0x2bf0B0x1304
0x2bf4	0x2bf0B0xf21B0x374
0x2bf4	0x2bf0B0xdadB0x374
0x2bf7	0x2bf0B0xafc
0x2bf7	0x2bf0B0x1304
0x2bf7	0x2bf0B0xf21B0x374
0x2bf7	0x2bf0B0xdadB0x374
0x2bf9	0x2bf0B0xafc
0x2bf9	0x2bf0B0x1304
0x2bf9	0x2bf0B0xf21B0x374
0x2bf9	0x2bf0B0xdadB0x374
0x2bfb	0x2bf0B0xafc
0x2bfb	0x2bf0B0x1304
0x2bfb	0x2bf0B0xf21B0x374
0x2bfb	0x2bf0B0xdadB0x374
0x2c9a	0x2c99B0x21ea
0x2c9a	0x2c99B0x419
0x2c9c	0x2c99B0x21ea
0x2c9c	0x2c99B0x419
0x2ca0	0x2c99B0x21ea
0x2ca0	0x2c99B0x419
0x2ca3	0x2c99B0x21ea
0x2ca3	0x2c99B0x419
0x2ca6	0x2c99B0x21ea
0x2ca6	0x2c99B0x419
0x2ca8	0x2c99B0x21ea
0x2ca8	0x2c99B0x419
0x2d14	0x2d13B0x16f6B0x68c
0x2d19	0x2d13B0x16f6B0x68c
0x2d1d	0x2d13B0x16f6B0x68c
0x2d1f	0x2d13B0x16f6B0x68c
0x2d40	0x2d13B0x16f6B0x68c
0x2d43	0x2d13B0x16f6B0x68c
0x2d45	0x2d13B0x16f6B0x68c
0x2d48	0x2d13B0x16f6B0x68c
0x2d4a	0x2d13B0x16f6B0x68c
0x2d4b	0x2d13B0x16f6B0x68c
0x2d4e	0x2d13B0x16f6B0x68c
0x2d50	0x2d13B0x16f6B0x68c
0x2d52	0x2d13B0x16f6B0x68c
0x2e42	0x2e41B0x219cB0x8c7
0x2e47	0x2e41B0x219cB0x8c7
0x2e4b	0x2e41B0x219cB0x8c7
0x2e4d	0x2e41B0x219cB0x8c7
0x2e62	0x2e41B0x219cB0x8c7
0x2e64	0x2e41B0x219cB0x8c7
0x2e65	0x2e41B0x219cB0x8c7
0x2e68	0x2e41B0x219cB0x8c7
0x2e6a	0x2e41B0x219cB0x8c7
0x2e6c	0x2e41B0x219cB0x8c7
0x2f7c	0x2f7bB0x92b
0x2f7c	0x2f7bB0x1b77
0x2f83	0x2f7bB0x92b
0x2f83	0x2f7bB0x1b77
0x2f85	0x2f7bB0x92b
0x2f85	0x2f7bB0x1b77
0x2fa6	0x2f7bB0x92b
0x2fa6	0x2f7bB0x1b77
0x2fa9	0x2f7bB0x92b
0x2fa9	0x2f7bB0x1b77
0x2fab	0x2f7bB0x92b
0x2fab	0x2f7bB0x1b77
0x2fad	0x2f7bB0x92b
0x2fad	0x2f7bB0x1b77
0x3036	0x3035B0x8d0
0x3036	0x3035B0x1b24
0x3036	0x3035B0x115d
0x3036	0x3035B0x2121B0x628
0x3036	0x3035B0xb69B0x374
0x303b	0x3035B0x8d0
0x303b	0x3035B0x1b24
0x303b	0x3035B0x115d
0x303b	0x3035B0x2121B0x628
0x303b	0x3035B0xb69B0x374
0x303f	0x3035B0x8d0
0x303f	0x3035B0x1b24
0x303f	0x3035B0x115d
0x303f	0x3035B0x2121B0x628
0x303f	0x3035B0xb69B0x374
0x3041	0x3035B0x8d0
0x3041	0x3035B0x1b24
0x3041	0x3035B0x115d
0x3041	0x3035B0x2121B0x628
0x3041	0x3035B0xb69B0x374
0x3052	0x3035B0x8d0
0x3052	0x3035B0x1b24
0x3052	0x3035B0x115d
0x3052	0x3035B0x2121B0x628
0x3052	0x3035B0xb69B0x374
0x3054	0x3035B0x8d0
0x3054	0x3035B0x1b24
0x3054	0x3035B0x115d
0x3054	0x3035B0x2121B0x628
0x3054	0x3035B0xb69B0x374
0x3055	0x3035B0x8d0
0x3055	0x3035B0x1b24
0x3055	0x3035B0x115d
0x3055	0x3035B0x2121B0x628
0x3055	0x3035B0xb69B0x374
0x3058	0x3035B0x8d0
0x3058	0x3035B0x1b24
0x3058	0x3035B0x115d
0x3058	0x3035B0x2121B0x628
0x3058	0x3035B0xb69B0x374
0x305a	0x3035B0x8d0
0x305a	0x3035B0x1b24
0x305a	0x3035B0x115d
0x305a	0x3035B0x2121B0x628
0x305a	0x3035B0xb69B0x374
0x305c	0x3035B0x8d0
0x305c	0x3035B0x1b24
0x305c	0x3035B0x115d
0x305c	0x3035B0x2121B0x628
0x305c	0x3035B0xb69B0x374
0x33ea	0x33e9B0x2bfe
0x33ea	0x33e9B0x339b
0x33ed	0x33e9B0x2bfe
0x33ed	0x33e9B0x339b
0x33ee	0x33e9B0x2bfe
0x33ee	0x33e9B0x339b
0x33f4	0x33f3B0x2657
0x33f4	0x33f3B0x2662
0x33f4	0x33f3B0x2672
0x33f4	0x33f3B0x27f4B0x3a5
0x33f4	0x33f3B0x25dcB0x3c5
0x33f4	0x33f3B0x27f4B0x3e5
0x33f4	0x33f3B0x25dcB0x511
0x33f4	0x33f3B0x26ebB0x53e
0x33f4	0x33f3B0x26f6B0x53e
0x33f4	0x33f3B0x25dcB0x573
0x33f4	0x33f3B0x25dcB0x5b3
0x33f4	0x33f3B0xec96eB0x5f3
0x33f4	0x33f3B0x261cB0x65d
0x33f4	0x33f3B0x2627B0x65d
0x33f4	0x33f3B0x27f4B0x6bd
0x33f4	0x33f3B0x261cB0x6f2
0x33f4	0x33f3B0x2627B0x6f2
0x33f4	0x33f3B0x25dcB0x727
0x33f4	0x33f3B0x26a6B0x7f5
0x33f4	0x33f3B0xec869B0x7f5
0x33f4	0x33f3B0x25dcB0x815
0x33f4	0x33f3B0x27f4B0x835
0x33f4	0x33f3B0x25dcB0x8a7
0x33f4	0x33f3B0x25ffB0x1c05
0x33f4	0x33f3B0x25dcB0x136cB0x461
0x33f6	0x33f3B0x2657
0x33f6	0x33f3B0x2662
0x33f6	0x33f3B0x2672
0x33f6	0x33f3B0x27f4B0x3a5
0x33f6	0x33f3B0x25dcB0x3c5
0x33f6	0x33f3B0x27f4B0x3e5
0x33f6	0x33f3B0x25dcB0x511
0x33f6	0x33f3B0x26ebB0x53e
0x33f6	0x33f3B0x26f6B0x53e
0x33f6	0x33f3B0x25dcB0x573
0x33f6	0x33f3B0x25dcB0x5b3
0x33f6	0x33f3B0xec96eB0x5f3
0x33f6	0x33f3B0x261cB0x65d
0x33f6	0x33f3B0x2627B0x65d
0x33f6	0x33f3B0x27f4B0x6bd
0x33f6	0x33f3B0x261cB0x6f2
0x33f6	0x33f3B0x2627B0x6f2
0x33f6	0x33f3B0x25dcB0x727
0x33f6	0x33f3B0x26a6B0x7f5
0x33f6	0x33f3B0xec869B0x7f5
0x33f6	0x33f3B0x25dcB0x815
0x33f6	0x33f3B0x27f4B0x835
0x33f6	0x33f3B0x25dcB0x8a7
0x33f6	0x33f3B0x25ffB0x1c05
0x33f6	0x33f3B0x25dcB0x136cB0x461
0x33f8	0x33f3B0x2657
0x33f8	0x33f3B0x2662
0x33f8	0x33f3B0x2672
0x33f8	0x33f3B0x27f4B0x3a5
0x33f8	0x33f3B0x25dcB0x3c5
0x33f8	0x33f3B0x27f4B0x3e5
0x33f8	0x33f3B0x25dcB0x511
0x33f8	0x33f3B0x26ebB0x53e
0x33f8	0x33f3B0x26f6B0x53e
0x33f8	0x33f3B0x25dcB0x573
0x33f8	0x33f3B0x25dcB0x5b3
0x33f8	0x33f3B0xec96eB0x5f3
0x33f8	0x33f3B0x261cB0x65d
0x33f8	0x33f3B0x2627B0x65d
0x33f8	0x33f3B0x27f4B0x6bd
0x33f8	0x33f3B0x261cB0x6f2
0x33f8	0x33f3B0x2627B0x6f2
0x33f8	0x33f3B0x25dcB0x727
0x33f8	0x33f3B0x26a6B0x7f5
0x33f8	0x33f3B0xec869B0x7f5
0x33f8	0x33f3B0x25dcB0x815
0x33f8	0x33f3B0x27f4B0x835
0x33f8	0x33f3B0x25dcB0x8a7
0x33f8	0x33f3B0x25ffB0x1c05
0x33f8	0x33f3B0x25dcB0x136cB0x461
0x33fa	0x33f3B0x2657
0x33fa	0x33f3B0x2662
0x33fa	0x33f3B0x2672
0x33fa	0x33f3B0x27f4B0x3a5
0x33fa	0x33f3B0x25dcB0x3c5
0x33fa	0x33f3B0x27f4B0x3e5
0x33fa	0x33f3B0x25dcB0x511
0x33fa	0x33f3B0x26ebB0x53e
0x33fa	0x33f3B0x26f6B0x53e
0x33fa	0x33f3B0x25dcB0x573
0x33fa	0x33f3B0x25dcB0x5b3
0x33fa	0x33f3B0xec96eB0x5f3
0x33fa	0x33f3B0x261cB0x65d
0x33fa	0x33f3B0x2627B0x65d
0x33fa	0x33f3B0x27f4B0x6bd
0x33fa	0x33f3B0x261cB0x6f2
0x33fa	0x33f3B0x2627B0x6f2
0x33fa	0x33f3B0x25dcB0x727
0x33fa	0x33f3B0x26a6B0x7f5
0x33fa	0x33f3B0xec869B0x7f5
0x33fa	0x33f3B0x25dcB0x815
0x33fa	0x33f3B0x27f4B0x835
0x33fa	0x33f3B0x25dcB0x8a7
0x33fa	0x33f3B0x25ffB0x1c05
0x33fa	0x33f3B0x25dcB0x136cB0x461
0x33fb	0x33f3B0x2657
0x33fb	0x33f3B0x2662
0x33fb	0x33f3B0x2672
0x33fb	0x33f3B0x27f4B0x3a5
0x33fb	0x33f3B0x25dcB0x3c5
0x33fb	0x33f3B0x27f4B0x3e5
0x33fb	0x33f3B0x25dcB0x511
0x33fb	0x33f3B0x26ebB0x53e
0x33fb	0x33f3B0x26f6B0x53e
0x33fb	0x33f3B0x25dcB0x573
0x33fb	0x33f3B0x25dcB0x5b3
0x33fb	0x33f3B0xec96eB0x5f3
0x33fb	0x33f3B0x261cB0x65d
0x33fb	0x33f3B0x2627B0x65d
0x33fb	0x33f3B0x27f4B0x6bd
0x33fb	0x33f3B0x261cB0x6f2
0x33fb	0x33f3B0x2627B0x6f2
0x33fb	0x33f3B0x25dcB0x727
0x33fb	0x33f3B0x26a6B0x7f5
0x33fb	0x33f3B0xec869B0x7f5
0x33fb	0x33f3B0x25dcB0x815
0x33fb	0x33f3B0x27f4B0x835
0x33fb	0x33f3B0x25dcB0x8a7
0x33fb	0x33f3B0x25ffB0x1c05
0x33fb	0x33f3B0x25dcB0x136cB0x461
0x33fd	0x33f3B0x2657
0x33fd	0x33f3B0x2662
0x33fd	0x33f3B0x2672
0x33fd	0x33f3B0x27f4B0x3a5
0x33fd	0x33f3B0x25dcB0x3c5
0x33fd	0x33f3B0x27f4B0x3e5
0x33fd	0x33f3B0x25dcB0x511
0x33fd	0x33f3B0x26ebB0x53e
0x33fd	0x33f3B0x26f6B0x53e
0x33fd	0x33f3B0x25dcB0x573
0x33fd	0x33f3B0x25dcB0x5b3
0x33fd	0x33f3B0xec96eB0x5f3
0x33fd	0x33f3B0x261cB0x65d
0x33fd	0x33f3B0x2627B0x65d
0x33fd	0x33f3B0x27f4B0x6bd
0x33fd	0x33f3B0x261cB0x6f2
0x33fd	0x33f3B0x2627B0x6f2
0x33fd	0x33f3B0x25dcB0x727
0x33fd	0x33f3B0x26a6B0x7f5
0x33fd	0x33f3B0xec869B0x7f5
0x33fd	0x33f3B0x25dcB0x815
0x33fd	0x33f3B0x27f4B0x835
0x33fd	0x33f3B0x25dcB0x8a7
0x33fd	0x33f3B0x25ffB0x1c05
0x33fd	0x33f3B0x25dcB0x136cB0x461
0x33ff	0x33f3B0x2657
0x33ff	0x33f3B0x2662
0x33ff	0x33f3B0x2672
0x33ff	0x33f3B0x27f4B0x3a5
0x33ff	0x33f3B0x25dcB0x3c5
0x33ff	0x33f3B0x27f4B0x3e5
0x33ff	0x33f3B0x25dcB0x511
0x33ff	0x33f3B0x26ebB0x53e
0x33ff	0x33f3B0x26f6B0x53e
0x33ff	0x33f3B0x25dcB0x573
0x33ff	0x33f3B0x25dcB0x5b3
0x33ff	0x33f3B0xec96eB0x5f3
0x33ff	0x33f3B0x261cB0x65d
0x33ff	0x33f3B0x2627B0x65d
0x33ff	0x33f3B0x27f4B0x6bd
0x33ff	0x33f3B0x261cB0x6f2
0x33ff	0x33f3B0x2627B0x6f2
0x33ff	0x33f3B0x25dcB0x727
0x33ff	0x33f3B0x26a6B0x7f5
0x33ff	0x33f3B0xec869B0x7f5
0x33ff	0x33f3B0x25dcB0x815
0x33ff	0x33f3B0x27f4B0x835
0x33ff	0x33f3B0x25dcB0x8a7
0x33ff	0x33f3B0x25ffB0x1c05
0x33ff	0x33f3B0x25dcB0x136cB0x461
0x3400	0x33f3B0x2657
0x3400	0x33f3B0x2662
0x3400	0x33f3B0x2672
0x3400	0x33f3B0x27f4B0x3a5
0x3400	0x33f3B0x25dcB0x3c5
0x3400	0x33f3B0x27f4B0x3e5
0x3400	0x33f3B0x25dcB0x511
0x3400	0x33f3B0x26ebB0x53e
0x3400	0x33f3B0x26f6B0x53e
0x3400	0x33f3B0x25dcB0x573
0x3400	0x33f3B0x25dcB0x5b3
0x3400	0x33f3B0xec96eB0x5f3
0x3400	0x33f3B0x261cB0x65d
0x3400	0x33f3B0x2627B0x65d
0x3400	0x33f3B0x27f4B0x6bd
0x3400	0x33f3B0x261cB0x6f2
0x3400	0x33f3B0x2627B0x6f2
0x3400	0x33f3B0x25dcB0x727
0x3400	0x33f3B0x26a6B0x7f5
0x3400	0x33f3B0xec869B0x7f5
0x3400	0x33f3B0x25dcB0x815
0x3400	0x33f3B0x27f4B0x835
0x3400	0x33f3B0x25dcB0x8a7
0x3400	0x33f3B0x25ffB0x1c05
0x3400	0x33f3B0x25dcB0x136cB0x461
0x3404	0x3404B0x2657
0x3404	0x3404B0x2662
0x3404	0x3404B0x2672
0x3404	0x3404B0x27f4B0x3a5
0x3404	0x3404B0x25dcB0x3c5
0x3404	0x3404B0x27f4B0x3e5
0x3404	0x3404B0x25dcB0x511
0x3404	0x3404B0x26ebB0x53e
0x3404	0x3404B0x26f6B0x53e
0x3404	0x3404B0x25dcB0x573
0x3404	0x3404B0x25dcB0x5b3
0x3404	0x3404B0xec96eB0x5f3
0x3404	0x3404B0x261cB0x65d
0x3404	0x3404B0x2627B0x65d
0x3404	0x3404B0x27f4B0x6bd
0x3404	0x3404B0x261cB0x6f2
0x3404	0x3404B0x2627B0x6f2
0x3404	0x3404B0x25dcB0x727
0x3404	0x3404B0x26a6B0x7f5
0x3404	0x3404B0xec869B0x7f5
0x3404	0x3404B0x25dcB0x815
0x3404	0x3404B0x27f4B0x835
0x3404	0x3404B0x25dcB0x8a7
0x3404	0x3404B0x25ffB0x1c05
0x3404	0x3404B0x25dcB0x136cB0x461
0x3409	0x3408B0x270dB0x53e
0x3409	0x3408B0x271dB0x53e
0x340b	0x3408B0x270dB0x53e
0x340b	0x3408B0x271dB0x53e
0x340d	0x3408B0x270dB0x53e
0x340d	0x3408B0x271dB0x53e
0x340f	0x3408B0x270dB0x53e
0x340f	0x3408B0x271dB0x53e
0x3410	0x3408B0x270dB0x53e
0x3410	0x3408B0x271dB0x53e
0x3411	0x3408B0x270dB0x53e
0x3411	0x3408B0x271dB0x53e
0x3413	0x3408B0x270dB0x53e
0x3413	0x3408B0x271dB0x53e
0x3415	0x3408B0x270dB0x53e
0x3415	0x3408B0x271dB0x53e
0x3416	0x3408B0x270dB0x53e
0x3416	0x3408B0x271dB0x53e
0x341a	0x341aB0x270dB0x53e
0x341a	0x341aB0x271dB0x53e
0x341f	0x341eB0x2896
0x341f	0x341eB0x28c3B0x5f3
0x3421	0x341eB0x2896
0x3421	0x341eB0x28c3B0x5f3
0x3423	0x341eB0x2896
0x3423	0x341eB0x28c3B0x5f3
0x3425	0x341eB0x2896
0x3425	0x341eB0x28c3B0x5f3
0x3426	0x341eB0x2896
0x3426	0x341eB0x28c3B0x5f3
0x3428	0x341eB0x2896
0x3428	0x341eB0x28c3B0x5f3
0x342a	0x341eB0x2896
0x342a	0x341eB0x28c3B0x5f3
0x342b	0x341eB0x2896
0x342b	0x341eB0x28c3B0x5f3
0x342f	0x342fB0x2896
0x342f	0x342fB0x28c3B0x5f3
0x12510	0x1531B0x55e
0x17510	0x2a29B0x334e
0x17510	0x2a29B0x337e
0x17f10	0x2a96B0x21ea
0x17f10	0x2a96B0x419
0x18910	0x2ac4B0x21ea
0x18910	0x2ac4B0x419
0x87e86	0x87e85B0x8d0
0x87e86	0x87e85B0x1b24
0x87e86	0x87e85B0x115d
0x87e86	0x87e85B0x2121B0x628
0x87e86	0x87e85B0xb69B0x374
0x87e88	0x87e85B0x8d0
0x87e88	0x87e85B0x1b24
0x87e88	0x87e85B0x115d
0x87e88	0x87e85B0x2121B0x628
0x87e88	0x87e85B0xb69B0x374
0x87e8b	0x87e85B0x8d0
0x87e8b	0x87e85B0x1b24
0x87e8b	0x87e85B0x115d
0x87e8b	0x87e85B0x2121B0x628
0x87e8b	0x87e85B0xb69B0x374
0xab147	0x9994bB0x16f6B0x68c
0xc947f	0xbc9c3B0x19abB0x7e4
0xec589	0xec588B0x16f6B0x68c
0xec58b	0xec588B0x16f6B0x68c
0xec58e	0xec588B0x16f6B0x68c
0xec5d2	0xec5d1B0x219cB0x8c7
0xec5d4	0xec5d1B0x219cB0x8c7
0xec5d7	0xec5d1B0x219cB0x8c7
0x10fa07	0xfe20bB0x21ea
0x10fa07	0xfe20bB0x419
0x1efa	0x1ee4B0x8d0
0x1efa	0x1ee4B0x1b24
0x1efa	0x1ee4B0x115d
0x1efa	0x1ee4B0x2121B0x628
0x1efa	0x1ee4B0xb69B0x374
0x217b	0x2170B0x16f6B0x68c
0x219b	0x2191B0x19abB0x7e4
0x2256	0x2240B0x16f6B0x68c
0x2278	0x2266B0x16f6B0x68c
0x2294	0x2291B0x19abB0x7e4
0x22b6	0x22a0B0x219cB0x8c7
0x23bc	0x2381B0x221fB0x2076
0x23c6	0x23bdB0x221fB0x2076
0x24f7	0x24edB0x24deB0x2435B0x942
0x24f7	0x24edB0x24deB0x2435B0x1d25
0x251b	0x2507B0x24f8B0x249aB0xc74B0x374
0x251b	0x2507B0x24f8B0x249aB0xd1dB0x374
0x2a60	0x2a45B0x334e
0x2a60	0x2a45B0x337e
0x2aba	0x2aa8B0x21ea
0x2aba	0x2aa8B0x419
0x2ae0	0x2accB0x21ea
0x2ae0	0x2accB0x419
0x2cab	0x2c99B0x21ea
0x2cab	0x2c99B0x419
0x2d54	0x2d13B0x16f6B0x68c
0x2e6e	0x2e41B0x219cB0x8c7
0x305e	0x3035B0x8d0
0x305e	0x3035B0x1b24
0x305e	0x3035B0x115d
0x305e	0x3035B0x2121B0x628
0x305e	0x3035B0xb69B0x374
0x12530	0x1531B0x55e
0x17530	0x2a29B0x334e
0x17530	0x2a29B0x337e
0x17f30	0x2a96B0x21ea
0x17f30	0x2a96B0x419
0x18930	0x2ac4B0x21ea
0x18930	0x2ac4B0x419
0xab167	0x9994bB0x16f6B0x68c
0xc949f	0xbc9c3B0x19abB0x7e4
0x10fa27	0xfe20bB0x21ea
0x10fa27	0xfe20bB0x419
0x1ee3	0x1ed8B0x8d0
0x1ee3	0x1ed8B0x1b24
0x1ee3	0x1ed8B0x115d
0x1ee3	0x1ed8B0x2121B0x628
0x1ee3	0x1ed8B0xb69B0x374
0x223f	0x2234B0x16f6B0x68c
0x2264	0x2257B0x16f6B0x68c
0x229f	0x2295B0x219cB0x8c7
0x2318	0x2301B0x221fB0x2076
0x2332	0x2319B0x221fB0x2076
0x234f	0x2334B0x221fB0x2076
0x237f	0x2351B0x221fB0x2076
0x24ec	0x24e4B0x24deB0x2435B0x942
0x24ec	0x24e4B0x24deB0x2435B0x1d25
0x2506	0x24feB0x24f8B0x249aB0xc74B0x374
0x2506	0x24feB0x24f8B0x249aB0xd1dB0x374
0x2529	0x251cB0x276dB0x452
0x2529	0x251cB0x2791B0x452
0x253f	0x252dB0x276dB0x452
0x253f	0x252dB0x2791B0x452
0x2558	0x2543B0x276dB0x452
0x2558	0x2543B0x2791B0x452
0x2571	0x2564B0x2a0b
0x2571	0x2564B0x2929B0x2ce
0x2571	0x2564B0x2929B0x85e
0x2587	0x2575B0x2a0b
0x2587	0x2575B0x2929B0x2ce
0x2587	0x2575B0x2929B0x85e
0x259e	0x258bB0x2a0b
0x259e	0x258bB0x2929B0x2ce
0x259e	0x258bB0x2929B0x85e
0x25b5	0x25a3B0x29e2
0x25b5	0x25a3B0x2953B0x325
0x25b5	0x25a3B0x2862B0x405
0x25b5	0x25a3B0x2953B0x75c
0x25c6	0x25baB0x2987
0x25c6	0x25baB0x29d8
0x25c6	0x25baB0x28dfB0x2ef
0x25c6	0x25baB0x2949B0x325
0x25c6	0x25baB0x28dfB0x345
0x25c6	0x25baB0x286cB0x405
0x25c6	0x25baB0x28dfB0x472
0x25c6	0x25baB0x2949B0x75c
0x25c6	0x25baB0x28feB0x2ce
0x25c6	0x25baB0x28feB0x85e
0x27b7	0x27aaB0x1d01
0x27c6	0x27bbB0x1d01
0x27d7	0x27caB0x385
0x27d7	0x27caB0x49f
0x27d7	0x27caB0x63d
0x27d7	0x27caB0x69d
0x27d7	0x27caB0x7d5
0x2835	0x2827B0x593
0x284c	0x2839B0x593
0x2a44	0x2a3cB0x334e
0x2a44	0x2a3cB0x337e
0x2aa7	0x2a9fB0x21ea
0x2aa7	0x2a9fB0x419
0x2ac3	0x2abbB0x21ea
0x2ac3	0x2abbB0x419
0x33f1	0x33e9B0x2bfe
0x33f1	0x33e9B0x339b
0x3403	0x33f3B0x2657
0x3403	0x33f3B0x2662
0x3403	0x33f3B0x2672
0x3403	0x33f3B0x27f4B0x3a5
0x3403	0x33f3B0x25dcB0x3c5
0x3403	0x33f3B0x27f4B0x3e5
0x3403	0x33f3B0x25dcB0x511
0x3403	0x33f3B0x26ebB0x53e
0x3403	0x33f3B0x26f6B0x53e
0x3403	0x33f3B0x25dcB0x573
0x3403	0x33f3B0x25dcB0x5b3
0x3403	0x33f3B0xec96eB0x5f3
0x3403	0x33f3B0x261cB0x65d
0x3403	0x33f3B0x2627B0x65d
0x3403	0x33f3B0x27f4B0x6bd
0x3403	0x33f3B0x261cB0x6f2
0x3403	0x33f3B0x2627B0x6f2
0x3403	0x33f3B0x25dcB0x727
0x3403	0x33f3B0x26a6B0x7f5
0x3403	0x33f3B0xec869B0x7f5
0x3403	0x33f3B0x25dcB0x815
0x3403	0x33f3B0x27f4B0x835
0x3403	0x33f3B0x25dcB0x8a7
0x3403	0x33f3B0x25ffB0x1c05
0x3403	0x33f3B0x25dcB0x136cB0x461
0x3419	0x3408B0x270dB0x53e
0x3419	0x3408B0x271dB0x53e
0x342e	0x341eB0x2896
0x342e	0x341eB0x28c3B0x5f3
0x1fdf	0x1fdcB0x209a
0x1fdf	0x1fdcB0xf88
0x1fdf	0x1fdcB0x106f
0x1fdf	0x1fdcB0x1ae4
0x1fdf	0x1fdcB0x2004B0xfc2
0x2290	0x2279B0x217cB0x174cB0x31790
0x2290	0x2279B0x217cB0x174cB0x1f25
0x2290	0x2279B0x217cB0x174cB0x3e722
0x2290	0x2279B0x217cB0x174cB0x3e791
0x2290	0x2279B0x217cB0x174cB0x20e5
0x2290	0x2279B0x217cB0x174cB0x7b0ab
0x2290	0x2279B0x217cB0x174cB0x87c29
0x2290	0x2279B0x217cB0x174cB0x87cab
0x2290	0x2279B0x217cB0x174cB0x87dc1
0x2290	0x2279B0x217cB0x174cB0x87ef5
0x2290	0x2279B0x217cB0x174cB0x997a7
0x2290	0x2279B0x217cB0x174cB0x998ac
0x2290	0x2279B0x217cB0x174cB0x204fB0xfd0
0x2290	0x2279B0x217cB0x174cB0x204fB0x13f6
0x2290	0x2279B0x217cB0x174cB0x4b420B0x520
0x2290	0x2279B0x217cB0x174cB0x57f93B0x5c2
0x2290	0x2279B0x217cB0x174cB0x204fB0x171d
0x2290	0x2279B0x217cB0x174cB0x204fB0x17bd
0x2290	0x2279B0x217cB0x174cB0x204fB0x1a53
0x2290	0x2279B0x217cB0x174cB0x204fB0x1e45
0x2290	0x2279B0x22b7B0x220aB0x1fe0B0xfc2
0x2290	0x2279B0x217cB0x174cB0x204fB0x15bdB0x5e2
0x2290	0x2279B0x217cB0x174cB0x204fB0x134dB0x461
0x2290	0x2279B0x217cB0x174cB0x204fB0x1497B0x54d
0x2290	0x2279B0x217cB0x174cB0x204fB0x153bB0x582
0x2290	0x2279B0x217cB0x174cB0x204fB0x1689B0x66c
0x2290	0x2279B0x217cB0x174cB0x204fB0x1781B0x701
0x2290	0x2279B0x217cB0x174cB0x204fB0x19c2B0x804
0x27e1	0x27dbB0x385
0x27e1	0x27dbB0x49f
0x27e1	0x27dbB0x63d
0x27e1	0x27dbB0x69d
0x27e1	0x27dbB0x7d5
0x2a6b	0x2a61B0x334e
0x2a6b	0x2a61B0x337e
0x2a95	0x2a6cB0x2c4aB0x999
0x2a95	0x2a6cB0x2c27B0x126e
0x2a95	0x2a6cB0x2c4aB0x1d7d
0x2b25	0x2b0dB0x1e33
0x2b25	0x2b0dB0xfd8
0x2b25	0x2b0dB0x1011
0x2b25	0x2b0dB0x1e4d
0x2b25	0x2b0dB0x1e79
0x2b25	0x2b0dB0x20f6
0x2b25	0x2b0dB0x15acB0x5c2
0x2b3d	0x2b26B0x176a
0x2b3d	0x2b26B0x1fb1
0x2b3d	0x2b26B0x17c5
0x2b3d	0x2b26B0x17f0
0x2b3d	0x2b26B0x1a5b
0x2b3d	0x2b26B0x1a87
0x2b3d	0x2b26B0x1f36
0x2b3d	0x2b26B0x1478B0x520
0x2b51	0x2b3eB0x314cd
0x2b51	0x2b3eB0x316ca
0x2b51	0x2b3eB0x31717
0x2b51	0x2b3eB0x2129B0x628
0x2b51	0x2b3eB0x21a4B0x8c7
0x2b51	0x2b3eB0x1691B0x66c
0x2b51	0x2b3eB0x1789B0x701
0x2b99	0x2b8fB0x31521
0x2b99	0x2b8fB0x31596
0x2b99	0x2b8fB0x31604
0x2b99	0x2b8fB0x31651
0x2b99	0x2b8fB0x31764
0x2ba2	0x2b9aB0x312a1
0x2ba2	0x2b9aB0x31316
0x2ba2	0x2b9aB0x31363
0x2ba2	0x2b9aB0x3167d
0x2ba2	0x2b9aB0x317b4
0x2ba2	0x2b9aB0x31801
0x2ba2	0x2b9aB0x3184e
0x2ba2	0x2b9aB0x318ca
0x2ba2	0x2b9aB0x318f6
0x2ba2	0x2b9aB0x31922
0x2ba2	0x2b9aB0x319b1
0x2ba2	0x2b9aB0x319fe
0x2ba2	0x2b9aB0x31a2a
0x2ba2	0x2b9aB0xebeB0x374
0x2bfd	0x2bf0B0xafc
0x2bfd	0x2bf0B0x1304
0x2bfd	0x2bf0B0xf21B0x374
0x2bfd	0x2bf0B0xdadB0x374
0x2faf	0x2f7bB0x92b
0x2faf	0x2f7bB0x1b77
0x87e65	0x87e64B0x8d0
0x87e65	0x87e64B0x1b24
0x87e65	0x87e64B0x115d
0x87e65	0x87e64B0x2121B0x628
0x87e65	0x87e64B0xb69B0x374
0xec5b1	0xec5b0B0x219cB0x8c7
0xec648	0xec643B0x221fB0x2076
0xec66d	0xec668B0x221fB0x2076
0xec6f8	0xec6f5B0x24deB0x2435B0x942
0xec6f8	0xec6f5B0x24deB0x2435B0x1d25
0xec73d	0xec73aB0x24f8B0x249aB0xc74B0x374
0xec73d	0xec73aB0x24f8B0x249aB0xd1dB0x374
0xec763	0xec75dB0x276dB0x452
0xec763	0xec75dB0x2791B0x452
0xec789	0xec783B0x2a0b
0xec789	0xec783B0x2929B0x2ce
0xec789	0xec783B0x2929B0x85e
0xec7ae	0xec7a9B0x29e2
0xec7ae	0xec7a9B0x2953B0x325
0xec7ae	0xec7a9B0x2862B0x405
0xec7ae	0xec7a9B0x2953B0x75c
0xec7d3	0xec7ceB0x2987
0xec7d3	0xec7ceB0x29d8
0xec7d3	0xec7ceB0x28dfB0x2ef
0xec7d3	0xec7ceB0x2949B0x325
0xec7d3	0xec7ceB0x28dfB0x345
0xec7d3	0xec7ceB0x286cB0x405
0xec7d3	0xec7ceB0x28dfB0x472
0xec7d3	0xec7ceB0x2949B0x75c
0xec7d3	0xec7ceB0x28feB0x2ce
0xec7d3	0xec7ceB0x28feB0x85e
0xec8fa	0xec8f4B0x1d01
0xec94e	0xec944B0x593
0x10fa49	0x10fa47B0x2bfe
0x10fa49	0x10fa47B0x339b
0x10fa6b	0x10fa69B0x2657
0x10fa6b	0x10fa69B0x2662
0x10fa6b	0x10fa69B0x2672
0x10fa6b	0x10fa69B0x27f4B0x3a5
0x10fa6b	0x10fa69B0x25dcB0x3c5
0x10fa6b	0x10fa69B0x27f4B0x3e5
0x10fa6b	0x10fa69B0x25dcB0x511
0x10fa6b	0x10fa69B0x26ebB0x53e
0x10fa6b	0x10fa69B0x26f6B0x53e
0x10fa6b	0x10fa69B0x25dcB0x573
0x10fa6b	0x10fa69B0x25dcB0x5b3
0x10fa6b	0x10fa69B0xec96eB0x5f3
0x10fa6b	0x10fa69B0x261cB0x65d
0x10fa6b	0x10fa69B0x2627B0x65d
0x10fa6b	0x10fa69B0x27f4B0x6bd
0x10fa6b	0x10fa69B0x261cB0x6f2
0x10fa6b	0x10fa69B0x2627B0x6f2
0x10fa6b	0x10fa69B0x25dcB0x727
0x10fa6b	0x10fa69B0x26a6B0x7f5
0x10fa6b	0x10fa69B0xec869B0x7f5
0x10fa6b	0x10fa69B0x25dcB0x815
0x10fa6b	0x10fa69B0x27f4B0x835
0x10fa6b	0x10fa69B0x25dcB0x8a7
0x10fa6b	0x10fa69B0x25ffB0x1c05
0x10fa6b	0x10fa69B0x25dcB0x136cB0x461
0x10fa8d	0x10fa8bB0x270dB0x53e
0x10fa8d	0x10fa8bB0x271dB0x53e
0x10faaf	0x10faadB0x2896
0x10faaf	0x10faadB0x28c3B0x5f3
0x10fb43	0x10fb41B0x55e
0x10ffd4	0x10ffcfB0x16f6B0x68c
0x11001d	0x110019B0x19abB0x7e4
0x110105	0x110100B0x21ea
0x110105	0x110100B0x419
0x252c	0x252aB0x276dB0x452
0x252c	0x252aB0x2791B0x452
0x2542	0x2540B0x276dB0x452
0x2542	0x2540B0x2791B0x452
0x255c	0x2559B0x276dB0x452
0x255c	0x2559B0x2791B0x452
0x2574	0x2572B0x2a0b
0x2574	0x2572B0x2929B0x2ce
0x2574	0x2572B0x2929B0x85e
0x258a	0x2588B0x2a0b
0x258a	0x2588B0x2929B0x2ce
0x258a	0x2588B0x2929B0x85e
0x25a2	0x259fB0x2a0b
0x25a2	0x259fB0x2929B0x2ce
0x25a2	0x259fB0x2929B0x85e
0x25b9	0x25b6B0x29e2
0x25b9	0x25b6B0x2953B0x325
0x25b9	0x25b6B0x2862B0x405
0x25b9	0x25b6B0x2953B0x75c
0x25ca	0x25c7B0x2987
0x25ca	0x25c7B0x29d8
0x25ca	0x25c7B0x28dfB0x2ef
0x25ca	0x25c7B0x2949B0x325
0x25ca	0x25c7B0x28dfB0x345
0x25ca	0x25c7B0x286cB0x405
0x25ca	0x25c7B0x28dfB0x472
0x25ca	0x25c7B0x2949B0x75c
0x25ca	0x25c7B0x28feB0x2ce
0x25ca	0x25c7B0x28feB0x85e
0x27ba	0x27b8B0x1d01
0x27c9	0x27c7B0x1d01
0x27da	0x27d8B0x385
0x27da	0x27d8B0x49f
0x27da	0x27d8B0x63d
0x27da	0x27d8B0x69d
0x27da	0x27d8B0x7d5
0x2838	0x2836B0x593
0x284f	0x284dB0x593
0x3407	0x3404B0x2657
0x3407	0x3404B0x2662
0x3407	0x3404B0x2672
0x3407	0x3404B0x27f4B0x3a5
0x3407	0x3404B0x25dcB0x3c5
0x3407	0x3404B0x27f4B0x3e5
0x3407	0x3404B0x25dcB0x511
0x3407	0x3404B0x26ebB0x53e
0x3407	0x3404B0x26f6B0x53e
0x3407	0x3404B0x25dcB0x573
0x3407	0x3404B0x25dcB0x5b3
0x3407	0x3404B0xec96eB0x5f3
0x3407	0x3404B0x261cB0x65d
0x3407	0x3404B0x2627B0x65d
0x3407	0x3404B0x27f4B0x6bd
0x3407	0x3404B0x261cB0x6f2
0x3407	0x3404B0x2627B0x6f2
0x3407	0x3404B0x25dcB0x727
0x3407	0x3404B0x26a6B0x7f5
0x3407	0x3404B0xec869B0x7f5
0x3407	0x3404B0x25dcB0x815
0x3407	0x3404B0x27f4B0x835
0x3407	0x3404B0x25dcB0x8a7
0x3407	0x3404B0x25ffB0x1c05
0x3407	0x3404B0x25dcB0x136cB0x461
0x341d	0x341aB0x270dB0x53e
0x341d	0x341aB0x271dB0x53e
0x3432	0x342fB0x2896
0x3432	0x342fB0x28c3B0x5f3
0x87e8d	0x87e85B0x8d0
0x87e8d	0x87e85B0x1b24
0x87e8d	0x87e85B0x115d
0x87e8d	0x87e85B0x2121B0x628
0x87e8d	0x87e85B0xb69B0x374
0xec590	0xec588B0x16f6B0x68c
0xec5d9	0xec5d1B0x219cB0x8c7
0x2a78	0x2a6cB0x2c4aB0x999
0x2a78	0x2a6cB0x2c27B0x126e
0x2a78	0x2a6cB0x2c4aB0x1d7d
0x1eef	0x1ee4B0x8d0
0x1eef	0x1ee4B0x1b24
0x1eef	0x1ee4B0x115d
0x1eef	0x1ee4B0x2121B0x628
0x1eef	0x1ee4B0xb69B0x374
0x224b	0x2240B0x16f6B0x68c
0x226a	0x2266B0x16f6B0x68c
0x227e	0x2279B0x217cB0x174cB0x31790
0x227e	0x2279B0x217cB0x174cB0x1f25
0x227e	0x2279B0x217cB0x174cB0x3e722
0x227e	0x2279B0x217cB0x174cB0x3e791
0x227e	0x2279B0x217cB0x174cB0x20e5
0x227e	0x2279B0x217cB0x174cB0x7b0ab
0x227e	0x2279B0x217cB0x174cB0x87c29
0x227e	0x2279B0x217cB0x174cB0x87cab
0x227e	0x2279B0x217cB0x174cB0x87dc1
0x227e	0x2279B0x217cB0x174cB0x87ef5
0x227e	0x2279B0x217cB0x174cB0x997a7
0x227e	0x2279B0x217cB0x174cB0x998ac
0x227e	0x2279B0x217cB0x174cB0x204fB0xfd0
0x227e	0x2279B0x217cB0x174cB0x204fB0x13f6
0x227e	0x2279B0x217cB0x174cB0x4b420B0x520
0x227e	0x2279B0x217cB0x174cB0x57f93B0x5c2
0x227e	0x2279B0x217cB0x174cB0x204fB0x171d
0x227e	0x2279B0x217cB0x174cB0x204fB0x17bd
0x227e	0x2279B0x217cB0x174cB0x204fB0x1a53
0x227e	0x2279B0x217cB0x174cB0x204fB0x1e45
0x227e	0x2279B0x22b7B0x220aB0x1fe0B0xfc2
0x227e	0x2279B0x217cB0x174cB0x204fB0x15bdB0x5e2
0x227e	0x2279B0x217cB0x174cB0x204fB0x134dB0x461
0x227e	0x2279B0x217cB0x174cB0x204fB0x1497B0x54d
0x227e	0x2279B0x217cB0x174cB0x204fB0x153bB0x582
0x227e	0x2279B0x217cB0x174cB0x204fB0x1689B0x66c
0x227e	0x2279B0x217cB0x174cB0x204fB0x1781B0x701
0x227e	0x2279B0x217cB0x174cB0x204fB0x19c2B0x804
0x2287	0x2279B0x217cB0x174cB0x31790
0x2287	0x2279B0x217cB0x174cB0x1f25
0x2287	0x2279B0x217cB0x174cB0x3e722
0x2287	0x2279B0x217cB0x174cB0x3e791
0x2287	0x2279B0x217cB0x174cB0x20e5
0x2287	0x2279B0x217cB0x174cB0x7b0ab
0x2287	0x2279B0x217cB0x174cB0x87c29
0x2287	0x2279B0x217cB0x174cB0x87cab
0x2287	0x2279B0x217cB0x174cB0x87dc1
0x2287	0x2279B0x217cB0x174cB0x87ef5
0x2287	0x2279B0x217cB0x174cB0x997a7
0x2287	0x2279B0x217cB0x174cB0x998ac
0x2287	0x2279B0x217cB0x174cB0x204fB0xfd0
0x2287	0x2279B0x217cB0x174cB0x204fB0x13f6
0x2287	0x2279B0x217cB0x174cB0x4b420B0x520
0x2287	0x2279B0x217cB0x174cB0x57f93B0x5c2
0x2287	0x2279B0x217cB0x174cB0x204fB0x171d
0x2287	0x2279B0x217cB0x174cB0x204fB0x17bd
0x2287	0x2279B0x217cB0x174cB0x204fB0x1a53
0x2287	0x2279B0x217cB0x174cB0x204fB0x1e45
0x2287	0x2279B0x22b7B0x220aB0x1fe0B0xfc2
0x2287	0x2279B0x217cB0x174cB0x204fB0x15bdB0x5e2
0x2287	0x2279B0x217cB0x174cB0x204fB0x134dB0x461
0x2287	0x2279B0x217cB0x174cB0x204fB0x1497B0x54d
0x2287	0x2279B0x217cB0x174cB0x204fB0x153bB0x582
0x2287	0x2279B0x217cB0x174cB0x204fB0x1689B0x66c
0x2287	0x2279B0x217cB0x174cB0x204fB0x1781B0x701
0x2287	0x2279B0x217cB0x174cB0x204fB0x19c2B0x804
0x22ab	0x22a0B0x219cB0x8c7
0x2306	0x2301B0x221fB0x2076
0x230d	0x2301B0x221fB0x2076
0x2338	0x2334B0x221fB0x2076
0x2356	0x2351B0x221fB0x2076
0x2365	0x2351B0x221fB0x2076
0x236d	0x2351B0x221fB0x2076
0x238b	0x2381B0x221fB0x2076
0x23a0	0x2381B0x221fB0x2076
0x23a6	0x2381B0x221fB0x2076
0x2a30	0x2a29B0x334e
0x2a30	0x2a29B0x337e
0x2a51	0x2a45B0x334e
0x2a51	0x2a45B0x337e
0x2a71	0x2a6cB0x2c4aB0x999
0x2a71	0x2a6cB0x2c27B0x126e
0x2a71	0x2a6cB0x2c4aB0x1d7d
0x2a80	0x2a6cB0x2c4aB0x999
0x2a80	0x2a6cB0x2c27B0x126e
0x2a80	0x2a6cB0x2c4aB0x1d7d
0x2a9d	0x2a96B0x21ea
0x2a9d	0x2a96B0x419
0x2ab5	0x2aa8B0x21ea
0x2ab5	0x2aa8B0x419
0x2acb	0x2ac4B0x21ea
0x2acb	0x2ac4B0x419
0x2b20	0x2b0dB0x1e33
0x2b20	0x2b0dB0xfd8
0x2b20	0x2b0dB0x1011
0x2b20	0x2b0dB0x1e4d
0x2b20	0x2b0dB0x1e79
0x2b20	0x2b0dB0x20f6
0x2b20	0x2b0dB0x15acB0x5c2
0x2b38	0x2b26B0x176a
0x2b38	0x2b26B0x1fb1
0x2b38	0x2b26B0x17c5
0x2b38	0x2b26B0x17f0
0x2b38	0x2b26B0x1a5b
0x2b38	0x2b26B0x1a87
0x2b38	0x2b26B0x1f36
0x2b38	0x2b26B0x1478B0x520
0x2b4c	0x2b3eB0x314cd
0x2b4c	0x2b3eB0x316ca
0x2b4c	0x2b3eB0x31717
0x2b4c	0x2b3eB0x2129B0x628
0x2b4c	0x2b3eB0x21a4B0x8c7
0x2b4c	0x2b3eB0x1691B0x66c
0x2b4c	0x2b3eB0x1789B0x701
0x2b94	0x2b8fB0x31521
0x2b94	0x2b8fB0x31596
0x2b94	0x2b8fB0x31604
0x2b94	0x2b8fB0x31651
0x2b94	0x2b8fB0x31764
0x2b9d	0x2b9aB0x312a1
0x2b9d	0x2b9aB0x31316
0x2b9d	0x2b9aB0x31363
0x2b9d	0x2b9aB0x3167d
0x2b9d	0x2b9aB0x317b4
0x2b9d	0x2b9aB0x31801
0x2b9d	0x2b9aB0x3184e
0x2b9d	0x2b9aB0x318ca
0x2b9d	0x2b9aB0x318f6
0x2b9d	0x2b9aB0x31922
0x2b9d	0x2b9aB0x319b1
0x2b9d	0x2b9aB0x319fe
0x2b9d	0x2b9aB0x31a2a
0x2b9d	0x2b9aB0xebeB0x374
0x2bf3	0x2bf0B0xafc
0x2bf3	0x2bf0B0x1304
0x2bf3	0x2bf0B0xf21B0x374
0x2bf3	0x2bf0B0xdadB0x374
0x2bf8	0x2bf0B0xafc
0x2bf8	0x2bf0B0x1304
0x2bf8	0x2bf0B0xf21B0x374
0x2bf8	0x2bf0B0xdadB0x374
0x2c9f	0x2c99B0x21ea
0x2c9f	0x2c99B0x419
0x2d18	0x2d13B0x16f6B0x68c
0x2d1e	0x2d13B0x16f6B0x68c
0x2d44	0x2d13B0x16f6B0x68c
0x2d4f	0x2d13B0x16f6B0x68c
0x2e46	0x2e41B0x219cB0x8c7
0x2e4c	0x2e41B0x219cB0x8c7
0x2e69	0x2e41B0x219cB0x8c7
0x2f80	0x2f7bB0x92b
0x2f80	0x2f7bB0x1b77
0x2f84	0x2f7bB0x92b
0x2f84	0x2f7bB0x1b77
0x2faa	0x2f7bB0x92b
0x2faa	0x2f7bB0x1b77
0x303a	0x3035B0x8d0
0x303a	0x3035B0x1b24
0x303a	0x3035B0x115d
0x303a	0x3035B0x2121B0x628
0x303a	0x3035B0xb69B0x374
0x3040	0x3035B0x8d0
0x3040	0x3035B0x1b24
0x3040	0x3035B0x115d
0x3040	0x3035B0x2121B0x628
0x3040	0x3035B0xb69B0x374
0x3059	0x3035B0x8d0
0x3059	0x3035B0x1b24
0x3059	0x3035B0x115d
0x3059	0x3035B0x2121B0x628
0x3059	0x3035B0xb69B0x374
0x2362	0x2351B0x221fB0x2076
0x2376	0x2351B0x221fB0x2076
0x2395	0x2381B0x221fB0x2076
0x2397	0x2381B0x221fB0x2076
0x23b0	0x2381B0x221fB0x2076
0x24f0	0x24edB0x24deB0x2435B0x942
0x24f0	0x24edB0x24deB0x2435B0x1d25
0x2514	0x2507B0x24f8B0x249aB0xc74B0x374
0x2514	0x2507B0x24f8B0x249aB0xd1dB0x374
0x2265	0x2265B0x16f6B0x68c
0x2333	0x2333B0x221fB0x2076
0x2350	0x2350B0x221fB0x2076
0x2380	0x2380B0x221fB0x2076
0x33f2	0x33f2B0x2bfe
0x33f2	0x33f2B0x339b
0x2319	0x2319B0x221fB0x2076
0x2507	0x2507B0x24f8B0x249aB0xc74B0x374
0x2507	0x2507B0x24f8B0x249aB0xd1dB0x374
0x252a	0x252aB0x276dB0x452
0x252a	0x252aB0x2791B0x452
0x2540	0x2540B0x276dB0x452
0x2540	0x2540B0x2791B0x452
0x2572	0x2572B0x2a0b
0x2572	0x2572B0x2929B0x2ce
0x2572	0x2572B0x2929B0x85e
0x2588	0x2588B0x2a0b
0x2588	0x2588B0x2929B0x2ce
0x2588	0x2588B0x2929B0x85e
0x27b8	0x27b8B0x1d01
0x27c7	0x27c7B0x1d01
0x27d8	0x27d8B0x385
0x27d8	0x27d8B0x49f
0x27d8	0x27d8B0x63d
0x27d8	0x27d8B0x69d
0x27d8	0x27d8B0x7d5
0x2836	0x2836B0x593
0x284d	0x284dB0x593
0x2a45	0x2a45B0x334e
0x2a45	0x2a45B0x337e
0x2ac4	0x2ac4B0x21ea
0x2ac4	0x2ac4B0x419
0x13	0xd
0x46	0x3f
0x49	0x3f
0x51	0x4a
0x54	0x4a
0x5c	0x55
0x5f	0x55
0x67	0x60
0x6a	0x60
0x70	0x6f
0x77	0x6f
0x7a	0x6f
0x85	0x7b
0x8d	0x86
0x90	0x86
0x96	0x95
0x9d	0x95
0xa8	0xa1
0xab	0xa1
0xb3	0xac
0xb6	0xac
0xbe	0xb7
0xc1	0xb7
0xc9	0xc2
0xcc	0xc2
0xd4	0xcd
0xd7	0xcd
0xdd	0xdc
0xef	0xe8
0xf2	0xe8
0xfa	0xf3
0xfd	0xf3
0x105	0xfe
0x108	0xfe
0x110	0x109
0x113	0x109
0x11b	0x114
0x11e	0x114
0x126	0x11f
0x129	0x11f
0x12f	0x12e
0x136	0x12e
0x139	0x12e
0x141	0x13a
0x144	0x13a
0x14c	0x145
0x14f	0x145
0x157	0x150
0x15a	0x150
0x162	0x15b
0x165	0x15b
0x16d	0x166
0x170	0x166
0x176	0x175
0x19e	0x197
0x1a1	0x197
0x1a9	0x1a2
0x1ac	0x1a2
0x1b4	0x1ad
0x1b7	0x1ad
0x1bf	0x1b8
0x1c2	0x1b8
0x1c8	0x1c7
0x1cf	0x1c7
0x1d2	0x1c7
0x1da	0x1d3
0x1dd	0x1d3
0x1e5	0x1de
0x1e8	0x1de
0x1ee	0x1ed
0x1f5	0x1ed
0x1f8	0x1ed
0x200	0x1f9
0x203	0x1f9
0x20b	0x204
0x20e	0x204
0x216	0x20f
0x219	0x20f
0x221	0x21a
0x224	0x21a
0x22c	0x225
0x22f	0x225
0x235	0x234
0x247	0x240
0x24a	0x240
0x252	0x24b
0x255	0x24b
0x25d	0x256
0x260	0x256
0x268	0x261
0x26b	0x261
0x273	0x26c
0x276	0x26c
0x27e	0x277
0x281	0x277
0x287	0x286
0x28e	0x286
0x291	0x286
0x299	0x292
0x29c	0x292
0x2a4	0x29d
0x2a7	0x29d
0x2af	0x2a8
0x2b2	0x2a8
0x2ba	0x2b3
0x2bd	0x2b3
0x2c5	0x2be
0x2c8	0x2be
0x2cc	0x2c9
0x2e5	0x2e3
0x2ed	0x2eb
0x2f0	0x2ef
0x31b	0x319
0x323	0x321
0x326	0x325
0x33b	0x339
0x343	0x341
0x346	0x345
0x35b	0x359
0x363	0x361
0x366	0x365
0x37b	0x379
0x383	0x381
0x386	0x385
0x39b	0x399
0x3a3	0x3a1
0x3a6	0x3a5
0x3bb	0x3b9
0x3c3	0x3c1
0x3c6	0x3c5
0x3db	0x3d9
0x3e3	0x3e1
0x3e6	0x3e5
0x3fb	0x3f9
0x403	0x401
0x406	0x405
0x420	0x419
0x421	0x419
0x428	0x426
0x430	0x42e
0x433	0x432
0x448	0x446
0x450	0x44e
0x453	0x452
0x468	0x466
0x470	0x46e
0x473	0x472
0x48d	0x486
0x48e	0x486
0x495	0x493
0x49d	0x49b
0x4a0	0x49f
0x4b5	0x4b3
0x4bd	0x4bb
0x4c0	0x4bf
0x4da	0x4d3
0x4db	0x4d3
0x4dc	0x4d3
0x4dd	0x4d3
0x4de	0x4d3
0x4e5	0x4e3
0x4ed	0x4eb
0x4f0	0x4ef
0x507	0x505
0x50f	0x50d
0x512	0x511
0x534	0x532
0x53c	0x53a
0x53f	0x53e
0x554	0x552
0x55c	0x55a
0x55f	0x55e
0x569	0x567
0x571	0x56f
0x574	0x573
0x589	0x587
0x591	0x58f
0x594	0x593
0x5a9	0x5a7
0x5b1	0x5af
0x5b4	0x5b3
0x5c9	0x5c7
0x5d1	0x5cf
0x5d4	0x5d3
0x5e9	0x5e7
0x5f1	0x5ef
0x5f4	0x5f3
0x609	0x607
0x611	0x60f
0x614	0x613
0x61e	0x61c
0x626	0x624
0x629	0x628
0x633	0x631
0x63b	0x639
0x63e	0x63d
0x653	0x651
0x65b	0x659
0x65e	0x65d
0x673	0x671
0x67b	0x679
0x67e	0x67d
0x693	0x691
0x69b	0x699
0x69e	0x69d
0x6b3	0x6b1
0x6bb	0x6b9
0x6be	0x6bd
0x6d3	0x6d1
0x6db	0x6d9
0x6de	0x6dd
0x6e8	0x6e6
0x6f0	0x6ee
0x6f3	0x6f2
0x708	0x706
0x710	0x70e
0x713	0x712
0x71d	0x71b
0x725	0x723
0x728	0x727
0x73d	0x73b
0x745	0x743
0x748	0x747
0x752	0x750
0x75a	0x758
0x75d	0x75c
0x777	0x770
0x778	0x770
0x77f	0x77d
0x787	0x785
0x78a	0x789
0x799	0x792
0x79a	0x792
0x7a1	0x79f
0x7a9	0x7a7
0x7ac	0x7ab
0x7b6	0x7b4
0x7be	0x7bc
0x7c1	0x7c0
0x7cb	0x7c9
0x7d3	0x7d1
0x7d6	0x7d5
0x7eb	0x7e9
0x7f3	0x7f1
0x7f6	0x7f5
0x80b	0x809
0x813	0x811
0x816	0x815
0x82b	0x829
0x833	0x831
0x836	0x835
0x84b	0x849
0x853	0x851
0x856	0x855
0x873	0x871
0x87b	0x879
0x87e	0x87d
0x888	0x886
0x890	0x88e
0x893	0x892
0x89d	0x89b
0x8a5	0x8a3
0x8a8	0x8a7
0x8bd	0x8bb
0x8c5	0x8c3
0x8c8	0x8c7
0x8de	0x8d8
0x8e4	0x8e3
0x8e5	0x8e3
0x8e6	0x8e3
0x8f7	0x8ed
0x8ff	0x8ed
0x910	0x90d
0x911	0x90d
0x91a	0x90d
0x926	0x90d
0x935	0x92b
0x93d	0x92b
0x945	0x942
0x949	0x942
0x94a	0x942
0x950	0x942
0x951	0x942
0x955	0x942
0x956	0x942
0x958	0x942
0x962	0x942
0x963	0x942
0x968	0x942
0x969	0x942
0x975	0x942
0x976	0x942
0x978	0x942
0x97a	0x942
0x97b	0x942
0x97d	0x942
0x981	0x942
0x983	0x942
0x984	0x942
0x986	0x942
0x987	0x942
0x989	0x942
0x98a	0x942
0x98b	0x942
0x98d	0x942
0x992	0x942
0x993	0x942
0x994	0x942
0x99a	0x999
0x9a6	0x999
0x9a8	0x999
0x9a9	0x999
0x9b2	0x999
0x9b4	0x999
0x9ba	0x999
0x9be	0x999
0x9bf	0x999
0x9c0	0x999
0x9c1	0x999
0x9c2	0x999
0x9c3	0x999
0x9c4	0x999
0x9c6	0x999
0x9c7	0x999
0x9c8	0x999
0x9c9	0x999
0x9ca	0x999
0x9d8	0x9d2
0x9d9	0x9d2
0x9db	0x9d2
0x9de	0x9d2
0x9df	0x9d2
0x9e2	0x9d2
0x9ea	0x9e8
0x9ed	0x9ec
0x9f1	0x9ec
0x9fa	0x9f7
0xa01	0xa00
0xa02	0xa00
0xa03	0xa00
0xa04	0xa00
0xa05	0xa00
0xa0f	0xa00
0xa10	0xa00
0xa3b	0xa00
0xa3c	0xa00
0xa3e	0xa00
0xa40	0xa00
0xa41	0xa00
0xa42	0xa00
0xa43	0xa00
0xa44	0xa00
0xa45	0xa00
0xa46	0xa00
0xa47	0xa00
0xa4f	0xa49B0x2fe
0xa71	0xa64
0xa72	0xa64
0xa77	0xa64
0xa82	0xa64
0xa86	0xa64
0xa87	0xa64
0xa8d	0xa64
0xa8e	0xa64
0xa92	0xa64
0xa93	0xa64
0xa95	0xa64
0xa96	0xa64
0xa98	0xa64
0xa99	0xa64
0xa9b	0xa64
0xa9f	0xa64
0xaa0	0xa64
0xaa1	0xa64
0xaa7	0xa64
0xaa8	0xa64
0xac1	0xab7
0xac9	0xab7
0xad6	0xace
0xaef	0xae5
0xaf7	0xae5
0xaff	0xafc
0xb00	0xafc
0xb02	0xafc
0xb08	0xafc
0xb0a	0xafc
0xb0c	0xafc
0xb10	0xafc
0xb1e	0xafc
0xb20	0xafc
0xb23	0xafc
0xb25	0xafc
0xb28	0xafc
0xb2f	0xafc
0xb30	0xafc
0xb31	0xafc
0xb32	0xafc
0xb33	0xafc
0xb35	0xafc
0xb39	0xafc
0xb3a	0xafc
0xb3b	0xafc
0xb44	0xb40
0xb45	0xb40
0xb47	0xb40
0xb49	0xb40
0xb4a	0xb40
0xb4b	0xb40
0xb4c	0xb40
0xb4d	0xb40
0xb57	0xb4f
0xb58	0xb4f
0xb5c	0xb4f
0xb5f	0xb4f
0xb7e	0xb71B0x374
0xb7f	0xb71B0x374
0xb84	0xb71B0x374
0xb8f	0xb71B0x374
0xb93	0xb71B0x374
0xb94	0xb71B0x374
0xb9a	0xb71B0x374
0xb9b	0xb71B0x374
0xb9f	0xb71B0x374
0xba0	0xb71B0x374
0xba2	0xb71B0x374
0xba3	0xb71B0x374
0xba5	0xb71B0x374
0xba7	0xb71B0x374
0xba8	0xb71B0x374
0xbaa	0xb71B0x374
0xbab	0xb71B0x374
0xbaf	0xb71B0x374
0xbb0	0xb71B0x374
0xbb2	0xb71B0x374
0xbb3	0xb71B0x374
0xbcd	0xbc3B0x374
0xbd5	0xbc3B0x374
0xbdd	0xbdaB0x374
0xbde	0xbdaB0x374
0xbe3	0xbdaB0x374
0xbe6	0xbdaB0x374
0xbe7	0xbdaB0x374
0xbe9	0xbdaB0x374
0xbea	0xbdaB0x374
0xc03	0xbf9B0x374
0xc0b	0xbf9B0x374
0xc19	0xc10B0x374
0xc1d	0xc10B0x374
0xc1e	0xc10B0x374
0xc24	0xc10B0x374
0xc25	0xc10B0x374
0xc29	0xc10B0x374
0xc2a	0xc10B0x374
0xc2c	0xc10B0x374
0xc2d	0xc10B0x374
0xc2f	0xc10B0x374
0xc31	0xc10B0x374
0xc32	0xc10B0x374
0xc35	0xc10B0x374
0xc37	0xc10B0x374
0xc38	0xc10B0x374
0xc3a	0xc10B0x374
0xc4f	0xc45B0x374
0xc57	0xc45B0x374
0xc5f	0xc5cB0x374
0xc60	0xc5cB0x374
0xc66	0xc5cB0x374
0xc67	0xc5cB0x374
0xc76	0xc74B0x374
0xc7a	0xc74B0x374
0xc7b	0xc74B0x374
0xc7d	0xc74B0x374
0xc7e	0xc74B0x374
0xc82	0xc74B0x374
0xc86	0xc74B0x374
0xc88	0xc74B0x374
0xc8a	0xc74B0x374
0xc8b	0xc74B0x374
0xc8f	0xc74B0x374
0xc91	0xc74B0x374
0xc92	0xc74B0x374
0xc94	0xc74B0x374
0xc96	0xc74B0x374
0xc97	0xc74B0x374
0xc99	0xc74B0x374
0xc9a	0xc74B0x374
0xc9c	0xc74B0x374
0xc9e	0xc74B0x374
0xc9f	0xc74B0x374
0xca0	0xc74B0x374
0xca1	0xc74B0x374
0xca3	0xc74B0x374
0xca4	0xc74B0x374
0xcaa	0xc74B0x374
0xcac	0xc74B0x374
0xcae	0xc74B0x374
0xcb0	0xc74B0x374
0xcb1	0xc74B0x374
0xcb2	0xc74B0x374
0xcb3	0xc74B0x374
0xcb7	0xc74B0x374
0xcbb	0xc74B0x374
0xcbc	0xc74B0x374
0xcc0	0xc74B0x374
0xcc1	0xc74B0x374
0xcc3	0xc74B0x374
0xcc5	0xc74B0x374
0xcc6	0xc74B0x374
0xcc8	0xc74B0x374
0xcc9	0xc74B0x374
0xcca	0xc74B0x374
0xcce	0xc74B0x374
0xccf	0xc74B0x374
0xcd1	0xc74B0x374
0xcd2	0xc74B0x374
0xcd7	0xc74B0x374
0xcd8	0xc74B0x374
0xcda	0xc74B0x374
0xcdb	0xc74B0x374
0xcdc	0xc74B0x374
0xce6	0xc74B0x374
0xce8	0xc74B0x374
0xcec	0xc74B0x374
0xcee	0xc74B0x374
0xcef	0xc74B0x374
0xcf1	0xc74B0x374
0xcf2	0xc74B0x374
0xcf4	0xc74B0x374
0xcf6	0xc74B0x374
0xcf7	0xc74B0x374
0xcf9	0xc74B0x374
0xcfb	0xc74B0x374
0xcfd	0xc74B0x374
0xcfe	0xc74B0x374
0xd01	0xc74B0x374
0xd02	0xc74B0x374
0xd04	0xc74B0x374
0xd05	0xc74B0x374
0xd06	0xc74B0x374
0xd08	0xc74B0x374
0xd09	0xc74B0x374
0xd0c	0xc74B0x374
0xd11	0xc74B0x374
0xd14	0xc74B0x374
0xd16	0xc74B0x374
0xd18	0xc74B0x374
0xd1e	0xd1dB0x374
0xd21	0xd1dB0x374
0xd24	0xd1dB0x374
0xd29	0xd1dB0x374
0xd2c	0xd1dB0x374
0xd2e	0xd1dB0x374
0xd31	0xd1dB0x374
0xd32	0xd1dB0x374
0xd34	0xd1dB0x374
0xd3a	0xd39B0x374
0xd3d	0xd39B0x374
0xd40	0xd39B0x374
0xd4a	0xd39B0x374
0xd4c	0xd39B0x374
0xd52	0xd39B0x374
0xd53	0xd39B0x374
0xd56	0xd39B0x374
0xd61	0xd5eB0x374
0xd63	0xd5eB0x374
0xd66	0xd5eB0x374
0xd69	0xd5eB0x374
0xd6e	0xd5eB0x374
0xd6f	0xd5eB0x374
0xd70	0xd5eB0x374
0xd72	0xd5eB0x374
0xd78	0xd5eB0x374
0xd7a	0xd5eB0x374
0xd84	0xd81B0x374
0xd85	0xd81B0x374
0xd89	0xd81B0x374
0xd8a	0xd81B0x374
0xd8d	0xd81B0x374
0xda1	0xd81B0x374
0xda2	0xd81B0x374
0xda3	0xd81B0x374
0xda5	0xd81B0x374
0xda6	0xd81B0x374
0xda7	0xd81B0x374
0xda9	0xd81B0x374
0xdae	0xdadB0x374
0xdb8	0xdadB0x374
0xdbe	0xdadB0x374
0xdc5	0xdadB0x374
0xdc6	0xdadB0x374
0xdc7	0xdadB0x374
0xdc8	0xdadB0x374
0xdc9	0xdadB0x374
0xdcb	0xdadB0x374
0xdcc	0xdadB0x374
0xdd3	0xdadB0x374
0xdd4	0xdadB0x374
0xdd5	0xdadB0x374
0xdde	0xddaB0x374
0xddf	0xddaB0x374
0xde1	0xddaB0x374
0xdef	0xde7B0x374
0xe01	0xdffB0x374
0xe02	0xdffB0x374
0xe04	0xdffB0x374
0xe0a	0xdffB0x374
0xe0c	0xdffB0x374
0xe13	0xe12B0x374
0xe18	0xe12B0x374
0xe28	0xe1eB0x374
0xe30	0xe1eB0x374
0xe38	0xe35B0x374
0xe3a	0xe35B0x374
0xe3e	0xe35B0x374
0xe40	0xe35B0x374
0xe44	0xe35B0x374
0xe45	0xe35B0x374
0xe49	0xe35B0x374
0xe4a	0xe35B0x374
0xe4d	0xe35B0x374
0xe5b	0xe35B0x374
0xe60	0xe5dB0x374
0xe61	0xe5dB0x374
0xe67	0xe5dB0x374
0xe68	0xe5dB0x374
0xe7e	0xe76B0x374
0xe82	0xe76B0x374
0xe83	0xe76B0x374
0xe89	0xe76B0x374
0xe8a	0xe76B0x374
0xe8e	0xe76B0x374
0xe8f	0xe76B0x374
0xe91	0xe76B0x374
0xe92	0xe76B0x374
0xe94	0xe76B0x374
0xe96	0xe76B0x374
0xe97	0xe76B0x374
0xe9a	0xe76B0x374
0xe9c	0xe76B0x374
0xe9d	0xe76B0x374
0xe9f	0xe76B0x374
0xea1	0xe76B0x374
0xeaa	0xe76B0x374
0xeae	0xe76B0x374
0xeaf	0xe76B0x374
0xeb5	0xe76B0x374
0xeb6	0xe76B0x374
0xebf	0xebeB0x374
0xec9	0xebeB0x374
0xeee	0xebeB0x374
0xef5	0xebeB0x374
0xef6	0xebeB0x374
0xeff	0xefbB0x374
0xf00	0xefbB0x374
0xf02	0xefbB0x374
0xf0b	0xefbB0x374
0xf16	0xf10B0x374
0xf23	0xf21B0x374
0xf25	0xf21B0x374
0xf2d	0xf21B0x374
0xf2e	0xf21B0x374
0xf30	0xf21B0x374
0xf31	0xf21B0x374
0xf3e	0xf21B0x374
0xf40	0xf21B0x374
0xf43	0xf21B0x374
0xf45	0xf21B0x374
0xf48	0xf21B0x374
0xf4f	0xf21B0x374
0xf50	0xf21B0x374
0xf51	0xf21B0x374
0xf52	0xf21B0x374
0xf53	0xf21B0x374
0xf55	0xf21B0x374
0xf59	0xf21B0x374
0xf5a	0xf21B0x374
0xf5b	0xf21B0x374
0xf5c	0xf21B0x374
0xf5d	0xf21B0x374
0xf66	0xf62B0x374
0xf67	0xf62B0x374
0xf69	0xf62B0x374
0xf76	0xf73
0xf77	0xf73
0xf80	0xf73
0xf86	0xf73
0xf8b	0xf88
0xf8c	0xf88
0xf95	0xf88
0xf9e	0xf88
0xfb5	0xfab
0xfbd	0xfab
0xfc6	0xfc2
0xfc7	0xfc2
0xfe2	0xfd8
0x1004	0xffa
0x100c	0xffa
0x101b	0x1011
0x103a	0x102e
0x103c	0x102e
0x105e	0x102e
0x1061	0x102e
0x1063	0x102e
0x1066	0x102e
0x106c	0x102e
0x1081	0x1077
0x109a	0x1090
0x10a2	0x1090
0x10a8	0x10a70x106f
0x10a8	0x10a70x1ae4
0x10ab	0x10a70x106f
0x10ab	0x10a70x1ae4
0x10ac	0x10a70x106f
0x10ac	0x10a70x1ae4
0x10ad	0x10a70x106f
0x10ad	0x10a70x1ae4
0x10b0	0x10a70x106f
0x10b0	0x10a70x1ae4
0x10b6	0x10b1B0x414
0x10b7	0x10b1B0x414
0x10bb	0x10b1B0x414
0x10bc	0x10b1B0x414
0x10c0	0x10b1B0x414
0x10c1	0x10b1B0x414
0x10c3	0x10b1B0x414
0x10c5	0x10b1B0x414
0x10c6	0x10b1B0x414
0x10c8	0x10b1B0x414
0x10c9	0x10b1B0x414
0x10ca	0x10b1B0x414
0x10cc	0x10b1B0x414
0x10ce	0x10b1B0x414
0x10d4	0x10b1B0x414
0x10df	0x10b1B0x414
0x10e0	0x10b1B0x414
0x10e2	0x10b1B0x414
0x10e3	0x10b1B0x414
0x10e4	0x10b1B0x414
0x10e8	0x10b1B0x414
0x10ea	0x10b1B0x414
0x10eb	0x10b1B0x414
0x10ed	0x10b1B0x414
0x10ef	0x10b1B0x414
0x10f1	0x10b1B0x414
0x10f3	0x10b1B0x414
0x10f4	0x10b1B0x414
0x10f6	0x10b1B0x414
0x10f7	0x10b1B0x414
0x10f9	0x10b1B0x414
0x10fa	0x10b1B0x414
0x10fb	0x10b1B0x414
0x10fd	0x10b1B0x414
0x10ff	0x10b1B0x414
0x1100	0x10b1B0x414
0x1112	0x110fB0x414
0x1113	0x110fB0x414
0x1117	0x110fB0x414
0x1119	0x110fB0x414
0x111d	0x110fB0x414
0x1123	0x1122B0x414
0x1125	0x1122B0x414
0x1126	0x1122B0x414
0x112f	0x1122B0x414
0x1131	0x1130B0x414
0x1133	0x1130B0x414
0x1135	0x1130B0x414
0x1139	0x1130B0x414
0x113d	0x1130B0x414
0x113e	0x1130B0x414
0x1145	0x1144B0x414
0x114a	0x1144B0x414
0x114c	0x1144B0x414
0x1168	0x1165
0x1169	0x1165
0x116f	0x1165
0x1170	0x1165
0x1174	0x1165
0x1175	0x1165
0x1178	0x1165
0x1182	0x1165
0x1183	0x1165
0x1185	0x1165
0x1192	0x1165
0x1193	0x1165
0x1198	0x1165
0x119b	0x1165
0x119c	0x1165
0x119d	0x1165
0x11a1	0x1165
0x11a2	0x1165
0x11a3	0x1165
0x11a4	0x1165
0x11a5	0x1165
0x11a6	0x1165
0x11a7	0x1165
0x11b0	0x11ad
0x11b5	0x11ad
0x11b6	0x11ad
0x11b9	0x11ad
0x11bb	0x11ad
0x11bc	0x11ad
0x11be	0x11ad
0x11c2	0x11ad
0x11c3	0x11ad
0x11ce	0x11ad
0x11d2	0x11ad
0x11d3	0x11ad
0x11d7	0x11ad
0x11d9	0x11ad
0x11da	0x11ad
0x11dc	0x11ad
0x11dd	0x11ad
0x11df	0x11ad
0x11e0	0x11ad
0x11e2	0x11ad
0x11e3	0x11ad
0x11e5	0x11ad
0x11e6	0x11ad
0x11e7	0x11ad
0x11e8	0x11ad
0x11eb	0x11ad
0x11ec	0x11ad
0x11f2	0x11ad
0x11f3	0x11ad
0x120c	0x1202
0x1214	0x1202
0x121e	0x1219
0x121f	0x1219
0x1225	0x1219
0x1226	0x1219
0x123e	0x1234
0x1246	0x1234
0x124c	0x124b
0x1251	0x124b
0x1261	0x1257
0x1269	0x1257
0x1271	0x126e
0x1272	0x126e
0x1274	0x126e
0x127d	0x126e
0x127f	0x126e
0x1283	0x126e
0x1284	0x126e
0x128d	0x126e
0x128e	0x126e
0x128f	0x126e
0x1292	0x126e
0x129c	0x126e
0x12a6	0x126e
0x12a7	0x126e
0x12a9	0x126e
0x12aa	0x126e
0x12ab	0x126e
0x12b1	0x126e
0x12b5	0x126e
0x12b6	0x126e
0x12b7	0x126e
0x12b8	0x126e
0x12b9	0x126e
0x12c5	0x12bf
0x12c6	0x12bf
0x12c8	0x12bf
0x12cb	0x12bf
0x12cc	0x12bf
0x12cf	0x12bf
0x12d7	0x12d5
0x12da	0x12d9
0x12de	0x12d9
0x12e7	0x12e4
0x12ee	0x12ed
0x12ef	0x12ed
0x12f0	0x12ed
0x12f3	0x12ed
0x12f4	0x12ed
0x12fa	0x12ed
0x12fb	0x12ed
0x12fc	0x12ed
0x1305	0x1304
0x130f	0x1304
0x1315	0x1304
0x131c	0x1304
0x131d	0x1304
0x131e	0x1304
0x131f	0x1304
0x1320	0x1304
0x1322	0x1304
0x1327	0x1304
0x1332	0x1304
0x1333	0x1304
0x1334	0x1304
0x133d	0x1339
0x133e	0x1339
0x1340	0x1339
0x1342	0x1339
0x1343	0x1339
0x1344	0x1339
0x1345	0x1339
0x1346	0x1339
0x1347	0x1339
0x1348	0x1339
0x1349	0x1339
0x134a	0x1339
0x134b	0x1339
0x1359	0x1358B0x461
0x135a	0x1358B0x461
0x1362	0x1361B0x461
0x1363	0x1361B0x461
0x1364	0x1361B0x461
0x1365	0x1361B0x461
0x136d	0x136cB0x461
0x136e	0x136cB0x461
0x1375	0x136cB0x461
0x1377	0x136cB0x461
0x137b	0x136cB0x461
0x137c	0x136cB0x461
0x138e	0x1381B0x461
0x138f	0x1381B0x461
0x1390	0x1381B0x461
0x1391	0x1381B0x461
0x1392	0x1381B0x461
0x139a	0x1399B0x461
0x139b	0x1399B0x461
0x13a1	0x1399B0x461
0x13a2	0x1399B0x461
0x13a5	0x1399B0x461
0x13ae	0x1399B0x461
0x13af	0x1399B0x461
0x13b1	0x1399B0x461
0x13b2	0x1399B0x461
0x13b3	0x1399B0x461
0x13b4	0x1399B0x461
0x13b6	0x1399B0x461
0x13b7	0x1399B0x461
0x13b8	0x1399B0x461
0x13b9	0x1399B0x461
0x13ba	0x1399B0x461
0x13bc	0x1399B0x461
0x13c5	0x13c2B0x461
0x13cc	0x13cbB0x461
0x13d5	0x13d4B0x461
0x13d6	0x13d4B0x461
0x13d7	0x13d4B0x461
0x13d8	0x13d4B0x461
0x13d9	0x13d4B0x461
0x13e3	0x13db
0x13e4	0x13db
0x13e8	0x13db
0x13f4	0x13db
0x1401	0x13fe
0x1402	0x13fe
0x1407	0x13fe
0x1408	0x13fe
0x142a	0x13fe
0x142d	0x13fe
0x142f	0x13fe
0x1436	0x1431
0x1437	0x1431
0x143b	0x1431
0x143c	0x1431
0x1440	0x1431
0x1441	0x1431
0x1443	0x1431
0x1444	0x1431
0x1446	0x1431
0x1447	0x1431
0x1449	0x1431
0x144b	0x1431
0x144f	0x1431
0x1454	0x1431
0x1459	0x1431
0x145a	0x1431
0x145d	0x1431
0x145e	0x1431
0x145f	0x1431
0x1460	0x1431
0x1463	0x1431
0x1464	0x1431
0x1466	0x1431
0x1467	0x1431
0x1476	0x1469
0x1484	0x1478B0x520
0x14a2	0x149fB0x54d
0x14a3	0x149fB0x54d
0x14ac	0x149fB0x54d
0x14ad	0x149fB0x54d
0x14ae	0x149fB0x54d
0x14b0	0x149fB0x54d
0x14c4	0x149fB0x54d
0x14c6	0x149fB0x54d
0x14c7	0x149fB0x54d
0x14c9	0x149fB0x54d
0x14ca	0x149fB0x54d
0x14cc	0x149fB0x54d
0x14d6	0x149fB0x54d
0x14d8	0x149fB0x54d
0x14d9	0x149fB0x54d
0x14da	0x149fB0x54d
0x14e0	0x149fB0x54d
0x14e4	0x149fB0x54d
0x14e5	0x149fB0x54d
0x14e6	0x149fB0x54d
0x14e7	0x149fB0x54d
0x14e8	0x149fB0x54d
0x14e9	0x149fB0x54d
0x14ea	0x149fB0x54d
0x14eb	0x149fB0x54d
0x14ec	0x149fB0x54d
0x14ed	0x149fB0x54d
0x14ee	0x149fB0x54d
0x14fc	0x14f6B0x54d
0x14fd	0x14f6B0x54d
0x14ff	0x14f6B0x54d
0x1502	0x14f6B0x54d
0x1503	0x14f6B0x54d
0x1506	0x14f6B0x54d
0x150e	0x150cB0x54d
0x1511	0x1510B0x54d
0x1515	0x1510B0x54d
0x151e	0x151bB0x54d
0x1525	0x1524B0x54d
0x1526	0x1524B0x54d
0x1527	0x1524B0x54d
0x1528	0x1524B0x54d
0x1529	0x1524B0x54d
0x152a	0x1524B0x54d
0x152b	0x1524B0x54d
0x152c	0x1524B0x54d
0x152d	0x1524B0x54d
0x152e	0x1524B0x54d
0x152f	0x1524B0x54d
0x1549	0x1543B0x582
0x1567	0x1564
0x156b	0x1564
0x156c	0x1564
0x1575	0x1564
0x1578	0x1564
0x1579	0x1564
0x158a	0x1580
0x1592	0x1580
0x1598	0x1597
0x159e	0x1597
0x159f	0x1597
0x15a8	0x1597
0x15b8	0x15acB0x5c2
0x15d1	0x15c5B0x5e2
0x15d3	0x15c5B0x5e2
0x15d4	0x15c5B0x5e2
0x15dd	0x15c5B0x5e2
0x15df	0x15c5B0x5e2
0x15e5	0x15c5B0x5e2
0x15e9	0x15c5B0x5e2
0x15ea	0x15c5B0x5e2
0x15eb	0x15c5B0x5e2
0x15ec	0x15c5B0x5e2
0x15ed	0x15c5B0x5e2
0x15ee	0x15c5B0x5e2
0x15ef	0x15c5B0x5e2
0x15fd	0x15f7B0x5e2
0x15fe	0x15f7B0x5e2
0x1600	0x15f7B0x5e2
0x1603	0x15f7B0x5e2
0x1604	0x15f7B0x5e2
0x1607	0x15f7B0x5e2
0x160f	0x160dB0x5e2
0x1612	0x1611B0x5e2
0x1616	0x1611B0x5e2
0x161f	0x161cB0x5e2
0x1626	0x1625B0x5e2
0x1627	0x1625B0x5e2
0x1628	0x1625B0x5e2
0x1629	0x1625B0x5e2
0x162a	0x1625B0x5e2
0x162b	0x1625B0x5e2
0x162c	0x1625B0x5e2
0x162d	0x1625B0x5e2
0x162e	0x1625B0x5e2
0x1635	0x1630
0x1636	0x1630
0x163a	0x1630
0x163b	0x1630
0x163f	0x1630
0x1640	0x1630
0x1642	0x1630
0x1644	0x1630
0x1645	0x1630
0x1647	0x1630
0x1648	0x1630
0x164a	0x1630
0x164c	0x1630
0x164e	0x1630
0x1654	0x1630
0x165a	0x1656
0x1676	0x166e
0x1677	0x166e
0x167b	0x166e
0x1687	0x166e
0x169d	0x1691B0x66c
0x169f	0x1691B0x66c
0x16a0	0x1691B0x66c
0x16a9	0x1691B0x66c
0x16ab	0x1691B0x66c
0x16b1	0x1691B0x66c
0x16b5	0x1691B0x66c
0x16b6	0x1691B0x66c
0x16b7	0x1691B0x66c
0x16c0	0x16bf0x1689B0x66c
0x16c0	0x16bf0x1781B0x701
0x16c2	0x16bf0x1689B0x66c
0x16c2	0x16bf0x1781B0x701
0x16c4	0x16bf0x1689B0x66c
0x16c4	0x16bf0x1781B0x701
0x16c5	0x16bf0x1689B0x66c
0x16c5	0x16bf0x1781B0x701
0x16c6	0x16bf0x1689B0x66c
0x16c6	0x16bf0x1781B0x701
0x16c7	0x16bf0x1689B0x66c
0x16c7	0x16bf0x1781B0x701
0x16c8	0x16bf0x1689B0x66c
0x16c8	0x16bf0x1781B0x701
0x16c9	0x16bf0x1689B0x66c
0x16c9	0x16bf0x1781B0x701
0x16cb	0x16bf0x1689B0x66c
0x16cb	0x16bf0x1781B0x701
0x16cc	0x16bf0x1689B0x66c
0x16cc	0x16bf0x1781B0x701
0x16cd	0x16bf0x1689B0x66c
0x16cd	0x16bf0x1781B0x701
0x16ce	0x16bf0x1689B0x66c
0x16ce	0x16bf0x1781B0x701
0x16cf	0x16bf0x1689B0x66c
0x16cf	0x16bf0x1781B0x701
0x16d0	0x16bf0x1689B0x66c
0x16d0	0x16bf0x1781B0x701
0x16d1	0x16bf0x1689B0x66c
0x16d1	0x16bf0x1781B0x701
0x16d4	0x16bf0x1689B0x66c
0x16d4	0x16bf0x1781B0x701
0x16d5	0x16d50x1689B0x66c
0x16d5	0x16d50x1781B0x701
0x16d7	0x16d50x1689B0x66c
0x16d7	0x16d50x1781B0x701
0x16d8	0x16d50x1689B0x66c
0x16d8	0x16d50x1781B0x701
0x16da	0x16d90x1689B0x66c
0x16da	0x16d90x1781B0x701
0x16db	0x16d90x1689B0x66c
0x16db	0x16d90x1781B0x701
0x16dc	0x16d90x1689B0x66c
0x16dc	0x16d90x1781B0x701
0x16dd	0x16d90x1689B0x66c
0x16dd	0x16d90x1781B0x701
0x16de	0x16d90x1689B0x66c
0x16de	0x16d90x1781B0x701
0x16df	0x16d90x1689B0x66c
0x16df	0x16d90x1781B0x701
0x16e0	0x16d90x1689B0x66c
0x16e0	0x16d90x1781B0x701
0x16e3	0x16d90x1689B0x66c
0x16e3	0x16d90x1781B0x701
0x16e4	0x16e40x1689B0x66c
0x16e4	0x16e40x1781B0x701
0x16e5	0x16e40x1689B0x66c
0x16e5	0x16e40x1781B0x701
0x16e7	0x16e40x1689B0x66c
0x16e7	0x16e40x1781B0x701
0x16e8	0x16e40x1689B0x66c
0x16e8	0x16e40x1781B0x701
0x16e9	0x16e40x1689B0x66c
0x16e9	0x16e40x1781B0x701
0x16ea	0x16e40x1689B0x66c
0x16ea	0x16e40x1781B0x701
0x16ec	0x16e40x1689B0x66c
0x16ec	0x16e40x1781B0x701
0x16ee	0x16ed0x1689B0x66c
0x16ee	0x16ed0x1781B0x701
0x16ef	0x16ed0x1689B0x66c
0x16ef	0x16ed0x1781B0x701
0x16f0	0x16ed0x1689B0x66c
0x16f0	0x16ed0x1781B0x701
0x16f1	0x16ed0x1689B0x66c
0x16f1	0x16ed0x1781B0x701
0x16f2	0x16ed0x1689B0x66c
0x16f2	0x16ed0x1781B0x701
0x16f3	0x16ed0x1689B0x66c
0x16f3	0x16ed0x1781B0x701
0x16f4	0x16ed0x1689B0x66c
0x16f4	0x16ed0x1781B0x701
0x16f5	0x16ed0x1689B0x66c
0x16f5	0x16ed0x1781B0x701
0x16f9	0x16f6B0x68c
0x16fa	0x16f6B0x68c
0x1703	0x16f6B0x68c
0x1708	0x16f6B0x68c
0x1709	0x16f6B0x68c
0x1726	0x1725
0x173a	0x1730
0x1742	0x1730
0x174f	0x174cB0x31790
0x174f	0x174cB0x1f25
0x174f	0x174cB0x3e722
0x174f	0x174cB0x3e791
0x174f	0x174cB0x20e5
0x174f	0x174cB0x7b0ab
0x174f	0x174cB0x87c29
0x174f	0x174cB0x87cab
0x174f	0x174cB0x87dc1
0x174f	0x174cB0x87ef5
0x174f	0x174cB0x997a7
0x174f	0x174cB0x998ac
0x174f	0x174cB0x204fB0xfd0
0x174f	0x174cB0x204fB0x13f6
0x174f	0x174cB0x4b420B0x520
0x174f	0x174cB0x57f93B0x5c2
0x174f	0x174cB0x204fB0x171d
0x174f	0x174cB0x204fB0x17bd
0x174f	0x174cB0x204fB0x1a53
0x174f	0x174cB0x204fB0x1e45
0x174f	0x174cB0x204fB0x15bdB0x5e2
0x174f	0x174cB0x204fB0x134dB0x461
0x174f	0x174cB0x204fB0x1497B0x54d
0x174f	0x174cB0x204fB0x153bB0x582
0x174f	0x174cB0x204fB0x1689B0x66c
0x174f	0x174cB0x204fB0x1781B0x701
0x174f	0x174cB0x204fB0x19c2B0x804
0x1750	0x174cB0x31790
0x1750	0x174cB0x1f25
0x1750	0x174cB0x3e722
0x1750	0x174cB0x3e791
0x1750	0x174cB0x20e5
0x1750	0x174cB0x7b0ab
0x1750	0x174cB0x87c29
0x1750	0x174cB0x87cab
0x1750	0x174cB0x87dc1
0x1750	0x174cB0x87ef5
0x1750	0x174cB0x997a7
0x1750	0x174cB0x998ac
0x1750	0x174cB0x204fB0xfd0
0x1750	0x174cB0x204fB0x13f6
0x1750	0x174cB0x4b420B0x520
0x1750	0x174cB0x57f93B0x5c2
0x1750	0x174cB0x204fB0x171d
0x1750	0x174cB0x204fB0x17bd
0x1750	0x174cB0x204fB0x1a53
0x1750	0x174cB0x204fB0x1e45
0x1750	0x174cB0x204fB0x15bdB0x5e2
0x1750	0x174cB0x204fB0x134dB0x461
0x1750	0x174cB0x204fB0x1497B0x54d
0x1750	0x174cB0x204fB0x153bB0x582
0x1750	0x174cB0x204fB0x1689B0x66c
0x1750	0x174cB0x204fB0x1781B0x701
0x1750	0x174cB0x204fB0x19c2B0x804
0x1759	0x174cB0x31790
0x1759	0x174cB0x1f25
0x1759	0x174cB0x3e722
0x1759	0x174cB0x3e791
0x1759	0x174cB0x20e5
0x1759	0x174cB0x7b0ab
0x1759	0x174cB0x87c29
0x1759	0x174cB0x87cab
0x1759	0x174cB0x87dc1
0x1759	0x174cB0x87ef5
0x1759	0x174cB0x997a7
0x1759	0x174cB0x998ac
0x1759	0x174cB0x204fB0xfd0
0x1759	0x174cB0x204fB0x13f6
0x1759	0x174cB0x4b420B0x520
0x1759	0x174cB0x57f93B0x5c2
0x1759	0x174cB0x204fB0x171d
0x1759	0x174cB0x204fB0x17bd
0x1759	0x174cB0x204fB0x1a53
0x1759	0x174cB0x204fB0x1e45
0x1759	0x174cB0x204fB0x15bdB0x5e2
0x1759	0x174cB0x204fB0x134dB0x461
0x1759	0x174cB0x204fB0x1497B0x54d
0x1759	0x174cB0x204fB0x153bB0x582
0x1759	0x174cB0x204fB0x1689B0x66c
0x1759	0x174cB0x204fB0x1781B0x701
0x1759	0x174cB0x204fB0x19c2B0x804
0x175e	0x174cB0x31790
0x175e	0x174cB0x1f25
0x175e	0x174cB0x3e722
0x175e	0x174cB0x3e791
0x175e	0x174cB0x20e5
0x175e	0x174cB0x7b0ab
0x175e	0x174cB0x87c29
0x175e	0x174cB0x87cab
0x175e	0x174cB0x87dc1
0x175e	0x174cB0x87ef5
0x175e	0x174cB0x997a7
0x175e	0x174cB0x998ac
0x175e	0x174cB0x204fB0xfd0
0x175e	0x174cB0x204fB0x13f6
0x175e	0x174cB0x4b420B0x520
0x175e	0x174cB0x57f93B0x5c2
0x175e	0x174cB0x204fB0x171d
0x175e	0x174cB0x204fB0x17bd
0x175e	0x174cB0x204fB0x1a53
0x175e	0x174cB0x204fB0x1e45
0x175e	0x174cB0x204fB0x15bdB0x5e2
0x175e	0x174cB0x204fB0x134dB0x461
0x175e	0x174cB0x204fB0x1497B0x54d
0x175e	0x174cB0x204fB0x153bB0x582
0x175e	0x174cB0x204fB0x1689B0x66c
0x175e	0x174cB0x204fB0x1781B0x701
0x175e	0x174cB0x204fB0x19c2B0x804
0x175f	0x174cB0x31790
0x175f	0x174cB0x1f25
0x175f	0x174cB0x3e722
0x175f	0x174cB0x3e791
0x175f	0x174cB0x20e5
0x175f	0x174cB0x7b0ab
0x175f	0x174cB0x87c29
0x175f	0x174cB0x87cab
0x175f	0x174cB0x87dc1
0x175f	0x174cB0x87ef5
0x175f	0x174cB0x997a7
0x175f	0x174cB0x998ac
0x175f	0x174cB0x204fB0xfd0
0x175f	0x174cB0x204fB0x13f6
0x175f	0x174cB0x4b420B0x520
0x175f	0x174cB0x57f93B0x5c2
0x175f	0x174cB0x204fB0x171d
0x175f	0x174cB0x204fB0x17bd
0x175f	0x174cB0x204fB0x1a53
0x175f	0x174cB0x204fB0x1e45
0x175f	0x174cB0x204fB0x15bdB0x5e2
0x175f	0x174cB0x204fB0x134dB0x461
0x175f	0x174cB0x204fB0x1497B0x54d
0x175f	0x174cB0x204fB0x153bB0x582
0x175f	0x174cB0x204fB0x1689B0x66c
0x175f	0x174cB0x204fB0x1781B0x701
0x175f	0x174cB0x204fB0x19c2B0x804
0x1771	0x176a
0x1795	0x1789B0x701
0x1797	0x1789B0x701
0x1798	0x1789B0x701
0x17a1	0x1789B0x701
0x17a3	0x1789B0x701
0x17a9	0x1789B0x701
0x17ad	0x1789B0x701
0x17ae	0x1789B0x701
0x17af	0x1789B0x701
0x17bb	0x17b7
0x17cf	0x17c5
0x17e3	0x17d9
0x17eb	0x17d9
0x17fa	0x17f0
0x180b	0x17ff
0x180d	0x17ff
0x182f	0x17ff
0x1832	0x17ff
0x1834	0x17ff
0x1837	0x17ff
0x183d	0x17ff
0x1843	0x1840
0x185a	0x184d
0x185b	0x184d
0x1860	0x184d
0x186b	0x184d
0x186f	0x184d
0x1870	0x184d
0x1876	0x184d
0x1877	0x184d
0x187b	0x184d
0x187c	0x184d
0x187e	0x184d
0x187f	0x184d
0x1881	0x184d
0x1883	0x184d
0x1884	0x184d
0x1885	0x184d
0x1887	0x184d
0x188b	0x184d
0x188d	0x184d
0x188f	0x184d
0x1891	0x184d
0x1895	0x184d
0x1898	0x184d
0x1899	0x184d
0x189e	0x184d
0x18a0	0x184d
0x18a2	0x184d
0x18a4	0x184d
0x18a5	0x184d
0x18a7	0x184d
0x18a9	0x184d
0x18ab	0x184d
0x18ad	0x184d
0x18ae	0x184d
0x18b0	0x184d
0x18b1	0x184d
0x18b2	0x184d
0x18b3	0x184d
0x18b4	0x184d
0x18b5	0x184d
0x18b7	0x184d
0x18b8	0x184d
0x18ba	0x184d
0x18bb	0x184d
0x18bc	0x184d
0x18c5	0x18c2
0x18c7	0x18c2
0x18c8	0x18c2
0x18d1	0x18c2
0x18d3	0x18d2
0x18de	0x18d2
0x18e2	0x18d2
0x18e3	0x18d2
0x18e5	0x18d2
0x18e9	0x18d2
0x18ea	0x18d2
0x18f1	0x18f0
0x18f2	0x18f0
0x18f3	0x18f0
0x18f4	0x18f0
0x18f5	0x18f0
0x18f6	0x18f0
0x18fd	0x18f0
0x18ff	0x18f0
0x1901	0x18f0
0x190b	0x18f0
0x190c	0x18f0
0x1911	0x18f0
0x1912	0x18f0
0x1913	0x18f0
0x1914	0x18f0
0x1915	0x18f0
0x1916	0x18f0
0x191b	0x18f0
0x191c	0x18f0
0x191e	0x18f0
0x1927	0x1924
0x1929	0x1924
0x192a	0x1924
0x1933	0x1924
0x1935	0x1934
0x1940	0x1934
0x1944	0x1934
0x1945	0x1934
0x1947	0x1934
0x194b	0x1934
0x194c	0x1934
0x1953	0x1952
0x1954	0x1952
0x1955	0x1952
0x1956	0x1952
0x1957	0x1952
0x1959	0x1952
0x195a	0x1952
0x195d	0x1952
0x195e	0x1952
0x1963	0x1952
0x1964	0x1952
0x1966	0x1952
0x196a	0x1952
0x196b	0x1952
0x1976	0x1973
0x197f	0x197e
0x1986	0x197e
0x1989	0x197e
0x198b	0x197e
0x198c	0x197e
0x198d	0x197e
0x198e	0x197e
0x198f	0x197e
0x1990	0x197e
0x1991	0x197e
0x1992	0x197e
0x1993	0x197e
0x1994	0x197e
0x199d	0x1996
0x19a3	0x199f
0x19a9	0x19a5
0x19ae	0x19abB0x7e4
0x19af	0x19abB0x7e4
0x19b8	0x19abB0x7e4
0x19bd	0x19abB0x7e4
0x19cd	0x19caB0x804
0x19ce	0x19caB0x804
0x19d7	0x19caB0x804
0x19d8	0x19caB0x804
0x19d9	0x19caB0x804
0x19db	0x19caB0x804
0x19ef	0x19caB0x804
0x19f1	0x19caB0x804
0x19f2	0x19caB0x804
0x19f4	0x19caB0x804
0x19f5	0x19caB0x804
0x19f7	0x19caB0x804
0x1a01	0x19caB0x804
0x1a03	0x19caB0x804
0x1a04	0x19caB0x804
0x1a05	0x19caB0x804
0x1a0b	0x19caB0x804
0x1a0f	0x19caB0x804
0x1a10	0x19caB0x804
0x1a11	0x19caB0x804
0x1a12	0x19caB0x804
0x1a13	0x19caB0x804
0x1a21	0x1a1bB0x804
0x1a22	0x1a1bB0x804
0x1a24	0x1a1bB0x804
0x1a27	0x1a1bB0x804
0x1a28	0x1a1bB0x804
0x1a2b	0x1a1bB0x804
0x1a33	0x1a31B0x804
0x1a36	0x1a35B0x804
0x1a3a	0x1a35B0x804
0x1a43	0x1a40B0x804
0x1a4a	0x1a49B0x804
0x1a4b	0x1a49B0x804
0x1a4c	0x1a49B0x804
0x1a4d	0x1a49B0x804
0x1a4e	0x1a49B0x804
0x1a4f	0x1a49B0x804
0x1a50	0x1a49B0x804
0x1a51	0x1a49B0x804
0x1a65	0x1a5b
0x1a7a	0x1a70
0x1a82	0x1a70
0x1a91	0x1a87
0x1ab0	0x1aa4
0x1ab2	0x1aa4
0x1ad4	0x1aa4
0x1ad7	0x1aa4
0x1ad9	0x1aa4
0x1adc	0x1aa4
0x1ae1	0x1aa4
0x1ae7	0x1ae4
0x1ae8	0x1ae4
0x1af1	0x1ae4
0x1afa	0x1ae4
0x1b11	0x1b07
0x1b19	0x1b07
0x1b22	0x1b1e
0x1b32	0x1b2c
0x1b38	0x1b37
0x1b39	0x1b37
0x1b3a	0x1b37
0x1b4c	0x1b42
0x1b54	0x1b42
0x1b5c	0x1b59
0x1b5d	0x1b59
0x1b66	0x1b59
0x1b72	0x1b59
0x1b81	0x1b77
0x1b89	0x1b77
0x1b90	0x1b8e
0x1b91	0x1b8e
0x1b96	0x1b8e
0x1b97	0x1b8e
0x1ba7	0x1b9d
0x1baf	0x1b9d
0x1bb7	0x1bb4
0x1bc9	0x1bb4
0x1bd3	0x1bb4
0x1bdd	0x1bb4
0x1bde	0x1bb4
0x1be0	0x1bb4
0x1be3	0x1bb4
0x1be4	0x1bb4
0x1be7	0x1bb4
0x1bef	0x1bed
0x1bf2	0x1bf1
0x1bf6	0x1bf1
0x1bff	0x1bfc
0x1c06	0x1c05
0x1c07	0x1c05
0x1c08	0x1c05
0x1c09	0x1c05
0x1c13	0x1c05
0x1c16	0x1c05
0x1c18	0x1c05
0x1c1c	0x1c05
0x1c1d	0x1c05
0x1c1f	0x1c05
0x1c23	0x1c05
0x1c24	0x1c05
0x1c2a	0x1c29
0x1c2b	0x1c29
0x1c34	0x1c29
0x1c44	0x1c3a
0x1c4c	0x1c3a
0x1c52	0x1c51
0x1c61	0x1c51
0x1c65	0x1c51
0x1c6f	0x1c51
0x1c79	0x1c51
0x1c7a	0x1c51
0x1c7c	0x1c51
0x1c7d	0x1c51
0x1c7e	0x1c51
0x1c7f	0x1c51
0x1c82	0x1c51
0x1c8a	0x1c88
0x1c8d	0x1c8c
0x1c91	0x1c8c
0x1c9a	0x1c97
0x1ca1	0x1ca0
0x1ca2	0x1ca0
0x1cae	0x1ca0
0x1cb8	0x1ca0
0x1cba	0x1ca0
0x1cbb	0x1ca0
0x1cc1	0x1ca0
0x1cc2	0x1ca0
0x1cc6	0x1ca0
0x1cc7	0x1ca0
0x1cc8	0x1ca0
0x1cc9	0x1ca0
0x1cca	0x1ca0
0x1ccb	0x1ca0
0x1cd9	0x1cd3
0x1cda	0x1cd3
0x1cdc	0x1cd3
0x1cdf	0x1cd3
0x1ce0	0x1cd3
0x1ce3	0x1cd3
0x1ceb	0x1ce9
0x1cee	0x1ced
0x1cf2	0x1ced
0x1cfb	0x1cf8
0x1d02	0x1d01
0x1d03	0x1d01
0x1d04	0x1d01
0x1d05	0x1d01
0x1d0f	0x1d01
0x1d12	0x1d01
0x1d14	0x1d01
0x1d18	0x1d01
0x1d19	0x1d01
0x1d1b	0x1d01
0x1d1f	0x1d01
0x1d20	0x1d01
0x1d26	0x1d25
0x1d29	0x1d25
0x1d2d	0x1d25
0x1d2e	0x1d25
0x1d34	0x1d25
0x1d35	0x1d25
0x1d39	0x1d25
0x1d3a	0x1d25
0x1d3c	0x1d25
0x1d46	0x1d25
0x1d47	0x1d25
0x1d4c	0x1d25
0x1d4d	0x1d25
0x1d59	0x1d25
0x1d5a	0x1d25
0x1d5c	0x1d25
0x1d5e	0x1d25
0x1d5f	0x1d25
0x1d61	0x1d25
0x1d65	0x1d25
0x1d67	0x1d25
0x1d68	0x1d25
0x1d6a	0x1d25
0x1d6b	0x1d25
0x1d6d	0x1d25
0x1d6e	0x1d25
0x1d6f	0x1d25
0x1d71	0x1d25
0x1d76	0x1d25
0x1d77	0x1d25
0x1d78	0x1d25
0x1d7e	0x1d7d
0x1d81	0x1d7d
0x1d82	0x1d7d
0x1d83	0x1d7d
0x1d84	0x1d7d
0x1d93	0x1d7d
0x1d94	0x1d7d
0x1d95	0x1d7d
0x1d97	0x1d7d
0x1d98	0x1d7d
0x1d9c	0x1d7d
0x1da6	0x1d7d
0x1dae	0x1d7d
0x1daf	0x1d7d
0x1db0	0x1d7d
0x1db1	0x1d7d
0x1db2	0x1d7d
0x1db3	0x1d7d
0x1db4	0x1d7d
0x1dbf	0x1db9
0x1dc0	0x1db9
0x1dc2	0x1db9
0x1dc5	0x1db9
0x1dc6	0x1db9
0x1dc9	0x1db9
0x1dd1	0x1dcf
0x1dd4	0x1dd3
0x1dd8	0x1dd3
0x1de1	0x1dde
0x1de8	0x1de7
0x1de9	0x1de7
0x1dea	0x1de7
0x1deb	0x1de7
0x1dec	0x1de7
0x1df6	0x1de7
0x1df7	0x1de7
0x1e22	0x1de7
0x1e23	0x1de7
0x1e25	0x1de7
0x1e27	0x1de7
0x1e28	0x1de7
0x1e29	0x1de7
0x1e2a	0x1de7
0x1e2b	0x1de7
0x1e2c	0x1de7
0x1e2d	0x1de7
0x1e2e	0x1de7
0x1e2f	0x1de7
0x1e30	0x1de7
0x1e31	0x1de7
0x1e3a	0x1e33
0x1e43	0x1e3f
0x1e57	0x1e4d
0x1e6c	0x1e62
0x1e74	0x1e62
0x1e83	0x1e79
0x1e94	0x1e88
0x1e96	0x1e88
0x1eb8	0x1e88
0x1ebb	0x1e88
0x1ebd	0x1e88
0x1ec0	0x1e88
0x1ec5	0x1e88
0x1eee	0x1ee4B0x8d0
0x1eee	0x1ee4B0x1b24
0x1eee	0x1ee4B0x115d
0x1eee	0x1ee4B0x2121B0x628
0x1eee	0x1ee4B0xb69B0x374
0x1ef6	0x1ee4B0x8d0
0x1ef6	0x1ee4B0x1b24
0x1ef6	0x1ee4B0x115d
0x1ef6	0x1ee4B0x2121B0x628
0x1ef6	0x1ee4B0xb69B0x374
0x1efe	0x1efb
0x1f02	0x1efb
0x1f03	0x1efb
0x1f0c	0x1efb
0x1f0f	0x1efb
0x1f16	0x1f15
0x1f1c	0x1f1b
0x1f1d	0x1f1b
0x1f31	0x1f30
0x1f40	0x1f36
0x1f62	0x1f58
0x1f6a	0x1f58
0x1f75	0x1f6f
0x1f76	0x1f6f
0x1f7a	0x1f6f
0x1f81	0x1f6f
0x1f84	0x1f6f
0x1faa	0x1f6f
0x1fac	0x1f6f
0x1fbb	0x1fb1
0x1fcf	0x1fc5
0x1fd7	0x1fc5
0x1fde	0x1fdcB0x209a
0x1fde	0x1fdcB0xf88
0x1fde	0x1fdcB0x106f
0x1fde	0x1fdcB0x1ae4
0x1fde	0x1fdcB0x2004B0xfc2
0x1fe3	0x1fe0B0xfc2
0x1fe4	0x1fe0B0xfc2
0x1fed	0x1fe0B0xfc2
0x1ff2	0x1fe0B0xfc2
0x1ff3	0x1fe0B0xfc2
0x2015	0x200bB0xfc2
0x201f	0x200bB0xfc2
0x2047	0x200bB0xfc2
0x2048	0x200bB0xfc2
0x204a	0x200bB0xfc2
0x204c	0x200bB0xfc2
0x204d	0x200bB0xfc2
0x2069	0x205fB0xfd0
0x2069	0x205fB0x13f6
0x2069	0x205fB0x171d
0x2069	0x205fB0x17bd
0x2069	0x205fB0x1a53
0x2069	0x205fB0x1e45
0x2069	0x205fB0x15bdB0x5e2
0x2069	0x205fB0x134dB0x461
0x2069	0x205fB0x1497B0x54d
0x2069	0x205fB0x153bB0x582
0x2069	0x205fB0x1689B0x66c
0x2069	0x205fB0x1781B0x701
0x2069	0x205fB0x19c2B0x804
0x2071	0x205fB0xfd0
0x2071	0x205fB0x13f6
0x2071	0x205fB0x171d
0x2071	0x205fB0x17bd
0x2071	0x205fB0x1a53
0x2071	0x205fB0x1e45
0x2071	0x205fB0x15bdB0x5e2
0x2071	0x205fB0x134dB0x461
0x2071	0x205fB0x1497B0x54d
0x2071	0x205fB0x153bB0x582
0x2071	0x205fB0x1689B0x66c
0x2071	0x205fB0x1781B0x701
0x2071	0x205fB0x19c2B0x804
0x2079	0x2076
0x207a	0x2076
0x2083	0x2076
0x2088	0x2076
0x2089	0x2076
0x20ab	0x20a1
0x20b5	0x20a1
0x20dd	0x20a1
0x20de	0x20a1
0x20e0	0x20a1
0x20e2	0x20a1
0x20e3	0x20a1
0x20f1	0x20f0
0x2100	0x20f6
0x2114	0x210a
0x211c	0x210a
0x212c	0x2129B0x628
0x2135	0x2129B0x628
0x215b	0x2129B0x628
0x215f	0x2129B0x628
0x2161	0x2129B0x628
0x2176	0x2170B0x16f6B0x68c
0x2177	0x2170B0x16f6B0x68c
0x2182	0x217cB0x174cB0x31790
0x2182	0x217cB0x174cB0x1f25
0x2182	0x217cB0x174cB0x3e722
0x2182	0x217cB0x174cB0x3e791
0x2182	0x217cB0x174cB0x20e5
0x2182	0x217cB0x174cB0x7b0ab
0x2182	0x217cB0x174cB0x87c29
0x2182	0x217cB0x174cB0x87cab
0x2182	0x217cB0x174cB0x87dc1
0x2182	0x217cB0x174cB0x87ef5
0x2182	0x217cB0x174cB0x997a7
0x2182	0x217cB0x174cB0x998ac
0x2182	0x217cB0x174cB0x204fB0xfd0
0x2182	0x217cB0x174cB0x204fB0x13f6
0x2182	0x217cB0x174cB0x4b420B0x520
0x2182	0x217cB0x174cB0x57f93B0x5c2
0x2182	0x217cB0x174cB0x204fB0x171d
0x2182	0x217cB0x174cB0x204fB0x17bd
0x2182	0x217cB0x174cB0x204fB0x1a53
0x2182	0x217cB0x174cB0x204fB0x1e45
0x2182	0x217cB0x174cB0x204fB0x15bdB0x5e2
0x2182	0x217cB0x174cB0x204fB0x134dB0x461
0x2182	0x217cB0x174cB0x204fB0x1497B0x54d
0x2182	0x217cB0x174cB0x204fB0x153bB0x582
0x2182	0x217cB0x174cB0x204fB0x1689B0x66c
0x2182	0x217cB0x174cB0x204fB0x1781B0x701
0x2182	0x217cB0x174cB0x204fB0x19c2B0x804
0x218b	0x217cB0x174cB0x31790
0x218b	0x217cB0x174cB0x1f25
0x218b	0x217cB0x174cB0x3e722
0x218b	0x217cB0x174cB0x3e791
0x218b	0x217cB0x174cB0x20e5
0x218b	0x217cB0x174cB0x7b0ab
0x218b	0x217cB0x174cB0x87c29
0x218b	0x217cB0x174cB0x87cab
0x218b	0x217cB0x174cB0x87dc1
0x218b	0x217cB0x174cB0x87ef5
0x218b	0x217cB0x174cB0x997a7
0x218b	0x217cB0x174cB0x998ac
0x218b	0x217cB0x174cB0x204fB0xfd0
0x218b	0x217cB0x174cB0x204fB0x13f6
0x218b	0x217cB0x174cB0x4b420B0x520
0x218b	0x217cB0x174cB0x57f93B0x5c2
0x218b	0x217cB0x174cB0x204fB0x171d
0x218b	0x217cB0x174cB0x204fB0x17bd
0x218b	0x217cB0x174cB0x204fB0x1a53
0x218b	0x217cB0x174cB0x204fB0x1e45
0x218b	0x217cB0x174cB0x204fB0x15bdB0x5e2
0x218b	0x217cB0x174cB0x204fB0x134dB0x461
0x218b	0x217cB0x174cB0x204fB0x1497B0x54d
0x218b	0x217cB0x174cB0x204fB0x153bB0x582
0x218b	0x217cB0x174cB0x204fB0x1689B0x66c
0x218b	0x217cB0x174cB0x204fB0x1781B0x701
0x218b	0x217cB0x174cB0x204fB0x19c2B0x804
0x2197	0x2191B0x19abB0x7e4
0x21a7	0x21a4B0x8c7
0x21ad	0x21a4B0x8c7
0x21d3	0x21a4B0x8c7
0x21d7	0x21a4B0x8c7
0x21d9	0x21a4B0x8c7
0x21e1	0x21de
0x21e2	0x21de
0x21e3	0x21de
0x21f4	0x21ea
0x21fc	0x21ea
0x21fd	0x21ea
0x2203	0x2202
0x2204	0x2202
0x2205	0x2202
0x2206	0x2202
0x2208	0x2202
0x2210	0x220aB0x1fe0B0xfc2
0x2219	0x220aB0x1fe0B0xfc2
0x2225	0x221fB0x2076
0x222e	0x221fB0x2076
0x2235	0x2234B0x16f6B0x68c
0x2239	0x2234B0x16f6B0x68c
0x223a	0x2234B0x16f6B0x68c
0x224a	0x2240B0x16f6B0x68c
0x2252	0x2240B0x16f6B0x68c
0x2258	0x2257B0x16f6B0x68c
0x225c	0x2257B0x16f6B0x68c
0x225d	0x2257B0x16f6B0x68c
0x225f	0x2257B0x16f6B0x68c
0x2267	0x2266B0x16f6B0x68c
0x2272	0x2266B0x16f6B0x68c
0x2273	0x2266B0x16f6B0x68c
0x2274	0x2266B0x16f6B0x68c
0x2275	0x2266B0x16f6B0x68c
0x2276	0x2266B0x16f6B0x68c
0x2277	0x2266B0x16f6B0x68c
0x227c	0x2279B0x217cB0x174cB0x31790
0x227c	0x2279B0x217cB0x174cB0x1f25
0x227c	0x2279B0x217cB0x174cB0x3e722
0x227c	0x2279B0x217cB0x174cB0x3e791
0x227c	0x2279B0x217cB0x174cB0x20e5
0x227c	0x2279B0x217cB0x174cB0x7b0ab
0x227c	0x2279B0x217cB0x174cB0x87c29
0x227c	0x2279B0x217cB0x174cB0x87cab
0x227c	0x2279B0x217cB0x174cB0x87dc1
0x227c	0x2279B0x217cB0x174cB0x87ef5
0x227c	0x2279B0x217cB0x174cB0x997a7
0x227c	0x2279B0x217cB0x174cB0x998ac
0x227c	0x2279B0x217cB0x174cB0x204fB0xfd0
0x227c	0x2279B0x217cB0x174cB0x204fB0x13f6
0x227c	0x2279B0x217cB0x174cB0x4b420B0x520
0x227c	0x2279B0x217cB0x174cB0x57f93B0x5c2
0x227c	0x2279B0x217cB0x174cB0x204fB0x171d
0x227c	0x2279B0x217cB0x174cB0x204fB0x17bd
0x227c	0x2279B0x217cB0x174cB0x204fB0x1a53
0x227c	0x2279B0x217cB0x174cB0x204fB0x1e45
0x227c	0x2279B0x22b7B0x220aB0x1fe0B0xfc2
0x227c	0x2279B0x217cB0x174cB0x204fB0x15bdB0x5e2
0x227c	0x2279B0x217cB0x174cB0x204fB0x134dB0x461
0x227c	0x2279B0x217cB0x174cB0x204fB0x1497B0x54d
0x227c	0x2279B0x217cB0x174cB0x204fB0x153bB0x582
0x227c	0x2279B0x217cB0x174cB0x204fB0x1689B0x66c
0x227c	0x2279B0x217cB0x174cB0x204fB0x1781B0x701
0x227c	0x2279B0x217cB0x174cB0x204fB0x19c2B0x804
0x227d	0x2279B0x217cB0x174cB0x31790
0x227d	0x2279B0x217cB0x174cB0x1f25
0x227d	0x2279B0x217cB0x174cB0x3e722
0x227d	0x2279B0x217cB0x174cB0x3e791
0x227d	0x2279B0x217cB0x174cB0x20e5
0x227d	0x2279B0x217cB0x174cB0x7b0ab
0x227d	0x2279B0x217cB0x174cB0x87c29
0x227d	0x2279B0x217cB0x174cB0x87cab
0x227d	0x2279B0x217cB0x174cB0x87dc1
0x227d	0x2279B0x217cB0x174cB0x87ef5
0x227d	0x2279B0x217cB0x174cB0x997a7
0x227d	0x2279B0x217cB0x174cB0x998ac
0x227d	0x2279B0x217cB0x174cB0x204fB0xfd0
0x227d	0x2279B0x217cB0x174cB0x204fB0x13f6
0x227d	0x2279B0x217cB0x174cB0x4b420B0x520
0x227d	0x2279B0x217cB0x174cB0x57f93B0x5c2
0x227d	0x2279B0x217cB0x174cB0x204fB0x171d
0x227d	0x2279B0x217cB0x174cB0x204fB0x17bd
0x227d	0x2279B0x217cB0x174cB0x204fB0x1a53
0x227d	0x2279B0x217cB0x174cB0x204fB0x1e45
0x227d	0x2279B0x22b7B0x220aB0x1fe0B0xfc2
0x227d	0x2279B0x217cB0x174cB0x204fB0x15bdB0x5e2
0x227d	0x2279B0x217cB0x174cB0x204fB0x134dB0x461
0x227d	0x2279B0x217cB0x174cB0x204fB0x1497B0x54d
0x227d	0x2279B0x217cB0x174cB0x204fB0x153bB0x582
0x227d	0x2279B0x217cB0x174cB0x204fB0x1689B0x66c
0x227d	0x2279B0x217cB0x174cB0x204fB0x1781B0x701
0x227d	0x2279B0x217cB0x174cB0x204fB0x19c2B0x804
0x2281	0x2279B0x217cB0x174cB0x31790
0x2281	0x2279B0x217cB0x174cB0x1f25
0x2281	0x2279B0x217cB0x174cB0x3e722
0x2281	0x2279B0x217cB0x174cB0x3e791
0x2281	0x2279B0x217cB0x174cB0x20e5
0x2281	0x2279B0x217cB0x174cB0x7b0ab
0x2281	0x2279B0x217cB0x174cB0x87c29
0x2281	0x2279B0x217cB0x174cB0x87cab
0x2281	0x2279B0x217cB0x174cB0x87dc1
0x2281	0x2279B0x217cB0x174cB0x87ef5
0x2281	0x2279B0x217cB0x174cB0x997a7
0x2281	0x2279B0x217cB0x174cB0x998ac
0x2281	0x2279B0x217cB0x174cB0x204fB0xfd0
0x2281	0x2279B0x217cB0x174cB0x204fB0x13f6
0x2281	0x2279B0x217cB0x174cB0x4b420B0x520
0x2281	0x2279B0x217cB0x174cB0x57f93B0x5c2
0x2281	0x2279B0x217cB0x174cB0x204fB0x171d
0x2281	0x2279B0x217cB0x174cB0x204fB0x17bd
0x2281	0x2279B0x217cB0x174cB0x204fB0x1a53
0x2281	0x2279B0x217cB0x174cB0x204fB0x1e45
0x2281	0x2279B0x22b7B0x220aB0x1fe0B0xfc2
0x2281	0x2279B0x217cB0x174cB0x204fB0x15bdB0x5e2
0x2281	0x2279B0x217cB0x174cB0x204fB0x134dB0x461
0x2281	0x2279B0x217cB0x174cB0x204fB0x1497B0x54d
0x2281	0x2279B0x217cB0x174cB0x204fB0x153bB0x582
0x2281	0x2279B0x217cB0x174cB0x204fB0x1689B0x66c
0x2281	0x2279B0x217cB0x174cB0x204fB0x1781B0x701
0x2281	0x2279B0x217cB0x174cB0x204fB0x19c2B0x804
0x2282	0x2279B0x217cB0x174cB0x31790
0x2282	0x2279B0x217cB0x174cB0x1f25
0x2282	0x2279B0x217cB0x174cB0x3e722
0x2282	0x2279B0x217cB0x174cB0x3e791
0x2282	0x2279B0x217cB0x174cB0x20e5
0x2282	0x2279B0x217cB0x174cB0x7b0ab
0x2282	0x2279B0x217cB0x174cB0x87c29
0x2282	0x2279B0x217cB0x174cB0x87cab
0x2282	0x2279B0x217cB0x174cB0x87dc1
0x2282	0x2279B0x217cB0x174cB0x87ef5
0x2282	0x2279B0x217cB0x174cB0x997a7
0x2282	0x2279B0x217cB0x174cB0x998ac
0x2282	0x2279B0x217cB0x174cB0x204fB0xfd0
0x2282	0x2279B0x217cB0x174cB0x204fB0x13f6
0x2282	0x2279B0x217cB0x174cB0x4b420B0x520
0x2282	0x2279B0x217cB0x174cB0x57f93B0x5c2
0x2282	0x2279B0x217cB0x174cB0x204fB0x171d
0x2282	0x2279B0x217cB0x174cB0x204fB0x17bd
0x2282	0x2279B0x217cB0x174cB0x204fB0x1a53
0x2282	0x2279B0x217cB0x174cB0x204fB0x1e45
0x2282	0x2279B0x22b7B0x220aB0x1fe0B0xfc2
0x2282	0x2279B0x217cB0x174cB0x204fB0x15bdB0x5e2
0x2282	0x2279B0x217cB0x174cB0x204fB0x134dB0x461
0x2282	0x2279B0x217cB0x174cB0x204fB0x1497B0x54d
0x2282	0x2279B0x217cB0x174cB0x204fB0x153bB0x582
0x2282	0x2279B0x217cB0x174cB0x204fB0x1689B0x66c
0x2282	0x2279B0x217cB0x174cB0x204fB0x1781B0x701
0x2282	0x2279B0x217cB0x174cB0x204fB0x19c2B0x804
0x2283	0x2279B0x217cB0x174cB0x31790
0x2283	0x2279B0x217cB0x174cB0x1f25
0x2283	0x2279B0x217cB0x174cB0x3e722
0x2283	0x2279B0x217cB0x174cB0x3e791
0x2283	0x2279B0x217cB0x174cB0x20e5
0x2283	0x2279B0x217cB0x174cB0x7b0ab
0x2283	0x2279B0x217cB0x174cB0x87c29
0x2283	0x2279B0x217cB0x174cB0x87cab
0x2283	0x2279B0x217cB0x174cB0x87dc1
0x2283	0x2279B0x217cB0x174cB0x87ef5
0x2283	0x2279B0x217cB0x174cB0x997a7
0x2283	0x2279B0x217cB0x174cB0x998ac
0x2283	0x2279B0x217cB0x174cB0x204fB0xfd0
0x2283	0x2279B0x217cB0x174cB0x204fB0x13f6
0x2283	0x2279B0x217cB0x174cB0x4b420B0x520
0x2283	0x2279B0x217cB0x174cB0x57f93B0x5c2
0x2283	0x2279B0x217cB0x174cB0x204fB0x171d
0x2283	0x2279B0x217cB0x174cB0x204fB0x17bd
0x2283	0x2279B0x217cB0x174cB0x204fB0x1a53
0x2283	0x2279B0x217cB0x174cB0x204fB0x1e45
0x2283	0x2279B0x22b7B0x220aB0x1fe0B0xfc2
0x2283	0x2279B0x217cB0x174cB0x204fB0x15bdB0x5e2
0x2283	0x2279B0x217cB0x174cB0x204fB0x134dB0x461
0x2283	0x2279B0x217cB0x174cB0x204fB0x1497B0x54d
0x2283	0x2279B0x217cB0x174cB0x204fB0x153bB0x582
0x2283	0x2279B0x217cB0x174cB0x204fB0x1689B0x66c
0x2283	0x2279B0x217cB0x174cB0x204fB0x1781B0x701
0x2283	0x2279B0x217cB0x174cB0x204fB0x19c2B0x804
0x228a	0x2279B0x217cB0x174cB0x31790
0x228a	0x2279B0x217cB0x174cB0x1f25
0x228a	0x2279B0x217cB0x174cB0x3e722
0x228a	0x2279B0x217cB0x174cB0x3e791
0x228a	0x2279B0x217cB0x174cB0x20e5
0x228a	0x2279B0x217cB0x174cB0x7b0ab
0x228a	0x2279B0x217cB0x174cB0x87c29
0x228a	0x2279B0x217cB0x174cB0x87cab
0x228a	0x2279B0x217cB0x174cB0x87dc1
0x228a	0x2279B0x217cB0x174cB0x87ef5
0x228a	0x2279B0x217cB0x174cB0x997a7
0x228a	0x2279B0x217cB0x174cB0x998ac
0x228a	0x2279B0x217cB0x174cB0x204fB0xfd0
0x228a	0x2279B0x217cB0x174cB0x204fB0x13f6
0x228a	0x2279B0x217cB0x174cB0x4b420B0x520
0x228a	0x2279B0x217cB0x174cB0x57f93B0x5c2
0x228a	0x2279B0x217cB0x174cB0x204fB0x171d
0x228a	0x2279B0x217cB0x174cB0x204fB0x17bd
0x228a	0x2279B0x217cB0x174cB0x204fB0x1a53
0x228a	0x2279B0x217cB0x174cB0x204fB0x1e45
0x228a	0x2279B0x22b7B0x220aB0x1fe0B0xfc2
0x228a	0x2279B0x217cB0x174cB0x204fB0x15bdB0x5e2
0x228a	0x2279B0x217cB0x174cB0x204fB0x134dB0x461
0x228a	0x2279B0x217cB0x174cB0x204fB0x1497B0x54d
0x228a	0x2279B0x217cB0x174cB0x204fB0x153bB0x582
0x228a	0x2279B0x217cB0x174cB0x204fB0x1689B0x66c
0x228a	0x2279B0x217cB0x174cB0x204fB0x1781B0x701
0x228a	0x2279B0x217cB0x174cB0x204fB0x19c2B0x804
0x228f	0x2279B0x217cB0x174cB0x31790
0x228f	0x2279B0x217cB0x174cB0x1f25
0x228f	0x2279B0x217cB0x174cB0x3e722
0x228f	0x2279B0x217cB0x174cB0x3e791
0x228f	0x2279B0x217cB0x174cB0x20e5
0x228f	0x2279B0x217cB0x174cB0x7b0ab
0x228f	0x2279B0x217cB0x174cB0x87c29
0x228f	0x2279B0x217cB0x174cB0x87cab
0x228f	0x2279B0x217cB0x174cB0x87dc1
0x228f	0x2279B0x217cB0x174cB0x87ef5
0x228f	0x2279B0x217cB0x174cB0x997a7
0x228f	0x2279B0x217cB0x174cB0x998ac
0x228f	0x2279B0x217cB0x174cB0x204fB0xfd0
0x228f	0x2279B0x217cB0x174cB0x204fB0x13f6
0x228f	0x2279B0x217cB0x174cB0x4b420B0x520
0x228f	0x2279B0x217cB0x174cB0x57f93B0x5c2
0x228f	0x2279B0x217cB0x174cB0x204fB0x171d
0x228f	0x2279B0x217cB0x174cB0x204fB0x17bd
0x228f	0x2279B0x217cB0x174cB0x204fB0x1a53
0x228f	0x2279B0x217cB0x174cB0x204fB0x1e45
0x228f	0x2279B0x22b7B0x220aB0x1fe0B0xfc2
0x228f	0x2279B0x217cB0x174cB0x204fB0x15bdB0x5e2
0x228f	0x2279B0x217cB0x174cB0x204fB0x134dB0x461
0x228f	0x2279B0x217cB0x174cB0x204fB0x1497B0x54d
0x228f	0x2279B0x217cB0x174cB0x204fB0x153bB0x582
0x228f	0x2279B0x217cB0x174cB0x204fB0x1689B0x66c
0x228f	0x2279B0x217cB0x174cB0x204fB0x1781B0x701
0x228f	0x2279B0x217cB0x174cB0x204fB0x19c2B0x804
0x2293	0x2291B0x19abB0x7e4
0x22aa	0x22a0B0x219cB0x8c7
0x22b2	0x22a0B0x219cB0x8c7
0x22bd	0x22b7B0x220aB0x1fe0B0xfc2
0x22be	0x22b7B0x220aB0x1fe0B0xfc2
0x22c9	0x22c8B0x220aB0x1fe0B0xfc2
0x22cd	0x22c8B0x220aB0x1fe0B0xfc2
0x22ce	0x22c8B0x220aB0x1fe0B0xfc2
0x22d0	0x22c8B0x220aB0x1fe0B0xfc2
0x22d4	0x22c8B0x220aB0x1fe0B0xfc2
0x22d5	0x22c8B0x220aB0x1fe0B0xfc2
0x22d9	0x22c8B0x220aB0x1fe0B0xfc2
0x22da	0x22c8B0x220aB0x1fe0B0xfc2
0x22dc	0x22c8B0x220aB0x1fe0B0xfc2
0x22dd	0x22c8B0x220aB0x1fe0B0xfc2
0x22df	0x22c8B0x220aB0x1fe0B0xfc2
0x22e0	0x22c8B0x220aB0x1fe0B0xfc2
0x22e2	0x22c8B0x220aB0x1fe0B0xfc2
0x22e4	0x22c8B0x220aB0x1fe0B0xfc2
0x22e5	0x22c8B0x220aB0x1fe0B0xfc2
0x22e7	0x22c8B0x220aB0x1fe0B0xfc2
0x22e8	0x22c8B0x220aB0x1fe0B0xfc2
0x22ea	0x22c8B0x220aB0x1fe0B0xfc2
0x22eb	0x22c8B0x220aB0x1fe0B0xfc2
0x22ef	0x22c8B0x220aB0x1fe0B0xfc2
0x22f1	0x22c8B0x220aB0x1fe0B0xfc2
0x22f2	0x22c8B0x220aB0x1fe0B0xfc2
0x22f3	0x22c8B0x220aB0x1fe0B0xfc2
0x22fa	0x22f9B0x220aB0x1fe0B0xfc2
0x2304	0x2301B0x221fB0x2076
0x2305	0x2301B0x221fB0x2076
0x2309	0x2301B0x221fB0x2076
0x2310	0x2301B0x221fB0x2076
0x2313	0x2301B0x221fB0x2076
0x231e	0x2319B0x221fB0x2076
0x231f	0x2319B0x221fB0x2076
0x2321	0x2319B0x221fB0x2076
0x2322	0x2319B0x221fB0x2076
0x2323	0x2319B0x221fB0x2076
0x2325	0x2319B0x221fB0x2076
0x2328	0x2319B0x221fB0x2076
0x2329	0x2319B0x221fB0x2076
0x232a	0x2319B0x221fB0x2076
0x232b	0x2319B0x221fB0x2076
0x232c	0x2319B0x221fB0x2076
0x232d	0x2319B0x221fB0x2076
0x2335	0x2334B0x221fB0x2076
0x2340	0x2334B0x221fB0x2076
0x2341	0x2334B0x221fB0x2076
0x2342	0x2334B0x221fB0x2076
0x2343	0x2334B0x221fB0x2076
0x2347	0x2334B0x221fB0x2076
0x2348	0x2334B0x221fB0x2076
0x234a	0x2334B0x221fB0x2076
0x2354	0x2351B0x221fB0x2076
0x2355	0x2351B0x221fB0x2076
0x2359	0x2351B0x221fB0x2076
0x235a	0x2351B0x221fB0x2076
0x235c	0x2351B0x221fB0x2076
0x235d	0x2351B0x221fB0x2076
0x235f	0x2351B0x221fB0x2076
0x2360	0x2351B0x221fB0x2076
0x2361	0x2351B0x221fB0x2076
0x2363	0x2351B0x221fB0x2076
0x2364	0x2351B0x221fB0x2076
0x2368	0x2351B0x221fB0x2076
0x2369	0x2351B0x221fB0x2076
0x236b	0x2351B0x221fB0x2076
0x236c	0x2351B0x221fB0x2076
0x2370	0x2351B0x221fB0x2076
0x2372	0x2351B0x221fB0x2076
0x2373	0x2351B0x221fB0x2076
0x2375	0x2351B0x221fB0x2076
0x2377	0x2351B0x221fB0x2076
0x2379	0x2351B0x221fB0x2076
0x237a	0x2351B0x221fB0x2076
0x237b	0x2351B0x221fB0x2076
0x2384	0x2381B0x221fB0x2076
0x2386	0x2381B0x221fB0x2076
0x2387	0x2381B0x221fB0x2076
0x2388	0x2381B0x221fB0x2076
0x2394	0x2381B0x221fB0x2076
0x2396	0x2381B0x221fB0x2076
0x2398	0x2381B0x221fB0x2076
0x239e	0x2381B0x221fB0x2076
0x239f	0x2381B0x221fB0x2076
0x23a4	0x2381B0x221fB0x2076
0x23a5	0x2381B0x221fB0x2076
0x23af	0x2381B0x221fB0x2076
0x23b3	0x2381B0x221fB0x2076
0x23b4	0x2381B0x221fB0x2076
0x23b5	0x2381B0x221fB0x2076
0x23b6	0x2381B0x221fB0x2076
0x23b7	0x2381B0x221fB0x2076
0x23b8	0x2381B0x221fB0x2076
0x23c0	0x23bdB0x221fB0x2076
0x23c1	0x23bdB0x221fB0x2076
0x23c2	0x23bdB0x221fB0x2076
0x23c8	0x23c7B0x942
0x23c8	0x23c7B0x1d25
0x23c9	0x23c7B0x942
0x23c9	0x23c7B0x1d25
0x23cd	0x23c7B0x942
0x23cd	0x23c7B0x1d25
0x23da	0x23c7B0x942
0x23da	0x23c7B0x1d25
0x23dc	0x23c7B0x942
0x23dc	0x23c7B0x1d25
0x23e5	0x23c7B0x942
0x23e5	0x23c7B0x1d25
0x23eb	0x23c7B0x942
0x23eb	0x23c7B0x1d25
0x23ed	0x23c7B0x942
0x23ed	0x23c7B0x1d25
0x23ef	0x23c7B0x942
0x23ef	0x23c7B0x1d25
0x23f0	0x23c7B0x942
0x23f0	0x23c7B0x1d25
0x23f9	0x23f8B0x942
0x23f9	0x23f8B0x1d25
0x23fe	0x23f8B0x942
0x23fe	0x23f8B0x1d25
0x2402	0x23f8B0x942
0x2402	0x23f8B0x1d25
0x2409	0x2408B0x942
0x2409	0x2408B0x1d25
0x240a	0x2408B0x942
0x240a	0x2408B0x1d25
0x240f	0x2408B0x942
0x240f	0x2408B0x1d25
0x2411	0x2408B0x942
0x2411	0x2408B0x1d25
0x2418	0x2417B0x942
0x2418	0x2417B0x1d25
0x241b	0x241aB0x942
0x241b	0x241aB0x1d25
0x241c	0x241aB0x942
0x241c	0x241aB0x1d25
0x2425	0x2423B0x942
0x2425	0x2423B0x1d25
0x2427	0x2423B0x942
0x2427	0x2423B0x1d25
0x242b	0x2423B0x942
0x242b	0x2423B0x1d25
0x242c	0x2423B0x942
0x242c	0x2423B0x1d25
0x2430	0x2423B0x942
0x2430	0x2423B0x1d25
0x2436	0x2435B0x942
0x2436	0x2435B0x1d25
0x243a	0x2435B0x942
0x243a	0x2435B0x1d25
0x243b	0x2435B0x942
0x243b	0x2435B0x1d25
0x243c	0x2435B0x942
0x243c	0x2435B0x1d25
0x2446	0x2445B0xc74B0x374
0x2446	0x2445B0xd1dB0x374
0x2447	0x2445B0xc74B0x374
0x2447	0x2445B0xd1dB0x374
0x2449	0x2445B0xc74B0x374
0x2449	0x2445B0xd1dB0x374
0x244a	0x2445B0xc74B0x374
0x244a	0x2445B0xd1dB0x374
0x244c	0x2445B0xc74B0x374
0x244c	0x2445B0xd1dB0x374
0x2455	0x2445B0xc74B0x374
0x2455	0x2445B0xd1dB0x374
0x2456	0x2445B0xc74B0x374
0x2456	0x2445B0xd1dB0x374
0x2458	0x2445B0xc74B0x374
0x2458	0x2445B0xd1dB0x374
0x2459	0x2445B0xc74B0x374
0x2459	0x2445B0xd1dB0x374
0x2463	0x245fB0xc74B0x374
0x2463	0x245fB0xd1dB0x374
0x2466	0x2465B0xc74B0x374
0x2466	0x2465B0xd1dB0x374
0x2467	0x2465B0xc74B0x374
0x2467	0x2465B0xd1dB0x374
0x2470	0x246eB0xc74B0x374
0x2470	0x246eB0xd1dB0x374
0x2484	0x246eB0xc74B0x374
0x2484	0x246eB0xd1dB0x374
0x2485	0x246eB0xc74B0x374
0x2485	0x246eB0xd1dB0x374
0x2488	0x246eB0xc74B0x374
0x2488	0x246eB0xd1dB0x374
0x248c	0x246eB0xc74B0x374
0x248c	0x246eB0xd1dB0x374
0x248d	0x246eB0xc74B0x374
0x248d	0x246eB0xd1dB0x374
0x248f	0x246eB0xc74B0x374
0x248f	0x246eB0xd1dB0x374
0x2492	0x246eB0xc74B0x374
0x2492	0x246eB0xd1dB0x374
0x2493	0x246eB0xc74B0x374
0x2493	0x246eB0xd1dB0x374
0x2495	0x246eB0xc74B0x374
0x2495	0x246eB0xd1dB0x374
0x249b	0x249aB0xc74B0x374
0x249b	0x249aB0xd1dB0x374
0x249f	0x249aB0xc74B0x374
0x249f	0x249aB0xd1dB0x374
0x24a0	0x249aB0xc74B0x374
0x24a0	0x249aB0xd1dB0x374
0x24a1	0x249aB0xc74B0x374
0x24a1	0x249aB0xd1dB0x374
0x24a9	0x24a6
0x24ad	0x24a6
0x24af	0x24a6
0x24b3	0x24a6
0x24b4	0x24a6
0x24b8	0x24a6
0x24ba	0x24a6
0x24bb	0x24a6
0x24bf	0x24a6
0x24c0	0x24a6
0x24c2	0x24a6
0x24c3	0x24a6
0x24c5	0x24a6
0x24c6	0x24a6
0x24c8	0x24a6
0x24c9	0x24a6
0x24ca	0x24a6
0x24cc	0x24a6
0x24cf	0x24a6
0x24d1	0x24a6
0x24d2	0x24a6
0x24d9	0x24a6
0x24db	0x24a6
0x24dc	0x24a6
0x24e2	0x24deB0x2435B0x942
0x24e2	0x24deB0x2435B0x1d25
0x24e3	0x24deB0x2435B0x942
0x24e3	0x24deB0x2435B0x1d25
0x24e5	0x24e4B0x24deB0x2435B0x942
0x24e5	0x24e4B0x24deB0x2435B0x1d25
0x24e6	0x24e4B0x24deB0x2435B0x942
0x24e6	0x24e4B0x24deB0x2435B0x1d25
0x24ef	0x24edB0x24deB0x2435B0x942
0x24ef	0x24edB0x24deB0x2435B0x1d25
0x24fc	0x24f8B0x249aB0xc74B0x374
0x24fc	0x24f8B0x249aB0xd1dB0x374
0x24fd	0x24f8B0x249aB0xc74B0x374
0x24fd	0x24f8B0x249aB0xd1dB0x374
0x24ff	0x24feB0x24f8B0x249aB0xc74B0x374
0x24ff	0x24feB0x24f8B0x249aB0xd1dB0x374
0x2500	0x24feB0x24f8B0x249aB0xc74B0x374
0x2500	0x24feB0x24f8B0x249aB0xd1dB0x374
0x2513	0x2507B0x24f8B0x249aB0xc74B0x374
0x2513	0x2507B0x24f8B0x249aB0xd1dB0x374
0x251f	0x251cB0x276dB0x452
0x251f	0x251cB0x2791B0x452
0x2520	0x251cB0x276dB0x452
0x2520	0x251cB0x2791B0x452
0x2523	0x251cB0x276dB0x452
0x2523	0x251cB0x2791B0x452
0x252b	0x252aB0x276dB0x452
0x252b	0x252aB0x2791B0x452
0x252e	0x252dB0x276dB0x452
0x252e	0x252dB0x2791B0x452
0x252f	0x252dB0x276dB0x452
0x252f	0x252dB0x2791B0x452
0x2539	0x252dB0x276dB0x452
0x2539	0x252dB0x2791B0x452
0x2541	0x2540B0x276dB0x452
0x2541	0x2540B0x2791B0x452
0x2546	0x2543B0x276dB0x452
0x2546	0x2543B0x2791B0x452
0x2548	0x2543B0x276dB0x452
0x2548	0x2543B0x2791B0x452
0x2549	0x2543B0x276dB0x452
0x2549	0x2543B0x2791B0x452
0x254a	0x2543B0x276dB0x452
0x254a	0x2543B0x2791B0x452
0x254d	0x2543B0x276dB0x452
0x254d	0x2543B0x2791B0x452
0x254e	0x2543B0x276dB0x452
0x254e	0x2543B0x2791B0x452
0x2550	0x2543B0x276dB0x452
0x2550	0x2543B0x2791B0x452
0x255b	0x2559B0x276dB0x452
0x255b	0x2559B0x2791B0x452
0x2567	0x2564B0x2a0b
0x2567	0x2564B0x2929B0x2ce
0x2567	0x2564B0x2929B0x85e
0x2568	0x2564B0x2a0b
0x2568	0x2564B0x2929B0x2ce
0x2568	0x2564B0x2929B0x85e
0x256b	0x2564B0x2a0b
0x256b	0x2564B0x2929B0x2ce
0x256b	0x2564B0x2929B0x85e
0x2573	0x2572B0x2a0b
0x2573	0x2572B0x2929B0x2ce
0x2573	0x2572B0x2929B0x85e
0x2576	0x2575B0x2a0b
0x2576	0x2575B0x2929B0x2ce
0x2576	0x2575B0x2929B0x85e
0x2577	0x2575B0x2a0b
0x2577	0x2575B0x2929B0x2ce
0x2577	0x2575B0x2929B0x85e
0x2581	0x2575B0x2a0b
0x2581	0x2575B0x2929B0x2ce
0x2581	0x2575B0x2929B0x85e
0x2589	0x2588B0x2a0b
0x2589	0x2588B0x2929B0x2ce
0x2589	0x2588B0x2929B0x85e
0x258e	0x258bB0x2a0b
0x258e	0x258bB0x2929B0x2ce
0x258e	0x258bB0x2929B0x85e
0x2590	0x258bB0x2a0b
0x2590	0x258bB0x2929B0x2ce
0x2590	0x258bB0x2929B0x85e
0x2591	0x258bB0x2a0b
0x2591	0x258bB0x2929B0x2ce
0x2591	0x258bB0x2929B0x85e
0x2592	0x258bB0x2a0b
0x2592	0x258bB0x2929B0x2ce
0x2592	0x258bB0x2929B0x85e
0x2595	0x258bB0x2a0b
0x2595	0x258bB0x2929B0x2ce
0x2595	0x258bB0x2929B0x85e
0x2596	0x258bB0x2a0b
0x2596	0x258bB0x2929B0x2ce
0x2596	0x258bB0x2929B0x85e
0x25a1	0x259fB0x2a0b
0x25a1	0x259fB0x2929B0x2ce
0x25a1	0x259fB0x2929B0x85e
0x25a4	0x25a3B0x29e2
0x25a4	0x25a3B0x2953B0x325
0x25a4	0x25a3B0x2862B0x405
0x25a4	0x25a3B0x2953B0x75c
0x25ae	0x25a3B0x29e2
0x25ae	0x25a3B0x2953B0x325
0x25ae	0x25a3B0x2862B0x405
0x25ae	0x25a3B0x2953B0x75c
0x25b0	0x25a3B0x29e2
0x25b0	0x25a3B0x2953B0x325
0x25b0	0x25a3B0x2862B0x405
0x25b0	0x25a3B0x2953B0x75c
0x25b8	0x25b6B0x29e2
0x25b8	0x25b6B0x2953B0x325
0x25b8	0x25b6B0x2862B0x405
0x25b8	0x25b6B0x2953B0x75c
0x25bb	0x25baB0x2987
0x25bb	0x25baB0x29d8
0x25bb	0x25baB0x28dfB0x2ef
0x25bb	0x25baB0x2949B0x325
0x25bb	0x25baB0x28dfB0x345
0x25bb	0x25baB0x286cB0x405
0x25bb	0x25baB0x28dfB0x472
0x25bb	0x25baB0x2949B0x75c
0x25bb	0x25baB0x28feB0x2ce
0x25bb	0x25baB0x28feB0x85e
0x25bf	0x25baB0x2987
0x25bf	0x25baB0x29d8
0x25bf	0x25baB0x28dfB0x2ef
0x25bf	0x25baB0x2949B0x325
0x25bf	0x25baB0x28dfB0x345
0x25bf	0x25baB0x286cB0x405
0x25bf	0x25baB0x28dfB0x472
0x25bf	0x25baB0x2949B0x75c
0x25bf	0x25baB0x28feB0x2ce
0x25bf	0x25baB0x28feB0x85e
0x25c1	0x25baB0x2987
0x25c1	0x25baB0x29d8
0x25c1	0x25baB0x28dfB0x2ef
0x25c1	0x25baB0x2949B0x325
0x25c1	0x25baB0x28dfB0x345
0x25c1	0x25baB0x286cB0x405
0x25c1	0x25baB0x28dfB0x472
0x25c1	0x25baB0x2949B0x75c
0x25c1	0x25baB0x28feB0x2ce
0x25c1	0x25baB0x28feB0x85e
0x25c9	0x25c7B0x2987
0x25c9	0x25c7B0x29d8
0x25c9	0x25c7B0x28dfB0x2ef
0x25c9	0x25c7B0x2949B0x325
0x25c9	0x25c7B0x28dfB0x345
0x25c9	0x25c7B0x286cB0x405
0x25c9	0x25c7B0x28dfB0x472
0x25c9	0x25c7B0x2949B0x75c
0x25c9	0x25c7B0x28feB0x2ce
0x25c9	0x25c7B0x28feB0x85e
0x25d0	0x25cbB0x3c5
0x25d0	0x25cbB0x511
0x25d0	0x25cbB0x573
0x25d0	0x25cbB0x5b3
0x25d0	0x25cbB0x727
0x25d0	0x25cbB0x815
0x25d0	0x25cbB0x8a7
0x25d0	0x25cbB0x136cB0x461
0x25d1	0x25cbB0x3c5
0x25d1	0x25cbB0x511
0x25d1	0x25cbB0x573
0x25d1	0x25cbB0x5b3
0x25d1	0x25cbB0x727
0x25d1	0x25cbB0x815
0x25d1	0x25cbB0x8a7
0x25d1	0x25cbB0x136cB0x461
0x25da	0x25d9B0x3c5
0x25da	0x25d9B0x511
0x25da	0x25d9B0x573
0x25da	0x25d9B0x5b3
0x25da	0x25d9B0x727
0x25da	0x25d9B0x815
0x25da	0x25d9B0x8a7
0x25da	0x25d9B0x136cB0x461
0x25dd	0x25dcB0x3c5
0x25dd	0x25dcB0x511
0x25dd	0x25dcB0x573
0x25dd	0x25dcB0x5b3
0x25dd	0x25dcB0x727
0x25dd	0x25dcB0x815
0x25dd	0x25dcB0x8a7
0x25dd	0x25dcB0x136cB0x461
0x25e2	0x25dcB0x3c5
0x25e2	0x25dcB0x511
0x25e2	0x25dcB0x573
0x25e2	0x25dcB0x5b3
0x25e2	0x25dcB0x727
0x25e2	0x25dcB0x815
0x25e2	0x25dcB0x8a7
0x25e2	0x25dcB0x136cB0x461
0x25f3	0x25eeB0x1c05
0x25f4	0x25eeB0x1c05
0x25fd	0x25fcB0x1c05
0x2600	0x25ffB0x1c05
0x2605	0x25ffB0x1c05
0x260d	0x260aB0x65d
0x260d	0x260aB0x6f2
0x2610	0x260aB0x65d
0x2610	0x260aB0x6f2
0x2611	0x260aB0x65d
0x2611	0x260aB0x6f2
0x261a	0x2619B0x65d
0x261a	0x2619B0x6f2
0x261d	0x261cB0x65d
0x261d	0x261cB0x6f2
0x2622	0x261cB0x65d
0x2622	0x261cB0x6f2
0x2628	0x2627B0x65d
0x2628	0x2627B0x6f2
0x2629	0x2627B0x65d
0x2629	0x2627B0x6f2
0x262c	0x2627B0x65d
0x262c	0x2627B0x6f2
0x2632	0x2627B0x65d
0x2632	0x2627B0x6f2
0x2645	0x2642
0x2648	0x2642
0x264b	0x2642
0x264c	0x2642
0x2655	0x2654
0x2658	0x2657
0x265d	0x2657
0x2663	0x2662
0x2664	0x2662
0x2667	0x2662
0x266d	0x2662
0x2673	0x2672
0x2674	0x2672
0x2677	0x2672
0x267d	0x2672
0x2683	0x2682
0x2684	0x2682
0x2685	0x2682
0x2686	0x2682
0x2687	0x2682
0x2688	0x2682
0x2689	0x2682
0x268e	0x2682
0x268f	0x2682
0x2690	0x2682
0x2695	0x2692B0x7f5
0x269a	0x2692B0x7f5
0x269b	0x2692B0x7f5
0x26a4	0x26a3B0x7f5
0x26a7	0x26a6B0x7f5
0x26ac	0x26a6B0x7f5
0x26d6	0x26d3B0x53e
0x26d9	0x26d3B0x53e
0x26dc	0x26d3B0x53e
0x26df	0x26d3B0x53e
0x26e0	0x26d3B0x53e
0x26e9	0x26e8B0x53e
0x26ec	0x26ebB0x53e
0x26f1	0x26ebB0x53e
0x26f7	0x26f6B0x53e
0x26f8	0x26f6B0x53e
0x26fb	0x26f6B0x53e
0x26fe	0x26f6B0x53e
0x26ff	0x26f6B0x53e
0x2702	0x26f6B0x53e
0x2708	0x26f6B0x53e
0x270e	0x270dB0x53e
0x270f	0x270dB0x53e
0x2712	0x270dB0x53e
0x2718	0x270dB0x53e
0x271e	0x271dB0x53e
0x271f	0x271dB0x53e
0x2722	0x271dB0x53e
0x2725	0x271dB0x53e
0x2726	0x271dB0x53e
0x2729	0x271dB0x53e
0x272f	0x271dB0x53e
0x2735	0x2734B0x53e
0x2736	0x2734B0x53e
0x2737	0x2734B0x53e
0x2738	0x2734B0x53e
0x2739	0x2734B0x53e
0x273a	0x2734B0x53e
0x273b	0x2734B0x53e
0x273c	0x2734B0x53e
0x273d	0x2734B0x53e
0x273e	0x2734B0x53e
0x273f	0x2734B0x53e
0x2740	0x2734B0x53e
0x2745	0x2742B0x452
0x2748	0x2742B0x452
0x274b	0x2742B0x452
0x274c	0x2742B0x452
0x2755	0x2754B0x452
0x2758	0x2757B0x452
0x2762	0x2757B0x452
0x2763	0x2757B0x452
0x276b	0x276aB0x452
0x2771	0x276dB0x452
0x2772	0x276dB0x452
0x2773	0x276dB0x452
0x277a	0x2779B0x452
0x277b	0x2779B0x452
0x277c	0x2779B0x452
0x277d	0x2779B0x452
0x277e	0x2779B0x452
0x2781	0x2779B0x452
0x2784	0x2779B0x452
0x2785	0x2779B0x452
0x2786	0x2779B0x452
0x2787	0x2779B0x452
0x278f	0x278eB0x452
0x2792	0x2791B0x452
0x2796	0x2791B0x452
0x2797	0x2791B0x452
0x2798	0x2791B0x452
0x27af	0x27aaB0x1d01
0x27b0	0x27aaB0x1d01
0x27b9	0x27b8B0x1d01
0x27bc	0x27bbB0x1d01
0x27be	0x27bbB0x1d01
0x27c1	0x27bbB0x1d01
0x27c8	0x27c7B0x1d01
0x27cf	0x27caB0x385
0x27cf	0x27caB0x49f
0x27cf	0x27caB0x63d
0x27cf	0x27caB0x69d
0x27cf	0x27caB0x7d5
0x27d0	0x27caB0x385
0x27d0	0x27caB0x49f
0x27d0	0x27caB0x63d
0x27d0	0x27caB0x69d
0x27d0	0x27caB0x7d5
0x27d9	0x27d8B0x385
0x27d9	0x27d8B0x49f
0x27d9	0x27d8B0x63d
0x27d9	0x27d8B0x69d
0x27d9	0x27d8B0x7d5
0x27dc	0x27dbB0x385
0x27dc	0x27dbB0x49f
0x27dc	0x27dbB0x63d
0x27dc	0x27dbB0x69d
0x27dc	0x27dbB0x7d5
0x27de	0x27dbB0x385
0x27de	0x27dbB0x49f
0x27de	0x27dbB0x63d
0x27de	0x27dbB0x69d
0x27de	0x27dbB0x7d5
0x27df	0x27dbB0x385
0x27df	0x27dbB0x49f
0x27df	0x27dbB0x63d
0x27df	0x27dbB0x69d
0x27df	0x27dbB0x7d5
0x27e0	0x27dbB0x385
0x27e0	0x27dbB0x49f
0x27e0	0x27dbB0x63d
0x27e0	0x27dbB0x69d
0x27e0	0x27dbB0x7d5
0x27e5	0x27e2B0x3a5
0x27e5	0x27e2B0x3e5
0x27e5	0x27e2B0x6bd
0x27e5	0x27e2B0x835
0x27e8	0x27e2B0x3a5
0x27e8	0x27e2B0x3e5
0x27e8	0x27e2B0x6bd
0x27e8	0x27e2B0x835
0x27e9	0x27e2B0x3a5
0x27e9	0x27e2B0x3e5
0x27e9	0x27e2B0x6bd
0x27e9	0x27e2B0x835
0x27f2	0x27f1B0x3a5
0x27f2	0x27f1B0x3e5
0x27f2	0x27f1B0x6bd
0x27f2	0x27f1B0x835
0x27f5	0x27f4B0x3a5
0x27f5	0x27f4B0x3e5
0x27f5	0x27f4B0x6bd
0x27f5	0x27f4B0x835
0x27f7	0x27f4B0x3a5
0x27f7	0x27f4B0x3e5
0x27f7	0x27f4B0x6bd
0x27f7	0x27f4B0x835
0x27f8	0x27f4B0x3a5
0x27f8	0x27f4B0x3e5
0x27f8	0x27f4B0x6bd
0x27f8	0x27f4B0x835
0x27fb	0x27f4B0x3a5
0x27fb	0x27f4B0x3e5
0x27fb	0x27f4B0x6bd
0x27fb	0x27f4B0x835
0x2801	0x27f4B0x3a5
0x2801	0x27f4B0x3e5
0x2801	0x27f4B0x6bd
0x2801	0x27f4B0x835
0x2809	0x2806
0x280c	0x2806
0x280d	0x2806
0x2816	0x2815
0x2819	0x2818
0x281a	0x2818
0x281b	0x2818
0x281d	0x2818
0x2820	0x2818
0x2821	0x2818
0x2824	0x2818
0x2825	0x2818
0x282a	0x2827B0x593
0x282d	0x2827B0x593
0x282e	0x2827B0x593
0x2837	0x2836B0x593
0x283a	0x2839B0x593
0x283c	0x2839B0x593
0x283d	0x2839B0x593
0x2840	0x2839B0x593
0x2845	0x2839B0x593
0x2847	0x2839B0x593
0x284e	0x284dB0x593
0x2853	0x2850B0x405
0x2856	0x2850B0x405
0x2857	0x2850B0x405
0x2860	0x285fB0x405
0x2866	0x2862B0x405
0x2867	0x2862B0x405
0x286d	0x286cB0x405
0x286e	0x286cB0x405
0x2872	0x286cB0x405
0x2875	0x286cB0x405
0x287c	0x287bB0x405
0x287d	0x287bB0x405
0x287e	0x287bB0x405
0x287f	0x287bB0x405
0x2880	0x287bB0x405
0x2881	0x287bB0x405
0x2882	0x287bB0x405
0x2887	0x2884
0x288a	0x2884
0x288b	0x2884
0x2894	0x2893
0x2897	0x2896
0x289c	0x2896
0x28a2	0x28a1
0x28a5	0x28a1
0x28a6	0x28a1
0x28a7	0x28a1
0x28aa	0x28a1
0x28ab	0x28a1
0x28ac	0x28a1
0x28ad	0x28a1
0x28b2	0x28afB0x5f3
0x28b7	0x28afB0x5f3
0x28b8	0x28afB0x5f3
0x28c1	0x28c0B0x5f3
0x28c4	0x28c3B0x5f3
0x28c9	0x28c3B0x5f3
0x28d3	0x28ceB0x2ef
0x28d3	0x28ceB0x345
0x28d3	0x28ceB0x472
0x28d4	0x28ceB0x2ef
0x28d4	0x28ceB0x345
0x28d4	0x28ceB0x472
0x28dd	0x28dcB0x2ef
0x28dd	0x28dcB0x345
0x28dd	0x28dcB0x472
0x28e3	0x28dfB0x2ef
0x28e3	0x28dfB0x345
0x28e3	0x28dfB0x472
0x28e4	0x28dfB0x2ef
0x28e4	0x28dfB0x345
0x28e4	0x28dfB0x472
0x28ec	0x28e9B0x2ce
0x28ec	0x28e9B0x85e
0x28ef	0x28e9B0x2ce
0x28ef	0x28e9B0x85e
0x28f2	0x28e9B0x2ce
0x28f2	0x28e9B0x85e
0x28f3	0x28e9B0x2ce
0x28f3	0x28e9B0x85e
0x28fc	0x28fbB0x2ce
0x28fc	0x28fbB0x85e
0x2902	0x28feB0x2ce
0x2902	0x28feB0x85e
0x2903	0x28feB0x2ce
0x2903	0x28feB0x85e
0x2909	0x2908B0x2ce
0x2909	0x2908B0x85e
0x290a	0x2908B0x2ce
0x290a	0x2908B0x85e
0x290d	0x2908B0x2ce
0x290d	0x2908B0x85e
0x2910	0x2908B0x2ce
0x2910	0x2908B0x85e
0x2911	0x2908B0x2ce
0x2911	0x2908B0x85e
0x2914	0x2908B0x2ce
0x2914	0x2908B0x85e
0x291f	0x2908B0x2ce
0x291f	0x2908B0x85e
0x2927	0x2926B0x2ce
0x2927	0x2926B0x85e
0x292d	0x2929B0x2ce
0x292d	0x2929B0x85e
0x292e	0x2929B0x2ce
0x292e	0x2929B0x85e
0x292f	0x2929B0x2ce
0x292f	0x2929B0x85e
0x2938	0x2935B0x325
0x2938	0x2935B0x75c
0x293d	0x2935B0x325
0x293d	0x2935B0x75c
0x293e	0x2935B0x325
0x293e	0x2935B0x75c
0x2947	0x2946B0x325
0x2947	0x2946B0x75c
0x294d	0x2949B0x325
0x294d	0x2949B0x75c
0x294e	0x2949B0x325
0x294e	0x2949B0x75c
0x2954	0x2953B0x325
0x2954	0x2953B0x75c
0x2955	0x2953B0x325
0x2955	0x2953B0x75c
0x2959	0x2953B0x325
0x2959	0x2953B0x75c
0x295c	0x2953B0x325
0x295c	0x2953B0x75c
0x2963	0x2962B0x325
0x2963	0x2962B0x75c
0x2964	0x2962B0x325
0x2964	0x2962B0x75c
0x2967	0x2962B0x325
0x2967	0x2962B0x75c
0x296a	0x2962B0x325
0x296a	0x2962B0x75c
0x296b	0x2962B0x325
0x296b	0x2962B0x75c
0x296c	0x2962B0x325
0x296c	0x2962B0x75c
0x296d	0x2962B0x325
0x296d	0x2962B0x75c
0x296e	0x2962B0x325
0x296e	0x2962B0x75c
0x296f	0x2962B0x325
0x296f	0x2962B0x75c
0x2970	0x2962B0x325
0x2970	0x2962B0x75c
0x2975	0x2972
0x2978	0x2972
0x297b	0x2972
0x297c	0x2972
0x2985	0x2984
0x298b	0x2987
0x298c	0x2987
0x2992	0x2991
0x2993	0x2991
0x2996	0x2991
0x29a1	0x2991
0x29a3	0x2991
0x29aa	0x29a9
0x29ad	0x29ac
0x29ae	0x29ac
0x29af	0x29ac
0x29b0	0x29ac
0x29b1	0x29ac
0x29b2	0x29ac
0x29b3	0x29ac
0x29b4	0x29ac
0x29b7	0x29ac
0x29ba	0x29ac
0x29bf	0x29ac
0x29c4	0x29c1
0x29c7	0x29c1
0x29cc	0x29c1
0x29cd	0x29c1
0x29d6	0x29d5
0x29dc	0x29d8
0x29dd	0x29d8
0x29e3	0x29e2
0x29e4	0x29e2
0x29e8	0x29e2
0x29eb	0x29e2
0x29f2	0x29f1
0x29f3	0x29f1
0x29f6	0x29f1
0x2a01	0x29f1
0x2a09	0x2a08
0x2a0f	0x2a0b
0x2a10	0x2a0b
0x2a11	0x2a0b
0x2a18	0x2a17
0x2a19	0x2a17
0x2a1a	0x2a17
0x2a1b	0x2a17
0x2a1c	0x2a17
0x2a1d	0x2a17
0x2a22	0x2a17
0x2a23	0x2a17
0x2a24	0x2a17
0x2a25	0x2a17
0x2a26	0x2a17
0x2a27	0x2a17
0x2a2c	0x2a29B0x334e
0x2a2c	0x2a29B0x337e
0x2a2e	0x2a29B0x334e
0x2a2e	0x2a29B0x337e
0x2a2f	0x2a29B0x334e
0x2a2f	0x2a29B0x337e
0x2a33	0x2a29B0x334e
0x2a33	0x2a29B0x337e
0x2a34	0x2a29B0x334e
0x2a34	0x2a29B0x337e
0x2a36	0x2a29B0x334e
0x2a36	0x2a29B0x337e
0x2a37	0x2a29B0x334e
0x2a37	0x2a29B0x337e
0x2a38	0x2a29B0x334e
0x2a38	0x2a29B0x337e
0x2a39	0x2a29B0x334e
0x2a39	0x2a29B0x337e
0x2a3b	0x2a29B0x334e
0x2a3b	0x2a29B0x337e
0x2a3d	0x2a3cB0x334e
0x2a3d	0x2a3cB0x337e
0x2a3e	0x2a3cB0x334e
0x2a3e	0x2a3cB0x337e
0x2a50	0x2a45B0x334e
0x2a50	0x2a45B0x337e
0x2a52	0x2a45B0x334e
0x2a52	0x2a45B0x337e
0x2a53	0x2a45B0x334e
0x2a53	0x2a45B0x337e
0x2a55	0x2a45B0x334e
0x2a55	0x2a45B0x337e
0x2a56	0x2a45B0x334e
0x2a56	0x2a45B0x337e
0x2a57	0x2a45B0x334e
0x2a57	0x2a45B0x337e
0x2a59	0x2a45B0x334e
0x2a59	0x2a45B0x337e
0x2a62	0x2a61B0x334e
0x2a62	0x2a61B0x337e
0x2a63	0x2a61B0x334e
0x2a63	0x2a61B0x337e
0x2a64	0x2a61B0x334e
0x2a64	0x2a61B0x337e
0x2a65	0x2a61B0x334e
0x2a65	0x2a61B0x337e
0x2a66	0x2a61B0x334e
0x2a66	0x2a61B0x337e
0x2a67	0x2a61B0x334e
0x2a67	0x2a61B0x337e
0x2a68	0x2a61B0x334e
0x2a68	0x2a61B0x337e
0x2a69	0x2a61B0x334e
0x2a69	0x2a61B0x337e
0x2a6a	0x2a61B0x334e
0x2a6a	0x2a61B0x337e
0x2a6f	0x2a6cB0x2c4aB0x999
0x2a6f	0x2a6cB0x2c27B0x126e
0x2a6f	0x2a6cB0x2c4aB0x1d7d
0x2a70	0x2a6cB0x2c4aB0x999
0x2a70	0x2a6cB0x2c27B0x126e
0x2a70	0x2a6cB0x2c4aB0x1d7d
0x2a72	0x2a6cB0x2c4aB0x999
0x2a72	0x2a6cB0x2c27B0x126e
0x2a72	0x2a6cB0x2c4aB0x1d7d
0x2a73	0x2a6cB0x2c4aB0x999
0x2a73	0x2a6cB0x2c27B0x126e
0x2a73	0x2a6cB0x2c4aB0x1d7d
0x2a76	0x2a6cB0x2c4aB0x999
0x2a76	0x2a6cB0x2c27B0x126e
0x2a76	0x2a6cB0x2c4aB0x1d7d
0x2a79	0x2a6cB0x2c4aB0x999
0x2a79	0x2a6cB0x2c27B0x126e
0x2a79	0x2a6cB0x2c4aB0x1d7d
0x2a7c	0x2a6cB0x2c4aB0x999
0x2a7c	0x2a6cB0x2c27B0x126e
0x2a7c	0x2a6cB0x2c4aB0x1d7d
0x2a7d	0x2a6cB0x2c4aB0x999
0x2a7d	0x2a6cB0x2c27B0x126e
0x2a7d	0x2a6cB0x2c4aB0x1d7d
0x2a88	0x2a6cB0x2c4aB0x999
0x2a88	0x2a6cB0x2c27B0x126e
0x2a88	0x2a6cB0x2c4aB0x1d7d
0x2a8b	0x2a6cB0x2c4aB0x999
0x2a8b	0x2a6cB0x2c27B0x126e
0x2a8b	0x2a6cB0x2c4aB0x1d7d
0x2a8e	0x2a6cB0x2c4aB0x999
0x2a8e	0x2a6cB0x2c27B0x126e
0x2a8e	0x2a6cB0x2c4aB0x1d7d
0x2a8f	0x2a6cB0x2c4aB0x999
0x2a8f	0x2a6cB0x2c27B0x126e
0x2a8f	0x2a6cB0x2c4aB0x1d7d
0x2a90	0x2a6cB0x2c4aB0x999
0x2a90	0x2a6cB0x2c27B0x126e
0x2a90	0x2a6cB0x2c4aB0x1d7d
0x2a91	0x2a6cB0x2c4aB0x999
0x2a91	0x2a6cB0x2c27B0x126e
0x2a91	0x2a6cB0x2c4aB0x1d7d
0x2a92	0x2a6cB0x2c4aB0x999
0x2a92	0x2a6cB0x2c27B0x126e
0x2a92	0x2a6cB0x2c4aB0x1d7d
0x2a93	0x2a6cB0x2c4aB0x999
0x2a93	0x2a6cB0x2c27B0x126e
0x2a93	0x2a6cB0x2c4aB0x1d7d
0x2a94	0x2a6cB0x2c4aB0x999
0x2a94	0x2a6cB0x2c27B0x126e
0x2a94	0x2a6cB0x2c4aB0x1d7d
0x2a99	0x2a96B0x21ea
0x2a99	0x2a96B0x419
0x2a9b	0x2a96B0x21ea
0x2a9b	0x2a96B0x419
0x2a9c	0x2a96B0x21ea
0x2a9c	0x2a96B0x419
0x2a9e	0x2a96B0x21ea
0x2a9e	0x2a96B0x419
0x2aa0	0x2a9fB0x21ea
0x2aa0	0x2a9fB0x419
0x2aa1	0x2a9fB0x21ea
0x2aa1	0x2a9fB0x419
0x2aaa	0x2aa8B0x21ea
0x2aaa	0x2aa8B0x419
0x2aab	0x2aa8B0x21ea
0x2aab	0x2aa8B0x419
0x2aad	0x2aa8B0x21ea
0x2aad	0x2aa8B0x419
0x2ab0	0x2aa8B0x21ea
0x2ab0	0x2aa8B0x419
0x2ab1	0x2aa8B0x21ea
0x2ab1	0x2aa8B0x419
0x2ab3	0x2aa8B0x21ea
0x2ab3	0x2aa8B0x419
0x2abc	0x2abbB0x21ea
0x2abc	0x2abbB0x419
0x2abd	0x2abbB0x21ea
0x2abd	0x2abbB0x419
0x2ac7	0x2ac4B0x21ea
0x2ac7	0x2ac4B0x419
0x2ac8	0x2ac4B0x21ea
0x2ac8	0x2ac4B0x419
0x2acd	0x2accB0x21ea
0x2acd	0x2accB0x419
0x2ad5	0x2accB0x21ea
0x2ad5	0x2accB0x419
0x2ad6	0x2accB0x21ea
0x2ad6	0x2accB0x419
0x2ad7	0x2accB0x21ea
0x2ad7	0x2accB0x419
0x2adc	0x2accB0x21ea
0x2adc	0x2accB0x419
0x2add	0x2accB0x21ea
0x2add	0x2accB0x419
0x2ade	0x2accB0x21ea
0x2ade	0x2accB0x419
0x2adf	0x2accB0x21ea
0x2adf	0x2accB0x419
0x2af2	0x2ae1
0x2af7	0x2ae1
0x2af9	0x2ae1
0x2afa	0x2ae1
0x2afd	0x2ae1
0x2b00	0x2ae1
0x2b05	0x2ae1
0x2b06	0x2ae1
0x2b08	0x2ae1
0x2b09	0x2ae1
0x2b0a	0x2ae1
0x2b0b	0x2ae1
0x2b1f	0x2b0dB0x1e33
0x2b1f	0x2b0dB0xfd8
0x2b1f	0x2b0dB0x1011
0x2b1f	0x2b0dB0x1e4d
0x2b1f	0x2b0dB0x1e79
0x2b1f	0x2b0dB0x20f6
0x2b1f	0x2b0dB0x15acB0x5c2
0x2b24	0x2b0dB0x1e33
0x2b24	0x2b0dB0xfd8
0x2b24	0x2b0dB0x1011
0x2b24	0x2b0dB0x1e4d
0x2b24	0x2b0dB0x1e79
0x2b24	0x2b0dB0x20f6
0x2b24	0x2b0dB0x15acB0x5c2
0x2b37	0x2b26B0x176a
0x2b37	0x2b26B0x1fb1
0x2b37	0x2b26B0x17c5
0x2b37	0x2b26B0x17f0
0x2b37	0x2b26B0x1a5b
0x2b37	0x2b26B0x1a87
0x2b37	0x2b26B0x1f36
0x2b37	0x2b26B0x1478B0x520
0x2b3c	0x2b26B0x176a
0x2b3c	0x2b26B0x1fb1
0x2b3c	0x2b26B0x17c5
0x2b3c	0x2b26B0x17f0
0x2b3c	0x2b26B0x1a5b
0x2b3c	0x2b26B0x1a87
0x2b3c	0x2b26B0x1f36
0x2b3c	0x2b26B0x1478B0x520
0x2b47	0x2b3eB0x314cd
0x2b47	0x2b3eB0x316ca
0x2b47	0x2b3eB0x31717
0x2b47	0x2b3eB0x2129B0x628
0x2b47	0x2b3eB0x21a4B0x8c7
0x2b47	0x2b3eB0x1691B0x66c
0x2b47	0x2b3eB0x1789B0x701
0x2b48	0x2b3eB0x314cd
0x2b48	0x2b3eB0x316ca
0x2b48	0x2b3eB0x31717
0x2b48	0x2b3eB0x2129B0x628
0x2b48	0x2b3eB0x21a4B0x8c7
0x2b48	0x2b3eB0x1691B0x66c
0x2b48	0x2b3eB0x1789B0x701
0x2b49	0x2b3eB0x314cd
0x2b49	0x2b3eB0x316ca
0x2b49	0x2b3eB0x31717
0x2b49	0x2b3eB0x2129B0x628
0x2b49	0x2b3eB0x21a4B0x8c7
0x2b49	0x2b3eB0x1691B0x66c
0x2b49	0x2b3eB0x1789B0x701
0x2b4b	0x2b3eB0x314cd
0x2b4b	0x2b3eB0x316ca
0x2b4b	0x2b3eB0x31717
0x2b4b	0x2b3eB0x2129B0x628
0x2b4b	0x2b3eB0x21a4B0x8c7
0x2b4b	0x2b3eB0x1691B0x66c
0x2b4b	0x2b3eB0x1789B0x701
0x2b50	0x2b3eB0x314cd
0x2b50	0x2b3eB0x316ca
0x2b50	0x2b3eB0x31717
0x2b50	0x2b3eB0x2129B0x628
0x2b50	0x2b3eB0x21a4B0x8c7
0x2b50	0x2b3eB0x1691B0x66c
0x2b50	0x2b3eB0x1789B0x701
0x2b5b	0x2b52B0x5e2
0x2b5c	0x2b52B0x5e2
0x2b5e	0x2b52B0x5e2
0x2b60	0x2b52B0x5e2
0x2b61	0x2b52B0x5e2
0x2b62	0x2b52B0x5e2
0x2b66	0x2b52B0x5e2
0x2b6b	0x2b52B0x5e2
0x2b6d	0x2b52B0x5e2
0x2b6e	0x2b52B0x5e2
0x2b6f	0x2b52B0x5e2
0x2b74	0x2b52B0x5e2
0x2b7f	0x2b76
0x2b80	0x2b76
0x2b81	0x2b76
0x2b83	0x2b76
0x2b87	0x2b76
0x2b8d	0x2b76
0x2b90	0x2b8fB0x31521
0x2b90	0x2b8fB0x31596
0x2b90	0x2b8fB0x31604
0x2b90	0x2b8fB0x31651
0x2b90	0x2b8fB0x31764
0x2b93	0x2b8fB0x31521
0x2b93	0x2b8fB0x31596
0x2b93	0x2b8fB0x31604
0x2b93	0x2b8fB0x31651
0x2b93	0x2b8fB0x31764
0x2b98	0x2b8fB0x31521
0x2b98	0x2b8fB0x31596
0x2b98	0x2b8fB0x31604
0x2b98	0x2b8fB0x31651
0x2b98	0x2b8fB0x31764
0x2b9b	0x2b9aB0x312a1
0x2b9b	0x2b9aB0x31316
0x2b9b	0x2b9aB0x31363
0x2b9b	0x2b9aB0x3167d
0x2b9b	0x2b9aB0x317b4
0x2b9b	0x2b9aB0x31801
0x2b9b	0x2b9aB0x3184e
0x2b9b	0x2b9aB0x318ca
0x2b9b	0x2b9aB0x318f6
0x2b9b	0x2b9aB0x31922
0x2b9b	0x2b9aB0x319b1
0x2b9b	0x2b9aB0x319fe
0x2b9b	0x2b9aB0x31a2a
0x2b9b	0x2b9aB0xebeB0x374
0x2b9c	0x2b9aB0x312a1
0x2b9c	0x2b9aB0x31316
0x2b9c	0x2b9aB0x31363
0x2b9c	0x2b9aB0x3167d
0x2b9c	0x2b9aB0x317b4
0x2b9c	0x2b9aB0x31801
0x2b9c	0x2b9aB0x3184e
0x2b9c	0x2b9aB0x318ca
0x2b9c	0x2b9aB0x318f6
0x2b9c	0x2b9aB0x31922
0x2b9c	0x2b9aB0x319b1
0x2b9c	0x2b9aB0x319fe
0x2b9c	0x2b9aB0x31a2a
0x2b9c	0x2b9aB0xebeB0x374
0x2ba1	0x2b9aB0x312a1
0x2ba1	0x2b9aB0x31316
0x2ba1	0x2b9aB0x31363
0x2ba1	0x2b9aB0x3167d
0x2ba1	0x2b9aB0x317b4
0x2ba1	0x2b9aB0x31801
0x2ba1	0x2b9aB0x3184e
0x2ba1	0x2b9aB0x318ca
0x2ba1	0x2b9aB0x318f6
0x2ba1	0x2b9aB0x31922
0x2ba1	0x2b9aB0x319b1
0x2ba1	0x2b9aB0x319fe
0x2ba1	0x2b9aB0x31a2a
0x2ba1	0x2b9aB0xebeB0x374
0x2ba4	0x2ba3B0x804
0x2ba5	0x2ba3B0x804
0x2bb2	0x2ba3B0x804
0x2bb8	0x2ba3B0x804
0x2bbb	0x2bbaB0x54d
0x2bbc	0x2bbaB0x54d
0x2bc6	0x2bbaB0x54d
0x2bc7	0x2bbaB0x54d
0x2bc8	0x2bbaB0x54d
0x2bcc	0x2bbaB0x54d
0x2bd8	0x2bbaB0x54d
0x2bd9	0x2bbaB0x54d
0x2bdd	0x2bbaB0x54d
0x2be2	0x2bbaB0x54d
0x2be8	0x2bbaB0x54d
0x2bee	0x2bbaB0x54d
0x2bf1	0x2bf0B0xafc
0x2bf1	0x2bf0B0x1304
0x2bf1	0x2bf0B0xf21B0x374
0x2bf1	0x2bf0B0xdadB0x374
0x2bf2	0x2bf0B0xafc
0x2bf2	0x2bf0B0x1304
0x2bf2	0x2bf0B0xf21B0x374
0x2bf2	0x2bf0B0xdadB0x374
0x2bf6	0x2bf0B0xafc
0x2bf6	0x2bf0B0x1304
0x2bf6	0x2bf0B0xf21B0x374
0x2bf6	0x2bf0B0xdadB0x374
0x2bfc	0x2bf0B0xafc
0x2bfc	0x2bf0B0x1304
0x2bfc	0x2bf0B0xf21B0x374
0x2bfc	0x2bf0B0xdadB0x374
0x2bff	0x2bfe
0x2c00	0x2bfe
0x2c04	0x2bfe
0x2c06	0x2bfe
0x2c07	0x2bfe
0x2c0b	0x2bfe
0x2c10	0x2bfe
0x2c18	0x2c15
0x2c1a	0x2c15
0x2c1b	0x2c15
0x2c1c	0x2c15
0x2c22	0x2c15
0x2c23	0x2c15
0x2c24	0x2c15
0x2c25	0x2c15
0x2c2a	0x2c27B0x126e
0x2c2b	0x2c27B0x126e
0x2c31	0x2c27B0x126e
0x2c39	0x2c27B0x126e
0x2c3b	0x2c27B0x126e
0x2c3c	0x2c27B0x126e
0x2c42	0x2c41B0x126e
0x2c43	0x2c41B0x126e
0x2c44	0x2c41B0x126e
0x2c45	0x2c41B0x126e
0x2c46	0x2c41B0x126e
0x2c47	0x2c41B0x126e
0x2c48	0x2c41B0x126e
0x2c4b	0x2c4aB0x999
0x2c4b	0x2c4aB0x1d7d
0x2c4c	0x2c4aB0x999
0x2c4c	0x2c4aB0x1d7d
0x2c50	0x2c4aB0x999
0x2c50	0x2c4aB0x1d7d
0x2c54	0x2c4aB0x999
0x2c54	0x2c4aB0x1d7d
0x2c5f	0x2c4aB0x999
0x2c5f	0x2c4aB0x1d7d
0x2c63	0x2c4aB0x999
0x2c63	0x2c4aB0x1d7d
0x2c6e	0x2c4aB0x999
0x2c6e	0x2c4aB0x1d7d
0x2c72	0x2c4aB0x999
0x2c72	0x2c4aB0x1d7d
0x2c79	0x2c4aB0x999
0x2c79	0x2c4aB0x1d7d
0x2c7b	0x2c4aB0x999
0x2c7b	0x2c4aB0x1d7d
0x2c7c	0x2c4aB0x999
0x2c7c	0x2c4aB0x1d7d
0x2c80	0x2c4aB0x999
0x2c80	0x2c4aB0x1d7d
0x2c84	0x2c4aB0x999
0x2c84	0x2c4aB0x1d7d
0x2c85	0x2c4aB0x999
0x2c85	0x2c4aB0x1d7d
0x2c87	0x2c4aB0x999
0x2c87	0x2c4aB0x1d7d
0x2c88	0x2c4aB0x999
0x2c88	0x2c4aB0x1d7d
0x2c8e	0x2c8dB0x999
0x2c8e	0x2c8dB0x1d7d
0x2c8f	0x2c8dB0x999
0x2c8f	0x2c8dB0x1d7d
0x2c90	0x2c8dB0x999
0x2c90	0x2c8dB0x1d7d
0x2c91	0x2c8dB0x999
0x2c91	0x2c8dB0x1d7d
0x2c92	0x2c8dB0x999
0x2c92	0x2c8dB0x1d7d
0x2c93	0x2c8dB0x999
0x2c93	0x2c8dB0x1d7d
0x2c94	0x2c8dB0x999
0x2c94	0x2c8dB0x1d7d
0x2c95	0x2c8dB0x999
0x2c95	0x2c8dB0x1d7d
0x2c96	0x2c8dB0x999
0x2c96	0x2c8dB0x1d7d
0x2c97	0x2c8dB0x999
0x2c97	0x2c8dB0x1d7d
0x2c9e	0x2c99B0x21ea
0x2c9e	0x2c99B0x419
0x2ca5	0x2c99B0x21ea
0x2ca5	0x2c99B0x419
0x2ca7	0x2c99B0x21ea
0x2ca7	0x2c99B0x419
0x2caf	0x2cac
0x2cb0	0x2cac
0x2cb4	0x2cac
0x2cb5	0x2cac
0x2cdb	0x2cac
0x2ce1	0x2cac
0x2ce6	0x2ce3
0x2ce7	0x2ce3
0x2ceb	0x2ce3
0x2cec	0x2ce3
0x2d0b	0x2ce3
0x2d11	0x2ce3
0x2d16	0x2d13B0x16f6B0x68c
0x2d17	0x2d13B0x16f6B0x68c
0x2d1b	0x2d13B0x16f6B0x68c
0x2d1c	0x2d13B0x16f6B0x68c
0x2d42	0x2d13B0x16f6B0x68c
0x2d4d	0x2d13B0x16f6B0x68c
0x2d53	0x2d13B0x16f6B0x68c
0x2d58	0x2d55
0x2d59	0x2d55
0x2d5d	0x2d55
0x2d5e	0x2d55
0x2d84	0x2d55
0x2d8a	0x2d55
0x2d8f	0x2d8c
0x2d90	0x2d8c
0x2d94	0x2d8c
0x2d95	0x2d8c
0x2dbb	0x2d8c
0x2dc1	0x2d8c
0x2dc6	0x2dc3
0x2dc7	0x2dc3
0x2dcb	0x2dc3
0x2dcc	0x2dc3
0x2df2	0x2dc3
0x2e0a	0x2dc3
0x2e10	0x2dc3
0x2e15	0x2e12B0x374
0x2e16	0x2e12B0x374
0x2e1a	0x2e12B0x374
0x2e1b	0x2e12B0x374
0x2e39	0x2e12B0x374
0x2e3f	0x2e12B0x374
0x2e44	0x2e41B0x219cB0x8c7
0x2e45	0x2e41B0x219cB0x8c7
0x2e49	0x2e41B0x219cB0x8c7
0x2e4a	0x2e41B0x219cB0x8c7
0x2e67	0x2e41B0x219cB0x8c7
0x2e6d	0x2e41B0x219cB0x8c7
0x2e72	0x2e6f
0x2e73	0x2e6f
0x2e77	0x2e6f
0x2e78	0x2e6f
0x2e9e	0x2e6f
0x2ea4	0x2e6f
0x2ea9	0x2ea6
0x2eaa	0x2ea6
0x2eae	0x2ea6
0x2eaf	0x2ea6
0x2ece	0x2ea6
0x2ed4	0x2ea6
0x2ed9	0x2ed6
0x2eda	0x2ed6
0x2ede	0x2ed6
0x2edf	0x2ed6
0x2f05	0x2ed6
0x2f0b	0x2ed6
0x2f10	0x2f0d
0x2f11	0x2f0d
0x2f15	0x2f0d
0x2f16	0x2f0d
0x2f3c	0x2f0d
0x2f42	0x2f0d
0x2f47	0x2f44
0x2f48	0x2f44
0x2f4c	0x2f44
0x2f4d	0x2f44
0x2f73	0x2f44
0x2f79	0x2f44
0x2f7e	0x2f7bB0x92b
0x2f7e	0x2f7bB0x1b77
0x2f7f	0x2f7bB0x92b
0x2f7f	0x2f7bB0x1b77
0x2f81	0x2f7bB0x92b
0x2f81	0x2f7bB0x1b77
0x2f82	0x2f7bB0x92b
0x2f82	0x2f7bB0x1b77
0x2fa8	0x2f7bB0x92b
0x2fa8	0x2f7bB0x1b77
0x2fae	0x2f7bB0x92b
0x2fae	0x2f7bB0x1b77
0x2fb3	0x2fb0
0x2fb4	0x2fb0
0x2fb8	0x2fb0
0x2fb9	0x2fb0
0x2fdf	0x2fb0
0x2ff8	0x2fb0
0x2ffe	0x2fb0
0x3003	0x3000
0x3004	0x3000
0x3006	0x3000
0x3007	0x3000
0x302d	0x3000
0x3033	0x3000
0x3038	0x3035B0x8d0
0x3038	0x3035B0x1b24
0x3038	0x3035B0x115d
0x3038	0x3035B0x2121B0x628
0x3038	0x3035B0xb69B0x374
0x3039	0x3035B0x8d0
0x3039	0x3035B0x1b24
0x3039	0x3035B0x115d
0x3039	0x3035B0x2121B0x628
0x3039	0x3035B0xb69B0x374
0x303d	0x3035B0x8d0
0x303d	0x3035B0x1b24
0x303d	0x3035B0x115d
0x303d	0x3035B0x2121B0x628
0x303d	0x3035B0xb69B0x374
0x303e	0x3035B0x8d0
0x303e	0x3035B0x1b24
0x303e	0x3035B0x115d
0x303e	0x3035B0x2121B0x628
0x303e	0x3035B0xb69B0x374
0x3057	0x3035B0x8d0
0x3057	0x3035B0x1b24
0x3057	0x3035B0x115d
0x3057	0x3035B0x2121B0x628
0x3057	0x3035B0xb69B0x374
0x305d	0x3035B0x8d0
0x305d	0x3035B0x1b24
0x305d	0x3035B0x115d
0x305d	0x3035B0x2121B0x628
0x305d	0x3035B0xb69B0x374
0x3062	0x305f
0x3063	0x305f
0x3067	0x305f
0x3068	0x305f
0x3085	0x305f
0x308b	0x305f
0x3090	0x308d
0x3091	0x308d
0x3095	0x308d
0x3096	0x308d
0x30bc	0x308d
0x30c2	0x308d
0x30c7	0x30c4
0x30c8	0x30c4
0x30cc	0x30c4
0x30cd	0x30c4
0x30f3	0x30c4
0x3105	0x30c4
0x310b	0x30c4
0x3110	0x310d
0x3111	0x310d
0x3115	0x310d
0x3116	0x310d
0x313c	0x310d
0x3142	0x310d
0x3147	0x3144
0x3148	0x3144
0x314c	0x3144
0x314d	0x3144
0x3173	0x3144
0x3179	0x3144
0x317e	0x317bB0x374
0x317f	0x317bB0x374
0x3183	0x317bB0x374
0x3184	0x317bB0x374
0x31aa	0x317bB0x374
0x31bd	0x317bB0x374
0x31c3	0x317bB0x374
0x31c8	0x31c5
0x31c9	0x31c5
0x31cb	0x31c5
0x31cc	0x31c5
0x31f2	0x31c5
0x31f8	0x31c5
0x31fd	0x31faB0xfd0
0x31fd	0x31faB0x13f6
0x31fd	0x31faB0x171d
0x31fd	0x31faB0x17bd
0x31fd	0x31faB0x1a53
0x31fd	0x31faB0x1e45
0x31fd	0x31faB0x15bdB0x5e2
0x31fd	0x31faB0x134dB0x461
0x31fd	0x31faB0x1497B0x54d
0x31fd	0x31faB0x153bB0x582
0x31fd	0x31faB0x1689B0x66c
0x31fd	0x31faB0x1781B0x701
0x31fd	0x31faB0x19c2B0x804
0x31fe	0x31faB0xfd0
0x31fe	0x31faB0x13f6
0x31fe	0x31faB0x171d
0x31fe	0x31faB0x17bd
0x31fe	0x31faB0x1a53
0x31fe	0x31faB0x1e45
0x31fe	0x31faB0x15bdB0x5e2
0x31fe	0x31faB0x134dB0x461
0x31fe	0x31faB0x1497B0x54d
0x31fe	0x31faB0x153bB0x582
0x31fe	0x31faB0x1689B0x66c
0x31fe	0x31faB0x1781B0x701
0x31fe	0x31faB0x19c2B0x804
0x3202	0x31faB0xfd0
0x3202	0x31faB0x13f6
0x3202	0x31faB0x171d
0x3202	0x31faB0x17bd
0x3202	0x31faB0x1a53
0x3202	0x31faB0x1e45
0x3202	0x31faB0x15bdB0x5e2
0x3202	0x31faB0x134dB0x461
0x3202	0x31faB0x1497B0x54d
0x3202	0x31faB0x153bB0x582
0x3202	0x31faB0x1689B0x66c
0x3202	0x31faB0x1781B0x701
0x3202	0x31faB0x19c2B0x804
0x3203	0x31faB0xfd0
0x3203	0x31faB0x13f6
0x3203	0x31faB0x171d
0x3203	0x31faB0x17bd
0x3203	0x31faB0x1a53
0x3203	0x31faB0x1e45
0x3203	0x31faB0x15bdB0x5e2
0x3203	0x31faB0x134dB0x461
0x3203	0x31faB0x1497B0x54d
0x3203	0x31faB0x153bB0x582
0x3203	0x31faB0x1689B0x66c
0x3203	0x31faB0x1781B0x701
0x3203	0x31faB0x19c2B0x804
0x3229	0x31faB0xfd0
0x3229	0x31faB0x13f6
0x3229	0x31faB0x171d
0x3229	0x31faB0x17bd
0x3229	0x31faB0x1a53
0x3229	0x31faB0x1e45
0x3229	0x31faB0x15bdB0x5e2
0x3229	0x31faB0x134dB0x461
0x3229	0x31faB0x1497B0x54d
0x3229	0x31faB0x153bB0x582
0x3229	0x31faB0x1689B0x66c
0x3229	0x31faB0x1781B0x701
0x3229	0x31faB0x19c2B0x804
0x322f	0x31faB0xfd0
0x322f	0x31faB0x13f6
0x322f	0x31faB0x171d
0x322f	0x31faB0x17bd
0x322f	0x31faB0x1a53
0x322f	0x31faB0x1e45
0x322f	0x31faB0x15bdB0x5e2
0x322f	0x31faB0x134dB0x461
0x322f	0x31faB0x1497B0x54d
0x322f	0x31faB0x153bB0x582
0x322f	0x31faB0x1689B0x66c
0x322f	0x31faB0x1781B0x701
0x322f	0x31faB0x19c2B0x804
0x3234	0x3231
0x3235	0x3231
0x3239	0x3231
0x323a	0x3231
0x3260	0x3231
0x3266	0x3231
0x326b	0x3268
0x326c	0x3268
0x326e	0x3268
0x326f	0x3268
0x3295	0x3268
0x329b	0x3268
0x32a0	0x329dB0x374
0x32a1	0x329dB0x374
0x32a5	0x329dB0x374
0x32a6	0x329dB0x374
0x32c0	0x329dB0x374
0x32c6	0x329dB0x374
0x32cb	0x32c8B0x374
0x32cc	0x32c8B0x374
0x32d0	0x32c8B0x374
0x32d1	0x32c8B0x374
0x32f7	0x32c8B0x374
0x32fd	0x32c8B0x374
0x3302	0x32ff
0x3303	0x32ff
0x3307	0x32ff
0x3308	0x32ff
0x332e	0x32ff
0x3346	0x32ff
0x334c	0x32ff
0x3353	0x334e
0x3355	0x334e
0x3359	0x334e
0x335e	0x334e
0x3363	0x334e
0x3368	0x334e
0x336f	0x334e
0x3377	0x334e
0x3379	0x334e
0x3381	0x337e
0x3384	0x337e
0x3385	0x337e
0x338d	0x337e
0x3390	0x337e
0x3391	0x337e
0x3395	0x337e
0x3396	0x337e
0x339e	0x339b
0x33a1	0x339b
0x33a2	0x339b
0x33a6	0x339b
0x33ac	0x33ab
0x33af	0x33ab
0x33b4	0x33ab
0x33b9	0x33ab
0x33bc	0x33ab
0x33bd	0x33ab
0x33be	0x33ab
0x33bf	0x33ab
0x33c0	0x33ab
0x33c1	0x33ab
0x33c2	0x33ab
0x33c3	0x33ab
0x33c4	0x33ab
0x33c5	0x33ab
0x33d0	0x33c7
0x33d1	0x33c7
0x33d2	0x33c7
0x33d4	0x33c7
0x33d9	0x33c7
0x33de	0x33db
0x33df	0x33db
0x33e0	0x33db
0x33e2	0x33db
0x33e7	0x33db
0x33ec	0x33e9B0x2bfe
0x33ec	0x33e9B0x339b
0x33fc	0x33f3B0x2657
0x33fc	0x33f3B0x2662
0x33fc	0x33f3B0x2672
0x33fc	0x33f3B0x27f4B0x3a5
0x33fc	0x33f3B0x25dcB0x3c5
0x33fc	0x33f3B0x27f4B0x3e5
0x33fc	0x33f3B0x25dcB0x511
0x33fc	0x33f3B0x26ebB0x53e
0x33fc	0x33f3B0x26f6B0x53e
0x33fc	0x33f3B0x25dcB0x573
0x33fc	0x33f3B0x25dcB0x5b3
0x33fc	0x33f3B0xec96eB0x5f3
0x33fc	0x33f3B0x261cB0x65d
0x33fc	0x33f3B0x2627B0x65d
0x33fc	0x33f3B0x27f4B0x6bd
0x33fc	0x33f3B0x261cB0x6f2
0x33fc	0x33f3B0x2627B0x6f2
0x33fc	0x33f3B0x25dcB0x727
0x33fc	0x33f3B0x26a6B0x7f5
0x33fc	0x33f3B0xec869B0x7f5
0x33fc	0x33f3B0x25dcB0x815
0x33fc	0x33f3B0x27f4B0x835
0x33fc	0x33f3B0x25dcB0x8a7
0x33fc	0x33f3B0x25ffB0x1c05
0x33fc	0x33f3B0x25dcB0x136cB0x461
0x33fe	0x33f3B0x2657
0x33fe	0x33f3B0x2662
0x33fe	0x33f3B0x2672
0x33fe	0x33f3B0x27f4B0x3a5
0x33fe	0x33f3B0x25dcB0x3c5
0x33fe	0x33f3B0x27f4B0x3e5
0x33fe	0x33f3B0x25dcB0x511
0x33fe	0x33f3B0x26ebB0x53e
0x33fe	0x33f3B0x26f6B0x53e
0x33fe	0x33f3B0x25dcB0x573
0x33fe	0x33f3B0x25dcB0x5b3
0x33fe	0x33f3B0xec96eB0x5f3
0x33fe	0x33f3B0x261cB0x65d
0x33fe	0x33f3B0x2627B0x65d
0x33fe	0x33f3B0x27f4B0x6bd
0x33fe	0x33f3B0x261cB0x6f2
0x33fe	0x33f3B0x2627B0x6f2
0x33fe	0x33f3B0x25dcB0x727
0x33fe	0x33f3B0x26a6B0x7f5
0x33fe	0x33f3B0xec869B0x7f5
0x33fe	0x33f3B0x25dcB0x815
0x33fe	0x33f3B0x27f4B0x835
0x33fe	0x33f3B0x25dcB0x8a7
0x33fe	0x33f3B0x25ffB0x1c05
0x33fe	0x33f3B0x25dcB0x136cB0x461
0x3406	0x3404B0x2657
0x3406	0x3404B0x2662
0x3406	0x3404B0x2672
0x3406	0x3404B0x27f4B0x3a5
0x3406	0x3404B0x25dcB0x3c5
0x3406	0x3404B0x27f4B0x3e5
0x3406	0x3404B0x25dcB0x511
0x3406	0x3404B0x26ebB0x53e
0x3406	0x3404B0x26f6B0x53e
0x3406	0x3404B0x25dcB0x573
0x3406	0x3404B0x25dcB0x5b3
0x3406	0x3404B0xec96eB0x5f3
0x3406	0x3404B0x261cB0x65d
0x3406	0x3404B0x2627B0x65d
0x3406	0x3404B0x27f4B0x6bd
0x3406	0x3404B0x261cB0x6f2
0x3406	0x3404B0x2627B0x6f2
0x3406	0x3404B0x25dcB0x727
0x3406	0x3404B0x26a6B0x7f5
0x3406	0x3404B0xec869B0x7f5
0x3406	0x3404B0x25dcB0x815
0x3406	0x3404B0x27f4B0x835
0x3406	0x3404B0x25dcB0x8a7
0x3406	0x3404B0x25ffB0x1c05
0x3406	0x3404B0x25dcB0x136cB0x461
0x3412	0x3408B0x270dB0x53e
0x3412	0x3408B0x271dB0x53e
0x3414	0x3408B0x270dB0x53e
0x3414	0x3408B0x271dB0x53e
0x341c	0x341aB0x270dB0x53e
0x341c	0x341aB0x271dB0x53e
0x3427	0x341eB0x2896
0x3427	0x341eB0x28c3B0x5f3
0x3429	0x341eB0x2896
0x3429	0x341eB0x28c3B0x5f3
0x3431	0x342fB0x2896
0x3431	0x342fB0x28c3B0x5f3
0x6933	0x6930
0x6957	0x6954
0x697b	0x6978
0x699f	0x699c
0x69c3	0x69c0
0x69e7	0x69e4
0x6a0b	0x6a08
0x6a2f	0x6a2c
0x6a53	0x6a50
0x6a77	0x6a74
0x312a8	0x312a1
0x312a9	0x312a1
0x3131d	0x31316
0x3131e	0x31316
0x3136a	0x31363
0x3136b	0x31363
0x313f6	0x313f2
0x313f7	0x313f2
0x313f9	0x313f2
0x31460	0x3145c
0x31461	0x3145c
0x31463	0x3145c
0x314a9	0x314a5
0x314aa	0x314a5
0x314ac	0x314a5
0x314d4	0x314cd
0x314d5	0x314cd
0x31528	0x31521
0x31529	0x31521
0x3159d	0x31596
0x3159e	0x31596
0x3160b	0x31604
0x3160c	0x31604
0x31658	0x31651
0x31659	0x31651
0x31684	0x3167d
0x31685	0x3167d
0x316d1	0x316ca
0x316d2	0x316ca
0x3171e	0x31717
0x3171f	0x31717
0x3176b	0x31764
0x3176c	0x31764
0x317bb	0x317b4
0x317bc	0x317b4
0x31808	0x31801
0x31809	0x31801
0x31855	0x3184e
0x31856	0x3184e
0x3187e	0x3187a
0x3187f	0x3187a
0x31881	0x3187a
0x318a6	0x318a2
0x318a7	0x318a2
0x318a9	0x318a2
0x318d1	0x318ca
0x318d2	0x318ca
0x318fd	0x318f6
0x318fe	0x318f6
0x31929	0x31922
0x3192a	0x31922
0x319b8	0x319b1
0x319b9	0x319b1
0x31a05	0x319fe
0x31a06	0x319fe
0x31a31	0x31a2a
0x31a32	0x31a2a
0x31a9c	0x31a98
0x31a9d	0x31a98
0x31a9f	0x31a98
0x31ac4	0x31ac0
0x31ac5	0x31ac0
0x31ac7	0x31ac0
0x31ae9	0x31ae8B0x2fe
0x31aea	0x31ae8B0x2fe
0x3e5e8	0x3e5e4
0x3e5e9	0x3e5e4
0x3e5eb	0x3e5e4
0x3e610	0x3e60c
0x3e611	0x3e60c
0x3e613	0x3e60c
0x3e638	0x3e634B0x374
0x3e639	0x3e634B0x374
0x3e63b	0x3e634B0x374
0x3e660	0x3e65cB0x374
0x3e661	0x3e65cB0x374
0x3e663	0x3e65cB0x374
0x3e688	0x3e684B0x374
0x3e689	0x3e684B0x374
0x3e68b	0x3e684B0x374
0x3e6b0	0x3e6acB0x374
0x3e6b1	0x3e6acB0x374
0x3e6b3	0x3e6acB0x374
0x3e6d5	0x3e6d4B0x374
0x3e6d6	0x3e6d4B0x374
0x3e6d7	0x3e6d4B0x374
0x3e6d8	0x3e6d4B0x374
0x3e6d9	0x3e6d4B0x374
0x3e6da	0x3e6d4B0x374
0x3e6fc	0x3e6fbB0x374
0x3e6fd	0x3e6fbB0x374
0x3e6fe	0x3e6fbB0x374
0x3e6ff	0x3e6fbB0x374
0x3e700	0x3e6fbB0x374
0x3e701	0x3e6fbB0x374
0x3e74a	0x3e746
0x3e74b	0x3e746
0x3e74d	0x3e746
0x3e76f	0x3e76e
0x3e770	0x3e76e
0x3e795	0x3e791
0x3e796	0x3e791
0x3e798	0x3e791
0x3e79a	0x3e791
0x3e7c2	0x3e7be
0x3e7c3	0x3e7be
0x3e7c5	0x3e7be
0x3e7ea	0x3e7e6
0x3e7eb	0x3e7e6
0x3e7ed	0x3e7e6
0x3e7ef	0x3e7e6
0x3e817	0x3e813
0x3e818	0x3e813
0x3e81a	0x3e813
0x3e83c	0x3e83b0x106f
0x3e83c	0x3e83b0x1ae4
0x3e83d	0x3e83b0x106f
0x3e83d	0x3e83b0x1ae4
0x3e83e	0x3e83b0x106f
0x3e83e	0x3e83b0x1ae4
0x3e85f	0x3e85eB0x414
0x3e860	0x3e85eB0x414
0x3e861	0x3e85eB0x414
0x3e862	0x3e85eB0x414
0x3e863	0x3e85eB0x414
0x3e864	0x3e85eB0x414
0x3e886	0x3e885B0x414
0x3e887	0x3e885B0x414
0x3e888	0x3e885B0x414
0x3e889	0x3e885B0x414
0x3e88a	0x3e885B0x414
0x3e88b	0x3e885B0x414
0x3e8b0	0x3e8ac
0x3e8b1	0x3e8ac
0x3e8b3	0x3e8ac
0x3e8d8	0x3e8d4
0x3e8d9	0x3e8d4
0x3e8db	0x3e8d4
0x3e900	0x3e8fc
0x3e901	0x3e8fc
0x3e903	0x3e8fc
0x3e925	0x3e924B0x520
0x3e926	0x3e924B0x520
0x4b424	0x4b420B0x520
0x4b425	0x4b420B0x520
0x4b427	0x4b420B0x520
0x4b429	0x4b420B0x520
0x4b44e	0x4b44dB0x582
0x4b473	0x4b46f
0x4b474	0x4b46f
0x4b476	0x4b46f
0x4b498	0x4b497B0x5c2
0x4b499	0x4b497B0x5c2
0x57f97	0x57f93B0x5c2
0x57f98	0x57f93B0x5c2
0x57f9a	0x57f93B0x5c2
0x57f9c	0x57f93B0x5c2
0x57fe2	0x57fe1B0x68c
0x57fe3	0x57fe1B0x68c
0x69821	0x6981d
0x69822	0x6981d
0x69824	0x6981d
0x69846	0x69845B0x31790
0x69846	0x69845B0x1f25
0x69846	0x69845B0x3e722
0x69846	0x69845B0x3e791
0x69846	0x69845B0x20e5
0x69846	0x69845B0x7b0ab
0x69846	0x69845B0x87c29
0x69846	0x69845B0x87cab
0x69846	0x69845B0x87dc1
0x69846	0x69845B0x87ef5
0x69846	0x69845B0x997a7
0x69846	0x69845B0x998ac
0x69846	0x69845B0x204fB0xfd0
0x69846	0x69845B0x204fB0x13f6
0x69846	0x69845B0x4b420B0x520
0x69846	0x69845B0x57f93B0x5c2
0x69846	0x69845B0x204fB0x171d
0x69846	0x69845B0x204fB0x17bd
0x69846	0x69845B0x204fB0x1a53
0x69846	0x69845B0x204fB0x1e45
0x69846	0x69845B0x204fB0x15bdB0x5e2
0x69846	0x69845B0x204fB0x134dB0x461
0x69846	0x69845B0x204fB0x1497B0x54d
0x69846	0x69845B0x204fB0x153bB0x582
0x69846	0x69845B0x204fB0x1689B0x66c
0x69846	0x69845B0x204fB0x1781B0x701
0x69846	0x69845B0x204fB0x19c2B0x804
0x69847	0x69845B0x31790
0x69847	0x69845B0x1f25
0x69847	0x69845B0x3e722
0x69847	0x69845B0x3e791
0x69847	0x69845B0x20e5
0x69847	0x69845B0x7b0ab
0x69847	0x69845B0x87c29
0x69847	0x69845B0x87cab
0x69847	0x69845B0x87dc1
0x69847	0x69845B0x87ef5
0x69847	0x69845B0x997a7
0x69847	0x69845B0x998ac
0x69847	0x69845B0x204fB0xfd0
0x69847	0x69845B0x204fB0x13f6
0x69847	0x69845B0x4b420B0x520
0x69847	0x69845B0x57f93B0x5c2
0x69847	0x69845B0x204fB0x171d
0x69847	0x69845B0x204fB0x17bd
0x69847	0x69845B0x204fB0x1a53
0x69847	0x69845B0x204fB0x1e45
0x69847	0x69845B0x204fB0x15bdB0x5e2
0x69847	0x69845B0x204fB0x134dB0x461
0x69847	0x69845B0x204fB0x1497B0x54d
0x69847	0x69845B0x204fB0x153bB0x582
0x69847	0x69845B0x204fB0x1689B0x66c
0x69847	0x69845B0x204fB0x1781B0x701
0x69847	0x69845B0x204fB0x19c2B0x804
0x7b085	0x7b081
0x7b086	0x7b081
0x7b088	0x7b081
0x7b08a	0x7b081
0x7b0af	0x7b0ab
0x7b0b0	0x7b0ab
0x7b0b2	0x7b0ab
0x7b0b4	0x7b0ab
0x7b0dc	0x7b0d8
0x7b0dd	0x7b0d8
0x7b0df	0x7b0d8
0x7b104	0x7b100
0x7b105	0x7b100
0x7b107	0x7b100
0x7b109	0x7b100
0x7b12e	0x7b12dB0x7e4
0x7b12f	0x7b12dB0x7e4
0x87c2d	0x87c29
0x87c2e	0x87c29
0x87c30	0x87c29
0x87c32	0x87c29
0x87c5a	0x87c56
0x87c5b	0x87c56
0x87c5d	0x87c56
0x87c82	0x87c7e
0x87c83	0x87c7e
0x87c85	0x87c7e
0x87c87	0x87c7e
0x87cd3	0x87ccf
0x87cd4	0x87ccf
0x87cd6	0x87ccf
0x87cfb	0x87cf7
0x87cfc	0x87cf7
0x87cfe	0x87cf7
0x87d23	0x87d1f
0x87d24	0x87d1f
0x87d26	0x87d1f
0x87d4b	0x87d47
0x87d4c	0x87d47
0x87d4e	0x87d47
0x87d73	0x87d6f
0x87d74	0x87d6f
0x87d76	0x87d6f
0x87d9b	0x87d97
0x87d9c	0x87d97
0x87d9e	0x87d97
0x87da0	0x87d97
0x87dc5	0x87dc1
0x87dc6	0x87dc1
0x87dc8	0x87dc1
0x87dca	0x87dc1
0x87df2	0x87dee
0x87df3	0x87dee
0x87df5	0x87dee
0x87e1a	0x87e16
0x87e1b	0x87e16
0x87e1d	0x87e16
0x87e1f	0x87e16
0x87e89	0x87e85B0x8d0
0x87e89	0x87e85B0x1b24
0x87e89	0x87e85B0x115d
0x87e89	0x87e85B0x2121B0x628
0x87e89	0x87e85B0xb69B0x374
0x87e8a	0x87e85B0x8d0
0x87e8a	0x87e85B0x1b24
0x87e8a	0x87e85B0x115d
0x87e8a	0x87e85B0x2121B0x628
0x87e8a	0x87e85B0xb69B0x374
0x87e8c	0x87e85B0x8d0
0x87e8c	0x87e85B0x1b24
0x87e8c	0x87e85B0x115d
0x87e8c	0x87e85B0x2121B0x628
0x87e8c	0x87e85B0xb69B0x374
0x87eae	0x87ead
0x87eaf	0x87ead
0x87eb0	0x87ead
0x87ed2	0x87ed1
0x87ed3	0x87ed1
0x87ed4	0x87ed1
0x87ef9	0x87ef5
0x87efa	0x87ef5
0x87efc	0x87ef5
0x87f47	0x87f43
0x87f48	0x87f43
0x87f4a	0x87f43
0x87f6c	0x87f6b
0x87f6d	0x87f6b
0x997ab	0x997a7
0x997ac	0x997a7
0x997ae	0x997a7
0x997f9	0x997f5
0x997fa	0x997f5
0x997fc	0x997f5
0x9981e	0x9981dB0xfc2
0x9981f	0x9981dB0xfc2
0x99865	0x99861B0xfd0
0x99865	0x99861B0x13f6
0x99865	0x99861B0x171d
0x99865	0x99861B0x17bd
0x99865	0x99861B0x1a53
0x99865	0x99861B0x1e45
0x99865	0x99861B0x15bdB0x5e2
0x99865	0x99861B0x134dB0x461
0x99865	0x99861B0x1497B0x54d
0x99865	0x99861B0x153bB0x582
0x99865	0x99861B0x1689B0x66c
0x99865	0x99861B0x1781B0x701
0x99865	0x99861B0x19c2B0x804
0x99866	0x99861B0xfd0
0x99866	0x99861B0x13f6
0x99866	0x99861B0x171d
0x99866	0x99861B0x17bd
0x99866	0x99861B0x1a53
0x99866	0x99861B0x1e45
0x99866	0x99861B0x15bdB0x5e2
0x99866	0x99861B0x134dB0x461
0x99866	0x99861B0x1497B0x54d
0x99866	0x99861B0x153bB0x582
0x99866	0x99861B0x1689B0x66c
0x99866	0x99861B0x1781B0x701
0x99866	0x99861B0x19c2B0x804
0x99868	0x99861B0xfd0
0x99868	0x99861B0x13f6
0x99868	0x99861B0x171d
0x99868	0x99861B0x17bd
0x99868	0x99861B0x1a53
0x99868	0x99861B0x1e45
0x99868	0x99861B0x15bdB0x5e2
0x99868	0x99861B0x134dB0x461
0x99868	0x99861B0x1497B0x54d
0x99868	0x99861B0x153bB0x582
0x99868	0x99861B0x1689B0x66c
0x99868	0x99861B0x1781B0x701
0x99868	0x99861B0x19c2B0x804
0x9988a	0x99889
0x9988b	0x99889
0x998b0	0x998ac
0x998b1	0x998ac
0x998b3	0x998ac
0x998fe	0x998fa
0x998ff	0x998fa
0x99901	0x998fa
0x99926	0x99922B0x628
0x99927	0x99922B0x628
0x99929	0x99922B0x628
0x9994c	0x9994bB0x16f6B0x68c
0x9994d	0x9994bB0x16f6B0x68c
0xab188	0xab187B0x174cB0x31790
0xab188	0xab187B0x174cB0x1f25
0xab188	0xab187B0x174cB0x3e722
0xab188	0xab187B0x174cB0x3e791
0xab188	0xab187B0x174cB0x20e5
0xab188	0xab187B0x174cB0x7b0ab
0xab188	0xab187B0x174cB0x87c29
0xab188	0xab187B0x174cB0x87cab
0xab188	0xab187B0x174cB0x87dc1
0xab188	0xab187B0x174cB0x87ef5
0xab188	0xab187B0x174cB0x997a7
0xab188	0xab187B0x174cB0x998ac
0xab188	0xab187B0x174cB0x204fB0xfd0
0xab188	0xab187B0x174cB0x204fB0x13f6
0xab188	0xab187B0x174cB0x4b420B0x520
0xab188	0xab187B0x174cB0x57f93B0x5c2
0xab188	0xab187B0x174cB0x204fB0x171d
0xab188	0xab187B0x174cB0x204fB0x17bd
0xab188	0xab187B0x174cB0x204fB0x1a53
0xab188	0xab187B0x174cB0x204fB0x1e45
0xab188	0xab187B0x174cB0x204fB0x15bdB0x5e2
0xab188	0xab187B0x174cB0x204fB0x134dB0x461
0xab188	0xab187B0x174cB0x204fB0x1497B0x54d
0xab188	0xab187B0x174cB0x204fB0x153bB0x582
0xab188	0xab187B0x174cB0x204fB0x1689B0x66c
0xab188	0xab187B0x174cB0x204fB0x1781B0x701
0xab188	0xab187B0x174cB0x204fB0x19c2B0x804
0xab189	0xab187B0x174cB0x31790
0xab189	0xab187B0x174cB0x1f25
0xab189	0xab187B0x174cB0x3e722
0xab189	0xab187B0x174cB0x3e791
0xab189	0xab187B0x174cB0x20e5
0xab189	0xab187B0x174cB0x7b0ab
0xab189	0xab187B0x174cB0x87c29
0xab189	0xab187B0x174cB0x87cab
0xab189	0xab187B0x174cB0x87dc1
0xab189	0xab187B0x174cB0x87ef5
0xab189	0xab187B0x174cB0x997a7
0xab189	0xab187B0x174cB0x998ac
0xab189	0xab187B0x174cB0x204fB0xfd0
0xab189	0xab187B0x174cB0x204fB0x13f6
0xab189	0xab187B0x174cB0x4b420B0x520
0xab189	0xab187B0x174cB0x57f93B0x5c2
0xab189	0xab187B0x174cB0x204fB0x171d
0xab189	0xab187B0x174cB0x204fB0x17bd
0xab189	0xab187B0x174cB0x204fB0x1a53
0xab189	0xab187B0x174cB0x204fB0x1e45
0xab189	0xab187B0x174cB0x204fB0x15bdB0x5e2
0xab189	0xab187B0x174cB0x204fB0x134dB0x461
0xab189	0xab187B0x174cB0x204fB0x1497B0x54d
0xab189	0xab187B0x174cB0x204fB0x153bB0x582
0xab189	0xab187B0x174cB0x204fB0x1689B0x66c
0xab189	0xab187B0x174cB0x204fB0x1781B0x701
0xab189	0xab187B0x174cB0x204fB0x19c2B0x804
0xbc9c4	0xbc9c3B0x19abB0x7e4
0xbc9c5	0xbc9c3B0x19abB0x7e4
0xc94c3	0xc94bfB0x8c7
0xc94c4	0xc94bfB0x8c7
0xc94c6	0xc94bfB0x8c7
0xc94ec	0xc94e8
0xc94ed	0xc94e8
0xc94ef	0xc94e8
0xc9511	0xc9510B0x1fe0B0xfc2
0xc9512	0xc9510B0x1fe0B0xfc2
0xdad4d	0xdad4cB0x2076
0xdad4e	0xdad4cB0x2076
0xec58c	0xec588B0x16f6B0x68c
0xec58d	0xec588B0x16f6B0x68c
0xec58f	0xec588B0x16f6B0x68c
0xec5d5	0xec5d1B0x219cB0x8c7
0xec5d6	0xec5d1B0x219cB0x8c7
0xec5d8	0xec5d1B0x219cB0x8c7
0xec5fa	0xec5f9B0x220aB0x1fe0B0xfc2
0xec5fb	0xec5f9B0x220aB0x1fe0B0xfc2
0xec5fc	0xec5f9B0x220aB0x1fe0B0xfc2
0xec5fd	0xec5f9B0x220aB0x1fe0B0xfc2
0xec61f	0xec61eB0x220aB0x1fe0B0xfc2
0xec620	0xec61eB0x220aB0x1fe0B0xfc2
0xec621	0xec61eB0x220aB0x1fe0B0xfc2
0xec622	0xec61eB0x220aB0x1fe0B0xfc2
0xec644	0xec643B0x221fB0x2076
0xec645	0xec643B0x221fB0x2076
0xec646	0xec643B0x221fB0x2076
0xec647	0xec643B0x221fB0x2076
0xec669	0xec668B0x221fB0x2076
0xec66a	0xec668B0x221fB0x2076
0xec66b	0xec668B0x221fB0x2076
0xec66c	0xec668B0x221fB0x2076
0xec68e	0xec68dB0x942
0xec68e	0xec68dB0x1d25
0xec68f	0xec68dB0x942
0xec68f	0xec68dB0x1d25
0xec6b1	0xec6b0B0xc74B0x374
0xec6b1	0xec6b0B0xd1dB0x374
0xec6b2	0xec6b0B0xc74B0x374
0xec6b2	0xec6b0B0xd1dB0x374
0xec6d4	0xec6d3B0x2435B0x942
0xec6d4	0xec6d3B0x2435B0x1d25
0xec6f6	0xec6f5B0x24deB0x2435B0x942
0xec6f6	0xec6f5B0x24deB0x2435B0x1d25
0xec6f7	0xec6f5B0x24deB0x2435B0x942
0xec6f7	0xec6f5B0x24deB0x2435B0x1d25
0xec719	0xec718B0x249aB0xc74B0x374
0xec719	0xec718B0x249aB0xd1dB0x374
0xec73b	0xec73aB0x24f8B0x249aB0xc74B0x374
0xec73b	0xec73aB0x24f8B0x249aB0xd1dB0x374
0xec73c	0xec73aB0x24f8B0x249aB0xc74B0x374
0xec73c	0xec73aB0x24f8B0x249aB0xd1dB0x374
0xec75e	0xec75dB0x276dB0x452
0xec75e	0xec75dB0x2791B0x452
0xec75f	0xec75dB0x276dB0x452
0xec75f	0xec75dB0x2791B0x452
0xec760	0xec75dB0x276dB0x452
0xec760	0xec75dB0x2791B0x452
0xec761	0xec75dB0x276dB0x452
0xec761	0xec75dB0x2791B0x452
0xec762	0xec75dB0x276dB0x452
0xec762	0xec75dB0x2791B0x452
0xec784	0xec783B0x2a0b
0xec784	0xec783B0x2929B0x2ce
0xec784	0xec783B0x2929B0x85e
0xec785	0xec783B0x2a0b
0xec785	0xec783B0x2929B0x2ce
0xec785	0xec783B0x2929B0x85e
0xec786	0xec783B0x2a0b
0xec786	0xec783B0x2929B0x2ce
0xec786	0xec783B0x2929B0x85e
0xec787	0xec783B0x2a0b
0xec787	0xec783B0x2929B0x2ce
0xec787	0xec783B0x2929B0x85e
0xec788	0xec783B0x2a0b
0xec788	0xec783B0x2929B0x2ce
0xec788	0xec783B0x2929B0x85e
0xec7aa	0xec7a9B0x29e2
0xec7aa	0xec7a9B0x2953B0x325
0xec7aa	0xec7a9B0x2862B0x405
0xec7aa	0xec7a9B0x2953B0x75c
0xec7ab	0xec7a9B0x29e2
0xec7ab	0xec7a9B0x2953B0x325
0xec7ab	0xec7a9B0x2862B0x405
0xec7ab	0xec7a9B0x2953B0x75c
0xec7ac	0xec7a9B0x29e2
0xec7ac	0xec7a9B0x2953B0x325
0xec7ac	0xec7a9B0x2862B0x405
0xec7ac	0xec7a9B0x2953B0x75c
0xec7ad	0xec7a9B0x29e2
0xec7ad	0xec7a9B0x2953B0x325
0xec7ad	0xec7a9B0x2862B0x405
0xec7ad	0xec7a9B0x2953B0x75c
0xec7cf	0xec7ceB0x2987
0xec7cf	0xec7ceB0x29d8
0xec7cf	0xec7ceB0x28dfB0x2ef
0xec7cf	0xec7ceB0x2949B0x325
0xec7cf	0xec7ceB0x28dfB0x345
0xec7cf	0xec7ceB0x286cB0x405
0xec7cf	0xec7ceB0x28dfB0x472
0xec7cf	0xec7ceB0x2949B0x75c
0xec7cf	0xec7ceB0x28feB0x2ce
0xec7cf	0xec7ceB0x28feB0x85e
0xec7d0	0xec7ceB0x2987
0xec7d0	0xec7ceB0x29d8
0xec7d0	0xec7ceB0x28dfB0x2ef
0xec7d0	0xec7ceB0x2949B0x325
0xec7d0	0xec7ceB0x28dfB0x345
0xec7d0	0xec7ceB0x286cB0x405
0xec7d0	0xec7ceB0x28dfB0x472
0xec7d0	0xec7ceB0x2949B0x75c
0xec7d0	0xec7ceB0x28feB0x2ce
0xec7d0	0xec7ceB0x28feB0x85e
0xec7d1	0xec7ceB0x2987
0xec7d1	0xec7ceB0x29d8
0xec7d1	0xec7ceB0x28dfB0x2ef
0xec7d1	0xec7ceB0x2949B0x325
0xec7d1	0xec7ceB0x28dfB0x345
0xec7d1	0xec7ceB0x286cB0x405
0xec7d1	0xec7ceB0x28dfB0x472
0xec7d1	0xec7ceB0x2949B0x75c
0xec7d1	0xec7ceB0x28feB0x2ce
0xec7d1	0xec7ceB0x28feB0x85e
0xec7d2	0xec7ceB0x2987
0xec7d2	0xec7ceB0x29d8
0xec7d2	0xec7ceB0x28dfB0x2ef
0xec7d2	0xec7ceB0x2949B0x325
0xec7d2	0xec7ceB0x28dfB0x345
0xec7d2	0xec7ceB0x286cB0x405
0xec7d2	0xec7ceB0x28dfB0x472
0xec7d2	0xec7ceB0x2949B0x75c
0xec7d2	0xec7ceB0x28feB0x2ce
0xec7d2	0xec7ceB0x28feB0x85e
0xec7f4	0xec7f3B0x3c5
0xec7f4	0xec7f3B0x511
0xec7f4	0xec7f3B0x573
0xec7f4	0xec7f3B0x5b3
0xec7f4	0xec7f3B0x727
0xec7f4	0xec7f3B0x815
0xec7f4	0xec7f3B0x8a7
0xec7f4	0xec7f3B0x136cB0x461
0xec7f5	0xec7f3B0x3c5
0xec7f5	0xec7f3B0x511
0xec7f5	0xec7f3B0x573
0xec7f5	0xec7f3B0x5b3
0xec7f5	0xec7f3B0x727
0xec7f5	0xec7f3B0x815
0xec7f5	0xec7f3B0x8a7
0xec7f5	0xec7f3B0x136cB0x461
0xec7f6	0xec7f3B0x3c5
0xec7f6	0xec7f3B0x511
0xec7f6	0xec7f3B0x573
0xec7f6	0xec7f3B0x5b3
0xec7f6	0xec7f3B0x727
0xec7f6	0xec7f3B0x815
0xec7f6	0xec7f3B0x8a7
0xec7f6	0xec7f3B0x136cB0x461
0xec7f7	0xec7f3B0x3c5
0xec7f7	0xec7f3B0x511
0xec7f7	0xec7f3B0x573
0xec7f7	0xec7f3B0x5b3
0xec7f7	0xec7f3B0x727
0xec7f7	0xec7f3B0x815
0xec7f7	0xec7f3B0x8a7
0xec7f7	0xec7f3B0x136cB0x461
0xec7f8	0xec7f3B0x3c5
0xec7f8	0xec7f3B0x511
0xec7f8	0xec7f3B0x573
0xec7f8	0xec7f3B0x5b3
0xec7f8	0xec7f3B0x727
0xec7f8	0xec7f3B0x815
0xec7f8	0xec7f3B0x8a7
0xec7f8	0xec7f3B0x136cB0x461
0xec81a	0xec819B0x1c05
0xec81b	0xec819B0x1c05
0xec81c	0xec819B0x1c05
0xec81d	0xec819B0x1c05
0xec81e	0xec819B0x1c05
0xec840	0xec83fB0x65d
0xec840	0xec83fB0x6f2
0xec841	0xec83fB0x65d
0xec841	0xec83fB0x6f2
0xec842	0xec83fB0x65d
0xec842	0xec83fB0x6f2
0xec843	0xec83fB0x65d
0xec843	0xec83fB0x6f2
0xec844	0xec83fB0x65d
0xec844	0xec83fB0x6f2
0xec845	0xec83fB0x65d
0xec845	0xec83fB0x6f2
0xec846	0xec83fB0x65d
0xec846	0xec83fB0x6f2
0xec847	0xec83fB0x65d
0xec847	0xec83fB0x6f2
0xec848	0xec83fB0x65d
0xec848	0xec83fB0x6f2
0xec86a	0xec869B0x7f5
0xec86b	0xec869B0x7f5
0xec86e	0xec869B0x7f5
0xec871	0xec869B0x7f5
0xec872	0xec869B0x7f5
0xec875	0xec869B0x7f5
0xec87b	0xec869B0x7f5
0xec8ca	0xec8c9B0x452
0xec8cb	0xec8c9B0x452
0xec8cc	0xec8c9B0x452
0xec8cd	0xec8c9B0x452
0xec8ce	0xec8c9B0x452
0xec8cf	0xec8c9B0x452
0xec8d0	0xec8c9B0x452
0xec8d1	0xec8c9B0x452
0xec8d2	0xec8c9B0x452
0xec8d3	0xec8c9B0x452
0xec8f5	0xec8f4B0x1d01
0xec8f6	0xec8f4B0x1d01
0xec8f7	0xec8f4B0x1d01
0xec8f8	0xec8f4B0x1d01
0xec8f9	0xec8f4B0x1d01
0xec91b	0xec91aB0x3a5
0xec91b	0xec91aB0x3e5
0xec91b	0xec91aB0x6bd
0xec91b	0xec91aB0x835
0xec91c	0xec91aB0x3a5
0xec91c	0xec91aB0x3e5
0xec91c	0xec91aB0x6bd
0xec91c	0xec91aB0x835
0xec91d	0xec91aB0x3a5
0xec91d	0xec91aB0x3e5
0xec91d	0xec91aB0x6bd
0xec91d	0xec91aB0x835
0xec91e	0xec91aB0x3a5
0xec91e	0xec91aB0x3e5
0xec91e	0xec91aB0x6bd
0xec91e	0xec91aB0x835
0xec91f	0xec91aB0x3a5
0xec91f	0xec91aB0x3e5
0xec91f	0xec91aB0x6bd
0xec91f	0xec91aB0x835
0xec920	0xec91aB0x3a5
0xec920	0xec91aB0x3e5
0xec920	0xec91aB0x6bd
0xec920	0xec91aB0x835
0xec921	0xec91aB0x3a5
0xec921	0xec91aB0x3e5
0xec921	0xec91aB0x6bd
0xec921	0xec91aB0x835
0xec922	0xec91aB0x3a5
0xec922	0xec91aB0x3e5
0xec922	0xec91aB0x6bd
0xec922	0xec91aB0x835
0xec923	0xec91aB0x3a5
0xec923	0xec91aB0x3e5
0xec923	0xec91aB0x6bd
0xec923	0xec91aB0x835
0xec945	0xec944B0x593
0xec946	0xec944B0x593
0xec947	0xec944B0x593
0xec948	0xec944B0x593
0xec949	0xec944B0x593
0xec94a	0xec944B0x593
0xec94b	0xec944B0x593
0xec94c	0xec944B0x593
0xec94d	0xec944B0x593
0xec96f	0xec96eB0x5f3
0xec970	0xec96eB0x5f3
0xec973	0xec96eB0x5f3
0xec976	0xec96eB0x5f3
0xec977	0xec96eB0x5f3
0xec97a	0xec96eB0x5f3
0xec980	0xec96eB0x5f3
0xec9a5	0xec9a4B0x2ef
0xec9a5	0xec9a4B0x345
0xec9a5	0xec9a4B0x472
0xec9a6	0xec9a4B0x2ef
0xec9a6	0xec9a4B0x345
0xec9a6	0xec9a4B0x472
0xfe1e1	0xfe1e0B0x2ce
0xfe1e1	0xfe1e0B0x85e
0xfe1e2	0xfe1e0B0x2ce
0xfe1e2	0xfe1e0B0x85e
0xfe1e3	0xfe1e0B0x2ce
0xfe1e3	0xfe1e0B0x85e
0xfe1e4	0xfe1e0B0x2ce
0xfe1e4	0xfe1e0B0x85e
0xfe1e5	0xfe1e0B0x2ce
0xfe1e5	0xfe1e0B0x85e
0xfe1e6	0xfe1e0B0x2ce
0xfe1e6	0xfe1e0B0x85e
0xfe1e7	0xfe1e0B0x2ce
0xfe1e7	0xfe1e0B0x85e
0xfe1e8	0xfe1e0B0x2ce
0xfe1e8	0xfe1e0B0x85e
0xfe1e9	0xfe1e0B0x2ce
0xfe1e9	0xfe1e0B0x85e
0xfe1ea	0xfe1e0B0x2ce
0xfe1ea	0xfe1e0B0x85e
0xfe20c	0xfe20bB0x21ea
0xfe20c	0xfe20bB0x419
0xfe20d	0xfe20bB0x21ea
0xfe20d	0xfe20bB0x419
0x10fa48	0x10fa47B0x2bfe
0x10fa48	0x10fa47B0x339b
0x10fa6a	0x10fa69B0x2657
0x10fa6a	0x10fa69B0x2662
0x10fa6a	0x10fa69B0x2672
0x10fa6a	0x10fa69B0x27f4B0x3a5
0x10fa6a	0x10fa69B0x25dcB0x3c5
0x10fa6a	0x10fa69B0x27f4B0x3e5
0x10fa6a	0x10fa69B0x25dcB0x511
0x10fa6a	0x10fa69B0x26ebB0x53e
0x10fa6a	0x10fa69B0x26f6B0x53e
0x10fa6a	0x10fa69B0x25dcB0x573
0x10fa6a	0x10fa69B0x25dcB0x5b3
0x10fa6a	0x10fa69B0xec96eB0x5f3
0x10fa6a	0x10fa69B0x261cB0x65d
0x10fa6a	0x10fa69B0x2627B0x65d
0x10fa6a	0x10fa69B0x27f4B0x6bd
0x10fa6a	0x10fa69B0x261cB0x6f2
0x10fa6a	0x10fa69B0x2627B0x6f2
0x10fa6a	0x10fa69B0x25dcB0x727
0x10fa6a	0x10fa69B0x26a6B0x7f5
0x10fa6a	0x10fa69B0xec869B0x7f5
0x10fa6a	0x10fa69B0x25dcB0x815
0x10fa6a	0x10fa69B0x27f4B0x835
0x10fa6a	0x10fa69B0x25dcB0x8a7
0x10fa6a	0x10fa69B0x25ffB0x1c05
0x10fa6a	0x10fa69B0x25dcB0x136cB0x461
0x10fa8c	0x10fa8bB0x270dB0x53e
0x10fa8c	0x10fa8bB0x271dB0x53e
0x10faae	0x10faadB0x2896
0x10faae	0x10faadB0x28c3B0x5f3
0x10faf4	0x10faf3B0x374
0x10faf5	0x10faf3B0x374
0x10faf6	0x10faf3B0x374
0x10faf7	0x10faf3B0x374
0x10faf8	0x10faf3B0x374
0x10faf9	0x10faf3B0x374
0x10fb1b	0x10fb1aB0x414
0x10fb1c	0x10fb1aB0x414
0x10fb1d	0x10fb1aB0x414
0x10fb1e	0x10fb1aB0x414
0x10fb1f	0x10fb1aB0x414
0x10fb20	0x10fb1aB0x414
0x10fb42	0x10fb41B0x55e
0x10fb8c	0x10fb88
0x10fb8d	0x10fb88
0x10fb8f	0x10fb88
0x10fbb4	0x10fbb0
0x10fbb5	0x10fbb0
0x10fbb7	0x10fbb0
0x10fbdc	0x10fbd8
0x10fbdd	0x10fbd8
0x10fbdf	0x10fbd8
0x10fc04	0x10fc00
0x10fc05	0x10fc00
0x10fc07	0x10fc00
0x10fc2c	0x10fc28
0x10fc2d	0x10fc28
0x10fc2f	0x10fc28
0x10fc54	0x10fc50
0x10fc55	0x10fc50
0x10fc57	0x10fc50
0x10fc7c	0x10fc78
0x10fc7d	0x10fc78
0x10fc7f	0x10fc78
0x10fca4	0x10fca0
0x10fca5	0x10fca0
0x10fca7	0x10fca0
0x10fccc	0x10fcc8
0x10fccd	0x10fcc8
0x10fccf	0x10fcc8
0x10fcf4	0x10fcf0
0x10fcf5	0x10fcf0
0x10fcf7	0x10fcf0
0x10fd1c	0x10fd18
0x10fd1d	0x10fd18
0x10fd1f	0x10fd18
0x10fd44	0x10fd40
0x10fd45	0x10fd40
0x10fd47	0x10fd40
0x10fd6c	0x10fd68
0x10fd6d	0x10fd68
0x10fd6f	0x10fd68
0x10fd94	0x10fd90
0x10fd95	0x10fd90
0x10fd97	0x10fd90
0x10fdbc	0x10fdb8
0x10fdbd	0x10fdb8
0x10fdbf	0x10fdb8
0x10fde4	0x10fde0
0x10fde5	0x10fde0
0x10fde7	0x10fde0
0x10fe0c	0x10fe08
0x10fe0d	0x10fe08
0x10fe0f	0x10fe08
0x10fe34	0x10fe30
0x10fe35	0x10fe30
0x10fe37	0x10fe30
0x10fe5c	0x10fe58
0x10fe5d	0x10fe58
0x10fe5f	0x10fe58
0x10fe84	0x10fe80
0x10fe85	0x10fe80
0x10fe87	0x10fe80
0x10feac	0x10fea8
0x10fead	0x10fea8
0x10feaf	0x10fea8
0x10fed1	0x10fed0B0x2fe
0x10fed2	0x10fed0B0x2fe
0x10fed3	0x10fed0B0x2fe
0x10fef5	0x10fef4B0x520
0x10fef6	0x10fef4B0x520
0x10fef7	0x10fef4B0x520
0x10ff19	0x10ff18B0x5c2
0x10ff1a	0x10ff18B0x5c2
0x10ff1b	0x10ff18B0x5c2
0x10ff3d	0x10ff3cB0x68c
0x10ff3e	0x10ff3cB0x68c
0x10ff3f	0x10ff3cB0x68c
0x10ff40	0x10ff3cB0x68c
0x10ff62	0x10ff61B0x31790
0x10ff62	0x10ff61B0x1f25
0x10ff62	0x10ff61B0x3e722
0x10ff62	0x10ff61B0x3e791
0x10ff62	0x10ff61B0x20e5
0x10ff62	0x10ff61B0x7b0ab
0x10ff62	0x10ff61B0x87c29
0x10ff62	0x10ff61B0x87cab
0x10ff62	0x10ff61B0x87dc1
0x10ff62	0x10ff61B0x87ef5
0x10ff62	0x10ff61B0x997a7
0x10ff62	0x10ff61B0x998ac
0x10ff62	0x10ff61B0x204fB0xfd0
0x10ff62	0x10ff61B0x204fB0x13f6
0x10ff62	0x10ff61B0x4b420B0x520
0x10ff62	0x10ff61B0x57f93B0x5c2
0x10ff62	0x10ff61B0x204fB0x171d
0x10ff62	0x10ff61B0x204fB0x17bd
0x10ff62	0x10ff61B0x204fB0x1a53
0x10ff62	0x10ff61B0x204fB0x1e45
0x10ff62	0x10ff61B0x204fB0x15bdB0x5e2
0x10ff62	0x10ff61B0x204fB0x134dB0x461
0x10ff62	0x10ff61B0x204fB0x1497B0x54d
0x10ff62	0x10ff61B0x204fB0x153bB0x582
0x10ff62	0x10ff61B0x204fB0x1689B0x66c
0x10ff62	0x10ff61B0x204fB0x1781B0x701
0x10ff62	0x10ff61B0x204fB0x19c2B0x804
0x10ff63	0x10ff61B0x31790
0x10ff63	0x10ff61B0x1f25
0x10ff63	0x10ff61B0x3e722
0x10ff63	0x10ff61B0x3e791
0x10ff63	0x10ff61B0x20e5
0x10ff63	0x10ff61B0x7b0ab
0x10ff63	0x10ff61B0x87c29
0x10ff63	0x10ff61B0x87cab
0x10ff63	0x10ff61B0x87dc1
0x10ff63	0x10ff61B0x87ef5
0x10ff63	0x10ff61B0x997a7
0x10ff63	0x10ff61B0x998ac
0x10ff63	0x10ff61B0x204fB0xfd0
0x10ff63	0x10ff61B0x204fB0x13f6
0x10ff63	0x10ff61B0x4b420B0x520
0x10ff63	0x10ff61B0x57f93B0x5c2
0x10ff63	0x10ff61B0x204fB0x171d
0x10ff63	0x10ff61B0x204fB0x17bd
0x10ff63	0x10ff61B0x204fB0x1a53
0x10ff63	0x10ff61B0x204fB0x1e45
0x10ff63	0x10ff61B0x204fB0x15bdB0x5e2
0x10ff63	0x10ff61B0x204fB0x134dB0x461
0x10ff63	0x10ff61B0x204fB0x1497B0x54d
0x10ff63	0x10ff61B0x204fB0x153bB0x582
0x10ff63	0x10ff61B0x204fB0x1689B0x66c
0x10ff63	0x10ff61B0x204fB0x1781B0x701
0x10ff63	0x10ff61B0x204fB0x19c2B0x804
0x10ff64	0x10ff61B0x31790
0x10ff64	0x10ff61B0x1f25
0x10ff64	0x10ff61B0x3e722
0x10ff64	0x10ff61B0x3e791
0x10ff64	0x10ff61B0x20e5
0x10ff64	0x10ff61B0x7b0ab
0x10ff64	0x10ff61B0x87c29
0x10ff64	0x10ff61B0x87cab
0x10ff64	0x10ff61B0x87dc1
0x10ff64	0x10ff61B0x87ef5
0x10ff64	0x10ff61B0x997a7
0x10ff64	0x10ff61B0x998ac
0x10ff64	0x10ff61B0x204fB0xfd0
0x10ff64	0x10ff61B0x204fB0x13f6
0x10ff64	0x10ff61B0x4b420B0x520
0x10ff64	0x10ff61B0x57f93B0x5c2
0x10ff64	0x10ff61B0x204fB0x171d
0x10ff64	0x10ff61B0x204fB0x17bd
0x10ff64	0x10ff61B0x204fB0x1a53
0x10ff64	0x10ff61B0x204fB0x1e45
0x10ff64	0x10ff61B0x204fB0x15bdB0x5e2
0x10ff64	0x10ff61B0x204fB0x134dB0x461
0x10ff64	0x10ff61B0x204fB0x1497B0x54d
0x10ff64	0x10ff61B0x204fB0x153bB0x582
0x10ff64	0x10ff61B0x204fB0x1689B0x66c
0x10ff64	0x10ff61B0x204fB0x1781B0x701
0x10ff64	0x10ff61B0x204fB0x19c2B0x804
0x10ff65	0x10ff61B0x31790
0x10ff65	0x10ff61B0x1f25
0x10ff65	0x10ff61B0x3e722
0x10ff65	0x10ff61B0x3e791
0x10ff65	0x10ff61B0x20e5
0x10ff65	0x10ff61B0x7b0ab
0x10ff65	0x10ff61B0x87c29
0x10ff65	0x10ff61B0x87cab
0x10ff65	0x10ff61B0x87dc1
0x10ff65	0x10ff61B0x87ef5
0x10ff65	0x10ff61B0x997a7
0x10ff65	0x10ff61B0x998ac
0x10ff65	0x10ff61B0x204fB0xfd0
0x10ff65	0x10ff61B0x204fB0x13f6
0x10ff65	0x10ff61B0x4b420B0x520
0x10ff65	0x10ff61B0x57f93B0x5c2
0x10ff65	0x10ff61B0x204fB0x171d
0x10ff65	0x10ff61B0x204fB0x17bd
0x10ff65	0x10ff61B0x204fB0x1a53
0x10ff65	0x10ff61B0x204fB0x1e45
0x10ff65	0x10ff61B0x204fB0x15bdB0x5e2
0x10ff65	0x10ff61B0x204fB0x134dB0x461
0x10ff65	0x10ff61B0x204fB0x1497B0x54d
0x10ff65	0x10ff61B0x204fB0x153bB0x582
0x10ff65	0x10ff61B0x204fB0x1689B0x66c
0x10ff65	0x10ff61B0x204fB0x1781B0x701
0x10ff65	0x10ff61B0x204fB0x19c2B0x804
0x10ff87	0x10ff86B0x7e4
0x10ff88	0x10ff86B0x7e4
0x10ff89	0x10ff86B0x7e4
0x10ffab	0x10ffaa
0x10ffac	0x10ffaa
0x10ffad	0x10ffaa
0x10ffae	0x10ffaa
0x10ffd0	0x10ffcfB0x16f6B0x68c
0x10ffd1	0x10ffcfB0x16f6B0x68c
0x10ffd2	0x10ffcfB0x16f6B0x68c
0x10ffd3	0x10ffcfB0x16f6B0x68c
0x10fff5	0x10fff4B0x174cB0x31790
0x10fff5	0x10fff4B0x174cB0x1f25
0x10fff5	0x10fff4B0x174cB0x3e722
0x10fff5	0x10fff4B0x174cB0x3e791
0x10fff5	0x10fff4B0x174cB0x20e5
0x10fff5	0x10fff4B0x174cB0x7b0ab
0x10fff5	0x10fff4B0x174cB0x87c29
0x10fff5	0x10fff4B0x174cB0x87cab
0x10fff5	0x10fff4B0x174cB0x87dc1
0x10fff5	0x10fff4B0x174cB0x87ef5
0x10fff5	0x10fff4B0x174cB0x997a7
0x10fff5	0x10fff4B0x174cB0x998ac
0x10fff5	0x10fff4B0x174cB0x204fB0xfd0
0x10fff5	0x10fff4B0x174cB0x204fB0x13f6
0x10fff5	0x10fff4B0x174cB0x4b420B0x520
0x10fff5	0x10fff4B0x174cB0x57f93B0x5c2
0x10fff5	0x10fff4B0x174cB0x204fB0x171d
0x10fff5	0x10fff4B0x174cB0x204fB0x17bd
0x10fff5	0x10fff4B0x174cB0x204fB0x1a53
0x10fff5	0x10fff4B0x174cB0x204fB0x1e45
0x10fff5	0x10fff4B0x174cB0x204fB0x15bdB0x5e2
0x10fff5	0x10fff4B0x174cB0x204fB0x134dB0x461
0x10fff5	0x10fff4B0x174cB0x204fB0x1497B0x54d
0x10fff5	0x10fff4B0x174cB0x204fB0x153bB0x582
0x10fff5	0x10fff4B0x174cB0x204fB0x1689B0x66c
0x10fff5	0x10fff4B0x174cB0x204fB0x1781B0x701
0x10fff5	0x10fff4B0x174cB0x204fB0x19c2B0x804
0x10fff6	0x10fff4B0x174cB0x31790
0x10fff6	0x10fff4B0x174cB0x1f25
0x10fff6	0x10fff4B0x174cB0x3e722
0x10fff6	0x10fff4B0x174cB0x3e791
0x10fff6	0x10fff4B0x174cB0x20e5
0x10fff6	0x10fff4B0x174cB0x7b0ab
0x10fff6	0x10fff4B0x174cB0x87c29
0x10fff6	0x10fff4B0x174cB0x87cab
0x10fff6	0x10fff4B0x174cB0x87dc1
0x10fff6	0x10fff4B0x174cB0x87ef5
0x10fff6	0x10fff4B0x174cB0x997a7
0x10fff6	0x10fff4B0x174cB0x998ac
0x10fff6	0x10fff4B0x174cB0x204fB0xfd0
0x10fff6	0x10fff4B0x174cB0x204fB0x13f6
0x10fff6	0x10fff4B0x174cB0x4b420B0x520
0x10fff6	0x10fff4B0x174cB0x57f93B0x5c2
0x10fff6	0x10fff4B0x174cB0x204fB0x171d
0x10fff6	0x10fff4B0x174cB0x204fB0x17bd
0x10fff6	0x10fff4B0x174cB0x204fB0x1a53
0x10fff6	0x10fff4B0x174cB0x204fB0x1e45
0x10fff6	0x10fff4B0x174cB0x204fB0x15bdB0x5e2
0x10fff6	0x10fff4B0x174cB0x204fB0x134dB0x461
0x10fff6	0x10fff4B0x174cB0x204fB0x1497B0x54d
0x10fff6	0x10fff4B0x174cB0x204fB0x153bB0x582
0x10fff6	0x10fff4B0x174cB0x204fB0x1689B0x66c
0x10fff6	0x10fff4B0x174cB0x204fB0x1781B0x701
0x10fff6	0x10fff4B0x174cB0x204fB0x19c2B0x804
0x10fff7	0x10fff4B0x174cB0x31790
0x10fff7	0x10fff4B0x174cB0x1f25
0x10fff7	0x10fff4B0x174cB0x3e722
0x10fff7	0x10fff4B0x174cB0x3e791
0x10fff7	0x10fff4B0x174cB0x20e5
0x10fff7	0x10fff4B0x174cB0x7b0ab
0x10fff7	0x10fff4B0x174cB0x87c29
0x10fff7	0x10fff4B0x174cB0x87cab
0x10fff7	0x10fff4B0x174cB0x87dc1
0x10fff7	0x10fff4B0x174cB0x87ef5
0x10fff7	0x10fff4B0x174cB0x997a7
0x10fff7	0x10fff4B0x174cB0x998ac
0x10fff7	0x10fff4B0x174cB0x204fB0xfd0
0x10fff7	0x10fff4B0x174cB0x204fB0x13f6
0x10fff7	0x10fff4B0x174cB0x4b420B0x520
0x10fff7	0x10fff4B0x174cB0x57f93B0x5c2
0x10fff7	0x10fff4B0x174cB0x204fB0x171d
0x10fff7	0x10fff4B0x174cB0x204fB0x17bd
0x10fff7	0x10fff4B0x174cB0x204fB0x1a53
0x10fff7	0x10fff4B0x174cB0x204fB0x1e45
0x10fff7	0x10fff4B0x174cB0x204fB0x15bdB0x5e2
0x10fff7	0x10fff4B0x174cB0x204fB0x134dB0x461
0x10fff7	0x10fff4B0x174cB0x204fB0x1497B0x54d
0x10fff7	0x10fff4B0x174cB0x204fB0x153bB0x582
0x10fff7	0x10fff4B0x174cB0x204fB0x1689B0x66c
0x10fff7	0x10fff4B0x174cB0x204fB0x1781B0x701
0x10fff7	0x10fff4B0x174cB0x204fB0x19c2B0x804
0x10fff8	0x10fff4B0x174cB0x31790
0x10fff8	0x10fff4B0x174cB0x1f25
0x10fff8	0x10fff4B0x174cB0x3e722
0x10fff8	0x10fff4B0x174cB0x3e791
0x10fff8	0x10fff4B0x174cB0x20e5
0x10fff8	0x10fff4B0x174cB0x7b0ab
0x10fff8	0x10fff4B0x174cB0x87c29
0x10fff8	0x10fff4B0x174cB0x87cab
0x10fff8	0x10fff4B0x174cB0x87dc1
0x10fff8	0x10fff4B0x174cB0x87ef5
0x10fff8	0x10fff4B0x174cB0x997a7
0x10fff8	0x10fff4B0x174cB0x998ac
0x10fff8	0x10fff4B0x174cB0x204fB0xfd0
0x10fff8	0x10fff4B0x174cB0x204fB0x13f6
0x10fff8	0x10fff4B0x174cB0x4b420B0x520
0x10fff8	0x10fff4B0x174cB0x57f93B0x5c2
0x10fff8	0x10fff4B0x174cB0x204fB0x171d
0x10fff8	0x10fff4B0x174cB0x204fB0x17bd
0x10fff8	0x10fff4B0x174cB0x204fB0x1a53
0x10fff8	0x10fff4B0x174cB0x204fB0x1e45
0x10fff8	0x10fff4B0x174cB0x204fB0x15bdB0x5e2
0x10fff8	0x10fff4B0x174cB0x204fB0x134dB0x461
0x10fff8	0x10fff4B0x174cB0x204fB0x1497B0x54d
0x10fff8	0x10fff4B0x174cB0x204fB0x153bB0x582
0x10fff8	0x10fff4B0x174cB0x204fB0x1689B0x66c
0x10fff8	0x10fff4B0x174cB0x204fB0x1781B0x701
0x10fff8	0x10fff4B0x174cB0x204fB0x19c2B0x804
0x11001a	0x110019B0x19abB0x7e4
0x11001b	0x110019B0x19abB0x7e4
0x11001c	0x110019B0x19abB0x7e4
0x11003e	0x11003dB0x1fe0B0xfc2
0x11003f	0x11003dB0x1fe0B0xfc2
0x110040	0x11003dB0x1fe0B0xfc2
0x110041	0x11003dB0x1fe0B0xfc2
0x110063	0x110062B0x2076
0x110064	0x110062B0x2076
0x110065	0x110062B0x2076
0x110066	0x110062B0x2076
0x110088	0x110087B0x7f5
0x110089	0x110087B0x7f5
0x11008a	0x110087B0x7f5
0x11008b	0x110087B0x7f5
0x11008c	0x110087B0x7f5
0x11008d	0x110087B0x7f5
0x11008e	0x110087B0x7f5
0x11008f	0x110087B0x7f5
0x110090	0x110087B0x7f5
0x1100b2	0x1100b1B0x5f3
0x1100b3	0x1100b1B0x5f3
0x1100b4	0x1100b1B0x5f3
0x1100b5	0x1100b1B0x5f3
0x1100b6	0x1100b1B0x5f3
0x1100b7	0x1100b1B0x5f3
0x1100b8	0x1100b1B0x5f3
0x1100b9	0x1100b1B0x5f3
0x1100ba	0x1100b1B0x5f3
0x1100dc	0x1100dbB0x2ef
0x1100dc	0x1100dbB0x345
0x1100dc	0x1100dbB0x472
0x1100dd	0x1100dbB0x2ef
0x1100dd	0x1100dbB0x345
0x1100dd	0x1100dbB0x472
0x1100de	0x1100dbB0x2ef
0x1100de	0x1100dbB0x345
0x1100de	0x1100dbB0x472
0x1100df	0x1100dbB0x2ef
0x1100df	0x1100dbB0x345
0x1100df	0x1100dbB0x472
0x110101	0x110100B0x21ea
0x110101	0x110100B0x419
0x110102	0x110100B0x21ea
0x110102	0x110100B0x419
0x110103	0x110100B0x21ea
0x110103	0x110100B0x419
0x110104	0x110100B0x21ea
0x110104	0x110100B0x419
